compound_id,label,smiles,source_id
DEC_4391,decoy,N#Cc1ccccc1OCC(O)CNCCNC(=O)c1ccc2ccccc2n1,CHEMBL30644
DEC_1747,decoy,Oc1ccc(-c2nc(-c3ccc(F)cc3)c(-c3ccncc3)[nH]2)cc1,CHEMBL278041
DEC_2029,decoy,CCN(CC)CCNc1cc(-c2ccc(C)cc2)nc2ccccc12,CHEMBL278552
DEC_3885,decoy,C/C=C(\NC(=O)C1CC1(Br)Br)C(=O)O,CHEMBL268228
DEC_1554,decoy,CCN(CC)CCCNc1nccc2c(C)c3[nH]c4ccc(O)cc4c3c(C)c12,CHEMBL282444
DEC_0623,decoy,O=NN(CCCl)C(=O)NC1CCCCC1NC(=O)N(CCCl)N=O,CHEMBL267575
DEC_0374,decoy,CC(O)CN(CC(C)O)CC(O)COc1cccc2ccccc12,CHEMBL27118
DEC_1830,decoy,CCN1CCCC1CNC(=O)c1cc(NS(=O)(=O)NC)c(C)cc1OC,CHEMBL14314
DEC_1282,decoy,CC(C)C[C@@H]1NC(=O)N(CC(=O)N[C@H](C(=O)c2nnc(C(C)(C)C)o2)C(C)C)C1=O,CHEMBL284433
DEC_3778,decoy,O=C1c2ccc([N+](=O)[O-])cc2C(=O)N1CCCCCn1c(C2CCNCC2)nc2cc(Cl)c(Cl)cc21,CHEMBL19884
DEC_2770,decoy,Cc1ccc(Cn2cnc3c(Nc4ccccc4)nc(Cl)nc32)cc1,CHEMBL29955
DEC_0788,decoy,CC(C)c1ccc(C(c2ccc(O)cc2)c2ccc(C(C)C)cc(=O)c2O)c(O)c(=O)c1,CHEMBL279771
DEC_3248,decoy,COc1ccc2c(C(=S)N(C)CC(=O)O)cccc2c1C(F)(F)F,CHEMBL436
ACT_043,active,N#Cc1ccc(C[C@H](NC(=O)Nc2ccc(F)cc2)C(=O)N2CCc3cccnc32)cc1,CHEMBL5185462
DEC_2792,decoy,O=C(O)COc1ccc(-c2nsc3ccccc23)c(Cl)c1Cl,CHEMBL25468
DEC_3928,decoy,CCO/C(O)=C1\C(C)=NC(C)=C(C(=O)OCN2C(=O)c3ccccc3S2(=O)=O)C1c1cccc([N+](=O)[O-])c1,CHEMBL81326
DEC_3485,decoy,C=CCOc1ccc(/C=C(\C)C(=O)N[C@@H]2[C@H](O)CCC[C@@H]2O)cc1O,CHEMBL428826
DEC_2499,decoy,CN1CCN(C(=O)CN2C(=O)[C@@H](CC(=O)NCc3cccc4ccccc34)S[C@@H]2c2ccc(Cl)cc2Cl)CC1,CHEMBL42065
DEC_0922,decoy,O=C1c2cccc3c2c(cc2ccoc23)C(=O)N1CCNCCCNCCN1C(=O)c2cccc3c2c(cc2ccoc23)C1=O,CHEMBL27684
DEC_3820,decoy,COc1cc(NS(C)(=O)=O)ccc1Nc1c2ccccc2nc2cc(I)ccc12,CHEMBL295649
DEC_1455,decoy,C#CCN(Cc1ccc2nc(C)nc(O)c2c1)c1ccc(C(=O)N[C@@H](C(=O)O)C(C)(C)C)cc1,CHEMBL6663
DEC_4071,decoy,Cc1c(F)c(N2CCNC(C)C2)cc2c1c(=O)c(C(=O)O)cn2C1CC1,CHEMBL583
DEC_2795,decoy,CN1CCC(O)(c2cc(-c3ccncc3)c(-c3ccc(F)cc3)[nH]2)CC1,CHEMBL284015
DEC_2218,decoy,Nc1nc(N)c2c(CSc3ccc4ccccc4c3)coc2n1,CHEMBL283311
DEC_0850,decoy,Cc1cc2c(s1)CCC(CN[C@H]1CC[C@@H](Oc3ccccc3)[C@H]1O)C2=O,CHEMBL15201
DEC_2293,decoy,Cc1ccc2nc3ccccc3c(Nc3ccc(NS(C)(=O)=O)cc3)c2c1,CHEMBL275715
DEC_4372,decoy,CC(C)NCC(O)COc1ccc(NC(=O)c2cccs2)cc1C(=O)OC(C)C,CHEMBL8110
DEC_0336,decoy,N=C(N)c1ccc2oc(C(=O)N3CCN(C(=O)CCCC(=O)N4CCN(C(=O)c5cc6cc(C(=N)N)ccc6o5)CC4)CC3)cc2c1,CHEMBL110536
DEC_3578,decoy,C#CCN(Cc1cc2c(O)nc(C)nc2cc1C)c1ccc(C(=O)NCc2cccc(C#N)c2)c(F)c1,CHEMBL264095
DEC_2460,decoy,O=S(=O)(NS(=O)(=O)N1CCc2c(Br)cccc2C1)N1CCc2c(Br)cccc2C1,CHEMBL21233
DEC_0676,decoy,CCNC(=O)C1OC(n2cnc3c(N)nc(NCCc4ccc(CCC(=O)O)cc4)nc32)C(O)C1O,CHEMBL281213
DEC_3757,decoy,COc1c(Cl)cc(-c2cc(C(F)F)nn2-c2ccc(S(N)(=O)=O)cc2)cc1Cl,CHEMBL287646
DEC_3545,decoy,Oc1ccc2c(c1)OC[C@@H](N1CCC(O)(Cc3ccccc3)CC1)[C@H]2O,CHEMBL273354
DEC_3830,decoy,CC1(c2ccc(OCC(=O)O)cc2)c2cc(C(=O)O)sc2C(=O)c2c1c1ccccc1n2Cc1ccccc1,CHEMBL278913
DEC_4543,decoy,CC(C)c1ccc(S(=O)(=O)NC(=O)C(c2ccc3c(c2)OCO3)c2cn(C)c3cc(C#N)ccc23)cc1,CHEMBL274758
DEC_2352,decoy,Cn1c(=O)[nH]c2[nH]c(-c3ccc(S(=O)(=O)Oc4ccc([N+](=O)[O-])cc4)cc3)nc2c1=O,CHEMBL417601
DEC_1007,decoy,Cc1ccccc1-c1cc(C(O)(C#Cc2ccc(C#N)cc2)c2cncn2C)ccc1C#N,CHEMBL282349
DEC_2813,decoy,CC(C)(C)NC(=O)C(c1ccc(-c2ccccc2)cc1)N1C(=O)[C@H](CS)NC(=O)[C@@H]1Cc1ccc([N+](=O)[O-])cc1,CHEMBL280824
DEC_2085,decoy,Cn1cncc1[C@@](N)(c1ccc(Cl)cc1)c1ccc2c(c1)c(-c1cccc(Cl)c1)cc(=O)n2C,CHEMBL289228
ACT_048,active,CCOc1cc(-c2nc(C3COB(O)C3)cs2)c(F)cc1OC,CHEMBL5759588
DEC_2994,decoy,CCNCC1CCN(c2c(F)cc3c(=O)c(C(=O)O)cn(C4CCC4)c3c2F)C1,CHEMBL6262
DEC_4474,decoy,O=c1c2c(oc(O)c1C(c1cccc(NS(=O)(=O)c3ncccn3)c1)C1CC1)CCCCCC2,CHEMBL16232
DEC_0319,decoy,COc1cccc2c1C(=O)c1c(O)c3c(c(O)c1C2=O)C[C@@](O)(C(C)=O)C[C@@H]3OC1CC(Br)C(N=[N+]=[N-])C(C)O1,CHEMBL119012
DEC_0920,decoy,C=C(C)[C@@H]1CC[C@]2(C(=O)N[C@@H](CCC(=O)O)C(=O)O)CC[C@]3(C)[C@H](CC[C@@H]4[C@@]5(C)CC[C@H](O)C(C)(C)[C@@H]5CC[C@]43C)[C@@H]12,CHEMBL19093
DEC_3713,decoy,COc1cccc2c1CCC1CN(CCn3c(=O)[nH]c4c(oc5ccccc54)c3=O)CC21,CHEMBL417890
DEC_1178,decoy,CC1(O)OC(=O)C(Sc2ccccc2)=C1c1ccc(S(C)(=O)=O)cc1,CHEMBL18377
DEC_2682,decoy,O=C1N(Cc2cccc(CO)c2)[C@H](Cc2ccccc2)[C@H](O)[C@@H](O)[C@@H](Cc2ccccc2)N1Cc1cccc(CO)c1,CHEMBL285417
DEC_1657,decoy,Nc1nc2c(cnn2CCc2ccc(S(N)(=O)=O)cc2)c2nc(-c3ccco3)nn12,CHEMBL23745
DEC_3589,decoy,O=C(O)c1cccc(Cn2nnc(-c3cccc(CSc4ccc5ccccc5n4)c3)n2)c1,CHEMBL18750
DEC_0126,decoy,OC(c1ccc(F)cc1)C(O)(Cn1cncn1)c1ccc(F)cc1,CHEMBL10691
DEC_0318,decoy,CO[C@H]1/C=C\C=C(/C)C(=O)NC2=CC(=O)C(N3CCC3)=C(C[C@@H](C)C[C@H](OC)[C@H](OC(N)=O)[C@@H](C)/C=C(\C)[C@@H]1OC(N)=O)C2=O,CHEMBL435606
DEC_2168,decoy,CCCCCCCC1(c2ccc(N)cc2)CCC(=O)NC1=O,CHEMBL29338
DEC_1513,decoy,CN(C(=O)[C@H](CC#Cc1ccc(N)nc1)NS(=O)(=O)c1ccc2ccccc2c1)C1CCCC1,CHEMBL7198
DEC_2919,decoy,Clc1ccccc1C1=CCc2ccccc2N=C1N1CCNCC1.O=C(O)/C=C/C(=O)O,CHEMBL277588
DEC_2737,decoy,CC[C@]1(c2ccsc2)OC[C@H]([C@@H]2CCCCN2)O1,CHEMBL282809
DEC_2786,decoy,O=C(O)C1Cc2cc3c(-c4ccccc4Cl)noc3c(Cl)c2O1,CHEMBL266553
DEC_4176,decoy,CC(=N)N1CC[C@H](Oc2ccc([C@H](Cc3ccc4ccc(C(=N)N)cc4c3)C(=O)O)cc2)C1,CHEMBL19902
DEC_1499,decoy,CC1(C)N=C(N)N=C(N)N1c1cccc(OCCCCOc2cccc(C(F)(F)F)c2)c1,CHEMBL6671
DEC_2482,decoy,CN1CCC(=O)N(CC(=O)NCc2cc3cc(C(=O)N4CCC(N5C(=O)OCc6ccccc65)CC4)ccc3o2)C1=O,CHEMBL279782
DEC_0169,decoy,CCCn1c(=O)c2c(nc(C3CCCCC3)n2C)n(CCC)c1=O,CHEMBL22042
DEC_1323,decoy,COC(=O)C1=C(C)N=C(C)/C(=C(\O)OC)C1c1c(F)c(F)c(F)c(F)c1F,CHEMBL24716
DEC_0651,decoy,CC(C)N(C)S(=O)(=O)c1ccc2oc3ccc(C(=O)O)cc3c(=O)c2c1,CHEMBL282026
DEC_3705,decoy,COC(=O)[C@@H]1N2C(=O)[C@@H](NC(=O)c3c(-c4ccccc4Cl)noc3C)[C@H]2SC1(C)C,CHEMBL24174
DEC_1601,decoy,CC(C)(C)c1cc(I)c(O)c(CN)c1,CHEMBL279581
DEC_4494,decoy,CNCC/N=C(\S)Nc1c(Cl)cccc1Cl.O=C(O)/C=C\C(=O)O,CHEMBL284517
DEC_0864,decoy,C#CCN(Cc1ccc2nc(C)nc(O)c2c1)c1ccc(C(=O)NCCC)cc1,CHEMBL265410
DEC_4715,decoy,CC(=O)OCC1CCC(NC(=O)N(CCF)N=O)CC1,CHEMBL274622
DEC_3488,decoy,C/N=C(\NC#N)NCCSCn1nc(-c2ccc(C)cc2)ccc1=O,CHEMBL15545
DEC_4454,decoy,CCCCN(Cc1ccc(-c2ccccc2-c2nn[nH]n2)cc1)c1ncnc2c1nc(C(N)=O)n2C,CHEMBL48606
DEC_1151,decoy,CC(C)(C)c1cc(/C=C2\SC(N=C(N)N)=NC2=O)cc(C(C)(C)C)c1O,CHEMBL16434
DEC_3220,decoy,C#CCN(C1=NCCN1)c1c(Br)cccc1Br,CHEMBL20816
DEC_4763,decoy,CCCc1c(OCCCCOc2cc3c(cc2C(C)=O)CCC(C(=O)O)O3)ccc(C(C)=O)c1O,CHEMBL417372
DEC_4168,decoy,Cn1c2c(c3ccccc31)C(C)(c1cccc(CCCC(=O)O)c1)c1cc(C(=O)O)sc1C2=O,CHEMBL416531
DEC_2004,decoy,CCCCCCCCCc1cccc(N2C(N)=NC(N)=NC2(C)C)c1,CHEMBL20587
DEC_1563,decoy,C=C(c1c(Cl)ccc(Cl)c1OCC(O)CNC(C)C)n1ccnc1,CHEMBL15578
DEC_1336,decoy,CC1(O)OC(=O)C(c2cc3ccccc3s2)=C1c1ccc(S(C)(=O)=O)cc1,CHEMBL277519
DEC_0434,decoy,Cc1nnc2n1-c1sc(-c3cc(O)[nH]n3)cc1C(c1ccccc1Cl)=NC2,CHEMBL32303
DEC_4684,decoy,[O-][P@+]1(N(CCCl)CCCl)NC[C@H](F)CO1,CHEMBL31818
DEC_0002,decoy,O=NN(CCCl)C(=O)NC1C(F)(F)C(F)(F)C(F)(F)C(F)(F)C1(F)F,CHEMBL20533
DEC_2864,decoy,O=c1nc(/N=C/N(c2ccc(F)cc2)c2ccc(F)cc2)ccn1C1CSC(CO)O1,CHEMBL18676
DEC_1660,decoy,C[C@@H](O)[C@H]1C(=O)N2C(C(=O)O)=C(S[C@@H]3CN[C@@H](c4ccc(CN)s4)C3)[C@H](C)[C@H]12,CHEMBL416168
DEC_1437,decoy,CCCCc1nc(Cl)c(C=O)n1Cc1ccc2c(c1)C1c3ccccc3C2C(c2nn[nH]n2)C1c1nn[nH]n1,CHEMBL312784
ACT_041,active,CC(C)(C)OC(=O)N1CCC[C@H](N2CCC(NC(=O)Nc3ccc(Br)cc3)C2=O)C1,CHEMBL5087410
DEC_3561,decoy,C#CCN(Cc1cc2c(O)nc(C)nc2cc1C)c1ccc(C(=O)N[C@@H](C(=O)O)C(C)(C)C)c(F)c1,CHEMBL6436
ACT_009,active,C[C@H]1CN(C)CCN1c1cc(NC(=O)Cn2cc(-c3cc(C(N)=O)c(O)c(Cl)c3F)c3c(=O)n(C)cnc32)c(Cl)cn1,CHEMBL5286263
DEC_2736,decoy,CC1C/C(=N/OCC(O)CNC(C)(C)C)CC(C)(C)C1,CHEMBL24500
DEC_1853,decoy,O=C1C2Oc3c(O)ccc4c3C23CCN(CC2CC2)C(C4)[C@]3(O)CC12Cc1ccc3ccccc3c1C2,CHEMBL297903
DEC_3907,decoy,O=C(O)c1cc(O)c2cc(I)ccc2n1,CHEMBL22555
DEC_3070,decoy,Clc1cccc(Cl)c1Sc1ccc(NC2=NCCN2)cc1,CHEMBL275124
DEC_4482,decoy,C[C@H](NCCc1ccc(N(C)CC(=O)O)c(Cl)c1)[C@H](O)c1ccc(O)cc1,CHEMBL32115
DEC_2966,decoy,CCC(C)C(N)C(=O)N1CCN(CCNc2ccnc3cc(Cl)ccc23)CC1,CHEMBL30971
DEC_2842,decoy,Cc1cc(C(=O)NCCN2CCOCC2)[nH]c1/C=C1\C(=O)N(C)c2ncnc(Nc3ccc(F)c(Cl)c3)c21,CHEMBL443268
DEC_2555,decoy,O=C1N(Cc2cccc(Cn3ccnn3)c2)[C@H](Cc2ccccc2)[C@H](O)[C@@H](O)[C@@H](Cc2ccccc2)N1Cc1ccc2[nH]ncc2c1,CHEMBL78949
DEC_4064,decoy,CC1CN(c2cc3c(cc2F)c(=O)c(C(=O)O)cn3C(C)C)CC(C)N1,CHEMBL15371
DEC_1781,decoy,CO[C@]1(OC(=O)CCN)CC2O[C@]1(C)n1c3ccccc3c3c4c(c5c6ccccc6n2c5c31)C(=O)NC4,CHEMBL54379
DEC_3288,decoy,O=C(O)COc1cccc2c1CCC(CC1C=NC(C(c3ccccc3)c3ccccc3)=N1)C2,CHEMBL11010
DEC_1016,decoy,O=c1oc(Nc2ccccc2I)nc2cc([N+](=O)[O-])ccc12,CHEMBL10065
ACT_079,active,COCCN1CC(NC(=O)Nc2ccc(Cl)cc2)C(c2ccc(F)cc2F)CC1=O,CHEMBL5845036
DEC_3495,decoy,CCn1cc(C(=O)O)c(=O)c2cc(SC)c(N3CCNCC3)cc21,CHEMBL264318
DEC_3886,decoy,O=C(O)c1c(=O)c2cc(F)c(N3CCNCC3)cc2n2ccsc12,CHEMBL28129
DEC_2197,decoy,CN(C)CCN(C)c1ccc2ncn3c4ccc(O)cc4c(=O)c1c23,CHEMBL417602
DEC_4006,decoy,CCCCCCNc1nc(NC(=O)c2cccc(I)c2)c2ncn(C)c2n1,CHEMBL48461
DEC_1069,decoy,Cn1cncc1C(OCc1ccc(C#N)cn1)c1ccc(C#N)c(-c2cccc3ccccc23)c1,CHEMBL43631
DEC_0020,decoy,CN(C)c1ncnc2c1ncn2Cc1cccc(I)c1,CHEMBL268404
DEC_1088,decoy,COc1ccc2c3c1OC1[C@H]4OC[C@@]4(CCCCCc4ccccc4)CC4C(C2)N(C)CCC341,CHEMBL275915
DEC_0018,decoy,CC12CCC(OC=O)CC1CCC1C2CCC2(C)[C@@H](C3=CC(=O)OC3)C(O)CC12O,CHEMBL6383
DEC_1944,decoy,O=C(Cn1c2c(c(=O)n3nc(-c4ccccc4)cc13)CN(C1CCCCC1)C2=O)c1cccc([N+](=O)[O-])c1,CHEMBL46356
DEC_0844,decoy,O=C(O)c1cn(C2CC2)c2c(F)c(N3CCC(=NO)CC3)c(F)cc2c1=O,CHEMBL29051
DEC_0444,decoy,CN1C(=O)C=C[C@]2(C)C3CC[C@@]4(C)C(CC[C@@]4(O)C#CCCCO)C3CCC12,CHEMBL430283
DEC_2229,decoy,Cc1cc(C(c2ccc(C)c(C)c2)N2CCN(C)CC2)sn1,CHEMBL22942
DEC_1981,decoy,O=C(c1ccccc1)c1c(O)n(O)c2cc(NS(=O)(=O)c3cccs3)ccc12,CHEMBL16406
DEC_2870,decoy,O=C1NCN(c2ccccc2)C12CCN(C1CCc3c(Cl)ccc(Cl)c3C1)CC2,CHEMBL283480
DEC_0643,decoy,CN(C)c1ncnc2c1ncn2Cc1ccc(OCc2ccccc2)cc1,CHEMBL266462
DEC_3612,decoy,C[C@@H](O)[C@H]1C(=O)N2C(C(=O)O)=C(S[C@@H]3CN[C@@H](c4ccc(CN)c5ccccc45)C3)[C@H](C)[C@H]12,CHEMBL17700
DEC_1425,decoy,O=[N+]([O-])c1cccc2c1c1ncnc(N3CCN(CCc4ccc(F)c(F)c4)CC3)c1n2CCc1ccccc1,CHEMBL285343
DEC_2558,decoy,O=S(=O)(Nc1ccc(CCNC[C@H](O)c2cccnc2)cc1)c1ccc(-c2nc(-c3c[nH]c4ccccc34)cs2)cc1,CHEMBL291516
DEC_0815,decoy,CCCc1cc2ncnc-2c(O)n1Cc1ccc(-c2ccccc2-c2nn[nH]n2)cc1,CHEMBL286253
DEC_1394,decoy,O=C(O)CCCC(=O)N1CCN(c2ccnc3cc(Cl)ccc23)CCN(c2ccnc3cc(Cl)ccc23)CC1,CHEMBL294940
DEC_1350,decoy,Oc1ccc2c3c1O[C@H]1c4c(c5ccccc5n4Cc4ccccc4N=C=S)C[C@@]4(O)C(C2)N(CC2CC2)CCC314,CHEMBL26648
DEC_1688,decoy,O=C1[C@@H](NS(=O)(=O)c2cc3ncccc3s2)CCN1CCNc1ccncc1,CHEMBL267505
DEC_1833,decoy,Cc1nc2ccccc2c(=O)n1CC(O)CNC(=O)C1=CC(C)(C)NC1(C)C,CHEMBL15620
DEC_4428,decoy,CC(=O)NCc1ccc(-c2csc(NC(=N)NCCN3CCCCC3)n2)o1,CHEMBL25393
DEC_2878,decoy,Cc1cccc(S(=O)(=O)C2(CC#Cc3ccc(Cl)cc3)SC(=O)NC2=O)n1,CHEMBL268766
DEC_4225,decoy,CC(C)NC(=O)c1ccc(CC2CCN(C3CCN(C(=O)c4cccc5[nH]cnc45)CC3)CC2)cc1,CHEMBL53965
DEC_2816,decoy,O=C1N(Cc2ccc3[nH]cnc3c2)[C@H](Cc2ccccc2)[C@H](O)[C@@H](O)[C@@H](Cc2ccccc2)N1Cc1ccc2[nH]cnc2c1,CHEMBL320219
DEC_4594,decoy,O=S1(=O)c2cccc3cccc(c23)N1CCN1CCC(CC2=CCc3ccccc32)CC1,CHEMBL416544
DEC_0674,decoy,Nc1nc(N)c2nc(CNc3ccc(C(=O)NC(CCP(=O)(O)O)C(=O)O)cc3)cnc2n1,CHEMBL27149
DEC_1494,decoy,O=C(Nc1cc(CN2CCCC2)c(O)c(CN2CCCC2)c1)c1ccc([N+](=O)[O-])cc1,CHEMBL29979
DEC_1451,decoy,Cc1cc(/C=C/c2ccccc2OCC(O)CNC(C)(C)CCc2ccc(O)cc2)on1,CHEMBL34939
DEC_0044,decoy,CC1(C)N=C(N)N=C(N)N1c1cccc(OC[C@]23C[C@H]4C[C@H](C[C@H](C4)C2)C3)c1,CHEMBL33205
DEC_2675,decoy,O=C(O)C[C@H](NC(=O)Cn1c(C2CC2)c(Cl)nc(NCc2ccc3c(n2)NCCC3)c1=O)c1ccc2c(c1)OCC2,CHEMBL53003
DEC_3341,decoy,Cc1c(N2CC[C@@H]([C@H](C)N)C2)c(F)c(N)c2c(=O)c(C(=O)O)cn([C@@H]3C[C@@H]3F)c12,CHEMBL7391
DEC_0694,decoy,CCOC(=O)CCCC(=O)O[C@]1(C(=O)CCl)[C@@H](C)CC2C3CCC4=CC(=O)C=CC4(C)[C@@]3(F)[C@@H](O)CC21C,CHEMBL81387
DEC_0932,decoy,Nc1ccc(S(=O)(=O)c2cc(Br)nc(Br)c2)cc1,CHEMBL415464
DEC_0164,decoy,C=CCONC1=NC(=O)/C(=C/c2cc(C(C)(C)C)c(O)c(C(C)(C)C)c2)O1,CHEMBL277515
DEC_1995,decoy,CCN1C(=O)c2c(nc(C#Cc3ccccc3)n2Cc2ccc(O)cc2)N2C1=N[C@@H]1CCC[C@@H]12,CHEMBL26396
DEC_1098,decoy,CCCCc1cn(-c2ccccc2C(C)C)c(=O)n1Cc1ccc(-c2ccccc2-c2nn[nH]n2)nc1,CHEMBL276002
DEC_2056,decoy,CCCN1N=C2/C(=C/c3ccc(C(C)(C)C)cc3)CS(=O)(=O)CC2C1c1ccc(C(C)(C)C)cc1,CHEMBL435570
DEC_3107,decoy,Nc1nc(O)c2nc(C(=O)Nc3ccc(C(=O)NC(CCC(=O)O)C(=O)O)cc3)ccc2n1,CHEMBL22790
DEC_2797,decoy,O=c1cnn(-c2ccc(Sc3ccc(Cl)cc3)c(Cl)c2)c(=O)[nH]1,CHEMBL27585
DEC_4673,decoy,COC(=O)c1cc2cc(S(C)(=O)=O)ccc2n1C(=O)c1ccc(Br)cc1,CHEMBL281910
DEC_3135,decoy,O=C1c2ccccc2C(=O)N1CCCCN1CCN(c2cccc3ccccc23)CC1,CHEMBL26587
DEC_2780,decoy,O=C1NCN(c2ccccc2)C12CCN([C@H]1CCCc3ccccc31)CC2,CHEMBL26638
DEC_3718,decoy,COc1ccc(-c2cc(C(F)(F)F)nn2-c2ccc(S(N)(=O)=O)cc2)cc1OC,CHEMBL282360
DEC_1250,decoy,O=C1OCCN1CCN1C(=O)c2cc([N+](=O)[O-])cc3cc([N+](=O)[O-])cc(c23)C1=O,CHEMBL20354
DEC_3089,decoy,CCc1cc(Br)ccc1C/N=c1\c(O)c(O)\c1=N/C(C)(C)C,CHEMBL281629
DEC_1953,decoy,C/C=C(/C)C(=O)O[C@@]12C[C@@H](C)[C@]3(O)C4C=C(C)C(=O)[C@@]4(O)CC(CO)=C[C@H]3[C@@H]1C2(C)C,CHEMBL415108
DEC_0913,decoy,CC(O)c1c[n+]([O-])ccc1CC(c1ccc(C(O)(C(F)(F)F)C(F)(F)F)cc1)c1ccc(OC(F)F)c(OC(F)F)c1,CHEMBL319858
DEC_0221,decoy,CO[C@H]1[C@H]2O[C@H]2[C@@H](OCC23C[C@@H]4[C@H](C)CC[C@H]4C4(C=O)CC2C=C(C(C)C)C34C(=O)O)O[C@@H]1C,CHEMBL286043
ACT_045,active,CN(C[C@H]1[C@H](C(=O)Nc2ccc(Br)cc2)[C@@H]2C=C[C@H]1C21CC1)C(=O)Cc1ccccc1Cl,CHEMBL3732583
DEC_3702,decoy,CCN1C(=O)c2c(nc(C(=O)NC)n2Cc2ccc(OC)c(Cl)c2)N2C1=N[C@@H]1CCC[C@@H]12,CHEMBL26102
DEC_1997,decoy,CCN1C(=O)c2c(nc(C(F)(F)F)n2Cc2ccc(O)cc2)N2C1=N[C@@H]1CCC[C@@H]12,CHEMBL487704
DEC_1488,decoy,C#CCN(Cc1ccc2nc(C)nc(O)c2c1)c1ccc(C(=O)NCc2ccco2)cc1,CHEMBL264097
DEC_1099,decoy,C=CCOc1ccc(-c2cc3n(Cc4ccccc4)c4c(c(=O)n3n2)CN(C2CCCCC2)C4=O)cc1,CHEMBL416090
DEC_1614,decoy,Oc1ccc(-c2nc3n(c2-c2ccc(O)cc2)CCS3)cc1,CHEMBL17209
DEC_2122,decoy,CN1CCN(CCCN2N=C3/C(=C/c4ccccc4)COCC3C2c2ccccc2)CC1,CHEMBL287223
DEC_4497,decoy,N=C(N)c1ccc(CNC(=O)C2=C(C(=O)N3CCc4ccccc43)CCC2)cc1,CHEMBL277051
DEC_3409,decoy,CCC(C)Nc1nc2ccc(Cl)cc2c2nc(-c3ccco3)nn12.CS(=O)(=O)O,CHEMBL266267
DEC_3368,decoy,CCCC1=NC2(CCCCC2)C(=O)N1Cc1ccc(-c2ccccc2-c2nn[nH]n2)cc1,CHEMBL290614
DEC_4528,decoy,CC(C)(NC(=O)OCc1ccccc1)C(=O)NC(CC(=O)O)C(=O)CF,CHEMBL280373
DEC_3933,decoy,COC(OC)[C@]1(C)Oc2ccc([N+](=O)[O-])cc2[C@@H](N(Cc2ncc[nH]2)c2ccc(Br)cc2)[C@@H]1O,CHEMBL46685
DEC_1670,decoy,N=C(N)c1ccc(C(=O)N2CCC3(CCN(C(=O)CCCCC(=O)O)CC3)CC2)cc1,CHEMBL283692
DEC_1497,decoy,C=CC(=O)Nc1cc2c(Nc3cccc(C)c3)ncnc2cc1OCCCN1CCOCC1,CHEMBL27688
DEC_4076,decoy,CCn1cc(C(=O)O)c(=O)c2cc(F)c(N3CCNCC3)c(Cl)c21,CHEMBL15553
DEC_0047,decoy,Brc1cccc(Br)c1N(Cc1ccco1)C1=NCCN1,CHEMBL20547
DEC_2969,decoy,Cc1cccc(C)c1NC(=O)C(C)NCCCNC(=O)C1=CC(C)(C)NC1(C)C,CHEMBL15615
DEC_4649,decoy,CC(C)(C)C(=O)Oc1ccc(S(=O)(=O)c2ccc(OC(=O)C(C)(C)C)cc2)cc1,CHEMBL9923
DEC_0331,decoy,CC(=O)OC1/C=C\C(C)(O)C(=O)C(C)C/C=C/C2C(O)C(CI)=C(C)C3C(Cc4ccccc4)NC(=O)C123,CHEMBL423423
DEC_0754,decoy,CCCCCc1cc(O)c2c(c1)OC(C)(C)[C@@H]1CCC(CNC)CC21,CHEMBL28077
DEC_2141,decoy,Brc1cccc(Nc2ncnc3cc4c(ccn4CCN4CCOCC4)cc23)c1,CHEMBL40130
DEC_2982,decoy,C#CCN(Cc1ccc2nc(C)nc(O)c2c1)c1ccc(C(=O)NCc2ccccc2)cc1,CHEMBL6829
DEC_1643,decoy,CCCC(=N)Nc1nnc(-c2ccccc2C(F)(F)F)s1,CHEMBL275781
DEC_3984,decoy,CCCCCc1nc2c(n1Cc1ccc(-n3cccc3-c3nn[nH]n3)cc1)/C(=C/C(=O)O)CCCC2,CHEMBL42984
DEC_1440,decoy,CO[C@@H]1C(=O)N([C@@H](C2SCCCS2)C2OC(C)(C)OC2C2COC(C)(C)O2)[C@@H]1/C(C)=C/c1ccccc1,CHEMBL314222
DEC_2514,decoy,c1ccc2nc(COc3ccc(Cc4nnn[nH]4)cc3)ccc2c1,CHEMBL19136
DEC_2750,decoy,O=C1N[C@@H]2CCCC[C@H]2N1C1CCN(CC2CCCCCCC2)CC1,CHEMBL280778
DEC_1753,decoy,O=c1cnn(-c2cc(Br)c(Sc3ccc([N+](=O)[O-])cc3)c(Br)c2)c(=O)[nH]1,CHEMBL282517
DEC_4394,decoy,CC/N=C(\NC#N)NCCSCCCn1nc(-c2ccccc2)ccc1=O,CHEMBL15195
DEC_0005,decoy,C(=C1\CCCN(c2ccc(C3=NCCN3)cc2)C1)\c1ccc(C2=NCCN2)cc1,CHEMBL24250
DEC_4655,decoy,COc1ccc(C#CCC2(S(=O)(=O)c3ccc(C)cc3)SC(=O)NC2=O)cc1,CHEMBL275099
DEC_3403,decoy,CN(C)CCOc1cc2c(Nc3cccc(Br)c3)c(C#N)cnc2cn1,CHEMBL31118
DEC_1586,decoy,COc1ccccc1-c1[nH]c(-c2ccc([S+](C)[O-])cc2)nc1-c1ccncc1,CHEMBL17135
DEC_2248,decoy,CC(C)OC1=C(c2ccc(S(C)(=O)=O)cc2)C(C)(C)OC1=O,CHEMBL10345
DEC_2416,decoy,C#CC(C)Oc1ccc(S(=O)(=O)N(C)c2c(C)cc(Br)cc2C(=O)NO)cc1,CHEMBL19279
DEC_1175,decoy,OCCCN1CCN(C2=Nc3ccccc3Cn3c2cc2ccccc23)CC1,CHEMBL429052
DEC_1194,decoy,NS(=O)(=O)c1ccc(-n2nc(C(F)(F)F)cc2-c2cccc(F)c2)cc1,CHEMBL29620
DEC_2977,decoy,CS(=O)(=O)Nc1ccc(-c2nc(-c3ccc(F)cc3)c(-c3ccncc3)[nH]2)cc1,CHEMBL17493
DEC_2165,decoy,Cc1ccc(C(O)C(O)(Cn2cncn2)c2ccc(C)cc2)cc1,CHEMBL273720
DEC_0122,decoy,O=[N+]([O-])c1ccc(S(=O)(=O)Nc2cc(Cl)cc3cc[nH]c23)cc1,CHEMBL20923
DEC_1679,decoy,C[C@@H](O)[C@H]1C(=O)N2C(C(=O)O)=C(S[C@@H]3CN[C@@H](Cc4ccc(CN)cc4)C3)[C@H](C)[C@H]12,CHEMBL268234
DEC_3733,decoy,O=C1NCCN1CCN1CC=C(c2cn(-c3ccc(F)cc3)c3ccc(Cl)cc23)CC1,CHEMBL12186
DEC_4203,decoy,CCN(CC)C(=O)c1cccc(-c2ccc3c(c2)[C@@H]2[C@@H](CCCCC(=N)N)C(=O)N(C(=O)OC)[C@H]2C3)c1,CHEMBL295886
DEC_0902,decoy,O=C1N(Cc2ccc(CO)cc2)[C@H](CC2CCCCC2)[C@H](O)[C@@H](O)[C@@H](CC2CCCCC2)N1Cc1ccc(CO)cc1,CHEMBL308695
DEC_2621,decoy,CC(O)(c1ccc(Cl)cc1)C(O)(Cn1cncn1)c1ccc(Cl)cc1Cl,CHEMBL10324
DEC_3019,decoy,COc1ccc(N(/C=N/c2ccn(C3CSC(CO)O3)c(=O)n2)c2ccc(OC)cc2)cc1,CHEMBL18509
DEC_2970,decoy,CCN(C(=O)C1=C(C(=O)NCc2ccc(C(=N)N)cc2)CCC1)c1ccccc1C,CHEMBL265586
DEC_0659,decoy,Nc1nc(O)c2c(n1)NCC(CNc1ccc(C(=O)NC(CCP(=O)(O)O)C(=O)O)cc1)C2,CHEMBL38902
DEC_2894,decoy,Cc1cc(-c2cc(C(F)(F)F)nn2-c2ccc(S(N)(=O)=O)cc2)cc2c1OCO2,CHEMBL29403
DEC_2791,decoy,CCCc1cc2c(cc1O)C(C)(C)C(CCc1ccc(S(C)(=O)=O)cc1)O2,CHEMBL25296
DEC_2524,decoy,C=CCN1CCN(c2cc3c(cc2F)c(=O)c(C(=O)O)cn3CC)CC1,CHEMBL29189
DEC_0658,decoy,Nc1nc(O)c2c(n1)NCC(CNc1ccc(C(=O)NC(CCS(=O)(=O)O)C(=O)O)cc1)C2,CHEMBL417696
DEC_3297,decoy,CCCCC1=NC2(CCCC2)CC(=O)N1Cc1ccc(-c2ccccc2-c2nn[nH]n2)cc1,CHEMBL42200
DEC_4317,decoy,CC(C)=CC[C@@H](OC(=O)c1ccccc1)C1=CC(=O)c2c(O)ccc(O)c2C1=O,CHEMBL8805
DEC_0472,decoy,CCN(CCCCCC(F)F)CCC[C@H](O)c1ccc(NS(C)(=O)=O)cc1,CHEMBL13676
DEC_1062,decoy,CC(C)C1=CC2CC3(C=O)[C@@H]4CC[C@@H](C)[C@H]4CC2(CO[C@H]2C[C@H]4[C@H](OC[C@@H]4C)[C@@H](C)O2)C13C(=O)O,CHEMBL430956
DEC_0206,decoy,CC(=O)OCC/C(COC(C)=O)=C(\CC1(C)C(C)CCC2(C)C1CCCC2(O)CO)OC(C)=O,CHEMBL416628
DEC_4069,decoy,Cc1ccc(-c2csc(-n3ncc(C(=O)NCCCO)c3C)n2)cc1,CHEMBL9897
DEC_0794,decoy,CN(C)CCCNc1[nH]c2ccccc2c2nc3c(ccc4ccc([N+](=O)[O-])cc43)c1-2,CHEMBL274335
DEC_1504,decoy,CCNC(=O)N(CCCN(C)C)C(=O)[C@@H]1C[C@@H]2c3cc(C(C)(C)C)cc4[nH]cc(c34)C[C@H]2N(C)C1,CHEMBL276013
DEC_2739,decoy,Cl.c1ccc(COc2noc3c2CNCC3)cc1,CHEMBL6587
DEC_2983,decoy,O=C(O)c1ccc(S(=O)(=O)Nc2cccc(OCc3ccc4ccccc4n3)c2)cc1,CHEMBL17358
DEC_0975,decoy,Cc1c(C(=O)c2cccc3ccccc23)c2ccccc2n1CCN1CCOC(O)C1,CHEMBL12566
DEC_4165,decoy,Cn1c2c(c3ccccc31)C(C)(c1cccc(CC(=O)O)c1)c1cc(C(=O)O)sc1C2=O,CHEMBL278707
DEC_4111,decoy,CCc1cc(NCc2ccc(-c3ccccc3-c3nn[nH]n3)cc2)c(I)c(CC)n1,CHEMBL33459
DEC_1334,decoy,O=C1NC(=O)C(CC#Cc2ccccc2)(S(=O)(=O)c2ccc(F)cc2)S1,CHEMBL12244
DEC_1916,decoy,O=C(O)C(=O)[C@H]1Cc2ccc([N+](=O)[O-])cc2CN1S(=O)(=O)c1ccc(-c2ccc(Cl)cc2)cc1,CHEMBL293571
DEC_1994,decoy,O=C1[C@@H](NS(=O)(=O)c2ccc(-c3ccncc3)s2)CCN1Cc1cc2[nH]cccc-2n1,CHEMBL8433
DEC_0195,decoy,CCCc1cc2c(cc1O)C(C)(C)C(CCSCCC(=O)O)O2,CHEMBL25172
DEC_1736,decoy,Cc1[nH]c2ccccc2c1CCNCC(O)c1cccc(Cl)c1,CHEMBL26175
DEC_0755,decoy,CCCCCc1cc(O)c2c(c1)OC(C)(C)[C@@H]1CC[C@H](CNC)CC21,CHEMBL281702
DEC_4375,decoy,CCCOC(=O)c1cc(NC(=O)c2cccs2)ccc1OCC(O)CNC(C)(C)C,CHEMBL8093
DEC_0725,decoy,CO[C@]1(OC(=O)CCCN(C)C)CC2O[C@]1(C)n1c3ccccc3c3c4c(c5c6ccccc6n2c5c31)C(=O)NC4,CHEMBL291556
DEC_3537,decoy,CCS(=O)(=O)c1ccc(OC)c(-c2ccc(CN3CCCCCC3)[nH]2)c1,CHEMBL279039
DEC_3715,decoy,C=CCN1CCCC1CNC(=O)c1c(OC)c(Br)cc(OC)c1OC,CHEMBL16135
DEC_0930,decoy,C1CCC(NC2CCCCC2)CC1.NS(=O)(=O)c1cc(S(=O)(=O)O)c(NCc2ccco2)cc1Oc1ccccc1,CHEMBL17950
DEC_0289,decoy,Cc1ccc(S(=O)(=O)N(C)NP(=O)(Oc2ccccc2)Oc2ccccc2)cc1,CHEMBL23323
DEC_0068,decoy,OC(COc1cccc2ccccc12)CN1CCC(Sc2ccccc2)CC1,CHEMBL29087
DEC_1237,decoy,CCCCn1nc(CCc2ccccc2)nc1Cc1ccc(-c2ccccc2-c2nn[nH]n2)cc1,CHEMBL267555
DEC_1845,decoy,CNC(C)C1CCN(c2cc3c(c(N)c2F)c(=O)c(C(=O)O)cn3C2CC2)C1,CHEMBL15197
DEC_4309,decoy,O=C1O[C@H](c2ccc(Cl)cc2)[C@@](Cn2cncn2)(c2ccc(Cl)cc2)O1,CHEMBL10531
DEC_2697,decoy,CC(C)CCCNc1cc(C(=O)Nc2cc(C(=O)Nc3cc(C(=O)NCCCN(C)C)n(C)c3)n(C)c2)n(C)c1,CHEMBL430610
DEC_4421,decoy,CCNCC1CCN(c2c(F)c(N)c3c(=O)c(C(=O)O)cn4c3c2OCC4C)C1,CHEMBL278649
DEC_0970,decoy,O=c1cnn(-c2ccc(Sc3ccc(Br)cc3)c(Cl)c2)c(=O)[nH]1,CHEMBL26020
DEC_3600,decoy,O=C(O)C(=O)[C@H]1Cc2ccc([N+](=O)[O-])cc2CN1S(=O)(=O)c1ccc(-c2ccc(F)cc2)cc1,CHEMBL301014
DEC_1367,decoy,C[C@@H]1C[C@@]23O[C@]2(c2ccccc21)C1CC(OC(=O)[C@H](O)[C@@H](NC(=O)OC(C)(C)C)c2ccccc2)C3(C)C1(C)C,CHEMBL31413
DEC_0776,decoy,CS(=O)(=O)c1ccc(C2=C(c3cncc(Br)c3)C(=O)CC2)cc1,CHEMBL24381
DEC_3385,decoy,O=C(O)CCC/C=C\C[C@H]1[C@H](F)CC[C@@H]1NS(=O)(=O)c1ccccc1[N+](=O)[O-],CHEMBL20212
DEC_0758,decoy,CO[C@]1(c2cc(F)cc(Sc3ccc(/C(C)=N/O)cc3)c2)CCO[C@@H](C)C1,CHEMBL282773
DEC_2822,decoy,O=C1N(Cc2ccc(O)cc2)[C@H](Cc2ccccc2)[C@H](O)[C@@H](O)[C@@H](Cc2ccccc2)N1Cc1ccc(O)cc1,CHEMBL35860
DEC_2388,decoy,CNCc1ccc([C@H]2C[C@H](SC3=C(C(=O)O)N4C(=O)[C@H]([C@@H](C)O)[C@H]4[C@H]3C)CN2)s1,CHEMBL17552
DEC_0909,decoy,CCc1c(C)c2[nH]c1cc1[nH]c(cc3nc4c(c5nc(c2C=O)[C@@H](C)[C@@H]5CCC(=O)OC)CCC4=C3C)C(O)(CC)C1(C)O,CHEMBL94911
DEC_2576,decoy,O=S(=O)(Nc1ccc(CCNC[C@H](O)c2cccnc2)cc1)c1ccc(-c2cnc(Cc3cc(F)c(F)c(F)c3)o2)cc1,CHEMBL289316
DEC_2872,decoy,NS(=O)(=O)c1ccc(-n2nc(C(F)(F)F)cc2-c2ccc3c(c2)CCCS3)cc1,CHEMBL29469
DEC_4265,decoy,N#Cc1c(-c2ccc(Cl)cc2)c(-c2ccc(Cl)cc2)nn(CCO)c1=O,CHEMBL31742
DEC_3967,decoy,CS(=O)(=O)OCCN(CCCl)c1ccc(C(=O)N[C@@H](CCC(=O)O)C(=O)O)cc1,CHEMBL12842
DEC_0617,decoy,O=NN(CCCl)C(=O)NC1CCC(NC(=O)N(CCCl)N=O)CC1,CHEMBL12577
DEC_2222,decoy,Cc1ccncc1C1=C(c2ccc(S(C)(=O)=O)cc2)CCC1=O,CHEMBL276976
DEC_4493,decoy,CCNC(C)C1CCN(c2cc3c(c(N)c2F)c(=O)c(C(=O)O)cn3C2CC2)C1,CHEMBL15312
DEC_3223,decoy,CC(C)c1csc2c1C(N1CCN(C)CC1)=Nc1cc(F)ccc1N2,CHEMBL276753
DEC_3408,decoy,O=C(/C=C/c1ccc(O)c(O)c1)O[C@H]1CCCC[C@@H]1OC(=O)/C=C/c1ccc(O)c(O)c1,CHEMBL31607
DEC_1565,decoy,c1ccc(-c2ccc(COc3cccc(OCCCc4nnn[nH]4)c3)nc2)cc1,CHEMBL18196
DEC_4672,decoy,COc1cccc2c1C1CCN(CCCCN3C(=O)c4ccccc4S3(=O)=O)CC1C2,CHEMBL14010
DEC_1677,decoy,C/C=C/C1=C(C(=O)O)N2C(=O)[C@@H](NC(=O)[C@H](N)c3ccc(O)cc3)[C@H]2SC1,CHEMBL276568
DEC_2340,decoy,CS(=O)(=O)Nc1ccc([N+](=O)[O-])cc1OCc1ccc2ccccc2n1,CHEMBL279820
DEC_0980,decoy,Cn1cc(C2=C(c3cn(CCCO)c4ccccc34)C(=O)NC2=O)c2ccccc21,CHEMBL6205
DEC_3105,decoy,O=C(/C=C/c1ccc(O)c(O)c1)NC(COC(=O)/C=C/c1ccc(O)c(O)c1)C(=O)O,CHEMBL416207
DEC_0184,decoy,Nc1nc2c(cnn2CCc2ccccc2)c2nc(-c3ccco3)nn12,CHEMBL17127
DEC_0197,decoy,CC(/C=C/C(=O)C1=C(O)CN(C)C1=O)=C\c1ccnc2ccccc12,CHEMBL10387
DEC_3981,decoy,CC(C)CNS(=O)(=O)c1ccc2c(c1)/C(=C/c1[nH]c3c(c1CCCN(C)C)CCCC3)C(=O)N2,CHEMBL299724
DEC_1259,decoy,CSc1nc2nc(NS(=O)(=O)c3ccc(Cl)cc3)nn2c(N)c1C#N,CHEMBL273513
DEC_3732,decoy,O=C1N(CC2CCC2)[C@H](Cc2ccccc2)[C@H](O)[C@@H](O)[C@@H](Cc2ccccc2)N1CC1CCC1,CHEMBL287355
DEC_4530,decoy,O=NN(CCCl)C(=O)NC(Cc1ccc(O)cc1)C(=O)NCCCl,CHEMBL431489
DEC_0222,decoy,CO[C@H]1[C@H]2O[C@H]2[C@H](OCC23C[C@@H]4[C@H](C)CC[C@H]4C4(C=O)CC2C=C(C(C)C)C34C(=O)O)O[C@@H]1C,CHEMBL283401
DEC_3093,decoy,Nc1nc(N)c(-c2cccc(Cl)c2)c(CCCc2ccccc2)n1,CHEMBL21921
DEC_0238,decoy,CCCCn1c(=O)[nH]c2[nH]c(-c3ccc(S(=O)(=O)Oc4ccc([N+](=O)[O-])cc4)cc3)nc2c1=O,CHEMBL412854
DEC_4172,decoy,CN(CC(=O)O)Cc1c[nH]c2cc3ncnc(Nc4cccc(Br)c4)c3cc12,CHEMBL289213
DEC_2359,decoy,C[C@@H](O)[C@H]1C(=O)N2C(C(=O)O)=C(S[C@@H]3CN[C@H](COc4ccc(CN)cc4)C3)[C@H](C)[C@H]12,CHEMBL14057
DEC_1290,decoy,COc1cc(N2CCN(c3cc(OC)c(OC)c(OC)c3)CC2)cc(OC)c1OC,CHEMBL267229
DEC_2269,decoy,Cc1ccc2nc(Nc3ccccc3I)oc(=O)c2c1,CHEMBL10340
DEC_1268,decoy,COc1c(C)cnc(C[S+]([O-])c2nc3ccccc3n2CCN2CCOCC2)c1C,CHEMBL269173
DEC_4108,decoy,[N-]=[N+]=Nc1ccc(S(=O)(=O)Nc2cccc(C(c3c(O)oc4c(c3=O)CCCCCC4)C3CC3)c2)cc1,CHEMBL16361
DEC_4667,decoy,O=C(CCCn1c2c(c3ccccc31)C(=O)CN1CCCCC21)NCC(F)(F)F,CHEMBL34678
DEC_2852,decoy,O=C1NC(=O)C(CC#Cc2ccc(Cl)cc2)(S(=O)(=O)c2ccc3ccccc3c2)S1,CHEMBL275071
DEC_3987,decoy,CC(C)=CCN1C(=NC#N)N(CC=C(C)C)[C@H](Cc2ccccc2)[C@H](O)[C@@H](O)[C@H]1Cc1ccccc1,CHEMBL34656
DEC_2824,decoy,CN1CCN(CCCNc2ncc3cc(-c4c(Cl)cccc4Cl)c(NC(=O)NC(C)(C)C)nc3n2)CC1,CHEMBL57347
DEC_0194,decoy,CCCCC[C@@H]1/C=C\C2[C@H](O)CC(=O)[C@@H]2CCCCCCC(=O)O1,CHEMBL12731
DEC_0332,decoy,C[C@]12CCC(=O)C=C1CCC1C2=CC[C@@]2(C)C1CC[C@]2(O)C(=O)CN1CCN(Cc2ncccc2O)CC1.O=C(O)/C=C/C(=O)O,CHEMBL15015
DEC_1306,decoy,Cn1nc2nc(N)n3nc(-c4ccco4)nc3c2c1Nc1ccc(O)cc1,CHEMBL283572
DEC_4555,decoy,C[C@@H](NC(=O)c1ccc(-c2cc(C(F)(F)F)nn2C)s1)[C@](O)(Cn1cncn1)c1ccc(F)cc1F,CHEMBL266006
DEC_4369,decoy,COc1cc(Cc2cnc(N)nc2N)cc(OCCCCCCC(=O)O)c1Br,CHEMBL31713
DEC_2596,decoy,O=S(=O)(Nc1ccc(CCNC[C@H](O)c2cccnc2)cc1)c1ccc(-c2nc(CCc3ccccc3)cs2)cc1,CHEMBL59270
DEC_2539,decoy,Fc1ccc(-c2ncn(CCCN3CCOCC3)c2-c2ccncc2)cc1,CHEMBL14112
DEC_1213,decoy,CC(=O)O[C@H]1CC[C@](C)(C2CC[C@@]3(C)C(CC[C@@H]3[C@H](C)CCCC(C)C)[C@@H]2CC(=O)O)C(=O)O1,CHEMBL296574
DEC_1501,decoy,CC1=CC2[C@H](C(O)CC3(C)[C@H]2C[C@@H](C)[C@]3(O)C(=O)CO)C2(C)Cc3cnn(-c4ccccc4)c3C=C12,CHEMBL279092
DEC_2363,decoy,CN(c1ccccc1)c1cc(NCc2ccco2)c(S(=O)(=O)O)cc1S(N)(=O)=O.N,CHEMBL18605
DEC_0446,decoy,CCCc1cc(=O)oc2c3c(c4c(c12)OC(C)(C)C=C4)O[C@H](C)C(C)(C)[C@H]3O,CHEMBL267679
DEC_4452,decoy,O=c1c2c(oc(O)c1C(c1cccc(NS(=O)(=O)c3cscn3)c1)C1CC1)CCCCCC2,CHEMBL278687
ACT_008,active,O=C(NCCCCN1CCCC1)[C@H]1[C@H](C(=O)NCCC2=CCCCC2)[C@@H]2C=C[C@H]1C21CC1,CHEMBL3727975
DEC_0328,decoy,CC(C)C[C@H]1C(=O)N2c3ccccc3[C@@](O)(C[C@@H]3NC(=O)c4ccccc4-n4c3nc3ccccc3c4=O)[C@H]2N1C(=O)CCC(=O)O,CHEMBL301427
DEC_4619,decoy,O=S(=O)(CCC(F)(F)C(F)(F)F)c1nc(-c2ccccc2)c(-c2ccccc2)[nH]1,CHEMBL276742
DEC_2114,decoy,C(=C/c1ccc2ccccc2n1)\c1ccc(OCc2ccccc2Cc2nnn[nH]2)cc1,CHEMBL275866
DEC_1276,decoy,O=C1C(N2CC2)=C(N2CC2)C(=O)c2c(OS(=O)(=O)c3cccs3)cccc21,CHEMBL35317
DEC_4155,decoy,CC(Cl)(Cl)c1nc2c(C(F)(F)F)cccc2c(O)c1C(=O)Nc1nccs1,CHEMBL34946
DEC_0097,decoy,c1cc(COc2cccc(OCc3ccc4ccccc4n3)c2)cc(Cc2nnn[nH]2)c1,CHEMBL18671
DEC_4019,decoy,CC(C)CN1CCN(c2cc3c(cc2F)c(=O)c(C(=O)O)cn3-c2ccc(F)cc2F)CC1,CHEMBL14979
DEC_2140,decoy,CCCCCCC[C@H]1OC(=O)C[C@@H](O)[C@H](Cc2ccccc2)N(C)C(=O)COC(=O)[C@H]1C,CHEMBL290049
DEC_3201,decoy,COc1ccc2[nH]c3c(C)c4ccnc(NCCCN5CCN(CCCN)CC5)c4cc3c2c1,CHEMBL19777
DEC_0878,decoy,Cc1c(F)c(N2CCC(C)(CN)C2)cc2c1c(=O)c(C(=O)O)cn2C1CC1,CHEMBL16559
DEC_3918,decoy,CC(C)C1=CC2CC3(C=O)[C@@H]4CC[C@@H](C)[C@H]4CC2(CO[C@H]2CN(S(=O)(=O)C4CC4)[C@H](C)CO2)[C@]13C(=O)O,CHEMBL33928
DEC_2703,decoy,CC1CC(OCC(O)CNC(C)(C)C)CC(C)(C)C1,CHEMBL25929
DEC_4641,decoy,COC1(c2cc(F)cc(Sc3ccc4c(c3)OCC/C4=N\O)c2)CCOCC1,CHEMBL24358
DEC_3956,decoy,CCCn1c(=O)c2nc(-c3cc(NC(=O)Cc4ccc([N+](=O)[O-])cc4)nn3C)[nH]c2n(CCC)c1=O,CHEMBL287493
DEC_1144,decoy,CC(C)(C)OC(=O)N[C@@H](Cc1ccccc1)[C@@H](O)C[C@@H](Cc1ccccc1)c1nc(C(=O)c2ccccc2)c[nH]1,CHEMBL432179
DEC_4358,decoy,CN(C)CCCNC(=O)c1cccc2c1Oc1c(C(=O)NCCCN(C)C)cccc1C2(C)C,CHEMBL15302
DEC_0918,decoy,CC(C)C[C@@H]1OC(=O)C(C)(C)CNC(=O)[C@@H](CCc2ccccc2)NC(=O)/C=C/C[C@@H]([C@H](C)[C@H]2O[C@@H]2c2ccccc2)OC1=O,CHEMBL88030
DEC_0627,decoy,C=CCCC(=O)O[C@H](CC=C(C)C)C1=CC(=O)c2c(O)ccc(O)c2C1=O,CHEMBL276448
DEC_2641,decoy,O=P(O)(O)C(F)(F)c1ccc(CC(c2ccccc2)n2nnc3ccccc32)cc1,CHEMBL9363
DEC_4028,decoy,Cc1c(C(=O)NCCO)nn(-c2ccc(Cl)cc2Cl)c1-c1ccc(Br)cc1,CHEMBL285486
DEC_4007,decoy,O=S(=O)(c1ccc(F)cc1)N1Cc2ccccc2N(Cc2c[nH]cn2)C(CCc2ccccc2)C1,CHEMBL267942
DEC_0302,decoy,CCCCc1nn(CCC)c(C(=O)O)c1Cc1ccc(-c2ccccc2-c2nn[nH]n2)cc1,CHEMBL22796
DEC_2636,decoy,NS(=O)(=O)c1ccc(-n2nc(C(F)(F)F)cc2-c2ccc(CO)cc2)cc1,CHEMBL745
DEC_0452,decoy,CC(C)CCN(C1=NCCN1)c1c(Br)cccc1Br,CHEMBL20907
DEC_2519,decoy,O=S(=O)(Nc1cccc(Oc2ccccn2)c1)C(F)(F)F,CHEMBL17732
DEC_3112,decoy,COc1cccc2c1CCC[C@H]2CN(C)CCc1ccc2c(c1)CCS2(=O)=O,CHEMBL10066
ACT_042,active,CCOC(=O)C1(Cc2ccc(Br)cc2)CCN(S(=O)(=O)c2c(C)nn(C)c2C)CC1,CHEMBL3973051
DEC_3351,decoy,NCC1CCN(c2c(F)c(N)c3c(=O)c(C(=O)O)cn(C4CC4)c3c2F)C1,CHEMBL15391
DEC_2322,decoy,CCNCCc1c[nH]c(CCC(c2ccccc2)c2ccccc2)n1,CHEMBL11515
ACT_074,active,Cc1ccc(NC(=O)[C@H]2[C@H](C(=O)NCCC(N)=O)[C@H]3C=C[C@@H]2C32CC2)nc1,CHEMBL3729765
DEC_4163,decoy,O=S(=O)(Nc1c(O)nc2cc(C(F)(F)F)ccc2c1Cc1ccccc1)C(F)(F)F,CHEMBL39042
DEC_4119,decoy,O=c1c2c(oc(O)c1C(c1cccc(NS(=O)(=O)c3ccc4ccccc4c3)c1)C1CC1)CCCCCC2,CHEMBL280104
DEC_1889,decoy,CO[C@H]1[C@H](O)[C@H]2[C@@H](O[C@@H]1CO)n1c3ccccc3c3c4c(c5c6ccccc6n2c5c31)C(=O)N(C)C4=O,CHEMBL283823
DEC_3132,decoy,O=[N+]([O-])c1cc(-c2nnc3c4ccccc4c(N4CCCC4)nn23)ccc1Cl,CHEMBL409557
DEC_0483,decoy,CC(C)(CCCOc1ccc(OCCCC(C)(C)C(=O)O)c(C(=O)O)c1)C(=O)O,CHEMBL8196
DEC_1952,decoy,C#C/C=C(\c1ccc(S(C)(=O)=O)cc1)c1ccc2nc(N)n(S(=O)(=O)C(C)C)c2c1,CHEMBL36685
DEC_2424,decoy,C[C@]12CCC(=O)C=C1CCC1C2=CC[C@@]2(C)C1CC[C@]2(O)C(=O)CN1CCN(CCO)CC1,CHEMBL280509
DEC_1589,decoy,Cc1cc(OCCCc2nnn[nH]2)cc(OCc2ccc3ccccc3n2)c1,CHEMBL275385
DEC_2175,decoy,CC(C)CCCc1nc2c([nH]1)N1C(=N[C@@H]3CCC[C@@H]31)N(C)C2=O,CHEMBL278254
DEC_4274,decoy,COc1c(C)cnc(C[S+]([O-])c2nc3ccccc3n2COC(C)=O)c1C,CHEMBL10209
DEC_2598,decoy,COc1cc(CCC[C@H]2C(=O)N[C@H](C(=O)c3ccccc3)Cc3ccc(cc3)OCCCC[C@@H]2C(=O)NO)cc(OC)c1OC,CHEMBL329232
DEC_0990,decoy,CCCCC[C@@H](O)/C(F)=C\[C@@H]1[C@@H](C/C=C\CCCC(=O)OC)[C@@H](O)C[C@H]1O,CHEMBL11455
ACT_062,active,Cc1cccc(C2(NC(=O)N[C@@H]3C(=O)NC[C@H]3c3c(F)cc(Br)cc3F)CC2)n1,CHEMBL5265888
DEC_0157,decoy,CCN(CC)c1nc(C)nc2c1sc(=O)n2-c1c(C)cc(C)cc1C,CHEMBL17897
DEC_1223,decoy,Cc1noc(NS(=O)(=O)c2ccccc2-c2ccc(-c3ncco3)cc2CNc2ccncn2)c1C,CHEMBL29464
DEC_4441,decoy,CCCCc1nc2ccc([N+](=O)[O-])cc2c(=O)n1Cc1ccc(-c2ccccc2-c2nn[nH]n2)cc1,CHEMBL24488
ACT_037,active,C[C@H](Nc1cc(C(N)=O)nc(N2CCC(C3Cc4ccccc4C3)CC2)n1)C(N)=O,CHEMBL5763552
DEC_4398,decoy,CCN(CC)CCNc1ccc2ncn3c4cc(OC)c(OC)c(O)c4c(=O)c1c23,CHEMBL8602
DEC_0198,decoy,CC1(C)N=C(N)N=C(N)N1c1cccc(SCc2ccc(Cl)cc2)c1,CHEMBL21077
DEC_3117,decoy,O=C1c2ccccc2N(COCc2ccccc2)S(=O)(=O)N1Cc1ccccc1,CHEMBL8542
DEC_1295,decoy,CCN(CC)CCNc1ccc2ncn3c4c(OC)ccc(OC)c4c(=O)c1c23,CHEMBL8150
DEC_3786,decoy,COC(=O)[C@@]1(C)CCC[C@@]2(C)C1CC[C@H](CO)[C@@H]2CCc1ccc2c(OC(C)=O)ccc(OC(C)=O)c2c1,CHEMBL277660
DEC_3419,decoy,CS(=O)(=O)NC[C@H]1CC[C@H](Nc2nc(Nc3ccccc3)c3ccccc3n2)CC1,CHEMBL17632
DEC_3280,decoy,Cc1cc(C)n(CCCC2(C)COC(c3nc(-c4ccccc4)c(-c4ccccc4)[nH]3)OC2)n1,CHEMBL281752
DEC_2946,decoy,C[C@H](N)C(=O)N[C@@H]1CN(c2cc3c(cc2F)c(=O)c(C(=O)O)cn3-c2ccc(F)cc2F)[C@H]1C,CHEMBL280163
DEC_0350,decoy,COc1ccc(C[C@H]2NC(=O)/C=C/C[C@@H]([C@H](C)C3OC3c3ccccc3)OC(=O)[C@H](CC(C)C)NC(=O)CCNC2=O)cc1,CHEMBL52870
DEC_1888,decoy,O=C1CCC(c2ccccc2)(C2CCN(Cc3cccc(I)c3)CC2)C(=O)N1,CHEMBL10278
DEC_0496,decoy,CCN(CCCCCC(C)(F)F)CCCC(O)c1ccc(NS(C)(=O)=O)cc1,CHEMBL417617
DEC_1516,decoy,Cc1cn(C2OC(COC(c3ccccc3)(c3ccccc3)c3ccccc3)C(F)C2O)c(=O)[nH]c1=O,CHEMBL42844
DEC_3995,decoy,Cn1cc(C2=C(c3cn(C4CCN(CC5CC5)CC4)c4ccccc34)C(=O)NC2=O)c2ccccc21,CHEMBL55394
DEC_3541,decoy,COc1ccc2c(c1O)-c1cccc3c1C(C2)N(CCOCCCl)CC3,CHEMBL7206
DEC_4222,decoy,CC1CCN(C(=O)N(Cc2cccc(C(=N)NO)c2)NS(=O)(=O)c2ccc3ccccc3c2)CC1,CHEMBL38491
DEC_1139,decoy,O=C(/C=C/c1ccc(Cl)c(Cl)c1)NCCCCCN1CCC(c2c[nH]c3cc(O)ccc23)CC1,CHEMBL51332
DEC_1674,decoy,CCCCN1CCCC1CNC(=O)c1cc(S(N)(=O)=O)cc2c1OCCN2C,CHEMBL280879
DEC_0277,decoy,CCCN(CCNS(=O)(=O)c1ccc(C)cc1)C1COc2cccc(OC)c2C1,CHEMBL280608
DEC_1009,decoy,CN1CC=C(c2c(O)cc(O)c3c(=O)cc(-c4ccccc4Br)oc23)CC1,CHEMBL8958
DEC_3405,decoy,N#Cc1ccc(-c2ccc(OCC(CN3C(=O)c4ccccc4C3=O)N(O)C=O)cc2)cc1,CHEMBL38717
DEC_3686,decoy,CC(C)[C@H](NC(=O)Cn1c(-c2ccc(F)cc2)nccc1=O)C(=O)c1nnc(C2(C)CC2)o1,CHEMBL23080
DEC_3494,decoy,CN1CN(C)c2nc3n(Cc4ccccc4)c(O)c(CCO)c(=O)n3c2C1=O,CHEMBL14109
DEC_3111,decoy,CC1(C)C=C(n2ccccc2=O)c2cc(S(=O)(=O)Oc3ccccc3)ccc2O1,CHEMBL11983
DEC_0856,decoy,OC(c1ccc(Cl)cc1)C(O)(Cn1cncn1)c1ccc(Cl)cc1,CHEMBL269459
DEC_3330,decoy,COc1c(N2C[C@@H]3CCCN[C@@H]3C2)c(F)cc2c(=O)c(C(=O)O)cn(C3CC3)c12,CHEMBL32
ACT_066,active,Nc1nc(N)c(NC(=O)Nc2ccc(C(=O)N[C@H](C(=O)O)C3CCCCC3)nc2)c(=O)[nH]1,CHEMBL5853502
DEC_2281,decoy,COc1cccc2c1N[C@H](c1c[nH]c3ccc(Br)cc13)[C@@H]1CCO[C@H]21,CHEMBL25343
DEC_3003,decoy,CC[C@@]1(O)C(=O)OCc2c1cc1n(c2=O)Cc2cc3c(CNC4CCCCC4)c(O)ccc3nc2-1,CHEMBL276477
DEC_3074,decoy,CC(C)C(C)(O)C(O)(Cn1cncn1)c1ccc(Cl)cc1Cl,CHEMBL10562
DEC_3880,decoy,O=C1Nc2ccccc2C(=O)N2Cc3[nH]c4ccccc4c3CC12,CHEMBL283533
DEC_1362,decoy,C=C1/C(=C/C=C2/CCC[C@@]3(C)C2CCC3[C@H](C)C[C@H]2C[C@](C)(O)C(=O)N2Cc2ccccc2)C[C@@H](O)C[C@@H]1O,CHEMBL314009
DEC_0966,decoy,O=C(c1ccc(Cl)cc1Cl)C(O)(Cn1cncn1)c1ccccc1Cl,CHEMBL269405
DEC_2052,decoy,CCC(c1ccc(O)c(I)c1)C(CC)c1ccc(O)c(I)c1,CHEMBL6295
DEC_3291,decoy,CC(C)(O)c1ccc(C(Cc2cc[n+]([O-])cc2)c2ccc(OC(F)F)c(OC(F)F)c2)cc1,CHEMBL289023
DEC_1095,decoy,Fc1ccc(/C=C/CN2CCN(CCOC(c3ccc(F)cc3)c3ccc(F)cc3)CC2)cc1,CHEMBL41237
DEC_1761,decoy,C/C=C(/C)C(=O)O[C@@]12C[C@@H](C)[C@]3(O)C4C=C(C)C(=O)[C@@]4(O)CC(COC(C)=O)=C[C@H]3[C@@H]1C2(C)C,CHEMBL6504
DEC_1453,decoy,C#CCN(Cc1ccc2nc(C)nc(O)c2c1)c1ccc(C(=O)NCc2ccsc2)cc1,CHEMBL6317
DEC_4540,decoy,Cc1c(Sc2ccccc2)n(COCCN(C(=O)c2ccccc2)C(=O)c2ccccc2)c(=O)[nH]c1=O,CHEMBL301651
DEC_1176,decoy,C=CCc1c(O)n(Cc2ccc(F)cc2)c2nc3c(n2c1=O)C(=O)N(C)CN3C,CHEMBL276577
DEC_2411,decoy,CC(C)/N=C(\N)c1ccc(N2CCCN(c3ccc(/C(N)=N/C(C)C)cc3)CC2)cc1,CHEMBL9341
DEC_0252,decoy,COc1cc(O)c2c(c1)C(=O)c1cc(CN(CCCl)CCCl)cc(OC)c1C2=O,CHEMBL40977
DEC_4113,decoy,CC(C)CC(c1cccc(NS(=O)(=O)c2ccc(F)cc2)c1)c1c(O)c2c(oc1=O)CCCCCC2,CHEMBL279192
DEC_3037,decoy,O=C(Cn1c(Cl)cnc(NCC(F)(F)c2cccc[n+]2[O-])c1=O)NCc1ccccc1F,CHEMBL282837
DEC_0272,decoy,O=C(O)[C@@H]1C[C@@H](Sc2ccccc2)CN1C(=O)CP(=O)(O)CCCCc1ccccc1,CHEMBL276109
DEC_1559,decoy,CC(C)NC(C)C(O)COc1ccccc1-c1nc2ccccc2s1,CHEMBL281555
ACT_098,active,Cc1nn(C)c(C)c1S(=O)(=O)N1CCC(Nc2ccc(Cl)c(Cl)c2)CC1,CHEMBL3986936
DEC_3876,decoy,Cc1cc(C#N)ccc1/N=c1\c(O)c(O)\c1=N/[C@H](C)C(C)(C)C,CHEMBL273362
DEC_1230,decoy,COc1ccc2c3c1OC1[C@H](O)[C@](CO)(CCCCc4ccccc4)CC4C(C2)N(CC2CC2)CCC341,CHEMBL427651
DEC_1035,decoy,O=S(=O)(c1ccccc1)c1c(O)nnc(-c2ccccc2)c1-c1ccccc1,CHEMBL280606
ACT_019,active,CCCCOc1ccc(C(=O)NN2Cc3ccccc3NC2c2ccc(O)cc2)cc1,CHEMBL3590215
DEC_2149,decoy,c1cc(OCc2ccc(Cc3nnn[nH]3)cc2)cc(OCc2ccc3ccccc3n2)c1,CHEMBL18405
DEC_1973,decoy,CSc1ccc(C#CCC2(S(=O)(=O)c3ccc(F)cc3)SC(=O)NC2=O)cc1,CHEMBL275021
DEC_2299,decoy,O=S(=O)(Nc1ccc(OCc2ccc3ccccc3n2)cc1)C(F)(F)F,CHEMBL278933
DEC_0661,decoy,CC(=O)NCC(=O)NCC(=O)N[C@@H](C)C(=O)N[C@@H](CC(=O)O)C(=O)Nc1ccc2c(C)cc(=O)oc2c1,CHEMBL44687
DEC_3402,decoy,CN1CCN(c2ccc(-c3cc(NCCN4CCCC4)c4ccccc4n3)cc2)CC1,CHEMBL268553
DEC_0520,decoy,CCc1c2c(nc3ccc(N)cc13)-c1cc3c(c(=O)n1C2)COC(=O)[C@]3(O)CC,CHEMBL281768
DEC_2440,decoy,O=C1[C@@H](NS(=O)(=O)c2cc3ccnc(Cl)c3s2)CCN1Cc1cc2cc[nH]cc-2n1,CHEMBL266806
DEC_1799,decoy,COC(=O)c1c(C)[nH]c2c1[C@@]13C[C@@H]1CN(C(=O)c1cc4cc(OC)c(OC)c(OC)c4[nH]1)C3=CC2=O,CHEMBL35670
DEC_3020,decoy,CC1(C)C2CC1[C@]1(C)OB([C@H](CCCN=C(N)N)NC(=O)c3ccc(-c4ccccc4)o3)O[C@@H]1C2,CHEMBL40364
DEC_3959,decoy,O=C(O)CC(NC(=O)CNC(=O)CCCNc1ccccn1)c1cccc([N+](=O)[O-])c1,CHEMBL9737
ACT_072,active,CCC[C@H](NC(=O)Nc1ccc(Br)cc1)c1nccn1CC(=O)OCC,CHEMBL5967187
DEC_0863,decoy,C=C(c1cc(Cl)cc(C)c1OCC(O)CNC(C)(C)C)n1ccnc1,CHEMBL15326
DEC_0809,decoy,CN(C)C1CCC(Nc2nc(Nc3cccc(Br)c3)c3ccccc3n2)CC1,CHEMBL284457
DEC_2247,decoy,Cc1nc(-c2ccc(S(N)(=O)=O)cc2)c(-c2ccccc2)s1,CHEMBL17062
DEC_1798,decoy,O=S(=O)(c1ccccc1)N1C[C@@H](CN2CCC3(CC2)C[S+]([O-])c2ccccc23)[C@@H](c2ccccc2)C1,CHEMBL284380
DEC_4701,decoy,CC(CS)C(=O)N(CC(=O)O)C1CSCCSC1,CHEMBL278993
DEC_4256,decoy,CS(=O)(=O)c1ccc(-c2cc(C(F)F)nn2-c2ccc(S(N)(=O)=O)cc2)cc1,CHEMBL28084
DEC_2134,decoy,c1cc(OCc2ccc3ccccc3n2)cc(OCc2ccccc2OCc2nn[nH]n2)c1,CHEMBL19072
DEC_2071,decoy,N#CN=C1N(Cc2ccccc2)[C@H](Cc2ccccc2)[C@H](O)[C@@H](O)[C@@H](Cc2ccccc2)N1Cc1ccccc1,CHEMBL32143
DEC_0503,decoy,CCN(CCCCC(C)(C)F)CCCC(O)c1ccc(NS(C)(=O)=O)cc1,CHEMBL13099
DEC_2954,decoy,C=CCN1C(=O)N(CC=C)[C@H](Cc2ccccc2)[C@H](O)[C@@H](O)[C@H]1Cc1ccccc1,CHEMBL284314
ACT_097,active,COc1ccc(-n2c(-c3ccccc3)cnc2NC(=O)c2ccc(OC(F)F)cc2)cc1,CHEMBL5542471
DEC_4237,decoy,O=C(OCN1C(=O)c2ccccc2S1(=O)=O)c1c(Cl)cccc1Cl,CHEMBL274085
DEC_4689,decoy,CC(=O)O[C@H]1O[C@@H]2O[C@@H](OC(C)=O)[C@@H]3CC[C@H]([C@@H]1C)[C@H]23,CHEMBL11492
DEC_0550,decoy,CC(C)[C@@H](N)C(=O)OC1Cc2c(cccc2N(C)CC#CC#CC(C)(C)C)NC1=O,CHEMBL34818
DEC_4193,decoy,N=C(N)c1ccc(OCCCOc2ccc(C(=N)N)cc2Br)c(Br)c1,CHEMBL30044
DEC_1619,decoy,O=C(O)c1ccc2c(c1)c1c3c(cc4c1n2C(=O)CC4)CNCC3,CHEMBL287863
DEC_0971,decoy,CCn1cc(C(=O)O)c(=O)c2cc(F)c(N3CCNC(C(F)F)C3)c(F)c21,CHEMBL32833
DEC_0747,decoy,CN(C)c1ccc(-c2nnc3c4ccccc4c(N4CCCC4)nn23)cc1,CHEMBL14237
DEC_0502,decoy,Cc1cc(/C=C/c2ccccc2OCC(O)CNC(C)CCc2ccccc2)on1,CHEMBL285257
DEC_1039,decoy,CSc1ccc(C2=C(c3ccc(S(C)(=O)=O)cc3)C(C)(O)OC2=O)cc1,CHEMBL277118
DEC_2635,decoy,CN1CCC23c4c5ccc(O)c4OC2[C@H](O)[C@](CO)(CCc2ccccc2)CC3C1C5,CHEMBL9636
DEC_2729,decoy,CCCCCC1(c2ccc(N)cc2)CCC(=O)NC1=O,CHEMBL25735
DEC_3656,decoy,Cc1cnc(NCC(F)(F)c2ccc(F)cc2)c(=O)n1CC(=O)NCc1cnc(N)cn1,CHEMBL19740
DEC_2805,decoy,N#CN=C1N(Cc2ccc(O)cc2)[C@H](Cc2ccccc2)[C@H](O)[C@@H](O)[C@@H](Cc2ccccc2)N1Cc1ccc(O)cc1,CHEMBL285154
DEC_1820,decoy,CCn1c(C)c(C(=O)NCCC(=O)O)s/c1=N\C(=O)c1ccc(C(=N)N)cc1,CHEMBL7997
DEC_3166,decoy,CCCCc1nc2ccc(N(C)C)cc2c(=O)n1Cc1ccc(-c2ccccc2-c2nn[nH]n2)cc1,CHEMBL25000
DEC_1703,decoy,CCCCCc1cc(O)c2c(c1)OC(C)(C)[C@@H]1C[C@H](O)C(C)CC21,CHEMBL10866
DEC_0803,decoy,O=C(O)c1ccc(O)c(C(=O)/C=C/c2ccccc2OCc2ccc3ccccc3n2)c1,CHEMBL274292
DEC_2667,decoy,COCn1cc(NC(=O)c2cc(NC3=CC4=NCCc5cn(C)c(c54)C3=O)cn2COC)cc1C(=O)NCCCN(C)C,CHEMBL69116
DEC_1400,decoy,C=C(CC[C@H](O)[C@@]1(C)CC[C@H](C(C)(C)O)O1)[C@H]1CC[C@H]2O[C@@H]([C@]3(C)CC[C@](OC)(C(C)C)O3)CC[C@]2(C)O1,CHEMBL279258
DEC_1774,decoy,COC(=O)N[C@@H](c1ccsc1)[C@@H](O)C(=O)OC1CC2C(C)(C)C1(C)[C@@]13CC(C)c4ccccc4[C@@]21O3,CHEMBL430529
DEC_3815,decoy,N#CN=C1N(CC2CCCCC2)[C@H](Cc2ccccc2)[C@H](O)[C@@H](O)[C@@H](Cc2ccccc2)N1CC1CCCCC1,CHEMBL286456
DEC_3853,decoy,Cn1c(Cc2ccc(C(=N)N)cc2)nc2cc(NS(=O)(=O)c3cc(C(F)(F)F)cc(C(F)(F)F)c3)ccc21,CHEMBL48717
DEC_3361,decoy,c1ccc2nc(COc3ccc(COc4ccc(-c5nn[nH]n5)cc4)cc3)ccc2c1,CHEMBL18339
DEC_0585,decoy,C#C[C@]1(O)CCC2C3CCC4=CC(=O)CCC4=C3C(c3cccs3)CC21C,CHEMBL16886
ACT_053,active,COc1cc(F)c([C@@H]2CN(c3c(OC)ccn(C)c3=O)C(=O)[C@H]2NC(=O)NC2CCc3cc(Cl)ccc3C2)c(F)c1,CHEMBL5567096
DEC_1927,decoy,COCc1nc(N2CCN(CCc3ccc(F)c(F)c3)CC2)c2c(n1)c1c(Cl)nccc1n2C,CHEMBL25905
DEC_3894,decoy,CC(C)(/N=c1\c(O)c(O)\c1=N/c1ccc(C#N)cc1)c1ccccc1,CHEMBL18829
DEC_3556,decoy,CCCCCCOc1ccc2c3c1OC1C(O)C=CC4C(C2)N(C)CCC341,CHEMBL29548
DEC_0323,decoy,CNC(=O)O[C@H]1/C(C)=C/[C@H](C)[C@@H](O)[C@@H](OC)C[C@H](C)CC2=C(NCCN(C)C)C(=O)C=C(NC(=O)/C(C)=C/C=C\[C@@H]1OC)C2=O,CHEMBL197795
DEC_0167,decoy,CCCC1(CCC)C(=O)C(C(=O)C(C)C)=C(O)C(C(=O)C(C)C)=C1O,CHEMBL20022
DEC_2498,decoy,CC(=O)N1C(C(=O)NCC(=O)O)CC(=O)c2cc(C)ccc2N(Cc2ccccc2)C(=O)C1CC12CC3CC(CC(C3)C1)C2,CHEMBL434988
DEC_0543,decoy,CN1CCC23c4c5ccc(O)c4O[C@H]2[C@@H](OC2CCCC(C(=O)O)O2)C=C[C@H]3[C@H]1C5,CHEMBL440787
DEC_4609,decoy,Cn1cncc1C(OCc1ccc(C#N)c(-c2cccc(Cl)c2)n1)c1ccc(C#N)cc1,CHEMBL288523
DEC_3060,decoy,Cc1cccc(C)c1OCC(C)NC(=O)C1CC(C)(C)NC1(C)C,CHEMBL278511
DEC_1676,decoy,CCOc1c(N2CCC(C)(CN)C2)c(F)c(N)c2c(=O)c(C(=O)O)cn(C3CC3)c12,CHEMBL15480
DEC_3613,decoy,COC(=O)/C(C#N)=C/c1cc(OC)c(O)c(-c2cc(/C=C(\C#N)C(=O)OC)cc(OC)c2O)c1,CHEMBL41523
DEC_4682,decoy,[O-][P@+]1(N(CCCl)CCCl)NC[C@@H](Cl)CO1,CHEMBL31565
DEC_3203,decoy,O=C1c2ccccc2C(=O)N1CCCn1c(C2CCNCC2)nc2cc(Cl)c(Cl)cc21,CHEMBL282906
DEC_3588,decoy,O=C1NC(=O)C(CC#Cc2ccc(C(F)(F)F)cc2)(S(=O)(=O)c2ccc(Cl)cc2)S1,CHEMBL11995
DEC_2031,decoy,O=C(O)CCC/C=C\CC1=CCC[C@@H]1NS(=O)(=O)c1ccccc1,CHEMBL21057
DEC_2296,decoy,NS(=O)(=O)c1ccc(-n2nc(C(F)F)cc2-c2ccc(Cl)cc2)cc1,CHEMBL433428
DEC_0830,decoy,Nc1nc(N)c(-c2cccc(Cl)c2)c(CCOCCCOc2ccccc2)n1,CHEMBL22403
DEC_0792,decoy,Cc1cc(C)cc(-c2[nH]c3ccccc3c2CCNCCCCc2cncnc2)c1,CHEMBL275920
DEC_0265,decoy,O[C@H]1c2ccccc2CC[C@H]1CN1CCN(CCOC(c2ccccc2)c2ccccc2)CC1,CHEMBL416022
DEC_2967,decoy,O=C(NCCCOc1ccc2nc(O)ccc2c1)N(C1CC1)[C@H]1CC[C@H](O)CC1,CHEMBL432471
DEC_0601,decoy,COc1c(Cl)c(OCC(F)(F)F)nc(C(Cl)(Cl)Cl)c1Cl,CHEMBL11565
DEC_0212,decoy,NC(=O)c1cc(N(CCBr)CCBr)c([N+](=O)[O-])cc1[N+](=O)[O-],CHEMBL23612
DEC_1375,decoy,CC(C)NC(=O)N[C@@H](c1ccccc1)[C@@H](O)C(=O)OC1CC2C(C)(C)C1(C)[C@@]13C[C@H](C)c4ccccc4[C@@]21O3,CHEMBL31680
DEC_3375,decoy,CCN(CC)CCNC(=O)c1c(C)[nH]c(/C=C2\C(=O)Nc3ccc(F)cc32)c1C,CHEMBL535
DEC_2341,decoy,CN(C)CCCCNc1c2ccccc2nc2cccc([N+](=O)[O-])c12,CHEMBL416011
DEC_1029,decoy,CSc1c(Cl)nc(NCc2ccc(C(C)(C)C)cc2)nc1N1CCN(C)CC1,CHEMBL418221
DEC_3828,decoy,CCCCc1nc2cc(C3=NN(Cc4ccc(-c5ccccc5-c5nn[nH]n5)cc4)C(=O)CC3C)ccc2[nH]1,CHEMBL26449
ACT_089,active,NCc1cccc(CNC(=O)[C@H]2[C@H](C(=O)NCc3ccc(Br)cc3)[C@@H]3C=C[C@H]2C32CC2)c1,CHEMBL3732601
DEC_1160,decoy,CCc1c2c(nc3cnccc13)-c1cc3c(c(=O)n1C2)COC(=O)[C@]3(O)CC,CHEMBL12926
DEC_2712,decoy,CCCN(CCC)CC1CCc2c1ccc(O)c2O,CHEMBL31332
DEC_2574,decoy,CC(C)(O)c1cccc(CN2C(=O)N(Cc3cccc(C(C)(C)O)c3)[C@H](Cc3ccccc3)[C@H](O)[C@@H](O)[C@H]2Cc2ccccc2)c1,CHEMBL431831
DEC_3924,decoy,CCN(/C=C1\C(=O)O[C@H](COC)[C@@]2(C)C1=C(O)C(=O)C1=C2[C@H](OC(C)=O)C[C@]2(C)C(=O)CC[C@@H]12)CC,CHEMBL276865
DEC_3317,decoy,O=C(O)COC1CCN(C(=O)N2CCC3(CC2)CCN(c2ccncc2)C3)CC1,CHEMBL12631
DEC_1124,decoy,O=C1N(Cc2cccc(O)c2)[C@H](CCc2ccccc2)[C@@H](O)[C@@H](Cc2ccccc2)N1Cc1cccc(O)c1,CHEMBL289762
DEC_3854,decoy,C=C1C[C@@]23O[C@]2(c2ccccc21)C1CC(OC(=O)[C@H](O)[C@@H](NC(=O)CCC)c2ccccc2)C3(C)C1(C)C,CHEMBL283402
DEC_3376,decoy,O=c1nc(/N=C/N(c2ccccc2)c2ccccc2)ccn1C1CSC(CO)O1,CHEMBL278480
DEC_1779,decoy,CC[C@@]1(O)C(=O)OCc2c1cc1n(c2=O)Cc2cc3c(CN(C)c4ccccc4)c(O)ccc3nc2-1,CHEMBL10250
DEC_1769,decoy,C[C@@H]1CC2C3CCC4=CC(=O)C=CC4(C)[C@@]3(F)C(O)CC2(C)[C@@]1(OC(=O)c1ccco1)C(=O)CCl,CHEMBL436548
DEC_4014,decoy,Cc1cc(O)cc(C)c1CC(N)C(=O)N1Cc2cc(-c3cc4ccccc4o3)ccc2C[C@H]1C(=O)O,CHEMBL46160
DEC_4484,decoy,C[C@@H](NCCc1ccc(OCC(=O)O)c(Cl)c1)[C@@H](O)c1ccc(O)cc1,CHEMBL13560
DEC_1192,decoy,COc1cccc2c1OCCC2CN1CCC2(CC1)C(=O)NCN2c1ccccc1,CHEMBL279368
DEC_4331,decoy,CC1(C)CC1C(=O)N/C(=C\CCCCCC/C=C(\NC(=O)C1CC1(C)C)C(=O)O)C(=O)O,CHEMBL11961
DEC_1269,decoy,COCCN(CCOC)c1nc(C)nc2c1sc(=O)n2-c1c(C)cc(C)cc1C,CHEMBL17656
DEC_2093,decoy,Fc1ccc(C(c2ccc(F)cc2)N2CCN(CCCN3CCc4c([nH]c5ccccc45)C3)CC2)cc1,CHEMBL12460
DEC_3802,decoy,CCc1cc(OCc2ccc(-c3ccccc3-c3nn[nH]n3)cc2)c(I)c(CC)n1,CHEMBL285560
DEC_1480,decoy,OC1CCCN(CCCNc2nc(Nc3nc(-c4ccccc4)cs3)nc3ccccc23)C1,CHEMBL31280
DEC_2490,decoy,CSc1ccc2c(c1Cl)CN(S(=O)(=O)NS(=O)(=O)N1CCc3ccc(SC)c(Cl)c3C1)CC2,CHEMBL20516
DEC_1426,decoy,CCCCc1nc2ccn(Cc3ccccc3[N+](=O)[O-])c(=O)c2n1Cc1ccc(-c2ccccc2-c2nn[nH]n2)cc1,CHEMBL296472
DEC_2891,decoy,CCc1nc(O)n(C(=O)Cc2ccccc2)c1C(=O)c1ccc(-n2ccnc2C)cc1,CHEMBL279714
DEC_1435,decoy,CC1(CCCCN2CCN(c3ncccn3)CC2)COC(c2nc(-c3ccccc3)c(-c3ccccc3)[nH]2)OC1,CHEMBL286434
DEC_0584,decoy,CN(c1nc2ccccc2c(=O)o1)c1ccccc1I,CHEMBL10768
DEC_2961,decoy,O=S(=O)(Nc1cccc(OCCNc2ccncc2)c1)c1ccc(Cl)cc1,CHEMBL23252
DEC_2258,decoy,CCC(c1ccc(O)cc1)C(CC)c1ccc(O)c(I)c1,CHEMBL267937
DEC_4600,decoy,CC(C)c1cccc(C(C)C)c1N1CN(C(c2ccccc2)c2ccccc2)CC1=O,CHEMBL12818
DEC_4103,decoy,CCN(CC)Cc1cc(Nc2cc(C(F)(F)F)nc(Nc3nc4cc(Cl)c(Cl)cc4[nH]3)n2)ccc1O,CHEMBL26762
DEC_3418,decoy,COc1cc2nc(N3CCN(/C(S)=N/c4ccc(N=[N+]=[N-])cc4)CC3)nc(N)c2cc1OC,CHEMBL6313
DEC_4615,decoy,Cc1c(/C=C/CN(C)C)nc(O)c2c1ccc1nc(Nc3c(Cl)cccc3Cl)n(C)c12,CHEMBL287175
DEC_1992,decoy,CN1CCC23c4c5ccc(O)c4OC2[C@H](O)[C@](CO)(CCCc2ccccc2)CC3C1C5,CHEMBL9836
DEC_0959,decoy,CC(O)(c1ccc(F)cc1)C(O)(Cn1cncn1)c1ccc(Cl)cc1Cl,CHEMBL418706
DEC_1858,decoy,O=C1NC(=O)C(CC#Cc2ccc(F)cc2)(S(=O)(=O)c2ccc(Br)cc2)S1,CHEMBL275072
DEC_2673,decoy,C[C@H](Cc1ccc(OCP(=O)(O)c2ccccc2)cc1)NC[C@H](O)COc1ccc(O)c(NS(C)(=O)=O)c1,CHEMBL62091
DEC_1913,decoy,O=C(c1cc(Cc2ccccc2)cc(CN2CCCS2(=O)=O)c1)c1ncc2cccnc2c1O,CHEMBL32865
DEC_3873,decoy,CNS(=O)(=O)c1ccc2oc3ccc(C(=O)O)cc3c(=O)c2c1,CHEMBL23763
DEC_0612,decoy,Cc1cc(C)cc(Sc2c(C(C)C)c(=O)[nH]c(=O)n2COCCO)c1,CHEMBL276108
DEC_1481,decoy,CC(=O)NCCCCCNc1ccc(NCCN(C)C)c2c1C(=O)c1ccccc1C2=O,CHEMBL28839
DEC_2065,decoy,O=S(=O)(c1ccccc1)N1C[C@H](CN2CCC3(CC2)CSc2ccccc23)[C@@H](c2ccccc2)C1,CHEMBL287515
DEC_4337,decoy,O=C(O)CCCCCC[C@@H]1[C@@H](CC[C@@H](O)CCc2cccc(C(F)(F)F)c2)[C@H](O)C[C@@H]1O,CHEMBL39784
DEC_0201,decoy,Cc1cc(C(c2cccc([N+](=O)[O-])c2)N2CCN(C)CC2)sn1,CHEMBL417106
DEC_0787,decoy,C=C1/C(=C\C=C2/CCCC3(C)C2CCC3[C@@H](C)OCCCC(C)(C)O)C[C@@H](O)C[C@@H]1O,CHEMBL34066
DEC_2317,decoy,c1cc(OCCCc2nnn[nH]2)cc(OCc2cnc3ccccc3c2)c1,CHEMBL18420
DEC_3607,decoy,CCc1ccc2c(c1)CC=C(c1ccccc1)C(N1CCN(C(C)C)CC1)=N2.O=C(O)/C=C/C(=O)O,CHEMBL16588
DEC_0670,decoy,C#CCN(CC1CNc2nc(N)nc(O)c2N1)c1ccc(C(=O)NC(CCC(=O)O)C(=O)O)cc1,CHEMBL23784
DEC_4565,decoy,CN(C[C@H]1CC[C@H](CNc2nc(N)c3ccccc3n2)CC1)S(=O)(=O)c1cccc2ccccc12,CHEMBL17911
DEC_0596,decoy,Cc1c2cnccc2c(C)c2c1c1ccccc1n2CCN1CCOCC1,CHEMBL283210
DEC_0151,decoy,O=C(O)[C@@H]1C[C@H]2C[C@@H](c3ccc(Cc4nnn[nH]4)cc3)CC[C@H]2CN1,CHEMBL16243
DEC_0998,decoy,CCCC(=O)N[C@@H](Cc1ccc(O)cc1)C(=O)NCCCCCCCCN,CHEMBL16259
DEC_2735,decoy,c1ccc(CN2CC(C3=NCCN3)Oc3ccccc32)cc1,CHEMBL13893
ACT_016,active,Nc1nc(N)c(CC(=O)Nc2cnc(C(=O)N[C@@H](CCC(=O)O)C(=O)O)c(C(F)(F)F)c2)c(=O)[nH]1,CHEMBL6032931
DEC_4050,decoy,Cc1c(F)c(N2CCNCC2)cc2c1c(=O)c(C(=O)O)cn2C1CC1,CHEMBL16052
DEC_0928,decoy,O=C1N(Cc2cccc(/C=N\O)c2)[C@H](Cc2ccccc2)[C@H](O)[C@@H](O)[C@@H](Cc2ccccc2)N1Cc1cccc(/C=N/O)c1,CHEMBL305125
DEC_1438,decoy,CCCCc1nc2ccc([C@H]3[C@@H]4C(=O)CC[C@@H]4ON3C)cc2c(=O)n1Cc1ccc(-c2ccccc2-c2nn[nH]n2)cc1,CHEMBL53174
DEC_2659,decoy,CC(=O)O.CCOCOCCC1(O)C(=O)OCc2c1cc1n(c2=O)Cc2c-1nc1ccccc1c2CCNC(C)C,CHEMBL300396
DEC_4356,decoy,CCCc1c(OCCCOc2ccc(C(=O)CCC(=O)O)c(F)c2)ccc(C(C)=O)c1O,CHEMBL38581
DEC_4443,decoy,COC(OC)[C@@]1(C)Oc2ccc([N+](=O)[O-])cc2[C@H](N(Cc2ncc[nH]2)c2ccc(Cl)cc2)[C@H]1O,CHEMBL43658
DEC_4044,decoy,O=C(O)c1cccn1-c1cc2nc(O)c(O)nc2cc1C(F)(F)F,CHEMBL13176
DEC_3083,decoy,O=C(O)c1c(O)nnc(-c2ccc(Cl)cc2)c1-c1ccc(Cl)cc1,CHEMBL31398
DEC_4506,decoy,O=C(O)CCC/C=C\C[C@@H]1[C@@H](NS(=O)(=O)c2ccc(Cl)cc2)CC[C@@H]1O,CHEMBL277717
DEC_3004,decoy,CCCn1c(=O)[nH]c2[nH]c(-c3ccc(S(=O)(=O)Oc4cccc([N+](=O)[O-])c4)cc3)nc2c1=O,CHEMBL8495
DEC_3161,decoy,OC(Cn1cncn1)(c1ccc(Cl)cc1Cl)C(O)(c1ccc(F)cc1)c1cccs1,CHEMBL275068
DEC_4745,decoy,CCCc1c(OCCCOc2ccc3c(c2CCC)OC(C(=O)O)CC3)ccc(C(C)=O)c1O,CHEMBL15507
DEC_4431,decoy,CCCSC1=Nc2ccccc2S(=O)(=O)N1Cc1ccc(-c2ccccc2-c2nn[nH]n2)cc1,CHEMBL13921
DEC_2943,decoy,Cc1ccc(C#Cc2ccc(S(=O)(=O)NC(CC#Cc3ccccc3)C(=O)O)cc2)cc1,CHEMBL10180
DEC_4102,decoy,Oc1ccc2c(Cc3ccc(CN4CCCC4)c(O)c3)c(-c3ccc(OCCN4CCCC4)cc3)sc2c1,CHEMBL19242
DEC_4091,decoy,C/C1=C/CC[C@]2(C)[C@@H]([C@H](C)COC(=O)c3ccccc3)CC[C@H]2c2ccc(cc2C(=O)O)C[C@@H](O)CC1,CHEMBL43841
DEC_4440,decoy,Cc1noc(NS(=O)(=O)c2ccccc2-c2ccc(-c3ncco3)cc2Cn2ccnc2)c1C,CHEMBL30009
DEC_1148,decoy,CC(C)c1cccc(C(C)C)c1NC(=O)NCC(NC(=O)c1ccc2ccccc2[n+]1[O-])c1ccccc1,CHEMBL300081
DEC_4750,decoy,CCCc1c(OCCCOc2ccc3ccc(OCCCC(=O)O)cc3c2)ccc(C(C)=O)c1O,CHEMBL432127
DEC_0419,decoy,COC1(c2cc(F)cc(Sc3ccc4c(c3)CC/C4=N\O)c2)CCOCC1,CHEMBL28066
DEC_2906,decoy,COc1cc([C@H]2c3[nH]c4ccccc4c3C[C@H]3C(=O)N4CCC[C@H]4C(=O)N23)cc(OC)c1O,CHEMBL40266
DEC_1870,decoy,COC(=O)[C@@]1(O)C[C@H]2O[C@]1(C)n1c3ccccc3c3c4c(c5c6ccccc6n2c5c31)C(=O)NC4,CHEMBL281948
DEC_0063,decoy,CCCCc1nc(Cc2ccc(-c3ccccc3-c3nn[nH]n3)cc2)nn1CCCC,CHEMBL12663
DEC_2433,decoy,O=C(O)c1cn(-c2ccc(F)cc2F)c2cc(N3CCC(=NO)CC3)c(F)cc2c1=O,CHEMBL31936
DEC_0761,decoy,CC(C)c1ccccc1Sc1c(O)cc(-c2cccc([N+](=O)[O-])c2)oc1=O,CHEMBL275937
DEC_1932,decoy,CC(C)(C)[Si](C)(C)OCC1OC(n2ccc(N)nc2=O)C(O[Si](C)(C)C(C)(C)C)C1C#N,CHEMBL299357
DEC_3492,decoy,NS(=O)(=O)c1ccc(CNSC(=S)N2CCOCC2)cc1,CHEMBL266157
DEC_0834,decoy,O=C1CCC/C=C\C[C@@H]2C(/C=C\[C@@H](CCc3ccccc3)O1)[C@H](O)C[C@@H]2O,CHEMBL12652
DEC_2404,decoy,Cc1c(N2C[C@H](F)[C@@H](C3(N)CC3)C2)c(F)c(N)c2c(=O)c(C(=O)O)cn([C@@H]3C[C@@H]3F)c12,CHEMBL268208
DEC_3084,decoy,CCN1CCC[C@H]1CNC(=O)c1c(O)c(Cl)cc(Cl)c1OC,CHEMBL8809
DEC_1576,decoy,CC(C)(C)NCC(O)COc1ccc(Cc2nc(-c3cccs3)c[nH]2)cc1,CHEMBL11135
DEC_1543,decoy,CCS(=O)(=O)c1ccc2c(c1)/C(=C/c1[nH]c3c(c1CCCN1CCC(O)CC1)CCCC3)C(=O)N2,CHEMBL298566
DEC_1537,decoy,Cc1ccc(/C=C/C(=O)N[C@@H]2CC[C@@]3(O)[C@H]4Cc5ccc(O)c6c5C3(CCN4CC3CC3)[C@H]2O6)cc1,CHEMBL297756
DEC_4202,decoy,O=C(Cn1c(Cl)cnc(NCC(F)(F)c2cccc[n+]2[O-])c1=O)NCc1ccc(F)c(Cl)c1,CHEMBL28474
DEC_0459,decoy,O=C(O)CCC/C=C/C[C@@H]1[C@@H](COCc2ccccc2)C2CC1(c1ccccc1)CO2,CHEMBL10966
DEC_4360,decoy,N[C@@H](CO)[C@H](O)/C=C/CCCOC(=O)CCCc1ccc2ccc3cccc4ccc1c2c34,CHEMBL290544
DEC_0354,decoy,CN(C)Cc1cccc(CSCCNc2n[s+]([O-])nc2N)n1,CHEMBL9556
DEC_4362,decoy,CC[C@@H](c1ccc(O)cc1)[C@H](CCCCn1cc(C(=O)O)c(=O)[nH]1)c1ccc(O)cc1,CHEMBL266377
DEC_2734,decoy,CC(C)(C)C1CCC(NC(=O)N(CCCl)N=O)CC1,CHEMBL12827
DEC_2691,decoy,CC(=O)N1CCC(Oc2ccc(N(C/C=C/c3cc(C(=N)N)ccc3O)C(=O)CCC(=O)O)cc2C(F)(F)F)CC1,CHEMBL25170
DEC_0942,decoy,NS(=O)(=O)c1ccc(-n2nc(C(=O)O)c(Cl)c2-c2ccc(Cl)cc2)cc1,CHEMBL28545
DEC_0404,decoy,C=C1/C(=C\C=C\C2CCCC([C@H](C)CC#CC(C)(C)O)C2(C)C)C[C@@H](O)C[C@@H]1O,CHEMBL36510
DEC_1296,decoy,O=C1CSCC(=O)N1CCCCN1CCN(c2nccc3sccc23)CC1,CHEMBL278876
DEC_1549,decoy,CC1(C)C2CCC1(CS(=O)(=O)N1CCC3(CCc4ccccc43)CC1)C(NC(=O)C1CCNCC1)C2,CHEMBL22286
DEC_1908,decoy,C[C@@H](COC(=O)N1c2ccccc2[C@@]23O[C@]24CCC[C@@H]3C#C/C=C\C#C[C@H]14)S(=O)(=O)c1ccccc1,CHEMBL15828
DEC_4665,decoy,NS(=O)(=O)c1ccc(-n2ncc(Br)c2-c2ccc(Cl)cc2)cc1,CHEMBL27975
DEC_0630,decoy,CC(C)NS(=O)(=O)c1ccc2oc3ccc(C(=O)O)cc3c(=O)c2c1,CHEMBL23557
DEC_2723,decoy,NCCc1c[nH]c(-c2csc(Br)c2)n1,CHEMBL24346
DEC_1654,decoy,Cc1cn(C2CC3OP(=O)(N(CCCl)CCCl)NCC3O2)c(=O)[nH]c1=O,CHEMBL20450
DEC_0616,decoy,C=CCN1CC[C@]23c4c5ccc(O)c4O[C@H]2C(=O)CC[C@@]3(OCC)C1C5,CHEMBL280309
DEC_0593,decoy,CCCCN(C1=NCCN1)c1c(Br)cccc1Br,CHEMBL20093
DEC_4322,decoy,O=C1CC2(CCCC2)CC(=O)N1CCCCNCC1COc2ccccc2O1,CHEMBL12152
DEC_0605,decoy,CN(C)P1(N(C)C)=N[P@@](N(C)C)(N2CC2)=N[P@](N(C)C)(N2CC2)=N1,CHEMBL281679
DEC_0816,decoy,Cc1c(C)c2c(c(C)c1O)CCC(C)(COc1ccc(CC3SC(=O)NC3=O)cc1)O2,CHEMBL408
ACT_040,active,CCC[C@H](NC(=O)Nc1ccc(Br)cc1F)C(=O)NCC(N)=O,CHEMBL5770353
DEC_3963,decoy,NCCCC[C@H](OP(=O)(O)CCCCc1ccccc1)C(=O)N1C[C@H](O)C[C@H]1C(=O)O,CHEMBL33025
DEC_3742,decoy,FC(F)(F)c1ccc(CN2CCN(CCCN3CCc4c([nH]c5ccccc45)C3)CC2)cc1,CHEMBL12755
DEC_0313,decoy,C=C(C)C12OC3(c4ccccc4)OC1[C@@H]1[C@@H]4O[C@]4(CO)[C@@H](O)[C@]4(O)C(=O)C=C[C@@]4(C)C1(O3)[C@H](C)[C@H]2OC(=O)c1ccccc1,CHEMBL90641
DEC_0494,decoy,CCCCCCOc1c(OC)cc(NC(C)CCCN)c2ncc(C)cc12,CHEMBL18805
DEC_2913,decoy,O=C1[C@@H](NS(=O)(=O)c2cc3ccc(Cl)cc3s2)CCN1Cc1cc2[nH]cccc-2n1,CHEMBL8437
DEC_1726,decoy,CC(/C=C/C(O)=C1\C(=O)CNC1=O)=C\c1ccc2ccccc2c1,CHEMBL10299
DEC_0977,decoy,CN1C[C@H](CN2CC(=O)NC2=O)C[C@@H]2c3ccc(C(C)(C)C)c4[nH]cc(c34)C[C@H]21,CHEMBL13464
DEC_2043,decoy,CNCCCNc1c2ccccc2nc2cccc([N+](=O)[O-])c12,CHEMBL25987
DEC_3559,decoy,OC[C@@]1(CCCc2ccccc2)CC2C3Cc4ccc(O)c5c4C2(CCN3CC2CCC2)C(O5)[C@@H]1O,CHEMBL9858
DEC_1464,decoy,C#CCN(Cc1ccc2nc(C)nc(O)c2c1)c1ccc(C(=O)NCc2cscn2)cc1,CHEMBL269342
DEC_1006,decoy,O=S1(=O)c2cccc3cccc(c23)N1CCN1CC=C(c2c[nH]c3ccccc23)CC1,CHEMBL274517
DEC_0540,decoy,OCCn1ncc2c1nc(NCc1ccccc1)n1nc(-c3ccco3)nc21,CHEMBL16692
DEC_3326,decoy,CCNCC1CCN(c2c(F)cc3c(=O)c(C(=O)O)cn4c3c2OCC4C)C1,CHEMBL15541
DEC_2280,decoy,Oc1ccc(Cl)cc1-n1nc(-c2cc(C(F)(F)F)cc(C(F)(F)F)c2)nc1O,CHEMBL14185
DEC_0700,decoy,C=C(Br)CN1C[C@H](OCC23C[C@@H]4[C@H](C)CC[C@H]4C4(C=O)CC2C=C(C(C)C)[C@@]34C(=O)O)OC[C@H]1C,CHEMBL283680
DEC_3286,decoy,c1ccc(COC[C@H]2CCCCC23OOC2(CCCC[C@H]2COCc2ccccc2)OO3)cc1,CHEMBL35468
DEC_0009,decoy,CCCN(C=O)[C@H]1CCC2C3CC[C@H]4N(C)C(=O)CC[C@]4(C)C3CC[C@@]21C,CHEMBL274276
DEC_3120,decoy,CN(C)c1ccc(-c2nnc3c4ccccc4c(N4CCCC4)nn23)c(Cl)c1,CHEMBL276260
DEC_4759,decoy,CCN(CC)CCNc1nc(Nc2ccc(OC)c(CN(CC)CC)c2)nc2ccccc12,CHEMBL31263
DEC_3232,decoy,CC(=O)Oc1cccc2c1Cc1sc(N)nc1-2.I,CHEMBL39388
DEC_1005,decoy,COc1cc2c3c4c(c(COC(C)=O)c5c3n(c2cc1OC)C(=O)CC5)CNCC4,CHEMBL23800
DEC_2173,decoy,CC(C)c1cc(Cc2cnc(N)nc2N)cc(C(C)C)c1O,CHEMBL440946
DEC_2862,decoy,CN(C)C[C@H]1CCn2c(c(C3=C(c4cn(C)c5ccccc45)C(=O)NC3=O)c3ccccc32)C1,CHEMBL26501
DEC_1599,decoy,Cc1ccc(CC2CCN(CC(O)COc3cccc4ccccc34)CC2)cc1,CHEMBL28458
DEC_1063,decoy,COc1ccc2c3c1OC1[C@H]4OC[C@@]4(CCCCc4ccccc4)CC4C(C2)N(CC2CCC2)CCC341,CHEMBL273528
DEC_2437,decoy,Cc1nc(N)ccc1CNC(=O)Cn1c(C)cc2c(c1=O)NC(=O)[C@H](CC1CCC1)C2,CHEMBL274152
DEC_0370,decoy,C(=C\COc1ccc(C2=NCCN2)cc1)\COc1ccc(C2=NCCN2)cc1,CHEMBL280098
DEC_0940,decoy,CCn1cc(C(=O)O)c(=O)c2c(N3CCCC3)c(F)c(N3CCCC3)c(F)c21,CHEMBL282454
DEC_3817,decoy,CCNC(=O)N[C@@H](c1ccccc1)[C@@H](O)C(=O)OC1CC2C(C)(C)C1(C)[C@@]13C[C@H](C)c4ccccc4[C@@]21O3,CHEMBL286608
DEC_2989,decoy,Cc1ccc(C(=O)Nc2cc(CN3CCCC3)c(O)c(CN3CCCC3)c2)s1,CHEMBL417839
DEC_4567,decoy,CCS(=O)(=O)c1ccc2c(c1)/C(=C/c1[nH]c3c(c1CCCN1CCN(C(C)=O)CC1)CCCC3)C(=O)N2,CHEMBL59538
DEC_3350,decoy,CCCc1c(O)n(Cc2ccc(F)cc2)c2nc3c(n2c1=O)C(=O)N(C)CN3C,CHEMBL13919
DEC_1645,decoy,O=C(NC1c2ccccc2Oc2ccccc21)c1ccccc1O,CHEMBL279685
DEC_2152,decoy,CCC(C)(C)/N=c1\c(O)c(O)\c1=N/Cc1cc(C)cc(C)c1,CHEMBL20104
DEC_2706,decoy,O=NN(CCCl)C(=O)NC12CC3CC(CC(C3)C1)C2,CHEMBL12701
DEC_1955,decoy,CC(C)=CC[C@@H](OC(=O)C(Cl)(Cl)Cl)C1=CC(=O)c2c(O)ccc(O)c2C1=O,CHEMBL8794
DEC_1628,decoy,CCCc1ccc2c(n1)CN[C@@H]1CCc3cc(O)c(O)cc3[C@@H]21,CHEMBL26965
DEC_0165,decoy,CN(C)c1ncnc2c1ncn2C(c1ccccc1)c1ccccc1,CHEMBL268102
DEC_3448,decoy,Cc1nccn1N[C@@H]1c2cc(S(=O)(=O)N3CCCCC3)ccc2OC(C)(C)[C@H]1O,CHEMBL429014
DEC_3052,decoy,CC(O)(c1ccc(F)cc1)C(O)(Cn1cncn1)c1ccc(Cl)cc1,CHEMBL10234
DEC_0346,decoy,C=C[C@@]1(C)CC(=O)[C@]2(O)C3(C)C(C(O)C(OC(=O)CN4CCC(NC(=O)c5ccccc5)CC4)[C@@]2(C)O1)C(C)(C)CC[C@@H]3O,CHEMBL55122
DEC_4115,decoy,Cc1noc(NS(=O)(=O)c2ccccc2-c2ccc(-c3ncco3)cc2CNC(=O)CC(C)(C)C)c1C,CHEMBL277447
DEC_3250,decoy,CC(C)N1C(=O)NC(c2ccccc2[N+](=O)[O-])c2cc3c(cc21)OCO3,CHEMBL13701
DEC_0896,decoy,C=C(C)[C@@H]1CC[C@]2(C(=O)N[C@@H](CC(=O)OC)C(=O)OC)CC[C@]3(C)[C@H](CC[C@@H]4[C@@]5(C)CC[C@H](O)C(C)(C)[C@@H]5CC[C@]43C)[C@@H]12,CHEMBL18968
DEC_2812,decoy,O=C(CCCCC1SCC2NC(=O)NC21)Nc1cccc2c1CC(N1CCC(c3ccccc3)CC1)C(O)C2,CHEMBL20881
DEC_0098,decoy,c1cc(COc2cccc(-c3nn[nH]n3)c2)cc(OCc2ccc3ccccc3n2)c1,CHEMBL18833
DEC_3678,decoy,COc1cccc2c1CC[C@H]1CN(CCn3c(=O)[nH]c4c(sc5nc(C)cnc54)c3=O)C[C@@H]21,CHEMBL297218
DEC_4259,decoy,O=S(=O)(Nc1cccc(OCc2cnc3ccccc3c2)c1)C(F)(F)F,CHEMBL17809
DEC_2918,decoy,O=C(NCCN1CCN(c2ccccc2)CC1)c1cc(Br)c2ccccc2c1O,CHEMBL29529
DEC_1951,decoy,O=C1N[C@@H](CS)C(=O)N(Cc2ccc3ccccc3n2)[C@H]1Cc1ccc([N+](=O)[O-])cc1,CHEMBL286254
DEC_3228,decoy,CC1(C)Oc2c(c3nc4ccccc4nc3c3ccccc23)CC1S(=O)(=O)O,CHEMBL278722
DEC_3859,decoy,Oc1cc(/C=C/C(Br)Br)nc(O)n1,CHEMBL22192
DEC_3875,decoy,CC(=O)C1CCC2C(=O)C3=C(O)c4c(O)ccc(O)c4CC3CC2C1,CHEMBL30252
DEC_2869,decoy,O=C1NCN(c2ccccc2)C12CCN([C@@H]1CCc3c(Cl)ccc(Cl)c3C1)CC2,CHEMBL418020
DEC_2686,decoy,Cc1cc(Br)cc(C(=O)NO)c1N(C)S(=O)(=O)c1ccc(OCC#CCNCCCN(C)C)cc1,CHEMBL276275
DEC_1871,decoy,COC(=O)[C@]1(O)C[C@@H]2O[C@@]1(C)n1c3ccccc3c3c4c(c5c6ccccc6n2c5c31)C(=O)NC4,CHEMBL416056
DEC_2617,decoy,CCNCC1CCN(c2c(F)cc3c(=O)c(C(=O)O)cn(C4CC4C)c3c2F)C1,CHEMBL6282
DEC_4129,decoy,Cc1c2ccnc(C(=O)NCCN(C)C)c2cc2c3cc(OP(=O)(O)OCc4ccccc4)ccc3n(C)c12,CHEMBL70862
ACT_081,active,COc1c(-c2ccccc2CO)ccc(N2CC[C@@H](NC(=O)Nc3ccc(C(F)(F)F)cc3F)C2=O)c1F,CHEMBL5949823
DEC_3767,decoy,Nc1ccc(Cn2c3c(c4ccccc42)C[C@@]2(O)[C@H]4Cc5ccc(O)c6c5[C@@]2(CCN4CC2CC2)[C@H]3O6)cc1,CHEMBL446399
DEC_1347,decoy,CCS(=O)(=O)c1ccc(OC)c(-c2ccc(C(C)N3CCCCC3)[nH]2)c1,CHEMBL20785
DEC_1623,decoy,O=C(O)c1cc(O)c2c(I)cc(Cl)cc2n1,CHEMBL22895
DEC_0737,decoy,CCSc1nnc(-c2nc(C(C)(C)C)c(O)c(C(C)(C)C)n2)s1,CHEMBL17218
DEC_4347,decoy,CCCCc1nn(CCCC)c(C(=O)O)c1Cc1ccc(-c2ccccc2-c2nn[nH]n2)cc1,CHEMBL21791
DEC_1388,decoy,O=C1N[C@@H](C(c2ccccc2)c2ccccc2)C(=O)N2CCC[C@@H]2C(=O)NCc2ccccc2-c2ccccc21,CHEMBL293404
DEC_3951,decoy,CCO/C(O)=C1\C(COCC(C)(O)Cn2cncn2)=NC(C)=C(C(=O)OC)C1c1cccc(Cl)c1Cl,CHEMBL419840
DEC_2507,decoy,CN(C)CCN(C)c1ccc2ncn3c4ccccc4c(=O)c1c23,CHEMBL7938
DEC_2858,decoy,CN1CCC23c4c5ccc(O)c4OC2[C@H]2OC[C@@]2(CCCCc2ccccc2)CC3C1C5,CHEMBL9968
DEC_3534,decoy,O=C(O)C1CCN(C(=O)N2CCC3(CC2)CCN(c2ccncc2)C3)CC1,CHEMBL441017
DEC_2896,decoy,CCCc1nc2ccc(C)cc2c(=O)n1Cc1ccc(-c2ccccc2-c2nn[nH]n2)cc1,CHEMBL277902
DEC_0133,decoy,CCC/C=C(\NC(=O)C1CC1(Br)Br)C(=O)O,CHEMBL11661
DEC_0978,decoy,NC1CCN(c2c(F)cc3c(=O)c(C(=O)O)cn(C4CC4)c3c2C(F)(F)F)C1,CHEMBL15416
DEC_2730,decoy,CCCCCCC1(c2ccncc2)CCC(=O)NC1=O,CHEMBL39152
DEC_2344,decoy,CC(C)(C)C(=O)Oc1ccc(C(=O)c2ccccc2)cc1CCC(=O)O,CHEMBL9991
DEC_1082,decoy,Oc1ccc2c3c1OC1[C@H]4OC[C@@]4(CCCCc4ccccc4)CC4C(C2)N(CC2CC2)CCC341,CHEMBL9733
DEC_3209,decoy,CCCc1cc(=O)oc2c3c(c4c(c12)OC(C)(C)C=C4)O[C@@H](C)[C@H](C)[C@@H]3O,CHEMBL7187
DEC_0576,decoy,Brc1ccccc1Sc1nc2ccccc2n2cncc12,CHEMBL418392
DEC_2319,decoy,C=C(c1c(C)ccc(Cl)c1OCC(O)CNC(C)C)n1ccnc1,CHEMBL15377
DEC_3518,decoy,CC(C)S(=O)(=O)n1c(N)nc2ccc(/C(=N/O)c3ccccc3)cc21,CHEMBL283403
DEC_3597,decoy,COc1cccc2c1CCC1CN(CCCCn3c(=O)[nH]c4c(sc5ccccc54)c3=O)CC21,CHEMBL289758
DEC_2100,decoy,C1CCN(P2(N3CCCC3)=NP(N3CC3)(N3CC3)=NP(N3CC3)(N3CC3)=N2)C1,CHEMBL26674
DEC_4240,decoy,O=S1O[C@H](c2ccc(F)cc2)[C@@](Cn2cncn2)(c2ccc(Cl)cc2Cl)O1,CHEMBL276844
DEC_4227,decoy,Nc1c(I)cc(C(=O)OCCCc2c[nH]cn2)cc1I,CHEMBL20357
DEC_3180,decoy,CN1C(=O)N(CCC(COc2ccc(-c3ccc(C#N)cc3)cc2)N(O)C=O)C(=O)C1(C)C,CHEMBL290457
DEC_2370,decoy,C=CCN1CCC23c4c5ccc(O)c4OC2[C@H](NC(=O)/C=C/C(=O)OC)CCC3(O)C1C5,CHEMBL423658
DEC_4352,decoy,O=C(O)CCCCCC[C@@H]1[C@@H](CC[C@@H](O)CCc2ccccc2C(F)(F)F)[C@H](O)C[C@@H]1O,CHEMBL288277
DEC_4658,decoy,N#CCCn1c(Cn2c(=O)n(-c3ccccc3)c3ccccc32)nc2ccccc21,CHEMBL429613
DEC_2920,decoy,CC(C)(N)C(=O)NC1CC2CCC1(CS(=O)(=O)N1CCC3(CCc4ccccc43)CC1)C2(C)C,CHEMBL422572
DEC_3379,decoy,CCCC(=O)N(Cc1c(C)cc(Cl)cc1Cl)c1c(NC(C)(C)CC)c(=O)c1=O,CHEMBL282250
DEC_2041,decoy,COCCOCC(=O)c1cc(C(C)(C)C)c2c(c1)C(C)(C)CO2,CHEMBL13815
DEC_4072,decoy,CC1CN(c2nc3c(cc2F)c(=O)c(C(=O)O)cn3C(C)(C)C)CCN1,CHEMBL25807
DEC_0280,decoy,OCC(c1ccccc1)N1CCN(CCOC(c2ccc(F)cc2)c2ccc(F)cc2)CC1,CHEMBL416194
DEC_0090,decoy,O=C(O)CCC/C=C\C[C@@H]1[C@@H](CNS(=O)(=O)c2ccc(F)cc2)CC[C@H]1F,CHEMBL21097
DEC_2535,decoy,Cc1cccc(OCc2cccc(N3C(N)=NC(N)=NC3(C)C)c2)c1,CHEMBL20480
DEC_1911,decoy,CCCCc1nc2ccc(S(C)(=O)=O)cc2c(=O)n1Cc1ccc(-c2ccccc2-c2nn[nH]n2)cc1,CHEMBL26548
DEC_0558,decoy,C[C@]12CCC3C(CC=C4C[C@@H](O)[C@H]5COC[C@]43C5)C1CC[C@@H]2OC1CC1,CHEMBL413593
DEC_2119,decoy,COC1(c2cc(F)cc(Sc3ccc4c(c3)OCC/C4=N\OCC#N)c2)CCOCC1,CHEMBL25692
DEC_2897,decoy,Cn1cncc1C(O)(C#Cc1ccc(C#N)cc1-c1ccc2c(c1)OCO2)c1ccc(C#N)cc1,CHEMBL25620
DEC_2546,decoy,Nc1nc(C2CCN(CCc3ccccc3)CC2)c2ccccc2n1,CHEMBL25623
DEC_2649,decoy,CCc1nc2c(n1Cc1ccc(-n3cccc3-c3nn[nH]n3)cc1)/C(=C/C(=O)O)CCCC2,CHEMBL43540
DEC_0308,decoy,CC[C@H]1OC(=O)CC(O)[C@H](C)[C@@H](O[C@@H]2O[C@H](C)C[C@H](N(C)C)[C@H]2O)[C@@H](CCN2CC(O)C2)C[C@@H](C)C(=O)/C=C/C(C)=C/[C@@H]1C,CHEMBL274801
DEC_3868,decoy,CC(=O)[O-].Cc1c2cc[n+](C)cc2c(C)c2c1[nH]c1ccc(O)cc12,CHEMBL24078
DEC_1240,decoy,CCCCc1c(Cc2ccc(-c3ccccc3-c3nn[nH]n3)cc2)c(COC)nn1CC(F)(F)F,CHEMBL21726
DEC_1714,decoy,CCC1(CC)CCNc2cc3nc(O)cc(C(F)(F)F)c3cc21,CHEMBL282866
DEC_2793,decoy,C[S+]([O-])c1nc(-c2ccc(Cl)cc2)c(-c2ccc(Cl)cc2)[nH]1,CHEMBL18601
DEC_1731,decoy,CC(C)(C)Nc1nc(C(F)(F)F)nc2ccc(NC=O)cc12,CHEMBL16063
DEC_1540,decoy,O=C(NCC(O)c1ccccc1)C1CCN(C(=O)Cn2c(=O)sc3ccc(Cl)cc32)CC1,CHEMBL276322
DEC_0624,decoy,Cc1c(C(=O)c2ccc(N(C)C)cc2)n(C(=O)C(C)C)c(=O)n1C(=O)C(C)C,CHEMBL34521
DEC_3076,decoy,COc1cc2c(c3ccccc3n2C)c2c(NCCCO)nccc12,CHEMBL19842
DEC_0958,decoy,O=C(O)CC(=O)N1CCC2(CCC(C(=O)N3CCC(C4CCNCC4)CC3)CC2)CC1,CHEMBL24639
DEC_2530,decoy,CN(C)CCNc1ccc(CO)c2sc3ccccc3c(=O)c12,CHEMBL279692
DEC_2275,decoy,CC[C@H](c1ccc(O)cc1)[C@@H](CI)c1ccc(O)cc1,CHEMBL25882
DEC_3704,decoy,COc1ccc(Cn2c(O)c(CC=C(C)C)c(=O)n3c4c(=O)n(C)c(=O)n(C)c4nc23)cc1,CHEMBL276608
DEC_1538,decoy,Cc1c(C(=O)N[C@H](C)[C@](O)(Cn2cncn2)c2ccc(F)cc2F)cnn1-c1ccccc1Cl,CHEMBL301357
DEC_0541,decoy,CCCn1c(=O)c2nc(-c3ccc(S(=O)(=O)O)cc3)[nH]c2n(CCC)c1=O,CHEMBL418333
DEC_2988,decoy,CCCc1cc(C(N)=O)cc(=O)n1Cc1ccc(-c2ccccc2-c2nn[nH]n2)cc1,CHEMBL22186
DEC_0992,decoy,CCCCC[C@H](O)/C=C/[C@@]1(F)[C@H](O)C[C@H](O)[C@@H]1C/C=C\CCCC(=O)OC,CHEMBL276285
DEC_3807,decoy,CCCCc1nc2cc(C3=NNC(=O)CC3C)ccc2n1Cc1ccc(-c2ccccc2-c2nn[nH]n2)cc1,CHEMBL24550
DEC_3834,decoy,CCOC(=O)N[C@@H](c1ccccc1)[C@@H](O)C(=O)OC1CC2C(C)(C)C1(C)[C@@]13C[C@@H](C)c4ccccc4[C@@]21O3,CHEMBL286146
DEC_4335,decoy,CCCc1c(OCCCSc2ccc([C@@H](O)[C@H](C)CC(=O)O)cc2)ccc(C(C)=O)c1O,CHEMBL21247
DEC_3051,decoy,C/C=C(\c1ccccc1OCC(O)CNC(C)(C)C)n1ccnc1,CHEMBL15638
DEC_4582,decoy,COOC1(OOCCCI)CCCCCCCCCCC1,CHEMBL281925
DEC_2128,decoy,O=C(O)Cc1cc([N+](=O)[O-])c([N+](=O)[O-])cc1Oc1c(Cl)cc(Cl)cc1[N+](=O)[O-],CHEMBL30212
DEC_2538,decoy,O=C(O)Cc1ccccc1Oc1ccc([N+](=O)[O-])cc1[N+](=O)[O-],CHEMBL26684
DEC_4651,decoy,COc1ccc2c(c1)C=CC21CCN(S(=O)(=O)C[C@]23CCC(CC2=O)C3(C)C)CC1,CHEMBL13477
DEC_0486,decoy,CCCCCCCCCCCCNc1c(N)n(Cc2ccccc2)c(=O)[nH]c1=O,CHEMBL34928
DEC_0303,decoy,Cc1nn(C)c(N(C)C(=O)CNCCCN2CCCCC2C)c1C(=O)c1ccccc1F,CHEMBL42206
DEC_4725,decoy,Nc1ccc(S(=O)(=O)Nc2noc3c2CCCC3)cc1,CHEMBL26586
ACT_099,active,COc1cnc(-c2cccc(C3COB(O)C3)c2)nc1OC,CHEMBL6064947
DEC_0675,decoy,NC(=O)CN(Cc1ccc2nc(N)nc(O)c2c1)c1ccc(C(=O)NC(CCC(=O)O)C(=O)O)cc1,CHEMBL35517
DEC_2400,decoy,Cn1cc(C2=C(c3cn(CCCSC(=N)N)c4ccccc34)C(=O)NC2=O)c2ccccc21,CHEMBL6291
DEC_0189,decoy,NC/C(=N\O)c1ccc(Sc2cc(F)cc(C3CCOCC3)c2)cc1,CHEMBL25514
DEC_0577,decoy,O=c1oc(Nc2cccc(I)c2)nc2ccccc12,CHEMBL10223
DEC_3869,decoy,N=C(N)c1ccc(N2CCN(c3ccc(C(=N)N)cc3)CC2)cc1,CHEMBL9126
DEC_0454,decoy,C1CCC(NCCN(CCNC2CCCCC2)CCNC2CCCCC2)CC1,CHEMBL281625
DEC_3934,decoy,COC(=O)C(C)NP(=O)(OCC1C=CC(n2cc(C)c(=O)[nH]c2=O)O1)Oc1cc(Cl)cc(Cl)c1,CHEMBL295461
DEC_0320,decoy,CO[C@H]1/C=C\C=C(/C)C(=O)NC2=CC(=O)C(NCCCN(C)C)=C(C[C@@H](C)C[C@H](OC)[C@H](O)[C@@H](C)/C=C(\C)[C@@H]1OC(N)=O)C2=O,CHEMBL124840
DEC_2971,decoy,N[C@@H](CS)CN1CCN(C(=O)c2cccc3ccccc23)C[C@@H]1CCOC1CC1,CHEMBL27141
DEC_4556,decoy,CC1CC(=O)NN=C1c1ccc2nc(C3CC3)n(Cc3ccc(-c4ccccc4-c4nn[nH]n4)cc3)c2c1,CHEMBL24224
DEC_2483,decoy,O=S(=O)(NS(=O)(=O)N1CCc2ccc(Br)cc2C1)N1CCc2ccc(Br)cc2C1,CHEMBL21949
DEC_2931,decoy,Cc1c(S(=O)(=O)N[C@H]2CCN(Cc3cc4c[nH]ccc-4n3)C2=O)sc2ccc(Cl)cc12,CHEMBL8581
DEC_3373,decoy,CN1CCN(Cc2ccc(-c3cc(NCCN4CCCC4)c4ccccc4n3)cc2)CC1,CHEMBL281569
DEC_3605,decoy,COc1cccc2c1CC[C@H]1CN(CCn3c(=O)[nH]c4c(sc5cccc(C)c54)c3=O)C[C@@H]21,CHEMBL39037
DEC_3634,decoy,CC#CCOc1ccc(S(=O)(=O)N(C)c2c(C(=O)NO)cnc3onc(C)c23)cc1,CHEMBL36309
DEC_0522,decoy,C[C@H]1C[C@@H]2[C@H]([C@@H](O)C[C@@]3(C)[C@H]2CC[C@]3(O)C(=O)CO)[C@@]2(C)C=CC(=O)C=C12,CHEMBL650
DEC_3182,decoy,Cc1cc(C)c(NC(=O)c2sccc2S(=O)(=O)Nc2onc(C)c2Cl)c(C)c1,CHEMBL277595
DEC_1348,decoy,CCCn1c(=O)c2c(nc(/C=C/c3cccc(N)c3)n2C)n(CCC)c1=O,CHEMBL25906
DEC_3358,decoy,O=C(O)CCC/C=C\CC1=CCC[C@@H]1NS(=O)(=O)c1cccc2cccnc12,CHEMBL284019
DEC_3627,decoy,CCOC(=O)c1cnc2ccc(C3(CCC(=O)NCCC(C)C)CCC(=O)NC3=O)cc2c1O,CHEMBL22392
DEC_0395,decoy,NCCc1c[nH]cn1.N[C@H](COCC1CCCCC1)Cc1c[nH]cn1,CHEMBL278743
DEC_0710,decoy,CCCc1nc(-n2cccc2C(O)C(F)(F)F)c(C#N)n1Cc1ccc(-c2ccccc2-c2nn[nH]n2)cc1,CHEMBL73358
DEC_3826,decoy,CCCCc1nc2ccc(C3=NNC(=O)CC3C)cc2n1Cc1ccc(-c2ccccc2-c2nn[nH]n2)cc1,CHEMBL25989
DEC_0247,decoy,C#CCN(Cc1ccc2nc(C)nc(O)c2c1)c1ccc(C(=O)NCc2ccc([N+](=O)[O-])cc2)cc1,CHEMBL6775
DEC_1961,decoy,Br.Br.N=c1ccn(CCCCCCn2ccc(=N)cc2)cc1,CHEMBL35108
DEC_3610,decoy,Nc1nc2c(cnn2CCCc2ccc3c(c2)O[C@H](C(=O)O)O3)c2nc(-c3ccco3)nn12,CHEMBL22355
DEC_0912,decoy,CC(C)C[C@@H]1OC(=O)C(C)(C)CNC(=O)[C@@H](COCc2ccccc2)NC(=O)/C=C/C[C@@H]([C@H](C)/C=C/c2ccccc2)OC1=O,CHEMBL86812
DEC_3344,decoy,Cc1c(F)c(N2CCC(N)C2)c(Cl)c2c1c(=O)c(C(=O)O)cn2C1CC1,CHEMBL279842
DEC_3075,decoy,C=C(c1cccc(C)c1OCC(O)CNC(C)(C)C)n1ccnc1,CHEMBL15231
DEC_1608,decoy,C[C@@]12CCC3=C(CCO3)C1CC[C@@]13CC(CCC12)[C@@](O)(CO)C3,CHEMBL31114
DEC_4606,decoy,CC(C)c1cccc(C(C)C)c1N1CNC(C(c2ccccc2)c2ccccc2)C1=O,CHEMBL12716
DEC_0633,decoy,N#C/C(=C\c1cccc(OCCCN2CCOCC2)c1)c1noc2ccccc12,CHEMBL21901
DEC_1045,decoy,Cc1noc(NS(=O)(=O)c2ccccc2-c2ccc(-c3ncco3)cc2)c1C,CHEMBL24461
DEC_2143,decoy,CCCN(CCCCN1C(=O)CC2(CCCC2)CC1=O)C1COc2cccc(OC)c2C1,CHEMBL11592
DEC_1133,decoy,O=C(Nc1cc2c(OCCC3CCCCN3)c(-c3ccc4ccccc4c3)c(O)nc2cc1Cl)NC1CC1,CHEMBL45675
DEC_0770,decoy,CC(C)(C)c1cc(C(=O)C[S+]([O-])CC2CC2)cc2c1OCC2(C)C,CHEMBL274811
DEC_0699,decoy,C=C(Cl)CN1C[C@H](OCC23C[C@@H]4[C@H](C)CC[C@H]4C4(C=O)CC2C=C(C(C)C)[C@@]34C(=O)O)OC[C@H]1C(F)(F)F,CHEMBL30737
DEC_4669,decoy,CCN(c1cc2n(c(=O)n1)CCc1cc(OC)c(OC)cc1-2)c1c(C)cc(C)cc1C,CHEMBL34091
DEC_2365,decoy,C[C@@H](O)[C@H]1C(=O)N2C(C(=O)O)=C(S[C@@H]3CN[C@@H](CSc4ccc(CN)cc4)C3)[C@H](C)[C@H]12,CHEMBL14312
DEC_4196,decoy,O=c1[nH]nc(CN2CCO[C@H](OCc3cc(C(F)(F)F)cc(C(F)(F)F)c3)[C@@H]2c2ccccc2)[nH]1,CHEMBL52330
DEC_4194,decoy,O=C(Cn1c(Cl)cnc(NCC(F)(F)c2cccc[n+]2[O-])c1=O)NCc1cc(Cl)ccc1F,CHEMBL26679
DEC_2912,decoy,N=C(N)c1cccc(CN(NS(=O)(=O)c2ccc3ccccc3c2)C(=O)N2CCCCCC2)c1,CHEMBL38626
DEC_2942,decoy,CC(C)C[C@H](CC(=O)O)C(=O)N[C@H]1Cc2cn(c3ccccc23)CCCCCCNC1=O,CHEMBL282146
DEC_0567,decoy,ICCN(CCI)c1ccccc1,CHEMBL283163
DEC_2427,decoy,CNC(=O)c1cccc2c(Nc3ccc(NS(C)(=O)=O)cc3OC)c3ccc(N)cc3nc12,CHEMBL412435
DEC_2915,decoy,O=C(O)Cn1c(=O)c(=O)[nH]c2cc(C(F)(F)F)c(-n3ccc(CNC(=O)c4ccccc4)c3)cc21,CHEMBL275334
DEC_0727,decoy,CN1CCN(CCCNc2ncc3cc(-c4c(Cl)cccc4Cl)c(/N=C(/S)NC(C)(C)C)nc3n2)CC1,CHEMBL57947
DEC_0285,decoy,CN(C)CCCNc1cc(-c2ccc(CN3CCN(C)CC3)cc2)nc2ccccc12,CHEMBL278530
DEC_4106,decoy,Cc1cc(C)cc(-c2c(O)nc3cc(Cl)c([N+](=O)[O-])cc3c2OCC[C@@H]2Cc3ccccc3CN2)c1,CHEMBL50035
DEC_1320,decoy,O=C1NC(=O)C(CC#Cc2ccc(Cl)cc2)(Sc2ccccn2)S1,CHEMBL418709
DEC_2205,decoy,CCCSc1c2c(nc(N)n3nc(-c4ccco4)nc23)nn1C,CHEMBL280888
DEC_2393,decoy,O=C1[C@@H](NS(=O)(=O)c2ccc(-c3ccccn3)s2)CCN1Cc1cc2[nH]cccc-2n1,CHEMBL266098
DEC_1354,decoy,CC(C)C1=CC2CC3(C=O)[C@@H]4CC[C@@H](C)[C@H]4CC2(CO[C@H]2CN(c4ccc(Cl)s4)[C@H](C)CO2)[C@]13C(=O)O,CHEMBL282179
DEC_0071,decoy,CCCc1cc2nc(O)nc-2c(O)n1Cc1ccc(-c2ccccc2-c2nn[nH]n2)cc1,CHEMBL27920
DEC_1038,decoy,O=S(=O)(c1nc(-c2cccc(F)c2)c(-c2ccccc2)[nH]1)C(F)(F)C(F)F,CHEMBL278252
DEC_2391,decoy,CCN(CC)c1nc(NCCNC(=O)c2ccccc2)c2ccccc2n1.O=C(O)C(=O)O,CHEMBL14099
DEC_3314,decoy,O=C(O)COC1CCN(C(=O)N2CCC3(CCN(c4ccncc4)CC3)C2)CC1,CHEMBL13008
ACT_050,active,CCC(Nc1ccc(OC)cc1)C(=O)N/N=C(C)/C=C/c1ccccc1,CHEMBL1290250
DEC_2875,decoy,Cc1cc(C(=O)c2ccc(C#N)cc2)cc(C(=O)Nc2ccc([N+](=O)[O-])cc2Cl)c1O,CHEMBL287611
DEC_1675,decoy,C#CCN(Cc1ccc2nc(N)nc(O)c2c1)c1ccc(C(=O)NC(C)C(=O)O)cc1,CHEMBL274627
DEC_0011,decoy,CC(C)N(C=O)[C@H]1CCC2C3CC[C@H]4N(C)C(=O)CC[C@]4(C)C3CC[C@@]21C,CHEMBL17268
DEC_4699,decoy,CC(/N=c1\c(O)c(O)\c1=N/c1ccccc1C#N)C(C)(C)C,CHEMBL18680
DEC_0259,decoy,OC1CCCCC1CN1CCN(CCOC(c2ccc(F)cc2)c2ccc(F)cc2)CC1,CHEMBL29151
ACT_070,active,CCCCC(C(=O)Nc1ccc(Cl)cc1)n1nc(C)cc(Cc2ccccc2OC)c1=O,CHEMBL4454594
DEC_1387,decoy,Cc1c2ccnc(C(=O)NCCN(C)C)c2cc2c3cc(OC(=O)N4CCC(N5CCCCC5)CC4)ccc3n(C)c12,CHEMBL70664
DEC_3962,decoy,NCCCC[C@H](OP(=O)(O)CCCCc1ccccc1)C(=O)N1C[C@@H](O)C[C@H]1C(=O)O,CHEMBL35419
DEC_1562,decoy,C=C(c1c(Cl)ccc(Cl)c1OCC(O)CNCC(C)C)n1ccnc1,CHEMBL15575
DEC_1299,decoy,CCCN(CCN1C(=O)CC2(CCCC2)CC1=O)C1COc2cccc(OC)c2C1,CHEMBL28339
DEC_3433,decoy,O=C(O)Cc1nn(Cc2nc3cc(C(F)(F)F)c(O)cc3s2)c(=O)c2ccccc12,CHEMBL20884
DEC_3771,decoy,O=C1c2cccc([N+](=O)[O-])c2C(=O)N1CCCCCn1c(C2CCNCC2)nc2cc(Cl)c(Cl)cc21,CHEMBL19994
DEC_4355,decoy,CCCCc1nn(CC(C)C)c(C(=O)O)c1Cc1ccc(-c2ccccc2-c2nn[nH]n2)cc1,CHEMBL21749
DEC_1449,decoy,COC(=O)[C@@]1(C)CCC[C@@]2(C)C1CC[C@@H](C(=O)O)[C@@H]2CCc1ccc2c(OC(C)=O)ccc(OC(C)=O)c2c1,CHEMBL22237
DEC_1544,decoy,CCC#CCOc1ccc(S(=O)(=O)N(C)c2c(C)cc(Br)cc2C(=O)NO)cc1,CHEMBL19371
DEC_4626,decoy,O=S(=O)(c1nc(-c2ccccc2)c(-c2ccccc2)[nH]1)C(F)(F)C(F)Br,CHEMBL279378
DEC_3693,decoy,COc1cc([C@@H]2c3cc4c(cc3[C@H](O)[C@H]3COC(=O)[C@]23F)OCO4)cc(OC)c1OC,CHEMBL34324
DEC_1067,decoy,CC(C)c1cccc(C(C)C)c1OC(=O)[N-]S(=O)(=O)Oc1c(C(C)C)cccc1C(C)C.[Na+],CHEMBL25110
DEC_0976,decoy,N[C@H](C(=O)N1CCSC1)[C@H]1CC[C@H](NC(=O)c2ccccc2C(F)(F)F)CC1,CHEMBL283368
DEC_1130,decoy,CCc1nc2c(N(C)C)c(OC3CCN(C(C)=N)CC3)ccc2n1Cc1ccc2ccc(C(=N)N)cc2c1,CHEMBL24012
DEC_1523,decoy,C/N=C(/NCC[C@H]1CCCC[C@@]1(/C(S)=N\C)c1cccnc1)NS(=O)(=O)c1ccccc1,CHEMBL289976
DEC_2232,decoy,CCCCC1=C(N2CC2)C(=O)c2nc3n(c2C1=O)CCC3OC(C)=O,CHEMBL441597
DEC_0144,decoy,CC(O)(c1ccc(F)cc1)C(O)(Cn1cncn1)c1ccccc1Cl,CHEMBL269210
DEC_4432,decoy,C=C1CC2C3CCC4=CC(=O)C=CC4(C)C3C(O)CC2(C)[C@@]1(OC(=O)c1ccco1)C(=O)COC(C)=O,CHEMBL41296
DEC_1048,decoy,CC1(C)Oc2ccc(S(=O)(=O)c3ccccc3)cc2[C@@H](N2CCCC2=O)[C@@H]1O,CHEMBL275758
DEC_1052,decoy,C=C(C)CN1C[C@H](OCC23C[C@@H]4[C@H](C)CC[C@H]4C4(C=O)CC2C=C(C(C)C)[C@@]34C(=O)O)OC[C@H]1C,CHEMBL284180
DEC_0045,decoy,O=c1oc2ncccc2n1CCN1CCN(c2cccc3ccccc23)CC1,CHEMBL23404
DEC_0885,decoy,C=C(CC[C@H](O)[C@@]1(C)CC[C@H](C(C)(C)O)O1)[C@H]1CC[C@H]2O[C@@H]([C@]3(C)CC[C@@H](Br)C(C)(C)O3)CC[C@]2(C)O1,CHEMBL23600
DEC_3976,decoy,CNC(Cc1ccccc1)C(=O)N[C@@H]1CCCC[C@H]1C(=O)N[C@@H](C=O)CCCN=C(N)N,CHEMBL22147
DEC_3029,decoy,Cc1cc(Br)cc(C(=O)NO)c1N(C)S(=O)(=O)c1ccc(OCC#CCO)cc1,CHEMBL18943
DEC_2755,decoy,O=C(c1c(F)c(F)c(F)c(F)c1F)c1ccc2n1CCC2C(=O)O,CHEMBL9098
DEC_2580,decoy,CCCCc1nc(Cl)c(C(=O)N[C@@H](C)C(=O)O)n1Cc1ccc2oc(-c3ccccc3-c3nn[nH]n3)c(Br)c2c1,CHEMBL64158
DEC_2577,decoy,O=S(=O)(Nc1ccc(CCNC[C@H](O)c2cccnc2)cc1)c1ccc(-c2cnc(Cc3ccc(F)c(F)c3)o2)cc1,CHEMBL287880
DEC_3085,decoy,CCNCCC(=O)Nc1cccc2c1CN(C)CC2c1ccccc1,CHEMBL279388
DEC_1056,decoy,CC(C)C1=CC2CC3(C=O)[C@@H]4CC[C@@H](C)[C@H]4CC2(CO[C@H]2CN(CC4CC4)[C@H](C)CO2)[C@]13C(=O)O,CHEMBL281987
DEC_2600,decoy,Brc1cccc(Nc2ncnc3cc4[nH]cc(CN5CCOCC5)c4cc23)c1,CHEMBL36967
DEC_4184,decoy,CC(C)C/N=C(\S)N1CCN(c2ccc(N(Cc3c[nH]cn3)S(=O)(=O)c3ccccc3)cc2)CC1,CHEMBL32725
DEC_0775,decoy,N#C/C(=C\c1ccccc1OCCN1CCCCCC1)c1noc2ccccc12,CHEMBL22084
DEC_3846,decoy,CC(C)NC(=O)c1ccc(C2(C3CCN(C4CCN(C(=O)c5cccc6[nH]ccc56)CC4)CC3)OCCO2)cc1,CHEMBL52852
DEC_1022,decoy,Cc1cccc2[nH]c3c(N4CCN(CCc5ccc(F)c(F)c5)CC4)ncnc3c12,CHEMBL26369
DEC_2007,decoy,Cc1cc(C(SCCN(C)C)c2ccc(C(C)C)cc2)sn1,CHEMBL21962
DEC_4257,decoy,O=S1O[C@H](c2ccccc2)[C@@](Cn2cncn2)(c2ccc(Cl)cc2Cl)O1,CHEMBL10268
DEC_1270,decoy,O=C1[C@@H](NS(=O)(=O)c2cc3cccnc3s2)CCN1Cc1cc2[nH]cccc-2n1,CHEMBL269539
DEC_2763,decoy,CN1CCc2cc(Cl)c(O)cc2C(c2cccc(N=C=S)c2)C1,CHEMBL279634
DEC_3798,decoy,CCOC(=O)N[C@@H](c1ccncc1)[C@@H](O)C(=O)OC1CC2C(C)(C)C1(C)[C@@]13C[C@H](C)c4ccccc4[C@@]21O3,CHEMBL30890
DEC_3459,decoy,CCC[C@H]1C[C@H](NCC)c2cc(S(N)(=O)=O)sc2S1(=O)=O,CHEMBL273599
DEC_2441,decoy,O=C(Nc1ccc(Cn2cnc3ncnc-3c2O)cc1)c1cccc(S(=O)(=O)F)c1,CHEMBL277304
DEC_0606,decoy,CN(C)P1(N(C)C)=N[P@](N(C)C)(N2CC2)=N[P@](N(C)C)(N2CC2)=N1,CHEMBL282414
DEC_3237,decoy,CN1CCC(O)(c2nc(-c3ccc(F)cc3)c(-c3ccncc3)o2)CC1,CHEMBL22978
DEC_2666,decoy,O=S(=O)(Nc1ccc(CCNC[C@H](O)c2cccnc2)cc1)c1ccc(-n2ncc(Cc3ccc(F)c(F)c3)n2)cc1,CHEMBL65513
DEC_3000,decoy,CC12CCC(OC=O)CC1CCC1C2CCC2(C)[C@@H](C3=CC(=O)OC3)C(OC=O)CC12O,CHEMBL451551
DEC_3565,decoy,Oc1ccc2c3c1OC1[C@H]4OC[C@@]4(CCc4ccccc4)CC4C(C2)N(CC2CCC2)CCC341,CHEMBL276450
DEC_3390,decoy,O=c1[nH]c2ccccc2n1CCCN1CCN(C(c2ccccc2)c2ccccc2)CC1,CHEMBL13828
DEC_3723,decoy,C/N=C(/S)[C@@]1(c2cccnc2)CCCC[C@@H]1CCNS(=O)(=O)c1ccc(Cl)cc1,CHEMBL290871
DEC_0129,decoy,c1ccc2c(CC3=NCCN3)c3ccccc3c(CC3=NCCN3)c2c1,CHEMBL27223
DEC_0266,decoy,CCCN(CCCCN1C(=O)CC2(CCCC2)CC1=O)C1COc2cccc(O)c2C1,CHEMBL27763
DEC_0706,decoy,CCC(=O)O[C@]1(C(=O)COC(=O)C(C)(C)C)CCC2C3C[C@H](F)C4=CC(=O)C=CC4(C)[C@@]3(F)C(O)CC21C,CHEMBL308233
DEC_4253,decoy,CCCOc1ccc2c(=O)c3c(C)nn(-c4cccc([N+](=O)[O-])c4)c3oc2c1,CHEMBL416928
DEC_1101,decoy,OC[C@@]1(CCCCCc2ccccc2)CC2C3Cc4ccc(O)c5c4C2(CCN3CC2CCC2)C(O5)[C@@H]1O,CHEMBL274289
DEC_3446,decoy,COc1cc(NS(C)(=O)=O)ccc1Nc1c2ccccc2nc2c(C(N)=O)cccc12,CHEMBL417526
DEC_1760,decoy,CCCSC1=NS(=O)(=O)c2ccccc2N1Cc1ccc(-c2ccccc2-c2nn[nH]n2)cc1,CHEMBL274887
DEC_4465,decoy,O=C(O)c1ccc(COC(=O)[C@@H]2[C@H](Cc3ccccc3)C(=O)N2C(=O)Cc2cccc(C(=O)O)c2)cc1,CHEMBL37153
DEC_3748,decoy,CC(C)N1CCN(c2cc3c(cc2F)c(=O)c(C(=O)O)cn3-c2ccc(F)cc2F)CC1,CHEMBL15017
DEC_1754,decoy,C[C@@H]1CC2C3CCC4=CC(=O)C=C[C@]4(C)[C@@]3(F)[C@@H](O)C[C@]2(C)[C@@]1(O)C(=O)CSCCN=C=S,CHEMBL48439
DEC_4279,decoy,Cc1cccc(N2CCN(CCCON3C(=O)CC4(CCCC4)CC3=O)CC2)c1,CHEMBL10875
DEC_2208,decoy,CN(C)S(=O)(=O)c1ccc2c(c1)C(n1ccccc1=O)=CC(C)(C)O2,CHEMBL269676
DEC_0801,decoy,CSc1sc(C(=N)N)cc1-c1nc(-c2ccc(Cl)c([N+](=O)[O-])c2)cs1,CHEMBL413764
DEC_1380,decoy,CC(C)C(c1cccc(NS(=O)(=O)c2cccc3cccnc23)c1)c1c(O)c2c(oc1=O)CCCCCC2,CHEMBL16773
DEC_1489,decoy,C=CC(=O)Nc1cc2c(Nc3cccc(C)c3)ncnc2cc1OCCCN1CCN(C)CC1,CHEMBL31622
DEC_2396,decoy,CN(C)C(=O)c1cccc(COc2ccc(N3C(N)=NC(N)=NC3(C)C)cc2Cl)c1,CHEMBL6666
DEC_0040,decoy,CCN(CC)S(=O)(=O)c1ccc2c(c1)C(n1ccccc1=O)=CC(C)(C)O2,CHEMBL275252
DEC_3380,decoy,OC1CCCCC1CN1CCN(CCOC(c2ccccc2)c2ccccc2)CC1,CHEMBL430537
DEC_0210,decoy,CC[C@@]1(O)C(=O)OCc2c1cc1n(c2=O)Cc2cc3c(CSCCN(C)C)c(O)ccc3nc2-1,CHEMBL267815
DEC_4126,decoy,Cc1ccc(-c2c(O)nc3cc(Cl)c(C(=O)Nc4ccncn4)cc3c2OCC[C@@H]2CCCCN2)cc1C,CHEMBL49230
DEC_4162,decoy,C#CCN(Cc1ccc2nc(C)nc(O)c2c1)c1ccc(C(=O)NCc2ccc(Cl)cc2)cc1,CHEMBL268854
DEC_3581,decoy,O=C1[C@@H](NS(=O)(=O)c2ccc(-c3ccc(Cl)s3)s2)CCN1Cc1cc2cc[nH]cc-2n1,CHEMBL268178
DEC_2285,decoy,C[S+]([O-])c1cccc(-c2nc(-c3ccc(F)cc3)c(-c3ccncc3)[nH]2)c1,CHEMBL276529
DEC_4142,decoy,C=C1CCC2[C@](C)(CCC[C@]2(C)C(=O)OC)[C@H]1CCC12Cc3c(O)ccc(O)c3CC1O2,CHEMBL281377
DEC_0739,decoy,CCCc1cc(=O)oc2c(C(=O)CC)c(OCC)c3c(c12)OC(C)(C)C=C3,CHEMBL7485
DEC_1490,decoy,CC(C)=CCC(OC(=O)COCc1ccccc1)C1=CC(=O)c2c(O)ccc(O)c2C1=O,CHEMBL28828
DEC_3573,decoy,O=C1[C@@H](NS(=O)(=O)c2ccc(-c3ccc(Cl)s3)s2)CCN1Cc1cc2c[nH]ccc-2n1,CHEMBL268917
DEC_3319,decoy,Cc1ccc(S(=O)(=O)N(C)NP(=O)(c2ccccc2)c2ccccc2)cc1,CHEMBL429064
DEC_4065,decoy,CCn1cc(C(=O)O)c(=O)c2cc(F)c(N3CC(C)NC(C)C3)cc21,CHEMBL15387
DEC_1577,decoy,c1cc(OCCCCc2nnn[nH]2)cc(OCc2ccc3ccccc3n2)c1,CHEMBL18558
DEC_1551,decoy,NCCN(CCN)CCNC1CCCCCCCCCCCCCCC1,CHEMBL21667
DEC_0773,decoy,N#C/C(=C\c1ccccc1OCCN1CCCCC1)c1noc2ccccc12,CHEMBL277419
DEC_0622,decoy,N#C/C(=C\c1ccccc1OCCCN1CCOCC1)c1noc2ccccc12,CHEMBL281118
DEC_4114,decoy,O=c1c2c(oc(O)c1C(c1cccc(NS(=O)(=O)c3ccc([N+](=O)[O-])cc3)c1)C1CC1)CCCCCC2,CHEMBL16551
DEC_1627,decoy,CC[C@H]1Cc2cc3c(C(F)(F)F)cc(O)nc3cc2N[C@@H]1C,CHEMBL7053
DEC_1023,decoy,O=C1NC(=O)C(CC#Cc2cccc(Cl)c2)(S(=O)(=O)c2ccccc2)S1,CHEMBL12026
DEC_2916,decoy,O=C(NC1CCN(Cc2ccccc2)CC1)c1c(O)c2cccnc2n(-c2ccccc2)c1=O,CHEMBL14304
DEC_0232,decoy,C#CCN(Cc1ccc2nc(C)nc(O)c2c1)c1ccc(C(=O)NCc2ccccc2[N+](=O)[O-])cc1,CHEMBL266065
DEC_4376,decoy,C#CCCCCCNC(=O)c1coc(C2C3CCC(O3)C2Cc2ccccc2CCC(=O)O)n1,CHEMBL416943
DEC_4696,decoy,c1ccc(C2(C3=NCCN3)COc3ccccc3O2)cc1,CHEMBL9885
DEC_3163,decoy,Cc1oc(-c2ccc(C(F)(F)F)cc2)nc1COc1cccc(/C=C/Cn2oc(=O)[nH]c2=O)c1,CHEMBL414184
DEC_0249,decoy,CCN(CC)C(=O)c1c2nc3c(C(=O)N(CC)CC)ccc(C)c3oc-2c(C)c(=O)c1N,CHEMBL281115
DEC_0034,decoy,Nc1cccc2[nH]c3c(N4CCN(CCc5ccc(F)c(F)c5)CC4)ncnc3c12,CHEMBL25972
DEC_4742,decoy,COc1cc(NC(C)CCCN)c2nccc(C)c2c1OCCCCOc1ccccc1,CHEMBL18975
DEC_0107,decoy,Nc1nc(N)c2c([S+]([O-])c3ccc4ccccc4c3)cccc2n1,CHEMBL6726
DEC_0869,decoy,CC(=O)Nc1cccc2ccc(S(=O)(=O)Nc3onc(C)c3C)cc12,CHEMBL25977
DEC_4158,decoy,CCN(CC)C(=O)N1CCN(Cc2cc(Nc3ccnc4cc(Cl)ccc34)ccc2O)CC1,CHEMBL416781
ACT_001,active,COC(c1ccc(Cl)cc1)C1CCN(S(=O)(=O)c2c(C)n[nH]c2C)CC1,CHEMBL3986275
DEC_0390,decoy,CCOc1ccc(N(CC(=O)O)C(=O)C(C)CS)cc1OCC,CHEMBL279051
DEC_4424,decoy,CCN1CCC[C@@H]1CNC(=O)c1c(OC)ccc(I)c1O,CHEMBL8674
ACT_021,active,C[S+]([O-])c1ccc(NC(=O)Nc2ccc3c(c2)C(=O)N(CCCNC(=O)OC(C)(C)C)C(c2ccc(C#N)cc2)C3)cc1,CHEMBL5876324
DEC_0797,decoy,Cc1cc(C)cc(-c2[nH]c3ccccc3c2CCNCCCCc2ccc(O)nc2)c1,CHEMBL267558
DEC_1734,decoy,OC1(c2nc(-c3ccc(F)cc3)c(-c3ccncc3)[nH]2)CCC1,CHEMBL22618
DEC_3546,decoy,CCn1cc(C(=O)O)c(=O)c2c(C)c(F)c(N3CC(C)NC(C)C3)cc21,CHEMBL16250
DEC_4671,decoy,O=C1CC2(CCCC2)CC(=O)N1OCCCN1CCN(c2ccc3ccccc3n2)CC1,CHEMBL430329
ACT_093,active,C[C@H](Nc1cc(-c2ccc(Oc3ccc(F)cc3)cc2)nc(C(N)=O)n1)C(N)=O,CHEMBL3968977
DEC_3682,decoy,O=C1OC2(CCN(CC(O)C3COc4ccccc4O3)CC2)CN1Cc1ccccc1,CHEMBL24034
DEC_4706,decoy,CC(C)C(=O)C1=C(O)C(C)(C)C(O)=C(C(=O)C(C)C)C1=O,CHEMBL19916
DEC_2756,decoy,[O-][n+]1cncc(C(O)(c2ccc(Cl)cc2)c2ccc(Cl)cc2)c1,CHEMBL29867
DEC_2947,decoy,N=C(c1ccc(NC(=O)c2nnnn2-c2cc3ccccc3cc2F)c(F)c1)N1CCCC1,CHEMBL282945
DEC_1050,decoy,Cn1cncc1CN(c1ccc(C#N)c(-c2cccc3ccccc23)c1)S(=O)(=O)c1ccccc1,CHEMBL28490
DEC_3283,decoy,O=C(O)COc1cccc2c1CCCC2CC/C=N/OC(c1ccccc1)c1ccccc1,CHEMBL10470
DEC_4764,decoy,CCCc1c(OCCCCCOc2cc3c(cc2C(C)=O)CC(C(=O)O)O3)ccc(C(C)=O)c1O,CHEMBL52781
DEC_2415,decoy,Cc1nc(N)ccc1CNC(=O)Cn1c(C)cc2c(c1=O)NC(=O)[C@](C)(CC(C)C)C2,CHEMBL11181
DEC_4686,decoy,CO[C@H]1O[C@]2(C)OO[C@]13[C@H](CCO)CCC[C@@H]3C[C@@H]2C,CHEMBL277457
DEC_3566,decoy,CCNC(=O)Cc1c(C)nc(O)c2c1ccc1nc(Nc3c(Cl)cccc3Cl)n(C)c12,CHEMBL26864
DEC_2887,decoy,O=C1CCC(c2ccccc2)(C2CCN(Cc3ccccc3Br)CC2)C(=O)N1,CHEMBL274552
DEC_2495,decoy,N=C(N)c1ccc2c(c1)CCC2NC(=O)[C@@H]1CC[C@H]2CN(S(=O)(=O)C(c3ccccc3)c3ccccc3)CC(=O)N21,CHEMBL18055
DEC_3242,decoy,C#CCN(Cc1ccc2nc(C)nc(O)c2c1)c1ccc(C(=O)NC)cc1,CHEMBL6498
DEC_3133,decoy,CN1CN(C)c2nc3n(Cc4ccccc4)c(O)c(Cc4ccccc4)c(=O)n3c2C1=O,CHEMBL14232
DEC_3961,decoy,NCCCC[C@H](OP(=O)(O)CCCCc1ccccc1)C(=O)N1COC[C@H]1C(=O)O,CHEMBL264758
DEC_1471,decoy,C#CCN(Cc1ccc2nc(C)nc(O)c2c1)c1ccc(C(=O)NCc2ccoc2)cc1,CHEMBL6590
DEC_3512,decoy,CC1(O)OC(=O)C(c2ccc(O)cc2)=C1c1ccc(S(C)(=O)=O)cc1,CHEMBL278738
DEC_3888,decoy,C[C@@H](/N=c1\c(O)c(O)\c1=N/c1ccc2c[nH]nc2c1)C(C)(C)C,CHEMBL18971
DEC_4094,decoy,COc1cc(OC)c2[nH]c3c(O)c(-c4c(C)cc5c([nH]c6c(OC)cc(OC)cc65)c4O)c(C)cc3c2c1,CHEMBL7883
DEC_3985,decoy,CCCCc1cn(-c2ccccc2CC)c(=O)n1Cc1ccc(-c2ccccc2-c2nn[nH]n2)nc1,CHEMBL267809
DEC_2108,decoy,COC1(c2csc(Sc3ccc4c(c3)OCC/C4=N\OCC#N)c2)CCOCC1,CHEMBL27285
DEC_3560,decoy,O=S1(=O)c2cccc3cccc(c23)N1CCN1CCC(Cc2c[nH]c3cccc(F)c23)CC1,CHEMBL275354
DEC_2030,decoy,C=CCCOc1c(OC)cc(NC(C)CCCN)c2nccc(C)c12,CHEMBL18341
DEC_4643,decoy,CCOc1cccc2c1C(=O)N(COC(=O)c1c(Cl)cccc1Cl)S2(=O)=O,CHEMBL11758
DEC_3045,decoy,CCCn1c(=O)c2nc(-c3cc(NC(=O)Cc4ccc(O)cc4)nn3C)[nH]c2n(CCC)c1=O,CHEMBL32757
DEC_0081,decoy,CCCCc1cn(CCCC)c(=O)n1Cc1ccc(-c2ccccc2-c2nn[nH]n2)cc1,CHEMBL9714
DEC_1200,decoy,CCCCc1nc(CCCC)n(Cc2ccc(-n3c(-c4nn[nH]n4)ccc3C(F)(F)F)cc2)n1,CHEMBL12451
DEC_3181,decoy,CO/C(=C\C=C\c1cc2cc(Cl)c(Cl)cc2[nH]1)C(=O)NC1C[C@H]2CC[C@@H](C1)N2C,CHEMBL288419
DEC_1003,decoy,Cc1nc2c(n1Cc1ccc(-n3cccc3-c3nn[nH]n3)cc1)/C(=C/C(=O)O)CCCC2,CHEMBL297637
DEC_1683,decoy,C[C@@H](O)[C@H]1C(=O)N2C(C(=O)O)=C(S[C@@H]3CN[C@@H](c4ccc(CN)cc4)C3)[C@H](C)[C@H]12,CHEMBL14430
DEC_3377,decoy,CCCn1c(=O)c2nc(/C=C/c3cc(OC)c(OC)cc3OC)[nH]c2n(CCC)c1=O,CHEMBL26837
DEC_1310,decoy,N#CCc1cc(-c2ccc(Cl)cc2)n(-c2ccc(S(N)(=O)=O)cc2)n1,CHEMBL286756
DEC_2973,decoy,Cc1cccc(C)c1NC(=O)C(NC(=O)C1=CC(C)(C)NC1(C)C)c1ccccc1,CHEMBL278697
DEC_0490,decoy,Cc1ccccc1C(CCN(C(C)C)C(C)C)(CCN(C(C)C)C(C)C)C(N)=O,CHEMBL12754
DEC_2479,decoy,CC(=O)N1C(C(=O)NCC(=O)O)CC(=O)c2cc(F)ccc2N(Cc2ccccc2)C(=O)C1CC12CC3CC(CC(C3)C1)C2,CHEMBL118584
DEC_2744,decoy,CN(C)CCc1c[nH]c2c(Br)cccc12,CHEMBL21083
DEC_3040,decoy,COc1ccccc1N1CCN(CCCSc2nc3sc4c(c3c(=O)n2N)CCC4)CC1,CHEMBL12170
DEC_1024,decoy,Cc1ccccc1-c1cc(C(O)(c2ccc(C#N)cc2)c2cncn2C)ccc1C#N,CHEMBL25621
DEC_1668,decoy,CC1(C)N=C(N)N=C(N)N1c1ccc(OCc2ccc(S(N)(=O)=O)cc2)cc1,CHEMBL30681
DEC_4087,decoy,C=C(C)[C@@H]1CC[C@]2(C(=O)NCCCC(=O)O)CC[C@]3(C)[C@H](CCC4[C@@]5(C)CC[C@H](O)C(C)(C)[C@@H]5CC[C@]43C)[C@@H]12,CHEMBL11801
DEC_3348,decoy,Cc1ccc(C#CCC2(S(=O)(=O)c3ccccc3)SC(=O)NC2=O)cc1,CHEMBL412422
DEC_2019,decoy,N#CCCN1N=C(c2ccc(OCc3ccccc3)cc2)OCC1=S,CHEMBL16541
DEC_4717,decoy,CN(C)c1ncnc2c1ncn2Cc1ccc([N+](=O)[O-])cc1,CHEMBL7716
DEC_0573,decoy,O=C1O/C(=C/I)CCC1c1cccc2ccccc12,CHEMBL6223
DEC_3032,decoy,COc1cccc2c1CC[C@H]1CN(CCn3c(=O)[nH]c4c(sc5ncncc54)c3=O)C[C@@H]21,CHEMBL288678
DEC_3532,decoy,Cc1cc(OCc2ccc(-c3ccccc3-c3nn[nH]n3)cc2)c(C=O)c(C)n1,CHEMBL22837
DEC_0064,decoy,CCN(CC)CCNC(=O)c1cc2c(c3oc4ccccc4c(=O)c13)C=CC(C)(C)O2,CHEMBL32287
DEC_0139,decoy,CCC(C)(C)/N=c1\c(O)c(O)\c1=N/Cc1ccc(F)c(Cl)c1,CHEMBL278829
DEC_1403,decoy,C=C(Cl)CN1C[C@H](OCC23C[C@@H]4[C@H](C)CC[C@H]4C4(C=O)CC2C=C(C(C)C)C34C(=O)O)O[C@H](C)[C@@H](OC)C1,CHEMBL44670
DEC_2350,decoy,CC[C@@]1(O)C(=O)OCc2c1cc1n(c2=O)Cc2cc3c(CNCCN(C)C)c(O)ccc3nc2-1,CHEMBL263974
DEC_3598,decoy,O=C1c2ccc(OCCN3CCCCC3)cc2C(=O)C12C(c1ccc(O)cc1)=Cc1cc(O)ccc12,CHEMBL432454
DEC_2423,decoy,C#CCOc1ccc(S(=O)(=O)N(C)c2c(C)cc(Br)cc2C(=O)NO)cc1,CHEMBL278060
DEC_0384,decoy,CCCCCCCC(C(=O)N[C@H](C(=O)NC)C(C)(C)C)C(O)CS,CHEMBL16258
DEC_4151,decoy,O=c1c2c(oc(O)c1[C@H](c1cccc(NS(=O)(=O)c3ccccc3)c1)C1CC1)CCCCCC2,CHEMBL16580
DEC_1509,decoy,O=C(CI)N[C@@H]1CCC2C3Cc4ccc(O)c5c4C2(CCN3CC2CC2)[C@H]1O5,CHEMBL441013
DEC_2195,decoy,CNc1ncnc2c1ncn2Cc1ccccc1C(F)(F)F,CHEMBL268652
DEC_3153,decoy,N#Cc1c2n(c3c(N4CCN(CCc5ccc(Cl)cc5)CC4)ncnc13)CCCC2,CHEMBL282610
DEC_1914,decoy,N#Cc1c2n(c3c(N4CCN(CCc5ccc(F)c(F)c5)CC4)nc(-c4ccncc4)nc13)CCCC2,CHEMBL26635
DEC_0818,decoy,CNC(c1c(Cl)cc(O)cc1Cl)C(NC)c1c(Cl)cc(O)cc1Cl,CHEMBL27741
DEC_0884,decoy,C/C(=C/C[C@@H](O)[C@]1(C)CC[C@H](C(C)(C)O)O1)[C@H]1CC[C@H]2O[C@@H]([C@]3(C)CC[C@@H](Br)C(C)(C)O3)CC[C@]2(C)O1,CHEMBL277197
DEC_3624,decoy,O=C(/C=C/c1ccc(O)cc1)O[C@@H]1C[C@](OCc2cccs2)(C(=O)O)C[C@@H](O)[C@H]1O,CHEMBL35162
DEC_4449,decoy,Cc1c(C)c2c(c(C)c1O)CCC(C)(CN(C)CCOc1ccc(/C=C3\SC(=O)NC3=O)cc1)O2,CHEMBL6471
DEC_3997,decoy,Cc1ccc(-c2cc(CN(Cc3cccc(Br)c3)C(Cc3c[nH]cn3)C(N)=O)no2)cc1,CHEMBL57972
DEC_1972,decoy,O=C1[C@@H](NS(=O)(=O)c2ccc(-c3ccncc3)s2)CCN1Cc1cc2cc[nH]cc-2n1,CHEMBL266983
DEC_0085,decoy,c1cc(CCc2cccc(-c3nn[nH]n3)c2)cc(OCc2ccc3ccccc3n2)c1,CHEMBL279770
DEC_4387,decoy,CN(Cc1ccccc1)C(c1cccc2nc(O)c(O)nc12)P(=O)(O)O,CHEMBL12733
DEC_3608,decoy,Nc1nc2c(cnn2CCCc2ccc3c(c2)OC(CO)(CO)O3)c2nc(-c3ccco3)nn12,CHEMBL282888
DEC_4198,decoy,CN(C)CC(=O)N1c2ccccc2N2CCc3cccc(c32)C1CCc1ccccc1.O=C(O)C(=O)O,CHEMBL28460
DEC_0415,decoy,CCCc1cc(=O)oc2c3c(c4c(c12)OC(C)(C)C=C4)O[C@H](C(C)C)[C@@H](C)[C@H]3O,CHEMBL269359
DEC_2986,decoy,CNCCN(C)/C(S)=N/c1c(Cl)cccc1Cl.O=C(O)/C=C\C(=O)O,CHEMBL31958
DEC_0253,decoy,C[C@@H](n1cnc2cc(N3CCOC3=O)ccc2c1=O)[C@](O)(Cn1cncn1)c1ccc(F)cc1F,CHEMBL58771
DEC_2923,decoy,CC1CCCCN1C(=O)N(Cc1ccc(C(=N)N)cc1)NS(=O)(=O)c1ccc2ccccc2c1,CHEMBL39760
DEC_4692,decoy,C=C(Br)COc1noc2c1CNCC2.Cl,CHEMBL6807
DEC_1579,decoy,COc1cccc2c1CCC[C@H]2CN(C)CCc1ccc2c(c1)NCC2,CHEMBL274055
DEC_3892,decoy,CC(/N=c1\c(O)c(O)\c1=N/[C@H](C)C(C)(C)C)c1ccc(C#N)cc1,CHEMBL280209
DEC_4685,decoy,O=C1C=CC(=O)c2c(O)nc(CCBr)nc21,CHEMBL286813
DEC_0631,decoy,CCCc1c2oc(C(=O)O)cc(=O)c2cc2c(=O)cc(C(=O)O)n(CC)c12,CHEMBL746
DEC_2133,decoy,O=C1c2ccccc2C(=O)N1CCCCCN1CCN(c2nsc3ccccc23)CC1,CHEMBL41536
DEC_4501,decoy,CCNCC1CCN(c2cc3c(c(N)c2F)c(=O)c(C(=O)O)cn3CC)C1,CHEMBL15505
DEC_4220,decoy,CC1(C)C2CC[C@@]1(CS(=O)(=O)N1CCC3(CCc4ccccc43)CC1)[C@@H](NC(=O)Cc1c[nH]cn1)C2,CHEMBL20230
DEC_0714,decoy,CCN(CC)Cc1ccc(C(=O)OCC(=O)[C@@]2(O)CCC3C4CCC5=CC(=O)CCC5(C)C4C(O)CC32C)cc1,CHEMBL311170
DEC_4550,decoy,CCN1C(=O)c2c(nc(OC)n2Cc2ccc(O)c(Br)c2)N2C[C@@H](Cc3ccccc3)N=C12,CHEMBL23308
DEC_3966,decoy,COc1ccc(CCNCC(O)COc2ccc(-c3nc(CO)c[nH]3)cc2)cc1OC,CHEMBL10814
DEC_4350,decoy,C/C=C/c1ccc(OCC(=O)NCC(C)(C)CNC(=O)C2=CC(C)(C)NC2(C)C)c(OC)c1,CHEMBL442332
DEC_4487,decoy,C[C@H](NCCc1ccc(NCC(=O)O)c(Cl)c1)[C@H](O)c1ccc(O)cc1,CHEMBL32670
DEC_4008,decoy,CCCN(CCC)CC1CCCCN1CCNC(=O)N1c2ccccc2C(=O)Nc2cccnc21,CHEMBL279453
DEC_2282,decoy,Cc1ccc(C)c(-c2cc(C(F)F)nn2-c2ccc(S(N)(=O)=O)cc2)c1,CHEMBL280772
DEC_2078,decoy,Cn1cncc1C(O)(c1ccc(Cl)cc1)c1cc2c3c(c1)c(-c1cccc(Cl)c1)cc(=O)n3CO2,CHEMBL39274
DEC_3949,decoy,C=CCN1CC(=O)N2C(c3ccco3)C(C(=O)OCc3ccccc3)CC2(COCc2ccccc2)C1=O,CHEMBL275734
DEC_4779,decoy,Cc1ccc(N2CC(O)=C(C(=O)Nc3ccc(OCCCCCCCC(=O)O)cc3)C2=O)cc1,CHEMBL10357
DEC_1366,decoy,CN1CCN(c2ccc3nc(-c4ccc5nc(-c6ccc(O)cc6)[nH]c5c4)[nH]c3c2)CC1.Cl.Cl.Cl,CHEMBL34922
DEC_1215,decoy,CC(C)(C)C(=O)c1ccc(C(=O)O/C(=N\OCCCC(=O)O)c2ccc(C(=O)C(C)(C)C)cc2)cc1,CHEMBL436347
DEC_0293,decoy,O=C(Cc1cccc2ccccc12)N1CCC(CNCCCCNCC2CCCN2)CC1,CHEMBL25214
DEC_1882,decoy,C[C@]12CCC(=O)C=C1CCC1C2=CC[C@@]2(C)C1CC[C@]2(O)C(=O)CN1CCN(c2ccccn2)CC1,CHEMBL264092
DEC_0997,decoy,CCCCC[C@H](O)/C=C/[C@H]1[C@H](O)CC(=O)[C@@H]1C/C=C\CCCC(=O)O,CHEMBL548
DEC_3266,decoy,Nc1ncc(Cc2ccc(OCCCOc3cc(Cl)c(Cl)cc3Cl)cc2)c(N)n1,CHEMBL25112
DEC_3779,decoy,COC(=O)N[C@@H](c1ccccc1)[C@@H](O)C(=O)OC1CC2C(C)(C)C1(C)[C@@]13C[C@H](C)c4ccccc4[C@@]21O3,CHEMBL283462
DEC_1970,decoy,Brc1cccc(Nc2ncnc3cc4c(cnn4CCN4CCOCC4)cc23)c1,CHEMBL38199
DEC_1272,decoy,CC(C)=CCc1c(O)n(Cc2ccc(F)cc2)c2nc3c(n2c1=O)C(=O)N(C)CN3C,CHEMBL14066
DEC_1498,decoy,N.NS(=O)(=O)c1cc(S(=O)(=O)O)c(NCc2ccccc2)cc1Oc1ccccc1,CHEMBL17467
DEC_2886,decoy,CCc1nn(Cc2ccc(-c3ccccc3-c3nn[nH]n3)cc2)/c(=N/C(=O)C2CC2)s1,CHEMBL34190
DEC_4486,decoy,N=C(N)c1ccc(CNC(=O)C2=CCCC2C(=O)N2CCc3ccccc32)cc1,CHEMBL279400
DEC_2701,decoy,O=NN(CCF)C(=O)NC1C2CC3CC(C2)CC1C3,CHEMBL267546
DEC_0152,decoy,O=C(O)[C@@H]1C[C@H]2C[C@@H](Cc3ccc(-c4nn[nH]n4)cc3)CC[C@H]2CN1,CHEMBL417625
DEC_4747,decoy,COc1ccc(CCNCC(O)COc2ccc(-c3nc(-c4cccs4)c[nH]3)cc2)cc1OC,CHEMBL11671
DEC_1184,decoy,COc1ccc2c3c1OC1C(=O)[C@@H](C)CC4(O)C(C2)N(CC2CCC2)CCC314,CHEMBL32723
DEC_4185,decoy,O=C(Cn1c(Cl)cnc(NCC(F)(F)c2cccc[n+]2[O-])c1=O)NCc1cccc(Cl)c1Cl,CHEMBL416754
ACT_036,active,O=C(Nc1ccc(Cl)cc1)N[C@H]1CNCC[C@@H]1c1ccccc1,CHEMBL5899563
DEC_4201,decoy,CC(C)(N)CC(=O)NC1CC2CCC1(CS(=O)(=O)N1CCC3(CCc4ccccc43)CC1)C2(C)C,CHEMBL283578
DEC_3799,decoy,Cc1cc(-c2ccccc2)ccc1C(=O)N[C@@H](CCCN=C(N)N)B1O[C@@H]2CC3CC(C3(C)C)[C@]2(C)O1,CHEMBL289318
DEC_0357,decoy,O=NN(CCF)C(=O)NC1CCC(NC(=O)N(CCCl)N=O)CC1,CHEMBL12837
DEC_4620,decoy,Cc1cc(-c2c(F)cc3c(=O)c(Cc4ccc(N(C)C)cc4)cn(C4CC4)c3c2F)cc(C)n1,CHEMBL7689
DEC_1631,decoy,CCC(C)(C)/N=c1\c(O)c(O)\c1=N/Cc1ccc(Cl)cc1Cl,CHEMBL20352
DEC_1648,decoy,Cc1c(Cl)ccc(C[S+]([O-])c2nc3ccccc3[nH]2)c1N,CHEMBL19851
DEC_0831,decoy,CCc1c(Sc2cc(C)cc(C)c2)n(COCCO)c(=O)[nH]c1=O,CHEMBL16684
DEC_3272,decoy,O=C(O)COc1cccc2c1CCC(Cn1cc(C(c3ccccc3)c3ccccc3)cn1)=C2,CHEMBL430154
DEC_0263,decoy,CCCCc1cn(CCCC)c(=O)n1Cc1ccc(-c2ccccc2-c2nn[nH]n2)nc1,CHEMBL9642
DEC_1885,decoy,C[C@@]1(c2ccc(F)cc2)O[C@@H]2CC3C4CCC5=CC(=O)CC[C@@H]5C4CC[C@]3(C)[C@]2(C(=O)CO)O1,CHEMBL13977
DEC_1609,decoy,Cn1c(S)nnc1-c1cc(C(C)(C)C)c(O)c(C(C)(C)C)c1,CHEMBL12371
DEC_0600,decoy,Brc1cccc(Br)c1N(CC1CC1)C1=NCCN1,CHEMBL20079
DEC_0292,decoy,O=C(Cc1cccc2ccccc12)N1CCC(CNCCCCNCC2CCCCN2)CC1,CHEMBL23030
ACT_031,active,CC1C[C@@H](NC(=O)Nc2ccc(Cl)cc2F)C(=O)N1c1ccc(-c2cccnc2P(C)(C)=O)c(F)c1F,CHEMBL5813829
DEC_3018,decoy,C[C@@H](n1cnc2cc(N3CCOCC3)ccc2c1=O)[C@](O)(Cn1cncn1)c1ccc(F)cc1F,CHEMBL301021
DEC_3426,decoy,Cc1nc2c(n1Cc1ccc(-c3ccccc3-c3nn[nH]n3)cc1)C(O)(CC(=O)O)CCCC2,CHEMBL43861
DEC_0642,decoy,COCCN(CCOC)c1nn2c(-c3ccc(C)cc3)nnc2c2ccccc12,CHEMBL13869
DEC_2981,decoy,CCN(C(=O)C1CCC=C1C(=O)NCc1ccc(C(=N)N)cc1)c1ccccc1F,CHEMBL17712
DEC_3281,decoy,O=C(O)CCC/C=C/C[C@H]1[C@H](COCc2ccccc2)C2CC1(C#Cc1ccccc1)CO2,CHEMBL267813
DEC_0488,decoy,CCCCCCCC(=O)c1ccc(O)c(C(=O)Nc2ccc([N+](=O)[O-])cc2)c1,CHEMBL21581
DEC_3616,decoy,CC(=O)OCC1=C(C(=O)OC(C)(C)C)N2C(=O)[C@@H](Nc3nc4cc[nH]cc-4n3)C2SC1,CHEMBL13672
DEC_2660,decoy,CC(C)[C@H](NC(=O)C(=O)NC12CC3CC(CC(C3)C1)C2)C(=O)N[C@@H](CC(=O)O)C(=O)COc1c(F)c(F)cc(F)c1F,CHEMBL327683
ACT_052,active,CC(C)(CO)NC(=O)[C@H]1[C@H](C(=O)Nc2ncc(Br)s2)[C@@H]2CC[C@H]1C21CC1,CHEMBL3727702
DEC_0373,decoy,CC1(C)CC1C(=O)N/C(=C\CCCCCSCC(N)C(=O)O)C(=O)O,CHEMBL275318
DEC_3660,decoy,Cn1c(=O)c2nc(-c3ccc(S(=O)(=O)Oc4ccc([N+](=O)[O-])cc4)cc3)[nH]c2n(C)c1=O,CHEMBL9030
ACT_044,active,CC(=O)CCCCc1nc(NC(=O)OCc2ccccc2C)co1,CHEMBL5563146
DEC_3239,decoy,CN1CCc2cc(Cl)c(O)cc2C(c2ccccc2Br)C1,CHEMBL13325
DEC_3688,decoy,COc1cccc2c1CC[C@H]1CN(CCn3c(=O)[nH]c4c(sc5ccncc54)c3=O)C[C@@H]21,CHEMBL287965
DEC_1812,decoy,CC#CCOc1ccc(S(=O)(=O)Nc2c(C)cccc2C(=O)NO)cc1,CHEMBL19320
DEC_2435,decoy,CC(C)[C@@H](CN1CC[C@@](C)(c2cccc(O)c2)[C@@H](C)C1)NC(=O)[C@H]1Cc2ccc(O)cc2CN1,CHEMBL415247
DEC_4047,decoy,CC(C)(C)n1cc(C(=O)O)c(=O)c2cc(F)c(N3CCNCC3)nc21,CHEMBL26891
DEC_0989,decoy,CCCCC[C@H](O)/C(F)=C\[C@@H]1[C@@H](C/C=C\CCCC(=O)OC)[C@@H](O)C[C@H]1O,CHEMBL275767
DEC_4726,decoy,CNc1nc(Cl)c(Cl)c(N2CCN(C)CC2)n1,CHEMBL288330
DEC_2105,decoy,CN(C)/C=N\c1nc(/N=C/N(C)C)nc2ncc(Sc3ccc(Cl)c(Cl)c3)nc12,CHEMBL6584
DEC_4081,decoy,C=C1/C(=C\C=C\[C@@H]2CC[C@](C)(CCCCC(O)(C(F)(F)F)C(F)(F)F)C2(C)C)C[C@@H](O)C[C@@H]1O,CHEMBL43684
DEC_1584,decoy,C=C(c1c(Cl)cc(Cl)cc1OCC(O)CNC(C)C)n1ccnc1,CHEMBL15453
DEC_2429,decoy,O=C1[C@@H](NS(=O)(=O)c2cc3ccc(Cl)nc3s2)CCN1Cc1cc2[nH]cccc-2n1,CHEMBL268226
DEC_2297,decoy,Cc1cc(-c2c(F)cc3c(=O)c(Cc4ncc[nH]4)cn(C4CC4)c3c2F)cc(C)n1,CHEMBL8063
DEC_0103,decoy,CO[C@@]12[C@H](COC(N)=O)C3=C(C(=O)C(CSC4OC(CO)C(O)C(O)C4O)=C(N)C3=O)N1C[C@@H]1N[C@@H]12,CHEMBL50796
DEC_2410,decoy,CN(C(=O)[C@H](CC#Cc1c[nH]cn1)NS(=O)(=O)c1ccc2ccccc2c1)C1CCCC1,CHEMBL7201
ACT_023,active,CC/C=C\C[C@@H](O)/C=C/C=C\C[C@@H](O)/C=C/C=C/C=C\[C@@H](O)CCC(=O)O,CHEMBL5564062
DEC_3154,decoy,CN([C@@H]1CCN2CCc3ccccc3[C@@H]2C1)S(=O)(=O)c1cccc2ccccc12,CHEMBL30651
DEC_0962,decoy,CCc1ccc(-c2cc(C(F)(F)F)nn2-c2ccc(S(N)(=O)=O)cc2)cc1,CHEMBL28801
DEC_0840,decoy,CCN(CC)CCNc1ccc(CO)c2sc3ccccc3c(=O)c12,CHEMBL22077
DEC_2631,decoy,O=C1NC(=O)C(c2cc(Cl)ccc2S(=O)(=O)Cc2ccc(Cl)cc2)N1,CHEMBL19649
DEC_4480,decoy,CCCCc1nc2ccc(C(O)CO)cc2c(=O)n1Cc1ccc(-c2ccccc2-c2nn[nH]n2)cc1,CHEMBL15283
DEC_3328,decoy,c1cc(C2=NCCN2)ccc1CC1CCCN(c2ccc(C3=NCCN3)cc2)C1,CHEMBL9516
ACT_087,active,CSc1ccc(NC(=O)Nc2ccc3c(c2)C(=O)N(CCc2c[nH]cn2)C(c2ccc(Cl)o2)C3)cc1,CHEMBL5763874
DEC_4263,decoy,CC(OC(=O)c1ccccc1)n1c([S+]([O-])Cc2ccccn2)nc2ccccc21,CHEMBL276437
DEC_0861,decoy,NCCC1CN(c2c(F)cc3c(=O)c(C(=O)O)cn(C4CC4)c3c2F)CCO1,CHEMBL29565
DEC_3872,decoy,CN(Cc1c[nH]c2nc(N)nc(N)c12)c1cccc2ccccc12,CHEMBL278261
DEC_1533,decoy,CC1CCCCN1C(=O)N(Cc1ccc(C(=N)NO)cc1)NS(=O)(=O)c1ccc2ccccc2c1,CHEMBL37857
DEC_3217,decoy,CC(C)(C)c1cc(/C=C2\OC(N=C(N)N)=NC2=O)cc(C(C)(C)C)c1O,CHEMBL15781
DEC_4328,decoy,CCOc1cc(Cc2cnc(N)nc2N)cc(OCC)c1-n1cccc1,CHEMBL280378
DEC_4579,decoy,COc1ccc2c(c1OC(C)=O)-c1cc(O)cc3c1C(C2)N(C(=O)CN(CCCl)CCCl)CC3,CHEMBL7060
DEC_4354,decoy,Cc1cc(/C=C/c2ccccc2OCC(O)CNC(C)CCc2ccc(O)cc2)on1,CHEMBL284958
DEC_2835,decoy,N=C(N)NCCC[C@H]1NC(=O)N([C@H](Cc2ccc3ccccc3c2)C(=O)N2CCC3(CCc4ccccc43)CC2)C1=O,CHEMBL307789
DEC_0027,decoy,O=C1NC(=O)C(CC#Cc2ccccc2)(S(=O)(=O)c2ccc3ccccc3c2)S1,CHEMBL269643
DEC_1203,decoy,C=C(Cl)CN1C[C@H](OCC23C[C@@H]4[C@H](C)CC[C@H]4C4(C=O)CC2C=C(C(C)C)[C@@]34C(=O)O)OC[C@H]1C,CHEMBL31066
DEC_3470,decoy,C#CCN(CC1CCc2nc(N)nc(O)c2C1)c1ccc(C(=O)O)cc1,CHEMBL22290
DEC_1191,decoy,N#Cc1ccc(-c2cc(C(F)F)nn2-c2ccc(S(N)(=O)=O)cc2)cc1,CHEMBL281504
DEC_3505,decoy,COc1cc2c(c(OC)c1OC)C(C)=NCC2.O=C(O)/C=C/C(=O)O,CHEMBL416055
DEC_3800,decoy,CCCCc1nn(-c2c(Cl)cccc2Cl)c(=O)n1Cc1ccc(-c2ccccc2-c2nn[nH]n2)cc1,CHEMBL278741
DEC_4389,decoy,O=C(O)CCC/C=C\C[C@H]1C(=O)CC[C@@H]1NS(=O)(=O)c1ccc(F)cc1,CHEMBL441510
DEC_2328,decoy,Cc1cnsc1C(c1ccc(C(C)C)cc1)N1CCN(CCO)CC1,CHEMBL25102
DEC_4181,decoy,OC[C@@]1(CCCCCc2ccccc2)CC2C3Cc4ccc(O)c5c4C2(CCN3CC2CC2)C(O5)[C@@H]1O,CHEMBL9706
DEC_4720,decoy,CC(C)CN1C2=NCCN2C(=O)c2[nH]c(C(C)C)nc21,CHEMBL18844
DEC_2727,decoy,COc1c(Cl)c(O)c(C(=O)O)c(OC)c1Cl,CHEMBL275905
DEC_0257,decoy,OC(CCN1CCN(CCOC(c2ccc(F)cc2)c2ccc(F)cc2)CC1)c1ccco1,CHEMBL285566
DEC_3930,decoy,COC(=O)C(C)NP(=O)(OCC1OC(n2cc(C)c(=O)[nH]c2=O)CC1F)OCC(Cl)(Cl)Cl,CHEMBL419853
DEC_1900,decoy,O=C1C(N2CC2)=CC(=O)c2c(OS(=O)(=O)c3ccc(I)cc3)cccc21,CHEMBL289525
DEC_4073,decoy,Nc1nc(N)c2c(n1)CCC(Cc1cccc(OC(F)(F)F)c1)C2,CHEMBL266024
DEC_2801,decoy,N#CN=C1N(Cc2cccc(N)c2)[C@H](Cc2ccccc2)[C@H](O)[C@@H](O)[C@@H](Cc2ccccc2)N1Cc1cccc(N)c1,CHEMBL287049
DEC_2016,decoy,N#CCCn1nc(-c2ccc(OCc3ccccc3)cc2)oc1=S,CHEMBL17079
DEC_2464,decoy,CCN1[C@H]2N(C(=O)[C@@H]1CC(C)C)c1ccccc1[C@@]2(O)C[C@@H]1NC(=O)c2ccccc2N2C(=O)c3ccccc3NC12,CHEMBL293744
DEC_1512,decoy,CCS(=O)(=O)c1ccc2c(c1)/C(=C/c1[nH]c3c(c1CCCN1CCOCC1)CCCC3)C(=O)N2,CHEMBL57863
DEC_3245,decoy,Cc1c(OCC(F)(F)F)ccnc1C[S+]([O-])c1nc2ccccc2[nH]1,CHEMBL480
DEC_4762,decoy,CCCc1c(OCCCOc2cccc(NC(=O)CCC(=O)OCC)c2)ccc(C(C)=O)c1O,CHEMBL279355
DEC_2457,decoy,CC1(C)C2CC[C@@]1(CS(=O)(=O)N1CCC3(CCc4ccccc43)CC1)[C@@H](N1C(=O)C[C@@H](NCc3ccccc3)C1=O)C2,CHEMBL279022
ACT_083,active,CC1(C)OCC(CN(c2cc(C(N)=O)nc(-c3ccc(Oc4ccc(F)cc4)cc3)n2)S(C)(=O)=O)O1,CHEMBL3943872
DEC_1709,decoy,CC[C@H]1Cc2cc3c(C(F)(F)F)cc(O)nc3cc2N[C@@H]1CC,CHEMBL6959
DEC_1074,decoy,Cn1cncc1C(OCc1ccc(C#N)cc1-c1cc(Cl)cc(Cl)c1)c1ccc(C#N)nc1,CHEMBL289844
DEC_2193,decoy,O=NN(CCCl)C(=O)NC1CCC(Br)CC1,CHEMBL275279
DEC_2740,decoy,CCCN(CCC)C1CCc2c(ccc(O)c2O)C1,CHEMBL11845
DEC_4695,decoy,CN(C)/C(=N\C#N)C1=CC(C)(C)Oc2ccc([N+](=O)[O-])cc21,CHEMBL269157
DEC_3999,decoy,COc1ccc(CCCOC(=O)C2CCCCN2C(=O)NC23CC4CC(CC(C4)C2)C3)c(OC)c1,CHEMBL33860
DEC_1778,decoy,CSc1nnc([C@@H]2C[C@@H](S)CN2S(=O)(=O)c2ccc3ccccc3c2)n1-c1ccccc1,CHEMBL295909
DEC_4450,decoy,O=C1CC(c2nnn[nH]2)Oc2cc(OCc3cccc(OCc4ccc5ccccc5n4)c3)ccc21,CHEMBL47430
DEC_0326,decoy,CC(C)C[C@@H]1N[C@H]2N(C1=O)c1ccccc1[C@]2(C[C@@H]1NC(=O)c2ccccc2-n2c1nc1ccccc1c2=O)OC(=O)CCC(=O)O,CHEMBL292837
DEC_1298,decoy,CCOc1c(N2CCC(C)(CN)C2)c(F)cc2c(=O)c(C(=O)O)cn(C3CC3)c12,CHEMBL15738
DEC_1962,decoy,O=[N+]([O-])c1ccc2[nH]c3c(N4CCN(CCc5ccc(F)c(F)c5)CC4)ncnc3c2c1,CHEMBL25867
DEC_2005,decoy,CCCN(CCc1ccsc1)C1CCc2c(O)cccc2C1,CHEMBL7806
DEC_4520,decoy,N=C(N)c1ccc2oc(C(Cc3ccc(O[C@H]4CCNC4)cc3)C(=O)O)cc2c1,CHEMBL280158
DEC_3439,decoy,O=C(Cn1c(Cl)cnc(NCC(F)(F)c2ccccn2)c1=O)NCc1ncccc1F,CHEMBL30054
DEC_1814,decoy,CNC(=O)[C@@H](NC(=O)[C@H](CC(C)C)[C@@H](C(=O)NO)C1CCSC1)C(C)(C)C,CHEMBL29934
DEC_3191,decoy,CCCCc1nc2ccccc2c(=O)n1Cc1ccc(-c2ccccc2-c2nn[nH]n2)cc1,CHEMBL279515
DEC_4141,decoy,CCC(C)(O)C#Cc1nc(NCc2ccc(Cl)c(Cl)c2)c2ncn(C(C)C)c2n1,CHEMBL25840
DEC_4513,decoy,Cc1ccc(S(=O)(=O)N[C@@H]2CC[C@@H](O)[C@H]2C/C=C\CCCC(=O)O)cc1,CHEMBL280396
DEC_3925,decoy,CCN(/C=C1/C(=O)O[C@H](COC)[C@@]2(C)C1=C(O)C(=O)C1=C2[C@H](OC(C)=O)C[C@]2(C)C(=O)CC[C@@H]12)CC,CHEMBL279160
DEC_1691,decoy,O=C1[C@@H](NS(=O)(=O)c2cc3ncccc3s2)CCN1Cc1cc2c[nH]ccc-2n1,CHEMBL266068
DEC_0316,decoy,CCC(C)N(C[C@@H](O)[C@@H]1Cc2ccc(cc2)OCCCCCC(=O)N[C@@H](C(C)C)C(=O)N1)S(=O)(=O)c1ccc(N)cc1,CHEMBL288907
DEC_4124,decoy,Cc1cc(C)cc(-c2c(O)nc3cc(Cl)c(C(=O)Nc4cnccn4)cc3c2OCCC2CCCCN2)c1,CHEMBL45883
DEC_0379,decoy,COc1cc(N(CC(=O)O)C(=O)C(C)CS)cc(OC)c1OC,CHEMBL23443
DEC_4504,decoy,CC1CCC(C)C1OC(=O)[C@H](NC(=O)[C@@H](N)CC(=O)O)c1ccccc1,CHEMBL10023
DEC_3313,decoy,CC1CN(c2c(F)c(O)c3c(=O)c(C(=O)O)cn(C4CC4)c3c2F)CCN1,CHEMBL276102
DEC_0552,decoy,CCC(=O)N[C@H]1CCC2(O)C3Cc4ccc(O)c5c4C2(CCN3CC2CC2)[C@H]1O5,CHEMBL20786
DEC_3978,decoy,CNC(Cc1ccccc1)C(=O)N[C@H]1CCCC[C@@H]1C(=O)N[C@@H](C=O)CCCN=C(N)N,CHEMBL279953
DEC_3898,decoy,O=C(O)C1CC2CC(c3ccc(-c4nn[nH]n4)cc3)CCC2CN1,CHEMBL16303
DEC_3298,decoy,Fc1ccc(C(OCCN2CCN(C/C=C/Cc3ccccc3)CC2)c2ccc(F)cc2)cc1,CHEMBL40415
DEC_0435,decoy,CN1C(=O)C=C[C@]2(C)C3CC[C@@]4(C)C(CC[C@@]4(O)C#CCCCCl)C3CCC12,CHEMBL275284
DEC_3583,decoy,C/C(=C\Cn1oc(=O)[nH]c1=O)c1ccccc1OCc1nc(-c2ccc(C(F)(F)F)cc2)oc1C,CHEMBL7343
DEC_2211,decoy,CCN(C)/C(=N\C#N)C1=CC(C)(C)Oc2ccc([N+](=O)[O-])cc21,CHEMBL275243
DEC_1284,decoy,CCOc1ccccc1-c1nc2c3cnn(CCc4ccccc4)c3nc(N)n2n1,CHEMBL21434
DEC_4638,decoy,CCN1C(=O)c2c(nc(Cc3ccccc3)n2Cc2cccc(C)c2)N2C1=N[C@@H]1CCC[C@@H]12,CHEMBL23368
DEC_4656,decoy,Clc1cccc(N2CCN(CCCN3CCc4c([nH]c5ccccc45)C3)CC2)c1,CHEMBL412872
DEC_2264,decoy,C[S+]([O-])c1ccccc1-c1nc(-c2ccc(F)cc2)c(-c2ccncc2)[nH]1,CHEMBL277587
DEC_0708,decoy,C[C@H]1CC2C3CCC4=CC(=O)C=CC4(C)[C@@]3(F)[C@@H](O)CC2(C)[C@@]1(OC(=O)CCC(=O)OC(C)(C)C)C(=O)CCl,CHEMBL83845
DEC_0174,decoy,CCCCCCCCc1nc2c([nH]1)N1C(=N[C@@H]3CCC[C@@H]31)N(C)C2=O,CHEMBL18817
DEC_2506,decoy,CC(C)(C)c1cc(C(=O)CS(=O)(=O)CC2CC2)cc2c1OCC2(C)C,CHEMBL266858
DEC_3465,decoy,NS(=O)(=O)c1nnc(NC(=O)CCCCC(F)(F)C(F)(F)F)s1,CHEMBL286004
DEC_4512,decoy,Cc1ccc(S(=O)(=O)N[C@H]2CC[C@H](O)[C@@H]2C/C=C\CCCC(=O)O)cc1,CHEMBL19540
DEC_2254,decoy,C[C@H]1CNc2cc3nc(O)cc(C(F)(F)F)c3cc2C1CCC(F)(F)F,CHEMBL281945
DEC_3654,decoy,CC(C)C(NC(=O)Cn1c(-c2cccs2)ncc(NC=O)c1=O)C(=O)C(F)(F)F,CHEMBL10867
DEC_0746,decoy,C=CCN1CCN(C(c2ccccc2)c2ccc(-c3ccccn3)cc2)CC1,CHEMBL281680
DEC_0965,decoy,O=c1oc(NCCc2ccccc2I)nc2ccccc12,CHEMBL10003
DEC_1518,decoy,CCNC(=O)N(CCCN(C)C)C(=O)[C@@H]1C[C@@H]2c3ccc(C(C)(C)C)c4[nH]cc(c34)C[C@H]2N(C)C1,CHEMBL13805
DEC_2156,decoy,CC(/N=c1\c(O)c(O)\c1=N/c1ccc(CC#N)cc1)C(C)(C)C,CHEMBL18859
DEC_3863,decoy,Cc1cc(I)c2c(O)cc(C(=O)O)nc2c1,CHEMBL21856
DEC_2796,decoy,CN1CC(O)=C(C(=O)/C=C/C(Br)=C/c2ccccc2)C1=O,CHEMBL10383
DEC_1322,decoy,CCCc1cccc(=O)n1Cc1ccc(-c2ccccc2-c2nn[nH]n2)cc1,CHEMBL280130
DEC_0023,decoy,CN(C)Cc1ccccc1Sc1ccc(I)cc1N,CHEMBL23034
DEC_1413,decoy,CCCc1nc(CN2CCN(c3ccccn3)CC2)c(CO)n1Cc1ccc(-c2ccccc2-c2nn[nH]n2)cc1,CHEMBL72409
DEC_0760,decoy,C=C(c1cc(Cl)cc(Cl)c1OCc1ccsc1)n1ccnc1,CHEMBL25852
DEC_0388,decoy,CCCCc1ccc(Nc2nc(N)c3ncn(COCCO)c3n2)cc1,CHEMBL278226
DEC_3764,decoy,OC[C@@]1(CCCCc2ccccc2)CC2C3Cc4ccc(O)c5c4C2(CCN3CC2CCC2)C(O5)[C@@H]1O,CHEMBL273257
DEC_1179,decoy,COc1cccc2c1C(CN1CCC3(CC1)C(=O)NCN3c1ccccc1)CCO2,CHEMBL14349
DEC_0113,decoy,C[C@@H](/N=c1\c(O)c(O)\c1=N/c1ccc(C#N)c(Cl)c1)C(C)(C)C,CHEMBL19420
DEC_0530,decoy,CCC(C)c1ccc2c(c1)-c1oc(C(=O)O)cc(=O)c1CS2.NCCO,CHEMBL28840
DEC_1671,decoy,C#CCN(Cc1ccc2nc(C)nc(O)c2c1)c1ccc(C(=O)N[C@H](C)C(=O)O)cc1,CHEMBL266508
DEC_1245,decoy,CC1(CCCCN2CCSCC2)COC(c2nc(-c3ccccc3)c(-c3ccccc3)[nH]2)OC1,CHEMBL286611
DEC_1091,decoy,CCN(C)CC#CCCC1(C2(O)c3ccccc3Sc3ccccc32)SCCCS1,CHEMBL40930
DEC_1236,decoy,CCCCc1nc2ccc(-c3ccco3)cc2c(=O)n1Cc1ccc(-c2ccccc2-c2nn[nH]n2)cc1,CHEMBL47449
DEC_3911,decoy,CCCCS/C=C1\C(=O)O[C@H](COC)[C@@]2(C)C1=C(O)C(=O)C1=C2[C@H](OC(C)=O)C[C@]2(C)C(=O)CC[C@@H]12,CHEMBL13353
DEC_1010,decoy,c1ccc(CN2CCC(CCN=c3cc4c(n[nH]3)-c3ccccc3C4)CC2)cc1,CHEMBL281799
DEC_3516,decoy,CCOC(=O)c1cc2c3cc(-n4cnnc4)c(Cl)cc3nc(O)n2n1,CHEMBL268445
DEC_3292,decoy,CN1CCN(CCCCC2(C)COC(c3nc(-c4ccccc4)c(-c4ccccc4)[nH]3)OC2)CC1,CHEMBL280785
DEC_4774,decoy,COc1ccc(CCC(C)(C)NCC(O)COc2ccccc2/C=C/c2cc(C)no2)cc1,CHEMBL284259
DEC_1708,decoy,CC[C@@H]1Cc2cc3c(C(F)(F)F)cc(O)nc3cc2N[C@@H]1CC,CHEMBL7421
DEC_1566,decoy,COc1cc(NC(C)CCCN)c2nccc(C)c2c1OCC1CCCCC1,CHEMBL18760
DEC_2640,decoy,N#Cc1ccc(NC(=O)Nc2ccccc2Br)c(O)c1Br,CHEMBL28009
DEC_2930,decoy,CC1CCN(C(=O)N(Cc2cccc(C(=N)N)c2)NS(=O)(=O)c2ccc3ccccc3c2)CC1,CHEMBL37318
DEC_1713,decoy,N=C(N)c1ccc(-c2ccc(-c3ccc(C(=N)N)cc3)o2)cc1,CHEMBL24057
DEC_0911,decoy,CN(CCCNc1ccc2ncn3c4ccccc4c(=O)c1c23)CCCNc1ccc2ncn3c4ccccc4c(=O)c1c23,CHEMBL320415
DEC_0655,decoy,C=C(CC[C@]12O[C@H](CO)[C@@](O)(C(=O)O)[C@](C(=O)O)(O1)[C@H](O)[C@H]2O)[C@@H](OC(C)=O)[C@H](C)Cc1ccccc1,CHEMBL282341
DEC_0851,decoy,Cc1cc2c(s1)CCC(CN[C@H]1CC[C@@H](Oc3ccccc3)[C@@H]1O)C2=O,CHEMBL14987
DEC_3346,decoy,Cc1ccc(S(=O)(=O)C2(CC#Cc3ccccc3)SC(=O)NC2=O)cc1,CHEMBL268276
DEC_4174,decoy,CC(=N)N1CC[C@H](Oc2ccc(C(Cc3ccc4cc(C(=N)N)ccc4c3)C(=O)O)cc2)C1,CHEMBL19594
DEC_3339,decoy,NS(=O)(=O)c1ccc(-n2nc(C(F)(F)F)cc2-c2ccc(O)cc2)cc1,CHEMBL282390
DEC_4077,decoy,CCn1cc(C(=O)O)c(=O)c2c(N)c(F)c(N3CCNC(C)C3)c(F)c21,CHEMBL15608
DEC_1308,decoy,C=C(c1cc(Cl)cc(Cl)c1OCC(O)CNC(C)(C)C)n1ccnc1,CHEMBL15408
DEC_1235,decoy,CCCCc1cn(-c2c(CC)cccc2CC)c(=O)n1Cc1ccc(-c2ccccc2-c2nn[nH]n2)nc1,CHEMBL274668
DEC_3338,decoy,Cc1c(N2CC[C@H](N)C2)c(F)cn2c(=O)c(C(=O)O)cc(CC(C)(C)C)c12,CHEMBL16739
DEC_1057,decoy,CCN(CC)CC#CCCC1(C2(O)c3ccccc3CCc3ccccc32)SCCCS1,CHEMBL289989
DEC_4425,decoy,CCN1CCCC1CNC(=O)c1c(OC)ccc(I)c1O,CHEMBL8475
DEC_1305,decoy,CC(=O)Nc1c([N+](=O)[O-])cc2c(c1N1CCCCC1)C[C@H](O)C(C)(C)O2,CHEMBL14264
DEC_0537,decoy,NS(=O)(=O)c1ccc(NSC(=S)N2CCOCC2)c(Br)c1,CHEMBL418164
DEC_0479,decoy,CCCCCCCN(CC)CCCC(O)c1ccc(NS(C)(=O)=O)cc1,CHEMBL533
DEC_0853,decoy,Nc1c(F)c(N2CCNCC2)c(Cl)c2c1c(=O)c(C(=O)O)cn2C1CC1,CHEMBL15530
DEC_2707,decoy,c1ccc(CCNC2c3ccccc3Oc3ccccc32)nc1,CHEMBL20935
DEC_0722,decoy,CCCC(=O)O[C@]1(C(=O)COC(=O)C(C)C)CCC2C3C[C@H](F)C4=CC(=O)C=CC4(C)[C@@]3(F)C(O)CC21C,CHEMBL63709
DEC_3969,decoy,N[C@@H](CCC(=O)NC(CSCc1ccc(Cl)cc1)C(=O)NCC(=O)O)C(=O)O,CHEMBL31595
DEC_1526,decoy,CNS(=O)(=O)c1ccc2c(c1)/C(=C/c1[nH]c3c(c1CCCN1CCNCC1)CCCC3)C(=O)N2,CHEMBL55410
DEC_0358,decoy,CC1(C)CC1C(=O)N/C(=C\CCCCSCC(=O)C(=O)O)C(=O)O,CHEMBL417431
DEC_2892,decoy,O=C1N(CCO)CN(c2ccccc2)C12CCN(C1CCc3cccc(Cl)c3C1)CC2,CHEMBL26987
DEC_4675,decoy,CC(=O)c1ccc2c(c1)OCC(CCN1CCC(c3noc4cc(F)ccc34)CC1)O2,CHEMBL14043
DEC_0929,decoy,N=C(c1cc(Cl)cc(Cl)c1)N(N)S(=O)(=O)c1cc(Cl)c(Oc2ccc([N+](=O)[O-])cc2Cl)c(Cl)c1,CHEMBL83829
DEC_1107,decoy,Nc1cccc(CN2C(=O)N(Cc3ccc4[nH]ncc4c3)[C@H](Cc3ccccc3)[C@H](O)[C@H]2CCc2ccccc2)c1,CHEMBL290362
DEC_2382,decoy,COC(=O)CCC(=O)N[C@@H]1CCC2(O)C3Cc4ccc(O)c5c4C2(CCN3CC2CC2)C1O5,CHEMBL27090
DEC_3738,decoy,O=C(O)Cc1nn(Cc2nc3c(Cl)c(Cl)ccc3s2)c(=O)c2ccccc12,CHEMBL283364
DEC_1881,decoy,O=C1CC2(C(=O)N1)C(=O)N(Cc1nc3cc(C(F)(F)F)ccc3s1)C(=O)c1ccc(F)cc12,CHEMBL10552
DEC_4751,decoy,CCCC(O)c1cc(OCCCC(C)(C)C(=O)O)ccc1OCCCC(C)(C)C(=O)O,CHEMBL7545
DEC_0753,decoy,CC(CCCc1ccccn1)NC1c2ccccc2Oc2ccccc21,CHEMBL281360
DEC_2066,decoy,O=S(=O)(c1ccccc1)N1C[C@@H](CN2CCC3(CC2)CSc2ccccc23)[C@@H](c2ccccc2)C1,CHEMBL284487
DEC_2231,decoy,O=[N+]([O-])c1ccc(C2CCN(C3CCCCC3O)CC2)c([N+](=O)[O-])c1,CHEMBL22052
DEC_4552,decoy,CCCCc1nn(CC(F)(F)F)c(C(=O)O)c1Cc1ccc(-c2ccccc2-c2nn[nH]n2)cc1,CHEMBL281386
DEC_0759,decoy,C/C(=N\OCC#N)c1ccc(Sc2cc(F)cc(C3CCOCC3)c2)cc1,CHEMBL24925
DEC_2480,decoy,COC(=O)CNC(=O)[C@@H]1CC(=O)c2ccccc2N(Cc2ccccc2)C(=O)[C@@H](CC23CC4CC(CC(C4)C2)C3)N1C(C)=O,CHEMBL333623
ACT_073,active,NC(=O)c1cc(N[C@H]2CCNC2=O)nc(-c2ccc(Oc3ccc(Cl)cc3F)cc2)n1,CHEMBL3912013
DEC_2277,decoy,CN1CCc2cc(I)c(O)cc2[C@@H](c2ccccc2)C1,CHEMBL290118
DEC_2695,decoy,CC(=O)Nc1cc(C(=O)Nc2cc(C(=O)Nc3nc(C(=O)NCCCN(C)C)c(C(C)C)s3)n(C)c2)n(C)c1,CHEMBL67810
DEC_4137,decoy,Cc1cc(-c2c(F)cc3c(=O)c(Cc4c(O)cc(O)cc4O)cn(C4CC4)c3c2F)cc(C)n1,CHEMBL428339
DEC_2584,decoy,CCCCc1nc(Sc2ccccc2)c(C(=O)O)n1Cc1ccc(-c2ccccc2S(=O)(=O)NC(=O)NCCC)cc1,CHEMBL312386
DEC_2908,decoy,O=C(Cn1c(C2CCNCC2)nc2cc(Cl)c(Cl)cc21)N/N=C/c1cc[n+]([O-])cc1,CHEMBL20106
DEC_1848,decoy,Cc1cc(Cl)ccc1OCC(=O)NCCNC(=O)C1=CC(C)(C)NC1(C)C,CHEMBL280289
DEC_1115,decoy,C=CC(C)(C)c1c(C2=C(O)C(O)=C(c3c[nH]c4c(CCC(C)(C)O)cccc34)C(=O)C2=O)c2ccccc2n1C,CHEMBL279543
DEC_1569,decoy,CC#CCC(C)[C@H](O)/C=C/[C@@H]1[C@H]2C/C(=C/CCCC(=O)O)C[C@H]2C[C@H]1O,CHEMBL494
DEC_1598,decoy,Cc1cc(OCc2ccc(-c3ccccc3-c3nn[nH]n3)cc2)c(C)c(C)n1,CHEMBL22387
DEC_1414,decoy,COc1c(Br)c2c(c(OC)c1OC)C(=O)c1c(Br)c(OC)c(OC)c(OC)c1C2=O,CHEMBL58573
DEC_3938,decoy,COC(=O)C[C@@H](c1ccc(OC)nc1)N(C)C(=O)CCCCc1nc2c(cc1Br)CCCN2,CHEMBL275555
DEC_4285,decoy,Cc1nsc(-c2ccc(N3CCN(c4cccc(F)c4)CC3)nn2)n1,CHEMBL14713
DEC_4383,decoy,CN(C)CCNCc1nn2c3ccccc3c(=O)c3c(NCCN(C)C)ccc1c32,CHEMBL268630
DEC_3352,decoy,CC(C)CN1CCN(c2cc3c(cc2F)c(=O)c(C(=O)O)cn3C2CC2)CC1,CHEMBL276516
DEC_0423,decoy,CCc1nc2c(C)cc(C)nc2n1Cc1ccc(-c2cscc2-c2nn[nH]n2)cc1,CHEMBL274626
DEC_3125,decoy,Cc1nsc(-c2ccc(N3CCN(c4cccc(C(F)(F)F)c4)CC3)nc2)n1,CHEMBL441951
DEC_3048,decoy,O=C1OC2(CCN(CC(O)C3COc4ccccc4O3)CC2)CN1CCc1ccccc1,CHEMBL24974
DEC_1097,decoy,O=S(=O)(c1nc(-c2ccccc2Cl)c(-c2ccccc2Cl)[nH]1)C(F)(F)C(F)F,CHEMBL17840
DEC_4585,decoy,CCN(CC)CCSc1nnc(-c2cc(C(C)(C)C)c(O)c(C(C)(C)C)c2)s1,CHEMBL279336
DEC_2956,decoy,O=C(O)[C@@H]1CC2(CN1C(=O)CP(=O)(O)CCCCc1ccccc1)SCCS2,CHEMBL277270
DEC_0014,decoy,CC12CCC(O)CC1CCC1C2CCC2(C)[C@@H](C3=CC(=O)OC3)C(OC=O)CC12O,CHEMBL268340
DEC_4591,decoy,CCN(c1nc(C)cc(-c2ccccc2N)n1)c1ccc(C(C)C)cc1Br,CHEMBL9795
DEC_1392,decoy,CC(C)(C)c1ccc(S(=O)(=O)N2Cc3ccccc3N(Cc3ncc[nH]3)C(CCc3ccccc3)C2)cc1,CHEMBL8499
DEC_3028,decoy,COc1cc(NS(C)(=O)=O)ccc1Nc1c2ccc([N+](=O)[O-])cc2nc2c(C(N)=O)cccc12,CHEMBL296910
DEC_4015,decoy,CCCC#CCOc1ccc(S(=O)(=O)N(C)c2c(C)cc(Br)cc2C(=O)NO)cc1,CHEMBL18649
DEC_3480,decoy,CCn1c(=O)c2nc(-c3ccc(S(=O)(=O)O)cc3)[nH]c2n(CC)c1=O,CHEMBL11141
DEC_2834,decoy,Cc1cc(C(=O)N2CCOCC2)[nH]c1/C=C1\C(=O)Nc2ncnc(Nc3ccc4c(ccn4Cc4ccccc4)c3)c21,CHEMBL67057
DEC_2015,decoy,CCCCc1ccc(C(c2cc(C)ns2)N2CCN(C)CC2)cc1,CHEMBL553106
DEC_0031,decoy,Cn1c2ccncc2c2ncnc(N3CCN(CCc4ccc(F)c(F)c4)CC3)c21,CHEMBL430724
DEC_2648,decoy,CCNCC1CCN(c2c(F)cc3c(=O)c(C(=O)O)cn(C4CC4)c3c2C(F)(F)F)C1,CHEMBL275412
DEC_0458,decoy,CCCCCC1(CCCCC)C(=O)C(C(=O)C(C)C)=C(O)C(C(=O)C(C)C)=C1O,CHEMBL20050
DEC_3500,decoy,CN(CCO)S(=O)(=O)c1ccc2oc3ccc(C(=O)O)cc3c(=O)c2c1,CHEMBL23567
DEC_0587,decoy,CCN1C(=O)N(C2CCN(C3CCC(C(C)C)CC3)CC2)[C@@H]2CCCC[C@H]21,CHEMBL282195
DEC_1817,decoy,CCNCC1CCN(c2c(F)c(N)c3c(=O)c(C(=O)O)cn(CC)c3c2F)C1,CHEMBL15169
DEC_2375,decoy,O=C1[C@@H](NS(=O)(=O)c2ccc(-c3ccon3)s2)CCN1CCNc1ccncc1,CHEMBL267430
DEC_3378,decoy,COCc1c(OCc2ccc(-c3ccccc3-c3nn[nH]n3)cc2)cc(C)nc1C,CHEMBL283770
DEC_1331,decoy,Cc1cnsc1C(c1ccc(C(C)C)cc1)N1CCN(CC(C)O)CC1,CHEMBL416558
DEC_3369,decoy,CC(C)=CC[C@@H](OC(=O)Cc1ccccc1)C1=CC(=O)c2c(O)ccc(O)c2C1=O,CHEMBL8804
DEC_4663,decoy,COc1ccc(C2Sc3ccccc3-n3c(CN4CCOCC4)ccc32)c(OC)c1,CHEMBL281762
DEC_0431,decoy,Brc1cccc(Br)c1N(Cc1ccccc1)C1=NCCN1,CHEMBL20241
DEC_0960,decoy,CCN(CC)C(=O)[C@@H]1C=C2c3cccc4[nH]c(Br)c(c34)C[C@H]2N(C)C1,CHEMBL274384
DEC_2013,decoy,N#Cc1ccc2c(ncn2CCOc2ccc(Cc3ccccc3)cc2)n1,CHEMBL273570
DEC_3098,decoy,COc1ccc2[nH]c3c(C)c4ccnc(NCCCN)c4cc3c2c1,CHEMBL277700
DEC_3797,decoy,CCOC(=O)N[C@@H](c1ccoc1)[C@@H](O)C(=O)OC1CC2C(C)(C)C1(C)[C@@]13C[C@H](C)c4ccccc4[C@@]21O3,CHEMBL286209
DEC_2188,decoy,Cc1ccc(C)n1Nc1nnc(N2CCOCC2)c2ccccc12,CHEMBL267764
ACT_024,active,CSc1ccc(NC(=O)Nc2c(C(C)C)n(C)n(C3=NCCS3)c2=O)cc1,CHEMBL377163
DEC_3447,decoy,COc1ccccc1-c1ccc(C[C@H](CC(=O)NO)C(=O)N[C@H]2c3ccccc3C[C@H]2O)cc1,CHEMBL9086
DEC_1751,decoy,CC[C@@H]1CO[C@H]2[C@@H]1[C@H](O)[C@H](OCC13C[C@@H]4[C@H](C)CC[C@H]4C4(C=O)CC1C=C(C(C)C)C34C(=O)O)O[C@@H]2C,CHEMBL295550
DEC_4768,decoy,CCCCCCCNC(=O)c1coc(C2C3CCC(O3)C2Cc2ccccc2CCC(=O)O)n1,CHEMBL30743
DEC_2634,decoy,Cc1c(F)c(N2CCNCC2)cc2c1c(=O)c(C(=O)O)cn2-c1ccc(F)cc1F,CHEMBL15829
DEC_3285,decoy,Cc1cc(OCc2ccc(-c3ccccc3-c3nn[nH]n3)cc2)c(Cc2ccccc2)c(C)n1,CHEMBL23006
DEC_0013,decoy,CCCc1cc(=O)oc2c(C(=O)C(C)(C)C(C)O)c(O)c3c(c12)OC(C)(C)C=C3,CHEMBL269121
DEC_0829,decoy,Cc1nc2c(n1Cc1ccc(-c3ccccc3-c3nn[nH]n3)cc1)/C(=C/C(=O)O)CCCC2,CHEMBL289391
DEC_1558,decoy,C=C(c1cc(Cl)cc(Cl)c1OCC(O)CNC(C)C)n1ccnc1,CHEMBL15818
DEC_2090,decoy,CC(=O)N1CCc2ccc(N(C(=O)C/C=C/c3ccccc3)C3CCN(Cc4ccccc4)CC3)cc21,CHEMBL430532
DEC_0077,decoy,CC1(C)CC1C(=O)N/C(=C\CCCCSc1ncccc1C(=O)O)C(=O)O,CHEMBL11747
DEC_3301,decoy,CCSc1ccnc(C[S+]([O-])c2nc3ccccc3n2CSc2ccccc2)c1C,CHEMBL9829
DEC_3257,decoy,Cc1cccc2nc(Nc3ccccc3I)oc(=O)c12,CHEMBL275726
DEC_3751,decoy,O=C(O)Cc1nn(Cc2ccc(-c3nc4ccccc4s3)cc2)c(=O)c2ccccc12,CHEMBL414405
DEC_2192,decoy,CCCn1c(=O)c2nc(-c3ccc(N)cc3N)[nH]c2n(CCC)c1=O,CHEMBL415971
DEC_2130,decoy,CO[C@]1(c2cnc(Sc3ccc(/C(C)=N/OCC#N)cc3)s2)CCO[C@@H](C)C1,CHEMBL276958
DEC_0036,decoy,O=c1oc2ncccc2n1CCCN1CCN(c2cccc3ccccc23)CC1,CHEMBL23776
DEC_2758,decoy,O=C1Nc2ccc(F)cc2C(OCC=C(Cl)Cl)(C(F)(F)F)O1,CHEMBL17010
DEC_0701,decoy,CC(C)C1=CC2CC3(C=O)[C@@H]4CC[C@@H](C)[C@H]4CC2(CO[C@H]2CN(CC=C(Cl)Cl)[C@H](C)CO2)[C@]13C(=O)O,CHEMBL284336
DEC_0570,decoy,[O-][S+](CCC(F)(F)F)c1nc(-c2ccccc2)c(-c2ccccc2)[nH]1,CHEMBL18553
DEC_4418,decoy,CCOc1ccc(OCC)c(N(C)Cc2cnc3nc(N)nc(N)c3c2C)c1,CHEMBL23844
DEC_3152,decoy,C=C(C)C1Cc2c(ccc3c2OC2COc4cc(OC)c(OC)cc4C2C3=O)O1,CHEMBL418710
DEC_4445,decoy,COC(OC)[C@]1(C)Oc2ccc([N+](=O)[O-])cc2[C@@H](N(Cc2ncc[nH]2)c2ccc(Cl)cc2)[C@@H]1O,CHEMBL298323
DEC_0948,decoy,CCn1cc(C(=O)O)c(=O)c2cc(Br)c(N3CCN(C)CC3)cc21,CHEMBL27540
DEC_3633,decoy,Cc1ccc(S(=O)(=O)c2cc(C)n(CC(=O)NCc3ccc(N)nc3C)c(=O)c2N)cc1,CHEMBL32825
DEC_2948,decoy,N[C@H](C(=O)N1CCC(F)(F)C1)[C@H]1CC[C@H](NS(=O)(=O)c2ccc(OC(F)(F)F)cc2)CC1,CHEMBL423108
DEC_2754,decoy,[O-][S+](CC(F)(F)F)c1nc(-c2ccccc2)c(-c2ccccc2)[nH]1,CHEMBL279769
DEC_2618,decoy,CCNCC1CCN(c2c(F)cc3c(=O)c(C(=O)O)cn(C4(C)CC4)c3c2F)C1,CHEMBL6276
DEC_3116,decoy,O=C1c2ccccc2N(Cc2ccccc2)S(=O)(=O)N1COCc1ccccc1,CHEMBL8346
DEC_3914,decoy,CCC(=O)OCC(=O)[C@@]1(OC(=O)CC)[C@@H](C)C[C@H]2C3CCC4=CC(=O)C=C[C@]4(C)[C@@]3(F)[C@@H](O)[C@@H](O)[C@@]21C,CHEMBL56244
DEC_0999,decoy,CCCC(=O)N[C@@H](Cc1ccc(O)cc1)C(=O)NCCCCCCCCCN,CHEMBL279418
DEC_1258,decoy,O=C1c2ccccc2C(=O)N1OCCCN1CCN(c2ccc3ccccc3n2)CC1,CHEMBL274566
DEC_2987,decoy,C=CCNC(=O)C1C2C(=O)CC(c3ccc(O)cc32)C1C(=O)OCC[Si](C)(C)C,CHEMBL12490
DEC_2726,decoy,CCCCCCC1(c2ccc(N)cc2)CCC(=O)NC1=O,CHEMBL29339
DEC_0751,decoy,COC1(c2csc(Sc3ccc4c(c3)OCC/C4=N\O)c2)CCOCC1,CHEMBL284403
DEC_4340,decoy,CCCc1c(OCCCOc2cc(O)c(C(C)=O)cc2CC)cccc1OCC(=O)O,CHEMBL15648
DEC_2080,decoy,CC1(C)C(=O)N(c2ccc(C#N)c(C(F)(F)F)c2)C(=O)N1CCc1cccc(I)c1,CHEMBL9390
DEC_2859,decoy,O=[N+]([O-])c1ccc(-c2[nH]c(S(=O)(=O)C(F)(F)C(F)F)nc2-c2ccc(F)cc2)cc1,CHEMBL17995
DEC_3695,decoy,COc1cccc2c1CC[C@H]1CN(CCn3c(=O)[nH]c4c(sc5cccnc54)c3=O)C[C@@H]21,CHEMBL40650
DEC_0024,decoy,Cc1cc(C)cc(Sc2c(C(C)C)c(=O)[nH]c(=S)n2COCCO)c1,CHEMBL274265
ACT_082,active,Cc1ccc(NC(=O)NN2C(=O)NC3(CCC(C)CC3)C2=O)cc1,CHEMBL5965860
DEC_0342,decoy,COc1ccc(C[C@H]2NC(=O)/C=C/C[C@@H]([C@@](C)(O)C#Cc3ccccc3)OC(=O)[C@H](CC(C)C)OC(=O)CCNC2=O)cc1,CHEMBL266678
DEC_3241,decoy,Cc1cccc(SC2(CC#Cc3ccc(Cl)cc3)SC(=O)NC2=O)n1,CHEMBL276216
ACT_029,active,COc1cccc(Cc2cc(C)nn(CC(=O)Nc3ccc4c(c3)OCO4)c2=O)c1,CHEMBL556485
DEC_1975,decoy,COc1ccc2c3c1OC1[C@H](O)[C@](CO)(CCCc4ccccc4)CC4C(C2)N(C)CCC341,CHEMBL9983
DEC_4485,decoy,O=C(NO)[C@H]1CN(Cc2ccc(Oc3ccc4ccccc4c3)cc2)C(=O)N1,CHEMBL19855
ACT_035,active,CCOc1ccc2[nH]c(SCC(=O)Nc3ccccc3SC)nc2c1,CHEMBL3590213
DEC_2746,decoy,CC(C)(O)CC(=O)c1cc2c(c(C(C)(C)C)c1)OCCC2,CHEMBL15111
DEC_2221,decoy,Cc1ccc(C)n1Nc1nnc(N2CCOCC2)c2c1CCCC2,CHEMBL11446
DEC_1468,decoy,CCCCc1nc2ccc(CN)cc2c(=O)n1Cc1ccc(-c2ccccc2-c2nn[nH]n2)cc1,CHEMBL14507
DEC_2623,decoy,Cc1ccsc1C(=O)Nc1cc(CN2CCCC2)c(O)c(CN2CCCC2)c1,CHEMBL26807
DEC_0649,decoy,Cc1c(Sc2cccc(C(C)(C)C)c2)n(COCCO)c(=O)[nH]c1=O,CHEMBL276058
DEC_0762,decoy,CO[C@]1(c2cnc(Sc3ccc(/C(C)=N/O)cc3)s2)CCO[C@@H](C)C1,CHEMBL25348
DEC_1065,decoy,COc1ccc2c3c1OC1[C@H]4OC[C@@]4(CCCc4ccccc4)CC4C(C2)N(CC2CCC2)CCC341,CHEMBL417244
DEC_4743,decoy,N[C@@H](CO)[C@H](O)/C=C/CCCOC(=O)CCCCCc1ccc2ccc3cccc4ccc1c2c34,CHEMBL288581
DEC_3511,decoy,Nc1nc(N)c2c3c(oc2n1)CN(Cc1c(Cl)cccc1Cl)CC3,CHEMBL281962
DEC_4577,decoy,Cn1cnc(S(=O)(=O)Nc2cccc(C(c3c(O)c4c(oc3=O)CCCCCC4)C3CC3)c2)c1,CHEMBL16399
DEC_1721,decoy,CC1(C)C(=O)Nc2cc3[nH]c(/C=C/c4cccnc4)nc3cc21,CHEMBL26621
ACT_025,active,CN(C)C(=O)C(CCN1CCC(O)(c2ccc(Cl)cc2)CC1)(c1ccccc1)c1ccccc1,CHEMBL1707
DEC_2952,decoy,CCCCc1n[nH]c(C(=O)O)c1Cc1ccc(-c2ccccc2-c2nn[nH]n2)cc1,CHEMBL283975
DEC_1256,decoy,CCCCn1c(=O)c2c(ncn2S(=O)(=O)c2cccs2)n(CCCC)c1=O,CHEMBL20498
DEC_4382,decoy,CCN(CC)CCNCCNc1ccc2ncn3c4ccc(O)cc4c(=O)c1c23,CHEMBL413497
DEC_2169,decoy,Cc1ccc(C)n1Nc1ccc(N2C(C)COCC2C)nn1,CHEMBL273400
DEC_2653,decoy,CCC(=O)OCc1c([C@@](O)(CC)C(=O)NCCN(C)C)cc2n(c1=O)Cc1c-2nc2ccc(O)cc2c1[Si](C)(C)C,CHEMBL322525
DEC_3064,decoy,Cc1ccc2[nH]cc(CCNCC(O)c3cccc(Cl)c3)c2c1,CHEMBL24446
DEC_0691,decoy,O=S(=O)(c1ccc2ccccc2c1)N1C[C@H](S)C[C@H]1c1nnc(SCC2CC2)n1-c1ccccc1,CHEMBL47934
DEC_3121,decoy,O=C1c2ccccc2CCCN1CCN1CCC(N2C(=O)Cc3ccccc32)CC1,CHEMBL275258
DEC_0391,decoy,O=C(O)CN(CCN(CC(=O)O)c1ccccc1O)c1ccccc1O,CHEMBL21547
DEC_0012,decoy,CCCCC[C@](C)(O)/C=C/C1[C@H](O)C[C@@H]2OC(=O)C(F)(F)CC/C=C\C[C@H]12,CHEMBL12717
DEC_2207,decoy,Nc1nc2nn(Cc3ccc(F)cc3)cc2c2nc(-c3ccco3)nn12,CHEMBL278906
DEC_4546,decoy,CCCc1nc2c(n1Cc1ccc(-c3ccccc3-c3nn[nH]n3)cc1)C(O)(CC(=O)O)CCCC2,CHEMBL290848
DEC_0287,decoy,CCCCS(=O)(=O)NCCCn1c2c(c3ccccc31)C(=O)CN1CCCCC21,CHEMBL33112
DEC_0944,decoy,O=c1oc(Nc2ccccc2I)nc2cc(F)c(F)cc12,CHEMBL10716
DEC_4057,decoy,NC1CCN(c2c(F)c(O)c3c(=O)c(C(=O)O)cn(C4CC4)c3c2F)C1,CHEMBL15579
DEC_0961,decoy,Cc1[nH]c(/C=C2\C(=O)Nc3ccc(F)cc32)c(C)c1C(=O)NCc1ccncc1,CHEMBL268731
DEC_2715,decoy,CCCN(CCC)CC1CCc2cc(O)c(O)cc21,CHEMBL31979
DEC_3980,decoy,CCC(C)C(NC(=O)[C@H](CC(=O)NO)Cc1ccccc1)C(=O)NC(C(=O)O)C(C)C,CHEMBL28029
ACT_055,active,COc1cc2c(cc1OC)CN(C(=O)C(CCCCNC(=O)Nc1ccccc1)NC(=O)Nc1ccc(SC)cc1)CC2,CHEMBL5568231
DEC_4022,decoy,CN(Cc1ccccc1)CC1CN(c2c(F)cc3c(=O)c(C(=O)O)cn(C4CC4)c3c2F)CCO1,CHEMBL29802
DEC_1145,decoy,CC(C)c1cccc(C(C)C)c1NC(=O)NCC(NCc1ccc(O)c(CN(C)C)c1)c1ccccc1,CHEMBL53071
DEC_2837,decoy,Nc1ccc(CN2C(=O)N(Cc3ccc4[nH]ncc4c3)[C@H](Cc3ccccc3)[C@H](O)[C@@H](O)[C@H]2Cc2ccccc2)cc1F,CHEMBL312674
DEC_4583,decoy,CCCN(CC1CC1)c1nc(C)nc2c1sc(=S)n2-c1c(C)cc(C)cc1C,CHEMBL17619
DEC_4262,decoy,CCCn1c(=O)c2c(nc(/C=C/c3cccc(Cl)c3)n2C)n(CCC)c1=O,CHEMBL25964
DEC_1605,decoy,Nc1nc(N)c2c(/C=C/c3ccc4ccccc4c3)cccc2n1,CHEMBL6823
DEC_2316,decoy,c1cc(OCCCc2nnn[nH]2)cc(OCc2cc3ccccc3cn2)c1,CHEMBL17973
DEC_2985,decoy,CCNCC1CCN(c2c(F)cc3c(=O)c(C(=O)O)cn(C4CCCCC4)c3c2F)C1,CHEMBL267628
DEC_0408,decoy,CCCc1cc(=O)oc2c3c(c4c(c12)OC(C)(C)C=C4)O[C@H](CC)[C@H](C)[C@H]3O,CHEMBL266322
DEC_4242,decoy,Cn1c2cccnc2c2ncnc(N3CCN(CCc4ccc(F)c(F)c4)CC3)c21,CHEMBL282365
DEC_1963,decoy,CCCn1c(=O)c2nc(-c3ccc(I)cc3)[nH]c2n(CCC)c1=O,CHEMBL36963
DEC_4306,decoy,COc1cc(/N=c2\c(O)c(O)\c2=N/C(C)C(C)(C)C)c2ncccc2c1,CHEMBL19122
DEC_2565,decoy,CCCCc1nc(SC)c(C(C)(O)C(=O)OCC)n1Cc1ccc(-c2ccccc2S(=O)(=O)NC(=O)NCCC)cc1,CHEMBL313005
DEC_4049,decoy,Nc1nccc(-c2c(-c3ccc(F)cc3)ncn2C2CCNCC2)n1,CHEMBL274064
DEC_3355,decoy,COP(=O)([O-])Nc1ccc(Nc2c3ccccc3nc3ccccc23)cc1.[Na+],CHEMBL21928
DEC_3263,decoy,Cc1cc(C)n(CCCCC[S+]([O-])c2nc(-c3ccccc3)c(-c3ccccc3)[nH]2)n1,CHEMBL33661
DEC_1839,decoy,CC1(C)C=C(C(=O)NCC(O)CN2C(=O)c3ccccc3C2=O)C(C)(C)N1,CHEMBL279828
DEC_0106,decoy,C[C@@]1(CO)[C@H](O)CC[C@@]2(C)[C@H]1CC[C@H]1C[C@@H]3C[C@@]12CC[C@]3(O)CO,CHEMBL29711
DEC_3391,decoy,CC(C)c1cccc(C(C)C)c1OS(=O)(=O)NC(=O)Oc1c(F)cccc1F,CHEMBL22607
DEC_0345,decoy,COc1cccc2c1C(=O)c1c(O)c3c(c(O)c1C2=O)C[C@@](O)(C(C)=O)C[C@@H]3OC1CC(Cl)C(NC(=O)C(F)(F)F)C(C)O1,CHEMBL311371
DEC_4186,decoy,CC1(C)C2CC1[C@]1(C)OB([C@H](CCCN=C(N)N)NC(=O)Cc3ccc(-c4ccccc4)cc3)O[C@@H]1C2,CHEMBL434971
DEC_1357,decoy,CCc1nc2c(C)cc(C)nc2n1Cc1cc(I)c(O)c(I)c1,CHEMBL291358
DEC_0744,decoy,CCN(C)c1ccc(-c2nc3n(c2-c2ccc(N(C)CC)cc2)CCS3)cc1,CHEMBL276051
DEC_0211,decoy,Cc1cc(C)c(S(=O)(=O)N/N=C/c2cc3c(cc2[N+](=O)[O-])NC(CNC(C)C)CC3)c(C)c1,CHEMBL44393
DEC_4037,decoy,C[C@]12C=CC(=O)C=C1CC[C@@H]1[C@@H]2C(=O)C[C@@]2(C)[C@H]1CC[C@]2(O)C(=O)CO,CHEMBL635
DEC_3657,decoy,Cc1nc(N)ncc1CNC(=O)Cn1c(C)cnc(NCC(F)(F)c2ccccc2)c1=O,CHEMBL19527
DEC_4608,decoy,CCCCCN(C(=O)CC)[C@H]1CCC2C3CC[C@H]4N(C)C(=O)CC[C@]4(C)C3CC[C@@]21C,CHEMBL17194
DEC_1699,decoy,CCOc1c(N2CCC(N)C2)c(F)c(N)c2c(=O)c(C(=O)O)cn(C3CC3)c12,CHEMBL418355
DEC_1867,decoy,C/C(=C/Cc1c(O)n(Cc2ccccc2)c2nc3c(n2c1=O)C(=O)N(C)CN3C)C(F)(F)F,CHEMBL14054
DEC_4260,decoy,CC(C)N(CCC1(c2ccccc2Cl)C(=O)NCN2CCCCC21)C(C)C,CHEMBL23536
DEC_4531,decoy,C=CCN1C[C@H](OCC23C[C@@H]4[C@H](C)CC[C@H]4C4(C=O)CC2C=C(C(C)C)C34C(=O)O)O[C@H](C)[C@@H](OC)C1,CHEMBL49798
DEC_3206,decoy,CCCc1cc(OCc2ccncc2)cc(=O)n1Cc1ccc(-c2ccccc2-c2nn[nH]n2)cc1,CHEMBL21686
DEC_3411,decoy,C/C(=N\OCC(O)CO)c1ccc(S(=O)(=O)c2cccc(C3CCOCC3)c2)cc1,CHEMBL422047
DEC_0041,decoy,CCc1nc2c(C)cc(C)nc2n1Cc1ccc(-c2ccoc2-c2nn[nH]n2)cc1,CHEMBL14229
DEC_0193,decoy,CN(C)CCCCCNc1ccc2ncn3c4ccc(O)cc4c(=O)c1c23,CHEMBL268947
DEC_2083,decoy,O=C1CN(Cc2cncn2Cc2ccc(-c3cccc(C(F)(F)F)c3)cc2)CCN1c1cccc(Cl)c1,CHEMBL283380
DEC_0173,decoy,c1ccc(OCc2ccc3ccccc3n2)c(OCCCc2nnn[nH]2)c1,CHEMBL18450
DEC_0684,decoy,O=[N+]([O-])c1ccccc1Cn1c2c(c3ccccc31)C[C@@]1(O)[C@H]3Cc4ccc(O)c5c4[C@@]1(CCN3CC1CC1)[C@H]2O5,CHEMBL300071
DEC_4005,decoy,O=C(O)CCc1c(Cc2cccnc2)ccc2c1CCC(NS(=O)(=O)c1ccc(Cl)cc1)C2,CHEMBL28924
DEC_1854,decoy,O=C1C2Oc3c(O)ccc4c3C23CCN(CC2CC2)C(C4)[C@]3(O)CC12Cc1cc3ccccc3cc1C2,CHEMBL49704
DEC_0653,decoy,Nc1nc2c(cnn2CCc2ccccc2)c2nc(-c3ccc(O)cc3)nn12,CHEMBL279975
DEC_4558,decoy,COc1ccc([C@@H]2c3[nH]c4ccccc4c3C[C@@H]3C(=O)N([C@@H]4CCN(Cc5ccccc5)C4)CC(=O)N23)cc1,CHEMBL34276
DEC_3783,decoy,CCOC(=O)N[C@@H](c1cccnc1)[C@@H](O)C(=O)OC1CC2C(C)(C)C1(C)[C@@]13C[C@H](C)c4ccccc4[C@@]21O3,CHEMBL283414
DEC_2800,decoy,CCCCC(=N)NCCc1ccc2[nH]c3c(c2c1)C[C@@]1(O)C2Cc4ccc(O)c5c4C1(CCN2CC1CC1)C3O5,CHEMBL70693
DEC_0083,decoy,O=C1CC2(CCCC2)CC(=O)N1CCCCNCC1COc2c(ccc3ccccc23)O1,CHEMBL11787
DEC_0685,decoy,Cc1cn(C2C=CC(COP(=O)(OCC(Cl)(Cl)Cl)OCC(Cl)(Cl)Cl)O2)c(=O)[nH]c1=O,CHEMBL279534
DEC_3881,decoy,O=Cc1ccn(-c2cc3nc(O)c(O)nc3cc2C(F)(F)F)c1,CHEMBL12841
DEC_0046,decoy,O=c1cc(COC2CCOCC2)occ1OC(=O)[C@]12C[C@H]3C[C@H](C[C@H](C3)C1)C2,CHEMBL268251
DEC_3810,decoy,N#Cc1cccc(CN2C(=O)N(Cc3cccc(C#N)c3)[C@H](Cc3ccccc3)[C@H](O)[C@@H](O)[C@H]2Cc2ccccc2)c1,CHEMBL286531
DEC_3453,decoy,CN1CCN(C(=O)NCc2cc(Nc3ccnc4cc(Cl)ccc34)ccc2O)CC1,CHEMBL418222
DEC_4159,decoy,O=S(=O)(Nc1c(O)nc2cc(C(F)(F)F)ccc2c1Cc1ccccc1O)C(F)(F)F,CHEMBL288019
DEC_2145,decoy,c1cc(OCc2ccc3ccccc3n2)cc(OCc2ccccc2-c2nn[nH]n2)c1,CHEMBL18413
DEC_4268,decoy,COc1ccc(-c2nc(/N=C(\N)n3ccnc3)sc2-c2ccc(OC)cc2)cc1,CHEMBL274754
ACT_017,active,O=C(Nc1ccc(C(F)(F)F)cn1)N[C@@H]1CCCN(c2ccc(C3(CN4CCOCC4)CCCC3)cc2)C1=O,CHEMBL6024012
DEC_2668,decoy,CC(C)(NC(=O)CCc1ccc(OCn2cnnn2)c(P(=O)(O)O)c1)c1ccc(OCC2CCCCC2)c(C(N)=O)c1,CHEMBL311114
DEC_0812,decoy,CCS(=O)(=O)Cc1ccc(Nc2nc(Nc3ccccc3)c3ccccc3n2)cc1,CHEMBL273811
DEC_0964,decoy,CSc1ccc(-c2cc(C(F)(F)F)nn2-c2ccc(S(N)(=O)=O)cc2)cc1,CHEMBL283178
DEC_0364,decoy,CN(C)Cc1cccc(CSCCNc2n[s+]([O-])nc2N)c1,CHEMBL275476
DEC_1116,decoy,Cc1cc(C)cc(-c2[nH]c3ccc(C(=O)N4CCOCC4)cc3c2CCNCCCCc2ccc(O)cc2)c1,CHEMBL291201
DEC_1330,decoy,CC1CCC(N=Nc2ccccc2C(=O)O)=C2N(C)C=C(C(=O)O)C(=O)N21,CHEMBL14654
DEC_2418,decoy,CC#CCOc1ccc(S(=O)(=O)N(C)c2c(C)cc(Br)cc2C(=O)NO)cc1,CHEMBL19005
DEC_2829,decoy,Cc1ccc(C(=O)N[C@@H](Cc2ccc3ccccc3c2)[C@H](O)C(=O)N2C[C@@H](Cl)C[C@H]2C(=O)NC(C)(C)C)c(C)c1O,CHEMBL117271
DEC_0338,decoy,CC(C)C1C(=O)N2CCCC2(O)C2OC(NC(=O)C3C=C4c5cccc6[nH]c(Br)c(c56)CC4N(C)C3)(C(C)C)CN12,CHEMBL311816
ACT_003,active,OCCN(CCO)CCCN1c2ccccc2Sc2ccc(C(F)(F)F)cc21,CHEMBL4559340
DEC_0095,decoy,CCc1cc(OCc2ccc(-c3ccccc3-c3nn[nH]n3)cc2)c2c(n1)CCC2,CHEMBL283110
DEC_3472,decoy,CSC(CNC(=O)N(CCCl)N=O)n1cc(F)c(=O)[nH]c1=O,CHEMBL31024
DEC_1243,decoy,Cc1ccc(OC(C)(C)[C@H]2OC[C@@H](C/C=C\CCC(=O)O)[C@@H](c3cncn3C)O2)c([N+](=O)[O-])c1,CHEMBL278714
DEC_1805,decoy,CC1CCC(/C=N/c2ccc(CC(=O)O)cc2)=C2NC=C(C(=O)O)C(=O)N21,CHEMBL21364
DEC_4519,decoy,CC1(CCCCC(=O)O)c2ccccc2-c2nc(O)c3nc(C(=O)O)cn3c21,CHEMBL19194
DEC_4500,decoy,CCN(CC)C(=O)Nc1ccc(OCC(O)CNC(C)(C)C)c(C(C)=O)c1,CHEMBL27810
DEC_2162,decoy,CCC(C)(C)/N=c1\c(O)c(O)\c1=N/Cc1cc(F)cc(F)c1,CHEMBL19879
DEC_0712,decoy,Cc1cn(C2OC(COC(c3ccccc3)(c3ccccc3)c3ccccc3)C(N=[N+]=[N-])C2F)c(=O)[nH]c1=O,CHEMBL296496
DEC_2655,decoy,CC(C)(NC(=O)CCc1ccc(OCC(=O)O)c(P(=O)(O)O)c1)c1ccc(OCC2CCCCC2)c(C(N)=O)c1,CHEMBL433507
DEC_2724,decoy,C/C=C(\NC(=O)CC12CC3CC(CC(C3)C1)C2)C(=O)O,CHEMBL274394
DEC_4051,decoy,N=C(N)c1ccc(C(=O)N2CCC3(CCC(C(=O)O)CC3)CC2)cc1,CHEMBL25990
DEC_0662,decoy,O=C(O)CC[C@H](NC(=O)CC1OC(CN2CCC(O)(Cc3ccccc3)CC2)C(O)C(O)C1O)C(=O)O,CHEMBL290700
DEC_2893,decoy,CCCC1=NC2(CCSCC2)C(=O)N1Cc1ccc(-c2ccccc2-c2nn[nH]n2)cc1,CHEMBL289105
DEC_3759,decoy,C=C(Cl)CN1C[C@H](OCC23C[C@@H]4[C@H](C)CC[C@H]4C4(C=O)CC2C=C(C(C)C)[C@@]34C(=O)O)O[C@H](C)[C@H]1C,CHEMBL34273
DEC_1782,decoy,CC(=O)N1CCN(C(=O)/C=C/c2ccc(Sc3ccc4c(c3)OCC(C(=O)O)O4)c(Cl)c2)CC1,CHEMBL280660
DEC_1241,decoy,CCCCc1nn(CC(F)(F)F)c(COC)c1Cc1ccc(-c2ccccc2-c2nn[nH]n2)cc1,CHEMBL21891
DEC_3960,decoy,O=C(O)CN(Cc1ccccc1O)CC(O)CN(CC(=O)O)Cc1ccccc1O,CHEMBL20737
DEC_2559,decoy,O=C1N(Cc2cccc(Cn3nccn3)c2)[C@H](Cc2ccccc2)[C@H](O)[C@@H](O)[C@@H](Cc2ccccc2)N1Cc1ccc2[nH]ncc2c1,CHEMBL309238
DEC_4683,decoy,[O-][P@+]1(N(CCCl)CCCl)NC[C@@H](F)CO1,CHEMBL286807
DEC_3974,decoy,N[C@@H](CCC(=O)NC(CSCCCc1ccccc1)C(=O)NCC(=O)O)C(=O)O,CHEMBL31543
DEC_4462,decoy,CCCCc1nc2ccc(C3=NNC(=O)CC3)cc2n1Cc1ccc(-c2ccccc2-c2nn[nH]n2)cc1,CHEMBL26437
DEC_0171,decoy,CCCCC(C)(C)[C@H](O)/C=C/C1[C@H](O)C[C@@H]2OC(=O)CCC/C=C\C[C@H]12,CHEMBL12741
DEC_2945,decoy,CCNCC1CCN(c2c(F)cc3c(=O)c(C(=O)O)cn(-c4ccc(F)cc4)c3c2F)C1,CHEMBL268887
DEC_1359,decoy,O=S(=O)(N/N=C/C1NN(c2ccc(F)cc2)C2C(Cc3cccc4ccccc34)CCCC12)c1ccccc1,CHEMBL313352
ACT_002,active,CC(C)C[C@H](NC(=O)[C@H](CCCCN)NC(=O)[C@H](CO)NC(=O)[C@H](CC(C)C)NC(=O)[C@H](CO)NC(=O)[C@@H](N)CO)C(=O)O,CHEMBL3407845
DEC_4063,decoy,O=C(O)c1cn(C2CC2)c2c(F)c(N3CCNCC3)c(F)cc2c1=O,CHEMBL15549
DEC_2184,decoy,CCCCCCc1cccc(N2C(N)=NC(N)=NC2(C)C)c1,CHEMBL32063
DEC_2044,decoy,CCCCCCCN1C(=O)C2CC(c3ccc(N)cc3)(C2)C1=O,CHEMBL28173
DEC_2212,decoy,O=C(O)CN(C(=O)c1cccc([N+](=O)[O-])c1)c1ccc([N+](=O)[O-])cc1,CHEMBL8370
DEC_2549,decoy,N#CCCn1nc(-c2ccc(OCc3ccccc3)cc2)sc1=O,CHEMBL16530
DEC_0842,decoy,CCC(C)(O)C#Cc1nc(NCc2ccccc2)c2ncn(C(C)C)c2n1,CHEMBL26564
DEC_3151,decoy,COc1ccc(Cn2cnc3c2C(OCc2cccc(C)c2)N(C)N(C)C=N3)cc1,CHEMBL9700
DEC_3216,decoy,Nc1nc2ccc(Cl)cc2c2nc(-c3ccc(Br)o3)nn12,CHEMBL7266
DEC_2475,decoy,O=C1NC(=O)C2=C1c1cn(c3ccccc13)CCO[C@H](CNS(=O)(=O)c1ccccc1)CCn1cc2c2ccccc21,CHEMBL315389
ACT_100,active,CCCCC[C@H](O)c1nc(-c2ccccc2)oc1/C=C/[C@@H](O)[C@@H](O)CCCC(=O)OC(C)C,CHEMBL4434857
DEC_3138,decoy,O=C1CC2(CCCC2)CCN1OCCCN1CCN(c2nsc3ccccc23)CC1,CHEMBL269176
DEC_4211,decoy,O=C(CN1CCC(NC(=O)Oc2ccccc2)CC1)NC1CCc2cc(F)ccc2C1Cc1cccnc1,CHEMBL46799
DEC_2018,decoy,CCC1(CC)C(=O)C(C(=O)C(C)C)=C(O)C(C(=O)C(C)C)=C1O,CHEMBL19819
DEC_4027,decoy,COc1cc(C(=O)O)ccc1Cc1cn(C)c2ccc(C(=O)NCC(C)CC(F)(F)F)cc12,CHEMBL26612
DEC_2333,decoy,C=C(c1cc(C)cc(C)c1OCC(O)CNC(C)(C)C)n1ccnc1,CHEMBL15454
DEC_2326,decoy,COc1cc(CC(C)NC(C)C)c(OC)cc1I,CHEMBL10980
DEC_0592,decoy,O=C1c2ccccc2C(=O)C12C(c1cccc(O)c1)=Cc1cc(O)ccc12,CHEMBL25580
DEC_4587,decoy,CC(C)[S+]([O-])CC[C@@H](C)C1CCC2C3CC=C4C[C@@H](O)CC[C@]4(C)C3CC[C@@]21C,CHEMBL10484
DEC_0562,decoy,CC1(C)OC(S)=Nc2ccc(-c3cc(Br)cc(C#N)c3)cc21,CHEMBL24583
DEC_1893,decoy,O=C1[C@@H](NS(=O)(=O)c2cc3ccc(Cl)nc3s2)CCN1Cc1cc2c[nH]ccc-2n1,CHEMBL8509
DEC_3229,decoy,CC1(N)CCN(c2cc3c(cc2F)c(=O)c(C(=O)O)cn3C(C)(C)C)C1,CHEMBL25916
DEC_3435,decoy,CCOC(=O)COc1ccc(C(=O)c2ccc(O)c(CNC(C)=O)c2)c(Cl)c1Cl,CHEMBL38796
DEC_4396,decoy,CCc1cc(C(C)=O)c(O)cc1OCc1cccc(C(=O)N(CC)CCO)n1,CHEMBL34957
DEC_4688,decoy,CC1(C)OC(/C=C/c2ccc(S(C)(=O)=O)cc2)=CC1=O,CHEMBL274286
DEC_0715,decoy,COC(=O)N[C@@H](c1ccc(O)cc1)[C@@H](O)C(=O)OC1CC2C(C)(C)C1(C)[C@@]13CC(C)c4ccccc4[C@@]21O3,CHEMBL31423
DEC_4417,decoy,CCOC(=O)C1=CNC2=C(/C=N/c3cccc(C(=O)O)c3)CCC(C)N2C1=O,CHEMBL22612
DEC_2337,decoy,CCCCCCc1ccc(O)c(C(=O)NCc2ccc(C)c([N+](=O)[O-])c2)c1,CHEMBL21537
DEC_0634,decoy,O=C1Cc2cc(CCN3CCN(c4nsc5ccccc45)CC3)ccc2N1,CHEMBL35743
DEC_1261,decoy,O=C1c2ccccc2S(=O)(=O)N1CCCCN1CCC(c2ccccc2)C1,CHEMBL28831
DEC_1201,decoy,CCN(CC)CC#CCCCC1(C2(O)c3ccccc3Oc3ccccc32)SCCCS1,CHEMBL289122
DEC_4496,decoy,Cc1cccc(C)c1NC(=O)C(C)NCCCNC(=O)C1CC(C)(C)NC1(C)C,CHEMBL15673
DEC_4647,decoy,Fc1ccc([C@H]2OCO[C@]2(Cn2cncn2)c2ccc(Cl)cc2Cl)cc1,CHEMBL266615
ACT_006,active,CCCOc1c(OC)ccc(-c2cccc(C3=CB(O)OC3)c2)c1C#N,CHEMBL6049888
DEC_1092,decoy,CC1CCN(CC[C@@H](C)N(C)S(=O)(=O)c2cc(Br)c(Br)s2)CC1,CHEMBL274595
DEC_4205,decoy,CNS(=O)(=O)c1ccc2c(c1)/C(=C/c1[nH]c3c(c1CCCN1CCC(O)CC1)CCCC3)C(=O)N2,CHEMBL55496
DEC_0900,decoy,CC(C)C[C@@H]1OC(=O)C(C)(C)CNC(=O)[C@@H](CC2CCCCC2)NC(=O)/C=C/C[C@@H]([C@H](C)[C@H]2O[C@@H]2c2ccccc2)OC1=O,CHEMBL432373
DEC_3734,decoy,CC(C)(C)C(=O)c1ccc(C(=O)N(CC(=O)O)C(=O)c2ccc(C(=O)C(C)(C)C)cc2)cc1,CHEMBL41984
DEC_0656,decoy,Nc1nc2c(ncn2C2C=CC(OCP(=O)(O)OP(=O)(O)OP(=O)(O)O)C2)c(=O)[nH]1,CHEMBL538904
DEC_4756,decoy,O=C(O)CCc1ccccc1CN1CCC[C@H]1c1nc(C(=O)NCCCCC2CCCCC2)co1,CHEMBL281340
DEC_0956,decoy,NS(=O)(=O)c1ccc(-n2nc(C(F)(F)F)cc2-c2ccc(Cl)cc2)cc1,CHEMBL282093
DEC_3811,decoy,CCCCc1nc(Cl)c(C(=O)O)n1Cc1ccc2oc(-c3ccccc3-c3nnn[nH]3)c(Br)c2c1,CHEMBL304639
DEC_4128,decoy,CCCC(c1cccc(NS(=O)(=O)c2ccc(F)cc2)c1)c1c(O)c2c(oc1=O)CCCCCC2,CHEMBL278636
DEC_1644,decoy,O=[N+]([O-])c1ccc(S(=O)(=O)Nc2cccc3cc[nH]c23)cc1,CHEMBL20006
DEC_3157,decoy,CC(=O)c1ccc(-c2cccn(C(CN3CCC(O)C3)c3ccccc3)c2=O)s1,CHEMBL15272
DEC_0826,decoy,COP(=O)(Nc1ccc(Nc2c3ccccc3nc3cc(N)ccc23)cc1)OC,CHEMBL9762
DEC_4723,decoy,O=S1(=O)CCC(NC2c3ccccc3Oc3ccccc32)C1,CHEMBL20538
DEC_3927,decoy,CCCCN(Cc1ccc(-c2ccccc2-c2nn[nH]n2)cc1)c1ncnc2c1nc(S(C)(=O)=O)n2C,CHEMBL299608
DEC_3007,decoy,COC(=O)/C=C\C(=O)N(C)[C@H]1CCC2(O)C3Cc4ccc(O)c5c4C2(CCCN3CC2CC2)[C@H]1O5,CHEMBL289274
DEC_1735,decoy,O=C(O)Cc1ccc2c(c1)C(O)Cc1ccc(Cl)cc1O2,CHEMBL11026
DEC_2354,decoy,C=CCC(N)c1ccc([C@H]2C[C@H](SC3=C(C(=O)O)N4C(=O)[C@H]([C@@H](C)O)[C@H]4[C@H]3C)CN2)cc1,CHEMBL17606
DEC_4479,decoy,COc1ccc([C@@H](O)C(O)c2cc(OC)c(OC)c(OC)c2)cc1O[Si](C)(C)C(C)(C)C,CHEMBL284249
DEC_0192,decoy,CC(C)c1cccc(OCc2cccc(N3C(N)=NC(N)=NC3(C)C)c2)c1,CHEMBL20227
DEC_1433,decoy,CCCSC1=NS(=O)(=O)c2ccc(C(=O)O)cc2N1Cc1ccc(-c2ccccc2-c2nn[nH]n2)cc1,CHEMBL268004
DEC_1667,decoy,C=CCC1=C(C(=O)O)N2C(=O)[C@@H](NC(=O)[C@H](N)c3ccc(O)cc3)[C@H]2SC1,CHEMBL18825
DEC_1285,decoy,CCn1c(=O)c2c(nc(/C=C/c3cc(OC)c(OC)c(OC)c3)n2C)n(CC)c1=O,CHEMBL422399
DEC_1376,decoy,CCCCc1nc2ccc(I)cc2c(=O)n1Cc1ccc(-c2ccccc2-c2nn[nH]n2)cc1,CHEMBL286260
DEC_0560,decoy,CCOc1nc(C(Cl)(Cl)Cl)c(Cl)c(OCC)c1Cl,CHEMBL416886
DEC_2151,decoy,CO[C@H]1O[C@]2(C)OO[C@]13[C@H](CCO)CCC[C@@H]3CC2(C)C,CHEMBL280150
DEC_0412,decoy,Oc1c(Cl)c(OCC(F)(F)F)nc(C(Cl)(Cl)Cl)c1Cl,CHEMBL11430
DEC_2609,decoy,Cn1cc(C2=C(c3cn(CCCCO)c4ccccc34)C(=O)NC2=O)c2ccccc21,CHEMBL441172
DEC_0160,decoy,CCc1c(Sc2cc(C)cc(C)c2)n(COCCO)c(=S)[nH]c1=O,CHEMBL16793
DEC_2174,decoy,CC[C@]1(c2cccc([N+](=O)[O-])c2)OC[C@H]([C@@H]2CCCCN2)O1,CHEMBL26840
DEC_0468,decoy,CCN(CCCCCC(C)F)CCCC(O)c1ccc(NS(C)(=O)=O)cc1,CHEMBL13417
DEC_1353,decoy,CC(=O)O[C@@H]1C[C@@]2(C)C(CC[C@]3(C)C2CC=C2C4[C@@H](C)[C@H](C)CC[C@]4(C(=O)O)CC[C@]23C)[C@](C)(CO)[C@H]1O,CHEMBL19525
DEC_4415,decoy,CCCn1c(=O)c2nc(-c3ccc(/C=C/C(=O)O)cc3)[nH]c2n(CCC)c1=O,CHEMBL16997
DEC_2890,decoy,Cc1ccc(S(=O)(=O)C2(CC#Cc3cccc(Cl)c3)SC(=O)NC2=O)cc1,CHEMBL276877
DEC_3193,decoy,CC(C)(C)OC(=O)N(CCOc1cccc(NS(=O)(=O)c2ccccc2)c1)c1ccncc1,CHEMBL282014
DEC_3923,decoy,COC(=O)[C@@H](C)[C@H](O)[C@H](C)[C@H]1OC(=O)/C(OC)=C/C(C)=C/[C@@H](C)C(=O)[C@@H](C)C/C(C)=C/C=C/[C@@H]1OC,CHEMBL291450
DEC_2537,decoy,CCCn1c(=O)c2nc(-c3ccccc3N)[nH]c2n(CCC)c1=O,CHEMBL11104
DEC_2476,decoy,COc1cc2cc(C(=O)N3C[C@@H](CCl)c4c3cc(O)c3[nH]c(C)c(C(=O)N5CCN(C)CC5)c43)[nH]c2c(OC)c1OC,CHEMBL319667
DEC_1655,decoy,Cn1c2c(s/c1=N\C(=O)c1ccc(C(=N)N)cc1)C(=O)N(CCC(=O)O)C2,CHEMBL267528
DEC_3430,decoy,CNC(=O)[C@@H](NC(=O)[C@H](CC(C)C)[C@@H](C(=O)NO)C1CCC(C(C)(C)C)CC1)C(C)(C)C,CHEMBL29758
DEC_3785,decoy,Cc1cn(C2OC(COC(c3ccccc3)(c3ccccc3)c3ccccc3)C(F)C2F)c(=O)[nH]c1=O,CHEMBL42700
DEC_1495,decoy,CC(=O)NCc1cc(-c2ncco2)ccc1-c1ccccc1S(=O)(=O)Nc1onc(C)c1C,CHEMBL29422
DEC_0563,decoy,CN(Cc1cncn1C)c1ccc(C#N)c(-c2cccc3ccccc23)c1,CHEMBL28252
DEC_1397,decoy,CSc1nnc([C@@H]2C[C@@H](S)CN2S(=O)(=O)c2ccc3ccccc3c2)n1-c1ccc(F)c(Cl)c1,CHEMBL300855
DEC_3977,decoy,CNC(Cc1ccccc1)C(=O)N[C@@H]1CCCC[C@@H]1C(=O)N[C@@H](C=O)CCCN=C(N)N,CHEMBL430720
DEC_4098,decoy,Cc1c(C)c2c(c(C)c1O)CCC(C)(COc1ccc(NCC(O)COc3ccc4cccnc4c3)cc1)O2,CHEMBL66778
DEC_2228,decoy,[N-]=[N+]=NC1CC(N=[N+]=[N-])c2cc(C(=O)CC(=O)C(=O)O)ccc21,CHEMBL20592
DEC_0991,decoy,CCCCC[C@@H](O)/C=C/[C@@]1(F)[C@H](O)C[C@H](O)[C@@H]1C/C=C\CCCC(=O)OC,CHEMBL429003
DEC_4648,decoy,O=C1CC(Cc2ccccc2C(F)(F)F)C(=O)N1OS(=O)(=O)/C=C/c1ccccc1,CHEMBL42518
DEC_2885,decoy,CO[C@]1(c2cc(F)cc(S(=O)(=O)c3ccc(/C(C)=N/O)cc3)c2)CCO[C@@H](C)C1,CHEMBL282308
DEC_0022,decoy,CN(C)CCCNCc1cc(I)cc(C(C)(C)C)c1O,CHEMBL21174
DEC_1508,decoy,CN(C(=O)[C@H](CC#Cc1ccc(N)cc1)NS(=O)(=O)c1ccc2ccccc2c1)C1CCCC1,CHEMBL8122
DEC_1550,decoy,NCCN(CCN)CCNC1CCCCCCCCCCCCCC1,CHEMBL22171
DEC_2116,decoy,COc1nccc2c1c1ncnc(N3CCN(CCc4ccc(F)c(F)c4)CC3)c1n2C,CHEMBL284676
DEC_1162,decoy,CC(C)NS(=O)(=O)c1ccc2c(c1)C(n1ccccc1=O)=CC(C)(C)O2,CHEMBL12778
DEC_0240,decoy,Nc1nc2c(cnn2CCCc2ccc(S(=O)(=O)O)cc2)c2nc(-c3ccco3)nn12,CHEMBL278605
DEC_2309,decoy,NCCc1c[nH]c(CCCCC(c2ccccc2)c2ccccc2)n1,CHEMBL274767
DEC_4652,decoy,CN(C(=O)[C@H]1CCC2C3CCC4NC(=O)C=C[C@]4(C)C3CC[C@@]21C)c1ccccc1,CHEMBL25072
DEC_1150,decoy,CC(C)(C)C1CS(=O)(=O)C(c2cc(O)ccc2[N+](=O)[O-])S(=O)(=O)C1,CHEMBL32045
DEC_1536,decoy,Cc1ccccc1N1CCN(S(=O)(=O)CC23CCC(CC2NC(=O)[C@@H]2CCCNC2)C3(C)C)CC1,CHEMBL23821
DEC_2907,decoy,O=C1[C@@H](NS(=O)(=O)c2cc3ccc(Cl)cc3s2)CCN1Cc1cc2c[nH]ccc-2n1,CHEMBL267462
DEC_4541,decoy,CCCCc1nc2ccn(CC(=O)N(C)C)c(=O)c2n1Cc1ccc(-c2ccccc2-c2nnn[nH]2)cc1,CHEMBL288246
DEC_1105,decoy,CN(C)CCCc1c(/C=C2\C(=O)Nc3ccc(S(=O)(=O)Nc4ccccc4Cl)cc32)[nH]c2c1CCCC2,CHEMBL56504
DEC_4470,decoy,Cc1oc(-c2ccc(C(F)(F)F)cc2)nc1COc1cccc(C2(C)CC2Cn2oc(=O)[nH]c2=O)c1,CHEMBL6932
DEC_2127,decoy,CC[C@](OC)(c1cc(F)cc(OCc2ccc3c(ccc(=O)n3C)c2)c1)c1nccs1,CHEMBL442334
DEC_1976,decoy,CN1CCN(c2ccc(-c3cc(NCCCN4CCOCC4)c4ccccc4n3)cc2)CC1,CHEMBL21756
DEC_0800,decoy,CCN(CC)CCNc1nc(Nc2cc(Cl)cc(Cl)c2)nc2ccccc12,CHEMBL32680
DEC_3860,decoy,CC(C)(C)c1cc(-c2nnc(S)n2N)cc(C(C)(C)C)c1O,CHEMBL273956
DEC_2733,decoy,C=CCN(CC=C)c1ccc(Nn2c(C)ccc2C)nn1,CHEMBL275557
DEC_3596,decoy,COc1cccc2c1CCC1CN(CCCn3c(=O)[nH]c4c(sc5ccccc54)c3=O)CC21,CHEMBL40564
DEC_2335,decoy,O=C(O)CCC/C=C\C[C@H]1[C@H](F)CC[C@@H]1NS(=O)(=O)c1ccccc1,CHEMBL282931
DEC_1402,decoy,C=C(Cl)CN1C[C@@H](C)O[C@@H](OCC23C[C@@H]4[C@H](C)CC[C@H]4C4(C=O)CC2C=C(C(C)C)[C@@]34C(=O)O)[C@@H](OC(C)=O)C1,CHEMBL443855
DEC_2903,decoy,O=C1NC(=O)c2c1c1c3ccccc3n3c1c1c2c2ccccc2n1CN(C(CO)CO)C3,CHEMBL285613
DEC_3548,decoy,Cc1cccc2c1CCCC2N1CCC2(CC1)C(=O)NCN2c1ccccc1,CHEMBL280827
DEC_1920,decoy,C[C@]12CCC(=O)C=C1CCC1C2C(=O)C[C@@]2(C)C1CC[C@]2(O)C(=O)CN1CCN(c2ccccn2)CC1,CHEMBL274719
DEC_3606,decoy,CCN1CCN(C2=Nc3ccc(C(C)C)cc3CC=C2c2ccccc2)CC1.O=C(O)/C=C/C(=O)O,CHEMBL16736
DEC_0771,decoy,N#CCCn1nc(-c2ccc(OCc3ccccc3)cc2)sc1=S,CHEMBL16623
DEC_3442,decoy,CSc1sc(C(=N)N)cc1-c1nc(-c2ccc(NS(C)(=O)=O)cc2)cs1,CHEMBL29332
DEC_3205,decoy,CC(CCCCn1cnc2c1NC=NCC2O)(Cc1cccc(Br)c1)C(=O)O,CHEMBL290887
DEC_3188,decoy,O=C(O)Cc1ccccc1Cn1nnc(-c2cccc(OCc3ccc4ccccc4n3)c2)n1,CHEMBL19400
DEC_2214,decoy,COc1c(C(C)C)cc(Cc2cnc(N)nc2N)cc1C(C)C,CHEMBL280374
DEC_3140,decoy,O=C1c2ccccc2CCCN1CCN1CCC(n2c(=O)oc3ccccc32)CC1,CHEMBL273821
DEC_3497,decoy,O=C(O)CCC(=O)NC1c2ccccc2-c2nc(O)c3nc(C(=O)O)cn3c21,CHEMBL282030
DEC_0652,decoy,C=CCC1=CC2(OC)C(=CC1=O)O[C@H](c1cc(OC)c(OC)c(OC)c1)[C@H]2C,CHEMBL30352
DEC_1873,decoy,CC1(C)C2CC[C@@]1(CS(=O)(=O)N1CCC3(CCc4ccccc43)CC1)[C@@H](N1C(=O)C[C@H](N)C1=O)C2,CHEMBL19658
DEC_2905,decoy,CC(=O)Nc1ccc2[nH]c3c(N4CCN(CCc5ccc(F)c(F)c5)CC4)ncnc3c2c1,CHEMBL287181
DEC_1896,decoy,O=C(c1ccc([N+](=O)[O-])cc1)N1CCc2cc(S(=O)(=O)N3CC(c4ccccc4)NC3=O)ccc21,CHEMBL38709
DEC_3629,decoy,CCNCc1ccc([C@H]2C[C@H](SC3=C(C(=O)O)N4C(=O)[C@H]([C@@H](C)O)[C@H]4[C@H]3C)CN2)cc1,CHEMBL17630
DEC_2089,decoy,CC(=O)N1CCc2ccc(N(C3CCN(Cc4ccccc4)CC3)S(=O)(=O)/C=C/c3ccccc3)cc21,CHEMBL20965
DEC_1450,decoy,CC(C)CN1C[C@](O)([C@H](CC2CCCCC2)NC(=O)CC(C)(C)C)C[C@H]1C(=O)NC(C)(C)C,CHEMBL290349
DEC_4399,decoy,CC(=O)NCCCNc1ccc(NCCN(C)C)c2c1C(=O)c1ccccc1C2=O,CHEMBL28771
DEC_3022,decoy,O=C(Cn1c(Cl)cnc(NCC(F)(F)c2cccc[n+]2[O-])c1=O)NCc1ncccc1Cl,CHEMBL29019
DEC_1897,decoy,O=C1[C@@H](NS(=O)(=O)c2cc3ccnc(Cl)c3s2)CCN1Cc1cc2[nH]cccc-2n1,CHEMBL262447
DEC_0837,decoy,CCC(C)c1ccc2c(c1)-c1nc(C(=O)O)cc(O)c1CS2(=O)=O,CHEMBL29902
DEC_0245,decoy,COC(=O)C[C@@H](c1ccc(OC)nc1)N(C)C(=O)CCCCc1nc2c(cc1N)CCCN2,CHEMBL9462
DEC_4157,decoy,CC(C)C1=CC2CC3(C=O)[C@@H]4CC[C@@H](C)[C@H]4CC2(C(O)CCc2ccccc2)[C@]13C(=O)O,CHEMBL25652
DEC_1002,decoy,Cc1cccc(S(=O)(=O)C2(CC#Cc3ccccc3)SC(=O)NC2=O)c1,CHEMBL11834
DEC_0361,decoy,O=C(NCCNCC(O)COc1cccc2c1OCCO2)c1cccs1,CHEMBL30500
DEC_3306,decoy,C/C(CC1CCc2c(cccc2OCC(=O)O)C1)=N\OC(c1ccccc1)c1ccccc1,CHEMBL11088
DEC_1998,decoy,O=C1Cc2cc(CCN3CCN(c4nsc5ccccc45)CC3)c(Cl)cc2N1,CHEMBL708
DEC_4336,decoy,CCN(CC)CCCC(C)Nc1nc(Nc2ccc([N+](=O)[O-])cc2)c2ccccc2n1,CHEMBL31501
DEC_0352,decoy,COc1ccc(C[C@H]2NC(=O)/C=C/C[C@@H](C(=O)C#Cc3ccccc3)OC(=O)[C@H](CC(C)C)OC(=O)[C@H](C)CNC2=O)cc1,CHEMBL274130
ACT_064,active,NC(=O)c1cc(O[C@H]2CCNC2=O)nc(C2=CCC(Oc3ccc(C(F)(F)F)cc3)CC2)n1,CHEMBL3920546
DEC_4605,decoy,O=S1(=O)c2cccc3cccc(c23)N1CCCN1CC=C(c2c[nH]c3ccccc23)CC1,CHEMBL19613
DEC_1904,decoy,CN1CCN(CCCN2N=C3/C(=C/c4ccccc4)CS(=O)(=O)CC3C2c2ccccc2)CC1,CHEMBL34662
DEC_2097,decoy,O=C1NCN(c2cccc(F)c2)C12CCN(CCCN(c1ccc(F)cc1)c1ccc(F)cc1)CC2,CHEMBL49991
DEC_4150,decoy,O=c1c2c(oc(O)c1C(c1cccc(S(=O)(=O)Nc3ccccc3)c1)C1CC1)CCCCCC2,CHEMBL16421
DEC_2876,decoy,Cc1ccc(S(=O)(=O)C2(CC#Cc3ccccc3Cl)SC(=O)NC2=O)cc1,CHEMBL11689
DEC_1355,decoy,Oc1ccc2c3c1O[C@H]1c4c(c5ccccc5n4Cc4cccc(N=C=S)c4)C[C@@]4(O)C(C2)N(CC2CC2)CCC314,CHEMBL280649
DEC_3141,decoy,COc1c(C)cnc(C[S+]([O-])c2nc3ccccc3n2C(C)OC(C)=O)c1C,CHEMBL9857
DEC_0908,decoy,CCOCc1ccc2c(c1)c1c3c(c4c5cc(COCC)ccc5n5c4c1n2C1C[C@](O)(C(=O)OC)[C@]5(C)O1)CNC3=O,CHEMBL53885
DEC_2386,decoy,O=C(NCCNCC(O)COc1ccccc1I)c1ccco1,CHEMBL33858
DEC_1641,decoy,Cc1c2ccnc(NCCN(C)C)c2cc2c1[nH]c1ccc(O)cc12,CHEMBL431491
DEC_4705,decoy,O=C(O)c1cc2c3cc([N+](=O)[O-])c(Cl)cc3nc(O)n2n1,CHEMBL276624
DEC_1238,decoy,N#C/C(=C\c1ccccc1OCCN1CCN(Cc2ccccc2)CC1)c1noc2ccccc12,CHEMBL279049
DEC_0936,decoy,[O-][S+](c1ccc(Br)cc1)c1ccc(C#CC2(O)CN3CCC2CC3)cc1,CHEMBL286679
DEC_1051,decoy,Cc1ccccc1/C=C1\CSCC2C1=NN(CCCN1CCN(C)CC1)C2c1ccccc1C,CHEMBL434595
DEC_1842,decoy,CCC[C@H]1Cc2cc(C)n(CC(=O)NCc3ccc(N)nc3C)c(=O)c2NC1=O,CHEMBL275110
DEC_0300,decoy,O=C(O)[C@@H]1C[C@H](c2ccccc2)CN1C(=O)CP(=O)(O)CCCCc1ccccc1,CHEMBL279178
DEC_3071,decoy,COc1ccc(NS(=O)(=O)c2ccc(N)cc2)c2[nH]cc(Cl)c12,CHEMBL20047
DEC_3993,decoy,CC1(C)C2CC1[C@]1(C)OB([C@H](CCCN=C(N)N)NC(=O)c3ccc(-c4ccccc4)cc3)O[C@@H]1C2,CHEMBL276880
DEC_3939,decoy,O=C1c2cccc3cccc(c23)C(=O)N1CCNCCCNCCN1C(=O)c2cccc3cccc(c23)C1=O,CHEMBL31400
DEC_0636,decoy,CN(C)CCNC(=O)c1cc2c(c3oc4ccccc4c(=O)c13)C=CC(C)(C)O2,CHEMBL285470
DEC_1831,decoy,Cc1cccc(C)c1NC(=O)C(C)NCCNC(=O)C1=CC(C)(C)NC1(C)C,CHEMBL15736
DEC_4177,decoy,CC(=N)N1CC[C@H](Oc2ccc([C@@H](Cc3ccc4ccc(C(=N)N)cc4c3)C(=O)O)cc2)C1,CHEMBL19365
DEC_3496,decoy,CCNS(=O)(=O)c1ccc2c(c1)C[C@H]1[C@H](CNC(C)=O)OC(=O)N21,CHEMBL281396
DEC_2329,decoy,CCN(CC)CCCNc1nc(C)cc2nc3ccccc3c(O)c12,CHEMBL418019
DEC_1770,decoy,C[C@H]1CC2C3CCC4=CC(=O)C=CC4(C)[C@@]3(F)C(O)CC2(C)[C@@]1(OC(=O)c1ccoc1)C(=O)CCl,CHEMBL41403
DEC_0188,decoy,CCC(C)(O)C#Cc1nc(Nc2ccccc2)c2ncn(C(C)C)c2n1,CHEMBL284899
DEC_4414,decoy,CO[C@H]1C[C@@H](C(=O)O)N(C(=O)CP(=O)(O)CCCCc2ccccc2)C1,CHEMBL279619
DEC_1696,decoy,O=C1[C@@H](NS(=O)(=O)c2cc3ncccc3s2)CCN1Cc1cc2[nH]cccc-2n1,CHEMBL269611
DEC_0242,decoy,C#CCN(Cc1cc2c(O)nc(C)nc2cc1C)c1ccc(C(=O)NCc2nccs2)c(F)c1,CHEMBL268151
DEC_3816,decoy,O=c1c2c(oc(O)c1C(c1cccc(NS(=O)(=O)c3ccc(F)cc3F)c1)C1CC1)CCCCCC2,CHEMBL417624
DEC_0255,decoy,N#CN=C1N(CC2CC2)[C@H](Cc2ccccc2)[C@H](O)[C@@H](O)[C@@H](Cc2ccccc2)N1CC1CC1,CHEMBL36118
DEC_1923,decoy,C[C@@H](n1cnc2cc(-c3ccc(F)cc3)sc2c1=O)[C@](O)(Cn1cncn1)c1ccc(F)cc1F,CHEMBL430751
DEC_1452,decoy,O=C1N(CCCCCO)[C@H](Cc2ccccc2)[C@H](O)[C@@H](O)[C@@H](Cc2ccccc2)N1CC1CC1,CHEMBL28961
DEC_4460,decoy,C=C1C[C@@]23O[C@]2(c2ccccc21)C1CC(OC(=O)[C@H](O)[C@@H](NC(=O)OCC)c2ccoc2)C3(C)C1(C)C,CHEMBL284961
DEC_1202,decoy,O=NN(CCCl)C(=O)NC1CCC(CC2CCC(NC(=O)N(CCCl)N=O)CC2)CC1,CHEMBL12409
DEC_3431,decoy,O=C(Nc1ccc(Cn2cnc3ncnc-3c2O)cc1)c1ccc(S(=O)(=O)F)cc1,CHEMBL274013
DEC_3679,decoy,COC1=C(C)C(=O)c2c(c(COC(N)=O)c3n2CCC3OC(=O)c2cccnc2)C1=O,CHEMBL18052
DEC_1630,decoy,O=C(O)c1ccc(O)c(C(=O)/C=C/c2ccc3ccccc3n2)c1,CHEMBL12287
DEC_0686,decoy,C=C(Cl)CN1C[C@H](OCC23C[C@@H]4[C@H](C)CC[C@H]4C4(C=O)CC2C=C(C(C)C)[C@@]34C(=O)O)O[C@@H]2CCC[C@H]21,CHEMBL287194
DEC_4664,decoy,NS(=O)(=O)c1ccc(-n2nc(C(F)(F)F)cc2-c2ccc3c(c2)CCC3)cc1,CHEMBL29500
DEC_4208,decoy,O=P(O)(O)C(Cc1cccc2ccccc12)N[C@H](Cc1ccc(-c2ccccc2)cc1)c1nnn[nH]1,CHEMBL9963
DEC_4429,decoy,CCc1cc(/C=C/C(=O)O)ccc1NC(=O)c1cccc(NC2=NCCCN2)c1,CHEMBL34993
DEC_4503,decoy,COC(=O)c1cc(NC(=O)c2cccc(NC(=N)N)c2)ccc1/C=C/C(=O)O,CHEMBL34644
DEC_1477,decoy,Nc1[nH]nc2ccc(CN3C(=O)N[C@H](CCc4ccccc4)[C@@H](O)[C@H]3Cc3ccccc3)cc12,CHEMBL36437
DEC_3177,decoy,O=c1c2c(oc(O)c1C(c1cccc(NS(=O)(=O)c3ccccn3)c1)C1CC1)CCCCCC2,CHEMBL16636
DEC_0190,decoy,O=C1O[C@H](c2ccc(F)cc2)[C@@](Cn2cncn2)(c2ccc(F)cc2)O1,CHEMBL273497
DEC_1321,decoy,O=C(c1ccccc1Cl)C(O)(Cn1cncn1)c1ccccc1Cl,CHEMBL10565
DEC_4053,decoy,CCn1cc(C(=O)O)c(=O)c2cc(F)c(N3CCNCC3)c(F)c21,CHEMBL277523
DEC_4690,decoy,CC(=O)OC1O[C@@H]2O[C@@H](OC(C)=O)[C@@H]3CC[C@@H]([C@H]23)[C@H]1C,CHEMBL268482
DEC_0140,decoy,Clc1cc(N=NN2CCCC2)cc(Cl)c1NC1=NCCN1,CHEMBL22073
DEC_3323,decoy,CCn1cc(C(=O)O)c(=O)c2c(N)c(F)c(N3CC(C)NC(C)C3)c(F)c21,CHEMBL15151
DEC_4011,decoy,O=C(O)COc1ccc(-c2nc3c(=O)n(Cc4ccccc4)c(=O)n(Cc4ccccc4)c3[nH]2)cc1,CHEMBL417812
DEC_0142,decoy,CN1CC=C(c2c(O)cc(O)c3c(=O)cc(-c4ccccc4)oc23)CC1,CHEMBL8675
DEC_1479,decoy,CCCCc1cc(O)c([N+](=O)[O-])c(=O)n1Cc1ccc(-c2ccccc2-c2nn[nH]n2)cc1,CHEMBL283347
DEC_3864,decoy,CC1(C)N=C(N)N=C(N)N1c1ccc(C#Cc2ccccc2)cc1,CHEMBL284157
DEC_1277,decoy,O=[N+]([O-])O[C@@H]1CO[C@H]2[C@@H]1OC[C@H]2N1CCN(CCCSc2ccccc2)CC1,CHEMBL266304
DEC_1887,decoy,O=C1[C@@H](NS(=O)(=O)c2cc3ccnc(Cl)c3s2)CCN1Cc1cc2c[nH]ccc-2n1,CHEMBL8242
DEC_3831,decoy,Nc1ccc(CN2C(=O)N(Cc3ccc(N)cc3)[C@H](Cc3ccccc3)[C@H](O)[C@@H](O)[C@H]2Cc2ccccc2)cc1,CHEMBL287220
DEC_1159,decoy,C=C1[C@@H](O)CC[C@@]2(C)[C@@H](O)[C@H](O)C3=C(C)C(=O)C[C@@H]([C@@H](OC(C)=O)[C@H]12)C3(C)C,CHEMBL13574
DEC_0510,decoy,c1cc(N2CCN(c3ccc(C4=NCCN4)cc3)CC2)ccc1C1=NCCN1,CHEMBL8892
DEC_2467,decoy,C=C[C@H]1C[N@+]2(Cc3cc(C(C)(C)C)c(OC)c(C(C)(C)C)c3)CC[C@H]1C[C@H]2[C@H](O)c1ccnc2ccccc12.[Br-],CHEMBL26967
DEC_2938,decoy,Cc1cc(O)ccc1NC(=O)C1CCN(C(=O)Cn2c(=O)sc3ccc(Cl)cc32)CC1,CHEMBL16740
DEC_2606,decoy,N=C(NC1CC1)c1ccc(N2CCCN(c3ccc(C(=N)NC4CC4)cc3)CC2)cc1,CHEMBL9025
DEC_1165,decoy,CO[C@]12C=CC3(CC14CCC[C@H]4O)C1Cc4ccc(O)c5c4C3(CCN1C)[C@@H]2O5,CHEMBL416765
DEC_2651,decoy,O=C1N(Cc2ccc(CO)cc2)[C@H](Cc2ccncc2)[C@H](O)[C@@H](O)[C@@H](Cc2ccncc2)N1Cc1ccc(CO)cc1,CHEMBL262503
DEC_2383,decoy,COC(=O)/C=C/C(=O)N[C@@H]1CCC2C3Cc4ccc(O)c5c4C2(CCN3CC2CC2)[C@H]1O5,CHEMBL9262
DEC_4772,decoy,CCN(CC)CCCNC(=O)c1cc(Cl)c(NC(=O)COc2ccc(Cl)cc2)cc1OC,CHEMBL10802
DEC_3568,decoy,CN1CCN(CC#CCCC2(C3(O)c4ccccc4Oc4ccccc43)SCCCS2)CC1,CHEMBL41962
DEC_2310,decoy,O=S(=O)(Nc1cccc(OCCNc2ccncc2)c1)c1ccccc1,CHEMBL23813
DEC_1993,decoy,O=C1NC(=O)C(CC#Cc2ccc(F)c(F)c2)(S(=O)(=O)c2ccc(F)cc2)S1,CHEMBL12173
DEC_4258,decoy,O=c1oc(Nc2ccccc2I)nc2cc(F)ccc12,CHEMBL10435
DEC_0696,decoy,CC1CC2C3CCC4=CC(=O)C=CC4(C)[C@@]3(Cl)C(Cl)CC2(C)[C@@]1(OC(=O)c1ccoc1)C(=O)CO,CHEMBL10669
DEC_1757,decoy,CC(C)C1=CC2CC3(C=O)[C@@H]4CC[C@@H](C)[C@H]4CC2(CO[C@H]2C[C@@H]4OC(=O)O[C@@H]4[C@@H](C)O2)C13C(=O)O,CHEMBL277254
DEC_0542,decoy,O=C(O)Cc1cccc2c1Cc1c-2nc(O)c2nc(-c3cccc(C(=O)O)c3)cn12,CHEMBL28388
DEC_1209,decoy,COCCN(CCOC)c1nc(C)nc2c1sc(=S)n2-c1ccc(C(C)C)cc1Br,CHEMBL559127
DEC_0981,decoy,COC(=O)CC/C=C\CC[C@H]1C(=O)C[C@@H](O)[C@@H]1/C=C/CC(C)(O)CCCCO,CHEMBL6986
DEC_2095,decoy,O=C1NCN(c2ccc(F)cc2)C12CCN(CCCN(c1ccc(F)cc1)c1ccc(F)cc1)CC2,CHEMBL300259
DEC_4085,decoy,C=CC(C)(C)c1[nH]c2ccccc2c1C1=C(O)C(N)=C(c2c[nH]c3c(CC=C(C)C)cccc23)C(=O)C1=O,CHEMBL18842
DEC_0438,decoy,Cc1nc(O)c2c(ccc3nc(Nc4c(Cl)cccc4Cl)n(C)c32)c1CCO,CHEMBL27079
DEC_3711,decoy,O=C(c1ccc(Cl)cc1Cl)C(O)(Cn1cnnc1)c1ccc(Cl)cc1Cl,CHEMBL10547
DEC_3415,decoy,CC(C)NCc1ccc([C@H]2C[C@H](SC3=C(C(=O)O)N4C(=O)[C@H]([C@@H](C)O)[C@H]4[C@H]3C)CN2)cc1,CHEMBL17437
DEC_3926,decoy,CCOCOCCC1(O)C(=O)OCc2c1cc1n(c2=O)Cc2c-1nc1cc3c(cc1c2CCl)OCCO3,CHEMBL299423
DEC_1672,decoy,N=C(N)c1ccc(C(=O)N2CCC3(CCN(C(=O)CC(=O)O)CC3)CC2)cc1,CHEMBL276974
DEC_0650,decoy,Fc1ccc(-c2ncn(CCCN3CCOCC3)c2-c2ccncn2)cc1,CHEMBL279587
DEC_4702,decoy,Nc1nc2c(cnn2-c2ccccc2)c2nc(-c3ccco3)nn12,CHEMBL16509
DEC_1996,decoy,O=C(O)c1cn(-c2ccc(F)cc2F)c2nc(N3CCC(=NO)CC3)c(F)cc2c1=O,CHEMBL285493
DEC_0109,decoy,Nc1nc(N)c2cc([S+]([O-])c3ccc4ccccc4c3)ccc2n1,CHEMBL6979
DEC_2442,decoy,O=C1NC(Cc2ccccc2)C2(CCN(CC(O)C3COc4ccccc4O3)CC2)O1,CHEMBL27271
DEC_0029,decoy,Ic1ccc(N2CCN(Cc3cnn4ccccc34)CC2)cc1,CHEMBL7508
DEC_3063,decoy,COc1ccc2[nH]c3c(C)c4ccnc(NCCN(C)C)c4cc3c2c1,CHEMBL19718
DEC_2602,decoy,O=C(O)c1cn(-c2ccc(F)cc2F)c2cc(N3CC/C(=N/O)C3)c(F)cc2c1=O,CHEMBL31833
DEC_0471,decoy,CN(C)CCCNCc1c2ccccc2c(CNCCCN(C)C)c2ccccc12,CHEMBL27224
DEC_3765,decoy,Cc1nc(O)c2c(ccc3nc(Nc4c(Cl)cccc4Cl)n(C)c32)c1CCCN1CCOCC1,CHEMBL29566
DEC_2260,decoy,C=CCC1Oc2ccc(CO)c(OC)c2-c2ccc3c(c21)C(C)=CC(C)(C)N3,CHEMBL8637
DEC_2773,decoy,C=C(C)CN(C1=NCCN1)c1c(Br)cccc1Br,CHEMBL283961
ACT_010,active,CCC[C@H](O)c1c(/C=C/[C@@H](O)[C@@H](O)CCCC(=O)OC)nc(C)n1C,CHEMBL4436717
DEC_1847,decoy,CC1(C)C=C(C(=O)NCCCNC(=O)c2ccccc2C(=O)O)C(C)(C)N1,CHEMBL15468
DEC_0780,decoy,O=c1c2ccccc2nc(/C=C(\O)c2ccncc2)n1-c1ccccc1Cl,CHEMBL277894
DEC_3340,decoy,CCCCN1CCN(c2cc3c(cc2F)c(=O)c(C(=O)O)cn3C2CC2)CC1,CHEMBL15089
DEC_4623,decoy,CN(C)CC(c1ccccc1)c1nnc2n1-c1ccccc1C(c1ccccc1Cl)=NC2,CHEMBL16369
DEC_0305,decoy,CC[C@H]1OC(=O)/C(C)=C/[C@H](C)[C@@H](O[C@@H]2O[C@H](C)C[C@H](N(C)C)[C@H]2O)[C@@](C)(OC)C[C@@H](C)[C@@H]2NCCN3C(=O)O[C@@]1(C)[C@H]3[C@H]2C,CHEMBL295999
DEC_2921,decoy,CC1(C)C=C(n2ccccc2=O)c2cc(S(=O)(=O)NC(=O)Nc3ccccc3)ccc2O1,CHEMBL12139
DEC_3055,decoy,O=CNCc1ccc(-c2nc(-c3ccncc3)c(-c3ccc(F)cc3)[nH]2)cc1,CHEMBL17334
ACT_060,active,CS(=O)(=O)Nc1ccccc1-c1ccc(N2C[C@H](O)C[C@@H](NC(=O)Nc3ccc(C(F)(F)F)cc3)C2=O)cc1,CHEMBL6001157
DEC_2367,decoy,Cc1c(Sc2cccc(I)c2)n(COCCO)c(=O)[nH]c1=O,CHEMBL16628
DEC_4180,decoy,O=C(Nc1nccs1)c1c(C(F)(F)C(F)(F)F)nc2c(C(F)(F)F)cccc2c1O,CHEMBL286824
DEC_2194,decoy,O=[N+]([O-])c1ccc(C(O)(c2ccccc2)c2cncnc2)cc1,CHEMBL28800
DEC_2006,decoy,CCCc1cc2c(cc1O)C(C)(C)C(CCSc1ccccn1)O2,CHEMBL24633
DEC_3316,decoy,CN1CCN(c2c(F)c(F)c3c(=O)c(C(=O)O)cn(C4CC4)c3c2F)CC1,CHEMBL277404
DEC_0278,decoy,O=C(O)COc1cccc2c1CCC(CON=C(c1ccccc1)c1ccccc1)C2,CHEMBL417069
DEC_4510,decoy,O=C1NC(=O)C(c2cc(Cl)ccc2S(=O)(=O)NCc2ccccc2)N1,CHEMBL19187
DEC_0730,decoy,N#Cc1ccc(Nc2nc(N)nc(Oc3c(Br)cc(Br)cc3Br)n2)cc1,CHEMBL72459
DEC_3931,decoy,C[C@@H](n1cnc2cc(-c3ccc([N+](=O)[O-])cc3)sc2c1=O)[C@](O)(Cn1cncn1)c1ccc(F)cc1F,CHEMBL299510
DEC_0847,decoy,CC(C)(C)NCC(O)COc1ccc(/C=C/CO)cc1Br,CHEMBL14241
DEC_4298,decoy,O=C1C2CCCCN2C(=O)N1CN1CCN(c2cccc3ccccc23)CC1,CHEMBL445055
DEC_1047,decoy,O=C(O)COc1ccc(C2=NS(=O)(=O)c3ccccc32)c(Cl)c1Cl,CHEMBL25283
DEC_0578,decoy,COc1nc(C(Cl)(Cl)Cl)c(Cl)c(OC(C)=O)c1Cl,CHEMBL275947
DEC_3322,decoy,Cc1ccc(S(=O)(=O)C2(CC#Cc3ccc(F)cc3)SC(=O)NC2=O)cc1,CHEMBL12054
DEC_3770,decoy,Cc1nc(O)c2c(ccc3nc(Nc4c(Cl)cccc4Cl)n(C)c32)c1CCC(=O)N1CCOCC1,CHEMBL26147
DEC_0258,decoy,CCCCc1nn(CC(C)(C)C)c(=O)n1Cc1ccc(-c2ccccc2-c2nn[nH]n2)cc1,CHEMBL19202
DEC_0957,decoy,Cc1c(F)c(N2CCC(C)(CN)C2)c(F)c2c1c(=O)c(C(=O)O)cn2C1CC1,CHEMBL279647
DEC_2324,decoy,CCN(CC)CCNc1ccc(C)c2oc3ccc(O)cc3c(=O)c12,CHEMBL21441
DEC_4095,decoy,Cc1c(C)c2c(c(C)c1O)CCC(C)(COc1ccc(NCC(O)COc3ccc4ccncc4c3)cc1)O2,CHEMBL67344
DEC_4169,decoy,CC(C)NC(=O)OCc1c(COC(=O)NC(C)C)c(-c2ccc(Cl)cc2)n2c1SCC2,CHEMBL33575
DEC_3837,decoy,C=C1C[C@@]23O[C@]2(c2ccccc21)C1CC(OC(=O)[C@H](O)[C@@H](NC(=O)OCCCC)c2ccccc2)C3(C)C1(C)C,CHEMBL283810
DEC_2051,decoy,CC1(C)CC[C@]2(C(=O)O)CC[C@@](C)([C@]3(C)CC[C@H]4C(C)(C)C(=O)CC[C@]4(C)[C@H]3CC(=O)O)C(=O)C2C1,CHEMBL292155
DEC_1228,decoy,CC(C)C1=CC2CC3(C=O)[C@@H]4CC[C@@H](C)[C@H]4CC2(CO[C@H]2CN(C/C=C\Cl)[C@H](C)CO2)[C@]13C(=O)O,CHEMBL34686
DEC_1553,decoy,CCC(c1ccc(O)c(COC)c1)C(CC)c1ccc(O)c(COC)c1,CHEMBL14806
DEC_2216,decoy,COc1c(C(C)(C)C)cc(Cc2cnc(N)nc2N)cc1C(C)(C)C,CHEMBL24374
DEC_4138,decoy,Cc1cc(-c2c(F)cc3c(=O)c(Cc4cc(O)ccc4O)cn(C4CC4)c3c2F)cc(C)n1,CHEMBL269139
DEC_1356,decoy,CC(=O)O[C@@H]1CC[C@]2(C)C3CC[C@@]4(C)[C@H]5[C@@H](C[C@]4(C)C3=CCC2[C@]1(C)C(=O)O)OC(=O)[C@@H]5CC(=O)C=C(C)C,CHEMBL44482
ACT_092,active,CCOP(=O)(CNC(=O)[C@H](CC(C)C)NC(=O)Nc1ccc(SC)cc1)OCC,CHEMBL5774395
DEC_1925,decoy,COc1ccccc1N1CCN(CCn2c(=O)[nH]c3scc(-c4cccc(C)c4)c3c2=O)CC1,CHEMBL13856
DEC_3549,decoy,CCOC(=O)C(=O)Nc1nc(-c2ccc3oc(C)c(C)c(=O)c3c2)cs1,CHEMBL274691
DEC_1681,decoy,CO/N=C1\CN(c2nc3c(cc2F)c(=O)c(C(=O)O)cn3C2CC2)CC1CN,CHEMBL430
DEC_4617,decoy,CC(C)c1ccc(N/N=C(\N=N\c2nnnn2-c2ccccc2)c2ccccc2)cc1,CHEMBL23279
DEC_1327,decoy,O[C@@H]1c2cc(OCc3cccc(F)n3)ccc2OC[C@@H]1Cc1cccnc1,CHEMBL283883
DEC_4674,decoy,Cc1cc(-c2c(F)cc3c(=O)c(Cc4c[nH]cn4)cn(C4CC4)c3c2F)cc(C)n1,CHEMBL267251
DEC_4326,decoy,O=C(c1ccc2c(c1)oc(=O)n2CCc1ccncc1)c1ccccc1Cl,CHEMBL26562
DEC_2820,decoy,N=C(N)NCCC[C@H]1NC(=O)N([C@H](Cc2cccc3ccccc23)C(=O)N2CCC3(CCc4ccccc43)CC2)C1=O,CHEMBL309154
DEC_0876,decoy,CC1CN(c2c(F)cc3c(=O)c(C(=O)O)cn(C4CC4)c3c2F)CC(C)N1,CHEMBL15438
DEC_1555,decoy,CCN(CC)CCCNc1nccc2c(C)c3[nH]c4ccc(O)cc4c3cc12,CHEMBL19962
DEC_0890,decoy,C=C(CC[C@H](O)[C@@]1(C)CC[C@H](C(C)(C)O)O1)[C@H]1CC[C@H]2O[C@]3(C)CC[C@@H](Br)C(C)(C)O[C@H]3CC[C@]2(C)O1,CHEMBL423837
DEC_2881,decoy,CCN(CC)C(=O)[C@@H]1C=C2c3cccc4[nH]cc(c34)C[C@H]2N(CCc2ccccc2)C1,CHEMBL23046
DEC_3030,decoy,CC(C)Oc1nc2ccc(C(=O)O)cn2c(=O)c1Cc1ccc(-c2ccccc2-c2nn[nH]n2)cc1,CHEMBL57781
DEC_1755,decoy,CC(C)C1=CC2CC3(C=O)[C@@H]4CC[C@@H](C)[C@H]4CC2(CO[C@H]2C[C@@H]4OC(C)(C)CO[C@@H]4[C@@H](C)O2)C13C(=O)O,CHEMBL282449
DEC_2381,decoy,N.NS(=O)(=O)c1cc(S(=O)(=O)O)c(NCc2ccco2)cc1Oc1ccccc1,CHEMBL279650
DEC_0603,decoy,CS(=O)(=O)c1ccc(C2=C(c3cc(Br)ccn3)C(=O)CC2)cc1,CHEMBL282242
DEC_0539,decoy,CCCCc1ccc2c(c1)-c1nc(C(=O)O)cc(O)c1CS2.NCCO,CHEMBL282108
DEC_2624,decoy,NC(=O)c1nn(-c2ccc(S(N)(=O)=O)cc2)c(-c2ccc(Cl)cc2)c1Cl,CHEMBL287170
DEC_0191,decoy,CC1(C)CC(=O)c2c(SCCO)sc(-c3nccs3)c2C1,CHEMBL17603
DEC_1396,decoy,C=C1C[C@@]23O[C@]2(c2ccccc21)C1CC(OC(=O)[C@H](O)[C@@H](NC(=O)OCC)c2ccc(Cl)cc2)C3(C)C1(C)C,CHEMBL32620
DEC_4232,decoy,CCCn1c(=O)c2c(nc(/C=C/c3cc(F)cc(F)c3)n2C)n(CCC)c1=O,CHEMBL27260
DEC_4537,decoy,CSc1nnc([C@@H]2C[C@@H](S)CN2S(=O)(=O)c2ccc3ccccc3c2)n1Cc1ccc(F)cc1,CHEMBL299074
DEC_0752,decoy,CN(Cc1coc2nc(N)nc(N)c12)c1cc(Cl)c(Cl)c(Cl)c1,CHEMBL278110
DEC_2374,decoy,C[C@@H](O)[C@H]1C(=O)N2C(C(=O)O)=C(S[C@@H]3CN[C@@H](c4ccc(C(C)(C)N)cc4)C3)[C@H](C)[C@H]12,CHEMBL17917
DEC_4209,decoy,O=P(O)(O)C(Cc1cccc2ccccc12)N[C@@H](Cc1ccc(-c2ccccc2)cc1)c1nnn[nH]1,CHEMBL10251
DEC_4099,decoy,Cc1c(C)c2c(c(C)c1O)CCC(C)(COc1ccc(NCC(O)COc3cccc4ncccc34)cc1)O2,CHEMBL303572
ACT_051,active,CC(=O)c1csc(CNC(=O)[C@H]2[C@H](C(=O)NCC3CCNCC3)[C@H]3C=C[C@@H]2C32CC2)n1,CHEMBL3731785
DEC_3464,decoy,NS(=O)(=O)c1ccc(NS(=O)(=O)c2ccc([N+](=O)[O-])cc2)cc1,CHEMBL23684
DEC_3118,decoy,COc1cccc2c1CCC[C@H]2CN(C)CCc1ccc2c(c1)C=CS2(=O)=O,CHEMBL10152
DEC_2895,decoy,CN(C)CCn1cnc2c(N(C(N)=O)c3c(F)cccc3F)nc(-c3ccccc3F)nc21,CHEMBL278179
DEC_2509,decoy,COc1cc(CC2CCc3nc(N)nc(N)c3C2)cc(OC)c1OC,CHEMBL7063
DEC_1106,decoy,Clc1ccc2nc(NCCCNCCCNc3nc4ccc(Cl)cc4n4cccc34)c3cccn3c2c1,CHEMBL61342
DEC_3251,decoy,CC(c1nc2ccccc2s1)n1nc(CC(=O)O)c2ccccc2c1=O,CHEMBL282017
DEC_1800,decoy,N=C(NCCO)c1ccc(-c2ccc(-c3ccc(/C(N)=N/CCO)cc3)o2)cc1,CHEMBL23180
DEC_0849,decoy,c1cc(NC2=NCCN2)ccc1Cc1ccc(OCC2CCOCC2)cc1,CHEMBL10242
DEC_0702,decoy,CCOC(=O)CCC(=O)O[C@]1(C(=O)CCl)[C@@H](C)CC2C3CCC4=CC(=O)C=CC4(C)[C@@]3(F)[C@@H](O)CC21C,CHEMBL83389
DEC_0667,decoy,Nc1nc(N)c2nc(CNc3ccc(C(=O)NC(CCOP(=O)(O)O)C(=O)O)cc3)cnc2n1,CHEMBL281024
DEC_2629,decoy,CC1Nc2ccccc2C(=O)N1Cc1ccc(-c2ccccc2-c2nn[nH]n2)cc1,CHEMBL15174
DEC_0353,decoy,COc1ccc(C[C@H]2NC(=O)/C=C/C[C@@H](C(=O)C#Cc3ccccc3)OC(=O)[C@H](CC(C)C)OC(=O)[C@@H](C)CNC2=O)cc1,CHEMBL13396
DEC_2315,decoy,c1cc(OCCCc2nnn[nH]2)cc(OCc2ccc3ccccc3n2)c1,CHEMBL418551
DEC_1309,decoy,CCNS(=O)(=O)c1ccc2c(c1)C(n1ccccc1=O)=CC(C)(C)O2,CHEMBL12489
DEC_4495,decoy,CC(CCc1ccccc1)NCC(O)c1cc(C(N)=O)c2c(ccn2C)c1,CHEMBL7067
DEC_2978,decoy,CC(C)(C)c1ccc(S(=O)(=O)N[C@H]2CCN(Cc3cc4c[nH]ccc-4n3)C2=O)cc1,CHEMBL267168
DEC_0963,decoy,CN(C)c1ccc(-c2cc(C(F)(F)F)nn2-c2ccc(S(N)(=O)=O)cc2)cc1,CHEMBL28881
DEC_2787,decoy,Brc1ccc(N(CC2CC2)C2=NCCN2)c(Br)c1,CHEMBL277244
DEC_3684,decoy,CCOC(=O)COc1ccc(CCn2ncc3c2nc(N)n2nc(-c4ccco4)nc32)cc1,CHEMBL22200
DEC_2823,decoy,O=C1N(Cc2ccccc2)[C@H](Cc2ccc(O)cc2)[C@H](O)[C@@H](O)[C@@H](Cc2ccc(O)cc2)N1Cc1ccccc1,CHEMBL305228
DEC_3168,decoy,OC(Cc1ccc(Cl)cc1)(c1ccc(F)cc1)C(O)(Cn1cncn1)c1ccc(Cl)cc1,CHEMBL10505
DEC_0102,decoy,CC(=O)[C@H]1O[C@@H](Oc2ccc(/C=C(\C)C(=O)N[C@@H]3[C@H](O)[C@@H](O)[C@H]4OCO[C@H]4[C@@H]3O)cc2O)[C@@H](O)[C@@H]1O,CHEMBL267436
DEC_2288,decoy,O=c1oc(Nc2ccccc2I)nc2cc3ccccc3cc12,CHEMBL10770
DEC_0117,decoy,C=C1/C(=C\C=C2/CCC[C@@]3(C)C2CC[C@]3(O)C(=O)CO)CC(O)C[C@@H]1O,CHEMBL286468
DEC_4677,decoy,CCCOC(=O)C1C2C(=O)CC(c3ccc(O)cc32)C1C(=O)OCCC(C)(C)C,CHEMBL275678
DEC_2603,decoy,CC(C)NC(=O)N(C(=O)[C@H]1CCC2C3CCC4NC(=O)C=C[C@]4(C)C3CC[C@@]21C)C(C)C,CHEMBL284645
DEC_3321,decoy,O=C1NC(=O)C(CC#Cc2ccccc2Cl)(S(=O)(=O)c2ccccc2)S1,CHEMBL269417
DEC_2901,decoy,O=c1cnn(-c2ccc(S(=O)(=O)Nc3c(F)c(F)c(F)c(F)c3F)c(Cl)c2)c(=O)[nH]1,CHEMBL11506
DEC_0719,decoy,CCSCc1ccc2c(c1)c1c3c(c4c5ccccc5n5c4c1n2[C@H]1C[C@](O)(C(=O)OC)[C@]5(C)O1)CNC3=O,CHEMBL36891
DEC_3932,decoy,CO/C(O)=C1\C(C)=NC(C)=C(C(=O)OCCN2C(=O)c3ccccc3S2(=O)=O)C1c1cccc([N+](=O)[O-])c1,CHEMBL78886
DEC_3571,decoy,CCCc1ccc2c(c1)CC=C(c1ccccc1)C(N1CCN(CC)CC1)=N2.O=C(O)/C=C/C(=O)O,CHEMBL16672
DEC_4345,decoy,CCCCc1c(Cc2ccc(-c3ccccc3-c3nn[nH]n3)cc2)c(C(=O)O)nn1CCCC,CHEMBL22048
DEC_1054,decoy,CC[C@@H]1CO[C@H]2[C@@H]1C[C@H](OCC13C[C@@H]4[C@H](C)CC[C@H]4C4(C=O)CC1C=C(C(C)C)C34C(=O)O)O[C@@H]2C,CHEMBL296658
ACT_091,active,COc1ccc(-c2cccc(C3COB(O)C3)n2)c(C#N)c1OC1CCCC1,CHEMBL6040365
DEC_1155,decoy,CCOCc1c(O)ccc2nc3c(cc12)Cn1c-3cc2c(c1=O)COC(=O)[C@]2(O)CC,CHEMBL10376
DEC_2239,decoy,O=[N+]([O-])c1ccc2ncn(CCc3noc(-c4ccccc4)n3)c2c1,CHEMBL21614
DEC_0241,decoy,CCCCn1c(=O)c2c(nc3n(Cc4cccs4)c(O)c(CCC)c(=O)n23)n(CCCC)c1=O,CHEMBL13084
DEC_0628,decoy,CC(C)=CC[C@@H](OC(=O)C(C)C)C1=CC(=O)c2c(O)ccc(O)c2C1=O,CHEMBL9416
DEC_2776,decoy,O=S(=O)(CC(F)(F)F)c1nc(-c2ccccc2)c(-c2ccccc2)[nH]1,CHEMBL18535
DEC_1247,decoy,O=C1CC(c2nnn[nH]2)Oc2c(COc3ccc(OCc4ccc5ccccc5n4)cc3)cccc21,CHEMBL49696
DEC_2579,decoy,CCCCc1nc(Cl)c(C(=O)N[C@H](C)C(=O)O)n1Cc1ccc2oc(-c3ccccc3-c3nn[nH]n3)c(Br)c2c1,CHEMBL62327
DEC_1823,decoy,O=S(=O)(NC1Cc2ccccc2C1)NS(=O)(=O)NC1Cc2ccccc2C1,CHEMBL21516
DEC_0124,decoy,CC(/N=c1\c(O)c(O)\c1=N/c1cncc(Br)c1)C(C)(C)C,CHEMBL278299
DEC_0075,decoy,O=C(O)CCC/C=C\C[C@H]1[C@H](F)CC[C@@H]1NS(=O)(=O)c1ccc2ccccc2c1,CHEMBL20273
DEC_3457,decoy,CC(NC(=O)OC(C)(C)C)C(=O)N1CCN(CCNc2ccnc3cc(Cl)ccc23)CC1,CHEMBL416032
DEC_3212,decoy,CCCc1cc(=O)oc2c3c(c4c(c12)OC(C)(C)C=C4)O[C@H](C)[C@@H](C)[C@@H]3O,CHEMBL267447
DEC_2038,decoy,c1ccc(Cc2ccc(OCCn3cnc4ncccc43)cc2)cc1,CHEMBL279577
DEC_2525,decoy,FC(F)(F)Cn1nccc1-c1ccccc1NCC1=NCCN1,CHEMBL277361
DEC_1337,decoy,CN(C)CCCNc1cc(-c2ccc(N3CCN(C)CC3)cc2)nc2ccccc12,CHEMBL21459
DEC_0637,decoy,CCC/C=C/C(=O)O[C@H](CC=C(C)C)C1=CC(=O)c2c(O)ccc(O)c2C1=O,CHEMBL9266
DEC_1520,decoy,Cc1c(C(=O)N[C@H](C)[C@](O)(Cn2cncn2)c2ccc(F)cc2F)cnn1-c1ccc(F)cc1F,CHEMBL301204
ACT_076,active,CN(C)C1CCN(c2ccc(N3CCC[C@@H](NC(=O)Nc4ccc(Cl)cc4)C3=O)cc2F)C1,CHEMBL6028798
DEC_1014,decoy,O[C@@H]1c2cc(OCc3ccc4ccccc4n3)ccc2OC[C@@H]1Cc1cccnc1,CHEMBL282524
DEC_0757,decoy,CCC(c1ccc(O)c(N(C)C)c1)C(CC)c1ccc(O)c(N(C)C)c1,CHEMBL14918
DEC_1317,decoy,Nc1nsc(-c2ccc(N3CCN(c4cccc(C(F)(F)F)c4)CC3)nn2)n1,CHEMBL14424
DEC_2747,decoy,CC[C@]1(c2cccc(N)c2)OC[C@H]([C@@H]2CCCCN2)O1,CHEMBL284633
DEC_3838,decoy,O=C(Nc1cc(CN2CCCC2)c(O)c(CN2CCCC2)c1)c1cc(Br)sc1Br,CHEMBL280753
DEC_0721,decoy,CSc1nnc([C@@H]2C[C@@H](S)CN2S(=O)(=O)c2ccc3ccccc3c2)n1-c1c(F)c(F)cc(F)c1F,CHEMBL49081
DEC_1093,decoy,CCCC1N(Cc2ccc(-c3ccccc3-c3nn[nH]n3)cc2)C(=O)c2ccccc2N1CC,CHEMBL417258
DEC_3129,decoy,c1ccc(CCN2CCN(c3ncnc4c(-c5ncccn5)c5n(c34)CCCC5)CC2)cc1,CHEMBL282592
DEC_1756,decoy,CC(C)C1=CC2CC3(C=O)[C@@H]4CC[C@@H](C)[C@H]4CC2(CO[C@H]2C[C@@H]4OC(=S)O[C@@H]4[C@@H](C)O2)C13C(=O)O,CHEMBL283974
DEC_2087,decoy,O=C(CN1CN(c2ccccc2)C2(CCN(C3CCc4cccc(Cl)c4C3)CC2)C1=O)c1ccccc1,CHEMBL26483
DEC_2759,decoy,Cc1ncc2c(Nc3ccccc3Br)nc3ccccc3n12,CHEMBL281056
DEC_2642,decoy,CN1C[C@H](C(=O)Nc2ccc(Cl)nn2)C[C@@H]2c3cc(C(C)(C)C)cc4[nH]cc(c34)C[C@H]21,CHEMBL13770
DEC_2320,decoy,O=C(O)CCCCCCCNC(=O)c1c(F)c(F)c(F)c(F)c1F,CHEMBL275589
DEC_0767,decoy,Cc1ccc(Sc2cncc3sc(/C=N/OCC(=O)O)cc23)cc1,CHEMBL6316
DEC_1365,decoy,CCCCO[C@]1(C)CCN2CC34CC5(C(=O)Nc6c5ccc5c6OC=CC(C)(C)O5)C(C)(C)C3CC21C(=O)N4C,CHEMBL291158
DEC_4596,decoy,Fc1cc(Sc2ccc3c(c2)CC/C3=N\OCc2ccncc2)cc(C2CCOCC2)c1,CHEMBL24973
DEC_4533,decoy,COc1ccc2c3c1OC1[C@H](O)[C@](CO)(CCCCc4ccccc4)CC4C(C2)N(CC2CCC2)CCC341,CHEMBL417604
DEC_3008,decoy,COC(=O)/C=C\C(=O)N(C)[C@@H]1CCC2(O)C3Cc4ccc(O)c5c4C2(CCCN3CC2CC2)[C@H]1O5,CHEMBL43084
DEC_0396,decoy,C/N=C(\NC#N)NCCCCOCn1nc(-c2ccccc2)ccc1=O,CHEMBL276515
DEC_2364,decoy,C[C@@H](O)[C@H]1C(=O)N2C(C(=O)O)=C(S[C@@H]3CN[C@H](CSc4ccc(CN)cc4)C3)[C@H](C)[C@H]12,CHEMBL14617
DEC_4029,decoy,NS(=O)(=O)c1ccc(-n2nc(C(=O)Nc3cccc(Cl)c3)cc2-c2ccc(F)cc2)cc1,CHEMBL283497
DEC_3243,decoy,CC1=NN(C(=O)NC2CCCCC2)C(C)=NN1C(=O)NC1CCCCC1,CHEMBL265589
DEC_2657,decoy,Cn1c(Cc2ccc(C(=N)N)cc2)nc2cc(N(CCCC(=O)O)S(=O)(=O)c3cccc4cccnc34)ccc21,CHEMBL299580
DEC_1279,decoy,O=[N+]([O-])O[C@@H]1CO[C@H]2[C@@H]1OC[C@@H]2N1CCN(CCCSc2ccccc2)CC1,CHEMBL280033
DEC_2022,decoy,c1ccc(Cc2ccc(OCCn3cncc4ncnc3-4)cc2)cc1,CHEMBL14547
DEC_2505,decoy,CCc1cc(C#N)ccc1C/N=c1\c(O)c(O)\c1=N/[C@H](C)C(C)(C)C,CHEMBL19516
DEC_4642,decoy,O=C1O[C@H](c2ccc(F)cc2)[C@@](Cn2cncn2)(c2ccc(Cl)cc2Cl)O1,CHEMBL10444
DEC_1922,decoy,CCOc1c(Sc2ccc(/C=C/C(=O)N3CCN(C(C)=O)CC3)cc2Cl)ccc2c1OCCO2,CHEMBL19856
DEC_3388,decoy,CCN(CC)CCn1nc2c3c(c(CNC=O)ccc31)Sc1ccc(OC)cc1-2,CHEMBL280609
DEC_4117,decoy,Cc1cc(C)c(NC(=O)c2sccc2S(=O)(=O)Nc2onc(C)c2Cl)c(C(=O)C2CCCCC2)c1,CHEMBL293421
DEC_4224,decoy,O=C(O)CNC(=O)CCC(NC(=O)c1cc(Cl)cc(Cl)c1)C(=O)N1CCC2(CCCC2)CC1,CHEMBL33043
DEC_3079,decoy,Cc1cccc2c(CCNCC(O)c3cccc(Cl)c3)c[nH]c12,CHEMBL25723
DEC_1680,decoy,CC(N)c1ccc([C@H]2C[C@H](SC3=C(C(=O)O)N4C(=O)[C@H]([C@@H](C)O)[C@H]4[C@H]3C)CN2)cc1,CHEMBL17699
DEC_3621,decoy,Cc1cc(OCCCON=C(N)N)cc(OS(=O)(=O)c2cccc3c2NCCC3)c1,CHEMBL289367
DEC_3529,decoy,Cc1c(F)c(N2CCNCC2)c(F)c2c1c(=O)c(C(=O)O)cn2C1CC1,CHEMBL16001
DEC_0330,decoy,CC(C)C12OC3(c4ccccc4)OC1[C@@H]1[C@@H]4O[C@]4(CO)[C@@H](O)[C@]4(O)C(=O)CC[C@@]4(C)C1(O3)[C@H](C)[C@H]2OC(=O)CCc1ccccc1,CHEMBL327671
DEC_3160,decoy,COc1ccc2c3c1OC1[C@H](O)[C@](CO)(CCCCCc4ccccc4)CC4C(C2)N(C)CCC341,CHEMBL9769
DEC_4458,decoy,[O-][n+]1ccc(CC(c2ccc(C3(O)CC3)cc2)c2ccc(OC(F)F)c(OC(F)F)c2)cc1,CHEMBL35440
DEC_4135,decoy,CC(C)c1ccc(C(c2ccc(C(=O)O)cc2)c2ccc(C(C)C)cc(=O)c2O)c(O)c(=O)c1,CHEMBL19029
ACT_056,active,Cc1nn(C)cc1NC(=O)C1(NC(=O)Nc2ccc(Br)cc2)CCCC1,CHEMBL4779714
DEC_3558,decoy,C=C[C@@]1(C)CC[C@](C)(C(C)C)c2cc3c4c(c[nH]c4c21)C[C@@H](CO)NC(=O)[C@H](C(C)C)N3C,CHEMBL417692
DEC_1473,decoy,C#CCN(Cc1ccc2nc(C)nc(O)c2c1)c1ccc(C(=O)NCc2ccccn2)cc1,CHEMBL6357
DEC_3849,decoy,O=C(Nc1ccncc1)c1cccc2nc3c(N4CCN(CCc5ccc(F)c(F)c5)CC4)[nH]cnc-3c12,CHEMBL281235
DEC_3544,decoy,CCOc1c(N2CCC(C)C2)c(F)cc2c(=O)c(C(=O)O)cn(C3CC3)c12,CHEMBL14990
DEC_2250,decoy,CC1(C)OC(S)=Nc2c(Br)cc(-c3cc(F)cc(C#N)c3)cc21,CHEMBL24963
DEC_1113,decoy,O=P(O)(O)C(CCc1cccc2ccccc12)N[C@@H](Cc1ccc(-c2ccccc2)cc1)c1nnn[nH]1,CHEMBL285619
DEC_0310,decoy,CC(C)[C@@H]1NC(=O)CCCCCOc2ccc(cc2)C[C@@H]([C@H](O)CN(C2CCCC2)S(=O)(=O)c2ccc(N)cc2)NC1=O,CHEMBL288008
DEC_1852,decoy,O=C1C2Oc3c(O)ccc4c3C23CCN(CC2CC2)C(C4)[C@]3(O)CC12Cc1cccc3cccc(c13)C2,CHEMBL48009
DEC_4364,decoy,CCCCc1nn(CC2CC2)c(C(=O)O)c1Cc1ccc(-c2ccccc2-c2nn[nH]n2)cc1,CHEMBL23048
DEC_0648,decoy,N#Cc1ccc(CCCn2ncc3c2nc(N)n2nc(-c4ccco4)nc32)cc1,CHEMBL22191
DEC_2566,decoy,O=C1N(Cc2cccc(Cn3cccn3)c2)[C@H](Cc2ccccc2)[C@H](O)[C@@H](O)[C@@H](Cc2ccccc2)N1Cc1ccc2[nH]ncc2c1,CHEMBL312562
DEC_2124,decoy,N#C/C(=C\c1ccc(OCCN2CCOCC2)cc1)c1noc2ccc(Cl)cc12,CHEMBL277948
DEC_2428,decoy,O=C1[C@@H](NS(=O)(=O)c2cc3nc(Cl)ccc3s2)CCN1Cc1cc2c[nH]ccc-2n1,CHEMBL268835
DEC_1875,decoy,CC1(C)C2CC[C@@]1(CS(=O)(=O)N1CCC3(CCc4ccccc43)CC1)[C@@H](N1C(=O)C[C@@H](O)C1=O)C2,CHEMBL283524
DEC_2034,decoy,CCc1cc(CCCCCOc2ccc(C3=NCCO3)cc2)on1,CHEMBL25697
DEC_0568,decoy,CC(C)(C)C1CSC(C2=CC(=O)C(Br)=CC2=[N+]=[N-])SC1,CHEMBL31975
DEC_4564,decoy,CCCC1=NC(C(F)(F)F)(C(F)(F)F)C(=O)N1Cc1ccc(-c2ccccc2-c2nn[nH]n2)cc1,CHEMBL37768
DEC_1502,decoy,CCS(=O)(=O)c1ccc2c(c1)/C(=C/c1[nH]c3c(c1CCC(=O)N1CCN(C)CC1)CCCC3)C(=O)N2,CHEMBL294668
DEC_3902,decoy,CCn1cc(C(=O)O)c(=O)c2c(C)c(F)c(N3CCNCC3)c(F)c21,CHEMBL273310
DEC_0906,decoy,CCOCc1ccc2c(c1)c1c3c(c4c5cc(COCC)ccc5n5c4c1n2[C@H]1C[C@](O)(C(=O)OC)[C@]5(C)O1)CNC3=O,CHEMBL277817
DEC_1197,decoy,O=C(O)Cc1nn(Cc2nc3ccccc3s2)c(=O)c2ccc([N+](=O)[O-])cc12,CHEMBL278522
DEC_3155,decoy,COc1cccc2c1C(=O)c1c(OC)cc(C(Br)Br)cc1C2=O,CHEMBL289940
DEC_2446,decoy,O=C1[C@@H](NS(=O)(=O)c2cc3nc(Cl)ccc3s2)CCN1Cc1cc2cc[nH]cc-2n1,CHEMBL8645
DEC_4187,decoy,CCN(CC)C(=O)c1cccc(-c2ccc3c(c2)[C@@H]2[C@@H](CCCCC(=N)N)C(=O)N(C(=O)N(C)C)[C@H]2C3)c1,CHEMBL47143
DEC_4724,decoy,O=C(O)[C@H]1CSC(c2nc3ccc(O)cc3s2)=N1,CHEMBL443738
DEC_1857,decoy,C=C1C(C)C2C(Cc3ccccc3)NC(=O)C23OC(=O)/C=C/C(O)CCCC(C)C/C=C/C3C1O,CHEMBL56897
DEC_4361,decoy,CN1CCCCC1CNCCCCNCC1CCN(C(=O)Cc2cccc3ccccc23)CC1,CHEMBL23686
DEC_0544,decoy,CCC(C)c1ccc2c(c1)-c1nc(C(=O)O)cc(O)c1CS2.NCCO,CHEMBL29345
DEC_0882,decoy,C=C(CC[C@H]1O[C@@H](C(C)(C)O)CC[C@]1(C)O)[C@H]1CC[C@H]2O[C@@H]([C@]3(C)CC[C@@H](Br)C(C)(C)O3)CC[C@]2(C)O1,CHEMBL281146
DEC_3749,decoy,O=C(NCCCOc1ccc2nc(O)ccc2c1)N(C1CCCCCC1)[C@H]1CCCC[C@@H]1O,CHEMBL284074
DEC_4219,decoy,NC(=O)CN[C@H]1CCN(C(=O)c2cc(C(F)(F)F)cc(C(F)(F)F)c2)[C@H](Cc2ccccc2)C1,CHEMBL290043
DEC_4107,decoy,CC(C)CC(c1cccc(NS(=O)(=O)c2cccc3cccnc23)c1)c1c(O)c2c(oc1=O)CCCCCC2,CHEMBL16666
DEC_2883,decoy,CCn1cc(C(=O)O)c(=O)c2cc(F)c(N3CCN(Cc4ccc([N+](=O)[O-])cc4)CC3)cc21,CHEMBL29383
DEC_4231,decoy,CC(=O)Oc1nc(C(Cl)(Cl)Cl)c(Cl)c(OC(C)=O)c1Cl,CHEMBL11954
DEC_1968,decoy,Cc1c(N2C[C@H](C3(N)CC3)C(F)(F)C2)c(F)c(N)c2c(=O)c(C(=O)O)cn([C@@H]3C[C@@H]3F)c12,CHEMBL6994
DEC_1118,decoy,CC(C)(C)c1ccc(C/N=C(\S)NCc2ccc(NS(C)(=O)=O)cc2)c(OCc2ccccc2)c1,CHEMBL295302
DEC_1234,decoy,C=C(C)[C@H](C(=O)OC(C)(C)C)N1C(=O)/C(=C/C(C)=O)[C@H]1SSc1nc2ccccc2s1,CHEMBL37582
DEC_4563,decoy,C#CCN(Cc1ccc2nc(C)nc(O)c2c1)c1ccc(C(=O)N[C@@H](C(=O)O)c2ccc(F)cc2)cc1,CHEMBL265669
DEC_3947,decoy,CCCn1c(=O)c2nc(-c3ccc(/C=C/C(=O)NN4C(=O)C(C)=C(C)C4=O)cc3)[nH]c2n(CCC)c1=O,CHEMBL17294
DEC_1571,decoy,O=C(O)CCC/C=C\C[C@H]1[C@H](F)CC[C@@H]1NS(=O)(=O)c1ccc(F)cc1,CHEMBL281849
DEC_2531,decoy,O[C@@H]1c2cc(OCc3ccccn3)ccc2OC[C@@H]1Cc1cccnc1,CHEMBL28363
DEC_0586,decoy,CC(/N=c1\c(O)c(O)\c1=N/Cc1ccc(Cl)cc1Cl)C(C)(C)C,CHEMBL19556
DEC_0802,decoy,CCc1cc2c(O)cc(=O)n(Cc3ccc(-c4ccccc4-c4nn[nH]n4)cc3)c2s1,CHEMBL281875
DEC_2575,decoy,CC(C)(C)C(=O)OCC(Cc1ccc(C(C)(C)C)cc1)CN(O)/C(S)=N/Cc1ccc(NS(C)(=O)=O)c(F)c1,CHEMBL75043
DEC_4178,decoy,CC(=N)N1CC[C@H](Oc2ccc(C(Cc3ccc4ccc(C(=N)N)cc4c3)C(=O)O)cc2)C1,CHEMBL19660
DEC_1547,decoy,CCc1cn([C@@H]2O[C@H](CNC(=O)C3c4ccccc4C(C)(C)c4ccccc43)[C@@H](O)[C@@H]2F)c(=O)[nH]c1=O,CHEMBL46633
DEC_1790,decoy,O=[N+]([O-])c1ccc(-c2nc(S(=O)(=O)C(F)(F)C(F)F)[nH]c2-c2ccc([N+](=O)[O-])cc2)cc1,CHEMBL18690
DEC_2851,decoy,CC(C)NC(=O)N(C(=O)[C@H]1CCC2C3CCC4NC(=O)CC[C@]4(C)C3CC[C@@]21C)C(C)C,CHEMBL278860
DEC_1624,decoy,CC(/C=C/C(O)=C1\C(=O)CNC1=O)=C\c1cccc2ccccc12,CHEMBL10407
DEC_0581,decoy,C1=C(c2ccccc2)C(N2CCN(c3ccccc3)CC2)=Nc2ccccc2C1,CHEMBL17072
DEC_0711,decoy,CC(C)NC(=O)N[C@@H](c1ccsc1)[C@@H](O)C(=O)OC1CC2C(C)(C)C1(C)[C@@]13CC(C)c4ccccc4[C@@]21O3,CHEMBL30994
DEC_4359,decoy,O=C(O)CCCCCC[C@@H]1[C@@H](CC[C@@H](O)CCc2ccc(C(F)(F)F)cc2)[C@H](O)C[C@@H]1O,CHEMBL289660
DEC_3790,decoy,Cc1cc(C)cc(-c2c(O)nc3cc(Cl)c(CC(=O)Nc4ccncn4)cc3c2OCCC2CCCCN2)c1,CHEMBL45501
DEC_3021,decoy,COc1ccc2c3nc[nH]c(N4CCN(CCc5ccc(F)c(F)c5)CC4)c-3nc2c1[N+](=O)[O-],CHEMBL281743
DEC_0120,decoy,CC(/C=C/C(=O)C1=C(O)CN(C)C1=O)=C\c1c(O)ccc2ccccc12,CHEMBL10540
DEC_3989,decoy,CC1(C)C2CC1[C@]1(C)OB([C@H](CCCN=C(N)N)NC(=O)c3cccc(-c4ccccc4)c3)O[C@@H]1C2,CHEMBL290363
DEC_0301,decoy,O=C1N(CC2CC2)[C@H](Cc2ccccc2)[C@H](O)[C@@H](O)[C@@H](Cc2ccccc2)N1CC1CC1,CHEMBL431306
DEC_2564,decoy,CC(Cc1ccc(Oc2ccccc2)cc1)(NC(=O)OC1C2CC3CC(C2)CC1C3)C(=O)N[C@H](CO)[C@H](O)c1ccccc1,CHEMBL60386
DEC_1117,decoy,O=C1N(Cc2cccc(O)c2)[C@H](Cc2ccccc2)C(O)[C@@H](Cc2ccccc2)N1Cc1cccc(O)c1,CHEMBL37118
DEC_3728,decoy,COc1cccc2c1CCC1CN(CCn3c(=O)[nH]c4c(sc5ccccc54)c3=O)CC21,CHEMBL289361
DEC_2484,decoy,Cc1ccc(C(=O)OCC2=C(C(=O)O)N3C(=O)[C@@H](NC(=O)CSc4cc(Cl)ccc4Cl)C3SC2)cc1,CHEMBL293327
DEC_1377,decoy,COc1ccc([C@@H]2c3[nH]c4ccccc4c3C[C@@H]3C(=O)N([C@@H]4CCN(Cc5ccccc5)C4)CC(=O)N23)cc1C,CHEMBL284535
DEC_0406,decoy,C=C1/C(=C\C=C2/CCC[C@]3(C)C([C@H](C)CC#CC(C)(C)O)=CC[C@@H]23)C[C@@H](O)C[C@@H]1O,CHEMBL284121
DEC_3451,decoy,COc1ccc2c(c1O)-c1cc(O)cc3c1C(C2)N(C(=O)CN(CCCl)CCCl)CC3,CHEMBL7032
DEC_2719,decoy,O=NN(CCCl)C(=O)NC1CCC(Cl)CC1,CHEMBL276848
DEC_4192,decoy,CC1(C)C2CC1[C@]1(C)OB([C@H](CCCN=C(N)N)NC(=O)c3ccc(-c4ccccc4)cc3F)O[C@@H]1C2,CHEMBL290836
DEC_1503,decoy,C[C@@H]1CC2C3CCC4=Cc5c(cnn5-c5ccc(F)cc5)CC4(C)C3C(O)CC2(C)C1(O)C(=O)CO,CHEMBL14275
DEC_4170,decoy,O=S1(=O)Nc2cccc3cccc(c23)N1CCN1CCC(Cc2c[nH]c3ccc(F)cc23)CC1,CHEMBL60761
DEC_2176,decoy,CC1(C)C[C@H]2[C@@H]3OC(C)(C)O[C@@H]3CC[C@@]2(COS(N)(=O)=O)C1,CHEMBL26585
DEC_0763,decoy,CCC(c1ccc(O)c([N+](=O)[O-])c1)C(CC)c1ccc(O)c([N+](=O)[O-])c1,CHEMBL14472
DEC_2357,decoy,C/C(N)=N/Cc1ccc([C@H]2C[C@H](SC3=C(C(=O)O)N4C(=O)[C@H]([C@@H](C)O)[C@H]4[C@H]3C)CN2)cc1,CHEMBL17658
DEC_0791,decoy,CC(C)c1ccc(C(c2ccc(N)cc2)c2ccc(C(C)C)cc(=O)c2O)c(O)c(=O)c1,CHEMBL279126
DEC_4422,decoy,CCOc1c(N2CCCC(N)C2)c(F)c(N)c2c(=O)c(C(=O)O)cn(C3CC3)c12,CHEMBL279381
DEC_2142,decoy,CCc1cc(OCc2ccc(-c3ccccc3-c3nn[nH]n3)cc2)c2c(n1)CCCC2,CHEMBL418226
DEC_2035,decoy,COOC1(OOCCC(=O)OC)CCCCCCCCCCC1,CHEMBL28643
DEC_2339,decoy,c1ccc(COc2ccc(Cc3ccc(NC4=NCCN4)cc3)cc2)cc1,CHEMBL417243
DEC_2050,decoy,CN(C)CC(c1ccccc1)c1nnc2n1-c1ccc(I)cc1C(c1ccccc1)=NC2,CHEMBL16470
DEC_4430,decoy,COc1cc(Br)c(OC)c(C(=O)NCC2CCCN2)c1OC,CHEMBL441353
DEC_0451,decoy,CC(C)=CCSC1C=C(O)n2c(nc3c2C(=O)N(C)CN3C)N1Cc1ccccc1,CHEMBL14671
DEC_0185,decoy,Cc1ccc(-c2cc(C(F)F)nn2-c2ccc(S(N)(=O)=O)cc2)o1,CHEMBL29847
DEC_1740,decoy,CC1(C)C(=O)Nc2cc3[nH]c(CCc4ccncc4)nc3cc21,CHEMBL23696
DEC_0680,decoy,CN(Cc1cnc2nc(N)nc(N)c2n1)c1ccc(C(=O)NC(CCC(=O)NCC(=O)O)C(=O)O)cc1,CHEMBL52715
DEC_1304,decoy,O=C1NC(=O)C(CC#Cc2ccccc2)(S(=O)(=O)c2ccccc2)S1,CHEMBL12072
DEC_2976,decoy,O=C(NCCCOc1ccc2nc(O)ccc2c1)N(C1CC1)[C@H]1CCCC[C@@H]1O,CHEMBL286826
DEC_0968,decoy,O=C1CCN(c2cc3c(cc2F)c(=O)c(C(=O)O)cn3-c2ccc(F)cc2F)C1,CHEMBL29120
DEC_3722,decoy,CCCc1cc(OCC)cc(=O)n1Cc1ccc(-c2ccccc2-c2nn[nH]n2)cc1,CHEMBL23415
DEC_2620,decoy,CC(C)C(O)(Cn1cncn1)C(O)(c1ccc(Cl)cc1)c1ccc(Cl)cc1,CHEMBL10626
DEC_2436,decoy,CC1=C(C(=O)OC(c2ccccc2)c2ccccc2)N2C(=O)[C@@H](NC3=NCC(C)N3)C2SC1,CHEMBL269316
DEC_3619,decoy,O=C(O)C(CCCCn1cnc2c1NC=NCC2O)C(=O)NCc1ccc(Cl)cc1,CHEMBL37650
DEC_2702,decoy,c1ccc(CNC2c3ccccc3Oc3ccccc32)nc1,CHEMBL20040
DEC_1496,decoy,CCc1cc(C(C)=O)c(O)cc1OCc1cccc(C(=O)Nc2nc(CC(=O)O)cs2)c1,CHEMBL35448
DEC_2910,decoy,CCOc1c(I)cc(C[C@@H](N)C(=O)O)cc1I,CHEMBL15622
DEC_0748,decoy,Cc1ccccc1-c1nnc(/N=C/Nc2nnc(-c3ccccc3C)s2)s1,CHEMBL276619
DEC_3202,decoy,Cc1nc(-c2ccccc2)ccc1C(=O)N[C@@H](CCCCN)B1O[C@@H]2CC3CC(C3(C)C)[C@]2(C)O1,CHEMBL288539
DEC_3249,decoy,CC(/C=C/C(O)=C1\C(=O)C2CCCN2C1=O)=C\c1ccc2ccccc2c1,CHEMBL10377
DEC_0689,decoy,C[C@@H]1CC2C3C[C@H](F)C4=CC(=O)C=CC4(C)[C@@]3(Cl)C(O)CC2(C)[C@@]1(OC(=O)c1ccco1)C(=O)CCl,CHEMBL38727
DEC_3585,decoy,O=S(=O)(Nc1nc2nc(-c3ccccc3)cc(-c3ccccc3)n2n1)c1ccc(Cl)cc1,CHEMBL11757
DEC_2932,decoy,Cc1c(S(=O)(=O)N[C@H]2CCN(Cc3cc4[nH]cccc-4n3)C2=O)sc2ccc(Cl)cc12,CHEMBL8206
DEC_2581,decoy,CCCCCCNC(=O)NCCc1ccc2[nH]c3c(c2c1)C[C@@]1(O)C2Cc4ccc(O)c5c4[C@@]1(CCN2CC1CC1)[C@H]3O5,CHEMBL323398
DEC_1125,decoy,O=C(CCCNc1c2ccccc2nc2ccccc12)NCCCNc1c2ccccc2nc2ccccc12,CHEMBL38767
DEC_2118,decoy,COCCN(CCOC)c1nc(C)nc2c1sc(=S)n2-c1c(C)cc(C)cc1C,CHEMBL417091
DEC_0091,decoy,CCc1c(Sc2cc(Cl)cc(Cl)c2)n(COCCO)c(=S)[nH]c1=O,CHEMBL17070
DEC_4571,decoy,C/C(=C\c1cccc(OCc2nc(-c3ccc(C(F)(F)F)cc3)oc2C)c1)Cn1oc(=O)[nH]c1=O,CHEMBL6914
DEC_0625,decoy,CCCn1c(=O)c2c(nc(/C=C/c3cccc([N+](=O)[O-])c3)n2C)n(CCC)c1=O,CHEMBL26938
DEC_0084,decoy,c1ccc(Oc2cccc(COc3cccc(OCCCc4nnn[nH]4)c3)n2)cc1,CHEMBL18366
DEC_4754,decoy,CCCCCCN(CCOCCSc1nc2c[nH]cnc-2n1)C(=O)Nc1ccc(F)cc1F,CHEMBL47340
DEC_2039,decoy,CCN(CC)CCNc1ccc(C)c2sc3ccccc3c(=O)c12,CHEMBL279014
DEC_2362,decoy,Cc1cc(OCCCON=C(N)N)cc(OS(=O)(=O)c2cccc3cccnc23)c1,CHEMBL37889
DEC_0950,decoy,O=C1NC(=O)c2c1c1c3ccccc3cnc1c1c2c2ccccc2n1CCCO,CHEMBL279226
DEC_1037,decoy,O=Cc1ccccc1-c1cccn(C(CN2CCC(O)C2)c2ccccc2)c1=O,CHEMBL15114
DEC_1041,decoy,CC(C)CN(C)S(=O)(=O)c1ccc2oc3ccc(C(=O)O)cc3c(=O)c2c1,CHEMBL23346
DEC_4731,decoy,CCCc1c(OCCCSc2ccc(CC(=O)O)cc2Cl)ccc(/C(CC)=N/O)c1O,CHEMBL23874
DEC_3575,decoy,C/C(=C\Cn1oc(=O)[nH]c1=O)c1cccc(OCc2cc(C(F)(F)F)cc(C(F)(F)F)c2)c1,CHEMBL7251
DEC_0284,decoy,CCCCc1ncc(C(=O)O)n1Cc1cccc2c1ccn2-c1ccccc1-c1nn[nH]n1,CHEMBL433230
DEC_2849,decoy,CN1CCN(Cc2cc(Nc3cc(C(F)(F)F)nc(/N=C(\N)Nc4ccc(C(F)(F)F)cc4)n3)ccc2O)CC1,CHEMBL433425
DEC_0172,decoy,Nc1nc2c(cnn2CCCc2ccccc2)c2nc(-c3ccco3)nn12,CHEMBL17121
DEC_2448,decoy,CC1(C)C=C(n2ccccc2=O)c2cc(S(=O)(=O)NC(=O)NC3CCCCC3)ccc2O1,CHEMBL11988
DEC_2762,decoy,O=S(=O)(c1nc(-c2ccccc2)c(-c2ccccc2)[nH]1)C(F)(F)F,CHEMBL18818
DEC_4131,decoy,C=C1/C(=C\C=C\[C@@H]2CC[C@](C)(CC#CC(O)(C(F)(F)F)C(F)(F)F)C2(C)C)C[C@@H](O)C[C@@H]1O,CHEMBL290479
DEC_3675,decoy,CC1=C(C(=O)OC(c2ccccc2)c2ccccc2)N2C(=O)[C@@H](NC3=NCCN3C)C2SC1,CHEMBL427635
DEC_0811,decoy,CCN(CC)CCn1nc2c3c(c(CNC(=O)OC)ccc31)Sc1ccc(O)cc1-2,CHEMBL27233
DEC_2551,decoy,CCC(C(=O)C(C)C(O)C(C)CCc1ccc(C)c(O)c1C(=O)O)C1OC(CC)(C2CCC(O)(CC)C(C)O2)CC1C,CHEMBL96040
DEC_3836,decoy,Cc1nc(-c2ccc(C(C)(C)C)cc2)sc1C(=O)N[C@H](C)[C@](O)(Cn1cncn1)c1ccc(F)cc1F,CHEMBL55477
DEC_2234,decoy,Cc1ccc(C(c2cc(C)ns2)N2CCN(C)CC2)c(C)c1,CHEMBL25162
DEC_2871,decoy,O=C1NCN(c2ccccc2)C12CCN([C@H]1CCc3c(Cl)ccc(Cl)c3C1)CC2,CHEMBL283910
DEC_4278,decoy,O=C(c1ccc(Cl)cc1)C(O)(Cn1cncn1)c1ccc(Cl)cc1Cl,CHEMBL10166
DEC_3889,decoy,Cc1cc(Cl)ccc1NCc1ccc2nc(N)nc(N)c2c1,CHEMBL23227
DEC_2445,decoy,O=C(O)c1ccc2c(c1)C(SCCNS(=O)(=O)c1cccnc1)c1ccccc1CO2,CHEMBL296720
DEC_3192,decoy,O=C(O)c1ccccc1Cn1nnc(-c2cccc(OCc3ccc4ccccc4n3)c2)n1,CHEMBL280713
DEC_3878,decoy,NCCc1c[nH]c(-c2cccc(I)c2)n1,CHEMBL287367
DEC_1816,decoy,CNC(=O)[C@@H](NC(=O)[C@H](CC(C)C)[C@@H](C(=O)NO)C1CCN(C)CC1)C(C)(C)C,CHEMBL264605
DEC_2980,decoy,CCNCC1CCN(c2c(F)cc3c(=O)c(C(=O)O)cn(CC(F)(F)F)c3c2F)C1,CHEMBL265663
DEC_1358,decoy,C[C@@H]1CC[C@]2(C(=O)OC3CCCCO3)CC[C@]3(C)C(=CCC4[C@@]5(C)C[C@@H](O)[C@H](O)[C@@](C)(CO)C5CC[C@]43C)C2[C@H]1C,CHEMBL279645
DEC_3521,decoy,CC(C)(C)n1cc(C(=O)O)c(=O)c2cc(F)c(N3CC4CC3CN4)cc21,CHEMBL26141
DEC_0216,decoy,CC(C)C1=CC2CC3(C=O)[C@@H]4CC[C@@H](C)[C@H]4CC2(CO[C@H]2C[C@@H]4OCO[C@@H]4[C@@H](C)O2)C13C(=O)O,CHEMBL21682
DEC_2455,decoy,CCN(CC)CCN1C(=O)c2c(c3c4ccccc4n4c3c3c2c2ccccc2n3[C@H]2[C@@H](O)[C@H](OC)[C@@H](CO)O[C@H]24)C1=O,CHEMBL282761
DEC_2545,decoy,O=c1oc2ncccc2n1CCCN1CCN(c2ccccc2)CC1,CHEMBL276967
DEC_3937,decoy,Cc1nc2c(c(C(N)=O)c1[N+](=O)[O-])c1ncnc(N3CCN(CCc4ccc(F)c(F)c4)CC3)c1n2C,CHEMBL26779
DEC_1361,decoy,C=C(C)[C@@H]1CC[C@]2(C(=O)NCC(=O)OC)CC[C@]3(C)[C@H](CC[C@@H]4[C@@]5(C)CC[C@H](O)C(C)(C)[C@@H]5CC[C@]43C)[C@@H]12,CHEMBL19094
DEC_0405,decoy,C=C1/C(=C\C=C\C2CCCC([C@@H](C)CC#CC(C)(C)O)C2(C)C)C[C@@H](O)C[C@@H]1O,CHEMBL290789
DEC_4395,decoy,CC1(C)N=C(N)N=C(N)N1c1cccc(OCCCCOc2ccccc2)c1,CHEMBL6771
DEC_3104,decoy,COc1cc(NC(C)CCCN)c2ncccc2c1.O=P(O)(O)O.O=P(O)(O)O,CHEMBL43128
DEC_3829,decoy,CN(C)c1ccc(S(=O)(=O)Nc2cccc(C(c3c(O)c4c(oc3=O)CCCCCC4)C3CC3)c2)cc1,CHEMBL280447
DEC_4678,decoy,CCOc1ccc(Nc2nc(C#CC(C)(O)CC)nc3c2ncn3C(C)C)cc1,CHEMBL280623
DEC_0076,decoy,CCCc1cc(C=O)cc(=O)n1Cc1ccc(-c2ccccc2-c2nn[nH]n2)cc1,CHEMBL418561
DEC_3039,decoy,Cc1nnc2n1-c1sc(/C(CC(=O)N3CCOCC3)=N\N)cc1C(c1ccccc1Cl)=NC2,CHEMBL285199
DEC_1254,decoy,Cc1nccc2c1c1ncnc(N3CCN(CCc4ccc(F)c(F)c4)CC3)c1n2C,CHEMBL27007
DEC_1100,decoy,C1CCC(NC(=NCCCNCCN=C(NC2CCCCC2)NC2CCCCC2)NC2CCCCC2)CC1,CHEMBL78158
DEC_3842,decoy,O=C1Nc2ccccc2C(c2ccccc2)=N[C@@H]1NC(=O)[C@@H](c1ccc(F)cc1)[C@H](CCO)c1ccc(F)c(F)c1,CHEMBL308095
DEC_0281,decoy,OC(CCN1CCN(CCOC(c2ccccc2)c2ccccc2)CC1)c1cccs1,CHEMBL28598
DEC_3441,decoy,Cc1cc(Cl)cc(NS(=O)(=O)c2ccc(-n3ncc(=O)[nH]c3=O)cc2Cl)c1,CHEMBL418708
DEC_3917,decoy,CCCCN(Cc1ccc(-c2ccccc2-c2nn[nH]n2)cc1)c1ncnc2c1nc([S+](C)[O-])n2C,CHEMBL51987
DEC_1033,decoy,O=S(=O)(c1nc(-c2ccccc2)c(-c2ccccc2)[nH]1)C(F)(F)C(F)F,CHEMBL17843
DEC_0629,decoy,N#C/C(=C\c1ccccc1OCCN1CCOCC1)c1noc2ccccc12,CHEMBL280937
DEC_3113,decoy,CCOc1nc(C(Cl)(Cl)Cl)c(Cl)c(OC(=O)COC)c1Cl,CHEMBL11668
DEC_0905,decoy,CCSCc1ccc2c(c1)c1c3c(c4c5cc(CSCC)ccc5n5c4c1n2[C@H]1C[C@](O)(C(=O)OC)[C@]5(C)O1)CNC3=O,CHEMBL290352
DEC_0823,decoy,C=CCCCCC(=O)O[C@H](CC=C(C)C)C1=CC(=O)c2c(O)ccc(O)c2C1=O,CHEMBL9320
DEC_1505,decoy,OC[C@@]1(CCc2ccccc2)CC2C3Cc4ccc(O)c5c4C2(CCN3CC2CCC2)C(O5)[C@@H]1O,CHEMBL9877
DEC_3850,decoy,CC(C)CC(c1cccc(NS(=O)(=O)c2ccc(C#N)cc2)c1)c1c(O)c2c(oc1=O)CCCCCC2,CHEMBL280277
DEC_3194,decoy,Cc1nn(C)c(NC(=O)CN(C)CCCN2CCCCC2C)c1C(=O)c1ccccc1F,CHEMBL43547
DEC_4204,decoy,CCN(CC)C(=O)c1cccc(-c2ccc3c(c2)C[C@H]2[C@H]3[C@@H](CCCCC(=N)N)C(=O)N2C(=O)OC)c1,CHEMBL46845
DEC_0569,decoy,Cc1cc(Cl)cc(Cl)c1C/N=c1\c(O)c(O)\c1=N/C(C)C(C)(C)C,CHEMBL20830
DEC_2788,decoy,Brc1ccc(Br)c(N(CC2CC2)C2=NCCN2)c1,CHEMBL278627
DEC_1936,decoy,COc1ccc2sc3c(=O)n(CCN4C[C@@H]5CCc6c(OC)cccc6[C@@H]5C4)c(=O)[nH]c3c2n1,CHEMBL41234
DEC_3049,decoy,O=C(O)c1ccc(COC(=O)[C@@H]2[C@H](Cc3ccccc3)C(=O)N2C(=O)c2ccccc2)cc1,CHEMBL37038
DEC_1158,decoy,CCCc1c(O)n(Cc2cccs2)c2nc3c(n2c1=O)C(=O)N(C)CN3C,CHEMBL14133
DEC_3047,decoy,CNC(=O)c1cc2cc(OC)c(OC)cc2c(-c2cc(OC)c(OC)c(OC)c2)c1C(=O)OC,CHEMBL26493
DEC_1140,decoy,O=C(/C=C/c1ccc(Cl)c(Cl)c1)NCCCCCN1CCC(c2c[nH]c3cccc(O)c23)CC1,CHEMBL54192
DEC_4054,decoy,O=C(O)[C@@H]1C[C@H]2C[C@@H](Cc3ccccc3-c3nnn[nH]3)CC[C@H]2CN1,CHEMBL435755
DEC_0056,decoy,CC(C)C1=CC2CC3(C=O)[C@@H]4CC[C@@H](C)[C@H]4CC2(CO[C@H]2CN[C@H](C)CO2)[C@]13C(=O)O,CHEMBL31670
DEC_2104,decoy,CCCCCn1cnc2c(C#CC#Cc3ncnc4c3ncn4CCCCC)ncnc21,CHEMBL9930
DEC_3510,decoy,CC12CCC(=O)C=C1CCC1C2C(=O)CC2(C)C1CC[C@]2(O)C(=O)CO,CHEMBL536
DEC_1965,decoy,Cn1cc(C2=C(c3cn(CCSC(=N)N)c4ccccc34)C(=O)NC2=O)c2ccccc21,CHEMBL267126
DEC_3637,decoy,CCCCn1c(=O)c2c(ncn2S(=O)(=O)c2ccc(NO)cc2)n(CCCC)c1=O,CHEMBL282238
DEC_4502,decoy,O=C(O)/C=C/c1ccc(NC(=O)c2cccc(NC3=NCCN3)c2)c(Cl)c1,CHEMBL417322
DEC_0609,decoy,Nc1ccc(CCn2ncc3c2nc(N)n2nc(-c4ccco4)nc32)cc1,CHEMBL22316
DEC_3311,decoy,CCNCC1(C)CN(c2c(F)cc3c(=O)c(C(=O)O)cn4c3c2OC[C@@H]4C)C1,CHEMBL19412
DEC_3992,decoy,Cc1cc(CN/C(S)=N/Cc2ccc(NS(C)(=O)=O)cc2)c(COC(=O)C(C)(C)C)cc1C,CHEMBL45817
DEC_4568,decoy,Nc1cccc(S(=O)(=O)Nc2cccc(C(c3c(O)c4c(oc3=O)CCCCCC4)C3CC3)c2)c1,CHEMBL16387
DEC_3855,decoy,C=C1C[C@@]23O[C@]2(c2ccccc21)C1CC(OC(=O)[C@H](O)[C@@H](NC(=O)NCC)c2ccccc2)C3(C)C1(C)C,CHEMBL32245
DEC_2839,decoy,CC(C)[C@@H]1NC(=O)[C@@H]([C@H](O)[C@H](Cc2ccccc2)NC(=O)OC(C)(C)C)NCc2ccc(cc2)OCCCCNC1=O,CHEMBL326070
DEC_4697,decoy,O=[N+]([O-])c1ccc(/C=C/S(=O)(=O)OCCCl)cc1,CHEMBL17525
DEC_0187,decoy,Cc1ccc(S(=O)(=O)N(C)NSc2ccccc2[N+](=O)[O-])cc1,CHEMBL23179
DEC_1415,decoy,N#CN=C1N(Cc2cccc(C#N)c2)[C@H](Cc2ccccc2)[C@H](O)[C@@H](O)[C@@H](Cc2ccccc2)N1Cc1cccc(C#N)c1,CHEMBL285498
DEC_1448,decoy,COC(=O)[C@@]1(C)CCC[C@@]2(C)C1CC[C@H](C(=O)O)[C@@H]2CCc1ccc2c(OC(C)=O)ccc(OC(C)=O)c2c1,CHEMBL279215
DEC_3638,decoy,CC(C)[C@H](NC(=O)Cn1c(-c2cccnc2)ncc(N)c1=O)C(=O)c1nnc(C(C)(C)C)o1,CHEMBL24604
DEC_0580,decoy,[O-][S+](c1nc(-c2ccccc2)c(-c2ccccc2)[nH]1)C(F)(F)C(F)F,CHEMBL18231
DEC_1008,decoy,CCc1nc2c(C)cc(C)nc2n1Cc1ccc(-c2ccccc2-c2nn[nH]n2)cc1,CHEMBL7550
DEC_3401,decoy,COc1cc2c(c(OC)c1OC)-c1ccc(SC)c(=O)cc1[C@@H](NC=O)CC2,CHEMBL279958
DEC_2771,decoy,O=S(=O)(Nc1cccc(Oc2cccc3cccnc23)c1)C(F)(F)F,CHEMBL17816
DEC_0697,decoy,C[C@@H]1CC2C3CCC4=CC(=O)C=CC4(C)[C@@]3(Cl)C(O)CC2(C)[C@@]1(OC(=O)c1ccco1)C(=O)CCl,CHEMBL290383
DEC_1640,decoy,CC(C)(C)/N=c1\c(O)c(O)\c1=N/Cc1ccc(Cl)cc1Cl,CHEMBL277892
DEC_1610,decoy,C[C@@]12CC[C@@H]3OCC[C@@H]3C1CC[C@@]13CC(CCC12)[C@@](O)(CO)C3,CHEMBL430924
DEC_1883,decoy,O=C1[C@@H](NS(=O)(=O)c2cc3c(Cl)nccc3s2)CCN1Cc1cc2c[nH]ccc-2n1,CHEMBL8503
DEC_0393,decoy,O=C(O)COCCCC[C@H]1[C@H](F)CC[C@@H]1NS(=O)(=O)c1ccccc1,CHEMBL440772
DEC_1872,decoy,CC1(C)C2CC[C@@]1(CS(=O)(=O)N1CCC3(CCc4ccccc43)CC1)[C@@H](N1C(=O)C[C@H](O)C1=O)C2,CHEMBL283994
DEC_2684,decoy,N=C(N)NCCC[C@H](NC(=O)[C@@H]1CC[C@@H]2CC[C@](N)(Cc3ccccc3)C(=O)N21)C(=O)c1nc2ccccc2s1,CHEMBL265317
DEC_2840,decoy,CCc1cn([C@@H]2O[C@H](CNC(=O)C3c4ccccc4Oc4c(-c5ccccc5)cccc43)[C@@H](O)[C@@H]2F)c(=O)[nH]c1=O,CHEMBL44047
DEC_0058,decoy,CC(C)Cc1ccc(CCn2ncc3c2nc(N)n2nc(-c4ccco4)nc32)cc1,CHEMBL17013
DEC_2378,decoy,COC(=O)/C=C\C(=O)N[C@@H]1CCC2(O)C3Cc4ccc(O)c5c4C2(CCN3CC2CC2)C1O5,CHEMBL440282
DEC_2425,decoy,CC1=C(C(=O)OC(c2ccccc2)c2ccccc2)N2C(=O)[C@@H](NC3=NC4CC4N3)C2SC1,CHEMBL416710
DEC_1582,decoy,COc1cc2c(c3ccccc3n2C)c2c(NCCN3CCCCC3)nccc12,CHEMBL280682
DEC_1360,decoy,O=c1c2ccccc2c2ccccc2n1CC#Cc1cc2c(s1)-n1c(CO)nnc1CN=C2c1ccccc1Cl,CHEMBL19917
DEC_4349,decoy,CN1CCCC1CCNCCCCNCC1CCN(C(=O)Cc2cccc3ccccc23)CC1,CHEMBL22248
DEC_3234,decoy,Nc1nc(O)c2nc(Br)n(C3CCCCc4ccc(F)cc43)c2n1,CHEMBL276889
DEC_3159,decoy,Brc1cccc(Nc2ncnc3cc4c(cnn4CCCN4CCOCC4)cc23)c1,CHEMBL39355
DEC_1103,decoy,N=C(N)c1ccc2[nH]c(-c3cc(CCCC(=O)O)cc(Br)c3O)c(Cc3ccccc3)c2c1,CHEMBL50649
DEC_2778,decoy,NS(=O)(=O)c1ccc(-n2nc(C(F)(F)F)cc2C2=CCCCC2)cc1,CHEMBL30091
ACT_033,active,CCc1ccc(C[C@H](NC(=O)Nc2ccc(Cl)cc2)c2noc(N(C)CCO)n2)cc1,CHEMBL5270974
DEC_3219,decoy,CCCc1cc(=O)oc2c3c(c4c(c12)OC(C)(C)C=C4)OC[C@H](C)[C@H]3O,CHEMBL269062
DEC_4691,decoy,C1=C(C2(C3=NCCN3)COc3ccccc3O2)CCCC1,CHEMBL429954
DEC_3538,decoy,CCS(=O)(=O)c1ccc(OC)c(-c2ccc(CN3CCCCC3)[nH]2)c1,CHEMBL21118
DEC_0268,decoy,CCN(CC)CCn1nc2c3c(c(CNS(C)(=O)=O)ccc31)Sc1ccccc1-2,CHEMBL25908
DEC_2819,decoy,CCCNCc1cccc(C(=O)OCC(=O)[C@@]2(O)CCC3C4CCC5=CC(=O)CCC5(C)C4C(O)CC32C)c1,CHEMBL83442
DEC_1248,decoy,C[C@@H](n1cnc2cc(Sc3ccccc3)ccc2c1=O)[C@](O)(Cn1cncn1)c1ccc(F)cc1F,CHEMBL300113
DEC_2904,decoy,COc1cc([C@@H]2c3[nH]c4ccccc4c3C[C@H]3C(=O)N4CCC[C@H]4C(=O)N23)cc(OC)c1O,CHEMBL277043
DEC_2304,decoy,CN(C)CCc1c[nH]c(CCC(c2ccccc2)c2ccccc2)n1,CHEMBL11553
DEC_2497,decoy,OC1(c2ccc(-c3ccc(C4(O)CN(CCBr)CCO4)cc3)cc2)CN(CCBr)CCO1,CHEMBL10936
DEC_0475,decoy,CCCCCCCCCN1CCC[C@@H]1CNC(=O)c1cc(Cl)cc2c1OCC2,CHEMBL278838
DEC_4304,decoy,Cc1cc(C(c2ccc(OCc3ccccc3)cc2)N2CCN(C)CC2)sn1,CHEMBL421855
DEC_4711,decoy,C(=N/NC1=NCCN1)\c1c2ccccc2nc2ccccc12,CHEMBL278341
DEC_2273,decoy,O=C1NCN(c2ccccc2)C12CCN(C1Cc3cccc4cccc1c34)CC2,CHEMBL281274
DEC_3920,decoy,O=C(Cc1cccs1)N[C@@H]1C(=O)N2C(C(=O)O)=C(/C=C/[S+]([O-])c3ccc([N+](=O)[O-])cc3)CS[C@H]12,CHEMBL435369
ACT_096,active,CCOC(=O)C1CCCN(C(=O)[C@H](Cc2ccccc2)NC(=O)Nc2ccc(Br)cc2)C1,CHEMBL3590206
DEC_2639,decoy,CCOc1c(N2CCCC(CN)C2)c(F)cc2c(=O)c(C(=O)O)cn(C3CC3)c12,CHEMBL15357
DEC_2833,decoy,Cc1cc(C(=O)N2CCOCC2)[nH]c1/C=C1\C(=O)Nc2ncnc(Nc3ccc4c(cnn4Cc4ccccc4)c3)c21,CHEMBL67003
DEC_4344,decoy,CCCc1c(OCCCOc2cc(O)c(C(C)=O)cc2CC)cccc1OC(CC)C(=O)O,CHEMBL15295
DEC_3724,decoy,O=S(=O)(c1nc(-c2ccc(F)cc2)c(-c2ccc(F)cc2)[nH]1)C(F)(F)C(F)F,CHEMBL18647
DEC_3586,decoy,CC(C)(C)OC(=O)c1ncn2c1CN(C(=O)N1CCCC1)c1cc(Cl)ccc1-2.CCCC(=O)O,CHEMBL14805
DEC_3731,decoy,OC1CCCCCC1CN1CCN(CCOC(c2ccccc2)c2ccccc2)CC1,CHEMBL417305
DEC_3178,decoy,COc1ccccc1-c1nc(S(=O)(=O)C(F)(F)C(F)F)[nH]c1-c1ccccc1OC,CHEMBL17770
DEC_0333,decoy,CC(C)C12OC3(c4ccccc4)OC1[C@@H]1[C@@H]4O[C@]4(CO)[C@@H](O)[C@]4(O)C(=O)C=C[C@@]4(C)C1(O3)[C@H](C)[C@H]2OC(=O)CCc1ccccc1,CHEMBL313085
DEC_3277,decoy,CCC#CC[C@H](C)[C@H](O)C#C[C@@H]1C2CC(c3ccc(F)cc3)(CO2)[C@H]1C/C=C/CCCC(=O)O,CHEMBL273634
DEC_3456,decoy,CCCc1c(C(=O)NCCCO)cnn1-c1nc(-c2cccc(C(F)(F)F)c2)cs1,CHEMBL9817
DEC_2935,decoy,O=C(O)C(CC#Cc1ccccc1)NS(=O)(=O)c1ccc(-c2ccc3c(c2)OCO3)cc1,CHEMBL10881
DEC_0982,decoy,CCCCCCC[C@H](CC(=O)CS)C(=O)N[C@H](C(=O)NC)C(C)(C)C,CHEMBL16554
DEC_1733,decoy,OC1(c2nc(-c3ccc(F)cc3)c(-c3ccncc3)[nH]2)CCCC1,CHEMBL23828
DEC_3259,decoy,CCCCCCCN(C=O)[C@H]1CCC2C3CC[C@H]4N(C)C(=O)CC[C@]4(C)C3CC[C@@]21C,CHEMBL17206
DEC_1895,decoy,O=C1CCC(c2ccccc2)(C2CCN(Cc3ccccc3I)CC2)C(=O)N1,CHEMBL276237
DEC_1919,decoy,CS(=O)(=O)c1ccc2c(c1)c(C1CCN(CCN3CCNC3=O)CC1)cn2-c1ccc(F)cc1,CHEMBL274176
DEC_3012,decoy,O=C(N[C@@H]1CCC2(O)C3Cc4ccc(O)c5c4C2(CCN3CC2CC2)C1O5)C(=O)c1ccccc1,CHEMBL28284
DEC_4471,decoy,CC(=O)NCC(=O)N1C(C(=O)N/C=C\c2c[nH]c3cc(OCc4ccccc4)ncc23)CSC1(C)C,CHEMBL45475
DEC_1507,decoy,CNc1ccc(C#CC[C@H](NS(=O)(=O)c2ccc3ccccc3c2)C(=O)N(C)C2CCCC2)cc1N,CHEMBL7124
DEC_3994,decoy,CCCCc1nc2cccc(F)c2c(=O)n1Cc1ccc(-c2ccccc2-c2nn[nH]n2)cc1,CHEMBL282526
DEC_2033,decoy,CCCCc1nc(N(C)Cc2ccccc2)c2sccc2n1,CHEMBL288545
DEC_1632,decoy,CC1OC=C(CO)[C@H]2C[C@H]3c4[nH]c5ccccc5c4CCN3CC12,CHEMBL15238
DEC_0924,decoy,[O-][n+]1ccc(CC(c2ccc(C(O)(C(F)(F)F)C(F)(F)F)cc2)c2ccc(OC(F)F)c(OC(F)F)c2)c(CO)c1,CHEMBL105243
DEC_0070,decoy,N#C/C(=C\c1ccccc1OCCN1CCCCC1)c1noc2ccc(O)cc12,CHEMBL22067
DEC_2802,decoy,N#CN=C1N(Cc2cccc(O)c2)[C@H](Cc2ccccc2)[C@H](O)[C@@H](O)[C@@H](Cc2ccccc2)N1Cc1cccc(O)c1,CHEMBL287112
DEC_3737,decoy,CCCC1Nc2ccccc2C(=O)N1Cc1ccc(-c2ccccc2-c2nn[nH]n2)cc1,CHEMBL15484
ACT_020,active,CC1(CCc2ccccc2)NC(=O)N(NC(=O)Nc2ccccc2F)C1=O,CHEMBL6060099
DEC_4588,decoy,CCCCCCN(C=O)[C@H]1CCC2C3CC[C@H]4N(C)C(=O)CC[C@]4(C)C3CC[C@@]21C,CHEMBL17506
DEC_0015,decoy,CCCc1cc(=O)oc2c(C(=O)[C@H](C)[C@H](C)O)c(O)c3c(c12)OC(C)(C)C=C3,CHEMBL7242
DEC_3416,decoy,C=CCOC(=O)NC1C2C(=O)CC(c3ccc(O)cc32)C1C(=O)OCC[Si](C)(C)C,CHEMBL12742
DEC_3847,decoy,O=C(Cn1c(C2CCNCC2)nc2cc(Cl)c(Cl)cc21)NNC(=O)NC12C[C@H]3C[C@@H](C1)C[C@@H](C2)C3,CHEMBL277938
DEC_3670,decoy,CN1C(=O)N(CC(COc2ccc(-c3cccc(C#N)c3)cc2)N(O)C=O)C(=O)C1(C)C,CHEMBL39921
DEC_0677,decoy,CCNC(=O)[C@H]1OC(n2cnc3c(N)nc(NCCc4ccc(CCC(=O)O)cc4)nc32)[C@H](O)[C@@H]1O,CHEMBL291471
DEC_0731,decoy,CCN(CC)c1nc(C)nc2c1sc(=S)n2-c1c(C)cc(C)cc1C,CHEMBL413968
DEC_0092,decoy,O=C(O)C(=O)CC(=O)c1ccc(-c2ccc(SCCc3ccncc3)cc2)cc1,CHEMBL273783
DEC_3699,decoy,CCOC(=O)c1ccc(CCCn2ncc3c2nc(N)n2nc(-c4ccco4)nc32)cc1,CHEMBL442338
DEC_1990,decoy,O=C(O)c1cn(C2CC2)c2c(F)c(N3CCOC(CN4CCCCC4)C3)c(F)cc2c1=O,CHEMBL280842
DEC_4281,decoy,CN1CCN2CC(c3ccc([N+](=O)[O-])cc3)c3ccc([N+](=O)[O-])cc3C2C1,CHEMBL6575
DEC_3271,decoy,O=C(O)COc1cccc2c1CCCC2CCC(=O)NN(c1ccccc1)c1ccccc1,CHEMBL11211
DEC_4143,decoy,N#C/C(=C(/N)Sc1ccccc1N)c1cccc(C(O)c2ccc(C(F)(F)F)cc2)c1,CHEMBL38184
DEC_0066,decoy,Nc1ncc(Cc2ccc(OCc3ccccc3)c(OCc3ccccc3)c2)c(N)n1,CHEMBL22138
DEC_3210,decoy,CCCc1cc(=O)oc2c3c(c4c(c12)OC(C)(C)C=C4)O[C@H](C)[C@@H](C)[C@H]3O,CHEMBL7121
DEC_3081,decoy,OC(CNC1CCc2[nH]c3ccccc3c2C1)c1cccc(Cl)c1,CHEMBL25615
DEC_1301,decoy,CCN(CC)CCNc1ccc2ncn3c4c(O)ccc(O)c4c(=O)c1c23,CHEMBL268740
DEC_4034,decoy,C[C@]12C=CC(=O)C=C1CCC1C2[C@@H](O)C[C@@]2(C)C1CC[C@]2(O)C(=O)CO,CHEMBL416516
DEC_2106,decoy,CC1(C)COP(=O)(C(CCC(=O)c2ccoc2)P2(=O)OCC(C)(C)CO2)OC1,CHEMBL274583
DEC_1328,decoy,O[C@@H]1c2cc(OCc3cccc(Cl)n3)ccc2OC[C@@H]1Cc1cccnc1,CHEMBL29937
DEC_2463,decoy,C=CC1C[C@]1(NC(=O)C1C[C@@H](Oc2ccnc3ccccc23)CN1C(=O)[C@@H](NC(=O)OC(C)(C)C)C(C)(C)C)C(=O)O,CHEMBL330117
DEC_0399,decoy,CCCOCC/N=C(\N)Nc1nc(-c2ccc(CNC(C)=O)o2)cs1,CHEMBL25609
DEC_1058,decoy,CC(C)CN1C[C@H](OCC23C[C@@H]4[C@H](C)CC[C@H]4C4(C=O)CC2C=C(C(C)C)[C@@]34C(=O)O)OC[C@H]1C,CHEMBL30451
DEC_3428,decoy,NC1CCC(CNC(=O)[C@@H]2CCCN2C(=O)[C@H](N)C(C2CCCCC2)C2CCCCC2)CC1,CHEMBL289395
DEC_0732,decoy,COc1c2occc2c(CN(C(C)C)C(C)C)c2ccc(=O)oc12.Cl,CHEMBL267372
DEC_4283,decoy,N#C/C(=C\c1ccccc1OCCN1CCCC1)c1noc2ccccc12,CHEMBL280413
DEC_4542,decoy,OC[C@@]12C[C@@H]1[C@@H](n1cnc3c(NCc4cccc(I)c4)nc(Cl)nc31)C[C@@H]2O,CHEMBL28057
DEC_2115,decoy,N#C/C(=C\c1ccccc1OCCN1CCN(c2ccccc2)CC1)c1noc2ccccc12,CHEMBL21966
DEC_4042,decoy,O=C(O)c1cn2c3c(nc(O)c2n1)-c1cccc(CP(=O)(O)O)c1C3,CHEMBL25687
DEC_3760,decoy,CC(C)C1=CC2CC3(C=O)[C@@H]4CC[C@@H](C)[C@H]4CC2(CO[C@H]2C[C@H]4[C@H](OC[C@H]4C(C)C)[C@@H](C)O2)C13C(=O)O,CHEMBL297584
DEC_2199,decoy,CCc1ccc2nccc(NCCCN(C)C)c2c1[N+](=O)[O-],CHEMBL32041
DEC_4247,decoy,O=S(=O)(Nc1cccc(OCc2nc3ccccc3s2)c1)C(F)(F)F,CHEMBL17868
DEC_1570,decoy,Cc1cc(NCc2ccc(-c3ccccc3-c3nn[nH]n3)cc2)c(Cl)c(C)n1,CHEMBL34044
DEC_4526,decoy,CC1Cc2ccccc2N1C(=O)C1=CCCC1C(=O)NCc1ccc(C(=N)N)cc1,CHEMBL17394
DEC_0979,decoy,Cc1cc(Br)ccc1C(=O)c1ccc(-n2ncc(=O)[nH]c2=O)cc1Cl,CHEMBL6352
DEC_1170,decoy,CCC1(O)C(=O)OCc2c1cc1n(c2=O)Cc2c-1nc1ccccc1c2CCNC,CHEMBL275019
DEC_0294,decoy,O=C(O)C(CCCCn1cnc2c1NC=NCC2O)Cc1ccccc1Br,CHEMBL36045
DEC_4043,decoy,C[C@]12C[C@@H](O)[C@H]3[C@@H](CCC4=CC(=O)CC[C@@]43C)[C@@H]1CC[C@@H]2C(=O)CO,CHEMBL440782
DEC_1974,decoy,COc1ccc2c3c1OC1C4NC(C(=O)OCC(C)C)=C(C)C4CC4C(C2)N(C)CCC341,CHEMBL34663
DEC_3542,decoy,CC1(C)C(=O)N(c2ccc(C#N)c(C(F)(F)F)c2)C(=O)N1CCCCO,CHEMBL9337
DEC_0295,decoy,CC(CCCCn1cnc2c1NC=NCC2O)(Cc1cccc(C(F)(F)F)c1)C(=O)O,CHEMBL291059
DEC_0339,decoy,Nc1nc(/C(=N/OC2CCCC2)C(=O)N[C@@H]2C(=O)N3C(C(=O)O)=C(/C=C4\CCN(CC(F)(F)F)C4=O)CS[C@H]23)cs1,CHEMBL55985
DEC_0635,decoy,N#C/C(=C\c1cccc(OCCN2CCOCC2)c1)c1noc2ccccc12,CHEMBL424024
DEC_2721,decoy,CCCN(CCC)C1CCc2cc(O)c(O)cc2C1,CHEMBL15887
ACT_071,active,O=C(Cn1c(=O)[nH]cc(-c2ccccc2)c1=O)Nc1ccc(Br)cc1,CHEMBL5285738
DEC_1075,decoy,COc1ccc2c3c1OC1[C@H]4OC[C@@]4(CCCc4ccccc4)CC4C(C2)N(CC2CC2)CCC341,CHEMBL264920
DEC_3090,decoy,O=C1NC(=O)C(c2cc(Cl)ccc2SCc2ccc(Cl)cc2)N1,CHEMBL19789
DEC_2838,decoy,CCc1cn([C@@H]2O[C@H](CNC(=O)C3c4cccc(Cl)c4Oc4c(Cl)cccc43)[C@@H](O)[C@@H]2F)c(=O)[nH]c1=O,CHEMBL432111
DEC_4243,decoy,CC(=O)OCn1c(SCc2nccc3c2CCC[S+]3[O-])nc2ccccc21,CHEMBL10078
DEC_1585,decoy,CC(C)c1ccccc1Sc1c(O)cc(-c2ccc(C(=O)O)cc2)oc1=O,CHEMBL275560
DEC_2674,decoy,C=CCNc1nc(NCC=C)nc(NCC(O)CN2CCC(NC3c4ccccc4CCc4ccccc43)CC2)n1,CHEMBL82062
DEC_2103,decoy,CC(=O)O[C@H]1O[C@@H]2O[C@@H](OC(C)=O)[C@@H]3CC[C@H]([C@H]1CC/C=C(\C)CCC=C(C)C)[C@H]23,CHEMBL418341
DEC_3745,decoy,O=c1[nH]c2ccccc2c(=O)n1CCN1CCC(C(c2ccccc2)c2ccccc2)CC1,CHEMBL273766
DEC_3658,decoy,CCOC(=O)C1=NO[C@]2(C(=O)CO)[C@H]1CC1C3CCC4=CC(=O)C=C[C@]4(C)[C@H]3[C@@H](O)C[C@@]12C,CHEMBL9114
DEC_0148,decoy,CCN(CC)CCNc1ccc2ncn3c4c(O)cccc4c(=O)c1c23,CHEMBL8373
DEC_3741,decoy,CCN(Cc1cc(Nc2ccnc3cc(Cl)ccc23)ccc1O)C(=O)N1CCN(C)CC1,CHEMBL35537
DEC_1768,decoy,CC(C)C1=CC2CC3(C=O)[C@@H]4CC[C@@H](C)[C@H]4CC2(CO[C@@H]2O[C@H](C)[C@H]4OC(C)(C)O[C@H]4[C@H]2O)C13C(=O)O,CHEMBL21515
DEC_4561,decoy,C#CCN(Cc1ccc2nc(C)nc(O)c2c1)c1ccc(C(=O)NCc2cccc(C(=O)O)c2)cc1,CHEMBL6850
DEC_4330,decoy,CCN(CC)CCn1nc2c3c(c(CNC)ccc31)Sc1ccccc1-2,CHEMBL30099
DEC_3073,decoy,COc1cc(N)c(Cl)cc1C(=O)NCCN(C)CC1CCCCC1,CHEMBL20675
DEC_0179,decoy,CCCCCc1ccc(C(c2ccns2)N2CCN(C)CC2)cc1,CHEMBL415250
DEC_4760,decoy,CCCc1c(OCCCOc2ccc(C(=O)CCC(=O)O)c(C)c2)ccc(C(C)=O)c1O,CHEMBL38530
DEC_3691,decoy,Cn1c2nccc(C(N)=O)c2c2ncnc(N3CCN(CCc4ccc(F)c(F)c4)CC3)c21,CHEMBL25903
DEC_1590,decoy,CCC1NC(=O)C(CCN(C(C)C)C(C)C)(c2ccccc2)C2CCCCN12,CHEMBL24216
DEC_4650,decoy,CC1(C)C(=O)[C@]2(CS(=O)(=O)N3CCC4(C=Cc5ccccc54)CC3)CCC1C2(C)C,CHEMBL269624
DEC_0099,decoy,Cc1nc(N)nc(N)c1Cc1ccc(OCc2ccccc2)c(OCc2ccccc2)c1,CHEMBL279948
DEC_0205,decoy,C=C(CC[C@H](O)[C@@]1(C)CC[C@H](C(C)(C)O)O1)[C@H]1CC[C@H]2O[C@@H]([C@]3(C)CCC(=O)O3)CC[C@]2(C)O1,CHEMBL280918
DEC_0039,decoy,C/C=C/C=C/C(=O)O[C@H](CC=C(C)C)C1=CC(=O)c2c(O)ccc(O)c2C1=O,CHEMBL9148
DEC_0141,decoy,CC(C)(C)c1cc(-c2nnc(N=C(N)N)o2)cc(C(C)(C)C)c1O,CHEMBL16878
DEC_2060,decoy,N#CC1=C(c2cccc3ccccc23)CN(C(=O)Cc2cncn2Cc2ccc(C#N)c(Cl)c2)CC1,CHEMBL27677
DEC_1901,decoy,C[C@@H](n1cnc2cc(I)ccc2c1=O)[C@](O)(Cn1cncn1)c1ccc(F)cc1F,CHEMBL58831
DEC_2914,decoy,CCN(Cc1ccc(S(=O)(=O)N2CCNCC2)cc1)c1ccc2c3c(cccc13)C(=O)N2,CHEMBL9728
DEC_0594,decoy,CC1(C)C=C(n2ccccc2=O)c2cc(S(=O)(=O)c3ccccc3)ccc2O1,CHEMBL12138
DEC_4153,decoy,CN1C[C@H](CNC(=O)OCc2ccccc2)C[C@@H]2c3cc(C(C)(C)C)cc4[nH]cc(c34)C[C@H]21,CHEMBL429051
DEC_0590,decoy,CN1C(=O)C=C[C@]2(C)C3CC[C@@]4(C)C(CC[C@@]4(O)C#CCCCl)C3CCC12,CHEMBL9887
DEC_1788,decoy,CC(C)(C)C(=O)O/C=C1/C(=O)N2[C@@H](C(=O)OC(c3ccccc3)c3ccccc3)C(C)(C)S(=O)(=O)[C@H]12,CHEMBL34123
DEC_1910,decoy,C1CCN(C2CCN(CCN3CCN(CCN4CCC(N5CCCCC5)CC4)CC3)CC2)CC1,CHEMBL10522
DEC_4472,decoy,CC#CCOc1ccc(S(=O)(=O)N(C)c2c(C(=O)NO)cnc3c(Br)cccc23)cc1,CHEMBL35989
DEC_0955,decoy,O=C1Nc2cc(C(F)(F)F)ccc2C1(O)c1cc(I)ccc1O,CHEMBL36172
DEC_2963,decoy,O=C(NCC1CCCCN1)c1cc(OCC(F)(F)F)ccc1OCC(F)(F)F,CHEMBL652
DEC_1946,decoy,COc1ccccc1N1CCN(CCn2c(=O)c3cscc3n(C(=O)c3ccccc3)c2=O)CC1,CHEMBL50947
DEC_0907,decoy,CCSCc1ccc2c(c1)c1c3c(c4c5cc(CSCC)ccc5n5c4c1n2C1C[C@](O)(C(=O)OC)[C@]5(C)O1)CNC3=O,CHEMBL299496
DEC_2321,decoy,O=C(O)CCC/C=C/C[C@H]1C2COC(C2)[C@@H]1COCc1ccccc1,CHEMBL10551
DEC_3164,decoy,CCN1C(=O)N(CC(COc2ccc(-c3ccc(C#N)cc3)cc2)N(O)C=O)C(=O)C1(C)C,CHEMBL288592
DEC_1252,decoy,C=C(Cl)C(=O)N[C@@]12CCC(=O)[C@@H]3Oc4c(O)ccc5c4C31CCN(CC1CC1)C2C5,CHEMBL288178
DEC_0704,decoy,C#CCOc1ccc(CC[C@](C)(O)[C@H]2C[C@@]34C=C[C@]2(OC)[C@@H]2Oc5c(OC)ccc6c5C23CCN(C)C4C6)cc1,CHEMBL301038
DEC_0525,decoy,c1cc(CN2CCC(C3=NCCN3)CC2)ccc1CN1CCC(C2=NCCN2)CC1,CHEMBL10637
DEC_3649,decoy,O=C(/C=C/c1ccc(O)cc1)O[C@@H]1C[C@](OCCCc2ccccc2)(C(=O)O)C[C@@H](O)[C@H]1O,CHEMBL34518
DEC_3144,decoy,CC(C)CCc1c(O)n(Cc2ccccc2)c2nc3c(n2c1=O)C(=O)N(C)CN3C,CHEMBL429030
DEC_2223,decoy,CN(C)CCN1C(=O)c2cccc3c2c(cc2ccsc23)C1=O,CHEMBL32087
DEC_2785,decoy,OC1(c2nc(-c3ccc(F)cc3)c(-c3ccncc3)[nH]2)CCCCCC1,CHEMBL277409
DEC_0498,decoy,CCN(CCCCCC(C)(F)F)CCC[C@H](O)c1ccc(NS(C)(=O)=O)cc1,CHEMBL13749
DEC_4284,decoy,Br.CCN(CC)CCCOc1c2occc2cc2ccc(=O)oc12,CHEMBL6774
DEC_0088,decoy,CCN(CC)CCNc1nc(Nc2ccc(N3CCN(C)CC3)cc2)nc2ccccc12,CHEMBL31648
DEC_1596,decoy,c1ccc(CN2CCC(CCNc3ccc(-c4ccccc4)nn3)CC2)cc1,CHEMBL25412
DEC_1182,decoy,COC1=C(C)C(=O)c2c(c(COC(N)=O)c3n2CCC3OC(=O)C(C)(C)C)C1=O,CHEMBL18427
DEC_1419,decoy,C[C@@H](n1cnc2cc(-c3ccc(C4=NCCO4)cc3)sc2c1=O)[C@](O)(Cn1cncn1)c1ccc(F)cc1F,CHEMBL300501
DEC_4437,decoy,CCSC1=NS(=O)(=O)c2cc(C)cnc2N1Cc1ccc(-c2ccccc2-c2nn[nH]n2)cc1,CHEMBL13783
DEC_1212,decoy,Clc1cc2nc(C3CCNCC3)n(CCCCSc3[nH]cnc4ncnc3-4)c2cc1Cl,CHEMBL19993
DEC_3766,decoy,Cc1cc(CC(N)=O)cc(-c2c(O)nc3cc(Cl)c([N+](=O)[O-])cc3c2OCCC2CCCCN2)c1,CHEMBL295556
DEC_3730,decoy,CC(C)[C@@H](CN1CC[C@@](C)(c2cccc(O)c2)[C@@H](C)C1)NC(=O)CCc1ccc(O)cc1,CHEMBL10986
DEC_2591,decoy,O=S(=O)(Nc1ccc(CCNC[C@H](O)c2cccnc2)cc1)c1ccc(-c2nc(CCCC3CCCC3)cs2)cc1,CHEMBL294172
DEC_4560,decoy,Cn1cc(C2=C(c3cn(C4CCN(Cc5ccccn5)CC4)c4ccccc34)C(=O)NC2=O)c2ccccc21,CHEMBL300138
DEC_2001,decoy,COP(=O)(OC)OC(CC(C)(C)C)P(=O)(OC)OC,CHEMBL33291
DEC_1374,decoy,CCCC(c1cccc(NS(=O)(=O)c2cccc3cccnc23)c1)c1c(O)c2c(oc1=O)CCCCCC2,CHEMBL274470
DEC_2215,decoy,CC1(C)C=C(n2ccccc2=O)c2cc(S(=O)(=O)N=[N+]=[N-])ccc2O1,CHEMBL276151
DEC_2477,decoy,CC(=O)N1[C@@H](C(=O)NCC(=O)O)CC(=O)c2ccccc2N(Cc2ccccc2)C(=O)[C@@H]1CC12CC3CC(CC(C3)C1)C2,CHEMBL324367
DEC_1372,decoy,O=c1c2c(oc(O)c1[C@H](c1cccc(NS(=O)(=O)c3cccc4cccnc34)c1)C1CC1)CCCCCC2,CHEMBL275888
DEC_1810,decoy,C[C@@H](O)[C@H]1C(=O)N2C(C(=O)O)=C(S[C@@H]3CN[C@H](Cc4ccccc4)C3)[C@H](C)[C@H]12,CHEMBL276034
DEC_4574,decoy,COc1cccc2c1CC[C@H]1CN(CCn3c(=O)[nH]c4c(sc5cccc(OC)c54)c3=O)C[C@@H]21,CHEMBL41344
DEC_1060,decoy,CC(C)C1=CC2CC3(C=O)[C@@H]4CC[C@@H](C)[C@H]4CC2(CO[C@H]2C[C@@H]4OC[C@@H](C)[C@@H]4[C@@H](C)O2)C13C(=O)O,CHEMBL296692
DEC_1218,decoy,O=C1c2ccccc2S(=O)(=O)N1COP(=O)(OCc1ccccc1)OCc1ccccc1,CHEMBL290748
DEC_2301,decoy,CC(/C=C/C=C(C)/C=C/C1=C(C)CCCC1(C)C)=C(C(=O)O)C(=O)O,CHEMBL273433
DEC_4175,decoy,CCCC1=C(C(=O)OCc2ccc(C(=O)N(C)C)cc2)C(c2cccc(C)c2)NC(=O)N1,CHEMBL16395
DEC_4508,decoy,CCNCC1CCN(c2c(F)c(N)c3c(=O)c(C(=O)O)cn(CC)c3c2Cl)C1,CHEMBL15547
DEC_2300,decoy,COOC1(OOCCCCCCO)CCCCCCCCCCC1,CHEMBL28459
DEC_3381,decoy,C=CCOC(=O)C1C2C(=O)CC(c3ccc(O)cc32)C1C(=O)OCC[Si](C)(C)C,CHEMBL12292
DEC_2204,decoy,CSc1cc(N)ccc1/N=N/c1ccc(S(N)(=O)=O)cc1,CHEMBL17161
DEC_4023,decoy,N#Cc1ccc(Cn2c(=O)n(Cc3nc4ccccc4n3CCCCO)c3ccccc32)cc1,CHEMBL15094
DEC_0768,decoy,CCN(CC)CCNc1ccc2ncn3c4ccc(C)cc4c(=O)c1c23,CHEMBL8601
DEC_3774,decoy,Nc1cccc(Cn2c3c(c4ccccc42)C[C@@]2(O)[C@H]4Cc5ccc(O)c6c5[C@@]2(CCN4CC2CC2)[C@H]3O6)c1,CHEMBL59475
DEC_1142,decoy,O=C(NC(C(=O)NCC1CCN(C2CCCC2)CC1)c1ccc2ccccc2c1)c1ccc2c(Cl)c[nH]c2c1,CHEMBL305740
DEC_1264,decoy,O=C1c2ccccc2C(=O)N1OCCCN1CCN(c2nsc3ccccc23)CC1,CHEMBL10546
DEC_0756,decoy,C/C(=N\O)c1ccc(Sc2cc(F)cc(C3CCOCC3)c2)cc1,CHEMBL25570
DEC_1864,decoy,Cc1cc(Br)c2ncn([C@H](C)[C@](O)(Cn3cncn3)c3ccc(F)cc3F)c(=O)c2c1,CHEMBL56212
DEC_4371,decoy,CCN(CC)c1nc(NCCNC(=O)c2cc(OC)c(OC)c(OC)c2)c2ccccc2n1,CHEMBL14071
DEC_0671,decoy,CN(Cc1cnc2nc(N)nc(N)c2n1)c1ccc(C(=O)NC(CCC(=O)O)C(=O)NCC(=O)O)cc1,CHEMBL55030
DEC_2522,decoy,COc1cc(CN2CCc3c(oc4nc(N)nc(N)c34)C2)cc(OC)c1,CHEMBL284960
DEC_4307,decoy,COc1ccccc1N1CCN(CCCOc2cccc3ccccc23)CC1,CHEMBL27705
DEC_1445,decoy,O=C(OCc1ccccc1)C(Cc1ccc(C(F)(F)P(=O)(O)O)cc1)(c1ccccc1)n1nnc2ccccc21,CHEMBL267245
DEC_1000,decoy,Cc1cc(C)c2c(c1)COP(=O)(OCC1C=CC(n3cc(C)c(=O)[nH]c3=O)O1)O2,CHEMBL31131
DEC_3908,decoy,NC(=O)c1cc(N(CCI)CCI)c([N+](=O)[O-])cc1[N+](=O)[O-],CHEMBL23216
DEC_3856,decoy,C=C1C[C@@]23O[C@]2(c2ccccc21)C1CC(OC(=O)[C@H](O)[C@@H](NC(=O)NC(C)(C)C)c2ccccc2)C3(C)C1(C)C,CHEMBL284458
DEC_4357,decoy,CCn1ncc2c(NCc3ccc(OC)c(Cl)c3)c(C(=O)NCCCCCO)cnc21,CHEMBL269079
DEC_2669,decoy,Cc1sc(NC=O)cc1C(=O)Nc1nc(C(=O)Nc2cc(C(=O)NCCCN(C)C)n(C)c2)c(C(C)C)s1,CHEMBL302273
DEC_4599,decoy,CCN(C)CC#CCCC1(C2(O)c3ccccc3Oc3ccccc32)SCCCS1,CHEMBL287758
DEC_2314,decoy,c1ccc(C(CCc2nc(CCNC3CC3)c[nH]2)c2ccccc2)cc1,CHEMBL274831
DEC_2292,decoy,C[C@]12C=CC(=O)NC1CCC1C2CC[C@@]2(C)C1CC[C@@H]2C(=O)n1ccc2ccccc21,CHEMBL24465
DEC_0733,decoy,CC[S+]([O-])c1nnc(-c2cc(C(C)(C)C)c(O)c(C(C)(C)C)c2)s1,CHEMBL16843
DEC_3986,decoy,N#CN=C1N(CC2CCC2)[C@H](Cc2ccccc2)[C@H](O)[C@@H](O)[C@@H](Cc2ccccc2)N1CC1CCC1,CHEMBL36129
DEC_4290,decoy,C=CCN(CCC)C1CCc2cccc(OS(=O)(=O)C(F)(F)F)c2C1,CHEMBL25857
DEC_4325,decoy,O=C(OC1CN2CCC1CC2)C1=C/C(=C\c2ccncc2)c2ccccc21,CHEMBL278074
DEC_2253,decoy,C[C@]12CCC3C4CCC(=O)C=C4CCC3C1CC[C@@]2(O)C#CCCBr,CHEMBL7682
DEC_4348,decoy,CCCc1c(OCCCOc2cc(O)c(C(C)=O)cc2CC)cccc1OC(C)C(=O)O,CHEMBL15299
DEC_1591,decoy,c1cc(OCCCc2nnn[nH]2)cc(OCc2ccc3ccccc3c2)c1,CHEMBL18223
DEC_2587,decoy,Cc1cc(C)cc(-c2[nH]c3ccc(C(=O)N4CCCC4)cc3c2CCNCCCCc2ccc(NS(C)(=O)=O)cc2)c1,CHEMBL47862
DEC_2146,decoy,c1cc(OCc2ccc(-c3nn[nH]n3)cc2)cc(OCc2ccc3ccccc3n2)c1,CHEMBL418002
DEC_0492,decoy,CC(CCc1ccccc1)NCC(O)COc1ccc(CCOCC2CCC2)cc1,CHEMBL267220
DEC_1132,decoy,O=C(NC(C(=O)NCC1CCN(C2CCCC2)CC1)c1cccc2ccccc12)c1ccc2c(Cl)c[nH]c2c1,CHEMBL72868
DEC_2572,decoy,O=S(=O)(Nc1ccc(CCNC[C@H](O)c2cccnc2)cc1)c1ccc(-c2coc(Cc3ccc(F)c(F)c3)n2)cc1,CHEMBL289689
DEC_2781,decoy,O=C1NCN(c2ccccc2)C12CCN(C1CCCc3ccccc31)CC2,CHEMBL27460
DEC_2748,decoy,c1ccc2c3c([nH]c2c1)CN(CCc1cnccn1)CC3,CHEMBL12396
DEC_0654,decoy,C=C(CC[C@]12O[C@H](CN)[C@@](O)(C(=O)O)[C@](C(=O)O)(O1)[C@H](O)[C@H]2O)[C@@H](OC(C)=O)[C@H](C)Cc1ccccc1,CHEMBL283171
DEC_1442,decoy,CCC1(O)C(=O)OCc2c1cc1n(c2=O)Cc2c-1nc1ccccc1c2CCN(C)C(=O)OCc1ccccc1,CHEMBL10510
DEC_2627,decoy,CC(=O)NC(=S)NC[C@@H]1C[C@@H]2c3ccc(C(C)(C)C)c4[nH]cc(c34)C[C@H]2N(C)C1,CHEMBL14020
DEC_0512,decoy,c1cc(N2CCCN(c3ccc(C4=NCCN4)cc3)CC2)ccc1C1=NCCN1,CHEMBL9185
DEC_3517,decoy,CC1(C)N=C(N)N=C(N)N1c1cccc(COc2cccc(Cl)c2)c1,CHEMBL417461
DEC_1606,decoy,Nc1nc(N)c2c(/C=C\c3ccc4ccccc4c3)cccc2n1,CHEMBL267928
DEC_2861,decoy,CN(C)C[C@@H]1C[C@@H]2O[C@H]1n1c3ccccc3c3c4c(c5c6ccccc6n2c5c31)C(=O)NC4=O,CHEMBL290054
DEC_2049,decoy,O=c1oc2ncccc2n1CCCCN1CCC(c2ccccc2)CC1,CHEMBL286059
DEC_3796,decoy,CCOC(=O)N[C@@H](c1cccs1)[C@@H](O)C(=O)OC1CC2C(C)(C)C1(C)[C@@]13C[C@H](C)c4ccccc4[C@@]21O3,CHEMBL416029
DEC_1311,decoy,O=c1cnn(-c2cc(Cl)c(Sc3ccccc3)c(Cl)c2)c(=O)[nH]1,CHEMBL27865
DEC_0093,decoy,CCCN1C(=NC#N)N(CCC)[C@H](Cc2ccccc2)[C@H](O)[C@@H](O)[C@H]1Cc1ccccc1,CHEMBL35405
DEC_4602,decoy,CCCCCc1cc(OC(C)=O)c2c(c1)OC(C)(C)[C@@H]1CCC(COC(C)=O)CC21,CHEMBL10707
DEC_1650,decoy,CC(/C=C/C(O)=C1\C(=O)CNC1=O)=C\[C@@H](C)C1OC2(C)OC(C(=O)[C@@H]3O[C@@]32C)C1C,CHEMBL10433
DEC_2272,decoy,Fc1ccc(-c2[nH]c(-c3ccc(CN4CCOCC4)cc3)nc2-c2ccncc2)cc1,CHEMBL17688
DEC_3382,decoy,COCCOCOc1cc(O)c2c(=O)cc(-c3ccccc3)oc2c1CC=C(C)C,CHEMBL26832
DEC_1028,decoy,O=C1NC(=O)C(S(=O)(=O)c2ccc3ccccc3c2Br)S1,CHEMBL30325
DEC_1131,decoy,Cc1ccc(-c2c(O)nc3cc(Cl)c(NC(=O)NC4CC4)cc3c2OCCC2CCCCN2)cc1C,CHEMBL49667
DEC_1594,decoy,CC(C)N(CCC1(c2ccccc2)C(=O)NC(C)N2CCCCC21)C(C)C,CHEMBL281089
DEC_0806,decoy,Cc1c(C)c2c(c(C)c1O)C(COc1ccc(CC3SC(=O)NC3=O)cc1)C(C)(C)O2,CHEMBL269572
DEC_3387,decoy,CN(C)CCNc1cc(-c2ccc(CN3CCN(C)CC3)cc2)nc2ccccc12,CHEMBL21352
DEC_4031,decoy,O=C1CC[C@@]2(O)[C@H]3Cc4ccc(O)c5c4[C@@]2(CCN3CC2CC2)[C@H]1O5,CHEMBL19019
DEC_4024,decoy,CN(C(=O)[C@H](CC#Cc1ccc(CN)cc1)NS(=O)(=O)c1ccc2ccccc2c1)C1CCCC1,CHEMBL269487
DEC_4052,decoy,CC1(N)CCN(c2nc3c(cc2F)c(=O)c(C(=O)O)cn3C(C)(C)C)C1,CHEMBL26947
DEC_1214,decoy,CC(C)C1=CC2CC3(C=O)[C@@H]4CC[C@@H](C)[C@H]4CC2(CO[C@H]2CN(CC=C(F)F)[C@H](C)CO2)[C@]13C(=O)O,CHEMBL30545
DEC_1207,decoy,C=C(Cl)CN1C[C@H](OCC23C[C@@H]4[C@H](C)CC[C@H]4C4(C=O)CC2C=C(C(C)C)C34C(=O)O)O[C@H](C)C1,CHEMBL45954
DEC_2091,decoy,O=C1CN(Cc2cncn2Cc2ccc(-c3ccc(Cl)cc3)cc2)CCN1c1cccc(Cl)c1,CHEMBL23218
DEC_1085,decoy,Cn1cncc1C(OCc1ccc(C#N)cc1-c1cccc2ccccc12)c1ccc(C#N)nc1,CHEMBL287729
DEC_3394,decoy,CCc1cc(C(C)=O)c(O)cc1OCc1cccc(C(=O)N(CC)CCC(=O)O)n1,CHEMBL34956
DEC_4353,decoy,CCCCNC(=N)c1ccc(N2CCCN(c3ccc(C(=N)NCCCC)cc3)CC2)cc1,CHEMBL9053
DEC_0132,decoy,CCN(CC)CCNc1ccc2ncn3c4cc(O)ccc4c(=O)c1c23,CHEMBL7802
DEC_3482,decoy,CC1(C)C=C(n2ccccc2=O)c2cc(S(=O)(=O)NCCO)ccc2O1,CHEMBL12614
DEC_0860,decoy,Cc1c(F)c(N2CCC(N)C2)c(F)c2c1c(=O)c(C(=O)O)cn2C1CC1,CHEMBL277797
DEC_4236,decoy,C=C(C)[C@H]1Cc2c(ccc3c(=O)c4c(oc23)COc2cc(OC)c(OC)cc2-4)O1,CHEMBL7940
DEC_4610,decoy,c1cc(CN2CCC(N3CCCCC3)CC2)ccc1CN1CCC(N2CCCCC2)CC1,CHEMBL10627
DEC_2774,decoy,CN(C(=O)c1cc2cc(O)ccc2n1C)c1cccc(Br)c1,CHEMBL276045
DEC_0903,decoy,CN(C)C(=O)n1cc(C(=O)c2ccn3c2CS[C@@H]3c2cccnc2)c2ccc(-c3ccc(OP(=O)(O)O)cc3)cc21,CHEMBL431037
DEC_2466,decoy,CC(=O)N1[C@H](CC23CC4CC(CC(C4)C2)C3)C(=O)N(Cc2ccccc2)c2ccccc2C(=O)C[C@H]1C(=O)NCCC(=O)O,CHEMBL334320
DEC_4776,decoy,CCCN(CCC)CCc1ccc(OC)c(OCCc2cccc(Cl)c2)c1.O=C(O)C(=O)O,CHEMBL12107
DEC_0038,decoy,CC(C)N(CCNc1ccc2ncn3c4ccc(O)cc4c(=O)c1c23)C(C)C,CHEMBL7933
DEC_0314,decoy,CC(C)C12OC3(c4ccccc4)OC1[C@@H]1[C@@H]4O[C@]4(CO)[C@@H](O)[C@]4(O)C(=O)C=C[C@@]4(C)C1(O3)[C@H](C)[C@H]2OC(=O)c1ccccc1,CHEMBL327914
DEC_3570,decoy,COc1ccc2c3c1OC1[C@H](O)[C@](CO)(CCc4ccccc4)CC4C(C2)N(CC2CCC2)CCC341,CHEMBL273447
DEC_0745,decoy,CCCc1cc(=O)oc2c(C(O)CC)c(OCC)c3c(c12)OC(C)(C)C=C3,CHEMBL7693
DEC_3890,decoy,CC(=O)c1ccc(/N=c2\c(O)c(O)\c2=N/C(C)C(C)(C)C)cc1,CHEMBL19257
DEC_4164,decoy,CC(C)c1ccc2c(c1)CC=C(c1ccccc1)C(N1CCN(C)CC1)=N2.O=C(O)/C=C/C(=O)O,CHEMBL275361
DEC_1618,decoy,CC(C)(C)c1cc(I)c(O)c(C(=O)O)c1,CHEMBL275129
DEC_0032,decoy,Nc1nc2c(cnn2CCCCc2ccccc2)c2nc(-c3ccco3)nn12,CHEMBL273590
DEC_0363,decoy,CC(C)NCC(O)CON=C(C(C)C)C(C)C.O=C(O)C(=O)O,CHEMBL41839
DEC_3812,decoy,CN(C)CC(C)(C)CNc1ncc2cc(-c3c(Cl)cccc3Cl)c(NC(=O)NC(C)(C)C)nc2n1,CHEMBL58684
DEC_1030,decoy,CCOc1nc2c(n1Cc1ccc(O)c(Cl)c1)C(=O)N(CC)C1=N[C@@H]3CCC[C@@H]3N12,CHEMBL24543
DEC_0536,decoy,Nc1nc2c(cnn2CCCc2ccc(C(=O)O)cc2)c2nc(-c3ccco3)nn12,CHEMBL279254
DEC_3791,decoy,Cc1oc(-c2ccc3ccccc3c2)nc1CCS(=O)(=O)c1ccc(CC2SC(=O)NC2=O)cc1,CHEMBL54810
DEC_1787,decoy,CCCC(=O)N[C@@H](c1ccncc1)[C@@H](O)C(=O)OC1CC2C(C)(C)C1(C)[C@@]13CC(C)c4ccccc4[C@@]21O3,CHEMBL30278
DEC_3716,decoy,Cc1cc(C(=O)Nc2cc(C(=N)N(C)C)cs2)n(-c2cc3ccccc3cc2F)n1,CHEMBL280214
DEC_4017,decoy,CCc1nc2c(n1Cc1ccc(-c3ccccc3-c3nn[nH]n3)cc1)/C(=C/C(=O)O)CCCC2,CHEMBL43591
DEC_1454,decoy,C/N=C(/S)[C@@]1(c2cccnc2)CCCC[C@@H]1CCNS(=O)(=O)c1ccc([N+](=O)[O-])cc1,CHEMBL295406
DEC_2079,decoy,CC(=O)N1CCN(C(=O)/C=C/c2ccc(Sc3ccc4[nH]cc(CN(C)C)c4c3)c(Cl)c2)CC1,CHEMBL19465
DEC_4156,decoy,Cc1cc(-c2c(F)cc3c(=O)c(Cc4c(O)cccc4O)cn(C4CC4)c3c2F)cc(C)n1,CHEMBL440642
DEC_4026,decoy,COc1ccccc1N1CCN(C(=O)CCc2c(-c3ccncc3)[nH]c3ccc(C)cc23)CC1,CHEMBL278105
DEC_2262,decoy,Brc1cccc(Br)c1Nc1nc2ccccc2n2cncc12,CHEMBL283275
ACT_094,active,COc1ccc(Nc2c(C(C)=O)c(C)nn(CC(=O)Nc3ccc(Br)cc3)c2=O)cc1,CHEMBL2391447
ACT_015,active,CC(=O)c1coc(Cn2ccc(NC(=O)c3ncoc3-c3ccccc3)n2)n1,CHEMBL4755656
DEC_4780,decoy,CCCN(CCC)CCc1ccc(OC)c(OCCCc2ccccc2)c1.O=C(O)C(=O)O,CHEMBL11182
DEC_0422,decoy,CC(C)c1ccc(C(c2ccco2)c2ccc(C(C)C)cc(=O)c2O)c(O)c(=O)c1,CHEMBL276567
DEC_4459,decoy,Cc1noc(NS(=O)(=O)c2ccccc2-c2ccc(-c3ncco3)cc2Cn2cccn2)c1C,CHEMBL30092
DEC_2405,decoy,Cc1c(N2C[C@@H](F)[C@@H](C3(N)CC3)C2)c(F)c(N)c2c(=O)c(C(=O)O)cn([C@@H]3C[C@@H]3F)c12,CHEMBL7265
DEC_2101,decoy,CC(=O)O[C@@H]1O[C@@H]2O[C@@H](OC(C)=O)[C@@H]3CC[C@H]([C@H]1CC/C=C(\C)CCC=C(C)C)[C@H]23,CHEMBL11775
DEC_0632,decoy,CCOC(C)n1c([S+]([O-])Cc2ncc(C)c(OC)c2C)nc2ccccc21,CHEMBL10485
DEC_0386,decoy,CCCCc1ccc(Nc2nc(O)c3ncn(COCCO)c3n2)cc1,CHEMBL16185
DEC_1325,decoy,CCN1CCN(c2cc3c(cc2F)c(=O)c(C(=O)O)cn3C(C)(C)C)CC1,CHEMBL15350
DEC_0445,decoy,CC(C)(C)c1ccc(Sc2ccc(-n3ncc(=O)[nH]c3=O)cc2Cl)cc1,CHEMBL418755
DEC_2109,decoy,COC1(c2cc(F)cc(Sc3ccc4c(c3)CC/C4=N\OCC#N)c2)CCOCC1,CHEMBL283654
DEC_3758,decoy,Nc1ccccc1Cn1c2c(c3ccccc31)C[C@@]1(O)[C@H]3Cc4ccc(O)c5c4[C@@]1(CCN3CC1CC1)[C@H]2O5,CHEMBL54633
DEC_1439,decoy,CCCCc1nc2ccc([C@@H]3[C@@H]4C(=O)CC[C@@H]4ON3C)cc2c(=O)n1Cc1ccc(-c2ccccc2-c2nn[nH]n2)cc1,CHEMBL48934
DEC_1447,decoy,Cc1c(-c2cccnc2)n(CCCCP(=O)(O)OC2CCc3ccccc3N(CC(=O)O)C2=O)c2ccccc12,CHEMBL54520
DEC_2847,decoy,CC1(C)CNc2c(cccc2S(=O)(=O)N[C@@H](Cc2nc3ccccc3s2)C(=O)N2CCC(CCO)CC2)C1,CHEMBL422401
DEC_3697,decoy,O=c1oc2cc(OCCCN3CCN(Cc4ccccc4)CC3)ccc2c(O)c1[N+](=O)[O-],CHEMBL264756
DEC_3324,decoy,Cc1c(F)c(N2CCNC(C)C2)c(F)c2c1c(=O)c(C(=O)O)cn2C1CC1,CHEMBL16030
DEC_4332,decoy,CCN(CC)CCNc1ccc(NCCN(CC)CC)c2c1C(=O)c1ccccc1C2=O,CHEMBL416895
DEC_0455,decoy,CC(C)=CCC/C(C)=C/CC/C(C)=C/CC/C(C)=C/COC(=O)NS(N)(=O)=O,CHEMBL28808
DEC_3703,decoy,COc1cc2c(cc1OC)[C@@](O)(c1cc(OC)c(OC)c(OC)c1)[C@H]1C(=O)OC[C@H]1C2=O,CHEMBL36651
DEC_3094,decoy,CCC(C)(C)/N=c1\c(O)c(O)\c1=N/Cc1c(Cl)cccc1Cl,CHEMBL20052
DEC_4161,decoy,O=C(NCCCOc1ccc2nc(O)ccc2c1)N(C1CCCCCCC1)[C@H]1CCCC[C@@H]1O,CHEMBL35187
DEC_2372,decoy,O=C1[C@@H](NS(=O)(=O)c2ccc(-c3ccon3)s2)CCN1Cc1cc2cc[nH]cc-2n1,CHEMBL266984
DEC_1834,decoy,CN(C)CCNC(=O)Cc1c(C(=O)NCCN(C)C)[nH]c2cc(Cl)ccc12,CHEMBL22813
DEC_0183,decoy,Nc1nc2nn(CCc3ccccc3)cc2c2nc(-c3ccco3)nn12,CHEMBL16867
DEC_0147,decoy,N[C@H](COCc1ccc(I)cc1)Cc1c[nH]cn1,CHEMBL416365
DEC_3743,decoy,CCc1c(C(F)(F)F)nn(-c2ccc(S(N)(=O)=O)cc2)c1-c1ccc(Cl)cc1,CHEMBL29083
DEC_0162,decoy,CCCCC[C@@H]1/C=C\C2C(=O)CC(O)[C@@H]2C/C=C\CCCC(=O)O1,CHEMBL276380
DEC_2589,decoy,Nc1cccc(CN2C(=O)N(Cc3cccc(C(=O)Nc4ncc[nH]4)c3)[C@H](Cc3ccccc3)[C@H](O)[C@@H](O)[C@H]2Cc2ccccc2)c1,CHEMBL133292
DEC_4612,decoy,COc1ccc2c3c1OC1[C@H]4OC[C@@]4(CCCCc4ccccc4)CC4C(C2)N(C)CCC341,CHEMBL10006
DEC_2700,decoy,CC(C)(C)NCCSSCCNC(C)(C)C,CHEMBL280057
DEC_0200,decoy,CCCCC[C@@H]1/C=C\C2[C@H](O)C[C@H](O)[C@@H]2CCCCCCC(=O)O1,CHEMBL418532
DEC_0793,decoy,Cc1cc(C)cc(-c2[nH]c3ccccc3c2CCNCCCCc2ccc(N)nc2)c1,CHEMBL11101
ACT_013,active,COc1cc(F)c([C@@H]2CC(=O)NC[C@H]2NC(=O)Nc2cc(C)ns2)c(F)c1,CHEMBL5850741
DEC_4518,decoy,CNC(=O)[C@@H](NC(=O)[C@H](CC(C)C)[C@@H](C(=O)NO)C1CCCC1)C(C)(C)C,CHEMBL29976
DEC_3450,decoy,O=C(O)C(CCCCn1cnc2c1NC=NCC2O)Cc1cccc(Br)c1,CHEMBL38113
DEC_3648,decoy,N#Cc1cccc(COc2ccc(S(=O)(=O)N3C[C@H](O)CC[C@@H]3C(=O)NO)cc2)c1,CHEMBL28678
DEC_1163,decoy,O=C1CCc2cc3c(c4c5cc(CN6CCOCC6)ccc5n1c24)CCNC3,CHEMBL26503
DEC_1794,decoy,CC(=O)N1CCN(C(=O)/C=C/c2ccc(Sc3ccc4c(c3)OCC(CO)O4)c(Cl)c2)CC1,CHEMBL19676
DEC_0137,decoy,O=C(O)/C=C/c1cn2c3c(nc(O)c2n1)-c1cccc(CC(=O)O)c1C3,CHEMBL25404
DEC_2413,decoy,C1=C(c2ccccc2)C(N2CCNCC2)=Nc2ccccc2C1.O=C(O)/C=C/C(=O)O,CHEMBL16703
DEC_4030,decoy,O=C1NCCN1CCN1CCC(c2cn(-c3ccc(F)cc3)c3ccc(Br)cc23)CC1,CHEMBL12235
DEC_3106,decoy,Nc1nc(N)c2cc(NCc3ccc(C(=O)NC(=O)[C@H](N)CCC(=O)O)cc3)cnc2n1,CHEMBL33045
DEC_0441,decoy,Brc1cccc(Br)c1N(CC1CCC1)C1=NCCN1,CHEMBL20074
DEC_3145,decoy,COC(=O)c1c2c(c3c4cc(OC)c(OC)cc4n4c3c1CCC4=O)CCNC2,CHEMBL280951
DEC_0128,decoy,C[C@@H](/N=c1\c(O)c(O)\c1=N/c1ccc(C#N)c2c1CCCC2)C(C)(C)C,CHEMBL275401
DEC_1725,decoy,NCc1ccc(-c2nc(-c3ccc(F)cc3)c(-c3ccncc3)[nH]2)cc1,CHEMBL17445
DEC_3115,decoy,O=S(=O)(CS(=O)(=O)C(F)(F)F)c1cc(C(F)(F)F)cc(C(F)(F)F)c1,CHEMBL12162
DEC_4079,decoy,Cc1c(N2CC[C@H](N)C2)c(F)cn2c(=O)c(C(=O)O)cc(CC3CC3)c12,CHEMBL16998
DEC_4521,decoy,CC1CCCC(C)C1OC(=O)[C@H](NC(=O)[C@@H](N)CC(=O)O)c1ccccc1,CHEMBL10129
DEC_0742,decoy,COC1(c2csc(Sc3ccc4c(c3)CC/C4=N\O)c2)CCOCC1,CHEMBL283523
DEC_0377,decoy,CC/N=C(\NC#N)NCCSCCn1nc(-c2ccccc2)ccc1=O,CHEMBL15733
DEC_3672,decoy,COc1ccccc1N1CCN(CCCSc2nc3sccc3c(=O)n2N)CC1,CHEMBL440599
DEC_4216,decoy,COc1ccc(OC)c(N(C(=O)C2=CCCC2C(=O)NCc2ccc(C(=N)N)cc2)C2CCCCC2)c1,CHEMBL17587
DEC_2233,decoy,Cc1noc(NS(=O)(=O)c2ccc3cccc(N(C)C)c3c2)c1C,CHEMBL29705
DEC_3579,decoy,O=C(O)c1ccccc1Cn1nnc(-c2cccc(CSc3ccc4ccccc4n3)c2)n1,CHEMBL18940
DEC_0514,decoy,C=C1/C=C(\C)[C@H](CC)OC(=O)[C@H](C)C(=O)[C@@](O)(CO)[C@H](OC)/C=C/[C@@H](C)C1,CHEMBL32108
DEC_2929,decoy,Clc1ccc2c(c1)N=C(N1CCNCC1)C(c1ccccc1)=CC2.O=C(O)/C=C/C(=O)O,CHEMBL17145
DEC_0729,decoy,CCN(CC)Cc1cccc(C(=O)OCC(=O)[C@@]2(O)CCC3C4CCC5=CC(=O)CCC5(C)C4C(O)CC32C)c1,CHEMBL309481
DEC_4467,decoy,CCCCN(Cc1ccc(-c2ccccc2-c2nn[nH]n2)cc1)c1ncnc2ccc(C(=O)O)nc12,CHEMBL48799
DEC_2144,decoy,c1cc(OCc2ccc3ccccc3n2)cc(OCc2ccccc2Cc2nnn[nH]2)c1,CHEMBL18204
DEC_0153,decoy,CC(C)(C)c1cc(-c2nsc(N=C(N)N)n2)cc(C(C)(C)C)c1O,CHEMBL17104
DEC_0360,decoy,CN(C)Cc1ccc(CSCCNc2n[s+]([O-])nc2N)s1,CHEMBL9380
DEC_0220,decoy,CO[C@H]1[C@@H]2O[C@@H]2[C@@H](OCC23C[C@@H]4[C@H](C)CC[C@H]4C4(C=O)CC2C=C(C(C)C)C34C(=O)O)O[C@@H]1C,CHEMBL29128
DEC_3915,decoy,CCC(=O)OCC(=O)[C@@]1(OC(=O)CC)[C@@H](C)C[C@H]2C3CCC4=CC(=O)C=C[C@]4(C)[C@@]3(Cl)[C@@H](O)[C@@H](O)[C@@]21C,CHEMBL300640
DEC_2064,decoy,CC1(C)C(=O)N(c2ccc(C#N)c(C(F)(F)F)c2)C(=O)N1CCc1ccc(I)cc1,CHEMBL269372
DEC_4346,decoy,CC(C)(CCCOc1ccc(OCCCC(C)(C)C(=O)O)c(C(F)(F)F)c1)C(=O)O,CHEMBL8146
DEC_2351,decoy,CC(=O)OCC1=C(C(=O)O)N2C(=O)C(NC(=O)CCON=C3CCCCC3)C2SC1,CHEMBL31265
DEC_0236,decoy,OC[C@@]1(CCCc2ccccc2)CC2C3Cc4ccc(O)c5c4C2(CCN3CC2CC2)C(O5)[C@@H]1O,CHEMBL275125
DEC_0914,decoy,N#CN=C1N(Cc2ccc([N+](=O)[O-])cc2)[C@H](Cc2ccccc2)[C@H](O)[C@@H](O)[C@@H](Cc2ccccc2)N1Cc1ccc([N+](=O)[O-])cc1,CHEMBL35901
DEC_0795,decoy,CC(C)=CCC(OC(=O)c1cccc2ccccc12)C1=CC(=O)c2c(O)ccc(O)c2C1=O,CHEMBL28783
DEC_3507,decoy,CNn1cc(C(=O)O)c(=O)c2cc(F)c(N3CCN(C(C)C)CC3)cc21,CHEMBL12492
DEC_1829,decoy,Cc1nc(N)ccc1CNC(=O)Cn1c(C)cc2c(c1=O)NC(=O)[C@H](CC(C)C)C2,CHEMBL275520
DEC_3905,decoy,Nc1ccc(S(=O)(=O)Nc2cc(-c3ccccc3)on2)cc1,CHEMBL27135
DEC_3332,decoy,O=C1NC(=O)C(CC#Cc2ccccc2)(S(=O)(=O)c2ccc(Cl)cc2)S1,CHEMBL12087
DEC_1431,decoy,COC(=O)c1cc(C(=CCCO)c2cc(Br)c(OC)c(C(=O)OC)c2)cc(Br)c1OC,CHEMBL65776
DEC_4086,decoy,Cc1c(/C=C/CN2CCOCC2)nc(O)c2c1ccc1nc(Nc3c(Cl)cccc3Cl)n(C)c12,CHEMBL424220
DEC_0528,decoy,C[C@@H](/N=c1\c(O)c(O)\c1=N/c1ccc(C#N)cc1Br)C(C)(C)C,CHEMBL278485
DEC_1859,decoy,O=C1NC(=O)C(CC#Cc2ccc(Br)cc2)(S(=O)(=O)c2ccc(F)cc2)S1,CHEMBL11965
DEC_0448,decoy,CCN1C(=O)c2c(nc(N=[N+]=[N-])n2Cc2ccc(O)cc2)N2C1=N[C@@H]1CCC[C@@H]12,CHEMBL282709
DEC_3622,decoy,C[C@H](CSSC[C@@H](C)C(=O)N1CCC[C@@H]1C(=O)O)C(=O)N1CCC[C@@H]1C(=O)O,CHEMBL412637
DEC_0805,decoy,CC1(C)N=C(N)N=C(N)N1c1cccc(COc2cccc(-c3ccccc3)c2)c1,CHEMBL20424
DEC_3577,decoy,CNc1ccc(C#CC[C@H](NS(=O)(=O)c2ccc3c(c2)CCCC3)C(=O)N(C)C2CCCC2)cc1,CHEMBL7587
DEC_2240,decoy,CC(=O)OC(CC=C(C)C)C1=CC(=O)c2c(O)ccc(O)c2C1=O,CHEMBL28569
DEC_4534,decoy,CCCCc1nn(-c2ccccc2Cl)c(=O)n1Cc1ccc(-c2ccccc2-c2nn[nH]n2)cc1,CHEMBL18287
DEC_4455,decoy,Cc1c(C)c2c(c(C)c1O)CCC(C)(CNCCOc1ccc(/C=C3\SC(=O)NC3=O)cc1)O2,CHEMBL6511
DEC_4635,decoy,O=C1c2ccccc2CN1C1CCC(N2CCN(c3nsc4ccccc34)CC2)CC1,CHEMBL41309
DEC_3267,decoy,O=C(O)COc1cccc2c1CCCC2CCON=C(c1ccccc1)c1ccccc1,CHEMBL11291
DEC_3068,decoy,CC(O)(c1ccc(F)cc1)C(O)(Cn1ccnc1)c1ccccc1Cl,CHEMBL274762
DEC_1157,decoy,CC[C@@]1(O)C(=O)OCc2c1cc1n(c2=O)Cc2c-1nc1cnc(C#N)cc1c2C,CHEMBL13998
DEC_1807,decoy,NC(Cc1cc(I)ccc1CCP(=O)(O)O)C(=O)O,CHEMBL284012
DEC_0385,decoy,O=C(O)CC/C=C\C[C@@H]1[C@@H](NS(=O)(=O)c2ccc(F)cc2)CC[C@@H]1O,CHEMBL20798
DEC_4197,decoy,O=C(Cn1c(Cl)cnc(NCC(F)(F)c2cccc[n+]2[O-])c1=O)NCc1cccc(Cl)c1,CHEMBL25845
DEC_3103,decoy,O=C(N[C@H]1c2ccccc2C[C@H]1O)[C@H](Cc1cccc(O)c1)[C@@H](C(=O)NO)C1CCNCC1,CHEMBL24763
DEC_1373,decoy,O=c1c2c(oc(O)c1C(c1cccc(NS(=O)(=O)c3cccc4cccnc34)c1)C1CC1)CCCCCC2,CHEMBL16349
DEC_4597,decoy,CO[C@]1(c2cc(F)cc(Sc3ccc(/C(C)=N/OCC#N)cc3)c2)CCO[C@@H](C)C1,CHEMBL280554
ACT_047,active,CCC1(CC)NC(=O)N(CC(=O)Nc2ccc(Cl)cc2)C1=O,CHEMBL5819395
DEC_1137,decoy,CC(C)c1cccc(C(C)C)c1NC(=O)NCC1(c2ccc(OP(=O)(O)O)cc2)O[C@H](C)[C@@H](C)O1,CHEMBL41967
DEC_4735,decoy,CCCc1c(OCCCSc2ccc(C(=O)CCC(=O)O)c(F)c2)ccc(C(C)=O)c1O,CHEMBL40375
DEC_3906,decoy,Cc1noc(NS(=O)(=O)c2ccc3ccc(N)cc3c2)c1C,CHEMBL281427
DEC_3825,decoy,C[Si](C)(C)CCOC(=O)C1C2CC(=O)C(c3cc(O)ccc32)C1NC(=O)OCc1ccc(-c2ccccc2)cc1,CHEMBL416153
DEC_0865,decoy,CNCc1ccccc1Sc1ccc(I)cc1N,CHEMBL278809
DEC_3857,decoy,C=C1C[C@@]23O[C@]2(c2ccccc21)C1CC(OC(=O)[C@H](O)[C@@H](NC(=O)CC(C)C)c2ccccc2)C3(C)C1(C)C,CHEMBL283667
DEC_0969,decoy,NS(=O)(=O)c1ccc(-n2nc(CO)c(Cl)c2-c2ccc(Cl)cc2)cc1,CHEMBL287447
ACT_028,active,COc1ccc(NC(=O)c2ccc(-c3ccc(-c4noc(C)n4)cc3C)cc2)cc1OCCN(C)C,CHEMBL5089005
DEC_2764,decoy,CC(C)N(C1=NCCN1)c1c(Br)cccc1Br,CHEMBL19915
DEC_1226,decoy,CCCCc1cn(-c2ccccc2C(C)(C)C)c(=O)n1Cc1ccc(-c2ccccc2-c2nn[nH]n2)nc1,CHEMBL427808
DEC_2283,decoy,Oc1ccc(Cl)cc1-n1nc(-c2ccc(C(F)(F)F)c(Cl)c2)nc1O,CHEMBL13755
DEC_0476,decoy,CCCCCCCCCN1CCC[C@H]1CNC(=O)c1cc(Cl)cc2c1OCC2,CHEMBL22154
DEC_4704,decoy,CSc1c2c(nc(N)n3nc(-c4ccco4)nc23)nn1C,CHEMBL281129
DEC_0291,decoy,O=C(O)COc1cccc2c1CCC(Cn1cc(C(c3ccccc3)c3cccnc3)cn1)C2,CHEMBL11779
DEC_3244,decoy,O=C(O)c1ccc(-c2nnc3c4ccccc4c(N4CCCC4)nn23)cc1,CHEMBL273906
DEC_4739,decoy,CCCCc1ncc(/C=C(\Cc2cccs2)C(=O)NCC(=O)O)n1Cc1ccc(C(=O)O)cc1,CHEMBL299954
DEC_2408,decoy,OC[C@@]1(CCc2ccccc2)CC2C3Cc4ccc(O)c5c4C2(CCN3CC2CC2)C(O5)[C@@H]1O,CHEMBL273670
DEC_3360,decoy,O=C1N(Cc2ccccc2)C2CS[C@@H](CCCCCO)C2N1Cc1ccccc1,CHEMBL28619
DEC_4536,decoy,COc1ccccc1N1CCN(CC(=O)[C@@]2(O)CCC3C4CCC5=CC(=O)CC[C@]5(C)C4=CC[C@@]32C)CC1,CHEMBL15631
DEC_1561,decoy,COc1cccc2c1CCC[C@H]2CN(C)CCc1ccc2c(c1)CNC2,CHEMBL430314
DEC_0619,decoy,COc1cc(OC)cc(N(C)Cc2cnc3nc(N)nc(N)c3c2C)c1,CHEMBL22623
DEC_0692,decoy,CC1CC2C3CCC4=CC(=O)C=CC4(C)[C@@]3(Cl)C(Cl)CC2(C)[C@@]1(OC(=O)c1cccs1)C(=O)CO,CHEMBL10679
DEC_2226,decoy,Nc1nc(N)c2nc(CSc3cccc4ccccc34)cnc2n1,CHEMBL22434
DEC_3574,decoy,O=C1[C@@H](NS(=O)(=O)c2ccc(-c3ccc(Cl)s3)s2)CCN1Cc1cc2[nH]cccc-2n1,CHEMBL266533
DEC_1281,decoy,COC(=O)c1cc2cc(S(C)(=O)=O)ccc2n1C(=O)c1ccc([N+](=O)[O-])cc1,CHEMBL282177
DEC_3551,decoy,COc1cc(OC)cc([C@@H]2c3cc4c(cc3N[C@@H]3COC(=O)N23)OCCO4)c1,CHEMBL9091
DEC_3543,decoy,CCOC(=O)N(c1ccccc1)C1c2cc(C#N)ccc2OC(C)(C)C1O,CHEMBL11392
DEC_0954,decoy,CN1CCN(c2c(F)c(F)c3c(=O)c(C(=O)O)cn(-c4ccc(F)cc4)c3c2F)CC1,CHEMBL25715
DEC_1780,decoy,COC(=O)N[C@@H](c1ccncc1)[C@@H](O)C(=O)OC1CC2C(C)(C)C1(C)[C@@]13CC(C)c4ccccc4[C@@]21O3,CHEMBL30298
DEC_2406,decoy,NCC1CN(c2c(F)cc3c(=O)c(C(=O)O)cn(-c4cc(F)cc(F)c4)c3c2F)CCO1,CHEMBL29297
DEC_1255,decoy,C=CCN1C(=NC#N)N(CC=C)[C@H](Cc2ccccc2)[C@H](O)[C@@H](O)[C@H]1Cc1ccccc1,CHEMBL286869
DEC_0362,decoy,COC(=O)CSCCCCC/C=C(\NC(=O)C1CC1(C)C)C(=O)O,CHEMBL276162
DEC_0690,decoy,C/C=C/CC(=O)[C@@H](C)[C@H](O)[C@H](C)[C@H]1OC(=O)/C(OC)=C/C(C)=C/[C@@H](C)[C@@H](O)[C@@H](C)C/C(C)=C/C=C/[C@@H]1OC,CHEMBL294246
DEC_2882,decoy,CN1CCN(CCNc2cc(-c3ccc(N4CCN(C)CC4)cc3)nc3ccccc23)CC1,CHEMBL21965
DEC_1818,decoy,CCNCC1CCN(c2c(F)cc3c(=O)c(C(=O)O)cn(NC)c3c2F)C1,CHEMBL6256
DEC_3696,decoy,COc1cccc2c1CC[C@H]1CN(CCn3c(=O)[nH]c4c(sc5ncccc54)c3=O)C[C@@H]21,CHEMBL291262
DEC_0450,decoy,CCc1nc2c(C)cc(C)nc2n1Cc1ccc(-c2ccccc2-c2nn[nH]n2)s1,CHEMBL280075
DEC_2616,decoy,CC1CN(c2c(F)c(N)c3c(=O)c(C(=O)O)cn(C4CC4)c3c2Cl)CC(C)N1,CHEMBL15536
DEC_2376,decoy,COC(=O)/C=C\C(=O)N[C@H]1CCC2(O)C3Cc4ccc(O)c5c4C2(CCN3CC2CC2)[C@H]1O5,CHEMBL20552
DEC_3818,decoy,CC(C)c1ccc(S(=O)(=O)NC(=O)C(c2ccc3c(c2)OCO3)c2c[nH]c3cc(C(=O)O)ccc23)cc1,CHEMBL23752
DEC_1762,decoy,CC1O[C@H]2[C@H](C[C@H](OCC34C[C@@H]5[C@H](C)CC[C@H]5C5(C=O)CC3C=C(C(C)C)C45C(=O)O)O[C@@H]2C)O1,CHEMBL279691
DEC_4013,decoy,COc1ccccc1CC(=O)N1C[C@H]2[C@@]3(c4ccccc4)CC[C@H](c4c(O)cccc43)[C@@]2(C(=O)O)C1,CHEMBL53295
DEC_1273,decoy,C[C@@H](CN1CCN(c2cc(F)c(F)cc2F)CC1)N1C(=O)CC2(CCCC2)CC1=O,CHEMBL274864
DEC_4058,decoy,C[C@@H]1[C@@H](N)CN1c1c(F)c(N)c2c(=O)c(C(=O)O)cn(C3CC3)c2c1F,CHEMBL19693
DEC_2227,decoy,CC1(C)CC(=O)c2c(SCCO)sc(-c3cc[nH]n3)c2C1,CHEMBL17466
DEC_4046,decoy,CC(C)(C)n1cc(C(=O)O)c(=O)c2cc(F)c(N3CCNCC3)cc21,CHEMBL14971
ACT_038,active,CC(C)[C@H](NC(=O)Nc1ccc(C(F)(F)F)cc1)c1ncc[nH]1,CHEMBL5803882
DEC_0054,decoy,C=CCC/C=C/C(=O)O[C@H](CC=C(C)C)C1=CC(=O)c2c(O)ccc(O)c2C1=O,CHEMBL9196
DEC_4489,decoy,CCN(C(=O)C1=C(C(=O)NCc2ccc(C(=N)N)cc2)CCC1)c1ccccc1,CHEMBL273591
DEC_0664,decoy,CC1(c2ccc(C(=N)N)cc2)NC(=O)N(CC(=O)NCC(NC(=O)OCc2ccccc2)C(=O)O)C1=O,CHEMBL17340
DEC_3945,decoy,CC(CN1CCN(CC(c2ccc(F)cc2)N2CCN(C)CC2)CC1)C(=O)c1ccc([N+](=O)[O-])cc1,CHEMBL12120
DEC_3158,decoy,Cn1cc(C2=C(c3cn(CCCCSC(=N)N)c4ccccc34)C(=O)NC2=O)c2ccccc21,CHEMBL268888
DEC_0049,decoy,CN(C)CCCNCc1cc(I)cc(C2CCCCC2)c1O,CHEMBL22076
DEC_0621,decoy,CCCCc1nc(Cl)c(Cc2nnn[nH]2)n1Cc1cccc(-c2nnn[nH]2)c1,CHEMBL281068
DEC_1612,decoy,Oc1ccc(C2=C(c3ccc(O)cc3)c3ccc(O)cc3C2)cc1,CHEMBL26865
DEC_2769,decoy,CN(C)/C(=N\O)c1ccc(Sc2cc(F)cc(C3CCOCC3)c2)cc1,CHEMBL24975
DEC_3513,decoy,CCn1cc(C(=O)O)c(=O)c2c(N3CCOCC3)c(F)c(F)c(F)c21,CHEMBL24520
DEC_2092,decoy,O=C1N(Cc2ccccc2)[C@H](Cc2ccccc2)[C@H](O)CN(Cc2ccccc2)N1Cc1ccccc1,CHEMBL49870
DEC_3689,decoy,COc1cccc2c1CC[C@H]1CN(CCn3c(=O)[nH]c4c(sc5cnccc54)c3=O)C[C@@H]21,CHEMBL40754
DEC_3274,decoy,Fc1ccc(/C=C/CN2CCN(CCOC(c3ccccc3)c3ccccc3)CC2)cc1,CHEMBL38773
DEC_0267,decoy,CCN(C/C=C/C#CC(C)(C)C)Cc1cccc(OCCNS(=O)(=O)c2cccs2)c1,CHEMBL280972
DEC_0143,decoy,OC(c1ccccc1Cl)C(O)(Cn1cncn1)c1ccccc1Cl,CHEMBL269454
DEC_2643,decoy,CCn1cc(C(=O)O)c(=O)c2cc(F)c(N3CCN(Cc4ccc(N)cc4)CC3)cc21,CHEMBL26469
DEC_2716,decoy,Oc1ccc2c(c1CCCSc1ccccc1)CCO2,CHEMBL7647
DEC_1077,decoy,Cn1cncc1CN(Cc1ccnc(C#N)c1)c1ccc(C#N)c(-c2cccc3ccccc23)c1,CHEMBL282959
DEC_0717,decoy,O=c1cc(-c2ccoc2)c2ccc(OCc3cccc(C4(O)CC5COC(C4)O5)n3)cc2n1Cc1ccccc1,CHEMBL23007
DEC_4491,decoy,Cc1cc(Cl)ccc1OCC(=O)NCCCNC(=O)C1=CC(C)(C)NC1(C)C,CHEMBL275214
DEC_3827,decoy,Cc1cc(Br)cc(C(=O)NO)c1N(C)S(=O)(=O)c1ccc(Oc2ccc(C(C)(C)C)cc2)cc1,CHEMBL69145
DEC_1567,decoy,O=C(O)CCC/C=C\C[C@H]1C2CC[C@@H](C2)[C@@H]1NS(=O)(=O)c1ccccc1,CHEMBL267169
DEC_0547,decoy,OC(c1ccc(F)cc1)C(O)(Cn1cncn1)c1ccc(Cl)cc1Cl,CHEMBL10489
DEC_2155,decoy,CN(C)c1ccc(/C=C/c2ccc(S(N)(=O)=O)cc2)cc1,CHEMBL7500
DEC_2845,decoy,CC1(C)CNc2c(cccc2S(=O)(=O)N[C@@H](Cc2nc3ccccc3s2)C(=O)N2CCC(CCN)CC2)C1,CHEMBL282568
DEC_2664,decoy,N=C(N)c1ccc(O)c(/C=C/CN(C(=O)CCC(=O)O)c2ccc(OC3CCN(CC(=O)O)CC3)c(C(F)(F)F)c2)c1,CHEMBL26709
DEC_3725,decoy,Cn1c2c(c3ccccc31)C(C)(c1ccc(OCC(=O)O)cc1)c1cc(C(=O)O)sc1C2=O,CHEMBL14108
DEC_3862,decoy,Oc1cc2c(cc1O)[C@H]1c3cc4c(nc3CN[C@@H]1CC2)CCCC4,CHEMBL287513
DEC_4228,decoy,O=C(/C=C/c1ccc(Cl)cc1)N[C@@H]1CC[C@@]2(O)[C@H]3Cc4ccc(O)c5c4C2(CCN3CC2CC2)[C@H]1O5,CHEMBL296693
DEC_3919,decoy,O=[N+]([O-])c1ccc2[nH]c3c(N4CCN(CCc5ccc(F)c(F)c5)CC4)nc(CN4CCOCC4)nc3c2c1,CHEMBL283693
DEC_4514,decoy,CNC(=O)[C@@H](NC(=O)[C@H](CC(C)C)[C@@H](C(=O)NO)C1CCCCC1)C(C)(C)C,CHEMBL418028
DEC_3221,decoy,CON(C)C1=NC(=O)/C(=C/c2cc(C(C)(C)C)c(O)c(C(C)(C)C)c2)S1,CHEMBL16855
DEC_0854,decoy,Cc1c(F)c(N2CCNCC2)c(Cl)c2c1c(=O)c(C(=O)O)cn2C1CC1,CHEMBL16159
DEC_3564,decoy,CNc1ncc(C#CC[C@H](NS(=O)(=O)c2ccc3ccccc3c2)C(=O)N(C)C2CCCC2)cn1,CHEMBL266576
DEC_3708,decoy,CC(=O)N1CCN(C(=O)/C=C/c2ccc(Sc3ccc4cc[nH]c4c3)c(Cl)c2)CC1,CHEMBL281369
DEC_2465,decoy,O=C(O)CN1CC(=O)N2[C@H](CC34CC5CC(CC(C5)C3)C4)C(=O)N(Cc3ccccc3)c3ccccc3C(=O)C[C@H]2C1=O,CHEMBL332489
DEC_0894,decoy,Cc1cc(SC2=C(O)OC(CCc3ccc(N)cc3)(C(C)C)CC2=O)c(C(C)(C)C)cc1OS(=O)(=O)N(C)C,CHEMBL306421
DEC_3891,decoy,O=C(O)Cc1cccc2c(=O)c3cccc(CC(=O)O)c3oc12,CHEMBL280594
DEC_0348,decoy,CCOC(=O)N[C@@H](c1ccccc1)[C@@H](O)C(=O)OC1CC2C(C)(C)C1(C)[C@@]13C[C@](O)(COC(C)=O)c4ccccc4[C@@]21O3,CHEMBL407054
DEC_3179,decoy,CCc1nn(Cc2ccc(-c3ccccc3-c3nn[nH]n3)cc2)/c(=N/C(=O)c2ccccc2)s1,CHEMBL286537
DEC_1013,decoy,Brc1cccc(Br)c1N(C1=NCCN1)C1CCCC1,CHEMBL417459
DEC_2203,decoy,Nc1nc(N)c2nc(CSc3ccc(Cl)cc3)cnc2n1,CHEMBL23787
DEC_1011,decoy,O=c1cnn(-c2ccc(Sc3ccc4ccccc4c3)c(Cl)c2)c(=O)[nH]1,CHEMBL441028
DEC_3824,decoy,O=S(=O)(c1ccccc1)N(Cc1c[nH]cn1)c1ccc(N2CCN(C(=S)NC3CCCCC3)CC2)cc1,CHEMBL36361
DEC_4722,decoy,O=NN(CCCl)C(=O)NC1CCC(C(=O)O)CC1,CHEMBL12920
DEC_4457,decoy,Cc1c(C)c2c(c(C)c1O)C(CN(C)CCOc1ccc(CC3SC(=O)NC3=O)cc1)C(C)(C)O2,CHEMBL267427
DEC_1863,decoy,C[C@@H](O)[C@H]1C(=O)N2C(C(=O)O)=C(SC(=S)N(C)Cc3cccc4ccccc34)[C@H](C)[C@H]12,CHEMBL291151
DEC_0951,decoy,O=C1NC(=O)c2c1c1cnc3ccccc3c1c1c2c2ccccc2n1CCCO,CHEMBL21610
DEC_3069,decoy,COc1c(C)cc(N)c(C[S+]([O-])c2nc3ccccc3[nH]2)c1C,CHEMBL20162
DEC_1319,decoy,CCN(CC)CCn1nc2c3c(c(CN)ccc31)Sc1ccc(OC)cc1-2,CHEMBL27064
DEC_2568,decoy,Cc1ccc(CCC(O)Cc2ccccc2C(=O)N(CCO)C(C)(C)c2ccccc2)c(C(=O)N(CCO)C(C)(C)C)c1,CHEMBL451180
DEC_3525,decoy,COc1cc([C@]23OC[C@H](Cc4cc5c(cc42)OCO5)[C@@H]3CO)cc(OC)c1OC,CHEMBL18321
DEC_4598,decoy,Cc1ccccc1-c1cc(N(Cc2cccc(C#N)c2)Cc2cncn2C)ccc1C#N,CHEMBL28707
DEC_2628,decoy,Oc1nc2ccc(C#CCN3CCC(O)(Cc4ccc(F)cc4)CC3)cc2s1,CHEMBL19342
DEC_3101,decoy,COC(C(=O)[C@@H](O)C(C)O)C1Cc2cc3cc(O)c(C)c(O)c3c(O)c2C(=O)C1O,CHEMBL281203
DEC_3200,decoy,O=C(O)CCc1cc(-c2cccnc2)cc2c1CCC(NS(=O)(=O)c1ccc(Cl)cc1)C2,CHEMBL282823
DEC_3552,decoy,COc1cc(OC)cc([C@@H]2c3cc4c(cc3N[C@H]3COC(=O)N23)OCCO4)c1,CHEMBL266137
DEC_4522,decoy,COc1cccc(CNCCCNC(=O)C2=CC(C)(C)NC2(C)C)c1O,CHEMBL275815
DEC_2766,decoy,CCN(CC)C(=O)[C@@H]1C=C2c3cccc4[nH]cc(c34)C[C@H]2N(C(C)C)C1,CHEMBL22893
DEC_3148,decoy,COc1cc2c(cc1OC)[C@]1(c3cc(OC)c(OC)c(OC)c3)OC[C@H](C2)[C@@H]1C,CHEMBL18386
DEC_2831,decoy,CC(C)CN(CC(C)C)S(=O)(=O)c1ccc2c(c1)[C@@H](/N=C(\NC#N)Nc1ccc(Cl)cc1)[C@H](O)C(C)(C)O2,CHEMBL289133
DEC_3293,decoy,C/C(CC1CCc2c(cccc2OCC(=O)O)C1)=N\OC(c1ccccc1)c1ccccn1,CHEMBL11563
DEC_1021,decoy,CN1CC=C(c2c(O)cc(O)c3c(=O)cc(-c4cccc(Cl)c4)oc23)CC1,CHEMBL266824
DEC_2196,decoy,C[C@@H]1CN(CCc2ccc3c(c2)sc(=O)n3C)C[C@H](C)N1,CHEMBL15499
DEC_1329,decoy,CN(C)CCNC(=O)c1c2c(cc3oc4ccccc4c(=O)c13)OC(C)(C)C=C2,CHEMBL33482
DEC_1866,decoy,CO[C@H]1[C@@H]2OC[C@H]1O[C@@H]1[C@H]2n2c3ccccc3c3c4c(c5c6ccccc6n1c5c32)C(=O)NC4=O,CHEMBL27509
DEC_3260,decoy,CCN(C/C=C/C#CC(C)(C)C)Cc1cccc(OCCN(C)S(=O)(=O)c2cccnc2)c1,CHEMBL26151
DEC_1903,decoy,CN(C)CC(c1ccccc1)c1nnc2n1-c1ccc(S(C)(=O)=O)cc1C(c1ccccc1)=NC2,CHEMBL16583
DEC_4535,decoy,O=S(=O)(c1ccc2nc3c(N4CCN(CCc5ccc(F)c(F)c5)CC4)[nH]cnc-3c2c1)N1CCCC1,CHEMBL27128
DEC_1084,decoy,O=S1(=O)c2cccc3cccc(c23)N1CCCCN1CC=C(c2c[nH]c3ccccc23)CC1,CHEMBL19203
DEC_1120,decoy,Nc1cccc(CN2C(=O)N(Cc3cccc(N)c3)[C@H](Cc3ccccc3)[C@H](O)[C@H]2CCc2ccccc2)c1,CHEMBL36862
DEC_0822,decoy,OC(c1ccc(Cl)cc1Cl)C(O)(Cn1cncn1)c1ccc(Cl)cc1Cl,CHEMBL10361
DEC_3833,decoy,O=S(=O)(c1ccccc1)N(Cc1c[nH]cn1)c1ccc(N2CCN(C(=S)NCC3CCCCC3)CC2)cc1,CHEMBL35677
DEC_3913,decoy,C=C(Cl)CN1C[C@H](OCC23C[C@@H]4[C@H](C)CC[C@H]4C4(C=O)CC2C=C(C(C)C)[C@@]34C(=O)O)OC[C@H]1CO,CHEMBL431704
DEC_1043,decoy,OC1(C#Cc2ccc(Sc3ccc(Br)cc3)cc2)CN2CCC1CC2,CHEMBL25366
DEC_0910,decoy,N#CN=C1N(Cc2cccc([N+](=O)[O-])c2)[C@H](Cc2ccccc2)[C@H](O)[C@@H](O)[C@@H](Cc2ccccc2)N1Cc1cccc([N+](=O)[O-])c1,CHEMBL286668
DEC_0688,decoy,O=C1C2C(C(=O)N1Nc1ccc([N+](=O)[O-])cc1[N+](=O)[O-])[C@@]1(Cl)C(Cl)=C(Cl)[C@]2(Cl)C1(Cl)Cl,CHEMBL298301
DEC_2517,decoy,CC1(C)CN1P(=O)(OCCn1ccnc1[N+](=O)[O-])N1CC1(C)C,CHEMBL31368
DEC_0983,decoy,CCCCCCC[C@H](C[C@H](O)CS)C(=O)N[C@H](C(=O)NC)C(C)(C)C,CHEMBL16519
DEC_1352,decoy,Oc1ccc2c3c1O[C@H]1c4c(c5ccccc5n4Cc4ccc(N=C=S)cc4)C[C@@]4(O)C(C2)N(CC2CC2)CCC314,CHEMBL282107
DEC_2138,decoy,C(=C/c1ncnc2c1ncn2Cc1ccccc1)\c1ncnc2c1ncn2Cc1ccccc1,CHEMBL9835
DEC_1303,decoy,COc1cc2c(c(OC)c1OC)c1c3c(cc4c1n2C(=O)CC4)CNCC3,CHEMBL277478
DEC_2084,decoy,O=C1CN(Cc2cncn2Cc2ccc(-c3cccc(Cl)c3)cc2)CCN1c1cccc(Cl)c1,CHEMBL23217
DEC_3685,decoy,CO/N=C1\CCN(c2nc3c(cc2F)c(=O)c(C(=O)O)cn3-c2ccc(F)cc2F)C1,CHEMBL29152
DEC_4145,decoy,COc1cc(NS(C)(=O)=O)ccc1Nc1c2ccccc2nc2c3ccccc3n(C)c12,CHEMBL286027
DEC_1186,decoy,CCCCc1ccc2c(c1)-c1oc(C(=O)O)cc(=O)c1CS2.NCCO,CHEMBL29395
DEC_2934,decoy,COc1ccccc1CC(=O)N1C[C@H]2[C@@]3(c4ccccc4)CC[C@](O)(c4ccccc43)[C@@]2(C(=O)O)C1,CHEMBL52146
DEC_4681,decoy,[O-][P@+]1(N(CCCl)CCCl)NC[C@H](Cl)CO1,CHEMBL285401
DEC_4272,decoy,CN([C@@H]1CCN2CCc3ccccc3[C@@H]2C1)S(=O)(=O)CCN1CCCCC1,CHEMBL417484
DEC_4668,decoy,CSc1c(Cl)nc(NCc2ccc(Cl)cc2)nc1N1CCN(C)CC1,CHEMBL36177
DEC_3270,decoy,CCCCn1nc(C(F)(F)CCC)nc1Cc1ccc(-c2ccccc2-c2nn[nH]n2)cc1,CHEMBL276406
DEC_0750,decoy,CCONC1=NC(=O)/C(=C/c2cc(C(C)(C)C)c(O)c(C(C)(C)C)c2)S1,CHEMBL16272
DEC_2025,decoy,CCCCc1ccc(Nc2nc(SC)c3[nH]cnc3n2)cc1,CHEMBL278903
DEC_0466,decoy,O=C(O)CCCCCC[C@@H]1[C@@H](CNS(=O)(=O)c2ccc(F)cc2)CC[C@H]1F,CHEMBL277460
DEC_0156,decoy,O=[N+]([O-])c1cc(/C=N/c2ccc(-c3ncon3)cc2)ccc1Cl,CHEMBL416004
DEC_3533,decoy,COc1cc(CC(C)NCC#N)c(OC)cc1I,CHEMBL11006
DEC_3681,decoy,CN(Cc1ccc(S(=O)(=O)N2CCOCC2)cc1)c1ccc2c3c(cccc13)C(N)=N2,CHEMBL9440
DEC_1581,decoy,Cc1cc(OCc2ccc(-c3ccccc3-c3nn[nH]n3)cc2)cc(C)n1,CHEMBL281999
DEC_2515,decoy,CC1(C)N=C(N)N=C(N)N1c1cccc(OCCOc2ccccc2)c1,CHEMBL266025
DEC_1592,decoy,CC1CCCC(C)N1CC(O)CSC(c1ccccc1)c1ccccc1,CHEMBL18787
DEC_0521,decoy,O=C(O)Cc1cccc2c1Cc1c-2nc(O)c2nc(-c3ccc(C(=O)O)cc3)cn12,CHEMBL24875
DEC_1616,decoy,O=C1C(c2ccc(O)cc2)=C(c2ccc(O)cc2)c2ccc(O)cc21,CHEMBL281498
DEC_1185,decoy,O=c1oc(NCc2ccccc2I)nc2ccccc12,CHEMBL266390
DEC_4238,decoy,Cc1ccc(S(=O)(=O)OCc2ccc3c(c2)C(=O)c2ccccc2C3=O)cc1,CHEMBL21432
DEC_2843,decoy,N=C(N)NCCC(=O)N1CCN(c2ccnc3cc(Cl)ccc23)CCN(c2ccnc3cc(Cl)ccc23)CC1,CHEMBL296265
DEC_0682,decoy,COC(=N)NS(=O)(=O)C(F)(F)C(F)(F)C(F)(F)C(F)(F)C(F)(F)C(F)(F)C(F)(F)C(F)(F)F,CHEMBL51151
DEC_3563,decoy,Cc1cc(NCc2ccc(-c3ccccc3-c3nn[nH]n3)cc2)c(I)c(C)n1,CHEMBL33811
DEC_2246,decoy,Cc1nc(-c2ccccc2)c(-c2ccc(S(N)(=O)=O)cc2)s1,CHEMBL17101
DEC_0030,decoy,CC[C@H](C)C(=O)O[C@H]1C[C@@H](C)C=C2C=C[C@H](C)[C@H](CC[C@@H]3C[C@@H](O)CC(=O)O3)[C@H]21,CHEMBL503
DEC_0893,decoy,CC(C)C[C@@H]1OC(=O)C(C)(C)CNC(=O)[C@@H](Cc2ccc(N)cc2)NC(=O)/C=C/C[C@@H]([C@H](C)/C=C/c2ccccc2)OC1=O,CHEMBL89807
DEC_0506,decoy,CN(Cc1c2ccccc2cc2ccccc12)c1cnc2nc(N)nc(N)c2n1,CHEMBL33933
DEC_3167,decoy,CN(C)CCCCn1c2ccccc2c2c3c(c4c5ccccc5cnc4c21)C(=O)NC3=O,CHEMBL283307
DEC_2048,decoy,c1ccc(Cc2ccc(OCCn3cccc4ncnc3-4)cc2)cc1,CHEMBL14739
DEC_0599,decoy,O=C1CCC/C=C\C[C@H]2C(=O)C[C@@H](O)C2/C=C\[C@@H](CCc2ccccc2)O1,CHEMBL12468
DEC_1868,decoy,O=C1Nc2cc(C(F)(F)F)ccc2C1(O)c1cc(Cl)cc(I)c1O,CHEMBL284385
DEC_2685,decoy,N=C(N)NCCC[C@H](NC(=O)[C@@H]1CC[C@@H]2CC[C@@](N)(Cc3ccccc3)C(=O)N21)C(=O)c1nc2ccccc2s1,CHEMBL283717
DEC_3294,decoy,CCN(C/C=C/C#CC(C)(C)C)Cc1cccc(OC[Si](C)(C)c2ccc(C#N)cc2)c1,CHEMBL15929
DEC_0833,decoy,C=C(c1c(C)c(C)cc(Cl)c1OCC(O)CNC(C)(C)C)n1ccnc1,CHEMBL275812
DEC_2266,decoy,O=S(=O)(c1nc(-c2ccccc2)c(-c2ccccc2)[nH]1)C(F)(F)C(Cl)Cl,CHEMBL415993
DEC_2270,decoy,O=c1cc(C(F)(F)F)c2cc3c(cc2o1)NCCC3C(F)(F)C(F)(F)F,CHEMBL266928
DEC_0988,decoy,CCCCC[C@H](O)/C(F)=C/[C@@H]1[C@@H](C/C=C\CCCC(=O)OC)[C@@H](O)C[C@H]1O,CHEMBL274165
DEC_1844,decoy,N#Cc1ccccc1OCC(O)CNCCNC(=O)Nc1ccccc1Cl,CHEMBL22596
DEC_2821,decoy,Nc1cc(CN2C(=O)N(Cc3ccc4[nH]ncc4c3)[C@H](Cc3ccccc3)[C@H](O)[C@@H](O)[C@H]2Cc2ccccc2)ccc1F,CHEMBL420944
DEC_2873,decoy,CCCc1cc2c(ncn2C)c(=O)n1Cc1ccc(-c2ccccc2-c2nn[nH]n2)cc1,CHEMBL28163
DEC_1161,decoy,CCCCc1c(O)n(CC2CCCCC2)c2nc3c(c(=O)n(C)c(=O)n3C)n2c1=O,CHEMBL416156
DEC_2291,decoy,CC1CCC(/C=N/c2ccccc2)=C2NC(c3ccccc3)=C(/C=C/C(=O)O)C(=O)N21,CHEMBL22582
DEC_2972,decoy,CNC(=O)[C@@H](NC(=O)[C@H](CC(C)C)[C@@H](C(=O)NO)C1CCC(C)CC1)C(C)(C)C,CHEMBL29977
DEC_0349,decoy,COC1C(OC(=O)c2ccc(C)[nH]2)C(O)C(Oc2ccc3c(O)c(NC(=O)c4ccccc4)c(=O)oc3c2C)OC1(C)C,CHEMBL295423
DEC_1257,decoy,CO[C@]1(c2cnc(S(=O)(=O)c3ccc(/C(C)=N/O)cc3)s2)CCO[C@@H](C)C1,CHEMBL26882
DEC_1409,decoy,Cc1cc(SC2=C(O)OC(C)(CCc3ccc(O)cc3)CC2=O)c(C(C)(C)C)cc1OS(=O)(=O)N(C)C,CHEMBL70386
ACT_069,active,COc1cc(F)c([C@@H]2CNC(=O)[C@H]2c2nc3cc(Cl)ccc3[nH]2)c(F)c1,CHEMBL5169641
DEC_1846,decoy,CCNCC1CCN(c2cc3c(c(N)c2F)c(=O)c(C(=O)O)cn3C2CC2)C1,CHEMBL15113
DEC_1128,decoy,CC(C)(C)C(=O)OCc1cc(C(C)(C)C)ccc1C/N=C(\S)NCc1ccc(NS(C)(=O)=O)c(F)c1,CHEMBL46233
DEC_2206,decoy,Nc1nc(N)c2nc(CCc3cccc4ccccc34)cnc2n1,CHEMBL276954
DEC_4777,decoy,CCCN(CCC)CCc1ccc(OCCc2ccccc2)c(OC)c1.O=C(O)C(=O)O,CHEMBL11894
DEC_2081,decoy,O=C1CN(Cc2cncn2Cc2ccc(-c3cc(Cl)cc(Cl)c3)cc2)CCN1c1cccc(Cl)c1,CHEMBL283542
DEC_1988,decoy,O=C1NC(=O)C(CC#Cc2ccc(F)cc2)(S(=O)(=O)c2ccc(Cl)cc2)S1,CHEMBL11815
DEC_1978,decoy,CCN(CC)CCNC(=O)c1c2c(cc3oc4ccccc4c(=O)c13)OC(C)(C)C=C2,CHEMBL32527
DEC_1278,decoy,O=[N+]([O-])O[C@H]1CO[C@H]2[C@@H]1OC[C@H]2N1CCN(CCCSc2ccccc2)CC1,CHEMBL278006
DEC_3397,decoy,CS(=O)(=O)c1ccc(Cc2cc3c(cc2O)CC(CCc2ccccc2)O3)cc1,CHEMBL24860
DEC_3669,decoy,CN1C(=O)N(CC(COc2cccc(-c3ccc(C#N)cc3)c2)N(O)C=O)C(=O)C1(C)C,CHEMBL418437
DEC_1510,decoy,Cc1cn(C2OC(COC(c3ccccc3)(c3ccccc3)c3ccccc3)CC2O)c(=O)[nH]c1=O,CHEMBL42376
DEC_4038,decoy,CC[C@]1(CO)CC2C3Cc4ccc(OC)c5c4C2(CCN3C)C(O5)[C@@H]1O,CHEMBL8889
DEC_4401,decoy,O=C(O)CC/C=C\CC1=CCC[C@@H]1NS(=O)(=O)c1ccccc1[N+](=O)[O-],CHEMBL282225
DEC_2713,decoy,CC(/C=C/C(=O)C1=C(O)CN(C)C1=O)=C\C1CCCCC1,CHEMBL10359
DEC_3515,decoy,CCn1cc(C(=O)O)c(=O)c2c(F)c(F)c(N3CCOCC3)c(F)c21,CHEMBL25679
DEC_2751,decoy,CC(C)C1CCC(N2CCC(N3C(=O)N[C@@H]4CCCC[C@H]43)CC2)CC1,CHEMBL286411
DEC_3635,decoy,COc1ccc(S(=O)(=O)N/N=C/c2cc3c(cc2[N+](=O)[O-])NC(CNC(C)C)CC3)cc1,CHEMBL431920
DEC_0511,decoy,CC[C@@]1(O)C(=O)OCc2c1cc1n(c2=O)Cc2cc3c(C=O)c(O)ccc3nc2-1,CHEMBL10364
DEC_4771,decoy,CCCCCCCCCC(=O)O[C@H](CC=C(C)C)C1=CC(=O)c2c(O)ccc(O)c2C1=O,CHEMBL275029
DEC_2028,decoy,COOC1(OOCCC(=O)O)CCCCCCCCCCC1,CHEMBL286278
DEC_1841,decoy,O=C(C[C@@H](Cc1cccc(O)c1)C(=O)N[C@H]1c2ccccc2C[C@H]1O)NO,CHEMBL8943
DEC_3119,decoy,CCN1C(=O)c2c(nc(C#Cc3ccccc3)n2Cc2ccccc2)N2C1=N[C@@H]1CCC[C@@H]12,CHEMBL281087
DEC_4505,decoy,O=C(O)CCC/C=C\C[C@@H]1[C@H](O)CC[C@H]1NS(=O)(=O)c1ccc(Cl)cc1,CHEMBL19933
DEC_4633,decoy,Cc1c(C(=O)c2cccc3ccccc23)c2cccc3c2n1C(CN1CCOCC1)CO3,CHEMBL283206
DEC_2450,decoy,CC(C)C[C@@H]1OC(=O)C(C)(C)CNC(=O)[C@@H](Cc2cccnc2)NC(=O)/C=C/C[C@@H]([C@H](C)/C=C/c2ccccc2)OC1=O,CHEMBL315267
DEC_3975,decoy,CNC(Cc1ccccc1)C(=O)N[C@H]1CCCC[C@H]1C(=O)N[C@@H](C=O)CCCN=C(N)N,CHEMBL278596
DEC_1949,decoy,O=c1cnn(-c2ccc(S(=O)(=O)N(Cc3ccccc3)Cc3ccccc3)c(Cl)c2)c(=O)[nH]1,CHEMBL274057
DEC_1545,decoy,O=C(Cn1c(C2CCNCC2)nc2cc(Cl)c(Cl)cc21)NNC(=S)NCc1ccco1,CHEMBL19997
DEC_1986,decoy,O=C(O)CN1CCC2(CCC(C(=O)N3CCC(C4CCCCC4)CC3)CC2)CC1,CHEMBL24671
DEC_2720,decoy,OC(c1ccccc1)(c1cncnc1)c1cccs1,CHEMBL29140
DEC_3661,decoy,Cn1c(=O)c2nc(-c3ccc(S(=O)(=O)Oc4cccc([N+](=O)[O-])c4)cc3)[nH]c2n(C)c1=O,CHEMBL9034
DEC_3942,decoy,C[C@@H](n1cnc2cc(OCC(F)(F)C(F)F)ccc2c1=O)[C@](O)(Cn1cncn1)c1ccc(F)cc1F,CHEMBL55381
DEC_1398,decoy,C=C1C[C@@]23O[C@]2(c2ccccc21)C1CC(OC(=O)[C@H](O)[C@@H](NC(=O)OCC)c2ccc(C)cc2)C3(C)C1(C)C,CHEMBL280644
DEC_4557,decoy,O=C(Cc1cccnc1)NCc1cc2cc(C(=O)N3CCC(N4C(=O)OCc5ccccc54)CC3)ccc2o1,CHEMBL31163
DEC_2731,decoy,Cc1ccc(C)n1Nc1ccc(N2CCCCC2)nn1,CHEMBL273673
DEC_1429,decoy,COC(=O)CCCC(=O)O[C@]1(C(=O)CCl)[C@@H](C)CC2C3CCC4=CC(=O)C=CC4(C)[C@@]3(F)[C@@H](O)CC21C,CHEMBL84182
DEC_1514,decoy,Nc1cc(-n2cc(C(=O)O)c(=O)c3cc(F)c(N4CC(N)C4)c(Br)c32)c(F)cc1F,CHEMBL58926
DEC_3114,decoy,CN(c1ccccc1)S(=O)(=O)c1ccc2c(c1)C(n1ccccc1=O)=CC(C)(C)O2,CHEMBL12305
DEC_0428,decoy,C=C1/C=C(\C)[C@H](CC)OC(=O)[C@H](C)C(=O)[C@@](O)(CO)C/C(Cl)=C/[C@@H](C)C1,CHEMBL286184
DEC_0387,decoy,N#Cc1ccccc1OCC(O)CNCCNC(=O)COc1ccccc1,CHEMBL23434
DEC_2403,decoy,O=C(CBr)N[C@@H]1CCC2(O)C3Cc4ccc(O)c5c4C2(CCN3CC2CC2)C1O5,CHEMBL28051
DEC_3486,decoy,C/N=C(\NC#N)NCCSCCn1nc(-c2ccccc2)ccc1=O,CHEMBL416163
DEC_2630,decoy,Cn1cc(C2=C(c3cn(CCCN)c4ccccc34)C(=O)NC2=O)c2ccccc21,CHEMBL269264
DEC_1745,decoy,CN(C)c1ccc(CNc2ccc(C3=NNC(=O)CC3)cc2)cc1,CHEMBL16493
DEC_1966,decoy,CC(C)(C)/N=C(\N)c1ccc(N2CCCN(c3ccc(/C(N)=N/C(C)(C)C)cc3)CC2)cc1,CHEMBL9490
DEC_4388,decoy,O=C(O)CCCO/N=C1\c2ccccc2-c2nc(O)c3nc(C(=O)O)cn3c21,CHEMBL283350
DEC_3372,decoy,c1cc(COc2ccc(-c3nn[nH]n3)cc2)cc(OCc2ccc3ccccc3n2)c1,CHEMBL276136
DEC_1083,decoy,Cn1cc(C2=CCN(CCCN3c4cccc5cccc(c45)S3(=O)=O)CC2)c2ccccc21,CHEMBL19111
DEC_4442,decoy,COC(OC)[C@]1(C)Oc2ccc([N+](=O)[O-])cc2[C@H](N(Cc2ncc[nH]2)c2ccc(Cl)cc2)[C@H]1O,CHEMBL44645
DEC_1385,decoy,CCOC(=O)N[C@@H](c1ccc(C)cc1)[C@@H](O)C(=O)OC1CC2C(C)(C)C1(C)[C@@]13C[C@H](C)c4ccccc4[C@@]21O3,CHEMBL286832
DEC_0698,decoy,Cl.O=C(C1CCCN1)N1CCCC1P(=O)(OCC(Cl)(Cl)Cl)OCC(Cl)(Cl)Cl,CHEMBL268012
DEC_2202,decoy,CSC1=NC(c2cccc([N+](=O)[O-])c2SC)C2=C(O)OCC2=N1,CHEMBL22705
DEC_2236,decoy,CCC(=O)O[C@H](CC=C(C)C)C1=CC(=O)c2c(O)ccc(O)c2C1=O,CHEMBL8951
DEC_0110,decoy,Cc1cc(C)cc(Sc2c(C)c(=O)[nH]c(=S)n2COCCO)c1,CHEMBL279409
DEC_3988,decoy,CC1(C)C2CC1[C@]1(C)OB([C@H](CCCN=C(N)N)NC(=O)c3ccc(-c4ccncc4)cc3)O[C@@H]1C2,CHEMBL40407
DEC_3514,decoy,Cc1csc2c(C(=O)O)c(=O)c3cc(F)c(N4CCNCC4)cc3n12,CHEMBL31199
DEC_3762,decoy,CC(C)C1=CC2CC3(C=O)[C@@H]4CC[C@@H](C)[C@H]4CC2(CO[C@H]2CN(C4C=CCCC4)[C@H](C)CO2)[C@]13C(=O)O,CHEMBL287408
DEC_1552,decoy,CCC(c1ccc(O)c(CN(C)C)c1)C(CC)c1ccc(O)c(CN(C)C)c1,CHEMBL14769
DEC_3555,decoy,CC(C)(C)n1cc(C(=O)O)c(=O)c2cc(F)c(N3CC4CCC3CN4)cc21,CHEMBL26023
DEC_3550,decoy,CN1CC=C(c2c[nH]c3ccc(N4C(=O)c5ccccc5C4=O)cc23)CC1,CHEMBL26868
DEC_0449,decoy,CO[C@]12CC[C@@]3(C[C@@H]1C(C)(C)O)[C@H]1Cc4ccc(O)c5c4[C@@]3(CCN1CC1CC1)[C@H]2O5,CHEMBL281786
DEC_1666,decoy,CN(C)CCNc1ccc2c(CNCCO)nn3c4cccc(O)c4c(=O)c1c23,CHEMBL8434
DEC_0341,decoy,N[C@@H](Cc1cc(I)c(Oc2ccc(O)c(Cc3cnc(O)nc3)c2)c(I)c1)C(=O)O,CHEMBL113459
DEC_3643,decoy,NS(=O)(=O)c1cscc1C(=O)NCCCOc1cccc(CN2CCCCC2)c1,CHEMBL38077
DEC_4148,decoy,N#CN/C(=N/c1cccc(Cl)c1)NC(Cn1ccnc1)c1ccc(Cl)cc1Cl,CHEMBL8029
DEC_4687,decoy,CO[C@H]1O[C@]2(C)OO[C@]13[C@H](CCO)CCC[C@@H]3C[C@H]2C,CHEMBL282000
DEC_3971,decoy,N[C@@H](CCC(=O)NC(CSCc1cccc(Cl)c1)C(=O)NCC(=O)O)C(=O)O,CHEMBL283590
DEC_2348,decoy,CC(C)(C)C(=O)Oc1ccc(C(=O)c2ccccc2)cc1CCCO,CHEMBL10305
DEC_1928,decoy,CCCCCN1CC[C@@H](N2CC(=O)N3[C@H](c4ccc5c(c4)OCO5)c4[nH]c5ccccc5c4C[C@@H]3C2=O)C1,CHEMBL33381
DEC_1053,decoy,CC[C@H]1CO[C@H]2[C@@H]1C[C@H](OCC13C[C@@H]4[C@H](C)CC[C@H]4C4(C=O)CC1C=C(C(C)C)C34C(=O)O)O[C@@H]2C,CHEMBL295883
DEC_2493,decoy,CC1CC(=O)N(CC(=O)N(C)C)N=C1c1ccc2nc(C3CC3)n(Cc3ccc(-c4ccccc4-c4nn[nH]n4)cc3)c2c1,CHEMBL432271
DEC_0100,decoy,CCCCc1nc(C(O)c2ccc(-c3ccccc3-c3nn[nH]n3)cc2)n(CCCC)n1,CHEMBL428889
DEC_2809,decoy,O=C1N(Cc2cccc(O)c2)[C@H](Cc2ccccc2)[C@H](O)[C@@H](O)[C@@H](Cc2ccccc2)N1Cc1ccc2[nH]ncc2c1,CHEMBL433136
DEC_2290,decoy,CC(C)c1ccc2c(=O)oc(Nc3ccccc3I)nc2c1,CHEMBL10392
DEC_4575,decoy,Cn1cnc(S(=O)(=O)Nc2cccc([C@@H](c3c(O)c4c(oc3=O)CCCCCC4)C3CC3)c2)c1,CHEMBL280303
DEC_3694,decoy,CON=C1CCN(c2nc3c(cc2F)c(=O)c(C(=O)O)cn3-c2ccc(F)cc2F)CC1,CHEMBL29176
DEC_2825,decoy,N[C@@H](Cc1cc(I)c(OCCc2ccc(O)cc2)c(I)c1)C(=O)O,CHEMBL15701
DEC_3353,decoy,Nc1c(F)c(N2CCC(N)C2)c(Cl)c2c1c(=O)c(C(=O)O)cn2C1CC1,CHEMBL279156
DEC_1511,decoy,CNc1ccc(C#CC[C@H](NS(=O)(=O)c2ccc3ccccc3c2)C(=O)N(C)C2CCCC2)cn1,CHEMBL7964
DEC_0269,decoy,CN(C)CCCCCNc1cc(-c2ccc(N3CCN(C)CC3)cc2)nc2ccccc12,CHEMBL282277
DEC_4660,decoy,Cn1cnc2c(N(C(N)=O)c3c(F)cccc3F)nc(-c3ccc(F)cc3F)nc21,CHEMBL18782
DEC_3484,decoy,C=CCn1c(=O)c2nc(-c3ccc(OCC(=O)O)cc3)[nH]c2n(CC=C)c1=O,CHEMBL16724
DEC_3190,decoy,CCCCc1nc2ccc(C(C)O)cc2c(=O)n1Cc1ccc(-c2ccccc2-c2nn[nH]n2)cc1,CHEMBL15225
DEC_1943,decoy,O=C(Cn1c2c(c(=O)n3nc(-c4ccccc4)cc13)CN(C1CC3CCC1C3)C2=O)c1ccccc1,CHEMBL48284
DEC_4021,decoy,Cc1ccccc1N1CCN(S(=O)(=O)CC23CCC(CC2NC(=O)CC(C)(C)N)C3(C)C)CC1,CHEMBL23316
DEC_2009,decoy,CCCCc1nc(Cl)c(CO)n1Cc1ccc(/C=N/O)cc1,CHEMBL25726
DEC_1941,decoy,CCCCCCC[C@H]1OC(=O)C[C@H](O)[C@H](Cc2ccccc2)N(C)C(=O)C(C)(C)OC(=O)[C@H]1C,CHEMBL290635
DEC_0553,decoy,CCC(=O)N[C@@H]1CCC2(O)C3Cc4ccc(O)c5c4C2(CCN3CC2CC2)[C@H]1O5,CHEMBL283948
DEC_3698,decoy,CCc1cc2c(=O)n(N)c(SCCCN3CCN(c4ccccc4OC)CC3)nc2s1,CHEMBL11900
DEC_2511,decoy,CC(C)c1ccc(C(c2ccns2)N2CCN(CCO)CC2)cc1,CHEMBL279252
DEC_2267,decoy,O=S(=O)(CC(F)(F)C(F)(F)F)c1nc(-c2ccccc2)c(-c2ccccc2)[nH]1,CHEMBL540444
DEC_4182,decoy,CC1(C)C2CC1[C@]1(C)OB([C@H](CCCN=C(N)N)NC(=O)c3ccc(-c4ccccc4)cc3N)O[C@@H]1C2,CHEMBL296663
DEC_0555,decoy,O=S(=O)(OCCCl)c1c(Cl)c(Cl)c(Cl)c(Cl)c1Cl,CHEMBL280485
DEC_0917,decoy,O=C1N(Cc2ccc3scnc3c2)[C@H](Cc2ccccc2)[C@H](O)[C@@H](O)[C@@H](Cc2ccccc2)N1Cc1ccc2scnc2c1,CHEMBL318851
DEC_1613,decoy,Nc1ccc(-c2nc3n(c2-c2ccc(N)cc2)CCS3)cc1,CHEMBL274706
DEC_2846,decoy,Cc1ccc(O)c(C)c1C(=O)N[C@@H](Cc1ccc2ccccc2c1)[C@H](O)C(=O)N1C[C@@H](Cl)C[C@H]1C(=O)NC(C)(C)C,CHEMBL324710
DEC_1474,decoy,C/N=C(/S)[C@@]1(c2cccnc2)CCCC[C@@H]1CCNS(=O)(=O)c1ccc(F)c(F)c1,CHEMBL417515
DEC_1089,decoy,CN(C)CCN(C)Cc1c[nH]c2cc3ncnc(Nc4cccc(Br)c4)c3cc12,CHEMBL39811
DEC_3455,decoy,CC1=NN(C(=O)Nc2cccc([N+](=O)[O-])c2)C(C)=NN1C(=O)Nc1cccc([N+](=O)[O-])c1,CHEMBL276065
DEC_0297,decoy,O[C@@H](CN1CCN(CCOC(c2ccc(F)cc2)c2ccc(F)cc2)CC1)c1ccccc1,CHEMBL278616
DEC_0478,decoy,CCCCCCCN(CC)CCC[C@@H](O)c1ccc(NS(C)(=O)=O)cc1,CHEMBL276009
DEC_0916,decoy,CC(C)C[C@@H]1OC(=O)C(C)(C)CNC(=O)[C@@H](CCc2ccccc2)NC(=O)/C=C/C[C@@H]([C@H](C)/C=C/c2ccccc2)OC1=O,CHEMBL313117
DEC_4016,decoy,O=S(=O)(N1Cc2ccccc2N(Cc2c[nH]cn2)C(CCc2ccccc2)C1)C(F)(F)F,CHEMBL266556
DEC_3258,decoy,CCCCCCCCN(C=O)[C@H]1CCC2C3CC[C@H]4N(C)C(=O)CC[C@]4(C)C3CC[C@@]21C,CHEMBL417627
DEC_0402,decoy,CC(C)NCC(O)COc1ccc(Br)cc1/C=C/CO,CHEMBL279139
DEC_1811,decoy,C=CCc1cc(C)ccc1OCC(=O)NCCNC(=O)C1=CC(C)(C)NC1(C)C,CHEMBL15508
DEC_2815,decoy,O=C1N(Cc2ccc3[nH]ncc3c2)[C@H](Cc2ccccc2)[C@H](O)[C@@H](O)[C@@H](Cc2ccccc2)N1Cc1ccc2[nH]ncc2c1,CHEMBL78671
DEC_2510,decoy,C[C@@H]1CN(CCCCc2ccc3c(c2)sc(=O)n3C)C[C@H](C)N1,CHEMBL280088
DEC_0335,decoy,CO[C@H]1/C=C\C=C(/C)C(=O)NC2=CC(=O)C(NCc3ccccc3)=C(C[C@@H](C)C[C@H](OC)[C@H](O)[C@@H](C)/C=C(\C)[C@@H]1OC(N)=O)C2=O,CHEMBL124755
DEC_2694,decoy,CC(=O)Nc1nc(C(=O)Nc2cc(C(=O)Nc3cc(C(=O)NCCCN(C)C)n(C)c3)n(C)c2)c(C(C)C)s1,CHEMBL70228
DEC_2010,decoy,C=C(c1ccccc1OCc1ccc([N+](=O)[O-])cc1)n1ccnc1,CHEMBL26408
DEC_3483,decoy,CC1(C)C=C(C(=O)NCC(O)CNC(=O)c2cccs2)C(C)(C)N1,CHEMBL15529
DEC_4062,decoy,C=CCn1c(=O)c2nc(-c3ccc(Cl)cc3N)[nH]c2n(CC=C)c1=O,CHEMBL11410
DEC_4239,decoy,Cc1ccccc1N1CCN(CCCON2C(=O)c3ccccc3C2=O)CC1,CHEMBL10692
DEC_1315,decoy,CC/C=C/C(=O)O[C@H](CC=C(C)C)C1=CC(=O)c2c(O)ccc(O)c2C1=O,CHEMBL267275
DEC_4753,decoy,CC(C)(CCOc1ccc(Sc2ccc(OCCC(C)(C)C(=O)O)cc2)cc1)C(=O)O,CHEMBL415490
DEC_3327,decoy,O=C(O)COc1ccc(C(=O)N2CCC3(CC2)CCN(c2ccncc2)C3)cc1,CHEMBL12877
DEC_4434,decoy,CC(=O)OCC(=O)[C@@]1(OC(=O)c2ccco2)CCC2C3CCC4=CC(=O)C=CC4(C)C3C(O)CC21C,CHEMBL40418
DEC_2385,decoy,Cc1nc(N)ccc1CNC(=O)Cn1c(C)cc2c(c1=O)NCN(CC1CCC1)S2(=O)=O,CHEMBL416033
DEC_1294,decoy,COc1cc(C23OCC24C2COC(c5cc6c(cc53)OCO6)C24)cc(OC)c1OC,CHEMBL18717
DEC_0736,decoy,C=CC(=O)OC1CCC(C)(C)C(/C=C/C(C)=C/C=C/C(C)=C/C(=O)O)=C1C,CHEMBL14981
DEC_1803,decoy,O=C(O)CCC/C=C\C[C@@H]1[C@H](O)CC[C@H]1NS(=O)(=O)c1ccc(F)cc1,CHEMBL19708
DEC_3823,decoy,Cc1nc(O)c2c(ccc3nc(Nc4c(Cl)cccc4Cl)n(C)c32)c1CC(=O)N1CCN(C)CC1,CHEMBL29488
DEC_4448,decoy,Cc1cc(C)c(NC(=O)c2sccc2S(=O)(=O)Nc2noc(C)c2Cl)c(C)c1CC#N,CHEMBL19661
DEC_1701,decoy,CCCCCc1cc(O)c2c(c1)OC(C)(C)[C@@H]1CC(O)[C@H](C)CC21,CHEMBL276253
DEC_3674,decoy,CSc1ccc(Cn2c(O)c(CC=C(C)C)c(=O)n3c4c(=O)n(C)c(=O)n(C)c4nc23)cc1,CHEMBL13268
DEC_3318,decoy,CCCc1cc(N)cc(=O)n1Cc1ccc(-c2ccccc2-c2nn[nH]n2)cc1,CHEMBL22390
DEC_0199,decoy,CC(C)=CC[C@@H](OC(=O)C=C(C)C)C1=CC(=O)c2c(O)ccc(O)c2C1=O,CHEMBL267024
DEC_3611,decoy,CNC(=O)OCCN(CCOC(=O)NC)Cc1cc(O)c2c(c1)C(=O)c1cccc(O)c1C2=O,CHEMBL290852
DEC_1119,decoy,CCOc1c(Br)cc(Br)cc1CN[C@H]1CCC[C@@H]1CNc1cc(O)c2ccccc2n1,CHEMBL278607
DEC_4068,decoy,C[C@H](CS)C(=O)N1C[C@@H]([S+]([O-])c2ccccc2)C[C@H]1C(=O)O,CHEMBL279154
DEC_0904,decoy,CC(C)C[C@@H]1OC(=O)C(C)(C)CNC(=O)[C@@H](Cc2ccccc2)NC(=O)/C=C/C[C@@H]([C@H](C)/C=C/c2ccccc2)OC1=O,CHEMBL87165
DEC_1879,decoy,CCN1C(=O)c2c(nc(OC)n2Cc2ccc(O)c(Br)c2)N2C1=N[C@@H]1CCC[C@@H]12,CHEMBL282114
DEC_3519,decoy,Nc1nc(N)c2c3c(oc2n1)CN(Cc1ccc(Cl)cc1Cl)CC3,CHEMBL287579
DEC_1087,decoy,O=S1(=O)c2cccc3cccc(c23)N1CCCN1CC=C(c2c[nH]c3ccc(Cl)cc23)CC1,CHEMBL429768
DEC_4741,decoy,CCCc1c(OCCCCCOc2cc3c(cc2C(C)=O)CCC(C(=O)O)O3)ccc(C=O)c1O,CHEMBL54392
DEC_2469,decoy,CN(C)Cc1ccc(NC2C(=O)C(Br)C(Nc3ccc(CN(C)C)cc3)C(=O)C2Br)cc1,CHEMBL301727
DEC_1940,decoy,O=C(OC[C@@H]1[C@H](Cc2ccccc2)C(=O)N1S(=O)(=O)c1ccc([N+](=O)[O-])cc1)c1ccccc1,CHEMBL36676
DEC_0025,decoy,[2H]c1c([2H])c([2H])c(NS(=O)(=O)c2ccc3c(c2)C(n2ccccc2=O)=CC(C)(C)O3)c([2H])c1[2H],CHEMBL275679
DEC_2827,decoy,NC(Cc1cc(I)c(OCCc2ccc(O)cc2)c(I)c1)C(=O)O,CHEMBL15396
DEC_2937,decoy,Cc1nn(C(=O)c2ccc(S(=O)(=O)NC(=O)NC3CCCCC3)cc2)c(C)c1Br,CHEMBL415905
DEC_2806,decoy,CC(C)CCN(C[C@@H](O)[C@@H]1Cc2ccc(cc2)OCCCCCC(=O)N[C@@H](C(C)C)C(=O)N1)NC(=O)NC(C)(C)C,CHEMBL45310
DEC_2244,decoy,Cc1ccc(C(C)/N=c2\c(O)c(O)\c2=N/c2ccc(C#N)cc2)cc1,CHEMBL278535
DEC_0764,decoy,Oc1cc2c(cc1OCc1ccccc1)OC1c3ccccc3OCC21,CHEMBL282946
DEC_0985,decoy,CC(C)(CCCOc1ccc(OCCCC(C)(C)C(=O)O)c(CO)c1)C(=O)O,CHEMBL269650
DEC_2263,decoy,Cc1cnccc1-c1[nH]c(-c2ccc([S+](C)[O-])cc2)nc1-c1ccc(F)cc1,CHEMBL280265
DEC_2528,decoy,COC(=O)C1=C(C)N=C(C)/C(=C(\O)OC)C1c1cccc([N+](=O)[O-])c1,CHEMBL25676
DEC_3189,decoy,CC1(C)CC(=O)N(CC(COc2ccc(-c3ccc(C#N)cc3)cc2)N(O)C=O)C(=O)C1,CHEMBL288701
DEC_0233,decoy,COc1ccc2c3c1OC1[C@H](O)[C@@](C=CCCCc4ccccc4)(CO)CC4C(C2)N(C)CCC341,CHEMBL269664
DEC_0017,decoy,O=C1O[C@H](c2ccccc2Cl)[C@@](Cn2cncn2)(c2ccccc2Cl)O1,CHEMBL273242
DEC_3042,decoy,CN(C(=O)[C@H](Cc1ccc(C(=N)N)s1)NS(=O)(=O)c1ccc2ccccc2c1)C1CCCC1,CHEMBL298013
DEC_4525,decoy,CCN(C(=O)C1=CCCC1C(=O)NCc1ccc(C(=N)N)cc1)c1ccccc1F,CHEMBL17465
DEC_1283,decoy,O=C1c2ccccc2C(=O)N1CCCCN1CCN(c2ccc([N+](=O)[O-])cc2)CC1,CHEMBL26030
DEC_2672,decoy,O=C(CCc1nc(-c2ccc(S(=O)(=O)Nc3ccc(CCNC[C@H](O)c4cccnc4)cc3)cc2)no1)N1CCCC1,CHEMBL32996
DEC_3364,decoy,CCOC(=O)/C(=N\O)c1ccc(Sc2cc(F)cc(C3CCOCC3)c2)cc1,CHEMBL279746
DEC_4125,decoy,O=C(O)CC/C=C/c1c(Cc2cccnc2)ccc2c1CCC(NS(=O)(=O)c1ccc(Cl)cc1)C2,CHEMBL416947
DEC_4716,decoy,O=NN(CCCl)C(=O)NC1CCCC(C(=O)O)C1,CHEMBL273983
DEC_2279,decoy,NS(=O)(=O)c1ccc(-n2nc(C(F)(F)F)cc2-c2csc3ccccc23)cc1,CHEMBL29397
DEC_2325,decoy,c1ccc(CCc2nc(NCc3ccccc3)c3sccc3n2)cc1,CHEMBL32673
DEC_0591,decoy,COc1cc2c3c4c(cc5c3n(c2cc1OC)C(=O)CC5(C)C)CCNC4,CHEMBL280340
DEC_2526,decoy,CC(O)(c1ccc(F)cc1)C(O)(Cn1cncn1)c1ccc(F)cc1,CHEMBL274787
DEC_1959,decoy,CC1(C)C=C(n2ccccc2=O)c2cc(S(=O)(=O)Nc3ccc([N+](=O)[O-])cc3)ccc2O1,CHEMBL12698
DEC_4640,decoy,c1cc(CN2CCC(N3CCCCC3)CC2)cc(CN2CCC(N3CCCCC3)CC2)c1,CHEMBL267085
DEC_3752,decoy,O=C(O)Cc1nn(Cc2nc3cccc(Br)c3s2)c(=O)c2ccccc12,CHEMBL21038
DEC_2417,decoy,CCN1C(=O)c2c(nc(C(N)=O)n2Cc2ccc(O)c(Cl)c2)N2C1=N[C@@H]1CCC[C@@H]12,CHEMBL285610
DEC_3067,decoy,OC(c1cccc(Cl)c1)C(O)(Cn1cncn1)c1cccc(Cl)c1,CHEMBL273840
DEC_2461,decoy,COC(=O)c1c(C(=O)N2CCN(CCO)CC2)cc2ccc(C)cc2c1-c1cc(Br)c(OC)c(OC)c1,CHEMBL24321
DEC_0413,decoy,[O-][S+](Cc1[nH]c2ccccc2c1[S+]([O-])c1ccccc1)c1ccccc1,CHEMBL24214
DEC_2698,decoy,O=S(=O)(Nc1ccc(CCNC[C@H](O)c2cccnc2)cc1)c1ccc(-n2ncc(-c3cccc(F)c3)n2)cc1,CHEMBL66908
DEC_4134,decoy,O=C(NC1CCCC(NC(=O)NC23CC4CC(CC(C4)C2)C3)C1)NC12CC3CC(CC(C3)C1)C2,CHEMBL13488
DEC_2502,decoy,Cc1noc(NS(=O)(=O)c2cccc(-c3ccccc3)c2)c1C,CHEMBL417651
DEC_0705,decoy,CC(C)C1=CC2CC3(C=O)[C@@H]4CC[C@@H](C)[C@H]4CC2(CO[C@H]2CN(C/C=C\Br)[C@H](C)CO2)[C@]13C(=O)O,CHEMBL34515
DEC_3427,decoy,NC1CCC(CNC(=O)[C@@H]2CCCN2C(=O)[C@@H](N)C(C2CCCCC2)C2CCCCC2)CC1,CHEMBL40145
DEC_2722,decoy,CC(C)(C)C1CCCC(NC(=O)N(CCCl)N=O)C1,CHEMBL274338
DEC_2996,decoy,CCN(C(=O)C1CCC=C1C(=O)NCc1ccc(C(=N)N)cc1)c1ccccc1C,CHEMBL17786
DEC_3970,decoy,N[C@@H](CCC(=O)NC(CSCCCCCc1ccccc1)C(=O)NCC(=O)O)C(=O)O,CHEMBL32001
DEC_1318,decoy,NS(=O)(=O)c1ccc(-n2nc(C(F)(F)F)cc2-c2ccccn2)cc1,CHEMBL29075
DEC_0824,decoy,CCCCC(O)(c1ccc(F)cc1)C(O)(Cn1cncn1)c1ccccc1Cl,CHEMBL416701
DEC_1222,decoy,CCCSc1nnc([C@@H]2C[C@@H](S)CN2S(=O)(=O)c2ccc3ccccc3c2)n1-c1ccccc1,CHEMBL47987
DEC_2899,decoy,O=C1NC(=O)C(CC#Cc2ccc(Cl)cc2)(S(=O)(=O)c2ccc(Cl)cc2)S1,CHEMBL268702
DEC_0575,decoy,Brc1ccccc1-c1nnc2c3ccccc3c(N3CCCC3)nn12,CHEMBL428336
DEC_1146,decoy,O=C(NC[C@@H]1Cc2ccccc2CN1/C(S)=N/C[C@H]1CCCN1Cc1ccccc1F)Nc1ccccc1,CHEMBL40108
DEC_3096,decoy,COc1cc(N)c(Cl)cc1C(=O)NCC1CCC2CCCCN2C1,CHEMBL15868
DEC_2023,decoy,CCCN(CCC)CCc1c(Cl)cc(O)c2nc(O)sc12,CHEMBL17872
DEC_0409,decoy,CCCc1cc(=O)oc2c3c(c4c(c12)OC(C)(C)C=C4)O[C@H](CC)[C@@H](C)[C@H]3O,CHEMBL267693
DEC_4377,decoy,CC(C)OP(=O)(O)COc1ccc(C[C@@H](C)NC[C@H](O)c2cccc(Cl)c2)cc1,CHEMBL40966
DEC_2902,decoy,N=C(N)c1ccc(CN(NS(=O)(=O)c2ccc3ccccc3c2)C(=O)N2CCCCC2)cc1,CHEMBL41220
DEC_4093,decoy,Nc1nc2cc(Cl)c(Cl)cc2n1CCCCCCCn1c(N)nc2cc(Cl)c(Cl)cc21,CHEMBL45059
DEC_2979,decoy,CC(C)(C)c1ccc(S(=O)(=O)N[C@H]2CCN(Cc3cc4cc[nH]cc-4n3)C2=O)cc1,CHEMBL8363
DEC_0646,decoy,CC1(C)Oc2ccc(C#N)cc2[C@H](N(Cc2ncc[nH]2)c2ccccc2)[C@H]1O,CHEMBL428891
DEC_2308,decoy,CC1(C)CC1C(=O)N/C(=C\CCCCSc1ncccc1O)C(=O)O,CHEMBL274188
DEC_2521,decoy,N#CCCN1N=C(c2ccc(OCc3ccccc3)cc2)OCC1=O,CHEMBL16825
DEC_3343,decoy,CON=C1CCN(c2c(F)cc3c(=O)c(C(=O)O)cn(C4CC4)c3c2F)CC1,CHEMBL29175
DEC_0426,decoy,CN1C(=O)CC[C@]2(C)C3CC[C@@]4(C)C(CC[C@@]4(O)C#CCCCO)C3CCC12,CHEMBL10343
DEC_1312,decoy,C=C(c1c(Cl)ccc(Cl)c1OCC(O)CNC(C)(C)C)n1ccnc1,CHEMBL15684
DEC_2020,decoy,c1ccc(Cc2ccc(OCCn3cnc4ccncc43)cc2)cc1,CHEMBL14760
DEC_1809,decoy,Cc1[nH]c(/C=C2\C(=O)Nc3ccc(F)cc32)c(C)c1C(=O)NCCN1CCOCC1,CHEMBL13354
DEC_1744,decoy,CCCCc1ccc(Nc2nc(Cl)c3[nH]cnc3n2)cc1,CHEMBL16103
DEC_4570,decoy,C/C(=C\Cn1oc(=O)[nH]c1=O)c1cccc(OCc2nc(-c3ccc(C(F)(F)F)cc3)oc2C)c1,CHEMBL7029
DEC_2532,decoy,Cc1ccc(C(=O)C(O)(Cn2cncn2)c2ccc(C)cc2)cc1,CHEMBL276491
DEC_1199,decoy,CS(=O)(=O)O.Nc1nc2ccc(Cl)cc2c2nc(-c3ccoc3)nn12,CHEMBL268615
DEC_0414,decoy,CCCc1cc(=O)oc2c3c(c4c(c12)OC(C)(C)C=C4)O[C@H](C(C)C)[C@H](C)[C@@H]3O,CHEMBL6883
DEC_3736,decoy,CCN(CC)C(=O)Nc1sc2c(c1C(=O)c1ccccc1Cl)CCN(C(C)=O)C2,CHEMBL40296
DEC_3652,decoy,Nc1ncnc2c1ncn2C[C@]1(O)CC[C@H]2CN(C(c3ccccc3)c3ccccc3)CCN2C1,CHEMBL20739
DEC_1578,decoy,COc1cccc2c1CCC[C@H]2CN(C)CCc1ccc2c(c1)CCN2,CHEMBL276236
DEC_4110,decoy,Cc1cc(-c2c(O)nc3cc(Cl)c(C(=O)Nc4ccncn4)cc3c2OCC[C@@H]2CCCCN2)cc(C)c1C,CHEMBL48192
DEC_2054,decoy,Oc1ccc2c3c1O[C@H]1c4c(c5ccccc5n4Cc4ccccc4)C[C@@]4(O)C(C2)N(CC2CC2)CCC314,CHEMBL26708
DEC_3650,decoy,COc1cc2c(cc1OC)[C@@](O)(c1cc(OC)c(O)c(OC)c1)[C@H]1C(=O)OC[C@H]1C2=O,CHEMBL288503
DEC_3215,decoy,CCCc1cc(=O)oc2c3c(c4c(c12)OC(C)(C)C=C4)O[C@@H](C)C(C)[C@@H]3O,CHEMBL282382
DEC_4412,decoy,CS[C@@H]1C[C@@H](C(=O)O)N(C(=O)CP(=O)(O)CCCCc2ccccc2)C1,CHEMBL279201
DEC_3002,decoy,CCOC(=O)c1cc2c(CC)c3c(nc2cn1)-c1cc2c(c(=O)n1C3)COC(=O)[C@]2(O)CC,CHEMBL13707
DEC_0254,decoy,CN(C)CCCNCc1cccc2c1Oc1c(CNCCCN(C)C)cccc1C2(C)C,CHEMBL15661
DEC_2644,decoy,Nc1ccc(S(=O)(=O)Nc2ccc(Br)c3c(Cl)c[nH]c23)cc1,CHEMBL21081
DEC_0432,decoy,Brc1cccc(Br)c1N(CC1CCCCC1)C1=NCCN1,CHEMBL282933
DEC_2160,decoy,CCC(C)(C)/N=c1\c(O)c(O)\c1=N/Cc1c(C)cccc1C,CHEMBL20179
DEC_1815,decoy,N#Cc1ccccc1OCC(O)CNCCNC(=O)c1cc2ccccc2[nH]1,CHEMBL33448
DEC_1412,decoy,C=C1[C@@H](OC(C)=O)CC[C@@]2(C)C[C@H](OC(C)=O)C3=C(C)C[C@H](OC(=O)[C@@H](C)CC)[C@@H]([C@@H](OC(C)=O)[C@H]12)C3(C)C,CHEMBL465852
DEC_2245,decoy,CCc1nc(C)c(Br)n1-c1ccc(-c2ccc(O)nn2)cc1,CHEMBL31777
DEC_2794,decoy,COc1ccc(/C=C(C)/C=C/C(O)=C2\C(=O)CN(C)C2=O)c2ccccc12,CHEMBL10477
DEC_1379,decoy,CCOC(=O)N[C@@H](c1ccc(F)cc1)[C@@H](O)C(=O)OC1CC2C(C)(C)C1(C)[C@@]13C[C@H](C)c4ccccc4[C@@]21O3,CHEMBL31829
DEC_3792,decoy,O=c1c2c(oc(O)c1C(c1cccc(NS(=O)(=O)c3cccc([N+](=O)[O-])c3)c1)C1CC1)CCCCCC2,CHEMBL16777
DEC_3692,decoy,CC1=NN(c2ccccc2)C(=O)C1/N=N/c1ccc(S(=O)(=O)Nc2ncccn2)cc1,CHEMBL281997
DEC_0870,decoy,CC(=O)Nc1cccc2cc(S(=O)(=O)Nc3onc(C)c3C)ccc12,CHEMBL30077
DEC_2850,decoy,CCc1c2c(nc3cnc(Br)cc13)-c1cc3c(c(=O)n1C2)COC(=O)[C@]3(O)CC,CHEMBL273734
DEC_4089,decoy,Cc1c(C)c2c(c(C)c1O)CCC(C)(COc1ccc(NCC(O)COc3cccc4cnccc34)cc1)O2,CHEMBL66963
DEC_3897,decoy,O=C(O)c1cc(O)c2ccc(I)cc2n1,CHEMBL279489
DEC_3282,decoy,O=C(O)CCC/C=C/C[C@@H]1[C@@H](COCc2ccccc2)C2CC1(C#Cc1ccccc1)CO2,CHEMBL10923
DEC_1984,decoy,CCCC1=NC2(CCOCC2)C(=O)N1Cc1ccc(-c2ccccc2-c2nn[nH]n2)cc1,CHEMBL435953
DEC_1381,decoy,C=C1C[C@@]23O[C@]2(c2ccccc21)C1CC(OC(=O)[C@H](O)[C@@H](NC(=O)OCC)c2cccc(F)c2)C3(C)C1(C)C,CHEMBL288558
DEC_4221,decoy,CC(=O)NC1N=C(c2ccccc2)c2ccccc2N(CC(=O)NCCc2cccc(Cl)c2)C1=O,CHEMBL24074
DEC_4707,decoy,Nc1nc(N)c2nc(CSc3ccccc3)cnc2n1,CHEMBL279243
DEC_4625,decoy,Cn1cncc1C(OCc1ccc(C#N)cc1-c1ccc(F)c(Cl)c1)c1ccc(C#N)nc1,CHEMBL41682
DEC_1129,decoy,CC(C)(C)COc1cc(C(C)(C)C)ccc1C/N=C(\S)NCc1ccc(NS(C)(=O)=O)c(F)c1,CHEMBL43723
DEC_1090,decoy,Cc1ccc(Cn2c(SCc3ccccc3)nc3c(N(C)C)nc(C(F)(F)F)nc32)cc1,CHEMBL43289
DEC_2121,decoy,CN1CCN(CCCN2N=C3/C(=C/c4ccccc4)CSCC3C2c2ccccc2)CC1,CHEMBL416416
DEC_2153,decoy,C[C@H](CS)C(=O)N1CC2(C[C@H]1C(=O)O)SCCS2,CHEMBL16139
DEC_0166,decoy,c1ccc(CNc2nc(Cc3ccncc3)nc3ccsc23)cc1,CHEMBL31390
DEC_4035,decoy,C[C@]12C=CC(=O)C=C1CC[C@@H]1[C@@H]2[C@@H](O)C[C@@]2(C)[C@H]1CC[C@]2(O)C(=O)CO,CHEMBL131
DEC_1210,decoy,CCN(C/C=C/C#CC(C)(C)C)Cc1cccc(OCCN(C)S(=O)(=O)c2nccs2)c1,CHEMBL26596
DEC_0260,decoy,CCCCN1C(=NC#N)N(CCCC)[C@H](Cc2ccccc2)[C@H](O)[C@@H](O)[C@H]1Cc1ccccc1,CHEMBL285180
DEC_1724,decoy,Oc1ccccc1-c1nc(-c2ccc(F)cc2)c(-c2ccncc2)[nH]1,CHEMBL279568
DEC_0608,decoy,CN(C(=O)N(CC/C=N/C(=O)N(CCCl)N=O)N=O)C1CCCCC1,CHEMBL12796
DEC_3058,decoy,CC[C@@]1(CC(=O)O)OC[C@@H](Cc2ccccc2)c2c1[nH]c1ccccc21,CHEMBL22079
DEC_3061,decoy,CNC(=O)/C=C(\c1ccccc1)c1ccc2nc(N)c(C(=O)C(C)(C)C)n2c1,CHEMBL431881
DEC_3506,decoy,CC1(C)C=C(C(=O)NCCCNC(=O)Cc2cccs2)C(C)(C)N1,CHEMBL280510
DEC_0403,decoy,CCOC(=O)NCC(C)(C)NCC(O)COC(=O)c1ccccc1F,CHEMBL7663
DEC_4481,decoy,O=C(NO)C1CCC(CNS(=O)(=O)c2ccc3ccccc3c2)CC1,CHEMBL283439
DEC_4146,decoy,CSc1ccc(-c2nc(-c3cccc(NS(C)(=O)=O)c3)c(-c3ccncc3)[nH]2)cc1,CHEMBL277811
DEC_1070,decoy,Oc1ccc2c3c1OC1[C@H]4OC[C@@]4(CCCCc4ccccc4)CC4C(C2)N(CC2CCC2)CCC341,CHEMBL9832
DEC_2407,decoy,CCN1C(=O)c2c(nc(C(=O)NC)n2Cc2ccc(O)c(Cl)c2)N2C1=N[C@@H]1CCC[C@@H]12,CHEMBL23375
DEC_0779,decoy,CC(C)c1ccccc1Sc1c(O)cc(-c2ccc(C#N)cc2)oc1=O,CHEMBL12485
DEC_1728,decoy,OC1(c2nc(-c3ccc(F)cc3)c(-c3ccncc3)[nH]2)CCCCC1,CHEMBL25219
DEC_0967,decoy,O=C(c1ccccc1Cl)C(O)(Cn1cncn1)c1ccc(Cl)cc1Cl,CHEMBL268753
DEC_4488,decoy,CC1(C)C=C(C(=O)NCCCNC(=O)CSc2ccccc2)C(C)(C)N1,CHEMBL277072
DEC_4592,decoy,Cn1cncc1CN(Cc1cccc(C#N)c1)c1ccc(C#N)c(-c2cccc3ccccc23)c1,CHEMBL27843
DEC_3304,decoy,O=C1c2ccc(OCc3cccnc3)cc2CCC1CCN1CCC(c2ccccc2)CC1,CHEMBL7623
DEC_1486,decoy,CCCCc1nc2ccnc(O)c2n1Cc1ccc(-c2ccccc2-c2nn[nH]n2)cc1,CHEMBL429008
DEC_2021,decoy,c1ccc(Cc2ccc(OCCn3cnc4ncncc43)cc2)cc1,CHEMBL14789
DEC_4416,decoy,CCCC1CC(C(=O)NC(C)(CO)C(O)c2ccc([N+](=O)[O-])cc2)N(C)C1,CHEMBL22066
DEC_4116,decoy,CCN(CC)Cc1cc(Nc2nc(Nc3nc4cc(Cl)c(Cl)cc4[nH]3)nc3c2CCCC3)ccc1O,CHEMBL24858
DEC_0007,decoy,CC(=O)OC[C@]1(C)CCC[C@@]2(C)C1[C@H](O)CC1C[C@H](OC(C)=O)[C@@]3(C)CC[C@]12C3,CHEMBL9029
DEC_4233,decoy,COc1ccc2c3c1O[C@H]1C(=O)[C@@H](Cc4ccccc4)CC4C(C2)N(C)CCC341,CHEMBL291011
DEC_4736,decoy,NCCCC[C@H](OP(=O)(O)CCCCc1ccccc1)C(=O)N(CC(=O)O)c1ccccc1,CHEMBL284345
DEC_3530,decoy,Nc1cc2c(Nc3ccc4c(cnn4Cc4ccccc4)c3)ncnc2cn1,CHEMBL281006
DEC_2561,decoy,C/C(=N/O)c1cccc(CN2C(=O)N(Cc3cccc(/C(C)=N/O)c3)[C@H](Cc3ccccc3)[C@H](O)[C@@H](O)[C@H]2Cc2ccccc2)c1,CHEMBL431174
DEC_1188,decoy,CC(=O)c1cc2c(s1)[C@@H](NC(=O)c1ccc([N+](=O)[O-])cc1)[C@H](O)C(C)(C)O2,CHEMBL283484
DEC_4149,decoy,O=c1c2c(oc(O)c1[C@@H](c1cccc(NS(=O)(=O)c3ccccc3)c1)C1CC1)CCCCCC2,CHEMBL277125
DEC_4553,decoy,COc1c(C(=O)NCCN2CCN(c3ccc([N+](=O)[O-])cc3)CC2)cc(Br)c2ccccc12,CHEMBL287443
DEC_2069,decoy,O=S1(=O)c2cccc3cccc(c23)N1CCCN1CC=C(c2c[nH]c3ccc(Br)cc23)CC1,CHEMBL276565
DEC_2855,decoy,C/C(=C\Cn1oc(=O)[nH]c1=O)c1cccc(OCc2ccc3c(Cl)cccc3c2)c1,CHEMBL7360
DEC_4333,decoy,COC(=O)CC/C=C\CC[C@H]1C(=O)C[C@@H](O)[C@@H]1/C=C/CC(C)(O)CCC1CCCCC1,CHEMBL6418
DEC_4666,decoy,COc1ccc2c(nc(Nc3c(C)cccc3Cl)c3cnc(CO)n32)c1OC,CHEMBL280546
DEC_2768,decoy,O=C1NCN(c2ccccc2)C12CCN(C1CCc3ccccc31)CC2,CHEMBL284414
DEC_1424,decoy,CO[C@]12OO[C@](C)(CO[Si](c3ccccc3)(c3ccccc3)C(C)(C)C)C=C1C(=O)C(C)(C)C(=O)C2(C)C,CHEMBL417319
DEC_3503,decoy,CC1CC(/C=N/c2ccccc2C(=O)O)=C2NC=C(C(=O)O)C(=O)N2C1,CHEMBL23029
DEC_3041,decoy,Cc1c[nH]c(=O)n(CCCN2CCN(c3ccc(F)cc3OCC(F)(F)F)CC2)c1=O,CHEMBL24777
DEC_0529,decoy,CCC1(O)C(=O)OCc2c1cc1n(c2=O)Cc2c-1nc1ccc(CCN)cc1c2C,CHEMBL273685
DEC_3036,decoy,O=C1CC2(CCCC2)CC(O)N1OCCCN1CCN(c2nsc3ccccc23)CC1,CHEMBL274334
DEC_0033,decoy,CCC(C)(O)C#Cc1nc(NCc2ccc(N(C)C)cc2)c2ncn(C(C)C)c2n1,CHEMBL23525
DEC_2224,decoy,CN(C)CCN1C(=O)c2cccc3c2c(cc2sccc23)C1=O,CHEMBL285372
DEC_4244,decoy,N#Cc1c2n(c3c(N4CCN(CCc5cccc(Cl)c5)CC4)ncnc13)CCCC2,CHEMBL28061
DEC_1384,decoy,CC(=O)Nc1cccc(Cn2c3c(c4ccccc42)C[C@@]2(O)C4Cc5ccc(O)c6c5C2(CCN4CC2CC2)[C@H]3O6)c1,CHEMBL28116
DEC_1401,decoy,C=C(CC[C@H](O)[C@@]1(C)CC[C@H](C(C)(C)O)O1)[C@H]1CC[C@H]2O[C@@H]([C@]3(C)CC[C@@H](C(C)(C)OC)O3)CC[C@]2(C)O1,CHEMBL280735
DEC_2543,decoy,CCCc1c(Sc2ccccc2)n(COCCO)c(=S)[nH]c1=O,CHEMBL417448
DEC_0867,decoy,CC1CN(c2c(F)c(N)c3c(=O)c(C(=O)O)cn(C4CC4)c3c2F)CC(C)N1,CHEMBL15273
DEC_0176,decoy,O=C1O[C@H](c2ccccc2)[C@@](Cn2cncn2)(c2ccccc2Cl)O1,CHEMBL273259
DEC_3787,decoy,COC(=O)[C@@]1(C)CCC[C@@]2(C)C1CC[C@@H](CO)[C@@H]2CCc1ccc2c(OC(C)=O)ccc(OC(C)=O)c2c1,CHEMBL22550
DEC_0043,decoy,CC1(C)N=C(N)N=C(N)N1c1cccc(OCC23CC4CC(CC(C4)C2)C3)c1,CHEMBL281618
DEC_3901,decoy,C[C@@H](/N=c1\c(O)c(O)\c1=N/c1ccc(C#N)cc1Cl)C(C)(C)C,CHEMBL18931
DEC_3557,decoy,Cc1ccc(S(=O)(=O)Nc2cccc(-c3nccc4nc(N)nn34)c2)cc1,CHEMBL20507
DEC_2389,decoy,O=C(Cc1cccc2c1Cc1c-2nc(O)c2nc(C(=O)O)cn12)NS(=O)(=O)c1ccccc1,CHEMBL24507
DEC_4012,decoy,CN1CCC(S(=O)(=O)c2ccc(-c3nc(-c4ccc(F)cc4)c(-c4ccncc4)[nH]3)cc2)CC1,CHEMBL16926
DEC_4018,decoy,CCc1c(C(=O)NCCCN2CCCC2=O)cnn1-c1nc(-c2cccc(C(F)(F)F)c2)cs1,CHEMBL9927
DEC_0556,decoy,CC(=O)OC[C@@]1(O)C[C@@]23CCC4C5=C(CC[C@@]4(C)C2CCC1C3)OCC5,CHEMBL31113
DEC_2683,decoy,CCCCc1nn(CC(OCC(=O)O)c2ccccc2)c(=O)n1Cc1ccc(-c2ccccc2C2=NNNN2)cc1,CHEMBL307752
DEC_2002,decoy,CN(C)Cc1ccc(CSCc2ccc(CN(C)C)o2)o1,CHEMBL13522
DEC_4218,decoy,CC(C)(C)NC(=O)NC[C@@H]1Cc2ccccc2CN1/C(S)=N/C[C@H]1CCCN1Cc1ccccc1,CHEMBL40825
DEC_1564,decoy,C=C(c1cc(Cl)c(Cl)cc1OCC(O)CNC(C)C)n1ccnc1,CHEMBL15704
DEC_2512,decoy,c1cc2c(c(N3CCN(CCC4CCCCC4)CC3)c1)OCCO2,CHEMBL28143
DEC_2650,decoy,NP(=O)(OCCC=O)N(CCCl)CCCl.O=P1(N(CCCl)CCCl)NC(O)CCO1,CHEMBL37163
DEC_0208,decoy,NC(=O)c1cc([N+](=O)[O-])cc([N+](=O)[O-])c1N(CCBr)CCBr,CHEMBL22592
DEC_0135,decoy,CC(/N=c1\c(O)c(O)\c1=N/Cc1ccc(C#N)cc1Cl)C(C)(C)C,CHEMBL277719
DEC_3458,decoy,CCC[C@@H]1C[C@H](NCC)c2cc(S(N)(=O)=O)sc2S1(=O)=O,CHEMBL415964
DEC_3644,decoy,CC(C)C[C@H](N)C(=O)N[C@@H]1CN(c2nc3c(cc2F)c(=O)c(C(=O)O)cn3C2CC2)[C@H]1C,CHEMBL416546
DEC_1682,decoy,C[C@@H](O)[C@H]1C(=O)N2C(C(=O)O)=C(S[C@@H]3CN[C@H](c4ccc(CN)cc4)C3)[C@H](C)[C@H]12,CHEMBL416158
DEC_2810,decoy,O=C1N(Cc2ccc3c[nH]nc3c2)[C@H](Cc2ccccc2)[C@H](O)[C@@H](O)[C@@H](Cc2ccccc2)N1Cc1ccc2c[nH]nc2c1,CHEMBL320005
DEC_1345,decoy,CCc1nn(Cc2ccc(-c3ccccc3-c3nn[nH]n3)cc2)/c(=N/C(C)=O)s1,CHEMBL35475
DEC_3156,decoy,Cc1nc2n(c(=O)c1CCN1CCC(c3noc4cc(F)ccc34)CC1)CCCC2,CHEMBL85
DEC_1732,decoy,CN(c1ccccc1)c1cc2c(cc1Nc1ccccc1)C(=O)NC2=O,CHEMBL7775
DEC_1340,decoy,c1cnc(N2CCN(CCCN3CCc4c([nH]c5ccccc45)C3)CC2)nc1,CHEMBL275278
DEC_1719,decoy,Oc1ccc2c(c1)[C@@]13CCCC[C@@]1(O)[C@@H](C2)N(CC1CCC1)CC3,CHEMBL33986
DEC_0583,decoy,Brc1cccc(N(CC2CC2)C2=NCCN2)c1Br,CHEMBL20275
DEC_1646,decoy,O=S(=O)(Nc1cc(Cl)cc2cc[nH]c12)c1ccc(Cl)cc1,CHEMBL20985
DEC_2992,decoy,CCNCC1CCN(c2c(F)cc3c(=O)c(C(=O)O)cn(C4CCCC4)c3c2F)C1,CHEMBL6265
DEC_4390,decoy,CN(C)CCNc1ccc(NCCN(C)C)c2c1C(=O)c1ccccc1C2=O,CHEMBL276898
DEC_1156,decoy,CC[C@@]1(O)C(=O)OCc2c1cc1n(c2=O)Cc2cc3c(CN(C)C)c(O)ccc3nc2-1,CHEMBL84
DEC_1111,decoy,CN(CCCNc1nc2cc(Cl)c(Cl)cc2[nH]1)CCCNc1nc2cc(Cl)c(Cl)cc2[nH]1,CHEMBL295029
DEC_3423,decoy,O=C1[C@@H](NS(=O)(=O)c2cc3c(Cl)nccc3s2)CCN1CCNc1ccncc1,CHEMBL266132
DEC_4380,decoy,COc1ccc(CCNCC(O)COc2ccc(-c3nc(C(C)(C)C)c[nH]3)cc2)cc1OC,CHEMBL11097
DEC_0228,decoy,C=Cc1ccc(-c2ccc(OCC(CN3C(=O)N(C)C(C)(C)C3=O)N(O)C=O)cc2)cc1,CHEMBL38299
DEC_3832,decoy,Nc1ccc(C[C@@H]2[C@H](O)[C@@H](O)[C@@H](Cc3ccc(N)cc3)N(Cc3ccccc3)C(=O)N2Cc2ccccc2)cc1,CHEMBL308649
DEC_3953,decoy,NC(=O)c1cccc2c1c1ncnc(N3CCN(CCc4ccc(F)c(F)c4)CC3)c1n2Cc1ccncc1,CHEMBL283255
DEC_1104,decoy,COc1c(Br)cc(CCC(=O)O)cc1-c1[nH]c2ccc(C(=N)N)cc2c1Cc1ccccc1,CHEMBL50923
DEC_2135,decoy,CC(C)c1cccc(C(C)C)c1OS(=O)(=O)NC(=O)OC1C2CC3CC(C2)CC1C3,CHEMBL422929
DEC_0640,decoy,Cc1cnsc1C(c1ccc(CC(C)C)cc1)N1CCN(CCO)CC1,CHEMBL279713
DEC_3097,decoy,C[C@H](CS)C(=O)N1C[C@@H](Oc2ccc3ccccc3c2)C[C@H]1C(=O)O,CHEMBL15775
DEC_3170,decoy,CN1CCC23c4c5ccc(O)c4OC2[C@H](O)[C@](CO)(CCCCCCc2ccccc2)CC3C1C5,CHEMBL275452
DEC_4122,decoy,O=C(O)CC/C=C/c1cc(Cc2cccnc2)cc2c1CCC(NS(=O)(=O)c1ccc(Cl)cc1)C2,CHEMBL28789
DEC_1639,decoy,CN1CCc2cccc3c2[C@H]1Cc1cccc(-c2c(O)cccc2O)c1-3,CHEMBL281273
DEC_0239,decoy,O=C1[C@@H](NS(=O)(=O)c2ccc(-c3ccon3)s2)CCN1Cc1cc2c[nH]ccc-2n1,CHEMBL269604
DEC_4288,decoy,CC(C)(C)Sc1ccc(S(=O)(=O)CS(=O)(=O)C(F)(F)F)cc1,CHEMBL12821
DEC_2027,decoy,CCCCCS(=O)(=O)Oc1ccc2c(C)c(C)c(=O)oc2c1,CHEMBL18503
DEC_3744,decoy,O=C(c1ccccc1Cl)c1c(NC(=O)C2CC2)sc2c1CCN(C(=O)C1CC1)C2,CHEMBL297585
DEC_4679,decoy,CCN1C(=O)c2c(nc(OC)n2Cc2ccc(OC)c(Cl)c2)N2C1=N[C@@H]1CCC[C@@H]12,CHEMBL25311
DEC_4403,decoy,CN(C)CCNc1ccc(NCCN(C)C)c2c1C(=O)c1cccnc1C2=O,CHEMBL269627
DEC_4581,decoy,C[C@H](CCCC(C)(C)O)C1CCC2/C(=C/C3OOCC4=C3C[C@@H](O)CC4)CCCC21C,CHEMBL15752
DEC_3336,decoy,O=C(O)CC1CCN(C(=O)N2CCC3(CC2)CCN(c2ccncc2)C3)CC1,CHEMBL12878
DEC_2997,decoy,O=C(O)CCC(=O)Nc1cccc2c1CC(O)C(N1CCC(c3ccccc3)CC1)C2,CHEMBL417277
DEC_3437,decoy,CNC(=O)c1cccc2c(Nc3ccc(NS(C)(=O)=O)cc3OC)c3ccccc3nc12,CHEMBL276025
DEC_1539,decoy,N=C(N)c1ccc(CN(NS(=O)(=O)c2ccc3ccccc3c2)C(=O)N2CCCCCC2)cc1,CHEMBL288862
DEC_1690,decoy,O=C(NC(CO)C(O)c1ccc([N+](=O)[O-])cc1)C(Br)Br,CHEMBL24727
DEC_1408,decoy,C=CCOc1ccc(CC[C@](C)(O)[C@H]2C[C@@]34C=C[C@]2(OC)[C@@H]2Oc5c(OC)ccc6c5C23CCN(C)C4C6)cc1,CHEMBL59280
DEC_0410,decoy,CCCc1cc(=O)oc2c3c(c4c(c12)OC(C)(C)C=C4)O[C@H](CC)[C@H](C)[C@@H]3O,CHEMBL267208
DEC_3255,decoy,NS(=O)(=O)c1ccc(-n2nc(C(F)(F)F)cc2-c2cccnc2)cc1,CHEMBL406140
DEC_3784,decoy,Cc1cc(C)cc(-c2c(O)nc3cc(Cl)c(NC(=O)c4cncnc4)cc3c2OCC[C@@H]2CCCCN2)c1,CHEMBL49293
DEC_2586,decoy,CCCCc1nc(Sc2cccs2)c(C(=O)O)n1Cc1ccc(-c2ccccc2S(=O)(=O)NC(=O)NCCC)cc1,CHEMBL311827
DEC_2830,decoy,CC(C)[C@@H]1NC(=O)[C@@H]([C@H](O)[C@H](Cc2ccccc2)NC(=O)OC(C)(C)C)NCc2cccc(c2)OCCCCNC1=O,CHEMBL419571
DEC_3841,decoy,Nc1ccc(C[C@H]2NC(=O)N([C@H](CC3CCCCC3)C(=O)N3CCC4(CCc5ccccc54)CC3)C2=O)cc1,CHEMBL68823
DEC_1072,decoy,CC(C)C1=CC2CC3(C=O)[C@@H]4CC[C@@H](C)[C@H]4CC2(CO[C@H]2C[C@H]4[C@H](OCC4(C)C)[C@@H](C)O2)C13C(=O)O,CHEMBL295473
DEC_0683,decoy,C=C(CC[C@H](O)[C@@]1(C)CC[C@H](C(C)(C)O)O1)[C@H]1CC[C@H]2O[C@@H]([C@]3(C)CC[C@@H](C(C)(C)O)O3)CC[C@]2(C)O1,CHEMBL22785
DEC_2550,decoy,CCCCCCCCCCCC(=O)O[C@@H]1[C@@H](C)[C@@]2(O)[C@@H](C=C(CO)C[C@]3(O)C(=O)C(C)=C[C@@H]23)[C@@H]2C(C)(C)[C@]12OC(C)=O,CHEMBL15076
DEC_0050,decoy,C[S+]([O-])c1ccc(-c2nc3n(c2-c2ccc([S+](C)[O-])cc2)CCS3)cc1,CHEMBL17490
DEC_0938,decoy,Cc1nnc2n1-c1ccc(I)cc1C(c1ccccc1F)NC2,CHEMBL418370
DEC_4411,decoy,CO[C@@H]1C[C@@H](C(=O)O)N(C(=O)CP(=O)(O)CCCCc2ccccc2)C1,CHEMBL278686
DEC_2125,decoy,c1ccc(OCc2nn[nH]n2)c(COc2ccc(OCc3ccc4ccccc4n3)cc2)c1,CHEMBL18699
DEC_4314,decoy,CC(C)c1cccc(C(C)C)c1OC(=O)NS(=O)(=O)N(C(C)C)C(C)C,CHEMBL21794
DEC_2012,decoy,[O-][n+]1ccc2ncn(CCOc3ccc(Cc4ccccc4)cc3)c2c1,CHEMBL14857
DEC_2984,decoy,O=C1NC(=O)C(c2cc(Cl)ccc2S(=O)(=O)CCc2ccc(Cl)cc2)N1,CHEMBL19316
DEC_4469,decoy,CC(C)(C)C(=O)Oc1cc(C(C)(C)C)ccc1C/N=C(\S)NCc1ccc(NS(C)(=O)=O)cc1,CHEMBL44057
DEC_0072,decoy,CN(Cc1ccccc1)Cc1ccn(-c2cc3nc(O)c(O)nc3cc2[N+](=O)[O-])c1,CHEMBL12431
DEC_2898,decoy,Cn1c2cccc(C(N)=O)c2c2ncnc(N3CCN(CCc4ccc(F)c(F)c4)CC3)c21,CHEMBL26678
DEC_0080,decoy,CCN(CC)CCNc1ccc(CNS(C)(=O)=O)c2sc3ccccc3c(=O)c12,CHEMBL283395
DEC_0726,decoy,CN(CCCn1c(N)nc2cc(Br)ccc21)CCCn1c(N)nc2cc(Br)ccc21,CHEMBL45099
DEC_3714,decoy,Cc1ccc2c(c1)c(C1CCN(CCN3CCNC3=O)CC1)cn2-c1ccc(F)cc1,CHEMBL267304
DEC_3788,decoy,O=S(=O)(Nc1c(O)nc2cc(C(F)(F)F)ccc2c1Cc1cc(Cl)ccc1O)C(F)(F)F,CHEMBL290824
DEC_1775,decoy,Cc1ccccc1/C=C1\CS(=O)(=O)CC2C1=NN(CCCN1CCN(C)CC1)C2c1ccccc1C,CHEMBL289456
DEC_3524,decoy,COc1cc2c(c(OC)c1OC)OC[C@H]1[C@H](CO)Cc3cc4c(cc3[C@@H]21)OCO4,CHEMBL274948
DEC_4590,decoy,[O-][S+](CCC(F)(F)C(F)(F)F)c1nc(-c2ccccc2)c(-c2ccccc2)[nH]1,CHEMBL18375
DEC_0647,decoy,CC1(C)Oc2ccc(C#N)cc2[C@@H](N(Cc2ncc[nH]2)c2ccccc2)[C@@H]1O,CHEMBL273900
DEC_2488,decoy,CN(Cc1ccccc1)C(=O)[C@@H](Cc1csc2ccccc12)NC(=O)C1C[C@@H](O)CN1C(=O)c1cn(C)c2ccccc12,CHEMBL292799
DEC_1861,decoy,C=C(C)[C@]12C[C@@H](C)[C@@]34OC(Cc5ccccc5)(O[C@@H]1C3C=C(CO)C[C@]1(O)C(=O)C(C)=CC41)O2,CHEMBL269304
DEC_2749,decoy,Cc1ccc(N(CC2=NCCN2)c2cccc(O)c2)cc1,CHEMBL597
DEC_1804,decoy,O=C(O)CCC/C=C\C[C@@H]1[C@@H](NS(=O)(=O)c2ccc(F)cc2)CC[C@@H]1O,CHEMBL19310
DEC_2705,decoy,N#CC(c1ccccc1)C(N)Sc1ccccc1N,CHEMBL284774
DEC_3701,decoy,CS(=O)(=O)c1ccc2sc(Cn3nc(CC(=O)O)c4ccccc4c3=O)nc2c1,CHEMBL20199
DEC_3264,decoy,C=CCO/N=C(\OC(=O)c1ccc(C(=O)C(C)(C)C)cc1)c1ccc(C(=O)C(C)(C)C)cc1,CHEMBL44181
DEC_3763,decoy,CN(CCCn1c(N)nc2cc(Cl)c(Cl)cc21)CCCn1c(N)nc2cc(Cl)c(Cl)cc21,CHEMBL416809
DEC_2137,decoy,C(=C\c1ncnc2c1ncn2Cc1ccccc1)\c1ncnc2c1ncn2Cc1ccccc1,CHEMBL275763
DEC_3623,decoy,COc1cc(Cc2cnc(N)nc2N)ccc1OCc1cc(OC)c(OC)c(OC)c1,CHEMBL22811
DEC_0082,decoy,O=C1CC2(CCCC2)CC(=O)N1CCCCNCC1COc2ccc3ccccc3c2O1,CHEMBL12311
DEC_0447,decoy,CCCc1cc(=O)oc2c3c(c4c(c12)OC(C)(C)C=C4)O[C@H](C)C(C)(C)[C@@H]3O,CHEMBL7760
DEC_3821,decoy,CCCCOC(=O)N[C@@H](c1ccccc1)[C@@H](O)C(=O)OC1CC2C(C)(C)C1(C)[C@@]13C[C@H](C)c4ccccc4[C@@]21O3,CHEMBL31862
DEC_2284,decoy,CN1C[C@H](C(=O)Nc2nccs2)C[C@@H]2c3cc(C(C)(C)C)cc4[nH]cc(c34)C[C@H]21,CHEMBL418717
DEC_3289,decoy,CCN(CC)C(=O)c1ccc(N(c2ccccc2)[C@H]2C[C@H]3CC[C@@H](C2)N3Cc2ccco2)cc1,CHEMBL13493
DEC_3609,decoy,Nc1nc2c(cnn2CCc2ccc(N(CCO)CCO)cc2)c2nc(-c3ccco3)nn12,CHEMBL22202
DEC_2592,decoy,CCCCc1nc(SC)c(C(C)C(=O)O)n1Cc1ccc(-c2ccccc2S(=O)(=O)NC(=O)NCc2ccccc2)cc1,CHEMBL330302
DEC_0888,decoy,C=C([C@@H](O)C[C@H](O)[C@@]1(C)CC[C@H](C(C)(C)O)O1)[C@H]1CC[C@H]2O[C@@H]([C@]3(C)CC[C@@H](Br)C(C)(C)O3)CC[C@]2(C)O1,CHEMBL18962
DEC_1313,decoy,CC1(C)Oc2ccc(C#N)cc2[C@H](N(Cc2ncco2)c2ccccc2)[C@H]1O,CHEMBL268271
DEC_0177,decoy,c1ccc(N/N=C(\N=N\c2nnnn2-c2ccccc2)c2ccccc2)cc1,CHEMBL279912
DEC_4374,decoy,COc1cc(CCNCC(O)COc2ccccc2/C=C/c2cc(C)no2)ccc1C,CHEMBL32637
ACT_067,active,Cc1ccc(OC2CCN(S(=O)(=O)c3c(C(F)(F)F)nn(C)c3C)CC2)cc1,CHEMBL3975184
DEC_0939,decoy,O=C1NCN(c2ccccc2)C12CCN(C1CCc3cccc(Cl)c3C1)CC2,CHEMBL283617
DEC_1430,decoy,C=C(C)[C@@]12C[C@@H](C)C34OC(Cc5ccccc5)(OC1[C@@H]3C=C(COC(=O)Cc1ccccc1)C[C@]1(O)C(=O)C(C)=C[C@@H]41)O2,CHEMBL319078
DEC_1485,decoy,CN(C)S(=O)(=O)Cc1ccc(Nc2nc(Nc3ccccc3)c3ccccc3n2)cc1,CHEMBL18163
DEC_2504,decoy,O=C(c1ccc(F)cc1)C(O)(Cn1cncn1)c1ccccc1Cl,CHEMBL273684
DEC_4426,decoy,CCN1CCC[C@H]1CNC(=O)c1c(OC)ccc(I)c1O,CHEMBL267723
DEC_3957,decoy,CC(C)CN1CCC(NS(=O)(=O)c2ccc(N(C)C(=O)/C=C/c3ccc(S(C)(=O)=O)cc3)cc2)CC1,CHEMBL75098
DEC_1500,decoy,CC(C)(Cc1ccc(I)cc1)NCC(O)c1ccc(O)c2nc(O)ccc12,CHEMBL41605
DEC_4127,decoy,COc1cc(C(c2ccc(C(C)C)cc(=O)c2O)c2ccc(C(C)C)cc(=O)c2O)cc(OC)c1OC,CHEMBL277268
DEC_2170,decoy,O=C(O)Cc1cccc2c(=O)c3cccc([N+](=O)[O-])c3oc12,CHEMBL28998
DEC_3501,decoy,NS(=O)(=O)c1ccc(CCNSC(=S)N2CCOCC2)cc1,CHEMBL13975
DEC_3062,decoy,O=C(NC1CCCCC1)NC1CCCC(NC(=O)NC2CCCCC2)C1,CHEMBL13526
DEC_2129,decoy,Cn1cncc1C(OCc1ccc(C#N)c(-c2cccc(C#N)c2)n1)c1ccc(C#N)cc1,CHEMBL290315
DEC_3406,decoy,CCCc1cc(OC)cc(=O)n1Cc1ccc(-c2ccccc2-c2nn[nH]n2)cc1,CHEMBL282911
DEC_0178,decoy,CC(C)=CC[C@@H](OC(=O)CCl)C1=CC(=O)c2c(O)ccc(O)c2C1=O,CHEMBL8834
DEC_1378,decoy,O=c1c2c(oc(O)c1C(c1cccc(NS(=O)(=O)c3ccc4ccccc4n3)c1)C1CC1)CCCCCC2,CHEMBL16536
DEC_2045,decoy,O=C(O)CCCNc1c2ccccc2nc2cccc([N+](=O)[O-])c12,CHEMBL25874
DEC_0251,decoy,C[S+]([O-])c1ccc(-c2nc(-c3cccc(NS(C)(=O)=O)c3)c(-c3ccncc3)[nH]2)cc1,CHEMBL276548
DEC_2638,decoy,CCC(C)(O)C#Cc1nc(NCc2ccc(Cl)cc2)c2ncn(C(C)C)c2n1,CHEMBL24484
DEC_4405,decoy,COc1cc(COc2ccc(Cc3cnc(N)nc3N)cc2)cc(OC)c1OC,CHEMBL416376
DEC_4767,decoy,COc1ccc(CC(C)NCC(O)COc2ccccc2/C=C/c2cc(C)no2)cc1OC,CHEMBL32925
DEC_1607,decoy,C[C@@]12C=Cc3occc3C1CC[C@@]13CC(CCC12)C(O)(CO)C3,CHEMBL282576
DEC_2238,decoy,CC(/N=c1\c(O)c(O)\c1=N/c1ccc(-n2ccnc2)cc1)C(C)(C)C,CHEMBL18830
DEC_0886,decoy,C/C(=C\C[C@H](O)[C@@]1(C)CC[C@H](C(C)(C)O)O1)[C@H]1CC[C@H]2O[C@@H]([C@]3(C)CC[C@@H](Br)C(C)(C)O3)CC[C@@]2(C)O1,CHEMBL23801
DEC_1346,decoy,C[C@@H](/N=c1\c(O)c(O)\c1=N/c1ccc(C#N)cc1C(=O)c1ccccc1)C(C)(C)C,CHEMBL275166
DEC_2419,decoy,CC(C)C(NC(=O)Cn1c(-c2cccs2)ncc(N)c1=O)B1OC(C)(C)C(C)(C)O1,CHEMBL11113
ACT_007,active,C[C@H](Oc1cc(C(N)=O)nc(-c2ccc(Oc3ccc(OC(F)(F)F)cc3)cc2)n1)C(N)=O,CHEMBL3939988
DEC_3349,decoy,CC(CC(=O)O)N1CCC(C(=O)N2CCC3(CC2)CCN(c2ccncc2)C3)CC1,CHEMBL276482
DEC_1094,decoy,Cn1cncc1CN(CC(=O)N1CCC(C#N)=C(c2cccc3ccccc23)C1)Cc1ccccc1,CHEMBL25968
DEC_0489,decoy,CCCCCCOS(=O)(=O)NC(=O)Oc1c(C(C)C)cccc1C(C)C,CHEMBL415036
DEC_0891,decoy,Cc1cc(SC2=C(O)OC(CCc3ccc(O)cc3)(C(C)C)CC2=O)c(C(C)(C)C)cc1OS(=O)(=O)N(C)C,CHEMBL312293
DEC_2256,decoy,Cc1nc(O)c2c(ccc3nc(Nc4c(Cl)cccc4Cl)n(C)c32)c1C,CHEMBL28912
DEC_2011,decoy,[O-][n+]1ccc2c(c1)ncn2CCOc1ccc(Cc2ccccc2)cc1,CHEMBL276096
DEC_2489,decoy,N#CN=C1N(Cc2ccc(C#N)cc2)[C@H](Cc2ccccc2)[C@H](O)[C@@H](O)[C@@H](Cc2ccccc2)N1Cc1ccc(C#N)cc1,CHEMBL290336
ACT_068,active,CC(C)C[C@H](NC(=O)Nc1ccc(Br)cc1)C(=O)N(C)CC(=O)OC(C)(C)C,CHEMBL6044207
DEC_2096,decoy,O=C1N(Cc2ccccc2)CN(c2ccccc2)C12CCN(C1CCc3c(Cl)ccc(Cl)c3C1)CC2,CHEMBL285377
DEC_4644,decoy,CS(=O)(=O)Nc1ccc(Nc2c3ccccc3nc3cc([N+](=O)[O-])ccc23)cc1,CHEMBL269399
DEC_1948,decoy,CCCN1CC[C@@H](N2CC(=O)N3[C@H](c4ccc5c(c4)OCO5)c4[nH]c5ccccc5c4C[C@@H]3C2=O)C1,CHEMBL284258
DEC_4003,decoy,COc1c(C(=O)NCCN2CCN(c3cccc(C)c3)CC2)cc(Br)c2ccccc12,CHEMBL283034
DEC_4589,decoy,CCN(CC)c1nc(C)nc2c1sc(=S)n2-c1ccc(C(C)C)cc1Br,CHEMBL18029
DEC_1773,decoy,CO/C1=C\C(C)=C\[C@@H](C)C(=O)[C@@H](C)C/C(C)=C/C=C/[C@H](OC)[C@@H]([C@@H](C)[C@@H](O)[C@H](C)C(=O)O)OC1=O,CHEMBL55768
DEC_2452,decoy,Nc1ncc(Cc2cc(I)c(OCCCOc3ccccc3)c(I)c2)c(N)n1,CHEMBL334021
DEC_3668,decoy,Cc1cn(C2C=CC(COP3(=O)OCc4cc(Cl)ccc4O3)O2)c(=O)[nH]c1=O,CHEMBL266136
DEC_3940,decoy,COC(=O)C(C)NP(=O)(OCC1OC(n2cc(C)c(=O)[nH]c2=O)CC1N=[N+]=[N-])Oc1ccc(C)cc1,CHEMBL266159
DEC_0877,decoy,CCC(CO)NC(=O)C1C=C2c3cccc4c3c(cn4C)CC2N(C)C1,CHEMBL12393
DEC_0096,decoy,c1cc(OCc2cccc(-c3nn[nH]n3)c2)cc(OCc2ccc3ccccc3n2)c1,CHEMBL18564
DEC_4517,decoy,O=C(O)CC/C=C\C[C@@H]1[C@@H](NS(=O)(=O)c2ccc(Cl)cc2)CC[C@@H]1O,CHEMBL279478
DEC_1134,decoy,O=C(O)CC(NS(=O)(=O)c1cccc(-c2cccc(CNCc3nc4ccccc4[nH]3)c2)c1)c1ccccc1,CHEMBL304928
DEC_0874,decoy,CN1CCC(O)(c2nc(-c3ccc(F)cc3)c(-c3ccncc3)[nH]2)CC1,CHEMBL281145
DEC_3944,decoy,CCOC(=O)c1cc(NC(=O)c2cc(NC3=CC4=NCCc5cn(C)c(c54)C3=O)cn2COC)cn1COC,CHEMBL69977
DEC_0356,decoy,CN(CCCCCC/C=C(\NC(=O)C1CC1(C)C)C(=O)O)CC(=O)O,CHEMBL417797
DEC_4213,decoy,N=C(N)c1cccc(/C(=C\C(=O)Nc2ccc(-c3ccccc3S(N)(=O)=O)cc2)c2ccco2)c1,CHEMBL284316
DEC_2062,decoy,COc1ccc2c3c1OC1[C@@H](O)[C@](C)(CCCCc4ccccc4)CC4C(C2)N(CC2CCC2)CCC341,CHEMBL10114
DEC_3893,decoy,Cc1c(CCc2cccc3ccccc23)cnc2nc(N)nc(N)c12,CHEMBL23374
DEC_4080,decoy,Oc1ccc2c(c1)OC[C@@H](N1CCC(O)(CCc3ccccc3)CC1)[C@H]2O,CHEMBL17885
DEC_0513,decoy,CC(=O)OCC(=O)[C@@]1(O)CCC2C3CCC4=CC(=O)CCC4(C)C3C(O)CC21C,CHEMBL440275
DEC_0784,decoy,C=C1/C(=C\C=C\[C@@H]2CCC[C@H]([C@@H](C)CCCC(C)(C)O)C2(C)C)C[C@@H](O)C[C@@H]1O,CHEMBL431123
DEC_3100,decoy,C/C(=C\c1ccc(O[C@@H]2O[C@H]([C@H](C)O)[C@@H](O)[C@@H]2O)c(O)c1)C(=O)N[C@@H]1CCCC[C@@H]1O,CHEMBL266030
ACT_078,active,NC(=O)c1cc(N2CCC[C@H]2C(N)=O)nc(-c2ccc(Oc3ccc4c(c3)OCO4)cc2)n1,CHEMBL3940174
DEC_0225,decoy,CCN(CC)CCn1nc2c3c(c(NCCN4CCOC4=O)ccc31)Sc1ccc(O)cc1-2,CHEMBL39515
DEC_4032,decoy,O=C1CC[C@@]2(O)C3Cc4ccc(O)c5c4C2(CCN3CC2CC2)[C@H]1O5,CHEMBL20799
DEC_2421,decoy,O=C1[C@@H](NS(=O)(=O)c2ccc(-c3ccccn3)s2)CCN1Cc1cc2c[nH]ccc-2n1,CHEMBL266690
DEC_1738,decoy,Cc1ccc2[nH]c([S+]([O-])Cc3ccc(C)c(C)c3N)nc2c1,CHEMBL20351
DEC_2911,decoy,N[C@@H](C(=O)N[C@@H]1C(=O)N2C(C(=O)O)=C(C(F)(F)F)CC[C@H]12)c1ccc(Cl)c(Cl)c1,CHEMBL283321
DEC_4092,decoy,Cc1cc(C)cc(-c2c(O)nc3cc(Cl)c([N+](=O)[O-])cc3c2OCCC2NCCc3ccccc32)c1,CHEMBL431344
DEC_4384,decoy,C#CCN(Cc1ccc2nc(N)nc(O)c2c1)c1ccc(CCCC(=O)O)cc1,CHEMBL13679
DEC_2752,decoy,C=CCN(C1=NCCN1)c1c(Br)cccc1Br,CHEMBL20176
DEC_1836,decoy,CCNCC1CCN(c2c(F)c(O)c3c(=O)c(C(=O)O)cn(CC)c3c2F)C1,CHEMBL15740
DEC_3054,decoy,O=C(O)c1ccc(O)c(C(=O)/C=C/c2ccccc2OCc2ccccc2)c1,CHEMBL12225
DEC_0057,decoy,CCN(CC)CCNc1ccc2ncn3c4ccc(C(C)(C)C)cc4c(=O)c1c23,CHEMBL8801
DEC_2949,decoy,CC(C)(C)OC(=O)N[C@H]1CCN(CC(=O)NC2CCc3cc(F)ccc3C2Cc2cccnc2)C1,CHEMBL43659
DEC_0499,decoy,CCN(CCCCCC(C)(C)F)CCC[C@@H](O)c1ccc(NS(C)(=O)=O)cc1,CHEMBL441344
DEC_1274,decoy,COc1nccc(-c2c(-c3ccc(F)cc3)ncn2CCCN2CCOCC2)n1,CHEMBL14318
DEC_4136,decoy,Cn1cncc1C(O)(C#Cc1cccc(N)c1)c1ccc(C#N)c(-c2cccc3ccccc23)c1,CHEMBL418018
DEC_2828,decoy,Cc1cc(O)c(C)c(C(=O)N[C@@H](Cc2ccc3ccccc3c2)[C@H](O)C(=O)N2C[C@@H](Cl)C[C@H]2C(=O)NC(C)(C)C)c1,CHEMBL116867
DEC_3491,decoy,CCn1c(=O)c2nc(-c3cccc(S(=O)(=O)O)c3)[nH]c2n(CC)c1=O,CHEMBL11154
DEC_1206,decoy,C=C(Cl)CN1C[C@H](OCC23C[C@@H]4[C@H](C)CC[C@H]4C4(C=O)CC2C=C(C(C)C)[C@@]34C(=O)O)O[C@H](C)C1,CHEMBL286857
DEC_4082,decoy,C=C1/C(=C\C=C2/CCC[C@]3(C)C([C@H](C)CCCC(O)(C(F)(F)F)C(F)(F)F)CC[C@@H]23)C[C@@H](O)C[C@@H]1O,CHEMBL284143
DEC_0820,decoy,OC(c1ccc(Cl)cc1Cl)C(O)(Cn1cncn1)c1ccc(Cl)cc1,CHEMBL10711
DEC_3712,decoy,O=C1NCCN1CCN1CCC(c2cn(-c3ccc(F)cc3)c3ccc(F)cc23)CC1,CHEMBL269679
DEC_3214,decoy,CCCc1cc(=O)oc2c3c(c4c(c12)OC(C)(C)C=C4)O[C@H](C)[C@H](C)[C@H]3O,CHEMBL269063
DEC_3982,decoy,Cn1cc(C2=C(c3cn(CCCCCSC(=N)N)c4ccccc34)C(=O)NC2=O)c2ccccc21,CHEMBL6274
DEC_0866,decoy,CC(C)c1c(Sc2ccccc2)n(COCCO)c(=S)[nH]c1=O,CHEMBL278186
DEC_1432,decoy,CC1=NC(C)=C(C(=O)OCCN2C(=O)c3ccccc3S2(=O)=O)C(c2ccccc2Cl)/C1=C(\O)OC(C)(C)C,CHEMBL82718
DEC_1957,decoy,CC(C)CCn1c(=O)c2nc(-c3ccc(S(=O)(=O)O)cc3)[nH]c2n(CC(C)C)c1=O,CHEMBL279688
DEC_1524,decoy,Cc1c(C(=O)N[C@H](C)[C@](O)(Cn2cncn2)c2ccc(F)cc2F)cnn1-c1cccc(C(F)(F)F)c1,CHEMBL55251
DEC_0119,decoy,O=Cc1ccn(-c2cc3c(cc2Cl)nc(O)n2nc(C(=O)O)cc32)c1,CHEMBL8829
DEC_3493,decoy,CC1CCC(/C=N/c2ccc([N+](=O)[O-])cc2)=C2NC=C(C(=O)O)C(=O)N21,CHEMBL22491
DEC_0010,decoy,CN(CCF)Cc1ccccc1Sc1ccc(I)cc1N,CHEMBL22643
DEC_3108,decoy,CC(C)(C)C1CS(=O)(=O)C(c2c(F)c(F)c(N=[N+]=[N-])c(F)c2F)S(=O)(=O)C1,CHEMBL31286
DEC_1748,decoy,Nc1ccc(-c2nc(-c3ccc(F)cc3)c(-c3ccncc3)[nH]2)cc1,CHEMBL17736
DEC_0810,decoy,CC(O)c1ccc(OCCCN2CCC(c3noc4cc(F)ccc34)CC2)c(O)c1,CHEMBL14219
DEC_3238,decoy,COc1ccc2c(c1)CCc1sc(N)nc1-2.I,CHEMBL38779
DEC_4766,decoy,CCCCCCCCCC(=O)N[C@H](CN1CCOCC1)[C@H](O)c1ccc(OC(C)(C)C)cc1,CHEMBL35763
DEC_0504,decoy,Oc1ccc2c3c1O[C@H]1[C@@H](N=C=S)CCC4(O)C(C2)N(CC2CC2)CCC314,CHEMBL424402
DEC_3398,decoy,CCCn1c(=O)c2nc(/C=C/c3ccc(OC)c(OC)c3OC)[nH]c2n(CCC)c1=O,CHEMBL27140
DEC_4315,decoy,COCCN1C(=O)N(c2ccc(C#N)c(C(F)(F)F)c2)C(=O)C1(C)C,CHEMBL432658
DEC_1018,decoy,O=c1oc(Nc2ccccc2I)nc2cccc(Cl)c12,CHEMBL276464
DEC_4507,decoy,CC(c1ccccc1)[C@H](S)C(=O)N[C@H](C(=O)N1CCCC[C@H]1C(=O)O)C(C)C,CHEMBL283315
DEC_0244,decoy,Nn1c(SCCCN2CCN(c3ccccc3[N+](=O)[O-])CC2)nc2sccc2c1=O,CHEMBL11890
DEC_2917,decoy,N[C@H]1CC(CN2CCCC2)N(c2cc3c(cc2F)c(=O)c(C(=O)O)cn3-c2ccc(F)cc2F)C1,CHEMBL288881
DEC_4250,decoy,N#C/C(=C\c1ccccc1OCCN1CCOCC1)c1noc2ccc(Cl)cc12,CHEMBL280370
DEC_2014,decoy,CCCCCCCCN1CCN(c2cccc3c2OCCO3)CC1,CHEMBL285158
DEC_2814,decoy,O=C1N(Cc2cccc(O)c2)[C@H](Cc2ccccc2)[C@H](O)[C@@H](O)[C@@H](Cc2ccccc2)N1Cc1cccc(O)c1,CHEMBL284136
DEC_4066,decoy,CC1(CN)CCN(c2cc3c(cc2F)c(=O)c(C(=O)O)cn3C2CC2)C1,CHEMBL278648
DEC_4275,decoy,CCOC(=O)c1c(C)cc2cnn(-c3ccc(S(C)(=O)=O)cc3)c(=O)c2c1C,CHEMBL24668
DEC_1421,decoy,CCN(CC)[C@H]1CC(=O)N([C@H]2CC3CC[C@]2(CS(=O)(=O)N2CCC4(CCc5ccccc54)CC2)C3(C)C)C1=O,CHEMBL283317
DEC_4121,decoy,Cc1cc(C)cc(-c2c(O)nc3cc(Cl)c(NC(=O)c4cnccn4)cc3c2OCCC2CCCCN2)c1,CHEMBL295917
DEC_2527,decoy,O=C(OCN1C(=O)CC1Sc1nc2ccccc2o1)c1ccccc1,CHEMBL10712
DEC_0114,decoy,Cc1cc(Br)cc(C)c1C/N=c1\c(O)c(O)\c1=N/C(C)(C)C,CHEMBL19398
DEC_3665,decoy,CCc1cc2c(=O)n(N)c(SCCCN3CCN(c4ncccn4)CC3)nc2s1,CHEMBL416707
DEC_4622,decoy,CCN(C(C)=O)c1ccc(-c2nc3n(c2-c2ccc(N(CC)C(C)=O)cc2)CCS3)cc1,CHEMBL278028
DEC_4083,decoy,C=C1/C(=C\C=C2/CCCC3(C)C2CCC3[C@H](C)/C=C/CC(O)(C(F)(F)F)C(F)(F)F)C[C@@H](O)C[C@@H]1O,CHEMBL285268
DEC_0718,decoy,CCSCc1ccc2c(c1)c1c3c(c4c5ccccc5n5c4c1n2[C@@]1(C)O[C@@H]5C[C@]1(O)C(=O)OC)C(=O)NC3,CHEMBL288229
DEC_0564,decoy,CCCCN(C=O)[C@H]1CCC2C3CC[C@H]4N(C)C(=O)CC[C@]4(C)C3CC[C@@]21C,CHEMBL277053
DEC_1615,decoy,CCCc1cc2c(s1)CN[C@@H]1CCc3cc(O)c(O)cc3[C@@H]21,CHEMBL28338
DEC_2061,decoy,CCCN1N=C2/C(=C/c3cccc(C(F)(F)F)c3)CS(=O)(=O)CC2C1c1cccc(C(F)(F)F)c1,CHEMBL289280
DEC_4101,decoy,N#Cc1cccc(CN2C(=O)N(Cc3cccc(N)c3)[C@H](Cc3ccccc3)[C@H](O)[C@H]2CCc2ccccc2)c1,CHEMBL289393
DEC_1465,decoy,C#CCN(Cc1ccc2nc(C)nc(O)c2c1)c1ccc(C(=O)NCc2cncs2)cc1,CHEMBL6496
DEC_1055,decoy,CCN(CC)CC#CCCC1(C2(O)c3ccccc3Oc3ccccc32)SCCCS1,CHEMBL40408
DEC_3059,decoy,Cc1cccc2[nH]cc(CC(C)NCC(O)c3cccc(Cl)c3)c12,CHEMBL24269
DEC_4595,decoy,COCc1cc(I)ccc1Sc1ccccc1CN(C)C,CHEMBL284002
DEC_4527,decoy,NCC/N=C(\S)Nc1cccc(Cl)c1Cl.O=C(O)/C=C\C(=O)O,CHEMBL32565
DEC_3973,decoy,N[C@@H](CCC(=O)NC(CSCc1ccccc1Cl)C(=O)NCC(=O)O)C(=O)O,CHEMBL283234
DEC_1407,decoy,C=C(Cl)CN1C[C@H](OCC23C[C@@H]4[C@H](C)CC[C@H]4C4(C=O)CC2C=C(C(C)C)[C@@]34C(=O)O)OCC12CCCC2,CHEMBL283045
DEC_3110,decoy,O=C1CN2CCCCC2c2c1c1ccccc1n2CCCN1CC(Br)C1=O,CHEMBL289236
DEC_1822,decoy,Cc1nc(N)ccc1CNC(=O)Cn1c(C)cc2c(c1=O)NC(=O)[C@H](CC1CC1)C2,CHEMBL10785
DEC_1168,decoy,C/C=C/Cc1c(O)n(Cc2ccccc2)c2nc3c(n2c1=O)C(=O)N(C)CN3C,CHEMBL14046
DEC_4096,decoy,Cc1cc(C)cc(-c2c(O)nc3cc(Cl)c(C(=O)Nc4ccncn4)cc3c2OCC[C@@H]2CCC[C@@H](C)N2)c1,CHEMBL300295
DEC_4713,decoy,CNc1nc(Cl)c(SC)c(N2CCN(C)CC2)n1,CHEMBL407641
DEC_0859,decoy,CCCC[C@]1(CO)CC2C3Cc4ccc(O)c5c4C2(CCN3C)C(O5)[C@@H]1O,CHEMBL9943
DEC_3225,decoy,CN1CCc2cc(Cl)c(O)cc2C(c2cccc(Br)c2)C1,CHEMBL13632
DEC_1068,decoy,COC1(OC)C=CC(C2(C3=CCC(OC)(OC)C=C3)Sc3ccccc3-n3cccc32)=CC1,CHEMBL429774
DEC_4392,decoy,CCCCc1ccc(Nc2nc(S)c3ncn(COCCO)c3n2)cc1,CHEMBL16219
DEC_1720,decoy,O=C1NC(=O)c2cc(NC3CCCCC3)c(NC3CCCCC3)cc21,CHEMBL266969
DEC_0873,decoy,CC1(COc2ccc(CC3SC(=O)NC3=O)cc2)CCCC(O)C1,CHEMBL18053
DEC_2848,decoy,CC1(C)CNc2c(cccc2S(=O)(=O)NC(Cc2nc3ccccc3s2)C(=O)N2CCC(CCO)CC2)C1,CHEMBL43074
DEC_3562,decoy,C/C(=C\Cn1oc(=O)[nH]c1=O)c1cccc(COc2cc(C(F)(F)F)cc(C(F)(F)F)c2)c1,CHEMBL7084
DEC_1393,decoy,N=C(c1ccc(CN2CCN(S(=O)(=O)c3cc4ccc(Cl)cc4s3)CC2=O)cc1)N1CCCCC1,CHEMBL305097
DEC_3647,decoy,Cc1ccc(NS(=O)(=O)Cc2ccccc2)c(=O)n1CC(=O)NCc1nc(CN)cs1,CHEMBL19037
DEC_3803,decoy,Cc1noc(NS(=O)(=O)c2ccccc2-c2ccc(-c3ncco3)cc2CN2CC(C)(C)CC2=O)c1C,CHEMBL30405
DEC_4296,decoy,CCSc1ccnc(C[S+]([O-])c2nc3ccccc3n2COC)c1C,CHEMBL10283
DEC_3295,decoy,CCCCCc1nc2c(n1Cc1ccc(-c3ccccc3-c3nn[nH]n3)cc1)C(=O)CCCC2,CHEMBL40286
DEC_0579,decoy,CN1C(=S)OC(C)(C)c2cc(-c3cccc(Br)c3)ccc21,CHEMBL25454
DEC_3805,decoy,Cc1cc(C)cc(-c2c(O)nc3cc(Cl)c(C(=O)Nc4ccncn4)cc3c2OCC[C@@H]2CCCCN2)c1,CHEMBL52278
DEC_3761,decoy,CC(C)C1=CC2CC3(C=O)[C@@H]4CC[C@@H](C)[C@H]4CC2(CO[C@H]2C[C@H]4[C@H](OC[C@@H]4C(C)C)[C@@H](C)O2)C13C(=O)O,CHEMBL443788
DEC_0641,decoy,CCN(C)S(=O)(=O)c1ccc2oc3ccc(C(=O)O)cc3c(=O)c2c1,CHEMBL280952
DEC_0565,decoy,Nc1ccc(-c2nc3ccccc3s2)cc1I,CHEMBL276851
DEC_0532,decoy,C[C@H]1C[C@H]2[C@@H]3CCC4=CC(=O)C=C[C@]4(C)[C@@]3(F)[C@@H](O)C[C@]2(C)[C@@]1(O)C(=O)CO,CHEMBL632
DEC_1444,decoy,CCCCc1nc2ccc([C@H]3[C@@H]4CCC[C@@H]4ON3C)cc2c(=O)n1Cc1ccc(-c2ccccc2-c2nn[nH]n2)cc1,CHEMBL52791
DEC_4554,decoy,CCc1nc2ccn(CC(=O)N(CC)CC)c(=O)c2n1Cc1ccc(-c2ccccc2-c2nn[nH]n2)cc1,CHEMBL418625
DEC_3904,decoy,O=[N+]([O-])c1ccc(S(=O)(=O)Nc2cccc3cc(O)[nH]c23)cc1,CHEMBL21036
DEC_3137,decoy,CCN1C(=O)c2c(nc(Cc3ccccc3)n2Cc2ccccc2)N2C1=N[C@@H]1CCC[C@@H]12,CHEMBL282528
DEC_1280,decoy,CN(CCOc1cccc(N(C)S(=O)(=O)c2ccccc2)c1)c1ccncc1,CHEMBL26244
DEC_3211,decoy,CCCc1cc(=O)oc2c3c(c4c(c12)OC(C)(C)C=C4)O[C@@H](C)[C@H](C)[C@H]3O,CHEMBL268207
DEC_3057,decoy,CC[C@@]1(CC(=O)O)OC[C@H](Cc2ccccc2)c2c1[nH]c1ccccc21,CHEMBL430916
DEC_2965,decoy,O=C(NCCCOc1ccc2nc(O)ccc2c1)N(C1CCCCC1)[C@H]1CCCC[C@@H]1O,CHEMBL36398
DEC_2926,decoy,O=C1[C@@H](NS(=O)(=O)c2cc3ccc(Cl)cc3s2)CCN1Cc1cc2cc[nH]cc-2n1,CHEMBL8382
DEC_2111,decoy,CN(C)c1nccc2c1c1ncnc(N3CCN(CCc4ccc(F)c(F)c4)CC3)c1n2C,CHEMBL26150
DEC_3839,decoy,CCCCC(c1cccc(NS(=O)(=O)c2ccc(C#N)cc2)c1)c1c(O)c2c(oc1=O)CCCCCC2,CHEMBL16352
DEC_4545,decoy,CCCCc1c(Cc2ccc(-c3ccccc3-c3nn[nH]n3)cc2)c(C(=O)O)nn1CC(F)(F)F,CHEMBL430535
DEC_3651,decoy,COc1cc(Cc2cnc(N)nc2N)cc(OCCCCC(=O)O)c1Br,CHEMBL31924
DEC_0217,decoy,C=CC(=O)N1C[C@H](OCC23C[C@@H]4[C@H](C)CC[C@H]4C4(C=O)CC2C=C(C(C)C)[C@@]34C(=O)O)OC[C@H]1C,CHEMBL284622
DEC_4269,decoy,Cc1c(C)c2ccc(OS(=O)(=O)c3ccc(Br)cc3)cc2oc1=O,CHEMBL278974
DEC_4473,decoy,Cc1c(C)c2c(c(C)c1O)CCC(C)(CN(C)CCOc1ccc(CC3SC(=O)NC3=O)cc1)O2,CHEMBL6432
DEC_0828,decoy,CS(=O)(=O)Nc1ccc(Nc2c3ccccc3nc3cc(S(C)(=O)=O)ccc23)cc1,CHEMBL9767
DEC_0687,decoy,C/C=C/CC(O)[C@@H](C)[C@H](O)[C@H](C)[C@H]1OC(=O)/C(OC)=C/C(C)=C/[C@@H](C)[C@@H](O)[C@@H](C)C/C(C)=C/C=C/[C@@H]1OC,CHEMBL417597
DEC_1892,decoy,O=C1[C@@H](NS(=O)(=O)c2cc3c(Cl)nccc3s2)CCN1Cc1cc2[nH]cccc-2n1,CHEMBL7947
DEC_1300,decoy,Oc1ccc2c3c1O[C@H]1[C@H](N=C=S)CCC4C(C2)N(CC2CC2)CCC341,CHEMBL269375
DEC_0778,decoy,COc1ccc2c3c1OC1C(=O)[C@@H](C)[C@H](C)C4C(C2)N(CC2CCC2)CCC314,CHEMBL284568
DEC_3256,decoy,O=C(NCc1ccc(Cl)cc1Cl)c1cc(-c2ccncc2)nnc1Cl,CHEMBL6487
DEC_3252,decoy,O=C(c1ccc(F)cc1)C(O)(Cn1cncn1)c1ccc(Cl)cc1Cl,CHEMBL10428
DEC_3477,decoy,C=CC1=C(C(=O)O)N2C(=O)[C@@H](NC(=O)[C@H](N)c3ccc(O)cc3)[C@H]2SC1,CHEMBL18540
ACT_075,active,Cc1cccc(C(=O)NC23CCCC(C(=O)Nc4ccnc(C)n4)(CC2)C3)n1,CHEMBL3671841
DEC_3134,decoy,CCCN(C1COc2cccc(OC)c2C1)N1C(=O)c2ccccc2S1(=O)=O,CHEMBL27060
DEC_1983,decoy,O=C1CC2(CCCC2)CC(=O)N1CCCCNCC1COc2cc3ccccc3cc2O1,CHEMBL11824
DEC_1635,decoy,CCC[C@@H]1CCc2cc3c(C(F)(F)F)cc(O)nc3cc2N1,CHEMBL268569
DEC_3851,decoy,CC(=N)N1CCC(Oc2ccc3c(nc(C(C)C)n3Cc3ccc4ccc(C(=N)N)cc4c3)c2[N+](=O)[O-])CC1,CHEMBL283293
DEC_3819,decoy,O=c1c2c(oc(O)c1C(c1cccc(NS(=O)(=O)c3cccc(Cl)c3)c1)C1CC1)CCCCCC2,CHEMBL16547
DEC_0283,decoy,CCCCc1cn(-c2ccccc2)c(=O)n1Cc1ccc(-c2ccccc2-c2nn[nH]n2)nc1,CHEMBL9771
DEC_2057,decoy,CC(C)C(=O)N(c1ccc([N+](=O)[O-])cc1)[C@H]1CCC2C3CC[C@H]4N(C)C(=O)CC[C@]4(C)C3CC[C@@]21C,CHEMBL17473
DEC_2708,decoy,C/C=C(\NC(=O)C12CC3CC(CC(C3)C1)C2)C(=O)O,CHEMBL11917
DEC_3043,decoy,COc1ccccc1N1CCN(CCn2c(=O)[nH]c3sc(-c4ccccc4)cc3c2=O)CC1,CHEMBL13903
DEC_3254,decoy,CCC(C)(O)C#Cc1nc(Nc2cccc(Cl)c2)c2ncn(C(C)C)c2n1,CHEMBL282193
DEC_4757,decoy,O=C(O)CCc1ccccc1CN1CCCC1c1nc(C(=O)NCCCCC2CCCCC2)co1,CHEMBL23414
DEC_0424,decoy,CN1C(=O)CC[C@]2(C)C3CC[C@@]4(C)C(CC[C@@]4(O)C#CCCCCl)C3CCC12,CHEMBL268748
DEC_3438,decoy,C#CCN(Cc1ccc2nc(C)nc(O)c2c1)c1ccc(C(=O)NCc2cccc(C#N)c2)cc1,CHEMBL268100
DEC_3384,decoy,COc1cccc2c1CC(CNCCCCN1C(=O)CC3(CCCC3)CC1=O)CO2,CHEMBL416523
DEC_1443,decoy,CCCCc1nc2ccc([C@H]3C4CCCC4ON3C)cc2c(=O)n1Cc1ccc(-c2ccccc2-c2nn[nH]n2)cc1,CHEMBL53803
DEC_2190,decoy,CCc1cc(C/N=c2\c(O)c(O)\c2=N/C(C)(C)C)ccc1C#N,CHEMBL19908
DEC_4523,decoy,O=C(O)c1n[nH]c([C@H](Cc2ccc(-c3ccccc3)cc2)NCP(=O)(O)O)n1,CHEMBL275737
DEC_3222,decoy,CN1CC=C(c2c(O)cc(O)c3c(=O)cc(C4CCCCC4)oc23)CC1,CHEMBL8815
DEC_2804,decoy,N#CN=C1N(Cc2ccc(N)cc2)[C@H](Cc2ccccc2)[C@H](O)[C@@H](O)[C@@H](Cc2ccccc2)N1Cc1ccc(N)cc1,CHEMBL285903
DEC_2338,decoy,CC/N=C(\N)c1ccc(-c2ccc(-c3ccc(/C(N)=N/CC)cc3)o2)cc1,CHEMBL279660
DEC_0429,decoy,Oc1ccc2c3c1O[C@H]1c4[nH]c5ccccc5c4C[C@@]4(O)C(C2)N(CC2CC2)CC[C@]314,CHEMBL149
DEC_1506,decoy,CN(C(=O)[C@H](CC#Cc1ccc(N)c(N)c1)NS(=O)(=O)c1ccc2ccccc2c1)C1CCCC1,CHEMBL266551
DEC_4378,decoy,O=C(O)CCc1ccc(CNS(=O)(=O)c2ccc(Cl)cc2)c(CCc2cccnc2)c1,CHEMBL43384
DEC_3899,decoy,CCn1c2cc(N3CCNCC3)c(F)cc2c2c(N)ncnc21,CHEMBL288548
DEC_2588,decoy,CC(C)(C)N(CCO)C(=O)c1ccccc1CCC(O)Cc1ccccc1C(=O)N(CCO)C(C)(C)c1ccc2ccccc2c1,CHEMBL329699
DEC_3454,decoy,O=C(NCc1ccccc1)c1cccn1-c1cc2nc(O)c(O)nc2cc1C(F)(F)F,CHEMBL273480
DEC_1333,decoy,O=C1NC(=O)C(CC#Cc2ccc(F)cc2)(S(=O)(=O)c2ccccc2)S1,CHEMBL275049
DEC_0480,decoy,CC(O)c1cc(OCCCC(C)(C)C(=O)O)ccc1OCCCC(C)(C)C(=O)O,CHEMBL8121
DEC_4618,decoy,CC(C)c1cccc(C(C)C)c1N1CN(CC(c2ccccc2)c2ccccc2)CC1=O,CHEMBL274336
DEC_2287,decoy,O=C1NC(=O)C(CC#Cc2ccc(Cl)cc2)(Sc2ccc(F)cc2)S1,CHEMBL428177
DEC_0234,decoy,O=c1ccn([C@@H]2O[C@H](COC(c3ccccc3)(c3ccccc3)c3ccccc3)[C@H]3OC23)c(=O)[nH]1,CHEMBL284119
DEC_3954,decoy,COC(=O)C(NP(=O)(OCC1C=CC(n2cc(C)c(=O)[nH]c2=O)O1)Oc1ccccc1)C(C)C,CHEMBL300889
DEC_0516,decoy,NCc1ccc(CCCn2ncc3c2nc(N)n2nc(-c4ccco4)nc32)cc1,CHEMBL22320
DEC_2369,decoy,CC#CCOc1ccc(S(=O)(=O)N(C)c2c(C(=O)NO)cnc3snc(C)c23)cc1,CHEMBL417144
DEC_3284,decoy,CCCN(CCCCCCN1C(=O)CC2(CCCC2)CC1=O)C1COc2cccc(OC)c2C1,CHEMBL26926
DEC_2865,decoy,CCN1C(=O)c2c(nc(Cc3ccccc3)n2Cc2ccc(N)cc2)N2C1=N[C@@H]1CCC[C@@H]12,CHEMBL24691
DEC_0933,decoy,O=C(c1ccc2c(c1)c1c3c(cc4c1n2C(=O)CC4)CNCC3)N1CCOCC1,CHEMBL23620
DEC_1064,decoy,CC(C)=CCN1C[C@H](OCC23C[C@@H]4[C@H](C)CC[C@H]4C4(C=O)CC2C=C(C(C)C)[C@@]34C(=O)O)OC[C@H]1C,CHEMBL286023
DEC_1484,decoy,O=C(O)C(CCCCn1cnc2c1NC=NCC2O)(Cc1cccc(C(F)(F)F)c1)C(=O)O,CHEMBL37273
DEC_2679,decoy,O=C(N[C@H]1c2ccccc2C[C@H]1O)[C@H](Cc1ccccc1)C[C@H](O)CN1C(=O)C2(CCOCC2)C[C@@H]1Cc1ccccc1,CHEMBL333821
DEC_2186,decoy,CCCCCc1nc2c([nH]1)N1C(=N[C@@H]3CCC[C@@H]31)N(C)C2=O,CHEMBL19046
DEC_0288,decoy,OC(CCN1CCN(CCOC(c2ccccc2)c2ccccc2)CC1)c1ccco1,CHEMBL31571
DEC_3303,decoy,CCCCc1nc2c(n1Cc1ccc(-c3ccccc3-c3nn[nH]n3)cc1)C(=O)CCCC2,CHEMBL40340
DEC_4613,decoy,CC(C)(C)c1ccc(N/N=C(\N=N\c2nnnn2-c2ccccc2)c2ccccc2)cc1,CHEMBL23069
DEC_1271,decoy,CSc1nc(N2CCN(CCCCN3C(=O)c4ccccc4C3=O)CC2)ncc1F,CHEMBL37819
DEC_2552,decoy,CCCNS(=O)(=O)Oc1cc(C(C)(C)C)c(SC2=C(O)OC(CCc3ccc(O)cc3)(C(C)C)CC2=O)cc1C,CHEMBL70444
DEC_4097,decoy,Cc1cc(C)cc(-c2c(O)nc3cc(Cl)c(C(=O)Nc4ccncn4)cc3c2OCC[C@@H]2CCC[C@H](C)N2)c1,CHEMBL295948
DEC_4167,decoy,N#CN/C(=N\C(Cn1ccnc1)c1ccc(Cl)cc1Cl)Nc1ccccc1Cl,CHEMBL8473
DEC_2349,decoy,C=C(c1c(C)ccc(C)c1OCC(O)CNC(C)(C)C)n1ccnc1,CHEMBL15516
DEC_2681,decoy,CC1(C)C2CC1[C@]1(C)OB([C@H](CCCN=C(N)N)NC(=O)c3cccc(-c4cccc(NS(C)(=O)=O)c4)c3)O[C@@H]1C2,CHEMBL43140
DEC_1286,decoy,CCn1c(=O)c2nc(/C=C/c3cc(OC)c(OC)c(OC)c3)[nH]c2n(CC)c1=O,CHEMBL280839
DEC_1575,decoy,O=S(=O)(c1nc(-c2ccccc2)c(-c2ccccc2)[nH]1)C(F)(F)CF,CHEMBL277274
DEC_1487,decoy,O=C(O[C@@H]1C[C@](OCCCc2ccc(Cl)cc2)(C(=O)O)C[C@@H](O)[C@H]1O)C1CCCCC1,CHEMBL32328
DEC_3835,decoy,CCOC(=O)N[C@@H](c1ccccc1)[C@@H](O)C(=O)OC1CC2C(C)(C)C1(C)[C@@]13C[C@H](C)c4ccccc4[C@@]21O3,CHEMBL431305
DEC_1428,decoy,Cc1c(-c2ccc3c(c2)OC(F)(F)O3)c(=O)n(CCN(C)CCc2ccccn2)c(=O)n1Cc1c(F)cccc1F,CHEMBL23737
DEC_1391,decoy,CCCC(=O)O.C[C@@H]1CN(C(=O)N2Cc3c(C(=O)OC(C)(C)C)ncn3-c3ccc(Cl)cc32)C[C@H](C)N1,CHEMBL276144
DEC_0551,decoy,O=C1NCc2c1c1c3ccccc3n3c1c1c2c2ccccc2n1CN(CCO)C3,CHEMBL26817
DEC_2398,decoy,C[C@@H](O)[C@H]1C(=O)N2C(C(=O)O)=C(S[C@@H]3CN[C@H](COc4ccccc4)C3)[C@H](C)[C@H]12,CHEMBL14454
DEC_2042,decoy,[N-]=[N+]=NC1CCC(N=[N+]=[N-])c2cc(C(=O)CC(=O)C(=O)O)ccc21,CHEMBL278545
DEC_3126,decoy,COCN1CN(c2ccccc2)C2(CCN(C3CCc4cccc(Cl)c4C3)CC2)C1=O,CHEMBL283432
DEC_4703,decoy,NS(=O)(=O)c1ccc2oc3ccc(C(=O)O)cc3c(=O)c2c1,CHEMBL23645
DEC_1694,decoy,CC1(C)N=C(N)N=C(N)N1c1cccc(CNc2ccc(S(N)(=O)=O)cc2)c1,CHEMBL21258
DEC_2799,decoy,Cn1c(=O)ccc2cc(COc3cccc(C4(CO)CCOCC4)c3)ccc21,CHEMBL20448
DEC_0915,decoy,CN(C)C(=O)n1cc(C(=O)c2ccn3c2CS[C@@H]3c2cccnc2)c2ccc(-c3ccc(C[C@H](N)C(=O)O)cc3)cc21,CHEMBL330219
DEC_4246,decoy,Cc1nn(CCCN2CCN(c3cccc(Cl)c3)CC2)c(=O)c2noc(C)c12,CHEMBL9759
DEC_0607,decoy,CN(C)P1(N(C)C)=NP(N(C)C)(N(C)C)=NP(N2CC2)(N2CC2)=N1,CHEMBL27881
DEC_2547,decoy,CCCNC1CCc2cccc(OS(=O)(=O)C(F)(F)F)c2C1,CHEMBL28313
DEC_4206,decoy,CCCn1c(=O)c2nc(-c3ccc(/C=C/C(=O)Nc4ccccc4C(C)=O)cc3)[nH]c2n(CCC)c1=O,CHEMBL17202
DEC_0246,decoy,CCOC(=O)c1cnc2ccc(C3(CCC(=O)CCc4ccoc4)CCC(=O)NC3=O)cc2c1O,CHEMBL278810
DEC_2826,decoy,N[C@H](Cc1cc(I)c(OCCc2ccc(O)cc2)c(I)c1)C(=O)O,CHEMBL15449
DEC_1307,decoy,CC(=O)Nc1cc2c(c(N3CCCCC3)c1[N+](=O)[O-])C[C@H](O)C(C)(C)O2,CHEMBL276142
DEC_0324,decoy,COC1=C2C[C@@H](C)C[C@H](OC)[C@H](O)[C@@H](C)/C=C(\C)[C@H](OC(N)=O)[C@@H](OC)/C=C\C=C(/C)C(=O)NC(=C(Br)C1=O)C2=O,CHEMBL332984
DEC_1746,decoy,CNCc1ccccc1Sc1ccc(Br)cc1N,CHEMBL23033
DEC_0154,decoy,O=[N+]([O-])c1ccc(N(CCBr)CCBr)cc1,CHEMBL283774
DEC_4549,decoy,CCCCCCC[C@H]1OC(=O)C[C@H](O)[C@H](Cc2ccccc2)N(C)C(=O)[C@H](C(C)C)OC(=O)[C@H]1C,CHEMBL290432
DEC_1954,decoy,C=C1/C=C(\C)[C@H](CC)OC(=O)[C@H](C)C(=O)[C@@](O)(CO)C/C(OCC(F)(F)F)=C/[C@@H](C)C1,CHEMBL32487
DEC_1849,decoy,CC1(C)CCC(C)(C)C1OC(=O)[C@H](NC(=O)[C@@H](N)CC(=O)O)c1ccccc1,CHEMBL275018
DEC_4466,decoy,CC(=O)c1cc(C)cc(C)c1NC(=O)c1sccc1S(=O)(=O)Nc1onc(C)c1Cl,CHEMBL19950
DEC_1217,decoy,Nc1nc2cc(Cl)c(Cl)cc2n1CCCOCCCn1c(N)nc2cc(Cl)c(Cl)cc21,CHEMBL296934
DEC_0672,decoy,Nc1nc(N)c2nc(CNc3ccc(C(=O)NC(CCS(=O)(=O)O)C(=O)O)cc3)cnc2n1,CHEMBL281936
DEC_2570,decoy,O=S(=O)(Nc1ccc(CCNC[C@H](O)c2cccnc2)cc1)c1ccc(-c2noc(Cc3ccc(F)c(F)c3)n2)cc1,CHEMBL285001
DEC_2242,decoy,CC1(C)N=C(N)N=C(N)N1c1cccc(COc2cccc(C#N)c2)c1,CHEMBL283740
DEC_1743,decoy,CCC(C)(C)/N=c1\c(O)c(O)\c1=N/Cc1c(C)cccc1Cl,CHEMBL20062
DEC_0069,decoy,N#C/C(=C\c1ccccc1OCCN1CCOCC1)c1noc2ccc(O)cc12,CHEMBL279976
DEC_3632,decoy,CCSc1ccc(S(N)(=O)=O)cc1C(=O)NCC1CN(Cc2ccccc2)CCO1,CHEMBL30306
DEC_3641,decoy,COc1cc(-c2csc(-n3ncc(C(=O)NCCCO)c3C)n2)cc(OC)c1OC,CHEMBL9343
DEC_2278,decoy,CN1CCc2cc(Cl)c(O)cc2C(c2ccc(I)cc2)C1,CHEMBL34170
DEC_1796,decoy,CC(C)C(c1cccc(NS(=O)(=O)c2cn(C)cn2)c1)c1c(O)c2c(oc1=O)CCCCCC2,CHEMBL16856
DEC_1475,decoy,O=C(/C=C/c1cccc(OCc2ccc3ccccc3n2)c1)c1cc(-c2nn[nH]n2)ccc1O,CHEMBL11533
DEC_1977,decoy,Fc1ccc(CCN2CCN(c3[nH]cnc4c5c(Cl)cccc5nc3-4)CC2)cc1F,CHEMBL28584
DEC_2334,decoy,CCCCc1nc(Cl)c(CC(=O)O)n1Cc1ccc(C(=O)O)cc1,CHEMBL25686
DEC_3755,decoy,CCCCN1CCN(c2cc3c(cc2F)c(=O)c(C(=O)O)cn3-c2ccc(F)cc2)CC1,CHEMBL41596
DEC_3554,decoy,O=C(O)c1cn(C2CC2)c2c(Cl)c(N3CCNCC3)c(F)cc2c1=O,CHEMBL278036
DEC_4147,decoy,Cc1cc(-c2c(F)cc3c(=O)c(Cc4cccc(O)c4O)cn(C4CC4)c3c2F)cc(C)n1,CHEMBL7690
DEC_0215,decoy,CCc1c2c(nc3cnc(CCCN(C)C)cc13)-c1cc3c(c(=O)n1C2)COC(=O)[C@]3(O)CC,CHEMBL275538
DEC_1076,decoy,Oc1ccc2c3c1OC1[C@H]4OC[C@@]4(CCCc4ccccc4)CC4C(C2)N(CC2CCC2)CCC341,CHEMBL9743
DEC_4067,decoy,Cc1c(Sc2cccc(Cl)c2)n(COCCO)c(=O)[nH]c1=O,CHEMBL418726
DEC_0134,decoy,CC(C)c1cc(/C=C2\SC(N=C(N)N)=NC2=O)cc(C(C)C)c1O,CHEMBL16251
DEC_0055,decoy,CCCCc1nc(CCCC)n(Cc2ccc(-n3cccc3-c3nn[nH]n3)cc2)n1,CHEMBL12810
DEC_3395,decoy,CCCCc1nn(CC)c(C(=O)O)c1Cc1ccc(-c2ccccc2-c2nn[nH]n2)cc1,CHEMBL431887
DEC_1792,decoy,C#CCN(Cc1cc2c(O)nc(C)nc2cc1C)c1ccc(C(=O)NCc2cccc([N+](=O)[O-])c2)c(F)c1,CHEMBL268453
DEC_1172,decoy,O=C(O)c1ccc2oc3ccc(S(=O)(=O)N4CCCC4)cc3c(=O)c2c1,CHEMBL23892
DEC_0204,decoy,N#C/C(=C(/N)Sc1ccccc1N)c1cccc(C(O)c2ccc([N+](=O)[O-])cc2[N+](=O)[O-])c1,CHEMBL34184
DEC_3287,decoy,O=C(O)COc1cccc2c1CCC(CC1=NC(C(c3ccccc3)c3ccccc3)=NC1)C2,CHEMBL276416
DEC_1342,decoy,O=C(c1ccccc1F)C(O)(Cn1cncn1)c1ccc(Cl)cc1Cl,CHEMBL276900
DEC_0131,decoy,CONC1=NC(=O)/C(=C/c2cc(C(C)(C)C)c(O)c(C(C)(C)C)c2)O1,CHEMBL277124
DEC_4343,decoy,CCCc1c(OCCCSc2ccc(C(=O)CCC(=O)O)cc2)ccc(C(C)=O)c1O,CHEMBL434774
DEC_1026,decoy,C=C(C)CCN(C1=NCCN1)c1c(Br)cccc1Br,CHEMBL20490
DEC_1141,decoy,CNc1cccc(CN2C(=O)N(Cc3cccc(NC)c3)[C@H](Cc3ccccc3)[C@H](O)[C@H]2CCc2ccccc2)c1,CHEMBL285282
DEC_2487,decoy,CC(=O)N1[C@H](CC23CC4CC(CC(C4)C2)C3)C(=O)N(Cc2ccccc2)c2ccccc2C(=O)C[C@H]1C(=O)N[C@H](C)C(=O)O,CHEMBL118096
DEC_3968,decoy,COc1ccc(CCNCC(O)COc2ccc(-c3nc(C(N)=O)c[nH]3)cc2)cc1OC,CHEMBL11427
DEC_4267,decoy,CN(C)CCc1nnc2n1-c1ccc(Br)cc1C(c1ccccc1)=NC2,CHEMBL278247
DEC_0180,decoy,CC(C)COc1ccccc1C(c1ccns1)N1CCN(C)CC1,CHEMBL277852
DEC_1702,decoy,CCCCCc1cc(O)c2c(c1)OC(C)(C)[C@@H]1C[C@H](O)[C@H](C)CC21,CHEMBL10681
DEC_0519,decoy,C=CC(=O)N[C@@H]1CCC2(O)C3Cc4ccc(O)c5c4C2(CCN3CC2CC2)[C@H]1O5,CHEMBL21879
DEC_1195,decoy,CC(C)n1cc(C(=O)O)c(=O)c2c(F)c(F)c(N3CCN(C)CC3)c(F)c21,CHEMBL25531
DEC_4773,decoy,CCCCOc1cc(Cc2cnc(N)nc2N)ccc1OCc1cc(OC)c(OC)c(OC)c1,CHEMBL416373
DEC_4436,decoy,CCCSC1=NS(=O)(=O)c2cc(C)cnc2N1Cc1ccc(-c2ccccc2-c2nn[nH]n2)cc1,CHEMBL13813
DEC_2459,decoy,Cc1cn(C2CC(F)C(COP(=O)(OCC(Cl)(Cl)Cl)OCC(Cl)(Cl)Cl)O2)c(=O)[nH]c1=O,CHEMBL83460
DEC_4327,decoy,O=C1NC(=O)C(Cc2ccc3c(c2)CC[C@H](Cc2ccccc2)O3)S1,CHEMBL17669
DEC_2534,decoy,CCc1cccc(OCc2cccc(N3C(N)=NC(N)=NC3(C)C)c2)c1,CHEMBL282932
DEC_3449,decoy,Cc1nccn1N[C@H]1c2cc(S(=O)(=O)N3CCCCC3)ccc2OC(C)(C)[C@@H]1O,CHEMBL11183
DEC_2690,decoy,COc1cc(OC)c(C(=O)CCCCN2CCC3(CC2)NC(=O)NC3=O)cc1NS(=O)(=O)c1ccc(C(C)C)cc1,CHEMBL91454
DEC_1739,decoy,Cc1cc(N)c(C[S+]([O-])c2nc3ccccc3[nH]2)c(C)c1C,CHEMBL280124
DEC_3636,decoy,O=C(O)C(CCCCn1cnc2c1NC=NCC2O)(Cc1ccc(C(F)(F)F)cc1)C(=O)O,CHEMBL289398
DEC_3909,decoy,NC(=O)c1cc([N+](=O)[O-])cc([N+](=O)[O-])c1N(CCI)CCI,CHEMBL23065
DEC_2210,decoy,CC[C@]1(c2cccc(N=C=S)c2)OC[C@H]([C@@H]2CCCCN2)O1,CHEMBL282383
DEC_3218,decoy,CCCc1cc(=O)oc2c3c(c4c(c12)OC(C)(C)C=C4)OC[C@H](C)[C@@H]3O,CHEMBL266091
DEC_1801,decoy,CCCCn1c(=O)[nH]c2[nH]c(-c3ccc(S(=O)(=O)O)cc3)nc2c1=O,CHEMBL268617
DEC_1924,decoy,CCN1C(=O)c2c(nc(OC)n2Cc2ccc(OC)c(Br)c2)N2C1=N[C@@H]1CCC[C@@H]12,CHEMBL26775
DEC_2473,decoy,CC(=O)N1[C@H](CC23CC4CC(CC(C4)C2)C3)C(=O)N(Cc2cccc(F)c2)c2ccccc2C(=O)C[C@H]1C(=O)NCC(=O)O,CHEMBL117868
DEC_3066,decoy,CCC(O)(c1ccc(F)cc1)C(O)(Cn1cncn1)c1ccc(Cl)cc1,CHEMBL10771
DEC_0626,decoy,COC(=O)C1=C(C)N=C(C)/C(=C(\O)OC)C1c1ccc([N+](=O)[O-])cc1[N+](=O)[O-],CHEMBL26454
DEC_3567,decoy,Cc1cc(OCc2ccc(-c3ccccc3-c3nn[nH]n3)cc2)c(I)c(C)n1,CHEMBL22391
DEC_2585,decoy,CC(C)(O)c1ccc(CN2C(=O)N(Cc3ccc(C(C)(C)O)cc3)[C@H](Cc3ccccc3)[C@H](O)[C@@H](O)[C@H]2Cc2ccccc2)cc1,CHEMBL103013
DEC_3010,decoy,O=C(O)C(=O)CC(=O)c1ccc(-c2ccc(SCC3(O)COc4ccccc4OC3)cc2)cc1,CHEMBL18295
DEC_4721,decoy,O=[N+]([O-])c1ccc(CS(=O)(=O)OCCCl)cc1,CHEMBL16924
DEC_0527,decoy,C=C1/C=C(\C)[C@H](CC)OC(=O)[C@@H](C)C(=O)[C@@](O)(CO)C/C(OC)=C/[C@@H](C)C1,CHEMBL431117
DEC_2368,decoy,CN(C)CCNCc1nn2c3cccc(O)c3c(=O)c3c(NCCN(C)C)ccc1c32,CHEMBL266329
DEC_0611,decoy,[N-]=[N+]=NC1C(N)C(OCc2ccccc2)OC(CO)C1OCc1ccccc1,CHEMBL16982
DEC_0709,decoy,O=[N+]([O-])c1ccc(Cn2c3c(c4ccccc42)C[C@@]2(O)[C@H]4Cc5ccc(O)c6c5[C@@]2(CCN4CC2CC2)[C@H]3O6)cc1,CHEMBL291679
DEC_0949,decoy,O=C(O)Cn1ccc2cc(C(=O)N3CCC4(CC3)CCN(c3ccncc3)C4)ccc21,CHEMBL417800
DEC_0500,decoy,CC(C)(c1ccccc1)C(O)/C=C/[C@H]1CCC(=O)N1CCCCCCC(=O)O,CHEMBL278451
DEC_0322,decoy,CC[C@H]1OC(=O)CC(O)[C@H](C)[C@@H](O[C@@H]2O[C@H](C)C[C@H](N(C)C)[C@H]2O)[C@@H](CCN2CCCC2)C[C@@H](C)C(=O)/C=C/[C@]2(C)O[C@H]2[C@@H]1C,CHEMBL273473
DEC_3479,decoy,O=C(O)CCc1cn2c3c(nc(O)c2n1)-c1cccc(CC(=O)O)c1C3,CHEMBL281030
DEC_3436,decoy,CN(C)C/C=C/C(=O)Nc1cc2c(Nc3cccc(Br)c3)c(C#N)cnc2cn1,CHEMBL31276
DEC_2544,decoy,O=c1oc2ncccc2n1CCCCN1CCN(c2ccccc2)CC1,CHEMBL23577
DEC_2880,decoy,Cc1nc(COc2ccc3c(c2)[C@@H](O)[C@@H](Cc2cccnc2)CO3)ccc1Br,CHEMBL31325
DEC_1339,decoy,COc1cc2c(cc1OC)C(C)=[N+]([O-])C(c1cc3c(cc1[N+](=O)[O-])OCO3)N2,CHEMBL285607
DEC_1332,decoy,CN1CCC(O)(c2nc(-c3ccc(F)cc3)c(-c3ccncc3)s2)CC1,CHEMBL280524
DEC_3080,decoy,CC[C@H](c1ccc(O)cc1)[C@@H](CBr)c1ccc(O)cc1,CHEMBL24212
DEC_4572,decoy,Cc1oc(-c2ccc(C(F)(F)F)cc2)nc1COc1cccc(C2CC2Cn2oc(=O)[nH]c2=O)c1,CHEMBL6819
DEC_1989,decoy,CN(C)CCCn1cc(C2=C(c3cn(C)c4ccccc34)C(=O)NC2=O)c2ccccc21,CHEMBL268769
DEC_3356,decoy,CCN1C(=O)c2[nH]c(Cc3ccccc3)nc2N2C[C@@H](Cc3ccccc3)N=C12,CHEMBL283562
DEC_0368,decoy,O=C(Cc1ccccc1[N+](=O)[O-])NCCNCC(O)COc1ccccc1,CHEMBL286681
DEC_4254,decoy,O=S(=O)(CS(=O)(=O)C(F)(F)F)c1ccc(OC(F)(F)C(F)F)cc1,CHEMBL441906
DEC_1991,decoy,Cl.O=C(C1CCCN1)N1CCCC1P(=O)(OCC(F)(F)F)OCC(F)(F)F,CHEMBL276884
DEC_0213,decoy,CC(C)NCC1CCc2cc(/C=N/NS(=O)(=O)c3ccc([N+](=O)[O-])cc3)c([N+](=O)[O-])cc2N1,CHEMBL297036
DEC_0589,decoy,C/C=C/CN(C1=NCCN1)c1c(Br)cccc1Br,CHEMBL20588
DEC_3092,decoy,O=[N+]([O-])c1ccc(S(=O)(=O)Nc2cccc3cc(Cl)[nH]c23)cc1,CHEMBL21207
DEC_1265,decoy,COc1cccc2c1OP(=O)(OCC1C=CC(n3cc(C)c(=O)[nH]c3=O)O1)OC2,CHEMBL33528
DEC_3393,decoy,COc1ccccc1C(OCC(O)CN1C(C)CCCC1C)c1ccccc1OC,CHEMBL280451
DEC_4323,decoy,O=C1CC2(CCCC2)CC(=O)N1CCCCNC[C@@H]1COc2ccccc2O1,CHEMBL12124
DEC_3478,decoy,CC1=C(C(=O)O)N2C(=O)C(NC(=O)CCON=C3CCCC3)C2SC1,CHEMBL32296
DEC_1171,decoy,CC[C@@]1(O)C(=O)OCc2c1cc1n(c2=O)Cc2cc3c(CN(C)C)cccc3nc2-1,CHEMBL10391
DEC_3645,decoy,Cc1nn(C)c2ncc(C(=O)NO)c(N(C)S(=O)(=O)c3ccc(Oc4ccncc4)cc3)c12,CHEMBL38180
DEC_0223,decoy,Nc1nc2c(cnn2CCc2ccccc2)c2nc(-c3ccc(CN4CCOCC4)o3)nn12,CHEMBL278331
DEC_2047,decoy,c1ccc(Cc2ccc(OCCn3ccc4ncnc-4c3)cc2)cc1,CHEMBL14814
DEC_3941,decoy,CCN(CC)CCOC(=O)C(C)(c1ccc(OC(=O)N(C)C)cc1)c1ccc(OC(=O)N(C)C)cc1,CHEMBL290912
DEC_2313,decoy,O=S(=O)(c1ccccc1)c1cccc(OCCNc2ccncc2)c1,CHEMBL25246
DEC_1685,decoy,NCCc1c[nH]cn1.N[C@H](COCc1ccc(Br)cc1)Cc1c[nH]cn1,CHEMBL280256
DEC_0897,decoy,CCNS(=O)(=O)Oc1cc(C(C)(C)C)c(SC2=C(O)OC(CCc3ccc(O)cc3)(C(C)C)CC2=O)cc1C,CHEMBL70986
DEC_0334,decoy,CCOC(=O)N[C@@H](c1ccsc1)[C@@H](O)C(=O)OC1CC2C(C)(C)C1(C)[C@@]13C[C@](O)(COC(C)=O)c4ccccc4[C@@]21O3,CHEMBL287103
DEC_1689,decoy,NP(=O)([O-])Nc1ccc(Nc2c3ccccc3nc3ccccc23)cc1.[Na+],CHEMBL21074
DEC_3935,decoy,C[C@@H](n1cnc2cc(S(=O)(=O)c3ccccc3)ccc2c1=O)[C@](O)(Cn1cncn1)c1ccc(F)cc1F,CHEMBL57025
DEC_3399,decoy,CCN(CC)CCn1nc2c3c(c(CNC(=O)OC)ccc31)Sc1ccccc1-2,CHEMBL27542
DEC_2725,decoy,c1ccc2c(c1)Oc1ccccc1C2NCc1ccncc1,CHEMBL417460
DEC_1785,decoy,CC1(C)C2CC[C@@]1(CS(=O)(=O)N1CCC3(CCc4ccccc43)CC1)[C@@H](N1C(=O)C=CC1=O)C2,CHEMBL20205
DEC_2432,decoy,COc1ccc2c3c1OC1[C@H](O)[C@](CO)(CCc4ccccc4)CC4C(C2)N(C)CCC341,CHEMBL9667
DEC_0604,decoy,CN(C)P1(N(C)C)=NP(N(C)C)(N(C)C)=NP(N(C)C)(N2CC2)=N1,CHEMBL28369
DEC_1231,decoy,CCCCCCC[C@H]1OC(=O)C[C@@H](OCOC)[C@H](Cc2ccccc2)N(C)C(=O)[C@H](C)OC(=O)[C@H]1C,CHEMBL39969
ACT_086,active,COc1ccc([C@@H]2CNC(=O)[C@H]2NC(=O)Nc2ccc(F)cc2)cc1F,CHEMBL4751168
DEC_1560,decoy,O=S(=O)(Nc1cccc(OCc2csc3ccccc23)c1)C(F)(F)F,CHEMBL17947
DEC_3569,decoy,CCCc1nc2c(n1Cc1ccc(-c3ccccc3-c3nn[nH]n3)cc1)CCCC/C2=C\C(=O)O,CHEMBL46628
DEC_3176,decoy,Cn1cncc1C(NN1CCC(C#N)=C(c2cccc3ccccc23)C1)c1ccc(C#N)cc1,CHEMBL280847
DEC_1611,decoy,C[C@@]12CCc3occc3C1CC[C@@]13CC(CCC12)C(O)(CO)C3,CHEMBL31819
DEC_2523,decoy,COc1ccc(SCc2cnc3nc(N)nc(N)c3c2C)cc1,CHEMBL23911
DEC_4132,decoy,CC1(C)[C@H](/C=C/C=C2C[C@@H](O)C[C@H](O)C2)CC[C@]1(C)CC#CC(O)(C(F)(F)F)C(F)(F)F,CHEMBL416797
DEC_1557,decoy,CC(=O)/C(=N\O)c1ccc(Sc2cc(F)cc(C3CCOCC3)c2)cc1,CHEMBL283476
DEC_2249,decoy,Nc1nc2cc(Cl)c(Cl)cc2n1Cc1ccc([N+](=O)[O-])cc1,CHEMBL22262
DEC_1659,decoy,CC[C@@]1(O)C(=O)OCc2c1cc1n(c2=O)Cc2cc3c(CNC4CC4)c(O)ccc3nc2-1,CHEMBL273949
DEC_2259,decoy,CC12CCC3C(C(Cc4ccc(N)cc4)=CC4=CC(=O)CCC43C)C1CCC2=O,CHEMBL9478
DEC_4033,decoy,C=C[C@]1(CO)CC2C3Cc4ccc(OC)c5c4C2(CCN3C)C(O5)[C@@H]1O,CHEMBL10178
DEC_0219,decoy,C=CCN1C[C@H](OCC23C[C@@H]4[C@H](C)CC[C@H]4C4(C=O)CC2C=C(C(C)C)[C@@]34C(=O)O)OC[C@H]1C,CHEMBL287434
DEC_1784,decoy,CC(C)COc1nc2ccc(C(C)O)cn2c(=O)c1Cc1ccc(-c2ccccc2-c2nn[nH]n2)cc1,CHEMBL54699
DEC_4483,decoy,O=C(NCCCOc1ccc2nc(O)ccc2c1)N(C1CC1)[C@@H]1CCC[C@H]1O,CHEMBL286919
DEC_1687,decoy,CC(C)[C@H](NC(=O)CN1C(=O)N[C@H](C(C)C)C1=O)C(=O)c1nnc(C(C)(C)C)o1,CHEMBL23643
DEC_0074,decoy,c1ccc(Cc2nn[nH]n2)c(COc2ccc(OCc3ccc4ccccc4n3)cc2)c1,CHEMBL18518
DEC_2940,decoy,COc1cccc([C@@H]2C/C(=N\NC(=O)C(=O)NC(C)c3ccccc3)c3ccccc3N2)c1,CHEMBL16198
DEC_1527,decoy,CC1(C)C2CCC1(CS(=O)(=O)N1CCC3(CCc4ccccc43)CC1)C(NC(=O)[C@H]1CCCNC1)C2,CHEMBL23890
DEC_4427,decoy,CC12CCC(C1)C(C)(C)C2OC(=O)[C@H](NC(=O)[C@@H](N)CC(=O)O)c1ccc(O)cc1,CHEMBL9799
DEC_4693,decoy,O=C(O)c1cc(O)c2c([N+](=O)[O-])cc([N+](=O)[O-])cc2n1,CHEMBL22640
DEC_2637,decoy,COc1cc([C@@H]2c3[nH]c4c(ccc5ccccc54)c3C[C@H]3COC(=O)N32)cc(OC)c1O,CHEMBL275992
DEC_2189,decoy,C=CCN1CC[C@]23c4c5ccc(O)c4O[C@H]2C(=O)CC[C@@]3(OC)C1C5,CHEMBL277122
DEC_1950,decoy,CO[C@]12C=CC3(CC14CCC[C@H]4O)C1Cc4ccc(O)c5c4C3(CCN1CC1CC1)[C@@H]2O5,CHEMBL281986
DEC_3626,decoy,CCc1cc(C(C)=O)c(O)cc1OCc1nccc(C(=O)Nc2nc(CC(=O)O)cs2)n1,CHEMBL287077
DEC_4105,decoy,O=C1NC(=S)S/C1=C\c1ccc(COc2ccc(C(=O)c3ccccc3)c(O)c2Cc2ccccc2)cc1,CHEMBL68617
DEC_2082,decoy,Cn1cncc1C(N)(c1ccc(Cl)cc1)c1ccc2c(c1)c(-c1cccc(Cl)c1)nc(=O)n2C,CHEMBL40088
DEC_4363,decoy,CC(C)c1cccc(C(C)C)c1NC(=O)NS(=O)(=O)N(CCCN(C)C)CCCN(C)C,CHEMBL282718
DEC_0430,decoy,O=C1NC(=O)c2c1c1c3ccccc3cnc1c1[nH]c3c(CCO)cccc3c21,CHEMBL278794
DEC_3590,decoy,Cc1oc(-c2ccc(C(F)(F)F)cc2)nc1COc1cccc(C#CC(C)n2oc(=O)[nH]c2=O)c1,CHEMBL266574
DEC_4748,decoy,O=C(O)CCCCCCCOc1ccc(NC(=O)c2c(O)nc3cccc([N+](=O)[O-])c3c2O)cc1,CHEMBL10543
DEC_4607,decoy,CCN(c1nc(C)cc(-c2ccccc2C#N)n1)c1ccc(C(C)C)cc1Br,CHEMBL266617
DEC_1938,decoy,CC1CCN(CC[C@@H](C)N(C)S(=O)(=O)c2ccc(Br)c(Br)c2)CC1,CHEMBL12771
DEC_3184,decoy,CCCc1cc(OCc2cccnc2)cc(=O)n1Cc1ccc(-c2ccccc2-c2nn[nH]n2)cc1,CHEMBL25049
DEC_0392,decoy,C/N=C(\NC#N)NCCSCCCn1nc(-c2ccccc2)ccc1=O,CHEMBL15447
DEC_3528,decoy,CN(C)CCNc1cc(-c2ccc(N3CCN(C)CC3)cc2)nc2ccccc12,CHEMBL280148
DEC_1086,decoy,Oc1ccc2c3c1OC1[C@H]4OC[C@@]4(CCCc4ccccc4)CC4C(C2)N(CC2CC2)CCC341,CHEMBL441761
DEC_0947,decoy,O=C1NCN(c2ccccc2)C12CCN(C1CCc3c(Cl)cccc3C1)CC2,CHEMBL27699
DEC_3031,decoy,COc1cccc2c1CC[C@H]1CN(CCn3c(=O)[nH]c4c(sc5cncnc54)c3=O)C[C@@H]21,CHEMBL40896
DEC_4199,decoy,N#Cc1cccc(Cc2cc(CCC(=O)O)c3c(c2)CC(NS(=O)(=O)c2ccc(Cl)cc2)CC3)c1,CHEMBL280602
DEC_3539,decoy,NS(=O)(=O)c1ccc(-n2nc(CO)cc2-c2ccc(Cl)cc2)cc1,CHEMBL282838
DEC_0766,decoy,CSc1sc(C(=N)N)cc1-c1nc(-c2cnccc2Cl)cs1,CHEMBL28723
DEC_1135,decoy,O=C1N(Cc2cccc(O)c2)[C@H]([C@@H](F)Cc2ccccc2)[C@@H](O)[C@@H](Cc2ccccc2)N1Cc1cccc(O)c1,CHEMBL37313
DEC_4746,decoy,CCCc1c(OCCCS(=O)(=O)c2ccc(C(=O)CCC(=O)O)cc2)ccc(C(C)=O)c1O,CHEMBL282253
ACT_032,active,COC(=O)c1cccc(-n2c(=O)c(NC(=O)c3ccc(OC(F)F)cc3)c(-c3c(F)cc(OC)cc3F)n2C)c1,CHEMBL5560412
DEC_0125,decoy,Cc1cc(Cl)cc(Cl)c1C/N=c1\c(O)c(O)\c1=N/C(C)(C)C,CHEMBL19446
DEC_2355,decoy,CC(=O)/C=C/C(=O)N[C@@H]1CCC2(O)C3Cc4ccc(O)c5c4C2(CCN3CC2CC2)C1O5,CHEMBL26883
DEC_1519,decoy,O=C(O)Cn1c(=O)c(=O)[nH]c2cc(C(F)(F)F)c(-n3ccc(/C=N/OCc4ccccc4)c3)cc21,CHEMBL12776
DEC_0804,decoy,Brc1cccc(Nc2nc(NCCN3CCCC3)c3ccccc3n2)c1,CHEMBL32899
DEC_0087,decoy,OC1CCCC1CN1CCN(CCOC(c2ccc(F)cc2)c2ccc(F)cc2)CC1,CHEMBL28133
DEC_1164,decoy,CCC1(O)C(=O)OCc2c1cc1n(c2=O)Cc2c-1nc1ccc(CC#N)cc1c2C,CHEMBL10611
DEC_4439,decoy,O=c1cc(-c2nn[nH]n2)oc2cc(OCc3cccc(OCc4ccc5ccccc5n4)c3)ccc12,CHEMBL32426
DEC_2059,decoy,CCC(c1ccc(O)cc1)C(CC)c1cc(I)c(O)c(I)c1,CHEMBL6664
DEC_4586,decoy,CCC(C)NCc1ccc2n1-c1ccccc1SC2C1=CCC(OC)(OC)C=C1,CHEMBL24998
DEC_2330,decoy,O=C(O)CCCCCCN1C(=O)CC[C@@H]1/C=C/C(O)C1CCCCC1,CHEMBL14530
DEC_4562,decoy,CCC(C)C(NC(=O)OC(C)(C)C)C(=O)N1CCN(CCNc2ccnc3cc(Cl)ccc23)CC1,CHEMBL281281
DEC_2678,decoy,CN(CC(=O)N[C@@H](CCCCN)C(=O)C(=O)NCc1ccccn1)C(=O)c1ccccc1Sc1ccccc1C#N,CHEMBL278612
DEC_1061,decoy,CC(C)C1=CC2CC3(C=O)[C@@H]4CC[C@@H](C)[C@H]4CC2(CO[C@H]2C[C@H]4[C@H](OC[C@H]4C)[C@@H](C)O2)C13C(=O)O,CHEMBL439303
DEC_0355,decoy,CN(CCCCC/C=C(\NC(=O)C1CC1(C)C)C(=O)O)CC(=O)O,CHEMBL11971
DEC_1661,decoy,Cc1c(C(=O)N(C)CCC(=O)O)s/c(=N\C(=O)c2ccc(C(=N)N)cc2)n1C,CHEMBL268859
DEC_4070,decoy,CCn1cc(C(=O)O)c(=O)c2c(C)c(F)c(N3CCC(N)C3)c(F)c21,CHEMBL275898
DEC_0367,decoy,CC1(C)CC1C(=O)N/C(=C\CCCCCNC1=NCCN1)C(=O)O,CHEMBL12030
DEC_1999,decoy,CCCc1cc([S+](C)[O-])cc(=O)n1Cc1ccc(-c2ccccc2-c2nn[nH]n2)cc1,CHEMBL281778
DEC_2993,decoy,CCNCC1CCN(c2c(F)cc3c(=O)c(C(=O)O)cn(CC4CC4)c3c2F)C1,CHEMBL6225
DEC_0783,decoy,C=C1/C(=C\C=C\[C@H]2CCC[C@H]([C@@H](C)CCCC(C)(C)O)C2(C)C)C[C@@H](O)C[C@@H]1O,CHEMBL284246
DEC_1019,decoy,CC1(C)Oc2ccc(C#N)cc2[C@H](N(Cc2ncc[nH]2)c2ccc(Cl)cc2)[C@H]1O,CHEMBL11594
DEC_1597,decoy,CCCc1cc(Cl)c2oc(Cc3ccc(OCC(=O)O)cc3)c(C)c2c1O,CHEMBL18559
DEC_3910,decoy,COC[C@H]1O[C@@H](OCC23C[C@@H]4[C@H](C)CC[C@H]4C4(C=O)CC2C=C(C(C)C)C34C(=O)O)[C@H]2O[C@H]2[C@@H]1OC,CHEMBL283188
DEC_4212,decoy,CCc1nc2c(N)c(OC3CCN(C(C)=N)CC3)ccc2n1Cc1ccc2ccc(C(=N)N)cc2c1,CHEMBL277204
DEC_4173,decoy,COc1ccc([C@]2(C#N)C[C@H]3C[C@@H](C(=O)NO)C[C@H]3C2)cc1OC1Cc2ccccc2C1,CHEMBL283443
DEC_1637,decoy,CC[C@H]1Nc2cc3nc(O)cc(C(F)(F)F)c3cc2C[C@@H]1C,CHEMBL7455
DEC_2612,decoy,CCC1Nc2ccccc2C(=O)N1Cc1ccc(-c2ccccc2-c2nn[nH]n2)cc1,CHEMBL279602
DEC_1715,decoy,Nc1nc(N)c(-c2ccccc2)c(CCCc2ccccc2)n1,CHEMBL22693
DEC_1015,decoy,CCSc1nc2c(n1Cc1ccc(O)cc1)C(=O)N(CC)C1=N[C@@H]3CCC[C@@H]3N12,CHEMBL282189
DEC_0235,decoy,Cn1cc(C2=C(c3cn(CCC/N=C(\N)N[N+](=O)[O-])c4ccccc34)C(=O)NC2=O)c2ccccc21,CHEMBL6279
DEC_2661,decoy,O=C(CCc1ccc(C(=O)NC[C@H](NC(=O)OCC23CC4CC(CC(C4)C2)C3)C(=O)O)s1)NC1=NCCCN1,CHEMBL60493
DEC_4407,decoy,CCOC(=O)C1=CNC2=C(/C=N/c3ccc(C(=O)O)cc3)CCC(C)N2C1=O,CHEMBL22393
DEC_2431,decoy,Cc1ccc(S(=O)(=O)O)cc1.N/C(=N\O)N/N=C/c1ccc(Cl)c([N+](=O)[O-])c1,CHEMBL13277
DEC_2991,decoy,CC(=N)N1CC[C@H](Oc2ccc(C(Cc3cc4cc(C(=N)N)ccc4o3)C(=O)O)cc2)C1,CHEMBL279077
DEC_4320,decoy,CCOC(=O)c1c(C)cc2cnn(-c3ccc([N+](=O)[O-])cc3)c(=O)c2c1C,CHEMBL26219
DEC_0538,decoy,CN1C[C@H](CN2CC(=O)NC2=O)C[C@@H]2c3cc(C(C)(C)C)cc4[nH]cc(c34)C[C@H]21,CHEMBL275539
DEC_0116,decoy,CC(C)(C)c1cc(-c2nnc(N=C(N)N)s2)cc(C(C)(C)C)c1O,CHEMBL16826
DEC_0248,decoy,CCN(CC)CCn1nc2c3c(c(CNS(C)(=O)=O)ccc31)Sc1ccc(O)cc1-2,CHEMBL30104
DEC_2343,decoy,CC(C)N(CCC1(c2ccccc2)C(=O)NCN2CCCCC21)C(C)C,CHEMBL23367
DEC_4321,decoy,O=C1CC2(CCCC2)CC(=O)N1CCCCNC[C@H]1COc2ccccc2O1,CHEMBL12129
DEC_3082,decoy,CCC(c1ccc(O)cc1)C(CBr)c1ccc(O)cc1,CHEMBL25297
DEC_4286,decoy,N#CCCn1nc(-c2ccc(OCc3ccc([N+](=O)[O-])cc3)cc2)oc1=S,CHEMBL277140
DEC_2856,decoy,Oc1ccc2c3c1OC1[C@H]4OC[C@@]4(CCc4ccccc4)CC4C(C2)N(CC2CC2)CCC341,CHEMBL9905
DEC_1177,decoy,O=C(O)Cc1cccc2c1Cc1c-2nc(O)c2nc(-c3ccccc3C(=O)O)cn12,CHEMBL281658
DEC_1416,decoy,CC(C)C[C@@H]1OC(=O)C(C)(C)CNC(=O)[C@@H](n2cccc2)NC(=O)/C=C/C[C@@H]([C@H](C)[C@H]2O[C@@H]2c2ccccc2)OC1=O,CHEMBL406149
DEC_0545,decoy,CC1(CN)CCN(c2c(F)c(N)c3c(=O)c(C(=O)O)cn(C4CC4)c3c2F)C1,CHEMBL275830
DEC_1297,decoy,c1cc(C2=NCCN2)ccc1OC[C@@H]1C[C@H]1COc1ccc(C2=NCCN2)cc1,CHEMBL25403
DEC_4207,decoy,CC(C)c1cccc(-c2ccc(C[C@H](CC(=O)NO)C(=O)N[C@H]3c4ccccc4C[C@H]3O)cc2)c1,CHEMBL268381
DEC_1620,decoy,C=C1/C(=C\C=C2/CCC[C@@]3(C)C2CC[C@@H]3C(C)=O)CC(O)C[C@@H]1O,CHEMBL24401
DEC_1441,decoy,CC(C)OC(=O)CCC(=O)O[C@]1(C(=O)CCl)[C@@H](C)CC2C3CCC4=CC(=O)C=CC4(C)[C@@]3(F)[C@@H](O)CC21C,CHEMBL311802
DEC_0782,decoy,C=C1/C(=C\C=C\[C@@H]2CCC[C@H]([C@H](C)CCCC(C)(C)O)C2(C)C)C[C@@H](O)C[C@@H]1O,CHEMBL286215
DEC_4476,decoy,CN1CCN([C@H]2CC[C@H](n3nc(-c4ccc(Oc5ccccc5)cc4)c4c(N)ncnc43)CC2)CC1,CHEMBL44577
DEC_3852,decoy,Cc1cc(C(=O)c2ccc(I)cc2)cc(C(=O)Nc2ccc([N+](=O)[O-])cc2Cl)c1O,CHEMBL36241
DEC_3813,decoy,CCCCc1nc2ccc(C(O)C(C)(C)C)cc2c(=O)n1Cc1ccc(-c2ccccc2-c2nn[nH]n2)cc1,CHEMBL415983
DEC_0026,decoy,CCCc1cc(=O)oc2c(C(=O)C(C)C(C)(C)O)c(O)c3c(c12)OC(C)(C)C=C3,CHEMBL266210
DEC_3663,decoy,COC[C@H]1OC(O)=C(C=N)C2=C(O)C(=O)C3=C([C@H](OC(C)=O)C[C@]4(C)C(=O)CC[C@@H]34)[C@]21C,CHEMBL13330
DEC_4166,decoy,CC(C)c1ccc2c(c1CCC(=O)O)CCC(NS(=O)(=O)c1ccc(Cl)cc1)C2,CHEMBL283705
DEC_4593,decoy,O=C(/C=C/c1cccc(/C=C/c2ccc3ccccc3n2)c1)c1cc(-c2nn[nH]n2)ccc1O,CHEMBL12018
DEC_3848,decoy,C=C1C[C@@]23O[C@]2(c2ccccc21)C1CC(OC(=O)[C@H](O)[C@@H](NC(=O)CC(C)(C)C)c2ccccc2)C3(C)C1(C)C,CHEMBL31694
DEC_1542,decoy,CC1CCN(C(=O)N(Cc2ccc(C(=N)NO)cc2)NS(=O)(=O)c2ccc3ccccc3c2)CC1,CHEMBL39911
DEC_2593,decoy,CC(C)=CCCC(C)C(C(=O)NC1CCCCC1)N(Cc1ccc2c(c1)OCO2)C(=O)c1ccc(CP(=O)(O)O)cc1,CHEMBL264748
DEC_2220,decoy,C[C@@H](c1ncncc1F)[C@](O)(Cn1cncn1)c1ccc(F)cc1F,CHEMBL638
DEC_4551,decoy,CCCCc1nc2ccc(C(C)(C)O)cc2c(=O)n1Cc1ccc(-c2ccccc2-c2nn[nH]n2)cc1,CHEMBL14748
DEC_3965,decoy,CCCCOc1c(OC)cc(CN(CCN(CC(=O)O)CC(=O)O)C(=O)O)cc1OC,CHEMBL33071
ACT_026,active,COc1ccc(NC(=O)N[C@H](Cc2c[nH]c3ccccc23)C(=O)NCC2(c3ccccc3)CCCCC2)cc1,CHEMBL3590070
DEC_1338,decoy,CCNCC1CN(c2c(F)cc3c(=O)c(C(=O)O)cn(C4CC4)c3c2F)CCO1,CHEMBL286964
DEC_1292,decoy,O=C1c2ccccc2C(=O)N1CCCCN1CCN(c2ccccc2[N+](=O)[O-])CC1,CHEMBL26189
DEC_3603,decoy,CNc1ccc(C#CC[C@H](NS(=O)(=O)c2ccc3ccccc3c2)C(=O)N(C)C2CCCC2)cc1,CHEMBL415479
DEC_3023,decoy,CN(C(=O)[C@H](CC#Cc1cnc(N)nc1)NS(=O)(=O)c1ccc2ccccc2c1)C1CCCC1,CHEMBL7621
DEC_2779,decoy,O=C1NCN(c2ccccc2)C12CCN([C@@H]1CCCc3ccccc31)CC2,CHEMBL27716
DEC_3866,decoy,CC(C)(C)/N=c1\c(O)c(O)\c1=N/Cc1ccc(C#N)c(Cl)c1,CHEMBL281628
DEC_0639,decoy,CC(/N=c1\c(O)c(O)\c1=N/c1ccc(C#N)cc1)c1ccc([N+](=O)[O-])cc1,CHEMBL18684
DEC_3719,decoy,O=C(c1ccc(Cl)cc1Cl)C(O)(Cn1cncn1)c1ccc(Cl)cc1Cl,CHEMBL10401
DEC_0996,decoy,CCCCC[C@H](O)/C=C/[C@@]1(F)[C@H](O)C[C@H](O)[C@@H]1C/C=C\CCCC(=O)O,CHEMBL10938
DEC_2741,decoy,CCCN(CCC)C1CCc2ccc(O)c(O)c2C1,CHEMBL11564
DEC_2595,decoy,O=C(N[C@H]1c2ccccc2C[C@H]1O)[C@H](Cc1ccccc1)C[C@H](O)CN1C(=O)[C@H](Cc2ccccc2)C[C@@H]1Cc1ccccc1,CHEMBL278174
DEC_2395,decoy,CCN(CC)Cc1ccn(-c2cc3c(cc2C(F)(F)F)[nH]c(=O)c(=O)n3CC(=O)O)c1,CHEMBL274219
DEC_0008,decoy,CC(C)CN(C=O)[C@H]1CCC2C3CC[C@H]4N(C)C(=O)CC[C@]4(C)C3CC[C@@]21C,CHEMBL16690
DEC_2181,decoy,CCCCCCc1nc2c([nH]1)N1C(=N[C@@H]3CCC[C@@H]31)N(C)C2=O,CHEMBL18745
DEC_2533,decoy,Cc1ccc(C(=O)C(O)(Cn2cncn2)c2ccccc2Cl)cc1,CHEMBL275568
DEC_3747,decoy,O=C(O)Cc1nn(Cc2nc3c(Cl)cc(Cl)cc3s2)c(=O)c2ccccc12,CHEMBL20575
DEC_2414,decoy,NCCO.O=C(O)C(=O)Nc1nc(-c2ccc(Sc3ccccc3)cc2)cs1,CHEMBL275884
DEC_2447,decoy,O=C1[C@@H](NS(=O)(=O)c2cc3ccc(Cl)nc3s2)CCN1Cc1cc2cc[nH]cc-2n1,CHEMBL268655
DEC_3253,decoy,O=C(c1ccc(Cl)cc1Cl)C(O)(Cn1cncn1)c1ccc(F)cc1,CHEMBL275676
DEC_3614,decoy,CC(=O)OCC1=C(C(=O)OC(C)(C)C)N2C(=O)[C@@H](Nc3nc4ccc[nH]c-4n3)C2SC1,CHEMBL274664
DEC_2198,decoy,CCC(CC)c1nc2c([nH]1)N1C(=N[C@@H]3CCC[C@@H]31)N(C)C2=O,CHEMBL18964
DEC_1658,decoy,CC(C)(C)OC(CCNC(=O)N(CCCl)N=O)n1cc(F)c(=O)[nH]c1=O,CHEMBL31417
DEC_3207,decoy,Cc1nc(-c2ccccc2)ncc1C(=O)N[C@@H](CCCCN)B1O[C@@H]2CC3CC(C3(C)C)[C@]2(C)O1,CHEMBL289709
DEC_0827,decoy,CCN(CC)CCNc1ccc(/N=N/c2ccc(S(N)(=O)=O)cc2)c2ccccc12,CHEMBL276550
DEC_2252,decoy,CC#C[C@]1(O)CCC2C3CCC4=CC(=O)CCC4=C3C(c3cccs3)CC21C,CHEMBL277163
DEC_1042,decoy,CNCCCn1cc(C2=C(c3cn(C)c4ccccc34)C(=O)NC2=O)c2ccccc21,CHEMBL429244
DEC_3024,decoy,CCN1C(=O)c2c(nc(C(N)=O)n2Cc2ccc(O)c(Br)c2)N2C1=N[C@@H]1CCC[C@@H]12,CHEMBL286723
DEC_0371,decoy,C(=C/COc1ccc(C2=NCCN2)cc1)\COc1ccc(C2=NCCN2)cc1,CHEMBL14660
DEC_1406,decoy,CC1=CC[C@H]2C(C)(C)CCC[C@]2(C)[C@H]1C[C@H](OS(=O)(=O)[O-])[C@H](C)CCCc1ccoc1.C[N+](C)=C(N)N,CHEMBL60072
DEC_3308,decoy,CCCn1c(=O)c2c(nc(-c3ccc(S(=O)(=O)O)cc3)n2C)n(CCC)c1=O,CHEMBL20483
DEC_1335,decoy,C[C@H]1C(Oc2ccc(C(=O)O)cc2)O[C@@H]2O[C@]3(C)CC[C@H]4[C@H](C)CCC1C24OO3,CHEMBL287140
DEC_3536,decoy,Cc1ccc(Sc2cncc3sc(C(=O)NCC(O)CO)cc23)cc1,CHEMBL428508
DEC_0819,decoy,CCN(CC)CCCNc1nc(Nc2cc(Cl)cc(Cl)c2)c2ccccc2n1,CHEMBL28615
DEC_1876,decoy,C=CCCN1CC[C@@H](N2CC(=O)N3[C@H](c4ccc5c(c4)OCO5)c4[nH]c5ccccc5c4C[C@@H]3C2=O)C1,CHEMBL34628
DEC_4386,decoy,CCC/N=C(\NC#N)NCCSCCn1nc(-c2ccccc2)ccc1=O,CHEMBL15251
DEC_0534,decoy,C[C@@H]1CC2C3CCC4=CC(=O)C=CC4(C)[C@@]3(F)C(O)CC2(C)C1C(=O)CO,CHEMBL16829
DEC_4645,decoy,O=S(=O)(c1nc(-c2ccc(F)cc2)c(-c2ccccc2)[nH]1)C(F)(F)C(F)F,CHEMBL277603
DEC_1979,decoy,N#Cc1cccc2nc3c(N4CCN(CCc5ccc(F)c(F)c5)CC4)[nH]cnc-3c12,CHEMBL430925
DEC_2268,decoy,O=c1c2ccccc2nc(/C=C(\O)c2ccccn2)n1-c1ccccc1Cl,CHEMBL276947
DEC_0325,decoy,CO[C@H]1/C=C\C=C(/C)C(=O)NC2=CC(=O)C(NC(=O)c3ccco3)=C(C[C@@H](C)C[C@H](OC)[C@H](O)[C@@H](C)/C=C(\C)[C@@H]1OC(N)=O)C2=O,CHEMBL340163
DEC_4295,decoy,c1ccc(-c2nc(CCn3c(-c4cscn4)nc4ccccc43)no2)cc1,CHEMBL21462
DEC_1180,decoy,NS(=O)(=O)c1ccc(-n2nc(C(F)(F)F)cc2-c2ccc([N+](=O)[O-])cc2)cc1,CHEMBL28664
DEC_2360,decoy,c1cc(CN2CCN(Cc3ccc(CN4CCNCC4)cc3)CC2)ccc1CN1CCNCC1,CHEMBL10779
DEC_3677,decoy,CC(=O)OCC1=C(C(=O)OC(C)(C)C)N2C(=O)[C@@H](Nc3nc4ccccc4n3C)C2SC1,CHEMBL269315
DEC_4179,decoy,Cc1cc2c(cc1/N=C(\S)Nc1ccc(S(N)(=O)=O)cc1)C(C)(C)CC(C)(C)S2,CHEMBL6499
DEC_2854,decoy,COc1cc(O)c2c(c1)C(=O)c1cc(C(Br)Br)cc(OC)c1C2=O,CHEMBL290562
DEC_1633,decoy,Oc1ccc2c(c1)OC[C@@H](N1CCC(Cc3ccccc3)CC1)[C@H]2O,CHEMBL17909
DEC_2974,decoy,CS(=O)(=O)NCc1ccc(-c2nc(-c3ccc(F)cc3)c(-c3ccncc3)[nH]2)cc1,CHEMBL17224
DEC_2626,decoy,Cc1cc(NC(=O)c2c(C(F)(F)F)nc3c(C(F)(F)F)cccc3c2O)no1,CHEMBL35866
DEC_1349,decoy,CCN(CC)CCNc1ccc2ncn3c4c(OC)ccc(O)c4c(=O)c1c23,CHEMBL8219
DEC_3804,decoy,Cc1noc(NS(=O)(=O)c2ccccc2-c2ccc(-c3ncco3)cc2CN2CCC(C)(C)C2=O)c1C,CHEMBL29972
DEC_4118,decoy,N#Cc1ccccc1S(=O)(=O)Nc1cccc(C(c2c(O)oc3c(c2=O)CCCCCC3)C2CC2)c1,CHEMBL16257
DEC_3952,decoy,CN1CCN(Cc2cccc(C(=O)OCC(NC(=O)C(Cl)Cl)C(O)c3ccc([N+](=O)[O-])cc3)c2)CC1,CHEMBL311601
DEC_3948,decoy,CCc1nn(Cc2ccc(-c3ccccc3-c3nn[nH]n3)cc2)/c(=N/C(=O)C2=C(C(=O)O)CCC2)s1,CHEMBL284918
DEC_3305,decoy,C/C(C[C@H]1CCc2c(cccc2OCC(=O)O)C1)=N\OC(c1ccccc1)c1ccccc1,CHEMBL268051
DEC_2201,decoy,O=c1cnn(-c2ccc(Sc3ccc([N+](=O)[O-])cc3)cc2)c(=O)[nH]1,CHEMBL283876
DEC_2303,decoy,CC1(C)CC1C(=O)N/C(=C\CCCCCCBr)C(=O)O,CHEMBL275571
DEC_0146,decoy,N[C@@H](COCc1ccc(I)cc1)Cc1c[nH]cn1,CHEMBL19329
DEC_4755,decoy,O=C(O)CCc1ccccc1CN1CCC[C@@H]1c1nc(C(=O)NCCCCC2CCCCC2)co1,CHEMBL278126
DEC_3429,decoy,O=C1[C@@H](NS(=O)(=O)c2cc3nc(Cl)ccc3s2)CCN1Cc1cc2[nH]cccc-2n1,CHEMBL8046
DEC_3226,decoy,CONC1=NC(=O)/C(=C/c2cc(C(C)(C)C)c(O)c(C(C)(C)C)c2)S1,CHEMBL15791
DEC_1427,decoy,COc1cc2cc(C(=O)N3C[C@H]4C[C@@]45C3=CC(=O)c3[nH]c(C)c(C(=O)OCCBr)c35)[nH]c2c(OC)c1OC,CHEMBL321766
DEC_2927,decoy,Cc1cccc(O)c1NC(=O)C1CCN(C(=O)Cn2c(=O)sc3ccc(Cl)cc32)CC1,CHEMBL17676
DEC_2950,decoy,CCCc1cc(CO)cc(=O)n1Cc1ccc(-c2ccccc2-c2nn[nH]n2)cc1,CHEMBL22860
DEC_0296,decoy,CN1CCN(c2cccc3ccc(OCCOc4ccc5[nH]cc(CCN)c5c4)cc23)CC1,CHEMBL31217
DEC_1669,decoy,N=C(N)c1ccc(C(=O)N2CCC3(CCN(C(=O)CCCC(=O)O)CC3)CC2)cc1,CHEMBL26047
DEC_3883,decoy,CC(/N=c1\c(O)c(O)\c1=N/c1cccc2cccnc12)C(C)(C)C,CHEMBL18482
DEC_0250,decoy,CC1OC(SCCCc2ccc(C(F)(F)C(F)(F)c3ccccc3)cc2)C(O)C(O)C1O,CHEMBL17871
DEC_4511,decoy,Nc1cc(O)c(C(=O)NCC2CN(Cc3ccccc3)CCO2)cc1Cl,CHEMBL31102
DEC_3958,decoy,C=CCCOc1ccccc1C(=O)NCCNCC(O)COc1cccc2c1OCCO2,CHEMBL416763
DEC_0175,decoy,CCCCCCCc1nc2c([nH]1)N1C(=N[C@@H]3CCC[C@@H]31)N(C)C2=O,CHEMBL277317
DEC_1843,decoy,CCC[C@@H]1Cc2cc(C)n(CC(=O)NCc3ccc(N)nc3C)c(=O)c2NC1=O,CHEMBL10800
DEC_2714,decoy,O=NN(CCCl)C(=O)NC1CCC(CCl)CC1,CHEMBL12684
DEC_0526,decoy,C=C1/C=C(\C)[C@H](CC)OC(=O)[C@H](C)C(=O)[C@@](O)(CO)C/C(OC)=C/[C@@H](C)C1,CHEMBL32773
DEC_1434,decoy,O=C(O)c1cn(-c2ccc([N+](=O)[O-])cc2)c2cc(N3CCN(C/C(=N\O)c4ccc(F)cc4)CC3)c(F)cc2c1=O,CHEMBL307683
DEC_4733,decoy,CCCc1c(OCCCSc2ccc(CC(=O)O)cc2Cl)ccc(C(=O)CC)c1O,CHEMBL25710
DEC_2625,decoy,CNC(=O)/C=C(\c1ccccc1)c1ccc2nc(N)c(C(=O)c3ccccc3)n2c1,CHEMBL31770
DEC_3329,decoy,CC1CN(c2cc3c(cc2F)c(=O)c(C(=O)O)cn3C(C)(C)C)CC(C)N1,CHEMBL15417
DEC_1649,decoy,Cc1ccc(Sc2cncc3sc(C(=O)N=C(N)N)cc23)cc1,CHEMBL266460
DEC_1181,decoy,CN1CN(C)c2nc3n(Cc4ccccc4)c(O)c(C4C=CCCC4)c(=O)n3c2C1=O,CHEMBL14646
DEC_0290,decoy,N[C@H](CCC(=O)O)C(=O)N(Cc1ccc2ccccc2c1)Cc1cccc2ccccc12,CHEMBL8287
DEC_4718,decoy,CC(=O)OC1CCC(NC(=O)N(CCCl)N=O)CC1,CHEMBL12637
DEC_1604,decoy,CCC(C)(C)/N=c1\c(O)c(O)\c1=N/Cc1c(C)cc(C)cc1C,CHEMBL283581
DEC_4195,decoy,Cc1c(Cc2cccnc2)cc2c(c1CCC(=O)O)CCC(NS(=O)(=O)c1ccc(Cl)cc1)C2,CHEMBL31409
DEC_1758,decoy,CC(C)C1=CC2CC3(C=O)[C@@H]4CC[C@@H](C)[C@H]4CC2(CO[C@@H]2O[C@H](C)[C@H]4OC[C@@H](C)[C@H]4[C@@H]2O)C13C(=O)O,CHEMBL295312
DEC_3290,decoy,Clc1ccc2ccc(/C=C/c3ccc(OCc4ccccc4Cc4nnn[nH]4)cc3)nc2c1,CHEMBL428868
DEC_1289,decoy,O=C1[C@@H](NS(=O)(=O)c2cc3cccnc3s2)CCN1Cc1cc2cc[nH]cc-2n1,CHEMBL266959
DEC_4249,decoy,O=C1OC2(CCN(CC(O)C3COc4ccccc4O3)CC2)CN1c1ccccc1,CHEMBL27816
DEC_0836,decoy,O=P(O)(O)Cc1cc(-c2ccc(Cl)cc2)cc2nc(O)c(O)nc12,CHEMBL12513
DEC_1750,decoy,C=C(C#N)CN1C[C@H](OCC23C[C@@H]4[C@H](C)CC[C@H]4C4(C=O)CC2C=C(C(C)C)[C@@]34C(=O)O)OC[C@H]1C,CHEMBL282975
DEC_1662,decoy,C=C(Cl)C(=O)N[C@@H]1CCC2(O)C3Cc4ccc(O)c5c4C2(CCN3CC2CC2)C1O5,CHEMBL282203
DEC_0781,decoy,C=C1/C(=C\C=C\[C@H]2CCC[C@H]([C@H](C)CCCC(C)(C)O)C2(C)C)C[C@@H](O)C[C@@H]1O,CHEMBL32633
DEC_4719,decoy,Cc1ccc(C)n1Nc1ccc(N2CCSCC2)nn1,CHEMBL273534
DEC_2159,decoy,CC(C)CCCc1nc2c([nH]1)N1C[C@@H](C(C)C)N=C1N(C)C2=O,CHEMBL18524
DEC_3050,decoy,CCC(c1ccc(O)c(CO)c1)C(CC)c1ccc(O)c(CO)c1,CHEMBL14473
DEC_2567,decoy,Cc1ccc(CC(O)CCc2ccccc2C(=O)N(CCO)C(C)(C)C)c(C(=O)N(CCO)C(C)(C)c2ccccc2)c1,CHEMBL328436
DEC_3769,decoy,CCCc1nc(-n2cccc2C(=O)C(F)(F)F)c(C#N)n1Cc1ccc(-c2ccccc2-c2nn[nH]n2)cc1,CHEMBL73564
DEC_4515,decoy,CC1(C)C=C(C(=O)NCCNC(=O)C(C)(C)Oc2ccc(Cl)cc2)C(C)(C)N1,CHEMBL279130
DEC_2775,decoy,CCCN(C/C=C/I)C1CCc2cccc(O)c2C1,CHEMBL284716
DEC_3149,decoy,C=C(C)[C@H]1Cc2c(ccc3c2O[C@@H]2COc4cc(OC)c(OC)cc4[C@@H]2C3=O)O1,CHEMBL429023
DEC_3476,decoy,O=C(NC(CO)C(O)c1ccc([N+](=O)[O-])cc1)C(Cl)(Cl)Cl,CHEMBL24726
DEC_1663,decoy,CC1(C)N=C(N)N=C(N)N1c1cccc(C[Se]c2ccccc2)c1,CHEMBL20224
DEC_2380,decoy,CCOC(=O)c1cnc2ccc(C3(CCC(=O)NC(C)CC)CCC(=O)NC3=O)cc2c1O,CHEMBL22253
DEC_1971,decoy,O=C1[C@@H](NS(=O)(=O)c2ccc(-c3ccncc3)s2)CCN1Cc1cc2c[nH]ccc-2n1,CHEMBL416515
DEC_4270,decoy,CC(CN(C)C)c1nnc2n1-c1ccc(Cl)cc1C(c1ccccc1)=NC2,CHEMBL274263
DEC_4313,decoy,O=C(OC1CN2CCC1CC2)C1=C/C(=C\c2ccccn2)c2ccccc21,CHEMBL21716
DEC_2074,decoy,O=C1N(CC2CC2)[C@H](Cc2ccc3ccccc3c2)[C@H](O)[C@@H](O)[C@@H](Cc2ccc3ccccc3c2)N1CC1CC1,CHEMBL303035
DEC_4241,decoy,COC(CN(C)C)c1nnc2n1-c1ccc(Cl)cc1C(c1ccccc1)=NC2,CHEMBL279843
DEC_3540,decoy,CN1C(C(=O)Nc2nc3ccccc3s2)=C(O)c2ccccc2S1(=O)=O,CHEMBL262701
DEC_4410,decoy,C#CCN(Cc1ccc2nc(C)nc(O)c2c1)c1ccc(C(=O)NCC(=O)O)cc1,CHEMBL6560
DEC_2817,decoy,O=C1CCC(=O)N[C@@H](Cc2c[nH]c3ccccc23)C(=O)N[C@@H](CC2=CC=CCC2)C(=O)N[C@H](CCc2ccccc2)CN1,CHEMBL116629
DEC_2147,decoy,c1cc(COc2ccc(OCc3ccc4ccccc4n3)cc2)cc(Cc2nnn[nH]2)c1,CHEMBL18597
DEC_3964,decoy,CC(C)C[C@@H](/C=N/NCCO)NC(=O)[C@@H](NS(=O)(=O)c1ccc(F)cc1)C(C)C,CHEMBL40428
DEC_2494,decoy,O=C1C2CN(C(=O)COCc3ccccc3)C3(CCNCC3)C2C(=O)N1Cc1cc(C(F)(F)F)cc(C(F)(F)F)c1,CHEMBL432007
DEC_2458,decoy,CC(=O)N1[C@H]2N(C(=O)[C@@H]1CC(C)C)c1ccccc1[C@@]2(O)C[C@@H]1NC(=O)c2ccccc2-n2c1nc1ccccc1c2=O,CHEMBL298830
DEC_1027,decoy,CC(C)=CCN(C1=NCCN1)c1c(Br)cccc1Br,CHEMBL21171
DEC_0417,decoy,CCCc1cc(=O)oc2c3c(c4c(c12)OC(C)(C)C=C4)OC(C)(C)[C@H](C)[C@@H]3O,CHEMBL266050
DEC_0170,decoy,CC(/C=C/C(=O)C1=C(O)CN(C)C1=O)=C\c1cccc2ccccc12,CHEMBL10956
DEC_0508,decoy,O=C(O)[C@H]1CSC(c2nc3ccc(O)c(I)c3s2)=N1,CHEMBL277114
DEC_4004,decoy,O=C(O)/C=C/c1ccc(-c2nc3c(=O)n(CC4CCCCC4)c(=O)n(CC4CCCCC4)c3[nH]2)cc1,CHEMBL17103
DEC_1220,decoy,CCCN(CCC)c1c([N+](=O)[O-])cc(S(=O)(=O)Nc2cc(Cl)cc(Cl)c2)cc1[N+](=O)[O-],CHEMBL298564
DEC_0231,decoy,CCCCn1c(=O)[nH]c2[nH]c(-c3ccc(S(=O)(=O)Oc4cccc([N+](=O)[O-])c4)cc3)nc2c1=O,CHEMBL8810
DEC_0202,decoy,OCCNc1nc2ccc(Cl)cc2c2nc(-c3ccco3)nn12,CHEMBL268867
DEC_3781,decoy,CCOC(=O)N[C@@H](c1ccsc1)[C@@H](O)C(=O)OC1CC2C(C)(C)C1(C)[C@@]13C[C@@H](C)c4ccccc4[C@@]21O3,CHEMBL31307
DEC_2818,decoy,O=C1N(Cc2ccccc2)[C@H](Cc2ccccc2O)[C@H](O)[C@@H](O)[C@@H](Cc2ccccc2O)N1Cc1ccccc1,CHEMBL68793
DEC_1909,decoy,C[C@H](COC(=O)N1c2ccccc2[C@@]23O[C@]24CCC[C@@H]3C#C/C=C\C#C[C@H]14)S(=O)(=O)c1ccccc1,CHEMBL15907
DEC_0343,decoy,COc1ccc(C[C@H]2NC(=O)/C=C/C[C@@H]([C@](C)(O)C#Cc3ccccc3)OC(=O)[C@H](CC(C)C)OC(=O)CCNC2=O)cc1,CHEMBL275952
DEC_2711,decoy,CCCN(CCC)CCc1ccc(O)c2[nH]c(O)nc12,CHEMBL275600
DEC_4478,decoy,COc1ccc([C@H](O)[C@@H](O)c2cc(OC)c(OC)c(OC)c2)cc1O[Si](C)(C)C(C)(C)C,CHEMBL35062
DEC_1546,decoy,N/C(=N\O)c1cccc(CN(NS(=O)(=O)c2ccc3ccccc3c2)C(=O)N2CCCCCC2)c1,CHEMBL39078
DEC_3371,decoy,O=S(=O)(NCCc1cccc(OCc2ccc3ccccc3n2)c1)C(F)(F)F,CHEMBL17961
DEC_4629,decoy,CCc1cc(OCc2ccc(-c3ccccc3-c3nn[nH]n3)cc2)c2c(n1)CCCCC2,CHEMBL428711
DEC_0150,decoy,OC(c1ccccc1Cl)C(O)(Cn1cncn1)c1ccc(F)cc1,CHEMBL429203
DEC_0028,decoy,O=S(=O)(CS(=O)(=O)C(F)(F)F)c1ccc(SC(F)(F)C(F)F)cc1,CHEMBL12617
DEC_2536,decoy,COc1cc2c(cc1OC)C(c1ccc([N+](=O)[O-])cc1)=NNC(=O)C2,CHEMBL22883
DEC_4700,decoy,Cc1ccc(C)n1N(C)c1ccc(N2CCOCC2)nn1,CHEMBL276006
DEC_4261,decoy,O=C1C2CCCN2C(=O)N1CCCCN1CCN(c2cccc3ccccc23)CC1,CHEMBL33150
DEC_2036,decoy,C/C(CN(C)C)=C(\c1ccccc1OCC(C)C)n1ccnc1,CHEMBL26272
DEC_2599,decoy,O=C1N(CCCC2CCCC2)CCN1c1ccc(S(=O)(=O)Nc2ccc(CCNC[C@H](O)c3cccnc3)cc2)cc1,CHEMBL22317
DEC_3109,decoy,CN1CCN(C)C1c1ccc(N2CCN(c3ccc(C4N(C)CCN4C)cc3)CC2)cc1,CHEMBL290691
DEC_2879,decoy,CSc1ccc(-c2cc(C(F)(F)F)nn2-c2ccc(S(N)(=O)=O)cc2)cc1C,CHEMBL28913
DEC_0078,decoy,CCCc1cc(N)c([N+](=O)[O-])c(=O)n1Cc1ccc(-c2ccccc2-c2nn[nH]n2)cc1,CHEMBL25332
DEC_4009,decoy,CN(C)c1ccccc1CC(=O)N1C[C@H]2[C@@H](C1)C(c1ccccc1)(c1ccccc1)SC[C@@H]2O,CHEMBL41375
DEC_0808,decoy,CC(C)c1ccccc1Sc1c(O)cc(-c2ccc(O)c(C(=O)O)c2)oc1=O,CHEMBL12573
DEC_1964,decoy,Cn1cc(C2=C(c3cn(CCCCC(=N)N)c4ccccc34)C(=O)NC2=O)c2ccccc21,CHEMBL6332
DEC_1752,decoy,CC[C@H]1CO[C@H]2[C@@H]1[C@H](O)[C@H](OCC13C[C@@H]4[C@H](C)CC[C@H]4C4(C=O)CC1C=C(C(C)C)C34C(=O)O)O[C@@H]2C,CHEMBL295645
DEC_4078,decoy,Cc1c(N2CC[C@H](N)C2)c(F)cn2c(=O)c(C(=O)O)cc(C(C)C)c12,CHEMBL418175
DEC_2332,decoy,CCOc1cc(Cc2cnc(N)nc2N)ccc1OCc1ccccc1,CHEMBL21395
DEC_2003,decoy,CCOC(C)OOC1(OOC)CCCCCCCCCCC1,CHEMBL27679
DEC_1383,decoy,CC1(c2ccccc2)c2cc(C(=O)O)sc2C(=O)c2c1c1ccccc1n2Cc1ccc(OCC(=O)O)cc1,CHEMBL13842
DEC_3087,decoy,COc1ccc2[nH]c3c(C)c4ccnc(NCCCCN)c4cc3c2c1,CHEMBL19223
DEC_4200,decoy,O=C(NCCc1cccc2ccccc12)[C@H](CC#Cc1ccc(F)cc1F)NCP(=O)(O)O,CHEMBL290868
DEC_1851,decoy,CN1C(=O)CC[C@]2(C)C3CC[C@@]4(C)C(CC[C@@]4(O)C#CCCI)C3CCC12,CHEMBL273496
DEC_4769,decoy,CC(C)(CCCOc1ccc(C(=O)c2ccccc2)c(OCCCC(C)(C)C(=O)O)c1)C(=O)O,CHEMBL8416
DEC_2955,decoy,Cn1cc(C2=C(c3cn(CCCCCO)c4ccccc34)C(=O)NC2=O)c2ccccc21,CHEMBL6199
DEC_4509,decoy,CC(C)(CNC(=O)C1CCCCC1)NCC(O)COC(=O)c1ccccc1F,CHEMBL7750
DEC_4109,decoy,Cc1c(C(=O)c2ccc(Cl)cc2)cc(C(C)(C)C)c(O)c1C(=O)Nc1ccc([N+](=O)[O-])cc1Cl,CHEMBL32272
DEC_1625,decoy,C[C@]12CC[C@]3(C1)C(CC2=O)C[C@@H](O)C1[C@](C)(C(=O)O)CCC[C@@]13C,CHEMBL8722
DEC_2939,decoy,COc1cccc([C@H]2C/C(=N\NC(=O)C(=O)NC(C)c3ccccc3)c3ccccc3N2)c1,CHEMBL16151
DEC_0420,decoy,[O-][S+](CC(F)(F)C(F)(F)F)c1nc(-c2ccccc2)c(-c2ccccc2)[nH]1,CHEMBL278005
DEC_0115,decoy,Nc1nc(O)c2cc([S+]([O-])c3ccc4ccccc4c3)ccc2n1,CHEMBL269059
DEC_0987,decoy,CCCCC[C@@H](/C=C/C1[C@H](O)C[C@H](O)[C@@H]1C/C=C\CCCC(=O)O)OC(C)=O,CHEMBL12216
DEC_0614,decoy,CCCCc1nc(Cl)c(Cc2nnn[nH]2)n1Cc1ccc(-c2nnn[nH]2)cc1,CHEMBL282283
DEC_4464,decoy,C#CCN(Cc1ccc2nc(C)nc(O)c2c1)c1ccc(C(=O)NCc2cccc([N+](=O)[O-])c2)cc1,CHEMBL6325
DEC_1227,decoy,CCOc1ccccc1-c1nnc(SCCCN2CCN(c3ccccc3[N+](=O)[O-])CC2)s1,CHEMBL273512
DEC_2312,decoy,CCCCCCCCCCN1C(=O)C2CC(c3ccc(N)cc3)(C2)C1=O,CHEMBL27879
DEC_0875,decoy,Cc1[nH]c(/C=C2\C(=O)Nc3ccc(F)cc32)c(C)c1C(=O)NCCn1cncn1,CHEMBL267293
DEC_3130,decoy,O=C1c2cc(Cl)c(Cl)cc2C(=O)N1CCCCN1CCN(c2ncccn2)CC1,CHEMBL287604
DEC_3845,decoy,CCn1cc(C(C(=O)NS(=O)(=O)c2ccc(C(C)C)cc2)c2ccc3c(c2)OCO3)c2ccc(C(=O)O)cc21,CHEMBL23833
DEC_1368,decoy,C[C@H]1C[C@@]23O[C@]2(c2ccccc21)C1CC(OC(=O)[C@H](O)[C@@H](NC(=O)OC(C)(C)C)c2ccccc2)C3(C)C1(C)C,CHEMBL30977
ACT_061,active,COc1ccc([C@H]2CCN(C(C)=O)C[C@@H]2NC(=O)Nc2ccc(C(F)(F)F)nc2)cc1,CHEMBL5777462
DEC_0440,decoy,CCCCCN(C1=NCCN1)c1c(Br)cccc1Br,CHEMBL20415
DEC_3991,decoy,O=C(O)CCc1cc(Cc2cccnc2)cc2c1CCC(NS(=O)(=O)c1ccc(Cl)cc1)C2,CHEMBL417297
DEC_2608,decoy,COc1ccc(C2(C(F)(F)F)N=N2)cc1CN[C@H]1CCCN[C@H]1c1ccccc1,CHEMBL25492
DEC_0351,decoy,C=C[C@@]1(C)CC(=O)[C@]2(O)C3(C)C(C(OC(=O)CN4CCC(NC(=O)c5ccccc5)CC4)C(O)[C@@]2(C)O1)C(C)(C)CC[C@@H]3O,CHEMBL293324
DEC_0615,decoy,Cc1nsc(-c2ccc(N3CCN(c4cccc([N+](=O)[O-])c4)CC3)nn2)n1,CHEMBL14915
DEC_3171,decoy,CCOP(=O)(OCC)OC1Cc2c(cccc2N(C)CC#CC#CC(C)(C)C)NC1=O,CHEMBL32125
DEC_4104,decoy,CCCCc1nc2ccn(Cc3ccccc3N)c(=O)c2n1Cc1ccc(-c2ccccc2-c2nn[nH]n2)cc1,CHEMBL47187
DEC_3499,decoy,Cc1nc(N(C)C(=O)c2ccc(C(=N)N)cc2)sc1CCC(=O)O,CHEMBL8541
DEC_0433,decoy,C/C(=N\N=C(/S)Nc1c(N)c2ccccc2c2ccccc12)c1ccccn1,CHEMBL30390
DEC_3858,decoy,CC1(C)N=C(N)N=C(N)N1c1ccc(C#C[Si](C)(C)C)cc1,CHEMBL33409
DEC_3417,decoy,Cc1ccccc1CNC(=O)Cn1c(Cl)cnc(NCC(F)(F)c2cccc[n+]2[O-])c1=O,CHEMBL285796
DEC_1036,decoy,COc1cccc2c1CCC[C@H]2CN(C)CCc1ccc2nc(N)sc2c1,CHEMBL273874
ACT_012,active,NCCCCCCCCCCNS(=O)(=O)c1cccc2c(Cl)cccc12,CHEMBL1331148
DEC_2342,decoy,COc1cccc2c1CCC[C@H]2CN(C)CCc1ccc2c(c1)CC(=O)N2,CHEMBL9869
DEC_3602,decoy,CCc1nc2c(n1Cc1ccc(-c3ccccc3-c3nn[nH]n3)cc1)CCCC/C2=C\C(=O)O,CHEMBL42070
DEC_0505,decoy,Oc1ccc2c3c1O[C@H]1[C@H](N=C=S)CCC4(O)C(C2)N(CC2CC2)CCC314,CHEMBL21068
DEC_3072,decoy,S=C(NCCSCc1cc2ccccc2[nH]1)Nc1ccccc1,CHEMBL275729
DEC_4397,decoy,O=C(O)CC/C=C\C[C@H]1[C@H](F)CC[C@@H]1NS(=O)(=O)c1ccccc1[N+](=O)[O-],CHEMBL416551
DEC_0855,decoy,CNCc1ccccc1Sc1ccc(I)cc1CO,CHEMBL429065
DEC_3231,decoy,CN1CC=C(c2c(O)cc(O)c3c(=O)cc(-c4ccccc4Cl)oc23)CC1,CHEMBL266751
DEC_0785,decoy,C=C1CC[C@@H](O)C(O)/C1=C/C=C1\CCCC2(C)C1CCC2[C@H](C)CCCC(C)(C)O,CHEMBL15718
DEC_4732,decoy,CCCc1c(OCC(O)CSc2ccc(C(=O)CCC(=O)O)c(F)c2)ccc(C(C)=O)c1O,CHEMBL41775
DEC_4461,decoy,COc1cc(CC2c3cc(O)c(O)cc3CCN2Cc2ccc([N+](=O)[O-])cc2)cc(OC)c1OC,CHEMBL38160
DEC_2171,decoy,Cc1c(CCC(=O)O)s/c(=N\C(=O)c2ccc(C(=N)N)cc2)n1C,CHEMBL8572
DEC_3035,decoy,CCOC(=O)COc1ccc(C(=O)c2ccc(O)c(CN=C(N)N)c2)c(Cl)c1Cl,CHEMBL40639
DEC_4255,decoy,O=c1cnn(-c2cc(Cl)c(Sc3ccc(Cl)cc3)c(Cl)c2)c(=O)[nH]1,CHEMBL281093
DEC_0182,decoy,Nc1nc(/C=C/c2ccccc2)c2ncn(Cc3ccccc3)c2n1,CHEMBL19794
DEC_4381,decoy,N#CC(=C(/N)Sc1ccccc1N)/C(C#N)=C(\N)Sc1ccccc1N,CHEMBL34704
DEC_2213,decoy,O=C(CCCC1CCCCC1)OC[C@H]1C[C@@H]2O[C@H]1[C@H]1C(=O)OC(=O)[C@H]12,CHEMBL266327
DEC_3124,decoy,Cc1nn(-c2cccc([N+](=O)[O-])c2)c2oc3ccc(Br)cc3c(=O)c12,CHEMBL25753
DEC_0416,decoy,CCCc1cc(=O)oc2c3c(c4c(c12)OC(C)(C)C=C4)O[C@H](C(C)C)[C@@H](C)[C@@H]3O,CHEMBL266921
DEC_0898,decoy,CC(=O)O[C@@H]1[C@@H]2[C@@H](OC(C)=O)C=C3[C@H]([C@H](O)C[C@]4(C)[C@@H]([C@H](C)[C@H](O)CCC(C)C)CC[C@@H]34)[C@@]2(C)CC[C@@H]1OC(C)=O,CHEMBL82446
DEC_1267,decoy,O=C1[C@@H](NS(=O)(=O)c2cc3cccnc3s2)CCN1Cc1cc2c[nH]ccc-2n1,CHEMBL8308
DEC_3123,decoy,COC1(c2cc(F)cc(OCc3ccc4c(ccc(=O)n4C)c3)c2)CCOCC1,CHEMBL20403
DEC_0108,decoy,CCC(C)(C)/N=c1\c(O)c(O)\c1=N/Cc1c(C)cc(C)cc1Cl,CHEMBL19799
ACT_088,active,Cc1ccc(NC(=O)N[C@@H]2CCCN(c3ccc(-c4ccccc4C(N)=O)cc3)C2=O)c(C)c1,CHEMBL5793441
DEC_2346,decoy,CCCc1ccc(C(=O)c2c(SC)cc(CC(=O)O)n2C)cc1,CHEMBL279082
DEC_4621,decoy,CCCCCCOS(=O)(=O)NC(=O)Oc1c(C(C)(C)C)cc(C)cc1C(C)(C)C,CHEMBL278161
DEC_2529,decoy,CC(C)CC(=O)C(=O)N1CCCCC1C(=O)OC(C)CN1CCCCC1,CHEMBL414016
DEC_0769,decoy,COc1cc(CC(C)N(C)C(C)C)c(OC)cc1I,CHEMBL11094
DEC_2615,decoy,N#CNC(=N)Cc1ccc(-c2nc(-c3ccncc3)c(-c3ccc(F)cc3)[nH]2)cc1,CHEMBL17148
DEC_4727,decoy,CCCCn1ncc2c1nc(N)n1nc(-c3ccco3)nc21,CHEMBL17094
DEC_3547,decoy,Cc1ccc(Sc2cncc3sc(/C=N/OCC(N)=O)cc23)cc1,CHEMBL6264
DEC_3276,decoy,O=C(O)c1ccccc1Cn1nnc(-c2ccc(CSc3ccc4ccccc4n3)cc2)n1,CHEMBL18579
DEC_3374,decoy,CCCN(CCCCN1C(=O)c2ccccc2C1=O)C1COc2cccc(O)c2C1,CHEMBL283653
DEC_0401,decoy,O=C(Cc1ccc([N+](=O)[O-])cc1)NCCNCC(O)COc1ccccc1,CHEMBL23392
DEC_0678,decoy,C[C@H](NC(=O)[C@H](CC1CCCCC1)NC(=O)c1n[nH]c(N)n1)C(=O)N[C@@H](Cc1ccccc1)C(N)=O,CHEMBL32762
DEC_1031,decoy,O=C(O)c1cc(Br)cc2c(=O)cc(-c3ccc4ccccc4n3)oc12,CHEMBL11521
DEC_1531,decoy,N/C(=N\O)c1ccc(CN(NS(=O)(=O)c2ccc3ccccc3c2)C(=O)N2CCCCCC2)cc1,CHEMBL39587
DEC_0149,decoy,N=C(N)c1ccc(N2CCCN(c3ccc(C(=N)N)cc3)CC2)cc1,CHEMBL269032
DEC_4084,decoy,Cc1cc(SC2=C(O)OC(CCc3ccc(O)cc3)(C(C)C)CC2=O)c(C(C)(C)C)cc1N(C)C,CHEMBL35088
DEC_2542,decoy,CCOC(C)n1c([S+]([O-])Cc2ccccn2)nc2ccccc21,CHEMBL9862
DEC_4002,decoy,O=S(=O)(c1cccs1)N1Cc2ccccc2N(Cc2c[nH]cn2)C(CCc2ccccc2)C1,CHEMBL266958
DEC_1405,decoy,CO[C@H]1CN(CC=C(C)C)C[C@H](OCC23C[C@@H]4[C@H](C)CC[C@H]4C4(C=O)CC2C=C(C(C)C)C34C(=O)O)O[C@@H]1C,CHEMBL295129
DEC_4451,decoy,O=c1c2c(oc(O)c1C(c1cccc(NS(=O)(=O)c3cnccn3)c1)C1CC1)CCCCCC2,CHEMBL16368
DEC_0307,decoy,CC[C@H]1OC(=O)CC(O)[C@H](C)[C@@H](O[C@@H]2O[C@H](C)C[C@H](N(C)C)[C@H]2O)[C@@H](CCN(C)C)C[C@@H](C)C(=O)/C=C/C(C)=C/[C@@H]1C,CHEMBL9117
DEC_1386,decoy,CCOC(=O)[C@]12CCC(C)(C)CC1C1C(=O)C=C3[C@@]4(C)C=C(C(=O)O)C(=O)C(C)(C)[C@@H]4CC[C@@]3(C)[C@]1(C)CC2,CHEMBL8385
DEC_4456,decoy,CNC(=O)c1cccc2c(Nc3ccc(NS(C)(=O)=O)cc3OC)c3ccc([N+](=O)[O-])cc3nc12,CHEMBL295266
DEC_0868,decoy,C[C@]12CC/C(=N\N=C(N)N)C=C1CC[C@@H]2CN1C(=O)c2ccccc2C1=O,CHEMBL29715
DEC_1722,decoy,CC(C)(c1cc(O)ccc1F)C(C)(C)c1cc(O)ccc1F,CHEMBL23839
DEC_1717,decoy,COc1cc2c(c3ccccc3n2C)c2c(NCCN)nccc12,CHEMBL20363
DEC_0790,decoy,[N-]=[N+]=Nc1ccc2c(Nc3ccc(S(N)(=O)=O)cc3)c3ccc(N=[N+]=[N-])cc3nc2c1,CHEMBL35745
DEC_1418,decoy,CS(=O)(=O)NC(=O)CCC/C=C\C[C@@H]1[C@H]2CC[C@H](C2)[C@H]1NS(=O)(=O)c1ccc2oc3ccccc3c2c1,CHEMBL309443
DEC_3666,decoy,O=S(=O)(CS(=O)(=O)C(F)(F)F)c1ccc(NS(=O)(=O)C(F)(F)F)cc1,CHEMBL12365
DEC_0035,decoy,C=CCCN(C1=NCCN1)c1c(Br)cccc1Br,CHEMBL417828
DEC_1046,decoy,CCN1C(=O)c2c(ncn2Cc2ccc(O)c(Br)c2)N2C1=N[C@@H]1CCC[C@@H]12,CHEMBL283242
DEC_3884,decoy,CCC(C)(C)/N=c1\c(O)c(O)\c1=N/Cc1ccc(F)c(F)c1,CHEMBL19694
DEC_2422,decoy,O=C1[C@@H](NS(=O)(=O)c2ccc(-c3ccccn3)s2)CCN1Cc1cc2cc[nH]cc-2n1,CHEMBL269102
DEC_1905,decoy,CCCN1CCN(CCCCN2C(=O)CC3(CCCC3)CC2=O)CC12COc1cccc(OC)c1C2,CHEMBL11409
DEC_3315,decoy,CC(C)c1ccc(C2=C(c3ccc(S(C)(=O)=O)cc3)C(C)(O)OC2=O)cc1,CHEMBL18867
DEC_0306,decoy,CC[C@H]1OC(=O)/C(C)=C/[C@H](C)[C@@H](O[C@@H]2O[C@H](C)C[C@H](N(C)C)[C@H]2O)[C@@](C)(OC)C[C@@H](C)[C@@H]2NN3C(=O)O[C@@]1(C)[C@H]3[C@H]2C,CHEMBL295144
DEC_2583,decoy,CCCCc1nc(Cl)c(C(=O)NCC(=O)O)n1Cc1ccc2oc(-c3ccccc3-c3nn[nH]n3)c(Br)c2c1,CHEMBL292955
DEC_3843,decoy,O=C(NC[C@H]1CC[C@H](C(=O)NC2CCc3cc(F)ccc3C2Cc2cccnc2)CC1)Oc1ccccc1,CHEMBL44036
DEC_3768,decoy,CC(C)CSc1nnc([C@@H]2C[C@@H](S)CN2S(=O)(=O)c2ccc3ccccc3c2)n1-c1ccccc1,CHEMBL295865
DEC_2877,decoy,Cc1cccc(S(=O)(=O)C2(CC#Cc3ccc(Cl)cc3)SC(=O)NC2=O)c1,CHEMBL267767
DEC_2941,decoy,COc1ccccc1CC(=O)N1C[C@H]2[C@@]3(c4ccccc4)CC[C@H](c4ccccc43)[C@@]2(C(=O)NN)C1,CHEMBL50892
DEC_2306,decoy,C=C(c1c(C)c(C)cc(Cl)c1OCC(O)CNC(C)C)n1ccnc1,CHEMBL15386
DEC_4714,decoy,CCNc1c2c(nc(N)n3nc(-c4ccco4)nc23)nn1C,CHEMBL20888
DEC_4152,decoy,O=c1c2c(oc(O)c1C(c1cccc(NS(=O)(=O)c3ccccc3)c1)C1CC1)CCCCCC2,CHEMBL16400
DEC_2753,decoy,CCCC1CCC(N2CCC(N3C(=O)N[C@@H]4CCCC[C@H]43)CC2)CC1,CHEMBL26681
DEC_2944,decoy,CCN1CCCC1CNC(=O)c1ccc(-n2ccnc2)cc1.Cc1ccc(S(=O)(=O)O)cc1,CHEMBL443210
DEC_2647,decoy,Cc1cc(C)nc(NC(=O)c2cc(Br)cc(Br)c2O)c1,CHEMBL278845
DEC_1420,decoy,CCN(CC)[C@@H]1CC(=O)N([C@H]2CC3CC[C@]2(CS(=O)(=O)N2CCC4(CCc5ccccc54)CC2)C3(C)C)C1=O,CHEMBL280202
DEC_1759,decoy,CC(C)C1=CC2CC3(C=O)[C@@H]4CC[C@@H](C)[C@H]4CC2(CO[C@@H]2O[C@H](C)[C@H]4OC[C@H](C)[C@H]4[C@@H]2O)C13C(=O)O,CHEMBL297124
DEC_1492,decoy,C#CCN(Cc1ccc2nc(C)nc(O)c2c1)c1ccc(C(=O)NCc2nc(C)cs2)cc1,CHEMBL269600
DEC_0456,decoy,CCCCCCCCCCCCc1cccc(N2C(N)=NC(N)=NC2(C)C)c1,CHEMBL21254
DEC_2102,decoy,CC(=O)O[C@H]1O[C@@H]2O[C@@H](OC(C)=O)[C@@H]3CC[C@H]([C@@H]1CC/C=C(\C)CCC=C(C)C)[C@H]23,CHEMBL275719
DEC_3739,decoy,CCCCc1nc2cnn(C)c(=O)c2n1Cc1ccc(-c2ccccc2C(=O)O)cc1,CHEMBL7369
DEC_0299,decoy,O=C(O)[C@@H]1C[C@@H](c2ccccc2)CN1C(=O)CP(=O)(O)CCCCc1ccccc1,CHEMBL16277
DEC_0376,decoy,CC1(C)CC1C(=O)N/C(=C\CCCCCSCC(N)=O)C(=O)O,CHEMBL11918
DEC_1918,decoy,C[C@@H](n1cnc2cc(OCC(F)(F)F)ccc2c1=O)[C@](O)(Cn1cncn1)c1ccc(F)cc1F,CHEMBL449039
DEC_1147,decoy,CNC(=O)[C@H](NC(=O)C(CCC(F)(F)F)CP(=O)(O)Cc1ccc(Cc2ccccc2)cc1)C(C)(C)C,CHEMBL24573
DEC_0053,decoy,CCCCc1nc(CCCC)n(Cc2ccc(-n3c(F)ccc3-c3nn[nH]n3)cc2)n1,CHEMBL12693
DEC_0086,decoy,CCCc1cc2ncn(C)c2c(=O)n1Cc1ccc(-c2ccccc2-c2nn[nH]n2)cc1,CHEMBL28095
DEC_0473,decoy,CCN(CCCCCC(F)F)CCCC(O)c1ccc(NS(C)(=O)=O)cc1,CHEMBL13871
DEC_0378,decoy,CC1(C)CC1C(=O)N/C(=C\CCCSCC(N)C(=O)O)C(=O)O,CHEMBL11996
DEC_3955,decoy,CCO/C(O)=C1\C(COCCn2nncc2C(N)=O)=NC(C)=C(C(=O)OC)C1c1cccc(Cl)c1Cl,CHEMBL52812
DEC_2560,decoy,NC(=O)O[C@@H]1Cc2ccccc2C1C1=C(O)[C@](Cc2ccccc2)(C[C@H](O)[C@H](Cc2ccccc2)NC(=O)O[C@H]2CCOC2)N=C1,CHEMBL55070
DEC_3662,decoy,Cc1sc2nc(SCCCN3CCN(c4ncccn4)CC3)n(N)c(=O)c2c1C,CHEMBL12177
DEC_2772,decoy,O=c1oc(Nc2ccccc2I)nc2ccccc12,CHEMBL276438
DEC_1802,decoy,CC1(C)C=C(C(=O)NCC(O)CNC(=O)Cc2cccs2)C(C)(C)N1,CHEMBL442527
DEC_3275,decoy,CCCCc1nc(C(C)c2ccc(-c3ccccc3-c3nn[nH]n3)cc2)n(CCCC)n1,CHEMBL275680
DEC_2503,decoy,C#CCOCN1c2ccccc2C(=O)N(Cc2ccccc2)S1(=O)=O,CHEMBL428840
DEC_0159,decoy,CCCCC[C@](C)(O)/C=C/C1[C@@H]2C[C@@H](O)[C@H]1C/C=C\CCCC(=O)O2,CHEMBL12539
DEC_2553,decoy,CCN(CC)CCCCNc1ncc2cc(-c3c(Cl)cccc3Cl)c(/N=C(\S)NCCCN3CCOCC3)nc2n1,CHEMBL56184
DEC_0807,decoy,CN(C)c1ccc(Nc2nc(NC3CCC(N(C)C)CC3)nc3ccccc23)cc1,CHEMBL31939
DEC_2399,decoy,N[C@H](C(=O)N1CCC(F)(F)C1)[C@H]1CC[C@H](NS(=O)(=O)c2ccc(F)cc2F)CC1,CHEMBL22294
DEC_1244,decoy,COc1ccc2c3c1OC1[C@H](O)[C@](CO)(CCCc4ccccc4)CC4C(C2)N(CC2CCC2)CCC341,CHEMBL9385
DEC_2200,decoy,O=c1cc(-c2ccccc2[N+](=O)[O-])oc2ccc([N+](=O)[O-])cc12,CHEMBL26690
DEC_3522,decoy,Nc1nc2ccc(OCc3ccccc3)cc2c2nc(-c3ccco3)nn12,CHEMBL7748
DEC_2438,decoy,C[C@@H](N)Cc1c[nH]cn1.S=C(NC1CCCCC1)N1CCC(c2c[nH]cn2)CC1,CHEMBL12294
DEC_0003,decoy,C=C1/C=C(\C)[C@H](CC)OC(=O)[C@H](C)C(=O)[C@@](O)(CO)C/C(SC)=C/[C@@H](C)C1,CHEMBL32849
DEC_1832,decoy,OC(CNCC(O)C1CCc2cc(F)ccc2O1)C1CCc2cc(F)ccc2O1,CHEMBL434394
DEC_0858,decoy,CCc1c(Sc2cc(Cl)cc(Cl)c2)n(COCCO)c(=O)[nH]c1=O,CHEMBL429778
DEC_4210,decoy,N=C(N)c1cccc(/C=C(\C(=O)Nc2ccc(-c3ccccc3S(N)(=O)=O)cc2)c2ccccn2)c1,CHEMBL39676
DEC_4566,decoy,CCCCc1nc2ccc(C(C)NC(C)=O)cc2c(=O)n1Cc1ccc(-c2ccccc2-c2nn[nH]n2)cc1,CHEMBL416714
DEC_1422,decoy,CC(O)(c1ccc(C(Cc2cc[n+]([O-])cc2)c2ccc(OC(F)F)c(OC(F)F)c2)cn1)c1nccs1,CHEMBL56575
DEC_2516,decoy,CCCC(CCC)c1nc2c([nH]1)N1C(=N[C@@H]3CCC[C@@H]31)N(C)C2=O,CHEMBL280307
DEC_3269,decoy,Fc1ccc(/C=C/CN2CCN(CCOC(c3ccccc3)c3ccc(F)cc3)CC2)cc1,CHEMBL39890
DEC_1461,decoy,CCCCc1nc2cnnc(O)c2n1Cc1ccc(-c2ccccc2-c2nn[nH]n2)cc1,CHEMBL7478
DEC_2295,decoy,Cc1cccc2c(Nc3ccc(NS(C)(=O)=O)cc3)c3ccccc3nc12,CHEMBL275341
DEC_0974,decoy,NS(=O)(=O)c1ccc(-c2nc(-c3ccc(F)cc3)c(-c3ccncc3)[nH]2)cc1,CHEMBL17210
DEC_3979,decoy,CCC(C)C(NC(=O)[C@@H](CC(=O)NO)Cc1ccccc1)C(=O)NC(C(=O)O)C(C)C,CHEMBL286500
DEC_2968,decoy,N[C@H](C(=O)N1CCC(F)(F)C1)[C@H]1CC[C@H](NC(=O)c2ccccc2C(F)(F)F)CC1,CHEMBL277635
DEC_4139,decoy,Cc1cc(-c2c(F)cc3c(=O)c(Cc4ccc(O)cc4O)cn(C4CC4)c3c2F)cc(C)n1,CHEMBL7877
DEC_1410,decoy,CCC(=O)OCC(=O)[C@@]1(OC(=O)c2ccco2)[C@H](C)CC2C3CCC4=CC(=O)C=CC4(C)[C@@]3(F)C(O)CC21C,CHEMBL289317
DEC_3936,decoy,COCOCCC1(O)C(=O)OCc2c1cc1n(c2=O)Cc2c-1nc1cc3c(cc1c2CCl)OCCO3,CHEMBL301393
DEC_0407,decoy,C=C1/C(=C\C=C2/CCCC3(C)C([C@H](C)CC#CC(C)(C)O)=CCC23)C[C@@H](O)C[C@@H]1O,CHEMBL35115
DEC_2098,decoy,O=C1c2cc3ccccc3cc2C(=O)N1CCCCCn1c(C2CCNCC2)nc2cc(Cl)c(Cl)cc21,CHEMBL282881
DEC_4580,decoy,O=[N+]([O-])c1cccc(S(=O)(=O)N2Cc3ccccc3N(Cc3c[nH]cn3)C(CCc3ccccc3)C2)c1,CHEMBL266118
ACT_058,active,COc1ccc(CCNC(=O)Nc2ccc(F)cc2)cc1,CHEMBL1289379
DEC_1517,decoy,CN(C(=O)[C@H](CC#Cc1cccc(N)c1)NS(=O)(=O)c1ccc2ccccc2c1)C1CCCC1,CHEMBL7221
DEC_3139,decoy,COc1ccc2c3c1OC1[C@H]4OC[C@@]4(CCc4ccccc4)CC4C(C2)N(C)CCC341,CHEMBL273873
DEC_3595,decoy,O=C(O)CCc1c(-c2cccnc2)ccc2c1CCC(NS(=O)(=O)c1ccc(Cl)cc1)C2,CHEMBL28560
DEC_3584,decoy,CCCC(c1cccc(NS(=O)(=O)c2cn(C)cn2)c1)c1c(O)c2c(oc1=O)CCCCCC2,CHEMBL16511
DEC_4385,decoy,CCN(CC)CCNCCNc1ccc2ncn3c4ccccc4c(=O)c1c23,CHEMBL7813
DEC_3680,decoy,CCOC(=O)COc1ccc(-c2nc3c4cnn(CCc5ccccc5)c4nc(N)n3n2)cc1,CHEMBL21550
DEC_3365,decoy,CCN(Cc1ccccc1)Cc1ccc(-c2cc(S(=O)(=O)CC)ccc2OC)[nH]1,CHEMBL21967
DEC_1528,decoy,CC1(C)C2CCC1(CS(=O)(=O)N1CCC3(CCc4ccccc43)CC1)C(NC(=O)[C@@H]1CCCNC1)C2,CHEMBL282258
DEC_3754,decoy,O=C(NN1CCCCC1)c1nn(-c2ccc(Cl)cc2Cl)c2c([N+](=O)[O-])cccc12,CHEMBL36232
DEC_2867,decoy,CN1CN(C)c2nc3n(Cc4ccccc4)c(O)c(Sc4ccccc4)c(=O)n3c2C1=O,CHEMBL14027
DEC_2671,decoy,O=S(=O)(Nc1ccc(CCNC[C@H](O)c2cccnc2)cc1)c1ccc(-n2ncc(Cc3c(F)cccc3F)n2)cc1,CHEMBL66789
DEC_3424,decoy,O=C1[C@@H](NS(=O)(=O)c2cc3ccnc(Cl)c3s2)CCN1CCNc1ccncc1,CHEMBL8861
DEC_0825,decoy,N#C/C(=C(/N)Sc1ccccc1N)c1cccc(C(O)c2ccc3c(c2)OCCO3)c1,CHEMBL34072
DEC_2990,decoy,CCCCc1cc(O)cc(=O)n1Cc1ccc(-c2ccccc2-c2nn[nH]n2)cc1,CHEMBL23045
DEC_0477,decoy,CCCCCCCN(CC)CCC[C@H](O)c1ccc(NS(C)(=O)=O)cc1,CHEMBL13332
DEC_0209,decoy,c1cc(CSc2ccc3ccccc3n2)cc(-c2nnn(CCCCc3nnn[nH]3)n2)c1,CHEMBL18922
DEC_1819,decoy,CNCC1CCN(c2c(F)c(N)c3c(=O)c(C(=O)O)cn(C4CC4)c3c2F)C1,CHEMBL275174
DEC_0372,decoy,CCCC(CCC)=NOCC(O)CNC(C)(C)C.O=C(O)C(=O)O,CHEMBL287766
DEC_3195,decoy,COc1cc2cc(CO)c(CO)c(-c3ccnc(-n4c(=O)ccc5ccccc54)c3)c2cc1OC,CHEMBL12383
DEC_1288,decoy,Nc1nccc(-c2c(-c3ccc(F)cc3)ncn2CCCN2CCOCC2)n1,CHEMBL274863
DEC_3466,decoy,O=C(O)Cc1cccc2c1Cc1c-2nc(O)c2nc(CP(=O)(O)O)cn12,CHEMBL278615
DEC_2958,decoy,CCNCC1CCN(c2c(F)cc3c(=O)c(C(=O)O)cn(C4CC4)c3c2OCC)CC1,CHEMBL15171
DEC_3594,decoy,NS(=O)(=O)c1ccc(-n2nc(COCc3ccccc3)cc2-c2ccc(Cl)cc2)cc1,CHEMBL29424
DEC_3204,decoy,CCCCc1nc2ccc(O)cc2c(=O)n1Cc1ccc(-c2ccccc2-c2nnn[nH]2)cc1,CHEMBL26514
DEC_4627,decoy,c1ccc(C(=N/Nc2ccc(C3CCCCC3)cc2)/N=N/c2nnnn2-c2ccccc2)cc1,CHEMBL23068
DEC_4408,decoy,O=C(/C=C/c1ccc(O)c(O)c1)OCCCOC(=O)/C=C/c1ccc(O)c(O)c1,CHEMBL31026
DEC_0953,decoy,O=C(O)CN1C(=O)c2cccc3cc(C(=O)CI)cc(c23)C1=O,CHEMBL13803
DEC_0574,decoy,O=C1O/C(=C\I)CCC1c1cccc2ccccc12,CHEMBL6228
DEC_3302,decoy,CC1(CCCCN2CCOCC2)COC(c2nc(-c3ccccc3)c(-c3ccccc3)[nH]2)OC1,CHEMBL287233
DEC_1017,decoy,C[C@@](O)(/C=C/C1[C@H](O)C[C@@H]2OC(=O)CCC/C=C\C[C@H]12)CCc1ccccc1,CHEMBL429044
DEC_1956,decoy,O=[N+]([O-])c1cccc2[nH]c3c(N4CCN(CCc5ccc(F)c(F)c5)CC4)ncnc3c12,CHEMBL282156
DEC_4373,decoy,CCCOC(=O)c1cc(NC(=O)c2cccs2)ccc1OCC(O)CNC(C)C,CHEMBL415487
DEC_1399,decoy,O=C1N(Cc2ccc(-c3ccccc3-c3nn[nH]n3)cc2)C(c2ccccc2)=NC1(c1ccccc1)c1ccccc1,CHEMBL39542
DEC_4468,decoy,Cc1noc(NS(=O)(=O)c2ccccc2-c2ccc(-c3ncco3)cc2CC(=O)NC(C)(C)C)c1C,CHEMBL30215
DEC_2110,decoy,COC1(c2csc(Sc3ccc4c(c3)CC/C4=N\OCC#N)c2)CCOCC1,CHEMBL24239
DEC_3122,decoy,COc1cccc2c1CCC[C@H]2CN(C)CCc1ccc2c(c1)CS(=O)(=O)C2,CHEMBL9970
DEC_0442,decoy,Brc1cccc(Br)c1N(CC1CCCC1)C1=NCCN1,CHEMBL277652
DEC_0723,decoy,Cc1cn(C2OC(COC(c3ccccc3)(c3ccccc3)c3ccccc3)C(N=[N+]=[N-])C2O)c(=O)[nH]c1=O,CHEMBL287874
DEC_0620,decoy,O=c1cnn(-c2ccc(Sc3ccc(Cl)cc3)c([N+](=O)[O-])c2)c(=O)[nH]1,CHEMBL27023
DEC_3865,decoy,CC(C)(C)c1cc(CN)c(O)c(I)n1,CHEMBL276112
DEC_2962,decoy,CCN(C(=O)C1=C(C(=O)NCc2ccc(C(=N)N)cc2)CCC1)c1cc(Cl)ccc1C,CHEMBL274021
DEC_4708,decoy,CCC(C)Cn1ncc2c1nc(N)n1nc(-c3ccco3)nc21,CHEMBL440458
DEC_4300,decoy,c1ccc(CSc2nc3ccccc3n2CCN2CCOCC2)nc1,CHEMBL9603
DEC_0270,decoy,CN(C)CCCCNc1cc(-c2ccc(N3CCN(C)CC3)cc2)nc2ccccc12,CHEMBL22993
DEC_0439,decoy,Brc1cccc(Br)c1N(CC1CC1)C1=NCCCN1,CHEMBL20013
DEC_2900,decoy,O=C(O)c1ccc2ccc(/C=C/c3cc(O)c(O)c(I)c3)nc2c1O,CHEMBL37845
DEC_1395,decoy,CN(C)Cc1n[nH]nc1CN1CCOC2(CCC(c3ccccc3C(F)(F)F)CO2)C1c1ccc(F)cc1,CHEMBL84881
DEC_2274,decoy,O=c1oc(Nc2ccccc2I)nc2ccc(Cl)cc12,CHEMBL10246
DEC_0037,decoy,CCC(C)(C)/N=c1\c(O)c(O)\c1=N/Cc1c(C)cc(Br)cc1C,CHEMBL19620
DEC_4758,decoy,CC(C)(CCCOc1ccc(OCCCC(C)(C)C(=O)O)c(C(O)c2ccccc2)c1)C(=O)O,CHEMBL266750
DEC_3131,decoy,Cc1c(C(=O)c2ccccc2F)c2cccc3c2n1C(CN1CCOCC1)CO3,CHEMBL280991
DEC_1166,decoy,CC(C)=CCc1c(O)n(Cc2ccccc2)c2nc3c(n2c1=O)C(=O)N(C)CN3C,CHEMBL14433
DEC_0062,decoy,O=C(O)c1cc(/N=N/c2ccc(S(=O)(=O)Nc3ccccn3)cc2)ccc1O,CHEMBL421
DEC_2548,decoy,COc1ccc(N(C)Cc2cnc3nc(N)nc(N)c3c2C)c(OC)c1,CHEMBL23705
DEC_2471,decoy,COc1ccc(C[C@H]2NC(=O)/C=C/C[C@@H]([C@H](C)C3OC3c3ccccc3)OC(=O)[C@H](CC(C)C)CC(=O)CCNC2=O)cc1,CHEMBL433482
DEC_3720,decoy,N#Cc1c2n(c3c(N4CCN(CCc5c[nH]c6ccccc56)CC4)ncnc13)CCCC2,CHEMBL27861
DEC_0298,decoy,O[C@H](CN1CCN(CCOC(c2ccc(F)cc2)c2ccc(F)cc2)CC1)c1ccccc1,CHEMBL279461
DEC_4492,decoy,O=C(NO)[C@H]1CN(Cc2ccc(Oc3cccc4ccccc34)cc2)C(=O)N1,CHEMBL282004
DEC_0461,decoy,COC(=O)CC/C=C\CC[C@H]1C(=O)C[C@@H](O)[C@@H]1/C=C/CC(C)(O)CCC1CCC1,CHEMBL6502
DEC_3334,decoy,NS(=O)(=O)c1ccc(-n2nc(C(F)(F)F)cc2-c2ccc(F)cc2)cc1,CHEMBL28527
DEC_4130,decoy,O=c1c2c(oc(O)c1[C@@H](c1cccc(NS(=O)(=O)c3ccc(F)cc3)c1)C1CC1)CCCCCC2,CHEMBL15959
DEC_2601,decoy,CCNCC1CCN(c2c(F)c(C)c3c(=O)c(C(=O)O)cn(C4CC4)c3c2F)C1,CHEMBL16371
DEC_3044,decoy,O=C1[C@@H](NS(=O)(=O)c2ccc(-c3ccncc3)s2)CCN1CCNc1ccncc1,CHEMBL266351
DEC_2853,decoy,CN1C(=O)C=C[C@]2(C)C3CC[C@@]4(C)C(CC[C@@]4(O)C#CCCCBr)C3CCC12,CHEMBL275764
DEC_2995,decoy,Cc1[nH]c(/C=C2\C(=O)Nc3ccc(F)cc32)c(C)c1C(=O)NCC1CCN(C)CC1,CHEMBL13983
DEC_2677,decoy,CCCCc1nc([S+](C)[O-])c(C(=O)O)n1Cc1ccc(-c2ccccc2S(=O)(=O)NC(=O)NCCC)cc1,CHEMBL306180
DEC_0927,decoy,O=C(c1ccn2c1CS[C@@H]2c1cccnc1)c1cn(C(=O)NCCS(=O)(=O)O)c2cc(-c3ccc(F)cc3)ccc12,CHEMBL99385
DEC_2444,decoy,CC#CCOc1ccc(S(=O)(=O)N(C)c2c(C(=O)NO)cnc3c(OC)cccc23)cc1,CHEMBL288671
DEC_0679,decoy,CCNC(=O)[C@H]1OC(n2cnc3c(N)nc(NCCc4ccc(OCC(=O)O)cc4)nc32)[C@H](O)[C@@H]1O,CHEMBL60860
DEC_2508,decoy,CC1(C)N=C(N)N=C(N)N1c1cccc(COc2ccccc2)c1,CHEMBL282754
DEC_0798,decoy,Cc1cc(SC2=C(O)OC(C)(CCc3ccc(O)cc3)CC2=O)c(C(C)(C)C)cc1N,CHEMBL37755
DEC_1344,decoy,CSc1c2c(nc(N)n3nc(-c4ccco4)nc23)nn1CCCc1ccccc1,CHEMBL20445
DEC_3185,decoy,O=C1CCC(=O)N1CCCCCn1c(C2CCNCC2)nc2cc(Cl)c(Cl)cc21,CHEMBL281162
DEC_2387,decoy,CN(C)C(=O)c1ccc(COc2ccc(N3C(N)=NC(N)=NC3(C)C)cc2Cl)cc1,CHEMBL34043
DEC_0843,decoy,c1cc(C2=NCCN2)ccc1CC1CCN(c2ccc(C3=NCCN3)cc2)CC1,CHEMBL9479
DEC_3173,decoy,C#CCN(Cc1cc2c(O)nc(C)nc2cc1C)c1ccc(C(=O)NCc2ccccn2)c(F)c1,CHEMBL6632
DEC_3078,decoy,COc1cc(O)ccc1C(C)(C)C(C)(C)c1ccc(O)cc1OC,CHEMBL25937
DEC_1073,decoy,Cn1cncc1C(OCc1ccc(C#N)c(-c2ccc(Cl)c(Cl)c2)n1)c1ccc(C#N)cc1,CHEMBL38567
DEC_4604,decoy,Cn1cncc1CN(Cc1ccccc1)c1ccc(C#N)c(-c2cccc3ccccc23)c1,CHEMBL29645
DEC_3604,decoy,O=S1(=O)c2cccc3cccc(c23)N1CCN1CCN(Cc2c[nH]c3ccc(F)cc23)CC1,CHEMBL276922
DEC_3312,decoy,NCC1CN(c2c(F)cc3c(=O)c(C(=O)O)cn(C4CC4)c3c2Cl)CCO1,CHEMBL284218
DEC_1935,decoy,COc1ccccc1N1CCN(CCn2c(=O)[nH]c3sc(C)c(-c4ccccc4)c3c2=O)CC1,CHEMBL13754
DEC_2953,decoy,O=C1N[C@H](CCc2ccccc2)[C@@H](O)[C@@H](Cc2ccccc2)N1Cc1ccc2[nH]ncc2c1,CHEMBL37472
DEC_2384,decoy,CC(C)(C)NC(=O)C(C1CC1)N1C(=O)[C@H](CS)NC(=O)[C@@H]1Cc1ccc([N+](=O)[O-])cc1,CHEMBL25788
DEC_3776,decoy,CCCC(=O)N[C@@H](c1ccccc1)[C@@H](O)C(=O)OC1CC2C(C)(C)C1(C)[C@@]13C[C@H](C)c4ccccc4[C@@]21O3,CHEMBL31626
DEC_4312,decoy,COc1cccc2c1CCC[C@H]2CN(C)CCc1ccc2nccnc2c1,CHEMBL9924
DEC_4120,decoy,Cc1cc(C)cc(-c2c(O)nc3cc(Cl)c(NC(=O)c4cnccn4)cc3c2OCC[C@@H]2CCCCN2)c1,CHEMBL46312
DEC_3088,decoy,CN(C)/C(=N/c1cccc(/C(=C\CCCC(=O)O)c2cccnc2)c1)NC#N,CHEMBL280380
DEC_2710,decoy,CC1CC(NC(=O)N(CCCl)N=O)CC(C)(C)C1,CHEMBL275300
DEC_3444,decoy,CC1=C(C(=O)OC(c2ccccc2)c2ccccc2)N2C(=O)[C@@H](NC3=NCCN3)C2SC1,CHEMBL274203
DEC_4379,decoy,CC1(C)CC(C(=O)NCCCNCc2ccccc2OCc2ccccc2)C(C)(C)N1,CHEMBL278256
ACT_034,active,O=C(NCc1ccc(Br)cc1F)[C@@H]1C2CCC([C@H]1C(=O)NC1CCNCC1F)C21CC1,CHEMBL5557151
DEC_1025,decoy,CCOc1c(Br)cc(-c2c(N)nc(N)nc2CC)cc1Br,CHEMBL22271
DEC_1522,decoy,CCS(=O)(=O)c1ccc2c(c1)/C(=C/c1[nH]c3c(c1CCCN1CCN(C)CC1)CCCC3)C(=O)N2,CHEMBL54283
DEC_2597,decoy,CCCc1nc(SC)c(C(C)(O)C(=O)O)n1Cc1ccc(-c2ccccc2S(=O)(=O)NC(=O)NCc2ccccc2)cc1,CHEMBL275449
DEC_3300,decoy,O=C(O)COc1cccc2c1CCC(C/C=N/OC(c1ccccc1)c1ccccc1)C2,CHEMBL10742
ACT_090,active,Cc1cnn(C)c1S(=O)(=O)N1CCC(Oc2ccc(Cl)cc2Cl)CC1,CHEMBL3968187
DEC_1110,decoy,Nc1[nH]nc2ccc(CN3C(=O)N(Cc4ccccc4)[C@H](Cc4ccccc4)[C@H](O)[C@H]3CCc3ccccc3)cc12,CHEMBL431321
DEC_4393,decoy,CCn1cnc2c(Nc3cccc(Cl)c3)nc(NC3CCC(O)CC3N)nc21,CHEMBL26446
DEC_1112,decoy,CC(C)(C)C(=O)OCc1cc(C(C)(C)C)ccc1C/N=C(\S)NCc1ccc(NS(C)(=O)=O)cc1,CHEMBL47282
DEC_2255,decoy,CC12CCC3C(C(CCc4ccc(N)cc4)=CC4=CC(=O)CCC43C)C1CCC2=O,CHEMBL266297
DEC_1371,decoy,O=c1c2c(oc(O)c1[C@@H](c1cccc(NS(=O)(=O)c3cccc4cccnc34)c1)C1CC1)CCCCCC2,CHEMBL16337
DEC_3809,decoy,O=C(O)c1cc(/C=C/c2ccc(/C=C/c3ccc(O)c(C(=O)O)c3)c(I)c2)ccc1O,CHEMBL418455
DEC_1463,decoy,CN1CCC23c4c5ccc(O)c4OC2[C@H](O)[C@](CO)(CCCCCc2ccccc2)CC3C1C5,CHEMBL9425
DEC_0872,decoy,CNc1cc(S(=O)(=O)Nc2ccc(N)cc2)cc(Br)n1,CHEMBL23965
DEC_0337,decoy,N[C@@H](Cc1cc(I)c(Oc2ccc(O)c(Cc3ccc(O)nn3)c2)c(I)c1)C(=O)O,CHEMBL111892
DEC_1880,decoy,Cn1cncc1C(O)(CN1CCC(C#N)=C(c2cccc3ccccc23)C1)c1ccc(C#N)cc1,CHEMBL282161
DEC_4282,decoy,COc1c2occc2c(CN2CCN(C)CC2)c2ccc(=O)oc12.Cl,CHEMBL6589
DEC_4729,decoy,Cc1cc(N2CCOCC2)nnc1Nn1c(C)ccc1C,CHEMBL275534
DEC_0716,decoy,CC(C)C(=O)OCC(=O)[C@@]1(OC(=O)C(C)C)CCC2C3C[C@H](F)C4=CC(=O)C=CC4(C)[C@@]3(F)C(O)CC21C,CHEMBL430603
DEC_1138,decoy,O=C(/C=C/c1ccc(Cl)c(Cl)c1)NCCCCCN1CCC(c2c[nH]c3ccc(O)cc23)CC1,CHEMBL432713
DEC_4752,decoy,CCN(CC)CCCC(C)Nc1nc(Nc2cc(OC)c(OC)c(OC)c2)c2ccccc2n1,CHEMBL284052
DEC_4576,decoy,Cn1cnc(S(=O)(=O)Nc2cccc([C@H](c3c(O)c4c(oc3=O)CCCCCC4)C3CC3)c2)c1,CHEMBL418171
DEC_0925,decoy,CCNS(=O)(=O)Oc1cc(C(C)(C)C)c(SC2=C(O)OC(CCc3ccc(O)cc3)(c3ccccc3)CC2=O)cc1C,CHEMBL71218
DEC_2728,decoy,CC1(C)CC1C(=O)N/C(=C\CCCCC#N)C(=O)O,CHEMBL11763
DEC_4133,decoy,O=C(O)c1ccc2ccc(/C=C/c3cc(Br)c(O)c(Br)c3)nc2c1O,CHEMBL39301
DEC_2518,decoy,CCc1cc(C#N)ccc1C/N=c1\c(O)c(O)\c1=N/C(C)(C)CC,CHEMBL19999
DEC_1126,decoy,CCCCNC(=O)N[C@@H](c1ccccc1)[C@@H](O)C(=O)OC1CC2C(C)(C)C1(C)[C@@]13C[C@H](C)c4ccccc4[C@@]21O3,CHEMBL32238
DEC_2307,decoy,O=C(O)COc1cccc2c1CCC(C/C=C/CCc1ccccc1)C2,CHEMBL275493
DEC_1316,decoy,O=C(O)COc1ccc2c(c1Cl)S(=O)(=O)N=C2c1ccccc1F,CHEMBL277872
DEC_1710,decoy,CCC(c1ccc(O)cc1O)C(CC)c1ccc(O)cc1O,CHEMBL15220
DEC_0203,decoy,[O-][N+]1(Cn2c(SCc3ccccn3)nc3ccccc32)CCOCC1,CHEMBL276843
DEC_0548,decoy,OC(c1ccc(Cl)cc1Cl)C(O)(Cn1cncn1)c1ccc(F)cc1,CHEMBL275963
DEC_2139,decoy,COc1cccc2c1CC1(CCCN1CCCCN1C(=O)CC3(CCCC3)CC1=O)CO2,CHEMBL11265
DEC_2676,decoy,O=c1n(CCCC2CCCC2)nnn1-c1ccc(S(=O)(=O)Nc2ccc(CCNC[C@H](O)c3cccnc3)cc2)cc1,CHEMBL22375
DEC_1079,decoy,Cc1ccc(/C=C2\CSCC3C2=NN(CCCN2CCN(C)CC2)C3c2ccc(C)cc2)cc1,CHEMBL38292
DEC_3592,decoy,O=C1NC(=O)C(CC#Cc2ccc(C(F)(F)F)cc2)(S(=O)(=O)c2ccc(F)cc2)S1,CHEMBL11742
DEC_4765,decoy,CCCCCOc1ccc(-c2ccc(OCC(CN3C(=O)NC(C)(C)C3=O)N(O)C=O)cc2)cc1,CHEMBL39601
DEC_3196,decoy,O=C(c1cc(O)cc(O)c1)N1CC[C@H](NCc2ccnc3ccccc23)C[C@H]1Cc1ccccc1,CHEMBL43394
DEC_3582,decoy,Cc1oc(-c2ccc(C(F)(F)F)cc2)nc1COc1ccc2c(c1)C=C/C2=C\Cn1oc(=O)[nH]c1=O,CHEMBL267241
ACT_039,active,COc1cccc(C(=O)N[C@@H]2CCCN(c3ccc(-c4ccccc4S(C)(=O)=O)cc3F)C2=O)c1,CHEMBL5613021
DEC_2632,decoy,COc1cccc2c1CCC1CN(CCn3c(=O)[nH]c4c([nH]c5ccccc54)c3=O)CC21,CHEMBL288809
DEC_4226,decoy,CN1C(=O)C(NC(=O)CCc2cccc(Cl)c2Cl)N=C(c2ccc(C(N)=O)cc2)c2ccccc21,CHEMBL297723
DEC_1783,decoy,O=C1c2c(c(=O)n3nc(-c4ccccc4)cc3n2CS(=O)(=O)c2ccccc2)CN1C1CCCCC1,CHEMBL47851
DEC_0941,decoy,CC(=O)NC(=S)NC[C@@H]1C[C@@H]2c3cc(C(C)(C)C)cc4[nH]cc(c34)C[C@H]2N(C)C1,CHEMBL14238
DEC_2513,decoy,CC1(C)N=C(N)N=C(N)N1c1cccc(OCc2ccccc2)c1,CHEMBL7357
DEC_4100,decoy,CC(C)C(c1cccc(NS(=O)(=O)c2ccc(Cl)cc2)c1)c1c(O)c2c(oc1=O)CCCCCC2,CHEMBL16327
DEC_0852,decoy,Cc1cc2c(s1)CCC(CN[C@@H]1CC[C@@H](Oc3ccccc3)[C@H]1O)C2=O,CHEMBL15359
DEC_0487,decoy,CC(C)(CCCOc1ccc(OCCCC(C)(C)C(=O)O)c(Cl)c1)C(=O)O,CHEMBL8118
DEC_2289,decoy,CN1CCC23c4c5ccc(O)c4OC2[C@H]2OC[C@@]2(CCCc2ccccc2)CC3C1C5,CHEMBL417605
DEC_3639,decoy,CNCc1ccc([C@H]2C[C@H](SC3=C(C(=O)O)N4C(=O)[C@H]([C@@H](C)O)[C@H]4[C@H]3C)CN2)cc1,CHEMBL279325
DEC_1939,decoy,CC1=CSCC(=O)N1C1C[C@@H](OC(=O)c2ccc(C)cc2)C(COC(=O)c2ccc(C)cc2)O1,CHEMBL41334
DEC_0887,decoy,C=C(CC[C@@H](O)[C@]1(C)CC[C@H](C(C)(C)O)O1)[C@H]1CC[C@H]2O[C@@H]([C@]3(C)CC[C@@H](Br)C(C)(C)O3)CC[C@]2(C)O1,CHEMBL23834
DEC_2699,decoy,C=CCNc1nc(NCC=C)nc(NCC(O)CN2CCC(NCC3c4ccccc4CCc4ccccc43)CC2)n1,CHEMBL312175
DEC_2439,decoy,CCC(C)(O)C#Cc1nc(NCc2ccc(OC)c(OC)c2)c2ncn(C(C)C)c2n1,CHEMBL281525
DEC_1467,decoy,C=C(C)[C@H]1Cc2c(ccc(C(=O)Cc3cc(OC)c(OC)cc3OCC(=O)O)c2O)O1,CHEMBL266281
DEC_3467,decoy,C(CN1CCC(C2=NCCN2)CC1)CN1CCC(C2=NCCN2)CC1,CHEMBL10288
DEC_2397,decoy,C[C@@H](O)[C@H]1C(=O)N2C(C(=O)O)=C(S[C@@H]3CN[C@@H](c4ccc(CCN)cc4)C3)[C@H](C)[C@H]12,CHEMBL278723
DEC_0224,decoy,CCN(CC)C(=O)c1cc(=O)c(C)c2oc3c(C)c(O)c(N)c(C(=O)N(CC)CC)c3nc1-2,CHEMBL279002
DEC_3972,decoy,N[C@@H](CCC(=O)NC(CSCCCCc1ccccc1)C(=O)NCC(=O)O)C(=O)O,CHEMBL32624
DEC_0597,decoy,CC1(C)C(=O)N(c2ccc(C#N)c(C(F)(F)F)c2)C(=O)N1CCCCF,CHEMBL9328
DEC_0638,decoy,Nc1nc2c(cnn2CCc2ccccc2)c2nc(-c3ccccc3)nn12,CHEMBL280411
DEC_3147,decoy,CC(=O)N(C(=O)N=[S+]([O-])(c1ccc(C)cc1)N(C)C(C)=O)c1ccc(Cl)cc1,CHEMBL7876
DEC_2693,decoy,CC(C)(C)OC(=O)NC(Cc1c[nH]cn1)C(=O)N[C@@H](CC1CCCCC1)[C@@H](O)CS(=O)(=O)C1CCCCC1,CHEMBL66021
DEC_4366,decoy,CN1CCCC1CNCCCCNCC1CCN(C(=O)Cc2cccc3ccccc23)CC1,CHEMBL22394
DEC_1588,decoy,COc1cccc2c1CCC[C@H]2CN(C)CCc1ccc2[nH]cnc2c1,CHEMBL9896
DEC_4490,decoy,Cc1cc(/C=C/C(=O)O)ccc1NC(=O)c1cccc(NC2=NCCCN2)c1,CHEMBL418048
DEC_0901,decoy,CO/C1=C\C(C)=C\[C@@H](C)[C@@H](O)[C@@H](C)C/C(C)=C/C=C/[C@H](OC)[C@@H]([C@@H](C)[C@@H](O)[C@H](C)C(=O)/C=C/[C@H](C)C(O)C(C)C)OC1=O,CHEMBL54107
DEC_4308,decoy,C=CC(C)(C)c1c(OC)cc2oc3ccc(OC)c(OC)c3c(=O)c2c1O,CHEMBL27150
DEC_1665,decoy,C(=N/NC1=NCCN1)\c1ccc(/C=N/NC2=NCCN2)c2cc3ccccc3cc12,CHEMBL22696
DEC_1436,decoy,COC=C(c1cc(Br)c(OC)c(C(=O)OC)c1)c1cc(Br)c(OC)c(C(=O)OC)c1,CHEMBL63900
DEC_1369,decoy,CCOC(=O)N[C@@H](c1cccc(F)c1)[C@@H](O)C(=O)OC1CC2C(C)(C)C1(C)[C@@]13C[C@H](C)c4ccccc4[C@@]21O3,CHEMBL287108
DEC_1102,decoy,C=CC(C)(C)c1[nH]c2ccccc2c1C1=C(O)C(O)=C(c2c[nH]c3c(CCC(C)(C)O)cccc23)C(=O)C1=O,CHEMBL428355
DEC_0130,decoy,CCC(C)(C)/N=c1\c(O)c(O)\c1=N/Cc1ccc(C#N)c(Cl)c1,CHEMBL417098
DEC_3162,decoy,O=S1(=O)c2cccc3cccc(c23)N1CCCN1CC=C(c2c[nH]c3ccc(O)cc23)CC1,CHEMBL19652
DEC_1229,decoy,Cc1noc(NS(=O)(=O)c2ccccc2-c2ccc(-c3ncco3)cc2CNCC(F)(F)F)c1C,CHEMBL29420
DEC_0089,decoy,OC(CNCCc1ccncc1)COc1ccc(-c2nc(-c3cccs3)c[nH]2)cc1,CHEMBL416151
DEC_3896,decoy,O=C(O)C1Cc2cc3c(-c4ccc(O)cc4)noc3c(Cl)c2O1,CHEMBL7974
DEC_3601,decoy,C/C(=C\Cn1oc(=O)[nH]c1=O)c1ccc(OCc2nc(-c3ccc(C(F)(F)F)cc3)oc2C)cc1,CHEMBL6599
DEC_1127,decoy,O=C(NC(C(=O)NCC1CCN(C2CCCC2)CC1)c1cnc2ccccc2c1)c1ccc2c(Cl)c[nH]c2c1,CHEMBL72659
DEC_2743,decoy,c1ccc(COc2ccccc2-c2nc3ccc[nH]c-3n2)cc1,CHEMBL27627
DEC_0582,decoy,c1ccc(Cn2c3c(c4ccccc42)CCN(CCc2ccccn2)C3)cc1,CHEMBL267775
DEC_1718,decoy,Cc1ccc2c(c1)CC(O)c1cc(C(C)C(=O)O)ccc1S2,CHEMBL416148
DEC_3782,decoy,CCOC(=O)N[C@@H](c1ccsc1)[C@@H](O)C(=O)OC1CC2C(C)(C)C1(C)[C@@]13C[C@H](C)c4ccccc4[C@@]21O3,CHEMBL417488
DEC_4367,decoy,CC[C@@](C)(c1ccc(O)cc1)[C@H](CCCC(=O)N(CCO)CCO)c1ccc(O)cc1,CHEMBL416610
DEC_2784,decoy,CS(=O)(=O)Nc1cccc(Nc2c3ccccc3nc3ccccc23)c1,CHEMBL20998
DEC_2496,decoy,CN(C)C(=O)CN1N=C(c2ccc3nc(C4CC4)n(Cc4ccc(-c5ccccc5-c5nn[nH]n5)cc4)c3c2)CCC1=O,CHEMBL24319
DEC_3015,decoy,CN(C(=O)[C@H](CC#Cc1cnc(N)s1)NS(=O)(=O)c1ccc2ccccc2c1)C1CCCC1,CHEMBL269020
DEC_0304,decoy,CC[C@H]1OC(=O)/C(C)=C/[C@H](C)[C@@H](O[C@@H]2O[C@H](C)C[C@H](N(C)C)[C@H]2O)[C@@](C)(OC)C[C@@H](C)C(=O)[C@H](C)[C@H]2NC(=O)O[C@@]21C,CHEMBL297609
DEC_1678,decoy,C[C@@H](O)[C@H]1C(=O)N2C(C(=O)O)=C(S[C@@H]3CN[C@H](Cc4ccc(CN)cc4)C3)[C@H](C)[C@H]12,CHEMBL275668
DEC_0271,decoy,NC(N)=NCCC[C@H](N)C(=O)N(Cc1ccc2ccccc2c1)Cc1cccc2ccccc12,CHEMBL267020
DEC_2959,decoy,CCCCc1nc2cnnc(O)c2n1Cc1ccc(-c2ccccc2C(=O)O)cc1,CHEMBL7396
DEC_0832,decoy,CC1(C)CC(NP(=O)(O)N(CCCl)CCCl)CC(C)(C)N1O,CHEMBL268498
DEC_1078,decoy,CN(CCn1c(N)nc2cc(Cl)c(Cl)cc21)CCn1c(N)nc2cc(Cl)c(Cl)cc21,CHEMBL45109
DEC_3673,decoy,CCn1c(=O)c2nc(-c3ccc(S(=O)(=O)N4CCSCC4)cc3)[nH]c2n(CC)c1=O,CHEMBL275262
DEC_2704,decoy,O=NN(CCCl)C(=O)NC1C2CC3CC(C2)CC1C3,CHEMBL12424
DEC_2486,decoy,CC(=O)N1[C@H](CC23CC4CC(CC(C4)C2)C3)C(=O)N(Cc2ccccc2)c2ccccc2C(=O)C[C@H]1C(=O)N[C@@H](C)C(=O)O,CHEMBL446414
DEC_0862,decoy,C=C(c1c(C)ccc(Cl)c1OCC(O)CNC(C)(C)C)n1ccnc1,CHEMBL14989
DEC_0181,decoy,CCO[C@@]12CCC(=O)[C@@H]3Oc4c(O)ccc5c4[C@@]31CCN(CC1CC1)C2C5,CHEMBL278717
DEC_2430,decoy,O=C1[C@@H](NS(=O)(=O)c2cc3c(Cl)nccc3s2)CCN1Cc1cc2cc[nH]cc-2n1,CHEMBL8506
DEC_0048,decoy,CN1CCC23c4c5ccc(O)c4O[C@H]2C=C[C@H](N(CCCl)CCCl)[C@H]3C1C5,CHEMBL12397
DEC_2117,decoy,N#C/C(=C\c1ccccc1OCCCCN1CCOCC1)c1noc2ccccc12,CHEMBL21786
DEC_3474,decoy,CC(C)C(=NOCC(O)CNC(C)(C)C)C(C)C.O=C(O)C(=O)O,CHEMBL288140
DEC_4301,decoy,FC(F)(F)c1cccc(N2CCN(c3ccc(-c4ncns4)nn3)CC2)c1,CHEMBL14718
DEC_3011,decoy,CCCCCCC[C@H]1OC(=O)C[C@@H](O)[C@H](Cc2ccccc2)N(C)C(=O)[C@H](C)OC(=O)[C@H]1C,CHEMBL8097
DEC_3535,decoy,CC1(C)Oc2cc([N+](=O)[O-])sc2[C@@H](N2Cc3ccccc3C2=O)[C@@H]1O,CHEMBL28886
DEC_2844,decoy,CC1CNc2c(cccc2S(=O)(=O)N[C@@H](Cc2nc3ccccc3s2)C(=O)N2CCC(CCO)CC2)C1,CHEMBL290025
DEC_2468,decoy,C=C[C@H]1C[N@+]2(Cc3cc(C(C)(C)C)c(OC)c(C(C)(C)C)c3)CC[C@H]1C[C@@H]2[C@@H](O)c1ccnc2ccccc12.[Br-],CHEMBL27076
DEC_1198,decoy,CCOc1nc2c(n1Cc1ccc(O)cc1)C(=O)N(CC)C1=N[C@@H]3CCC[C@@H]3N12,CHEMBL280525
DEC_1457,decoy,O=C(O)C(CCCCn1cnc2c1NC=NCC2O)(Cc1ccccc1C(F)(F)F)C(=O)O,CHEMBL288742
DEC_4402,decoy,O=C1[C@@H](NS(=O)(=O)c2cc3cccnc3s2)CCN1CCNc1ccncc1,CHEMBL8564
DEC_3420,decoy,COc1ccc(CNc2nnc(N3CCC(O)CC3)c3ccc(C#N)cc23)cc1Cl,CHEMBL266960
DEC_2663,decoy,CC(C)CCn1cc(NC(=O)c2cc(NC=O)cn2C)cc1C(=O)Nc1cc(C(=O)NCCCN(C)C)n(C)c1,CHEMBL66928
DEC_3392,decoy,CC(C)c1cccc(C(C)C)c1OC(=O)NS(=O)(=O)Oc1c(F)cccc1F,CHEMBL279513
DEC_1246,decoy,COc1ccc2c3c1OC1[C@H](O)[C@](CO)(CCCCCCc4ccccc4)CC4C(C2)N(C)CCC341,CHEMBL264088
DEC_3389,decoy,C/C(=N\OCC(=O)O)c1ccc(Sc2cc(F)cc(C3CCOCC3)c2)cc1,CHEMBL285137
DEC_0229,decoy,CCCCC(=O)O[C@]1(C(=O)CO)C(C)CC2C3CCC4=CC(=O)C=CC4(C)[C@@]3(F)C(O)CC21C,CHEMBL10858
DEC_2562,decoy,O=S(=O)(Nc1ccc(CCNC[C@H](O)c2cccnc2)cc1)c1ccc(-c2nc(-c3cc4ccccc4o3)cs2)cc1,CHEMBL57908
DEC_4761,decoy,CCCCCCCCCCC(C)(C)C(=O)Nc1c(OC)cc(OC)cc1OCC(=O)O,CHEMBL40506
DEC_2738,decoy,CC[C@]1(c2cccs2)OC[C@H]([C@@H]2CCCCN2)O1,CHEMBL287645
DEC_2453,decoy,CC[C@@]1(O)C(=O)OCc2c1cc1n(c2=O)Cc2c-1nc1ccccc1c2[Si](c1ccccc1)(c1ccccc1)C(C)(C)C,CHEMBL441077
DEC_1287,decoy,CCn1c(/C=C/c2cc(OC)c(OC)c(OC)c2)nc2c1c(=O)n(C)c(=O)n2C,CHEMBL25914
DEC_4475,decoy,CC(=O)OCC1=C[C@H]2[C@@H]3C(C)(C)[C@]3(OC(=O)Cc3ccccc3)C[C@@H](C)[C@]2(O)C2C=C(C)C(=O)[C@@]2(O)C1,CHEMBL268915
DEC_3102,decoy,O=C(N[C@H]1c2ccccc2C[C@H]1O)[C@H](Cc1cccc(O)c1)[C@@H](C(=O)NO)C1CNC1,CHEMBL281196
DEC_1824,decoy,CC[C@@H]1Cc2cc(C)n(CC(=O)NCc3ccc(N)nc3C)c(=O)c2NC1=O,CHEMBL10657
DEC_0207,decoy,CCCOP(=O)(OCC1C=CC(n2cc(C)c(=O)[nH]c2=O)O1)OCC(Cl)(Cl)Cl,CHEMBL19243
DEC_0533,decoy,Nc1ccc(S(=O)(=O)c2cc(Br)nc(N3CCNCC3)c2)cc1,CHEMBL24474
DEC_4214,decoy,CC(C)C[C@@H](C(=O)N[C@H](C(=O)Nc1ccccn1)C(C)(C)C)[C@@H](C(=O)NO)C1CCC(C)CC1,CHEMBL281428
DEC_4154,decoy,OC(c1ccc(Cl)cc1Cl)C(O)(Cn1ccnc1)c1ccc(Cl)cc1Cl,CHEMBL10287
DEC_1580,decoy,CN(C)Cc1ccc(-c2nc(-c3ccc(F)cc3)c(-c3ccncc3)[nH]2)cc1,CHEMBL417087
DEC_0491,decoy,CC(C)N(CCC(CCN(C(C)C)C(C)C)(C(N)=O)c1ccccc1F)C(C)C,CHEMBL13189
DEC_2860,decoy,O=C(Nc1nccs1)c1c(C(F)(F)F)nc2c([S+]([O-])C(F)(F)F)cccc2c1O,CHEMBL430546
ACT_063,active,O=C(Nc1ccc(Br)cc1)NC(C(=O)NCC1CCCO1)C1CCCC1,CHEMBL4759517
DEC_1772,decoy,C[C@@H]1CC2C3CCC4=CC(=O)C=CC4(C)[C@@]3(F)C(O)CC2(C)[C@@]1(OC(=O)c1ccoc1)C(=O)CCl,CHEMBL40756
DEC_3630,decoy,CCCCNC(=O)CCC1(c2ccc3ncc(C(=O)OCC)c(O)c3c2)CCC(=O)NC1=O,CHEMBL22691
DEC_2055,decoy,Oc1ccc2c3c1O[C@H]1c4c(c5ccccc5n4Cc4ccccc4)C[C@@]4(O)[C@@H](C2)N(CC2CC2)CC[C@]314,CHEMBL55305
DEC_0309,decoy,CC[C@H]1OC(=O)CC(O)[C@H](C)[C@@H](O[C@@H]2O[C@H](C)C[C@H](N(C)C)[C@H]2O)[C@@H](CCN(C)C)C[C@@H](C)C(=O)/C=C/[C@]2(C)O[C@H]2[C@@H]1C,CHEMBL269087
DEC_1704,decoy,CCCCCc1cc(O)c2c(c1)OC(C)(C)[C@@H]1CC[C@H](C)C(O)C21,CHEMBL10406
DEC_3362,decoy,C=CC(C)(C)c1c(OCOCCOC)cc2oc(-c3ccccc3)cc(=O)c2c1O,CHEMBL26910
DEC_3481,decoy,CC(=O)N[C@@H](C)C(=O)N1CCC[C@H]1C(=O)NC(C(=O)C(F)(F)F)C(C)C,CHEMBL22401
DEC_4217,decoy,N=C(N)c1cccc(/C=C(\C(=O)Nc2ccc(-c3ccccc3S(N)(=O)=O)cc2)c2ccncc2)c1,CHEMBL288481
DEC_3463,decoy,CCn1c(=O)c2nc(-c3ccc(S(N)(=O)=O)cc3)[nH]c2n(CC)c1=O,CHEMBL11027
DEC_4010,decoy,CCOc1cccc(-c2cc(C#N)ccc2C#CC(O)(c2ccc(C#N)cc2)c2cncn2C)c1,CHEMBL24043
DEC_2318,decoy,C=C(c1cc(Cl)cc(C)c1OCC(O)CNC(C)C)n1ccnc1,CHEMBL15434
DEC_4446,decoy,CN1CCN([C@H]2CC[C@H](n3nc(-c4ccc(Nc5ccccc5)cc4)c4c(N)ncnc43)CC2)CC1,CHEMBL46785
DEC_0418,decoy,CCCc1cc(=O)oc2c3c(c4c(c12)OC(C)(C)C=C4)OC(C)(C)[C@H](C)[C@H]3O,CHEMBL266552
DEC_0052,decoy,CCCCc1nc(CCCC)n(Cc2ccc(-n3ccc(-c4nn[nH]n4)c3)cc2)n1,CHEMBL13071
DEC_1929,decoy,CC(=O)N1CCN(C(=O)/C=C/c2ccc(Sc3ccc4c(ccn4CC(=O)O)c3)c(Cl)c2)CC1,CHEMBL276090
DEC_0524,decoy,CCc1c2c(nc3ccc(O)cc13)-c1cc3c(c(=O)n1C2)COC(=O)C3(O)CC,CHEMBL10206
DEC_2571,decoy,O=S(=O)(Nc1ccc(CCNC[C@H](O)c2cccnc2)cc1)c1ccc(-c2noc(Cc3cc(F)c(F)c(F)c3)n2)cc1,CHEMBL285499
DEC_3262,decoy,CC1=C(/C=C/C(C)=C/C=C/C(C)=C/C(=O)O)C(C)(C)CCC1OC(=O)CBr,CHEMBL15074
DEC_3146,decoy,CN([C@@H]1CCN2CCc3ccccc3[C@@H]2C1)S(=O)(=O)c1cccc2cccnc12,CHEMBL30979
DEC_2619,decoy,CC(O)(c1ccc(Cl)cc1Cl)C(O)(Cn1cncn1)c1ccc(Cl)cc1,CHEMBL273500
DEC_1482,decoy,COc1cc(CC2c3cc(O)c(O)cc3CCN2Cc2ccc(C)cc2)cc(OC)c1OC,CHEMBL430549
DEC_1462,decoy,N/C(=N\O)c1cccc(CN2C(=O)N3C(Cc4ccccc4)[C@@H]3[C@@H](O)[C@H]2Cc2ccccc2)c1,CHEMBL39526
DEC_3224,decoy,CN1C(=O)C=C[C@]2(C)C3CC[C@@]4(C)C(CC[C@@]4(O)C#CCCO)C3CCC12,CHEMBL10177
DEC_3642,decoy,CCc1cc(C(C)=O)c(O)cc1OCc1cccc(C(=O)Nc2cccc(CC(=O)O)[n+]2[O-])n1,CHEMBL35963
DEC_2789,decoy,N#Cc1ccc(S(=O)(=O)Nc2ccc(Cl)c3c(Cl)c[nH]c23)cc1,CHEMBL20470
DEC_1838,decoy,CC1(C)C2CCC1(C)C(OC(=O)[C@H](NC(=O)[C@@H](N)CC(=O)O)c1ccccc1)C2,CHEMBL275916
DEC_2951,decoy,O=C1N[C@H](Cc2ccccc2)[C@H](O)[C@@H](CCc2ccccc2)N1Cc1ccc2[nH]ncc2c1,CHEMBL37618
DEC_4280,decoy,Cc1cccc(N2CCN(CCCON3C(=O)CC4(CCCC4)CC3=O)CC2)c1C,CHEMBL418526
DEC_0079,decoy,CCCc1cc(S)cc(=O)n1Cc1ccc(-c2ccccc2-c2nn[nH]n2)cc1,CHEMBL23778
DEC_1583,decoy,CN(C)c1cc2c(Nc3ccc4c(cnn4Cc4ccccc4)c3)ncnc2cn1,CHEMBL30432
DEC_3077,decoy,CCCCc1ccc(-c2nc3cc4c(cc3[nH]2)C(C)(C)C(=O)N4)nc1,CHEMBL24542
DEC_3407,decoy,CCCCc1nc(C)cc(=O)n1Cc1ccc(-c2ccccc2-c2nn[nH]n2)cc1,CHEMBL22446
DEC_0857,decoy,Cn1cc(C2=C(c3cn(CCN)c4ccccc34)C(=O)NC2=O)c2ccccc21,CHEMBL268529
DEC_1469,decoy,CCCCc1nc2ccc(N)cc2c(=O)n1Cc1ccc(-c2ccccc2-c2nn[nH]n2)cc1,CHEMBL24724
DEC_2243,decoy,Cc1c(C)c2ccc(OCc3nc(C(C)C)no3)cc2oc1=O,CHEMBL18327
DEC_0879,decoy,CC1CCC(/C=N/c2ccc3ccccc3c2)=C2NC=C(C(=O)O)C(=O)N21,CHEMBL283771
DEC_2757,decoy,C=CCN1C[C@H](C(=O)N(CC)CC)C=C2c3cccc4[nH]cc(c34)C[C@H]21,CHEMBL281787
DEC_4573,decoy,C[C@@H](n1cnc2cc(NCc3ccccc3)ccc2c1=O)[C@](O)(Cn1cncn1)c1ccc(F)cc1F,CHEMBL300758
DEC_4653,decoy,O=C1C2C3C=CC(C4CC34)C2C(=O)N1CCCCC1CCN(c2cncc(Cl)n2)CC1,CHEMBL281538
DEC_1219,decoy,CCCCc1nc(CCCC)n(Cc2ccc(-n3c(Cl)cc(Cl)c3-c3nn[nH]n3)cc2)n1,CHEMBL276150
DEC_3871,decoy,O=C(O)c1cc(O)c2c(I)cccc2n1,CHEMBL22462
DEC_1766,decoy,CC1O[C@H]2[C@H](O)[C@H](OCC34C[C@@H]5[C@H](C)CC[C@H]5C5(C=O)CC3C=C(C(C)C)C45C(=O)O)O[C@H](C)[C@H]2O1,CHEMBL283375
DEC_1446,decoy,O=C(CN1CCN(c2cc3c(cc2F)c(=O)c(C(=O)O)cn3-c2ccc([N+](=O)[O-])cc2)CC1)c1ccc(F)cc1,CHEMBL78610
DEC_4266,decoy,N#Cc1c(-c2ccccc2Cl)c(-c2ccccc2Cl)nn(CCO)c1=O,CHEMBL31705
DEC_3025,decoy,CCCc1cc(S(C)(=O)=O)cc(=O)n1Cc1ccc(-c2ccccc2-c2nn[nH]n2)cc1,CHEMBL279985
DEC_2161,decoy,CC(C)CCc1nc2c([nH]1)N1C[C@@H](C(C)C)N=C1N(C)C2=O,CHEMBL19157
DEC_1262,decoy,CNc1nsc(-c2ccc(N3CCN(c4cccc(C(F)(F)F)c4)CC3)nn2)n1,CHEMBL14854
DEC_1314,decoy,CCNCc1nn2c3cccc(O)c3c(=O)c3c(NCCN(C)C)ccc1c32,CHEMBL8616
DEC_1884,decoy,C[C@]1(c2ccc(F)cc2)O[C@@H]2CC3C4CCC5=CC(=O)CC[C@@H]5C4CC[C@]3(C)[C@]2(C(=O)CO)O1,CHEMBL413313
DEC_2107,decoy,CCCCCn1cnc2c(C#Cc3ncnc4c3ncn4CCCCC)ncnc21,CHEMBL9410
DEC_1730,decoy,N=C(N)c1ccc2[nH]c(Cc3cccc(Oc4ccccc4)c3)cc2c1,CHEMBL27805
DEC_0509,decoy,N=C(N)c1ccc(CCCn2ncc3c2nc(N)n2nc(-c4ccco4)nc32)cc1,CHEMBL281601
DEC_3445,decoy,COc1ccc2c(c1)c(CC(=O)OCC(O)CO)c(C)n2C(=O)c1ccc(Cl)cc1,CHEMBL277146
DEC_4310,decoy,COc1ccc2c(nc(Nc3c(C)cccc3Cl)c3cnc(C=O)n32)c1OC,CHEMBL28728
DEC_2604,decoy,COc1cc(O)c2c(c1)C(=O)c1cc(C(Br)Br)cc(O)c1C2=O,CHEMBL288127
DEC_2276,decoy,OCC#Cc1ccc2c(c1)[C@H]1OCC[C@H]1[C@@H](c1c[nH]c3ccc(Br)cc13)N2,CHEMBL24018
DEC_3983,decoy,OC[C@@]1(CCCCc2ccccc2)CC2C3Cc4ccc(O)c5c4C2(CCN3CC2CC2)C(O5)[C@@H]1O,CHEMBL268469
DEC_3331,decoy,CC1(C)CN1P(=O)(NC(=O)OCc1ccc([N+](=O)[O-])cc1)N1CC1(C)C,CHEMBL31805
DEC_4056,decoy,CN(Cc1c[nH]c2nc(N)nc(N)c12)c1ccc(Cl)c(Cl)c1,CHEMBL278013
DEC_4631,decoy,COc1ccc2c3c1OC1[C@H]4OC[C@@]4(CCCc4ccccc4)CC4C(C2)N(C)CCC341,CHEMBL268464
DEC_1059,decoy,CC(C)C1=CC2CC3(C=O)[C@@H]4CC[C@@H](C)[C@H]4CC2(CO[C@H]2C[C@@H]4OC[C@H](C)[C@@H]4[C@@H](C)O2)C13C(=O)O,CHEMBL45656
ACT_011,active,Cc1ncc(C(=O)NC23CCCC(NC(=O)c4cccc(Cl)c4)(CC2)C3)s1,CHEMBL3671835
DEC_3261,decoy,CCN(C/C=C/C#CC(C)(C)C)Cc1cccc(OCCCS(=O)(=O)c2cccs2)c1,CHEMBL26723
DEC_0995,decoy,COc1cc(C(=N)N)ccc1OCCCCCOc1ccc(C(=N)N)cc1OC,CHEMBL21924
DEC_1980,decoy,CN(C)CCCn1c2ccccc2c2c3c(c4c5ccccc5cnc4c21)C(=O)NC3=O,CHEMBL21042
DEC_3127,decoy,Cc1c(C(=O)c2ccc3ncccc3c2)c2cccc3c2n1C(CN1CCOCC1)CO3,CHEMBL284678
DEC_3727,decoy,COc1cccc(-c2cc(C#N)ccc2C#CC(O)(c2ccc(C#N)cc2)c2cncn2C)c1,CHEMBL22702
DEC_1293,decoy,COC(=O)c1cc2cc(S(C)(=O)=O)ccc2n1Cc1ccc([N+](=O)[O-])cc1,CHEMBL281014
DEC_1600,decoy,CC(C)(C)c1cc(/C=C/c2n[nH]c(S)n2)cc(C(C)(C)C)c1O,CHEMBL275909
DEC_3400,decoy,CCCOC(=O)C1C2C(=O)CC(c3ccc(O)cc32)C1C(=O)OCC[Si](C)(C)C,CHEMBL12209
DEC_3136,decoy,O=C(O)COCC1CCN(C(=O)N2CCC3(CC2)CCN(c2ccncc2)C3)CC1,CHEMBL275967
DEC_4060,decoy,Cc1[nH]c(/C=C2\C(=O)Nc3ccc(F)cc32)c(C)c1C(=O)NCCN(C)C,CHEMBL13976
DEC_1032,decoy,O=C1NC(=O)C(CC#Cc2ccc(Cl)cc2)(S(=O)(=O)c2ccccn2)S1,CHEMBL11958
DEC_0186,decoy,CCCCC[C@]1(C)/C=C\C2[C@H](O)C[C@H](O)[C@@H]2C/C=C\CCCC(=O)O1,CHEMBL12015
DEC_3996,decoy,O=C(O)c1ccc(C(Cc2cc[n+]([O-])cc2)c2ccc(OC(F)F)c(OC(F)F)c2)cc1,CHEMBL32153
DEC_0460,decoy,O=C(O)CCC/C=C/C[C@H]1[C@H](COCc2ccccc2)C2CC1(c1ccccc1)CO2,CHEMBL10412
DEC_3502,decoy,CC1CCC(/C=N/c2ccccc2C(=O)O)=C2NC=C(C(=O)O)C(=O)N21,CHEMBL283577
DEC_2957,decoy,O=C(NCCCOc1ccc2nc(O)ccc2c1)N(C1CC1)[C@@H]1CCC[C@@H](O)C1,CHEMBL34347
DEC_1982,decoy,Clc1cc2nc(C3CCNCC3)n(CCCCCn3cnnc3)c2cc1Cl,CHEMBL20185
DEC_2356,decoy,O=C(O)Cn1c(=O)c(=O)[nH]c2cc([N+](=O)[O-])c(-n3ccc(CC(=O)N4CCCCC4)c3)cc21,CHEMBL417074
DEC_3676,decoy,CC(C)[C@H](NC(=O)OC(C)(C)C)c1cc(Cn2ccc(=O)n(C(=O)c3ccccc3)c2=O)on1,CHEMBL282999
DEC_0681,decoy,N=C(N)NS(=O)(=O)C(F)(F)C(F)(F)C(F)(F)C(F)(F)C(F)(F)C(F)(F)C(F)(F)C(F)(F)F,CHEMBL52638
DEC_4341,decoy,CCN(CC)CCn1nc2c3c(c(NCCNCCO)ccc31)Sc1ccc(OC)cc1-2,CHEMBL39332
DEC_0493,decoy,CC(C)(CCOc1ccc(OCCC(C)(C)C(=O)O)c(Cl)c1)C(=O)O,CHEMBL7548
DEC_2158,decoy,CC(/C=C/C(=O)C1=C(O)CN(C)C1=O)=C\CC1CCCCC1,CHEMBL442327
DEC_1771,decoy,C[C@H]1CC2C3CCC4=CC(=O)C=CC4(C)[C@@]3(F)C(O)CC2(C)[C@@]1(OC(=O)c1ccco1)C(=O)CCl,CHEMBL291118
DEC_0899,decoy,CCNS(=O)(=O)Oc1cc(C(C)(C)C)c(SC2=C(O)OC(CCc3ccc(N)cc3)(C(C)C)CC2=O)cc1C,CHEMBL305204
DEC_1835,decoy,CC1(C)C=C(C(=O)NCCCNC(=O)C2CCCCC2C(=O)O)C(C)(C)N1,CHEMBL15875
DEC_1877,decoy,O=C1NC(=O)C(CC#Cc2ccc(Cl)cc2)(S(=O)(=O)c2ccc(Br)cc2)S1,CHEMBL12201
DEC_3320,decoy,CCOc1c(N2CCNC(C)C2)c(F)cc2c(=O)c(C(=O)O)cn(C3CC3)c12,CHEMBL15372
DEC_1602,decoy,CC(C)(C)c1cc(/C=C2\NC(=S)NC2=O)cc(C(C)(C)C)c1O,CHEMBL15945
DEC_1020,decoy,CC1(C)Oc2ccc(C#N)cc2[C@@H](N(Cc2ncc[nH]2)c2ccc(Cl)cc2)[C@@H]1O,CHEMBL11859
DEC_2790,decoy,CCS(=O)(=O)c1ccc(OC)c(-c2ccc(C(C)N3CCCCCC3)[nH]2)c1,CHEMBL22022
DEC_1985,decoy,CN1CCC23c4c5ccc(O)c4OC2[C@H](O)[C@](CO)(CCCCc2ccccc2)CC3C1C5,CHEMBL416699
DEC_1096,decoy,CC(C)N(C(=O)c1cc(I)c(-c2ccc(C(=O)O)cc2)c([N+](=O)[O-])c1)C(C)C,CHEMBL49494
DEC_2836,decoy,Cc1c(O)cc(F)cc1C(=O)N[C@@H](Cc1ccc2ccccc2c1)[C@H](O)C(=O)N1C[C@@H](Cl)C[C@H]1C(=O)NC(C)(C)C,CHEMBL422786
DEC_3721,decoy,CC(C)S(=O)(=O)c1c(O)n(Cc2ccc(F)c(F)c2)c(=O)c2ccc(Cl)cc12,CHEMBL278505
DEC_3912,decoy,CC(C)C1=CC2CC3(C=O)[C@@H]4CC[C@@H](C)[C@H]4CC2(CO[C@@H]2O[C@H](C)[C@H]4OC(=S)O[C@H]4[C@@H]2O)C13C(=O)O,CHEMBL21592
DEC_0531,decoy,Nc1nc(O)c2nc(Br)n(C3CCCc4ccc([N+](=O)[O-])cc43)c2n1,CHEMBL11073
DEC_3309,decoy,CC1(CN)CCN(c2c(F)cc3c(=O)c(C(=O)O)cn(C4CC4)c3c2F)C1,CHEMBL429215
DEC_2554,decoy,O=C1N(Cc2cccc(Cn3cncn3)c2)[C@H](Cc2ccccc2)[C@H](O)[C@@H](O)[C@@H](Cc2ccccc2)N1Cc1ccc2[nH]ncc2c1,CHEMBL312382
DEC_0382,decoy,NCCc1c[nH]cn1.N[C@H](COCc1ccccc1)Cc1c[nH]cn1,CHEMBL274519
DEC_4190,decoy,CC(C)C(NC(=O)C1CCCN1C(=O)[C@@H](NC(=O)c1ccc(N(C)C)cc1)C(C)C)C(=O)C(F)(F)F,CHEMBL56342
DEC_1791,decoy,CCc1nn(Cc2ccc(-c3ccccc3-c3nn[nH]n3)cc2)/c(=N/C(=O)c2ccccc2Cl)s1,CHEMBL287116
DEC_0365,decoy,CC(C)NCC(O)COc1ccc(/C=C/CO)cc1Br,CHEMBL276751
DEC_4289,decoy,CCOc1nc(C(Cl)(Cl)Cl)c(Cl)c(OC(C)=O)c1Cl,CHEMBL428886
DEC_3347,decoy,Cc1ccc(S(=O)(=O)C2(CC#Cc3ccc(Cl)cc3)SC(=O)NC2=O)cc1,CHEMBL276390
DEC_0821,decoy,OC(c1ccc(Cl)cc1)C(O)(Cn1cncn1)c1ccc(Cl)cc1Cl,CHEMBL10311
DEC_0282,decoy,CCCCCCCCC#Cc1ccc2c(c1OC)C[C@@H](CO)NC(=O)[C@H](C(C)C)N2C,CHEMBL7078
DEC_1572,decoy,CC(C)c1ccccc1Sc1c(O)cc(-c2cccc(N(C)C)c2)oc1=O,CHEMBL12884
DEC_2163,decoy,CNS(=O)(=O)c1cc2c(N=O)c(O)[nH]c2c2c1CCCC2,CHEMBL10182
ACT_057,active,CCOP(=O)(CCNC(=O)CC1(C(C)C)NC(=O)N(NC(=O)Nc2ccc(Br)cc2)C1=O)OCC,CHEMBL5811327
DEC_2157,decoy,CC(CS)C(=O)N(CC(=O)O)C1C2CC3CC(C2)CC1C3,CHEMBL417832
DEC_1173,decoy,N=C(N)c1ccc(C(=O)N2CCC3(CCN(C(=O)CCC(=O)O)CC3)CC2)cc1,CHEMBL282087
DEC_0549,decoy,CCCC[C@]1(CO)CC2C3Cc4ccc(OC)c5c4C2(CCN3C)C(O5)[C@@H]1O,CHEMBL276886
DEC_2808,decoy,Nc1ccc(CN2C(=O)N(Cc3ccc4[nH]ncc4c3)[C@H](Cc3ccccc3)[C@H](O)[C@@H](O)[C@H]2Cc2ccccc2)cc1,CHEMBL311298
DEC_0881,decoy,CC(CCC[C@H]1O[C@@H]([C@]2(C)CC[C@@H](Br)C(C)(C)O2)CC[C@]1(C)O)CC[C@H](O)[C@@]1(C)CC[C@H](C(C)(C)O)O1,CHEMBL277261
DEC_4302,decoy,N#C/C(=C\c1ccc(OCCCN2CCOCC2)cc1)c1noc2ccccc12,CHEMBL21846
DEC_2394,decoy,CCCCc1nc(C(N)=O)c(C(N)=O)n1Cc1ccc(-n2cccc2-c2nn[nH]n2)cc1,CHEMBL276381
DEC_2481,decoy,COc1ccc(C[C@H]2NC(=O)/C=C/C[C@@H]([C@H](C)C3OC3c3ccccc3)OC(=O)[C@H](CC(C)C)OCCNC2=O)cc1,CHEMBL299311
DEC_4524,decoy,Cc1ccc(S(=O)(=O)N[C@H]2CC[C@H](O)[C@@H]2C/C=C\CCC(=O)O)cc1,CHEMBL20336
DEC_0019,decoy,Brc1cccc(Br)c1N(Cc1cccs1)C1=NCCN1,CHEMBL278118
DEC_0398,decoy,O=C(O)COCCCCC1=CCC[C@@H]1NS(=O)(=O)c1ccccc1,CHEMBL20933
DEC_1886,decoy,Cc1nnc2n1-c1ccc(C#CCN3C(=O)c4ccccc4C3=O)cc1C(c1ccccc1F)NC2,CHEMBL281139
DEC_2761,decoy,CCCN(C1=NCCN1)c1c(Br)cccc1Br,CHEMBL20335
DEC_3508,decoy,Nc1nc(N)c2nc(Sc3cc(Cl)c(Cl)cc3Cl)cnc2n1,CHEMBL6465
DEC_1695,decoy,CCOC(=O)c1cnc2ccc(C3(CCC(=O)OC)CCC(=O)NC3=O)cc2c1O,CHEMBL25390
DEC_1080,decoy,CCCN(CC1CC1)c1nc(C)nc2c1sc(=O)n2-c1ccc(C(C)C)cc1Br,CHEMBL273559
DEC_3700,decoy,COc1cccc2c1CC[C@H]1CN(CCn3c(=O)[nH]c4c(sc5nccnc54)c3=O)C[C@@H]21,CHEMBL288530
DEC_0437,decoy,CC(C)(C)c1cccc(OCc2cccc(N3C(N)=NC(N)=NC3(C)C)c2)c1,CHEMBL33558
DEC_4271,decoy,O=S(=O)(Nc1cccc(OCc2ccc3ccccc3n2)c1)C(F)(F)F,CHEMBL17344
DEC_0994,decoy,CCCCC[C@H](O)/C=C/[C@@]1(F)[C@H](C/C=C\CCCC(=O)OC)[C@H](O)C[C@@H]1O,CHEMBL10928
DEC_0734,decoy,CC(C)(C)c1cc(-c2nnc(SCCN)s2)cc(C(C)(C)C)c1O,CHEMBL274271
DEC_0112,decoy,CCC(C)(C)/N=c1\c(O)c(O)\c1=N/Cc1c(C)cc(C#N)cc1Cl,CHEMBL278369
DEC_4744,decoy,O=C(O)CCCCCCCOc1ccc(NC(=O)c2c(O)nc3ccc([N+](=O)[O-])cc3c2O)cc1,CHEMBL10292
DEC_1711,decoy,CC(C)(c1ccc(O)cc1F)C(C)(C)c1ccc(O)cc1F,CHEMBL291241
DEC_2462,decoy,C=CC1C[C@@]1(NC(=O)C1C[C@@H](Oc2ccnc3ccccc23)CN1C(=O)[C@@H](NC(=O)OC(C)(C)C)C(C)(C)C)C(=O)O,CHEMBL273585
DEC_4291,decoy,Cn1c(=O)ccc2cc(COc3cccc(C4(C=O)CCOCC4)c3)ccc21,CHEMBL277212
DEC_2999,decoy,O=C(Cc1cccs1)Nc1cc(CN2CCCC2)c(O)c(CN2CCCC2)c1,CHEMBL282631
DEC_2451,decoy,CC(C)C[C@@H]1OC(=O)C(C)(C)CNC(=O)[C@@H](Cc2ccccc2)NC(=O)/C=C/C[C@@H]([C@H](C)[C@H]2O[C@@H]2c2ccccc2)OC1=O,CHEMBL314522
DEC_1382,decoy,CCO/C(O)=C1\C(C(C)S(=O)(=O)c2ccccc2)=NC2=C(C(=O)CCC2)C1c1ccccc1C(F)(F)F,CHEMBL306398
DEC_4277,decoy,COc1cc2nc(Nc3ccccc3I)oc(=O)c2cc1OC,CHEMBL10117
DEC_0669,decoy,Nc1nc(N)c2nc(CNc3ccc(C(=O)NC(CCCP(=O)(O)O)C(=O)O)cc3)cnc2n1,CHEMBL27335
DEC_4614,decoy,O=S1(=O)c2cccc3cccc(c23)N1CCCN1CCC(c2c[nH]c3ccccc23)CC1,CHEMBL281808
DEC_1593,decoy,CC(C)N(CC[C@]1(c2ccccc2)C(=O)N[C@@H](C)N2CCCC[C@@H]21)C(C)C,CHEMBL282088
DEC_1793,decoy,COc1ccc2c3c1OC1[C@H](O)[C@](CO)(CCCc4ccccc4)CC4C(C2)N(CC2CC2)CCC341,CHEMBL8938
DEC_2123,decoy,CCN(CC)CCn1nc2c3c(c(NCCN4CCOC4=O)ccc31)Sc1ccccc1-2,CHEMBL287463
DEC_3461,decoy,CCn1cc(C(=O)O)c(=O)c2cc([N+](=O)[O-])c(N3CCNCC3)cc21,CHEMBL29957
DEC_2594,decoy,O=C(N[C@H]1c2ccccc2C[C@H]1O)[C@H](Cc1ccccc1)C[C@H](O)CN1C(=O)[C@@H](Cc2ccccc2)C[C@@H]1Cc1ccccc1,CHEMBL263072
DEC_4636,decoy,C#CCN1CCN(C2=Nc3ccc(Br)cc3CC=C2c2ccccc2)CC1,CHEMBL273794
DEC_3279,decoy,[O-][n+]1cc(C(Cc2ccncc2)c2ccc(Cl)cc2)cc(OC(F)F)c1OC(F)F,CHEMBL284852
DEC_2008,decoy,CN(C)CCCOc1nn(Cc2ccccc2)c2ccccc12,CHEMBL12610
DEC_3443,decoy,CN(C)C/C=C/C(=O)Nc1cnc2ncc(C#N)c(Nc3cccc(Br)c3)c2c1,CHEMBL441518
DEC_1556,decoy,O=S(=O)(Nc1cccc(SCc2ccc3ccccc3n2)c1)C(F)(F)F,CHEMBL17533
DEC_3065,decoy,CCCC[C@H]1CN(C(=O)c2cccc(C)c2C)CCN1C[C@@H](N)CS,CHEMBL283208
DEC_3874,decoy,C[C@@H](/N=c1\c(O)c(O)\c1=N/c1ccc2[nH]ncc2c1)C(C)(C)C,CHEMBL19110
DEC_4628,decoy,Cc1cc(OCc2ccc(-c3ccccc3-c3nn[nH]n3)cc2)c(-c2ccncc2)c(C)n1,CHEMBL22945
DEC_1225,decoy,COCCO/N=C(\OC(=O)c1ccc(C(=O)C(C)(C)C)cc1)c1ccc(C(=O)C(C)(C)C)cc1,CHEMBL44084
DEC_0934,decoy,Br.Br.N=c1ccn(CCCCn2ccc(=N)cc2)cc1,CHEMBL35210
DEC_1189,decoy,COC1=C(C)C(=O)c2c(c(COC(N)=O)c3n2CCC3OC(=O)CCl)C1=O,CHEMBL278250
DEC_0261,decoy,COC(=O)CC/C=C\CC[C@H]1C(=O)C[C@@H](O)[C@@H]1/C=C/CC(C)(O)CCC1CCCC1,CHEMBL6422
DEC_1763,decoy,CO[C@H]1[C@@H]2S[C@@H]2[C@H](OCC23C[C@@H]4[C@H](C)CC[C@H]4C4(C=O)CC2C=C(C(C)C)C34C(=O)O)O[C@@H]1C,CHEMBL29909
DEC_0051,decoy,CCCCSc1cc(I)cc(CNCCCN(C)C)c1O,CHEMBL20504
DEC_4778,decoy,CCCN(CCC)CCc1ccc(OCCc2ccccc2)cc1OC.O=C(O)C(=O)O,CHEMBL11474
DEC_3016,decoy,CCN1C(=O)c2c(nc(OC)n2Cc2ccc(O)c(C#N)c2)N2C[C@@H](Cc3ccccc3)N=C12,CHEMBL23513
DEC_3233,decoy,Cc1nn(-c2ccc(Cl)c([N+](=O)[O-])c2)c2nc3ccccc3c(O)c12,CHEMBL28382
DEC_1541,decoy,CC1(C)C2CCC1(CS(=O)(=O)N1CCC3(CCc4ccccc43)CC1)C(NC(=O)C1CCCCN1)C2,CHEMBL283730
DEC_3772,decoy,CC(C)C(c1cccc(NS(=O)(=O)c2ccc(F)cc2)c1)c1c(O)c2c(oc1=O)CCCCCC2,CHEMBL16572
DEC_2614,decoy,C=CS(=O)(=O)Nc1cccc(C(c2c(O)oc3c(c2=O)CCCCCC3)C2CC2)c1,CHEMBL16473
DEC_1081,decoy,Fc1ccc(CCN2CCN(c3ncnc4c5cnccc5n(Cc5ccccc5)c34)CC2)cc1F,CHEMBL26081
DEC_1930,decoy,COc1cc(/C=C/c2nc3c(c(=O)n(C)c(=O)n3C)n2CCc2ccccc2)cc(OC)c1OC,CHEMBL283939
DEC_2742,decoy,C=CCc1c(O)ccc2c1CC(CCc1ccccc1)O2,CHEMBL416197
DEC_1587,decoy,O=c1c(Nc2ccccc2)cccn1C(CN1CCCC1)c1ccccc1,CHEMBL15510
DEC_1251,decoy,Nc1nc2c(cnn2CCCc2ccc([N+](=O)[O-])cc2)c2nc(-c3ccco3)nn12,CHEMBL22241
DEC_3998,decoy,CCCc1ccc(S(=O)(=O)N[C@@H](CC#Cc2ccc(NC)cc2)C(=O)N(C)C2CCCC2)cc1,CHEMBL553108
DEC_3414,decoy,Nc1nc2c(cnn2CCc2ccccc2)c2nc(-c3ccc(OCC(=O)O)cc3)nn12,CHEMBL21943
DEC_0329,decoy,CC(C)[C@@H]1NC(=O)/C=C\CCCOc2ccc(cc2)C[C@@H]([C@H](O)CN2CC3CCCCC3C[C@H]2C(=O)NC(C)(C)C)NC1=O,CHEMBL306727
DEC_2645,decoy,CNc1ccc(-c2cc(C(F)(F)F)nn2-c2ccc(S(N)(=O)=O)cc2)cc1Cl,CHEMBL30084
DEC_1216,decoy,CCCN(Cc1ccc(-c2ccccc2-c2nn[nH]n2)cc1)c1ncnc2c1ncn2Cc1ccccc1,CHEMBL49294
DEC_1266,decoy,COCCN(CCOC)c1nn2c(-c3ccc(F)cc3)nnc2c2ccccc12,CHEMBL14006
DEC_1573,decoy,CCN(CC)/C(S)=N\c1ccc(-c2nc(-c3ccco3)no2)c(Cl)c1,CHEMBL278316
DEC_4338,decoy,CCN(CC)CCNc1ccc(NCCN(CC)CC)c2c1C(=O)c1cccnc1C2=O,CHEMBL14546
DEC_1826,decoy,CCN1CCCC1CNC(=O)c1cc(NS(=O)(=O)NC)c(Cl)cc1OC,CHEMBL14561
DEC_0274,decoy,COCCOCc1ccc2ccccc2c1/C=C(C)/C=C/C(O)=C1\C(=O)CN(C)C1=O,CHEMBL11186
DEC_4273,decoy,O=C(CCCn1c2c(c3ccccc31)C(=O)CN1CCCCC21)NC1CCCC1,CHEMBL285647
DEC_1915,decoy,O=C(O)C(=O)[C@H]1Cc2cc([N+](=O)[O-])ccc2CN1S(=O)(=O)c1ccc(-c2ccc(Cl)cc2)cc1,CHEMBL56845
DEC_3236,decoy,CN1CCC(O)(c2nc(-c3ccncc3)c(-c3ccc(F)cc3)o2)CC1,CHEMBL280149
DEC_2501,decoy,Cc1noc(NS(=O)(=O)c2ccc3ccc(N(C)C)cc3c2)c1C,CHEMBL282401
DEC_4188,decoy,O=C(Cn1c(Cl)cnc(NCC(F)(F)c2cccc[n+]2[O-])c1=O)NCc1ccccc1C(F)(F)F,CHEMBL284225
DEC_2298,decoy,O=S(=O)(Nc1ccccc1OCc1ccc2ccccc2n1)C(F)(F)F,CHEMBL273580
DEC_0644,decoy,CC1(C)Oc2cc([N+](=O)[O-])sc2[C@@H](NC(=O)c2ccc([N+](=O)[O-])cc2)[C@@H]1O,CHEMBL433224
DEC_1040,decoy,C[C@H]1[C@@H](OCc2ccc(C(=O)O)cc2)O[C@@H]2O[C@@]3(C)CC[C@H]4[C@H](C)CC[C@@H]1[C@@]24OO3,CHEMBL277015
DEC_3653,decoy,Nc1ncnc2c1ncn2C[C@@]1(O)CC[C@H]2CN(C(c3ccccc3)c3ccccc3)CCN2C1,CHEMBL20503
DEC_1712,decoy,CCC(c1ccc(O)c(O)c1)C(CC)c1ccc(O)c(O)c1,CHEMBL14702
DEC_2569,decoy,O=S(=O)(Nc1ccc(CCNC[C@H](O)c2cccnc2)cc1)c1ccc(-c2noc(Cc3ccc4ccccc4c3)n2)cc1,CHEMBL286437
DEC_2026,decoy,CN(C)CCCNc1c2ccccc2nc2cccc([N+](=O)[O-])c12,CHEMBL26291
DEC_1828,decoy,CCN1CCCC1CNC(=O)c1cc(NS(N)(=O)=O)c(Cl)cc1OC,CHEMBL431102
DEC_0618,decoy,N#CCCN1N=C(c2ccc(OCc3ccc([N+](=O)[O-])cc3)cc2)OCC1=O,CHEMBL16988
DEC_2998,decoy,CCCCc1nn(C)c(C(=O)O)c1Cc1ccc(-c2ccccc2-c2nn[nH]n2)cc1,CHEMBL21713
DEC_3026,decoy,COc1cnc2sc3c(=O)n(CCN4C[C@@H]5CCc6c(OC)cccc6[C@@H]5C4)c(=O)[nH]c3c2n1,CHEMBL441032
DEC_0065,decoy,CCCCc1oc2ccccc2c1Cc1cccc(/C(C)=C/Cn2oc(=O)[nH]c2=O)c1,CHEMBL267740
DEC_4025,decoy,O=C(O)Cc1ccc(-n2cc(C3CCN(CCN4CCNC4=O)CC3)c3cc(Cl)ccc32)cc1,CHEMBL55835
DEC_1004,decoy,O=C1NC(=O)C(CC#Cc2ccc(F)cc2)(S(=O)(=O)c2ccc(F)cc2)S1,CHEMBL11939
DEC_3265,decoy,CCCCCN(C(=O)CCC)[C@H]1CCC2C3CC[C@H]4N(C)C(=O)CC[C@]4(C)C3CC[C@@]21C,CHEMBL278490
DEC_4230,decoy,CO[C@H](C#Cc1ccccc1)C(NS(=O)(=O)c1ccc(-c2ccc(SC)cc2)cc1)C(=O)O,CHEMBL10674
DEC_3033,decoy,O=C(Cn1c(Cl)cnc(NCC(F)(F)c2cccc[n+]2[O-])c1=O)NCc1cccc(F)c1,CHEMBL287417
ACT_085,active,O=C(NCCCn1ccnc1)[C@H]1[C@H](C(=O)Nc2ccc(Br)cc2)[C@@H]2CC[C@H]1C21CC1,CHEMBL3731739
DEC_3795,decoy,CCOC(=O)N[C@@H](c1ccncc1)[C@@H](O)C(=O)OC1CC2C(C)(C)C1(C)[C@@]13C[C@@H](C)c4ccccc4[C@@]21O3,CHEMBL32074
DEC_4654,decoy,O=C1C(Cl)=C(Nc2ccc(I)cc2)C(=O)c2cnccc21,CHEMBL11408
DEC_2257,decoy,Cc1nc(O)c2c(ccc3c2nc(Nc2c(Cl)cccc2Cl)n3C)c1C,CHEMBL29567
DEC_3425,decoy,O=C(Cn1c(Cl)cnc(NCC(F)(F)c2ccccn2)c1=O)NCc1ccccc1F,CHEMBL29656
DEC_3325,decoy,CC(C)S(=O)(=O)NCCCn1c2c(c3ccccc31)C(=O)CN1CCCCC21,CHEMBL33807
DEC_2662,decoy,CCO/C(O)=C1\C(COCCNC(=O)c2ccccc2C(=O)O)=NC(C)=C(C(=O)OC)C1c1cccc(-n2ccnc2)c1,CHEMBL320388
DEC_3840,decoy,CSc1ccc2c(cc1=O)[C@@H](NC(=O)c1ccc(CBr)cc1)CCc1cc(O)c(O)c(O)c1-2,CHEMBL294164
DEC_4189,decoy,O=C(Cn1c(Cl)cnc(NCC(F)(F)c2cccc[n+]2[O-])c1=O)NCc1cc(Cl)ccc1Cl,CHEMBL281982
DEC_0275,decoy,CCN(CCCN)CCCNc1nccc2c(C)c3[nH]c4ccc(OC)cc4c3cc12,CHEMBL277020
DEC_0006,decoy,OC1CCCCC1N1CCC(CCCC2CCN(C3CCCCC3O)CC2)CC1,CHEMBL20720
DEC_0926,decoy,CNC(=O)c1ccc(/C=C/C(=O)NCC(=O)N(C)c2ccc(Cl)c(COc3cccc4c(C)c(C)oc34)c2Cl)cc1,CHEMBL41446
DEC_2373,decoy,O=C1[C@@H](NS(=O)(=O)c2ccc(-c3ccon3)s2)CCN1Cc1cc2[nH]cccc-2n1,CHEMBL8368
DEC_1221,decoy,CC1(C)N=C(N)N=C(N)N1c1ccc(CCCCc2ccc(S(=O)(=O)F)cc2Cl)c(Cl)c1,CHEMBL33697
DEC_2909,decoy,Nc1ccc(C(=O)N2CCc3cc(S(=O)(=O)N4CC(c5ccccc5)NC4=O)ccc32)cc1,CHEMBL39830
DEC_3440,decoy,Cc1c(C(=O)NCCC(=O)O)s/c(=N\C(=O)c2ccc(C(=N)N)cc2)n1Cc1ccccc1,CHEMBL8501
DEC_4419,decoy,CNCC1CN(c2c(F)cc3c(=O)c(C(=O)O)cn(C4CC4)c3c2F)CCO1,CHEMBL282127
DEC_0559,decoy,C[C@]12CCC3C(CCC4=CC(=O)[C@H]5COC[C@]43C5)C1CC[C@@H]2OC1CC1,CHEMBL414006
DEC_3487,decoy,CC/N=C(\NC#N)NCCSCn1nc(-c2ccccc2)ccc1=O,CHEMBL277547
DEC_3946,decoy,C[C@@H](n1cnc2cc(N3CCN(C)CC3)ccc2c1=O)[C@](O)(Cn1cncn1)c1ccc(F)cc1F,CHEMBL443263
DEC_4000,decoy,NC(=O)C(Cc1c[nH]cn1)N(Cc1cccc(Br)c1)Cc1cc(-c2ccccc2)on1,CHEMBL57815
DEC_2131,decoy,COc1cc(OC)c2c(c1)C(=O)c1cc(CN(CCCl)CCCl)cc(OC)c1C2=O,CHEMBL288135
DEC_3198,decoy,CCCCc1nc2ccc(COC)cc2c(=O)n1Cc1ccc(-c2ccccc2-c2nn[nH]n2)cc1,CHEMBL14951
DEC_2392,decoy,O=C(O)Cn1c(=O)c(=O)[nH]c2cc([N+](=O)[O-])c(-n3ccc(/C=N/OCc4ccccc4)c3)cc21,CHEMBL12747
DEC_3740,decoy,O=C(O)COc1cccc2c1CCC(CC(=O)NN(c1ccccc1)c1ccccc1)C2,CHEMBL10836
DEC_0919,decoy,CC(C)C[C@@H]1OC(=O)C(C)(C)CNC(=O)[C@@H](CCc2ccccc2)NC(=O)/C=C/C[C@@H]([C@H](C)[C@@H]2O[C@H]2c2ccccc2)OC1=O,CHEMBL315826
DEC_3498,decoy,CCCn1c(=O)[nH]c2nc(-c3ccc(S(=O)(=O)O)cc3)[nH]c2c1=O,CHEMBL8565
DEC_2265,decoy,Oc1ccc(C(=Cc2ccc(I)cc2)c2ccc(O)cc2)cc1,CHEMBL287352
DEC_4730,decoy,Cc1ccc(C)n1Nc1ccc(N(C)CC(C)O)nn1,CHEMBL276890
DEC_1260,decoy,Nc1nc2c(cnn2CCc2ccc(S(=O)(=O)O)cc2)c2nc(-c3ccco3)nn12,CHEMBL22968
DEC_0389,decoy,C=CCOc1ccccc1OCC(=O)NCCNCC(O)c1ccccc1,CHEMBL274246
DEC_4712,decoy,C/N=C(/NC#N)C1=CC(C)(C)Oc2ccc([N+](=O)[O-])cc21,CHEMBL13571
DEC_1066,decoy,Cn1cncc1C(OCc1ccc(C#N)c(-c2ccc3ccccc3c2)n1)c1ccc(C#N)cc1,CHEMBL38974
DEC_2077,decoy,CN(C(=O)Oc1c(C(C)(C)C)cccc1C(C)(C)C)S(=O)(=O)NC(c1ccccc1)c1ccccc1,CHEMBL279928
DEC_1121,decoy,Cc1cc(C)cc(-c2c(O)nc3cc(Cl)c(NC(=O)NC4CC4)cc3c2OCC[C@@H]2CCCCN2)c1,CHEMBL297269
DEC_1742,decoy,O=C(O)Cc1ccc2c(c1)C(O)Cc1cc(Cl)ccc1O2,CHEMBL10608
DEC_0841,decoy,O=C(O)c1cn(C2CC2)c2c(F)c(N3CC/C(=N\O)C3)c(F)cc2c1=O,CHEMBL28844
DEC_4297,decoy,CCOC(=O)C[C@H]1CCCCC12OOC1(CCCC[C@H]1CC(=O)OCC)OO2,CHEMBL34205
DEC_1521,decoy,COc1ccc2c3c1OC1[C@H](O)[C@](CO)(CCc4ccccc4)CC4C(C2)N(CC2CC2)CCC341,CHEMBL9641
DEC_4039,decoy,O=C(O)c1cn(C2CC2)c2c(F)c(N3CCNCC3)c(F)c(O)c2c1=O,CHEMBL15803
DEC_1813,decoy,CC1(C)C=C(C(=O)NCCCNC(=O)C2CC=CCC2C(=O)O)C(C)(C)N1,CHEMBL277606
DEC_0484,decoy,CC(C)N(CCC(CCN(C)C1CCCCC1)(C(N)=O)c1ccccc1F)C(C)C,CHEMBL12854
DEC_3620,decoy,Cc1nc(N)ccc1CNC(=O)Cn1c(C)cc(S(=O)(=O)CC2CCCC2)c(N)c1=O,CHEMBL33480
DEC_2217,decoy,Cc1c(C)c2ccc(OS(=O)(=O)c3ccccc3)cc2oc1=O,CHEMBL18978
DEC_2261,decoy,O=C1Nc2ccc(F)c(F)c2C(OCC=C(Cl)Cl)(C(F)(F)F)O1,CHEMBL17662
DEC_1797,decoy,O=C(OCCS(=O)(=O)c1ccccc1)N1c2ccccc2[C@@]23O[C@]24CCC[C@@H]3C#C/C=C\C#C[C@H]14,CHEMBL15924
DEC_0168,decoy,CC1=CC(C)(C)N(C)c2ncc(/C=C/C(C)=C\C=N\N=C(/N)S)cc21,CHEMBL7648
DEC_2286,decoy,O=C1Nc2ccc(Cl)cc2C(OCC=C(Cl)Cl)(C(F)(F)F)O1,CHEMBL280231
DEC_3750,decoy,CC(C)=CCN1C(=O)N(CC=C(C)C)[C@H](Cc2ccccc2)[C@H](O)[C@@H](O)[C@H]1Cc1ccccc1,CHEMBL286393
DEC_4048,decoy,C[C@H](CS)C(=O)N1C[C@@H](Sc2ccc(F)cc2)C[C@H]1C(=O)O,CHEMBL16166
DEC_3247,decoy,Cn1c(=O)ccc2cc(COc3cc(F)cc(C4(O)CCOCC4)c3)ccc21,CHEMBL21841
ACT_022,active,CC1(C)C2CCC1C(C(=O)Nc1ccc(I)cc1)C2C(N)=O,CHEMBL5960931
DEC_1183,decoy,Cc1c(N2CC[C@@H](C3(N)CC3)C2)c(F)c(N)c2c(=O)c(C(=O)O)cn([C@@H]3C[C@@H]3F)c12,CHEMBL6894
DEC_0515,decoy,C=C1/C=C(\C)[C@H](CC)OC(=O)[C@H](C)C(=O)[C@@](O)(CO)[C@@H](OC)/C=C/[C@@H](C)C1,CHEMBL33428
DEC_1324,decoy,CCN1CCN(c2cc3c(cc2F)c(=O)c(C(=O)O)cn3C(C)C)CC1,CHEMBL275411
DEC_1865,decoy,CO[C@H]1[C@H](O)[C@H]2[C@@H](O[C@@H]1CO)n1c3ccccc3c3c4c(c5c6ccccc6n2c5c31)C(=O)NC4=O,CHEMBL25921
DEC_1187,decoy,CCCc1c(O)n(Cc2ccccc2)c2nc3c(n2c1=O)C(=O)N(C)CN3C,CHEMBL14061
DEC_0566,decoy,COc1nc(C(Cl)(Cl)Cl)c(Cl)c(OC(C)C)c1Cl,CHEMBL269389
DEC_2068,decoy,CN1C(=O)c2c(nc(-c3ccc(C4CCCCC4)cc3)n2Cc2ccccc2)N2CC3(CCCC3)N=C12,CHEMBL28676
DEC_4694,decoy,Nc1ccc(/N=N/c2ccc(S(N)(=O)=O)cc2)cc1,CHEMBL16909
DEC_1603,decoy,CC(C)(C)c1cc(/C=C/c2n[nH]c(O)n2)cc(C(C)(C)C)c1O,CHEMBL12572
DEC_0713,decoy,Cc1cn(C2OC(COC(c3ccccc3)(c3ccccc3)c3ccccc3)C(F)C2N=[N+]=[N-])c(=O)[nH]c1=O,CHEMBL289759
DEC_0394,decoy,NCCc1c[nH]cn1.N[C@@H](COCC1CCCCC1)Cc1c[nH]cn1,CHEMBL19287
DEC_2402,decoy,Cn1cc(C2=C(c3cn(CCCN=C(N)N)c4ccccc34)C(=O)NC2=O)c2ccccc21,CHEMBL267386
DEC_3413,decoy,Cc1cccc(CNC(=O)Cn2c(Cl)cnc(NCC(F)(F)c3cccc[n+]3[O-])c2=O)c1,CHEMBL418017
DEC_2336,decoy,O=C(O)CCCCCCC(=O)N1CCC2(CCN(c3ccncc3)CC2)C1,CHEMBL275088
DEC_3527,decoy,O=C(O)Cc1nn(CSc2nc3ccccc3s2)c(=O)c2ccccc12,CHEMBL281407
DEC_3591,decoy,O=C1c2ccccc2C(=O)N1CCCCn1c(C2CCNCC2)nc2cc(Cl)c(Cl)cc21,CHEMBL416914
DEC_4637,decoy,CCN1C(=O)c2c(nc(Cc3ccccc3)n2Cc2ccccc2C)N2C1=N[C@@H]1CCC[C@@H]12,CHEMBL26498
DEC_1749,decoy,Oc1ccc2c(c1O)-c1cccc3c1[C@@H](C2)N(CCCl)CC3,CHEMBL283871
DEC_3310,decoy,NCC1CN(c2c(F)cc3c(=O)c(C(=O)O)cn(C4CC4)c3c2F)CCCO1,CHEMBL29296
DEC_0871,decoy,C#CCN(Cc1ccc2nc(C)nc(O)c2c1)c1ccc(C(=O)NCC)cc1,CHEMBL6307
DEC_1934,decoy,O=C1[C@H]2Cc3c([nH]c4ccccc34)[C@@H](c3ccc4c(c3)OCO4)N2C(=O)CN1[C@@H]1CCN(CCC2CC2)C1,CHEMBL33944
DEC_0598,decoy,CC1(C)C(=O)N(c2ccc(C#N)c(C(F)(F)F)c2)C(=O)N1CCCF,CHEMBL9140
DEC_4334,decoy,Cc1ccnc(NCCCCCCC(=O)NC(CC(=O)O)c2cccc([N+](=O)[O-])c2)c1,CHEMBL417426
DEC_1123,decoy,C=C1C[C@@]23O[C@]2(c2ccccc21)C1CC(OC(=O)[C@H](O)[C@@H](NC(=O)NCCCC)c2ccccc2)C3(C)C1(C)C,CHEMBL285386
DEC_1143,decoy,CC(C)(C)c1ccc(C(Cc2ccc(C(=O)NCCC(=O)O)cc2)C(=O)Nc2ccc(-n3cccn3)cc2)cc1,CHEMBL65705
DEC_0340,decoy,C[C@]12C=CC(=O)C=C1CCC1C2[C@H](O)C[C@@]2(C)C1CC[C@]2(O)C(=O)CN1CCN(c2ccccn2)CC1.O=C(O)/C=C/C(=O)O,CHEMBL429388
DEC_0507,decoy,Nc1ccc(CCCn2ncc3c2nc(N)n2nc(-c4ccco4)nc32)cc1,CHEMBL281805
DEC_3929,decoy,CCCn1c(=O)c2nc(-c3ccc(S(=O)(=O)Oc4ccc([N+](=O)[O-])cc4)cc3)[nH]c2n(CCC)c1=O,CHEMBL8865
DEC_3183,decoy,CCN(CC)CCn1nc2c3c(c(CNS(C)(=O)=O)ccc31)Sc1ccc(OC)cc1-2,CHEMBL30053
DEC_0436,decoy,CC(C)(C)c1cc(-c2nnc(SCCC(=O)O)s2)cc(C(C)(C)C)c1O,CHEMBL16753
DEC_0835,decoy,Cc1cc(I)cc(CNCCCN(C)C)c1O,CHEMBL279894
DEC_3814,decoy,N/C(=N\c1ccc(Cl)c(Cl)c1)Nc1nc(Nc2ccc(O)c(CN3CCCC3)c2)cc(C(F)(F)F)n1,CHEMBL23587
DEC_1969,decoy,O=C(O)CCC(=O)N1CCC2(CCC(C(=O)N3CCC(C4CCNCC4)CC3)CC2)CC1,CHEMBL24638
DEC_0321,decoy,COc1cc2cc(C(=O)N3C[C@H]4C[C@@]45C3=CC(=O)c3[nH]c(C)c(C(=O)OC4CSSCC4O)c35)[nH]c2c(OC)c1OC,CHEMBL327522
DEC_1411,decoy,CCCc1nc(CN2CCN(c3ccccn3)CC2)c(C=O)n1Cc1ccc(-c2ccccc2-c2nn[nH]n2)cc1,CHEMBL430997
DEC_2692,decoy,CCCCN(C(=O)CC(=O)O)c1ccc(N2CCC(NC[C@H](O)c3ccc(O)c(NS(C)(=O)=O)c3)CC2)cc1,CHEMBL418600
DEC_3509,decoy,Nc1nc(S)c2cc(S(=O)(=O)c3ccc4ccccc4c3)ccc2n1,CHEMBL6929
DEC_3822,decoy,O=c1c2c(oc(O)c1C(c1cccc(NS(=O)(=O)c3ccc(Cl)cc3)c1)C1CC1)CCCCCC2,CHEMBL16234
DEC_3746,decoy,COc1cccc2c1CC[C@H]1CN(CCn3c(=O)[nH]c4c(sc5ccc(C)cc54)c3=O)C[C@@H]21,CHEMBL40310
DEC_2230,decoy,C=C(c1ccccc1OCC(O)CN1CCCC1)n1ccnc1,CHEMBL15493
DEC_0001,decoy,OC1CCCCC1N1CCC(CCC2CCN(C3CCCCC3O)CC2)CC1,CHEMBL20656
DEC_0741,decoy,CCCCCc1cc(O)c2c(c1)OC(C)(C)[C@@H]1CCC(CN(C)C)CC21,CHEMBL28722
DEC_3922,decoy,O=C(CN(Cc1ccc([N+](=O)[O-])cc1)S(=O)(=O)C(F)(F)C(F)(F)C(F)(F)C(F)(F)F)NO,CHEMBL55110
DEC_4191,decoy,O=C(Cn1c(Cl)cnc(NCC(F)(F)c2cccc[n+]2[O-])c1=O)NCc1ccccc1Cl,CHEMBL26804
DEC_2294,decoy,Cc1ccc2c(Nc3ccc(NS(C)(=O)=O)cc3)c3ccccc3nc2c1,CHEMBL275527
DEC_0347,decoy,COc1cccc2c1C(=O)c1c(O)c3c(c(O)c1C2=O)C=C(C(C)=O)C[C@@H]3OC1CC(NC(=O)C(F)(F)F)C(O)C(C)O1,CHEMBL55255
DEC_0273,decoy,O=C(O)[C@@H]1C[C@H](Sc2ccccc2)CN1C(=O)CP(=O)(O)CCCCc1ccccc1,CHEMBL279121
DEC_2148,decoy,c1cc(COc2ccc(OCc3ccc4ccccc4n3)cc2)cc(-c2nn[nH]n2)c1,CHEMBL18918
DEC_0937,decoy,NS(=O)(=O)c1ccc(-n2nc(C(F)(F)F)cc2-c2cc3ccccc3o2)cc1,CHEMBL29562
DEC_0016,decoy,CCCc1cc(=O)oc2c(C(=O)[C@@H](C)[C@H](C)O)c(O)c3c(c12)OC(C)(C)C=C3,CHEMBL7211
DEC_2377,decoy,COC(=O)/C=C\C(=O)N[C@@H]1CCC2(O)C3Cc4ccc(O)c5c4C2(CCN3CC2CC2)[C@H]1O5,CHEMBL22163
DEC_4406,decoy,C[C@@H](O)[C@H]1C(=O)N2C(C(=O)O)=C(S[C@@H]3CN[C@H](CNc4ccccc4)C3)[C@H](C)[C@H]12,CHEMBL14044
DEC_2857,decoy,CCOC(=O)C1=C(C)N=C(C)/C(=C(/O)OCC)C1c1cccc(I)c1,CHEMBL37204
DEC_1764,decoy,CC(C)C1=CC2CC3(C=O)[C@@H]4CC[C@@H](C)[C@H]4CC2(CO[C@H]2C[C@@H]4OC(C)(C)O[C@@H]4[C@@H](C)O2)C13C(=O)O,CHEMBL280887
DEC_2327,decoy,Cc1cc(C(c2ccc(C(C)C)cc2)N2CCN(CCO)CC2)sn1,CHEMBL25161
DEC_1491,decoy,N/C(=N\O)c1cccc(CN2C(=O)N[C@H](CCc3ccccc3)[C@@H](O)[C@H]2Cc2ccccc2)c1,CHEMBL286159
DEC_0724,decoy,O=[N+]([O-])c1cccc(Cn2c3c(c4ccccc42)C[C@@]2(O)[C@H]4Cc5ccc(O)c6c5[C@@]2(CCN4CC2CC2)[C@H]3O6)c1,CHEMBL277291
DEC_2219,decoy,Cc1nsc(-c2ccc(N3CCN(c4cccc(N)c4)CC3)nn2)n1,CHEMBL276532
DEC_2166,decoy,CCC(C)(C)/N=c1\c(O)c(O)\c1=N/Cc1ccc(C)c(C)c1,CHEMBL278536
DEC_3867,decoy,O=C(O)c1ccc2oc3ccc(S(=O)(=O)O)cc3c(=O)c2c1,CHEMBL279456
DEC_1673,decoy,N[C@@H](C(=O)N[C@@H]1C(=O)N2C(C(=O)O)=C(/C=C/C(F)(F)F)OC[C@H]12)c1ccc(O)cc1,CHEMBL274034
DEC_4559,decoy,CCCc1cc(OCC2CCNCC2)cc(=O)n1Cc1ccc(-c2ccccc2-c2nn[nH]n2)cc1,CHEMBL25445
DEC_1417,decoy,CCCC(=O)OCC(=O)[C@@]1(OC(=O)c2ccco2)[C@H](C)CC2C3CCC4=CC(=O)C=CC4(C)[C@@]3(F)C(O)CC21C,CHEMBL434398
DEC_0880,decoy,NCC/N=C(\S)Nc1c(Br)cccc1Br,CHEMBL31851
DEC_4698,decoy,CC1SCC(NC(=O)N(CCCl)N=O)CS1,CHEMBL266629
DEC_1478,decoy,COc1cc(CC2c3cc(O)c(O)cc3CCN2Cc2ccc(N)cc2)cc(OC)c1OC,CHEMBL289943
DEC_0889,decoy,C=C([C@H](O)C[C@H](O)[C@@]1(C)CC[C@H](C(C)(C)O)O1)[C@H]1CC[C@H]2O[C@@H]([C@]3(C)CC[C@@H](Br)C(C)(C)O3)CC[C@]2(C)O1,CHEMBL23161
DEC_1789,decoy,C[C@H]1CC2C([C@@H](O)C[C@@]3(C)C2CC[C@]3(O)C(=O)CN2CCN(c3ccccn3)CC2)[C@@]2(C)C=CC(=O)C=C12,CHEMBL15581
DEC_4662,decoy,CCOc1nc2c(n1Cc1ccc(OC)cc1)C(=O)N(CC)C1=N[C@@H]3CCC[C@@H]3N12,CHEMBL280576
DEC_2412,decoy,NC(=O)c1cccc(CN2C(=O)N3C(Cc4ccccc4)[C@@H]3[C@@H](O)[C@H]2Cc2ccccc2)c1,CHEMBL38093
DEC_2120,decoy,COP(=O)(OC)OC(c1cccc(Br)c1)P(=O)(OC)OC,CHEMBL286846
DEC_3618,decoy,CC1(C)NC(=O)N(CCC(COc2ccc(-c3ccc(C#N)cc3)cc2)N(O)C=O)C1=O,CHEMBL288510
DEC_2783,decoy,O=S(=O)(Nc1cccc(Oc2ccc3ccccc3n2)c1)C(F)(F)F,CHEMBL17586
DEC_2610,decoy,CN(C)CCCn1cc(C2=C(c3c[nH]c4ccccc34)C(=O)NC2=O)c2ccccc21,CHEMBL7463
DEC_3386,decoy,O=C1N(CC2CC2)[C@@H](Cc2ccccc2)C(O)[C@H](Cc2ccccc2)N1CC1CC1,CHEMBL21296
DEC_2717,decoy,c1ccc(NNC2c3ccccc3Oc3ccccc32)nc1,CHEMBL20311
DEC_4324,decoy,O=S(=O)(c1ccccc1)c1cc(Cl)cc(OCCNc2ccncc2)c1,CHEMBL24403
DEC_2924,decoy,Cc1nc(N)ccc1CNC(=O)Cn1c(C)cc2c(c1=O)NC(=O)[C@H](Cc1ccccc1)C2,CHEMBL10545
DEC_2409,decoy,CC1(C)N=C(N)N=C(N)N1c1cccc(OCCOc2cccc(C(F)(F)F)c2)c1,CHEMBL20628
DEC_1894,decoy,O=C1NC(=O)C(CC#Cc2ccc(OC(F)(F)F)cc2)(S(=O)(=O)c2ccc(F)cc2)S1,CHEMBL275001
DEC_4229,decoy,O=C(CN1CCC(NC(=O)c2ccccc2)CC1)NC1CCc2cc(F)ccc2C1Cc1cccnc1,CHEMBL44886
DEC_1716,decoy,C/N=C(\N)c1ccc(-c2ccc(-c3ccc(/C(N)=N/C)cc3)o2)cc1,CHEMBL284933
DEC_2311,decoy,O=S(=O)(Nc1ccccc1)c1cccc(OCCNc2ccncc2)c1,CHEMBL25540
DEC_0663,decoy,CN(Cc1cnc2nc(N)nc(N)c2n1)c1ccc(C(=O)NC(CCP(=O)(O)O)C(=O)O)cc1,CHEMBL27642
DEC_0042,decoy,C[S+]([O-])c1ccc(-c2nc3n(c2-c2ccc([S+](C)[O-])cc2)CC[S+]3[O-])cc1,CHEMBL17343
DEC_3572,decoy,CCCc1nc2c(n1Cc1ccc(-c3ccccc3-c3nn[nH]n3)cc1)/C(=C/C(=O)O)CCCC2,CHEMBL42995
DEC_3921,decoy,CCCn1c(=O)c2nc(-c3ccc(S(=O)(=O)Oc4cccc([N+](=O)[O-])c4)cc3)[nH]c2n(CCC)c1=O,CHEMBL266099
DEC_3801,decoy,O=C(O)c1cc(Br)cc2c(=O)cc(-c3cccc(OCc4ncc5ccccc5n4)c3)oc12,CHEMBL34740
DEC_1869,decoy,CC1(C)C=C(n2ccccc2=O)c2cc(S(=O)(=O)Nc3ccccc3Br)ccc2O1,CHEMBL267301
DEC_4447,decoy,Cc1cc(C)c(NC(=O)c2sccc2S(=O)(=O)Nc2onc(C)c2Cl)c(C)c1CC#N,CHEMBL18626
DEC_4413,decoy,CS[C@H]1C[C@@H](C(=O)O)N(C(=O)CP(=O)(O)CCCCc2ccccc2)C1,CHEMBL16538
DEC_1878,decoy,O=C1NC(=O)C(CC#Cc2ccc(Br)cc2)(S(=O)(=O)c2ccc(Cl)cc2)S1,CHEMBL276441
DEC_4624,decoy,Cc1cc(C)c(C)c(OC(=O)NS(=O)(=O)Oc2c(C(C)C)cccc2C(C)C)c1C,CHEMBL22609
DEC_1466,decoy,CCCc1nc2c(n1Cc1ccc(-n3cccc3-c3nn[nH]n3)cc1)/C(=C/C(=O)O)CCCC2,CHEMBL44295
ACT_084,active,CSCC[C@H](NC=O)C(=O)N[C@@H](CC(C)C)C(=O)N[C@@H](Cc1ccccc1)C(=O)O,CHEMBL267179
DEC_2164,decoy,CC(=O)OCC1CCC(NC(=O)N(CCCl)N=O)CC1,CHEMBL12553
DEC_2191,decoy,CC1(C)CC1C(=O)N/C(=C\CCCCBr)C(=O)O,CHEMBL273926
DEC_2689,decoy,O=S(=O)(Nc1ccc(CCNC[C@H](O)c2cccnc2)cc1)c1ccc(-n2ncc(Cc3cccc(F)c3)n2)cc1,CHEMBL63963
DEC_2017,decoy,CCN(CC)Cc1ccc(-c2cc(S(=O)(=O)CC)ccc2OC)[nH]1,CHEMBL277684
DEC_2807,decoy,Nc1cccc(CN2C(=O)N(Cc3ccc4[nH]ncc4c3)[C@H](Cc3ccccc3)[C@H](O)[C@@H](O)[C@H]2Cc2ccccc2)c1,CHEMBL82422
DEC_1638,decoy,CCC1c2cc3c(C(F)(F)F)cc(O)nc3cc2NC[C@@H]1C,CHEMBL418198
DEC_3895,decoy,O=C(O)c1cn2c3c(nc(O)c2n1)-c1ccccc1C3N1CC=CC1=O,CHEMBL19955
DEC_1390,decoy,O=C(Cc1ccccc1OCc1ccccc1)N1C[C@H]2[C@@]3(c4ccccc4)CC[C@H](c4ccccc43)[C@@]2(C(=O)O)C1,CHEMBL50661
DEC_2563,decoy,O=S(=O)(Nc1ccc(CCNC[C@H](O)c2cccnc2)cc1)c1ccc(-c2nc(-c3cnc4ccccc4c3)cs2)cc1,CHEMBL293577
DEC_4303,decoy,N#CCCn1nc(-c2ccc(OCc3ccc([N+](=O)[O-])cc3)cc2)oc1=O,CHEMBL16718
DEC_0136,decoy,OC1CCCCC1N1CCC(C2CCN(C3CCCCC3O)CC2)CC1,CHEMBL20429
DEC_2656,decoy,O=C(O)CCC(=O)N[C@@H](CNC(=O)C1(NC(=O)OC2C3CC4CC(C3)CC2C4)Cc2ccccc2C1)c1ccccc1,CHEMBL434020
DEC_4532,decoy,C=C(Cl)CON1C[C@H](OCC23C[C@@H]4[C@H](C)CC[C@H]4C4(C=O)CC2C=C(C(C)C)[C@@]34C(=O)O)OC[C@H]1C,CHEMBL33631
DEC_4287,decoy,N#C/C(=C\c1ccc(OCCN2CCOCC2)cc1)c1noc2ccccc12,CHEMBL20661
DEC_1898,decoy,Cc1ccc([C@@H]2c3[nH]c4ccccc4c3C[C@@H]3C(=O)N([C@@H]4CCN(Cc5ccccc5)C4)CC(=O)N23)cc1,CHEMBL34744
DEC_3593,decoy,O=S1(=O)N(CCN2CCC(Cc3c[nH]c4ccc(F)cc34)CC2)c2cccc3c2N1CCC3,CHEMBL274728
DEC_2185,decoy,CCC(C)(C)/N=c1\c(O)c(O)\c1=N/Cc1ccc(C)cc1C,CHEMBL20101
DEC_0610,decoy,Nc1nc2c(cnn2CCOCc2ccccc2)c2nc(-c3ccco3)nn12,CHEMBL17281
DEC_1912,decoy,CCCCc1nc2ccc([S+](C)[O-])cc2c(=O)n1Cc1ccc(-c2ccccc2-c2nn[nH]n2)cc1,CHEMBL287184
DEC_2541,decoy,COP(=O)(OC)OC(c1ccccc1)P(=O)(OC)OC,CHEMBL33118
DEC_2099,decoy,O=C(Cn1c2c(c(=O)n3nc(-c4ccccc4)cc13)CN(C1CCCCC1)C2=O)c1ccc2ccccc2c1,CHEMBL47719
DEC_3469,decoy,NC1C(OCc2ccccc2)OC(CO)C(OCc2ccccc2)C1N,CHEMBL17894
DEC_3709,decoy,CN(Cc1ccc(S(=O)(=O)c2ccccc2)cc1)c1ccc2c3c(cccc13)C(N)=N2,CHEMBL275685
DEC_3861,decoy,Cc1cc(/N=c2\c(O)c(O)\c2=N/[C@H](C)C(C)(C)C)ccc1C#N,CHEMBL18951
DEC_2113,decoy,O=C1c2ccccc2S(=O)(=O)N1COP(=O)(Oc1ccccc1)Oc1ccccc1,CHEMBL288700
DEC_1343,decoy,NS(=O)(=O)c1ccc(-n2nc(C(F)(F)F)cc2-c2ccncc2)cc1,CHEMBL283425
DEC_3468,decoy,CCN(C(=O)N1C[C@@H](C(=O)O)[C@@H](N)[C@@H]1CNC(=O)C(F)(F)F)C(C)C,CHEMBL19309
DEC_1154,decoy,CCc1c2c(nc3cnc(C#N)cc13)-c1cc3c(c(=O)n1C2)COC(=O)[C@]3(O)CC,CHEMBL13787
DEC_3667,decoy,CC1(C)O[C@@H]2[C@@H](CO[C@@]3(COS(=O)(=O)NCc4ccccc4)OC(C)(C)O[C@@H]23)O1,CHEMBL283845
DEC_2868,decoy,CC(C)NC(=O)N(C(=O)[C@H]1CCC2C3CCC4N(C)C(=O)C=C[C@]4(C)C3CC[C@@]21C)C(C)C,CHEMBL25593
DEC_3452,decoy,COC(=O)c1ccc(C(O)c2cccc(/C(C#N)=C(\N)Sc3ccccc3N)c2)cc1,CHEMBL290865
DEC_0765,decoy,CC(C)c1ccccc1Sc1c(O)cc(-c2ccc([N+](=O)[O-])cc2)oc1=O,CHEMBL12671
DEC_3916,decoy,COc1c2c(c(OC)c(SC(C)C)c1SC(C)C)[C@H](CO)N1C(C#N)[C@@H]3C[C@@H](C(=O)O)[C@H]([C@@H]1C2)N3C,CHEMBL58642
DEC_4248,decoy,O=S(=O)(CC(F)(F)F)Nc1cccc(OCc2ccc3ccccc3n2)c1,CHEMBL18140
DEC_0004,decoy,C(=C1/CCCN(c2ccc(C3=NCCN3)cc2)C1)\c1ccc(C2=NCCN2)cc1,CHEMBL267154
DEC_2696,decoy,CC(C)n1cc(NC(=O)c2cc(NC(=O)c3cc(NC=O)cn3C(C)C)cn2C)cc1C(=O)NCCCN(C)C,CHEMBL68900
DEC_4477,decoy,C=CC(=O)Nc1nc2c(Nc3ccc(F)c(Cl)c3)ncnc2cc1CCCCN1CCOCC1,CHEMBL281543
DEC_0465,decoy,CCN(CC/C=C/c1ccc(NS(C)(=O)=O)cc1)CCCCCC(C)F,CHEMBL13677
DEC_2936,decoy,CC(C)C[C@H](CC(=O)NO)C(=O)N[C@H]1Cc2cn(c3ccccc23)CCCCCCNC1=O,CHEMBL281795
DEC_4680,decoy,COc1cc2c(cc1OC)C1C(=O)c3ccc4c(c3OC1CO2)C(C)(C)C=CO4,CHEMBL268392
DEC_2745,decoy,C#Cc1ccc(C(=O)c2ccc3n2CCC3C(=O)O)cc1,CHEMBL9235
DEC_0237,decoy,O=C1OCCN1CCNc1ccc2c3c(nn2CCNCCO)-c2ccccc2Sc13,CHEMBL418425
DEC_4603,decoy,FC(Br)C(F)(F)Sc1nc(-c2ccccc2)c(-c2ccccc2)[nH]1,CHEMBL18383
DEC_2371,decoy,C[C@@H](O)[C@H]1C(=O)N2C(C(=O)O)=C(S[C@@H]3CN[C@H](CCc4ccc(CN)cc4)C3)[C@H](C)[C@H]12,CHEMBL280023
DEC_0735,decoy,CCCc1cc(=O)oc2c3c(c4c(c12)OC(C)(C)C=C4)O[C@H](CC)[C@@H](C)C3=O,CHEMBL7633
DEC_1890,decoy,CC(NC(=O)C(=O)N/N=C1\C[C@H](c2ccccc2F)Nc2cc3c(cc21)OCO3)c1ccccc1,CHEMBL278893
DEC_0523,decoy,C(=C1CCN(Cc2ccc(C3=NCCN3)cc2)CC1)c1ccc(C2=NCCN2)cc1,CHEMBL276449
DEC_1525,decoy,CNS(=O)(=O)c1ccc2c(c1)/C(=C/c1[nH]c3c(c1CCCN1CCOCC1)CCCC3)C(=O)N2,CHEMBL296185
DEC_3150,decoy,C=C(C)[C@H]1Cc2c(ccc3c2O[C@H]2COc4cc(OC)c(OC)cc4[C@H]2C3=O)O1,CHEMBL267461
DEC_2975,decoy,O=C(NCCCOc1ccc2nc(O)ccc2c1)N(C1CC1)[C@H]1CCCC[C@H]1O,CHEMBL32617
DEC_2456,decoy,CC1(C)C2CC[C@@]1(CS(=O)(=O)N1CCC3(CCc4ccccc43)CC1)[C@@H](N1C(=O)C[C@H](NCc3ccccc3)C1=O)C2,CHEMBL281361
DEC_0111,decoy,Cc1cc(C#N)cc(Cl)c1C/N=c1\c(O)c(O)\c1=N/C(C)C(C)(C)C,CHEMBL19858
DEC_4400,decoy,CN(C)CCN(C)c1ccc(-c2cc3ncccc3c(NCCCN)n2)cc1,CHEMBL285889
DEC_2449,decoy,COc1cc2cc(CO)c(CO)c(-c3ccnc(-n4ccccc4=O)c3)c2cc1OC,CHEMBL12599
DEC_1242,decoy,O=C1CC(c2nnn[nH]2)Oc2cc(COc3cccc(OCc4ccc5ccccc5n4)c3)ccc21,CHEMBL46663
DEC_4659,decoy,CN(C)CC(CN(C)C)c1nnc2n1-c1ccc(Cl)cc1C(c1ccccc1)=NC2,CHEMBL16079
DEC_1275,decoy,CN1CCN(CCOc2ccccc2/C=C(\C#N)c2noc3ccccc23)CC1,CHEMBL21573
DEC_2922,decoy,C[C@H](NC(=O)C1C=C2c3cccc4[nH]cc(c34)CC2N(C)C1)C(=O)NCCc1ccccc1,CHEMBL18727
DEC_2000,decoy,COOC1(OOC(C)(C)OC)CCCCCCCCCCC1,CHEMBL27680
DEC_4544,decoy,CN(C[C@H]1CC[C@H](CN(C)S(=O)(=O)c2cccc3ccccc23)CC1)c1nc(N)c2ccccc2n1,CHEMBL275845
DEC_1686,decoy,NCCc1c[nH]cn1.N[C@@H](COCc1ccc(Br)cc1)Cc1c[nH]cn1,CHEMBL18555
DEC_0838,decoy,OC(c1ccc(F)cc1)C(O)(Cn1cncn1)c1ccc(Cl)cc1,CHEMBL10446
DEC_3780,decoy,CCN(CCOc1ccc(/C=C2\SC(=O)NC2=O)cc1)CC1(C)CCc2c(C)c(O)c(C)c(C)c2O1,CHEMBL6571
DEC_0935,decoy,NS(=O)(=O)c1ccc(-n2nc(C(F)(F)F)cc2-c2ccc(Cl)s2)cc1,CHEMBL283177
DEC_1855,decoy,CO[C@H]1[C@H](O)[C@H]2[C@@H](O[C@@H]1CN)n1c3ccccc3c3c4c(c5c6ccccc6n2c5c31)C(=O)NC4=O,CHEMBL26925
DEC_1149,decoy,Cc1[nH]c2ccc(O)cc2c1C1CCN(CCCCCNC(=O)/C=C/c2ccc(Cl)c(Cl)c2)CC1,CHEMBL300455
DEC_0067,decoy,O=C(O)CCC/C=C\CC1=CCC[C@@H]1NS(=O)(=O)c1ccc2ccccc2c1,CHEMBL20524
DEC_1534,decoy,CN(C(=O)[C@H](CC#Cc1ccc(NN)cc1)NS(=O)(=O)c1ccc2ccccc2c1)C1CCCC1,CHEMBL7450
DEC_4710,decoy,COCON1C(=O)C(CC(C)C)=N/C(=C\C(C)C)C1=O,CHEMBL16393
DEC_0155,decoy,CCCCCCc1nc2c([nH]1)N1CC3(CCCC3)N=C1N(C)C2=O,CHEMBL18965
DEC_0230,decoy,CN1CCN(Cc2ccc(-c3nc4c5cnn(CCc6ccccc6)c5nc(N)n4n3)o2)CC1,CHEMBL20795
DEC_0463,decoy,CCCCc1nc(Cc2ccc(-c3ccccc3-c3nn[nH]n3)cc2)n(CCCC)n1,CHEMBL12909
DEC_1737,decoy,O=C1CCC(c2ccc(NCc3ccnc4ccccc34)cc2)=NN1,CHEMBL417083
DEC_2767,decoy,Cc1cc2nc(/C=C/c3ccc[n+](C)c3)[nH]c2cc1C.F[B-](F)(F)F,CHEMBL34006
DEC_0327,decoy,CC(C)C[C@H]1C(=O)N2c3ccccc3[C@@](O)(C[C@@H]3NC(=O)c4ccccc4N4C(=O)c5ccccc5NC34)[C@H]2N1C(=O)CCC(=O)O,CHEMBL432511
DEC_0059,decoy,Oc1c(CN2CCCC2)cc(Nc2ncnc3ccccc23)cc1CN1CCCC1,CHEMBL26791
DEC_3753,decoy,N#Cc1c(-c2ccc(Cl)cc2)c(-c2ccc(Cl)cc2)nn(CCCC(=O)O)c1=O,CHEMBL32681
DEC_0571,decoy,CCN1C(=O)N(C2CCN(CC3CCCCCCC3)CC2)[C@@H]2CCCC[C@H]21,CHEMBL29953
DEC_1967,decoy,NS(=O)(=O)c1ccc(-n2nc(C(F)(F)F)cc2-c2ccc(Br)s2)cc1,CHEMBL29472
DEC_3354,decoy,O=C1c2[nH]c(Br)nc2N(Cc2ccc(Cl)cc2)C2=NCCN12,CHEMBL277768
DEC_2180,decoy,CN(C)S(=O)(=O)c1cc2c(N=O)c(O)[nH]c2c2c1CCCC2,CHEMBL10103
DEC_4215,decoy,C=C1C[C@@]23O[C@]2(c2ccccc21)C1CC(OC(=O)[C@H](O)[C@@H](NC(C)=O)c2ccccc2)C3(C)C1(C)C,CHEMBL283716
DEC_2665,decoy,CC(O)CCCc1nc(-c2ccc(S(=O)(=O)Nc3ccc(CCNC[C@H](O)c4cccnc4)cc3)cc2)no1,CHEMBL418411
DEC_2578,decoy,Cc1cc(C)cc(-c2[nH]c3ccc(C(=O)N4CCOCC4)cc3c2CCNCCCCc2ccc(NS(C)(=O)=O)cc2)c1,CHEMBL300045
DEC_3625,decoy,Cc1nc(N)ccc1CNC(=O)Cn1c(C)cc(S(=O)(=O)C2CCCCC2)c(N)c1=O,CHEMBL32881
DEC_1634,decoy,O=C1c2ccccc2C(=O)C12C(c1ccc(O)cc1)=Cc1cc(O)ccc12,CHEMBL25228
DEC_2582,decoy,CCCc1nc(SC)c(C(=O)O)n1Cc1ccc(-c2ccccc2S(=O)(=O)NC(=O)NCc2cccs2)cc1,CHEMBL86337
DEC_4339,decoy,O=C(O)CCCCCC[C@@H]1[C@@H](CC[C@@H](O)COc2cccc(Cl)c2)[C@H](O)C[C@@H]1O,CHEMBL36041
DEC_2032,decoy,C=C(c1ccccc1OCC(O)CNC(C)C)n1cnc2ccccc21,CHEMBL275833
DEC_4292,decoy,CC(=O)OC(C(C)=O)[C@@]12CCC[C@H]1[C@@H]1CCC3=CC(=O)CC[C@@H]3[C@H]1CC2,CHEMBL273571
DEC_1389,decoy,C=C1C[C@@]23O[C@]2(c2ccccc21)C1CC(OC(=O)[C@H](O)[C@@H](NC(=O)OCC)c2ccc(F)cc2)C3(C)C1(C)C,CHEMBL284652
DEC_3683,decoy,Cc1cc(C(N)=O)c2c3ncnc(N4CCN(CCc5ccc(F)c(F)c5)CC4)c3n(C)c2n1,CHEMBL287400
DEC_1012,decoy,C[C@@H]1CC2C3CCC4=CC(=O)C=CC4(C)[C@@]3(Cl)C(Cl)CC2(C)C1C(=O)CO,CHEMBL16418
DEC_3412,decoy,O=C1[C@@H](NS(=O)(=O)c2ccc(-c3ccccn3)s2)CCN1CCNc1ccncc1,CHEMBL267910
DEC_0588,decoy,Brc1ccc(N(CC2CC2)C2=NCCN2)cc1Br,CHEMBL20092
DEC_0123,decoy,N=C(N)c1ccc2oc(CCc3cc4cc(C(=N)N)ccc4o3)cc2c1,CHEMBL279962
DEC_3128,decoy,N#Cc1c2n(c3c(N4CCN(CCc5ccccc5Cl)CC4)ncnc13)CCCC2,CHEMBL27517
DEC_0121,decoy,O=C(O)c1ccc2oc3ccc([S+]([O-])CCO)cc3c(=O)c2c1,CHEMBL25660
DEC_0946,decoy,CC1(C)C=C(n2ccccc2=O)c2cc(S(=O)(=O)NC3CCCC3)ccc2O1,CHEMBL268972
DEC_3729,decoy,N#Cc1ccccc1N1CCN(CCCCC23CCCc4cccc(c42)NC3=O)CC1,CHEMBL273246
DEC_4616,decoy,Cn1cncc1C(OCc1ccc(C#N)c(-c2ccc(Cl)cc2)n1)c1ccc(C#N)cc1,CHEMBL418059
DEC_3213,decoy,CCCc1cc(=O)oc2c3c(c4c(c12)OC(C)(C)C=C4)O[C@H](C)[C@H](C)[C@@H]3O,CHEMBL263086
DEC_2654,decoy,N#CN=C1N(Cc2ccc(CO)cc2)[C@H](Cc2ccccc2)[C@H](O)[C@@H](O)[C@@H](Cc2ccccc2)N1Cc1ccc(CO)cc1,CHEMBL286777
DEC_3086,decoy,COc1ccc2[nH]c3c(C)c4ccnc(NCCCN)c4c(C)c3c2c1,CHEMBL19138
DEC_0138,decoy,CCC(C)(C)/N=c1\c(O)c(O)\c1=N/Cc1ccc(C#N)cc1Cl,CHEMBL19105
DEC_4538,decoy,CC(C)Sc1ccc(CC2CCN(C3CCN(C(=O)c4ccc(S(N)(=O)=O)cc4)CC3)CC2)cc1,CHEMBL415975
DEC_3471,decoy,CCCn1c(=O)[nH]c(=O)c2[nH]c(-c3ccc(S(=O)(=O)O)cc3)nc21,CHEMBL281633
DEC_2136,decoy,O=C1c2ccccc2C(=O)N1CC1CC1CN1CCN(c2nsc3ccccc23)CC1,CHEMBL288930
DEC_1698,decoy,CC(=O)NCCNc1ccc(NCCN(C)C)c2c1C(=O)c1ccccc1C2=O,CHEMBL441961
DEC_3900,decoy,CNc1cc(S(=O)(=O)c2ccc(N)cc2)cc(Br)n1,CHEMBL23575
DEC_1707,decoy,Oc1ccc(C2=C(c3ccc(O)cc3)c3ccc(O)cc3CC2)cc1,CHEMBL27207
DEC_3333,decoy,O=C1NC(=O)C(CC#Cc2ccc(Cl)cc2)(S(=O)(=O)c2ccccc2)S1,CHEMBL275470
DEC_3095,decoy,COc1cc(N)c(Cl)cc1C(=O)NC[C@H]1CCC2CCCCN2C1,CHEMBL15307
DEC_2347,decoy,CCS(=O)(=O)c1ccc(OC)c(-c2ccc(C(C)N3CCCC3)[nH]2)c1,CHEMBL282287
DEC_2782,decoy,O=C(c1ccccc1I)c1ccc2n1CCC2C(=O)O,CHEMBL9120
ACT_049,active,CC1(C)CC(C(=O)Nc2ccc(Br)cc2)=C(C(=O)O)c2ccccc21,CHEMBL5566538
DEC_3808,decoy,C=C1/C(=C\C=C2/CCC[C@]3(C)C([C@H](C)C[C@H](O)CC(O)(C(F)(F)F)C(F)(F)F)CC[C@@H]23)C[C@@H](O)C[C@@H]1O,CHEMBL416767
DEC_3017,decoy,CN1CCN(CCCNc2cc(-c3ccc(CN4CCN(C)CC4)cc3)nc3ccccc23)CC1,CHEMBL21781
DEC_0061,decoy,Cc1cc(OCCNc2ccncc2)cc(OS(=O)(=O)c2cccs2)c1,CHEMBL286529
DEC_3091,decoy,N=C(N)N(CC1CC1)c1c(Br)cccc1Br,CHEMBL278629
DEC_3342,decoy,COc1c(N2CC(C)NC(C)C2)c(F)cc2c(=O)c(C(=O)O)cn(C3CC3)c12,CHEMBL15426
DEC_1595,decoy,CCN(CC)CCn1nc2c3c(c(CNC=O)ccc31)Sc1ccccc1-2,CHEMBL287205
DEC_0411,decoy,CCCc1cc(=O)oc2c3c(c4c(c12)OC(C)(C)C=C4)O[C@H](CC)[C@@H](C)[C@@H]3O,CHEMBL7840
DEC_3307,decoy,C/C(C[C@@H]1CCc2c(cccc2OCC(=O)O)C1)=N\OC(c1ccccc1)c1ccccc1,CHEMBL418338
DEC_3717,decoy,CCc1nc2ccc(C)cc2c(=O)n1Cc1ccc(-c2ccccc2-c2nn[nH]n2)cc1,CHEMBL416015
DEC_2611,decoy,CCCc1cc(O)c(C)c(=O)n1Cc1ccc(-c2ccccc2-c2nn[nH]n2)cc1,CHEMBL22385
DEC_3240,decoy,Nc1cc2c(Nc3ccc4c(ccn4Cc4ccccc4)c3)ncnc2cn1,CHEMBL288557
DEC_3299,decoy,COP(=O)(Nc1ccc(Nc2c3ccccc3nc3ccccc23)c(N(C)C)c1)OC,CHEMBL39967
DEC_0427,decoy,C=CCONC1=NC(=O)/C(=C/c2cc(C(C)(C)C)c(O)c(C(C)(C)C)c2)S1,CHEMBL16127
DEC_1653,decoy,Cc1cn(C2CC3NP(=O)(N(CCCl)CCCl)NCC3O2)c(=O)[nH]c1=O,CHEMBL22041
DEC_1152,decoy,CC(C)(C)C1CS(=O)(=O)C(c2cc([N+](=O)[O-])ccc2O)S(=O)(=O)C1,CHEMBL32454
DEC_3038,decoy,O=C(Cn1c(Cl)cnc(NCC(F)(F)c2cccc[n+]2[O-])c1=O)NCc1c(F)cccc1F,CHEMBL29389
DEC_1795,decoy,C/C(=C\Cn1oc(=O)[nH]c1=O)c1cccc(OCC#Cc2cc(C(F)(F)F)cc(C(F)(F)F)c2)c1,CHEMBL414014
DEC_1136,decoy,COc1cc(Oc2ccccc2)ccc1C[C@@H](O)C[C@@H](Cc1ccccc1)C(=O)N[C@H]1c2ccccc2C[C@H]1O,CHEMBL292161
DEC_4676,decoy,COc1cc(NS(C)(=O)=O)ccc1Nc1c2ccccc2nc2c(OC)cccc12,CHEMBL9830
DEC_0561,decoy,CC(=O)Oc1c(Cl)c(Cl)nc(C(Cl)(Cl)Cl)c1Cl,CHEMBL11518
DEC_2520,decoy,Fc1ccc([C@H]2OCO[C@]2(Cn2cncn2)c2ccc(Cl)cc2)cc1,CHEMBL273435
DEC_2652,decoy,N#CN=C1N(Cc2cccc(CO)c2)[C@H](Cc2ccccc2)[C@H](O)[C@@H](O)[C@@H](Cc2ccccc2)N1Cc1cccc(CO)c1,CHEMBL291234
DEC_2126,decoy,CC[C@@](OC)(c1cc(F)cc(OCc2ccc3c(ccc(=O)n3C)c2)c1)c1nccs1,CHEMBL21987
DEC_1821,decoy,CC1(OC(=O)[C@H](NC(=O)[C@@H](N)CC(=O)O)c2ccccc2)CC2CCC1C2,CHEMBL10069
DEC_2241,decoy,Nc1nc2c(cnn2Cc2ccc(F)cc2)c2nc(-c3ccco3)nn12,CHEMBL17302
DEC_0535,decoy,Cc1cn(C2CC(N=[N+]=[N-])C(COP(=O)(O)C(F)(F)F)O2)c(=O)[nH]c1=O,CHEMBL287872
DEC_3504,decoy,CCn1cc(C(=O)O)c(=O)c2cc(F)c(N3CCN(CCO)CC3)cc21,CHEMBL29597
DEC_2150,decoy,CN(C)c1ccc(/N=N/c2ccc(S(N)(=O)=O)cc2)cc1,CHEMBL277836
DEC_1860,decoy,CN1C(=O)C=C[C@]2(C)C3CC[C@@]4(C)C(CC[C@@]4(O)C#CCCI)C3CCC12,CHEMBL417973
DEC_3870,decoy,Cc1cc(I)cc2nc(C(=O)O)cc(O)c12,CHEMBL21529
DEC_4171,decoy,CC(C)S(=O)(=O)Nc1cccc(C(c2c(O)c3c(oc2=O)CCCCCC3)C2CC2)c1,CHEMBL276055
DEC_2172,decoy,CC/N=C(/NC#N)C1=CC(C)(C)Oc2ccc([N+](=O)[O-])cc21,CHEMBL275973
DEC_1926,decoy,CC(=O)OCC(=O)[C@@]12ON(Cc3ccccc3)C[C@@H]1CC1C3CCC4=CC(=O)C=CC4(C)[C@H]3C(O)CC12C,CHEMBL284234
DEC_2024,decoy,c1ccc2nc(COc3ccc(CCc4nnn[nH]4)cc3)ccc2c1,CHEMBL18177
DEC_3587,decoy,COc1cccc(-c2cc(Cl)ccc2C#CC(O)(c2ccc(C#N)cc2)c2cncn2C)c1,CHEMBL26068
DEC_3789,decoy,CNc1cc(NS(C)(=O)=O)ccc1Nc1c2ccccc2nc2cc(I)ccc12,CHEMBL50335
DEC_1204,decoy,CCN(CC)CCCNc1ncc2cc(-c3c(Br)cccc3Br)c(N)nc2n1,CHEMBL56958
DEC_3553,decoy,CC(C)N1C(S)=NC(c2cccc([N+](=O)[O-])c2)c2cc3c(cc21)OCO3,CHEMBL13552
DEC_3396,decoy,CCOc1ccc(CNc2nc(C#CC(C)(O)CC)nc3c2ncn3C(C)C)cc1,CHEMBL282330
DEC_4036,decoy,CC12C=CC(=O)C=C1CCC1C2C(=O)CC2(C)C1CC[C@]2(O)C(=O)CO,CHEMBL15720
DEC_3526,decoy,COc1cc([C@]23OC[C@H](Cc4cc5c(cc42)OCO5)[C@H]3CO)cc(OC)c1OC,CHEMBL276560
DEC_2500,decoy,CCCc1cc(C#N)ccc1/N=c1\c(O)c(O)\c1=N/[C@H](C)C(C)(C)C,CHEMBL19492
DEC_4252,decoy,COc1cc2c(cc1OC)[C@@H]1C(=O)c3ccc4c(c3O[C@@H]1CO2)C[C@H](C(C)C)O4,CHEMBL267630
DEC_3707,decoy,COc1ccccc1N1CCN(CCCSc2nc3sc(C)c(C)c3c(=O)n2N)CC1,CHEMBL12028
DEC_0993,decoy,CCCCC[C@@H](O)/C=C/[C@@]1(F)[C@H](C/C=C\CCCC(=O)OC)[C@H](O)C[C@@H]1O,CHEMBL267091
DEC_3640,decoy,C[C@@H](O)[C@H]1C(=O)N2C(C(=O)O)=C(S[C@@H]3CN[C@@H](c4ccc(C5(N)CC5)cc4)C3)[C@H](C)[C@H]12,CHEMBL428860
DEC_0895,decoy,CN(CCCNc1ccc2ncn3c4ccccc4c(=O)c1c23)CCCNc1ccc2nnn3c4ccccc4c(=O)c1c23,CHEMBL66420
DEC_1942,decoy,CC1(c2ccc(F)cc2)CC(=O)N(CCCCN2CCN(c3nsc4ccccc34)CC2)C1=O,CHEMBL417685
DEC_0312,decoy,CO[C@H]1[C@H](O)[C@H]2[C@@H](O[C@@H]1CN=[N+]=[N-])n1c3ccc([N+](=O)[O-])cc3c3c4c(c5c6cc([N+](=O)[O-])ccc6n2c5c31)C(=O)NC4=O,CHEMBL284064
DEC_3706,decoy,Cc1onc(-c2ccccc2Cl)c1C(=O)N[C@@H]1C(=O)N2[C@@H]1[S+]([O-])C(C)(C)[C@@H]2C(=O)O,CHEMBL281317
DEC_4144,decoy,N#C/C(=C(/N)Sc1ccccc1N)c1cccc(C(O)c2cccc(C(F)(F)F)c2)c1,CHEMBL38260
DEC_1341,decoy,Cc1cnsc1C(c1ccc(C(C)C)cc1)N1CCN(CCCO)CC1,CHEMBL416742
DEC_1693,decoy,C#CCN(Cc1ccc2nc(N)nc(O)c2c1)c1ccc(C(=O)NCC(=O)O)cc1,CHEMBL443473
DEC_3383,decoy,CCCCCCCCCOc1ccc2c3c1OC1C(O)C=CC4C(C2)N(C)CCC341,CHEMBL281556
DEC_0774,decoy,O=C1O[C@H](c2cccc(Cl)c2)[C@@](Cn2cncn2)(c2cccc(Cl)c2)O1,CHEMBL269178
ACT_046,active,Cc1cccc(-c2oc(C)nc2C(=O)Cc2cnn(Cc3nc(C(C)(F)F)co3)n2)c1,CHEMBL5274258
DEC_1109,decoy,Nc1[nH]nc2ccc(CN3C(=O)N(Cc4ccccc4)[C@H](CCc4ccccc4)[C@@H](O)[C@H]3Cc3ccccc3)cc12,CHEMBL36581
DEC_1899,decoy,Cc1nnc2n1-c1ccc(C#CCN3C(=O)CCc4ccccc43)cc1C(c1ccccc1F)=NC2O,CHEMBL279021
DEC_3174,decoy,C=Cc1ccc(C(=O)O[C@@H]2C[C@](OCCCc3ccc(Cl)cc3)(C(=O)O)C[C@@H](O)[C@H]2O)cc1,CHEMBL32141
DEC_3950,decoy,CCOC(=O)C1=CSCC(=O)N1C1C[C@@H](OC(=O)c2ccc(C)cc2)C(COC(=O)c2ccc(C)cc2)O1,CHEMBL289778
DEC_3046,decoy,CC(C)(C)OC(=O)N[C@@H](C(=O)C(N)c1ccccc1)/C(O)=C(\C#N)c1ccc([N+](=O)[O-])cc1,CHEMBL17266
DEC_1493,decoy,C/N=C(/S)[C@@]1(c2cccnc2)CCCC[C@@H]1CCNS(=O)(=O)c1ccc(F)cc1,CHEMBL40572
DEC_3296,decoy,CCCCc1nc2c(n1Cc1ccc(-c3ccccc3-c3nn[nH]n3)cc1)CCCCC2=O,CHEMBL290917
DEC_3631,decoy,O=C(Cn1c(Cl)cnc(NCC(F)(F)c2cccc[n+]2[O-])c1=O)NCc1ncccc1F,CHEMBL29657
DEC_0497,decoy,CCN(CCCCCC(C)(C)F)CCC[C@H](O)c1ccc(NS(C)(=O)=O)cc1,CHEMBL269446
DEC_3793,decoy,CC(C)CC(c1cccc(NS(=O)(=O)c2cn(C)cn2)c1)c1c(O)c2c(oc1=O)CCCCCC2,CHEMBL417449
DEC_4709,decoy,Cc1ccc(C)n1-c1cc2nc(O)c(O)nc2cc1[N+](=O)[O-],CHEMBL13219
DEC_0279,decoy,Ic1ccc(COCCCc2c[nH]cn2)cc1.NCCc1c[nH]cn1,CHEMBL18712
DEC_0101,decoy,CC(=O)[C@H]1O[C@@H](Oc2ccc(/C=C(/C)C(=O)N[C@H]3[C@@H](O)[C@@H]4OCO[C@@H]4[C@H](O)[C@@H]3O)cc2O)[C@@H](O)[C@@H]1O,CHEMBL7611
DEC_1108,decoy,Nc1cccc(CN2C(=O)N(Cc3ccc4[nH]ncc4c3)[C@H](CCc3ccccc3)[C@@H](O)[C@H]2Cc2ccccc2)c1,CHEMBL37593
DEC_1532,decoy,CNS(=O)(=O)c1ccc2c(c1)/C(=C/c1[nH]c3c(c1CCCN1CCN(C)CC1)CCCC3)C(=O)N2,CHEMBL293712
DEC_4601,decoy,CCCCCc1cc(OC(C)=O)c2c(c1)OC(C)(C)[C@@H]1CC[C@H](COC(C)=O)CC21,CHEMBL417427
DEC_2443,decoy,CN(c1c(C(=O)NO)cnc2ccccc12)S(=O)(=O)c1ccc(Oc2ccncc2)cc1,CHEMBL287871
DEC_1825,decoy,Cc1cccc(C)c1NC(=O)CNCCCNC(=O)C1=CC(C)(C)NC1(C)C,CHEMBL275397
DEC_0666,decoy,Nc1nc(O)c2cc(CNc3ccc(C(=O)NC(CCS(=O)(=O)O)C(=O)O)cc3)cnc2n1,CHEMBL39175
DEC_2646,decoy,NC(=O)c1cccc2[nH]c3c(N4CCN(CCc5ccc(F)c(F)c5)CC4)ncnc3c12,CHEMBL283438
DEC_4123,decoy,O=C(Nc1ccncn1)c1cc2c(OCC[C@@H]3CCCCN3)c(-c3ccc4c(c3)CCC4)c(O)nc2cc1Cl,CHEMBL48674
DEC_2225,decoy,CCCc1ccc(C(c2ccns2)N2CCN(C)CC2)cc1,CHEMBL428857
DEC_0595,decoy,c1ccc(-c2ccc(-c3nnc4c5ccccc5c(N5CCCC5)nn34)cc2)cc1,CHEMBL268006
DEC_1291,decoy,OC(Cn1cncn1)(c1ccc(F)cc1)C(O)(c1ccccc1)c1ccc(F)cc1,CHEMBL10544
DEC_3777,decoy,CCCCc1nn(-c2ccccc2C(F)(F)F)c(=O)n1Cc1ccc(-c2ccccc2-c2nn[nH]n2)cc1,CHEMBL19018
DEC_4088,decoy,O=P(O)(O)C(F)(F)c1ccc(CC(C/C=C/c2ccccc2)(c2ccccc2)n2nnc3ccccc32)cc1,CHEMBL416145
DEC_1651,decoy,C(=N/NC1=NCCN1)\c1c2ccccc2c(/C=N/NC2=NCCN2)c2ccccc12,CHEMBL25336
DEC_3523,decoy,CC(C)(C)c1cc(-c2nsc(NS(C)(=O)=O)n2)cc(C(C)(C)C)c1O,CHEMBL279608
DEC_4435,decoy,COC(OC)[C@]1(C)Oc2ccc(N)cc2[C@@H](N(Cc2ncc[nH]2)c2ccc(Br)cc2)[C@@H]1O,CHEMBL44603
DEC_3710,decoy,CC(=O)N1CCN(C(=O)/C=C/c2ccc(Sc3ccc4[nH]ccc4c3)c(Cl)c2)CC1,CHEMBL19913
DEC_2540,decoy,O=C(O)COc1ccc2c(-c3ccccc3F)noc2c1Cl,CHEMBL24185
DEC_3422,decoy,O=C1[C@@H](NS(=O)(=O)c2cc3nc(Cl)ccc3s2)CCN1CCNc1ccncc1,CHEMBL8112
DEC_1622,decoy,Nc1nc(N)c2c(CCc3ccc4ccccc4c3)cccc2n1,CHEMBL7134
DEC_2251,decoy,CC1(C)OC(S)=Nc2c(Br)cc(-c3ccc(C#N)c(F)c3)cc21,CHEMBL27922
DEC_2390,decoy,COc1cc(/C=C(\C#N)C(N)=O)cc(-c2cc(/C=C(\C#N)C(N)=O)cc(OC)c2O)c1O,CHEMBL38913
ACT_004,active,Nc1nc(=O)n([C@H]2C[C@H](O)[C@@H](CO)O2)cc1CNC[C@H]1O[C@@H](n2cnc3c(N)ncnc32)[C@H](O)[C@@H]1O,CHEMBL5187655
DEC_3227,decoy,Nc1nc(N)c2c([S+]([O-])c3ccc(Cl)c(Cl)c3)cccc2n1,CHEMBL6642
DEC_2366,decoy,C[C@@H](O)[C@H]1C(=O)N2C(C(=O)O)=C(S[C@@H]3CN[C@H](CSc4ccccc4)C3)[C@H](C)[C@H]12,CHEMBL277818
DEC_1326,decoy,CC1(C)N=C(N)N=C(N)N1c1cccc(OCc2ccc(Cl)c(Cl)c2)c1,CHEMBL269704
DEC_3006,decoy,Cn1c(=O)c2c(nc3n(Cc4ccccc4)c(O)c(CC=C4CCCCC4)c(=O)n23)n(C)c1=O,CHEMBL13240
DEC_3345,decoy,C/N=C(\NC#N)NCCSCn1nc(-c2ccc(Cl)cc2)ccc1=O,CHEMBL15152
DEC_1472,decoy,C#CCN(Cc1ccc2nc(C)nc(O)c2c1)c1ccc(C(=O)NCc2nccs2)cc1,CHEMBL267702
DEC_0943,decoy,O=C(O)CCn1ccc2cc(C(=O)N3CCC4(CC3)CCN(c3ccncc3)C4)ccc21,CHEMBL274883
DEC_2323,decoy,CC[C@H](CO)Nc1nc(NCc2ccccc2)c2ncn(C(C)C)c2n1,CHEMBL14762
DEC_3197,decoy,CCCc1cc(OCc2ccccn2)cc(=O)n1Cc1ccc(-c2ccccc2-c2nn[nH]n2)cc1,CHEMBL21585
DEC_2573,decoy,O=S(=O)(Nc1ccc(CCNC[C@H](O)c2cccnc2)cc1)c1ccc(-c2nc(-c3ccc4ncccc4c3)cs2)cc1,CHEMBL292598
DEC_3246,decoy,CC(C(=O)O)c1cc(C(=O)c2ccccc2)ccc1OC(=O)C(C)(C)C,CHEMBL10318
DEC_2434,decoy,CCC1C2Cc3ccc(O)cc3C1(CC)CCN2C(=O)C(N)CCCN=C(N)N.Cl,CHEMBL26232
DEC_4055,decoy,Nc1c(F)c(N2CCC(N)C2)c(F)c2c1c(=O)c(C(=O)O)cn2C1CC1,CHEMBL15186
DEC_2361,decoy,CCC(N)c1ccc([C@H]2C[C@H](SC3=C(C(=O)O)N4C(=O)[C@H]([C@@H](C)O)[C@H]4[C@H]3C)CN2)cc1,CHEMBL417267
DEC_0921,decoy,O=C(NCCCCc1ccccc1)c1ccc2[nH]c3c(c2c1)C[C@@]1(O)C2Cc4ccc(O)c5c4[C@@]1(CCN2CC1CC1)[C@H]3O5,CHEMBL109009
DEC_2472,decoy,COC(=O)c1c(C(=O)N2CCN(CCO)CC2)cc2ccc(Cl)cc2c1-c1cc(Br)c(OC)c(OC)c1,CHEMBL26441
DEC_2605,decoy,Cc1noc(NS(=O)(=O)c2ccc(N/C(S)=N/c3ccccc3)cc2)c1C,CHEMBL27256
DEC_0474,decoy,CCCC(CC)Oc1c(OC)cc(NC(C)CCCN)c2ncc(C)cc12,CHEMBL18949
DEC_3434,decoy,O=C1[C@@H](NS(=O)(=O)c2cc3ccc(Cl)nc3s2)CCN1CCNc1ccncc1,CHEMBL266554
DEC_2884,decoy,O=C1CCN(c2nc3c(cc2F)c(=O)c(C(=O)O)cn3-c2ccc(F)cc2F)CC1,CHEMBL28294
DEC_1515,decoy,O=C1[C@H]2Cc3c([nH]c4ccccc34)[C@@H](c3ccc(O)nc3)N2C(=O)CN1[C@@H]1CCN(Cc2ccccc2)C1,CHEMBL34169
DEC_4311,decoy,COc1ccc(-c2csc3c2-n2cccc2/C3=N/OCCCN(C)C)cc1,CHEMBL32179
DEC_4160,decoy,CN1C[C@H](CNC(=O)OCc2ccccc2)C[C@@H]2c3ccc(C(C)(C)C)c4[nH]cc(c34)C[C@H]21,CHEMBL275873
ACT_014,active,CCc1nc2ccccc2n1[C@@H]1CCN(C(=O)c2cc3cc(F)ccc3[nH]2)C1,CHEMBL249338
DEC_3473,decoy,CC1=C(C(=O)O)N2C(=O)C(NC(=O)CCON=C3CCCCC3)C2SC1,CHEMBL31810
DEC_0264,decoy,O[C@@H]1c2ccccc2CC[C@H]1CN1CCN(CCOC(c2ccccc2)c2ccccc2)CC1,CHEMBL29065
DEC_1987,decoy,O=C1NC(=O)C(CC#Cc2ccc(Cl)cc2)(S(=O)(=O)c2ccc(F)cc2)S1,CHEMBL12273
DEC_1458,decoy,Cc1ccc(S(=O)(=O)N/N=C/c2cc3c(cc2[N+](=O)[O-])NC(CNC(C)C)CC3)cc1,CHEMBL42113
DEC_3056,decoy,COc1ccc2[nH]c3c(C)c4ccnc(NCCCN(C)C)c4cc3c2c1,CHEMBL20027
DEC_0848,decoy,OCCN1CCN(C2=Nc3ccccc3CC=C2c2ccc(O)cc2)CC1,CHEMBL17014
DEC_4090,decoy,CC(C)CCC[C@@H](C)[C@H]1CC[C@H]2[C@@H]3CC=C4C[C@@](O)(C(=O)NCCN(C)C)CC[C@]4(C)[C@H]3CC[C@]12C,CHEMBL279189
DEC_3475,decoy,Cc1cn(C2CC(N=[N+]=[N-])C(COP(=O)(O)C(F)F)O2)c(=O)[nH]c1=O,CHEMBL287346
DEC_4516,decoy,N=C(N)c1ccc(CNC(=O)C2=C(C(=O)NC3CCCCC3)CCC2)cc1,CHEMBL17225
DEC_2732,decoy,CCCN(CCC)CC1CCCc2c1ccc(O)c2O,CHEMBL281712
DEC_3460,decoy,O=C(O)c1ccc2oc3ccc(S(=O)(=O)CCO)cc3c(=O)c2c1,CHEMBL277000
DEC_0789,decoy,CC(C)c1ccc(C(c2cccs2)c2ccc(C(C)C)cc(=O)c2O)c(O)c(=O)c1,CHEMBL280452
DEC_0214,decoy,CO[C@@H]1[C@H](OC(=O)/C=C/C=C/C=C/C=C/C(=O)O)CC[C@]2(CO2)[C@H]1[C@@]1(C)O[C@@H]1CC=C(C)C,CHEMBL32838
DEC_2075,decoy,Cc1c(C(=O)c2ccc(Br)c3ccccc23)c2cccc3c2n1C(CN1CCOCC1)CO3,CHEMBL286248
DEC_1363,decoy,OC(COc1cccc2ncccc12)CN1CCN(C2c3ccccc3C3C(c4ccccc42)C3(Cl)Cl)CC1,CHEMBL315631
DEC_2040,decoy,Cc1nc2c(C)ccc([N+](=O)[O-])c2c(NCCCN(C)C)c1C,CHEMBL32341
DEC_0845,decoy,CCN(CC)CCNC(=O)c1c(C)[nH]c(/C=C2\C(=O)Nc3ccccc32)c1C,CHEMBL275117
DEC_0127,decoy,O=C1CCC/C=C\C[C@@H]2C(/C=C\[C@@H](COc3ccccc3)O1)[C@H](O)C[C@@H]2O,CHEMBL273730
DEC_2613,decoy,C=CS(=O)(=O)Nc1cccc(C(c2c(O)oc3c(c2=O)CCCCC3)C2CC2)c1,CHEMBL16383
DEC_4737,decoy,CC[C@@](C)(c1ccc(O)cc1)[C@H](CCCCNC(=O)N(CCCl)N=O)c1ccc(O)cc1,CHEMBL40384
DEC_3175,decoy,CCCc1nc2c(C)ccnc2n1Cc1ccc(OC(c2ccccc2)c2nnn[nH]2)cc1,CHEMBL37565
DEC_4074,decoy,COc1cc(CC(C)NO)c(OC)cc1I,CHEMBL274804
DEC_2777,decoy,N=C(N)c1ccc2[nH]c(Cc3cccc(CCc4ccccc4)c3)cc2c1,CHEMBL27758
DEC_2187,decoy,CC(C)CCc1nc2c([nH]1)N1C(=N[C@@H]3CCC[C@@H]31)N(C)C2=O,CHEMBL18744
DEC_0469,decoy,CCN(CCCCCC(C)F)CCC[C@H](O)c1ccc(NS(C)(=O)=O)cc1,CHEMBL13328
DEC_2183,decoy,CCCc1cc(Cc2cnc(N)nc2N)cc(CCC)c1O,CHEMBL23746
DEC_2590,decoy,Cc1ccc(CC(=O)Nc2ccc(NC(=O)/C=C/c3ccc(-c4ccc(S(N)(=O)=O)cc4)o3)cc2C(=O)c2ccccc2)cc1,CHEMBL66783
DEC_3165,decoy,CCCCc1nc2c(n1Cc1ccc(-n3cccc3-c3nn[nH]n3)cc1)/C(=C/C(=O)O)CCCC2,CHEMBL443000
DEC_1483,decoy,Cc1nc(N)ccc1CNC(=O)Cn1c(C)cc2c(c1=O)NC(=O)C(CC(C)C)(CC(C)C)C2,CHEMBL10346
DEC_0094,decoy,CCCCc1nn(CC)c(CO)c1Cc1ccc(-c2ccccc2-c2nn[nH]n2)cc1,CHEMBL280412
DEC_1727,decoy,Oc1ccc2c(c1)OC[C@@H](N1CCC(c3ccccc3)CC1)[C@H]2O,CHEMBL17595
DEC_1765,decoy,CC(C)C1=CC2CC3(C=O)[C@@H]4CC[C@@H](C)[C@H]4CC2(CO[C@@H]2C[C@@H]4OC(C)(C)O[C@@H]4[C@@H](C)O2)C13C(=O)O,CHEMBL281117
DEC_2401,decoy,O=C(O)CCCC(=O)N1CCC2(CCC(C(=O)N3CCC(C4CCNCC4)CC3)CC2)CC1,CHEMBL26294
DEC_2765,decoy,CCN(C1=NCCN1)c1c(Br)cccc1Br,CHEMBL277242
DEC_3671,decoy,CN1C(=O)N(CC(COc2ccc(-c3ccc(C#N)cc3)cc2)N(O)C=O)C(=O)C1(C)C,CHEMBL288067
DEC_1535,decoy,Cc1ccccc1N1CCN(S(=O)(=O)CC23CCC(CC2NC(=O)[C@H]2CCCNC2)C3(C)C)CC1,CHEMBL282020
DEC_1723,decoy,O=C(O)COc1ccc(-c2[nH]nc3ccccc23)c(Cl)c1Cl,CHEMBL416010
DEC_3756,decoy,CC1(C)C=C(n2ccccc2=O)c2cc(S(=O)(=O)Nc3ccc(C#N)cc3)ccc2O1,CHEMBL12380
DEC_0218,decoy,COC(=O)C[C@]1(O)C[C@H](OC)C[C@H]([C@H](O)/C=C(C)/C=C/[C@@H](C/C=C/Br)OC)O1,CHEMBL278228
DEC_3034,decoy,CC(C)CC(C(=O)NC(C)(C)C)N1C(=O)[C@H](CS)NC(=O)[C@@H]1Cc1ccc([N+](=O)[O-])cc1,CHEMBL287632
DEC_0786,decoy,C=C1CC[C@H](O)C(O)/C1=C/C=C1\CCCC2(C)C1CCC2[C@H](C)CCCC(C)(C)O,CHEMBL15856
DEC_1205,decoy,CCN(C/C=C/C#CC(C)(C)C)Cc1cccc(OCCN(C)S(=O)(=O)c2ccsc2)c1,CHEMBL26597
DEC_4657,decoy,COc1cccc2c1C1CCN(CCCN3C(=O)c4ccccc4S3(=O)=O)CC1C2,CHEMBL275773
DEC_1933,decoy,CN1CCCN(C(=O)c2ccccc2SSc2ccccc2C(=O)N2CCCN(C)CC2)CC1,CHEMBL300304
DEC_3273,decoy,CC(C)c1cccc(C(C)C)c1OS(=O)(=O)NC(=O)O[C@@H]1C[C@H](C)CCC1C(C)C,CHEMBL24992
DEC_2622,decoy,CN1C[C@H](C(=O)Nc2nccs2)C[C@@H]2c3ccc(C(C)(C)C)c4[nH]cc(c34)C[C@H]21,CHEMBL276271
DEC_1370,decoy,Cc1[nH]cnc1CN1c2ccccc2CN(S(=O)(=O)c2ccc(C(C)(C)C)cc2)CC1CCc1ccccc1,CHEMBL8153
DEC_0104,decoy,CC1OC(SCCC23C[C@H]4C[C@@H](C2)C[C@@H](C3)C4)C(O)C(O)C1O,CHEMBL274753
DEC_3278,decoy,CCCN(CCCCN1C(=O)CC2(CCCC2)CC1=O)CC1COc2cccc(OC)c2C1,CHEMBL417608
DEC_1351,decoy,CN(C)c1ccc([C@H]2C[C@@]3(C)C(CC[C@@]3(O)C#Cc3ccc(S(C)(=O)=O)cc3)C3CCC4=CC(=O)CCC4=C32)cc1,CHEMBL303081
DEC_1232,decoy,N#Cc1ccc(Cn2cncc2CN2CCN(c3cccc(Cl)c3)C(=O)C2)cc1Oc1cccnc1,CHEMBL30270
DEC_1840,decoy,N=C(N)c1ccc(C(=O)N2CCC3(CCC(C(=O)NCC(=O)O)CC3)CC2)cc1,CHEMBL24718
DEC_1167,decoy,O=C(O)c1ccc2oc3ccc(S(=O)(=O)N4CCOCC4)cc3c(=O)c2c1,CHEMBL278784
DEC_4539,decoy,C[C@@H](n1cnc2cc(NC(=O)C(F)(F)F)c(F)cc2c1=O)[C@](O)(Cn1cncn1)c1ccc(F)cc1F,CHEMBL59307
DEC_2798,decoy,N#CCCNC(=O)CCCn1c2c(c3ccccc31)C(=O)CN1CCCCC21,CHEMBL417863
DEC_0743,decoy,N#C/C(=N\O)c1ccc(Sc2cc(F)cc(C3CCOCC3)c2)cc1,CHEMBL27691
DEC_1945,decoy,COc1cccc2c1CC[C@H]1CN(CCn3c(=O)[nH]c4c(sc5nc(C)c(C)nc54)c3=O)C[C@@H]21,CHEMBL290243
DEC_1621,decoy,CC(C)(C)c1cc(/C=C2\SC(=N)NC2=O)cc(C(C)(C)C)c1O,CHEMBL275835
DEC_2832,decoy,O=C(O)C[C@@H](NC(=O)[C@@H]1CCN1S(=O)(=O)c1cc(Cl)cc(Cl)c1)c1ccc(-c2c(O)cccc2O)cc1,CHEMBL311335
DEC_0227,decoy,C#CCN(Cc1cc2c(O)nc(C)nc2cc1C)c1ccc(C(=O)NCc2cncs2)c(F)c1,CHEMBL266066
DEC_2888,decoy,Cl.O=C([C@@H]1CCCN1)N1CCCC1P1(=O)Oc2ccccc2-c2ccccc2O1,CHEMBL9724
DEC_2426,decoy,CCNC(=O)N(CCCN(C)C)C(=O)[C@@H]1C[C@@H]2c3cccc4[nH]cc(c34)C[C@H]2N(C)C1,CHEMBL14022
DEC_0243,decoy,CCCCc1nc2c(=O)[nH][nH]c(=O)c2n1Cc1ccc(-c2ccccc2-c2nn[nH]n2)cc1,CHEMBL267056
DEC_0945,decoy,N#Cc1nn(-c2ccc(S(N)(=O)=O)cc2)c(-c2ccc(Cl)cc2)c1Cl,CHEMBL29840
DEC_3421,decoy,CC(=N)N1CCC(Oc2ccc(NC/C=C/c3cccc(C(=N)N)c3)cc2[N+](=O)[O-])CC1,CHEMBL24630
DEC_1114,decoy,C[C@@H](c1ccc(O)c(I)c1)[C@H](O)/C=C/C1C2CCC(O2)C1C/C=C\CCCC(=O)O,CHEMBL299991
DEC_2925,decoy,N=C(N)c1cccc(C(=O)N[C@@H](C(=O)N2CCN(c3ccc(Cl)cc3)CC2)c2ccccc2)c1,CHEMBL20672
DEC_0196,decoy,CONC1=NC(=O)/C(=C/c2cc(C(C)C)c(O)c(C(C)C)c2)S1,CHEMBL276506
DEC_4370,decoy,CCCc1c(OCCCSc2ccc(C(O)CCC(=O)O)cc2)ccc(C(C)=O)c1O,CHEMBL40269
DEC_1122,decoy,Cc1cc(C)cc(-c2c(O)nc3cc(Cl)c(NC(=O)NC4CC4)cc3c2OCCC2CCCCN2)c1,CHEMBL296321
DEC_0517,decoy,CC[C@@]1(O)C(=O)OCc2c1cc1n(c2=O)Cc2cc3c(CC#N)c(O)ccc3nc2-1,CHEMBL10419
DEC_4632,decoy,Cc1nnc2n1-c1ccc(C#CCOc3cccnc3)cc1C(c1ccccc1Cl)=NC2,CHEMBL20344
ACT_080,active,CP(C)(=O)c1ccccc1-c1ccc(N2CC[C@@H](NC(=O)Nc3cnc(Cl)cn3)C2=O)c(C2CC2)c1,CHEMBL6025237
DEC_3404,decoy,O=C(O)c1ccc(C(=O)OC[C@@H]2[C@H](Cc3ccccc3)C(=O)N2C(=O)c2ccccc2)cc1,CHEMBL36215
DEC_4420,decoy,C=CCOC(=O)NC(CC(=O)O)C(=O)COc1cc2ccccc2cc1C#N,CHEMBL29601
DEC_3520,decoy,CCC1=CCc2c(O)c3c(c(O)c2[C@H]1C(=O)OC)C(=O)c1cccc(O)c1C3=O,CHEMBL21339
DEC_4639,decoy,CCN1C(=O)c2c(nc(Cc3ccccc3)n2Cc2ccc(C)cc2)N2C1=N[C@@H]1CCC[C@@H]12,CHEMBL281065
DEC_2046,decoy,C=C(c1ccccc1OCCOc1ccccc1)n1ccnc1,CHEMBL26416
DEC_0972,decoy,Cn1cnc2c(N(C(N)=O)c3c(F)cccc3F)nc(-c3ccccc3F)nc21,CHEMBL279311
DEC_2633,decoy,N[C@@H]1CCc2ccccc2N(Cc2ccc(-c3ccccc3-c3nn[nH]n3)cc2)C1=O,CHEMBL13933
ACT_030,active,COc1ccc([C@@H]2CNC(=O)[C@H]2Nc2nnc(-c3ccc(Cl)cc3)o2)cc1,CHEMBL5204580
DEC_0262,decoy,O=S(=O)(Nc1cccc(OCCNc2ccncc2)c1)c1ccc2ccccc2c1,CHEMBL23246
DEC_2167,decoy,Cc1cc(C)cc(Sc2c(C)c(=O)[nH]c(=O)n2COCCO)c1,CHEMBL275599
DEC_4569,decoy,COc1ccc(Br)cc1C(O)(c1cc(Br)ccc1OC)C1CC2CCN1CC2,CHEMBL293041
DEC_0657,decoy,Cc1cccc(N2CCN(CC3OC(CC(=O)N[C@@H](CCC(=O)O)C(=O)O)C(O)C(O)C3O)CC2)c1C,CHEMBL288409
DEC_0317,decoy,CO[C@H]1/C=C\C=C(/C)C(=O)N(Cc2ccccn2)C2=CC(=O)C(N)=C(C[C@@H](C)C[C@H](OC)[C@H](O)[C@@H](C)/C=C(\C)[C@@H]1OC(N)=O)C2=O,CHEMBL338819
DEC_1958,decoy,Cc1cc(-n2ncc(=O)[nH]c2=O)cc(C)c1Sc1ccc(I)cc1,CHEMBL25963
DEC_4634,decoy,O=C(c1cccc2ccccc12)c1cn2c3c(cccc13)OCC2CN1CCOCC1,CHEMBL27388
DEC_4041,decoy,CC12CCC(=O)C=C1CCC1C2CCC2(C)C1CC[C@]2(O)C(=O)CO,CHEMBL14058
DEC_2063,decoy,N#CN=C1N(CC2CCCC2)[C@H](Cc2ccccc2)[C@H](O)[C@@H](O)[C@@H](Cc2ccccc2)N1CC1CCCC1,CHEMBL286791
DEC_1568,decoy,O=S(=O)(CCC(F)(F)F)c1nc(-c2ccccc2)c(-c2ccccc2)[nH]1,CHEMBL17650
DEC_2709,decoy,CCCN(CCC)CC1CCCc2cc(O)c(O)cc21,CHEMBL418397
DEC_1626,decoy,CC[C@@H]1Cc2cc3c(C(F)(F)F)cc(O)nc3cc2N[C@@H]1C,CHEMBL266269
DEC_2209,decoy,Cc1c(C)c2cc(OS(=O)(=O)c3ccccc3)ccc2oc1=O,CHEMBL274746
DEC_2132,decoy,O=C1c2ccccc2C(=O)N1CCCCCCN1CCN(c2nsc3ccccc23)CC1,CHEMBL38409
DEC_4749,decoy,NCCCC[C@H](OP(=O)(O)CCCCc1ccccc1)C(=O)N(CC(=O)O)C1CCCCC1,CHEMBL285935
DEC_4661,decoy,C=CC(=O)N(c1ccc2c(c1)N(C(C)=O)CC2)C1CCN(Cc2ccccc2)CC1,CHEMBL22174
DEC_0777,decoy,CN(C)Cc1cc(Cl)cc(Cc2cc(Cl)cc(CN(C)C)c2O)c1O,CHEMBL32910
DEC_0846,decoy,Nc1nccn1Cc1c2ccccc2c(Cn2ccnc2N)c2ccccc12,CHEMBL283607
DEC_4740,decoy,C=CC(=O)Nc1cc2c(Nc3ccc(F)c(Cl)c3)ncnc2cc1OCCOCCCCO,CHEMBL32079
DEC_1001,decoy,CC(=O)OC1CCC2(C)C(CCC3C2CCC2(C)[C@H](C4=CC(=O)OC4)C(=O)CC32O)C1,CHEMBL6558
DEC_0749,decoy,CCONC1=NC(=O)/C(=C/c2cc(C(C)(C)C)c(O)c(C(C)(C)C)c2)O1,CHEMBL280471
DEC_2353,decoy,Cn1c(=O)[nH]c2[nH]c(-c3ccc(S(=O)(=O)Oc4cccc([N+](=O)[O-])c4)cc3)nc2c1=O,CHEMBL267474
DEC_4444,decoy,COC(OC)[C@@]1(C)Oc2ccc([N+](=O)[O-])cc2[C@@H](N(Cc2ncc[nH]2)c2ccc(Cl)cc2)[C@@H]1O,CHEMBL431147
ACT_065,active,O=C(Nc1ccc(Cl)c(Cl)c1)NC(Cc1ccccc1)C(=O)O,CHEMBL6064579
DEC_4234,decoy,CCN(c1nc2ccccc2c(=O)o1)c1ccccc1I,CHEMBL275491
DEC_2379,decoy,Cc1cc(OCCCON=C(N)N)cc(OS(=O)(=O)c2cccc3cnccc23)c1,CHEMBL289550
DEC_4351,decoy,COC(=O)c1ccccc1OCC(O)CNCCNc1cc(Cl)c2ccccc2c1O,CHEMBL13198
DEC_3490,decoy,CC1=C(C(=O)OC(C)C)C(c2cccc([N+](=O)[O-])c2)N(C(N)=O)C(=O)N1,CHEMBL273934
DEC_1193,decoy,C[C@]12CCC(=O)C=C1CCC1C2=CC[C@@]2(C)C1CC[C@]2(O)C(=O)CN1CCNCC1,CHEMBL15687
DEC_2235,decoy,CN(Cc1coc2nc(N)nc(N)c12)c1ccc2ccccc2c1,CHEMBL22561
DEC_2928,decoy,CC(=O)N1CCC[C@@H]1C/N=C(\S)N1Cc2ccccc2C[C@H]1CNC(=O)NC(C)(C)C,CHEMBL441427
DEC_1902,decoy,CC(=O)[O-].CCN1C(C)=CS/C1=C\C=c1/s/c(=C\c2sc3ccccc3[n+]2CC)n(CC)c1=O,CHEMBL284509
DEC_0464,decoy,CCCCN(CCCC)CCNc1ccc2ncn3c4ccc(O)cc4c(=O)c1c23,CHEMBL8528
DEC_2760,decoy,CC(C)CN(C1=NCCN1)c1c(Br)cccc1Br,CHEMBL19924
DEC_0986,decoy,CCCCC(C)(C)[C@H](O)/C=C/C1[C@H](O)CC(=O)[C@@H]1C/C=C\CCCC(=O)O,CHEMBL29390
DEC_4529,decoy,COc1cc(CNCCCNC(=O)C2=CC(C)(C)NC2(C)C)ccc1O,CHEMBL278878
DEC_4045,decoy,CNC1(C)CN(c2c(F)cc3c(=O)c(C(=O)O)cn4c3c2OC[C@@H]4C)C1,CHEMBL19722
DEC_1647,decoy,Nc1nc(N)c(-c2ccc(Cl)cc2)c(CCCc2ccccc2)n1,CHEMBL21691
DEC_4305,decoy,O=C(O)CCCCCC(=O)N1CCC2(CCN(c3ccncc3)CC2)C1,CHEMBL13002
DEC_0501,decoy,CC(C)N(CCC(CCn1cccc1)(C(N)=O)c1ccccc1F)C(C)C,CHEMBL12455
DEC_0720,decoy,CC(=O)Nc1ccccc1Cn1c2c(c3ccccc31)C[C@@]1(O)C3Cc4ccc(O)c5c4C1(CCN3CC1CC1)[C@H]2O5,CHEMBL282565
DEC_3655,decoy,CC(=O)OCC1=C(C(=O)OC(C)(C)C)N2C(=O)[C@@H](Nc3nc4cc(N)ccc4[nH]3)C2SC1,CHEMBL13758
ACT_077,active,C[C@H](Nc1cc(C(N)=O)nc(Oc2ccc(C(F)(F)F)cc2-c2ccnnc2)n1)C(N)=O,CHEMBL3954057
DEC_0495,decoy,CCN(CCCCCC(C)(C)F)CCCC(O)c1ccc(NS(C)(=O)=O)cc1,CHEMBL417435
DEC_2491,decoy,O=C(Cn1cnc(C(F)(F)F)cc1=O)NCc1cc2cc(C(=O)N3CCC(N4C(=O)OCc5ccccc54)CC3)ccc2o1,CHEMBL32404
DEC_3646,decoy,CC(C)[C@H](NC(=O)Cn1c(-c2ccc(F)cc2)ncc(N)c1=O)C(=O)c1nnc(C2(C)CC2)o1,CHEMBL277401
DEC_2358,decoy,CC[C@@]1(O)C(=O)OCc2c1cc1n(c2=O)Cc2cc3c(COCCN(C)C)c(O)ccc3nc2-1,CHEMBL10571
DEC_0973,decoy,O=C1C(Cl)=C(Nc2ccc(I)cc2)C(=O)c2ncccc21,CHEMBL11433
DEC_3143,decoy,COCC1(c2cccc(OCc3ccc4c(ccc(=O)n4C)c3)c2)CCOCC1,CHEMBL21764
DEC_2076,decoy,O=C(CCCn1c2c(c(=O)n3nc(-c4ccccc4)cc13)CN(C1CCCCC1)C2=O)c1ccccc1,CHEMBL45486
DEC_1856,decoy,CN1CC=C(c2c(O)cc(O)c3c(=O)cc(-c4ccccc4I)oc23)CC1,CHEMBL269124
DEC_2474,decoy,COc1c(I)cc(CC2NCCc3nc(NC(C)=O)sc32)cc1I,CHEMBL72935
DEC_1574,decoy,CCN(CC)/C(S)=N\c1cc(-c2nc(-c3ccco3)no2)ccc1Cl,CHEMBL278146
DEC_2037,decoy,C/C(CN(C)C)=C(/c1ccccc1OCC(C)C)n1ccnc1,CHEMBL25785
DEC_2492,decoy,C[C@@H](O)CN1CCC[C@@H](C(=O)NC2CC3CCC2(CS(=O)(=O)N2CCC4(CCc5ccccc54)CC2)C3(C)C)C1,CHEMBL280678
DEC_4183,decoy,CC1(C)C2CC1[C@]1(C)OB([C@H](CCCN=C(N)N)NC(=O)c3ccc(-c4ccccc4)c(N)c3)O[C@@H]1C2,CHEMBL289147
DEC_3335,decoy,NS(=O)(=O)c1ccc(-c2cc(C(F)(F)F)nn2-c2ccc(F)cc2)cc1,CHEMBL29257
DEC_0572,decoy,CN1C(=O)CC[C@]2(C)C3CC[C@@]4(C)C(CC[C@@]4(O)C#CCCCl)C3CCC12,CHEMBL9948
DEC_0226,decoy,Cc1cn(C2C=CC(COP(=O)(OCC(F)(F)F)OCC(F)(F)F)O2)c(=O)[nH]c1=O,CHEMBL274008
DEC_1917,decoy,COc1cccc(N2CCN(CC(=O)[C@@]3(O)CCC4C5CCC6=CC(=O)CC[C@]6(C)C5=CC[C@@]43C)CC2)n1,CHEMBL15646
DEC_0883,decoy,C=C(CC[C@H](O)[C@@]1(C)CC[C@H](C(C)(C)O)O1)[C@H]1CC[C@H]2O[C@@H]([C@]3(C)CC[C@@H](Br)C(C)(C)O3)CC[C@@]2(C)O1,CHEMBL280676
DEC_3208,decoy,CC(C)(C)c1cc(/C=C2\SC(NC#N)=NC2=O)cc(C(C)(C)C)c1O,CHEMBL16048
DEC_1827,decoy,Cl.Cn1cc(NC(=O)c2cc(N)cn2C)cc1C(=O)NCCC(=N)N,CHEMBL277393
DEC_0457,decoy,CCCCC1(CCCC)C(=O)C(C(=O)C(C)C)=C(O)C(C(=O)C(C)C)=C1O,CHEMBL20021
DEC_0462,decoy,Cc1cc(SCCCC(C)(C)C(=O)O)c(C)cc1OCCCC(C)(C)C(=O)O,CHEMBL7604
DEC_1423,decoy,CO[C@]12OO[C@@](C)(CO[Si](c3ccccc3)(c3ccccc3)C(C)(C)C)C=C1C(=O)C(C)(C)C(=O)C2(C)C,CHEMBL284925
DEC_0557,decoy,Cc1cc2nc3ccc(N(C)C)cc3nc2cc1I,CHEMBL15641
DEC_4061,decoy,CC(=O)c1ccc(/N=C/C2=C3NC=C(C(=O)O)C(=O)N3C(C)CC2)cc1,CHEMBL277851
DEC_0366,decoy,CC(C)NCC(O)COc1cc(/C=C/CO)ccc1Br,CHEMBL14535
DEC_1190,decoy,C[C@H]1COc2c(N3CC(C)(N(C)C)C3)c(F)cc3c(=O)c(C(=O)O)cn1c23,CHEMBL277876
DEC_4251,decoy,CN(C)S(=O)(=O)c1ccc(-n2nc(C(F)(F)F)cc2-c2ccc(F)cc2)cc1,CHEMBL282391
DEC_4020,decoy,COc1cccc(-c2cc(C#N)ccc2CCC(O)(c2ccc(C#N)cc2)c2cncn2C)c1,CHEMBL22703
DEC_3806,decoy,N#Cc1cccc(S(=O)(=O)Nc2cccc(C(c3c(O)oc4c(c3=O)CCCCCC4)C3CC3)c2)c1,CHEMBL278916
DEC_0311,decoy,CC[C@H]1OC(=O)CC(O)[C@H](C)[C@@H](O[C@@H]2O[C@H](C)C[C@H](N(C)C)[C@H]2O)[C@@H](CCN2CCOCC2)C[C@@H](C)C(=O)/C=C/C(C)=C/[C@@H]1C,CHEMBL265343
DEC_0369,decoy,CC(C)NCC(O)COc1ccc(Cc2nc(Br)c[nH]2)cc1,CHEMBL11125
DEC_2470,decoy,CC(=O)N1[C@H](CC23CC4CC(CC(C4)C2)C3)C(=O)N(Cc2ccc(F)cc2)c2ccccc2C(=O)C[C@H]1C(=O)NCC(=O)O,CHEMBL334247
DEC_0400,decoy,CCCC(CCC)=NOCC(O)CNC(C)C.O=C(O)C(=O)O,CHEMBL40783
DEC_4342,decoy,CCCCNC(=O)[C@H](C)C[C@H](O)[C@@H](N)CC(C)(C)CCc1ccc(CO)c2ccccc12,CHEMBL40203
DEC_0380,decoy,CCC/N=C(\NC#N)NCCSCn1nc(-c2ccccc2)ccc1=O,CHEMBL15555
DEC_1684,decoy,CNCc1ccc([C@H]2C[C@H](SC3=C(C(=O)O)N4C(=O)[C@H]([C@@H](C)O)[C@H]4[C@H]3C)CN2)o1,CHEMBL17752
DEC_2331,decoy,COc1cc(CC(C)NCC2CC2)c(OC)cc1I,CHEMBL273603
DEC_1456,decoy,CC(=O)NCCn1nc2c3c(c(NCCN4CCOC4=O)ccc31)Sc1ccccc1-2,CHEMBL38725
DEC_1169,decoy,CC(C)(C)c1ccc(S(=O)(=O)c2ccc(-n3ncc(=O)[nH]c3=O)cc2)cc1,CHEMBL28379
DEC_3887,decoy,CC(C)(C)/N=c1\c(O)c(O)\c1=N/Cc1ccc(F)cc1Cl,CHEMBL20265
DEC_4453,decoy,COc1ccc(C(CCC(=O)O)O[C@@H]2O[C@@H]3OC4(C)CC[C@H]5[C@H](C)CCC([C@H]2C)C35OO4)cc1,CHEMBL30493
DEC_3366,decoy,CCCc1cc(SC)cc(=O)n1Cc1ccc(-c2ccccc2-c2nn[nH]n2)cc1,CHEMBL23656
DEC_2237,decoy,CC(=O)O[C@H](CC=C(C)C)C1=CC(=O)c2c(O)ccc(O)c2C1=O,CHEMBL403516
DEC_3628,decoy,O=C(O)c1cc(=O)c2c(OCC(O)COc3cccc4oc(C(=O)O)cc(=O)c34)cccc2o1,CHEMBL428880
DEC_2073,decoy,O=C(O)c1cc(Br)cc(C(=O)/C=C/c2cccc(/C=C/c3ccc4ccccc4n3)c2)c1O,CHEMBL11349
DEC_3099,decoy,CC(O)(c1ccc(F)cc1)C(O)(Cn1ccnc1)c1ccc(Cl)cc1,CHEMBL441762
ACT_018,active,CSc1ccc(-c2cncc(C3COB(O)C3)c2)cc1OC1CCCC1,CHEMBL5915366
DEC_3005,decoy,CCCn1c(=O)[nH]c2[nH]c(-c3ccc(S(=O)(=O)Oc4ccc([N+](=O)[O-])cc4)cc3)nc2c1=O,CHEMBL8732
DEC_1249,decoy,N#Cc1ccc(Cn2cncc2CN2CCN(c3cccc(Cl)c3)C(=O)C2)cc1Oc1ccccc1,CHEMBL31031
DEC_0381,decoy,CC(=O)NCCCCC/C=C(\NC(=O)C1CC1(C)C)C(=O)O.CC(C)=O,CHEMBL11925
DEC_3186,decoy,O=C1C=CC(=O)N1CCCCCn1c(C2CCNCC2)nc2cc(Cl)c(Cl)cc21,CHEMBL281603
DEC_1652,decoy,N/C(=N/O)c1ccc(CCCn2ncc3c2nc(N)n2nc(-c4ccco4)nc32)cc1,CHEMBL22822
DEC_3844,decoy,CCOC(=O)N[C@@H](c1ccc(Cl)cc1)[C@@H](O)C(=O)OC1CC2C(C)(C)C1(C)[C@@]13C[C@H](C)c4ccccc4[C@@]21O3,CHEMBL31338
DEC_3879,decoy,CCC(C)(C)/N=c1\c(O)c(O)\c1=N/Cc1ccc(F)cc1F,CHEMBL19818
DEC_3230,decoy,CN1CC=C(c2c(O)cc(O)c3c(=O)oc(-c4ccccc4Cl)cc23)CC1,CHEMBL8620
DEC_1263,decoy,O=C1c2ccccc2S(=O)(=O)N1CCCCN1CCN(c2ccccn2)CC1,CHEMBL28292
DEC_1837,decoy,CNC(=O)[C@@H](NC(=O)[C@H](CC(C)C)[C@@H](C(=O)NO)C1CCC1)C(C)(C)C,CHEMBL26317
DEC_0665,decoy,C#CCN(CC1=Nc2c(O)nc(N)nc2NC1)c1ccc(C(=O)NC(CCC(=O)O)C(=O)O)cc1,CHEMBL23594
DEC_0021,decoy,CC1(C)N=C(N)N=C(N)N1c1cccc(COc2cccc3ccccc23)c1,CHEMBL20466
DEC_4329,decoy,O=C(O)CCCCCC(=O)N1CCC2(CC1)CCN(c1ccncc1)CC2,CHEMBL277885
DEC_0315,decoy,CO[C@H]1/C=C\C=C(/C)C(=O)NC2=CC(=O)C(NCCc3ccco3)=C(C[C@@H](C)C[C@H](OC)[C@H](O)[C@@H](C)/C=C(\C)[C@@H]1OC(N)=O)C2=O,CHEMBL421636
DEC_0703,decoy,C[C@H]1CC2C3CCC4=CC(=O)C=CC4(C)[C@@]3(F)C(O)CC2(C)[C@@]1(OC(=O)c1cccs1)C(=O)CCl,CHEMBL43248
DEC_4409,decoy,COc1ccc(OC)c(/C=N/N=C(\N)NO)c1.Cc1ccc(S(=O)(=O)O)cc1,CHEMBL12724
DEC_3531,decoy,CC1CN(c2c(F)cc3c(=O)c(C(=O)O)cn(C4CC4)c3c2F)CCN1,CHEMBL15613
DEC_0518,decoy,C=CC(=O)N[C@H]1CCC2(O)C3Cc4ccc(O)c5c4C2(CCN3CC2CC2)[C@H]1O5,CHEMBL281632
DEC_1947,decoy,COc1c(C(=O)NCCN2CCN(c3cccc([N+](=O)[O-])c3)CC2)cc(Br)c2ccccc12,CHEMBL29435
DEC_3690,decoy,Cc1nnsc1S(=O)(=O)NCCCn1c2c(c3ccccc31)C(=O)CN1CCCCC21,CHEMBL431120
DEC_4584,decoy,C[C@H](CCCC(C)(C)O)C1CCC2/C(=C/c3occ4c3CC(O)CC4)CCCC21C,CHEMBL277344
DEC_1404,decoy,C=C(CF)CN1C[C@H](OCC23C[C@@H]4[C@H](C)CC[C@H]4C4(C=O)CC2C=C(C(C)C)C34C(=O)O)O[C@H](C)[C@@H](OC)C1,CHEMBL47518
DEC_4770,decoy,COc1ccc(S(=O)(=O)C(CCCCc2ccccc2)CC(=O)NO)cc1OC1CCCC1,CHEMBL44138
DEC_1049,decoy,O=C1NC(=O)c2c1c1c3ccccc3cnc1c1c2c2ccccc2n1CCCCO,CHEMBL21597
DEC_3576,decoy,Cn1cncc1C(O)(C#Cc1ccc(C#N)cc1)c1ccc(C#N)c(-c2cccc3cccnc23)c1,CHEMBL24159
DEC_4294,decoy,N#Cc1nccc2c1ncn2CCOc1ccc(Cc2ccccc2)cc1,CHEMBL14387
DEC_1459,decoy,COc1ccc2c3c1OC1[C@H](O)[C@](CO)(CCCCc4ccccc4)CC4C(C2)N(C)CCC341,CHEMBL268196
DEC_1470,decoy,c1ccc2c(CNCCN3CCOCC3)c3ccccc3c(CNCCN3CCOCC3)c2c1,CHEMBL27396
DEC_1937,decoy,Cc1oc(-c2ccc(C(F)(F)F)cc2)nc1COc1cccc(CCCn2oc(=O)[nH]c2=O)c1,CHEMBL415478
DEC_0796,decoy,CC(C)CNC(=N)c1ccc(-c2ccc(-c3ccc(C(=N)NCC(C)C)cc3)o2)cc1,CHEMBL24203
DEC_2680,decoy,CNC(=O)c1ccc(/C=C/C(=O)NCC(=O)N(C)c2ccc(C)c(COc3cccc4c3nc(NC)n4C)c2C)cc1,CHEMBL288079
DEC_3199,decoy,CCCCc1nc2ccc(CO)cc2c(=O)n1Cc1ccc(-c2ccccc2-c2nn[nH]n2)cc1,CHEMBL15214
DEC_0397,decoy,COCCOc1c(OC)cc(Cc2cnc(N)nc2N)cc1OC,CHEMBL32039
DEC_0707,decoy,CCCC(=O)N[C@@H](c1ccsc1)[C@@H](O)C(=O)OC1CC2C(C)(C)C1(C)[C@@]13CC(C)c4ccccc4[C@@]21O3,CHEMBL31801
DEC_0344,decoy,CO[C@@H]1[C@@H](OC(=O)c2ccc(C)[nH]2)[C@@H](O)[C@H](Oc2ccc3c(O)c(C(=O)Nc4ccccc4)c(=O)oc3c2C)OC1(C)C,CHEMBL292055
DEC_3726,decoy,O=C1c2ccccc2C(=O)N1CCn1c(C2CCNCC2)nc2cc(Cl)c(Cl)cc21,CHEMBL20249
DEC_3268,decoy,CC(O)c1ccc(C(Cc2cc[n+]([O-])cc2)c2ccc(OC(F)F)c(OC(F)F)c2)cc1,CHEMBL286392
DEC_3370,decoy,Cc1cccc(Cc2nc(SC3CCCCC3)nc(N/N=C(/N)S)c2C)c1,CHEMBL35679
DEC_2803,decoy,CC(C)C[C@@H]1N[C@H]2N(C1=O)c1ccccc1[C@@]2(O)C[C@@H]1NC(=O)c2ccccc2N2C(=O)c3ccccc3NC12,CHEMBL58215
DEC_3432,decoy,CCn1ncc2c(NCc3ccc(OC)c(Cl)c3)c(C(=O)NCc3ccncc3)cnc21,CHEMBL7868
DEC_0695,decoy,CC1CC2C3CCC4=CC(=O)C=CC4(C)[C@@]3(Cl)C(Cl)CC2(C)[C@@]1(OC(=O)c1ccco1)C(=O)CO,CHEMBL10566
DEC_0673,decoy,CC1(c2ccc(CN)cc2)NC(=O)N(CC(=O)N[C@@H](CC(=O)O)C(=O)N[C@H](C(=O)O)c2ccccc2)C1=O,CHEMBL277734
DEC_1460,decoy,C#CCN(Cc1ccc2nc(C)nc(O)c2c1)c1ccc(C(=O)N[C@@H](C(=O)O)C(C)C)cc1,CHEMBL267832
DEC_3235,decoy,O=C1NC(=O)C2(CN(Cc3nc4ccccc4s3)c3ccc(Cl)cc32)N1,CHEMBL20685
DEC_3775,decoy,CC(C)(C)c1ccc(/C=C/NC(=O)NC2C(=O)N3C2SC(C)(C)[C@@H]3C(=O)O)cc1.CCN(CC)CC,CHEMBL278807
DEC_1891,decoy,CC(NC(=O)C(=O)N/N=C1\C[C@@H](c2ccccc2F)Nc2cc3c(cc21)OCO3)c1ccccc1,CHEMBL15983
DEC_3773,decoy,Cc1nc(O)c2c(ccc3nc(Nc4c(Cl)cccc4Cl)n(C)c32)c1CC(=O)N1CCOCC1,CHEMBL281675
DEC_4578,decoy,Nc1ccc(S(=O)(=O)Nc2cccc(C(c3c(O)c4c(oc3=O)CCCCCC4)C3CC3)c2)cc1,CHEMBL276941
DEC_0984,decoy,CCCCCCC[C@H](C[C@@H](O)CS)C(=O)N[C@H](C(=O)NC)C(C)(C)C,CHEMBL16650
DEC_4611,decoy,CC(C)c1cccc(C(C)C)c1OS(=O)(=O)NC(=O)OC12CC3CC(CC(C3)C1)C2,CHEMBL22836
DEC_1656,decoy,C=CCn1c(=O)c2nc(-c3ccc(S(=O)(=O)O)cc3)[nH]c2n(CC=C)c1=O,CHEMBL11177
DEC_3877,decoy,CC(C)(C)/N=c1\c(O)c(O)\c1=N/Cc1ccc(C#N)cc1Cl,CHEMBL19558
DEC_2182,decoy,Cc1oc2c(C)c3oc(=O)cc(C)c3cc2c1CNCCO,CHEMBL6725
DEC_1850,decoy,CO[C@]12C=CC3(CC14CCC(C)(C)[C@H]4O)C1Cc4ccc(O)c5c4C3(CCN1CC1CC1)[C@@H]2O5,CHEMBL31030
DEC_4112,decoy,O=c1c2c(oc(O)c1C(c1cccc(NS(=O)(=O)/C=C/c3ccccc3)c1)C1CC1)CCCCCC2,CHEMBL278426
DEC_0481,decoy,CCCCCCNc1c2ccccc2nc2c(C(=O)NCCN(C)C)cccc12,CHEMBL35852
DEC_2607,decoy,CCC1C2Cc3ccc(O)cc3C1(CC)CCN2C(=O)C(N)CCSC.Cl,CHEMBL282347
DEC_0158,decoy,CCCCC[C@](C)(O)/C=C/C1[C@H](O)C[C@@H]2OC(=O)CCC/C=C\C[C@H]12,CHEMBL12597
DEC_0453,decoy,CC1(C)N=C(N)N=C(N)N1c1cccc(COc2cc(Cl)c(Cl)cc2Cl)c1,CHEMBL282044
DEC_1776,decoy,Cn1c2ccnc(N3CCOCC3)c2c2ncnc(N3CCN(CCc4ccc(F)c(F)c4)CC3)c21,CHEMBL28629
DEC_0383,decoy,NCCc1c[nH]cn1.N[C@@H](COCc1ccccc1)Cc1c[nH]cn1,CHEMBL18875
DEC_0482,decoy,CCCC#CC12COC(C1)[C@H](COCc1ccccc1)[C@H]2C/C=C/CCCC(=O)O,CHEMBL415035
ACT_059,active,CCc1c(NC(=O)Nc2ccc(C)c(F)c2)c(=O)n(-c2ccccc2)n1C,CHEMBL212113
DEC_1705,decoy,CCCCCc1cc(O)c2c(c1)OC(C)(C)[C@@H]1CCC(C)[C@H](O)C21,CHEMBL10488
DEC_1786,decoy,Cn1c2ccnc(NCc3ccccn3)c2c2ncnc(N3CCN(CCc4ccc(F)c(F)c4)CC3)c21,CHEMBL281326
DEC_4438,decoy,N#Cc1cc(-c2ccoc2)c2ccc(COc3cc(F)cc(C4(O)CC5COC(C4)O5)c3)cc2n1,CHEMBL22789
DEC_0073,decoy,c1ccc2nc(COc3ccc(OCc4ccc(Cc5nnn[nH]5)cc4)cc3)ccc2c1,CHEMBL18816
DEC_2670,decoy,CCC(O)CCc1nc(-c2ccc(S(=O)(=O)Nc3ccc(CCNC[C@H](O)c4cccnc4)cc3)cc2)no1,CHEMBL34328
DEC_0425,decoy,CN(C)Cc1ccccc1Sc1ccc(/C=C/I)cc1N,CHEMBL277045
DEC_1741,decoy,Clc1ccc(Sc2ccc(CNC3=NCCN3)cc2)cc1,CHEMBL10045
DEC_1931,decoy,COc1ccccc1N1CCN(CCN2C(=O)CCC2c2ccc(I)cc2)CC1,CHEMBL42993
DEC_0892,decoy,CC(C)C[C@@H]1OC(=O)C(C)(C)CNC(=O)[C@@H](CC2CCCCC2)NC(=O)/C=C/C[C@@H]([C@H](C)/C=C/c2ccccc2)OC1=O,CHEMBL314892
DEC_3599,decoy,O=C(O)C(=O)[C@H]1Cc2cc([N+](=O)[O-])ccc2CN1S(=O)(=O)c1ccc(-c2ccc(F)cc2)cc1,CHEMBL291697
DEC_4140,decoy,CSc1ccc(Cl)c(NC(=N)N(C)c2cccc(I)c2)c1,CHEMBL40155
DEC_3489,decoy,NCC1CN(c2c(F)cc3c(=O)c(C(=O)O)cn(C4CC4)c3c2F)CCO1,CHEMBL29572
DEC_2960,decoy,Cc1ccccc1N(CC(=O)O)C(=O)C1=C(C(=O)NCc2ccc(C(=N)N)cc2)CCC1,CHEMBL17068
DEC_3169,decoy,CCCC1N(Cc2ccc(-c3ccccc3-c3nn[nH]n3)cc2)C(=O)c2ccccc2N1C,CHEMBL279129
DEC_2454,decoy,CN(C)CCNC1CC(=O)N([C@H]2CC3CC[C@]2(CS(=O)(=O)N2CCC4(CCc5ccccc54)CC2)C3(C)C)C1=O,CHEMBL417458
DEC_1548,decoy,O=C(O)/C=C/c1ccc(-c2nc3c(=O)n(Cc4ccccc4)c(=O)n(Cc4ccccc4)c3[nH]2)cc1,CHEMBL16908
DEC_4318,decoy,Cc1ccc(N/N=C(\N=N\c2nnnn2-c2ccccc2)c2ccccc2)cc1,CHEMBL283768
DEC_1636,decoy,CC[C@H]1Nc2cc3nc(O)cc(C(F)(F)F)c3cc2C[C@H]1C,CHEMBL7089
DEC_3367,decoy,CCN(CC)CCn1nc2c3c(c(NCCC(=O)O)ccc31)C(=O)c1ccccc1-2,CHEMBL282797
DEC_4223,decoy,CC(=O)NC1N=C(c2ccccc2)c2ccccc2N(CC(=O)NCCc2cccc3ccccc23)C1=O,CHEMBL24816
DEC_2072,decoy,Cn1cncc1C(N)(c1ccc(Cl)cc1)c1cc2c3c(c1)c(-c1cccc(Cl)c1)cc(=O)n3CCO2,CHEMBL38080
DEC_1253,decoy,CN(C)CCc1nnc2n1-c1ccc(Br)cc1C(c1ccccn1)=NC2,CHEMBL16271
DEC_4404,decoy,CN(C)CCNC(=O)c1cccc2c(NCCN(C)C)c3ccccc3nc12,CHEMBL34407
DEC_3794,decoy,C/C(=C\Cn1oc(=O)[nH]c1=O)c1ccc2oc(Cc3nc(-c4ccc(C(F)(F)F)cc4)oc3C)cc2c1,CHEMBL7285
DEC_0952,decoy,CN(C)c1ccc(-c2cc(C(F)(F)F)nn2-c2ccc(S(N)(=O)=O)cc2)cc1F,CHEMBL29899
DEC_0931,decoy,C/C(=C1/SC(N=C(N)N)=NC1=O)c1cc(C(C)(C)C)c(O)c(C(C)(C)C)c1,CHEMBL278246
DEC_4264,decoy,CC(OC(=O)C(C)(C)C)n1c([S+]([O-])Cc2ccccn2)nc2ccccc21,CHEMBL10186
DEC_0467,decoy,CCCCCCn1cncc1[C@H]1OC(C)(C)OC[C@H]1C/C=C\CCC(=O)O,CHEMBL17796
DEC_3882,decoy,O=S1NC(Cc2c[nH]c3ccc(Br)cc23)=NO1,CHEMBL17421
DEC_0602,decoy,Brc1cccc(Br)c1N(C1=NCCN1)C1CCCCC1,CHEMBL20910
DEC_4734,decoy,COC(=O)CC/C=C\CC[C@H]1C(=O)C[C@@H](O)[C@@H]1/C=C/CC(C)(O)CCC1CCCCCC1,CHEMBL6435
DEC_4548,decoy,CCCCCCC[C@H]1OC(=O)C[C@@H](O)[C@H](Cc2ccccc2)N(C)C(=O)[C@H](C(C)C)OC(=O)[C@H]1C,CHEMBL269137
DEC_1874,decoy,CC1(C)C2CC[C@@]1(CS(=O)(=O)N1CCC3(CCc4ccccc43)CC1)[C@@H](N1C(=O)C[C@@H](N)C1=O)C2,CHEMBL276990
DEC_0375,decoy,CC1(C)C[C@@H]1C(=O)N/C(=C\CCCCSC[C@H](N)C(=O)O)C(=O)O,CHEMBL766
DEC_1862,decoy,O=C1NC(=O)C(CC#Cc2ccc(Cl)cc2)(S(=O)(=O)c2ccc3ccccc3n2)S1,CHEMBL12503
DEC_2420,decoy,NC(=O)c1ccc2[nH]c3c(N4CCN(CCc5ccc(F)c(F)c5)CC4)ncnc3c2c1,CHEMBL286963
DEC_2874,decoy,O=C1Nc2ccc(CCN3CCN(c4nsc5ccccc45)CC3)cc2C12CCCC2,CHEMBL35565
DEC_0817,decoy,O=C(c1ccc(Cl)cc1)c1ccc(O)c(C(=O)Nc2ccc([N+](=O)[O-])cc2Cl)c1,CHEMBL285548
DEC_0060,decoy,[O-][n+]1ccc(CC(c2ccc(CO)cc2)c2ccc(OC(F)F)c(OC(F)F)c2)cc1,CHEMBL285500
DEC_3903,decoy,O=C(O)[C@@H]1C[C@H]2C[C@@H](c3ccccc3Cc3nnn[nH]3)CC[C@H]2CN1,CHEMBL16289
DEC_2556,decoy,O=S(=O)(Nc1ccc(CCNC[C@H](O)c2cccnc2)cc1)c1ccc(-c2noc(CCCC3CCCCC3)n2)cc1,CHEMBL33755
ACT_005,active,O=C(CNC(=O)Nc1ccc(Br)cc1)Nc1cccnc1,CHEMBL4762222
DEC_4245,decoy,OC1(C#Cc2ccc(Oc3ccc(Br)cc3)cc2)CN2CCC1CC2,CHEMBL24776
DEC_4319,decoy,CC(C)=CCC(OC(=O)c1ccccc1)C1=CC(=O)c2c(O)ccc(O)c2C1=O,CHEMBL28195
DEC_1224,decoy,Cc1ccc(OC(C)(C)[C@H]2OC[C@@H](C/C=C\CCC(=O)O)[C@@H](c3cncs3)O2)c([N+](=O)[O-])c1,CHEMBL277167
DEC_2964,decoy,CC(=N)N1CCC(Oc2ccc(NC/C=C/c3cccc(C(=N)N)c3)cc2F)CC1,CHEMBL24508
DEC_4670,decoy,COc1cc2c(cc1OC)-c1cc(N(C)c3c(C)cc(C)cc3C)nc(=O)n1CC2,CHEMBL34705
DEC_1530,decoy,N/C(=N\O)c1ccc(CN(NS(=O)(=O)c2ccc3ccccc3c2)C(=O)N2CCCCC2)cc1,CHEMBL36960
DEC_4646,decoy,Cn1c2nccc(C#N)c2c2ncnc(N3CCN(CCc4ccc(F)c(F)c4)CC3)c21,CHEMBL286948
DEC_2345,decoy,CC1CCC(C)N1CC(O)COC(c1ccccc1)c1ccccc1,CHEMBL18079
DEC_0772,decoy,CC(/N=c1\c(O)c(O)\c1=N/c1ccc(-c2ccccc2)cc1)C(C)(C)C,CHEMBL19200
DEC_4059,decoy,CC1C(N)CN1c1c(F)c(N)c2c(=O)c(C(=O)O)cn(C3CC3)c2c1F,CHEMBL278310
DEC_1364,decoy,C[C@H]1C[C@@]23O[C@]2(c2ccccc21)C1CC(OC(=O)[C@H](O)[C@@H](NC(=O)NC(C)(C)C)c2ccccc2)C3(C)C1(C)C,CHEMBL31999
DEC_4001,decoy,COc1cc2/c(=N/c3ccc(Br)cc3F)nc[nH]c2cc1OCC1CCN(C)CC1,CHEMBL24828
DEC_2058,decoy,O=C(O)CCCn1cc(C(=O)c2ccc3c(c2)OC(c2ccccc2)(c2ccccc2)O3)c2ccccc21,CHEMBL287906
ACT_027,active,O=C(Nc1ccc(F)cc1)N[C@@H]1c2nnnn2C[C@H]1c1cc2c(cc1F)OCC2,CHEMBL5288663
DEC_3617,decoy,Cc1nc(N)ccc1CNC(=O)Cn1c(C)cc(S(=O)(=O)c2cccs2)c(N)c1=O,CHEMBL33839
DEC_1196,decoy,CCOC(=O)c1cc2c3cc(-n4ccc(C=O)c4)c(Cl)cc3nc(O)n2n1,CHEMBL267006
DEC_3462,decoy,CC(C)(C)CC(C)(C)NS(=O)(=O)c1ccc(-n2ncc(=O)[nH]c2=O)cc1,CHEMBL417070
DEC_2305,decoy,CCOC(=S)SCCCCC/C=C(\NC(=O)C1CC1(C)C)C(=O)O,CHEMBL12008
DEC_0814,decoy,COc1cc(NS(C)(=O)=O)ccc1Nc1c2ccccc2nc2cc([N+](=O)[O-])ccc12,CHEMBL416074
DEC_2687,decoy,CCCCN(CC(=O)O)C(=O)c1ccc(N2CCC(NC[C@H](O)c3ccc(O)c(NS(C)(=O)=O)c3)CC2)cc1,CHEMBL32521
DEC_2086,decoy,O=C1CN(Cc2cncn2Cc2ccc(-c3ccc(Cl)cc3)nc2)CCN1c1cccc(Cl)c1,CHEMBL23239
DEC_4299,decoy,COc1ccc2c(c1)CCC=C2CCCN1CCN(c2ccccn2)CC1,CHEMBL417421
DEC_0839,decoy,C=C(c1ccccc1OCC(O)CNC(C)(C)C)n1cnc2ccccc21,CHEMBL274014
ACT_095,active,CC[C@H](C)[C@H](NC(=O)Nc1ccc(Br)cc1)C(=O)NCC(=O)O,CHEMBL5824465
DEC_4433,decoy,CO/C1=C\C(C)=C\[C@@H](C)[C@@H](O)[C@@H](C)C/C(C)=C/C=C/[C@H](OC)[C@@H]([C@@H](C)[C@@H](O)[C@H](C)C(=O)O)OC1=O,CHEMBL293082
DEC_1960,decoy,CNc1nccc2c1c1ncnc(N3CCN(CCc4ccc(F)c(F)c4)CC3)c1n2C,CHEMBL25731
DEC_4235,decoy,COc1cc2c(c(OC)c1OC)OC[C@@H]1[C@H]2c2cc3c(cc2C[C@H]1C)OCO3,CHEMBL278948
DEC_3735,decoy,CC(C)C(=O)Nc1sc2c(c1C(=O)c1ccccc1Cl)CCN(C(=O)C1CC1)C2,CHEMBL288653
DEC_3027,decoy,CN(C(=O)[C@H](CC#Cc1cccnc1)NS(=O)(=O)c1ccc2ccccc2c1)C1CCCC1,CHEMBL6879
DEC_3053,decoy,CC(O)(c1ccc(Cl)cc1)C(O)(Cn1cncn1)c1ccc(F)cc1,CHEMBL9947
DEC_0421,decoy,Cc1ccccc1-c1cc(C(O)(C#Cc2ccccc2)c2cncn2C)ccc1C#N,CHEMBL24822
DEC_3359,decoy,O=C(O)CCCCCCCNC(=O)c1cc(I)ccc1O,CHEMBL422752
DEC_1211,decoy,CCCN(CCC)c1c([N+](=O)[O-])cc(S(=O)(=O)N(c2ccccc2)c2ccccc2)cc1[N+](=O)[O-],CHEMBL52478
DEC_1153,decoy,CN1C(=O)CC[C@]2(C)C3CC[C@@]4(C)C(CC[C@@]4(O)C#CCCO)C3CCC12,CHEMBL9672
DEC_0799,decoy,CCc1nc(N)nc(N)c1Cc1ccc(OCc2ccccc2)c(OCc2ccccc2)c1,CHEMBL22137
DEC_0286,decoy,CCCCCCCCS(=O)(=O)[C@H](C)[C@](O)(Cn1cncn1)c1ccc(F)cc1F,CHEMBL288182
DEC_0645,decoy,CC1(C)N=C(N)N=C(N)N1c1ccc(OCc2ccc(Cl)c(Cl)c2)cc1,CHEMBL7035
DEC_3943,decoy,O=C(Cn1cc(Cc2cncnc2)c(=O)nc1SCc1ccc(F)cc1)N1CCN(c2cncnc2)CC1,CHEMBL294446
DEC_4075,decoy,CC1(CN)CCN(c2nc3c(cc2F)c(=O)c(C(=O)O)cn3C2CC2)C1,CHEMBL274696
DEC_1034,decoy,Nc1ccc(S(=O)(=O)c2cc(Br)nc(N3CCCC3)c2)cc1,CHEMBL23038
DEC_1697,decoy,Cc1c(N2CC[C@@H](CN)C2)c(F)c(N)c2c(=O)c(C(=O)O)cn([C@@H]3C[C@@H]3F)c12,CHEMBL266348
DEC_2866,decoy,CCN1C(=O)c2c(nc(Cc3ccccc3)n2Cc2ccc(O)cc2)N2C1=N[C@@H]1CCC[C@@H]12,CHEMBL23992
DEC_3172,decoy,CCCCc1nc2ccc(C(C)N)cc2c(=O)n1Cc1ccc(-c2ccccc2-c2nn[nH]n2)cc1,CHEMBL14487
DEC_3410,decoy,OCCN(CCO)Cc1c[nH]c2cc3ncnc(Nc4cccc(Br)c4)c3cc12,CHEMBL36164
DEC_2053,decoy,CC(C)(C)c1ccc(/C=C2\CS(=O)(=O)CC3C2=NN(CC2CC2)C3c2ccc(C(C)(C)C)cc2)cc1,CHEMBL284499
DEC_4316,decoy,Cc1c(C)c2ccc(OS(=O)(=O)c3ccc(C#N)cc3)cc2oc1=O,CHEMBL416175
DEC_4499,decoy,Cc1[nH]c(/C=C2\C(=O)Nc3ccc(F)cc32)c(C)c1C(=O)NCCN1CCCC1,CHEMBL13608
DEC_1921,decoy,O=C1c2c(Cl)c(Cl)c(Cl)c(Cl)c2C(=O)N1CCCCN1CCN(c2ncccn2)CC1,CHEMBL34017
DEC_4775,decoy,CCCCCNC(=O)Nc1c(OCCCn2ncc(-c3ccccc3)n2)cccc1N(C)C,CHEMBL44071
DEC_2070,decoy,COc1ccc2c3c1OC1C(=O)[C@](C)(CCCCc4ccccc4)CC4C(C2)N(CC2CCC2)CCC314,CHEMBL9596
DEC_1071,decoy,COc1ccc2c3c1OC1[C@H]4OC[C@@]4(CCCCc4ccccc4)CC4C(C2)N(CC2CC2)CCC341,CHEMBL9880
DEC_3659,decoy,C/N=C/C1=C(O)O[C@H](COC)[C@@]2(C)C1=C(O)C(=O)C1=C2[C@H](OC(C)=O)C[C@]2(C)C(=O)CC[C@@H]12,CHEMBL12997
DEC_3142,decoy,CN(C)c1ccc2c(=O)oc(Nc3ccccc3I)nc2c1,CHEMBL10262
DEC_3990,decoy,COc1ccc(CCCOC(=O)C2CCCCN2C(=O)NC23CC4CC(CC(C4)C2)C3)cc1OC,CHEMBL440799
DEC_1642,decoy,CCCCc1cnc2c(c1)[C@@H]1c3cc(O)c(O)cc3CC[C@H]1NC2,CHEMBL283247
DEC_2478,decoy,CC(=O)N1[C@H](CC23CC4CC(CC(C4)C2)C3)C(=O)N(Cc2ccccc2)c2ccccc2C(=O)C[C@H]1C(=O)NCC(=O)O,CHEMBL118930
DEC_4547,decoy,CCCc1nc2ccn(CC(=O)N(C)C)c(=O)c2n1Cc1ccc(-c2ccccc2-c2nn[nH]n2)cc1,CHEMBL42775
DEC_1629,decoy,CC(C)[C@@H]1CCc2cc3c(C(F)(F)F)cc(O)nc3cc2N1,CHEMBL267850
DEC_0443,decoy,CN(CCCl)[C@@H]1CCC2C3Cc4ccc(O)c5c4C2(CCN3CC2CC2)[C@H]1O5,CHEMBL8977
DEC_2094,decoy,Cn1cncc1C(O)(c1ccc(Cl)cc1)c1cc2c3c(c1)c(-c1cccc(Cl)c1)cc(=O)n3CCO2,CHEMBL290833
DEC_3187,decoy,CN1CCN(Cc2cccc(-c3cc(NCCC4CCCN4C)c4ccccc4n3)c2)CC1,CHEMBL22118
DEC_2485,decoy,COC(=O)c1c(C(=O)N2CCN(CCO)CC2)cc2c(Cl)cccc2c1-c1cc(Br)c(OC)c(OC)c1,CHEMBL24752
DEC_0163,decoy,CCN(CC)/C(=N\C#N)C1=CC(C)(C)Oc2ccc([N+](=O)[O-])cc21,CHEMBL263879
DEC_1777,decoy,c1ccc(CN2CCN(c3ccc4nc(N5CCN(Cc6ccccc6)CC5)c5cccn5c4n3)CC2)cc1,CHEMBL53195
DEC_0359,decoy,CN(C)Cc1ccc(CSCCNc2n[s+]([O-])nc2N)o1,CHEMBL8982
DEC_2557,decoy,NC(C(=O)[C@H](Cc1ccccc1)C[C@H](O)CN1C(=O)[C@@H](Cc2ccccc2)C[C@@H]1Cc1ccccc1)[C@H]1c2ccccc2C[C@H]1O,CHEMBL324107
DEC_1700,decoy,Cc1c(-c2ccc(O)cc2)n(Cc2ccc(O)cc2)c2ccc(O)cc12,CHEMBL30235
DEC_4463,decoy,CCCN(Cc1ccc(-c2ccccc2-c2nn[nH]n2)cc1)c1ncnc2cccc(C(=O)OC)c12,CHEMBL421865
DEC_2112,decoy,CCN(CC)c1nc(C)nc2c1sc(=O)n2-c1ccc(C(C)C)cc1Br,CHEMBL278895
DEC_3009,decoy,CCCOC(=O)/C=C/C(=O)N[C@@H]1CC[C@@]2(O)C3Cc4ccc(O)c5c4C2(CCN3CC2CC2)C1O5,CHEMBL54820
DEC_3687,decoy,COC(=O)[C@@H]1C(/C=N/CCO)=Cc2cc3c(cc2C1c1cc(OC)c(OC)c(OC)c1)OCO3,CHEMBL283102
DEC_1239,decoy,CCCCc1cn(-c2c(C)cccc2C)c(=O)n1Cc1ccc(-c2ccccc2-c2nn[nH]n2)nc1,CHEMBL430152
DEC_1906,decoy,N#Cc1c2n(c3c(N4CCN(CCc5ccccc5)CC4)nc(I)nc13)CCCC2,CHEMBL27823
DEC_4276,decoy,CCCCN1CC2(CCN(CC(O)C3COc4ccccc4O3)CC2)OC1=O,CHEMBL27493
DEC_1302,decoy,CCN(CC)CCNc1ccc(CO)c2sc3ccc(O)cc3c(=O)c12,CHEMBL21952
DEC_0485,decoy,CCCCc1nc(CCCC)n(Cc2ccc(-n3cccc3C(=O)O)cc2)n1,CHEMBL12737
DEC_2088,decoy,Cn1cncc1C(N)(c1ccc(Cl)cc1)c1cc2c3c(c1)c(-c1cccc(Cl)c1)cc(=O)n3CC2,CHEMBL39324
DEC_1617,decoy,CC(C)(C)c1cc(-c2n[nH]c(S)n2)cc(C(C)(C)C)c1O,CHEMBL12483
DEC_2811,decoy,Cc1ccc(CN2C(=O)N(Cc3ccc4[nH]ncc4c3)[C@H](Cc3ccccc3)[C@H](O)[C@@H](O)[C@H]2Cc2ccccc2)cc1N,CHEMBL310677
DEC_2933,decoy,CC(C)[C@@H](CN1CC[C@@](C)(c2cccc(O)c2)[C@@H](C)C1)NC(=O)[C@H]1Cc2ccccc2CN1,CHEMBL10872
DEC_1233,decoy,CCCCc1cn(-c2ccccc2C)c(=O)n1Cc1ccc(-c2ccccc2-c2nn[nH]n2)nc1,CHEMBL276689
DEC_2889,decoy,Cc1ccc(CNC(=O)CCCn2c3c(c4ccccc42)C(=O)CN2CCCCC32)o1,CHEMBL286610
DEC_3615,decoy,CCc1cc(C(C)=O)c(O)cc1OCc1cncc(C(=O)Nc2nc(CC(=O)O)cs2)n1,CHEMBL287089
DEC_2178,decoy,CCCCCCc1nc2c([nH]1)N1C[C@@H](C(C)C)N=C1N(C)C2=O,CHEMBL274965
DEC_3014,decoy,C#CCN(Cc1cc2c(O)nc(C)nc2cc1C)c1ccc(C(=O)N[C@@H](C(=O)O)C(C)C)c(F)c1,CHEMBL6715
DEC_0728,decoy,COc1ccc2c3c1O[C@@H]1[C@]34CCN(COOC(C)(C)C)[C@H](C2)[C@]42CC[C@@]1(OC)C(C(C)(O)C(C)(C)C)C2,CHEMBL73518
DEC_1808,decoy,CC1(C)C=C(C(=O)NCCNC(=O)C2CCCCC2C(=O)O)C(C)(C)N1,CHEMBL279565
DEC_0554,decoy,CN1C(=O)CC[C@]2(C)C3CC[C@@]4(C)C(CC[C@@H]4N(C=O)C4CC4)C3CC[C@@H]12,CHEMBL276355
DEC_2271,decoy,[O-][S+](c1nc(-c2ccc(Cl)cc2)c(-c2ccc(Cl)cc2)[nH]1)C(F)F,CHEMBL279824
DEC_1767,decoy,CC(C)C1=CC2CC3(C=O)[C@@H]4CC[C@@H](C)[C@H]4CC2(CO[C@@H]2O[C@H](C)[C@H]4OC(C)(C)O[C@H]4[C@@H]2O)C13C(=O)O,CHEMBL21658
DEC_0276,decoy,CN(c1ccccc1)S(=O)(=O)c1cc(Cl)cc(OCCNc2ccncc2)c1,CHEMBL26452
DEC_0470,decoy,Cc1cc(OCCCC(C)(C)C(=O)O)c(C)c(C)c1OCCCC(C)(C)C(=O)O,CHEMBL7984
DEC_1476,decoy,CCN(CC)Cc1cc(Nc2nc(NCCN3CCCC3)c3ccccc3n2)ccc1O,CHEMBL31453
DEC_4630,decoy,Cn1cncc1CN(C(=O)c1ccccc1)c1ccc(C#N)c(-c2cccc3ccccc23)c1,CHEMBL28588
DEC_2863,decoy,Cc1ccc(N(/C=N/c2ccn(C3CSC(CO)O3)c(=O)n2)c2ccc(C)cc2)cc1,CHEMBL18076
DEC_2302,decoy,CC1(C)CC1C(=O)N/C(=C\CCCCCCCBr)C(=O)O,CHEMBL11992
DEC_4423,decoy,COCC[C@H]1CN(C(=O)c2cccc3ccccc23)CCN1C[C@@H](N)CS,CHEMBL275378
DEC_0546,decoy,CC(NC(C)(C)C)C(O)COc1cccc2sccc12.O=C(O)C(=O)O,CHEMBL30152
DEC_3001,decoy,CC(=O)OC1CC2(O)C3CCC4CC(OC=O)CCC4(C)C3CCC2(C)[C@H]1C1=CC(=O)OC1,CHEMBL414201
DEC_0923,decoy,Nc1noc2ccc(CN3C(=O)N(Cc4ccc5onc(N)c5c4)[C@H](Cc4ccccc4)[C@H](O)[C@H]3CCc3ccccc3)cc12,CHEMBL432093
DEC_4293,decoy,Cc1ccc([C@H]2OC(=O)O[C@]2(Cn2cncn2)c2ccccc2Cl)cc1,CHEMBL10467
DEC_3664,decoy,NS(=O)(=O)OC[C@@]12OC[C@H]3O[C@@H](c4ccccc4)O[C@H]3[C@@H]1O[C@H](c1ccccc1)O2,CHEMBL26603
DEC_0256,decoy,OC1CCCCCC1CN1CCN(CCOC(c2ccc(F)cc2)c2ccc(F)cc2)CC1,CHEMBL416198
DEC_2067,decoy,Clc1cccc(N2CCN(CCCn3c4c(c5ccccc53)CCN(CCc3ccccn3)C4)CC2)c1,CHEMBL12429
DEC_2718,decoy,NS(=O)(=O)c1ccc(/C=C/c2ccc(O)cc2)cc1,CHEMBL7499
DEC_2841,decoy,CC(C)c1cc(Oc2c(I)cc(C[C@@H](N)C(=O)O)cc2I)ccc1O,CHEMBL41314
DEC_0693,decoy,C[C@@H]1CC2C3CCC4=CC(=O)C=CC4(C)[C@@]3(Cl)C(O)CC2(C)[C@@]1(OC(=O)c1cccs1)C(=O)CCl,CHEMBL435955
DEC_3013,decoy,CN(C(=O)[C@H](CC#Cc1ccncc1)NS(=O)(=O)c1ccc2ccccc2c1)C1CCCC1,CHEMBL268206
DEC_0660,decoy,Nc1nc2c(ncn2[C@H]2CC[C@@H](COP(=O)(O)OP(=O)(O)OP(=O)(O)O)O2)c(=O)[nH]1,CHEMBL54224
DEC_0738,decoy,C=CCN1CCN(C(c2ccccc2)c2ccc(-c3cccs3)cc2)CC1,CHEMBL24927
DEC_2658,decoy,COc1ccc2nc3cc(Cl)ccc3c(NCCCC/N=C(\N)NCCCn3cnc4c(N)nc(N)nc43)c2c1,CHEMBL54889
DEC_1664,decoy,O=C(O)c1ccc2oc3ccc(S(=O)(=O)N(CCO)CCO)cc3c(=O)c2c1,CHEMBL279662
DEC_1174,decoy,CC1CN(c2c(F)c(N)c3c(=O)c(C(=O)O)cn(C4CC4)c3c2F)CCN1,CHEMBL15707
DEC_2177,decoy,O=C(c1ccc([N+](=O)[O-])cc1)c1ccc2n1CCC2C(=O)O,CHEMBL9382
DEC_2688,decoy,CN(C)CCNC(=O)Nc1nc2nc(NCCCN3CCN(C)CC3)ncc2cc1-c1c(Cl)cccc1Cl,CHEMBL417961
DEC_3363,decoy,CN1CCC23c4c5ccc(O)c4OC2[C@H]2OC[C@@]2(CCCCCc2ccccc2)CC3C1C5,CHEMBL275453
DEC_1208,decoy,CCN(C/C=C/C#CC(C)(C)C)Cc1cccc(OCCN(C)S(=O)(=O)c2cccs2)c1,CHEMBL281025
ACT_054,active,CCCOc1cc(-c2cc(C3CB(O)OC3C)cnn2)ccc1OC,CHEMBL5986413
DEC_2179,decoy,Cc1c(Nn2c(C)ccc2C)nnc(N2CCOCC2)c1C,CHEMBL427815
DEC_4728,decoy,COc1c2occc2c(COCCCO)c2ccc(=O)oc12,CHEMBL6564
DEC_3580,decoy,O=C(O)c1cccc(Cn2nnnc2-c2cccc(CSc3ccc4ccccc4n3)c2)c1,CHEMBL19115
DEC_1706,decoy,CCCCCc1cc(O)c2c(c1)OC(C)(C)[C@@H]1CC[C@H](C)[C@H](O)C21,CHEMBL10475
DEC_3337,decoy,Cc1cc(-n2ncc(=O)[nH]c2=O)ccc1S(=O)(=O)c1ccc(Br)cc1,CHEMBL418199
DEC_4365,decoy,O=c1cc(-c2ccccc2)oc2ccc(OCCCCCCN3CCNC(CCO)C3)cc12,CHEMBL291132
DEC_1529,decoy,CC1(C)C2CCC1(CS(=O)(=O)N1CCC3(CCc4ccccc43)CC1)C(NC(=O)C1CCCNC1)C2,CHEMBL277400
DEC_4498,decoy,CCN(C(=O)C1CCC=C1C(=O)NCc1ccc(C(=N)N)cc1)c1ccccc1,CHEMBL279594
DEC_0118,decoy,CCCCC[C@@H]1/C=C\C2[C@H](O)C[C@H](O)[C@@H]2C/C=C\CCCC(=O)O1,CHEMBL274820
DEC_4040,decoy,O=C(O)[C@@H]1C[C@H]2C[C@@H](Cc3cccc(-c4nn[nH]n4)c3)CC[C@H]2CN1,CHEMBL279648
DEC_1806,decoy,CCNCC1CCN(c2c(F)c(N)c3c(=O)c(C(=O)O)cn(C4CC4)c3c2F)C1,CHEMBL15247
DEC_1692,decoy,O=C1[C@@H](NS(=O)(=O)c2cc3ncccc3s2)CCN1Cc1cc2cc[nH]cc-2n1,CHEMBL275368
DEC_0668,decoy,CC(=O)N(CC1CNc2nc(N)nc(O)c2C1)c1ccc(C(=O)N[C@@H](CCC(=O)O)C(=O)O)cc1,CHEMBL38313
DEC_0145,decoy,CCC(C)(C)/N=c1\c(O)c(O)\c1=N/Cc1ccc(F)cc1Cl,CHEMBL19829
DEC_0161,decoy,CCCCC[C@@H]1/C=C\C2[C@H](O)CC(=O)[C@@H]2C/C=C\CCCC(=O)O1,CHEMBL12584
DEC_3357,decoy,O=C(O)COC1CCN(C(=O)N2CCC3(CC2)CCN(c2ccncc2)CC3)CC1,CHEMBL24562
DEC_4738,decoy,CCCc1c(OCCCSc2nnc(SCC(=O)O)s2)ccc(C(C)=O)c1O,CHEMBL279490
DEC_0613,decoy,O=NN(CCCl)C(=O)NC1CCCC(NC(=O)N(CCCl)N=O)C1,CHEMBL275994
DEC_4368,decoy,O=C(O)CCC/C=C\C[C@@H]1[C@@H](/C=C/[C@@H](O)CCc2cccc(C(F)(F)F)c2)[C@H](O)C[C@@H]1O,CHEMBL287080
DEC_0740,decoy,CCCCCc1cc(O)c2c(c1)OC(C)(C)[C@@H]1CC[C@H](CN(C)C)CC21,CHEMBL28456
DEC_1044,decoy,CCN1C(=O)c2c(nc(OC)n2Cc2ccc(O)c(Cl)c2)N2C1=N[C@@H]1CCC[C@@H]12,CHEMBL24815
DEC_1729,decoy,Cc1cccc2[nH]cc(CCNCC(O)c3cccc(Cl)c3)c12,CHEMBL416190
DEC_1907,decoy,CCn1c(/C=C/C=C2\N(C)c3ccccc3C2(C)C)[n+](CCOC(C)=O)c2cc3ccccc3cc21.[Cl-],CHEMBL23073
DEC_2154,decoy,CCCCCCc1nc2c([nH]1)N1CC(C)(C)N=C1N(C)C2=O,CHEMBL416541
DEC_0105,decoy,C[C@@]1(CO)[C@H](O)CC[C@@]2(C)[C@H]1CCC1C[C@@H]3C[C@@]12CC[C@]3(O)CO,CHEMBL12500
DEC_0813,decoy,N=C(NC1CCC1)c1ccc(-c2ccc(-c3ccc(C(=N)NC4CCC4)cc3)o2)cc1,CHEMBL280419
