compound_id,label,smiles,source_id
DEC_2165,decoy,COC(=O)c1sc(C(C)(C)C)cc1NC(=O)Nc1ccc(C(=O)O)cc1,CHEMBL274234
DEC_2166,decoy,Nc1nc(N)c2c(Cl)c(NC(=O)Cc3ccc4ccccc4c3)ccc2n1,CHEMBL7176
DEC_0148,decoy,CC1(C)OC(S)=Nc2ccc(-c3ccc(F)c(F)c3)cc21,CHEMBL25181
DEC_0020,decoy,CCc1nc2c(C)cc(C)nc2n1Cc1ccc(-c2cscc2-c2nn[nH]n2)cc1,CHEMBL274626
DEC_0896,decoy,CSc1nc(-c2cc(Cl)cc(Cl)c2)c(-c2cc(Cl)cc(Cl)c2)[nH]1,CHEMBL266461
DEC_2216,decoy,C#CCN(Cc1ccc2nc(N)nc(O)c2c1)c1ccc(C(=O)O)cc1,CHEMBL13905
DEC_0911,decoy,CC1CC(C)(C)Nc2ccc3c(c21)/C(=C/c1cccc(F)c1)Oc1ccccc1-3,CHEMBL34882
DEC_3573,decoy,CN(C)c1nccc2c1c1ncnc(N3CCN(CCc4ccc(F)c(F)c4)CC3)c1n2C,CHEMBL26150
DEC_1842,decoy,c1ccc(C2CN3CCNCC3c3ccccc32)cc1,CHEMBL6445
DEC_4134,decoy,CC(C)(C)C(=O)Oc1ccc(/N=N/c2ccc(OC(=O)C(C)(C)C)cc2)cc1,CHEMBL268957
DEC_2304,decoy,CCCCc1nc2ccn(Cc3ccccc3Br)c(=O)c2n1Cc1ccc(-c2ccccc2-c2nn[nH]n2)cc1,CHEMBL430570
DEC_0694,decoy,CC1(C)C=C(n2ccccc2=O)c2cc(S(=O)(=O)N=[N+]=[N-])ccc2O1,CHEMBL276151
DEC_2188,decoy,Cc1ccc(Cl)c2c1SCc1c(O)cc(C(=O)O)nc1-2.NCCO,CHEMBL29282
DEC_0543,decoy,CC(C)(C)n1cc(C(=O)O)c(=O)c2cc(F)c(N3CCC(N)C3)cc21,CHEMBL280036
DEC_0853,decoy,O=C1CCc2cc3c(c4c5cc6c(cc5n1c24)OCO6)CCNC3,CHEMBL280675
DEC_3987,decoy,CCCCc1nc(N(C)Cc2ccccc2)c2sccc2n1,CHEMBL288545
DEC_2666,decoy,CC(=O)NC1=C(C)C(=O)c2c(nc3n2CCC3OC(=O)CCl)C1=N,CHEMBL17596
DEC_3548,decoy,CC(C)(C)c1ccc(S(=O)(=O)N2Cc3ccccc3N(Cc3c[nH]cn3)C(CCc3ccccc3)C2)cc1,CHEMBL8332
DEC_3394,decoy,Cn1c2cccnc2c2ncnc(N3CCN(CCc4ccc(F)c(F)c4)CC3)c21,CHEMBL282365
DEC_2381,decoy,COc1ccc(Cl)c(C2(F)C(=O)Nc3c(C(F)(F)F)cccc32)c1,CHEMBL7986
DEC_0869,decoy,Cc1ccc(C)n1Nc1ccc(N2C(C)COCC2C)nn1,CHEMBL273400
DEC_1075,decoy,Cc1cc(C#N)cc(-c2ccc3c(c2)C(C)(C)OC(S)=N3)c1,CHEMBL25682
DEC_1501,decoy,CCc1cc(CCCOc2c(C)cc(-c3noc(C(F)(F)F)n3)cc2C)on1,CHEMBL285833
DEC_2336,decoy,O=C(OCC#CCCCCCC#CCS(=O)(=O)c1ccc2ccccc2c1)c1ccc2c(c1)C(=O)c1ccccc1C2=O,CHEMBL329229
DEC_1873,decoy,CCNC1CCCC1N(C(=O)CC)c1ccc(Cl)c(Cl)c1,CHEMBL20848
DEC_0194,decoy,Cc1c(CSc2cccc(Cl)c2)cnc2nc(N)nc(N)c12,CHEMBL24007
DEC_2119,decoy,CCCCc1nc(NC2CCCCC2)c2sccc2n1,CHEMBL31530
DEC_0336,decoy,Cc1cc(C(=O)Nc2ccc(C(=N)N(C)C)cc2F)n(-c2cc3ccccc3cc2F)n1,CHEMBL21140
DEC_3814,decoy,CCc1c2c(nc3cnc(Br)cc13)-c1cc3c(c(=O)n1C2)COC(=O)[C@]3(O)CC,CHEMBL273734
DEC_4389,decoy,CC(C)c1ccc(C2N=C(S)N(C(C)C)c3cc4c(cc32)OCO4)cc1,CHEMBL276408
DEC_2097,decoy,CC(=O)N1CCc2c(sc(NC(=O)/C=C/c3ccccc3)c2C(=O)c2ccccc2Cl)C1,CHEMBL40462
DEC_3209,decoy,C#C[C@]1(O)CCC2C3CCC4=CC(=O)CCC4=C3C(c3cccs3)CC21C,CHEMBL16886
DEC_1994,decoy,CC1(C)OC(S)=Nc2ccc(-c3cccc(C#N)c3)cc21,CHEMBL280613
DEC_2151,decoy,CC(=O)c1c(O)n(O)c2cc(NC(=O)/C=C/c3ccccc3Cl)ccc12,CHEMBL276316
DEC_2134,decoy,CN1CCCCC1/C=C/C1c2ccccc2Cc2ccccc21,CHEMBL21942
ACT_040,active,CC(=O)O[C@@]12[C@H](OC(=O)[C@@H](C(C)C)N(C)C)[C@@H](C)[C@@]3(O)[C@@H](C=C(CO)C[C@@]4(O)C(=O)C(C)=C[C@@H]34)[C@@H]1C2(C)C,CHEMBL502799
DEC_4523,decoy,CN(CCc1ccc2c(c1)OCO2)C[C@@H]1CCCc2c1ccc1ccoc21,CHEMBL10068
DEC_0801,decoy,CCCN(CCC)C1=NCc2ccccc2N1,CHEMBL281341
DEC_0913,decoy,CN1c2ccc(Cl)cc2[C@H]2OCC[C@H]2[C@H]1c1c[nH]c2ccc(Br)cc12,CHEMBL24918
DEC_4306,decoy,c1ccc(-c2ccccc2-c2nnc(C3=NCCN3)s2)cc1,CHEMBL268707
DEC_3498,decoy,CCN(CC)C1CCC(Nc2nc(Nc3cccc(Br)c3)c3ccccc3n2)CC1,CHEMBL428526
DEC_3567,decoy,CCN(CC)C(=O)c1c2nc3c(C(=O)N(CC)CC)ccc(C)c3oc-2c(C)c(=O)c1N,CHEMBL281115
DEC_0027,decoy,CCc1nc2c(C)cc(C)nc2n1Cc1ccc(-c2ccccc2-c2nn[nH]n2)cc1,CHEMBL7550
DEC_3918,decoy,Ic1ccc2c(c1)CNCC2,CHEMBL26828
DEC_2211,decoy,N=C(N)c1ccc(N2CCCN(c3ccc(C(=N)N)cc3)CC2)cc1,CHEMBL269032
DEC_3283,decoy,CCCOc1ccc(S(=O)(=O)N2CCN(CP(=O)(OCC)OCC)CC2)cc1-c1nc(O)c2c(n1)c(CCC)nn2C,CHEMBL63686
DEC_1453,decoy,Cc1oc2c(C)cc3c(C)cc(=O)[nH]c3c2c1C,CHEMBL285693
DEC_0932,decoy,O=C(c1cc2ccccc2[nH]1)c1cc2cc(OC(=O)c3ccccc3Cl)ccc2[nH]1,CHEMBL7367
ACT_008,active,CN1C/C(=C\c2ccc(F)s2)C2=NN(c3ccccc3)C(c3ccc(F)s3)C2C1,CHEMBL5277168
DEC_0942,decoy,CCNC(=O)c1nc(-c2cc(Cl)cc(Cl)c2)c(-c2cc(Cl)cc(Cl)c2)[nH]1,CHEMBL7598
DEC_2522,decoy,O=C1Nc2ccc(Cl)cc2[C@@](/C=C/C2CC2)(C(F)(F)F)N1,CHEMBL29274
DEC_3516,decoy,Cn1cncc1C(N)(c1ccc(Cl)cc1)c1cc2c3c(c1)c(-c1cccc(Cl)c1)cc(=O)n3CCC2,CHEMBL290745
DEC_3487,decoy,CCCCS(=O)(=O)Nc1cccc(C(c2c(O)c3c(oc2=O)CCCCCC3)C2CC2)c1,CHEMBL16483
DEC_1179,decoy,Nc1nc(NC2CC2)c2ncn(/C=C3/C[C@@H]3CO)c2n1,CHEMBL289527
DEC_2156,decoy,Nc1nc(N)c2c(CNc3ccc(Oc4ccccc4)cc3)coc2n1,CHEMBL23297
DEC_3975,decoy,CCCCCCCCN1CCN(c2cccc3c2OCCO3)CC1,CHEMBL285158
DEC_1817,decoy,N#CC(c1ccccc1)C(N)Sc1ccccc1N,CHEMBL284774
DEC_1272,decoy,CCCn1c(=O)c2nc(/C=C/c3cc(F)cc(F)c3)[nH]c2n(CCC)c1=O,CHEMBL27261
DEC_1468,decoy,c1ccc2c(C3=NCCN3)c3ccccc3cc2c1,CHEMBL280022
DEC_0830,decoy,CCCN1C[C@H]2c3c(cccc3OC)CC[C@H]21,CHEMBL283956
DEC_1865,decoy,C=CCCOC1(C(F)(F)F)OC(=O)Nc2ccc(Cl)cc21,CHEMBL278961
DEC_0221,decoy,CC1COc2c(N3CCOC(CN)C3)c(F)cc3c(=O)c(C(=O)O)cn1c23,CHEMBL28809
DEC_1388,decoy,Cc1csc(-c2cn(C)c3c2C(=O)C(=N)C=C3O)n1,CHEMBL267993
DEC_1142,decoy,CCCCc1nn(-c2ccccc2C(F)(F)F)c(=O)n1Cc1ccc(-c2ccccc2-c2nn[nH]n2)cc1,CHEMBL19018
DEC_3238,decoy,O=C(c1ccc2[nH]ccc2c1)N1CCC(N2C(=O)OCc3ccccc32)CC1,CHEMBL31241
DEC_4044,decoy,CCN(CC)CCNc1ccc2ncn3c4c(OC)cccc4c(=O)c1c23,CHEMBL8238
DEC_3633,decoy,CCCc1cc2nc(O)nc-2c(O)n1Cc1ccc(-c2ccccc2-c2nn[nH]n2)cc1,CHEMBL27920
DEC_4043,decoy,CC[C@H](C)C(=O)O[C@H]1C[C@@H](C)C=C2C=C[C@H](C)[C@H](CC[C@@H]3C[C@@H](O)CC(=O)O3)[C@H]21,CHEMBL503
DEC_4295,decoy,C[C@@]12CCc3occc3C1CC[C@]13CC(O)C(CCC12)C3,CHEMBL284687
DEC_0238,decoy,CC1CN(c2nc3c(cc2F)c(=O)c(C(=O)O)cn3C(C)(C)C)CCN1,CHEMBL25807
DEC_4254,decoy,Cc1cc(C(=O)O)c(O)c(C(=O)/C=C/c2cccc(/C=C/c3ccc4ccccc4n3)c2)c1,CHEMBL11625
DEC_0755,decoy,CC(C)(CCn1cnc2c(O)nc(N)nc21)CCP(=O)(O)O,CHEMBL13448
DEC_3254,decoy,CN(c1ccccc1)N1C(=O)O[C@@](C)(c2ccc(Oc3ccccc3)cc2)C1=O,CHEMBL9778
DEC_3985,decoy,O=c1c(-c2ccccc2)cncn1C(CN1CCCC1)c1ccccc1,CHEMBL15027
ACT_066,active,CC/C(=C(\c1ccccc1)c1ccc(N=[N+]=[N-])cc1)c1ccccc1,CHEMBL2283148
DEC_2004,decoy,CC[C@@H]1Cc2cc3c(C(F)(F)F)cc(O)nc3cc2N[C@@H]1CC,CHEMBL7421
DEC_0444,decoy,NC(CCC(=O)NCCCC(=O)O)C(=O)O,CHEMBL269574
DEC_1191,decoy,COCCOC1(C2=NCCN2)COc2ccccc2O1,CHEMBL9812
DEC_4330,decoy,CCCN(CCC)C1Cc2cccc3c2N(C1)C(=O)CN3,CHEMBL268274
DEC_2044,decoy,Cc1c(CNc2cccc3c2CCCC3)cnc2nc(N)nc(N)c12,CHEMBL282948
DEC_3084,decoy,CCCC/C=C\c1cccc(OCc2ccc3ccccc3n2)c1,CHEMBL8479
DEC_3893,decoy,CCOC(=O)c1ccc(/C(F)=C(C)\C=C\C2=C(C)CCCC2(C)C)cc1,CHEMBL282771
DEC_3680,decoy,COc1ccc2c3c1OC1C(=O)[C@@H]4C[C@@H]4C4C(C2)N(C)CCC314,CHEMBL13727
DEC_4358,decoy,Cc1ccc2c3c1CCCN3CC(C1=NCCN1)O2,CHEMBL13793
DEC_1867,decoy,O=C(O)c1cn(C2CC2)c2cc(C3CCNCC3)c(F)cc2c1=O,CHEMBL275698
DEC_0601,decoy,Brc1cccc(Br)c1N(Cc1cccs1)C1=NCCN1,CHEMBL278118
DEC_1875,decoy,CC(C)(C)NCC(O)COc1ccc(Cl)cc1/C=C/CO,CHEMBL266614
DEC_1997,decoy,C(=C/c1ccccc1)\C=N\Cc1cccc2ccccc12,CHEMBL280415
DEC_0001,decoy,COc1cc(CC(C)NCCCN(C)C)c(OC)cc1I,CHEMBL11105
DEC_0184,decoy,CCC(C)(O)C#Cc1nc(Nc2ccccc2)c2ncn(C(C)C)c2n1,CHEMBL284899
DEC_0318,decoy,CC(C)c1cccc(C(C)C)c1NC(=O)NS(=O)(=O)N(c1ccccc1)c1ccccc1,CHEMBL21976
DEC_2664,decoy,C[C@H]1COc2c(N3CC(C)(N)C3)c(F)cc3c(=O)c(C(=O)O)cn1c23,CHEMBL19561
DEC_3846,decoy,N#C/C(=C(/N)Sc1ccccc1N)c1cccc(C(O)c2ccc3c(c2)OCCO3)c1,CHEMBL34072
DEC_4238,decoy,OC(CN(Cc1cccc(-c2ccco2)c1)c1cccc(Oc2ccccc2)c1)C(F)(F)F,CHEMBL288060
DEC_4557,decoy,C=C(C=O)[C@@H]1C[C@@]2(C)C(=CC1=O)[C@H](OC(=O)/C(C)=C/C(C)CCCC)CC[C@@H]2C(=O)ON[C@@H](C(=O)OC)c1ccccc1,CHEMBL80419
DEC_2199,decoy,CC(C)(C)OC(=O)NNC(=NCC(=O)O)NNC(=O)OC(C)(C)C,CHEMBL21632
DEC_1367,decoy,C1=C(C2(C3=NCCN3)COc3ccccc3O2)CCC1,CHEMBL430310
DEC_1951,decoy,C[Si](C)(C)OC(C#N)C12CC3CC(CC(C3)C1)C2,CHEMBL429382
DEC_4282,decoy,CC1(C)OC(S)=Nc2ccc(-c3ccc(C#N)s3)cc21,CHEMBL25469
DEC_1577,decoy,Nc1nc(N)c2c(CSc3ccc4ccccc4c3)c[nH]c2n1,CHEMBL275893
DEC_1348,decoy,C#C[C@@H](O)C12CCCC1C1CCC3=CC(=O)CC[C@@H]3C1CC2,CHEMBL14506
DEC_1392,decoy,N#Cc1ccccc1[C@@H]1CN2CCC[C@@H]2c2ccccc21,CHEMBL284992
DEC_0675,decoy,CN(C)CCOc1ccccc1/C=C(\C#N)c1noc2ccccc12,CHEMBL25271
DEC_0126,decoy,Brc1ccccc1-c1[nH]ccc2c3ccccc3nc1-2,CHEMBL417080
DEC_2849,decoy,CC(C)(S)CN1CCN(CC(C)(C)S)CC1,CHEMBL416253
DEC_3988,decoy,CN(C/C=C/CCc1ccccc1)Cc1cccc2ccccc12,CHEMBL22090
DEC_0494,decoy,CCCCC[C@@H]1/C=C\C2[C@H](O)C[C@H](O)[C@@H]2C/C=C\CCCC(=O)O1,CHEMBL274820
DEC_3069,decoy,CC1(C)CCC[C@@]2(C)[C@H](c3ccoc3)C(=O)[C@H]3O[C@@]312,CHEMBL36287
DEC_3733,decoy,CC(C)c1cccc(C(C)C)c1NC(=O)NCC(NCc1ccccc1C(F)(F)F)c1ccccc1,CHEMBL53989
DEC_4400,decoy,NC(=O)c1cc2c(Sc3ccc(Cl)c(Cl)c3)cncc2s1,CHEMBL6612
DEC_4477,decoy,CCOC(=O)c1cc2c3cc([N+](=O)[O-])c(Cl)cc3nc(O)n2n1,CHEMBL9159
DEC_3007,decoy,COC(=O)/C=C1\SC2C(NC(=O)Cc3cccs3)C(=O)N2C(C(=O)O)=C1C,CHEMBL280115
DEC_0174,decoy,CCN(CC)/C(S)=N\c1ccc(-c2nc(-c3ccco3)no2)c(Cl)c1,CHEMBL278316
DEC_1916,decoy,Cc1nc(N)ccc1CNC(=O)C1C=CCn2c(=O)n(C(CSc3ccc(C(C)(C)C)cc3)C(=O)O)c(=O)n21,CHEMBL285064
DEC_0980,decoy,CC(C)(C)OC(=O)NC(Cc1cc([N+](=O)[O-])cc([N+](=O)[O-])c1O)C(=O)O,CHEMBL8765
DEC_2895,decoy,O[C@@H]1CCC2CN3CCc4cc5c(cc4[C@H]3C[C@@H]2C1)OCO5,CHEMBL280650
DEC_0737,decoy,COP(=O)(NC(=O)c1ccc(Nc2c3ccccc3nc3ccccc23)cc1)OC,CHEMBL21882
DEC_3163,decoy,CC(C)(C)OC(=O)NCCCC(=O)NCCSCc1csc(C=C(N)N)n1,CHEMBL284374
DEC_0655,decoy,CC(C)Oc1ccccc1C/N=C(\S)c1ccc2cnccc2n1,CHEMBL9547
DEC_4418,decoy,NCCNCc1nn2c3cccc(O)c3c(=O)c3c(NCCN)ccc1c32,CHEMBL8445
DEC_1490,decoy,C=CCN1CCc2ccsc2C1c1ccccc1,CHEMBL283104
DEC_1353,decoy,CC1c2cc3c(C(F)(F)F)cc(O)nc3cc2NC[C@H]1C,CHEMBL282204
DEC_2016,decoy,CCCCOC1(C(F)(F)F)OC(=O)Nc2ccc(Cl)cc21,CHEMBL17713
DEC_3605,decoy,CCN1C(=O)c2c(nc(OC)n2Cc2ccc(OC)c(Br)c2)N2C1=N[C@@H]1CCC[C@@H]12,CHEMBL26775
DEC_0856,decoy,Cc1ccc(SCc2cnc3nc(N)nc(N)c3c2C)cc1,CHEMBL24344
DEC_1099,decoy,CCN(C/C=C/C#CC(C)(C)C)Cc1cccc(OCCN(C)S(=O)(=O)c2ccc(Br)s2)c1,CHEMBL26592
DEC_0643,decoy,C#CCN1CCN(C2=Nc3ccc(Br)cc3CC=C2c2ccccc2)CC1,CHEMBL273794
DEC_3632,decoy,CC#CCOc1ccc(S(=O)(=O)N(C)c2c(C(=O)NO)cnc3snc(C)c23)cc1,CHEMBL417144
DEC_3207,decoy,CC(C)CCN(C=O)[C@H]1CCC2C3CC[C@H]4N(C)C(=O)CC[C@]4(C)C3CC[C@@]21C,CHEMBL17222
DEC_1063,decoy,CCC1Nc2cc3oc(=O)cc(C(F)(F)F)c3cc2CC1C,CHEMBL6654
DEC_4451,decoy,CCN1CCN(c2cc3c(cc2F)c(=O)c(C(=O)O)cn3C2CCC2)CC1,CHEMBL15148
DEC_1285,decoy,O=C(O)c1cn(-c2ccc(F)cc2F)c2cc(N3CC/C(=N/O)C3)c(F)cc2c1=O,CHEMBL31833
DEC_3181,decoy,O=C1c2ccccc2-c2nn(CCNCO)c3ccc(NCCNCCO)c1c23,CHEMBL24454
DEC_2442,decoy,CCN(CC)C(=S)SC(C(=O)c1ccc(C)cc1)=C1SCCS1,CHEMBL35608
DEC_4176,decoy,CCCCN1CCC[C@@H]1CNC(=O)c1cc(Cl)cc2c1OCC(=O)N2C,CHEMBL282935
DEC_1362,decoy,CC[C@]1(c2ccsc2)OC[C@H]([C@@H]2CCCCN2)O1,CHEMBL282809
DEC_1107,decoy,C=C(Cl)CN1C[C@H](OCC23C[C@@H]4[C@H](C)CC[C@H]4C4(C=O)CC2C=C(C(C)C)[C@@]34C(=O)O)O[C@@H]2CCC[C@H]21,CHEMBL287194
DEC_2288,decoy,C[C@H](Cn1cnc2c(N)ncnc21)OCP(=O)(Oc1ccccc1)Oc1ccccc1,CHEMBL9954
DEC_0708,decoy,Cc1cc(OCc2ccc(-c3ccccc3-c3nn[nH]n3)cc2)c(-c2ccncc2)c(C)n1,CHEMBL22945
DEC_2483,decoy,C=CC1CC2(C)C(CC[C@]2(C)C(C)=O)C2CCC3=CC(=O)CCC3=C12,CHEMBL275184
DEC_3382,decoy,CC(CC(=O)O)N1CCC(C(=O)N2CCC3(CC2)CCN(c2ccncc2)C3)CC1,CHEMBL276482
DEC_3284,decoy,CCOC(=O)CCCCO/N=C(\c1cccnc1)c1cccc(CN2CCN(C(=O)C3CSC(c4cccnc4)N3)CC2)c1,CHEMBL114843
DEC_0831,decoy,CC(C)NCC(O)c1ccc2ccccc2c1,CHEMBL16476
DEC_4120,decoy,CCN(CC1CC1)c1nc(C)nc(Nc2c(Cl)cc(Cl)cc2Cl)c1C,CHEMBL10154
DEC_1504,decoy,C=C(C)[C@H]1Cc2c(ccc3c2OC2COc4cc(OC)c(OC)cc4C2/C3=N/O)O1,CHEMBL266067
DEC_4399,decoy,CC(C)c1ccccc1Sc1c(O)cc(-c2ccc(O)cc2)oc1=O,CHEMBL12950
DEC_0530,decoy,Cc1cc(-n2ncc(=O)[nH]c2=O)cc(C)c1S(=O)(=O)Cl,CHEMBL11560
DEC_4304,decoy,COc1cc2c(cc1OC)C(C)=[N+]([O-])C(c1ccc(C)cc1)N2,CHEMBL281984
ACT_043,active,Fc1ccc2c(C3CCN(CC4=NO[C@@H]5CCCC[C@@H]5[C@H]4c4ccccc4)CC3)noc2c1,CHEMBL3596284
DEC_4545,decoy,CNC(=O)c1ccc(/C=C/C(=O)NCC(=O)N(C)c2ccc(Cl)c(COc3cccc4cnc(C)nc34)c2Cl)cc1,CHEMBL298463
DEC_2543,decoy,CCC[C@H](N)[C@H]1COC(c2ccccc2)(c2ccccc2)O1,CHEMBL424408
DEC_0316,decoy,Oc1cc(N[C@@H]2CCC[C@H](NCc3ccc(Cl)c(Cl)c3)C2)nc2ccccc12,CHEMBL282878
DEC_0937,decoy,CCOC(=O)c1ccc(NC(=O)Nc2cc3c(cc2C)SC(C)(C)CC3(C)C)cc1,CHEMBL6500
DEC_0627,decoy,CN1C[C@H](C(=O)Nc2ccc(Cl)nn2)C[C@@H]2c3cc(C(C)(C)C)cc4[nH]cc(c34)C[C@H]21,CHEMBL13770
DEC_3714,decoy,CC(C)CCC[C@@H](C)[C@H]1CC[C@H]2[C@@H]3CC=C4C[C@@](O)(C(=O)NCCN(C)C)CC[C@]4(C)[C@H]3CC[C@]12C,CHEMBL279189
DEC_1624,decoy,CC(C)C1CC/C(=C\Br)OC1=O,CHEMBL284750
DEC_4033,decoy,CCCCN1CCC[C@@H]1CNC(=O)c1cc(SC)cc2c1OCCN2C,CHEMBL21318
DEC_0714,decoy,CSc1sc(C(=N)N)cc1-c1nc(-c2ccc(Cl)c([N+](=O)[O-])c2)cs1,CHEMBL413764
DEC_2525,decoy,C[C@@]12CCc3occc3C1CC[C@@]13CC(CCC12)C(O)(CO)C3,CHEMBL31819
DEC_4172,decoy,COc1cc(C23OCC24C2COC(c5cc6c(cc53)OCO6)C24)cc(OC)c1OC,CHEMBL18717
DEC_4443,decoy,CCCn1c(=O)c2c(nc(/C=C/c3cccc(N)c3)n2C)n(CCC)c1=O,CHEMBL25906
DEC_1245,decoy,O=NN(CCCl)C(=O)NC1C(F)(F)C(F)(F)C(F)(F)C(F)(F)C1(F)F,CHEMBL20533
ACT_083,active,FC(F)(F)c1ccc(/N=C/c2cn(Cc3ccccc3)c3ccccc23)cc1,CHEMBL1957882
DEC_0198,decoy,CC(C)(C)c1cc(/C=C/c2nnc(S)o2)cc(C(C)(C)C)c1O,CHEMBL273941
DEC_3295,decoy,C[C@H](Cc1ccc2c(c1)OC(C(=O)OCC1CCCCO1)(C(=O)OCC1CCCCO1)O2)NC[C@H](O)c1cccc(Cl)c1,CHEMBL57449
DEC_1726,decoy,Cc1cc(F)ccc1-c1nc(N(C(N)=O)c2ccccc2Cl)c2ncn(C)c2n1,CHEMBL18573
DEC_2300,decoy,CCCC(=O)OCC(=O)[C@@]1(OC(=O)c2ccco2)C(C)CC2C3CCC4=CC(=O)C=CC4(C)[C@@]3(Cl)C(Cl)CC21C,CHEMBL274880
DEC_0861,decoy,CCC(CC)c1nc2c([nH]1)N1C(=N[C@@H]3CCC[C@@H]31)N(C)C2=O,CHEMBL18964
DEC_2374,decoy,Cc1cccc2c1CCCC2N1CCC2(CC1)C(=O)NCN2c1ccccc1,CHEMBL280827
DEC_1143,decoy,CCOC(=O)[C@@H]1/C(=C/C(=O)c2ccc(C)cc2)N=C(C)/C(=C(/O)OCC)[C@H]1c1ccccc1C(F)(F)F,CHEMBL42133
DEC_0775,decoy,O=C(O)[C@@H]1C[C@H]2C[C@@H](Cc3ccc(-c4nn[nH]n4)cc3)CC[C@H]2CN1,CHEMBL417625
DEC_2039,decoy,CCCc1ccc2c(n1)CN[C@@H]1CCc3cc(O)c(O)cc3[C@@H]21,CHEMBL26965
DEC_2720,decoy,Nc1nc(N[C@H]2CCCC[C@H]2NS(=O)(=O)c2cccc3ccccc23)nc2ccccc12,CHEMBL277551
DEC_1893,decoy,COc1ccc(Nc2c(NC(C)C(C)(C)C)c(=O)c2=O)cc1,CHEMBL18934
DEC_3380,decoy,O=c1cnn(-c2ccc(Sc3ccc4ccccc4c3)c(Cl)c2)c(=O)[nH]1,CHEMBL441028
DEC_2437,decoy,CCCN(CCC)C1CCc2cccc(OS(=O)(=O)C(F)(F)F)c2C1,CHEMBL28437
DEC_4034,decoy,Cc1cnsc1C(c1ccc(C(C)C)cc1)N1CCN(CC(C)O)CC1,CHEMBL416558
DEC_2706,decoy,Cc1ccc2c(c1)CC=C(c1ccccc1)C(N1CCN(CCO)CC1)=N2.O=C(O)/C=C/C(=O)O,CHEMBL16953
DEC_3298,decoy,C=CCNC(=O)OC1(c2ccc(OC)cc2)OC(=O)C(c2ccc3c(c2)OCO3)=C1Cc1cc(OC)c(OC)c(OC)c1,CHEMBL320839
DEC_0710,decoy,O=c1cc(-c2cccc(/C=C/c3ccc4ccccc4n3)c2)oc2ccc(-c3nn[nH]n3)cc12,CHEMBL33607
DEC_1518,decoy,COc1cc2c(cc1OC)C1(c3cc(OC)c(OC)c(OC)c3)OCC13C1COC2C13,CHEMBL18472
DEC_3525,decoy,COc1ccc(N(C(=O)c2ccccc2)[C@H]2CCC3C4CC[C@H]5N(C)C(=O)CC[C@]5(C)C4CC[C@@]32C)cc1,CHEMBL17245
DEC_2915,decoy,COc1cccc2c1C(=O)c1c(O)c3c(c(O)c1C2=O)C=C(C(C)=O)C[C@@H]3OC1CC(NC(=O)C(F)(F)F)C(O)C(C)O1,CHEMBL55255
DEC_2788,decoy,CCOC(=O)C1CCC(NCC(=O)NCC[C@H](C(=O)NO)N(Cc2ccc3c(c2)OCO3)S(=O)(=O)c2ccc(OC)cc2)CC1,CHEMBL67340
DEC_3060,decoy,Cc1ccc2c(c1)OC1(C)CC(=O)C(N)=CC1=N2,CHEMBL9713
DEC_0252,decoy,CCCN(C=O)[C@H]1CCC2C3CC[C@H]4N(C)C(=O)CC[C@]4(C)C3CC[C@@]21C,CHEMBL274276
DEC_4102,decoy,O=[N+]([O-])c1ccc(S(=O)(=O)Nc2ccc(Cl)c3cc[nH]c23)cc1,CHEMBL280402
DEC_3134,decoy,COc1cc(OC)c(CC(C)N)cc1Br,CHEMBL33867
DEC_2524,decoy,c1ccc(CNc2nc(CC3CCCC3)nc3ccsc23)cc1,CHEMBL30966
DEC_4056,decoy,CCN1C(=O)c2c(nc(N=[N+]=[N-])n2Cc2ccc(O)cc2)N2C1=N[C@@H]1CCC[C@@H]12,CHEMBL282709
DEC_1675,decoy,Cc1nc2ccccc2c(-c2ccccc2)c1C(=O)N(C)Cc1cc(C(F)(F)F)cc(C(F)(F)F)c1,CHEMBL281491
DEC_3852,decoy,O=C(O)c1cn(-c2ccc(F)cc2F)c2nc(N3CCC(=NO)CC3)c(F)cc2c1=O,CHEMBL285493
DEC_2375,decoy,CC1OC(/C=C/C2CC2)(C(F)(F)F)c2cc(Cl)ccc2NC1=O,CHEMBL31977
DEC_4311,decoy,COc1nc(C(Cl)(Cl)Cl)c(Cl)c(O)c1Cl,CHEMBL11122
DEC_1919,decoy,CC(C)(C)NC(=O)[C@@H]1C[C@@H]2CCCC[C@@H]2CN1C[C@@H](O)[C@H](Cc1ccccc1)NC(=O)OC1CS(=O)(=O)C1,CHEMBL17571
DEC_1115,decoy,Cc1ccc(CC(CNC(=S)OCc2ccc(NS(C)(=O)=O)c(F)c2)COC(=O)C(C)(C)C)cc1C,CHEMBL305954
DEC_0446,decoy,CC(=O)N[C@@H](Cc1ccccc1)C(=O)NNC(N)=O,CHEMBL26595
DEC_3562,decoy,Cn1cncc1C(O)(C#Cc1ccc(C#N)cc1)c1ccc(C#N)c(-c2cccc3cccnc23)c1,CHEMBL24159
ACT_037,active,N=c1c2c(Nc3n[nH]c(=S)s3)csc2[nH]c(=S)n1-c1ccc(S(=O)(=O)Nc2cnc3ccccc3n2)cc1,CHEMBL5400914
DEC_0018,decoy,O=C1CC2(CCCC2)CC(=O)N1CCCCNCC1COc2ccccc2O1,CHEMBL12152
DEC_2812,decoy,O=C1Nc2ccc(Cl)cc2C(OCC=C(Cl)Cl)(C(F)(F)F)O1,CHEMBL280231
DEC_0739,decoy,O=C(Nc1cc(-c2nc(-c3ccco3)no2)ccc1Cl)OCC(Cl)(Cl)Cl,CHEMBL280406
DEC_0197,decoy,CC1(C)N=C(N)N=C(N)N1c1cccc(SCc2ccc(Cl)cc2)c1,CHEMBL21077
DEC_2314,decoy,CCCCc1nc2ccc([C@@]3(C)C[C@H]4CCC(C)(C)N4O3)cc2c(=O)n1Cc1ccc(-c2ccccc2-c2nn[nH]n2)cc1,CHEMBL263471
DEC_1521,decoy,CC(C)Cc1ccc(CCn2ncc3c2nc(N)n2nc(-c4ccco4)nc32)cc1,CHEMBL17013
DEC_0606,decoy,Cn1cc(C(=O)O)c(=O)c2c3cc(N4C[C@@]5(C)C[C@@H]4CC(C)(C)C5)c(F)cc3ncc21,CHEMBL28286
DEC_0122,decoy,c1ccc2sc(C3(N4CCCCCC4)CCCCCC3)cc2c1,CHEMBL18190
DEC_2118,decoy,CCO[C@]1(CC)c2cccc3c2-c2c1ccc1c2[C@@H](C3)N(C)CC1,CHEMBL281554
DEC_2176,decoy,COc1ccc(NS(=O)(=O)c2ccc(N)cc2)c2[nH]cc(Cl)c12,CHEMBL20047
DEC_4347,decoy,C/C=C(\NC(=O)C1C(C=C(C)C)C1(C)C)C(=O)O,CHEMBL12166
DEC_1831,decoy,Fc1ccccc1-c1[nH]ccc2c3ccccc3nc1-2,CHEMBL14383
DEC_0977,decoy,CC(=O)OC(c1cc([N+](=O)[O-])cc2nc(O)c(O)nc12)P(=O)(O)O,CHEMBL275906
DEC_0206,decoy,Nc1nc(I)c2ncn(C3CCC(CO)O3)c2n1,CHEMBL418174
DEC_4114,decoy,C/C(=N\OCCF)c1ccc(Sc2cc(F)cc(C3CCOCC3)c2)cc1,CHEMBL25097
DEC_0157,decoy,CCCc1cc(=O)oc2c1c1c(c3oc(C)c(C)c(=O)c32)C=CC(C)(C)O1,CHEMBL267951
DEC_1449,decoy,C(#CCCC1CCCCC1)CCc1c[nH]cn1,CHEMBL15000
DEC_2667,decoy,COCC(=O)N1N=C(c2ccc(N)cc2)c2cc3c(cc2CC1C)OCO3,CHEMBL8699
DEC_4072,decoy,CC(C)Oc1c(C(=O)Nc2nn[nH]n2)n(-c2ccccc2)c2ccccc12,CHEMBL28466
DEC_2140,decoy,CCC(=O)N(c1ccc(Cl)c(C)c1)C1CCCC1N(C)C,CHEMBL22177
DEC_4606,decoy,CCn1cc(C(=O)O)c(=O)c2cc(F)c(N3C[C@H](N)[C@H]3C)c(F)c21,CHEMBL19751
DEC_0063,decoy,CCN(CC)CCC(=O)Nc1c(C)cccc1C,CHEMBL10321
DEC_2610,decoy,CC1(C)O[C@@H]2[C@@H](CO[C@@]3(COS(=O)(=O)NCc4ccccc4)OC(C)(C)O[C@@H]23)O1,CHEMBL283845
DEC_2966,decoy,COc1cccc(CN2C[C@H](OCC34C[C@@H]5[C@H](C)CC[C@H]5C5(C=O)CC3C=C(C(C)C)C45C(=O)O)O[C@H](C)[C@@H](OC)C2)c1,CHEMBL431537
DEC_2598,decoy,O=C1N(Cc2cccc(Cn3cncn3)c2)[C@H](Cc2ccccc2)[C@H](O)[C@@H](O)[C@@H](Cc2ccccc2)N1Cc1ccc2[nH]ncc2c1,CHEMBL312382
DEC_4617,decoy,CC(/N=c1\c(O)c(O)\c1=N/CCc1ccc(C#N)cc1)C(C)(C)C,CHEMBL19922
DEC_2673,decoy,CN(C)C1CCN(c2nc3c(cc2F)c(=O)c(C(=O)O)cn3C(C)(C)C)C1,CHEMBL283385
DEC_0350,decoy,CC(NC(=O)Cc1ccccc1)C1CCC2C3CC=C4CC(O)CCC4(C)C3CCC12C,CHEMBL273769
DEC_3375,decoy,N#Cc1ccccc1N1CCN(CCCCC23CCCc4cccc(c42)NC3=O)CC1,CHEMBL273246
DEC_1056,decoy,CCC1CCN(C)c2cc3c(cc21)c(C(F)(F)F)cc(=O)n3C,CHEMBL27413
DEC_0630,decoy,CCC(=O)C1C(c2ccc3ccc(I)cc3c2)CC2CCC1N2C,CHEMBL435371
DEC_3751,decoy,Cc1cc(C(C)(C)C)c(OC(=O)NS(=O)(=O)Nc2c(C(C)C)cccc2C(C)C)c(C(C)(C)C)c1,CHEMBL21751
DEC_3781,decoy,CN(C)[C@@H]1CCCC[C@H]1N(C)C(=O)c1ccc(Cl)c(Cl)c1,CHEMBL277572
DEC_2297,decoy,COCCN(CCOC)c1nn2c(-c3ccc(OC(C)C)cc3)nnc2c2ccccc12,CHEMBL430276
DEC_1897,decoy,CCC[C@H](NC)[C@H]1COC(c2ccccc2)(c2ccccc2)O1,CHEMBL27946
ACT_079,active,Cc1c(NC(=O)C(c2ccc(-c3cncc(C(F)(F)F)c3)cc2)C2CCCC2)cccc1C1CC1C(=O)O,CHEMBL5904412
DEC_3851,decoy,CO[C@]12C=CC3(CC14CCC(C)(C)[C@H]4O)C1Cc4ccc(O)c5c4C3(CCN1C)[C@@H]2O5,CHEMBL31605
DEC_2577,decoy,CCNc1cccnc1N1CCN(CC(=O)[C@H]2[C@H](C)CC3C4CCC5=CC(=O)C=C[C@]5(C)C4=CC[C@@]32C)CC1.O=C(O)/C=C/C(=O)O,CHEMBL275878
DEC_1397,decoy,CC(=O)c1cc2c(s1)[C@@H](NC(=O)c1ccco1)[C@H](O)C(C)(C)O2,CHEMBL28020
DEC_1243,decoy,CO/C(O)=C1\C(C)=NC(C)=C(C(=O)OCCN(C)CC2COc3ccccc3O2)C1c1ccccc1[N+](=O)[O-],CHEMBL30911
DEC_3661,decoy,CC(C)(CCC#N)CCn1cnc2c(O)nc(N)nc21,CHEMBL13115
DEC_4091,decoy,CC(C)N1C(=O)NC(c2ccc(C(=O)O)cc2)c2cc3c(cc21)OCO3,CHEMBL13388
DEC_0068,decoy,CCCN(CCC)[C@@H]1C[C@H]1c1ccccc1O,CHEMBL36168
DEC_4442,decoy,CCCN1c2ccccc2N(C(=O)CN(C)C)c2ccccc2S1(=O)=O,CHEMBL281552
DEC_0624,decoy,CCN1C(=O)c2c(nc(C#Cc3ccccc3)n2Cc2ccccc2)N2C1=N[C@@H]1CCC[C@@H]12,CHEMBL281087
DEC_1571,decoy,COC(=O)c1sc(C(C)(C)C)cc1NC(=O)Nc1ccc(F)cc1,CHEMBL18541
DEC_2052,decoy,CCN(CC#CCCC1(C2(O)c3ccccc3Oc3ccccc32)SCCCS1)C(C)C,CHEMBL39787
DEC_1121,decoy,CC1(C)CNc2c(cccc2S(=O)(=O)NC(Cc2nc3ccccc3s2)C(=O)N2CCC(CCF)CC2)C1,CHEMBL39086
DEC_0617,decoy,Cn1cncc1C(O)(C#Cc1cccc(N)c1)c1ccc(C#N)c(-c2cccc3ccccc23)c1,CHEMBL418018
DEC_1178,decoy,C#CCNc1nc(N)nc2c1ncn2/C=C1/C[C@@H]1CO,CHEMBL39816
DEC_2475,decoy,CC1=C(/C=C/C(C)=C/c2ccc(C(=O)O)s2)C(C)(C)CCC1,CHEMBL442267
DEC_4128,decoy,Br.CCN(CC)CCCOc1c2occc2cc2ccc(=O)oc12,CHEMBL6774
DEC_2273,decoy,Cc1nn(C)c(N(C)C(=O)CNCCCN2CCCCC2C)c1C(=O)c1ccccc1F,CHEMBL42206
DEC_2152,decoy,CCCCc1ccc2c(c1)-c1oc(C(=O)O)cc(=O)c1CS2.NCCO,CHEMBL29395
DEC_4021,decoy,Nc1nc(N)c2c(Cl)c(NC(=O)Cc3cccc(Br)c3)ccc2n1,CHEMBL7481
DEC_3157,decoy,N=C(N)Nc1nc(CSCC/N=C(\N)NCCCc2c[nH]cn2)cs1,CHEMBL13073
DEC_2477,decoy,SC1=Nc2ccc(-c3cccc(Cl)c3)cc2C12CCCC2,CHEMBL283759
DEC_1450,decoy,Cc1sc(C)c2c1CCC=C2c1c[nH]cn1,CHEMBL284795
DEC_1591,decoy,Cc1noc(NS(=O)(=O)c2ccc3c(N)cccc3c2)c1C,CHEMBL25756
DEC_0605,decoy,Brc1cccc(Br)c1N(CC1CCCCC1)C1=NCCN1,CHEMBL282933
DEC_4457,decoy,CC(C)NS(=O)(=O)c1ccc2c(c1)C(n1ccccc1=O)=CC(C)(C)O2,CHEMBL12778
DEC_4098,decoy,CC(C)n1c(=O)nc(-c2ccc(C(=O)O)cc2)c2cc3c(cc21)OCO3,CHEMBL13483
DEC_3645,decoy,CC#CCOc1ccc(S(=O)(=O)N(C)c2c(C)cc(Br)cc2C(=O)NO)cc1,CHEMBL19005
DEC_3477,decoy,Cc1cc(-c2c(O)nc3cc(Cl)c([N+](=O)[O-])cc3c2OCCC2CCCCN2)cc(C(C)O)c1,CHEMBL49276
DEC_4605,decoy,NC1CCN(c2cc3c(cc2F)c(=O)c(C(=O)O)cn3C2CC2)C1,CHEMBL15087
DEC_4496,decoy,c1ccc(-c2cc3nc(N4CCOCC4)c4ccccc4c3nn2)cc1,CHEMBL283784
DEC_2466,decoy,SC1=Nc2ccc(-c3cccc(Cl)c3)cc2C12CCCCC2,CHEMBL24089
DEC_1366,decoy,CC[C@]1(c2cccc(Cl)c2)OC[C@H]([C@@H]2CCCCN2)O1,CHEMBL280739
DEC_4256,decoy,NC(=O)C[C@H]1CCC[C@H](OCc2cc(C(F)(F)F)cc(C(F)(F)F)c2)[C@@H]1c1ccccc1,CHEMBL283872
DEC_1677,decoy,CN(Cc1cc(C(F)(F)F)cc(C(F)(F)F)c1)C(=O)c1cnc2ccccc2c1-c1ccccc1,CHEMBL413027
DEC_4440,decoy,O=S(=O)(CS(=O)(=O)C(F)(F)F)c1ccc(OC(F)(F)F)cc1,CHEMBL12517
DEC_2226,decoy,CCOC(=O)c1cn2c3c(nc(O)c2n1)-c1ccc(NC(=O)NC)cc1C3,CHEMBL277059
DEC_1676,decoy,Cc1nc(O)c2c(cc(-c3ccc(F)nc3F)c3nc(Nc4c(Cl)cccc4Cl)n(C)c32)c1C,CHEMBL26625
DEC_0962,decoy,C=CC(=O)N[C@@H]1CCC2(O)C3Cc4ccc(O)c5c4C2(CCN3CC2CC2)[C@H]1O5,CHEMBL21879
DEC_0758,decoy,Nc1nc(O)c2c(n1)NCC(CCNC1CCC(C(=O)O)CC1)=N2,CHEMBL286342
DEC_1585,decoy,COC(=O)c1sc(C(C)(C)C)cc1NC(=O)Nc1ccc(O)cc1,CHEMBL279560
ACT_072,active,Cc1nc(-c2nc(C(F)(F)F)cn2-c2ccc(S(=O)(=O)N(C)C)cc2)co1,CHEMBL326024
DEC_0788,decoy,O=C(O)c1cn(C2CC2)c2c(F)c(N3CCNCC3)c(F)c(O)c2c1=O,CHEMBL15803
DEC_0272,decoy,CC(C)(C)c1ccc(Sc2ccc(-n3ncc(=O)[nH]c3=O)cc2Cl)cc1,CHEMBL418755
DEC_4219,decoy,c1ccc(OCCOCc2ccc([C@H]3CCNC[C@@H]3OCc3ccc4ccccc4c3)cc2)cc1,CHEMBL418031
DEC_1961,decoy,C[C@@]12C=Cc3occc3C1CC[C@]13CCC(CCC12)C3,CHEMBL281901
DEC_0520,decoy,O=C1CN2Cc3cc(N4CCOCC4)c(Cl)cc3N=C2N1,CHEMBL31722
DEC_4349,decoy,COCCc1nc(-c2ccc(N=C=S)cc2)no1,CHEMBL21021
DEC_1039,decoy,Cc1cc(C(c2ccc(C3CCCCC3)cc2)N2CCN(C)CC2)sn1,CHEMBL22438
DEC_3100,decoy,c1ccc(-c2cc(-c3ccccc3)nc(-c3ccccc3)c2)cc1,CHEMBL27882
DEC_0593,decoy,O=C(NO)[C@H]1CC[C@@H](O)CN1S(=O)(=O)c1ccc(OCc2ccc(C(F)(F)F)cc2)cc1,CHEMBL282584
DEC_0195,decoy,CCCc1cc(=O)oc2c3c(c4c(c12)OC(C)(C)C=C4)OC(C)(C)CC3O,CHEMBL7453
DEC_4563,decoy,CN(C)c1nc(NCC2CCC(CN(C)S(=O)(=O)c3ccc(Br)cc3OC(F)(F)F)CC2)nc2ccccc12,CHEMBL181727
DEC_0326,decoy,CCC(c1ccc(O)cc1Br)C(CC)c1ccc(O)cc1Br,CHEMBL14834
DEC_3155,decoy,C#C[C@@H]1CC2C3CCC(=O)C3(C)CCC2C2(C)CCC(=O)C=C12,CHEMBL25700
DEC_1660,decoy,CC(C)(C)c1cc(NC(=O)[C@H]2CCC3C4CNC5=CC(=O)CC[C@]5(C)C4CC[C@@]32C)cc(C(C)(C)C)c1,CHEMBL25516
DEC_3924,decoy,Nc1ncnc2c1ncn2Cc1ccccc1F,CHEMBL6773
DEC_3271,decoy,CCC(=O)Oc1cc(C[C@@H](C)[C@@H](C)Cc2cc(OC(=O)CC)c(OC(=O)CC)cc2[N+](=O)[O-])c([N+](=O)[O-])cc1OC(=O)CC,CHEMBL327172
DEC_2254,decoy,CCCCc1nc(CCCC)n(Cc2ccc(-n3cccc3-c3nn[nH]n3)cc2)n1,CHEMBL12810
DEC_0540,decoy,Cn1c(=O)c2c(nc(/C=C/c3cc(F)cc(F)c3)n2C)n(C)c1=O,CHEMBL281468
DEC_1754,decoy,CC(C)(C)n1cc(C(=O)O)c(=O)c2cc(F)c(N3CCNCC3)cc21,CHEMBL14971
DEC_3343,decoy,O=C1OCC2=C1C(c1ccc(F)c(F)c1)N(C(=O)NCCCN1CCN(c3ccccc3[N+](=O)[O-])CC1)C(=O)N2,CHEMBL51871
DEC_2223,decoy,NC1CCN(c2cc3c(c(O)c2F)c(=O)c(C(=O)O)cn3C2CC2)C1,CHEMBL15787
DEC_1331,decoy,C=C(c1ccccc1OCC(O)CNC(C)C)n1c(C)cnc1CC,CHEMBL276101
ACT_053,active,CC1=CCCC2C1(C)CCC(C)C2(C)CCC1=CC(=O)OC1O,CHEMBL5284118
DEC_2794,decoy,[N-]=[N+]=N[C@H]1C[C@H](n2ccc(=O)[nH]c2=O)O[C@@H]1COP(=O)(OC[C@H]1O[C@@H](n2ccc(=O)[nH]c2=O)C[C@@H]1N=[N+]=[N-])Oc1ccccc1,CHEMBL334828
DEC_3570,decoy,O=C1C2C3C=CC(C4CC34)C2C(=O)N1CCCCN1CCN(c2ccc(C(F)(F)F)cn2)CC1,CHEMBL29123
DEC_4125,decoy,COC(=O)c1sc(C(C)(C)C)cc1NC(=O)Nc1ccc(Cl)cc1,CHEMBL278737
DEC_2979,decoy,CCOCCN(C(=O)c1ccccc1)c1ccc2ncn(Cc3ccc(-c4ccccc4-c4nnnn4C)cc3)c(=O)c2c1,CHEMBL280908
DEC_2030,decoy,Nc1nc(N)c2c(/C=C\c3ccc4ccccc4c3)cccc2n1,CHEMBL267928
DEC_1321,decoy,CC1(C)CC1C(=O)N/C(=C\CCCSc1ncccc1O)C(=O)O,CHEMBL11602
DEC_1654,decoy,CC(C)(C)OC(=O)N1CC[C@H]2[C@@H](c3c[nH]c4ccc(Br)cc34)Nc3ccc(Cl)cc3[C@H]21,CHEMBL24292
DEC_0567,decoy,CC[C@@]1(O)C(=O)OCc2c1cc1n(c2=O)Cc2cc3c(CNCCN(C)C)c(O)ccc3nc2-1,CHEMBL263974
DEC_3834,decoy,O=C1[C@@H](NS(=O)(=O)c2cc3c(Cl)nccc3s2)CCN1Cc1cc2[nH]cccc-2n1,CHEMBL7947
DEC_2149,decoy,COc1cc(NCc2cnc3nc(N)nc(N)c3c2C)cc(C(F)(F)F)c1,CHEMBL23963
DEC_3451,decoy,Oc1nc(S)nc2ccc(Sc3ccc4ccccc4c3)cc12,CHEMBL6759
DEC_2684,decoy,O=C(O)c1cn(C2CC2)c2c(F)c(N3CC/C(=N\O)C3)c(F)cc2c1=O,CHEMBL28844
DEC_3058,decoy,Oc1ccc(-c2ccc(-n3ccnc3)cc2)nn1,CHEMBL287398
DEC_3874,decoy,C=CCC1Oc2c(C)ccc(OC)c2-c2ccc3c(c21)C(C)=CC(C)(C)N3,CHEMBL7655
DEC_2842,decoy,CC1(C)C2=CCC3C(CC[C@@]4(C)C3CC[C@@H]4OC3CC3)[C@@]2(C)CC[C@@H]1O,CHEMBL6245
DEC_3649,decoy,CN(C)C/C=C/C(=O)Nc1cc2c(Nc3cccc(Br)c3)c(C#N)cnc2cn1,CHEMBL31276
DEC_3705,decoy,CCC(=O)c1ccc2c(c1)sc(=O)n2CCN(C)C,CHEMBL14695
DEC_1038,decoy,Cn1cnc2c(N(C(N)=O)c3c(F)cccc3F)nc(-c3ccccc3F)nc21,CHEMBL279311
DEC_4558,decoy,CCCc1nc(SC)c(C(=O)O)n1Cc1ccc(-c2ccccc2S(=O)(=O)NC(=O)NCc2cccs2)cc1,CHEMBL86337
DEC_1562,decoy,CCC(C)(C)/N=c1\c(O)c(O)\c1=N/Cc1c(C)cc(C)cc1C,CHEMBL283581
DEC_3697,decoy,O=C1NC(=O)C(Sc2ccc3cc(O)ccc3c2)S1,CHEMBL30948
DEC_0633,decoy,CN1CCc2cc(Cl)c(O)cc2C(c2ccc(I)cc2)C1,CHEMBL34170
DEC_1734,decoy,Cc1cc(-c2c(F)cc3c(=O)c(Cc4ccccn4)cn(C4CC4)c3c2F)cc(C)n1,CHEMBL7794
DEC_1479,decoy,C=CCN(C)C1(c2ccccc2)CCCCC1,CHEMBL23436
DEC_0674,decoy,Cc1nsc(-c2ccc(N3CCN(c4cccc(F)c4)CC3)nn2)n1,CHEMBL14713
DEC_2963,decoy,CCO/C(O)=C1\C(COCc2cc(=O)n(Cc3ccccn3)c(N)n2)=NC(C)=C(C(=O)OC)C1c1cccc(Cl)c1Cl,CHEMBL76146
DEC_2691,decoy,Cc1nsc(-c2ccc(N3CCN(c4cccc(N)c4)CC3)nn2)n1,CHEMBL276532
DEC_0584,decoy,O=C(O)Cn1c(=O)c(=O)[nH]c2cc([N+](=O)[O-])c(-n3ccc(CNC(=O)Nc4ccccc4)c3)cc21,CHEMBL12761
DEC_1259,decoy,CC1(C)Oc2ccc(C#N)cc2[C@@H](N(Cc2ncc[nH]2)c2ccc(Cl)cc2)[C@@H]1O,CHEMBL11859
DEC_0331,decoy,Cc1cc(C(=O)Nc2ccc(C(=N)N(C)C)s2)n(-c2cc3ccccc3cc2F)n1,CHEMBL20651
DEC_2624,decoy,O=C1OCCN1CCN1C(=O)c2cc([N+](=O)[O-])cc3cc([N+](=O)[O-])cc(c23)C1=O,CHEMBL20354
DEC_3864,decoy,CCCCc1cc(C#N)sc1-c1ccc2c(c1)C1(CCCCC1)C(S)=N2,CHEMBL27052
DEC_1731,decoy,COc1ccc2c3c1OC1[C@H]4OC[C@@]4(CCc4ccccc4)CC4C(C2)N(C)CCC341,CHEMBL273873
DEC_1709,decoy,OCCN1CCN(C2CC(c3ccc(F)cc3)c3ccc(C(F)(F)F)cc32)CC1,CHEMBL12628
DEC_0585,decoy,Cc1cc(Br)cc(C(=O)NO)c1N(C)S(=O)(=O)c1ccc(OCC#CCO)cc1,CHEMBL18943
DEC_1359,decoy,CC[C@]1(c2ccc(Cl)cc2)OC[C@H]([C@@H]2CCCCN2)O1,CHEMBL284413
DEC_0379,decoy,CC(C)c1ccc2c(=O)oc(Nc3ccccc3I)nc2c1,CHEMBL10392
DEC_0965,decoy,C=CC1=C(C(=O)O)N2C(=O)[C@@H](NC(=O)[C@H](N)c3ccc(O)cc3)[C@H]2SC1,CHEMBL18540
DEC_2195,decoy,Cc1c(NC(=O)CCc2ccc(Cl)cc2)ccc2nc(N)nc(N)c12,CHEMBL265673
DEC_0670,decoy,CCCCc1nc(N2CCc3ccccc3C2)c2sccc2n1,CHEMBL31743
DEC_4269,decoy,O=C1NC(=O)C(CSc2ccc3ccccc3c2)S1,CHEMBL285856
DEC_1853,decoy,CCCNCc1cccc(I)c1.Cl,CHEMBL266156
DEC_3919,decoy,Cn1c(O)nc2cc3c(cc21)C(C)(C)C(=O)N3,CHEMBL37821
DEC_3292,decoy,COC(=O)CCCCOc1cc(CC2=C(c3ccc4c(c3)OCO4)C(=O)OC2(O)c2ccc(OC)cc2)cc(OC)c1OC,CHEMBL291058
DEC_3496,decoy,CCCCC1Nc2ccc(CC)cc2C(=O)N1Cc1ccc(-c2ccccc2-c2nn[nH]n2)cc1,CHEMBL15519
DEC_1537,decoy,CN(C)c1cc2c(Nc3ccc4c(cnn4Cc4ccccc4)c3)ncnc2cn1,CHEMBL30432
DEC_0151,decoy,Nc1nc(N)c2nc(Sc3cc(Cl)c(Cl)cc3Cl)cnc2n1,CHEMBL6465
DEC_3559,decoy,CC1(C)C(=O)N(c2ccc(C#N)c(C(F)(F)F)c2)C(=O)N1C/C=C/I,CHEMBL9389
DEC_4321,decoy,C=CCOC1(C2=NCCN2)COc2ccccc2O1,CHEMBL9763
ACT_016,active,CCO[C@]1(c2ccc(O)c(O)c2)Oc2cc(CCO)ccc2O[C@H]1O,CHEMBL3425983
DEC_4065,decoy,COc1cc2c(cc1OC)C(C)=[N+]([O-])C(c1cccc3c1OCO3)N2,CHEMBL29886
DEC_2083,decoy,CCc1ccc(C#CC(O)(c2ccc(C#N)c(-c3cccc4ccccc34)c2)c2cncn2C)cc1,CHEMBL23370
DEC_1062,decoy,CCC1CCNc2cc3oc(=O)cc(C(F)(F)F)c3cc21,CHEMBL6843
DEC_2792,decoy,CC(C)[C@H](NC(=O)c1cnccn1)C(=O)N[C@H](C(=O)N1C[C@H](OCc2ccccc2)C[C@H]1C(=O)NC(C=O)CC(F)(F)F)C(C)C,CHEMBL339012
DEC_2596,decoy,CC(C)C[C@@H]1N[C@H]2N(C1=O)c1ccccc1[C@]2(C[C@@H]1NC(=O)c2ccccc2-n2c1nc1ccccc1c2=O)OC(=O)CCC(=O)O,CHEMBL292837
DEC_3310,decoy,COC(=O)C[C@](O)(CCCC(C)(C)O)C(=O)O[C@@H]1C(OC)=C[C@]23CCCN2CCc2cc4c(cc2[C@H]13)OCO4,CHEMBL46286
DEC_3503,decoy,CCCc1nc2c(n1Cc1ccc(-c3ccccc3-c3nn[nH]n3)cc1)CCCC/C2=C\C(=O)O,CHEMBL46628
DEC_2797,decoy,CC(C)(C)NC(=O)[C@@H]1CN(Cc2cccnc2)CCN1C[C@@H](O)C[C@@H](Cc1cccnc1)C(=O)N[C@H]1c2cccc(F)c2C[C@H]1O,CHEMBL346404
DEC_0002,decoy,CCCn1c(=O)c2c(nc(/C=C/c3cc(F)cc(F)c3)n2C)n(CCC)c1=O,CHEMBL27260
DEC_2942,decoy,CCCCc1nc(Sc2ccccc2)c(C=O)n1Cc1ccc2c(c1)C1c3ccccc3C2C(c2nn[nH]n2)C1c1nn[nH]n1,CHEMBL311516
DEC_0313,decoy,C=C1/C(=C\C=C2/CCCC3(C)C2CCC3[C@H](C)/C=C/CC(O)(CC)CC)C[C@@H](O)C[C@@H]1O,CHEMBL286142
DEC_2897,decoy,O[C@@H]1CC[C@H]2CN3CCc4cc5c(cc4[C@@H]3C[C@@H]2C1)OCO5,CHEMBL26156
DEC_2204,decoy,CC1COc2c(N3CCC(N)C3)c(F)c(N)c3c(=O)c(C(=O)O)cn1c23,CHEMBL273763
DEC_2526,decoy,C[C@]12CCC3C(CCC4=CC(=O)CC[C@@]43C3CS3)C1CCC2=O,CHEMBL282580
DEC_4303,decoy,OCC1Cc2cc3c(-c4ccccc4F)noc3c(Cl)c2O1,CHEMBL7908
DEC_3372,decoy,CC(C)S(=O)(=O)NCCCn1c2c(c3ccccc31)C(=O)CN1CCCCC21,CHEMBL33807
DEC_4611,decoy,Cc1cc(C)cc(Sc2c(C)c(=O)[nH]c(=O)n2COCCO)c1,CHEMBL275599
DEC_4071,decoy,COc1cc(N)c(Cl)cc1C(=O)NCC1CCC2CCCCN2C1,CHEMBL15868
DEC_2528,decoy,CN1CC=C(c2cn(-c3ccc(F)cc3)c3ccc(F)cc23)CC1,CHEMBL268974
DEC_1299,decoy,CC1(C)C(=O)N(c2ccc(C#N)c(C(F)(F)F)c2)C(=O)N1CCCCO,CHEMBL9337
DEC_0169,decoy,Cc1sc2c(c1C(C)C)C(N1CCN(C)CC1)=Nc1cc(F)ccc1N2,CHEMBL14427
DEC_1895,decoy,COc1cc2c(cc1OC)C(C)=[N+]([O-])C(c1cccs1)N2,CHEMBL30112
DEC_2644,decoy,COC(=O)C1=C(C)N=C(C)/C(=C(\O)OC)C1c1ccc([N+](=O)[O-])cc1[N+](=O)[O-],CHEMBL26454
DEC_0966,decoy,N[C@@H](C(=O)N[C@@H]1C(=O)N2C(C(=O)O)=C(C3CC3)OC[C@H]12)c1ccc(O)cc1,CHEMBL18948
DEC_2510,decoy,CC[C@H]1Nc2cc3nc(O)cc(C(F)(F)F)c3cc2CC1(C)C,CHEMBL6689
DEC_3437,decoy,C#CC(C)(C)Nc1nc(C(Cl)(Cl)Cl)nc2ccccc12,CHEMBL279591
DEC_2409,decoy,Cc1ccccc1C(OCC(O)CN1C(C)CCCC1C)c1ccccc1,CHEMBL18937
DEC_4493,decoy,CC1(C)Oc2ccc(C(F)(F)F)cc2C(NC(=O)c2ccc(F)cc2)[C@@H]1O,CHEMBL16658
DEC_0164,decoy,Cc1cc(C)c(C(=O)OCc2cc(=O)c(OC(=O)C(C)(C)C)co2)c(C)c1,CHEMBL10198
DEC_2388,decoy,Cl.c1ccc(C[C@H]2CN=C(Cc3cccc4ccccc34)N2)cc1,CHEMBL277685
DEC_1270,decoy,CCC(C)(O)C#Cc1nc(NCc2ccc(N(C)C)cc2)c2ncn(C(C)C)c2n1,CHEMBL23525
DEC_1050,decoy,C[C@H](N)Cc1c2ccoc2c(C(F)(F)F)c2ccoc12.Cl,CHEMBL6907
DEC_0332,decoy,Oc1cc(NC[C@H]2CCC[C@H]2NCc2ccc(Cl)c(Cl)c2)nc2ccccc12,CHEMBL22655
DEC_3442,decoy,Cc1cc(/C=C/c2cc(C(C)(C)C)c(O)c(C(C)(C)C)c2)on1,CHEMBL12302
DEC_1322,decoy,C=C(c1c(C)ccc(C)c1OCC(O)CNC(C)(C)C)n1ccnc1,CHEMBL15516
DEC_1936,decoy,Cc1nc(N)ccc1CNC(=O)C1C=CCn2c(=O)n(C(CSc3cccc4ccccc34)C(=O)O)c(=O)n21,CHEMBL36500
DEC_0295,decoy,C/C=C/CN(C1=NCCN1)c1c(Br)cccc1Br,CHEMBL20588
DEC_3250,decoy,CCOc1ccc(-n2c(C)c3c(C)nnc(Nc4ccc(C)cc4)c3c2C)cc1,CHEMBL24700
DEC_3566,decoy,O=C1CC2(CCCC2)CC(=O)N1CCCCN1CCN(c2nsc3ccccc23)CC1,CHEMBL35057
DEC_1258,decoy,CC1(C)Oc2ccc(C#N)cc2[C@H](N(Cc2ncc[nH]2)c2ccc(Cl)cc2)[C@H]1O,CHEMBL11594
DEC_4146,decoy,CC(C)(C)CCNC(=O)[C@H]1CCC2C3CNC4=CC(=O)CC[C@]4(C)C3CC[C@@]21C,CHEMBL24033
DEC_2722,decoy,CC(C)(Cc1ccc(I)cc1)NCC(O)c1ccc(O)c2nc(O)ccc12,CHEMBL41605
DEC_3672,decoy,C[C@]12CC/C(=N\N=C(N)N)C=C1CC[C@@H]2/C=C/[N+](=O)[O-],CHEMBL285842
DEC_2740,decoy,CC[C@@]1(O)C(=O)OCc2c1cc1n(c2=O)Cc2cc3c(CNC4CCCCC4)c(O)ccc3nc2-1,CHEMBL276477
DEC_1182,decoy,O=C(O)[C@@H]1C[C@H]2C[C@@H](CCc3nn[nH]n3)CC[C@H]2CN1,CHEMBL14935
DEC_1488,decoy,Cc1ccnc2c1CCC/C2=C/c1ccncc1,CHEMBL35684
DEC_3263,decoy,C/C=C(/C)C(=O)O[C@H]1C(C)=C2[C@H]([C@@H]1OC(=O)CCCCC)[C@@](C)(OC(C)=O)C[C@H](OC(=O)CCC)[C@@]1(O)[C@H]2O[C@H]2O[C@]21C,CHEMBL430899
DEC_3754,decoy,Cc1ccc(C(C(=O)NCCCN2CCC(C#N)(c3ccccc3C(F)(F)F)CC2)c2ccc(C)cc2)cc1,CHEMBL42763
DEC_2441,decoy,COc1ccc2c(c1)OCC1c3cc(O)c(OCC4CCCCC4)cc3OC21,CHEMBL20774
DEC_4456,decoy,COc1ccccc1N1CCN(CCNC(=O)C2CC3C=CC2C3)CC1,CHEMBL23946
DEC_2825,decoy,COc1cccc2c1CCC[C@H]2CN(C)CCc1ccc2nccnc2c1,CHEMBL9924
DEC_0496,decoy,CC1CN(c2cc3c(cc2F)c(=O)c(C(=O)O)cn3C2CCC2)CCN1,CHEMBL274980
DEC_0257,decoy,Oc1ccc2c3c1O[C@H]1[C@H](N=C=S)CCC4C(C2)N(CC2CC2)CCC341,CHEMBL269375
DEC_1074,decoy,CC1(C)OC(S)=Nc2ccc(-c3cc(F)cc(C#N)c3)cc21,CHEMBL282091
DEC_2080,decoy,COc1ccc2c3c1OC1[C@H]4OC[C@@]4(CCc4ccccc4)CC4C(C2)N(CC2CCC2)CCC341,CHEMBL441407
DEC_0792,decoy,CC(=O)Nc1cc2c(c(N3CCCCC3)c1C(N)=O)C[C@H](O)C(C)(C)O2,CHEMBL14081
DEC_1623,decoy,CCCN(CCC)C1Cc2cccc3ncn(c23)C1,CHEMBL417612
DEC_0706,decoy,COc1ccc(C2(O)OC(=O)C(c3ccc4c(c3)OCO4)=C2CC2CCCCCC2)cc1,CHEMBL10919
DEC_1788,decoy,CC1(C)Oc2ccc(C#N)cc2C(NC(=O)c2cccc(F)c2)[C@H]1O,CHEMBL16714
DEC_1148,decoy,[O-][P@+]1(N(CCCl)CCCl)NC[C@H](F)CO1,CHEMBL31818
DEC_4503,decoy,CC(=O)c1cc2c(s1)[C@@H](NC(=O)c1ccc(F)cc1F)[C@H](O)C(C)(C)O2,CHEMBL280745
DEC_1870,decoy,CC(/C=C/C(O)=C1\C(=O)CN(C)C1=O)=C\C(C)C1CCCCC1,CHEMBL10882
DEC_3829,decoy,C[C@@H]1CN(C(=O)N2Cc3c(C(=O)OC(C)(C)C)ncn3-c3ccc(F)cc32)C[C@H](C)N1,CHEMBL15102
DEC_0940,decoy,Cc1cc2c(cc1-c1ncc(-c3ccc(C(=O)O)cc3)s1)C(C)(C)CCC2(C)C,CHEMBL25038
DEC_1175,decoy,Nc1nc(Cl)nc2c1ncn2C1C=CC(CO)O1,CHEMBL275213
DEC_3737,decoy,CCCC1N(Cc2ccc(-c3ccccc3-c3nn[nH]n3)cc2)C(=O)c2ccccc2N1Cc1ccccc1,CHEMBL15533
DEC_3237,decoy,O[C@@H]1c2cc(OCc3cccc(Cl)n3)ccc2OC[C@@H]1Cc1cccnc1,CHEMBL29937
DEC_4470,decoy,O=C1CCN(c2c(F)cc3c(=O)c(C(=O)O)cn(C4CC4)c3c2F)C1,CHEMBL289015
DEC_2077,decoy,C[C@@H]1CCC2[C@@H](C)[C@@H](OC(CCC(=O)O)c3ccc(F)cc3)O[C@@H]3OC4(C)CC[C@@H]1C23OO4,CHEMBL416397
DEC_1130,decoy,O=C1CC(c2ccccc2)(c2ccccc2)C(=O)N1CCCCN1CCN(c2nsc3ccccc23)CC1,CHEMBL34146
DEC_3947,decoy,CC1=C[C@@H]2c3cccc4[nH]cc(c34)C[C@H]2N(C)C1,CHEMBL449081
DEC_3991,decoy,CCCCC(CC)C(=O)Nc1ccc2ccc3cccnc3c2n1,CHEMBL280333
DEC_1703,decoy,COc1cc2c(cc1OC)-c1cc(Nc3c(Cl)cc(Cl)cc3Cl)nc(=O)n1CC2,CHEMBL35190
DEC_4550,decoy,CNC(=O)c1ccc(/C=C/C(=O)NCC(=O)N(C)c2ccc(Cl)c(COc3cccc4nc(C)cnc34)c2Cl)cc1,CHEMBL290431
ACT_074,active,COc1cc([C@@H]2CC(=O)c3c(cc(O)c(C/C=C(\C)CCC=C(C)C)c3O)O2)cc(O)c1OC,CHEMBL3581346
DEC_1006,decoy,CC1(C)C(=O)N(c2ccc(C#N)c(C(F)(F)F)c2)C(=O)N1CCCCF,CHEMBL9328
DEC_2498,decoy,CC1(C)CCC(C)(C)c2cc(CCc3ccc(C(=O)O)cc3)ccc21,CHEMBL13137
DEC_3944,decoy,CC1=C[C@@H]2c3cccc4c3[C@@H](CN4)C[C@H]2N(C)C1,CHEMBL291218
DEC_1284,decoy,Oc1nc2ccc(C#CCN3CCC(O)(Cc4ccc(F)cc4)CC3)cc2o1,CHEMBL19952
DEC_3907,decoy,CCCCc1oc2ccccc2c1C(=O)c1ccc(-c2ccc(O)cc2)cc1,CHEMBL280138
DEC_1965,decoy,Oc1ccc2c(ccc3cc4ccccc4cc32)c1O,CHEMBL39905
DEC_3835,decoy,O=C1[C@@H](NS(=O)(=O)c2cc3ccnc(Cl)c3s2)CCN1Cc1cc2[nH]cccc-2n1,CHEMBL262447
DEC_2326,decoy,CN(CCc1ccccn1)Cc1c(-c2ccc([N+](=O)[O-])cc2)cc2n(Cc3ccccc3F)cc(-c3nc(C(C)(C)C)co3)c(=O)n12,CHEMBL132338
DEC_1022,decoy,CCCc1cc(=O)oc2c(C(O)CC)c(OCC)c3c(c12)OC(C)(C)C=C3,CHEMBL7693
DEC_0097,decoy,CCC/C=C/C(=O)CCc1ccc(O)c(OC)c1,CHEMBL277440
DEC_3144,decoy,O=c1c2c(c3cccnc3n1-c1ccccc1)OCCC2,CHEMBL418387
DEC_0479,decoy,Nc1ncc(Cc2cccc(I)c2)c(N)n1,CHEMBL29712
DEC_3982,decoy,C=C(OCC)c1ncnc2c1nc(Cl)n2Cc1ccccc1,CHEMBL19864
DEC_2935,decoy,COc1cccc2c1C(=O)c1c(O)c3c(c(O)c1C2=O)C[C@@](O)(C(C)=O)C[C@@H]3OC1CC(N2CCOCC2)C(O)C(C)O1,CHEMBL312780
DEC_0047,decoy,CN(CCF)Cc1ccccc1Sc1ccc(I)cc1N,CHEMBL22643
DEC_3956,decoy,CCC1(C2=NCCN2)COc2ccccc2O1,CHEMBL9775
DEC_4247,decoy,CCCCc1oc2ccccc2c1Cc1ccc2c(Br)c(OCC(=O)O)ccc2c1,CHEMBL24096
DEC_2701,decoy,CN1C(=O)[C@H](NC(=O)Nc2cccc(N(C)c3nn[nH]n3)c2)N=C(c2ccccc2)c2ccccc21,CHEMBL22003
DEC_2269,decoy,COCCOCc1ccc2ccccc2c1/C=C(C)/C=C/C(O)=C1\C(=O)CN(C)C1=O,CHEMBL11186
DEC_0550,decoy,O=C1CC[C@@]2(O)[C@H]3Cc4ccc(O)c5c4[C@@]2(CCN3CC2CC2)[C@H]1O5,CHEMBL19019
DEC_4588,decoy,CCNc1c2c(nc(N)n3nc(-c4ccco4)nc23)nn1C,CHEMBL20888
DEC_0289,decoy,C[C@]12CCC3C(CCC4=CC(=O)[C@H]5COC[C@]43C5)C1CC[C@@H]2OC1CC1,CHEMBL414006
DEC_0452,decoy,Nc1nc(N)c2c(n1)CCC(Cc1ccc(OC(F)(F)F)cc1)C2,CHEMBL7062
DEC_0459,decoy,CC[C@]1(c2cccc(N=C=S)c2)OC[C@H]([C@@H]2CCCCN2)O1,CHEMBL282383
DEC_2457,decoy,Fc1cc(Cl)cc(-c2ccc3c(c2)C2(CCCCC2)C(S)=N3)c1,CHEMBL27379
DEC_3652,decoy,CC(=O)NCc1cc(-c2ncco2)ccc1-c1ccccc1S(=O)(=O)Nc1onc(C)c1C,CHEMBL29422
DEC_3419,decoy,CCCCc1ccc(Nc2ccnc3ccc4c[nH]nc4c23)cc1,CHEMBL283176
DEC_3574,decoy,COc1nccc2c1c1ncnc(N3CCN(CCc4ccc(F)c(F)c4)CC3)c1n2C,CHEMBL284676
DEC_1400,decoy,c1ccc2c(CC3=NCCN3)c3ccccc3c(CC3=NCCN3)c2c1,CHEMBL27223
DEC_4542,decoy,Cc1cc(SC2=C(O)OC(CCc3ccc(N)cc3)(C(C)C)CC2=O)c(C(C)(C)C)cc1OS(=O)(=O)N1CCN(C)CC1,CHEMBL307582
DEC_2837,decoy,Cc1ccccc1-c1cc(N(Cc2ccccc2)Cc2c[nH]cn2)ccc1C#N,CHEMBL282368
DEC_3591,decoy,O=C1NCCN1CCN1CC=C(c2cn(-c3ccc(F)cc3)c3ccc(C(F)(F)F)cc23)CC1,CHEMBL418534
DEC_0201,decoy,CC1(C)O[C@H]2[C@@H]3O[C@H](C(C)(C)C)O[C@@H]3CO[C@@]2(COS(N)(=O)=O)O1,CHEMBL283468
DEC_3003,decoy,COC12[C@@H]3N[C@@H]3CN1C1=C(C(=O)C(N3CCCC(C)C3)=C(C)C1=O)[C@@H]2COC(N)=O,CHEMBL431889
DEC_0525,decoy,C=CCn1c(=O)c2[nH]c(-c3ccc(C)cc3N)nc2n(C)c1=O,CHEMBL10984
DEC_2537,decoy,O=C(/C=C/c1ccc(Cl)cc1)Nc1ccc(C(=O)O)cc1,CHEMBL29150
DEC_3444,decoy,Cc1nccc2c1[nH]c1cc(OCCC3(C)OCC(C)(C)CO3)ccc12,CHEMBL14425
DEC_0992,decoy,CCN1CCCC1CNC(=O)c1cc(NS(N)(=O)=O)c(Cl)cc1OC,CHEMBL431102
DEC_2603,decoy,CCC1(CC)O[C@@H]2[C@@H](CO[C@@]3(COS(N)(=O)=O)OC(CC)(CC)O[C@@H]23)O1,CHEMBL25907
DEC_1005,decoy,CCN(C)c1ccc(-c2nc3n(c2-c2ccc(N(C)CC)cc2)CCS3)cc1,CHEMBL276051
DEC_3739,decoy,O=C(NC(C(=O)NCC1CCN(C2CCCC2)CC1)c1ccc2ccccc2c1)c1ccc2c(Cl)c[nH]c2c1,CHEMBL305740
DEC_0339,decoy,CCOC(=O)c1ccc(N/C(S)=N/c2ccc3c(c2)C(C)(C)CC(C)(C)S3)cc1,CHEMBL6609
DEC_1069,decoy,CC1(c2ccc(F)cc2)OC(/C=C/c2ccsc2)=CC1=O,CHEMBL18130
DEC_2391,decoy,CCN(CC)C(=O)[C@@H]1C=C2c3cccc4[nH]cc(c34)C[C@H]2N(CC)C1,CHEMBL22694
DEC_3883,decoy,CCC(C)c1ccc(N2CCCN(c3ccc(C(C)CC)cc3)C2=N)cc1,CHEMBL282841
DEC_2363,decoy,CN1C2CCC1[C@H](C(O)C(F)(F)F)[C@@H](c1ccc(Cl)cc1)C2,CHEMBL285342
DEC_0099,decoy,CCCN(CCC)[C@@H]1C[C@H]1c1cccc(O)c1,CHEMBL38307
DEC_0840,decoy,O=C(O)c1ccc(NCc2ccccn2)cn1,CHEMBL285348
DEC_0503,decoy,CC1=C(C(=O)OC(C)(C)C)N2C(=O)[C@H](Cl)[C@H]2S(=O)(=O)C1,CHEMBL266087
DEC_3183,decoy,N=C(NCCO)c1ccc(N2CCCN(c3ccc(/C(N)=N/CCO)cc3)CC2)cc1,CHEMBL9121
DEC_3826,decoy,O=C1[C@@H](NS(=O)(=O)c2cc3ccc(Cl)nc3s2)CCN1Cc1cc2cc[nH]cc-2n1,CHEMBL268655
DEC_4300,decoy,Clc1cccc(-c2cc(O[C@@H]3CCNC3)cnc2Cl)c1,CHEMBL10171
DEC_3012,decoy,CC1(C)[C@H](C(=O)O)N2C(=O)[C@@H](Cc3cn(-c4ccc(N)cc4)nn3)[C@H]2S1(=O)=O,CHEMBL267863
DEC_3398,decoy,CCCn1c(=O)c2c(nc(/C=C/c3cccc(Cl)c3)n2C)n(CCC)c1=O,CHEMBL25964
DEC_2514,decoy,CCC1c2cc3c(C(F)(F)F)cc(O)nc3cc2NC[C@@H]1C,CHEMBL418198
DEC_0472,decoy,Cc1c(CN(C)c2cccc3c2CCCC3)cnc2nc(N)nc(N)c12,CHEMBL23220
DEC_1889,decoy,CC1(C)CC1C(=O)N/C(=C\CCCCBr)C(=O)O,CHEMBL273926
DEC_2354,decoy,CC1OC(/C=C/C2CC2)(C(F)(F)F)c2c(ccc(F)c2F)NC1=O,CHEMBL281230
DEC_0912,decoy,C=C1CC(C)(C)Nc2ccc3c(c21)C(c1ccc(Cl)cc1)Oc1ccccc1-3,CHEMBL286130
DEC_1536,decoy,CC1(C)N=C(N)N=C(N)N1c1cccc(OC[C@]23C[C@H]4C[C@H](C[C@H](C4)C2)C3)c1,CHEMBL33205
DEC_3303,decoy,COc1ccc(C2(O)OC(=O)C(c3ccc4c(c3)OCO4)=C2Cc2cc(OC)c(OC)c(OCCCN3CCOCC3)c2)cc1,CHEMBL303484
DEC_3691,decoy,CN(C)c1ncnc2c1ncn2Cc1cccc(C#N)c1,CHEMBL7893
DEC_3252,decoy,CSc1ccc(Nc2nc(Cl)nc3c2ncn3Cc2ccccc2)cc1,CHEMBL29399
ACT_041,active,CC(S)CN1c2ccccc2Sc2ccccc21,CHEMBL149032
DEC_2572,decoy,CC1(C)CNc2c(cc(CC(=O)O)cc2S(=O)(=O)N[C@@H](Cc2nc3ccccc3s2)C(=O)N2CCC(CCF)CC2)C1,CHEMBL37454
DEC_2737,decoy,Cn1cc(C2=C(c3cn(CCSC(=N)N)c4ccccc34)C(=O)NC2=O)c2ccccc21,CHEMBL267126
DEC_3761,decoy,COc1c2c(c(O)c3c1C(=O)c1c(cc(O)c(C)c1O)C3=O)-c1c(cc(/C=N/NC(=O)NC3CCCCC3)c(C(=O)O)c1O)CC2,CHEMBL25794
DEC_3290,decoy,COC(=O)c1c(Br)c(OC)cc(O)c1CSC[C@H](Nc1nc(-c2ccc([N+](=O)[O-])cc2)cs1)c1nc(C)no1,CHEMBL157831
DEC_4174,decoy,O=S(=O)(CS(=O)(=O)C(F)(F)F)c1cc(C(F)(F)F)cc(C(F)(F)F)c1,CHEMBL12162
DEC_1526,decoy,C=C1/C=C(\C)[C@H](CC)OC(=O)[C@H](C)C(=O)[C@@](O)(CO)C/C(SC)=C/[C@@H](C)C1,CHEMBL32849
DEC_3594,decoy,Cn1cncc1C(O)(CN1CCC(C#N)=C(c2cccc3ccccc23)C1)c1ccc(C#N)cc1,CHEMBL282161
DEC_3582,decoy,CCCc1nc2c(n1Cc1ccc(-c3ccccc3-c3nnn(C)n3)cc1)CCCCC2=O,CHEMBL41448
DEC_3638,decoy,C#CC(C)Oc1ccc(S(=O)(=O)N(C)c2c(C)cc(Br)cc2C(=O)NO)cc1,CHEMBL19279
DEC_3500,decoy,CCN(CC)Cc1cc(Nc2cc(C)nc(/N=C(\N)Nc3cc(Cl)cc(Cl)c3)n2)ccc1O,CHEMBL23053
DEC_1523,decoy,CCCOC(=O)C1C2C(=O)CC(c3ccc(O)cc32)C1C(=O)OCC[Si](C)(C)C,CHEMBL12209
DEC_3875,decoy,C=C1[C@H]2Oc3cc(C(C)(C)CCCCCC)cc(O)c3[C@H]2[C@H]2C[C@@H]1C2(C)C,CHEMBL8715
DEC_3955,decoy,Brc1ccc2[nH]c3c(c2c1)CCN=C3,CHEMBL6626
DEC_0722,decoy,COc1cc2ncc(C#N)c(Nc3ccc(Nc4ccccc4)cc3)c2cc1OC,CHEMBL31639
DEC_4263,decoy,OC1CCN(C2=Nc3ccccc3Cn3c2cc2ccccc23)CC1,CHEMBL13642
DEC_1952,decoy,COOC1(OOC)CCCCCCCCCCC1,CHEMBL282791
DEC_2367,decoy,O=C1COC(/C=C/C2CC2)(C(F)(F)F)c2cc(Cl)ccc2N1,CHEMBL29171
DEC_4212,decoy,C=C(C)[C@@H]1CCC(C)=C[C@H]1c1c(O)cc(C2(CCCCCC)SCCS2)cc1O,CHEMBL418366
DEC_4417,decoy,CC(Cc1ccccc1)Nc1ncnc2c1ncn2C1OC(CO)C(O)C1O,CHEMBL274022
DEC_0165,decoy,CS/C(=N\O)c1ccc(Sc2cc(F)cc(C3CCOCC3)c2)cc1,CHEMBL282213
DEC_3478,decoy,CCCCc1nn(CC(F)(F)F)c(C(=O)O)c1Cc1ccc(-c2ccccc2-c2nn[nH]n2)cc1,CHEMBL281386
DEC_1540,decoy,Cc1ccccc1-c1nnc(/N=C/Nc2nnc(-c3ccccc3C)s2)s1,CHEMBL276619
DEC_4031,decoy,C=CCNc1cccc(-c2ccc(N3CC(CNC(C)=O)OC3=O)cc2)cc1=O,CHEMBL440267
DEC_2207,decoy,C=C[C@]1(C)C=C2C(=O)[C@]3(O)OC[C@@]4(CCCC(C)(C)[C@@]43O)[C@@]2(O)[C@H](O)C1,CHEMBL280904
DEC_1394,decoy,O=c1ccc(Cc2ccccc2)c(Br)o1,CHEMBL16054
DEC_1901,decoy,CCc1cn([C@@H]2O[C@H](CNC(=O)C3c4ccccc4S(=O)(=O)c4ccccc43)[C@@H](O)[C@@H]2F)c(=O)[nH]c1=O,CHEMBL290528
DEC_1962,decoy,C[C@@]12CCc3occc3C1CC[C@]13CCC(CCC12)C3,CHEMBL281902
DEC_0388,decoy,C[C@H]1C(=O)C(C)(C)Nc2ccc3c(c21)[C@H](c1ccc(Cl)cc1)Oc1ccccc1-3,CHEMBL34015
DEC_1438,decoy,COc1ccccc1COC1(C2=NCCN2)COc2ccccc2O1,CHEMBL9985
DEC_2292,decoy,CC1C(=O)N(CCCCCOc2ccc(Cl)cc2)/C(=N\C#N)N1c1ccncc1,CHEMBL17029
DEC_3722,decoy,CC1=C([N+](=O)[O-])[C@@H](c2ccccc2C(F)(F)F)[C@H](C(=O)c2ccccc2)C(/C=C(\O)c2ccccc2)=N1,CHEMBL46962
DEC_3381,decoy,O=C1NC(=O)C(CC#Cc2ccccc2Cl)(S(=O)(=O)c2ccccc2)S1,CHEMBL269417
DEC_1975,decoy,FC(F)(F)c1nc(-c2cc(Cl)cc(Cl)c2)c[nH]1,CHEMBL7992
DEC_0133,decoy,CN1CCCCC1/C=C/c1c2ccccc2cc2ccccc12,CHEMBL22962
DEC_1494,decoy,Cc1cc(-c2nc3c(F)cccc3s2)ccc1N,CHEMBL35789
DEC_1543,decoy,CC(C)=CCC(OC(=O)c1ccccc1)C1=CC(=O)c2c(O)ccc(O)c2C1=O,CHEMBL28195
DEC_3515,decoy,CC(C)[Te]CCCC(C)C1CCC2C3CC=C4CC(O)CCC4(C)C3CCC12C,CHEMBL417699
DEC_2215,decoy,Cc1ccc2c(c1)-c1oc(C(=O)O)cc(=O)c1CS2.NCCO,CHEMBL283719
DEC_2748,decoy,O=C(Cn1c(C2CCNCC2)nc2cc(Cl)c(Cl)cc21)N/N=C/c1c[nH]c2ccccc12,CHEMBL277920
DEC_0733,decoy,O=C(Nc1ccc(-c2nc(-c3ccco3)no2)c(Cl)c1)OCC(Cl)(Cl)Cl,CHEMBL277175
DEC_2785,decoy,N=C(N)NCCC[C@H](NC(=O)CN1CCN(S(=O)(=O)Cc2ccccc2)[C@H](CC(=O)N2CCCCC2)C1=O)C(=O)c1nccs1,CHEMBL349606
DEC_4216,decoy,O=C(O)COc1cccc2c1CCC(C/C=C\CC(c1ccccc1)c1ccccc1)C2,CHEMBL10442
DEC_0434,decoy,Nc1nc(=O)n(COC(CO)CO)cc1F,CHEMBL287845
DEC_1480,decoy,Cc1cc2c(cc1C1CCCCC1)OC(=O)C2,CHEMBL34649
DEC_2735,decoy,COc1ccc([C@@H]2c3nc(NC(C)C)ccc3[C@H](c3ccc4c(c3)OCO4)[C@H]2C(=O)O)c(O)c1,CHEMBL36671
DEC_2448,decoy,CCC(=O)N(c1ccc(Cl)c(Cl)c1)C1CCCC1N(CC)CC,CHEMBL278772
DEC_4166,decoy,COc1ccccc1N1CCN(CCC(=O)NC2CCCc3c(OC)cccc32)CC1,CHEMBL28063
DEC_3399,decoy,COc1cccc2c1CCC[C@H]2CN(C)CCc1ccc2c(c1)C=CS2(=O)=O,CHEMBL10152
DEC_3042,decoy,Cc1ccc(Cn2cnc3c(N(C)C)ncnc32)cc1,CHEMBL403464
DEC_4178,decoy,Cc1c(C(=O)c2ccccc2F)c2cccc3c2n1C(CN1CCOCC1)CO3,CHEMBL280991
DEC_1908,decoy,Nc1c(Br)cc(S(=O)(=O)Nc2nnc(S(N)(=O)=O)s2)cc1I,CHEMBL71657
DEC_0280,decoy,I.Nc1nc2c(s1)Cc1cc(Br)ccc1-2,CHEMBL287736
DEC_2484,decoy,Cc1ccc(CC2C(c3ccc(C)cc3)C[C@H]3CCC2N3C)cc1,CHEMBL19944
DEC_2324,decoy,COc1ccc(N(C(=O)CN2C(=O)C(Cc3nsc4ccccc34)C(=O)N(c3ccccc3)c3ccccc32)C(C)C)cc1,CHEMBL431856
DEC_0864,decoy,CCC(C)Cn1ncc2c1nc(N)n1nc(-c3ccco3)nc21,CHEMBL440458
DEC_2056,decoy,Cc1nc(N2CCOCC2)c2sc(=S)n(-c3ccc(C(C)C)cc3Br)c2n1,CHEMBL280449
DEC_2810,decoy,COc1cc2[nH]c(-c3csc4ccccc34)c(C#N)c2cc1-c1cnco1,CHEMBL283096
DEC_4345,decoy,CCN(CC)c1ccc(Nn2c(C)ccc2C)nn1,CHEMBL11643
DEC_0308,decoy,CCc1nc2ccc(OC3CCN(C(C)=N)CC3)cc2n1C/C(C)=C/c1cccc(N)c1,CHEMBL25478
DEC_3137,decoy,Nc1nc2ccc(Cl)cc2c2nc(-c3ccco3)nn12,CHEMBL16687
DEC_1925,decoy,Cc1noc(C)c1S(=O)(=O)N[C@@H](CNC(=O)C1CCC2(CC1)CCN(c1ccncc1)CC2)C(=O)O,CHEMBL24067
DEC_2901,decoy,CC[C@H]1OC(=O)C[C@@H](O)[C@H](C)[C@@H](O[C@@H]2O[C@H](C)C[C@H](N(C)C)[C@H]2O)[C@@H](CC=O)C[C@@H](C)C(=O)/C=C/[C@]2(C)O[C@H]2[C@@H]1C,CHEMBL8965
DEC_3106,decoy,O=S(=O)(OCCCl)c1c(F)c(F)c(F)c(F)c1F,CHEMBL17537
DEC_1396,decoy,CC1(N)CCN(c2cc3c(cc2F)c(=O)c(C(=O)O)cn3C(C)(C)C)C1,CHEMBL25916
DEC_3153,decoy,CN1CC=C(c2c[nH]c3ccc([S+](C)[O-])cc23)CC1,CHEMBL28105
DEC_2285,decoy,COC(=O)[C@H](CC(C)C)NC(=O)c1ccc(C(=O)N(C(C)C)C(C)C)cc1OC(C)C,CHEMBL28137
DEC_1969,decoy,CC[C@@H]1CCc2cc3c(C(F)(F)F)cc(O)nc3cc2N1,CHEMBL7177
DEC_4073,decoy,CC(/N=c1\c(O)c(O)\c1=N/c1ccc(C#N)cc1)c1ccc(F)cc1,CHEMBL18491
DEC_3448,decoy,COc1cc2[nH]c(-c3ccccc3)c(C#N)c2cc1-c1cnco1,CHEMBL23842
DEC_0661,decoy,CCCCC[C@@H]1/C=C\C2[C@H](O)CC(=O)[C@@H]2CCCCCCC(=O)O1,CHEMBL12731
DEC_0502,decoy,Oc1cc(/C=C/C(Br)Br)nc(O)n1,CHEMBL22192
DEC_0676,decoy,O=C(O)COc1ccc(-c2nsc3ccccc23)c(Cl)c1Cl,CHEMBL25468
DEC_1098,decoy,CCN(C/C=C/C#CC(C)(C)C)Cc1cccc(OCCN(C)S(=O)(=O)c2cc(Br)cs2)c1,CHEMBL25755
DEC_4202,decoy,COc1cc2c(=O)c3c(NCCCN(C)C)ccc4ncn(c2cc1OC)c43,CHEMBL8331
DEC_2872,decoy,Cc1cc2c(nc1C)CN[C@@H]1CCc3cc(O)c(O)cc3[C@@H]21,CHEMBL284959
DEC_3466,decoy,Cc1cc(SC2=C(O)OC(CCc3ccc(N)cc3)(C(C)C)CC2=O)c(C(C)(C)C)cc1N,CHEMBL38269
DEC_2905,decoy,CC[C@H]1OC(=O)C[C@@H](O)[C@H](C)[C@@H](O[C@@H]2O[C@H](C)[C@@H](O)[C@H](N(C)C)[C@H]2O)[C@@H](CCO)C[C@@H](C)C(=O)/C=C/C(C)=C/[C@@H]1C,CHEMBL43504
DEC_1387,decoy,Cn1cc(C2=NCC3(CCN4CCCC3C4)O2)c2ccccc21,CHEMBL8250
DEC_1236,decoy,COc1cc2c(Nc3ccc(Cc4cccnc4)cc3)c(C#N)cnc2cc1OCCCN1CCOCC1,CHEMBL287852
DEC_2934,decoy,COc1cc([C@@H]2c3cc4c(cc3C(O[C@@H]3O[C@@H]5CO[C@@H](C)O[C@H]5[C@H](O)[C@H]3O)C3COC(=O)[C@@H]32)OCO4)cc(OC)c1O,CHEMBL320876
DEC_1927,decoy,CO[C@@]12[C@H](COC(N)=O)C3=C(C(=O)C(CSc4ccccc4Br)=C(N)C3=O)N1C[C@@H]1N[C@@H]12,CHEMBL50043
ACT_099,active,CCOP(=O)(OCC)C(NC(=O)c1cc(-c2ccsc2)n(-c2ccc(S(N)(=O)=O)cc2)n1)c1ccc(Cl)cc1,CHEMBL5273397
DEC_0537,decoy,O=C1c2[nH]cnc2N(Cc2ccccc2Cl)C2=NCCN12,CHEMBL18730
DEC_2628,decoy,COc1cc2c(cc1OC)[C@@](O)(c1cc(OC)c(O)c(OC)c1)[C@H]1C(=O)OC[C@H]1C2=O,CHEMBL288503
DEC_0189,decoy,O[C@@H]1c2cc(OCc3cccc(F)n3)ccc2OC[C@@H]1Cc1cccnc1,CHEMBL283883
DEC_2579,decoy,O=C(N[C@H]1c2ccccc2C[C@H]1O)[C@H](Cc1ccccc1)C[C@H](O)CN1[C@@H](Cc2ccccc2)CN(Cc2ccccc2)S1(=O)=O,CHEMBL278928
DEC_0454,decoy,Nc1ccc(CCn2ncc3c2nc(N)n2nc(-c4ccco4)nc32)cc1,CHEMBL22316
DEC_4413,decoy,O=c1[nH]c(=O)c2ncn(CCCCCP(=O)(O)CP(=O)(O)O)c2[nH]1,CHEMBL7194
DEC_3648,decoy,CCCc1cc2c(ncn2C)c(=O)n1Cc1ccc(-c2ccccc2-c2nn[nH]n2)cc1,CHEMBL28163
DEC_1601,decoy,Sc1ccc(N(CCCl)CCCl)cc1,CHEMBL274309
DEC_0850,decoy,C[C@@H](Sc1nc(N)cc(Cl)n1)c1cc2ccoc2cn1,CHEMBL26752
DEC_1516,decoy,O=C(Cc1nc(-c2ccc(Cl)cc2)oc1-c1ccco1)OCc1cccnc1,CHEMBL19426
DEC_2923,decoy,CC(=O)Oc1cccc(C(=O)N[C@@H]2[C@H](O)[C@@H](CO)O[C@H]2n2cnc3c(NCc4cccc5ccccc45)ncnc32)c1,CHEMBL68405
DEC_4541,decoy,C=CC[C@H](NC(=O)[C@@H]1C[C@@H](CCCc2cccc3ccccc23)c2c(Cl)nc(N)c(=O)n21)B1OC2CC3CC(C3(C)C)[C@@]2(C)O1,CHEMBL274985
DEC_3341,decoy,CC1=C(C#N)C(c2ccccc2C(F)(F)F)/C(=C(\O)OCC(O)CO)C(CS(=O)(=O)c2ccccc2)=N1,CHEMBL72871
DEC_4286,decoy,C[C@@]12CCc3occc3C1CC[C@]13CC(=O)C(CCC12)C3,CHEMBL31659
DEC_2396,decoy,COc1ccc(Cl)cc1C1(O)C(=O)Nc2cc(C(F)(F)F)ccc21,CHEMBL22203
DEC_4089,decoy,CC(/N=c1\c(O)c(O)\c1=N/Cc1ccc(C#N)cc1Cl)C(C)(C)C,CHEMBL277719
DEC_1547,decoy,C[C@@H]([C@@H](O)c1ccc(O)cc1)N1CCC(O)(c2ccccc2)CC1,CHEMBL17350
DEC_3954,decoy,CN(C)c1cc2c(cc1Cl)NC1=NC(=O)CN1C2,CHEMBL31283
DEC_3191,decoy,COc1cccc2c1c(=O)c1c(NCCN)ccc3c(CNCCN)nn2c31,CHEMBL8630
DEC_3063,decoy,CC(=O)NCCC1CCCc2cc3c(cc21)OCCO3,CHEMBL11148
DEC_3402,decoy,CCN1C(=O)c2c(ncn2Cc2ccc(OC)c(Cl)c2)N2C1=N[C@@H]1CCC[C@@H]12,CHEMBL25985
DEC_2876,decoy,Oc1ncnc2c1ncn2C1CCCc2ccccc21,CHEMBL11251
DEC_2746,decoy,OC[C@@]1(CCc2ccccc2)CC2C3Cc4ccc(O)c5c4C2(CCN3CC2CCC2)C(O5)[C@@H]1O,CHEMBL9877
DEC_4581,decoy,COc1ccc(C[C@H]2NC(=O)/C=C/C[C@@H](CCCc3ccccc3)OC(=O)[C@H](CC(C)C)OC(=O)CCNC2=O)cc1Cl,CHEMBL13594
DEC_1425,decoy,COc1ccc(SCc2cnc3nc(N)nc(N)c3c2C)cc1,CHEMBL23911
DEC_1900,decoy,OC[C@@]12C[C@@H]1[C@@H](n1cnc3c(NCc4cccc(I)c4)nc(Cl)nc31)[C@H](O)[C@@H]2O,CHEMBL27809
DEC_2744,decoy,O=P(O)(O)C(NC(c1ccccc1)c1ccccc1)c1cccc2nc(O)c(O)nc12,CHEMBL276670
DEC_4465,decoy,O=C(CCn1c(=O)oc2ncccc21)N1CCN(c2ccc(F)cc2)CC1,CHEMBL283689
DEC_1200,decoy,C=CCN1C[C@H](OCC23C[C@@H]4[C@H](C)CC[C@H]4C4(C=O)CC2C=C(C(C)C)C34C(=O)O)O[C@H](C)[C@@H](OC)C1,CHEMBL49798
DEC_3533,decoy,COc1ccc(Cn2c3c(c4ccccc42)C(C)(c2ccccc2)c2cc(C(=O)O)sc2C3=O)cc1,CHEMBL277740
DEC_1655,decoy,CC(C)(C)OC(=O)N1CC[C@@H]2[C@H]1c1cc(Cl)ccc1N[C@H]2c1c[nH]c2ccc(Br)cc12,CHEMBL281639
DEC_1631,decoy,Cc1ccc(C(O)(c2cncnc2)C(C)C)s1,CHEMBL29491
DEC_4436,decoy,CCn1cc(C(=O)O)c(=O)c2c(N3CCN(C)CC3)c(F)c(F)c(F)c21,CHEMBL25339
DEC_2068,decoy,CC(=O)[C@@]12O[C@](C)(c3ccc(F)cc3)O[C@@H]1CC1C3CCC4=CC(=O)CC[C@]4(C)C3CC[C@@]12C,CHEMBL273837
DEC_2838,decoy,O=C1/C(=C\c2ccncc2)C(c2ccc(Cl)cc2)Cn2cccc21,CHEMBL9165
DEC_4063,decoy,O=C(O)CCCNC(=O)C1CCC2(CC1)CCN(c1ccncc1)CC2,CHEMBL26067
DEC_1696,decoy,N#Cc1ccc2cc1Oc1ccc3cccc(c3c1)N1CCN(CCc3cncn3C2)CC1=O,CHEMBL23155
DEC_4573,decoy,CCC/C=C(\C)C(=O)O[C@H]1C(O)[C@H](OCC23C[C@@H]4[C@H](C)CC[C@H]4C4(C=O)CC2C=C(C(C)C)C34C(=O)O)O[C@H](C)[C@H]1OC,CHEMBL279171
DEC_3611,decoy,NC(=O)c1cc(N(CCBr)CCBr)c([N+](=O)[O-])cc1[N+](=O)[O-],CHEMBL23612
DEC_3694,decoy,Cc1cc2c(cc1N1CCCCC1)CN1CC(=O)NC1=N2,CHEMBL32132
DEC_0285,decoy,CC(C)N(C1=NCCN1)c1c(Br)cccc1Br,CHEMBL19915
DEC_4616,decoy,CCc1cc(C#N)ccc1C/N=c1\c(O)c(O)\c1=N/C(C)(C)C,CHEMBL19605
DEC_0978,decoy,CCn1cc(C(=O)O)c(=O)c2c(N)c(F)c(N3CCC(N)C3)c(F)c21,CHEMBL274015
DEC_0558,decoy,C[C@@H](O)[C@H]1C(=O)N2C(C(=O)O)=C(S[C@@H]3CN[C@@H](c4ccc([C@H](N)CC(N)=O)cc4)C3)[C@H](C)[C@H]12,CHEMBL17558
DEC_0863,decoy,CN1CCC23c4c5ccc(O)c4O[C@H]2C=C[C@H](N=[N+]=[N-])[C@H]3C1C5,CHEMBL268703
DEC_2806,decoy,CC(C)(C)Nc1nc(C(F)(F)F)nc2ccc(-c3ccsc3)cc12,CHEMBL274456
DEC_0071,decoy,CCC(=O)c1cc(OC)c(CC(C)N)cc1OC,CHEMBL8233
DEC_3555,decoy,CC(=O)N1CCc2ccc(N(C(=O)/C=C/C=C/c3ccccc3)C3CCN(Cc4ccccc4)CC3)cc21,CHEMBL22046
DEC_3082,decoy,CCCCCc1c(C(C)C)nc(C(C)C)c(C)c1-c1ccccc1O,CHEMBL24104
DEC_3121,decoy,CN1CCN(c2ccnc3c2ccc2ccccc23)CC1,CHEMBL41256
ACT_050,active,O=C(O)[C@H]1C[C@](O)(c2ccccc2Cl)[C@@H](c2ccccc2Cl)O1,CHEMBL456272
DEC_0918,decoy,C[C@@H]1c2c(ccc3c2[C@H](c2ccc(Cl)cc2)Oc2ccccc2-3)NC(C)(C)[C@H]1O,CHEMBL35431
DEC_0011,decoy,O=C1CC2(CCCC2)CC(=O)N1CCCCNCC1COc2ccccc2C1,CHEMBL11425
DEC_4555,decoy,CCCNS(=O)(=O)Oc1cc(C(C)(C)C)c(SC2=C(O)OC(CCc3ccc(O)cc3)(C(C)C)CC2=O)cc1C,CHEMBL70444
DEC_0259,decoy,CN1C(=O)CC[C@]2(C)C3CC[C@@]4(C)C(CC[C@@]4(O)C#CCCCl)C3CCC12,CHEMBL9948
DEC_1782,decoy,Nc1nc(N)c2cc(S(=O)(=O)c3ccc4ccccc4c3)ccc2n1,CHEMBL268584
DEC_3105,decoy,C/C(=C\c1ccc(C(=O)O)cc1)c1ccc(C(C)C)c(C(C)C)c1,CHEMBL12691
DEC_3104,decoy,CCC(C)(C)c1cc(/C=C/c2cccnc2)cc(C(C)(C)CC)c1O,CHEMBL8652
DEC_2648,decoy,COc1cc([C@@H]2c3cc4c(cc3N[C@H]3COC(=O)N23)OCCO4)cc(OC)c1OC,CHEMBL8837
DEC_3731,decoy,CN(CC#CCCC1(C(O)(c2ccccc2)C2CCCCC2)SCCCS1)CCc1ccccc1,CHEMBL290746
DEC_0358,decoy,CCN(c1nc(C)cc(-c2ccccc2N)n1)c1ccc(C(C)C)cc1Br,CHEMBL9795
DEC_1968,decoy,Cc1ccccc1[C@@H]1CN2CCC[C@H]2c2ccccc21,CHEMBL286198
DEC_3472,decoy,O=c1c2c(oc(O)c1C(c1cccc(S(=O)(=O)Nc3ccccc3)c1)C1CC1)CCCCCC2,CHEMBL16421
DEC_2352,decoy,NCC/N=C(\S)Nc1c(Br)cccc1Br,CHEMBL31851
DEC_4582,decoy,CNC(=O)c1ccc(/C=C/C(=O)NCC(=O)N(C)c2ccc(Cl)c(COc3cccc4c3nc(OC)n4C)c2Cl)cc1,CHEMBL44557
DEC_2105,decoy,CCCC1=NN(C(=O)OC2CCCCC2)C(CCC)N=N1,CHEMBL17599
DEC_4231,decoy,CCCCCCCN(Cc1ccc(CC(C)(C)C)cc1)C(=O)Nc1ccc(F)cc1F,CHEMBL277986
DEC_4296,decoy,C[C@H]1C[C@H]2C3Cc4ccc(O)cc4C2(CCN3CC2CC2)CC1=O,CHEMBL286801
DEC_0596,decoy,COC(=O)/C=C\C(=O)N[C@@H]1CCC2(O)C3Cc4ccc(O)c5c4C2(CCN3CC2CC2)C1O5,CHEMBL440282
DEC_0045,decoy,COc1cccc2c1CCC[C@H]2CN(C)CCc1ccc2c(c1)CCS2(=O)=O,CHEMBL10066
DEC_4224,decoy,OC(CN(Cc1cccc(-c2ccncc2)c1)c1cccc(Oc2ccccc2)c1)C(F)(F)F,CHEMBL263679
DEC_0851,decoy,C[C@H](Sc1nc(N)cc(Cl)n1)c1cc2ccoc2cn1,CHEMBL280541
DEC_3305,decoy,CCCS(=O)(=O)c1cc(C2CC[C@@H](c3cc(OC)c(OC)c(OC)c3)O2)cc(OC)c1OCCS(=O)(=O)c1ccncc1,CHEMBL294182
DEC_2425,decoy,Cc1cc(CCCCCOc2c(C)cc(-c3ccoc3)cc2C)on1,CHEMBL24788
DEC_3287,decoy,CCOC(=O)CCCCO/N=C(\c1ccc(CN2CCN(C(=O)C3CSC(c4cccnc4)N3)CC2)cc1)c1cccnc1,CHEMBL324118
DEC_0623,decoy,CC(=O)N(C(=O)N=[S+]([O-])(c1ccc(C)cc1)N(C)C(C)=O)c1ccc(Cl)cc1,CHEMBL7876
DEC_3892,decoy,CCOC(=O)/C=C(C)/C=C/C=C(C)/C=C/C1=C(C)C2(CCC1(C)C)CC2,CHEMBL20997
DEC_1101,decoy,CC(C)C1=CC2CC3(C=O)[C@@H]4CC[C@@H](C)[C@H]4CC2(CO[C@H]2C[C@H]4[C@H](OC[C@H]4C(C)C)[C@@H](C)O2)C13C(=O)O,CHEMBL297584
DEC_1124,decoy,Cc1ccc(F)cc1C(=O)N(CCCN(C)C)c1ccc(C(=O)N2Cc3cccn3Cc3ccccc32)cn1,CHEMBL49323
DEC_0616,decoy,C[C@]12C=CC(=O)NC1CCC1C2CC[C@@]2(C)C1CC[C@@H]2C(=O)n1ccc2ccccc21,CHEMBL24465
DEC_2329,decoy,CC[C@H](C)C(=O)O[C@H]1C[C@@H](C)C=C2C=C[C@H](C)[C@H](CC[C@@H]3C[C@H](CC(=O)OC)N(Cc4ccc5c(c4)OCO5)C(=O)O3)[C@H]21,CHEMBL83109
DEC_1007,decoy,CCOc1nc(C(Cl)(Cl)Cl)c(Cl)c(OCC)c1Cl,CHEMBL416886
DEC_3506,decoy,CN(C)c1ccc(C#C[C@]2(O)CCC3C4CCC5=CC(=O)CCC5=C4[C@@H](c4ccc(N(C)C)cc4)C[C@@]32C)cc1,CHEMBL72866
DEC_2403,decoy,COc1ccc(-c2csc3c2-n2cccc2/C3=N/OCCCN(C)C)cc1,CHEMBL32179
DEC_0959,decoy,CCn1cc(C(=O)O)c(=O)c2c(N)c(F)c(N3CC(C)NC(C)C3)c(F)c21,CHEMBL15151
DEC_3167,decoy,CNC(=O)[C@H](Cc1cccc2c1CCCC2)NC(=O)[C@H](CC(C)C)[C@H](C)C(=O)NO,CHEMBL279078
DEC_2146,decoy,CC1(c2ccc(F)cc2)OC(/C=C/c2ccc(C#N)cc2)=CC1=O,CHEMBL276919
DEC_2822,decoy,CCOC(=O)c1ccc(/C=C(C)/C=C/C2=C(C)CCCC2(C)C)cn1,CHEMBL26290
DEC_4548,decoy,CO/C1=C\C(C)=C\[C@@H](C)[C@@H](O)[C@@H](C)C/C(C)=C/C=C/[C@H](OC)[C@@H]([C@@H](C)[C@@H](O)[C@H](C)C(=O)/C=C/[C@H](C)C(O)C(C)C)OC1=O,CHEMBL54107
DEC_2791,decoy,CC[C@H](NC(=O)[C@@H]1[C@@H](C)CCN1C(=O)[C@H](NC(=O)[C@H](NC(=O)c1cnccn1)C(C)C)C(C)C)C(=O)C(=O)N[C@@H](C)c1ccccc1,CHEMBL177235
DEC_2100,decoy,CCN(CC)CC#CCCCC1SCCCS1,CHEMBL41257
DEC_0266,decoy,Brc1cccc(Br)c1N(CC1CCC1)C1=NCCN1,CHEMBL20074
DEC_4189,decoy,CCCn1c(=O)c2c(nc(/C=C/c3cccc([N+](=O)[O-])c3)n2C)n(CCC)c1=O,CHEMBL26938
DEC_3732,decoy,CCCN(CC#CCCCC1(C2(O)c3ccccc3Sc3ccccc32)SCCCS1)CCC,CHEMBL290401
DEC_1584,decoy,Cc1cccc(SCc2cnc3nc(N)nc(N)c3c2C)c1,CHEMBL23272
DEC_3464,decoy,CC(C)(C)c1ccc(-c2c(O)nc3cc(Cl)c([N+](=O)[O-])cc3c2OCCC2CCCCN2)cc1,CHEMBL301552
DEC_1934,decoy,CCOC(=O)c1cccc(NC(=O)NC(=O)N2CCN(C(=O)CN3C(=O)C(=O)c4cc([N+](=O)[O-])ccc43)CC2)c1,CHEMBL315217
DEC_1713,decoy,Cc1nc(-c2ccncc2)sc1C(=O)N1CCC(N2C(=O)OCc3ccccc32)CC1,CHEMBL31986
DEC_2260,decoy,COP(=O)(OC)C(O)(C(C)(C)Oc1ccc(Cl)cc1)P(=O)(OC)OC,CHEMBL288780
DEC_3678,decoy,CC1CCN(c2ccc3c(c2)CN2CC(=O)NC2=N3)CC1,CHEMBL31357
DEC_0776,decoy,COc1ccc(C(F)(F)F)cc1NCc1cnc2nc(N)nc(N)c2n1,CHEMBL23495
DEC_0797,decoy,C/C(=N/OCC(O)CNC(C)(C)C)C(C)C,CHEMBL26506
DEC_3176,decoy,Nc1ccc(C(=O)NCCNCC(O)COc2cccc3c2OCCO3)cc1,CHEMBL33516
DEC_3595,decoy,CC(C)(C)C1CS(=O)(=O)C(c2c(F)c(F)c(N=[N+]=[N-])c(F)c2F)S(=O)(=O)C1,CHEMBL31286
DEC_2233,decoy,CC(=O)c1c(-c2ccc(O)cc2)c(-c2ccc(O)cc2)nn(CCO)c1=O,CHEMBL31937
DEC_4032,decoy,CCCCN1CCC[C@H]1CNC(=O)c1cc(SC)cc2c1OCCN2C,CHEMBL21971
DEC_1499,decoy,Cc1cc(CCCOc2c(C)cc(-c3noc(CC(F)(F)F)n3)cc2C)on1,CHEMBL28454
DEC_3480,decoy,CCCC1Nc2ccc(C(C)C)cc2C(=O)N1Cc1ccc(-c2ccccc2-c2nn[nH]n2)cc1,CHEMBL415982
DEC_0816,decoy,O=NN(CCCl)C(=O)Oc1cccnc1,CHEMBL34613
DEC_1320,decoy,c1cc(NC2=NCCN2)ccc1Cc1ccc(OCC2CCOCC2)cc1,CHEMBL10242
DEC_2978,decoy,COc1cc2c(cc1OCCCCCOc1cc3c(cc1OC)C(=O)N1C[C@@H](F)C[C@H]1C=N3)N=C[C@@H]1C[C@H](F)CN1C2=O,CHEMBL91308
DEC_3125,decoy,Cc1ccc(-n2c(=O)c3c(c4cccnc42)OCCC3)cc1,CHEMBL283640
DEC_2250,decoy,CCCCc1nc(CCCC)n(Cc2ccc(-n3c(F)ccc3-c3nn[nH]n3)cc2)n1,CHEMBL12693
DEC_4476,decoy,CCN1CCN(c2cc3c(cc2F)c(=O)c(C(=O)O)cn3C2CC2)CC1,CHEMBL15511
DEC_4053,decoy,COc1cnc(C[S+]([O-])c2nc3cc4c(cc3[nH]2)OC(F)(F)O4)c(C)c1OC,CHEMBL9658
DEC_0809,decoy,CCCNC1Cc2cccc3nc(O)n(c23)C1,CHEMBL11866
DEC_0761,decoy,CC1CN(c2cc3c(c(N)c2F)c(=O)c(C(=O)O)cn3C2CC2)CCN1,CHEMBL276049
DEC_3984,decoy,CCCN(CCC)C1CCc2cccc(C(=O)C3CCCCC3)c2C1,CHEMBL282080
DEC_1402,decoy,CC(C)Oc1ccc(Sc2ccc(NC3=NCCN3)cc2)cc1,CHEMBL9604
DEC_0232,decoy,CS(=O)(=O)c1c(Cl)cc(-n2ncc(=O)[nH]c2=O)cc1Cl,CHEMBL27827
DEC_2869,decoy,OCCOCn1ccc2c(Cl)nc(Cl)nc21,CHEMBL37665
DEC_3873,decoy,CC(C)CCCC(C)[C@H]1CCC2C3CCC4N(C)C(=O)CC[C@]4(C)C3CC[C@@]21C,CHEMBL24193
DEC_4023,decoy,Cc1cc(C)cc(Sc2c(C(C)C)c(=O)[nH]c(=O)n2COCCO)c1,CHEMBL276108
DEC_0107,decoy,Cc1cc(C(=C2CCN(C)CC2)c2ccc(C(C)C)cc2)sn1,CHEMBL22224
DEC_1471,decoy,CC1(C)C=C(n2cccc2)c2cc(C#N)ccc2O1,CHEMBL290134
DEC_1336,decoy,O=C(O)CC/C=C\C[C@@H]1[C@@H](CNS(=O)(=O)c2ccc(F)cc2)CC[C@H]1F,CHEMBL20525
ACT_001,active,COc1ccc(/C=C/c2cc(OC)cc(OC)c2/C=C/C(=O)N2CCOCC2)cc1,CHEMBL2333738
DEC_4007,decoy,CSc1ccccc1-c1cc2ncccc2c(NCCCN)n1,CHEMBL287267
DEC_3225,decoy,CCCc1cc(=O)oc2c3c(c4c(c12)OC(C)(C)C=C4)O[C@H](CC)[C@@H](C)C3=O,CHEMBL7633
ACT_021,active,Cc1cc(=O)c(Oc2ccc(F)cc2F)c(-c2ccc([S@+](C)[O-])cc2)o1,CHEMBL2096836
DEC_2115,decoy,CN(C/C=C/c1ccccn1)Cc1cccc2ccccc12,CHEMBL21959
DEC_2911,decoy,C#CCONC(=O)O[C@H]1[C@@H](O)[C@H](Oc2ccc3c(=O)c(/C(C)=N/OC)c(O)oc3c2C)OC2(CCCCC2)[C@@H]1OC,CHEMBL45525
DEC_1357,decoy,C[C@H]1Cc2cc3c(C(F)(F)F)cc(O)nc3cc2N[C@@H]1C,CHEMBL6983
DEC_2006,decoy,CCCC1CCNc2cc3nc(O)cc(C(F)(F)F)c3cc21,CHEMBL280865
DEC_2886,decoy,Cc1ccccc1CC1CCc2nc(N)nc(N)c2C1,CHEMBL7542
DEC_3552,decoy,N#Cc1c(C(=O)NN2CC3CCCC3C2)nc(-c2ccc(Cl)cc2Cl)n1-c1ccc(Cl)cc1,CHEMBL416718
DEC_2482,decoy,CCC[C@@H]1CC2C3CCC(=O)C3(C)CCC2C2(C)CCC(=O)C=C12,CHEMBL282673
DEC_2591,decoy,CCCC(NC(=O)[C@@H]1[C@H]2CCC(F)(F)[C@H]2CN1C(=O)[C@@H](NC(=O)OC(C)C)C(C)C)C(=O)C(=O)N[C@@H](C)c1ccccc1,CHEMBL89398
DEC_3318,decoy,CN(CCO)C1CC(=O)N([C@H]2CC3CC[C@]2(CS(=O)(=O)N2CCC4(CCc5ccccc54)CC2)C3(C)C)C1=O,CHEMBL20171
DEC_3616,decoy,O=C1[C@@H](NS(=O)(=O)c2ccc(-c3ccccn3)s2)CCN1Cc1cc2[nH]cccc-2n1,CHEMBL266098
DEC_3660,decoy,CCCc1nc2c([nH]1)N1C(=N[C@@H]3CCC[C@@H]31)N(C)C2=O,CHEMBL275204
DEC_3037,decoy,COc1cc(Br)c(CC(C)N)cc1OC,CHEMBL31557
DEC_3361,decoy,Nc1nc2c(cnn2CCOCc2ccccc2)c2nc(-c3ccco3)nn12,CHEMBL17281
DEC_1799,decoy,CC1CC(OCC(O)CNC(C)(C)C)CC(C)(C)C1,CHEMBL25929
DEC_2033,decoy,COc1cccc2c1CCC[C@H]2CN(C)CCc1ccc2c(c1)CNC2,CHEMBL430314
DEC_2778,decoy,CCC(C)Oc1ccccc1C(=O)N[C@]1(OC)C(=O)N2C(C(=O)OCc3ccc(C(=O)O)cc3)=C(CSc3nnnn3C)CO[C@@H]21,CHEMBL80420
DEC_2946,decoy,Cn1nnnc1-c1ccccc1-c1ccc(Cn2cnc3ccc(N(Cc4ccccn4)C(=O)c4ccncc4)cc3c2=O)cc1,CHEMBL29725
DEC_2921,decoy,CCC1(O)C(=O)OCc2c1cc1n(c2=O)Cc2cc3cc(OCCNC(=O)S(=O)(=O)c4cccs4)ccc3nc2-1,CHEMBL101475
DEC_2697,decoy,CN(C)CCN(C)c1ccc2ncn3c4ccc(O)cc4c(=O)c1c23,CHEMBL417602
DEC_0884,decoy,Cc1cc(C#N)ccc1/N=c1\c(O)c(O)\c1=N/[C@H](C)C(C)(C)C,CHEMBL273362
DEC_2650,decoy,Nc1c(F)c(N2CCC(N)C2)c(Cl)c2c1c(=O)c(C(=O)O)cn2C1CC1,CHEMBL279156
DEC_3229,decoy,COC1(c2nccs2)CCc2c(OCc3ccc4ccccc4c3)cccc21,CHEMBL277037
DEC_0803,decoy,CC1CCC(NC(=O)N(CCF)N=O)CC1,CHEMBL13005
DEC_4439,decoy,CCCCC1=C(N2CC2)C(=O)c2nc3n(c2C1=O)CCC3OC(C)=O,CHEMBL441597
DEC_4511,decoy,CN1Cc2c(C(=O)OC(C)(C)C)ncn2-c2ccc(Cl)cc2C1=O,CHEMBL415293
DEC_0081,decoy,C[C@@H](Cc1ccccc1)NCCc1ccccc1,CHEMBL20804
DEC_1230,decoy,Cc1c(-c2ccc3c(c2)OCO3)c(=O)n(CCN(C)CCc2ccccn2)c(=O)n1Cc1c(F)cccc1F,CHEMBL23797
DEC_2833,decoy,CC(C)C(=O)N(c1ccc(Cl)c(Cl)c1)C1CCCC1N(C)C,CHEMBL20548
DEC_3119,decoy,c1cc2c(c(N3CCN(CC4CCCCC4)CC3)c1)OCCO2,CHEMBL282205
DEC_0490,decoy,CCC1NC(=O)OC12CCN(CC1COc3ccccc3O1)CC2,CHEMBL281290
DEC_1473,decoy,Cc1cc(O)nc2c3c(ccc12)OC(C)(C)C=C3,CHEMBL6392
DEC_2114,decoy,CN(C/C=C/c1ccccc1)Cc1cccc2sccc12,CHEMBL22362
DEC_4203,decoy,CCS(=O)(=O)c1ccc(OC)c(-c2ccc(CN3CCCCCC3)[nH]2)c1,CHEMBL279039
DEC_4471,decoy,CN(C)CC1CCN(c2cc3c(cc2F)c(=O)c(C(=O)O)cn3C2CC2)C1,CHEMBL15324
DEC_1088,decoy,C/C=C/COC1(C(F)(F)F)OC(=O)Nc2ccc(Cl)cc21,CHEMBL280030
DEC_0573,decoy,CCCCOC(=O)/C=C/C(=O)N[C@@H]1CC[C@@]2(O)C3Cc4ccc(O)c5c4C2(CCN3CC2CC2)C1O5,CHEMBL293145
DEC_3103,decoy,C/C(=C\c1ccc(C(=O)O)cc1)c1ccc2c(c1)C(C)(C)CCC2(C)C,CHEMBL275311
DEC_3329,decoy,CCc1cn([C@@H]2O[C@H](CNC(=O)C3c4ccccc4Oc4c(-c5ccccc5)cccc43)[C@@H](O)[C@@H]2F)c(=O)[nH]c1=O,CHEMBL44047
DEC_3766,decoy,O=C1CC2(CCCC2)CC(=O)N1CCN1CCc2ccccc2C1,CHEMBL14209
DEC_2406,decoy,CC(C)/C(=N\O)c1ccc(Sc2cc(F)cc(C3CCOCC3)c2)cc1,CHEMBL24030
DEC_0794,decoy,COc1cc(NCc2cnc3nc(N)nc(N)c3c2C)cc(OC)c1OC,CHEMBL23532
DEC_2013,decoy,C=CCN(C1=NCCN1)c1c(Br)cccc1Br,CHEMBL20176
DEC_2750,decoy,CCC[C@H](NC(=O)[C@@H]1[C@H]2CCC[C@H]2CN1C(=O)[C@@H](NC(=O)[C@@H](NC(=O)c1cnccn1)C(C)C)C(C)(C)C)C(=O)C(=O)NC(C)CC,CHEMBL314777
DEC_0384,decoy,COc1cc2c(cc1OC)[C@@H]1C(=O)c3ccc4c(c3O[C@@H]1CO2)Cc1cc(C(C)C)oc1C4,CHEMBL297635
DEC_3428,decoy,N#CC1Cc2cc3c(-c4ccccc4F)noc3c(Cl)c2O1,CHEMBL269649
DEC_1264,decoy,Nc1cccc2[nH]c3c(N4CCN(CCc5ccc(F)c(F)c5)CC4)ncnc3c12,CHEMBL25972
DEC_1716,decoy,O=S1O[C@H](c2ccc(F)cc2)[C@@](Cn2cncn2)(c2ccc(Cl)cc2Cl)O1,CHEMBL276844
DEC_2996,decoy,CC1(C)O[C@H]2[C@@H]3OS(=O)(=O)O[C@@H]3CO[C@@]2(COS(=O)(=O)N2CCCCC2)O1,CHEMBL26974
DEC_3340,decoy,COC(OC)[C@]1(C)Oc2ccc([N+](=O)[O-])cc2[C@@H](N(Cc2ncc[nH]2)c2ccc(Br)cc2)[C@@H]1O,CHEMBL46685
DEC_4284,decoy,CCC#CC1(C(F)(F)F)OCC(=O)Nc2ccc(Cl)cc21,CHEMBL281239
DEC_4506,decoy,Cc1cccc2nc(Nc3ccccc3I)oc(=O)c12,CHEMBL275726
DEC_0085,decoy,CCCN(CCC)[C@H]1C[C@@H]1c1ccccc1OC,CHEMBL34652
DEC_2616,decoy,COc1ccc2c(c1)COP(=O)(OC[C@@H]1C=C[C@H](n3cnc4c(N)ncnc43)O1)O2,CHEMBL41053
DEC_3858,decoy,CC12CCC(OC=O)CC1CCC1C2CCC2(C)[C@@H](C3=CC(=O)OC3)C(OC=O)CC12O,CHEMBL451551
DEC_3768,decoy,Cc1cnc2c(C)ccc([N+](=O)[O-])c2c1NCCCN(C)C,CHEMBL31852
DEC_0920,decoy,C[C@@H]1CC(C)(C)Nc2ccc3c(c21)[C@H](c1ccc(Cl)cc1)Oc1ccccc1-3,CHEMBL36076
DEC_2208,decoy,Nc1nc(O)c2nc(CCNC3CCC(C(=O)O)CC3)cnc2n1,CHEMBL283838
DEC_0253,decoy,CC(C)(C)C1CSC(C2=CC(=O)C(Br)=CC2=[N+]=[N-])SC1,CHEMBL31975
DEC_1478,decoy,Cc1sc(C)c2c1CCCC2c1c[nH]cn1,CHEMBL30739
DEC_0970,decoy,NCC1CCN(c2c(F)c(N)c3c(=O)c(C(=O)O)cn(C4CC4)c3c2F)C1,CHEMBL15391
DEC_2987,decoy,CC(C)(C)OC(=O)N1CSC[C@H]1C(=O)N[C@@H](CSCC1CCCCC1)C(=O)N1CCC(NCc2ccccc2)CC1,CHEMBL306399
DEC_3156,decoy,OCC(O)C(O)C(O)COC/C=C/C(F)(F)C(F)(F)C(F)(F)C(F)(F)F,CHEMBL281827
DEC_0631,decoy,CN(C(=O)[C@H]1CCC2C3CCC4NC(=O)C=C[C@]4(C)C3CC[C@@]21C)c1ccccc1,CHEMBL25072
DEC_2247,decoy,CC1CCC(/C=N/c2ccccc2C(=O)O)=C2NC=C(C(=O)O)C(=O)N21,CHEMBL283577
DEC_1091,decoy,O=C1Nc2ccc(F)cc2C(C#Cc2ccco2)(C(F)(F)F)O1,CHEMBL17446
DEC_4364,decoy,Clc1ccc2c(c1)[C@H]1NCC[C@H]1[C@H](c1c[nH]c3ccc(Cl)cc13)N2,CHEMBL284875
DEC_0725,decoy,CCOC(=O)c1cc(-c2cc(O)c(Sc3ccccc3C(C)C)c(=O)o2)ccc1O,CHEMBL13036
DEC_2127,decoy,CCC1CN2CCC1CC2C(O)c1ccnc2ccccc12,CHEMBL428695
DEC_0958,decoy,C/C=C/C1=C(C(=O)O)N2C(=O)[C@@H](NC(=O)[C@H](N)c3ccc(O)cc3)[C@H]2CO1,CHEMBL277997
DEC_3416,decoy,CC(=O)c1cc2c3c(ccc2o1)[C@@H]1COc2cc(O)ccc2[C@@H]1O3,CHEMBL267742
DEC_4632,decoy,O=Cc1ccn(-c2cc3nc(O)c(O)nc3cc2C(F)(F)F)c1,CHEMBL12841
DEC_2538,decoy,c1ccc2c(c1)Oc1ccccc1C2NCC1CCCCO1,CHEMBL278631
DEC_2317,decoy,Cc1ccc2cccc(OCc3c(Cl)ccc(N(C)C(=O)CNC(=O)/C=C/c4ccc(C(F)(F)F)cc4)c3C#N)c2n1,CHEMBL325255
DEC_0293,decoy,Cc1cc(-n2ccc(=O)[nH]c2=O)cc(Cl)c1Sc1ccc(Cl)cc1,CHEMBL10830
DEC_2976,decoy,COc1cc2c(Nc3ccc(Sc4nccn4C)c(Cl)c3)c(C#N)cnc2cc1OCCCN1CC[S+]([O-])CC1,CHEMBL105642
DEC_2034,decoy,CC(C)=CCOC1(C(F)(F)F)OC(=O)Nc2ccc(Cl)cc21,CHEMBL17672
DEC_3556,decoy,Cl.O=C(C1CCCN1)N1CCCC1P(=O)(OCC(F)(F)F)OCC(F)(F)F,CHEMBL276884
DEC_1035,decoy,Brc1ccccc1-c1nnc2c3ccccc3c(N3CCCC3)nn12,CHEMBL428336
DEC_1176,decoy,CC1=C(N2CC2)C(=O)c2nc3n(c2C1=O)CCC[C@H]3N,CHEMBL20272
DEC_3727,decoy,CCO/C(O)=C1\C(C)=N/C(=C\C(=O)c2ccccc2)[C@@H](C(=O)c2ccccc2)[C@@H]1c1ccccc1C(F)(F)F,CHEMBL44861
DEC_2715,decoy,Fc1ccc(C2=CCc3ccccc3N=C2N2CCNCC2)cc1.O=C(O)/C=C/C(=O)O,CHEMBL16625
DEC_2440,decoy,C=CCN1CCN(C(c2ccccc2)c2ccc(-c3ccccn3)cc2)CC1,CHEMBL281680
DEC_1184,decoy,CNc1nc(Cl)c(SC)c(N2CCN(C)CC2)n1,CHEMBL407641
DEC_2427,decoy,COc1cccc2c1CCC[C@H]2CN(C)CCc1ccc2occc2c1,CHEMBL10102
DEC_2019,decoy,CCCOC1(C(F)(F)F)OC(=O)Nc2ccc(Cl)cc21,CHEMBL17477
DEC_3906,decoy,Clc1ccc2c(c1)-n1cccc1C(c1ccccc1)(c1ccccc1)S2,CHEMBL26442
DEC_2531,decoy,c1ccc2c(c1)-c1ccccc1C21OC[C@H]([C@@H]2CCCCN2)O1,CHEMBL442107
DEC_1740,decoy,O=C1O[C@H](c2ccc(Cl)cc2)[C@@](Cn2cncn2)(c2ccc(Cl)cc2Cl)O1,CHEMBL276183
DEC_1833,decoy,C=CCc1ccc(O)c(-c2ccc(O)c(CC=C)c2)c1,CHEMBL16901
DEC_0357,decoy,O=S1(=O)c2cccc3cccc(c23)N1CCN1CCC(CC2=CCc3ccccc32)CC1,CHEMBL416544
DEC_1440,decoy,CCN(CC)CCNc1ccc(C)c2oc3ccc(O)cc3c(=O)c12,CHEMBL21441
DEC_0975,decoy,C=CCC1=C(C(=O)O)N2C(=O)[C@@H](NC(=O)[C@H](N)c3ccc(O)cc3)[C@H]2SC1,CHEMBL18825
DEC_2771,decoy,CCCC(NC(=O)[C@@H]1[C@H]2CCC(F)(F)[C@H]2CN1C(=O)[C@@H](NC(=O)[C@@H](NC(=O)c1cnccn1)C(C)C)C(C)C)C(=O)C(=O)NC1CC1,CHEMBL405689
DEC_1509,decoy,CCOC(=O)C[C@H]1CCCCC12OOC1(CCCC[C@H]1CC(=O)OCC)OO2,CHEMBL34205
DEC_0263,decoy,COCCN1C(=O)N(c2ccc(C#N)c(C(F)(F)F)c2)C(=O)C1(C)C,CHEMBL432658
DEC_3854,decoy,O=C(O)c1cn(C2CC2)c2c(F)c(N3CCOC(CN4CCCCC4)C3)c(F)cc2c1=O,CHEMBL280842
DEC_3076,decoy,CCOC(=O)c1ccc(/C=C(C)\C=C\C2=C(C)CCCC2(C)C)s1,CHEMBL26339
DEC_0600,decoy,C/C(N)=N/Cc1ccc([C@H]2C[C@H](SC3=C(C(=O)O)N4C(=O)[C@H]([C@@H](C)O)[C@H]4[C@H]3C)CN2)cc1,CHEMBL17658
DEC_0292,decoy,CN1C(=O)C=C[C@]2(C)C3CC[C@@]4(C)C(CC[C@@]4(O)C#CCCCl)C3CCC12,CHEMBL9887
ACT_031,active,c1cc(-c2ccc(Nc3nc(N4CCCCC4)nc(N4CCCCC4)n3)cc2)on1,CHEMBL4080823
DEC_0928,decoy,Oc1ccc(Cc2sc3ccccc3c2-c2ccc(-c3ccc(O)cc3)cc2)cc1,CHEMBL25995
DEC_3665,decoy,CC(=O)OC1CCC(NC(=O)N(CCF)N=O)CC1,CHEMBL418159
DEC_0642,decoy,COc1ccc(Cl)c(C2(F)C(=O)Nc3c(I)cccc32)c1,CHEMBL275699
DEC_3089,decoy,CC1(C)CCC(C)(C)c2cc(/N=N/c3ccc(C(=O)O)cc3)ccc21,CHEMBL13150
DEC_3429,decoy,CC1(C)CCSc2ccc(/N=N/c3ccc(C(=O)O)cc3)cc21,CHEMBL12976
DEC_1048,decoy,CCC1CCNc2cc3c(cc21)c(C(F)(F)F)cc(=O)n3C,CHEMBL27297
ACT_052,active,Fc1ccc(-c2[nH]c(-c3ccc(F)cc3)c3c2C2CCC3C2)cc1,CHEMBL143776
DEC_0373,decoy,CC(C)(C)c1cc2n(n1)C(c1ccc(F)c(Br)c1)C1=C(O)CCCC1=N2,CHEMBL35304
ACT_044,active,COc1ccc(C2=Cc3ccccc3CC2)c(OC)c1OC,CHEMBL229245
DEC_3049,decoy,NCCc1c[nH]c(-c2csc(Br)c2)n1,CHEMBL24346
DEC_1481,decoy,Cc1cc2c(cc1C1CCCCC1)OC(=O)C2C,CHEMBL34410
DEC_1641,decoy,Brc1cccc(C2NCCS2)c1,CHEMBL25304
DEC_3746,decoy,CC(CCC(O)(c1ccccc1)c1ccccc1)(c1ccc(O)cc1)c1ccc(O)c(CN2CCCCCC2)c1,CHEMBL78546
DEC_2899,decoy,CC[C@H]1OC(=O)C[C@@H](O)[C@H](C)[C@@H](O[C@@H]2O[C@H](C)[C@@H](O)[C@H](N(C)C)[C@H]2O)[C@@H](CC=O)C[C@@H](C)C(=O)/C=C/C(C)=C/[C@@H]1C,CHEMBL43197
DEC_1970,decoy,CN1CC=C(c2c[nH]c3ccc(-c4ccsc4)cc23)CC1,CHEMBL417470
DEC_2631,decoy,N#Cc1cccnc1N1CCN(CCCCN2C(=O)c3ccc([N+](=O)[O-])cc3C2=O)CC1,CHEMBL38385
DEC_4525,decoy,CCCN1CCCC[C@H]1[C@H]1COC(c2ccccc2)(c2ccccc2)O1,CHEMBL430915
ACT_023,active,C[C@H](C(=O)N(C)CC(O)(Cn1ccnc1)c1ccc(Cl)cc1Cl)c1cccc(C(=O)c2ccccc2)c1,CHEMBL5219227
DEC_2248,decoy,O=C(O)[C@@H]1C[C@H]2C[C@@H](c3cccc(-c4nn[nH]n4)c3)CC[C@H]2CN1,CHEMBL280498
DEC_2908,decoy,CC1OC(Oc2c3c(c4cccnc4c2OC2OC(C)C(O)C(O)C2F)C(=O)c2ccccc2C3=O)C(F)C(O)C1O,CHEMBL405065
DEC_4340,decoy,O=C(O)c1ccc(NCc2ccc(F)cc2)c[n+]1[O-],CHEMBL416396
DEC_4137,decoy,CC(C)c1cccc(C(C)C)c1NC(=O)NS(=O)(=O)N(C(C)C)C(C)(C)C,CHEMBL281597
DEC_1953,decoy,CCC(=O)C1C(C2CCCCC2)CC2CCC1N2C,CHEMBL280382
DEC_4132,decoy,CCN(CC)CCNc1ccc2ncn3c4ccc(C(C)(C)C)cc4c(=O)c1c23,CHEMBL8801
DEC_4406,decoy,CC(C)(C)Nc1nc(C(F)(F)F)nc2ccc(-c3cccnc3)cc12,CHEMBL16484
DEC_2949,decoy,COC1=C(OC)[C@@]2(OC)c3c(OC)c(OC)c4c(c3O[C@@]23O[C@@H](c2ccccc2)CC=C3C1=O)[C@@H](OC)C[C@H](c1ccccc1)O4,CHEMBL284830
DEC_4497,decoy,Cc1nn(-c2cccc(N)c2)c2oc3ccc(Br)cc3c(=O)c12,CHEMBL286479
DEC_0909,decoy,C[C@@H]1C(=O)C(C)(C)Nc2ccc3c(c21)[C@H](c1cccc(F)c1)Oc1ccccc1-3,CHEMBL36564
DEC_0103,decoy,N#Cc1ccc(-c2ccc3c(c2)C2(CCCCC2)C(S)=N3)s1,CHEMBL417475
DEC_0815,decoy,O=C(O)C(Cc1ccccc1)Cc1c[nH]cn1,CHEMBL33259
DEC_2043,decoy,O=C1Nc2ccc(Cl)cc2C(OCCC2CC2)(C(F)(F)F)O1,CHEMBL275846
DEC_0700,decoy,CCCCCCc1nc2c([nH]1)N1CC3(CCCC3)N=C1N(C)C2=O,CHEMBL18965
DEC_0955,decoy,CCCC1=C(C(=O)O)N2C(=O)[C@@H](NC(=O)[C@H](N)c3ccc(O)cc3)[C@H]2CO1,CHEMBL277097
DEC_2031,decoy,Nc1nc(N)c2c([S+]([O-])c3ccc4ccccc4c3)cccc2n1,CHEMBL6726
DEC_2386,decoy,O=C1NC(=O)C(CC#Cc2ccc(Cl)cc2)(Sc2ccccc2)S1,CHEMBL11973
DEC_0044,decoy,CCCC1=NC2(CCOCC2)C(=O)N1Cc1ccc(-c2ccccc2-c2nn[nH]n2)cc1,CHEMBL435953
DEC_4173,decoy,CCCN(CCN1C(=O)CC2(CCCC2)CC1=O)C1COc2cccc(OC)c2C1,CHEMBL28339
DEC_2104,decoy,CN(C/C=C/C1CC=CCC1)Cc1cccc2ccccc12,CHEMBL282220
DEC_0005,decoy,COCc1cc(CCCOc2c(C)cc(-c3noc(C(F)(F)F)n3)cc2C)on1,CHEMBL27858
DEC_1769,decoy,CC1Cc2cc3c(cc2C(c2ccc(N)cc2)=NN1C(=O)C(C)(C)C)OCO3,CHEMBL269104
ACT_097,active,Cc1ccccc1Oc1ccc(=O)n(CN2C(=O)c3ccccc3C2=O)n1,CHEMBL5579730
DEC_3248,decoy,CCOc1ccc(-n2c(C)c3c(C)nnc(Nc4ccccc4)c3c2C)cc1,CHEMBL26552
DEC_3028,decoy,CCC(C)CC1(c2ccc(N)cc2)CCC(=O)NC1=O,CHEMBL287647
DEC_3391,decoy,CN(C)CCc1nnc2n1-c1ccc(Br)cc1C(c1ccccn1)=NC2,CHEMBL16271
DEC_1417,decoy,Nc1nc(N)c2c(n1)CCC(Cc1ccc(Cl)c(Cl)c1)C2,CHEMBL6971
DEC_2130,decoy,CCc1nccn1-c1ccc(C2=CCCn3c2cnc3C)cc1,CHEMBL28344
DEC_1630,decoy,CCC1CCC(NC(=O)N(CCF)N=O)CC1,CHEMBL274792
DEC_1882,decoy,O=C(O)C(=O)CC(=O)c1ccc(-c2ccc(S)cc2)cc1,CHEMBL428525
DEC_1426,decoy,Nc1nc(O)c2cc([S+]([O-])c3ccc4ccccc4c3)ccc2n1,CHEMBL269059
DEC_0878,decoy,Cc1cc(O)nnc1-c1ccc(-n2cnc3c2CCCC3)cc1,CHEMBL283917
DEC_0167,decoy,CCc1cc2c(s1)Nc1ccc(F)cc1N=C2N1CCN(C)C(C)C1,CHEMBL276095
DEC_3549,decoy,CN1C(=O)c2c(nc(-c3ccc(C4CCCCC4)cc3)n2Cc2ccccc2)N2CC3(CCCC3)N=C12,CHEMBL28676
DEC_0594,decoy,COC(=O)/C=C\C(=O)N[C@H]1CCC2(O)C3Cc4ccc(O)c5c4C2(CCN3CC2CC2)[C@H]1O5,CHEMBL20552
DEC_4111,decoy,O=[N+]([O-])c1ccc(S(=O)(=O)Nc2cc(Cl)cc3cc[nH]c23)cc1,CHEMBL20923
DEC_2763,decoy,CCCC(NC(=O)[C@@H]1[C@H]2CCC[C@H]2CN1C(=O)[C@@H](NC(=O)[C@@H](NC(=O)c1cnccn1)C(C)C)C(C)C)C(=O)C(=O)NC1CC1,CHEMBL264623
DEC_4297,decoy,C[C@@H]1C[C@@H]2C3Cc4ccc(O)cc4C2(CCN3CC2CC2)CC1=O,CHEMBL287660
DEC_0265,decoy,Brc1cccc(Br)c1N(CC1CC1)C1=NCCCN1,CHEMBL20013
DEC_1187,decoy,COc1ncccc1/N=c1\c(O)c(O)\c1=N/C(C)(C)C,CHEMBL277365
DEC_2977,decoy,C=C1C[C@H]2C=Nc3cc(OCCCCCOc4cc5c(cc4OC)C(=O)N4CC(=C)C[C@H]4C=N5)c(OC)cc3C(=O)N2C1,CHEMBL16932
DEC_4461,decoy,O=C(CCCC1CCCCC1)OC[C@H]1C[C@@H]2O[C@H]1[C@H]1C(=O)OC(=O)[C@H]12,CHEMBL266327
DEC_1442,decoy,CCCCC[C@](C)(O)/C=C/C1[C@H](O)C[C@@H]2OC(=O)CCC/C=C\C[C@H]12,CHEMBL12597
DEC_1306,decoy,O=C(O)CCCCCCC(=O)N1CCC2(CCN(c3ccncc3)CC2)C1,CHEMBL275088
DEC_3989,decoy,CCCCCCCCc1nc2c([nH]1)N1C(=N[C@@H]3CCC[C@@H]31)N(C)C2=O,CHEMBL18817
DEC_4094,decoy,NC(=O)CCC/N=C(\c1ccc(Cl)cc1)c1cc(F)ccc1O,CHEMBL287631
ACT_042,active,CONC1=NC(=O)/C(=C/c2cc(C(C)C)c(O)c(C(C)C)c2)S1,CHEMBL276506
DEC_3682,decoy,CC(/C=C/C(=O)C1=C(O)CN(C)C1=O)=C\c1ccccn1,CHEMBL10420
DEC_2357,decoy,COC(=O)c1cccc2c1c1c3c(cc4c1n2C(=O)CC4)CNCC3,CHEMBL23280
DEC_4129,decoy,C/C(=N\OCC(=O)O)c1ccc(Sc2cc(F)cc(C3CCOCC3)c2)cc1,CHEMBL285137
DEC_0747,decoy,CNP1(NC)=N[P@@](NC)(N2CC2)=N[P@](NC)(N2CC2)=N1,CHEMBL28257
DEC_1372,decoy,CN(C)C1CCc2[nH]c3c(ccc4ncccc43)c2C1,CHEMBL286789
DEC_1586,decoy,CC(/N=c1\c(O)c(O)\c1=N/c1ccc(-n2ccnc2)cc1)C(C)(C)C,CHEMBL18830
DEC_0727,decoy,O=C(Nc1ccc(Oc2ccc([N+](=O)[O-])cc2Cl)cc1)c1cc([N+](=O)[O-])ccc1O,CHEMBL33237
DEC_4324,decoy,CC1OC2(CCN(C)CC2)C/C1=N/OC(=O)N(C)C,CHEMBL39166
ACT_093,active,C#CCOc1ccc(/C=C2\SC(=S)NC2=O)cc1,CHEMBL4447565
DEC_4217,decoy,O=C(O)COc1cccc2c1CCCC2CC/C=N/OC(c1ccccc1)c1ccccc1,CHEMBL10470
DEC_0773,decoy,Nc1c(F)c(N2CCNCC2)cc2c1c(=O)c(C(=O)O)cn2C1CC1,CHEMBL16124
DEC_1095,decoy,CC(C)C1=CC2CC3(C=O)[C@@H]4CC[C@@H](C)[C@H]4CC2(CO[C@H]2CN(C4C=CCCC4)[C@H](C)CO2)[C@]13C(=O)O,CHEMBL287408
DEC_3838,decoy,CC(C)(C)OC(=O)c1ncn2c1CN(C(=O)N1CC3CC1CN3)c1cc(Cl)ccc1-2,CHEMBL15226
DEC_1944,decoy,CO[C@@H]1[C@@H](OC(=O)c2ccc(C)[nH]2)[C@@H](O)[C@H](Oc2ccc3c(O)c(C(N)=O)c(=O)oc3c2C)OC1(C)C,CHEMBL291128
DEC_3018,decoy,CCOC(=O)N1CCN(S(=O)(=O)c2ccc(-n3ncc(=O)[nH]c3=O)cc2Cl)CC1,CHEMBL11789
DEC_0113,decoy,CC1(C)OC(S)=Nc2ccc(-c3cc(Cl)cc(C#N)c3)cc21,CHEMBL25036
DEC_2065,decoy,CC(C)(C)O/N=C(\OC(=O)c1ccc(C(=O)C(C)(C)C)cc1)c1ccc(C(=O)C(C)(C)C)cc1,CHEMBL43982
DEC_4252,decoy,C=C1/C(=C\C=C\[C@H]2CCC[C@H]([C@H](C)CCCCC(O)(CC)CC)C2(C)C)C[C@@H](O)C[C@@H]1O,CHEMBL417495
DEC_1223,decoy,CCCc1cc(=O)n(Cc2ccccc2C(=O)OC)c(=O)n1Cc1ccc(-c2ccccc2-c2nn[nH]n2)cc1,CHEMBL65503
DEC_3958,decoy,NCCc1c[nH]c(-c2ccccc2C(F)(F)F)n1,CHEMBL26110
DEC_2145,decoy,CN(C/C=C/c1ccco1)Cc1cccc2ccccc12,CHEMBL282879
DEC_0222,decoy,CC[C@@]1(O)C(=O)OCc2c1cc1n(c2=O)Cc2cc3cc[n+]([O-])cc3nc2-1,CHEMBL13527
DEC_3314,decoy,O=C(Nc1nnc(S)s1)N[C@@H](Cc1c(F)c(F)c(F)c(F)c1F)C(=O)N1CCN(c2ccccn2)CC1,CHEMBL38900
DEC_1235,decoy,CCCCc1nc2ccn(CC(=O)C(C)(C)C)c(=O)c2n1Cc1ccc(-c2ccccc2-c2nn[nH]n2)cc1,CHEMBL289291
DEC_1497,decoy,CCCCc1nc2cnnc(O)c2n1Cc1ccc(-c2ccccc2-c2nn[nH]n2)cc1,CHEMBL7478
DEC_0009,decoy,CN(CCCl)[C@@H]1CCC2C3Cc4ccc(O)c5c4C2(CCN3CC2CC2)[C@H]1O5,CHEMBL8977
DEC_3206,decoy,CCC(CC)N(C=O)[C@H]1CCC2C3CC[C@H]4N(C)C(=O)CC[C@]4(C)C3CC[C@@]21C,CHEMBL16533
DEC_3701,decoy,N#Cc1ccnc2c1NC(=O)c1cccnc1N2C1CC1,CHEMBL291113
DEC_1250,decoy,CN(C)CCCNCc1cc(I)cc(C(C)(C)C)c1O,CHEMBL21174
DEC_1550,decoy,Cc1ccc(NCCN(C)C)c2c(=O)c3cc(O)ccc3oc12,CHEMBL22166
DEC_0699,decoy,O=C1CCC/C=C\C[C@H]2C(=O)C[C@@H](O)C2/C=C\[C@@H](CCc2ccccc2)O1,CHEMBL12468
DEC_1768,decoy,Oc1cc2c(cc1F)[C@H](O)[C@H](N1CCC(O)(c3ccc(F)cc3)CC1)CO2,CHEMBL277787
DEC_2169,decoy,Nc1nc(N)c2cc(NC(=O)Cc3ccc(Cl)c(Cl)c3)ccc2n1,CHEMBL6940
DEC_2703,decoy,COc1cc(N(C)C)c(Cl)cc1C(=O)NCC1CCCN1C1CCCCC1.O=C(O)C(=O)O,CHEMBL282944
DEC_2831,decoy,CCCCc1ccc(C(c2cc(C)ns2)N2CCN(C)CC2)cc1,CHEMBL553106
DEC_1495,decoy,CO[C@]1(c2cnc(Sc3ccc(/C(C)=N/OCC#N)cc3)s2)CCO[C@@H](C)C1,CHEMBL276958
DEC_2793,decoy,CC[C@H](NC(=O)[C@@H]1C[C@@H](OCc2ccccc2)CN1C(=O)[C@H](NC(=O)[C@H](NC(=O)c1cnccn1)C(C)C)C(C)C)C(=O)C(C)=O,CHEMBL32230
DEC_3927,decoy,N[C@H](C(=O)N1CCC(F)(F)C1)C1CCCCC1,CHEMBL280658
DEC_2694,decoy,CCNC1CCN(c2nc3c(cc2F)c(=O)c(C(=O)O)cn3C(C)(C)C)C1,CHEMBL282078
DEC_2674,decoy,CCn1cc(C(=O)O)c(=O)c2c(O)c(F)c(N3CC(C)NC(C)C3)c(F)c21,CHEMBL15894
DEC_2795,decoy,COc1ccc(S(=O)(=O)N(Cc2ccc3c(c2)OCO3)[C@@H](C(=O)NO)C(=O)C(N)CNC(=O)OCc2ccccc2)cc1,CHEMBL21237
DEC_2319,decoy,CCCCc1nc2ccc([C@]3(c4ccccc4)C[C@H]4CCCN4O3)cc2c(=O)n1Cc1ccc(-c2ccccc2-c2nn[nH]n2)cc1,CHEMBL296519
DEC_0303,decoy,C=C[C@@]1(C)CC[C@](C)(C(C)C)c2cc3c4c(c[nH]c4c21)C[C@@H](CO)NC(=O)[C@H](C(C)C)N3C,CHEMBL417692
DEC_1437,decoy,Nc1nc2c(cnn2CCc2ccccc2)c2nc(-c3ccco3)nn12,CHEMBL17127
DEC_1144,decoy,O=C(O)CCC/C=C\C[C@H]1[C@H](CNS(=O)(=O)c2ccc(Cl)c(Cl)c2)C2CC1(c1ccc(F)cc1)CO2,CHEMBL276403
DEC_3094,decoy,CCCc1cc(Cl)c2oc(Cc3ccc(Cl)cc3)c(C)c2c1O,CHEMBL18694
DEC_1132,decoy,CCCc1nc(-n2cccc2C(=O)C(F)(F)F)c(C#N)n1Cc1ccc(-c2ccccc2-c2nn[nH]n2)cc1,CHEMBL73564
DEC_1256,decoy,CCC1C2Cc3ccc(O)cc3C1(CC)CCN2C(=O)C(N)CCSC.Cl,CHEMBL282347
DEC_2749,decoy,NCCCCCNC(=O)N1CCN(C(=O)O[C@H]2CCC[C@@H](OC(=O)N3CCN(C(=O)NCCCCCN)CC3)CCC2)CC1,CHEMBL308764
DEC_3823,decoy,CC1CNCC(C)N1C(=O)N1Cc2c(C(=O)OC(C)(C)C)ncn2-c2ccc(F)cc21,CHEMBL15276
DEC_1683,decoy,O=C(c1ccc(Nc2ccnc3cc(C(F)(F)F)ccc23)cc1)N1CC=C(c2ccc(Cl)cc2)CC1,CHEMBL29073
DEC_0346,decoy,C=CCNC(=O)O[C@H]1CC[C@@](CNC(=O)c2cc(Cl)ccc2OC)(c2ccccc2)CC1,CHEMBL275836
DEC_1240,decoy,COc1cc2c(Nc3ccc(Cc4ccoc4)cc3)c(C#N)cnc2cc1OCCCN1CCOCC1,CHEMBL30790
DEC_3052,decoy,COc1cc(C(F)(F)F)c(OC)cc1CC(C)N,CHEMBL6620
DEC_0507,decoy,CC1(C)O[C@@H]2[C@@H](CC[C@@]3(COS(N)(=O)=O)CCC[C@@H]23)O1,CHEMBL26028
DEC_2967,decoy,CCO/C(O)=C1\C(COCCn2c(C)nc3ccncc32)=NC(C)=C(C(=O)Nc2ccccn2)C1c1ccccc1Cl,CHEMBL320241
DEC_2015,decoy,CC(C)(C)C1CSC(c2cc(O)ccc2[N+](=O)[O-])SC1,CHEMBL289460
DEC_4627,decoy,CC(C)Oc1ccccc1-c1ncc(-c2nn[nH]n2)c(O)n1,CHEMBL276927
DEC_3921,decoy,Brc1cccc2[nH]c3c(c12)CCNC3,CHEMBL6426
DEC_3393,decoy,Nc1ccc(S(=O)(=O)c2cc(Br)nc(Br)c2)cc1,CHEMBL415464
DEC_1998,decoy,CC[C@@H]1C2CCC(C[C@@H]1c1ccc(Cl)cc1)N2C,CHEMBL27336
ACT_098,active,CS(=O)(=O)c1ccc2c(Sc3ccc(F)cc3F)c(C#N)[nH]c2c1,CHEMBL184764
DEC_4344,decoy,Cn1cc(NC(=O)c2cc([N+](=O)[O-])cn2C)cc1C(=O)O,CHEMBL11579
ACT_087,active,O=S(=O)(Nc1ccncc1Nc1cccc(Cl)c1)C(F)(F)F,CHEMBL1077388
DEC_2566,decoy,COc1ccc(C[C@H]2NC(=O)/C=C/C[C@@H](C(O)CCc3ccccc3)OC(=O)[C@H](CC(C)C)OC(=O)[C@H](C)CNC2=O)cc1,CHEMBL12924
DEC_0370,decoy,COc1cc2c(cc1OC)-c1cc(N(c3c(C)cc(C)cc3C)C(C)C)nc(=O)n1CC2,CHEMBL35855
DEC_0922,decoy,Oc1ccc(-c2ccc(-c3c(Cc4ccc(O)cc4O)sc4ccccc34)cc2)cc1,CHEMBL24032
DEC_0818,decoy,CCC(C)(C)/N=C(\NC#N)Nc1cccnc1,CHEMBL11458
DEC_2698,decoy,CC1CC/C(=N\Nc2ccccc2[N+](=O)[O-])c2ncc(C(=O)O)c(=O)n21,CHEMBL442142
DEC_0323,decoy,CCC(=O)Nc1ccc(Cc2ccc(NC(=O)Nc3cc(C(C)(C)C)nn3C)cc2)cc1,CHEMBL290982
DEC_3117,decoy,CN1CCc2ccc3c4c2[C@H]1Cc1cccc(c1-4)[C@@]3(C)O,CHEMBL27309
DEC_0902,decoy,O/N=C(/c1ccc(Sc2cc(F)cc(C3CCOCC3)c2)cc1)C(F)(F)F,CHEMBL281070
DEC_2464,decoy,COc1cc(F)cc(-c2ccc3c(c2)C2(CCCCC2)C(S)=N3)c1,CHEMBL286029
DEC_2997,decoy,CO[C@H]1C(=O)N2C(C(=O)C(C)(C)C)=C(CSc3nnnn3C)CS(=O)(=O)[C@H]12,CHEMBL14827
ACT_045,active,O=C(NC1CCCCC1)c1cc(/N=C/c2cc(O)ccc2O)ccc1O,CHEMBL5270103
DEC_1671,decoy,Cc1c(C(=O)N(C)C2CCCCC2)nn(-c2ccc(Cl)cc2Cl)c1-c1ccc(Br)cc1,CHEMBL285473
DEC_1252,decoy,COC1(c2cc(F)cc(Sc3ccc4c(c3)OCC/C4=N\O)c2)CCOCC1,CHEMBL24358
DEC_1814,decoy,CCC1=C2C3C=C(C)CC2(NC1)c1ccc(O)nc1C3,CHEMBL37105
DEC_1029,decoy,Brc1cccc(Br)c1N(C1=NCCN1)C1CCCCC1,CHEMBL20910
ACT_062,active,C#CCc1cn(C)c2c(O)cccc12,CHEMBL4555803
DEC_2335,decoy,CC1=NC(C)=C(C(=O)OCCCN2C(=O)c3ccccc3S2(=O)=O)C(c2cccc(Cl)c2Cl)/C1=C(\O)OC(C)(C)C,CHEMBL81433
DEC_1203,decoy,COC(=O)C[C@@H](c1ccc(OC)nc1)N(C)C(=O)CCCCc1nc2c(cc1Br)CCCN2,CHEMBL275555
DEC_0144,decoy,CC(C)(C)c1cc(/C=C/c2ccccn2)cc(C(C)(C)C)c1O,CHEMBL266502
DEC_4551,decoy,COC(=O)[C@@H]1Cc2ccccc2[C@H]1NC(=O)[C@H](Cc1ccccc1)C[C@H](O)[C@H](Cc1ccccc1)NC(=O)OC(C)(C)C,CHEMBL321551
DEC_1403,decoy,CCCCOc1ccc2c3c1OC1C(O)C=CC4C(C2)N(C)CCC341,CHEMBL282377
DEC_3647,decoy,O=C(Cn1c(Cl)cnc(NCC(F)(F)c2ccccn2)c1=O)NCc1ncccc1F,CHEMBL30054
DEC_2507,decoy,CC(C)[C@@H]1CCc2cc3c(C(F)(F)F)cc(O)nc3cc2N1,CHEMBL267850
DEC_4529,decoy,CCCc1cc(=O)oc2c3c(c4c(c12)OC(C)(C)C=C4)O[C@H](C)C(C)(C)[C@@H]3O,CHEMBL7760
DEC_4025,decoy,CCCc1c2oc(C(=O)O)cc(=O)c2cc2c(=O)cc(C(=O)O)n(CC)c12,CHEMBL746
DEC_0770,decoy,CCCn1c(=O)[nH]c(=O)c2[nH]c(-c3ccc(S(=O)(=O)O)cc3)nc21,CHEMBL281633
DEC_4012,decoy,Oc1ccc2c3c1O[C@H]1[C@@H](N=C=S)CCC4(O)C(C2)N(CC2CC2)CCC314,CHEMBL424402
DEC_2669,decoy,COc1cc(CN2CCc3c(oc4nc(N)nc(N)c34)C2)cc(OC)c1,CHEMBL284960
DEC_1816,decoy,CCCN(CCC)[C@@H]1Cc2cccc3c2N(C1)C(=O)NC3,CHEMBL24110
DEC_2378,decoy,CC1(C)OC(S)=Nc2c(F)cc(-c3cc(F)cc(C#N)c3)cc21,CHEMBL25128
DEC_2713,decoy,COC(=O)[C@@H]1CCCN1C(=O)[C@@H]1Cc2c([nH]c3ccccc23)[C@@H](c2cc(OC)c(O)c(OC)c2)N1,CHEMBL22657
DEC_3073,decoy,CCOC(=O)/C=C(C)\C=C\C=C(C)\C=C\C12CC1(C)CCCC2(C)C,CHEMBL20232
DEC_0907,decoy,CC(C)N(C(=O)C1=CCC2C3CCC4=CC(C(=O)O)=CC[C@]4(C)C3CC[C@]12C)C(C)C,CHEMBL24091
DEC_0971,decoy,CCn1cc(C(=O)O)c(=O)c2c(O)c(F)c(N3CCNCC3)c(F)c21,CHEMBL15556
DEC_0760,decoy,CC(C)(CCn1cnc2c(O)nc(N)nc21)CCS(=O)(=O)O,CHEMBL13415
DEC_0552,decoy,Nc1nc2c(cnn2CCc2ccc(N(CCO)CCO)cc2)c2nc(-c3ccco3)nn12,CHEMBL22202
DEC_3189,decoy,N#Cc1ccccc1OCC(O)CNCCNC(=O)Nc1ccccc1[N+](=O)[O-],CHEMBL24230
DEC_4504,decoy,CC(=O)c1cc2c(s1)[C@@H](NC(=O)c1cccc(Cl)c1)[C@H](O)C(C)(C)O2,CHEMBL285886
DEC_0139,decoy,CC(C)[C@H]1CC2C3CCC(=O)C3(C)CCC2C2(C)CCC(=O)C=C12,CHEMBL25473
DEC_2731,decoy,Clc1ccccc1C1=CCc2ccccc2N=C1N1CCNCC1.O=C(O)/C=C/C(=O)O,CHEMBL277588
DEC_0320,decoy,CCc1nc2ccc(OC3CCN(C(C)=N)CC3)cc2n1C/C=C/c1cccc(N)c1,CHEMBL24460
DEC_1848,decoy,Cc1cc(O)ccc1-c1cc2ccc(O)cc2s1,CHEMBL31721
DEC_2643,decoy,Nc1nc2c(cnn2CCCc2ccc([N+](=O)[O-])cc2)c2nc(-c3ccco3)nn12,CHEMBL22241
DEC_1295,decoy,CC1(C)CC(NP(=O)(O)N(CCCl)CCCl)CC(C)(C)N1O,CHEMBL268498
DEC_0152,decoy,Nc1nc2ccc(Cl)cc2c2nc(-c3ccc(Br)o3)nn12,CHEMBL7266
DEC_1009,decoy,CCN1C(=O)N(C2CCN(C3CCC(C(C)C)CC3)CC2)[C@@H]2CCCC[C@H]21,CHEMBL282195
DEC_1502,decoy,Cc1nsc(-c2ccc(N3CCN(c4cc(Cl)cc(Cl)c4)CC3)nn2)n1,CHEMBL14357
DEC_2142,decoy,CN(C/C=C/c1ccccc1)Cc1csc2ccccc12,CHEMBL440773
DEC_1645,decoy,CC(C)(C)C1=CC(=C/C=C/c2cc(C(C)(C)C)[s+]c(C(C)(C)C)c2)C=C(C(C)(C)C)S1.[Cl-],CHEMBL13487
DEC_0651,decoy,Cc1cc(C(c2ccc(C(C)C)cc2)N2CC(C)NC(C)C2)sn1,CHEMBL24942
DEC_1627,decoy,S=C=Nc1ccc(-c2noc(CCl)n2)cc1,CHEMBL21700
DEC_3184,decoy,NCCNc1ccc2c(CNCCCO)nn3c4cccc(O)c4c(=O)c1c23,CHEMBL8558
DEC_2768,decoy,CC(C)(C)NC(=O)[C@@H]1CN(Cc2cccnc2)CCN1C[C@@H](O)C[C@@H](Cc1ccncc1)C(=O)N[C@H]1c2ccccc2C[C@H]1O,CHEMBL313876
DEC_4046,decoy,CCCc1cc(N)cc(=O)n1Cc1ccc(-c2ccccc2-c2nn[nH]n2)cc1,CHEMBL22390
DEC_1268,decoy,CN1C(=O)C=C[C@]2(C)C3CC[C@@]4(C)C(CC[C@@]4(O)C#CCCCO)C3CCC12,CHEMBL430283
DEC_4157,decoy,CCN1C(CNC(=O)c2cc(Cl)c(NC)cc2OC)CCC1c1ccccc1,CHEMBL21066
DEC_3211,decoy,O=c1cc(C(F)(F)F)c2cc3c(cc2o1)NCCC3C(F)(F)C(F)(F)F,CHEMBL266928
DEC_3270,decoy,CCCN(CCC)C(=O)OCC1CN(C(=O)c2cc(OC)c(OC)c(OC)c2)CCN1C(=O)c1cc(OC)c(OC)c(OC)c1,CHEMBL269131
DEC_3031,decoy,CC(C)(C)C#C/C=C/CNCc1ccc(O)nc1,CHEMBL35416
DEC_0658,decoy,COC(=O)c1oc2c(sc3ccccc32)c1OC(=O)N(C)C,CHEMBL268459
DEC_0212,decoy,C[C@]1(N2C(=O)c3c(F)c(F)c(F)c(F)c3C2=O)CCC(=O)NC1=O,CHEMBL10989
DEC_1305,decoy,CCCCCCCCC#Cc1ccc2c(c1)[C@@H](CO)NC(=O)[C@H](C(C)C)N2C,CHEMBL28567
DEC_3911,decoy,CC1(Cc2ccccc2)OC(S)=Nc2ccc(-c3cccc(Cl)c3)cc21,CHEMBL280121
DEC_2747,decoy,O=C1c2ccccc2C(=O)c2c(O)c3c(c(O)c21)C(=O)C(C(=O)O)CN3c1ccc(F)cc1,CHEMBL12814
DEC_1810,decoy,c1csc(C2NCCc3c2[nH]c2ccccc32)c1,CHEMBL289606
DEC_3098,decoy,CC(C)c1ccc(/N=N/c2ccc(C(=O)O)cc2)c(C(C)C)c1,CHEMBL13038
ACT_009,active,CC(C)[C@H](NC(=O)[C@H](C)NC(=O)CN)C(=O)O,CHEMBL3809958
DEC_3736,decoy,C=CC(C)(C)c1[nH]c2ccccc2c1C1=C(OC)C(=O)C(c2c[nH]c3c(CC=C(C)C)cccc23)=C(O)C1=O,CHEMBL278180
DEC_3827,decoy,CC1C(N)CN1c1c(F)cc2c(=O)c(C(=O)O)cn(-c3ccc(F)cc3F)c2c1Cl,CHEMBL19313
ACT_089,active,O=C(O)c1cn2ccccc2n1,CHEMBL2324850
DEC_2490,decoy,Cc1cc(C2CCCCC2)nc2c(C3CCCCC3)cccc12,CHEMBL275553
DEC_3890,decoy,CC1(C)CCC(C)(C)c2cc3c(cc21)CC/C3=C\c1ccc(C(=O)O)cc1,CHEMBL276867
DEC_2992,decoy,CC(C)(C)OC(=O)N=S1O[C@@H]2[C@@H](CO[C@@]3(COS(N)(=O)=O)OC(C)(C)O[C@@H]23)O1,CHEMBL27255
DEC_1023,decoy,CO/N=C(\C)c1ccc(Sc2cc(F)cc(C3CCOCC3)c2)cc1,CHEMBL282816
DEC_3484,decoy,Nc1ncc(Cc2ccc(OCCCOc3cc(Cl)c(Cl)cc3Cl)cc2)c(N)n1,CHEMBL25112
DEC_3942,decoy,O=c1ccn(-c2cc(Cl)cc(Cl)c2)c(=O)[nH]1,CHEMBL273950
DEC_3934,decoy,C[C@@H]1C=C2c3cccc4[nH]cc(c34)C[C@H]2N(C)C1,CHEMBL291097
DEC_4527,decoy,CC(=O)Nc1cccc2cc(S(=O)(=O)Nc3onc(C)c3C)ccc12,CHEMBL30077
DEC_3980,decoy,CCc1ccc(C2(C)OC2c2ccc(C(=O)O)cc2)cc1CC,CHEMBL12999
DEC_3998,decoy,CCCCC(=O)c1cccc2c1CC(N(CCC)CCC)CC2,CHEMBL25913
DEC_3825,decoy,O=C1[C@@H](NS(=O)(=O)c2cc3ccc(Cl)nc3s2)CCN1Cc1cc2c[nH]ccc-2n1,CHEMBL8509
ACT_048,active,O=C1CCC(/C=C/c2cccnc2)=NN1,CHEMBL4536976
DEC_1609,decoy,CCCN(CCC)C1Cc2cccn3ncc(c23)C1,CHEMBL34025
DEC_2428,decoy,Clc1cc(Cl)cc(COCC2(c3ccccc3)CCNCC2)c1,CHEMBL23617
DEC_1003,decoy,CCCOc1c(Cl)c(OC)nc(C(Cl)(Cl)Cl)c1Cl,CHEMBL276861
DEC_0129,decoy,Fc1cc(F)cc(-c2ccc3c(c2)C2(CCCCC2)C(S)=N3)c1,CHEMBL28161
DEC_1558,decoy,N=C(NCc1ccc(Cl)cc1)SCCCc1c[nH]cn1,CHEMBL14690
DEC_1559,decoy,CC/N=C(\NCC)Nc1ccc(Sc2ccc(OC)cc2)cc1,CHEMBL9690
DEC_1261,decoy,CN1C(=O)C=C[C@]2(C)C3CC[C@@]4(C)C(CC[C@@]4(O)C#CCCCCl)C3CCC12,CHEMBL275284
DEC_0590,decoy,CNC(=O)OCCN(CCOC(=O)NC)Cc1cc(O)c2c(c1)C(=O)c1cccc(O)c1C2=O,CHEMBL290852
DEC_0415,decoy,CN(C)CCNC(=NCC(=O)O)NCCN(C)C,CHEMBL21850
DEC_0023,decoy,CCCN(CCCCN1C(=O)CC2(CCCC2)CC1=O)C1COc2ccccc2C1,CHEMBL26783
DEC_1691,decoy,O=C(NC1CCN(CC2CCCCCCC2)CC1)C1c2cc(Cl)ccc2Oc2ccc(Cl)cc21,CHEMBL33278
DEC_0486,decoy,CCCCC[C@@H]1/C=C\C2[C@H](O)CC(=O)[C@@H]2C/C=C\CCCC(=O)O1,CHEMBL12584
DEC_4346,decoy,C/C=C(\NC(=O)C12CC3CC(CC(C3)C1)C2)C(=O)O,CHEMBL11917
DEC_1672,decoy,O=C(Nc1c(C(O)(C(F)(F)F)C(F)(F)F)ccc2ccccc12)c1ccc(Cl)c(Cl)c1,CHEMBL46244
DEC_2904,decoy,CC[C@H]1OC(=O)C[C@@H](O)[C@H](C)[C@@H](O[C@@H]2O[C@H](C)[C@@H](O)[C@H](N(C)C)[C@H]2O)[C@@H](CC=O)C[C@@H](C)C(=O)/C=C/C(C)=C/[C@@H]1CO,CHEMBL44949
DEC_0753,decoy,O=C(O)[C@@H]1C[C@H]2C[C@@H](c3csc(-c4nn[nH]n4)c3)CC[C@H]2CN1,CHEMBL16261
DEC_1347,decoy,Oc1cc(C(F)(F)F)c2cc3c(cc2n1)NCCC3,CHEMBL286684
DEC_2575,decoy,COc1ccc(C[C@H]2NC(=O)/C=C/CC([C@H](C)C3OC3c3ccccc3)OC(=O)[C@@H](CC(C)C)OC(=O)CCNC2=O)cc1Cl,CHEMBL123698
DEC_4505,decoy,Nc1nc2ccnc(-c3cc(C(F)(F)F)cc(C(F)(F)F)c3)n2n1,CHEMBL21428
DEC_0759,decoy,CCn1cc(C(=O)O)c(=O)c2c(N)c(F)c(N3CCNCC3)c(Cl)c21,CHEMBL274048
ACT_073,active,Clc1ccccc1-c1csc(Nc2ccc3c(c2)OCO3)n1,CHEMBL2023859
DEC_3166,decoy,CC(C)S(=O)(=O)Nc1ccc(CCNC[C@H](O)COc2ccc(O)cc2)cc1,CHEMBL13238
DEC_2532,decoy,CC(C)C1CCNc2cc3nc(O)cc(C(F)(F)F)c3cc21,CHEMBL27276
DEC_1082,decoy,c1ccc(C2(c3ccccc3)OCC(C3CCCCN3)CO2)cc1,CHEMBL28065
DEC_2429,decoy,COc1cccc2c1CCC[C@H]2CN(C)CCc1ccc2ncsc2c1,CHEMBL274867
DEC_2519,decoy,CCN1C(=S)OC(C)(C)c2cc(-c3cc(F)cc(C#N)c3)ccc21,CHEMBL417110
DEC_3505,decoy,CCCCCc1nc2c(n1Cc1ccc(-n3cccc3-c3nn[nH]n3)cc1)/C(=C/C(=O)O)CCCC2,CHEMBL42984
DEC_3338,decoy,C=C1CC2C3CCC4=CC(=O)C=CC4(C)C3C(O)[C@H](Cl)C2(C)[C@@]1(OC(=O)c1ccco1)C(=O)COC(C)=O,CHEMBL37510
DEC_0976,decoy,CNC(=O)c1ccc(N/N=C2\CCC(C)n3c2ncc(C(=O)O)c3=O)cc1,CHEMBL278208
DEC_3039,decoy,CC(C)(C)c1ccc(CC2=NOS(=O)N2)cc1,CHEMBL17579
DEC_4062,decoy,CN(C=O)[C@H]1CCC2C3CC[C@H]4NC(=O)C=C[C@]4(C)C3CC[C@@]21C,CHEMBL277563
DEC_2051,decoy,Fc1cc(Sc2ccc3c(c2)CC/C3=N\OCc2ccncc2)cc(C2CCOCC2)c1,CHEMBL24973
DEC_1608,decoy,Cc1[nH]c(C)c(C(=O)OC2CCN(C)CC2)c1C,CHEMBL287892
DEC_4354,decoy,CN1C[C@H](CO)C=C2c3cccc4[nH]cc(c34)C[C@H]21,CHEMBL39947
DEC_2455,decoy,N#Cc1ccc(-c2ccc3c(c2)C2(CCCCC2)C(S)=N3)cc1F,CHEMBL26770
DEC_4540,decoy,CCCN(CCN1C[C@H](c2ccc3c(c2)OCO3)[C@@H](C(=O)O)[C@@H]1c1ccc(OC)c(F)c1)S(=O)(=O)CCCC(F)(F)F,CHEMBL419367
DEC_2938,decoy,CC(=O)O[C@@H]1C2=C(C)C(=O)C[C@@](O)([C@@H](OC(=O)c3ccccc3)[C@@H]3[C@]4(OC(C)=O)CO[C@@H]4C[C@H](O)[C@@]3(C)[C@H]1O)C2(C)C,CHEMBL265977
DEC_0654,decoy,CCC(C)c1ccc(C(c2cc(C)ns2)N2CCN(C)CC2)cc1,CHEMBL283796
DEC_2087,decoy,CCCSC1=NS(=O)(=O)c2ccccc2N1Cc1ccc(-c2ccccc2C(=O)O)cc1,CHEMBL273610
DEC_1749,decoy,CC(=O)C1CCC2C(=O)C3=C(O)c4c(O)ccc(O)c4CC3CC2C1,CHEMBL30252
DEC_0014,decoy,CCc1nc2c(C)cc(C)nc2n1Cc1ccc(-c2ccoc2-c2nn[nH]n2)cc1,CHEMBL14229
DEC_2280,decoy,COc1ccc(-c2ccc(OCC(CN3C(=O)N(C)C(C)(C)C3=O)N(O)C=O)cc2)cc1,CHEMBL41408
DEC_3218,decoy,Cc1ccc(CNC(=O)CCn2c3c(c4ccccc42)C(=O)CN2CCCCC32)o1,CHEMBL29364
DEC_4106,decoy,CCCc1cc(=O)oc2c3c(c4c(c12)OC(C)(C)C=C4)OC[C@H](C)[C@@H]3O,CHEMBL266091
DEC_4121,decoy,O=C(Nc1ncco1)c1c(C(Cl)Cl)nc2c(C(F)(F)F)cccc2c1O,CHEMBL36297
DEC_1520,decoy,O=C1CC2(CCCC2)CCN1OCCCN1CCN(c2nsc3ccccc23)CC1,CHEMBL269176
DEC_1310,decoy,N#Cc1ccc(CCCn2ncc3c2nc(N)n2nc(-c4ccco4)nc32)cc1,CHEMBL22191
DEC_0031,decoy,CCOc1nc(C(Cl)(Cl)Cl)c(Cl)c(OC(=O)COC)c1Cl,CHEMBL11668
DEC_0458,decoy,CC1(C)CC(=O)c2c(SCCO)sc(-c3cc[nH]n3)c2C1,CHEMBL17466
DEC_2022,decoy,CC(C)(C)c1cc(/C=C/c2n[nH]c(O)n2)cc(C(C)(C)C)c1O,CHEMBL12572
DEC_0587,decoy,CN(CC1CCc2nc(N)nc(O)c2C1)c1ccc(C(=O)NC(CCC(=O)O)C(=O)O)cc1,CHEMBL22708
DEC_1614,decoy,COOC1(OOC)CCC(C(C)(C)C)CC1,CHEMBL285356
DEC_4571,decoy,COc1cc2c(Nc3ccc(Sc4nccn4C)c(Br)c3)c(C#N)cnc2cc1OCCCN1CCOCC1,CHEMBL105220
DEC_1512,decoy,CCSc1nc2c(n1Cc1ccc(OC)cc1)C(=O)N(CC)C1=N[C@@H]3CCC[C@@H]3N12,CHEMBL26445
DEC_3663,decoy,CNc1nc(Cl)c(Cl)c(N2CCN(C)CC2)n1,CHEMBL288330
DEC_3160,decoy,Nc1nc(O)c2ncn(CCCCCCCP(=O)(O)CP(=O)(O)O)c2n1,CHEMBL7247
DEC_3255,decoy,CN(CCc1ccc2c(c1)OCO2)C[C@@H]1CC[C@@H]2CCOc3cccc1c32,CHEMBL9612
DEC_0431,decoy,O=C(O)CNC(=O)C(Cc1ccccc1)C(=O)NO,CHEMBL17107
DEC_0960,decoy,C/C=C/C1=C(C(=O)O)N2C(=O)[C@@H](NC(=O)[C@H](N)c3ccc(O)cc3)[C@H]2SC1,CHEMBL276568
DEC_2914,decoy,Nc1nc(/C(=N/OC2CCCC2)C(=O)N[C@@H]2C(=O)N3C(C(=O)O)=C(/C=C4\CCN(CC(F)(F)F)C4=O)CS[C@H]23)cs1,CHEMBL55985
DEC_3346,decoy,C[C@H]1[C@@H](OC(=O)N[C@@H](Cc2ccccc2)[C@H](O)CN2C[C@H]3CCC[C@H]3C[C@H]2C(=O)NC(C)(C)C)CCS1(=O)=O,CHEMBL276077
DEC_4312,decoy,O=P1(N(CCCl)CCCl)NCCCO1,CHEMBL88
ACT_024,active,C/C(=N\NC(N)=S)c1nnn(-c2ccc(F)cc2)c1C,CHEMBL4790291
DEC_2038,decoy,COc1cccc2c1CCC[C@H]2CN(C)CCc1ccc2[nH]cnc2c1,CHEMBL9896
DEC_4434,decoy,COc1cc(CC(C)N(C)C)c(OC)cc1I,CHEMBL11043
DEC_3791,decoy,COc1c(C)cc(Cc2cnc(N)nc2N)cc1C(C)(C)C,CHEMBL24155
DEC_2476,decoy,CCC1(CC)C(S)=Nc2ccc(-c3cccc(Cl)c3)cc21,CHEMBL25430
DEC_3093,decoy,CC(C)c1ccc(/N=N/c2ccc(C(=O)O)cc2)cc1C(C)C,CHEMBL13066
DEC_0013,decoy,CCc1nc2c(C)cc(C)nc2n1Cc1ccc(-c2ccccc2-c2nn[nH]n2)s1,CHEMBL280075
DEC_0829,decoy,O=C(O)c1ccc(NCc2cccnc2)cn1,CHEMBL30404
DEC_2436,decoy,O=C1Nc2ccc(Cl)cc2C(OCCc2ccccc2)(C(F)(F)F)O1,CHEMBL17489
DEC_1973,decoy,C[C@]12CCC(=O)C[C@@H]1CC[C@@H]1[C@@H]2CC[C@]2(C)[C@@H](O)CC[C@@H]12,CHEMBL27769
DEC_0077,decoy,CCOC(=O)C1(CCCc2ccc(C)cc2)CO1,CHEMBL279762
DEC_3805,decoy,C=CC(=O)Nc1ccc2ncnc(Nc3ccc(F)c(Cl)c3)c2n1,CHEMBL28418
DEC_1955,decoy,c1csc([C@H]2CN3CCC[C@H]3c3ccsc32)c1,CHEMBL36131
DEC_1413,decoy,CCc1cc(C#N)ccc1C/N=c1\c(O)c(O)\c1=N/[C@H](C)C(C)(C)C,CHEMBL19516
DEC_3637,decoy,CS(=O)(=O)NC[C@H]1CC[C@H](Nc2nc(Nc3ccccc3)c3ccccc3n2)CC1,CHEMBL17632
DEC_1992,decoy,Cc1cccc(C(C)C)c1NC(=O)c1ccccc1N,CHEMBL38985
DEC_0036,decoy,CCC1NC(=O)C(CCN(C(C)C)C(C)C)(c2ccccc2)C2CCCCN12,CHEMBL24216
DEC_0701,decoy,CC(C)=CCC(OC(=O)c1cccc2ccccc12)C1=CC(=O)c2c(O)ccc(O)c2C1=O,CHEMBL28783
DEC_0570,decoy,C[C@]1(O)C(=O)N(CCCN2CCN(c3ccc(F)cc3OCC(F)(F)F)CC2)C(=O)N[C@H]1O,CHEMBL56375
DEC_2965,decoy,Cn1nnnc1-c1ccccc1-c1ccc(Cn2cnc3ccc(N(Cc4ccccn4)C(=O)c4ccco4)cc3c2=O)cc1,CHEMBL280988
DEC_3969,decoy,NCCc1c[nH]c(CCCCC(c2ccccc2)c2ccccc2)n1,CHEMBL274767
DEC_0948,decoy,COc1c(N2CCCC(N)C2)c(F)c(N)c2c(=O)c(C(=O)O)cn(C3CC3)c12,CHEMBL15071
DEC_3783,decoy,COc1cc(NC(C)CCCN)c2nccc(C)c2c1OC,CHEMBL428518
DEC_2773,decoy,CCN1C(C(=O)N[C@@H](Cc2ccccc2)C(=O)C(=O)NCCCN2CCCC2=O)Cc2cc3c(cc2S1(=O)=O)OCCO3,CHEMBL8688
DEC_2589,decoy,O=C1c2cccc3cc([N+](=O)[O-])cc(c23)C(=O)N1CCCN1CCN(CCCNc2ccc3ncn4c5ccccc5c(=O)c2c34)CC1,CHEMBL372469
DEC_4113,decoy,Cc1cc(CCCOc2c(C)cc(-c3noc(C(C)(F)F)n3)cc2C)on1,CHEMBL282128
DEC_3446,decoy,Cc1c(C)c2ccc(OCc3csc(C(C)C)n3)cc2oc1=O,CHEMBL18317
DEC_0999,decoy,CCCC1CCC(N2CCC(N3C(=O)N(CC)[C@@H]4CCCC[C@H]43)CC2)CC1,CHEMBL282376
DEC_4491,decoy,CCC1OC(C#CC2CC2)(C(F)(F)F)c2cc(Cl)ccc2NC1=O,CHEMBL285510
DEC_3684,decoy,CCCCc1ccc(N2C(N)=NC(N)=NC2(C)C)cc1,CHEMBL6962
DEC_0768,decoy,OC[C@@]12C[C@@H]1[C@@H](n1cnc3c(NC4CCCC4)ncnc31)C[C@@H]2O,CHEMBL27502
DEC_0751,decoy,CC(C)CSCC1CC(n2cnc3c(N)nccc32)C(O)C1O,CHEMBL13607
DEC_2412,decoy,CCN(CC)CCOc1ccc(/C=C(\C#N)c2noc3ccccc23)cc1,CHEMBL20662
DEC_1963,decoy,C/C(=C1/CCCc2c(C)ccnc21)c1ccc(C)cc1,CHEMBL38049
DEC_1435,decoy,C[C@@H](/N=c1\c(O)c(O)\c1=N/c1ccc(C#N)cc1Cl)C(C)(C)C,CHEMBL18931
DEC_2493,decoy,CC1=C(/C=C/C(C)=C(\F)c2ccc(C(=O)O)cc2)C(C)(C)CCC1,CHEMBL284265
DEC_3816,decoy,O=C1[C@@H](NS(=O)(=O)c2cc3nc(Cl)ccc3s2)CCN1Cc1cc2c[nH]ccc-2n1,CHEMBL268835
ACT_082,active,O=c1[nH]/c(=C\c2nnc(-c3ccc(O)cc3)s2)s/c1=C\c1ccc(Cl)c(Cl)c1,CHEMBL5632158
DEC_0342,decoy,CCOC(=O)c1ccc(N/C(S)=N/c2ccc3c(c2)C(C)(C)CC(C)(C)O3)cc1,CHEMBL7573
DEC_2762,decoy,CCCC(NC(=O)[C@@H]1[C@H]2CC[C@H](F)[C@H]2CN1C(=O)[C@@H](NC(=O)[C@@H](NC(=O)c1cnccn1)C(C)C)C(C)C)C(=O)C(=O)NC1CC1,CHEMBL87794
ACT_029,active,Brc1ccc(/C=N/Nc2nnc(-c3ccncc3)o2)cc1,CHEMBL4444316
DEC_0039,decoy,CO[C@]1(c2cc(F)cc(S(=O)(=O)c3ccc(/C(C)=N/O)cc3)c2)CCO[C@@H](C)C1,CHEMBL282308
DEC_4560,decoy,COC(=O)C(Cc1ccc(N(CCCl)CCCl)cc1)NC(=O)CC(C)(C)C1=C(C)C(=O)C(C)=C(C2=CC=C2)C1=O,CHEMBL76830
DEC_3528,decoy,CN1C(=O)CSC(c2cccc(Cl)c2)c2cc(C(N)(c3ccc(Cl)cc3)c3cncn3C)ccc21,CHEMBL289417
DEC_4552,decoy,COC(=O)[C@@H]1Cc2ccccc2[C@@H]1NC(=O)[C@H](Cc1ccccc1)C[C@H](O)[C@H](Cc1ccccc1)NC(=O)OC(C)(C)C,CHEMBL107369
DEC_1298,decoy,CO[C@]1(c2cnc(Sc3ccc(/C(C)=N/O)cc3)s2)CCO[C@@H](C)C1,CHEMBL25348
DEC_2859,decoy,CCCCn1ncc2c1nc(N)n1nc(-c3ccco3)nc21,CHEMBL17094
DEC_0649,decoy,O=C(Nc1ccccn1)c1c(C(Cl)Cl)nc2c(C(F)(F)F)cccc2c1O,CHEMBL33029
DEC_0762,decoy,CCn1cc(C(=O)O)c(=O)c2c(N)c(F)c(N3C[C@H](N)[C@H]3C)c(F)c21,CHEMBL19366
DEC_4598,decoy,CC(C)n1cc(C(=O)O)c(=O)c2cc(F)c(N3CCC(N)C3)cc21,CHEMBL15335
DEC_4104,decoy,CC(C)c1cccc(C(C)C)c1NC(=O)NS(=O)(=O)N1CCCCC1,CHEMBL22275
DEC_4149,decoy,CCN(CC)CCn1nc2c3c(c(CNC(=O)OC)ccc31)Sc1ccccc1-2,CHEMBL27542
DEC_4152,decoy,CCCC(C)n1c(CC)nc2c(-c3ccc(/C(C)=N\OC)cc3Cl)ccnc21,CHEMBL431886
DEC_1747,decoy,CC(C)(C)/N=C(/NC#N)NC1c2cc(C#N)ccc2OC(C)(C)[C@H]1O,CHEMBL6527
DEC_1679,decoy,Fc1ccccc1C1=N[C@H](Cc2c[nH]c3ccccc23)c2nnc(-c3ccccc3)n2-c2ccccc21,CHEMBL301331
DEC_1133,decoy,CCc1ccc(CN[C@@H](C)Cn2c(=O)c(-c3cccc(OC)c3F)c(C)n(Cc3c(F)cccc3F)c2=O)o1,CHEMBL22314
DEC_1688,decoy,Fc1ccc(N2c3ccc(F)cc3[C@H]3CN(CCn4c5ccccc5c5ccccc54)CC[C@@H]32)cc1,CHEMBL57096
DEC_3192,decoy,C[C@H](NCCc1ccc(N(CC(=O)O)CC(=O)O)cc1)[C@H](O)c1ccc(O)cc1,CHEMBL289670
DEC_2885,decoy,Cc1noc(N[C@@H]2c3cc(C#N)ccc3OC(C)(C)[C@H]2O)n1,CHEMBL444263
DEC_0691,decoy,CSc1c(Cl)nc(N2CCN(C)CC2)nc1NC1CCCC1,CHEMBL284188
DEC_2840,decoy,COc1cccc2c1CCC[C@H]2CN(C)CCc1ccc2ocnc2c1,CHEMBL9925
DEC_1864,decoy,O=C(CCCCC1CCCCC1)N1CCC(c2c[nH]cn2)CC1,CHEMBL14812
DEC_0012,decoy,O=c1cc(COC2CCOCC2)occ1OC(=O)[C@]12C[C@H]3C[C@H](C[C@H](C3)C1)C2,CHEMBL268251
DEC_3511,decoy,Cc1cc(C)c(S(=O)(=O)N2CCC(C)(N3CCC(N(c4ccccc4)c4ccccc4)CC3)CC2)c(C)c1,CHEMBL60589
DEC_4405,decoy,CC(C)(C)Nc1nc(C(F)(F)F)nc2ccc(-c3cccs3)cc12,CHEMBL15790
DEC_0287,decoy,CN1Cc2c(C(=O)OC(C)(C)C)ncn2-c2ccc(N=C=S)cc2C1=O,CHEMBL6814
DEC_0944,decoy,CC1(C)CCC(C)(C)c2cc(-c3cccc(-c4ccc(C(=O)O)cc4)c3)ccc21,CHEMBL418570
DEC_0961,decoy,C=CC(=O)N[C@H]1CCC2(O)C3Cc4ccc(O)c5c4C2(CCN3CC2CC2)[C@H]1O5,CHEMBL281632
DEC_2551,decoy,CC(C)C[C@@H]1OC(=O)C(C)(C)CNC(=O)[C@@H](CCc2ccccc2)NC(=O)/C=C/C[C@@H]([C@H](C)[C@@H]2O[C@H]2c2ccccc2)OC1=O,CHEMBL315826
DEC_3953,decoy,C/C=C(\NC(=O)C1(C)CC1(Cl)Cl)C(=O)O,CHEMBL276189
ACT_055,active,CNc1nnc(Cn2nc(Cc3ccc([N+](=O)[O-])cc3)c3onc(C)c3c2=O)s1,CHEMBL2018565
DEC_0484,decoy,CC1CN(c2cc3c(cc2F)c(=O)c(C(=O)O)cn3C(C)(C)C)CCN1,CHEMBL15164
DEC_4363,decoy,Clc1ccc2c(c1)[C@H]1NCC[C@H]1[C@@H](c1c[nH]c3ccc(Cl)cc13)N2,CHEMBL25632
DEC_4366,decoy,C=CCC1Oc2cccc(OC)c2-c2ccc3c(c21)C(C)=CC(C)(C)N3,CHEMBL266282
DEC_2286,decoy,Cc1nn(C)c(NC(=O)CN(C)CCCN2CCCCC2C)c1C(=O)c1ccccc1F,CHEMBL43547
DEC_2078,decoy,C[C@@H]1CCC2[C@@H](C)[C@H](OC(CCC(=O)O)c3ccc(F)cc3)O[C@@H]3OC4(C)CC[C@@H]1C23OO4,CHEMBL289461
DEC_0408,decoy,Nc1ncnc2c1ncn2C/C(=C/CO)CO,CHEMBL24376
DEC_1057,decoy,C[C@@H]1C[C@@H]2c3ccc(C(C)(C)C)c4[nH]cc(c34)C[C@H]2N(C)C1,CHEMBL13811
DEC_2719,decoy,N=C(N)c1ccc(F)c(/C=C\C(=O)Nc2ccc(-c3ccccc3S(N)(=O)=O)cc2)c1,CHEMBL285289
DEC_3055,decoy,CN(C)c1ncnc2c1ncn2Cc1ccc(C#N)cc1,CHEMBL7629
DEC_3936,decoy,CN1CCc2ccc3c4c2[C@H]1Cc1cccc(c1-4)[C@H]3O,CHEMBL26751
DEC_2162,decoy,Nc1nc(N)c2c(CNc3cc(Cl)c(Cl)c(Cl)c3)coc2n1,CHEMBL17235
DEC_3776,decoy,CC/N=C(\N)Nc1ccc(Sc2ccc(Cl)cc2)cc1,CHEMBL9580
DEC_3541,decoy,CC(=O)N1CCc2ccc(N(C(=O)/C=C/c3cccc(C)c3)C3CCN(Cc4ccccc4)CC3)cc21,CHEMBL281387
DEC_0106,decoy,CCC1CC(CC)c2cc3c(C(F)(F)F)cc(=O)oc3cc2N1,CHEMBL6721
DEC_3365,decoy,Nc1nccc(-c2c(-c3ccc(F)cc3)ncn2CCCN2CCOCC2)n1,CHEMBL274863
DEC_4435,decoy,CCCN1CC2(CCN(CC(O)C3COc4ccccc4O3)CC2)OC1=O,CHEMBL27921
DEC_3324,decoy,CC1(C)C2CC1[C@]1(C)OB([C@H](CCCN=C(N)N)NC(=O)c3ccc(-c4ccccc4)cc3[N+](=O)[O-])O[C@@H]1C2,CHEMBL297535
DEC_0744,decoy,O=C(/C=C/c1cccc([N+](=O)[O-])c1)c1c(O)nc2cc([N+](=O)[O-])ccc2c1-c1ccccc1,CHEMBL39182
DEC_0211,decoy,CC1(C)O[C@@H]2[C@@H](CC[C@@]3(COS(N)(=O)=O)OC(C)(C)O[C@@H]23)O1,CHEMBL26300
DEC_3606,decoy,CCc1c2c(nc3cnc(CCCN(C)C)cc13)-c1cc3c(c(=O)n1C2)COC(=O)[C@]3(O)CC,CHEMBL275538
DEC_2982,decoy,CC[C@H](C)C(=O)O[C@H]1C[C@@H](C)C=C2C=C[C@H](C)[C@H](CC[C@@H]3C[C@H](CC(=O)NC)N(Cc4ccc5c(c4)OCO5)C(=O)O3)[C@H]21,CHEMBL82236
DEC_3132,decoy,Cc1c(-c2nn[nH]n2)oc2c(c1=O)CSc1ccccc1-2,CHEMBL30120
DEC_1354,decoy,CN1CC=C(c2c[nH]c3ccc(C4COCCO4)cc23)CC1,CHEMBL283936
DEC_4390,decoy,Cc1cc(Br)cc(-c2ccc3c(c2)C(C)(C)OC(S)=N3)c1,CHEMBL26764
DEC_4126,decoy,S=C=Nc1cc(-c2nc(-c3ccco3)no2)ccc1Sc1ccccc1,CHEMBL279675
DEC_3215,decoy,CC1(C)OC(S)=Nc2ccc(-c3cc(Br)cc(C#N)c3)cc21,CHEMBL24583
DEC_0041,decoy,COc1cccc2c1CCC[C@H]2CN(C)CCc1ccc2c(c1)CN(S(C)(=O)=O)C2,CHEMBL10410
DEC_3792,decoy,CCOc1ccc(Sc2ccc(NC3=NCCN3)cc2)cc1,CHEMBL9552
DEC_0173,decoy,Cc1ccc([C@H]2OC(=O)O[C@]2(Cn2cncn2)c2ccc(C)cc2)cc1,CHEMBL10297
DEC_0684,decoy,C/C(=N/O)c1ccc(COc2cc(F)cc(C3CCOCC3)c2)cc1,CHEMBL24087
DEC_4194,decoy,COc1cc2c(cc1OC)-c1cc(=Nc3ccc(C)cc3C)n(C)c(=O)n1CC2,CHEMBL35099
DEC_2227,decoy,O=C(O)[C@@H]1C[C@H]2C[C@@H](c3ccccc3Cc3nnn[nH]3)CC[C@H]2CN1,CHEMBL16289
DEC_0653,decoy,Cc1cc(C(c2ccc(C(C)(C)C)cc2)N2CCN(C)CC2)sn1,CHEMBL22095
DEC_1290,decoy,C=CS(=O)(=O)Nc1cccc(C(c2c(O)oc3c(c2=O)CCCCC3)C2CC2)c1,CHEMBL16383
DEC_2954,decoy,CN(C)C(=O)n1cc(/C(=N/OC(=O)CCC(=O)O)c2ccn3c2CS[C@@H]3c2cccnc2)c2ccc(-c3ccc(F)cc3)cc21,CHEMBL317334
DEC_2124,decoy,CN(Cc1cccc2ccccc12)CC1CC1c1ccccc1,CHEMBL21643
DEC_0083,decoy,CCOC(=O)CCCCCN(N)c1ccccc1,CHEMBL281867
DEC_4530,decoy,COc1ccnc(C[S+]([O-])c2nc3cc4c(cc3[nH]2)OC(F)(F)O4)c1C,CHEMBL9539
DEC_3152,decoy,Cc1ccccc1C(c1sncc1C)N1CCN(C)CC1,CHEMBL22565
DEC_0046,decoy,CCCN(CCCCN1C(=O)CC2(CCCC2)CC1=O)C1COc2cccc(O)c2C1,CHEMBL27763
DEC_3590,decoy,Cc1ccc(N2CCN(c3ccc4c(ncc5c4c(=O)c(C(=O)O)cn5C)c3F)CC2)cc1F,CHEMBL418201
DEC_1116,decoy,C=C(Cl)CN1C[C@H](OCC23C[C@@H]4[C@H](C)CC[C@H]4C4(C=O)CC2C=C(C(C)C)[C@@]34C(=O)O)OCC12CCCC2,CHEMBL283045
DEC_3840,decoy,Cc1c(F)c(N2CCNC(C)C2)cc2c1c(=O)c(C(=O)O)cn2-c1ccc(F)cc1F,CHEMBL16237
DEC_3689,decoy,CC1(C)N=C(N)N=C(N)N1c1ccccc1C(F)(F)F,CHEMBL21636
DEC_2469,decoy,Clc1ccc2c(c1)[C@H]1OCC[C@H]1[C@H](c1c[nH]c3ccccc13)N2,CHEMBL27218
ACT_017,active,CCCCCC1=CC(=O)C=C(OC)C1=N,CHEMBL4764453
DEC_2253,decoy,COC(=O)C[C@@H](c1ccc(OC)nc1)N(C)C(=O)CCCCc1ccc2c(n1)NCCC2,CHEMBL9208
DEC_0812,decoy,O=C(CCCC1CC1)c1ccc2c(c1)CCO2,CHEMBL14576
DEC_0964,decoy,CCNCC1CCN(c2c(F)cc3c(=O)c(C(=O)O)cn(NC)c3c2F)C1,CHEMBL6256
DEC_0364,decoy,CC(=O)S[C@@H]1CC2=CC(=O)CCC2(C)C2CCC3(C)C(C21)[C@H]1C[C@H]1[C@@]31CCC(=O)O1,CHEMBL30851
DEC_2881,decoy,Nc1cc(CSc2ccccc2)c2nc(N)nc(O)c2c1,CHEMBL14926
DEC_2277,decoy,COCCN(CCOC)c1nn2c(-c3cccc(Cl)c3)nnc2c2ccccc12,CHEMBL13909
DEC_3744,decoy,CCCCC1Nc2ccc(Cc3ccccc3)cc2C(=O)N1Cc1ccc(-c2ccccc2-c2nn[nH]n2)cc1,CHEMBL15483
DEC_0338,decoy,O=C(c1cc2ccccc2[nH]1)c1cc2cc(OCCCCI)ccc2[nH]1,CHEMBL7757
ACT_003,active,Clc1ccc(-c2cnsc2-c2ccc(Cl)cc2)cc1,CHEMBL491088
DEC_0095,decoy,CCN(CC)CCOc1ccc(C(C)(C)C)cc1,CHEMBL283826
DEC_4026,decoy,COc1c(N2CCCC(CN)C2)c(F)cc2c(=O)c(C(=O)O)cn(C3CC3)c12,CHEMBL418169
DEC_2450,decoy,N#Cc1cc(-c2ccc3c(c2)C2(CCCCC2)C(S)=N3)ccc1F,CHEMBL282774
DEC_4379,decoy,CC(C)(C)c1cc(/C=C/C(=O)c2ccsc2)cc(C(C)(C)C)c1O,CHEMBL274353
DEC_1355,decoy,C[C@@H]1Cc2cc3c(C(F)(F)F)cc(O)nc3cc2N[C@@H]1C,CHEMBL7058
DEC_0712,decoy,O=C(O[C@H]1CC[C@H](Nc2nc(Nc3ccccc3)c3ccccc3n2)CC1)c1ccccc1,CHEMBL17496
DEC_2497,decoy,CC(C)=Cc1c(C(C)C)nc(C(C)C)c(O)c1-c1ccc(F)cc1,CHEMBL280724
DEC_3316,decoy,NC(=O)c1cc(N(CCI)CCI)c([N+](=O)[O-])cc1[N+](=O)[O-],CHEMBL23216
DEC_0662,decoy,Cc1cc(C(c2ccc(C(C)C)cc2)N2CCN(CCO)CC2)sn1,CHEMBL25161
DEC_1590,decoy,Nc1nc(N)c2c(CNc3ccccc3-c3ccccc3)coc2n1,CHEMBL23960
DEC_2408,decoy,C/C(=N\O)c1cccc(Sc2cc(F)cc(C3CCOCC3)c2)c1,CHEMBL25026
DEC_1579,decoy,CNC(=O)OCc1cn2c(c1COC(=O)NC)-c1ccccc1CC2C,CHEMBL24789
DEC_4597,decoy,CCn1cc(C(=O)O)c(=O)c2cc(F)c(N3CCC(N)C3)c(F)c21,CHEMBL277099
DEC_3609,decoy,Cc1cn(C2C=CC(COP(=O)(OCC(F)(F)F)OCC(F)(F)F)O2)c(=O)[nH]c1=O,CHEMBL274008
DEC_4359,decoy,NCCc1c[nH]c(Cc2ccccc2C(F)(F)F)n1,CHEMBL23687
DEC_2894,decoy,Nc1ccc(S(=O)(=O)Nc2noc3c2CCCC3)cc1,CHEMBL26586
DEC_0171,decoy,CCCc1cc(=O)oc2c3c(c4c(c12)OC(C)(C)C=C4)O[C@H](C)[C@H](C)C3=O,CHEMBL7378
DEC_2770,decoy,CO[C@@]1(NC(=O)Cc2ccc(O)cc2)C(=O)N2C(C(=O)OCc3cccc(C)c3)=C(CSc3nnnn3CC(=O)O)CO[C@@H]21,CHEMBL78373
DEC_1451,decoy,C[Si](C)(C)OC(C#N)C1CCCCCCCC1,CHEMBL18718
ACT_002,active,C=CCSS/C=C/C[S+]([O-])CC=C,CHEMBL122890
DEC_0835,decoy,O=C(O)Cc1ccccc1Oc1ccccc1,CHEMBL285319
DEC_1218,decoy,COc1cc(Nc2c(C#N)cnc3cc(OCCCN4CCN(C)CC4)c(OC)cc23)c(Cl)cc1Cl,CHEMBL288441
DEC_3353,decoy,O=C(Cn1c(Cl)cnc(NCC(F)(F)c2cccc[n+]2[O-])c1=O)NCc1ccccc1OC(F)(F)F,CHEMBL29181
DEC_2085,decoy,COc1ccc2c3c1OC1C(=O)[C@](C)(CCc4ccccc4)CC4C(C2)N(CC2CCC2)CCC314,CHEMBL431972
DEC_2066,decoy,CC(=O)[C@@]12OC(C)(c3ccc(F)cc3)O[C@@H]1CC1C3CCC4=CC(=O)CC[C@]4(C)C3CC[C@@]12C,CHEMBL13733
DEC_0842,decoy,CCc1nn(C)c(N)c1C(=O)c1ccccc1,CHEMBL285032
DEC_4521,decoy,COc1ccc2[nH]c([S+]([O-])Cc3c(N)cc(C)c(OC)c3C)nc2c1,CHEMBL20315
DEC_4381,decoy,CC(C)c1cccc2ccc(-c3ccc(-c4ccc(C(=O)O)cc4)[nH]3)nc12,CHEMBL277168
DEC_4448,decoy,CC(C)N1CC2(CCN(CC(O)C3COc4ccccc4O3)CC2)OC1=O,CHEMBL27383
DEC_3427,decoy,O=C1Nc2ccc(Cl)cc2C(OCC2CC2)(C(F)(F)F)O1,CHEMBL17902
DEC_4047,decoy,CCCc1cc(S)cc(=O)n1Cc1ccc(-c2ccccc2-c2nn[nH]n2)cc1,CHEMBL23778
DEC_3932,decoy,C=C1C=C2c3cccc4c3[C@@H](CN4)C[C@H]2N(C)C1,CHEMBL36980
DEC_4384,decoy,CCc1ccc(NC(=O)Nc2cc(C(C)(C)C)sc2C(=O)OC)cc1,CHEMBL18763
DEC_3327,decoy,CC(C)(C)NC(=O)[C@@H]1C[C@@H]2CCCC[C@@H]2CN1C[C@@H](O)[C@H](Cc1ccccc1)NC(=O)O[C@@H]1CO[C@@H]2OCC[C@@H]21,CHEMBL83768
DEC_2194,decoy,Cc1ccc(NC(=O)Nc2cc(C(C)(C)C)sc2C(=O)OCCO)cc1,CHEMBL277806
DEC_4579,decoy,CCCN(CCN1C[C@H](c2ccc3c(c2)OCO3)[C@@H](C(=O)O)[C@@H]1c1ccc(OC)c(F)c1)S(=O)(=O)Cc1ccccc1,CHEMBL110700
DEC_4444,decoy,CCCn1c(=O)c2c(nc(/C=C/c3cccc(F)c3)n2C)n(CCC)c1=O,CHEMBL28258
DEC_0562,decoy,Cc1nc(N)ccc1CNC(=O)Cn1c(C)cc2c(c1=O)NCN(CC1CCC1)S2(=O)=O,CHEMBL416033
DEC_2446,decoy,CC(C)N(CCC1(c2ccccc2)C(=O)N=CN2CCCCC21)C(C)C,CHEMBL25818
DEC_2270,decoy,CCCOC(=O)C1C2C(=O)CC(c3ccc(O)cc32)C1C(=O)OCCC[Si](C)(C)C,CHEMBL11867
DEC_1881,decoy,CCC(C)(C)/N=c1\c(O)c(O)\c1=N/Cc1ccc(F)c(F)c1,CHEMBL19694
DEC_3205,decoy,O=C(NCCNCC(O)COc1cccc2c1OCCO2)Nc1ccccc1,CHEMBL30797
DEC_3200,decoy,NCCCCNc1ccc2c(CNCCO)nn3c4cccc(O)c4c(=O)c1c23,CHEMBL269371
DEC_0715,decoy,[N-]=[N+]=Nc1ccc2c(Nc3ccc(S(N)(=O)=O)cc3)c3ccc(N=[N+]=[N-])cc3nc2c1,CHEMBL35745
DEC_4328,decoy,N#CC(C(=O)O)C1C(=O)Nc2ccc(Br)cc21,CHEMBL284988
DEC_3355,decoy,COC(=O)c1c(C(F)(F)F)[nH]c2c1[C@@]13C[C@@H]1CN(C(=O)c1cc4cc(OC)c(OC)c(OC)c4[nH]1)C3=CC2=O,CHEMBL32759
DEC_0634,decoy,Cc1cc(F)ccc1-c1nc(N(C(N)=O)c2c(F)cccc2F)c2ncn(C)c2n1,CHEMBL18803
DEC_4052,decoy,COc1ccnc(C[S+]([O-])c2nc3cc(F)c(OC(F)F)cc3[nH]2)c1C,CHEMBL273600
DEC_1334,decoy,CCN(CC)CCOc1ccccc1/C=C(\C#N)c1noc2ccc(O)cc12,CHEMBL277881
ACT_006,active,O=[N+]([O-])c1ccc2c(c1)S(=O)(=O)N=S2c1ccc(C(F)(F)F)cc1,CHEMBL1917103
DEC_1092,decoy,CCSc1sc(-c2cc[nH]n2)c2c1C(=O)CC(C)(C)C2,CHEMBL274281
DEC_4246,decoy,O=C(O)c1cc(Cl)cc(C(=O)/C=C/c2cccc(/C=C/c3ccc4ccccc4n3)c2)c1O,CHEMBL11905
DEC_1753,decoy,CN1C[C@H](C(=O)Nc2ccc(Cl)nn2)C[C@@H]2c3cccc4[nH]cc(c34)C[C@H]21,CHEMBL13979
DEC_3518,decoy,CC(C)(C)c1ccc(S(=O)(=O)N2Cc3ccccc3N(Cc3ncc[nH]3)C(CCc3ccccc3)C2)cc1,CHEMBL8499
DEC_3896,decoy,CCc1nc2c(-c3ccc(C(F)(F)F)cc3Cl)nccc2n1C(CC)CC,CHEMBL279954
DEC_4584,decoy,COc1cc(CC(C)NN)c(OC)cc1I,CHEMBL276654
DEC_0956,decoy,Nc1nc(Cl)c2ncn([C@@H]3C[C@H]4C[C@](CC(=O)O)(C(=O)O)O[C@H]4C3)c2n1,CHEMBL20982
DEC_2804,decoy,COc1cc2[nH]c(-c3csc4ccccc34)cc2cc1-c1cnco1,CHEMBL277190
DEC_1555,decoy,O=C(c1cc2ccccc2[nH]1)c1cc2cc(OC(=O)C3CC3)ccc2[nH]1,CHEMBL7114
DEC_2766,decoy,CC1=C(C(N)=O)C(c2ccc([N+](=O)[O-])cc2)C(C(=O)NCCCN2CCC(CN(C)C)(c3ccccc3)CC2)=C(COCCN)N1,CHEMBL98038
DEC_0826,decoy,O=C(O)CNC(=O)c1ccc2ccccc2c1,CHEMBL8798
DEC_3868,decoy,C=CCC1Oc2cccc(OCC3CC3)c2-c2ccc3c(c21)C(C)=CC(C)(C)N3,CHEMBL8359
DEC_4213,decoy,CC(C)CC/N=C(\N)c1ccc(-c2ccc(-c3ccc(/C(N)=N/CCC(C)C)cc3)o2)cc1,CHEMBL281446
DEC_1533,decoy,CCC/C=C/C(=O)O[C@H](CC=C(C)C)C1=CC(=O)c2c(O)ccc(O)c2C1=O,CHEMBL9266
DEC_1323,decoy,c1ccc(OCc2ccc3ccccc3n2)c(OCCCc2nnn[nH]2)c1,CHEMBL18450
DEC_3815,decoy,O=C(O)CCC(=O)N1CCC2(CCC(C(=O)N3CCC(C4CCNCC4)CC3)CC2)CC1,CHEMBL24638
DEC_1757,decoy,CC(C)(C)n1cc(C(=O)O)c(=O)c2cc(F)c(N3CC4CCC3CN4)cc21,CHEMBL26023
DEC_3259,decoy,CC(C)Oc1ccc(Sc2nc(N)nc3c2ncn3CCOCP(=O)(OCC(F)(F)F)OCC(F)(F)F)cc1,CHEMBL322331
DEC_1213,decoy,CCc1nc2ccn(CC(=O)N(CC)CC)c(=O)c2n1Cc1ccc(-c2ccccc2-c2nn[nH]n2)cc1,CHEMBL418625
DEC_0560,decoy,C[C@@H](O)[C@H]1C(=O)N2C(C(=O)O)=C(S[C@@H]3CN[C@@H](c4ccc([C@@H](N)CC(N)=O)cc4)C3)[C@H](C)[C@H]12,CHEMBL277141
DEC_2029,decoy,Nc1nc(N)c2c(/C=C/c3ccc4ccccc4c3)cccc2n1,CHEMBL6823
DEC_0412,decoy,O=C(O)CO[C@@H]1CC(C(=O)O)=C[C@@H](O)[C@H]1O,CHEMBL32446
DEC_1569,decoy,c1cc(NC2=NCCN2)ccc1Cc1ccc(OC2CCCC2)cc1,CHEMBL418523
DEC_0160,decoy,N#C/C(=N\O)c1ccc(Sc2cc(F)cc(C3CCOCC3)c2)cc1,CHEMBL27691
DEC_0468,decoy,C[C@@H](/N=c1\c(O)c(O)\c1=N/c1ccc(C#N)c2c1CCCC2)C(C)(C)C,CHEMBL275401
DEC_1770,decoy,CC1(C)Oc2ccc(C#N)cc2[C@@H](NC(=O)c2ccc(F)cc2)[C@@H]1O,CHEMBL16602
DEC_4195,decoy,COc1ccc(C2(O)OC(=O)C(c3ccc4c(c3)OCO4)=C2Cc2cccnc2)cc1,CHEMBL10910
DEC_1508,decoy,COC1(c2csc(Sc3ccc4c(c3)OCC/C4=N\O)c2)CCOCC1,CHEMBL284403
DEC_1680,decoy,O=C(c1ccc(Nc2ccnc3cc(C(F)(F)F)ccc23)cc1)N1CCC(c2ccccc2)CC1,CHEMBL29169
DEC_2116,decoy,CCO[C@@]1(CC)c2cccc3c2-c2c1ccc1c2[C@@H](C3)N(C)CC1,CHEMBL280804
DEC_1721,decoy,O=c1oc(Nc2ccccc2I)nc2cc3ccccc3cc12,CHEMBL10770
DEC_4466,decoy,O=c1oc2ncccc2n1CCN1CCN(c2ccc(F)cc2)CC1,CHEMBL24600
DEC_3234,decoy,O=C1NC(=O)C(CC#Cc2ccc(Cl)cc2)(Sc2ccccn2)S1,CHEMBL418709
DEC_4248,decoy,c1ccc(COCCOc2ccc([C@H]3CCNC[C@@H]3OCc3ccc4ccccc4c3)cc2)cc1,CHEMBL283683
DEC_0563,decoy,C[C@@H](O)[C@H]1C(=O)N2C(C(=O)O)=C(S[C@@H]3CN[C@H](CSc4ccc(CN)cc4)C3)[C@H](C)[C@H]12,CHEMBL14617
DEC_4230,decoy,Cc1cc(C)c(NC(=O)C(C)(C)CCCCOc2ccc(Cl)cc2)c2c1CC(C)(C)O2,CHEMBL23599
DEC_3747,decoy,CCc1nc2c(C)cc(C)nc2n1Cc1ccc(OC(C(=O)O)c2ccccc2)c(Cc2ccccc2)c1,CHEMBL418354
DEC_1308,decoy,CCN(CC)CCNc1ccc(CO)c2sc3ccc(O)cc3c(=O)c12,CHEMBL21952
DEC_2101,decoy,COOC1(OOC(C)(C)OC)CCCCCCCCCCC1,CHEMBL27680
DEC_0991,decoy,Cc1nc(N)ccc1CNC(=O)Cn1c(C)cc2c(c1=O)NC(=O)CC2,CHEMBL273861
DEC_1201,decoy,CCCN(Cc1ccc(-c2ccccc2-c2nn[nH]n2)cc1)c1ncnc2c1ncn2Cc1ccccc1,CHEMBL49294
DEC_4093,decoy,COc1ccccc1N1CCN(CCNC(=O)C2CC3CCCC3C2)CC1,CHEMBL25654
DEC_0022,decoy,O=C(O)CCCCCCC(=O)N1CCC2(CC1)CCN(c1ccncc1)CC2,CHEMBL287641
DEC_1194,decoy,CN/C(=N\CCSCc1[nH]cnc1C)S(=O)(=O)O,CHEMBL276536
DEC_1374,decoy,Cc1ccc(C(O)c2ccc3c(n2)CCCCC3)cc1,CHEMBL286614
DEC_1452,decoy,CC12N[C@H](CC3=C1CCCC3)C1CCCCC12,CHEMBL275327
DEC_1162,decoy,CC(C)CN1C2=NCCN2C(=O)c2[nH]c(C(C)C)nc21,CHEMBL18844
DEC_0240,decoy,O=C1C2CCCN2C(=O)CN1CN1CCN(c2cccc3ccccc23)CC1,CHEMBL285066
DEC_4576,decoy,CCCC(=O)Nc1ccc(-c2nc3n(Cc4ccccc4F)cc(C(=O)OC(CC)CC)c(=O)n3c2CN2CCCC2)cc1,CHEMBL69914
DEC_4508,decoy,CC[C@H](c1ccc(O)cc1)[C@@H](CI)c1ccc(O)cc1,CHEMBL25882
DEC_1150,decoy,O=P1(N(CCCl)CCCl)OCCCN1O,CHEMBL557134
DEC_3379,decoy,COc1cccc2c1CCC[C@H]2CN(C)CCc1ccc2c(c1)CS(=O)(=O)C2,CHEMBL9970
DEC_1105,decoy,C=C(Cl)CN1C[C@H](OCC23C[C@@H]4[C@H](C)CC[C@H]4C4(C=O)CC2C=C(C(C)C)[C@@]34C(=O)O)OC[C@H]1C(F)(F)F,CHEMBL30737
DEC_4475,decoy,Cc1cn(COC2CP(=O)(Oc3ccccc3)OC2C)c(=O)[nH]c1=O,CHEMBL428365
DEC_2007,decoy,CCN(C1=NCCN1)c1c(Br)cccc1Br,CHEMBL277242
DEC_4116,decoy,C/C(=N\OC(C)C)c1ccc(Sc2cc(F)cc(C3CCOCC3)c2)cc1,CHEMBL25039
DEC_0800,decoy,O=Cc1ccc(NCc2ccc(F)cc2)cn1,CHEMBL31730
DEC_4313,decoy,Nc1nc(O)c2c(n1)CCC(CBr)C2,CHEMBL25384
DEC_3441,decoy,C=C1C(=O)c2ccccc2OC1(c1ccccc1)c1cccs1,CHEMBL11090
DEC_3539,decoy,CC[C@H](C)N1C(=O)C(NC(=O)Cc2ccc(C(F)(F)F)cc2C(F)(F)F)N=C(C2CC2)c2ccccc21,CHEMBL430293
DEC_3730,decoy,C=CC(C)(C)c1[nH]c2ccccc2c1C1=C(OC)C(=O)C(c2c[nH]c3c(CC=C(C)C)cccc23)=C(OC)C1=O,CHEMBL18783
DEC_1237,decoy,COc1cc2c(Nc3ccc(Cc4ccccn4)cc3)c(C#N)cnc2cc1OCCCN1CCOCC1,CHEMBL281662
DEC_3897,decoy,CCCCCCC(=O)c1cc(O)c2c(c1)OC(C)(C)[C@@H]1CC=C(C)C[C@@H]21,CHEMBL418555
DEC_4207,decoy,CC1(C)CN1P(=O)(NC(=O)OCc1ccccc1[N+](=O)[O-])N1CC1(C)C,CHEMBL31528
DEC_4261,decoy,Cn1cccc1-c1cccc(CN(CC(O)C(F)(F)F)c2cccc(Oc3ccccc3)c2)c1,CHEMBL43764
DEC_0771,decoy,Nc1c(F)c(N2CCC(N)C2)c(F)c2c1c(=O)c(C(=O)O)cn2C1CC1,CHEMBL15186
DEC_2636,decoy,COc1cc2nc(N3CCN(C(=O)c4ccco4)[C@H]4CCCC[C@H]43)nc(N)c2cc1OC,CHEMBL423294
DEC_3711,decoy,Clc1cc2nc(SCCCCn3c(C4CCNCC4)nc4cc(Cl)c(Cl)cc43)[nH]c2cc1Cl,CHEMBL20967
DEC_3686,decoy,CN(C)c1ncnc2c1ncn2Cc1cccc(CO)c1,CHEMBL7881
DEC_4004,decoy,CCc1cc(CCCCCOc2ccc(C3=NCCO3)cc2)on1,CHEMBL25697
DEC_4453,decoy,CC(C)N1CCN(c2cc3c(cc2F)c(=O)c(C(=O)O)cn3C2CC2)CC1,CHEMBL15362
DEC_0652,decoy,Cc1cc(C(c2ccc(C(C)C)cc2)N2CCN(C)CC2)sn1,CHEMBL278532
DEC_1667,decoy,Cc1nnc2n1-c1sc(/C=C\c3ccc(C4CCCCC4)cc3)cc1C(c1ccccc1Cl)=NC2,CHEMBL32389
DEC_1589,decoy,CC(C)c1ccc(-c2cc3ncccc3c(NCCCN)n2)cc1,CHEMBL30873
DEC_2435,decoy,COc1cccc2c1CCC[C@H]2CN(C)CCc1ccc2c(c1)COC2,CHEMBL269171
DEC_3817,decoy,O=C1[C@@H](NS(=O)(=O)c2cc3nc(Cl)ccc3s2)CCN1Cc1cc2cc[nH]cc-2n1,CHEMBL8645
DEC_1972,decoy,CCC1CCc2cc3c(C(F)(F)F)cc(=O)oc3cc2N1,CHEMBL266473
DEC_1282,decoy,CCNCC1CCN(c2c(F)cc3c(=O)c(C(=O)O)cn(CC)c3c2Cl)C1,CHEMBL15592
DEC_2887,decoy,CC(C)(C)/N=c1\c(O)c(O)\c1=N/Cc1c(F)cccc1F,CHEMBL20119
DEC_3530,decoy,CC(=O)N1CCc2ccc(N(C(=O)/C=C/c3ccc(Cl)cc3)C3CCN(CCC4CCCCC4)CC3)cc21,CHEMBL21935
DEC_3820,decoy,O=C1[C@@H](NS(=O)(=O)c2cc3c(Cl)nccc3s2)CCN1Cc1cc2cc[nH]cc-2n1,CHEMBL8506
DEC_0837,decoy,COC(=O)/C=C/C=C/c1ccc2c(c1)OCO2,CHEMBL42965
DEC_1798,decoy,CN1CCN(Cc2cc(Nc3cc(C(F)(F)F)nc(Nc4nc5cc(C(=O)c6ccccc6)ccc5[nH]4)n3)ccc2O)CC1,CHEMBL24184
DEC_2275,decoy,CCC1C(=O)N(CCCCCOc2ccc(Cl)cc2)/C(=N\C#N)N1c1ccncc1,CHEMBL417264
DEC_2870,decoy,CN1CC(C2=NCCN2)Oc2cc3c(cc21)CCCC3,CHEMBL267074
DEC_0361,decoy,OC1(c2ccc(Cl)cc2)CCN(C2=Nc3ccccc3CC=C2c2ccccc2)CC1,CHEMBL274018
DEC_2511,decoy,CCC1(CC)CCNc2cc3nc(O)cc(C(F)(F)F)c3cc21,CHEMBL282866
DEC_2618,decoy,CC(=O)OC1[C@@H](OC(C)=O)C(C)O[C@@H](Nc2ccc(C(=O)O)cc2)[C@H]1OC(C)=O,CHEMBL418381
DEC_2686,decoy,COc1cc(OC)cc([C@@H]2c3cc4c(cc3N[C@H]3COC(=O)N23)OCO4)c1,CHEMBL9206
DEC_0352,decoy,C[C@H]1[C@@H](OCC23CC4CC(CC(C4)C2)C3)O[C@@H]2O[C@@]3(C)CC[C@H]4[C@H](C)CC[C@@H]1[C@@]24OO3,CHEMBL437851
ACT_064,active,C=C1C(=O)O[C@@H]2/C=C(\C)[C@@H]3O[C@@H]3/C=C(/C(=O)OC)[C@H](O)[C@@H](OC(=O)[C@]3(C)O[C@@H]3C)[C@@H]12,CHEMBL463559
DEC_3857,decoy,CCC(=O)N1CCN(c2cc3c(cc2F)c(=O)c(C(=O)O)c2sc4ccccc4n23)CC1,CHEMBL290958
DEC_2945,decoy,CCCc1nc(CN(Cc2ccccc2)C(=O)OC(C)(C)C)c(C(=O)O)n1Cc1ccc(-c2ccccc2-c2nn[nH]n2)cc1,CHEMBL306922
DEC_3564,decoy,CC(C)Oc1nccc2c1c1ncnc(N3CCN(CCc4ccc(F)c(F)c4)CC3)c1n2C,CHEMBL283253
DEC_1790,decoy,C=C1/C=C(\C)[C@H](CC)OC(=O)[C@H](C)C(=O)[C@@](O)(CO)C/C(Cl)=C/[C@@H](C)C1,CHEMBL286184
DEC_2705,decoy,CC(C)C[C@H](CC(=O)NO)C(=O)N[C@H]1Cc2cn(c3ccccc23)CCCCCCNC1=O,CHEMBL281795
DEC_2370,decoy,C1=Cc2ccccc2C2(OC[C@H]([C@@H]3CCCCN3)O2)c2ccccc21,CHEMBL281053
DEC_0908,decoy,COC(=O)c1sc(C(C)(C)C)cc1NC(=O)Nc1cccc(Cl)c1Cl,CHEMBL278506
DEC_1455,decoy,c1coc(CN2CCc3c([nH]c4ccccc34)C2)c1,CHEMBL12794
DEC_1995,decoy,Cc1cc(-c2cc3ccc(O)cc3s2)ccc1O,CHEMBL31333
DEC_1238,decoy,C=CC(=O)N(C)c1nc2c(Nc3ccc(F)c(Cl)c3)ncnc2cc1OCCCN1CCOCC1,CHEMBL31630
DEC_3748,decoy,CC[C@H](NC(=O)c1c(CN2CCC(N3CCCCC3)CC2)c(-c2ccccc2)nc2ccccc12)c1ccccc1,CHEMBL47544
DEC_1051,decoy,C[C@@H](N)Cc1c2ccoc2c(C(F)(F)F)c2ccoc12.Cl,CHEMBL7132
DEC_2559,decoy,CC(C)C[C@@H]1OC(=O)C(C)(C)CNC(=O)[C@@H](COCc2ccccc2)NC(=O)/C=C/C[C@@H]([C@H](C)[C@@H]2O[C@H]2c2ccccc2)OC1=O,CHEMBL87490
DEC_0300,decoy,COc1cc2c(cc1OC)C1C(=O)c3ccc4c(c3OC1CO2)C(C)(C)C=CO4,CHEMBL268392
DEC_2892,decoy,COc1ccc(Sc2cnc3nc(N)nc(N)c3n2)cc1,CHEMBL6631
DEC_2239,decoy,CC1=C(C(=O)O)N2C(=O)[C@@H](NC(=O)C(N)c3ccccc3)[C@H]2SC1,CHEMBL6634
DEC_2707,decoy,N/C(=N\O)c1ccc(CN(NS(=O)(=O)c2ccc3ccccc3c2)C(=O)N2CCCCC2)cc1,CHEMBL36960
DEC_4626,decoy,CCC(C)Oc1ccccc1-c1ncc(-c2nn[nH]n2)c(O)n1,CHEMBL15044
DEC_1628,decoy,CN1CC=C(c2c[nH]c3ccc(C#N)cc23)CC1,CHEMBL283899
DEC_2843,decoy,CCS(=O)(=O)c1ccc(OC)c(-c2ccc(C(C)N3CCCCC3)[nH]2)c1,CHEMBL20785
DEC_2417,decoy,COc1cccc2c1CCC[C@H]2CN(C)CCc1ccc2ccoc2c1,CHEMBL268258
DEC_3010,decoy,CC(=O)OCCc1c(O)n(Cc2ccccc2)c2nc3c(c(=O)n(C)c(=O)n3C)n2c1=O,CHEMBL13171
DEC_2410,decoy,CN(C)CCCOc1ccccc1/C=C(\C#N)c1noc2ccc(Cl)cc12,CHEMBL22383
DEC_0188,decoy,CC(=O)/C(=N\O)c1ccc(Sc2cc(F)cc(C3CCOCC3)c2)cc1,CHEMBL283476
DEC_0492,decoy,Clc1cc(N=NN2CCCC2)cc(Cl)c1NC1=NCCN1,CHEMBL22073
DEC_2668,decoy,O=C(NN1CCOCC1)c1c(O)c2cccnc2n(-c2ccccc2)c1=O,CHEMBL14303
DEC_0242,decoy,COC(=O)[C@H]1C[C@H]2CN3CCc4cc5c(cc4[C@@H]3C[C@@H]2C[C@@H]1O)OCO5,CHEMBL26421
DEC_1563,decoy,N=C(N)c1ccc2oc(CCc3cc4cc(C(=N)N)ccc4o3)cc2c1,CHEMBL279962
DEC_0255,decoy,Brc1ccc(N(CC2CC2)C2=NCCN2)cc1Br,CHEMBL20092
DEC_1414,decoy,CC1Cc2cc3c(cc2C(c2ccc(N)cc2)=NN1C(=O)CC#N)OCO3,CHEMBL268142
DEC_4322,decoy,CCC1C(=O)N2C=CSC2N(CC2CC2)C1=O,CHEMBL30057
DEC_1202,decoy,COCCN(CCOC)c1nc(C)nc2c1sc(=O)n2-c1ccc(C(C)C)cc1Br,CHEMBL17666
DEC_3949,decoy,O=C(O)c1cc(Cl)cc2c1NCCS2,CHEMBL38141
DEC_2372,decoy,CCC1OC(/C=C/C2CC2)(C(F)(F)F)c2cc(F)ccc2NC1=O,CHEMBL30752
DEC_2217,decoy,O=C(O)[C@@H]1C[C@H]2C[C@@H](Cc3cccc(-c4nn[nH]n4)c3)CC[C@H]2CN1,CHEMBL279648
DEC_0686,decoy,Cc1cc(C(c2ccccc2C(C)C)N2CCN(C)CC2)sn1,CHEMBL22741
DEC_3519,decoy,OC1(c2ccc(Cl)c(C(F)(F)F)c2)CCN(CCCC(c2ccc(F)cc2)c2ccc(F)cc2)CC1,CHEMBL47050
DEC_2423,decoy,C=CCN(C)C1CCCC1N(C(=O)CC)c1ccc(Cl)c(Cl)c1,CHEMBL283779
DEC_4592,decoy,C[C@@H]1[C@@H](N)CN1c1cc2c(cc1F)c(=O)c(C(=O)O)cn2C1CC1,CHEMBL19760
DEC_1433,decoy,Cc1nsc(-c2ccc(N3CCN(c4cccc(C#N)c4)CC3)nn2)n1,CHEMBL14916
DEC_2851,decoy,Cc1cnc2c(c1)[C@@H]1c3cc(O)c(O)cc3CC[C@H]1NC2,CHEMBL275379
DEC_3360,decoy,CC(C)=C1C2C=CC1C1C(=O)N(CCCCN3CCN(c4ncccn4)CC3)C(=O)C21,CHEMBL29030
DEC_0190,decoy,CSc1sc(C(=N)N)cc1-c1nc(C2CCCCC2)cs1,CHEMBL283859
DEC_3178,decoy,O=C(CC1N=C2C=CC=CC2N1)NCCNCC(O)COc1ccccc1Cl,CHEMBL31109
DEC_3758,decoy,CCC/N=C(\S)N/N=C/c1cc2c(c(O)c1C(=O)O)-c1c(O)c3c(c(OC)c1CC2)C(=O)c1c(cc(O)c(C)c1O)C3=O,CHEMBL27721
DEC_0140,decoy,CC1=C(/C=C/C(C)=C/c2ccc(C(=O)O)cc2F)C(C)(C)CCC1,CHEMBL274949
DEC_3129,decoy,O=c1c2c(c3cccnc3n1-c1ccccc1)OCCCC2,CHEMBL283811
DEC_0389,decoy,C[C@]12CC[C@]3(C1)C(CC2=O)C[C@@H](OC(=O)c1ccccc1)C1[C@](C)(CO)CCC[C@@]13C,CHEMBL428332
DEC_0142,decoy,Cc1cc(C(c2ccc(C(C)C)cc2)N2CCCCC2)sn1,CHEMBL22748
DEC_3524,decoy,CCCCCc1ccc(C#CC(O)(c2ccc(C#N)c(-c3cccc4ccccc34)c2)c2cncn2C)cc1,CHEMBL24048
DEC_2128,decoy,CCCN(CCC)C1Cc2cccc3nc(S)n(c23)C1,CHEMBL12157
DEC_1277,decoy,O=c1cnn(-c2ccc(Sc3ccc(Br)cc3)c(Cl)c2)c(=O)[nH]1,CHEMBL26020
DEC_1544,decoy,CCOc1ccc(Nc2nc(C#CC(C)(O)CC)nc3c2ncn3C(C)C)cc1,CHEMBL280623
DEC_3968,decoy,CCCOc1c(OC)cc(NC(C)CCCN)c2ncccc12,CHEMBL278207
DEC_1159,decoy,C=CCOc1nc(N)nc2c1ncn2/C=C1/C[C@@H]1CO,CHEMBL38386
DEC_0510,decoy,CN(C)CC[C@H]1CN(C)C(=S)c2cc(Cl)cnc2O1,CHEMBL283760
DEC_1904,decoy,CO[C@@]12C(COC(N)=O)c3c(O)c(/N=C4\C=CC(=O)C(I)=C4)c(C)c(O)c3N1CC1NC12,CHEMBL73159
DEC_4050,decoy,COc1cccc2c1C(CN1CCC3(CC1)C(=O)NCN3c1ccccc1)CCO2,CHEMBL14349
DEC_1165,decoy,CC1OC(P(=O)(O)O)=CCC1n1cnc2c(N)ncnc21,CHEMBL26654
DEC_3459,decoy,Cc1cc(SC2=C(O)O[C@](CCc3ccc(N)cc3)(C(C)C)CC2=O)c(C(C)(C)C)cc1CO,CHEMBL285759
DEC_2141,decoy,CN(C/C=C/c1ccccc1)Cc1c2c(cc3c1CCC3)CCC2,CHEMBL21290
DEC_4625,decoy,CN(Cc1ccccc1)c1ccc2c(c1)CN1CC(=O)NC1=N2,CHEMBL31379
DEC_3700,decoy,CC[C@]1(c2ccc(O)cc2)OC[C@H]([C@@H]2CCCCN2)O1,CHEMBL27595
DEC_1888,decoy,Cc1cccc(C)c1NC(=O)C(CN(C)C(C)C)N(C)C(C)C,CHEMBL10108
DEC_0704,decoy,COc1ccc2c(nc(Nc3c(C)cccc3Cl)c3cnc(C(O)C(C)C)n32)c1OC,CHEMBL28787
DEC_4127,decoy,Cc1cc(-c2noc(C(F)(F)F)n2)cc(C)c1OCCCc1cccc(F)n1,CHEMBL434962
DEC_3770,decoy,CCCC1Nc2cccc([C@@H]3C[C@H]3CNC(=O)C3CC3)c2O1,CHEMBL279343
DEC_1554,decoy,Nc1nc(N)c2cc(CNc3cccc4ccccc34)ccc2n1,CHEMBL23211
DEC_3831,decoy,Nc1nc(O)c2nc(Br)n(C3CCCc4cccc(Br)c43)c2n1,CHEMBL267102
DEC_1209,decoy,Cc1c(Sc2ccccc2)n(COCCN(C(=O)c2ccccc2)C(=O)c2ccccc2)c(=O)[nH]c1=O,CHEMBL301651
DEC_0981,decoy,COC(=O)NC(c1cc([N+](=O)[O-])cc2nc(O)c(O)nc12)P(=O)(O)O,CHEMBL268714
DEC_2262,decoy,COCCN(CCOC)c1nc(C)nc2c1sc(=O)n2-c1c(C)cc(C)cc1C,CHEMBL17656
DEC_4512,decoy,O=C(Nc1ccccc1)c1c(O)c2cccnc2n(-c2ccccc2)c1=O,CHEMBL14662
DEC_0438,decoy,NC(CCC(=O)N1CCCC1C(=O)O)C(=O)O,CHEMBL7503
DEC_3948,decoy,Nc1nc(N)c2cc(Br)ccc2n1,CHEMBL6549
DEC_2005,decoy,CC[C@H]1Cc2cc3c(C(F)(F)F)cc(O)nc3cc2N[C@@H]1CC,CHEMBL6959
DEC_3514,decoy,O=C1c2cc3ccccc3cc2C(=O)N1CCCCCn1c(C2CCNCC2)nc2cc(Cl)c(Cl)cc21,CHEMBL282881
DEC_1477,decoy,c1ccc([C@@]23CCCN2CCc2ccccc23)cc1,CHEMBL33257
DEC_0650,decoy,CC(C)(C)CC(C)(C)NC(=O)[C@H]1CCC2C3CNC4=CC(=O)CC[C@]4(C)C3CC[C@@]21C,CHEMBL24729
DEC_2405,decoy,C=CC(=O)OC1CCC(C)(C)C(/C=C/C(C)=C/C=C/C(C)=C/C(=O)O)=C1C,CHEMBL14981
DEC_2835,decoy,Cc1nccc2c1[nH]c1cc(Oc3ncc(C(F)(F)F)cc3Cl)ccc12,CHEMBL14611
DEC_0109,decoy,Fc1ccc(-c2ccc3c(c2)C2(CCCCC2)C(S)=N3)cc1F,CHEMBL287428
DEC_2299,decoy,CC1=C(C#N)C(c2ccccc2C(F)(F)F)/C(=C(\O)OCCN(C)Cc2ccccc2)C(C[S+]([O-])c2ccccc2)=N1,CHEMBL308367
DEC_0029,decoy,CCCCCn1cnc2c(C#Cc3ncnc4c3ncn4CCCCC)ncnc21,CHEMBL9410
DEC_0471,decoy,CN(C)c1ncnc2c1ncn2Cc1cccc(Br)c1,CHEMBL7896
DEC_2918,decoy,COc1ccc2c(c1)SC1=NS(=O)(=O)C(C(=O)CS(=O)(=O)Nc3nc4ccc(OC)cc4s3)=C(O)N12,CHEMBL53599
DEC_4317,decoy,C=CCC1(C(C)C#CCC)C(=O)NC(=O)N(C)C1=O,CHEMBL7413
ACT_010,active,CS(=O)(=O)Nc1cc2c(cc1Sc1nccs1)C(=O)CC2,CHEMBL289262
DEC_3965,decoy,CCc1cc(C2=NCCO2)cc(C)c1OCCCCCc1cc(C)no1,CHEMBL25239
DEC_0780,decoy,Nc1c(F)c(N2CCNCC2)c(F)c2c1c(=O)c(C(=O)O)cn2C1CC1,CHEMBL274469
DEC_4357,decoy,CN1CC(C2=NCCN2)Oc2ccc(Cl)cc21,CHEMBL13810
DEC_3657,decoy,CC(=O)O[C@H]1O[C@@H]2O[C@@H](OC(C)=O)[C@@H]3CC[C@H]([C@@H]1C)[C@H]23,CHEMBL11492
DEC_0305,decoy,CC(C)CNC(=N)c1ccc(-c2ccc(-c3ccc(C(=N)NCC(C)C)cc3)o2)cc1,CHEMBL24203
DEC_1781,decoy,C[C@]12C=CC(=O)C=C1CC[C@@H]1[C@@H]2C(=O)C[C@@]2(C)[C@H]1CC[C@]2(O)C(=O)CO,CHEMBL635
ACT_060,active,CC(C)(C)OC1Oc2ccccc2-c2nc(NN)ncc21,CHEMBL1938840
DEC_3047,decoy,O=S(=O)(c1ccccc1)c1ccc2c(c1)CNCC2,CHEMBL28431
DEC_4049,decoy,OCCN1CCN(C2=Nc3ccccc3CC=C2c2ccc(O)cc2)CC1,CHEMBL17014
DEC_3403,decoy,c1cnc(N2CCN(CCCN3CCc4c([nH]c5ccccc45)C3)CC2)nc1,CHEMBL275278
DEC_1212,decoy,CCCCCCC[C@H]1OC(=O)C[C@@H](OCOC)[C@H](Cc2ccccc2)N(C)C(=O)[C@H](C(C)C)OC(=O)[C@H]1C,CHEMBL40333
DEC_3256,decoy,Cc1cn(C2CC(N=[N+]=[N-])C(COP(=O)(OCCSC(=O)C(C)(C)C)OCCSC(=O)C(C)(C)C)O2)c(=O)[nH]c1=O,CHEMBL291344
DEC_0278,decoy,Brc1cccc(Br)c1N(CC1CC1)C1=NCCN1,CHEMBL20079
DEC_4370,decoy,CC(C)(C)Nc1nc(C(F)(F)F)nc2ccc(-c3cccc(N)c3)cc12,CHEMBL278894
DEC_0730,decoy,CCOC(=O)C(=O)Nc1nc(-c2ccc3c(c2)Sc2ccccc2S3)cs1,CHEMBL16343
DEC_3703,decoy,CC(=O)Nc1ccc(Cn2cnc3c(N(C)C)ncnc32)cc1,CHEMBL7635
DEC_0847,decoy,CC(C)(C)OC(=O)OC1CCC2C[C@@H]3C=CC2(OO3)C1(C)C,CHEMBL22560
DEC_4165,decoy,COc1ccccc1N1CCN(CCCON2C(=O)CC3(CCCC3)CC2O)CC1,CHEMBL10640
DEC_1047,decoy,Nc1ccc(OC23CC4C5CC6CC4C(C2)C(C6)C5C3)cc1,CHEMBL12665
DEC_0578,decoy,O=C(Nc1nnc(S)s1)N[C@@H](Cc1ccccc1)C(=O)N1CCN(c2ccccn2)CC1,CHEMBL290857
DEC_2580,decoy,CCOC(=O)C1(C(=O)OCC)C(Cl)C(=O)N1N(c1c(O)ccc2c(P(Cl)Cl)pc(-c3ccccc3)n12)[N+](=O)[O-],CHEMBL362417
DEC_3369,decoy,O=C1NC(=O)C(CC#Cc2ccc(Cl)cc2)(S(=O)(=O)c2ccccn2)S1,CHEMBL11958
DEC_0258,decoy,C=C(C)CCN(C1=NCCN1)c1c(Br)cccc1Br,CHEMBL20490
DEC_0957,decoy,C=CCC1=C(C(=O)O)N2C(=O)[C@@H](NC(=O)[C@H](N)c3ccc(O)cc3)[C@H]2CO1,CHEMBL279339
DEC_2192,decoy,O=C(NO)[C@H]1CN(Cc2ccc(Oc3ccc4ccccc4c3)cc2)C(=O)N1,CHEMBL19855
DEC_4038,decoy,CC(C)N(CCNc1ccc2ncn3c4ccc(O)cc4c(=O)c1c23)C(C)C,CHEMBL7933
DEC_3145,decoy,CC(C)[C@H]1OCO[C@]1(Cn1cncn1)c1ccc(Cl)cc1,CHEMBL10285
DEC_2509,decoy,N#Cc1cccc(-c2ccc3c(c2)C2(CCCCC2)OC(S)=N3)c1,CHEMBL24922
DEC_1228,decoy,CCCCc1nn(CC(OCC)c2ccccc2)c(=O)n1Cc1ccc(-c2ccccc2-c2nnn(C)n2)cc1,CHEMBL303683
DEC_2733,decoy,C[C@H](NC(c1cccc2nc(O)c(O)nc12)P(=O)(O)O)c1ccc(Br)cc1,CHEMBL273636
DEC_2089,decoy,N#Cc1cc(Cl)cc2c(=O)cc(-c3cccc(/C=C/c4ccc5ccccc5n4)c3)oc12,CHEMBL284149
DEC_4008,decoy,O=CC(Cc1ccccc1)NC(=O)c1ccccc1-c1ccccc1,CHEMBL283475
DEC_1356,decoy,C[C@@H]1CCc2cc3c(C(F)(F)F)cc(O)nc3cc2N1,CHEMBL267141
ACT_092,active,CSc1ccc(C2=C3c4ccccc4CCC3OC2=O)cc1,CHEMBL42011
DEC_2050,decoy,Cc1cc(CCCOc2c(C)cc(-c3noc(C(Cl)(Cl)Cl)n3)cc2C)on1,CHEMBL28030
DEC_1981,decoy,C1=C(Cc2ccccc2)c2ccccc2C2=NCCCN12,CHEMBL10370
DEC_3784,decoy,BrCCN(CCBr)c1ccccc1,CHEMBL19482
DEC_3081,decoy,CN(C/C=C/c1ccccc1)Cc1c2ccccc2cc2ccccc12,CHEMBL21359
DEC_1327,decoy,c1cc(NC2=NCCN2)ccc1Cc1ccc(OC2CCOCC2)cc1,CHEMBL9949
DEC_3860,decoy,CN1CN(C)c2nc3n(Cc4ccccc4)c(O)c(Sc4ccccc4)c(=O)n3c2C1=O,CHEMBL14027
DEC_2629,decoy,CC#CCOc1ccc(S(=O)(=O)N(C)c2c(C(=O)NO)cnc3onc(C)c23)cc1,CHEMBL36309
DEC_0876,decoy,c1ccc(OC2(C3=NCCN3)COc3ccccc3O2)cc1,CHEMBL273973
DEC_3002,decoy,CC1(C)O[C@H]2[C@@H]3OS(=O)(=O)O[C@@H]3CO[C@@]2(COS(=O)(=O)Nc2ccccc2)O1,CHEMBL281018
DEC_1755,decoy,CC[C@@]1(O)C(=O)OCc2c1cc1n(c2=O)Cc2cc3c(C)cccc3nc2-1,CHEMBL10741
DEC_2861,decoy,c1ccc2c(c1)OCC(OC1CCCC1)(C1=NCCN1)O2,CHEMBL417789
DEC_2852,decoy,Nc1nc(N)c2c(Cl)c(Br)ccc2n1,CHEMBL266638
DEC_2246,decoy,CC1CCC(/C=N/c2ccccc2O)=C2NC=C(C(=O)O)C(=O)N21,CHEMBL25381
DEC_0603,decoy,O=C1CN2CCc3cncn3Cc3cccc(c3)Oc3ccc4cccc(c4c3)N1CC2,CHEMBL280181
DEC_0539,decoy,COC(=O)/C=C/[C@H]1CCC2=C(C)/C(=N/N=C(N)N)CC[C@@]21C,CHEMBL29595
DEC_2467,decoy,Clc1ccc2c(c1)[C@H]1OCC[C@H]1[C@@H](c1c[nH]c3ccccc13)N2,CHEMBL281822
DEC_0191,decoy,Cc1cccc(COc2ccc3c(c2)[C@@H](O)[C@@H](Cc2cccnc2)CO3)n1,CHEMBL29158
DEC_4101,decoy,CC(/C=C/C(=O)C1=C(O)CN(C)C1=O)=C\c1ccnc2ccccc12,CHEMBL10387
DEC_1598,decoy,COP(=O)(CC1OC(C)(C)C(C)(C)O1)OC,CHEMBL19632
DEC_3842,decoy,O=C(O)c1cn(-c2ccc(F)cc2F)c2cc(N3CCC(=NO)CC3)c(F)cc2c1=O,CHEMBL31936
DEC_2240,decoy,CNC(=O)Nc1ccc2c(c1)C(CC(=O)O)c1c-2nc(O)c2nccn12,CHEMBL14861
DEC_2828,decoy,CCC(=O)N(c1ccc(Cl)c(Cl)c1)C1CCCCCC1N(C)C,CHEMBL20494
DEC_3994,decoy,COc1ccc([C@]2(C#N)C[C@H]3C[C@@H](C(=O)O)C[C@H]3C2)cc1OCC1CC1,CHEMBL269289
DEC_4310,decoy,CC[C@H]1CC2C(CCC3(C)C(=O)CCC23)C2(C)C=CC(=O)C=C12,CHEMBL8498
DEC_2846,decoy,Cc1cc(Br)ccc1C(=O)N(C)[C@H]1CCCC[C@@]12CCCN2C,CHEMBL277202
DEC_2910,decoy,CCN1CCN(Cc2cc(=O)oc3c(C)c(O[C@@H]4OC(C)(C)[C@H](OC)[C@@H](OC(=O)c5ccc(C)[nH]5)[C@H]4O)ccc23)CC1,CHEMBL95996
DEC_2723,decoy,Cn1cc(C2=C(c3cn(CCCSC(=N)N)c4ccccc34)C(=O)NC2=O)c2ccccc21,CHEMBL6291
DEC_2364,decoy,CN1C2CCC1[C@@H]([C@@H](O)C(F)(F)F)[C@@H](c1ccc(Cl)cc1)C2,CHEMBL27586
DEC_3978,decoy,CCCOc1c(OC)cc(NC(C)CCCN)c2nccc(C)c12,CHEMBL277763
DEC_3061,decoy,Cn1cc(C2=NC[C@]3(CN4CC[C@@H]3C4)O2)c2ccccc21,CHEMBL7788
DEC_2565,decoy,O=C(OCCC(F)(F)C(F)(F)C(F)(F)C(F)(F)C(F)(F)C(F)(F)C(F)(F)C(F)(F)F)C1=C(O)O[C@H](CO)C1=O,CHEMBL108970
DEC_0702,decoy,CC(C)=CCC(OC(=O)c1ccc2ccccc2c1)C1=CC(=O)c2c(O)ccc(O)c2C1=O,CHEMBL416387
DEC_0667,decoy,O=C(OC1CN2CCC1CC2)C1=C/C(=C\c2ccccn2)c2ccccc21,CHEMBL21716
DEC_4241,decoy,CC/C(CC1CCc2c(cccc2OCC(=O)O)C1)=N\OC(c1ccccc1)c1ccccc1,CHEMBL416334
DEC_0353,decoy,C[C@@H]1CC[C@H]2[C@@H](C)[C@](O[Si](C)(C)C)(C(F)(F)F)O[C@@H]3O[C@]4(C)CC[C@@H]1C32OO4,CHEMBL9805
DEC_2184,decoy,Cc1ccc(NS(=O)(=O)c2ccc(N)cc2)c2[nH]cc(Cl)c12,CHEMBL277922
DEC_3966,decoy,O=C(O)CCCCCCCNC(=O)c1c(F)c(F)c(F)c(F)c1F,CHEMBL275589
DEC_2805,decoy,CCCCN1CCN(C2=Nc3ccccc3Cn3c2cc2ccccc23)CC1,CHEMBL13890
DEC_2205,decoy,O=P(O)(O)Cc1cc(Br)cc2nc(O)c(O)nc12,CHEMBL273662
DEC_0963,decoy,C#CC(=O)N[C@@H]1CCC2(O)C3Cc4ccc(O)c5c4C2(CCN3CC2CC2)C1O5,CHEMBL284653
DEC_3470,decoy,CCCCC1Nc2ccc(C(C)C)cc2C(=O)N1Cc1ccc(-c2ccccc2-c2nn[nH]n2)cc1,CHEMBL15284
DEC_2655,decoy,CC(=O)OC1CCn2c3c(c(COC(N)=O)c21)C(=O)C(N1CC1)=C(C)C3=O,CHEMBL276556
DEC_2981,decoy,Cn1nnnc1-c1ccccc1-c1ccc(Cn2cnc3ccc(N(Cc4ccccn4)C(=O)c4ccccc4)cc3c2=O)cc1,CHEMBL30086
DEC_1847,decoy,CCC[C@]1(c2ccccc2)OC[C@H]([C@@H]2CCCCN2)O1,CHEMBL284666
DEC_3636,decoy,O=C1CC2(CCCC2)CC(O)N1OCCCN1CCN(c2nsc3ccccc23)CC1,CHEMBL274334
DEC_0117,decoy,c1ccc2sc(C3(N4CCCCC4)CCCC3)cc2c1,CHEMBL273326
DEC_1498,decoy,CCCCc1nc2ccnc(O)c2n1Cc1ccc(-c2ccccc2-c2nn[nH]n2)cc1,CHEMBL429008
DEC_1644,decoy,c1ccc(C(CC2=NCCN2)c2ccccc2)cc1,CHEMBL416893
DEC_0719,decoy,COc1cc2c(Nc3ccc(C)cc3C)c(C#N)cnc2cc1OCC1CCN(C)CC1,CHEMBL40912
DEC_3650,decoy,COc1nsnc1N1CCN(C[C@@H](Cc2cccnc2)NC(=O)C2(C)CCCCC2)CC1,CHEMBL266393
DEC_4385,decoy,CC(C)(C)Nc1nc(C(F)(F)F)nc2ccc(-c3cccc(O)c3)cc12,CHEMBL16111
DEC_2418,decoy,CCCC(=O)N(c1ccc(Cl)c(Cl)c1)C1CCCC1N(C)C,CHEMBL414825
DEC_1054,decoy,C[C@@H]1CCC[C@@H](C)C12OOC1(OO2)[C@@H](C)CCC[C@@H]1C,CHEMBL441514
ACT_091,active,C=C[C@@H]1[C@@H](O)C[C@@H]2[C@]3(CC[C@]4(C)[C@@H]([C@H](C)CCC=C(C)C)CC[C@@]24C)C[C@]13CCC(=O)O,CHEMBL39521
DEC_3973,decoy,O=C1CC2(CCCC2)CC(=O)N1CCCCN1CCc2ccccc2C1,CHEMBL14161
DEC_3807,decoy,CC(C)[C@H]1OC(=O)O[C@]1(Cn1cncn1)c1ccc(Cl)cc1,CHEMBL273499
DEC_0241,decoy,COC(=O)[C@@H]1C[C@@H]2CN3CCc4cc5c(cc4[C@@H]3C[C@@H]2C[C@@H]1O)OCO5,CHEMBL25982
DEC_0628,decoy,Cc1ccccc1-c1cc(C(O)(C#Cc2ccc(C#N)cc2)c2cncn2C)ccc1C#N,CHEMBL282349
DEC_4373,decoy,CC1(C)OC(S)=Nc2ccc(-c3cccc(Br)c3)cc21,CHEMBL25015
DEC_1247,decoy,CN1C[C@H](CN2CC(=O)NC2=O)C[C@@H]2c3ccc(C(C)(C)C)c4[nH]cc(c34)C[C@H]21,CHEMBL13464
DEC_2424,decoy,CN(C)C(=O)N(CCCCCC(=O)O)c1ccc(Cl)c(Cl)c1,CHEMBL441348
DEC_3915,decoy,O=S1NC(Cc2ccc3c(c2)CCCC3)=NO1,CHEMBL17813
DEC_0075,decoy,C[C@@H](Cc1ccccc1)N(C)CCc1ccccc1,CHEMBL20302
DEC_1887,decoy,Cc1c(Sc2ccccc2)n(COCCO)c(=S)[nH]c1=O,CHEMBL32457
DEC_1513,decoy,COc1cc2c(cc1OC)[C@@H]1C(=O)c3ccc4c(c3O[C@@H]1CO2)C[C@H](C(C)C)O4,CHEMBL267630
DEC_1000,decoy,CC(C)(C)C1CSC(c2cc(O)c(Br)cc2[N+](=O)[O-])SC1,CHEMBL32035
DEC_1337,decoy,O=C(O)CC/C=C\C[C@@H]1[C@@H](CNS(=O)(=O)c2ccc(F)cc2)CC[C@@H]1F,CHEMBL20797
DEC_1852,decoy,C=CCc1cc(Cc2cnc(N)nc2N)cc(CCC)c1O,CHEMBL24503
ACT_076,active,Cc1ccc(-c2cc(C)n(S(=O)(=O)Oc3ccc(I)cc3)n2)cc1,CHEMBL4871081
DEC_1014,decoy,Cc1ccc(CCCOc2c(C)cc(-c3noc(C(F)(F)F)n3)cc2C)cn1,CHEMBL280755
DEC_0757,decoy,CC1C(N)CN1c1c(F)c(N)c2c(=O)c(C(=O)O)cn(C3CC3)c2c1F,CHEMBL278310
DEC_1317,decoy,N=C(N)c1ccc2oc(CCc3ccc(O[C@H]4CCNC4)cc3)cc2c1,CHEMBL19626
DEC_3151,decoy,COc1ccc2c3c4c(cc5c3n(c2c1)C(=O)CC5)CCNC4,CHEMBL277916
DEC_4507,decoy,CC(=O)Oc1c(Cl)c(Cl)nc(C(Cl)(Cl)Cl)c1Cl,CHEMBL11518
DEC_0721,decoy,CCCCC(O)c1nc2c(C(F)(F)F)cccc2c(O)c1C(=O)Nc1nccs1,CHEMBL36183
DEC_3824,decoy,O=C1[C@@H](NS(=O)(=O)c2cc3ccc(Cl)nc3s2)CCN1Cc1cc2[nH]cccc-2n1,CHEMBL268226
DEC_2445,decoy,CCN(CC)CCn1nc2c3c(c(CNC=O)ccc31)Sc1ccccc1-2,CHEMBL287205
DEC_1553,decoy,Nc1nc(N)c2cc(CNc3cccc4ccccc34)cnc2n1,CHEMBL22924
DEC_3992,decoy,O=C(O)c1ccc(NCCCc2ccc(Cl)c(Cl)c2)cc1,CHEMBL285273
DEC_3696,decoy,CNn1cc(C(=O)O)c(=O)c2cc(F)c(N3CCCC3)cc21,CHEMBL12817
DEC_4533,decoy,COc1cccc2c1C1CCN(CCNC(=O)c3ccc(F)cc3)CC1C2,CHEMBL13904
DEC_0767,decoy,CCn1cc(C(=O)O)c(=O)c2c(N)c(F)c(N3CCNCC3)c(F)c21,CHEMBL15518
DEC_1365,decoy,CC[C@]1(c2cccs2)OC[C@H]([C@@H]2CCCCN2)O1,CHEMBL287645
DEC_1805,decoy,O=NN(CCCl)C(=O)NC12CC3CC(CC(C3)C1)C2,CHEMBL12701
DEC_4392,decoy,CCC1(CC)OC(S)=Nc2ccc(-c3cccc([N+](=O)[O-])c3)cc21,CHEMBL279464
DEC_2521,decoy,C[C@]12CCC(=O)C=C1C(=O)CC1C2CC[C@@]2(C)C1CC[C@@H]2OC1CC1,CHEMBL267358
DEC_0396,decoy,CC(C)N(C(=O)[C@H]1CCC2C3CCC4C=C([N+](=O)[O-])CC[C@]4(C)C3CC[C@@]21C)C(C)C,CHEMBL25592
DEC_1885,decoy,CCCc1cc(Cc2cnc(N)nc2N)cc(CCC)c1O,CHEMBL23746
DEC_3532,decoy,Cc1[nH]cnc1CN1c2ccccc2CN(Cc2ccc(C(C)(C)C)cc2)CC1CCc1ccccc1,CHEMBL8240
DEC_4522,decoy,CC(C)c1cccc(OCc2cccc(N3C(N)=NC(N)=NC3(C)C)c2)c1,CHEMBL20227
DEC_1812,decoy,Cc1cc(C)c(NC(=O)N(CCCl)N=O)c(C)c1,CHEMBL12667
DEC_1279,decoy,N#Cc1cccc2nc3c(N4CCN(CCc5ccc(F)c(F)c5)CC4)[nH]cnc-3c12,CHEMBL430925
DEC_2994,decoy,CCc1c2c(nc3cnc(C#CCN)cc13)-c1cc3c(c(=O)n1C2)COC(=O)[C@]3(O)CC,CHEMBL268978
DEC_0042,decoy,Cn1cncc1C(OCc1ccc(C#N)c(-c2cccc(C#N)c2)n1)c1ccc(C#N)cc1,CHEMBL290315
DEC_4410,decoy,CC1(C)CCC(C)(C)c2cc(-c3cccc4cc(C(=O)O)ccc34)ccc21,CHEMBL432261
DEC_2568,decoy,CC(C)[C@@H]1[C@H](OC(=O)N[C@@H](CSc2ccccc2)[C@H](O)CN2C[C@H]3CCS[C@H]3C[C@H]2C(=O)NC(C)(C)C)CCS1(=O)=O,CHEMBL97585
DEC_4171,decoy,Cc1ccccc1-c1nc(N(C(N)=O)c2c(F)cccc2F)c2ncn(C)c2n1,CHEMBL18392
DEC_0330,decoy,C[C@H](CCCC(C)(C)O)C1CCC2/C(=C/c3occ4c3CC(O)CC4)CCCC21C,CHEMBL277344
DEC_2973,decoy,CCCCCN(C(=O)c1cccnc1)c1ccc2ncn(Cc3ccc(-c4ccccc4-c4nnnn4C)cc3)c(=O)c2c1,CHEMBL29734
DEC_4320,decoy,CCC(=O)O/N=C1/CC2(CCN(C)CC2)OC1C,CHEMBL41502
DEC_4005,decoy,CC/N=C(\N)NCc1ccc(Sc2ccc(Cl)cc2)cc1,CHEMBL10074
ACT_056,active,Cc1cnc(NC(=O)C2=C(O)c3sccc3S(=O)(=O)N2C)s1,CHEMBL367739
DEC_3170,decoy,O=C(NCCNCC(O)COc1cccc2c1OCCC2=O)Nc1ccccc1,CHEMBL33678
DEC_3041,decoy,O=C1CN2Cc3c(ccc(Cl)c3Cl)N=C2N1,CHEMBL760
DEC_4010,decoy,CCC(c1ccc(O)cc1)C(CBr)c1ccc(O)cc1,CHEMBL25297
DEC_2122,decoy,CN(C/C=C/c1ccccc1)CC1=CCOc2ccccc21,CHEMBL280679
DEC_1113,decoy,CSN1CC2(CCN(C(=O)N[C@@H](COCc3ccccc3)C(=O)N(C)Cc3ccccc3)CC2)c2ccccc21,CHEMBL305609
DEC_0310,decoy,S=C(Nc1ccccc1)N[C@H]1C2CCN(CC2)[C@H]1C(c1ccccc1)c1ccccc1,CHEMBL29785
DEC_1648,decoy,CCN(c1nc(C)cc(-c2ccccc2C(F)(F)F)n1)c1ccc(Br)cc1Br,CHEMBL10373
DEC_3293,decoy,COC(=O)CCCOc1cc(CC2=C(c3ccc4c(c3)OCO4)C(=O)OC2(O)c2ccc(OC)cc2)cc(OC)c1OC,CHEMBL69986
DEC_0648,decoy,CN([C@@H]1CCN2CCc3ccccc3[C@@H]2C1)S(=O)(=O)c1cccc2ccccc12,CHEMBL30651
DEC_2411,decoy,c1ccc(CCc2nc(NCc3ccccc3)c3sccc3n2)cc1,CHEMBL32673
DEC_1668,decoy,OC1(C2(CCC#CCN3CCCCC3)SCCCS2)c2ccccc2Sc2ccc(Cl)cc21,CHEMBL295510
DEC_1946,decoy,Cc1nc(N)ccc1CNC(=O)C1C=CCn2c(=O)n(C(CSc3ccc(Cl)cc3)C(=O)O)c(=O)n21,CHEMBL33188
DEC_0568,decoy,Nc1nc(N)c2nc(CSc3ccc(C(=O)NC(CCC(=O)O)C(=O)O)cc3)cnc2n1,CHEMBL10591
DEC_1878,decoy,C=CCOC1(C(F)(F)F)OC(=O)Nc2ccc(Cl)cc21,CHEMBL17226
DEC_3676,decoy,COc1c(Cl)cc2nc(O)c(O)nc2c1[N+](=O)[O-],CHEMBL42466
DEC_0906,decoy,FC(F)(F)c1nc(-c2cc(Cl)cc(Cl)c2)c(-c2cc(Cl)cc(Cl)c2)[nH]1,CHEMBL266280
DEC_1197,decoy,O=CN(O)C(CSc1cccs1)CS(=O)(=O)c1ccc(Oc2ccc(OC(F)(F)F)cc2)cc1,CHEMBL74151
DEC_1491,decoy,CCCc1cc2c(c(C(C)(C)C)c1O)CCO2,CHEMBL269588
DEC_3377,decoy,O=C1CCN(c2cc3c(cc2F)c(=O)c(C(=O)O)cn3-c2ccc(F)cc2F)C1,CHEMBL29120
DEC_3495,decoy,CCCCc1nn(C(C)C)c(C(=O)O)c1Cc1ccc(-c2ccccc2-c2nn[nH]n2)cc1,CHEMBL21946
DEC_4580,decoy,CCN(CC)C(=O)CCCC(=O)Nc1cccc(Sc2ccc(Br)cc2NC(=O)CCN2CCN(C)CC2)c1,CHEMBL278029
DEC_2108,decoy,CCCCc1nc(NCC2CCCCC2)c2sccc2n1,CHEMBL31439
DEC_4227,decoy,CCCC/N=C(/Cc1ccccc1)Nc1nnc(-c2ccccc2C(F)(F)F)s1,CHEMBL273537
DEC_3836,decoy,CO/N=C1\CCN(c2nc3c(cc2F)c(=O)c(C(=O)O)cn3-c2ccc(F)cc2F)C1,CHEMBL29152
DEC_3020,decoy,COc1cc(/C=C/c2nc3c(c(=O)n(C)c(=O)n3C)n2C)cc(OC)c1OC(C)=O,CHEMBL283896
DEC_4602,decoy,COc1ccc(OC)c(N(C)Cc2coc3nc(N)nc(N)c23)c1,CHEMBL23054
DEC_3438,decoy,O=C1c2ccccc2C(=O)C12C(c1ccc(O)cc1)=Cc1cc(O)ccc12,CHEMBL25228
DEC_3190,decoy,NCCCC(NC(=O)c1ccc(NCc2ccc3nc(N)nc(O)c3c2)cc1)C(=O)O,CHEMBL35807
DEC_3881,decoy,[O-][S+](Cc1[nH]c2ccc(Cl)cc2c1Sc1ccccc1)c1ccccc1,CHEMBL285799
DEC_3201,decoy,C=CC[C@@](C)(C(=O)NO)[C@@H](CC(C)C)C(=O)N[C@@H](Cc1ccccc1)C(=O)NC,CHEMBL289003
DEC_0179,decoy,CC1(C)CC(=O)c2c(SCCO)sc(-c3ccccn3)c2C1,CHEMBL17547
DEC_3856,decoy,CC(C)(C)OC(=O)c1ncn2c1CN(C(=O)N1CC3CCC(C1)N3)c1cc(Cl)ccc1-2,CHEMBL274982
DEC_1234,decoy,COc1ccc(CCN(C)CCCOc2ccc(S(=O)(=O)c3c[nH]nc3C(C)C)cc2)cc1OC,CHEMBL34508
DEC_1735,decoy,Cc1cc(-c2c(F)cc3c(=O)c(Cc4ccc[nH]4)cn(C4CC4)c3c2F)cc(C)n1,CHEMBL7368
DEC_0586,decoy,CNCC#CCOc1ccc(S(=O)(=O)N(C)c2c(C)cc(Br)cc2C(=O)NO)cc1,CHEMBL19269
DEC_0802,decoy,Cc1ccc(N(CCCl)CCCl)cc1,CHEMBL278918
DEC_2871,decoy,Nc1ncc(Cc2cccc(Br)c2)c(N)n1,CHEMBL18898
DEC_3718,decoy,C=C1/C(=C\C=C2/CCCC3(C)C2CCC3[C@H](C)/C=C/CC(O)(C(F)(F)F)C(F)(F)F)C[C@@H](O)C[C@@H]1O,CHEMBL285268
DEC_2587,decoy,CC(C)[C@@H]1[C@H](OC(=O)N[C@@H](Cc2ccccc2)[C@H](O)CN2C[C@H]3CCCC[C@H]3C[C@H]2C(=O)NC(C)(C)C)CCS1(=O)=O,CHEMBL18067
DEC_0581,decoy,CO[C@@]12[C@H](COC(N)=O)C3=C(C(=O)C(CSc4ccccc4C(C)C)=C(N)C3=O)N1C[C@@H]1N[C@@H]12,CHEMBL301968
DEC_3803,decoy,CCN(CC)C(=O)N[C@@H]1C[C@@H]2c3cccc4c3C(=CC4)C[C@H]2N(C)C1,CHEMBL285341
DEC_1751,decoy,Nc1c(Cl)cc2c3c(cccc13)C(=O)N([C@H]1CN3CCC1CC3)C2=O,CHEMBL283483
DEC_3571,decoy,CCN1C(=O)c2c(nc(C(F)(F)F)n2Cc2ccc(OC)cc2)N2C1=N[C@@H]1CCC[C@@H]12,CHEMBL488322
DEC_4019,decoy,COc1c(N2CC(C)NC(C)C2)c(F)cc2c(=O)c(C(=O)O)cn(C3CC3)c12,CHEMBL15426
DEC_4197,decoy,OCCCN1CCN(C2=Nc3ccccc3Cn3c2cc2ccccc23)CC1,CHEMBL429052
DEC_3757,decoy,COc1c2c(c(O)c3c1C(=O)c1c(cc(O)c(C)c1O)C3=O)-c1c(cc(/C=N/N=C(\S)NCC(C)C)c(C(=O)O)c1O)CC2,CHEMBL27864
DEC_0301,decoy,CO/C(=C\C=C\c1cc2cc(Cl)c(Cl)cc2[nH]1)C(=O)NC1CC(C)(C)NC(C)(C)C1,CHEMBL449696
DEC_1756,decoy,Cn1cc(C(=O)O)c(=O)c2c3cc(F)c(N4CCCC(C)(C)C4)cc3ncc21,CHEMBL282817
DEC_1117,decoy,COc1ccc(CCNCc2ccc3n2-c2ccccc2SC3C2=CCC(OC)(OC)C=C2)cc1OC,CHEMBL287410
DEC_2351,decoy,CC(C)C1CCC(N2CCC(N3C(=O)N[C@@H]4CCCC[C@H]43)CC2)CC1,CHEMBL286411
DEC_2340,decoy,O=C(NC(Cc1ccccc1)C(O)CN1CCCCCCCCCCCC(c2ccccc2)OC1=O)O[C@H]1CO[C@H]2OCC[C@H]21,CHEMBL303578
DEC_1377,decoy,Fc1cccc(C(F)(F)F)c1N(CC1CC1)C1=NCCN1,CHEMBL283739
DEC_0406,decoy,Nc1ncc2ncn(CC3(CO)CC3CO)c2n1,CHEMBL26178
DEC_3253,decoy,Fc1ccc2[nH]c3c(c2c1)CCN(CCCCc1ccnc2ccccc12)C3,CHEMBL13120
DEC_2555,decoy,CC[C@H]1OC(=O)CC(O)[C@H](C)[C@@H](O[C@@H]2O[C@H](C)C[C@H](N(C)C)[C@H]2O)[C@@H](CCN(C)CC)C[C@@H](C)C(=O)/C=C/C(C)=C/[C@@H]1C,CHEMBL409059
DEC_4193,decoy,CN1CCN(c2cc3c(cc2F)c(=O)c(C(=O)O)cn3-c2cccc(F)c2)CC1,CHEMBL29334
DEC_1503,decoy,CSc1c(Cl)nc(NCc2ccc(C(C)(C)C)cc2)nc1N1CCN(C)CC1,CHEMBL418221
DEC_4039,decoy,CCC(C)(O)C#Cc1nc(NCc2ccc(Cl)cc2)c2ncn(C(C)C)c2n1,CHEMBL24484
DEC_3411,decoy,Sc1nc(S)c2cc(Sc3ccc4ccccc4c3)ccc2n1,CHEMBL7316
DEC_0763,decoy,COc1cc(NCc2cnc3nc(N)nc(N)c3n2)cc(C(F)(F)F)c1,CHEMBL23466
DEC_2515,decoy,CCC(=O)N(c1cccc(Br)c1)C1CCCC1N(C)C,CHEMBL22165
DEC_0791,decoy,O=C(O)C1=CNC2=C(/C=N/c3ccccc3C(=O)O)CCCCN2C1=O,CHEMBL22579
DEC_4287,decoy,Brc1ccc(NC23CC4CC(CC(C4)C2)C3)nc1,CHEMBL18700
DEC_2929,decoy,CS(=O)(=O)NCC1(C(=O)Nc2ccc(-c3ccccc3S(N)(=O)=O)cn2)CC(c2ccc3onc(N)c3c2)=NO1,CHEMBL8018
DEC_1830,decoy,CN(C)CC1NCC(c2ccccc2)c2ccccc21,CHEMBL414182
DEC_2258,decoy,CN1C(=O)N(CC(COc2ccc(-c3cccc(C#N)c3)cc2)N(O)C=O)C(=O)C1(C)C,CHEMBL39921
DEC_3607,decoy,COC(=O)C[C@]1(O)C[C@H](OC)C[C@H]([C@H](O)/C=C(C)/C=C/[C@@H](C/C=C/Br)OC)O1,CHEMBL278228
DEC_4415,decoy,C=CC1=C(C(=O)O)N2C(=O)[C@@H](NC(=O)[C@H](N)c3ccc(O)cc3)[C@H]2CO1,CHEMBL19254
DEC_0451,decoy,N[P@]1(Cl)=NP(N2CC2)(N2CC2)=N[P@](N)(Cl)=N1,CHEMBL281247
DEC_0185,decoy,Cc1cc(C(c2ccc(OC(C)C)cc2)N2CCN(C)CC2)sn1,CHEMBL279048
DEC_1538,decoy,Cc1nc(-c2cc(C)c(OCCCc3cc(C(F)(F)F)no3)c(C)c2)no1,CHEMBL418030
DEC_2071,decoy,CCN(c1nc(C)cc(-c2ccccc2NC)n1)c1ccc(C(C)C)cc1Br,CHEMBL273745
DEC_1304,decoy,Cc1cc(-c2noc(C3CC3)n2)cc(C)c1OCCCc1cc(CO)no1,CHEMBL29074
DEC_2800,decoy,CC(C)Oc1nc(C(Cl)(Cl)Cl)c(Cl)c(OC(C)C)c1Cl,CHEMBL275717
DEC_0968,decoy,NC(=O)N/N=C1/CC[C@@]2(O)C3Cc4ccc(O)c5c4C2(CCN3CC2CC2)[C@H]1O5,CHEMBL19982
DEC_4080,decoy,CC1CCC(C)(N=Nc2ccccc2C(=O)O)c2ncc(C(=O)O)c(=O)n21,CHEMBL14179
DEC_1922,decoy,CNC(=O)[C@@]12C[C@@H]1[C@@H](n1cnc3c(NCc4cccc(I)c4)nc(Cl)nc31)[C@H](O)[C@@H]2O,CHEMBL27376
DEC_2293,decoy,COc1ccc(COCC(Cn2ccnc2)OCc2ccc(S(C)(=O)=O)cc2)cc1,CHEMBL289621
DEC_2301,decoy,CN(C)CCCO/N=C(\c1ccn2c1CS[C@@H]2c1cccnc1)c1cn(C(=O)N(C)C)c2cc(-c3ccc(F)cc3)ccc12,CHEMBL316911
DEC_2539,decoy,CN1CC=C(c2c[nH]c3ccc(-c4cccs4)cc23)CC1,CHEMBL27643
DEC_1496,decoy,COC1(c2cc(F)cc(Sc3ccc4c(c3)CC/C4=N\OCC#N)c2)CCOCC1,CHEMBL283654
DEC_2756,decoy,CCCC(NC(=O)[C@@H]1[C@H]2CCC[C@H]2CN1C(=O)[C@@H](NC(=O)[C@@H](NC(=O)c1cnccn1)C(C)C)C(C)(C)C)C(=O)C(=O)NC1CC1,CHEMBL315390
DEC_2682,decoy,Cc1c(F)c(N2C[C@H](N)[C@H]2C)nc2c1c(=O)c(C(=O)O)cn2C1CC1,CHEMBL278825
DEC_0498,decoy,O=C(O)CCCCC(=O)N1CCC2(CC1)CCN(c1ccncc1)CC2,CHEMBL26354
DEC_3059,decoy,CN(C)c1ncnc2c1ncn2Cc1ccc(F)cc1,CHEMBL269395
DEC_3952,decoy,CN(C)c1ncnc2c1ncn2Cc1ccccc1N,CHEMBL7736
DEC_2758,decoy,CS[C@H](NC(=O)COc1cccc2cnccc12)C(=O)N[C@@H](Cc1ccccc1)[C@H](O)C(=O)N1CSC[C@H]1C(=O)NC(C)(C)C,CHEMBL52279
DEC_4380,decoy,CC1(C)CCC(C)(C)c2cc3c(cc21)C=C(c1ccc(C(=O)O)cc1)C3,CHEMBL13001
DEC_1125,decoy,OC(CN(Cc1ccc(N2CCOCC2)c(-c2ccco2)c1)c1cccc(Oc2ccccc2)c1)C(F)(F)F,CHEMBL295070
DEC_4215,decoy,O=C(O)COc1cccc2c1CCC(C/C=C/CC(c1ccccc1)c1ccccc1)C2,CHEMBL10856
DEC_0091,decoy,CCOC(=O)c1ccc(NCCCC#N)cc1,CHEMBL286902
DEC_4517,decoy,COC(=O)c1sc(C(C)(C)C)cc1NC(=O)Nc1ccc(C(C)=O)cc1,CHEMBL18633
DEC_0625,decoy,Cn1cnc2c(N(C(N)=O)c3c(F)cccc3F)nc(-c3cc(F)cc(F)c3)nc21,CHEMBL18210
DEC_0084,decoy,CCCN(CCC)[C@@H]1C[C@H]1c1ccccc1OC,CHEMBL287461
DEC_4609,decoy,CC[C@H]1CN(C(=O)c2cccc(C)c2C)CCN1C[C@@H](N)CS,CHEMBL284424
DEC_3681,decoy,CC(C)n1nccc1-c1ccccc1NCC1=NCCN1,CHEMBL18303
DEC_2229,decoy,CC1CC/C(=N\Nc2ccc(C(=O)O)cc2)c2ncc(C(=O)O)c(=O)n21,CHEMBL14947
DEC_0950,decoy,COc1c(N2CCC(N)C2)c(F)c(N)c2c(=O)c(C(=O)O)cn(C3CC3)c12,CHEMBL442526
DEC_1037,decoy,O=c1oc(Nc2ccccc2I)nc2cc(F)c(F)cc12,CHEMBL10716
DEC_1041,decoy,Cc1ccc(SC2(CC#Cc3ccc(Cl)cc3)SC(=O)NC2=O)cc1,CHEMBL11903
DEC_2692,decoy,CC(=O)c1ccc(N/N=C2\CCC(C)n3c2ncc(C(=O)O)c3=O)cc1,CHEMBL15414
DEC_3513,decoy,C=C1CCC2[C@@](C)(COC(C)=O)CCC[C@]2(C)[C@H]1CCC1=CCC2C(=O)c3ccccc3C(=O)C2C1,CHEMBL282670
DEC_0284,decoy,I.NC1=NC2CCCCCCCCCCC2S1,CHEMBL290160
DEC_2623,decoy,O=[N+]([O-])O[C@@H]1CO[C@H]2[C@@H]1OC[C@@H]2N1CCN(CCCSc2ccccc2)CC1,CHEMBL280033
DEC_0172,decoy,CCCc1cc(=O)oc2c3c(c4c(c12)OC(C)(C)C=C4)O[C@H](C)[C@@H](C)C3=O,CHEMBL269090
DEC_3610,decoy,O=C1[C@@H](NS(=O)(=O)c2ccc(-c3ccon3)s2)CCN1Cc1cc2cc[nH]cc-2n1,CHEMBL266984
DEC_4221,decoy,CC(C)c1cccc(C(C)C)c1NC(=O)NS(=O)(=O)Nc1c(C(C)C)cccc1C(C)C,CHEMBL22031
DEC_3619,decoy,CC(C)C1=CC2CC3(C=O)[C@@H]4CC[C@@H](C)[C@H]4CC2(CO[C@H]2CN[C@H](C)CO2)[C@]13C(=O)O,CHEMBL31670
DEC_2018,decoy,CCCN(CCc1ccsc1)C1CCc2c(O)cccc2C1,CHEMBL7806
DEC_0811,decoy,C/C=C(\NC(=O)/C=C/c1ccccc1)C(=O)O,CHEMBL269648
DEC_1854,decoy,Clc1cccc(Br)c1N(CC1CC1)C1=NCCN1,CHEMBL423474
DEC_4575,decoy,CCCCCN(C(=O)c1ccc(O)cc1)c1ccc2ncn(Cc3ccc(-c4ccccc4-c4nnnn4C)cc3)c(=O)c2c1,CHEMBL28464
DEC_0088,decoy,CCOC(=O)C1(CCCc2ccc(F)cc2)CO1,CHEMBL14590
DEC_2700,decoy,O=C(O)c1ccc2ccc(/C=C/c3cc(O)c(O)c(I)c3)nc2c1O,CHEMBL37845
DEC_3818,decoy,N#Cc1cc(-c2ccoc2)c2ccc(OCc3cccc(C4(O)CC5COC(C4)O5)n3)cc2n1,CHEMBL22751
DEC_4593,decoy,CC1C(N)CN1c1cc2c(cc1F)c(=O)c(C(=O)O)cn2C1CC1,CHEMBL19927
DEC_3245,decoy,Cc1cc(=O)c(C(=O)Nc2ccccc2Cl)c(C)n1-c1ccccc1Cl,CHEMBL281909
DEC_2234,decoy,CCCn1c(=O)[nH]c2nc(-c3ccc(S(=O)(=O)O)cc3)[nH]c2c1=O,CHEMBL8565
DEC_3492,decoy,O=P(O)(O)C(N[C@@H](Cc1ccc(-c2ccccc2)cc1)c1nnn[nH]1)c1cccc2ccccc12,CHEMBL10555
DEC_2653,decoy,CCC1NC(=O)OC12CCN(CC(O)C1COc3ccccc3O1)CC2,CHEMBL25625
DEC_4428,decoy,O=C(CNC(=O)C(Cc1ccccc1)C(=O)NO)NCc1ccccc1,CHEMBL16568
DEC_1358,decoy,N#CN1CCc2ccc3sc4ccccc4c3c2C1,CHEMBL13242
DEC_3180,decoy,NCCNc1ccc2c(CNCCCCO)nn3c4cccc(O)c4c(=O)c1c23,CHEMBL268193
DEC_0216,decoy,CNn1cc(C(=O)O)c(=O)c2cc(F)c(N3CCSCC3)cc21,CHEMBL12750
DEC_3219,decoy,CC1(C)OC(S)=Nc2ccc(-c3cc(F)cc(Br)c3)cc21,CHEMBL280956
DEC_3071,decoy,CN1C[C@H](CO)C=C2c3cccc4c3[C@@H](CN4)C[C@H]21,CHEMBL288480
DEC_4372,decoy,CC1(C)OC(S)=Nc2ccc(-c3cc(F)cc(C(F)(F)F)c3)cc21,CHEMBL25017
DEC_1361,decoy,CC1(C)CCc2cc3c(C(F)(F)F)cc(O)nc3cc2N1,CHEMBL6874
DEC_0405,decoy,NC(=S)c1cn(COCCO)c2ncnc(N)c12,CHEMBL30286
DEC_4260,decoy,CCCc1nc2c(C)ccnc2n1Cc1ccc(OC(C(=O)O)c2cccc3ccccc23)cc1,CHEMBL288222
DEC_2891,decoy,CN/C(=N/C1=CC(C)(C)Oc2ccc(C#N)cc21)NC#N,CHEMBL6384
DEC_3585,decoy,Cc1nc(COc2ccc3c(c2)[C@@H](O)[C@@H](Cc2cccnc2)CO3)ccc1Br,CHEMBL31325
DEC_2695,decoy,COc1c(N2CCNC(C)C2)c(F)cc2c(=O)c(C(=O)O)cn(C3CC3)c12,CHEMBL31
DEC_0076,decoy,CCCCCCCC(=O)c1c(O)cc(C)oc1=O,CHEMBL7333
DEC_4232,decoy,Cc1cc(C)c(NC(=O)C(C)(C)CCCOc2ccc(Cl)cc2)c2c1CC(C)(C)O2,CHEMBL278155
DEC_1254,decoy,C[C@H]1C(Oc2ccc(C(=O)O)cc2)O[C@@H]2O[C@]3(C)CC[C@H]4[C@H](C)CCC1C24OO3,CHEMBL287140
DEC_1100,decoy,C=C(Br)CN1C[C@H](OCC23C[C@@H]4[C@H](C)CC[C@H]4C4(C=O)CC2C=C(C(C)C)[C@@]34C(=O)O)OC[C@H]1C,CHEMBL283680
DEC_3620,decoy,Nn1c(SCCCN2CCN(c3ccccc3[N+](=O)[O-])CC2)nc2sccc2c1=O,CHEMBL11890
DEC_0281,decoy,O=C1COC(C#Cc2ccoc2)(C(F)(F)F)c2cc(Cl)ccc2N1,CHEMBL31455
DEC_3244,decoy,CCCc1cc(=O)oc2c3c(c4c(c12)OC(C)(C)C=C4)O[C@H](CC)[C@@H](C)[C@@H]3O,CHEMBL7840
DEC_4409,decoy,CC1(C)CCC(C)(C)c2cc(C(=C3CC3)c3ccc(C(=O)O)cc3)ccc21,CHEMBL280140
DEC_3939,decoy,CCCN1C(=O)C2CC(c3ccc(N)cc3)(C2)C1=O,CHEMBL27698
DEC_0629,decoy,CN(C(=O)c1ccc(Br)c(Br)c1)[C@H]1CCCC[C@@]12CCCN2C,CHEMBL279065
DEC_4331,decoy,CCCN(CCC)[C@@H]1Cc2cccc3c2N(CC(=O)N3)C1,CHEMBL27399
DEC_1800,decoy,N[C@H](/C=C/[C@@H]1C[C@H]1c1c[nH]cn1)CC1CCCCC1,CHEMBL278276
DEC_0823,decoy,C=C(C(=O)c1ccc(OC)cc1)n1cncn1,CHEMBL289226
DEC_1505,decoy,CN(C)CCOc1cc2c(Nc3cccc(Br)c3)c(C#N)cnc2cn1,CHEMBL31118
DEC_4387,decoy,O=c1[nH]c(=S)c2cc(Sc3ccc4ccccc4c3)ccc2[nH]1,CHEMBL267666
DEC_2197,decoy,CC1(C)C=C(C(=O)NCCNCc2ccc(Cl)cc2)C(C)(C)N1,CHEMBL278696
DEC_3578,decoy,CCCC1=NC2(CCSCC2)C(=O)N1Cc1ccc(-c2ccccc2-c2nn[nH]n2)cc1,CHEMBL289105
DEC_0569,decoy,CC(C)CSCC(C(=O)O)n1c(=O)n2n(c1=O)C(C(=O)NC[C@H]1CC[C@H](N)CC1)C=CC2,CHEMBL287085
DEC_2621,decoy,O=[N+]([O-])O[C@@H]1CO[C@H]2[C@@H]1OC[C@H]2N1CCN(CCCSc2ccccc2)CC1,CHEMBL266304
DEC_3413,decoy,c1ccc(CNc2nc(Cc3ccccc3)nc3ccsc23)cc1,CHEMBL30941
DEC_2359,decoy,COC(=O)c1ccc2c(c1)c1c3c(cc4c1n2C(=O)CC4)CCNC3,CHEMBL23037
DEC_1158,decoy,CC(/C=N/N=C(\S)N(C)C)=N\N=C(/S)N(C)C,CHEMBL29984
DEC_3938,decoy,c1coc(C2NCCc3c2[nH]c2ccccc32)c1,CHEMBL37682
DEC_1140,decoy,CCN(CC)C1CCC(Nc2nc(Nc3ccc(I)cc3)c3ccccc3n2)CC1,CHEMBL31318
DEC_0598,decoy,CCc1cn([C@@H]2O[C@H](CNC(=O)C3c4ccccc4Sc4ccccc43)[C@@H](O)[C@@H]2F)c(=O)[nH]c1=O,CHEMBL45424
DEC_0056,decoy,C[C@@H](O)CCCCC[C@@H]1CC[C@H]2CC[C@H](C)N12,CHEMBL24692
DEC_4228,decoy,c1ccc2c(c1)Cc1cc(CNCCCCNCc3ccc4c(c3)Cc3ccccc3-4)ccc1-2,CHEMBL22610
DEC_3308,decoy,O[C@@H]1[C@H](O)[C@@H](c2ccon2)O[C@H]1n1cnc2c(NCc3cccc(I)c3)nc(Cl)nc21,CHEMBL296135
DEC_4419,decoy,Cc1ccccc1CNc1ncnc2c1ncn2C1OC(CO)C(O)C1O,CHEMBL18238
DEC_3426,decoy,S=c1oc2ccc(Cl)cc2n1C1OCCc2ccccc21,CHEMBL414215
DEC_2961,decoy,O=c1c2c(oc(O)c1C(c1cccc(N(S(=O)(=O)c3ccccc3)S(=O)(=O)c3ccccc3)c1)C1CC1)CCCCCC2,CHEMBL16644
DEC_0609,decoy,CN1C(=O)C=C[C@]2(C)C3CC[C@@]4(C)C(CC[C@@]4(O)C#CCCCBr)C3CCC12,CHEMBL275764
DEC_3118,decoy,CN(C)c1ncnc2c1ncn2C1CCCc2ccccc21,CHEMBL7579
DEC_3760,decoy,COc1c2c(c(O)c3c1C(=O)c1c(cc(O)c(C)c1O)C3=O)-c1c(cc(/C=N/N=C(\S)NC3CC3)c(C(=O)O)c1O)CC2,CHEMBL27057
DEC_2845,decoy,CC(=O)Oc1nc(C(Cl)(Cl)Cl)c(Cl)c(OC(C)=O)c1Cl,CHEMBL11954
DEC_3004,decoy,CC[C@@]1(O)C(=O)OCc2c1cc1n(c2=O)Cc2c-1nc1c[n+]([O-])c(CN)cc1c2C,CHEMBL275134
DEC_2415,decoy,CN(C)CCCOc1ccccc1/C=C(\C#N)c1noc2ccccc12,CHEMBL282880
DEC_3743,decoy,CC(C)c1ccc(NC(=O)Oc2ccc3c(c2)[C@]2(C)CCN(Cc4ccccc4)C2N3Cc2ccccc2)cc1,CHEMBL300808
DEC_3693,decoy,COc1ccc(SCc2cnc3nc(N)nc(N)c3n2)cc1,CHEMBL23146
DEC_2906,decoy,CC[C@H]1C[C@@H](C)C(=O)/C=C/C(C)=C/[C@H](CO)[C@@H](CC)OC(=O)C[C@@H](O)[C@H](C)[C@H]1O[C@@H]1O[C@H](C)[C@@H](O)[C@H](N(C)C)[C@H]1O,CHEMBL42391
DEC_1448,decoy,CC12N[C@H](CC3CCCCC31)C1CCCCC12,CHEMBL9477
DEC_2776,decoy,CO[C@@]1(NC(=O)c2ccccc2OC(C)C)C(=O)N2C(C(=O)OCc3ccc(C(=O)O)cc3)=C(CSc3nnnn3C)CO[C@@H]21,CHEMBL309488
DEC_3790,decoy,CC1c2cccc3c2N(CC3)c2ccccc2N1C(=O)CCN(C)C,CHEMBL28621
DEC_1008,decoy,Cc1cc(CCCOc2c(C)cc(-c3noc(C(F)(F)F)n3)cc2C)on1,CHEMBL29609
DEC_3608,decoy,O=C1[C@@H](NS(=O)(=O)c2ccc(-c3ccon3)s2)CCN1Cc1cc2c[nH]ccc-2n1,CHEMBL269604
DEC_0697,decoy,Cc1cc(C(c2cccc(Cl)c2)N2CCN(C)CC2)sn1,CHEMBL22225
DEC_2385,decoy,O=CC(Cc1ccccc1)NC(=O)c1ccccc1C#Cc1ccccc1,CHEMBL27250
DEC_1610,decoy,CCC(C)(C)CCn1cnc2c(O)ncnc21,CHEMBL13159
DEC_1674,decoy,FC(F)(F)c1cc(Cn2c(Br)nc3cc(Cl)c(Cl)cc32)cc(C(F)(F)F)c1,CHEMBL280386
DEC_0393,decoy,Cc1ccc(C#N)c(/C(O)=C/c2nc3ccc(F)cc3c(=O)n2-c2ccccc2Cl)n1,CHEMBL18944
DEC_3294,decoy,COc1cccc(Oc2c(NS(=O)(=O)c3ccc(C(C)(C)C)cc3)ncnc2OCCOc2cnc3ccccc3n2)c1,CHEMBL114704
DEC_2393,decoy,O=C1Nc2ccc(F)cc2C(OCC=C(Cl)Cl)(C(F)(F)F)O1,CHEMBL17010
DEC_2672,decoy,COc1c(N2CCC(N)C2)c(F)cc2c(=O)c(C(=O)O)cn(C3CC3)c12,CHEMBL275359
DEC_0058,decoy,CCCCCC(C)NC(=O)N(CCCl)N=O,CHEMBL12232
DEC_3971,decoy,NCCc1c[nH]c(CCCC(c2ccccc2)c2ccccc2)n1,CHEMBL274768
DEC_1582,decoy,COC(=O)c1[nH]c(C(C)(C)C)cc1NC(=O)Nc1ccccc1Cl,CHEMBL18770
DEC_1360,decoy,CN1C[C@H](CC#N)C=C2c3cccc4c3[C@@H](CN4)C[C@H]21,CHEMBL285723
DEC_2228,decoy,COc1cc(NCc2cnc3nc(N)nc(N)c3c2C)cc(OC)c1,CHEMBL23569
DEC_3535,decoy,CC(=O)N1CCc2ccc(N(C(=O)/C=C/c3ccccc3)C3CCN(CCC4CCCCC4)CC3)cc21,CHEMBL21507
DEC_3423,decoy,CC(=O)OC1C[C@@]23CCC4c5ccoc5C=C[C@@]4(C)C2CCC1C3,CHEMBL284251
DEC_1103,decoy,CC(C)c1ccc(N2CNC(=O)C23CCN(CCCN(c2ccc(F)cc2)c2ccc(F)cc2)CC3)cc1,CHEMBL50199
DEC_4122,decoy,O=C1NC(=O)c2c1c1c3ccccc3cnc1c1c2c2ccccc2n1CCCCO,CHEMBL21597
DEC_4480,decoy,CN(C)C(=O)N1Cc2c(-c3noc(C4CC4)n3)ncn2-c2ccccc21,CHEMBL15093
DEC_3030,decoy,CC(C)CCC1(c2ccc(N)cc2)CCC(=O)NC1=O,CHEMBL29230
DEC_3802,decoy,CN(C)CCOc1ccc(/C=C(\C#N)c2noc3ccccc23)cc1,CHEMBL21436
DEC_1733,decoy,O=S1(=O)c2cccc3cccc(c23)N1CCN1CC=C(c2c[nH]c3ccccc23)CC1,CHEMBL274517
DEC_2651,decoy,Nc1c(F)c(N2CCNCC2)c(Cl)c2c1c(=O)c(C(=O)O)cn2C1CC1,CHEMBL15530
DEC_1248,decoy,Br.Br.N=c1ccn(CCCCn2ccc(=N)cc2)cc1,CHEMBL35210
DEC_4519,decoy,O=C(O)C1=Cc2cc(C(C3CCCCC3)n3ccnc3)sc2CC1,CHEMBL22759
DEC_2174,decoy,Nc1nc(N)c2c(CNc3ccccc3Oc3ccccc3)coc2n1,CHEMBL23353
DEC_0475,decoy,CCCSc1c2c(nc(N)n3nc(-c4ccco4)nc23)nn1C,CHEMBL280888
DEC_4567,decoy,CCCc1nc(SC(F)F)c(C(=O)O)n1Cc1ccc(-c2ccccc2S(=O)(=O)NC(=O)Cc2ccc(F)cc2)cc1,CHEMBL90672
DEC_1779,decoy,O=C1NC(=O)C(S(=O)(=O)c2cccc3c(Br)cccc23)S1,CHEMBL281208
ACT_096,active,NC(CO)(CO)CO.O=C(c1ccccc1)c1ccc2n1CCC2C(=O)O,CHEMBL1201124
DEC_3669,decoy,Cn1ncnc1N[C@@H]1c2cc(C#N)ccc2OC(C)(C)[C@H]1O,CHEMBL23420
DEC_3075,decoy,CN(C/C=C/c1ccccc1)Cc1cc2ccccc2c2ccccc12,CHEMBL277853
DEC_3008,decoy,COC12[C@@H]3N[C@@H]3CN1C1=C(C(=O)C(N3CCc4ccccc43)=C(C)C1=O)[C@@H]2COC(N)=O,CHEMBL33886
DEC_1993,decoy,CC(C)c1ccc(C2CN(C)Cc3c(N)cccc32)cc1,CHEMBL274486
DEC_0333,decoy,Oc1cc(NC[C@@H]2CCC[C@H]2NCc2ccc(Cl)c(Cl)c2)nc2ccccc12,CHEMBL22729
DEC_3085,decoy,CCCCc1oc2ccccc2c1-c1ccc(-c2ccc(O)cc2)cc1,CHEMBL286007
DEC_3258,decoy,CC(C)(C)C(=O)SCCOP(=O)(OCCSC(=O)C(C)(C)C)O[C@H]1C[C@@H](n2cnc3c(N)ncnc32)CO1,CHEMBL60734
DEC_0982,decoy,COc1ccc(C(=O)/C(=N/O)SCCCN(C)C)cc1.O=C(O)C(=O)O,CHEMBL14598
DEC_2576,decoy,CNC(=O)OCc1cc2c(c(S(=O)(=O)N[C@@H](Cc3nc4ccccc4s3)C(=O)N3CCC(CCF)CC3)c1)NCC(C)(C)C2,CHEMBL43397
DEC_3560,decoy,CC(C)C1=CC2CC3(C=O)[C@@H]4CC[C@@H](C)[C@H]4CC2(CO[C@H]2C[C@@H]4OCO[C@@H]4[C@@H](C)O2)C13C(=O)O,CHEMBL21682
DEC_2834,decoy,CC(C)N1C(S)=NC(c2cccc(F)c2)c2cc3c(cc21)OCO3,CHEMBL13596
DEC_2754,decoy,O=C(O)[C@H]1O[C@@H](O[C@H](COc2cccc3ncccc23)CN2CCN(C(=O)C(c3ccccc3)c3ccccc3)CC2)[C@H](O)[C@@H](O)[C@@H]1O,CHEMBL157942
DEC_1507,decoy,CCN(CC)CCn1nc2c3c(c(CNC(=O)OC)ccc31)Sc1ccc(O)cc1-2,CHEMBL27233
DEC_3774,decoy,CC1(C)C(=O)Nc2cc3[nH]c(CCc4ccncc4)nc3cc21,CHEMBL23696
DEC_4237,decoy,OC(CN(Cc1cccc(-c2ccoc2)c1)c1cccc(Oc2ccccc2)c1)C(F)(F)F,CHEMBL296486
DEC_1632,decoy,CCC1=C(c2ccc(-n3ccnc3)cc2)CNC1=O,CHEMBL9169
DEC_0924,decoy,CC1=CC(C)(C)Nc2ccc3c(c21)/C(=C/c1cccc(F)c1)Oc1ccccc1-3,CHEMBL32812
DEC_0070,decoy,CCNCCC(c1ccccc1)c1ccccc1,CHEMBL10702
DEC_2635,decoy,Cc1nnc(C(=O)[C@@H](NC(=O)Cn2c(-c3ccc(F)cc3)ncc(N)c2=O)C(C)C)o1,CHEMBL24312
DEC_2873,decoy,CC(/N=c1\c(O)c(O)\c1=N/c1ccccn1)C(C)(C)C,CHEMBL277070
ACT_020,active,O=C(O)/C=C\C(=O)NNC(=O)CNc1ncnc2sc3c(c12)CCCC3,CHEMBL5418745
DEC_2341,decoy,O=C(NC(Cc1ccccc1)C(O)CN1CCCCCCCCCCCCC(c2ccccc2)OC1=O)O[C@H]1CO[C@H]2OCC[C@H]21,CHEMBL294511
DEC_0015,decoy,CCCCCn1cnc2c(C#CC#Cc3ncnc4c3ncn4CCCCC)ncnc21,CHEMBL9930
DEC_3220,decoy,O=C1Nc2ccc(Cl)cc2C(OCC(F)(F)C(F)(F)F)(C(F)(F)F)O1,CHEMBL17009
DEC_4081,decoy,CCCCCCCc1nc2c([nH]1)N1C(=N[C@@H]3CCC[C@@H]31)N(C)C2=O,CHEMBL277317
DEC_3288,decoy,C[C@H](Cc1ccc2c(c1)OC(C(=O)OCCOC(C)(C)C)(C(=O)OCCOC(C)(C)C)O2)NC[C@H](O)c1cccc(Cl)c1,CHEMBL57031
DEC_0677,decoy,Cc1ccc(CCCOc2c(C)cc(-c3noc(C)n3)cc2C)cn1,CHEMBL281670
DEC_0731,decoy,C(=N/Nc1nccs1)\c1c2ccccc2c(/C=N/Nc2nccs2)c2ccccc12,CHEMBL282419
DEC_0092,decoy,CCOP(=O)(Cc1cccnc1)OCC,CHEMBL40500
DEC_2282,decoy,CN(CCOc1cccc(N(C)S(=O)(=O)c2ccccc2)c1)c1ccncc1,CHEMBL26244
DEC_4279,decoy,CC(=O)c1ccc2c(c1)[C@@]13CCCC[C@H]1[C@@H](C2)N(C)CC3,CHEMBL17884
DEC_2952,decoy,CC[C@H](C)C(=O)O[C@H]1C[C@@H](C)C=C2C=C[C@H](C)[C@H](CC[C@@H]3C[C@H](CC(=O)OC)N(Cc4cccc(OC)c4)C(=O)O3)[C@H]21,CHEMBL312606
DEC_3080,decoy,CN(C/C=C/c1cccc2ccccc12)Cc1cccc2ccccc12,CHEMBL279451
DEC_3386,decoy,O=C1Nc2cccc3c2C1(CCCCN1CCN(c2ccccn2)CC1)CCC3,CHEMBL428494
DEC_0066,decoy,c1cn(CCCCCCCn2ccnc2)cn1,CHEMBL15166
DEC_3021,decoy,CCOC(=O)c1cnc2nc(NS(=O)(=O)c3ccc(Cl)cc3)nn2c1N,CHEMBL12093
DEC_1596,decoy,CCN(CC)CC#CCCC1SCCCS1,CHEMBL41784
DEC_1301,decoy,COc1cc(CC(C)NC(C)C)c(OC)cc1I,CHEMBL10980
DEC_4408,decoy,c1ccc(-c2c[nH]cc2C(c2ccc3ccccc3c2)n2ccnc2)cc1,CHEMBL279973
DEC_3941,decoy,c1c[nH]c(C2NCCc3c2[nH]c2ccccc32)c1,CHEMBL38559
DEC_1328,decoy,O=C(O)CCCCC(=O)N1CCC(CCCC2CCNCC2)CC1,CHEMBL31182
DEC_0399,decoy,Cc1c(C(=O)c2csc3ccccc23)c2ccccc2n1CCN1CCOCC1,CHEMBL13288
DEC_1058,decoy,c1coc(-c2ncnc3c2ncn3CC2CCCCC2)c1,CHEMBL282982
DEC_1996,decoy,Oc1ccc2cc(-c3ccc(O)c(F)c3)sc2c1,CHEMBL31684
DEC_0732,decoy,CCOC(=O)c1cccc(-c2cc(O)c(Sc3ccccc3C(C)C)c(=O)o2)c1,CHEMBL12622
DEC_1761,decoy,CC(N)C(=O)N1N=C(c2ccc(N)cc2)c2cc3c(cc2CC1C)OCO3,CHEMBL418148
DEC_4360,decoy,CCN1CCC(OC(=O)c2c(C)[nH]c(C)c2C)CC1,CHEMBL288944
DEC_2196,decoy,O=C(Nc1cccc(NC(=O)Nc2ccccn2)c1)Nc1ccccn1,CHEMBL276383
DEC_4412,decoy,O=P(O)(O)O[C@@H]1CC[C@@H](OP(=O)(O)O)[C@H](OP(=O)(O)O)C1,CHEMBL278700
DEC_4472,decoy,CCN(C)S(=O)(=O)c1ccc2oc3ccc(C(=O)O)cc3c(=O)c2c1,CHEMBL280952
DEC_3763,decoy,Cc1cc(C(OCCN(C)C)c2ccc(C(C)C)cc2)sn1,CHEMBL22358
DEC_1570,decoy,COC(=O)c1sc(C(C)(C)C)cc1NC(=O)Nc1ccc(N)cc1,CHEMBL18942
DEC_4278,decoy,CN1Cc2sccc2C(c2ccc(Cl)cc2Cl)C1,CHEMBL15804
DEC_0979,decoy,Cn1c2c(s/c1=N\C(=O)c1ccc(C(=N)N)cc1)C(=O)N(CCC(=O)O)C2,CHEMBL267528
DEC_1170,decoy,Clc1ncc(O[C@@H]2CCNC2)cc1Br,CHEMBL268017
DEC_0294,decoy,COc1ccc(Cl)c(C2(F)C(=O)Nc3cc(Br)ccc32)c1,CHEMBL266993
DEC_2337,decoy,CC(=O)Nc1ccc(-c2sc3c(c2CN(C)Cc2ccccc2)c(=O)n(-c2ccccc2)c(=O)n3Cc2c(F)cccc2F)cc1,CHEMBL332355
DEC_0205,decoy,OCC1CCC(n2cnc3c(I)ncnc32)O1,CHEMBL16907
DEC_2214,decoy,COc1ccc(OC)c(N(C)Cc2c[nH]c3nc(N)nc(N)c23)c1,CHEMBL17453
DEC_0098,decoy,CCCN(CCC)[C@H]1C[C@@H]1c1cccc(O)c1,CHEMBL34653
DEC_3880,decoy,CC(C)/C=C(/c1ccc(C(=O)O)cc1)c1ccc2c(c1)C(C)(C)CCC2(C)C,CHEMBL26295
DEC_0268,decoy,CC1(C)C(=O)N(c2ccc(C#N)c(C(F)(F)F)c2)C(=O)N1CCCF,CHEMBL9140
DEC_2309,decoy,O=C(NC(Cc1ccccc1)C(O)CN1CCCC/C=C/CCCCCCC(c2ccccc2)OC1=O)O[C@H]1CO[C@H]2OCC[C@H]21,CHEMBL294895
DEC_2402,decoy,CCN1C(=O)N(C2CCN(C(C)CCC(C)C)CC2)[C@@H]2CCCC[C@H]21,CHEMBL281322
DEC_3232,decoy,CC12CCC3C(C[C@H](c4ccccc4)C4=CC(=O)CCC43C)C1CCC2=O,CHEMBL24580
DEC_1330,decoy,NCCN(CCN)CCNC1CCCCCCCCCCCCCCC1,CHEMBL21667
DEC_1566,decoy,COC(=O)c1c(NC(=O)Nc2ccc(F)cc2)cc(C(C)(C)C)n1C,CHEMBL18709
DEC_0929,decoy,CC(NCc1ccccc1)C1CCC2C3CC=C4CC(O)CCC4(C)C3CCC12C,CHEMBL8859
ACT_036,active,C[C@@H]1C[C@H]2O[C@@H]2/C=C\C=C\C(=O)Cc2c(Cl)c(O)cc(O)c2C(=O)O1,CHEMBL414883
DEC_0488,decoy,Nc1nc(N)c2nc(Sc3ccc(Cl)c(Cl)c3)cnc2n1,CHEMBL6544
DEC_0998,decoy,CO[C@]1(c2cc(F)cc(Sc3ccc(/C(C)=N/O)cc3)c2)CCO[C@@H](C)C1,CHEMBL282773
DEC_2173,decoy,CN1CC=C(c2c(O)cc(O)c3c(O)cc(-c4ccccc4)nc23)CC1,CHEMBL8424
DEC_1845,decoy,CNc1ccc(C2CCN(C3CCCCC3O)CC2)cc1,CHEMBL20491
DEC_4201,decoy,COc1cc2c(cc1OC)[C@@H]1C[C@]3(CNC(=O)O3)[C@@H](c3ccccc3)CN1CC2,CHEMBL31014
ACT_035,active,Cc1ccc(C2=NN(C3=NC(=O)CS3)C(c3ccc(Br)cc3)C2)cc1C,CHEMBL2159924
ACT_025,active,CSc1ccc(-n2c(-c3ccc(S(C)(=O)=O)cc3)cc(CC(=O)OCCCO[N+](=O)[O-])c2C)cc1,CHEMBL1939675
DEC_4280,decoy,CN1CCc2c(n(C)c3ccccc23)C(c2ccccc2)C1,CHEMBL23229
DEC_2634,decoy,CC(=O)Oc1cc(C(=O)OCc2ncc([N+](=O)[O-])n2C)cc(OC(C)=O)c1OC(C)=O,CHEMBL290526
DEC_0990,decoy,C=CCOc1ccc(/C=C(\C)C(=O)N[C@@H]2[C@H](O)[C@@H](O)CC[C@@H]2O)cc1O,CHEMBL266810
DEC_1932,decoy,CNC(=O)[C@H]1O[C@@H](n2cnc3c(NCc4cccc(I)c4)nc(Cl)nc32)[C@H](O)[C@@H]1O,CHEMBL431733
ACT_033,active,CCC#CCSc1ccccc1OC(C)=O,CHEMBL145727
DEC_0900,decoy,C=CCC1Oc2c(Br)ccc(OC)c2-c2ccc3c(c21)C(C)=CC(C)(C)N3,CHEMBL7817
DEC_2091,decoy,C=CCN1CN(c2ccccc2)C2(CCN(C3CCc4c(Cl)ccc(Cl)c4C3)CC2)C1=O,CHEMBL283265
DEC_0890,decoy,CC1(C)OC(S)=Nc2ccc(-c3ccc(C#N)o3)cc21,CHEMBL24245
DEC_2035,decoy,O=C(OCCCc1c[nH]cn1)N(c1ccccc1)c1ccccc1,CHEMBL263071
DEC_2813,decoy,CN(C(=O)c1ccc(Cl)c(Cl)c1)[C@H]1CCCC[C@@]12CCCN2C,CHEMBL22211
DEC_2848,decoy,CN(C)C1CCCC1N(C(=O)c1ccco1)c1ccc(Cl)c(Cl)c1,CHEMBL21060
DEC_2781,decoy,CC(C)[C@@H]1[C@H](OC(=O)N[C@@H](Cc2ccccc2)[C@H](O)CN2CCN(Cc3ccncc3)C[C@H]2C(=O)NC(C)(C)C)CCS1(=O)=O,CHEMBL72487
DEC_0024,decoy,CN1CCC23c4c5ccc(O)c4O[C@H]2C=C[C@H](N(CCCl)CCCl)[C@H]3C1C5,CHEMBL12397
DEC_4401,decoy,Cc1cccc(-c2cc(O)c(Sc3ccccc3C(C)C)c(=O)o2)c1,CHEMBL275546
DEC_0834,decoy,CC(C)C(=O)c1c(C(C)C)nn2ccccc12,CHEMBL19449
DEC_0936,decoy,CC(C)N(C(=O)[C@H]1CCC2C3CC=C4C=C(CO)CC[C@]4(C)C3CC[C@@]21C)C(C)C,CHEMBL24249
DEC_4596,decoy,CCn1cc(C(=O)O)c(=O)c2cc(F)c(N3CCC(N)C3)cc21,CHEMBL15524
ACT_019,active,Oc1c(Cl)cc(Cl)c(Cl)c1Cc1c(O)c(Cl)cc(Cl)c1Cl,CHEMBL496
DEC_0210,decoy,CC1(C)O[C@@H]2[C@@H](CO[C@@]3(COS(C)(=O)=O)OC(C)(C)O[C@@H]23)O1,CHEMBL27137
DEC_3107,decoy,Cc1c(C)c(C)c(S(=O)(=O)OCCCl)c(C)c1C,CHEMBL17524
DEC_0040,decoy,CCN(CC)CCn1nc2c3c(c(CNC=O)ccc31)Sc1ccc(OC)cc1-2,CHEMBL280609
DEC_0374,decoy,C/C(=N\OC(=O)C(C)(C)C)c1ccc(Sc2cc(F)cc(C3CCOCC3)c2)cc1,CHEMBL282775
DEC_1192,decoy,C[C@@H](/N=c1\c(O)c(O)\c1=N/c1ccc(C#N)c(O)c1)C(C)(C)C,CHEMBL19298
DEC_4315,decoy,CC(C)CN1CCN(CC(C)C)C(C2=NCCN2)C1,CHEMBL40263
DEC_3249,decoy,c1ccc(-c2ccc(N3CCN(Cc4c[nH]c5ncccc45)CC3)cc2)cc1,CHEMBL287671
DEC_2465,decoy,Cc1c2ccc3c(c2c(C)c2c1ccc1ccccc12)C=C[C@H](O)[C@H]3O,CHEMBL25201
DEC_4225,decoy,Cc1ccc(OCCCCCCC(C)(C)C(=O)Nc2c(C)cc(C)c3c2OC(C)(C)C3)cc1,CHEMBL283332
DEC_3996,decoy,CCCCc1ccc(Nc2nc(SC)c3[nH]cnc3n2)cc1,CHEMBL278903
ACT_100,active,COc1ccc(C2CC(c3cccc(-n4cnnn4)c3)=NN2)cc1,CHEMBL5290194
DEC_1269,decoy,COc1cc2c3c4c(c(COC(C)=O)c5c3n(c2cc1OC)C(=O)CC5)CNCC4,CHEMBL23800
DEC_1576,decoy,CCCC1=C(C(=O)OCC)C(c2cc(C)cc(C)c2)NC(=O)N1,CHEMBL15236
DEC_2144,decoy,CCCN(CCC)C1Cc2cccc3nc(C)n(c23)C1,CHEMBL273247
DEC_1914,decoy,CC1(C)CNc2c(cccc2S(=O)(=O)N[C@@H](Cc2nc3ccccc3s2)C(=O)N2CCN(CCO)CC2)C1,CHEMBL27281
DEC_1619,decoy,Cc1ccc(C(O)c2nc3c(cc2C)CCC3)cc1,CHEMBL290828
ACT_070,active,CCOC(=O)c1c(SC)nn(C(=O)CSc2nnc(CCCOc3ccc(C)cc3C(=O)c3ccc(F)cc3)o2)c1N,CHEMBL5270639
DEC_3339,decoy,N[C@H]1CC[C@H](CNC(=O)C2C=CCn3c(=O)n(C(CSc4ccc(Cl)c(Cl)c4)C(=O)O)c(=O)n32)CC1,CHEMBL431894
DEC_4402,decoy,CC1(C)CCC(C)(C)c2cc3oc(-c4ccc(C(=O)O)cc4)cc3cc21,CHEMBL12729
DEC_3319,decoy,O=C(CSSc1ccccc1[N+](=O)[O-])N[C@@H]1CCC2(O)C3Cc4ccc(O)c5c4C2(CCN3CC2CC2)C1O5,CHEMBL282388
DEC_4546,decoy,Cc1cc(SC2=C(O)OC(CCc3ccc(O)cc3)(C(C)C)CC2=O)c(C(C)(C)C)cc1OS(=O)(=O)N1CCN(C)CC1,CHEMBL71509
DEC_3698,decoy,Cc1c(CSc2ccccc2)cnc2nc(N)nc(N)c12,CHEMBL291239
DEC_1778,decoy,Cc1ccc(Cl)c2c1SCc1c-2oc(C(=O)O)cc1=O.NCCO,CHEMBL30210
DEC_2495,decoy,CN1CCC(C2=Cc3cc(Cl)ccc3Cc3ccccc32)CC1,CHEMBL7430
DEC_3405,decoy,O=C(O)CC1CCN(C(=O)N2CCC3(CC2)CCN(c2ccncc2)C3)CC1,CHEMBL12878
DEC_2574,decoy,COc1nc2c(OCc3c(Cl)ccc(N(C)C(=O)CNC(=O)/C=C/c4ccc(NC(C)=O)nc4)c3Cl)cccc2n1C,CHEMBL264751
DEC_1376,decoy,C[C@@H]1C[C@H](C)c2cc3c(C(F)(F)F)cc(O)nc3cc2N1,CHEMBL268326
DEC_0187,decoy,CON(C)C(=O)c1cc2c(Sc3ccc(C)cc3)cncc2s1,CHEMBL6517
DEC_0247,decoy,COC(=O)[C@H]1[C@@H](O)CCC2CN3CCc4cc5c(cc4[C@H]3C[C@@H]21)OCO5,CHEMBL283875
DEC_0622,decoy,CC1CC[C@@]2(OC1)OC1CC3C4CC=C5C[C@@H](O)CC[C@]5(C)C4CC[C@]3(C)[C@@]1(O)[C@@H]2C,CHEMBL13119
DEC_3542,decoy,COc1ccccc1N1CCN(C(=O)CCc2c(-c3ccc(C(F)(F)F)cc3)n(C)c3ccc(C)cc23)CC1,CHEMBL21831
DEC_2659,decoy,CC1CN(c2c(F)c(O)c3c(=O)c(C(=O)O)cn(C4CC4)c3c2F)CCN1,CHEMBL276102
DEC_0245,decoy,CC1COc2c(N3CCC(N)C3)c(F)cc3c(=O)c(C(=O)O)cn1c23,CHEMBL430148
DEC_0844,decoy,O=C(O)c1ccc(NCc2ccccc2)cn1,CHEMBL31554
DEC_0905,decoy,OC1=C2C(=Nc3c(-c4cccc(F)c4)cnn3C2c2ccc(Cl)c(Cl)c2)CCC1,CHEMBL33973
DEC_1415,decoy,Nc1nc2nn(Cc3ccc(F)cc3)cc2c2nc(-c3ccco3)nn12,CHEMBL278906
DEC_1215,decoy,CCCCc1nc2ccn(CC(=O)N(C)C)c(=O)c2n1Cc1ccc(-c2ccccc2-c2nnn[nH]2)cc1,CHEMBL288246
DEC_2060,decoy,O=S1(=O)c2cccc3cccc(c23)N1CCCN1CC=C(c2c[nH]c3ccc(F)cc23)CC1,CHEMBL18224
DEC_3494,decoy,CCN(CC)Cc1cc(Nc2cc(C)nc(Nc3nc4cc(Cl)c(Cl)cc4[nH]3)n2)ccc1O,CHEMBL24833
DEC_4356,decoy,CNc1ncnc2c1ncn2Cc1cccc(F)c1,CHEMBL6704
DEC_1464,decoy,Cc1ccc(NC23CC4CC(CC(C4)C2)C3)nc1,CHEMBL275867
DEC_2291,decoy,CC1C(=O)N(CCCCCCOc2ccc(Cl)cc2)/C(=N\C#N)N1c1ccncc1,CHEMBL16928
DEC_0592,decoy,CC1=C(C(=O)OC(c2ccccc2)c2ccccc2)N2C(=O)[C@@H](NC3=NC(C(N)=O)CN3)C2SC1,CHEMBL13737
DEC_2212,decoy,CC1(C)N=C(N)N=C(N)N1c1cccc(C(O)c2ccccc2)c1,CHEMBL21051
DEC_1241,decoy,COc1cc2c(Nc3ccc(Cc4ccco4)cc3)c(C#N)cnc2cc1OCCCN1CCOCC1,CHEMBL31143
DEC_2079,decoy,Cn1cc(C2=CCN(CCCN3c4cccc5cccc(c45)S3(=O)=O)CC2)c2ccccc21,CHEMBL19111
DEC_2499,decoy,CC1=C(/C=C/C(C)=C/C=C/C(C)=C/c2nn[nH]n2)C(C)(C)CCC1,CHEMBL7395
DEC_0404,decoy,O=C(O)CNCCSCP(=O)(O)O,CHEMBL282788
DEC_2506,decoy,CC[C@H]1Cc2cc3c(C(F)(F)F)cc(O)nc3cc2N[C@@H]1C,CHEMBL7053
DEC_1067,decoy,CCCC1CCNc2cc3oc(=O)cc(C(F)(F)F)c3cc21,CHEMBL6855
DEC_2339,decoy,O=c1c(/C=N/OCCCCCO/N=C/c2cc(Br)c(O)c(Br)c2)coc2c(Cl)cc(Cl)cc12,CHEMBL112118
DEC_4362,decoy,C=CCC1Oc2cccc(NC)c2-c2ccc3c(c21)C(C)=CC(C)(C)N3,CHEMBL440454
DEC_0576,decoy,CCc1cn([C@@H]2O[C@H](CNC(=O)C3c4ccccc4Oc4ccccc43)[C@@H](O)[C@@H]2F)c(=O)[nH]c1=O,CHEMBL418258
DEC_0302,decoy,CC[C@@](C)(c1ccc(O)cc1)[C@H](CCCCI)c1ccc(O)cc1,CHEMBL38819
DEC_2931,decoy,COc1cc([C@@H]2c3cc4c(cc3C(OC3OC5COC(C)OC5C(O)C3O)C3COC(=O)[C@@H]32)OCO4)cc(OC)c1O,CHEMBL268601
DEC_2920,decoy,CC(=O)O[C@H]1C(=O)[C@@]2(C)[C@H]([C@H](OC(=O)c3ccccc3)[C@]3(O)C[C@H](O)C(C)=C1C3(C)C)[C@]1(OC(C)=O)CO[C@@H]1C[C@@H]2O,CHEMBL288043
DEC_0756,decoy,C[C@@H]1[C@@H](N)CN1c1c(F)c(N)c2c(=O)c(C(=O)O)cn(C3CC3)c2c1F,CHEMBL19693
DEC_1375,decoy,Cc1ccc2c(c1)c1c3c(cc4c1n2C(=O)CC4)CNCC3,CHEMBL23116
DEC_2383,decoy,O=C(Nc1ccc(I)cc1)OCCCc1c[nH]cn1,CHEMBL16874
DEC_3913,decoy,NC(=O)Sc1cncc2sc(C(N)=O)cc12,CHEMBL268667
DEC_3765,decoy,CC1(C)C(=O)N(c2ccc(C#N)c(C(F)(F)F)c2)C(=O)N1CCF,CHEMBL274667
DEC_4131,decoy,CCCCN1CCC(COc2nc3ccc(Cl)cc3c3c2CCCN3)CC1,CHEMBL33089
DEC_0435,decoy,N/C(=N/NCC(=O)O)N/N=C/c1ccccc1,CHEMBL21744
DEC_3937,decoy,CN1CCc2ccc3c4c2[C@H]1Cc1cccc(c1-4)[C@@H]3O,CHEMBL285352
DEC_2376,decoy,CC(C)C1OC(C#CC2CC2)(C(F)(F)F)c2cc(Cl)ccc2NC1=O,CHEMBL32038
DEC_4378,decoy,N=C(Nc1ccc2ccc3cccnc3c2n1)c1ccc(Cl)c(Cl)c1,CHEMBL280506
DEC_0354,decoy,Cn1cncc1C(NN1CCC(C#N)=C(c2cccc3ccccc23)C1)c1ccc(C#N)cc1,CHEMBL280847
DEC_3764,decoy,CN(C)CCC(=O)N1Cc2cccc3c2N(CC3)c2ccccc21,CHEMBL280628
DEC_2320,decoy,CCCCc1nc2ccc([C@@H]3C[C@H]4C5CCC(C)(C)N5O[C@H]4O3)cc2c(=O)n1Cc1ccc(-c2ccccc2-c2nn[nH]n2)cc1,CHEMBL301547
DEC_2001,decoy,C[C@H](N)Cc1c2ccoc2c(Br)c2ccoc12.Cl,CHEMBL263083
DEC_0748,decoy,CNP1(NC)=N[P@](NC)(N2CC2)=N[P@](NC)(N2CC2)=N1,CHEMBL27147
DEC_0541,decoy,Cc1cc(Cl)cc(C2NC(=O)NC2=O)c1S(C)(=O)=O,CHEMBL19502
DEC_1913,decoy,CC(C)(C)NC(=O)[C@@H]1C[C@@H]2CCC[C@@H]2CN1C[C@@H](O)[C@H](Cc1ccccc1)NC(=O)O[C@H]1CCS(=O)(=O)C1,CHEMBL279793
DEC_1920,decoy,CCNC(=O)C(=O)[C@H](Cc1ccccc1)NC(=O)C1Cc2cc3c(cc2S(=O)(=O)N1CC)OCCO3,CHEMBL8673
DEC_1872,decoy,CC(C)c1ccc(C(c2ccns2)N2CCNCC2)cc1,CHEMBL23010
DEC_3778,decoy,CCC(C)(C)/N=c1\c(O)c(O)\c1=N/Cc1c(C)cccc1C,CHEMBL20179
DEC_2660,decoy,COc1c(N2CCCC(N)C2)c(F)cc2c(=O)c(C(=O)O)cn(C3CC3)c12,CHEMBL15129
DEC_1896,decoy,CCCNC(C)Cc1cc(OC)c(Br)cc1OC,CHEMBL18762
DEC_3306,decoy,CCOCOCCC1(O)C(=O)OCc2c1cc1n(c2=O)Cc2c-1nc1cc3c(cc1c2CCl)OCCO3,CHEMBL299423
DEC_1380,decoy,C=C1CC2(CC3CC4(CC(=C)C(=O)O4)CC3C2)OC1=O,CHEMBL8436
DEC_2281,decoy,CCN(CC)CCOC(=O)C(C)(c1ccc(O)cc1)c1ccc(OC(=O)N(C)C)cc1,CHEMBL288482
DEC_0102,decoy,C[Si](C)(C)OC(C#N)C1CCCCCCCCCC1,CHEMBL18302
DEC_1858,decoy,CCCC[n+]1ccc(/C=C/c2ncc[nH]2)cc1.F[B-](F)(F)F,CHEMBL37934
DEC_0919,decoy,CC1=CC(C)(C)Nc2ccc3c(c21)C(c1ccc(Cl)cc1)Oc1ccccc1-3,CHEMBL286595
DEC_1708,decoy,COc1cc2c(cc1OC)-c1cc(N(C)c3c(C)cc(C)cc3C)nc(=O)n1CC2,CHEMBL34705
DEC_4077,decoy,O=C1CCC/C=C\C[C@@H]2C(/C=C\[C@@H](CCc3ccccc3)O1)[C@H](O)C[C@@H]2O,CHEMBL12652
DEC_0637,decoy,O=C1NCN(c2ccccc2)C12CCN(C1CCc3c(Cl)ccc(Cl)c3C1)CC2,CHEMBL283480
DEC_2362,decoy,CN1C2CCC1[C@@H]([C@H](O)C(F)(F)F)[C@@H](c1ccc(Cl)cc1)C2,CHEMBL285611
DEC_2400,decoy,Cc1cc(CCCCCOc2c(Cl)cc(C3=NCCO3)cc2Cl)on1,CHEMBL6594
DEC_0636,decoy,O=C1NCN(c2ccccc2)C12CCN([C@@H]1CCc3c(Cl)ccc(Cl)c3C1)CC2,CHEMBL418020
DEC_3036,decoy,CC(C)CC1(c2ccc(N)cc2)CCC(=O)NC1=O,CHEMBL28669
DEC_2561,decoy,Cn1nc(S(N)(=O)=O)s/c1=N/C(=O)C(F)(F)C(F)(F)C(F)(F)C(F)(F)C(F)(F)C(F)(F)C(F)(F)C(F)(F)F,CHEMBL141425
DEC_3242,decoy,CCCc1cc(=O)oc2c3c(c4c(c12)OC(C)(C)C=C4)O[C@H](CC)[C@@H](C)[C@H]3O,CHEMBL267693
DEC_0680,decoy,COc1cccc2c1CCC[C@H]2CN(C)CCc1ccc2ncoc2c1,CHEMBL10425
DEC_2809,decoy,Cc1ccc(C(=O)C2C(c3ccc(C)cc3)CC3CCC2N3C)cc1,CHEMBL279074
DEC_1489,decoy,Cc1ccnc2c1CCC/C2=C\c1ccncc1,CHEMBL287051
DEC_3720,decoy,CCc1cc(NCc2ccc(-c3ccccc3-c3nn[nH]n3)cc2)c(-c2ccc(C(F)(F)F)cc2)c(CC)n1,CHEMBL287230
DEC_3888,decoy,CCc1nc2c(-c3ccc(Cl)cc3C)nccc2n1C(CC)C1CC1,CHEMBL24666
DEC_0391,decoy,CCN(CC)C(=S)SC(C(=O)c1ccc(Cl)cc1)=C1SCCCS1,CHEMBL35219
DEC_3070,decoy,CC1(C)CCC[C@]2(C)[C@@H](c3ccoc3)C(=O)[C@@H]3O[C@]312,CHEMBL34304
DEC_0713,decoy,Cc1c(NC(=O)C(Sc2ccc3ccccc3c2)C(C)C)ccc2nc(N)nc(N)c12,CHEMBL6942
DEC_0319,decoy,CCc1nc2cc(OC3CCN(C(C)=N)CC3)ccc2n1C/C=C/c1cccc(N)c1,CHEMBL25484
DEC_4222,decoy,OC(CN(Cc1cccc(-c2ccccc2)c1)c1cccc(Oc2ccccc2)c1)C(F)(F)F,CHEMBL416620
DEC_2382,decoy,CCCC1OC(C#CC2CC2)(C(F)(F)F)c2cc(Cl)ccc2NC1=O,CHEMBL283630
DEC_3699,decoy,COc1cc2c(cc1OC)[C@@H]1C[C@@]3(CCN1CC2)CNC(=O)O3,CHEMBL431301
DEC_4422,decoy,O=P(O)(O)C(Cc1ccccc1)(O[C@@H]1CC[C@@H](O)C[C@@H]1O)P(=O)(O)O,CHEMBL288331
DEC_2327,decoy,Cn1nnnc1-c1ccccc1-c1ccc(Cn2cnc3ccc(N(C(=O)c4ccccc4)c4ccccc4)cc3c2=O)cc1,CHEMBL28816
DEC_2865,decoy,Oc1cc2c(cc1O)[C@H]1c3ccc(F)nc3CN[C@@H]1CC2,CHEMBL27101
DEC_1445,decoy,C[Si](C)(C)OC1(C#N)CCCCCCCC1,CHEMBL278693
DEC_3972,decoy,CN(C)CCc1c[nH]c(CCC(c2ccccc2)c2ccccc2)n1,CHEMBL11553
DEC_0141,decoy,O=[N+]([O-])c1ccc(-c2[nH]ccc3c4ccccc4nc2-3)cc1Cl,CHEMBL278266
DEC_1419,decoy,CCC1CN(c2cc3c(cc2F)c(=O)c(C(=O)O)cn3C2CC2)CCN1,CHEMBL15531
DEC_1871,decoy,CCCN1C[C@H](CSC)C[C@@H]2c3cccc4[nH]cc(c34)C[C@H]21,CHEMBL531
DEC_3222,decoy,Cc1cc(C)c(NC(=O)c2c(C)n(-c3c(C)cc(C)cc3C)c(C)cc2=O)c(C)c1,CHEMBL434964
DEC_3779,decoy,Cc1cc(C(c2ccc(F)cc2)N2CCN(C)CC2)sn1,CHEMBL279306
DEC_4124,decoy,CCOP(=O)(Cc1ccc(-c2nc3cccc(F)c3c(=O)n2C)cc1)OCC,CHEMBL32265
DEC_2986,decoy,CC(C)(C)OC(=O)N1CSC[C@H]1C(=O)N[C@@H](CSCC1CCCCC1)C(=O)NC1CCN(Cc2ccccc2)CC1,CHEMBL73525
DEC_2630,decoy,COc1cc2nc(N(C)CCCNC(=O)C3CCCO3)nc(N)c2cc1OC,CHEMBL709
DEC_4030,decoy,COc1cc2[nH]c([S+]([O-])Cc3nccc(OC)c3C)nc2cc1OC(F)F,CHEMBL9427
DEC_2231,decoy,CC(=O)N[C@H]1[C@H](N2CCCCCCCC2)C=C(C(=O)O)C[C@@H]1N,CHEMBL423292
DEC_3507,decoy,CCN(c1nc(C)cc(N2CC=C(c3cccc(F)c3)CC2)n1)c1ccc(C(C)C)cc1Br,CHEMBL46556
DEC_2839,decoy,C=CCNC1CCCC1N(C(=O)CC)c1ccc(Cl)c(Cl)c1,CHEMBL21232
DEC_1681,decoy,Cc1cccc(C2=CCN(C(=O)c3ccc(Nc4ccnc5cc(C(F)(F)F)ccc45)cc3)CC2)c1,CHEMBL282586
DEC_0328,decoy,c1ccc2c(CNCc3ccc(CNCc4cccc5ccccc45)cc3)cccc2c1,CHEMBL23615
DEC_0882,decoy,CN(C)c1ncnc2c1ncn2Cc1c(F)cccc1F,CHEMBL6817
DEC_0345,decoy,CCOC(=O)c1ccc(N/C(S)=N/c2cccc3c2OC(C)(C)CC3(C)C)cc1,CHEMBL7543
DEC_1045,decoy,Nc1ccc(OC23CC4CC5C6CC(CC52)CC3C6C4)cc1,CHEMBL12197
DEC_1276,decoy,CC(=O)c1cc2c(s1)[C@@H](NC(=O)c1ccc(F)c(F)c1)[C@H](O)C(C)(C)O2,CHEMBL29667
DEC_1910,decoy,CCc1cn([C@H]2C[C@H](O)[C@@H](CNC(=O)C3c4ccccc4S(=O)(=O)c4ccccc43)O2)c(=O)[nH]c1=O,CHEMBL42459
DEC_3323,decoy,CC(=O)NC[C@H]1CN(c2ccc(N3CCC(=CC(C)(OC(=O)CCl)OC(=O)CCl)CC3)c(F)c2)C(=O)O1,CHEMBL302309
DEC_4432,decoy,COc1cc(-c2csc(NC(=O)C(=O)O)n2)ccc1O.NCCO,CHEMBL16757
DEC_1976,decoy,Cc1ccc2c(c1)-c1nc(-c3ccccn3)[nH]c1CCC2,CHEMBL268654
DEC_4528,decoy,CCCc1cc(=O)oc2c3c(c4c(c12)OC(C)(C)C=C4)O[C@H](C)C(C)(C)[C@H]3O,CHEMBL267679
DEC_2581,decoy,Cc1cc(SC2=C(O)OC(C)(CCc3ccc(O)cc3)CC2=O)c(C(C)(C)C)cc1OS(=O)(=O)N1CCN(C)CC1,CHEMBL70502
DEC_3572,decoy,CNc1nccc2c1c1ncnc(N3CCN(CCc4ccc(F)c(F)c4)CC3)c1n2C,CHEMBL25731
ACT_081,active,Oc1cccc(N2[C@@H]3CC[C@H]2CN(CCCc2ccccc2)C3)c1,CHEMBL5523416
DEC_3935,decoy,O=C(c1ccc2c(c1)CNCC2)C(F)(F)F,CHEMBL28390
DEC_3923,decoy,CN1CCc2ccc3c4c2[C@H]1Cc1cccc(c1-4)[C@H]3N,CHEMBL281048
DEC_2764,decoy,Cc1cn(C2CC(N=[N+]=[N-])C(CO)O2)c(=O)n(CCCCCCn2c(=O)c(C)c(Sc3ccccc3)n(COCO)c2=O)c1=O,CHEMBL43153
DEC_1990,decoy,Cc1nccn1-c1ccc(-c2cccn3c(C)ncc23)cc1,CHEMBL283929
DEC_3999,decoy,CC1(C)CC1C(=O)N/C(=C\CCCCSc1ccccc1)C(=O)O,CHEMBL12037
DEC_3226,decoy,CCCc1cc(=O)oc2c3c(c4c(c12)OC(C)(C)C=C4)OC(C)(C)[C@H](C)[C@H]3O,CHEMBL266552
DEC_2103,decoy,CCCOOC1(OC)CCCCCCCCCCC1,CHEMBL28617
DEC_1599,decoy,CSc1nsnc1C1=C(C)CCN(C)C1,CHEMBL279105
DEC_2517,decoy,CC[C@H]1Nc2cc3nc(O)cc(C(F)(F)F)c3cc2C[C@H]1C,CHEMBL7089
DEC_0997,decoy,COc1cc(CC(C)N(C)C(C)C)c(OC)cc1I,CHEMBL11094
DEC_0090,decoy,CCN(CC)CCOc1ccc(-n2ccnc2)cc1,CHEMBL276668
DEC_4600,decoy,CC1(C)Oc2cc([N+](=O)[O-])c(N)c(N3CCCCC3)c2C[C@@H]1O,CHEMBL14612
DEC_2786,decoy,N=C(N)NCCC[C@H](NC(=O)CN1CCN(S(=O)(=O)Cc2ccccc2)[C@@H](CC(=O)N2CCCCC2)C1=O)C(=O)c1nccs1,CHEMBL350280
DEC_3114,decoy,N#Cc1ccc2c3c4c(cc5c3n(c2c1)C(=O)CC5)CNCC4,CHEMBL22257
DEC_3527,decoy,CC(C)NC(=O)c1ccc(CC2CCN(C3CCN(C(=O)c4cccc5c(F)cc(F)cc45)CC3)CC2)cc1,CHEMBL51400
DEC_3397,decoy,COC(=O)C1C(c2ccc(I)cc2)CC2CCC1N2C,CHEMBL14391
DEC_3704,decoy,Clc1ccc(Cc2noc(CCc3c[nH]cn3)n2)cc1,CHEMBL276798
DEC_0577,decoy,COc1ccc(CC(N)C(=O)NC2C(Cl)OC(n3cnc4c(N(C)C)ncnc43)C2O)cc1,CHEMBL37389
DEC_4308,decoy,Cc1ccc(Sc2cccc3sc(C(N)=O)cc23)cc1,CHEMBL6442
DEC_0423,decoy,O=CN(O)C(Cc1ccccc1)C(=O)NCC(=O)O,CHEMBL16457
DEC_3841,decoy,C[C@@H]1CN(C(=O)N2Cc3c(C(=O)OC(C)(C)C)ncn3-c3cccc(Cl)c32)C[C@H](C)N1,CHEMBL275622
DEC_3928,decoy,CN(C)c1ncnc2c1ncn2Cc1cccc(N)c1,CHEMBL7344
DEC_3126,decoy,O=C1C=C(Nc2ccc(F)cc2)C(=O)c2scnc21,CHEMBL288916
DEC_3546,decoy,O=C(c1ccc(Nc2ccnc3cc(C(F)(F)F)ccc23)cc1)N1CCN(c2ccc(F)cc2)CC1,CHEMBL285606
DEC_4153,decoy,C=CCN1CCN(C(c2ccccc2)c2ccc(-c3cccs3)cc2)CC1,CHEMBL24927
DEC_0754,decoy,CCCn1c(=O)c2nc(-c3ccc(N)cc3N)[nH]c2n(CCC)c1=O,CHEMBL415971
DEC_1883,decoy,CN(C)Cc1ccccc1Sc1ccc(Br)cc1N,CHEMBL22216
DEC_0746,decoy,CNP1(NC)=NP(NC)(NC)=NP(NC)(N2CC2)=N1,CHEMBL285923
DEC_1052,decoy,CC1(C)CCCCC12OOC1(CCCCC1(C)C)OO2,CHEMBL283998
DEC_3067,decoy,CC(C)(C)C12COC(c3ccc(C#N)cc3)(OC1)OC2,CHEMBL10438
DEC_1774,decoy,COC(=O)C1=CNC(C)C2CN3CCc4c([nH]c5ccccc45)[C@@H]3C[C@H]12,CHEMBL278038
DEC_3822,decoy,O=C1[C@@H](NS(=O)(=O)c2cc3ccnc(Cl)c3s2)CCN1Cc1cc2cc[nH]cc-2n1,CHEMBL266806
DEC_1551,decoy,O=C(O)c1ccc(Sc2ccc(NC3=NCCN3)cc2)cc1,CHEMBL9541
DEC_2972,decoy,CCOc1nc2cccc(C(=O)OCOC(=O)/C=C/c3ccccc3)c2n1Cc1ccc(-c2ccccc2-c2nn[nH]n2)cc1,CHEMBL77463
DEC_1350,decoy,O=P(O)(O)Oc1ccc(SC(F)(F)F)cc1,CHEMBL24336
DEC_3853,decoy,CO[C@]12C=CC3(CC14CCC(C)(C)[C@H]4O)C1Cc4ccc(O)c5c4C3(CCN1CC1CC1)[C@@H]2O5,CHEMBL31030
DEC_2814,decoy,CC12CCC3C(C[C@@H](Cc4ccccc4)C4=CC(=O)CCC43C)C1CCC2=O,CHEMBL24897
DEC_2120,decoy,CCCN(CCC)C1Cc2cccc3c2N(CCC3)C1,CHEMBL273912
DEC_1640,decoy,O=C1c2cccc(-c3ccco3)c2-n2cccc21,CHEMBL286190
DEC_0394,decoy,C=CCC1Oc2ccc(C(=O)OC)c(OC)c2-c2ccc3c(c21)C(C)=CC(C)(C)N3,CHEMBL7843
DEC_2460,decoy,Fc1ccc(-c2ccc3c(c2)C2(CCCCC2)C(S)=N3)cc1Cl,CHEMBL26997
DEC_1002,decoy,CCCCN(C=O)[C@H]1CCC2C3CC[C@H]4N(C)C(=O)CC[C@]4(C)C3CC[C@@]21C,CHEMBL277053
DEC_3596,decoy,Cn1cc(C2=C(c3cn(C4CCN(CC5CC5)CC4)c4ccccc34)C(=O)NC2=O)c2ccccc21,CHEMBL55394
DEC_0277,decoy,Brc1cccc(Br)c1N(C1=NCCN1)C1CCCC1,CHEMBL417459
DEC_0671,decoy,CN1CCc2cc(Cl)c(O)cc2C(c2cccc(N=C=S)c2)C1,CHEMBL279634
DEC_0515,decoy,CC(=O)NC1CCn2c1nc1c2C(=O)C(C)=C(N2CC2)C1=O,CHEMBL278759
DEC_3878,decoy,CC(C)CCCN(C)[C@H]1CCC2C3CC=C4C[C@@H](O)CCC4(C)C3CCC21C,CHEMBL8490
DEC_3315,decoy,CC[C@H]1C[C@@H](C)C(=O)/C=C/C(C)=C/[C@H](C)[C@@H](CC)OC(=O)C[C@@H](O)[C@H](C)[C@H]1O[C@@H]1O[C@H](C)[C@@H](O)[C@H](N(C)C)[C@H]1O,CHEMBL296286
DEC_1606,decoy,O=C(O)CCON=C1C2CC3CC(C2)CC1C3,CHEMBL34455
DEC_2902,decoy,CC[C@H]1OC(=O)CC(O)[C@H](C)[C@@H](O[C@@H]2O[C@H](C)C[C@H](N(C)C)[C@H]2O)[C@@H](CCN(C)C)C[C@@H](C)C(=O)/C=C/[C@]2(C)O[C@H]2[C@@H]1C,CHEMBL269087
DEC_3577,decoy,CN(C)C[C@H]1CCn2c(c(C3=C(c4cn(C)c5ccccc45)C(=O)NC3=O)c3ccccc32)C1,CHEMBL26501
DEC_1311,decoy,O=C(O)CCCCCC(=O)N1CCC2(CC1)CCN(c1ccncc1)CC2,CHEMBL277885
DEC_0093,decoy,O=[N+]([O-])c1ccc(CCCNc2ccccc2)cc1,CHEMBL31564
DEC_4459,decoy,CCCCC1=C(NC(C)=O)C(=O)c2nc3n(c2C1=O)CCC3OC(C)=O,CHEMBL28035
DEC_1650,decoy,O=C1c2ccccc2C(=O)N1C1C(=O)N(c2cc3c4ccccc4ccc3c3ccccc23)[C@H]1c1ccccc1,CHEMBL36628
DEC_2143,decoy,Cc1cc(C)cc(COCC2(c3ccccc3)CCNCC2)c1,CHEMBL277918
DEC_4394,decoy,C/C(=N\O)c1ccccc1Sc1cc(F)cc(C2CCOCC2)c1,CHEMBL25142
DEC_1028,decoy,CCCc1cc(=O)oc2c3c(c4c(c12)OC(C)(C)C=C4)O[C@H](C)C(C)(C)C3=O,CHEMBL7270
DEC_1131,decoy,O=C(O)CCC/C=C/C[C@H]1[C@H](NS(=O)(=O)c2ccc(F)cc2)C2CC1(c1ccc(-c3ccccc3)cc1)CO2,CHEMBL11013
DEC_1594,decoy,Cc1cc(C)c(NN=C2CCC(C)n3c2ncc(C(=O)O)c3=O)c(C)c1,CHEMBL14340
DEC_0806,decoy,CCCN1c2ccccc2CC1C1=NCCN1,CHEMBL38788
DEC_3057,decoy,O=C1Nc2c(C(F)(F)F)cccc2C12OCCO2,CHEMBL266316
DEC_2090,decoy,Cn1cncc1C(OCc1ccc(C#N)c(-c2ccc(Cl)cc2)n1)c1ccc(C#N)cc1,CHEMBL418059
DEC_0871,decoy,CCC(C)(C)/N=c1\c(O)c(O)\c1=N/Cc1cc(C)cc(C)c1,CHEMBL20104
DEC_1214,decoy,CCCC(=O)OCOC(=O)c1cccc2nc(OCC)n(Cc3ccc(-c4ccccc4-c4nn[nH]n4)cc3)c12,CHEMBL80220
DEC_1207,decoy,CO/N=C1/[C@@H](Cn2cncn2)[C@H](COc2ccc(OC(C)(C)C)cc2)CC[C@@]1(C)CCn1ccnc1,CHEMBL53705
DEC_1974,decoy,Cc1ccc(/C=C2\c3ncc(C)cc3CCC2(C)C)cc1,CHEMBL35472
DEC_1085,decoy,CC1CCNc2cc3oc(=O)cc(C(F)(F)F)c3cc21,CHEMBL415289
DEC_3198,decoy,NCCc1c[nH]cn1.N[C@H](COCc1ccc(Br)cc1)Cc1c[nH]cn1,CHEMBL280256
DEC_4220,decoy,OC(CN(Cc1cccc(-c2cccnc2)c1)c1cccc(Oc2ccccc2)c1)C(F)(F)F,CHEMBL44339
DEC_0132,decoy,C=CCC1(C)OC(S)=Nc2ccc(-c3cccc(Cl)c3)cc21,CHEMBL25463
DEC_3281,decoy,CCOP(=O)(OCC)C(CN1CCN(c2cc3c(cc2F)c(=O)c(C(=O)O)cn3C2CC2)CC1)P(=O)(OCC)OCC,CHEMBL306358
DEC_0860,decoy,Clc1nc(-c2ccco2)c2ncn(C3CCOCC3)c2n1,CHEMBL27623
DEC_4105,decoy,CC(=O)c1cc2c(s1)[C@@H](NC(=O)c1ccccc1)[C@H](O)C(C)(C)O2,CHEMBL31551
DEC_4467,decoy,COc1ccc(CN2C(=O)C3CC(c4ccc(N)cc4)(C3)C2=O)cc1,CHEMBL28290
DEC_4445,decoy,O=c1oc2ncccc2n1CCCCN1CCN(c2ccc(F)cc2)CC1,CHEMBL23521
DEC_0903,decoy,O=Cc1nc(-c2cc(Cl)cc(Cl)c2)c(-c2cc(Cl)cc(Cl)c2)[nH]1,CHEMBL8084
DEC_2322,decoy,Cc1cc(SC2=C(O)OC(CCc3ccc(O)cc3)(C(C)C)CC2=O)c(C(C)(C)C)cc1OS(=O)(=O)c1ccc(C#N)cc1,CHEMBL168839
DEC_4629,decoy,Cc1ccc(SCc2cnc3nc(N)nc(N)c3n2)cc1,CHEMBL23425
DEC_0038,decoy,COC1(c2csc(Sc3ccc4c(c3)CC/C4=N\OCC#N)c2)CCOCC1,CHEMBL24239
DEC_0314,decoy,c1cc(CNCc2cccc3ccccc23)cc(CNCc2cccc3ccccc23)c1,CHEMBL22361
DEC_3390,decoy,Cc1cccc(S(=O)(=O)C2(CC#Cc3ccccc3)SC(=O)NC2=O)c1,CHEMBL11834
DEC_0745,decoy,CNP1(NC)=NP(NC)(NC)=NP(N2CC2)(N2CC2)=N1,CHEMBL286049
DEC_2640,decoy,CCOC(=O)c1ccc(CCCn2ncc3c2nc(N)n2nc(-c4ccco4)nc32)cc1,CHEMBL442338
DEC_3217,decoy,CCCCN(C(C)=O)[C@H]1CCC2C3CC[C@H]4N(C)C(=O)CC[C@]4(C)C3CC[C@@]21C,CHEMBL17514
DEC_1618,decoy,CC(Oc1ccccc1C(C)C)C1=NCCN1,CHEMBL266613
DEC_0032,decoy,O=C(O)C(=O)CC(=O)c1ccc(-c2ccc(SCCc3ccncc3)cc2)cc1,CHEMBL273783
DEC_0363,decoy,CC(=O)S[C@@H]1CC2=CC(=O)CCC2(C)C2CCC3(C)C(C21)[C@@H]1C[C@@H]1[C@@]31CCC(=O)O1,CHEMBL286401
DEC_3592,decoy,Cn1c2cccc([N+](=O)[O-])c2c2ncnc(N3CCN(CCc4ccc(F)c(F)c4)CC3)c21,CHEMBL30052
DEC_1030,decoy,Cc1cc(-n2ccc(=O)[nH]c2=O)cc(C)c1Sc1ccc(Cl)cc1,CHEMBL276605
DEC_0536,decoy,O=C1CN2Cc3c(Cl)cc(N4CCCCC4)cc3N=C2N1,CHEMBL287066
DEC_2416,decoy,C/C(=N\O)c1ccc(Sc2cc(F)cc(C3CCOCC3)c2)cc1,CHEMBL25570
DEC_1787,decoy,O=c1oc(Nc2ccccc2I)nc2cc(F)ccc12,CHEMBL10435
DEC_2064,decoy,CC(C)c1cccc(C(C)C)c1OS(=O)(=O)NC(=O)OC1C2CC3CC(C2)CC1C3,CHEMBL422929
DEC_0841,decoy,COc1c(C)c(OC)c(CN)c(O)c1Cl,CHEMBL30748
DEC_1454,decoy,CCN1CCC[C@@H]2c3cccn4cc(C)c(c34)C[C@H]21,CHEMBL9918
DEC_3455,decoy,C[C@@H](Nc1nc(C(F)(F)F)nc2ccccc12)c1ccccc1,CHEMBL418173
DEC_1797,decoy,O=C1N(Cc2ccc3oc(O)nc3c2)[C@H](Cc2ccccc2)[C@H](O)[C@@H](O)[C@@H](Cc2ccccc2)N1Cc1ccc2oc(O)nc2c1,CHEMBL99033
DEC_2133,decoy,CN1CCCC[C@@H]1/C=C/C1c2ccccc2Cc2ccccc21,CHEMBL22829
ACT_094,active,CCOC(=O)[C@H](OCc1cnnn1[C@@H](CO)C(=O)OC)[C@@H](OCc1cnnn1[C@@H](CO)C(=O)OC)C(=O)OCC,CHEMBL5089124
ACT_015,active,Nc1nn2c(-c3cccs3)cc(-c3cccs3)nc2c1/N=N/c1ccc(O)cc1,CHEMBL5408465
DEC_4633,decoy,O=c1[nH]c(=S)cc(Sc2ccccc2)n1COCCO,CHEMBL31920
DEC_0422,decoy,O=C(O)C1CN(CCCCP(=O)(O)O)CCN1,CHEMBL280911
DEC_2265,decoy,Cc1cc(-c2noc(C3CC3)n2)cc(C)c1OCCCc1cc(OCCO)no1,CHEMBL29817
DEC_0632,decoy,C[C@@H]1CC[C@@]2(OC1)O[C@H]1C[C@H]3[C@@H]4CC[C@@]5(C)C[C@@H](O)CC[C@]5(C)[C@H]4CC(=O)[C@]3(C)[C@H]1[C@@H]2C,CHEMBL44125
DEC_3871,decoy,C=CCC1Oc2c(C=C)ccc(OC)c2-c2ccc3c(c21)C(C)=CC(C)(C)N3,CHEMBL415309
DEC_1325,decoy,CCCC(=O)N(Cc1ccc(C#N)cc1)c1c(NC(C)C(C)(C)C)c(=O)c1=O,CHEMBL20085
DEC_0445,decoy,O=C(CO)NC(CO)C(O)c1ccc([N+](=O)[O-])cc1,CHEMBL283565
DEC_3540,decoy,CC(C)S(=O)(=O)c1ccc(CC2CCN(C3CCN(C(=O)c4ccc(F)c5ccccc45)CC3)CC2)cc1,CHEMBL52203
DEC_1439,decoy,Cc1ccc(C)n1Nc1nnc(N2CCC(O)CC2)c2ccccc12,CHEMBL274215
DEC_1447,decoy,COOC1(OC)CCCCCCCCCCC1,CHEMBL29834
DEC_2736,decoy,CNC(=O)c1ccc(Cl)c2c(Nc3ccc(NS(C)(=O)=O)cc3NC)c3ccccc3nc12,CHEMBL299536
DEC_3482,decoy,CCN(CC)Cc1cc(Nc2cc(C(F)(F)F)nc(/N=C(\N)Nc3ccccc3)n2)ccc1O,CHEMBL283769
DEC_3221,decoy,CC(C)(C)C1CSC(c2cc([N+](=O)[O-])cc(Br)c2O)SC1,CHEMBL285631
DEC_4199,decoy,COc1ccc(-c2nc([S+]([O-])CSC)[nH]c2-c2ccc(OC)cc2)cc1,CHEMBL18648
DEC_0455,decoy,O=S1NC(Cc2cc3cc(Br)ccc3s2)=NO1,CHEMBL17707
DEC_3488,decoy,CCCCc1c(Cc2ccc(-c3ccccc3-c3nn[nH]n3)cc2)c(C(=O)O)nn1C(C)C,CHEMBL22069
DEC_4283,decoy,CC1(C)OC(S)=Nc2ccc(-c3csc(C#N)c3)cc21,CHEMBL282650
DEC_2683,decoy,C[C@H]1COc2c(N3CC(C)(N(C)C)C3)c(F)cc3c(=O)c(C(=O)O)cn1c23,CHEMBL277876
DEC_2639,decoy,CCOC(=O)c1cnc2ccc(C3(CCC(=O)OC)CCC(=O)NC3=O)cc2c1O,CHEMBL25390
DEC_1834,decoy,CCc1nc(N)nc(N)c1-c1ccc(C(C)(C)C)cc1,CHEMBL21885
DEC_0183,decoy,CN(Cc1coc2nc(N)nc(N)c12)c1cc(Cl)c(Cl)c(Cl)c1,CHEMBL278110
DEC_3849,decoy,CO[C@]12CC[C@@]3(C[C@@H]1C(C)(C)O)[C@H]1Cc4ccc(O)c5c4[C@@]3(CCN1CC1CC1)[C@H]2O5,CHEMBL281786
DEC_0162,decoy,S=C=Nc1ccc(-c2noc(C34CC5CC(CC(C5)C3)C4)n2)cc1,CHEMBL21431
DEC_2433,decoy,COc1cc2[nH]c(-c3csc4ccccc34)c(C=O)c2cc1-c1cnco1,CHEMBL23716
DEC_4469,decoy,Cc1cc(CCCOc2c(C)cc(-c3noc(C#N)n3)cc2C)on1,CHEMBL28239
DEC_4534,decoy,CC(CCC[C@H]1O[C@@H]([C@]2(C)CC[C@@H](Br)C(C)(C)O2)CC[C@]1(C)O)CC[C@H](O)[C@@]1(C)CC[C@H](C(C)(C)O)O1,CHEMBL277261
DEC_0200,decoy,Cc1c(CSc2ccc(Cl)cc2)cnc2nc(N)nc(N)c12,CHEMBL22677
DEC_0793,decoy,CCn1cc(C(=O)O)c(=O)c2c(N)c(F)c(N3CCNCC3)cc21,CHEMBL15393
ACT_013,active,Cc1c(Br)c(C)c2c(c1Br)OC(C(F)(F)F)C(C(=O)O)=C2,CHEMBL3342569
DEC_4209,decoy,CN(C)CCNC(=O)c1c2c(cc3oc4ccccc4c(=O)c13)OC(C)(C)C=C2,CHEMBL33482
DEC_2937,decoy,C#CCONC(=O)O[C@H]1[C@@H](O)[C@H](Oc2ccc3c(O)c(C(=O)Nc4cccnc4)c(=O)oc3c2C)OC(C)(C)[C@@H]1OC,CHEMBL288905
DEC_3436,decoy,O=C1CC(c2cccc(Cl)c2)Nc2ccc(N3CCCC3)cc21,CHEMBL16221
DEC_1163,decoy,Nc1nc(Br)c2ncn(C3CCC(CO)O3)c2n1,CHEMBL428539
DEC_1794,decoy,CC(C)(C)NC(=O)C(=O)Nc1ccc(-c2cnco2)c(Br)c1,CHEMBL24866
DEC_0137,decoy,CCc1ccc(C2C3=C(CCN(C)C3)c3ccc(CC)cc32)cc1,CHEMBL281853
DEC_2272,decoy,CCCN(CCCN1C(=O)CC2(CCCC2)CC1=O)C1COc2cccc(OC)c2C1,CHEMBL27650
DEC_3384,decoy,CN(C)N=Nc1ccc2c(c1)C(=O)N(C)Cc1c(C(=O)OC(C)(C)C)ncn1-2,CHEMBL6407
DEC_3641,decoy,Cc1ccc(S(=O)(=O)N/N=C/c2cc3c(cc2[N+](=O)[O-])NC(CNC(C)C)CC3)cc1,CHEMBL42113
DEC_0441,decoy,Nc1ccccc1S(=O)(=O)CC(N)C(=O)O,CHEMBL280572
DEC_2948,decoy,CC(C)c1ccc(Sc2nc(N)nc3c2ncn3CCOCP(=O)(OCC(F)(F)F)OCC(F)(F)F)cc1,CHEMBL107842
DEC_0128,decoy,c1ccc2cc(CNCc3cccc4ccccc34)ccc2c1,CHEMBL8129
DEC_1725,decoy,CC1(C)C=C(n2ccccc2=O)c2cc(S(=O)(=O)Nc3ccccc3F)ccc2O1,CHEMBL11714
DEC_2930,decoy,CC(=O)Oc1ccccc1C(=O)N[C@@H]1[C@H](O)[C@@H](CO)O[C@H]1n1cnc2c(NCc3cccc4ccccc34)ncnc21,CHEMBL304705
DEC_0273,decoy,Brc1ccc(N(CC2CC2)C2=NCCN2)c(Br)c1,CHEMBL277244
DEC_2221,decoy,O=C(O)[C@@H]1C[C@H]2C[C@@H](c3ccc(-c4nn[nH]n4)s3)CC[C@H]2CN1,CHEMBL17098
DEC_0742,decoy,COc1ccc(Oc2ccc(NC(=O)c3cc([N+](=O)[O-])ccc3O)cc2Cl)cc1,CHEMBL30263
DEC_0377,decoy,CCN(CC)c1nc(C)nc2c1sc(=O)n2-c1ccc(C(C)C)cc1Br,CHEMBL278895
DEC_4236,decoy,CC(C)c1cccc(C(C)C)c1NS(=O)(=O)NC(=O)Oc1c(C(C)C)cccc1C(C)C,CHEMBL277674
DEC_4085,decoy,CCNc1cccnc1N1CCN(Cc2cc3ccccc3[nH]2)CC1,CHEMBL7283
DEC_2106,decoy,CC(C1=C(CCN(C)C)Cc2ccccc21)c1ccccn1,CHEMBL22108
DEC_3373,decoy,CCC1(O)C(=O)OCc2c1cc1n(c2=O)Cc2c-1nc1ccc(CC#N)cc1c2C,CHEMBL10611
DEC_0514,decoy,CC(=O)N[C@@H]1CCn2c1nc1c2C(=O)C(C)=C(N2CC2)C1=O,CHEMBL20051
DEC_0729,decoy,CCOC(=O)c1ccc(-c2cc(O)c(Sc3ccccc3C(C)C)c(=O)o2)cc1,CHEMBL12768
DEC_2328,decoy,COc1ccc(N(C(=O)CN2C(=O)C(C)(Cc3nn(C)c4ccccc34)C(=O)N(c3ccccc3)c3ccccc32)C(C)C)cc1,CHEMBL316104
DEC_0153,decoy,CC(C)c1csc2c1C(N1CCN(C)CC1)=Nc1cc(F)ccc1N2,CHEMBL276753
DEC_0360,decoy,C[C@]12CC[C@]3(C1)[C@H](CC2=O)C[C@@H](OC(=O)c1ccccc1)[C@H]1[C@](C)(C(=O)O)CCC[C@@]13C,CHEMBL12514
DEC_0220,decoy,CC(=O)O[C@@H]1C(=O)O[C@H]2O[C@@]34CCCC35[C@@H](C[C@@H](C(C)(C)C)C215)OC4=O,CHEMBL24386
DEC_3688,decoy,NCCCNc1nc(-c2ccc(F)cc2)cc2ncccc12,CHEMBL30661
DEC_2093,decoy,COc1ccc([C@@H]2Sc3cc(Cl)ccc3-n3c(CN(C)C)ccc3[C@@H]2OC(C)=O)cc1,CHEMBL283244
DEC_2218,decoy,C[C@]12C=CC(=O)C=C1CCC1C2[C@@H](O)C[C@@]2(C)C1CC[C@]2(O)C(=O)CO,CHEMBL416516
DEC_0236,decoy,CCn1c2cc(N3CCN(C)CC3)c(F)cc2n2c(=O)n(O)c(=O)cc12,CHEMBL28791
DEC_0914,decoy,Cc1cc([N+](=O)[O-])ccc1/N=C(\S)Nc1ccc2c(c1)C(C)(C)CC(C)(C)S2,CHEMBL7074
DEC_0795,decoy,CN(C)CC#CCCC1SCCCS1,CHEMBL43529
DEC_1829,decoy,S=C(Nc1ccccc1)OCCCc1c[nH]cn1,CHEMBL15830
DEC_3138,decoy,Cc1cc2c(s1)Nc1ccccc1N=C2N1CCN(C)CC1,CHEMBL715
DEC_1431,decoy,N#Cc1ccc(CNc2c(NCC(F)(F)C(F)(F)F)c(=O)c2=O)cc1,CHEMBL281790
DEC_1764,decoy,C[C@@H]1CC2C3CCC4=CC(=O)C=CC4(C)[C@@]3(F)C(O)CC2(C)C1C(=O)CO,CHEMBL16829
DEC_0528,decoy,OC[C@H]1[C@H]2C[C@H]3c4cc5c(cc4CCN3C[C@H]2CC[C@H]1O)OCO5,CHEMBL29380
DEC_1859,decoy,Nc1ccc(C23CC2C(=O)N(CC2CCCCC2)C3=O)cc1,CHEMBL281947
DEC_0448,decoy,CNc1ccn(COC(CO)CO)c(=O)n1,CHEMBL37620
DEC_3721,decoy,C=CCNC(=S)Nc1ccc(-c2nnc(SCc3ccc(Cl)cc3Cl)n2-c2ccccc2)cc1,CHEMBL47881
DEC_0805,decoy,COc1cc(CC(C)N)c(OC)cc1Cl,CHEMBL8100
DEC_4100,decoy,CC(/C=C/C(O)=C1\C(=O)C2CCCN2C1=O)=C\c1ccc2ccccc2c1,CHEMBL10377
DEC_3771,decoy,NCCc1c[nH]c(CCC(c2ccccc2)c2ccccc2)n1,CHEMBL275507
DEC_4393,decoy,O=c1[nH]c2cc(Cl)ccc2c(O)c1-c1cccc(Oc2ccccc2)c1,CHEMBL31741
DEC_4454,decoy,CC(CN1CCCCC1)OC(=O)C1CCCCN1C(=O)C(=O)C(C)(C)C,CHEMBL266301
DEC_2404,decoy,CCCCc1nc(N(CCC)Cc2ccccc2)c2sccc2n1,CHEMBL31305
DEC_2109,decoy,Cc1nccn1-c1ccc(C2=CCCn3c2cnc3C)cc1,CHEMBL27771
DEC_4478,decoy,CCCCC1C(=O)N(Cc2ccccc2)c2nc3ncncc3n2C1=O,CHEMBL13339
DEC_1157,decoy,N#CC1=CC=C2C=CC=C(O)C2N1OP(=O)(O)O,CHEMBL286467
DEC_1807,decoy,CC1C/C(=N/OCC(O)CNC(C)(C)C)CC(C)(C)C1,CHEMBL24500
DEC_0385,decoy,N#Cc1ccccc1/C(O)=C/c1nc2ccc(F)cc2c(=O)n1-c1ccccc1Cl,CHEMBL19730
DEC_4066,decoy,O[C@@H]1c2cc(OCc3ccccn3)ccc2OC[C@@H]1Cc1cccnc1,CHEMBL28363
DEC_2919,decoy,CC[C@H]1OC(=O)C[C@@H](O)[C@H](C)[C@H]2OCC[C@H]2C[C@@H](C)C(=O)/C=C/C(C)=C/[C@@H]1CO[C@@H]1O[C@H](C)[C@@H](O)[C@@H](OC)[C@H]1OC,CHEMBL287813
DEC_1373,decoy,Brc1ccccc1N(CC1CC1)C1=NCCN1,CHEMBL19515
DEC_4301,decoy,C=C1C(=O)c2cc(Br)ccc2OC1c1ccccc1,CHEMBL275238
ACT_047,active,CC(=O)OCO/N=[N+](\[O-])N1CCC[C@H]1COC(=O)C(C)c1ccc(CC(C)C)cc1,CHEMBL466863
DEC_1137,decoy,CCCCc1nc2ccc(C3=NNC(=O)CC3C)cc2n1Cc1ccc(-c2ccccc2-c2nn[nH]n2)cc1,CHEMBL25989
DEC_2823,decoy,CCC1OC(/C=C/C2CC2)(C(F)(F)F)c2cc(Cl)ccc2NC1=O,CHEMBL284065
DEC_3679,decoy,CCCCOC1(C2=NCCN2)COc2ccccc2O1,CHEMBL10294
DEC_3604,decoy,COc1ccc2c3c1OC1[C@H]4OC[C@@]4(CCc4ccccc4)CC4C(C2)N(CC2CC2)CCC341,CHEMBL10111
DEC_0865,decoy,Cc1cccc(C(c2cc(C)ns2)N2CCN(C)CC2)c1,CHEMBL429770
DEC_3634,decoy,O=C1[C@@H](NS(=O)(=O)c2ccc(-c3ccccn3)s2)CCN1CCNc1ccncc1,CHEMBL267910
DEC_0969,decoy,C#CCN(CC1CCc2nc(N)nc(O)c2C1)c1ccc(C(=O)O)cc1,CHEMBL22290
ACT_028,active,O=C1Nc2ccccc2/C1=C/c1coc2ccccc2c1=O,CHEMBL3314087
DEC_2344,decoy,COc1cccc(-n2c(=O)c3c(CN(C)Cc4ccccc4)c(-c4ccc(N)cc4)sc3n(Cc3c(F)cccc3F)c2=O)c1,CHEMBL280170
DEC_1226,decoy,CCCCc1nc2ccn(CC(=O)N(CC)CC)c(=O)c2n1Cc1ccc(-c2ccccc2-c2nn[nH]n2)cc1,CHEMBL295854
DEC_2294,decoy,CN1C(=O)N(CC(COc2cccc(-c3ccc(C#N)cc3)c2)N(O)C=O)C(=O)C1(C)C,CHEMBL418437
DEC_0476,decoy,Nc1nc(N)c2nc(CCc3cccc4ccccc34)cnc2n1,CHEMBL276954
DEC_4307,decoy,Fc1ccc(C(c2ccn(-c3ccccc3)c2)n2ccnc2)cc1,CHEMBL416002
DEC_0291,decoy,CCN(CC)C(=O)[C@@H]1C=C2c3cccc4[nH]cc(c34)C[C@H]2N(C(C)C)C1,CHEMBL22893
DEC_3054,decoy,CC1=CO[C@@H]2O[C@@]3(C)CC[C@H]4[C@H](C)CC[C@@H]1[C@@]24OO3,CHEMBL279307
DEC_4594,decoy,CCn1cc(C(=O)O)c(=O)c2cc(F)c(N3CCNC(C)C3)cc21,CHEMBL274050
DEC_3096,decoy,CC(C)c1cc(/N=N/c2ccc(C(=O)O)cc2)cc(C(C)C)c1,CHEMBL274363
DEC_2649,decoy,CN(NC(=NCC(=O)O)NN(C)C(=O)OC(C)(C)C)C(=O)OC(C)(C)C,CHEMBL283132
DEC_4395,decoy,CC(C)(C)Nc1nc(C(F)(F)F)nc2ccc(-c3ccccc3)cc12,CHEMBL274924
DEC_1561,decoy,CC(C)(C)Nc1nc(C(F)(F)F)nc2ccc(NC=O)cc12,CHEMBL16063
DEC_0619,decoy,CSc1ccc(Cl)c(NC(=N)N(C)c2cccc(I)c2)c1,CHEMBL40155
DEC_0692,decoy,COC(=O)C1CC2=C(C(c3ccccc3)N1)N(C)c1ccccc1C2,CHEMBL274821
DEC_3368,decoy,O=C1Cc2cc(CCN3CCN(c4nsc5ccccc45)CC3)c(Cl)cc2N1,CHEMBL708
DEC_1281,decoy,CCNCC1CCN(c2c(F)cc3c(=O)c(C(=O)O)cn(C4CC4C)c3c2F)C1,CHEMBL6282
DEC_3348,decoy,CC1(C)C2CC[C@@]1(CS(=O)(=O)N1CCC3(CCc4ccccc43)CC1)[C@@H](N1C(=O)CC(NCCN)C1=O)C2,CHEMBL429971
DEC_3512,decoy,Ic1ccccc1CN[C@@H]1C2CCN(CC2)[C@@H]1C(c1ccccc1)c1ccccc1,CHEMBL24999
DEC_0954,decoy,CC(=O)Nc1nc(=O)n(C2CSC(CO)(CO)O2)cc1Br,CHEMBL28416
DEC_1780,decoy,CC12C=CC(=O)C=C1CCC1C2C(=O)CC2(C)C1CC[C@]2(O)C(=O)CO,CHEMBL15720
DEC_2266,decoy,CCOP(=O)(OCC)C1(P(=O)(OCC)OCC)CC(C(=O)CC)=NN1,CHEMBL418024
DEC_3962,decoy,C=CCOOC1(OOCC=C)CCCCCCCCCCC1,CHEMBL28602
DEC_0362,decoy,CN(C)CCCCn1c2ccccc2c2c3c(c4c5ccccc5cnc4c21)C(=O)NC3=O,CHEMBL283307
DEC_0690,decoy,COc1cc2c3c4c(cc5c3n(c2cc1OC)C(=O)CC5)CNCC4,CHEMBL22397
DEC_3182,decoy,O=C(NCCNCC(O)COc1cccc2c1OCCO2)c1ccc(O)cc1,CHEMBL30272
DEC_1818,decoy,CCNCC1NCC(c2ccccc2)c2ccccc21,CHEMBL6603
DEC_2296,decoy,COc1ccc(CN(C)CCCN2CCc3cc(OC)c(OC)cc3CC2=O)cc1OC,CHEMBL36435
DEC_0450,decoy,Cc1cn(COC(CO)CO)c(=O)nc1N,CHEMBL35150
DEC_2755,decoy,CCC[C@H](NC(=O)[C@@H]1[C@H]2CCC[C@H]2CN1C(=O)[C@@H](NC(=O)[C@@H](NC(=O)c1cnccn1)C(C)C)C(C)(C)C)C(=O)C(=O)NC1CC1,CHEMBL86453
DEC_2862,decoy,Oc1cc2c(cc1O)[C@H]1c3cncc(F)c3CN[C@@H]1CC2,CHEMBL26365
DEC_3597,decoy,O=[N+]([O-])c1cccc2[nH]c3c(N4CCN(CCc5ccc(F)c(F)c5)CC4)ncnc3c12,CHEMBL282156
DEC_1762,decoy,COC(=O)[C@H]1[C@H]2C[C@H]3c4[nH]c5ccccc5c4CCN3C[C@H]2CC[C@@H]1O,CHEMBL10347
DEC_1066,decoy,CCC1CCN(C)c2cc3nc(O)cc(C(F)(F)F)c3cc21,CHEMBL27945
DEC_1273,decoy,CC1CN(c2cc3c(cc2F)c(=O)c(C(=O)O)cn3C(C)(C)C)CC(C)N1,CHEMBL15417
DEC_0340,decoy,CC(NC(=O)CCc1ccccc1)C1CCC2C3CC=C4CC(O)CCC4(C)C3CCC12C,CHEMBL266331
DEC_2203,decoy,NCc1ccn(-c2cc3nc(O)c(O)nc3cc2C(F)(F)F)c1,CHEMBL12653
ACT_038,active,C/C(=C\c1ccc(N(C)C)cc1)c1cc(O)cc(O)c1,CHEMBL489489
DEC_0054,decoy,CCSC(=O)OC/C=C(\C)CCC1OC1(C)C,CHEMBL40390
DEC_3964,decoy,CCCc1ccc2c(c1CCC)CC(N(CCC)CCC)CO2,CHEMBL417290
DEC_0664,decoy,CN(C)CCOc1ccccc1/C=C(\C#N)c1noc2ccc(Cl)cc12,CHEMBL284021
DEC_3716,decoy,O=C(O)COc1ccc(-c2ccc(-c3c(Cc4ccccc4)sc4ccccc34)cc2)cc1Br,CHEMBL283635
DEC_2971,decoy,CCCCc1nc2ccc([C@H]3OC[C@@H]4ON5[C@@H](CCC5(C)C)[C@@H]43)cc2c(=O)n1Cc1ccc(-c2ccccc2-c2nn[nH]n2)cc1,CHEMBL53244
DEC_0049,decoy,CCN1C(=O)c2c(nc(Cc3ccccc3)n2Cc2ccccc2)N2C1=N[C@@H]1CCC[C@@H]12,CHEMBL282528
DEC_0621,decoy,CC(C)NC(=O)N(C(=O)[C@H]1CCC2C3CCC4NC(=O)C=C[C@]4(C)C3CC[C@@]21C)C(C)C,CHEMBL284645
DEC_1612,decoy,CCCN(CCC)C1Cc2cccc3c2N(CC3)C1,CHEMBL11963
DEC_2602,decoy,CN(C)P1(N(C)C)=NP(N(C)C)(N(C)C)=NP(N2CC2)(N2CC2)=N1,CHEMBL27881
DEC_3929,decoy,Nc1cc(Cl)c(N=C2NCCN2)c(Cl)c1,CHEMBL647
DEC_2092,decoy,CCN(CC)C(=S)SC(C(=O)c1ccc(Br)cc1)=C1SCCCS1,CHEMBL35902
DEC_3510,decoy,O=S1(=O)c2cccc3cccc(c23)N1CCCN1CCC(=C(c2ccc(F)cc2)c2ccc(F)cc2)CC1,CHEMBL84346
DEC_0267,decoy,Brc1cccc(Br)c1N(CC1CCCC1)C1=NCCN1,CHEMBL277652
DEC_0143,decoy,CC(=O)c1cc2c(Sc3ccc(C)cc3)cncc2s1,CHEMBL266708
DEC_2827,decoy,CN1CC[C@]23CCCC[C@H]2[C@H]1Cc1ccc(Oc2ccccc2O)cc13,CHEMBL277209
DEC_3993,decoy,CC1CCCC(C)N1CC(O)COC(c1ccccc1)c1ccccc1,CHEMBL274756
DEC_1077,decoy,O=C1CCc2cc3c(c4c5c(Cl)cccc5n1c24)CCNC3,CHEMBL24769
DEC_0717,decoy,CC(C)(C)c1ccc(N/N=C(\N=N\c2nnnn2-c2ccccc2)c2ccccc2)cc1,CHEMBL23069
DEC_4351,decoy,Cc1cccc(C)c1NC(=O)C(CN(C)C)N(C)C,CHEMBL10109
DEC_2857,decoy,O=NN(CCCl)C(=O)NC1CSCSC1,CHEMBL12689
DEC_1567,decoy,Cc1cc(C)c(NN=C2CCC(C)n3c2ncc(C(=O)O)c3=O)cc1C,CHEMBL441764
DEC_0547,decoy,NS(=O)(=O)Oc1ccc2c3c(c(=O)oc2c1)CCCCC3,CHEMBL286738
DEC_3963,decoy,CCOC(C)OOC1(OOC)CCCCCCCCCCC1,CHEMBL27679
DEC_3409,decoy,Cc1cc(C#N)sc1-c1ccc2c(c1)C1(CCCCC1)C(S)=N2,CHEMBL28031
DEC_2505,decoy,CC[C@@H]1Cc2cc3c(C(F)(F)F)cc(O)nc3cc2N[C@@H]1C,CHEMBL266269
DEC_3509,decoy,CCN(c1nc(C)cc(-c2ccccc2Br)n1)c1ccc(C(C)C)cc1Br,CHEMBL10237
DEC_3639,decoy,CN(CCc1ccc(Cl)c(Cl)c1)CC(O)COc1ccc(NS(C)(=O)=O)cc1,CHEMBL43527
DEC_4097,decoy,CC/C=C/C(=O)O[C@H](CC=C(C)C)C1=CC(=O)c2c(O)ccc(O)c2C1=O,CHEMBL267275
DEC_3692,decoy,Oc1nc(-c2ccccc2OCC2CC2)ncc1-c1nn[nH]n1,CHEMBL15358
DEC_4374,decoy,Clc1ccc2c(c1)[C@H]1OCC[C@H]1[C@@H](c1c[nH]c3ccc(Cl)cc13)N2,CHEMBL277263
DEC_3869,decoy,C=CCOc1cccc2c1-c1ccc3c(c1C(CC=C)O2)C(C)=CC(C)(C)N3,CHEMBL8139
DEC_0854,decoy,Cc1cc(/N=c2\c(O)c(O)\c2=N/[C@H](C)C(C)(C)C)ccc1C#N,CHEMBL18951
DEC_4524,decoy,COc1ccccc1C(=O)NCC1(c2ccccc2)CCOC(=O)CC1,CHEMBL16449
DEC_3493,decoy,O=P(O)(O)C(N[C@H](Cc1ccc(-c2ccccc2)cc1)c1nnn[nH]1)c1cccc2ccccc12,CHEMBL275222
DEC_2321,decoy,COc1ccc(-c2nc3n(Cc4ccccc4F)c(C)c(-c4cccc(S)c4)c(=O)n3c2CN(C)CCc2ccccn2)cc1,CHEMBL303621
DEC_0894,decoy,NC(=O)c1cc2c(SC3CCCCC3)cncc2s1,CHEMBL268099
DEC_3666,decoy,CCN(CC)c1ncnc2c1ncn2Cc1ccccc1F,CHEMBL268787
DEC_0348,decoy,O=C(N[C@@H](CC1CCCCC1)C(=O)O)c1ccc(Cl)c(-c2cccc(Cl)c2)c1,CHEMBL30491
DEC_3029,decoy,O=NN(CCCl)C(=O)NC1CC2CCC1C2,CHEMBL268495
DEC_1013,decoy,CN(C)CCC1=C(c2ccc(C(C)(C)C)cc2)N2CCCN=C2c2ccccc21,CHEMBL427636
DEC_1011,decoy,CCCc1cc(=O)oc2c3c(c4c(c12)OC(C)(C)C=C4)OC(C)(C)[C@H](C)C3=O,CHEMBL7305
DEC_3603,decoy,O=C1CN2CCCCC2c2c1c1ccccc1n2CCCN1CC(Br)C1=O,CHEMBL289236
DEC_4578,decoy,CCO/C(O)=C1\C(COCCn2c(C)nc3cccnc32)=NC(C)=C(C(=O)Nc2ccccn2)C1c1ccccc1Cl,CHEMBL318391
DEC_4494,decoy,CC(C)(C)NC(=O)[C@H]1CC[C@H]2[C@@H]3CC[C@H]4NC(=O)C=C[C@]4(C)[C@H]3CC[C@]12C,CHEMBL710
DEC_1863,decoy,c1ccc(C2(c3ccccc3)OCC(C3CCCCN3)O2)cc1,CHEMBL26479
DEC_0951,decoy,Cn1cc(NC(=O)c2cc([N+](=O)[O-])cn2C)cc1C(=O)NCCC(=N)N,CHEMBL273852
DEC_2890,decoy,Nc1nc(N)c2c(CSc3ccccc3)coc2n1,CHEMBL22820
DEC_1319,decoy,CC1(C)CC1C(=O)N/C(=C\CCCCSc1ncccc1O)C(=O)O,CHEMBL274188
DEC_2413,decoy,CCN(CC)CCn1c2ccccc2c2c(C)c3cnccc3c(C)c21,CHEMBL431289
DEC_2193,decoy,O=C(NO)C(NCc1cccc(C(F)(F)F)c1)c1ccccc1F,CHEMBL282858
DEC_4455,decoy,CCC1C(=O)N2C=CSC2N(Cc2cc(OC)cc(OC)c2)C1=O,CHEMBL28939
DEC_2896,decoy,O[C@@H]1CCC2CN3CCc4cc5c(cc4[C@@H]3C[C@@H]2C1)OCO5,CHEMBL29379
DEC_2917,decoy,CO[C@H]1[C@H](O)[C@H]2[C@@H](O[C@@H]1CO)n1c3ccc([N+](=O)[O-])cc3c3c4c(c5c6cc([N+](=O)[O-])ccc6n2c5c31)C(=O)NC4=O,CHEMBL27781
DEC_3529,decoy,O=C(Nc1ccc(C(=O)N2Cc3cccn3Cc3ccccc32)cn1)c1cc(-c2ccccn2)ccc1Cl,CHEMBL296619
DEC_3349,decoy,C[C@@H]1OCC[C@@H]1OC(=O)N[C@@H](Cc1ccccc1)[C@H](O)CN1C[C@H]2CCCC[C@H]2C[C@H]1C(=O)NC(C)(C)C,CHEMBL18031
DEC_4382,decoy,NC(=O)c1cc2c(Sc3ccc(-c4ccccc4)cc3)cncc2s1,CHEMBL6534
DEC_2584,decoy,O=C(C[C@H]1S[C@H](c2ccc(Cl)c(Cl)c2)N(CC(=O)NCCCN2CCOCC2)C1=O)NCc1cccc2ccccc12,CHEMBL295424
DEC_3356,decoy,C[C@@H](CN1CCN(c2cc(F)c(F)cc2F)CC1)N1C(=O)CC2(CCCC2)CC1=O,CHEMBL274864
DEC_3101,decoy,Cc1[nH]c(-c2ccccc2)c(-c2ccccc2)c1-c1ccccc1F,CHEMBL12530
DEC_1021,decoy,CN(C)/C(=N\O)c1ccc(Sc2cc(F)cc(C3CCOCC3)c2)cc1,CHEMBL24975
DEC_1329,decoy,NCCN(CCN)CCNC1CCCCCCCCCCCCCC1,CHEMBL22171
DEC_1866,decoy,Cc1cccc(C)c1NC(=O)CNC(=O)C1CC(C)(C)NC1(C)C,CHEMBL15554
DEC_3328,decoy,CC(C)(C)NC(=O)[C@@H]1C[C@@H]2CCCC[C@@H]2CN1C[C@@H](O)[C@H](Cc1ccccc1)NC(=O)O[C@H]1CO[C@H]2OCC[C@H]21,CHEMBL315403
DEC_1903,decoy,C[C@@H](O)[C@H]1C(=O)N2C(C(=O)O)=C(COC(=O)c3cn(C4CC4)c4cc(N5CCNCC5)c(F)cc4c3=O)S[C@H]12,CHEMBL308661
DEC_2222,decoy,CNCCN1Cc2cccc3c2N(CC3)c2ccccc21.O=C(O)C(=O)O,CHEMBL27625
DEC_1084,decoy,c1c[nH]c2nc(-c3ccccc3OC3CCCC3)nc-2c1,CHEMBL286042
DEC_1120,decoy,CC1(C)CNc2c(cccc2S(=O)(=O)N[C@@H](Cc2nc3ccccc3s2)C(=O)N2CCC(CCF)CC2)C1,CHEMBL286064
DEC_0822,decoy,Cc1cccc(OCCNc2ccncc2)c1,CHEMBL23243
DEC_3612,decoy,O=C1[C@@H](NS(=O)(=O)c2ccc(-c3ccccn3)s2)CCN1Cc1cc2c[nH]ccc-2n1,CHEMBL266690
DEC_2821,decoy,CCN(CC)CCNc1ccc(C)c2sc3ccccc3c(=O)c12,CHEMBL279014
DEC_1043,decoy,COc1cccc2c1CCC[C@H]2CN(C)CCc1ccc2nc(N)sc2c1,CHEMBL273874
DEC_0910,decoy,C[C@H]1C(=O)C(C)(C)Nc2ccc3c(c21)[C@H](c1cccc(F)c1)Oc1ccccc1-3,CHEMBL35525
DEC_0688,decoy,CCCCN1CCC[C@@H]1CNC(=O)c1cc(Cl)cc2c1OCCN2C,CHEMBL279729
DEC_4618,decoy,CCCn1cc(C(=O)O)c(=O)c2cc(F)c(N3CCNCC3)cc21,CHEMBL29237
DEC_0983,decoy,O=C(O)/C=C/c1cn2c3c(nc(O)c2n1)-c1cccc(CC(=O)O)c1C3,CHEMBL25404
DEC_1352,decoy,CC1c2cc3c(C(F)(F)F)cc(O)nc3cc2NC[C@@H]1C,CHEMBL436344
DEC_2138,decoy,Fc1cccc(-c2nc3n(c2-c2cccc(F)c2)CCS3)c1,CHEMBL17617
DEC_1303,decoy,CCCc1cc(I)cc(CNCCCN(C)C)c1O,CHEMBL21615
DEC_2084,decoy,Cn1cncc1C(OCc1ccc(C#N)cn1)c1ccc(C#N)c(-c2cccc3ccccc23)c1,CHEMBL43631
DEC_4103,decoy,CCS(=O)(=O)c1ccc(OC)c(-c2ccc(C(C)N3CCCC3)[nH]2)c1,CHEMBL282287
DEC_4015,decoy,C=CCNc1ccc(-c2ccc(N3CC(CNC(C)=O)OC3=O)cc2)ccc1=O,CHEMBL6519
DEC_1186,decoy,CN(C)c1ncnc2c1ncn2Cc1ccc(N)cc1,CHEMBL267866
DEC_4334,decoy,CCCOC1(C2=NCCN2)COc2ccccc2O1,CHEMBL10049
DEC_4537,decoy,CO[C@H]1CN(CC=C(Cl)Cl)C[C@H](OCC23C[C@@H]4[C@H](C)CC[C@H]4C4(C=O)CC2C=C(C(C)C)C34C(=O)O)O[C@@H]1C,CHEMBL295276
DEC_4141,decoy,Cc1cccc(C)c1OC(=O)NS(=O)(=O)Oc1c(C(C)C)cccc1C(C)C,CHEMBL24996
DEC_3164,decoy,NCCN(CCO)Cc1c2ccccc2c(CN(CCN)CCO)c2ccccc12,CHEMBL26813
DEC_3079,decoy,CCCc1c(C(C)C)nc(C(C)C)c([C@@H](C)O)c1-c1ccc(F)cc1,CHEMBL25637
DEC_0750,decoy,Nc1nc(O)c2ncn([C@H]3C[C@@H]4C[C@@](CC(=O)O)(C(=O)O)C[C@@H]4C3)c2n1,CHEMBL20331
DEC_2025,decoy,CCCNCC(=O)N1c2ccccc2N2CCc3cccc(c32)C1C,CHEMBL284648
DEC_0466,decoy,CC(/N=c1\c(O)c(O)\c1=N/c1ccc(Br)cc1)C(C)(C)C,CHEMBL278694
DEC_0156,decoy,CCc1cc2c(s1)Nc1ccc(F)cc1N=C2N1CC(C)N(C)CC1C,CHEMBL278473
DEC_3330,decoy,CCc1cn([C@@H]2O[C@H](CNC(=O)C3c4ccccc4Oc4c3cccc4C(F)(F)F)[C@@H](O)[C@@H]2F)c(=O)[nH]c1=O,CHEMBL46884
DEC_3376,decoy,Cn1c2ccncc2c2ncnc(N3CCN(CCc4ccc(F)c(F)c4)CC3)c21,CHEMBL430724
DEC_1581,decoy,CC1(C)C=C(C(=O)NCC(C)(C)NCc2cccs2)C(C)(C)N1,CHEMBL280508
DEC_2545,decoy,C=C(C)c1cc2c3c(ccc2o1)[C@@H]1COc2cc(O)ccc2[C@@H]1O3,CHEMBL6900
DEC_1592,decoy,Cc1noc(NS(=O)(=O)c2ccc3cccc(N)c3c2)c1C,CHEMBL283879
DEC_0521,decoy,C[S+]([O-])c1c(Cl)cc(-n2ncc(=O)[nH]c2=O)cc1Cl,CHEMBL27068
DEC_1616,decoy,c1cnc(NC23CC4CC(CC(C4)C2)C3)nc1,CHEMBL274035
DEC_1185,decoy,Nc1ncnc2c1ncn2CC/C=C/P(=O)(O)O,CHEMBL282207
DEC_4107,decoy,CCCc1cc(=O)oc2c3c(c4c(c12)OC(C)(C)C=C4)OC[C@H](C)[C@H]3O,CHEMBL269062
DEC_2675,decoy,CCn1cc(C(=O)O)c(=O)c2cc(C(C)=O)c(N3CCNCC3)cc21,CHEMBL29570
DEC_0682,decoy,CCC(=O)N1N=C(c2ccc(N)cc2)c2cc3c(cc2CC1C)OCO3,CHEMBL8845
DEC_3228,decoy,Fc1ccc([C@H]2OCO[C@]2(Cn2cncn2)c2ccc(Cl)cc2Cl)cc1,CHEMBL266615
DEC_0030,decoy,CCC(=O)N(c1ccc(Cl)c(Cl)c1)C1CCCC1N(C)CCN(C)C,CHEMBL21774
DEC_0893,decoy,CC[C@]1(c2cccc([N+](=O)[O-])c2)OC[C@H]([C@@H]2CCCCN2)O1,CHEMBL26840
DEC_0506,decoy,CC(C)CCc1nc2c([nH]1)N1C(=N[C@@H]3CCC[C@@H]31)N(C)C2=O,CHEMBL18744
DEC_2980,decoy,CCCCc1nc2ccc(C3CC(c4cc(C)co4)=NO3)cc2c(=O)n1Cc1ccc(-c2ccccc2-c2nn[nH]n2)cc1,CHEMBL297583
DEC_2048,decoy,COc1cccc2c1CCC[C@H]2CN(C)CCc1ccc2c(c1)CCN2,CHEMBL276236
DEC_0599,decoy,Cc1c(CN(C)c2ccc(C(=O)NC(CCC(=O)O)C(=O)O)cc2)cnc2nc(N)nc(N)c12,CHEMBL12094
DEC_1868,decoy,N=C(N)N(CC1CC1)c1c(Br)cccc1Br,CHEMBL278629
DEC_3547,decoy,Cc1nnc2n1-c1sc(CCc3ccc(C4CCCCC4)cc3)cc1C(c1ccccc1Cl)=NC2,CHEMBL432850
DEC_0833,decoy,CCc1ccc(O)c(C(=O)c2cccn2C)c1,CHEMBL27886
DEC_0988,decoy,NC1CCN(c2c(F)c(O)c3c(=O)c(C(=O)O)cn(C4CC4)c3c2F)C1,CHEMBL15579
DEC_1844,decoy,CC(C)(C)Nc1nc(C(F)(F)F)nc2ccc(O)cc12,CHEMBL16294
DEC_2702,decoy,N=C(N)c1cc(/C=C\C(=O)Nc2ccc(-c3ccccc3S(N)(=O)=O)cc2)ccc1F,CHEMBL36882
DEC_1161,decoy,CC1CC(O)C(NC(=O)N(CCCl)N=O)C(O)C1,CHEMBL274218
DEC_3019,decoy,Cn1c(=O)[nH]c2[nH]c(-c3ccc(S(=O)(=O)Oc4ccc([N+](=O)[O-])cc4)cc3)nc2c1=O,CHEMBL417601
DEC_0349,decoy,CN1C[C@H](CNC(=O)OCc2ccccc2)C[C@@H]2c3cc(C(C)(C)C)cc4[nH]cc(c34)C[C@H]21,CHEMBL429051
DEC_1257,decoy,CC1CN(c2cc3c(cc2F)c(=O)c(C(=O)O)cn3C2CCC2)CC(C)N1,CHEMBL14866
DEC_1409,decoy,CN(Cc1coc2nc(N)nc(N)c12)c1ccc2ccccc2c1,CHEMBL22561
ACT_069,active,N#Cc1ccc(-c2cs/c(=N\C(=O)c3cccs3)n2-c2ccccc2)cc1,CHEMBL5272671
DEC_1846,decoy,CC(C)c1ccc(C2NC(=O)c3cccnc3N2)cc1,CHEMBL268379
DEC_1128,decoy,CCC1CCN(C(=O)C(Cc2nc3ccccc3s2)NS(=O)(=O)c2cccc3c2NCC(C)(C)C3)CC1,CHEMBL39375
DEC_3876,decoy,C(=C/c1ccccc1)\CN(Cc1cccc2ccccc12)C1CCCCC1,CHEMBL21426
DEC_4630,decoy,O=C(O)c1ccc2oc3ccc([S+]([O-])CCO)cc3c(=O)c2c1,CHEMBL25660
DEC_2081,decoy,CC1(C)COP(=O)(C(CCC(=O)c2cccc(F)c2)P2(=O)OCC(C)(C)CO2)OC1,CHEMBL418157
DEC_1988,decoy,N=C(Nc1ccc2ccc3cccnc3c2n1)c1ccccc1,CHEMBL19485
DEC_1978,decoy,C#C[C@]1(O)CC[C@H]2[C@@H]3CCc4cc(O)ccc4[C@H]3CC[C@@]21C,CHEMBL691
DEC_1278,decoy,CC(CCn1c(=O)oc2ncccc21)N1CCN(c2ccc(F)cc2)CC1,CHEMBL23925
DEC_3457,decoy,Cc1cc(CC#N)cc(-c2c(O)nc3cc(Cl)c([N+](=O)[O-])cc3c2OCCC2CCCCN2)c1,CHEMBL298278
DEC_1510,decoy,COc1ccc(CNc2nnc(N3CCC(O)CC3)c3ccc(C#N)cc23)cc1Cl,CHEMBL266960
DEC_0566,decoy,N[C@H]1CC[C@H](CNC(=O)C2C=CCn3c(=O)n(C(CSC4CCCCC4)C(=O)O)c(=O)n32)CC1,CHEMBL32538
DEC_4266,decoy,O=C1Nc2ccc(F)cc2C(C#Cc2ccoc2)(C(F)(F)F)O1,CHEMBL430123
DEC_2549,decoy,CC[C@H]1OC(=O)CC(O)[C@H](C)[C@@H](O[C@@H]2O[C@H](C)C[C@H](N(C)C)[C@H]2O)[C@@H](CCN(CC)CC)C[C@@H](C)C(=O)/C=C/C(C)=C/[C@@H]1C,CHEMBL266373
DEC_3313,decoy,COC(=O)C(O)C(O)(CCCC(C)C)C(=O)O[C@@H]1C(OC)=C[C@]23CCCN2CCc2cc4c(cc2[C@H]13)OCO4,CHEMBL10308
DEC_2586,decoy,CC(C)[C@H]1[C@@H](OC(=O)N[C@@H](Cc2ccccc2)[C@H](O)CN2C[C@H]3CCCC[C@H]3C[C@H]2C(=O)NC(C)(C)C)CCS1(=O)=O,CHEMBL261340
DEC_3797,decoy,c1cc(N2CCN(CC3CCCCC3)CC2)c2occc2c1,CHEMBL27655
DEC_4028,decoy,CC(=O)Nc1ccc(CCn2ncc3c2nc(N)n2nc(-c4ccco4)nc32)cc1,CHEMBL22500
DEC_2028,decoy,Nc1nc(N)c2nc(Sc3ccc4ccccc4c3)cnc2n1,CHEMBL6618
DEC_1841,decoy,CN1CC=C(c2c[nH]c3ccc(-c4ccncc4)cc23)CC1,CHEMBL282799
DEC_4572,decoy,Cc1cccc(C)c1OCC(=O)N[C@@H](Cc1ccccc1)[C@H](O)CN1CC[C@@H](SCc2ccncc2)C[C@H]1C(=O)NC(C)(C)C,CHEMBL13217
DEC_4614,decoy,OCCNc1nc2ccc(Cl)cc2c2nc(-c3ccco3)nn12,CHEMBL268867
DEC_4489,decoy,CC(C)(C)OC(=O)c1ncn2c1CN(C(=O)N1CCCCC1)c1ccccc1-2,CHEMBL15079
DEC_3908,decoy,Cc1ccc(-c2nc(SC(F)(F)C(F)F)[nH]c2-c2ccc(C)cc2)cc1,CHEMBL18039
DEC_3745,decoy,CC1(CCCCN2CCc3ccccc3C2)COC(c2nc(-c3ccccc3)c(-c3ccccc3)[nH]2)OC1,CHEMBL33054
DEC_1949,decoy,C1CCCCCC2(CCCCC1)OOCCCOO2,CHEMBL30214
DEC_1545,decoy,CNC(=O)c1sc(C(C)(C)C)cc1NC(=O)Nc1ccc(F)cc1,CHEMBL279128
DEC_1986,decoy,CC1OC(S)=Nc2ccc(-c3cccc(F)c3)cc21,CHEMBL24913
DEC_3449,decoy,C=CCN1CCCC[C@H]1[C@H]1COC(c2ccccc2)(c2ccccc2)O1,CHEMBL27830
DEC_3554,decoy,COc1ccccc1N1CCN(C(=O)CCc2c(-c3ccc(C(C)C)cc3)n(C)c3ccc(C)cc23)CC1,CHEMBL21813
DEC_1398,decoy,C[C@@H]1[C@@H](N)CN1c1c(F)cc2c(=O)c(C(=O)O)cn(C3CC3)c2c1Cl,CHEMBL279221
DEC_4014,decoy,COc1cc2c(cc1OC)C(C)=[N+]([O-])C(c1cc3c(cc1[N+](=O)[O-])OCO3)N2,CHEMBL285607
DEC_4337,decoy,O=c1oc(Br)ccc1Cc1ccccc1,CHEMBL279537
DEC_1429,decoy,CCn1cc(C(=O)O)c(=O)c2cc(F)c(N3CCC(N(C)C)CC3)cc21,CHEMBL28748
DEC_1514,decoy,CCC(C)(O)C#Cc1nc(NCc2ccc(OC)c(OC)c2)c2ncn(C(C)C)c2n1,CHEMBL281525
DEC_2829,decoy,CCC(=O)N(c1ccc(Cl)c(Cl)c1)C1CCCCCCC1N(C)C,CHEMBL20624
DEC_0428,decoy,O=C(O)CNCc1cccc(P(=O)(O)O)c1,CHEMBL29688
DEC_0387,decoy,C[C@@H]1C(=O)C(C)(C)Nc2ccc3c(c21)[C@H](c1ccc(Cl)cc1)Oc1ccccc1-3,CHEMBL35429
DEC_3285,decoy,CSc1cnc(OCCOc2ncnc(NS(=O)(=O)c3ccc(C(C)(C)C)cc3)c2-c2ccc(C(=O)O)cc2)nc1,CHEMBL115871
DEC_4218,decoy,Cc1ccc(CN(CC(O)C(F)(F)F)c2cccc(Oc3ccccc3)c2)cc1-c1ccco1,CHEMBL42381
DEC_1745,decoy,CN1CCC23c4c5ccc(OC(C)(C)C)c4O[C@H]2[C@@H](O)C=CC3C1C5,CHEMBL22919
DEC_1966,decoy,CC1CCNc2cc3nc(O)cc(C(F)(F)F)c3cc21,CHEMBL283449
DEC_4253,decoy,C=C1/C(=C\C=C2/CCCC3(C)C2CCC3[C@H](C)/C=C/CCCC(C)(C)O)C[C@@H](O)C[C@@H]1O,CHEMBL35032
DEC_3177,decoy,CNCCNc1ccc2c3c(nn2CCNCCO)-c2c(O)ccc(O)c2C(=O)c13,CHEMBL24329
DEC_4396,decoy,Cc1c(-c2ccc(O)cc2)n(Cc2ccccc2Cl)c2ccc(O)cc12,CHEMBL30030
DEC_3914,decoy,NS(=O)(=O)OC[C@@]12CCCC[C@@H]1CCC2,CHEMBL26301
DEC_1385,decoy,Cc1ncc2n1CCC=C2c1ccc(-n2ccnc2)cc1,CHEMBL27772
DEC_0698,decoy,CCCN1CCN(Cc2ccccc2)CC12COc1cccc(OC)c1C2,CHEMBL275481
DEC_2202,decoy,CC1(C)Oc2ccc(C#N)cc2[C@@H](Nc2n[s+]([O-])nc2N)[C@@H]1O,CHEMBL279946
DEC_2236,decoy,Cc1noc(NS(=O)(=O)c2ccc(NC(=O)CN)cc2)c1C,CHEMBL26470
DEC_0110,decoy,C=CCN1CCc2ccccc2C1c1ccc2ccccc2c1,CHEMBL21633
DEC_2970,decoy,CO/N=C(\COCc1noc(C(C)(C)C)n1)C(CCN1CCC(O)(c2ccccc2)CC1)c1ccc(Cl)c(Cl)c1,CHEMBL33106
DEC_4198,decoy,COc1ccc(-c2nc(SC[S+](C)[O-])[nH]c2-c2ccc(OC)cc2)cc1,CHEMBL18335
DEC_2310,decoy,CN(Cc1ccc(-c2ccc(C(F)(F)F)cc2)cc1)C(=O)Cn1cc(Cc2cnn(C)c2)c(=O)nc1SCc1ccc(F)cc1,CHEMBL153752
DEC_1552,decoy,CCC(C)(C)/N=c1\c(O)c(O)\c1=N/Cc1ccc(SC)cc1,CHEMBL19720
DEC_3352,decoy,CC(C)(C)NC(=O)[C@@H]1C[C@@H]2CCCC[C@@H]2CN1C[C@@H](O)[C@H](Cc1ccccc1)NC(=O)O[C@H]1CCS(=O)(=O)C1,CHEMBL273317
DEC_3656,decoy,CC(C)(C)C12COC(C3=CC(=O)C=CC3=[N+]=[N-])(OC1)OC2,CHEMBL431294
DEC_0449,decoy,N/N=C(\NN)N[C@@H](Cc1ccccc1)C(=O)O,CHEMBL22019
DEC_1666,decoy,CC(=O)[C@@]12OC(C)(c3ccc(N=[N+]=[N-])cc3)O[C@@H]1CC1C3CCC4=CC(=O)CC[C@]4(C)C3CC[C@@]12C,CHEMBL417252
DEC_0341,decoy,C=C1/C(=C\C=C2/CCCC3(C)C2CCC3[C@H](C)/C=C/CCC(C)(C)O)C[C@@H](O)C[C@@H]1O,CHEMBL35428
DEC_3431,decoy,CCCc1cc(C)c2oc(Cc3ccc(OC)cc3)c(C)c2c1O,CHEMBL18394
DEC_4018,decoy,CCNCC1CCN(c2c(F)c(N)c3c(=O)c(C(=O)O)cn(CC)c3c2Cl)C1,CHEMBL15547
DEC_4543,decoy,O=S(=O)(Nc1ccc(CCNC[C@H](O)c2cccnc2)cc1)c1ccc(-c2coc(COc3ccc(F)cc3)n2)cc1,CHEMBL37335
DEC_3741,decoy,CN(CC#CCCC1(C2(O)c3ccccc3Sc3ccccc32)SCCCS1)CCCc1ccccc1,CHEMBL287759
DEC_1928,decoy,C=C[C@@]1(C)CC(=O)[C@]2(O)C3(C)C(C(O)C(OC(=O)CNC(=O)OC(C)(C)C)[C@@]2(C)O1)C(C)(C)CC[C@@H]3O,CHEMBL54561
DEC_1053,decoy,COc1nc(C(Cl)(Cl)Cl)c(Cl)c(OC)c1Cl,CHEMBL273124
DEC_2348,decoy,CCSCc1ccc2c(c1)c1c3c(c4c5cc(CSCC)ccc5n5c4c1n2C1C[C@](O)(C(=O)OC)[C@]5(C)O1)CNC3=O,CHEMBL299496
DEC_0100,decoy,CCC(C)CN(C)/N=N/c1ccc(C(=O)O)cc1,CHEMBL268460
DEC_2641,decoy,CCOC(=O)Oc1ccc2cc(S(=O)(=O)C3SC(=O)NC3=O)ccc2c1,CHEMBL284459
DEC_2290,decoy,COc1ccccc1N1CCN(CCCCNC(=O)c2sccc2Cl)CC1,CHEMBL23315
DEC_3045,decoy,O=S1NC(Cc2cc3ccccc3s2)=NO1,CHEMBL17854
DEC_3479,decoy,CN(C)CCCNc1ncc2cc(-c3c(Cl)cccc3Cl)c(NC(=O)NC(C)(C)C)nc2n1,CHEMBL294438
DEC_2657,decoy,CCN1CC2(CCN(CC(O)C3COc4ccccc4O3)CC2)OC1=O,CHEMBL27382
DEC_3158,decoy,CC(C)(C)OC(=O)NCCNC(=NCC(=O)O)NCCNC(=O)OC(C)(C)C,CHEMBL22179
DEC_1511,decoy,CSc1c(Cl)nc(NCc2ccc(F)cc2)nc1N1CCN(C)CC1,CHEMBL32914
DEC_0269,decoy,COC(=O)C1=C(C)N=C(C)/C(=C(\O)OC)C1c1c(F)c(F)c(F)c(F)c1F,CHEMBL24716
DEC_4516,decoy,CN(C(=O)c1ccc(F)cc1)C1c2cc(C#N)ccc2OC(C)(C)[C@H]1O,CHEMBL16317
DEC_2564,decoy,CC(C)CCN(C[C@@H](O)[C@@H]1Cc2ccc(cc2)OCCCCCC(=O)N[C@@H](C(C)C)C(=O)N1)S(=O)(=O)c1cccc([N+](=O)[O-])c1,CHEMBL44787
DEC_4590,decoy,O=c1cc(Sc2ccccc2)n(COCCO)c(=S)[nH]1,CHEMBL282795
DEC_1943,decoy,COC(=O)C(CSc1cccc2ccccc12)n1c(=O)n2n(c1=O)C(C(=O)NC[C@H]1CC[C@H](N)CC1)C=CC2,CHEMBL33354
DEC_1813,decoy,Oc1cc(O)c2cc(-c3ccc(O)c(F)c3)sc2c1,CHEMBL280645
DEC_2009,decoy,O=C(c1cc2ccccc2[nH]1)c1cc2cc(OC(=O)C3CCC3)ccc2[nH]1,CHEMBL7496
DEC_1941,decoy,N#Cc1cccc(NC(=O)NC(=O)N2CCN(C(=O)CN3C(=O)C(=O)c4cc(OC(F)(F)F)ccc43)CC2)c1,CHEMBL313967
DEC_0553,decoy,C[C@@H](O)[C@H]1C(=O)N2C(C(=O)O)=C(S[C@@H]3CN[C@@H](c4ccc(C(N)C(N)=O)cc4)C3)[C@H](C)[C@H]12,CHEMBL18137
DEC_3267,decoy,COc1ccc2nc(NCCCN3CCN(CCCNc4nc5ccc(OC)nc5n5cccc45)CC3)c3cccn3c2n1,CHEMBL61590
DEC_4204,decoy,COc1cc(OC)cc([C@@H]2c3cc4c(cc3N[C@@H]3COC(=O)N23)OCCO4)c1,CHEMBL9091
DEC_2267,decoy,CCCN(CCCCN1C(=O)CC2(CCCC2)CC1=O)C1COc2cccc(OC)c2C1,CHEMBL11592
DEC_4051,decoy,COc1ccc(C(F)(F)F)cc1N(C)Cc1cnc2nc(N)nc(N)c2c1C,CHEMBL23076
DEC_0555,decoy,C[C@@H](O)[C@H]1C(=O)N2C(C(=O)O)=C(S[C@@H]3CN[C@@H](c4ccc(CNCCO)cc4)C3)[C@H](C)[C@H]12,CHEMBL277773
DEC_3872,decoy,CCCCC1=C(c2ccc(C(C)(C)C)cc2)N2CCCN=C2c2ccccc21,CHEMBL10243
DEC_1613,decoy,CC1=C/C(=N/n2cccc2)C=C/C1=N/n1cccc1,CHEMBL277181
DEC_1474,decoy,Cc1cc(C)nc(NC23CC4CC(CC(C4)C2)C3)c1,CHEMBL19455
DEC_1089,decoy,CSc1sc(-c2ccncc2)c2c1C(=O)CC(C)(C)C2,CHEMBL276508
DEC_3257,decoy,Nc1nc(Sc2ccc(OC(F)(F)F)cc2)c2ncn(CCOCP(=O)(OCC(F)(F)F)OCC(F)(F)F)c2n1,CHEMBL107299
DEC_0297,decoy,Cc1c2cnccc2c(C)c2c1c1ccccc1n2CCN1CCOCC1,CHEMBL283210
DEC_0478,decoy,CCCCC[C@H](O)/C=C/C1C(=O)C[C@@H]2OC(=O)CCC/C=C\C[C@H]12,CHEMBL12321
DEC_0916,decoy,C[C@H]1CC(C)(C)Nc2ccc3c(c21)[C@H](c1ccc(Cl)cc1)Oc1ccccc1-3,CHEMBL286822
DEC_1742,decoy,O=S1O[C@H](c2ccc(Cl)cc2)[C@@](Cn2cncn2)(c2ccc(Cl)cc2Cl)O1,CHEMBL10200
DEC_3068,decoy,CCCC1(C2=NCCN2)CN(C)c2ccccc2O1,CHEMBL13721
DEC_0402,decoy,N/C(=N/CCCC(N)[PH](=O)O)N[N+](=O)[O-],CHEMBL6573
DEC_1811,decoy,CCCNCc1cccc(Br)c1.Cl,CHEMBL13237
DEC_2787,decoy,CC(C)(C)NC(=O)c1ccccc1C[C@@H](O)[C@H](Cc1ccccc1)NC(=O)[C@H](CS(=O)(=O)c1ccccn1)NS(C)(=O)=O,CHEMBL273437
DEC_2365,decoy,O=C1N[C@@H]2CCCC[C@H]2N1C1CCN(C2CCCCCCC2)CC1,CHEMBL284217
DEC_0335,decoy,Oc1cc(NC[C@@H]2CCC[C@@H]2NCc2ccc(Cl)c(Cl)c2)nc2ccccc12,CHEMBL276998
DEC_4355,decoy,O=C1C=CC(c2[nH]c3ccccc3c2C2=CCNCC2)=NC1,CHEMBL281090
DEC_2010,decoy,CC(C)CCOC1(C(F)(F)F)OC(=O)Nc2ccc(Cl)cc21,CHEMBL17644
DEC_3282,decoy,COc1cc([C@@H](O)[C@H]2C(=O)O[C@@H](OC3CC(C)CCC3C(C)C)[C@@H]2C(=O)c2ccc3c(c2OC)OCO3)cc(OC)c1OC,CHEMBL302952
DEC_0436,decoy,NC(Cc1ccccc1P(=O)(O)O)C(=O)O,CHEMBL28582
DEC_3350,decoy,C[C@H]1OCC[C@H]1OC(=O)N[C@@H](Cc1ccccc1)[C@H](O)CN1C[C@H]2CCCC[C@H]2C[C@H]1C(=O)NC(C)(C)C,CHEMBL18253
DEC_1315,decoy,C=C(c1cc(C)cc(C)c1OCC(O)CNC(C)(C)C)n1ccnc1,CHEMBL15454
DEC_4608,decoy,O=C(O)c1cn(C2CC2)c2cc(N3CCNCC3)c(F)cc2c1=O,CHEMBL8
DEC_3133,decoy,COc1cc(CC(C)N)c(OC)cc1Br,CHEMBL6607
DEC_4186,decoy,COc1ccccc1CNc1nc(Cl)c(SC)c(N2CCN(C)CC2)n1,CHEMBL285690
DEC_1294,decoy,CC(/N=c1\c(O)c(O)\c1=N/c1ccc(C#N)cc1)c1ccc(OC(F)(F)F)cc1,CHEMBL18963
DEC_0736,decoy,COc1cc2ncc(C#N)c(Nc3ccccc3Oc3ccccc3)c2cc1OC,CHEMBL286244
DEC_1803,decoy,CN(C)C1CCc2[nH]c3c(ccc4[nH]ccc43)c2C1,CHEMBL36349
DEC_3602,decoy,CCN1C(=O)c2c(nc(Cc3ccccc3)n2Cc2ccc(N)cc2)N2C1=N[C@@H]1CCC[C@@H]12,CHEMBL24691
DEC_1603,decoy,COc1cc(OC)c(SC)cc1CC(C)N,CHEMBL31787
DEC_1701,decoy,CN(C)CCCn1c2ccccc2c2c3c(c4c5ccccc5cnc4c21)C(=O)NC3=O,CHEMBL21042
DEC_4013,decoy,Oc1ccc2c3c1O[C@H]1[C@H](N=C=S)CCC4(O)C(C2)N(CC2CC2)CCC314,CHEMBL21068
DEC_3115,decoy,CN1C(=O)N(c2ccc(C#N)c(C(F)(F)F)c2)C(=O)C1(C)C,CHEMBL428309
DEC_0199,decoy,COc1ccc([C@]23OC[C@H](Cc4cc5c(cc42)OCO5)[C@@H]3C)cc1OC,CHEMBL274285
DEC_3140,decoy,c1ccc(CN2CCc3ccccc3C2Cn2cncn2)cc1,CHEMBL440652
DEC_1119,decoy,CO[C@H]1CN(CC=C(C)C)C[C@H](OCC23C[C@@H]4[C@H](C)CC[C@H]4C4(C=O)CC2C=C(C(C)C)C34C(=O)O)O[C@@H]1C,CHEMBL295129
DEC_2530,decoy,CC1(C)OC(S)=Nc2ccc(-c3cc(C#N)cc(C#N)c3)cc21,CHEMBL429056
DEC_0904,decoy,CC1(C)OC(S)=Nc2c(Br)cc(-c3ccc(Cl)c(F)c3)cc21,CHEMBL283982
DEC_1879,decoy,CC(C)=CCOC1(C(F)(F)F)OC(=O)Nc2ccc(F)c(F)c21,CHEMBL17919
DEC_3317,decoy,CN(C)CCNC1CC(=O)N([C@H]2CC3CC[C@]2(CS(=O)(=O)N2CCC4(CCc5ccccc54)CC2)C3(C)C)C1=O,CHEMBL417458
DEC_1087,decoy,CCc1cc2c(s1)CN(CC)CC2c1ccc(C)cc1,CHEMBL15793
DEC_3651,decoy,O=C1OCCN1CCNc1ccc2c3c(nn2CCNCCO)-c2ccccc2Sc13,CHEMBL418425
DEC_1940,decoy,CN(C)C(=O)Oc1ccc(C[C@H](NC(=O)[C@H]2N(S(=O)(=O)c3ccn(C)n3)CSC2(C)C)C(=O)O)cc1,CHEMBL287991
DEC_0025,decoy,Cc1cc(C(c2ccc(C(C)C)cc2)N2CCN(S(C)(=O)=O)CC2)sn1,CHEMBL279899
DEC_2638,decoy,CSc1nc2nc(NS(=O)(=O)c3ccc(Cl)cc3)nn2c(N)c1C#N,CHEMBL273513
DEC_2244,decoy,CCCC1CCN([C@@H]2C=C(C(=O)O)C[C@H](N)[C@H]2NC(C)=O)CC1,CHEMBL22943
DEC_0764,decoy,CCn1cc(C(=O)O)c(=O)c2c(N)c(F)c(N3CCNC(C)C3)c(F)c21,CHEMBL15608
DEC_0985,decoy,Cc1cc(C)c(-c2csc(NC(=O)C(=O)O)n2)c(O)c1.NCCO,CHEMBL16074
DEC_2263,decoy,CCN(CC)CCn1nc2c3c(c(CNS(C)(=O)=O)ccc31)Sc1ccccc1-2,CHEMBL25908
DEC_3000,decoy,COC12[C@@H]3N[C@@H]3CN1C1=C(C(=O)C(N3CCSCC3)=C(C)C1=O)[C@@H]2COC(N)=O,CHEMBL35442
DEC_3837,decoy,CC1=C(C(=O)OC(c2ccccc2)c2ccccc2)N2C(=O)[C@@H](NC3=NCC(C)N3)C2SC1,CHEMBL269316
DEC_0017,decoy,O=C1CC2(CCCC2)CC(=O)N1CCCCNC[C@H]1COc2ccccc2O1,CHEMBL12129
DEC_2864,decoy,Cc1ccc(C)n1Nc1ccc(N2CCC(O)CC2)nn1,CHEMBL11464
DEC_4538,decoy,CC[C@H](C)C(=O)O[C@H]1C[C@@H](C)C=C2C=C[C@H](C)[C@H](CC[C@@H]3C[C@H](CC(=O)NC)N(Cc4ccc(C(=O)NC)cc4)C(=O)O3)[C@H]21,CHEMBL420587
DEC_1283,decoy,CCC(C)(C)/N=c1\c(O)c(O)\c1=N/Cc1c(C)cc(Br)cc1C,CHEMBL19620
DEC_4226,decoy,Cc1cc(C)c(NC(=O)C(C)(C)CCCCCOc2ccc(Cl)cc2)c2c1CC(C)(C)O2,CHEMBL553566
DEC_4481,decoy,N#Cc1c(-c2ccc(F)cc2)c(-c2ccc(F)cc2)nn(CCO)c1=O,CHEMBL287584
DEC_2759,decoy,CCCC(NC(=O)[C@@H]1[C@H]2CCC[C@H]2CN1C(=O)[C@@H](NC(=O)[C@@H](NC(=O)c1cnccn1)C(C)C)C(C)C)C(=O)C(=O)N[C@@H](C)CC,CHEMBL86151
DEC_2279,decoy,COc1cc(O)c2c(c1)C(=O)c1cc(CN(CCCl)CCCl)cc(OC)c1C2=O,CHEMBL40977
DEC_2325,decoy,Cc1nc2c(OCc3c(Cl)ccc(N(C)C(=O)CNC(=O)/C=C/c4ccc(C(F)(F)F)cc4)c3Cl)cccc2s1,CHEMBL112991
DEC_0591,decoy,CC(=O)OCC1=C(C(=O)OC(C)(C)C)N2C(=O)[C@@H](Nc3nc4cc(N)ccc4[nH]3)C2SC1,CHEMBL13758
DEC_1959,decoy,C=C[C@@H]1C2CCC(C[C@@H]1c1ccc(Cl)cc1)N2C,CHEMBL281288
DEC_3579,decoy,CC(=O)N1CCc2c(sc(NC(=O)C(C)Br)c2C(=O)c2ccccc2Cl)C1,CHEMBL296433
DEC_3534,decoy,CC(=O)N1CCc2c(sc(N(CC3CCCCC3)CC3CCCCC3)c2C(=O)c2ccccc2Cl)C1,CHEMBL44186
DEC_4285,decoy,CN1Cc2sc([N+](=O)[O-])cc2C(c2ccc(Cl)cc2)C1,CHEMBL15949
DEC_0413,decoy,NC(=O)c1cn(COCCO)c2ncnc(N)c12,CHEMBL34163
DEC_2535,decoy,c1ccc2c3nc(C4CCCC4)nc-3c(NC3CCCC3)[nH]c2c1,CHEMBL19095
DEC_3662,decoy,CN(C=O)c1ncnc2c1ncn2Cc1ccccc1F,CHEMBL7238
DEC_0705,decoy,Cc1cc(SC2=C(O)OC(C)(CCc3ccc(O)cc3)CC2=O)c(C(C)(C)C)cc1N,CHEMBL37755
DEC_3243,decoy,CCCc1cc(=O)oc2c3c(c4c(c12)OC(C)(C)C=C4)O[C@H](CC)[C@H](C)[C@@H]3O,CHEMBL267208
DEC_2558,decoy,CCN(CC)CCN(CC)Cc1cccc(C(=O)OCC(=O)[C@@]2(O)CCC3C4CCC5=CC(=O)CCC5(C)C4C(O)CC32C)c1,CHEMBL306920
DEC_3179,decoy,C=CCc1cc(CC(N)=O)ccc1OCC(O)C(C)NC(C)(C)C.O=C(O)C(=O)O,CHEMBL29242
DEC_3740,decoy,Cc1[nH]cnc1CN1c2ccccc2CN(S(=O)(=O)c2ccc(C(C)(C)C)cc2)CC1CCc1ccccc1,CHEMBL8153
DEC_1318,decoy,CCN(CC)CCn1nc2c3c(c(CN)ccc31)Sc1ccc(OC)cc1-2,CHEMBL27064
DEC_0824,decoy,CC(C)c1ccc(Oc2cnc(O)nc2)cc1,CHEMBL8403
DEC_1222,decoy,COC(=O)C(Cc1ccc(N(CCCl)CCCl)cc1)NC(=O)CC(C)(C)C1=C(C)C(=O)C(C)=CC1=O,CHEMBL78825
DEC_3945,decoy,C[C@@H]1C=C2c3cccc4c3[C@@H](CN4)C[C@H]2N(C)C1,CHEMBL37867
DEC_0575,decoy,CCN(CC)C(=O)[C@@H]1C=C2c3cccc4[nH]cc(c34)C[C@H]2N(C)C1.O=C(O)C(O)C(O)C(=O)O,CHEMBL269421
DEC_4191,decoy,COc1ccc2c(c1)S(=O)(=O)N(COC(=O)c1c(Cl)cccc1Cl)C2=O,CHEMBL274347
DEC_2912,decoy,CC[C@H]1OC(=O)/C(C)=C/[C@H](C)[C@@H](O[C@@H]2O[C@H](C)C[C@H](N(C)C)[C@H]2O)[C@@](C)(OC)C[C@@H](C)C(=O)[C@@H](C)[C@H]2N(N)C(=O)O[C@]12C,CHEMBL43315
DEC_2023,decoy,CC(/C=C/C(O)=C1\C(=O)CN(C)C1=O)=C\C(C)c1ccccc1,CHEMBL275675
DEC_0409,decoy,Nc1ncnc2c1ncn2C/C(=C\CO)CO,CHEMBL286891
DEC_4243,decoy,CCCOc1ccc(Sc2ccc(NC(=O)Nc3cc(C(C)(C)C)nn3C)cc2)cc1,CHEMBL288891
DEC_2730,decoy,COc1ccc(-c2cc3c(c(=O)o2)C(=O)C2[C@@]4(C)CC[C@H](O)[C@@](C)(CO)C4C[C@H](O)[C@@]2(C)O3)cc1,CHEMBL24416
DEC_1673,decoy,Cc1c(C(=O)Nc2ccccc2)nn(-c2ccc(Cl)cc2Cl)c1-c1ccc(Br)cc1,CHEMBL35657
DEC_2802,decoy,C=CCC1Oc2cccc(C#N)c2-c2ccc3c(c21)C(C)=CC(C)(C)N3,CHEMBL8209
DEC_0646,decoy,CN(C)C[C@@H]1C[C@@H]2O[C@H]1n1c3ccccc3c3c4c(c5c6ccccc6n2c5c31)C(=O)NC4=O,CHEMBL290054
DEC_2308,decoy,CO[C@H]1CN(Cc2ccc(C(F)(F)F)cc2)C[C@H](OCC23C[C@@H]4[C@H](C)CC[C@H]4C4(C=O)CC2C=C(C(C)C)C34C(=O)O)O[C@@H]1C,CHEMBL432303
DEC_3981,decoy,CC1(C)OC[C@@H](C/C=C\CCC(=O)O)[C@@H](c2cccs2)O1,CHEMBL17957
DEC_0426,decoy,Nc1ccn(COC(CO)CO)c(=S)n1,CHEMBL290107
DEC_1312,decoy,CCN(CC)CCNc1ccc(CO)c2oc3ccc(O)cc3c(=O)c12,CHEMBL22897
DEC_2020,decoy,COc1cc2c(cc1OC)[C@@H]1C[C@@H]3C[C@H](O)CC[C@@H]3CN1CC2,CHEMBL416757
DEC_1809,decoy,CC1CC(NC(=O)N(CCCl)N=O)CC(C)(C)C1,CHEMBL275300
DEC_1744,decoy,O=c1c2cc(F)ccc2nc(/C=C(\O)c2ccccc2F)n1-c1ccccc1Cl,CHEMBL277367
DEC_2480,decoy,Cc1c2ccc3ccccc3c2c(C)c2c1ccc1ccccc12,CHEMBL286317
DEC_1199,decoy,C=C(C)CN1C[C@H](OCC23C[C@@H]4[C@H](C)CC[C@H]4C4(C=O)CC2C=C(C(C)C)C34C(=O)O)O[C@H](C)[C@@H](OC)C1,CHEMBL265302
DEC_0414,decoy,O=C(O)C1CN(CCCP(=O)(O)O)C(=O)CN1,CHEMBL28747
DEC_3695,decoy,CC(=O)OC1CCC(NC(=O)N(CCCl)N=O)CC1,CHEMBL12637
DEC_3627,decoy,NC(=O)c1cc([N+](=O)[O-])cc([N+](=O)[O-])c1N(CCBr)CCBr,CHEMBL22592
DEC_1578,decoy,COc1ccc(C(C)/N=c2\c(O)c(O)\c2=N/c2ccc(C#N)cc2)cc1,CHEMBL281126
DEC_2751,decoy,CC(C)[C@H](NC(=O)c1cnccn1)C(=O)N[C@H](C(=O)N1C[C@@H]2CCC[C@@H]2[C@H]1C(=O)NC(CC(F)F)C(=O)C(=O)NC1CC1)C(C)C,CHEMBL84854
DEC_2054,decoy,CCN(CC)CC#CCCC1(C2(O)c3ccccc3C=Cc3ccccc32)SCCCS1,CHEMBL431507
DEC_2600,decoy,CN(C)P1(N(C)C)=N[P@@](N(C)C)(N2CC2)=N[P@](N(C)C)(N2CC2)=N1,CHEMBL281679
DEC_2502,decoy,CC[C@@H]1C[C@H](C)c2cc3c(C(F)(F)F)cc(O)nc3cc2N1,CHEMBL7373
DEC_4277,decoy,CN1CCN2CC(c3ccc(Cl)cc3)c3ccccc3C2C1,CHEMBL6459
DEC_2824,decoy,c1ccc(CNc2nc(CN3CCCCC3)nc3ccsc23)cc1,CHEMBL30567
DEC_0254,decoy,CC(C)CN(C=O)[C@H]1CCC2C3CC[C@H]4N(C)C(=O)CC[C@]4(C)C3CC[C@@]21C,CHEMBL16690
DEC_3521,decoy,COc1ccc(-c2nc(SC(F)(F)C(Br)Br)[nH]c2-c2ccc(OC)cc2)cc1,CHEMBL18480
DEC_0432,decoy,CC(C)N(CCO)C(=O)N1C[C@H](N)[C@H](C(=O)O)C1,CHEMBL279344
DEC_2160,decoy,N#Cc1ccc(Nc2cc3c(cc2Nc2ccc(C#N)cc2)C(=O)NC3=O)cc1,CHEMBL267869
DEC_1815,decoy,CCCN(CCC)C1Cc2cccc3c2N(C1)C(=O)NC3,CHEMBL273867
DEC_3970,decoy,CCCCOc1ccc(Nc2ccnc3ccc4c[nH]nc4c23)cc1,CHEMBL27960
DEC_2245,decoy,CC1CCC(=NNc2ccccc2)c2ncc(C(=O)NO)c(=O)n21,CHEMBL14384
DEC_2627,decoy,COc1cccc2c1OP(=O)(OCC1C=CC(n3cc(C)c(=O)[nH]c3=O)O1)OC2,CHEMBL33528
DEC_3925,decoy,CCCC1(c2ccc(N)cc2)CCC(=O)NC1=O,CHEMBL29864
DEC_4187,decoy,Cc1ccc(S(=O)(=O)C2(CC#Cc3ccccc3Cl)SC(=O)NC2=O)cc1,CHEMBL11689
DEC_2907,decoy,CC[C@H]1OC(=O)C[C@@H](O)[C@H](C)[C@@H](O[C@@H]2O[C@H](C)[C@@H](O)[C@H](N(C)C)[C@H]2O)[C@@H](C)C[C@@H](C)C(=O)/C=C/C(C)=C/[C@@H]1CO,CHEMBL43337
DEC_0870,decoy,CCC(C)(C)/N=c1\c(O)c(O)\c1=N/Cc1ccc(C)c(C)c1,CHEMBL278536
DEC_2830,decoy,CCC(=O)N(c1ccc(Cl)c(Cl)c1)C1CCCC1N1CCCC1,CHEMBL282485
DEC_0724,decoy,COc1cc2ncc(C#N)c(Nc3ccc(Oc4ccc(Cl)cc4)cc3)c2cc1OC,CHEMBL31384
DEC_4259,decoy,c1ccc2c(NCCCCNc3c4ccccc4nc4ccccc34)c3ccccc3nc2c1,CHEMBL38642
DEC_3090,decoy,CC(C)(C)c1cc(C(=O)CCCC2CC2)cc2c1SCC2(C)C,CHEMBL14512
DEC_1984,decoy,Cc1ccc(Sc2ccccc2CN(C)C)c(N)c1,CHEMBL22183
DEC_1381,decoy,c1ccc2c(c1)OCC(C1=NCCN1)(C1CCCC1)O2,CHEMBL274344
DEC_3216,decoy,CC(C)(C)NC(=O)[C@H]1CCC2C3CCC4=C(C#N)C(=O)CC[C@]4(C)C3CC[C@@]21C,CHEMBL25196
DEC_4482,decoy,CN(C)c1ncnc2c1ncn2Cc1cccc(OC(=O)C(C)(C)C)c1,CHEMBL7553
DEC_1129,decoy,C=C(Cl)CN1C[C@H](OCC23C[C@@H]4[C@H](C)CC[C@H]4C4(C=O)CC2C=C(C(C)C)[C@@]34C(=O)O)O[C@H](C)[C@H]1C,CHEMBL34273
DEC_1090,decoy,C/C=C\COC1(C(F)(F)F)OC(=O)Nc2ccc(Cl)cc21,CHEMBL17567
DEC_2121,decoy,CC(=O)C[C@@]12CCC[C@H]1[C@@H]1CCC3=CC(=O)CC[C@@H]3[C@H]1CC2,CHEMBL15128
DEC_2153,decoy,O=C(NO)[C@H]1CN(Cc2ccc(Oc3cccc4ccccc34)cc2)C(=O)N1,CHEMBL282004
DEC_0166,decoy,CCCc1cc(=O)oc2c3c(c4c(c12)OC(C)(C)C=C4)OC[C@H](C)C3=O,CHEMBL266748
DEC_1324,decoy,O=C(CCc1ccc(I)cc1)OCCCc1c[nH]cn1,CHEMBL423473
DEC_1210,decoy,CCCCCCC[C@H]1OC(=O)C[C@H](OCOC)[C@H](Cc2ccccc2)N(C)C(=O)C(C)(C)OC(=O)[C@H]1C,CHEMBL40037
DEC_0260,decoy,Brc1cccc(Br)c1N(Cc1ccco1)C1=NCCN1,CHEMBL20547
DEC_1724,decoy,C[C@@H]1CC2=CC(=O)CCC2C2CC[C@@]3(C)C(CC[C@@]3(O)/C=C/I)C21,CHEMBL268237
DEC_0608,decoy,CN1C(=O)CC[C@]2(C)C3CC[C@@]4(C)C(CC[C@@]4(O)C#CCCBr)C3CCC12,CHEMBL10163
DEC_3194,decoy,C=CC[C@H](C(=O)NO)[C@@H](CC(C)C)C(=O)N[C@@H](Cc1ccccc1)C(=O)NC,CHEMBL432079
DEC_2882,decoy,CC(C)(C)n1ncc2c1nc(N)n1nc(-c3ccco3)nc21,CHEMBL280067
DEC_3304,decoy,CCCS(=O)(=O)c1cc(C2CC[C@@H](c3cc(OC)c(OC)c(OC)c3)O2)cc(OC)c1OCCSc1ncc[nH]1,CHEMBL52082
DEC_0403,decoy,O=C(O)CNCC[S+]([O-])CP(=O)(O)O,CHEMBL29108
DEC_4341,decoy,CNc1nc(Cl)c(C)c(N2CCN(C)CC2)n1,CHEMBL32777
DEC_4016,decoy,CC1CN(c2c(F)c(N)c3c(=O)c(C(=O)O)cn(C4CC4)c3c2Cl)CC(C)N1,CHEMBL15536
DEC_1070,decoy,CC(C)(C)C1=CC(=Nn2cccc2)C=C(C(C)(C)C)C1=O,CHEMBL24297
DEC_2407,decoy,CCN(CC)CCOc1cccc(/C=C(\C#N)c2noc3ccccc23)c1,CHEMBL21499
DEC_0779,decoy,Nc1c(F)c(N2CCC(N)C2)cc2c1c(=O)c(C(=O)O)cn2C1CC1,CHEMBL278008
DEC_1728,decoy,Cl.O=C([C@@H]1CCCN1)N1CCCC1P1(=O)Oc2ccccc2-c2ccccc2O1,CHEMBL9724
DEC_0967,decoy,N[C@@H](CC(=O)O)C(=O)N[C@@H](C(=O)OC1C2CC3COC1C3C2)c1ccccc1,CHEMBL9787
DEC_4348,decoy,CCCN(CCC)C1Cc2cccc3c2N(C1)C(=O)C3,CHEMBL11896
DEC_4449,decoy,O=C1NCN(c2ccccc2)C12CCN(C1Cc3ccccc3C1)CC2,CHEMBL28172
DEC_3112,decoy,c1ccc(C2(c3ccccc3)OC[C@@H]([C@@H]3CCCN3)O2)cc1,CHEMBL412875
DEC_1486,decoy,c1csc(C2(N3CCCCC3)CCCCC2)c1,CHEMBL279676
DEC_2021,decoy,CC(C)N1C(=O)NC(c2cccc(F)c2)c2cc3c(cc21)OCO3,CHEMBL13599
DEC_4281,decoy,CC1(C)OC(S)=Nc2ccc(-c3ccccc3F)cc21,CHEMBL285872
DEC_0663,decoy,CCOc1cc2c(cc1OCC)[C@@H]1C[C@@H]3C[C@H](O)CCC3CN1CC2,CHEMBL424034
DEC_0007,decoy,COP(=O)(OC)OC(c1cccc(Br)c1)P(=O)(OC)OC,CHEMBL286846
DEC_3654,decoy,N[C@H](C(=O)N1CC[C@H](F)C1)[C@H]1CC[C@H](NS(=O)(=O)c2ccc(OC(F)(F)F)cc2)CC1,CHEMBL281178
DEC_4591,decoy,C=CCn1cc(C(=O)O)c(=O)c2cc(F)c(N3CCNCC3)cc21,CHEMBL282095
DEC_3083,decoy,COC(=O)c1ccc(/C=C(C)\C=C\C23CC2(C)CCCC3(C)C)cc1,CHEMBL282507
DEC_1188,decoy,CC1SCC(NC(=O)N(CCCl)N=O)CS1,CHEMBL266629
DEC_3336,decoy,C[C@@H](O)CNC1CC(=O)N([C@H]2CC3CC[C@]2(CS(=O)(=O)N2CCC4(CCc5ccccc54)CC2)C3(C)C)C1=O,CHEMBL279281
DEC_4411,decoy,Clc1ccc2ccc(-c3c[nH]c4ccc(Br)cc34)nc2c1,CHEMBL282869
DEC_2069,decoy,Cc1cccc(C(C)(C)C)c1OC(=O)NS(=O)(=O)Oc1c(C(C)C)cccc1C(C)C,CHEMBL278147
DEC_2685,decoy,COc1cc(OC)cc([C@@H]2c3cc4c(cc3N[C@@H]3COC(=O)N23)OCO4)c1,CHEMBL266583
DEC_4200,decoy,COc1ccccc1N1CCN(CCNC(=O)C2CCCc3c(OC)cccc32)CC1,CHEMBL26426
DEC_3613,decoy,O=C1[C@@H](NS(=O)(=O)c2ccc(-c3ccccn3)s2)CCN1Cc1cc2cc[nH]cc-2n1,CHEMBL269102
DEC_3272,decoy,COc1ccccc1Oc1c(NS(=O)(=O)c2ccc(C(C)(C)C)cc2)nc(C)nc1OCCOC(=O)Nc1cccnc1,CHEMBL70788
DEC_1424,decoy,CCc1cc(C#N)ccc1C/N=c1\c(O)c(O)\c1=N/C(C)(C)CC,CHEMBL19999
DEC_3301,decoy,COc1ccc(S(=O)(=O)Nc2ncnc(OCCOc3ncc(Br)cn3)c2-c2ccc(C)cc2)cc1OC,CHEMBL112162
DEC_4586,decoy,CCOC(=O)C1(NC(=O)N(CCCl)N=O)CCCCC1,CHEMBL12687
DEC_0529,decoy,CCc1cc(C/N=c2\c(O)c(O)\c2=N/C(C)(C)C)ccc1C#N,CHEMBL19908
DEC_2858,decoy,Oc1cc2c(cc1O)[C@@H]1c3ccsc3CN[C@H]1CC2,CHEMBL40950
DEC_0033,decoy,COc1cccc2c1CCC[C@H]2CN(C)CCc1ccc2c(c1)N(S(C)(=O)=O)CC2,CHEMBL269402
DEC_2224,decoy,CC1(C)Oc2ccc(C#N)cc2C(NC(=O)c2ccc(O)cc2)[C@@H]1O,CHEMBL428688
DEC_3588,decoy,CC(C)OC(=O)[C@@H]1C2CC[C@H](C[C@@H]1c1ccc(I)cc1)N2CCF,CHEMBL38653
DEC_1384,decoy,C(#CCN1CCCCC1)CCC1SCCCS1,CHEMBL296436
DEC_1401,decoy,CC(C)COc1ccc(Cc2ccc(NC3=NCCN3)cc2)cc1,CHEMBL9655
DEC_0867,decoy,Cc1ccc(C/N=c2\c(O)c(O)\c2=N/C(C)(C)C)c(C)c1,CHEMBL442144
DEC_0176,decoy,CC1(C)Oc2ccc(C#N)cc2[C@H](N(Cc2ncc[nH]2)c2ccccc2)[C@H]1O,CHEMBL428891
DEC_3568,decoy,C[C@]1(c2ccc(F)cc2)O[C@@H]2CC3C4CCC5=CC(=O)CC[C@@H]5C4CC[C@]3(C)[C@]2(C(=O)CO)O1,CHEMBL413313
DEC_0043,decoy,CCCN(CCCCN1C(=O)CC(C)(C)CC1=O)C1COc2cccc(OC)c2C1,CHEMBL26975
DEC_3675,decoy,CCn1cc(-c2ccccc2NCC2=NCCN2)cn1,CHEMBL276733
DEC_2389,decoy,Cc1cccc(Cl)c1NN=C1CCC(C)n2c1ncc(C(=O)O)c2=O,CHEMBL275460
DEC_4568,decoy,CC[C@H](C)C(=O)O[C@H]1C[C@@H](C)C=C2C=C[C@H](C)[C@H](CC[C@@H]3C[C@H](CC(=O)OC)N(Cc4ccc(O)c(OC)c4)C(=O)O3)[C@H]21,CHEMBL314245
DEC_4553,decoy,CCCC(=O)Nc1ccc(-c2nc3n(Cc4ccccc4F)cc(C(=O)OC(CC)CC)c(=O)n3c2CN(C)CC#N)cc1,CHEMBL70276
DEC_0556,decoy,CCc1cn([C@@H]2O[C@H](CNC(=O)C3c4ccccc4Oc4c(C)cccc43)[C@@H](O)[C@@H]2F)c(=O)[nH]c1=O,CHEMBL289560
DEC_2002,decoy,C[C@@H](N)Cc1c2ccoc2c(Br)c2ccoc12.Cl,CHEMBL6706
DEC_4087,decoy,Cc1cccc(C)c1OCC(C)NC(=O)C1=CC(C)(C)NC1(C)C,CHEMBL417991
DEC_1564,decoy,CC(C)NS(=O)(=O)NC(=O)Nc1c(C(C)C)cccc1C(C)C,CHEMBL21981
DEC_2512,decoy,C[C@@]12CCC3=C(CCO3)C1CC[C@@]13CC(CCC12)[C@@](O)(CO)C3,CHEMBL31114
DEC_3832,decoy,Cc1cccc2c1N(C(=O)N1C[C@@H](C)N[C@@H](C)C1)Cc1c(C(=O)OC(C)(C)C)ncn1-2,CHEMBL15294
DEC_0135,decoy,CC1(C)OC(S)=Nc2ccc(-c3ccc(F)c(Cl)c3)cc21,CHEMBL25037
DEC_3260,decoy,C/C=C(/C)C(=O)O[C@H]1C(C)=C2[C@H]([C@@H]1OC(=O)CCCCC)[C@@](C)(OC(C)=O)C[C@H](OC(=O)CCC)[C@@]1(O)[C@H]2O[C@H]2OCO[C@]21C,CHEMBL192952
DEC_4429,decoy,NS(=O)(=O)c1ccc(NC(=O)CN(CC(=O)O)CC(=O)O)c(Cl)c1,CHEMBL34012
DEC_1682,decoy,O=C(NCc1cc(C(F)(F)F)cc(C(F)(F)F)c1)c1cnc2ccccc2c1-c1ccccc1,CHEMBL24894
DEC_2642,decoy,COc1cc2nc(N3CCN(C(=O)COc4ccccc4)CC3)nc(N)c2cc1OC,CHEMBL6366
DEC_1345,decoy,C[C@@H]1CC[C@H]2[C@@H](C)CO[C@@H]3O[C@@]4(C)CC[C@@H]1[C@]32OO4,CHEMBL273441
DEC_2969,decoy,CCO/C(O)=C1\C(COCC(C)(O)CSc2ncccn2)=NC(C)=C(C(=O)OC)C1c1cccc(Cl)c1Cl,CHEMBL77616
DEC_1732,decoy,COc1ccc(C2=C(OC(=O)N(C)C)c3cccn3-c3cc(Cl)ccc3S2)cc1,CHEMBL33999
DEC_1340,decoy,O=P(O)(O)CCC(Cc1ccc(-c2ccccc2)cc1)c1nnn[nH]1,CHEMBL9796
DEC_1719,decoy,Cc1ccccc1-c1cc(C(O)(c2ccc(C#N)cc2)c2cncn2C)ccc1C#N,CHEMBL25621
DEC_0583,decoy,Nc1nc2c(cnn2CCc2ccc(S(=O)(=O)NCC(=O)O)cc2)c2nc(-c3ccco3)nn12,CHEMBL22881
DEC_1646,decoy,Oc1cc(C(F)(F)F)c2cc3c(cc2n1)NCCC3c1cc(C(F)(F)F)cc(C(F)(F)F)c1,CHEMBL285602
DEC_2815,decoy,CC12CCC3C(C[C@H](Cc4ccccc4)C4=CC(=O)CCC43C)C1CCC2=O,CHEMBL25523
DEC_4255,decoy,NC(=O)C[C@@H]1CCC[C@@H](OCc2cc(C(F)(F)F)cc(C(F)(F)F)c2)[C@H]1c1ccccc1,CHEMBL26593
DEC_3957,decoy,CC(C)/C=C1\N=C(CC(C)C)C(=O)N(O)C1=O,CHEMBL16320
DEC_1111,decoy,O=C1c2cccc([N+](=O)[O-])c2C(=O)N1CCCCCn1c(C2CCNCC2)nc2cc(Cl)c(Cl)cc21,CHEMBL19994
DEC_2988,decoy,CC(C)(C)c1ccc(S(=O)(=O)Nc2ncnc(OCCOc3ncc(Br)cn3)c2-c2ccc(CO)cc2)cc1,CHEMBL324184
DEC_0228,decoy,CCn1c2cc(N3CCNCC3)c(F)cc2n2c(=O)n(O)c(=O)cc12,CHEMBL28945
DEC_2717,decoy,COc1cccc(-c2cc3c(c(=O)o2)C(=O)C2[C@@]4(C)CC[C@H](O)[C@@](C)(CO)C4C[C@H](O)[C@@]2(C)O3)c1,CHEMBL24457
DEC_3724,decoy,Cc1c(C(=O)c2ccc(Cl)cc2)cc(C(C)(C)C)c(O)c1C(=O)Nc1ccc([N+](=O)[O-])cc1Cl,CHEMBL32272
DEC_1104,decoy,CC(C)C1=CC2CC3(C=O)[C@@H]4CC[C@@H](C)[C@H]4CC2(CO[C@H]2CN(C/C=C\Br)[C@H](C)CO2)[C@]13C(=O)O,CHEMBL34515
DEC_2135,decoy,CN1CCCC[C@H]1/C=C/C1c2ccccc2Cc2ccccc21,CHEMBL415038
DEC_0640,decoy,Cc1cc(F)ccc1-c1nc(N(C(N)=O)c2ccc(Cl)cc2)c2ncn(C)c2n1,CHEMBL280280
DEC_2913,decoy,CC[C@H]1OC(=O)/C(C)=C/[C@H](C)[C@@H](O[C@@H]2O[C@H](C)C[C@H](N(C)C)[C@H]2O)[C@@](C)(OC)C[C@@H](C)C(=O)[C@H](C)[C@H]2N(N)C(=O)O[C@]12C,CHEMBL297779
DEC_2983,decoy,COc1ccc(C[C@H]2NC(=O)/C=C/C[C@@H]([C@H](C)/C=C/c3ccccc3)OC(=O)[C@H](CC(C)C)OC(=O)[C@H](C)CNC2=O)cc1,CHEMBL267072
DEC_3485,decoy,O=C(O)CCc1ccccc1CC1C2CCC(O2)C1c1nc(C(=O)NCCC2CCCCC2)co1,CHEMBL31922
DEC_1639,decoy,C/C(Br)=C1/CCC(C(C)C)C(=O)O1,CHEMBL29485
DEC_0239,decoy,CC1=C(N2CC2)C(=O)c2nc3n(c2C1=O)CCC3OC(=O)CCl,CHEMBL417090
DEC_4155,decoy,COc1ccc(-c2nc([S+]([O-])CC(F)(F)F)[nH]c2-c2ccc(OC)cc2)cc1,CHEMBL18149
DEC_2027,decoy,C[C@@H](/N=c1\c(O)c(O)\c1=N/c1ccc(C#N)c(Cl)c1)C(C)(C)C,CHEMBL19420
DEC_3274,decoy,Nc1nc(Sc2ccc([N+](=O)[O-])cc2)c2ncn(CCOCP(=O)(OCC(F)(F)F)OCC(F)(F)F)c2n1,CHEMBL107215
DEC_2985,decoy,Cc1cc(SC2=C(O)OC(CCc3ccc(O)cc3)(C(C)C)CC2=O)c(C(C)(C)C)cc1OS(=O)(=O)N1CCOCC1,CHEMBL302289
DEC_4268,decoy,CN1CCN(C2=Nc3ccccc3Cn3c2cc2ccccc23)CC1,CHEMBL269623
DEC_4185,decoy,CCCOC(=O)C1C2C(=O)CC(c3ccccc32)C1C(=O)OCC[Si](C)(C)C,CHEMBL267105
DEC_3809,decoy,Cc1ccc(C(c2ccc(-n3cccc3)cc2)n2ccnc2)cc1,CHEMBL21479
DEC_2819,decoy,CC(C)(C)c1cc(C(=O)/C=C/c2ccsc2)cc(C(C)(C)C)c1O,CHEMBL8594
DEC_2893,decoy,Cc1ccc2c(c1)c1oc(-c3nn[nH]n3)cc(=O)c1n2C,CHEMBL21915
DEC_1539,decoy,COc1c(C)cnc(C[S+]([O-])c2nc3ccccc3n2C(C)OC(C)=O)c1C,CHEMBL9857
DEC_1690,decoy,Cc1nc2ccccc2c(-c2ccccc2)c1C(=O)NCc1cc(C(F)(F)F)cc(C(F)(F)F)c1,CHEMBL282853
DEC_1408,decoy,Cc1ccc(C)n1Nc1nnc(N2CCOCC2)c2c1CCCC2,CHEMBL11446
DEC_4539,decoy,CC[C@H](C)C(=O)O[C@H]1C[C@@H](C)C=C2C=C[C@H](C)[C@H](CC[C@@H]3C[C@H](CC(=O)NC)N(Cc4ccc(C(=O)O)cc4)C(=O)O3)[C@H]21,CHEMBL310899
DEC_3624,decoy,COC(=O)C[C@@H](c1ccc(OC)nc1)N(C)C(=O)CCCCc1nc2c(cc1N)CCCN2,CHEMBL9462
DEC_3565,decoy,O=S1(=O)c2cccc3cccc(c23)N1CCN1CC=C(Cc2c[nH]c3ccc(F)cc23)CC1,CHEMBL19051
DEC_4262,decoy,CC(C)C#CC1(C(F)(F)F)OCC(=O)Nc2ccc(Cl)cc21,CHEMBL283614
DEC_2617,decoy,O=C1C(N2CC2)=C(N2CC2)C(=O)c2c(OS(=O)(=O)c3cccs3)cccc21,CHEMBL35317
DEC_1072,decoy,CC1(C)OC(/C=C/c2cc(Cl)cc(Cl)c2)=CC1=O,CHEMBL276730
DEC_0683,decoy,N#CCCOC1(C(F)(F)F)OC(=O)Nc2ccc(Cl)cc21,CHEMBL18220
DEC_2550,decoy,CC(C)C[C@@H]1OC(=O)C(C)(C)CNC(=O)[C@@H](CCc2ccccc2)NC(=O)/C=C/C[C@@H]([C@H](C)[C@H]2O[C@@H]2c2ccccc2)OC1=O,CHEMBL88030
DEC_0050,decoy,CCCOC(=O)C1C2C(=O)CC(c3ccc(O)cc32)C1C(=O)OCCC(C)(C)C,CHEMBL275678
DEC_0938,decoy,SC1=Nc2ccccc2-c2nc(-c3cccc(Cl)c3)cc(-c3ccccc3)c2C1,CHEMBL281736
DEC_4566,decoy,CCCCCCCc1cc(O[C@@H]2O[C@@H](C)[C@H](OC)[C@@H](OC(=O)c3ccc(C)[nH]3)[C@H]2O)c(C)c2oc(=O)c(C(=O)O)cc12,CHEMBL100376
DEC_2125,decoy,CN(C/C=C/c1ccccc1)Cc1cccc2c1CCCC2,CHEMBL21631
DEC_4181,decoy,Cc1cc(Br)ccc1C(=O)c1ccc(-n2ncc(=O)[nH]c2=O)cc1Cl,CHEMBL6352
DEC_2012,decoy,CC(C)(C)c1cc(/C=C/c2n[nH]c(S)n2)cc(C(C)(C)C)c1O,CHEMBL275909
DEC_3517,decoy,O=C(O)C(Cc1ccccc1)Oc1ccc(-c2ccc(-c3c(Br)oc4ccccc34)cc2)cc1,CHEMBL282074
DEC_3951,decoy,Oc1ccc(C2CNCc3sccc32)cc1O,CHEMBL284609
DEC_0072,decoy,C=C(c1ccccc1OCCCC)n1ccnc1,CHEMBL27484
DEC_2726,decoy,CC(C)Nc1cccnc1N1CCN(C(=O)c2cc3cc(F)ccc3[nH]2)CC1.CS(=O)(=O)O,CHEMBL266674
DEC_0080,decoy,C[C@H](Cc1ccccc1)NCCc1ccccc1,CHEMBL278585
DEC_0726,decoy,COc1cc2ncc(C#N)c(Nc3ccc(Oc4ccccc4)cc3)c2cc1OC,CHEMBL31733
DEC_3499,decoy,Cc1cc(SC2=C(O)OC(CCc3ccc(O)cc3)(C3CC3)CC2=O)c(C(C)(C)C)cc1N,CHEMBL35271
DEC_3569,decoy,C[C@@]1(c2ccc(F)cc2)O[C@@H]2CC3C4CCC5=CC(=O)CC[C@@H]5C4CC[C@]3(C)[C@]2(C(=O)CO)O1,CHEMBL13977
DEC_1775,decoy,Oc1ccc2c(c1)OC[C@@H](N1CCC(O)(c3ccc(F)cc3)CC1)[C@H]2O,CHEMBL17703
DEC_3322,decoy,CC(C)CCN(C[C@@H](O)[C@H]1Cc2ccc(cc2)OCCCC(=O)N[C@@H](C(C)C)C(=O)N1)S(=O)(=O)c1ccccc1,CHEMBL316144
DEC_4447,decoy,Cc1nsc(-c2ccc(N3CCN(c4cccc(Cl)c4)CC3)nn2)n1,CHEMBL14414
DEC_0647,decoy,Cc1nnc2n1-c1ccc(I)cc1C(c1ccccc1F)=NC2,CHEMBL20577
DEC_2488,decoy,CCCC[C@@H]1CC2C3CCC(=O)C3(C)CCC2C2(C)CCC(=O)C=C12,CHEMBL24037
DEC_3899,decoy,CC(C)c1ccc2c(c1)CC[C@H]1[C@](C)(Sc3ccccn3)CCC[C@]21C,CHEMBL12289
DEC_1804,decoy,c1ccc(C2CNCCc3c2[nH]c2ccccc32)cc1,CHEMBL281152
DEC_3486,decoy,CCCCCc1cc(O)cc2c1Oc1c(C=O)c(O)c(Cl)c(C(=O)CCCC)c1C(=O)O2,CHEMBL285696
DEC_3074,decoy,CCOC(=O)/C=C(C)/C=C/C=C(C)/C=C/C12CC1(C)CCCC2(C)C,CHEMBL281852
DEC_3545,decoy,CC(C)Sc1ccc(CC2CCN(C3CCN(C(=O)c4ccc(F)c5ccccc45)CC3)CC2)cc1,CHEMBL440601
DEC_2137,decoy,CN(C/C=C/c1ccccc1)CCc1cccc2ccccc12,CHEMBL22132
DEC_3415,decoy,Cc1cc(C(c2ccc(C(C)C)cc2)N2CCOCC2)sn1,CHEMBL22572
DEC_0082,decoy,CCCCCCCCCCCc1nc(N)no1,CHEMBL21380
DEC_0447,decoy,Nc1c(F)cccc1S(=O)(=O)CC(N)C(=O)O,CHEMBL29137
DEC_3600,decoy,CCN1C(=O)c2c(nc(C#Cc3ccccc3)n2Cc2ccc(OC)cc2)N2C1=N[C@@H]1CCC[C@@H]12,CHEMBL24536
DEC_2284,decoy,COC(=O)[C@@H](NC(=O)c1ccc(C(=O)N(C(C)C)C(C)C)cc1OC(C)C)C(C)C,CHEMBL433422
DEC_3097,decoy,CCC1=C(c2ccccc2)c2ccc(OC)cc2Sc2ccccc21,CHEMBL429767
DEC_3401,decoy,CCN(CC)C(=O)C1CCCN(c2nc(N)c3cc(OC)c(OC)cc3n2)C1,CHEMBL6831
DEC_2592,decoy,CCCC(NC(=O)[C@@H]1[C@H]2CC[C@H](F)[C@H]2CN1C(=O)[C@@H](NC(=O)OC(C)C)C(C)(C)C)C(=O)C(=O)N[C@@H](C)c1ccccc1,CHEMBL333595
DEC_0888,decoy,CC(/N=c1\c(O)c(O)\c1=N/c1cccc(C#N)c1)C(C)(C)C,CHEMBL283161
DEC_1313,decoy,COc1cc(NC(C)CCCN)c2ncccc2c1OCC(F)(F)F,CHEMBL18299
DEC_0177,decoy,CC1(C)Oc2ccc(C#N)cc2[C@@H](N(Cc2ncc[nH]2)c2ccccc2)[C@@H]1O,CHEMBL273900
DEC_4240,decoy,CCCCCCC1(c2cc(O)c3c(c2)OC(C)(C)[C@@H]2CC=C(C)C[C@@H]32)SCCS1,CHEMBL476325
ACT_067,active,CC1=CC/C(=N/N=C(\C)c2cc3ccccc3oc2=O)N1C,CHEMBL4127948
DEC_0939,decoy,CC1(C)CC(C)(C)c2cc(NC(=S)Nc3ccc([N+](=O)[O-])cc3)ccc2S1,CHEMBL7075
DEC_1430,decoy,CC1(CN)CCN(c2cc3c(cc2F)c(=O)c(C(=O)O)cn3C2CC2)C1,CHEMBL278648
DEC_1485,decoy,Cc1cc(C(C)(C)C)nc2c(C(C)(C)C)cccc12,CHEMBL267384
DEC_2504,decoy,CC[C@H]1C[C@@H](C)Nc2cc3nc(O)cc(C(F)(F)F)c3cc21,CHEMBL427957
DEC_2752,decoy,CO[C@@]1(NC(=O)Cc2ccc(O)cc2)C(=O)N2C(C(=O)NC(c3ccccc3)c3ccccc3)=C(CSc3nnnn3C)CO[C@@H]21,CHEMBL309652
DEC_3728,decoy,CCc1cc(Oc2cccc(N(Cc3ccc(C(F)(F)F)cc3F)C[C@@H](O)C(F)(F)F)c2)ccc1Cl,CHEMBL69882
DEC_1500,decoy,CN(Cc1c2ccccc2cc2ccccc12)c1cnc2nc(N)nc(N)c2n1,CHEMBL33933
DEC_3997,decoy,O=S(=O)(C/C=C/c1ccccc1)Cc1cccc2ccccc12,CHEMBL21512
DEC_2170,decoy,Nc1ccc(NC(=O)c2c(O)c3cccnc3n(-c3ccccc3)c2=O)cc1,CHEMBL14277
DEC_2769,decoy,CC[C@@H](C=O)NC(=O)[C@@H]1C[C@@H](Oc2cccc3cccnc23)CN1C(=O)[C@H](NC(=O)[C@H](NC(=O)c1cnccn1)C(C)C)C(C)C,CHEMBL131367
DEC_2883,decoy,CCCCc1nc2c([nH]1)N1C(=N[C@@H]3CCC[C@@H]31)N(C)C2=O,CHEMBL18474
DEC_2129,decoy,CCCN(CCC)[C@@H]1Cc2cccc3nc(S)n(c23)C1,CHEMBL281248
DEC_3210,decoy,C#C[C@]1(O)CCC2C3CCC4=CC(=O)CCC4=C3C(c3ccc(F)cc3)CC21C,CHEMBL441339
DEC_0178,decoy,CCN(CC)/C(S)=N\c1cc(-c2nc(-c3ccco3)no2)ccc1Cl,CHEMBL278146
DEC_1378,decoy,O=C1CCc2cc3c(c4c5ccccc5n1c24)CCNC3,CHEMBL283792
DEC_2045,decoy,CCN(CC)CCNc1ccc2ncn3c4cc(O)ccc4c(=O)c1c23,CHEMBL7802
DEC_3995,decoy,CCCCCC(O)c1cccc(OCc2cccc(C#N)c2)c1,CHEMBL8667
DEC_4270,decoy,CC(O)c1ccc2c(c1)[C@@]13CCCC[C@H]1[C@@H](C2)N(C)CC3,CHEMBL280512
DEC_4621,decoy,CC(CS)C(=O)N(CC(=O)O)c1ccc2c(c1)OCCO2,CHEMBL23379
DEC_1607,decoy,CC1(NC(=O)N(CCCl)N=O)CCCC1,CHEMBL267308
DEC_2238,decoy,O=C(O)Cc1cccc2c1Cc1c-2nc(O)c2nc(P(=O)(O)O)cn12,CHEMBL283446
DEC_0886,decoy,Cc1csc2c1C(N1CCN(C)CC1)=Nc1cc(F)ccc1N2,CHEMBL14605
DEC_1346,decoy,c1coc(-c2ncnc3c2ncn3C2CCOCC2)c1,CHEMBL28655
DEC_2419,decoy,COc1cccc2c1CCC[C@H]2CN(C)CCc1ccc2c(c1)CCS2,CHEMBL10369
ACT_007,active,O=C(NCCc1c[nH]c2ccccc12)c1ccccc1Nc1ccc(Br)cc1,CHEMBL4877659
DEC_3385,decoy,Cc1nccc2c1c1ncnc(N3CCN(CCc4ccc(F)c(F)c4)CC3)c1n2C,CHEMBL27007
DEC_1094,decoy,Brc1cnc(NC23CC4CC(CC(C4)C2)C3)nc1,CHEMBL278460
DEC_0489,decoy,Cc1ccc([S+]([O-])c2cncc3sc(C(N)=O)cc23)cc1,CHEMBL6320
DEC_0891,decoy,Cc1nnc(Sc2cncc3sc(C(N)=O)cc23)s1,CHEMBL268070
DEC_2256,decoy,Cc1cc(-c2noc(C(F)(F)F)n2)cc(C)c1OCCCc1cc(C[S+](C)[O-])no1,CHEMBL29421
DEC_2011,decoy,Oc1ccc2c(c1O)-c1cccc3c1[C@@H](C2)N(CCCl)CC3,CHEMBL283871
DEC_2489,decoy,CC(C)(C)c1cc(/C=C/c2ccncc2)cc(C(C)(C)C)c1O,CHEMBL8926
ACT_068,active,CC(C)CC(=O)NC[C@H](O)CC[C@@H](CO)NC(=O)c1nc2ccccc2cc1O,CHEMBL5266540
DEC_2096,decoy,Brc1ccc(C2COC(Cn3ccnc3)(c3ccc(Br)cc3)O2)cc1,CHEMBL29376
DEC_3933,decoy,C[C@H]1C=C2c3cccc4[nH]cc(c34)C[C@H]2N(C)C1,CHEMBL40047
DEC_1948,decoy,CC(CNC(=O)C1=CN(C)C=CC1)OC(=O)C1N2C(=O)[C@@H](NC(=O)Cc3ccccc3)[C@H]2SC1(C)C,CHEMBL52291
DEC_4562,decoy,Cl.O=C(C1CCCN1)N1CCCC1P(=O)(Oc1ccc(NN2CCCC2)cc1)Oc1ccc(NN2CCCC2)cc1,CHEMBL9527
DEC_4446,decoy,O=c1oc2ncccc2n1CCCN1CCN(c2ccc(F)cc2)CC1,CHEMBL25898
DEC_1773,decoy,Cc1cc(Br)cc(C)c1C/N=c1\c(O)c(O)\c1=N/C(C)(C)C,CHEMBL19398
DEC_2452,decoy,N#Cc1ccc(F)c(-c2ccc3c(c2)C2(CCCCC2)C(S)=N3)c1,CHEMBL28102
DEC_3456,decoy,COc1cc2c(Nc3c(F)cc(Br)cc3F)ncnc2cc1OCC1CCNCC1,CHEMBL279459
DEC_3043,decoy,CCc1c(C)[nH]c2c1C(=O)C(CN1CCOCC1)CC2,CHEMBL460
DEC_0877,decoy,Nc1nc(N)c2c(CSc3ccc4ccccc4c3)coc2n1,CHEMBL283311
DEC_0096,decoy,O=C(NCCCCn1ccnc1)c1cccs1,CHEMBL8778
DEC_4377,decoy,C[C@]12CC[C@H](O)CC1=CCC1C2CC[C@@]2(C)C1CC[C@@H]2OC1CC1,CHEMBL6253
DEC_1134,decoy,CCC(=O)N(c1ccccc1F)C1(c2ccccc2)CCN(CCn2cc(I)cn2)CC1,CHEMBL309254
DEC_0874,decoy,CC1(C)N=C(N)N=C(N)N1c1cc(Cl)cc(Cl)c1,CHEMBL284133
DEC_3715,decoy,CCN(CC)CC#CCCC1(C2(O)c3ccccc3Sc3ccc(Cl)cc32)SCCCS1,CHEMBL41575
DEC_0356,decoy,C/C(=N\OC(=O)N(C)C)c1ccc(Sc2cc(F)cc(C3CCOCC3)c2)cc1,CHEMBL440843
DEC_4082,decoy,O=C1Cc2cc(C#CCN3CCC(Cc4ccc(F)cc4)CC3)ccc2N1,CHEMBL19957
DEC_2062,decoy,CCN(CC)CC#CCCC1(C2(O)c3ccccc3Oc3ccccc32)SCCCS1,CHEMBL40408
DEC_3668,decoy,CN(C)c1ncnc2c1ncn2Cc1ccccc1[N+](=O)[O-],CHEMBL7720
DEC_2148,decoy,C(=C/c1ccccc1)\COCc1cccc2ccccc12,CHEMBL22110
DEC_0513,decoy,Cc1cc(O)cc(C)c1-c1nc2c(=O)n(C)c(=O)n(C)c2[nH]1,CHEMBL10579
DEC_0784,decoy,CCn1cc(C(=O)O)c(=O)c2c(O)c(F)c(N3CCC(N)C3)c(F)c21,CHEMBL276346
DEC_2916,decoy,COC(=O)N[C@@H](c1ccncc1)[C@@H](O)C(=O)OC1CC2C(C)(C)C1(C)[C@@]13C[C@](O)(COC(C)=O)c4ccccc4[C@@]21O3,CHEMBL431709
ACT_078,active,COc1ccnc(Nc2nn3c(C)cc(C)nc3c2C#N)c1,CHEMBL5280862
DEC_0225,decoy,O=C(O)c1c(=O)c2cc(F)c(N3CCNCC3)cc2n2ccsc12,CHEMBL28129
ACT_022,active,CC1(C)CC(c2cc(C(C)(C)C)c3c(c2)C(C)(C)CO3)=NO1,CHEMBL421608
DEC_2421,decoy,CCOC(=O)/C(C(=O)O)=C(C)/C=C/C=C(C)/C=C/C1=C(C)CCCC1(C)C,CHEMBL264489
DEC_1738,decoy,Cc1cc(C(=O)Nc2ccc(C3=NCCN3C)cc2F)n(-c2cc3ccccc3cc2F)n1,CHEMBL21052
DEC_2739,decoy,CC(C)Nc1cccnc1N1CCN(C(=O)c2cc3cc(NC(=O)C(F)(F)F)ccc3[nH]2)CC1,CHEMBL34010
DEC_4249,decoy,c1ccc2c(NCCCCCNc3c4ccccc4nc4ccccc34)c3ccccc3nc2c1,CHEMBL289930
DEC_1836,decoy,Cc1ccc(C)c(N2CCN(C3CCCCC3O)CC2)c1,CHEMBL281595
DEC_2875,decoy,Oc1cc2c(cc1O)[C@H]1c3cccnc3CN[C@@H]1CC2,CHEMBL281932
DEC_0057,decoy,C[C@H](O)CCCCC[C@@H]1CC[C@H]2CC[C@H](C)N12,CHEMBL24426
DEC_2774,decoy,CC(C)[C@@H]1[C@H](OC(=O)N[C@@H](Cc2ccccc2)[C@H](O)CN2CCN(Cc3cccnc3)C[C@H]2C(=O)NC(C)(C)C)CCS1(=O)=O,CHEMBL75833
DEC_0499,decoy,CCCN1CCN(CCC)C2(COc3cccc(OC)c3C2)C1,CHEMBL438755
DEC_1274,decoy,CCCc1cc(=O)oc2c(C(=O)[C@H](C)[C@H](C)O)c(O)c3c(c12)OC(C)(C)C=C3,CHEMBL7242
DEC_4006,decoy,CNCCc1c[nH]c(CCC(c2ccccc2)c2ccccc2)n1,CHEMBL275035
DEC_3289,decoy,CCOC(=O)CNC(=O)OC1(c2ccc(OC)cc2)OC(=O)C(c2ccc3c(c2)OCO3)=C1Cc1cc(OC)c(OC)c(OC)c1,CHEMBL319452
DEC_1206,decoy,CCCCN(Cc1ccc(-c2ccccc2-c2nn[nH]n2)cc1)c1ncnc2c1nc(S(C)(=O)=O)n2C,CHEMBL299608
DEC_0016,decoy,CCC(=O)N(c1ccc(Cl)c(Cl)c1)C1CCCC1N(C)CCCN(C)C,CHEMBL21827
DEC_0820,decoy,Cc1cccc(N(CCCl)CCCl)c1,CHEMBL19462
DEC_3497,decoy,CCC1Nc2ccc(C(C)C)cc2C(=O)N1Cc1ccc(-c2ccccc2-c2nn[nH]n2)cc1,CHEMBL277333
DEC_3598,decoy,O=S(=O)(N[C@H]1C2CCN(CC2)[C@H]1C(c1ccccc1)c1ccccc1)c1ccccc1,CHEMBL281703
DEC_4414,decoy,Cl.Cn1cc(NC(=O)c2cc(N)cn2C)cc1C(=O)NCCC(=N)N,CHEMBL277393
DEC_0866,decoy,CCC(C)(C)/N=c1\c(O)c(O)\c1=N/Cc1cc(F)cc(F)c1,CHEMBL19879
DEC_1432,decoy,CC(=O)c1cc2c(s1)[C@@H](NC(=O)c1cccnc1)[C@H](O)C(C)(C)O2,CHEMBL285792
DEC_1957,decoy,C[C@H]1c2cccc3c2-c2c1ccc1c2[C@@H](C3)N(C)CC1,CHEMBL27132
DEC_1524,decoy,Cc1nsc(-c2ccc(N3CCN(c4ccccc4C(F)(F)F)CC3)nn2)n1,CHEMBL15045
DEC_0119,decoy,c1ccc2sc(C3(N4CCCCC4)CCCCCC3)cc2c1,CHEMBL428529
DEC_3291,decoy,COc1cc(C(=O)C(=O)N2CCCC[C@H]2C(=O)OCCCOc2ccc(C(=O)Nc3ccc(O)cc3)cc2)cc(OC)c1OC,CHEMBL323862
DEC_0010,decoy,CCCCCN(C1=NCCN1)c1c(Br)cccc1Br,CHEMBL20415
DEC_2924,decoy,COC(=O)C1(c2ccccc2)CCN(CCCNC(=O)N2C(=O)NC3=C(C(=O)OC3)C2c2ccc3nonc3c2)CC1,CHEMBL299539
DEC_1748,decoy,Nc1nc(O)c2nc(Br)n(C3CCCc4ccccc43)c2n1,CHEMBL11511
DEC_0810,decoy,Cc1ccc(C)n1Nc1ccc(N(C)C)nn1,CHEMBL267560
DEC_3048,decoy,CN1c2c(Cl)cc(Cl)cc2CC1C1=NCCN1,CHEMBL41861
DEC_4620,decoy,CC(=O)NC[C@@H]1OC(=O)N2c3ccc(-c4cncnc4)cc3C[C@@H]12,CHEMBL280661
DEC_0504,decoy,CCN(CC)c1ccc2[o+]c3cc(C)c(N)cc3nc2c1.[Cl-],CHEMBL15583
DEC_3202,decoy,C=CC[C@](C)(C(=O)NO)[C@@H](CC(C)C)C(=O)N[C@@H](Cc1ccccc1)C(=O)NC,CHEMBL35348
DEC_4182,decoy,CCN1C(=O)c2c(nc(C(F)(F)F)n2Cc2ccc(O)cc2)N2C1=N[C@@H]1CCC[C@@H]12,CHEMBL487704
DEC_1018,decoy,COC1(c2cc(F)cc(Sc3ccc4c(c3)CC/C4=N\O)c2)CCOCC1,CHEMBL28066
DEC_4367,decoy,CC(C)(C)Nc1nc(C(F)(F)F)nc2ccc(-c3ccc(N)cc3)cc12,CHEMBL279093
DEC_0244,decoy,CC(C)(C)n1cc(C(=O)O)c(=O)c2cc(F)c(N3C[C@@H](CN)[C@@H](F)C3)nc21,CHEMBL417482
DEC_4037,decoy,COc1cc(OC)c(NN=C2CCC(C)n3c2ncc(C(=O)O)c3=O)cc1Cl,CHEMBL14630
DEC_4119,decoy,CCCN(CC1CC1)c1nc(C)nc2c1sc(=S)n2-c1c(C)cc(C)cc1C,CHEMBL17619
DEC_2014,decoy,CC(/C=C/C(=O)C1=C(O)CN(C)C1=O)=C\c1ccc(F)c2ccccc12,CHEMBL10746
DEC_3905,decoy,Cc1nc(-c2cc(Cl)cc(Cl)c2)c(-c2cc(Cl)cc(Cl)c2)[nH]1,CHEMBL7837
DEC_4143,decoy,COCc1cc(I)ccc1Sc1ccccc1CN(C)C,CHEMBL284002
DEC_1421,decoy,CC1CN(c2cc3c(cc2F)c(=O)c(C(=O)O)cn3C2CC2)CC(C)N1,CHEMBL15322
DEC_1869,decoy,CCCC1Nc2cccc([C@@H]3C[C@H]3CNC(=O)NCC)c2O1,CHEMBL19109
DEC_2527,decoy,C[C@]12CCC3C(CCC4=CC(=O)CC[C@]43C3CS3)C1CCC2=O,CHEMBL281433
DEC_0114,decoy,COc1c(Cl)c(Cl)nc(C(Cl)(Cl)Cl)c1Cl,CHEMBL276415
DEC_3453,decoy,CN(Cc1cncn1C)c1ccc(C#N)c(-c2cccc3ccccc23)c1,CHEMBL28252
DEC_4479,decoy,Cc1cnc(-c2cccc([N+](=O)[O-])c2)n2nc(N3CCOCC3)nc12,CHEMBL277036
DEC_2377,decoy,Cc1ccc(C)c(C[S+]([O-])c2nc3cc(C(F)(F)F)ccc3[nH]2)c1N,CHEMBL20201
DEC_0718,decoy,CC(C)c1ccc(N/N=C(\N=N\c2nnnn2-c2ccccc2)c2ccccc2)cc1,CHEMBL23279
DEC_0564,decoy,C[C@@H](O)[C@H]1C(=O)N2C(C(=O)O)=C(S[C@@H]3CN[C@@H](CSc4ccc(CN)cc4)C3)[C@H](C)[C@H]12,CHEMBL14312
DEC_1615,decoy,c1ccc(C(CC2=NCCN2)c2ccccn2)cc1,CHEMBL40611
DEC_2061,decoy,CCN(C(C)=O)c1ccc(-c2nc3n(c2-c2ccc(N(CC)C(C)=O)cc2)CCS3)cc1,CHEMBL278028
DEC_4518,decoy,CC(C)c1cccc(C(C)C)c1NC(=O)NS(=O)(=O)N1CCCC1,CHEMBL21863
DEC_1465,decoy,Cc1ccc(/C=C2\CCCc3cc(C)cnc32)cc1,CHEMBL284477
DEC_1055,decoy,CC1(C)CC(=O)n2c3ccccc3c3c4c(cc1c32)CCNC4,CHEMBL282874
DEC_4054,decoy,COc1c(N2CCC(CN)CC2)c(F)cc2c(=O)c(C(=O)O)cn(C3CC3)c12,CHEMBL15028
DEC_3898,decoy,CCCC(C)n1c(CC)nc2c(-c3ccc(C(F)(F)F)cc3Cl)nccc21,CHEMBL26347
DEC_4386,decoy,c1ccc(-c2c[nH]cc2C(c2cccc3ccccc23)n2ccnc2)cc1,CHEMBL20901
DEC_2820,decoy,Cc1c(C)c2ccc(OCc3ccc(C(C)C)cc3)c(C)c2oc1=O,CHEMBL19183
DEC_1407,decoy,CC(=O)c1cc2c(s1)[C@@H](NC(=O)c1ccccc1F)[C@H](O)C(C)(C)O2,CHEMBL28737
DEC_4291,decoy,O=C1CCc2cc3c(c4c5ccc(Cl)cc5n1c24)CCNC3,CHEMBL23215
DEC_1822,decoy,CC(C)[C@]1(c2ccccc2)OC[C@H]([C@@H]2CCCCN2)O1,CHEMBL281422
DEC_1168,decoy,Nc1nc(Cl)c2ncn(C3CC(O)C(CO)C3)c2n1,CHEMBL286384
DEC_0880,decoy,Cc1ccc(C)n1Nc1ccc(N2CCSCC2)nn1,CHEMBL273534
DEC_3920,decoy,Brc1cccc2c3c([nH]c12)CNCC3,CHEMBL6857
DEC_0859,decoy,CC(/N=c1\c(O)c(O)\c1=N/c1ccc(CC#N)cc1)C(C)(C)C,CHEMBL18859
DEC_2903,decoy,CCC1OC(=O)C[C@@H](O)[C@H](C)[C@@H](OC2OC(C)CC(N(C)C)C2O)[C@@H](CC=O)C[C@@H](C)C(=O)/C=C/[C@]2(C)OC2C1C,CHEMBL26194
DEC_1068,decoy,Cc1ccc(Sc2cncc3sc(/C=N/O)cc23)cc1,CHEMBL6258
DEC_4257,decoy,O=C(NC(C(=O)O)c1ccccc1)c1ccc(Cl)c(-c2ccc(-c3ccccc3)cc2)c1,CHEMBL34684
DEC_1720,decoy,O=C(c1ccc(C(F)(F)F)cc1)N1CCC(=Cc2ccc(C3=NCCO3)cc2)CC1,CHEMBL25285
DEC_0873,decoy,Nc1nc(N)c2c(CSc3cccc4ccccc34)coc2n1,CHEMBL283515
DEC_3358,decoy,CCCCN1CC2(CCN(CC(O)C3COc4ccccc4O3)CC2)OC1=O,CHEMBL27493
DEC_1393,decoy,CC(=O)NCCC1CCCc2ccc3c(c21)CCCO3,CHEMBL11328
DEC_3108,decoy,O=S(=O)(c1ccc2c(c1)CNCC2)C(Cl)(Cl)Cl,CHEMBL27599
DEC_3583,decoy,Cc1ccc(N2C(=O)[C@H]3C(c4ccccc4)NC4(C(=O)c5ccccc5C4=O)[C@H]3C2=O)cc1Cl,CHEMBL26380
DEC_4163,decoy,COc1nccc(-c2c(-c3ccc(F)cc3)ncn2CCCN2CCOCC2)n1,CHEMBL14318
DEC_0579,decoy,CN(Cc1cnc2nc(N)nc(N)c2n1)c1ccc(C(=O)NCCCCS(=O)(=O)O)cc1,CHEMBL26012
DEC_2898,decoy,O[C@H]1CCC2CN3CCc4cc5c(cc4[C@@H]3C[C@@H]2C1)OCO5,CHEMBL28531
DEC_3543,decoy,Cn1cncc1C(O)(c1ccc(Cl)cc1)c1cc2c3c(c1)c(-c1cccc(Cl)c1)cc(=O)n3CCC2,CHEMBL288693
DEC_0641,decoy,C[C@]12CCC3C4CCC(=O)C=C4CCC3C1CC[C@@]2(O)C#CCCBr,CHEMBL7682
DEC_0565,decoy,COC(=O)CCC(=O)N[C@@H]1CCC2(O)C3Cc4ccc(O)c5c4C2(CCN3CC2CC2)C1O5,CHEMBL27090
DEC_0532,decoy,C[C@H](CS)C(=O)N1CC2(C[C@H]1C(=O)O)SCCS2,CHEMBL16139
DEC_1444,decoy,Nc1nc(N)c2nc(Sc3cccc4ccccc34)cnc2n1,CHEMBL268388
DEC_3501,decoy,CCCCc1nn(CCC)c(C(=O)O)c1Cc1ccc(-c2ccccc2-c2nn[nH]n2)cc1,CHEMBL22796
DEC_3677,decoy,O=[N+]([O-])c1ccc(/C=N\c2ccc(-c3ncon3)cc2)o1,CHEMBL282009
DEC_3120,decoy,Cc1ccc(Cn2cnc3c(N(C)C)nc(Cl)nc32)cc1,CHEMBL416937
DEC_1280,decoy,CN([C@@H]1CCN2CCc3ccccc3[C@@H]2C1)S(=O)(=O)c1cccc2cccnc12,CHEMBL30979
DEC_3946,decoy,C[C@H]1C=C2c3cccc4c3[C@@H](CN4)C[C@H]2N(C)C1,CHEMBL289517
DEC_2878,decoy,CCCCn1cc2c(nc(N)n3nc(-c4ccco4)nc23)n1,CHEMBL16894
DEC_3644,decoy,CC(C)c1cccc(C(C)C)c1NC(=O)NS(=O)(=O)N(CC1CCCO1)CC1CCCO1,CHEMBL22896
DEC_2111,decoy,CCCCC[C@@H]1/C=C\C2C=CC(=O)[C@@H]2C/C=C\CCCC(=O)O1,CHEMBL275047
DEC_3618,decoy,CCN(CC)CCn1nc2c3c(c(CNS(C)(=O)=O)ccc31)Sc1ccc(O)cc1-2,CHEMBL30104
DEC_4474,decoy,C=CCc1cc(CCC(=O)OCC)ccc1C#CC1(O)CN2CCC1CC2,CHEMBL24362
DEC_3439,decoy,CCOc1ccc(-n2c(C)c3c(C)nnc(C4CC4)c3c2C)cc1,CHEMBL25612
DEC_0217,decoy,O=c1cc2n(C3CC3)c3cc(N4CCNCC4)c(F)cc3n2c(=O)[nH]1,CHEMBL29111
DEC_4138,decoy,CCN(CC)CC(=O)Nc1c2c(nc3ccccc13)N(Cc1ccccc1)CC2,CHEMBL284308
DEC_4333,decoy,CC(C)Cn1c(=O)c2nc[nH]c2n(CC(C)C)c1=O,CHEMBL26350
DEC_0828,decoy,C=CCN1C[C@H]2c3c(cccc3OC)CC[C@H]21,CHEMBL24161
DEC_0687,decoy,CCCCN1CCC[C@H]1CNC(=O)c1cc(Cl)cc2c1OCCN2C,CHEMBL283528
DEC_1892,decoy,COOC1(OOCCC(=O)O)CCCCCCCCCCC1,CHEMBL286278
DEC_1300,decoy,CN(C)CCN(C)c1ccc(-c2cc3ncccc3c(NCCCN)n2)cc1,CHEMBL285889
DEC_0778,decoy,O=C(O)[C@@H]1C[C@H]2C[C@@H](c3ccsc3-c3nn[nH]n3)CC[C@H]2CN1,CHEMBL16342
DEC_3066,decoy,NC1=NC(C#Cc2ccccc2)Cc2ccsc21,CHEMBL269162
DEC_3062,decoy,Cn1cc(C2=NC[C@@]3(C[N@@]4CC[C@@H]3C4)O2)c2ccccc21,CHEMBL276728
DEC_3785,decoy,CCc1ccc2nccc(NCCCN(C)C)c2c1[N+](=O)[O-],CHEMBL32041
ACT_075,active,O=C(c1cc2cc(Cl)ccc2n1Cc1ccc(Cl)cc1)N1CCN(Cc2ccc(Cl)cc2)CC1,CHEMBL4591824
DEC_2947,decoy,COc1ccccc1Oc1c(NS(=O)(=O)c2ccc(C(C)(C)C)cc2)ncnc1OCCOc1ncc(SC)cn1,CHEMBL114660
DEC_1983,decoy,N#CC(c1ccc(Cl)c(Cl)c1)C1CCCCC1,CHEMBL432482
DEC_1635,decoy,CN(C)CCc1c[nH]c2ccc3c(c12)CCCO3,CHEMBL412876
DEC_3435,decoy,c1ccc(CNc2nc(-c3ccccc3)nc3ccsc23)cc1,CHEMBL435363
DEC_2847,decoy,COc1cccc2c1CCC[C@H]2CN(C)CCc1ccc2c(c1)CCC2,CHEMBL10409
DEC_0283,decoy,CCCCN(C1=NCCN1)c1c(Br)cccc1Br,CHEMBL20093
DEC_2057,decoy,Cn1cncc1C(OCc1ccc(C#N)cc1)c1ccc(C#N)c(-c2cccc3cccnc23)c1,CHEMBL38595
DEC_2708,decoy,Cc1nc2c(n1Cc1ccc(-c3ccccc3-c3nn[nH]n3)cc1)C(O)(CC(=O)O)CCCC2,CHEMBL43861
DEC_3064,decoy,Cc1cccc(Cn2cnc3c(N(C)C)ncnc32)c1,CHEMBL7516
DEC_3110,decoy,Cn1cc(C2=NCC3(C[N+]4([O-])CCC3CC4)O2)c2ccccc21,CHEMBL274094
DEC_0424,decoy,NC(C[S+]([O-])CP(=O)(O)O)C(=O)O,CHEMBL29698
DEC_3241,decoy,CCCc1cc(=O)oc2c3c(c4c(c12)OC(C)(C)C=C4)O[C@H](CC)[C@H](C)[C@H]3O,CHEMBL266322
DEC_3188,decoy,CN(C)CCNc1ccc2c(CNCCO)nn3c4cccc(O)c4c(=O)c1c23,CHEMBL8434
DEC_1443,decoy,CCCCC[C@](C)(O)/C=C/C1[C@@H]2C[C@@H](O)[C@H]1C/C=C\CCCC(=O)O2,CHEMBL12539
DEC_2190,decoy,Cc1c(NC(=O)Cc2ccc(Cl)c(Cl)c2)ccc2nc(N)nc(N)c12,CHEMBL6812
DEC_4383,decoy,COC(=O)c1[nH]c(C(C)(C)C)cc1NC(=O)Nc1cccc2ccccc12,CHEMBL278924
DEC_3750,decoy,CC(C)Cc1ccc([C@]2(C)Oc3ccc(C(=O)c4cn(CCCC(=O)O)c5ccccc45)cc3O2)cc1,CHEMBL279206
DEC_3787,decoy,COC(=O)/C=C/C1C(c2ccc(C)cc2)C[C@H]2CCC1N2C,CHEMBL276332
DEC_0429,decoy,Cc1cn(CC2(CO)CC2CO)c(=O)[nH]c1=O,CHEMBL23204
DEC_1506,decoy,C=CCOC(=O)C1C2C(=O)CC(c3ccc(O)cc32)C1C(=O)OCC[Si](C)(C)C,CHEMBL12292
DEC_4244,decoy,CC/C1=C(\c2ccc(O)cc2)c2ccc(OCCN(C)C)cc2SCc2ccccc21,CHEMBL276797
DEC_3673,decoy,CC(C)(C)NCC(O)COc1cccc2c1SCCC2,CHEMBL434200
DEC_2588,decoy,O=C(O)C[C@H](NC(=O)C1Cc2ccccc2N1C(=O)C(=O)Nc1cccc2ccccc12)C(=O)COc1c(F)c(F)cc(F)c1F,CHEMBL314932
DEC_3051,decoy,C[C@]12CC[C@H]3[C@@H](CCC4CC(=O)C=CN43)[C@@H]1CCC2=O,CHEMBL14220
DEC_1333,decoy,O=C(O)CCC/C=C\C[C@H]1C(=O)CC[C@@H]1NS(=O)(=O)c1ccc(F)cc1,CHEMBL441510
DEC_0480,decoy,COc1cc(CC(C)NCC#N)c(OC)cc1I,CHEMBL11006
DEC_3575,decoy,CC(C)NC(=O)N(C(=O)[C@H]1CCC2C3CCC4N(C)C(=O)C=C[C@]4(C)C3CC[C@@]21C)C(C)C,CHEMBL25593
DEC_2287,decoy,COCCN(CCOC)c1nc2cc(-c3ccc(OC)cc3)nnc2c2ccccc12,CHEMBL274757
DEC_0234,decoy,CN1CCN(c2cc3c(cc2F)c(=O)c(C(=O)O)c2n3CCS2)CC1,CHEMBL28682
DEC_3804,decoy,CSc1ccc(N2CCN(Cc3c[nH]c4ncccc34)CC2)cc1,CHEMBL28651
DEC_0516,decoy,CSc1c(Cl)cc(-n2ncc(=O)[nH]c2=O)cc1Cl,CHEMBL26375
DEC_2369,decoy,Oc1nc2cc(C#CCN3CCC(=Cc4ccc(F)cc4)CC3)ccc2[nH]1,CHEMBL19590
DEC_3092,decoy,CCOC(=O)c1ccc(/C=C(C)/C=C/C2=C(C)CCCC2(C)C)cc1,CHEMBL20501
DEC_0933,decoy,COC(=O)c1nc(-c2cc(Cl)cc(Cl)c2)c(-c2cc(Cl)cc(Cl)c2)[nH]1,CHEMBL7808
DEC_1064,decoy,CCC1CC(C)c2cc3c(C(F)(F)F)cc(=O)oc3cc2N1,CHEMBL269305
DEC_1484,decoy,CC1N=CN(Nc2ccccc2)C1c1ccccc1,CHEMBL288964
DEC_2679,decoy,CCn1cc(C(=O)O)c(=O)c2cc(F)c(N3CCOC(CN)C3)c(F)c21,CHEMBL28858
DEC_4142,decoy,Cc1cccc(C)c1OS(=O)(=O)NC(=O)Oc1c(C(C)C)cccc1C(C)C,CHEMBL278761
DEC_0288,decoy,CC(C)=CCN(C1=NCCN1)c1c(Br)cccc1Br,CHEMBL21171
DEC_3111,decoy,Cc1ccc2c(c1)c(C1=NCC3(CN4CCC3CC4)O1)cn2C,CHEMBL267297
DEC_4535,decoy,C=C(Br)CN1C[C@H](OCC23C[C@@H]4[C@H](C)CC[C@H]4C4(C=O)CC2C=C(C(C)C)C34C(=O)O)O[C@H](C)[C@@H](OC)C1,CHEMBL297577
DEC_1271,decoy,NC1CCN(c2c(F)cc3c(=O)c(C(=O)O)cn(C4CC4)c3c2C(F)(F)F)C1,CHEMBL15416
DEC_2552,decoy,CC1(C)[C@@H]2CC[C@@]1(CS(=O)(=O)N1CCC3(CCc4ccccc43)CC1)[C@@H](NC(=O)N(CCc1c[nH]cn1)CCS(C)(=O)=O)C2,CHEMBL338576
DEC_4554,decoy,COc1cc2c(cc1OCCCCCC(=O)N1C[C@@H](CCl)c3c1cc(O)c1ccccc31)NC(=O)[C@@H]1CCCN1C2=O,CHEMBL307801
DEC_3214,decoy,CC1(C)OC(S)=Nc2c(Br)cc(-c3ccc(C#N)c(F)c3)cc21,CHEMBL27922
DEC_2349,decoy,CN(C=O)[C@H]1CCC2C3CC[C@H]4NC(=O)CC[C@]4(C)C3CC[C@@]21C,CHEMBL16743
DEC_2681,decoy,CC(C)(C)n1cc(C(=O)O)c(=O)c2cc(F)c(N3CC4CC3CN4)nc21,CHEMBL283387
DEC_1286,decoy,O=C1Cc2cc(CCN3CCN(c4nsc5ccccc45)CC3)ccc2N1,CHEMBL35743
DEC_1575,decoy,Nc1nc(N)c2c(CCc3ccc4ccccc4c3)cccc2n1,CHEMBL7134
DEC_1487,decoy,CC(C)(C)C1CSC(c2ccccc2)SC1,CHEMBL287444
DEC_3614,decoy,O=C1[C@@H](NS(=O)(=O)c2ccc(-c3ccon3)s2)CCN1Cc1cc2[nH]cccc-2n1,CHEMBL8368
DEC_1428,decoy,COC(=O)c1ccc(Nc2c(NC(C)C(C)(C)C)c(=O)c2=O)cc1,CHEMBL19058
DEC_1391,decoy,C=CC1CN2CCC1CC2C(O)c1ccnc2ccccc12,CHEMBL15134
DEC_0551,decoy,Nc1ncnc2c1ncn2C1C=CC(OCP(=O)(O)OP(=O)(O)OP(=O)(O)O)C1,CHEMBL281913
DEC_3848,decoy,COC[C@H]1OC(=O)C(=C(C)C)C2=C(O)C(=O)C3=C([C@H](OC(C)=O)C[C@]4(C)C(=O)CC[C@@H]34)[C@]21C,CHEMBL18596
DEC_2042,decoy,CNCCC(=O)N1c2ccccc2N2CCc3cccc(c32)C1C,CHEMBL28956
DEC_3212,decoy,CC1(C)OC(S)=Nc2c(Br)cc(-c3cc(F)cc(C#N)c3)cc21,CHEMBL24963
DEC_4559,decoy,CS(=O)(=O)NC(=O)CCc1ccccc1CC1C2CCC(O2)C1c1nc(C(=O)NCCCCC2CCCCC2)co1,CHEMBL30398
DEC_3769,decoy,CC1(C)OC[C@@H](C/C=C\CCC(=O)O)[C@@H](c2ccnnc2)O1,CHEMBL18325
DEC_2799,decoy,ClP1(Cl)=NP(Cl)(Cl)=NP(N2CC2)(N2CC2)=N1,CHEMBL285314
DEC_0915,decoy,Clc1ccc2c(c1)[C@H]1OCCC[C@H]1[C@@H](c1c[nH]c3ccc(Br)cc13)N2,CHEMBL24848
DEC_4115,decoy,C=CCC1Oc2ccc(OCC#N)c(OC)c2-c2ccc3c(c21)C(C)=CC(C)(C)N3,CHEMBL8055
DEC_0607,decoy,CN1C(=O)CC[C@]2(C)C3CC[C@@]4(C)C(CC[C@@H]4N(C=O)C4CCCCC4)C3CC[C@@H]12,CHEMBL16927
DEC_2547,decoy,C[C@@]12C=Cc3occc3C1CC[C@@]13CC(CCC12)C(O)(CO)C3,CHEMBL282576
DEC_4531,decoy,Oc1c(Cl)c(OCC(F)(F)F)nc(C(Cl)(Cl)Cl)c1Cl,CHEMBL11430
DEC_0246,decoy,CNC1(C)CN(c2c(F)cc3c(=O)c(C(=O)O)cn4c3c2OC[C@@H]4C)C1,CHEMBL19722
DEC_2826,decoy,COc1cccc2c1CCC[C@H]2CN(C)CCc1ccc2nc(C)sc2c1,CHEMBL10304
DEC_1307,decoy,O=C(O)CCCCCC(=O)N1CCC2(CCN(c3ccncc3)CC2)C1,CHEMBL13002
DEC_0324,decoy,N[C@H](CCC(=O)O)C(=O)N(Cc1ccc2ccccc2c1)Cc1cccc2ccccc12,CHEMBL8287
DEC_3828,decoy,C[C@@H]1[C@@H](N)CN1c1c(F)cc2c(=O)c(C(=O)O)cn(-c3ccc(F)cc3F)c2c1Cl,CHEMBL278768
DEC_0154,decoy,CCN(CC)c1nc(C)nc2c1sc(=S)n2-c1c(C)cc(C)cc1C,CHEMBL413968
DEC_4407,decoy,O=C1Nc2ccc(Cl)cc2C(OCc2ccccc2)(C(F)(F)F)O1,CHEMBL277578
DEC_1954,decoy,c1csc([C@@H]2CN3CCC[C@H]3c3ccsc32)c1,CHEMBL286135
DEC_1849,decoy,CC12CC3(C)CC(C)(C1)CC(NC(=O)N(CCCl)N=O)(C2)C3,CHEMBL11985
DEC_4327,decoy,C=C(C)CN1CCN(CC(C)C)C(C2=NCCN2)C1,CHEMBL446611
DEC_1217,decoy,CCCCCCC[C@H]1OC(=O)C[C@@H](O)[C@H](Cc2ccccc2)N(C)C(=O)[C@H](C(C)CC)OC(=O)[C@H]1C,CHEMBL7886
DEC_0672,decoy,O=c1cnn(-c2cc(Cl)c(Sc3ccccc3)c(Cl)c2)c(=O)[nH]1,CHEMBL27865
DEC_2570,decoy,O=C(N[C@@H](Cc1ccccc1)[C@@H](O)C[C@]1(Cc2ccccc2)CCN([C@@H]2CS(=O)(=O)Cc3ccccc32)C1=O)O[C@H]1CCOC1,CHEMBL357039
DEC_2242,decoy,COC(c1cc([N+](=O)[O-])cc2nc(O)c(O)nc12)P(=O)(O)O,CHEMBL275966
DEC_1743,decoy,CN1C(=O)CC[C@]2(C)C3CC[C@@]4(C)C(CC[C@@H]4N(C=O)Cc4ccccc4)C3CC[C@@H]12,CHEMBL276527
DEC_0069,decoy,CCCN(CCC)[C@H]1C[C@@H]1c1ccccc1O,CHEMBL37844
DEC_3247,decoy,[O-][S+](Cc1[nH]c2ccccc2c1Sc1ccccc1)c1ccccc1,CHEMBL280551
DEC_2278,decoy,c1ccc2oc(COc3ccc(-c4nnn(CCCCc5nnn[nH]5)n4)cc3)cc2c1,CHEMBL262370
DEC_1796,decoy,O=C1N(Cc2ccc3nc(O)oc3c2)[C@H](Cc2ccccc2)[C@H](O)[C@@H](O)[C@@H](Cc2ccccc2)N1Cc1ccc2nc(O)oc2c1,CHEMBL98826
DEC_1475,decoy,CCSc1ccc2c(c1)c1c(n2C)CCCC1,CHEMBL19538
DEC_1977,decoy,CC(C)(C)C#C/C=C/CNc1cccc2ncccc12,CHEMBL422402
DEC_2334,decoy,O=C(O)c1ccc(S(=O)(=O)Oc2ccc(-c3ccc(-c4c(Cc5ccccc5)oc5ccccc45)cc3)cc2[N+](=O)[O-])cc1O,CHEMBL538903
DEC_4076,decoy,COc1cccc2c1CCC[C@H]2CN(C)CCc1ccc2c(c1)CC(=O)N2,CHEMBL9869
DEC_3351,decoy,CC(C)(C)NC(=O)[C@@H]1C[C@@H]2CCCC[C@@H]2CN1C[C@@H](O)[C@H](Cc1ccccc1)NC(=O)O[C@@H]1CCS(=O)(=O)C1,CHEMBL275389
DEC_4017,decoy,CCc1c(Sc2cc(Cl)cc(Cl)c2)n(COCCO)c(=S)[nH]c1=O,CHEMBL17070
DEC_0215,decoy,O=c1cc2n(C3CC3)c3cc(N4CCNCC4)c(F)cc3n2c(=O)n1O,CHEMBL417118
DEC_1076,decoy,Cc1cc(C)cc(Sc2cncc3sc(C(N)=O)cc23)c1,CHEMBL6275
DEC_1411,decoy,NC1CCN(c2c(F)cc3c(=O)c(C(=O)O)cn(C4CC4)c3c2Cl)C1,CHEMBL278255
DEC_0134,decoy,Cc1cc(C(c2ccc(C(C)C)cc2)C2CCN(C)CC2)sn1,CHEMBL22142
DEC_0055,decoy,O=Nc1ccc(N(CCCl)CCCl)cc1,CHEMBL19868
DEC_4421,decoy,N[C@@H](C(=O)N[C@@H]1C(=O)N2C(C(=O)O)=C(C(F)(F)F)CC[C@H]12)c1ccc(O)cc1,CHEMBL22384
DEC_1792,decoy,COC(=O)c1cccn1-c1cc2nc(O)c(O)nc2cc1C(F)(F)F,CHEMBL12896
DEC_1172,decoy,Nc1nc(F)nc2c1ncn2[C@H]1O[C@@H](CO)C=C1F,CHEMBL280529
DEC_3884,decoy,SC1=Nc2ccc(-c3cccc(-c4ccccc4)c3)cc2C12CCCCC2,CHEMBL412874
DEC_4109,decoy,COC(=O)c1nc(O)n2cccc(-c3ccc(-n4ccnc4C)cc3)c12,CHEMBL282992
DEC_3961,decoy,CNCC1NCC(c2ccccc2)c2ccccc21,CHEMBL6649
DEC_0131,decoy,CC(C)(C)c1cc(/C=C/c2ccc[n+]([O-])c2)cc(C(C)(C)C)c1O,CHEMBL8631
DEC_4210,decoy,CCc1nsc(-c2ccc(N3CCN(c4cccc(C(F)(F)F)c4)CC3)nn2)n1,CHEMBL277794
DEC_1026,decoy,CC(C)N(CC[C@]1(c2ccccc2)C(=O)N[C@@H](C)N2CCCC[C@@H]21)C(C)C,CHEMBL282088
DEC_1141,decoy,CCCc1nc(-n2cccc2C(=O)C(F)(F)F)c(C(=O)O)n1Cc1ccc(-c2ccccc2-c2nn[nH]n2)cc1,CHEMBL307844
DEC_2487,decoy,CCCC[C@H]1CC2C3CCC(=O)C3(C)CCC2C2(C)CCC(=O)C=C12,CHEMBL24946
DEC_3738,decoy,C/C1=C/CC[C@]2(C)[C@@H]([C@H](C)COC(=O)c3ccccc3)CC[C@H]2c2ccc(cc2C(=O)O)C[C@@H](O)CC1,CHEMBL43841
DEC_4136,decoy,CC1CCN(CC[C@@H](C)N(C)S(=O)(=O)c2ccc(Cl)c(Cl)c2)CC1,CHEMBL275996
DEC_0180,decoy,c1ccc(CNc2nc(Cc3ccncc3)nc3ccsc23)cc1,CHEMBL31390
DEC_1702,decoy,C[Si](C)(C)c1ccc(C2=C(Cc3ccccc3)c3ccccc3C3=NCCCN32)cc1,CHEMBL276026
DEC_0519,decoy,CN1C[C@H](CN2CC(=O)NC2=O)C[C@@H]2c3cccc4[nH]cc(c34)C[C@H]21,CHEMBL13588
DEC_1195,decoy,Nc1ncnc2c1ncn2CCOCP(=O)(OCC(Cl)(Cl)Cl)OCC(Cl)(Cl)Cl,CHEMBL54330
DEC_4326,decoy,CC(C)CCn1c(=O)c2nc[nH]c2n(CC(C)C)c1=O,CHEMBL20613
DEC_4514,decoy,Nc1nc(N)c2c(S(=O)(=O)c3ccc(Cl)c(Cl)c3)cccc2n1,CHEMBL6552
DEC_2459,decoy,CCCCCC#Cc1cc(O)c2c(c1)OC(C)(C)[C@@H]1CC=C(C)C[C@@H]21,CHEMBL279147
DEC_3321,decoy,CC(C)CCN(C[C@@H](O)[C@@H]1Cc2ccc(cc2)OCCCC(=O)N[C@@H](C(C)C)C(=O)N1)S(=O)(=O)c1ccccc1,CHEMBL288010
DEC_2534,decoy,CN(C)CC1CCCCN1C1c2ccccc2Oc2ccccc21,CHEMBL20706
DEC_3251,decoy,CCN(CC)C(=S)SC(C(=O)c1ccc(Cl)cc1)=C1SCCS1,CHEMBL36233
DEC_2690,decoy,CNn1cc(C(=O)O)c(=O)c2cc(F)c(N3CCN(C(C)C)CC3)cc21,CHEMBL12492
DEC_1739,decoy,O=C1c2ccccc2CN1C1CCC(N2CCN(c3nsc4ccccc34)CC2)CC1,CHEMBL41309
DEC_3537,decoy,CC(C)NC(=O)c1ccc(CC2CCN(C3CCN(C(=O)c4ccc(F)c5c(F)cccc45)CC3)CC2)cc1,CHEMBL51574
DEC_2210,decoy,O=C(O)C1=CNC2=C(/C=N/c3ccccc3C(=O)O)CCCN2C1=O,CHEMBL22577
DEC_1801,decoy,N[C@H](/C=C\[C@@H]1C[C@H]1c1c[nH]cn1)CC1CCCCC1,CHEMBL19469
DEC_1924,decoy,CCc1cn([C@@H]2O[C@H](CNC(=O)C3c4ccccc4Oc4c(OC)cccc43)[C@@H](O)[C@@H]2F)c(=O)[nH]c1=O,CHEMBL42389
DEC_2473,decoy,CC1(C)OC(S)=Nc2ccc(-c3cc(Cl)cc(Cl)c3)cc21,CHEMBL24581
DEC_0626,decoy,CC(C)(C)NC(=O)[C@H]1CCC2C3CCC4=C(Cl)C(=O)CC[C@]4(C)C3CC[C@@]21C,CHEMBL277403
DEC_3561,decoy,CCN1C(=O)c2c(ncn2Cc2ccc(O)c(Br)c2)N2C1=N[C@@H]1CCC[C@@H]12,CHEMBL283242
DEC_2585,decoy,CC(C)C(NC(=O)C1CCCN1C(=O)[C@@H](NC(=O)c1ccc(C(=O)C2CCOCC2)cc1)C(C)C)C(=O)C(F)(F)C(F)(F)F,CHEMBL115817
DEC_0527,decoy,OC[C@@H]1C[C@@H]2CN3CCc4cc5c(cc4[C@@H]3C[C@@H]2C[C@@H]1O)OCO5,CHEMBL30114
DEC_2368,decoy,Cc1cc2nc(/C=C/c3ccc[n+](C)c3)[nH]c2cc1C.F[B-](F)(F)F,CHEMBL34006
DEC_0611,decoy,C[C@@H]1CC2C3CCC4=CC(=O)C=CC4(C)[C@@]3(Cl)C(Cl)CC2(C)C1C(=O)CO,CHEMBL16418
DEC_0709,decoy,Cc1cc(SC2=C(O)OC(C)(CCc3ccc(O)cc3)CC2=O)c(C(C)(C)C)cc1O,CHEMBL37668
DEC_0949,decoy,Nc1nc(O)c2ncn(CCCCP(=O)(O)CP(=O)(O)O)c2n1,CHEMBL7068
DEC_0500,decoy,CC(/N=c1\c(O)c(O)\c1=N/c1cccc2cccnc12)C(C)(C)C,CHEMBL18482
DEC_0322,decoy,Cc1cc(C(=O)Nc2cc(C(=N)N(C)C)cs2)n(-c2cc3ccccc3cc2F)n1,CHEMBL280214
DEC_3371,decoy,CCn1cc(C(=O)O)c(=O)c2cc(Br)c(N3CCN(C)CC3)cc21,CHEMBL27540
DEC_3239,decoy,CN(C)c1ccc(-c2nnc3c4ccccc4c(N4CCCC4)nn23)c(Cl)c1,CHEMBL276260
DEC_2544,decoy,Cc1ccc(Sc2cncc3sc(C(N)=O)cc23)cc1,CHEMBL267678
DEC_2880,decoy,CC(/C=C/C(=O)C1=C(O)CN(C)C1=O)=C\C1CCCCO1,CHEMBL10300
DEC_1339,decoy,Cc1ccc(S(=O)(=O)N[C@H]2CC[C@@H](F)[C@@H]2C/C=C\CCC(=O)O)cc1,CHEMBL21255
DEC_1332,decoy,Cc1cc(C)cc(Sc2c(C)c(=O)[nH]c(=S)n2COCCO)c1,CHEMBL279409
DEC_4430,decoy,COc1ccc(OC)c(-c2csc(NC(=O)C(=O)O)n2)c1.NCCO,CHEMBL16144
DEC_1989,decoy,CN1C2CCC1[C@@H](/C=C/Cl)[C@@H](c1ccc(Cl)cc1)C2,CHEMBL28394
DEC_3161,decoy,Nc1nc(O)c2ncn(CCCCCCP(=O)(O)CP(=O)(O)O)c2n1,CHEMBL7319
DEC_3889,decoy,CO[C@H]1CCC2(C)C(=CCC3C2CCC2(C)C3CC[C@@H]2N(C)CCCC(C)C)C1,CHEMBL9078
DEC_3154,decoy,CN1CCN(C2=Nc3cc(F)ccc3Nc3sccc32)CC1,CHEMBL276754
DEC_1991,decoy,CC1(C)OC(/C=C/C=C/c2ccc(Cl)cc2)=CC1=O,CHEMBL18147
DEC_0213,decoy,CC1(N2C(=O)c3c(F)c(F)c(F)c(F)c3C2=O)CCC(=O)NC1=O,CHEMBL11282
DEC_0589,decoy,OC[C@@]12C[C@@H]1[C@@H](n1cnc3c(NCc4cccc(I)c4)ncnc31)[C@H](O)[C@@H]2O,CHEMBL417292
DEC_1265,decoy,CCCc1cc(=O)oc2c(C(=O)C(C)(C)C(C)O)c(O)c3c(c12)OC(C)(C)C=C3,CHEMBL269121
DEC_4211,decoy,CCOC(=O)C1(c2cccc(OCc3ccc4c(ccc(=O)n4C)c3)c2)CCOCC1,CHEMBL20749
DEC_4190,decoy,CC(C)(C)Sc1ccc(S(=O)(=O)CS(=O)(=O)C(F)(F)F)cc1,CHEMBL12821
DEC_1171,decoy,CCc1c(Cl)nc(NC)nc1N1CCN(C)CC1,CHEMBL35502
DEC_3433,decoy,O/N=C/c1ccc(Sc2cc(F)cc(C3CCOCC3)c2)cc1,CHEMBL279716
DEC_0223,decoy,NC1CCN(c2cc3c(cc2F)c(=O)c(C(=O)O)cn3C2CCC2)C1,CHEMBL15373
DEC_2047,decoy,CCCCN1CCC[C@H]1CNC(=O)c1cc(Cl)cc2c1OCC2,CHEMBL22772
DEC_3713,decoy,COc1cc(NC(C)CCCN)c2nccc(C)c2c1Oc1cc(C(F)(F)F)cc(C(F)(F)F)c1,CHEMBL12757
DEC_2313,decoy,Cc1cc(SC2=C(O)OC(CCc3ccc(N)cc3)(C(C)C)CC2=O)c(C(C)(C)C)cc1OS(=O)(=O)c1ccc(C#N)cc1,CHEMBL168525
DEC_1685,decoy,CCCN1N=C2/C(=C/c3cccc(C(F)(F)F)c3)CSCC2C1c1cccc(C(F)(F)F)c1,CHEMBL35460
DEC_3974,decoy,c1ccc(C(CCc2nc(CCNC3CC3)c[nH]2)c2ccccc2)cc1,CHEMBL274831
DEC_0334,decoy,Oc1cc(NC[C@H]2CCC[C@@H]2NCc2ccc(Cl)c(Cl)c2)nc2ccccc12,CHEMBL23719
DEC_1689,decoy,CCOC(=O)[C@]12CCC(C)(C)CC1C1C(=O)C=C3[C@@]4(C)C=C(C#N)C(=O)C(C)(C)[C@@H]4CC[C@@]3(C)[C@]1(C)CC2,CHEMBL8348
DEC_4011,decoy,COc1c(C(C)C)cc(Cc2cnc(N)nc2N)cc1C(C)C,CHEMBL280374
DEC_3203,decoy,NCCCNc1ccc2c(CNCCO)nn3c4cccc(O)c4c(=O)c1c23,CHEMBL275751
DEC_2725,decoy,O=C(Nc1ccc(S(=O)(=O)N2Cc3ccccc3C[C@@H]2C(=O)NO)cc1)OCc1ccccc1,CHEMBL59527
DEC_1785,decoy,O=C1NC(=O)c2c1c1c3ccccc3cnc1c1[nH]c3c(CCO)cccc3c21,CHEMBL278794
DEC_2432,decoy,CN(C)CCOc1ccc(C2Oc3ccccc3C=C2c2ccccc2)cc1,CHEMBL27547
DEC_0604,decoy,CN1C(=O)CC[C@]2(C)C3CC[C@@]4(C)C(CC[C@@]4(O)C#CCCCBr)C3CCC12,CHEMBL10018
DEC_1231,decoy,COc1ccc(OCCCN(C)CCOc2ccc3c(c2)OCO3)c(C2Sc3ccccc3N(C)C2=O)c1,CHEMBL56364
ACT_086,active,Cc1nn(-c2ccccc2)c(N(C)C)c1/C=N/Nc1nc2ccccc2nc1O,CHEMBL3325733
DEC_1560,decoy,Nc1nc(N)c2cc(NCc3ccc(Cl)c(Cl)c3)ccc2n1,CHEMBL414017
DEC_3364,decoy,O=C(O)COCC1CCN(C(=O)N2CCC3(CC2)CCN(c2ccncc2)C3)CC1,CHEMBL275967
DEC_2989,decoy,CO[C@@H]1[C@@H](C)O[C@@H](OCC23C[C@@H]4[C@H](C)CC[C@H]4C4(C=O)CC2C=C(C(C)C)C34C(=O)O)C(O)[C@@H]1OC(=O)OCc1ccccc1,CHEMBL437455
DEC_1611,decoy,C#CC(C)(C)NC(=O)c1cc(Cl)cc(Cl)c1,CHEMBL283487
DEC_2523,decoy,Cc1c2cnccc2c(C)c2c1c1ccccc1n2CCCN(C)C,CHEMBL24976
DEC_4002,decoy,COc1cc2c(c3ccccc3n2C)c2c(NCCN(C)C)nccc12,CHEMBL19815
DEC_3976,decoy,CCCCCC(O)c1cccc(OCc2cccc(C#N)n2)c1,CHEMBL269688
DEC_2249,decoy,CCCCc1nc(CCCC)n(Cc2ccc(-n3ccc(-c4nn[nH]n4)c3)cc2)n1,CHEMBL13071
DEC_1659,decoy,CC(C)(C)c1ccc(C(F)(F)F)cc1NC(=O)[C@H]1CCC2C3CNC4=CC(=O)CC[C@]4(C)C3CC[C@@]21C,CHEMBL277224
DEC_2259,decoy,COC(=O)c1ccc(OCCN(C)CCc2ccc(NS(C)(=O)=O)cc2)cc1,CHEMBL15710
DEC_1183,decoy,O=C(O)C1CC2CC(CCc3nnn[nH]3)CCC2CN1,CHEMBL16315
DEC_0219,decoy,C[C@@H]1[C@@H](N)CN1c1c(F)cc2c(=O)c(C(=O)O)cn3c2c1OC[C@@H]3C,CHEMBL416367
DEC_1784,decoy,CC1(C)Oc2ccc(C#N)cc2C(NC(=O)c2ccc(C#N)cc2)[C@@H]1O,CHEMBL16506
DEC_4343,decoy,CC(C)NC1=NS(=O)(=O)c2cc(Cl)cnc2N1,CHEMBL34133
DEC_1687,decoy,COc1cc2c(cc1C(F)(F)F)N(C(=O)Nc1cc(-c3ccccc3)cc(-c3cccnc3)c1)CC2,CHEMBL280297
DEC_0074,decoy,C[C@H](Cc1ccccc1)N(C)CCc1ccccc1,CHEMBL436542
DEC_2940,decoy,COC1OC(C(=O)NCCCNC(=O)C2=CC3=C(C(=O)c4ccccc4C3=O)C(OC)O2)=CC2=C1C(=O)c1ccccc1C2=O,CHEMBL40637
DEC_1527,decoy,CC(C)=CCSC1C=C(O)n2c(nc3c2C(=O)N(C)CN3C)N1Cc1ccccc1,CHEMBL14671
DEC_4292,decoy,CC[C@@H]1[C@@H](C)C(=O)CC23CCN(C)C(Cc4ccc(OC)cc42)[C@@H]13,CHEMBL33791
DEC_4274,decoy,CC(C)(C)C1CCC(NC(=O)N(CCCl)N=O)CC1,CHEMBL12827
DEC_2637,decoy,COCCNC(=O)C1CCN(c2nc(N)c3cc(OC)c(OC)cc3n2)CC1,CHEMBL267164
DEC_2189,decoy,O=C1NC(=O)c2cc(Nc3ccc(F)cc3)c(Nc3ccc(F)cc3)cc21,CHEMBL7939
DEC_3772,decoy,CCC(=O)N(c1ccc(Cl)c(Cl)c1)C1CCCC1N,CHEMBL279728
DEC_3418,decoy,COc1cc2c(c3cc(O)ccc3n2C)c2c(Cl)nccc12,CHEMBL430334
DEC_2783,decoy,CC(C)CN(C[C@@H](O)[C@H](Cc1ccc(OCCN)cc1)NC(=O)O[C@H]1CO[C@H]2OCC[C@H]21)S(=O)(=O)c1ccc2c(c1)OCO2,CHEMBL189006
DEC_2082,decoy,Brc1ccc2c(c1)CC=C(c1ccccc1)C(N1CCN(c3ccccc3)CC1)=N2,CHEMBL276763
DEC_4229,decoy,Cc1cc(C)c(NC(=O)C(C)(C)CCCCCCN2CCCCC2)c2c1CC(C)(C)O2,CHEMBL23782
DEC_0430,decoy,NC(Cc1cccc(P(=O)(O)O)c1)C(=O)O,CHEMBL288590
DEC_4164,decoy,O=c1oc2ncccc2n1CCCCCN1CCN(c2ccc(F)cc2)CC1,CHEMBL23693
DEC_4603,decoy,CNn1cc(C(=O)O)c(=O)c2cc(F)c(N3CCCCC3)cc21,CHEMBL275484
DEC_4464,decoy,COc1ccccc1N1CCN(CCNC(=O)C2CC3CCC2C3)CC1,CHEMBL23847
DEC_1938,decoy,NC(=O)[C@H](Cc1ccc(O)cc1)NC(=O)C1CCN(/C=C2\N=C(c3ccc(Br)cc3)OC2=O)CC1,CHEMBL293117
DEC_3408,decoy,C=CCC1Oc2cccc(CN)c2-c2ccc3c(c21)C(C)=CC(C)(C)N3,CHEMBL8340
DEC_0392,decoy,CC(=O)OC1C(=O)N(c2cc3c4ccccc4ccc3c3ccccc23)[C@H]1c1ccccn1,CHEMBL290128
DEC_3326,decoy,CC(C)(C)NC(=O)[C@@H]1C[C@@H]2CCCC[C@@H]2CN1CC(O)C(Cc1ccccc1)NC(=O)O[C@H]1CO[C@H]2OCC[C@H]21,CHEMBL305159
DEC_1086,decoy,COC(=N)N1CCc2ccc3sc4ccccc4c3c2C1,CHEMBL273403
DEC_0947,decoy,O=P(O)(O)c1cn2c3c(nc(O)c2n1)-c1cccc(Cc2nn[nH]n2)c1C3,CHEMBL25529
DEC_4068,decoy,COc1ccc2c(C(=S)N(C)CC(=O)O)cccc2c1C(F)(F)F,CHEMBL436
DEC_0766,decoy,CC1OC(SCCC23C[C@H]4C[C@@H](C2)C[C@@H](C3)C4)C(O)C(O)C1O,CHEMBL274753
DEC_1135,decoy,CCCCc1nc2ccn(Cc3ccccc3F)c(=O)c2n1Cc1ccc(-c2ccccc2-c2nn[nH]n2)cc1,CHEMBL44925
DEC_4601,decoy,OC(c1ccc(F)cc1)C(O)(Cn1cncn1)c1ccc(F)cc1,CHEMBL10691
ACT_032,active,Cc1ccc(Nc2c(F)cccc2Cl)c(CNc2nnn[nH]2)c1,CHEMBL4470517
DEC_0125,decoy,c1ccc(C2(c3ccccc3)CCC(C3CCCCN3)C2)cc1,CHEMBL27050
DEC_2355,decoy,O=C1N[C@@H]2CCCC[C@H]2N1C1CCN(CC2CCCCCCC2)CC1,CHEMBL280778
DEC_1519,decoy,Cc1ccc(Sc2cncc3sc(C(=O)NCCCN4CCOCC4)cc23)cc1,CHEMBL6762
DEC_0804,decoy,NCCCCNCc1cccc2ccccc12,CHEMBL23978
DEC_3931,decoy,C=C1C=C2c3cccc4[nH]cc(c34)C[C@H]2N(C)C1,CHEMBL39604
DEC_1164,decoy,OCC1CCC(n2cnc3c(Br)ncnc32)O1,CHEMBL16790
DEC_4302,decoy,COC(=O)C1=C(C)N=C(C)/C(=C(\O)OC)C1c1ccc(C)cc1,CHEMBL25934
DEC_2059,decoy,Cn1cncc1CN(Cc1ccnc(C#N)c1)c1ccc(C#N)c(-c2cccc3ccccc23)c1,CHEMBL282959
DEC_1894,decoy,Cc1cc2nc([S+]([O-])Cc3ccccc3N)[nH]c2cc1C,CHEMBL282272
DEC_2330,decoy,Cc1noc(NS(=O)(=O)c2ccccc2-c2ccc(-c3ncco3)cc2CN(C)C(=O)Cc2ccc(C(F)(F)F)cc2)c1C,CHEMBL282336
DEC_4420,decoy,Nc1ccc([C@@H](N)C(=O)N[C@@H]2C(=O)N3C(C(=O)O)=C(C(F)(F)F)CC[C@H]23)cc1,CHEMBL283808
DEC_2678,decoy,O=C(O)C1=CC(C2CC2)c2nc(N3CC/C(=N\O)C3)c(F)cc2C1=O,CHEMBL29033
DEC_1061,decoy,CC1(C)OC(/C=C/c2ccc(Cl)cc2Cl)=CC1=O,CHEMBL18470
DEC_0355,decoy,CCN(CC)c1nc(C)nc2c1sc(=S)n2-c1ccc(C(C)C)cc1Br,CHEMBL18029
DEC_1661,decoy,CC(C)(C)c1cccc(C(C)(C)C)c1OC(=O)NS(=O)(=O)Oc1c(C(C)(C)C)cccc1C(C)(C)C,CHEMBL22725
DEC_3601,decoy,CCCC1N(Cc2ccc(-c3ccccc3-c3nn[nH]n3)cc2)C(=O)c2ccccc2N1C,CHEMBL279129
DEC_0367,decoy,Fc1ccc([C@H]2OC(=S)O[C@]2(Cn2cncn2)c2ccc(Cl)cc2Cl)cc1,CHEMBL10071
DEC_1999,decoy,C[C@@H](N)Cc1c2c(c(C(F)(F)F)c3c1OCC3)OCC2.Cl,CHEMBL6452
DEC_2993,decoy,CC[C@@]1(O)C(=O)OCc2c1cc1n(c2=O)Cc2c-1nc1cnc(C#CCN)cc1c2C,CHEMBL13523
DEC_0783,decoy,O=C(O)c1cn(C2CC2)c2cc(N3CCNCC3)c(F)c(O)c2c1=O,CHEMBL16051
DEC_1019,decoy,CCCN1C[C@H](C(=O)N(CC)CC)C=C2c3cccc4[nH]cc(c34)C[C@H]21,CHEMBL22258
DEC_1597,decoy,C1CCC2N=C(NC(C3CC3)C3CC3)CC2C1,CHEMBL40287
DEC_4192,decoy,CC(S(=O)(=O)c1ccc(OC(F)(F)F)cc1)S(=O)(=O)C(F)(F)F,CHEMBL11767
DEC_3417,decoy,CC(C)CC1CCNc2cc3nc(O)cc(C(F)(F)F)c3cc21,CHEMBL282813
DEC_4042,decoy,CC(=O)c1cc2c(s1)[C@@H](NC(=O)c1ccc(Cl)cc1)[C@H](O)C(C)(C)O2,CHEMBL28889
DEC_1637,decoy,Oc1nnc(-c2sc3ccccc3c2Cl)o1,CHEMBL277454
DEC_2612,decoy,NS(=O)(=O)OC[C@@]12OC[C@H]3O[C@@H](c4ccccc4)O[C@H]3[C@@H]1O[C@H](c1ccccc1)O2,CHEMBL26603
DEC_1715,decoy,O=C1O[C@H](c2ccc(F)cc2)[C@@](Cn2cncn2)(c2ccc(Cl)cc2Cl)O1,CHEMBL10444
DEC_1015,decoy,O=C1Nc2ccc(F)c(F)c2C(OCC=C(Cl)Cl)(C(F)(F)F)O1,CHEMBL17662
DEC_0235,decoy,CC[C@@]1(O)C(=O)OCc2c1cc1n(c2=O)Cc2cc3cc(O)ccc3nc2-1,CHEMBL273862
DEC_2661,decoy,CC[C@@]1(O)C(=O)OCc2c1cc1n(c2=O)Cc2cc3c(N)cccc3nc2-1,CHEMBL274070
DEC_4272,decoy,CC(=O)c1ccc2c(c1)C[C@@H]1[C@@H]3CCCC[C@]23CCN1C,CHEMBL17681
DEC_2431,decoy,Cc1ccccc1C(OCC(O)CN1C(C)CCCC1C)c1ccccc1C,CHEMBL275387
DEC_2991,decoy,CCO/C(O)=C1\C(C)=NC(C)=C(C(=O)OCCCN2C(=O)c3ccccc3S2(=O)=O)C1c1ccccc1C(F)(F)F,CHEMBL78360
DEC_3040,decoy,COc1cc(Br)c(OC)c(CC(C)N)c1,CHEMBL16883
DEC_0538,decoy,COC1=C[C@]23CCCN2CCc2cc4c(cc2[C@@H]3[C@@H]1O)OCO4,CHEMBL276462
DEC_0116,decoy,c1ccc2sc(C3(N4CCCCCC4)CCCCC3)cc2c1,CHEMBL17945
DEC_0248,decoy,COC(=O)[C@H]1[C@H]2C[C@H]3c4cc5c(cc4CCN3C[C@H]2CC[C@H]1O)OCO5,CHEMBL281708
DEC_2343,decoy,COc1ccc(N(C)C(=O)CNC(=O)/C=C/c2ccc(C(F)(F)F)cc2)c(Cl)c1COc1cccc2ccc(C)nc12,CHEMBL112140
DEC_4188,decoy,CCN1C(=O)c2[nH]c(Cc3ccccc3)nc2N2C[C@@H](Cc3ccccc3)N=C12,CHEMBL283562
DEC_3629,decoy,CCN(CC)C(=O)c1cc(=O)c(C)c2oc3c(C)c(O)c(N)c(C(=O)N(CC)CC)c3nc1-2,CHEMBL279002
DEC_2856,decoy,CC(C)(C)c1ccc(N2C(N)=NC(N)=NC2(C)C)cc1,CHEMBL6661
DEC_1177,decoy,CC1=C(N2CC2)C(=O)c2nc3n(c2C1=O)CCC[C@@H]3N,CHEMBL20069
DEC_1416,decoy,CCCN(C1COc2cccc(OC)c2C1)N1C(=O)C2CCCC2C1=O,CHEMBL26304
DEC_0545,decoy,CC(CS)C(=O)N1c2cc3c(cc2CC1C(=O)O)OCO3,CHEMBL24819
DEC_1297,decoy,CCCCCCCOc1ccc2c3c1OC1C(O)C=CC4C(C2)N(C)CCC341,CHEMBL413092
DEC_3159,decoy,N=C(NCCO)c1ccc(-c2ccc(-c3ccc(/C(N)=N/CCO)cc3)o2)cc1,CHEMBL23180
DEC_1620,decoy,C[C@]1(c2ccccc2)OC[C@H]([C@@H]2CCCCN2)O1,CHEMBL417117
DEC_1441,decoy,CCc1cc(Nc2c(N[C@H](C)C(C)(C)C)c(=O)c2=O)ccc1C#N,CHEMBL19245
DEC_0782,decoy,CC(C)C(=NOCC(O)CNC(C)(C)C)C(C)C.O=C(O)C(=O)O,CHEMBL288140
DEC_4336,decoy,CCCN(CCC)C1Cc2cccc3c2n(c(=O)n3C)C1,CHEMBL12515
DEC_3630,decoy,CC(C)CCn1c(=O)c2nc(-c3ccc(S(=O)(=O)O)cc3)[nH]c2n(CC(C)C)c1=O,CHEMBL279688
DEC_3264,decoy,CCCOc1ccc(Sc2nc(N)nc3c2ncn3CCOCP(=O)(OCC(F)(F)F)OCC(F)(F)F)cc1,CHEMBL104711
DEC_0026,decoy,OC(CCCN1CCN(c2nccc3sccc23)CC1)c1ccc(F)cc1,CHEMBL15560
DEC_3168,decoy,Nc1nc(O)c2c(n1)CCC2CCc1ccc(C(=O)NC(CCC(=O)O)C(=O)O)cc1,CHEMBL296190
DEC_4035,decoy,CC(C)[C@@H](N)C(=O)OC1Cc2c(cccc2N(C)CC#CC#CC(C)(C)C)NC1=O,CHEMBL34818
DEC_4450,decoy,COC(=O)C1C2CCC(CC1c1ccc(I)cc1)N2,CHEMBL14613
DEC_3626,decoy,COC(=O)C[C@@H](c1ccc(OC)nc1)N(C)C(=O)CCCCc1nc2c(cc1C)CCCN2,CHEMBL10051
DEC_3886,decoy,CCOC(=O)/C=C(C)/C(F)=C/C=C(C)/C=C/c1c(C)cc(C)c(Cl)c1C,CHEMBL8448
DEC_2593,decoy,Cc1cc(S[C@@H]2CCN(C[C@@H](O)[C@H](Cc3ccccc3)NC(=O)COc3c(C)cccc3C)[C@H](C(=O)NC(C)(C)C)C2)nc(C)n1,CHEMBL275969
DEC_2220,decoy,Cc1c(CCC(=O)O)s/c(=N\C(=O)c2ccc(C(=N)N)cc2)n1C,CHEMBL8572
DEC_3476,decoy,CCNC(=O)Nc1nc2nc(NCCCN(CC)CC)ncc2cc1-c1c(Cl)cccc1Cl,CHEMBL301273
DEC_4520,decoy,O=C1NC(=O)C2(CN(Cc3nc4ccccc4s3)c3ccc(Cl)cc32)N1,CHEMBL20685
ACT_026,active,CCC1SCC(=O)N1c1c(C#N)c2n(c1C(=O)Nc1ccc(C)cc1)CCC2,CHEMBL4466133
DEC_1338,decoy,COc1cc(NC(C)CCCN)c2nccc(C)c2c1OC1CCCC1,CHEMBL418733
DEC_1292,decoy,CCn1cc(C(=O)O)c(=O)c2cc(F)c(N3CC(C)NC(C)C3)c(Cl)c21,CHEMBL15623
DEC_3447,decoy,CCOC(=O)c1ccc(/C=C(C)/C=C/C23OC2(C)CCCC3(C)C)cc1,CHEMBL20940
DEC_3023,decoy,CC1OC2(CCN(C)CC2)C2SCCSC12,CHEMBL284802
DEC_3960,decoy,Brc1ccc2[nH]c3c(c2c1)CCNC3,CHEMBL6427
DEC_3643,decoy,CC(C)OC(=O)N1c2ccccc2C[C@H]1C(=O)N[C@H](C(=O)c1nnc(C(C)(C)C)o1)C(C)C,CHEMBL23100
DEC_0639,decoy,CCC(=O)C1C(c2ccc3cc(I)ccc3c2)CC2CCC1N2C,CHEMBL287945
DEC_4139,decoy,Cc1cccc(C)c1C(OCC(O)CN1C(C)CCCC1C)c1ccccc1,CHEMBL280478
DEC_0996,decoy,O=S(=O)(OCCCl)c1c(Cl)c(Cl)c(Cl)c(Cl)c1Cl,CHEMBL280485
DEC_2741,decoy,COc1cccc([C@H]2C/C(=N\NC(=O)C(=O)NC(C)c3ccccc3)c3ccccc3N2)c1,CHEMBL16151
DEC_2595,decoy,CCOC(=O)Cc1nc2c(OCc3c(C)ccc(N(C)C(=O)CNC(=O)/C=C/c4ccc(C(=O)NC)cc4)c3C)cccc2n1C,CHEMBL21311
DEC_2395,decoy,COC(=O)c1sc(C(C)(C)C)cc1NC(=O)Nc1ccccc1,CHEMBL19148
DEC_0008,decoy,COCCN(CCOC)c1nc(C)nc2c1sc(=S)n2-c1c(C)cc(C)cc1C,CHEMBL417091
DEC_2181,decoy,CC(C(=O)Nc1ccc2nc(N)nc(N)c2c1Cl)c1ccccc1,CHEMBL268879
DEC_2533,decoy,Nc1ccc(-c2nc3n(c2-c2ccc(N)cc2)CCS3)cc1,CHEMBL274706
DEC_3332,decoy,C[C@H]1O[C@@H](n2cnc3c(NC4CCCC4)ncnc32)[C@H](O)[C@H]1NC(=O)C1CCCC[C@H]1C(=O)c1cccs1,CHEMBL53795
DEC_2414,decoy,COc1cccc2c1CCC[C@H]2CN(C)CCc1ccc2sccc2c1,CHEMBL400421
DEC_2447,decoy,CCC(=O)N(c1ccc(Cl)c(Cl)c1)C1CCCCC1N(C)C,CHEMBL20833
DEC_3406,decoy,C=CCC1Oc2cccc(CO)c2-c2ccc3c(c21)C(C)=CC(C)(C)N3,CHEMBL268239
DEC_2198,decoy,Nc1ccc(S(=O)(=O)Nc2ccc(Cl)c3c(Cl)c[nH]c23)cc1,CHEMBL21099
DEC_1658,decoy,Cc1nnc2n1-c1sc(C#CCn3c4ccccc4c4ccccc43)cc1C(c1ccccc1Cl)=NC2,CHEMBL20701
DEC_0827,decoy,O=C(O)c1ccc(NCc2ccncc2)cn1,CHEMBL31364
DEC_3902,decoy,CCOc1ccc(-n2c(C)c3c(C)nnc(-c4ccccc4Cl)c3c2C)cc1,CHEMBL23400
DEC_1042,decoy,CN(C)Cc1ccccc1Sc1ccc(I)cc1N,CHEMBL23034
DEC_3024,decoy,CC1=CC2Cc3nc(O)ccc3C3(C1)NCC(C)=C23,CHEMBL39918
DEC_3801,decoy,Ic1cccc(OCCCc2c[nH]cn2)c1,CHEMBL440788
DEC_1406,decoy,CN(Cc1coc2nc(N)nc(N)c12)c1ccc(Cl)c(Cl)c1,CHEMBL23153
DEC_3116,decoy,CN1CCc2ccc3c4c2[C@H]1Cc1cccc(c1-4)[C@]3(C)O,CHEMBL417473
DEC_1335,decoy,CCCc1c(Sc2ccccc2)n(COCCO)c(=S)[nH]c1=O,CHEMBL417448
DEC_4108,decoy,C[C@H](CS)C(=O)N1C[C@@H](Sc2ccc3ccccc3c2)C[C@H]1C(=O)O,CHEMBL274988
DEC_0819,decoy,COc1ccc(C(=O)c2[nH]c(O)nc2C)cc1,CHEMBL287027
DEC_1876,decoy,CC(C)(C)NCC(O)COc1ccc(/C=C/CO)cc1Cl,CHEMBL14215
DEC_4371,decoy,C=CCC1Oc2cccc(Cl)c2-c2ccc3c(c21)C(C)=CC(C)(C)N3,CHEMBL8007
DEC_0534,decoy,CC(=O)NCC1CN(c2c(F)cc(C(C)=O)cc2F)C(=O)O1,CHEMBL16621
DEC_4501,decoy,CN(C)C1CCCC1N(C(=O)C1CCC1)c1ccc(Cl)c(Cl)c1,CHEMBL20447
DEC_1979,decoy,CCCNCc1ccc(Cl)c(C(F)(F)F)c1.Cl,CHEMBL13764
DEC_2268,decoy,c1ccc2nc(COc3ccc(-c4nnn(CCCCc5nnn[nH]5)n4)cc3)ccc2c1,CHEMBL19154
DEC_0325,decoy,CC(NCCc1ccccc1)C1CCC2C3CC=C4CC(O)CCC4(C)C3CCC12C,CHEMBL8559
DEC_4162,decoy,C=CCN(CCC)C1CCc2cccc(OS(=O)(=O)C(F)(F)F)c2C1,CHEMBL25857
DEC_1180,decoy,CCCOc1nc(N)nc2c1ncn2/C=C1/C[C@@H]1CO,CHEMBL412389
DEC_2360,decoy,CCCC1CCC(N2CCC(N3C(=O)N[C@@H]4CCCC[C@H]43)CC2)CC1,CHEMBL26681
DEC_3465,decoy,CCCC1(CCc2ccc(O)cc2)CC(=O)C(Sc2cc(C)c(N)cc2C(C)(C)C)=C(O)O1,CHEMBL290442
DEC_3894,decoy,CCOC(=O)c1ccc(/C(F)=C(C)/C=C/C2=C(C)CCCC2(C)C)cc1,CHEMBL26335
DEC_2854,decoy,Oc1cc2c(cc1O)[C@@H]1C[C@@H]3C[C@H](O)CC[C@@H]3CN1CC2,CHEMBL27355
DEC_1633,decoy,C1=CC(=Nn2cccc2)C=CC1=Nn1cccc1,CHEMBL25024
DEC_2974,decoy,COCCCCC=C(c1cc(Br)c(OC)c(C(=O)OC)c1)c1cc(Br)c(OC)c(C(=O)OC)c1,CHEMBL106584
DEC_2626,decoy,Nc1nc2c(cnn2CCc2ccc(S(N)(=O)=O)cc2)c2nc(-c3ccco3)nn12,CHEMBL23745
DEC_1349,decoy,CC1=CC2Cc3nc(O)ccc3C3(C1)NCCC(C)=C23,CHEMBL290113
DEC_3584,decoy,Cc1ccc(N2C(=O)[C@@H]3C(c4ccccc4)NC4(C(=O)c5ccccc5C4=O)[C@@H]3C2=O)cc1Cl,CHEMBL26415
DEC_3266,decoy,COc1ccccc1Oc1c(NS(=O)(=O)c2ccc(C(C)(C)C)cc2)ncnc1OCCOc1ncc(Br)cn1,CHEMBL112144
DEC_3723,decoy,COC(=O)C(=O)O[C@H]1CC/C(C)=C\CC[C@]2(C)[C@@H]([C@H](C)CCCC(C)C)CC[C@H]2c2ccc(cc2C(=O)O)C1,CHEMBL262393
DEC_3719,decoy,CC(C)CCCC(C)C1CCC2C3CC(CI)C4=C(CCC(O)C4)C3CCC12C,CHEMBL39514
DEC_3113,decoy,c1ccc(C2(c3ccccc3)OC[C@H]([C@@H]3CCCN3)O2)cc1,CHEMBL283825
DEC_2201,decoy,O=C(O)C[C@]1(C(=O)O)C[C@@H]2C[C@@H](n3cnc4c(O)ncnc43)C[C@@H]2O1,CHEMBL20244
DEC_2303,decoy,CC(C)Nc1ccc(-c2sc3c(c2CN(C)Cc2ccccc2)c(=O)n(-c2ccccc2)c(=O)n3Cc2c(F)cccc2F)cc1,CHEMBL330834
DEC_0146,decoy,CCC[C@@H]1CC2C(CCC3(C)C(=O)CCC23)C2(C)C=CC(=O)C=C12,CHEMBL8254
DEC_4610,decoy,CC1(C)Oc2cc([N+](=O)[O-])c(N)c(N3CCCC3)c2C[C@@H]1O,CHEMBL14941
DEC_3712,decoy,CCc1cc(Oc2cccc(N(Cc3cccc(OC(F)(F)F)c3)C[C@@H](O)C(F)(F)F)c2)ccc1Cl,CHEMBL308019
DEC_1427,decoy,CC1(C)Oc2ccc(C#N)cc2C(Nc2ccc(Cl)cc2)C1O,CHEMBL274443
DEC_2927,decoy,COc1cccc2c1C(=O)c1c(O)c3c(c(O)c1C2=O)C[C@@](O)(C(C)=O)C[C@@H]3OC1CC(N2CCCCC2)C(O)C(C)O1,CHEMBL80705
DEC_2950,decoy,CO[C@H]1CN(Cc2ccc(SC)cc2)C[C@H](OCC23C[C@@H]4[C@H](C)CC[C@H]4C4(C=O)CC2C=C(C(C)C)C34C(=O)O)O[C@@H]1C,CHEMBL295575
DEC_0296,decoy,C=CCCN(C1=NCCN1)c1c(Br)cccc1Br,CHEMBL417828
DEC_1669,decoy,O=C(Nc1c(C(O)(C(F)(F)F)C(F)(F)F)ccc2ccccc12)c1cc(Cl)cc(Cl)c1,CHEMBL49348
DEC_3658,decoy,CC(=O)OC1O[C@@H]2O[C@@H](OC(C)=O)[C@@H]3CC[C@@H]([C@H]23)[C@H]1C,CHEMBL268482
DEC_0250,decoy,CC[C@@]1(O)C(=O)OCc2c1cc1n(c2=O)Cc2cc3cc(C#N)ccc3nc2-1,CHEMBL10724
DEC_4096,decoy,COc1ccc(-c2cc3nc(N(C)CC(C)O)c4ccccc4c3nn2)cc1,CHEMBL24676
DEC_0175,decoy,CCC(C)(O)C#Cc1nc(NCc2ccccc2)c2ncn(C(C)C)c2n1,CHEMBL26564
DEC_1843,decoy,O=C1c2scc(-c3ccccc3O)c2-n2cccc21,CHEMBL286815
DEC_2714,decoy,COC(=O)[C@H]1CCCN1C(=O)[C@@H]1Cc2c([nH]c3ccccc23)[C@@H](c2cc(OC)c(O)c(OC)c2)N1,CHEMBL22742
DEC_0526,decoy,OC[C@@H]1[C@H]2C[C@H]3c4cc5c(cc4CCN3C[C@@H]2CC[C@H]1O)OCO5,CHEMBL27522
DEC_1434,decoy,CC(C)(C)n1cc(C(=O)O)c(=O)c2cc(F)c(N3CCC(CN)C3)cc21,CHEMBL286507
DEC_4288,decoy,C1=C(/C=C/c2ccccc2)N2CCCN=C2c2ccccc21,CHEMBL276410
DEC_2625,decoy,COc1ccccc1N1CCN(CCCSc2nc3sccc3c(=O)n2N)CC1,CHEMBL440599
DEC_3135,decoy,Cc1cc(C(c2ccccc2C)N2CCN(C)CC2)sn1,CHEMBL24884
DEC_1649,decoy,N=c1sc(-c2ccccc2SC(F)(F)F)nn1-c1c(Cl)cc(C(F)(F)F)cc1Cl,CHEMBL295116
DEC_1181,decoy,Nc1nc(Cl)c2ncn([C@@H]3C[C@H](CO)C[C@H]3O)c2n1,CHEMBL267569
DEC_0290,decoy,CN1CCN(C2=Nc3cc(F)ccc3Nc3sc4c(c32)CCCC4)CC1,CHEMBL14766
DEC_4574,decoy,CCCCC(C)C(=O)O[C@H]1C(O)[C@H](OCC23C[C@@H]4[C@H](C)CC[C@H]4C4(C=O)CC2C=C(C(C)C)C34C(=O)O)O[C@H](C)[C@H]1OC,CHEMBL18640
DEC_1604,decoy,COc1cc(SC)c(OC)cc1CC(C)N,CHEMBL447830
DEC_4064,decoy,COc1cccc2c1CCC[C@H]2CN(C)CCc1ccc2[nH]c(O)nc2c1,CHEMBL9886
DEC_1758,decoy,CC1CN(c2nc3c(cc2F)c(=O)c(C(=O)O)cn3C(C)(C)C)CCN1C,CHEMBL282196
DEC_1289,decoy,N#CCCNC(=O)CCCn1c2c(c3ccccc31)C(=O)CN1CCCCC21,CHEMBL417863
DEC_4118,decoy,Cc1cccc(C)c1C(OCC(O)CN1C(C)CCCC1C)c1c(C)cccc1C,CHEMBL277095
DEC_0836,decoy,O=C(O)/C=C/c1ccc(Cn2ccnc2)cc1,CHEMBL11662
DEC_1750,decoy,Nc1c(Cl)cc2c3c(cccc13)C(=O)N([C@@H]1CN3CCC1CC3)C2=O,CHEMBL28499
DEC_1662,decoy,O=C(Nc1ccc(C(=O)N2Cc3sccc3Cc3ccccc32)cc1)c1ccc(Cl)cc1Cl,CHEMBL297293
DEC_0781,decoy,C#CCN(Cc1cnc2nc(N)nc(O)c2n1)c1ccc(C(=O)O)cc1,CHEMBL279732
DEC_3586,decoy,COc1ccc2c3c1OC1C4NC(C(=O)OCC(C)C)=C(C)C4CC4C(C2)N(C)CCC341,CHEMBL34663
DEC_2159,decoy,CNC(=N)Nc1nc(-c2ccc(OC)cc2)c(-c2ccc(OC)cc2)s1,CHEMBL278483
DEC_3050,decoy,CN(C)c1ncnc2c1ncn2Cc1ccccc1F,CHEMBL6917
DEC_2567,decoy,CC(C)[C@H]1[C@@H](OC(=O)N[C@@H](CSc2ccccc2)[C@H](O)CN2C[C@H]3CCS[C@H]3C[C@H]2C(=O)NC(C)(C)C)CCS1(=O)=O,CHEMBL316717
DEC_3551,decoy,O=C(Nc1ccc(C(=O)N2Cc3cccn3Cc3ccccc32)cn1)c1cc(Br)ccc1Cl,CHEMBL300433
DEC_4375,decoy,Clc1ccc2c(c1)[C@H]1OCC[C@H]1[C@H](c1c[nH]c3ccc(Cl)cc13)N2,CHEMBL281686
DEC_2775,decoy,CC[C@H](C)[C@@H](C(=O)N[C@H]1CCc2cccc3c2N(C1=O)[C@H](C(=O)N[C@@H](CC(=O)O)C(=O)c1nnc(-c2ccccc2)o1)C3)N(C)C(C)=O,CHEMBL71654
DEC_3149,decoy,CNCC(=O)N1Cc2cccc3c2N(CC3)c2ccccc21,CHEMBL28836
DEC_3276,decoy,C[C@H](NC(=O)OC(C)(C)C)c1nc(-c2ccc(OCCCN3CCCN(C(=O)[C@@H](C)NC(=O)c4ccco4)CC3)cc2F)no1,CHEMBL158200
DEC_1663,decoy,Cc1ccc(F)cc1C(=O)Nc1ccc(C(=O)N2Cc3sccc3Cc3ccccc32)c(Cl)c1,CHEMBL48867
DEC_2380,decoy,CC(=O)c1cc2c(s1)[C@@H](NC(=O)c1ccc(F)cc1)[C@H](O)C(C)(C)O2,CHEMBL28767
DEC_1971,decoy,CC1(c2ccc(F)cc2)OC(/C=C/c2ccccn2)=CC1=O,CHEMBL18572
DEC_3374,decoy,[2H]c1c([2H])c([2H])c(NS(=O)(=O)c2ccc3c(c2)C(n2ccccc2=O)=CC(C)(C)O3)c([2H])c1[2H],CHEMBL275679
DEC_4180,decoy,O=C1CCN(c2nc3c(cc2F)c(=O)c(C(=O)O)cn3-c2ccc(F)cc2F)CC1,CHEMBL28294
DEC_2074,decoy,Cn1cncc1C(O)(C#Cc1ccc(C#N)cc1)c1ccc(C#N)c(-c2cccc3ccccc23)c1,CHEMBL24733
DEC_4110,decoy,CN1CC(O)=C(C(=O)/C=C/C(Br)=C/c2ccccc2)C1=O,CHEMBL10383
DEC_4613,decoy,CCCc1cc(N2CC(CNC(C)=O)OC2=O)ccc1C(C)=O,CHEMBL16653
DEC_4275,decoy,O=c1c2c(c3cccnc3n1-c1ccc(Cl)c(Cl)c1)OCC2,CHEMBL440784
DEC_2817,decoy,CC(=O)c1ccc2c(c1)[C@@]13CCCC[C@H]1[C@@H](C2)N(CC1CCC1)CC3,CHEMBL17952
DEC_2147,decoy,CNc1nc2ccc(Cl)cc2c2nc(-c3ccco3)nn12,CHEMBL8136
DEC_3734,decoy,CN(CC#CCCC1(C2(O)c3ccccc3Oc3ccccc32)SCCCS1)CCCc1ccccc1,CHEMBL39633
DEC_2494,decoy,Cc1cccc(O)c1-c1cccc2c1-c1cccc3c1[C@@H](C2)N(C)CC3,CHEMBL26907
DEC_2458,decoy,SC1=Nc2ccc(-c3ccc(Cl)s3)cc2C12CCCCC2,CHEMBL27818
DEC_1027,decoy,CC(C)N(CCC1(c2ccccc2)C(=O)NC(C)N2CCCCC21)C(C)C,CHEMBL281089
DEC_0417,decoy,O=C(O)C1CN(CCP(=O)(O)O)CCN1,CHEMBL436148
DEC_0170,decoy,Cc1cc(C(c2ccccc2OC(C)C)N2CCN(C)CC2)sn1,CHEMBL25392
DEC_0508,decoy,CC(C)CCc1nc2c([nH]1)N1C[C@@H](C(C)C)N=C1N(C)C2=O,CHEMBL19157
DEC_2392,decoy,C[C@]12CCC3C(CC=C4C[C@@H](O)[C@H]5COC[C@]43C5)C1CC[C@@H]2OC1CC1,CHEMBL413593
DEC_1220,decoy,CCCCCCC[C@H]1OC(=O)C[C@@H](O)[C@H](Cc2ccccc2)N(C)C(=O)[C@H](CC(C)C)OC(=O)[C@H]1C,CHEMBL7937
DEC_0231,decoy,CC[C@@]1(O)C(=O)OCc2c1cc1n(c2=O)Cc2cc3ccncc3nc2-1,CHEMBL13495
DEC_0202,decoy,CC1(C)O[C@H]2[C@@H]3O[C@](C)(C(C)(C)C)O[C@@H]3CO[C@@]2(COS(N)(=O)=O)O1,CHEMBL283935
DEC_3280,decoy,COc1ccccc1Oc1c(NS(=O)(=O)c2ccc(C(C)(C)C)cc2)nc(C)nc1OCCOC(=O)Nc1ccncc1,CHEMBL307803
DEC_2818,decoy,Cc1nccn1-c1ccc(-c2cccn3c(C)nc(Br)c23)cc1,CHEMBL282351
DEC_1909,decoy,OC1O[C@H](CO/N=C2\CCc3cc(Sc4cc(F)cc(C5CCOCC5)c4)ccc32)[C@H](O)[C@H](O)[C@H]1O,CHEMBL279240
DEC_0343,decoy,Cc1cc(-c2c(F)cc3c(=O)c(Cc4ccc(O)cc4O)cn(C4CC4)c3c2F)cc(C)n1,CHEMBL7877
DEC_2711,decoy,CC(C)Nc1cccnc1N1CCN(C(=O)c2cc3ccccc3[nH]2)CC1.CS(=O)(=O)O,CHEMBL268878
DEC_4338,decoy,CN(C)CCSc1nccc(-c2cccn2C)n1,CHEMBL20764
DEC_1546,decoy,CN(Cc1c[nH]c2nc(N)nc(N)c12)c1ccc(Cl)c(Cl)c1,CHEMBL278013
DEC_4485,decoy,CN(C=O)[C@H]1CCC2C3CC[C@H]4N(C)C(=O)C=C[C@]4(C)C3CC[C@@]21C,CHEMBL17025
DEC_0150,decoy,CCCCN1Cc2sccc2C(c2ccc(Cl)cc2)C1,CHEMBL277345
DEC_0028,decoy,Clc1cc2nc(C3CCNCC3)n(CCCCCn3cnnc3)c2cc1Cl,CHEMBL20185
DEC_2536,decoy,c1ccc2c(c1)Oc1ccccc1C2NC1CN2CCC1CC2,CHEMBL277226
DEC_4556,decoy,C=C(C=O)[C@@H]1C[C@@]2(C)C(=CC1=O)[C@H](OC(=O)/C(C)=C/C(C)CCCC)CC[C@@H]2C(=O)ON[C@H](C(=O)OC)c1ccccc1,CHEMBL80259
DEC_4130,decoy,C=CC(=O)Nc1ccc2ncnc(Nc3ccc(F)c(Br)c3)c2c1,CHEMBL280757
DEC_2036,decoy,COc1cccc(Sc2c(C(=O)O)sc3ccccc23)c1,CHEMBL27911
DEC_2599,decoy,CN(C)P1(N(C)C)=NP(N(C)C)(N(C)C)=NP(N(C)C)(N2CC2)=N1,CHEMBL28369
DEC_3109,decoy,c1ccc2c(c1)Cn1c(cc3ccccc31)C(N1CCOCC1)=N2,CHEMBL274601
DEC_2879,decoy,O=C1NC(=O)C(Sc2ccc3cc(O)c(O)cc3c2)S1,CHEMBL284376
DEC_0078,decoy,C=C(c1ccccc1OCCC(C)C)n1ccnc1,CHEMBL29248
DEC_4486,decoy,CC(=O)O[C@@H]1CC[C@@H]2CN3CCc4cc5c(cc4[C@@H]3C[C@@H]2C1)OCO5,CHEMBL29869
DEC_3977,decoy,O=CC(Cc1ccccc1)NC(=O)c1ccccc1/C=C/c1ccccc1,CHEMBL26631
DEC_1964,decoy,C/C(=C1\CCCc2c(C)ccnc21)c1ccc(C)cc1,CHEMBL36221
DEC_1752,decoy,Nc1nc(O)c2nc(Br)n(C3CCc4ccccc43)c2n1,CHEMBL11355
DEC_0347,decoy,Oc1cc(N[C@H]2CC[C@H](NCc3ccc(Cl)c(Cl)c3)CC2)nc2ccccc12,CHEMBL23463
DEC_2332,decoy,Cc1ccc2cccc(OCc3c(Cl)ccc(N(C)C(=O)Cc4ccc(C(=O)c5ccc(C#N)nc5)n4C)c3Cl)c2n1,CHEMBL26847
DEC_2003,decoy,CCC[C@@H]1CCc2cc3c(C(F)(F)F)cc(O)nc3cc2N1,CHEMBL268569
DEC_1383,decoy,Cc1ccc(C(O)c2nc3c(cc2C)CCCC3)cc1,CHEMBL34468
DEC_3087,decoy,CCC(C)(C)c1cc(/C=C/c2cccs2)cc(C(C)(C)CC)c1O,CHEMBL8787
DEC_4069,decoy,COc1cc(N)c(Cl)cc1C(=O)NC[C@H]1CCC2CCCCN2C1,CHEMBL15307
DEC_3986,decoy,CCCCNCc1cccc(I)c1.Cl,CHEMBL13889
DEC_4623,decoy,CSc1cc(N2CC(CNC(C)=O)OC2=O)ccc1C(C)=O,CHEMBL16486
DEC_2955,decoy,Cn1nnnc1-c1ccccc1-c1ccc(Cn2cnc3ccc(N(CCCCO)C(=O)c4ccccc4)cc3c2=O)cc1,CHEMBL29722
DEC_4369,decoy,Oc1ccc(/C(=C(/c2ccc(O)cc2)C(F)(F)F)C(F)(F)F)cc1,CHEMBL6790
DEC_3558,decoy,O=c1nc(/N=C/N(c2ccc(F)cc2)c2ccc(F)cc2)ccn1C1CSC(CO)O1,CHEMBL18676
DEC_1625,decoy,CC(C)C1CC/C(=C/Br)OC1=O,CHEMBL417130
DEC_2939,decoy,O=C1/C(=C(\O)CS(=O)(=O)Nc2nc3ccc([N+](=O)[O-])cc3s2)S(=O)(=O)N=C2Sc3cc([N+](=O)[O-])ccc3N12,CHEMBL300750
DEC_0420,decoy,Nc1ccn(CCOCP(=O)(O)O)c(=O)n1,CHEMBL418216
DEC_0115,decoy,c1ccc2sc(C3(N4CCCC4)CCCCC3)cc2c1,CHEMBL18618
DEC_0987,decoy,N[C@@H](CC(=O)O)C(=O)N[C@@H](C(=O)OC1CC2CCC1C2)c1ccccc1,CHEMBL9747
DEC_0614,decoy,CN1C[C@H](C(=O)Nc2ccc(Cl)nn2)C[C@@H]2c3ccc(C(C)(C)C)c4[nH]cc(c34)C[C@H]21,CHEMBL14089
DEC_4325,decoy,Nc1cc(Cl)nc2c1ncn2C1CCC(CO)O1,CHEMBL275433
DEC_1227,decoy,Nc1ncnc2c1ncn2OCCOCP(=O)(OCc1ccc(Cl)cc1)OCc1ccc(Cl)cc1,CHEMBL418389
DEC_2312,decoy,CCCC1(CCc2ccccc2)CC(=O)C(C(c2cccc(NS(=O)(=O)c3ccc(C#N)cn3)c2)C(C)(C)C)=C(O)O1,CHEMBL325454
DEC_0875,decoy,c1ccc(COC2(C3=NCCN3)COc3ccccc3O2)cc1,CHEMBL10500
DEC_3130,decoy,NC(=O)c1cc2c(Sc3ccccn3)cncc2s1,CHEMBL263080
DEC_3623,decoy,O=C1[C@@H](NS(=O)(=O)c2ccc(-c3ccncc3)s2)CCN1Cc1cc2cc[nH]cc-2n1,CHEMBL266983
DEC_1368,decoy,C[C@]12CC[C@H]3[C@@H](CC[C@H]4CC(=O)CCN43)[C@@H]1CCC2=O,CHEMBL14575
ACT_061,active,COc1c2occc2c(OC)c2c(C)c(/C(=N/c3cc(N4CCNCC4)nc(N4CCNCC4)n3)N3CCNCC3)oc12,CHEMBL5277627
DEC_0440,decoy,Nc1cccc(S(=O)(=O)NCC(=O)O)c1,CHEMBL289897
DEC_3759,decoy,CCCC/N=C(\S)N/N=C/c1cc2c(c(O)c1C(=O)O)-c1c(O)c3c(c(OC)c1CC2)C(=O)c1c(cc(O)c(C)c1O)C3=O,CHEMBL285331
DEC_2608,decoy,Cc1cccc2c1OP(=O)(OCC1CC(O)C(n3cnc4c(O)ncnc43)O1)OC2,CHEMBL295820
DEC_0351,decoy,Cl[P@@]1(N2CCCC2)=NP(N2CC2)(N2CC2)=N[P@@](Cl)(N2CCCC2)=N1,CHEMBL26247
DEC_0615,decoy,Cc1ccc(C#CC(O)(c2ccc(C#N)c(-c3cccc4ccccc34)c2)c2cncn2C)cn1,CHEMBL23753
DEC_3171,decoy,CCOP(=O)(O)CP(=O)(O)CCCCCn1cnc2c(O)nc(N)nc21,CHEMBL268378
DEC_4151,decoy,CCOc1ccccc1OCCN1CCC2(CC)c3cccc(O)c3CC1C2(C)C,CHEMBL284222
DEC_3297,decoy,COC(=O)/C(=C/Cn1c(-c2ccccc2)ncc(NC(=O)OCc2ccccc2)c1=O)COC(=O)c1ccc([N+](=O)[O-])cc1,CHEMBL115685
DEC_0433,decoy,O=C1CN(CCCP(=O)(O)O)CC(C(=O)O)N1,CHEMBL283073
DEC_3635,decoy,O=P(O)(CN[C@@H](Cc1ccc(-c2ccccc2)cc1)c1nnn[nH]1)Oc1ccccc1,CHEMBL39734
DEC_1036,decoy,CCCCN1C[C@H](C(=O)N(CC)CC)C=C2c3cccc4[nH]cc(c34)C[C@H]21,CHEMBL22520
ACT_012,active,COC1CC(C2OC3CC(CCC4CC(O)CC(O)C4)CCC3OC2CO)CC(OC)C1O,CHEMBL5270978
DEC_3866,decoy,C=CCC1Oc2ccc(F)c(OC)c2-c2ccc3c(c21)C(C)=CC(C)(C)N3,CHEMBL7988
DEC_3395,decoy,COc1ccc2c3c1O[C@H]1C(=O)[C@@H](Cc4ccccc4)CC4C(C2)N(C)CCC341,CHEMBL291011
DEC_0505,decoy,CC(=O)N(C)CC#CCN1CCN(OC(=O)C(C)(C)C)CC1,CHEMBL276831
DEC_3072,decoy,Fc1ccccc1Cn1cnc2c(N3CCC3)ncnc21,CHEMBL6887
DEC_3538,decoy,CC[C@@H](C)N1C(=O)C(NC(=O)Cc2ccc(C(F)(F)F)cc2C(F)(F)F)N=C(C2CC2)c2ccccc21,CHEMBL277513
DEC_0855,decoy,C1=C(C2(C3=NCCN3)COc3ccccc3O2)CCCC1,CHEMBL429954
DEC_3231,decoy,CN1CCc2cc(Cl)c(O)cc2C(c2cccc(Br)c2)C1,CHEMBL13632
DEC_0785,decoy,CN(C)CCNc1ccc(CO)c2oc3ccc(O)cc3c(=O)c12,CHEMBL416556
DEC_4587,decoy,CCOC(=O)C1CCCC(NC(=O)N(CCCl)N=O)C1,CHEMBL12895
DEC_4323,decoy,Brc1noc(C2CN3CCC2CC3)n1,CHEMBL274687
DEC_2171,decoy,Cc1c(CNc2cccc3ccccc23)cnc2nc(N)nc(N)c12,CHEMBL23867
DEC_3035,decoy,CN(C)c1ncnc2c1ncn2C1Cc2ccccc2C1,CHEMBL7793
DEC_0182,decoy,CN1CCN(c2ncc(-c3cc(Cl)cc(Cl)c3Cl)c(N)n2)CC1,CHEMBL28854
DEC_0741,decoy,COc1cc2c(Nc3ccc(Cl)cc3F)ncnc2cc1OCC1CCN(C)CC1,CHEMBL26572
DEC_2213,decoy,O=C(O)[C@@H]1C[C@H]2C[C@@H](Cc3ccccc3-c3nnn[nH]3)CC[C@H]2CN1,CHEMBL435755
DEC_3124,decoy,CC(C)(C)c1ccc2c(c1)C(N1CCCC1=O)[C@H](O)C(C)(C)O2,CHEMBL16799
DEC_0416,decoy,NC(=O)CN1CC[C@@H](NC(=O)[C@@H]2CCCN2)C1=O,CHEMBL285742
DEC_0898,decoy,C=CCC1Oc2ccc(Br)c(OC)c2-c2ccc3c(c21)C(C)=CC(C)(C)N3,CHEMBL8027
DEC_1267,decoy,Oc1nc2ccc(C#CCN3CCC(O)(Cc4ccc(F)cc4)CC3)cc2s1,CHEMBL19342
DEC_3123,decoy,Cc1c(Nn2c(C)ccc2C)nnc(N2CCOCC2)c1C,CHEMBL427815
DEC_0108,decoy,N#Cc1cc(-c2ccc3c(c2)C2(CCCCC2)C(S)=N3)cs1,CHEMBL285139
ACT_088,active,COc1ccc(-c2nc3cc(NC(=O)c4cccc(C)c4)ccc3o2)cc1OC,CHEMBL4208086
DEC_2346,decoy,CCCCCN(C(=O)c1ccc(F)cc1)c1ccc2ncn(Cc3ccc(-c4ccccc4-c4nnnn4C)cc3)c(=O)c2c1,CHEMBL29386
DEC_4133,decoy,CN(C)c1ccc(-c2cc3ncccc3c(NCc3cccc(CN)c3)n2)cc1,CHEMBL30123
DEC_2529,decoy,CN1CCC23CCCCC2C1Cc1ccc(OC(C)(C)C)cc13,CHEMBL280688
DEC_0769,decoy,CC(C)(Cc1cnc2nc(N)nc(N)c2n1)c1ccc(C(=O)O)cc1,CHEMBL277941
DEC_2615,decoy,COc1ccc2c(c1)COP(=O)(OCC1CCC(n3cnc4c(N)ncnc43)O1)O2,CHEMBL289937
DEC_4583,decoy,CCNC(=O)Nc1ccc(-c2nc3n(Cc4c(F)cccc4F)cc(C(=O)OCC)c(=O)n3c2CN(C)Cc2ccccc2)cc1,CHEMBL292291
DEC_3344,decoy,CC(C)[C@H](NC(=O)[C@@H]1Cc2ccccc2N1C(=O)[C@@H](NC(=O)c1cccnc1)C(C)C)C(=O)c1nnc(C(C)(C)C)o1,CHEMBL23104
DEC_0401,decoy,N/C(=N/CCCC(N)P(=O)(O)O)N[N+](=O)[O-],CHEMBL269057
DEC_0678,decoy,CC(C)N1C(S)=NC(c2ccc(F)cc2)c2cc3c(cc21)OCO3,CHEMBL274313
DEC_1031,decoy,COc1cccc2c1CCC[C@H]2CN(C)CCc1ccc2ccncc2c1,CHEMBL268463
DEC_1531,decoy,CC(C)=CC[C@@H](OC(=O)Cc1ccccc1)C1=CC(=O)c2c(O)ccc(O)c2C1=O,CHEMBL8804
DEC_0149,decoy,C#CCCCC(=O)c1cc(C(C)(C)C)c(O)c(C(C)(C)C)c1,CHEMBL13878
DEC_4271,decoy,Cc1cc2c(s1)Nc1ccc(F)cc1N=C2N1CCN(C)CC1,CHEMBL273786
DEC_2542,decoy,O=C(O)c1ccc2c(c1)CCc1cc(Br)ccc1-2,CHEMBL25578
DEC_3800,decoy,CC1CC/C(=N\Nc2ccc(Cl)cc2)c2ncc(C(=O)O)c(=O)n21,CHEMBL15069
DEC_1405,decoy,CC(=O)c1c(C2=NCC3(CN4CCC3CC4)O2)c2ccccc2n1C,CHEMBL7615
DEC_4314,decoy,O=NN(CCF)C(=O)NC1CSCSC1,CHEMBL12519
DEC_3845,decoy,C[C@@H]1CN(C(=O)N2Cc3c(C(=O)OC(C)(C)C)ncn3-c3ccc(C(F)(F)F)cc32)CCN1,CHEMBL15022
DEC_1386,decoy,Cc1cc(-n2cc(Cl)nc2C)cc2ccc(O)nc12,CHEMBL38810
DEC_0868,decoy,CCN(C)c1ncnc2c1ncn2Cc1ccccc1F,CHEMBL7057
DEC_1722,decoy,COc1ccc(C2(C)c3cc(C(=O)O)sc3C(=O)c3c2c2ccccc2n3C)cc1,CHEMBL14419
DEC_1717,decoy,CCn1c(=O)n2c(cc1=Nc1c(C)cc(C)cc1C)-c1cc(OC)c(OC)cc1CC2,CHEMBL36033
DEC_0790,decoy,COc1cc(NCc2coc3nc(N)nc(N)c23)cc(OC)c1OC,CHEMBL16950
DEC_1418,decoy,CCCCC[C@@H]1/C=C\C2[C@H](O)C[C@H](O)[C@@H]2CCCCCCC(=O)O1,CHEMBL418532
DEC_3454,decoy,COc1ccc(Sc2ccc(NC3=NCCCCN3)cc2)cc1,CHEMBL10058
DEC_0035,decoy,O=C(CCCc1ccc(I)cc1)OCCCc1c[nH]cn1,CHEMBL20338
DEC_1046,decoy,C[C@@H]1C[C@@H]2c3cc(C(C)(C)C)cc4[nH]cc(c34)C[C@H]2N(C)C1,CHEMBL14138
DEC_4544,decoy,CCCc1nc(CN(Cc2ccccc2)C(=O)OCC(C)C)c(C(=O)O)n1Cc1ccc(-c2ccccc2-c2nn[nH]n2)cc1,CHEMBL273992
DEC_2422,decoy,CCC1=NC(=O)C(CCN(C(C)C)C(C)C)(c2ccccc2)C2CCCCN12,CHEMBL281802
DEC_1905,decoy,NC(=O)c1ccccc1N1CCN(CCCNC(=O)N2C(=O)NC3=C(C(=O)OC3)C2c2ccc(F)c(F)c2)CC1,CHEMBL50081
DEC_0306,decoy,CO/C(=C\C=C\c1cc2cc(Cl)c(Cl)cc2[nH]1)C(=O)NC1C[C@H]2CC[C@@H](C1)N2C,CHEMBL288419
DEC_2583,decoy,CC1(C)CNc2c(cc(CCC(=O)O)cc2S(=O)(=O)N[C@@H](Cc2nc3ccccc3s2)C(=O)N2CCC(CCF)CC2)C1,CHEMBL38996
DEC_3796,decoy,CN1CCN(C(c2ccns2)c2ccccc2Cl)CC1,CHEMBL279900
DEC_3550,decoy,CC(C)NC(=O)c1ccc(CC2CCN(C3CCN(C(=O)c4ccc(F)c5ccccc45)CC3)CC2)cc1,CHEMBL51459
DEC_2877,decoy,c1ccc(C2(C3=NCCN3)COc3ccccc3O2)cc1,CHEMBL9885
DEC_2941,decoy,COc1ccc(S(=O)(=O)N2CC3(CN(S(=O)(=O)c4ccc(OC)cc4)C2C(=O)NO)SCCCS3)cc1,CHEMBL118848
DEC_2306,decoy,Cc1cc(SC2=C(O)OC(CCc3ccc(O)cc3)(C3CCCCC3)CC2=O)c(C(C)(C)C)cc1OS(=O)(=O)N(C)C,CHEMBL71980
DEC_4570,decoy,CCCCc1nc(Cl)c(CC(=O)OC)n1Cc1ccc(NC(=O)[C@H](Cc2cccs2)n2cccc2C(=O)OC)cc1,CHEMBL288753
DEC_4022,decoy,CCCC[C@]1(CO)CC2C3Cc4ccc(OC)c5c4C2(CCN3C)C(O5)[C@@H]1O,CHEMBL276886
DEC_2753,decoy,O=C(O)[C@H]1O[C@@H](O[C@@H](COc2cccc3ncccc23)CN2CCN(C(=O)C(c3ccccc3)c3ccccc3)CC2)[C@H](O)[C@@H](O)[C@@H]1O,CHEMBL158102
DEC_2944,decoy,O=c1c(/C=N/OCCCCCO/N=C/c2cc(Br)cc([N+](=O)[O-])c2O)coc2c(Cl)cc(Cl)cc12,CHEMBL113219
DEC_2647,decoy,COC1=C(C)C(=O)c2c(c(COC(N)=O)c3n2CCC3OC(=O)c2cccnc2)C1=O,CHEMBL18052
DEC_1420,decoy,Cc1cc(C)cc(NN=C2CCC(C)n3c2ncc(C(=O)O)c3=O)c1,CHEMBL273289
DEC_3959,decoy,Nc1nccc2c1nnn2Cc1c(F)cccc1F,CHEMBL30143
DEC_1492,decoy,Cc1cc2c(o1)c(C)cc1c(C)cc(=O)oc12,CHEMBL285692
DEC_0456,decoy,CC(C)CCCc1nc2c([nH]1)N1C[C@@H](C(C)C)N=C1N(C)C2=O,CHEMBL18524
DEC_2102,decoy,C=C(C)COOC1(OOC)CCCCCCCCCCC1,CHEMBL281102
DEC_3522,decoy,O=S1(=O)c2cccc3cccc(c23)N1CCCN1CC=C(c2c[nH]c3ccc(Br)cc23)CC1,CHEMBL276565
DEC_0299,decoy,CC(=O)OC(C(C)=O)[C@@]12CCC[C@H]1[C@@H]1CCC3=CC(=O)CC[C@@H]3[C@H]1CC2,CHEMBL273571
DEC_0376,decoy,CN(C)Cc1ccccc1Sc1ccc(/C=C/I)cc1N,CHEMBL277045
DEC_1918,decoy,C=C[C@@]1(C)CC(=O)[C@]2(O)C3(C)C(C(O)C(OC(=O)Cn4cnc5ccccc54)[C@@]2(C)O1)C(C)(C)CC[C@@H]3O,CHEMBL54862
DEC_1147,decoy,[O-][P@+]1(N(CCCl)CCCl)NC[C@@H](F)CO1,CHEMBL286807
DEC_0053,decoy,CC#CC/C=C\C=C\SCCCC(=O)OC,CHEMBL16764
DEC_0086,decoy,CCOC(=O)CCCCN(N)c1ccccc1,CHEMBL287219
DEC_0473,decoy,CCCCC[C@H](O)/C=C/C1[C@H](O)C[C@@H]2OC(=O)CCC/C=C\C[C@H]12,CHEMBL12100
DEC_0378,decoy,CC(C)N(C(=O)[C@H]1CCC2C3CCC4C=C([N+](=O)[O-])C=C[C@]4(C)C3CC[C@@]21C)C(C)C,CHEMBL279017
DEC_4425,decoy,Cc1cnc(NCCc2ccccc2)c(=O)n1CC(=O)NCC1CN=C(N)NC1,CHEMBL417635
DEC_2560,decoy,CC(C)C[C@@H]1OC(=O)C(C)(C)CNC(=O)[C@@H](COCc2ccccc2)NC(=O)/C=C/C[C@@H]([C@H](C)[C@H]2O[C@@H]2c2ccccc2)OC1=O,CHEMBL89788
DEC_3450,decoy,Cc1cc(Nc2ccc(Cl)cc2)c2c(ccc3c[nH]nc32)n1,CHEMBL280599
DEC_2772,decoy,NC(CCC[n+]1ccc(SCC2=C(C(=O)[O-])N3C(=O)[C@@H](NC(=O)CSc4cc(Cl)ccc4Cl)[C@H]3SC2)cc1)C(=O)O,CHEMBL168134
DEC_1802,decoy,c1ccc2c3c([nH]c2c1)C(c1ccsc1)NCC3,CHEMBL38393
DEC_3275,decoy,COc1cccc(Oc2c(NS(=O)(=O)c3ccc(C(C)(C)C)cc3)ncnc2OCCOc2ncc(Br)cn2)c1,CHEMBL114700
DEC_2503,decoy,CC[C@@H]1C[C@H](CC)c2cc3c(C(F)(F)F)cc(O)nc3cc2N1,CHEMBL7383
DEC_0159,decoy,NC/C(=N\O)c1ccc(Sc2cc(F)cc(C3CCOCC3)c2)cc1,CHEMBL25514
DEC_3798,decoy,C=Cc1ccc(N2CCN(Cc3c[nH]c4ncccc34)CC2)cc1,CHEMBL29808
DEC_0807,decoy,OCc1ccc(NCc2ccc(F)cc2)cn1,CHEMBL30472
DEC_2399,decoy,CCCCN(CC)c1nc(C)nc2c1c(C)cn2-c1c(C)cc(C)cc1C,CHEMBL9946
DEC_1244,decoy,CCCCN(C(=O)CN1C[C@@H](c2ccc3c(c2)OCO3)[C@H](C(=O)O)[C@H]1c1ccc(OC)cc1)c1ccccc1,CHEMBL9283
DEC_2200,decoy,C=C[C@]1(C)C=C2C(O)[C@]3(O)OC[C@@]4(CCCC(C)(C)[C@@]43O)[C@@]2(O)[C@H](O)C1,CHEMBL23055
DEC_2438,decoy,CCn1ncc2c(N[C@@H](C)C3CCCCC3)c3cc(C#N)ccc3nc21,CHEMBL8132
DEC_0003,decoy,CCCCCCCCOc1ccc2c3c1OC1C(O)C=CC4C(C2)N(C)CCC341,CHEMBL282862
DEC_1832,decoy,CCCN(CCC)C1CCc2cc(O)c(O)cc2C1,CHEMBL15887
DEC_0858,decoy,Oc1ccc(-c2ccc(-n3cnc4c3CCCC4)cc2)nn1,CHEMBL32247
DEC_4079,decoy,CC(C)(C)C(=O)Oc1ccc(S(=O)(=O)c2ccc(O)cc2)cc1,CHEMBL276827
DEC_4424,decoy,COc1cccc(OC)c1/N=C(\S)NCCN.O=C(O)/C=C\C(=O)O,CHEMBL287142
DEC_1422,decoy,Nc1nc(N)c2nc(Sc3cccc(C(F)(F)F)c3)cnc2n1,CHEMBL6570
DEC_2516,decoy,CCOc1nc(C(Cl)(Cl)Cl)c(Cl)c(OC)c1Cl,CHEMBL274396
DEC_3269,decoy,C#CCOc1nc(-c2ccnc(-c3noc(S)n3)c2)nc(NS(=O)(=O)c2ccc(C(C)C)cn2)c1Oc1ccccc1OC,CHEMBL176999
DEC_1461,decoy,CN1CCc2ccc3c4c2[C@H]1Cc1cccc(c1-4)C3,CHEMBL284586
DEC_2295,decoy,FC(F)(F)CCCCCOc1ccc(-c2nnn(CCCCc3nnn[nH]3)n2)cc1,CHEMBL18827
DEC_0974,decoy,NCCNc1ccc2c(CNCCO)nn3c4cccc(O)c4c(=O)c1c23,CHEMBL269540
DEC_3749,decoy,CCC(c1ccc(O)c(Br)c1)C(CC)c1cc(Br)c(O)c(Br)c1,CHEMBL6516
DEC_3786,decoy,Fc1ccc(CN2CCc3ccccc3C2Cn2cncn2)cc1,CHEMBL27938
DEC_4009,decoy,CC[C@H](c1ccc(O)cc1)[C@@H](CBr)c1ccc(O)cc1,CHEMBL24212
DEC_1410,decoy,Nc1nc(N)c2cc([S+]([O-])c3ccc4ccccc4c3)ccc2n1,CHEMBL6979
DEC_3708,decoy,CCCCc1oc2ccccc2c1C(O)c1ccc(-c2cc(Br)c(O)c(Br)c2)cc1,CHEMBL280969
DEC_0407,decoy,NC(=O)c1cc(N(CCO)CCO)c(N)cc1N,CHEMBL283558
DEC_2098,decoy,O=C1[C@H]2C(c3ccccc3)NC3(Cc4ccccc4C3)[C@H]2C(=O)N1c1ccc(Cl)c(Cl)c1,CHEMBL281459
DEC_3811,decoy,CNc1ncnc2c1ncn2Cc1ccccc1C(F)(F)F,CHEMBL268652
DEC_3922,decoy,CN1CCc2ccc3c4c2[C@H]1Cc1cccc(c1-4)[C@@H]3N,CHEMBL27251
DEC_1517,decoy,CC(C)(C)C(=O)Oc1ccc(C(=O)OCc2cc(=O)c(OC(=O)C(C)(C)C)co2)cc1,CHEMBL10089
DEC_3865,decoy,C=CCC1Oc2cccc(SC)c2-c2ccc3c(c21)C(C)=CC(C)(C)N3,CHEMBL8394
DEC_3388,decoy,CCN(CC)CCNc1ccc2ncn3c4cc5c(cc4c(=O)c1c23)OCO5,CHEMBL8582
DEC_3378,decoy,CON=C1CCN(c2c(F)cc3c(=O)c(C(=O)O)cn(C4CC4)c3c2F)CC1,CHEMBL29175
DEC_4250,decoy,CC(C)c1cccc(C(C)C)c1OC(=O)NS(=O)(=O)N(c1ccccc1)c1ccccc1,CHEMBL21870
DEC_3483,decoy,CCC(=O)Nc1ccccc1Oc1nccc(-c2c(-c3ccc(F)cc3)ncn2C2CCNCC2)n1,CHEMBL278498
DEC_1528,decoy,CNc1nsc(-c2ccc(N3CCN(c4cccc(C(F)(F)F)c4)CC3)nn2)n1,CHEMBL14854
DEC_3536,decoy,CC(=O)N1CCc2ccc(N(C(=O)/C=C/c3ccc(Cl)cc3)C3CCN(CCC4CCCC4)CC3)cc21,CHEMBL440278
DEC_2867,decoy,CC(C)(C)c1cccc(N2C(N)=NC(N)=NC2(C)C)c1,CHEMBL267692
DEC_2671,decoy,NCC1CN(c2c(F)cc3c(=O)c(C(=O)O)cn(C4CC4)c3c2F)CCO1,CHEMBL29572
DEC_3863,decoy,C=CCC1Oc2cccc(COC)c2-c2ccc3c(c21)C(C)=CC(C)(C)N3,CHEMBL267670
DEC_2990,decoy,COc1ccc(CN2C[C@H](OCC34C[C@@H]5[C@H](C)CC[C@H]5C5(C=O)CC3C=C(C(C)C)C45C(=O)O)O[C@H](C)[C@@H](OC)C2)cc1,CHEMBL295358
DEC_0477,decoy,COc1cc(C#N)ccc1/N=c1\c(O)c(O)\c1=N/[C@H](C)C(C)(C)C,CHEMBL276328
DEC_0209,decoy,CC1(C)O[C@H]2[C@@H]3OC4(CCCC4)O[C@@H]3CO[C@@]2(COS(N)(=O)=O)O1,CHEMBL26780
DEC_1819,decoy,Clc1ccc(NC23CC4CC(CC(C4)C2)C3)cn1,CHEMBL18749
DEC_0372,decoy,Cn1cncc1C(O)(C#Cc1ccccc1)c1ccc(C#N)c(-c2cccc3ccccc23)c1,CHEMBL24271
DEC_3195,decoy,C=CC[C@@H](C(=O)NO)[C@@H](CC(C)C)C(=O)N[C@@H](Cc1ccccc1)C(=O)NC,CHEMBL35602
DEC_1288,decoy,O=C1C2CCCCN2C(=O)N1CN1CCN(c2cccc3ccccc23)CC1,CHEMBL445055
DEC_2958,decoy,CC(=O)OCCCCN(C(=O)c1ccccc1)c1ccc2ncn(Cc3ccc(-c4ccccc4-c4nnnn4C)cc3)c(=O)c2c1,CHEMBL28532
DEC_3387,decoy,O=C1OC2(CCN(CC(O)C3COc4ccccc4O3)CC2)CN1Cc1ccccc1,CHEMBL24034
DEC_3204,decoy,O=C(O)c1n[nH]c([C@H](Cc2ccc(-c3ccccc3)cc2)NCP(=O)(O)O)n1,CHEMBL275737
DEC_4483,decoy,CN(C)CCCNc1ccc2ncn3c4cc5c(cc4c(=O)c1c23)OCO5,CHEMBL267078
DEC_4273,decoy,C#C[C@]1(O)CCC2C3C(CC[C@@]21C)C1CCC(=O)C=C1C[C@H]3C,CHEMBL7815
DEC_0953,decoy,CC1CN(c2c(F)c(N)c3c(=O)c(C(=O)O)cn(C4CC4)c3c2F)CCN1,CHEMBL15707
DEC_0574,decoy,Cc1nc(N)ccc1CNC(=O)C1C=CCn2c(=O)n(C(CSCC(C)C)C(=O)O)c(=O)n21,CHEMBL287382
DEC_3302,decoy,CCCS(=O)(=O)c1cc(C2CC[C@@H](c3cc(OC)c(OC)c(OC)c3)O2)cc(OC)c1OCC[S+]([O-])c1ccc(N)cc1,CHEMBL300441
DEC_1017,decoy,CC1(C)OC(S)=Nc2ccc(-c3cc(C#N)cc(OC(F)(F)F)c3)cc21,CHEMBL24689
DEC_1956,decoy,C[C@@H]1c2cccc3c2-c2c1ccc1c2[C@@H](C3)N(C)CC1,CHEMBL282863
DEC_3967,decoy,Cc1cc(C(SCCN(C)C)c2ccc(C(C)C)cc2)sn1,CHEMBL21962
DEC_1399,decoy,CC1C(N)CN1c1c(F)cc2c(=O)c(C(=O)O)cn(C3CC3)c2c1Cl,CHEMBL19328
DEC_2110,decoy,CCCCNCc1ccc(Cl)c(C(F)(F)F)c1.Cl,CHEMBL274079
DEC_3122,decoy,CN1CCN(c2nccc3c2ccc2ccccc23)CC1,CHEMBL38843
DEC_0442,decoy,Nc1ccccc1S(=O)(=O)NCC(=O)O,CHEMBL38109
DEC_0723,decoy,O=C(Nc1nccs1)c1c(C(F)(F)F)nc2c(SC(F)(F)F)cccc2c1O,CHEMBL440947
DEC_0620,decoy,CC(=O)OCC(=O)C1[C@H](C)CC2C3CCC4=CC(=O)C=CC4(C)[C@@]3(Cl)C(Cl)CC21C,CHEMBL428680
DEC_3642,decoy,O=C(O)C[C@H](NC(=O)CN1CC[C@H](CCc2ccc3c(n2)NCCC3)C1=O)c1cccc(F)c1,CHEMBL283795
DEC_2962,decoy,Cn1nnnc1-c1ccccc1-c1ccc(Cn2cnc3ccc(N(CC(=O)c4ccco4)C(=O)c4ccccc4)cc3c2=O)cc1,CHEMBL108190
DEC_4564,decoy,Cc1ccc(-n2nc(C(C)(C)C)cc2NC(=O)Nc2ccc(OCCN3CCOCC3)c3ccccc23)cc1CN(C)C,CHEMBL106115
DEC_4167,decoy,COC(=O)C1NC(c2ccccc2)[C@H]2C(=O)N(c3ccc(Cl)c(Cl)c3)C(=O)[C@@H]12,CHEMBL27142
DEC_0270,decoy,COc1cc2c3c4c(cc5c3n(c2cc1OC)C(=O)CC5(C)C)CCNC4,CHEMBL280340
DEC_0439,decoy,NC(Cc1ccc(P(=O)(O)O)cc1)C(=O)O,CHEMBL282546
DEC_2900,decoy,CC[C@H]1OC(=O)[C@H](C)C(=O)[C@H](C)[C@@H](O[C@@H]2O[C@H](C)C[C@H](N(C)C)[C@H]2O)[C@](C)(OC)C[C@@H](C)CN(C)[C@H](C)[C@@H](O)[C@]1(C)O,CHEMBL81380
DEC_1395,decoy,CC1=CC(C)(C)N(C)c2ncc(/C=C/C(C)=C\C=N\N=C(/N)S)cc21,CHEMBL7648
DEC_2274,decoy,CCCCc1cn(CCCC)c(=O)n1Cc1ccc(-c2ccccc2-c2nn[nH]n2)nc1,CHEMBL9642
DEC_0037,decoy,CCOc1nc2c(n1Cc1ccc(OC)cc1)C(=O)N(CC)C1=N[C@@H]3CCC[C@@H]3N12,CHEMBL280576
DEC_4612,decoy,Fc1ccccc1Cn1cnc2c(NCC3CC3)ncnc21,CHEMBL266302
DEC_3131,decoy,CC(C)(C)C(=O)OCc1cc(=O)c(OC(=O)C(C)(C)C)co1,CHEMBL9995
DEC_1166,decoy,Nc1nc(Cl)c2ncn([C@H]3O[C@@H](CO)C=C3F)c2n1,CHEMBL28154
DEC_0062,decoy,CCCCCCCCCC(=O)N[C@H]1CCOC1=O,CHEMBL8799
DEC_2548,decoy,CCN1CCCC(N(C)C2c3ccccc3Oc3ccccc32)C1,CHEMBL20314
DEC_2471,decoy,CCCC[C@H]1CC2C(CCC3(C)C(=O)CCC23)C2(C)C=CC(=O)C=C12,CHEMBL8646
DEC_0298,decoy,COC(=O)c1c2c(c3c4cc(OC)c(OC)cc4n4c3c1CCC4=O)CCNC2,CHEMBL280951
DEC_4352,decoy,CCCN1C(=O)CCC(CC)(c2ccncc2)C1=O,CHEMBL38877
DEC_0461,decoy,CCCCCOc1ccc2c3c1OC1C(O)C=CC4C(C2)N(C)CCC341,CHEMBL25917
DEC_3334,decoy,COCC(=O)OCC(=O)[C@@]1(OC(=O)c2ccco2)[C@H](C)CC2C3CCC4=CC(=O)C=CC4(C)[C@@]3(F)C(O)CC21C,CHEMBL289625
DEC_4000,decoy,CCCCCCCOc1cccc(Cc2cnc(N)nc2N)c1,CHEMBL285209
DEC_2601,decoy,CN(C)P1(N(C)C)=N[P@](N(C)C)(N2CC2)=N[P@](N(C)C)(N2CC2)=N1,CHEMBL282414
DEC_3044,decoy,Nc1nc(N)c2c(n1)CCC(Cc1ccsc1)C2,CHEMBL7586
DEC_2853,decoy,Oc1cc2c(cc1O)[C@@H]1c3sccc3CN[C@H]1CC2,CHEMBL288536
DEC_2995,decoy,CO[C@H]1C(=O)N2C(C(=O)C(C)(C)C)=C(C)C(Sc3nnnn3C)S(=O)(=O)[C@H]12,CHEMBL276573
DEC_2677,decoy,NCC1CN(c2cc3c(cc2F)c(=O)c(C(=O)O)cn3C2CC2)CCO1,CHEMBL27345
DEC_0927,decoy,Clc1ccc2c(c1)[C@H]1OCC[C@H]1[C@H](c1c[nH]c3ccc(Br)cc13)N2,CHEMBL278363
DEC_3850,decoy,Cc1cn(C2C=CC(COP3(=O)OCc4cc(Cl)ccc4O3)O2)c(=O)[nH]c1=O,CHEMBL266136
DEC_0679,decoy,CC(=O)OC[C@@]1(O)C[C@@]23CCC4C5=C(CC[C@@]4(C)C2CCC1C3)OCC5,CHEMBL31113
DEC_2508,decoy,CCOc1c(Cl)c(OC)nc(C(Cl)(Cl)Cl)c1Cl,CHEMBL269391
DEC_0798,decoy,CCOP(=O)(N1CC1(C)C)N1CC1(C)C,CHEMBL31597
DEC_1344,decoy,N#CN/C(N)=N\c1cccc(/C(=C\CCCC(=O)O)c2cccnc2)c1,CHEMBL428709
DEC_3185,decoy,CN(CC(=O)N[C@@H](CCCCN)B(O)O)C(=O)c1ccccc1Cc1ccccc1,CHEMBL283553
DEC_2387,decoy,Cl.c1ccc(C[C@@H]2CN=C(Cc3cccc4ccccc34)N2)cc1,CHEMBL21656
DEC_0843,decoy,O=C(O)c1ccc(OCCn2ccnc2)cc1,CHEMBL267473
DEC_3173,decoy,Nc1nc(N)c(CCCCc2ccc(C(=O)N[C@@H](CC(=O)O)C(=O)O)cc2)c(O)n1,CHEMBL276635
DEC_3862,decoy,CCCc1cc(C#N)sc1-c1ccc2c(c1)C1(CCCCC1)C(S)=N2,CHEMBL28213
DEC_1073,decoy,CN(C)C1CCCN(C2c3ccccc3Oc3ccccc32)C1,CHEMBL20631
DEC_3312,decoy,CC(C)C1=CC2CC3(C=O)[C@@H]4CC[C@@H](C)[C@H]4CC2(CO[C@H]2CN(S(=O)(=O)C4CC4)[C@H](C)CO2)[C@]13C(=O)O,CHEMBL33928
DEC_1935,decoy,CC(=O)OCC1=C(C(=O)O)N2C(=O)C(NC(=O)CCON=C3c4ccccc4-c4ccccc43)C2SC1,CHEMBL29322
DEC_2953,decoy,C=C1[C@@H](OCOCc2ccccc2)CC[C@@]2(C)[C@@H](OC(C)=O)[C@H](OC(C)=O)C3=C(C)C(=O)C[C@@H]([C@@H](OC(C)=O)[C@H]12)C3(C)C,CHEMBL326272
DEC_3867,decoy,C=CCC1Oc2ccc(Cl)c(OC)c2-c2ccc3c(c21)C(C)=CC(C)(C)N3,CHEMBL7987
DEC_4179,decoy,Cn1cnc2c(N(C(N)=O)c3c(F)cccc3F)nc(-c3ccc(F)cc3)nc21,CHEMBL275367
DEC_3581,decoy,Cn1cncc1C(OCc1ccc(C#N)nc1-c1cc(F)cc(F)c1)c1ccc(C#N)cc1,CHEMBL43082
DEC_3088,decoy,CCCCc1oc2ccccc2c1Cc1ccc2cc(O)ccc2c1,CHEMBL24201
DEC_2710,decoy,N=C(N)c1cccc(CN(NS(=O)(=O)c2ccc3ccccc3c2)C(=O)N2CCCCCC2)c1,CHEMBL38626
DEC_3491,decoy,CCC(=O)OC(CC)c1nc2c(C(F)(F)F)cccc2c(O)c1C(=O)Nc1ccccn1,CHEMBL290581
ACT_034,active,COC(=O)[C@H]1CC[C@]2(C)[C@H]3CC=C4[C@@H]5CC(C)(C)CC[C@]5(C(=O)O)CC[C@@]4(C)[C@]3(C)CC[C@H]2C1(C)C,CHEMBL503071
DEC_1025,decoy,CC(C)CN(C1=NCCN1)c1c(Br)cccc1Br,CHEMBL19924
DEC_1522,decoy,COc1cc2c(cc1OC)[C@@H]1C(=O)c3ccc4oc(C(C)C)cc4c3O[C@@H]1CO2,CHEMBL7941
DEC_2597,decoy,CNC(=O)C1(N2CCOCC2=O)CCN(CC[C@H](CN(C)C(=O)c2cc(C#N)cc3ccccc23)c2ccc(Cl)c(Cl)c2)CC1,CHEMBL130085
DEC_3300,decoy,COc1ccc(CCN2C(C(=O)N(C)C)=C(c3ccc(OC)c(OC)c3)C3c4cc(OC)c(OC)cc4OC(=O)C32)cc1OC,CHEMBL50691
ACT_090,active,CC1(C)OC(=O)C(Oc2ccc(C3CC3)cn2)=C1c1ccc(S(C)(=O)=O)cc1,CHEMBL108917
DEC_1110,decoy,C=C(Cl)CN1C[C@H](OCC23C[C@@H]4[C@H](C)CC[C@H]4C4(C=O)CC2C=C(C(C)C)[C@@]34C(=O)O)OC[C@H]1C(C)C,CHEMBL431297
DEC_4258,decoy,CCCCCc1cc(O)c2c(c1)OC(C)(C)[C@@H]1CC=C(CN(CCCl)CCCl)CC21,CHEMBL35846
DEC_1112,decoy,CC(C)C1=CC2CC3(C=O)[C@@H]4CC[C@@H](C)[C@H]4CC2(CO[C@H]2CN(CC=C(Cl)Cl)[C@H](C)CO2)[C@]13C(=O)O,CHEMBL284336
DEC_2255,decoy,CCCN(CCCON1C(=O)CC2(CCCC2)CC1=O)C1COc2cccc(OC)c2C1,CHEMBL28287
DEC_1371,decoy,CCCN1CCC[C@@H]2c3cccn4cc(C)c(c34)C[C@H]21,CHEMBL10236
DEC_3589,decoy,O=C1CN2CCCCC2c2c1c1ccccc1n2CCCNS(=O)(=O)c1cccs1,CHEMBL418223
DEC_1463,decoy,NC1(c2cc3ccccc3s2)CCCCCC1,CHEMBL18811
DEC_0872,decoy,CN(c1ncnc2c1ncn2Cc1ccccc1F)C1CC1,CHEMBL268614
DEC_0337,decoy,Cc1cc(-c2c(F)cc3c(=O)c(Cc4cc(O)ccc4O)cn(C4CC4)c3c2F)cc(C)n1,CHEMBL269139
DEC_1880,decoy,N[C@@H](Cc1ccccc1)C1=Cc2ccccc2C2=NCCCN12,CHEMBL10138
DEC_4150,decoy,CCCCCN1CCC(COc2nc3ccccc3c3c2CCCCN3)CC1,CHEMBL33964
DEC_4585,decoy,O=NN(CCCl)C(=O)N1CCCC1C(=O)NCCCl,CHEMBL21229
DEC_0716,decoy,COC(=O)c1cccc(-c2cc(O)c(Sc3ccccc3C(C)C)c(=O)o2)c1,CHEMBL13067
DEC_1138,decoy,O=c1c2c(oc(O)c1C(c1cccc(N(CC3CC3)S(=O)(=O)c3ccccc3)c1)C1CC1)CCCCCC2,CHEMBL430097
DEC_4607,decoy,CCn1cc(C(=O)O)c(=O)c2cc(F)c(N3CC(N)C3C)c(F)c21,CHEMBL19793
DEC_3557,decoy,O=C1C2C3C=CC(C4CC34)C2C(=O)N1CCCCC1CCN(c2cncc(Cl)n2)CC1,CHEMBL281538
DEC_0925,decoy,CC1(C)CC(=O)c2c(ccc3c2C(c2ccc(Cl)cc2)Oc2ccccc2-3)N1,CHEMBL286662
DEC_2728,decoy,C[C@]12CC[C@H](O)[C@@](C)(CO)C1C[C@H](O)[C@@]1(C)Oc3cc(-c4ccccc4)oc(=O)c3C(=O)C21,CHEMBL277665
DEC_4003,decoy,c1ccc2c(CNCCCNCc3cccc4ccccc34)cccc2c1,CHEMBL23824
DEC_2518,decoy,CC[C@H]1Nc2cc3nc(O)cc(C(F)(F)F)c3cc2C[C@@H]1C,CHEMBL7455
DEC_1126,decoy,CCCCc1nc2ccn(Cc3ccccc3N)c(=O)c2n1Cc1ccc(-c2ccccc2-c2nn[nH]n2)cc1,CHEMBL47187
DEC_2307,decoy,O=C(NC(Cc1ccccc1)C(O)CN1CCCCCCCCC/C=C/CC(c2ccccc2)OC1=O)O[C@H]1CO[C@H]2OCC[C@H]21,CHEMBL60396
DEC_1316,decoy,CC(C)c1c(Sc2ccccc2)n(COCCO)c(=S)[nH]c1=O,CHEMBL278186
DEC_1710,decoy,O=C1CCC(c2ccccc2)(C2CCN(Cc3ccccc3Br)CC2)C(=O)N1,CHEMBL274552
DEC_0203,decoy,CC1(C)O[C@H]2[C@H]3C(CO[C@@]2(COS(N)(=O)=O)O1)C3(Cl)Cl,CHEMBL25746
DEC_0548,decoy,CC1(C)N=C(N)N=C(N)N1c1ccc(C#C[Si](C)(C)C)cc1,CHEMBL33409
DEC_2139,decoy,COc1cc2[nH]c3c(c2cc1-c1cnco1)CCCC(=O)C3,CHEMBL277187
DEC_2676,decoy,CC[C@]1(CO)CC2C3Cc4ccc(OC)c5c4C2(CCN3C)C(O5)[C@@H]1O,CHEMBL8889
DEC_1079,decoy,CC#CCOC1(C(F)(F)F)OC(=O)Nc2ccc(Cl)cc21,CHEMBL17372
DEC_4619,decoy,O=S1NC(Cc2coc3c(Cl)cc(Cl)cc23)=NO1,CHEMBL17375
DEC_3196,decoy,O=C(NCCNCC(O)COc1ccc(-c2ncc[nH]2)cc1)Nc1ccccc1,CHEMBL11467
ACT_039,active,CCc1ccc2[nH]c(C(=O)c3cc(C)ccn3)c(CC(=O)O)c2c1,CHEMBL1950013
DEC_2632,decoy,COc1cc2nc(N3CCN(S(=O)(=O)c4cccs4)CC3)nc(N)c2cc1OC,CHEMBL112998
DEC_4095,decoy,CC(CNC(=O)C1CCC2(CC1)CCN(c1ccncc1)CC2)CC(=O)O,CHEMBL25897
DEC_1783,decoy,Nc1nc(N)c2cc(S(=O)(=O)c3ccc(Cl)c(Cl)c3)ccc2n1,CHEMBL428658
DEC_0941,decoy,C=Cc1nc(O)c2c(ccc3nc(Nc4c(Cl)cccc4Cl)n(C)c32)c1C,CHEMBL26955
DEC_3909,decoy,C=CCC1Cc2c(c3ccccc3c3nc4ccccc4nc23)OC1(C)C,CHEMBL15321
DEC_1789,decoy,CC1(C)Oc2ccc(C#N)cc2[C@@H](NC(=O)c2cccc(F)c2)[C@@H]1O,CHEMBL16734
DEC_0852,decoy,CC(C)CCCc1nc2c([nH]1)N1C(=N[C@@H]3CCC[C@@H]31)N(C)C2=O,CHEMBL278254
DEC_0487,decoy,CCCCC[C@@H]1/C=C\C2C(=O)CC(O)[C@@H]2C/C=C\CCCC(=O)O1,CHEMBL276380
DEC_2289,decoy,COc1cc2c(cc1O)CC(=O)N(CCCN(C)CCc1ccc(OC)c(OC)c1)CC2,CHEMBL34920
DEC_1939,decoy,Cc1noc(C)c1S(=O)(=O)N[C@@H](CNC(=O)N1CCC2(CC1)CCN(c1ccncc1)CC2)C(=O)O,CHEMBL23814
DEC_0887,decoy,CO[C@H]1O[C@]2(C)OO[C@]13[C@H](CCO)CCC[C@@H]3CC2(C)C,CHEMBL280150
DEC_2699,decoy,C=C1C(C)C2C(Cc3ccccc3)NC(=O)C23OC(=O)/C=C/C(O)CCCC(C)C/C=C/C3C1O,CHEMBL56897
DEC_2439,decoy,CCCC/N=C(/C)Nc1nnc(-c2ccccc2-c2ccccc2)s1,CHEMBL12862
DEC_1467,decoy,c1ccc2c(c1)CCNC2c1ccc2ccccc2c1,CHEMBL279013
DEC_3467,decoy,Cc1cc(SC2=C(O)OC(CCc3ccc(O)cc3)(C(C)C)CC2=O)c(C(C)(C)C)cc1N,CHEMBL38268
DEC_2397,decoy,C[C@@H](CC(=O)O)NC(=O)C1CCC2(CC1)CCN(c1ccncc1)CC2,CHEMBL281770
DEC_0224,decoy,CC[C@@]1(O)C(=O)OCc2c1cc1n(c2=O)Cc2cc3cc(CN)ccc3nc2-1,CHEMBL267814
DEC_3742,decoy,CC[C@H](NC(=O)c1c(CN2CCN(C3CCCCC3)CC2)c(-c2ccccc2)nc2ccccc12)c1ccccc1,CHEMBL33868
DEC_0597,decoy,Cc1cnc(NCc2ccc3c(n2)NCCC3)c(=O)n1CC(=O)N[C@@H](CC(=O)O)c1cccc(F)c1,CHEMBL53503
DEC_0638,decoy,O=C1NCN(c2ccccc2)C12CCN([C@H]1CCc3c(Cl)ccc(Cl)c3C1)CC2,CHEMBL283910
DEC_4147,decoy,CC1CCCC(C)N1CC(O)CSC(c1ccccc1)c1ccccc1,CHEMBL18787
DEC_2693,decoy,CC1Cc2cc3c(cc2C(c2ccc(N)cc2)=NN1C(=O)CN)OCO3,CHEMBL8727
DEC_2219,decoy,C[C@]12C=CC(=O)C=C1CC[C@@H]1[C@@H]2[C@@H](O)C[C@@]2(C)[C@H]1CC[C@]2(O)C(=O)CO,CHEMBL131
DEC_1588,decoy,Cc1nc(O)[nH]c1C(=O)c1ccc(-n2c(C)nc(C)c2C)cc1,CHEMBL281304
DEC_4350,decoy,C1=C(c2ccc(-n3ccnc3)cc2)c2nccn2CC1,CHEMBL27806
DEC_0901,decoy,CC1=CC(C)(C)Nc2ccc3c(c21)C(c1cccc(Cl)c1)Oc1ccc(F)cc1-3,CHEMBL416411
DEC_4175,decoy,CCCCN1CCC[C@H]1CNC(=O)c1cc(Cl)cc2c1OCC(=O)N2C,CHEMBL418560
DEC_1665,decoy,C=C1CCC2[C@](C)(CCC[C@]2(C)C(=O)OC)[C@H]1CCC1=CCC2C(=O)c3ccccc3C(=O)C2C1,CHEMBL22398
DEC_1436,decoy,Nc1nc2nn(CCc3ccccc3)cc2c2nc(-c3ccco3)nn12,CHEMBL16867
DEC_1369,decoy,CCCN1C[C@H](C)C=C2c3cccc4c3[C@@H](CN4)C[C@H]21,CHEMBL291030
DEC_1102,decoy,CC(C)C1=CC2CC3(C=O)[C@@H]4CC[C@@H](C)[C@H]4CC2(CO[C@H]2C[C@H]4[C@H](OC[C@@H]4C(C)C)[C@@H](C)O2)C13C(=O)O,CHEMBL443788
DEC_0130,decoy,C[C@]12CCC(=O)C=C1CCC1C2CC[C@@]2(C)C1CC[C@@H]2OC1CC1,CHEMBL267913
DEC_3162,decoy,Nc1nc(O)c2ncn(CCCCCP(=O)(O)CP(=O)(O)O)c2n1,CHEMBL269745
DEC_1229,decoy,COC1[C@@H](Cn2cncn2)[C@H](COc2ccc(OC(C)(C)C)cc2)CC[C@@]1(C)CCS(C)(=O)=O,CHEMBL298400
DEC_0089,decoy,CC(C)=CCC/C(C)=C/CNCc1cccnc1,CHEMBL34763
DEC_3670,decoy,NCCCNc1nc(-c2cccc(F)c2)cc2ncccc12,CHEMBL30885
DEC_1127,decoy,CCC1CCN(C(=O)[C@H](Cc2nc3ccccc3s2)NS(=O)(=O)c2cccc3c2NCC(C)(C)C3)CC1,CHEMBL24982
DEC_2743,decoy,CC1CCN(C(=O)N(Cc2cccc(C(=N)N)c2)NS(=O)(=O)c2ccc3ccccc3c2)CC1,CHEMBL37318
DEC_0582,decoy,C/C(=C\c1ccc(OCc2cccs2)c(O)c1)C(=O)N[C@@H]1[C@H](O)[C@@H](O)[C@H]2OCO[C@H]2[C@@H]1O,CHEMBL417886
DEC_1718,decoy,COc1cc2c(cc1OC)-c1cc(=Nc3c(C)cc(C)cc3C)n(C(C)C)c(=O)n1CC2,CHEMBL34261
DEC_3563,decoy,O=C1C2C3C=CC(CCCC3)C2C(=O)N1CCCCN1CCN(c2cncc(Cl)n2)CC1,CHEMBL412258
DEC_3904,decoy,C=CCOc1ccc2c(c1)Sc1ccccc1C(CC)=C2c1ccc(O)cc1,CHEMBL14881
DEC_2784,decoy,CCOC(=O)/C=C/[C@H](C[C@@H]1CCNC1=O)NC(=O)[C@H](Cc1ccc(F)cc1)NC(=O)[C@@H](NC(=O)c1cc(C)on1)C(C)(C)C,CHEMBL21082
DEC_2496,decoy,CC(C)(C)c1cc(/C=C/c2ccccc2)cc(C(C)(C)C)c1O,CHEMBL8566
DEC_3015,decoy,CCOC(=O)Cc1c(O)n(Cc2ccccc2)c2nc3c(n2c1=O)C(=O)N(C)CN3C,CHEMBL279535
DEC_0304,decoy,N=C(NCC1CC1)c1ccc(-c2ccc(-c3ccc(C(=N)NCC4CC4)cc3)o2)cc1,CHEMBL23320
DEC_1678,decoy,O=C(Nc1c(C(O)(C(F)(F)F)C(F)(F)F)ccc2ccccc12)c1ccc(-c2ccccc2)cc1,CHEMBL49549
DEC_0271,decoy,C=C(C)CN(C1=NCCN1)c1c(Br)cccc1Br,CHEMBL283961
DEC_2959,decoy,CCCc1nc(SC(F)F)c(C(=O)O)n1Cc1ccc(-c2ccccc2S(=O)(=O)NC(=O)Cc2cccs2)cc1,CHEMBL312937
DEC_3926,decoy,C/C=C(\NC(=O)C1C(C(C)(C)C)C1(C)C)C(=O)O,CHEMBL12165
DEC_1078,decoy,CN1CC=C(c2c[nH]c3ccc(-c4ccccn4)cc23)CC1,CHEMBL26900
DEC_2704,decoy,Clc1ccc(C2=CCc3ccccc3N=C2N2CCNCC2)cc1.O=C(O)/C=C/C(=O)O,CHEMBL276351
DEC_2486,decoy,Nc1ccc(Sc2ccc3ccccc3c2Cl)c(Cl)c1,CHEMBL19399
DEC_0862,decoy,CCC(C)(C)/N=c1\c(O)c(O)\c1=N/Cc1ccc(C)cc1C,CHEMBL20101
DEC_0181,decoy,Nc1nc(N)c2cc(Sc3ccc(Cl)c(Cl)c3)ccc2n1,CHEMBL6877
DEC_2430,decoy,CCCCCc1ccc(C(c2ccns2)N2CCN(C)CC2)cc1,CHEMBL415250
DEC_0048,decoy,COc1cccc2c1CC(CNCCCCN1C(=O)CC3(CCCC3)CC1=O)CO2,CHEMBL416523
DEC_2117,decoy,C=C(c1ccccc1OCc1ccsc1)n1ccnc1,CHEMBL27249
DEC_3474,decoy,O=c1c2c(oc(O)c1C(c1cccc(NS(=O)(=O)c3ccccc3)c1)C1CC1)CCCCCC2,CHEMBL16400
DEC_4168,decoy,COc1ccccc1N1CCN(CCN(C(=O)C2CCCCC2)c2ccccn2)CC1,CHEMBL31354
DEC_3011,decoy,COC12[C@@H]3N[C@@H]3CN1C1=C(C(=O)C(N3CC3c3ccccc3)=C(C)C1=O)[C@@H]2COC(N)=O,CHEMBL32416
DEC_2844,decoy,COC1(c2csc(Sc3ccc4c(c3)CC/C4=N\O)c2)CCOCC1,CHEMBL283523
DEC_2468,decoy,Oc1cccc(-c2ccc3c(c2)C2(CCCCC2)C(S)=N3)c1,CHEMBL283337
DEC_1198,decoy,COC(=O)CC(O)(CCCC(C)C)C(=O)O[C@@H]1C(OC)=C[C@]23CCCN2CCc2cc4c(cc2[C@H]13)OCO4,CHEMBL275127
DEC_1457,decoy,Cc1sc2nc3oc(=O)cc(C)c3cc2c1C,CHEMBL22277
DEC_4267,decoy,CC1(O)C[C@@]23CCC4c5ccoc5CC[C@@]4(C)C2CCC1C3,CHEMBL283392
DEC_3420,decoy,Cc1c([N+](=O)[O-])oc2ccc3cc(Br)ccc3c12,CHEMBL7080
DEC_2663,decoy,C=CCN1CC[C@]23c4c5ccc(O)c4O[C@H]2C(=O)CC[C@@]3(OC)C1C5,CHEMBL277122
DEC_3392,decoy,CC(C)CN(C)S(=O)(=O)c1ccc2oc3ccc(C(=O)O)cc3c(=O)c2c1,CHEMBL23346
DEC_1246,decoy,CN1C[C@H](CN2CC(=O)NC2=O)C[C@@H]2c3cc(C(C)(C)C)cc4[nH]cc(c34)C[C@H]21,CHEMBL275539
DEC_3389,decoy,O=C(O)CCN1CCC2(CCC(C(=O)N3CCN(c4ccncc4)CC3)CC2)CC1,CHEMBL282527
DEC_0229,decoy,O=C(O)c1cn(C2CCC2)c2cc(N3CCNCC3)c(F)cc2c1=O,CHEMBL15361
DEC_2562,decoy,Cc1nc(N)ccc1CNC(=O)C1C=CCn2c(=O)n(C(CSc3ccc(Cl)cc3)C(=O)OC3CCCCC3)c(=O)n21,CHEMBL32887
DEC_4615,decoy,N#Cc1ccc(Nc2c(NC3CC4CCC3C4)c(=O)c2=O)cc1,CHEMBL19077
DEC_2738,decoy,CC1CCCCN1C(=O)N(Cc1ccc(C(=N)N)cc1)NS(=O)(=O)c1ccc2ccccc2c1,CHEMBL39760
DEC_2453,decoy,[O-][N+]1(Cc2ccccc2)CCc2ccc3sc4ccccc4c3c2C1,CHEMBL418344
DEC_1287,decoy,CCNCC1CCN(c2c(F)cc3c(=O)c(C(=O)O)cn(C4(C)CC4)c3c2F)C1,CHEMBL6276
DEC_4335,decoy,C=CCC1(C(C)CCC)C(=O)NC(=S)NC1=O,CHEMBL440
DEC_3102,decoy,COc1ccc(/C=C/c2cc(C(C)(C)C)c(O)c(C(C)(C)C)c2)cc1,CHEMBL8959
DEC_1824,decoy,CC(C)C1CCC(NC(=O)N(CCF)N=O)CC1,CHEMBL12819
DEC_0207,decoy,S=P(N1CCOCCOCCOCCOCC1)(N1CC1)N1CC1,CHEMBL418377
DEC_0533,decoy,C=Cn1cc(C(=O)O)c(=O)c2cc(F)c(N3CCNCC3)cc21,CHEMBL29968
DEC_4083,decoy,CC(=O)c1cc2c(s1)[C@@H](NC(=O)c1ccc(C)cc1)[C@H](O)C(C)(C)O2,CHEMBL287433
DEC_4024,decoy,Nc1ccc(CCCn2ncc3c2nc(N)n2nc(-c4ccco4)nc32)cc1,CHEMBL281805
DEC_1580,decoy,CC(=O)c1ccc(/N=c2\c(O)c(O)\c2=N/C(C)C(C)(C)C)cc1,CHEMBL19257
DEC_0491,decoy,Nc1nc(N)c2c3c(oc2n1)CN(Cc1c(Cl)cccc1Cl)CC3,CHEMBL281962
DEC_2860,decoy,CC(/N=c1\c(O)c(O)\c1=N/c1cccnc1O)C(C)(C)C,CHEMBL282699
ACT_063,active,COc1cc(Cc2n[nH]c(=S)n(/N=C/c3cc4ccc(OCc5ccccc5)cc4nc3Cl)c2=O)cc(OC)c1OC,CHEMBL4852008
DEC_1772,decoy,CC1(C)Oc2ccc(C#N)cc2C(NC(=O)c2ccc(F)cc2)[C@@H]1O,CHEMBL415987
DEC_2055,decoy,CCN(CC)CC#CCCC1(C2(O)c3ccccc3CCc3ccccc32)SCCCS1,CHEMBL289989
DEC_0309,decoy,CCCCc1oc2ccccc2c1C(O)c1ccc2c(Br)c(O)ccc2c1,CHEMBL278096
DEC_1704,decoy,CC(C)(C)NC(=O)[C@H]1CCC2C3CCC4=C(Br)C(=O)CC[C@]4(C)C3CC[C@@]21C,CHEMBL283564
DEC_3362,decoy,CCN1C(=O)c2c(nc(N(C)C)n2Cc2ccc(OC)cc2)N2C1=N[C@@H]1CCC[C@@H]12,CHEMBL24805
DEC_3481,decoy,CCCCc1nn(CC(C)C)c(C(=O)O)c1Cc1ccc(-c2ccccc2-c2nn[nH]n2)cc1,CHEMBL21749
DEC_3930,decoy,Nc1cc(-c2ccc(-n3ccnc3)cc2)nnc1O,CHEMBL448467
DEC_3463,decoy,Cc1cc(SC2=C(O)O[C@](CCc3ccc(O)cc3)(C(C)C)CC2=O)c(C(C)(C)C)cc1CO,CHEMBL37037
DEC_1260,decoy,C[C@@H](/N=c1\c(O)c(O)\c1=N/c1ccc(C#N)cc1Br)C(C)(C)C,CHEMBL278485
DEC_2318,decoy,Cc1ccc2cccc(OCc3c(Cl)ccc(N(C)C(=O)CCc4ccc(C(=O)c5cccs5)n4C)c3Cl)c2n1,CHEMBL26976
DEC_4309,decoy,CC[C@@H]1CC2C(CCC3(C)C(=O)CCC23)C2(C)C=CC(=O)C=C12,CHEMBL8313
DEC_3910,decoy,Cn1cc(-c2ccccc2)c(C(c2cccc3ccccc23)n2ccnc2)c1,CHEMBL21659
DEC_0052,decoy,CCCCCCCCC1OOCCCOO1,CHEMBL27971
DEC_1929,decoy,Nc1nc(/C(=N/O)C(=O)N[C@@H]2C(=O)N3C(C(=O)O)=C(/C=C4\CCN(c5ccccc5)C4=O)CS[C@H]23)cs1,CHEMBL56619
DEC_0524,decoy,CN1CCN(c2ccc3c(c2Cl)CN2CC(=O)NC2=N3)CC1,CHEMBL31465
DEC_2571,decoy,CN(C)C(=O)NCCC1CCN(C(=O)[C@H](Cc2nc3ccccc3s2)NS(=O)(=O)c2cccc3c2NCC(C)(C)C3)CC1,CHEMBL282065
DEC_3262,decoy,C/C=C(/C)C(=O)O[C@H]1C(C)=C2[C@H]([C@@H]1OC(=O)CCCCCCC)[C@@](C)(OC(C)=O)C[C@H](OC(=O)CCC)[C@@]1(O)[C@H]2O[C@H]2O[C@]21C,CHEMBL370514
DEC_3146,decoy,CC(=O)N[C@@H]1c2cccc3c2-c2c1ccc1c2[C@@H](C3)N(C)CC1,CHEMBL282375
DEC_2619,decoy,CO[C@H]1C(=O)N2C(C(=O)C(C)(C)C)=C(C)C(Sc3nnc(C)s3)S(=O)(=O)[C@H]12,CHEMBL273858
DEC_1482,decoy,N#CC(c1ccc(Cl)c(Cl)c1)C1CCCC1,CHEMBL39241
DEC_1462,decoy,NC1(c2cc3ccccc3s2)CCCCC1,CHEMBL18556
DEC_3224,decoy,CCCc1cc(=O)oc2c3c(c4c(c12)OC(C)(C)C=C4)OC(C)(C)[C@H](C)[C@@H]3O,CHEMBL266050
DEC_2789,decoy,CCOC(=O)/C=C/[C@H](C[C@@H]1CCCNC1=O)NC(=O)[C@H](Cc1ccc(F)cc1)NC(=O)[C@@H](NC(=O)c1cc(C)on1)C(C)C,CHEMBL20260
DEC_1838,decoy,C/C(=N\N=C(/S)Nc1cccc(N)c1)c1ccccn1,CHEMBL33015
DEC_2951,decoy,CC[C@H](C)C(=O)O[C@H]1C[C@@H](C)C=C2C=C[C@H](C)[C@H](CC[C@@H]3C[C@H](CC(=O)OC)N(Cc4ccc(C(=O)NC)cc4)C(=O)O3)[C@H]21,CHEMBL431014
DEC_4148,decoy,CCS(=O)(=O)c1ccc(OC)c(-c2ccc(C(C)N3CCCCCC3)[nH]2)c1,CHEMBL22022
DEC_0079,decoy,Cc1ccc(C)c(OCCCC(C)(C)C(=O)O)c1,CHEMBL457
DEC_1583,decoy,COc1ccc2[nH]c([S+]([O-])Cc3cc(C)ccc3N)nc2c1,CHEMBL20151
DEC_3077,decoy,CCOC(=O)c1ccc(/C=C(C)/C=C/C2=C(C)CCCC2(C)C)s1,CHEMBL286405
DEC_3407,decoy,CC[C@H]1Nc2cc3nc(O)cc(C(F)(F)F)c3cc2CC1(CC)CC,CHEMBL267471
DEC_3813,decoy,N#Cc1cc2cc(OCc3cccc(C4(O)CC5COC(C4)O5)n3)ccc2c(-c2ccoc2)n1,CHEMBL417464
DEC_1469,decoy,c1cc(NC23CC4CC(CC(C4)C2)C3)ccn1,CHEMBL18642
DEC_2243,decoy,O=C(O)c1ccc2oc3ccc(OCC(O)CO)cc3c(=O)c2c1,CHEMBL25042
DEC_0879,decoy,CN1CCCC12c1ccccc1-c1nc(O)c3nccn3c12,CHEMBL14712
DEC_3912,decoy,Oc1nc2c(F)c(F)c(F)c(F)c2nc1O,CHEMBL289779
DEC_4431,decoy,NC(CO)(CO)CO.O=C(O)c1nc2cc(Cl)c3cccnc3c2o1,CHEMBL22050
DEC_4509,decoy,COc1c(C(C)(C)C)cc(Cc2cnc(N)nc2N)cc1C(C)(C)C,CHEMBL24374
DEC_1219,decoy,CCCCCCC[C@H]1OC(=O)C[C@@H](OCOC)[C@H](Cc2ccccc2)N(C)C(=O)[C@H](C)OC(=O)[C@H]1C,CHEMBL39969
DEC_1766,decoy,Cc1csc2c(C(=O)O)c(=O)c3cc(F)c(N4CCNCC4)cc3n12,CHEMBL31199
DEC_1446,decoy,CCOOC1(OC)CCCCCCCCCCC1,CHEMBL29833
DEC_4135,decoy,CCc1nc2c(-c3ccc(C(F)(F)F)cc3Cl)ccnc2n1C(CC)COC,CHEMBL23630
DEC_3843,decoy,CC1(C)C=C(n2ccccc2=O)c2cc(S(=O)(=O)NC(=O)Nc3ccccc3)ccc2O1,CHEMBL12139
DEC_3847,decoy,CCC1C[C@H](N)CN1c1cc2c(cc1F)c(=O)c(C(=O)O)cn2-c1ccc(F)cc1F,CHEMBL41239
DEC_1262,decoy,C[C@H]1[C@@H](OCc2ccc(C(=O)O)cc2)O[C@@H]2O[C@@]3(C)CC[C@H]4[C@H](C)CC[C@@H]1[C@@]24OO3,CHEMBL277015
DEC_1314,decoy,Cc1cc(C)cc(Sc2c(C(C)C)c(=O)[nH]c(=S)n2COCCO)c1,CHEMBL274265
DEC_3940,decoy,Clc1ccc2[nH]cc(C3=CCNCC3)c2c1,CHEMBL282994
DEC_2107,decoy,CN(C/C=C/c1ccsc1)Cc1cccc2ccccc12,CHEMBL277690
DEC_1730,decoy,Cc1cc(C)c(S(=O)(=O)[O-])c(C)c1.Cc1cc2c3c(cc[n+]2nc1C)[nH]c1ccccc13,CHEMBL286081
DEC_0509,decoy,COc1cc(CC(C)N)c(OC)cc1I,CHEMBL6616
DEC_3445,decoy,CCOC(=O)Nc1cccc2c1CN(C)CC2c1ccc(Cl)cc1,CHEMBL276942
DEC_4177,decoy,Cn1cnc2c(N(C(N)=O)c3c(F)cccc3F)nc(-c3cccc(F)c3)nc21,CHEMBL275162
DEC_2604,decoy,C1CCN(P2(N3CC3)=NP(N3CC3)(N3CC3)=NP(N3CC3)(N3CC3)=N2)CC1,CHEMBL283932
DEC_2276,decoy,CC(C)Oc1ccccc1N1CCN(C/C=C/C(=O)CN2CCCCC2=O)CC1,CHEMBL12127
DEC_3752,decoy,CC(C)c1cc(Br)cc(C(C)C)c1OC(=O)NS(=O)(=O)Oc1c(C(C)C)cccc1C(C)C,CHEMBL21539
DEC_3331,decoy,Cc1nc(N)ccc1CNC(=O)C1C=CCn2c(=O)n(C(CSc3ccc(Cl)cc3)C(=O)OC(C)C)c(=O)n21,CHEMBL33141
DEC_1123,decoy,COc1ccc(C(C#N)(CCCN(C)CC2=c3ccccc3=CC3C=CC=CC23)C(C)C)cc1OC.Cl,CHEMBL295146
DEC_4487,decoy,CCC(=O)N(c1c(F)c(F)c(F)c(F)c1F)C1CCCC1N(C)C,CHEMBL21711
DEC_3819,decoy,O=C1[C@@H](NS(=O)(=O)c2cc3c(Cl)nccc3s2)CCN1Cc1cc2c[nH]ccc-2n1,CHEMBL8503
DEC_3830,decoy,CN1CC[C@]23c4c5ccc(O)c4O[C@H]2[C@H](SSc2ccc([N+](=O)[O-])cn2)CCC3C1C5,CHEMBL40643
DEC_3261,decoy,CCOc1ccc(Sc2nc(N)nc3c2ncn3CCOCP(=O)(OCC(F)(F)F)OCC(F)(F)F)cc1,CHEMBL107674
DEC_0995,decoy,COc1nc(C(Cl)(Cl)Cl)c(Cl)c(OC(C)C)c1Cl,CHEMBL269389
DEC_1980,decoy,C[C@@]12C=Cc3occc3C1CC[C@]13CC(O)C(CCC12)C3,CHEMBL31200
DEC_3810,decoy,CCCc1ccc(C(c2ccns2)N2CCN(C)CC2)cc1,CHEMBL428857
DEC_1293,decoy,CCn1cc(C(=O)O)c(=O)c2c(F)c(F)c(N3CCSCC3)c(F)c21,CHEMBL282930
DEC_1600,decoy,Nc1ccc(N(CCCl)CCCl)cc1,CHEMBL275497
DEC_3400,decoy,O=C1OC2(CCN(CC(O)C3COc4ccccc4O3)CC2)CN1c1ccccc1,CHEMBL27816
DEC_3136,decoy,COC(=O)c1oc2c(sc3ccccc32)c1OC(=O)C(C)C,CHEMBL268367
DEC_3702,decoy,COc1ccccc1Cn1cnc2c(N(C)C)ncnc21,CHEMBL7661
DEC_1032,decoy,Cc1cc(C)c(-n2nnc3c(-c4ccccc4C(F)(F)F)nc(C)nc32)c(C)c1,CHEMBL10315
DEC_0186,decoy,CCc1cc2c(s1)Nc1ccc(F)cc1N=C2N1CCN(C)CC1,CHEMBL14668
DEC_3440,decoy,Cc1ccc(Sc2cncc3sc(C(N)=O)cc23)c(C)c1,CHEMBL6830
DEC_0460,decoy,CCCC(CCC)c1nc2c([nH]1)N1C(=N[C@@H]3CCC[C@@H]31)N(C)C2=O,CHEMBL280307
DEC_3502,decoy,CCN(CC)C1CCC(Nc2nc(Nc3cc(Cl)cc(Cl)c3)nc3ccccc23)CC1,CHEMBL27563
DEC_2957,decoy,Nc1nc(Sc2ccc3ccccc3c2)c2ncn(CCOCP(=O)(OCC(F)(F)F)OCC(F)(F)F)c2n1,CHEMBL106152
DEC_1982,decoy,C#Cc1ccc([C@@H]2CN3CCC[C@@H]3c3ccccc32)cc1,CHEMBL286312
DEC_2356,decoy,COC(=O)c1ccc2c3c4c(cc5c3n(c2c1)C(=O)CC5)CNCC4,CHEMBL22899
DEC_0681,decoy,CCOc1ccccc1C/N=C(\S)c1ccc2cnccc2n1,CHEMBL267280
DEC_4208,decoy,COc1ccc2cc(S(=O)(=O)C3SC(=O)NC3=O)ccc2c1C(F)(F)F,CHEMBL30791
DEC_0493,decoy,COc1cc(CC(C)NO)c(OC)cc1I,CHEMBL274804
DEC_2158,decoy,CCc1ccc(NC(=O)Nc2cc(C(C)(C)C)sc2C(=O)NC)cc1,CHEMBL18752
DEC_1771,decoy,CC1(C)Oc2ccc(C#N)cc2[C@H](NC(=O)c2ccc(F)cc2)[C@H]1O,CHEMBL16515
DEC_0899,decoy,Sc1nc(-c2cc(Cl)cc(Cl)c2)c(-c2cc(Cl)cc(Cl)c2)[nH]1,CHEMBL8113
DEC_1835,decoy,C=Cc1c(C)c(O)cc2c1-c1ccc(O)c(C)c1CC2,CHEMBL38650
DEC_1877,decoy,COc1cc2c(cc1OC)C(C)=[N+]([O-])C(c1ccncc1)N2,CHEMBL29481
DEC_3320,decoy,CC(=O)OCC(=O)[C@@]1(OC(=O)c2ccco2)[C@H](C)CC2C3C[C@H](F)C4=CC(=O)C=CC4(C)C3C(O)CC21C,CHEMBL41846
DEC_1602,decoy,Nc1ccccc1N(CCCl)CCCl,CHEMBL19668
DEC_1020,decoy,CCCc1cc(=O)oc2c3c(c4c(c12)OC(C)(C)C=C4)O[C@H](C(C)C)[C@@H](C)C3=O,CHEMBL6968
DEC_2790,decoy,COC(=O)C1(c2ccccc2)CCN(CCCNC(=O)C2=C(COCCN)NC(C)=C(C(N)=O)C2c2ccc([N+](=O)[O-])cc2)CC1,CHEMBL322405
DEC_1985,decoy,Fc1ccc2c(c1)-c1nc(-c3ccccn3)[nH]c1CCC2,CHEMBL266904
DEC_1096,decoy,CC(C)C1=CC2CC3(C=O)[C@@H]4CC[C@@H](C)[C@H]4CC2(CO[C@H]2CN(c4ccc(Cl)s4)[C@H](C)CO2)[C@]13C(=O)O,CHEMBL282179
DEC_2836,decoy,CCOc1ccc(-n2c(C)c3c(C)nnc(Nc4ccncc4)c3c2C)cc1,CHEMBL415465
DEC_3812,decoy,O=C1[C@@H](NS(=O)(=O)c2cc3nc(Cl)ccc3s2)CCN1Cc1cc2[nH]cccc-2n1,CHEMBL8046
DEC_0531,decoy,O=C(O)c1cn(CCF)c2cc(N3CCNCC3)c(F)cc2c1=O,CHEMBL28519
DEC_3309,decoy,COc1c2c(c(OC)c(SC(C)C)c1SC(C)C)[C@H](CO)N1C(C#N)[C@@H]3C[C@@H](C(=O)O)[C@H]([C@@H]1C2)N3C,CHEMBL58642
DEC_2554,decoy,Cc1nc(N)ccc1CNC(=O)C1C=CCn2c(=O)n(C(CSc3ccc(Cl)c(Cl)c3)C(=O)OC3CCCCC3)c(=O)n21,CHEMBL33307
DEC_0382,decoy,CC(=O)S[C@@H]1CC2=CC(=O)CCC2(C)C2CCC3(C)C(CC[C@@]34CCC(=O)O4)C21,CHEMBL30458
DEC_1791,decoy,CC1(C)Oc2ccc(C#N)cc2C(N2CCCC2)[C@@H]1O.CS(=O)(=O)O,CHEMBL15061
DEC_0365,decoy,Cn1cncc1CN(c1ccc(C#N)c(-c2cccc3ccccc23)c1)C1CCCCC1,CHEMBL28970
DEC_4156,decoy,Cc1ccc(CC2CCN(CC(O)COc3cccc4ccccc34)CC2)cc1,CHEMBL28458
DEC_3347,decoy,CC1(C)C2CC[C@@]1(CS(=O)(=O)N1CCC3(CCc4ccccc43)CC1)[C@@H](N1C(=O)CC(NCCO)C1=O)C2,CHEMBL283126
DEC_3799,decoy,CCCCc1nc(NCc2ccccc2OC)c2sccc2n1,CHEMBL434590
DEC_3979,decoy,CCCCCCCCN1CCN(c2cccc3ccoc23)CC1,CHEMBL26988
DEC_1572,decoy,COC(=O)c1[nH]c(C(C)(C)C)cc1NC(=O)Nc1ccc(Cl)cc1,CHEMBL18743
DEC_2163,decoy,Cc1cccc(C)c1NC(=O)C(C)NC(=O)C1=CC(C)(C)NC1(C)C,CHEMBL417992
ACT_057,active,O=C(NNC(=S)NCc1ccccc1)c1ccc(C2=CN3c4ccccc4NC3S2)nc1,CHEMBL5277674
DEC_2157,decoy,Nc1nc(N)c2c(CSc3ccc(Cl)c(Cl)c3)c[nH]c2n1,CHEMBL17430
DEC_1173,decoy,CC(C)Nc1nc(N)nc2c1ncn2/C=C1/C[C@@H]1CO,CHEMBL287521
DEC_0549,decoy,O=C1CCC(N2C(=O)c3c(F)c(F)c(F)c(F)c3C2=O)C(=O)N1,CHEMBL11440
DEC_2808,decoy,C[Si](C)(C)c1ccc(C2=Cc3ccccc3C3=NCCCN23)cc1,CHEMBL9684
DEC_0881,decoy,CSc1sc(-c2cc[nH]n2)c2c1C(=O)CC(C)(C)C2,CHEMBL17354
DEC_4169,decoy,Cc1ccc(CNC(=O)CCCn2c3c(c4ccccc42)C(=O)CN2CCCCC32)o1,CHEMBL286610
DEC_2394,decoy,Cc1cc(F)ccc1-c1nc(N(C(N)=O)c2ccccc2)c2ncn(C)c2n1,CHEMBL18657
DEC_2481,decoy,CCC[C@H]1CC2C3CCC(=O)C3(C)CCC2C2(C)CCC(=O)C=C12,CHEMBL25695
DEC_0019,decoy,O=C1CC2(CCCC2)CC(=O)N1CCCCNC[C@@H]1COc2ccccc2O1,CHEMBL12124
DEC_0398,decoy,CS(=O)(=O)c1nc(-c2cc(Cl)cc(Cl)c2)c(-c2cc(Cl)cc(Cl)c2)[nH]1,CHEMBL7859
DEC_1886,decoy,Cc1c(Sc2ccccc2)n(COCCO)c(=O)[nH]c1=S,CHEMBL286689
DEC_2761,decoy,CCCC(NC(=O)[C@@H]1[C@H]2CC=C[C@H]2CN1C(=O)[C@@H](NC(=O)[C@@H](NC(=O)c1cnccn1)C(C)C)C(C)C)C(=O)C(=O)NC1CC1,CHEMBL49900
DEC_3508,decoy,C[C@]12CCC(=O)C(Cl)=C1NCC1C2CC[C@@]2(C)C1CC[C@@H]2C(=O)N(c1ccc(Cl)cc1)C1CCCC1,CHEMBL283430
DEC_1695,decoy,CN1C(=O)CC[C@]2(C)C3CC[C@@]4(C)C(CC[C@@H]4N(C=O)CCC(C)(C)C)C3CC[C@@H]12,CHEMBL16863
DEC_1080,decoy,CCC1CCN(C=O)c2cc3nc(O)cc(C(F)(F)F)c3cc21,CHEMBL27372
DEC_0437,decoy,CC(=O)N[C@@H](CS)C(=O)NCCO[N+](=O)[O-],CHEMBL37295
DEC_4462,decoy,CN1CCN(CCCCN2c3cccc4cccc(c34)S2(=O)=O)CC1,CHEMBL12535
DEC_0994,decoy,NCCNCc1nn2c3ccccc3c(=O)c3c(NCCN)ccc1c32,CHEMBL267631
DEC_0734,decoy,O=C(OC1CCCCC1)c1ccccc1CSc1c(O)oc(-c2ccccc2)cc1=O,CHEMBL14889
DEC_0112,decoy,Brc1ccccc1-c1ccccc1Br,CHEMBL267917
DEC_4599,decoy,O=C1CCN(c2cc3c(cc2F)c(=O)c(C(=O)O)cn3C2CC2)C1,CHEMBL27961
DEC_1711,decoy,Cc1nnc2n1-c1sc(C#CCOc3cccnc3)cc1C(c1ccccc1Cl)=NC2,CHEMBL283339
DEC_2462,decoy,C1=C(c2ccc(-c3ccccc3)cc2)N2CCCN=C2c2ccccc21,CHEMBL9781
DEC_4158,decoy,CCN(CC)CCn1nc2c3c(c(CNC)ccc31)Sc1ccccc1-2,CHEMBL30099
DEC_2999,decoy,COC12[C@@H]3N[C@@H]3CN1C1=C(C(=O)C(N3CCSC3)=C(C)C1=O)[C@@H]2COC(N)=O,CHEMBL285984
DEC_2451,decoy,N#Cc1cc(F)cc(-c2ccc3c(c2)C2(CCCCC2)C(S)=N3)c1,CHEMBL28157
DEC_1382,decoy,OC1CCCCC1N1CCC(C2CCCCC2)CC1,CHEMBL21309
DEC_4145,decoy,COC(=O)c1c(NC(=O)Nc2cccc(Cl)c2Cl)cc(C(C)(C)C)n1C,CHEMBL19057
DEC_0669,decoy,CNc1nc(Cl)c(Sc2ccccc2)c(N2CCN(C)CC2)n1,CHEMBL14899
DEC_4092,decoy,Nc1nc2c(cnn2CCc2ccccc2)c2nc(-c3ccccc3)nn12,CHEMBL280411
DEC_1593,decoy,Cc1noc(NS(=O)(=O)c2ccc3ccc(N)cc3c2)c1C,CHEMBL281427
DEC_1793,decoy,O=C1c2ccc(O)cc2C23CCCCC2C1N(CC1CCCO1)CC3,CHEMBL432072
DEC_2123,decoy,CN(C/C=C/c1ccccc1)CC1=CCc2ccccc21,CHEMBL21351
DEC_3461,decoy,COc1cc(NC(C)CCCN)c2nccc(C)c2c1Oc1ccc(F)c(C(F)(F)F)c1,CHEMBL12883
DEC_2594,decoy,CNC(=O)OCCC1CCN(C(=O)[C@H](Cc2nc3ccccc3s2)NS(=O)(=O)c2cccc3c2NCC(C)(C)C3)CC1,CHEMBL24186
DEC_4492,decoy,C[C@@](O)(/C=C/C1[C@H](O)C[C@@H]2OC(=O)CCC/C=C\C[C@H]12)CCc1ccccc1,CHEMBL429044
DEC_3279,decoy,COc1ccccc1Oc1c(NS(=O)(=O)c2ccc(C(C)(C)C)cc2)nc(C)nc1OCCOC(=O)Nc1ccccn1,CHEMBL70800
DEC_2008,decoy,O=c1ccn(-c2ccc(Oc3ccc(Cl)cc3)c(Cl)c2)c(=O)[nH]1,CHEMBL276629
DEC_3443,decoy,CSc1sc(C(=N)N)cc1-c1cccc(-c2ccccc2)c1,CHEMBL28138
DEC_1556,decoy,CC(C)(C)c1ccc(Sc2ccc(NC3=NCCN3)cc2)cc1,CHEMBL9558
DEC_3065,decoy,CN1CCc2cc(F)cc3c2[C@H]1Cc1ccc(O)c(O)c1-3,CHEMBL18598
DEC_4484,decoy,CN(C=O)[C@H]1CCC2C3CC[C@H]4N(C)C(=O)CC[C@]4(C)C3CC[C@@]21C,CHEMBL17193
DEC_1225,decoy,CCCCCCC[C@@H]1CC(=O)O[C@@H](C(C)C)C(=O)N(C)[C@@H](Cc2ccccc2)[C@H](OCOC)CC(=O)O1,CHEMBL38932
DEC_0934,decoy,CC(C)c1ccccc1Sc1c(O)cc(-c2cc(Cl)cc(Cl)c2)oc1=O,CHEMBL12224
DEC_1189,decoy,c1ccc2c(C3=NCC4(CN5CCC4CC5)O3)[nH]nc2c1,CHEMBL274149
DEC_0261,decoy,Brc1cccc(N(CC2CC2)C2=NCCN2)c1Br,CHEMBL20275
DEC_1763,decoy,COC(=O)[C@@H]1[C@H]2C[C@H]3c4[nH]c5ccccc5c4CCN3C[C@@H]2CC[C@@H]1O,CHEMBL15245
DEC_0051,decoy,CCCCC1(CCCC)OOCCCOO1,CHEMBL27791
DEC_4631,decoy,CCCOc1ccc(OC)cc1-c1ncc(-c2nn[nH]n2)c(O)n1,CHEMBL15390
DEC_3016,decoy,Cn1c(=O)[nH]c2[nH]c(-c3ccc(S(=O)(=O)Oc4cccc([N+](=O)[O-])c4)cc3)nc2c1=O,CHEMBL267474
DEC_3233,decoy,CC12CCC3C(C[C@@H](c4ccccc4)C4=CC(=O)CCC43C)C1CCC2=O,CHEMBL281871
DEC_1541,decoy,O=C(/C=C/c1ccc(OCc2nccs2)cc1)c1cc(-c2nn[nH]n2)ccc1O,CHEMBL273727
DEC_2614,decoy,O=C1[C@@H](NS(=O)(=O)c2ccc(-c3ccon3)s2)CCN1CCNc1ccncc1,CHEMBL267430
DEC_3821,decoy,O=C1[C@@H](NS(=O)(=O)c2cc3ccnc(Cl)c3s2)CCN1Cc1cc2c[nH]ccc-2n1,CHEMBL8242
DEC_1930,decoy,CCOC(=O)N[C@@H](c1ccncc1)[C@@H](O)C(=O)OC1CC2C(C)(C)C1(C)[C@@]13C[C@](O)(CO)c4ccccc4[C@@]21O3,CHEMBL31635
DEC_2742,decoy,COc1cccc([C@@H]2C/C(=N\NC(=O)C(=O)NC(C)c3ccccc3)c3ccccc3N2)c1,CHEMBL16198
DEC_1587,decoy,CC1=C(C(=O)OC2CCCC2C)C(c2ccccc2)NC(=O)N1,CHEMBL280469
DEC_1251,decoy,O=C(O)CN1CCC2(CCC(C(=O)N3CCC(C4CCCCC4)CC3)CC2)CC1,CHEMBL24671
DEC_0559,decoy,C[C@@H](O)[C@H]1C(=O)N2C(C(=O)O)=C(S[C@@H]3CN[C@@H](c4ccc(C(N)CCO)cc4)C3)[C@H](C)[C@H]12,CHEMBL277601
DEC_3414,decoy,CCCc1ccc2oc(Cc3ccc(OC)cc3)c(C)c2c1O,CHEMBL18050
DEC_0329,decoy,CC(=O)Nc1ccc(CC(NC(=O)C(c2ccccc2)c2ccccc2)c2ccccc2)cc1,CHEMBL289558
DEC_2645,decoy,COc1cc([C@@H]2c3cc4c(cc3N(N)[C@H]3COC(=O)N23)OCO4)cc(OC)c1OC,CHEMBL9134
DEC_1216,decoy,CCCCCCC[C@H]1OC(=O)C[C@@H](O)[C@H](Cc2ccccc2)N(C)C(=O)[C@H](CCSC)OC(=O)[C@H]1C,CHEMBL8361
DEC_1266,decoy,CCCc1cc(=O)oc2c(C(=O)C(C)C(C)(C)O)c(O)c3c(c12)OC(C)(C)C=C3,CHEMBL266210
DEC_1573,decoy,COC(=O)c1[nH]c(C(C)(C)C)cc1NC(=O)Nc1ccc(F)cc1,CHEMBL18771
DEC_4205,decoy,COc1cc(OC)cc([C@@H]2c3cc4c(cc3N[C@H]3COC(=O)N23)OCCO4)c1,CHEMBL266137
DEC_1826,decoy,CCn1c(-c2ccc(O)cc2)c(C)c2cc(O)ccc21,CHEMBL287232
DEC_0274,decoy,Brc1ccc(Br)c(N(CC2CC2)C2=NCCN2)c1,CHEMBL278627
DEC_3885,decoy,Clc1cccc2c1SC(c1ccccc1)(c1ccccc1)c1cccn1-2,CHEMBL278171
DEC_3236,decoy,Cc1cccc(C)c1NC(=O)c1c(C)n(-c2c(C)cccc2C)c(C)cc1=O,CHEMBL30226
DEC_2501,decoy,Cc1ccc(Sc2cncc3sc(C(=N)S)cc23)cc1,CHEMBL266429
DEC_4057,decoy,COc1cccc2c1OCCC2CN1CCC2(CC1)C(=O)NCN2c1ccccc1,CHEMBL279368
DEC_2298,decoy,COc1ccccc1N1CCN(CCCCNc2ccc([N+](=O)[O-])c3nonc23)CC1,CHEMBL282798
DEC_0644,decoy,O=C1Nc2ccc(Cl)cc2C(C#CC2CC2)(C(F)(F)F)OC1CC(F)(F)F,CHEMBL31285
DEC_1040,decoy,O=C1NC(=O)C(CC#Cc2ccc(Cl)cc2)(Sc2ccc(F)cc2)S1,CHEMBL428177
DEC_3653,decoy,N[C@H](C(=O)N1CC[C@@H](F)C1)[C@H]1CC[C@H](NS(=O)(=O)c2ccc(OC(F)(F)F)cc2)CC1,CHEMBL281561
DEC_1712,decoy,COCN1CN(c2ccccc2)C2(CCN(C3CCc4cccc(Cl)c4C3)CC2)C1=O,CHEMBL283432
DEC_2569,decoy,CC(=O)NC[C@H]1CN(c2ccc(N3CCC(=CC(C)(OC(=O)C(Cl)Cl)OC(=O)C(Cl)Cl)CC3)c(F)c2)C(=O)O1,CHEMBL423496
DEC_2026,decoy,Oc1ccc(-c2nc3n(c2-c2ccc(O)cc2)CCS3)cc1,CHEMBL17209
DEC_1828,decoy,CCCC[C@]1(c2ccccc2)OC[C@H]([C@@H]2CCCCN2)O1,CHEMBL26985
DEC_0618,decoy,COC(=O)C1C2CCC(CC1c1ccc(C=C(Br)Br)cc1)N2,CHEMBL14257
DEC_2998,decoy,Nc1nc(=O)n(C2CSC3(COP(=O)(O)OC3)O2)cc1Br,CHEMBL416933
DEC_3026,decoy,O=NN(CCF)C(=O)NC1C2CC3CC(C2)CC1C3,CHEMBL267546
DEC_0065,decoy,COc1cccc(N(CCCl)CCCl)c1,CHEMBL19447
DEC_2261,decoy,CCOP(=O)(OCC)C1(P(=O)(OCC)OCC)CC(C(=O)C(C)(C)C)=NN1,CHEMBL280876
DEC_1004,decoy,CCN1C(=O)N(C2CCN(CC3CCCCCCC3)CC2)[C@@H]2CCCC[C@H]21,CHEMBL29953
DEC_3265,decoy,C/C=C(\C)C(=O)O[C@H]1C(C)=C2[C@H]([C@@H]1OC(=O)CCCCCCC)[C@@](C)(OC(C)=O)C[C@H](OC(=O)CCC)[C@@]1(O)[C@H]2OC[C@@]1(C)O,CHEMBL160187
DEC_4099,decoy,CCOc1cc([C@]2(C#N)C[C@H]3C[C@@H](C(=O)NO)C[C@H]3C2)ccc1OC,CHEMBL283396
DEC_3033,decoy,CCCC(C)C1(c2ccc(N)cc2)CCC(=O)NC1=O,CHEMBL29521
ACT_085,active,CCOc1cc(OCC)cc(-c2ccc(C(C)C(=O)O)cc2F)c1,CHEMBL107953
DEC_4510,decoy,C=CC(=O)Nc1ccc2ncnc(Nc3ccc(F)c(Cl)c3)c2c1,CHEMBL31373
DEC_2257,decoy,Cc1c(Sc2ccccc2)n(COCCO)c(=O)n(Cc2ccccc2)c1=O,CHEMBL29264
DEC_3425,decoy,C=C(c1ccccc1OCc1ccsc1Cl)n1ccnc1,CHEMBL26190
DEC_3325,decoy,Cc1nc(N)ccc1CNC(=O)C1C=CCn2c(=O)n(C(CSc3ccc(Cl)c(Cl)c3)C(=O)O)c(=O)n21,CHEMBL32612
DEC_2662,decoy,CCn1cc(C(=O)O)c(=O)c2cc(SC)c(N3CCNCC3)cc21,CHEMBL264318
DEC_4058,decoy,CCOc1nc2c(n1Cc1ccc(O)cc1)C(=O)N(CC)C1=N[C@@H]3CCC[C@@H]3N12,CHEMBL280525
DEC_0275,decoy,CCCN(C1=NCCN1)c1c(Br)cccc1Br,CHEMBL20335
DEC_0006,decoy,OC1(c2cccc(COc3ccc4c(-c5ccoc5)cncc4c3)n2)CC2COC(C1)O2,CHEMBL22736
DEC_0926,decoy,Clc1ccc2c(c1)[C@H]1OCC[C@H]1[C@@H](c1c[nH]c3ccc(Br)cc13)N2,CHEMBL24631
DEC_2373,decoy,OC(CNC1CCc2[nH]c3ccccc3c2C1)c1cccc(Cl)c1,CHEMBL25615
DEC_1221,decoy,CC(O)(c1ccc(C(Cc2cc[n+]([O-])cc2)c2ccc(OC(F)F)c(OC(F)F)c2)cn1)c1nccs1,CHEMBL56575
DEC_2909,decoy,CCN1CCN(c2cc(=O)oc3c(C)c(O[C@@H]4OC(C)(C)[C@H](OC)[C@@H](OC(=O)c5ccc(C)[nH]5)[C@H]4O)ccc23)CC1,CHEMBL35975
DEC_1670,decoy,O=C(Nc1c(C(O)(C(F)(F)F)C(F)(F)F)ccc2ccccc12)c1cccc(Cl)c1Cl,CHEMBL46245
DEC_3544,decoy,Cn1cncc1CN(Cc1ccc(Cl)c(Cl)c1)C(=O)N1CCC(C#N)=C(c2cccc3ccccc23)C1,CHEMBL284637
DEC_0064,decoy,CC(=O)c1ccc(COCCCc2c[nH]cn2)cc1,CHEMBL39705
DEC_2350,decoy,CC(C)(C)c1ccc(C2=Cc3ccc(N)cc3C3=NCCCN23)cc1,CHEMBL429614
DEC_4067,decoy,Cc1ccc(Sc2cncc3sc(/C=N/OCC(N)=O)cc23)cc1,CHEMBL6264
DEC_1694,decoy,CO/N=C1\CC[C@]2(C)[C@H]3CC[C@@H]4[C@H]5[C@H](C(C)C)CC[C@]5(C(=O)O)CC[C@@]4(C)[C@]3(C)CC[C@H]2C1(C)C,CHEMBL291191
DEC_1923,decoy,Cc1ccc(C2=CN=C(CCC(=O)N3CCN(C(=O)N4C(=O)[C@H](CC5CCNCC5)[C@H]4C(=O)O)CC3)C2=O)cc1,CHEMBL70404
DEC_4561,decoy,O=S(=O)(Nc1ccc(CCNC[C@H](O)c2cccnc2)cc1)c1ccc(-c2noc(COc3ccc4ccccc4c3)n2)cc1,CHEMBL287562
DEC_1950,decoy,C[Si](C)(C)OC1(C#N)CCCCCCCCCC1,CHEMBL18921
DEC_1016,decoy,CN1CC[C@]23CCCC[C@H]2[C@H]1Cc1ccc(Oc2ccccc2[N+](=O)[O-])cc13,CHEMBL20972
DEC_3762,decoy,Cc1cc(CCCCOc2ccc(C3=NCCO3)cc2Cl)on1,CHEMBL27550
DEC_1549,decoy,C/N=C(\N)c1ccc(-c2ccc(-c3ccc(/C(N)=N/C)cc3)o2)cc1,CHEMBL284933
DEC_4070,decoy,O=C(Nc1cc(C(F)(F)F)cc(C(F)(F)F)c1)Nn1cnnc1,CHEMBL15724
DEC_1146,decoy,[O-][P@+]1(N(CCCl)CCCl)NC[C@@H](Cl)CO1,CHEMBL31565
DEC_2721,decoy,CC(=O)Nc1ccc(NC(=O)CC2CCc3cc(Br)cc4[nH]c(=O)c(=O)n2c34)cc1,CHEMBL40090
DEC_1820,decoy,Cn1c2c(c3ccccc31)CCNCC2c1ccccc1,CHEMBL281637
DEC_0410,decoy,O=C(CP(=O)(O)O)[C@H]1CCCN[C@H]1C(=O)O,CHEMBL281190
DEC_1699,decoy,CC(=O)S[C@@H]1CC2=CC(=O)[C@@H]3C[C@@H]3C2(C)C2CCC3(C)C(C21)[C@@H]1C[C@@H]1[C@@]31CCC(=O)O1,CHEMBL433223
DEC_1083,decoy,Cc1cc(Cl)nc(NC23CC4CC(CC(C4)C2)C3)n1,CHEMBL19121
DEC_3674,decoy,C=CCOc1ccccc1-c1ncc(-c2nn[nH]n2)c(O)n1,CHEMBL15494
DEC_2232,decoy,CC1Sc2ccccc2-c2oc(C(=O)O)cc(=O)c21.NCCO,CHEMBL280843
DEC_3277,decoy,C[C@@H](NC(=O)c1ccco1)C(=O)N1CCCN(CCCOc2ccc(-c3noc([C@@H](C)NC(=O)OC(C)(C)C)n3)c(F)c2)CC1,CHEMBL158679
DEC_2968,decoy,COC(=O)c1cc(C(=CCCN=[N+]=[N-])c2cc(Br)c(OC)c(C(=O)OC)c2)cc(Br)c1OC,CHEMBL418686
DEC_2338,decoy,COc1ccc(-c2nc3n(Cc4ccccc4F)c(C)c(-c4cccc(F)c4)c(=O)n3c2CN(C)CCc2ccccn2)cc1,CHEMBL69361
DEC_1160,decoy,O=C1C=CC(=O)c2c(O)nc(CBr)nc21,CHEMBL33314
DEC_3147,decoy,CC(=O)N[C@H]1c2cccc3c2-c2c1ccc1c2[C@@H](C3)N(C)CC1,CHEMBL27247
DEC_0580,decoy,CC(=O)NC1CC(=O)OC1C(OC(C)=O)C(=O)NC(CC(C)C)C1Cc2cccc(O)c2C(=O)O1,CHEMBL282520
DEC_4622,decoy,O=C(Nc1cn(-c2cccc(F)c2)cn1)ON1C(=O)CCC1=O,CHEMBL283241
DEC_0193,decoy,Nc1nc(S)c2cc(S(=O)(=O)c3ccc4ccccc4c3)ccc2n1,CHEMBL6929
DEC_0483,decoy,O=C(O)CCCCC(=O)N1CCC2(CCN(c3ccncc3)CC2)C1,CHEMBL13033
DEC_3286,decoy,COc1ccccc1Oc1c(NS(=O)(=O)c2ccc(C)cn2)nc(-c2ncccn2)nc1OCCOC(=O)Nc1ccccn1,CHEMBL70303
DEC_0989,decoy,N[C@@H](C(=O)N[C@@H]1C(=O)N2C(C(=O)O)=C(Cl)CS[C@H]12)c1ccccc1,CHEMBL680
DEC_3621,decoy,CCNCC1CCN(c2c(F)c(N)c3c(=O)c(C(=O)O)cn(C4CC4)c3c2Cl)C1,CHEMBL15598
DEC_0511,decoy,CN(C)CC[C@@H]1CN(C)C(=S)c2cc(Cl)cnc2O1,CHEMBL24835
DEC_2553,decoy,Cc1cn(C2CC(N=[N+]=[N-])C(CNP(=O)(OCC(Cl)(Cl)Cl)OCC(Cl)(Cl)Cl)O2)c(=O)[nH]c1=O,CHEMBL309376
DEC_0821,decoy,COc1ccc(C(=O)O)c(Cc2ccco2)c1,CHEMBL36153
DEC_2131,decoy,CC(C)(C)C1CCCC(NC(=O)N(CCCl)N=O)C1,CHEMBL274338
DEC_0371,decoy,CC(C)(C)c1ccc(C2=Cc3ccc(NC(=O)Cc4ccccn4)cc3C3=NCCCN23)cc1,CHEMBL10010
DEC_4549,decoy,CCCc1nc(CN(Cc2ccccc2)C(=O)Cc2ccccc2)c(C(=O)O)n1Cc1ccc(-c2ccccc2-c2nn[nH]n2)cc1,CHEMBL74113
DEC_0711,decoy,COP(=O)(Nc1ccc(Nc2c3ccccc3nc3cc(N)ccc23)cc1)OC,CHEMBL9762
DEC_3725,decoy,CCN(CC)C1CCC(Nc2nc(Nc3cc(Br)cc(Br)c3)nc3ccccc23)CC1,CHEMBL28247
DEC_3193,decoy,O=c1c2c(O)cccc2n2nc(CNCCO)c3ccc(NCCCO)c1c32,CHEMBL8218
DEC_2609,decoy,Nc1nc2c(cnn2CCc2ccc(S(=O)(=O)O)cc2)c2nc(-c3ccco3)nn12,CHEMBL22968
DEC_2316,decoy,COc1c(N(C)C(=O)CNC(=O)/C=C/c2ccc(C(F)(F)F)cc2)ccc(SC)c1COc1cccc2ccc(C)nc12,CHEMBL113176
DEC_2461,decoy,Cc1[nH]c2ccccc2c1[C@H]1Nc2ccc(Cl)cc2[C@H]2OCC[C@@H]12,CHEMBL25680
DEC_3141,decoy,OC(c1cncnc1)(c1cccs1)c1cccs1,CHEMBL29412
DEC_3127,decoy,Cn1cc(C2=NCC3(CN4CCC3CC4)O2)c2ccccc21,CHEMBL269161
DEC_3839,decoy,CO[C@]12C=CC3(CC14CCC[C@H]4O)C1Cc4ccc(O)c5c4C3(CCN1CC1CC1)[C@@H]2O5,CHEMBL281986
DEC_3685,decoy,CCNc1nc(N2CCN(C)CC2)nc(Cl)c1SC,CHEMBL28184
DEC_0857,decoy,C#Cc1ccc(C23OCC(C(C)(C)C)(CO2)C(C#N)O3)cc1,CHEMBL10450
DEC_2716,decoy,N=C(N)c1ccc(CN(NS(=O)(=O)c2ccc3ccccc3c2)C(=O)N2CCCCC2)cc1,CHEMBL41220
DEC_0192,decoy,Nc1cc2c(Nc3ccc4c(cnn4Cc4ccccc4)c3)ncnc2cn1,CHEMBL281006
DEC_1760,decoy,Nc1nc(N)c2c([S+]([O-])c3ccc(Cl)c(Cl)c3)cccc2n1,CHEMBL6642
DEC_4289,decoy,Cc1ccc(Sc2cncc3sc(CO)cc23)cc1,CHEMBL268530
DEC_2780,decoy,COC(=O)C[C@H](NC(C)=O)C(=O)N[C@H]1CCc2cccc3c2N(C1=O)[C@H](C(=O)N[C@@H](CC(=O)O)C(=O)CSCc1ccccc1)C3,CHEMBL420407
DEC_1059,decoy,CC1(C)CCc2cc3c(C(F)(F)F)cc(=O)oc3cc2N1,CHEMBL7289
DEC_2796,decoy,CC(C)NC(=O)OCc1c(COC(=O)NC(C)C)c(-c2ccc(Cl)c(Cl)c2)n2c1CC(OC(=O)CCC(=O)[O-])C2.[K+],CHEMBL539681
DEC_1081,decoy,Brc1ccccc1SC1CN2CCC1CC2,CHEMBL283087
DEC_0849,decoy,CC(Sc1nc(N)cc(Cl)n1)c1cc2ccoc2cn1,CHEMBL280752
DEC_0034,decoy,COc1cccc2c1CCC[C@H]2CN(C)CCc1ccc2c(c1)CCN2S(C)(=O)=O,CHEMBL10170
DEC_1093,decoy,CC1(c2ccccc2)OC(/C=C/c2ccsc2)=CC1=O,CHEMBL277093
DEC_4184,decoy,O=C(CCCCCI)OCn1oc(=O)c2ccccc21,CHEMBL19597
DEC_2333,decoy,COC(=O)C1=C(C)NC(=O)N(C(=O)NCCCN2CCC(c3ccc(C)cc3)(c3ccccc3C)CC2)C1c1ccc(F)c(F)c1,CHEMBL145894
DEC_2724,decoy,COC(=O)Nc1ccc2[nH]c(C(=O)N3CCN(c4ncccc4NC(C)C)CC3)cc2c1,CHEMBL415871
DEC_3859,decoy,CC(=O)OCC(=O)[C@@]12N=C(C)O[C@@H]1CC1C3CCC4=CC(=O)C=CC4(C)[C@@]3(F)C(O)CC12C,CHEMBL285283
DEC_4353,decoy,CC(C)C(=O)O/N=C1/CC2(CCN(C)CC2)OC1C,CHEMBL39761
ACT_011,active,NS(=O)(=O)c1ccc(C#Cc2ccc(=O)n(C(F)F)c2)cc1,CHEMBL447148
DEC_0542,decoy,O=C(O)Cn1c(=O)c(=O)[nH]c2cc([N+](=O)[O-])c(-n3cccc3)cc21,CHEMBL268284
DEC_0208,decoy,CC(C)(C)C1CS(=O)(=O)C(C2=CC(=[N+]=[N-])C=CC2=O)S(=O)(=O)C1,CHEMBL27570
DEC_2161,decoy,CC(C)Oc1c(C(=O)Nc2nn[nH]n2)n(-c2ccccc2)c2ccc(O)cc12,CHEMBL285806
DEC_0612,decoy,CN1C(=O)C=C[C@]2(C)C3CC[C@@]4(C)C(CC[C@@]4(O)C#CCCBr)C3CCC12,CHEMBL276665
DEC_4361,decoy,CCCN(CCC)C1Cc2cccc3ncc(=O)n(c23)C1,CHEMBL275572
DEC_0544,decoy,CS(=O)(=O)c1c(Cl)cc(Cl)cc1C1NC(=O)NC1=O,CHEMBL277427
DEC_0233,decoy,O=c1cnn(-c2cc(Cl)c(N3CCOCC3)c(Cl)c2)c(=O)[nH]1,CHEMBL11373
DEC_2606,decoy,CSc1c2c(nc(N)n3nc(-c4ccc(CN5CCN(C)CC5)o4)nc23)nn1C,CHEMBL281372
DEC_4437,decoy,CCn1cc(C(=O)O)c(=O)c2c(F)c(F)c(N3CCN(C)CC3)c(F)c21,CHEMBL25569
DEC_4029,decoy,O=C1NC(c2ccccc2)C2(CCN(CC(O)C3COc4ccccc4O3)CC2)O1,CHEMBL25517
DEC_2463,decoy,CCC1(CC)OC(S)=Nc2ccc(-c3cccc(Cl)c3)cc21,CHEMBL277422
DEC_0752,decoy,CC(C)CSCC1OC(n2cnc3c(N)nccc32)C(O)C1O,CHEMBL274366
DEC_3025,decoy,CC(C)(C)C1CCC2(CC1)OOCCCOO2,CHEMBL27792
DEC_3782,decoy,CCCn1c(=O)c2c(nc(C3CCCCC3)n2C)n(CCC)c1=O,CHEMBL22042
DEC_0307,decoy,CCc1nc2cc(OC3CCN(C(C)=N)CC3)ccc2n1C/C(C)=C/c1cccc(N)c1,CHEMBL24565
DEC_2932,decoy,COc1cc([C@@H]2c3cc4c(cc3[C@@H](OC3OC5COC(C)OC5C(O)C3O)[C@H]3COC(=O)[C@H]23)OCO4)cc(OC)c1O,CHEMBL16671
DEC_3833,decoy,CC(=O)OCC(=O)[C@@]12OC(C)(C)O[C@@H]1CC1C3CCC4=CC(=O)C=CC4(C)[C@H]3C(O)CC12C,CHEMBL284709
DEC_2398,decoy,CN1C[C@@H](NC(=O)C(C)(C)C)CC2c3cccc4[nH]c(Cl)c(c34)C[C@H]21,CHEMBL25074
DEC_0147,decoy,CC1(C)OC(S)=Nc2ccc(-c3cc(F)cc(F)c3)cc21,CHEMBL281182
DEC_2444,decoy,CCCc1cc(=O)oc2c(C(=O)CC)c(OCC)c3c(c12)OC(C)(C)C=C3,CHEMBL7485
DEC_2230,decoy,CC(C)(C)NCC(O)CON=C1CCCCC1.O=C(O)C(=O)O,CHEMBL289868
DEC_1151,decoy,CC1(C)OB(C(CCCCl)P(=O)(O)O)OC1(C)C,CHEMBL279438
DEC_1657,decoy,Cc1cc(NC(=O)c2cc(Cl)cc(Cl)c2O)c(Cl)cc1C(C#N)c1ccc(Cl)cc1,CHEMBL56579
DEC_2311,decoy,CC(=O)Nc1ccccc1C(=O)c1ccc(CC(=O)N(C)c2ccc(Cl)c(COc3cccc4ccc(C)nc34)c2Cl)n1C,CHEMBL25748
DEC_3424,decoy,CCCCc1oc2ccccc2c1C(O)c1ccc2cc(O)ccc2c1,CHEMBL25821
DEC_1118,decoy,Cc1c(-c2ccc3ccccc3c2)c(=O)n(CCN(C)CCc2ccccn2)c(=O)n1Cc1c(F)cccc1F,CHEMBL22937
DEC_1714,decoy,Cc1nnc2n1-c1ccc(C#CCOc3cccnc3)cc1C(c1ccccc1Cl)=NC2,CHEMBL20344
DEC_3622,decoy,O=C1[C@@H](NS(=O)(=O)c2ccc(-c3ccncc3)s2)CCN1Cc1cc2c[nH]ccc-2n1,CHEMBL416515
DEC_1746,decoy,CCOC(=O)[C@H]1[C@H]2C[C@H]3c4cc5c(cc4CCN3C[C@H]2CC[C@H]1O)OCO5,CHEMBL25979
DEC_4416,decoy,CC(CC(=O)O)NC(=O)CN1C(=O)NC(C)(c2ccc(C(=N)N)cc2)C1=O,CHEMBL17143
DEC_2041,decoy,CC(C)(C)c1cc(/C=C/c2nnc(N)o2)cc(C(C)(C)C)c1O,CHEMBL12809
DEC_3078,decoy,C(=C/c1ccccc1)\CN(Cc1cccc2ccccc12)c1ccccc1,CHEMBL21425
DEC_0825,decoy,CCc1ccc(O)c(C(O)c2ccccc2)c1,CHEMBL27263
DEC_4214,decoy,CCN(CC)CC#CCCC1(C(O)(c2ccccc2)C2CCCCC2)SCCCS1,CHEMBL39145
DEC_3139,decoy,Cc1c(-c2ccc(-n3ccnc3)cc2)cc(C#N)c(=O)n1C,CHEMBL8444
DEC_2342,decoy,Cc1cc(-c2ccc(-c3c(Cc4ccccc4)oc4ccccc34)cc2)cc(C)c1OS(=O)(=O)c1ccc(C(=O)O)c(O)c1,CHEMBL24524
DEC_2384,decoy,COc1cccc2c1c1c3c(cc4c1n2C(=O)CC4(C)C)CNCC3,CHEMBL280552
DEC_1605,decoy,CC(/C=C/C=C(C)/C=C/c1ccco1)=C\C=O,CHEMBL38925
DEC_3032,decoy,CCC(C)C1(c2ccc(N)cc2)CCC(=O)NC1=O,CHEMBL28668
DEC_2186,decoy,N=C(N)Nc1ccc(C(=O)Oc2ccc3cc(C(=N)N)ccc3c2)cc1,CHEMBL273264
DEC_0386,decoy,C=CCN1CCN(C2=Nc3ccc(Br)cc3CC=C2c2ccccc2)CC1,CHEMBL16719
DEC_0917,decoy,C[C@H]1c2c(ccc3c2[C@H](c2ccc(Cl)cc2)Oc2ccccc2-3)NC(C)(C)[C@@H]1O,CHEMBL34035
DEC_0249,decoy,COC(=O)[C@@H]1[C@H]2C[C@H]3c4cc5c(cc4CCN3C[C@@H]2CC[C@H]1O)OCO5,CHEMBL282636
DEC_1145,decoy,[O-][P@+]1(N(CCCl)CCCl)NC[C@H](Cl)CO1,CHEMBL285401
DEC_3788,decoy,C=CCN1C[C@H](C)N(C(c2ccccc2)c2ccccc2)C[C@H]1C,CHEMBL280801
DEC_2206,decoy,OC[C@@]12C[C@@H]1[C@@H](n1cnc3c(NC4CCCC4)ncnc31)[C@H](O)[C@@H]2O,CHEMBL27952
DEC_3223,decoy,Cc1cccc(SC2(CC#Cc3ccc(Cl)cc3)SC(=O)NC2=O)n1,CHEMBL276216
DEC_0512,decoy,CCn1c2cc(N3CCNCC3)c(F)cc2n2c(=O)[nH]c(=O)cc12,CHEMBL282369
DEC_0522,decoy,N#C[C@@H]1C[C@@H]2CN3CCc4cc5c(cc4[C@@H]3C[C@@H]2C[C@@H]1O)OCO5,CHEMBL286033
DEC_0120,decoy,c1ccc2sc(C3(N4CCCC4)CCCCCC3)cc2c1,CHEMBL279873
DEC_2712,decoy,Cl.O=C(C1CCCN1)N1CCCC1P(=O)(Oc1ccc(O)cc1)Oc1ccc(O)cc1,CHEMBL9565
DEC_2479,decoy,CN1CCCCC1C/C=C/C1c2ccccc2Cc2ccccc21,CHEMBL22071
DEC_2264,decoy,O=c1oc2ncccc2n1CCCCCCN1CCN(c2ccc(F)cc2)CC1,CHEMBL283951
DEC_0204,decoy,OCC1CC(F)C(n2cnc3c(I)ncnc32)O1,CHEMBL18823
DEC_1915,decoy,CO[C@@]12C(COC(N)=O)C3=C(C(=O)C(C)=C(Nc4cccc(I)c4)C3=O)N1CC1NC12,CHEMBL73678
DEC_1542,decoy,CC(C)=CC[C@@H](OC(=O)c1ccccc1)C1=CC(=O)c2c(O)ccc(O)c2C1=O,CHEMBL8805
DEC_0168,decoy,CCc1c(C)sc2c1C(N1CCN(C)CC1)=Nc1cc(F)ccc1N2,CHEMBL14995
DEC_4426,decoy,NCCO.O=C(O)C(=O)Nc1nc(-c2ccc([N+](=O)[O-])cc2)cs1,CHEMBL16429
DEC_0368,decoy,OC1=C2C(=Nc3c(Br)cnn3C2c2ccc(F)c(Br)c2)CCC1,CHEMBL37959
DEC_1857,decoy,CC(C)CCC(C)N1CCC(N2C(=O)N[C@@H]3CCCC[C@H]32)CC1,CHEMBL26909
DEC_3430,decoy,Cc1ccc(Sc2cncc3sc(C(N)=O)cc23)cc1C,CHEMBL267125
DEC_3755,decoy,O=C(O)CCCn1cc(C(=O)c2ccc3c(c2)OC(c2ccccc2)(c2ccccc2)O3)c2ccccc21,CHEMBL287906
DEC_4060,decoy,COc1c(N2C[C@@H]3CCCN[C@@H]3C2)c(F)cc2c(=O)c(C(=O)O)cn(C3CC3)c12,CHEMBL32
DEC_4048,decoy,COc1ccc([C@]2(C#N)C[C@H]3C[C@@H](C(=O)NO)C[C@H]3C2)cc1OCC1CC1,CHEMBL284867
DEC_3855,decoy,CCN(CC)C(=O)Nc1sc2c(c1C(=O)c1ccccc1Cl)CCN(C(C)=O)C2,CHEMBL40296
DEC_0656,decoy,Cc1cc(CCCOc2c(C)cc(-c3noc(C)n3)cc2C)on1,CHEMBL29642
DEC_1296,decoy,CCCCC(C)(C)[C@H](O)/C=C/C1[C@H](O)C[C@@H]2OC(=O)CCC/C=C\C[C@H]12,CHEMBL12741
DEC_4452,decoy,C=CCN1CCN(c2cc3c(cc2F)c(=O)c(C(=O)O)cn3CC)CC1,CHEMBL29189
DEC_1861,decoy,CCNCc1cccc(I)c1.Cl,CHEMBL14011
DEC_1823,decoy,C#C[C@]1(O)CCC(C2CCc3cc(O)ccc3C2)C1(C)C,CHEMBL22731
DEC_1065,decoy,CCCC[C@@]12Cc3ccccc3C[C@@](C)(N1)c1ccccc12,CHEMBL24335
DEC_2252,decoy,CCOP(=O)(OCC)OC1Cc2c(cccc2N(C)CC#CC#CC(C)(C)C)NC1=O,CHEMBL32125
ACT_051,active,Brc1ccc(Oc2ccc(OCCN3CCCC3)cc2)cc1,CHEMBL1775104
DEC_4233,decoy,O=C(O)COc1cccc2c1CCCC2CCn1cc(C(c2ccccc2)c2ccccc2)cn1,CHEMBL11746
DEC_0321,decoy,Cc1cc(C(=O)Nc2ccc(C(=N)N3CCC3)cc2F)n(-c2cc3ccccc3cc2F)n1,CHEMBL428530
DEC_3983,decoy,CCNCCc1c[nH]c(CCC(c2ccccc2)c2ccccc2)n1,CHEMBL11515
DEC_2984,decoy,COc1ccc(C[C@H]2NC(=O)/C=C/C[C@@H]([C@@H](C)/C=C/c3ccccc3)OC(=O)[C@H](CC(C)C)OC(=O)[C@H](C)CNC2=O)cc1,CHEMBL13610
DEC_3458,decoy,N#C/C(=C(/N)Sc1ccccc1N)c1cccc(C(O)(c2ccccc2)c2ccccc2)c1,CHEMBL35019
DEC_2513,decoy,CC(C)(C)Nc1nc(C(F)(F)F)nc2ccc(-c3ccco3)cc12,CHEMBL278051
DEC_0418,decoy,Nc1nc2c(ncn2CC(CO)CO)c(=O)[nH]1,CHEMBL280531
DEC_3767,decoy,CCC(=O)N(c1ccc(C(=O)OC)cc1)C1CCCC1N(C)C,CHEMBL21269
DEC_2757,decoy,CC(C)[C@H](NC(=O)c1cnccn1)C(=O)N[C@H](C(=O)N1C[C@@H]2CCC[C@@H]2[C@H]1C(=O)N[C@@H](CC(F)F)C(=O)C(=O)NC1CC1)C(C)(C)C,CHEMBL313182
DEC_1097,decoy,CCCc1nc(-n2cccc2C(O)C(F)(F)F)c(C#N)n1Cc1ccc(-c2ccccc2-c2nn[nH]n2)cc1,CHEMBL73358
DEC_4339,decoy,C#Cc1ccc(N2C[C@H](CNC(C)=O)OC2=O)c(F)c1,CHEMBL16455
DEC_0124,decoy,Fc1cccc(-c2ccc3c(c2)C2(CCCCC2)C(S)=N3)c1,CHEMBL25021
DEC_3891,decoy,CCOC(=O)/C=C(C)\C=C\C=C(C)\C=C\C1=C(C)C2(CCC1(C)C)CC2,CHEMBL417276
DEC_0087,decoy,CCCCCCc1cccc(N2CCNCC2)n1,CHEMBL21495
DEC_1024,decoy,C/C(=N\OCC#N)c1ccc(Sc2cc(F)cc(C3CCOCC3)c2)cc1,CHEMBL24925
DEC_0419,decoy,COC(=O)[C@@H](N)CCCNC(=N)N[N+](=O)[O-],CHEMBL7890
DEC_4569,decoy,O=S(=O)(Nc1ccc(CCNC[C@H](O)c2cccnc2)cc1)c1ccc(-c2noc(Cc3ccc(-c4ccccn4)cc3)n2)cc1,CHEMBL286438
DEC_2801,decoy,C[C@@H]1OC(=O)[C@H]2C[C@H]3CCCC[C@@H]3[C@@H](/C=C/[C@H]3CCC[C@H](C)N3C)[C@@H]12,CHEMBL277642
ACT_058,active,COC(=O)CC[C@H](NC(=O)[C@H](Cc1cnc[nH]1)NC(=O)C(=O)c1cn(S(=O)(=O)c2ccc(C)cc2)c2ccccc12)C(=O)OC,CHEMBL3576983
DEC_1139,decoy,CCCCc1nc2ccn(Cc3ccccc3Cl)c(=O)c2n1Cc1ccc(-c2ccccc2-c2nn[nH]n2)cc1,CHEMBL43171
DEC_0635,decoy,COC(=O)C1C(c2ccc(C=C(Br)Br)cc2)CC2CCC1N2C,CHEMBL14924
DEC_1379,decoy,O=C1CCc2cc3c(c4c5ccccc5n1c24)CNCC3,CHEMBL23213
DEC_0832,decoy,CCCc1ccc2c(O)cc(C(=O)O)nc2c1,CHEMBL22588
DEC_4290,decoy,COc1ccc(Cc2oc3c(Cl)ccc(O)c3c2C)cc1,CHEMBL280281
DEC_0696,decoy,CC(C)c1ccc(C(c2ccns2)N2CCN(CCO)CC2)cc1,CHEMBL279252
DEC_3311,decoy,CCOC(=O)CSCC(=O)[C@@]12OC(C)(C)O[C@@H]1CC1C3C[C@H](F)C4=CC(=O)C=C[C@]4(C)[C@@]3(F)[C@@H](O)C[C@@]12C,CHEMBL66720
DEC_4086,decoy,CC(C)N1C(=O)NC(c2ccccc2[N+](=O)[O-])c2cc3c(cc21)OCO3,CHEMBL13701
DEC_3917,decoy,CC(C)(C)c1ccc(OP(=O)(O)O)cc1,CHEMBL25780
DEC_1060,decoy,COc1c(Cl)c(O)nc(C(Cl)(Cl)Cl)c1Cl,CHEMBL275922
DEC_4500,decoy,CN(C)C1CCCC1N(C(=O)C1CC1)c1ccc(Cl)c(Cl)c1,CHEMBL21003
DEC_2049,decoy,FC(F)(F)COc1nc(C(Cl)(Cl)Cl)c(Cl)c(OCC(F)(F)F)c1Cl,CHEMBL11278
DEC_4577,decoy,CCCc1nc(SC(F)F)c(C(=O)O)n1Cc1ccc(-c2ccccc2S(=O)(=O)NC(=O)CCc2cccs2)cc1,CHEMBL90618
DEC_3901,decoy,CCOc1ccc(-n2c(C)c3c(C)nnc(CCC4CCCC4)c3c2C)cc1,CHEMBL24440
DEC_2315,decoy,CCCCc1nc2ccc([C@]3(C)C[C@H]4CCC(C)(C)N4O3)cc2c(=O)n1Cc1ccc(-c2ccccc2-c2nn[nH]n2)cc1,CHEMBL44690
DEC_4027,decoy,COc1c(N2CCC(C)(CN)C2)c(F)cc2c(=O)c(C(=O)O)cn(C3CC3)c12,CHEMBL275395
DEC_1033,decoy,O=C1NCN(c2ccccc2)C12CCN(C1Cc3cccc4cccc1c34)CC2,CHEMBL281274
DEC_1884,decoy,CCN[C@@H](C)[C@H]1COC(c2ccccc2)(c2ccccc2)O1,CHEMBL283893
DEC_2926,decoy,C=C(C)C12OC3(c4ccccc4)OC1[C@@H]1[C@@H]4O[C@]4(CO)[C@@H](O)[C@]4(O)C(=O)C=C[C@@]4(C)C1(O3)[C@H](C)[C@H]2OC(=O)c1ccccc1,CHEMBL90641
DEC_0787,decoy,CNn1cc(C(=O)O)c(=O)c2cc(F)c(N3CCC(O)CC3)cc21,CHEMBL13149
DEC_0685,decoy,COc1nc(C(Cl)(Cl)Cl)c(Cl)c(OC(C)=O)c1Cl,CHEMBL275947
DEC_0659,decoy,COCCOC1(C(F)(F)F)OC(=O)Nc2ccc(Cl)cc21,CHEMBL275384
DEC_2727,decoy,CC(C)Nc1cccnc1N1CCN(C(=O)c2cc3cc(NS(C)(=O)=O)ccc3[nH]2)CC1,CHEMBL593
DEC_3022,decoy,COc1cc2nc(N3CCC(C(=O)N4CCOCC4)CC3)nc(N)c2cc1OC,CHEMBL6610
DEC_3795,decoy,CN(C)CCNC(=O)C1=C/C(=C\c2ccccn2)c2ccccc21,CHEMBL21937
DEC_2095,decoy,COc1ccc([C@@H]2Sc3ccc(Cl)cc3-n3c(CN(C)C)ccc3[C@@H]2OC(C)=O)cc1,CHEMBL278804
DEC_2943,decoy,O=C(NC(Cc1ccccc1)C(O)CN1C/C=C\CCCCCCCC(c2ccccc2)OC1=O)O[C@H]1CO[C@H]2OCC[C@H]21,CHEMBL59405
DEC_0390,decoy,Cc1cc(C(C)(C)C)c(OC(=O)NS(=O)(=O)N(C(C)C)C(C)C)c(C(C)(C)C)c1,CHEMBL281188
DEC_4403,decoy,Cc1cc(C)cc(-c2cc(O)c(SCc3ccccc3)c(=O)o2)c1,CHEMBL14751
DEC_0689,decoy,COc1cc2c3c4c(cc5c3n(c2cc1OC)C(=O)CC5)CCNC4,CHEMBL23230
DEC_2855,decoy,CNS(=O)(=O)c1cc2c(N=O)c(O)[nH]c2c2c1CCCC2,CHEMBL10182
DEC_0395,decoy,O=S1(=O)c2cccc3cccc(c23)N1CCCN1CC=C(c2c[nH]c3ccccc23)CC1,CHEMBL19613
DEC_4242,decoy,Cc1cc(C)c(NC(=O)C(C)(C)CCCc2ccc(CC(C)C)cc2)c2c1CC(C)(C)O2,CHEMBL424404
DEC_0930,decoy,CC(C)c1cccc2c(Cl)cc(-c3ccc(-c4ccc(C(=O)O)cc4)[nH]3)nc12,CHEMBL19727
DEC_1156,decoy,C=C(Br)COc1noc2c1CNCC2.Cl,CHEMBL6807
DEC_1010,decoy,CCN1C(=O)N(C2CCN(C3CCCCCCC3)CC2)[C@@H]2CCCC[C@H]21,CHEMBL26464
DEC_1759,decoy,O=C(c1ccc2[nH]ccc2n1)N1CCC(N2C(=O)OCc3ccccc32)CC1,CHEMBL31645
DEC_2779,decoy,CC(C)(C)NC(=O)[C@@H]1CN(Cc2cccnc2)CCN1C[C@@H](O)C[C@@H](Cc1cccnc1)C(=O)N[C@H]1c2ccccc2C[C@H]1O,CHEMBL317926
DEC_1342,decoy,O=C(O)CCCCCNC(=O)N1CCC2(CC1)CCN(c1ccncc1)C2,CHEMBL12524
DEC_1255,decoy,OC1CCCCC1N1CCC(CCCC2CCN(C3CCCCC3O)CC2)CC1,CHEMBL20720
DEC_2155,decoy,N#Cc1ccc(NC(=O)Nc2ccccc2Br)c(O)c1Cl,CHEMBL27446
DEC_2956,decoy,Nc1nc(Sc2ccc(Cl)cc2)c2ncn(CCOCP(=O)(OCC(F)(F)F)OCC(F)(F)F)c2n1,CHEMBL318394
DEC_1643,decoy,CCCN(CCC)C1Cc2cccc3ccn(c23)C1,CHEMBL12330
DEC_1309,decoy,CCCCc1nc(NCc2ccccc2[N+](=O)[O-])c2sccc2n1,CHEMBL288547
DEC_4239,decoy,OC(CN(Cc1cccc(-c2ccccn2)c1)c1cccc(Oc2ccccc2)c1)C(F)(F)F,CHEMBL44240
DEC_2168,decoy,CC1(C)N=C(N)N=C(N)N1c1cccc(CNc2ccc(Cl)cc2)c1,CHEMBL20393
DEC_1839,decoy,CCCC1Nc2cccc([C@@H]3C[C@H]3CNC(C)=O)c2O1,CHEMBL19128
DEC_1412,decoy,Oc1ccc2c(c1)OC[C@@H](N1CCC(O)(c3ccc(F)cc3)CC1)C2,CHEMBL17543
DEC_2283,decoy,c1ccc(Oc2cccc(COc3cccc(OCCCc4nnn[nH]4)c3)n2)cc1,CHEMBL18366
DEC_2620,decoy,CC1CCC(=NNc2cc([N+](=O)[O-])cc([N+](=O)[O-])c2)c2ncc(C(=O)O)c(=O)n21,CHEMBL273631
DEC_1155,decoy,O=C1C=CC(=O)c2c(O)nc(CCBr)nc21,CHEMBL286813
DEC_0897,decoy,OC1=C2C(=Nc3c(-c4ccco4)cnn3C2c2ccc(Cl)c(Cl)c2)CCC1,CHEMBL284159
DEC_2734,decoy,CC(C)[C@@H](CN1CC[C@@](C)(c2cccc(O)c2)[C@@H](C)C1)NC(=O)[C@H]1Cc2ccc(O)cc2CN1,CHEMBL415247
DEC_1557,decoy,CC(C)c1ccc(Sc2ccc(NC3=NCCN3)cc2)cc1,CHEMBL9368
DEC_0808,decoy,CCc1nc(-c2ccc(N=C=S)cc2)no1,CHEMBL22176
DEC_1106,decoy,O=[N+]([O-])c1ccccc1Oc1cccc(N(Cc2cccc(OC(F)(F)C(F)F)c2)CC(O)C(F)(F)F)c1,CHEMBL69187
DEC_0282,decoy,COc1cc2c(cc1OC)C(C)=[N+]([O-])C(c1c(F)c(F)c(F)c(F)c1F)N2,CHEMBL30129
ACT_071,active,Cc1c(Nc2ccc(S(=O)(=O)N3CCN(C)CC3)cc2F)nc2ccc(Nc3cnn(C4CC4)c3)cn2c1=O,CHEMBL4758581
DEC_3148,decoy,CC[C@]1(c2ccccc2F)OC[C@H]([C@@H]2CCCCN2)O1,CHEMBL26714
DEC_1736,decoy,Cc1cc(-c2c(F)cc3c(=O)c(Cc4c[nH]cn4)cn(C4CC4)c3c2F)cc(C)n1,CHEMBL267251
DEC_1911,decoy,CCc1cn([C@@H]2O[C@H](CNC(=O)[C@H](C)Oc3cc(OC)c(Cl)cc3Cl)[C@@H](O)[C@@H]2F)c(=O)[nH]c1=O,CHEMBL42820
DEC_2816,decoy,CC(Nc1nc(C(F)(F)F)nc2ccccc12)c1ccc(F)cc1,CHEMBL274702
DEC_2546,decoy,CN(C/C=C/c1ccccc1F)Cc1cccc2ccccc12,CHEMBL283131
DEC_1851,decoy,CNC(C)Cc1cc(OC)c(I)cc1OC,CHEMBL10968
DEC_2729,decoy,CC(C)Nc1cccnc1N1CCN(C(=O)c2cc3ccc(NS(C)(=O)=O)cc3[nH]2)CC1,CHEMBL37056
DEC_0885,decoy,Cc1ccc(C(c2ccns2)N2CCN(C)CC2)cc1,CHEMBL418563
DEC_4078,decoy,CCNCC(=O)Nc1cccc2c1CN(C)CC2c1ccc(Cl)cc1,CHEMBL18702
DEC_2175,decoy,CS(=O)(=O)Nc1ccc(Nc2c3ccccc3nc3cc(N)ccc23)cc1,CHEMBL9657
DEC_4332,decoy,O=S1NC(Cc2ccc(Br)cc2F)=NO1,CHEMBL17826
DEC_1565,decoy,CCCCc1cnc2c(c1)[C@@H]1c3cc(O)c(O)cc3CC[C@H]1NC2,CHEMBL283247
DEC_2850,decoy,Nc1nc2c(N)c3c(cc2[nH]1)C1(CC3)SCCS1,CHEMBL31575
DEC_0889,decoy,CC1(C)OC(S)=Nc2ccc(-c3coc(C#N)c3)cc21,CHEMBL282649
DEC_0251,decoy,CN1C(=O)CC[C@]2(C)C3CC[C@@]4(C)C(CC[C@@H]4N(C=O)C4CC4)C3CC[C@@H]12,CHEMBL276355
DEC_1466,decoy,c1ccc(NC23CC4CC(CC(C4)C2)C3)nc1,CHEMBL282918
ACT_084,active,Cc1c(C)c2c(c(C)c1O)CCC(C)(C(=O)O)O2,CHEMBL153
DEC_2164,decoy,CCC(=O)c1c(O)n(O)c2cc(NC(=O)Nc3ccccc3Cl)ccc12,CHEMBL16665
DEC_2191,decoy,Cc1c(NC(=O)Cc2ccc3ccccc3c2)ccc2nc(N)nc(N)c12,CHEMBL7049
DEC_2689,decoy,CC(N)C1CCN(c2cc3c(c(N)c2F)c(=O)c(C(=O)O)cn3C2CC2)C1,CHEMBL15021
DEC_2017,decoy,CCN1CC[C@@]2(C)c3cc(OC(=O)NC(C)(C)C)ccc3CC12,CHEMBL34002
DEC_2807,decoy,CN1CC[C@]23CCCC[C@H]2[C@H]1Cc1ccc(Oc2ccccc2F)cc13,CHEMBL20076
DEC_1638,decoy,COc1cc(C(C)(C)C)c(OC)cc1CC(C)N,CHEMBL8317
DEC_3895,decoy,CC1(Cc2ccccc2)C(S)=Nc2ccc(-c3cccc(Cl)c3)cc21,CHEMBL26755
DEC_1390,decoy,Fc1cccc(Br)c1N(CC1CC1)C1=NCCN1,CHEMBL20358
DEC_2563,decoy,CO[C@H]1CN(Cc2ccc3c(c2)OCO3)C[C@H](OCC23C[C@@H]4[C@H](C)CC[C@H]4C4(C=O)CC2C=C(C(C)C)C34C(=O)O)O[C@@H]1C,CHEMBL295095
DEC_4170,decoy,CC(C)CN1CCN(c2cc3c(cc2F)c(=O)c(C(=O)O)cn3C2CC2)CC1,CHEMBL276516
DEC_0136,decoy,CC1(C)OC(S)=Nc2ccc(-c3cccc(F)c3F)cc21,CHEMBL28199
DEC_2656,decoy,O=C(O)c1ccc2oc3ccc(S(=O)(=O)CCO)cc3c(=O)c2c1,CHEMBL277000
DEC_4391,decoy,C=CCC1Oc2ccc(O)c(Cl)c2-c2ccc3c(c21)C(C)=CC(C)(C)N3,CHEMBL273658
DEC_4154,decoy,c1cc(Nc2ccc(OCC3CCCCC3)cc2)c2c(ccc3c[nH]nc32)n1,CHEMBL27959
DEC_1898,decoy,Cc1cnc2ccc(C)c([N+](=O)[O-])c2c1NCCCN(C)C,CHEMBL28576
DEC_3593,decoy,COc1cccc2c1CC1(CCCN1CCCCN1C(=O)CC3(CCCC3)CC1=O)CO2,CHEMBL11265
DEC_2185,decoy,Nc1ccc(S(=O)(=O)Nc2ccc(F)c3c(Cl)c[nH]c23)cc1,CHEMBL20704
DEC_0610,decoy,CC1(C)C(=O)[C@]2(CS(=O)(=O)N3CCC4(C=Cc5ccccc54)CC3)CCC1C2(C)C,CHEMBL269624
DEC_1912,decoy,CC1OC(OC2CCC3(C)C(CCC4C3CCC3(C)[C@@H](C5=CC(=O)OC5)C(OC=O)CC43O)C2)CC(O)C1O,CHEMBL441173
DEC_2541,decoy,O=C1c2ccc(Br)cc2C(=O)C1(F)c1ccccc1,CHEMBL282432
DEC_2099,decoy,CCOOC1(OOCC)CCCCCCCCCCC1,CHEMBL29121
DEC_3469,decoy,CCCN(Cc1ccc(-c2ccccc2-c2nn[nH]n2)cc1)c1nc(C(F)(F)F)c(C(=O)O)s1,CHEMBL300191
DEC_3709,decoy,O=c1c2c(oc(O)c1C(c1cccc(NS(=O)(=O)c3ccc4ccccc4c3)c1)C1CC1)CCCCCC2,CHEMBL280104
DEC_3861,decoy,O=C1NC(=O)C(CC#Cc2ccc(Cl)cc2)(S(=O)(=O)c2ccc3ccccc3n2)S1,CHEMBL12503
DEC_2113,decoy,CN(C/C=C/c1ccncc1)Cc1cccc2ccccc12,CHEMBL282704
DEC_1343,decoy,CCN(CC)Cc1ccc(-c2cc(S(=O)(=O)CC)ccc2OC)[nH]1,CHEMBL277684
DEC_3468,decoy,COc1cc(NC(C)CCCN)c2ncccc2c1Oc1cc(C(F)(F)F)cc(C(F)(F)F)c1,CHEMBL12802
DEC_1154,decoy,C=CCNc1nc(N)nc2c1ncn2/C=C1/C[C@@H]1CO,CHEMBL290878
DEC_3667,decoy,CSc1nc(Cl)c2ccn(COCCO)c2n1,CHEMBL36836
DEC_2868,decoy,CNc1nc(Cl)c(SC)c(N2CCOCC2)n1,CHEMBL287509
DEC_3452,decoy,CN1CC[C@]23CCCC[C@H]2[C@H]1Cc1ccc(Oc2ccccn2)cc13,CHEMBL410350
DEC_0765,decoy,CN(C)CCNc1ccc(CO)c2sc3ccc(O)cc3c(=O)c12,CHEMBL21677
DEC_3916,decoy,O=C(O)c1cc2c(c(C(=O)O)c1)NCCS2,CHEMBL35713
DEC_4117,decoy,C=CCC1Oc2ccc(CO)c(OC)c2-c2ccc3c(c21)C(C)=CC(C)(C)N3,CHEMBL8637
DEC_0004,decoy,CCCCCCCCCOc1ccc2c3c1OC1C(O)C=CC4C(C2)N(C)CCC341,CHEMBL281556
DEC_2696,decoy,O=C(O)c1cn(C2CC2)c2c(F)c(N3CCC(=NO)CC3)c(F)cc2c1=O,CHEMBL29051
DEC_0465,decoy,CCCOc1ccc2c3c1OC1C(O)C=CC4C(C2)N(C)CCC341,CHEMBL27017
DEC_2936,decoy,CC(C)C12OC3(c4ccccc4)OC1[C@@H]1[C@@H]4O[C@]4(CO)[C@@H](O)[C@]4(O)C(=O)C=C[C@@]4(C)C1(O3)[C@H](C)[C@H]2OC(=O)c1ccccc1,CHEMBL327914
DEC_4536,decoy,CC[C@H](C)C(=O)O[C@H]1C[C@@H](C)C=C2C=C[C@H](C)[C@H](CC[C@@H]3C[C@H](CC(=O)NC)N(Cc4ccc(C(C)(C)O)cc4)C(=O)O3)[C@H]21,CHEMBL311602
DEC_2745,decoy,O=C(Cn1c(C2CCNCC2)nc2cc(Cl)c(Cl)cc21)NNC(=S)Nc1ccccc1,CHEMBL282055
DEC_0237,decoy,CC1(N)CCN(c2nc3c(cc2F)c(=O)c(C(=O)O)cn3C(C)(C)C)C1,CHEMBL26947
DEC_4460,decoy,Cc1cc(-n2ncc(=O)[nH]c2=O)ccc1C(=O)c1ccccc1Cl,CHEMBL6329
DEC_2371,decoy,COc1cccc(C[S+]([O-])c2nc3cc(C(F)(F)F)ccc3[nH]2)c1N,CHEMBL277468
DEC_0735,decoy,O=C(OC1CCCC1)c1ccccc1CSc1c(O)oc(-c2ccccc2)cc1=O,CHEMBL14592
DEC_1890,decoy,CS/C(=N\CCSCc1cc2ccccc2[nH]1)NC#N,CHEMBL12623
DEC_0523,decoy,CC1(C)C=C(C(=O)NCCN2C(=O)C3CC=CCC3C2=O)C(C)(C)N1,CHEMBL15459
DEC_1525,decoy,O=C(CSc1nc2ccccc2s1)NCC1CCCN(Cc2nccs2)C1,CHEMBL282871
DEC_3150,decoy,COc1ccc2c3c4c(cc5c3n(c2c1)C(=O)CC5)CNCC4,CHEMBL23165
DEC_2975,decoy,CC[C@H](C)C(=O)O[C@H]1C[C@@H](C)C=C2C=C[C@H](C)[C@H](CC[C@@H]3C[C@H](CC(=O)NC)N(Cc4ccc(O)c(OC)c4)C(=O)O3)[C@H]21,CHEMBL82235
DEC_2456,decoy,CN1C(=S)C2(CCCCC2)c2cc(-c3cccc(Cl)c3)ccc21,CHEMBL25182
DEC_0111,decoy,N#Cc1ccc(-c2ccc3c(c2)C2(CCCCC2)C(S)=N3)o1,CHEMBL27766
DEC_4265,decoy,C[C@@]12Cc3ccccc3C[C@@H](N1)c1cc(Br)ccc12,CHEMBL25076
DEC_2449,decoy,C#Cc1cccc2c1-c1ccc3c(c1C(CC=C)O2)C(C)=CC(C)(C)N3,CHEMBL7671
DEC_1242,decoy,CCCCCCC[C@H]1OC(=O)C[C@@H](O)[C@H](Cc2ccccc2)N(C)C(=O)[C@H](Cc2ccccc2)OC(=O)[C@H]1C,CHEMBL263956
DEC_4515,decoy,COc1cc(N)c(Cl)cc1C(=O)NCC1CCCN2CCCCC12,CHEMBL15448
DEC_1275,decoy,CCCc1cc(=O)oc2c(C(=O)[C@@H](C)[C@H](C)O)c(O)c3c(c12)OC(C)(C)C=C3,CHEMBL7211
DEC_2922,decoy,CC(=O)Oc1ccc(C(=O)N[C@@H]2[C@H](O)[C@@H](CO)O[C@H]2n2cnc3c(NCc4cccc5ccccc45)ncnc32)cc1,CHEMBL65272
DEC_2000,decoy,C[C@H](N)Cc1c2c(c(C(F)(F)F)c3c1OCC3)OCC2.Cl,CHEMBL268542
DEC_4196,decoy,CC1(C)C=C(n2ccccc2=O)c2cc(S(=O)(=O)NCc3ccccc3)ccc2O1,CHEMBL276693
DEC_1686,decoy,CN1c2cc3c(cc2N=C(c2ccc(C(=O)O)cc2)c2ccc4ccccc4c21)C(C)(C)CCC3(C)C,CHEMBL298373
DEC_0838,decoy,CCCc1cccc2nc(C(=O)O)cc(O)c12,CHEMBL22404
DEC_3780,decoy,CCCCCCN1CCN(c2cccc3c2OCCO3)CC1,CHEMBL27457
DEC_0935,decoy,O=C1Nc2ccc(Cl)cc2C(c2ccccc2)=NC1Cc1cccc2ccccc12,CHEMBL429391
DEC_1855,decoy,Ic1ccc(COCCCc2c[nH]cn2)cc1,CHEMBL19010
DEC_1149,decoy,C[S+]([O-])c1nc(O)c2c(Br)[nH]nc2n1,CHEMBL267972
DEC_0067,decoy,CN(C)CCOC(c1ccccc1)c1ccccc1,CHEMBL657
DEC_1534,decoy,CC1(C)N=C(N)N=C(N)N1c1cccc(OCC23CC4CC(CC(C4)C2)C3)c1,CHEMBL281618
DEC_4161,decoy,C#CCOc1ccc2c(c1OC)-c1ccc3c(c1C(CC=C)O2)C(C)=CC(C)(C)N3,CHEMBL266488
DEC_0155,decoy,CC(/N=c1\c(O)c(O)\c1=N/c1ccc(OC(F)(F)F)cc1)C(C)(C)C,CHEMBL19421
DEC_0230,decoy,CC1(C)N=C(N)N=C(N)N1c1cccc(I)c1,CHEMBL268414
DEC_0463,decoy,Nc1nc2c(cnn2Cc2ccc(F)cc2)c2nc(-c3ccco3)nn12,CHEMBL17302
DEC_1737,decoy,O=C1NC(=O)C(CC#Cc2ccc(Cl)cc2)(Sc2ccc(Cl)cc2)S1,CHEMBL276264
DEC_2767,decoy,C[C@@H](NC(=O)c1ccc(S(=O)(=O)Oc2ccc(/C=C/[N+](=O)[O-])cc2)cc1)C(=O)N[C@H](C)C(=O)NCCNC(=O)OC(C)(C)C,CHEMBL309073
DEC_0327,decoy,N#CN/C(=N/C1CCCCC1)Nc1ccc(/C(=C\CCCC(=O)O)c2cccnc2)cc1,CHEMBL277619
DEC_0059,decoy,CC(C)COc1cccc(NCCN(C)C)n1,CHEMBL275598
DEC_3753,decoy,CCCc1ccc(S(=O)(=O)Nc2cccc(C(c3c(O)c4c(oc3=O)CCCCCC4)C3CC3)c2)cc1,CHEMBL16386
DEC_0571,decoy,Nc1nc(N)c2nc(CN3CCc4cc(C(=O)NC(CCCC(=O)O)C(=O)O)ccc43)cnc2n1,CHEMBL417251
DEC_1967,decoy,Cc1ccccc1[C@@H]1CN2CCC[C@@H]2c2ccccc21,CHEMBL431898
DEC_3354,decoy,CC1(C)CNc2c(cccc2S(=O)(=O)NC(Cc2nc3cncnc3s2)C(=O)N2CCC(CCF)CC2)C1,CHEMBL289628
DEC_2180,decoy,Nc1nc(N)c2cc(NC(=O)Cc3ccc4ccccc4c3)ccc2n1,CHEMBL7403
DEC_4084,decoy,CN1CCN(c2nc(Cl)c(Br)c(NC3CCCC3)n2)CC1,CHEMBL31996
DEC_2665,decoy,C[C@H]1COc2c(N3CC(N(C)C)C3)c(F)cc3c(=O)c(C(=O)O)cn1c23,CHEMBL282940
DEC_2578,decoy,CCCC(NC(=O)[C@@H]1[C@H]2CCC(F)(F)[C@H]2CN1C(=O)[C@@H](NC(=O)OC(C)C)C(C)(C)C)C(=O)C(=O)N[C@@H](C)c1ccccc1,CHEMBL88832
DEC_3625,decoy,CCCn1c(=O)c2nc(-c3cc(NC(=O)Cc4cccc(F)c4)nn3C)[nH]c2n(CCC)c1=O,CHEMBL32770
DEC_1634,decoy,C1=CC(=Nn2cccc2)C=CC1=Nn1cccc1,CHEMBL25422
DEC_2582,decoy,COCCO/C(O)=C1\C(C)=NC(C)=C(C(=O)OCCCN2C(=O)c3ccccc3S2(=O)=O)C1c1ccccc1C(F)(F)F,CHEMBL310550
DEC_4206,decoy,CC1(C)C=C(n2ccccc2=O)c2cc(S(=O)(=O)c3ccccc3)ccc2O1,CHEMBL12138
DEC_2032,decoy,Nc1nc(N)c2c(n1)CCC(Cc1cccc(C(F)(F)F)c1)C2,CHEMBL267437
DEC_4159,decoy,COC(=O)c1c(NC(=O)Nc2cccc3ccccc23)cc(C(C)(C)C)n1C,CHEMBL417819
DEC_1389,decoy,CN1CC=C(c2c[nH]c3ccc(C(C)(C)O)cc23)CC1,CHEMBL286264
DEC_3683,decoy,CN(C)c1ncnc2c1ncn2Cc1cccc(F)c1,CHEMBL7141
DEC_1012,decoy,COc1c(Cl)c(OCC(F)(F)F)nc(C(Cl)(Cl)Cl)c1Cl,CHEMBL11565
DEC_3412,decoy,O=c1c2c(c3cccnc3n1-c1ccc(Cl)c(Cl)c1)OCCC2,CHEMBL287652
DEC_0588,decoy,O=C(Nc1nnc(S)s1)N[C@@H](Cc1ccccc1)C(=O)N1CCN(c2ncccn2)CC1,CHEMBL39580
DEC_0123,decoy,FC(F)(F)Oc1ccc(SCSC(F)(F)F)cc1,CHEMBL12528
DEC_3128,decoy,Cn1cc(C2=NCC3(CC4CCC(C3)N4)O2)c2ccccc21,CHEMBL276199
DEC_0121,decoy,c1ccc2sc(C3(N4CCCCCC4)CCCC3)cc2c1,CHEMBL18025
DEC_0946,decoy,Nc1nc(O)c2ncn([C@@H]3C[C@H]4C[C@](CC(=O)O)(C(=O)O)O[C@H]4C3)c2n1,CHEMBL277926
DEC_3729,decoy,CC(C)c1cc(C(C)(C)C)cc(C(C)C)c1OC(=O)NS(=O)(=O)Oc1c(C(C)C)cccc1C(C)C,CHEMBL22470
DEC_4473,decoy,Fc1ccc(-c2ncn(CCCN3CCOCC3)c2-c2ccncc2)cc1,CHEMBL14112
DEC_3213,decoy,CN1C(=S)OC(C)(C)c2cc(-c3cc(F)cc(Br)c3)ccc21,CHEMBL28164
DEC_2654,decoy,CCn1cc(C(=O)O)c(=O)c2cc([N+](=O)[O-])c(N3CCNCC3)cc21,CHEMBL29957
DEC_3086,decoy,CC(C)(C)c1cc(C/C=C/c2cccs2)cc(C(C)(C)C)c1O,CHEMBL274799
DEC_0138,decoy,CC(C)[C@@H]1CC2C3CCC(=O)C3(C)CCC2C2(C)CCC(=O)C=C12,CHEMBL24387
DEC_4397,decoy,Fc1ccc(-n2cc(C3=CCNCC3)c3cc(Cl)ccc32)cc1,CHEMBL274178
DEC_3471,decoy,O=c1c2c(oc(O)c1[C@@H](c1cccc(NS(=O)(=O)c3ccccc3)c1)C1CC1)CCCCCC2,CHEMBL277125
DEC_2136,decoy,CCCCc1nc(Nc2ccccc2)c2sccc2n1,CHEMBL30733
DEC_1698,decoy,O=C1Nc2ccc(CCN3CCN(c4nsc5ccccc45)CC3)cc2C12CCCC2,CHEMBL35565
DEC_3900,decoy,CC1(C)CCC(C)(C)c2cc(-c3ccc4cc(C(=O)O)ccc4c3)ccc21,CHEMBL25361
DEC_1707,decoy,Cc1cc(-c2c(F)cc3c(=O)c(Cc4ncc[nH]4)cn(C4CC4)c3c2F)cc(C)n1,CHEMBL8063
DEC_3333,decoy,COCC(=O)OCC(=O)[C@@]1(OC(=O)c2ccco2)[C@H](C)CC2C3CCC4=CC(=O)C=CC4(C)[C@@]3(Cl)C(O)CC21C,CHEMBL289793
DEC_3095,decoy,CCc1oc2ccccc2c1-c1ccc(-c2ccc(O)cc2)cc1,CHEMBL24451
DEC_2347,decoy,CCSCc1ccc2c(c1)c1c3c(c4c5cc(CSCC)ccc5n5c4c1n2[C@H]1C[C@](O)(C(=O)OC)[C@]5(C)O1)CNC3=O,CHEMBL290352
DEC_2782,decoy,CC(C)CN(C[C@@H](O)[C@H](Cc1ccc(OCCCN)cc1)NC(=O)O[C@H]1CO[C@H]2OCC[C@H]21)S(=O)(=O)c1ccc2c(c1)OCO2,CHEMBL186111
ACT_049,active,O=C(COc1cc(O)c2c(=O)cc(-c3ccccc3)oc2c1)OCc1cc(-c2cccc(C(F)(F)F)c2)n(-c2ccccc2)n1,CHEMBL4247830
DEC_3808,decoy,CCN(CC)C(=O)[C@@H]1C=C2c3cccc4[nH]cc(c34)C[C@H]2N(C)C1,CHEMBL263881
DEC_3017,decoy,Cn1c2c([N+](=O)[O-])cc([N+](=O)[O-])cc2c2oc(C(=O)Nc3nn[nH]n3)cc(=O)c21,CHEMBL280941
DEC_0061,decoy,COc1ccc(N(CCCl)CCCl)cc1,CHEMBL17360
DEC_3091,decoy,CCCCC(=O)c1cc(C(C)(C)C)c2c(c1)C(C)(C)CCS2,CHEMBL276800
DEC_3342,decoy,COC(=O)CCCC(=O)O[C@]1(C(=O)CCl)[C@@H](C)CC2C3CCC4=CC(=O)C=CC4(C)[C@@]3(F)[C@@H](O)CC21C,CHEMBL84182
DEC_1595,decoy,CCN(C)CC#CCCC1SCCCS1,CHEMBL290505
DEC_0411,decoy,O=C(O)[C@@H]1NCCC[C@@H]1C(O)CP(=O)(O)O,CHEMBL282656
DEC_3307,decoy,CN(C)Cc1ccc(NC2C(=O)C(Br)C(Nc3ccc(CN(C)C)cc3)C(=O)C2Br)cc1,CHEMBL301727
DEC_3717,decoy,CN(CC#CCCC1(C(O)(c2ccccc2)c2ccccc2)SCCCS1)CCc1ccccc1,CHEMBL38463
DEC_2611,decoy,Nn1c(SCCCN2CCN(c3ncccn3)CC2)nc2sccc2c1=O,CHEMBL11935
DEC_3240,decoy,CC(C)N1C(S)=NC(c2cccc([N+](=O)[O-])c2)c2cc3c(cc21)OCO3,CHEMBL13552
DEC_3299,decoy,COc1ccc(C2(O)OC(=O)C(c3ccc4c(c3)OCO4)=C2Cc2cc(OC)c(OC)c(OCCCCC(=O)O)c2)cc1,CHEMBL69832
DEC_0427,decoy,CN1CCN(CCCP(=O)(O)O)CC1C(=O)O,CHEMBL279533
DEC_1653,decoy,CSc1nn(-c2c(Cl)cc(Cl)cc2Cl)c2nc(C)nc(-c3ccccc3C(F)(F)F)c12,CHEMBL10174
DEC_1152,decoy,O=P1(N(CCCl)CCCl)NC(O)CCO1,CHEMBL731
DEC_3038,decoy,CC(/C=C/C(O)=C1\C(=O)CN(C)C1=O)=C\C(C)C,CHEMBL274790
DEC_1795,decoy,Nc1nc2ccc(CN3C(=O)N(Cc4ccc5nc(N)oc5c4)[C@H](Cc4ccccc4)[C@H](O)[C@@H](O)[C@H]3Cc3ccccc3)cc2o1,CHEMBL441350
DEC_1136,decoy,O=C1N(Cc2ccc(-c3ccccc3-c3nn[nH]n3)cc2)C(c2ccccc2)=NC1(c1ccccc1)c1ccccc1,CHEMBL39542
DEC_4532,decoy,Cn1cnc2c(N(C(N)=O)c3c(F)cccc3F)nc(-c3ccccc3)nc21,CHEMBL18617
DEC_0561,decoy,CCCOC(=O)/C=C/C(=O)N[C@@H]1CC[C@@]2(O)C3Cc4ccc(O)c5c4C2(CCN3CC2CC2)C1O5,CHEMBL54820
DEC_2520,decoy,CCC1CCN(C)c2cc3oc(=O)cc(C(F)(F)F)c3cc21,CHEMBL6530
DEC_2652,decoy,CC1=C(C(=O)OC(C)C)C(c2cccc([N+](=O)[O-])c2)N(C(N)=O)C(=O)N1,CHEMBL273934
DEC_2126,decoy,CC(C)c1ccc(C(c2ccns2)N2CCN(C)CC2)cc1,CHEMBL281414
DEC_1821,decoy,C/C(=N\N=C(/S)Nc1ccc(N)cc1)c1ccccn1,CHEMBL31071
DEC_2241,decoy,CC1=C(C(=O)O)N2C(=O)C(NC(=O)C(N)c3ccccc3)C2SC1,CHEMBL287590
DEC_0535,decoy,O=C1CN2Cc3cc(N4CCCCC4)c(Cl)cc3N=C2N1,CHEMBL31484
DEC_3504,decoy,O=c1c2c(oc(O)c1C(c1cccc(NS(=O)(=O)c3cccs3)c1)C1CC1)CCCCCC2,CHEMBL16245
DEC_2150,decoy,COc1ccc(C(F)(F)F)cc1NCc1cnc2nc(N)nc(N)c2c1C,CHEMBL281648
DEC_1860,decoy,Nc1ccc(C23CC(C2)C(=O)N(CC2CCCCC2)C3=O)cc1,CHEMBL27546
DEC_3870,decoy,CC(C)(C)C1CSC(c2c(F)c(F)c(N=[N+]=[N-])c(F)c2F)SC1,CHEMBL31911
DEC_2172,decoy,Nc1cc2c(Nc3ccc4[nH]c(Cc5ccccc5)nc4c3)ncnc2cn1,CHEMBL31653
DEC_1926,decoy,Cc1cc[n+](C2=C(C(=O)[O-])N3C(=O)[C@@H](NC(=O)/C(=N\OCc4ccccc4)c4csc(N)n4)[C@H]3CC2)cc1C,CHEMBL310456
DEC_2024,decoy,COc1cc(F)cc(-c2ccc3c(c2)C(C)(C)OC(S)=N3)c1,CHEMBL428513
DEC_3587,decoy,CCCc1nc2c(n1Cc1ccc(-c3ccccc3-c3nnnn3C)cc1)CCCCC2=O,CHEMBL40549
DEC_3789,decoy,CCC(=O)N(c1ccc(Cl)c(Cl)c1)C1CCCC1N(C)C,CHEMBL20679
DEC_1204,decoy,C=CCCN1C[C@H](OCC23C[C@@H]4[C@H](C)CC[C@H]4C4(C=O)CC2C=C(C(C)C)C34C(=O)O)O[C@H](C)[C@@H](OC)C1,CHEMBL49825
DEC_3553,decoy,C#Cc1c(C(=O)NN2CC3CCCC3C2)nc(-c2ccc(Cl)cc2Cl)n1-c1ccc(Cl)cc1,CHEMBL418544
DEC_3396,decoy,O=C(O)COC1CCN(C(=O)N2CCC3(CC2)CCN(c2ccncc2)CC3)CC1,CHEMBL24562
DEC_4036,decoy,CCCc1cc(C=O)cc(=O)n1Cc1ccc(-c2ccccc2-c2nn[nH]n2)cc1,CHEMBL418561
DEC_3526,decoy,Cc1ccccc1NC(=O)Oc1ccc2c(c1)[C@]1(C)CCN(Cc3ccccc3)C1N2Cc1ccccc1,CHEMBL292695
DEC_2500,decoy,CCC[C@H]1Cc2cc3c(C(F)(F)F)cc(O)nc3cc2N[C@@H]1CC,CHEMBL7231
DEC_3707,decoy,C=C1/C(=C\C=C\[C@@H]2CC[C@](C)(CCCCC(O)(C(F)(F)F)C(F)(F)F)C2(C)C)C[C@@H](O)C[C@@H]1O,CHEMBL43684
DEC_0993,decoy,CC1CC/C(=N\Nc2ccccc2CCO)c2ncc(C(=O)O)c(=O)n21,CHEMBL416532
DEC_3640,decoy,CCCCc1nc2c(=O)[nH][nH]c(=O)c2n1Cc1ccc(-c2ccccc2-c2nn[nH]n2)cc1,CHEMBL267056
DEC_0895,decoy,C=CCC1Oc2cccc(OC(F)F)c2-c2ccc3c(c21)C(C)=CC(C)(C)N3,CHEMBL267231
DEC_1942,decoy,O=C(CN1C(=O)CNC1=O)NCc1cc2cc(C(=O)N3CCC(N4C(=O)OCc5ccccc54)CC3)ccc2o1,CHEMBL31476
DEC_0312,decoy,Oc1cc(NCC2=CCCC2NCc2ccc(Cl)c(Cl)c2)nc2ccccc12,CHEMBL283576
DEC_3706,decoy,CC1=C(C#N)C(c2ccccc2C(F)(F)F)/C(=C(\O)OCCBr)C(CSc2ccccc2)=N1,CHEMBL306306
DEC_4144,decoy,COc1ccc(-c2nc(/N=C(\N)NC(C)C)sc2-c2ccc(OC)cc2)cc1,CHEMBL418181
DEC_1341,decoy,COc1cccc2c1CCC[C@H]2CN(C)CCc1ccc2c(c1)NCC2,CHEMBL274055
DEC_1693,decoy,C=C(C)[C@@H]1CC[C@]2(C(=O)O)CC[C@]3(C)[C@H](CC[C@@H]4[C@@]5(C)CC/C(=N\OC)C(C)(C)[C@@H]5CC[C@]43C)[C@@H]12,CHEMBL296677
DEC_3383,decoy,O=C(O)COc1ccc(C2=NS(=O)(=O)c3ccccc32)c(Cl)c1Cl,CHEMBL25283
DEC_0774,decoy,O=C(O)[C@@H]1C[C@H]2C[C@@H](c3ccc(Cc4nnn[nH]4)cc3)CC[C@H]2CN1,CHEMBL16243
ACT_046,active,O=C1NC(=O)C(=NNc2cccc(-c3nc4ccccc4[nH]3)c2)C(=O)N1,CHEMBL5279011
DEC_1109,decoy,CCN(C/C=C/C#CC(C)(C)C)Cc1cccc(OCCN(C)S(=O)(=O)c2cc3ccccc3s2)c1,CHEMBL26091
DEC_1899,decoy,COC(=O)C[C@](O)(CCC(C)(C)O)C(=O)O[C@@H]1C(OC)=C[C@]23CCCN2CCc2cc4c(cc2[C@H]13)OCO4,CHEMBL433257
DEC_3174,decoy,CNC(=O)[C@@H](NC(=O)[C@H](CC(C)C)[C@@H](C(=O)NO)C1CCN(C)CC1)C(C)(C)C,CHEMBL264605
DEC_3950,decoy,NCCc1c[nH]c(-c2cncc(Br)c2)n1,CHEMBL26555
DEC_3046,decoy,CCCC1(C2=NCCN2)COc2ccccc2O1,CHEMBL9774
DEC_1493,decoy,Cc1ccc2c(c1)[C@H]1Cc3ccccc3[C@]2(C)N1,CHEMBL287370
DEC_3296,decoy,CC1(C)N=C(N)N=C(N)N1c1ccc(OCCCCOc2ccc(S(=O)(=O)Oc3ccc(Cl)cc3)cc2)c(Cl)c1,CHEMBL97476
DEC_3631,decoy,O=C(O)C(CCCCn1cnc2c1NC=NCC2O)Cc1ccccc1Br,CHEMBL36045
DEC_0497,decoy,O=C(O)CCCC(=O)N1CCC2(CC1)CCN(c1ccncc1)CC2,CHEMBL24373
DEC_3793,decoy,CC(=O)c1ccc2c(c1)[C@@]13CCCC[C@H]1[C@@H](C2)N(CC1CC1)CC3,CHEMBL18557
DEC_4565,decoy,O=S(=O)(Nc1ccc(CCNC[C@H](O)c2cccnc2)cc1)c1ccc(-c2nc(Cc3ccc(F)cc3)cs2)cc1,CHEMBL430594
DEC_0279,decoy,CN(C)c1ncnc2c1ncn2Cc1cccc(I)c1,CHEMBL268404
DEC_0101,decoy,COc1nc(C(Cl)(Cl)Cl)c(Cl)c(Cl)c1Cl,CHEMBL11241
DEC_1108,decoy,C=C(Cl)CON1C[C@H](OCC23C[C@@H]4[C@H](C)CC[C@H]4C4(C=O)CC2C=C(C(C)C)[C@@]34C(=O)O)OC[C@H]1C,CHEMBL33631
DEC_1532,decoy,Cc1nc(COc2ccc3c(c2)[C@@H](O)[C@@H](Cc2cccnc2)CO3)ccc1[N+](=O)[O-],CHEMBL283886
DEC_4458,decoy,CC(C)[C@H]1OS(=O)O[C@]1(Cn1cncn1)c1ccc(Cl)cc1,CHEMBL275780
DEC_2443,decoy,[O-][S+](Cc1[nH]c2ccccc2c1[S+]([O-])c1ccccc1)c1ccccc1,CHEMBL24214
DEC_1825,decoy,CNCCCC1c2ccccc2C=Cc2ccccc21,CHEMBL668
DEC_0666,decoy,CN1C2CCCC1CC(OC(=O)c1cc(Cl)cc3[nH]cnc13)C2,CHEMBL19039
DEC_2646,decoy,COc1cc([C@@H]2c3cc4c(cc3N(N)[C@@H]3COC(=O)N23)OCO4)cc(OC)c1OC,CHEMBL269115
DEC_4123,decoy,COc1ccc(C2(C(F)(F)F)N=N2)cc1CN[C@H]1CCCN[C@H]1c1ccccc1,CHEMBL25492
DEC_2225,decoy,COc1c(C)c(O)c2c(c1O)c(COC(N)=O)c1n2C[C@@H]2[C@H]1N2C,CHEMBL18158
DEC_0595,decoy,COC(=O)/C=C\C(=O)N[C@@H]1CCC2(O)C3Cc4ccc(O)c5c4C2(CCN3CC2CC2)[C@H]1O5,CHEMBL22163
DEC_1291,decoy,Fc1ccc(C2COC(Cn3ccnc3)(c3ccc(Br)cc3)O2)cc1,CHEMBL432457
DEC_3777,decoy,CC/N=C(\N)Nc1ccc(Sc2ccc(OC)cc2)cc1,CHEMBL269403
DEC_4088,decoy,CO[C@H]1c2ccc(O)cc2OC[C@H]1N1CCC(O)(c2ccc(F)cc2)CC1,CHEMBL17933
DEC_1651,decoy,C=C(C)[C@@H]1CC[C@]2(/C=N/OC)CC[C@]3(C)[C@H](CC[C@@H]4[C@@]5(C)CC/C(=N\OC)C(C)(C)[C@@H]5CC[C@]43C)[C@@H]12,CHEMBL49746
DEC_3523,decoy,Cc1ncccc1Oc1ccc(NC(=O)N2CCc3cc(Br)c(C(F)(F)F)cc32)cn1,CHEMBL53152
DEC_4298,decoy,C#C[C@]1(O)CCC2C3CCC4=CC(=O)CCC4C3CC[C@@]21C,CHEMBL266115
DEC_3710,decoy,CCO/C(O)=C1\C(C[S+]([O-])c2ccc(Cl)c(Cl)c2)=NC(C)=C(C#N)C1c1ccccc1C(F)(F)F,CHEMBL73063
DEC_2540,decoy,CN(C/C=C/c1ccc(F)cc1)Cc1cccc2ccccc12,CHEMBL25379
DEC_3422,decoy,O=c1c2c(oc(O)c1C(c1ccccc1)C1CC1)CCCCCC2,CHEMBL16584
DEC_1622,decoy,C[C@@H]1OC(=O)C[C@H]1C/C=C/[C@H]1CCCCN1C,CHEMBL22923
DEC_2251,decoy,Nc1ncnc2c1ncn2OCCOCP(=O)(Oc1ccccc1)Oc1ccccc1,CHEMBL28186
DEC_2390,decoy,CC1OC(/C=C/C2CC2)(C(F)(F)F)c2cc(F)ccc2NC1=O,CHEMBL287650
ACT_004,active,CCSc1nnc(-c2nc(C(C)(C)C)c(O)c(C(C)(C)C)n2)s1,CHEMBL17218
DEC_3227,decoy,CC(C)c1cccc(C(C)C)c1OC(=O)NS(=O)(=O)N1CCc2ccccc21,CHEMBL279235
DEC_2366,decoy,CN1CCN(C2=Nc3ccccc3CC=C2c2ccc(O)cc2)CC1,CHEMBL16570
DEC_1326,decoy,CC(C)N(CCC1(c2ccccc2)C(=O)NCN2CCCCC21)C(C)C,CHEMBL23367
DEC_3006,decoy,COC(=O)/C=C1/SC2C(NC(=O)Cc3cccs3)C(=O)N2C(C(=O)O)=C1C,CHEMBL281362
DEC_3345,decoy,NC(=O)c1cc([N+](=O)[O-])cc([N+](=O)[O-])c1N(CCI)CCI,CHEMBL23065
DEC_1472,decoy,Cc1c([N+](=O)[O-])oc2cc3c(cc12)CCCC3,CHEMBL266550
DEC_0943,decoy,CC(NC(=O)c1ccccc1)C1CCC2C3CC=C4CC(O)CCC4(C)C3CCC12C,CHEMBL8446
DEC_2323,decoy,O=C(O)c1ccc(S(=O)(=O)Oc2ccc(-c3ccc(-c4c(Cc5ccccc5)sc5ccccc45)cc3)cc2)cc1O,CHEMBL25368
DEC_3197,decoy,Nc1ncnc(O)c1CCCNc1ccc(C(=O)NC(CCC(=O)O)C(=O)O)cc1,CHEMBL31027
DEC_2573,decoy,CC1(C)C(=O)N(c2ccc(C#N)c(C(F)(F)F)c2)C(=O)N1CCCCN1CCN(CCOCc2ccc(O)c(C(N)=O)c2)CC1,CHEMBL147457
DEC_3246,decoy,CC1(C)CC(=O)C2C(C1)Nc1ccnn1C2c1ccc(F)c(Br)c1,CHEMBL35250
DEC_2434,decoy,CC1=NC(=O)C(CCN(C(C)C)C(C)C)(c2ccccc2)C2CCCCN12,CHEMBL286259
DEC_4055,decoy,CC1CCC(N=Nc2ccccc2C(=O)O)=C2N(C)C=C(C(=O)O)C(=O)N21,CHEMBL14654
DEC_2361,decoy,C=CCN1C[C@H](C(=O)N(CC)CC)C=C2c3cccc4[nH]cc(c34)C[C@H]21,CHEMBL281787
DEC_0921,decoy,CC(C)N(C(=O)[C@H]1CCC2C3CCC4C=C(C(=O)O)C=C[C@]4(C)C3CC[C@@]21C)C(C)C,CHEMBL27862
DEC_2472,decoy,CC(C)(C)c1cc(/C=C/c2ccsc2)cc(C(C)(C)C)c1O,CHEMBL266101
DEC_2605,decoy,Cc1sc2nc(SCCCN3CCN(c4ncccn4)CC3)n(N)c(=O)c2c1C,CHEMBL12177
DEC_0474,decoy,CCCCC[C@H](O)/C=C/C1[C@@H]2C[C@@H](O)[C@H]1C/C=C\CCCC(=O)O2,CHEMBL12642
DEC_3434,decoy,COc1cc2[nH]c(Cc3ccccc3)c(C#N)c2cc1-c1cnco1,CHEMBL23108
DEC_2884,decoy,CN1CCc2cc(N)cc3c2[C@H]1Cc1ccc(O)c(O)c1-3,CHEMBL276042
DEC_1515,decoy,O=c1nc(/N=C/N(c2ccccc2)c2ccccc2)ccn1C1CSC(CO)O1,CHEMBL278480
DEC_4160,decoy,CCOP(=O)(Cc1ccc(-c2nc3ccccc3c(=O)n2C)cc1)OCC,CHEMBL33100
ACT_014,active,Clc1ncccc1-n1cc(CSc2nc3ccccc3o2)nn1,CHEMBL3264704
DEC_3473,decoy,O=c1c2c(oc(O)c1[C@H](c1cccc(NS(=O)(=O)c3ccccc3)c1)C1CC1)CCCCCC2,CHEMBL16580
DEC_0264,decoy,O=C1Nc2ccc(F)c(F)c2C(C#Cc2ccsc2)(C(F)(F)F)O1,CHEMBL276066
DEC_1987,decoy,CCn1c(-c2ccc(O)cc2)c(C)c2ccc(O)cc21,CHEMBL32494
DEC_1458,decoy,[O-][N+]1=Cc2cc(Cl)ccc2CC12CCCCC2,CHEMBL274908
DEC_3056,decoy,CC(=O)OC1CCC2(C)CC3C=C[C@]2(OO3)C1(C)C,CHEMBL285504
DEC_0848,decoy,Cc1oc2c(C)c3oc(=O)cc(C)c3cc2c1CNCCO,CHEMBL6725
DEC_4090,decoy,O=C(Nc1cccc(I)c1)OCCCc1c[nH]cn1,CHEMBL20064
DEC_3475,decoy,CCCCc1c(Cc2ccc(-c3ccccc3-c3nn[nH]n3)cc2)c(C(=O)O)nn1CC(F)(F)F,CHEMBL430535
DEC_4376,decoy,CC(C)(C)Nc1nc(C(F)(F)F)nc2ccc(-c3ccc(O)cc3)cc12,CHEMBL278026
DEC_2732,decoy,Clc1ccc2c(c1)N=C(N1CCNCC1)C(c1ccccc1)=CC2.O=C(O)/C=C/C(=O)O,CHEMBL17145
DEC_3460,decoy,Clc1cc2nc(C3CCNCC3)n(CCCCSc3[nH]cnc4ncnc3-4)c2cc1Cl,CHEMBL19993
DEC_0789,decoy,CNn1cc(C(=O)O)c(=O)c2cc(F)c(N3CCCC(O)C3)cc21,CHEMBL13264
DEC_0214,decoy,C[C@@]1(N2C(=O)c3c(F)c(F)c(F)c(F)c3C2=O)CCC(=O)NC1=O,CHEMBL11150
DEC_2075,decoy,Cn1cncc1CN(Cc1ccc(C#N)cc1)c1ccc(C#N)c(-c2cccc3ccccc23)c1,CHEMBL28770
DEC_1363,decoy,CC[C@]1(c2cccc(N)c2)OC[C@H]([C@@H]2CCCCN2)O1,CHEMBL284633
DEC_2040,decoy,CCCc1ccc(N2CCN(Cc3c[nH]c4ncccc34)CC2)cc1,CHEMBL28833
DEC_0845,decoy,CCO[C@H]1O[C@@H]2O[C@@]3(C)CCC4[C@H](C)CCC([C@H]1C)[C@]42OO3,CHEMBL6635
DEC_0127,decoy,CC1(C)OC(S)=Nc2ccc(-c3cc(F)cc(Cl)c3)cc21,CHEMBL25462
DEC_2613,decoy,COC(=O)CN(Cc1ccccc1O)CC1CN(Cc2ccccc2O)CC(=O)O1,CHEMBL20900
DEC_3175,decoy,NCCCC(NC(=O)c1ccc(NCc2ccc3nc(N)nc(N)c3c2)cc1)C(=O)O,CHEMBL32439
DEC_4074,decoy,Cc1ccc(C(C)/N=c2\c(O)c(O)\c2=N/c2ccc(C#N)cc2)cc1,CHEMBL278535
DEC_2777,decoy,CCCC(=O)Nc1cn(COC)c(C(=O)NCCOc2ccc3nc4c(cc3c2)Cn2c-4cc3c(c2=O)COC(=O)C3(O)CC)n1,CHEMBL312306
DEC_2187,decoy,CSc1sc(C(=N)N)cc1-c1nc(-c2ccc(O)c(C)c2)cs1,CHEMBL433048
DEC_0469,decoy,CC(C)(C)n1cc(C(=O)O)c(=O)c2cc(F)c(N3CC4CC3CN4)cc21,CHEMBL26141
DEC_2183,decoy,CCCCc1ccc2c(c1)-c1nc(C(=O)O)cc(O)c1CS2.NCCO,CHEMBL282108
DEC_2590,decoy,COCCO/C(O)=C1\C(C)=NC(C)=C(C(=O)OCCN2C(=O)c3ccccc3S2(=O)=O)C1c1ccccc1C(F)(F)F,CHEMBL310532
DEC_3165,decoy,CCCS(=O)(=O)Nc1ccc(CCNC[C@H](O)COc2ccc(O)cc2)cc1,CHEMBL276480
DEC_1483,decoy,c1ccc(C2(N3CCCCC3)CCCCC2)cc1,CHEMBL275528
DEC_0094,decoy,C(#CCCc1c[nH]cn1)CCCCc1ccccc1,CHEMBL14811
DEC_1727,decoy,COc1cc2c(cc1OC)-c1cc(Nc3ccc(C)c(Cl)c3Cl)nc(=O)n1CC2,CHEMBL34966
DEC_1765,decoy,COC(=O)[C@H]1[C@H]2C[C@H]3c4[nH]c5ccccc5c4CCN3C[C@@H]2CC[C@@H]1O,CHEMBL31410
DEC_2401,decoy,Cc1cc(CCCCCOc2ccc(C3=NCCO3)cc2Cl)on1,CHEMBL6444
DEC_2765,decoy,CCCC(NC(=O)[C@@H]1[C@H]2CC=C[C@H]2CN1C(=O)[C@@H](NC(=O)[C@@H](NC(=O)c1cnccn1)C(C)C)C(C)C)C(=O)C(=O)N[C@@H](C)CC,CHEMBL84832
DEC_3671,decoy,Cc1ccc(C)n1Nc1ccc(N2CCN(C)CC2)nn1,CHEMBL11613
DEC_1535,decoy,CCOc1ccc(CNc2nc(C#CC(C)(O)CC)nc3c2ncn3C(C)C)cc1,CHEMBL282330
DEC_1723,decoy,Cc1cccc2[nH]c3c(N4CCN(CCc5ccc(F)c(F)c5)CC4)ncnc3c12,CHEMBL26369
DEC_3756,decoy,COc1c2c(c(O)c3c1C(=O)c1c(cc(O)c(C)c1O)C3=O)-c1c(cc(/C=N/N=C(\S)NC(C)C)c(C(=O)O)c1O)CC2,CHEMBL286518
DEC_0218,decoy,CCc1c2c(nc3cnccc13)-c1cc3c(c(=O)n1C2)COC(=O)[C@]3(O)CC,CHEMBL12926
DEC_3034,decoy,O=C1Cc2cc([N+](=O)[O-])c(C3CCCCC3)cc2O1,CHEMBL285763
DEC_0786,decoy,CC1CC(/C=N/c2ccccc2C(=O)O)=C2NC=C(C(=O)O)C(=O)N2C1,CHEMBL23029
DEC_1205,decoy,COc1ccc(CCN(C)CCCOc2ccc(S(=O)(=O)c3ccoc3C(C)C)cc2)cc1OC,CHEMBL34100
DEC_4513,decoy,Nc1nccn1Cc1c2ccccc2c(Cn2ccnc2N)c2ccccc12,CHEMBL283607
DEC_1933,decoy,CO[C@@]12C(COC(N)=O)C3=C(C(=O)C(C)=C(Nc4ccc(I)cc4)C3=O)N1CC1NC12,CHEMBL414876
DEC_3273,decoy,CCOP(=O)(OCC)C(N1CCN(c2cc3c(cc2F)c(=O)c(C(=O)O)cn3C2CC2)CC1)P(=O)(OCC)OCC,CHEMBL305727
DEC_2622,decoy,O=[N+]([O-])O[C@H]1CO[C@H]2[C@@H]1OC[C@H]2N1CCN(CCCSc2ccccc2)CC1,CHEMBL278006
DEC_1370,decoy,Nc1ccc(C23CC(C2)C(=O)N(C2CCCCC2)C3=O)cc1,CHEMBL27467
DEC_0104,decoy,N#Cc1cc(-c2ccc3c(c2)C2(CCCCC2)C(S)=N3)co1,CHEMBL280767
DEC_3278,decoy,COc1ccccc1Oc1c(NS(=O)(=O)c2ccc(C(C)(C)C)cc2)nc(C)nc1OCCOC(=O)c1cccnc1,CHEMBL70781
DEC_1351,decoy,CC(C)(C)C1CSC(C2=CC(=O)C=CC2=[N+]=[N-])SC1,CHEMBL31906
DEC_1232,decoy,COc1ccc(OCCCN(C)CCOc2ccc3c(c2)OCO3)c([C@H]2Sc3ccccc3N(C)C2=O)c1,CHEMBL57684
DEC_1840,decoy,Cc1occc1Sc1cncc2sc(C(N)=O)cc12,CHEMBL267938
DEC_1167,decoy,CC1(C)N=C(N)N=C(N)N1c1ccc2c(c1)CCCC2,CHEMBL33066
DEC_4398,decoy,Cc1cc(Oc2ccc(Cl)cc2CC(=O)O)c(Cl)c(C)c1Cl,CHEMBL287665
DEC_2798,decoy,NS(=O)(=O)c1nc2ccc(OCCOC(=O)CN(CCN(CC(=O)O)c3ccccc3O)c3ccccc3O)cc2s1,CHEMBL32308
DEC_0743,decoy,CNc1cc(NC(=O)OC)ccc1Nc1c2ccc(Cl)cc2nc2c(OC)cccc12,CHEMBL41639
DEC_1945,decoy,Cc1nc(N)ccc1CNC(=O)C1C=CCn2c(=O)n(C(CSc3ccc(F)cc3)C(=O)O)c(=O)n21,CHEMBL32354
DEC_1621,decoy,S=C=Nc1cc(-c2ncon2)ccc1Cl,CHEMBL22169
DEC_2832,decoy,COCc1cc(Br)ccc1Sc1ccccc1CN(C)C,CHEMBL22259
DEC_0227,decoy,O=P(N1CCOCCOCCOCCOCC1)(N1CC1)N1CC1,CHEMBL444262
DEC_2888,decoy,Nc1nc(O)c2ncn(C3CCCc4ccccc43)c2n1,CHEMBL274058
DEC_2426,decoy,CCN(CC)CCC(=O)N1c2ccccc2N2CCc3cccc(c32)C1C,CHEMBL283714
DEC_0243,decoy,CCn1c2cc(N3CCN(C)CC3)c(F)cc2n2c(=O)[nH]c(=O)cc12,CHEMBL28180
DEC_0945,decoy,OC[C@@]12C[C@@H]1[C@@H](n1cnc3c(NC4CCCC4)nc(Cl)nc31)[C@H](O)[C@@H]2O,CHEMBL284216
DEC_3421,decoy,CCCc1cc(F)c2oc(Cc3ccc(OC)cc3)c(C)c2c1O,CHEMBL280055
DEC_1114,decoy,C=C(Cl)CN1C[C@H](OCC23C[C@@H]4[C@H](C)CC[C@H]4C4(C=O)CC2C=C(C(C)C)C34C(=O)O)O[C@H](C)[C@@H](OC)C1,CHEMBL44670
DEC_2925,decoy,CC(=O)O[C@H]1C[C@@]2(O)[C@@H](OC(=O)c3ccccc3)[C@@H]3[C@]4(OC(C)=O)CO[C@@H]4C[C@H](O)[C@@]3(C)[C@@H](O)[C@H](O)C(=C1C)C2(C)C,CHEMBL306363
DEC_0196,decoy,CC(C)(C)Nc1nc2ccc(Cl)cc2c2nc(-c3ccco3)nn12,CHEMBL7582
DEC_1122,decoy,CCCCc1nc2ccn(Cc3cccs3)c(=O)c2n1Cc1ccc(-c2ccccc2-c2nn[nH]n2)cc1,CHEMBL289507
DEC_0517,decoy,Cn1cc(C2=NCC3(CN4CCC3CC4)O2)c2cc(N)ccc21,CHEMBL267076
DEC_4488,decoy,CN1C(=O)CC[C@@]2(C)C1=CCC1C2CC[C@@]2(C)C1CC[C@@H]2N(C)C=O,CHEMBL443995
ACT_080,active,OC[C@H]1O[C@@H](Oc2cc(O)cc([C@H]3c4cc(/C=C/c5cc(O)cc(O)c5)ccc4O[C@@H]3c3ccc(O)cc3)c2)[C@H](O)[C@@H](O)[C@@H]1O,CHEMBL503412
DEC_3404,decoy,CCOC(=O)c1cc2c3cc(-n4ccc(C=O)c4)c(Cl)cc3nc(O)n2n1,CHEMBL267006
DEC_3520,decoy,CC(C)C(=O)N(c1ccc([N+](=O)[O-])cc1)[C@H]1CCC2C3CC[C@H]4N(C)C(=O)CC[C@]4(C)C3CC[C@@]21C,CHEMBL17473
DEC_4495,decoy,CCN(CC)c1nc(C)nc2c1sc(=O)n2-c1c(C)cc(C)cc1C,CHEMBL17897
DEC_2046,decoy,CCCCN1CCC[C@@H]1CNC(=O)c1cc(Cl)cc2c1OCC2,CHEMBL22306
DEC_0972,decoy,NCc1ccn(-c2cc3c(cc2[N+](=O)[O-])[nH]c(=O)c(=O)n3CC(=O)O)c1,CHEMBL12465
DEC_2633,decoy,CO[C@H]1C(=O)N2C(C(=O)C(C)(C)C)=C(CSc3nnc(C)s3)CS(=O)(=O)[C@H]12,CHEMBL278425
ACT_030,active,Cc1onc(-c2ccccc2)c1-c1ccccc1,CHEMBL365033
DEC_0262,decoy,Cn1c([Si](C)(C)C)c(C2=NCC3(CN4CCC3CC4)O2)c2ccccc21,CHEMBL266227
DEC_2167,decoy,CCOC(=O)Nc1cc2c(c(N)n1)N=C(c1ccc(C)cc1C)CN2,CHEMBL422213
DEC_4427,decoy,CN(C)c1cccc(-c2csc(NC(=O)C(=O)O)n2)c1.NCCO,CHEMBL16436
DEC_0657,decoy,Nc1ncnc2ccc([S+]([O-])c3ccc4ccccc4c3)cc12,CHEMBL269589
DEC_0317,decoy,Oc1cc(N[C@H]2CCC[C@H](NCc3ccc(Cl)c(Cl)c3)C2)nc2ccccc12,CHEMBL23496
DEC_1958,decoy,c1ccc2sc(C3(N4CCCC4)CCCC3)cc2c1,CHEMBL280329
DEC_4490,decoy,O=C(OC1CN2CCC1CC2)C1=C/C(=C\c2ccncc2)c2ccccc21,CHEMBL278074
DEC_4041,decoy,CCNC(C)C1CCN(c2cc3c(c(N)c2F)c(=O)c(C(=O)O)cn3C2CC2)C1,CHEMBL15312
DEC_2063,decoy,CN(CCCC(C)(C)N=[N+]=[N-])C1CCC2C3CC=C4C[C@@H](O)CC[C@]4(C)C3CC[C@@]21C,CHEMBL40376
DEC_1568,decoy,FC(F)(F)COc1ccc(Cc2ccc(NC3=NCCN3)cc2)cc1,CHEMBL9345
DEC_2709,decoy,O=C(Cn1c(C2CCNCC2)nc2cc(Cl)c(Cl)cc21)NNC(=O)Nc1ccccc1,CHEMBL281359
DEC_1626,decoy,CC1CC(O)=NN=C1c1ccc(-n2ccnc2)cc1,CHEMBL440593
DEC_2209,decoy,CO[C@H]1Nc2c(ccc(C)c2O)C(=O)N2C=C(/C=C/C(N)=O)C[C@@H]12,CHEMBL279144
DEC_2132,decoy,CSc1sc(-c2ccccn2)c2c1C(=O)CC(C)(C)C2,CHEMBL17698
DEC_4604,decoy,FC(F)(F)Cn1ncnc1-c1ccccc1NCC1=NCCN1,CHEMBL17764
DEC_0777,decoy,CNc1cc(S(=O)(=O)Nc2ccc(N)cc2)cc(Br)n1,CHEMBL23965
DEC_0846,decoy,CO[C@H]1O[C@@H]2O[C@]3(C)CC[C@H]4[C@H](C)CC[C@@H]([C@H]1C)C24OO3,CHEMBL10033
DEC_4595,decoy,CCC(=O)OC1CCn2c1nc1c2C(=O)C(C)=C(N2CC2)C1=O,CHEMBL17753
DEC_1001,decoy,CCCCCCOc1ccc2c3c1OC1C(O)C=CC4C(C2)N(C)CCC341,CHEMBL29548
DEC_0749,decoy,OC[C@@]12C[C@@H]1[C@@H](n1cnc3c(NC4CCCC4)nc(Cl)nc31)C[C@@H]2O,CHEMBL27593
DEC_2353,decoy,CN1C(=O)CC[C@]2(C)C3CC[C@@]4(C)C(CC[C@@]4(O)C#CCCO)C3CCC12,CHEMBL9672
ACT_065,active,CSc1nc2ccccc2n1-c1csc(N)n1,CHEMBL4633930
DEC_4234,decoy,C=C1/C(=C\C=C2/CCCC3(C)C2CCC3[C@@H](C)/C=C/CCC(O)(CC)CC)C[C@@H](O)C[C@@H]1O,CHEMBL36058
DEC_2379,decoy,CC1(C)OC(S)=Nc2ccc(-c3cncc(Br)c3)cc21,CHEMBL25556
DEC_3490,decoy,C=Cc1ccnc2c(NC(C)CCCN)cc(OC)c(Oc3cccc(C(F)(F)F)c3)c12,CHEMBL39208
DEC_1193,decoy,CC(CS)C(=O)N(CC(=O)O)C1CSCCSC1,CHEMBL278993
DEC_2235,decoy,COc1ccc(OC)c2c1C1CC(N=C(N)N)C2O1.O=[N+]([O-])O,CHEMBL12723
DEC_2928,decoy,CO[C@@H]1[C@@H](OC(=O)c2ccc(C)[nH]2)[C@@H](O)[C@H](Oc2ccc3c(N4CC(C)NC(C)C4)cc(=O)oc3c2C)OC1(C)C,CHEMBL284086
DEC_1902,decoy,CCOC(=O)/C=C/C(=O)NCC(=O)N[C@@H]1CC[C@@]2(O)C3Cc4ccc(O)c5c4C2(CCN3CC2CC2)[C@H]1O5,CHEMBL52301
DEC_0464,decoy,CCCc1cc(C#N)ccc1/N=c1\c(O)c(O)\c1=N/[C@H](C)C(C)(C)C,CHEMBL19492
DEC_2760,decoy,CCCC(NC(=O)[C@@H]1[C@H]2CCC[C@H]2CN1C(=O)[C@@H](NC(=O)[C@@H](NC(=O)c1cnccn1)C(C)C)C(C)C)C(=O)C(=O)NC(C)CC,CHEMBL314544
DEC_0986,decoy,NC(C(=O)N[C@@H]1C(=O)N2C(C(=O)O)=C(Cl)CS[C@H]12)c1ccccc1,CHEMBL8867
DEC_4388,decoy,Fc1ccc(-n2cc(C3=CCNCC3)c3cc(C(F)(F)F)ccc32)cc1,CHEMBL276149
DEC_4045,decoy,CCCc1cc(CO)cc(=O)n1Cc1ccc(-c2ccccc2-c2nn[nH]n2)cc1,CHEMBL22860
DEC_1647,decoy,CC1=C2NCC3C(CC[C@@]4(C)C3CC[C@@H]4C(=O)N(c3ccc(Cl)cc3)C3CCCC3)[C@@]2(C)CCC1=O,CHEMBL283123
DEC_4305,decoy,c1cc2c(c(N3CCN(CCC4CCCCC4)CC3)c1)OCCO2,CHEMBL28143
DEC_0501,decoy,OCC1CC(F)C(n2cnc3c(Br)ncnc32)O1,CHEMBL418179
DEC_0720,decoy,COc1cc2ncc(C#N)c(Nc3cccc(Oc4ccccc4)c3)c2cc1OC,CHEMBL30763
DEC_3655,decoy,O=P(O)(O)CN[C@@H](Cc1ccc(-c2ccccc2)cc1)c1nnnn1Cc1ccccc1,CHEMBL290792
ACT_077,active,CCCCNc1cc(C(=O)N2N=C(C)CC2=O)cc(S(N)(=O)=O)c1Oc1ccccc1,CHEMBL5282826
DEC_0495,decoy,CNc1cc(S(=O)(=O)c2ccc(N)cc2)cc(Br)n1,CHEMBL23575
DEC_2491,decoy,CCC1Cc2cc(O)ccc2C2=C1c1ccc(O)cc1CC2CC,CHEMBL414213
DEC_3646,decoy,CCN1C(=O)c2c(nc(OC)n2Cc2ccc(O)c(C#N)c2)N2C[C@@H](Cc3ccccc3)N=C12,CHEMBL23513
DEC_2358,decoy,COC(=O)c1ccc2c(c1)c1c3c(cc4c1n2C(=O)CC4)CNCC3,CHEMBL23945
DEC_0973,decoy,CCCCn1c(=O)[nH]c2[nH]c(-c3ccc(S(=O)(=O)O)cc3)nc2c1=O,CHEMBL268617
DEC_3143,decoy,Cc1ccc(C(c2cc(C)ns2)N2CCN(C)CC2)cc1,CHEMBL22849
DEC_2076,decoy,O=S1(=O)c2cccc3cccc(c23)N1CCN1CCC(Cc2c[nH]c3cccc(F)c23)CC1,CHEMBL275354
DEC_1856,decoy,CCCCCCCC1(C2=NCCN2)COc2ccccc2O1,CHEMBL10229
DEC_2474,decoy,C=CCC1Oc2ccccc2-c2ccc3c(c21)C(C)=CC(C)(C)N3,CHEMBL8639
DEC_1574,decoy,COc1cc(/N=c2\c(O)c(O)\c2=N/C(C)C(C)(C)C)c2ncccc2c1,CHEMBL19122
DEC_2037,decoy,CCCCCCc1nc2c([nH]1)N1C[C@@H](C(C)C)N=C1N(C)C2=O,CHEMBL274965
DEC_2492,decoy,CC[C@@H]1Cc2cc(O)ccc2C2=C1c1ccc(O)cc1C[C@H]2CC,CHEMBL282489
DEC_4183,decoy,CCN(CC)CCNC(=O)c1c2c(cc3oc4ccccc4c(=O)c13)OC(C)(C)C=C2,CHEMBL32527
DEC_3335,decoy,CCN(CC)CC#CCOc1ccc(S(=O)(=O)N(C)c2c(C)cc(Br)cc2C(=O)NO)cc1,CHEMBL277206
DEC_0572,decoy,C[C@@H](O)[C@H]1C(=O)N2C(C(=O)O)=C(S[C@@H]3CN[C@@H](c4ccc(CN=C(N)N)cc4)C3)[C@H](C)[C@H]12,CHEMBL17717
DEC_0226,decoy,CNn1cc(C(=O)O)c(=O)c2cc(F)c(N3CC[N+](C)([O-])CC3)cc21,CHEMBL269231
DEC_1917,decoy,C=C1[C@@H](O)C[C@H](OC(C)=O)[C@@]2(C)[C@@H](OC(C)=O)[C@H](OC(C)=O)C3=C(C)[C@@H](O)C[C@@H]([C@@H](OC(C)=O)[C@H]12)C3(C)C,CHEMBL290599
DEC_0883,decoy,O=C(OC1CN2CCC1CC2)c1cc(Cl)cc2nc[nH]c12,CHEMBL416172
DEC_3208,decoy,CC#C[C@]1(O)CCC2C3CCC4=CC(=O)CCC4=C3C(c3cccs3)CC21C,CHEMBL277163
DEC_1827,decoy,c1ccc2c3ncnc-3c(NC3CCCC3)[nH]c2c1,CHEMBL19305
DEC_0457,decoy,CN(C)S(=O)(=O)c1cc2c(N=O)c(O)[nH]c2c2c1CCCC2,CHEMBL10103
DEC_0462,decoy,CC(/N=c1\c(O)c(O)\c1=N/c1cncc(Br)c1)C(C)(C)C,CHEMBL278299
DEC_1423,decoy,FC(F)(F)Cn1nccc1-c1ccccc1NCC1=NCCN1,CHEMBL277361
DEC_0557,decoy,C[C@@H](O)[C@H]1C(=O)N2C(C(=O)O)=C(S[C@@H]3CN[C@@H](c4ccc(CSC(=N)N)cc4)C3)[C@H](C)[C@H]12,CHEMBL17251
DEC_4061,decoy,CCNCC1CCN(c2c(F)cc3c(=O)c(C(=O)O)cn(C4CC4)c3c2OC)C1,CHEMBL278184
DEC_0366,decoy,CC1(C)OC(S)=Nc2ccc(-c3cc(Br)cc(OC(F)(F)F)c3)cc21,CHEMBL26763
DEC_1190,decoy,Nc1ncc(Cc2ccc(OC(F)(F)F)cc2)c(N)n1,CHEMBL19771
DEC_4251,decoy,Cc1cc(C)c(NC(=O)C(C)(C)CCCCOCc2ccccc2)c2c1CC(C)(C)O2,CHEMBL282071
DEC_4020,decoy,CCc1c(Sc2cc(Cl)cc(Cl)c2)n(COCCO)c(=O)[nH]c1=O,CHEMBL429778
DEC_3806,decoy,CC(C)[C@H]1OC(=O)O[C@@]1(Cn1cncn1)c1ccc(Cl)cc1,CHEMBL275465
DEC_0311,decoy,C=C1/C(=C\C=C2/CCCC3(C)C2CCC3[C@@H](C)OCCCC(C)(C)O)C[C@@H](O)C[C@@H]1O,CHEMBL34066
DEC_0369,decoy,CCN(C)CC#CCCC1(C2(O)c3ccccc3Oc3ccccc32)SCCCS1,CHEMBL287758
DEC_2470,decoy,CCCC[C@@H]1CC2C(CCC3(C)C(=O)CCC23)C2(C)C=CC(=O)C=C12,CHEMBL8417
DEC_0400,decoy,COc1cccc(C2(C)c3cc(C(=O)O)sc3C(=O)c3c2c2ccccc2n3C)c1,CHEMBL14911
DEC_4342,decoy,CCOCCN1c2ccccc2CC1C1=NCCN1,CHEMBL43401
DEC_0380,decoy,CC(=O)[C@@]12OC(C)(c3ccco3)OC1CC1C3CCC4=CC(=O)CC[C@]4(C)C3CC[C@@]12C,CHEMBL13409
DEC_1684,decoy,COC(=O)[C@]1(C)CC[C@]2(C)CC[C@]3(C)C4=CCc5c(cc(OC)c(OC)c5C)[C@]4(C)CC[C@@]3(C)[C@@H]2C1,CHEMBL301411
DEC_2331,decoy,CO/N=C(\COCc1cc(C(F)(F)F)cc(C(F)(F)F)c1)C(CCN1CCN(C)CC1)c1ccc(Cl)c(Cl)c1,CHEMBL310019
DEC_1456,decoy,Cc1cc(C(N)c2ccc(C(C)C)cc2)sn1,CHEMBL277038
DEC_1169,decoy,Nc1nc(Cl)nc2c1ncn2C1CCC(CO)O1,CHEMBL14562
DEC_3887,decoy,CCCCc1oc2ccccc2c1Cc1ccc(-c2ccc(O)cc2)cc1,CHEMBL24141
DEC_3366,decoy,O=C1CSCC(=O)N1CCCCN1CCN(c2nccc3sccc23)CC1,CHEMBL278876
DEC_2237,decoy,CC1CCC(=NNc2ccccc2C(=O)O)c2ncc(C(=O)O)c(=O)n21,CHEMBL15046
DEC_3628,decoy,O=c1ccn([C@@H]2O[C@H](COC(c3ccccc3)(c3ccccc3)c3ccccc3)[C@H]3OC23)c(=O)[nH]1,CHEMBL284119
DEC_2073,decoy,CCCCN(C(C)=O)[S+]([O-])(=NC(=O)N(C(C)=O)c1ccc(Cl)cc1)c1ccc(C)cc1,CHEMBL7546
DEC_3099,decoy,CC(C)c1ccc(C(C)C)c(/N=N/c2ccc(C(=O)O)cc2)c1,CHEMBL13064
ACT_018,active,Cc1nnc(/N=C2\NC(=O)/C(=C/C3CCCCC3)S2)s1,CHEMBL5285514
DEC_3005,decoy,C[C@H]1C(Oc2ccc(C(=O)[O-])cc2)O[C@@H]2O[C@]3(C)CC[C@H]4[C@H](C)CCC1C24OO3.[Na+],CHEMBL283918
DEC_1249,decoy,CN1C(=O)CC[C@]2(C)C3CC[C@@]4(C)C(CC[C@@]4(O)C#CCCCO)C3CCC12,CHEMBL10343
DEC_0381,decoy,COc1ccc2c(c1)OCC1c3cc(O)c(OCc4cccc5ccccc45)cc3OC21,CHEMBL280404
DEC_3186,decoy,N=C(N)c1ccc(OCCCCOc2ccc(C(=N)N)cc2[N+](=O)[O-])c([N+](=O)[O-])c1,CHEMBL430128
DEC_1652,decoy,Cc1nnc2n1-c1sc(C#Cc3ccc(C4CCCCC4)cc3)cc1C(c1ccccc1Cl)=NC2,CHEMBL33857
DEC_3844,decoy,C[C@H]1CN(C(=O)N2Cc3c(C(=O)OC(C)(C)C)ncn3-c3ccc(C(F)(F)F)cc32)CCN1,CHEMBL15052
DEC_3879,decoy,Clc1cc(Cl)cc(-c2nc[nH]c2-c2cc(Cl)cc(Cl)c2)c1,CHEMBL267758
DEC_3230,decoy,CCc1cc2c(s1)Nc1ccc(F)cc1N=C2N1CC(C)N(C)C(C)C1,CHEMBL274043
DEC_1263,decoy,CCCc1cc2ncnc-2c(O)n1Cc1ccc(-c2ccccc2-c2nn[nH]n2)cc1,CHEMBL286253
DEC_1837,decoy,CN[C@@H](C)[C@H]1COC(c2ccccc2)(c2ccccc2)O1,CHEMBL282598
DEC_0665,decoy,CCC[C@H]1OC(=O)O[C@]1(Cn1cncn1)c1ccc(Cl)cc1,CHEMBL10259
DEC_0021,decoy,Cc1cc(-c2noc(C(F)(F)F)n2)cc(C)c1OCCCc1cc(CO)no1,CHEMBL29893
DEC_4329,decoy,CCCN(CCC)C1Cc2cccc3c2N(CC(=O)N3)C1,CHEMBL11979
DEC_0315,decoy,CCOC(=O)c1ccc(N/C(S)=N/c2ccc3c(c2)C(C)=CC(C)(C)N3C)cc1,CHEMBL447228
DEC_0703,decoy,CN(C)CCOc1ccc(C2Oc3cc(O)ccc3-c3sc4cc(O)ccc4c32)cc1,CHEMBL283095
DEC_3531,decoy,O=C(CN1CCN(C2=Nc3ccc(Br)cc3CC=C2c2ccccc2)CC1)c1ccccc1,CHEMBL16963
DEC_0518,decoy,CO[C@H]1C(=O)N2C(C(=O)C(C)(C)C)=C(C)CS(=O)(=O)[C@H]12,CHEMBL274694
DEC_1947,decoy,COC(=O)C(CSc1ccc(C)cc1C)n1c(=O)n2n(c1=O)C(C(=O)NC[C@H]1CC[C@H](N)CC1)C=CC2,CHEMBL291013
DEC_3690,decoy,CN(C)C(=O)c1ccc(NC(=O)N(CCCl)N=O)cc1,CHEMBL273416
DEC_4441,decoy,C#CCN(C1=NCCN1)c1c(Br)cccc1Br,CHEMBL20816
DEC_1404,decoy,Cc1ccc(Sc2cncc3sc(C(=O)N=C(N)N)cc23)cc1,CHEMBL266460
DEC_4624,decoy,CCc1cc2c(Sc3nnc(N)s3)ncnc2s1,CHEMBL6229
DEC_1049,decoy,C/C(=N\O)c1cc2c(Sc3ccc(C)cc3)cncc2s1,CHEMBL262570
DEC_3576,decoy,Cn1c2nccc(C#N)c2c2ncnc(N3CCN(CCc4ccc(F)c(F)c4)CC3)c21,CHEMBL286948
DEC_4294,decoy,C#C[C@]1(O)CCC(C2CCc3cc(OC)ccc3C2)C1(C)C,CHEMBL23683
DEC_1459,decoy,C[C@@H]1CCCCC12OOC1(CCCC[C@@H]1C)OO2,CHEMBL278291
DEC_1470,decoy,Cc1cc(C)nc(NC23CC4CC(CC(C4)C2)C3)n1,CHEMBL19300
DEC_1937,decoy,NC(=O)[C@H](Cc1ccc(O)cc1)NC(=O)[C@@H]1CCN1/C=C1\N=C(c2ccc(Br)cc2)OC1=O,CHEMBL292003
DEC_0796,decoy,O=NN(CCF)C(=O)NC1CC2CCC1C2,CHEMBL12792
DEC_2680,decoy,O=C(Nc1cnccn1)c1c(O)c2cccnc2n(-c2ccccc2)c1=O,CHEMBL14883
DEC_3199,decoy,NCCc1c[nH]cn1.N[C@@H](COCc1ccc(Br)cc1)Cc1c[nH]cn1,CHEMBL18555
DEC_0397,decoy,Cn1cncc1C(c1ccc(C#N)cc1)N1CCC(C#N)=C(c2cccc3ccccc23)C1,CHEMBL30118
DEC_0707,decoy,COC(=O)c1c(C)nc(O)c2c1ccc1nc(Nc3c(Cl)cccc3Cl)n(C)c12,CHEMBL26409
DEC_0344,decoy,CCN1CCCC(NCc2c3ccccc3c(CNC3CCCN(CC)C3)c3ccccc23)C1,CHEMBL27340
DEC_3726,decoy,CN(CC#CCCC1(C2(O)c3ccccc3Oc3ccccc32)SCCCS1)CCCCc1ccccc1,CHEMBL41181
DEC_3268,decoy,COC(=O)C1(c2ccccc2)CCN(CCCNC(=O)C2=C(C)N=C(C)/C(=C(/O)OCCC#N)C2c2ccc([N+](=O)[O-])cc2)CC1,CHEMBL151825
DEC_3370,decoy,CC(C)n1cc(C(=O)O)c(=O)c2c(F)c(F)c(N3CCN(C)CC3)c(F)c21,CHEMBL25531
DEC_2803,decoy,CC(=C/CN1CCOCC1)/C=C/C=C(C)/C=C/C1C(C)CCCC1(C)C,CHEMBL8606
DEC_3432,decoy,CCCc1ccc(Nc2cc(C)nc3ccc4c[nH]nc4c23)cc1,CHEMBL283390
DEC_0695,decoy,CC(C)n1c(=O)c2c(-c3noc(C4CC4)n3)ncn2c2ccccc21,CHEMBL279867
DEC_0673,decoy,Fc1ccc(-c2ncn(CCCN3CCOCC3)c2-c2ccncn2)cc1,CHEMBL279587
DEC_1460,decoy,Cc1cccc(NC23CC4CC(CC(C4)C2)C3)n1,CHEMBL279076
DEC_3235,decoy,CN1CCC(O)(c2nc(-c3ccc(F)cc3)c(-c3ccncc3)s2)CC1,CHEMBL280524
DEC_3775,decoy,CCc1ccc(C(c2sncc2C)N2CCN(CCO)CC2)cc1,CHEMBL25330
DEC_1891,decoy,CCCN(CCC)C1Cc2c[nH]c3ccc(C(C)=O)c(c23)C1,CHEMBL276031
DEC_3773,decoy,OC(c1ccc(F)cc1)(c1cncnc1)c1cccc(F)c1,CHEMBL28753
DEC_0984,decoy,O=C(O)Cc1cccc2c1Cc1c-2nc(O)c2nc(CP(=O)(O)O)cn12,CHEMBL278615
DEC_4468,decoy,CCN1c2ccccc2N(C(=O)CN(C)C)c2ccccc2S1(=O)=O,CHEMBL27291
DEC_1656,decoy,CC(C)(C)c1ccc(C2=Cc3ccc(NC(=O)Nc4ccc(Cl)cc4Cl)cc3C3=NCCCN23)cc1,CHEMBL268016
DEC_3877,decoy,CC(C)CCCC(C)[C@H]1CCC2C3CC=C4NC(=O)CC[C@]4(C)C3CC[C@@]21C,CHEMBL283508
DEC_2182,decoy,Cc1c(NC(=O)COc2ccc3ccccc3c2)ccc2nc(N)nc(N)c12,CHEMBL7490
DEC_1850,decoy,CCCCc1nc(NCc2ccncc2)c2sccc2n1,CHEMBL30406
DEC_4112,decoy,CO/N=C(\C)c1ccc(Sc2cc(F)cc([C@@]3(OC)CCO[C@@H](C)C3)c2)cc1,CHEMBL278364
DEC_0481,decoy,Cc1ccc(C(c2cc(C)ns2)N2CCN(C)CC2)c(C)c1,CHEMBL25162
DEC_2607,decoy,CCc1cc2c(=O)n(N)c(SCCCN3CCN(c4ncccn4)CC3)nc2s1,CHEMBL416707
DEC_0158,decoy,Cc1c(CCc2cccc3ccccc23)cnc2nc(N)nc(N)c12,CHEMBL23374
DEC_0453,decoy,OC1CCCCC1N1CCC(C2CCN(C3CCCCC3O)CC2)CC1,CHEMBL20429
DEC_1776,decoy,Oc1ccc2c(c1)OC[C@H](N1CCC(O)(c3ccc(F)cc3)CC1)[C@@H]2O,CHEMBL17833
DEC_0383,decoy,COc1cc2c(cc1OC)[C@H]1C(=O)c3ccc4c(c3O[C@@H]1CO2)Cc1cc(C(C)C)oc1C4,CHEMBL297612
DEC_0482,decoy,Nc1nc(N)c2c(n1)CCC(Cc1cccc(OC(F)(F)F)c1)C2,CHEMBL266024
ACT_059,active,O=C(/C=C/C1=Cc2c(ccc3ccccc23)OC1)c1ccc([N+](=O)[O-])cc1,CHEMBL4437518
DEC_1705,decoy,Cc1nc(-c2cccs2)ncc1C(=O)N1CCC(N2C(=O)OCc3ccccc32)CC1,CHEMBL31665
DEC_1786,decoy,C[C@](O)(CO)c1cc2c3c(ccc2o1)[C@@H]1COc2cc(O)ccc2[C@@H]1O3,CHEMBL7054
DEC_4438,decoy,CC(CN1CCN(c2ccc(F)cc2)CC1)Cn1c(=O)oc2ncccc21,CHEMBL23749
DEC_0073,decoy,CCCc1cc(OC)c(CC(C)N)cc1OC,CHEMBL8569
DEC_2670,decoy,CC1Cc2cc3c(cc2C(c2ccc(N)cc2)=NN1C(=O)CN(C)C)OCO3,CHEMBL266244
DEC_0425,decoy,O=C(O)C1CN(CCCP(=O)(O)O)CCN1,CHEMBL22304
DEC_1741,decoy,O=C1O[C@H](c2ccc(Cl)cc2)[C@](Cn2cncn2)(c2ccc(Cl)cc2Cl)O1,CHEMBL10394
DEC_1931,decoy,CO[C@@H]1[C@@H](OC(=O)c2ccc(C)[nH]2)[C@@H](O)[C@H](Oc2ccc3c(N4CCN(C)CC4)cc(=O)oc3c2C)OC1(C)C,CHEMBL36572
DEC_0892,decoy,c1ccc2c(C3=NCC4(CN5CCC4CC5)O3)csc2c1,CHEMBL274378
DEC_3599,decoy,CON=C1CCN(c2nc3c(cc2F)c(=O)c(C(=O)O)cn3-c2ccc(F)cc2F)CC1,CHEMBL29176
DEC_4140,decoy,CC(C)c1cccc(C(C)C)c1OS(=O)(=O)NC(=O)OC1CCCCC1,CHEMBL21437
DEC_3489,decoy,CCc1cc(NCc2ccc(-c3ccccc3-c3nn[nH]n3)cc2)c(Br)c(CC)n1,CHEMBL32649
DEC_2960,decoy,COc1cc2c(cc1OCCCOc1cc3c(cc1OC)C(=O)N1CC(=C(F)F)C[C@H]1C=N3)N=C[C@@H]1CC(=C(F)F)CN1C2=O,CHEMBL185495
DEC_3169,decoy,CS(=O)(=O)Nc1ccc(CCNC[C@H](O)COc2ccc(O)cc2)cc1,CHEMBL12188
DEC_2454,decoy,C=CCC1Oc2cccc(C=C)c2-c2ccc3c(c21)C(C)=CC(C)(C)N3,CHEMBL267940
DEC_1548,decoy,Cc1cccc(C)c1OCC(C)NC(=O)C1CC(C)(C)NC1(C)C,CHEMBL278511
DEC_4318,decoy,O=NN(CCCl)C(=O)NC1(C(=O)O)CCCC1,CHEMBL12922
DEC_1636,decoy,COc1oc(=O)c2cc(N=C=O)ccc2c1Cl,CHEMBL275169
DEC_3367,decoy,CC[C@@]1(O)C(=O)OCc2c1cc1n(c2=O)Cc2cc3c(CN(C)C)cccc3nc2-1,CHEMBL10391
DEC_4223,decoy,O=C(O)COc1cccc2c1CCCC2CCCOC(c1ccccc1)c1ccccc1,CHEMBL266622
DEC_2072,decoy,Cn1cncc1CN(Cc1cccc(C#N)c1)c1ccc(C#N)c(-c2cccc3ccccc23)c1,CHEMBL27843
DEC_1253,decoy,O=C1CCC/C=C\C[C@@H]2C(/C=C\[C@@H](COc3ccccc3)O1)[C@H](O)C[C@@H]2O,CHEMBL273730
DEC_4404,decoy,Cn1c(-c2c(Cl)cc(O)cc2Cl)cc2c(Cl)cc(O)cc21,CHEMBL15840
DEC_3794,decoy,CCC(=O)N(c1ccc(Cl)c(Cl)c1)C1CCCC1O,CHEMBL279288
DEC_0952,decoy,COc1c(N2CCC(N)CC2)c(F)c(N)c2c(=O)c(C(=O)O)cn(C3CC3)c12,CHEMBL14714
DEC_0931,decoy,CC(C)(C)Nc1nc(C(F)(F)F)nc2ccc(-c3ccc(Cl)cc3Cl)cc12,CHEMBL277977
DEC_4264,decoy,C[C@@]12Cc3ccccc3C[C@@H](N1)c1ccc(Br)cc12,CHEMBL279032
DEC_0467,decoy,O=C1C=CC2C3Cc4ccc(O)c5c4C2(CCN3CC2CC2)C1O5,CHEMBL29772
DEC_3882,decoy,C=CCC1Oc2cccc(OCC)c2-c2ccc3c(c21)C(C)=CC(C)(C)N3,CHEMBL8026
DEC_0602,decoy,CN1C(=O)CC[C@]2(C)C3CC[C@@]4(C)C(CC[C@@]4(O)C#CCCCCl)C3CCC12,CHEMBL268748
DEC_4589,decoy,CCOC(=O)C1CCC(NC(=O)N(CCCl)N=O)CC1,CHEMBL12919
DEC_1874,decoy,Cc1c[nH]c(Cc2ccc(OCC(O)CNC(C)(C)C)cc2)n1,CHEMBL11362
DEC_0375,decoy,O=C1NC(=O)C(CC#Cc2ccc(Cl)cc2)(Sc2ccc3ccccc3n2)S1,CHEMBL273223
DEC_1862,decoy,C=CCOC1(C(F)(F)F)OC(=O)Nc2ccc(F)c(F)c21,CHEMBL275644
DEC_2420,decoy,CC(C)N(CC[C@]1(c2ccccc2)C(=O)N(C)CN2CCCC[C@@H]21)C(C)C,CHEMBL279945
DEC_2874,decoy,CC(/N=c1\c(O)c(O)\c1=N/c1ccncc1)C(C)(C)C,CHEMBL18519
DEC_0817,decoy,CC(N)C(O)COc1cccc2ccccc12,CHEMBL281013
DEC_0060,decoy,C[S+]([O-])CCCCCCCCn1ccnc1,CHEMBL15301
DEC_3903,decoy,C=CCOc1ccc2c(c1)Oc1ccccc1C(CC)=C2c1ccc(O)cc1,CHEMBL14744
DEC_2556,decoy,CC(C)C[C@@H]1OC(=O)C(C)(C)CNC(=O)[C@@H](COCc2ccccc2)NC(=O)/C=C/C[C@@H]([C@H](C)/C=C/c2ccccc2)OC1=O,CHEMBL86812
ACT_005,active,CC(C)[C@]12O[C@H]1[C@@H]1O[C@]13[C@]1(O[C@H]1C[C@H]1C4=C(CC[C@@]13C)C(=O)OC4)[C@@H]2O,CHEMBL463763
DEC_4245,decoy,Cc1cc(C)cc(-c2[nH]c3ccccc3c2CCNCCCCc2ccc3c(c2)CCCC3)c1,CHEMBL11623
DEC_4319,decoy,CSc1ncnc2c1ncn2C1CCC(CO)O1,CHEMBL290415
DEC_1224,decoy,COc1cccc(-c2c(C)n(Cc3c(F)cccc3F)c(=O)n(C[C@@H](C)NCc3nccs3)c2=O)c1F,CHEMBL280664
DEC_2964,decoy,CCCc1nc(SC)c(C(=O)CC#N)n1Cc1ccc(-c2ccccc2S(=O)(=O)NC(=O)NCc2ccccc2)cc1,CHEMBL85075
DEC_4526,decoy,CC(=O)Nc1cccc2ccc(S(=O)(=O)Nc3onc(C)c3C)cc12,CHEMBL25977
DEC_1530,decoy,CC/C=C/CC(=O)O[C@H](CC=C(C)C)C1=CC(=O)c2c(O)ccc(O)c2C1=O,CHEMBL266603
DEC_4502,decoy,COc1cc2c(cc1OC)[C@@H]1C[C@@H]3C[C@H](OC(C)=O)CC[C@@H]3CN1CC2,CHEMBL280810
DEC_2345,decoy,COc1ccc(N(C(=O)CN2C(=O)C(Cc3csc4ccccc34)C(=O)N(c3ccccc3)c3ccccc32)C(C)C)cc1,CHEMBL90936
DEC_0772,decoy,CCn1cc(C(=O)O)c(=O)c2c(O)c(F)c(N3CCNC(C)C3)c(F)c21,CHEMBL15287
DEC_4059,decoy,O=c1cnn(-c2ccc(Sc3ccc(Cl)cc3)c([N+](=O)[O-])c2)c(=O)[nH]1,CHEMBL27023
DEC_1364,decoy,CC1(C)C=C(n2ccc(C#N)c2)c2cc(C#N)ccc2O1,CHEMBL287985
DEC_4001,decoy,CCCCc1nc(NCc2ccc(OC)cc2)c2sccc2n1,CHEMBL31715
DEC_2058,decoy,CCN(c1nc(C)cc(-c2ccccc2[N+](=O)[O-])n1)c1ccc(C(C)C)cc1Br,CHEMBL10125
ACT_027,active,CC(C)=CCC1C(=O)C(C(=O)CC(C)C)=C(O)C(O)(CC=C(C)C)C1=O,CHEMBL512227
DEC_3617,decoy,Nc1ncnc2c1ncn2CC(O)CN1CCN(C(c2ccccc2)c2ccccc2)CC1,CHEMBL431485
DEC_1196,decoy,CCCCN(Cc1ccc(-c2ccccc2-c2nn[nH]n2)cc1)c1ncnc2c1nc([S+](C)[O-])n2C,CHEMBL51987
DEC_3462,decoy,COc1cc(NC(C)CCCN)c2ncc(C)cc2c1Oc1ccc(F)c(C(F)(F)F)c1,CHEMBL262716
DEC_2305,decoy,Cc1noc(NS(=O)(=O)c2ccccc2-c2ccc(-c3ncco3)cc2CN(C)C(=O)c2cc3ccccc3n2C)c1C,CHEMBL281977
DEC_0814,decoy,C=C(c1ccccc1OCCC)n1ccnc1,CHEMBL26722
DEC_2687,decoy,CCn1cc(C(=O)O)c(=O)c2cc(F)c(N3CCC(N)C3)c(OC)c21,CHEMBL15465
DEC_2086,decoy,CCN(c1nc(C)cc(-c2ccccc2C)n1)c1ccc(C(C)C)cc1Br,CHEMBL268043
DEC_4299,decoy,CC12C=CC(=O)C=C1CCC1C2CCC2(C)C(=O)CCC12,CHEMBL8512
DEC_0839,decoy,O=C(O)c1ccccc1OCCn1ccnc1,CHEMBL33514
ACT_095,active,COc1ccc(O)c(O)c1/C=C1\[C@@H](C)CC[C@H]2C(C)(C)CCC[C@]12C,CHEMBL456619
DEC_4433,decoy,CC(C)[C@H](NC(=O)[C@@H](S)Cc1ccccc1)C(=O)N1CC(O)CC1C(=O)O,CHEMBL418738
DEC_1960,decoy,C=Cc1sc2ccc(Cl)c3c2c1CN(C)CC3,CHEMBL25467
DEC_4235,decoy,O=C(O)CCCCCNC(=O)N(Cc1ccc2ccccc2c1)Cc1cccc2ccccc12,CHEMBL8825
DEC_3735,decoy,CCc1cc(Oc2cccc(N(Cc3cc(C(F)(F)F)ccc3F)C[C@@H](O)C(F)(F)F)c2)ccc1Cl,CHEMBL440128
DEC_3027,decoy,CCCC1C(=O)N2C=CSC2N(CCC)C1=O,CHEMBL29534
DEC_3053,decoy,CCCCC1(C2=NCCN2)COc2ccccc2O1,CHEMBL9803
DEC_0421,decoy,NC(CCC(=O)N1CSCC1C(=O)O)C(=O)O,CHEMBL7596
DEC_3359,decoy,COc1cnc(C[S+]([O-])c2nc3cc4c(cc3[nH]2)OC(F)(F)O4)cc1OC,CHEMBL9768
DEC_1211,decoy,CCCCCCC[C@H]1OC(=O)C[C@H](OCOC)[C@H](Cc2ccccc2)N(C)C(=O)[C@H](C(C)C)OC(=O)[C@H]1C,CHEMBL288124
DEC_1153,decoy,O=P1(NCCCl)OCCC(O)N1CCCl,CHEMBL733
DEC_0799,decoy,O=NN(CCCl)C(=O)NC1C=CCCC1,CHEMBL274127
DEC_0286,decoy,CC(C)CCN(C1=NCCN1)c1c(Br)cccc1Br,CHEMBL20907
DEC_0645,decoy,Cc1cc(F)ccc1-c1nc(N(C(N)=O)c2c(F)cc(F)cc2F)c2ncn(C)c2n1,CHEMBL18304
DEC_3943,decoy,CC(C)C1(c2ccc(N)cc2)CCC(=O)NC1=O,CHEMBL282573
DEC_4075,decoy,Nc1ccccc1C[S+]([O-])c1nc2cc(C(F)(F)F)ccc2[nH]1,CHEMBL20309
DEC_1034,decoy,CCCN(C/C=C/I)C1CCc2cccc(O)c2C1,CHEMBL284716
DEC_1697,decoy,CC#C[C@]1(O)CCC2C3CCC4=CC(=O)CCC4=C3C(c3ccc(F)cc3)CC21C,CHEMBL16906
DEC_2866,decoy,C/N=C(/NC#N)C1=CC(C)(C)Oc2ccc(C#N)cc21,CHEMBL13613
DEC_3172,decoy,CNC(=O)[C@@H](NC(=O)[C@H](CC(C)C)[C@@H](C(=O)NO)C1CCSC1)C(C)(C)C,CHEMBL29934
DEC_3410,decoy,C=CCC1Oc2cccc(O)c2-c2ccc3c(c21)C(C)=CC(C)(C)N3,CHEMBL266709
DEC_2053,decoy,CC(C)O/N=C(\OC(=O)c1ccc(C(=O)C(C)(C)C)cc1)c1ccc(C(=O)C(C)(C)C)cc1,CHEMBL289700
DEC_4316,decoy,CCc1nc2c([nH]1)N(CC(C)C)C1=NCCN1C2=O,CHEMBL279851
DEC_4499,decoy,CC1CCC(=NNc2c(Cl)cccc2Cl)c2ncc(C(=O)O)c(=O)n21,CHEMBL14072
DEC_1921,decoy,CCN1C(C(=O)N[C@@H](Cc2ccccc2)C(=O)C(=O)NC(C)C)Cc2cc3c(cc2S1(=O)=O)OCCO3,CHEMBL266807
DEC_4628,decoy,O=C(O)c1ccc2oc3ccc(S(=O)(=O)O)cc3c(=O)c2c1,CHEMBL279456
DEC_2070,decoy,CC(C)N(C(=O)[C@H]1CCC2C3CCC4C=C(S(=O)(=O)O)C=C[C@]4(C)C3CC[C@@]21C)C(C)C,CHEMBL24825
DEC_1071,decoy,CC1=CC(C)(C)Nc2cc3oc(=O)cc(C(F)(F)F)c3cc21,CHEMBL6441
DEC_3659,decoy,O=C1c2nc[nH]c2N(CC2CCCCC2)C2=NCCN12,CHEMBL19135
DEC_3142,decoy,CN1C2CCC1CC1(CN=C(c3cn(C)c4ccccc34)O1)C2,CHEMBL8413
DEC_3990,decoy,Cc1cc(CCCCCOc2ccc(C3=NC(C)CO3)cc2)on1,CHEMBL280723
DEC_1642,decoy,CN(C)CCSc1nccc(-c2ccco2)n1,CHEMBL20542
DEC_2478,decoy,SC1=Nc2ccc(-c3cccc(Cl)c3)cc2C12CCC2,CHEMBL25261
DEC_4547,decoy,CCCC(=O)Nc1ccc(-c2nc3n(Cc4ccccc4F)cc(C(=O)OCC)c(=O)n3c2CN(C)CCc2ccccn2)cc1,CHEMBL71141
DEC_1629,decoy,CCCc1cc2c(c(Br)c1O)CCO2,CHEMBL7477
DEC_0443,decoy,Nc1ccc(S(=O)(=O)NCC(=O)O)cc1,CHEMBL285053
DEC_2094,decoy,Cn1cncc1CN(Cc1ccccc1)c1ccc(C#N)c(-c2cccc3ccccc23)c1,CHEMBL29645
DEC_3187,decoy,CNC(=O)[C@@H](NC(=O)[C@H](CC(C)C)[C@@H](C(=O)NO)C1CCCC1)C(C)(C)C,CHEMBL29976
DEC_2485,decoy,CC1(C)OC(S)=Nc2ccc(-c3cccc(Cl)c3)cc21,CHEMBL24380
DEC_0163,decoy,Cc1c(CSc2cccc3ccccc23)cnc2nc(N)nc(N)c12,CHEMBL23584
DEC_1777,decoy,Nc1nc(N)c2c(S(=O)(=O)c3ccc4ccccc4c3)cccc2n1,CHEMBL6693
DEC_0359,decoy,CCN(c1nc(C)cc(-c2ccccc2C#N)n1)c1ccc(C(C)C)cc1Br,CHEMBL266617
DEC_2557,decoy,CC(C)CCN(C[C@@H](O)[C@@H]1Cc2ccc(cc2)OCCCCCC(=O)N[C@@H](C(C)C)C(=O)N1)S(=O)(=O)c1ccccc1,CHEMBL295464
DEC_1700,decoy,CC(=O)S[C@@H]1CC2=CC(=O)[C@@H]3C[C@@H]3C2(C)C2CCC3(C)C(C21)[C@H]1C[C@H]1[C@@]31CCC(=O)O1,CHEMBL432069
DEC_4463,decoy,CC(=O)NCC1CN(c2ccc(C(C)=O)c(Br)c2)C(=O)O1,CHEMBL417261
DEC_2112,decoy,CCCCC[C@@H]1/C=C\C2CCC(=O)[C@@H]2C/C=C\CCCC(=O)O1,CHEMBL12061
DEC_3009,decoy,CC1(C)[C@H](C(=O)O)N2C(=O)[C@@H](Cc3cn(-c4ccc(O)cc4)nn3)[C@H]2S1(=O)=O,CHEMBL6281
DEC_3687,decoy,CC(/N=c1\c(O)c(O)\c1=N/c1ccccc1C#N)C(C)(C)C,CHEMBL18680
DEC_1239,decoy,CCCc1nc(-n2ccc(C(=O)OC)c2C)c(C(=O)OC)n1Cc1ccc(-c2ccccc2-c2nn[nH]n2)cc1,CHEMBL76330
DEC_1906,decoy,CO/N=C(\C(=O)N[C@@H]1C(=O)N2C(C(=O)O)=C(Sc3ncc(C(F)(F)F)s3)CC[C@H]12)c1csc(N)n1,CHEMBL307737
DEC_4276,decoy,Brc1cccc(SC2CN3CCC2CC3)c1,CHEMBL25587
DEC_1302,decoy,COc1cc(CC(C)NCC2CC2)c(OC)cc1I,CHEMBL273603
DEC_0485,decoy,CC1(C)C[C@H]2[C@@H]3OC(C)(C)O[C@@H]3CC[C@@]2(COS(N)(=O)=O)C1,CHEMBL26585
DEC_2088,decoy,CCCSC1=Nc2ccccc2S(=O)(=O)N1Cc1ccc(-c2ccccc2C(=O)O)cc1,CHEMBL274574
DEC_1617,decoy,COc1cc(CC(C)N)c(SC)cc1OC,CHEMBL31077
DEC_2811,decoy,C1=C(c2ccccc2)C(N2CCN(c3ccccc3)CC2)=Nc2ccccc2C1,CHEMBL17072
DEC_2933,decoy,COc1cc([C@@H]2c3cc4c(cc3[C@@H](O[C@@H]3O[C@@H]5CO[C@@H](C)O[C@H]5[C@H](O)[C@H]3O)[C@H]3COC(=O)[C@H]23)OCO4)cc(OC)c1O,CHEMBL44657
DEC_1233,decoy,C=C1C(=O)O[C@@H]2CC(C)=C([C@@H](C)CCCOC(C)=O)[C@H](OC(=O)/C(Cc3ccccc3)=N/OCCCC)[C@H]12,CHEMBL274073
DEC_2889,decoy,Cc1cncc2c1CN[C@@H]1CCc3cc(O)c(O)cc3[C@@H]21,CHEMBL282136
DEC_3615,decoy,O=C1[C@@H](NS(=O)(=O)c2ccc(-c3ccncc3)s2)CCN1Cc1cc2[nH]cccc-2n1,CHEMBL8433
DEC_2178,decoy,Nc1nc(N)c2cc(CNC(=O)Cc3ccc(Cl)c(Cl)c3)ccc2n1,CHEMBL267617
DEC_3014,decoy,COC(=O)Cc1c(O)n(Cc2ccccc2)c2nc3c(c(=O)n(C)c(=O)n3C)n2c1=O,CHEMBL417075
DEC_0728,decoy,COC(=O)c1cc(Nc2ccc(F)cc2)c(Nc2ccc(F)cc2)cc1C(=O)OC,CHEMBL8091
DEC_1808,decoy,O=NN(CCCl)C(=O)NC1C2CC3CC(C2)CC1C3,CHEMBL12424
DEC_0554,decoy,C[C@@H](O)[C@H]1C(=O)N2C(C(=O)O)=C(S[C@@H]3CN[C@@H](c4ccc(CNCC(N)=O)cc4)C3)[C@H](C)[C@H]12,CHEMBL17033
DEC_2271,decoy,c1cc(CSc2ccc3ccccc3n2)cc(-c2nnn(CCCCc3nnn[nH]3)n2)c1,CHEMBL18922
DEC_1767,decoy,Nc1nc(O)c2c(S(=O)(=O)c3ccc4ccccc4c3)cccc2n1,CHEMBL269511
DEC_0276,decoy,O=C1O[C@H](c2ccc(Cl)cc2)[C@@](Cn2cncn2)(c2ccc(Cl)cc2)O1,CHEMBL10531
DEC_0470,decoy,CCc1cc(Br)ccc1C/N=c1\c(O)c(O)\c1=N/C(C)(C)C,CHEMBL281629
DEC_1476,decoy,C=C1C(=O)c2ccccc2SC1c1ccccc1,CHEMBL273268
DEC_2863,decoy,NS(=O)(=O)c1cc2c(N=O)c(O)[nH]c2c2c1CCCC2,CHEMBL9804
DEC_2302,decoy,CN(C)CCO/N=C(\c1ccn2c1CS[C@@H]2c1cccnc1)c1cn(C(=O)N(C)C)c2cc(-c3ccc(F)cc3)ccc12,CHEMBL329498
DEC_4423,decoy,Nc1nc(NCCc2ccccc2)nc2c1ncn2C1CC(O)C(O)C1O,CHEMBL278932
DEC_0546,decoy,CCOc1ccc2c3c1OC1C(O)C=CC4C(C2)N(C)CCC341,CHEMBL25918
DEC_3001,decoy,COC12[C@@H]3N[C@@H]3CN1C1=C(C(=O)C(N3CCCCC3)=C(C)C1=O)[C@@H]2COC(N)=O,CHEMBL35959
DEC_0923,decoy,Cc1ccc(-c2ccc(C(=O)O)cc2)cc1-c1ccc2c(c1)C(C)(C)CCC2(C)C,CHEMBL27226
DEC_4293,decoy,NC(=O)c1cc2c(Sc3ccccc3)cncc2s1,CHEMBL267456
DEC_3664,decoy,CC1(C)N=C(N)N=C(N)N1c1cccc(Br)c1,CHEMBL268088
DEC_0256,decoy,CC(C)N(C=O)[C@H]1CCC2C3CC[C@H]4N(C)C(=O)CC[C@]4(C)C3CC[C@@]21C,CHEMBL17268
DEC_2067,decoy,CC(=O)[C@@]12OC(C)(c3ccc(N)cc3)O[C@@H]1CC1C3CCC4=CC(=O)CC[C@]4(C)C3CC[C@@]12C,CHEMBL266860
DEC_2718,decoy,N=C(N)c1ccc(CN(NS(=O)(=O)c2ccc3ccccc3c2)C(=O)N2CCCCCC2)cc1,CHEMBL288862
DEC_2841,decoy,Cc1cc(C(O)(c2ccc(C(C)C)cc2)C2CCN(C)CC2)sn1,CHEMBL277687
DEC_0693,decoy,Nc1ncnc2ccc(S(=O)(=O)c3ccc4ccccc4c3)cc12,CHEMBL7104
DEC_3013,decoy,CO[C@H]1C(=O)N2C(C(=O)c3ccccc3)=C(C)C(Sc3nnnn3C)S(=O)(=O)[C@H]12,CHEMBL14737
DEC_0660,decoy,O=C1O[C@H](c2ccc(F)cc2)[C@@](Cn2cncn2)(c2ccc(F)cc2)O1,CHEMBL273497
DEC_0738,decoy,CC1(C)CC(=O)c2c(SSc3nccs3)sc(-c3cc[nH]n3)c2C1,CHEMBL17424
DEC_2658,decoy,CN1CC2(CCN(CC(O)C3COc4ccccc4O3)CC2)OC1=O,CHEMBL28274
DEC_1664,decoy,Cc1c(C(=O)N(C)C2CCCCC2)nn(-c2ccc(Cl)cc2Cl)c1-c1ccc(Cl)cc1,CHEMBL15478
DEC_1174,decoy,CCN(CC)c1ccc2c(c1Cl)CN1CC(=O)NC1=N2,CHEMBL31491
DEC_2177,decoy,Nc1nc(N)c2cc(CNC(=O)c3ccc(Cl)c(Cl)c3)ccc2n1,CHEMBL7427
DEC_2688,decoy,NCC1CCCN(c2c(F)cc3c(=O)c(C(=O)O)cn(C4CC4)c3c2N)C1,CHEMBL15345
DEC_3363,decoy,CCCc1cc(=O)oc2c3c(c4c(c12)OC(C)(C)C=C4)OC[C@H](C)C31OCOCO1,CHEMBL7652
DEC_1208,decoy,CCC1(CC)OCC([C@@H](CS(=O)(=O)c2ccc(Oc3ccc(OC(F)(F)F)cc3)cc2)N(O)C=O)O1,CHEMBL75464
ACT_054,active,CN(C)c1cccc2c(S(=O)(=O)NCCNS(=O)(=O)c3ccc(C4=C(c5ccc(Cl)cc5)C(=O)OC4)cc3)cccc12,CHEMBL2315325
DEC_2179,decoy,Cc1cc(Nc2ccc(SCC(=O)O)cc2)c2c(ccc3c[nH]nc32)n1,CHEMBL286265
DEC_3580,decoy,CC(=O)N1CCN(c2cc3c(cc2F)c(=O)c(C(=O)O)c2sc4ccccc4n23)CC1,CHEMBL39697
DEC_1706,decoy,Cc1ccccc1-c1cc(C(O)(C#Cc2ccccc2)c2cncn2C)ccc1C#N,CHEMBL24822
DEC_3337,decoy,C[C@H](CO)NC1CC(=O)N([C@H]2CC3CC[C@]2(CS(=O)(=O)N2CCC4(CCc5ccccc54)CC2)C3(C)C)C1=O,CHEMBL20757
DEC_4365,decoy,O=C1Nc2ccc(Cl)cc2C(C#Cc2ccsc2)(C(F)(F)F)O1,CHEMBL17627
DEC_1529,decoy,C/C=C/C=C/C(=O)O[C@H](CC=C(C)C)C1=CC(=O)c2c(O)ccc(O)c2C1=O,CHEMBL9148
DEC_4498,decoy,CCN(CC)C(=O)Cn1c2ccccc2c2c(C)c3cnccc3c(C)c21,CHEMBL282970
DEC_0118,decoy,c1ccc2sc(C3(N4CCCCC4)CCCCC3)cc2c1,CHEMBL279556
DEC_4040,decoy,C=CCOc1ccc(-c2ccc(N3CC(CNC(C)=O)OC3=O)cc2)ccc1=O,CHEMBL6918
DEC_1806,decoy,O=Nc1c(O)[nH]c2c3c(c([N+](=O)[O-])cc12)CCCC3,CHEMBL9750
DEC_1692,decoy,Cc1c(C(=O)NC2CCCCC2)nn(-c2ccc(Cl)cc2Cl)c1-c1ccc(Br)cc1,CHEMBL34201
DEC_0668,decoy,CSc1c(Cl)nc(N2CCN(C)CC2)nc1NC(C)(C)C,CHEMBL284682
DEC_0145,decoy,CCC[C@H]1CC2C(CCC3(C)C(=O)CCC23)C2(C)C=CC(=O)C=C12,CHEMBL8333
DEC_0161,decoy,CC1(C)Oc2ccc(C#N)cc2[C@H](N(Cc2ncco2)c2ccccc2)[C@H]1O,CHEMBL268271
DEC_3357,decoy,Cc1cc(C)c2c(c1)COP(=O)(OCC1C=CC(n3cc(C)c(=O)[nH]c3=O)O1)O2,CHEMBL31131
DEC_0613,decoy,CC(C)NC(=O)N(C(=O)[C@H]1CCC2C3CCC4NC(=O)CC[C@]4(C)C3CC[C@@]21C)C(C)C,CHEMBL278860
DEC_4368,decoy,O=C1NCc2c1c1c3ccccc3n3c1c1c2c2ccccc2n1CSC3,CHEMBL26872
DEC_0740,decoy,COc1cc(NS(C)(=O)=O)ccc1Nc1c2ccccc2nc2c1oc1ccccc12,CHEMBL280764
DEC_1044,decoy,CC(=O)O/N=C(\C)c1ccc(Sc2cc(F)cc(C3CCOCC3)c2)cc1,CHEMBL28275
DEC_1729,decoy,Clc1ccc([C@H]2OCO[C@]2(Cn2cncn2)c2ccc(Cl)cc2Cl)cc1,CHEMBL10329
DEC_1907,decoy,Cc1ccc(SCC(C(=O)O)n2c(=O)n3n(c2=O)C(C(=O)NCc2ccc(N)nc2C)C=CC3)c(C)c1,CHEMBL286567
DEC_2154,decoy,N#Cc1c(Cl)ccc(NC(=O)Nc2ccccc2Br)c1O,CHEMBL26830
DEC_0105,decoy,CC(C)Sc1sc(-c2cc[nH]n2)c2c1C(=O)CC(C)(C)C2,CHEMBL275645
DEC_0813,decoy,CC(=O)CCOc1ccc2ccc(=O)oc2c1,CHEMBL13556
