compound_id,label,smiles,source_id
DEC_3638,decoy,Cc1nc(-c2ccc(S(=O)(=O)Nc3ccc(CCNC[C@H](O)c4cccnc4)cc3)cc2)co1,CHEMBL37512
DEC_4010,decoy,CN1C2CC[C@@H]1C[C@H](OC(=O)c1ccccc1)C2C(=O)OCc1ccccc1.O=C(O)/C=C/C(=O)O,CHEMBL32047
DEC_0001,decoy,C=C(CC[C@H](O)[C@@]1(C)CC[C@H](C(C)(C)O)O1)[C@H]1CC[C@H]2O[C@@H]([C@]3(C)CCC(=O)O3)CC[C@]2(C)O1,CHEMBL280918
DEC_4538,decoy,COc1ccc(S(=O)(=O)N(Cc2ccc3c(c2)OCO3)[C@H](CCCNC(=O)OC(C)(C)C)C(=O)NO)cc1,CHEMBL21163
DEC_2726,decoy,CCCCc1oc2ccccc2c1Cc1ccc2c(I)c(O)ccc2c1,CHEMBL24680
DEC_1496,decoy,OC(CN(Cc1cccc(OC(F)(F)C(F)F)c1)c1cccc(Oc2ccc(Cc3ccccc3)cc2)c1)C(F)(F)F,CHEMBL302020
DEC_4505,decoy,CC1CCC(/C=N/c2ccccc2)=C2NC(c3ccccc3)=C(/C=C/C(=O)O)C(=O)N21,CHEMBL22582
DEC_2531,decoy,COc1c(Cl)c(Cl)nc(C(Cl)(Cl)Cl)c1Cl,CHEMBL276415
DEC_2910,decoy,CC(C)(C)C1CSC(c2cc([N+](=O)[O-])cc(Br)c2O)SC1,CHEMBL285631
ACT_072,active,CCc1ccccc1NC(=O)N1C[C@@H](C)Oc2cc(-c3ccc([C@H]4CC[C@H](CC(=O)O)CC4)cc3)ccc21,CHEMBL3287898
DEC_1387,decoy,CCC(C)c1ccc(C(c2cc(C)ns2)N2CCN(C)CC2)cc1,CHEMBL283796
DEC_3427,decoy,CC1C/C=C/CCCCCCCCOC(=O)N(CC(O)C(Cc2ccccc2)NC(=O)O[C@H]2CO[C@H]3OCC[C@H]32)C1,CHEMBL60728
DEC_0809,decoy,O=C1Nc2ccc(Cl)cc2C(C#Cc2ccsc2)(C(F)(F)F)O1,CHEMBL17627
DEC_3965,decoy,O=C(OC1CN2CCC1CC2)C(O)(c1ccccc1)c1ccc(I)cc1,CHEMBL275313
DEC_1362,decoy,CCOC(=O)c1cc2c(CC)c3c(nc2cn1)-c1cc2c(c(=O)n1C3)COC(=O)[C@]2(O)CC,CHEMBL13707
DEC_3250,decoy,COC(=O)[C@H]1[C@H]2C[C@H]3c4[nH]c5ccccc5c4CCN3C[C@H]2CC[C@@H]1O,CHEMBL10347
DEC_4139,decoy,CC(=O)[C@H]1CC[C@H]2[C@@H]3CCC4=CC(=O)CC[C@]4(C)[C@H]3CC[C@]12C,CHEMBL103
DEC_1022,decoy,CCO/C(O)=C1\C(C)=N/C(=C\C(=O)c2ccccc2)[C@@H](C(=O)c2ccccc2)[C@@H]1c1ccccc1C(F)(F)F,CHEMBL44861
DEC_1993,decoy,COc1ccc(NS(=O)(=O)c2sc3ccc(Cl)cc3c2C)cc1N1CCN(C)CC1,CHEMBL29846
DEC_3388,decoy,CC(C)(C)OC(=O)c1ncn2c1CN(C(=O)N1CCNCC1)c1cc(Cl)ccc1-2,CHEMBL277832
DEC_4549,decoy,CC(=O)O.CCOCOCCC1(O)C(=O)OCc2c1cc1n(c2=O)Cc2c-1nc1ccccc1c2CCNC(C)C,CHEMBL300396
DEC_4191,decoy,CN1c2ccccc2N(C(=O)CNC(C)(C)C)c2ccccc2S1(=O)=O,CHEMBL26263
DEC_0871,decoy,NCc1ccn(-c2cc3c(cc2[N+](=O)[O-])[nH]c(=O)c(=O)n3CC(=O)O)c1,CHEMBL12465
DEC_1975,decoy,Cc1oc(-c2ccc(C(F)(F)F)cc2)nc1CCC(=O)c1ccc(/C=C2\SC(=O)NC2=O)cc1,CHEMBL300363
DEC_2722,decoy,CC1(c2cccc(O)c2)c2cc(C(=O)O)sc2C(=O)c2c1c1ccccc1n2Cc1ccccc1,CHEMBL280275
DEC_0013,decoy,O=c1ccn([C@@H]2O[C@H](COC(c3ccccc3)(c3ccccc3)c3ccccc3)[C@H]3OC23)c(=O)[nH]1,CHEMBL284119
DEC_0238,decoy,O=C(O)c1cc(O)c2c(C(F)(F)F)cc(C(F)(F)F)cc2n1,CHEMBL22222
ACT_040,active,Nc1n[nH]c2cccc(-c3ccc(NC(=S)Nc4cc(Br)ccc4OC(F)(F)F)cc3)c12,CHEMBL4160854
DEC_3539,decoy,COc1cc([C@@H]2c3cc4c(cc3[C@@H](Nc3ccc(C(=O)NCCc5ccc(O)cc5)cc3)[C@H]3COC(=O)[C@H]23)OCO4)cc(OC)c1O,CHEMBL363523
DEC_4364,decoy,C[C@@H](NC(=O)c1sc(-c2ccc(C#N)cc2)nc1C(F)(F)F)[C@](O)(Cn1cncn1)c1ccc(F)cc1F,CHEMBL55005
DEC_3372,decoy,CN1C(=O)SC(S(=O)(=O)c2cccc3c(Br)cccc23)C1=O,CHEMBL30688
DEC_2030,decoy,CCCCCc1cc(OC(C)=O)c2c(c1)OC(C)(C)[C@@H]1CC[C@H](COC(C)=O)CC21,CHEMBL417427
DEC_4241,decoy,COc1cc([C@@H]2c3cc4c(cc3[C@@H](OC(=O)c3ccc(N)cc3)[C@H]3COC(=O)[C@H]23)OCO4)cc(OC)c1O,CHEMBL31246
DEC_3052,decoy,CCCCc1nc2ccc(C(O)CC)cc2c(=O)n1Cc1ccc(-c2ccccc2-c2nn[nH]n2)cc1,CHEMBL15141
DEC_0633,decoy,O=S(=O)(OCCCl)c1c(Cl)c(Cl)c(Cl)c(Cl)c1Cl,CHEMBL280485
DEC_0272,decoy,CC(=O)[C@H](O)[C@H](CC1CCCCC1)NC(=O)[C@H](CC(C)C)NC(=O)CCC(C)C,CHEMBL19563
DEC_1099,decoy,Nc1nc(N)c2nnn(C3CC(CO)CC3O)c2n1,CHEMBL12297
ACT_083,active,O=[N+]([O-])c1cccc2c1sc1c(Nc3cccc(Br)c3)ncnc12,CHEMBL540082
DEC_1223,decoy,CN(CC#CCCC1(C2(O)c3ccccc3Oc3ccccc32)SCCCS1)CCCc1ccccc1,CHEMBL39633
DEC_0627,decoy,CCCN(CCC)CCc1ccc(OC)c(OCCc2ccc(OC)c(OC)c2)c1.O=C(O)C(=O)O,CHEMBL273626
DEC_3428,decoy,COC(=O)c1c(C(F)(F)F)[nH]c2c(O)cc3c(c12)[C@H](CCl)CN3C(=O)c1cc2cc(OC)c(OC)c(OC)c2o1,CHEMBL32785
DEC_2197,decoy,CSc1nnc(/C=C/c2cc(C(C)(C)C)c(O)c(C(C)(C)C)c2)s1,CHEMBL275445
DEC_1608,decoy,Cc1noc(NS(=O)(=O)c2cccc3c(C(=O)O)cccc23)c1C,CHEMBL30246
DEC_1799,decoy,COC(=O)[C@H]1CCCN1C(=O)[C@@H]1Cc2c([nH]c3ccccc23)[C@@H](c2cc(OC)c(O)c(OC)c2)N1,CHEMBL22742
DEC_4334,decoy,C=C1[C@@H](OC(C)=O)CC[C@@]2(C)C[C@H](OC(C)=O)C3=C(C)C[C@H](OC(=O)[C@@H](C)CC)[C@@H]([C@@H](OC(C)=O)[C@H]12)C3(C)C,CHEMBL465852
DEC_1240,decoy,OC(CN(Cc1cccc(OC(F)(F)C(F)F)c1)c1cccc(Oc2ccc3c(c2)CCCC3)c1)C(F)(F)F,CHEMBL308423
DEC_0909,decoy,Nc1cccc2[nH]c3c(N4CCN(CCc5ccc(F)c(F)c5)CC4)ncnc3c12,CHEMBL25972
DEC_0788,decoy,CC12CCC(=O)C=C1[C@@H]1C[C@@H]1C1C2CCC2(C)C1CCC21CCC(=O)O1,CHEMBL269229
DEC_4258,decoy,COc1cc2nc(N3CCN(C(=O)OCc4ccccc4)[C@H](C(=O)NC(C)(C)C)C3)nc(N)c2cc1OC,CHEMBL19476
DEC_3463,decoy,CCCCN(Cc1ccc(-c2ccccc2-c2nn[nH]n2)cc1)c1ncnc2ccc(C(=O)O)cc12,CHEMBL49715
DEC_3030,decoy,C=C(Cl)CN1C[C@H](OCC23C[C@@H]4[C@H](C)CC[C@H]4C4(C=O)CC2C=C(C(C)C)[C@@]34C(=O)O)O[C@H](C)[C@H]1C,CHEMBL34273
DEC_3290,decoy,C=CC(C)(C)c1c(C2=C(O)C(O)=C(c3cn(C)c4c(CC=C(C)C)cccc34)C(=O)C2=O)c2ccccc2n1C,CHEMBL17835
DEC_1130,decoy,CN1C(=O)CC[C@]2(C)C3CC[C@@]4(C)C(CC[C@@]4(O)C#CCCCI)C3CCC12,CHEMBL273746
DEC_2207,decoy,C[C@@]1(N2C(=O)c3c(F)c(F)c(F)c(F)c3C2=O)CCC(=O)NC1=O,CHEMBL11150
DEC_1952,decoy,CC(C)c1nc(CC(=O)O)c(-c2ccsc2)o1,CHEMBL274729
DEC_2758,decoy,CC(=O)OCC(=O)[C@@]1(OC(=O)c2ccco2)CCC2C3CCC4=CC(=O)C=CC4(C)C3C(O)CC21C,CHEMBL40418
DEC_4175,decoy,O=C1O/C(=C/Br)CCC1c1cccc2ccccc12,CHEMBL6206
DEC_2731,decoy,O=C(c1ccc(Cl)c(Cl)c1)N1CCC(F)(CNCc2cccc(-c3cccs3)n2)CC1,CHEMBL288244
DEC_0537,decoy,CN(C/C=C/C1CC=CCC1)Cc1cccc2ccccc12,CHEMBL282220
DEC_3563,decoy,c1ccc2nc(COc3ccc(-c4nnn(CCCCc5nnn[nH]5)n4)cc3)ccc2c1,CHEMBL19154
DEC_1798,decoy,COC(=O)[C@@H]1CCCN1C(=O)[C@@H]1Cc2c([nH]c3ccccc23)[C@@H](c2cc(OC)c(O)c(OC)c2)N1,CHEMBL22657
DEC_2873,decoy,CC(C)(C)C(=O)Oc1ccc(C(=O)c2ccc(OC(=O)C(C)(C)C)cc2OC(=O)C(C)(C)C)cc1,CHEMBL9984
DEC_0850,decoy,O=P(O)(O)c1cn2c3c(nc(O)c2n1)-c1cccc(Cc2nn[nH]n2)c1C3,CHEMBL25529
DEC_0326,decoy,CCCN1CC=C(c2c[nH]c3ccc(C(N)=O)cc23)CC1,CHEMBL281432
DEC_2130,decoy,Cc1nc(-c2ccccc2)ncc1C(=O)N[C@@H](CCCN=C(N)N)B1O[C@@H]2CC3CC(C3(C)C)[C@]2(C)O1,CHEMBL290378
DEC_3114,decoy,O=C(N[C@@H]1C(=O)N(c2ccccc2F)C[C@@H]1C(=O)O)c1cnc2ccccc2c1,CHEMBL22630
DEC_3454,decoy,CO/C(O)=C1\C(C)=NC(C)=C(C(=O)OCCCN2C(=O)c3ccccc3S2(=O)=O)C1c1ccccc1Cl,CHEMBL81724
DEC_2344,decoy,COc1cc2c(cc1OCCCC(=O)N1C[C@@H](CCl)c3c1cc(O)c1ccccc31)N=C[C@@H]1CCCN1C2=O,CHEMBL302363
DEC_0978,decoy,c1ccc(N/N=C(\N=N\c2nnnn2-c2ccccc2)c2ccccc2)cc1,CHEMBL279912
DEC_3573,decoy,COc1cnc(C[S+]([O-])c2nc3cc(OC(F)(F)C(F)F)ccc3[nH]2)c(C)c1OC,CHEMBL10061
DEC_4439,decoy,OCCOCCN1CCN(C2=Nc3ccccc3Sc3ccccc32)CC1,CHEMBL716
DEC_3955,decoy,O=C1C2C3C=CC(C4CCC34)C2C(=O)N1CCCCN1CCN(c2cncc(Cl)n2)CC1,CHEMBL284203
DEC_3348,decoy,O=C(OC1CN2CCC1CC2)C1=C/C(=C\c2ccccn2)c2ccccc21,CHEMBL21716
DEC_1609,decoy,O=C(O)Cc1nn(Cc2nc3c(F)c(F)ccc3s2)c(=O)c2ccccc12,CHEMBL422927
DEC_2222,decoy,C=CCN1CCN(c2cc3c(cc2F)c(=O)c(C(=O)O)cn3CC)CC1,CHEMBL29189
DEC_3225,decoy,Nc1nc(O)c2c(S(=O)(=O)c3ccc4ccccc4c3)cccc2n1,CHEMBL269511
DEC_0197,decoy,O=C1Nc2ccc(F)c(F)c2C(C#Cc2ccccn2)(C(F)(F)F)O1,CHEMBL17388
DEC_2532,decoy,N#Cc1ccc(Cn2ccnc2)cc1Oc1ccc(Cl)cc1Cl,CHEMBL22319
DEC_3066,decoy,Cc1cccc(C)c1S(=O)(=O)Nc1cccc(C(c2c(O)c3c(oc2=O)CCCCCC3)C2CC2)c1,CHEMBL16049
DEC_4064,decoy,CC1=C2NCC3C(CC[C@@]4(C)C3CC[C@@H]4C(=O)N(c3ccc(Cl)cc3)C3CCCC3)[C@@]2(C)CCC1=O,CHEMBL283123
DEC_1504,decoy,CCCOc1ccc(-c2ccc(/C=C/C(=O)Nc3ccc(NC(=O)Cc4ccc(C)cc4)c(C(=O)c4ccccc4)c3)o2)cc1,CHEMBL89599
DEC_4282,decoy,Cc1cc(C)cc(-c2[nH]c3ccc(C(C)(C)C(=O)N(C)C)cc3c2CCNCCCCc2cccnc2)c1,CHEMBL47772
DEC_0760,decoy,CSc1sc(C(=N)N)cc1-c1nc(C)cs1,CHEMBL285330
DEC_0911,decoy,CCC(C)c1ccc2c(c1)-c1oc(C(=O)O)cc(=O)c1CS2.NCCO,CHEMBL28840
DEC_3064,decoy,N#Cc1ccc(S(=O)(=O)Nc2cccc([C@@H](c3c(O)oc4c(c3=O)CCCCCC4)C3CC3)c2)cc1,CHEMBL16431
DEC_3003,decoy,CSc1sc(C(=N)N)cc1-c1nc(-c2ccc3ccccc3c2)cs1,CHEMBL29290
DEC_0503,decoy,Cc1cccc(C)c1C(=O)N1CCC(N2CCN([C@@H](C)c3ccc(Cc4ccc5c(c4)OCO5)cc3)[C@@H](C)C2)CC1,CHEMBL264442
DEC_1282,decoy,CCCc1nc(-n2cccc2C(=O)C(F)(F)F)c(C(=O)O)n1Cc1ccc(-c2ccccc2-c2nn[nH]n2)cc1,CHEMBL307844
DEC_1473,decoy,COc1cc(NC(C)CCCN)c2nccc(COc3cccc(C(F)(F)F)c3)c2c1Oc1cccc(C(F)(F)F)c1,CHEMBL53499
DEC_2386,decoy,O=C1[C@@H](NS(=O)(=O)c2cc3cccnc3s2)CCN1Cc1cc2c[nH]ccc-2n1,CHEMBL8308
DEC_3356,decoy,CC(C)OC(=O)C(C)(C)Oc1ccc(C(=O)c2ccc(Cl)cc2)cc1,CHEMBL672
DEC_3862,decoy,CN1CCC(c2c(O)cc(O)c3c(=O)cc(-c4ccccc4Cl)oc23)C(=O)C1,CHEMBL9125
ACT_043,active,Cc1ccc(Br)c2c(C#N)cc(C(=O)C3CC3)n12,CHEMBL1171792
DEC_2417,decoy,NCCO.O=C(O)c1cc(=O)c2c(o1)-c1cc(Cl)ccc1SC2,CHEMBL28934
DEC_2412,decoy,CC(=O)NC(=S)NC[C@@H]1C[C@@H]2c3cccc4[nH]cc(c34)C[C@H]2N(C)C1,CHEMBL14239
ACT_024,active,N#Cc1ccc(-c2csc(N3N=C(c4ccc(N5CCCCC5)cc4)CC3c3ccc(Cl)cc3)n2)cc1,CHEMBL4557318
DEC_0494,decoy,O=c1c2c(oc(O)c1C(c1cccc(NS(=O)(=O)c3c(Cl)cccc3Cl)c1)C1CC1)CCCCCC2,CHEMBL16627
DEC_4207,decoy,CN1CCc2cc(I)c(O)cc2[C@@H](c2ccccc2)C1,CHEMBL290118
DEC_1648,decoy,OC1CCCCC1N1CCC(O)(c2ccc(Cl)cc2)CC1,CHEMBL20657
DEC_4386,decoy,COC(=O)C(C)(C)CO/N=C(\C)c1ccc(Sc2cc(F)cc(C3CCOCC3)c2)cc1,CHEMBL28221
DEC_2655,decoy,C=CCCC[C@H](OC(=O)[C@@H]1CCCCN1C(=O)C(=O)[C@]1(O)O[C@H](COC)[C@@H](OC)C[C@H]1C)/C(C)=C/[C@@H]1CC[C@@H](O)[C@H](OC)C1,CHEMBL276623
DEC_1435,decoy,CSc1sc(C(=N)N)cc1-c1nc(-c2ccnc(Cl)c2)cs1,CHEMBL29048
DEC_2949,decoy,Nc1nc2cc(Cl)c(Cl)cc2n1Cc1ccc(Cl)c(Cl)c1,CHEMBL22995
DEC_4198,decoy,Cc1cc(C)nc(NC(=O)c2cc(Br)cc(Br)c2O)n1,CHEMBL279743
DEC_1400,decoy,C[C@@H]1CCCN(CC[C@@H](C)N(C)S(=O)(=O)c2cccc3ccccc23)C1,CHEMBL12389
DEC_1703,decoy,Cn1cncc1C(OCc1ccc(C#N)nc1-c1ccc(OC(F)(F)F)cc1)c1ccc(C#N)cc1,CHEMBL39096
DEC_2837,decoy,CC(C)C1=CC2CC3(C=O)[C@@H]4CC[C@@H](C)[C@H]4CC2(C(O)CCc2ccccc2)[C@]13C(=O)O,CHEMBL25652
DEC_1512,decoy,CC(C)c1csc(COc2ccc3c(c2)c(SC(C)(C)C)c(CC(C)(C)C(=O)O)n3Cc2ccc(Cl)cc2)n1,CHEMBL80287
DEC_3797,decoy,OB(O)c1cc(C(F)(F)F)cc(C(F)(F)F)c1,CHEMBL280087
DEC_0907,decoy,COc1cc([C@@H]2c3[nH]c4ccccc4c3C[C@H]3COC(=O)N32)cc(OC)c1O,CHEMBL275569
DEC_2600,decoy,CN1Cc2c(N)cccc2C(c2ccccc2)C1,CHEMBL273575
DEC_2930,decoy,CCCc1cc(=O)oc2c3c(c4c(c12)OC(C)(C)C=C4)O[C@H](C(C)C)[C@H](C)[C@@H]3O,CHEMBL6883
DEC_0912,decoy,CCC1Nc2ccccc2C(=O)N1Cc1ccc(-c2ccccc2-c2nn[nH]n2)cc1,CHEMBL279602
DEC_0444,decoy,COc1ccc(OC)c2c1C1CCC2[C@H](N)C1,CHEMBL286609
DEC_2624,decoy,CCN(CC)CCCC(C)Nc1nccc2c(C)c3[nH]c4ccc(OC)cc4c3cc12,CHEMBL277616
DEC_3730,decoy,C=CCNc1nc(NCC=C)nc(N2CCC(NCC3c4ccccc4CS(=O)(=O)c4ccccc43)CC2)n1,CHEMBL313401
DEC_1148,decoy,CCOc1cc2ccc(S(=O)(=O)NC(CCCN=C(N)N)C(=O)N(CCOC)CC(=O)O)cc2cc1OCC,CHEMBL24215
DEC_0027,decoy,COc1ccc2c3c1OC1[C@H](O)[C@@](C=CCCCc4ccccc4)(CO)CC4C(C2)N(C)CCC341,CHEMBL269664
DEC_4169,decoy,CN(C)CCN(C)C(=O)C1=C/C(=C\c2cccnc2)c2ccccc21,CHEMBL21328
DEC_0567,decoy,CC1CC2C3CCC4=CC(=O)C=CC4(C)[C@@]3(Cl)C(Cl)CC2(C)[C@@]1(OC(=O)c1ccco1)C(=O)CO,CHEMBL10566
DEC_2282,decoy,COc1ccc([C@H](Cc2ccncc2)c2ccsc2)cc1OC1CCCC1,CHEMBL286998
DEC_2254,decoy,COCCOCCOC(=O)/C=C(C)/C=C/C=C(C)/C=C/C1=C(C)CCCC1(C)C,CHEMBL7268
DEC_2291,decoy,CCCCc1nc(Cc2ccc(-c3ccccc3-c3nn[nH]n3)cc2)nn1CCCC,CHEMBL12663
DEC_4508,decoy,Cc1cc(Nc2ccc(OCC3CCCCC3)cc2)c2c(ccc3c[nH]nc32)n1,CHEMBL281878
DEC_3929,decoy,Cc1noc(C)c1C(OC1CCCN(C)C1)c1ccc(C(C)C)cc1,CHEMBL279987
DEC_3575,decoy,O=C1[C@@H](NS(=O)(=O)c2cc3ccc(Cl)cc3s2)CCN1CCNc1ccncc1,CHEMBL267196
DEC_0496,decoy,CN1CN(c2cccc(C(F)(F)F)c2)C2(CCN(CCCN(c3ccc(F)cc3)c3ccc(F)cc3)CC2)C1=O,CHEMBL299641
DEC_2169,decoy,C=CCC1Oc2ccc(O)c(OC)c2-c2ccc3c(c21)C(C)=CC(C)(C)N3,CHEMBL8140
DEC_3247,decoy,CC1CN(c2cc3c(cc2F)c(=O)c(C(=O)O)cn3C(C)(C)C)CCN1,CHEMBL15164
DEC_1101,decoy,O=[N+]([O-])c1nccn1C1SC(CO)C(O)C(O)C1O,CHEMBL26428
DEC_0853,decoy,CCCC1=C(C(=O)O)N2C(=O)[C@@H](NC(=O)[C@H](N)c3ccc(O)cc3)[C@H]2CO1,CHEMBL277097
DEC_0133,decoy,CCNS(=O)(=O)Oc1cc(C(C)(C)C)c(SC2=C(O)OC(CCc3ccc(O)cc3)(c3ccccc3)CC2=O)cc1C,CHEMBL71218
DEC_1261,decoy,O=C(C[C@H]1CCC[C@H](OCc2cc(C(F)(F)F)cc(C(F)(F)F)c2)[C@@H]1c1ccccc1)NCc1cccnc1,CHEMBL26086
DEC_0063,decoy,c1csc([C@H]2CN3CCC[C@H]3c3ccsc32)c1,CHEMBL36131
DEC_3083,decoy,CC1CCC(/C=N/c2ccc(Cl)cc2)=C2NC=C(C(=O)O)C(=O)N21,CHEMBL25047
DEC_2018,decoy,CCOC(C)n1c([S+]([O-])Cc2nccc(SCC)c2C)nc2ccccc21,CHEMBL268465
DEC_3267,decoy,Cc1c(C(=O)c2ccc(Cl)cc2)cc(C(C)(C)C)c(O)c1C(=O)Nc1ccc([N+](=O)[O-])cc1Cl,CHEMBL32272
DEC_3049,decoy,CC(C)c1cc(O)cc(C(C)C)c1OC(=O)NS(=O)(=O)Oc1c(C(C)C)cccc1C(C)C,CHEMBL22093
DEC_3764,decoy,Cc1ccccc1-c1cc(C(O)(c2ccc(C#N)cc2)c2cncn2C)ccc1C#N,CHEMBL25621
DEC_3737,decoy,CC(C)(C)c1cc(-c2nnc(SCC(F)(F)F)s2)cc(C(C)(C)C)c1O,CHEMBL16647
DEC_4185,decoy,CON(C)C(=O)c1cc2c(Sc3ccc(C)cc3)cncc2s1,CHEMBL6517
DEC_4309,decoy,COc1ccccc1C(=O)NC[C@]1(c2ccccc2)CC[C@H](OC(=O)NCc2ccccc2)CC1,CHEMBL278945
DEC_3649,decoy,CCCCNC(=N)c1ccc(N2CCCN(c3ccc(C(=N)NCCCC)cc3)CC2)cc1,CHEMBL9053
DEC_4356,decoy,Cc1ccc(C2(c3ccc(C)cc3)CC(=O)N(CC(O)CN3CCC(C#N)(c4ccccc4C)CC3)C2=O)cc1,CHEMBL62249
DEC_0863,decoy,CC(/N=c1\c(O)c(O)\c1=N/c1ccc(S(N)(=O)=O)cc1)C(C)(C)C,CHEMBL19012
DEC_2568,decoy,Nc1cc(Cl)c(N=C2NCCN2)c(Cl)c1,CHEMBL647
DEC_0446,decoy,NC1=NN(c2cccc(C(F)(F)F)c2)CC1,CHEMBL274642
DEC_3298,decoy,CC(C)c1cccc(C(C)C)c1NC(=O)NCC1(c2ccc(N(C)C)cc2C(F)(F)F)CCCC1,CHEMBL296056
DEC_0675,decoy,C=C(C)CN(C1=NCCN1)c1c(Br)cccc1Br,CHEMBL283961
DEC_0530,decoy,CCCCNCc1ccc(Cl)c(Cl)c1.Cl,CHEMBL13314
DEC_2912,decoy,CC12CCC3C(C[C@H](c4ccccc4)C4=CC(=O)CCC43C)C1CCC2=O,CHEMBL24580
DEC_1268,decoy,Cc1ccc(Oc2cccc(N(Cc3cccc(OC(F)(F)C(F)F)c3)CC(O)C(F)(F)F)c2)cc1C,CHEMBL419437
DEC_4338,decoy,O=c1c2c(oc(O)c1C(c1cccc(NS(=O)(=O)c3ccc([N+](=O)[O-])cc3)c1)C1CC1)CCCCCC2,CHEMBL16551
DEC_0708,decoy,O=S1(=O)CC2(CCN(C[C@@H]3CN(S(=O)(=O)c4ccccc4)C[C@@H]3c3ccccc3)CC2)c2ccccc21,CHEMBL33335
DEC_3328,decoy,C=CCc1c(SC)nc2nc(C(=O)c3ccccc3)cn2c1C,CHEMBL21262
DEC_3925,decoy,CCCN1CCC(COC(c2ccccc2)c2ccccc2)CC1,CHEMBL8963
DEC_1366,decoy,COc1cnc2sc3c(=O)n(CCN4C[C@@H]5CCc6c(OC)cccc6[C@@H]5C4)c(=O)[nH]c3c2n1,CHEMBL441032
DEC_3081,decoy,CCNc1cccnc1N1CCN(C(=O)c2cccc3[nH]ccc23)CC1,CHEMBL7528
DEC_0761,decoy,c1coc(C2NCCc3c2[nH]c2ccccc32)c1,CHEMBL37682
DEC_4559,decoy,CSCC[C@H](NC(=O)CN1C(=O)[C@H](N(C)C(=O)[C@@H](N)CS)N=C(c2ccccc2)c2ccccc21)C(=O)O,CHEMBL418572
DEC_1050,decoy,Cc1ccc(C)n1Nc1ccc(N2C(C)COCC2C)nn1,CHEMBL273400
DEC_3353,decoy,O=C(NCCc1c[nH]c2ccccc12)c1ccccc1Br,CHEMBL7731
DEC_3785,decoy,Cc1cc(C(c2ccc(Oc3ccccc3)cc2)N2CCN(C)CC2)sn1,CHEMBL23008
DEC_3987,decoy,CCCOP(=O)(OCC1C=CC(n2cc(C)c(=O)[nH]c2=O)O1)OCC(Cl)(Cl)Cl,CHEMBL19243
DEC_2497,decoy,COC(=O)c1cccc(N[C@@H]2c3cc4c(cc3[C@@H](c3cc(OC)c(O)c(OC)c3)[C@H]3C(=O)OC[C@@H]32)OCO4)c1,CHEMBL287330
DEC_0339,decoy,CCCC(O)(Cn1cncn1)C(=O)c1ccc(Cl)cc1,CHEMBL274151
DEC_2184,decoy,CCCCc1cc(C#N)sc1-c1ccc2c(c1)C1(CCCCC1)C(S)=N2,CHEMBL27052
DEC_2839,decoy,[O-][S+](CC(F)(F)C(F)(F)F)c1nc(-c2ccccc2)c(-c2ccccc2)[nH]1,CHEMBL278005
DEC_1433,decoy,C=C1/C(=C\C=C\[C@H]2CCC[C@H]([C@@H](C)CCCC(C)(C)O)C2(C)C)C[C@@H](O)C[C@@H]1O,CHEMBL284246
DEC_1614,decoy,CC1CCC(/C=N/c2ccccc2C(=O)O)=C2NC=C(C(=O)O)C(=O)N21,CHEMBL283577
DEC_4445,decoy,CC(=O)Nc1ccc(S(=O)(=O)Nc2onc(C)c2C)c2ccccc12,CHEMBL26527
DEC_3598,decoy,CCCc1cc(OCCN(C)C)cc(=O)n1Cc1ccc(-c2ccccc2-c2nn[nH]n2)cc1,CHEMBL22754
DEC_0308,decoy,O=C1NN=C(c2ccc(-n3ccnc3)cc2)C2CCCCC12,CHEMBL30358
DEC_0558,decoy,CC(C)C1=CC2CC3(C=O)[C@@H]4CC[C@@H](C)[C@H]4CC2(CO[C@H]2C[C@H]4[C@H](OC[C@H]4C(C)C)[C@@H](C)O2)C13C(=O)O,CHEMBL297584
DEC_0157,decoy,CN(C=O)[C@H]1CCC2C3CC[C@H]4N(C)C(=O)C=C[C@]4(C)C3CC[C@@]21C,CHEMBL17025
DEC_2979,decoy,FC(F)(F)c1cccc(NC2CCN(c3ccc(-c4ncns4)nn3)CC2)c1,CHEMBL14279
DEC_4050,decoy,Oc1ccc2c3c1OC1[C@H]4OC[C@@]4(CCCc4ccccc4)CC4C(C2)N(CC2CCC2)CCC341,CHEMBL9743
DEC_0195,decoy,CC1(C)C=C(n2ccccc2=O)c2cc(S(=O)(=O)N=[N+]=[N-])ccc2O1,CHEMBL276151
DEC_2819,decoy,CCCCCCOS(=O)(=O)NC(=O)Oc1c(C(C)(C)C)cc(C)cc1C(C)(C)C,CHEMBL278161
DEC_0902,decoy,CC(C)c1ccc(C(c2ccco2)c2ccc(C(C)C)cc(=O)c2O)c(O)c(=O)c1,CHEMBL276567
DEC_1503,decoy,CC1Cc2c(OCc3ccc(-c4ccccc4)cn3)ccc3c2c(c(CC(C)(C)CC(N)=O)n3Cc2ccc(Cl)cc2)S1,CHEMBL96873
DEC_2428,decoy,Cc1cc(C)c(NN=C2CCC(C)n3c2ncc(C(=O)O)c3=O)c(C)c1,CHEMBL14340
DEC_2465,decoy,CC[C@H]1OC(=O)/C(C)=C/[C@H](C)[C@@H](O[C@@H]2O[C@H](C)C[C@H](N(C)C)[C@H]2O)[C@@](C)(OC)C[C@@H](C)C(=O)/C(C)=C/[C@]1(C)O,CHEMBL415917
DEC_0525,decoy,O=C(/C=C/c1ccco1)c1ccc(Cl)c(Cl)c1,CHEMBL16603
DEC_1088,decoy,Cc1cn(C2CSC(CO)(CO)O2)c(=O)[nH]c1=O,CHEMBL18493
DEC_0661,decoy,CC(C)(C)NC(=O)[C@H]1CCC2C3CCC4=C(C#N)C(=O)CC[C@]4(C)C3CC[C@@]21C,CHEMBL25196
DEC_0313,decoy,Cc1ccc(C/N=c2\c(O)c(O)\c2=N/C(C)(C)C)c(C)c1,CHEMBL442144
DEC_3911,decoy,CCOc1ccc(C(=O)c2c(SC)cc(CC(=O)O)n2C)cc1,CHEMBL19411
DEC_0714,decoy,O=C1NC(c2ccc(Br)cc2)(c2ccc(Br)cc2)C(=O)N1CCN1CCOCC1,CHEMBL50925
DEC_2970,decoy,Oc1ccc(CC2NCCc3cc(O)c(O)cc32)cc1O,CHEMBL19068
DEC_3985,decoy,COc1ccccc1CC(=O)N1C[C@H]2[C@@]3(c4ccccc4)CC[C@H](c4c(O)cccc43)[C@@]2(C(=O)O)C1,CHEMBL53295
DEC_4393,decoy,CC/C(=C(/c1ccccc1)c1ccc(OC(C)=O)c(OC(C)=O)c1)c1cccc(OC(C)=O)c1,CHEMBL282836
DEC_2747,decoy,CCc1ccc(C#CC(O)(c2ccc(C#N)c(-c3cccc4ccccc34)c2)c2cncn2C)cc1,CHEMBL23370
DEC_3097,decoy,CC1CC/C(=N\Nc2ccc(Cl)cc2)c2ncc(C(=O)O)c(=O)n21,CHEMBL15069
DEC_4168,decoy,CSc1ccc(C(=O)c2c(SC)cc3n2CCC3C(=O)O)cc1,CHEMBL19889
DEC_0479,decoy,O=c1c2c(oc(O)c1C(c1cccc(NS(=O)(=O)c3ccc(Cl)cc3Cl)c1)C1CC1)CCCCCC2,CHEMBL278477
DEC_0350,decoy,C/C=C(\NC(=O)CC12CC3CC(CC(C3)C1)C2)C(=O)O,CHEMBL274394
DEC_1810,decoy,COc1cccc([C@H]2C/C(=N\NC(=O)C(=O)NC(C)c3ccccc3)c3ccccc3N2)c1,CHEMBL16151
DEC_3809,decoy,CCCOC1=CC2N=C(NC(=O)OC)NC2C=C1,CHEMBL40101
DEC_2993,decoy,CC(C)c1cccc(C(C)C)c1OS(=O)(=O)NC(=O)OC1CCCCC1,CHEMBL21437
DEC_4358,decoy,Cc1nc(-c2ccc(C#N)cc2)sc1C(=O)N[C@H](C)[C@](O)(Cn1cncn1)c1ccc(C(F)(F)F)cc1,CHEMBL54502
DEC_3513,decoy,C[C@](Cc1c[nH]c2ccccc12)(NC(=O)ON1[C@H]2C[C@@H]3C[C@@H](C[C@H]1C3)C2)C(=O)N1C[C@H](Oc2cccc3ccccc23)C[C@@H]1C(=O)O,CHEMBL126957
DEC_0174,decoy,CCCN(C1=NCCN1)c1c(Br)cccc1Br,CHEMBL20335
DEC_0316,decoy,CC(C)=CCN1CC[C@@]2(C)c3cc(O)ccc3C[C@@H]1[C@@H]2C,CHEMBL560
DEC_2512,decoy,CC1(C)OC(S)=Nc2ccc(-c3cncc(Br)c3)cc21,CHEMBL25556
DEC_3956,decoy,CC(=O)N1CCc2ccc(N(C(=O)/C=C/C3N=CC=N3)C3CCN(Cc4ccccc4)CC3)cc21,CHEMBL282057
DEC_1272,decoy,C=C(CC[C@H](O)[C@@]1(C)CC[C@H](C(C)(C)O)O1)[C@H]1CC[C@H]2O[C@@H]([C@]3(C)CC[C@@H](C(C)(C)O)O3)CC[C@]2(C)O1,CHEMBL22785
DEC_0020,decoy,O=C1[C@@H](NS(=O)(=O)c2ccc(-c3ccc(Cl)s3)s2)CCN1Cc1cc2c[nH]ccc-2n1,CHEMBL268917
DEC_4437,decoy,O=C(O)Cc1nn(Cc2nc3c(Cl)cccc3s2)c(=O)c2ccccc12,CHEMBL20015
DEC_1259,decoy,Cc1[nH]c2ccc(O)cc2c1C1CCN(CCCCCNC(=O)/C=C/c2ccc(Cl)c(Cl)c2)CC1,CHEMBL300455
DEC_3881,decoy,Nc1nc(N)c2c3c(oc2n1)CN(Cc1c(Cl)cccc1Cl)CC3,CHEMBL281962
DEC_3530,decoy,O=C1N(Cc2cccc(-c3nc[nH]n3)c2)[C@H](Cc2ccccc2)[C@H](O)[C@@H](O)[C@@H](Cc2ccccc2)N1Cc1ccc2[nH]ncc2c1,CHEMBL311515
DEC_2982,decoy,Cc1noc(NS(=O)(=O)c2cccc3c(N(C)C)cccc23)c1Cc1ccccc1,CHEMBL26203
DEC_0198,decoy,CC1CN2C(=O)c3c(ncn3C)N(Cc3ccc(Cl)cc3)C2=N1,CHEMBL18959
DEC_3045,decoy,CN(CCCCC1(C)COC(c2nc(-c3ccccc3)c(-c3ccccc3)[nH]2)OC1)c1ccccn1,CHEMBL284378
DEC_3562,decoy,CCCCCCC[C@H]1OC(=O)C[C@@H](O)[C@H](Cc2ccccc2)N(C)C(=O)COC(=O)[C@H]1C,CHEMBL290049
DEC_2022,decoy,CCCCCCCCC#Cc1ccc2c(c1)[C@@H](CO)NC(=O)[C@H](C(C)C)N2C,CHEMBL28567
DEC_1003,decoy,COc1ccc2c(c1)c(Cc1nc(-c3csc4ccccc34)cs1)c(C)n2C(=O)c1ccc(Cl)cc1,CHEMBL28155
DEC_3856,decoy,CN1CC=C(c2c(O)cc(O)c3c(=O)oc(-c4ccccc4Cl)cc23)CC1,CHEMBL8620
DEC_4278,decoy,CCOP(=O)(F)CCC(=O)NCCCNS(=O)(=O)c1ccc2ccc3cccc4ccc1c2c34,CHEMBL39800
DEC_0928,decoy,CS(=O)(=O)Nc1cccc(C(c2c(O)c3c(oc2=O)CCCCCC3)C2CC2)c1,CHEMBL16324
DEC_4115,decoy,O=Cc1ccccc1-c1cccn(C(CN2CCC(O)C2)c2ccccc2)c1=O,CHEMBL15114
DEC_1932,decoy,C1=C(C2(C3=NCCN3)COc3ccccc3O2)CCC1,CHEMBL430310
DEC_1688,decoy,O=S(=O)(CS(=O)(=O)C(F)(F)F)c1ccc(SC(F)(F)C(F)F)c(Cl)c1,CHEMBL12295
DEC_4474,decoy,CC1CC(Cc2ccc(F)cc2)CC(C)N1CC#Cc1ccc2[nH]c(O)nc2c1,CHEMBL19769
DEC_3253,decoy,CNC(=O)c1cccnc1N1CCN(C(=O)c2cc3ccccc3[nH]2)CC1,CHEMBL7208
DEC_2641,decoy,CCCN(CCC)CCc1cc(Cl)ccc1OCc1ccccc1.O=C(O)C(=O)O,CHEMBL11675
DEC_1305,decoy,CCOC(=O)N[C@@H](c1ccsc1)[C@@H](O)C(=O)OC1CC2C(C)(C)C1(C)[C@@]13C[C@H](C)c4ccccc4[C@@]21O3,CHEMBL417488
DEC_3876,decoy,COc1ccc2c(c1OC)C(C#N)N1CCc3cc4c(cc3C1=C2)OCO4,CHEMBL11733
DEC_1628,decoy,CC(C)Oc1ccc(Sc2ccc(NC3=NCCN3)cc2)cc1,CHEMBL9604
DEC_3464,decoy,CCCCN(Cc1ccc(-c2ccccc2-c2nn[nH]n2)cc1)c1ncnc2cc(C(=O)O)ccc12,CHEMBL448727
DEC_3487,decoy,O=C(Nc1ccc(Oc2cccc(C(F)(F)F)c2)c(Cl)c1)c1cc([N+](=O)[O-])ccc1O,CHEMBL30745
DEC_3556,decoy,CNC(=O)c1cc2c(Oc3ccc(C(=O)CC(C)(O)c4ccc(Oc5cncc6sc(C(=O)NC)cc56)cc4)cc3)cncc2s1,CHEMBL119335
DEC_0758,decoy,Clc1ccc(Cl)c(NC2=NCCN2)c1Cl,CHEMBL275119
DEC_0122,decoy,Cl.O=C(C1CCCN1)N1CCCC1P(=O)(Oc1ccc(NN2CCCC2)cc1)Oc1ccc(NN2CCCC2)cc1,CHEMBL9527
DEC_1069,decoy,COc1cc(C#N)ccc1/N=c1\c(O)c(O)\c1=N/[C@H](C)C(C)(C)C,CHEMBL276328
DEC_3972,decoy,Cc1nnc2n1-c1ccc(C#CCN3C(=O)COc4ccccc43)cc1C(c1ccccc1F)=NC2,CHEMBL19947
DEC_3790,decoy,C=CCC1([C@@H](C)C#CCC)C(=O)NC(=S)NC1=O,CHEMBL22647
DEC_2799,decoy,Cc1noc(NS(=O)(=O)c2ccsc2NC(=O)Nc2ccc3c(c2)OCO3)c1Br,CHEMBL45723
DEC_2352,decoy,CCCCc1nc2ccc([C@]3(C)C[C@H]4CCCCN4O3)cc2c(=O)n1Cc1ccc(-c2ccccc2-c2nn[nH]n2)cc1,CHEMBL47873
ACT_053,active,Cn1cc(-c2cnc3c(-c4csc(C(=O)N[C@@H]5CCCC[C@@H]5N)c4)cnn3c2)cn1,CHEMBL4568087
DEC_2945,decoy,Cc1ccc(C2COC(Cn3ccnc3)(c3ccc(Br)cc3)O2)cc1,CHEMBL281074
DEC_1062,decoy,CC(C)(C)/N=c1\c(O)c(O)\c1=N/Cc1cc(F)ccc1F,CHEMBL19775
DEC_1591,decoy,COc1cc2c(cc1OC)C(C)=[N+]([O-])C(c1cc3c(cc1[N+](=O)[O-])OCO3)N2,CHEMBL285607
DEC_0840,decoy,C=CCC1=C(C(=O)O)N2C(=O)[C@@H](NC(=O)[C@H](N)c3ccc(O)cc3)[C@H]2CO1,CHEMBL279339
DEC_4126,decoy,O=C(c1ccccc1Cl)C(O)(Cn1cncn1)c1ccc(Cl)cc1,CHEMBL266392
DEC_1082,decoy,COC(=O)NNC(=NCC(=O)O)NNC(=O)OC,CHEMBL416737
DEC_2603,decoy,CC(C)=CCC/C(C)=C/CC/C(C)=C/CC/C(C)=C/COC(=O)NS(N)(=O)=O,CHEMBL28808
DEC_1322,decoy,COC[C@H]1OC(=O)c2coc3c2[C@@]1(C)C1=C(C3=O)[C@@H]2CC=C(OC(C)=O)[C@@]2(C)C[C@H]1OC(C)=O,CHEMBL275722
DEC_2883,decoy,Cc1cc2c(cc1CC(=O)c1sccc1S(=O)(=O)Nc1onc(C)c1Cl)OCO2,CHEMBL282724
DEC_1154,decoy,COCCN(CCCC(=O)O)C(=O)C(CCCN=C(N)N)NS(=O)(=O)c1ccc2cc(OC)c(OC)cc2c1,CHEMBL284432
DEC_0806,decoy,CCCc1cc(=O)oc2c3c(c4c(c12)OC(C)(C)C=C4)OC(C)(C)[C@H](C)C3=O,CHEMBL7305
DEC_3137,decoy,Cn1c(=O)c2c(nc3n(Cc4ccccc4)c(O)c(Cc4ccccc4)c(=O)n23)n(C)c1=O,CHEMBL274598
DEC_1927,decoy,Oc1ccccc1-c1noc(C2CN3CCC2CC3)n1,CHEMBL284315
ACT_073,active,CNc1ccc2cncnc2c1,CHEMBL295961
DEC_2240,decoy,CCC1C2Cc3ccc(O)cc3C1(CC)CCN2C(=O)CN.Cl,CHEMBL286206
DEC_1598,decoy,CCCc1c(Sc2ccccc2)n(COCCO)c(=S)[nH]c1=O,CHEMBL417448
DEC_2543,decoy,CCCC[C@H]1CC2C3CCC(=O)C3(C)CCC2C2(C)CCC(=O)C=C12,CHEMBL24946
DEC_4058,decoy,O=C(OCCCc1ccc(Br)cc1)[C@@H]1CCCN1C(=O)NC12C[C@H]3C[C@@H](C1)C[C@@H](C2)C3,CHEMBL34102
DEC_2196,decoy,C/C(=N\O)c1cccc(Sc2cc(F)cc(C3CCOCC3)c2)c1,CHEMBL25026
DEC_4459,decoy,CCC(C)(O)C#Cc1nc(NCc2ccccc2)c2ncn(C(C)C)c2n1,CHEMBL26564
DEC_0452,decoy,O=C1CN(c2cnc3ccccc3n2)CCN1,CHEMBL6695
DEC_0332,decoy,CCC(CC)c1nc2c([nH]1)N1C(=N[C@@H]3CCC[C@@H]31)N(C)C2=O,CHEMBL18964
DEC_3043,decoy,O=c1c2c(oc(O)c1C(c1cccc(NS(=O)(=O)c3cccc(Cl)c3)c1)C1CC1)CCCCCC2,CHEMBL16547
DEC_2435,decoy,Nc1nc(O)c2nc(Br)n(C3CCCc4ccccc43)c2n1,CHEMBL11511
DEC_0674,decoy,O=C1CCC/C=C\C[C@H]2C(=O)C[C@@H](O)C2/C=C\[C@@H](CCc2ccccc2)O1,CHEMBL12468
DEC_3444,decoy,C=C(C)[C@@]12C[C@@H](C)C34OC(Cc5ccccc5)(OC1[C@@H]3C=C(COC(=O)Cc1ccccc1)C[C@]1(O)C(=O)C(C)=C[C@@H]41)O2,CHEMBL319078
DEC_0631,decoy,CCN(CC)CCOc1ccc2cc3ccc(OCCN(CC)CC)c([N+](=O)[O-])c3nc2c1[N+](=O)[O-],CHEMBL46086
DEC_0596,decoy,CC(C)C(c1cccc(NS(=O)(=O)c2ccc(C#N)cc2)c1)c1c(O)c2c(oc1=O)CCCCCC2,CHEMBL275419
DEC_2515,decoy,CC(C)C1CCC(N2CCC(N3C(=O)N[C@@H]4CCCC[C@H]43)CC2)CC1,CHEMBL286411
DEC_2119,decoy,COc1cc(C)ccc1S(=O)(=O)NC(=O)C(c1ccc2c(c1)OCO2)c1cn(C)c2cc(C(N)=O)ccc12,CHEMBL22562
DEC_4550,decoy,CC(C)(C)NC(=O)[C@@H]1CN(Cc2ccc(O)cc2)CCN1C[C@@H](O)[C@H](Cc1ccccc1)NC(=O)O[C@H]1CCOC1,CHEMBL74699
DEC_3597,decoy,O=C(O)c1ccc2c(c1)C(SCCNS(=O)(=O)c1cccnc1)c1ccccc1CO2,CHEMBL296720
DEC_0002,decoy,CC(C)C(=O)N1C(=O)C2(SCCS2)[C@@H]2[C@@H]1CCN2C(=O)C(NC(=O)OC(C)(C)C)C(C)C,CHEMBL46873
DEC_2870,decoy,C#CCN(Cc1cc2c(O)nc(C)nc2cc1C)c1ccc(C(=O)NCc2nccs2)c(F)c1,CHEMBL268151
DEC_0776,decoy,O=c1cc(C(F)(F)F)c2cc3c(cc2o1)NCCC3,CHEMBL268098
DEC_3607,decoy,C[C@]12C[C@H](c3ccc4c(c3)OCCO4)C3=C4CCC(=O)C=C4CCC3C1CC[C@@]2(O)C#Cc1ccc(N2CCCC2=O)cc1,CHEMBL70802
DEC_4027,decoy,CCOc1nc2c(n1Cc1ccc(OC)c(Br)c1)C(=O)N(CC)C1=N[C@@H]3CCC[C@@H]3N12,CHEMBL441223
DEC_2448,decoy,CS(=O)(=O)c1c(C2NC(=O)NC2=O)cc(Cl)cc1C(F)(F)F,CHEMBL440790
DEC_4240,decoy,CCOC(=O)C1=NO[C@]2(C(=O)COC(C)=O)[C@H]1CC1C3CCC4=CC(=O)C=C[C@]4(C)[C@@]3(F)[C@@H](O)C[C@@]12C,CHEMBL9779
DEC_4489,decoy,Cc1ccc(NC(=O)Nc2cc(C(C)(C)C)sc2C(=O)OCCCO)cc1,CHEMBL18282
DEC_0280,decoy,CCn1ncc2c(NCc3ccc(OC)c(Cl)c3)c(C(=O)NCCCCCO)cnc21,CHEMBL269079
DEC_1392,decoy,C=C(c1c(C)c(C)cc(Cl)c1OCC(O)CNC(C)C)n1ccnc1,CHEMBL15386
ACT_015,active,N=C(Nc1ccccc1)SCCCN1C(=O)C2=C(C1=O)n1ccc3cccc(c31)C1Cc3ccccc3N21,CHEMBL487254
DEC_0169,decoy,CC(C)(C)NC(=O)[C@H]1CC[C@H]2[C@@H]3CCC4=CC(=O)CCN4[C@H]3CC[C@]12C,CHEMBL276871
DEC_0445,decoy,COc1ccc(OC)c2c1C1CCC2[C@@H](N)C1,CHEMBL286226
DEC_0454,decoy,CC(=O)[C@@]12OC(C)(c3c(F)c(F)c(N=[N+]=[N-])c(F)c3F)O[C@@H]1CC1C3CCC4=CC(=O)CC[C@]4(C)C3CC[C@@]12C,CHEMBL267542
DEC_1092,decoy,Nc1nc(Cl)c2nnn(C3CC(O)C(CO)C3)c2n1,CHEMBL280564
DEC_0520,decoy,CCc1cc2c(Sc3ccc(C)cc3)cncc2s1,CHEMBL266197
DEC_3470,decoy,CC(=O)Nc1ccc(C(c2ccc(C(C)C)cc(=O)c2O)c2ccc(C(C)C)cc(=O)c2O)cc1,CHEMBL279174
DEC_0937,decoy,C/C(=N\OCCF)c1ccc(Sc2cc(F)cc(C3CCOCC3)c2)cc1,CHEMBL25097
DEC_0164,decoy,[O-][n+]1cncc(C(O)(c2ccc(Cl)cc2)c2ccc(Cl)cc2)c1,CHEMBL29867
DEC_0523,decoy,C[Si](C)(C)OC1(C#N)CCCCCCCCCC1,CHEMBL18921
DEC_2517,decoy,CN(C)CCSC1=Cc2ccccc2Sc2ccc(F)cc21,CHEMBL15607
DEC_1755,decoy,Cc1ccc2c(c1Cl)CN(S(=O)(=O)NS(=O)(=O)N1CCc3ccc(C)c(Cl)c3C1)CC2,CHEMBL280915
DEC_3008,decoy,O=C(O)Cc1cc([N+](=O)[O-])c([N+](=O)[O-])cc1Oc1ccc(Cl)cc1Cl,CHEMBL29872
DEC_4154,decoy,Cc1cc2c(s1)CN(C)CC2c1ccc(Br)cc1,CHEMBL430337
DEC_2441,decoy,CCOC(=O)c1cn2c3c(nc(O)c2n1)-c1ccc(NC(=O)NC)cc1C3,CHEMBL277059
DEC_3316,decoy,C=C1C(=O)c2ccccc2OC1(c1ccccc1)c1cccs1,CHEMBL11090
DEC_2720,decoy,Cc1cc(SC2=C(O)OC(C)(CCc3ccc(O)cc3)CC2=O)c(C(C)(C)C)cc1N,CHEMBL37755
DEC_1691,decoy,C[C@@H]1CC2C3CCC4=CC(=O)C=C[C@]4(C)C3=CC[C@]2(C)[C@H]1C(=O)CN1CCN(c2ccccn2)CC1,CHEMBL278438
DEC_2638,decoy,CCCCCNC(=O)Nc1c(OCCn2cnc(-c3ccccc3)c2)cccc1N(C)C,CHEMBL42813
DEC_3721,decoy,COC(=O)C(NP(=O)(OCC1OC(n2cc(C)c(=O)[nH]c2=O)CC1N=[N+]=[N-])Oc1ccccc1)C(C)C,CHEMBL9109
DEC_2362,decoy,CC1(C)O[C@@H]2CC3C4CCC5=CC(=O)C=C[C@]5(C)[C@@]4(F)[C@@H](O)C[C@]3(C)[C@]2(C(=O)CO)O1,CHEMBL275338
DEC_1035,decoy,CN(C)S(=O)(=O)c1cc2c(N=O)c(O)[nH]c2c2c1CCCC2,CHEMBL10103
DEC_2217,decoy,C=C1/C=C(\C)[C@H](CC)OC(=O)[C@H](C)C(=O)[C@@](O)(CO)[C@@H](OC)/C=C/[C@@H](C)C1,CHEMBL33428
DEC_1887,decoy,CN1C(=O)CCC2=C1CCc1cc(Br)ccc12,CHEMBL16494
DEC_3438,decoy,CO/C(O)=C1\C(C)=NC(C)=C(C(=O)OCCN2C(=O)c3ccccc3S2(=O)=O)C1c1cccc(Cl)c1Cl,CHEMBL312778
DEC_1085,decoy,NC(=O)c1coc([C@@H]2S[C@H](CO)[C@H](O)C2O)c1,CHEMBL22376
DEC_4043,decoy,O=C(Nc1ccc(C(=O)N2Cc3cccn3Cc3ccccc32)cn1)c1ccccc1Br,CHEMBL299532
DEC_4249,decoy,CO[C@@H]1[C@H]2OC(C)(C)O[C@H]2O[C@H]1C1=NOC(C(=O)Nc2ccc(-c3ccccc3S(N)(=O)=O)cc2)C1,CHEMBL51565
DEC_2781,decoy,COc1cc([C@@H]2c3cc4c(cc3[C@@H](Nc3ccc(O)cc3)[C@H]3COC(=O)[C@H]23)OCO4)cc(OC)c1O,CHEMBL29080
DEC_2120,decoy,CC(C)C[C@@H]1N[C@H]2N(C1=O)c1ccccc1[C@@]2(O)C[C@@H]1NC(=O)c2ccccc2-n2c1nc1ccccc1c2=O,CHEMBL283117
DEC_0605,decoy,CN(C)Cc1ccc(CSCCNC(=NC#N)NCCSCc2ccc(CN(C)C)o2)o1,CHEMBL12858
DEC_2029,decoy,CCc1cc(CCCOc2c(C)cc(-c3noc(C4CC4)n3)cc2C)on1,CHEMBL29783
DEC_1579,decoy,N#Cc1ccc(CNc2c(NCC(F)(F)C(F)(F)F)c(=O)c2=O)cc1,CHEMBL281790
DEC_1770,decoy,O=C(CI)N[C@@H]1CCC2C3Cc4ccc(O)c5c4C2(CCN3CC2CC2)[C@H]1O5,CHEMBL441013
DEC_2212,decoy,CCCCC(=O)OC1CCn2c1nc1c2C(=O)C(C)=C(N2CC2)C1=O,CHEMBL430325
DEC_1343,decoy,C=C(C)[C@H]1Cc2c(ccc3c2OC2COc4cc(OC)c(OC)cc4C2(OC(C)=O)C3=O)O1,CHEMBL268834
DEC_0379,decoy,CCC(=O)O/N=C1\COC2(CCN(C)CC2)C1,CHEMBL41461
DEC_1538,decoy,CCC#CC[C@H](C)[C@H](O)C#C[C@@H]1C2CC(c3ccc(F)cc3)(CO2)[C@H]1C/C=C/CCCC(=O)O,CHEMBL273634
DEC_0295,decoy,O=C(O)CCCCCCc1cnccc1CCCNS(=O)(=O)c1ccc(Cl)cc1,CHEMBL297561
DEC_3666,decoy,CN1CCC(Oc2ccc(NC/C=C/c3cc(C(=N)N)ccc3O)cc2C(F)(F)F)CC1,CHEMBL24956
DEC_3201,decoy,CC(/C=C/C(=O)C1=C(O)CN(C)C1=O)=C\c1c(O)ccc2ccccc12,CHEMBL10540
DEC_1540,decoy,Cc1cc(-c2c(F)cc3c(=O)c(Cc4ccc(N(C)C)cc4)cn(C4CC4)c3c2F)cc(C)n1,CHEMBL7689
DEC_2635,decoy,COc1cc(NC(C)CCCN)c2ncccc2c1Oc1ccc(OC(F)(F)F)cc1,CHEMBL12832
ACT_074,active,Cc1cccc(C2(c3cccc(C)c3)CC2C(=O)Nc2ccncc2)c1,CHEMBL1999496
DEC_0977,decoy,CN(C)C(=O)c1ccccc1Sc1ccc(Br)cc1C=O,CHEMBL441022
DEC_3636,decoy,C=C(C)[C@@H]1CC[C@]2(C(=O)N[C@H](C(=O)OC)C(C)C)CC[C@]3(C)[C@H](CC[C@@H]4[C@@]5(C)CC[C@H](O)C(C)(C)[C@@H]5CC[C@]43C)[C@@H]12,CHEMBL278670
DEC_2514,decoy,CC(C)(C)c1cc(C(=O)CCCC2CC2)cc2c1OCCC2(C)C,CHEMBL15058
DEC_2745,decoy,O=C(c1cccc2ccccc12)N1CC[C@H](NCc2ccnc3ccccc23)C[C@H]1Cc1ccccc1,CHEMBL43432
DEC_2165,decoy,C/C(=N\O)c1ccc(Sc2cc(F)cc(C3CCOCC3)c2)cc1,CHEMBL25570
DEC_1632,decoy,COc1nc(-c2cc(C(C)(C)C)c(O)c(C(C)(C)C)c2)ns1,CHEMBL276739
DEC_0289,decoy,CC(C)CCC(=O)O[C@@H]1C[C@](OCCCc2ccc(Cl)cc2)(C(=O)O)C[C@@H](O)[C@H]1O,CHEMBL32753
DEC_1142,decoy,CCCCC/C=C/C(=O)N(O)CCCNC(=O)CC1(O)CC(=O)N(CCCN(O)C(=O)/C=C/CCCCC)C1=O,CHEMBL418656
DEC_0097,decoy,O=C(O)Cc1ccc2c(c1)C(=O)Cc1cc(Cl)ccc1O2,CHEMBL10773
DEC_1337,decoy,COc1ccc(NC(=O)Nc2nc3nn(C)c(SC)c3c3nc(-c4ccco4)nn23)cc1,CHEMBL22113
DEC_4228,decoy,CC1(C)Oc2ccc(C(F)(F)F)cc2C(NC(=O)c2ccc(F)cc2)[C@@H]1O,CHEMBL16658
DEC_0642,decoy,CCC(CC)N(C=O)[C@H]1CCC2C3CC[C@H]4N(C)C(=O)CC[C@]4(C)C3CC[C@@]21C,CHEMBL16533
DEC_0694,decoy,N=C(c1ccc(CN2CCN(S(=O)(=O)c3cc4ccc(Cl)cc4s3)CC2=O)cc1)N1CCCCC1,CHEMBL305097
DEC_0047,decoy,CC(C)OC(=O)N1c2ccccc2C[C@H]1C(=O)N[C@H](C(=O)c1nnc(C(C)(C)C)o1)C(C)C,CHEMBL23100
DEC_2978,decoy,COC1(c2csc(Sc3ccc4c(c3)CC/C4=N\OCC#N)c2)CCOCC1,CHEMBL24239
DEC_4561,decoy,COc1ccc(S(=O)(=O)N(Cc2ccc3c(c2)OCO3)[C@H](CCCNC(=O)c2ccccc2)C(=O)NO)cc1,CHEMBL62908
DEC_2034,decoy,CSc1sc(C(=N)N)cc1-c1nc(-c2ccccc2)c(-c2ccccc2)s1,CHEMBL27566
DEC_0955,decoy,Cc1ccccc1C(OCC(O)CN1C(C)CCCC1C)c1ccccc1C,CHEMBL275387
DEC_1238,decoy,CCC(c1ccc(O)cc1)C(CC)c1ccc(O)c(CCCNS(=O)(=O)c2cccc3c(N(C)C)cccc23)c1,CHEMBL42957
DEC_3163,decoy,CC1(C)C=C(C(=O)NCCCNC(=O)c2cccs2)C(C)(C)N1,CHEMBL15157
DEC_1284,decoy,CCCCNC(=O)N[C@@H](c1ccccc1)[C@@H](O)C(=O)OC1CC2C(C)(C)C1(C)[C@@]13C[C@H](C)c4ccccc4[C@@]21O3,CHEMBL32238
DEC_3398,decoy,COc1ccc2c(c1)C(n1c(Br)nc3c(O)nc(N)nc31)CCC2,CHEMBL11499
DEC_1582,decoy,OCCn1ncc2c1nc(NCc1ccccc1)n1nc(-c3ccco3)nc21,CHEMBL16692
DEC_3642,decoy,N=C(N)c1ccc(OCCCOc2ccc(C(=N)N)cc2Br)c(Br)c1,CHEMBL30044
DEC_3482,decoy,CCCCC1Nc2ccc(C(C)C)cc2C(=O)N1Cc1ccc(-c2ccccc2-c2nn[nH]n2)cc1,CHEMBL15284
DEC_0706,decoy,COc1ccc([C@@H]2c3[nH]c4ccccc4c3C[C@@H]3C(=O)N([C@@H]4CCN(Cc5ccccc5)C4)CC(=O)N23)cc1C,CHEMBL284535
DEC_2322,decoy,CCCc1nc2c(n1Cc1ccc(-c3ccccc3S(=O)(=O)Nc3onc(C)c3C)c(COC)c1)C(=O)CCCC2,CHEMBL268706
DEC_0201,decoy,CC(c1ccccc1)N1C(=O)c2c(F)c(F)c(F)c(F)c2C1=O,CHEMBL10815
DEC_1994,decoy,CC(C)=CCC(OC(=O)Cc1c[nH]c2ccccc12)C1=CC(=O)c2c(O)ccc(O)c2C1=O,CHEMBL27749
DEC_2146,decoy,CC(C)[C@H](NC(=O)CN1C(=O)N[C@H](Cc2c[nH]c3ccccc23)C1=O)C(=O)c1nnc(C(C)(C)C)o1,CHEMBL24260
DEC_4400,decoy,Cn1cncc1C(OCc1ccc(C#N)cc1-c1cc(Cl)cc(Cl)c1)c1ccc(C#N)nc1,CHEMBL289844
DEC_0733,decoy,C/C=C(\NC(=O)C1C(C(C)(C)C)C1(C)C)C(=O)O,CHEMBL12165
DEC_1357,decoy,CC(=O)OCC1=C(C(=O)OC(C)(C)C)N2C(=O)[C@@H](Nc3nc4ccccc4n3C)C2SC1,CHEMBL269315
DEC_4063,decoy,NC(=O)CSc1ccc(CC2CCN(C3CCN(C(=O)c4cccc5ccccc45)CC3)CC2)cc1,CHEMBL12085
DEC_1250,decoy,CCc1cc(C)cc(Oc2cccc(N(Cc3cccc(OC(F)(F)C(F)F)c3)CC(O)C(F)(F)F)c2)c1,CHEMBL302306
DEC_0701,decoy,C[C@@H]1CC2C3C[C@H](F)C4=CC(=O)C=CC4(C)[C@@]3(Cl)C(O)CC2(C)[C@@]1(OC(=O)c1ccco1)C(=O)CCl,CHEMBL38727
DEC_2715,decoy,CC(NCCc1ccc(Cl)cc1)C1CCC2C3CC=C4CC(O)CCC4(C)C3CCC12C,CHEMBL8258
DEC_3581,decoy,CCOC(=O)c1ccc(CCCn2ncc3c2nc(N)n2nc(-c4ccco4)nc32)cc1,CHEMBL442338
DEC_3105,decoy,CC[C@@H]1Cc2cc(C)n(CC(=O)NCc3ccc(N)nc3C)c(=O)c2NC1=O,CHEMBL10657
DEC_3063,decoy,CCOC(=O)N[C@@H](c1ccoc1)[C@@H](O)C(=O)OC1CC2C(C)(C)C1(C)[C@@]13C[C@H](C)c4ccccc4[C@@]21O3,CHEMBL286209
DEC_3075,decoy,C[C@H](CS)C(=O)N1C[C@@H](Sc2ccc(Cl)cc2)C[C@H]1C(=O)O,CHEMBL276505
DEC_2436,decoy,O=C1CCC/C=C\C[C@@H]2C(/C=C\[C@@H](COc3ccccc3)O1)[C@H](O)C[C@@H]2O,CHEMBL273730
DEC_2493,decoy,COc1cc(CN[C@@H]2c3cc4c(cc3[C@@H](c3cc(OC)c(O)c(OC)c3)[C@H]3C(=O)OC[C@@H]32)OCO4)cc(OC)c1,CHEMBL283421
DEC_0966,decoy,Cc1nsc(-c2ccc(N3CCN(c4cccc(C(F)(F)F)c4)CC3)nc2)n1,CHEMBL441951
DEC_0676,decoy,O=C1O[C@H](c2ccccc2)[C@@](Cn2cncn2)(c2ccc(Cl)cc2Cl)O1,CHEMBL273646
DEC_4150,decoy,CC(C)(C)c1cc(C(=O)CS(C)(=O)=O)cc2c1OCC2(C)C,CHEMBL14052
DEC_0623,decoy,CCCc1c(OCCCOc2cccc(NC(=O)CCC(=O)OCC)c2)ccc(C(C)=O)c1O,CHEMBL279355
DEC_3023,decoy,C=C(Cl)CN1C[C@H](OCC23C[C@@H]4[C@H](C)CC[C@H]4C4(C=O)CC2C=C(C(C)C)[C@@]34C(=O)O)OC[C@H]1C,CHEMBL31066
DEC_0896,decoy,C[C@@](O)(/C=C/C1[C@H](O)C[C@@H]2OC(=O)CCC/C=C\C[C@H]12)CCc1ccccc1,CHEMBL429044
DEC_1311,decoy,O=c1c2c(oc(O)c1C(c1cccc(NS(=O)(=O)c3cccc([N+](=O)[O-])c3)c1)C1CC1)CCCCCC2,CHEMBL16777
DEC_1310,decoy,CC[C@H]1CO[C@H]2[C@@H]1[C@H](O)[C@H](OCC13C[C@@H]4[C@H](C)CC[C@H]4C4(C=O)CC1C=C(C(C)C)C34C(=O)O)O[C@@H]2C,CHEMBL295645
DEC_3606,decoy,CC(C)[C@H](NC(=O)Cn1c(-c2ccc(F)cc2)nccc1=O)C(=O)c1nnc(C(C)(C)C)o1,CHEMBL22927
ACT_099,active,Oc1ccc(CN(Cc2cccc(Cl)c2O)C(=S)Nc2ccccc2)cc1,CHEMBL592466
DEC_1953,decoy,CC(=O)OC1=CC[C@H]2CC3C(=C(O)c4c(O)cccc4C3O[Si](C)(C)C(C)(C)C)C(=O)[C@H]2C1,CHEMBL29750
DEC_2580,decoy,CN1CC=C(c2c[nH]c3ccc(O)cc23)CC1,CHEMBL26836
DEC_1494,decoy,Cc1cc(C)cc(-c2[nH]c3ccc(C(C)(C)C(=O)N4CC5CCCC4C5)cc3c2[C@H](C)CNCCCCc2ccncc2)c1,CHEMBL87000
DEC_3668,decoy,O=C(O)[C@@H]1C[C@@H](Sc2ccccc2)CN1C(=O)CP(=O)(O)CCCCc1ccccc1,CHEMBL276109
DEC_0725,decoy,CS(=O)(=O)N1CCC[C@@H]1Cn1ccc2cc(C(=O)N3CCC(N4C(=O)OCc5ccccc54)CC3)ccc21,CHEMBL284410
DEC_2823,decoy,CC(C)c1cccc(C(C)C)c1OS(=O)(=O)NC(=O)OC1C2CC3CC(C2)CC1C3,CHEMBL422929
DEC_1627,decoy,CC(C)(C)c1cc(-c2nnc(N=C(N)N)o2)cc(C(C)(C)C)c1O,CHEMBL16878
DEC_1675,decoy,C1CCN([P@@]2(N3CC3)=NP(N3CC3)(N3CC3)=N[P@@](N3CCCCC3)(N3CC3)=N2)CC1,CHEMBL281050
DEC_1781,decoy,Cc1c(S(=O)(=O)N[C@H]2CCN(Cc3cc4c[nH]ccc-4n3)C2=O)sc2ccc(Cl)cc12,CHEMBL8581
DEC_0165,decoy,O=C1COC(C#Cc2ccoc2)(C(F)(F)F)c2cc(Cl)ccc2N1,CHEMBL31455
DEC_4268,decoy,Cc1noc(NS(=O)(=O)c2cccc3c(NCCCCCc4ccccc4)cccc23)c1C,CHEMBL26786
DEC_2572,decoy,c1ccc2c(CCC3CCNCC3)c[nH]c2c1,CHEMBL276520
DEC_1107,decoy,Nc1nc(O)c2ncn(C[C@]3(CO)C[C@H]3CO)c2n1,CHEMBL285442
DEC_3439,decoy,C[C@H]1Oc2ccc(OCc3nc4cc(F)ccc4s3)cc2[C@H](O)[C@@H]1Cc1cccc(NS(=O)(=O)C(F)(F)F)c1,CHEMBL300701
DEC_3845,decoy,FC(F)(F)c1ccc(-c2nnc(-c3ccc(C(F)(F)F)cc3)nn2)cc1,CHEMBL18109
ACT_041,active,O=C(/N=c1\[nH]c2ccccc2n1[C@H]1CC[C@@H](O)CC1)c1ccnc(-c2cnn3c2OCC(F)(F)C3)c1,CHEMBL6025269
DEC_1334,decoy,CC(=O)OCC(=O)[C@@]12OC(C)(C)O[C@@H]1CC1C3CCC4=CC(=O)C=CC4(C)[C@@]3(F)C(O)CC12C,CHEMBL287063
DEC_4302,decoy,CC(C)(C)c1ccc(C(O)CCCN2CCC(C(O)(c3ccccc3)c3ccccc3)CC2)cc1,CHEMBL17157
DEC_4534,decoy,CN(Cc1cnc2nc(N)nc(N)c2n1)c1ccc(C(=O)NC(CCCCNC(=O)CBr)C(=O)O)cc1,CHEMBL286658
DEC_4377,decoy,CCSc1ccnc(C[S+]([O-])c2nc3ccccc3n2COC(=O)c2ccccc2)c1C,CHEMBL10253
DEC_1660,decoy,Cc1noc(NS(=O)(=O)c2ccc3cccc(N)c3c2)c1C,CHEMBL283879
DEC_0252,decoy,COc1c(Cl)c(O)nc(C(Cl)(Cl)Cl)c1Cl,CHEMBL275922
DEC_1203,decoy,CC(C)[C@H]1OC(=O)O[C@]1(Cn1cncn1)c1ccc(Cl)cc1,CHEMBL273499
DEC_0536,decoy,C=CCN1CCc2ccccc2C1c1ccc2ccccc2c1,CHEMBL21633
DEC_3109,decoy,CNC1=NC(=O)[C@H]([C@@H](CC(=O)OC(C)(C)C)c2c[nH]c3ccccc23)O1,CHEMBL28421
DEC_1672,decoy,C1CCN(P2(N3CCCC3)=NP(N3CCCC3)(N3CCCC3)=NP(N3CC3)(N3CC3)=N2)C1,CHEMBL281678
DEC_2142,decoy,NS(=O)(=O)c1cc(C(=O)N2CCN(CC(O)COc3cccc4ccccc34)CC2)ccc1Cl,CHEMBL40210
DEC_0388,decoy,Nc1nc(N)c2c(n1)CCC(Cc1cccs1)C2,CHEMBL267207
DEC_4349,decoy,COc1ccc(CSc2c(F)c(N3CCN(C)CC3)c(F)c3c2c(=O)c(C(=O)O)cn3C2CC2)cc1,CHEMBL43335
DEC_3569,decoy,C=CCN[C@@H]1c2cc3c(cc2[C@@H](c2cc(OC)c(O)c(OC)c2)[C@H]2C(=O)OC[C@@H]21)OCO3,CHEMBL288788
DEC_2509,decoy,CCC1(c2ccc(Br)cc2)CN(C)Cc2sc(C)cc21,CHEMBL276343
DEC_1184,decoy,CCc1cc(Br)ccc1C/N=c1\c(O)c(O)\c1=N/C(C)(C)C,CHEMBL281629
DEC_3245,decoy,CNCCN1Cc2cccc3c2N(CC3)c2ccccc21.O=C(O)C(=O)O,CHEMBL27625
DEC_0314,decoy,CCC(C)(C)/N=c1\c(O)c(O)\c1=N/Cc1ccc(C)cc1C,CHEMBL20101
DEC_4243,decoy,COc1cc([C@@H]2c3cc4c(cc3[C@@H](OC(=O)c3cccc(N)c3)[C@H]3COC(=O)[C@H]23)OCO4)cc(OC)c1O,CHEMBL418577
DEC_1243,decoy,COc1cccc(Oc2cccc(N(Cc3cccc(OC(F)(F)C(F)F)c3)CC(O)C(F)(F)F)c2)c1,CHEMBL69490
DEC_3885,decoy,CC(C)n1c(=O)nc(-c2ccc(Cl)c(Cl)c2)c2cc3c(cc21)OCO3,CHEMBL416342
DEC_2650,decoy,O=C(O)c1ccc(OCCCc2cc3c(cc2O)CC(CCc2ccccc2)O3)cc1,CHEMBL28093
DEC_1414,decoy,CN(C(=O)[C@H](N=C=S)c1ccccc1)[C@H]1CCCC[C@@H]1N1CCCC1,CHEMBL17336
DEC_1200,decoy,Cc1noc(NS(=O)(=O)c2cccc3cc(N(C)C)ccc23)c1C,CHEMBL27073
DEC_0735,decoy,CC1(C)N=C(N)N=C(N)N1c1ccc2c(c1)CCCC2,CHEMBL33066
DEC_3536,decoy,CC1Cc2ccccc2N1NC(=O)c1ccc(Cl)c(S(=O)(=O)NC(=O)c2ccc3cc(C(F)(F)P(=O)(O)O)ccc3c2)c1,CHEMBL322377
DEC_0643,decoy,CC(=O)Oc1nc(C(Cl)(Cl)Cl)c(Cl)c(OC(C)=O)c1Cl,CHEMBL11954
DEC_0189,decoy,CN(C)c1ccc(-c2nnc3c4ccccc4c(N4CCCC4)nn23)cc1,CHEMBL14237
DEC_1270,decoy,CC1(CCCCN2CCN(c3ccccc3)CC2)COC(c2nc(-c3ccccc3)c(-c3ccccc3)[nH]2)OC1,CHEMBL33229
DEC_2636,decoy,CCN(CC)CCNc1nc(Nc2ccc(Cl)c(Cl)c2)c2ccccc2n1,CHEMBL32898
DEC_0851,decoy,C/C=C/C1=C(C(=O)O)N2C(=O)[C@@H](NC(=O)[C@H](N)c3ccc(O)cc3)[C@H]2SC1,CHEMBL276568
DEC_3070,decoy,CCCC(=O)N[C@@H](c1ccccc1)[C@@H](O)C(=O)OC1CC2C(C)(C)C1(C)[C@@]13C[C@H](C)c4ccccc4[C@@]21O3,CHEMBL31626
DEC_0126,decoy,CC(=O)Nc1ccc(S(=O)(=O)Nc2cc(C(C)(C)C)c(SC3=C(O)OC(C)(CCc4ccc(O)cc4)CC3=O)cc2C)cc1,CHEMBL92476
DEC_3176,decoy,C=C(c1cc(C)cc(C)c1OCC(O)CNC(C)(C)C)n1ccnc1,CHEMBL15454
DEC_1245,decoy,O=C(O)[C@@H](CC1CCC1)N1C[C@H](CN2CCC(CCC(F)(F)c3ccc(F)cc3)CC2)[C@@H](c2cccc(F)c2)C1,CHEMBL21117
DEC_4157,decoy,CCC1CCN(C)c2cc3oc(=O)cc(C(F)(F)F)c3cc21,CHEMBL6530
DEC_1696,decoy,COC(=O)CCC(O[C@H]1O[C@@H]2OC3(C)CC[C@H]4[C@H](C)CCC([C@H]1C)C24OO3)c1ccc(Cl)cc1,CHEMBL31473
DEC_0336,decoy,CCNCc1cccc(I)c1.Cl,CHEMBL14011
DEC_3282,decoy,CN(Cc1cc(C(F)(F)F)cc(C(F)(F)F)c1)C(=O)c1c(CN)nc2ccccc2c1-c1ccccc1,CHEMBL25521
DEC_2940,decoy,c1ccc(CCN2CCN3CC(c4ccccc4)c4ccccc4C3C2)cc1,CHEMBL266039
DEC_4478,decoy,COc1ccc2c(ccc3c2[nH]c2c4ccccc4nc(NCCCN(C)C)c32)c1,CHEMBL274096
DEC_0099,decoy,CN(C)CCC(=O)c1cc(C(C)(C)C)c2c(c1)C(C)(C)CO2,CHEMBL13592
DEC_4042,decoy,COc1ccc2c3c1OC1[C@@H](O)[C@](C)(CCc4ccccc4)CC4C(C2)N(CC2CCC2)CCC341,CHEMBL9586
DEC_2769,decoy,CC1CC(=O)NN=C1c1ccc2nc(C3CC3)n(Cc3ccc(-c4ccccc4-c4nn[nH]n4)cc3)c2c1,CHEMBL24224
DEC_2324,decoy,CN(C)Cc1oc2ccccc2c1CC(C)(NC(=O)OC1C2CC3CC(C2)CC1C3)C(=O)NCCc1ccccc1,CHEMBL292957
DEC_3332,decoy,CC(=O)OC(C(C)=O)[C@@]12CCC[C@H]1[C@@H]1CCC3=CC(=O)CC[C@@H]3[C@H]1CC2,CHEMBL273571
DEC_1306,decoy,C=C(C(=O)N1C[C@H]2[C@@]3(c4ccc(OCC(=O)O)cc4)CC[C@H](c4ccccc43)[C@@]2(C(=O)O)C1)c1ccccc1OC,CHEMBL297030
DEC_4232,decoy,C=C1[C@@H](O)C[C@H](OC(C)=O)[C@@]2(C)[C@@H](OC(C)=O)[C@H](OC(C)=O)C3=C(C)C(=O)C[C@@H]([C@@H](OC(C)=O)[C@H]12)C3(C)C,CHEMBL310157
DEC_1201,decoy,CN1CCN(c2cc3c(cc2F)c(=O)c(C(=O)O)c2n3CCS2)CC1,CHEMBL28682
DEC_1048,decoy,Oc1cc(/C=C/C(Br)Br)nc(O)n1,CHEMBL22192
DEC_2751,decoy,CC1(c2ccc(O)cc2)c2cc(C(=O)O)sc2C(=O)c2c1c1ccccc1n2Cc1ccccc1,CHEMBL279995
DEC_2922,decoy,CS(=O)(=O)c1ccc(C2=C(c3cc(Cl)cc(Cl)c3)C(=O)CC2)cc1,CHEMBL282924
DEC_2657,decoy,CCOC(=O)CCCCO/N=C(\c1ccc(CN2CCN(C(=O)C3CSC(c4cccnc4)N3)CC2)cc1)c1cccnc1,CHEMBL324118
DEC_3558,decoy,CN(C)CCc1c[nH]c2ccc(Cc3nc(Cc4ccc(NS(C)(=O)=O)cc4)no3)cc12,CHEMBL39801
DEC_2004,decoy,CCCCCN(C=O)[C@H]1CCC2C3CC[C@H]4N(C)C(=O)CC[C@]4(C)C3CC[C@@]21C,CHEMBL275153
DEC_2848,decoy,CCCCc1nc2c(n1Cc1ccc(-c3ccccc3-c3nn[nH]n3)cc1)CCCCC2=O,CHEMBL290917
DEC_1970,decoy,COc1cc([C@@H]2c3cc4c(cc3[C@@H](Oc3ccc(F)cc3)[C@H]3COC(=O)[C@H]23)OCO4)cc(OC)c1O,CHEMBL32568
DEC_4457,decoy,CC(=O)Nc1cccc2c(S(=O)(=O)Nc3onc(C)c3C)cccc12,CHEMBL30199
DEC_3945,decoy,N#Cc1cccnc1N1CCN(CCCCN2C(=O)CC3(CCCc4ccccc43)C2=O)CC1,CHEMBL285249
DEC_0584,decoy,O=S(=O)(N/N=C/C1NN(c2ccc(F)cc2)C2C(Cc3cccc4ccccc34)CCCC12)c1ccccc1,CHEMBL313352
DEC_2483,decoy,COc1cc([N+](=O)[O-])ccc1N[C@@H]1c2cc3c(cc2[C@@H](c2cc(OC)c(O)c(OC)c2)[C@H]2C(=O)OC[C@@H]21)OCO3,CHEMBL78212
DEC_1584,decoy,CC1(C)N=C(N)N=C(N)N1c1cccc(C[Se]c2ccccc2)c1,CHEMBL20224
DEC_0540,decoy,CCCc1cc2c(s1)CN(C)CC2c1ccc(F)cc1,CHEMBL16003
DEC_2299,decoy,CCCN1[C@@H]2CC[C@H]1C[C@H](N(c1ccccc1)c1ccc(C(=O)N(CC)CC)cc1)C2,CHEMBL13286
DEC_3724,decoy,COC(=O)C(C)NP(=O)(OCC1OC(n2cc(C)c(=O)[nH]c2=O)CC1N=[N+]=[N-])Oc1ccc(C)cc1,CHEMBL266159
DEC_0221,decoy,CC(/C=C/C(=O)C1=C(O)CN(C)C1=O)=C\C1CCCCC1,CHEMBL10359
DEC_3529,decoy,CN(CCCNC(=O)c1cc(Cl)c2c(O)c3ccccc3nc2c1)CCCNC(=O)c1ccc(Cl)c2c(O)c3ccccc3nc12,CHEMBL107013
DEC_1403,decoy,CCCCCCCCc1nc2c([nH]1)N1C(=N[C@@H]3CCC[C@@H]31)N(C)C2=O,CHEMBL18817
DEC_2415,decoy,CC(/N=c1\c(O)c(O)\c1=N/c1cncc(Br)c1)C(C)(C)C,CHEMBL278299
DEC_2405,decoy,CN1C(=O)C=C[C@]2(C)C3CC[C@@]4(C)C(CC[C@@]4(O)C#CCCCO)C3CCC12,CHEMBL430283
DEC_2270,decoy,CCC(C)c1ccc(N/N=C(\N=N\c2nnnn2-c2ccccc2)c2ccccc2)cc1,CHEMBL23344
DEC_2881,decoy,Cc1oc(-c2ccc(C(F)(F)F)cc2)nc1COc1ccc2oc(Cn3oc(=O)[nH]c3=O)cc2c1,CHEMBL6925
DEC_2735,decoy,CCN(c1nc(C)cc(-c2ccccc2NC)n1)c1ccc(C(C)C)cc1Br,CHEMBL273745
DEC_3818,decoy,CN1CC=C(c2c[nH]c3ccc(C(N)=O)cc23)CC1,CHEMBL283398
DEC_3819,decoy,CNCC(O)c1ccc(O)c2nc(O)sc12,CHEMBL29141
DEC_0585,decoy,CN(C)Cc1n[nH]nc1CN1CCOC2(CCC(c3ccccc3C(F)(F)F)CO2)C1c1ccc(F)cc1,CHEMBL84881
DEC_0331,decoy,O=C(O)C1CCc2sc(CCn3ccnc3)cc2C1,CHEMBL23088
DEC_0593,decoy,C=C1C[C@@]23O[C@]2(c2ccccc21)C1CC(OC(=O)[C@H](O)[C@@H](NC(=O)NC(C)C)c2ccccc2)C3(C)C1(C)C,CHEMBL32399
DEC_3749,decoy,CC(C)=CCc1cc(C2CC(=O)c3ccc4c(c3O2)C=CC(C)(C)O4)ccc1O,CHEMBL34331
DEC_3830,decoy,CCC(C)/N=c1\c(O)c(O)\c1=N/c1ccc(C#N)cc1,CHEMBL19025
DEC_2375,decoy,C/C=C(/C)C(=O)O[C@@]12C[C@@H](C)[C@]3(O)C4C=C(C)C(=O)[C@@]4(O)CC(CO)=C[C@H]3[C@@H]1C2(C)C,CHEMBL415108
DEC_1740,decoy,Oc1cc(NC[C@H]2CCC[C@@H]2NCc2cc(Br)cc(Br)c2)nc2ccccc12,CHEMBL281179
DEC_2561,decoy,COc1cc(C)c2[nH]cc(CCN(C)C)c2c1,CHEMBL20243
DEC_3207,decoy,C[C@@H](/N=c1\c(O)c(O)\c1=N/c1ccc(C#N)c2c1CCCC2)C(C)(C)C,CHEMBL275401
DEC_0459,decoy,Clc1cc2nc(SCCCCn3c(C4CCNCC4)nc4cc(Cl)c(Cl)cc43)[nH]c2cc1Cl,CHEMBL20967
DEC_1029,decoy,O=C(c1ccc(OCCN2CCCCC2)cc1)c1c(-c2ccc(C(F)(F)F)cc2)sc2cc(O)ccc12,CHEMBL46626
DEC_0036,decoy,O=C(Cn1c(Cl)cnc(NCC(F)(F)c2cccc[n+]2[O-])c1=O)NCc1cc(F)ccc1F,CHEMBL29510
DEC_2015,decoy,CN(CCF)Cc1ccccc1Sc1ccc(I)cc1N,CHEMBL22643
DEC_3184,decoy,CNc1cccc2c(S(=O)(=O)Nc3onc(C)c3C)cccc12,CHEMBL27370
DEC_3456,decoy,COc1ccc(C2=C(c3ccc(SC)cc3)CC3CCCN3C2=O)cc1OC(=O)CNC(=O)OC(C)(C)C,CHEMBL44382
DEC_3689,decoy,COC(=O)C[C@](O)(CCC(C)(C)O)C(=O)O[C@@H]1C(OC)=C[C@]23CCCN2CCc2cc4c(cc2[C@H]13)OCO4,CHEMBL433257
DEC_0184,decoy,Nc1nc2ccnc(-c3cc(C(F)(F)F)cc(C(F)(F)F)c3)n2n1,CHEMBL21428
DEC_0257,decoy,CN(C)Cc1ccc(CSCCNC(=O)CSCc2ccc(CN(C)C)o2)o1,CHEMBL12941
DEC_4000,decoy,CO[C@]1(c2cnc(S(=O)(=O)c3ccc(/C(C)=N/OCC#N)cc3)s2)CCO[C@@H](C)C1,CHEMBL25627
DEC_0710,decoy,Cc1ccc(S(=O)(=O)N(c2ccc3c(c2)C(=O)C(=O)c2ccccc2-3)S(=O)(=O)c2ccc(C)cc2)cc1,CHEMBL54164
DEC_0831,decoy,O=C1O[C@H](c2ccccc2)[C@@](Cn2cncn2)(c2ccccc2Cl)O1,CHEMBL273259
DEC_2016,decoy,CCC(C)NCc1ccc2n1-c1ccccc1SC2C1=CCC(OC)(OC)C=C1,CHEMBL24998
DEC_1830,decoy,CCc1nc2cc(OC3CCN(C(C)=N)CC3)ccc2n1C/C(C)=C/c1cccc(N)c1,CHEMBL24565
DEC_2031,decoy,CCCCCc1cc(OC(C)=O)c2c(c1)OC(C)(C)[C@@H]1CCC(COC(C)=O)CC21,CHEMBL10707
DEC_2294,decoy,CCCCc1nc(N(Cc2ccccc2)Cc2ccccc2)c2sccc2n1,CHEMBL31773
DEC_3567,decoy,CCNc1cnc(-c2cccs2)n(CC(=O)NC(C(=O)C(F)(F)F)C(C)C)c1=O,CHEMBL415972
DEC_3182,decoy,OCCCCn1c(Cn2c(O)nc3ccccc32)nc2ccccc21,CHEMBL277987
DEC_1797,decoy,O=C1c2cc(Br)ccc2[C@@H]2[C@H](C(=O)O)[C@H](C(=O)O)[C@@H]2c2ccc(Br)cc21,CHEMBL30297
DEC_3626,decoy,O=c1c2c(n(O)c3ccc(Cl)cc13)CC(c1cccc(C(F)(F)F)c1)C/C2=N\C1CCN(Cc2ccccc2)CC1,CHEMBL116740
DEC_2495,decoy,CC(=O)[C@]1(O)Cc2c(c(O)cc3c(=O)c4ccccc4oc23)[C@@H](OC2C[C@@H](NC(=O)C(F)(F)F)[C@@H](O)C(C)O2)C1,CHEMBL306352
DEC_2413,decoy,CN1C(=O)C=C[C@]2(C)C3CC[C@@]4(C)C(CC[C@@]4(O)C#CCCO)C3CCC12,CHEMBL10177
DEC_3314,decoy,CC/C(=C(\CC(F)(F)F)c1ccc(O)cc1)c1ccc(O)cc1,CHEMBL29306
ACT_016,active,C#Cc1cc(Nc2ncnc3cc(OCCOC)c(OCCOC)cc23)cc(OCCOCC)c1,CHEMBL5810551
DEC_3747,decoy,CCCC(=O)OC1=C(c2ccc(OC)cc2)[S+]([O-])c2ccccc2-n2cccc21,CHEMBL284154
DEC_0148,decoy,COC(=O)c1[nH]c2c(O)cc3c(c2c1C(=O)OC)C(CCl)CN3C(=O)c1cc2cc(NC(=O)c3cc4ccccc4o3)ccc2[nH]1,CHEMBL351949
DEC_4023,decoy,COc1oc(=O)c2cc(NC(=O)C(NS(=O)(=O)c3ccc(C)cc3)C(C)C)ccc2c1Cl,CHEMBL14261
DEC_1396,decoy,CC1CCCN(CCC(C)N(C)S(=O)(=O)c2cccc3ccccc23)C1,CHEMBL13049
DEC_0434,decoy,Cn1cccc1C1NC(=O)c2cccnc2N1,CHEMBL266776
DEC_3623,decoy,CN(C)CCC/N=C1\CC(c2ccc(C(F)(F)F)cc2)Cc2nc3c(Br)cc(Br)cc3c(O)c21,CHEMBL333629
DEC_3459,decoy,CCCC1(CCc2ccc(O)cc2)CC(=O)C(Sc2cc(C)c(N)cc2C(C)(C)C)=C(O)O1,CHEMBL290442
DEC_2830,decoy,[O-][S+](CCC(F)(F)C(F)(F)F)c1nc(-c2ccccc2)c(-c2ccccc2)[nH]1,CHEMBL18375
DEC_2692,decoy,COc1cc(C(=O)N2CCN(C(=O)c3cc(OC)c(OC)c(OC)c3)C(COC(=O)NCCC(C)C)C2)cc(OC)c1OC,CHEMBL6202
DEC_3744,decoy,CC(C)c1cccc(C(C)C)c1OC(=O)NS(=O)(=O)N1CCc2ccccc21,CHEMBL279235
DEC_0431,decoy,Cn1c(O)nc2cc3c(cc21)C(C)(C)C(=O)N3,CHEMBL37821
DEC_3041,decoy,Cc1noc(NS(=O)(=O)c2ccccc2-c2ccc(-c3ncco3)cc2CN(C)CC(C)C)c1C,CHEMBL281869
DEC_2915,decoy,COc1ccc(C2Sc3ccccc3-n3c(CN(C)C)ccc32)cc1,CHEMBL277363
DEC_4391,decoy,CC/C(=C(\c1ccccc1)c1ccc(OC(C)=O)c(OC(C)=O)c1)c1cccc(OC(C)=O)c1,CHEMBL283246
DEC_3054,decoy,CCCCc1nn(-c2ccccc2C(F)(F)F)c(=O)n1Cc1ccc(-c2ccccc2-c2nn[nH]n2)cc1,CHEMBL19018
DEC_2507,decoy,c1ccc(C2(c3ccccc3)Sc3ccccc3-n3cccc32)cc1,CHEMBL26495
DEC_2923,decoy,CC(C)(C)C(=O)Oc1ccc(Oc2ccc(OC(=O)C(C)(C)C)cc2)cc1,CHEMBL10157
DEC_2280,decoy,COc1cc2cc[nH]c2cc1OCCCN1CCC(c2noc3cc(F)ccc23)CC1,CHEMBL14148
DEC_1996,decoy,Fc1ccc(-c2ncn(C3CCNCC3)c2-c2ccnc(Oc3ccc4c(c3)OCO4)n2)cc1,CHEMBL273611
DEC_0942,decoy,C#CCOc1ccc2c(c1OC)-c1ccc3c(c1C(CC=C)O2)C(C)=CC(C)(C)N3,CHEMBL266488
DEC_4528,decoy,C#CCONC(=O)O[C@H]1[C@@H](O)[C@H](Oc2ccc3c(O)c(/C(C)=N/OC)c(=O)oc3c2C)OC(CC)(CC)[C@@H]1OC,CHEMBL46079
DEC_0670,decoy,Cc1cc(C(c2cccc(C(F)(F)F)c2)N2CCN(C)CC2)sn1,CHEMBL22288
DEC_4438,decoy,COc1ccc([C@@H]2Sc3ccccc3N(CCO)C(=O)[C@@H]2OC(C)=O)cc1,CHEMBL279313
DEC_1075,decoy,CCOCCn1c(N2CCCN(CC)CC2)nc2ccccc21,CHEMBL17474
DEC_0864,decoy,CN1CN(C)c2nc3n(Cc4ccccc4)c(O)c(CCO)c(=O)n3c2C1=O,CHEMBL14109
DEC_1968,decoy,COc1cc([C@@H]2c3cc4c(cc3[C@@H](Nc3ccc(F)cc3)[C@H]3COC(=O)[C@H]23)OCO4)cc(OC)c1O,CHEMBL281692
DEC_0285,decoy,CCCCc1nc(Cl)c(CC(=O)OC)n1Cc1ccc(NC(=O)CCCC(=O)O)cc1,CHEMBL25574
DEC_2748,decoy,CC(NC(=O)CCc1ccccc1)C1CCC2C3CC=C4CC(O)CCC4(C)C3CCC12C,CHEMBL266331
DEC_0472,decoy,CC1(c2cccc(CC(=O)O)c2)c2cc(C(=O)O)sc2C(=O)c2c1c1ccccc1n2Cc1ccccc1,CHEMBL273546
DEC_2664,decoy,COC(=O)[C@@H](COC(=O)/C=C/c1ccc(OC(C)=O)c(OC(C)=O)c1)NC(=O)/C=C/c1ccc(OC(C)=O)c(OC(C)=O)c1,CHEMBL34400
DEC_4028,decoy,Cc1oc(-c2ccc(Cl)cc2)nc1COc1cccc(/C=C/C(C)n2oc(=O)[nH]c2=O)c1,CHEMBL414010
DEC_3989,decoy,CCCCn1c(=O)c2c(nc3n(Cc4cccs4)c(O)c(CCC)c(=O)n23)n(CCCC)c1=O,CHEMBL13084
DEC_0573,decoy,C[C@@H]1CCC2[C@@H](C)[C@@H](OC(CCC(=O)O)c3ccc(Br)cc3)O[C@@H]3OC4(C)CC[C@@H]1C23OO4,CHEMBL31210
DEC_4015,decoy,CC(C)COc1nc2ccc(C(C)O)cn2c(=O)c1Cc1ccc(-c2ccccc2-c2nn[nH]n2)cc1,CHEMBL54699
DEC_3020,decoy,CN1CC=C(c2c(O)cc(O)c3c(=O)cc(-c4cccc(Cl)c4)oc23)CC1,CHEMBL266824
ACT_050,active,CC(=O)N1CCN(C(=O)Cn2c(-c3ccc(C)cc3)csc2=N)CC1,CHEMBL2437294
DEC_0773,decoy,C/N=C(/NC#N)C1=CC(C)(C)Oc2ccc(C#N)cc21,CHEMBL13613
DEC_0011,decoy,CC(C)C(NC(=O)OC(C)(C)C)C(=O)N1CC[C@H]2[C@H]1C1(SCCS1)C(=O)N2C(=O)C1CC1,CHEMBL46400
DEC_4487,decoy,NC(=O)[C@H](CC1CCCCC1)NC(=O)c1ccc(Cl)c(-c2ccc(Cl)cc2)c1,CHEMBL283499
DEC_4335,decoy,CC(=O)N1CCc2ccc(N(C(=O)/C=C/c3cccc([N+](=O)[O-])c3)C3CCN(Cc4ccccc4)CC3)cc21,CHEMBL20553
DEC_3379,decoy,CC1CN(C(=O)N2Cc3c(C(=O)OC(C)(C)C)ncn3-c3ccc(Cl)cc32)CCN1,CHEMBL15180
DEC_1509,decoy,O=C(O)CSC(CCCc1ccccc1)(CCc1ccccc1)c1ccc(OCc2ccc3ccccc3n2)cc1,CHEMBL281308
DEC_2214,decoy,CC1(C)N=C(N)N=C(N)N1c1cccc(I)c1,CHEMBL268414
DEC_4343,decoy,CC(C)N1N=C2/C(=C/c3cccc(C(F)(F)F)c3)CS(=O)(=O)CC2C1c1cccc(C(F)(F)F)c1,CHEMBL290621
DEC_0878,decoy,CN(CCO)S(=O)(=O)c1ccc2oc3ccc(C(=O)O)cc3c(=O)c2c1,CHEMBL23567
DEC_0358,decoy,Cc1c(C)c2c(c(C)c1O)SC(CCCO)O2,CHEMBL38172
DEC_0739,decoy,c1csc(C2NCCc3c2[nH]c2ccccc32)c1,CHEMBL289606
DEC_1481,decoy,CCc1cc(CCNC[C@@H](C)c2c(-c3cc(C)cc(C)c3)[nH]c3ccc(C(C)(C)C(=O)N4CC5CCC4CC5)cc23)ccn1,CHEMBL432450
DEC_3155,decoy,Cn1c(=O)c2nc(-c3ccc(S(=O)(=O)Oc4ccc([N+](=O)[O-])cc4)cc3)[nH]c2n(C)c1=O,CHEMBL9030
DEC_0797,decoy,C[S+]([O-])c1nnc(-c2cc(C(C)(C)C)c(O)c(C(C)(C)C)c2)s1,CHEMBL16522
DEC_2156,decoy,C=CCC1Oc2cccc(C=C)c2-c2ccc3c(c21)C(C)=CC(C)(C)N3,CHEMBL267940
DEC_2410,decoy,C[C@H]1C[C@H]2[C@@H]3CCC4=CC(=O)C=C[C@]4(C)[C@@]3(F)[C@@H](O)C[C@]2(C)[C@@]1(O)C(=O)CO,CHEMBL632
DEC_0794,decoy,CCCOc1c(Cl)c(OC)nc(C(Cl)(Cl)Cl)c1Cl,CHEMBL276861
DEC_0502,decoy,O=[N+]([O-])c1cc2c(OCCC3CCCCN3)c(-c3cc(C(F)(F)F)cc(C(F)(F)F)c3)c(O)nc2cc1Cl,CHEMBL296198
DEC_0045,decoy,N#Cc1cc2cc(OCc3cccc(C4(O)CC5COC(C4)O5)n3)ccc2c(-c2ccoc2)n1,CHEMBL417464
DEC_0601,decoy,CC1(C)CC(=O)NN=C1c1ccc2nc(C3CC3)n(Cc3ccc(-c4ccccc4-c4nn[nH]n4)cc3)c2c1,CHEMBL283055
DEC_1585,decoy,CC(C)(C)CC(C)(C)NS(=O)(=O)c1ccc(-n2ncc(=O)[nH]c2=O)cc1,CHEMBL417070
DEC_2348,decoy,CCCCc1nc2ccc(COc3ccccn3)cc2c(=O)n1Cc1ccc(-c2ccccc2-c2nn[nH]n2)cc1,CHEMBL15203
DEC_1143,decoy,CCCC(=O)CCC[C@]12O[C@H](C(=O)O)[C@@](O)(C(=O)O)[C@](C(=O)O)(O1)[C@H](OC(=O)CC[C@@H](C)C[C@@H](C)CC)[C@H]2O,CHEMBL86400
DEC_1023,decoy,Cc1c(C)c2c(c(C)c1OCc1ccccc1)C(COc1ccc(/C=C3\SC(=O)NC3=O)cc1)C(C)(C)O2,CHEMBL57265
DEC_1440,decoy,CCC(c1ccc(O)cc1)C(CCI)c1ccc(O)cc1,CHEMBL268856
DEC_1144,decoy,CCOC(=O)[C@@H](CC1CCCCC1)NC(=O)[C@H](CC(=O)O)NC(=O)CN(CC)C(=O)CCCC1CCNCC1,CHEMBL419851
DEC_3393,decoy,CN1c2ccccc2N(C(=O)CN2CCOCC2)c2ccccc2S1(=O)=O,CHEMBL282295
DEC_1751,decoy,C=C(C)[C@@H]1CC[C@]2(C(=O)NCC(=O)O)CC[C@]3(C)[C@H](CC[C@@H]4[C@@]5(C)CC[C@H](O)C(C)(C)[C@@H]5CC[C@]43C)[C@@H]12,CHEMBL429204
DEC_0031,decoy,O=C1[C@@H](NS(=O)(=O)c2ccc(-c3ccncc3)s2)CCN1Cc1cc2c[nH]ccc-2n1,CHEMBL416515
DEC_2938,decoy,COC1(c2csc(Sc3ccc4c(c3)CC/C4=N\O)c2)CCOCC1,CHEMBL283523
DEC_1782,decoy,CC(C)(N)C(=O)N[C@H](Cc1c[nH]c2ccccc12)C(=O)N1CCC2(CC1)Cc1ccccc1C2=O,CHEMBL13366
DEC_4172,decoy,O=C(c1c(F)c(F)c(F)c(F)c1F)c1ccc2n1CCC2C(=O)O,CHEMBL9098
DEC_3107,decoy,CC1CC/C(=N\Nc2ccc(Br)cc2)c2ncc(C(=O)O)c(=O)n21,CHEMBL15469
DEC_2706,decoy,Cc1cc(SC2=C(O)OC(CCc3ccc(N)cc3)(C(C)C)CC2=O)c(C(C)(C)C)cc1N,CHEMBL38269
DEC_4353,decoy,Cc1noc(NS(=O)(=O)c2ccccc2-c2ccc(-c3ncco3)cc2CC(=O)NC(C)(C)C)c1C,CHEMBL30215
DEC_3871,decoy,CN(C(=O)c1ccc(F)cc1)C1c2cc(C#N)ccc2OC(C)(C)[C@H]1O,CHEMBL16317
DEC_4398,decoy,COc1cccc(Sc2c(NS(=O)(=O)c3ccc(C(C)(C)C)cc3)noc2CCCC#N)c1,CHEMBL300066
DEC_2592,decoy,C(=N\c1ccc(-c2ncon2)cc1)\c1ccc[nH]1,CHEMBL21837
DEC_1596,decoy,CCCCC(=O)OC1CCn2c1nc1c2C(=O)C(C)=C(NC(C)=O)C1=O,CHEMBL17762
DEC_2304,decoy,C=C(Cl)CN1C[C@H](OCC23C[C@@H]4[C@H](C)CC[C@H]4C4(C=O)CC2C=C(C(C)C)[C@@]34C(=O)O)OC[C@H]1C(C)C,CHEMBL431297
DEC_4475,decoy,O=C(N[C@@H](CC1CCCCC1)C(=O)O)c1ccc(Cl)c(-c2cccc(Cl)c2)c1,CHEMBL30491
DEC_2277,decoy,C=C(C)c1ccc(OCCCN2CCC(c3noc4cc(F)ccc34)CC2)c(OC)c1,CHEMBL14681
DEC_3906,decoy,CC(C)[C@H]1OC(=O)O[C@]1(Cn1cncn1)c1ccc(Cl)cc1Cl,CHEMBL10649
DEC_4019,decoy,CC(COc1ccc2ccnc(N)c2c1)N1Cc2cc(-c3ccccc3S(N)(=O)=O)ccc2C1=O,CHEMBL44917
DEC_1768,decoy,N[C@H]1CC(CN2CCCC2)N(c2cc3c(cc2F)c(=O)c(C(=O)O)cn3-c2ccc(F)cc2F)C1,CHEMBL288881
DEC_0004,decoy,CO/C1=C\C(C)=C\[C@@H](C)[C@@H](O)[C@@H](C)C/C(C)=C/C=C/[C@H](OC)[C@@H]([C@@H](C)[C@@H](O)[C@H](C)C(=O)O)OC1=O,CHEMBL293082
DEC_1264,decoy,O=c1cc(C(CC2CC2)CC2CC2)oc(O)c1C(c1cccc(NS(=O)(=O)c2ccc(F)cc2)c1)C1CC1,CHEMBL80882
DEC_1735,decoy,Cc1ccc2c(c1)N(CC(=O)NC(C)(C)C)C(=O)[C@H](NC(=O)Nc1cccc(Cl)c1)C[C@@H]2c1ccccc1,CHEMBL291458
DEC_2696,decoy,CCOC(=O)CNC(=O)OC1(c2ccc(OC)cc2)OC(=O)C(c2ccc3c(c2)OCO3)=C1Cc1cc(OC)c(OC)c(OC)c1,CHEMBL319452
DEC_3024,decoy,CC(C)C1=CC2CC3(C=O)[C@@H]4CC[C@@H](C)[C@H]4CC2(CO[C@H]2CN(C/C=C\Cl)[C@H](C)CO2)[C@]13C(=O)O,CHEMBL34686
DEC_0570,decoy,CC1CC2C3CCC4=CC(=O)C=CC4(C)[C@@]3(Cl)C(Cl)CC2(C)[C@@]1(OC(=O)c1cccs1)C(=O)CO,CHEMBL10679
DEC_0014,decoy,CCNC(=O)N(CCCN(C)C)C(=O)[C@@H]1C[C@@H]2c3cc(C(C)(C)C)cc4[nH]cc(c34)C[C@H]2N(C)C1,CHEMBL276013
DEC_1182,decoy,CC1OC=C(CO)[C@H]2C[C@H]3c4[nH]c5ccccc5c4CCN3CC12,CHEMBL15238
DEC_0655,decoy,O=C(O)CN1CCC2(CCC(C(=O)N3CCC(C4CCCCC4)CC3)CC2)CC1,CHEMBL24671
DEC_0617,decoy,COc1ccc(CCN(C)CCCOc2ccc(S(=O)(=O)c3c[nH]nc3C(C)C)cc2)cc1OC,CHEMBL34508
DEC_1508,decoy,Cc1cc(C)cc(-c2[nH]c3ccc(C(C)(C)C(=O)N4CC5CCC4CC5)cc3c2[C@H](C)CNCCCCc2ccncc2)c1,CHEMBL265288
DEC_0232,decoy,CCC[C@H]1OC(=O)O[C@]1(Cn1cncn1)c1ccc(Cl)cc1,CHEMBL10259
DEC_2525,decoy,CC(C)[C@H]1CC2C3CCC(=O)C3(C)CCC2C2(C)CCC(=O)C=C12,CHEMBL25473
DEC_3742,decoy,CS(=O)(=O)c1ccc(-c2sc(C(F)(F)F)nc2-c2ccc(F)cc2)cc1,CHEMBL265585
DEC_0999,decoy,COc1ccc2c(c1)c(Cc1csc(-c3ccccc3Cl)n1)c(C)n2C(=O)c1ccc(Cl)cc1,CHEMBL283902
DEC_1889,decoy,Cc1ccc2c(c1)c(C1=NCC3(CN4CCC3CC4)O1)cn2C,CHEMBL267297
DEC_2144,decoy,COc1cc([C@@H]2c3cc4c(cc3[C@@H](Nc3ccc([N+](=O)[O-])cc3)[C@H]3COC(=O)[C@]23F)OCO4)cc(OC)c1O,CHEMBL286089
ACT_001,active,C=CC(=O)N1CCC(C2CCNc3c(C(N)=O)c(-c4cc(OC)c(Cl)c(OC)c4)nn32)CC1,CHEMBL5289250
DEC_3814,decoy,Cc1noc(NS(=O)(=O)c2ccc(O)cc2)c1C,CHEMBL282961
DEC_3119,decoy,CCNc1cccnc1N1CCN(C(=O)c2cccc3cc[nH]c23)CC1,CHEMBL6682
ACT_021,active,NS(=O)(=O)c1ccc(Nc2nc(N3CCOCC3)nc3[nH]cnc23)cc1,CHEMBL1172957
DEC_2992,decoy,CCc1nc2c(C)cc(C)nc2n1Cc1ccc(-c2ccccc2-c2nn[nH]n2)cc1,CHEMBL7550
DEC_1230,decoy,CO/N=C(\COCc1ccccc1)C(CCN1CCC(O)(c2ccccc2)CC1)c1ccc(Cl)c(Cl)c1,CHEMBL32215
DEC_0587,decoy,C[C@H]1CC2C3CCC4=CC(=O)C=CC4(C)[C@@]3(F)C(O)CC2(C)[C@@]1(OC(=O)c1cccs1)C(=O)CCl,CHEMBL43248
DEC_4442,decoy,CS(=O)(=O)c1ccc(-c2cc(Cl)cnc2-c2ccc(C(=O)O)nc2)cc1,CHEMBL268470
DEC_3352,decoy,CC(C)(Cl)CC(=O)c1cc(C(C)(C)C)c2c(c1)C(C)(C)CO2,CHEMBL14420
DEC_2404,decoy,CN1C(=O)CC[C@]2(C)C3CC[C@@]4(C)C(CC[C@@]4(O)C#CCCO)C3CCC12,CHEMBL9672
DEC_0884,decoy,C=C1/C=C(\C)[C@H](CC)OC(=O)[C@H](C)C(=O)[C@@](O)(CO)C/C(Cl)=C/[C@@H](C)C1,CHEMBL286184
DEC_1290,decoy,C[C@@H]1C[C@H]2O[C@@H]2/C=C\C=C\C(=N/OCC(=O)NCC2CCCCC2)Cc2c(Cl)c(O)cc(O)c2C(=O)O1,CHEMBL85730
DEC_2861,decoy,COc1cc(/C(C)=N\N)ccc1OCCCN1CCC(c2noc3cc(F)ccc23)CC1,CHEMBL275016
DEC_1488,decoy,Cc1cc(C)cc(-c2[nH]c3ccc(C(C)(C)C(=O)N4C[C@H]5CCCC[C@H]5C4)cc3c2[C@H](C)CNCCCCc2ccncc2)c1,CHEMBL86431
DEC_0093,decoy,CCCSc1ccccc1-c1nc2ccc[nH]c-2n1,CHEMBL31954
DEC_3251,decoy,COC(=O)[C@@H]1[C@H]2C[C@H]3c4[nH]c5ccccc5c4CCN3C[C@@H]2CC[C@@H]1O,CHEMBL15245
DEC_1498,decoy,CCCCCC(=O)N(Cc1ccc(CP(=O)(O)O)cc1)[C@H]1CC[C@H]2[C@@H]3CCc4cc(OCCC)ccc4[C@H]3CC[C@]12C,CHEMBL319210
DEC_3709,decoy,COC(=O)C(O)C(O)(CCCC(C)C)C(=O)O[C@@H]1C(OC)=C[C@]23CCCN2CCc2cc4c(cc2[C@H]13)OCO4,CHEMBL10308
DEC_0962,decoy,Brc1ccc(C2COC(Cn3ccnc3)(c3ccccc3)O2)cc1,CHEMBL29777
DEC_4108,decoy,COCCN1CC2(CCN(CCc3c[nH]c4ccccc34)CC2)OC1=O,CHEMBL278863
DEC_0940,decoy,CCCSc1nnc(-c2cc(C(C)(C)C)c(O)c(C(C)(C)C)c2)s1,CHEMBL275838
DEC_3409,decoy,CN(C)Cc1n[nH]nc1CN1CCOC2(CCC(c3ccccc3OC(F)(F)F)CO2)C1c1ccc(F)cc1,CHEMBL85626
DEC_3130,decoy,O=S(=O)(NS(=O)(=O)N1CCc2ccccc2CC1)N1CCc2ccccc2CC1,CHEMBL21455
DEC_3222,decoy,Oc1ccc2c3c1O[C@H]1[C@@H](N=C=S)CCC4(O)C(C2)N(CC2CC2)CCC314,CHEMBL424402
DEC_3612,decoy,N#Cc1ccc2cc1Oc1ccc3cccc(c3c1)NC(=O)[C@@H](Cc1ccccc1)N(Cc1ccccc1)Cc1cncn1C2,CHEMBL299621
DEC_1477,decoy,CC(C)Cc1ccc(C(Nc2cccc(C(=O)c3cn(CCCC(=O)O)c4ccccc34)c2)c2ccc(CC(C)C)cc2)cc1,CHEMBL25083
DEC_0081,decoy,C=CCOC1(C(F)(F)F)OC(=O)Nc2ccc(F)c(F)c21,CHEMBL275644
DEC_2087,decoy,CC1CC/C(=N\Nc2ccc(I)cc2)c2ncc(C(=O)O)c(=O)n21,CHEMBL15227
DEC_2695,decoy,CC(C)COC(=O)CCC(NC(=O)c1cc(Cl)c(N(C)Cc2cnc3nc(N)nc(N)c3n2)c(Cl)c1)C(=O)OCC(C)C,CHEMBL35398
DEC_4111,decoy,Brc1ccc(N(CC2CC2)C2=NCCN2)cc1Br,CHEMBL20092
DEC_0490,decoy,O=c1c2c(oc(O)c1C(c1cccc(NS(=O)(=O)c3cccc4ccccc34)c1)C1CC1)CCCCCC2,CHEMBL417993
DEC_0913,decoy,CC(O)(c1ccc(F)cc1)C(O)(Cn1cncn1)c1ccc(Cl)cc1Cl,CHEMBL418706
DEC_3402,decoy,C[C@@H]1CN(C(=O)N2Cc3c(C(=O)OC(C)(C)C)ncn3-c3ccc(F)cc32)C[C@H](C)N1,CHEMBL15102
DEC_2526,decoy,CC1OC(/C=C/C2CC2)(C(F)(F)F)c2cc(Cl)ccc2NC1=O,CHEMBL31977
DEC_2337,decoy,Cc1noc(NS(=O)(=O)c2ccccc2-c2ccc(-c3ncco3)cc2CN(C)C(=O)CCc2ccccc2)c1C,CHEMBL29346
DEC_3822,decoy,CCC(C)NC1=NS(=O)(=O)c2cccnc2N1,CHEMBL32099
DEC_2762,decoy,COc1cc(C(=O)Nc2ccc(C(=O)N3Cc4cccn4Cc4ccccc43)cn2)cc(OC)c1OC,CHEMBL299440
DEC_3220,decoy,CC(C)(C)c1cc(/C=C2\SC(N=C(N)N)=NC2=O)cc(C(C)(C)C)c1O,CHEMBL16434
DEC_3641,decoy,OC[C@@]1(CCCc2ccccc2)CC2C3Cc4ccc(O)c5c4C2(CCN3CC2CCC2)C(O5)[C@@H]1O,CHEMBL9858
DEC_4374,decoy,CCCC1N(Cc2ccc(-c3ccccc3-c3nn[nH]n3)cc2)C(=O)c2ccccc2N1CC,CHEMBL417258
DEC_2499,decoy,Cc1ccc(C(=O)OCC2=C(C(=O)O)N3C(=O)[C@@H](NC(=O)CSc4cc(Cl)ccc4Cl)C3SC2)cc1,CHEMBL293327
DEC_2768,decoy,Cc1nc(-c2ccccc2)ncc1C(=O)N[C@@H](CCCCN)B1O[C@@H]2CC3CC(C3(C)C)[C@]2(C)O1,CHEMBL289709
DEC_1990,decoy,COc1cc2c(cc1OC)[C@H]1[C@H](O)c3ccc4c(c3O[C@@H]1CO2)Cc1cc(C(C)C)oc1C4,CHEMBL40658
DEC_3548,decoy,COc1cc(C(=O)O)c2c(c1C)OC(=O)c1c(C)cc(O)c(CNc3ccc(NC(=O)CO[C@@H]4C[C@H](C)CC[C@H]4C(C)C)nc3)c1O2,CHEMBL113249
DEC_3515,decoy,CC(C)C[C@@H]1OC(=O)C(C)(C)CNC(=O)[C@@H](Cc2ccc(O)c(Cl)c2)NC(=O)/C=C/C[C@@H]([C@H](C)[C@H]2O[C@@H]2c2ccccc2)OC1=O,CHEMBL85272
DEC_3971,decoy,Cc1ccc(S(=O)(=O)C2(CC#Cc3ccc(Br)cc3)SC(=O)NC2=O)cc1,CHEMBL276718
DEC_0600,decoy,Cc1noc(NS(=O)(=O)c2ccccc2-c2ccc(-c3ncco3)cc2Cn2ccc(C(F)(F)F)n2)c1C,CHEMBL285832
DEC_2901,decoy,COc1cc(Nc2c(C#N)cnc3cc(OC4CCN(C)CC4)c(OC)cc23)c(Cl)cc1Cl,CHEMBL291297
DEC_3645,decoy,OC[C@@]1(CCCCc2ccccc2)CC2C3Cc4ccc(O)c5c4C2(CCN3CC2CC2)C(O5)[C@@H]1O,CHEMBL268469
DEC_4221,decoy,Cn1c(I)c(C2=NCC3(CN4CCC3CC4)O2)c2ccccc21,CHEMBL275517
DEC_4440,decoy,CCC(=O)n1c(O)nc(CC)c1C(=O)c1ccc(-n2ccnc2C)cc1,CHEMBL424588
DEC_0085,decoy,O=C1c2scc(-c3ccccc3O)c2-n2cccc21,CHEMBL286815
DEC_2975,decoy,O=C1O[C@H](c2ccc(Cl)cc2)[C@](Cn2cncn2)(c2ccc(Cl)cc2Cl)O1,CHEMBL10394
DEC_3288,decoy,CCc1cc(NCc2ccc(-c3ccccc3-c3nn[nH]n3)cc2)c(-c2ccc(C(F)(F)F)cc2)c(CC)n1,CHEMBL287230
DEC_0801,decoy,CCCc1cc(=O)oc2c3c(c4c(c12)OC(C)(C)C=C4)O[C@H](C)[C@H](C)C3=O,CHEMBL7378
DEC_3306,decoy,Cn1c(-c2ccc(Cl)cc2)c(CCC(=O)N2CCC(O)(Cc3ccccc3)CC2)c2cc(Cl)ccc21,CHEMBL280662
DEC_2659,decoy,Cc1cn(C2CC(N=[N+]=[N-])C(CO)O2)c(=O)n(CCCCCCn2c(=O)c(C)c(Sc3ccccc3)n(COCO)c2=O)c1=O,CHEMBL43153
DEC_0253,decoy,C=C1C(=O)c2ccccc2OC1(c1ccccc1)c1ccccc1,CHEMBL430321
DEC_2550,decoy,CCC1OC(C#CC2CC2)(C(F)(F)F)c2cc(Cl)ccc2NC1=O,CHEMBL285510
DEC_0458,decoy,CC1CC2C3CCC4=CC(=O)C=CC4(C)[C@@]3(Cl)C(Cl)CC2(C)[C@@]1(OC(=O)c1ccoc1)C(=O)CCl,CHEMBL10472
DEC_2892,decoy,COc1ccc([C@@H]2c3nc(NC(C)C)ccc3[C@H](c3ccc4c(c3)OCO4)[C@H]2C(=O)O)c(OC)c1,CHEMBL36627
DEC_3904,decoy,N#Cc1ccc(Cn2ccnc2)cc1Oc1ccccc1Cl,CHEMBL22235
DEC_3867,decoy,CC1(C)Oc2ccc(OC(F)(F)F)cc2[C@@H](N2Cc3ccccc3C2=O)[C@@H]1O,CHEMBL279392
DEC_3565,decoy,O=C1CC2(CCCC2)CC(O)N1OCCCN1CCN(c2nsc3ccccc23)CC1,CHEMBL274334
DEC_4300,decoy,O=C(/C=C/c1ccc(Cl)c(Cl)c1)NCCCCCN1CCC(c2c[nH]c3ccc(O)cc23)CC1,CHEMBL432713
DEC_0624,decoy,CCOP(=O)(OCC)C1(P(=O)(OCC)OCC)CC(C(=O)c2ccc(OC)cc2)=NN1,CHEMBL284681
DEC_2064,decoy,O=C1[C@@H](NS(=O)(=O)c2ccc(-c3ccon3)s2)CCN1Cc1cc2cc[nH]cc-2n1,CHEMBL266984
DEC_1124,decoy,Nc1nc(O)c2ncn(C3CC(CO)CC3O)c2n1,CHEMBL12317
DEC_1162,decoy,CNC(=O)[C@H](Cc1ccc(OC)cc1)NC(=O)[C@H](CC(C)C)N[C@@H](CCNC(=O)OCc1ccccc1)C(=O)O,CHEMBL298443
DEC_4564,decoy,Cc1cn(C[C@@H](CC(=O)O)NC(=O)OCc2ccccc2)c(=O)nc1N1CCC(CNc2ncccn2)CC1,CHEMBL298049
DEC_2097,decoy,O=C(Cn1c(C2CCNCC2)nc2cc(Cl)c(Cl)cc21)NNC(=S)NCc1ccco1,CHEMBL19997
DEC_3232,decoy,CC1CN(c2cc3c(cc2F)c(=O)c(C(=O)O)cn3C(C)(C)C)CC(C)N1,CHEMBL15417
DEC_2691,decoy,CCC(C)(C)NC(=O)OCC1CN(C(=O)c2cc(OC)c(OC)c(OC)c2)CCN1C(=O)c1cc(OC)c(OC)c(OC)c1,CHEMBL266886
DEC_3327,decoy,CN1CC(C)(C)c2cc(C(=O)CCCC3CC3)cc(C(C)(C)C)c21,CHEMBL14942
DEC_1972,decoy,CC(C)(C)[Si](C)(C)OCC1OC(n2ccc(N)nc2=O)C(O[Si](C)(C)C(C)(C)C)C1C#N,CHEMBL299357
DEC_3435,decoy,COc1ccc(-c2nc3cc(C4=NNC(=O)CC4C)ccc3n2Cc2ccc(-c3ccccc3-c3nn[nH]n3)cc2)cc1,CHEMBL284546
DEC_3872,decoy,COc1cc2c3c4c(cc5c3n(c2cc1OC)C(=O)CC5(C)C)CCNC4,CHEMBL280340
DEC_2260,decoy,CCC(c1ccc(O)c(CN(C)C)c1)C(CC)c1ccc(O)c(CN(C)C)c1,CHEMBL14769
DEC_1235,decoy,CC(Cc1c[nH]c2ccccc12)(NC(=O)OC1[C@H]2C[C@@H]3C[C@@H](C[C@H]1C3)C2)C(=O)SCCc1ccccc1,CHEMBL288038
DEC_2631,decoy,CCN(CC)CCCNc1nccc2c(C)c3[nH]c4ccc(OC)cc4c3c(C)c12,CHEMBL279890
DEC_2363,decoy,CSc1c2c(nc(N)n3nc(-c4ccco4)nc23)nn1CCCc1ccccc1,CHEMBL20445
DEC_1214,decoy,COc1c2occc2c(CN2CCOCC2)c2ccc(=O)oc12.Cl,CHEMBL428334
DEC_2701,decoy,COc1ccc(S(=O)(=O)N(Cc2ccc3c(c2)OCO3)[C@H](CCCNC(=O)OCc2cccc([N+](=O)[O-])c2)C(=O)NO)cc1,CHEMBL303373
DEC_1471,decoy,CO/N=C(\COCc1ccc(F)c2ccccc12)C(CCN1CCC(O)(c2ccccc2)CC1)c1ccc(Cl)c(Cl)c1,CHEMBL285929
DEC_2292,decoy,Cc1cc(CCCCCCCOc2ccc(C3=NC(C)CO3)cc2Cl)on1,CHEMBL26881
DEC_3733,decoy,CCOCC(=O)c1c(O)oc2c(C)c(O[C@@H]3OC(C)(C)[C@H](OC)[C@@H](OC(=O)c4ccc(C)[nH]4)[C@H]3O)ccc2c1=O,CHEMBL303740
DEC_1623,decoy,CC(C)(C)c1cc(-c2nnc(N=C(N)N)s2)cc(C(C)(C)C)c1O,CHEMBL16826
DEC_1901,decoy,Clc1ccc(C(=C2CN=CNC2)c2ccc(Cl)cc2)cc1,CHEMBL29905
DEC_3447,decoy,COC(=O)C1=C(C)N=C(C)/C(=C(\O)OC)C1c1cc2cc(-c3c(C)oc(C)c3C(=O)OC)ccc2nc1Cl,CHEMBL76701
DEC_0722,decoy,O=C1N[C@@H](C(c2ccccc2)c2ccccc2)C(=O)N2CCC[C@@H]2C(=O)NCc2ccccc2-c2ccccc21,CHEMBL293404
DEC_3939,decoy,O=C1C2C3C=CC(C4CCC34)C2C(=O)N1CCCCN1CCN(c2ccc(Cl)nn2)CC1,CHEMBL424409
DEC_2162,decoy,C=CCC1Oc2cccc(O)c2-c2ccc3c(c21)C(C)=CC(C)(C)N3,CHEMBL266709
DEC_4291,decoy,O=C(O)CCc1cc(Cc2ccc(F)cc2)cc2c1CCC(NS(=O)(=O)c1ccc(Cl)cc1)C2,CHEMBL281545
DEC_0263,decoy,CCOC(=O)[C@H](O)[C@H](CC1CCCCC1)NC(=O)[C@H](CC(C)C)NC(=O)CCC(C)C,CHEMBL273785
DEC_0077,decoy,c1ccc(C2(c3ccccc3)OC[C@@H]([C@@H]3CCCN3)O2)cc1,CHEMBL412875
DEC_0992,decoy,COc1ccc2c(c1)c(Cc1nc(C34C[C@H]5C[C@@H](C3)C[C@@H](C4)C5)cs1)c(C)n2C(=O)c1ccc(Cl)cc1,CHEMBL284435
DEC_0292,decoy,CCCCc1nc(Cl)c(CC(=O)OC)n1Cc1ccc(NC(=O)/C=C\C(=O)O)cc1,CHEMBL279747
DEC_0856,decoy,COc1cccc(OC)c1C(=O)N[C@@H]1C(=O)N2[C@@H]1SC(C)(C)[C@@H]2C(=O)O,CHEMBL575
DEC_0922,decoy,CN1C[C@H](C(=O)Nc2ccc(Cl)nn2)C[C@@H]2c3cccc4[nH]cc(c34)C[C@H]21,CHEMBL13979
DEC_2266,decoy,CCC/C(=C(/CCC)c1cccc(OC(C)=O)c1)c1cccc(OC(C)=O)c1,CHEMBL285197
DEC_2988,decoy,Cc1cccc(SC2(CC#Cc3ccc(Cl)cc3)SC(=O)NC2=O)n1,CHEMBL276216
DEC_0829,decoy,CCCc1cc(=O)oc2c3c(c4c(c12)OC(C)(C)C=C4)O[C@H](C)C(C)(C)[C@H]3O,CHEMBL267679
DEC_0971,decoy,Clc1cc2nc(C3CCNCC3)n(CCCCCn3cnnc3)c2cc1Cl,CHEMBL20185
DEC_3932,decoy,O=S(=O)(Nc1cc(Cl)cc2cc[nH]c12)c1ccc(Cl)cc1,CHEMBL20985
DEC_0373,decoy,Cc1ccc(C)n1Nc1ccc(N(C)C)nn1,CHEMBL267560
ACT_044,active,CNc1nc(C)c(C(=O)/C=C/c2nccs2)s1,CHEMBL4798434
DEC_3313,decoy,CC/C(=C(/CC(F)(F)F)c1ccc(O)cc1)c1ccc(O)cc1,CHEMBL29318
DEC_4113,decoy,Cc1noc(NS(=O)(=O)c2cccc3c(CN(C)C)cccc23)c1C,CHEMBL27525
DEC_4348,decoy,Cc1noc(NS(=O)(=O)c2ccccc2-c2ccc(-c3ncco3)cc2CN(C)C(=O)C(C)(C)C)c1C,CHEMBL27855
DEC_0032,decoy,O=C1[C@@H](NS(=O)(=O)c2ccc(-c3ccncc3)s2)CCN1Cc1cc2cc[nH]cc-2n1,CHEMBL266983
DEC_2759,decoy,CCCSC1=NS(=O)(=O)c2cc(C)cnc2N1Cc1ccc(-c2ccccc2-c2nn[nH]n2)cc1,CHEMBL13813
DEC_1057,decoy,COC(=O)/C=C/[C@H]1CCC2=C(C)/C(=N/N=C(N)N)CC[C@@]21C,CHEMBL29595
DEC_3941,decoy,O=C1NC(=O)C(CC#Cc2ccc(Br)cc2)(S(=O)(=O)c2ccc(F)cc2)S1,CHEMBL11965
DEC_2191,decoy,Clc1ccc2c(c1)[C@H]1OCC[C@H]1[C@@H](c1c[nH]c3ccc(Cl)cc13)N2,CHEMBL277263
ACT_023,active,c1ccc(COc2cccc(-c3nc4sccn4c3-c3ccncn3)c2)cc1,CHEMBL4866102
DEC_3910,decoy,Cc1cc(C(OCCN(C)C)c2ccc(C(C)C)cc2)sn1,CHEMBL22358
DEC_0869,decoy,NC(=O)N/N=C1/CC[C@@]2(O)C3Cc4ccc(O)c5c4C2(CCN3CC2CC2)[C@H]1O5,CHEMBL19982
DEC_0958,decoy,Cc1ccccc1C(OCC(O)CN1CCCCC1C)c1ccccc1C,CHEMBL18784
DEC_1359,decoy,COc1cc2nc(N3CCN(/C(S)=N/c4ccc(N=[N+]=[N-])cc4)CC3)nc(N)c2cc1OC,CHEMBL6313
DEC_1365,decoy,CC1=C(C(=O)OC(c2ccccc2)c2ccccc2)N2C(=O)[C@@H](NC3=NCC(C)N3)C2SC1,CHEMBL269316
DEC_4070,decoy,CCCCc1nc2ccc(C(F)(F)F)cc2c(=O)n1Cc1ccc(-c2ccccc2-c2nn[nH]n2)cc1,CHEMBL24802
DEC_4138,decoy,COc1cc(CC(C)N(C)C)c(OC)cc1I,CHEMBL11043
DEC_3799,decoy,N#CC1=CC=C2C=CC=C(O)C2N1OP(=O)(O)O,CHEMBL286467
DEC_1063,decoy,C=C1C(=O)O[C@@H]2CC(C)=C([C@@H](C)CCCOC(C)=O)[C@H](O)[C@H]12,CHEMBL274543
DEC_4406,decoy,CCSc1ccnc(C[S+]([O-])c2nc3ccccc3n2C(=O)Oc2ccccc2)c1C,CHEMBL276824
DEC_0103,decoy,Nc1nc(N)c(CCCNc2ccc(C(=O)NC(CCC(=O)O)C(=O)O)c(F)c2)c(O)n1,CHEMBL31176
DEC_0699,decoy,CC(=O)OCC(=O)[C@@]12ON(Cc3ccccc3)C[C@@H]1CC1C3CCC4=CC(=O)C=CC4(C)[C@H]3C(O)CC12C,CHEMBL284234
DEC_2545,decoy,CC12CCC3C(C(c4ccccc4)=CC4=CC(=O)CCC43C)C1CCC2=O,CHEMBL266788
DEC_3330,decoy,CCc1ccc(C2C3=C(CCN(C)C3)c3ccc(CC)cc32)cc1,CHEMBL281853
DEC_0818,decoy,COCc1cc2c(s1)CN(C)CC2c1ccc(Br)cc1,CHEMBL15942
DEC_3619,decoy,O=C(Nc1cccc(C(F)(F)F)c1)N1CCN(C(=O)c2ccc(Nc3ccnc4cc(C(F)(F)F)ccc34)cc2)CC1,CHEMBL280821
DEC_0044,decoy,O=C1[C@@H](NS(=O)(=O)c2cc3ccc(Cl)cc3s2)CCN1Cc1cc2c[nH]ccc-2n1,CHEMBL267462
DEC_0005,decoy,CO/C1=C\C(C)=C\[C@@H](C)C(=O)[C@@H](C)C/C(C)=C/C=C/[C@H](OC)[C@@H]([C@@H](C)[C@@H](O)[C@H](C)C(=O)O)OC1=O,CHEMBL55768
DEC_2749,decoy,O=C(Nc1c(C(O)(C(F)(F)F)C(F)(F)F)ccc2ccccc12)c1cccc(C(F)(F)F)c1,CHEMBL298970
DEC_1831,decoy,CCc1nc2ccc(OC3CCN(C(C)=N)CC3)cc2n1C/C(C)=C/c1cccc(N)c1,CHEMBL25478
DEC_2221,decoy,CC1=C(N2CC2)C(=O)c2nc3n(c2C1=O)CCC3OC(=O)CCl,CHEMBL417090
DEC_2176,decoy,Cc1[nH]c2ccccc2c1[C@H]1Nc2ccc(Cl)cc2[C@H]2OCC[C@@H]12,CHEMBL25680
DEC_1074,decoy,N#Cc1ccc(S(=O)(=O)CS(=O)(=O)C(F)(F)F)cc1,CHEMBL269680
DEC_2882,decoy,CC(=O)c1cc(C)cc(C)c1NC(=O)c1sccc1S(=O)(=O)Nc1onc(C)c1Cl,CHEMBL19950
DEC_1833,decoy,COc1cc([C@@H]2c3[nH]c4ccc5ccccc5c4c3C[C@H]3COC(=O)N32)cc(OC)c1O,CHEMBL10683
DEC_1757,decoy,CC1(C)C=C(n2ccccc2=O)c2cc(S(=O)(=O)Nc3ccccc3Br)ccc2O1,CHEMBL267301
DEC_1191,decoy,Cc1ccc(C(C)/N=c2\c(O)c(O)\c2=N/c2ccc(C#N)cc2)cc1,CHEMBL278535
DEC_0167,decoy,IC12NC(Cc3ccccc31)c1ccccc12,CHEMBL10668
DEC_3429,decoy,COc1cc([C@@H]2c3cc4c(cc3[C@@H](CCN3CCC(N5CCCCC5)CC3)C3COC(=O)[C@@H]32)OCO4)cc(OC)c1O,CHEMBL295888
DEC_0594,decoy,CCCC(=O)N[C@@H](c1ccsc1)[C@@H](O)C(=O)OC1CC2C(C)(C)C1(C)[C@@]13CC(C)c4ccccc4[C@@]21O3,CHEMBL31801
DEC_2092,decoy,O=C1[C@@H](NS(=O)(=O)c2cc3ccc(Cl)nc3s2)CCN1Cc1cc2[nH]cccc-2n1,CHEMBL268226
DEC_2902,decoy,Cc1cc(C(=O)c2ccc([N+](=O)[O-])cc2)cc(C(=O)Nc2ccc([N+](=O)[O-])cc2Cl)c1O,CHEMBL35119
DEC_4156,decoy,CCC(=O)OC1CCC2C3CCC4=CC(=O)CCC4C3CCC12C,CHEMBL24545
DEC_0265,decoy,OC(CCN1CCN(CCOC(c2ccccc2)c2ccccc2)CC1)c1ccco1,CHEMBL31571
DEC_1121,decoy,Nc1nc(O)c2ncn(C3C=CC(CO)C(O)C3)c2n1,CHEMBL289718
DEC_2737,decoy,O=S1(=O)c2cccc3cccc(c23)N1CCCCN1C2CCC1c1c([nH]c3ccc(F)cc13)C2,CHEMBL36599
DEC_3018,decoy,CN1CC=C(c2c(O)cc(O)c3c(=O)cc(-c4ccc(Cl)cc4Cl)oc23)CC1,CHEMBL9094
DEC_2524,decoy,CC(C)[C@@H]1CC2C3CCC(=O)C3(C)CCC2C2(C)CCC(=O)C=C12,CHEMBL24387
DEC_2739,decoy,Cc1cc(SC2=C(O)OC(CCc3ccccc3)(C(C)C)CC2=O)c(C(C)(C)C)cc1N,CHEMBL288033
DEC_4032,decoy,CCCCn1c(=O)c2c(ncn2S(=O)(=O)c2ccc(OC(F)(F)F)cc2)n(CCCC)c1=O,CHEMBL416003
DEC_3863,decoy,Oc1ccc(Cl)cc1-n1nc(-c2ccc(C(F)(F)F)c(Cl)c2)nc1O,CHEMBL13755
DEC_2411,decoy,C[C@@H]1CC2C3CCC4=CC(=O)C=CC4(C)[C@@]3(F)C(O)CC2(C)C1C(=O)CO,CHEMBL16829
DEC_3115,decoy,CC1(C)C=C(n2ccccc2=O)c2cc(S(=O)(=O)NCCO)ccc2O1,CHEMBL12614
DEC_3926,decoy,c1ccc(COCC23NC(Cc4ccccc42)c2ccccc23)cc1,CHEMBL274407
DEC_1009,decoy,COc1ccc(C2=CCN(C(=O)c3ccc(Nc4ccnc5cc(C(F)(F)F)ccc45)cc3)CC2)cc1,CHEMBL416390
DEC_3720,decoy,CCCc1c(OCC(O)COc2cccc(NC(=O)C(=O)OCC(C)(C)C)c2C#N)ccc(C(C)=O)c1O,CHEMBL14579
DEC_1645,decoy,CC(C)(C)c1ccc(Sc2ccc(NC3=NCCN3)cc2)cc1,CHEMBL9558
ACT_093,active,Oc1c(I)cc(I)c2cccnc12,CHEMBL86754
DEC_3716,decoy,CC(C)C(NC(=O)C1CCCN1C(=O)[C@@H](NS(=O)(=O)c1ccc([N+](=O)[O-])cc1)C(C)C)C(=O)C(F)(F)F,CHEMBL59258
DEC_3263,decoy,Nc1nc2cc(Cl)c(Cl)cc2n1CCCCCCCn1c(N)nc2cc(Cl)c(Cl)cc21,CHEMBL45059
DEC_1252,decoy,O=C(O)[C@@H](CC1CC1)N1C[C@H](CN2CCC(CCC(F)(F)c3ccc(F)cc3)CC2)[C@@H](c2cccc(F)c2)C1,CHEMBL21106
DEC_1347,decoy,COC(=O)[C@@H]1[C@H](c2cc(OC)c(O)c(OC)c2)c2cc3c(cc2[C@@H]2OC(=O)OC[C@@H]12)OCO3,CHEMBL31869
DEC_1594,decoy,Cc1cc(C)cc(Sc2c(C)c(=O)[nH]c(=S)n2COCCO)c1,CHEMBL279409
DEC_0113,decoy,CO/C1=C\C(C)=C\[C@@H](C)[C@@H](O)[C@@H](C)C/C(C)=C/C=C/[C@H](OC)[C@@H]([C@@H](C)[C@@H](O)[C@H](C)[C@@]2(O)C[C@@H](OC)[C@H](C)[C@@H](C(C)C)O2)OC1=O,CHEMBL293078
DEC_2079,decoy,O=C1[C@@H](NS(=O)(=O)c2cc3ccnc(Cl)c3s2)CCN1Cc1cc2cc[nH]cc-2n1,CHEMBL266806
DEC_3890,decoy,CCCN(CCC)CCc1c(Cl)cc(O)c2nc(O)sc12,CHEMBL17872
DEC_3133,decoy,CC[C@@]1(O)C(=O)OCc2c1cc1n(c2=O)Cc2cc3c(CN4CCOCC4)cccc3nc2-1,CHEMBL274382
DEC_3406,decoy,O=C1NC(=O)c2c1c1c3ccccc3n3c1c1c2c2ccccc2n1CS(=O)(=O)C3,CHEMBL283259
DEC_0222,decoy,CCC1c2cc3c(C(F)(F)F)cc(O)nc3cc2NC[C@@H]1C,CHEMBL418198
DEC_3206,decoy,CCCCc1nc(Cl)c(CC(=O)O)n1Cc1ccc(C(=O)O)cc1,CHEMBL25686
DEC_1150,decoy,CCCn1c(=O)c2nc(-c3ccc(OCC(=O)NCCNC(=O)CCCCC(C)=O)cc3)[nH]c2n(CCC)c1=O,CHEMBL9335
DEC_2764,decoy,C[C@@H](n1cnc2cc(-c3ccc(C#N)cc3)sc2c1=O)[C@](O)(Cn1cncn1)c1ccc(F)cc1F,CHEMBL299891
DEC_0009,decoy,CO[C@H]1[C@H]2O[C@H]2[C@H](OCC23C[C@@H]4[C@H](C)CC[C@H]4C4(C=O)CC2C=C(C(C)C)C34C(=O)O)O[C@@H]1C,CHEMBL283401
DEC_0918,decoy,Cc1noc(NS(=O)(=O)c2cccc3c(NC(=O)C(C)C)cccc23)c1C,CHEMBL26252
DEC_0960,decoy,CN(C)/C(=N\O)c1ccc(Sc2cc(F)cc(C3CCOCC3)c2)cc1,CHEMBL24975
DEC_4431,decoy,CN(C)CCCNc1ccc2ncn3c4cc5c(cc4c(=O)c1c23)OCO5,CHEMBL267078
DEC_4130,decoy,CCn1cc(C(=O)O)c(=O)c2c(F)c(F)c(N3CCSCC3)c(F)c21,CHEMBL282930
DEC_2100,decoy,Cl.O=C(C1CCCN1)N1CCCC1P(=O)(Oc1ccc(O)cc1)Oc1ccc(O)cc1,CHEMBL9565
DEC_4405,decoy,CCCCc1nn(-c2ccccc2Cl)c(=O)n1Cc1ccc(-c2ccccc2-c2nn[nH]n2)cc1,CHEMBL18287
DEC_3532,decoy,CC(C)CC(N)C(=O)OCO/C(=C1/C(=O)N(C(N)=O)c2cc(Cl)c(F)cc21)c1cccs1.Cc1ccc(S(=O)(=O)O)cc1,CHEMBL298767
DEC_2078,decoy,CC(C)(N)C(=O)N[C@H](Cc1c[nH]c2ccccc12)C(=O)N1CCCC2(Cc3ccccc3C2O)C1,CHEMBL13895
DEC_1919,decoy,CC(C)C(C)/N=c1\c(O)c(O)\c1=N/c1ccc(C#N)cc1,CHEMBL18639
DEC_1452,decoy,CC(C)(C)CCNC(=O)[C@H]1CCC2C3CNC4=CC(=O)CC[C@]4(C)C3CC[C@@]21C,CHEMBL24033
DEC_1413,decoy,CCC(c1ccc(O)c(N(C)C)c1)C(CC)c1ccc(O)c(N(C)C)c1,CHEMBL14918
DEC_0654,decoy,CN1C(=O)CC[C@]2(C)C3CC[C@@]4(C)C(CC[C@@]4(O)C#CCCCl)C3CCC12,CHEMBL9948
DEC_1867,decoy,CC1CCNc2cc3oc(=O)cc(C(F)(F)F)c3cc21,CHEMBL415289
DEC_0303,decoy,O=C(c1ccccc1)c1ccc(S(=O)(=O)CC(CCCc2ccccc2)C(=O)O)cc1,CHEMBL35476
DEC_2845,decoy,CCCCc1c(Cc2ccc(-c3ccccc3-c3nn[nH]n3)cc2)c(C(=O)O)nn1C(C)C,CHEMBL22069
DEC_4360,decoy,O=C(Nc1ccc(C(=O)N2Cc3cccn3Cc3ccccc32)cn1)c1cc(-c2ccccn2)ccc1Cl,CHEMBL296619
DEC_4411,decoy,COc1ccccc1N1CCN(CCCCCN2c3cccc4cccc(c34)S2(=O)=O)CC1,CHEMBL430280
DEC_4322,decoy,Cc1ccsc1C(c1ccccc1Br)N1CCN(c2ncnc3c2cnn3-c2ccccc2)CC1,CHEMBL83661
DEC_3694,decoy,COCC(=O)O[C@H]1C(O)[C@H](OCC23C[C@@H]4[C@H](C)CC[C@H]4C4(C=O)CC2C=C(C(C)C)C34C(=O)O)O[C@H](C)[C@H]1OC,CHEMBL274933
DEC_1606,decoy,C=CCNn1cc(C(=O)O)c(=O)c2cc(F)c(N3CCN(C)CC3)cc21,CHEMBL12763
DEC_0346,decoy,CC(/C=C/C(O)=C1\C(=O)CN(C)C1=O)=C\C(C)C1CCCCC1,CHEMBL10882
DEC_1320,decoy,O=c1c2c(oc(O)c1C(c1cccc(NS(=O)(=O)c3ccc(F)cc3F)c1)C1CC1)CCCCCC2,CHEMBL417624
DEC_2954,decoy,O=C1c2c(O)cc(O)cc2O[C@H](c2ccc(O)cc2)[C@H]1O,CHEMBL9323
DEC_0507,decoy,CCCCC(=O)c1cc(C(C)(C)C)c2c(c1)C(C)(C)CCO2,CHEMBL14586
DEC_4265,decoy,COc1cc([C@@H]2c3cc4c(cc3[C@@H](NC(=O)c3ccc(OC(C)=O)cc3)[C@H]3COC(=O)[C@H]23)OCO4)cc(OC)c1O,CHEMBL27689
DEC_1321,decoy,CC/N=C/C1=C(O)O[C@H](COC)[C@@]2(C)C1=C(O)C(=O)C1=C2[C@H](OC(C)=O)C[C@]2(C)C(=O)CC[C@@H]12,CHEMBL273961
DEC_3778,decoy,COc1ccc2nc3ccccc3c(Nc3ccc(NS(C)(=O)=O)cc3)c2c1,CHEMBL9722
DEC_3281,decoy,O=C(NC1CCN(CC2CCCCCCC2)CC1)C1c2cc(Cl)ccc2Oc2ccc(Cl)cc21,CHEMBL33278
DEC_1650,decoy,CCC[C@@H]1CCc2cc3c(C(F)(F)F)cc(O)nc3cc2N1,CHEMBL268569
ACT_098,active,Nc1nn2c(=O)cc(-c3ccccc3)[nH]c2c1/N=N/c1ccc2c(c1)OCO2,CHEMBL2029700
DEC_4280,decoy,O=C(O)CCC/C=C(\c1ccc(CCNS(=O)(=O)c2ccc(Cl)cc2)cc1)c1cccnc1,CHEMBL277689
ACT_087,active,Oc1cc(O)c2cc(O)c(-c3cc(O)c(O)c(O)c3)[o+]c2c1,CHEMBL590878
DEC_3403,decoy,O=C1NC(=O)c2c1c1c3ccccc3n3c1c1c2c2ccccc2n1CN(CCO)C3,CHEMBL26074
DEC_3981,decoy,CCN(CC)CC1CCCCN1CC(=O)N1c2ccc(Br)cc2C(=O)Nc2cccnc21,CHEMBL299344
DEC_0792,decoy,CC12C=CC(=O)C=C1[C@H]1C[C@H]1C1C2CCC2(C)C1CCC21CCC(=O)O1,CHEMBL12638
DEC_2770,decoy,CCCCCCC[C@H]1OC(=O)C[C@@H](O)[C@H](Cc2ccccc2)N(C)C(=O)[C@H](C)OC(=O)[C@H]1C,CHEMBL8097
DEC_4370,decoy,O=C1CN2CCCCC2c2c1c1ccccc1n2CCCNS(=O)(=O)c1ccc(Cl)s1,CHEMBL33327
DEC_4084,decoy,CCc1nc2c(C)cc(C)nc2n1Cc1ccc(OC(C(=O)O)c2ccccc2)c(C(C)(C)C)c1,CHEMBL15774
DEC_1285,decoy,CCCNCc1cccc(C(=O)OCC(=O)[C@@]2(O)CCC3C4CCC5=CC(=O)CCC5(C)C4C(O)CC32C)c1,CHEMBL83442
ACT_045,active,Nc1nc(Nc2nnc3c4ccccc4nc(Sc4ccc(Br)cc4)n23)cs1,CHEMBL4647325
DEC_1559,decoy,Cc1ccc(Cn2c(NCc3ccccc3)nc3c(N(C)C)nc(C(F)(F)F)nc32)cc1,CHEMBL289971
DEC_2269,decoy,COc1ccc(C(Cc2ccc(N)cc2)c2ccccc2)cc1OC1CCCC1,CHEMBL36006
DEC_1501,decoy,CC(C)c1nc2ccccc2n1CCCCCSc1nc(-c2ccc(N(C)C)cc2)c(-c2ccc(N(C)C)cc2)[nH]1,CHEMBL51087
DEC_3493,decoy,COC(=O)CCc1nc(O)c2c(ccc3nc(Nc4c(Cl)cccc4Cl)n(C)c32)c1C,CHEMBL284677
ACT_062,active,NCCCCCCC(=S)N/N=C1\CC2(CCCCC2)Oc2c1ccc1ccccc21,CHEMBL4244030
DEC_2752,decoy,Cc1cc(C(=O)c2ccc(Cl)c(Cl)c2)cc(C(=O)Nc2ccc([N+](=O)[O-])cc2Cl)c1O,CHEMBL285650
DEC_0803,decoy,Brc1cccc(Br)c1N(C1=NCCN1)C1CCCCC1,CHEMBL20910
DEC_0144,decoy,Cc1cc(NC(=O)N(C)C(=O)c2ccccc2NC(=O)N(C)C(=O)c2ccccc2N)ccc1Oc1ncc(Br)cn1,CHEMBL303603
DEC_4483,decoy,CCC1=C(c2ccccc2)c2ccc(OCC(O)CO)cc2Oc2ccccc21,CHEMBL15162
DEC_2173,decoy,CNCCSC1=Cc2ccccc2Sc2ccc(Cl)cc21,CHEMBL15974
DEC_1944,decoy,CNc1nc(Cl)c(SC)c(N2CCCCC2)n1,CHEMBL36410
DEC_2429,decoy,CC(=O)Nc1c([N+](=O)[O-])cc2c(c1N1CCCC1)C[C@H](O)C(C)(C)O2,CHEMBL14741
DEC_4375,decoy,CC1(CCCCN2CCOCC2)COC(c2nc(-c3ccccc3)c(-c3ccccc3)[nH]2)OC1,CHEMBL287233
DEC_1495,decoy,CCN(C(=O)c1ccc2[nH]c(-c3cc(C)cc(C)c3)c(CCNCCCCc3ccncc3)c2c1)C1CCCCCCC1,CHEMBL295641
DEC_3514,decoy,CC(C)C[C@@H]1OC(=O)C(C)(C)CNC(=O)[C@@H](Cc2ccc(O)c(Cl)c2)NC(=O)/C=C/C[C@@H]([C@H](C)[C@@H]2O[C@H]2c2ccccc2)OC1=O,CHEMBL86849
DEC_4425,decoy,O=C(O)Cc1nn(Cc2nc3cc(F)c(F)cc3s2)c(=O)c2ccccc12,CHEMBL20306
DEC_4467,decoy,CC(NC(=O)c1ccccc1)C1CCC2C3CC=C4CC(O)CCC4(C)C3CCC12C,CHEMBL8446
DEC_2060,decoy,CC1=C(C(=O)O)N2C(=O)C(NC(=O)CCO/N=C(\C)c3ccc(Cl)cc3)C2SC1,CHEMBL31582
DEC_2466,decoy,C/C(=C1/N=C(c2ccc(Br)cc2)OC1=O)N1CCC[C@H]1C(=O)N[C@@H](Cc1ccc(O)cc1)C(N)=O,CHEMBL56463
DEC_1237,decoy,CO/N=C(\COCc1ccc(C)cc1)C(CCN1CCC(O)(c2ccccc2)CC1)c1ccc(Cl)c(Cl)c1,CHEMBL32173
DEC_2822,decoy,N#CN/C(=N\C(Cn1ccnc1)c1ccc(Cl)cc1Cl)Nc1ccccc1Cl,CHEMBL8473
DEC_0552,decoy,CCN1CCC2C(=C(c3ccccc3)c3ccccc32)C1,CHEMBL282233
DEC_2598,decoy,Cc1sc(C)c2c1CCC=C2c1c[nH]cn1,CHEMBL284795
DEC_1955,decoy,COP(=O)(Oc1ccccc1-c1ccccc1O)C1CCCN1C(=O)[C@@H]1CCCN1.Cl,CHEMBL9237
DEC_0139,decoy,COC(=O)C1=C(C)N=C(C)/C(=C(/O)OC)C1c1ccc2nc(-c3ccc(O)c(OC)c3)n(Cc3ccc(O)c(OC)c3)c2c1,CHEMBL307713
DEC_4410,decoy,CCCCc1nc2cccc(F)c2c(=O)n1Cc1ccc(-c2ccccc2-c2nn[nH]n2)cc1,CHEMBL282526
DEC_0320,decoy,CCC(C)(C)/N=c1\c(O)c(O)\c1=N/Cc1c(C)cccc1C,CHEMBL20179
DEC_2559,decoy,CC(C)(C)C#C/C=C/CNCc1ccc(O)nc1,CHEMBL35416
DEC_3582,decoy,CCCc1cc(C(=O)OC(C)C)cc(=O)n1Cc1ccc(-c2ccccc2-c2nn[nH]n2)cc1,CHEMBL23041
DEC_0152,decoy,Cc1cc(Oc2ccc(C(=O)O)c(C(=O)O)c2)c(NC(=O)c2cccc([N+](=O)[O-])c2)cc1NC(=O)c1cccc([N+](=O)[O-])c1,CHEMBL324770
DEC_3761,decoy,CN(C)c1ccc2c(c1)Sc1cc(N(C)C)ccc1N2C(=O)c1ccccc1,CHEMBL275177
DEC_3397,decoy,CN1CCN(CC(=O)N2c3ccccc3N(C)S(=O)(=O)c3ccccc32)CC1,CHEMBL286055
DEC_4455,decoy,COc1cc(OC)cc([C@@H]2c3cc4c(cc3N[C@H]3COC(=O)N23)OCO4)c1,CHEMBL9206
DEC_0861,decoy,CC(C)CC(NC(=O)C(O)C1C=CC(=O)O1)C1Cc2cccc(O)c2C(=O)O1,CHEMBL29280
DEC_1520,decoy,CSc1ccc(-c2ccc(/C=C/C(=O)Nc3ccc(NC(=O)Cc4ccc(C)cc4)c(C(=O)c4ccccc4)c3)o2)cc1,CHEMBL92540
DEC_2708,decoy,OC1(C2(CCC#CCN3CCCCC3)SCCCS2)c2ccccc2Oc2ccccc21,CHEMBL40355
DEC_3966,decoy,O=C(OC1CN2CCC1CC2)C(O)(c1ccccc1)c1ccc([125I])cc1,CHEMBL409313
DEC_2942,decoy,C1=C(c2ccc(CCc3ccccc3)cc2)N2CCCN=C2c2ccccc21,CHEMBL268462
DEC_0965,decoy,CCCc1cc(=O)oc2c3c(c4c(c12)OC(C)(C)C=C4)O[C@H](C(C)C)[C@@H](C)C3=O,CHEMBL6968
DEC_0770,decoy,Cn1cc(CCN)c2c3c(ccc21)OCCC3,CHEMBL25800
DEC_1518,decoy,Clc1ccc2c(NCCCCCCCNc3c4c(nc5cc(Cl)ccc35)CCCC4)c3c(nc2c1)CCCC3,CHEMBL307004
DEC_3384,decoy,Cc1nnc(NC(=O)c2cc(Br)cc(Br)c2O)s1,CHEMBL21934
DEC_2934,decoy,CN(CCc1ccc2c(c1)OCO2)C[C@@H]1CC[C@@H]2CCOc3cccc1c32,CHEMBL9612
DEC_0658,decoy,Oc1c(Cl)c(OCC(F)(F)F)nc(C(Cl)(Cl)Cl)c1Cl,CHEMBL11430
DEC_3961,decoy,O=C1N(CCCCN2CCN(c3cncc(Cl)n3)CC2)C(=O)C23C4C=CC(C4)C12C1C=CC3C1,CHEMBL282627
DEC_1668,decoy,CCCC1NC(=O)OC12CCN(CCc1c[nH]c3ccccc13)CC2,CHEMBL27989
DEC_2812,decoy,CCN(CC)CC#CCCC1(C(O)(c2ccccc2)C2CCCC2)SCCCS1,CHEMBL39146
DEC_1523,decoy,COC1(OC)C=CC(C2(C3=CCC(OC)(OC)C=C3)Sc3ccccc3-n3cccc32)=CC1,CHEMBL429774
DEC_3178,decoy,CCCCCS(=O)(=O)c1ccc(Cl)cc1C1NC(=O)NC1=O,CHEMBL19427
DEC_1348,decoy,O=C1C(N2CC2)=C(N2CC2)C(=O)c2c(OS(=O)(=O)c3ccc(Br)cc3)cccc21,CHEMBL289457
ACT_009,active,C[S+]([O-])CCCCN=C=S,CHEMBL48802
DEC_1502,decoy,CC(COc1ccc2c(c1)c(SC(C)(C)C)c(CC(C)(C)C(=O)O)n2Cc1ccc(Cl)cc1)c1ccccn1,CHEMBL80696
DEC_0860,decoy,CC1=C(N2CC2)C(=O)c2c(COC(N)=O)c3n(c2C1=O)CCC3OC(N)=O,CHEMBL274945
DEC_3476,decoy,COc1ccc2[nH]c3c(C)c4ccnc(Nc5ccc(NS(C)(=O)=O)cc5)c4cc3c2c1,CHEMBL19814
DEC_1997,decoy,CC(C)C(c1cccc(NS(=O)(=O)c2cccnc2)c1)c1c(O)c2c(oc1=O)CCCCCC2,CHEMBL16566
DEC_2872,decoy,O=C1c2ccccc2S(=O)(=O)N1COP(=O)(Oc1ccccc1)Oc1ccccc1,CHEMBL288700
DEC_2897,decoy,COc1ccc(-c2sc3cc(OC)ccc3c2C(=O)c2cc(OC)c(OC)c(OC)c2)cc1,CHEMBL273425
DEC_0948,decoy,CO/N=C(\C)c1ccc(Sc2cc(F)cc(C3CCOCC3)c2)cc1,CHEMBL282816
DEC_4363,decoy,CN(Cc1ccc(C#N)cc1)[C@H](Cc1cncn1C)C(=O)N1CCC(C#N)=C(c2cccc3ccccc23)C1,CHEMBL29980
DEC_3522,decoy,Cn1cc(NC(=O)c2cc(NC(=O)c3cc(-c4sc5ccccc5c4Cl)cn3C)cn2C)cc1C(=O)NCCN1CCOCC1,CHEMBL339539
DEC_4331,decoy,CCOC(=O)N[C@@H](c1ccc(Cl)cc1)[C@@H](O)C(=O)OC1CC2C(C)(C)C1(C)[C@@]13C[C@H](C)c4ccccc4[C@@]21O3,CHEMBL31338
DEC_3812,decoy,COc1cc(C(=N)N)c(OC)cc1CC(C)N,CHEMBL273770
DEC_0830,decoy,CCCc1cc(=O)oc2c3c(c4c(c12)OC(C)(C)C=C4)O[C@H](C)C(C)(C)[C@@H]3O,CHEMBL7760
DEC_2351,decoy,O=C1c2cc(Cl)c([N+](=O)[O-])cc2C(=O)N1CCCCCn1c(C2CCNCC2)nc2cc(Cl)c(Cl)cc21,CHEMBL20829
DEC_3820,decoy,CN1C[C@H](CO)C[C@@H]2c3cccc4[nH]cc(c34)C[C@H]21,CHEMBL290217
DEC_0129,decoy,COC(=O)C1=C(C)N=C(C)/C(=C(/O)OC)C1c1cccc(N/C(S)=N/CCCN2CCC(c3cccc(OC)c3)CC2)c1,CHEMBL324990
DEC_4352,decoy,CCOC(=O)N[C@@H](c1cccnc1)[C@@H](O)C(=O)OC1CC2C(C)(C)C1(C)[C@@]13C[C@H](C)c4ccccc4[C@@]21O3,CHEMBL283414
DEC_1455,decoy,CC1CC(Cc2ccc(F)cc2)CCN1CC#Cc1ccc2[nH]c(O)nc2c1,CHEMBL416000
DEC_0590,decoy,CC(=O)N1CCC[C@H]1C(=O)N(C1CCCCC1)C1(C(=O)N/C=C\c2c[nH]c3ccccc23)CCCCC1,CHEMBL46106
DEC_0415,decoy,Cc1cccc2c1OC(C1=NCCN1)CN2C,CHEMBL13958
DEC_4098,decoy,CNCc1ccccc1Sc1ccc(I)cc1N,CHEMBL278809
DEC_1553,decoy,N#Cc1cc(-c2ccoc2)c2ccc(OCc3cccc(C4(O)CC5COC(C4)O5)n3)cc2c1,CHEMBL278293
DEC_0486,decoy,O=c1c2c(oc(O)c1C(c1cccc(NS(=O)(=O)c3ccccc3C(F)(F)F)c1)C1CC1)CCCCCC2,CHEMBL275633
DEC_4233,decoy,CC1(C)O[C@@H]2CC3C4C[C@H](F)C5=CC(=O)C=C[C@]5(C)[C@@]4(F)[C@@H](O)C[C@]3(C)[C@]2(C(=O)CSC2CCOC2=O)O1,CHEMBL302366
DEC_1800,decoy,COc1cc2/c(=N/c3ccc(Br)cc3F)nc[nH]c2cc1OCC1CCN(C)CC1,CHEMBL24828
DEC_4131,decoy,CNCc1ccccc1Sc1ccc(I)cc1CO,CHEMBL429065
DEC_3004,decoy,O=C1O[C@H](c2ccc(F)cc2)[C@@](Cn2cncn2)(c2ccc(Cl)cc2Cl)O1,CHEMBL10444
DEC_1897,decoy,Cc1cccc2c(C3=NCC4(CN5CCC4CC5)O3)cn(C)c12,CHEMBL267298
DEC_4009,decoy,COC1[C@@H](Cn2cncn2)[C@H](COc2ccc(OC(C)(C)C)cc2)CC[C@@]1(C)CCn1ccnc1,CHEMBL300043
DEC_4193,decoy,O=C1NCN(c2ccccc2)C12CCN(C1CCc3ccc(Cl)cc3C1)CC2,CHEMBL447779
DEC_3643,decoy,Cc1ncc(-c2ccc(S(=O)(=O)Nc3ccc(CCNC[C@H](O)c4cccnc4)cc3)cc2)o1,CHEMBL288418
DEC_3951,decoy,Cc1ccccc1N1CCN(S(=O)(=O)CC23CCC(CC2NC(=O)[C@@H]2CCCNC2)C3(C)C)CC1,CHEMBL23821
DEC_3574,decoy,c1ccc2c(CNCCN3CCOCC3)c3ccccc3c(CNCCN3CCOCC3)c2c1,CHEMBL27396
DEC_4350,decoy,Cl.O=C(C1CCCN1)N1CCCC1P(=O)(OCC(Cl)(Cl)Cl)OCC(Cl)(Cl)Cl,CHEMBL268012
DEC_3976,decoy,CCN1CCCC1CNC(=O)c1ccc(-n2ccnc2)cc1.Cc1ccc(S(=O)(=O)O)cc1,CHEMBL443210
DEC_0632,decoy,CN1C(=O)CC[C@]2(C)C3CC[C@@]4(C)C(CC[C@@H]4N(C=O)C4CC4)C3CC[C@@H]12,CHEMBL276355
DEC_3270,decoy,OC1(c2ccc(Cl)c(C(F)(F)F)c2)CCN(CCCC(c2ccc(F)cc2)c2ccc(F)cc2)CC1,CHEMBL47050
DEC_2640,decoy,CCCCNC(=O)Nc1c(OCCCn2cnc(-c3ccccc3)c2)cccc1N(C)C,CHEMBL43109
ACT_037,active,O=C(O)c1ccc(S(=O)(=O)Oc2ccc(/C=C/[N+](=O)[O-])cc2)cc1O,CHEMBL449093
DEC_2409,decoy,COc1ccc2c3c1OC1C(O)C=CC4C(C2)N(C2CCCCC2O)CCC341,CHEMBL20571
DEC_1454,decoy,CC(C)=CCc1cc(C2CC(=O)c3cc(CC=C(C)C)c(O)cc3O2)ccc1O,CHEMBL34057
DEC_2068,decoy,N[C@@H](C(=O)N[C@@H]1C(=O)N2C(C(=O)O)=C(C(F)(F)F)CC[C@H]12)c1ccc(Cl)c(Cl)c1,CHEMBL283321
DEC_0293,decoy,COc1cc2c(cc1O)CC(=O)N(CCCN(C)CCc1ccc(OC)c(OC)c1)CC2,CHEMBL34920
DEC_3550,decoy,O=S(=O)(CCCN1CCOCC1)Nc1ccc(Sc2c(O)nc3ccc(C(F)(F)F)cc3c2-c2cc(Cl)ccc2O)cc1,CHEMBL363744
DEC_0384,decoy,Cc1c(C)c2c(c(C)c1O)CCC(C)(CO)O2,CHEMBL284076
ACT_048,active,CCCNc1nc2oc(C)c(C(=O)NNC(=O)c3cc4ccccc4oc3=O)c2c(=O)n1-c1ccccc1,CHEMBL5569412
DEC_0920,decoy,CNC(=O)/C=C(\c1ccccc1)c1ccc2nc(N)c(C(=O)C(C)(C)C)n2c1,CHEMBL431881
DEC_1883,decoy,CCCC1C(=O)N(CC(C)C)C2Sc3ccccc3N2C1=O,CHEMBL29541
DEC_2589,decoy,c1ccc2c3c(ccc2c1)OC(C1=NCCN1)C3,CHEMBL266835
DEC_4408,decoy,CCCCCCC[C@H]1OC(=O)CC[C@H](Cc2ccccc2)N(C)C(=O)[C@H](C(C)C)OC(=O)[C@H]1C,CHEMBL40070
DEC_4103,decoy,CC(C)CCn1c(Cn2c(=O)n(C(N)=O)c3ccccc32)nc2ccccc21,CHEMBL417081
DEC_1563,decoy,O=S1(=O)c2cccc3cccc(c23)N1CCCCN1CC=C(c2c[nH]c3ccccc23)CC1,CHEMBL19203
DEC_0422,decoy,Cc1ccccc1N1C(N)=NC(N)=NC1(C)C,CHEMBL22188
DEC_3977,decoy,O=C(Cn1c2c(c(=O)n3nc(-c4ccccc4)cc13)CN(C1CC3CCC1C3)C2=O)c1ccccc1,CHEMBL48284
DEC_4383,decoy,COc1ccc([C@@H]2Sc3ccc(Cl)cc3-n3c(CN(C)C)ccc3[C@@H]2OC(C)=O)cc1,CHEMBL278804
DEC_2814,decoy,O=C1N[C@@H]2CCCC[C@H]2N1C1CCN(CCC(c2ccccc2)c2ccccc2)CC1,CHEMBL27539
DEC_4390,decoy,CC/C(=C(/c1ccccc1)c1cccc(OC(C)=O)c1)c1ccc(OC(C)=O)c(OC(C)=O)c1,CHEMBL29983
DEC_3960,decoy,CN(C)c1ccccc1CC(=O)N1C[C@@H]2C(=O)C[S+]([O-])C(c3ccccc3)(c3ccccc3)[C@@H]2C1,CHEMBL297244
DEC_1624,decoy,CSc1sc(C(=N)N)cc1-c1nc(-c2cccs2)cs1,CHEMBL31549
DEC_0816,decoy,CCCc1cc(=O)oc2c3c(c4c(c12)OC(C)(C)C=C4)OC[C@H](C)[C@@H]3O,CHEMBL266091
DEC_2051,decoy,C=CCCN1C2CCC1CC(OC(c1ccc(F)cc1)c1ccc(F)cc1)C2,CHEMBL12377
DEC_2551,decoy,CCCc1cc(=O)oc2c3c(c4c(c12)OC(C)(C)C=C4)O[C@@H](C)[C@H](C)[C@@H]3O,CHEMBL7187
DEC_1963,decoy,CN1CC[C@]23c4c5ccc(O)c4O[C@H]2[C@H](SSc2ccc([N+](=O)[O-])cn2)CCC3C1C5,CHEMBL40643
DEC_1098,decoy,Nc1nc(Cl)c2nnn(C3CC(CO)C(O)C3O)c2n1,CHEMBL21422
DEC_1713,decoy,N#Cc1cc(-c2ccoc2)c2ccc(OCc3cccc(C4(O)CC5COC(C4)O5)n3)cc2n1,CHEMBL22751
DEC_2357,decoy,CC(C)Cc1ccc(CCn2ncc3c2nc(N)n2nc(-c4ccco4)nc32)cc1,CHEMBL17013
DEC_1056,decoy,CCCCn1cc2c(nc(N)n3nc(-c4ccco4)nc23)n1,CHEMBL16894
DEC_0976,decoy,Clc1ccc([C@@]2(Cn3cncn3)OCO[C@@H]2c2ccccc2)c(Cl)c1,CHEMBL418152
DEC_3408,decoy,CC(C)OC(=O)CCC(=O)O[C@]1(C(=O)CCl)[C@@H](C)CC2C3CCC4=CC(=O)C=CC4(C)[C@@]3(F)[C@@H](O)CC21C,CHEMBL311802
DEC_2865,decoy,O=C1CC(c2nnn[nH]2)Oc2c(COc3ccc(OCc4ccc5ccccc5n4)cc3)cccc21,CHEMBL49696
DEC_1367,decoy,CC1=C(C(=O)OC(c2ccccc2)c2ccccc2)N2C(=O)[C@@H](NC3=NC4CC4N3)C2SC1,CHEMBL416710
DEC_3874,decoy,CC(C)(C)NC(=O)C(=O)Nc1ccc(-c2cnco2)c(Br)c1,CHEMBL24866
DEC_2917,decoy,O=Cc1nc(-c2cc(Cl)cc(Cl)c2)c(-c2cc(Cl)cc(Cl)c2)[nH]1,CHEMBL8084
DEC_4448,decoy,Cc1cc2c(s1)CCC(CN[C@H]1CC[C@@H](Oc3ccccc3)[C@H]1O)C2=O,CHEMBL15201
ACT_079,active,C=CC(=O)Nc1cccc(N(C(=O)C=C)c2nc(Nc3ccc(OC)nc3)ncc2C#N)c1,CHEMBL5878630
DEC_0543,decoy,CC(C)c1cc(/C=C/c2cccs2)cc(C(C)C)c1O,CHEMBL8595
DEC_3995,decoy,CCCCCCC[C@H]1OC(=O)C[C@@H](O)[C@H](Cc2ccccc2)N(C)C(=O)[C@H](C(C)C)OC(=O)[C@H]1C,CHEMBL269137
DEC_0630,decoy,COC(=O)C(C)(C)CCCOc1ccc(OCCCC(C)(C)C(=O)OC)c(/C=N/NC(N)=O)c1,CHEMBL7746
DEC_2371,decoy,CC(NC(=O)c1cc(NC(=O)c2cc([N+](=O)[O-])cn2C)cn1C)C(=O)OC(C)(C)C,CHEMBL11737
DEC_3913,decoy,O[C@@H](COc1ccccc1)CN1CCC(Oc2ccccc2)CC1,CHEMBL31991
DEC_2707,decoy,N=c1sc(-c2cc(Br)ccc2F)nn1-c1c(Cl)cc(C(F)(F)F)cc1Cl,CHEMBL49311
DEC_1394,decoy,C=C(c1cc(Cl)ccc1OC(C)c1ccsc1)n1ccnc1,CHEMBL25795
DEC_1236,decoy,CCCCc1cn(-c2c(C(C)C)cccc2C(C)C)c(=O)n1Cc1ccc(-c2ccccc2-c2nn[nH]n2)nc1,CHEMBL274082
DEC_0727,decoy,COc1cccc([C@@H]2c3[nH]c4ccccc4c3C[C@@H]3C(=O)N([C@@H]4CCN(Cc5ccccc5)C4)CC(=O)N23)c1,CHEMBL284560
DEC_2629,decoy,CCCCCC1(CCCCC)C(=O)C(C(=O)C(C)C)=C(O)C(C(=O)C(C)C)=C1O,CHEMBL20050
ACT_031,active,Cc1cc(C)c(C)c(-c2cc3cnc(NCCCN4CCN(C)CC4)nc3nc2NC(=O)NC(C)(C)C)c1C,CHEMBL75188
DEC_3549,decoy,O=C(Nc1ccc(C[C@H](NC(=O)[C@@H]2CCCN2S(=O)(=O)c2cc(Cl)cc(Cl)c2)C(=O)O)cc1)c1c(Cl)cncc1Cl,CHEMBL296804
DEC_3908,decoy,CSc1sc(C(=N)N)cc1-c1nc(-c2ccccc2)c(C)s1,CHEMBL29268
DEC_1667,decoy,Nc1nc(N)c2c(CNc3ccc(Oc4ccccc4)cc3)coc2n1,CHEMBL23297
DEC_4529,decoy,CN(Cc1cnc2nc(N)nc(N)c2n1)c1ccc(C(=O)NC(CCCNC(=O)OC(C)(C)C)C(=O)O)cc1,CHEMBL268130
DEC_0651,decoy,CCCc1cc(=O)oc2c1c1c(c3oc(C)c(C)c(=O)c32)C=CC(C)(C)O1,CHEMBL267951
DEC_2442,decoy,O=Cc1ccn(-c2cc3c(cc2Cl)nc(O)n2nc(C(=O)O)cc32)c1,CHEMBL8829
DEC_2918,decoy,FC(F)(F)c1cccc(-c2nnc3c4ccccc4c(N4CCCC4)nn23)c1,CHEMBL274461
DEC_0700,decoy,CS(=O)(=O)N1CCC[C@@H]1Cc1coc2cc(C(=O)N3CCC(N4C(=O)OCc5ccccc54)CC3)ccc12,CHEMBL31941
DEC_3214,decoy,Cc1cnc(NC(=O)C2=C(O)c3ccccc3S(=O)(=O)N2C)s1,CHEMBL599
DEC_3768,decoy,CC1(C)CC(C)(C)c2cccc(/N=C(\S)Nc3ccc([N+](=O)[O-])cc3)c2O1,CHEMBL7355
DEC_2145,decoy,Cc1cc(-c2ccc(C#N)cc2)sc1C(=O)N[C@H](C)[C@](O)(Cn1cncn1)c1ccc(F)cc1F,CHEMBL53647
DEC_0071,decoy,CC1(C)C=C(n2ccc(C#N)c2)c2cc(C#N)ccc2O1,CHEMBL287985
DEC_2972,decoy,CCCc1cc(=O)oc2c3c(c4c(c12)OC(C)(C)C=C4)OC[C@H](C)C31OCOCO1,CHEMBL7652
DEC_3164,decoy,C=C(c1c(C)ccc(C)c1OCC(O)CNC(C)(C)C)n1ccnc1,CHEMBL15516
DEC_1095,decoy,O=c1ccn(C2CSC(CO)(CO)O2)c(=O)[nH]1,CHEMBL31927
DEC_3933,decoy,N#Cc1ccc(S(=O)(=O)Nc2cccc3c(Cl)c[nH]c23)cc1,CHEMBL20814
DEC_1308,decoy,Cc1cc(SC2=C(O)OC(C)(CCc3ccc(O)cc3)CC2=O)c(C(C)(C)C)cc1OS(=O)(=O)N(C)C,CHEMBL70386
DEC_2460,decoy,CC12CCC(=O)C=C1CCC1C2C(O)CC2(C)C1CC[C@]2(O)C(=O)COC(=O)c1ccc(CN2CCOCC2)cc1,CHEMBL82180
DEC_2039,decoy,COc1ccc([C@H](Cc2cc[n+]([O-])cc2)c2ccccc2)cc1OC1CCCC1,CHEMBL286603
DEC_0970,decoy,O=C1Nc2ccc(Cl)cc2C(OCC(F)(F)C(F)(F)F)(C(F)(F)F)O1,CHEMBL17009
DEC_0068,decoy,Cc1occc1Sc1cncc2sc(C(N)=O)cc12,CHEMBL267938
DEC_3129,decoy,O=S(=O)(CS(=O)(=O)C(F)(F)F)c1ccc(NS(=O)(=O)C(F)(F)F)cc1,CHEMBL12365
DEC_3057,decoy,C/C(=C\Cn1oc(=O)[nH]c1=O)c1ccc2oc(Cc3nc(-c4ccc(C(F)(F)F)cc4)oc3C)cc2c1,CHEMBL7285
DEC_3846,decoy,O=C(c1ccc2[nH]ccc2n1)N1CCC(N2C(=O)OCc3ccccc32)CC1,CHEMBL31645
DEC_3883,decoy,CC1=NN(C(=O)Nc2ccccc2C)C(C)=NN1C(=O)Nc1ccccc1C,CHEMBL17391
DEC_1969,decoy,CC(C)(C)OC(=O)N1CCC(C(=O)Nc2ncc(SCc3ncc(C(C)(C)C)o3)s2)CC1,CHEMBL295918
DEC_0023,decoy,C[C@@H]1CC2C3CCC4=CC(=O)C=C[C@]4(C)[C@@]3(F)[C@@H](O)C[C@]2(C)[C@@]1(O)C(=O)CSCCN=C=S,CHEMBL48439
DEC_2510,decoy,C[C@]12CCC(=O)C=C1CCC1C2CC[C@@]2(C)C1CC[C@@H]2OC1CC1,CHEMBL267913
DEC_4051,decoy,CC(C)(C)c1ccc(CN2Cc3ccccc3N(Cc3c[nH]cn3)C(CCc3ccccc3)C2)cc1,CHEMBL8456
DEC_2188,decoy,Cc1cccc(O)c1-c1cccc2c1-c1cccc3c1[C@@H](C2)N(C)CC3,CHEMBL26907
DEC_3391,decoy,O=C1NC(=O)C(S(=O)(=O)c2ccc3ccccc3c2Br)S1,CHEMBL30325
DEC_3712,decoy,O=C([C@@H](NS(=O)(=O)c1cnccc1N[C@H](CO)Cc1ccccc1)c1ccccn1)N1CCC(CCF)CC1,CHEMBL416528
DEC_2685,decoy,CCC(C)CNC(=O)OCC1CN(C(=O)c2cc(OC)c(OC)c(OC)c2)CCN1C(=O)c1cc(OC)c(OC)c(OC)c1,CHEMBL204022
DEC_3537,decoy,Cn1cc(NC(=O)c2sccc2Cl)cc1C(=O)Nc1cc(-c2nc3cc(C(=O)NCCN4CCCCC4)ccc3[nH]2)n(C)c1,CHEMBL22865
DEC_3833,decoy,O=C(O)[C@H]1CSC(c2ccc(O)cc2O)=N1,CHEMBL11300
DEC_3614,decoy,Cc1coc2c(O)cc3c(c12)[C@H](CCl)CN3C(=O)c1cc2cc(NC(=O)c3cc4ccccc4[nH]3)ccc2s1,CHEMBL77091
DEC_2965,decoy,O=c1c(O)c(-c2ccc(O)c(O)c2)oc2cc(O)ccc12,CHEMBL31574
DEC_3909,decoy,COc1c(C(C)(C)C)cc(Cc2cnc(N)nc2N)cc1C(C)(C)C,CHEMBL24374
DEC_2140,decoy,COc1cc([C@@H]2c3cc4c(cc3[C@@H](Nc3cccc([N+](=O)[O-])c3)[C@H]3COC(=O)[C@H]23)OCO4)cc(OC)c1O,CHEMBL29039
DEC_2329,decoy,COc1cc2c(cc1OCCCCCC(=O)N1C[C@@H](CCl)c3c1cc(O)c1ccccc31)N=C[C@@H]1CCCN1C2=O,CHEMBL302536
ACT_089,active,COc1ccc(Oc2nc3ccc(C)cc3cc2/C=N/NC(=O)Cn2c([N+](=O)[O-])cnc2C)cc1,CHEMBL3235202
DEC_0151,decoy,CNC(=O)c1ccc(-c2sc3cc(O)ccc3c2C(=O)c2ccc(OCCN3CCCCC3)cc2)cc1.O=C(O)C(F)(F)F,CHEMBL45461
DEC_4165,decoy,CC[C@H]1CC2C3CCC(=O)C3(C)CCC2C2(C)CCC(=O)C=C12,CHEMBL24021
DEC_4525,decoy,CCCCOC(=O)N[C@@H](CCC(=O)N1CCC2(CC1)C(=O)N(c1ccc(C(=N)NO)cc1)C(=O)N2C)C(=O)OCC,CHEMBL65691
DEC_1187,decoy,COC(=O)C1C2CCC(CC1c1ccc(I)cc1)N2,CHEMBL14613
DEC_1132,decoy,O=C(c1cccc2ccccc12)N1CCC2(CC1)NC(=O)N(c1cc(C(F)(F)F)cc(C(F)(F)F)c1)C2=O,CHEMBL314499
DEC_1920,decoy,O=C(OC(C(F)(F)F)C(F)(F)F)c1cnccn1,CHEMBL283970
DEC_1131,decoy,C[C@]12CCC(=O)C(Br)=C1NCC1C2CC[C@@]2(C)C1CC[C@@H]2C(=O)NC12CC3CC(CC(C3)C1)C2,CHEMBL305855
DEC_0616,decoy,CCCCCCCCCCCC1=C(OC)C(=O)C2=C(C1=O)N1C[C@@H]3N[C@@H]3[C@]1(OC)[C@@H]2COC(N)=O,CHEMBL300224
DEC_1910,decoy,COc1cc(OC)c(SC)cc1CC(C)N,CHEMBL31787
DEC_3188,decoy,CCCCC[C@@H]1/C=C\C2[C@H](O)C[C@H](O)[C@@H]2C/C=C\CCCC(=O)O1,CHEMBL274820
DEC_4326,decoy,COc1cc2c(cc1OCCC(=O)N1C[C@H](CCl)c3c1cc(O)c1ccccc31)N=C[C@@H]1CCCN1C2=O,CHEMBL70019
DEC_1516,decoy,C/C(=C\C(=O)Nc1cc(Cl)ccc1OCCCC(=O)O)c1ccc2c(ccn2C(c2ccccc2)c2ccccc2)c1,CHEMBL99493
DEC_2052,decoy,CCCc1cc2c(cc1O)C(C)(C)C(CCc1ccc(S(C)(=O)=O)cc1)O2,CHEMBL25296
DEC_0755,decoy,CCCc1cc2c(c(C(C)(C)C)c1O)CCO2,CHEMBL269588
DEC_2164,decoy,Cc1cc(Br)cc(-c2ccc3c(c2)C(C)(C)OC(S)=N3)c1,CHEMBL26764
DEC_0550,decoy,c1ccc2cc(CNCCc3c[nH]c4ccccc34)ccc2c1,CHEMBL8045
DEC_4548,decoy,COC(=O)[C@H](Cc1c[nH]c2ccccc12)NP(=O)(OC)OCC1OC(n2cc(C)c(=O)[nH]c2=O)CC1N=[N+]=[N-],CHEMBL53431
DEC_3588,decoy,COc1ccc(CC(=O)Nc2nc3nn(C)c(SC)c3c3nc(-c4ccco4)nn23)cc1,CHEMBL21910
DEC_3938,decoy,CCc1c2c(nc3cnc(Br)cc13)-c1cc3c(c(=O)n1C2)COC(=O)[C@]3(O)CC,CHEMBL273734
DEC_2467,decoy,O=C(CSc1cc(Cl)ccc1Cl)N[C@@H]1C(=O)N2C(C(=O)O)=C(COC(=O)c3cccnc3)CSC12,CHEMBL294383
DEC_3117,decoy,CCCNn1cc(C(=O)O)c(=O)c2cc(F)c(N3CCN(C)CC3)cc21,CHEMBL12967
DEC_2108,decoy,CC(C)C1=CC2CC3(C=O)[C@@H]4CC[C@@H](C)[C@H]4CC2(CO[C@@H]2O[C@H](C)[C@H]4OC[C@@H](C)[C@H]4[C@@H]2O)C13C(=O)O,CHEMBL295312
DEC_3451,decoy,CC1(C)N=C(N)N=C(N)N1c1ccc(OCc2ccc(S(=O)(=O)Oc3ccc(Cl)c(Cl)c3)cc2)c(Cl)c1,CHEMBL319140
DEC_1589,decoy,CCc1c(Sc2cc(C)cc(C)c2)n(COCCO)c(=O)[nH]c1=O,CHEMBL16684
DEC_1680,decoy,N#Cc1cc(-c2ccoc2)c2ccc(CSc3cc(F)cc(C4(O)CC5COC(C4)O5)c3)cc2n1,CHEMBL280348
DEC_2705,decoy,CN(C)CC#CCCC1(C2(O)c3ccccc3Sc3ccc(Cl)cc32)SCCCS1,CHEMBL40661
DEC_1601,decoy,CCOCC/N=C(\N)Nc1nc(-c2ccc(CNC(C)=O)o2)cs1,CHEMBL24356
DEC_2686,decoy,COc1ccc(S(=O)(=O)N(Cc2ccc3c(c2)OCO3)[C@H](CCNC(=O)c2c(-c3ccccc3)noc2C)C(=O)NO)cc1,CHEMBL294359
DEC_3321,decoy,Cc1ccc(CC2C(c3ccc(C)cc3)C[C@H]3CCC2N3C)cc1,CHEMBL19944
DEC_2383,decoy,CC(C)=CCc1c(O)n(Cc2ccc(F)cc2)c2nc3c(n2c1=O)C(=O)N(C)CN3C,CHEMBL14066
DEC_2297,decoy,CCCCOc1nc(C(Cl)(Cl)Cl)c(Cl)c(OCCCC)c1Cl,CHEMBL11258
DEC_1258,decoy,O=C(O)CCC/C=C/C[C@H]1[C@H](/C=N/Oc2ccc(F)cc2)C2CC1(c1ccc(-c3ccccc3)cc1)CO2,CHEMBL10400
DEC_3517,decoy,CC(C)CCN(C[C@@H](O)[C@@H]1Cc2ccc(cc2)OCCCCCC(=O)N[C@@H](C(C)C)C(=O)N1)S(=O)(=O)c1ccc2ccccc2c1,CHEMBL296937
DEC_0768,decoy,OCCC12NC(O)(Cc3ccccc31)C1CCCCC12,CHEMBL9521
DEC_0751,decoy,Cc1cc(Cl)cc2c1OCCC21OC(=O)NC1=O,CHEMBL32216
DEC_2335,decoy,CC1=C(C(=O)OCCN(C)C)C(c2ccccc2OC(C)C)N2C=C(c3c(Cl)cccc3Cl)SC2=N1,CHEMBL41808
DEC_3399,decoy,CC1CCN(CC(=O)N2c3ccccc3N(C)S(=O)(=O)c3ccccc32)CC1,CHEMBL280813
DEC_1981,decoy,C[C@@H]1CCC2[C@@H](C)[C@H](OC(CCC(=O)O)c3ccc(Cl)cc3)O[C@@H]3OC4(C)CC[C@@H]1C23OO4,CHEMBL31463
DEC_3829,decoy,CCC/N=c1\c(O)c(O)\c1=N/Cc1ccc(C#N)cc1,CHEMBL19937
ACT_082,active,CONC(=O)c1cc(Nc2ncnn3cc(NC(=O)OCCCS(C)(=O)=O)c(C(C)C)c23)c(F)cc1F,CHEMBL195218
DEC_0342,decoy,Fc1cccc(Br)c1N(CC1CC1)C1=NCCN1,CHEMBL20358
DEC_3969,decoy,CN(C)c1cccc2c(S(=O)(=O)Oc3cccc4c3C(=O)C(N3CC3)=C(N3CC3)C4=O)cccc12,CHEMBL287272
ACT_029,active,CNC1=CC2N=CN(C)/C(=N\c3cccc(Br)c3)C2C=N1,CHEMBL52882
DEC_0039,decoy,CO[C@@H]1[C@@H](C)O[C@@H](OCC23C[C@@H]4[C@H](C)CC[C@H]4C4(C=O)CC2C=C(C(C)C)C34C(=O)O)C(O)[C@@H]1O,CHEMBL418180
DEC_4482,decoy,CCC1=C(c2ccccc2)c2ccc(OCC(O)CO)cc2Sc2ccccc21,CHEMBL277605
DEC_1976,decoy,COc1ccc(C2(O)OC(=O)C(c3cc(OC)c4c(c3)OCO4)=C2Cc2ccccc2)cc1C,CHEMBL275559
DEC_3218,decoy,NCCO.O=C(O)c1cc(O)c2c(n1)-c1cc(Cl)ccc1SC2,CHEMBL29753
DEC_2281,decoy,CC(C)N(CCC(CCC1CCCCC1)(C(N)=O)c1ccccc1Cl)C(C)C,CHEMBL275012
DEC_0649,decoy,O=c1cc(C(F)(F)F)c2cc3c(cc2o1)NCCC3C(F)(F)C(F)(F)F,CHEMBL266928
DEC_0762,decoy,CN1CC=C(c2c[nH]c3ccc(CO)cc23)CC1,CHEMBL287441
DEC_4530,decoy,CC(C)[C@@H](NC(=O)[C@@H](NC(=O)c1csc(-c2ccccc2)n1)[C@@H](C)O)c1nc(C(=O)NCCCO)cs1,CHEMBL311291
DEC_3652,decoy,Cc1cc(CN/C(S)=N/Cc2ccc(NS(C)(=O)=O)cc2)c(COC(=O)C(C)(C)C)cc1C,CHEMBL45817
DEC_4046,decoy,Cc1noc(NS(=O)(=O)c2ccccc2-c2ccc(-c3ncco3)cc2/C=C/c2ccccc2)c1C,CHEMBL286279
DEC_2285,decoy,CC(=O)c1ccc(CCCOc2c(C)cc(-c3noc(C(F)(F)F)n3)cc2C)o1,CHEMBL282630
DEC_1630,decoy,CCCCCCc1nc2c([nH]1)N1CC3(CCCC3)N=C1N(C)C2=O,CHEMBL18965
DEC_3260,decoy,CC(C)c1cccc(C(C)C)c1OC(=O)NS(=O)(=O)Oc1c(C(C)(C)C)cccc1C(C)(C)C,CHEMBL22634
DEC_3700,decoy,CSCC[C@@H]1[C@H](O)[C@@H](O)[C@@H](CCSC)N(Cc2ccc(CO)cc2)C(=O)N1Cc1ccc(CO)cc1,CHEMBL66817
DEC_2864,decoy,CC(=O)N(C)Cc1cc(-c2ncco2)ccc1-c1ccccc1S(=O)(=O)Nc1onc(C)c1C,CHEMBL284656
DEC_2793,decoy,COc1ccccc1N1CCN(CCCSc2nc3sc(C)c(C)c3c(=O)n2N)CC1,CHEMBL12028
DEC_0691,decoy,O=C(Cc1cc[n+]([O-])cc1)N1CCC(=C2c3ccc(Cl)cc3CCc3cc(Br)cnc32)CC1,CHEMBL41934
DEC_3743,decoy,CS(=O)(=O)c1ccc(-c2nc(C(F)(F)F)sc2-c2ccc(F)cc2)cc1,CHEMBL17047
DEC_2433,decoy,C=C1/C(=C\C=C2/CCC[C@@]3(C)C2CC[C@]3(O)C(=O)CO)CC(O)C[C@@H]1O,CHEMBL286468
DEC_0012,decoy,CO[C@H]1[C@@H]2O[C@@H]2[C@H](OCC23C[C@@H]4[C@H](C)CC[C@H]4C4(C=O)CC2C=C(C(C)C)C34C(=O)O)O[C@@H]1CO,CHEMBL283074
DEC_3343,decoy,Clc1nc(C#Cc2ccccc2)nc2c1ncn2Cc1ccccc1,CHEMBL279271
DEC_4340,decoy,O=S(=O)(c1ccc(OC(F)(F)F)cc1)C(CSc1ccc(F)cc1)S(=O)(=O)C(F)(F)F,CHEMBL12199
DEC_3928,decoy,CC(C)CCOC1(C(F)(F)F)OC(=O)Nc2ccc(Cl)cc21,CHEMBL17644
DEC_0944,decoy,C/C(=N\OCC#N)c1ccc(Sc2cc(F)cc(C3CCOCC3)c2)cc1,CHEMBL24925
DEC_0961,decoy,Brc1ccc(C2(Cn3ccnc3)OCC(c3ccccc3)O2)cc1,CHEMBL30036
DEC_3287,decoy,CS(=O)(=O)Nc1ccc2nc(-c3ccccc3)cc(Nc3ccc(OCC4CCCCC4)cc3)c2c1,CHEMBL40956
DEC_2763,decoy,CCCCc1nc2ccc(C(C)N)cc2c(=O)n1Cc1ccc(-c2ccccc2-c2nn[nH]n2)cc1,CHEMBL14487
ACT_055,active,CCC1=C2C(Nc3ccc4c(cnn4Cc4cccc(F)c4)c3)=NC=NC2N=C1NC(=O)OC[C@@H]1COCCN1,CHEMBL583403
DEC_0484,decoy,O=c1c2c(oc(O)c1C(c1cccc(NS(=O)(=O)c3cccc(Cl)c3Cl)c1)C1CC1)CCCCCC2,CHEMBL280053
DEC_3603,decoy,CCCCc1nc2ccnc(O)c2n1Cc1ccc(-c2ccccc2-c2nn[nH]n2)cc1,CHEMBL429008
DEC_2116,decoy,Nc1nc(O)c2nn(-c3cccc(C(=O)NCc4ccccc4Sc4ccccc4CO)c3)nc2n1,CHEMBL297273
DEC_3999,decoy,CCCCN(Cc1ccc(-c2ccccc2-c2nn[nH]n2)cc1)c1ncnc2c1nc(C(N)=O)n2C,CHEMBL48606
DEC_0408,decoy,Nc1nc(O)c2[nH]c(N3CCCCC3)nc2n1,CHEMBL14940
DEC_0980,decoy,CO[C@H]1O[C@]2(C)OO[C@]13[C@H](CCOCc1ccccc1)CCC[C@@H]3CC2(C)C,CHEMBL22956
DEC_1176,decoy,C[C@]12CCC(=O)C=C1CC[C@@H]1[C@@H]2[C@@H](O)C[C@]2(C=O)[C@@H](C(=O)CO)CC[C@@H]12,CHEMBL273453
DEC_3861,decoy,Oc1ccc(Cl)cc1-n1nc(-c2cccc(C(F)(F)F)c2)nc1O,CHEMBL274837
DEC_3854,decoy,CSc1ccc2c(c1)[C@H](N1CCN(C)CC1)Cc1ccccc1S2,CHEMBL273490
DEC_1870,decoy,O=C(O)c1cn2c(cnc3cc(Cl)c(Cl)cc32)n1,CHEMBL276433
DEC_1992,decoy,COc1ccc([C@@H]2c3nc(NC(C)C)ccc3[C@H](c3ccc4c(c3)OCO4)[C@H]2C(=O)O)c(O)c1,CHEMBL36671
DEC_2296,decoy,CCCc1ccc(N/N=C(\N=N\c2nnnn2-c2ccccc2)c2ccccc2)cc1,CHEMBL278323
DEC_0106,decoy,Nc1nc(O)c2c(n1)NC[C@H](CCNc1ccc(C(=O)NC(CCC(=O)O)C(=O)O)cc1)N2,CHEMBL23388
DEC_4054,decoy,Cn1cncc1C(N)(c1ccc(Cl)cc1)c1cc2c3c(c1)c(-c1cccc(Cl)c1)cc(=O)n3CC2,CHEMBL39324
DEC_3031,decoy,C=C(Cl)CN1C[C@H](OCC23C[C@@H]4[C@H](C)CC[C@H]4C4(C=O)CC2C=C(C(C)C)[C@@]34C(=O)O)O[C@H](C)C1,CHEMBL286857
DEC_3215,decoy,CC(=O)Nc1cc2c(c(N3CCCCC3)c1[N+](=O)[O-])C[C@H](O)C(C)(C)O2,CHEMBL276142
DEC_0744,decoy,Oc1cc(C(F)(F)F)c2cc3c(cc2n1)NCCC3,CHEMBL286684
DEC_0211,decoy,C[C@]12CCC3C(CCC4=CC(=O)CC[C@@]43C3CO3)C1CCC2=O,CHEMBL28806
DEC_3488,decoy,CC(C)(C)NCC(O)c1cc2cccc(CC(=O)OCCC34C[C@H]5C[C@@H](C3)C[C@@H](C4)C5)c2o1,CHEMBL291222
DEC_4222,decoy,COc1ccc(Cl)c(C2(F)C(=O)Nc3c(I)cccc32)c1,CHEMBL275699
DEC_3082,decoy,O=C(N[C@@H](Cc1cccs1)C(=O)O)c1ccccc1Br,CHEMBL7742
DEC_3917,decoy,CC[C@]1(c2cccc(N=C=S)c2)OC[C@H]([C@@H]2CCCCN2)O1,CHEMBL282383
DEC_4325,decoy,COc1cc2c(cc1OCCC(=O)N1C[C@@H](CCl)c3c1cc(O)c1ccccc31)N=C[C@@H]1CCCN1C2=O,CHEMBL307542
DEC_3111,decoy,Nc1nc(N)c2cc(CNC(=O)c3cccc(C(F)(F)F)c3)ccc2n1,CHEMBL7358
DEC_0041,decoy,O=C1[C@@H](NS(=O)(=O)c2cc3ccnc(Cl)c3s2)CCN1Cc1cc2c[nH]ccc-2n1,CHEMBL8242
DEC_3665,decoy,Cc1ccc(S(=O)(=O)N[C@@H]2C3CC(c4ccc(O)cc4)(CO3)[C@H]2C/C=C/CCCC(=O)O)cc1,CHEMBL273661
DEC_3525,decoy,COC(=O)C1=C(C)N=C(C)/C(=C(/O)OC)C1c1cccc(N/C(=N/CCNC2CCN(c3ccccc3C(F)(F)F)CC2)NC#N)c1,CHEMBL189036
DEC_0684,decoy,CCn1c(=O)/c(=C2\C=CC=CN2C)s/c1=C\c1sc2ccccc2[n+]1CC.Cc1ccc(S(=O)(=O)[O-])cc1,CHEMBL432458
DEC_3405,decoy,CS(=O)(=O)O.Nc1nc2ccc(Cl)cc2c2nc(-c3cccs3)nn12,CHEMBL266095
DEC_3657,decoy,CCCc1ccc(S(=O)(=O)N[C@@H](CC#Cc2ccc(NC)cc2)C(=O)N(C)C2CCCC2)cc1,CHEMBL553108
DEC_0653,decoy,Brc1ccc(N(CC2CC2)C2=NCCN2)c(Br)c1,CHEMBL277244
DEC_1202,decoy,CC(C)[C@H]1OC(=O)O[C@@]1(Cn1cncn1)c1ccc(Cl)cc1,CHEMBL275465
DEC_3375,decoy,C[C@@H]1CN(C(=O)N2Cc3c(C(=O)OC(C)(C)C)ncn3-c3ccccc32)C[C@H](C)N1,CHEMBL14716
DEC_2391,decoy,CO[C@]1(c2cnc(S(=O)(=O)c3ccc(/C(C)=N/O)cc3)s2)CCO[C@@H](C)C1,CHEMBL26882
DEC_0083,decoy,Fc1cccc(F)c1Nc1nc2ccccc2n2cncc12,CHEMBL281218
DEC_3807,decoy,O=C(O)c1cc2c(c(C(=O)O)c1)NCCS2,CHEMBL35713
DEC_3050,decoy,CC(C)c1cccc(C(C)C)c1OC(=O)NS(=O)(=O)Oc1c(C(C)C)cc(O)cc1C(C)C,CHEMBL25216
DEC_0046,decoy,O=C(Cn1c(Cl)cnc(NCC(F)(F)c2ccccn2)c1=O)NCc1ncccc1F,CHEMBL30054
DEC_3467,decoy,CCNCc1cc(Nc2cc(C)nc(Nc3nc4cc(Cl)c(Cl)cc4[nH]3)n2)ccc1OC,CHEMBL25346
DEC_1038,decoy,CC(C)C(=O)C1=C(O)C(C)(C)C(O)=C(C(=O)C(C)C)C1=O,CHEMBL19916
DEC_3711,decoy,O=C(NC[C@H](NS(=O)(=O)c1cccnc1)C(=O)O)c1cc2cc(CCCC3CCNCC3)sc2s1,CHEMBL310964
DEC_1962,decoy,CC(=O)OC1=C(Sc2ccccc2)C[C@H]2Cc3cc4cccc(O)c4c(O)c3C(=O)[C@H]2C1,CHEMBL30248
DEC_3675,decoy,CC[C@@H](N[C@@H](CC(C)C)C(=O)N[C@H]1Cc2cn(c3ccccc23)CCCCCCNC1=O)C(=O)O,CHEMBL30782
ACT_017,active,CC(C)c1nnc2ccc(-c3c(-c4ccc(F)cc4F)nc4n3CCC4)nn12,CHEMBL1977374
DEC_1402,decoy,Cc1cc(C(OCCN2CCCC2)c2ccc(C(C)C)cc2)sn1,CHEMBL21457
DEC_0812,decoy,O=C1O[C@H](c2ccc(Cl)cc2)[C@@](Cn2cncn2)(c2ccc(Cl)cc2)O1,CHEMBL10531
DEC_0964,decoy,CCOC(=O)/C(C(=O)O)=C(C)/C=C/C=C(C)/C=C/C1=C(C)CCCC1(C)C,CHEMBL264489
DEC_0364,decoy,CC(C)(C)C#CC1Cc2ccsc2C(N)=N1,CHEMBL8288
DEC_1091,decoy,CC1(C)N=C(N)N=C(N)N1c1cccc(S(N)(=O)=O)c1,CHEMBL266734
DEC_2204,decoy,CC(CN1CCCCC1)OC(=O)[C@@H]1CCCN1C(=O)C(=O)C(C)(C)C,CHEMBL269775
DEC_2577,decoy,CCC[C@@]1(C2=NCCN2)Cc2ccccc2N1C,CHEMBL288337
DEC_0338,decoy,c1ccc2c(CCNCc3c[nH]c4ccccc34)c[nH]c2c1,CHEMBL269653
ACT_003,active,CSc1ccc(N(C)c2ncnc3occ(C)c23)cc1,CHEMBL4239716
DEC_0095,decoy,O=C(O)C1Cc2cc3c(-c4ccccc4F)noc3cc2O1,CHEMBL7502
DEC_3679,decoy,Cc1ccc(S(=O)(=O)N[C@@H]2C3CC(c4ccc(F)cc4)(CO3)[C@H]2C/C=C\CCCC(=O)O)cc1,CHEMBL10823
DEC_1537,decoy,[O-][n+]1ccc(CC(c2ccc(C3(O)CC3)cc2)c2ccc(OC(F)F)c(OC(F)F)c2)cc1,CHEMBL35440
DEC_1865,decoy,C#CCCCC(=O)c1cc2c(c(C(C)(C)C)c1)OCCC2,CHEMBL15216
DEC_1480,decoy,CCCc1cc(CCNC[C@@H](C)c2c(-c3cc(C)cc(C)c3)[nH]c3ccc(C(C)(C)C(=O)N4CC5CCC4CC5)cc23)ccn1,CHEMBL325417
DEC_0712,decoy,COc1c(I)cc(CC2NCCc3nc(NC(C)=O)sc32)cc1I,CHEMBL72935
DEC_2457,decoy,Cc1nc(N)ccc1CNC(=O)C1C=CCn2c(=O)n(C(CSc3ccc(Cl)c(Cl)c3)C(=O)O)c(=O)n21,CHEMBL32612
DEC_2480,decoy,CO[C@@H]1[C@@H](OC(=O)c2ccc(C)[nH]2)[C@@H](O)[C@H](Oc2ccc3c(N4CCNC(C)C4)cc(=O)oc3c2C)OC1(C)C,CHEMBL34837
DEC_0662,decoy,CC[S+]([O-])c1nnc(-c2cc(C(C)(C)C)c(O)c(C(C)(C)C)c2)s1,CHEMBL16843
DEC_3696,decoy,O=S(=O)(Nc1ccc(CCNC[C@H](O)c2cccnc2)cc1)c1ccc(-n2ncc(-c3ccc(F)cc3)n2)cc1,CHEMBL305558
DEC_4472,decoy,N=C(N)c1ccc2[nH]c(C(Cc3ccccc3F)c3ccccc3F)cc2c1,CHEMBL284885
DEC_2216,decoy,C=C1/C=C(\C)[C@H](CC)OC(=O)[C@H](C)C(=O)[C@@](O)(CO)[C@H](OC)/C=C/[C@@H](C)C1,CHEMBL32108
DEC_1586,decoy,CCCc1c(O)n(Cc2cccs2)c2nc3c(n2c1=O)C(=O)N(C)CN3C,CHEMBL14133
DEC_2203,decoy,CC1(C)N=C(N)N=C(N)N1c1ccc(I)cc1,CHEMBL7341
DEC_4295,decoy,CC(=O)c1cccc(NC(=O)NCCCN2CC[C@H](Cc3ccccc3)C[C@@H]2[C@@H](O)CC(C)C)c1,CHEMBL53444
DEC_1852,decoy,N#C/C(=C(/N)Sc1ccccc1N)c1cccc(C(O)c2ccc3c(c2)OCCO3)c1,CHEMBL34072
DEC_0171,decoy,CNS(=O)(=O)c1ccc2c(c1)C(n1ccccc1=O)=CC(C)(C)O2,CHEMBL273664
DEC_2683,decoy,CC(C)CCOC(=O)CCC(NC(=O)c1ccc(N(C)Cc2cnc3nc(N)nc(N)c3n2)cc1)C(=O)OCCC(C)C,CHEMBL36355
DEC_1115,decoy,Nc1nc(N)c2ncn(CC3(CO)CC3CO)c2n1,CHEMBL418383
ACT_002,active,CCCCCCCCCCCCCCCC[n+]1ccccc1,CHEMBL334255
DEC_0835,decoy,Cc1cn(C2CC(N=[N+]=[N-])C(COP(=O)(O)C(F)F)O2)c(=O)[nH]c1=O,CHEMBL287346
DEC_1133,decoy,Cn1cc(C2=C(c3cn(C4CCN(C(=O)OC(C)(C)C)CC4)c4ccccc34)C(=O)NC2=O)c2ccccc21,CHEMBL293805
DEC_2114,decoy,C=C[C@@]1(C)CC(=O)[C@]2(O)C3(C)C(C(O)C(OC(=O)C(C)N4CCCCC4)[C@@]2(C)O1)C(C)(C)CC[C@@H]3O,CHEMBL56592
DEC_2019,decoy,CCCCCC[C@H]1CC2C(CCC3(C)C(=O)CCC23)C2(C)C=CC(=O)C=C12,CHEMBL266532
DEC_1709,decoy,Cc1noc(NS(=O)(=O)c2ccccc2-c2ccc(-c3ncco3)cc2Cn2cccn2)c1C,CHEMBL30092
DEC_0842,decoy,CC(=O)Nc1nc(=O)n(C2CSC(CO)(CO)O2)cc1Br,CHEMBL28416
DEC_2931,decoy,CCCc1cc(=O)oc2c3c(c4c(c12)OC(C)(C)C=C4)O[C@H](C(C)C)[C@@H](C)[C@H]3O,CHEMBL269359
DEC_2564,decoy,c1ccc2c(CCCC3CCNCC3)c[nH]c2c1,CHEMBL24042
DEC_4298,decoy,O=C(NCCCCC1CCCCC1)c1coc(C2C3CCC(O3)C2Cc2ccccc2C(=O)O)n1,CHEMBL30845
DEC_2858,decoy,COC(=O)CCC(O[C@@H]1O[C@@H]2OC3(C)CC[C@H]4[C@H](C)CCC([C@H]1C)C24OO3)c1ccc(F)cc1,CHEMBL31430
DEC_2101,decoy,CC[C@@]1(O)C(=O)OCc2c1cc1n(c2=O)Cc2cc3c(CSCCN(C)C)c(O)ccc3nc2-1,CHEMBL267815
DEC_3760,decoy,CC(=O)O[C@]1(C(C)=O)CCC2C3C[C@H](C)C4=CC(=O)CCC4(C)C3CCC21C,CHEMBL287148
DEC_2124,decoy,C/C(=C(\F)C(=O)Nc1ccc(-c2ccccc2S(N)(=O)=O)cc1F)c1cc(C(=N)N)ccc1[N+](=O)[O-],CHEMBL284541
DEC_2852,decoy,CC(C)c1ccc(N/N=C(\N=N\c2nnnn2-c2ccccc2)c2ccccc2)cc1,CHEMBL23279
DEC_4379,decoy,N#C/N=C1\N(CCCCCOc2ccc(Cl)cc2)C(=O)C(c2ccccc2)N1c1ccncc1,CHEMBL17137
DEC_0562,decoy,CC(C)C1=CC2CC3(C=O)[C@@H]4CC[C@@H](C)[C@H]4CC2(CO[C@@H]2C[C@@H]4OC(C)(C)O[C@@H]4[C@@H](C)O2)C13C(=O)O,CHEMBL281117
DEC_2215,decoy,CC(CN1CCCCC1)OC(=O)C1CCCCN1C(=O)C(=O)C(C)(C)C,CHEMBL266301
DEC_2258,decoy,CC(=O)O[C@H]1O[C@@H]2O[C@@H](OC(C)=O)[C@@H]3CC[C@H]([C@H]1CC/C=C(\C)CCC=C(C)C)[C@H]23,CHEMBL418341
DEC_1756,decoy,CC1(C)C=C(n2ccccc2=O)c2cc(S(=O)(=O)Nc3ccc(Br)cc3)ccc2O1,CHEMBL273637
DEC_1590,decoy,Cc1c(Sc2cccc(C(C)(C)C)c2)n(COCCO)c(=O)[nH]c1=O,CHEMBL276058
DEC_3096,decoy,CC1(C)C=C(C(=O)NCCN2C(=O)C3CCCCC3C2=O)C(C)(C)N1,CHEMBL274259
DEC_0715,decoy,CC1(C)C(=O)N(c2ccc(C#N)c(C(F)(F)F)c2)C(=O)N1CCc1cccc(I)c1,CHEMBL9390
DEC_4206,decoy,O=C(c1ccc2[nH]ccc2c1)N1CCC(N2C(=O)OCc3ccccc32)CC1,CHEMBL31241
DEC_1426,decoy,C=C1/C(=C\C=C\C2CCCC([C@H](C)CC#CC(C)(C)O)C2(C)C)C[C@@H](O)C[C@@H]1O,CHEMBL36510
DEC_0634,decoy,CC(C)N(C=O)[C@H]1CCC2C3CC[C@H]4N(C)C(=O)CC[C@]4(C)C3CC[C@@]21C,CHEMBL17268
DEC_4449,decoy,Cc1cc2c(s1)CCC(CN[C@H]1CC[C@@H](Oc3ccccc3)[C@@H]1O)C2=O,CHEMBL14987
DEC_3940,decoy,O=C1NC(=O)C(CC#Cc2ccc(F)cc2)(S(=O)(=O)c2ccc(Br)cc2)S1,CHEMBL275072
ACT_006,active,O=S1(=O)N=S(c2ccc(Br)cc2)c2ccncc21,CHEMBL2205030
DEC_3978,decoy,CN1CCN(c2cc3c(cc2F)c(=O)c(C(=O)O)cn3-c2ccc(Br)cc2)CC1,CHEMBL27682
DEC_1965,decoy,O=C1[C@@H](NS(=O)(=O)c2ccc(-c3ccc(Cl)s3)s2)CCN1Cc1cc2[nH]cccc-2n1,CHEMBL266533
DEC_3499,decoy,CCc1cc(C)cc(C)c1NC(=O)c1sccc1S(=O)(=O)Nc1onc(C)c1Cl,CHEMBL283582
DEC_3763,decoy,O=C1O[C@H](c2ccc(F)cc2)[C@@](Cn2ccnc2)(c2ccc(Cl)cc2Cl)O1,CHEMBL10449
DEC_4516,decoy,CC(C)(C)c1ccc(S(=O)(=O)N[C@@H](CNC(=O)c2ccc(CCC(=O)NC3=NCCCN3)s2)C(=O)O)cc1,CHEMBL292241
DEC_0956,decoy,C/C(=N\OC(C)C)c1ccc(Sc2cc(F)cc(C3CCOCC3)c2)cc1,CHEMBL25039
DEC_2511,decoy,CN1Cc2sc(C(C)(C)C)cc2C(c2ccc(Br)cc2)C1,CHEMBL15633
DEC_1451,decoy,CSc1sc(C(=N)N)cc1-c1nc(-c2cccnc2Cl)cs1,CHEMBL285818
DEC_2730,decoy,O=c1c2c(oc(O)c1C(c1cccc(NS(=O)(=O)C3CCCCC3)c1)C1CC1)CCCCCC2,CHEMBL16564
DEC_0826,decoy,CC1(C)OC(S)=Nc2c(Br)cc(-c3cc(F)cc(C#N)c3)cc21,CHEMBL24963
DEC_1499,decoy,CCCCc1oc2ccccc2c1C(=O)c1ccc2c(Br)c(OC(Cc3ccccc3)C(=O)O)ccc2c1,CHEMBL281301
DEC_3138,decoy,CC[C@@]1(O)C(=O)OCc2c1cc1n(c2=O)Cc2cc3c4c(ccc3nc2-1)OCCN4CC#N,CHEMBL296862
DEC_2450,decoy,Cc1cc(C)c(NN=C2CCC(C)n3c2ncc(C(=O)O)c3=O)cc1C,CHEMBL441764
DEC_2149,decoy,O=C(NC(Cc1ccccc1)C(O)CN1C/C=C\CCCCCCCCOC1=O)O[C@H]1CO[C@H]2OCC[C@H]21,CHEMBL302689
DEC_3686,decoy,N/C(=N\O)c1cccc(CN(NS(=O)(=O)c2ccc3ccccc3c2)C(=O)N2CCCCCC2)c1,CHEMBL39078
DEC_3618,decoy,CN1C(=O)CN=C(c2ccccc2)c2cc(Cl)ccc21.Oc1c(-c2ccsc2)cnc2c(-c3ccccn3)cnn12,CHEMBL107335
DEC_1374,decoy,COc1cc(CC(C)N(C)C(C)C)c(OC)cc1I,CHEMBL11094
DEC_2809,decoy,C[C@H](CCCC(C)(C)O)C1CCC2/C(=C/c3occ4c3CC(O)CC4)CCCC21C,CHEMBL277344
DEC_0560,decoy,CC(C)NC(=O)N[C@@H](c1ccsc1)[C@@H](O)C(=O)OC1CC2C(C)(C)C1(C)[C@@]13CC(C)c4ccccc4[C@@]21O3,CHEMBL30994
DEC_3468,decoy,CC(C)NC(=O)OCc1c(COC(=O)NC(C)C)c(-c2ccc(Cl)cc2)n2c1SCC2,CHEMBL33575
DEC_0412,decoy,O=C(O)Cc1cc2c(c(C(=O)O)c1)NCCC2,CHEMBL37601
DEC_2700,decoy,COc1cc(C(=O)N2CCN(C(=O)c3cc(OC)c(OC)c(OC)c3)C(COC(=O)NC(C)C(C)C)C2)cc(OC)c1OC,CHEMBL258053
DEC_0160,decoy,CN(C=O)[C@H]1CCC2C3CC[C@H]4NC(=O)CC[C@]4(C)C3CC[C@@]21C,CHEMBL16743
DEC_0468,decoy,O=c1c2c(oc(O)c1C(c1cccc(NS(=O)(=O)c3ccc(Cl)c(Cl)c3)c1)C1CC1)CCCCCC2,CHEMBL430323
DEC_3323,decoy,CCCc1cc(C)c2oc(Cc3ccc(OC)cc3)c(C)c2c1O,CHEMBL18394
DEC_1631,decoy,O=C(O)C1=Cc2cc(C(C3CCCCC3)n3ccnc3)sc2CC1,CHEMBL22759
DEC_4072,decoy,O=c1c2c(oc(O)c1[C@H](c1cccc(NS(=O)(=O)c3ccc(F)cc3)c1)C1CC1)CCCCCC2,CHEMBL279765
DEC_4250,decoy,CN1CCN(c2nc3cc(Cl)cc(NS(=O)(=O)c4ccc(Cl)cc4)c3nc2N2CCN(C)CC2)CC1,CHEMBL63013
DEC_2050,decoy,Cc1cc(-c2noc(C(F)(F)F)n2)cc(C)c1OCCCc1cccc(F)n1,CHEMBL434962
DEC_2001,decoy,COc1ccc(C2(O)OC(=O)C(c3ccc4c(c3)OCO4)=C2Cc2cccc(C(F)(F)F)c2)cc1,CHEMBL10676
DEC_4161,decoy,c1ccc2c(c1)Oc1ccccc1C2NCCN1CCOCC1,CHEMBL20271
DEC_3474,decoy,CCc1cc(NCc2ccc(-c3ccccc3-c3nn[nH]n3)cc2)c(Br)c(CC)n1,CHEMBL32649
DEC_2118,decoy,O=C(OCOP(=O)(O)O)c1ccc(Cl)cc1Cn1nc(-c2ccc(C(F)(F)F)cc2)oc1=O,CHEMBL431530
DEC_0563,decoy,CC(C)C1=CC2CC3(C=O)[C@@H]4CC[C@@H](C)[C@H]4CC2(CO[C@H]2C[C@H]4[C@H](OCC4(C)C)[C@@H](C)O2)C13C(=O)O,CHEMBL295473
DEC_3202,decoy,Cc1c(Sc2ccccc2)n(COCCO)c(=S)[nH]c1=O,CHEMBL32457
DEC_3727,decoy,O=C(C[C@H]1S[C@H](c2ccncc2)N(CC(=O)NCCCN2CCOCC2)C1=O)NCc1cccc2ccccc12,CHEMBL44262
DEC_2035,decoy,COC(COc1cccc2ccccc12)CN1CCC(Cc2ccccc2)CC1,CHEMBL28355
DEC_0991,decoy,COC(=O)C(=O)O[C@H]1CC/C(C)=C\CC[C@]2(C)[C@@H]([C@H](C)CCCC(C)C)CC[C@H]2c2ccc(cc2C(=O)O)C1,CHEMBL262393
DEC_1116,decoy,Nc1nc(O)c2ncn([C@@H]3C[C@H](CO)C3CO)c2n1,CHEMBL417272
DEC_2630,decoy,CCCCCCC(C)OS(=O)(=O)NC(=O)Nc1c(C(C)C)cccc1C(C)C,CHEMBL22645
DEC_0022,decoy,O=C1[C@@H](NS(=O)(=O)c2cc3ccc(Cl)nc3s2)CCN1Cc1cc2c[nH]ccc-2n1,CHEMBL8509
DEC_3835,decoy,C/C=C(\NC(=O)C12CC3CC(CC(C3)C1)C2)C(=O)O,CHEMBL11917
DEC_1355,decoy,COc1cccc2c1CC[C@H]1CN(CCn3c(=O)[nH]c4c(sc5nccnc54)c3=O)C[C@@H]21,CHEMBL288530
DEC_1353,decoy,COC(=O)[C@@H]1N2C(=O)[C@@H](NC(=O)c3c(-c4c(Cl)cccc4Cl)noc3C)[C@H]2SC1(C)C,CHEMBL26227
DEC_0240,decoy,O=S(=O)(OCCCl)c1cc(Cl)c(Cl)cc1Cl,CHEMBL17012
DEC_2109,decoy,CC(C)C1=CC2CC3(C=O)[C@@H]4CC[C@@H](C)[C@H]4CC2(CO[C@@H]2O[C@H](C)[C@H]4OC[C@H](C)[C@H]4[C@@H]2O)C13C(=O)O,CHEMBL297124
DEC_2044,decoy,CC(=O)O[C@H]1c2ccc(CN(C)C)n2-c2ccccc2S[C@H]1c1ccccc1,CHEMBL442147
DEC_1105,decoy,Nc1nc(O)c2ncn(CC3(CO)CC3CO)c2n1,CHEMBL24655
DEC_3419,decoy,O=[N+]([O-])c1ccc(Oc2c(Cl)cc(S(=O)(=O)N/C(=N\O)Nc3ccc(Cl)cc3)cc2Cl)c(Cl)c1,CHEMBL73329
DEC_1853,decoy,Cl[C@H]1[C@H](Cl)[C@@H](Cl)[C@@H](Cl)[C@H](Cl)[C@H]1Cl,CHEMBL15891
DEC_1753,decoy,CO[C@]1(C)CCN2CC34CC5(C(=O)Nc6c5ccc5c6OC=CC(C)(C)O5)C(C)(C)C3CC21C(=O)N4C,CHEMBL290372
DEC_0800,decoy,CC(C)CCN(C1=NCCN1)c1c(Br)cccc1Br,CHEMBL20907
DEC_1882,decoy,C=C1C(=O)c2ccccc2OC1c1ccc(Br)cc1,CHEMBL442523
DEC_3472,decoy,C/N=c1\cc(C(C)C)ccc(C(c2ccc(OC)cc2)c2ccc(C(C)C)cc(NC)c2=O)c1O,CHEMBL279293
DEC_3658,decoy,Cc1ccc(C(CC(=O)O)NC(=O)CN(C)C(=O)c2ccc(NC(=O)NCc3ccccc3)o2)cc1,CHEMBL29036
DEC_1788,decoy,NC(=O)N1C(=O)/C(=C(\OC(=O)c2cccc(C(=O)O)c2)c2cccs2)c2cc(F)c(Cl)cc21,CHEMBL51717
DEC_2885,decoy,CO[C@]1(c2cc(F)cc(S(=O)(=O)c3ccc(/C(C)=N/OCC#N)cc3)c2)CCO[C@@H](C)C1,CHEMBL422226
DEC_4468,decoy,COc1ccccc1C(=O)NC[C@]1(c2ccccc2)CC[C@@H](NC(=O)C=C(C)C)CC1,CHEMBL16706
DEC_1913,decoy,COC1=CC(=O)c2c(c(-c3nc(C)cs3)cn2C)C1=O,CHEMBL8962
DEC_2980,decoy,C=COC(=O)n1c([S+]([O-])Cc2nccc(SCC)c2C)nc2ccccc21,CHEMBL9828
DEC_0771,decoy,CN1C[C@H](CC#N)C=C2c3cccc4c3[C@@H](CN4)C[C@H]21,CHEMBL285723
DEC_3080,decoy,CCCN1CCN(c2cc3c(cc2F)c(=O)c(C(=O)O)cn3NC)CC1,CHEMBL273901
DEC_2920,decoy,O=C1O[C@H](c2ccc(Cl)cc2Cl)[C@@](Cn2cncn2)(c2ccccc2)O1,CHEMBL10447
DEC_2904,decoy,C#C[C@]1(O)CCC2C3CCC4=CC(=O)CCC4=C3C(c3ccc(F)cc3)CC21C,CHEMBL441339
DEC_4158,decoy,CC(=O)C1CCC2C3CCC4=CC(O)CCC4(C)C3CCC12C,CHEMBL275930
DEC_1871,decoy,C#C[C@@H]1CC2C3CCC(=O)C3(C)CCC2C2(C)CCC(=O)C=C12,CHEMBL25700
DEC_0652,decoy,Brc1cccc(Br)c1N(Cc1ccco1)C1=NCCN1,CHEMBL20547
DEC_1555,decoy,CC(C)OC(=O)[C@@H]1C2CC[C@H](C[C@@H]1c1ccc(I)cc1)N2CCCF,CHEMBL38666
DEC_2575,decoy,CCCN1[C@@H]2CCc3cccc(O)c3[C@@H]2C[C@@H]1C,CHEMBL25357
DEC_1213,decoy,CCCCOc1ccc2c3c1OC1C(O)C=CC4C(C2)N(C)CCC341,CHEMBL282377
DEC_3308,decoy,CC[C@H]1Cc2cc3c(C(F)(F)F)cc(O)nc3cc2N[C@@H]1CC,CHEMBL6959
DEC_2698,decoy,COc1cc(N2C(=O)c3ccc(C(=O)NCC(O)CN4CCN(c5ccccc5OC(C)C)CC4)cc3C2=O)cc(OC)c1OC,CHEMBL68913
DEC_1194,decoy,Cc1noc(NS(=O)(=O)c2cccc3c(N(C)C)cccc23)c1C,CHEMBL267458
DEC_2795,decoy,CCCc1nc2c(n1Cc1ccc(-c3ccccc3-c3nn[nH]n3)cc1)C(O)(CC(=O)O)CCCC2,CHEMBL290848
DEC_3190,decoy,Cc1noc(NS(=O)(=O)c2ccc(NCc3ccccc3)cc2)c1C,CHEMBL25730
DEC_1569,decoy,CCN(CC)C(=O)c1ccc(/C(=N/c2ccccc2)N2CCCN(CCc3ccccc3)CC2)cc1,CHEMBL49741
DEC_0837,decoy,C[C@@H](O)[C@H]1C(=O)N2C(C(=O)O)=C(S[C@@H]3CN[C@H](C(=O)N(C)C)C3)[C@H](C)[C@H]12,CHEMBL127
DEC_1679,decoy,CC(C)CN1C[C@H](OCC23C[C@@H]4[C@H](C)CC[C@H]4C4(C=O)CC2C=C(C(C)C)[C@@]34C(=O)O)OC[C@H]1C,CHEMBL30451
DEC_1179,decoy,Cc1cc(Br)cc(C)c1C/N=c1\c(O)c(O)\c1=N/C(C)(C)C,CHEMBL19398
DEC_1814,decoy,CC(C)C(O)(Cn1cncn1)C(O)(c1ccc(Cl)cc1)c1ccc(Cl)cc1,CHEMBL10626
DEC_0361,decoy,CCC1C(=O)N(CC)C2SC(C)=NN2C1=O,CHEMBL29526
DEC_1654,decoy,CC(C)(C)c1cc(-c2nnc(NC#N)o2)cc(C(C)(C)C)c1O,CHEMBL16814
DEC_2535,decoy,CC1CCN(C2=Cc3ccccc3Cc3ccc(Cl)cc32)CC1,CHEMBL266816
DEC_2602,decoy,CCCN(CCC)C1Cc2ccc(O)cc2C1,CHEMBL16409
DEC_0352,decoy,CCCN(CCC)[C@@H]1Cc2cccc3c2N(CC(=O)N3)C1,CHEMBL27399
ACT_064,active,Cn1c(SSc2c(C#N)c3ccccc3n2C)c(C#N)c2ccccc21,CHEMBL160566
DEC_2921,decoy,O=C(CO)N(CCc1cccc(C(F)(F)F)c1)c1cccc2ccccc12,CHEMBL441517
DEC_3590,decoy,COC(=O)C1(c2ccccc2)CCN(CCCNC(=O)C(C)c2ccc([N+](=O)[O-])cc2)CC1,CHEMBL44496
DEC_1425,decoy,CCCCC[C@](C)(O)/C=C/C1[C@H](O)C[C@@H]2OC(=O)C(F)(F)CC/C=C\C[C@H]12,CHEMBL12717
DEC_1671,decoy,C1CCN(P2(N3CCCC3)=N[P@](N3CCCC3)(N3CC3)=N[P@](N3CCCC3)(N3CC3)=N2)C1,CHEMBL28231
DEC_2621,decoy,CCN(CC)CCCNc1nccc2c(C)c3[nH]c4ccc(OC)cc4c3cc12,CHEMBL279472
DEC_4197,decoy,I.Nc1nc2c(s1)Cc1cc(Br)ccc1-2,CHEMBL287736
DEC_0908,decoy,COC(=O)c1sc(C(C)(C)C)cc1NC(=O)Nc1ccc(NC(C)=O)cc1,CHEMBL19156
DEC_1356,decoy,C=C(C(=O)OC)[C@H]1C[C@H](OC(C)=O)C2=C[C@@H](C[C@]3(C)O[C@H]3c3cc(C)c(o3)[C@@H]1OC(C)=O)OC2=O,CHEMBL298966
DEC_1998,decoy,COc1ccc(C(C2=C(O)C(=O)c3ccccc3C2=O)c2ccc(C(C)C)cc(=O)c2O)cc1,CHEMBL275156
DEC_2464,decoy,O=C(CSc1cc(Cl)ccc1Cl)N[C@@H]1C(=O)N2C(C(=O)O)=C(COC(=O)c3ccncc3)CSC12,CHEMBL58804
DEC_1051,decoy,CC(CS)C(=O)N(CC(=O)O)C1CSCCSC1,CHEMBL278993
DEC_2539,decoy,[O-][S+](Cc1[nH]c2ccccc2c1Sc1ccccc1)c1ccccc1,CHEMBL280551
DEC_0300,decoy,CCCN(CCCCNC(=O)c1ccccc1OC)C1COc2cccc(OC)c2C1,CHEMBL28312
DEC_2800,decoy,COc1cc([C@@H]2c3cc4c(cc3[C@@H](Nc3ccc(C#N)cc3)[C@H]3COC(=O)[C@H]23)OCO4)cc(OC)c1O,CHEMBL285255
DEC_2227,decoy,CC[C@@]1(O)C(=O)OCc2c1cc1n(c2=O)Cc2cc3cc(C#N)ccc3nc2-1,CHEMBL10724
DEC_2365,decoy,C[C@]12CCC(=O)C=C1CCC1C2=CC[C@@]2(C)C1CC[C@]2(O)C(=O)CN1CCNCC1,CHEMBL15687
DEC_1734,decoy,O=C(Cn1c(C2CCNCC2)nc2cc(Cl)c(Cl)cc21)NNC(=O)Nc1ccccc1-c1ccccc1,CHEMBL20277
DEC_1521,decoy,CCN(C)CC#CCCC1(C2(O)c3ccccc3Sc3ccccc32)SCCCS1,CHEMBL40930
DEC_3315,decoy,Oc1nc2c(C#CCN3CCC(Cc4ccc(F)cc4)CC3)cccc2[nH]1,CHEMBL280200
DEC_2340,decoy,C[C@H](NCCc1cccc(Br)c1)c1cccc(COc2nn3c(C(F)(F)F)nnc3c3ccccc23)n1,CHEMBL310121
DEC_1550,decoy,CC(=O)O[C@H]1CC[C@](C)(C2CC[C@@]3(C)C(CC[C@@H]3[C@H](C)CCCC(C)C)[C@@H]2CC(=O)O)C(=O)O1,CHEMBL296574
DEC_3329,decoy,Cc1ccc(-c2cn(C)cc2C(c2ccccc2)n2ccnc2)cc1,CHEMBL21045
DEC_0188,decoy,CS(=O)(=O)c1ccc(C2=C(c3cncc(Cl)c3)C(=O)CC2)cc1,CHEMBL286490
DEC_0492,decoy,Cc1cc(C)c(S(=O)(=O)N2CCC(C)(N3CCC(N(c4ccccc4)c4ccccc4)CC3)CC2)c(C)c1,CHEMBL60589
DEC_1336,decoy,COC[C@H]1OC(=O)c2c(C)oc3c2[C@@]1(C)C1=C(C3=O)[C@@H]2CCC(=O)[C@@]2(C)C[C@H]1OC(C)=O,CHEMBL275536
DEC_0242,decoy,CC(C)(C)c1cc(/C=C/c2nnc(S)o2)cc(C(C)(C)C)c1O,CHEMBL273941
DEC_3894,decoy,Cc1cc(C(c2ccc(C)c(C)c2)N2CCN(C)CC2)sn1,CHEMBL22942
DEC_3893,decoy,CCCCCOc1ccc2c3c1OC1C(O)C=CC4C(C2)N(C)CCC341,CHEMBL25917
DEC_3527,decoy,COC(=O)C1=C(C)N=C(C)/C(=C(/O)OC)C1c1cccc(N/C(=N/CCNC2CCN(c3ccccc3SC)CC2)NC#N)c1,CHEMBL187925
DEC_3857,decoy,CN(c1nc2ccccc2c(=O)o1)c1ccccc1I,CHEMBL10768
DEC_1497,decoy,OC(CN(Cc1cccc(OC(F)(F)C(F)F)c1)c1cccc(Oc2ccc(-c3ccccc3)cc2)c1)C(F)(F)F,CHEMBL432350
DEC_3802,decoy,CCCC(C)C1(CC)C(=O)NC(=S)NC1=O,CHEMBL441
DEC_0686,decoy,O=S(=O)(NS(=O)(=O)N1CCc2ccc(Cl)c(Cl)c2C1)N1CCc2ccc(Cl)c(Cl)c2C1,CHEMBL281151
DEC_3401,decoy,CC1CNCC(C)N1C(=O)N1Cc2c(C(=O)OC(C)(C)C)ncn2-c2ccc(F)cc21,CHEMBL15276
DEC_1961,decoy,CCSC1=NS(=O)(=O)c2cc(C)cnc2N1Cc1ccc(-c2ccccc2-c2nn[nH]n2)cc1,CHEMBL13783
DEC_4230,decoy,O=C1NC(=O)c2c1c1c3ccccc3n3c1c1c2c2ccccc2n1CN(O)C3,CHEMBL26996
DEC_2987,decoy,CN(C)c1ccc(-c2nnc3c4ccccc4c(N4CCCC4)nn23)c(Cl)c1,CHEMBL276260
DEC_3650,decoy,CCCCc1nn(CC(C)C)c(C(=O)O)c1Cc1ccc(-c2ccccc2-c2nn[nH]n2)cc1,CHEMBL21749
DEC_3901,decoy,COc1nc2nc(C(=O)c3ccccc3)cn2c2c1CCC(C)C2,CHEMBL20297
DEC_0190,decoy,CC(C)N(C1=NCCN1)c1c(Br)cccc1Br,CHEMBL19915
DEC_2617,decoy,CC(C)(CCCOc1ccc(OCCCC(C)(C)C(=O)O)c(Cl)c1)C(=O)O,CHEMBL8118
DEC_3633,decoy,O=C(c1cc(C(F)(F)F)cc(C(F)(F)F)c1)N1CCC2(CC1)NC(=O)N(Cc1cccc(-c3ccccc3)c1)C2=O,CHEMBL313297
DEC_0140,decoy,CN(C)C1CCN(CC(=O)Nc2ccc(Sc3c(O)nc4ccc(C(F)(F)F)cc4c3-c3cc(Cl)ccc3O)cc2)CC1,CHEMBL183974
DEC_3028,decoy,OC[C@@]1(CCCCc2ccccc2)CC2C3Cc4ccc(O)c5c4C2(CCN3CC2CCC2)C(O5)[C@@H]1O,CHEMBL273257
DEC_0389,decoy,NC(=O)Sc1cncc2sc(C(N)=O)cc12,CHEMBL268667
DEC_0142,decoy,CCOC(=O)C1=C(c2ccc(-n3c(O)nc4cnccc43)cc2)NC(C)=C(C(=O)Nc2ccccn2)C1c1ccccc1Cl,CHEMBL107198
DEC_4248,decoy,CC[C@@]1(OC(=O)COc2ccc([N+](=O)[O-])cc2)C(=O)OCc2c1cc1n(c2=O)Cc2cc3ccccc3nc2-1,CHEMBL279441
DEC_3051,decoy,CCCCc1nc2ccc(C(C)(C)O)cc2c(=O)n1Cc1ccc(-c2ccccc2-c2nn[nH]n2)cc1,CHEMBL14748
DEC_1442,decoy,COC(=O)c1sc(C(C)(C)C)cc1NC(=O)Nc1cccc(Cl)c1Cl,CHEMBL278506
DEC_2528,decoy,CCCc1cc2c(s1)CN(C)CC2c1ccc(Br)cc1,CHEMBL15731
DEC_1159,decoy,CC(C)[C@H](NC(=O)OCc1ccccc1)C(=O)N[C@@H](C)C(=O)NC(CC(=O)O)C(=O)COC(=O)CCc1ccccc1,CHEMBL116124
DEC_0510,decoy,CN(C)CCC=C1c2ccccc2C=Cc2ccccc21,CHEMBL669
DEC_2372,decoy,CC1(C)C=C(n2ccccc2=O)c2cc(S(=O)(=O)Nc3ccccc3F)ccc2O1,CHEMBL11714
DEC_1165,decoy,COC(=O)/C=C\[C@H](CCC(N)=O)NC(=O)[C@H](Cc1ccccc1)NC(=O)[C@H](CC(C)C)NC(=O)OCc1ccccc1,CHEMBL94980
DEC_2288,decoy,COc1cccc2c1CCC[C@H]2CN(CCc1ccc2c(c1)OCO2)CC1CC1,CHEMBL269208
DEC_2834,decoy,Cc1ccc(-c2nc(S(=O)(=O)C(F)(F)C(F)F)[nH]c2-c2ccc(C)cc2)cc1,CHEMBL277338
DEC_4077,decoy,Cn1cncc1C(O)(C#Cc1ccc(C#N)cc1-c1cccc(OC(F)(F)F)c1)c1ccc(C#N)cc1,CHEMBL24123
DEC_2805,decoy,C=C1/C(=C\C=C2/CCCC3(C)C2CCC3[C@H](C)/C=C/CC(O)(CC)CC)C[C@@H](O)C[C@@H]1O,CHEMBL286142
DEC_1547,decoy,N#CC(CCCN1CCC(O)(c2ccc(Cl)cc2)CC1)(c1ccccc1)c1ccccc1,CHEMBL34166
DEC_0704,decoy,COC(=O)c1c(C(F)(F)F)[nH]c2c1[C@@]13C[C@@H]1CN(C(=O)c1cc4cc(OC)c(OC)c(OC)c4[nH]1)C3=CC2=O,CHEMBL32759
DEC_4065,decoy,C[C@@]1(CCCCc2ccccc2)CC2C3Cc4ccc(O)c5c4C2(CCN3CC2CC2)C(O5)C1=O,CHEMBL268865
DEC_4067,decoy,N#Cc1ccccc1S(=O)(=O)Nc1cccc(C(c2c(O)oc3c(c2=O)CCCCCC3)C2CC2)c1,CHEMBL16257
DEC_1450,decoy,COC(=O)c1[nH]c(C(C)(C)C)cc1NC(=O)Nc1cccc(Cl)c1Cl,CHEMBL18950
DEC_3702,decoy,CCO/C(O)=C1\C(COCCn2cc(C(N)=O)nn2)=NC(C)=C(C(=O)OC)C1c1cccc(Cl)c1Cl,CHEMBL440296
DEC_1209,decoy,CC12CCC(=O)C=C1CCC1C2CCC2(C)C1CC[C@]2(O)C(=O)CO,CHEMBL14058
DEC_0981,decoy,Fc1ccc(C2COC(Cn3ccnc3)(c3ccc(Br)cc3)O2)cc1,CHEMBL432457
DEC_0903,decoy,O=C(Nc1ccc2c(C(=O)c3ccccc3)c(O)n(O)c2c1)NC1CCCCC1,CHEMBL277284
DEC_0438,decoy,CCC1(C2=NCCN2)COc2ccccc2O1,CHEMBL9775
DEC_1372,decoy,CCN1C(=O)N(C2CCN(C(C)CCC(C)C)CC2)[C@@H]2CCCC[C@H]21,CHEMBL281322
DEC_4345,decoy,Cc1noc(NS(=O)(=O)c2ccccc2-c2ccc(-c3ncco3)cc2CN2CCC(C)(C)C2=O)c1C,CHEMBL29972
DEC_4129,decoy,COc1cccc(C[S+]([O-])c2nc3cc(C(F)(F)F)ccc3[nH]2)c1N,CHEMBL277468
DEC_1478,decoy,c1ccc(CNCCN(CCNC2CCCCCCCCCCC2)CCNC2CCCCCCCCCCC2)cc1,CHEMBL21758
DEC_0650,decoy,CCN1C(=O)N(C2CCN(C3CCC(C(C)C)CC3)CC2)[C@@H]2CCCC[C@H]21,CHEMBL282195
DEC_2328,decoy,COc1cc2c(cc1OCCCCCC(=O)N1C[C@H](CCl)c3c1cc(O)c1ccccc31)N=C[C@@H]1CCCN1C2=O,CHEMBL307572
DEC_1331,decoy,CC(=O)OC1CC2(O)C3CCC4CC(OC=O)CCC4(C)C3CCC2(C)[C@H]1C1=CC(=O)OC1,CHEMBL414201
DEC_0109,decoy,Nc1nc(N)c(CCCCNc2ccc(C(=O)NC(CCC(=O)O)C(=O)O)cc2)c(O)n1,CHEMBL30364
DEC_2005,decoy,CCCCCCN(C=O)[C@H]1CCC2C3CC[C@H]4N(C)C(=O)CC[C@]4(C)C3CC[C@@]21C,CHEMBL17506
DEC_0029,decoy,C/C=C(/C)C(=O)O[C@@]12C[C@@H](C)[C@]3(O)C4C=C(C)C(=O)[C@@]4(O)CC(COC(C)=O)=C[C@H]3[C@@H]1C2(C)C,CHEMBL6504
DEC_0471,decoy,O=c1c2c(oc(O)c1C(c1cccc(NS(=O)(=O)c3cccc(Br)c3)c1)C1CC1)CCCCCC2,CHEMBL16309
DEC_2826,decoy,CCCCC1Nc2ccccc2C(=O)N1Cc1ccc(-c2ccccc2-c2nn[nH]n2)cc1,CHEMBL14950
DEC_2065,decoy,O=C1[C@@H](NS(=O)(=O)c2ccc(-c3ccon3)s2)CCN1Cc1cc2[nH]cccc-2n1,CHEMBL8368
ACT_010,active,Cc1ccc(C(/C=C/c2ccccc2)=N\NC(N)=S)cc1,CHEMBL1830274
DEC_1536,decoy,CCN(CC)CC#CCCC1(C(O)(c2ccccc2)C2CCCCC2)SCCCS1,CHEMBL39145
DEC_0780,decoy,C1CCC2N=C(NC(C3CC3)C3CC3)CC2C1,CHEMBL40287
DEC_3381,decoy,CN(C)CC(=O)N1c2ccccc2N(C)S(=O)(=O)c2ccc(C(F)(F)F)cc21,CHEMBL28631
DEC_3533,decoy,CC(C)C[C@H]1C(=O)N2c3ccccc3[C@@](O)(C[C@@H]3NC(=O)c4ccccc4N4C(=O)c5ccccc5NC34)[C@H]2N1CCCc1ccccc1,CHEMBL60924
DEC_0305,decoy,CN1CC=C(c2c[nH]c3ccc([S+](C)[O-])cc23)CC1,CHEMBL28105
DEC_1513,decoy,COc1cccc(Cn2c(CC(C)(C)C(=O)O)c3c4c(c(OCc5ccc(-c6ccccc6)cn5)ccc42)CC(C)S3)c1,CHEMBL96767
ACT_060,active,Oc1nnc(-c2c[nH]c(-c3ccccc3)c2-c2ccccc2)c2cn(-c3ccc(Cl)cc3)nc12,CHEMBL3742200
DEC_2425,decoy,CC1CCC(/C=N/c2ccc(Br)cc2)=C2NC=C(C(=O)O)C(=O)N21,CHEMBL280707
DEC_4202,decoy,CN(C)CC(=O)N1c2cc(Cl)ccc2N(C)S(=O)(=O)c2ccccc21,CHEMBL282144
DEC_1212,decoy,CC(/N=c1\c(O)c(O)\c1=N/CCc1ccc(C#N)cc1)C(C)(C)C,CHEMBL19922
DEC_3810,decoy,CC1=C/C(=C\C#CCCO)C(=O)C(C)(O)C12CC2,CHEMBL7993
DEC_0278,decoy,CCCN(CCCNS(=O)(=O)c1ccc(C)cc1)C1COc2cccc(OC)c2C1,CHEMBL280586
DEC_4306,decoy,Cc1cc(C)cc(-c2[nH]c3ccc(C(=O)N4CCOCC4)cc3c2CCNCCCCc2cccnc2)c1,CHEMBL417726
DEC_0730,decoy,CN(Cc1cc(C(F)(F)F)cc(C(F)(F)F)c1)C(=O)N1CC(=O)Nc2ccccc2C1CN1CCOCC1,CHEMBL291650
DEC_3579,decoy,COc1ccccc1N1CCN(CCCON2C(=O)CC3(CCCC3)CC2O)CC1,CHEMBL10640
DEC_0847,decoy,CC1=C(C(=O)O)N2C(=O)C(NC(=O)CCON=C3CCCC3)C2SC1,CHEMBL32296
DEC_4102,decoy,Cc1cc(NS(=O)(=O)c2cccc3c(N(C)C)cccc23)nnc1Cl,CHEMBL6660
DEC_1047,decoy,CC(/N=c1\c(O)c(O)\c1=N/c1ccc(C#N)cc1)C(C)(C)C,CHEMBL19265
DEC_0578,decoy,C[C@@H]1CC2C3CCC4=CC(=O)C=CC4(C)[C@@]3(F)C(O)CC2(C)[C@@]1(OC(=O)c1ccoc1)C(=O)CCl,CHEMBL40756
DEC_2804,decoy,C=C1/C(=C\C=C2/CCCC3(C)C2CCC3[C@H](C)/C=C/CCC(C)(C)O)C[C@@H](O)C[C@@H]1O,CHEMBL35428
DEC_3486,decoy,CNc1cc2c(c3ccccc13)C(CCl)CN2C(=O)c1cc2cc(OC)c(OC)c(OC)c2[nH]1,CHEMBL288377
DEC_0258,decoy,CN(C)CCCNCc1cccc2c1Oc1c(CNCCCN(C)C)cccc1C2(C)C,CHEMBL15661
DEC_0957,decoy,Cc1cc(CCCOc2c(C)cc(-c3noc(C(C)(F)F)n3)cc2C)on1,CHEMBL282128
DEC_2122,decoy,COc1cc([C@@H]2c3cc4c(cc3[C@@H](NCCN3CCCCC3)[C@H]3COC(=O)[C@H]23)OCO4)cc(OC)c1O,CHEMBL27618
DEC_0237,decoy,O=C1N[C@@H]2CCCC[C@H]2N1C1CCN(C2CCCCCCC2)CC1,CHEMBL284217
DEC_2596,decoy,CCCN1CC[C@H]2c3c(O)cccc3CC[C@H]21,CHEMBL430332
DEC_1228,decoy,CCCCc1nc(Cl)c(COC)n1Cc1ccc(N(C)C(=O)c2c(Cl)ccc(Cl)c2C(=O)O)cc1,CHEMBL25677
DEC_2477,decoy,CC/C(=C1/N=C(c2ccc(Br)cc2)OC1=O)N1CCC[C@H]1C(=O)N[C@@H](Cc1ccc(O)cc1)C(N)=O,CHEMBL55894
DEC_3880,decoy,Cc1nn(-c2ccc(Cl)c([N+](=O)[O-])c2)c2oc3ccccc3c(=O)c12,CHEMBL281495
DEC_0136,decoy,COC(=O)C1=C(C)N=C(C)/C(=C(/O)OC)C1c1cccc(NC(=O)NCCNC2CCN(c3ccccc3C(F)(F)F)CC2)c1,CHEMBL187492
ACT_092,active,COc1cc(OC)c2c(=O)n(-c3ccc(F)c(Cl)c3)ccc2c1,CHEMBL2442320
DEC_4484,decoy,O=C(NCC1CCCCC1)c1cc(Br)cc(Br)c1O,CHEMBL417105
DEC_2924,decoy,CN(C(=O)c1ccc(Cl)c(Cl)c1)[C@H]1CCCC[C@@]12CCCN2C,CHEMBL22211
DEC_1526,decoy,CCN(CC)CC#CCCC1(C2(O)c3ccccc3Sc3ccccc32)SCCCS1,CHEMBL417340
DEC_2981,decoy,Fc1ccc([C@H]2OC(=S)O[C@]2(Cn2cncn2)c2ccc(Cl)cc2Cl)cc1,CHEMBL10071
DEC_1544,decoy,Fc1cc(Sc2ccc3c(c2)CC/C3=N\OCc2ccncc2)cc(C2CCOCC2)c1,CHEMBL24973
DEC_2248,decoy,O=C1NCN(c2ccccc2)C12CCN(C1Cc3ccccc3C1)CC2,CHEMBL28172
DEC_0876,decoy,COc1cc(Cc2cnc(N)nc2N)cc(OCC(=O)O)c1Br,CHEMBL30999
DEC_2321,decoy,CCCCc1nc2ccn(Cc3ccccc3F)c(=O)c2n1Cc1ccc(-c2ccccc2-c2nn[nH]n2)cc1,CHEMBL44925
DEC_3339,decoy,CN1C(=O)/C(=C/c2ccsc2)N=C(c2ccccc2)c2ccccc21,CHEMBL279237
DEC_1437,decoy,CSc1sc(C(=N)N)cc1-c1nc(-c2ccc3c(c2)CCCC3)cs1,CHEMBL280975
DEC_4271,decoy,CC(C)(C)COc1cc(C(C)(C)C)ccc1C/N=C(\S)NCc1ccc(NS(C)(=O)=O)cc1,CHEMBL48998
DEC_2174,decoy,SC1=Nc2ccc(-c3ccc(Cl)s3)cc2C12CCCCC2,CHEMBL27818
DEC_0603,decoy,CN1CCN(c2ccc3nc(-c4ccc5nc(-c6ccc(O)cc6)[nH]c5c4)[nH]c3c2)CC1.Cl.Cl.Cl,CHEMBL34922
DEC_0539,decoy,CC(C)(C)c1cc(C(=O)CCCC2CC2)cc2c1OCC2,CHEMBL279166
DEC_2446,decoy,Oc1ccc2c(c1)OC1C[C@]1(N1CCC(O)(c3ccc(F)cc3)CC1)[C@H]2O,CHEMBL17798
DEC_0191,decoy,COc1nc2nc(C(=O)c3ccccc3)cn2c2c1CSCC2,CHEMBL20221
DEC_4039,decoy,CC(=C1CCN(C2CCN(C(=O)c3cccc(C)c3N)CC2)CC1)c1ccc([S+]([O-])C(C)C)cc1,CHEMBL418446
DEC_3255,decoy,CC(=O)c1cc2c(s1)[C@@H](NC(=O)c1cccnc1)[C@H](O)C(C)(C)O2,CHEMBL285792
DEC_3713,decoy,O=C(O)C[C@H](NC(=O)Cn1c(C2CC2)c(Cl)nc(NCc2ccc3c(n2)NCCC3)c1=O)c1cccc(F)c1,CHEMBL299110
DEC_3832,decoy,CC(=O)c1ccc(N2C(N)=NC(N)=NC2(C)C)cc1,CHEMBL269018
DEC_3423,decoy,CCCSC1=NS(=O)(=O)c2ccc(C(=O)O)cc2N1Cc1ccc(-c2ccccc2-c2nn[nH]n2)cc1,CHEMBL268004
DEC_3858,decoy,O=c1oc(Nc2ccccc2I)nc2cc(F)c(F)cc12,CHEMBL10716
DEC_3770,decoy,CCCN1CCC(COc2nc3ccc(Cl)cc3c3c2CCCCN3)CC1,CHEMBL432075
DEC_2755,decoy,COC(=O)[C@@H](C)[C@H](O)[C@H](C)[C@H]1OC(=O)/C(OC)=C/C(C)=C/[C@@H](C)C(=O)[C@@H](C)C/C(C)=C/C=C/[C@@H]1OC,CHEMBL291450
DEC_3076,decoy,CC(/N=c1\c(O)c(O)\c1=N/Cc1ccc(C#N)cc1Cl)C(C)(C)C,CHEMBL277719
DEC_2639,decoy,CC(C)CC/N=C(/NC#N)Nc1cccc(/C(=C\CCCC(=O)O)c2cccnc2)c1,CHEMBL416374
DEC_3842,decoy,O=C1c2ccccc2C(=O)C12C(c1cccc(O)c1)=Cc1cc(O)ccc12,CHEMBL25580
DEC_2963,decoy,CC1(C(=O)NN)C(=O)Nc2cc3[nH]c(-c4ccncc4)nc3cc21,CHEMBL23647
DEC_3152,decoy,O=S(=O)(CS(=O)(=O)C(F)(F)F)c1ccc(OS(=O)(=O)C(F)(F)F)cc1,CHEMBL269672
DEC_0702,decoy,O=S(=O)(NS(=O)(=O)N1CCc2cc(Cl)c(Cl)cc2C1)N1CCc2cc(Cl)c(Cl)cc2C1,CHEMBL281150
DEC_0667,decoy,CC(C)C1OC(C#CC2CC2)(C(F)(F)F)c2cc(Cl)ccc2NC1=O,CHEMBL32038
DEC_4565,decoy,NS(=O)(=O)c1ccc(CNC(=O)CN(CCN(CC(=O)O)c2ccccc2O)c2ccccc2O)cc1,CHEMBL284118
DEC_1847,decoy,CCc1nc2cc(OC3CCN(C(C)=N)CC3)ccc2n1C/C=C/c1cc(N)ccc1O,CHEMBL25068
DEC_2115,decoy,Cn1c(Cc2ccc(C(=N)N)cc2)nc2cc(N(CC(=O)O)S(=O)(=O)c3cccc4cccnc34)ccc21,CHEMBL46434
DEC_3974,decoy,Cc1nnc2n1-c1ccc(C#CCN3C(=O)CCc4ccccc43)cc1C(c1ccccc1F)=NC2,CHEMBL279664
DEC_2134,decoy,CCc1nn(Cc2ccc(-c3ccccc3-c3nn[nH]n3)cc2)/c(=N/C(=O)c2ccccc2C(=O)O)s1,CHEMBL35381
DEC_0963,decoy,Cc1cc(CCCOc2c(C)cc(-c3noc(C(F)(F)F)n3)cc2C)on1,CHEMBL29609
DEC_4014,decoy,CN(C)C(=O)Cn1ccc2nc(C3CC3)n(Cc3ccc(-c4ccccc4-c4nn[nH]n4)cc3)c2c1=O,CHEMBL295928
DEC_3449,decoy,C=C1C[C@@]23O[C@]2(c2ccccc21)C1CC(OC(=O)[C@H](O)[C@@H](NC(=O)OCC)c2ccc(O)cc2)C3(C)C1(C)C,CHEMBL32846
DEC_2887,decoy,Cc1cc(C)c(CC(=O)c2sccc2S(=O)(=O)Nc2onc(C)c2Cl)c(C)c1O,CHEMBL19921
DEC_1726,decoy,C=CC(C)(C)c1[nH]c2ccccc2c1C1=C(O)C(O)=C(c2cn(C)c3c(CC=C(C)C)cccc23)C(=O)C1=O,CHEMBL19035
DEC_2089,decoy,C#CCN(Cc1cc2c(O)nc(C)nc2cc1C)c1ccc(C(=O)NCc2cncs2)c(F)c1,CHEMBL266066
DEC_0117,decoy,COc1cc(C2Oc3cc(-c4oc5cc(O)c(C/C=C(\C)CCC=C(C)C)c(O)c5c(=O)c4O)ccc3OC2CO)ccc1O,CHEMBL40638
DEC_1397,decoy,C[C@H]1CCCN(CC[C@H](C)N(C)S(=O)(=O)c2cccc3ccccc23)C1,CHEMBL276255
DEC_1533,decoy,Clc1cc2nc(C3CCNCC3)n(CCCCSc3[nH]cnc4ncnc3-4)c2cc1Cl,CHEMBL19993
DEC_0719,decoy,CC(=O)OCC(=O)[C@@]12ON(Cc3ccccc3)C[C@@H]1CC1C3CCC4=CC(=O)C=CC4(C)[C@@]3(F)C(O)CC12C,CHEMBL285535
DEC_1790,decoy,O=S(=O)(NS(=O)(=O)N1CCc2c(Cl)cccc2C1)N1CCc2c(Cl)cccc2C1,CHEMBL21190
DEC_3979,decoy,O=C1NC(=O)C(CC#Cc2ccc(C(F)(F)F)cc2)(S(=O)(=O)c2ccc(F)cc2)S1,CHEMBL11742
DEC_2341,decoy,COc1ccc(C(C#N)(CC#CCCN2CCc3cc(OC)c(OC)cc3C2)Sc2ccc(C)cc2)cc1OC,CHEMBL440680
DEC_1054,decoy,CC(C)CCc1nc2c([nH]1)N1C(=N[C@@H]3CCC[C@@H]31)N(C)C2=O,CHEMBL18744
DEC_1878,decoy,C=CC[C@]1(O)CCC2C3CCC4=CC(=O)CCC4C3CC[C@@]21C,CHEMBL7834
DEC_3837,decoy,CN1CC=C(c2c(O)cc(O)c3c(=O)cc(C4CCCCC4)oc23)CC1,CHEMBL8815
DEC_2033,decoy,Clc1ccc(C2COC(Cn3ccnc3)(c3ccc(Cl)cc3Cl)O2)cc1,CHEMBL280806
DEC_0241,decoy,CN(C)C1CCCC1N(C=O)c1ccc(Cl)c(Cl)c1,CHEMBL277686
DEC_0628,decoy,COC(=O)C(C)(C)CCCOc1ccc(C=N/N=C(/N)S)c(OCCCC(C)(C)C(=O)OC)c1,CHEMBL267975
DEC_2880,decoy,CC(C)=CCC(OC(=O)COc1ccc2ccccc2c1)C1=CC(=O)c2c(O)ccc(O)c2C1=O,CHEMBL31952
DEC_1247,decoy,C=CC(C)(C)c1[nH]c2ccccc2c1C1=C(OC)C(=O)C(c2c[nH]c3c(CC=C(C)C)cccc23)=C(OC)C1=O,CHEMBL18783
DEC_2674,decoy,CC(C)(CCCN)CN(C[C@@H](O)[C@H](Cc1ccccc1)NC(=O)O[C@H]1CO[C@H]2OCC[C@H]21)S(=O)(=O)c1ccc2c(c1)OCO2,CHEMBL177470
DEC_3782,decoy,CN1CC[C@]23CCCC[C@H]2[C@H]1Cc1ccc(Oc2ccccc2[N+](=O)[O-])cc13,CHEMBL20972
DEC_0075,decoy,CC(C)Cc1noc2c(Cl)c3c(cc12)CC(C(=O)O)O3,CHEMBL9350
DEC_1641,decoy,CC(=O)Oc1ccc2[nH]c(C(=O)c3cc4ccccc4[nH]3)cc2c1,CHEMBL7572
DEC_2376,decoy,Nc1nc2c(cnn2CCCc2ccc(C(=O)O)cc2)c2nc(-c3ccco3)nn12,CHEMBL279254
DEC_3899,decoy,[O-][N+]1(Cn2c(SCc3ccccn3)nc3ccccc32)CCOCC1,CHEMBL276843
DEC_1731,decoy,COc1ccc2c(c1)[C@@]13C[C@@H]1CN(C(=O)c1cc4cc(NC(=O)c5cc6ccccc6[nH]5)ccc4[nH]1)C3=CC2=O,CHEMBL80471
ACT_076,active,CN1CCN([C@H]2CC[C@H](n3nc(-c4ccc(Nc5nc6cccc(Cl)c6o5)cc4)c4c(N)ncnc43)CC2)CC1,CHEMBL1257998
DEC_1014,decoy,Cc1nnc2n1-c1sc(CCc3ccc(C4CCCCC4)cc3)cc1C(c1ccccc1Cl)=NC2,CHEMBL432850
DEC_0757,decoy,C=C1C=C2c3cccc4c3[C@@H](CN4)C[C@H]2N(C)C1,CHEMBL36980
DEC_1317,decoy,CCCc1nc(Cl)c(C(N)=O)n1Cc1ccc(-c2ccccc2S(=O)(=O)Nc2onc(C)c2C)cc1,CHEMBL12333
DEC_3608,decoy,C=C(C)[C@H]1C(=O)c2c3c(cc4c5c(n1c24)[C@@]1(C)C(CC[C@H]2[C@](C)(C=O)[C@@H](O)CC[C@@]21C)C5)C1=CC(C)(C)OC(C)(C)C1[C@@H]3O,CHEMBL75815
DEC_3494,decoy,CCNC(=O)Cc1c(C)nc(O)c2c1ccc1nc(Nc3c(Cl)cccc3Cl)n(C)c12,CHEMBL26864
DEC_0721,decoy,C[C@@H]1CN(C(=O)N2Cc3c(C(=O)OC(C)(C)C)ncn3-c3ccc(Cl)cc32)C[C@H](C)N1CC(F)(F)F,CHEMBL15253
DEC_3695,decoy,COc1cc([C@@H]2c3cc4c(cc3[C@@H](NS(=O)(=O)CCCN=[N+]=[N-])[C@H]3COC(=O)[C@H]23)OCO4)cc(OC)c1O,CHEMBL77146
DEC_1388,decoy,CSc1cc2n(c1C(=O)c1ccc(OC(C)C)cc1)CCC2C(=O)O,CHEMBL19451
DEC_4003,decoy,CCCCc1nc(Cl)c(COC)n1Cc1ccc(C(=O)Nc2ccccc2-c2nn[nH]n2)cc1,CHEMBL280868
DEC_3060,decoy,Cc1cc(NCc2ccc(-c3ccccc3-c3nn[nH]n3)cc2)c(I)c(C)n1,CHEMBL33811
DEC_4347,decoy,CC[C@@]1(OC(=O)CO[C@@H]2C[C@H](C)CC[C@H]2C(C)C)C(=O)OCc2c1cc1n(c2=O)Cc2cc3ccccc3nc2-1,CHEMBL21560
DEC_3609,decoy,C[C@]12CCC(=O)C=C1NCC1C2CC[C@@]2(C)C1CC[C@@H]2C(=O)NC(c1ccc(Cl)cc1)c1ccc(Cl)cc1,CHEMBL412425
DEC_0767,decoy,O=C(O)C1=Cc2sc(Cn3ccnc3)cc2CC1,CHEMBL22542
DEC_1479,decoy,CC(C)(Sc1ccc(CCN(CCCCC2CCCCC2)C(=O)Nc2cc(Cl)cc(Cl)c2)cc1)C(=O)O,CHEMBL21706
DEC_4327,decoy,CSc1ccc(-c2cc3ncn([C@H](C)[C@](O)(Cn4cncn4)c4ccc(F)cc4F)c(=O)c3s2)cc1,CHEMBL52023
DEC_4120,decoy,CCCc1cccc(=O)n1Cc1ccc(-c2ccccc2-c2nn[nH]n2)cc1,CHEMBL280130
DEC_3947,decoy,O=C1NC(=O)C(CC#Cc2ccc(Cl)cc2)(S(=O)(=O)c2ccc3ccccc3n2)S1,CHEMBL12503
DEC_4495,decoy,O=C(N[C@H](CC1CCCCC1)C(=O)O)c1ccc(Cl)c(-c2ccc(Cl)cc2)c1,CHEMBL30324
DEC_3413,decoy,COc1cc(N[C@@H]2c3cc4c(cc3[C@@H](c3cc(OC)c(O)c(OC)c3)[C@H]3C(=O)OC[C@@H]32)OCO4)c(C)cc1[N+](=O)[O-],CHEMBL74861
DEC_3104,decoy,CCNc1cccnc1N1CCN(C(=O)c2ccc3[nH]ccc3c2)CC1,CHEMBL269276
DEC_3484,decoy,COc1ccc(C(c2cc(C(C)(C)C)cc(O)c2O)c2ccc(C(C)C)cc(=O)c2O)cc1,CHEMBL279531
DEC_1279,decoy,C[C@H]1C[C@@]23O[C@]2(c2ccccc21)C1CC(OC(=O)[C@H](O)[C@@H](NC(=O)OC(C)(C)C)c2ccccc2)C3(C)C1(C)C,CHEMBL30977
DEC_2899,decoy,CCOc1cc(OCC)c(-c2nnc3c4ccccc4c(N4CCCC4)nn23)cc1OCC,CHEMBL264473
DEC_0042,decoy,OC[C@@]1(CCc2ccccc2)CC2C3Cc4ccc(O)c5c4C2(CCN3CC2CC2)C(O5)[C@@H]1O,CHEMBL273670
DEC_3125,decoy,CCc1c2c(nc3cnc(C#CCN(C)C)cc13)-c1cc3c(c(=O)n1C2)COC(=O)[C@]3(O)CC,CHEMBL13771
DEC_2697,decoy,CC(C)OCCOC(=O)C1(C(=O)OCCOC(C)C)Oc2ccc(C[C@@H](C)NC[C@H](O)c3cccc(Cl)c3)cc2O1,CHEMBL293966
DEC_2007,decoy,CN(C)Cc1ccc2n1-c1ccccc1SC2(c1ccccc1)c1ccccc1,CHEMBL24620
DEC_0330,decoy,O=C(O)C1CCc2cc(CCn3ccnc3)sc2C1,CHEMBL282265
DEC_3090,decoy,CCN1CCN(c2cc3c(cc2F)c(=O)c(C(=O)O)cn3NC)CC1,CHEMBL273538
DEC_4257,decoy,COc1cc([C@@H]2c3cc4c(cc3[C@@H](NC(=O)c3ccc(C#N)cc3)[C@H]3COC(=O)[C@H]23)OCO4)cc(OC)c1O,CHEMBL31842
ACT_056,active,Fc1ccc(C2=Nc3ccc(F)cc3CN2/N=C\c2ccccc2)cc1,CHEMBL5283543
DEC_3067,decoy,CCc1nn(Cc2ccc(-c3ccccc3-c3nn[nH]n3)cc2)/c(=N/C(=O)c2ccccc2Cl)s1,CHEMBL287116
DEC_3191,decoy,CCC(C)(C)/N=c1\c(O)c(O)\c1=N/Cc1ccc(C#N)cc1Cl,CHEMBL19105
DEC_2364,decoy,O=C(O)[C@H]1CSC(c2nc3ccc(O)c(I)c3s2)=N1,CHEMBL277114
DEC_2056,decoy,O=C(O)CCC(=O)N1CCC2(CCC(C(=O)N3CCC(C4CCNCC4)CC3)CC2)CC1,CHEMBL24638
DEC_1113,decoy,OCC1CC(n2nnc3c(O)ncnc32)C(O)C1O,CHEMBL30429
DEC_0310,decoy,CC(C)CCCc1nc2c([nH]1)N1C[C@@H](C(C)C)N=C1N(C)C2=O,CHEMBL18524
DEC_2490,decoy,COc1cc([C@@H]2c3cc4c(cc3[C@@H](NS(=O)(=O)c3cccs3)[C@H]3COC(=O)[C@H]23)OCO4)cc(OC)c1O,CHEMBL77225
DEC_2785,decoy,CCCCCCC[C@H]1OC(=O)C[C@H](O)[C@H](Cc2ccccc2)N(C)C(=O)C(C)(C)OC(=O)[C@H]1C,CHEMBL290635
DEC_0648,decoy,CCCCN(C(C)=O)[C@H]1CCC2C3CC[C@H]4N(C)C(=O)CC[C@]4(C)C3CC[C@@]21C,CHEMBL17514
DEC_1936,decoy,CCCCC1(C2=NCCN2)COc2ccccc2O1,CHEMBL9803
DEC_3577,decoy,CC(C)Nc1cccnc1N1CCN(C(=O)c2cc3ccc(OS(C)(=O)=O)cc3[nH]2)CC1,CHEMBL36776
DEC_1817,decoy,CCc1nc2ccc(OC3CCN(C(C)=N)CC3)cc2n1C/C=C/c1ccc(N)cc1,CHEMBL423480
DEC_0568,decoy,CC(C)C1=CC2CC3(C=O)[C@@H]4CC[C@@H](C)[C@H]4CC2(CO[C@H]2C[C@@H]4OC(C)(C)CO[C@@H]4[C@@H](C)O2)C13C(=O)O,CHEMBL282449
DEC_1749,decoy,C=C(C)[C@@H]1CC[C@]2(C(=O)N[C@@H](C)C(=O)O)CC[C@]3(C)[C@H](CC[C@@H]4[C@@]5(C)CC[C@H](O)C(C)(C)[C@@H]5CC[C@]43C)[C@@H]12,CHEMBL277705
DEC_2476,decoy,CC[C@@]1(O)C(=O)OCc2c1cc1n(c2=O)Cc2cc3c(CN4CCC(N5CCCCC5)CC4)c(O)ccc3nc2-1,CHEMBL428675
DEC_3896,decoy,CCCN(CCC)c1c([N+](=O)[O-])cc(C(F)(F)F)cc1[N+](=O)[O-],CHEMBL31970
DEC_1197,decoy,O=C(O)C1=CC(C2CC2)c2nc(N3CC/C(=N\O)C3)c(F)cc2C1=O,CHEMBL29033
DEC_1390,decoy,[O-][S+](Cc1[nH]c2ccccc2c1[S+]([O-])c1ccccc1)c1ccccc1,CHEMBL24214
DEC_3378,decoy,C[C@@H]1CN(C(=O)N2Cc3c(C(=O)OC(C)(C)C)ncn3-c3ccc(Cl)cc32)CCN1,CHEMBL14891
DEC_2587,decoy,NC1=NC(c2ccccc2F)Cc2ccccc21,CHEMBL268403
DEC_1543,decoy,N#Cc1cc(-c2ccoc2)c2ccc(COc3cc(F)cc(C4(O)CC5COC(C4)O5)c3)cc2n1,CHEMBL22789
DEC_4164,decoy,Cc1ccc([S+]([O-])c2cncc3sc(C(N)=O)cc23)cc1,CHEMBL6320
DEC_4092,decoy,Nc1nc2c(cnn2CCCCc2ccccc2)c2nc(-c3ccco3)nn12,CHEMBL273590
DEC_3157,decoy,CCCCC[C@]1(C)/C=C\C2[C@H](O)C[C@H](O)[C@@H]2C/C=C\CCCC(=O)O1,CHEMBL12015
DEC_2091,decoy,CC(C)c1ccccc1N1CCN(C(=O)[C@@H](Cc2c[nH]c3ccccc23)NC(=O)C(C)(C)N)CC1,CHEMBL285985
DEC_2396,decoy,CN(CCCl)[C@@H]1CCC2C3Cc4ccc(O)c5c4C2(CCN3CC2CC2)[C@H]1O5,CHEMBL8977
DEC_3100,decoy,CNC(=O)OCc1cn2c(c1COC(=O)NC)-c1ccccc1CC2C,CHEMBL24789
DEC_1854,decoy,C[C@@H]1CCC[C@@H](C)C12OOC1(OO2)[C@@H](C)CCC[C@@H]1C,CHEMBL441514
DEC_4283,decoy,O=C(c1cc2ccccc2[nH]1)c1cc2cc(OCCCCCI)ccc2[nH]1,CHEMBL7356
DEC_0179,decoy,C=CCn1cc(C2=NCC3(CN4CCC3CC4)O2)c2ccccc21,CHEMBL417239
DEC_3725,decoy,CC(C)(CC(=O)N[C@@H]1CCc2ccccc2N(Cc2ccc(-c3ccccc3-c3nn[nH]n3)cc2)C1=O)NCCN,CHEMBL276333
DEC_1234,decoy,N#Cc1cccc(C(=O)C(Nc2ccc(Cl)cc2)NC(Cn2ccnc2)c2ccc(Cl)cc2Cl)c1,CHEMBL269369
DEC_1618,decoy,COc1cc(NCc2cnc3nc(N)nc(N)c3c2)cc(OC)c1OC,CHEMBL23288
DEC_0586,decoy,CC(C)(C)C(=O)Oc1cc(C(C)(C)C)ccc1C/N=C(\S)NCc1ccc(NS(C)(=O)=O)cc1,CHEMBL44057
DEC_0802,decoy,CCCc1cc(=O)oc2c3c(c4c(c12)OC(C)(C)C=C4)O[C@H](C)[C@@H](C)C3=O,CHEMBL269090
DEC_2937,decoy,CN(C)CCCN1c2ccccc2Sc2ccc(C(F)(F)F)cc21,CHEMBL570
DEC_1491,decoy,CCN(C(=O)C(C)(C)c1ccc2[nH]c(-c3cc(C)cc(C)c3)c(CCNCCCCc3ccncc3)c2c1)C1CCCCC1,CHEMBL49374
DEC_2506,decoy,Cc1cc2nc(/C=C/c3ccc[n+](C)c3)[nH]c2cc1C.F[B-](F)(F)F,CHEMBL34006
DEC_0581,decoy,CC1CC2C3CCC4=CC(=O)C=CC4(C)[C@@]3(Cl)C(Cl)CC2(C)[C@@]1(OC(=O)c1ccoc1)C(=O)CO,CHEMBL10669
DEC_3676,decoy,COc1ccc2c3c1OC1[C@H](O)[C@](CO)(CCCCCc4ccccc4)CC4C(C2)N(C)CCC341,CHEMBL9769
DEC_2584,decoy,CC[C@H]1[C@H]2Cc3ccc(O)cc3[C@]1(CC)CCN2,CHEMBL24175
DEC_3448,decoy,COc1cc([C@@H]2c3cc4c(cc3[C@@H](NC(=O)Nc3ccc(Cl)cc3)[C@H]3COC(=O)[C@H]23)OCO4)cc(OC)c1O,CHEMBL306329
DEC_2549,decoy,CCC[C@@H]1CC2C(CCC3(C)C(=O)CCC23)C2(C)C=CC(=O)C=C12,CHEMBL8254
DEC_2644,decoy,CCCCCCCC(=O)O[C@H](CC=C(C)C)C1=CC(=O)c2c(O)ccc(O)c2C1=O,CHEMBL9469
DEC_3632,decoy,Cc1coc2c(O)cc3c(c12)[C@H](CCl)CN3C(=O)c1cc2cc(NC(=O)c3cc4ccccc4o3)ccc2s1,CHEMBL80312
DEC_0301,decoy,CC(C)N(CCC(CCN1CCOCC1)(C(N)=O)c1ccccc1Cl)C(C)C,CHEMBL274360
DEC_3750,decoy,Cc1ccc(SC2(CC#Cc3ccc(Cl)cc3)SC(=O)NC2=O)cc1,CHEMBL11903
DEC_1888,decoy,CC(=O)OC1(c2ccccc2)Sc2ccccc2-n2cccc21,CHEMBL26605
DEC_3586,decoy,COc1ccc2c(c1)c(CC(=O)OCC(O)CO)c(C)n2C(=O)c1ccc(Cl)cc1,CHEMBL277146
DEC_2265,decoy,CC(C)c1cccc(C(C)C)c1OC(=O)NS(=O)(=O)N(C(C)C)C1CCCCC1,CHEMBL22519
DEC_1377,decoy,CCNC(=O)/C(C(=O)O)=C(C)\C=C\C=C(C)\C=C\C1=C(C)CCCC1(C)C,CHEMBL14287
DEC_0406,decoy,CC1(C)N=C(N)N=C(N)N1c1ccccc1N,CHEMBL277044
DEC_3145,decoy,Cc1nn(-c2ccccc2)c(NC(=O)[N-]S(=O)(=O)c2ccc(Cl)cc2)c1C#N.[Na+],CHEMBL22323
DEC_2475,decoy,COC(=O)c1ccc(N[C@@H]2c3cc4c(cc3[C@@H](c3cc(OC)c(O)c(OC)c3)[C@H]3C(=O)OC[C@@H]32)OCO4)cc1O,CHEMBL285183
DEC_3914,decoy,OC(COc1ccccc1)CN1CCC(Oc2ccccc2)CC1,CHEMBL32402
DEC_4394,decoy,CCCCCc1nc2ccc(C)cc2c(=O)n1Cc1ccc(-c2ccccc2-c2nn[nH]n2)cc1,CHEMBL283292
DEC_2833,decoy,Cc1ccccc1-c1cc(C(O)(CCc2ccccc2)c2cncn2C)ccc1C#N,CHEMBL26492
DEC_0763,decoy,CSc1ccc2[nH]cc(C3=CCN(C)CC3)c2c1,CHEMBL287576
DEC_2152,decoy,CCc1nn(Cc2ccc(-c3ccccc3-c3nn[nH]n3)cc2)/c(=N/C(=O)C2=C(C(=O)O)CCC2)s1,CHEMBL284918
DEC_0791,decoy,CC12C=CC(=O)C=C1[C@H]1CC1C1C2CCC2(C)C1CCC21CCC(=O)O1,CHEMBL12803
DEC_4224,decoy,O=C1NCN(c2ccccc2)C12CCN(C1Cc3cccc4cccc1c34)CC2,CHEMBL281274
DEC_2013,decoy,CCc1nc2c(C)cc(C)nc2n1Cc1ccc(-c2cscc2-c2nn[nH]n2)cc1,CHEMBL274626
DEC_1895,decoy,Cc1ccc(C(c2cc(C)ns2)N2CCN(C)CC2)c(C)c1,CHEMBL25162
DEC_4261,decoy,COc1cc([C@@H]2c3cc4c(cc3[C@@H](NC(=O)c3ccc(F)cc3)[C@H]3COC(=O)[C@H]23)OCO4)cc(OC)c1O,CHEMBL32043
DEC_1779,decoy,C[C@]12CCC(=O)C=C1CCC1C2C(=O)C[C@@]2(C)C1CC[C@]2(O)C(=O)CN1CCN(c2ccccn2)CC1,CHEMBL274719
DEC_4231,decoy,CN1Cn2c3ccccc3c3c4c(c5c6ccccc6n(c5c32)C1)C(=O)NC4=O,CHEMBL28202
DEC_0451,decoy,Cc1ccc2c(c1)OC(C1=NCCN1)CN2C,CHEMBL276035
DEC_0185,decoy,CCc1nc(C)c(Br)n1-c1ccc(-c2ccc(O)nn2)cc1,CHEMBL31777
DEC_3678,decoy,Cc1ccc(S(=O)(=O)N[C@@H]2C3CC(c4ccc(F)cc4)(CO3)[C@H]2C/C=C/CCCC(=O)O)cc1,CHEMBL10418
DEC_1951,decoy,COc1cc2nc(N(C)C)cc(N)c2cc1OC,CHEMBL414822
DEC_1304,decoy,CCOC(=O)N[C@@H](c1ccsc1)[C@@H](O)C(=O)OC1CC2C(C)(C)C1(C)[C@@]13C[C@@H](C)c4ccccc4[C@@]21O3,CHEMBL31307
DEC_3079,decoy,Cc1c(CCC(=O)O)s/c(=N\C(=O)c2ccc(C(=N)N)cc2)n1C,CHEMBL8572
DEC_1848,decoy,Cc1noc(NS(=O)(=O)c2ccc(N/C(S)=N/c3ccccc3)cc2)c1C,CHEMBL27256
DEC_2498,decoy,COC(=O)c1cc(N[C@@H]2c3cc4c(cc3[C@@H](c3cc(OC)c(O)c(OC)c3)[C@H]3C(=O)OC[C@@H]32)OCO4)ccc1O,CHEMBL287649
DEC_1974,decoy,CSc1nnc([C@@H]2C[C@@H](S)CN2S(=O)(=O)c2ccc3ccccc3c2)n1-c1ccccc1,CHEMBL295909
DEC_3257,decoy,CC(C)N(CC#CCCCC1(C2(O)c3ccccc3Oc3ccccc32)SCCCS1)C(C)C,CHEMBL41270
DEC_2071,decoy,COc1cc([C@H]2c3[nH]c4ccccc4c3C[C@H]3C(=O)N4CCC[C@H]4C(=O)N23)cc(OC)c1O,CHEMBL40266
DEC_2669,decoy,CCOC(=O)COC(=O)C1(C(=O)OCC(=O)OCC)Oc2ccc(C[C@@H](C)NC[C@H](O)c3cccc(Cl)c3)cc2O1,CHEMBL61201
DEC_2653,decoy,CC(C)OC(=O)OC(C)OC(=O)C1=C(S[C@@H]2CCO[C@@H]2CNC(=O)OCOC(=O)C(C)C)[C@H](C)C2[C@@H]([C@@H](C)O)C(=O)N12,CHEMBL53667
DEC_1716,decoy,COc1cc(Br)ccc1OCCCN1CCC(c2noc3cc(F)ccc23)CC1,CHEMBL14246
DEC_0498,decoy,CC1=C(C#N)C(c2ccccc2C(F)(F)F)/C(=C(\O)OCCBr)C(CSc2ccccc2)=N1,CHEMBL306306
DEC_2961,decoy,NCCO.O=C(O)c1cc(O)c2c(n1)-c1ccccc1SC2,CHEMBL29239
DEC_3816,decoy,CN1C[C@H](CO)C=C2c3cccc4[nH]cc(c34)C[C@H]21,CHEMBL39947
DEC_3248,decoy,CC(=O)c1cc2c(s1)[C@@H](NC(=O)c1ccc(C)cc1)[C@H](O)C(C)(C)O2,CHEMBL287433
DEC_1858,decoy,C#Cc1ccc(C23OCC(C(C)(C)C)(CO2)C(C#N)O3)cc1,CHEMBL10450
DEC_2066,decoy,O=C1[C@@H](NS(=O)(=O)c2cc3ccc(Cl)nc3s2)CCN1Cc1cc2cc[nH]cc-2n1,CHEMBL268655
DEC_0091,decoy,c1cncc(NC2c3ccccc3Oc3ccccc32)c1,CHEMBL20059
DEC_4031,decoy,CCCc1cc(C(=O)NCCN(C)C)cc(=O)n1Cc1ccc(-c2ccccc2-c2nn[nH]n2)cc1,CHEMBL277234
DEC_0625,decoy,CC(C)OC(=O)CN(CCN(CC(=O)OC(C)C)Cc1ccccc1O)Cc1ccccc1O,CHEMBL21367
DEC_0084,decoy,Cc1ccc(Sc2ccccc2CN(C)C)c(N)c1,CHEMBL22183
DEC_4541,decoy,CCn1cc(NC(=O)c2nc(NC(=O)c3nc(NC=O)cn3CC)cn2CC)nc1C(=O)NCCCN(C)C,CHEMBL66267
DEC_3557,decoy,CCOP(=O)(OCC)OC1Cc2c(cccc2N(C)CC#CC#CC(C)(C)C)NC1=O,CHEMBL32125
DEC_3697,decoy,CCOC(=O)c1cc(NC(=O)c2cc(NC3=CC4=NCCc5cn(C)c(c54)C3=O)cn2COC)cn1COC,CHEMBL69977
DEC_4479,decoy,COc1ccc2ccc3c([nH]c4c5ccccc5nc(NCCCN(C)C)c34)c2c1,CHEMBL276202
DEC_1037,decoy,C=C(Br)COc1noc2c1CNCC2.Cl,CHEMBL6807
DEC_1842,decoy,CC(C)c1ccc(C(c2ccccc2)c2ccc(C(C)C)cc(=O)c2O)c(O)c(=O)c1,CHEMBL8305
DEC_3121,decoy,CC(C)(C)C1CS(=O)(=O)C(C2=CC(=[N+]=[N-])C=C(Br)C2=O)S(=O)(=O)C1,CHEMBL28795
DEC_2919,decoy,CN(C(=O)Cc1ccc(Cl)c(Cl)c1)[C@@H]1CCCC[C@H]1N1CCCC1,CHEMBL441765
DEC_0284,decoy,O=C(O)COCCCC[C@H]1[C@H](F)CC[C@@H]1NS(=O)(=O)c1ccc(Cl)cc1,CHEMBL20320
DEC_4134,decoy,NC(=O)c1ccc(-c2nnc3c4ccccc4c(N4CCCC4)nn23)cc1,CHEMBL274549
DEC_0172,decoy,Cc1ccccc1-n1c(=O)c(F)cn(C2OC(=O)c3ccccc32)c1=O,CHEMBL20301
DEC_2231,decoy,CCN1CCN(c2cc3c(cc2F)c(=O)c(C(=O)O)cn3C(C)C)CC1,CHEMBL275411
DEC_3226,decoy,CCc1c2c(nc3ccc(N)cc13)-c1cc3c(c(=O)n1C2)COC(=O)[C@]3(O)CC,CHEMBL281768
DEC_3171,decoy,C=C(c1c(C)ccc(Cl)c1OCC(O)CNC(C)C)n1ccnc1,CHEMBL15377
DEC_3827,decoy,O=P(O)(O)ON1CCCc2cccc(O)c21,CHEMBL26549
DEC_0811,decoy,Cc1cc(C)c(C(=O)OCc2cc(=O)c(OC(=O)C(C)(C)C)co2)c(C)c1,CHEMBL10198
DEC_1733,decoy,Cc1coc2c(O)cc3c(c12)[C@@H](CCl)CN3C(=O)c1cc2cc(NC(=O)c3cc4ccccc4[nH]3)ccc2[nH]1,CHEMBL306153
DEC_3492,decoy,CNc1cc(C(C)C)ccc(C(c2ccc(OC)cc2)c2ccc(C(C)C)cc(=O)c2O)c1=O,CHEMBL21341
DEC_0088,decoy,CCCN(CCC)C1Cc2cccc3nc(S)n(c23)C1,CHEMBL12157
DEC_2616,decoy,COc1cc(NC(C)CCCN)c2nccc(C)c2c1Oc1cccc(C(F)(F)F)c1,CHEMBL289445
DEC_3373,decoy,Cn1c(Br)nc2c1C(=O)N1CCN=C1N2Cc1ccc(Cl)cc1,CHEMBL19076
DEC_3540,decoy,C[C@](Cc1c[nH]c2ccccc12)(NC(=O)ON1[C@H]2C[C@@H]3C[C@@H](C[C@H]1C3)C2)C(=O)N1C[C@H](Oc2ccc(Cl)cc2Cl)C[C@@H]1C(=O)O,CHEMBL338525
DEC_2229,decoy,CC[C@@]1(O)C(=O)OCc2c1cc1n(c2=O)Cc2cc3ccncc3nc2-1,CHEMBL13495
DEC_4432,decoy,CN1CCN(c2nc(Cl)c(Br)c(NC3CCCC3)n2)CC1,CHEMBL31996
DEC_3758,decoy,COC(=O)c1oc(C(C)(C)C)cc1NC(=O)Nc1ccc(Cl)c(Cl)c1,CHEMBL278057
DEC_1864,decoy,CC(C)(C)C1=CC(=Nn2cccc2)C=C(C(C)(C)C)C1=O,CHEMBL24297
DEC_1358,decoy,COc1cc([C@@H]2c3cc4c(c(OC(C)=O)c3CC3COC(=O)[C@@H]32)OCO4)cc(OC)c1OC(C)=O,CHEMBL40060
DEC_4109,decoy,CN(C)c1cccc2c(S(=O)(=O)Nc3ccc(Cl)nn3)cccc12,CHEMBL6761
DEC_0216,decoy,CCCCC[C@@H]1/C=C\C2C=CC(=O)[C@@H]2C/C=C\CCCC(=O)O1,CHEMBL275047
DEC_2555,decoy,CC1CCC(NC(=O)N(CCF)N=O)CC1,CHEMBL13005
DEC_2319,decoy,Cc1cc(SC2=C(O)OC(CCc3ccc(O)cc3)(C(C)C)CC2=O)c(C(C)(C)C)cc1OS(=O)(=O)N(C)C,CHEMBL312293
DEC_3585,decoy,C=CCOC(=O)NC1C2C(=O)CC(c3ccc(O)cc32)C1C(=O)OCC[Si](C)(C)C,CHEMBL12742
DEC_1361,decoy,COc1ccc(-c2cc3c(c(=O)o2)C[C@]2(O)[C@@]4(C)C(=O)C=CC(C)(C)[C@]4(O)CC[C@@]2(C)O3)cc1,CHEMBL278342
DEC_0405,decoy,C[C@]12CC/C(=N\N=C(N)N)C=C1CC[C@@H]2CN,CHEMBL29862
DEC_2502,decoy,CO[C@@H]1[C@@H](OC(=O)c2ccc(C)[nH]2)[C@@H](O)[C@H](Oc2ccc3c(N4CCN(C)CC4)cc(=O)oc3c2C)OC1(C)C,CHEMBL36572
DEC_2370,decoy,CN(C)c1cccc2c(S(=O)(=O)Nc3ccc(Br)nn3)cccc12,CHEMBL6297
DEC_4060,decoy,Cn1cncc1C(N)(c1ccc(Cl)cc1)c1cc2c3c(c1)c(-c1cccc(Cl)c1)cc(=O)n3CCC2,CHEMBL290745
DEC_0076,decoy,COOC1(OOC)CCCCCCCCCCC1,CHEMBL282791
DEC_4062,decoy,CCc1nc2c(N(C)C)c(OC3CCN(C(C)=N)CC3)ccc2n1Cc1ccc2ccc(C(=N)N)cc2c1,CHEMBL24012
DEC_1254,decoy,O=P(O)(O)C(F)(F)c1ccc(CC(C/C=C/c2ccccc2)(c2ccccc2)n2nnc3ccccc32)cc1,CHEMBL416145
DEC_1100,decoy,Nc1nc(N)c2nnn(C3CC(O)C(CO)C3)c2n1,CHEMBL282097
DEC_3497,decoy,CNC(=O)c1cccc2c(Nc3ccc(NP(=O)(OC)OC)cc3)c3ccccc3nc12,CHEMBL9553
DEC_0281,decoy,CS(=O)(=O)NC(=O)CCC/C=C\CC1=C(/C=C/[C@@H](O)COc2ccccc2)CCC1=O,CHEMBL28805
DEC_3500,decoy,COc1cc(NS(C)(=O)=O)ccc1Nc1c2c(nc3ccccc13)-c1ccccc1C2C,CHEMBL23547
DEC_3566,decoy,COc1cc(OC)nc(CC(C(=O)O)C(C)(Oc2ccc(SC)cc2)c2ccccc2)n1,CHEMBL24906
DEC_3803,decoy,CC(C)(C)c1snc(O)c1C[C@H](N)C(=O)O,CHEMBL29024
DEC_0629,decoy,c1ccc(CCCCOc2ccc(-c3nnn(CCCCCCCc4nnn[nH]4)n3)cc2)cc1,CHEMBL18791
DEC_2835,decoy,O=C(OCCCc1ccc(Cl)cc1)[C@@H]1CCCN1C(=O)NC12C[C@H]3C[C@@H](C1)C[C@@H](C2)C3,CHEMBL30693
DEC_1761,decoy,CC1(C)C2CCC1(CS(=O)(=O)N1CCC3(CCc4ccccc43)CC1)C(NC(=O)[C@@H]1CCCNC1)C2,CHEMBL282258
DEC_0823,decoy,CC(C)(C)C(=O)Oc1ccccc1C(=O)c1ccccc1OC(=O)C(C)(C)C,CHEMBL9933
DEC_1505,decoy,COc1ccc(Cn2c(CC(C)(C)C(=O)O)c3c4c(c(OCc5ccc(-c6ccccc6)cn5)ccc42)CC(C)S3)cc1,CHEMBL329217
DEC_3866,decoy,CCc1cc2c(s1)Nc1ccc(F)cc1N=C2N1CC(C)N(C)CC1C,CHEMBL278473
DEC_2127,decoy,CCC(=O)OCC(=O)[C@@]1(OC(=O)CC)[C@@H](C)C[C@H]2C3CCC4=CC(=O)C=C[C@]4(C)[C@@]3(F)[C@@H](O)[C@@H](O)[C@@]21C,CHEMBL56244
DEC_3118,decoy,CCNc1cccc(N2CCN(C(=O)c3ccc4[nH]ccc4c3)CC2)n1,CHEMBL7066
DEC_0569,decoy,O=S1(=O)c2cccc3cccc(c23)N1CCCN1CC=C(c2c[nH]c3ccc(Br)cc23)CC1,CHEMBL276565
DEC_2538,decoy,CC(C)(C)c1cc(C(=O)CCCC2CC2)cc2c1NCCC2(C)C,CHEMBL14813
DEC_4184,decoy,COc1ccc2c(c1)C13CCN(C)C(C2)[C@H]1[C@H](C)[C@@H](C)C(=O)C3,CHEMBL34800
DEC_4189,decoy,CC(C)(C)NC(=O)[C@H]1CC[C@H]2[C@@H]3CC[C@H]4NC(=O)C=C[C@]4(C)[C@H]3CC[C@]12C,CHEMBL710
DEC_1158,decoy,CC(C)[C@H](NC(=O)CCc1ccccc1)C(=O)N[C@@H](C)C(=O)NC(CC(=O)O)C(=O)COC(=O)NCc1ccccc1,CHEMBL61521
DEC_2776,decoy,C#CCN(Cc1cc2c(O)nc(C)nc2cc1C)c1ccc(C(=O)N[C@@H](C(=O)O)C(C)(C)C)c(F)c1,CHEMBL6436
DEC_1140,decoy,Cc1cccc(NC(=O)N2CCC3(CC2)NC(=O)N(Cc2cc(C(F)(F)F)cc(C(F)(F)F)c2)C3=O)c1,CHEMBL84161
DEC_0598,decoy,CC(=O)Nc1ccn(C2OC(CO[Si](C)(C)C(C)(C)C)C(C#N)C2O[Si](C)(C)C(C)(C)C)c(=O)n1,CHEMBL49740
DEC_0056,decoy,c1ccc2c(C3=NCC4(CN5CCC4CC5)O3)csc2c1,CHEMBL274378
DEC_3948,decoy,O=C1C(N2CC2)=CC(=O)c2c(OS(=O)(=O)c3ccc(I)cc3)cccc21,CHEMBL289525
DEC_4354,decoy,CSc1nnc([C@@H]2C[C@@H](S)CN2S(=O)(=O)c2ccc3ccccc3c2)n1Cc1ccc(F)cc1,CHEMBL299074
DEC_3312,decoy,CC[C@@H]1C[C@H](CC)c2cc3c(C(F)(F)F)cc(O)nc3cc2N1,CHEMBL7383
DEC_3864,decoy,Brc1ccccc1-c1nnc2c3ccccc3c(N3CCCC3)nn12,CHEMBL428336
DEC_4371,decoy,CCCCN(c1cc2n(c(=O)n1)CCc1cc(OC)c(OC)cc1-2)c1c(C)cc(C)cc1C,CHEMBL37165
DEC_4052,decoy,COc1ccc2[nH]cc(C3=CCN(CCCN4c5cccc6cccc(c56)S4(=O)=O)CC3)c2c1,CHEMBL18212
DEC_3635,decoy,CC12CC[C@](C)(C(=O)O)CC1C1=CC(=O)[C@@H]3C4(C)CCC(OC(=O)CCC(=O)O)C(C)(C)[C@@H]4CCC3(C)[C@]1(C)CC2,CHEMBL276700
DEC_2754,decoy,CCC/N=C\C1=C(O)O[C@H](COC)[C@@]2(C)C1=C(O)C(=O)C1=C2[C@H](OC(C)=O)C[C@]2(C)C(=O)CC[C@@H]12,CHEMBL276384
DEC_3457,decoy,CCCCc1nn(CC(C)(C)C)c(C(=O)O)c1Cc1ccc(-c2ccccc2-c2nn[nH]n2)cc1,CHEMBL22122
DEC_3094,decoy,CC1(C)C=C(C(=O)NCCN2C(=O)C3CC=CCC3C2=O)C(C)(C)N1,CHEMBL15459
DEC_2903,decoy,CN1C(=S)OC(C)(C)c2cc(-c3cc(F)cc(Br)c3)ccc21,CHEMBL28164
DEC_1674,decoy,C1CCN(P2(N3CCCCC3)=NP(N3CC3)(N3CC3)=NP(N3CC3)(N3CC3)=N2)CC1,CHEMBL26911
DEC_2456,decoy,Cc1nc(N)ccc1CNC(=O)C1C=CCn2c(=O)n(C(CSc3ccc(C(C)(C)C)cc3)C(=O)O)c(=O)n21,CHEMBL285064
DEC_1448,decoy,CC(C)(C#Cc1ccc2[nH]c(O)nc2c1)N1CCC(Cc2ccc(F)cc2)CC1,CHEMBL19929
DEC_3291,decoy,CC(C)c1ccc2c(c1)c(SC(C)(C)C)c(CC(C)(C)CN(O)C(N)=O)n2Cc1ccc(Cl)cc1,CHEMBL39189
DEC_3663,decoy,O=C(O)CCC/C=C/C[C@H]1[C@H](NS(=O)(=O)c2ccc(F)cc2)C2CC1(c1ccc(O)cc1)CO2,CHEMBL10455
DEC_1008,decoy,CC(C(=O)O)c1ccc2c3cc(OCc4ccc5ccccc5n4)ccc3n(Cc3ccc4ccccc4n3)c2c1,CHEMBL85510
DEC_2522,decoy,O=C1COC(/C=C/C2CC2)(C(F)(F)F)c2cc(Cl)ccc2N1,CHEMBL29171
DEC_0697,decoy,C[C@H]1CC2C([C@@H](O)C[C@@]3(C)C2CC[C@]3(O)C(=O)CN2CCN(c3ccccn3)CC2)[C@@]2(C)C=CC(=O)C=C12,CHEMBL15581
DEC_1562,decoy,CCCCC1(CCCC)CS(=O)(=O)c2ccc(N(C)C)cc2[C@@H](c2ccc(OC)cc2)[C@H]1O,CHEMBL18219
DEC_2810,decoy,C=CCOc1ccc2c(c1OC)-c1ccc3c(c1C(CC=C)O2)C(C)=CC(C)(C)N3,CHEMBL8329
DEC_1554,decoy,CCCc1nc2c(n1Cc1ccc(-c3ccccc3-c3nn[nH]n3)cc1)C(=O)CC(C(C)C)CC2,CHEMBL434011
DEC_2317,decoy,COc1ccc(C2=NN(C3CCCCCC3)C(=O)C3CC=CCC23)cc1OCCCCn1cnc2ncncc21,CHEMBL84601
DEC_3685,decoy,CN(CC(=O)NC(CC(=O)O)C1CCCCC1)C(=O)c1ccc(NC(=O)NCc2ccccc2)o1,CHEMBL28237
DEC_0058,decoy,C[C@@H](Sc1nc(N)cc(Cl)n1)c1cc2ccoc2cn1,CHEMBL26752
DEC_2813,decoy,C=C1/C(=C\C=C2/CCCC3(C)C2CCC3[C@@H](C)OCCCC(C)(C)O)C[C@@H](O)C[C@@H]1O,CHEMBL34066
DEC_1360,decoy,CC[C@@]1(O)C(=O)OCc2c1cc1n(c2=O)Cc2cc3c(CN(C)c4ccccc4)c(O)ccc3nc2-1,CHEMBL10250
DEC_2947,decoy,CCCCOc1c(Cl)c(OC)nc(C(Cl)(Cl)Cl)c1Cl,CHEMBL11457
DEC_3350,decoy,CSc1cc2n(c1C(=O)c1ccc(Cl)cc1)CCC2C(=O)O,CHEMBL443491
DEC_1103,decoy,CC1(C)N=C(N)N=C(N)N1c1ccc(S(N)(=O)=O)cc1,CHEMBL428478
DEC_3153,decoy,CN(Cc1ccc(Cl)cc1)S(=O)(=O)c1ccc(-n2ncc(=O)[nH]c2=O)cc1Cl,CHEMBL275718
DEC_4456,decoy,CSC1=NC(c2cccc([N+](=O)[O-])c2SC)C2=C(O)OCC2=N1,CHEMBL22705
DEC_4504,decoy,O=C(N[C@@H](CC1CCNCC1)C(=O)O)c1ccc(Cl)c(-c2ccc(Cl)cc2)c1,CHEMBL33496
DEC_2374,decoy,Cc1cn(C2C=CC(COP3(=O)OCc4cc(Cl)ccc4O3)O2)c(=O)[nH]c1=O,CHEMBL266136
DEC_3048,decoy,CC1(CCCCN2CCSCC2)COC(c2nc(-c3ccccc3)c(-c3ccccc3)[nH]2)OC1,CHEMBL286611
DEC_1248,decoy,Cc1noc(NS(=O)(=O)c2cccc3c(NCCC(c4ccccc4)c4ccccc4)cccc23)c1C,CHEMBL29954
DEC_2648,decoy,CCN(CC)CCNc1nc(Nc2ccc(Cl)c(Cl)c2)nc2cc(N)ccc12,CHEMBL32291
DEC_3907,decoy,CCc1cc(CCCOc2c(C)cc(-c3noc(C)n3)cc2C)on1,CHEMBL286022
DEC_0475,decoy,O=c1c2c(oc(O)c1C(c1cccc(NS(=O)(=O)c3cc(Cl)cc(Cl)c3)c1)C1CC1)CCCCCC2,CHEMBL16413
DEC_4499,decoy,CC(NCc1ccccc1)C1CCC2C3CC=C4CC(O)CCC4(C)C3CCC12C,CHEMBL8859
DEC_2309,decoy,CCCc1nc2c(n1Cc1ccc(-c3ccccc3S(=O)(=O)Nc3onc(C)c3C)cc1)C(=O)CCCC2,CHEMBL12779
ACT_096,active,CCOC(=O)C1=C(C(F)(F)F)NC2=C(C(=O)CC(C)(C)C2)C1c1ccc(S(=O)(=O)c2ccccc2)cc1,CHEMBL5881155
DEC_2403,decoy,CN1C[C@H](CN2CC(=O)NC2=O)C[C@@H]2c3cc(C(C)(C)C)cc4[nH]cc(c34)C[C@H]21,CHEMBL275539
DEC_2581,decoy,Cc1[nH]c2ccccc2c1CCC1CCNCC1,CHEMBL278816
DEC_2913,decoy,CC12CCC3C(C[C@@H](c4ccccc4)C4=CC(=O)CCC43C)C1CCC2=O,CHEMBL281871
DEC_2339,decoy,COc1cc2c(cc1OCCCCC(=O)N1C[C@@H](CCl)c3c1cc(O)c1ccccc31)N=C[C@@H]1CCCN1C2=O,CHEMBL70011
DEC_3927,decoy,Cc1cc(C(c2ccc(Cl)cc2)N2CCN(C)CC2)sn1,CHEMBL24883
DEC_1914,decoy,O=[N+]([O-])c1ccc(/C=N\c2ccc(-c3ncon3)cc2)o1,CHEMBL282009
DEC_3150,decoy,COc1cc2nc(N3CCN(S(=O)(=O)c4ccc(C)cc4)CC3)nc(N)c2cc1OC,CHEMBL415285
DEC_0982,decoy,CCC(C)N(c1nc(C)nc2c1sc(=S)n2-c1ccc(C(C)C)cc1Br)C(C)CC,CHEMBL18173
DEC_3394,decoy,O=C1NC(=O)C(S(=O)(=O)c2cccc3c(Br)cccc23)S1,CHEMBL281208
DEC_2744,decoy,Cc1cc(SC2=C(O)OC(CCc3ccccc3)(c3ccccc3)CC2=O)c(C(C)(C)C)cc1N,CHEMBL37813
DEC_2668,decoy,CC(=O)Oc1ccc(/C=C/C(=O)OCC(OC(=O)/C=C/c2ccc(OC(C)=O)c(OC(C)=O)c2)C(=O)O)cc1OC(C)=O,CHEMBL284749
DEC_1507,decoy,CC1Cc2c(OCc3ccc(-c4ccccc4)cn3)ccc3c2c(c(CSCC(=O)O)n3Cc2ccc(Cl)cc2)S1,CHEMBL279194
DEC_3637,decoy,CNC(=O)[C@@H](NC(=O)[C@H](CC(C)C)[C@@H](C(=O)NO)C1CCC(C(C)(C)C)CC1)C(C)(C)C,CHEMBL29758
DEC_4174,decoy,CC(C)(C)c1cc(C(=O)C[S+]([O-])CC2CC2)cc2c1OCC2(C)C,CHEMBL274811
DEC_0924,decoy,CC1CCC(=NNc2c(Cl)cccc2Cl)c2ncc(C(=O)O)c(=O)n21,CHEMBL14072
DEC_0070,decoy,CC1(c2ccc(F)cc2)OC(/C=C/c2ccsc2)=CC1=O,CHEMBL18130
DEC_2736,decoy,CC(C)(C)c1ccc(C2=Cc3ccc(NC(=O)NC4CCCCC4)cc3C3=NCCCN23)cc1,CHEMBL276714
DEC_3680,decoy,O=C(O)CCc1cc(Cc2cccnc2)cc2c1CCC(NS(=O)(=O)c1ccc(Cl)cc1)C2,CHEMBL417297
ACT_020,active,Cc1nc(C)c(/C=C2\CC(C)C/C(=C\c3nc(C)c(C)nc3C)C2=O)nc1C,CHEMBL4100075
DEC_2194,decoy,C=CCC1Oc2c(C)ccc(OC)c2-c2ccc3c(c21)C(C)=CC(C)(C)N3,CHEMBL7655
DEC_0015,decoy,C=CC(=O)N1C[C@H](OCC23C[C@@H]4[C@H](C)CC[C@H]4C4(C=O)CC2C=C(C(C)C)[C@@]34C(=O)O)OC[C@H]1C,CHEMBL284622
DEC_3116,decoy,O=C(C(=O)N1CCCC(C(=O)NCc2ccccc2)C1)c1c[nH]c2ccccc12,CHEMBL287442
DEC_3869,decoy,Cc1nnc2n1-c1sc(-c3cc(O)[nH]n3)cc1C(c1ccccc1Cl)=NC2,CHEMBL32303
DEC_1778,decoy,C[C@]12CCC(=O)C=C1CCC1C2=CC[C@@]2(C)C1CC[C@]2(O)C(=O)CN1CCN(c2ccccn2)CC1,CHEMBL264092
DEC_1916,decoy,O=C(NCCCCn1cncn1)c1ccc(Cl)s1,CHEMBL8516
DEC_0731,decoy,C=C1[C@@H](OC(=O)/C=C/c2ccccc2)CC[C@@]2(C)[C@@H](O)[C@H](O)C3=C(C)C(=O)C[C@@H]([C@@H](OC(C)=O)[C@H]12)C3(C)C,CHEMBL6851
DEC_0092,decoy,c1coc(-c2cc(-c3ccco3)nc(-c3ccco3)c2)c1,CHEMBL440281
DEC_3113,decoy,C[C@H]1C[C@@H]2[C@H]([C@@H](O)C[C@@]3(C)[C@H]2CC[C@]3(O)C(=O)CO)[C@@]2(C)C=CC(=O)C=C12,CHEMBL650
DEC_2393,decoy,Nc1nc2c(cnn2CCc2ccccc2)c2nc(-c3ccc(CN4CCOCC4)o3)nn12,CHEMBL278331
DEC_2859,decoy,COC(=O)CCC(O[C@H]1O[C@@H]2OC3(C)CC[C@H]4[C@H](C)CCC([C@H]1C)C24OO3)c1ccc(F)cc1,CHEMBL31905
DEC_2262,decoy,CCCCCc1c(C(C)C)nc(C(C)C)c(CO)c1-c1ccc(F)c(CO)c1,CHEMBL24527
DEC_0066,decoy,CC1(c2ccccc2)OC(/C=C/c2ccsc2)=CC1=O,CHEMBL277093
DEC_1301,decoy,CCCCc1nc2ccc(C3=NNC(=O)CC3C)cc2n1Cc1ccc(-c2ccccc2-c2nn[nH]n2)cc1,CHEMBL25989
DEC_1896,decoy,c1ccn2ncc(CN3CCN(C4CCCCC4)CC3)c2c1,CHEMBL268190
DEC_0363,decoy,COC(=O)C(C(C)=O)=C1SCCCS1,CHEMBL286550
DEC_1328,decoy,CC12CCC(OC=O)CC1CCC1C2CCC2(C)[C@@H](C3=CC(=O)OC3)C(OC=O)CC12O,CHEMBL451551
DEC_0399,decoy,O=C1CN2Cc3c(ccc(Cl)c3Cl)N=C2N1,CHEMBL760
DEC_1058,decoy,O=Cc1ccn(-c2cc3nc(O)c(O)nc3cc2C(F)(F)F)c1,CHEMBL12841
DEC_0841,decoy,CN(C)[C@@H]1C(=O)C(C(N)=O)=C(O)C2C(=O)C3=C(O)c4c(O)cccc4CC3C[C@H]21,CHEMBL13096
DEC_0732,decoy,C/C=C(\NC(=O)C1(C)CC1(Cl)Cl)C(=O)O,CHEMBL276189
DEC_1644,decoy,CC(/C=C/C(O)=C1\C(=O)CNC1=O)=C\c1ccc2ccccc2c1,CHEMBL10299
DEC_3358,decoy,O=C1OC(n2cc(F)c(=O)n(C3OC(=O)c4ccccc43)c2=O)c2ccccc21,CHEMBL20752
DEC_2359,decoy,N=C(N)c1ccc(CCCn2ncc3c2nc(N)n2nc(-c4ccco4)nc32)cc1,CHEMBL281601
DEC_1677,decoy,C=CCN1C[C@H](OCC23C[C@@H]4[C@H](C)CC[C@H]4C4(C=O)CC2C=C(C(C)C)[C@@]34C(=O)O)OC[C@H]1C,CHEMBL287434
DEC_2006,decoy,CCCN(CC1CC1)c1nc(C)nc2c1sc(=S)n2-c1c(C)cc(C)cc1C,CHEMBL17619
DEC_3062,decoy,CCCCc1cn(-c2ccccc2CC)c(=O)n1Cc1ccc(-c2ccccc2-c2nn[nH]n2)nc1,CHEMBL267809
DEC_1570,decoy,CC(=O)Oc1ccccc1C(=O)Oc1ccc2[nH]c(C(=O)c3cc4ccccc4[nH]3)cc2c1,CHEMBL7666
DEC_3068,decoy,CCCCc1nc2ccn(Cc3ccccc3)c(=O)c2n1Cc1ccc(-c2ccccc2-c2nn[nH]n2)cc1,CHEMBL42397
DEC_0979,decoy,CC(=O)/C(=N\O)c1ccc(Sc2cc(F)cc(C3CCOCC3)c2)cc1,CHEMBL283476
DEC_1170,decoy,COC(=O)[C@@H](CC(=O)[C@@H](NC(=O)CC[C@H](O)[C@H](Cc1ccccc1)NC(=O)[C@H](C)NC[C@H](C)N)C(C)C)C(C)C,CHEMBL74972
DEC_0294,decoy,CC(C)N(CCC(CCN1CCCCC1)(C(N)=O)c1ccc(Cl)cc1)C(C)C,CHEMBL12774
DEC_1812,decoy,COc1ccc2c(c1/N=C(\S)Nc1ccc([N+](=O)[O-])cc1)C(C)(C)COC2(C)C,CHEMBL268844
DEC_0205,decoy,C[C@@H](N)Cc1c2ccoc2c(Br)c2ccoc12.Cl,CHEMBL6706
DEC_2239,decoy,CC(=O)NCC1CN(c2ccc([S+](C)[O-])c([N+](=O)[O-])c2)C(=O)O1,CHEMBL274992
DEC_0098,decoy,C[S+]([O-])CC(=O)c1cc(C(C)(C)C)c2c(c1)C(C)(C)CO2,CHEMBL13561
DEC_3748,decoy,c1ccc(-c2ccc(-c3nnc4c5ccccc5c(N5CCCC5)nn34)cc2)cc1,CHEMBL268006
DEC_0268,decoy,CC(C)CCC(=O)N[C@@H](CC(C)C)C(=O)N[C@@H](CC1CCCCC1)[C@@H](O)C(=O)C(C)C,CHEMBL280233
DEC_3886,decoy,Nc1nc(N)c2c3c(oc2n1)CN(Cc1ccc(Cl)c(Cl)c1)CC3,CHEMBL31273
DEC_2250,decoy,Cc1ccc(S(=O)(=O)N(C)NS(=O)(=O)c2ccc(Cl)cc2)cc1,CHEMBL28279
DEC_2750,decoy,O=C(Nc1c(C(O)(C(F)(F)F)C(F)(F)F)ccc2ccccc12)c1cccc(Cl)c1Cl,CHEMBL46245
DEC_1330,decoy,CC(=O)OCC(=O)[C@@]12ON(C)C[C@@H]1CC1C3CCC4=CC(=O)C=CC4(C)[C@@]3(F)C(O)CC12C,CHEMBL441963
DEC_1566,decoy,COc1ccc2c3c1OC1[C@H]4OC[C@@]4(CCCc4ccccc4)CC4C(C2)N(CC2CC2)CCC341,CHEMBL264920
DEC_0929,decoy,CS(=O)(=O)Nc1cccc(C(c2c(O)c3c(oc2=O)CCCCC3)C2CC2)c1,CHEMBL16641
ACT_036,active,CN(C)CCn1ccc2cc(Nc3nccc(-n4ccnc4-c4ccc(Cl)cc4)n3)ccc21,CHEMBL5409629
DEC_0488,decoy,CN1C(=O)[C@@H](NC(=O)C(Cc2ccc(Cl)c(Cl)c2)c2ccsc2)N=C(c2ccccc2)c2ccccc21,CHEMBL298549
DEC_0998,decoy,Cc1oc(-c2ccc(C(F)(F)F)cc2)nc1-c1ccc2c(Br)c(OCC(=O)O)ccc2c1,CHEMBL282855
DEC_2104,decoy,OC1O[C@H](CO/N=C2\CCc3cc(Sc4cc(F)cc(C5CCOCC5)c4)ccc32)[C@H](O)[C@H](O)[C@H]1O,CHEMBL279240
DEC_3216,decoy,C=C1[C@@H](O)CC[C@@]2(C)[C@@H](O)[C@H](O)C3=C(C)C(=O)C[C@@H]([C@@H](OC(C)=O)[C@H]12)C3(C)C,CHEMBL13574
DEC_2314,decoy,CCC(=O)OCC(=O)[C@@]1(OC(=O)c2ccco2)C(C)CC2C3CCC4=CC(=O)C=CC4(C)[C@@]3(Cl)C(Cl)CC21C,CHEMBL416883
ACT_035,active,CC(C)(O)c1ccccc1CC[C@@H](SCC1(CC(=O)O)CC1)c1cccc(/C=C/c2ccc3ccc(Cl)cc3n2)c1,CHEMBL787
ACT_025,active,Cc1cc(=O)n2nc(SCc3ccc([N+](=O)[O-])cc3)nc2[nH]1,CHEMBL4445265
DEC_4217,decoy,O=c1oc(Nc2ccccc2I)nc2cc(F)ccc12,CHEMBL10435
DEC_1030,decoy,N[P@]1(Cl)=NP(N2CC2)(N2CC2)=N[P@](N)(Cl)=N1,CHEMBL281247
DEC_4296,decoy,COc1ccccc1C(=O)NC[C@]1(c2ccccc2)CC[C@H](OC(=O)NCCc2ccccc2)CC1,CHEMBL277952
DEC_4511,decoy,O=P1(Nc2ccc(Nc3c4ccccc4nc4ccccc34)cc2)OCCCO1,CHEMBL21189
DEC_1893,decoy,CC12C=CC3=C4COC(=O)C=C4CCC3C1CC[C@]2(C)O,CHEMBL276546
DEC_0900,decoy,N#Cc1ccc(Nc2cc3c(cc2Nc2ccc(C#N)cc2)C(=O)NC3=O)cc1,CHEMBL267869
DEC_2151,decoy,COc1ccc(N[C@@H]2c3cc4c(cc3[C@@H](c3cc(OC)c(O)c(OC)c3)[C@H]3C(=O)OC[C@@H]32)OCO4)cc1OC,CHEMBL284291
DEC_0890,decoy,CCCc1cc(=O)oc2c(C(=O)C(C)(C)C(C)O)c(O)c3c(c12)OC(C)(C)C=C3,CHEMBL269121
DEC_3935,decoy,CCC(=O)C1C(c2ccc(C(C)(C)C)cc2)CC2CCC1N2C,CHEMBL22377
DEC_2723,decoy,CC(C)c1cccc(C(C)C)c1NS(=O)(=O)NC(=O)Oc1c(C(C)(C)C)cccc1C(C)(C)C,CHEMBL21803
DEC_1207,decoy,CC[C@]1(CO)CC2C3Cc4ccc(OC)c5c4C2(CCN3C)C(O5)[C@@H]1O,CHEMBL8889
DEC_2694,decoy,CC(C)OC(=O)COC(=O)C1(C(=O)OCC(=O)OC(C)C)Oc2ccc(C[C@@H](C)NC[C@H](O)c3cccc(Cl)c3)cc2O1,CHEMBL58599
DEC_0024,decoy,CCCCC(=O)O[C@]1(C(=O)CO)C(C)CC2C3CCC4=CC(=O)C=CC4(C)[C@@]3(F)C(O)CC21C,CHEMBL10858
DEC_4336,decoy,CC(C)c1ccc(S(=O)(=O)NC(=O)C(c2ccc3c(c2)OCO3)c2cn(C)c3cc(C#N)ccc23)cc1,CHEMBL274758
DEC_0834,decoy,CCC[C@H]1C[C@H](NCC)c2cc(S(N)(=O)=O)sc2S1(=O)=O,CHEMBL273599
DEC_0936,decoy,CCCCCc1cc(O)c2c(c1)OC(C)(C)[C@@H]1CCC(CN(C)C)CC21,CHEMBL28722
DEC_2103,decoy,C=C1[C@@H](O)C[C@H](OC(C)=O)[C@@]2(C)[C@@H](OC(C)=O)[C@H](OC(C)=O)C3=C(C)[C@@H](O)C[C@@H]([C@@H](OC(C)=O)[C@H]12)C3(C)C,CHEMBL290599
ACT_019,active,Nc1ccc(-c2cc(=O)c3cc(N)ccc3o2)cc1,CHEMBL112925
DEC_0210,decoy,Clc1cc2c(s1)CNCC2c1ccc(Br)cc1,CHEMBL15825
DEC_3853,decoy,O=C1C(Cl)=C(Nc2ccc(Br)cc2)C(=O)c2ncccc21,CHEMBL11317
DEC_0040,decoy,O=C(O)CNC(=O)CCC(NC(=O)c1cc(Cl)cc(Cl)c1)C(=O)N1CCC2(CCCC2)CC1,CHEMBL33043
DEC_0374,decoy,C=C1C(=O)OC2CC3(C)CCCC4(CO4)C3CC12,CHEMBL275932
DEC_1192,decoy,N#Cc1ccc(S(=O)(=O)Nc2ccc(Cl)c3cc[nH]c23)cc1,CHEMBL20813
DEC_4252,decoy,CC1OC(=O)N(CC(=O)NCc2cc3cc(C(=O)N4CCC(N5C(=O)OCc6ccccc65)CC4)ccc3o2)C1=O,CHEMBL31802
DEC_3681,decoy,C/C(=C(\F)C(=O)Nc1ccc(-c2ccccc2S(N)(=O)=O)cc1Cl)c1cccc(C(=N)N)c1,CHEMBL38201
DEC_0745,decoy,CCC1=C2C3C=C(C)CC2(NC1)c1ccc(O)nc1C3,CHEMBL37105
DEC_4162,decoy,O=C(NCCc1c2n(c3ccccc13)CCCc1ccccc1-2)C1CC1,CHEMBL9791
DEC_1466,decoy,COc1ccc2[nH]c3c(C)c4ccnc(NCCCn5ccnc5)c4cc3c2c1,CHEMBL19812
DEC_3905,decoy,Cc1ccc([C@H]2OC(=O)O[C@]2(Cn2cncn2)c2ccc(C)cc2)cc1,CHEMBL10297
DEC_1269,decoy,CCC#CC[C@H](C)[C@H](O)/C=C/[C@@H]1C2CC(c3ccc(-c4ccccc4)cc3)(CO2)[C@H]1C/C=C/CCCC(=O)O,CHEMBL10468
DEC_1576,decoy,NCc1ccc(CCCn2ncc3c2nc(N)n2nc(-c4ccco4)nc32)cc1,CHEMBL22320
DEC_2077,decoy,COc1ccc(C#Cc2ccc(S(=O)(=O)NC(CC#Cc3ccccc3)C(=O)O)s2)cc1,CHEMBL10590
DEC_1787,decoy,CN1CCN(c2cc3c(cc2F)c(=O)c(C(=O)O)cn3N2CC2c2cccc(C(F)(F)F)c2)CC1,CHEMBL37085
DEC_1619,decoy,COc1ccccc1C(=O)C(O)(Cn1cncn1)c1ccccc1OC,CHEMBL274840
ACT_070,active,N#C/C(=C\c1cc(O)c(O)c(CSCc2ccccc2)c1)C(N)=O,CHEMBL432428
DEC_3229,decoy,CC(C)(C)c1cc(/C=C2\OC(N=C(N)N)=NC2=O)cc(C(C)(C)C)c1O,CHEMBL15781
DEC_4337,decoy,C=C(C(=O)N1C[C@H]2[C@@]3(c4ccc5c(c4)CCO5)CC[C@H](c4ccccc43)[C@@]2(C(=O)O)C1)c1ccccc1OC,CHEMBL299606
DEC_1683,decoy,CC(C)C1=CC2CC3(C=O)[C@@H]4CC[C@@H](C)[C@H]4CC2(CO[C@H]2C[C@@H]4OC[C@H](C)[C@@H]4[C@@H](C)O2)C13C(=O)O,CHEMBL45656
DEC_2106,decoy,COc1c2c(c(OC)c(SC(C)C)c1SC(C)C)[C@H](CO)N1C(C#N)[C@@H]3C[C@@H](C(=O)O)[C@H]([C@@H]1C2)N3C,CHEMBL58642
DEC_1816,decoy,OC(c1ccc(Cl)cc1Cl)C(O)(Cn1cncn1)c1ccc(Cl)cc1Cl,CHEMBL10361
DEC_2849,decoy,O=S1(=O)c2cccc3cccc(c23)N1CCCN1CCC(c2c[nH]c3ccccc23)CC1,CHEMBL281808
DEC_3524,decoy,O=C(N[C@@H](Cc1c[nH]c2ccc(NS(=O)(=O)C(F)(F)F)cc12)C(=O)O)c1ccc2c(c1)nc(-c1ccoc1)n2C1CCCCC1,CHEMBL368852
DEC_1376,decoy,CCNC(=O)/C(C(=O)O)=C(C)/C=C/C=C(C)/C=C/C1=C(C)CCCC1(C)C,CHEMBL269199
DEC_2634,decoy,COc1cc(NC(C)CCCN)c2ncccc2c1Oc1ccc(Cl)cc1Cl,CHEMBL12544
DEC_0247,decoy,Nc1ccc(OC23CC4CC5C6CC(CC52)CC3C6C4)cc1,CHEMBL12197
DEC_3916,decoy,CCC[C@H](NC)[C@H]1COC(c2ccccc2)(c2ccccc2)O1,CHEMBL27946
DEC_4135,decoy,O=C(O)Cc1nn(Cc2nc3c(F)cccc3s2)c(=O)c2ccccc12,CHEMBL20024
DEC_2440,decoy,C=C[C@]1(CO)CC2C3Cc4ccc(OC)c5c4C2(CCN3C)C(O5)[C@@H]1O,CHEMBL10178
DEC_0245,decoy,C[C@]12CCC3C(CCC4=CC(=O)CC[C@@]43C3CS3)C1CCC2=O,CHEMBL282580
DEC_2406,decoy,CN1C[C@H](CN2CC(=O)NC2=O)C[C@@H]2c3ccc(C(C)(C)C)c4[nH]cc(c34)C[C@H]21,CHEMBL13464
DEC_0905,decoy,O=C1C[C@@H](c2ccc(O)cc2)Oc2cc3oc4cc(O)c(O)cc4c3c(O)c21,CHEMBL9167
DEC_1415,decoy,CN(C(=O)[C@@H](N=C=S)c1ccccc1)[C@@H]1CCCC[C@H]1N1CCCC1,CHEMBL276931
DEC_1215,decoy,CCC(C)c1ccc2c(c1)-c1nc(C(=O)O)cc(O)c1CS2(=O)=O,CHEMBL29902
DEC_1995,decoy,Nc1ccc(S(=O)(=O)Nc2cccc(C(c3c(O)c4c(oc3=O)CCCCCC4)C3CC3)c2)cc1,CHEMBL276941
DEC_3377,decoy,C[C@H]1CN(C(=O)N2Cc3c(C(=O)OC(C)(C)C)ncn3-c3ccc(Cl)cc32)CCN1,CHEMBL278968
DEC_4141,decoy,Cc1cc2c(s1)CN(C)CC2c1cccc(C(F)(F)F)c1,CHEMBL15864
DEC_1464,decoy,O=C(NO)N(CCc1cccc(C(F)(F)F)c1)c1cccc2ccccc12,CHEMBL29912
DEC_2218,decoy,CCn1c2cc(N3CCN(C)CC3)c(F)cc2n2c(=O)nc(N)cc12,CHEMBL31198
DEC_0592,decoy,CC[C@@H]1CO[C@H]2[C@@H]1C[C@H](OCC13C[C@@H]4[C@H](C)CC[C@H]4C4(C=O)CC1C=C(C(C)C)C34C(=O)O)O[C@@H]2C,CHEMBL296658
DEC_2141,decoy,COC(OC)[C@]1(C)Oc2ccc([N+](=O)[O-])cc2[C@@H](N(Cc2ncc[nH]2)c2ccc(C(F)(F)F)cc2)[C@@H]1O,CHEMBL430957
DEC_1241,decoy,O=C(O)[C@@H](CC1CCC1)N1C[C@H](CN2CCC(CCSc3ccc(F)cc3)CC2)[C@@H](c2cccc(F)c2)C1,CHEMBL20345
DEC_1028,decoy,CC(=O)OCC12CCC(C)(C)CC1[C@H]1[C@@H](O)C[C@@H]3[C@@]4(C)CC[C@H](OC(C)=O)C(C)(C)[C@@H]4CC[C@@]3(C)[C@]1(C)CC2,CHEMBL436550
DEC_3572,decoy,CCOC(=O)C(Cc1cc2cc(C(=N)N)ccc2o1)c1ccc(O[C@H]2CCNC2)cc1,CHEMBL280162
DEC_0404,decoy,NS(=O)(=O)OCC(Cl)(Cl)Cl,CHEMBL23067
DEC_2986,decoy,CCSc1ccnc(C[S+]([O-])c2nc3ccccc3n2C(=O)OC(C)C)c1C,CHEMBL9893
DEC_1067,decoy,CN(C)c1ccc(/C=C/c2nc3c(c(=O)n(C)c(=O)n3C)n2C)cc1,CHEMBL26245
DEC_3751,decoy,C=CCC1Oc2ccc(OC)c(OC)c2-c2ccc3c(c21)C(C)=CC(C)(C)N3,CHEMBL274208
DEC_2862,decoy,COc1ccccc1N1CCN(CCCSc2nc(N)c3c(C)c(C)sc3n2)CC1,CHEMBL11936
DEC_0576,decoy,C[C@H]1CC2C3CCC4=CC(=O)C=CC4(C)[C@@]3(F)C(O)CC2(C)[C@@]1(OC(=O)c1ccoc1)C(=O)CCl,CHEMBL41403
DEC_0302,decoy,OC(CCN1CCN(CCOC(c2ccccc2)c2ccccc2)CC1)c1ccccc1,CHEMBL28821
DEC_2838,decoy,Cc1ccc(/N=C(/S)OC(Cn2ccnc2)c2ccc(Cl)cc2Cl)c(C)c1,CHEMBL7982
DEC_2828,decoy,CCN(c1nc(C)cc(-c2ccccc2N)n1)c1ccc(C(C)C)cc1Br,CHEMBL9795
DEC_0756,decoy,C[S+]([O-])c1ccc2ccc3nc(C(=O)O)cn3c2c1,CHEMBL13103
DEC_1375,decoy,C=CCN1CCCC[C@H]1[C@H]1COC(c2ccccc2)(c2ccccc2)O1,CHEMBL27830
DEC_4152,decoy,Cc1ccc(C(c2ccc(-n3cccc3)cc2)n2ccnc2)cc1,CHEMBL21479
DEC_3997,decoy,COc1cc(C(=O)N(C)C)ccc1OCCCN1CCC(c2noc3cc(F)ccc23)CC1,CHEMBL14415
DEC_4069,decoy,C[C@@]1(CCCCc2ccccc2)CC2C3Cc4ccc(O)c5c4C2(CCN3CC2CCC2)C(O5)C1=O,CHEMBL9567
DEC_0435,decoy,CN(C)c1ccc2c(c1)CC(N)(C(=O)O)CC2,CHEMBL8989
DEC_4465,decoy,COc1ccc(-c2nnc3c4ccccc4c(N(C)CC(C)O)nn23)cc1,CHEMBL14214
DEC_2300,decoy,C=CCN1[C@@H]2CC[C@H]1C[C@H](N(c1ccccc1)c1ccc(C(=O)N(CC)CC)cc1)C2,CHEMBL269697
DEC_1754,decoy,O=C(O)Cn1c(=O)c2cc(Br)ccc2n(Cc2ccc(Br)cc2F)c1=O,CHEMBL36729
DEC_0354,decoy,CN(C)CC#CCCC1SCCCS1,CHEMBL43529
DEC_3639,decoy,CC(C)CN1C[C@](O)([C@H](CC2CCCCC2)NC(=O)CC(C)(C)C)C[C@H]1C(=O)NC(C)(C)C,CHEMBL290349
DEC_2246,decoy,CC[C@@]1(O)C(=O)OCc2c1cc1n(c2=O)Cc2cc3cc(O)ccc3nc2-1,CHEMBL273862
ACT_094,active,COc1ccc(C2=C(C#N)C3=NC4=Nc5ccc(S(=O)(=O)N6CCOCC6)cc5C4=NC3C(O)=C2C#N)cc1,CHEMBL4284841
DEC_0748,decoy,CCCn1c(=O)[nH]c(=O)c2[nH]c(C3CCCCC3)nc21,CHEMBL21449
DEC_0541,decoy,CN(C/C=C/c1ccco1)Cc1cccc2ccccc12,CHEMBL282879
DEC_4388,decoy,COc1ccc([C@@H]2Sc3cc(Cl)ccc3-n3c(CN(C)C)ccc3[C@@H]2OC(C)=O)cc1,CHEMBL283244
DEC_2649,decoy,CC(C)(C)/N=C(\NC#N)Nc1cccc(/C(=C\CCCCC(=O)O)c2cccnc2)c1,CHEMBL21478
DEC_2449,decoy,O=C(O)c1cn2c3c(nc(O)c2n1)-c1cccc(CP(=O)(O)O)c1C3,CHEMBL25687
DEC_2576,decoy,CCCN1CCCC2c3c(O)cccc3CCC21,CHEMBL412642
DEC_1769,decoy,O=C(/C=C/c1ccc(Cl)cc1)N[C@@H]1CC[C@@]2(O)[C@H]3Cc4ccc(O)c5c4C2(CCN3CC2CC2)[C@H]1O5,CHEMBL296693
DEC_3198,decoy,CCCCC(O)(Cn1cncn1)C(C)(O)c1ccc(Cl)cc1,CHEMBL10743
DEC_1380,decoy,CCCN1CC2(CCN(CCc3c[nH]c4ccccc34)CC2)OC1=O,CHEMBL286987
DEC_2208,decoy,CCCCC1=C(N2CC2)C(=O)c2nc3n(c2C1=O)CCC3OC(C)=O,CHEMBL441597
DEC_0102,decoy,Nc1nc(O)c2c(n1)NCC(CCN[C@H]1CC[C@@H](C(=O)NC(CCC(=O)O)C(=O)O)CC1)N2,CHEMBL286145
DEC_3101,decoy,NC(=O)c1cc(-c2ccc(NS(=O)(=O)c3ccccc3)cc2)nnc1Cl,CHEMBL6521
DEC_0919,decoy,CC(=O)c1cc2c(s1)[C@@H](NC(=O)c1ccc(C(F)(F)F)cc1)[C@H](O)C(C)(C)O2,CHEMBL284325
DEC_1708,decoy,Cc1noc(NS(=O)(=O)c2ccccc2-c2ccc(-c3ncco3)cc2Cn2ccnc2)c1C,CHEMBL30009
DEC_2740,decoy,CC(C)(C)c1ccc(-c2c(O)nc3cc(Cl)c([N+](=O)[O-])cc3c2OCCC2CCCCN2)cc1,CHEMBL301552
DEC_0637,decoy,CC(C)CN(C=O)[C@H]1CCC2C3CC[C@H]4N(C)C(=O)CC[C@]4(C)C3CC[C@@]21C,CHEMBL16690
DEC_2286,decoy,CCCC(C)n1c(CC)nc2c(-c3ccc(OC(F)F)cc3Cl)ccnc21,CHEMBL24679
DEC_2794,decoy,CC1(C)N=C(N)N=C(N)N1c1ccc(CCCCc2ccc(S(=O)(=O)F)cc2Cl)c(Cl)c1,CHEMBL33697
DEC_0636,decoy,CCCCN(C=O)[C@H]1CCC2C3CC[C@H]4N(C)C(=O)CC[C@]4(C)C3CC[C@@]21C,CHEMBL277053
DEC_3108,decoy,OC(CCl)CNc1nc2ccnc(-c3cccc(C(F)(F)F)c3)n2n1,CHEMBL22124
DEC_3545,decoy,CNc1cccc(CN2C(=O)N(Cc3cccc(NC)c3)[C@H](Cc3ccc4c(c3)CCO4)[C@H](O)[C@@H](O)[C@H]2Cc2ccc3c(c2)CCO3)c1,CHEMBL285261
DEC_3135,decoy,NS(=O)(=O)OC[C@@]12OC[C@H]3O[C@@H](c4ccccc4)O[C@H]3[C@@H]1O[C@H](c1ccccc1)O2,CHEMBL26603
DEC_0680,decoy,C[S+]([O-])c1ccc(-c2nc3n(c2-c2ccc([S+](C)[O-])cc2)CCS3)cc1,CHEMBL17490
DEC_2719,decoy,Cc1cccc(C(=O)N2CCC(N3CCC(Cc4ccc(SC(C)C)cc4)CC3)CC2)c1N,CHEMBL12228
DEC_1489,decoy,CC(C)c1cccc(C(C)C)c1OS(=O)(=O)NC(=O)Oc1c(C(C)C)c(C(C)C)c(F)c(C(C)C)c1C(C)C,CHEMBL25499
DEC_3596,decoy,COc1ccccc1CC/N=C(\N)Nc1nc(-c2csc(CNC(C)=O)n2)cs1,CHEMBL290863
DEC_3160,decoy,CC1(C)C=C(C(=O)NCCCCNC(=O)c2cccs2)C(C)(C)N1,CHEMBL278744
DEC_0391,decoy,O=S1NC(Cc2cccc(C(F)(F)F)c2)=NO1,CHEMBL17886
DEC_3962,decoy,O=C1N(CCCCN2CCN(c3cncc(Cl)n3)CC2)C(=O)C23C4CCC(C4)C12C1CCC3C1,CHEMBL28673
DEC_0319,decoy,O=C(O)C1=Cc2sc(CCn3ccnc3)cc2CC1,CHEMBL23062
DEC_2792,decoy,C[C@@H](n1cnc2cc(Sc3ccccc3)ccc2c1=O)[C@](O)(Cn1cncn1)c1ccc(F)cc1F,CHEMBL300113
DEC_4485,decoy,CC(C)NC(=N)c1ccc(-c2ccc(-c3ccc(C(=N)NC(C)C)cc3)o2)cc1,CHEMBL24808
DEC_1325,decoy,COC1=C(Br)C(=O)c2c(c(COC(C)=O)c3n2CCCC3OC(C)=O)C1=O,CHEMBL38906
DEC_4357,decoy,COc1cccc(C2C(C(=O)OCCN(C)C)=C(C)N=C3SC(c4c(Cl)cccc4Cl)=CN32)c1,CHEMBL288902
DEC_4148,decoy,CC[C@@H]1CC2C(CCC3(C)C(=O)CCC23)C2(C)C=CC(=O)C=C12,CHEMBL8313
DEC_1872,decoy,CC(C)c1ccccc1C(c1ccns1)N1CCN(C)CC1,CHEMBL22437
DEC_2537,decoy,CCCC[C@H]1CC2C(CCC3(C)C(=O)CCC23)C2(C)C=CC(=O)C=C12,CHEMBL8646
DEC_0141,decoy,COc1ccc2c(c1)CCn1c(C)c(COC(=O)NC(=O)NC3CCCCC3)c(COC(=O)NC(=O)NC3CCCCC3)c1-2,CHEMBL24514
DEC_1419,decoy,C=C(C)Cc1cc(C(=O)c2ccccc2)ccc1OC(=O)C(C)(C)C,CHEMBL273668
DEC_3140,decoy,CCn1c(=O)c2nc(-c3ccc(S(=O)(=O)N4CCN(C)CC4)cc3)[nH]c2n(CC)c1=O,CHEMBL11049
DEC_2851,decoy,CN(C)Cc1ccccc1Sc1ccc(/C=C/I)cc1N,CHEMBL277045
DEC_2891,decoy,O=c1c2c(oc(O)c1C(c1cccc(NS(=O)(=O)c3ncccn3)c1)C1CC1)CCCCCC2,CHEMBL16232
DEC_2354,decoy,Cc1cc(C)c2c(c1)COP(=O)(OCC1C=CC(n3cc(C)c(=O)[nH]c3=O)O1)O2,CHEMBL31131
DEC_3390,decoy,O=C1NC(=O)C2(CN(Cc3nc4ccccc4s3)c3ccc(Cl)cc32)N1,CHEMBL20685
DEC_3849,decoy,Cn1cc(C(=O)O)c(=O)c2c3cc(F)c(N4CCCC(C)(C)C4)cc3ncc21,CHEMBL282817
DEC_1681,decoy,CC(C)=CCN1C[C@H](OCC23C[C@@H]4[C@H](C)CC[C@H]4C4(C=O)CC2C=C(C(C)C)[C@@]34C(=O)O)OC[C@H]1C,CHEMBL286023
DEC_0328,decoy,CCCN(CCC)C1Cc2c[nH]c3ccc(C(C)=O)c(c23)C1,CHEMBL276031
DEC_0882,decoy,OC1CCCCC1N1CCC(CCC2CCN(C3CCCCC3O)CC2)CC1,CHEMBL20656
DEC_1873,decoy,C#C[C@]1(O)CCC2C3C(CC[C@@]21C)C1CCC(=O)C=C1C[C@H]3C,CHEMBL7815
DEC_1045,decoy,CCC(C)Cn1ncc2c1nc(N)n1nc(-c3ccco3)nc21,CHEMBL440458
DEC_1276,decoy,CCCc1c(O)c(C(C)=O)cc(C(C)=O)c1NC(=O)c1sc(C)cc1S(=O)(=O)Nc1onc(C)c1Cl,CHEMBL304860
DEC_2143,decoy,CCCCOC(=O)/C=C/C(=O)N[C@@H]1CC[C@@]2(O)C3Cc4ccc(O)c5c4C2(CCN3CC2CC2)C1O5,CHEMBL293145
DEC_3984,decoy,O=C(NCCCO)c1cnn(-c2nc(-c3cccc(C(F)(F)F)c3)cs2)c1C(F)(F)F,CHEMBL9922
DEC_4367,decoy,CCCCc1nc(Cl)c(CC(=O)OC)n1Cc1ccc(NS(=O)(=O)C(F)(F)F)cc1,CHEMBL283983
DEC_4401,decoy,CCCCCc1nc2c(n1Cc1ccc(-c3ccccc3-c3nn[nH]n3)cc1)C(=O)CCCC2,CHEMBL40286
DEC_4462,decoy,CCC(C)(O)C#Cc1nc(Nc2ccccc2)c2ncn(C(C)C)c2n1,CHEMBL284899
DEC_4091,decoy,N#Cc1ccc(Nc2c(NC(c3ccccc3)C(F)(F)F)c(=O)c2=O)cc1,CHEMBL19133
DEC_4281,decoy,CCCCCOc1cc(C(C)(C)C)ccc1C/N=C(\S)NCc1ccc(NS(C)(=O)=O)cc1,CHEMBL431341
ACT_081,active,COc1c(F)cc(F)cc1Nc1c(-c2ccncc2OCC(C)(C)OC)[nH]c2c1C(=O)NCC2,CHEMBL5942124
DEC_2898,decoy,COc1cc(NS(C)(=O)=O)ccc1Nc1c2ccccc2nc2cc([N+](=O)[O-])ccc12,CHEMBL416074
DEC_4085,decoy,Oc1ccc2c3c1OC1[C@H]4OC[C@@]4(CCCCc4ccccc4)CC4C(C2)N(CC2CCC2)CCC341,CHEMBL9832
DEC_4473,decoy,CN1C[C@H](CNC(=O)c2ccccc2)C[C@@H]2c3ccc(C(C)(C)C)c4[nH]cc(c34)C[C@H]21,CHEMBL267799
DEC_3469,decoy,C=Cc1ccnc2c(NC(C)CCCN)cc(OC)c(Oc3cccc(C(F)(F)F)c3)c12,CHEMBL39208
DEC_2908,decoy,CCCc1cc(=O)oc2c3c(c4c(c12)OC(C)(C)C=C4)OC(C)(C)[C@H](C)[C@@H]3O,CHEMBL266050
DEC_3120,decoy,O=C(O)/C=C/c1ccc(NC(=O)c2cccc(NC3=NCCN3)c2)c(Cl)c1,CHEMBL417322
DEC_4290,decoy,COc1ccccc1C(=O)NC[C@]1(c2ccccc2)CC[C@@H](NC(=O)CCc2ccccc2)CC1,CHEMBL16702
DEC_1599,decoy,CCCc1c2oc(C(=O)O)cc(=O)c2cc2c(=O)cc(C(=O)O)n(CC)c12,CHEMBL746
DEC_3365,decoy,CC[C@@]1(O)C(=O)OCc2c1cc1n(c2=O)Cc2cc3c(CC#N)c(O)ccc3nc2-1,CHEMBL10419
DEC_0997,decoy,COc1ccc2c(c1)OC(c1ccc(OCCN3CCCCC3)cc1)c1c-2sc2cc(OC)ccc12,CHEMBL23634
DEC_0090,decoy,O=C1C=C(Sc2ccccc2)C(=O)c2ccccc21,CHEMBL269468
DEC_4532,decoy,CC(C)(C)NC(=O)[C@@H]1C[C@H](OCc2ccncc2)CCN1C[C@@H](O)[C@H](Cc1ccccc1)NC(=O)O[C@@H]1CCOC1,CHEMBL13205
DEC_3364,decoy,CC(C)(C)OC(=O)c1ncn2c1CN(C(=O)N1CCOCC1)c1ccccc1-2,CHEMBL416897
DEC_4254,decoy,COc1cc([C@@H]2c3cc4c(cc3[C@@H](NC(=O)c3cccc([N+](=O)[O-])c3)[C@H]3COC(=O)[C@H]23)OCO4)cc(OC)c1O,CHEMBL285862
DEC_3285,decoy,CCCCCc1ccc(C#CC(O)(c2ccc(C#N)c(-c3cccc4ccccc34)c2)c2cncn2C)cc1,CHEMBL24048
DEC_4543,decoy,CCCCOC(=O)N[C@@H](CCC(=O)N1CCC2(CC1)CCN(c1ccc(C(=N)NO)cc1)C2=O)C(=O)OCC,CHEMBL305142
DEC_0577,decoy,C[C@H]1CC2C3CCC4=CC(=O)C=CC4(C)[C@@]3(F)C(O)CC2(C)[C@@]1(OC(=O)c1ccco1)C(=O)CCl,CHEMBL291118
DEC_4427,decoy,CCN1C(=O)c2c(nc(N=[N+]=[N-])n2Cc2ccc(O)cc2)N2C1=N[C@@H]1CCC[C@@H]12,CHEMBL282709
DEC_0423,decoy,CC1(C)C(=O)Nc2cc3[nH]c(S)nc3cc21,CHEMBL291138
DEC_2385,decoy,CC(=O)OC1CCC2(C)C(CCC3C2CCC2(C)[C@H](C4=CC(=O)OC4)C(=O)CC32O)C1,CHEMBL6558
DEC_4409,decoy,FC(F)(F)c1cc(CO[C@H]2OCCN(Cn3cncn3)[C@H]2c2ccccc2)cc(C(F)(F)F)c1,CHEMBL406136
DEC_3771,decoy,CCCN1CCC(COc2nc3cc(Cl)ccc3c3c2CCCCN3)CC1,CHEMBL35044
DEC_3426,decoy,CCOC(=O)N[C@@H](c1ccc(O)cc1)[C@@H](O)C(=O)OC1CC2C(C)(C)C1(C)[C@@]13C[C@H](C)c4ccccc4[C@@]21O3,CHEMBL285974
DEC_3179,decoy,NC(Cc1cccc(-c2ccccc2)c1CCP(=O)(O)O)C(=O)O,CHEMBL279028
DEC_0754,decoy,CC(O)c1ccc2[nH]cc(C3=CCN(C)CC3)c2c1,CHEMBL280779
DEC_0746,decoy,CC(C)CN1C2=NCCN2C(=O)c2[nH]c(C(C)C)nc21,CHEMBL18844
DEC_1052,decoy,COc1cc(CC(C)NN)c(OC)cc1I,CHEMBL276654
DEC_3231,decoy,CCn1cc(C(=O)O)c(=O)c2cc(F)c(N3CC(C)NC(C)C3)cc21,CHEMBL15387
DEC_1774,decoy,O=C1NC(=O)C(CC#Cc2cc(C(F)(F)F)cc(C(F)(F)F)c2)(S(=O)(=O)c2ccccn2)S1,CHEMBL12016
DEC_1922,decoy,COC(=O)C1=C(C)N=C(C)/C(=C(/O)OC)C1C(C)C,CHEMBL418249
DEC_1551,decoy,CC(C)c1cccc(C(C)C)c1OS(=O)(=O)NC(=O)O[C@@H]1C[C@H](C)CCC1C(C)C,CHEMBL24992
DEC_2878,decoy,COP(=O)(Nc1ccc(Nc2c3ccccc3nc3cc(S(C)(=O)=O)ccc23)cc1)OC,CHEMBL9756
DEC_1350,decoy,CCc1c2c(nc3ccc4c(c13)N(C)CCO4)-c1cc3c(c(=O)n1C2)COC(=O)[C@]3(O)CC,CHEMBL288053
DEC_3722,decoy,Cn1c(COc2ccc(C(=N)N)cc2)nc2cc(N(CC(=O)O)S(=O)(=O)c3cccc4cccnc34)ccc21,CHEMBL51528
DEC_1845,decoy,O=C(NNc1nccc(C(F)(F)F)n1)Nc1cc(C(F)(F)F)cc(C(F)(F)F)c1,CHEMBL14921
DEC_2367,decoy,O=c1nc(/N=C/N(c2ccccc2)c2ccccc2)ccn1C1CSC(CO)O1,CHEMBL278480
DEC_1640,decoy,CC(C)(C)c1cc(/C=C/c2nnc(O)o2)cc(C(C)(C)C)c1O,CHEMBL12395
DEC_0394,decoy,O=C(O)C1CCc2cc(Cn3ccnc3)sc2C1,CHEMBL23942
DEC_3986,decoy,CONC(=O)[C@]12CN(C(=O)Cc3ccccc3OC)C[C@H]1[C@@]1(c3ccccc3)CC[C@@H]2c2ccccc21,CHEMBL301809
DEC_1002,decoy,COC(=O)c1cc2ccc1[C@@H]1CC[C@H]([C@H](C)CCCC(C)C)[C@@]1(C)CC/C=C(/C)CC[C@H](OC(C)=O)C2,CHEMBL295582
DEC_4163,decoy,Nc1nc2cc(C(F)(F)F)nc(-c3cccc(C(F)(F)F)c3)n2n1,CHEMBL21710
DEC_0277,decoy,O=C(O)COCCCC[C@H]1[C@H](F)CC[C@@H]1NS(=O)(=O)c1ccc(Cl)c(Cl)c1,CHEMBL283340
DEC_0671,decoy,Cc1cc(C(c2ccc(C3CCCCC3)cc2)N2CCN(C)CC2)sn1,CHEMBL22438
DEC_0515,decoy,C#CCCCC(=O)c1cc(C(C)(C)C)c(O)c(C(C)(C)C)c1,CHEMBL13878
DEC_0206,decoy,CCO[C@H]1O[C@@H]2O[C@@]3(C)CCC4[C@H](C)CCC([C@H]1C)[C@]42OO3,CHEMBL6635
DEC_0737,decoy,Clc1ccc(C2=CCC[C@H]3CCC2N3)cn1,CHEMBL275466
DEC_0753,decoy,C[C@H]1C=C2c3cccc4c3[C@@H](CN4)C[C@H]2N(C)C1,CHEMBL289517
DEC_1327,decoy,CC(=O)Oc1cc2c(cc1OC(C)=O)-c1cc3cc(OC(C)=O)c(OC(C)=O)cc3n1CC2,CHEMBL291150
DEC_3801,decoy,CNC(=S)NCCSCc1[nH]cnc1C,CHEMBL275446
DEC_0975,decoy,CN(CCc1ccc2c(c1)OCO2)C[C@@H]1CCCc2c1ccc1ccoc21,CHEMBL10068
DEC_2192,decoy,Clc1ccc2c(c1)[C@H]1OCC[C@H]1[C@H](c1c[nH]c3ccc(Cl)cc13)N2,CHEMBL281686
DEC_3510,decoy,CCc1nc2c(C)cc(C)nc2n1Cc1ccc(-c2ccccc2C2Nc3cc(Cl)c(S(N)(=O)=O)cc3S(=O)(=O)N2)cc1,CHEMBL344388
DEC_1275,decoy,COc1ccc2c3c1OC1[C@H](O)[C@](CO)(CCCCc4ccccc4)CC4C(C2)N(CC2CCC2)CCC341,CHEMBL417604
DEC_1218,decoy,Nc1nc2nn(CCc3ccccc3)cc2c2nc(-c3ccco3)nn12,CHEMBL16867
DEC_2000,decoy,CCC(c1cccc(NS(=O)(=O)c2ccc(C#N)cc2)c1)c1c(O)c2c(oc1=O)CCCCCC2,CHEMBL16316
DEC_0606,decoy,OCCOCOCc1cc(CCCCCOc2c(Cl)cc(C3=NCCO3)cc2Cl)on1,CHEMBL6448
ACT_097,active,CCN(CC)CCOc1c(C(=O)OC)c2c3c(oc2c2ccccc12)C(=O)c1ccccc1C3=O,CHEMBL202162
DEC_2275,decoy,CCCC#CC12COC(C1)[C@H](COCc1ccccc1)[C@H]2C/C=C/CCCC(=O)O,CHEMBL415035
DEC_1039,decoy,CC(C)[C@H]1OS(=O)O[C@]1(Cn1cncn1)c1ccc(Cl)cc1,CHEMBL275780
DEC_0775,decoy,O=C1CCC(c2ccc(-n3cccc3)cc2)=NN1,CHEMBL30975
DEC_2842,decoy,CC(C)(CC(=O)O)Cc1nc2cc(F)ccc2n1Cc1ccc(Br)cc1F,CHEMBL277516
DEC_2871,decoy,CCCCN(CC)c1nc(C)nc2c1nnn2-c1c(Br)cc(OC)cc1OC,CHEMBL9633
DEC_0259,decoy,CCCCc1nc(CCCC)n(Cc2ccc(-n3cccc3-c3nn[nH]n3)cc2)n1,CHEMBL12810
DEC_4514,decoy,CCOC(=O)c1ccc(N/C(S)=N/c2ccc3c(c2)C(C)=CC(C)(C)N3C)cc1,CHEMBL447228
DEC_3669,decoy,O=C(O)[C@@H]1C[C@H](Sc2ccccc2)CN1C(=O)CP(=O)(O)CCCCc1ccccc1,CHEMBL279121
DEC_2566,decoy,CC(C)c1nc2cc3c(cc2[nH]1)C(C)(C)C(=O)N3,CHEMBL285528
DEC_2684,decoy,COc1ccc(S(=O)(=O)N(Cc2ccc3c(c2)OCO3)[C@H](CCC(=O)N(CCC#N)Cc2cccnc2)C(=O)NO)cc1,CHEMBL80704
DEC_1041,decoy,CC(C)(C)C(=O)Oc1coc(COC2CCOCC2)cc1=O,CHEMBL274788
DEC_2310,decoy,CCCC[C@H]1C(=O)N([C@@H](C2SCCCS2)C2OC(C)(C)OC2C2COC(C)(C)O2)[C@H]1/C(C)=C/c1ccccc1,CHEMBL82333
DEC_2090,decoy,CC(C)(C)OC(=O)N[C@@H](C(=O)C(N)c1ccccc1)/C(O)=C(\C#N)c1ccc([N+](=O)[O-])cc1,CHEMBL17266
DEC_3698,decoy,COC(=O)CCc1ccc(O)c(Oc2ccc(CCNC(=O)[C@H](CC(N)=O)NC(=O)OC(C)(C)C)cc2)c1,CHEMBL312387
DEC_0747,decoy,CC(C)(C)c1cccc(N2C(N)=NC(N)=NC2(C)C)c1,CHEMBL267692
DEC_0353,decoy,Cc1cc(C)cc(Sc2cncc3sc(C(N)=O)cc23)c1,CHEMBL6275
DEC_0968,decoy,CCN(C)c1ccc(-c2nc3n(c2-c2ccc(N(C)CC)cc2)CCS3)cc1,CHEMBL276051
DEC_1900,decoy,C[C@H]1CC2C3CCC(=O)C3(C)CCC2C2(C)CCC(=O)C=C12,CHEMBL25588
DEC_0194,decoy,Cc1ccc(Cn2cnc3c(N(C)C)nc(C(F)(F)F)nc32)cc1,CHEMBL283830
DEC_2445,decoy,Cc1cc(=O)n(C(=O)OC(C)(C)C)c2c3c(ccc12)OC(C)(C)[C@H](O)[C@@H]3O,CHEMBL269573
DEC_2802,decoy,COc1cc([C@@H]2c3cc4c(cc3[C@@H](Oc3ccc(O)cc3)[C@H]3COC(=O)[C@H]23)OCO4)cc(OC)c1O,CHEMBL418771
DEC_3740,decoy,Cn1cc(C(=O)O)c(=O)c2c3cc(N4C[C@@]5(C)C[C@@H]4CC(C)(C)C5)c(F)cc3ncc21,CHEMBL28286
DEC_2628,decoy,COc1cc(NC(C)CCCN)c2ncccc2c1Oc1cccc(C(F)(F)F)c1,CHEMBL13059
DEC_1577,decoy,Nc1nc2c(cnn2CCCc2ccccc2)c2nc(-c3ccco3)nn12,CHEMBL17121
DEC_3167,decoy,Cc1c(Sc2ccccc2)n(COCCO)c(=O)[nH]c1=S,CHEMBL286689
DEC_2437,decoy,CC1(O)OC(=O)C(c2ccc(O)cc2)=C1c1ccc(S(C)(=O)=O)cc1,CHEMBL278738
DEC_1885,decoy,CCC#CC1(C(F)(F)F)OCC(=O)Nc2ccc(Cl)cc21,CHEMBL281239
DEC_2226,decoy,CC[C@@]1(O)C(=O)OCc2c1cc1n(c2=O)Cc2cc3cc[n+]([O-])cc3nc2-1,CHEMBL13527
DEC_4512,decoy,CN(C)P(=O)(Nc1ccc(Nc2c3ccccc3nc3ccccc23)cc1)N(C)C,CHEMBL20931
DEC_3922,decoy,CCCCc1nc(NCc2ccc(OC)cc2)c2sccc2n1,CHEMBL31715
DEC_2234,decoy,CCn1cc(C(=O)O)c(=O)c2cc(F)c(N3CCN(C=O)CC3)cc21,CHEMBL740
DEC_3980,decoy,CC1(C)C=C(n2ccccc2=O)c2cc(S(=O)(=O)NC(=O)NC3CCCCC3)ccc2O1,CHEMBL11988
DEC_1571,decoy,CNP1(N2CC2)=NP(N2CC2)(N2CC2)=NP(N2CC2)(N2CC2)=N1,CHEMBL27942
DEC_1946,decoy,C(=N/NC1=NCCN1)\c1cccc2cc3ccccc3cc12,CHEMBL417829
DEC_3496,decoy,COc1cc(NC(C)CCCN)c2nccc(CO)c2c1Oc1cccc(C(F)(F)F)c1,CHEMBL41915
DEC_0932,decoy,CC(C)Oc1nc(C(Cl)(Cl)Cl)c(Cl)c(OC(C)C)c1Cl,CHEMBL275717
DEC_0187,decoy,CCn1cc(C(=O)O)c(=O)c2cc(F)c(C3=NCCCO3)cc21,CHEMBL21527
DEC_4380,decoy,COc1cc2c(cc1OC)-c1cc(=Nc3c(C)cc(C)cc3C)n(CP(C)(C)=O)c(=O)n1CC2,CHEMBL286663
DEC_1490,decoy,NCCN(CCNC1CCCCCCCCCCCCCC1)CCNC1CCCCCCCCCCCCCC1,CHEMBL21467
DEC_3021,decoy,C=C(Cl)CON1C[C@H](OCC23C[C@@H]4[C@H](C)CC[C@H]4C4(C=O)CC2C=C(C(C)C)[C@@]34C(=O)O)OC[C@H]1C,CHEMBL33631
DEC_1445,decoy,Oc1ccc(/C(CC(F)(F)F)=C(/CC(F)(F)F)c2ccc(O)cc2)cc1,CHEMBL30204
DEC_0345,decoy,C1=C(C2(C3=NCCN3)COc3ccccc3O2)CCCC1,CHEMBL429954
DEC_1006,decoy,COc1ccc2c(c1)c(Cc1nc(-c3ccc(Cl)cc3)cs1)c(C)n2C(=O)c1ccc(Cl)cc1,CHEMBL27875
DEC_4314,decoy,CC(C)(C)COc1cc(C(C)(C)C)ccc1C/N=C(\S)NCc1ccc(NS(C)(=O)=O)c(F)c1,CHEMBL43723
DEC_4461,decoy,CSc1ccc(C2=C(c3ccc(S(C)(=O)=O)cc3)C(C)(O)OC2=O)cc1,CHEMBL277118
DEC_3811,decoy,NCCc1c[nH]c2ccc(CCc3nc(N)no3)cc12,CHEMBL39111
ACT_091,active,CC(C)c1ccc(C2N=C(C(N)=O)c3ncn(-c4ccc(F)cc4)c3N2)cc1,CHEMBL4795888
DEC_1417,decoy,C=C(c1c(C)ccc(Cl)c1OCC(O)CNC(C)(C)C)n1ccnc1,CHEMBL14989
DEC_2774,decoy,Cc1noc(NS(=O)(=O)c2ccsc2C2(Cc3ccc4c(c3)OCO4)OCCO2)c1Cl,CHEMBL47383
ACT_100,active,CCOC(=O)[C@H](Cc1c[nH]cn1)NCC(=O)NNC(=O)COc1ccc(-c2nc3ccccc3s2)cc1OC,CHEMBL5181045
DEC_2875,decoy,CC1(C)COP(=O)(C(CCC(=O)c2cccc(F)c2)P2(=O)OCC(C)(C)CO2)OC1,CHEMBL418157
DEC_2997,decoy,OC(CCCN1CCN(c2nccc3sccc23)CC1)c1ccc(F)cc1,CHEMBL15560
DEC_1277,decoy,C[C@H]1C[C@@]23O[C@]2(c2ccccc21)C1CC(OC(=O)[C@H](O)[C@@H](NC(=O)NC(C)(C)C)c2ccccc2)C3(C)C1(C)C,CHEMBL31999
DEC_1125,decoy,OCC1OC(c2n[nH]c3c(O)ncnc23)C(O)C1O,CHEMBL267525
DEC_0815,decoy,CC(C)(C)c1nc(-c2ccc(F)cc2)c(-c2ccc(S(C)(=O)=O)cc2)s1,CHEMBL17064
DEC_3243,decoy,Cc1c(CN(C)c2cccc3c2CCCC3)cnc2nc(N)nc(N)c12,CHEMBL23220
DEC_1117,decoy,Nc1nc(O)c2ncn(C3C[C@@H](CO)[C@@H]3CO)c2n1,CHEMBL281970
DEC_0107,decoy,Nc1nc(O)c2c(n1)NCC(CCNc1ccc(C(=O)NC(CCC(=O)O)C(=O)O)cc1)N2,CHEMBL37062
DEC_0038,decoy,O=S(=O)(NS(=O)(=O)N1CCc2ccc(Cl)cc2C1)N1CCc2ccc(Cl)cc2C1,CHEMBL442530
DEC_0323,decoy,CCCCCCc1nc2c([nH]1)N1CC(C)(C)N=C1N(C)C2=O,CHEMBL416541
DEC_0393,decoy,CC1CC(O)=NN=C1c1ccc(-n2ccnc2)cc1,CHEMBL440593
ACT_033,active,O=C(Nc1ccc(F)cc1)c1ccc(N(CCCl)CCCl)cc1,CHEMBL592711
DEC_1721,decoy,C=C1/C(=C\C=C2/CCCC3(C)C2CCC3[C@H](C)/C=C/CC(O)(C(F)(F)F)C(F)(F)F)C[C@@H](O)C[C@@H]1O,CHEMBL285268
DEC_2320,decoy,COc1cc([C@@H]2c3cc4c(cc3[C@H](O[Si](C)(C)C(C)(C)C)[C@H]3COC(=O)[C@]23F)OCO4)cc(OC)c1OC,CHEMBL31013
DEC_2911,decoy,CC(=O)OC1(c2ccccc2)Sc2c(Cl)cccc2-n2cccc21,CHEMBL282854
DEC_3219,decoy,Nc1nc(S)c2cc(S(=O)(=O)c3ccc4ccccc4c3)ccc2n1,CHEMBL6929
DEC_3661,decoy,CO[C@H](C#Cc1ccccc1)C(NS(=O)(=O)c1ccc(-c2ccc(SC)cc2)cc1)C(=O)O,CHEMBL10674
DEC_0759,decoy,CC(/N=C(\NC#N)Nc1ccc(C#N)cc1)C(C)(C)C,CHEMBL19169
DEC_2093,decoy,O=C1[C@@H](NS(=O)(=O)c2cc3ccc(Cl)cc3s2)CCN1Cc1cc2cc[nH]cc-2n1,CHEMBL8382
DEC_1558,decoy,[O-][n+]1ccc(CC(c2ccc(CO)cc2)c2ccc(OC(F)F)c(OC(F)F)c2)cc1,CHEMBL285500
ACT_066,active,COc1cc2c(cc1OC)Oc1ncnc(Sc3cccc(Cl)c3)c1NC2,CHEMBL215210
DEC_0132,decoy,CN(CCNC(=O)c1cc(Cl)c2c(O)c3ccccc3nc2c1)CCNC(=O)c1ccc(Cl)c2c(O)c3ccccc3nc12,CHEMBL65033
DEC_1468,decoy,CCC1=C(c2ccc(O)cc2)c2ccc(OCC(O)CO)cc2Oc2ccccc21,CHEMBL276306
DEC_2228,decoy,CCC(CO)NC(=O)C1C=C2c3cccc4c3c(cn4C)CC2N(C)C1,CHEMBL12393
DEC_2667,decoy,CCS(=O)(=O)NCCOc1nc(-c2ncccn2)nc(NS(=O)(=O)c2ccc(C(C)(C)C)cc2)c1Oc1ccccc1OC,CHEMBL172029
DEC_3653,decoy,CCOC(=O)C(C)(CCCCn1cnc2c1NC=NCC2O)Cc1cccc(Br)c1,CHEMBL37641
DEC_0287,decoy,CCCCCOc1cc(CN(C)C)cc(OCCCCC)c1O.CS(=O)(=O)O,CHEMBL23329
DEC_0465,decoy,Cc1ccc(C2(c3ccc(C)cc3)CC(=S)N(CCCN3CCC(C#N)(c4ccccc4Cl)CC3)C2=O)cc1,CHEMBL60452
DEC_4200,decoy,O=C1C(Cl)=C(Nc2ccc(I)cc2)C(=O)c2cnccc21,CHEMBL11408
DEC_0609,decoy,CC(=O)CC1C[C@@H](CCCCCCCC#C[C@H](O)COCCOC[C@H](O)c2ccccc2)OC1=O,CHEMBL418209
DEC_0844,decoy,C/C=C/C1=C(C(=O)O)N2C(=O)[C@@H](NC(=O)[C@H](N)c3ccc(O)cc3)[C@H]2CO1,CHEMBL277997
DEC_4558,decoy,O=C(O)C[C@H](NC(=O)Cn1c(C2CC2)cnc(NCc2ccc3c(n2)NCCC3)c1=O)c1ccc2c(c1)OCO2,CHEMBL51391
DEC_3774,decoy,C=C1CCC2[C@](C)(CCC[C@]2(C)C(=O)OC)[C@H]1CCC1=CCc2c(O)ccc(O)c2C1,CHEMBL283322
DEC_3594,decoy,COc1ccc(S(=O)(=O)N(Cc2ccc3c(c2)OCO3)[C@H](Cc2ccco2)C(=O)O)cc1,CHEMBL280171
DEC_0677,decoy,Cc1ccc([C@H]2OC(=O)O[C@]2(Cn2cncn2)c2ccccc2Cl)cc1,CHEMBL10467
DEC_0990,decoy,Cc1cc(C(C)(C)C)c(OC(=O)NS(=O)(=O)Oc2c(C(C)C)cccc2C(C)C)c(C(C)(C)C)c1,CHEMBL281332
DEC_3154,decoy,Cn1c(=O)c2nc(-c3ccc(S(=O)(=O)Oc4cccc([N+](=O)[O-])c4)cc3)[nH]c2n(C)c1=O,CHEMBL9034
DEC_3648,decoy,C=C1/C(=C\C=C2/CCC[C@]3(C)C([C@H](C)CCCC(C)(C)O)CC[C@@H]23)C[C@@H](O)[C@@H](OCCCO)[C@@H]1O,CHEMBL299592
DEC_2416,decoy,Oc1nc2cc(C#CCN3CCC(O)(Cc4ccc(F)cc4)CC3)ccc2[nH]1,CHEMBL19576
DEC_4110,decoy,CCN1CCN(c2cc3c(cc2F)c(=O)c(C(=O)O)cn3C(C)(C)C)CC1,CHEMBL15350
DEC_3693,decoy,C=CCCC[C@H](OC(=O)[C@@H]1CCCCN1C(=O)C(=O)[C@@]1(O)CCCCO1)/C(C)=C/[C@@H]1CC[C@@H](O)[C@H](OC)C1,CHEMBL36023
DEC_3746,decoy,O=C1NC(=O)C(CC#Cc2ccc(Cl)cc2)(Sc2ccc(F)cc2)S1,CHEMBL428177
DEC_1904,decoy,CO[C@H]1O[C@]2(C)OO[C@]13[C@H](CCO)CCC[C@@H]3C[C@@H]2C,CHEMBL277457
DEC_3151,decoy,COc1ccc2c(c1OC)C[N+]1(C)CCc3cc4c(cc3C1C2)OCO4.[I-],CHEMBL11943
DEC_1449,decoy,O=C(Oc1ccc2[nH]c(C(=O)c3cc4ccccc4[nH]3)cc2c1)c1ccccc1,CHEMBL7276
ACT_008,active,CCC(C)/C=C/C(=O)C(=O)/C=C/C=C/C=C/C=C/C=C/C=C/[C@@H]1C[C@@H](O)[C@H](C(=O)O)O1,CHEMBL464721
DEC_1610,decoy,CC(=O)N(O)CCCCCN(O)C(=O)[C@H]1CSC(c2ncccc2O)=N1,CHEMBL416940
DEC_0357,decoy,CC1(C)OB(/C=C/CP(=O)(O)O)OC1(C)C,CHEMBL19606
DEC_3180,decoy,Cc1noc(NS(=O)(=O)c2cccc3c(C(C)(C)O)cccc23)c1C,CHEMBL431300
DEC_2746,decoy,COc1cc(C(=O)O)ccc1Cn1ccc2ccc(NC(=O)Nc3ccccc3C(F)(F)F)cc21,CHEMBL50633
DEC_3103,decoy,O=C(O)c1cn2c3c(nc(O)c2n1)-c1ccccc1C3N1CC=CC1=O,CHEMBL19955
DEC_2651,decoy,CCCCCCNc1c2ccccc2nc2c(C(=O)NCCN(C)C)cccc12,CHEMBL35852
DEC_2778,decoy,CNc1cc(NC(=O)OC)ccc1NC1=C2C=CCC(OC)(OC)C2=NC2C1=CC=CC2(OC)OC,CHEMBL417344
DEC_4259,decoy,Cc1ccc2c(c1)SC1=NS(=O)(=O)C(C(=O)CS(=O)(=O)Nc3nc4ccc(C)cc4s3)=C(O)N12,CHEMBL301991
DEC_1934,decoy,Cc1ccc(C)n1Nc1ccc(N2CCCC2)nn1,CHEMBL11469
DEC_0266,decoy,O=C(O)COCCCCC1=CCC[C@@H]1NS(=O)(=O)c1ccc(Cl)c(Cl)c1,CHEMBL20590
DEC_2080,decoy,CO[C@]12C=CC3(CC14CCC[C@H]4O)C1Cc4ccc(O)c5c4C3(CCN1CC1CC1)[C@@H]2O5,CHEMBL281986
DEC_4557,decoy,COCCN(CC(=O)O)C(=O)C(CCCN=C(N)N)NS(=O)(=O)c1ccc2c(c1)Sc1ccccc1O2,CHEMBL287640
DEC_3293,decoy,CCCCc1oc2ccccc2c1C(O)c1ccc(-c2cc(Br)c(O)c(Br)c2)cc1,CHEMBL280969
DEC_3274,decoy,CC1(CCCCN2CCc3ccccc3C2)COC(c2nc(-c3ccccc3)c(-c3ccccc3)[nH]2)OC1,CHEMBL33054
DEC_0173,decoy,CN1C(=O)CC[C@@]2(C)C1=CCC1C2CC[C@@]2(C)C1CC[C@@H]2N(C)C=O,CHEMBL443995
DEC_1005,decoy,COc1ccc2c(c1)c(Cc1nc(-c3ccc4ccccc4c3)cs1)c(C)n2C(=O)c1ccc(Cl)cc1,CHEMBL282015
DEC_2623,decoy,COc1cc(CCC(Cc2ccccc2)O/C(S)=N/CCc2ccccc2)ccc1O,CHEMBL39289
DEC_1256,decoy,Cc1cc(C)cc(-c2[nH]c3ccccc3c2CCNCCCCc2ccc(NS(=O)(=O)c3ccccc3)cc2)c1,CHEMBL11074
DEC_1875,decoy,COc1nc(C(Cl)(Cl)Cl)c(Cl)c(OC)c1Cl,CHEMBL273124
DEC_1299,decoy,O=C(O)[C@@H](Cc1c[nH]c2ccccc12)NS(=O)(=O)c1ccc(C#Cc2ccc(Oc3ccccc3)cc2)s1,CHEMBL296817
DEC_3420,decoy,COC(=O)c1c(C(F)(F)F)[nH]c2c(O)cc3c(c12)[C@H](CCl)CN3C(=O)c1cc2cc(OC)c(OC)c(OC)c2[nH]1,CHEMBL286568
DEC_1439,decoy,O=C(c1cc2ccccc2[nH]1)c1cc2cc(OC(=O)c3ccco3)ccc2[nH]1,CHEMBL266499
DEC_1447,decoy,CC(C)c1cccc(C(C)C)c1NC(=O)NS(=O)(=O)N(C(C)C)C(C)(C)C,CHEMBL281597
DEC_2971,decoy,C[C@@H]1CC[C@H]2[C@@H](C)[C@](O[Si](C)(C)C)(C(F)(F)F)O[C@@H]3O[C@]4(C)CC[C@@H]1C32OO4,CHEMBL9805
DEC_4320,decoy,COc1cc(C(C)(C)C)c(OC(=O)[N-]S(=O)(=O)Oc2c(C(C)C)cccc2C(C)C)c(C(C)(C)C)c1.[Na+],CHEMBL280176
DEC_3029,decoy,Cc1noc(NS(=O)(=O)c2ccccc2-c2ccc(-c3ncco3)cc2CNCC(F)(F)F)c1C,CHEMBL29420
DEC_4136,decoy,CC(C)c1cccc(C(C)C)c1OC(=O)NS(=O)(=O)N1CCCC1,CHEMBL21797
DEC_0455,decoy,CN(C)c1ccc(/C=C/[C@]2(O)CCC3C4CCC5=CC(=O)CCC5=C4[C@@H](c4ccc(N(C)C)cc4)C[C@@]32C)cc1,CHEMBL303660
DEC_3371,decoy,CC(=O)Oc1ccc2c(c1)CCc1sc(N)nc1-2.I,CHEMBL39106
DEC_3593,decoy,C/N=C(/S)[C@@]1(c2cccnc2)CCCC[C@@H]1CCNS(=O)(=O)c1ccc([N+](=O)[O-])cc1,CHEMBL295406
DEC_3089,decoy,CCc1cc(O)cc(=O)n1Cc1ccc(-c2ccccc2-c2nn[nH]n2)cc1,CHEMBL280708
DEC_2166,decoy,CCC[C@H]1Cc2cc3c(C(F)(F)F)cc(O)nc3cc2N[C@@H]1CC,CHEMBL7231
DEC_1834,decoy,O=C(O)Cc1nn(Cc2nc3cc(C(F)(F)F)c(O)cc3s2)c(=O)c2ccccc12,CHEMBL20884
DEC_3936,decoy,CSc1ccc(C(=O)c2ccc3n2CCCCC3C(=O)O)cc1,CHEMBL9214
DEC_3718,decoy,COc1ccc(O[C@@H]2C(CNC(=O)OCc3ccccc3)O[C@@H](OC)[C@H](O)C2OCc2ccccc2)cc1,CHEMBL294938
DEC_0162,decoy,C#CCN(C1=NCCN1)c1c(Br)cccc1Br,CHEMBL20816
DEC_3509,decoy,CO/C1=C\C(C)=C\[C@@H](C)C(=O)[C@@H](C)C/C(C)=C/C=C/[C@H](OC)[C@@H]([C@@H](C)[C@@H](O)[C@H](C)[C@@]2(O)C[C@@H](O)[C@H](C)[C@@H](C(C)C)O2)OC1=O,CHEMBL55556
DEC_4403,decoy,COc1ccc(CCCOC(=O)C2CCCCN2C(=O)NC23CC4CC(CC(C4)C2)C3)c(OC)c1,CHEMBL33860
DEC_2205,decoy,C[C@]1(N2C(=O)c3c(F)c(F)c(F)c(F)c3C2=O)CCC(=O)NC1=O,CHEMBL10989
DEC_0200,decoy,C[C@@H](c1ccccc1)N1C(=O)c2c(F)c(F)c(F)c(F)c2C1=O,CHEMBL10778
DEC_3993,decoy,CCCCCC(=O)n1c(=O)n(CCN2CCN(c3ccccc3OC)CC2)c(=O)c2cscc21,CHEMBL50679
ACT_013,active,CC1(C)CC[C@]2(C(=O)OCCO[N+](=O)[O-])CC[C@]3(C)C(=CC[C@@H]4[C@@]5(C)CC[C@H](O)C(C)(C)[C@@H]5CC[C@]43C)[C@@H]2C1,CHEMBL4437863
DEC_4146,decoy,CN1CCN(C2=Cc3cc(Cl)ccc3Cc3ccccc32)CC1,CHEMBL275696
DEC_3411,decoy,CCCC(=O)OCC(=O)[C@@]1(OC(=O)c2ccco2)[C@H](C)CC2C3CCC4=CC(=O)C=CC4(C)[C@@]3(F)C(O)CC21C,CHEMBL434398
DEC_3322,decoy,C/C(=C\c1ccc(C(=O)O)cc1)c1ccc2c(c1)C(C)(C)CCO2,CHEMBL21518
DEC_1163,decoy,CC(C)CC(NC(=O)C(Cc1ccccc1)NC(=O)CCC(=O)CCC(=O)C(N)Cc1ccc(O)cc1)C(=O)O,CHEMBL19048
DEC_1794,decoy,Cc1c(S(=O)(=O)N[C@H]2CCN(Cc3cc4[nH]cccc-4n3)C2=O)sc2ccc(Cl)cc12,CHEMBL8206
DEC_0137,decoy,CCOC(=O)N1CCN(Cc2cc(Nc3cc(C(F)(F)F)nc(/N=C(\N)Nc4ccc(Cl)c(Cl)c4)n3)ccc2O)CC1,CHEMBL23387
DEC_2199,decoy,CCCc1cc(C#N)sc1-c1ccc2c(c1)C1(CCCCC1)C(S)=N2,CHEMBL28213
DEC_3272,decoy,CN(O)C(=O)c1ccc(-c2ccc(Cl)cc2)c(N(C)C(=O)c2cc(C(F)(F)F)cc(C(F)(F)F)c2)c1,CHEMBL62649
DEC_0441,decoy,C[C@@H]1Cc2ccccc2N(C)[C@@H]1C1=NCCN1,CHEMBL38790
DEC_2301,decoy,COc1ccc([C@H](Cc2ccncc2)c2ccc(O)cc2)cc1OC1CCCC1,CHEMBL35391
DEC_0128,decoy,Nc1noc2ccc(CN3C(=O)N(Cc4ccc5onc(N)c5c4)[C@H](Cc4ccccc4)[C@H](O)[C@H]3CCc3ccccc3)cc12,CHEMBL432093
DEC_1725,decoy,C=CC(C)(C)c1[nH]c2ccccc2c1C1=C(O)C(N)=C(c2c[nH]c3c(CC=C(C)C)cccc23)C(=O)C1=O,CHEMBL18842
DEC_0273,decoy,CSCC[C@H](NC(=O)c1ccc(CNCc2ccco2)cc1-c1ccccc1)C(=O)O,CHEMBL10572
DEC_2128,decoy,C=C[C@@]1(C)CC(=O)[C@]2(O)C3(C)C(C(O)C(OC(=O)Cn4cnc5ccccc54)[C@@]2(C)O1)C(C)(C)CC[C@@H]3O,CHEMBL54862
DEC_0742,decoy,O=S1NC(Cc2cc3cc(F)ccc3s2)=NO1,CHEMBL276930
DEC_0377,decoy,NC1=NC(c2cccs2)Cc2ccccc21,CHEMBL8065
DEC_3344,decoy,CCN1CCCC[C@H]1[C@H]1COC(c2ccccc2)(c2ccccc2)O1,CHEMBL287654
DEC_4178,decoy,CN(C)CCSC1Cc2ccccc2Sc2ccccc21,CHEMBL15903
DEC_3450,decoy,COc1cc([C@@H]2c3cc4nc5cc(Cl)c(Cl)cc5nc4cc3[C@H](O)[C@H]3COC(=O)[C@H]23)cc(OC)c1OC,CHEMBL30287
DEC_0514,decoy,CN1C2CCC1[C@@H](/C=C/Cl)[C@@H](c1ccc(Cl)cc1)C2,CHEMBL28394
DEC_0729,decoy,Cc1nnc2n1-c1sc(C#CCN3C(=O)CCc4ccccc43)cc1C(c1cc([N+](=O)[O-])ccc1Cl)=NC2,CHEMBL21026
DEC_2253,decoy,COC1(OC)C(=O)C(C/C=C(\C)CCC=C(C)C)=C(O)C(CC=C(C)C)=C1O,CHEMBL19273
DEC_0153,decoy,COc1ccc(-c2cccc(NC(=O)Nc3nc4ccccc4s3)c2)cc1S(=O)(=O)NC(CC(=O)O)c1ccccc1,CHEMBL65739
DEC_0360,decoy,CC(C)/C=C1\N=C(CC(C)C)C(=O)N(O)C1=O,CHEMBL16320
DEC_0220,decoy,CCCCCc1cc(O)c2c(c1)OC(C)(C)[C@@H]1C[C@H](O)C(C)CC21,CHEMBL10866
DEC_3564,decoy,O=C(O[C@@H]1C[C@](OCCCc2ccc(Cl)cc2)(C(=O)O)C[C@@H](O)[C@H]1O)C1CCCCC1,CHEMBL32328
DEC_2482,decoy,O=C(/C=C/C(=O)OCCc1ccccc1)N[C@@H]1CC[C@@]2(O)C3Cc4ccc(O)c5c4C2(CCN3CC2CC2)C1O5,CHEMBL293967
DEC_0236,decoy,CCCCCc1cc(O)c2c(c1)OC(C)(C)[C@@H]1CC[C@H](C)[C@H](O)C21,CHEMBL10475
DEC_0914,decoy,CC(=O)c1cc2c(s1)[C@@H](NC(=O)c1cccc(Cl)c1)[C@H](O)C(C)(C)O2,CHEMBL285886
DEC_0795,decoy,C#C[C@]1(O)CCC2C3CCC4=CC(=O)CCC4=C3C(c3cccs3)CC21C,CHEMBL16886
DEC_1829,decoy,CN1CCC23c4c5ccc(O)c4OC2[C@H](O)[C@](CO)(CCCCc2ccccc2)CC3C1C5,CHEMBL416699
DEC_3037,decoy,Cc1noc(NS(=O)(=O)c2ccccc2-c2ccc(-c3ncco3)cc2CN(C)c2ccccc2)c1C,CHEMBL29793
DEC_1431,decoy,C=C1/C(=C\C=C\[C@H]2CCC[C@H]([C@H](C)CCCC(C)(C)O)C2(C)C)C[C@@H](O)C[C@@H]1O,CHEMBL32633
DEC_1764,decoy,Cc1ccc([C@@H]2c3[nH]c4ccccc4c3C[C@@H]3C(=O)N([C@@H]4CCN(Cc5ccccc5)C4)CC(=O)N23)cc1,CHEMBL34744
DEC_0528,decoy,CC[C@@H]1C2CCC(C[C@@H]1c1ccc(Cl)cc1)N2C,CHEMBL27336
DEC_1859,decoy,C[C@@H]1C[C@@H]2c3ccc(C(C)(C)C)c4[nH]cc(c34)C[C@H]2N(C)C1,CHEMBL13811
DEC_0448,decoy,CC(=O)c1ccc2c(O)cc(C(=O)O)nc2c1,CHEMBL22806
DEC_3301,decoy,C=Cc1ccc2c(c1)c(CCC(=O)N1CCC(O)(Cc3ccccc3)CC1)c(-c1ccc(Cl)cc1)n2C,CHEMBL20937
DEC_0805,decoy,Brc1cccc(Br)c1N(C1=NCCN1)C1CCCC1,CHEMBL417459
DEC_2985,decoy,CCN(CC)C(=S)SC(C(=O)c1ccc(Cl)cc1)=C1SCCS1,CHEMBL36233
DEC_4237,decoy,Cc1noc(NS(=O)(=O)c2ccsc2C(=O)N2CCN(Cc3ccc4c(c3)OCO4)CC2)c1Cl,CHEMBL296427
DEC_4328,decoy,C=C1CCC2[C@](C)(CCC[C@]2(C)C(=O)OC)[C@H]1CCC12Cc3c(OC(C)=O)ccc(OC(C)=O)c3CC1O2,CHEMBL23985
DEC_4255,decoy,COc1cc([C@@H]2c3cc4c(cc3[C@@H](NC(=O)c3ccc([N+](=O)[O-])cc3)[C@H]3COC(=O)[C@H]23)OCO4)cc(OC)c1O,CHEMBL281268
DEC_4044,decoy,C=C(C(=O)N1C[C@H]2[C@@]3(c4ccccc4)CC[C@H](c4ccccc43)[C@@]2(C(=O)O)C1)c1ccccc1OC,CHEMBL50637
DEC_2043,decoy,Cc1cc(-c2c(F)cc3c(=O)c(Cc4ccc[nH]4)cn(C4CC4)c3c2F)cc(C)n1,CHEMBL7368
DEC_2267,decoy,CCC(C)NCc1ccc2n1-c1ccccc1SC2c1ccc(OC)cc1OC,CHEMBL18988
DEC_1157,decoy,CCOC(=O)/C=C/[C@H](CCC(N)=O)NC(=O)[C@H](Cc1ccccc1)N(C)C(=O)[C@H](CC(C)C)NC(=O)c1cc(C)on1,CHEMBL262675
DEC_1807,decoy,CCc1nc2c(n1Cc1ccc(-n3cccc3-c3nn[nH]n3)cc1)/C(=C/C(=O)O)CCCC2,CHEMBL43540
DEC_0385,decoy,O=S1NC(CC2=Cc3ccccc3CC2)=NO1,CHEMBL17355
DEC_4004,decoy,CCCc1cc2c(=O)n(N)c(SCCCN3CCN(c4ccccc4OC)CC3)nc2s1,CHEMBL275442
DEC_2827,decoy,CC(C)N(CCC1(c2ccc(-c3ccccc3)cc2)C(=O)NCN2CCCCC21)C(C)C,CHEMBL24483
DEC_1373,decoy,CCCc1ccc(C(=O)c2c(SC)cc(CC(=O)O)n2C)cc1,CHEMBL279082
DEC_4238,decoy,COc1cc([C@@H]2c3cc4c(cc3[C@@H](NS(=O)(=O)N3CCCCC3)[C@H]3COC(=O)[C@H]23)OCO4)cc(OC)c1O,CHEMBL80566
ACT_047,active,Cc1cc(C(=O)N[C@@H]2[C@H]3Oc4ccc(Oc5ccnc6c5CCC(=O)N6)cc4[C@@H]23)ccc1CO,CHEMBL5945719
DEC_1137,decoy,CCc1nc2c(C)cc(C)nc2n1Cc1cc(I)c(O)c(I)c1,CHEMBL291358
DEC_2733,decoy,O=C(c1cc2ccccc2[nH]1)c1cc2cc(OC(=O)c3ccccc3C(=O)c3ccccc3)ccc2[nH]1,CHEMBL6867
DEC_3555,decoy,O=C(Nc1ccc(C[C@H](NC(=O)[C@@H]2C3CCC(CC3)N2S(=O)(=O)c2cccs2)C(=O)O)cc1)c1c(Cl)cccc1Cl,CHEMBL422528
DEC_3481,decoy,COc1ccc(-c2nc(/N=C(\N)NC3CCCCC3)sc2-c2ccc(OC)cc2)cc1,CHEMBL273342
DEC_0865,decoy,CCN1C(=O)c2c(nc(C(N)=O)n2Cc2ccc(O)cc2)N2C1=N[C@@H]1CCC[C@@H]12,CHEMBL280624
DEC_3511,decoy,C=C(C)[C@]12C[C@@H](C)[C@@]34OC(Cc5ccccc5)(O[C@@H]1[C@@H]3C=C(C/N=C(\S)Nc1ccc(O)c(OC)c1)C[C@]1(O)C(=O)C(C)=C[C@@H]41)O2,CHEMBL285922
DEC_0969,decoy,Cc1nc(-c2cc(C)c(OCCCc3cc(C(F)(F)F)no3)c(C)c2)no1,CHEMBL418030
ACT_028,active,CC[C@H](C)[C@@H](CO[C@@H](Cc1ccccc1)C(=O)N[C@@H](CCS(C)(=O)=O)C(=O)OC(C)C)NC[C@@H](N)CS,CHEMBL1221512
DEC_3921,decoy,CC(=O)c1ccc2c(c1)[C@@]13CCCC[C@H]1[C@@H](C2)N(CC1CC1)CC3,CHEMBL18557
DEC_1226,decoy,CN(CC#CCCC1(C2(O)c3ccccc3Sc3ccccc32)SCCCS1)CCCCc1ccccc1,CHEMBL290539
DEC_2085,decoy,CC(C)Nc1cccnc1N1CCN(C(=O)c2cc3cc(N(C)S(C)(=O)=O)ccc3[nH]2)CC1,CHEMBL34542
DEC_0476,decoy,O=c1c2c(oc(O)c1C(c1cccc(NS(=O)(=O)c3ccc(Br)cc3)c1)C1CC1)CCCCCC2,CHEMBL16328
DEC_4244,decoy,COc1cc([C@@H]2c3cc4c(cc3[C@@H](NC(=O)c3ccccc3F)[C@H]3COC(=O)[C@H]23)OCO4)cc(OC)c1O,CHEMBL440785
DEC_0291,decoy,CCCCc1nc(Cl)c(CC(=O)OC)n1Cc1ccc(NC(=O)CCC(=O)O)cc1,CHEMBL280800
DEC_3828,decoy,O=C(O)c1ccc(C2=N[C@@H](C(=O)O)CS2)c(O)c1,CHEMBL11284
DEC_4526,decoy,CCOc1cc(COc2ccc3c(c2)NCCN([C@H](CCCC(=O)OC)C(=O)NO)S3(=O)=O)cc(OCC)c1,CHEMBL299997
DEC_2195,decoy,CC[C@H]1Nc2cc3nc(O)cc(C(F)(F)F)c3cc2CC1(CC)CC,CHEMBL267471
DEC_3912,decoy,O[C@H](COc1ccccc1)CN1CCC(Oc2ccccc2)CC1,CHEMBL282323
DEC_4330,decoy,N#Cc1ccc(Cn2cncc2CN2CCN(c3cccc(Cl)c3)C(=O)C2)cc1Sc1ccccc1,CHEMBL439917
DEC_1561,decoy,CCSc1ccnc(C[S+]([O-])c2nc3ccccc3n2CSc2ccccc2)c1C,CHEMBL9829
DEC_0619,decoy,CCCc1c(OCCCCCOc2cc3c(cc2C(C)=O)CCC(C(=O)O)O3)ccc(C=O)c1O,CHEMBL54392
DEC_0692,decoy,CN(C)CC(c1ccccc1)c1nnc2n1-c1ccc(I)cc1C(c1ccccc1)=NC2,CHEMBL16470
DEC_3258,decoy,CC(C)CCCC(C)C1CCC2C3CC(CI)C4=C(CCC(O)C4)C3CCC12C,CHEMBL39514
DEC_1281,decoy,CCCCc1nc2cc(C3=NNC(=O)CC3C)ccc2n1Cc1ccc(-c2ccccc2-c2nn[nH]n2)cc1,CHEMBL24550
DEC_3238,decoy,CC(=O)c1cc2c(s1)[C@@H](NC(=O)c1ccc(F)c(F)c1)[C@H](O)C(C)(C)O2,CHEMBL29667
DEC_2418,decoy,COC(=O)C1=CNC(C)C2CN3CCc4c([nH]c5ccccc45)[C@@H]3C[C@H]12,CHEMBL278038
DEC_0954,decoy,Cc1cc(CCCOc2c(C)cc(-c3noc(CC(F)(F)F)n3)cc2C)on1,CHEMBL28454
DEC_1780,decoy,COc1ccccc1CC(=O)N1C[C@H]2[C@@]3(c4ccccc4)CC[C@](O)(c4ccccc43)[C@@]2(C(=O)O)C1,CHEMBL52146
DEC_2193,decoy,Clc1ccc2c(c1)[C@H]1NCC[C@H]1[C@H](c1c[nH]c3ccc(Cl)cc13)N2,CHEMBL284875
DEC_3826,decoy,CC(C)(C)/N=c1\c(O)c(O)\c1=N/Cc1ccncc1,CHEMBL20186
DEC_0362,decoy,Nc1nc(N)c2c(n1)CCC(CC1CCCO1)C2,CHEMBL7170
DEC_0690,decoy,CCn1c(/C=C/C=C2/N(C)c3ccccc3C2(C)C)[n+](CC)c2nc3cc(Cl)c(Cl)cc3nc21.[Cl-],CHEMBL301168
DEC_2627,decoy,N#CN/C(=N/C1CCCCC1)Nc1cccc(/C(=C\CCCC(=O)O)c2cccnc2)c1,CHEMBL282884
DEC_1818,decoy,CN1C[C@H](C(=O)Nc2ccc(Cl)nn2)C[C@@H]2c3ccc(C(C)(C)C)c4[nH]cc(c34)C[C@H]21,CHEMBL14089
DEC_2223,decoy,O=C(CC(=O)NC1CCOC1=O)Cc1ccc(Br)cc1,CHEMBL16191
DEC_0450,decoy,CN1c2c(Cl)cccc2CC1C1=NCCN1,CHEMBL41224
DEC_2381,decoy,CC1(C)C=C(n2ccccc2=O)c2cc(S(=O)(=O)Nc3ccccc3)ccc2O1,CHEMBL12339
DEC_2378,decoy,CCc1c2c(nc3cnc(C#N)cc13)-c1cc3c(c(=O)n1C2)COC(=O)[C@]3(O)CC,CHEMBL13787
DEC_1762,decoy,CC1(C)C2CCC1(CS(=O)(=O)N1CCC3(CCc4ccccc43)CC1)C(NC(=O)C1CCCNC1)C2,CHEMBL277400
DEC_1066,decoy,CC(C)(C)/N=c1\c(O)c(O)\c1=N/CCc1ccc(C#N)cc1,CHEMBL20072
DEC_1273,decoy,C=C(CC[C@H](O)[C@@]1(C)CC[C@H](C(C)(C)O)O1)[C@H]1CC[C@H]2O[C@@H]([C@]3(C)CC[C@@H](C(C)(C)OC)O3)CC[C@]2(C)O1,CHEMBL280735
DEC_0340,decoy,COc1cc2c(cc1OC)C(C)=[N+]([O-])C(c1ccc(C)cc1)N2,CHEMBL281984
DEC_2133,decoy,C[C@@H](n1cnc2cc(-c3ccc(C(=N)NO)cc3)sc2c1=O)[C@](O)(Cn1cncn1)c1ccc(F)cc1F,CHEMBL53395
ACT_038,active,OC[C@@H](Nc1ncnc2sc3c(c12)CCCC3)c1ccccc1,CHEMBL1271950
DEC_0054,decoy,Brc1cnc(NC23CC4CC(CC(C4)C2)C3)nc1,CHEMBL278460
DEC_4518,decoy,CC(C)c1ccc(S(=O)(=O)N[C@@H](CNC(=O)c2ccc(CCC(=O)NC3=NCCCN3)s2)C(=O)O)cc1,CHEMBL60788
DEC_0664,decoy,Brc1cccc(Br)c1N(CC1CC1)C1=NCCCN1,CHEMBL20013
DEC_3592,decoy,CCCCOC(=O)N[C@@H](CCC(=O)N1CCC2(CC1)CCN(c1ccncc1)CC2)C(=O)O,CHEMBL26550
DEC_3895,decoy,CCCc1cc(Cc2cnc(N)nc2N)cc(CCC)c1OC,CHEMBL26337
DEC_0049,decoy,COc1ccc2c3c1OC1[C@H](O)[C@](CO)(CCc4ccccc4)CC4C(C2)N(CC2CC2)CCC341,CHEMBL9641
DEC_0621,decoy,CC(=O)OCCCNC(=O)c1ccccc1SSc1ccccc1C(=O)NCCCOC(C)=O,CHEMBL48601
DEC_1612,decoy,Nc1nc2c(cnn2CCc2ccccc2)c2nc(-c3ccc(O)cc3)nn12,CHEMBL279975
DEC_2521,decoy,CN1Cc2sc(Cl)cc2C(c2ccc(Br)cc2)C1,CHEMBL275396
DEC_3203,decoy,CC(C)NCC(O)COc1ccc(/C=C/CO)cc1Br,CHEMBL276751
DEC_4458,decoy,CC(=O)Nc1ccc2ccc(S(=O)(=O)Nc3onc(C)c3C)cc2c1,CHEMBL28751
DEC_0267,decoy,CCN(CCCN)CCCNc1nccc2c(C)c3[nH]c4ccc(OC)cc4c3cc12,CHEMBL277020
DEC_0143,decoy,COC(=O)c1[nH]c2c(O)cc(NC(=O)c3cc4cc(NC(=O)c5cc6ccccc6o5)ccc4[nH]3)c(CCCl)c2c1C(=O)OC,CHEMBL183747
DEC_2408,decoy,C=C1/C=C(\C)[C@H](CC)OC(=O)[C@@H](C)C(=O)[C@@](O)(CO)C/C(OC)=C/[C@@H](C)C1,CHEMBL431117
DEC_4155,decoy,CCC1CCN(C=O)c2cc3nc(O)cc(C(F)(F)F)c3cc21,CHEMBL27372
DEC_1077,decoy,CC(=O)c1cc2c(s1)[C@@H](NC(=O)c1ccco1)[C@H](O)C(C)(C)O2,CHEMBL28020
DEC_0717,decoy,CC1(C)C2CCC1(CS(=O)(=O)N1CCC3(CCc4ccccc43)CC1)C(NC(=O)C1CN3CCC1CC3)C2,CHEMBL283746
DEC_4287,decoy,Cc1cc(C)cc(-c2[nH]c3ccccc3c2CCNCCCCc2ccc(NS(C)(=O)=O)cc2)c1,CHEMBL11149
DEC_3324,decoy,Clc1nc(C#Cc2ccccc2)c2ncn(Cc3ccccc3)c2n1,CHEMBL18677
DEC_1567,decoy,COc1ccc2c3c1OC1[C@H]4OC[C@@]4(CCc4ccccc4)CC4C(C2)N(CC2CCC2)CCC341,CHEMBL441407
DEC_0547,decoy,CN[C@H]1CC[C@@H](c2ccc(Cl)cc2)c2ccccc21,CHEMBL36714
DEC_3507,decoy,CO/C1=C\C(C)=C\[C@@H](C)[C@@H](O)[C@@H](C)C/C(C)=C/C=C/[C@H](OC)[C@@H]([C@@H](C)[C@@H](O)[C@H](C)[C@@]2(O)CC(=O)[C@H](C)[C@@H](C(C)C)O2)OC1=O,CHEMBL55168
DEC_2427,decoy,Cc1cccc(Cl)c1NN=C1CCC(C)n2c1ncc(C(=O)O)c2=O,CHEMBL275460
DEC_3417,decoy,COC(=O)c1c(C(F)(F)F)[nH]c2c(O)cc3c(c12)[C@H](CCl)CN3C(=O)c1cc2c(OC)c(OC)c(OC)cc2[nH]1,CHEMBL34827
DEC_3516,decoy,CCNc1cccnc1N1CCN(CC(=O)[C@H]2[C@H](C)CC3C4CCC5=CC(=O)C=C[C@]5(C)C4=CC[C@@]32C)CC1.O=C(O)/C=C/C(=O)O,CHEMBL275878
DEC_4035,decoy,CCn1ncc2c(NCc3ccc(OC)c(Cl)c3)c(C(=O)NCc3ccncc3)cnc21,CHEMBL7868
DEC_3568,decoy,Cc1oc(-c2ccccc2)nc1CCC(O)c1ccc(CCCC2OC(=O)NC2=O)cc1,CHEMBL290639
DEC_4310,decoy,COc1ccccc1C(=O)NC[C@]1(c2ccccc2)CC[C@@H](OC(=O)NCc2ccccc2)CC1,CHEMBL16746
DEC_2935,decoy,CN(CCc1ccc2c(c1)OCO2)C[C@@H]1CC[C@H]2CCOc3cccc1c32,CHEMBL10317
DEC_0854,decoy,CC1=C(C(=O)O)N2C(=O)C(NC(=O)CCON=C3CCCCC3)C2SC1,CHEMBL31810
DEC_3249,decoy,CC1CC/C(=N\Nc2cccc(C(F)(F)F)c2)c2ncc(C(=O)O)c(=O)n21,CHEMBL14788
DEC_3376,decoy,C[C@@H]1CN(C(=O)N2Cc3c(C(=O)OC(C)(C)C)ncn3-c3ccccc32)C[C@H](C)N1C,CHEMBL14847
DEC_2247,decoy,CN1CCN(c2cc3c(cc2F)c(=O)c(C(=O)O)cn3N(C)C)CC1,CHEMBL13004
DEC_0894,decoy,CCCc1cc(=O)oc2c(C(=O)[C@H](C)[C@H](C)O)c(O)c3c(c12)OC(C)(C)C=C3,CHEMBL7242
DEC_3542,decoy,COC(=O)c1cccc(CN2C(=O)N(Cc3cccc(-c4cc[nH]n4)c3)[C@H](Cc3ccccc3)[C@H](O)[C@@H](O)[C@H]2Cc2ccccc2)c1,CHEMBL64300
DEC_0348,decoy,O=C(O)Cc1c(C(=O)O)[nH]c2ccc(Br)cc12,CHEMBL434007
DEC_2896,decoy,COc1ccc(N2C[C@H](CN3CCC(O)(c4ccc5c(c4)OC4(CCCC4)O5)CC3)OC2=O)cc1,CHEMBL47279
DEC_1013,decoy,COc1ccc2c(c1)c(Cc1nc(-c3cccc([N+](=O)[O-])c3)cs1)c(C)n2C(=O)c1ccc(Cl)cc1,CHEMBL24144
DEC_1011,decoy,COc1ccc2c(c1)c(Cc1nc(-c3ccc(F)cc3F)cs1)c(C)n2C(=O)c1ccc(Cl)cc1,CHEMBL448426
DEC_3480,decoy,Cc1cc(SC2=C(O)O[C@](CCc3ccc(N)cc3)(C(C)C)CC2=O)c(C(C)(C)C)cc1CO,CHEMBL285759
DEC_4510,decoy,CCCOC(=O)c1sc(C(C)(C)C)cc1NC(=O)Nc1ccc(C)cc1,CHEMBL278275
DEC_4256,decoy,COc1cc([C@@H]2c3cc4c(cc3[C@@H](NC(=O)c3cccc(F)c3)[C@H]3COC(=O)[C@H]23)OCO4)cc(OC)c1O,CHEMBL32053
DEC_1863,decoy,C[N+](C)([O-])CCC=C1c2ccccc2CCc2ccccc21,CHEMBL627
DEC_0951,decoy,Cc1cc(-c2c(F)cc3c(=O)c(Cc4ncc[nH]4)cn(C4CC4)c3c2F)cc(C)n1,CHEMBL8063
DEC_3919,decoy,C=C(C)c1cccc2c(S(=O)(=O)Nc3onc(C)c3C)cccc12,CHEMBL281942
DEC_1319,decoy,CCN(CC)Cc1ccc(C(=O)OCC(=O)[C@@]2(O)CCC3C4CCC5=CC(=O)CCC5(C)C4C(O)CC32C)cc1,CHEMBL311170
DEC_2336,decoy,C=C1C[C@@]23O[C@]2(c2ccccc21)C1CC(OC(=O)[C@H](O)[C@@H](NC(=O)CCC2CCCC2)c2ccccc2)C3(C)C1(C)C,CHEMBL31446
DEC_3570,decoy,COc1ccc(C(c2ccc(C(C)C)cc(=O)c2O)c2oc(CO)cc(=O)c2O)cc1,CHEMBL18616
DEC_4389,decoy,CCCCc1nc2ccc(SC)cc2c(=O)n1Cc1ccc(-c2ccccc2-c2nn[nH]n2)cc1,CHEMBL282746
DEC_3071,decoy,O=C(NCC1CCC(C(=O)NO)CC1)NC12CC3CC(CC(C3)C1)C2,CHEMBL285793
DEC_2825,decoy,CCCCc1nn(C(C)C)c(C(=O)O)c1Cc1ccc(-c2ccccc2-c2nn[nH]n2)cc1,CHEMBL21946
DEC_2916,decoy,CCC(=O)N(c1cc(Cl)c(Cl)c(Cl)c1)C1CCCC1N(C)C,CHEMBL21984
DEC_3239,decoy,CC1CCC(/C=N/c2ccc3ccccc3c2)=C2NC=C(C(=O)O)C(=O)N21,CHEMBL283771
DEC_4317,decoy,CC1CC2C3CCC4=CC(=O)C=CC4(C)[C@@]3(Cl)C(Cl)CC2(C)[C@@]1(OC(=O)c1ccco1)C(=O)CF,CHEMBL275439
DEC_2579,decoy,c1ccn(Nc2ccc(Nn3cccc3)cc2)c1,CHEMBL282648
DEC_3000,decoy,C[C@H]1[C@@H](OCc2ccc(C(=O)O)cc2)O[C@@H]2O[C@@]3(C)CC[C@H]4[C@H](C)CC[C@@H]1[C@@]24OO3,CHEMBL277015
DEC_1021,decoy,C[C@H](NC(=O)c1c(CN2CCC(N3CCCCC3)CC2)c(-c2ccccc2)nc2ccccc12)C1CCCCC1,CHEMBL47739
DEC_1329,decoy,CC(C)(C)C1CS(=O)(=O)C(c2cc([N+](=O)[O-])cc(Br)c2O)S(=O)(=O)C1,CHEMBL29200
DEC_1866,decoy,CN1CC=C(c2c[nH]c3ccc(Br)cc23)CC1,CHEMBL27227
DEC_4153,decoy,COc1ccc([C@H]2OC3=CC(=O)C=CC3(OC)[C@@H]2C)cc1OC,CHEMBL30776
DEC_1903,decoy,COP(=O)(CC1OC(C)(C)C(C)(C)O1)OC,CHEMBL19632
DEC_3554,decoy,Cn1nnnc1-c1ccc(CC2(C(=O)N[C@@H](Cc3ccc(NC(=O)c4c(Cl)cccc4Cl)cc3)C(=O)O)CCCC2)cc1,CHEMBL79538
DEC_1084,decoy,Cc1cn([C@H]2C[C@H](O)[C@](CO)(N=[N+]=[N-])O2)c(=O)[nH]c1=O,CHEMBL276563
DEC_1120,decoy,C=C1[C@@H](CO)[C@H](O)C[C@H]1n1cnc2c(O)nc(N)nc21,CHEMBL440792
DEC_0822,decoy,CCCc1cc(=O)oc2c3c(c4c(c12)OC(C)(C)C=C4)O[C@H](CC)[C@@H](C)[C@@H]3O,CHEMBL7840
DEC_4397,decoy,O=S(=O)(c1cccs1)N1Cc2ccccc2N(Cc2c[nH]cn2)C(CCc2ccccc2)C1,CHEMBL266958
DEC_3892,decoy,Cc1cc(CCCOc2c(C)cc(-c3noc(C4CC4)n3)cc2C)on1,CHEMBL28534
DEC_0910,decoy,CC(C)(C)c1cc(-c2nsc(NS(C)(=O)=O)n2)cc(C(C)(C)C)c1O,CHEMBL279608
DEC_0688,decoy,CCCCO[C@]1(C)CCN2CC34CC5(C(=O)Nc6c5ccc5c6OC=CC(C)(C)O5)C(C)(C)C3CC21C(=O)N4C,CHEMBL291158
DEC_3228,decoy,CC1(C)Oc2cc([N+](=O)[O-])sc2[C@@H](NC(=O)c2ccccc2)[C@@H]1O,CHEMBL28995
DEC_0983,decoy,CCN(CC)CC#CCCC1(C2(O)c3ccccc3Sc3ccc(Cl)cc32)SCCCS1,CHEMBL41575
DEC_1352,decoy,CC(=O)Oc1cc(OC(C)=O)c2c(c1)C(=O)c1cc(CBr)cc(OC(C)=O)c1C2=O,CHEMBL40230
DEC_2138,decoy,COc1cc([C@@H]2c3cc4c(cc3[C@@H](NCc3ccc(F)cc3)[C@H]3COC(=O)[C@H]23)OCO4)cc(OC)c1O,CHEMBL285630
DEC_1303,decoy,Nc1nccc2ccc(OCC(c3ccccc3)N3Cc4cc(-c5ccccc5S(N)(=O)=O)ccc4C3=O)cc12,CHEMBL296334
DEC_2084,decoy,CC(C)(N)C(=O)N[C@H](Cc1c[nH]c2ccccc12)C(=O)N1CCC2(CC1)Cc1ccccc1C2O,CHEMBL13891
DEC_3355,decoy,CCn1c(=O)n(Cc2nc3ccccc3n2CCC(C)C)c2ccccc21,CHEMBL14980
DEC_0610,decoy,CC(=O)CC1C[C@@H](CCCCCCCC#C[C@@H](O)COCCOC[C@@H](O)c2ccccc2)OC1=O,CHEMBL28895
DEC_1186,decoy,C[C@]12C=CC(=O)C=C1CC[C@@H]1[C@@H]2C(=O)C[C@@]2(C)[C@H]1CC[C@]2(O)C(=O)CO,CHEMBL635
DEC_2673,decoy,CCOC(=O)CCCCO/N=C(\c1cccnc1)c1cccc(CN2CCN(C(=O)C3CSC(c4cccnc4)N3)CC2)c1,CHEMBL114843
DEC_4471,decoy,O=C(NO)C(NCc1cccc(C(F)(F)F)c1)c1cccc2ccccc12,CHEMBL30051
DEC_4079,decoy,Cc1ccc(S(=O)(=O)Nc2cccc(C(c3c(O)c4c(oc3=O)CCCCCC4)C3CC3)c2)cc1,CHEMBL279580
DEC_3061,decoy,CCCCc1nc2ccc(-c3ccccn3)cc2c(=O)n1Cc1ccc(-c2ccccc2-c2nn[nH]n2)cc1,CHEMBL25313
DEC_0750,decoy,OC1CCCCC1N1CCC(C2CCCCC2)CC1,CHEMBL21309
DEC_2025,decoy,Clc1ccc(C2(Cn3ccnc3)OCC(c3ccccc3Cl)O2)c(Cl)c1,CHEMBL280815
DEC_0466,decoy,CC(C)(C)c1ccc(S(=O)(=O)Nc2cccc(C(c3c(O)c4c(oc3=O)CCCCCC4)C3CC3)c2)cc1,CHEMBL440092
DEC_0156,decoy,C[C@H](N)Cc1c2c(c(C(F)(F)F)c3c1OCC3)OCC2.Cl,CHEMBL268542
DEC_3221,decoy,C/C(=C1/SC(N=C(N)N)=NC1=O)c1cc(C(C)(C)C)c(O)c(C(C)(C)C)c1,CHEMBL278246
DEC_3264,decoy,O=C(NC1CCN(C/C2=C/CCCCCC2)CC1)C1c2cc(Cl)ccc2Oc2ccc(Cl)cc21,CHEMBL33639
DEC_1581,decoy,CCCC[C@]1(CO)CC2C3Cc4ccc(OC)c5c4C2(CCN3C)C(O5)[C@@H]1O,CHEMBL276886
DEC_2293,decoy,CCC(CC)=C(c1cc(Cl)ccc1OCc1ccc(Cl)cc1)n1cncn1,CHEMBL30105
DEC_1592,decoy,CSc1nc(COC(=O)NC(C)C)c(COC(=O)NC(C)C)n1C,CHEMBL22939
DEC_0521,decoy,CCCCNCc1ccc(Cl)c(C(F)(F)F)c1.Cl,CHEMBL274079
DEC_1616,decoy,c1ccc2c(c1)CCC(COc1ccc(OCCCc3nnn[nH]3)cc1)N2,CHEMBL17803
DEC_1185,decoy,CC12C=CC(=O)C=C1CCC1C2C(=O)CC2(C)C1CC[C@]2(O)C(=O)CO,CHEMBL15720
DEC_4274,decoy,CC(C)CCC[C@@H](C)[C@H]1CC[C@H]2[C@@H]3CC=C4C[C@@](O)(C(=O)NCCN(C)C)CC[C@]4(C)[C@H]3CC[C@]12C,CHEMBL279189
DEC_2591,decoy,CSc1cccc2[nH]cc(CCN(C)C)c12,CHEMBL285355
DEC_0682,decoy,C#CCO[C@]1(C)CCN2CC34CC5(C(=O)Nc6c5ccc5c6OC=CC(C)(C)O5)C(C)(C)C3CC21C(=O)N4C,CHEMBL40361
DEC_4199,decoy,CN(C)CC(=O)N1c2ccccc2N(C)S(=O)(=O)c2ccc(Cl)cc21,CHEMBL283632
DEC_0030,decoy,CC(C)OC(=O)N1Cc2ccccc2C[C@H]1C(=O)N[C@H](C(=O)c1nnc(C(C)(C)C)o1)C(C)C,CHEMBL26223
DEC_0893,decoy,CSc1sc(C(=N)N)cc1-c1nc(-c2ccc3c(c2)OCCO3)cs1,CHEMBL285325
DEC_0506,decoy,CC1=C(/C=C/C(C)=C\C=C\C(C)=C\C(=O)O)C(C)(C)CCC1,CHEMBL705
DEC_2886,decoy,COc1ccc(C2(O)OC(=O)C(c3ccc4c(c3)OCO4)=C2Cc2ccc(SC)cc2)cc1,CHEMBL10636
DEC_2048,decoy,Clc1ccc(C2(Cn3ccnc3)OCC(c3ccc(Cl)cc3Cl)O2)cc1,CHEMBL416568
DEC_0599,decoy,O=C(NC(C(=O)NCC1CCN(C2CCCC2)CC1)c1ccc2ccccc2c1)c1ccc2c(Cl)c[nH]c2c1,CHEMBL305740
DEC_1868,decoy,C[C@]12CCC(=O)C=C1CC[C@@H]1[C@@H]2CC[C@]2(C)C(=O)CC[C@@H]12,CHEMBL274826
DEC_4522,decoy,C#CCONC(=O)O[C@H]1[C@@H](O)[C@H](Oc2ccc3c(=O)c(/C(C)=N/OC)c(O)oc3c2C)O[C@@](C)(CC=C)[C@@H]1OC,CHEMBL295757
DEC_0833,decoy,CCC[C@@H]1C[C@H](NCC)c2cc(S(N)(=O)=O)sc2S1(=O)=O,CHEMBL415964
DEC_0988,decoy,COc1cc(C(C)(C)C)c(OC(=O)NS(=O)(=O)Oc2c(C(C)C)cccc2C(C)C)c(C(C)(C)C)c1,CHEMBL24891
DEC_1844,decoy,COc1cc([C@@H]2c3[nH]c4cc5ccccc5cc4c3C[C@H]3COC(=O)N32)cc(OC)c1O,CHEMBL10775
DEC_2618,decoy,N#CN/C(=N/C1CCCCC1)Nc1ccc(/C(=C\CCCC(=O)O)c2cccnc2)cc1,CHEMBL277619
DEC_1161,decoy,CC(C)[C@H](NC(=O)CCc1ccccc1)C(=O)N[C@@H](C)C(=O)NC(CC(=O)O)C(=O)COC(=O)CCc1ccccc1,CHEMBL61453
DEC_3723,decoy,Cc1cn(C2C=CC(COP(=O)(NC(C)C(=O)OCCc3ccccc3)Oc3ccccc3)O2)c(=O)[nH]c1=O,CHEMBL540708
DEC_0349,decoy,CN1CC2(CCN(CCc3c[nH]c4ccccc34)CC2)OC1=O,CHEMBL24522
DEC_1257,decoy,CCCc1ccc(S(=O)(=O)Nc2cccc(C(c3c(O)c4c(oc3=O)CCCCCC4)C3CC3)c2)cc1,CHEMBL16386
DEC_1409,decoy,CCCCC1NC(=O)OC12CCN(CCc1c[nH]c3ccccc13)CC2,CHEMBL283187
ACT_069,active,CN1C(=O)[C@@H](N2CCc3cn(CC4CCS(=O)(=O)CC4)nc3C2=O)COc2ccccc21,CHEMBL4097778
DEC_1846,decoy,O=C(Nc1nc2cc(Cl)ccc2o1)c1cc(Br)cc(Br)c1O,CHEMBL21532
DEC_1128,decoy,Nc1nc(Cl)c2ncn(C3CC(CO)C(O)C3O)c2n1,CHEMBL278297
DEC_4562,decoy,CCOC(=O)CNC(=O)C(CSC(=O)N(O)c1ccc(Cl)cc1)NC(=O)CCC(N)C(=O)OCC.Cl,CHEMBL50685
DEC_2081,decoy,CC#CCOc1ccc(S(=O)(=O)N(C)c2c(C(=O)NO)cnc3snc(C)c23)cc1,CHEMBL417144
DEC_1988,decoy,COc1ccc(NS(=O)(=O)c2sc3ccc(Cl)cc3c2C)cc1N1CCNCC1,CHEMBL431298
DEC_1978,decoy,Cn1cnc(S(=O)(=O)Nc2cccc([C@H](c3c(O)c4c(oc3=O)CCCCCC4)C3CC3)c2)c1,CHEMBL418171
DEC_4414,decoy,COc1ccccc1N1CCN(CCCCCCN2c3cccc4cccc(c34)S2(=O)=O)CC1,CHEMBL12908
DEC_3341,decoy,N=c1sc2ccccc2n1CCN1CCC(c2ccc(F)cc2)CC1,CHEMBL405225
DEC_1510,decoy,Cc1cc(C)cc(-c2[nH]c3ccc(C(C)(C)C(=O)N4C5CCC4CC5)cc3c2CCN(CCCCc2ccncc2)C(C)C)c1,CHEMBL264193
DEC_0566,decoy,CC(C)NC(=O)N[C@@H](c1ccccc1)[C@@H](O)C(=O)OC1CC2C(C)(C)C1(C)[C@@]13C[C@H](C)c4ccccc4[C@@]21O3,CHEMBL31680
DEC_4203,decoy,Cc1nnc2n1-c1ccc(I)cc1C(c1ccccc1F)=NC2,CHEMBL20577
DEC_2469,decoy,CO[C@@H]1[C@@H](OC(=O)c2ccc(C)[nH]2)[C@@H](O)[C@H](Oc2ccc3c(O)c(C(=O)CSC)c(=O)oc3c2C)OC1(C)C,CHEMBL294306
DEC_3205,decoy,COc1cc(CNCCCNC(=O)C2=CC(C)(C)NC2(C)C)ccc1O,CHEMBL278878
DEC_2505,decoy,C[C@@H]1OC(=O)[C@H]2C[C@H]3CCCC[C@@H]3[C@@H](/C=C/[C@H]3CCC[C@H](C)N3C)[C@@H]12,CHEMBL277642
DEC_3670,decoy,CCCCN(C)C(=O)[C@H](CC1CCCCC1)NC(=O)[C@@H]1CCCCN1C(=O)[C@@H](O)c1ccccc1,CHEMBL56665
DEC_3336,decoy,CN1CCCCC1C/C=C/C1c2ccccc2Cc2ccccc21,CHEMBL22071
DEC_2028,decoy,CCCCCNc1cccc2c(S(=O)(=O)Nc3onc(C)c3C)cccc12,CHEMBL27299
DEC_1841,decoy,COc1cc([C@@H]2c3[nH]c4c(ccc5ccccc54)c3C[C@H]3COC(=O)N32)cc(OC)c1O,CHEMBL275992
DEC_2840,decoy,CCCCc1oc2ccccc2c1COc1cccc(/C(C)=C/Cn2oc(=O)[nH]c2=O)c1,CHEMBL269254
DEC_4301,decoy,O=C(/C=C/c1ccc(Cl)c(Cl)c1)NCCCCCN1CCC(c2c[nH]c3cc(O)ccc23)CC1,CHEMBL51332
DEC_4520,decoy,C#CCN(c1ccc(C(=O)N[C@@H](CCC(=O)N[C@H](C)C(=O)O)C(=O)O)cc1)C1CCc2cc3nc(C)nc(O)c3cc21,CHEMBL58548
DEC_2233,decoy,CC(C)(C)n1cc(C(=O)O)c(=O)c2cc(F)c(N3CC4CC3CN4)nc21,CHEMBL283387
DEC_3968,decoy,O=S(=O)(N1Cc2ccccc2N(Cc2c[nH]cn2)C(CCc2ccccc2)C1)C(F)(F)F,CHEMBL266556
DEC_1949,decoy,CCCC1(C2=NCCN2)COc2ccccc2O1,CHEMBL9774
DEC_1545,decoy,O=S1(=O)c2cccc3cccc(c23)N1CCCN1CC=C(c2c[nH]c3ccc(Cl)cc23)CC1,CHEMBL429768
DEC_1986,decoy,O=C(NC(=O)c1ccc(C(=O)c2ccccc2)cc1)Nc1cccc(C2CN3CCSC3=N2)c1,CHEMBL295242
DEC_3334,decoy,CCC[C@@H]1CC2C3CCC(=O)C3(C)CCC2C2(C)CCC(=O)C=C12,CHEMBL282673
DEC_3433,decoy,CO/C(O)=C1\C(C)=NC(C)=C(C(=O)OCCCN2C(=O)c3ccccc3S2(=O)=O)C1c1cccc(Cl)c1Cl,CHEMBL311880
DEC_1398,decoy,C[C@@H]1CCCN(CC[C@H](C)N(C)S(=O)(=O)c2cccc3ccccc23)C1,CHEMBL267543
DEC_2185,decoy,C=CCC1Oc2c(C=C)ccc(OC)c2-c2ccc3c(c21)C(C)=CC(C)(C)N3,CHEMBL415309
DEC_2797,decoy,C=C1C[C@@]23O[C@]2(c2ccccc21)C1CC(OC(=O)[C@H](O)[C@@H](NC(=O)OC)c2ccccc2)C3(C)C1(C)C,CHEMBL281282
DEC_1429,decoy,N#Cc1ccc(S(=O)(=O)Nc2ccc(Cl)c3c(Cl)c[nH]c23)cc1,CHEMBL20470
DEC_1514,decoy,COc1ccc2nc3cc(Cl)ccc3c(NCCCCCCNc3c4ccc(Cl)cc4nc4ccc(OC)cc34)c2c1,CHEMBL90496
DEC_2273,decoy,COc1c(C)c(C)c(O)c(C)c1CN(C)CCOc1cc(C)c(O)cc1C(C)C,CHEMBL25300
DEC_0428,decoy,NS(=O)(=O)OC[C@@]12CCCC[C@@H]1CCC2,CHEMBL26301
DEC_0387,decoy,CSc1ccccc1N1C(N)=NC(N)=NC1(C)C,CHEMBL21642
DEC_3177,decoy,CCCCCCS(=O)(=O)c1ccc(Cl)cc1C1NC(=O)NC1=O,CHEMBL18854
DEC_2586,decoy,CCCN1CC[C@H]2c3cccc(O)c3CC[C@H]21,CHEMBL26560
DEC_1745,decoy,CC(C)Oc1cccc(-n2c(NNC(=O)Nc3ccc(C(F)(F)F)cc3)nc3ccccc3c2=O)c1,CHEMBL415965
DEC_1966,decoy,C[C@@H]1CCC2[C@@H](C)[C@@H](OC(CCC(=O)O)c3ccc(F)cc3)O[C@@H]3OC4(C)CC[C@@H]1C23OO4,CHEMBL416397
DEC_4190,decoy,Cc1nnc2n1-c1ccc(I)cc1C(c1ccccc1F)NC2,CHEMBL418370
DEC_3074,decoy,O=C1NCCN1CCN1CCC(c2c[nH]c3ccc(Cl)cc23)CC1,CHEMBL13053
DEC_3656,decoy,CCCCc1nc2ccc(C(O)CO)cc2c(=O)n1Cc1ccc(-c2ccccc2-c2nn[nH]n2)cc1,CHEMBL15283
DEC_3781,decoy,CS(=O)(=O)c1ccc(-c2sc(-c3ccncc3)nc2-c2ccc(F)cc2)cc1,CHEMBL16952
DEC_1385,decoy,C=CCN1C[C@H](C(=O)N(CC)CC)C=C2c3cccc4[nH]cc(c34)C[C@H]21,CHEMBL281787
DEC_0698,decoy,CC(=O)[O-].CCn1c(=O)/c(=C/C=C2\Sc3ccc4ccccc4c3N2C)s/c1=C\c1scc(C)[n+]1CC,CHEMBL431879
DEC_2202,decoy,COc1ccc2[nH]c3c(C)c4ccnc(N5CCCCC5)c4cc3c2c1,CHEMBL279437
DEC_0110,decoy,Nc1nc(N)c(CCCNc2ccc(C(=O)N[C@@H](CCC(=O)O)C(=O)O)cc2)c(O)n1,CHEMBL13659
DEC_2847,decoy,O=S(=O)(c1nc(-c2ccc(Cl)cc2)c(-c2ccc(F)cc2)[nH]1)C(F)(F)C(F)F,CHEMBL17714
DEC_3259,decoy,Cc1[nH]cnc1CN1c2ccccc2CN(Cc2ccc(C(C)(C)C)cc2)CC1CCc1ccccc1,CHEMBL8240
DEC_2236,decoy,CC1(N)CCN(c2nc3c(cc2F)c(=O)c(C(=O)O)cn3C(C)(C)C)C1,CHEMBL26947
DEC_1552,decoy,CC(C)(C)C(=O)c1ccc(C(=O)O/C(=N\OCCO)c2ccc(C(=O)C(C)(C)C)cc2)cc1,CHEMBL296795
DEC_3242,decoy,Nc1nc(N)c2cc(CNC(=O)c3ccc4ccccc4c3)ccc2n1,CHEMBL7347
DEC_3237,decoy,CC(C)(C)n1cc(C(=O)O)c(=O)c2cc(F)c(N3CCNC(CF)C3)cc21,CHEMBL27029
DEC_0449,decoy,Cc1nn(C)c(N)c1C(=O)c1ccccc1F,CHEMBL284983
DEC_1666,decoy,COc1ccc2[nH]c3c(C)c4ccnc(NCCCCN)c4cc3c2c1,CHEMBL19223
DEC_0341,decoy,O=c1[nH]c(=O)c2cc(Sc3ccc4ccccc4c3)ccc2[nH]1,CHEMBL266266
DEC_3317,decoy,CN(C)Cc1ccc2n1-c1ccccc1SC2c1ccccc1,CHEMBL277293
DEC_2099,decoy,O=C(C[C@@H](Cc1ccc(-c2ccccc2Cl)cc1)C(=O)N[C@H]1c2ccccc2C[C@H]1O)NO,CHEMBL268882
DEC_4476,decoy,CC(C)c1cccc(C(C)C)c1OC(=O)NS(=O)(=O)Nc1ccccc1,CHEMBL277914
DEC_3616,decoy,C[C@]12CCC(=O)C=C1NCC1C2CC[C@@]2(C)C1CC[C@@H]2C(=O)NC(c1ccccc1)(c1ccccc1)c1ccccc1,CHEMBL308258
DEC_1928,decoy,CC(C)(C)/N=c1\c(O)c(O)\c1=N/Cc1cccc(F)c1,CHEMBL441956
DEC_1053,decoy,CC(/N=c1\c(O)c(O)\c1=N/c1ccc(-n2ccnc2)cc1)C(C)(C)C,CHEMBL18830
DEC_2272,decoy,CCCCc1oc2ccccc2c1Cc1cccc(/C(C)=C/Cn2oc(=O)[nH]c2=O)c1,CHEMBL267740
DEC_0100,decoy,CSCCC(=O)c1cc(C(C)(C)C)c2c(c1)C(C)(C)CO2,CHEMBL14321
DEC_4490,decoy,Cc1c(C#CCN2CCC(Cc3ccc(F)cc3)CC2)cc2nc(O)[nH]c2c1C,CHEMBL280882
DEC_2948,decoy,CCCCOc1nc(C(Cl)(Cl)Cl)c(Cl)c(OC)c1Cl,CHEMBL274164
DEC_4539,decoy,COc1ccc(S(=O)(=O)N(Cc2ccc3c(c2)OCO3)[C@H](CCC(=O)NCC2CCCCC2)C(=O)NO)cc1,CHEMBL80406
DEC_4149,decoy,CC[C@H]1CC2C(CCC3(C)C(=O)CCC23)C2(C)C=CC(=O)C=C12,CHEMBL8498
DEC_3055,decoy,CC(C)C(c1cccc(NS(=O)(=O)c2ccc(F)cc2)c1)c1c(O)c2c(oc1=O)CCCCCC2,CHEMBL16572
DEC_1511,decoy,CCN(CCCCc1ccncc1)CCc1c(-c2cc(C)cc(C)c2)[nH]c2ccc(C(C)(C)C(=O)N3C4CCC3CC4)cc12,CHEMBL298051
DEC_0269,decoy,CCCCc1nc(C(=O)c2ccc(-c3ccccc3-c3nn[nH]n3)cc2)n(CCCC)n1,CHEMBL415974
DEC_4450,decoy,Cc1cc2c(s1)CCC(CN[C@@H]1CC[C@@H](Oc3ccccc3)[C@H]1O)C2=O,CHEMBL15359
DEC_2484,decoy,CC/C(=C1/N=C(c2ccc(Br)cc2)OC1=O)N1CC[C@H]1C(=O)N[C@@H](Cc1ccc(O)cc1)C(N)=O,CHEMBL59259
DEC_3915,decoy,Cc1ccccc1C(OCC(O)CN1CCCCC1)c1ccccc1C,CHEMBL18283
DEC_1943,decoy,CCC(=O)c1ccc2c(c1)sc(=O)n2C(=O)CC,CHEMBL14553
DEC_1813,decoy,COc1ccc2c(c1NC(=S)NC(=O)c1ccc([N+](=O)[O-])cc1)C(C)(C)COC2(C)C,CHEMBL7212
DEC_2009,decoy,CCNC(=O)/C(C(=O)OCC)=C(C)/C=C/C=C(C)/C=C/C1=C(C)CCCC1(C)C,CHEMBL14299
DEC_1941,decoy,CCc1noc2c(Cl)c3c(cc12)CC(C(=O)O)O3,CHEMBL267652
DEC_0553,decoy,CN(Cc1cccnc1)C1c2ccccc2Oc2ccccc21,CHEMBL19642
DEC_3159,decoy,CC1(C)C=C(C(=O)NCCCNC(=O)Cc2cccs2)C(C)(C)N1,CHEMBL280510
DEC_2290,decoy,CCCC(C)n1c(CC)nc2c(-c3ccc(C(C)OC)cc3Cl)ccnc21,CHEMBL23669
DEC_1242,decoy,[3H]c1cc(OC)c(OC2CCCC2)cc1[C@H](Cc1ccncc1)c1ccc(C(O)(C(F)(F)F)C(F)(F)F)cc1,CHEMBL69519
DEC_0555,decoy,C=C1/C(=C\C=C\[C@@H]2CC[C@](C)(/C=C\CCC(O)(C(F)(F)F)C(F)(F)F)C2(C)C)C[C@@H](O)C[C@@H]1O,CHEMBL289830
DEC_3741,decoy,Clc1ccc([C@H]2OCO[C@]2(Cn2cncn2)c2ccc(Cl)cc2Cl)cc1,CHEMBL10329
DEC_1613,decoy,CC(=O)c1ccc(/N=C/C2=C3NC=C(C(=O)O)C(=O)N3C(C)CC2)cc1,CHEMBL277851
DEC_1474,decoy,CCCCC/C=C/C(=O)O[C@H]1C[C@@H]2[C@H](CCCCC(O)CCC)CCC[C@@H]2N(C(=O)c2ccc(Br)cc2)[C@@H]1C,CHEMBL321083
DEC_1089,decoy,Nc1ccn(C2CSC(CO)(CO)O2)c(=O)n1,CHEMBL19431
DEC_3149,decoy,COc1cc2nc(N3CCN(C(=O)C4OC4c4ccccc4)CC3)nc(N)c2cc1OC,CHEMBL415103
DEC_0297,decoy,CCCCCCCCCC(=O)N[C@H](CN1CCOCC1)[C@H](O)c1ccc2c(c1)OCO2,CHEMBL37501
DEC_0478,decoy,O=c1c2c(oc(O)c1C(c1cccc(NS(=O)(=O)c3cc(Cl)ccc3Cl)c1)C1CC1)CCCCCC2,CHEMBL277336
DEC_0916,decoy,COc1cc2[nH]c(O)nc2cc1C#CCN1CCC(Cc2ccc(F)cc2)CC1,CHEMBL19404
DEC_1742,decoy,O=C(NCc1cccc(CNC(=O)Nc2cc(Cl)cc(Cl)c2)c1)Nc1cc(Cl)cc(Cl)c1,CHEMBL13550
DEC_2969,decoy,CN1CCc2cc(O)c(O)cc2C1Cc1ccc(O)c(O)c1,CHEMBL19844
DEC_0402,decoy,O=S1NC(Cc2cc3cc(F)ccc3o2)=NO1,CHEMBL17880
DEC_1811,decoy,COc1cccc([C@@H]2C/C(=N\NC(=O)C(=O)NC(C)c3ccccc3)c3ccccc3N2)c1,CHEMBL16198
DEC_3485,decoy,CCc1cc(NCc2ccc(-c3ccccc3-c3nn[nH]n3)cc2)c(-c2ccc(C)cc2)c(CC)n1,CHEMBL33403
DEC_3361,decoy,O=C(c1ccc2c(c1)c1c3c(cc4c1n2C(=O)CC4)CNCC3)N1CCOCC1,CHEMBL23620
DEC_0335,decoy,Cc1ccc(Sc2cncc3sc(C(N)=O)cc23)cc1C,CHEMBL267125
DEC_2977,decoy,COC1(c2cc(F)cc(Sc3ccc4c(c3)CC/C4=N\OCC#N)c2)CCOCC1,CHEMBL283654
DEC_2010,decoy,Cc1cc(CCCCCOc2c(Cl)cc(C3=NCCO3)cc2Cl)on1,CHEMBL6594
DEC_3543,decoy,Cc1ccc(NC(=O)c2cccc(CN3C(=O)N(c4cccc(N)c4)[C@H](Cc4ccccc4)[C@H](O)[C@@H](O)[C@H]3Cc3ccccc3)c2)nc1,CHEMBL313357
DEC_0436,decoy,O=C(CC1C=Cc2ccccc2NC1=O)NO,CHEMBL284794
DEC_4066,decoy,Cn1cncc1C(O)(c1ccc(Cl)cc1)c1cc2c3c(c1)c(-c1cccc(Cl)c1)cc(=O)n3CCO2,CHEMBL290833
DEC_1315,decoy,O=C(NC(Cc1ccccc1)C(O)CN1CCCCCCCCCCCOC1=O)O[C@H]1CO[C@H]2OCC[C@H]21,CHEMBL300794
DEC_4540,decoy,NS(=O)(=O)c1ccc(CCNC(=O)CN(CCN(CC(=O)O)c2ccccc2O)c2ccccc2O)cc1,CHEMBL34582
DEC_3738,decoy,CC(=O)S[C@@H]1CC2=CC(=O)CCC2(C)C2CCC3(C)C(CC[C@@]34CCC(=O)O4)C21,CHEMBL30458
DEC_3688,decoy,COC(=O)C[C@](O)(CCCC(C)(C)O)C(=O)O[C@@H]1C(OC)=C[C@]23CCCN2CCc2cc4c(cc2[C@H]13)OCO4,CHEMBL46286
DEC_1294,decoy,C=C1C[C@@]23O[C@]2(c2ccccc21)C1CC(OC(=O)[C@H](O)[C@@H](NC(=O)OC(C)(C)C)c2ccccc2)C3(C)C1(C)C,CHEMBL285944
DEC_0736,decoy,CC(C)(C)c1ccc(N2C(N)=NC(N)=NC2(C)C)cc1,CHEMBL6661
DEC_1803,decoy,Cc1nc2c(n1Cc1ccc(-n3cccc3-c3nn[nH]n3)cc1)/C(=C/C(=O)O)CCCC2,CHEMBL297637
DEC_3479,decoy,Cc1cc(C(=O)c2ccc(Cl)cc2)cc(C(=O)Nc2ccc([N+](=O)[O-])cc2C(F)(F)F)c1O,CHEMBL287613
DEC_1603,decoy,CC1(C)CN1P(=O)(NC(=O)NCCn1ccnc1[N+](=O)[O-])N1CC1(C)C,CHEMBL31756
DEC_1701,decoy,CC(C)c1cccc(C(C)C)c1OC(=O)[N-]S(=O)(=O)Oc1c(C(C)C)cccc1C(C)C.[Na+],CHEMBL25110
DEC_3346,decoy,O=C(NCCc1c2n(c3ccccc13)CCCc1ccccc1-2)C1CCC1,CHEMBL269670
DEC_3800,decoy,CCc1ccc(N2C(N)=NC(N)=NC2(C)C)cc1N,CHEMBL34217
DEC_0199,decoy,C[C@H](c1ccccc1)N1C(=O)c2c(F)c(F)c(F)c(F)c2C1=O,CHEMBL276428
DEC_3039,decoy,CCCCc1cn(-c2ccccc2C(C)C)c(=O)n1Cc1ccc(-c2ccccc2-c2nn[nH]n2)nc1,CHEMBL276002
DEC_1119,decoy,Nc1nc(O)c2ncn([C@@H]3C(F)[C@H](CO)C3CO)c2n1,CHEMBL280393
DEC_2574,decoy,CCCN1[C@H](C)C[C@H]2c3c(O)cccc3CC[C@H]21,CHEMBL278814
DEC_0904,decoy,Nc1nc2c(NCc3ccccc3)cccc2n2c(=O)n(-c3ccccc3)nc12,CHEMBL274274
DEC_1879,decoy,O=C1CCc2cc3c(c4c5c(Cl)cccc5n1c24)CCNC3,CHEMBL24769
DEC_3209,decoy,CC(=O)c1cc2c(s1)[C@@H](NC(=O)c1ccccc1)[C@H](O)C(C)(C)O2,CHEMBL31551
DEC_1087,decoy,CC1CCC(=NNc2nn[nH]n2)c2ncc(C(=O)O)c(=O)n21,CHEMBL14073
DEC_2530,decoy,CCCCC[C@H]1CC2C(CCC3(C)C(=O)CCC23)C2(C)C=CC(=O)C=C12,CHEMBL267668
DEC_1940,decoy,COc1ccc2sc(C(N)=O)c(OC(C)C)c2c1,CHEMBL6248
DEC_0025,decoy,CC(C)C1=CC2CC3(C=O)[C@@H]4CC[C@@H](C)[C@H]4CC2(CO[C@H]2C[C@@H]4OC(=O)O[C@@H]4[C@@H](C)O2)C13C(=O)O,CHEMBL277254
DEC_3528,decoy,Nc1ccc(CN2C(=O)N(Cc3ccc4[nH]ncc4c3)[C@H](Cc3ccccc3)[C@H](O)[C@@H](O)[C@H]2Cc2ccccc2)cc1-n1cccn1,CHEMBL78674
DEC_2244,decoy,C#CCc1c(O)n(Cc2ccccc2)c2nc3c(n2c1=O)C(=O)N(C)CN3C,CHEMBL14385
DEC_0764,decoy,NC1=NC(c2ccccc2)Cc2ccsc21,CHEMBL8106
DEC_0985,decoy,CC(C)c1cccc(C(C)C)c1OS(=O)(=O)NC(=O)Oc1c(C(C)(C)C)cc(C(C)(C)C)cc1C(C)(C)C,CHEMBL282938
DEC_2263,decoy,CCCCc1nn(CC)c(C(=O)O)c1Cc1ccc(-c2ccccc2C(=O)O)cc1,CHEMBL430339
DEC_2905,decoy,C=C1C(=O)c2cc(Br)ccc2OC1c1ccc(Br)cc1,CHEMBL11331
DEC_3708,decoy,COC(=O)C(C)NP(=O)(OCC1C=CC(n2cc(C)c(=O)[nH]c2=O)O1)Oc1cc(Cl)cc(Cl)c1,CHEMBL295461
DEC_0017,decoy,C[C@]12CCC(=O)C=C1CCC1C2=CC[C@@]2(C)C1CC[C@]2(O)C(=O)CN1CCN(CCO)CC1,CHEMBL280509
DEC_3210,decoy,CC(/N=c1\c(O)c(O)\c1=N/c1ccc(OC(F)(F)F)cc1)C(C)(C)C,CHEMBL19421
DEC_4253,decoy,O=C1/C(=C(\O)CS(=O)(=O)Nc2nc3ccc(F)cc3s2)S(=O)(=O)N=C2Sc3cc(F)ccc3N12,CHEMBL50192
DEC_1283,decoy,CCCc1nc(-n2cccc2C(O)C(F)(F)F)c(C(=O)O)n1Cc1ccc(-c2ccccc2-c2nn[nH]n2)cc1,CHEMBL306259
DEC_4415,decoy,CCC(=C(c1cccc(OC(C)=O)c1)c1cccc(OC(C)=O)c1)c1cccc(OC(C)=O)c1,CHEMBL11019
DEC_2672,decoy,COC(=O)C(C)OC(=O)C1(C(=O)OC(C)C(=O)OC)Oc2ccc(C[C@@H](C)NC[C@H](O)c3cccc(Cl)c3)cc2O1,CHEMBL294197
DEC_2279,decoy,C=C(C)CN(CC)C(=O)c1ccc(N(c2ccccc2)[C@@H]2C[C@H]3CC[C@@H](C2)N3C)cc1,CHEMBL13616
DEC_2325,decoy,Cc1ccc2cccc(OCc3c(C)ccc(N(C)C(=O)CCc4ccc(C(=O)c5cccs5)n4C)c3C)c2n1,CHEMBL27461
DEC_0591,decoy,CC[C@H]1CO[C@H]2[C@@H]1C[C@H](OCC13C[C@@H]4[C@H](C)CC[C@H]4C4(C=O)CC1C=C(C(C)C)C34C(=O)O)O[C@@H]2C,CHEMBL295883
DEC_1959,decoy,COc1ccc(NS(=O)(=O)c2sc3ccc(Cl)cc3c2C)cc1N1CCN2CCC[C@@H]2C1,CHEMBL282971
DEC_2702,decoy,CN(Cc1cnc2nc(N)nc(N)c2n1)c1ccc(C(=O)NC(CCC(=O)OCc2cccnc2)C(=O)OCc2cccnc2)cc1,CHEMBL35288
DEC_3415,decoy,CC(=O)OCC(=O)[C@@]1(OC(=O)c2cccs2)[C@H](C)CC2C3CCC4=CC(=O)C=CC4(C)[C@@]3(F)C(O)CC21C,CHEMBL287934
DEC_3691,decoy,CCCC(=O)O[C@H]1C(O)[C@H](OCC23C[C@@H]4[C@H](C)CC[C@H]4C4(C=O)CC2C=C(C(C)C)C34C(=O)O)O[C@H](C)[C@H]1OC,CHEMBL428678
DEC_0413,decoy,Cc1ccc(N2C(N)=NC(N)=NC2(C)C)cc1,CHEMBL7004
DEC_2455,decoy,COC(=O)C(CSc1ccc(C(C)(C)C)cc1)n1c(=O)n2n(c1=O)C(C(=O)NCc1ccc(N)nc1C)C=CC2,CHEMBL33752
DEC_3538,decoy,C[C@](Cc1c[nH]c2ccccc12)(NC(=O)ON1[C@H]2C[C@@H]3C[C@@H](C[C@H]1C3)C2)C(=O)N1C[C@H](Oc2ccc(Cl)cc2)C[C@@H]1CC(=O)O,CHEMBL338252
DEC_0705,decoy,COC(=O)c1c(C(F)(F)F)[nH]c2c1C13CC1CN(C(=O)c1cc4cc(OC)c(OC)c(OC)c4[nH]1)C3=CC2=O,CHEMBL296073
DEC_3144,decoy,COc1ccc(Cn2c(O)c(CC=C(C)C)c(=O)n3c4c(=O)n(C)c(=O)n(C)c4nc23)cc1,CHEMBL276608
DEC_4481,decoy,CC/C1=C(\c2ccccc2)c2ccc(OCC(O)CO)cc2CCc2ccccc21,CHEMBL14898
DEC_4182,decoy,Cc1c2c(cc3c(-c4ccccc4F)noc13)CC(C(=O)O)O2,CHEMBL7640
DEC_4507,decoy,Cc1cc(C(C)(C)C)c(OC(=O)NS(=O)(=O)Nc2ccccc2)c(C(C)(C)C)c1,CHEMBL22667
DEC_1318,decoy,C=C1C[C@@]23O[C@]2(c2ccccc21)C1CC(OC(=O)[C@H](O)[C@@H](NC(=O)CC(C)C)c2ccccc2)C3(C)C1(C)C,CHEMBL283667
DEC_0824,decoy,CC(C)(C)C(=O)Oc1ccc(C(=O)c2ccc(OC(=O)C(C)(C)C)cc2)cc1,CHEMBL10541
DEC_1222,decoy,CN(CC#CCCC1(C(O)(c2ccccc2)c2ccccc2)SCCCS1)CCCc1ccccc1,CHEMBL433628
DEC_2643,decoy,CCCCCCC(=O)O[C@H](CC=C(C)C)C1=CC(=O)c2c(O)ccc(O)c2C1=O,CHEMBL9164
DEC_0575,decoy,C[C@@H]1CC2C3CCC4=CC(=O)C=CC4(C)[C@@]3(F)C(O)CC2(C)[C@@]1(OC(=O)c1ccco1)C(=O)CCl,CHEMBL436548
DEC_3651,decoy,CCCCc1nc2ccn(CC(=O)O)c(=O)c2n1Cc1ccc(-c2ccccc2-c2nn[nH]n2)cc1,CHEMBL42631
DEC_2820,decoy,CCCC/C(=C\Cn1oc(=O)[nH]c1=O)c1cccc(Oc2cc(Cl)cc(Cl)c2)c1,CHEMBL7497
DEC_2023,decoy,[O-][S+](c1nc(-c2ccc(F)cc2)c(-c2ccc(F)cc2)[nH]1)C(F)(F)C(F)F,CHEMBL434003
DEC_0409,decoy,O=C1NC(=O)C2(CCSc3ccccc32)O1,CHEMBL32613
DEC_4180,decoy,Cc1cc(C(c2ccc(C(C)(C)C)cc2)N2CCN(C)CC2)sn1,CHEMBL22095
DEC_4124,decoy,CC1(O)OC(=O)C(c2ccc(Cl)cc2)=C1c1ccc(S(C)(=O)=O)cc1,CHEMBL275664
DEC_1673,decoy,C1CCN(P2(N3CCCC3)=N[P@@](N3CCCC3)(N3CC3)=N[P@](N3CCCC3)(N3CC3)=N2)C1,CHEMBL284206
DEC_2713,decoy,Cc1noc(NS(=O)(=O)c2cccc3c(N=C(c4ccccc4)c4ccccc4)cccc23)c1C,CHEMBL26776
DEC_0646,decoy,CCCN(C/C=C/I)C1CCc2cccc(O)c2C1,CHEMBL284716
DEC_2308,decoy,CC(C)C1=CC2CC3(C=O)[C@@H]4CC[C@@H](C)[C@H]4CC2(CO[C@H]2CN(c4ccc(Cl)s4)[C@H](C)CO2)[C@]13C(=O)O,CHEMBL282179
DEC_3047,decoy,O=c1c2c(oc(O)c1C(c1cccc(NS(=O)(=O)c3ccc(Cl)cc3)c1)C1CC1)CCCCCC2,CHEMBL16234
DEC_0426,decoy,NC1=NC(c2nccs2)Cc2ccccc21,CHEMBL274402
DEC_1312,decoy,Cc1cccc(C(=O)N2CCC(N3CCC(C4(c5ccc(C(=O)NC(C)C)cc5)OCCO4)CC3)CC2)c1N,CHEMBL422763
DEC_2020,decoy,CCCCCC[C@@H]1CC2C(CCC3(C)C(=O)CCC23)C2(C)C=CC(=O)C=C12,CHEMBL266350
DEC_1809,decoy,CC(C)(N)CNC(=O)c1ccc2[nH]c(-c3cc(C(C)(C)C)cc(C(C)(C)C)c3O)nc2c1,CHEMBL290098
DEC_1744,decoy,CC(C)Oc1cccc(-n2c(NNC(=O)Nc3cccc(C(F)(F)F)c3)nc3ccccc3c2=O)c1,CHEMBL8954
DEC_2402,decoy,COc1cc2c3c4c(c(COC(C)=O)c5c3n(c2cc1OC)C(=O)CC5)CNCC4,CHEMBL23800
DEC_1199,decoy,Cc1noc(NS(=O)(=O)c2cccc3ccc(N(C)C)cc23)c1C,CHEMBL287451
DEC_0414,decoy,OC(c1cncnc1)(c1cccs1)C1CC1,CHEMBL28860
DEC_4144,decoy,Nc1nc2c(s1)CN=C(c1ccccc1F)c1cc(Cl)ccc1-2,CHEMBL267706
DEC_3326,decoy,CCO[C@]1(CC)c2cccc3c2-c2c1ccc1c2[C@@H](C3)N(C)CC1,CHEMBL281554
DEC_1578,decoy,N#Cc1ccc(CCCn2ncc3c2nc(N)n2nc(-c4ccco4)nc32)cc1,CHEMBL22191
DEC_2976,decoy,O=C1O[C@H](c2ccc(Cl)cc2Cl)[C@@](Cn2cncn2)(c2ccc(Cl)cc2)O1,CHEMBL275096
DEC_2054,decoy,COc1ccc2c3c1OC1[C@H](O)[C@](CO)(CCc4ccccc4)CC4C(C2)N(C)CCC341,CHEMBL9667
DEC_2519,decoy,CCSc1nnc(-c2cc(C(C)C)c(O)c(C(C)C)c2)s1,CHEMBL276062
DEC_2424,decoy,CC(=O)Nc1c([N+](=O)[O-])cc2c(c1N1CCCCC1)C[C@H](O)C(C)(C)O2,CHEMBL14264
DEC_4214,decoy,Cn1ccc2cc(C(=O)N3CCC(N4C(=O)OCc5ccccc54)CC3)ccc21,CHEMBL287293
DEC_3839,decoy,O=C1Nc2ccc(Cl)cc2C(C#Cc2cncs2)(C(F)(F)F)O1,CHEMBL17901
DEC_0254,decoy,CCCCSc1cc(I)cc(CNCCCN(C)C)c1O,CHEMBL20504
DEC_0432,decoy,CCN1CCOC2c3c(O)cccc3CC[C@H]21,CHEMBL43930
DEC_2160,decoy,C=CCC1Oc2ccc(O)c(Cl)c2-c2ccc3c(c21)C(C)=CC(C)(C)N3,CHEMBL273658
DEC_1815,decoy,CN1C[C@H](C(=O)Nc2ccc(Cl)nn2)C[C@@H]2c3cc(C(C)(C)C)cc4[nH]cc(c34)C[C@H]21,CHEMBL13770
DEC_3834,decoy,CC(O)C1=CCCN(NC(=O)c2ccccc2)C1,CHEMBL11035
DEC_2245,decoy,CC(C)(C)n1cc(C(=O)O)c(=O)c2cc(F)c(N3CC4CC3CN4)cc21,CHEMBL26141
DEC_3963,decoy,COc1cc([C@H]2c3[nH]c4ccccc4c3C[C@H]3C(=O)N4CCC[C@H]4C(=O)N23)cc(OC)c1OC,CHEMBL433630
DEC_3791,decoy,C#Cc1ccc(N2C(N)=NC(N)=NC2(C)C)cc1,CHEMBL284282
DEC_2973,decoy,CC(C)(C)OC(=O)Oc1ccc(C(=O)c2ccc(OC(=O)OC(C)(C)C)cc2)cc1,CHEMBL10228
DEC_2815,decoy,Cc1cc(C(C)(C)C)c(OC(=O)NS(=O)(=O)N(C(C)C)C(C)C)c(C(C)(C)C)c1,CHEMBL281188
DEC_0870,decoy,COC(=O)C(C)(C)NC(=O)C(=O)Nc1ccc(-c2cnco2)c(OC)c1,CHEMBL25027
DEC_3518,decoy,CC(=N)N1CCC(Oc2ccc(N(C/C=C/c3cccc(C(=N)N)c3)C(=O)c3ccc(C(=O)O)c(C(=O)O)c3)cc2C(F)(F)F)CC1,CHEMBL24263
DEC_0724,decoy,O=C(Cc1cc[n+]([O-])cc1)N1CCC(C2c3ccc(Cl)cc3CCc3cc(Br)cnc32)CC1,CHEMBL39153
DEC_3547,decoy,O=C(N/N=C/c1ccc(OCC(=O)N2CCC(O)(c3ccc(Br)cc3)CC2)c2ccccc12)c1ccc(O)c(Cl)c1,CHEMBL154316
DEC_2989,decoy,C=CCC1Oc2ccc(C(=O)OC)c(OC)c2-c2ccc3c(c21)C(C)=CC(C)(C)N3,CHEMBL7843
DEC_1984,decoy,Cc1cc(C)c(NC(=O)c2sccc2S(=O)(=O)Nc2noc(C)c2Cl)c(C)c1CC#N,CHEMBL19661
DEC_1381,decoy,CCCCCc1ccc(C(c2ccns2)N2CCN(C)CC2)cc1,CHEMBL415250
DEC_3112,decoy,CCC(C)(C)/N=c1\c(O)c(O)\c1=N/Cc1c(C)cc(C#N)cc1Cl,CHEMBL278369
DEC_4416,decoy,CC(=O)Oc1cccc2c1Cc1sc(N)nc1-2.I,CHEMBL39388
DEC_1129,decoy,CNc1ncnc2c1ncn2[C@H]1[C@H](O)[C@H](O)[C@]2(CO)C[C@H]12,CHEMBL27009
DEC_1090,decoy,CC(=O)Nc1ccn(C2CSC(CO)(CO)O2)c(=O)n1,CHEMBL27857
DEC_2121,decoy,NCc1cccs1.NS(=O)(=O)c1cc(S(=O)(=O)O)c(NCc2cccs2)cc1Cl,CHEMBL18064
DEC_2153,decoy,C#Cc1cccc2c1-c1ccc3c(c1C(CC=C)O2)C(C)=CC(C)(C)N3,CHEMBL7671
DEC_0166,decoy,O=C1COC(C#CC2CC2)(C(F)(F)F)c2cc(Cl)ccc2N1,CHEMBL32290
DEC_1324,decoy,CC(=O)Oc1ccc2c3c1O[C@H]1[C@H](SC(C)=O)CCC4[C@@H](C2=O)N(CC2CC2)CC[C@@]341,CHEMBL432472
DEC_1210,decoy,CC1CCC(N=Nc2ccccc2C(=O)O)=C2N(C)C=C(C(=O)O)C(=O)N21,CHEMBL14654
DEC_0260,decoy,CCCCc1nc(CCCC)n(Cc2ccc(-n3ccc(-c4nn[nH]n4)c3)cc2)n1,CHEMBL13071
DEC_1724,decoy,C=CC(C)(C)c1[nH]c2ccccc2c1C1=C(O)C(O)=C(c2c[nH]c3c(CC=C(C)C)cccc23)C(=O)C1=O,CHEMBL18879
DEC_0608,decoy,CCCc1c(OCCCSc2ccc(C(=O)CCn3cnnn3)cc2)ccc(C(C)=O)c1O,CHEMBL39139
DEC_2787,decoy,Cc1nnsc1S(=O)(=O)NCCCn1c2c(c3ccccc31)C(=O)CN1CCCCC21,CHEMBL431120
DEC_3521,decoy,Cc1cc(-c2c(O)nc3cc(Cl)c(C(=O)Nc4ccncn4)cc3c2OCC[C@@H]2CCCCN2)ccc1I,CHEMBL48165
DEC_3244,decoy,COC(=O)c1cccn1-c1cc2nc(O)c(O)nc2cc1C(F)(F)F,CHEMBL12896
DEC_0403,decoy,Cc1ccc2occ(CC3=NOS(=O)N3)c2c1,CHEMBL17366
DEC_4277,decoy,O=C(O)CC/C=C/c1c(Cc2cccnc2)ccc2c1CCC(NS(=O)(=O)c1ccc(Cl)cc1)C2,CHEMBL416947
DEC_1912,decoy,COCON1C(=O)C(CC(C)C)=N/C(=C\C(C)C)C1=O,CHEMBL16393
DEC_1070,decoy,CCn1cc(C(=O)O)c(=O)c2cc(F)c(C3=NCCO3)cc21,CHEMBL280408
DEC_2407,decoy,C=C1/C=C(\C)[C@H](CC)OC(=O)[C@H](C)C(=O)[C@@](O)(CO)C/C(OC)=C/[C@@H](C)C1,CHEMBL32773
DEC_0779,decoy,CN1CC=C(c2c[nH]c3ccc(C(C)(C)O)cc23)CC1,CHEMBL286264
DEC_1728,decoy,N/C(=N\c1ccc(Cl)c(Cl)c1)Nc1nc(Nc2ccc(O)c(CN3CCCC3)c2)cc(C(F)(F)F)n1,CHEMBL23587
DEC_0967,decoy,CCN(CC1CC1)c1nc(C)nc(Nc2c(Cl)cc(Cl)cc2Cl)c1C,CHEMBL10154
DEC_4284,decoy,CCCCc1nc(Cl)c(C(=O)O)n1Cc1ccc(NC(=O)[C@H](Cc2cccs2)n2cccc2)cc1,CHEMBL49954
DEC_4384,decoy,COc1ccc(CCCOC(=O)C2CCCCN2C(=O)NC23CC4CC(CC(C4)C2)C3)cc1OC,CHEMBL440799
DEC_4470,decoy,N=C(NC1CC1)c1ccc(-c2ccc(-c3ccc(C(=N)NC4CC4)cc3)o2)cc1,CHEMBL284873
DEC_1486,decoy,Cc1cc(C)cc(-c2[nH]c3ccc(C(=O)O)cc3c2CCN(CCCCc2ccc(O)cc2)C(=O)OCc2ccccc2)c1,CHEMBL47921
DEC_2021,decoy,Clc1ccc([C@@]2(Cn3cncn3)OCO[C@@H]2c2ccc(Cl)cc2Cl)cc1,CHEMBL443230
DEC_4218,decoy,O=C1c2ccccc2[C@@H]2[C@H](C(=O)O)[C@H](C(=O)O)[C@@H]2c2ccc(Br)cc21,CHEMBL286395
DEC_0663,decoy,C/C=C/CN(C1=NCCN1)c1c(Br)cccc1Br,CHEMBL20588
DEC_0007,decoy,CO[C@H]1[C@@H]2O[C@@H]2[C@@H](OCC23C[C@@H]4[C@H](C)CC[C@H]4C4(C=O)CC2C=C(C(C)C)C34C(=O)O)O[C@@H]1C,CHEMBL29128
DEC_4341,decoy,CN(C)C(=O)CSc1ccc(CC2CCN(C3CCN(C(=O)c4cccc5ccccc45)CC3)CC2)cc1,CHEMBL11816
DEC_4523,decoy,CCCCN(CC(=O)O)C(=O)c1ccc(N2CCC(NC[C@H](O)c3ccc(O)c(NS(C)(=O)=O)c3)CC2)cc1,CHEMBL32521
DEC_2983,decoy,CC(=O)c1ccc2c(c1)OCC(CCN1CCC(c3noc4cc(F)ccc34)CC1)O2,CHEMBL14043
DEC_1188,decoy,O=C1CCC/C=C\C[C@@H]2C(/C=C\[C@@H](CCc3ccccc3)O1)[C@H](O)C[C@@H]2O,CHEMBL12652
DEC_3161,decoy,CC(CNC(=O)C1=CC(C)(C)NC1(C)C)NCc1cccs1,CHEMBL15435
DEC_4346,decoy,CCOC(=O)N[C@@H](c1ccc(C)cc1)[C@@H](O)C(=O)OC1CC2C(C)(C)C1(C)[C@@]13C[C@H](C)c4ccccc4[C@@]21O3,CHEMBL286832
DEC_2069,decoy,CCNC(=O)N(CCCN(C)C)C(=O)[C@@H]1C[C@@H]2c3ccc(C(C)(C)C)c4[nH]cc(c34)C[C@H]2N(C)C1,CHEMBL13805
DEC_3292,decoy,CC1(CCCCn2ncc3ccccc32)COC(c2nc(-c3ccccc3)c(-c3ccccc3)[nH]2)OC1,CHEMBL286583
DEC_4137,decoy,C=C[C@@H]1CC2C3CCC(=O)C3(C)CCC2C2(C)CCC(=O)C=C12,CHEMBL24410
DEC_4049,decoy,Cn1cncc1C(O)(c1ccc(Cl)cc1)c1cc2c3c(c1)c(-c1cccc(Cl)c1)cc(=O)n3CC2,CHEMBL289529
DEC_3560,decoy,CCCc1cc(S(C)(=O)=O)cc(=O)n1Cc1ccc(-c2ccccc2-c2nn[nH]n2)cc1,CHEMBL279985
DEC_1424,decoy,C=C1/C(=C\C=C2/CCCC3(C)C([C@H](C)CC#CC(C)(C)O)=CCC23)C[C@@H](O)C[C@@H]1O,CHEMBL35115
DEC_3677,decoy,COc1ccc2c3c1OC1[C@H](O)[C@](CO)(CCCCCCc4ccccc4)CC4C(C2)N(C)CCC341,CHEMBL264088
DEC_2771,decoy,CCCCc1nc2ccc([S+](C)[O-])cc2c(=O)n1Cc1ccc(-c2ccccc2-c2nn[nH]n2)cc1,CHEMBL287184
DEC_0529,decoy,CC(C)c1ccc2c(c1)CC[C@H]1[C@@H](CO)CCC[C@]21C,CHEMBL12853
DEC_3991,decoy,COc1nsnc1N1CCN(C[C@@H](Cc2ccccc2)N(C)C(=O)c2ccccc2)CC1,CHEMBL10603
DEC_0033,decoy,OC[C@@]1(CCc2ccccc2)CC2C3Cc4ccc(O)c5c4C2(CCN3CC2CCC2)C(O5)[C@@H]1O,CHEMBL9877
DEC_2224,decoy,O=C1CC2(CCCC2)CC(=O)N1CCN1CCN(c2ncccn2)CC1,CHEMBL26796
DEC_3465,decoy,CCCCc1nn(C2CCC2)c(C(=O)O)c1Cc1ccc(-c2ccccc2-c2nn[nH]n2)cc1,CHEMBL22773
DEC_3924,decoy,O=S1(=O)c2cccc3cccc(c23)N1CCCCN1CCCCC1,CHEMBL275333
DEC_1401,decoy,CCCCC[C@H](O)/C=C/C1C(=O)C[C@@H]2OC(=O)CCC/C=C\C[C@H]12,CHEMBL12321
DEC_0867,decoy,CC(=O)OCC1=C(C(=O)O)N2C(=O)C(NC(=O)Cc3ccccc3)C2SC1,CHEMBL31212
DEC_0176,decoy,CC(C)C#CC1(C(F)(F)F)OCC(=O)Nc2ccc(Cl)cc21,CHEMBL283614
DEC_3483,decoy,Cc1c(/C=C/CN(C)C)nc(O)c2c1ccc1nc(Nc3c(Cl)cccc3Cl)n(C)c12,CHEMBL287175
DEC_0043,decoy,COc1cccc2c1CC[C@H]1CN(CCn3c(=O)[nH]c4c(sc5cccc(C#N)c54)c3=O)C[C@@H]21,CHEMBL289166
DEC_3551,decoy,Nc1cccc(CN2C(=O)N(Cc3ccc4[nH]nc(-c5ccsc5)c4c3)[C@H](Cc3ccccc3)[C@H](O)[C@@H](O)[C@H]2Cc2ccccc2)c1,CHEMBL323043
DEC_2389,decoy,Cc1ccc(S(=O)(=O)C2(CC#Cc3cccc(Cl)c3)SC(=O)NC2=O)cc1,CHEMBL276877
DEC_4500,decoy,COCCOC(=O)c1sc(C(C)(C)C)cc1NC(=O)Nc1ccc(C)cc1,CHEMBL278646
DEC_3084,decoy,COc1ccc2[nH]c([S+]([O-])Cc3c(N)cc(C)c(OC)c3C)nc2c1,CHEMBL20315
DEC_0556,decoy,COc1ccc2c3c1O[C@@H]1[C@]34CCN(COOC(C)(C)C)[C@H](C2)[C@]42CC[C@@]1(OC)C(C(C)(O)C(C)(C)C)C2,CHEMBL73518
DEC_2002,decoy,O=c1cc(-c2nn[nH]n2)oc2cc(/C=C/c3cccc(OCc4ccc5ccccc5n4)c3)ccc12,CHEMBL36113
DEC_4025,decoy,C/C(=C\Cn1oc(=O)[nH]c1=O)c1cccc(OCc2nc(-c3ccc(C(F)(F)F)cc3)oc2C)c1,CHEMBL7029
DEC_1564,decoy,O=S1(=O)c2cccc3cccc(c23)N1CCCN1CC=C(c2c[nH]c3ccccc23)CC1,CHEMBL19613
DEC_3703,decoy,CCCc1ccc(OP(=O)(NC(C)C(=O)OC)OCC2OC(n3cc(C)c(=O)[nH]c3=O)CC2N=[N+]=[N-])cc1,CHEMBL9900
DEC_0135,decoy,CCCCc1nc(Cl)c(C(=O)N[C@@H](C)C(=O)O)n1Cc1ccc2oc(-c3ccccc3-c3nn[nH]n3)c(Br)c2c1,CHEMBL64158
DEC_3318,decoy,C=CCN1C[C@H](C)N(C(c2ccccc2)c2ccccc2)C[C@H]1C,CHEMBL280801
DEC_1682,decoy,CC1O[C@H]2[C@H](C[C@H](OCC34C[C@@H]5[C@H](C)CC[C@H]5C5(C=O)CC3C=C(C(C)C)C45C(=O)O)O[C@@H]2C)O1,CHEMBL279691
DEC_2558,decoy,C/C=C(\NC(=O)CC(C)CC(C)(C)C)C(=O)O,CHEMBL12387
DEC_1345,decoy,COC(=O)[C@@H]1CSCc2c(O)cc(OC)c(C)c2C(=O)OCCCCCC/C(S)=N/1,CHEMBL36091
DEC_2876,decoy,CC(=O)NCc1cc(-c2ncco2)ccc1-c1ccccc1S(=O)(=O)Nc1onc(C)c1C,CHEMBL29422
DEC_1732,decoy,Cc1coc2c(O)cc3c(c12)[C@H](CCl)CN3C(=O)c1cc2cc(NC(=O)c3cc4ccccc4[nH]3)ccc2[nH]1,CHEMBL80340
DEC_1340,decoy,FC(F)(F)c1cccc(N2CCN(C3CCN(c4ccc(-c5ncns5)nn4)CC3)CC2)c1,CHEMBL14555
DEC_1719,decoy,CN(C)CC(c1ccccc1)c1nnc2n1-c1ccc(S(C)(=O)=O)cc1C(c1ccccc1)=NC2,CHEMBL16583
DEC_0583,decoy,N=C(c1ccc(C(=O)N2CCN(S(=O)(=O)c3cc4ccc(Cl)cc4s3)CC2)cc1)N1CCCCC1,CHEMBL304859
DEC_1646,decoy,CC(C)(C)c1cc(/C=C/c2n[nH]c(O)n2)cc(C(C)(C)C)c1O,CHEMBL12572
DEC_3817,decoy,CC(C)/N=c1\c(O)c(O)\c1=N/c1ccc(C#N)cc1,CHEMBL19089
DEC_4192,decoy,OC1(C#Cc2ccc(Oc3ccc(Br)cc3)cc2)CN2CCC1CC2,CHEMBL24776
DEC_3821,decoy,C/N=C(\NC#N)Nc1ccc(-c2[nH]cnc2C)cc1,CHEMBL33079
DEC_1111,decoy,O=c1[nH]cnc2c(C3OC(CO)C(O)C3O)c[nH]c12,CHEMBL40651
DEC_2893,decoy,C/C(=C\Cc1nnn[nH]1)c1cccc(OCc2nc(-c3ccc(OC(F)(F)F)cc3)oc2C)c1,CHEMBL7046
DEC_0228,decoy,CCC1(CC)CCNc2cc3nc(O)cc(C(F)(F)F)c3cc21,CHEMBL282866
DEC_2907,decoy,CCCc1cc(=O)oc2c3c(c4c(c12)OC(C)(C)C=C4)OC(C)(C)CC3O,CHEMBL7453
DEC_3600,decoy,CC(C)[C@H](NC(=O)Cn1c(-c2ccc(F)cc2)nccc1=O)C(=O)c1nnc(C2(C)CC2)o1,CHEMBL23080
DEC_1104,decoy,Nc1ccn(C2CCC(P(=O)(O)O)OC2CO)c(=O)n1,CHEMBL27640
DEC_2135,decoy,Cc1cn(C2OC(COC(c3ccccc3)(c3ccccc3)c3ccccc3)C(N=[N+]=[N-])C2O)c(=O)[nH]c1=O,CHEMBL287874
DEC_0640,decoy,C=CCCN(C1=NCCN1)c1c(Br)cccc1Br,CHEMBL417828
DEC_2821,decoy,Cc1cc(-c2c(F)cc3c(=O)c(Cc4ccccc4CO)cn(C4CC4)c3c2F)cc(C)n1,CHEMBL8138
DEC_3036,decoy,CCCCCc1nc2c(n1Cc1ccc(-c3ccccc3-c3nn[nH]n3)cc1)/C(=C/C(=O)O)CCCC2,CHEMBL298080
DEC_3368,decoy,Cc1ccc2c(c1)N(C(=O)N1C[C@@H](C)N[C@H](C)C1)Cc1c(C(=O)OC(C)(C)C)ncn1-2,CHEMBL277136
DEC_1639,decoy,CCCCC[C@@H]1/C=C\C2[C@H](O)C[C@H](O)[C@@H]2CCCCCCC(=O)O1,CHEMBL418532
DEC_0239,decoy,CC(C)(C)c1cc(/C=C/c2nnc(N)o2)cc(C(C)(C)C)c1O,CHEMBL12809
DEC_4093,decoy,Brc1cccc(Br)c1N(CC1CC1)C1=NCCN1,CHEMBL20079
DEC_2027,decoy,CCN1C(=O)N(C2CCN(CC3CCCCCCC3)CC2)[C@@H]2CCCC[C@H]21,CHEMBL29953
DEC_3166,decoy,CCCCc1nc(CC(=O)O)c(Cl)n1Cc1ccc(C(=O)O)cc1,CHEMBL25694
DEC_2890,decoy,Cn1cncc1C(OCc1ccc(C#N)cc1-c1ccc2c(c1)OCO2)c1ccc(C#N)nc1,CHEMBL288449
DEC_4205,decoy,O=C1c2[nH]c(Br)nc2N(Cc2ccc(Cl)cc2)C2=NCCN12,CHEMBL277768
DEC_4122,decoy,O=c1n(-c2cccc(F)c2)nc2c(NC3CCCCC3)nc3ccccc3n12,CHEMBL279870
DEC_3040,decoy,CCCCc1nn(CC(F)(F)F)c(C(=O)O)c1Cc1ccc(-c2ccccc2-c2nn[nH]n2)cc1,CHEMBL281386
DEC_3851,decoy,CN1Cc2c(C(=O)OC(C)(C)C)ncn2-c2ccc(N=C=S)cc2C1=O,CHEMBL6814
DEC_3787,decoy,C=CCC1(C(C)CCC)C(=O)NC(=O)NC1=O,CHEMBL447
DEC_1539,decoy,CC(C)(O)c1ccc(C(Cc2cc[n+]([O-])cc2)c2ccc(OC(F)F)c(OC(F)F)c2)cc1,CHEMBL289023
DEC_1690,decoy,Cc1cc(-c2noc(C(F)(F)F)n2)cc(C)c1OCCCc1cc(CS(C)(=O)=O)no1,CHEMBL29881
DEC_1408,decoy,CCCCN1C[C@H](C(=O)N(CC)CC)C=C2c3cccc4[nH]cc(c34)C[C@H]21,CHEMBL22520
DEC_3654,decoy,CCCCN(Cc1ccc(-c2ccccc2-c2nn[nH]n2)cc1)c1ncnc2ccc(C(=O)O)nc12,CHEMBL48799
DEC_2966,decoy,O=P(O)(O)Cc1cc(Cl)cc2nc(O)c(O)nc12,CHEMBL269683
DEC_3442,decoy,Cc1cc(C)cc(-c2c(O)nc3cc(Cl)c(C(=O)Nc4ccncn4)cc3c2OCC[C@@H]2CCC[C@H](C)N2)c1,CHEMBL295948
DEC_4018,decoy,CCn1ncc2c(NCc3ccc(OC)c(Cl)c3)c(C(=O)NCCCN3CCCC3=O)cnc21,CHEMBL8198
DEC_3541,decoy,O=C1N(Cc2ccc(O)cc2)[C@H](Cc2ccccc2)[C@H](O)CN(S(=O)(=O)c2cccc(Br)c2)N1Cc1ccc(O)cc1,CHEMBL435092
DEC_1072,decoy,N#Cc1ccc(Nc2c(NC3CC4CCC3C4)c(=O)c2=O)cc1,CHEMBL19077
DEC_3860,decoy,COc1ccc2c(c1)CCc1sc(N)nc1-2.I,CHEMBL38779
DEC_0050,decoy,COc1ccc2c3c1OC1[C@H](O)[C@](CO)(CCCCc4ccccc4)CC4C(C2)N(C)CCC341,CHEMBL268196
DEC_0938,decoy,CO/N=C(\C)c1ccc(Sc2cc(F)cc([C@@]3(OC)CCO[C@@H](C)C3)c2)cc1,CHEMBL278364
DEC_4213,decoy,CC(=O)N1CCC(=C2c3ccc(Cl)cc3CCc3cc(C=O)cnc32)CC1,CHEMBL268022
DEC_2125,decoy,CO[C@@H]1[C@@H](OC(=O)c2ccc(C)[nH]2)[C@@H](O)[C@H](Oc2ccc3c(O)c(C(C)=O)c(=O)oc3c2C)OC1(C)C,CHEMBL42026
DEC_4118,decoy,Cc1noc(NS(=O)(=O)c2cccc3c(N4CCCC4=O)cccc23)c1C,CHEMBL26079
DEC_2012,decoy,COOC1(OOCCCI)CCCCCCCCCCC1,CHEMBL281925
DEC_2717,decoy,S=C(Nc1ccc(Cl)cc1Cl)NC(Cn1ccnc1)c1ccc(Cl)cc1Cl,CHEMBL8199
DEC_3815,decoy,O=C1NC(=O)C(c2ccccc2)(c2ccccc2)N1,CHEMBL16
DEC_0072,decoy,CSc1nnc(-c2cc(C(C)C)c(O)c(C(C)C)c2)s1,CHEMBL273793
DEC_2642,decoy,CC(C)(C)/N=C(\NC#N)Nc1cccc(/C(=C\CCCCCC(=O)O)c2cccnc2)c1,CHEMBL21476
DEC_0080,decoy,CC(C)(O)CC(=O)c1cc2c(c(C(C)(C)C)c1)OCC2,CHEMBL15091
DEC_0726,decoy,CS(=O)(=O)N1CCC[C@H]1Cn1ccc2cc(C(=O)N3CCC(N4C(=O)OCc5ccccc54)CC3)ccc21,CHEMBL287042
DEC_3382,decoy,Nc1nc(O)c2nc(Br)n(C3CCCc4ccc([N+](=O)[O-])cc43)c2n1,CHEMBL11073
DEC_3446,decoy,CO/C(O)=C1\C(C)=NC(C)=C(C(=O)OCN2C(=O)c3ccccc3S2(=O)=O)C1c1cccc(Cl)c1Cl,CHEMBL432933
DEC_1775,decoy,COC(=O)c1c(C)[nH]c2c1[C@@]13C[C@@H]1CN(C(=O)c1cc4cc(OC)c(OC)c(OC)c4[nH]1)C3=CC2=O,CHEMBL35670
DEC_4089,decoy,CN(C)CCCNCc1cc(I)cc(C(C)(C)C)c1O,CHEMBL21174
DEC_4382,decoy,CCCN(CC1CC1)c1nc(C)nc2c1sc(=O)n2-c1ccc(C(C)C)cc1Br,CHEMBL273559
DEC_0647,decoy,C[C@]12CCC3C(CCC4=CC(=O)[C@H]5COC[C@]43C5)C1CC[C@@H]2OC1CC1,CHEMBL414006
DEC_2488,decoy,Cc1c(S(=O)(=O)c2ccc(Cl)cc2)csc1C(=O)N[C@H](C)[C@](O)(Cn1cncn1)c1ccc(F)cc1F,CHEMBL52126
DEC_3766,decoy,CON(C)C1=NC(=O)/C(=C/c2cc(C(C)(C)C)c(O)c(C(C)(C)C)c2)S1,CHEMBL16855
DEC_4428,decoy,CC1(C)Oc2cc([N+](=O)[O-])sc2[C@@H](N2Cc3ccccc3C2=O)[C@@H]1O,CHEMBL28886
DEC_3369,decoy,Cc1ccc2c(c1)N(C(=O)N1C[C@@H](C)N[C@@H](C)C1)Cc1c(C(=O)OC(C)(C)C)ncn1-2,CHEMBL279165
DEC_3629,decoy,CC1(C)CC[C@]2(C(=O)NCc3ccccc3)CC[C@]3(C)C(C(=O)C=C4[C@@]5(C)C=C(C#N)C(=O)C(C)(C)[C@@H]5CC[C@]43C)C2C1,CHEMBL269763
DEC_2137,decoy,COc1cc(-c2cc3c(c(=O)o2)C[C@]2(O)[C@@]4(C)C(=O)C=CC(C)(C)[C@]4(O)CC[C@@]2(C)O3)cc(OC)c1OC,CHEMBL24686
DEC_3302,decoy,O=C(c1cc(Cl)cc(Cl)c1)N1CC[C@H](NCc2ccnc3ccccc23)C[C@H]1Cc1ccccc1,CHEMBL43744
DEC_0082,decoy,CSC1(c2ccccc2)C(=O)c2ccccc2C1=O,CHEMBL278362
DEC_0447,decoy,Cc1ccc2c(c1)nc(-c1nnc(O)o1)n2C,CHEMBL21304
DEC_3477,decoy,COc1cc(NC(C)CCCN)c2ncc(C)cc2c1Oc1ccc(F)c(C(F)(F)F)c1,CHEMBL262716
DEC_2284,decoy,CCCCNCC(O)c1cc(-c2ccc(Cl)cc2)cc(-c2ccc(Cl)cc2)c1,CHEMBL19184
DEC_2996,decoy,CCOc1nc(C(Cl)(Cl)Cl)c(Cl)c(OC(=O)COC)c1Cl,CHEMBL11668
DEC_3289,decoy,CN(Cc1cc(C(F)(F)F)cc(C(F)(F)F)c1)C(=O)c1c(CO)nc2ccccc2c1-c1ccccc1,CHEMBL25639
DEC_0888,decoy,CSc1sc(C(=N)N)cc1-c1nc(-c2ccc3c(c2)OCCCO3)cs1,CHEMBL281898
DEC_1313,decoy,CC(C)NC(=O)c1ccc(C2(C3CCN(C4CCN(C(=O)c5cccc6[nH]ccc56)CC4)CC3)OCCO2)cc1,CHEMBL52852
DEC_0177,decoy,O=C(O)C1Cc2cc3c(-c4ccccc4F)noc3c(Cl)c2O1,CHEMBL268891
DEC_4177,decoy,Clc1ccc(OCC2=Cc3ccccc3C3=NCCCN23)cc1,CHEMBL9608
ACT_067,active,CC(C)S(=O)(=O)c1ccccc1Nc1nc(N/N=C/c2ccc(C(F)(F)F)cc2)ncc1Cl,CHEMBL3893810
DEC_0939,decoy,CO[C@]1(c2cc(F)cc(Sc3ccc(/C(C)=N/O)cc3)c2)CCO[C@@H](C)C1,CHEMBL282773
DEC_1430,decoy,C=C1CCC2[C@@](C)(CO)CCC[C@]2(C)[C@H]1CCC1=CCc2c(O)ccc(O)c2C1,CHEMBL416740
DEC_1485,decoy,Cc1cc(C)cc(-c2[nH]c3ccc(C(=O)N(CC(C)C)CC(C)C)cc3c2CCNCCCCc2ccc(O)cc2)c1,CHEMBL45614
DEC_3923,decoy,CCc1ccccc1C(c1cc(C)ns1)N1CCN(C)CC1,CHEMBL22343
DEC_2666,decoy,COC(=O)[C@H](Cc1c[nH]c2ccccc12)NP(=O)(OCCC#N)OCC1OC(n2cc(C)c(=O)[nH]c2=O)CC1N=[N+]=[N-],CHEMBL300454
DEC_3604,decoy,CC(C)Nc1cccnc1N1CCN(C(=O)c2cc3cc(NS(C)(=O)=O)ccc3[nH]2)CC1,CHEMBL593
DEC_1500,decoy,CCCCc1oc2ccccc2c1Cc1ccc2c(I)c(OC(Cc3ccccc3)C(=O)O)ccc2c1,CHEMBL282708
ACT_084,active,CCN=C(S)NNc1nncc2ccccc12,CHEMBL1380839
DEC_2170,decoy,CSc1nc(-c2cc(C(C)(C)C)c(O)c(C(C)(C)C)c2)ns1,CHEMBL16912
DEC_2682,decoy,CC(C)C(=O)OCOC(=O)C1(C(=O)OCOC(=O)C(C)C)Oc2ccc(C[C@@H](C)NC[C@H](O)c3cccc(Cl)c3)cc2O1,CHEMBL57287
DEC_2791,decoy,COC(OC)[C@]1(C)Oc2ccc([N+](=O)[O-])cc2[C@@H](N(Cc2ncc[nH]2)c2ccc(Cl)cc2)[C@@H]1O,CHEMBL298323
DEC_2129,decoy,CC1CNc2c(cccc2S(=O)(=O)N[C@@H](Cc2nc3ccccc3o2)C(=O)N2CCC(CCO)CC2)C1,CHEMBL289493
DEC_4464,decoy,O=C1NC(=O)C(CC#Cc2ccccc2)(S(=O)(=O)c2ccccc2)S1,CHEMBL12072
DEC_0178,decoy,CCN1c2ccccc2N(C(=O)CN(C)C)c2ccccc2S1(=O)=O,CHEMBL27291
DEC_1378,decoy,CCCCCc1cc(O)c2c(c1)OC(C)(C)[C@@H]1CCC(CNC)CC21,CHEMBL28077
DEC_2045,decoy,C/C(=N\OC(=O)N(C)C)c1ccc(Sc2cc(F)cc(C3CCOCC3)c2)cc1,CHEMBL440843
DEC_3859,decoy,COc1cc2c(cc1OC)C1C(=O)c3ccc4c(c3OC1CO2)C(C)(C)C=CO4,CHEMBL268392
DEC_4553,decoy,Nc1cnc(-c2ccc(F)cc2)n(CC(=O)N[C@@H](CC(=O)O)C(=O)COC(=O)c2c(Cl)cccc2Cl)c1=O,CHEMBL81635
DEC_1607,decoy,COc1cc(NCc2cnc3nc(N)nc(N)c3n2)cc(C(F)(F)F)c1,CHEMBL23466
DEC_2238,decoy,C[C@]12C[C@@H](O)[C@H]3[C@@H](CCC4=CC(=O)CC[C@@]43C)[C@@H]1CC[C@@H]2C(=O)CO,CHEMBL440782
DEC_0886,decoy,CCC(C)(C)/N=c1\c(O)c(O)\c1=N/Cc1c(C)cc(Br)cc1C,CHEMBL19620
DEC_1346,decoy,COC(=O)[C@@H]1CSCc2c(O)cc(OC)c(C)c2C(=O)OCCCCC/C(S)=N/1,CHEMBL285451
DEC_2419,decoy,CC[C@@]1(O)C(=O)OCc2c1cc1n(c2=O)Cc2cc3c(N)cccc3nc2-1,CHEMBL274070
ACT_007,active,Clc1ccccc1-c1nnc(Cc2nc3ccccc3[nH]2)o1,CHEMBL4094471
DEC_2869,decoy,CC1(C)COP(=O)(C(CCC(=O)c2cccnc2)P2(=O)OCC(C)(C)CO2)OC1,CHEMBL12621
DEC_1094,decoy,CC1OC(c2nc3c(N)cccn3n2)C(O)C(O)C1O,CHEMBL412424
DEC_0489,decoy,O=c1c2c(oc(O)c1C(c1cccc(NS(=O)(=O)c3ccc4ccccc4c3)c1)C1CC1)CCCCCC2,CHEMBL280104
DEC_0891,decoy,CCCc1cc(=O)oc2c(C(=O)C(C)C(C)(C)O)c(O)c3c(c12)OC(C)(C)C=C3,CHEMBL266210
DEC_2256,decoy,CC(=O)O[C@@H]1O[C@@H]2O[C@@H](OC(C)=O)[C@@H]3CC[C@H]([C@H]1CC/C=C(\C)CCC=C(C)C)[C@H]23,CHEMBL11775
DEC_2011,decoy,Cc1cccc(C)c1C(OCC(O)CN1C(C)CCCC1C)c1c(C)cccc1C,CHEMBL277095
DEC_2489,decoy,COc1cc([C@@H]2c3cc4c(cc3[C@@H](Nc3ccc5c(c3)OCCC5=O)[C@H]3COC(=O)[C@H]23)OCO4)cc(OC)c1O,CHEMBL286383
ACT_068,active,CC#CC(=O)N[C@H]1CCCN(c2c(F)cc(C(N)=O)c3[nH]c(C)c(C)c23)C1,CHEMBL4297674
DEC_2096,decoy,Cc1nc2c(n1Cc1ccc(-c3ccccc3-c3nn[nH]n3)cc1)C(O)(CC(=O)O)CCCC2,CHEMBL43861
DEC_3798,decoy,CC1(C)C(=O)Nc2cc3[nH]c(-c4nc[nH]n4)nc3cc21,CHEMBL284815
DEC_1948,decoy,Cc1cc(-c2cccs2)nc(SCCN(C)C)n1,CHEMBL21007
DEC_2914,decoy,Cc1cc(C)c(-n2nnc3c(-c4ccccc4C(F)(F)F)nc(C)nc32)c(C)c1,CHEMBL10315
DEC_4381,decoy,CN1CCN(CCCN2N=C3/C(=C/c4ccccc4)CSCC3C2c2ccccc2)CC1,CHEMBL416416
DEC_1773,decoy,Nc1nc(O)c2nn(-c3cccc(C(=O)NCc4cc(C(F)(F)F)cc(C(F)(F)F)c4)c3)nc2n1,CHEMBL295307
DEC_2452,decoy,C[C@]12CC/C(=N\N=C(N)N)C=C1CC[C@@H]2CN1C(=O)c2ccccc2C1=O,CHEMBL29715
DEC_3340,decoy,CCN1C(=S)OC(C)(C)c2cc(-c3cc(F)cc(C#N)c3)ccc21,CHEMBL417110
DEC_2946,decoy,Cc1ccc(C2(Cn3ccnc3)OCC(c3ccc(Br)cc3)O2)cc1,CHEMBL29578
DEC_0877,decoy,CC(=O)Nc1ccc(S(=O)(=O)Nc2nnc(S(N)(=O)=O)s2)cc1F,CHEMBL278603
DEC_0096,decoy,CC(C)(C)C(=O)Oc1ccc(C(=O)c2ccc(O)cc2)cc1,CHEMBL9601
DEC_4313,decoy,Cc1cc(C)cc(-c2[nH]c3ccc(C(=O)N4CCCC4)cc3c2CCNCCCCc2cccnc2)c1,CHEMBL50552
DEC_1134,decoy,CSc1ccc(N2C(=O)NC3(CCN(C(=O)c4cc(C(F)(F)F)cc(C(F)(F)F)c4)CC3)C2=O)cc1,CHEMBL313590
DEC_0874,decoy,CCOc1ccc(-c2csc(NC(=O)C(=O)O)n2)cc1.NCCO,CHEMBL16561
DEC_3591,decoy,O=C1[C@@H](NS(=O)(=O)c2ccc(-c3ccccn3)s2)CCN1Cc1cc2cc[nH]cc-2n1,CHEMBL269102
DEC_0356,decoy,C=CCC1(C(C)C#CCC)C(=O)NC(=O)N(C)C1=O,CHEMBL7413
DEC_4308,decoy,CCCCC1(CCCC)Nc2ccccc2C(=O)N1Cc1ccc(-c2ccccc2-c2nn[nH]n2)cc1,CHEMBL278415
DEC_2062,decoy,CC(C)(Cc1ccc(I)cc1)NCC(O)c1ccc(O)c2nc(O)ccc12,CHEMBL41605
DEC_4094,decoy,CN(C)c1cccc2c(S(=O)(=O)Nc3onc4c3CCCC4)cccc12,CHEMBL26889
DEC_2148,decoy,COc1cc([C@@H]2c3cc4c(cc3[C@@H](NCc3ccc(C#N)cc3)[C@H]3COC(=O)[C@H]23)OCO4)cc(OC)c1O,CHEMBL31603
DEC_0513,decoy,CCOC(=O)/C=C(C)/C=C/C=C(C)/C=C/C1=CC2CCC1C2,CHEMBL7529
DEC_0784,decoy,CCN(CC)c1nc(C)nc2c1sc(=S)n2-c1c(C)cc(C)cc1C,CHEMBL413968
DEC_2824,decoy,OC(c1ccc(Cl)cc1Cl)C(O)(Cn1ccnc1)c1ccc(Cl)cc1Cl,CHEMBL10287
ACT_078,active,CSc1nc(-c2cccc(NC(=O)c3c(F)ccc(O)c3CN3C(=O)c4ccccc4C3=O)c2)c(-c2ccnc(NC(C)=O)c2)[nH]1,CHEMBL5183286
DEC_0225,decoy,CC(=O)[C@H]1CC[C@H]2[C@@H]3CCC4=CC(=O)CC[C@]4(C)[C@H]3C(=O)C[C@]12C,CHEMBL284253
ACT_022,active,CC1(C)OCc2c(Nc3n[nH]c4c(Cl)cc(F)cc34)nc(-c3cn[nH]c3)nc21,CHEMBL3758862
DEC_2421,decoy,Oc1nc2cc(C#CCN3CCC(Cc4ccc(F)cc4)CC3)c[nH]c-2n1,CHEMBL19849
DEC_1738,decoy,CNc1cc(NS(C)(=O)=O)ccc1Nc1c2ccc(Br)cc2nc2c(OC)cccc12,CHEMBL51429
DEC_4215,decoy,O=C1C(Cl)=C(Nc2ccc(I)cc2)C(=O)c2ncccc21,CHEMBL11433
DEC_4186,decoy,Cc1ccccc1-c1noc2c(Cl)c3c(cc12)CC(C(=O)O)O3,CHEMBL7782
DEC_1836,decoy,CCC1C[C@H](N)CN1c1cc2c(cc1F)c(=O)c(C(=O)O)cn2-c1ccc(F)cc1F,CHEMBL41239
DEC_4159,decoy,N#Cc1ccc(NC2=C(Cl)C(=O)c3cccnc3C2=O)cc1,CHEMBL11432
DEC_0057,decoy,CC(Sc1nc(N)cc(Cl)n1)c1cc2ccoc2cn1,CHEMBL280752
DEC_4446,decoy,CC1(O)OC(=O)C(c2cc(F)cc(F)c2)=C1c1ccc(S(C)(=O)=O)cc1,CHEMBL416363
DEC_0499,decoy,CC(C)N(c1cccc(C(c2c(O)c3c(oc2=O)CCCCCC3)C2CC2)c1)S(=O)(=O)c1ccccc1,CHEMBL16265
DEC_1274,decoy,COC(=O)N[C@@H](c1ccc(O)cc1)[C@@H](O)C(=O)OC1CC2C(C)(C)C1(C)[C@@]13CC(C)c4ccccc4[C@@]21O3,CHEMBL31423
DEC_2563,decoy,CC1(C)CCC(NC(=O)N(CCF)N=O)CC1,CHEMBL13016
DEC_3181,decoy,N=C(N)c1ccc(Oc2ccc(Oc3ccc(C(=N)N)cc3)cc2)cc1,CHEMBL26856
DEC_1206,decoy,CC(/N=c1\c(O)c(O)\c1=N/c1ccc(S(C)(=O)=O)cc1)C(C)(C)C,CHEMBL18708
DEC_0016,decoy,Cc1cn(C2C=CC(COP(=O)(OCC(F)(F)F)OCC(F)(F)F)O2)c(=O)[nH]c1=O,CHEMBL274008
DEC_0820,decoy,CCCc1cc(=O)oc2c3c(c4c(c12)OC(C)(C)C=C4)O[C@H](CC)[C@@H](C)[C@H]3O,CHEMBL267693
DEC_3931,decoy,CCN(CC)c1nc(C)nc2c1sc(=O)n2-c1c(C)cc(C)cc1C,CHEMBL17897
DEC_2929,decoy,[O-][S+](c1nc(-c2ccc(F)cc2)c(-c2ccc(F)cc2)[nH]1)C(F)(F)F,CHEMBL18622
DEC_3453,decoy,CN(C(=O)CN1CCOCC1)c1ccccc1-c1cnc(Nc2ccc(-c3cnco3)c(Br)c2)o1,CHEMBL305374
DEC_0866,decoy,CO/N=C1\CN(c2nc3c(cc2F)c(=O)c(C(=O)O)cn3C2CC2)CC1CN,CHEMBL430
DEC_1432,decoy,C=C1/C(=C\C=C\[C@@H]2CCC[C@H]([C@H](C)CCCC(C)(C)O)C2(C)C)C[C@@H](O)C[C@@H]1O,CHEMBL286215
DEC_1957,decoy,COC(=O)[C@@H]1CSCc2c(O)cc(OC)c(C)c2C(=O)OCCCCCCCC/C(S)=N/1,CHEMBL37006
DEC_1524,decoy,Cc1cc(-c2noc(C(F)(F)F)n2)cc(C)c1OCCCc1cc(C[S+](C)[O-])no1,CHEMBL29421
DEC_0119,decoy,CO/C1=C\C(C)=C\[C@@H](C)[C@@H](O)[C@@H](C)C/C(C)=C/C=C/[C@H](OC)[C@@H]([C@@H](C)[C@@H](O)[C@H](C)C(=O)/C=C/[C@H](C)C(O)C(C)C)OC1=O,CHEMBL54107
DEC_3183,decoy,CC1(C)C=C(C(=O)NCCCNCc2cccc(O)c2)C(C)(C)N1,CHEMBL15737
DEC_0010,decoy,CC(C)C1=CC2CC3(C=O)[C@@H]4CC[C@@H](C)[C@H]4CC2(CO[C@H]2C[C@@H]4OCO[C@@H]4[C@@H](C)O2)C13C(=O)O,CHEMBL21682
DEC_2831,decoy,CSc1sc(C(=N)N)cc1-c1nc(-c2ccc(-c3ccccc3)cc2)cs1,CHEMBL418023
DEC_1748,decoy,O=C(O)c1cc(/C=C/c2ccc(/C=C/c3ccc(O)c(C(=O)O)c3)c(I)c2)ccc1O,CHEMBL418455
DEC_0810,decoy,N#Cc1ccc(Cn2ccnc2)cc1S(=O)(=O)c1ccc(Cl)cc1Cl,CHEMBL22238
DEC_3019,decoy,Cc1nsc(-c2ccc(N3CCN(c4cccc(C(F)(F)F)c4)CC3)cc2)n1,CHEMBL14501
DEC_4552,decoy,COc1ccc(S(=O)(=O)N(Cc2ccc3c(c2)OCO3)[C@H](CCCNC(=O)OCC(C)C)C(=O)NO)cc1,CHEMBL303082
DEC_0504,decoy,CC1=C(/C=C/C(C)=C/C=C/C(C)=C/C(=O)O)C(C)(C)CCC1,CHEMBL38
DEC_3098,decoy,Nc1nc(O)c2nc(Br)n(C3CCc4ccccc43)c2n1,CHEMBL11355
DEC_4119,decoy,CC(C)c1ccc(C2=C(c3ccc(S(C)(=O)=O)cc3)C(C)(O)OC2=O)cc1,CHEMBL18867
DEC_1018,decoy,O=C(O)c1cc(Br)cc2c(=O)cc(-c3cccc(OCc4ccc5ccc(Cl)cc5n4)c3)oc12,CHEMBL33729
DEC_4303,decoy,CC(Cc1c[nH]c2ccccc12)(NC(=O)OC1[C@H]2C[C@@H]3C[C@@H](C[C@H]1C3)C2)C(=O)OCCc1ccccc1,CHEMBL35580
DEC_0244,decoy,C[C@]12CC[C@]3(C1)C(CC2=O)C[C@@H](O)C1[C@](C)(C(=O)O)CCC[C@@]13C,CHEMBL8722
DEC_2660,decoy,CCOC(=O)CCCCO/N=C(\c1ccc(C(=O)N2CCN(C(=O)C3CSC(c4cccnc4)N3)CC2)cc1)c1cccnc1,CHEMBL539177
DEC_4057,decoy,CCc1cc(NCc2ccc(-c3ccccc3-c3nn[nH]n3)cc2)c(I)c(CC)n1,CHEMBL33459
DEC_2014,decoy,Cc1cc(CCCCCOc2c(Cl)cc(-c3cnco3)cc2Cl)on1,CHEMBL417111
DEC_3772,decoy,CC1(C)CC(C)(C)c2cc(N/C(S)=N/c3ccc([N+](=O)[O-])cc3)ccc2O1,CHEMBL267926
DEC_4081,decoy,NCc1nc2ccccc2c(-c2ccccc2)c1C(=O)NCc1cc(C(F)(F)F)cc(C(F)(F)F)c1,CHEMBL24135
DEC_1421,decoy,OC1CCCCC1N1CCC(CCCC2CCN(C3CCCCC3O)CC2)CC1,CHEMBL20720
DEC_1869,decoy,C[C@@]12C=Cc3occc3C1CC[C@]13CC(O)C(CCC12)C3,CHEMBL31200
DEC_2527,decoy,S=c1oc2ccc(Cl)cc2n1CC1OCCc2ccccc21,CHEMBL268211
DEC_0114,decoy,CCc1c(C)c2[nH]c1cc1[nH]c(cc3nc4c(c5nc(c2C=O)[C@@H](C)[C@@H]5CCC(=O)OC)CCC4=C3C)C(O)(CC)C1(C)O,CHEMBL94911
DEC_4545,decoy,COc1ccc(S(=O)(=O)N(Cc2ccc3c(c2)OCO3)[C@H](CCC(=O)NCCC(C)C)C(=O)NO)cc1,CHEMBL79202
DEC_4413,decoy,COc1cccc(C(CN(C)C)c2nnc3n2-c2ccc(Cl)cc2C(c2ccccc2)=NC3)c1,CHEMBL16776
DEC_2377,decoy,O=C(O)Cc1nn(Cc2nc3cc(F)cc(C(F)(F)F)c3s2)c(=O)c2ccccc12,CHEMBL20115
DEC_0718,decoy,CC[C@@]1(OC(=O)COc2ccc(Br)cc2)C(=O)OCc2c1cc1n(c2=O)Cc2cc3ccccc3nc2-1,CHEMBL276993
DEC_0564,decoy,C=C1/C(=C\C=C2/CCCC3(C)C([C@H](C)CC#CC(O)(C(F)(F)F)C(F)(F)F)=CCC23)C[C@@H](O)C[C@@H]1O,CHEMBL36186
DEC_1615,decoy,CC1CC(/C=N/c2ccccc2C(=O)O)=C2NC=C(C(=O)O)C(=O)N2C1,CHEMBL23029
DEC_2061,decoy,C[C@@H](O)[C@H]1C(=O)N2C(C(=O)O)=C(S[C@@H]3CN[C@@H](c4ccc(CN)c5ccccc45)C3)[C@H](C)[C@H]12,CHEMBL17700
DEC_4452,decoy,COc1ccnc(C[S+]([O-])c2nc3cc4c(cc3[nH]2)OC(F)(F)O4)c1C,CHEMBL9539
DEC_1465,decoy,c1cc(Nc2ccc(OCC3CCCCC3)cc2)c2c(ccc3c[nH]nc32)n1,CHEMBL27959
DEC_1055,decoy,Cc1nnc(Sc2cncc3sc(C(N)=O)cc23)s1,CHEMBL268070
DEC_2788,decoy,COC(OC)[C@]1(C)Oc2ccc([N+](=O)[O-])cc2[C@H](N(Cc2ncc[nH]2)c2ccc(Cl)cc2)[C@H]1O,CHEMBL44645
DEC_3765,decoy,COc1ccc(C2=C(OC(=O)N(C)C)c3cccn3-c3ccccc3S2)cc1,CHEMBL33096
DEC_4321,decoy,CSc1nnc([C@@H]2C[C@@H](S)CN2S(=O)(=O)c2ccc3ccccc3c2)n1-c1c(F)c(F)cc(F)c1F,CHEMBL49081
DEC_1407,decoy,COc1ccc2c(c1)CCCC2CN(C)CCc1ccc2c(c1)OCO2,CHEMBL268749
DEC_4220,decoy,Cc1cccc2nc(Nc3ccccc3I)oc(=O)c12,CHEMBL275726
DEC_1822,decoy,CCCC1Nc2ccccc2C(=O)N1Cc1ccc(-c2ccccc2-c2nn[nH]n2)cc1,CHEMBL15484
DEC_1168,decoy,COC(=O)N[C@H](C(=O)N[C@@H](Cc1ccccc1)C(O)CN(CCC(C)C)NC(=O)[C@@H](NC(=O)OC)C(C)C)C(C)C,CHEMBL324398
DEC_0880,decoy,CC1CCC(=NNc2ccccc2C(=O)O)c2ncc(C(=O)NO)c(=O)n21,CHEMBL14119
DEC_3786,decoy,CS(=O)(=O)c1ccc(-c2sc(-c3cccs3)nc2-c2ccc(F)cc2)cc1,CHEMBL16689
DEC_0859,decoy,CNC(=O)c1ccc(N/N=C2\CCC(C)n3c2ncc(C(=O)O)c3=O)cc1,CHEMBL278208
DEC_4503,decoy,CN1C[C@H](CNC(=O)c2ccccc2)C[C@@H]2c3cc(C(C)(C)C)cc4[nH]cc(c34)C[C@H]21,CHEMBL273526
DEC_1068,decoy,CSC1=C2N=CN=C2N(Cc2ccc(Cl)cc2)C2=NCCN21,CHEMBL279389
DEC_4194,decoy,O=C1NCN(c2ccccc2)C12CCN(C1CCc3cc(Cl)ccc3C1)CC2,CHEMBL27093
DEC_1720,decoy,C=C1C[C@@]23O[C@]2(c2ccccc21)C1CC(OC(=O)[C@H](O)[C@@H](NC(C)=O)c2ccccc2)C3(C)C1(C)C,CHEMBL283716
DEC_0873,decoy,CNC(=O)OC1CCn2c3c(c(COC(N)=O)c21)C(=O)C(OC)=C(C)C3=O,CHEMBL18408
DEC_1393,decoy,CCCCCCOc1ccc2c3c1OC1C(O)C=CC4C(C2)N(C)CCC341,CHEMBL29548
DEC_3007,decoy,Cc1ccc(CCCOc2c(C)cc(-c3noc(C(F)(F)F)n3)cc2C)cn1,CHEMBL280755
DEC_4173,decoy,O=C(NCCc1c2n(c3ccccc13)Cc1ccccc1-2)C1CCC1,CHEMBL9934
DEC_4100,decoy,COC(=O)C1C2CCC(CC1c1ccc(/C=C\I)cc1)N2,CHEMBL428706
DEC_0579,decoy,C[C@@H]1CC2C3CCC4=CC(=O)C=CC4(C)[C@@]3(Cl)C(O)CC2(C)[C@@]1(OC(=O)c1cccs1)C(=O)CCl,CHEMBL435955
DEC_2806,decoy,C=C1CC[C@@H](O)C(O)/C1=C/C=C1\CCCC2(C)C1CCC2[C@H](C)CCCC(C)(C)O,CHEMBL15718
DEC_0641,decoy,CCCC1CCC(N2CCC(N3C(=O)N(CC)[C@@H]4CCCC[C@H]43)CC2)CC1,CHEMBL282376
DEC_0565,decoy,COC(=O)N[C@@H](c1ccsc1)[C@@H](O)C(=O)OC1CC2C(C)(C)C1(C)[C@@]13CC(C)c4ccccc4[C@@]21O3,CHEMBL430529
DEC_0532,decoy,CN1C2CCC1C(c1ccccc1)=C(c1ccccc1)C2,CHEMBL21362
DEC_1444,decoy,Oc1ccc(C(CC(F)(F)F)C(CC(F)(F)F)c2ccc(O)cc2)cc1,CHEMBL27615
DEC_3059,decoy,COc1ccccc1N1CCN(CC(=O)[C@@]2(O)CCC3C4CCC5=CC(=O)CC[C@]5(C)C4=CC[C@@]32C)CC1,CHEMBL15631
DEC_4087,decoy,CN1C(=O)CC[C@]2(C)C3CC[C@@]4(C)C(CC[C@@]4(O)C#CCCCO)C3CCC12,CHEMBL10343
DEC_2857,decoy,CC(=O)O[C@H]1O[C@H](OC(C)=O)[C@@H](OC(C)=O)/C1=C/CC1(C)C(C)CCC2(C)C1CCCC21CO1,CHEMBL44707
DEC_1280,decoy,CC(C)(C)c1ccc(/C=C/NC(=O)NC2C(=O)N3C2SC(C)(C)[C@@H]3C(=O)O)cc1.CCN(CC)CC,CHEMBL278807
DEC_3805,decoy,N[C@H](CC1=CCCCc2onc(O)c21)C(=O)O,CHEMBL29971
DEC_2786,decoy,Cc1noc(NS(=O)(=O)c2ccsc2NC(=O)Oc2ccc3c(c2)OCO3)c1Br,CHEMBL45872
DEC_4107,decoy,CCN(CC)C(=O)[C@@H]1C=C2c3cccc4[nH]c(Br)c(c34)C[C@H]2N(C)C1,CHEMBL274384
DEC_2111,decoy,CCC(=O)OCC(=O)[C@@]1(OC(=O)CC)[C@@H](C)C[C@H]2C3CCC4=CC(=O)C=C[C@]4(C)[C@@]3(Cl)[C@@H](O)[C@@H](O)[C@@]21C,CHEMBL300640
DEC_3495,decoy,CCNC/C=C/c1nc(O)c2c(ccc3nc(Nc4c(Cl)cccc4Cl)n(C)c32)c1C,CHEMBL27350
DEC_4339,decoy,C=C1C[C@@]23O[C@]2(c2ccccc21)C1CC(OC(=O)[C@H](O)[C@@H](NC(=O)CC(C)(C)C)c2ccccc2)C3(C)C1(C)C,CHEMBL31694
DEC_3630,decoy,NS(=O)(=O)c1ccccc1-c1ccc(NC(=O)c2cc(C(F)(F)F)nn2-c2ccc3cc(Cl)ccc3c2)cc1,CHEMBL296686
DEC_0217,decoy,C[C@@]12CC[C@@H]3OCC[C@@H]3C1CC[C@@]13CC(CCC12)[C@@](O)(CO)C3,CHEMBL430924
DEC_4076,decoy,O=C(NC[C@H]1CC[C@H](C(=O)NC2CCc3cc(F)ccc3C2Cc2cccnc2)CC1)c1ccccc1,CHEMBL42437
DEC_4270,decoy,O=C(O)c1cccc(CCC2C3CCC(O3)C2c2nc(C(=O)NCCCCC3CCCCC3)co2)c1,CHEMBL286708
DEC_0828,decoy,CCc1nc(-c2ccc(F)cc2)c(-c2ccc(S(C)(=O)=O)cc2)s1,CHEMBL275601
DEC_0687,decoy,CN1C(=O)C23CC4C1(CN2CC[C@@]3(C)O[Si](C)(C)C)CC1(C(=O)Nc2c1ccc1c2OC=CC(C)(C)O1)C4(C)C,CHEMBL42470
DEC_1892,decoy,N#CC1Cc2cc3c(-c4ccccc4F)noc3c(Cl)c2O1,CHEMBL269649
DEC_1300,decoy,CC(C)(C)Cc1ccc(S(=O)(=O)N2CCC(NC[C@H](O)COc3cccc4[nH]c5ccccc5c34)CC2)cc1,CHEMBL440576
DEC_0778,decoy,Oc1cccc(C2=CCCN3CCCCC23)c1,CHEMBL7449
DEC_2967,decoy,O=c1c(O)c(-c2ccc(O)c(O)c2)oc2cc(O)cc(O)c12,CHEMBL50
DEC_3983,decoy,CC1CCN(CC[C@@H](C)N(C)S(=O)(=O)c2cc(Br)c(Br)s2)CC1,CHEMBL274595
DEC_4399,decoy,CCCCc1cn([C@H]2[C@H](C)CCC[C@@H]2C)c(=O)n1Cc1ccc(-c2ccccc2-c2nn[nH]n2)nc1,CHEMBL9599
ACT_075,active,C[C@H]1Oc2cc(cnc2N)-c2c(nn(C)c2C#N)CN(C)C(=O)C2C=CC(F)=CC21,CHEMBL5712062
DEC_3002,decoy,CC(=O)OC[C@]1(C)CCC[C@@]2(C)C1[C@H](O)CC1C[C@H](OC(C)=O)[C@@]3(C)CC[C@]12C3,CHEMBL9029
DEC_1983,decoy,Cc1cc(C)c(NC(=O)c2sccc2S(=O)(=O)Nc2onc(C)c2Cl)c(C)c1CC#N,CHEMBL18626
DEC_1635,decoy,CC(C)(C)c1cc(/C=C/c2n[nH]c(S)n2)cc(C(C)(C)C)c1O,CHEMBL275909
DEC_3192,decoy,CN(C)c1ccc(CNc2ccc(C3=NNC(=O)CC3)cc2)cc1,CHEMBL16493
DEC_3954,decoy,O=C1C2C3C=CC(CCCC3)C2C(=O)N1CCCCN1CCN(c2cncc(Cl)n2)CC1,CHEMBL412258
DEC_0283,decoy,CCCCCCCCCN1CCC[C@H]1CNC(=O)c1cc(Cl)cc2c1OCC(=O)N2C,CHEMBL418374
DEC_2057,decoy,O=C(O)CC(=O)N1CCC2(CCC(C(=O)N3CCC(C4CCNCC4)CC3)CC2)CC1,CHEMBL24639
DEC_4494,decoy,CC(Oc1ccc2[nH]c(C(=O)c3cc4ccccc4[nH]3)cc2c1)c1ccccc1,CHEMBL267927
DEC_0424,decoy,CC1(C)N=C(N)N=C(N)N1c1ccc(N)cc1,CHEMBL33499
DEC_3134,decoy,COC[C@H]1OC(=O)C2=CCOC3=C2[C@@]1(C)C1=C(C3=O)[C@@H]2CCC(=O)[C@@]2(C)C[C@H]1OC(C)=O,CHEMBL276894
DEC_3085,decoy,CC1(C)C=C(C(=O)NCCCN2C(=O)C3CCCCC3C2=O)C(C)(C)N1,CHEMBL15286
DEC_1443,decoy,CNC(=O)c1[nH]c(C(C)(C)C)cc1NC(=O)Nc1cccc(Cl)c1Cl,CHEMBL18908
DEC_2190,decoy,Clc1ccc2c(c1)[C@H]1NCC[C@H]1[C@@H](c1c[nH]c3ccc(Cl)cc13)N2,CHEMBL25632
DEC_4373,decoy,CCCCC1N(Cc2ccc(-c3ccccc3-c3nn[nH]n3)cc2)C(=O)c2ccccc2N1C,CHEMBL15470
DEC_3310,decoy,CNCCSC1=Cc2ccccc2Sc2ccc(F)cc21,CHEMBL279155
DEC_3660,decoy,Cc1nc(N)ccc1CNC(=O)Cn1c(C)cc2c(c1=O)NC(=O)C(CC(C)C)(CC(C)C)C2,CHEMBL10346
DEC_0429,decoy,CN(C)CCc1c[nH]c2cc3c(cc12)OCO3,CHEMBL283686
DEC_1506,decoy,CC1Cc2c(OCc3ccc(-c4ccccc4)cn3)ccc3c2c(c(COCCC(=O)O)n3Cc2ccc(Cl)cc2)S1,CHEMBL278478
DEC_4181,decoy,Cc1ccc(-c2nnc3c4ccccc4c(N4CCCC4)nn23)cc1C,CHEMBL14316
DEC_2588,decoy,NCC12NC(Cc3ccccc31)c1ccccc12,CHEMBL11118
DEC_3982,decoy,O=C(OC1CN2CCC1CC2)C(O)(c1ccccc1)c1cccc(I)c1,CHEMBL12958
DEC_1333,decoy,CC(=O)OCC(=O)[C@@]12ON(C)C[C@@H]1CC1C3CCC4=CC(=O)C=CC4(C)[C@H]3C(O)CC12C,CHEMBL416965
DEC_0480,decoy,CC(C)C(=O)N(c1ccc([N+](=O)[O-])c(C(F)(F)F)c1)[C@H]1CCC2C3CC[C@H]4N(C)C(=O)CC[C@]4(C)C3CC[C@@]21C,CHEMBL17422
DEC_3452,decoy,O=C(NN1CCCCC1)c1cccc(Oc2nccc(-c3c(-c4ccc(F)cc4)ncn3C3CCNCC3)n2)c1,CHEMBL14252
DEC_2287,decoy,CCOC(=O)/C=C(C)/C(F)=C/C=C(C)/C=C/c1c(C)cc(OC)c(C)c1Cl,CHEMBL8604
DEC_0234,decoy,CCCCCc1cc(O)c2c(c1)OC(C)(C)[C@@H]1CC[C@H](C)C(O)C21,CHEMBL10406
DEC_3601,decoy,CC(C)[C@H](NC(=O)Cn1c(-c2ccccc2)nccc1=O)C(=O)c1nnc(C(C)(C)C)o1,CHEMBL282947
DEC_0516,decoy,CC(C)(C)c1cc(C(=O)CCCC2CC2)cc2c1OCCC2,CHEMBL15077
DEC_2369,decoy,c1cc(CN2CCC(C3=NCCN3)CC2)ccc1CN1CCC(C2=NCCN2)CC1,CHEMBL10637
DEC_2991,decoy,CC(=O)O/N=C(\C)c1ccc(Sc2cc(F)cc(C3CCOCC3)c2)cc1,CHEMBL28275
DEC_0933,decoy,C=CC(=O)OC1CCC(C)(C)C(/C=C/C(C)=C/C=C/C(C)=C/C(=O)O)=C1C,CHEMBL14981
DEC_1064,decoy,O=C(CC(=O)NC1CCOC1=O)Cc1ccc(Cl)cc1,CHEMBL273574
DEC_1484,decoy,Cc1cc(C)c(NC(=O)N(CCc2ccc(SC(C)(C)C(=O)O)cc2)CCc2ccc(-c3ccccc3)cc2)cc1C,CHEMBL279211
DEC_2679,decoy,CC(C)(C)C(=O)SCCOP(=O)(OCCSC(=O)C(C)(C)C)OC[C@@H]1C[C@@H](O)[C@H](n2ccc3c(O)nc(N)nc32)O1,CHEMBL179693
DEC_3739,decoy,OC1=C2C(=Nc3c(-c4ccco4)cnn3C2c2ccc(Cl)c(Cl)c2)CCC1,CHEMBL284159
DEC_0288,decoy,CC(C)N(CCC(CCN1CCCCCC1)(C(N)=O)c1ccccc1F)C(C)C,CHEMBL12880
DEC_3010,decoy,COc1cc2c(cc1OC)-c1cc(N(C)c3c(C)cc(C)cc3C)nc(=O)n1CC2,CHEMBL34705
DEC_3069,decoy,CCCCc1nc2ccc(C(C)C)cc2c(=O)n1Cc1ccc(-c2ccccc2-c2nn[nH]n2)cc1,CHEMBL24661
DEC_1271,decoy,C=C(CC[C@H](O)[C@@]1(C)CC[C@H](C(C)(C)O)O1)[C@H]1CC[C@H]2O[C@@H]([C@]3(C)CC[C@](OC)(C(C)C)O3)CC[C@]2(C)O1,CHEMBL279258
DEC_2552,decoy,CCCc1cc(=O)oc2c3c(c4c(c12)OC(C)(C)C=C4)O[C@H](C)[C@@H](C)[C@H]3O,CHEMBL7121
DEC_4486,decoy,CC(C)c1cccc(C(C)C)c1NC(=O)NS(=O)(=O)N(C(C)C)C1CCCCC1,CHEMBL22673
DEC_3110,decoy,CNC1=NC(=O)[C@H]([C@H](CC(=O)OC(C)(C)C)c2c[nH]c3ccccc23)O1,CHEMBL27630
DEC_2349,decoy,Cc1noc(NS(=O)(=O)c2ccccc2-c2ccc(-c3ncco3)cc2CN(C)C(=O)Cc2ccccc2)c1C,CHEMBL440780
DEC_2681,decoy,CCC(=O)OC(C)OC(=O)C1(C(=O)OC(C)OC(=O)CC)Oc2ccc(C[C@@H](C)NC[C@H](O)c3cccc(Cl)c3)cc2O1,CHEMBL57126
DEC_1286,decoy,NC(=O)c1ccc(S(=O)(=O)Nc2cccc(C(c3c(O)c4c(oc3=O)CCCCCC4)C3CC3)c2)cc1,CHEMBL418545
DEC_1575,decoy,CCCCCCn1c(O)c(CCC)c(=O)n2c3c(=O)n(C)c(=O)n(C)c3nc12,CHEMBL267782
DEC_1487,decoy,OC(CN(Cc1cccc(OC(F)(F)C(F)F)c1)c1cccc(Oc2ccc(Cl)c(Cl)c2)c1)C(F)(F)F,CHEMBL302352
DEC_3491,decoy,COc1ccc(C(c2ccc(C(C)C)cc(=O)c2O)c2c(O)oc3ccccc3c2=O)cc1,CHEMBL274946
DEC_1428,decoy,CSc1sc(C(=N)N)cc1-c1nc(-c2cnccc2Cl)cs1,CHEMBL28723
DEC_1391,decoy,NCc1ccc2[nH]c(C(Cc3ccccc3F)c3ccccc3F)cc2c1,CHEMBL27037
DEC_0551,decoy,CN1CC=C(c2c[nH]c3ccc(-c4cccs4)cc23)CC1,CHEMBL27643
DEC_4451,decoy,O=C(O)Cc1nn(Cc2nc3c(F)ccc(F)c3s2)c(=O)c2ccccc12,CHEMBL282689
DEC_2042,decoy,Clc1ccc(CN2CCc3ccccc3C2Cn2ccnc2)c(Cl)c1,CHEMBL27895
DEC_2846,decoy,Cc1cc(C)n(CCCCC[S+]([O-])c2nc(-c3ccccc3)c(-c3ccccc3)[nH]2)n1,CHEMBL33661
DEC_4491,decoy,Nc1ccc(S(=O)(=O)Nc2ccc(-c3ccccc3)c3c(Cl)c[nH]c23)cc1,CHEMBL276992
DEC_3644,decoy,O=C(O)/C=C/c1ccc(-c2nc3c(=O)n(CC4CCCCC4)c(=O)n(CC4CCCCC4)c3[nH]2)cc1,CHEMBL17103
DEC_0915,decoy,COc1cc(NCc2cnc3nc(N)nc(N)c3c2C)cc(C(F)(F)F)c1,CHEMBL23963
DEC_4053,decoy,Cc1cc(SC2=C(O)OC(CCc3ccc(O)cc3)(C(C)C)CC2=O)c(C(C)(C)C)cc1N(C)C,CHEMBL35088
DEC_0607,decoy,OCCOCOCc1cc(CCCCCCCOc2c(Cl)cc(C3=NCCO3)cc2Cl)on1,CHEMBL24183
DEC_2547,decoy,Cc1cc(C(c2ccccc2C(C)C)N2CCN(C)CC2)sn1,CHEMBL22741
DEC_4013,decoy,Cc1oc(-c2ccc(C(F)(F)F)cc2)nc1COc1ccc2c(c1)C=C/C2=C\Cn1oc(=O)[nH]c1=O,CHEMBL267241
DEC_0246,decoy,C[C@]12CCC3C(CCC4=CC(=O)CC[C@]43C3CS3)C1CCC2=O,CHEMBL281433
DEC_1307,decoy,Cc1noc(C)c1-c1nc(CC(C)(NC(=O)OC2C3CC4CC(C3)CC2C4)C(=O)NCCc2ccccc2)no1,CHEMBL302656
DEC_0324,decoy,c1cc(SC2CCCCC2)ccc1NC1=NCCN1,CHEMBL9583
DEC_3699,decoy,O=C(NC[C@H](NS(=O)(=O)c1ccc(Cl)cc1)C(=O)O)c1cc2cc(CCC3CCNCC3)sc2s1,CHEMBL80432
DEC_0154,decoy,CN(C=O)[C@H]1CCC2C3CC[C@H]4N(C)C(=O)CC[C@]4(C)C3CC[C@@]21C,CHEMBL17193
DEC_4342,decoy,CC(C)S(=O)(=O)c1ccc(CC2CCN(C3CCN(C(=O)c4cccc5ccccc45)CC3)CC2)cc1,CHEMBL12150
DEC_1954,decoy,CCN(c1nc(C)cc(-c2ccccc2-c2nn[nH]n2)n1)c1ccc(C(C)C)cc1Br,CHEMBL10464
DEC_1849,decoy,CC1(C)Oc2ccc(C#N)cc2[C@H](N(Cc2ncc[nH]2)c2ccc(Cl)cc2)[C@H]1O,CHEMBL11594
DEC_4412,decoy,COc1cccc(C2=NCc3nnc(C(CN(C)C)c4ccccc4)n3-c3ccc(Cl)cc32)c1,CHEMBL277761
DEC_1217,decoy,Oc1ccc2c(c1)[C@@]13CCCC[C@@]1(O)[C@@H](C2)N(CC1CCC1)CC3,CHEMBL33986
DEC_0672,decoy,N#Cc1ccc(Cn2ccnc2)cc1[S+]([O-])c1ccc(Cl)cc1Cl,CHEMBL280384
DEC_2570,decoy,C=CC[C@@]1(C2=NCCN2)Cc2ccccc2N1C,CHEMBL41223
DEC_2242,decoy,COc1cc(CC(C)NO)c(OC)cc1I,CHEMBL274804
DEC_1743,decoy,Cc1coc2c(O)cc3c(c12)[C@H](CCl)CN3C(=O)c1cc2cc(NC(=O)c3cc4ccccc4o3)ccc2[nH]1,CHEMBL308725
DEC_3942,decoy,COc1ccc(-c2cc3c(c(=O)o2)C[C@]2(O)[C@@]4(C)C(=O)C=CC(C)(C)[C@]4(O)CC[C@@]2(C)O3)cc1OC,CHEMBL283509
DEC_4304,decoy,CC(Cc1c[nH]c2ccccc12)(NC(=O)OC12CC3CC(CC(C3)C1)C2)C(=O)NCCc1ccccc1,CHEMBL40352
DEC_2278,decoy,CCN(CC)C(=O)c1ccc(N(c2cccc(OC)c2)[C@@H]2C[C@H]3CC[C@@H](C2)N3C)cc1,CHEMBL12912
DEC_1796,decoy,Cc1c(S(=O)(=O)N[C@H]2CCN(Cc3cc4cc[nH]cc-4n3)C2=O)sc2ccc(Cl)cc12,CHEMBL8251
DEC_1475,decoy,CO/N=C(\COCc1cc(Cl)cc(Cl)c1)C(CCN1CCC(O)(c2ccccc2)CC1)c1ccc(Cl)c(Cl)c1,CHEMBL32279
DEC_1977,decoy,Cn1cnc(S(=O)(=O)Nc2cccc([C@@H](c3c(O)c4c(oc3=O)CCCCCC4)C3CC3)c2)c1,CHEMBL280303
DEC_2334,decoy,Cc1c(Cc2c(Cl)cccc2Cl)c(=O)oc2cc(OCC(=O)OCC(=O)c3ccc(Cl)cc3)ccc12,CHEMBL74789
DEC_3092,decoy,CCNn1cc(C(=O)O)c(=O)c2cc(F)c(N3CCN(C)CC3)cc21,CHEMBL12478
DEC_3241,decoy,Nc1nc(N)c2cc(NC(=O)Cc3ccc4ccccc4c3)ccc2n1,CHEMBL7403
DEC_2541,decoy,COc1nc(C(Cl)(Cl)Cl)c(Cl)c(Cl)c1Cl,CHEMBL11241
DEC_0215,decoy,CCCCC[C@@H]1/C=C\C2C(=O)CC(O)[C@@H]2C/C=C\CCCC(=O)O1,CHEMBL276380
DEC_1076,decoy,Cc1noc(N[C@@H]2c3cc(C#N)ccc3OC(C)(C)[C@H]2O)n1,CHEMBL444263
DEC_3988,decoy,COCCN(CCOC)c1nc(C)nc2c1nnn2-c1ccc(C(C)C)cc1Br,CHEMBL10504
DEC_0134,decoy,CCCCc1nc(Cl)c(C(=O)N[C@H](C)C(=O)O)n1Cc1ccc2oc(-c3ccccc3-c3nn[nH]n3)c(Br)c2c1,CHEMBL62327
DEC_0055,decoy,CC(/C=C/C(=O)C1=C(O)CN(C)C1=O)=C\CC1CCCCC1,CHEMBL442327
DEC_4047,decoy,O=C(O)C(CC#Cc1ccccc1)NS(=O)(=O)c1ccc(-c2ccc(-c3ccccc3)cc2)cc1,CHEMBL11188
DEC_1792,decoy,CN1CC=C(c2c(O)cc(O)c3c(=O)cc(-c4ccccc4I)oc23)CC1,CHEMBL269124
DEC_1172,decoy,CC(C)(C)C12COC(C3=CC(=O)C(Br)=CC3=[N+]=[N-])(OC1)OC2,CHEMBL32348
DEC_3752,decoy,CCCC(=O)OC1=C(c2ccc(OC)cc2)Sc2ccccc2-n2cccc21,CHEMBL33609
DEC_2994,decoy,Cc1noc(NS(=O)(=O)c2cccc3c(N(C)C)cccc23)c1-c1ccccc1,CHEMBL280823
DEC_3967,decoy,N#Cc1c2n(c3c(N4CCN(CCc5ccc(F)c(F)c5)CC4)nc(-c4ccncc4)nc13)CCCC2,CHEMBL26635
DEC_0131,decoy,COC(=O)C1=C(C)N=C(C)/C(=C(/O)OC)N1c1cccc(N/C(S)=N/CCCN2CCC(c3cccc(OC)c3)CC2)c1,CHEMBL265766
DEC_4147,decoy,CCN(CC)C(=O)[C@@H]1C=C2c3cccc4[nH]cc(c34)C[C@H]2N(C)C1,CHEMBL263881
DEC_1026,decoy,CCCCOC(=O)[C@]12CCC(C)(C)CC1C1C(=O)C=C3[C@@]4(C)C=C(C#N)C(=O)C(C)(C)[C@@H]4CC[C@@]3(C)[C@]1(C)CC2,CHEMBL8183
DEC_1141,decoy,Oc1c(Br)cc(Br)cc1-c1cc(Br)cc(Br)c1O,CHEMBL32991
DEC_2487,decoy,Cc1nc(S(=O)(=O)c2ccc(Cl)cc2)sc1C(=O)N[C@H](C)[C@](O)(Cn1cncn1)c1ccc(F)cc1F,CHEMBL299841
DEC_3613,decoy,O=C(NC1CCN(CC2CCCCCCC2)CC1)C1c2cc(Br)ccc2Oc2ccc(Br)cc21,CHEMBL32305
DEC_4292,decoy,CC(Cc1c[nH]c2ccccc12)(NC(=O)OC1C2CC3CC(C2)CC1C3)C(=O)NCCc1ccccc1,CHEMBL282056
DEC_0180,decoy,CC1CCCCN1c1ccc2c(c1Cl)CN1CC(=O)NC1=N2,CHEMBL31948
DEC_1702,decoy,COc1ccc([C@@H]2Sc3c(Cl)cccc3-n3c(CN(C)C)ccc3[C@@H]2OC(C)=O)cc1,CHEMBL25278
DEC_0519,decoy,CN(C)c1ccc(/C=C2\CCCc3ccccc3C2=O)cc1,CHEMBL30022
DEC_1195,decoy,COC[C@H]1OC(=O)c2coc3c2[C@@]1(C)C1=C(C3=O)[C@@H]2CCC(=O)[C@@]2(C)CC1,CHEMBL13513
DEC_3957,decoy,CC(=O)N1CCc2ccc(N(C(=O)/C=C/c3cc[n+]([O-])cc3)C3CCN(Cc4ccccc4)CC3)cc21,CHEMBL21616
DEC_4236,decoy,CCOC(=O)CSCC(=O)[C@@]12OC(C)(C)O[C@@H]1CC1C3C[C@H](F)C4=CC(=O)C=C[C@]4(C)[C@@]3(F)[C@@H](O)C[C@@]12C,CHEMBL66720
DEC_2459,decoy,C[C@@H](n1cnc2cc(-c3ccc(C(=N)NC#N)cc3)sc2c1=O)[C@](O)(Cn1cncn1)c1ccc(F)cc1F,CHEMBL291703
DEC_3212,decoy,Cc1cc(C#N)cc(Cl)c1C/N=c1\c(O)c(O)\c1=N/C(C)C(C)(C)C,CHEMBL19858
DEC_2534,decoy,CCCCn1c(=O)c2cc(C(=O)O)cn2c2cc(Cl)c(Cl)cc21,CHEMBL13567
DEC_4285,decoy,Nc1nc2cc(Cl)c(Cl)cc2n1CCCOCCCn1c(N)nc2cc(Cl)c(Cl)cc21,CHEMBL296934
DEC_2690,decoy,CCOC(=O)NC(=N)c1ccc(C(=O)N[C@@H](Cc2ccc(OC(C)=O)cc2)C(=O)N2CCC(OCC(=O)OC(C)C)CC2)cc1,CHEMBL104518
DEC_1739,decoy,CNc1cc(NC(=O)OC)ccc1Nc1c2ccccc2nc2cc(I)ccc12,CHEMBL39184
DEC_3280,decoy,Brc1ccc2[nH]cc([C@H]3Nc4ccc(CCCN5CCCCC5)cc4[C@H]4OCC[C@@H]34)c2c1,CHEMBL279681
DEC_2210,decoy,CC(C)CN[C@H]1CCS(=O)(=O)c2sc(S(N)(=O)=O)cc21,CHEMBL417975
DEC_1801,decoy,Cc1oc(-c2ccc(C(F)(F)F)cc2)nc1COc1cccc(C#CC(C)n2oc(=O)[nH]c2=O)c1,CHEMBL266574
DEC_1924,decoy,O=S1NC(Cc2coc3ccc(Cl)cc23)=NO1,CHEMBL275608
DEC_2473,decoy,CC(C)(N)CC(=O)N[C@@H]1C[S+]([O-])c2ccccc2N(Cc2ccc(-c3ccccc3-c3nn[nH]n3)cc2)C1=O,CHEMBL280836
DEC_0626,decoy,COC(=O)C(C)(C)CCCOc1ccc(OCCCC(C)(C)C(=O)OC)c(/C=N/N=C(\N)S)c1,CHEMBL269603
DEC_3252,decoy,COC(=O)[C@H]1[C@H]2C[C@H]3c4[nH]c5ccccc5c4CCN3C[C@@H]2CC[C@@H]1O,CHEMBL31410
DEC_2585,decoy,CCCN1CC[C@@H]2c3cccc(O)c3CC[C@H]21,CHEMBL24588
DEC_3918,decoy,Cc1cc(NS(=O)(=O)c2cccc3c(N(C)C)cccc23)on1,CHEMBL25854
DEC_2368,decoy,O=C1[C@@H](NS(=O)(=O)c2nc3cc(Cl)ccc3[nH]2)CCN1Cc1cc2[nH]cccc-2n1,CHEMBL416513
DEC_0611,decoy,CN(C)Cc1ccc(CSCCN/C=C(/NCCSCc2ccc(CN(C)C)o2)[N+](=O)[O-])o1,CHEMBL13206
DEC_0709,decoy,O=S1(=O)CC2(CCN(C[C@@H]3CN(S(=O)(=O)c4ccccc4)C[C@H]3c3ccccc3)CC2)c2ccccc21,CHEMBL33330
DEC_0949,decoy,CCSc1ccnc(C[S+]([O-])c2nc3ccccc3n2CSC)c1C,CHEMBL273448
DEC_0500,decoy,Cc1cc(C(C)(C)C)c(OC(=O)NS(=O)(=O)NCC(c2ccccc2)c2ccccc2)c(C(C)(C)C)c1,CHEMBL406139
DEC_0322,decoy,CC1C/C(=N/OCC(O)CNC(C)(C)C)CC(C)(C)C1,CHEMBL24500
DEC_3170,decoy,CC1(C)C=C(C(=O)NCCCCNCc2cccs2)C(C)(C)N1,CHEMBL15452
DEC_3132,decoy,CC(=O)[O-].CCn1c(=O)/c(=C2\Sc3ccccc3N2C)s/c1=C\c1scc(C)[n+]1CC,CHEMBL33149
DEC_2544,decoy,CCCC[C@@H]1CC2C3CCC(=O)C3(C)CCC2C2(C)CCC(=O)C=C12,CHEMBL24037
DEC_1339,decoy,COc1cc2c(cc1OC)[C@H]1C(=O)c3cc(OS(C)(=O)=O)c(OC)cc3[C@H]1N(C)C2=O,CHEMBL268694
DEC_1332,decoy,CC(C)(C)c1ccc(S(=O)(=O)Oc2cccc3c2C(=O)C(N2CC2)=C(N2CC2)C3=O)cc1,CHEMBL35363
DEC_4546,decoy,CCOC(=O)CNC(=O)c1ccc(N2CCC(NC[C@H](O)c3ccc(O)c(NS(C)(=O)=O)c3)CC2)cc1,CHEMBL286868
DEC_1989,decoy,O=C(O)c1cc2cc(O)c(O)cc2c(C(=O)c2ccc(Oc3ccc(C(F)(F)F)cc3)c(F)c2)n1,CHEMBL57564
DEC_3058,decoy,OC[C@@]1(CCCCCc2ccccc2)CC2C3Cc4ccc(O)c5c4C2(CCN3CC2CC2)C(O5)[C@@H]1O,CHEMBL9706
DEC_3964,decoy,COc1cc([C@@H]2c3[nH]c4ccccc4c3C[C@H]3C(=O)N4CCC[C@H]4C(=O)N23)cc(OC)c1OC,CHEMBL290939
DEC_2952,decoy,O=C1O[C@H](c2ccccc2)[C@@](Cn2ccnc2)(c2ccc(Cl)cc2Cl)O1,CHEMBL10616
DEC_1991,decoy,COc1cc2c(cc1OC)[C@@H]1[C@H](O)c3ccc4c(c3O[C@@H]1CO2)Cc1cc(C(C)C)oc1C4,CHEMBL39169
DEC_0213,decoy,Fc1cccc(C(F)(F)F)c1N(CC1CC1)C1=NCCN1,CHEMBL283739
DEC_0589,decoy,CN(C)c1ccc(S(=O)(=O)Nc2cccc(C(c3c(O)c4c(oc3=O)CCCCCC4)C3CC3)c2)cc1,CHEMBL280447
DEC_1265,decoy,CCCCCCCCS(=O)(=O)Nc1cccc(C(c2c(O)c3c(oc2=O)CCCCCC3)C2CC2)c1,CHEMBL16443
DEC_3093,decoy,CC(C)c1cc(/C=C2\SC(N=C(N)N)=NC2=O)cc(C(C)C)c1O,CHEMBL16251
DEC_4127,decoy,O=c1n(-c2cccc(F)c2)nc2c(NC3CCCC3)nc3ccccc3n12,CHEMBL16774
DEC_1171,decoy,OC1CCCCC1N1CCC(C2CCN(C3CCCCC3O)CC2)CC1,CHEMBL20429
DEC_3319,decoy,CSc1nc2nc(C(=O)c3ccccc3)cn2c2c1CCC(C)C2,CHEMBL20120
DEC_0223,decoy,C#C[C@@H](O)C12CCCC1C1CCC3=CC(=O)CC[C@@H]3C1CC2,CHEMBL14506
DEC_2047,decoy,CCC/C=C/c1c(C(C)C)nc(C(C)C)c(CO)c1-c1ccc(S(C)(=O)=O)cc1,CHEMBL278562
DEC_3589,decoy,O=C1[C@@H](NS(=O)(=O)c2ccc(-c3ccncc3)s2)CCN1Cc1cc2[nH]cccc-2n1,CHEMBL8433
DEC_2313,decoy,C=C(Cl)CN1C[C@H](OCC23C[C@@H]4[C@H](C)CC[C@H]4C4(C=O)CC2C=C(C(C)C)[C@@]34C(=O)O)OCC12CCCC2,CHEMBL283045
DEC_4247,decoy,O=C1c2ccccc2C2(CC(=O)N(N=C3CCOCC3)C2=O)C(=O)N1Cc1nc2cc(C(F)(F)F)ccc2s1,CHEMBL293471
DEC_3838,decoy,O=C1c2ccccc2C(=O)C12C(c1ccc(O)cc1)=Cc1cc(O)ccc12,CHEMBL25228
DEC_0334,decoy,CC(/N=c1\c(O)c(O)\c1=N/c1ccccc1)C(C)(C)C,CHEMBL18900
DEC_1689,decoy,CCCSC1=Nc2ccccc2S(=O)(=O)N1Cc1ccc(-c2ccccc2-c2nn[nH]n2)cc1,CHEMBL13921
DEC_3583,decoy,CCc1cc2c(=O)n(N)c(SCCCN3CCN(c4ccccc4OC)CC3)nc2s1,CHEMBL11900
DEC_4324,decoy,CCC(=O)OCC(=O)[C@@]1(OC(=O)c2ccco2)[C@H](C)CC2C3CCC4=CC(=O)C=CC4(C)[C@@]3(F)C(O)CC21C,CHEMBL289317
DEC_2725,decoy,O=C(Nc1ccc(C(=O)N2Cc3cccn3Cc3ccccc32)cn1)c1ccccc1-c1ccccc1,CHEMBL297705
DEC_1785,decoy,CC(C)(N)C(=O)NC1CC2CCC1(CS(=O)(=O)N1CCC3(CCc4ccccc43)CC1)C2(C)C,CHEMBL422572
DEC_2432,decoy,C[C@]12C=CC(=O)C=C1CC[C@@H]1[C@@H]2[C@@H](O)C[C@@]2(C)[C@H]1CC[C@]2(O)C(=O)CO,CHEMBL131
DEC_0604,decoy,CC(=O)CC1C[C@@H](CCCCCCCC#C[C@@H](O)COCCOC[C@@H](O)N2CCCCC2)OC1=O,CHEMBL418025
DEC_1231,decoy,CC(C)c1cc(C(C)(C)C)cc(C(C)C)c1OC(=O)NS(=O)(=O)Oc1c(C(C)C)cccc1C(C)C,CHEMBL22470
ACT_086,active,CC1(COc2ccc(CC3SC(=O)NC3=O)cc2)CCCCC1,CHEMBL7002
DEC_1560,decoy,N#CN/C(=N\C(Cn1ccnc1)c1ccc(Cl)cc1Cl)Nc1cccc(Cl)c1Cl,CHEMBL269307
DEC_3254,decoy,CN1CCC(O)(c2nc(-c3ccc(F)cc3)c(-c3ccncc3)[nH]2)CC1,CHEMBL281145
DEC_2894,decoy,O=c1c2c(oc(O)c1C(c1cccc(NS(=O)(=O)c3cscn3)c1)C1CC1)CCCCCC2,CHEMBL278687
DEC_1611,decoy,O=C(Cc1c[nH]c2ccccc12)OC[C@H]1C[C@@H]2O[C@H]1[C@H]1C(=O)OC(=O)[C@H]12,CHEMBL7433
DEC_2523,decoy,CC(C)(C)C1CSC(c2ccc(Br)cc2)SC1,CHEMBL29222
DEC_2807,decoy,C=C1CC[C@H](O)C(O)/C1=C/C=C1\CCCC2(C)C1CCC2[C@H](C)CCCC(C)(C)O,CHEMBL15856
DEC_3840,decoy,CC(C)(C)OC(=O)c1ncn2c1CN(C(=O)N1CCCCC1)c1ccccc1-2,CHEMBL15079
DEC_2249,decoy,CN1CCC23c4c5ccc(OC(C)(C)C)c4O[C@H]2[C@@H](O)C=CC3C1C5,CHEMBL22919
DEC_1659,decoy,Cc1noc(NS(=O)(=O)c2ccc3c(N)cccc3c2)c1C,CHEMBL25756
DEC_3970,decoy,COc1ccccc1N1CCN(CCn2c(=O)c3cscc3n(C(=O)c3ccccc3)c2=O)CC1,CHEMBL50947
DEC_1183,decoy,Nc1nc2c(cnn2CCc2ccccc2)c2nc(-c3ccco3)nn12,CHEMBL17127
DEC_0219,decoy,CCCCCc1cc(O)c2c(c1)OC(C)(C)[C@@H]1C[C@H](O)[C@H](C)CC21,CHEMBL10681
DEC_3920,decoy,CCOC(C)n1c([S+]([O-])Cc2ccccn2)nc2ccccc21,CHEMBL9862
DEC_4279,decoy,N#Cc1ccc(Cn2cncc2CNc2ccc(-c3cccc(C(=O)O)c3)c(-c3ccccc3)c2)cc1,CHEMBL55427
DEC_1687,decoy,O=C1O[C@H](c2ccc(Cl)cc2Cl)[C@@](Cn2cncn2)(c2ccc(Cl)cc2Cl)O1,CHEMBL10330
DEC_0074,decoy,CCCOOC1(OC)CCCCCCCCCCC1,CHEMBL28617
DEC_1527,decoy,CCN(CC)CC#CCCC1(C2(O)c3ccccc3C=Cc3ccccc32)SCCCS1,CHEMBL431507
DEC_4229,decoy,O=C1NC(=O)c2c1c1c3ccccc3n3c1c1c2c2ccccc2n1C[S+]([O-])C3,CHEMBL27387
DEC_4211,decoy,Cn1ccnc1NC(=O)c1c(C(F)(F)F)nc2c(C(F)(F)F)cccc2c1O,CHEMBL36360
DEC_3884,decoy,O=c1cc(-c2ccccc2Cl)oc2c(-c3cncnc3)c(O)cc(O)c12,CHEMBL8656
DEC_2189,decoy,CC1(C)OC(S)=Nc2ccc(-c3cc(Cl)cc(Cl)c3)cc21,CHEMBL24581
DEC_3647,decoy,C=C1/C(=C\C=C2/CCC[C@@]3(C)C2CC[C@@H]3[C@H](C)CCCC(C)(C)O)C[C@@H](O)[C@@H](OCCCO)[C@H]1O,CHEMBL39501
DEC_3305,decoy,CC(C)c1cccc(C(C)C)c1NC(=O)NCC(NC(=O)c1ccc2ccccc2n1)c1ccccc1,CHEMBL52973
DEC_2783,decoy,C[C@@H](NC(=O)c1ccc(-c2ccc(C#N)cc2)s1)[C@](O)(Cn1cncn1)c1ccc(F)cc1F,CHEMBL55101
DEC_2082,decoy,CCNc1c2c(nc(NC(=O)Nc3ccc(OC)cc3)n3nc(-c4ccco4)nc23)nn1C,CHEMBL20555
DEC_4166,decoy,CC[C@@H]1CC2C3CCC(=O)C3(C)CCC2C2(C)CCC(=O)C=C12,CHEMBL25059
DEC_0430,decoy,COC1=CCN(NC(=O)c2ccccc2)CC1,CHEMBL11372
DEC_3271,decoy,CC(C)c1cc(Cl)cc(C(C)C)c1OC(=O)NS(=O)(=O)Oc1c(C(C)C)cccc1C(C)C,CHEMBL22297
DEC_4535,decoy,CN(CC(=O)N[C@@H](CCCCN)C(=O)C(=O)NCc1ccccn1)C(=O)c1ccccc1Sc1ccccc1C#N,CHEMBL278612
DEC_1938,decoy,O=C1NN(c2ccccc2)CC1Sc1ccccn1,CHEMBL37122
DEC_4210,decoy,O=C(c1ccc(Br)cc1)c1ccc(C#CC2(O)CN3CCC2CC3)cc1,CHEMBL279749
DEC_0392,decoy,CC(C)CN1C2=NC(C)CN2C(=O)c2[nH]cnc21,CHEMBL18724
DEC_3217,decoy,CC1CCC(=NNc2cc(Cl)cc(Cl)c2)c2ncc(C(=O)O)c(=O)n21,CHEMBL14350
DEC_1086,decoy,NC(=O)c1csc([C@@H]2S[C@H](CO)[C@H](O)C2O)c1,CHEMBL23526
DEC_0947,decoy,CC(C)/C(=N\O)c1ccc(Sc2cc(F)cc(C3CCOCC3)c2)cc1,CHEMBL24030
DEC_4006,decoy,C[C@@H](NC(=O)c1csc(-c2ccc(Cl)cc2)n1)[C@](O)(Cn1cncn1)c1ccc(F)cc1F,CHEMBL54881
DEC_0766,decoy,C=C(C)c1nc2cc3c(cc2[nH]1)C(C)(C)C(=O)N3,CHEMBL37926
DEC_1135,decoy,Cc1c[nH]c2c1[C@@]13C[C@@H]1CN(C(=O)c1cc4cc(NC(=O)c5cc6ccccc6o5)ccc4[nH]1)C3=CC2=O,CHEMBL35493
DEC_4533,decoy,COc1ccc(S(=O)(=O)N(Cc2ccc3c(c2)OCO3)[C@H](CNCc2ccc(NC(C)=O)cc2)C(=O)NO)cc1,CHEMBL63913
ACT_032,active,COc1ccc2c(c1)cc(C1C(C#N)=C(N)N(c3cccnc3)C3=C1C(=O)CCC3)c1nnnn12,CHEMBL3325471
DEC_0125,decoy,CCNS(=O)(=O)Oc1cc(C(C)(C)C)c(SC2=C(O)OC(CCc3ccc(O)cc3)(C3CCCCC3)CC2=O)cc1C,CHEMBL306297
DEC_2355,decoy,Nc1nsc(-c2ccc(N3CCN(c4cccc(C(F)(F)F)c4)CC3)nn2)n1,CHEMBL14424
DEC_1519,decoy,CCCCN(CCCC)CC(O)c1cc(/C=C/c2ccc(C(F)(F)F)cc2)nc(/C=C/c2ccc(C(F)(F)F)cc2)c1,CHEMBL18924
DEC_0804,decoy,CC(C)CN(C1=NCCN1)c1c(Br)cccc1Br,CHEMBL19924
DEC_3994,decoy,CO/N=C1/[C@@H](Cn2cncn2)[C@H](COc2ccc(OC(C)(C)C)cc2)CC[C@@]1(C)CCn1ccnc1,CHEMBL53705
DEC_1164,decoy,COC(=O)/C=C/[C@H](CCC(N)=O)NC(=O)[C@H](Cc1ccccc1)NC(=O)[C@H](CC(C)C)NC(=O)OCc1ccccc1,CHEMBL96330
DEC_4239,decoy,CCOC(=O)N1CCC(N[C@@H]2c3cc4c(cc3[C@@H](c3cc(OC)c(O)c(OC)c3)[C@H]3C(=O)OC[C@@H]32)OCO4)CC1,CHEMBL281231
DEC_2059,decoy,CCN(CC)Cc1ccn(-c2cc3c(cc2C(F)(F)F)[nH]c(=O)c(=O)n3CC(=O)O)c1,CHEMBL274219
DEC_1894,decoy,CC(C)(C)C#CC1=C(c2ccc(S(C)(=O)=O)cc2)CCC1=O,CHEMBL436539
DEC_2330,decoy,Cc1ccc2cccc(OCc3c(C)ccc(N(C)C(=O)Cc4ccc(C(=O)c5ccc(Cl)nc5)n4C)c3C)c2n1,CHEMBL286710
DEC_4355,decoy,Cc1cc(C(C)(C)C)c(OC(=O)NS(=O)(=O)N(CC2CCCO2)CC2CCCO2)c(C(C)(C)C)c1,CHEMBL282051
DEC_2678,decoy,COc1ccc(C2(O)OC(=O)C(c3ccc4c(c3)OCO4)=C2Cc2cc(OC)c(OC)c(OCCCN3CCN(C)CC3)c2)cc1,CHEMBL304802
DEC_1061,decoy,C[S+]([O-])c1ccc2nc3sc(C(=O)O)cn3c(=O)c2c1,CHEMBL12493
DEC_0355,decoy,CC1OC2(CCN(C)CC2)C2SCCSC12,CHEMBL284802
DEC_1661,decoy,OC(c1ccc(Cl)cc1)(c1cncnc1)C1CCCCC1,CHEMBL282079
DEC_3478,decoy,COc1cc(C(=O)Oc2ccc3[nH]c(C(=O)c4cc5ccccc5[nH]4)cc3c2)cc(OC)c1OC,CHEMBL7398
DEC_0367,decoy,Nc1nc(O)c2c(n1)CCC(CBr)C2,CHEMBL25384
DEC_1999,decoy,Cc1cc(C)c(NC(=O)c2sccc2S(=O)(=O)Nc2onc(C)c2C)c(C)c1CC#N,CHEMBL279471
DEC_0783,decoy,CCSc1nnc(-c2nc(C(C)(C)C)c(O)c(C(C)(C)C)n2)s1,CHEMBL17218
DEC_1019,decoy,COc1ccc2c(c1)c(Cc1nc(-c3ccc([N+](=O)[O-])cc3)cs1)c(C)n2C(=O)c1ccc(Cl)cc1,CHEMBL282415
DEC_1597,decoy,Nc1ccc(CCn2ncc3c2nc(N)n2nc(-c4ccco4)nc32)cc1,CHEMBL22316
DEC_3559,decoy,c1cc(CSc2ccc3ccccc3n2)cc(-c2nnn(CCCCc3nnn[nH]3)n2)c1,CHEMBL18922
DEC_3304,decoy,O=C(O)c1ccc(C(F)(F)F)cc1-c1ccc2c(c1)OC[C@H](Cc1ccc(-c3ccccc3)cc1)[C@H]2O,CHEMBL417364
DEC_1890,decoy,CC[C@H]1[C@H](C)C(=O)CC23CCN(C)C(Cc4ccc(O)cc42)[C@H]13,CHEMBL33091
DEC_1637,decoy,C=CCCOC1(C(F)(F)F)OC(=O)Nc2ccc(Cl)cc21,CHEMBL278961
DEC_2612,decoy,C=C(C)CNC(=O)O[C@H]1CC[C@](CNC(=O)c2ccccc2OC)(c2ccccc2)CC1,CHEMBL16961
DEC_1715,decoy,CCCCc1nc2ccc(CN)cc2c(=O)n1Cc1ccc(-c2ccccc2-c2nn[nH]n2)cc1,CHEMBL14507
DEC_1015,decoy,CC1=C([N+](=O)[O-])[C@@H](c2ccccc2C(F)(F)F)[C@H](C(=O)c2ccccc2)C(/C=C(\O)c2ccccc2)=N1,CHEMBL46962
DEC_0235,decoy,CCCCCc1cc(O)c2c(c1)OC(C)(C)[C@@H]1CCC(C)[C@H](O)C21,CHEMBL10488
DEC_2661,decoy,CCOC(=O)CCCCO/N=C(/c1cccnc1)c1cccc(C(=O)N2CCN(C(=O)C3CSC(c4cccnc4)N3)CC2)c1,CHEMBL117889
DEC_4209,decoy,O=C(O)C1CCN(C(=O)N2CCC3(CC2)CCN(c2ccncc2)C3)CC1,CHEMBL441017
DEC_2431,decoy,C[C@]12C=CC(=O)C=C1CCC1C2[C@@H](O)C[C@@]2(C)C1CC[C@]2(O)C(=O)CO,CHEMBL416516
DEC_3813,decoy,OCC1Cc2ccc(Br)cc2CN1,CHEMBL41487
DEC_0538,decoy,CN(C/C=C/c1ccsc1)Cc1cccc2ccccc12,CHEMBL277690
DEC_0116,decoy,COc1cc(C2Oc3cc(-c4oc5c(C/C=C(\C)CCC=C(C)C)c(O)cc(O)c5c(=O)c4O)ccc3OC2CO)ccc1O,CHEMBL42160
DEC_0248,decoy,COc1ccc2c(c1)N(CC(C)CN(C)C)c1ccccc1S2,CHEMBL22987
DEC_2343,decoy,CC(C)OC(=O)CSc1ccc(CC2CCN(C3CCN(C(=O)c4cccc5ccccc45)CC3)CC2)cc1,CHEMBL12419
DEC_4125,decoy,O=c1c(-c2cccc(CO)c2)cccn1C(CN1CCC(O)C1)c1ccccc1,CHEMBL429211
DEC_3385,decoy,CO[C@]12C=CC3(CC14CCC[C@H]4O)C1Cc4ccc(O)c5c4C3(CCN1C)[C@@H]2O5,CHEMBL416765
DEC_2856,decoy,Cc1noc(NS(=O)(=O)c2ccccc2-c2ccc(-c3ncco3)cc2COC(C)C)c1C,CHEMBL285118
DEC_1177,decoy,Cc1onc(NS(=O)(=O)c2cccc3c(N(C)C)cccc23)c1C,CHEMBL25816
DEC_1416,decoy,CC(C(=O)O)c1cc(C(=O)c2ccccc2)ccc1OC(=O)C(C)(C)C,CHEMBL10318
DEC_0545,decoy,Oc1ccc(C(=C2CCCCC2)c2ccc(O)cc2)cc1,CHEMBL6619
DEC_1297,decoy,CC(C)(C)OC(=O)NCCC(=O)Nc1cccc(C(c2c(O)c3c(oc2=O)CCCCCC3)C2CC2)c1,CHEMBL16359
DEC_4167,decoy,O=C(O)Cc1nc(-c2ccc(Cl)c(Cl)c2)oc1-c1ccoc1,CHEMBL18462
DEC_1620,decoy,NS(=O)(=O)c1cc(C(=O)NN2Cc3ccccc3C2CO)ccc1Cl,CHEMBL6977
DEC_1441,decoy,Cc1noc(NS(=O)(=O)c2cccc3c(NCc4ccccc4)cccc23)c1C,CHEMBL440653
DEC_0782,decoy,ClP1(Cl)=NP(Cl)(Cl)=NP(N2CC2)(N2CC2)=N1,CHEMBL285314
DEC_4273,decoy,O=C(O)Cc1cccc(CC2C3CCC(O3)C2c2nc(C(=O)NCCCCC3CCCCC3)co2)c1,CHEMBL285596
DEC_3156,decoy,O=S(=O)([O-])Nc1ccc(-c2nc3ccccc3s2)cc1I.[Na+],CHEMBL12385
DEC_0026,decoy,OC[C@@]1(CCCc2ccccc2)CC2C3Cc4ccc(O)c5c4C2(CCN3CC2CC2)C(O5)[C@@H]1O,CHEMBL275125
DEC_3501,decoy,CCCCC1Nc2ccc(CC)cc2C(=O)N1Cc1ccc(-c2ccccc2-c2nn[nH]n2)cc1,CHEMBL15519
DEC_2936,decoy,CN(C)CCSC1Cc2ccccc2Sc2ccc(Cl)cc21,CHEMBL278257
DEC_4385,decoy,CCCCc1nc2ccc(C(C)OC)cc2c(=O)n1Cc1ccc(-c2ccccc2-c2nn[nH]n2)cc1,CHEMBL15154
DEC_3503,decoy,O=C(NCCCOc1ccc2nc(O)ccc2c1)N(C1CCCCCC1)[C@H]1CCCC[C@@H]1O,CHEMBL284074
DEC_3754,decoy,O=S(=O)(Nc1cccc(SCc2ccc3ccccc3n2)c1)C(F)(F)F,CHEMBL17533
DEC_2593,decoy,O=C(O)c1cc2cc(Br)ccc2[nH]1,CHEMBL22435
DEC_2220,decoy,CCn1c2cc(N3CCN(C)CC3)c(F)cc2n2c(=O)[nH]c(=O)cc12,CHEMBL28180
DEC_3360,decoy,CC1=C(C(=O)OC(C)(C)C)N2C(=O)/C(=C\OC(=O)C(C)(C)C)[C@H]2S(=O)(=O)C1,CHEMBL6865
DEC_3611,decoy,C=C[C@@]1(C)CC=C2C(CCC3[C@](C)(CC(=O)NS(=O)(=O)c4ccc(I)cc4)CCC[C@@]23C)C1,CHEMBL323849
ACT_026,active,Nc1ncnc2c1ncn2[C@@H]1O[C@H](CO)[C@@H](O)[C@H]1S,CHEMBL14326
DEC_1338,decoy,O=C1C(N2CC2)=C(N2CC2)C(=O)c2c(OS(=O)(=O)c3cccc4ccccc34)cccc21,CHEMBL35665
DEC_1292,decoy,COc1cc([C@@H]2c3cc4c(cc3[C@@H](Nc3cc(F)cc(F)c3)[C@H]3COC(=O)[C@H]23)OCO4)cc(OC)c1O,CHEMBL29554
DEC_3284,decoy,O=C(c1ccccc1)C(Cc1ccc(C(F)(F)P(=O)(O)O)c(-c2ccccc2)c1)c1ccccc1,CHEMBL9047
DEC_3824,decoy,CC(C)(C)NCC(O)COC(=O)C1CCCC1,CHEMBL7312
DEC_4132,decoy,O=C(c1cccc(Cl)c1)C(O)(Cn1cncn1)c1cccc(Cl)c1,CHEMBL268023
DEC_0639,decoy,O=c1cc(COC2CCOCC2)occ1OC(=O)[C@]12C[C@H]3C[C@H](C[C@H](C3)C1)C2,CHEMBL268251
DEC_3387,decoy,CC(C)(C)OC(=O)c1ncn2c1CN(C(=O)N1CC3CC1CN3)c1cc(Cl)ccc1-2,CHEMBL15226
DEC_0996,decoy,COc1cc(Nc2c(C#N)cnc3cc(-c4cc(CN5CCSCC5)cs4)ccc23)c(Cl)cc1Cl,CHEMBL431136
DEC_2741,decoy,O=C(Nc1ccc(Cl)cc1Cl)OC(Cn1ccnc1)c1ccc(Cl)cc1Cl,CHEMBL416142
DEC_2595,decoy,CCCN1CCC2c3c(O)cccc3CCC21,CHEMBL9980
DEC_2395,decoy,O=C1NC(=O)C(CC#Cc2cccc(Cl)c2)(S(=O)(=O)c2ccccc2)S1,CHEMBL12026
DEC_0008,decoy,CO[C@H]1[C@H]2O[C@H]2[C@@H](OCC23C[C@@H]4[C@H](C)CC[C@H]4C4(C=O)CC2C=C(C(C)C)C34C(=O)O)O[C@@H]1C,CHEMBL286043
DEC_2181,decoy,CC(C)(C)Nc1nc(C(F)(F)F)nc2ccc(-c3ccsc3)cc12,CHEMBL274456
DEC_2533,decoy,CCCC1OC(C#CC2CC2)(C(F)(F)F)c2cc(Cl)ccc2NC1=O,CHEMBL283630
DEC_3745,decoy,O=C1NC(=O)C(CC#Cc2ccc(Cl)cc2)(Sc2ccc(Cl)cc2)S1,CHEMBL276264
DEC_2414,decoy,CC[C@@]1(O)C(=O)OCc2c1cc1n(c2=O)Cc2cc3c(C=O)c(O)ccc3nc2-1,CHEMBL10364
DEC_2447,decoy,Cc1ccc(Cl)c2c1SCc1c(O)cc(C(=O)O)nc1-2.NCCO,CHEMBL29282
DEC_2198,decoy,O=c1[nH]c(=S)c2cc(Sc3ccc4ccccc4c3)ccc2[nH]1,CHEMBL267666
DEC_1658,decoy,CC1(C)C(=O)Nc2cc3[nH]c(/C=C/c4cccnc4)nc3cc21,CHEMBL26621
DEC_0827,decoy,COC1(c2csc(Sc3ccc4c(c3)OCC/C4=N\O)c2)CCOCC1,CHEMBL284403
DEC_3769,decoy,Cc1cc(C(=O)Nc2cc(C(=N)N(C)C)cs2)n(-c2cc3ccccc3cc2F)n1,CHEMBL280214
DEC_1042,decoy,CC(/N=c1\c(O)c(O)\c1=N/[C@H](C)C(C)(C)C)c1ccc(C#N)cc1,CHEMBL280209
DEC_3674,decoy,CC(CCCCn1cnc2c1NC=NCC2O)(Cc1cccc(Br)c1)C(=O)O,CHEMBL290887
DEC_1406,decoy,CC(CO)Cc1cc(C(=O)c2ccccc2)ccc1OC(=O)C(C)(C)C,CHEMBL10503
DEC_3395,decoy,CC(C)(C)C1CS(=O)(=O)C(c2ccc(Br)cc2)S(=O)(=O)C1,CHEMBL31872
DEC_1335,decoy,CC(=O)OCC(=O)[C@@]12OC(C)(C)O[C@@H]1CC1C3CCC4=CC(=O)C=CC4(C)[C@H]3C(O)CC12C,CHEMBL284709
DEC_3455,decoy,O=c1cc(-c2ccoc2)c2ccc(OCc3cccc(C4(O)CC5COC(C4)O5)n3)cc2n1Cc1ccccc1,CHEMBL23007
DEC_0819,decoy,CCCc1cc(=O)oc2c3c(c4c(c12)OC(C)(C)C=C4)O[C@H](CC)[C@H](C)[C@H]3O,CHEMBL266322
DEC_1876,decoy,COc1nc(C(Cl)(Cl)Cl)c(Cl)c(O)c1Cl,CHEMBL11122
DEC_4188,decoy,COC(=O)C1C(c2ccc(I)cc2)CC2CCC1N2C,CHEMBL14391
DEC_0534,decoy,CCCC(=O)c1cc(C(C)(C)C)c2c(c1)C(C)(CC)CO2,CHEMBL277112
DEC_4435,decoy,CC1(O)OC(=O)C(c2ccc3ccccc3c2)=C1c1ccc(S(C)(=O)=O)cc1,CHEMBL18312
DEC_1979,decoy,Cn1cnc(S(=O)(=O)Nc2cccc(C(c3c(O)c4c(oc3=O)CCCCCC4)C3CC3)c2)c1,CHEMBL16399
DEC_2268,decoy,CCCCCCCOC(=O)Cc1nc(-c2ccc(Cl)cc2)oc1-c1ccco1,CHEMBL19377
DEC_0325,decoy,CCCNCc1cccc(I)c1.Cl,CHEMBL266156
DEC_4099,decoy,COc1cc2c(cc1OC)C(C)=[N+]([O-])C(c1c(F)c(F)c(F)c(F)c1F)N2,CHEMBL30129
DEC_1180,decoy,CCOc1cc2c(cc1OCC)[C@@H]1C[C@@H]3C[C@H](O)CCC3CN1CC2,CHEMBL424034
DEC_3949,decoy,CCN1C(=O)c2c(nc(OC)n2Cc2ccc(OC)c(Br)c2)N2C1=N[C@@H]1CCC[C@@H]12,CHEMBL26775
DEC_3349,decoy,CC(C)(C)c1cc(C(=O)CS(=O)(=O)CC2CC2)cc2c1OCC2(C)C,CHEMBL266858
DEC_3762,decoy,COC(=O)c1oc(C(C)(C)C)cc1NC(=O)Nc1cccc(Cl)c1Cl,CHEMBL18525
DEC_2854,decoy,COC1(c2cc(F)cc(Sc3ccc4c(c3)OCC/C4=N\OCC#N)c2)CCOCC1,CHEMBL25692
DEC_1633,decoy,CCCCC[C@@H]1/C=C\C2[C@H](O)CC(=O)[C@@H]2CCCCCCC(=O)O1,CHEMBL12731
DEC_3888,decoy,Cc1cc(C(c2ccc(OC(C)C)cc2)N2CCN(C)CC2)sn1,CHEMBL279048
DEC_2626,decoy,CCCCCCCCCOc1ccc(N2C(N)=NC(N)=NC2(C)C)cc1Cl,CHEMBL33739
DEC_1349,decoy,Cc1nc(-c2c3n(c4c(N5CCN(CCc6ccccc6)CC5)ncnc24)CCCC3)no1,CHEMBL285576
DEC_3571,decoy,CN1C(=O)N(CC(COc2cccc(-c3ccc(C#N)cc3)c2)N(O)C=O)C(=O)C1(C)C,CHEMBL418437
DEC_3158,decoy,CC(NCCNC(=O)C1=CC(C)(C)NC1(C)C)c1cccs1,CHEMBL278901
DEC_4395,decoy,Cn1cncc1C(OCc1nc(Cl)c(C#N)cc1-c1cccc(Cl)c1)c1ccc(C#N)cc1,CHEMBL288046
DEC_3595,decoy,CO[C@@H]1[C@H](OC(=O)/C=C/C=C/C=C/C=C/C(=O)O)CC[C@]2(CO2)[C@H]1[C@@]1(C)O[C@@H]1CC=C(C)C,CHEMBL32838
DEC_3012,decoy,CC(C)(C)C(=O)Oc1ccc(/N=N/c2ccc(OC(=O)C(C)(C)C)cc2)cc1,CHEMBL268957
DEC_2201,decoy,O=C1Nc2ccc(Cl)cc2C(OCC=C(Cl)Cl)(C(F)(F)F)O1,CHEMBL280231
DEC_2303,decoy,CO[C@H]1CN(CC2=CCCCC2)C[C@H](OCC23C[C@@H]4[C@H](C)CC[C@H]4C4(C=O)CC2C=C(C(C)C)C34C(=O)O)O[C@@H]1C,CHEMBL47754
DEC_0146,decoy,Cn1nc(C(=O)NCCNc2c3ccccc3nc3ccccc23)cc1C(=O)NCCNc1c2ccccc2nc2ccccc12,CHEMBL265349
DEC_4542,decoy,Nc1nc(N)c2nc(CN(C=O)c3ccc(C(=O)NC(CCCNC(=O)c4ccccc4)C(=O)O)cc3)cnc2n1,CHEMBL27514
DEC_3126,decoy,CC(C)=CCc1c(O)n(Cc2ccc(F)cc2)c2nc3c(c(=O)n(C)c(=O)n3C)n2c1=O,CHEMBL13013
DEC_1427,decoy,C=C1/C(=C\C=C\C2CCCC([C@@H](C)CC#CC(C)(C)O)C2(C)C)C[C@@H](O)C[C@@H]1O,CHEMBL290789
DEC_2927,decoy,O=C1O[C@H](c2cccc(Cl)c2)[C@@](Cn2cncn2)(c2cccc(Cl)c2)O1,CHEMBL269178
DEC_2950,decoy,CCC1OC(/C=C/C2CC2)(C(F)(F)F)c2cc(Cl)ccc2NC1=O,CHEMBL284065
DEC_0296,decoy,CCCCc1cn(CCCC)c(=O)n1Cc1ccc(-c2ccccc2-c2nn[nH]n2)nc1,CHEMBL9642
DEC_1669,decoy,CC(C)C1NC(=O)OC12CCN(CCc1c[nH]c3ccccc13)CC2,CHEMBL25509
DEC_3534,decoy,Cn1cc(NC(=O)c2cc(NC(=O)c3cc(-c4cc5cccc(Cl)c5s4)cn3C)cn2C)cc1C(=O)NCCN1CCOCC1,CHEMBL129242
DEC_0250,decoy,CCCC(CCC)c1nc2c([nH]1)N1C(=N[C@@H]3CCC[C@@H]31)N(C)C2=O,CHEMBL280307
DEC_3605,decoy,CC1=NN(c2ccccc2)C(=O)C1/N=N/c1ccc(S(=O)(=O)Nc2ncccn2)cc1,CHEMBL281997
DEC_0175,decoy,CC1OC(C#CC2CC2)(C(F)(F)F)c2c(ccc(F)c2F)NC1=O,CHEMBL31771
DEC_1843,decoy,CCC1=C(c2ccc(O)cc2)c2ccc(OCC(O)CO)cc2Sc2ccccc21,CHEMBL14625
DEC_2714,decoy,CC1=C(C(=O)O)CC[C@@]2(C)C1=CCC1C2CC[C@@]2(C)C1CC[C@@H]2C(=O)N(C(C)C)C(C)C,CHEMBL422046
DEC_0526,decoy,CCCCCC(=O)c1cc(C(C)(C)C)c2c(c1)C(C)(C)CO2,CHEMBL276663
DEC_1434,decoy,C=C1/C(=C\C=C\[C@@H]2CCC[C@H]([C@@H](C)CCCC(C)(C)O)C2(C)C)C[C@@H](O)C[C@@H]1O,CHEMBL431123
DEC_4225,decoy,O=C(Nc1nccs1)c1cc(Br)cc(Br)c1O,CHEMBL276997
DEC_2625,decoy,COc1cc(NC(C)CCCN)c2ncccc2c1Oc1ccc(F)c(C(F)(F)F)c1,CHEMBL417434
DEC_4201,decoy,CN(C)CC(=O)N1c2ccc(Cl)cc2N(C)S(=O)(=O)c2ccccc21,CHEMBL423842
DEC_1649,decoy,CC(C)c1cc(C(C)C)c2nc3sc(C(=O)O)cn3c(=O)c2c1,CHEMBL12422
DEC_1181,decoy,Nc1nc2nn(Cc3ccc(F)cc3)cc2c2nc(-c3ccco3)nn12,CHEMBL278906
DEC_0290,decoy,OC(CCN1CCN(CCOC(c2ccccc2)c2ccccc2)CC1)c1cccs1,CHEMBL28598
DEC_4506,decoy,O=C(NCc1ccc(Cl)cc1)c1cc(Br)cc(Br)c1O,CHEMBL21445
DEC_1604,decoy,Cc1cn(COC2CP(=O)(Oc3ccccc3)OC2C)c(=O)[nH]c1=O,CHEMBL428365
DEC_4002,decoy,CCO/C(O)=C1\C(COCCn2ccnn2)=NC(C)=C(C(=O)OC)C1c1cccc(Cl)c1Cl,CHEMBL298799
DEC_1758,decoy,O=C1NC(=O)C(CC#Cc2ccc(Cl)cc2)(S(=O)(=O)c2ccc(Br)cc2)S1,CHEMBL12201
DEC_1289,decoy,COc1ccc(S(=O)(=O)Nc2cccc(C(c3c(O)c4c(oc3=O)CCCCCC4)C3CC3)c2)cc1OC,CHEMBL16832
DEC_4056,decoy,C=C(C(=O)N1C[C@H]2[C@@]3(c4ccc(C)cc4)CC[C@H](c4ccccc43)[C@@]2(C(=O)O)C1)c1ccccc1OC,CHEMBL446112
DEC_0836,decoy,C=CC1=C(C(=O)O)N2C(=O)[C@@H](NC(=O)[C@H](N)c3ccc(O)cc3)[C@H]2CO1,CHEMBL19254
DEC_1750,decoy,C=C(C)[C@@H]1CC[C@]2(C(=O)NCC(=O)O)CC[C@]3(C)[C@H](CCC4[C@@]5(C)CC[C@H](O)C(C)(C)[C@@H]5CC[C@]43C)[C@@H]12,CHEMBL442326
DEC_1662,decoy,C[C@H]1C[C@H]2C3Cc4ccc(O)cc4C2(CCN3CC2CC2)CC1=O,CHEMBL286801
DEC_0781,decoy,O=S1NC(Cc2csc3ccccc23)=NO1,CHEMBL280082
DEC_3294,decoy,CN(C)Cc1nc2ccccc2c(-c2ccccc2)c1C(=O)NCc1cc(C(F)(F)F)cc(C(F)(F)F)c1,CHEMBL24829
DEC_2159,decoy,C[C@H]1CNc2cc3nc(O)cc(C(F)(F)F)c3cc2C1CCC(F)(F)F,CHEMBL281945
DEC_2567,decoy,O=C(c1ccc2c(c1)CNCC2)C(F)(F)F,CHEMBL28390
DEC_3431,decoy,CC1CCCCCCCCCCCOC(=O)N1CC(O)C(Cc1ccccc1)NC(=O)O[C@H]1CO[C@H]2OCC[C@H]21,CHEMBL62182
DEC_4311,decoy,CC(C)c1cccc(C(C)C)c1NC(=O)NCC1(c2ccc(OP(=O)(O)O)cc2)O[C@H](C)[C@@H](C)O1,CHEMBL41967
DEC_2775,decoy,CC(C)Oc1nc2ccc(C(=O)O)cn2c(=O)c1Cc1ccc(-c2ccccc2-c2nn[nH]n2)cc1,CHEMBL57781
DEC_3873,decoy,CCc1cc2c(s1)Nc1ccc(F)cc1N=C2N1CCN(C)C(C)C1,CHEMBL276095
DEC_1663,decoy,C[C@@H]1C[C@@H]2C3Cc4ccc(O)cc4C2(CCN3CC2CC2)CC1=O,CHEMBL287660
DEC_2380,decoy,CC(C)(C)c1ccc(S(=O)(=O)N[C@H]2CCN(Cc3cc4c[nH]ccc-4n3)C2=O)cc1,CHEMBL267168
DEC_1971,decoy,CN1CCN(CC#CCCC2(C3(O)c4ccccc4Oc4ccccc43)SCCCS2)CC1,CHEMBL41962
DEC_3194,decoy,CCC1NC(=O)OC12CCN(CCc1c[nH]c3ccccc13)CC2,CHEMBL281460
DEC_4117,decoy,O=C1CCc2cc3c(c4c5cc(CN6CCOCC6)ccc5n1c24)CCNC3,CHEMBL26503
DEC_2074,decoy,O=C1[C@@H](NS(=O)(=O)c2cc3c(Cl)nccc3s2)CCN1Cc1cc2c[nH]ccc-2n1,CHEMBL8503
DEC_4048,decoy,O=C(OCCCc1ccc(Br)cc1)[C@@H]1CCCN1C(=S)NC12C[C@H]3C[C@@H](C1)C[C@@H](C2)C3,CHEMBL33934
DEC_4396,decoy,C[C@@H](NC(=O)N1C(=O)CC1SCc1ccc(CC(=O)OC(C)(C)C)cc1)c1ccccc1,CHEMBL288793
DEC_3878,decoy,CC1=NN(C(=O)NC2CCCCC2)C(C)=NN1C(=O)NC1CCCCC1,CHEMBL265589
DEC_2817,decoy,CC(C)(C)c1ccc(N/N=C(\N=N\c2nnnn2-c2ccccc2)c2ccccc2)cc1,CHEMBL23069
DEC_2147,decoy,Cn1cc(C(C(=O)NS(=O)(=O)c2ccc(Cl)cc2)c2ccc3c(c2)OCO3)c2ccc(C(N)=O)cc21,CHEMBL433619
DEC_3610,decoy,O=C(NC1CCN(C/C2=C/CCCCCC2)CC1)C1c2cc(Br)ccc2Oc2ccc(Br)cc21,CHEMBL33580
DEC_2494,decoy,COc1ccc([N+](=O)[O-])cc1N[C@@H]1c2cc3c(cc2[C@@H](c2cc(OC)c(O)c(OC)c2)[C@H]2C(=O)OC[C@@H]21)OCO3,CHEMBL306312
DEC_2458,decoy,C[C@@H]1C[C@H]2O[C@@H]2/C=C\C=C\C(=N/OCC(=O)NCCc2cccn2C)Cc2c(Cl)c(O)cc(O)c2C(=O)O1,CHEMBL84564
DEC_1027,decoy,Cc1nc2cnccc2n1-c1ccc(OCc2cccc(/C=C/c3ccc4ccc(Cl)cc4n3)c2)cc1,CHEMBL28902
DEC_0417,decoy,CC1(C)N=C(N)N=C(N)N1c1ccccc1O,CHEMBL21420
DEC_0170,decoy,C=CCN(C1=NCCN1)c1c(Br)cccc1Br,CHEMBL20176
DEC_0508,decoy,CCCCC(=O)c1cc(C(C)(C)C)c2c(c1)C(C)(C)CCN2,CHEMBL14520
DEC_2392,decoy,Cc1noc(NS(=O)(=O)c2cccc3c(N4CCCCC4=O)cccc23)c1C,CHEMBL284177
DEC_1220,decoy,CC(=O)c1cc2c(s1)[C@@H](NC(=O)c1ccccc1F)[C@H](O)C(C)(C)O2,CHEMBL28737
DEC_0231,decoy,CCCc1ccc(C(c2ccns2)N2CCN(C)CC2)cc1,CHEMBL428857
DEC_0202,decoy,O=S1NC(Cc2cc3cc(Br)ccc3s2)=NO1,CHEMBL17707
DEC_4469,decoy,N=C(Nc1ccc(CCNC(=O)CC2CCSS2)cc1)c1cccs1,CHEMBL33692
DEC_2818,decoy,COc1ccc(C2Sc3ccccc3-n3c(CNc4ccc(F)cc4)ccc32)cc1,CHEMBL18412
DEC_1909,decoy,CCCCc1ccc(N2C(N)=NC(N)=NC2(C)C)cc1,CHEMBL6962
DEC_3975,decoy,O=C1C2C3CCC(C4CCC43)C2C(=O)N1CCCCN1CCN(c2cncc(Cl)n2)CC1,CHEMBL28406
DEC_2711,decoy,Cc1cc(SC2=C(O)OC(C)(CCc3ccc(O)cc3)CC2=O)c(C(C)(C)C)cc1O,CHEMBL37668
DEC_4275,decoy,CC(CNCCc1ccccc1)(Cc1c[nH]c2ccccc12)NC(=O)OC1[C@H]2C[C@@H]3C[C@@H](C[C@H]1C3)C2,CHEMBL35555
DEC_1546,decoy,CCCCCc1cc(O)cc2c1Oc1c(C=O)c(O)c(Cl)c(C(=O)CCCC)c1C(=O)O2,CHEMBL285696
DEC_4419,decoy,Cc1cc(Cl)nnc1NS(=O)(=O)c1cccc2c(N(C)C)cccc12,CHEMBL415106
DEC_0150,decoy,CO/C(O)=C1\C(C)=NC(C)=C(C(=O)OC(C)(C)C)C1c1cccc(NC(=O)NCCCN2CCN(c3ccccc3OC)CC2)c1,CHEMBL196546
DEC_0028,decoy,O=S(=O)(NC1CCCC[C@@H]1c1ccccc1)NS(=O)(=O)NC1CCCC[C@H]1c1ccccc1,CHEMBL21818
DEC_2536,decoy,CCCC[C@@H]1CC2C(CCC3(C)C(=O)CCC23)C2(C)C=CC(=O)C=C12,CHEMBL8417
DEC_4488,decoy,COc1ccc(C2(C(F)(F)F)N=N2)cc1CN[C@H]1CCCN[C@H]1c1ccccc1,CHEMBL25492
DEC_3952,decoy,COc1cccc2c1CC[C@H]1CN(CCn3c(=O)[nH]c4c(sc5ccc(C)cc54)c3=O)C[C@@H]21,CHEMBL40310
DEC_2036,decoy,CCCC1=C[C@@]2(OC)C(=C/C1=N/OC)O[C@H](c1ccc(OC)c(OC)c1)[C@H]2C,CHEMBL30465
DEC_2599,decoy,Nc1cccc2c1C(=O)N(c1ccccc1)C2=O,CHEMBL269410
DEC_2879,decoy,COc1cc(NS(C)(=O)=O)ccc1Nc1c2ccc(N(C)C)cc2nc2cc(N(C)C)ccc12,CHEMBL37615
DEC_0078,decoy,c1ccc(C2(c3ccccc3)OC[C@H]([C@@H]3CCCN3)O2)cc1,CHEMBL283825
DEC_4420,decoy,COc1ccc2c3c1OC1C(=O)[C@@H](C)CC4(O)C(C2)N(CC2CCC2)CCC314,CHEMBL32723
DEC_3841,decoy,CN1Cc2c(C(=O)OC(C)(C)C)ncn2-c2ccc(N=[N+]=[N-])cc2C1=O,CHEMBL6421
DEC_1964,decoy,COc1cc(O)c2c(c1C)C(=O)CCCCC/C(S)=N/[C@H](c1nc(CO)no1)CSC2,CHEMBL39548
DEC_1752,decoy,C=C(C)[C@@H]1CC[C@]2(C(=O)NCCCC(=O)O)CC[C@]3(C)[C@H](CCC4[C@@]5(C)CC[C@H](O)C(C)(C)[C@@H]5CC[C@]43C)[C@@H]12,CHEMBL11801
DEC_0347,decoy,O=C1CCC(c2ccc(NCc3ccccc3)cc2)=NN1,CHEMBL278270
DEC_2332,decoy,C[C@H]1C[C@@]23O[C@]2(c2ccccc21)C1CC(OC(=O)[C@H](O)[C@@H](NC(=O)CCC2CCCC2)c2ccccc2)C3(C)C1(C)C,CHEMBL289017
DEC_2003,decoy,CN1C(=O)CC[C@]2(C)C3CC[C@@]4(C)C(CC[C@@H]4N(C=O)CCC(C)(C)C)C3CC[C@@H]12,CHEMBL16863
DEC_1383,decoy,C=C(C)n1c(=O)n(Cc2nc3ccccc3n2CCCCO)c2ccccc21,CHEMBL277331
DEC_3087,decoy,O=C(O)Cc1cccc2c1Cc1c-2nc(O)c2nc(CP(=O)(O)O)cn12,CHEMBL278615
DEC_4007,decoy,COc1nsnc1N1CCN(C[C@@H](Cc2ccccc2)N(C)C(=O)C2CCCCC2)CC1,CHEMBL10796
DEC_3850,decoy,CC1(C)Oc2c(c3nc4ccccc4nc3c3ccccc23)CC1S(=O)(=O)O,CHEMBL278722
DEC_4555,decoy,CC(C)(C)NC(=O)[C@@H]1CN(Cc2ccccn2)CCN1C[C@@H](O)[C@H](Cc1ccccc1)NC(=O)O[C@H]1CCOC1,CHEMBL73804
DEC_2955,decoy,C/N=C(/NC(N)=O)NC1c2cc(C#N)ccc2OC(C)(C)[C@H]1O,CHEMBL6532
DEC_4305,decoy,Cc1cc(C)cc(-c2[nH]c3ccc(C(C)(C)C(N)=O)cc3c2CCNCCCCc2cccnc2)c1,CHEMBL47791
DEC_3437,decoy,Cc1cc(C)c(NC(=O)c2sccc2S(=O)(=O)Nc2onc(C)c2Cl)c(C(=O)N(C)CC(C)(C)C)c1,CHEMBL61711
DEC_1625,decoy,CC(/N=c1\c(O)c(O)\c1=N/c1ccc(-c2ccccc2)cc1)C(C)(C)C,CHEMBL19200
DEC_2939,decoy,O=C1Nc2ccc(F)c(F)c2C(OCC=C(Cl)Cl)(C(F)(F)F)O1,CHEMBL17662
DEC_0420,decoy,CC1(C)S[C@@H]2[C@@H](S)C(=O)N2[C@H]1C(=O)O,CHEMBL24275
DEC_0115,decoy,CC(C)C[C@@H]1OC(=O)C(C)(C)CNC(=O)[C@@H](Cc2ccc(N)c(Cl)c2)NC(=O)/C=C/C[C@@H]([C@H](C)/C=C/c2ccccc2)OC1=O,CHEMBL262960
DEC_0987,decoy,CSc1nn(-c2c(Cl)cc(Cl)cc2Cl)c2nc(C)nc(-c3ccccc3C(F)(F)F)c12,CHEMBL10174
DEC_0614,decoy,CCCc1c(OCCCOc2cccc(NC(=O)CCC(=O)OCC)c2C#N)ccc(C(C)=O)c1O,CHEMBL15269
DEC_4262,decoy,COC(=O)N(C(=O)OC)N1C(=O)CC2(C(=O)N(Cc3ccc(Br)cc3F)C(=O)c3ccccc32)C1=O,CHEMBL62980
DEC_1227,decoy,CC(Cc1c[nH]c2ccccc12)(NC(=O)OC1[C@H]2C[C@@H]3C[C@@H](C[C@H]1C3)C2)C1NC=C(CCc2ccccc2)S1,CHEMBL286843
DEC_2312,decoy,Cc1ccc2cccc(OCc3c(C)ccc(N(C)C(=O)CCc4ccc(C(=O)c5cccnc5)n4C)c3C)c2n1,CHEMBL26629
DEC_0875,decoy,Cc1cn(C2CC(O)C(CNC(=O)Oc3ccccc3)O2)c(=O)[nH]c1=O,CHEMBL274898
DEC_1368,decoy,COC(=O)[C@@H]1C(c2cc(OC)c(OC)c(OC)c2)c2cc3c(cc2[C@@H]2OC(=O)OC[C@@H]12)OCO3,CHEMBL284753
ACT_061,active,CO[C@H]1CCN(c2nccc(Nc3cc4c(cn3)nc([C@@H](C)O)n4[C@H](C)C(F)(F)F)n2)C[C@H]1F,CHEMBL3736121
DEC_0440,decoy,Cc1c(CP(=O)(O)O)ccnc1C(=O)O,CHEMBL413541
DEC_3634,decoy,C=C(C)[C@@H]1CC[C@]2(C(=O)N[C@H](C(=O)O)C(C)C)CC[C@]3(C)[C@H](CC[C@@H]4[C@@]5(C)CC[C@H](O)C(C)(C)[C@@H]5CC[C@]43C)[C@@H]12,CHEMBL19440
DEC_2608,decoy,CC(C)(CCCOc1cc(Cl)c(OCCCC(C)(C)C(=O)O)cc1Cl)C(=O)O,CHEMBL7566
DEC_0351,decoy,CCCN(CCC)C1Cc2cccc3c2N(CC(=O)N3)C1,CHEMBL11979
DEC_0615,decoy,COc1ccc(NCCCN(C)CCCN2CCc3cc(OC)c(OC)cc3CC2=O)cc1OC,CHEMBL36149
DEC_3297,decoy,CC(C)c1ccc2c(c1)c(SC(C)(C)C)c(CC(C)(C)CNC(N)=O)n2Cc1ccc(Cl)cc1,CHEMBL434401
DEC_3189,decoy,CCCc1cc(C#N)ccc1/N=c1\c(O)c(O)\c1=N/[C@H](C)C(C)(C)C,CHEMBL19492
DEC_0433,decoy,CCN1CCOC2c3cccc(O)c3CC[C@H]21,CHEMBL295359
DEC_3891,decoy,CCCCOC1c2c(ncn2Cc2ccc(OC)cc2)N=CN(C)N1C,CHEMBL9381
DEC_1036,decoy,CCN(CC)c1ccc2c(c1Cl)CN1CC(=O)NC1=N2,CHEMBL31491
ACT_012,active,N#CC(C#N)=C(C#N)c1cc(O)cc(O)c1,CHEMBL454002
DEC_4454,decoy,COc1cc(OC)cc([C@@H]2c3cc4c(cc3N[C@@H]3COC(=O)N23)OCO4)c1,CHEMBL266583
DEC_3902,decoy,CC(C)(C)C(=O)Oc1ccc(C(=O)c2ccc(Cl)cc2)cc1,CHEMBL10034
DEC_0505,decoy,CC1=C(/C=C/C(C)=C/C=C/C(C)=C\C(=O)O)C(C)(C)CCC1,CHEMBL547
DEC_3072,decoy,N=C(N)c1ccc(CNC(=O)C2CCCC=C2C(=O)N2CCCCC2)cc1,CHEMBL417998
DEC_3418,decoy,COC(=O)c1ccc2c(C(C(=O)NS(=O)(=O)c3ccc(C(C)C)cc3)c3ccc4c(c3)OCO4)cn(C)c2c1,CHEMBL281121
DEC_0855,decoy,COc1cc(NCc2cnc3nc(N)nc(N)c3n2)cc(OC)c1OC,CHEMBL23459
DEC_0785,decoy,I.NC1=NC2CCCCCCCCCCC2S1,CHEMBL290160
DEC_4519,decoy,O=C(CCc1ccc(C(=O)NC[C@H](NS(=O)(=O)c2cccc3ccccc23)C(=O)O)s1)NC1=NCCCN1,CHEMBL61011
DEC_4260,decoy,COc1cc([C@@H]2c3cc4c(cc3[C@@H](NC(=O)c3cccc(C#N)c3)[C@H]3COC(=O)[C@H]23)OCO4)cc(OC)c1O,CHEMBL286176
DEC_2171,decoy,CCSc1nnc(-c2cc(C(C)(C)C)c(O)c(C(C)(C)C)c2)o1,CHEMBL16819
DEC_3035,decoy,CCCCc1nc2ccc(-c3ccco3)cc2c(=O)n1Cc1ccc(-c2ccccc2-c2nn[nH]n2)cc1,CHEMBL47449
DEC_0182,decoy,CC#CCOC1(C(F)(F)F)OC(=O)Nc2ccc(Cl)cc21,CHEMBL17372
DEC_0741,decoy,OCCC12NC(Cc3ccccc31)C1CCCCC12,CHEMBL9282
DEC_2213,decoy,CNC(C)Cc1cc(OC)c(I)cc1OC,CHEMBL10968
DEC_3124,decoy,CC1(C)O[C@H]2[C@@H]3OC(C(F)(F)F)(C(F)(F)F)O[C@@H]3CO[C@@]2(COS(N)(=O)=O)O1,CHEMBL25971
DEC_0416,decoy,Cc1cccc2c1N(C)CC(C1=NCCN1)O2,CHEMBL14110
DEC_0898,decoy,CCC(C)c1ccc2c(c1)-c1nc(C(=O)O)cc(O)c1CS2.NCCO,CHEMBL29345
DEC_1267,decoy,CCC#CC[C@H](C)[C@H](O)C#C[C@@H]1C2CC(c3ccc(-c4ccccc4)cc3)(CO2)[C@H]1C/C=C/CCCC(=O)O,CHEMBL10641
DEC_3123,decoy,CC(=O)[O-].CCn1c(=O)/c(=C2\Sc3ccccc3N2C)s/c1=C\C1=[N+](CC)CCS1,CHEMBL33502
DEC_0108,decoy,Cc1cc(C(=O)NC(CCC(=O)O)C(=O)O)ccc1NCCCc1c(N)nc(N)nc1O,CHEMBL30301
ACT_088,active,O=C(Nc1nccs1)C(c1ncn2c1CCC2)N1Cc2ccc(C#Cc3cccnc3)cc2C1=O,CHEMBL5171139
DEC_2346,decoy,CCCCc1nc2ccc([C@@H]3C[C@@]4(C)CCCCN4O3)cc2c(=O)n1Cc1ccc(-c2ccccc2-c2nn[nH]n2)cc1,CHEMBL46361
DEC_4071,decoy,O=c1c2c(oc(O)c1[C@@H](c1cccc(NS(=O)(=O)c3ccc(F)cc3)c1)C1CC1)CCCCCC2,CHEMBL15959
DEC_2529,decoy,CCCCC[C@@H]1CC2C(CCC3(C)C(=O)CCC23)C2(C)C=CC(=O)C=C12,CHEMBL440832
DEC_3875,decoy,CCc1cc2c(s1)Nc1ccc(F)cc1N=C2N1CC(C)N(C)C(C)C1,CHEMBL274043
DEC_2615,decoy,Cc1cc(OCCCC(C)(C)C(=O)O)c(C)c(C)c1OCCCC(C)(C)C(=O)O,CHEMBL7984
DEC_4515,decoy,CCCCc1nc2cnnc(O)c2n1Cc1ccc(-c2ccccc2C(=O)O)cc1,CHEMBL7396
DEC_3234,decoy,C[C@@H](/N=c1\c(O)c(O)\c1=N/c1ccc(C#N)cc1Br)C(C)(C)C,CHEMBL278485
DEC_0401,decoy,Cc1ccc(Cl)c(Cl)c1NC1=NCCN1,CHEMBL14155
DEC_0678,decoy,C[C@]12CCC3C4CCC(=O)C=C4CCC3C1CC[C@@]2(O)C#CCCBr,CHEMBL7682
DEC_1031,decoy,C1CCN(CCN2CCN(CCN3CCCCC3)CC2)CC1,CHEMBL10651
DEC_1531,decoy,CN(C)/C=N\c1nc(/N=C/N(C)C)nc2ncc(Sc3ccc(Cl)c(Cl)c3)nc12,CHEMBL6584
DEC_0149,decoy,CC(=O)Nc1ccc2nc(-c3ccc(-c4ccccc4C(=O)O)cc3)n(Cc3ccc(-c4ccccc4-c4nn[nH]n4)cc3)c(=O)c2c1,CHEMBL24111
DEC_4208,decoy,O=C(c1ccc2cc[nH]c2c1)N1CCC(N2C(=O)OCc3ccccc32)CC1,CHEMBL282577
DEC_2542,decoy,C[C@]12CCC(=O)C=C1C(=O)CC1C2CC[C@@]2(C)C1CC[C@@H]2OC1CC1,CHEMBL267358
DEC_3673,decoy,CC(=O)OCC/C(COC(C)=O)=C(\CC1(C)C(C)CCC2(C)C1CCCC2(O)CO)OC(C)=O,CHEMBL416628
DEC_1405,decoy,CC(C)n1c(=O)n(Cc2nc3ccccc3n2CCCCO)c2ccccc21,CHEMBL278731
DEC_4307,decoy,CCC#CC[C@H](C)[C@H](O)/C=C/[C@@H]1C2CC(c3ccc(F)cc3)(CO2)[C@H]1C/C=C/CCCC(=O)O,CHEMBL417245
DEC_3715,decoy,CCOc1cc(COc2ccc3c(c2)NCCN([C@H](CCC(=O)OC)C(=O)NO)S3(=O)=O)cc(OCC)c1,CHEMBL53250
DEC_1386,decoy,CN(CCc1ccc2c(c1)OCO2)C[C@@H]1CCCc2c1ccc1c2OCC1,CHEMBL10052
DEC_0868,decoy,CCN(CC)C1=C(C)C(=O)C2=C(C1=O)[C@H](COC(N)=O)C1(OC)[C@@H]3N[C@@H]3CN21,CHEMBL287308
DEC_1722,decoy,C=C1/C(=C\C=C2/CCC[C@]3(C)C([C@H](C)C[C@H](O)CC(O)(C(F)(F)F)C(F)(F)F)CC[C@@H]23)C[C@@H](O)C[C@@H]1O,CHEMBL416767
DEC_1717,decoy,CSc1ccc2c(c1)C(c1ccccc1)=NCc1nnc(C(CN(C)C)c3ccccc3)n1-2,CHEMBL16241
DEC_0790,decoy,CS/C(=N\O)c1ccc(Sc2cc(F)cc(C3CCOCC3)c2)cc1,CHEMBL282213
DEC_3937,decoy,FC(F)(F)c1cc(N2CCN(c3ccc(-c4ncns4)nn3)CC2)cc(C(F)(F)F)c1,CHEMBL14356
DEC_3338,decoy,CN1C(=O)/C(=C\c2ccsc2)N=C(c2ccccc2)c2ccccc21,CHEMBL20223
DEC_0035,decoy,COc1ccc2c3c1OC1[C@H](O)[C@](CO)(CCCc4ccccc4)CC4C(C2)N(C)CCC341,CHEMBL9983
DEC_4080,decoy,Cn1cncc1C(O)(C#Cc1ccc(C#N)cc1-c1cc(Cl)cc(Cl)c1)c1ccc(C#N)cc1,CHEMBL23578
DEC_3535,decoy,C[C@](Cc1c[nH]c2ccccc12)(NC(=O)ON1[C@H]2C[C@@H]3C[C@@H](C[C@H]1C3)C2)C(=O)N1C[C@H](OCc2cccc(Cl)c2)C[C@@H]1C(=O)O,CHEMBL434631
DEC_2422,decoy,CC1c2ccccc2CN1NC(=O)c1ccc(Cl)c(S(N)(=O)=O)c1,CHEMBL6378
DEC_1905,decoy,CO[C@H]1O[C@]2(C)OO[C@]13[C@H](CCO)CCC[C@@H]3C[C@H]2C,CHEMBL282000
DEC_0306,decoy,CCC(C)(C)/N=c1\c(O)c(O)\c1=N/Cc1cc(F)cc(F)c1,CHEMBL19879
DEC_2583,decoy,CCCN1CCC2c3cccc(O)c3CCC21,CHEMBL10207
DEC_3498,decoy,COC(=O)c1ccc(C(c2ccc(C(C)C)cc(=O)c2O)c2ccc(C(C)C)cc(=O)c2O)cc1,CHEMBL274459
DEC_3759,decoy,CC(=O)O[C@]1(C(C)=O)CC[C@H]2[C@@H]3C[C@H](C)C4=CC(=O)CC[C@]4(C)[C@H]3CC[C@@]21C,CHEMBL717
DEC_2877,decoy,CC1=CSCC(=O)N1C1C[C@@H](OC(=O)c2ccc(C)cc2)C(COC(=O)c2ccc(C)cc2)O1,CHEMBL41334
DEC_2941,decoy,Clc1ccc([C@H]2OCO[C@]2(Cn2cncn2)c2ccccc2)c(Cl)c1,CHEMBL10220
DEC_2306,decoy,COC(=O)CCC(O[C@@H]1O[C@@H]2OC3(C)CC[C@H]4[C@H](C)CCC([C@H]1C)C24OO3)c1ccc(Br)cc1,CHEMBL30673
DEC_4502,decoy,O=C(Oc1ccc2[nH]c(C(=O)c3cc4ccccc4[nH]3)cc2c1)c1cccnc1,CHEMBL7495
DEC_2113,decoy,CC(C)C1=CC2CC3(C=O)[C@@H]4CC[C@@H](C)[C@H]4CC2(CO[C@@H]2O[C@H](C)[C@H]4OC(C)(C)O[C@H]4[C@H]2O)C13C(=O)O,CHEMBL21515
DEC_2753,decoy,CC(C)C1=CC2CC3(C=O)[C@@H]4CC[C@@H](C)[C@H]4CC2(CO[C@H]2C[C@@H]4OC(=S)O[C@@H]4[C@@H](C)O2)C13C(=O)O,CHEMBL283974
DEC_2944,decoy,CCOc1ccc(-n2c(C)c3c(C)nnc(-c4ccc(CC)cc4)c3c2C)cc1,CHEMBL22649
DEC_2647,decoy,CCN(CC)CCNc1nc(Nc2ccc(Cl)c(Cl)c2)nc2ccc(N)cc12,CHEMBL32566
DEC_1420,decoy,CC(C)CC1NC(=O)OC12CCN(CCc1c[nH]c3ccccc13)CC2,CHEMBL281198
DEC_3823,decoy,Cc1ccc(OC(C)C(O)CNC(C)(C)C)cc1C,CHEMBL19679
DEC_1492,decoy,Cc1cc(C)cc(-c2[nH]c3ccc(C(C)(C)C(=O)N4CC5CCC(CC5)C4)cc3c2[C@H](C)CNCCCCc2ccncc2)c1,CHEMBL315909
DEC_0456,decoy,CS(=O)(=O)c1ccc(-c2sc(CCCc3ccc(Br)cc3)nc2-c2ccc(F)cc2)cc1,CHEMBL16516
DEC_2102,decoy,COc1ccc2c(c1O)-c1cc(O)cc3c1C(C2)N(C(=O)CN(CCCl)CCCl)CC3,CHEMBL7032
DEC_4263,decoy,COc1ccc2nc3c(c(C)nn3[C@H]3CN(S(=O)(=O)c4ccc([N+](=O)[O-])cc4)C[C@@H](CO)O3)c(Cl)c2c1,CHEMBL303105
DEC_0299,decoy,CC(C)N(CCC(CCN1CCCCC1)(C(N)=O)c1cccc(Cl)c1)C(C)C,CHEMBL12960
DEC_0376,decoy,Nc1nc(N)c2c(n1)CCC(Cc1ccsc1)C2,CHEMBL7586
DEC_1918,decoy,CCCCc1nc2c([nH]1)N1C(=N[C@@H]3CCC[C@@H]31)N(C)C2=O,CHEMBL18474
DEC_1147,decoy,CCOC(=O)/C=C/[C@H](CCC(N)=O)NC(=O)[C@@H](CC(=O)[C@@H](NC(=O)c1cc(C)on1)C(C)C)Cc1ccc(F)cc1,CHEMBL19063
DEC_0053,decoy,FC(F)(F)Oc1ccc(SCSC(F)(F)F)cc1,CHEMBL12528
DEC_0086,decoy,Cc1cc(C(c2ccccc2C)N2CCN(C)CC2)sn1,CHEMBL24884
DEC_0473,decoy,O=C1CN2CCc3cncn3Cc3ccc(CCCCC(F)(F)F)c(c3)Oc3ccc4cccc(c4c3)N1CC2,CHEMBL23650
DEC_0378,decoy,C=C1C2=C(CC(C)(C)C2=O)C(=O)C(C)(O)C12CC2,CHEMBL8312
DEC_3602,decoy,COc1cc2c(cc1OC)[C@]1(c3cc(OC)c(OC)c(OC)c3)OC[C@H](C2)[C@@H]1CO,CHEMBL18530
DEC_2560,decoy,CCCN(CCC)C1=NCc2ccccc2N1,CHEMBL281341
DEC_4524,decoy,O=C(CCc1ccc(C(=O)NC[C@H](NS(=O)(=O)c2ccc(C(F)(F)F)cc2)C(=O)O)s1)NC1=NCCCN1,CHEMBL63943
DEC_2772,decoy,Cc1nc(-c2ccc(Cl)cc2)oc1C(=O)N[C@H](C)[C@](O)(Cn1cncn1)c1ccc(F)cc1F,CHEMBL55702
DEC_1802,decoy,COc1ccccc1CC(=O)N1C[C@H]2[C@@]3(c4ccccc4)CC[C@H](c4ccccc43)[C@@]2(C(=O)NN)C1,CHEMBL50892
DEC_2503,decoy,CC1=C(/C=C/C(C)=C/C=C/C(C)=C/c2nn[nH]n2)C(C)(C)CCC1,CHEMBL7395
DEC_0159,decoy,C[C@H](N)Cc1c2c(c(Br)c3c1OCC3)OCC2.Cl,CHEMBL263078
DEC_4196,decoy,O=C1NCN(c2ccccc2)C12CCN(C1CCc3cccc(Cl)c3C1)CC2,CHEMBL283617
DEC_0807,decoy,CC12C(=CC(=O)C3CC31)[C@H]1CC1C1C2CCC2(C)C1CCC21CCC(=O)O1,CHEMBL12426
DEC_2399,decoy,CC1(C)C=C(n2ccccc2=O)c2cc(S(=O)(=O)Nc3ccc(C#N)cc3)ccc2O1,CHEMBL12380
DEC_1244,decoy,CC1(CCCCn2cc(-c3ccccc3)cn2)COC(c2nc(-c3ccccc3)c(-c3ccccc3)[nH]2)OC1,CHEMBL33464
DEC_2200,decoy,CNCCSC1Cc2ccccc2Sc2ccc(Cl)cc21,CHEMBL279203
DEC_2438,decoy,CCc1c2c(nc3ccc(O)cc13)-c1cc3c(c(=O)n1C2)COC(=O)C3(O)CC,CHEMBL10206
DEC_0003,decoy,C=C(C#N)CN1C[C@H](OCC23C[C@@H]4[C@H](C)CC[C@H]4C4(C=O)CC2C=C(C(C)C)[C@@]34C(=O)O)OC[C@H]1C,CHEMBL282975
DEC_1832,decoy,Cc1cc(C(=O)c2ccc(C#N)cc2)cc(C(=O)Nc2ccc([N+](=O)[O-])cc2Cl)c1O,CHEMBL287611
DEC_0858,decoy,CC(=O)OC1[C@@H](OC(C)=O)CO[C@@H](Nc2ccc(C(=O)O)cc2)[C@@H]1OC(C)=O,CHEMBL282969
DEC_4017,decoy,CNC(=O)c1cccc(S(=O)(=O)Nc2ncc(Br)nc2OC)c1-c1ccccc1,CHEMBL31696
DEC_4359,decoy,CC(=O)N1CCc2ccc(N(C3CCN(Cc4ccccc4)CC3)S(=O)(=O)/C=C/c3ccccc3)cc21,CHEMBL20965
DEC_1422,decoy,CC(C)(C)c1cc(-c2nnc(SCCN)s2)cc(C(C)(C)C)c1O,CHEMBL274271
DEC_2516,decoy,Cc1cc2c(s1)CN(C)CC2(C)c1ccc(Br)cc1,CHEMBL15654
DEC_1461,decoy,O=C(Cc1cccs1)Oc1ccc2[nH]c(C(=O)c3cc4ccccc4[nH]3)cc2c1,CHEMBL7157
DEC_2295,decoy,CCC(=O)N(c1ccccc1)C1CCN(CCc2ccc(N=C=S)cc2)CC1,CHEMBL274844
DEC_0974,decoy,CC(C)N(CCC1(c2ccccc2Cl)C(=O)N=CN2CCCCC21)C(C)C,CHEMBL24253
DEC_3624,decoy,CC(C(=O)N[C@]1(c2ccccc2)CC[C@@H](N2CCC3(CC2)OCCO3)CC1)c1cc(C(F)(F)F)cc(C(F)(F)F)c1,CHEMBL297344
DEC_4477,decoy,O=C(c1ccccc1)C(Cc1ccc(C(F)(F)P(=O)(O)O)cc1)c1ccccc1,CHEMBL267022
DEC_2656,decoy,C=CCCC[C@H](OC(=O)[C@@H]1CCCCN1C(=O)C(=O)[C@@]1(O)CC[C@H](OC)[C@@H](COC)O1)/C(C)=C/[C@@H]1CC[C@@H](O)[C@H](OC)C1,CHEMBL286920
DEC_1410,decoy,C=C(c1cc(Cl)cc(Cl)c1OCC(O)CNC(C)C)n1ccnc1,CHEMBL15818
DEC_3584,decoy,COc1ccccc1N1CCN(CCCSc2nc3sccc3c(=O)n2N)CC1,CHEMBL440599
DEC_0407,decoy,CN(C)c1ccc(Cc2c(N)n[nH]c2N)cc1,CHEMBL39720
DEC_2098,decoy,Cc1ccccc1-c1ccc(C[C@H](CC(=O)NO)C(=O)N[C@H]2c3ccccc3C[C@H]2O)cc1,CHEMBL266245
DEC_4026,decoy,CCCc1cc(OC)c(-c2cccnc2)c(=O)n1Cc1ccc(-c2ccccc2-c2nn[nH]n2)cc1,CHEMBL428687
DEC_3788,decoy,C=CCC1(C(C)C#CCC)C(=O)NC(=S)NC1=O,CHEMBL277640
DEC_1517,decoy,Clc1ccc2c(NCCCCCCCCNc3c4c(nc5cc(Cl)ccc35)CCCC4)c3c(nc2c1)CCCC3,CHEMBL312310
DEC_3734,decoy,COC(=O)C(CCSC)NP(=O)(OCC1C=CC(n2cc(C)c(=O)[nH]c2=O)O1)Oc1ccccc1,CHEMBL48644
DEC_3276,decoy,CC(C)c1cccc(C(C)C)c1NC(=O)NCC(NC(=O)c1cccc2ccccc12)c1ccccc1,CHEMBL300055
DEC_3266,decoy,CC(C)c1ccc2c(c1)c(SC(C)(C)C)c(CC(C)(C)NC(=O)N(C)O)n2Cc1ccc(Cl)cc1,CHEMBL290170
DEC_4187,decoy,CN1C(=O)C=C[C@]2(C)C3CC[C@@]4(C)C(CC[C@@]4(O)C#CCCCl)C3CCC12,CHEMBL9887
DEC_3351,decoy,O=S(=O)(Nc1ccc(Cl)c2cc[nH]c12)c1ccc(Cl)cc1,CHEMBL20801
DEC_1528,decoy,CCN(CC)CC#CCCC1(C2(O)c3ccccc3CCc3ccccc32)SCCCS1,CHEMBL289989
DEC_3416,decoy,CC(=O)OCC(=O)[C@@]1(OC(=O)c2ccc(C)s2)[C@H](C)CC2C3CCC4=CC(=O)C=CC4(C)[C@@]3(F)C(O)CC21C,CHEMBL288895
DEC_2867,decoy,COc1ccc(C2(O)OC(=O)C(c3cc(OC)c(OC)c(OC)c3)=C2Cc2ccccc2)cc1,CHEMBL10819
DEC_2671,decoy,CCC(=O)OCOC(=O)C1(C(=O)OCOC(=O)CC)Oc2ccc(C[C@@H](C)NC[C@H](O)c3cccc(Cl)c3)cc2O1,CHEMBL57258
DEC_3732,decoy,COC(=O)C(CSc1ccc2ccccc2c1)n1c(=O)n2n(c1=O)C(C(=O)NC[C@H]1CC[C@H](N)CC1)C=CC2,CHEMBL32630
DEC_2990,decoy,C=C(C)[C@H]1Cc2c(ccc3c(=O)c4c(oc23)COc2cc(OC)c(OC)cc2-4)O1,CHEMBL7940
DEC_0477,decoy,O=c1c2c(oc(O)c1C(c1cccc(NS(=O)(=O)c3cccc(C(F)(F)F)c3)c1)C1CC1)CCCCCC2,CHEMBL16340
DEC_0209,decoy,C[C@@H](N)Cc1c2ccoc2c(C(F)(F)F)c2ccoc12.Cl,CHEMBL7132
DEC_1819,decoy,CCc1nc2ccc(OC3CCN(C(C)=N)CC3)cc2n1C/C=C/c1cc(N)ccc1O,CHEMBL25477
DEC_0372,decoy,Brc1noc(C2CN3CCC2CC3)n1,CHEMBL274687
DEC_3195,decoy,COc1ccc2[nH]c3c(C)c4ccnc(NCCN)c4cc3c2c1,CHEMBL19795
DEC_1288,decoy,COc1ccc(Cl)cc1C(=O)NCCc1ccc(OC)c(S(=O)(=O)/N=C(\S)NC2CCCCC2)c1,CHEMBL12616
DEC_2958,decoy,O=C1c2c(O)cc(O)cc2O[C@H](c2ccc(O)c(O)c2)[C@H]1O,CHEMBL66
DEC_3275,decoy,Cc1cc(C(C)(C)C)c(OC(=O)NS(=O)(=O)Nc2c(C(C)C)cccc2C(C)C)c(C(C)(C)C)c1,CHEMBL21751
DEC_3204,decoy,Cc1[nH]cnc1CSCC/N=C(\N)c1ccc(C(=O)O)cc1,CHEMBL279180
DEC_4417,decoy,COc1cc(OC)cc([C@@H]2c3cc4c(cc3N[C@@H]3COC(=O)N23)OCCO4)c1,CHEMBL9091
DEC_0953,decoy,CCc1cc(CCCOc2c(C)cc(-c3noc(C(F)(F)F)n3)cc2C)on1,CHEMBL285833
DEC_0574,decoy,C[C@@H]1CCC2[C@@H](C)[C@H](OC(CCC(=O)O)c3ccc(Br)cc3)O[C@@H]3OC4(C)CC[C@@H]1C23OO4,CHEMBL283458
DEC_1017,decoy,Cc1ccccc1NC(=O)Oc1ccc2c(c1)[C@]1(C)CCN(Cc3ccccc3)C1N2Cc1ccccc1,CHEMBL292695
DEC_1956,decoy,COc1cc(O)c2c(c1C)C(=O)CCCCC/C(S)=N/[C@H](c1nc(NC(C)=O)no1)CSC2,CHEMBL37779
DEC_3831,decoy,CC(C)/N=c1\c(O)c(O)\c1=N/Cc1ccc(C#N)cc1,CHEMBL283995
DEC_1399,decoy,C[C@H]1CCCN(CC[C@@H](C)N(C)S(=O)(=O)c2cccc3ccccc23)C1,CHEMBL12654
DEC_2110,decoy,CC1O[C@H]2[C@H](O)[C@H](OCC34C[C@@H]5[C@H](C)CC[C@H]5C5(C=O)CC3C=C(C(C)C)C45C(=O)O)O[C@H](C)[C@H]2O1,CHEMBL283375
DEC_3122,decoy,CC(=O)[O-].CCn1c(=O)/c(=C2\Sc3ccccc3N2C)s/c1=C\c1cccc[n+]1CC,CHEMBL30428
DEC_0442,decoy,CCN1CCOC2c3cc(O)ccc3CC[C@H]21,CHEMBL42242
DEC_0723,decoy,Cc1c(C)n(C[C@H]2CCCN2S(C)(=O)=O)c2ccc(C(=O)N3CCC(N4C(=O)OCc5ccccc54)CC3)cc12,CHEMBL30865
DEC_0620,decoy,CCCc1c(OCCCS(=O)(=O)c2ccc(C(=O)CCC(=O)O)cc2)ccc(C(C)=O)c1O,CHEMBL282253
DEC_3519,decoy,C1CCNCC1.C1CCNCC1.CC(C)(C)C(=O)OCOP(=O)(O)C(Cl)(Cl)P(=O)(O)OCOC(=O)C(C)(C)C,CHEMBL347762
DEC_2962,decoy,O=c1c(O)c(-c2ccc(O)cc2O)oc2cc(O)cc(O)c12,CHEMBL28626
DEC_4496,decoy,O=C(N[C@@H](CC1CCCCC1)C(=O)O)c1ccc(Cl)c(-c2ccc(Cl)cc2)c1,CHEMBL34042
DEC_4104,decoy,Brc1ccc(Br)c(N(CC2CC2)C2=NCCN2)c1,CHEMBL278627
DEC_0270,decoy,CO[C@@H]1O[C@H](COCCCCCN)C[C@H](OCc2ccccc2)[C@H]1OCc1ccccc1,CHEMBL29235
DEC_0439,decoy,CC(C)CN1C2=NCCN2C(=O)c2[nH]cnc21,CHEMBL19144
DEC_2900,decoy,O=C(/C=C/c1ccc(OCc2ccc3ccc(Cl)cc3n2)cc1)c1cc(-c2nn[nH]n2)ccc1O,CHEMBL269416
DEC_1395,decoy,CCCN1C[C@H](C(=O)N(CC)CC)C=C2c3cccc4[nH]cc(c34)C[C@H]21,CHEMBL22258
DEC_2274,decoy,COc1ccc(C(CC2CCNCC2)c2ccccc2)cc1OC1CCCC1,CHEMBL290801
DEC_0037,decoy,O=S(=O)(NS(=O)(=O)N1CCc2cc(Cl)ccc2C1)N1CCc2cc(Cl)ccc2C1,CHEMBL21433
DEC_4544,decoy,CCCNC(=O)NCCC[C@H](C(=O)NO)N(Cc1ccc2c(c1)OCO2)S(=O)(=O)c1ccc(OC)cc1,CHEMBL305227
DEC_3131,decoy,CC(=O)OCC1CC(n2cc(I)c(=O)[nH]c2=O)CC1OC(C)=O,CHEMBL416807
DEC_1166,decoy,COC(=O)[C@H](Cc1ccccc1)NC(=O)[C@@H](NC(=O)C/C=C/[C@H](CC(C)C)NC(=O)[C@@H](N)Cc1c[nH]cn1)C(C)C,CHEMBL287176
DEC_0062,decoy,c1csc([C@@H]2CN3CCC[C@H]3c3ccsc32)c1,CHEMBL286135
DEC_2548,decoy,CCC[C@H]1CC2C(CCC3(C)C(=O)CCC23)C2(C)C=CC(=O)C=C12,CHEMBL8333
DEC_2471,decoy,CO/N=C(\C)c1c(O)oc2c(C)c(O[C@@H]3OC(C)(C)[C@H](OC)[C@@H](OC(=O)c4ccc(C)[nH]4)[C@H]3O)ccc2c1=O,CHEMBL43040
DEC_0298,decoy,COCc1cccc(CC(O)/C=C/[C@H]2CCC(=O)N2CCCCCCC(=O)O)c1,CHEMBL275245
DEC_4288,decoy,O=C(/C=C/c1ccc(Cl)c(Cl)c1)NCCCCCN1CCC(c2c[nH]c3cccc(O)c23)CC1,CHEMBL54192
DEC_0461,decoy,CC1CC2C3CCC4=CC(=O)C=CC4(C)[C@@]3(Cl)C(Cl)CC2(C)[C@@]1(OC(=O)c1cccs1)C(=O)CCl,CHEMBL276899
DEC_2689,decoy,COc1cc(C(=O)N2CCN(C(=O)c3cc(OC)c(OC)c(OC)c3)C(COC(=O)NC(C)CC(C)C)C2)cc(OC)c1OC,CHEMBL269132
DEC_2601,decoy,NC(=O)c1ccc2[nH]cc(C3CCNCC3)c2c1,CHEMBL15383
DEC_3044,decoy,Cc1cc(NCc2cc(-c3ncco3)ccc2-c2ccccc2S(=O)(=O)Nc2onc(C)c2C)no1,CHEMBL29223
DEC_2853,decoy,COc1cc(/C(C)=N\O)ccc1OCCCN1CCC(c2noc3cc(F)ccc23)CC1,CHEMBL276799
DEC_2995,decoy,COC(=O)CCSc1nnc(-c2cc(C(C)(C)C)c(O)c(C(C)(C)C)c2)s1,CHEMBL16698
DEC_2677,decoy,CCCC(=O)OCOC(=O)C1(C(=O)OCOC(=O)CCC)Oc2ccc(C[C@@H](C)NC[C@H](O)c3cccc(Cl)c3)cc2O1,CHEMBL243331
DEC_0927,decoy,CC1(C)Oc2ccc(C#N)cc2[C@H](/N=C(/NC#N)Nc2ccc(Cl)cc2)[C@H]1O,CHEMBL11802
DEC_3719,decoy,O=C(C[C@H]1S[C@H](c2ccoc2)N(CC(=O)NCCCN2CCOCC2)C1=O)NCc1cccc2ccccc12,CHEMBL44463
DEC_0679,decoy,CCCc1cc(=O)oc2c3c(c4c(c12)OC(C)(C)C=C4)O[C@H](C)C(C)(C)C3=O,CHEMBL7270
DEC_2508,decoy,C=CC1CC2(C)C(CC[C@]2(C)C(C)=O)C2CCC3=CC(=O)CCC3=C12,CHEMBL275184
DEC_0798,decoy,CN(C)CCC1=C(c2ccc(C(C)(C)C)cc2)N2CCCN=C2c2ccccc21,CHEMBL427636
DEC_1344,decoy,COC[C@H]1OC(=O)C(=C(C)C)C2=C(O)C(=O)C3=C([C@H](OC(C)=O)C[C@]4(C)C(=O)CC[C@@H]34)[C@]21C,CHEMBL18596
DEC_3185,decoy,CCNc1cccc2c(S(=O)(=O)Nc3onc(C)c3C)cccc12,CHEMBL26978
DEC_2387,decoy,CC[C@@]1(O)C(=O)OCc2c1cc1n(c2=O)Cc2cc3c(CN(C)C)cccc3nc2-1,CHEMBL10391
DEC_0843,decoy,C=CC1=C(C(=O)O)N2C(=O)[C@@H](NC(=O)[C@H](N)c3ccc(O)cc3)[C@H]2SC1,CHEMBL18540
DEC_3173,decoy,CC(C)NCC(O)c1cccc(NS(=O)(=O)C(F)(F)F)c1,CHEMBL282073
DEC_3731,decoy,O=C([C@@H](NS(=O)(=O)c1cnccc1N[C@H](CO)Cc1ccccc1)c1cscn1)N1CCC(CCF)CC1,CHEMBL12425
DEC_1073,decoy,Cc1cc(C#N)ccc1/N=c1\c(O)c(O)\c1=N/[C@H](C)C(C)(C)C,CHEMBL273362
DEC_1935,decoy,Cc1ccccc1C(c1c(C)noc1C)N1CCNCC1,CHEMBL278388
DEC_2953,decoy,CC1(C)Oc2ccc(C#N)cc2[C@@H](Nc2n[nH]c(N)n2)[C@@H]1O,CHEMBL284996
DEC_3736,decoy,CC(C)c1sc(NC(=O)c2cc(NC=O)cn2C)nc1C(=O)Nc1cc(C(=O)NCCCN(C)C)n(C)c1,CHEMBL305467
DEC_4116,decoy,CC(C)N(CCC1(c2ccccc2Cl)C(=O)NCN2CCCCC21)C(C)C,CHEMBL23536
DEC_4369,decoy,C=CCO/N=C(\OC(=O)c1ccc(C(=O)C(C)(C)C)cc1)c1ccc(C(=O)C(C)(C)C)cc1,CHEMBL44181
DEC_3088,decoy,CC1CCN2C(=O)C(C(=O)O)=CNC2=C1/C=N/c1ccccc1C(=O)O,CHEMBL22499
DEC_2710,decoy,CC(C)N(C(=O)[C@H]1CCC2C3CC=C4C=C(P(=O)(O)O)CC[C@]4(C)C3CC[C@@]21C)C(C)C,CHEMBL24969
DEC_3374,decoy,Cc1ccc2c(c1)N(C(=O)N1CCNCC1)Cc1c(C(=O)OC(C)(C)C)ncn1-2,CHEMBL278414
ACT_034,active,COc1ccccc1Nc1cc[nH]c(=O)c1-c1nc2c(C(C)C)ccc(C)c2[nH]1,CHEMBL3780404
DEC_1025,decoy,C=CCOC(=O)[C@]12CCC(C)(C)CC1C1C(=O)C=C3[C@@]4(C)C=C(C#N)C(=O)C(C)(C)[C@@H]4CC[C@@]3(C)[C@]1(C)CC2,CHEMBL7996
DEC_1522,decoy,CCN(C)CC#CCCC1(C2(O)c3ccccc3Oc3ccccc32)SCCCS1,CHEMBL287758
DEC_2597,decoy,CCCN1CC[C@H]2c3c(O)cccc3CC[C@@H]21,CHEMBL24523
DEC_3300,decoy,C=C1CCC2[C@](C)(CCC[C@]2(C)C(=O)O)[C@H]1CCc1ccc2c(OC(C)=O)ccc(OC(C)=O)c2c1,CHEMBL278611
ACT_090,active,O=C1c2cc(Oc3ccc(N4CCNCC4)cc3)ccc2Nc2ccc(F)cc2N1Cc1ccccc1,CHEMBL4530686
DEC_1110,decoy,Nc1nc(=O)c2ncn([C@@H]3C[C@H](CO)[C@H]3CO)c2[nH]1,CHEMBL23550
DEC_4195,decoy,O=C1NCN(c2ccccc2)C12CCN(C1CCc3c(Cl)cccc3C1)CC2,CHEMBL27699
DEC_1112,decoy,NC(=O)c1csc(C2OC(CO)C(O)C2O)n1,CHEMBL276286
DEC_2255,decoy,CCN(CC)CCSc1nnc(-c2cc(C(C)(C)C)c(O)c(C(C)(C)C)c2)s1,CHEMBL279336
DEC_1371,decoy,CC(/C=C/C=C(C)/C=C/C1=C(C)CCCC1(C)C)=C(C(=O)O)C(=O)O,CHEMBL273433
DEC_3466,decoy,CCc1ccnc2c(NC(C)CCCN)cc(OC)c(Oc3cccc(C(F)(F)F)c3)c12,CHEMBL41617
DEC_1463,decoy,Cc1cc(C)cc(-c2[nH]c3ccccc3c2CCNCCc2cccnc2)c1,CHEMBL11436
DEC_0872,decoy,NCCO.O=C(O)c1cc(=O)c2c(o1)-c1ccccc1S(=O)(=O)C2,CHEMBL29263
DEC_0337,decoy,CNCCCC12CCC(c3ccccc31)c1ccccc12,CHEMBL21731
DEC_1880,decoy,CN1CCN(C2=Cc3ccccc3Cc3ccccc32)CC1,CHEMBL7821
DEC_4517,decoy,O=C(CCc1ccc(C(=O)NC[C@H](NC(=O)OCC23CC4CC(CC(C4)C2)C3)C(=O)O)s1)NC1=NCCCN1,CHEMBL60493
DEC_0716,decoy,CC(=O)OC1CC(=O)N([C@H]2CC3CC[C@]2(CS(=O)(=O)N2CCC4(CCc5ccccc54)CC2)C3(C)C)C1=O,CHEMBL20002
DEC_1138,decoy,O=C(Nc1ccc(Cl)c(Cl)c1)c1cc(I)cc(I)c1O,CHEMBL57656
DEC_3436,decoy,COc1cc([C@@H]2c3cc4c(cc3[C@@H](Nc3cccc(Br)c3)[C@H]3COC(=O)[C@H]23)OCO4)cc(OC)c1O,CHEMBL29663
DEC_0925,decoy,CC1Nc2ccccc2C(=O)N1Cc1ccc(-c2ccccc2-c2nn[nH]n2)cc1,CHEMBL15174
DEC_2728,decoy,O=C(c1cc2ccccc2[nH]1)c1cc2cc(OC(=O)C(c3ccccc3)c3ccccc3)ccc2[nH]1,CHEMBL7027
DEC_1638,decoy,CCCN(CCc1ccsc1)C1CCc2c(O)cccc2C1,CHEMBL7806
DEC_2518,decoy,CC1CCN(C2=Cc3cc(Cl)ccc3Cc3ccccc32)CC1,CHEMBL269396
DEC_1126,decoy,Nc1ncnc2c1ncn2CC#CCOCP(=O)(O)O,CHEMBL23868
DEC_2307,decoy,CCCc1nc2c(n1Cc1ccc(-c3ccccc3S(=O)(=O)Nc3onc(C)c3C)c(CC#N)c1)C(=O)CCCC2,CHEMBL12144
DEC_1316,decoy,C#CCN(Cc1cc2c(O)nc(C)nc2cc1C)c1ccc(C(=O)N[C@@H](C(=O)O)c2cccc([N+](=O)[O-])c2)c(F)c1,CHEMBL6271
DEC_1710,decoy,COc1ccc(C(CCC(=O)O)O[C@@H]2O[C@@H]3OC4(C)CC[C@H]5[C@H](C)CCC([C@H]2C)C35OO4)cc1,CHEMBL30493
DEC_0203,decoy,CS(=O)(=O)c1ccc(C2=C(c3cc(F)cc(F)c3)C(=O)CC2)cc1,CHEMBL24009
DEC_0548,decoy,CNCCSC1=Cc2ccccc2Sc2ccccc21,CHEMBL429769
DEC_2139,decoy,C=C[C@@]1(C)CC(=O)[C@]2(O)C3(C)C(C(O)C(OC(=O)CN(C)C4CCCCC4)[C@@]2(C)O1)C(C)(C)CC[C@@H]3O,CHEMBL295957
DEC_2676,decoy,CC(=O)Oc1cccc(C(=O)NCCCCCN(CC(=O)O)C(=O)c2cccc(OC(C)=O)c2OC(C)=O)c1OC(C)=O,CHEMBL102272
DEC_1079,decoy,COc1cccc(C(c2cc(C)ns2)N2CCN(C)CC2)c1,CHEMBL277638
DEC_4551,decoy,COCCCNc1nccc(-c2[nH]c([C@H]3OC[C@@](C)(C(=O)NCCOC)CO3)nc2-c2ccc(F)cc2)n1,CHEMBL71792
DEC_3196,decoy,CCCCC[C@](C)(O)/C=C/C1[C@H](O)C[C@@H]2OC(=O)CCC/C=C\C[C@H]12,CHEMBL12597
ACT_039,active,COc1ccc(OC)c2c1CCC(=C\c1cc(OC)c(OC)c(OC)c1Br)/C2=N\O,CHEMBL5287962
DEC_2632,decoy,CCN(CC)CCCNc1nc(Nc2ccc(Cl)c(Cl)c2)c2ccccc2n1,CHEMBL284639
DEC_4033,decoy,COc1ccc(S(=O)(=O)N(Cc2ccc3c(c2)OCO3)[C@H](Cc2cccs2)C(=O)O)cc1,CHEMBL265063
DEC_1783,decoy,Cn1cc(C(=O)O)c(=O)c2c3ccc(F)c(N4CCN(c5cccc(C(F)(F)F)c5)CC4)c3ncc21,CHEMBL26928
DEC_0941,decoy,C=CCC1Oc2ccc(OCC#N)c(OC)c2-c2ccc3c(c21)C(C)=CC(C)(C)N3,CHEMBL8055
DEC_3776,decoy,C=CCC1Oc2ccc(CO)c(OC)c2-c2ccc3c(c21)C(C)=CC(C)(C)N3,CHEMBL8637
DEC_1789,decoy,COc1cccc2c1CC[C@H]1CN(CCn3c(=O)[nH]c4c(sc5c(C#N)cccc54)c3=O)C[C@@H]21,CHEMBL289627
DEC_0852,decoy,Cc1cn(C2CC(O)C(CC(=O)OCBr)O2)c(=O)[nH]c1=O,CHEMBL9579
DEC_0487,decoy,COc1ccccc1CC(=O)N1C[C@H]2[C@@]3(c4ccccc4)CC[C@H](c4ccccc43)[C@@]2(C(=O)OCc2ccccc2)C1,CHEMBL52499
DEC_2289,decoy,O=C(O)CCCCSc1nc2cc(F)ccc2n1Cc1ccc(Cl)cc1,CHEMBL275192
DEC_1939,decoy,O=C1CCC(c2ccc(NCc3cccnc3)cc2)=NN1,CHEMBL279592
DEC_0887,decoy,O=C(c1ccccc1)c1c(O)n(O)c2cc(NS(=O)(=O)c3cccs3)ccc12,CHEMBL16406
DEC_2699,decoy,CCC(CC)NC(=O)OCC1CN(C(=O)c2cc(OC)c(OC)c(OC)c2)CCN1C(=O)c1cc(OC)c(OC)c(OC)c1,CHEMBL380444
DEC_2439,decoy,Cc1ccc(Cl)c2c1SCc1c-2oc(C(=O)O)cc1=O.NCCO,CHEMBL30210
DEC_1467,decoy,Cc1cccc(C)c1NC(=O)C(NC(=O)C1=CC(C)(C)NC1(C)C)c1ccccc1,CHEMBL278697
DEC_2397,decoy,CCN1C(=O)c2c(ncn2Cc2ccc(O)c(Br)c2)N2C1=N[C@@H]1CCC[C@@H]12,CHEMBL283242
DEC_0224,decoy,OC(c1ccc(Cl)cc1)(c1cncnc1)C1CC2CCC1C2,CHEMBL26207
DEC_4441,decoy,c1cnc(N2CCN(CCCN3CCc4c([nH]c5ccccc45)C3)CC2)nc1,CHEMBL275278
DEC_0597,decoy,Cc1onc(NS(=O)(=O)c2ccccc2-c2ccc(-c3ncco3)cc2N(C)C(=O)CC(C)(C)C)c1C,CHEMBL274489
DEC_0638,decoy,CCCN(C=O)[C@H]1CCC2C3CC[C@H]4N(C)C(=O)CC[C@]4(C)C3CC[C@@]21C,CHEMBL274276
DEC_3662,decoy,CCc1nc2c(N)c(OC3CCN(C(C)=N)CC3)ccc2n1Cc1ccc2ccc(C(=N)N)cc2c1,CHEMBL277204
DEC_2693,decoy,CCCCNC(=O)OCC1CN(C(=O)c2cc(OC)c(OC)c(OC)c2)CCN1C(=O)c1cc(OC)c(OC)c(OC)c1,CHEMBL269340
DEC_3944,decoy,O=C1C2C3CCC(C4CCC43)C2C(=O)N1CCCCN1CCN(c2nccnc2Cl)CC1,CHEMBL31319
DEC_1588,decoy,Nc1ccc(CCCn2ncc3c2nc(N)n2nc(-c4ccco4)nc32)cc1,CHEMBL281805
DEC_4286,decoy,CC(Cc1c[nH]c2ccccc12)(NC(=O)OC1[C@H]2C[C@@H]3C[C@@H](C[C@H]1C3)C2)C(O)CCCc1ccccc1,CHEMBL285880
DEC_0901,decoy,CC(C)(C)c1cccc(C(C)(C)C)c1OC(=O)NS(=O)(=O)Nc1ccccc1,CHEMBL277641
DEC_4378,decoy,CCCSC1=NS(=O)(=O)c2ccccc2N1Cc1ccc(-c2ccccc2C(=O)O)cc1,CHEMBL273610
DEC_1665,decoy,CCCc1ccc(C(=O)c2c(SC)cc3n2CCC3C(=O)O)cc1,CHEMBL275164
DEC_1436,decoy,Fc1ccc(CC2CCN(CC#Cc3ccc4[nH]c(S)nc4c3)CC2)cc1,CHEMBL19559
DEC_1369,decoy,CC1=C(C(=O)OC(c2ccccc2)c2ccccc2)N2C(=O)[C@@H](NC3=NCCN3)C2SC1,CHEMBL274203
DEC_1102,decoy,CC1O[C@@H](Nc2ccc(C(=O)O)cc2)[C@@H](O)C(O)[C@H]1O,CHEMBL24408
DEC_0130,decoy,CC(C)(CC(=O)N[C@@H]1CCc2ccccc2N(Cc2ccc(-c3ccccc3-c3nn[nH]n3)cc2)C1=O)NC(=O)OC(C)(C)C,CHEMBL274865
DEC_3946,decoy,Cc1c(S(=O)(=O)C(F)(F)F)cc(-c2ccc(S(C)(=O)=O)cc2)n1-c1ccc(F)cc1,CHEMBL44244
DEC_1229,decoy,CC(C)c1cc(Br)cc(C(C)C)c1OC(=O)NS(=O)(=O)Oc1c(C(C)C)cccc1C(C)C,CHEMBL21539
DEC_0089,decoy,CCCN(CCC)[C@@H]1Cc2cccc3nc(S)n(c23)C1,CHEMBL281248
DEC_3546,decoy,COc1cccc(N2C(=O)N(Cc3cccc(C(=O)Nc4ccccn4)c3)[C@H](Cc3ccccc3)[C@H](O)[C@@H](O)[C@H]2Cc2ccccc2)c1,CHEMBL313003
DEC_1127,decoy,Nc1nc(O)c2ncn([C@H]3O[C@@H](CO)C=C3F)c2n1,CHEMBL282412
DEC_2743,decoy,Cc1cc(C(=O)c2ccc(Cl)cc2Cl)cc(C(=O)Nc2ccc([N+](=O)[O-])cc2Cl)c1O,CHEMBL35623
DEC_0582,decoy,C[C@@H]1CC2C3CCC4=CC(=O)C=CC4(C)[C@@]3(Cl)C(O)CC2(C)[C@@]1(OC(=O)c1ccco1)C(=O)CCl,CHEMBL290383
DEC_1718,decoy,Nc1ncc(Cc2ccc(OCCCOc3cc(Cl)c(Cl)cc3Cl)cc2)c(N)n1,CHEMBL25112
DEC_3441,decoy,Cc1cc(C)cc(-c2c(O)nc3cc(Cl)c(C(=O)Nc4ccncn4)cc3c2OCC[C@@H]2CCC[C@@H](C)N2)c1,CHEMBL300295
DEC_2784,decoy,C[C@@H](NC(=O)c1nsc(-c2ccc(Cl)cc2)n1)[C@](O)(Cn1cncn1)c1ccc(F)cc1F,CHEMBL52013
DEC_2496,decoy,CCCCc1nc(Cl)c(C=O)n1Cc1ccc2c(c1)C1c3ccccc3C2C(c2nn[nH]n2)C1c1nn[nH]n1,CHEMBL312784
DEC_3015,decoy,N#C/C(=C\c1ccc(OCCN2CCCCC2)cc1)c1noc2ccc(Cl)cc12,CHEMBL21555
DEC_0304,decoy,CC1CC(OCC(O)CNC(C)(C)C)CC(C)(C)C1,CHEMBL25929
DEC_1678,decoy,CO[C@H]1[C@@H]2S[C@@H]2[C@H](OCC23C[C@@H]4[C@H](C)CC[C@H]4C4(C=O)CC2C=C(C(C)C)C34C(=O)O)O[C@@H]1C,CHEMBL29909
DEC_0271,decoy,N[C@@H](CO)[C@H](O)/C=C/CCCOC(=O)CCCc1ccc2ccc3cccc4ccc1c2c34,CHEMBL290544
DEC_2959,decoy,O=C1c2c(O)cc(O)cc2O[C@@H](c2ccc(O)c(O)c2)[C@H]1O,CHEMBL9249
DEC_3792,decoy,C/C=C(\NC(=O)C1C(C=C(C)C)C1(C)C)C(=O)O,CHEMBL12166
DEC_1078,decoy,Nc1nc2c(cnn2-c2ccccc2)c2nc(-c3ccco3)nn12,CHEMBL16509
DEC_2704,decoy,CC(C)(C)c1ccc(C2=Cc3ccc(N/C(S)=N/C4CCCCC4)cc3C3=NCCCN23)cc1,CHEMBL10088
DEC_2486,decoy,CCOc1cc(C)ccc1S(=O)(=O)NC(=O)C(c1ccc2c(c1)OCO2)c1cn(C)c2cc(C(N)=O)ccc12,CHEMBL22513
DEC_0862,decoy,CC(=O)OCC1=C(C(=O)O)N2C(=O)[C@@H](NC(=O)Cc3cccs3)[C@H]2SC1,CHEMBL617
DEC_0181,decoy,CN1Cc2sc(N)cc2C(c2ccc(Br)cc2)C1,CHEMBL16208
DEC_2430,decoy,CC1Cc2ccccc2N1NC(=O)c1ccc(Cl)c(S(N)(=O)=O)c1,CHEMBL406
DEC_0048,decoy,O=C1[C@@H](NS(=O)(=O)c2ccc(-c3ccc(Cl)s3)s2)CCN1Cc1cc2cc[nH]cc-2n1,CHEMBL268178
DEC_2117,decoy,CC(C)C[C@@H]1N[C@H]2N(C1=O)c1ccccc1[C@@]2(O)C[C@@H]1NC(=O)c2ccccc2N2C(=O)c3ccccc3NC12,CHEMBL58215
DEC_4105,decoy,Brc1cccc(N(CC2CC2)C2=NCCN2)c1Br,CHEMBL20275
DEC_3011,decoy,CCOc1ccc(Nc2nc(C#CC(C)(O)CC)nc3c2ncn3C(C)C)cc1,CHEMBL280623
DEC_2844,decoy,C/C(CC1CCc2c(cccc2OCC(=O)O)C1)=N\OC(c1ccccc1)c1ccccn1,CHEMBL11563
DEC_2468,decoy,O=C(CSc1cc(Cl)ccc1Cl)N[C@@H]1C(=O)N2C(C(=O)O)=C(COC(=O)c3ccccc3)CSC12,CHEMBL60629
DEC_1198,decoy,O=C(O)Cn1c(=O)c(=O)[nH]c2cc(C(F)(F)F)c(-n3cccc3)cc21,CHEMBL12448
DEC_1457,decoy,COC(=O)c1sc(C(C)(C)C)cc1NC(=O)Nc1ccc(C(C)C)cc1,CHEMBL18789
DEC_4204,decoy,CN(C)CC(=O)N1c2ccccc2N(C)S(=O)(=O)c2cc(Cl)ccc21,CHEMBL283183
DEC_2663,decoy,COC(=O)C(COC(=O)/C=C/c1ccc(OC(C)=O)c(OC(C)=O)c1)NC(=O)/C=C/c1ccc(OC(C)=O)c(OC(C)=O)c1,CHEMBL30434
DEC_3392,decoy,CC1Cc2cc3c(cc2C(c2ccc(N)cc2)=NN1C(=O)C(F)(F)F)OCO3,CHEMBL267451
DEC_1246,decoy,CN(C)c1cccc(Oc2cccc(N(Cc3cccc(OC(F)(F)C(F)F)c3)CC(O)C(F)(F)F)c2)c1,CHEMBL305003
DEC_3897,decoy,Cc1cc(CCCOc2c(C)cc(-c3noc(CF)n3)cc2C)on1,CHEMBL280638
DEC_0229,decoy,CC(C)CCC(C)N1CCC(N2C(=O)N[C@@H]3CCCC[C@H]32)CC1,CHEMBL26909
DEC_2562,decoy,C/C=C(\NC(=O)CC1CC2CCC1C2)C(=O)O,CHEMBL11728
DEC_4547,decoy,COc1ccc(S(=O)(=O)N(Cc2ccc3c(c2)OCO3)[C@H](CNC(=O)c2cnoc2C)C(=O)NO)cc1,CHEMBL65744
DEC_2738,decoy,Cc1cccc(C(C)(C)C)c1OC(=O)NS(=O)(=O)Oc1c(C(C)C)cccc1C(C)C,CHEMBL278147
DEC_2453,decoy,CC[C@H]1C[C@@H](C)C(=O)/C=C/C(C)=C/[C@H](C)[C@@H](CC)OC(=O)C[C@@H](O)[C@H](C)[C@H]1O[C@@H]1O[C@H](C)[C@@H](O)[C@H](N(C)C)[C@H]1O,CHEMBL296286
DEC_1287,decoy,CCCCc1nc2ccn(Cc3ccccc3N)c(=O)c2n1Cc1ccc(-c2ccccc2-c2nn[nH]n2)cc1,CHEMBL47187
DEC_4272,decoy,CC(C)c1cccc(C(C)C)c1NC(=O)NCC(NC(=O)c1ccc2ccccc2[n+]1[O-])c1ccccc1,CHEMBL300081
DEC_3102,decoy,CC(=O)NC[C@@H]1OC(=O)N2c3ccc(S(=O)(=O)NC4CCCC4)cc3C[C@@H]12,CHEMBL21070
DEC_1824,decoy,C=CS(=O)(=O)Nc1cccc(C(c2c(O)oc3c(c2=O)CCCCCC3)C2CC2)c1,CHEMBL16473
DEC_0207,decoy,CC(C)(C)OC(=O)OC1CCC2C[C@@H]3C=CC2(OO3)C1(C)C,CHEMBL22560
DEC_0533,decoy,CCCCC(=O)c1cc(C(C)(C)C)c2c(c1)C(C)(C)CO2,CHEMBL13661
DEC_4021,decoy,COc1ccc(N(/C=N/c2ccn(C3CSC(CO)O3)c(=O)n2)c2ccc(OC)cc2)cc1,CHEMBL18509
DEC_1580,decoy,CSCC/N=C(\N)Nc1nc(-c2ccc(CNC(C)=O)o2)cs1,CHEMBL283953
DEC_0491,decoy,Oc1c(CN2CCCC2)cc(Nc2cc(-c3ccc4ccccc4c3)nc3ccccc23)cc1CN1CCCC1,CHEMBL300500
DEC_2860,decoy,C=C(C)[C@H]1Cc2c(ccc3c2OC2COc4cc(OC)c(OC)cc4C2/C3=N/OC(=O)OCC)O1,CHEMBL7915
ACT_063,active,COc1ccc(-c2nc(-c3ccc(-c4nc(-c5nnc(-c6ccncc6)o5)c[nH]4)cc3)no2)cc1,CHEMBL5639130
DEC_1772,decoy,COc1cccc2c1CC[C@H]1CN(CCn3c(=O)[nH]c4c(sc5cc(C#N)ccc54)c3=O)C[C@@H]21,CHEMBL40780
DEC_2055,decoy,CN(c1ccccc1)c1cc(NCc2ccco2)c(S(=O)(=O)O)cc1S(N)(=O)=O.N,CHEMBL18605
DEC_0309,decoy,Brc1ccc2[nH]cc(CC3CCNCC3)c2c1,CHEMBL25416
DEC_1704,decoy,CCCc1nc2c(n1Cc1ccc(-c3ccccc3-c3nn[nH]n3)cc1)/C(=C/C(=O)O)CCCC2,CHEMBL42995
DEC_3362,decoy,Cc1cccc2c1N(C(=O)N1C[C@@H](C)N[C@@H](C)C1)Cc1c(C(=O)OC(C)(C)C)ncn1-2,CHEMBL15294
DEC_3796,decoy,CCCC1NN(C(C)=O)C(CCC)NN1C(C)=O,CHEMBL17616
DEC_1260,decoy,CC(Cc1c[nH]c2ccccc12)(NC(=O)OC1[C@H]2C[C@@H]3C[C@@H](C[C@H]1C3)C2)/C(S)=N/CCc1ccccc1,CHEMBL287682
DEC_2318,decoy,CCCCc1cn(Cc2ccc(-c3ccccc3-n3cnnn3)cc2)c2ccc(CSc3ccccn3)cc2c1=O,CHEMBL287819
DEC_4246,decoy,Cc1cc(C(=O)Nc2ncc(-c3ccccc3S(N)(=O)=O)cn2)n(-c2cc3ccccc3cc2S(C)(=O)=O)n1,CHEMBL278842
DEC_4128,decoy,CC(C)c1cccc(C(C)C)c1OC(=O)NS(=O)(=O)N1CCCCC1,CHEMBL21588
DEC_0052,decoy,C(#CCN1CCCCC1)CCC1SCCCS1,CHEMBL296436
DEC_1929,decoy,COc1c(Cl)c(O)c(C(=O)O)c(OC)c1Cl,CHEMBL275905
DEC_0524,decoy,CCOOC1(OC)CCCCCCCCCCC1,CHEMBL29833
DEC_2571,decoy,Oc1cccc(C2CCCN3CCCCC23)c1,CHEMBL7381
DEC_3262,decoy,C=CC(C)(C)c1[nH]c2ccccc2c1C1=C(OC)C(=O)C(c2c[nH]c3c(CC=C(C)C)cccc23)=C(O)C1=O,CHEMBL278180
DEC_3146,decoy,O=C(O)CS(=O)(=O)N1CCC(C(=O)N2CCC3(CC2)CCN(c2ccncc2)C3)CC1,CHEMBL275769
DEC_2619,decoy,CCCCc1nc(Cl)c(CO)n1Cc1ccc(OCc2ccccc2C(=O)O)cc1,CHEMBL27216
DEC_1482,decoy,CCCCc1nc(Cl)c(CNC(=O)NC(C)c2cccc3ccccc23)n1Cc1ccc(-c2ccccc2C(=O)O)cc1,CHEMBL315711
DEC_1462,decoy,COC(=O)c1c(NC(=O)Nc2cccc(Cl)c2Cl)cc(C(C)(C)C)n1C,CHEMBL19057
DEC_3224,decoy,CC(C)(C)Nc1cccnc1N1CCN(C(=O)c2cc3ccccc3[nH]2)CC1,CHEMBL7371
DEC_2789,decoy,COC(OC)[C@@]1(C)Oc2ccc([N+](=O)[O-])cc2[C@H](N(Cc2ncc[nH]2)c2ccc(Cl)cc2)[C@H]1O,CHEMBL43658
DEC_1838,decoy,CCCc1cc2nc(O)nc-2c(O)n1Cc1ccc(-c2ccccc2-c2nn[nH]n2)cc1,CHEMBL27920
DEC_2951,decoy,CCN1C(=O)N(C2CCN(Cc3ccc4ccccc4c3)CC2)[C@@H]2CCCC[C@H]21,CHEMBL283301
DEC_4086,decoy,O=c1c2c(oc(O)c1C(c1cccc(NS(=O)(=O)c3ccccc3F)c1)C1CC1)CCCCCC2,CHEMBL280014
DEC_0079,decoy,CN1CCN(C(c2ccc(Cl)cc2)c2ccns2)CC1,CHEMBL22342
DEC_1583,decoy,NS(=O)(=O)c1nnc(NC(=O)CCCCC(F)(F)C(F)(F)F)s1,CHEMBL286004
DEC_3077,decoy,NC(=O)[C@H](Cc1c[nH]c2ccccc12)NC(=O)c1ccccc1Br,CHEMBL7331
DEC_3407,decoy,C[C@H]1CC2C3CCC4=CC(=O)C=CC4(C)[C@@]3(F)[C@@H](O)CC2(C)[C@@]1(OC(=O)CCC(=O)OC(C)(C)C)C(=O)CCl,CHEMBL83845
DEC_3684,decoy,CC(C)C[C@@H](C(=O)N[C@H](C(=O)Nc1ccccn1)C(C)(C)C)[C@@H](C(=O)NO)C1CCCCC1,CHEMBL286290
DEC_1469,decoy,CSc1sc(C(=N)N)cc1-c1nc(-c2cccc(Br)c2)cs1,CHEMBL285593
DEC_2243,decoy,CC(=O)NC1=C(C)C(=O)c2c(nc3n2CCC3OC(=O)CCl)C1=O,CHEMBL17766
DEC_0879,decoy,Cn1c2c([N+](=O)[O-])cc([N+](=O)[O-])cc2c2oc(C(=O)Nc3nn[nH]n3)cc(=O)c21,CHEMBL280941
DEC_3779,decoy,Cc1cccc2c(Nc3ccc(NS(C)(=O)=O)cc3)c3ccccc3nc12,CHEMBL275341
DEC_4366,decoy,C/C(=N\OCCSc1nnnn1C)c1ccc(Sc2cc(F)cc(C3CCOCC3)c2)cc1,CHEMBL279935
DEC_4443,decoy,COc1ccnc(C[S+]([O-])c2nc3cc4c(cc3[nH]2)OC(F)(F)O4)c1,CHEMBL9959
DEC_1219,decoy,CCN(CC)C(=O)[C@@H]1C=C2c3cccc4[nH]cc(c34)C[C@H]2N(CC)C1,CHEMBL22694
DEC_1766,decoy,CC(C)(N)C(=O)N[C@H](Cc1c[nH]c2ccccc12)C(=O)N1CCC2(CCCc3ccccc32)CC1,CHEMBL13841
DEC_1446,decoy,Oc1ccc(/C(CC(F)(F)F)=C(\CC(F)(F)F)c2ccc(O)cc2)cc1,CHEMBL28550
DEC_4073,decoy,O=c1c2c(oc(O)c1C(c1cccc(NS(=O)(=O)c3ccc(F)cc3)c1)C1CC1)CCCCCC2,CHEMBL277309
DEC_3714,decoy,O=S(=O)(Nc1ccc(CCNC[C@H](O)c2cccnc2)cc1)c1ccc(-n2ncc(-c3cccc(F)c3)n2)cc1,CHEMBL66908
DEC_3704,decoy,O=C(Cc1cccs1)N[C@@H]1C(=O)N2C(C(=O)O)=C(/C=C/[S+]([O-])c3ccc([N+](=O)[O-])cc3)CS[C@H]12,CHEMBL435369
DEC_1262,decoy,CCN(C(=O)c1ccc2[nH]c(-c3cc(C)cc(C)c3)c(CCNCCCCc3cccnc3)c2c1)C1CCCCC1,CHEMBL290991
DEC_1314,decoy,O=C(NC(Cc1ccccc1)C(O)CN1CCCCCCCCCCCCOC1=O)O[C@H]1CO[C@H]2OCC[C@H]21,CHEMBL303590
DEC_3804,decoy,O=NN(CCF)C(=O)NC1CCCCC1O,CHEMBL448469
DEC_2107,decoy,CC(C)C1=CC2CC3(C=O)[C@@H]4CC[C@@H](C)[C@H]4CC2(CO[C@@H]2O[C@H](C)[C@H]4OC(=S)O[C@H]4[C@@H]2O)C13C(=O)O,CHEMBL21592
DEC_1730,decoy,O=C(NNC(=O)Nc1cc(C(F)(F)F)cc(C(F)(F)F)c1)Nc1cc(C(F)(F)F)cc(C(F)(F)F)c1,CHEMBL273792
DEC_0509,decoy,CCCCC(=O)c1cc2c(c(C(C)(C)C)c1)OCCC2,CHEMBL15078
DEC_3445,decoy,Cc1cc(-c2c(O)nc3cc(Cl)c(C(=O)Nc4ccncn4)cc3c2OCC[C@@H]2CCCCN2)cc(C)c1C,CHEMBL48192
DEC_4114,decoy,O=C(c1ccc(Cl)cc1Cl)C(O)(Cn1cncn1)c1ccc(Cl)cc1,CHEMBL10593
DEC_2604,decoy,COC(=O)CC/C=C\CC[C@H]1C(=O)C[C@@H](O)[C@@H]1/C=C/CC(C)(O)CCC1CCCCC1,CHEMBL6418
DEC_2276,decoy,Cc1cc(-c2noc(C3CC3)n2)cc(C)c1OCCCc1cc(C2CC2)no1,CHEMBL28622
DEC_3627,decoy,CC1(C)CC[C@]2(C(=O)Nc3ccccc3)CC[C@]3(C)C(C(=O)C=C4[C@@]5(C)C=C(C#N)C(=O)C(C)(C)[C@@H]5CC[C@]43C)C2C1,CHEMBL7798
DEC_3331,decoy,O=C(c1cc2ccccc2[nH]1)c1cc2cc(OC(=O)C3CCC3)ccc2[nH]1,CHEMBL7496
DEC_1123,decoy,Nc1nc(O)c2ncn([C@@H]3C[C@H](CO)[C@@H](O)C3)c2n1,CHEMBL277264
DEC_4421,decoy,Oc1ccc2c3c1O[C@H]1[C@H](N=C=S)CCC4C(C2)N(CC2CC2)CCC341,CHEMBL269375
DEC_4344,decoy,Cc1noc(NS(=O)(=O)c2ccccc2-c2ccc(-c3ncco3)cc2CN2CC(C)(C)CC2=O)c1C,CHEMBL30405
DEC_3701,decoy,CCOP(=O)(OCC)N1CCN=C1N/N=C/c1c2ccccc2c(/C=N/NC2=NCCN2)c2ccccc12,CHEMBL67730
DEC_3261,decoy,CC(C)c1cccc(C(C)C)c1OS(=O)(=O)NC(=O)Oc1c(C(C)(C)C)cccc1C(C)(C)C,CHEMBL25111
DEC_0995,decoy,Cc1nn(-c2ccccc2)c2ncc3c(OCc4ccc(CC(=O)O)cc4)c(-c4ccc(Cl)cc4)sc3c12,CHEMBL278408
DEC_1980,decoy,COc1cc2cc(CO)c(CO)c(-c3ccnc(-n4c(=O)ccc5ccccc54)c3)c2cc1OC,CHEMBL12383
DEC_3682,decoy,O=C(O)CCc1c(Cc2cccnc2)ccc2c1CCC(NS(=O)(=O)c1ccc(Cl)cc1)C2,CHEMBL28924
DEC_1293,decoy,C=C1C[C@@]23O[C@]2(c2ccccc21)C1CC(OC(=O)[C@H](O)[C@@H](NC(=O)NC(C)(C)C)c2ccccc2)C3(C)C1(C)C,CHEMBL284458
DEC_1600,decoy,O=C(O)[C@@H]1C[C@H]2C[C@@H](Cc3ccc(-c4nn[nH]n4)cc3)CC[C@H]2CN1,CHEMBL417625
DEC_3400,decoy,CN1C(C(=O)Nc2nc3ccccc3s2)=C(O)c2ccccc2S1(=O)=O,CHEMBL262701
DEC_3136,decoy,O=C1CC2(CCCC2)CC(=O)N1OCCCN1CCN(C2=NS(=O)(=O)c3ccccc32)CC1,CHEMBL10658
DEC_3578,decoy,CC(C)Nc1cccnc1N1CCN(C(=O)c2cc3cc(OS(C)(=O)=O)ccc3[nH]2)CC1,CHEMBL37888
DEC_3865,decoy,COc1ccc2c(c1)[nH]c1c3cnc4ccccc4c3c3c(c21)C(=O)NC3=O,CHEMBL280704
DEC_0186,decoy,N#CCCOC1(C(F)(F)F)OC(=O)Nc2ccc(Cl)cc21,CHEMBL18220
DEC_3440,decoy,C[C@@H]1Oc2ccc(OCc3nc4cc(F)ccc4s3)cc2[C@@H](O)[C@H]1Cc1cccc(NS(=O)(=O)C(F)(F)F)c1,CHEMBL415954
DEC_0460,decoy,COC1(OC)C=CC(C2(C3=CCC(OC)(OC)C=C3)Sc3ccc(C(F)(F)F)cc3-n3cccc32)=CC1,CHEMBL281311
DEC_3502,decoy,CCC1Nc2ccc(C(C)C)cc2C(=O)N1Cc1ccc(-c2ccccc2-c2nn[nH]n2)cc1,CHEMBL277333
DEC_2957,decoy,O=C1C[C@@H](c2ccc(O)c(O)c2)Oc2cc(O)cc(O)c21,CHEMBL8996
DEC_1982,decoy,C[C@@H]1CCC2[C@@H](C)[C@@H](OC(CCC(=O)O)c3ccc(Cl)cc3)O[C@@H]3OC4(C)CC[C@@H]1C23OO4,CHEMBL30501
DEC_2356,decoy,O=C1[C@@H](NS(=O)(=O)c2nc3cc(Cl)ccc3[nH]2)CCN1Cc1cc2c[nH]ccc-2n1,CHEMBL8216
DEC_0681,decoy,CN(C)Cc1ccccc1Sc1ccc(I)cc1N,CHEMBL23034
DEC_4145,decoy,CC1(C)OC(S)=Nc2c(F)cc(-c3cc(F)cc(C#N)c3)cc21,CHEMBL25128
DEC_0493,decoy,Cc1cc(C)c(NC(=O)c2sccc2S(=O)(=O)Nc2onc(C)c2Cl)c(C(=O)C2CCCCC2)c1,CHEMBL293421
DEC_2158,decoy,C=CCC1Oc2cccc(NC)c2-c2ccc3c(c21)C(C)=CC(C)(C)N3,CHEMBL440454
DEC_1771,decoy,COc1cccc2c1CC[C@H]1CN(CCn3c(=O)[nH]c4c(sc5ccc(C#N)cc54)c3=O)C[C@@H]21,CHEMBL41155
DEC_3889,decoy,CCOC(C)OOC1(OOC)CCCCCCCCCCC1,CHEMBL27679
DEC_1835,decoy,CN1CC=C(c2c(O)cc(O)c3c(=O)cc(-c4ccccc4Br)oc23)CC1,CHEMBL8958
DEC_1877,decoy,CC(=O)[C@H]1CC[C@H]2[C@@H]3CCC4=CC(=O)CC[C@@H]4[C@H]3CC[C@]12C,CHEMBL284109
DEC_3320,decoy,CC(=O)SCC(=O)c1cc(C(C)(C)C)c2c(c1)C(C)(C)CO2,CHEMBL275799
DEC_1602,decoy,CCCC(=O)OC1CCn2c1nc1c2C(=O)C(C)=C(NC(C)=O)C1=O,CHEMBL27638
DEC_1020,decoy,O=C(c1ccc(OCCN2CCCCC2)cc1)c1c(-c2ccc3ccccc3c2)sc2cc(O)ccc12,CHEMBL296226
DEC_2790,decoy,COC(OC)[C@@]1(C)Oc2ccc([N+](=O)[O-])cc2[C@@H](N(Cc2ncc[nH]2)c2ccc(Cl)cc2)[C@@H]1O,CHEMBL431147
DEC_1985,decoy,C=C[C@]1(C)C[C@@H](OC(=O)Nc2ccc(OC)cc2)[C@]2(C)C(C)CC(=O)[C@]3(CCC(=O)[C@H]32)[C@@H](C)[C@@H]1O,CHEMBL50327
DEC_1096,decoy,O=C(O)c1ccc(N[C@@H]2OC[C@@H](O)C(O)[C@@H]2O)cc1,CHEMBL25174
DEC_2836,decoy,COc1ccc(C(c2cc(C(C)(C)C)ccc2O)c2ccc(C(C)C)cc(=O)c2O)cc1,CHEMBL18774
DEC_3561,decoy,Cc1ccc(N(/C=N/c2ccn(C3CSC(CO)O3)c(=O)n2)c2ccc(C)cc2)cc1,CHEMBL18076
DEC_0531,decoy,C=CCN1CCc2ccccc2C1C1CCCCC1,CHEMBL22005
DEC_3309,decoy,Cc1ccc(C)c(C[S+]([O-])c2nc3cc(C(F)(F)F)ccc3[nH]2)c1N,CHEMBL20201
DEC_2554,decoy,c1c[nH]c(C2NCCc3c2[nH]c2ccccc32)c1,CHEMBL38559
DEC_0382,decoy,COc1c(C)c(OC)c(CN)c(O)c1Cl,CHEMBL30748
DEC_1791,decoy,O=S(=O)(NS(=O)(=O)N1CCc2cccc(Cl)c2C1)N1CCc2cccc(Cl)c2C1,CHEMBL278290
DEC_0365,decoy,NS(=O)(=O)OC[C@]12CCC[C@H]1[C@@H]1C[C@@H]1CC2,CHEMBL285315
DEC_3347,decoy,c1ccc(Nc2[nH]c3ccccc3c3nc(C4CCCC4)nc2-3)cc1,CHEMBL442333
DEC_3672,decoy,CCOP(=O)(F)CCC(=O)NCCNS(=O)(=O)c1ccc2ccc3cccc4ccc1c2c34,CHEMBL39854
DEC_3843,decoy,O=C(c1ccc2ccoc2c1)N1CCC(N2C(=O)OCc3ccccc32)CC1,CHEMBL31691
DEC_1572,decoy,CN(C)Cc1ccc(CSCCNc2n[s+]([O-])nc2N)s1,CHEMBL9380
DEC_2163,decoy,C=CCC1Oc2cccc(C#N)c2-c2ccc3c(c21)C(C)=CC(C)(C)N3,CHEMBL8209
ACT_057,active,O=C(O)CCC1C(S)=Nc2ccccc21,CHEMBL309276
DEC_2157,decoy,C=CCC1Oc2cccc(CN)c2-c2ccc3c(c21)C(C)=CC(C)(C)N3,CHEMBL8340
DEC_1173,decoy,COC[C@H]1OC(=O)c2coc3c2[C@@]1(C)C1=CC[C@]2(C)C(=O)CC[C@H]2C1C3=O,CHEMBL268976
DEC_0549,decoy,CCCC(=O)c1cc(C(C)(C)C)c2c(c1)C(C)(C)CO2,CHEMBL13980
DEC_2808,decoy,C=C1/C(=C\C=C2/CCCC3(C)C2CCC3[C@H](C)/C=C/CCCC(C)(C)O)C[C@@H](O)C[C@@H]1O,CHEMBL35032
DEC_0881,decoy,COc1ccc(OC)c(-c2csc(NC(=O)C(=O)O)n2)c1.NCCO,CHEMBL16144
DEC_4106,decoy,CCCn1c(=O)c2nc(/C=C/c3cc(F)cc(F)c3)[nH]c2n(CCC)c1=O,CHEMBL27261
DEC_2394,decoy,COc1cnc(C[S+]([O-])c2nc3cc4c(cc3[nH]2)OC(F)(F)O4)c(C)c1OC,CHEMBL9658
DEC_2481,decoy,COC1=C2C[C@@H](C)C[C@H](OC)[C@H](O)[C@@H](C)/C=C(\C)[C@H](OC(N)=O)[C@@H](OC)/C=C\C=C(/C)C(=O)NC(=CC1=O)C2=O,CHEMBL278315
DEC_0019,decoy,O=C(O)CCCC(=O)N1CCC2(CCC(C(=O)N3CCC(C4CCNCC4)CC3)CC2)CC1,CHEMBL26294
DEC_0398,decoy,NS(=O)(=O)OC[C@@]12CCC=C[C@@H]1CCC2,CHEMBL25869
DEC_1886,decoy,CN1Cc2sc(Br)cc2C(c2ccccc2)C1,CHEMBL15422
DEC_2761,decoy,CCCc1nc2ccn(CC(=O)N(C)C)c(=O)c2n1Cc1ccc(-c2ccccc2-c2nn[nH]n2)cc1,CHEMBL42775
DEC_3508,decoy,CCO[C@@H]1C[C@](O)([C@@H](C)[C@H](O)[C@H](C)[C@H]2OC(=O)/C(OC)=C/C(C)=C/[C@@H](C)[C@@H](O)[C@@H](C)C/C(C)=C/C=C/[C@@H]2OC)O[C@H](C(C)C)[C@H]1C,CHEMBL55299
DEC_1695,decoy,COc1ccc2c3c1OC1[C@H](O)[C@](CO)(CCc4ccccc4)CC4C(C2)N(CC2CCC2)CCC341,CHEMBL273447
DEC_1080,decoy,O=c1[nH]c(=O)n(C2SC(O)C(O)C2O)cc1Cl,CHEMBL286251
DEC_0437,decoy,CN(C)c1ccc(Cc2c(N)noc2N)cc1,CHEMBL288963
DEC_4078,decoy,OC(Cc1ccc(Cl)cc1)(c1ccccc1)C(O)(Cn1cncn1)c1ccc(Cl)cc1Cl,CHEMBL10482
DEC_0994,decoy,CC(=O)N1CCc2c(sc(N(CC3CCCCC3)CC3CCCCC3)c2C(=O)c2ccccc2Cl)C1,CHEMBL44186
DEC_0734,decoy,c1ccc2c3c([nH]c2c1)C(c1ccsc1)NCC3,CHEMBL38393
DEC_0112,decoy,CO/C1=C\C(C)=C\[C@@H](C)[C@@H](O)[C@@H](C)C/C(C)=C/C=C/[C@H](OC)[C@@H]([C@@H](C)[C@@H](O)[C@H](C)[C@@]2(OC)C[C@@H](O)[C@H](C)[C@@H](C(C)C)O2)OC1=O,CHEMBL299049
DEC_4531,decoy,COC(=O)CCC[C@H](C(=O)NO)N1CCNc2cc(OCc3cc(OC)cc(OC)c3)ccc2S1(=O)=O,CHEMBL52808
DEC_1711,decoy,COC(=O)c1cc(CO/N=C(\C)c2ccc(Sc3cc(F)cc(C4CCOCC4)c3)cc2)on1,CHEMBL25401
DEC_2462,decoy,CC1OC(OC2CCC3(C)C(CCC4C3CCC3(C)[C@@H](C5=CC(=O)OC5)C(OC=O)CC43O)C2)CC(O)C1O,CHEMBL441173
DEC_4096,decoy,CC1(C)Oc2ccc(C#N)cc2[C@H](N(Cc2ncc[nH]2)c2ccccc2)[C@H]1O,CHEMBL428891
DEC_2999,decoy,CCN(c1cc2n(c(=O)n1)CCc1cc(OC)c(OC)cc1-2)c1c(C)cc(C)cc1C,CHEMBL34091
DEC_2451,decoy,CC(C)(C)n1cc(C(=O)O)c(=O)c2cc(F)c(N3CC4CCC3CN4)cc21,CHEMBL26023
DEC_1382,decoy,C=C(C)n1c(=O)n(Cc2nc3ccccc3n2CCC(C)C)c2ccccc21,CHEMBL418539
DEC_4083,decoy,O=C1CN2CCCCC2c2c1c1ccccc1n2CCCNS(=O)(=O)c1cc(Cl)sc1Cl,CHEMBL34635
DEC_0669,decoy,COC(=O)C1=C(C)N=C(C)/C(=C(\O)OC)C1c1c(F)c(F)c(F)c(F)c1F,CHEMBL24716
DEC_4030,decoy,O=C1CC2(CCCc3ccccc32)C(=O)N1CCCCN1CCN(N2Cc3ccccc3S2)CC1,CHEMBL35539
DEC_1593,decoy,O=C(O)[C@@H]1C[C@H]2C[C@@H](Cc3cccc(-c4nn[nH]n4)c3)CC[C@H]2CN1,CHEMBL279648
DEC_1793,decoy,O=C1NC(=O)C(CC#Cc2ccc(C(F)(F)F)cc2)(S(=O)(=O)c2ccc(Cl)cc2)S1,CHEMBL11995
DEC_2123,decoy,COc1cc(O)c2c(c1C)C(=O)CCCCC/C(S)=N/[C@H](c1nc(NC(=O)[C@H](C)N)no1)CSC2,CHEMBL36898
DEC_3461,decoy,CCCCS(=O)(=O)Nc1cccc(C(c2c(O)c3c(oc2=O)CCCCCC3)C2CC2)c1,CHEMBL16483
DEC_2594,decoy,O=C1CCCN(c2cccc(C(F)(F)F)c2)N1,CHEMBL282558
DEC_4426,decoy,O=C(O)Cc1nn(Cc2nc3cc(F)cc(F)c3s2)c(=O)c2ccccc12,CHEMBL20637
DEC_3279,decoy,CC(=O)Nc1cc(C(C)(C)C)c(SC2=C(O)OC(CCc3ccccc3)(C(C)C)CC2=O)cc1C,CHEMBL36608
DEC_2008,decoy,CCNC(=O)/C(C(=O)OCC)=C(C)\C=C\C=C(C)\C=C\C1=C(C)CCCC1(C)C,CHEMBL13967
DEC_3443,decoy,CC1CCCCCCCCCCOC(=O)N(CC(O)C(Cc2ccccc2)NC(=O)O[C@H]2CO[C@H]3OCC[C@H]32)C1,CHEMBL292373
DEC_1556,decoy,CCN(CC)CC#CCCC1(C2(O)c3ccccc3Oc3ccccc32)SCCCS1,CHEMBL40408
DEC_3953,decoy,C/C(=C/Cc1c(O)n(Cc2ccccc2)c2nc3c(n2c1=O)C(=O)N(C)CN3C)C(F)(F)F,CHEMBL14054
DEC_4418,decoy,COc1cc(OC)cc([C@@H]2c3cc4c(cc3N[C@H]3COC(=O)N23)OCCO4)c1,CHEMBL266137
DEC_1225,decoy,CN(CC#CCCC1(C2(O)c3ccccc3Oc3ccccc32)SCCCS1)CCCCc1ccccc1,CHEMBL41181
DEC_0934,decoy,CCCCN(CC)c1nc(C)nc2c1c(C)cn2-c1c(C)cc(C)cc1C,CHEMBL9946
DEC_1189,decoy,CC(/N=c1\c(O)c(O)\c1=N/c1ccc(Br)cc1)C(C)(C)C,CHEMBL278694
DEC_0261,decoy,CCCCc1nc(CCCC)n(Cc2ccc(-n3c(F)ccc3-c3nn[nH]n3)cc2)n1,CHEMBL12693
DEC_1763,decoy,CC1(C)C2CCC1(CS(=O)(=O)N1CCC3(CCc4ccccc43)CC1)C(NC(=O)C1CCCCN1)C2,CHEMBL283730
DEC_0051,decoy,Cc1c(C)c(C)c(S(=O)(=O)OCCCl)c(C)c1C,CHEMBL17524
DEC_4563,decoy,CC(C)(C)NC(=O)[C@@H]1CN(Cc2ccccc2O)CCN1C[C@@H](O)[C@H](Cc1ccccc1)NC(=O)O[C@H]1CCOC1,CHEMBL74862
DEC_3016,decoy,CCC(C)(O)C#Cc1nc(Nc2ccc(Cl)c(Cl)c2)c2ncn(C(C)C)c2n1,CHEMBL26513
DEC_3233,decoy,CCn1cc(C(=O)O)c(=O)c2c(O)c(F)c(N3CC(C)NC(C)C3)c(F)c21,CHEMBL15894
DEC_1541,decoy,CCN(CC)CC#CCCCC1(C2(O)c3ccccc3Oc3ccccc32)SCCCS1,CHEMBL289122
DEC_2614,decoy,CCCCc1nc(Cl)c(CO)n1Cc1ccc(Sc2ccccc2C(=O)O)cc1,CHEMBL28441
DEC_3692,decoy,C=CCCC[C@H](OC(=O)[C@@H]1CCCCN1C(=O)C(=O)[C@]1(O)OCCC[C@H]1C)/C(C)=C/[C@@H]1CC[C@@H](O)[C@H](OC)C1,CHEMBL287350
DEC_1930,decoy,Cc1ccc(C)n1Nc1ccc(N2CCCCC2)nn1,CHEMBL273673
DEC_2742,decoy,Cc1cc(C(=O)c2ccc(Cl)cc2)c(C)c(C(=O)Nc2ccc([N+](=O)[O-])cc2Cl)c1O,CHEMBL416950
DEC_1587,decoy,CCCCC(=O)OC1CCn2c1nc1c2C(=O)C(C)=C(NC(C)=O)C1=N,CHEMBL18143
DEC_1251,decoy,Cc1cc(C)cc(-c2[nH]c3ccccc3c2CCNCCCCc2ccc(NS(=O)(=O)C(C)C)cc2)c1,CHEMBL11156
DEC_0559,decoy,CC(C)C1=CC2CC3(C=O)[C@@H]4CC[C@@H](C)[C@H]4CC2(CO[C@H]2C[C@H]4[C@H](OC[C@@H]4C(C)C)[C@@H](C)O2)C13C(=O)O,CHEMBL443788
DEC_3414,decoy,CC1C/C=C\CCCCCCCCCOC(=O)N1CC(O)C(Cc1ccccc1)NC(=O)O[C@H]1CO[C@H]2OCC[C@H]21,CHEMBL61164
DEC_0329,decoy,CCC(C)(C)/N=c1\c(O)c(O)\c1=N/Cc1ccc(F)c(F)c1,CHEMBL19694
DEC_2645,decoy,CCCCCCCCC(=O)O[C@H](CC=C(C)C)C1=CC(=O)c2c(O)ccc(O)c2C1=O,CHEMBL9338
DEC_1216,decoy,Cc1ccncc1C1=C(c2ccc(S(C)(=O)=O)cc2)CCC1=O,CHEMBL276976
DEC_1266,decoy,CO/N=C(\COCc1cccc(C)c1)C(CCN1CCC(O)(c2ccccc2)CC1)c1ccc(Cl)c(Cl)c1,CHEMBL32477
DEC_1573,decoy,CC1OC(SCCC23C[C@H]4C[C@@H](C2)C[C@@H](C3)C4)C(O)C(O)C1O,CHEMBL274753
DEC_4142,decoy,CSc1nnc(-c2cc(C(C)(C)C)c(O)c(C(C)(C)C)c2)o1,CHEMBL274457
DEC_1826,decoy,CCc1nc2cc(OC3CCN(C(C)=N)CC3)ccc2n1C/C=C/c1cccc(N)c1,CHEMBL25484
DEC_0274,decoy,CCCN(CCCCNS(=O)(=O)c1ccc(C)cc1)C1COc2cccc(OC)c2C1,CHEMBL26018
DEC_4011,decoy,CCCCc1nc2ccc(C(C)O)cc2c(=O)n1Cc1ccc(-c2ccccc2-c2nn[nH]n2)cc1,CHEMBL15225
DEC_3236,decoy,COC(=O)Nc1nc2cc(C(=O)N3CCN(c4ccccc4)CC3)ccc2[nH]1,CHEMBL268028
DEC_2501,decoy,CC(C)(C)OC(=O)CCN1CCN(CC2CN(c3ccc(C(=N)NC(=O)c4ccccc4)cc3)C(=O)O2)CC1,CHEMBL309417
DEC_1686,decoy,CC(C)C1=CC2CC3(C=O)[C@@H]4CC[C@@H](C)[C@H]4CC2(CO[C@H]2C[C@H]4[C@H](OC[C@@H]4C)[C@@H](C)O2)C13C(=O)O,CHEMBL430956
DEC_2298,decoy,CCCN1[C@@H]2CC[C@H]1C[C@@H](N(c1ccccc1)c1ccc(C(=O)N(CC)CC)cc1)C2,CHEMBL12765
DEC_0644,decoy,CC(=O)Oc1c(Cl)c(Cl)nc(C(Cl)(Cl)Cl)c1Cl,CHEMBL11518
DEC_1040,decoy,CC(C)[C@H]1OCO[C@]1(Cn1cncn1)c1ccc(Cl)cc1,CHEMBL10285
DEC_1712,decoy,CCCCc1nc2c(n1Cc1ccc(-c3ccccc3-c3nn[nH]n3)cc1)/C(=C/C(=O)O)CCCC2,CHEMBL288832
DEC_2569,decoy,O=P(O)(O)C(O)c1ccc2ccccc2c1,CHEMBL26001
DEC_2026,decoy,CCCCc1nc(Cl)c(CO)n1Cc1ccc(-c2occc2C(=O)O)cc1,CHEMBL430279
DEC_1828,decoy,CCc1nc2ccc(OC3CCN(C(C)=N)CC3)cc2n1C/C=C/c1cccc(N)c1,CHEMBL24460
DEC_0618,decoy,CCCc1c(OCCCCCOc2cc3c(cc2C(C)=O)CC(C(=O)O)O3)ccc(C(C)=O)c1O,CHEMBL52781
DEC_2998,decoy,O=C1O[C@H](c2ccccc2Cl)[C@@](Cn2cncn2)(c2ccccc2Cl)O1,CHEMBL273242
DEC_3026,decoy,CCN(C)CC#CCCC1(C2(O)c3ccccc3Sc3ccc(Cl)cc32)SCCCS1,CHEMBL41527
DEC_0065,decoy,O=S(=O)(OCCF)c1cc(Cl)c(Cl)cc1Cl,CHEMBL16949
DEC_2261,decoy,CCCCc1nc(Cc2ccc(-c3ccccc3-c3nn[nH]n3)cc2)n(CCCC)n1,CHEMBL12909
DEC_1004,decoy,CCO/C(O)=C1\C(C[S+]([O-])c2ccc(Cl)c(Cl)c2)=NC(C)=C(C#N)C1c1ccccc1C(F)(F)F,CHEMBL73063
DEC_3265,decoy,COc1cc(OC(C)(C)C(=O)O)c(/C=C/C(=O)c2ccc(C(F)(F)F)cc2)cc1-c1cccs1,CHEMBL39751
DEC_4037,decoy,C=C1/C(=C\C=C\[C@@H]2CC[C@](C)(CC#CC(O)(C(F)(F)F)C(F)(F)F)C2(C)C)C[C@@H](O)C[C@@H]1O,CHEMBL290479
DEC_3033,decoy,CCCCC1N(Cc2ccc(-c3ccccc3-c3nn[nH]n3)cc2)C(=O)c2cc(C(C)C)ccc2N1C,CHEMBL15196
ACT_085,active,Fc1cc2c(cc1Cl)Nc1ncnc3ccc(cc13)OCCOCCO2,CHEMBL5190513
DEC_4444,decoy,Cc1noc(NS(=O)(=O)c2cccc3c(N(C)C(C)C)cccc23)c1C,CHEMBL283652
DEC_2257,decoy,CC(=O)O[C@H]1O[C@@H]2O[C@@H](OC(C)=O)[C@@H]3CC[C@H]([C@@H]1CC/C=C(\C)CCC=C(C)C)[C@H]23,CHEMBL275719
DEC_3425,decoy,Cc1noc(NS(=O)(=O)c2ccccc2-c2ccc(-c3ncco3)cc2CN2CCCC(C)(C)C2=O)c1C,CHEMBL283610
DEC_3325,decoy,CCO[C@@]1(CC)c2cccc3c2-c2c1ccc1c2[C@@H](C3)N(C)CC1,CHEMBL280804
DEC_2662,decoy,COC(=O)[C@H](COC(=O)/C=C/c1ccc(OC(C)=O)c(OC(C)=O)c1)NC(=O)/C=C/c1ccc(OC(C)=O)c(OC(C)=O)c1,CHEMBL30922
DEC_3996,decoy,CCCCCCC[C@H]1OC(=O)C[C@H](O)[C@H](Cc2ccccc2)N(C)C(=O)[C@H](C(C)C)OC(=O)[C@H]1C,CHEMBL290432
DEC_0275,decoy,N#CCCNCCN(CCNCCC#N)CCNC1CCCCCCCCCCC1,CHEMBL21873
DEC_3973,decoy,CC(C)Oc1nccc2c1c1ncnc(N3CCN(CCc4ccc(F)c(F)c4)CC3)c1n2C,CHEMBL283253
DEC_0926,decoy,C[C@H](CS)C(=O)N1C[C@@H](Sc2ccc3ccccc3c2)C[C@H]1C(=O)O,CHEMBL274988
DEC_2373,decoy,C=C(Cl)C(=O)N[C@@]12CCC(=O)[C@@H]3Oc4c(O)ccc5c4C31CCN(CC1CC1)C2C5,CHEMBL288178
DEC_3898,decoy,CSc1sc(C(=N)N)cc1-c1nc(-c2ccccc2C)cs1,CHEMBL28949
DEC_2909,decoy,CCCc1cc(=O)oc2c3c(c4c(c12)OC(C)(C)C=C4)OC(C)(C)[C@H](C)[C@H]3O,CHEMBL266552
DEC_1670,decoy,CCCC1CCNc2cc3oc(=O)cc(C(F)(F)F)c3cc21,CHEMBL6855
DEC_3544,decoy,COC(=O)C1=C(C)N=C(C)/C(=C(/O)OC)C1c1cccc(NC(=O)NCCNC2CCN(c3ccccc3OC(F)(F)F)CC2)c1,CHEMBL187902
DEC_0064,decoy,Cc1c(C)c2c(c(C)c1O)SC(c1ccccc1)O2,CHEMBL290417
DEC_2350,decoy,Cc1ncnc(C)c1C(=O)N1CCC(C)(N2CCN([C@@H](CC3CC3)c3ccc(C(F)(F)F)cc3)[C@@H](C)C2)CC1,CHEMBL312344
DEC_4005,decoy,CCCCCCC[C@@H]1CC(=O)O[C@@H](C(C)C)C(=O)N(C)[C@@H](Cc2ccccc2)[C@H](O)CC(=O)O1,CHEMBL35924
DEC_1694,decoy,Cn1cncc1C(OCc1ccc(C#N)nc1-c1ccc2c(c1)OC(F)(F)O2)c1ccc(C#N)cc1,CHEMBL41951
DEC_1923,decoy,COc1cc(CC(C)N)c(SC)cc1OC,CHEMBL31077
DEC_4493,decoy,CCN(CC)Cc1cc(Nc2ccnc3cc(Cl)ccc23)c(F)c(F)c1O,CHEMBL29778
DEC_1950,decoy,CCn1ccc(-c2ccccc2NCC2=NCCN2)n1,CHEMBL417999
DEC_1016,decoy,CCCNC(=O)[C@]12CCC(C)(C)CC1C1C(=O)C=C3[C@@]4(C)C=C(C#N)C(=O)C(C)(C)[C@@H]4CC[C@@]3(C)[C@]1(C)CC2,CHEMBL268391
DEC_1549,decoy,Clc1ccc(CCC2COC(Cn3ccnc3)(c3ccc(Cl)cc3Cl)O2)cc1,CHEMBL29933
DEC_4008,decoy,Cc1noc(NS(=O)(=O)c2ccsc2C(=O)Nc2cc3c(cc2CC#N)OCO3)c1Cl,CHEMBL417719
DEC_1146,decoy,NCCCCC(N)C(=O)NCC1CCC(CNCCCN2CCN(CCCNCC3CCCCC3)CC2)CC1,CHEMBL290638
DEC_2721,decoy,N#CN/C(=N/c1ccc(Cl)cc1Cl)NC(Cn1ccnc1)c1ccc(Cl)cc1Cl,CHEMBL7871
DEC_1820,decoy,CCC1C2Cc3ccc(O)cc3C1(CC)CCN2C(=O)C(N)CCSC.Cl,CHEMBL282347
DEC_0410,decoy,CN(C)c1cccc2c1CN1CC(=O)NC1=N2,CHEMBL31502
DEC_1699,decoy,COCCO/N=C(\OC(=O)c1ccc(C(=O)C(C)(C)C)cc1)c1ccc(C(=O)C(C)(C)C)cc1,CHEMBL44084
DEC_1083,decoy,C=C1C2=C(C(=O)C(C)=C(N)C2=O)N2C[C@@H]3N[C@@H]3[C@]12O,CHEMBL286655
DEC_2232,decoy,Cc1ccc(S(=O)(=O)NN(C)S(=O)(=O)c2ccc(C)cc2)cc1,CHEMBL431711
DEC_3277,decoy,O=C(NCc1cc(C(F)(F)F)cc(C(F)(F)F)c1)c1c(CCl)nc2ccccc2c1-c1ccccc1,CHEMBL24136
DEC_2968,decoy,O=c1oc2c(O)c(O)cc3c(=O)oc4c(O)c(O)cc1c4c23,CHEMBL6246
DEC_2338,decoy,COc1cc2c(cc1OCCCCC(=O)N1C[C@H](CCl)c3c1cc(O)c1ccccc31)N=C[C@@H]1CCCN1C2=O,CHEMBL69443
DEC_1160,decoy,CCOC(=O)/C=C/[C@H](CCC(N)=O)NC(=O)[C@H](CSCC)NC(=O)[C@H](CC(C)C)NC(=O)OCc1ccccc1,CHEMBL317125
DEC_3147,decoy,CN1CCN(c2c(F)cc3c(=O)c(C(=O)O)cn(N4CC4c4ccccn4)c3c2F)CC1,CHEMBL37517
DEC_0580,decoy,[N-]=[N+]=Nc1ccc(S(=O)(=O)Nc2cccc(C(c3c(O)oc4c(c3=O)CCCCCC4)C3CC3)c2)cc1,CHEMBL16361
DEC_4554,decoy,COc1ccc(S(=O)(=O)N(Cc2ccc3c(c2)OCO3)[C@H](CCC(=O)NCc2ccccc2)C(=O)NO)cc1,CHEMBL77341
DEC_0193,decoy,CSc1nc2nc(C(=O)c3ccccc3)cn2c2c1CSCC2,CHEMBL20346
DEC_0483,decoy,CC(C)(C)c1ccc(S(=O)(=O)N2Cc3ccccc3N(Cc3ncc[nH]3)C(CCc3ccccc3)C2)cc1,CHEMBL8499
DEC_3286,decoy,C/C1=C/CC[C@]2(C)[C@@H]([C@H](C)COC(=O)c3ccccc3)CC[C@H]2c2ccc(cc2C(=O)O)C[C@@H](O)CC1,CHEMBL43841
DEC_0989,decoy,CCN(c1nc(C)cc(N2CC=C(c3cccc(F)c3)CC2)n1)c1ccc(C(C)C)cc1Br,CHEMBL46556
DEC_3621,decoy,O=C(NN1CC2CCCC2C1)c1nc(-c2ccc(Cl)cc2Cl)n(-c2ccc(Cl)cc2)c1Br,CHEMBL15966
DEC_0511,decoy,c1ccc(C(c2ccc(-n3cccc3)cc2)n2ccnc2)cc1,CHEMBL282058
DEC_3934,decoy,CC(C)Oc1ccc(C(=O)c2ccc3n2CCC3C(=O)O)cc1,CHEMBL9481
DEC_0821,decoy,CCCc1cc(=O)oc2c3c(c4c(c12)OC(C)(C)C=C4)O[C@H](CC)[C@H](C)[C@@H]3O,CHEMBL267208
DEC_2131,decoy,COC(OC)[C@]1(C)Oc2ccc(N)cc2[C@@H](N(Cc2ncc[nH]2)c2ccc(Br)cc2)[C@@H]1O,CHEMBL44603
DEC_0371,decoy,Oc1nc2c(F)c(F)c(F)c(F)c2nc1O,CHEMBL289779
DEC_4480,decoy,CC(NCCc1ccccc1)C1CCC2C3CC=C4CC(O)CCC4(C)C3CCC12C,CHEMBL8559
DEC_0711,decoy,C[C@@H](n1cnc2c(Br)cc(Br)cc2c1=O)[C@](O)(Cn1cncn1)c1ccc(F)cc1F,CHEMBL56850
DEC_3193,decoy,CCCCc1nc(CO)c(Cl)n1Cc1ccc(C(=O)O)cc1,CHEMBL278617
DEC_2609,decoy,CCCc1c(OCCCSc2ccc(CC(=O)O)cc2Cl)ccc(C(C)=O)c1O,CHEMBL23881
DEC_2316,decoy,COc1ccc(C2Sc3ccccc3-n3c(CN(C)CCc4ccc(OC)c(OC)c4)ccc32)c(OC)c1,CHEMBL280391
DEC_2461,decoy,NC(=O)[C@H](Cc1ccc(O)cc1)NC(=O)C1CCCCN1/C=C1\N=C(c2ccc(Br)cc2)OC1=O,CHEMBL57402
DEC_3141,decoy,Cc1cc2c(cc1Cl)N(C(=O)CN1CCN(CCO)CC1)c1ccccc1N(C)S2(=O)=O,CHEMBL27521
DEC_3127,decoy,CC(=O)[O-].CCn1c(=O)/c(=C2\SC3=C(CCCC3)N2C)s/c1=C\c1scc[n+]1CC,CHEMBL33122
DEC_4133,decoy,Cc1cccc2c1CCCC2N1CCC2(CC1)C(=O)NCN2c1ccccc1,CHEMBL280827
DEC_0857,decoy,CC(C)C(NC(=O)Cn1ccc2c(O)nc(O)nc2c1=O)C(=O)C(F)(F)F,CHEMBL275723
DEC_2716,decoy,C[C@]12C=CC(=O)NC1CCC1C2CC[C@@]2(C)C1CC[C@@H]2C(=O)N(c1ccccc1)c1ccccc1,CHEMBL24191
DEC_0192,decoy,O=C1c2ccc(O)cc2C23CCCCC2C1N(CC1CCCO1)CC3,CHEMBL432072
DEC_1760,decoy,CC1(C)C2CCC1(CS(=O)(=O)N1CCC3(CCc4ccccc43)CC1)C(NC(=O)[C@H]1CCCNC1)C2,CHEMBL23890
DEC_4226,decoy,NC(=O)N1CCN(C2=Nc3ccc(Cl)cc3CC=C2c2ccccc2)CC1,CHEMBL277564
DEC_2780,decoy,CCc1nc2c(n1Cc1ccc(-c3ccccc3-c3nn[nH]n3)cc1)C(O)(CC(=O)O)CCCC2,CHEMBL43530
DEC_1059,decoy,CN(C)c1ccc(/C=C/c2nc3c(=O)n(C)c(=O)n(C)c3[nH]2)cc1,CHEMBL26899
DEC_2796,decoy,Cc1sc(-c2ccc(Cl)cc2)nc1C(=O)N[C@H](C)[C@](O)(Cn1cncn1)c1ccc(F)cc1F,CHEMBL55474
DEC_1081,decoy,O=c1[nH]c(=O)n(C2SC(O)C(O)C2O)cc1F,CHEMBL286753
DEC_0849,decoy,CC(=O)NC1=C(C)C(=O)c2c(nc3n2CCC3OC(=O)CCl)C1=N,CHEMBL17596
DEC_0034,decoy,CNc1ccc(C#CC[C@H](NS(=O)(=O)c2ccc3c(c2)CCCC3)C(=O)N(C)C2CCCC2)cc1,CHEMBL7587
DEC_1093,decoy,Nc1nc(O)c2nnn(C3CC(O)C(CO)C3)c2n1,CHEMBL30508
DEC_4121,decoy,CS(=O)(=O)c1ccc(-c2cc(Cl)cnc2-c2ccc(CO)nc2)cc1,CHEMBL10042
DEC_2333,decoy,COc1cc([C@@H]2c3cc4c(cc3[C@H](O[Si](C)(C)C(C)(C)C)[C@H]3COC(=O)[C@H]23)OCO4)cc(OC)c1OC,CHEMBL30822
DEC_2724,decoy,CC(NC(=O)Cc1ccc(Cl)cc1)C1CCC2C3CC=C4CC(O)CCC4(C)C3CCC12C,CHEMBL8574
DEC_3728,decoy,CCO/C(O)=C1\C(COCC(C)(O)Cn2cncn2)=NC(C)=C(C(=O)OC)C1c1cccc(Cl)c1Cl,CHEMBL419840
DEC_4289,decoy,COc1ccccc1C(=O)NC[C@]1(c2ccccc2)CC[C@H](NC(=O)CCc2ccccc2)CC1,CHEMBL16446
ACT_011,active,CC(C)(C)c1cc(NC2=NC(=O)CS2)no1,CHEMBL4751085
DEC_0542,decoy,CN(C/C=C/c1cccs1)Cc1cccc2ccccc12,CHEMBL21292
DEC_0208,decoy,C[C@H](N)Cc1c2ccoc2c(C(F)(F)F)c2ccoc12.Cl,CHEMBL6907
DEC_2161,decoy,C=CCC1Oc2cccc(COC)c2-c2ccc3c(c21)C(C)=CC(C)(C)N3,CHEMBL267670
DEC_0612,decoy,CCCc1c(OCCOCCOc2cc3c(cc2C(C)=O)CCC(C(=O)O)O3)ccc(C(C)=O)c1O,CHEMBL301719
DEC_4297,decoy,O=C(O)CC/C=C/c1cc(Cc2cccnc2)cc2c1CCC(NS(=O)(=O)c1ccc(Cl)cc1)C2,CHEMBL28789
DEC_0544,decoy,CNCC(c1ccc(Cl)cc1)c1ccc(Cl)cc1,CHEMBL269177
DEC_0233,decoy,CCC(C)(C)/N=c1\c(O)c(O)\c1=N/Cc1c(C)cc(C)cc1C,CHEMBL283581
DEC_2606,decoy,CCCCN(CC)CCNc1cc(C)nc(/N=C(\N)Nc2ccc(Cl)c(Cl)c2)n1,CHEMBL25441
DEC_4372,decoy,Cc1cc(C)n(CCOCC2(C)COC(c3nc(-c4ccccc4)c(-c4ccccc4)[nH]3)OC2)n1,CHEMBL33796
DEC_0765,decoy,C/C=C/c1nc2cc3c(cc2[nH]1)C(C)(C)C(=O)N3,CHEMBL34909
DEC_2463,decoy,CC12CCC(=O)C=C1CCC1C2C(O)CC2(C)C1CC[C@]2(O)C(=O)COC(=O)c1cccc(CN2CCOCC2)c1,CHEMBL81903
DEC_0752,decoy,C[C@@H]1C=C2c3cccc4c3[C@@H](CN4)C[C@H]2N(C)C1,CHEMBL37867
DEC_3025,decoy,CCCCCc1nc2c(n1Cc1ccc(-n3cccc3-c3nn[nH]n3)cc1)/C(=C/C(=O)O)CCCC2,CHEMBL42984
DEC_0307,decoy,CCC(C)(C)/N=c1\c(O)c(O)\c1=N/Cc1cc(C)cc(C)c1,CHEMBL20104
DEC_2932,decoy,CCCc1cc(=O)oc2c3c(c4c(c12)OC(C)(C)C=C4)O[C@H](C(C)C)[C@@H](C)[C@@H]3O,CHEMBL266921
DEC_2398,decoy,O=C(O)Cc1nn(Cc2nc3cccc(C(F)(F)F)c3s2)c(=O)c2ccccc12,CHEMBL20220
DEC_0147,decoy,CN1CCN(Cc2cc(Nc3cc(C(F)(F)F)nc(Nc4nc5cc(C(=O)c6ccccc6)ccc5[nH]4)n3)ccc2O)CC1,CHEMBL24184
DEC_2444,decoy,CN1C(NC(=N)N)=NC(=O)/C1=C/c1cc(C(C)(C)C)c(O)c(C(C)(C)C)c1,CHEMBL15904
DEC_2230,decoy,CCc1c2c(nc3cnccc13)-c1cc3c(c(=O)n1C2)COC(=O)[C@]3(O)CC,CHEMBL12926
DEC_1151,decoy,CCCCCCc1noc([C@H](CCC(N)=O)NC(=O)[C@H](Cc2ccc(OP(=O)(O)O)cc2)NC(C)=O)n1,CHEMBL78037
DEC_1657,decoy,COc1c(C(C)C)cc(Cc2cnc(N)nc2N)cc1C(C)C,CHEMBL280374
DEC_2311,decoy,CCCC[C@@H]1C(=O)N([C@@H](C2SCCCS2)C2OC(C)(C)OC2C2COC(C)(C)O2)[C@@H]1/C(C)=C/c1ccccc1,CHEMBL313683
DEC_3424,decoy,N=C(c1ccc(Cl)cc1)N(N)S(=O)(=O)c1cc(Cl)c(Oc2ccc([N+](=O)[O-])cc2Cl)c(Cl)c1,CHEMBL311171
DEC_1118,decoy,Nc1nc(O)c2ncn(C3CC(CO)C3CO)c2n1,CHEMBL33265
DEC_1714,decoy,CCCc1nc2c(n1Cc1ccc(-c3ccccc3-c3nn[nH]n3)cc1)CCCC/C2=C\C(=O)O,CHEMBL46628
DEC_3622,decoy,O=C(Cc1ccc(C(F)(F)F)cc1C(F)(F)F)N[C@@H]1N=C(c2ccccc2)c2ccccc2N(CC(F)(F)F)C1=O,CHEMBL16900
DEC_1746,decoy,Nc1nccc2ccc(Oc3ccc(F)cc3NC(=O)c3ccc(-c4ccccc4S(N)(=O)=O)cc3)cc12,CHEMBL433066
DEC_4351,decoy,CCOc1c(Br)cc(Br)cc1-c1nnc2c3ccccc3c(N3CCCC3)nn12,CHEMBL275800
DEC_2041,decoy,CCSc1ccnc(CSc2nc3ccccc3n2CC2CO2)c1C,CHEMBL10398
DEC_3078,decoy,Nc1cccc(-c2cccn(C(CN3CCC(O)C3)c3ccccc3)c2=O)c1,CHEMBL14959
DEC_0825,decoy,Cc1noc(NS(=O)(=O)c2cccc3c(N4CCCCC4)cccc23)c1C,CHEMBL27178
DEC_4151,decoy,C[C@@H]1SC2=NC3c4ccccc4CCC3N2[C@@]1(O)c1ccccc1,CHEMBL28732
DEC_3139,decoy,CCn1c(=O)c2nc(-c3ccc(S(=O)(=O)N4CCSCC4)cc3)[nH]c2n(CC)c1=O,CHEMBL275262
DEC_3868,decoy,Oc1ccc(Cl)cc1-n1nc(-c2ccccc2C(F)(F)F)nc1O,CHEMBL13637
DEC_2384,decoy,CCC1(O)C(=O)OCc2c1cc1n(c2=O)Cc2c-1nc1ccc(CC#N)cc1c2C,CHEMBL10611
DEC_1605,decoy,CC(C)Nc1cnnc(N2CCN(C(=O)c3ccc4[nH]ccc4c3)CC2)c1,CHEMBL428482
DEC_3032,decoy,C=C(Cl)CN1C[C@H](OCC23C[C@@H]4[C@H](C)CC[C@H]4C4(C=O)CC2C=C(C(C)C)C34C(=O)O)O[C@H](C)C1,CHEMBL45954
DEC_2186,decoy,C=CCC1Oc2cccc(OC)c2-c2ccc3c(c21)C(C)=CC(C)(C)N3,CHEMBL266282
DEC_0386,decoy,c1ccc2c(c1)ccc1nc(-c3nn[nH]n3)cn12,CHEMBL274662
DEC_0917,decoy,CN1CC=C(c2c(O)cc(O)c3c(=O)cc(-c4ccccc4Cl)oc23)CC1,CHEMBL266751
DEC_0249,decoy,CC1(c2ccc(F)cc2)OC(/C=C/c2ccc(C#N)cc2)=CC1=O,CHEMBL276919
DEC_1145,decoy,CC1OC(OC2C(OCCCCC(C(=O)O)C(=O)O)CCOC2COCCCCc2ccccc2)C(O)C(O)C1O,CHEMBL28393
DEC_2206,decoy,CC1(N2C(=O)c3c(F)c(F)c(F)c(F)c3C2=O)CCC(=O)NC1=O,CHEMBL11282
DEC_3223,decoy,Oc1ccc2c3c1O[C@H]1[C@H](N=C=S)CCC4(O)C(C2)N(CC2CC2)CCC314,CHEMBL21068
DEC_0512,decoy,C#CCCCC(=O)c1cc(C(C)(C)C)c2c(c1)C(C)(C)CO2,CHEMBL13920
DEC_0522,decoy,CCCCNCc1cc(Cl)ccc1Cl.Cl,CHEMBL13622
DEC_0120,decoy,C1CCC(NC2CCCCC2)CC1.NS(=O)(=O)c1cc(S(=O)(=O)O)c(NCc2ccco2)cc1Oc1ccccc1,CHEMBL17950
DEC_2712,decoy,O=C(Oc1ccc2[nH]c(C(=O)c3cc4ccccc4[nH]3)cc2c1)c1ccc(-c2ccccc2)cc1,CHEMBL269510
DEC_2479,decoy,O=C(CSc1cc(Cl)ccc1Cl)N[C@@H]1C(=O)N2C(C(=O)O)=C(COC(=O)c3ccc(O)cc3)CSC12,CHEMBL58805
DEC_2264,decoy,CCCCN(C)C(=O)CCSC(Cc1ccc(O)cc1)c1ccc(OC)cc1,CHEMBL14129
DEC_0204,decoy,C[C@H](N)Cc1c2ccoc2c(Br)c2ccoc12.Cl,CHEMBL263083
DEC_1915,decoy,CCC(CC)/N=c1\c(O)c(O)\c1=N/c1ccc(C#N)cc1,CHEMBL417636
DEC_1542,decoy,O=S1(=O)c2cccc3cccc(c23)N1CCCN1CC=C(c2c[nH]c3ccc(O)cc23)CC1,CHEMBL19652
DEC_0168,decoy,CC(C)(C)C12COC(c3ccc(Br)cc3)(OC1)OC2,CHEMBL29116
DEC_4361,decoy,COc1ccc2nc3c(c(C)nn3[C@@H]3O[C@H](O/C=C/C(=O)c4ccccc4)[C@H]4OC(C)(C)O[C@H]43)c(Cl)c2c1,CHEMBL305112
DEC_0368,decoy,Cc1c(C)c2c(c(C)c1O)CCC(C)(C(=O)O)O2,CHEMBL153
DEC_1857,decoy,CC12C=CC(=O)C=C1CCC1C2CCC2(C)C(=O)CCC12,CHEMBL8512
DEC_3430,decoy,O=C(Nc1ccncn1)c1cc2c(OCC[C@@H]3CCCCN3)c(-c3ccc(Cl)s3)c(O)nc2cc1Cl,CHEMBL48249
DEC_3755,decoy,O=C(c1ccccc1Cl)c1cc2oc(=O)n(CCc3ccncc3)c2cc1Cl,CHEMBL25764
DEC_3998,decoy,COc1cc(C(C)=O)cc(OC)c1OCCCN1CCC(c2noc3cc(F)ccc23)CC1,CHEMBL14395
DEC_0111,decoy,NC1=NC(N)=C(CCCCc2ccc(C(=O)N[C@@H](CCC(=O)O)C(=O)O)cc2)C(N)N1,CHEMBL268995
DEC_0656,decoy,C=C(C)CCN(C1=NCCN1)c1c(Br)cccc1Br,CHEMBL20490
DEC_1296,decoy,CCCCc1nc2ccc(C(O)C(C)(C)C)cc2c(=O)n1Cc1ccc(-c2ccccc2-c2nn[nH]n2)cc1,CHEMBL415983
DEC_4387,decoy,CCCCc1cn(-c2ccccc2)c(=O)n1Cc1ccc(-c2ccccc2-c2nn[nH]n2)nc1,CHEMBL9771
DEC_1861,decoy,C[C@H]1CC2C(CCC3(C)C(=O)CCC23)C2(C)C=CC(=O)C=C12,CHEMBL274878
DEC_1823,decoy,C=CS(=O)(=O)Nc1cccc(C(c2c(O)oc3c(c2=O)CCCCC3)C2CC2)c1,CHEMBL16383
DEC_1065,decoy,CCC(CC)/N=c1\c(O)c(O)\c1=N/Cc1ccc(C#N)cc1,CHEMBL278546
DEC_2252,decoy,Cn1c(=O)c2nc(-c3ccc(I)cc3)[nH]c2n(C)c1=O,CHEMBL11271
ACT_051,active,C/C=C(\C)[C@H](O)[C@H](C)/C=C(C)/C=C/CC(C)/C=C/c1oc(OC)c(C)c(=O)c1C,CHEMBL1817965
DEC_4170,decoy,OC(c1ccc(Cl)cc1)(c1cncnc1)c1ccccc1Cl,CHEMBL28971
DEC_0321,decoy,O=P(O)(O)Oc1ccc(SC(F)(F)F)cc1,CHEMBL24336
DEC_3847,decoy,CC(=O)OC1=C(c2ccccc2)Sc2ccccc2N2C(=O)CCC12,CHEMBL282448
DEC_2984,decoy,COc1ccc([C@@H]2Sc3ccccc3-n3c(CN(C)C)ccc3[C@@H]2OC(C)=O)cc1,CHEMBL283615
DEC_3458,decoy,CC(=O)OC(C(=O)Oc1ccc2[nH]c(C(=O)c3cc4ccccc4[nH]3)cc2c1)c1ccccc1,CHEMBL7510
DEC_2513,decoy,COc1c(C(C)(C)C)cc(-c2nnc(SC)s2)cc1C(C)(C)C,CHEMBL280326
DEC_0418,decoy,Oc1nc2ccc(-n3ccnc3)nc2nc1O,CHEMBL281866
DEC_3767,decoy,O=C(NCc1ccc(Cl)cc1Cl)c1cc(-c2ccncc2)nnc1Cl,CHEMBL6487
DEC_2757,decoy,CCN(/C=C1/C(=O)O[C@H](COC)[C@@]2(C)C1=C(O)C(=O)C1=C2[C@H](OC(C)=O)C[C@]2(C)C(=O)CC[C@@H]12)CC,CHEMBL279160
DEC_1097,decoy,O=C(O)c1ccc(N[C@@H]2OC[C@@H](O)C(O)[C@H]2O)cc1,CHEMBL25506
DEC_4242,decoy,COC(=O)N[C@@H](c1ccncc1)[C@@H](O)C(=O)OC1CC2C(C)(C)C1(C)[C@@]13C[C@]4(CO4)c4ccccc4[C@@]21O3,CHEMBL31572
DEC_0124,decoy,COc1cc(C(=O)O)c2c(c1C)OC(=O)c1c(C)cc(O)c(CN3CCC(NC(=O)CO[C@@H]4C[C@H](C)CC[C@H]4C(C)C)CC3)c1O2,CHEMBL326325
DEC_0087,decoy,C=CCOC1(C(F)(F)F)OC(=O)Nc2ccc(Cl)cc21,CHEMBL17226
DEC_1024,decoy,CC1(C)CC[C@]2(C(=O)OCC3CC3)CC[C@]3(C)C(C(=O)C=C4[C@@]5(C)C=C(C#N)C(=O)C(C)(C)[C@@H]5CC[C@]43C)C2C1,CHEMBL7612
DEC_0419,decoy,CN(C)CCc1c[nH]c2ccc3c(c12)OCO3,CHEMBL28354
DEC_4501,decoy,C/N=C(\N)c1ccc(NC(=O)c2cc(C)nn2-c2cc3ccccc3cc2F)c(F)c1,CHEMBL20420
DEC_2801,decoy,O=C1[C@@H](NS(=O)(=O)c2cc3c(Cl)nccc3s2)CCN1Cc1cc2cc[nH]cc-2n1,CHEMBL8506
ACT_058,active,CC(C)CCCC(C)CCOC(=O)c1cc(/N=C/c2cc(O)ccc2O)ccc1O,CHEMBL354301
DEC_1139,decoy,O=C(Nc1c(C(O)(C(F)(F)F)C(F)(F)F)ccc2ccccc12)c1ccc(I)cc1,CHEMBL51460
DEC_0635,decoy,CC(C)CCN(C=O)[C@H]1CCC2C3CC[C@H]4N(C)C(=O)CC[C@]4(C)C3CC[C@@]21C,CHEMBL17222
DEC_1379,decoy,CCCCCc1cc(O)c2c(c1)OC(C)(C)[C@@H]1CC[C@H](CNC)CC21,CHEMBL281702
DEC_0832,decoy,CN(NC(=NCC(=O)O)NN(C)C(=O)OC(C)(C)C)C(=O)OC(C)(C)C,CHEMBL283132
DEC_4227,decoy,Cc1cccnc1NC(=O)c1cc(Br)cc(Br)c1O,CHEMBL280414
DEC_0696,decoy,O=[N+]([O-])c1ccc(Cn2c3c(c4ccccc42)C[C@@]2(O)[C@H]4Cc5ccc(O)c6c5[C@@]2(CCN4CC2CC2)[C@H]3O6)cc1,CHEMBL291679
DEC_3311,decoy,CN(C)CCCC1(c2ccc(F)cc2)OCc2cc(C#N)ccc21,CHEMBL549
DEC_4024,decoy,Cc1nc(-c2ccc(C#N)cc2)sc1C(=O)N[C@H](C)[C@](O)(Cn1ccnc1)c1ccc(F)cc1F,CHEMBL298143
DEC_1060,decoy,CC1(C)O[C@@H]2[C@@H](CC[C@@]3(COS(N)(=O)=O)CCC[C@@H]23)O1,CHEMBL26028
DEC_4434,decoy,CCc1c(C)noc1NS(=O)(=O)c1cccc2c(N(C)C)cccc12,CHEMBL285122
DEC_2049,decoy,Clc1ccc(C2COC(Cn3ccnc3)(c3ccccc3Cl)O2)cc1,CHEMBL286748
DEC_4509,decoy,O=C(N[C@@H](CC1CCCC1)C(=O)O)c1ccc(Cl)c(-c2ccc(Cl)cc2)c1,CHEMBL285822
DEC_2315,decoy,CCCc1nc2c(n1Cc1ccc(-c3ccccc3S(=O)(=O)Nc3onc(C)c3C)c(C)c1)C(=O)CCCC2,CHEMBL12013
DEC_2868,decoy,CCCSc1nc2cccc(C(=O)O)c2n1Cc1ccc(-c2ccccc2-c2noc(O)n2)cc1,CHEMBL294598
DEC_1033,decoy,CCN[C@H]1C[C@H](CC)S(=O)(=O)c2sc(S(N)(=O)=O)cc21,CHEMBL9688
DEC_1884,decoy,Brc1ccc2c(c1)C1C(CC2)N=C2SCCN21,CHEMBL282574
DEC_2926,decoy,Clc1ccc(C2(Cn3ccnc3)OCC(c3ccccc3Cl)O2)cc1,CHEMBL286524
DEC_0787,decoy,CC12CCC(=O)C=C1[C@H]1C[C@H]1C1C2CCC2(C)C1CCC21CCC(=O)O1,CHEMBL12977
DEC_0685,decoy,CCO[C@]1(C)CCN2CC34CC5(C(=O)Nc6c5ccc5c6OC=CC(C)(C)O5)C(C)(C)C3CC21C(=O)N4C,CHEMBL40474
DEC_0659,decoy,O=C1CSCC2Nc3ccnn3C(c3ccc(F)c(Br)c3)C12,CHEMBL35356
DEC_2727,decoy,c1ccc(C(=N/Nc2ccc(C3CCCCC3)cc2)/N=N/c2nnnn2-c2ccccc2)cc1,CHEMBL23068
DEC_3022,decoy,CC(C)C1=CC2CC3(C=O)[C@@H]4CC[C@@H](C)[C@H]4CC2(CO[C@H]2CN(CC=C(F)F)[C@H](C)CO2)[C@]13C(=O)O,CHEMBL30545
DEC_3795,decoy,C=CCC1(C(C)CCC)C(=O)NC(=S)NC1=O,CHEMBL440
DEC_2095,decoy,O=C1[C@@H](NS(=O)(=O)c2cc3nc(Cl)ccc3s2)CCN1Cc1cc2c[nH]ccc-2n1,CHEMBL268835
DEC_2943,decoy,CC12CCC3C(C(CCc4ccccc4)=CC4=CC(=O)CCC43C)C1CCC2=O,CHEMBL269590
DEC_0390,decoy,Cc1cc(C(C)(C)C)c(O)c(C)c1CC1=NCCN1,CHEMBL762
DEC_4266,decoy,CC(C)CCCC(C)C1CCC2C3CCC(=O)[C@](C)(C[C@@H](CC(=O)O)C(=O)O)C3CC[C@]12C,CHEMBL35674
DEC_0689,decoy,COc1cccc(N2CCN(CC(=O)[C@@]3(O)CCC4C5CCC6=CC(=O)CC[C@]6(C)C5=CC[C@@]43C)CC2)n1,CHEMBL15646
DEC_2855,decoy,COc1cc2c(cc1SC(C)=O)O[C@@H](C[C@H](c1ccc3c(c1)OCO3)C(C)OC(C)=O)C2,CHEMBL42962
DEC_0395,decoy,O=C(O)C1CCc2sc(Cn3ccnc3)cc2C1,CHEMBL281646
DEC_4179,decoy,c1ccc(CCCNC2c3ccccc3Oc3ccccc32)nc1,CHEMBL20107
DEC_0930,decoy,CC(C)(C)Nc1nc(C(F)(F)F)nc2ccc(-c3cccc(C(N)=O)c3)cc12,CHEMBL15794
DEC_1156,decoy,CCCCCN(CC(=O)O)C(=O)C(CCCN=C(N)N)NS(=O)(=O)c1ccc2cc(OC)c(OC)cc2c1,CHEMBL26051
DEC_1010,decoy,CC(C)c1ccc(NC(=O)Oc2ccc3c(c2)[C@]2(C)CCN(Cc4ccccc4)C2N3Cc2ccccc2)cc1,CHEMBL300808
DEC_1759,decoy,O=C1NC(=O)C(CC#Cc2ccc(Br)cc2)(S(=O)(=O)c2ccc(Cl)cc2)S1,CHEMBL276441
DEC_2779,decoy,Cc1ccc(S(=O)(=O)NC(=O)C(c2ccc3c(c2)OCO3)c2cn(C)c3cc(C(N)=O)ccc23)cc1,CHEMBL278109
DEC_1342,decoy,CN(C)c1cccc2c(S(=O)(=O)Oc3cccc4c3C(=O)C=C(N3CC3)C4=O)cccc12,CHEMBL263420
DEC_1255,decoy,CC(C)c1cccc(C(C)C)c1NC(=O)NCC(NC(=O)CCCCCBr)c1ccccc1,CHEMBL53836
DEC_2155,decoy,CCCCCC#Cc1cc(O)c2c(c1)OC(C)(C)[C@@H]1CC=C(C)C[C@@H]21,CHEMBL279147
DEC_2956,decoy,COc1cc([C@H]2Oc3cc(O)cc(O)c3C(=O)[C@@H]2O)ccc1O,CHEMBL9353
DEC_1643,decoy,CCCCCCCc1nc2c([nH]1)N1C(=N[C@@H]3CCC[C@@H]31)N(C)C2=O,CHEMBL277317
DEC_1309,decoy,CC[C@@H]1CO[C@H]2[C@@H]1[C@H](O)[C@H](OCC13C[C@@H]4[C@H](C)CC[C@H]4C4(C=O)CC1C=C(C(C)C)C34C(=O)O)O[C@@H]2C,CHEMBL295550
DEC_4176,decoy,CCC1Nc2cc3oc(=O)cc(C(F)(F)F)c3cc2CC1C,CHEMBL6654
DEC_2168,decoy,CC(C)Oc1nnc(-c2cc(C(C)(C)C)c(O)c(C(C)(C)C)c2)s1,CHEMBL16854
DEC_1839,decoy,CC(C)S(=O)(=O)Nc1cccc(C(c2c(O)c3c(oc2=O)CCCCCC3)C2CC2)c1,CHEMBL276055
DEC_1412,decoy,CCC(c1ccc(O)cc1)C(CBr)c1ccc(O)cc1,CHEMBL25297
DEC_2283,decoy,CCCCCN1CCC(COc2nc3ccccc3c3c2CCCCN3)CC1,CHEMBL33964
DEC_2620,decoy,CCCCN(CCNC(=O)c1cc(Cl)c(N)cc1OC)Cc1ccc(Cl)cc1,CHEMBL20398
DEC_1155,decoy,CCCCCCN(CC(=O)O)C(=O)C(CCCN=C(N)N)NS(=O)(=O)c1ccc2cc(OC)c(OC)cc2c1,CHEMBL26228
DEC_0897,decoy,CCC(C)(O)C#Cc1nc(NCc2ccc(Cl)cc2)c2ncn(C(C)C)c2n1,CHEMBL24484
DEC_2734,decoy,O=C1NC(=O)c2cc(Nc3ccc(-c4ccccc4)cc3)c(Nc3ccc(-c4ccccc4)cc3)cc21,CHEMBL7929
DEC_1557,decoy,CCCCc1oc2ccccc2c1Cc1ccc(-c2ccc(OCn3cnnn3)cc2)cc1,CHEMBL24557
DEC_0808,decoy,CC12C(=CC(=O)C3CC31)[C@@H]1C[C@@H]1C1C2CCC2(C)C1CCC21CCC(=O)O1,CHEMBL417615
DEC_1106,decoy,Nc1nc(O)c2ncn(C[C@@]3(CO)C[C@@H]3CO)c2n1,CHEMBL24339
DEC_0282,decoy,CCCCCCCCCN1CCC[C@@H]1CNC(=O)c1cc(Cl)cc2c1OCC(=O)N2C,CHEMBL21403
ACT_071,active,Cc1cc(O)ccc1-n1c2cc(Cl)ccc2c(=O)c2c(N)nc(N)nc21,CHEMBL1995592
DEC_3148,decoy,CCCCc1c(O)n(Cc2ccc(Cl)cc2)c2nc3c(c(=O)n(C)c(=O)n3C)n2c1=O,CHEMBL269226
DEC_1736,decoy,COc1cc(OC)c2[nH]c3c(O)c(-c4c(C)cc5c([nH]c6c(OC)cc(OC)cc65)c4O)c(C)cc3c2c1,CHEMBL7883
DEC_1911,decoy,COc1cc(SC)c(OC)cc1CC(C)N,CHEMBL447830
DEC_2816,decoy,CN(CCCC(C)(C)N=[N+]=[N-])C1CCC2C3CC=C4C[C@@H](O)CC[C@]4(C)C3CC[C@@]21C,CHEMBL40376
DEC_2546,decoy,COc1nc(C(Cl)(Cl)Cl)c(Cl)c(OC(C)=O)c1Cl,CHEMBL275947
DEC_1851,decoy,CCC(C)(O)C#Cc1nc(NCc2ccc(Cl)c(Cl)c2)c2ncn(C(C)C)c2n1,CHEMBL25840
DEC_3959,decoy,CC1(C)C2CC[C@@]1(CS(=O)(=O)N1CCC3(CCc4ccccc43)CC1)[C@@H](N1C(=O)C=CC1=O)C2,CHEMBL20205
DEC_0885,decoy,C(=C1CCN(Cc2ccc(C3=NCCN3)cc2)CC1)c1ccc(C2=NCCN2)cc1,CHEMBL276449
DEC_4016,decoy,C[C@@H](n1cnc2cc(-c3ccc(F)cc3)sc2c1=O)[C@](O)(Cn1cncn1)c1ccc(F)cc1F,CHEMBL430751
DEC_2175,decoy,COc1c(C(C)(C)C)cc(-c2nnc(S)s2)cc1C(C)(C)C,CHEMBL16828
DEC_4269,decoy,C=C1/C(=C\C=C2/CCCC3(C)C2CCC3[C@H](C)CCCC(F)(F)C(C)(C)O)C[C@@H](O)C[C@@H]1O,CHEMBL285751
DEC_1565,decoy,CCCc1nc2c(n1Cc1ccc(-c3ccccc3-c3nn[nH]n3)cc1)C(=O)CCC(C(C)C)C2,CHEMBL42321
DEC_2850,decoy,CCC(c1ccc(O)c(Br)c1)C(CC)c1ccc(O)c(Br)c1,CHEMBL6485
DEC_0889,decoy,CC(/N=c1\c(O)c(O)\c1=N/c1ccc(C#N)cc1)c1ccc(OC(F)(F)F)cc1,CHEMBL18963
DEC_0251,decoy,O=C1c2ccccc2C(=O)C1(Sc1ccccc1)c1ccccc1,CHEMBL25248
DEC_0683,decoy,C=CCO[C@]1(C)CCN2CC34CC5(C(=O)Nc6c5ccc5c6OC=CC(C)(C)O5)C(C)(C)C3CC21C(=O)N4C,CHEMBL41529
DEC_3784,decoy,O=S(=O)(Nc1ccccc1SCc1ccc2ccccc2n1)C(F)(F)F,CHEMBL17020
DEC_2017,decoy,CCOC(=O)C(C(=O)OCC)=C(C)/C=C/C=C(C)/C=C/C1=C(C)CCCC1(C)C,CHEMBL14045
ACT_042,active,NCCn1cc(-c2cc(-c3cc4ccccc4s3)c3[nH]ncc3c2)c2nc(N)ncc21,CHEMBL590109
DEC_4537,decoy,CCCN(NC(=O)[C@H]1CCCN1C(=O)[C@@H](NC(=O)[C@@H](NC(C)=O)C(C)C)C(C)C)C(=O)Oc1ccc([N+](=O)[O-])cc1,CHEMBL6520
DEC_1032,decoy,CO[C@H]1O[C@]2(C)OO[C@]13[C@H](CCO)CCC[C@@H]3CC2(C)C,CHEMBL280150
DEC_3505,decoy,CC(C)c1ccc(C(c2ccc(C(=O)O)cc2)c2ccc(C(C)C)cc(=O)c2O)c(O)c(=O)c1,CHEMBL19029
DEC_2773,decoy,O=C1[C@@H](NS(=O)(=O)c2ccc(-c3ccc(Cl)s3)s2)CCN1CCNc1ccncc1,CHEMBL8188
DEC_2342,decoy,Cc1ccc2cccc(OCc3c(C)ccc(N(C)C(=O)CCc4ccc(C(=O)c5ccc(C#N)cc5)n4C)c3C)c2n1,CHEMBL26908
DEC_3506,decoy,FC(F)(F)c1cc(Nc2nc(NCCN3CCCC3)c3ccccc3n2)cc(C(F)(F)F)c1,CHEMBL283240
DEC_1046,decoy,CC(C)(C)C(=O)OCc1cc(=O)c(OC(=O)C(C)(C)C)co1,CHEMBL9995
DEC_1295,decoy,CCCc1nc(-n2cccc2C(O)C(F)(F)F)c(C#N)n1Cc1ccc(-c2ccccc2-c2nn[nH]n2)cc1,CHEMBL73358
DEC_0959,decoy,Cc1noc(NS(=O)(=O)c2ccccc2-c2ccc(-c3ncco3)cc2)c1C,CHEMBL24461
DEC_3168,decoy,Cc1cc(I)cc(CNCCCN(C)C)c1O,CHEMBL279894
DEC_1354,decoy,COC[C@H]1OC(=O)C23CC2COC2=C3[C@@]1(C)C1=C(C2=O)[C@@H]2CCC(=O)[C@@]2(C)C[C@H]1OC(C)=O,CHEMBL416892
DEC_0769,decoy,COc1c(Cl)c(O)c(C=O)c(OC)c1Cl,CHEMBL10630
DEC_1898,decoy,O=S1NC(Cc2cc3cc(Cl)ccc3s2)=NO1,CHEMBL17905
DEC_4492,decoy,O=C(O)C(=O)/C=C(\O)C1(Cc2ccc(Cl)cc2)CCN(Cc2ccccc2)CC1,CHEMBL278402
DEC_4212,decoy,CC(=O)N1CCC(=C2c3ccc(Cl)cc3CCc3cc(CO)cnc32)CC1,CHEMBL268695
DEC_3386,decoy,CO[C@]12C=CC3(CC14CCC(C)(C)[C@H]4O)C1Cc4ccc(O)c5c4C3(CCN1C)[C@@H]2O5,CHEMBL31605
DEC_1925,decoy,CC(CS)C(=O)N(CC(=O)O)SC1CCCC1,CHEMBL23671
DEC_0018,decoy,CCCc1nc2c(n1Cc1ccc(-n3cccc3-c3nn[nH]n3)cc1)/C(=C/C(=O)O)CCCC2,CHEMBL44295
DEC_1278,decoy,C[C@@H]1C[C@@]23O[C@]2(c2ccccc21)C1CC(OC(=O)[C@H](O)[C@@H](NC(=O)OC(C)(C)C)c2ccccc2)C3(C)C1(C)C,CHEMBL31413
DEC_1453,decoy,NNC(=O)N(CCc1cccc(C(F)(F)F)c1)c1cccc2ccccc12,CHEMBL27348
DEC_2637,decoy,CCN(CC)CCNc1nc(NCc2ccc(Cl)c(Cl)c2)nc2ccccc12,CHEMBL31644
DEC_2400,decoy,CC1(C)C=C(n2ccccc2=O)c2cc(S(=O)(=O)NCc3ccccc3)ccc2O1,CHEMBL276693
DEC_4267,decoy,O=S(=O)(NCCCCCN1CCC(c2c[nH]c3ccccc23)CC1)c1ccc(Cl)c(Cl)c1,CHEMBL300868
DEC_1804,decoy,CCC(C)(O)C#Cc1nc(NCc2ccc(N(C)C)cc2)c2ncn(C(C)C)c2n1,CHEMBL23525
DEC_2974,decoy,O=C1O[C@H](c2ccc(Cl)cc2)[C@@](Cn2cncn2)(c2ccc(Cl)cc2Cl)O1,CHEMBL276183
DEC_0899,decoy,CC(O)(c1ccc(Cl)cc1)C(O)(Cn1cncn1)c1ccc(Cl)cc1,CHEMBL275046
DEC_1747,decoy,O=C(/C=C/C(=O)Nc1ccc(-c2nc3ccccc3[nH]2)cc1)Nc1ccc(-c2nc3ccccc3[nH]2)cc1,CHEMBL43227
DEC_3512,decoy,C=C(C)[C@]12C[C@@H](C)[C@@]34OC(Cc5ccccc5)(O[C@@H]1[C@@H]3C=C(CN/C(S)=N/Cc1ccc(O)c(OC)c1)C[C@]1(O)C(=O)C(C)=C[C@@H]41)O2,CHEMBL27105
DEC_1043,decoy,[O-][P@+]1(N(CCCl)CCCl)NC[C@H](Cl)CO1,CHEMBL285401
DEC_0255,decoy,COC(=O)CC/C=C\CC[C@H]1C(=O)C[C@@H](O)[C@@H]1/C=C/CC(C)(O)CCC1CCC1,CHEMBL6502
DEC_4034,decoy,COc1ccc(S(=O)(=O)N(Cc2cccc(Cl)c2)[C@H](Cc2cccs2)C(=O)NO)cc1,CHEMBL21660
DEC_3958,decoy,CC(C)(N)CC(=O)NC1CC2CCC1(CS(=O)(=O)N1CCC3(CCc4ccccc43)CC1)C2(C)C,CHEMBL283578
DEC_0906,decoy,CC(=O)c1cc2c(s1)[C@@H](NC(=O)c1ccc(F)cc1F)[C@H](O)C(C)(C)O2,CHEMBL280745
DEC_3389,decoy,CN1CCN(C(=O)N2Cc3c(C(=O)OC(C)(C)C)ncn3-c3ccc(Cl)cc32)CC1,CHEMBL278182
DEC_1221,decoy,CCCN(CC#CCCCC1(C2(O)c3ccccc3Sc3ccccc32)SCCCS1)CCC,CHEMBL290401
DEC_1000,decoy,CC(C)(C)C(=O)Oc1c(Oc2ccccc2)c(Oc2ccccc2)c(OC(=O)C(C)(C)C)c2ccccc12,CHEMBL36595
DEC_2327,decoy,CC(=O)N1CCc2ccc(N(C(=O)/C=C/c3cccc([N+](=O)[O-])c3)C3CCN(CCC4CCCC4)CC3)cc21,CHEMBL21941
DEC_2895,decoy,CC1(C)COP(=O)(C(CCC(=O)c2ccccc2)P2(=O)OCC(C)(C)CO2)OC1,CHEMBL273754
DEC_3283,decoy,Cc1cc(C(=O)c2ccc(Cl)cc2)cc(C(=O)Nc2ccc(Br)cc2C(F)(F)F)c1O,CHEMBL285044
DEC_1685,decoy,CC(C)C1=CC2CC3(C=O)[C@@H]4CC[C@@H](C)[C@H]4CC2(CO[C@H]2C[C@H]4[C@H](OC[C@H]4C)[C@@H](C)O2)C13C(=O)O,CHEMBL439303
DEC_3992,decoy,COCCN(CCOC)c1nc(C)nc2c1sc(=O)n2-c1ccc(C(C)C)cc1Br,CHEMBL17666
DEC_1881,decoy,Brc1ccc2c(c1)C1N=C3SCCN3C1CC2,CHEMBL29695
DEC_3073,decoy,N=C(N)c1ccc(CNC(=O)C2CCC=C2C(=O)N2CCCCC2)cc1,CHEMBL278238
DEC_2105,decoy,CN1[C@@H]2[C@H](C(=O)O)C[C@H]1C(C#N)N1[C@@H](CO)C3=C(C[C@@H]21)C(=O)C(SC(C)(C)C)=C(SC(C)(C)C)C3=O,CHEMBL301034
DEC_3667,decoy,Cc1ccc([C@]2(C(=O)N[C@@H](Cc3ccc(-c4ccccc4O)cc3)C(=O)O)CCCO2)cc1C,CHEMBL418235
DEC_3211,decoy,CN1CC=C(c2c(O)cc(O)c3c(=O)cc(-c4ccccc4F)oc23)CC1,CHEMBL268170
DEC_2423,decoy,C[C@](O)(CO)c1cc2c3c(ccc2o1)[C@@H]1COc2cc(O)ccc2[C@@H]1O3,CHEMBL7054
DEC_1007,decoy,COc1ccc2c(c1)c(Cc1csc(-c3ccc(Cl)cc3)n1)c(C)n2C(=O)c1ccc(Cl)cc1,CHEMBL28332
DEC_2565,decoy,Nc1nc(N)c2c(n1)CCC(c1ccccc1)C2,CHEMBL7535
DEC_3855,decoy,CSc1ccc2c(c1)[C@@H](N1CCN(C)CC1)Cc1ccccc1S2,CHEMBL428892
DEC_2038,decoy,COP(=O)(OC)C(Cl)(Cc1ccc(Cl)cc1)P(=O)(OC)OC,CHEMBL34113
DEC_2906,decoy,CN1Cc2sc(Br)cc2C(c2ccc(Br)cc2)C1,CHEMBL16020
DEC_0622,decoy,COC(CNC(=O)c1ccccc1SSc1ccccc1C(=O)NCC(OC)OC)OC,CHEMBL443785
DEC_4315,decoy,CC(C)c1cccc(C(C)C)c1NC(=O)NS(=O)(=O)NC(c1ccccc1)c1ccccc1,CHEMBL21583
DEC_0527,decoy,CC(=O)C[C@@]12CCC[C@H]1[C@@H]1CCC3=CC(=O)CC[C@@H]3[C@H]1CC2,CHEMBL15128
DEC_4216,decoy,Cc1ccc2nc(Nc3ccccc3I)oc(=O)c2c1,CHEMBL10340
DEC_1784,decoy,C=C1C(C)C2C(Cc3ccccc3)NC(=O)C23OC(=O)/C=C/C(O)CCCC(C)C/C=C/C3C1O,CHEMBL56897
DEC_3295,decoy,COc1cc(C(C)(C)C)c(OC(=O)NS(=O)(=O)Nc2c(C(C)C)cccc2C(C)C)c(C(C)(C)C)c1,CHEMBL22552
DEC_3552,decoy,Cn1nnnc1-c1ccc(CC2(C(=O)N[C@@H](Cc3ccc(NC(=O)c4c(Cl)cccc4Cl)cc3)C(=O)O)CCCCC2)cc1,CHEMBL311915
DEC_2504,decoy,CCCC1CCC(N2CCC(N3C(=O)N[C@@H]4CCCC[C@H]43)CC2)CC1,CHEMBL26681
DEC_1384,decoy,C=C(C)n1c(=O)n(Cc2nc3ccccc3n2CCC(C)O)c2ccccc21,CHEMBL15009
DEC_3836,decoy,CCCN(CCC)C1Cc2c(O)ccc(O)c2C1,CHEMBL274926
DEC_1676,decoy,C=C(C)CN1C[C@H](OCC23C[C@@H]4[C@H](C)CC[C@H]4C4(C=O)CC2C=C(C(C)C)[C@@]34C(=O)O)OC[C@H]1C,CHEMBL284180
DEC_0333,decoy,Cc1ccc2[nH]c([S+]([O-])Cc3ccc(C)c(C)c3N)nc2c1,CHEMBL20351
DEC_1908,decoy,CCSC(=O)OC/C=C(\C)CCC1OC1(C)C,CHEMBL40390
DEC_3269,decoy,N#CN/C(=N\C(Cn1ccnc1)c1cc(C(F)(F)F)ccc1C(F)(F)F)Nc1ccc(Cl)cc1Cl,CHEMBL8025
DEC_4219,decoy,CCOC(=O)N1CCN(C2=Nc3ccccc3Cn3c2cc2ccccc23)CC1,CHEMBL268998
DEC_3380,decoy,CN1Cc2c(C(=O)OC(C)(C)C)ncn2-c2ccc(Br)cc2C1=O,CHEMBL6655
ACT_052,active,O=C(/C=C/CN1CCCCC1)Nc1ccc2ncnc3c2c1C=CN3c1ccc(OCc2ccccn2)c(Cl)c1,CHEMBL5574206
DEC_1298,decoy,OC[C@@]1(CCCCCc2ccccc2)CC2C3Cc4ccc(O)c5c4C2(CCN3CC2CCC2)C(O5)[C@@H]1O,CHEMBL274289
DEC_2553,decoy,O=NN(CCF)C(=O)NC1CC2CCC1C2,CHEMBL12792
DEC_1973,decoy,N#Cc1cc(-c2ccoc2)c2ccc(OCc3cccc(C4(O)CC5COC(C4)O5)c3)cc2n1,CHEMBL22578
DEC_0183,decoy,O=S(=O)(CS(=O)(=O)C(F)(F)F)c1ccc(Cl)c(Cl)c1,CHEMBL12189
DEC_1418,decoy,CC(C)(C)C(=O)Oc1ccc(C(=O)c2ccccc2)cc1CCCO,CHEMBL10305
DEC_2610,decoy,N=C(Nc1ccc(CCNC(=O)CCCCC2CCSS2)cc1)c1cccs1,CHEMBL32644
DEC_1655,decoy,C/C=C/COC1(C(F)(F)F)OC(=O)Nc2ccc(Cl)cc21,CHEMBL280030
DEC_2083,decoy,O=C(C[C@@H](Cc1ccc(-c2cccc(F)c2)cc1)C(=O)N[C@H]1c2ccccc2C[C@H]1O)NO,CHEMBL8496
DEC_1323,decoy,C/N=C/C1=C(O)O[C@H](COC)[C@@]2(C)C1=C(O)C(=O)C1=C2[C@H](OC(C)=O)C[C@]2(C)C(=O)CC[C@@H]12,CHEMBL12997
DEC_0069,decoy,CC(=O)OC(C)CCC12OO[C@@H](C=C1C)CC2(C)C,CHEMBL37249
DEC_3106,decoy,O=C(O)c1cc(O)c2c(Cl)cc(I)cc2n1,CHEMBL429233
DEC_2219,decoy,CC1(C)N=C(N)N=C(N)N1c1ccccc1I,CHEMBL283965
DEC_3930,decoy,CC(/C=C/C(=O)C1=C(O)CN(C)C1=O)=C\c1ccc2ccccc2c1,CHEMBL274899
DEC_3162,decoy,CC(C)NCC(O)COc1cc(/C=C/CO)ccc1Br,CHEMBL14535
DEC_0396,decoy,CCCn1c(=O)[nH]c2[nH]c(C3CCCC3)nc2c1=O,CHEMBL37243
DEC_3200,decoy,C=C(c1cc(Cl)cc(C)c1OCC(O)CNC(C)C)n1ccnc1,CHEMBL15434
DEC_2360,decoy,C#C/C=C(\c1ccc(S(C)(=O)=O)cc1)c1ccc2nc(N)n(S(=O)(=O)C(C)C)c2c1,CHEMBL36685
DEC_2703,decoy,OC1(C2(CCC#CCN3CCCCC3)SCCCS2)c2ccccc2Sc2ccccc21,CHEMBL40995
DEC_4101,decoy,Cc1noc(NS(=O)(=O)c2cccc3c(N4CCCC4)cccc23)c1C,CHEMBL30032
DEC_4068,decoy,Cc1cc(C)cc(-c2c(O)nc3cc(Cl)c([N+](=O)[O-])cc3c2OCC[C@@H]2Cc3ccccc3CN2)c1,CHEMBL50035
DEC_3065,decoy,N#Cc1ccc(S(=O)(=O)Nc2cccc([C@H](c3c(O)oc4c(c3=O)CCCCCC4)C3CC3)c2)cc1,CHEMBL16422
DEC_2756,decoy,CCN(/C=C1\C(=O)O[C@H](COC)[C@@]2(C)C1=C(O)C(=O)C1=C2[C@H](OC(C)=O)C[C@]2(C)C(=O)CC[C@@H]12)CC,CHEMBL276865
DEC_0318,decoy,CC(C)CCCc1nc2c([nH]1)N1C(=N[C@@H]3CCC[C@@H]31)N(C)C2=O,CHEMBL278254
DEC_4095,decoy,O=C(NCCCn1ccnc1)c1cc(Br)c(Br)s1,CHEMBL8879
DEC_4171,decoy,Cc1ccc(C(c2ccn(-c3ccccc3)c2)n2ccnc2)cc1,CHEMBL20467
DEC_3303,decoy,CC(=O)O[C@H]1CC/C(C)=C\CC[C@]2(C)[C@@H]([C@H](C)CCCC(C)C)CC[C@H]2c2ccc(cc2C(=O)O)C1,CHEMBL44064
DEC_2729,decoy,Cc1cc(SC2=C(O)OC(CCc3ccc(O)cc3)(C(C)C)CC2=O)c(C(C)(C)C)cc1N,CHEMBL38268
DEC_2326,decoy,CC(=O)N1CCc2ccc(N(C(=O)/C=C/c3cccc([N+](=O)[O-])c3)C3CCN(CCC4CCCCC4)CC3)cc21,CHEMBL22840
DEC_0212,decoy,C[C@]12CCC3C(CCC4=CC(=O)CC[C@]43C3CO3)C1CCC2=O,CHEMBL26093
DEC_0713,decoy,C[C@@H]1C(=O)N(c2nccs2)[C@H]2CCN(C(=O)[C@@H]3CCCN3S(=O)(=O)c3cccc4c(N(C)C)cccc34)[C@H]12,CHEMBL45799
DEC_2829,decoy,CC[C@@](C)(c1ccc(O)cc1)[C@H](CCCCI)c1ccc(O)cc1,CHEMBL38819
DEC_3757,decoy,COc1ccc(C2Sc3ccccc3-n3c(CN(C)C)ccc32)c(OC)c1,CHEMBL275195
DEC_1525,decoy,CC1=C(/C=C/C(C)=C/C=C/C(C)=C/C(=O)O)C(C)(C)CCC1OC(=O)CBr,CHEMBL15074
DEC_1438,decoy,CC[C@H](c1ccc(O)cc1)[C@@H](CI)c1ccc(O)cc1,CHEMBL25882
DEC_3825,decoy,CC1(C)N=C(N)N=C(N)N1c1ccccc1S,CHEMBL278292
DEC_3620,decoy,C[C@]12CCC(=O)C(Cl)=C1NCC1C2CC[C@@]2(C)C1CC[C@@H]2C(=O)Nc1cc(C(F)(F)F)ccc1C(F)(F)F,CHEMBL282037
DEC_2675,decoy,CCCOC(=O)COC(=O)C1(C(=O)OCC(=O)OCCC)Oc2ccc(C[C@@H](C)NC[C@H](O)c3cccc(Cl)c3)cc2O1,CHEMBL301659
DEC_2259,decoy,Cc1cc(CCCCCOc2c(Cl)cc(-c3ccoc3)cc2Cl)on1,CHEMBL25070
DEC_1178,decoy,CC12CCC(=O)C=C1CCC1C2C(=O)CC2(C)C1CC[C@]2(O)C(=O)CO,CHEMBL536
DEC_3705,decoy,COC(=O)C(C)NP(=O)(OCC1C=CC(n2cc(C)c(=O)[nH]c2=O)O1)Oc1c(F)c(F)c(F)c(F)c1F,CHEMBL49313
DEC_0006,decoy,CCc1c2c(nc3cnc(CCCN(C)C)cc13)-c1cc3c(c(=O)n1C2)COC(=O)[C@]3(O)CC,CHEMBL275538
DEC_4513,decoy,COc1ccc(Cc2oc3c(Cl)cc(CCC(=O)O)c(O)c3c2C)cc1,CHEMBL274233
DEC_0343,decoy,CC(C)(C)C(c1cc2c(s1)CCC(C(=O)O)=C2)n1ccnc1,CHEMBL23257
DEC_1175,decoy,Cc1ccc(NS(=O)(=O)c2cccc3c(N(C)C)cccc23)nn1,CHEMBL268387
DEC_3852,decoy,O=C(c1ccc2ncsc2c1)N1CCC(N2C(=O)OCc3ccccc32)CC1,CHEMBL32054
DEC_4012,decoy,N#Cc1cccnc1N1CCN(CCCCN2C(=O)CC(c3ccccc3)(c3ccccc3)C2=O)CC1,CHEMBL288101
DEC_3256,decoy,CC1CCC(=NNc2ccc(Cl)cc2Cl)c2ncc(C(=O)O)c(=O)n21,CHEMBL276575
DEC_4038,decoy,CC(=O)Nc1cc(C(C)(C)C)c(SC2=C(O)OC(CCc3ccc(O)cc3)(C(C)C)CC2=O)cc1C,CHEMBL265095
DEC_0370,decoy,CC1=CC2Cc3nc(O)ccc3C3(C1)NCC(C)=C23,CHEMBL39918
DEC_2843,decoy,O=C(N[C@H]1C2CCN(CC2)[C@H]1C(c1ccccc1)c1ccccc1)Oc1ccccc1,CHEMBL29993
DEC_4430,decoy,CC(C)S(=O)(=O)n1c(N)nc2ccc(/C(=N/O)c3ccccc3)cc21,CHEMBL283403
DEC_3848,decoy,O=C(c1ccc2occc2c1)N1CCC(N2C(=O)OCc3ccccc32)CC1,CHEMBL286084
DEC_2388,decoy,CCC1(O)C(=O)OCc2c1cc1n(c2=O)Cc2c-1nc1ccc(CCN)cc1c2C,CHEMBL273685
DEC_2382,decoy,Nc1nc2c(cnn2CCCc2ccc(S(=O)(=O)O)cc2)c2nc(-c3ccco3)nn12,CHEMBL278605
DEC_4029,decoy,CCCN1CCN(CCCCN2C(=O)CC3(CCCC3)CC2=O)CC12COc1cccc(OC)c1C2,CHEMBL11409
DEC_1411,decoy,CC[C@H](c1ccc(O)cc1)[C@@H](CBr)c1ccc(O)cc1,CHEMBL24212
DEC_3042,decoy,Cc1noc(NS(=O)(=O)c2ccccc2-c2ccc(-c3ncco3)cc2COCC(C)C)c1C,CHEMBL282303
DEC_0950,decoy,O/N=C(/c1ccc(Sc2cc(F)cc(C3CCOCC3)c2)cc1)C(F)(F)F,CHEMBL281070
DEC_2766,decoy,CC(C)(C)OC(=O)N[C@@H](C(=O)C(N)CC1CCCCC1)/C(O)=C(\C#N)c1ccc([N+](=O)[O-])cc1,CHEMBL17163
DEC_1805,decoy,CSc1sc(C(=N)N)cc1-c1nc(-c2ccc(NS(C)(=O)=O)cc2)cs1,CHEMBL29332
DEC_0793,decoy,CC#C[C@]1(O)CCC2C3CCC4=CC(=O)CCC4=C3C(c3cccs3)CC21C,CHEMBL277163
DEC_3783,decoy,Fc1ccc([C@H]2OCO[C@]2(Cn2cncn2)c2ccc(Cl)cc2Cl)cc1,CHEMBL266615
DEC_2211,decoy,CC(C)NS(=O)(=O)c1ccc2c(c1)C(n1ccccc1=O)=CC(C)(C)O2,CHEMBL12778
DEC_0838,decoy,Cc1cn(C2CC(N=[N+]=[N-])C(COP(=O)(O)C(F)(F)F)O2)c(=O)[nH]c1=O,CHEMBL287872
DEC_3780,decoy,COc1ccc2ccc3c([nH]c4c5ccccc5nc(NCCN(C)C)c34)c2c1,CHEMBL10763
DEC_0935,decoy,CCCCCc1cc(O)c2c(c1)OC(C)(C)[C@@H]1CC[C@H](CN(C)C)CC21,CHEMBL28456
DEC_1855,decoy,C[C@@H]1C[C@@H]2c3cc(C(C)(C)C)cc4[nH]cc(c34)C[C@H]2N(C)C1,CHEMBL14138
DEC_1149,decoy,O=C(CNCCCN(CCO)CCO)Nc1ccc2c3c(cccc13)C(=O)N(CCCn1ccnc1[N+](=O)[O-])C2=O,CHEMBL75323
DEC_0067,decoy,CC(CN1c2ccccc2Sc2ccccc21)N(C)C,CHEMBL643
DEC_1534,decoy,CCN(CC)CC#CCCC1(C(O)(c2ccccc2)c2ccccc2)SCCCS1,CHEMBL290224
DEC_4082,decoy,Cc1cc(-c2c(F)cc3c(=O)c(Cc4ccccc4NS(C)(=O)=O)cn(C4CC4)c3c2F)cc(C)n1,CHEMBL7562
DEC_0155,decoy,C[C@@H](N)Cc1c2c(c(C(F)(F)F)c3c1OCC3)OCC2.Cl,CHEMBL6452
DEC_0230,decoy,CC(=O)[C@@]1(C)CCC2C3CCC4=CC(=O)CCC4=C3CCC21C,CHEMBL274917
DEC_0463,decoy,CC(C)(C)c1ccc(/C=C2\CS(=O)(=O)CC3C2=NN(CCc2ccccc2)C3c2ccc(C(C)(C)C)cc2)cc1,CHEMBL35624
DEC_1737,decoy,Cc1coc2c(O)cc3c(c12)[C@H](CCl)CN3C(=O)c1cc2cc(NC(=O)c3cc4ccccc4[nH]3)ccc2o1,CHEMBL80174
DEC_2767,decoy,CCc1nc2ccn(CC(=O)N(C)C)c(=O)c2n1Cc1ccc(-c2ccccc2-c2nn[nH]n2)cc1,CHEMBL291043
DEC_0327,decoy,O=C(O)C1=Cc2cc(CCn3ccnc3)sc2CC1,CHEMBL23202
DEC_0059,decoy,C[C@H](Sc1nc(N)cc(Cl)n1)c1cc2ccoc2cn1,CHEMBL280541
DEC_3753,decoy,CSC1=NC2/C(=C(/O)OCCCCCSc3c2cccc3[N+](=O)[O-])C(C)=N1,CHEMBL23692
DEC_0571,decoy,O=C(Nc1ccc(C(=O)N2Cc3cccn3Cc3ccccc32)cn1)c1cc(Br)ccc1Cl,CHEMBL300433
DEC_1967,decoy,C[C@@H]1CCC2[C@@H](C)[C@H](OC(CCC(=O)O)c3ccc(F)cc3)O[C@@H]3OC4(C)CC[C@@H]1C23OO4,CHEMBL289461
DEC_3354,decoy,CCC(=O)N(c1cc(Cl)cc(Cl)c1)C1CCCC1N(C)C,CHEMBL21985
DEC_2180,decoy,C/C(=N\O)c1ccccc1Sc1cc(F)cc(C2CCOCC2)c1,CHEMBL25142
DEC_4022,decoy,C#CCN(Cc1cc2c(O)nc(C)nc2cc1C)c1ccc(C(=O)NCc2cccc(C#N)c2)c(F)c1,CHEMBL264095
DEC_2665,decoy,CCOC(=O)CCCCO/N=C(/c1cccnc1)c1ccccc1C(=O)N1CCN(C(=O)C2CSC(c3cccnc3)N2)CC1,CHEMBL114251
DEC_2578,decoy,C1=C2C(=C(c3ccccc3)c3ccccc32)CNC1,CHEMBL279297
DEC_3625,decoy,CN(C(=O)c1cc(C(F)(F)F)cc(C(F)(F)F)c1)c1cc(C(=O)NC2CCCCNC2=O)ccc1-c1ccccc1,CHEMBL417407
DEC_1634,decoy,CC1(C)C=C(C(=O)NCC(C)(C)NCc2cccs2)C(C)(C)N1,CHEMBL280508
DEC_2582,decoy,COc1ccc2[nH]c(C)c(CCN(C)C)c2c1,CHEMBL7143
DEC_4143,decoy,S=c1oc2ccc(Cl)cc2n1C1OCCc2ccccc21,CHEMBL414215
DEC_2032,decoy,Fc1ccc(CC2COC(Cn3ccnc3)(c3ccc(Cl)cc3Cl)O2)cc1,CHEMBL29676
DEC_4097,decoy,CC1(C)Oc2ccc(C#N)cc2[C@@H](N(Cc2ncc[nH]2)c2ccccc2)[C@@H]1O,CHEMBL273900
DEC_1389,decoy,C=CCn1c(=O)n(Cc2nc3ccccc3n2CCC(C)C)c2ccccc21,CHEMBL276796
DEC_3683,decoy,COc1ccc(S(=O)(=O)N(Cc2cccc(C)c2F)[C@H](Cc2cccs2)C(=O)NO)cc1,CHEMBL418744
DEC_1012,decoy,O=C(c1ccc(OCCN2CCCCC2)cc1)c1c(-c2cccc3ccccc23)sc2cc(O)ccc12,CHEMBL44940
DEC_3412,decoy,O=C(NC(Cc1ccccc1)C(O)CN1CCCCCCCCC/C=C/CCOC1=O)O[C@H]1CO[C@H]2OCC[C@H]21,CHEMBL59732
DEC_0588,decoy,C=C1/C(=C/C=C2/CCC[C@@]3(C)C2CCC3[C@H](C)C[C@H]2C[C@](C)(O)C(=O)N2Cc2ccccc2)C[C@@H](O)C[C@@H]1O,CHEMBL314009
DEC_0123,decoy,Cc1cc(-c2c(O)nc3cc(Cl)c(C(=O)Nc4ccncn4)cc3c2OCC[C@@H]2CCCC(C(F)(F)F)N2)cc(C)c1C,CHEMBL298937
DEC_3128,decoy,CSc1ccc(Cn2c(O)c(CC=C(C)C)c(=O)n3c4c(=O)n(C)c(=O)n(C)c4nc23)cc1,CHEMBL13268
DEC_0121,decoy,CC(C)C[C@@H]1OC(=O)C(C)(C)CNC(=O)[C@@H](Cc2ccc(O)c(Cl)c2)NC(=O)/C=C/C[C@@H]([C@H](C)/C=C/c2ccccc2)OC1=O,CHEMBL313947
DEC_0946,decoy,C#CCOc1cccc2c1-c1ccc3c(c1C(CC=C)O2)C(C)=CC(C)(C)N3,CHEMBL8360
DEC_3729,decoy,O=C([C@@H](NS(=O)(=O)c1cnccc1N[C@H](CO)Cc1ccccc1)c1ccncc1)N1CCC(CCF)CC1,CHEMBL12921
DEC_4407,decoy,CCc1nc2c(C)cc(C)nc2n1Cc1ccc(OC(C(=O)O)c2ccccc2)c(C(C)=O)c1,CHEMBL278955
DEC_3213,decoy,CC(=O)c1cc2c(s1)[C@@H](NC(=O)c1ccc(Cl)cc1)[C@H](O)C(C)(C)O2,CHEMBL28889
DEC_2654,decoy,C=C(C)C(=O)O[C@H]1C(C)=C2[C@H]([C@@H]1OC(=O)CCCCCCC)[C@@](C)(OC(C)=O)C[C@H](OC(=O)CCC)[C@@]1(O)[C@H]2OC(=O)[C@@]1(C)O,CHEMBL366371
DEC_3086,decoy,O=C(O)C1=CNC2=C(/C=N/c3ccccc3C(=O)O)CCCCN2C1=O,CHEMBL22579
DEC_0138,decoy,COC(=O)c1[nH]c2c(O)cc3c(c2c1C(=O)OC)C(CCl)CN3C(=O)c1cc2cc(NC(=O)c3cc4ccccc4[nH]3)ccc2[nH]1,CHEMBL165051
DEC_4332,decoy,O=S(=O)(c1ccc(OC(F)(F)F)cc1)C(CSc1ccc(Cl)cc1)S(=O)(=O)C(F)(F)F,CHEMBL273844
DEC_3471,decoy,COc1cc(NC(C)CCCN)c2nccc(C)c2c1Oc1ccc(F)c(C(F)(F)F)c1,CHEMBL12883
DEC_2136,decoy,O=C(/C=C/C(=O)OCc1ccccc1)N[C@@H]1CC[C@@]2(O)C3Cc4ccc(O)c5c4C2(CCN3CC2CC2)C1O5,CHEMBL53563
DEC_1698,decoy,CCCSC1=NS(=O)(=O)c2ccccc2N1Cc1ccc(-c2ccccc2-c2nn[nH]n2)cc1,CHEMBL274887
DEC_3900,decoy,CCCN1CCCN(c2nc3ccccc3n2CCOCC)CC1,CHEMBL416357
DEC_1707,decoy,CSc1c2c(nc(NC(=O)Cc3ccc(CC(C)C)cc3)n3nc(-c4ccco4)nc23)nn1C,CHEMBL439447
DEC_3333,decoy,CCC[C@H]1CC2C3CCC(=O)C3(C)CCC2C2(C)CCC(=O)C=C12,CHEMBL25695
DEC_3095,decoy,CC1CCC(/C=N/c2cccc(Cl)c2)=C2NC=C(C(=O)O)C(=O)N21,CHEMBL22467
DEC_2347,decoy,CSc1cc(-c2ccc(-c3ccc(/N=C(\N)c4ccccn4)c(SC)c3)o2)ccc1/N=C(\N)c1ccccn1,CHEMBL304666
DEC_2782,decoy,CCN1C(=O)c2c(nc(OC)n2Cc2ccc(O)c(Br)c2)N2C1=N[C@@H]1CCC[C@@H]12,CHEMBL282114
ACT_049,active,Oc1c(Cl)cc(Cl)cc1Sc1cc(Cl)cc(Cl)c1O,CHEMBL290106
DEC_3808,decoy,CCCCC1(c2ccc(C)cc2)NC(=O)NC1=O,CHEMBL39247
DEC_3017,decoy,CN(C)c1ccc(-c2cc3ncccc3c(NCc3cccc(CN)c3)n2)cc1,CHEMBL30123
DEC_0061,decoy,C(=C/c1cccs1)\c1noc(/C=C/c2cccs2)n1,CHEMBL280174
DEC_3091,decoy,CNn1cc(C(=O)O)c(=O)c2cc(F)c(N3CCN(C(C)C)CC3)cc21,CHEMBL12492
DEC_3342,decoy,CN1CCCC[C@H]1[C@H]1COC(c2ccccc2)(c2ccccc2)O1,CHEMBL26481
DEC_1595,decoy,[N-]=[N+]=NC1C(N)C(OCc2ccccc2)OC(CO)C1OCc1ccccc1,CHEMBL16982
DEC_0411,decoy,CC1(C)N=C(N)N=C(N)N1c1ccccc1F,CHEMBL22187
DEC_3307,decoy,CC[C@@H]1Cc2cc3c(C(F)(F)F)cc(O)nc3cc2N[C@@H]1CC,CHEMBL7421
DEC_3717,decoy,COC(=O)C(C)NP(=O)(OCC1OC(n2cc(C)c(=O)[nH]c2=O)CC1N=[N+]=[N-])Oc1ccc(OC)cc1,CHEMBL275504
DEC_2611,decoy,C=C(C)CNC(=O)O[C@H]1CC[C@@](CNC(=O)c2ccccc2OC)(c2ccccc2)CC1,CHEMBL280102
DEC_3240,decoy,CC1CN(c2nc3c(cc2F)c(=O)c(C(=O)O)cn3C(C)(C)C)CCN1,CHEMBL25807
DEC_3299,decoy,O=c1c2ccccc2nc(CCc2c[nH]c3ccc(Br)cc23)n1-c1cccc(OC2CCCC2)c1,CHEMBL287740
DEC_0427,decoy,COC1=CCCN(NC(=O)c2ccccc2)C1,CHEMBL274540
DEC_1653,decoy,O=C(O)c1cn2c(n1)N=S(=O)(c1ccccc1)c1ccccc1-2,CHEMBL276032
DEC_1152,decoy,CCCCCCc1noc([C@H](CCC(=O)O)NC(=O)[C@H](Cc2ccc(OP(=O)(O)O)cc2)NC(C)=O)n1,CHEMBL420952
DEC_3038,decoy,CCCCc1cn(-c2ccccc2C(C)(C)C)c(=O)n1Cc1ccc(-c2ccccc2-c2nn[nH]n2)nc1,CHEMBL427808
DEC_1795,decoy,COc1cccc2c1CC[C@H]1CN(CCn3c(=O)[nH]c4c(sc5c(Cl)cccc54)c3=O)C[C@@H]21,CHEMBL41396
DEC_1136,decoy,CNC(=O)[C@]12CCC(C)(C)CC1C1C(=O)C=C3[C@@]4(C)C=C(C#N)C(=O)C(C)(C)[C@@H]4CC[C@@]3(C)[C@]1(C)CC2,CHEMBL8077
DEC_4466,decoy,Oc1ccc(-c2nc3ccc(-c4ccc5nc(-c6ccc(O)cc6)[nH]c5c4)cc3[nH]2)cc1,CHEMBL34682
DEC_0561,decoy,CC(C)C1=CC2CC3(C=O)[C@@H]4CC[C@@H](C)[C@H]4CC2(CO[C@H]2C[C@@H]4OC(C)(C)O[C@@H]4[C@@H](C)O2)C13C(=O)O,CHEMBL280887
DEC_2520,decoy,CC(C)Sc1nnc(-c2cc(C(C)C)c(O)c(C(C)C)c2)s1,CHEMBL16353
DEC_2652,decoy,CCN(CC)CCCNc1nc(Nc2cc(Cl)cc(Cl)c2)c2ccccc2n1,CHEMBL28615
DEC_2126,decoy,COC(OC)[C@]1(C)Oc2ccc(N)cc2[C@@H](N(Cc2ncc[nH]2)c2ccc(C(F)(F)F)cc2)[C@@H]1O,CHEMBL43098
DEC_1821,decoy,CC(C)/N=C(\N)c1ccc(N2CCCN(c3ccc(/C(N)=N/C(C)C)cc3)CC2)cc1,CHEMBL9341
DEC_2241,decoy,CC1(O)OC(=O)C(c2ccsc2)=C1c1ccc(S(C)(=O)=O)cc1,CHEMBL19056
DEC_0535,decoy,c1ccc(C(c2ccn(-c3ccccc3)c2)n2ccnc2)cc1,CHEMBL20649
DEC_3504,decoy,O=C(NCCCOc1ccc2nc(O)ccc2c1)N(C1CCCCCCC1)[C@H]1CCCC[C@@H]1O,CHEMBL35187
DEC_2150,decoy,CC(=O)OCCc1cc2c(cc1NC(=O)c1sccc1S(=O)(=O)Nc1onc(C)c1Cl)OCO2,CHEMBL296927
DEC_1860,decoy,C[C@@H]1CC2C(CCC3(C)C(=O)CCC23)C2(C)C=CC(=O)C=C12,CHEMBL8315
DEC_3870,decoy,O=c1oc(Nc2ccccc2I)nc2ccc(Cl)cc12,CHEMBL10246
DEC_2172,decoy,C=CCC1Oc2cccc(Cl)c2-c2ccc3c(c21)C(C)=CC(C)(C)N3,CHEMBL8007
DEC_1926,decoy,CC(/N=c1\c(O)c(O)\c1=N/c1ccncc1)C(C)(C)C,CHEMBL18519
DEC_2024,decoy,CS(=O)(=O)c1ccc(-c2sc(-c3cccnc3)nc2-c2ccc(F)cc2)cc1,CHEMBL275843
DEC_3587,decoy,COc1ccc(CCN(C)CCCN2CCc3cc(O)c(O)cc3CC2=O)cc1OC,CHEMBL435768
DEC_3789,decoy,C=CCC1([C@H](C)C#CCC)C(=O)NC(=S)NC1=O,CHEMBL22646
DEC_1204,decoy,O=C(Nc1cc(C(F)(F)F)cc(C(F)(F)F)c1)Nn1cnnc1,CHEMBL15724
DEC_3553,decoy,CCCCc1nc(Cl)c(C(=O)NCC(=O)O)n1Cc1ccc2oc(-c3ccccc3-c3nn[nH]n3)c(Br)c2c1,CHEMBL292955
DEC_3396,decoy,Nc1ccc(S(=O)(=O)c2cc(Br)nc(Br)c2)cc1,CHEMBL415464
DEC_4036,decoy,CN1CCN(CCCN2N=C3/C(=C/c4ccccc4)CS(=O)(=O)CC3C2c2ccccc2)CC1,CHEMBL34662
DEC_3526,decoy,COc1ccc(N(C(=O)CN2C(=O)C(NC(=O)Nc3cccc(C(=O)O)c3)[N+]([O-])=C(C3CCCCC3)c3ccccc32)C(C)C)cc1,CHEMBL14970
DEC_2500,decoy,COC(OC)[C@]1(C)Oc2ccc([N+](=O)[O-])cc2[C@@H](N(Cc2ncc[nH]2)c2ccc(Br)cc2)[C@@H]1O,CHEMBL46685
DEC_3707,decoy,CCc1ccc(OP(=O)(NC(C)C(=O)OC)OCC2OC(n3cc(C)c(=O)[nH]c3=O)CC2N=[N+]=[N-])cc1,CHEMBL268471
DEC_0993,decoy,C=C1CCC2[C@@](C)(COC(C)=O)CCC[C@]2(C)[C@H]1CCC1=CCc2c(OC(C)=O)ccc(OC(C)=O)c2C1,CHEMBL23616
DEC_3640,decoy,C=Cc1ccc(C(=O)O[C@@H]2C[C@](OCCCc3ccc(Cl)cc3)(C(=O)O)C[C@@H](O)[C@H]2O)cc1,CHEMBL32141
DEC_0895,decoy,CCCc1cc(=O)oc2c(C(=O)[C@@H](C)[C@H](C)O)c(O)c3c(c12)OC(C)(C)C=C3,CHEMBL7211
DEC_1942,decoy,COCCN(C)c1ccc(Nn2c(C)ccc2C)nn1,CHEMBL11632
DEC_0312,decoy,CCC(C)(C)/N=c1\c(O)c(O)\c1=N/Cc1ccc(C)c(C)c1,CHEMBL278536
DEC_3706,decoy,CC(C)(C)OC(=O)N1CSC[C@H]1C(=O)N[C@@H](CSCC1CCCCC1)C(=O)NCCNCc1ccccc1,CHEMBL308984
DEC_1341,decoy,CC1=C(C(=O)OC(c2ccccc2)c2ccccc2)N2C(=O)[C@@H](NC3=NCCN3C)C2SC1,CHEMBL427635
DEC_1693,decoy,COc1ccc2c3c1OC1[C@H](O)[C@](CO)(CCCc4ccccc4)CC4C(C2)N(CC2CC2)CCC341,CHEMBL8938
DEC_3383,decoy,Cc1cc2c(cc1Cl)N(C(=O)CN(C)C)c1ccccc1N(C)S2(=O)=O,CHEMBL29992
DEC_0774,decoy,O=C(O)C1=CC(=O)C2(CCC=C3C=CC=CC32)O1,CHEMBL428700
ACT_046,active,CCOc1cccc(Oc2ccc(C(O)c3cncc(F)c3Cl)cc2)c1F,CHEMBL5920179
DEC_1109,decoy,[N-]=[N+]=N[C@@H]1C(O)[C@H](n2ccc(=O)[nH]c2=O)O[C@@H]1CO,CHEMBL34933
DEC_1899,decoy,C[C@@H]1CC2C3CCC(=O)C3(C)CCC2C2(C)CCC(=O)C=C12,CHEMBL284238
DEC_3174,decoy,CN(C)Cc1cccc(CSCCNc2n[s+]([O-])nc2N)c1,CHEMBL275476
DEC_3950,decoy,Cc1ccccc1N1CCN(S(=O)(=O)CC23CCC(CC2NC(=O)[C@H]2CCCNC2)C3(C)C)CC1,CHEMBL282020
DEC_3046,decoy,CCCCc1nc2ccc(C(C)(C)OC)cc2c(=O)n1Cc1ccc(-c2ccccc2-c2nn[nH]n2)cc1,CHEMBL275875
DEC_1493,decoy,Cc1cc(C)cc(-c2[nH]c3ccc(C(C)(C)C(=O)N4C5CCCC4CC5)cc3c2[C@H](C)CNCCCCc2ccncc2)c1,CHEMBL86805
DEC_3296,decoy,CC(C)c1ccc(C(c2ccc(-c3ccccc3)cc2)c2ccc(C(C)C)cc(=O)c2O)c(O)c(=O)c1,CHEMBL277121
DEC_3631,decoy,C[C@H](CCC(N)=[N+](C)C)C1CC[C@@]2(C)C3=C(CC[C@]12C)[C@@]1(C)CC[C@H](O)C(C)(C)C1CC3.O=S(=O)([O-])C(F)(F)F,CHEMBL9875
DEC_0497,decoy,CN1C(=O)[C@@H](NC(=O)C(Cc2ccc(Cl)c(Cl)c2)c2cccs2)N=C(c2ccccc2)c2ccccc21,CHEMBL53198
DEC_3793,decoy,N#CCCCCn1cnc2c1NC=NCC2O,CHEMBL35156
DEC_4497,decoy,N#Cc1ccc(O)c(C(=O)Nc2ccc(Oc3ccc(Cl)cc3)c(Cl)c2)c1,CHEMBL34099
DEC_0279,decoy,CCCCc1nc(C(O)c2ccc(-c3ccccc3-c3nn[nH]n3)cc2)n(CCCC)n1,CHEMBL428889
DEC_0101,decoy,Nc1nc(O)c2c(n1)NCC(CCN[C@H]1CC[C@@H](C(=O)NC(CCC(=O)O)C(=O)O)CC1)=N2,CHEMBL31257
DEC_1108,decoy,COC(=O)c1csc(C2OC(CO)C(O)C2O)n1,CHEMBL23276
DEC_1532,decoy,CCN(CC#CCCC1(C2(O)c3ccccc3Oc3ccccc32)SCCCS1)C(C)C,CHEMBL39787
DEC_4392,decoy,CC/C(=C(\c1ccccc1)c1cccc(OC(C)=O)c1)c1ccc(OC(C)=O)c(OC(C)=O)c1,CHEMBL29781
DEC_2443,decoy,CC(C)(C)n1cc(C(=O)O)c(=O)c2cc(F)c(N3C[C@@H](CN)[C@@H](F)C3)nc21,CHEMBL417482
DEC_1825,decoy,CC1(C)N=C(N)N=C(N)N1c1cccc(COc2cc(Cl)c(Cl)cc2Cl)c1,CHEMBL282044
DEC_0666,decoy,CCN1C(=O)N(C2CCN(C3CCCCCCC3)CC2)[C@@H]2CCCC[C@H]21,CHEMBL26464
DEC_2646,decoy,O=C(O)CCCCCCCOc1ccc(NC(=O)c2c(O)nc3ccccc3c2O)cc1,CHEMBL10212
DEC_4123,decoy,Oc1nc2ccc(C#CCN3CCC(Cc4ccc(F)cc4)CC3)cc2o1,CHEMBL283753
DEC_2225,decoy,CC1(C)C=C(C(=O)NCCCN2C(=O)C3CC=CCC3C2=O)C(C)(C)N1,CHEMBL276313
DEC_0595,decoy,N#Cc1cccc(S(=O)(=O)Nc2cccc(C(c3c(O)oc4c(c3=O)CCCCCC4)C3CC3)c2)c1,CHEMBL278916
DEC_1291,decoy,CC(C)c1ccc(S(=O)(=O)NC(=O)C(c2ccc3c(c2)OCO3)c2cn(C)c3cc(CO)ccc23)cc1,CHEMBL279947
DEC_3777,decoy,COc1ccc(C(=O)Oc2ccc3[nH]c(C(=O)c4cc5ccccc5[nH]4)cc3c2)cc1,CHEMBL6912
DEC_4088,decoy,NC/C(=N\O)c1ccc(Sc2cc(F)cc(C3CCOCC3)c2)cc1,CHEMBL25514
DEC_1651,decoy,C=Cc1ccc(C(=O)c2c(SC)cc3n2CCC3C(=O)O)cc1,CHEMBL280943
DEC_3523,decoy,COc1cc(CCC[C@H]2C(=O)N[C@H](C(=O)c3ccccc3)Cc3ccc(cc3)OCCCC[C@@H]2C(=O)NO)cc(OC)c1OC,CHEMBL329232
DEC_4453,decoy,CSc1ccc2sc(Cn3nc(CC(=O)O)c4ccccc4c3=O)nc2c1,CHEMBL418007
DEC_3710,decoy,O=C(Cc1ccccc1)OCOC(=O)/N=C(/NCc1ccccc1)NC(=O)OCOC(=O)Cc1ccccc1,CHEMBL61233
DEC_2540,decoy,O=C1N[C@@H]2CCCC[C@H]2N1C1CCN(CC2CCCCCCC2)CC1,CHEMBL280778
DEC_3422,decoy,O=C(Nc1ccncn1)c1cc2c(OCC[C@@H]3CCCCN3)c(-c3ccc4c(c3)CCC4)c(O)nc2cc1Cl,CHEMBL48674
DEC_1622,decoy,CC(C)(C)c1cc(-c2nsc(N=C(N)N)n2)cc(C(C)(C)C)c1O,CHEMBL17104
DEC_2251,decoy,Cc1ccc(S(=O)(=O)NN(C)S(=O)(=O)c2ccc(Cl)cc2)cc1,CHEMBL27786
DEC_2390,decoy,Cc1cccc(S(=O)(=O)C2(CC#Cc3ccc(Cl)cc3)SC(=O)NC2=O)n1,CHEMBL268766
ACT_004,active,O=C1c2c(O)ccc(O)c2C(=O)c2c(NCCNCCO)ccc(NCCNCCO)c21,CHEMBL58
DEC_3227,decoy,CC1CCC(/C=N/c2ccc(C(F)(F)F)cc2)=C2NC=C(C(=O)O)C(=O)N21,CHEMBL22752
DEC_2366,decoy,[2H]c1c([2H])c([2H])c(NS(=O)(=O)c2ccc3c(c2)C(n2ccccc2=O)=CC(C)(C)O3)c([2H])c1[2H],CHEMBL275679
DEC_1326,decoy,COC[C@H]1OC(=O)c2coc3c2[C@@]1(C)C1=C(C3=O)[C@@H]2C[C@@H](OC(C)=O)C(=O)[C@@]2(C)C[C@H]1OC(C)=O,CHEMBL13142
DEC_3006,decoy,CCN(CC)C(=S)SC(C(=O)c1ccc(Cl)cc1)=C1SCCCS1,CHEMBL35219
DEC_3345,decoy,CC1(C)CCSc2ccc(/N=N/c3ccc(C(=O)O)cc3)cc21,CHEMBL12976
DEC_1472,decoy,CO/N=C(\COCc1ccc(C(C)(C)C)cc1)C(CCN1CCC(O)(c2ccccc2)CC1)c1ccc(Cl)c(Cl)c1,CHEMBL284145
DEC_0943,decoy,CC(C)Sc1nnc(-c2cc(C(C)(C)C)c(O)c(C(C)(C)C)c2)s1,CHEMBL16674
DEC_2323,decoy,Cc1cc(SC2=C(O)OC(CCc3ccc(N)cc3)(C(C)C)CC2=O)c(C(C)(C)C)cc1OS(=O)(=O)N(C)C,CHEMBL306421
DEC_3197,decoy,CCCCC[C@](C)(O)/C=C/C1[C@@H]2C[C@@H](O)[C@H]1C/C=C\CCCC(=O)O2,CHEMBL12539
DEC_2573,decoy,OC1CCCCC1N1C=NC(c2ccccc2)C1,CHEMBL283986
DEC_3246,decoy,CC1CN(c2cc3c(cc2F)c(=O)c(C(=O)O)cn3C(C)C)CCN1,CHEMBL261939
DEC_2434,decoy,CC(C)(C)n1cc(C(=O)O)c(=O)c2cc(F)c(N3CC4CCC3CN4)nc21,CHEMBL26903
DEC_4055,decoy,Cn1cncc1C(O)(c1ccc(Cl)cc1)c1cc2c3c(c1)c(-c1cccc(Cl)c1)cc(=O)n3CCC2,CHEMBL288693
DEC_2361,decoy,CC(C)C1=CC2CC3(C=O)[C@@H]4CC[C@@H](C)[C@H]4CC2(CO[C@H]2CN[C@H](C)CO2)[C@]13C(=O)O,CHEMBL31670
DEC_0921,decoy,Nc1nc(O)c2nc(Br)n(C3CCCCc4ccc(F)cc43)c2n1,CHEMBL276889
DEC_2472,decoy,C=C1[C@H]2C[C@]3(O)C[C@H](O)C(C)=C([C@@H](OC(C)=O)[C@H](OC(C)=O)[C@]2(C)[C@@H](OC(=O)c2ccccc2)C[C@@H]1O)C3(C)C,CHEMBL77414
DEC_2605,decoy,Cc1cc(SCCCC(C)(C)C(=O)O)c(C)cc1OCCCC(C)(C)C(=O)O,CHEMBL7604
DEC_0474,decoy,CC(C)c1ccc(S(=O)(=O)Nc2cccc(C(c3c(O)c4c(oc3=O)CCCCCC4)C3CC3)c2)cc1,CHEMBL278970
DEC_3434,decoy,COC(=O)c1cccc(S(=O)(=O)Nc2cccc(C(c3c(O)c4c(oc3=O)CCCCCC4)C3CC3)c2)c1,CHEMBL16875
DEC_2884,decoy,COc1ccc(C2(O)OC(=O)C(c3ccc4c(c3)OCO4)=C2Cc2ccc(OC)c(C)c2)cc1,CHEMBL10924
DEC_1515,decoy,CC(SCC(=O)O)(c1ccc(OCc2ccc3ccccc3n2)cc1)c1ccc(OCc2ccc3ccccc3n2)cc1,CHEMBL112492
DEC_4160,decoy,CC1CCC(N=Nc2ccccc2)=C2N(C)C=C(C(=O)O)C(=O)N21,CHEMBL14521
ACT_014,active,C1CCC(C(CC2CCCCN2)C2CCCCC2)CC1,CHEMBL75880
DEC_3473,decoy,Cc1cc(SC2=C(O)OC(CCc3ccc(O)cc3)(C3CC3)CC2=O)c(C(C)(C)C)cc1N,CHEMBL35271
DEC_0264,decoy,CCCC(=O)[C@H](O)[C@H](CC1CCCCC1)NC(=O)[C@H](CC(C)C)NC(=O)CCC(C)C,CHEMBL19800
DEC_1987,decoy,CC(C)C(c1cccc(NS(=O)(=O)c2cn(C)cn2)c1)c1c(O)c2c(oc1=O)CCCCCC2,CHEMBL16856
DEC_1458,decoy,CCCc1cc(Cl)c2oc(Cc3ccc(OCC(=O)O)cc3)c(C)c2c1O,CHEMBL18559
DEC_3056,decoy,CC(C)C(c1cccc(NS(=O)(=O)c2ccc(Cl)cc2)c1)c1c(O)c2c(oc1=O)CCCCCC2,CHEMBL16327
DEC_0848,decoy,C=CCC1=C(C(=O)O)N2C(=O)[C@@H](NC(=O)[C@H](N)c3ccc(O)cc3)[C@H]2SC1,CHEMBL18825
DEC_4090,decoy,COc1cc(CC(C)NC(C)C)c(OC)cc1I,CHEMBL10980
DEC_3475,decoy,Cc1cc(C(=O)c2ccc(Cl)cc2)cc(C(=O)Nc2ccc([N+](=O)[O-])cc2Cl)c1O,CHEMBL287378
DEC_4312,decoy,CCCCc1ncc(/C=C(\Cc2cccs2)C(=O)O)n1Cc1ccc(-c2ccccc2C(=O)O)cc1,CHEMBL56690
DEC_2732,decoy,O=C(NC(C(=O)O)c1ccccc1)c1ccc(Cl)c(-c2ccc(-c3ccccc3)cc2)c1,CHEMBL34684
DEC_3460,decoy,CCCCc1c(Cc2ccc(-c3ccccc3-c3nn[nH]n3)cc2)c(C(=O)O)nn1CC(F)(F)F,CHEMBL430535
DEC_0789,decoy,O=C1Nc2ccc(F)c(F)c2C(C#Cc2ccsc2)(C(F)(F)F)O1,CHEMBL276066
DEC_0214,decoy,CCCCC[C@@H]1/C=C\C2[C@H](O)CC(=O)[C@@H]2C/C=C\CCCC(=O)O1,CHEMBL12584
DEC_2075,decoy,CCCN[C@@H]1c2cc3c(cc2[C@@H](c2cc(OC)c(O)c(OC)c2)[C@H]2C(=O)OC[C@@H]21)OCO3,CHEMBL31353
DEC_1363,decoy,COc1cccc2c1CC[C@H]1CN(CCn3c(=O)[nH]c4c(sc5ncc(Cl)nc54)c3=O)C[C@@H]21,CHEMBL290387
DEC_2040,decoy,COc1cc(C#N)ccc1OCCCN1CCC(c2noc3cc(F)ccc23)CC1,CHEMBL14509
DEC_0845,decoy,CC[C@@]1(O)C(=O)OCc2c1cc1n(c2=O)Cc2cc3cc(CN)ccc3nc2-1,CHEMBL267814
DEC_0127,decoy,C/C(=N/O)c1cccc(CN2C(=O)N(Cc3cccc(/C(C)=N/O)c3)[C@H](Cc3ccccc3)[C@H](O)[C@@H](O)[C@H]2Cc2ccccc2)c1,CHEMBL431174
DEC_2613,decoy,N=C(Nc1ccc(CNC(=O)CCCCC2CCSS2)cc1)c1cccs1,CHEMBL33601
DEC_3175,decoy,C=C(c1c(C)ccc(C)c1OCC(O)CNC(C)C)n1ccnc1,CHEMBL279551
DEC_4074,decoy,Fc1ccc(C(c2ccc(F)cc2)N2CCN(CCCN3CCc4c([nH]c5ccccc45)C3)CC2)cc1,CHEMBL12460
DEC_2777,decoy,C[C@@H](NC(=O)c1nc(-c2ccc(Cl)cc2)ns1)[C@](O)(Cn1cncn1)c1ccc(F)cc1F,CHEMBL53279
DEC_2187,decoy,CCCOc1nnc(-c2cc(C(C)(C)C)c(O)c(C(C)(C)C)c2)s1,CHEMBL279387
DEC_0469,decoy,Cc1ccc(C2(c3ccc(C)cc3)CC(=O)N(CCCN3CCC(C#N)(c4ccccc4Cl)CC3)C2=O)cc1,CHEMBL62045
DEC_2183,decoy,C=CCC1Oc2cccc(CO)c2-c2ccc3c(c21)C(C)=CC(C)(C)N3,CHEMBL268239
DEC_2590,decoy,OC1CCCCC1NC1CCc2ccccc21,CHEMBL20615
DEC_3165,decoy,CCCCc1nc(Cl)c(CO)n1Cc1ccc(/C=N/O)cc1,CHEMBL25726
DEC_1483,decoy,Cc1cc(C)cc(-c2[nH]c3ccc(C(C)(C)C(=O)N4CCC(C)(C)CC4)cc3c2[C@H](C)CNCCCCc2ccncc2)c1,CHEMBL313946
DEC_0094,decoy,O=C1Cc2cc([N+](=O)[O-])c(C3CCCCC3)cc2O1,CHEMBL285763
DEC_1727,decoy,CCC(C)(C)c1[nH]c2ccccc2c1C1=C(O)C(O)=C(c2c[nH]c3c(CC=C(C)C)cccc23)C(=O)C1=O,CHEMBL274252
DEC_1765,decoy,C[C@@H]1CC2C3CCC4=Cc5c(cnn5-c5ccc(F)cc5)CC4(C)C3C(O)CC2(C)C1(O)C(=O)CO,CHEMBL14275
DEC_2401,decoy,CC1(O)OC(=O)C(c2ccc(Cl)c(Cl)c2)=C1c1ccc(S(C)(=O)=O)cc1,CHEMBL18251
DEC_2765,decoy,N#C/C(=C(/N)Sc1ccccc1N)c1cccc(C(O)c2ccc([N+](=O)[O-])cc2[N+](=O)[O-])c1,CHEMBL34184
DEC_3671,decoy,CC(C)c1cccc(C(C)C)c1NC(=O)NS(=O)(=O)N(CC1CCCO1)CC1CCCO1,CHEMBL22896
DEC_1535,decoy,OC(c1ccccc1)(c1ccccc1)C1(CCC#CCN2CCCCC2)SCCCS1,CHEMBL42222
DEC_1723,decoy,C=C1/C(=C\C=C2/CCC[C@]3(C)C([C@H](C)CCCC(O)(C(F)(F)F)C(F)(F)F)CC[C@@H]23)C[C@@H](O)C[C@@H]1O,CHEMBL284143
DEC_3756,decoy,CCN(CC)/C(S)=N\c1ccc(-c2nc(-c3ccco3)no2)c(Cl)c1,CHEMBL278316
DEC_0218,decoy,CCCCCc1cc(O)c2c(c1)OC(C)(C)[C@@H]1CC(O)[C@H](C)CC21,CHEMBL276253
DEC_3034,decoy,Cc1noc(NS(=O)(=O)c2ccccc2-c2ccc(-c3ncco3)cc2CN(C)CC(F)(F)F)c1C,CHEMBL431296
DEC_0786,decoy,COc1nc(C(Cl)(Cl)Cl)c(Cl)c(OC(C)C)c1Cl,CHEMBL269389
DEC_1205,decoy,Cc1noc(NS(=O)(=O)c2ccc3ccc(N(C)C)cc3c2)c1C,CHEMBL282401
DEC_4447,decoy,CC(=O)c1cc2c(s1)[C@@H](NC(=O)c1cccc([N+](=O)[O-])c1)[C@H](O)C(C)(C)O2,CHEMBL283712
DEC_1933,decoy,CCc1[nH]c(O)nc1C(=O)c1ccc(-n2ccnc2)cc1,CHEMBL17338
DEC_3273,decoy,COc1cc(NC(C)CCCN)c2nccc(C)c2c1Oc1cc(C(F)(F)F)cc(C(F)(F)F)c1,CHEMBL12757
DEC_2622,decoy,N=C(Nc1ccc(NC(=O)CCCCC2CCSS2)cc1)c1cccs1,CHEMBL32450
DEC_1370,decoy,CC(=O)OCC(=O)[C@@]12N=C(C)O[C@@H]1CC1C3CCC4=CC(=O)C=CC4(C)[C@@]3(F)C(O)CC12C,CHEMBL285283
DEC_0104,decoy,COc1cc(C(=O)NC(CCC(=O)O)C(=O)O)ccc1NCCCc1c(N)nc(N)nc1O,CHEMBL29713
DEC_3278,decoy,O=C(NC(Cc1c[nH]c2ccccc12)C1CN=C(CCc2ccccc2)S1)OC1[C@H]2C[C@@H]3C[C@@H](C[C@H]1C3)C2,CHEMBL286442
DEC_1351,decoy,CC(C)(C)C1CS(=O)(=O)C(c2cc(O)c(Br)cc2[N+](=O)[O-])S(=O)(=O)C1,CHEMBL285134
DEC_1232,decoy,CC(C)(C)c1cccc(Oc2cccc(N(Cc3cccc(OC(F)(F)C(F)F)c3)CC(O)C(F)(F)F)c2)c1,CHEMBL68856
DEC_1840,decoy,Cc1nc2c(n1Cc1ccc(-c3ccccc3-c3nn[nH]n3)cc1)/C(=C/C(=O)O)CCCC2,CHEMBL289391
DEC_1167,decoy,CCOC(=O)/C=C/[C@H](CCC(N)=O)NC(=O)[C@H](Cc1ccccc1)NC(=O)[C@@H](NC(=O)OCc1ccccc1)C(C)C,CHEMBL94057
DEC_4333,decoy,O=S(=O)(c1ccc2ccccc2c1)N1C[C@H](S)C[C@H]1c1nnc(SCC2CC2)n1-c1ccccc1,CHEMBL47934
DEC_2798,decoy,C#CCN(Cc1cc2c(O)nc(C)nc2cc1C)c1ccc(C(=O)N[C@@H](C(=O)O)C(C)C)c(F)c1,CHEMBL6715
DEC_0743,decoy,CN(C)CCc1c[nH]c2cc3c(cc12)CCCO3,CHEMBL27156
DEC_1945,decoy,CC(C)(C)C/N=c1\c(O)c(O)\c1=N/c1ccc(C#N)cc1,CHEMBL416728
DEC_1621,decoy,CSc1nnc(-c2nc(C(C)(C)C)c(O)c(C(C)(C)C)n2)s1,CHEMBL275188
DEC_2832,decoy,Cc1ccc(S(=O)(=O)Nc2cccc(SCc3ccc4ccccc4n3)c2)cc1,CHEMBL440459
DEC_0227,decoy,Clc1cc(N=NN2CCCC2)cc(Cl)c1NC1=NCCN1,CHEMBL22073
DEC_2888,decoy,COc1cccc(Sc2c(C(=O)O)n(Cc3ccc4c(c3)OCO4)c3cc4c(cc23)OCO4)c1,CHEMBL27617
DEC_2426,decoy,O=S(=O)(Nc1nc2nc3c(c(O)n2n1)CCC3)c1ccc(Cl)cc1,CHEMBL11656
DEC_0243,decoy,CC(C)c1ccc2c(c1)CC[C@H]1[C@@H](CO)[C@@H](O)CC[C@]21C,CHEMBL12668
DEC_0945,decoy,CC1CCN(CC[C@@H](C)N(C)S(=O)(=O)c2ccc(Cl)c(Cl)c2)CC1,CHEMBL275996
DEC_3421,decoy,COc1cc([C@@H]2c3cc4c(cc3[C@@H](Nc3ccc(Br)cc3)[C@H]3COC(=O)[C@H]23)OCO4)cc(OC)c1O,CHEMBL29716
DEC_1114,decoy,C=C1[C@H](CO)[C@@H](O)C[C@@H]1n1cnc2c(=O)[nH]c(N)nc21,CHEMBL713
DEC_2925,decoy,COC1(c2cc(F)cc(Sc3ccc4c(c3)CC/C4=N\O)c2)CCOCC1,CHEMBL28066
DEC_0196,decoy,CNC(=O)OC1CCn2c3c(c(CCl)c21)C(=O)C(OC)=C(C)C3=O,CHEMBL17982
DEC_1122,decoy,[N-]=[N+]=N[C@@H]1C(O)[C@H](n2ccc(N)nc2=O)O[C@@H]1CO,CHEMBL285023
DEC_0517,decoy,CN1CC=C(c2c[nH]c3ccc(-c4ccsc4)cc23)CC1,CHEMBL417470
DEC_4422,decoy,Nc1nc2c(cnn2CCc2ccccc2)c2nc(-c3ccccc3)nn12,CHEMBL280411
ACT_080,active,N#CC1=C(c2ccccc2)Nc2c(c(-c3cccs3)nn2-c2ccccc2)C12C(=O)Nc1ccc(Br)cc12,CHEMBL5209100
DEC_3404,decoy,CN1CC(=O)N2[C@H](c3ccc4c(c3)OCO4)c3[nH]c4ccccc4c3C[C@@H]2C1=O,CHEMBL779
DEC_3520,decoy,C[C@](Cc1c[nH]c2ccccc12)(NC(=O)OC1C2CC3CC(C2)CC1C3)C(=O)N1C[C@H](Oc2ccc([N+](=O)[O-])cc2)C[C@@H]1C(=O)O,CHEMBL423119
DEC_4429,decoy,O=C(O)c1ccc(-c2nnc3c4ccccc4c(N4CCCC4)nn23)cc1,CHEMBL273906
DEC_2046,decoy,CSc1cccc2c1CCCC2CN(C)CCc1ccc2c(c1)OCO2,CHEMBL9860
DEC_0972,decoy,CC(Cc1cc(C(=O)c2ccccc2)ccc1OC(=O)C(C)(C)C)C(=O)O,CHEMBL9981
DEC_2633,decoy,COc1cc(NC(C)CCCN)c2ncccc2c1Oc1ccc(Cl)c(Cl)c1,CHEMBL273515
ACT_030,active,NC1CCc2c(c3cc(OCCc4ccc(O)cc4)ccc3n2CCCCCc2ccc(C(F)(F)F)cc2)C1,CHEMBL1094825
DEC_0262,decoy,CCCCCN[C@@H](CCC(=O)N1CCC(CCCC2CCNCC2)CC1)C(=O)O,CHEMBL286305
DEC_2167,decoy,CCSc1nnc(-c2cc(C(C)(C)C)c(O)c(C(C)(C)C)c2)s1,CHEMBL279801
DEC_4362,decoy,CS(=O)(=O)N1CCc2ccc(N(C(=O)/C=C/c3ccccc3)C3CCN(Cc4ccccc4)CC3)cc21,CHEMBL22119
DEC_0657,decoy,CC(C)=CCN(C1=NCCN1)c1c(Br)cccc1Br,CHEMBL21171
DEC_0317,decoy,CCCCCCc1nc2c([nH]1)N1C[C@@H](C(C)C)N=C1N(C)C2=O,CHEMBL274965
DEC_1958,decoy,Nc1cccc(S(=O)(=O)Nc2cccc(C(c3c(O)c4c(oc3=O)CCCCCC4)C3CC3)c2)c1,CHEMBL16387
DEC_4424,decoy,CCCCc1ccc2c(c1)-c1oc(C(=O)O)cc(=O)c1CS2.NCCO,CHEMBL29395
DEC_4041,decoy,CCc1cc2c3c(cc[n+]2nc1CC)[nH]c1ccccc13.Cc1cc(C)c(S(=O)(=O)[O-])c(C)c1,CHEMBL32587
DEC_2063,decoy,O=C1[C@@H](NS(=O)(=O)c2ccc(-c3ccon3)s2)CCN1Cc1cc2c[nH]ccc-2n1,CHEMBL269604
DEC_1568,decoy,C1=C(CN2CCN(CCOC(c3ccccc3)c3ccccc3)CC2)CCc2ccccc21,CHEMBL28947
DEC_2709,decoy,CC(C)N(C(=O)[C@H]1CCC2C3CC=C4C=C([PH](=O)O)CC[C@]4(C)C3CC[C@@]21C)C(C)C,CHEMBL283217
DEC_1626,decoy,CNCCSC1=Cc2ccccc2Sc2ccc(O)cc21,CHEMBL15668
DEC_2209,decoy,CC(C)CN[C@@H]1CCS(=O)(=O)c2sc(S(N)(=O)=O)cc21,CHEMBL9849
DEC_2132,decoy,CCCC(=O)O[C@@H]1[C@@H](C)[C@@]2(O)[C@@H](C=C(CO)C[C@]3(O)C(=O)C(C)=C[C@@H]23)[C@@H]2C(C)(C)[C@]12OC(=O)CCC,CHEMBL27768
DEC_4536,decoy,NCCSCc1ccccc1SC1=C(C(=O)O)N2C(=O)[C@@H](NC(=O)/C(=N\O)c3cccc(N)n3)[C@H]2SC1,CHEMBL28461
DEC_0777,decoy,N#CCC12NC(Cc3ccccc31)c1ccccc12,CHEMBL11295
DEC_0846,decoy,CC[C@@]1(O)C(=O)OCc2c1cc1n(c2=O)Cc2c-1nc1cnc(CN)cc1c2C,CHEMBL276460
DEC_4527,decoy,Cc1cc(C)c(S(=O)(=O)N[C@@H](CNC(=O)c2ccc(CCC(=O)NC3=NCCCN3)s2)C(=O)O)c(C)c1,CHEMBL302395
DEC_1001,decoy,COc1ccc2c(c1)c(Cc1nc(-c3ccc(C(=O)O)cc3)cs1)c(C)n2C(=O)c1ccc(Cl)cc1,CHEMBL281513
DEC_0749,decoy,CN(C)CCc1c[nH]c2ccc3c(c12)CCCO3,CHEMBL412876
DEC_2353,decoy,N/C(=N/O)c1ccc(CCCn2ncc3c2nc(N)n2nc(-c4ccco4)nc32)cc1,CHEMBL22822
ACT_065,active,Oc1cc2c(cc1O)[C@@H]1c3ccc(O)c(O)c3OC[C@]1(O)C2,CHEMBL477197
DEC_4234,decoy,C=C1[C@@H](OC(C)=O)CC[C@@]2(C)[C@@H](OC(C)=O)[C@H](OC(C)=O)C3=C(C)C(=O)C[C@@H]([C@@H](OC(C)=O)[C@H]12)C3(C)C,CHEMBL268858
DEC_2379,decoy,CNc1nsc(-c2ccc(N3CCN(c4cccc(C(F)(F)F)c4)CC3)nn2)n1,CHEMBL14854
DEC_3490,decoy,CCCC1Nc2ccc(C(C)C)cc2C(=O)N1Cc1ccc(-c2ccccc2-c2nn[nH]n2)cc1,CHEMBL415982
DEC_1193,decoy,CN1C[C@H](CN2CC(=O)NC2=O)C[C@@H]2c3cccc4[nH]cc(c34)C[C@H]21,CHEMBL13588
DEC_2235,decoy,CN1CCN(c2cc3c(cc2F)n2c(=O)n(O)c(=O)cc2n3C2CC2)CC1,CHEMBL28768
DEC_2928,decoy,Cn1c(-c2ccc([S+](C)[O-])cc2)nc(-c2ccc(F)cc2)c1-c1ccncc1,CHEMBL275365
DEC_1902,decoy,CC1(C)OC(/C=C/c2cc(Cl)cc(Cl)c2)=CC1=O,CHEMBL276730
DEC_0464,decoy,CC1(C)OC(=O)c2cc(C(=CCCBr)c3cc(Cl)c4c(c3)C(=O)OC(C)(C)O4)cc(Cl)c2O1,CHEMBL63505
DEC_2760,decoy,CC(C)[C@H](NC(=O)OC(C)(C)C)c1cc(Cn2ccc(=O)n(C(=O)c3ccccc3)c2=O)on1,CHEMBL282999
DEC_0986,decoy,OC1(C2(CCC#CCN3CCCCC3)SCCCS2)c2ccccc2Sc2ccc(Cl)cc21,CHEMBL295510
DEC_4323,decoy,CC(=O)N1N=C2C(Cc3cccc(C(F)(F)F)c3)CS(=O)(=O)CC2C1c1cccc(C(F)(F)F)c1,CHEMBL34803
DEC_4045,decoy,Cc1noc(NS(=O)(=O)c2ccccc2-c2ccc(-c3ncco3)cc2/C=C\c2ccccc2)c1C,CHEMBL29313
DEC_1647,decoy,Cc1noc(NS(=O)(=O)c2cccc(-c3ccccc3)c2)c1C,CHEMBL417651
DEC_0501,decoy,COc1ccccc1[C@H](C)C(=O)N1C[C@@H]2[C@H](C1)C(c1ccccc1)(c1ccccc1)CC[C@@]2(O)c1ccccc1OC,CHEMBL38824
DEC_0720,decoy,CN1CCC(CC(=O)N2CCN([C@H]3c4ccc(Cl)cc4CCc4cc(Br)cnc43)CC2)CC1,CHEMBL305431
DEC_3655,decoy,CN/C(S)=N/S(=O)(=O)c1cc(CCNC(=O)c2cc(Cl)ccc2OC)ccc1SC,CHEMBL12579
ACT_077,active,CCc1ccc2nc(Nc3cc(Cc4ccccc4)nc(N[C@H]4CC[C@H](O)CC4)n3)sc2c1,CHEMBL2441273
DEC_0495,decoy,Cc1[nH]cnc1CN1c2ccccc2CN(S(=O)(=O)c2ccc(Cl)c(Cl)c2)CC1CCc1ccccc1,CHEMBL8414
DEC_2491,decoy,CC(=O)[C@@H]1Cc2c(c(O)cc3c(=O)c4ccccc4oc23)[C@@H](OC2C[C@@H](NC(=O)C(F)(F)F)[C@@H](O)C(C)O2)C1,CHEMBL307619
DEC_3646,decoy,C=C1/C(=C\C=C2/CCC[C@@]3(C)C2CC[C@@H]3[C@H](C)CCCC(C)(C)O)C[C@@H](O)[C@@H](OCCCO)[C@@H]1O,CHEMBL435571
DEC_2358,decoy,O=C1[C@@H](NS(=O)(=O)c2nc3cc(Cl)ccc3[nH]2)CCN1Cc1cc2cc[nH]cc-2n1,CHEMBL8557
DEC_0973,decoy,CCCN(CC1CC1)c1nc(C)nc2c1sc(=O)n2-c1c(C)cc(C)cc1C,CHEMBL18590
DEC_3143,decoy,Cn1c(=O)c2c(nc3n(Cc4ccc(F)cc4)c(O)c(Cc4ccccc4)c(=O)n23)n(C)c1=O,CHEMBL13478
DEC_2076,decoy,CCCCc1nc2c(=O)[nH][nH]c(=O)c2n1Cc1ccc(-c2ccccc2-c2nn[nH]n2)cc1,CHEMBL267056
DEC_1856,decoy,C#C[C@]1(O)CCC2C3CCC4=CC(=O)CCC4=C3CCC21C,CHEMBL16523
DEC_2474,decoy,CC(C)(N)CC(=O)N[C@@H]1CS(=O)(=O)c2ccccc2N(Cc2ccc(-c3ccccc3-c3nn[nH]n3)cc2)C1=O,CHEMBL22816
DEC_1574,decoy,CN(C)Cc1cccc(CSCCNc2n[s+]([O-])nc2N)n1,CHEMBL9556
DEC_2037,decoy,CC(C)c1occc1S(=O)(=O)c1ccc(OCCCNC(C)(C)C)cc1,CHEMBL30954
DEC_2492,decoy,Nc1cc(C2=NOC(Cn3cccn3)(C(=O)Nc3ccc(-c4ccccc4S(N)(=O)=O)cn3)C2)ccc1Cl,CHEMBL267387
DEC_4183,decoy,Cc1cc(C(c2ccc(C(C)C)cc2)N2CCOCC2)sn1,CHEMBL22572
DEC_3335,decoy,CC(=O)c1ccc2c(c1)[C@@]13CCCC[C@H]1[C@@H](C2)N(CC1CCC1)CC3,CHEMBL17952
DEC_0572,decoy,COC(=O)N[C@@H](c1ccccc1)[C@@H](O)C(=O)OC1CC2C(C)(C)C1(C)[C@@]13C[C@H](C)c4ccccc4[C@@]21O3,CHEMBL283462
DEC_0226,decoy,C[C@@]12CCC3=C(CCO3)C1CC[C@@]13CC(CCC12)[C@@](O)(CO)C3,CHEMBL31114
DEC_1917,decoy,CCN(CC)c1ccc(Nn2c(C)ccc2C)nn1,CHEMBL11643
DEC_0883,decoy,C=C1/C=C(\C)[C@H](CC)OC(=O)[C@H](C)C(=O)[C@@](O)(CO)C/C(SC)=C/[C@@H](C)C1,CHEMBL32849
DEC_3208,decoy,CN1CC=C(c2c(O)cc(O)c3c(O)cc(-c4ccccc4)nc23)CC1,CHEMBL8424
DEC_1827,decoy,CCc1nc2cc(OC3CCN(C(C)=N)CC3)ccc2n1C/C=C/c1ccc(N)cc1,CHEMBL280342
DEC_0457,decoy,CN(C)c1ccc(C#C[C@]2(O)CCC3C4CCC5=CC(=O)CCC5=C4[C@@H](c4ccc(N(C)C)cc4)C[C@@]32C)cc1,CHEMBL72866
DEC_0462,decoy,CC1CC2C3C[C@H](F)C4=CC(=O)C=CC4(C)[C@@]3(Cl)C(Cl)CC2(C)[C@@]1(OC(=O)c1ccco1)C(=O)CCl,CHEMBL276148
DEC_1423,decoy,C=C1/C(=C\C=C2/CCC[C@]3(C)C([C@H](C)CC#CC(C)(C)O)=CC[C@@H]23)C[C@@H](O)C[C@@H]1O,CHEMBL284121
DEC_0557,decoy,CC(C)C1=CC2CC3(C=O)[C@@H]4CC[C@@H](C)[C@H]4CC2(CO[C@H]2CN(C4C=CCCC4)[C@H](C)CO2)[C@]13C(=O)O,CHEMBL287408
DEC_4061,decoy,Cc1cc(C)cc(-c2c(O)nc3cc(Cl)c([N+](=O)[O-])cc3c2OCCC2NCCc3ccccc32)c1,CHEMBL431344
DEC_0366,decoy,NC1=NC(c2cccs2)Cc2ccsc21,CHEMBL8041
DEC_1190,decoy,CCN1CC2(CCN(CCc3c[nH]c4ccccc34)CC2)OC1=O,CHEMBL281949
DEC_4251,decoy,CC[C@@]1(OC(=O)COc2ccc3c(c2)OCO3)C(=O)OCc2c1cc1n(c2=O)Cc2cc3ccccc3nc2-1,CHEMBL422039
DEC_4020,decoy,CCCCc1nc2ccc(CO)cc2c(=O)n1Cc1ccc(-c2ccccc2-c2nn[nH]n2)cc1,CHEMBL15214
DEC_3806,decoy,N[C@@H](CC1=CCCCc2onc(O)c21)C(=O)O,CHEMBL28472
DEC_0311,decoy,O=C1C=CC(c2[nH]c3ccccc3c2C2=CCNCC2)=NC1,CHEMBL281090
DEC_0369,decoy,Fc1cccc(F)c1N(CC1CC1)C1=NCCN1,CHEMBL278523
DEC_2470,decoy,CCN(CC)S(=O)(=O)N[C@@H]1c2cc3c(cc2[C@@H](c2cc(OC)c(O)c(OC)c2)[C@H]2C(=O)OC[C@@H]21)OCO3,CHEMBL76871
DEC_0400,decoy,CN1N=C(c2ccc3c(c2)CC(=O)N3)CCC1=O,CHEMBL37981
DEC_0380,decoy,CCc1nc2c([nH]1)N(CC(C)C)C1=NCCN1C2=O,CHEMBL279851
DEC_1684,decoy,CC(C)C1=CC2CC3(C=O)[C@@H]4CC[C@@H](C)[C@H]4CC2(CO[C@H]2C[C@@H]4OC[C@@H](C)[C@@H]4[C@@H](C)O2)C13C(=O)O,CHEMBL296692
DEC_2331,decoy,CC(C)c1cccc(C(C)C)c1OS(=O)(=O)NC(=O)Oc1c(C(C)(C)C)cc(CN(C)C)cc1C(C)(C)C,CHEMBL423290
DEC_1456,decoy,N=C(NC1CCC1)c1ccc(-c2ccc(-c3ccc(C(=N)NC4CCC4)cc3)o2)cc1,CHEMBL280419
DEC_1169,decoy,COC(=O)N[C@H](C(=O)N[C@@H](Cc1ccccc1)[C@@H](O)CN(CCC(C)C)NC(=O)[C@@H](NC(=O)OC)C(C)C)C(C)C,CHEMBL326347
DEC_3887,decoy,COOC1(OOC(C)(C)OC)CCCCCCCCCCC1,CHEMBL27680
DEC_3366,decoy,Cc1ccc2c(c1)N(C(=O)N1CCN[C@H](C)C1)Cc1c(C(=O)OC(C)(C)C)ncn1-2,CHEMBL274685
DEC_2237,decoy,CCn1cc(C(=O)O)c(=O)c2cc(F)c(N3CCN(CCO)CC3)cc21,CHEMBL29597
DEC_3628,decoy,Cc1coc2c(O)cc3c(c12)[C@H](CCl)CN3C(=O)c1cc2cc(NC(=O)c3cc4ccccc4s3)ccc2o1,CHEMBL80467
DEC_2073,decoy,CO[C@]12C=CC3(CC14CCC(C)(C)[C@H]4O)C1Cc4ccc(O)c5c4C3(CCN1CC1CC1)[C@@H]2O5,CHEMBL31030
DEC_3099,decoy,CC1CCC(/C=N/c2ccc(CC(=O)O)cc2)=C2NC=C(C(=O)O)C(=O)N21,CHEMBL21364
ACT_018,active,CO[C@H]1[C@@H](N(C)S(C)(=O)=O)C[C@@H]2O[C@@]1(C)n1c3ccccc3c3c4c(c5c6ccccc6n2c5c31)C(=O)NC4,CHEMBL131020
DEC_3005,decoy,COc1ccc(-c2csc(-c3cc(C(=N)N)sc3SC)n2)c(OC)c1,CHEMBL286267
DEC_1249,decoy,CO/N=C(\COCc1ccccc1C)C(CCN1CCC(O)(c2ccccc2)CC1)c1ccc(Cl)c(Cl)c1,CHEMBL417490
DEC_0381,decoy,C=C1C(=O)OC2CC3(C)CCCC(=O)C3CC12,CHEMBL274854
DEC_3186,decoy,C=CCNC(=N)Nc1nc(-c2ccc(CNC(C)=O)o2)cs1,CHEMBL281157
DEC_1652,decoy,COc1ccc2[nH]c3c(C)c4ccnc(NCCCN)c4c(C)c3c2c1,CHEMBL19138
DEC_3844,decoy,CC(=O)OC[C@@]1(O)C[C@@]23CCC4C5=C(CC[C@@]4(C)C2CCC1C3)OCC5,CHEMBL31113
DEC_3879,decoy,Cc1nn(-c2ccc(Cl)c([N+](=O)[O-])c2)c2nc3ccccc3c(O)c12,CHEMBL28382
DEC_3230,decoy,CC1CN(c2cc3c(cc2F)c(=O)c(C(=O)O)cn3C(C)C)CC(C)N1,CHEMBL15371
DEC_1263,decoy,O=C(O)[C@@H](CC1CCC1)N1C[C@H](CN2CCC(CCC(F)(F)c3ccc(F)cc3)CC2)[C@@H](c2ccccc2)C1,CHEMBL20622
DEC_1837,decoy,Cc1cc(OCC2CCCN(C(=N)N)C2)cc(OS(=O)(=O)c2ccccc2Cl)c1,CHEMBL41862
DEC_0665,decoy,Brc1cccc(Br)c1N(CC1CCC1)C1=NCCN1,CHEMBL20074
DEC_0021,decoy,O=C(Cn1c(Cl)cnc(NCC(F)(F)c2cccc[n+]2[O-])c1=O)NCc1ccccc1F,CHEMBL282837
DEC_4329,decoy,CCOC(=O)N[C@@H](c1cccs1)[C@@H](O)C(=O)OC1CC2C(C)(C)C1(C)[C@@]13C[C@H](C)c4ccccc4[C@@]21O3,CHEMBL416029
DEC_0315,decoy,CC(C)CCc1nc2c([nH]1)N1C[C@@H](C(C)C)N=C1N(C)C2=O,CHEMBL19157
DEC_0703,decoy,O=[N+]([O-])c1cccc(Cn2c3c(c4ccccc42)C[C@@]2(O)[C@H]4Cc5ccc(O)c6c5[C@@]2(CCN4CC2CC2)[C@H]3O6)c1,CHEMBL277291
DEC_3531,decoy,Nc1ccc(CN2C(=O)N(Cc3ccc4[nH]ncc4c3)[C@H](Cc3ccccc3)[C@H](O)[C@@H](O)[C@H]2Cc2ccccc2)cc1-c1cc[nH]n1,CHEMBL80182
DEC_0518,decoy,CC(C)N1CCC(c2ccccc2)(c2ccccc2)CC1,CHEMBL277382
DEC_1947,decoy,CSc1nccn1-c1ccc(C2=NNC(=O)CC2)cc1,CHEMBL31120
DEC_3690,decoy,Cc1cn(C2CC(N=[N+]=[N-])C(COP(=O)(NC(C)C)OCCSC(=O)C(C)(C)C)O2)c(=O)[nH]c1=O,CHEMBL298640
DEC_4376,decoy,CCOP(=O)(Cc1ccc(-c2nc3ccc(Br)cc3c(=O)n2CC)cc1)OCC,CHEMBL284561
DEC_1404,decoy,CCCCN1CC2(CCN(CCc3c[nH]c4ccccc34)CC2)OC1=O,CHEMBL27728
DEC_4556,decoy,COc1ccc(S(=O)(=O)N(Cc2ccccc2)c2c(OC(C)(C)C(=O)NO)cccc2C(=O)NO)cc1,CHEMBL80300
DEC_1049,decoy,CCCCn1ncc2c1nc(N)n1nc(-c3ccco3)nc21,CHEMBL17094
DEC_3576,decoy,CCCCOC(=O)N[C@@H](CCC(=O)N1CCC2(CC1)CCN(c1ccncc1)C2)C(=O)O,CHEMBL12537
DEC_4294,decoy,CC(=O)c1cccc(NC(=O)NCCCN2CC[C@H](Cc3ccccc3)C[C@@H]2[C@H](O)CC(C)C)c1,CHEMBL446144
DEC_1459,decoy,CC(C)c1cccc(C(C)C)c1NC(=O)NS(=O)(=O)N(C(C)C)C(C)C,CHEMBL284003
DEC_1470,decoy,CSc1sc(C(=N)N)cc1-c1nc(-c2csc3ccccc23)cs1,CHEMBL28875
DEC_1937,decoy,CCn1cc(-c2ccccc2NCC2=NCCN2)cn1,CHEMBL276733
DEC_0796,decoy,CCCc1cc(=O)oc2c3c(c4c(c12)OC(C)(C)C=C4)OC[C@H](C)C3=O,CHEMBL266748
DEC_2680,decoy,CCOC(=O)C(C)OC(=O)C1(C(=O)OC(C)C(=O)OCC)Oc2ccc(C[C@@H](C)NC[C@H](O)c3cccc(Cl)c3)cc2O1,CHEMBL58327
DEC_3199,decoy,CC(C)(C)NCC(O)COc1ccc(/C=C/CO)cc1Br,CHEMBL14241
DEC_0397,decoy,CN1C[C@H](CO)C=C2c3cccc4c3[C@@H](CN4)C[C@H]21,CHEMBL288480
DEC_0707,decoy,O=S1(=O)CC2(CCN(C[C@H]3CN(S(=O)(=O)c4ccccc4)C[C@@H]3c3ccccc3)CC2)c2ccccc21,CHEMBL431111
DEC_0344,decoy,Cc1ccccc1N1CCN(C2CCCCC2O)CC1,CHEMBL20481
DEC_3726,decoy,COC(=O)C(CSc1ccc2ccccc2c1)n1c(=O)n2n(c1=O)C(C(=O)NCc1ccc(N)nc1C)C=CC2,CHEMBL285874
DEC_3268,decoy,CC(C)c1cccc(C(C)C)c1NC(=O)Nc1nc2ccccc2n1-c1ccccc1Br,CHEMBL51736
DEC_3370,decoy,Cc1ccc2c(c1)N(C(=O)N1C[C@H](C)N[C@@H](C)C1)Cc1c(C(=O)OC(C)(C)C)ncn1-2,CHEMBL14997
DEC_2803,decoy,C[C@H](CCCC(C)(C)O)C1CCC2/C(=C/C3OOCC4=C3C[C@@H](O)CC4)CCCC21C,CHEMBL15752
DEC_3432,decoy,CCOC(=O)N[C@@H](c1ccc(OC)cc1)[C@@H](O)C(=O)OC1CC2C(C)(C)C1(C)[C@@]13C[C@H](C)c4ccccc4[C@@]21O3,CHEMBL287102
DEC_0695,decoy,O=[N+]([O-])c1ccccc1Cn1c2c(c3ccccc31)C[C@@]1(O)[C@H]3Cc4ccc(O)c5c4[C@@]1(CCN3CC1CC1)[C@H]2O5,CHEMBL300071
DEC_0673,decoy,CCCc1cc(=O)oc2c3c(c4c(c12)OC(C)(C)C=C4)O[C@H](CC)[C@@H](C)C3=O,CHEMBL7633
DEC_1460,decoy,CC(Nc1ccc(Cl)cc1C(=O)c1ccc(Br)cc1)C(=O)O,CHEMBL26933
DEC_3235,decoy,Nc1nc(N)c2nc(Sc3cc(Cl)c(Cl)cc3Cl)cnc2n1,CHEMBL6465
DEC_3775,decoy,CN1[C@@H]2CC[C@H]1C[C@H](N(c1ccccc1)c1ccc(C(=O)OC(C)(C)C)cc1)C2,CHEMBL12680
DEC_1891,decoy,CC[C@@H]1[C@@H](C)C(=O)CC23CCN(C)C(Cc4ccc(O)cc42)[C@@H]13,CHEMBL33983
DEC_3773,decoy,NS(=O)(=O)c1ccc(-n2nc(C(F)(F)F)cc2-c2csc3ccccc23)cc1,CHEMBL29397
DEC_0984,decoy,CC(C)(C)c1cccc(C(C)(C)C)c1OC(=O)NS(=O)(=O)Oc1c(C(C)(C)C)cccc1C(C)(C)C,CHEMBL22725
DEC_4402,decoy,CCCCc1nc2ccc(C)cc2c(=O)n1Cc1ccc(-c2ccccc2-c2nn[nH]n2)cc1,CHEMBL422756
DEC_1656,decoy,C/C=C\COC1(C(F)(F)F)OC(=O)Nc2ccc(Cl)cc21,CHEMBL17567
DEC_3877,decoy,CN(C)C(=O)N1Cc2c(C(=O)OC(C)(C)C)ncn2-c2ccc(Cl)cc21,CHEMBL277110
DEC_2182,decoy,C=CCC1Oc2ccc(F)c(OC)c2-c2ccc3c(c21)C(C)=CC(C)(C)N3,CHEMBL7988
DEC_1850,decoy,CC1(C)Oc2ccc(C#N)cc2[C@@H](N(Cc2ncc[nH]2)c2ccc(Cl)cc2)[C@@H]1O,CHEMBL11859
DEC_4112,decoy,CCCCN(C1=NCCN1)c1c(Br)cccc1Br,CHEMBL20093
DEC_0481,decoy,Cc1[nH]cnc1CN1c2ccccc2CN(S(=O)(=O)c2ccc(C(C)(C)C)cc2)CC1CCc1ccccc1,CHEMBL8153
DEC_2607,decoy,CCCCCCNS(=O)(=O)NC(=O)Oc1c(C(C)(C)C)cc(C)cc1C(C)(C)C,CHEMBL21687
DEC_0158,decoy,C[C@@H](N)Cc1c2c(c(Br)c3c1OCC3)OCC2.Cl,CHEMBL6710
DEC_0453,decoy,Cc1cc(CP(=O)(O)O)cc(C(=O)O)n1,CHEMBL282794
DEC_1776,decoy,CC1=CC2[C@H](C(O)CC3(C)[C@H]2C[C@@H](C)[C@]3(O)C(=O)CO)C2(C)Cc3cnn(-c4ccccc4)c3C=C12,CHEMBL279092
DEC_0383,decoy,O=C1CCC(c2ccc(-n3ccnc3)cc2)=NN1,CHEMBL12831
DEC_0482,decoy,O=c1c2c(oc(O)c1C(c1cccc(NS(=O)(=O)c3ccc(OC(F)(F)F)cc3)c1)C1CC1)CCCCCC2,CHEMBL16039
ACT_059,active,Cc1nnc2n1N=C(c1ccccc1OCCNCCCNCCOc1ccccc1C1=Nn3c(C)nnc3SC1)CS2,CHEMBL5275672
DEC_1705,decoy,CCCCc1nc2ccc(N(C)C)cc2c(=O)n1Cc1ccc(-c2ccccc2-c2nn[nH]n2)cc1,CHEMBL25000
DEC_1786,decoy,O=C1[C@H]2Cc3c([nH]c4ccccc34)[C@@H](c3ccc(O)nc3)N2C(=O)CN1[C@@H]1CCN(Cc2ccccc2)C1,CHEMBL34169
DEC_0073,decoy,CC(C)(O)CC(=O)c1cc2c(c(C(C)(C)C)c1)OCCC2,CHEMBL15111
DEC_2670,decoy,Cc1ccc(S(=O)(=O)OCCOCCOCCN[C@@H]2CC[C@@]3(O)C4Cc5ccc(O)c6c5C3(CCN4CC3CC3)[C@H]2O6)cc1,CHEMBL353824
DEC_0425,decoy,CC1=NS(=O)(=O)c2cc(Cl)cnc2N1,CHEMBL442260
DEC_1741,decoy,CC(C)(C(=O)O)c1cc(Br)c(O)c(-c2[nH]c3ccc(C(=N)N)cc3c2Cc2ccccc2)c1,CHEMBL51338
DEC_1931,decoy,CC(C)OP(=O)(O)Oc1ccccc1C=O,CHEMBL26438
DEC_0892,decoy,Oc1nc2ccc(C#CCN3CCC(O)(Cc4ccc(F)cc4)CC3)cc2o1,CHEMBL19952
DEC_3599,decoy,CCOC(=O)C(CCCCn1cnc2c1NC=NCC2O)c1cccc(Br)c1,CHEMBL34848
DEC_4140,decoy,CC(=O)C1(O)CCC2C3CCC4=CC(=O)CCC4(C)C3CCC21C,CHEMBL285584
DEC_3489,decoy,COc1cc2cc(C(=O)N3CC(CCl)c4c3cc(N)c3ccccc43)[nH]c2c(OC)c1OC,CHEMBL37705
DEC_2960,decoy,O=c1c(-c2ccc(O)cc2O)coc2cc(O)cc(O)c12,CHEMBL6665
DEC_3169,decoy,C=C(c1cc(C)cc(C)c1OCC(O)CNC(C)C)n1ccnc1,CHEMBL15121
DEC_2454,decoy,COC(=O)C(CSc1ccc(C(C)(C)C)cc1)n1c(=O)n2n(c1=O)C(C(=O)NC[C@H]1CC[C@H](N)CC1)C=CC2,CHEMBL32335
DEC_1548,decoy,OC(Cn1cncn1)(c1ccc(Cl)cc1Cl)C(O)(c1ccc(F)cc1)c1cccs1,CHEMBL275068
DEC_4318,decoy,CCCN1N=C2/C(=C/c3cccc(C(F)(F)F)c3)CS(=O)(=O)CC2C1c1cccc(C(F)(F)F)c1,CHEMBL289280
DEC_1636,decoy,COc1nnc(-c2cc(C(C)(C)C)c(O)c(C(C)(C)C)c2)s1,CHEMBL16881
DEC_3367,decoy,Cc1ccc2c(c1)N(C(=O)N1CCN[C@@H](C)C1)Cc1c(C(=O)OC(C)(C)C)ncn1-2,CHEMBL274914
DEC_4223,decoy,Cc1ccc2c(=O)oc(Nc3ccccc3I)nc2c1,CHEMBL10248
DEC_2072,decoy,CC(C)CCn1c(=O)c2nc(-c3ccc(S(=O)(=O)O)cc3)[nH]c2n(CC(C)C)c1=O,CHEMBL279688
DEC_1253,decoy,CC(CCC(O)(c1ccccc1)c1ccccc1)(c1ccc(O)cc1)c1ccc(O)c(CN2CCCCCC2)c1,CHEMBL78546
DEC_4404,decoy,CC(C)(C)C(=O)c1ccc(C(=O)O/C(=N\OCCCC(=O)O)c2ccc(C(=O)C(C)(C)C)cc2)cc1,CHEMBL436347
DEC_3794,decoy,O=P(O)(O)ON1C=CC=C2C=CC=C(O)C21,CHEMBL285665
DEC_0952,decoy,CO[C@]1(c2cnc(Sc3ccc(/C(C)=N/O)cc3)s2)CCO[C@@H](C)C1,CHEMBL25348
DEC_0931,decoy,CCOc1c(Br)cc(-c2c(N)nc(N)nc2CC)cc1Br,CHEMBL22271
DEC_4264,decoy,CO[C@H]1[C@@H]2OC[C@H]1O[C@@H]1[C@H]2n2c3ccc([N+](=O)[O-])cc3c3c4c(c5c6cc([N+](=O)[O-])ccc6n1c5c32)C(=O)NC4=O,CHEMBL285340
DEC_0467,decoy,CC(=O)[C@@]12OC(C)(c3ccc(C(=O)c4ccccc4)cc3)O[C@@H]1CC1C3CCC4=CC(=O)CC[C@]4(C)C3CC[C@@]12C,CHEMBL275974
DEC_3882,decoy,Nc1nc2ccc(Cl)cc2c2nc(-c3ccc(Br)o3)nn12,CHEMBL7266
DEC_0602,decoy,CCNC(=O)N[C@@H](c1ccccc1)[C@@H](O)C(=O)OC1CC2C(C)(C)C1(C)[C@@]13C[C@H](C)c4ccccc4[C@@]21O3,CHEMBL286608
DEC_4521,decoy,CCCCN(C(=O)CC(=O)O)c1ccc(N2CCC(NC[C@H](O)c3ccc(O)c(NS(C)(=O)=O)c3)CC2)cc1,CHEMBL418600
DEC_1874,decoy,Cc1cc2c(s1)CNCC2c1ccc(Br)cc1,CHEMBL15953
DEC_0375,decoy,CC(C)N1CCN(c2cccc3ccoc23)CC1,CHEMBL26819
DEC_1862,decoy,C#C[C@]1(O)CCC2C3CCC4=CC(=O)CCC4C3CC[C@@]21C,CHEMBL266115
DEC_2420,decoy,CC1(N)CCN(c2cc3c(cc2F)c(=O)c(C(=O)O)cn3C(C)(C)C)C1,CHEMBL25916
DEC_2874,decoy,CCOP(=O)(OCC)Oc1ccc([N+](=O)[O-])cc1.CN1C=C(OC(=O)N(C)C)C=CC1,CHEMBL43081
DEC_0817,decoy,CCCc1cc(=O)oc2c3c(c4c(c12)OC(C)(C)C=C4)OC[C@H](C)[C@H]3O,CHEMBL269062
DEC_0060,decoy,CC(C)(C)C1CSC(C2=CC(=O)C=CC2=[N+]=[N-])SC1,CHEMBL31906
DEC_3903,decoy,CCCNC(C)Cc1cc(OC)c(Br)cc1OC,CHEMBL18762
DEC_2556,decoy,CCC1CCC(NC(=O)N(CCF)N=O)CC1,CHEMBL274792
ACT_005,active,Cn1ncc2c([C@H](Nc3cc(C#N)c4ncc(C#N)c(NCC(C)(C)C)c4c3)C3=CN(Cc4c(F)cccc4F)NN3)cccc21,CHEMBL5761151
DEC_4245,decoy,CN1CCN(c2nc3ccc(NS(=O)(=O)c4cccc(C(F)(F)F)c4)cc3nc2N2CCN(C)CC2)CC1,CHEMBL303371
DEC_4319,decoy,CO[C@@H]1C(=O)N([C@@H](C2SCCCS2)C2OC(C)(C)OC2C2COC(C)(C)O2)[C@@H]1/C(C)=C/c1ccccc1,CHEMBL314222
DEC_1224,decoy,CN(CC#CCCC1(C2(O)c3ccccc3Sc3ccccc32)SCCCS1)CCCc1ccccc1,CHEMBL287759
DEC_2964,decoy,Cc1cc(O)c2c(c1O)C(=O)c1cc(O)cc(O)c1C2=O,CHEMBL29860
DEC_4460,decoy,Cc1cc(Nc2ccc(SCC(=O)O)cc2)c2c(ccc3c[nH]nc32)n1,CHEMBL286265
DEC_1530,decoy,CCN(CC)CC#CCCCC1(C(O)(c2ccccc2)c2ccccc2)SCCCS1,CHEMBL39666
DEC_4436,decoy,CC1(O)OC(=O)C(c2ccc(F)c(F)c2)=C1c1ccc(S(C)(=O)=O)cc1,CHEMBL280009
DEC_2345,decoy,COc1cc2c(cc1OCCCC(=O)N1C[C@H](CCl)c3c1cc(O)c1ccccc31)N=C[C@@H]1CCCN1C2=O,CHEMBL432909
DEC_0772,decoy,NC1=NC(c2ccccc2)Cc2sccc21,CHEMBL416696
DEC_4059,decoy,Cn1cncc1C(O)(c1ccc(Cl)cc1)c1cc2c3c(c1)c(-c1cccc(Cl)c1)cc(=O)n3CO2,CHEMBL39274
DEC_1364,decoy,C=C(C)[C@H]1Cc2c(ccc3c2OC2COc4cc(OC)c(OC)cc4C2/C3=N/OC(C)=O)O1,CHEMBL267120
DEC_4001,decoy,CCCCc1nc2ccc(COC)cc2c(=O)n1Cc1ccc(-c2ccccc2-c2nn[nH]n2)cc1,CHEMBL14951
DEC_2058,decoy,N.NS(=O)(=O)c1cc(S(=O)(=O)O)c(NCc2ccco2)cc1Oc1ccccc1,CHEMBL279650
ACT_027,active,O=C1Nc2ccc(I)cc2C1=Cc1cc(Br)c(O)c(Br)c1,CHEMBL1880739
DEC_3617,decoy,O=C(Nc1cccc(Cl)c1)N1CCN(C(=O)c2ccc(Nc3ccnc4cc(C(F)(F)F)ccc34)cc2)CC1,CHEMBL286512
DEC_1196,decoy,OC(c1ccccc1)(c1ccccc1)c1noc(C2CN3CCC2CC3)n1,CHEMBL14490
DEC_3462,decoy,CCN(CC)C/C=C/c1nc(O)c2c(ccc3nc(Nc4c(Cl)cccc4Cl)n(C)c32)c1C,CHEMBL281957
DEC_2305,decoy,COC(=O)CCC(O[C@H]1O[C@@H]2OC3(C)CC[C@H]4[C@H](C)CCC([C@H]1C)C24OO3)c1ccc(Br)cc1,CHEMBL31799
DEC_0814,decoy,O=C(O)C1Cc2cc3c(-c4ccccc4F)noc3c(Br)c2O1,CHEMBL7975
DEC_2687,decoy,CCCCOC(=O)CCC(NC(=O)c1cc(Cl)c(N(C)Cc2cnc3nc(N)nc(N)c3n2)c(Cl)c1)C(=O)OCCCC,CHEMBL285173
DEC_2086,decoy,O=C1[C@@H](NS(=O)(=O)c2ccc(-c3ccccn3)s2)CCN1Cc1cc2c[nH]ccc-2n1,CHEMBL266690
DEC_4299,decoy,O=C(O)Cc1ccccc1CC1C2CCC(O2)C1c1nc(C(=O)NCCCCC2CCCCC2)co1,CHEMBL31043
DEC_0839,decoy,N[C@@H](C(=O)N[C@@H]1C(=O)N2C(C(=O)O)=C(C3CC3)OC[C@H]12)c1ccc(O)cc1,CHEMBL18948
ACT_095,active,C=CC(=O)NCCOc1cc(Cc2ccccc2)cc2[nH]c(-c3n[nH]c4cc(C(F)F)ccc34)cc12,CHEMBL4646281
DEC_4433,decoy,CCc1noc(NS(=O)(=O)c2cccc3c(N(C)C)cccc23)c1C,CHEMBL27344
DEC_1960,decoy,COc1ccc(NS(=O)(=O)c2sc3ccc(Cl)cc3c2C)cc1N1CCN2CCC[C@H]2C1,CHEMBL29433
DEC_4235,decoy,COC(=O)[C@H]1[C@@H](C)O[C@@]2(C)CC(=O)C3OC12OC([C@H](C)/C=C(C)/C=C/C(O)=C1\C(=O)CN(C)C1=O)C3C,CHEMBL268018
DEC_3735,decoy,Cc1cn(C2C=CC(COP(=O)(NC(C)C(=O)OCc3ccccc3)Oc3ccccc3)O2)c(=O)[nH]c1=O,CHEMBL18099
DEC_3027,decoy,CCN(CC)CC#CCCCCC1(C2(O)c3ccccc3Oc3ccccc32)SCCCS1,CHEMBL417889
DEC_3053,decoy,COc1ccc(NS(=O)(=O)c2sc3ccc(Cl)cc3c2C)cc1N1CCN2CCCCC2C1,CHEMBL29410
DEC_0421,decoy,CC1(C)S[C@@H]2[C@H](S)C(=O)N2[C@H]1C(=O)O,CHEMBL24351
DEC_3359,decoy,C[C@]12CCC(=O)C=C1NCC1C2CC[C@@]2(C)C1CC[C@@H]2C(=O)N1CCOCC1,CHEMBL24291
DEC_1211,decoy,CC(C)N1CC2(CCN(CCc3c[nH]c4ccccc34)CC2)OC1=O,CHEMBL431883
DEC_1153,decoy,CCSCCN(CC(=O)O)C(=O)C(CCCN=C(N)N)NS(=O)(=O)c1ccc2cc(OC)c(OC)cc2c1,CHEMBL24617
DEC_0799,decoy,COc1c(Cl)c(OCC(F)(F)F)nc(C(Cl)(Cl)Cl)c1Cl,CHEMBL11565
DEC_0286,decoy,Cc1cc(/C=C/c2ccccc2OCC(O)CNC(C)(C)CCc2ccc(O)cc2)on1,CHEMBL34939
DEC_0645,decoy,CC(C)(C)C1CSC(C2=CC(=O)C(Br)=CC2=[N+]=[N-])SC1,CHEMBL31975
DEC_3943,decoy,O=C1NC(=O)C(CC#Cc2ccc(Cl)cc2)(S(=O)(=O)c2ccc3ccccc3c2)S1,CHEMBL275071
DEC_4075,decoy,Cc1nc(O)c2c(cc(-c3ccc(F)nc3F)c3nc(Nc4c(Cl)cccc4Cl)n(C)c32)c1C,CHEMBL26625
DEC_1034,decoy,CCN[C@H]1C[C@@H](CC)S(=O)(=O)c2sc(S(N)(=O)=O)cc21,CHEMBL9660
DEC_1697,decoy,COC(=O)CCC(O[C@@H]1O[C@@H]2OC3(C)CC[C@H]4[C@H](C)CCC([C@H]1C)C24OO3)c1ccc(OC)cc1,CHEMBL283821
DEC_2866,decoy,Cc1cc(CC#N)cc(-c2c(O)nc3cc(Cl)c([N+](=O)[O-])cc3c2OCCC2CCCCN2)c1,CHEMBL298278
DEC_3172,decoy,O=C(O)c1cccc(C[C@H]2CC[C@H]3CN[C@H](C(=O)O)C[C@H]3C2)c1,CHEMBL16589
DEC_3410,decoy,C=C1[C@@H](OC(C)=O)C[C@H](OC(C)=O)[C@@]2(C)[C@@H](O)[C@H](OC(C)=O)C3=C(C)CC[C@@H]([C@@H](OC(=O)CCCC)[C@H]12)C3(C)C,CHEMBL307170
DEC_2053,decoy,C[C@@H](O)[C@H]1C(=O)N2C(C(=O)O)=C(S[C@@H]3CN[C@H](CSc4ccccc4)C3)[C@H](C)[C@H]12,CHEMBL277818
DEC_4316,decoy,C#CCN1N=C2/C(=C/c3cccc(C(F)(F)F)c3)CS(=O)(=O)CC2C1c1cccc(C(F)(F)F)c1,CHEMBL289905
DEC_1921,decoy,Cc1ccc(C)n1Nc1ccc(N2CCSCC2)nn1,CHEMBL273534
DEC_4560,decoy,CSCC[C@@H](NC(=O)CN1C(=O)[C@H](N(C)C(=O)[C@@H](N)CS)N=C(c2ccccc2)c2ccccc21)C(=O)O,CHEMBL26816
DEC_2070,decoy,COc1cc([C@@H]2c3[nH]c4ccccc4c3C[C@H]3C(=O)N4CCC[C@H]4C(=O)N23)cc(OC)c1O,CHEMBL277043
DEC_1071,decoy,CCCSc1c2c(nc(N)n3nc(-c4ccco4)nc23)nn1C,CHEMBL280888
DEC_3659,decoy,CSc1ccc(-c2ccc(S(=O)(=O)NC(CC#Cc3ccccc3)C(=O)O)cc2)cc1,CHEMBL10671
DEC_3142,decoy,O=C(O)Cn1c(=O)c2cc([N+](=O)[O-])ccc2n(Cc2ccc(Br)cc2F)c1=O,CHEMBL37619
DEC_3990,decoy,CCCCc1nc2ccn(CC(N)=O)c(=O)c2n1Cc1ccc(-c2ccccc2-c2nn[nH]n2)cc1,CHEMBL297358
DEC_1642,decoy,Cc1noc(NS(=O)(=O)c2cccc3c(N)cccc23)c1C,CHEMBL30039
DEC_2478,decoy,COc1cc([C@@H]2c3cc4c(cc3[C@@H](NS(=O)(=O)CCCCl)[C@H]3COC(=O)[C@H]23)OCO4)cc(OC)c1O,CHEMBL80846
DEC_1629,decoy,CC(C)(O)CC(=O)c1cc(C(C)(C)C)c2c(c1)C(C)(C)CCO2,CHEMBL274717
DEC_0443,decoy,COC1(C2=NCCN2)COc2ccccc2O1,CHEMBL10332
DEC_2094,decoy,CN/C(S)=N/S(=O)(=O)c1cc(CCNC(=O)c2cc(Cl)ccc2OC)ccc1C,CHEMBL12411
DEC_3187,decoy,CC1=CC(C)(C)N(C)c2ncc(/C=C/C(C)=C\C=N\N=C(/N)S)cc21,CHEMBL7648
DEC_2485,decoy,Nc1cc(C2=NOC(Cn3cncn3)(C(=O)Nc3ccc(-c4ccccc4S(N)(=O)=O)cn3)C2)ccc1Cl,CHEMBL7676
DEC_0163,decoy,CN(C=O)[C@H]1CCC2C3CC[C@H]4NC(=O)C=C[C@]4(C)C3CC[C@@]21C,CHEMBL277563
DEC_1777,decoy,Cc1cc(Br)c2ncn([C@H](C)[C@](O)(Cn3cncn3)c3ccc(F)cc3F)c(=O)c2c1,CHEMBL56212
DEC_0359,decoy,CSc1nsnc1C1=C(C)CCN(C)C1,CHEMBL279105
DEC_2557,decoy,FCC1Cc2ccc(Br)cc2CN1,CHEMBL39928
DEC_1700,decoy,Cc1noc(NS(=O)(=O)c2ccccc2-c2ccc(-c3ncco3)cc2CNc2ccncn2)c1C,CHEMBL29464
DEC_4463,decoy,O=C(Nc1cn(-c2cccc(C(F)(F)F)c2)cn1)ON1C(=O)CCC1=O,CHEMBL24420
DEC_2112,decoy,CC(C)C1=CC2CC3(C=O)[C@@H]4CC[C@@H](C)[C@H]4CC2(CO[C@@H]2O[C@H](C)[C@H]4OC(C)(C)O[C@H]4[C@@H]2O)C13C(=O)O,CHEMBL21658
DEC_3009,decoy,COC1(c2cc(F)cc(Sc3ccc4c(c3)OCC/C4=N\O)c2)CCOCC1,CHEMBL24358
DEC_3687,decoy,Cc1cn(C2CC(N=[N+]=[N-])C(COP(=O)(NC(C)(C)C)OCCSC(=O)C(C)(C)C)O2)c(=O)[nH]c1=O,CHEMBL295547
DEC_1239,decoy,Cc1cc(C)cc(Oc2cccc(N(Cc3cccc(OC(F)(F)C(F)F)c3)CC(O)C(F)(F)F)c2)c1,CHEMBL433103
DEC_1906,decoy,N#CC1CCN(CCCN2CCC(C#N)CC2)CC1,CHEMBL10298
DEC_4276,decoy,CCCCc1ncc(/C=C(\Cc2cccs2)C(=O)O)n1Cc1cc(Cl)c(C(=O)O)cc1Cl,CHEMBL56574
DEC_1302,decoy,CC(NC(=O)OC(C)(C)C)C(=O)OCO/C(=C1/C(=O)N(C(N)=O)c2cc(Cl)c(F)cc21)c1cccs1,CHEMBL50580
DEC_0485,decoy,CC(C)(C)c1ccc(S(=O)(=O)N2Cc3ccccc3N(Cc3c[nH]cn3)C(CCc3ccccc3)C2)cc1,CHEMBL8332
DEC_2088,decoy,CC(C)C[C@H](CN(O)C=O)C(=O)N[C@H]1Cc2cn(c3ccccc23)CCCCCCNC1=O,CHEMBL30980
DEC_1617,decoy,Cc1cc(C)cc(Sc2c(C(C)C)c(=O)[nH]c(=O)n2COCCO)c1,CHEMBL276108
DEC_2811,decoy,C=C1/C(=C\C=C2/CCCC3(C)C2CCC3[C@@H](C)CCCCC(C)(C)O)C[C@@H](O)C[C@@H]1O,CHEMBL285507
DEC_2933,decoy,O=S(=O)(c1nc(-c2ccc(F)cc2)c(-c2ccc(F)cc2)[nH]1)C(F)(F)F,CHEMBL18235
DEC_1233,decoy,CO/N=C(\COCC1CCCCC1)C(CCN1CCC(O)(c2ccccc2)CC1)c1ccc(Cl)c(Cl)c1,CHEMBL32533
DEC_2889,decoy,C=C(C)[C@H](C(=O)OC(C)(C)C)N1C(=O)/C(=C/C(C)=O)[C@H]1SSc1nc2ccccc2s1,CHEMBL37582
DEC_3615,decoy,Cc1coc2c(O)cc3c(c12)[C@H](CCl)CN3C(=O)c1cc2cc(NC(=O)c3cc4ccccc4s3)ccc2[nH]1,CHEMBL79039
DEC_2178,decoy,CC1(C)CCC(C)(C)c2cc3c(cc21)C=C(c1ccc(C(=O)O)cc1)C3,CHEMBL13001
DEC_3014,decoy,CC(C)c1ccccc1Sc1c(O)cc(-c2cccc(C(=O)O)c2)oc1=O,CHEMBL13037
DEC_0728,decoy,CCCC(=O)O.C[C@@H]1CN(C(=O)N2Cc3c(C(=O)OC(C)(C)C)ncn3-c3ccc(Cl)cc32)C[C@H](C)N1,CHEMBL276144
DEC_1808,decoy,CC(C)c1ccc(C(c2cccs2)c2ccc(C(C)C)cc(=O)c2O)c(O)c(=O)c1,CHEMBL280452
DEC_0554,decoy,C=C1/C(=C\C=C\[C@@H]2CC[C@](C)(CCCCC(O)(C(F)(F)F)C(F)(F)F)C2(C)C)C[C@@H](O)C[C@@H]1O,CHEMBL43684
DEC_2271,decoy,Cc1cc(CCCCCOc2c(Cl)cc(C3=NCCO3)cc2C(C)(C)C)on1,CHEMBL277837
DEC_1767,decoy,COc1cccc2c1CC[C@H]1CN(CCn3c(=O)[nH]c4c(sc5cccc(OC)c54)c3=O)C[C@@H]21,CHEMBL41344
DEC_0276,decoy,CCCCC(=O)N[C@@H](CCC(=O)N1CCC(CCCC2CCNCC2)CC1)C(=O)O,CHEMBL30710
DEC_0470,decoy,CCSc1ccnc(C[S+]([O-])c2nc3ccccc3n2C(=O)OC(C)(C)C(Cl)(Cl)Cl)c1C,CHEMBL9964
DEC_1476,decoy,CC(C)(C)COP(=O)(CCCCC1(C(=O)NCC(F)(F)F)c2ccccc2-c2ccccc21)OCC(C)(C)C,CHEMBL282564
DEC_2863,decoy,Cc1noc(NS(=O)(=O)c2ccccc2-c2ccc(-c3ncco3)cc2CC(=O)N(C)C)c1C,CHEMBL281668
DEC_2302,decoy,COc1cc(NC(C)CCCN)c2nccc(C)c2c1OCC1CCCCC1,CHEMBL18760
DEC_4423,decoy,Cc1ccc2nc(Cn3nc(CC(=O)O)c4ccccc4c3=O)sc2c1F,CHEMBL20365
DEC_0546,decoy,CN[C@@H]1CC[C@@H](c2ccc(Cl)cc2)c2ccccc21,CHEMBL37714
DEC_3001,decoy,CCOC(=O)/C(=N\O)c1ccc(Sc2cc(F)cc(C3CCOCC3)c2)cc1,CHEMBL279746
DEC_0923,decoy,CC1CCC(=NNc2ccc(Cl)c(Cl)c2)c2ncc(C(=O)O)c(=O)n21,CHEMBL275209
DEC_4293,decoy,CC(Cc1c[nH]c2ccccc12)(NC(=O)OC1[C@H]2C[C@@H]3C[C@@H](C[C@H]1C3)C2)C(=O)NCCc1ccccc1,CHEMBL291033
DEC_3664,decoy,CCc1nc2c(n1Cc1ccc(-c3ccccc3-c3nn[nH]n3)cc1)CCCC/C2=C\C(=O)O,CHEMBL42070
DEC_0256,decoy,COC(=O)CC/C=C\CC[C@H]1C(=O)C[C@@H](O)[C@@H]1/C=C/CC(C)(O)CCC1CCCC1,CHEMBL6422
DEC_2067,decoy,COCC#CCC(NS(=O)(=O)c1ccc(-c2ccc(Br)cc2)cc1)C(=O)O,CHEMBL10809
DEC_2718,decoy,S=C(Nc1ccc(Cl)cc1Cl)OC(Cn1ccnc1)c1ccc(Cl)cc1Cl,CHEMBL269080
DEC_2841,decoy,COc1ccc(C(c2ccc(C(C)C)cc(=O)c2O)n2c(=S)oc3ccccc32)cc1,CHEMBL8358
DEC_0693,decoy,N#Cc1ccc2cc1Oc1ccc3cccc(c3c1)NC(=O)[C@@H](Cc1ccccc1)NC(=O)Cc1cncn1C2,CHEMBL52610
DEC_3013,decoy,CC(C)c1ccccc1Sc1c(O)cc(-c2cccc(N(C)C)c2)oc1=O,CHEMBL12884
DEC_0660,decoy,CCc1nc2c(C)cc(C)nc2n1Cc1ccc(-c2ccoc2-c2nn[nH]n2)cc1,CHEMBL14229
DEC_0738,decoy,Cc1c(C)c2c(c(C)c1O)SC(CCC(N)=O)O2,CHEMBL36936
DEC_2658,decoy,C=CCn1c(=O)n(C2OC(COC(=O)CCC)[C@@H](OC(=O)CCC)[C@H]2OC(=O)CCC)c2nc(NC(=O)CCC)nc(O)c21,CHEMBL116603
DEC_1664,decoy,NC(=O)C1Cc2cc3c(-c4ccccc4F)noc3c(Cl)c2O1,CHEMBL7783
DEC_1174,decoy,Cc1noc(NS(=O)(=O)c2ccc3cccc(N(C)C)c3c2)c1C,CHEMBL29705
DEC_2177,decoy,CSc1nnc(-c2cc(C(C)(C)C)c(O)c(C(C)(C)C)c2)s1,CHEMBL12532
DEC_2688,decoy,CCCC(C)NC(=O)OCC1CN(C(=O)c2cc(OC)c(OC)c(OC)c2)CCN1C(=O)c1cc(OC)c(OC)c(OC)c1,CHEMBL269133
DEC_3363,decoy,CC[C@@]1(O)C(=O)OCc2c1cc1n(c2=O)Cc2c-1nc1cnc(C#N)cc1c2C,CHEMBL13998
DEC_1208,decoy,O=C(O)C1Cc2cc3c(-c4ccc(O)cc4)noc3c(Cl)c2O1,CHEMBL7974
ACT_054,active,Cc1n[nH]c2c1C(c1ccccc1Br)c1c(ncn(N)c1=N)O2,CHEMBL5196209
DEC_2179,decoy,CCCSc1nnc(-c2cc(C(C)(C)C)c(O)c(C(C)(C)C)c2)o1,CHEMBL276526
DEC_3580,decoy,CCc1cc(C(C)=O)c(O)cc1OCc1cncc(C(=O)Nc2nc(CC(=O)O)cs2)n1,CHEMBL287089
DEC_1706,decoy,Cc1noc(NS(=O)(=O)c2ccccc2-c2ccc(-c3ncco3)cc2Cc2ncco2)c1C,CHEMBL29598
DEC_3337,decoy,O=C(NCCc1c2n(c3ccccc13)CCc1ccccc1-2)C1CCC1,CHEMBL9950
DEC_4365,decoy,O=C1CN(Cc2cncn2Cc2ccc(-c3ccc(C(F)(F)F)cc3)nc2)CCN1c1cccc(Cl)c1,CHEMBL23163
DEC_1529,decoy,CCCCc1nc2c(n1Cc1ccc(-n3cccc3-c3nn[nH]n3)cc1)/C(=C/C(=O)O)CCCC2,CHEMBL443000
DEC_4498,decoy,CCOC(=O)c1ccc(N/C(S)=N/c2ccc3c(c2)C(C)(C)CC(C)(C)O3)cc1,CHEMBL7573
DEC_0118,decoy,CC(C)(C)OC(=O)Nc1cccc(-c2ccc(C(=O)N[C@@H](CCCN=C(N)N)B3O[C@@H]4CC5CC(C5(C)C)[C@]4(C)O3)s2)c1,CHEMBL276881
DEC_4040,decoy,Cc1cc(SC2=C(O)OC(CCc3ccc(O)cc3)(CC(C)C)CC2=O)c(C(C)(C)C)cc1N,CHEMBL287118
DEC_1806,decoy,C=C1CCC2[C@](C)(CCC[C@]2(C)C(=O)OC)[C@H]1CCC12Cc3c(O)ccc(O)c3CC1O2,CHEMBL281377
DEC_1692,decoy,CC(C)C1=CC2CC3(C=O)[C@@H]4CC[C@@H](C)[C@H]4CC2(CO[C@H]2CN(CC4CC4)[C@H](C)CO2)[C@]13C(=O)O,CHEMBL281987
DEC_0668,decoy,Brc1cccc(Br)c1N(CC1CCCC1)C1=NCCN1,CHEMBL277652
DEC_0145,decoy,Cc1nc2ccc(NC(=O)NC(C)C)cc2c(=O)n1Cc1ccc(-c2ccccc2S(=O)(=O)NC(=O)OCCC(C)C)cc1F,CHEMBL194608
DEC_0161,decoy,CC1(C)C[C@H]2[C@@H]3OC(C)(C)O[C@@H]3CC[C@@]2(COS(N)(=O)=O)C1,CHEMBL26585
DEC_3357,decoy,CCc1c2c(nc3cnc(C#CCN)cc13)-c1cc3c(c(=O)n1C2)COC(=O)[C@]3(O)CC,CHEMBL268978
DEC_0613,decoy,CCOC(=O)c1ccc(COCC(Cn2ccnc2)OCc2ccc(C(=O)OCC)cc2)cc1,CHEMBL41231
DEC_4368,decoy,C=CCn1c(-c2ccc(CP(=O)(OCC)OCC)cc2)nc2ccc(Br)cc2c1=O,CHEMBL416213
DEC_0740,decoy,CC1=CC2Cc3nc(O)ccc3C3(C1)NCCC(C)=C23,CHEMBL290113
DEC_1044,decoy,[O-][P@+]1(N(CCCl)CCCl)NC[C@@H](Cl)CO1,CHEMBL31565
DEC_1729,decoy,CN(C)Cc1cc(Nc2cc(C(F)(F)F)nc(/N=C(\N)Nc3ccc(Cl)c(Cl)c3)n2)ccc1O,CHEMBL277495
DEC_1907,decoy,CC(C)(S)CN1CCN(CC(C)(C)S)CC1,CHEMBL416253
DEC_2154,decoy,C=CCC1Oc2cccc(SC)c2-c2ccc3c(c21)C(C)=CC(C)(C)N3,CHEMBL8394
DEC_0105,decoy,Nc1nc(N)c(CCCNc2ccc(C(=O)NC(CCC(=O)O)C(=O)O)cc2F)c(O)n1,CHEMBL285232
DEC_0813,decoy,CC1(C)Oc2ccc(C#N)cc2[C@H](N(Cc2ncco2)c2ccccc2)[C@H]1O,CHEMBL268271
