compound_id,label,smiles,source_id
DEC_0913,decoy,CSc1ccc(-c2c(-c3ccc(F)cc3)nc3n2CCS3)cc1,CHEMBL17718
DEC_1250,decoy,O=C(O)c1cn2c(cnc3cc(Cl)c(Cl)cc32)n1,CHEMBL276433
DEC_1644,decoy,OC[C@@]1(CCc2ccccc2)CC2C3Cc4ccc(O)c5c4C2(CCN3CC2CCC2)C(O5)[C@@H]1O,CHEMBL9877
DEC_3967,decoy,O=P(O)(O)CCC(Cc1ccc(-c2ccccc2)cc1)c1nnn[nH]1,CHEMBL9796
DEC_1453,decoy,CCCc1cc2c(cc1O)C(C)(C)C(CCSc1ccccn1)O2,CHEMBL24633
DEC_0596,decoy,CC(C)c1ccc2c(c1)c(SC(C)(C)C)c(CC(C)(C)CN(O)C(N)=O)n2Cc1ccc(Cl)cc1,CHEMBL39189
DEC_2029,decoy,CCNCC1CCN(c2c(F)cc3c(=O)c(C(=O)O)cn(C4CC4)c3c2OC)C1,CHEMBL278184
DEC_0027,decoy,COC1(c2cc(F)cc(Sc3ccc4c(c3)CC/C4=N\OCC#N)c2)CCOCC1,CHEMBL283654
DEC_2713,decoy,CC1(C)CC[C@]2(C(=O)O)CC[C@]3(C)C(CC4OC45[C@@]4(C)C=CC(=O)C(C)(C)[C@@H]4CC[C@]53C)C2C1,CHEMBL42286
DEC_3485,decoy,CC(=O)O[C@H]1O[C@@H]2O[C@@H](OC(C)=O)[C@@H]3CC[C@H]([C@@H]1CC/C=C(\C)CCC=C(C)C)[C@H]23,CHEMBL275719
DEC_4440,decoy,O=C(O)COc1cccc2c1CCC(C/C=N/OC(c1ccccc1)c1ccccc1)C2,CHEMBL10742
DEC_3021,decoy,O=C(O)c1cc(O)c2ccc(I)cc2n1,CHEMBL279489
DEC_4363,decoy,CCc1ccc(C(c2sncc2C)N2CCN(CCO)CC2)cc1,CHEMBL25330
ACT_045,active,O=C1Nc2ccccc2SC(c2ccccc2)C1O,CHEMBL1506716
DEC_0018,decoy,COc1cc2c(cc1OC)-c1cc(=Nc3c(C)cc(C)cc3C)n(C(C)C)c(=O)n1CC2,CHEMBL34261
DEC_2146,decoy,COc1cc2c(Nc3c(F)cc(Cl)cc3F)ncnc2cc1OCC1CCNCC1,CHEMBL25450
DEC_2362,decoy,COc1c(C(C)(C)C)cc(-c2nnc(SC)s2)cc1C(C)(C)C,CHEMBL280326
DEC_4377,decoy,COC[C@H]1OC(=O)c2coc3c2[C@@]1(C)C1=C(C3=O)[C@@H]2CCC(=O)[C@@]2(C)CC1,CHEMBL13513
DEC_3813,decoy,c1cc2c(cc1-c1nc3n(c1-c1ccc4c(c1)OCO4)CCS3)OCO2,CHEMBL429216
DEC_3634,decoy,O=C(O)Cc1ccc2c(c1)C(=O)Cc1cc(Cl)ccc1O2,CHEMBL10773
DEC_3486,decoy,CC(=O)O[C@H]1O[C@@H]2O[C@@H](OC(C)=O)[C@@H]3CC[C@H]([C@H]1CC/C=C(\C)CCC=C(C)C)[C@H]23,CHEMBL418341
DEC_2339,decoy,CCN1C(=O)c2c(ncn2Cc2ccc(O)c(Br)c2)N2C1=N[C@@H]1CCC[C@@H]12,CHEMBL283242
DEC_2212,decoy,Fc1cccc2c1N[C@H](c1c[nH]c3ccc(Br)cc13)[C@@H]1CCO[C@H]21,CHEMBL25127
DEC_3605,decoy,COc1ccc(-n2c(C(=O)Nc3nn[nH]n3)c(OC(C)C)c3cc(OC)ccc32)cc1,CHEMBL29930
DEC_2673,decoy,COc1cc2c(Nc3cc(O)c(Cl)cc3F)ncnc2cc1OCC1CCN(C)CC1,CHEMBL24409
DEC_1495,decoy,CN1CCN(Cc2cccc(-c3cc(NCCCn4ccnc4)c4ccccc4n3)c2)CC1,CHEMBL21353
DEC_0942,decoy,C=C(c1cc(Cl)ccc1OC(C)c1ccsc1)n1ccnc1,CHEMBL25795
DEC_2436,decoy,CCN(c1nc(C)cc(-c2ccccn2)n1)c1c(Br)cc(OC)cc1OC,CHEMBL416882
DEC_2791,decoy,CN1CCN(c2nc(Cl)c(Cl)c(NC3CCCC3)n2)CC1,CHEMBL31548
DEC_2328,decoy,NC1CCN(c2nc3c(cc2F)c(=O)c(C(=O)O)cn3-c2ccc(F)cc2F)C1,CHEMBL273348
DEC_4021,decoy,NCCCNc1ccc2c(CN3CCOCC3)nn3c4cccc(O)c4c(=O)c1c23,CHEMBL267992
DEC_0047,decoy,CCN(C(C)=O)c1ccc(-c2nc3n(c2-c2ccc(N(CC)C(C)=O)cc2)CCS3)cc1,CHEMBL278028
DEC_3527,decoy,CCCCc1ccc2ccc3ccc(NC(=O)c4ccc(Cl)cc4)nc3c2n1,CHEMBL273363
DEC_2511,decoy,CCCNCC(=O)N1c2ccccc2N2CCc3cccc(c32)C1C,CHEMBL284648
DEC_4629,decoy,C=CCOC(=O)N[C@@H](CC(=O)O)C(=O)COc1cc2ccccc2cc1-c1ncc[nH]1,CHEMBL31094
DEC_1366,decoy,O=C(CC(=O)NC1CCOC1=O)CC1CCCC1,CHEMBL15190
DEC_1788,decoy,CC(C)(O)CC(=O)c1cc2c(c(C(C)(C)C)c1)OCC2,CHEMBL15091
DEC_0063,decoy,Cc1cc(C(c2ccc(C(C)C)cc2)C2CCN(C)CC2)sn1,CHEMBL22142
DEC_0869,decoy,COCCN(CCOC)c1nc(C)nc2c1nnn2-c1ccc(C(C)C)cc1Br,CHEMBL10504
DEC_1176,decoy,Cc1ccc2c(c1)CC(O)c1cc(C(C)C(=O)O)ccc1S2,CHEMBL416148
DEC_0272,decoy,CCCN(CCC)c1cc(C)nc(N(CC)c2ccc(C(C)C)cc2Br)n1,CHEMBL10203
DEC_1887,decoy,OCCOCCN1CCN(C2=Nc3ccccc3Sc3ccccc32)CC1,CHEMBL716
DEC_1562,decoy,Cc1cc(C)c(/C=C2\NC(=O)NC2=O)cc1C,CHEMBL39672
DEC_1973,decoy,Cn1cncc1C(O)(C#Cc1ccc(Cl)cc1-c1cccc(Cl)c1)c1ccc(C#N)cc1,CHEMBL277646
DEC_4471,decoy,Cc1ccc(Nc2cc(C)nc3ccc4c[nH]nc4c23)cc1,CHEMBL29113
DEC_0525,decoy,CCCCCCCCCCc1ccc(Oc2ccc(C)cc2CC(=O)O)c(Cl)c1,CHEMBL27122
DEC_2635,decoy,Nc1cccc(N/C(S)=N/c2ccccc2)c1,CHEMBL9458
DEC_1944,decoy,CC(C)(N)C(=O)N[C@@H]1CCc2ccccc2N(Cc2ccc(-c3ccccc3-c3nn[nH]n3)cc2)C1=O,CHEMBL13984
DEC_2115,decoy,CCc1nc2ccc(OC3CCN(C(C)=N)CC3)cc2n1C/C=C/c1cccc(N)c1,CHEMBL24460
ACT_009,active,CC(C)CCc1cc(NCC(C)C)nc(NCC(C)C)n1,CHEMBL347927
DEC_4013,decoy,NCCc1c[nH]cn1.N[C@@H](COCc1ccc(Br)cc1)Cc1c[nH]cn1,CHEMBL18555
DEC_3761,decoy,CCCCc1cn(-c2ccccc2CC)c(=O)n1Cc1ccc(-c2ccccc2-c2nn[nH]n2)nc1,CHEMBL267809
DEC_2620,decoy,CC(C)(C)c1cc2oc(O)c(O)c(=O)c2cc1O,CHEMBL33483
DEC_0097,decoy,CCCc1cc(=O)oc2c3c(c4c(c12)OC(C)(C)C=C4)O[C@@H](C)[C@H](C)[C@@H]3O,CHEMBL7187
DEC_2433,decoy,CO[C@]1(c2cc(F)cc(S(=O)(=O)c3ccc(/C(C)=N/O)cc3)c2)CCO[C@@H](C)C1,CHEMBL282308
DEC_3397,decoy,Cc1noc(NS(=O)(=O)c2cccc3c(N(C)C(C)C)cccc23)c1C,CHEMBL283652
DEC_3757,decoy,Cn1cncc1CN(CC(=O)N1CCC(C#N)=C(c2cccc3ccccc23)C1)Cc1ccccc1,CHEMBL25968
DEC_1927,decoy,CC(C)(N)CC(=O)N[C@@H]1CSc2ccccc2N(Cc2ccc(-c3ccccc3-c3nn[nH]n3)cc2)C1=O,CHEMBL280146
DEC_2510,decoy,Cc1cc(NCCN2C3CCCC2CC3)nnc1-c1ccccc1,CHEMBL25564
DEC_3282,decoy,CCCCN(Cc1ccc(-c2ccccc2-c2nn[nH]n2)cc1)c1ncnc2ccc(C(=O)O)nc12,CHEMBL48799
DEC_0585,decoy,CSc1cc(C)nc(SC)c1NC(=O)N(Cc1ccc(Oc2ccc(F)cc2)cc1)C1CCCCCC1,CHEMBL77842
DEC_4432,decoy,CCCCN(c1cc2n(c(=O)n1)CCc1cc(OC)c(OC)cc1-2)c1c(C)cc(C)cc1C,CHEMBL37165
DEC_2749,decoy,Clc1cccc(-c2cc(O[C@@H]3CCNC3)cnc2Cl)c1,CHEMBL10171
DEC_2207,decoy,Cc1sc2c(c1Br)C(c1ccc(Br)cc1)CN(C)C2,CHEMBL15624
DEC_2649,decoy,CC1(C)C(=O)Nc2cc3[nH]c(S)nc3cc21,CHEMBL291138
DEC_1816,decoy,CN(C)C1CCN(C2c3ccccc3Oc3ccccc32)CC1,CHEMBL20632
DEC_0472,decoy,O=NN(CCCl)C(=O)NC1C(F)(F)C(F)(F)C(F)(F)C(F)(F)C1(F)F,CHEMBL20533
ACT_008,active,CCC(Cc1ccc(OC)cc1)=C(c1ccc(O)cc1)c1ccc(OCCCN(C)C)cc1,CHEMBL5435203
DEC_4604,decoy,COc1ccc(NC(=O)N2CCC(c3c[nH]c4cc(F)ccc34)CC2)cc1N1CCN(C)CC1,CHEMBL278917
DEC_0122,decoy,CCOc1nnc(-c2cc(C(C)(C)C)c(O)c(C(C)(C)C)c2)s1,CHEMBL16733
DEC_4542,decoy,COc1cc(F)cc(-c2ccc3c(c2)C2(CCCCC2)C(S)=N3)c1,CHEMBL286029
DEC_0452,decoy,CN1Cc2sc(N)cc2C(c2ccc(Br)cc2)C1,CHEMBL16208
DEC_1148,decoy,O=C(O)c1cn2c(n1)c(O)nc1cc(Cl)c(Cl)cc12,CHEMBL273520
DEC_4310,decoy,C[C@H]1CC2C(CCC3(C)C(=O)CCC23)C2(C)C=CC(=O)C=C12,CHEMBL274878
DEC_2722,decoy,CN1C(=O)CC[C@]2(C)C3CC[C@@]4(C)C(CC[C@@H]4C(=O)N(C(=O)NC(C)(C)C)C(C)(C)C)C3CCC12,CHEMBL25282
DEC_1191,decoy,Cc1ccc(F)cc1C(=O)N(CCCN(C)C)c1ccc(C(=O)N2Cc3cccn3Cc3ccccc32)cn1,CHEMBL49323
DEC_4143,decoy,O=C(O)C1CCc2cc(Cl)ccc2N1C(=O)CCS,CHEMBL23059
DEC_1703,decoy,Cn1cncc1CN(Cc1cccc(Cl)c1)c1ccc(C#N)c(-c2cccc3ccccc23)c1,CHEMBL431884
DEC_4077,decoy,CN(C)CCNC(=O)C1=C/C(=C\c2ccncc2)c2ccccc21,CHEMBL283320
DEC_3850,decoy,CC(C)n1c(=S)nc(-c2cccc(F)c2)c2cc3c(cc21)OCO3,CHEMBL13402
DEC_3811,decoy,C[N+](C)(C)CC(O)COC(c1ccccc1)c1ccccc1,CHEMBL18280
ACT_048,active,Cc1cc2c(C(C)C)c(O)c(O)c(C=O)c2c(O)c1-c1c(C)cc2c(C(C)C)c(O)c(O)c(C=O)c2c1O,CHEMBL51483
DEC_0020,decoy,Clc1ccc(C2COC(Cn3ccnc3)(c3ccc(Br)cc3)O2)c(Cl)c1,CHEMBL30225
DEC_4266,decoy,CN(C)CCC1=C/C(=C\c2cccnc2)c2ccccc21,CHEMBL21508
DEC_2221,decoy,CN1Cc2sc(Br)cc2C(c2ccc(Br)cc2)C1,CHEMBL16020
DEC_4512,decoy,CCOC(=O)/C=C(C)\C=C\C=C(C)\C=C\C12CC1(C)CCCC2(C)C,CHEMBL20232
DEC_3305,decoy,COc1ccc([C@@H](O)C(O)c2cc(OC)c(OC)c(OC)c2)cc1O[Si](C)(C)C(C)(C)C,CHEMBL284249
DEC_2043,decoy,COc1nc(C)cnc1NS(=O)(=O)c1cccc2c(N(C)C)cccc12,CHEMBL268174
DEC_3281,decoy,N#Cc1ccc(CN(Cc2cc(-c3ccccc3Cl)on2)C(Cc2ccc(O)cc2)C(N)=O)cc1,CHEMBL293267
DEC_3764,decoy,C=C(C#N)CN1C[C@H](OCC23C[C@@H]4[C@H](C)CC[C@H]4C4(C=O)CC2C=C(C(C)C)[C@@]34C(=O)O)OC[C@H]1C,CHEMBL282975
DEC_0818,decoy,CCN1CCN2CC(c3ccccc3)c3ccccc3C2C1,CHEMBL6747
DEC_2490,decoy,CCN(CC)C(=O)[C@@H]1C=C2c3cccc4[nH]c(Br)c(c34)C[C@H]2N(C)C1,CHEMBL274384
DEC_1952,decoy,CC(C)(C)C1=CC(=C/C=C/c2cc(C(C)(C)C)[o+]c(C(C)(C)C)c2)C=C(C(C)(C)C)O1.[Cl-],CHEMBL429561
DEC_3992,decoy,O=C(NO)c1ccc(CNC(=O)c2ccc3ccccc3c2)cc1,CHEMBL27556
DEC_1240,decoy,CCNCc1cccc(I)c1.Cl,CHEMBL14011
DEC_1609,decoy,COC1=CC(=O)c2c(c(COP(N)(=O)N(CCBr)CCBr)cn2C)C1=O,CHEMBL39519
DEC_4704,decoy,Cc1ccc(NC23CC4CC(CC(C4)C2)C3)nc1,CHEMBL275867
DEC_1121,decoy,CC[C@H](C)[C@H](NC(=O)[C@@H]1CCCN1C(=O)[C@H](Cc1c[nH]cn1)NC(C(N)=O)C(=O)[C@@H](NC(=O)OCc1ccccc1)C(C)C)C(=O)O,CHEMBL308824
ACT_041,active,CC(C)CN(C(=O)COC(=O)c1cc2c(s1)CCC2)C1CCS(=O)(=O)C1,CHEMBL1577661
DEC_2872,decoy,O=c1oc(Nc2ccccc2I)nc2cc(C3CCCCC3)ccc12,CHEMBL10380
DEC_0319,decoy,O=C(O)CCC/C=C/C[C@H]1[C@H](/C=N/Oc2ccc(F)cc2)C2CC1(c1cccc(F)c1)CO2,CHEMBL10349
DEC_2659,decoy,O=C1N(CCCCN2CCN(c3cncc(Cl)n3)CC2)C(=O)C23C4CCC(C4)C12C1CCC3C1,CHEMBL28673
DEC_3623,decoy,COc1ccc2c3c4c(cc5c3n(c2c1)C(=O)CC5)CNCC4,CHEMBL23165
DEC_1680,decoy,CC(C)(C)OC(=O)c1ncn2c1CN(C(=O)N1CCCC1)c1cc(Cl)ccc1-2.CCCC(=O)O,CHEMBL14805
DEC_3760,decoy,O=S(=O)(N1Cc2ccccc2N(Cc2c[nH]cn2)C(CCc2ccccc2)C1)C(F)(F)F,CHEMBL266556
DEC_4307,decoy,CSCCC(=O)c1cc(C(C)(C)C)c2c(c1)C(C)(C)CO2,CHEMBL14321
DEC_0739,decoy,CC1(C)OC(S)=Nc2ccc(-c3csc(C#N)c3)cc21,CHEMBL282650
DEC_2223,decoy,COC(=O)C1=C(C)N=C(C)/C(=C(\O)OC)C1c1c(F)c(F)c(F)c(F)c1F,CHEMBL24716
DEC_2437,decoy,O=C1CC2(CCCC2)CCN1OCCCN1CCN(c2nsc3ccccc23)CC1,CHEMBL269176
DEC_0316,decoy,O=C(O)CCC/C=C/C[C@H]1[C@H](COCc2ccccc2)C2CC1(c1ccc(F)cc1)CO2,CHEMBL10772
DEC_4533,decoy,O=C1Nc2cccc3c2[C@]1(CCCCN1CC=C(c2ccccc2)CC1)CCC3,CHEMBL25815
DEC_0593,decoy,CC(C)c1cccc(C(C)C)c1NS(=O)(=O)NC(=O)Oc1c(-c2ccccc2)cccc1-c1ccccc1,CHEMBL22953
DEC_1348,decoy,C=C(C)CN1CCN(CC(C)C)C(C2=NCCN2)C1,CHEMBL446611
DEC_1144,decoy,CC(C)(C)c1cc(-c2nnc(O)s2)cc(C(C)(C)C)c1O,CHEMBL16827
DEC_3890,decoy,COc1ccc(Sc2ccc(NC3=NC(C)CN3)cc2)cc1,CHEMBL273530
DEC_1963,decoy,CC1(C)CC[C@]2(C(N)=O)CC[C@]3(C)C(C(=O)C=C4[C@@]5(C)C=C(C#N)C(=O)C(C)(C)[C@@H]5CC[C@]43C)C2C1,CHEMBL7858
DEC_0221,decoy,O=C1N[C@@H]2CCCC[C@H]2N1C1CCN(CC2CCCCCCC2)CC1,CHEMBL280778
DEC_2469,decoy,COCc1cc(I)ccc1Sc1ccccc1CN(C)C,CHEMBL284002
DEC_1889,decoy,C=CCOc1ccc(-c2ccc(N3CC(CNC(C)=O)OC3=O)cc2)ccc1=O,CHEMBL6918
DEC_4695,decoy,C[C@]1(c2ccccc2)OC[C@H]([C@@H]2CCCCN2)O1,CHEMBL417117
DEC_1885,decoy,O=C1C2C3C=CC(C4CCC34)C2C(=O)N1CCCCN1CCN(c2ncccn2)CC1,CHEMBL282801
DEC_4386,decoy,CCc1c(C)noc1NS(=O)(=O)c1cccc2c(N(C)C)cccc12,CHEMBL285122
DEC_1563,decoy,Cn1cc(-c2ccccc2NCC2=NCCN2)cn1,CHEMBL273312
DEC_1236,decoy,CC(C)CCC(C)N1CCC(N2C(=O)N[C@@H]3CCCC[C@H]32)CC1,CHEMBL26909
DEC_3791,decoy,COc1ccc2c3c1OC1[C@H](O)[C@](CO)(CCCCc4ccccc4)CC4C(C2)N(C)CCC341,CHEMBL268196
DEC_3353,decoy,CC(C)c1ccc(OC(=O)NS(=O)(=O)Oc2c(C(C)C)cccc2C(C)C)c(C(C)C)c1,CHEMBL424585
DEC_1139,decoy,Nc1nc(N)c2nc(Sc3ccc4ccccc4c3)cnc2n1,CHEMBL6618
DEC_1696,decoy,CC(C)Sc1ccc(CC2CCN(C3CCN(C(=O)c4nccc5ccccc45)CC3)CC2)cc1,CHEMBL12542
DEC_3851,decoy,CN(C)CCc1nnc2n1-c1ccc(Cl)cc1C(c1ccccc1)=NC2,CHEMBL16021
DEC_0922,decoy,COc1ccc(C(Cc2cccc(-n3cccc3)c2)n2ccnc2)cc1,CHEMBL21175
DEC_3932,decoy,N/C(=N\O)c1cccc(CN2C(=O)N(CC3CC3)[C@H](CCc3ccccc3)[C@@H](O)[C@H]2Cc2ccccc2)c1,CHEMBL287923
DEC_3865,decoy,CCC1NC(C(=O)OC)=Cc2c1n(C)c1ccccc21,CHEMBL275804
DEC_3688,decoy,Cc1cc(N2C(=O)N(c3cc(C)cc4ccccc34)[C@H](Cc3ccccc3)[C@H](O)[C@@H](O)[C@H]2Cc2ccccc2)c2ccccc2c1,CHEMBL430702
DEC_3107,decoy,CCCCc1oc2ccccc2c1Cc1ccc2c(Br)c(O)ccc2c1,CHEMBL23989
DEC_0318,decoy,CCCCCCN1[C@@H]2CC[C@H]1C[C@@H](N(c1ccccc1)c1ccc(C(=O)N(CC)CC)cc1)C2,CHEMBL275288
DEC_4047,decoy,O=C1[C@@H](NS(=O)(=O)c2ccc(-c3ccon3)s2)CCN1Cc1cc2[nH]cccc-2n1,CHEMBL8368
DEC_4296,decoy,CC1(C)OC(/C=C/c2cc3ccccc3s2)=CC1=O,CHEMBL17768
DEC_3456,decoy,N#Cc1ccc(Cn2ccnc2)cc1Oc1cccc(-c2ccccc2)c1,CHEMBL22819
DEC_4303,decoy,O=C1CCC(=O)N1C1c2ccccc2Oc2ccccc21,CHEMBL278990
DEC_3975,decoy,CCOP(=O)(OCC)C(N)C1CCCCC1.O=C(O)C(=O)O,CHEMBL39277
DEC_1498,decoy,C=Cc1cc2c(nc1CCCCC(=O)N(C)[C@@H](CC(=O)OC)c1ccc(OC)nc1)NCCC2,CHEMBL9710
DEC_2108,decoy,Cc1ccccc1-c1cc(N(Cc2ccc(C#N)cc2)Cc2cncn2C)ccc1C#N,CHEMBL284448
DEC_0295,decoy,C=C(CN(CCCl)CCCl)[C@@H]1CCC(C)=CC1c1c(O)cc(CCCCC)cc1O,CHEMBL286114
DEC_2145,decoy,O=C1c2ccccc2CN1C1CCC(N2CCN(c3nsc4ccccc34)CC2)CC1,CHEMBL41309
DEC_4162,decoy,CN1CCc2ccc3c4c2[C@H]1Cc1cccc(c1-4)[C@@H]3N,CHEMBL27251
DEC_1322,decoy,Cc1ccc2c(c1)[nH]c1c(-c3ccccc3F)nccc12,CHEMBL14330
DEC_1009,decoy,COc1ccc(N(Cc2ncc[nH]2)[C@H]2c3cc([N+](=O)[O-])ccc3O[C@](C)(C(OC)OC)[C@@H]2O)cc1,CHEMBL297456
DEC_0520,decoy,CC(C)=CCC/C(C)=C/CC/C(C)=C/CC/C=C(\C)CC/C=C(\C)CCCN(C)O,CHEMBL9533
DEC_3125,decoy,Cc1cc2nc(/C=C/c3cccnc3)[nH]c2cc1C,CHEMBL37570
DEC_1993,decoy,CCc1cn(S(=O)(=O)c2ccc(C)cc2)c2cc(C(=O)Nc3c(Cl)cncc3Cl)ccc12,CHEMBL53373
DEC_0633,decoy,CC1(C)Oc2ccc(C#N)cc2[C@@H](N(Cc2ncc[nH]2)c2ccc(Cl)cc2)[C@@H]1O,CHEMBL11859
DEC_0126,decoy,C[C@H]1CNc2cc3nc(O)cc(C(F)(F)F)c3cc2C1CCC(F)(F)F,CHEMBL281945
DEC_1668,decoy,COc1cc2c(Nc3c(F)cc(Br)cc3F)ncnc2cc1OCC1CCNCC1,CHEMBL279459
DEC_3831,decoy,COc1ccc(-c2nc3n(c2-c2ccc(OC)cc2)CC(=O)S3)cc1,CHEMBL17133
DEC_3249,decoy,Cc1c(F)c(N2CCNCC2)c(F)c2c1c(=O)c(C(=O)O)cn2C1CC1,CHEMBL16001
DEC_1624,decoy,N[C@H](C(=O)N1CCSC1)[C@H]1CC[C@H](NS(=O)(=O)c2ccc(OC(F)(F)F)cc2)CC1,CHEMBL25211
DEC_3696,decoy,CCO/C(O)=C1\C(C)=NC(c2ccccc2)=C(C(=O)OCc2cc(C(F)(F)F)cc(C(F)(F)F)c2)C1C#Cc1ccccc1,CHEMBL442752
DEC_1350,decoy,N#CC1CCN(CCCN2CCC(C#N)CC2)CC1,CHEMBL10298
DEC_0326,decoy,CCCCCCCCCCCCN1CCC(O)CC1,CHEMBL17729
DEC_1839,decoy,Cc1cc(NC2CCCCC2)c2c(ccc3c[nH]nc32)n1,CHEMBL31898
DEC_2479,decoy,COc1ccc2c(c1)c(CCNC(=O)C1CCC1)c1n2CCc2ccccc2-1,CHEMBL276490
DEC_1298,decoy,CCCC(=O)c1cc(C(C)(C)C)c2c(c1)C(C)(CC)CO2,CHEMBL277112
DEC_1252,decoy,C1=C(C2(C3=NCCN3)COc3ccccc3O2)CCCC1,CHEMBL429954
DEC_2033,decoy,CCN(CC)CCn1nc2c3c(c(CN)ccc31)Sc1ccc(OC)cc1-2,CHEMBL27064
DEC_1452,decoy,C=CC(=O)Nc1ccc2ncnc(Nc3ccc(F)c(Br)c3)c2c1,CHEMBL280757
DEC_3140,decoy,CNc1nc(-c2ccc(N(C)C)cc2)cc2ncccc12,CHEMBL30566
DEC_3668,decoy,CC(C)(Sc1cc(C(C)(C)C)c(O)c(C(C)(C)C)c1)Sc1cc(C(C)(C)C)c(OC(=O)C(=O)O)c(C(C)(C)C)c1,CHEMBL82014
DEC_0206,decoy,CC(=O)NC1=C(C)C(=O)c2c(nc3n2CC[C@H]3OC(C)=O)C1=O,CHEMBL19806
DEC_1387,decoy,Cc1[nH]cnc1CN1c2ccccc2CN(Cc2ccc(C(C)(C)C)cc2)CC1CCc1ccccc1,CHEMBL8240
DEC_4321,decoy,Cn1cncc1C(OCc1nc(Cl)c(C#N)cc1-c1cccc(Cl)c1)c1ccc(C#N)cc1,CHEMBL288046
DEC_3589,decoy,CCOC(=O)c1cc(NC(=O)c2ccsc2)ccc1OCC(O)CNC(C)(C)C,CHEMBL7949
DEC_4605,decoy,O=C1C(O)=C(C(C2=C(O)C(=O)c3ccccc3C2=O)c2ccc(Cl)cc2)C(=O)c2ccccc21,CHEMBL287689
DEC_0068,decoy,C[C@H](N)Cc1c2ccoc2c(Br)c2ccoc12.Cl,CHEMBL263083
DEC_0184,decoy,O=C(c1ccccc1OC(F)(F)F)N1CCN(Cc2c[nH]cn2)c2ccc(-c3ccncc3)cc2C1,CHEMBL430778
DEC_1533,decoy,CC1(C)OB(/C=C/CP(=O)(O)O)OC1(C)C,CHEMBL19606
DEC_1805,decoy,S=C=Nc1ccc(-c2nc(-c3cccs3)no2)cc1,CHEMBL21557
DEC_2091,decoy,CCc1noc2c(Cl)c3c(cc12)CC(C(=O)O)O3,CHEMBL267652
DEC_0446,decoy,COc1c(C(C)(C)C)cc(Cc2cnc(N)nc2N)cc1C(C)(C)C,CHEMBL24374
DEC_4574,decoy,COC(=O)C1C(c2ccc(Cl)cc2)CC2CCC1N2C/C=C\I,CHEMBL40137
DEC_1230,decoy,N#Cc1cccc(CN2C(=O)N(Cc3cccc(C#N)c3)[C@H](Cc3ccccc3)[C@H](O)[C@H]2CCc2ccccc2)c1,CHEMBL38339
DEC_0459,decoy,CNCCSC1Cc2ccccc2Sc2ccc(F)cc21,CHEMBL15589
DEC_0238,decoy,CCN(CC)CCn1c2ccccc2c2c(C)c3cnccc3c(C)c21,CHEMBL431289
DEC_0658,decoy,CCOC(=O)N[C@@H](c1ccc(Cl)cc1)[C@@H](O)C(=O)OC1CC2C(C)(C)C1(C)[C@@]13C[C@H](C)c4ccccc4[C@@]21O3,CHEMBL31338
DEC_4519,decoy,COc1cc(C)c(/C=C/C(C)=C/C=C(F)/C(C)=C/C(=O)O)c(C)c1C,CHEMBL23271
DEC_3073,decoy,CNc1nc(Cl)c(Sc2ccccc2)c(N2CCN(C)CC2)n1,CHEMBL14899
DEC_3968,decoy,O=P(O)(O)CC(Cc1ccc(-c2ccccc2)cc1)c1nnn[nH]1,CHEMBL268466
DEC_1035,decoy,CC/N=C/C1=C(O)O[C@H](COC)[C@@]2(C)C1=C(O)C(=O)C1=C2[C@H](OC(C)=O)C[C@]2(C)C(=O)CC[C@@H]12,CHEMBL273961
DEC_2300,decoy,CC(C)c1ccc(S(=O)(=O)NC(=O)C(c2ccc3c(c2)OCO3)c2cn(C)c3cc(C#N)ccc23)cc1,CHEMBL274758
DEC_1184,decoy,CO[C@]12OO[C@@](C)(CO[Si](c3ccccc3)(c3ccccc3)C(C)(C)C)C=C1C(=O)C(C)(C)C(=O)C2(C)C,CHEMBL284925
DEC_1426,decoy,CCCCc1nc2c(n1Cc1ccc(-c3ccccc3-c3nn[nH]n3)cc1)CCCC(C(C)C)C2,CHEMBL288016
DEC_2457,decoy,Clc1ccc(C2COC(Cn3ccnc3)(c3ccc(Cl)cc3Cl)O2)cc1,CHEMBL280806
DEC_1006,decoy,COc1cnc2sc3c(=O)n(CCN4C[C@@H]5CCc6c(OC)cccc6[C@@H]5C4)c(=O)[nH]c3c2n1,CHEMBL441032
DEC_2756,decoy,Cc1noc(NS(=O)(=O)c2cccc3ccc(N(C)C)cc23)c1C,CHEMBL287451
DEC_2929,decoy,CC1(C)OB(C(CCCCl)P(=O)(O)O)OC1(C)C,CHEMBL279438
DEC_1848,decoy,c1ccc2c(c1)Oc1ccccc1C2Nc1nccs1,CHEMBL20994
DEC_0195,decoy,CCCN(Cc1ccc(-c2ccccc2-c2nn[nH]n2)cc1)c1ncnc2c1ncn2Cc1ccccc1,CHEMBL49294
DEC_3483,decoy,COc1cc(NC(C)CCCN)c2ncccc2c1Oc1ccc(F)c(C(F)(F)F)c1,CHEMBL417434
DEC_4527,decoy,CC(C)C1CCN(CCCCN2C(=O)c3cccc4cccc2c34)CC1,CHEMBL273452
DEC_0197,decoy,C=C1C[C@@]23O[C@]2(c2ccccc21)C1CC(OC(=O)[C@H](O)[C@@H](NC(=O)OCC)c2cccc(F)c2)C3(C)C1(C)C,CHEMBL288558
DEC_2755,decoy,O=C1CC(CN2CCC(Oc3ccccc3)CC2)CCc2ccccc21,CHEMBL9696
DEC_3786,decoy,COc1ccc2c3c1OC1[C@H](O)[C@](CO)(CCCc4ccccc4)CC4C(C2)N(CC2CC2)CCC341,CHEMBL8938
DEC_3936,decoy,CCN(CC)CCCNc1ncc2cc(-c3c(Cl)cccc3Cl)c(NC(=O)NC(C)(C)C)nc2n1,CHEMBL299026
DEC_2018,decoy,CN(C)CCOc1cc2c(Nc3ccc(F)c(Cl)c3)c(C#N)cnc2cn1,CHEMBL31437
DEC_1740,decoy,Cn1cncc1CN(Cc1ccccc1)c1ccc(C#N)c(-c2cccc3ccccc23)c1,CHEMBL29645
DEC_3923,decoy,O=C(O)CCc1ccccc1CCC1C2CCC(O2)C1c1nc(C(=O)NCCCCC2CCCCC2)co1,CHEMBL287525
DEC_4336,decoy,CCN(Cc1ccc(C)cc1)C(=O)c1ccc(N(c2ccccc2)[C@@H]2C[C@H]3CC[C@@H](C2)N3C)cc1,CHEMBL276243
DEC_2103,decoy,CO/N=C(\C)c1ccc(Sc2cc(F)cc([C@@]3(OC)CCO[C@@H](C)C3)c2)cc1,CHEMBL278364
DEC_1334,decoy,CC(C)CN1C2=NCCN2C(=O)c2[nH]c(C(C)C)nc21,CHEMBL18844
DEC_3388,decoy,CCC(=O)c1c(O)n(O)c2cc(NC(=O)c3ccc(Cl)cc3Cl)ccc12,CHEMBL430143
DEC_1323,decoy,C(=C/c1ccccc1)\C=N\Cc1cccc2ccccc12,CHEMBL280415
DEC_3384,decoy,CCSc1nnc(-c2cc(C(C)(C)C)c(O)c(C(C)(C)C)c2)s1,CHEMBL279801
DEC_1648,decoy,Cc1cc(C)c(S(=O)(=O)N/N=C/c2cc3c(cc2[N+](=O)[O-])NC(CNC(C)C)CC3)c(C)c1,CHEMBL44393
DEC_0252,decoy,C=C(c1ccccc1OCCOc1ccc(Cl)cc1)n1ccnc1,CHEMBL27351
DEC_1403,decoy,COc1cc(NC(C)CCCN)c2nccc(C)c2c1Oc1cc(C(F)(F)F)cc(C(F)(F)F)c1,CHEMBL12757
DEC_2466,decoy,Cc1cccc2c1CCCC2N1CCC2(CC1)C(=O)NCN2c1ccccc1,CHEMBL280827
DEC_1538,decoy,O=C(O)C1Cc2sccc2CN1C(=O)CCS,CHEMBL23467
DEC_0605,decoy,CCCc1cc(=O)oc2c3c(c4c(c12)OC(C)(C)C=C4)OC[C@H](C)C31OCOCO1,CHEMBL7652
DEC_1088,decoy,C=C(CCC12OC(C(=O)O)C(O)(C(=O)O)C(C(=O)O)(O1)[C@H](OC(=O)NCC1CC1)[C@H]2O)[C@@H](OC(C)=O)[C@H](C)Cc1ccccc1,CHEMBL407141
DEC_3651,decoy,COc1ccc2c(c1)c1c3c(cc4c1n2C(=O)CC4)CNCC3,CHEMBL23614
DEC_0350,decoy,COc1cc(CC(C)N)c(OC)cc1CCCc1ccccc1,CHEMBL8334
ACT_043,active,Cc1cn(C2=CCC3C4CC=C5C[C@@H](NC(=O)c6ccc(F)cc6)CC[C@]5(C)C4CC[C@]23C)cn1,CHEMBL5400213
ACT_079,active,C[C@]12CC[C@@H]3c4ccc(O)cc4CC[C@H]3[C@@H]1CC[C@@]2(O)C#CCCCCC#Cc1cccc2c(=O)cc(-c3ccccc3)oc12,CHEMBL399143
DEC_0198,decoy,CN(CCCn1c(N)nc2cc(Br)ccc21)CCCn1c(N)nc2cc(Br)ccc21,CHEMBL45099
DEC_1756,decoy,Clc1ncc(O[C@@H]2CCNC2)cc1Br,CHEMBL268017
DEC_2340,decoy,O=C(O)c1cn(C2CC2)c2c(F)c(N3CCOC(CN4CCCCC4)C3)c(F)cc2c1=O,CHEMBL280842
DEC_1451,decoy,C=CC(=O)Nc1ccc2ncnc(Nc3ccc(F)c(Cl)c3)c2c1,CHEMBL31373
DEC_0725,decoy,O=C1Nc2ccc(Cl)cc2C(C#Cc2ccco2)(C(F)(F)F)O1,CHEMBL280316
DEC_0878,decoy,Nc1ncnc2c1ncn2OCCOCP(=O)(Oc1ccccc1)Oc1ccccc1,CHEMBL28186
DEC_3408,decoy,CC(C)(C)C1CSC(c2c(F)c(F)c(N=[N+]=[N-])c(F)c2F)SC1,CHEMBL31911
DEC_1124,decoy,CCC(CC)NC(=O)N[C@H](C(=O)N[C@@H](CC(=O)N1CCCC1)C(=O)N[C@@H](CC(=O)O)C(=O)N[C@@H](CC(C)(C)C)C(=O)O)C(C)(C)C,CHEMBL336289
DEC_4193,decoy,COc1ccc(C(O)(c2cncnc2)C2CCC2)cc1,CHEMBL285844
DEC_2188,decoy,CN(C)C1CCN(CC(=O)Nc2ccc(Sc3c(O)nc4ccc(C(F)(F)F)cc4c3-c3cc(Cl)ccc3O)cc2)CC1,CHEMBL183974
DEC_1455,decoy,CCN(CC)Cc1cc(Nc2ccnc3cc(Cl)ccc23)ccc1F,CHEMBL283888
DEC_2963,decoy,CC(=O)OC1CCC(NC(=O)N(CCCl)N=O)CC1,CHEMBL12637
DEC_2787,decoy,Cc1cc(C)cc(NN=C2CCC(C)n3c2ncc(C(=O)O)c3=O)c1,CHEMBL273289
DEC_0617,decoy,CN1C(=O)SC(C)(S(=O)(=O)c2cccc3c(Br)cccc23)C1=O,CHEMBL30689
DEC_4016,decoy,CCNCC1CCN(c2c(F)c(N)c3c(=O)c(C(=O)O)cn4c3c2OCC4C)C1,CHEMBL278649
DEC_4610,decoy,Cc1cc(C(=O)Nc2ccc(N3CCOCC3=O)cc2F)n(-c2ccc3cc(Cl)ccc3c2)n1,CHEMBL20714
DEC_2840,decoy,Oc1ccc2c3c1OC1[C@H]4OC[C@@]4(CCc4ccccc4)CC4C(C2)N(CC2CCC2)CCC341,CHEMBL276450
DEC_1056,decoy,Cc1nc(O)c2c(ccc3nc(Nc4c(Cl)cccc4Cl)n(C)c32)c1CC(=O)N1CCOCC1,CHEMBL281675
DEC_1095,decoy,CC(=O)O.CCN(Cc1c(F)c(F)c(F)c(F)c1F)C(=O)CNC(=O)[C@@H](CCCN=C(N)N)NC(=O)[C@@H](N)Cc1ccc(O)cc1,CHEMBL276486
DEC_4327,decoy,CCN(CC)C/C=C/c1nc(O)c2c(ccc3nc(Nc4c(Cl)cccc4Cl)n(C)c32)c1C,CHEMBL281957
ACT_083,active,Cc1cccc(N2CSC3=C(C#N)C(c4ccc(C)o4)CC(=O)N3C2)c1,CHEMBL1330161
DEC_0444,decoy,Cc1ccc(C(c2cc(C)ns2)N2CCN(C)CC2)c(C)c1,CHEMBL25162
DEC_0932,decoy,N#Cc1ccc(Cn2ccnc2)cc1Oc1cccc2ccccc12,CHEMBL277489
DEC_3749,decoy,CCN1CCCC1CNC(=O)c1c(OC)c(Br)cc(Br)c1OC,CHEMBL26109
DEC_3137,decoy,N=C(N)CCN1c2ccccc2Sc2ccccc21,CHEMBL38298
DEC_1679,decoy,CC(=O)N1CCc2ccc(N(C(=O)/C=C/c3cccc(C#N)c3)C3CCN(Cc4ccccc4)CC3)cc21,CHEMBL21877
DEC_0809,decoy,Cc1ncc2n1CCC=C2c1ccc(-n2ccnc2)cc1,CHEMBL27772
DEC_3497,decoy,CC1CCC(/C=N/c2ccccc2)=C2NC(c3ccccc3)=C(/C=C/C(=O)O)C(=O)N21,CHEMBL22582
DEC_2537,decoy,CCOc1ccc2c(c1)c(CCNC(=O)CC)c1n2Cc2ccccc2-1,CHEMBL9630
DEC_4261,decoy,c1cc(OCc2ccc3ccccc3n2)cc(OCc2ccccc2-c2nn[nH]n2)c1,CHEMBL18413
DEC_0502,decoy,COC(=O)C1C(c2ccc(I)cc2)CC2CCC1N2C,CHEMBL14391
DEC_2194,decoy,CCOC(=O)C1=C(c2ccc(-n3c(C)nc4c(C)nc(C)cc43)cc2)NC(C)=C(C(=O)Nc2ccccn2)C1c1ccccc1Cl,CHEMBL322772
DEC_0148,decoy,N#Cc1ccc(F)c(-c2ccc3c(c2)C2(CCCCC2)C(S)=N3)c1,CHEMBL28102
DEC_4108,decoy,COc1cc2c3c4c(cc5c3n(c2cc1OC)C(=O)CC5)CCNC4,CHEMBL23230
DEC_1178,decoy,CC(/N=c1\c(O)c(O)\c1=N/c1cccc(C#N)c1)C(C)(C)C,CHEMBL283161
DEC_3373,decoy,CCN(CC)Cc1c(O)cc(F)c(Nc2ccnc3cc(Cl)ccc23)c1F,CHEMBL30209
DEC_3804,decoy,CCC1C(=O)N2C=CSC2=[N+](Cc2ccccc2Cl)C1=O,CHEMBL23694
DEC_2260,decoy,CO[C@H]1C(=O)N([C@@H](C2SCCCS2)C2OC(C)(C)OC2C2COC(C)(C)O2)[C@H]1/C=C/c1ccccc1,CHEMBL313838
DEC_4606,decoy,O=C(O)Cn1c(=O)c2cc(Cl)ccc2n(Cc2ccc(Br)cc2F)c1=S,CHEMBL289990
DEC_2660,decoy,C=C(C)[C@]12C[C@@H](C)[C@@]34OC(Cc5ccccc5)(O[C@@H]1C3C=C(CO)C[C@]1(O)C(=O)C(C)=CC41)O2,CHEMBL269304
DEC_3061,decoy,COc1nc(-c2cc(C)c(OCCCc3cc(C)no3)c(C)c2)no1,CHEMBL28610
DEC_0830,decoy,CN1CCc2c(n(C)c3ccccc23)C(c2ccccc2)C1,CHEMBL23229
DEC_4455,decoy,CN1CCC23c4c5ccc(O)c4OC2[C@H]2OC[C@@]2(CCCCc2ccccc2)CC3C1C5,CHEMBL9968
DEC_4334,decoy,Fc1ccc(-c2ncn(C3CCNCC3)c2-c2ccnc(Oc3ccc(C(F)(F)F)cc3)n2)cc1,CHEMBL264227
DEC_0496,decoy,CCCc1cc(=O)oc2c3c(c4c(c12)OC(C)(C)C=C4)O[C@H](C)C(C)(C)[C@H]3O,CHEMBL267679
DEC_4552,decoy,O=C1c2ccccc2CCCN1CCN1CCC(c2c[nH]c3ccccc23)CC1,CHEMBL267062
DEC_1509,decoy,COc1cc2c(Nc3ccc(Cl)cc3F)ncnc2cc1OCCN(C)c1ccncc1,CHEMBL25579
DEC_1731,decoy,O=C(c1ccccc1Cl)N1CC[C@H](NCc2ccnc3ccccc23)C[C@H]1Cc1ccccc1,CHEMBL444043
DEC_1779,decoy,CC[C@]1(c2ccsc2)OC[C@H]([C@@H]2CCCCN2)O1,CHEMBL282809
DEC_0590,decoy,O=C(C[C@H]1CCC[C@H](OCc2cc(C(F)(F)F)cc(C(F)(F)F)c2)[C@@H]1c1ccccc1)NCc1cccnc1,CHEMBL26086
DEC_4151,decoy,CN(C)CCSc1nccc(-c2cccs2)n1,CHEMBL283729
DEC_3767,decoy,Cc1cn(C2OC(COC(c3ccccc3)(c3ccccc3)c3ccccc3)C(F)C2F)c(=O)[nH]c1=O,CHEMBL42700
DEC_1175,decoy,CC[C@H]1Nc2cc3nc(O)cc(C(F)(F)F)c3cc2C[C@@H]1C,CHEMBL7455
DEC_0918,decoy,Cc1cc(C(c2ccc(C3CCCCC3)cc2)N2CCN(C)CC2)sn1,CHEMBL22438
ACT_074,active,N#C/C=C/c1ccc(C(=C2C3CC4CC(C3)CC2C4)c2ccc(O)cc2)cc1,CHEMBL4068722
DEC_2901,decoy,C=CCC1Oc2ccc(OCC#N)c(OC)c2-c2ccc3c(c21)C(C)=CC(C)(C)N3,CHEMBL8055
DEC_0975,decoy,CC(C)(C)n1cc(C(=O)O)c(=O)c2cc(F)c(N3CCNC(CF)C3)cc21,CHEMBL27029
DEC_2296,decoy,O=S(=O)(c1ccc(F)cc1)N1Cc2ccccc2N(Cc2c[nH]cn2)C(CCc2ccccc2)C1,CHEMBL267942
DEC_0354,decoy,O=C(O)CCCC/C=C(\c1ccccc1)c1cccnc1,CHEMBL26820
ACT_071,active,Oc1ccc(CCNc2nc(SCCCc3ccc(Cl)cc3)nc(N3CCNCC3)n2)cc1,CHEMBL346455
DEC_3719,decoy,CSc1cc(C(=O)NC[C@H]2CCCN2Cc2ccccc2)c2c(c1)N(C)CCO2,CHEMBL278151
DEC_0194,decoy,CC(C)(C)COc1cc(C(C)(C)C)ccc1C/N=C(\S)NCc1ccc(NS(C)(=O)=O)cc1,CHEMBL48998
DEC_1543,decoy,Cc1cc(C(C)(C)C)c(O)c(C)c1CC1=NCCN1,CHEMBL762
DEC_2522,decoy,FC(F)(F)c1cccc(COCC2(c3ccccc3)CCNCC2)c1,CHEMBL281828
DEC_2851,decoy,Cc1cc(C)cc(C(=O)N2CC[C@@H](NCc3ccnc4ccccc34)C[C@@H]2Cc2ccccc2)c1,CHEMBL297883
DEC_3818,decoy,CN1CCN(C2=Nc3cc(Cl)ccc3N(C)c3ccccc32)CC1,CHEMBL266723
ACT_062,active,Cn1cncc1/C=C/c1ccc(C2(C)c3ccc(O)cc3CCN2c2ccc(F)cc2)cc1,CHEMBL4070586
DEC_0157,decoy,CO/C1=C\C(C)=C\[C@@H](C)C(=O)[C@@H](C)C/C(C)=C/C=C/[C@H](OC)[C@@H]([C@@H](C)[C@@H](O)[C@H](C)C(=O)O)OC1=O,CHEMBL55768
DEC_3198,decoy,S=C=Nc1cc(-c2nc(-c3ccco3)no2)ccc1Cl,CHEMBL21130
DEC_4205,decoy,C/C(=N\N=C(/S)Nc1ccccc1N)c1ccccc1,CHEMBL33328
ACT_037,active,O=C(Nc1cnn(C23CC4CC(CC(C4)C2)C3)c1)c1cnn2c(C(F)(F)F)cc(-c3ccco3)nc12,CHEMBL1331084
DEC_4068,decoy,O=C(OC1CN2CCC1CC2)c1cc(Cl)cc2nc[nH]c12,CHEMBL416172
DEC_1282,decoy,C[Si](C)(C)OC(C#N)C1CCCCCCCCCC1,CHEMBL18302
DEC_0674,decoy,COc1cc2cc(C(=O)N3C[C@H]4C[C@@]45C3=CC(=O)c3[nH]c(C)c(C(=O)SCc4ccccc4)c35)[nH]c2c(OC)c1OC,CHEMBL443020
DEC_4273,decoy,Cc1cc(C)n(/C(=N\c2ccccc2)c2ccccc2)n1,CHEMBL38183
DEC_2097,decoy,c1ccc(N2c3ccccc3CC2C2=NCCN2)cc1,CHEMBL41064
DEC_0577,decoy,CC(C)c1cc(Br)cc(C(C)C)c1OC(=O)NS(=O)(=O)Oc1c(C(C)C)cccc1C(C)C,CHEMBL21539
DEC_4529,decoy,Fc1ccc(C(OC2CC3CCC(C2)N3CC2CC2)c2ccc(F)cc2)cc1,CHEMBL440272
DEC_1320,decoy,CN(C/C=C/c1ccccc1)c1cccc2ccccc12,CHEMBL21809
DEC_4177,decoy,Fc1ccccc1Cn1cnc2c(NC3CC3)ncnc21,CHEMBL268616
DEC_3393,decoy,Clc1cccc(Nc2nc(NCCN3CCCC3)c3ccccc3n2)c1,CHEMBL31459
DEC_3234,decoy,CC(C)n1cc(C(=O)O)c(=O)c2cc(F)c(N3CCC(N)C3)cc21,CHEMBL15335
DEC_4619,decoy,COCCOCc1ccc2ccccc2c1/C=C(C)/C=C/C(O)=C1\C(=O)CN(C)C1=O,CHEMBL11186
DEC_3569,decoy,CCOC(=O)Nc1cc2c(c(N)n1)N=C(CN(C)c1ccc(C(=O)OC)cc1)CN2,CHEMBL9597
DEC_1995,decoy,O=C(Nc1ccc(C(=O)N2Cc3cccn3Cc3ccccc32)cn1)c1ccccc1-c1ccccc1,CHEMBL297705
DEC_1627,decoy,CC(C)C1=CC2CC3(C=O)[C@@H]4CC[C@@H](C)[C@H]4CC2(CO[C@@H]2O[C@H](C)[C@H]4OC[C@H](C)[C@H]4[C@@H]2O)C13C(=O)O,CHEMBL297124
DEC_2363,decoy,OC(c1ccccc1Cl)C(O)(Cn1ccnc1)c1ccccc1Cl,CHEMBL267087
DEC_0856,decoy,O=C1C2C3CCC(C4CC43)C2C(=O)N1CCCCN1CCN(c2cncc(Cl)n2)CC1,CHEMBL285106
DEC_2778,decoy,O=C1CCc2cc3c(c4c5cc6c(cc5n1c24)OCO6)CCNC3,CHEMBL280675
ACT_066,active,Cc1ccc(-c2nnc(S)n2/N=C/C=C/c2ccccc2[N+](=O)[O-])cc1,CHEMBL3189771
DEC_0494,decoy,O=C(NCCCn1ccnc1)c1cc(Br)c(Br)s1,CHEMBL8879
DEC_0863,decoy,O=C1C2C3C=CC(C4CC34)C2C(=O)N1CCCCN1CCN(c2ccc(Cl)nn2)CC1,CHEMBL29218
DEC_2233,decoy,O=C1Nc2ccc(Cl)cc2C(C#CC2CC2)(C(F)(F)F)OC1CC(F)(F)F,CHEMBL31285
DEC_4125,decoy,C[C@@H](c1ccccc1)n1cnc2c(N(C)C)ncnc21,CHEMBL275514
DEC_1272,decoy,CN[C@@H](C)[C@H]1COC(c2ccccc2)(c2ccccc2)O1,CHEMBL282598
DEC_1501,decoy,c1ccc(COc2ccc(OCCCc3nnn[nH]3)cc2OCc2ccc3ccccc3n2)cc1,CHEMBL18108
DEC_1438,decoy,CCN(CC)CCNc1ccc2ncn3c4ccc(C(C)(C)C)cc4c(=O)c1c23,CHEMBL8801
DEC_3291,decoy,O=C(O)CCCCCCCOc1ccc(NC(=O)c2c(O)nc3cccc([N+](=O)[O-])c3c2O)cc1,CHEMBL10543
DEC_1660,decoy,Cc1nnc2n1-c1sc(C#CCN3C(=O)Cc4ccccc43)cc1C(c1ccccc1Cl)=NC2,CHEMBL429066
DEC_3311,decoy,Cc1ccc(-c2cn(Cc3ccc(Cl)cc3Cl)cc2C(c2ccccc2)n2ccnc2)cc1,CHEMBL282691
DEC_4173,decoy,CCC1=C(c2ccc(-n3ccnc3C)cc2)CNC1=O,CHEMBL8777
DEC_2222,decoy,CN(C)CCc1nnc2n1-c1ccc(Br)cc1C(c1ccccc1)=NC2,CHEMBL278247
DEC_4009,decoy,CC(CNC(=O)C1=CC(C)(C)NC1(C)C)NCc1cccs1,CHEMBL15435
ACT_098,active,COc1cccc2c1-c1ccc(NS(C)(=O)=O)c(Br)c1C(c1ccccc1)O2,CHEMBL63768
DEC_2954,decoy,Cc1c(Nn2c(C)ccc2C)nnc(N2CCOCC2)c1C,CHEMBL427815
DEC_1237,decoy,CCN(CC)C(=O)[C@@H]1C=C2c3cccc4[nH]cc(c34)C[C@H]2N(C)C1,CHEMBL263881
DEC_2460,decoy,CC(C)CN(C1=NCCN1)c1c(Br)cccc1Br,CHEMBL19924
DEC_0099,decoy,CCCc1cc(=O)oc2c3c(c4c(c12)OC(C)(C)C=C4)O[C@@H](C)[C@H](C)[C@H]3O,CHEMBL268207
DEC_3079,decoy,CCCCCc1c(C(C)C)nc(C(C)C)c(CO)c1-c1ccc2c(c1)CCCC2,CHEMBL25375
DEC_0601,decoy,CN(C)c1cccc2c(S(=O)(=O)Nc3ncc(Br)nc3C#N)cccc12,CHEMBL6296
DEC_1972,decoy,Cc1cccc(C2=CCN(C(=O)c3ccc(Nc4ccnc5cc(C(F)(F)F)ccc45)cc3)CC2)c1,CHEMBL282586
DEC_1308,decoy,N#CC(c1ccc(Cl)c(Cl)c1)C1CCCC1,CHEMBL39241
DEC_2370,decoy,C[C@H]1CCCN(CC[C@H](C)N(C)S(=O)(=O)c2cccc3ccccc23)C1,CHEMBL276255
DEC_0959,decoy,O=C1CCN(c2c(F)cc3c(=O)c(C(=O)O)cn(C4CC4)c3c2F)C1,CHEMBL289015
ACT_072,active,Cc1c(-c2ccc(OC(C)C)cc2)n(Cc2ccc(OC3C=CC=C3)cc2)c2ccc(O)cc12,CHEMBL3657185
DEC_2141,decoy,O=c1cc(-c2cccc(/C=C/c3ccc4ccccc4n3)c2)oc2ccc(-c3nn[nH]n3)cc12,CHEMBL33607
DEC_4191,decoy,CN(C)CC1NCC(c2ccccc2)c2ccccc21,CHEMBL414182
DEC_2254,decoy,Nc1ncnc2c1ncn2CCOCP(=O)(OCC(Cl)(Cl)Cl)OCC(Cl)(Cl)Cl,CHEMBL54330
DEC_1526,decoy,O=C(O)[C@@H]1C[C@@H](c2ccccc2)CN1C(=O)CP(=O)(O)CCCCc1ccccc1,CHEMBL16277
DEC_2762,decoy,CCN1CCCC[C@H]1[C@H]1COC(c2ccccc2)(c2ccccc2)O1,CHEMBL287654
DEC_1577,decoy,Nc1nc(O)c2c(n1)CCC(CBr)C2,CHEMBL25384
DEC_2502,decoy,Cc1cc(-c2c(F)cc3c(=O)c(Cc4ccncc4)cn(C4CC4)c3c2F)cc(C)n1,CHEMBL7216
DEC_2382,decoy,CC1CCN(CC[C@@H](C)N(C)S(=O)(=O)c2cccc3ccccc23)CC1,CHEMBL12777
DEC_4080,decoy,Nc1ccc(C(F)(F)F)cc1C[S+]([O-])c1nc2ccccc2[nH]1,CHEMBL423289
DEC_3529,decoy,CCC1(c2ccc(Br)cc2)CN(C)Cc2sc(C)cc21,CHEMBL276343
DEC_3549,decoy,CC1c2cccc3c2N(CC3)c2ccccc2N1C(=O)CCN1CCCCC1,CHEMBL28594
DEC_2134,decoy,C=CS(=O)(=O)Nc1cccc(C(c2c(O)oc3c(c2=O)CCCCCC3)C2CC2)c1,CHEMBL16473
DEC_1355,decoy,CNc1nc(Cl)c(C)c(N2CCN(C)CC2)n1,CHEMBL32777
DEC_1433,decoy,CC[S+]([O-])c1nnc(-c2cc(C(C)(C)C)c(O)c(C(C)(C)C)c2)s1,CHEMBL16843
DEC_2506,decoy,Cc1cccc2[nH]cc(CCNCC(O)c3cccc(Cl)c3)c12,CHEMBL416190
DEC_0978,decoy,CC(C)(C)c1cc(-c2nnc(N=C(N)N)s2)cc(C(C)(C)C)c1O,CHEMBL16826
DEC_3028,decoy,C=C(c1cc(Cl)cc(C)c1OCC(O)CNC(C)(C)C)n1ccnc1,CHEMBL15326
DEC_3364,decoy,O=S(=O)(Nc1ccccc1OCc1ccc2ccccc2n1)C(F)(F)F,CHEMBL273580
DEC_3951,decoy,OC[C@@]1(CCCCCc2ccccc2)CC2C3Cc4ccc(O)c5c4C2(CCN3CC2CCC2)C(O5)[C@@H]1O,CHEMBL274289
DEC_3435,decoy,c1ccc(CCN2CCC3=C(C2)C(c2ccccc2)c2ccccc23)cc1,CHEMBL23312
DEC_1896,decoy,CCN1CCCC1CNC(=O)c1cc(N(C)S(C)(=O)=O)c(C)cc1OC,CHEMBL15156
DEC_4489,decoy,CN[C@H]1CC[C@@H](c2ccc(OC)cc2)c2ccccc21,CHEMBL35878
DEC_0616,decoy,Cc1nsc(-c2ccc(N3CCN(c4ccc(C(F)(F)F)cc4)CC3)nn2)n1,CHEMBL14621
DEC_2365,decoy,Cc1ccccc1-c1cc(N(Cc2ccccc2)Cc2cncn2C)ccc1C#N,CHEMBL28659
DEC_0331,decoy,CCCCCCCCCC[C@@H]1CC[C@H]2[C@H](O)CCCN2C1,CHEMBL278521
DEC_1893,decoy,O=C1CC2(CCCC2)CC(=O)N1CCCCN1CCN(c2ncccn2)CC1,CHEMBL49
DEC_2031,decoy,CCC(C)C(N)C(=O)N1CCN(CCNc2ccnc3cc(Cl)ccc23)CC1,CHEMBL30971
DEC_3574,decoy,CCCCNC(=O)C1CCCN(c2nc(N)c3cc(OC)c(OC)cc3n2)C1,CHEMBL266279
DEC_4600,decoy,Clc1ccc2c(c1)C(c1ccccc1)=NCc1nnc(C(CN3CCOCC3)c3ccccc3)n1-2,CHEMBL279369
DEC_2089,decoy,Oc1cc2c(cc1O)[C@@H]1C[C@@H]3C[C@H](O)CC[C@@H]3CN1CC2,CHEMBL27355
DEC_2644,decoy,CC1(C)CC[C@H](C2=NCCN2)c2ccc(O)c(O)c21,CHEMBL33809
ACT_053,active,COc1ccc2[nH]c3nc(SCc4nnc(-c5ccc(C)cc5)o4)nnc3c2c1,CHEMBL1324290
DEC_2885,decoy,CC[C@](OC)(C(=O)OC)c1cc(F)cc(OCc2ccc3ccccc3c2)c1,CHEMBL21880
DEC_0339,decoy,CCCCCCCCCC(=O)CC(=O)NC1CCSC1=O,CHEMBL8811
DEC_2124,decoy,CCC1(c2cccc(Oc3cc(Cn4ccnc4)ccc3C#N)c2)CCCCN(C)C1=O,CHEMBL282499
DEC_0861,decoy,CCc1c2c(nc3cnc(CCCN(C)C)cc13)-c1cc3c(c(=O)n1C2)COC(=O)[C@]3(O)CC,CHEMBL275538
DEC_1900,decoy,CCCC(=O)O[C@@H]1[C@@H](C)[C@@]2(O)[C@@H](C=C(CO)C[C@]3(O)C(=O)C(C)=C[C@@H]23)[C@@H]2C(C)(C)[C@]12OC(=O)CCC,CHEMBL27768
DEC_2013,decoy,CCC/C=C/C(=O)O[C@H](CC=C(C)C)C1=CC(=O)c2c(O)ccc(O)c2C1=O,CHEMBL9266
DEC_4469,decoy,SC1=Nc2ccc(-c3cccc(Cl)c3)cc2C12CCC2,CHEMBL25261
DEC_3115,decoy,CN1CC=C(c2c[nH]c3ccc(Br)cc23)CC1,CHEMBL27227
DEC_0379,decoy,CC1(C)OC(S)=Nc2ccc(-c3ccc(C#N)o3)cc21,CHEMBL24245
DEC_3705,decoy,Cc1ccc(/C=C2\CS(=O)(=O)CC3C2=NN(CC(F)(F)F)C3c2ccc(C)cc2)cc1,CHEMBL290108
DEC_2686,decoy,CCN(Cc1cc(Nc2ccnc3cc(Cl)ccc23)ccc1O)C(=O)N1CCN(C)CC1,CHEMBL35537
DEC_3349,decoy,NC(COCc1cc(C(F)(F)F)cc(C(F)(F)F)c1)C(c1ccccc1)c1ccccc1,CHEMBL281940
DEC_4105,decoy,NC(=O)c1cc2c(SCc3ccc(Cl)cc3)cncc2s1,CHEMBL269570
DEC_2293,decoy,CCOC(=O)N[C@@H](c1ccoc1)[C@@H](O)C(=O)OC1CC2C(C)(C)C1(C)[C@@]13C[C@H](C)c4ccccc4[C@@]21O3,CHEMBL286209
DEC_2297,decoy,CCCCc1cn(-c2c(CC)cccc2CC)c(=O)n1Cc1ccc(-c2ccccc2-c2nn[nH]n2)nc1,CHEMBL274668
DEC_0737,decoy,C#CC(C)(C)Nc1nc(C(Cl)(Cl)Cl)nc2ccccc12,CHEMBL279591
DEC_1490,decoy,CCCCc1nc2c(n1Cc1ccc(-n3cccc3-c3nn[nH]n3)cc1)/C(=C/C(=O)O)CCCC2,CHEMBL443000
DEC_2774,decoy,CC1c2cccc3c2N(CC3)c2ccccc2N1C(=O)CCN(C)C,CHEMBL28621
DEC_1968,decoy,Cc1nnc2n1-c1sc(C#Cc3ccc(C4CCCCC4)cc3)cc1C(c1ccccc1Cl)=NC2,CHEMBL33857
DEC_0787,decoy,CCCN1CCC(COc2nc3cc(Cl)ccc3c3c2CCCCN3)CC1,CHEMBL35044
DEC_4121,decoy,CN(C)c1ncnc2c1ncn2C1CCCc2ccccc21,CHEMBL7579
DEC_4174,decoy,Cc1cn(-c2cc(C)c3[nH]c(=O)ccc3c2)c(C)n1,CHEMBL37971
DEC_1854,decoy,O=C1C2C3C=CC(C4C=CC43)C2C(=O)N1CCCCN1CCN(c2cnccn2)CC1,CHEMBL28179
DEC_1908,decoy,COC(=O)[C@@]1(O)CC2O[C@]1(C)n1c3ccc(CO)cc3c3c4c(c5c6cc(CO)ccc6n2c5c31)C(=O)NC4,CHEMBL53839
DEC_4096,decoy,O=C(c1ccc(Br)cc1)c1ccc2n1CCC2C(=O)O,CHEMBL8991
DEC_4659,decoy,O=C(Cn1c(Cl)cnc(NCC(F)(F)c2ccccn2)c1=O)NCc1ncccc1F,CHEMBL30054
DEC_0328,decoy,CC(C)CCCC(C)CCCC(C)N1CCCC(O)C1,CHEMBL17219
DEC_3810,decoy,CC(=O)OC1CCCCC1[N+]1(C)CCC(c2ccccc2)CC1,CHEMBL418373
DEC_3222,decoy,O=C(O)[C@@H]1C[C@H]2C[C@@H](c3csc(-c4nn[nH]n4)c3)CC[C@H]2CN1,CHEMBL16261
DEC_3111,decoy,Cc1ccc([C@@H](O)[C@@H]2CCCc3cc(C)cnc32)cc1,CHEMBL288146
DEC_4491,decoy,CC(C)(O)CC(=O)c1cc(C(C)(C)C)c2c(c1)C(C)(C)CO2,CHEMBL14164
DEC_3883,decoy,CN1CCN2CC(c3ccc(N)cc3)c3ccccc3C2C1,CHEMBL6455
DEC_3592,decoy,CCCCNC(=O)CCC1CCN(c2nc(N)c3cc(OC)c(OC)cc3n2)CC1,CHEMBL267457
DEC_3823,decoy,O=C1Nc2ccc(Cl)cc2C(C#Cc2ccsc2)(C(F)(F)F)O1,CHEMBL17627
DEC_2559,decoy,CCC1CCC(NC(=O)N(CCCl)N=O)CC1,CHEMBL274809
DEC_3242,decoy,C=CCc1cc(C(=O)O)c(=O)n2cc(F)c(N3CC[C@H](N)C3)c(C)c12,CHEMBL417628
DEC_3324,decoy,CCCN1CN(CCC)C(c2c(Cl)cccc2Cl)C1c1c(Cl)cccc1Cl,CHEMBL281526
DEC_0831,decoy,c1ccc(C(c2ccccc2)(n2ccnc2)n2ccnc2)cc1,CHEMBL25910
DEC_3254,decoy,CNn1cc(C(=O)O)c(=O)c2cc(F)c(N3CCSCC3)cc21,CHEMBL12750
DEC_0675,decoy,O=C([C@@H](Cc1c[nH]cn1)N1C(=O)c2ccccc2C1=O)N1CCC(=C2c3ccc(Cl)cc3CCc3cccnc32)CC1,CHEMBL100738
DEC_2726,decoy,CC(=O)[C@@]12O[C@](C)(c3ccc(F)cc3)O[C@@H]1CC1C3CCC4=CC(=O)CC[C@]4(C)C3CC[C@@]12C,CHEMBL273837
DEC_3158,decoy,CN(C)CCN(C)C(=O)C1=C/C(=C\c2cccnc2)c2ccccc21,CHEMBL21328
DEC_3340,decoy,Cc1cc(C)n(CCCC2(C)COC(c3nc(-c4ccccc4)c(-c4ccccc4)[nH]3)OC2)n1,CHEMBL281752
DEC_3144,decoy,O=C1C[C@@H](c2ccccc2F)Nc2cc3c(cc21)OCO3,CHEMBL273311
DEC_0558,decoy,CCc1cc(Oc2cccc(N(Cc3ccc(C(F)(F)F)cc3F)C[C@@H](O)C(F)(F)F)c2)ccc1Cl,CHEMBL69882
DEC_1299,decoy,CN1CCC(/C(=C/c2ccccc2)c2ccccc2)CC1,CHEMBL18930
DEC_1306,decoy,CN1CCC(=C2c3ccccc3C=Cc3ccccc32)CC1,CHEMBL516
DEC_4634,decoy,CNC(=S)[C@@]1(c2cccnc2)CCCC[C@@H]1CCNS(=O)(=O)c1ccc(OC)cc1,CHEMBL296446
DEC_1235,decoy,CC1CCCCN1c1ccc2c(c1Cl)CN1CC(=O)NC1=N2,CHEMBL31948
DEC_4335,decoy,OC(COCc1cc(C(F)(F)F)cc(C(F)(F)F)c1)C(c1ccccc1)c1ccccc1,CHEMBL28003
DEC_1477,decoy,N#Cc1ccc(-c2nc(-c3ccc4c(c3)OCO4)c(-c3ccccn3)[nH]2)cc1,CHEMBL269341
DEC_2827,decoy,CCC(=O)C1C(c2ccc3ccc(I)cc3c2)CC2CCC1N2C,CHEMBL435371
DEC_3290,decoy,CC(C)COc1nc2ccc(C(C)O)cn2c(=O)c1Cc1ccc(-c2ccccc2-c2nn[nH]n2)cc1,CHEMBL54699
DEC_2830,decoy,Cc1ccc(/N=C(/S)OC(Cn2ccnc2)c2ccc(Cl)cc2Cl)c(C)c1,CHEMBL7982
DEC_2193,decoy,Cc1cc(NC(=O)N(C)C(=O)c2ccccc2NC(=O)N(C)C(=O)c2ccccc2N)ccc1Oc1ncc(Br)cn1,CHEMBL303603
DEC_3479,decoy,CCN(CC)C(=O)N(CC)Cc1cc(Nc2ccnc3cc(Cl)ccc23)ccc1O,CHEMBL34906
DEC_4196,decoy,Cc1ccc(Oc2cc(C)cc(C)c2C)c(CC(=O)O)c1,CHEMBL28749
DEC_0201,decoy,Cc1[nH]cnc1CN1c2ccccc2CN(S(=O)(=O)c2ccc(F)cc2)CC1CCc1ccccc1,CHEMBL412904
DEC_1558,decoy,Oc1ccc(C2CNCc3sccc32)cc1O,CHEMBL284609
DEC_3648,decoy,Cc1ccc(NC2=C(Cl)C(=O)c3ccncc3C2=O)cc1,CHEMBL11078
DEC_2847,decoy,O=C1c2c(Cl)c(Cl)c(Cl)c(Cl)c2C(=O)N1CCCCc1ccccc1,CHEMBL275285
DEC_0541,decoy,CCOC(=O)c1ccc(NCCCCCCCCCC/C=C/c2cccs2)cc1,CHEMBL29172
DEC_0151,decoy,O=C(O)Cc1ccccc1Oc1c(Cl)ccc(Cl)c1Cl,CHEMBL282140
DEC_3577,decoy,COc1cc(OC)c(NN=C2CCC(C)n3c2ncc(C(=O)O)c3=O)cc1Cl,CHEMBL14630
DEC_2197,decoy,CCc1nc2c(C)cc(C(=O)O)nc2n1Cc1ccc2oc(-c3ccccc3NS(=O)(=O)C(F)(F)F)c(Br)c2c1,CHEMBL160055
ACT_016,active,Cc1cc(C2=C(c3ccc(O)c(C)c3)[C@H]3[C@@H](S(=O)(=O)Oc4ccccc4Br)C[C@@H]2[S+]3[O-])ccc1O,CHEMBL2031534
DEC_1934,decoy,Cc1noc(NS(=O)(=O)c2ccsc2C(=O)Nc2cc3c(cc2CCO)OCO3)c1Cl,CHEMBL295588
DEC_1259,decoy,CC[C@]1(c2ccc(Cl)cc2)OC[C@H]([C@@H]2CCCCN2)O1,CHEMBL284413
DEC_0623,decoy,CCOc1c(Br)cc(-c2c(N)nc(N)nc2CC)cc1Br,CHEMBL22271
DEC_3758,decoy,COc1cccc2c1C1CCN(CCCCN3C(=O)C4C5C=CC(C6C=CC65)C4C3=O)CC1C2,CHEMBL14224
DEC_2684,decoy,COc1ccc(N2C[C@H](CN3CCC(O)(c4ccc5c(c4)OC4(CCCC4)O5)CC3)OC2=O)cc1,CHEMBL47279
DEC_1048,decoy,O=c1oc2cc(OCC(O)CN3CCN(Cc4ccc(Cl)cc4)CC3)ccc2c(O)c1[N+](=O)[O-],CHEMBL32097
DEC_3533,decoy,C(=C/c1nc(-c2ccccc2)nc2c1ncn2Cc1ccccc1)\c1ccccc1,CHEMBL277710
DEC_3608,decoy,O=C1Nc2ccc(Br)cc2C12SCCS2,CHEMBL6548
DEC_3957,decoy,NC(=O)CCc1ccccc1CC1C2CCC(O2)C1c1nc(C(=O)NCCCCC2CCCCC2)co1,CHEMBL30928
DEC_0002,decoy,FC(F)(F)COc1nc(C(Cl)(Cl)Cl)c(Cl)c(OCC(F)(F)F)c1Cl,CHEMBL11278
DEC_1107,decoy,CC(C)C[C@H](NC(=O)[C@@H](NC(=O)[C@H](CC(=O)N(C)OCc1ccccc1)NC(=O)OC(C)(C)C)C(C)C)C(=O)N[C@@H](CO)C(=O)O,CHEMBL334415
DEC_3232,decoy,CCn1cc(C(=O)O)c(=O)c2cc(F)c(N3C[C@H](N)[C@H]3C)c(F)c21,CHEMBL19751
DEC_4474,decoy,Cc1cc(Nc2ccc(O)cc2)c2c(ccc3c[nH]nc32)n1,CHEMBL32790
DEC_2404,decoy,Cc1cc(CCCOc2c(C)cc(-c3noc(CC(F)(F)F)n3)cc2C)on1,CHEMBL28454
DEC_0971,decoy,CC(/N=c1\c(O)c(O)\c1=N/c1cncc(Br)c1)C(C)(C)C,CHEMBL278299
DEC_0930,decoy,C=CCN1CCCC[C@H]1[C@H]1COC(c2ccccc2)(c2ccccc2)O1,CHEMBL27830
DEC_4376,decoy,CCC(=O)n1c(O)nc(CC)c1C(=O)c1ccc(-n2ccnc2C)cc1,CHEMBL424588
DEC_2435,decoy,CCCC1=C[C@@]2(OC)C(=C/C1=N/OC)O[C@H](c1ccc(OC)c(OC)c1)[C@H]2C,CHEMBL30465
DEC_0977,decoy,Nc1nc(N)c2c([S+]([O-])c3ccc(Cl)c(Cl)c3)cccc2n1,CHEMBL6642
DEC_4142,decoy,c1ccc(-c2ncnc3c2ncn3C2CCOCC2)cc1,CHEMBL28074
DEC_1536,decoy,C=CCC1([C@@H](C)C#CCC)C(=O)NC(=S)NC1=O,CHEMBL22647
DEC_3886,decoy,CCCN1CC=C(c2c[nH]c3ccc(C(=O)OC)cc23)CC1,CHEMBL417841
ACT_089,active,Cc1ccc(-c2csc(NC(=O)c3ccno3)n2)cc1,CHEMBL577758
DEC_2065,decoy,CNc1cccc(-c2ncc(C)c3nc(NC)nn23)c1,CHEMBL21855
DEC_1007,decoy,CC(=O)OCC/C(COC(C)=O)=C(\CC1(C)C(C)CCC2(C)C1CCCC2(O)CO)OC(C)=O,CHEMBL416628
DEC_1817,decoy,Cc1cc(C(c2ccc(C(C)C)cc2)N2CCCCC2)sn1,CHEMBL22748
DEC_0169,decoy,CC(C)(C)C(=O)OCc1cc(C(C)(C)C)ccc1C/N=C(\S)NCc1ccc(NS(C)(=O)=O)cc1,CHEMBL47282
DEC_0336,decoy,CCCCCCCC/C=C(\NC(=O)C1CC1(C)C)C(=O)O,CHEMBL12141
DEC_2899,decoy,COC(C)(c1nccs1)c1cc(OCc2ccc3ccccc3c2)ccc1C,CHEMBL21609
DEC_2314,decoy,C=C(Cl)C(=O)N[C@@H]1CCC2(O)C3Cc4ccc(O)c5c4C2(CCN3CC2CC2)C1O5,CHEMBL282203
DEC_2648,decoy,NCCc1c[nH]c(-c2cccc(C(F)(F)F)c2)n1,CHEMBL24665
DEC_1435,decoy,Cc1cc(Nc2ccc(OCC3CCCCC3)cc2)c2c(ccc3c[nH]nc32)n1,CHEMBL281878
DEC_2218,decoy,COc1cc2c(cc1OC)-c1c/c(=N\c3c(C)cc(C)cc3C)n(C)c(=O)n1CC2,CHEMBL285913
DEC_2845,decoy,COc1ccc2c3c1OC1[C@H]4OC[C@@]4(CCCCc4ccccc4)CC4C(C2)N(C)CCC341,CHEMBL10006
DEC_1831,decoy,c1ccc2c(c1)Oc1ccccc1C2NCc1ccncc1,CHEMBL417460
DEC_2577,decoy,N[C@H](C(=O)N1CCC(F)(F)C1)C1CCCCC1,CHEMBL280658
DEC_2068,decoy,Nc1ncc(Cc2ccc(OC(F)(F)F)cc2)c(N)n1,CHEMBL19771
DEC_0164,decoy,CCN(CC)CCn1nc2c3c(c(NC(=O)CNC(=O)OC(C)(C)C)ccc31)Sc1cc(OC)ccc1-2,CHEMBL290877
DEC_0706,decoy,CC1(O)C[C@@]23CCC4c5ccoc5C=C[C@@]4(C)C2CCC1C3,CHEMBL31943
DEC_0434,decoy,CN(C)CCSC1=Cc2ccccc2Sc2ccccc21,CHEMBL428538
DEC_0503,decoy,COC1(c2cc(F)cc(Sc3ccc4c(c3)CC/C4=N\O)c2)CCOCC1,CHEMBL28066
DEC_1045,decoy,C[Si](C)(C)CCOC(=O)C1C2CC(=O)C(c3cc(O)ccc32)C1C(=O)OCCN1CCOCC1,CHEMBL12461
DEC_2934,decoy,CC1SCC(NC(=O)N(CCCl)N=O)CS1,CHEMBL266629
DEC_0289,decoy,CN(C)Cc1ccc(CSCc2ccc(CSCc3ccc(CN(C)C)o3)cc2)o1,CHEMBL12472
DEC_4379,decoy,COC1=CC(=O)C[C@@H](C)[C@]12Oc1c(Cl)c(OC)cc(OC)c1C2=O,CHEMBL562
DEC_4616,decoy,O=C1[C@@H](NS(=O)(=O)c2ccc(-c3ccncc3)s2)CCN1Cc1cc2cc[nH]cc-2n1,CHEMBL266983
DEC_2897,decoy,COc1ccc([C@H](Cc2ccncc2)c2ccsc2)cc1OC1CCCC1,CHEMBL286998
DEC_3244,decoy,C[C@@]1(CO)[C@H](O)CC[C@@]2(C)[C@H]1CCC1C[C@@H]3C[C@@]12CC[C@]3(O)CO,CHEMBL12500
DEC_2109,decoy,Cc1ccccc1-c1cc(N(Cc2cccc(C#N)c2)Cc2cncn2C)ccc1C#N,CHEMBL28707
DEC_2078,decoy,Brc1ccc2c3c([nH]c2c1)C=NCC3,CHEMBL428999
DEC_0755,decoy,CCCc1cc(=O)oc2c3c(c4c(c12)OC(C)(C)C=C4)O[C@H](C(C)C)[C@@H](C)[C@@H]3O,CHEMBL266921
DEC_0850,decoy,CCCCCn1cnc2c(C#CC#Cc3ncnc4c3ncn4CCCCC)ncnc21,CHEMBL9930
DEC_4678,decoy,COc1ccc(OC)c2c1C1CCC2[C@H](N)C1,CHEMBL286609
DEC_0710,decoy,O=C1Nc2ccc(F)c(F)c2C(C#Cc2ccco2)(C(F)(F)F)O1,CHEMBL277723
DEC_2169,decoy,CC[C@@]1(O)C(=O)OCc2c1cc1n(c2=O)Cc2c-1nc1ccccc1c2/C=N/OC(c1ccccc1)(c1ccccc1)c1ccccc1,CHEMBL418843
DEC_2812,decoy,CC(/N=c1\c(O)c(O)\c1=N/[C@H](C)C(C)(C)C)c1ccc(C#N)cc1,CHEMBL280209
DEC_2653,decoy,Oc1cc(CSc2ccccc2)nc(S)n1,CHEMBL35888
DEC_1450,decoy,CC(C)(C)c1cc(-c2nnc(SCCN)s2)cc(C(C)(C)C)c1O,CHEMBL274271
DEC_1488,decoy,C=CC(=O)Nc1ccc2ncnc(Nc3ccc(OCCN(C)C)c(Br)c3)c2c1,CHEMBL31369
DEC_0323,decoy,OCCCCCCCC(Br)CCCCO,CHEMBL262015
DEC_3909,decoy,O=C(O)Cc1ccc2c(c1)C(O)Cc1ccccc1O2,CHEMBL10720
DEC_1243,decoy,c1ccc2c(c1)Oc1ccccc1C2NCCn1ccnc1,CHEMBL20469
DEC_1354,decoy,Cc1ccc(C)n1Nc1ccc(N(C)C)nn1,CHEMBL267560
DEC_3411,decoy,CN1Cc2sc(C(C)(C)C)cc2C(c2ccc(Br)cc2)C1,CHEMBL15633
DEC_2105,decoy,CC1(C)COP(=O)(C(CCC(=O)c2ccoc2)P2(=O)OCC(C)(C)CO2)OC1,CHEMBL274583
DEC_3114,decoy,CC(C)(C)c1cc(-c2nnc(O)o2)cc(C(C)(C)C)c1O,CHEMBL16977
DEC_2700,decoy,COc1cccc2c1CC[C@H]1CN(CCn3c(=O)[nH]c4c(sc5ccc(C)cc54)c3=O)C[C@@H]21,CHEMBL40310
DEC_2415,decoy,CCOc1ccc(CNc2nc(C#CC(C)(O)CC)nc3c2ncn3C(C)C)cc1,CHEMBL282330
DEC_1115,decoy,C[C@H](NC(=O)[C@@H](N)Cc1ccc(O)cc1)C(=O)NCC(=O)N[C@@H](Cc1ccccc1)C(=O)N[C@@H](CC12CC3CC(CC(C3)C1)C2)C(N)=O,CHEMBL431501
DEC_0419,decoy,O=C(O)Cc1ccc2c(c1)C(O)Cc1cc(Cl)ccc1O2,CHEMBL10608
DEC_1400,decoy,C/N=c1\cc(C(C)C)ccc(C(c2ccc(OC)cc2)c2ccc(C(C)C)cc(NC)c2=O)c1O,CHEMBL279293
DEC_0257,decoy,C=C(c1cc(Cl)ccc1OCc1ccsc1Cl)n1ccnc1,CHEMBL26097
DEC_3534,decoy,C(#Cc1nc(-c2ccccc2)nc2c1ncn2Cc1ccccc1)c1ccccc1,CHEMBL19897
DEC_3498,decoy,CCCCCCCCOc1ccc2c3c1OC1C(O)C=CC4C(C2)N(C)CCC341,CHEMBL282862
DEC_0332,decoy,C/C=C(\NC(=O)CCCCCCCCCC)C(=O)O,CHEMBL11883
DEC_4314,decoy,COc1ccc(C(c2ccc(C(C)C)cc(S)c2=O)c2ccc(C(C)C)cc(S)c2=O)cc1,CHEMBL21783
DEC_1203,decoy,COc1cc(C(C)(C)C)c(OC(=O)[N-]S(=O)(=O)Oc2c(C(C)C)cccc2C(C)C)c(C(C)(C)C)c1.[Na+],CHEMBL280176
DEC_1133,decoy,CC(C)(C)c1cc(Cc2cnc(N)nc2N)cc(C(C)(C)C)c1O,CHEMBL277176
DEC_3395,decoy,CC(C)(C)c1cc(-c2nnc(SCCC(=O)O)s2)cc(C(C)(C)C)c1O,CHEMBL16753
DEC_2538,decoy,CC[C@@H]1C[C@H](CC)c2cc3c(C(F)(F)F)cc(O)nc3cc2N1,CHEMBL7383
DEC_3189,decoy,C/C(=N\c1nnc(-c2ccccc2C)s1)N1CCOCC1,CHEMBL267774
DEC_4418,decoy,CCCN(CC1CC1)c1nc(C)nc2c1sc(=S)n2-c1c(C)cc(C)cc1C,CHEMBL17619
DEC_0976,decoy,Cc1c(N2CC[C@H](N)C2)c(F)cn2c(=O)c(C(=O)O)cc(C3CCCC3)c12,CHEMBL279145
DEC_4164,decoy,CC(=O)N(O)c1ccc2c(c1)Cc1cc(F)ccc1-2,CHEMBL35220
DEC_0540,decoy,CCOC(=O)c1ccc(NCCCCCCCCCC/C=C\c2cccs2)cc1,CHEMBL31985
DEC_2734,decoy,CN(C)CCN1C(=O)c2ccc(Cl)c3c(Cl)ccc(c23)C1=O,CHEMBL20203
DEC_0661,decoy,Cc1cc(C)cc(C(=O)N2CCN(C(=O)CNC3CCN(Cc4ncc[nH]4)CC3)[C@H](c3ccc(Cl)c(Cl)c3)C2)c1,CHEMBL108350
ACT_040,active,Oc1c(/C=N/c2cccc3cccnc23)sc2ccccc12,CHEMBL3190827
DEC_1589,decoy,CCN(CC)CCCCNc1nc2cc(Cl)c(Cl)cc2nc1-c1ccc(-c2cccs2)s1,CHEMBL39740
DEC_4246,decoy,COc1ccc(C(F)(F)F)cc1N(C)Cc1cnc2nc(N)nc(N)c2c1C,CHEMBL23076
DEC_0313,decoy,COc1cc(NC(C)CCCN)c2nccc(C)c2c1OCCCCOc1ccccc1,CHEMBL18975
DEC_0630,decoy,CON=C1CCN(c2cc3c(cc2F)c(=O)c(C(=O)O)cn3-c2ccc(F)cc2F)CC1,CHEMBL31994
DEC_0797,decoy,COc1cc2c(Nc3ccc(Cl)cc3F)ncnc2cc1OC1CCN(C)CC1,CHEMBL26050
DEC_4653,decoy,NC(=O)c1cc(N(CCBr)CCBr)c([N+](=O)[O-])cc1[N+](=O)[O-],CHEMBL23612
DEC_0624,decoy,CC1(C)CN(C(=O)N2Cc3c(C(=O)OC(C)(C)C)ncn3-c3ccc(Cl)cc32)CCN1,CHEMBL277383
DEC_1643,decoy,N[C@H](C(=O)N1CC[C@H](F)C1)[C@H]1CC[C@H](NS(=O)(=O)c2ccc(OC(F)(F)F)cc2)CC1,CHEMBL281178
DEC_0775,decoy,CC(C)(C)C1CSC(c2cc(O)c(Br)cc2[N+](=O)[O-])SC1,CHEMBL32035
DEC_1550,decoy,Nc1cc(Cl)c(N=C2NCCN2)c(Cl)c1,CHEMBL647
DEC_1062,decoy,CC(C)(C)NC(=O)Nc1nc2nc(N)ncc2cc1-c1c(Br)cccc1Br,CHEMBL300171
DEC_2445,decoy,COc1ccc(C23OCC24C2COC(c5cc(OC)c(OC)cc53)C24)cc1OC,CHEMBL18378
DEC_4539,decoy,CCCCCc1cc(O)c2c(c1)OC(C)(C)[C@@H]1CC[C@H](CN(C)C)CC21,CHEMBL28456
DEC_0550,decoy,FC(F)(F)c1cc(CN2CC[C@H](NCc3ccnc4ccccc34)C[C@H]2Cc2ccccc2)cc(C(F)(F)F)c1,CHEMBL41057
DEC_2623,decoy,Oc1cc2c(cc1O)CC(N1CCCCC1)C2,CHEMBL416166
DEC_3145,decoy,O=C1CC(c2ccccc2F)Nc2cc3c(cc21)OCO3,CHEMBL16092
DEC_2149,decoy,CCCCN1CCC(COc2nc3ccc(Cl)cc3c3c2CCCCN3)CC1,CHEMBL32161
DEC_4553,decoy,CC(C)c1cccc(C(C)C)c1OS(=O)(=O)NC(=O)OC1CCCCC1,CHEMBL21437
DEC_2264,decoy,COCCN(CCOC)c1nc(C)nc2c1sc(=O)n2-c1ccc(C(C)C)cc1Br,CHEMBL17666
DEC_2781,decoy,CC(C)(/N=c1\c(O)c(O)\c1=N/c1ccc(C#N)cc1)c1ccccc1,CHEMBL18829
DEC_2484,decoy,O=C(/C=C1\CN2CCC1CC2)c1ccc(C(=O)c2ccc(Br)cc2)cc1,CHEMBL25460
DEC_0627,decoy,COc1cc2c(cc1OC)-c1cc(N(c3c(C)cc(C)cc3C)C(C)C)nc(=O)n1CC2,CHEMBL35855
DEC_3338,decoy,COc1ccc(C(Cc2ccc(Cl)cc2Cl)C(c2ccc(OC)cc2)n2ccnc2)cc1,CHEMBL22104
DEC_0370,decoy,CC(C)(C)C1CCCC(NC(=O)N(CCCl)N=O)C1,CHEMBL274338
DEC_3215,decoy,C[C@H]1[C@@H](N)CN1c1c(F)cc2c(=O)c(C(=O)O)cn(C3CC3)c2c1F,CHEMBL277699
DEC_1688,decoy,CN1C(=O)COC(c2cccc(Cl)c2)c2cc(C(N)(c3ccc(Cl)cc3)c3cncn3C)ccc21,CHEMBL290456
DEC_2903,decoy,CCCc1cc(Cl)c2oc(Cc3ccc(OC)cc3OC)c(C)c2c1O,CHEMBL18946
DEC_3253,decoy,CC(C)(C)n1cc(C(=O)O)c(=O)c2cc(F)c(N3CCC(CN)C3)nc21,CHEMBL29985
DEC_3104,decoy,CC/C(=C(\Cc1ccccc1)c1ccc(OCN2CCCCC2)cc1)c1ccccc1,CHEMBL11663
DEC_3595,decoy,CN(Cc1ccccc1)Cc1ccn(-c2cc3nc(O)c(O)nc3cc2[N+](=O)[O-])c1,CHEMBL12431
DEC_3654,decoy,CN1CCC(NC2c3ccccc3Oc3ccccc32)CC1,CHEMBL20170
DEC_3156,decoy,CSc1sc(-c2cc[nH]n2)c2c1C(=O)CC(C)(C)C2,CHEMBL17354
DEC_0165,decoy,CCOC(=O)N[C@@H](c1ccsc1)[C@@H](O)C(=O)OC1CC2C(C)(C)C1(C)[C@@]13C[C@@H](C)c4ccccc4[C@@]21O3,CHEMBL31307
DEC_2952,decoy,C/C(CN(C)C)=C(/c1ccccc1OCC(C)C)n1ccnc1,CHEMBL25785
DEC_2819,decoy,CC(/C=C/C(=O)C1=C(O)CN(C)C1=O)=C\c1c(O)ccc2ccccc12,CHEMBL10540
DEC_0346,decoy,CCCC(=O)NC[C@@H]1C[C@H]1c1cccc2c1OC(CCC)N2,CHEMBL19211
DEC_3358,decoy,CCN(CC)C(=O)NCc1cc(Nc2ccnc3cc(Cl)ccc23)ccc1O,CHEMBL36367
DEC_3809,decoy,C[N+]1(C)CCC(COC(=O)Nc2cccc(Cl)c2)CC1,CHEMBL282482
DEC_1676,decoy,Cc1nnc2n1-c1sc(C#Cc3ccc(-c4ccccn4)s3)cc1C(c1ccccc1Cl)=NC2,CHEMBL284079
DEC_4482,decoy,Cc1ccc(Sc2cccc3sc(C(N)=O)cc23)cc1,CHEMBL6442
DEC_2007,decoy,Cc1cnsc1C(c1ccc(C(C)C)cc1)N1CCN(CC(C)O)CC1,CHEMBL416558
DEC_1497,decoy,CCCCc1nn(C(C)C)c(C(=O)O)c1Cc1ccc(-c2ccccc2-c2nn[nH]n2)cc1,CHEMBL21946
DEC_0955,decoy,CN(C1=NCCN1)c1c(Br)cccc1Br,CHEMBL20521
DEC_1901,decoy,CO[C@@H]1[C@@H](OC(=O)c2ccc(C)[nH]2)[C@@H](O)[C@H](Oc2ccc3c(O)c(C(C)=O)c(=O)oc3c2C)OC1(C)C,CHEMBL42026
DEC_2514,decoy,CC(C)Sc1sc(-c2cc[nH]n2)c2c1C(=O)CC(C)(C)C2,CHEMBL275645
DEC_1353,decoy,O=C1c2nc[nH]c2N(CC2CCCCC2)C2=NCCN12,CHEMBL19135
DEC_2843,decoy,Cc1ccc(C#CC(O)(c2ccc(C#N)c(-c3cccc4ccccc34)c2)c2cncn2C)cn1,CHEMBL23753
DEC_1494,decoy,CCN(CC)CCn1nc2c3c(c(NCCN4CCOC4=O)ccc31)Sc1ccc(O)cc1-2,CHEMBL39515
DEC_0919,decoy,N#Cc1ccc(Cn2ccnc2)cc1Oc1ccc(Cl)cc1Cl,CHEMBL22319
DEC_4200,decoy,C=Cc1ccc(C(=O)c2ccc3n2CCC3C(=O)O)cc1,CHEMBL9129
DEC_0803,decoy,S=C=Nc1ccc(-c2noc(C3CCCCC3)n2)cc1,CHEMBL20960
ACT_081,active,O=C(CCCCCn1c(=S)[nH]c2ccccc2c1=O)N1CCN(c2cccc([N+](=O)[O-])c2)CC1,CHEMBL1455849
DEC_3695,decoy,CC(C)(CC(=O)O)CC(=O)O[C@H]1CC[C@]2(C)[C@H]3CC=C4[C@@H]5CC(C)(C)CC[C@]5(C(=O)O)CC[C@@]4(C)[C@]3(C)CC[C@H]2C1(C)C,CHEMBL318169
DEC_1565,decoy,Nc1nc(N)c2c(Cl)c(Br)ccc2n1,CHEMBL266638
DEC_1029,decoy,Cc1noc(NS(=O)(=O)c2ccsc2C(=O)Nc2ccc3c(c2)OCO3)c1Br,CHEMBL283136
DEC_2643,decoy,CC(C)(C)Nc1nc(C(=O)O)nc2ccccc12,CHEMBL16199
DEC_0896,decoy,CC(C)(C)OC(=O)NCC(=O)N1CCN(CCNc2ccnc3cc(Cl)ccc23)CC1,CHEMBL30460
DEC_3836,decoy,CC12C=CC(=O)C=C1[C@H]1CC1C1C2CCC2(C)C1CCC21CCC(=O)O1,CHEMBL12803
DEC_2440,decoy,COc1cc2c(c(OC)c1OC)-c1ccc(SC)c(=O)cc1[C@@H](NC(C)=O)CC2,CHEMBL18981
DEC_3271,decoy,COC(OC)[C@]1(C)Oc2ccc([N+](=O)[O-])cc2[C@H](N(Cc2ncc[nH]2)c2ccc(Cl)cc2)[C@H]1O,CHEMBL44645
DEC_2838,decoy,Cn1cncc1CN(c1ccc(C#N)c(-c2cccc3ccccc23)c1)C1CCCCC1,CHEMBL28970
DEC_2814,decoy,COc1ccccc1N1CCN(Cc2c[nH]c3ncccc23)CC1,CHEMBL435949
DEC_0133,decoy,COc1cc2[nH]c(-c3csc4ccccc34)c(C#N)c2cc1-c1cnco1,CHEMBL283096
DEC_3858,decoy,COc1cc(C2=Cc3ccccc3C3=NCCCN23)cc(OC)c1OC,CHEMBL9906
DEC_2335,decoy,O=C(Cn1c(C2CCNCC2)nc2cc(Cl)c(Cl)cc21)N/N=C/c1cc[n+]([O-])cc1,CHEMBL20106
DEC_0754,decoy,CCCc1cc(=O)oc2c3c(c4c(c12)OC(C)(C)C=C4)O[C@H](C(C)C)[C@@H](C)[C@H]3O,CHEMBL269359
DEC_3532,decoy,C(=C/c1nc(-c2ccccc2)c2ncn(Cc3ccccc3)c2n1)\c1ccccc1,CHEMBL19681
DEC_4284,decoy,CCC(=O)N(c1cccc(C)c1)C1CCCC1N(C)C,CHEMBL21005
DEC_4650,decoy,CCc1cc(C(C)=O)c(O)cc1OCc1cccc(C(=O)N(CC)CCC(=O)O)n1,CHEMBL34956
DEC_3029,decoy,C=C(c1cc(C)cc(C)c1OCC(O)CNC(C)(C)C)n1ccnc1,CHEMBL15454
DEC_3287,decoy,O=c1c(NC/C=C\COc2csc(CN3CCCCC3)c2)c(NCC(F)(F)C(F)(F)F)c1=O,CHEMBL416475
DEC_4373,decoy,COC[C@H]1OC(=O)c2coc3c2[C@@]1(C)C1=CC[C@]2(C)C(=O)CC[C@H]2C1C3=O,CHEMBL268976
DEC_4258,decoy,CCN(CC)CCn1nc2c3c(c(CNC(=O)OC)ccc31)Sc1ccccc1-2,CHEMBL27542
DEC_3871,decoy,Cc1ccc(C)c(C[S+]([O-])c2nc3ccccc3[nH]2)c1N,CHEMBL282218
DEC_3330,decoy,CC(C)c1cccc(C(C)C)c1OS(=O)(=O)NC(=O)OC1[C@H](C(C)C)CCC[C@H]1C(C)C,CHEMBL416009
DEC_3563,decoy,COc1cc(Cc2cnc(N)nc2N)cc(OCCCC(=O)O)c1Br,CHEMBL31887
DEC_2531,decoy,O=C1COC(/C=C/C2CC2)(C(F)(F)F)c2cc(Cl)ccc2N1,CHEMBL29171
DEC_4238,decoy,COC(CN(C)C)c1nnc2n1-c1ccc(Cl)cc1C(c1ccccc1)=NC2,CHEMBL279843
DEC_1857,decoy,CSc1ccc(CC(=O)N2CCN(C(C)=O)CC2CN2CC[C@H](O)C2)cc1,CHEMBL277636
DEC_0794,decoy,O=C1O[C@H](c2ccccc2)[C@@](Cn2ccnc2)(c2ccc(Cl)cc2Cl)O1,CHEMBL10616
DEC_3020,decoy,O=C1C=CC2C3Cc4ccc(O)c5c4C2(CCN3CC2CC2)C1O5,CHEMBL29772
DEC_2539,decoy,CC(/C=C/C(=O)C1=C(O)CN(C)C1=O)=C\c1ccc(-c2ccccc2)cc1,CHEMBL10530
DEC_0280,decoy,CCCCCCCCCCC(=O)O[C@H](CC=C(C)C)C1=CC(=O)c2c(O)ccc(O)c2C1=O,CHEMBL267435
DEC_0090,decoy,Cc1ccc(NS(=O)(=O)c2cccc3c(N(C)C)cccc23)nc1,CHEMBL6463
DEC_4643,decoy,CN(C)CCNc1ccc2c3c(c4cccc(Cl)c4cc13)C(=O)N(CCN(C)C)C2=O,CHEMBL40586
DEC_1757,decoy,CN1CC=C(c2c[nH]c3ccc([S+](C)[O-])cc23)CC1,CHEMBL28105
DEC_4192,decoy,CC1=C/C(=C\c2cccs2)C(=O)C(C)(O)C12CC2,CHEMBL7994
DEC_0543,decoy,CCOC(=O)c1ccc(NCCCCCCCCCCCCc2cccs2)cc1,CHEMBL31255
DEC_1003,decoy,COc1nsnc1N1CCN(C[C@@H](Cc2cccnc2)NC(=O)C2(C)CCCCC2)CC1,CHEMBL266393
DEC_2575,decoy,CN(C)c1cc2c(cc1Cl)NC1=NC(=O)CN1C2,CHEMBL31283
DEC_0308,decoy,c1ccc(COCCOc2ccc([C@H]3CCNC[C@@H]3OCc3ccc4ccccc4c3)cc2)cc1,CHEMBL283683
DEC_3977,decoy,N[C@@H](CS)CNc1cccc(Oc2cccc(C(=O)O)c2)c1,CHEMBL25734
DEC_1052,decoy,O=C1C2Oc3c(O)ccc4c3C23CCN(CC2CC2)C(C4)[C@]3(O)CC12Cc1cccc3cccc(c13)C2,CHEMBL48009
DEC_1074,decoy,C[C@@H]1CC2C3CCC4=Cc5c(cnn5-c5ccc(F)cc5)CC4(C)C3C(O)CC2(C)C1(O)C(=O)CO,CHEMBL14275
DEC_3226,decoy,Cc1c(F)c(N2CCC(N)C2)cc2c1c(=O)c(C(=O)O)cn2C1CC1,CHEMBL16397
DEC_1631,decoy,CCS(=O)(=O)c1ccc2c(c1)/C(=C/c1[nH]c3c(c1CCCN1CCN(C)CC1)CCCC3)C(=O)N2,CHEMBL54283
DEC_1499,decoy,O=C(O)[C@@H]1C[C@H](C2CCCCC2)CN1C(=O)CP(=O)(O)CCCCc1ccccc1,CHEMBL280026
DEC_4133,decoy,CSc1cc(CC(=O)O)n(C)c1C(=O)c1ccccc1,CHEMBL281604
DEC_2831,decoy,OC1(c2ccc(Cl)cc2)CCN(C2=Nc3ccccc3CC=C2c2ccccc2)CC1,CHEMBL274018
DEC_1200,decoy,Cc1[nH]cnc1CN1c2ccccc2CN(S(=O)(=O)c2ccc(Cl)c(Cl)c2)CC1CCc1ccccc1,CHEMBL8414
DEC_3192,decoy,CC1CCN(CCCCN2C(=O)c3cccc4cccc2c34)CC1,CHEMBL275495
DEC_0758,decoy,Cc1ccc(Cn2cnc3c(N(C)c4ccccc4)nc(C(F)(F)F)nc32)cc1,CHEMBL27294
DEC_1449,decoy,O=C1NC(=O)C(CC#Cc2ccc(Cl)cc2)(Sc2ccccc2)S1,CHEMBL11973
DEC_3632,decoy,CC1(C)CC(=O)C(C2OCCc3ccccc32)=C(O)C1,CHEMBL8128
DEC_3819,decoy,CC(=O)N1CCC(=C2c3ccc(Cl)cc3CCc3cc(C=O)cnc32)CC1,CHEMBL268022
DEC_4185,decoy,CC(/C=C/C(=O)C1=C(O)CN(C)C1=O)=C\c1ccccc1,CHEMBL10429
DEC_4274,decoy,CC1(C)OC(/C=C/c2ccc(Br)cc2)=CC1=O,CHEMBL416909
DEC_2965,decoy,CN1CC(=O)/C(=C(O)\C=C\C=C\c2ccc(N(C)C)cc2)C1=O,CHEMBL10507
DEC_3049,decoy,CC1CCC(=NNc2cc(Cl)cc(Cl)c2)c2ncc(C(=O)O)c(=O)n21,CHEMBL14350
DEC_2806,decoy,COc1ccc2c3c4c(cc5c3n(c2c1)C(=O)CC5)CCNC4,CHEMBL277916
DEC_1223,decoy,C=C1C[C@@]23O[C@]2(c2ccccc21)C1CC(OC(=O)[C@H](O)[C@@H](NC(=O)OCC)c2ccc(C)cc2)C3(C)C1(C)C,CHEMBL280644
DEC_2737,decoy,Cc1noc(C)c1C(c1ccc(C(C)C)cc1)N1CCN(C)CC1,CHEMBL22529
DEC_0486,decoy,CCCc1cc(=O)oc2c3c(c4c(c12)OC(C)(C)C=C4)OC(C)(C)[C@H](C)[C@H]3O,CHEMBL266552
DEC_4289,decoy,CC(C)(C)C1CSC(C2=CC(=O)C=CC2=[N+]=[N-])SC1,CHEMBL31906
DEC_0864,decoy,O=C1C2C3C=CC(C4CCC34)C2C(=O)N1CCCCN1CCN(c2ccc(Cl)nn2)CC1,CHEMBL424409
ACT_099,active,C=CCn1c(SCC(=O)NC(=O)NCc2ccco2)nc2sc(CC)cc2c1=O,CHEMBL1302802
DEC_1735,decoy,O=C1c2c(Cl)c(Cl)c(Cl)c(Cl)c2C(=O)N1CCCCCc1ccccc1,CHEMBL276643
DEC_3689,decoy,CC(C)[C@@H]1CC[C@]2(C(=O)O)CC[C@]3(C)C(CCC4[C@@]5(C)CC/C(=N\NC(=O)c6ccccc6)C(C)(C)C5CC[C@]43C)C12,CHEMBL71157
DEC_0189,decoy,Cc1nc(O)c2c(ccc3nc(Nc4c(Cl)cccc4Cl)n(C)c32)c1CCCN1CCOCC1,CHEMBL29566
DEC_2480,decoy,CN1C[C@H](CNC(=O)OCc2ccccc2)C[C@@H]2c3cccc4c3c(cn4C)C[C@H]21,CHEMBL19215
DEC_0454,decoy,CC1(C)OC(S)=Nc2ccc(-c3ccc(C#N)s3)cc21,CHEMBL25469
DEC_4194,decoy,CCC1CCc2cc(CC(=O)O)cc(Cl)c2N1,CHEMBL38004
DEC_0320,decoy,OCCCCCCCCCCC(Br)CO,CHEMBL17407
DEC_3985,decoy,CC(NCCNC(=O)C1=CC(C)(C)NC1(C)C)c1cccs1,CHEMBL278901
DEC_1010,decoy,COc1ccc(N(/C=N/c2ccn(C3CSC(CO)O3)c(=O)n2)c2ccc(OC)cc2)cc1,CHEMBL18509
DEC_4639,decoy,c1cc(CSc2ccc3ccccc3n2)cc(-c2nnn(CCCCc3nnn[nH]3)n2)c1,CHEMBL18922
DEC_2629,decoy,CCNCC1NCC(c2ccccc2)c2ccccc21,CHEMBL6603
DEC_4454,decoy,CC(C)c1nc2ccccc2cc1S(=O)(=O)c1ccc(OCCCNC(C)(C)C)cc1,CHEMBL33531
DEC_1734,decoy,O=C1c2c(Cl)c(Cl)c(Cl)c(Cl)c2C(=O)N1CCCCCCc1ccccc1,CHEMBL275509
DEC_1130,decoy,CC(=O)O.CCN(Cc1ccc(-c2ccccc2)cc1)C(=O)CNC(=O)[C@@H](CCCN=C(N)N)NC(=O)[C@@H](N)Cc1ccc(O)cc1,CHEMBL274428
DEC_0522,decoy,CCCCCCCCCCC(C)(C)C(=O)Nc1c(C)c(N(C)C)c(C)c2c1OC(C)(C)C2,CHEMBL23602
DEC_0902,decoy,Cc1cc(C(Nc2cccnc2)c2ccc(C(C)C)cc2)sn1,CHEMBL22838
DEC_2525,decoy,CCCCC(C)(C)[C@H](O)/C=C/C1[C@H](O)C[C@@H]2OC(=O)CCC/C=C\C[C@H]12,CHEMBL12741
DEC_4505,decoy,CCc1ccccc1-c1n[nH]c(-c2cccc(C)c2C)n1,CHEMBL18673
DEC_0395,decoy,CN1CC=C(c2c[nH]c3ccc(-c4ccncc4)cc23)CC1,CHEMBL282799
DEC_0643,decoy,Cc1nnc2n1-c1sc(C#Cc3ccccn3)cc1C(c1ccccc1Cl)=NC2,CHEMBL285035
DEC_3714,decoy,Cl.O=C(C1CCCN1)N1CCCC1P(=O)(OCC(F)(F)F)OCC(F)(F)F,CHEMBL276884
DEC_1910,decoy,C=C[C@@]1(C)CC(=O)[C@]2(O)C3(C)C(C(O)C(OC(=O)C(C)N4CCCCC4)[C@@]2(C)O1)C(C)(C)CC[C@@H]3O,CHEMBL56592
DEC_2683,decoy,COc1cccc2c1CC[C@H]1CN(CCn3c(=O)[nH]c4c(sc5c(Cl)cccc54)c3=O)C[C@@H]21,CHEMBL41396
DEC_3506,decoy,CCC1Nc2ccccc2C(=O)N1Cc1ccc(-c2ccccc2-c2nn[nH]n2)cc1,CHEMBL279602
DEC_2234,decoy,O=S1(=O)c2cccc3cccc(c23)N1CCN1CC=C(c2c[nH]c3ccccc23)CC1,CHEMBL274517
DEC_3094,decoy,CC(C)=CCC[C@@H](C)[C@H]1CC=C2C3=C(CC[C@@]21C)[C@@]1(C)CC[C@H](O)C(C)(C)[C@@H]1CC3,CHEMBL10850
DEC_0584,decoy,O=C(c1ccccc1)N1CCCC(CCCN2CCC3(CCc4ccccc43)CC2)(c2ccc(Cl)c(Cl)c2)C1,CHEMBL26831
DEC_1516,decoy,CC1C(=O)N(CCCCCCOc2ccc(Cl)cc2)/C(=N\C#N)N1c1ccncc1,CHEMBL16928
DEC_1799,decoy,c1ccc2c(c1)OC1(CCNCC1)C2n1cccc1,CHEMBL35882
DEC_1936,decoy,C=C[C@@]1(C)CC(=O)[C@]2(O)C3(C)C(C(O)C(OC(=O)C(C)Nc4ccccc4)[C@@]2(C)O1)C(C)(C)CC[C@@H]3O,CHEMBL56820
DEC_3116,decoy,c1c[nH]c2nc(-c3ccccc3OC3CCCC3)nc-2c1,CHEMBL286042
DEC_0928,decoy,CCC1OC(/C=C/C2CC2)(C(F)(F)F)c2cc(Cl)ccc2NC1=O,CHEMBL284065
DEC_2283,decoy,Cc1noc(NS(=O)(=O)c2ccccc2-c2ccc(-c3ncco3)cc2CN(C)CC(C)C)c1C,CHEMBL281869
DEC_4248,decoy,CCNCC1CCN(c2c(F)cc3c(=O)c(C(=O)O)cn(-c4nccs4)c3c2F)C1,CHEMBL6299
DEC_3734,decoy,CC1(OCC(F)(F)F)OC(=O)C(c2ccc(F)cc2)=C1c1ccc(S(C)(=O)=O)cc1,CHEMBL18790
DEC_4640,decoy,CCOC(=O)C(CCCCn1cnc2c1NC=NCC2O)c1cccc(Br)c1,CHEMBL34848
DEC_1523,decoy,c1cc(COc2cccc(OCc3ccc4ccccc4n3)c2)cc(Cc2nnn[nH]2)c1,CHEMBL18671
DEC_3981,decoy,Cc1cccc(C)c1NC(=O)CNC(=O)C1=CC(C)(C)NC1(C)C,CHEMBL15694
DEC_4134,decoy,O=C(Oc1c(F)c(F)c(F)c(F)c1F)c1cnccn1,CHEMBL20124
DEC_1101,decoy,CC(C)CC(=O)N[C@@H](Cc1c[nH]cn1)C(=O)N[C@@H](C)C(=O)NCC(=O)N1CCC[C@@H]1C(=O)NC1CCCC1C(=O)NCc1ccccc1,CHEMBL358925
DEC_0567,decoy,Oc1c(CN2CCCC2)cc(Nc2cc(-c3ccc4ccccc4c3)nc3ccccc23)cc1CN1CCCC1,CHEMBL300500
DEC_2016,decoy,CCCc1c2oc(C(=O)O)cc(=O)c2cc2c(=O)cc(C(=O)O)n(CC)c12,CHEMBL746
DEC_3680,decoy,CC1(C)CC[C@]2(C(=O)NCc3ccccc3)CC[C@]3(C)C(C(=O)C=C4[C@@]5(C)C=C(C#N)C(=O)C(C)(C)[C@@H]5CC[C@]43C)C2C1,CHEMBL269763
DEC_0659,decoy,CC1C/C=C/CCCCCCCCOC(=O)N(CC(O)C(Cc2ccccc2)NC(=O)O[C@H]2CO[C@H]3OCC[C@H]32)C1,CHEMBL60728
DEC_0285,decoy,CCCCCc1cc(O)c2c(c1)OC(C)(C)[C@@H]1CC=C(CN(CCCl)CCCl)CC21,CHEMBL35846
DEC_3974,decoy,O=P(O)(O)C(Nc1ccccc1)c1cccc2nc(O)c(O)nc12,CHEMBL12546
DEC_4618,decoy,COC(=O)[C@H](C)NP(=O)(CO[C@H](C)Cn1cnc2c(N)ncnc21)Oc1ccccc1,CHEMBL276860
DEC_1521,decoy,CCCCCCCCCN1CCC[C@H]1CNC(=O)c1cc(Cl)cc2c1OCC(=O)N2C,CHEMBL418374
DEC_1413,decoy,Oc1ccc2c3c1OC1[C@H]4OC[C@@]4(CCCCc4ccccc4)CC4C(C2)N(CC2CCC2)CCC341,CHEMBL9832
DEC_1270,decoy,Clc1ccc2c(Cl)cc3nc(-c4nn[nH]n4)cn3c2c1,CHEMBL13460
DEC_0071,decoy,CCCc1cc(=O)oc2c3c(c4c(c12)OC(C)(C)C=C4)OC[C@H](C)C3=O,CHEMBL266748
DEC_2403,decoy,COc1ccc(C(O)(c2ccc(Cl)cc2)c2cncnc2)c(Cl)c1,CHEMBL29810
DEC_4027,decoy,COc1c(N2CC(C)NC(C)C2)c(F)c(N)c2c(=O)c(C(=O)O)cn(C3CC3)c12,CHEMBL15521
DEC_3219,decoy,CC1C(N)CN1c1cc2c(cc1F)c(=O)c(C(=O)O)cn2C1CC1,CHEMBL19927
ACT_050,active,CCOP(=O)(OCC)C1(NS(=O)(=O)c2ccccc2)C=C(Br)C(=O)c2ccccc21,CHEMBL1461574
DEC_4370,decoy,CN(C)CCCNc1ccc2ncn3c4cc5c(cc4c(=O)c1c23)OCO5,CHEMBL267078
DEC_0011,decoy,Cn1cncc1C(OCc1ccc(C#N)c(-c2ccc3ccccc3c2)n1)c1ccc(C#N)cc1,CHEMBL38974
DEC_4632,decoy,COc1ccc2c3c1OC1[C@H](O)[C@](CO)(CCCc4ccccc4)CC4C(C2)N(C)CCC341,CHEMBL9983
DEC_0259,decoy,Clc1ccc2oc(SCC3OCCc4ccccc43)nc2c1,CHEMBL7870
DEC_1897,decoy,COc1ccnc(C[S+]([O-])c2nc3cc4c(cc3[nH]2)OC(F)(F)O4)c1OC,CHEMBL9800
DEC_0816,decoy,C#Cc1ccc([C@@H]2CN3CCC[C@@H]3c3ccccc32)cc1,CHEMBL286312
DEC_2162,decoy,COc1cc2cc(C(=O)N3C[C@H]4C[C@@]45C3=CC(=O)c3[nH]c(C)c(C(=O)Sc4ccc6ccccc6c4)c35)[nH]c2c(OC)c1OC,CHEMBL433393
DEC_2280,decoy,C=C1C[C@@]23O[C@]2(c2ccccc21)C1CC(OC(=O)[C@H](O)[C@@H](NC(=O)OCC)c2cccnc2)C3(C)C1(C)C,CHEMBL286579
DEC_3507,decoy,CCC(C)(O)C#Cc1nc(Nc2ccc(Cl)c(Cl)c2)c2ncn(C(C)C)c2n1,CHEMBL26513
DEC_2411,decoy,c1cc(OCc2cccc(-c3nn[nH]n3)c2)cc(OCc2ccc3ccccc3n2)c1,CHEMBL18564
DEC_4504,decoy,O=c1cc(-c2ccc(Cl)c(Cl)c2)oc2cccc(O)c12,CHEMBL16788
DEC_2337,decoy,O=C1[C@@H](NS(=O)(=O)c2cc3cccnc3s2)CCN1Cc1cc2cc[nH]cc-2n1,CHEMBL266959
DEC_3476,decoy,COc1cccc(-c2cc(C#N)ccc2COC(c2ccc(C#N)cc2)c2cncn2C)c1,CHEMBL43455
DEC_1005,decoy,Cc1nn(C)c2ncc(C(=O)NO)c(N(C)S(=O)(=O)c3ccc(Oc4ccncc4)cc3)c12,CHEMBL38180
DEC_0552,decoy,COc1ccc(C(C#N)(CC#CCN(C)Cc2c3ccccc3cc3ccccc23)C(C)C)cc1OC.Cl,CHEMBL47567
DEC_1091,decoy,CCC(CC)C(=O)N[C@H](C(=O)N[C@@H](CC(=O)N1CCCC1)C(=O)N[C@@H](CC(=O)O)C(=O)N[C@H](CO)CC(C)(C)C)C(C)(C)C,CHEMBL319181
DEC_2079,decoy,CNc1ncnc2c1ncn2Cc1cccc(F)c1,CHEMBL6704
DEC_4049,decoy,Cc1cc(OCC2CCN(C(=N)N)CC2)cc(OS(=O)(=O)c2ccccc2Cl)c1,CHEMBL41876
DEC_0144,decoy,CC(C)c1ccc(C2N=C(S)N(C(C)C)c3cc4c(cc32)OCO4)cc1,CHEMBL276408
DEC_4369,decoy,CC(C)(C)C(=O)C(=O)N1CCCCC1C(=O)OCCCc1cccnc1,CHEMBL6740
DEC_3552,decoy,C1=C(c2ccc(CCc3ccccc3)cc2)N2CCCN=C2c2ccccc21,CHEMBL268462
DEC_0045,decoy,CCc1nc2cc(OC3CCN(C(C)=N)CC3)ccc2n1C/C=C/c1cc(N)ccc1OC,CHEMBL25474
DEC_4126,decoy,C[C@H](c1ccccc1)n1cnc2c(N(C)C)ncnc21,CHEMBL274148
DEC_3752,decoy,CC(C)(C)C(=O)c1ccc(C(=O)N(CC(=O)O)C(=O)c2ccc(C(=O)C(C)(C)C)cc2)cc1,CHEMBL41984
DEC_1871,decoy,Cc1noc(NS(=O)(=O)c2cccc3c(N(C)C)cccc23)c1[N+](=O)[O-],CHEMBL27420
DEC_0651,decoy,CC(C)C[C@@H]1OC(=O)C(C)(C)CNC(=O)[C@@H](Cc2ccccc2)NC(=O)/C=C/C[C@@H]([C@H](C)/C=C/c2ccccc2)OC1=O,CHEMBL87165
DEC_3517,decoy,CCCCOc1nc(C(Cl)(Cl)Cl)c(Cl)c(O)c1Cl,CHEMBL11109
DEC_2505,decoy,Cc1ccc2[nH]cc(CCNCC(O)c3cccc(Cl)c3)c2c1,CHEMBL24446
DEC_1997,decoy,CCc1ccc(C#CC(O)(c2ccc(C#N)c(-c3cccc4ccccc34)c2)c2cncn2C)cc1,CHEMBL23370
DEC_2277,decoy,CCCC(=O)N[C@@H](c1ccncc1)[C@@H](O)C(=O)OC1CC2C(C)(C)C1(C)[C@@]13CC(C)c4ccccc4[C@@]21O3,CHEMBL30278
DEC_3203,decoy,COc1c(C)cnc(C[S+]([O-])c2nc3ccccc3[nH]2)c1C,CHEMBL10184
DEC_2988,decoy,COc1c(Cl)nc(N2CCN(C)CC2)nc1NC1CCCC1,CHEMBL283076
DEC_3897,decoy,Cc1ccc(Sc2cncc3sc(C(N)=O)cc23)cc1C,CHEMBL267125
DEC_0962,decoy,CCN(C1=NCCN1)c1c(Br)cccc1Br,CHEMBL277242
DEC_1075,decoy,CN1CCN(C2=Nc3ccccc3CC=C2c2cccc(C(F)(F)F)c2)CC1.O=C(O)/C=C/C(=O)O,CHEMBL16916
DEC_4147,decoy,CCCCCN1C(=O)C2CC(c3ccc(N)cc3)(C2)C1=O,CHEMBL27591
DEC_4298,decoy,O=[N+]([O-])c1cc2c(ccc3cc(Br)ccc32)o1,CHEMBL7200
DEC_0676,decoy,Oc1ccc2c3c1O[C@H]1c4c(c5ccccc5n4Cc4ccc(N=C=S)cc4)C[C@@]4(O)C(C2)N(CC2CC2)CCC314,CHEMBL282107
DEC_1023,decoy,COC(=O)c1c(C(=O)N2CCN(CCO)CC2)cc2cc(OC)c(OC)cc2c1-c1cccs1,CHEMBL26622
DEC_2374,decoy,OC(c1ccc(Cl)cc1)C(O)(Cn1ccnc1)c1ccc(Cl)cc1,CHEMBL267810
DEC_0606,decoy,Cc1nnc2n1-c1ccc(C#CCOc3cccnc3)cc1C(c1ccccc1Cl)=NC2,CHEMBL20344
DEC_2701,decoy,CCCc1nc2c(n1Cc1ccc(-n3cccc3-c3nn[nH]n3)cc1)/C(=C/C(=O)O)CCCC2,CHEMBL44295
DEC_2914,decoy,O=C(c1ccc(Cl)cc1)c1sc(=S)sc1SCc1ccccc1,CHEMBL35102
DEC_0694,decoy,O=C(c1cc(O)cc(O)c1)N1CCN(C(=O)CNC2CCN(Cc3ccccc3)CC2)C(c2ccc(Cl)c(Cl)c2)C1,CHEMBL321008
DEC_4352,decoy,CCN(CC)C1CCC(Nc2nc(Nc3ccc(Cl)c(Cl)c3)nc3ccc(Cl)cc23)CC1,CHEMBL31248
DEC_3613,decoy,Brc1ccc(NC23CC4CC(CC(C4)C2)C3)nc1,CHEMBL18700
DEC_0129,decoy,CN(C)c1ccc(-c2nc(-c3ccc(F)cc3)c(-c3ccncc3)[nH]2)cc1,CHEMBL17325
DEC_0266,decoy,NCc1ccc2[nH]c(C(Cc3ccccc3F)c3ccccc3F)cc2c1,CHEMBL27037
DEC_2336,decoy,O=C1[C@@H](NS(=O)(=O)c2cc3cccnc3s2)CCN1Cc1cc2c[nH]ccc-2n1,CHEMBL8308
DEC_1347,decoy,O=C(OCCBr)c1cnccn1,CHEMBL282701
DEC_2351,decoy,CN(C)c1cccc2c(S(=O)(=O)Nc3ncc(Br)nc3O)cccc12,CHEMBL6647
DEC_2733,decoy,O=c1c2c(c3cccnc3n1-c1ccc(Cl)cc1)OCCC2,CHEMBL282811
DEC_2833,decoy,CN(C)C1CCC(Nc2nc(Nc3cc(Cl)cc(Cl)c3)c3ccccc3n2)CC1,CHEMBL417489
DEC_3543,decoy,O=C1c2c(Cl)c(Cl)c(Cl)c(Cl)c2C(=O)N1CCc1ccccc1,CHEMBL11766
DEC_4197,decoy,N=C(N)c1ccc2[nH]c(Cc3ccccc3F)cc2c1,CHEMBL27305
DEC_2769,decoy,O=C(O)C1Cc2cc3c(-c4cccs4)noc3c(Cl)c2O1,CHEMBL267654
DEC_4408,decoy,c1ccc2c(c1)OC(N1CCCCC1)c1cnc(N3CCOCC3)nc1-2,CHEMBL289244
DEC_4514,decoy,N#Cc1ccc(Cn2ccnc2)cc1Oc1cccc(Cc2ccccc2)c1,CHEMBL24985
DEC_1913,decoy,CC(=O)Nc1ccc2[nH]c(N[C@@H]3C(=O)N4C(C(=O)OC(C)(C)C)=C(COC(C)=O)CSC34)nc2c1,CHEMBL276485
DEC_0884,decoy,COCO[C@@H]1CC(=O)O[C@H](C)[C@H](C)C(=O)O[C@@H](C(C)C)C(=O)N(C)[C@H]1Cc1ccccc1,CHEMBL290433
DEC_0909,decoy,CCCCOC1(C(F)(F)F)OC(=O)Nc2ccc(Cl)cc21,CHEMBL17713
DEC_3274,decoy,COC(OC)[C@]1(C)Oc2ccc([N+](=O)[O-])cc2[C@@H](N(Cc2ncc[nH]2)c2ccc(Cl)cc2)[C@@H]1O,CHEMBL298323
DEC_1920,decoy,C[C@H]1O[C@@H](n2cnc3c(NC4CCCC4)ncnc32)[C@H](O)[C@H]1NC(=O)C1(c2ccccc2)CCCC1,CHEMBL55195
DEC_2406,decoy,Cc1cc(CCCOc2c(C)cc(-c3noc(C(F)(F)F)n3)cc2C)on1,CHEMBL29609
DEC_4102,decoy,Cc1cc(-n2ncc(=O)[nH]c2=O)ccc1Sc1ccc(Cl)cc1,CHEMBL286286
DEC_2248,decoy,O=C1NCN(c2ccccc2)C12CCN(C1CCc3ccc(Cl)cc3C1)CC2,CHEMBL447779
DEC_2786,decoy,Cc1cc(NS(=O)(=O)c2cccc3c(N(C)C)cccc23)on1,CHEMBL25854
DEC_2823,decoy,Fc1ccccc1N1CCN(Cc2c[nH]c3ncccc23)CC1,CHEMBL282424
DEC_0670,decoy,CC1c2c(ccc(Cl)c2Cl)CCN1S(=O)(=O)NS(=O)(=O)N1CCc2ccc(Cl)c(Cl)c2C1C,CHEMBL21793
DEC_1402,decoy,O=C(O)CCC/C=C(/c1cccnc1)c1cccc(N/C(=N\C2CCCC2)NC(=O)c2ccccc2)c1,CHEMBL21303
DEC_2873,decoy,COc1ccc(-c2[nH]c(S(=O)(=O)C(F)(F)C(F)F)nc2-c2ccccc2Cl)cc1,CHEMBL278002
DEC_3995,decoy,CC1(C)C=C(C(=O)NCCCNC(=O)Cc2ccccc2)C(C)(C)N1,CHEMBL15805
DEC_3361,decoy,CCCCC[C@](C)(O)/C=C/C1[C@H](O)C[C@@H]2OC(=O)CCC/C=C\C[C@H]12,CHEMBL12597
DEC_3889,decoy,Cc1cccc(Sc2cncc3sc(C(N)=O)cc23)c1,CHEMBL269497
DEC_0840,decoy,C/N=C(/S)C1(c2cccnc2)CCCC/C1=C\C=O,CHEMBL40827
DEC_1654,decoy,CCN(c1nc(C)cc(-c2ccccc2-c2nn[nH]n2)n1)c1ccc(C(C)C)cc1Br,CHEMBL10464
DEC_2908,decoy,CO[C@@](C)(c1nccs1)c1cccc(OCc2ccc3ccccc3c2)c1C,CHEMBL434392
DEC_2921,decoy,CC(C)c1ccccc1Sc1c(O)cc(-c2ccc(F)cc2)oc1=O,CHEMBL275301
DEC_1800,decoy,CC1(C)CCCCC12OOC1(CCCCC1(C)C)OO2,CHEMBL283998
DEC_3678,decoy,CC1(C)CCc2c(c3ccccc3c3nc4cc(Nc5ccccc5)/c(=N/c5ccccc5)cc-4n(-c4ccccc4)c23)O1,CHEMBL67902
DEC_0232,decoy,CN(C)CCSC1=Cc2ccccc2Sc2ccc(Cl)cc21,CHEMBL15900
DEC_4313,decoy,Cc1cc(SC2=C(O)OC(CCc3ccccc3)(c3ccccc3)CC2=O)c(C(C)(C)C)cc1N,CHEMBL37813
DEC_0635,decoy,Cc1nsc(-c2ccc(N3CCN(c4cccc(C(F)(F)F)c4)CC3)nc2)n1,CHEMBL441951
DEC_3991,decoy,Cc1c(CNc2cccc3ccccc23)cnc2nc(N)nc(N)c12,CHEMBL23867
DEC_1919,decoy,Cc1noc(NS(=O)(=O)c2ccsc2NC(=O)Nc2ccc3c(c2)OCO3)c1Br,CHEMBL45723
DEC_0107,decoy,COc1c(C(C)(C)C)cc(-c2nnc(S)s2)cc1C(C)(C)C,CHEMBL16828
DEC_0788,decoy,Cc1cc2c(cc1Cl)N(C(=O)Nc1ccc(Oc3cccnc3C)nc1)CC2,CHEMBL14563
DEC_2655,decoy,C1CCN([P@@]2(N3CC3)=NP(N3CC3)(N3CC3)=N[P@@](N3CCCCC3)(N3CC3)=N2)CC1,CHEMBL281050
ACT_001,active,COC[C@]1(OC)CC[C@H]2[C@@H]3CCC4=CC(=O)CCC4=C3[C@@H](c3ccc(/C=N/O)cc3)C[C@@]21C,CHEMBL267431
DEC_0390,decoy,CN(C)C1CCc2[nH]c3c(ccc4ncccc43)c2C1,CHEMBL286789
DEC_3323,decoy,COc1cc(NC(C)CCCN)c2nccc(C)c2c1Oc1ccc(F)c(C(F)(F)F)c1,CHEMBL12883
ACT_021,active,CN(Cc1cccc(O)c1Cl)CC1(c2ccccc2F)CCCC1,CHEMBL4855559
DEC_3248,decoy,N=C(N)c1ccc2oc(CCc3ccc(O[C@H]4CCNC4)cc3)cc2c1,CHEMBL19626
DEC_4219,decoy,CN(C)c1cccc2c(S(=O)(=O)Nc3cnc(Br)cn3)cccc12,CHEMBL268339
DEC_1845,decoy,CCN1CCCC(NC2c3ccccc3Oc3ccccc32)C1,CHEMBL277651
DEC_3089,decoy,C=CCOc1ccc2c(c1)SCc1ccccc1/C(CC)=C\2c1ccccc1,CHEMBL14527
DEC_0885,decoy,O=C1[C@@H](NS(=O)(=O)c2ccc(-c3ccccn3)s2)CCN1CCNc1ccncc1,CHEMBL267910
DEC_3573,decoy,COc1cc(OC)nc(OC(C(=O)O)C(OC)(c2ccccc2)c2ccccc2)n1,CHEMBL25344
DEC_3542,decoy,Clc1ccc(-c2cc3nc(N4CCCC4)c4ccccc4c3nn2)cc1,CHEMBL25281
DEC_2942,decoy,COCON1C(=O)C(CC(C)C)=N/C(=C\C(C)C)C1=O,CHEMBL16393
DEC_2862,decoy,Cn1cncc1CN(C(=O)c1ccccc1)c1ccc(C#N)c(-c2cccc3ccccc23)c1,CHEMBL28588
DEC_3911,decoy,CC(C)(C)c1cc(I)c(O)c(CN)c1,CHEMBL279581
DEC_4015,decoy,COc1c(N2CCCC(CN)C2)c(F)c(N)c2c(=O)c(C(=O)O)cn(C3CC3)c12,CHEMBL428359
DEC_4071,decoy,CCNCC(=O)Nc1cccc2c1CN(C)CC2c1ccc(C)cc1,CHEMBL18455
DEC_3464,decoy,CCC(=O)N(c1ccccc1)[C@H]1CCN(CCc2ccc(N=C=S)cc2)C[C@H]1C,CHEMBL11968
DEC_1098,decoy,CC1(C)S[C@H]([C@H](NC(=O)Cc2ccccc2)C(=O)NCc2ccccc2)N[C@H]1C(=O)N[C@H](Cc1ccccc1)[C@@H](O)CC(N)=O,CHEMBL319872
DEC_2428,decoy,CO[C@]1(c2cnc(S(=O)(=O)c3ccc(/C(C)=N/O)cc3)s2)CCO[C@@H](C)C1,CHEMBL26882
DEC_4116,decoy,C#Cc1ccc(C23OCC(C(C)(C)C)(CO2)C(C#N)O3)cc1,CHEMBL10450
DEC_3041,decoy,C1CCN(C2CCN(CCCN3CCC(N4CCCCC4)CC3)CC2)CC1,CHEMBL10458
DEC_0920,decoy,CC(C)c1ccc(-c2nc(=S)n(C(C)C)c3cc4c(cc23)OCO4)cc1,CHEMBL274061
DEC_3722,decoy,O=C(Cc1ccccc1OCC(F)(F)F)N1CCC(N2C(=O)OCc3ccccc32)CC1,CHEMBL25120
DEC_1082,decoy,CC[C@H](C)C[C@H](C)CCC(=O)O[C@@H]1[C@@H](O)[C@@]2(CCC(=O)[C@@H](O)[C@H](C)Cc3ccccc3)O[C@H](CO)[C@@](O)(C(=O)O)[C@]1(C(=O)O)O2,CHEMBL301051
DEC_1479,decoy,CCCCCCC(=O)c1cc(O)c2c(c1)OC(C)(C)[C@@H]1CC=C(C)C[C@@H]21,CHEMBL418555
DEC_2217,decoy,Cc1ccc(C2(Cn3ccnc3)OCC(c3ccc(Cl)cc3Cl)O2)cc1,CHEMBL282143
DEC_3327,decoy,CCN(CC#Cc1ccccc1)Cc1cccc(OCc2cc(-c3ccsc3)cs2)c1,CHEMBL16178
DEC_0970,decoy,Cc1c(F)c(N2CCNC(C)C2)c(F)c2c1c(=O)c(C(=O)O)cn2C1CC1,CHEMBL16030
DEC_3343,decoy,Cc1cc(C)c(NC(=O)C(C)(C)CCCOc2ccc(Cl)cc2)c2c1CC(C)(C)O2,CHEMBL278155
DEC_3999,decoy,NC(=O)[C@@H](Cc1ccc2ccccc2c1)NCc1c[nH]c2ccccc12,CHEMBL9219
DEC_2215,decoy,Clc1ccc(C2(Cn3ccnc3)OCC(c3ccc(Br)cc3)O2)cc1,CHEMBL29352
DEC_0081,decoy,Brc1cccc(Br)c1N(CC1CC1)C1=NCCN1,CHEMBL20079
DEC_3429,decoy,CCc1nc2c(-c3ccc(Cl)cc3Cl)ncnc2n1C(C)C1CC1,CHEMBL279467
DEC_1586,decoy,CC(C)c1cc(C(C)C)c(OS(=O)(=O)NC(=O)Oc2c(C(C)C)cccc2C(C)C)c(C(C)C)c1,CHEMBL280687
DEC_0815,decoy,CN1C2CCC1[C@@H](/C=C/Cl)[C@@H](c1ccc(Cl)cc1)C2,CHEMBL28394
DEC_0770,decoy,CCN(CC)/C(S)=N\c1ccc(-c2nc(-c3ccco3)no2)c(Cl)c1,CHEMBL278316
DEC_0490,decoy,Cc1cc(-c2c(F)cc3c(=O)c(Cc4ncc[nH]4)cn(C4CC4)c3c2F)cc(C)n1,CHEMBL8063
DEC_1790,decoy,O=C(O)C1=Cc2cc(CCn3ccnc3)sc2CC1,CHEMBL23202
DEC_2667,decoy,CCc1nc2ccc(OC3CCN(C(C)=N)CC3)cc2n1C/C=C/c1cc(N)ccc1OC,CHEMBL24915
DEC_3328,decoy,COc1ccc(C(C(Cc2ccc(Cl)cc2Cl)c2ccc(Cl)cc2)n2ccnc2)cc1,CHEMBL22040
DEC_1614,decoy,CN(C)C(=O)Cn1ccc2nc(C3CC3)n(Cc3ccc(-c4ccccc4-c4nn[nH]n4)cc3)c2c1=O,CHEMBL295928
DEC_2809,decoy,CC(/C=C/C(O)=C1\C(=O)CNC1=O)=C\c1ccc2ccccc2c1,CHEMBL10299
DEC_4103,decoy,O=c1cnn(-c2ccc(Sc3ccc(Cl)cc3)cc2)c(=O)[nH]1,CHEMBL25966
DEC_3997,decoy,NC(=O)[C@H](Cc1ccc2ccccc2c1)NCc1c[nH]c2ccccc12,CHEMBL428480
DEC_3586,decoy,COc1cc2cc(CO)c(CO)c(-c3cc(OC)c(OC)c(OC)c3)c2cc1OC,CHEMBL285361
DEC_0573,decoy,CCc1cc(Oc2cccc(N(Cc3cc(C(F)(F)F)ccc3F)C[C@@H](O)C(F)(F)F)c2)ccc1Cl,CHEMBL440128
DEC_2946,decoy,CCCCCc1nc2c([nH]1)N1C(=N[C@@H]3CCC[C@@H]31)N(C)C2=O,CHEMBL19046
DEC_3430,decoy,CCc1nc2c(-c3ccc(Cl)cc3C)nccc2n1C(CC)C1CC1,CHEMBL24666
DEC_4556,decoy,Clc1ccc(-c2nc3n(c2-c2ccc(Cl)cc2)CCS3)cc1,CHEMBL409404
DEC_0139,decoy,CC1(C)OC(S)=Nc2ccc(-c3cc(Br)cc(C#N)c3)cc21,CHEMBL24583
DEC_1579,decoy,Cc1c(C)c2c(c(C)c1O)CCC(C)(C(=O)O)O2,CHEMBL153
DEC_4550,decoy,CN1C2CCC1C(C(=O)Oc1ccccc1)C(c1ccc(Cl)cc1)C2,CHEMBL14144
DEC_1996,decoy,COc1c(C(=O)NC2CCN(C3[C@H]4C[C@@H]5C[C@@H](C[C@H]3C5)C4)CC2)cc(Br)c2ccccc12,CHEMBL50352
DEC_4628,decoy,COc1ccccc1N1CCN(CCCON2C(=O)CC3(CCCC3)CC2O)CC1,CHEMBL10640
DEC_0384,decoy,CN1CC=C(c2c[nH]c3ccc(C4COCCO4)cc23)CC1,CHEMBL283936
DEC_4588,decoy,COc1cc2c(cc1OC)-c1cc(=Nc3c(F)cccc3F)n(CP(C)(C)=O)c(=O)n1CC2,CHEMBL37765
DEC_1990,decoy,C[C@H](CCc1nccn1C)C1CC[C@@]2(C)C3=C(CC[C@]12C)[C@@]1(C)CC[C@H](O)C(C)(C)C1CC3,CHEMBL268041
DEC_4093,decoy,C=CC1CN2CCC1CC2C(O)c1ccnc2ccc(OC)cc12,CHEMBL15088
DEC_1683,decoy,Oc1ccc2c3c1OC1[C@H]4OC[C@@]4(CCCc4ccccc4)CC4C(C2)N(CC2CCC2)CCC341,CHEMBL9743
DEC_4656,decoy,CCOC(=O)CN1C(=O)[C@@H](NC(CCc2ccccc2)C(=O)OCC)CCc2ccccc21,CHEMBL284736
DEC_0801,decoy,CCc1nccn1-c1ccc(C2=CCCn3c2cnc3C)cc1,CHEMBL28344
DEC_3093,decoy,CCCCCc1c(C(C)C)nc(C(C)C)c(CO)c1-c1ccc(C(F)(F)F)cc1,CHEMBL25130
DEC_2174,decoy,N/C(=N\C(=O)OCC(Cl)(Cl)Cl)c1ccc(-c2ccc(-c3ccc(/C(N)=N\C(=O)OCC(Cl)(Cl)Cl)cc3)o2)cc1,CHEMBL339272
DEC_4357,decoy,O=C(NC1CCc2ccccc21)c1nc(-c2ccc(Cl)cc2Cl)n(-c2ccc(Cl)cc2)n1,CHEMBL279787
DEC_4583,decoy,CC(=O)OC1=C(Sc2ccccc2)C[C@H]2Cc3cc4cccc(O)c4c(O)c3C(=O)[C@H]2C1,CHEMBL30248
DEC_0085,decoy,COC1(c2csc(Sc3ccc4c(c3)CC/C4=N\O)c2)CCOCC1,CHEMBL283523
DEC_3626,decoy,CCc1nc(N)nc(N)c1-c1ccc(C(C)(C)C)cc1,CHEMBL21885
DEC_4210,decoy,Cc1cccc(C(=O)c2ccc3n2CCC3C(=O)O)c1,CHEMBL9009
DEC_3884,decoy,CCc1[nH]c(O)nc1C(=O)c1ccc(-n2ccnc2C)c(C)c1,CHEMBL286504
DEC_0415,decoy,Cc1cc(C)c(NC(=O)N(CCCl)N=O)c(C)c1,CHEMBL12667
DEC_3494,decoy,C=CCOc1ccc(-c2nc3n(c2-c2ccc(OCC=C)cc2)CCS3)cc1,CHEMBL16951
DEC_0253,decoy,C=C(C)c1cccc2c(S(=O)(=O)Nc3onc(C)c3C)cccc12,CHEMBL281942
DEC_0966,decoy,NC1CCN(c2cc3c(cc2F)c(=O)c(C(=O)O)cn3C2CCC2)C1,CHEMBL15373
DEC_0761,decoy,CCCc1cc(=O)oc2c3c(c4c(c12)OC(C)(C)C=C4)O[C@H](CC)[C@H](C)[C@H]3O,CHEMBL266322
DEC_4429,decoy,C=CCN1C[C@H](C)N([C@H](c2ccc(C(=O)N(CC)CC)cc2)c2cccc(OC)c2)C[C@H]1C,CHEMBL13470
DEC_3133,decoy,CC1CCNc2cc3nc(O)cc(C(F)(F)F)c3cc21,CHEMBL283449
DEC_2482,decoy,CC(C)CCN(C1=NCCN1)c1c(Br)cccc1Br,CHEMBL20907
DEC_0631,decoy,Cc1ccc(S(=O)(=O)C2(CC#Cc3ccc(F)cc3)SC(=O)NC2=O)cc1,CHEMBL12054
DEC_1057,decoy,O=C(Cn1c(C2CCNCC2)nc2cc(Cl)c(Cl)cc21)NNC(=O)NC12C[C@H]3C[C@@H](C1)C[C@@H](C2)C3,CHEMBL277938
DEC_2477,decoy,Fc1ccc(C2COC(Cn3ccnc3)(c3ccc(Br)cc3)O2)cc1,CHEMBL432457
DEC_1256,decoy,Fc1cccc(Br)c1N(CC1CC1)C1=NCCN1,CHEMBL20358
DEC_0714,decoy,O=C1Nc2ccc(F)c(F)c2C(C#Cc2ccoc2)(C(F)(F)F)O1,CHEMBL17608
DEC_4530,decoy,CCC(C)N1CCCc2c(nc(-c3ccccc3)c3ccccc23)C1=O,CHEMBL15255
DEC_2982,decoy,CN(C)c1cccc2c(S(=O)(=O)Nc3cccnn3)cccc12,CHEMBL414200
DEC_1508,decoy,CCCCc1nn(CC2CC2)c(C(=O)O)c1Cc1ccc(-c2ccccc2-c2nn[nH]n2)cc1,CHEMBL23048
DEC_0965,decoy,O=C1CCc2cc3c(c4c5cc(CN6CCOCC6)ccc5n1c24)CCNC3,CHEMBL26503
DEC_1022,decoy,CCCCN(Cc1ccc(-c2ccccc2-c2nn[nH]n2)cc1)c1ncnc2c1nc(C(N)=O)n2C,CHEMBL48606
DEC_3636,decoy,O=C1CCc2cc3c(c4c5ccccc5n1c24)CCNC3,CHEMBL283792
DEC_3834,decoy,N#Cc1ccc(Cn2ccnc2)cc1Oc1cccc(Br)c1,CHEMBL23019
DEC_4710,decoy,CC1(C)CCC(NC(=O)N(CCF)N=O)CC1,CHEMBL13016
DEC_2060,decoy,Cl.NCc1cccc(I)c1,CHEMBL13706
DEC_2739,decoy,CCN1C(=S)OC(C)(C)c2cc(-c3cc(F)cc(C#N)c3)ccc21,CHEMBL417110
DEC_0293,decoy,CCCCCCCCN(C)S(=O)(=O)NC(=O)Oc1c(C(C)(C)C)cc(C)cc1C(C)(C)C,CHEMBL282437
DEC_0792,decoy,Cc1ccc(N(C)C(=O)c2ccccc2)cc1Nc1nccc(-c2cccnc2)n1,CHEMBL278287
DEC_0940,decoy,CCN(CC)Cc1cc(Nc2ccnc3cc(Cl)ccc23)ccc1O,CHEMBL682
DEC_1976,decoy,COC(=O)C12CCC(C)(C)CC1[C@H]1C(=O)C[C@@H]3[C@@]4(C)CC[C@H](O)C(C)(C)[C@@H]4CC[C@@]3(C)[C@]1(C)CC2,CHEMBL416132
DEC_2640,decoy,O=C(O)c1cc(Cl)cc2c1NCCS2,CHEMBL38141
DEC_2994,decoy,CC(C)(C)n1cc(C(=O)O)c(=O)c2cc(F)c(N3CCC(CN)C3)cc21,CHEMBL286507
DEC_2329,decoy,CCNCC1CN(c2c(F)cc3c(=O)c(C(=O)O)cn(C4CC4)c3c2F)CCO1,CHEMBL286964
DEC_2805,decoy,CCN(CC)C(=O)N[C@@H]1C[C@@H]2c3cccc4c3C(=CC4)C[C@H]2N(C)C1,CHEMBL285341
DEC_4599,decoy,CN1CCN([C@H]2CC[C@H](n3cc(-c4ccc(Oc5ccccc5)cc4)c4c(N)ncnc43)CC2)CC1,CHEMBL45177
DEC_1261,decoy,C/C=C\COC1(C(F)(F)F)OC(=O)Nc2ccc(Cl)cc21,CHEMBL17567
DEC_0152,decoy,CSc1nc(-c2ccc(Cl)cc2)c(-c2ccc(Cl)cc2)[nH]1,CHEMBL279421
DEC_1677,decoy,CC1=C(C(=O)OCCN(C)C)C(c2ccccc2C)N2C=C(c3c(Cl)cccc3Cl)SC2=N1,CHEMBL288472
DEC_2497,decoy,O=CNCc1ccc(-c2nc(-c3ccncc3)c(-c3ccc(F)cc3)[nH]2)cc1,CHEMBL17334
DEC_3539,decoy,O=C(NCC=C(c1ccccc1)c1ccccc1)c1cnc2ccccc2c1,CHEMBL9174
DEC_1852,decoy,O=C1C2C3C=CC(C3)C2C(=O)N1CCCCN1CCN(c2cncc(Cl)n2)CC1,CHEMBL28841
DEC_1774,decoy,Cc1csc(-c2cn(C)c3c2C(=O)C(=N)C=C3O)n1,CHEMBL267993
DEC_0357,decoy,CCCCc1nc(Cl)c(CO)n1Cc1ccc(C=O)cc1,CHEMBL24849
DEC_2837,decoy,CN(C)C1CCC(Nc2nc(Nc3ccc(Cl)c(Cl)c3)c3ccccc3n2)CC1,CHEMBL31311
DEC_4046,decoy,NCC(=O)NCc1nnc(C2CC2)n1-c1ccc(Cl)cc1C(=O)c1ccccc1Cl,CHEMBL34302
DEC_3660,decoy,CCC1=C(C)c2cc3[nH]c(cc4nc(cc5[nH]c(cc1n2)C1(C)C5=CCC(C(=O)OC)=C1C(=O)OC)C(C)=C4CC)c(C)c3CC,CHEMBL22410
DEC_3052,decoy,Cc1cc(C(c2ccc(C(C)C)cc2)N2CCN(CCO)CC2)sn1,CHEMBL25161
DEC_0263,decoy,CCCCc1ccc(C(c2cc(C)ns2)N2CCN(C)CC2)cc1,CHEMBL553106
DEC_1024,decoy,COc1cc2nc(N3CCN(C(=O)/C=C/c4ccc(N=C=S)cc4)CC3)nc(N)c2cc1OC,CHEMBL6314
DEC_3399,decoy,N/C(=N/O)c1ccc(-c2nc(-c3ccc(F)cc3)c(-c3ccncc3)[nH]2)cc1,CHEMBL17346
DEC_0600,decoy,Cc1ccc2c(c1)N(C(=O)N1C[C@@H](C)N(C)[C@@H](C)C1)Cc1c(C(=O)OC(C)(C)C)ncn1-2,CHEMBL277558
DEC_0292,decoy,CCCc1c(OCCCSc2ccc(CC(=O)O)cc2Cl)ccc2c(CC)noc12,CHEMBL279053
ACT_031,active,C=C(C)[C@@H]1[C@@H]2O[C@@H]2[C@@H]2[C@]3(CC[C@]4(C)[C@@H]([C@H](C)CC/C=C(\C)C(=O)O)CC[C@@]24C)C[C@]13CCC(=O)O,CHEMBL2382122
DEC_0992,decoy,CC(C)(C)n1cc(C(=O)O)c(=O)c2cc(F)c(N3CCC(N)C3)cc21,CHEMBL280036
DEC_3670,decoy,CCCCCCNC(=O)[C@]12CCC(C)(C)CC1C1C(=O)C=C3[C@@]4(C)C=C(C#N)C(=O)C(C)(C)[C@@H]4CC[C@@]3(C)[C@]1(C)CC2,CHEMBL268602
DEC_0642,decoy,COc1cc(O)c2c(c1C)C(=O)OCCC/C(S)=N/[C@H](c1nc(C)no1)CSC2,CHEMBL417689
DEC_4458,decoy,CC(C)c1cccc(C(C)C)c1OC(=O)NS(=O)(=O)Oc1ccc(F)cc1F,CHEMBL21355
DEC_4663,decoy,Clc1ccc(C2=CCC[C@H]3CCC2N3)cn1,CHEMBL275466
DEC_1853,decoy,O=C1C2C3C=CC(C3)C2C(=O)N1CCCCN1CCN(c2nccnc2Cl)CC1,CHEMBL431295
DEC_1518,decoy,CC1C(=O)N(CCCCCCCOc2ccc(Cl)cc2)/C(=N\C#N)N1c1ccncc1,CHEMBL17364
ACT_052,active,CC#C[C@@]1(O)CC[C@@]2(CC)c3ccc(OCc4ccncc4)cc3CC[C@@H]2C1,CHEMBL457035
DEC_0373,decoy,CC(C)(C)c1cc(-c2n[nH]c(S)n2)cc(C(C)(C)C)c1O,CHEMBL12483
ACT_044,active,CS(=O)(=O)c1ccc2nc(NC(=O)CCC(=O)c3cccs3)sc2c1,CHEMBL1388431
DEC_3594,decoy,COc1cc2c(c(OC)c1OC)-c1ccc(OC)c(=O)cc1[C@@H](N(C)C(=O)CO)CC2,CHEMBL281974
DEC_3495,decoy,c1ccc2nc(COc3ccc(OCc4ccc(Cc5nnn[nH]5)cc4)cc3)ccc2c1,CHEMBL18816
DEC_2878,decoy,C/C(=N\OC(C)C)c1ccc(Sc2cc(F)cc(C3CCOCC3)c2)cc1,CHEMBL25039
DEC_2269,decoy,COc1cc2c(c(OC)c1OC)-c1ccc(SC)c(=O)cc1C(NC(=O)N(CCCl)N=O)CC2,CHEMBL285684
DEC_4478,decoy,c1ccc2c(c1)Oc1ccccc1C2NCC1CCCCO1,CHEMBL278631
DEC_0980,decoy,CCn1cc(C(=O)O)c(=O)c2cc(F)c(N3CC(C)NC(C)C3)c(Cl)c21,CHEMBL15623
DEC_2051,decoy,CCc1c(C)[nH]c2c1C(=O)C(CN1CCOCC1)CC2,CHEMBL460
DEC_4043,decoy,O=C(Cn1c(C2CCNCC2)nc2cc(Cl)c(Cl)cc21)N/N=C/c1ccncc1,CHEMBL417639
DEC_4244,decoy,CN(C)c1cccc2c(S(=O)(=O)Nc3ccc(Br)nn3)cccc12,CHEMBL6297
DEC_1392,decoy,COc1cc(C(=O)O)ccc1Cn1ccc2ccc(NC(=O)Cc3ccc(C(F)(F)F)cc3)cc21,CHEMBL52503
DEC_4364,decoy,O=C(CCCC1CCCCC1)OC[C@H]1C[C@@H]2O[C@H]1[C@H]1C(=O)OC(=O)[C@H]12,CHEMBL266327
DEC_1623,decoy,CCCCOC(=O)/C=C/C(=O)N[C@@H]1CC[C@@]2(O)C3Cc4ccc(O)c5c4C2(CCN3CC2CC2)C1O5,CHEMBL293145
ACT_023,active,COc1cc([C@H]2O[C@@H](c3cc(OC)c4c(c3)OCO4)[C@@H](CO)[C@@H]2COC(C)=O)cc2c1OCO2,CHEMBL490350
DEC_0912,decoy,CSc1ccc(-c2nc3n(c2-c2ccc(F)cc2)CCS3)cc1,CHEMBL17554
DEC_2948,decoy,CCCCCCC(C(C)O)n1cnc2c(N)nccc21,CHEMBL18496
DEC_4635,decoy,CCCn1c(=O)c2nc(/C=C/c3cc(OC)c(OC)cc3OC)[nH]c2n(CCC)c1=O,CHEMBL26837
DEC_4414,decoy,CC[C@](OC)(c1cc(F)cc(OCc2ccc3ccccc3c2)c1)c1nccs1,CHEMBL22106
DEC_1553,decoy,C/C=C(\NC(=O)C12CC3CC(CC(C3)C1)C2)C(=O)O,CHEMBL11917
ACT_087,active,CCOC(=O)C1=C(O)/C(=C\c2ccc(CNC(=O)C(=O)Nc3ccccc3)o2)N=C1C,CHEMBL377295
DEC_4203,decoy,C/C(=N\N=C(/S)N1CCCCC1)c1ccccn1,CHEMBL31091
DEC_3121,decoy,CC(C)(C)c1cc(-c2nnc(N)o2)cc(C(C)(C)C)c1O,CHEMBL12219
DEC_3360,decoy,CCCCCCCOc1ccc2c3c1OC1C(O)C=CC4C(C2)N(C)CCC341,CHEMBL413092
DEC_1425,decoy,CC(C)(C)c1ccc(CN2Cc3ccccc3N(Cc3c[nH]cn3)C(CCc3ccccc3)C2)cc1,CHEMBL8456
DEC_3827,decoy,O=C1Nc2ccc(F)cc2C(C#Cc2ccsc2)(C(F)(F)F)O1,CHEMBL278880
DEC_2004,decoy,CN(C(=O)N(CC/C=N/C(=O)N(CCCl)N=O)N=O)C1CCCCC1,CHEMBL12796
DEC_0103,decoy,CC1(C)OC(S)=Nc2ccc(-c3cc(F)cc(C(F)(F)F)c3)cc21,CHEMBL25017
DEC_3939,decoy,CCCC[C@@H](C[C@@H](CCc1ccc(-c2ccc(C#N)cc2)cc1)C(=O)N[C@H](C(=O)NC)C(C)(C)C)C(=O)O,CHEMBL8718
DEC_3638,decoy,Cc1cc2c(nc1C(O)c1cccnc1)CCCCC2,CHEMBL34693
DEC_0700,decoy,Clc1cc2c(s1)CNCC2c1ccc(Br)cc1,CHEMBL15825
DEC_1258,decoy,Oc1ccc(-c2ccc(-n3cnc4c3CCCC4)cc2)nn1,CHEMBL32247
DEC_2184,decoy,CO[C@@H]1C[C@@H](C(=O)N2CCC(N3CCCCC3)CC2)N(C(=O)NCc2ccc(C(=O)N3CCCCc4sccc43)cc2Cl)C1,CHEMBL443300
DEC_2095,decoy,Cc1cc2c(cc1N1CCCCC1)NC1=NC(=O)CN1C2,CHEMBL32679
DEC_2465,decoy,Cc1cc(C)c(NC(=O)c2c(C)n(-c3c(C)cc(C)cc3C)c(C)cc2=O)c(C)c1,CHEMBL434964
DEC_0044,decoy,Cn1cncc1C(c1ccc(C#N)cc1)N1CCC(C#N)=C(c2cccc3ccccc23)C1,CHEMBL30118
DEC_3153,decoy,NCCCN1c2ccccc2Sc2ccccc21,CHEMBL288110
DEC_2393,decoy,Cc1cc2nc(/C=C/c3ccc[n+](C)c3)[nH]c2cc1C.F[B-](F)(F)F,CHEMBL34006
DEC_0005,decoy,CSc1ccc(/C=C2\CSCC3C2=NN(C(C)=O)C3c2ccc(SC)cc2)cc1,CHEMBL284930
DEC_1883,decoy,COCCNC(=O)C1CCN(C(=O)Cn2c(=O)sc3ccc(Cl)cc32)CC1,CHEMBL16490
ACT_097,active,CC(=O)Oc1ccc(C(=C2CCCCC2)c2ccc(OC(C)=O)cc2)cc1,CHEMBL141305
DEC_3439,decoy,CCCCCC[C@@H]1CC2C(CCC3(C)C(=O)CCC23)C2(C)C=CC(=O)C=C12,CHEMBL266350
DEC_2226,decoy,CN1C[C@H](CNC(=O)OCc2ccccc2)C[C@@H]2c3cccc4[nH]cc(c34)C[C@H]21,CHEMBL13816
DEC_4516,decoy,C=C(c1ccccc1OCCc1ccc(Cl)cc1Cl)n1ccnc1,CHEMBL27354
DEC_2887,decoy,C=C(OCC)c1nc(/C=C/c2ccccc2)c2ncn(Cc3ccccc3)c2n1,CHEMBL19695
DEC_2943,decoy,CCCCCC(B1OC(C)(C)C(C)(C)O1)P(=O)(O)O,CHEMBL281392
DEC_0776,decoy,CN(c1ccccc1)N1C(=O)O[C@@](C)(c2ccc(Oc3ccccc3)cc2)C1=O,CHEMBL9778
DEC_3458,decoy,COOC1(OOCCCI)CCCCCCCCCCC1,CHEMBL281925
DEC_3081,decoy,CCN1C(=O)CC[C@]2(C)C3CC[C@@]4(C)C(CC[C@@H]4C(C)CCCC(C)C)C3[C@@H](C)CC12,CHEMBL24958
DEC_1284,decoy,C[C@@]12C=Cc3occc3C1CC[C@]13CC(=O)C(CCC12)C3,CHEMBL32743
DEC_0958,decoy,CC1CN(c2c(F)cc3c(=O)c(C(=O)O)cn(C4CC4)c3c2F)CC(C)N1,CHEMBL15438
DEC_0167,decoy,C=CC(=O)Nc1cc2c(Nc3cccc(Br)c3)ncnc2cc1OCCCn1ccnc1,CHEMBL286343
DEC_3656,decoy,Cc1ccc(C(O)c2ccc3c(n2)CCCCC3)cc1,CHEMBL286614
DEC_0594,decoy,CCc1cc(NCc2ccc(-c3ccccc3-c3nn[nH]n3)cc2)c(-c2ccc(C(F)(F)F)cc2)c(CC)n1,CHEMBL287230
DEC_2424,decoy,CN(C)CCOc1cc2c(Nc3cccc(Br)c3)c(C#N)cnc2cn1,CHEMBL31118
DEC_2515,decoy,CC(/C=C/C(=O)C1=C(O)CN(C)C1=O)=C\c1ccc(F)c2ccccc12,CHEMBL10746
DEC_2882,decoy,CCC(OC)(c1cccc(OCc2ccc3ccccc3c2)c1)c1cscn1,CHEMBL20905
DEC_0265,decoy,CCN(CC)C(=O)Cn1c2ccccc2c2c(C)c3cnccc3c(C)c21,CHEMBL282970
DEC_1194,decoy,Cc1ccc(C2(c3ccc(C)cc3)CC(=O)N(CCCN3CCC(C#N)(c4ccccc4Cl)CC3)C2=O)cc1,CHEMBL62045
DEC_1709,decoy,CC(C)c1cccc(C(C)C)c1OS(=O)(=O)NC(=O)O[C@@H]1C[C@H](C)CCC1C(C)C,CHEMBL24992
DEC_2195,decoy,CO[C@H]1[C@@H](N(C)C(=O)c2cc([N+](=O)[O-])cc([N+](=O)[O-])c2)C[C@@H]2O[C@@]1(C)n1c3ccccc3c3c4c(c5c6ccccc6n2c5c31)C(=O)NC4,CHEMBL132170
DEC_1554,decoy,Nc1ccc2c(c1)CCCC1CC(=O)NN=C21,CHEMBL40526
DEC_1039,decoy,CC(=O)OCC1=C(C(=O)OC(C)(C)C)N2C(=O)[C@@H](Nc3nc4ccccc4n3C)C2SC1,CHEMBL269315
DEC_2869,decoy,Cn1cncc1C(OCc1ccc(C#N)c(-c2cccc(Cl)c2)n1)c1ccc(C#N)cc1,CHEMBL288523
DEC_2464,decoy,CCN(CC)C(=O)[C@@H]1C=C2c3cccc4[nH]cc(c34)C[C@H]2N(CCc2ccccc2)C1,CHEMBL23046
DEC_4165,decoy,COc1cc(Br)c2c3c([nH]c2c1)CNCC3,CHEMBL268691
ACT_042,active,CC(CN1CCCC2CCCNC21)OCC(=O)N1Nc2cc(O)ccc2C2COc3cc(O)ccc3C21,CHEMBL5191405
DEC_2861,decoy,Clc1ccc(CCC2COC(Cn3ccnc3)(c3ccc(Cl)cc3Cl)O2)cc1,CHEMBL29933
DEC_1285,decoy,Cc1cnc2c(c1)CCCC2Sc1ccccc1,CHEMBL34248
DEC_1911,decoy,COc1cc2nc(N3CCN(/C(S)=N/c4ccc(NC(=S)N5CC5)cc4)CC3)nc(N)c2cc1OC,CHEMBL6302
DEC_0747,decoy,O=C1Nc2ccc(F)cc2C(C#Cc2cccs2)(C(F)(F)F)O1,CHEMBL17622
DEC_0212,decoy,CSc1c2c(nc(N)n3nc(-c4ccco4)nc23)nn1C,CHEMBL281129
DEC_2902,decoy,C#CCOc1ccc2c(c1OC)-c1ccc3c(c1C(CC=C)O2)C(C)=CC(C)(C)N3,CHEMBL266488
DEC_0727,decoy,Fc1ccc(-n2cc(C3=CCNCC3)c3cc(Cl)ccc32)cc1,CHEMBL274178
DEC_1063,decoy,O=C(Cn1c(C2CCNCC2)nc2cc(Cl)c(Cl)cc21)NNC(=O)Nc1ccc2c(c1)OCO2,CHEMBL277878
ACT_093,active,C/C(=C/C(=O)C[C@@H](C)[C@]1(C)CC[C@@]2(C)C3=CCC4C(C)(C)C(=O)CC[C@]4(C)[C@@H]3CCC21)C(=O)O,CHEMBL2382123
DEC_3779,decoy,CCCc1nc2ccn(CC(=O)N(C)C)c(=O)c2n1Cc1ccc(-c2ccccc2-c2nn[nH]n2)cc1,CHEMBL42775
DEC_0773,decoy,O=S(=O)(Nc1cccc(OCc2csc3ccccc23)c1)C(F)(F)F,CHEMBL17947
DEC_1873,decoy,COC1=C(C)C(=O)c2c(c(COC(N)=O)c3n2CCC3OC(=O)C(C)(C)C)C1=O,CHEMBL18427
DEC_2707,decoy,Cc1nnc2n1-c1sc(C#Cc3ccc4c(c3)CCC4)cc1C(c1ccccc1Cl)=NC2,CHEMBL284280
DEC_2657,decoy,CN(C)/C=N\c1nc(/N=C/N(C)C)nc2ncc(Sc3ccc(Cl)c(Cl)c3)nc12,CHEMBL6584
DEC_4571,decoy,CC(=O)OC1=CC[C@H]2CC3C(=C(O)c4c(O)cccc4C3O[Si](C)(C)C(C)(C)C)C(=O)[C@H]2C1,CHEMBL29750
DEC_2763,decoy,Cc1noc(C)c1C(OC1CCCN(C)C1)c1ccc(C(C)C)cc1,CHEMBL279987
DEC_0907,decoy,Cc1nn(C2CCN(Cc3cccc(C#N)c3)CC2)cc1-c1ccccc1,CHEMBL26120
DEC_2006,decoy,Cc1cnsc1C(c1ccc(C(C)C)cc1)N1CCN(CCCO)CC1,CHEMBL416742
DEC_0997,decoy,CN(Cc1c[nH]c2nc(N)nc(N)c12)c1ccc(Cl)c(Cl)c1,CHEMBL278013
DEC_4358,decoy,CC(C)Sc1ccc(CC2CCN(C3CCN(C(=O)c4ccccc4Cl)CC3)CC2)cc1,CHEMBL11856
DEC_1357,decoy,O=C(CC(=O)NC1CCOC1=O)CC1CCCCC1,CHEMBL15590
DEC_1749,decoy,[O-][S+](c1nc(-c2ccc(Cl)cc2)c(-c2ccc(Cl)cc2)[nH]1)C(F)(F)C(F)F,CHEMBL18213
DEC_0222,decoy,CSc1ccc(-c2nc3n(c2-c2ccc(SC)cc2)CCS3)cc1,CHEMBL17310
DEC_3134,decoy,Cc1ccc([C@H](O)[C@@H]2CCCCc3cccnc32)cc1,CHEMBL286443
DEC_2703,decoy,CC(C)(C)OC(=O)N1CCC(C(=O)N2CCN(CCNc3ccnc4cc(Cl)ccc34)CC2)C1,CHEMBL30901
DEC_2216,decoy,Clc1ccc(C2COC(Cn3ccnc3)(c3ccc(Br)cc3)O2)cc1,CHEMBL283597
DEC_0009,decoy,CN1CCN(CCCN2N=C3/C(=C/c4ccccc4)CSCC3C2c2ccccc2)CC1,CHEMBL416416
DEC_2321,decoy,C[C@@H]1[C@@H](N)CN1c1c(F)c(N)c2c(=O)c(C(=O)O)cn(-c3ccc(F)cc3F)c2c1F,CHEMBL416548
DEC_3800,decoy,CO[C@H]1[C@@H]2S[C@@H]2[C@H](OCC23C[C@@H]4[C@H](C)CC[C@H]4C4(C=O)CC2C=C(C(C)C)C34C(=O)O)O[C@@H]1C,CHEMBL29909
DEC_3564,decoy,C=CC(=O)Nc1nc2c(Nc3ccc(F)c(Cl)c3)ncnc2cc1OCCOC,CHEMBL31570
DEC_2175,decoy,CCc1nc2c(C)cc(C)nc2n1Cc1ccc(-c2ccccc2C2=NS(=O)(=O)c3cc(S(N)(=O)=O)c(Cl)cc3N2)cc1,CHEMBL138358
DEC_0699,decoy,CC(C)(C)c1cc(/C=C/c2n[nH]c(S)n2)cc(C(C)(C)C)c1O,CHEMBL275909
DEC_1882,decoy,CCCN(CCC)S(=O)(=O)c1ccc(-n2ncc(=O)[nH]c2=O)cc1Cl,CHEMBL11784
DEC_3255,decoy,CC(C)n1cc(C(=O)O)c(=O)c2cc(F)c(N3CCNCC3)cc21,CHEMBL273347
DEC_3055,decoy,CCNCC1CCN(c2cc3c(cc2F)c(=O)c(C(=O)O)cn3C(C)(C)C)C1,CHEMBL30188
DEC_3062,decoy,CCc1cc(CCCOc2c(C)cc(-c3noc(C)n3)cc2C)on1,CHEMBL286022
DEC_1367,decoy,CNc1ncnc2c1ncn2Cc1ccccc1Cl,CHEMBL6956
DEC_3802,decoy,CCc1nn(Cc2ccc(-c3ccccc3-c3nn[nH]n3)cc2)/c(=N/C(=O)C2=C(C(=O)O)CCC2)s1,CHEMBL284918
DEC_1962,decoy,COc1c(C(=O)NC[C@H]2CCCN2C2[C@H]3C[C@@H]4C[C@@H](C[C@H]2C4)C3)cc(Br)c2ccccc12,CHEMBL301929
DEC_3212,decoy,O=C(O)C1=CC(C2CC2)c2nc(N3CC/C(=N\O)C3)c(F)cc2C1=O,CHEMBL29033
DEC_4584,decoy,Cc1nc(-c2c3n(c4c(N5CCN(CCc6ccccc6)CC5)ncnc24)CCCC3)sc1C,CHEMBL26892
DEC_4097,decoy,CC(C)=CCOC1(C(F)(F)F)OC(=O)Nc2ccc(F)c(F)c21,CHEMBL17919
DEC_2106,decoy,CCN(CC)Cc1c(O)c(F)c(F)c(Nc2ccnc3cc(Cl)ccc23)c1F,CHEMBL418390
DEC_2517,decoy,CSc1cc2n(c1C(=O)c1ccc(C3CC3)cc1)CCC2C(=O)O,CHEMBL19738
DEC_0303,decoy,CCC(CCc1ccc(O)c(OC)c1)N(Cc1ccccc1)/C(S)=N/CCc1ccccc1,CHEMBL39785
DEC_3891,decoy,COc1ccc(Sc2ccc(NC3=NCCCN3)cc2)cc1,CHEMBL10024
DEC_1481,decoy,CN(CCN(CCN(C)C1CCCCC1)CCN(C)C1CCCCC1)C1CCCCC1,CHEMBL22638
DEC_2918,decoy,N#Cc1c2n(c3c(SCc4ccc(Cl)cc4)ncnc13)CCCCC2,CHEMBL281938
DEC_1946,decoy,Cc1ccc(S(=O)(=O)O)cc1.N/C(=N\O)N/N=C/c1cc(Br)cc(Br)c1O,CHEMBL12964
DEC_1674,decoy,O=C1N(Cc2ccccc2)CN(c2ccccc2)C12CCN(C1CCc3c(Cl)ccc(Cl)c3C1)CC2,CHEMBL285377
DEC_2151,decoy,CC(C)C[C@@H]1OC(=O)C(C)(C)CNC(=O)[C@@H](Cc2ccc3ccccc3c2)NC(=O)/C=C/C[C@@H]([C@H](C)/C=C/c2ccccc2)OC1=O,CHEMBL316269
DEC_3691,decoy,Cc1oc(-c2ccc(C(F)(F)F)cc2)nc1-c1ccc(-c2cc(Br)c(OCC(=O)O)c(Br)c2)cc1,CHEMBL25008
DEC_1628,decoy,O=C(Cn1c(Cl)cnc(NCC(F)(F)c2cccc[n+]2[O-])c1=O)NCc1c(F)ccc(F)c1F,CHEMBL28966
DEC_2855,decoy,Cc1cc(-c2c(F)cc3c(=O)c(Cc4ccccc4)cn(C4CC4)c3c2F)cc(C)n1,CHEMBL8161
DEC_4625,decoy,C=CCOC(=O)N[C@@H](CC(=O)O)C(=O)CCc1cc2ccccc2cc1-c1ncc[nH]1,CHEMBL416941
DEC_0708,decoy,Oc1cc(C(F)(F)F)c2cc3c(cc2n1)NC[C@@H]1CCCC[C@H]31,CHEMBL431493
DEC_0174,decoy,CNc1ccc(C#CC[C@H](NS(=O)(=O)c2ccc3ccccc3c2)C(=O)N(C)C2CCCC2)cc1N,CHEMBL7124
DEC_2997,decoy,CC1CN(c2cc3c(cc2F)c(=O)c(C(=O)O)cn3C(C)C)CC(C)N1,CHEMBL15371
DEC_2509,decoy,CC(C)c1cc(C(C)C)c2nc3sc(C(=O)O)cn3c(=O)c2c1,CHEMBL12422
DEC_4452,decoy,CC(=O)c1ccc(CCCOc2c(C)cc(-c3noc(C(F)(F)F)n3)cc2C)o1,CHEMBL282630
DEC_4486,decoy,Cc1ccc(Cl)c(Nc2ccccc2C(=O)O)c1Cl,CHEMBL509
DEC_0746,decoy,Fc1ccc(-n2cc(C3CCNCC3)c3cc(Cl)ccc32)cc1,CHEMBL273235
DEC_2364,decoy,NC/C(=N\O)c1ccc(Sc2cc(F)cc(C3CCOCC3)c2)cc1,CHEMBL25514
DEC_3447,decoy,FC(F)(F)c1cc([C@@H]2CN3CCC[C@@H]3c3ccccc32)cc(C(F)(F)F)c1,CHEMBL284489
DEC_2100,decoy,CN1C[C@H](C(=O)Nc2ccc(Cl)nn2)C[C@@H]2c3ccc(C(C)(C)C)c4[nH]cc(c34)C[C@H]21,CHEMBL14089
DEC_2034,decoy,CC(C)=CCC(OC(=O)c1cccnc1)C1=CC(=O)c2c(O)ccc(O)c2C1=O,CHEMBL283840
DEC_2396,decoy,Clc1ccc([C@H]2OCO[C@]2(Cn2cncn2)c2ccccc2)c(Cl)c1,CHEMBL10220
DEC_0023,decoy,CN(C)C1CCC(Nc2nc(Nc3cccc(Br)c3)c3ccccc3n2)CC1,CHEMBL284457
DEC_4559,decoy,C=CCC1Oc2ccc(F)c(OC)c2-c2ccc3c(c21)C(C)=CC(C)(C)N3,CHEMBL7988
DEC_0760,decoy,CC1(C)CC(=O)c2c(SSc3nccs3)sc(-c3cc[nH]n3)c2C1,CHEMBL17424
DEC_0388,decoy,C[C@H](Sc1nc(N)cc(Cl)n1)c1cc2ccoc2cn1,CHEMBL280541
DEC_2634,decoy,CCCC1CCc2cc(CC(=O)O)cc(Cl)c2N1,CHEMBL36712
DEC_0113,decoy,CNCCSC1=Cc2ccccc2Sc2ccc(Cl)cc21,CHEMBL15974
DEC_0530,decoy,CCCCCCCCCCN1CCC(COC(c2ccccc2)c2ccccc2)CC1,CHEMBL9570
DEC_3945,decoy,CN(C)CCCc1c(/C=C2\C(=O)Nc3ccc(S(=O)(=O)NCc4ccc(F)cc4)cc32)[nH]c2c1CCCC2,CHEMBL301863
DEC_2228,decoy,O=C1CN2CCc3cncn3Cc3cccc(c3)Oc3ccc4cccc(c4c3)N1CC2,CHEMBL280181
DEC_3264,decoy,Nc1nc(NCC[C@H]2CC[C@H](CNS(=O)(=O)c3cccc4ccccc34)CC2)nc2ccccc12,CHEMBL278881
DEC_2324,decoy,NCC1CCN(c2nc3c(cc2F)c(=O)c(C(=O)O)cn3-c2ccc(F)cc2F)C1,CHEMBL276812
DEC_2285,decoy,CC(=O)Nc1ccn(C2OC(CO[Si](C)(C)C(C)(C)C)C(C#N)C2O[Si](C)(C)C(C)(C)C)c(=O)n1,CHEMBL49740
DEC_3415,decoy,O=Cc1nc(-c2cc(Cl)cc(Cl)c2)c(-c2cc(Cl)cc(Cl)c2)[nH]1,CHEMBL8084
DEC_4430,decoy,C(=C/c1ccc2ccccc2n1)\c1ccc(OCc2ccccc2Cc2nnn[nH]2)cc1,CHEMBL275866
DEC_4705,decoy,CN[C@H]1CC[C@@H](c2ccccc2)c2ccccc21,CHEMBL36260
DEC_1608,decoy,CCc1nc2ccn(CC(=O)N(CC)CC)c(=O)c2n1Cc1ccc(-c2ccccc2-c2nn[nH]n2)cc1,CHEMBL418625
DEC_4221,decoy,O=C1c2cc(Cl)c(Cl)cc2C(=O)N1CCCCN1CCN(c2ncccn2)CC1,CHEMBL287604
DEC_2566,decoy,C=CCC1(C(C)C#CCC)C(=O)NC(=O)N(C)C1=O,CHEMBL7413
DEC_3387,decoy,Nc1cc2c(Nc3ccc4[nH]c(Cc5ccccc5)nc4c3)ncnc2cn1,CHEMBL31653
DEC_0911,decoy,COCc1cc2c(s1)CN(C)CC2c1ccc(Br)cc1,CHEMBL15942
DEC_0655,decoy,CCOCc1ccc2c(c1)c1c3c(c4c5cc(COCC)ccc5n5c4c1n2[C@H]1C[C@](O)(C(=O)OC)[C@]5(C)O1)CNC3=O,CHEMBL277817
DEC_0851,decoy,C1CCN(P2(N3CC3)=NP(N3CC3)(N3CC3)=NP(N3CC3)(N3CC3)=N2)CC1,CHEMBL283932
DEC_3459,decoy,Cc1cc(CCCCCOc2c(Cl)cc(C3=NCCO3)cc2C(C)(C)C)on1,CHEMBL277837
DEC_4114,decoy,c1csc([C@@H]2CN3CCC[C@H]3c3ccsc32)c1,CHEMBL286135
DEC_2019,decoy,CC/C=C/CC(=O)O[C@H](CC=C(C)C)C1=CC(=O)c2c(O)ccc(O)c2C1=O,CHEMBL266603
DEC_2231,decoy,Cc1ccccc1-c1cc(C(O)(C#Cc2ccccc2)c2cncn2C)ccc1C#N,CHEMBL24822
DEC_3316,decoy,COc1ccc(/C=C/CN2CCC(COC(c3ccccc3)c3ccccc3)CC2)cc1,CHEMBL9551
DEC_3904,decoy,Cc1noc(C)c1C(c1ccc(C(C)C)cc1)N1CCNCC1,CHEMBL22305
DEC_3241,decoy,O=C(O)[C@@H]1C[C@H]2C[C@@H](c3ccsc3-c3nn[nH]n3)CC[C@H]2CN1,CHEMBL16342
DEC_1050,decoy,CC(C)(C)NC(=O)NC[C@@H]1Cc2ccccc2CN1/C(S)=N/C[C@H]1CCCN1C(=O)OC(C)(C)C,CHEMBL38511
DEC_3672,decoy,C=C(C)[C@@H]1CC[C@]2(C(=O)N[C@@H](Cc3ccccc3)C(=O)OC)CC[C@]3(C)[C@H](CC[C@@H]4[C@@]5(C)CC[C@H](O)C(C)(C)[C@@H]5CC[C@]43C)[C@@H]12,CHEMBL18886
DEC_0537,decoy,CCCCCCCCCCCCC(C)(C)C(=O)Nc1c(C)cc(C)c2c1OC(C)(C)C2,CHEMBL281777
DEC_0479,decoy,[O-][S+](c1ccc(Br)cc1)c1ccc(C#CC2(O)CN3CCC2CC3)cc1,CHEMBL286679
DEC_0853,decoy,C1CCN(P2(N3CCCC3)=NP(N3CC3)(N3CC3)=NP(N3CC3)(N3CC3)=N2)C1,CHEMBL26674
DEC_1551,decoy,CN(C)c1ccc(Cc2c(N)n[nH]c2N)cc1,CHEMBL39720
DEC_0722,decoy,CC(C)(C)c1ccc(C2=Cc3ccc(N)cc3C3=NCCCN23)cc1,CHEMBL429614
DEC_1268,decoy,CCC[C@H](N)[C@H]1COC(c2ccccc2)(c2ccccc2)O1,CHEMBL424408
DEC_1437,decoy,Cc1cnccc1-c1[nH]c(-c2ccc([S+](C)[O-])cc2)nc1-c1ccc(F)cc1,CHEMBL280265
DEC_0358,decoy,COc1ccc2c(c1)C(CNCCCc1ccccc1)CCO2,CHEMBL277757
DEC_3704,decoy,NS(=O)(=O)c1ccc(-n2nc(C(F)(F)F)cc2-c2ccc(Br)s2)cc1,CHEMBL29472
DEC_2966,decoy,CCOC(=O)C1(NC(=O)N(CCCl)N=O)CCCCC1,CHEMBL12687
DEC_3304,decoy,COc1ccc([C@H](O)[C@@H](O)c2cc(OC)c(OC)c(OC)c2)cc1O[Si](C)(C)C(C)(C)C,CHEMBL35062
DEC_1489,decoy,CCCCN1C(=NC#N)N(CCCC)[C@H](Cc2ccccc2)[C@H](O)[C@@H](O)[C@H]1Cc1ccccc1,CHEMBL285180
DEC_2204,decoy,COc1c(Cl)c(OCC(F)(F)F)nc(C(Cl)(Cl)Cl)c1Cl,CHEMBL11565
DEC_2038,decoy,C=CCONC1=NC(=O)/C(=C/c2cc(C(C)(C)C)c(O)c(C(C)(C)C)c2)O1,CHEMBL277515
DEC_4524,decoy,CCCC[C@H]1CC2C(CCC3(C)C(=O)CCC23)C2(C)C=CC(=O)C=C12,CHEMBL8646
DEC_2895,decoy,CCCCCN1CCC(COc2nc3ccccc3c3c2CCCCN3)CC1,CHEMBL33964
DEC_0753,decoy,CCCc1cc(=O)oc2c3c(c4c(c12)OC(C)(C)C=C4)O[C@H](C(C)C)[C@H](C)[C@@H]3O,CHEMBL6883
DEC_2549,decoy,CCCCCc1cc(O)c2c(c1)OC(C)(C)[C@@H]1CC[C@H](C)C(O)C21,CHEMBL10406
DEC_1245,decoy,CCCN(CCC)C1Cc2cccc3c2N(C1)C(=O)NC3,CHEMBL273867
DEC_3807,decoy,C[N+]1(C)CC=C(COC(=O)Nc2cccc(Cl)c2)C1,CHEMBL25060
DEC_0759,decoy,O=S(=O)(Nc1ccccc1SCc1ccc2ccccc2n1)C(F)(F)F,CHEMBL17020
ACT_073,active,Cc1ccc(C(=O)ONc2ccc(N=NC(=O)c3ccccc3O)cc2)cc1,CHEMBL1509453
DEC_2214,decoy,O=S(=O)(CS(=O)(=O)C(F)(F)F)c1cc(C(F)(F)F)cc(C(F)(F)F)c1,CHEMBL12162
DEC_2618,decoy,c1cc(NC2CCCCC2)c2c(ccc3c[nH]nc32)n1,CHEMBL31853
DEC_1388,decoy,O=C(O)c1cccc(CCC2C3CCC(O3)C2c2nc(C(=O)NCCCCC3CCCCC3)co2)c1,CHEMBL286708
DEC_2617,decoy,CC(c1cc2ccncc2s1)N(O)C(N)=O,CHEMBL32858
DEC_4291,decoy,CC(=O)C1C(c2cccc3ccccc23)CC2CCC1N2C,CHEMBL23672
DEC_3847,decoy,Cc1cc(NS(=O)(=O)c2cccc3c(N(C)C)cccc23)nnc1Cl,CHEMBL6660
DEC_1331,decoy,O=NN(CCCl)C(=O)NC1CSCSC1,CHEMBL12689
DEC_2584,decoy,CN(C)c1cc(Cl)c2c(c1)NC1=NC(=O)CN1C2,CHEMBL31383
DEC_3063,decoy,CCOc1c(Br)ccc(OC)c1C(=O)NC[C@@H]1CCCN1CC,CHEMBL282463
DEC_1881,decoy,CCCCn1c(=O)c2c(ncn2S(=O)(=O)c2ccccc2F)n(CCCC)c1=O,CHEMBL20454
DEC_3167,decoy,CCc1ccc(C(c2ccns2)N2CCN(C)CC2)cc1,CHEMBL22603
DEC_2114,decoy,CCc1nc2cc(OC3CCN(C(C)=N)CC3)ccc2n1C/C=C/c1cccc(N)c1,CHEMBL25484
DEC_2001,decoy,CN(C)P1(N(C)C)=N[P@@](N(C)C)(N2CC2)=N[P@](N(C)C)(N2CC2)=N1,CHEMBL281679
DEC_2317,decoy,C=C(Cl)C(=O)N[C@@]12CCC(=O)[C@@H]3Oc4c(O)ccc5c4C31CCN(CC1CC1)C2C5,CHEMBL288178
DEC_0423,decoy,Cc1ccc(C(c2sncc2C)N2CCN(C)CC2)cc1C,CHEMBL21750
DEC_3864,decoy,O=C1C=C(Nc2cccc(F)c2)C(=O)c2scnc21,CHEMBL41870
DEC_3812,decoy,O=C1Nc2ccc(Cl)cc2C(C#Cc2cncs2)(C(F)(F)F)O1,CHEMBL17901
DEC_1708,decoy,O=S(=O)(c1nc(-c2ccccc2Cl)c(-c2ccccc2Cl)[nH]1)C(F)(F)C(F)F,CHEMBL17840
DEC_1099,decoy,CC(C)(C)OC(=O)N[C@@H](Cc1ccccc1)C(=O)N[C@@H](Cc1c[nH]cn1)C(=O)N[C@@H](CC1CCCCC1)[C@@H](O)[C@@H](O)CNC=O,CHEMBL43958
DEC_0014,decoy,CSc1ccc2c(c1)C(c1ccccc1)=NCc1nnc(C(CN(C)C)c3ccccc3)n1-2,CHEMBL16241
DEC_1675,decoy,Cn1cncc1CN(Cc1cccc(C#N)c1)C(=O)N1CCC(C#N)=C(c2cccc3ccccc23)C1,CHEMBL29499
DEC_1305,decoy,CCCCC(=O)c1cc2c(c(C(C)(C)C)c1)OCCC2,CHEMBL15078
DEC_2015,decoy,CCOc1c(N2CCCC(N)C2)c(F)cc2c(=O)c(C(=O)O)cn(C3CC3)c12,CHEMBL15170
DEC_1038,decoy,COc1ccccc1N1CCN(CCCSc2nc3sc(C)c(C)c3c(=O)n2N)CC1,CHEMBL12028
DEC_2080,decoy,CN1CC(C2=NCCN2)Oc2c1ccc1ccccc21,CHEMBL13591
DEC_2923,decoy,Oc1cc(-c2ccc(Oc3ccccc3)cc2)nc2cc3c(cc12)OCO3,CHEMBL14544
DEC_0031,decoy,Cn1cncc1C(OCc1ccc(C#N)cc1-c1cccc2ccccc12)c1ccc(C#N)nc1,CHEMBL287729
DEC_2574,decoy,NS(=O)(=O)OC[C@]12CCC[C@H]1[C@@H]1C[C@@H]1CC2,CHEMBL285315
DEC_0458,decoy,CN(C)CCN1c2ccccc2Sc2ccc(Cl)cc21,CHEMBL27194
DEC_1359,decoy,Cc1ccc(C(O)(c2cncnc2)C(C)C)s1,CHEMBL29491
DEC_0587,decoy,CCN(Cc1ccccc1)Cc1nc2ccccc2c(-c2ccccc2)c1C(=O)N(C)c1ccc(Cl)cc1,CHEMBL417442
DEC_4054,decoy,COc1ccc(NC(=O)NCCc2c[nH]c3ccc(O)cc23)cc1N1CCN(C)CC1,CHEMBL15139
DEC_3371,decoy,CCN1CCCCC1c1ccc(-c2cc(S(=O)(=O)CC)ccc2OC)[nH]1,CHEMBL20763
DEC_2265,decoy,O=C(c1ccccc1)c1ccc(C(Cc2cc[n+]([O-])cc2)c2ccc(OC(F)F)c(OC(F)F)c2)cn1,CHEMBL57095
DEC_1540,decoy,CN1CC=C(c2c[nH]c3ccc(CO)cc23)CC1,CHEMBL287441
DEC_1179,decoy,O=C(O)c1ccc2c(c1)c1c3c(cc4c1n2C(=O)CC4)CNCC3,CHEMBL287863
DEC_3894,decoy,CCN1c2ncccc2C(=O)Nc2c(Cl)ccnc21,CHEMBL37842
DEC_0431,decoy,N#Cc1ccc(-c2ccc3c(c2)C2(CCCCC2)C(S)=N3)o1,CHEMBL27766
DEC_0960,decoy,CC1CN(c2cc3c(cc2F)c(=O)c(C(=O)O)cn3C2CC2)CC(C)N1,CHEMBL15322
DEC_1961,decoy,COc1c(C(=O)NC[C@@H]2CCCN2C2[C@H]3C[C@@H]4C[C@@H](C[C@H]2C4)C3)cc(Br)c2ccccc12,CHEMBL53218
DEC_3008,decoy,CC(C)Nc1nc(N2CCN(C)CC2)nc(Cl)c1Br,CHEMBL31950
DEC_2165,decoy,CC(C)C[C@@H]1OC(=O)C(C)(C)CNC(=O)[C@@H](Cc2cccc3ccccc23)NC(=O)/C=C/C[C@@H]([C@H](C)[C@H]2O[C@@H]2c2ccccc2)OC1=O,CHEMBL86696
DEC_4674,decoy,C(#CCCC1CCCCC1)CCc1c[nH]cn1,CHEMBL15000
ACT_024,active,Oc1ccc([C@H]2N=CN[C@H]2c2ccc(O)cc2I)c(I)c1,CHEMBL112355
DEC_3784,decoy,O=c1c2c(oc(O)c1C(c1cccc(NS(=O)(=O)c3ccccn3)c1)C1CC1)CCCCCC2,CHEMBL16636
DEC_4265,decoy,CC1(C)OC(/C=C/C=C/c2ccc(Cl)cc2)=CC1=O,CHEMBL18147
DEC_3907,decoy,CCCN1CC=C(c2c[nH]c3ccc(NC(C)=O)cc23)CC1,CHEMBL287097
DEC_3417,decoy,CC1CC(C)(C)Nc2ccc3c(c21)/C(=C/c1cccc(F)c1)Oc1ccccc1-3,CHEMBL34882
DEC_3191,decoy,CN1C2CCC1CC1(CN=C(c3cn(C)c4ccccc34)O1)C2,CHEMBL8413
DEC_0013,decoy,Cn1cncc1CN(Cc1cccc(C#N)c1)c1ccc(C#N)c(-c2cccc3ccccc23)c1,CHEMBL27843
DEC_0829,decoy,CCC(C)(C)/N=c1\c(O)c(O)\c1=N/Cc1c(C)cc(C)cc1C,CHEMBL283581
DEC_1468,decoy,CCOC(=O)Nc1cccc2c1CN(C)CC2c1ccc(Cl)cc1,CHEMBL276942
DEC_3289,decoy,C=Cc1ccc(C(=O)O[C@@H]2C[C@](OCCCc3ccc(Cl)cc3)(C(=O)O)C[C@@H](O)[C@H]2O)cc1,CHEMBL32141
DEC_0077,decoy,CC1(C)OC(S)=Nc2ccc(-c3cc(Cl)cc(C#N)c3)cc21,CHEMBL25036
DEC_3207,decoy,CCC(=O)N(c1ccc(Cl)cc1)C1CCCCC1N(C)C,CHEMBL277012
DEC_4325,decoy,COc1ccc(N2CCN(Cc3ccc(Nc4ccnc5cc(C(F)(F)F)ccc45)cc3)CC2)cc1,CHEMBL29655
DEC_3603,decoy,N#Cc1ccc(CCCn2ncc3c2nc(N)n2nc(-c4ccco4)nc32)cc1,CHEMBL22191
DEC_2572,decoy,CC1=C(c2ccc(-n3ccnc3)cc2)CNC1=O,CHEMBL266145
DEC_2719,decoy,COC(=O)C12CCC(C)(C)CC1[C@H]1C(=O)C[C@@H]3[C@@]4(C)CCC(=O)C(C)(C)[C@@H]4CC[C@@]3(C)[C@]1(C)CC2,CHEMBL300360
DEC_0036,decoy,Cc1nsc(-c2ccc(N3CCN(c4cc(C(F)(F)F)cc(C(F)(F)F)c4)CC3)nn2)n1,CHEMBL418167
DEC_0701,decoy,CC(C)(C)c1cc(/C=C/c2n[nH]c(O)n2)cc(C(C)(C)C)c1O,CHEMBL12572
DEC_0570,decoy,FC(F)(F)c1cc(CO[C@H]2C3CCN(CC3)[C@@H]2C(c2ccccc2)c2ccccc2)cc(C(F)(F)F)c1,CHEMBL49638
DEC_1069,decoy,O=C(NO)[C@H]1Cc2ccccc2CN1S(=O)(=O)c1cc(Br)c(Br)s1,CHEMBL58933
DEC_3060,decoy,COc1ccnc(C[S+]([O-])c2nc3cc(F)c(OC(F)F)cc3[nH]2)c1C,CHEMBL273600
DEC_4381,decoy,O=c1cnn(-c2ccc(Sc3ccc(Cl)cc3)c([N+](=O)[O-])c2)c(=O)[nH]1,CHEMBL27023
DEC_0948,decoy,Cc1cc(C)cc(COC2/C(=C\c3ccccc3)N3CCC2CC3)c1,CHEMBL435564
DEC_4437,decoy,COc1cc2c(Nc3ccc(Cl)cc3F)ncnc2cc1OCCC1CCN(C)CC1,CHEMBL25425
DEC_4664,decoy,Cc1sc(C)c2c1CCC=C2c1c[nH]cn1,CHEMBL284795
DEC_3513,decoy,CC(=O)OC1(c2ccccc2)Sc2c(Cl)cccc2-n2cccc21,CHEMBL282854
DEC_3619,decoy,CCCC1CCNc2cc3nc(O)cc(C(F)(F)F)c3cc21,CHEMBL280865
DEC_4051,decoy,Cc1nccn1N[C@@H]1c2cc(S(=O)(=O)N3CCCCC3)ccc2OC(C)(C)[C@H]1O,CHEMBL429014
DEC_1736,decoy,Cc1cc(-c2c(F)cc3c(=O)c(Cc4ccccc4CO)cn(C4CC4)c3c2F)cc(C)n1,CHEMBL8138
DEC_0999,decoy,C1CN(P2(N3CCOCC3)=NP(N3CC3)(N3CC3)=NP(N3CC3)(N3CC3)=N2)CCO1,CHEMBL282300
DEC_4283,decoy,CN1CCN2c3ccccc3Cc3sccc3C2C1,CHEMBL13644
DEC_2545,decoy,CSc1ccccc1-c1cc2ncccc2c(NCCCN)n1,CHEMBL287267
DEC_1975,decoy,CC(C)(C)c1ccc(C2=Cc3ccc(N/C(S)=N/C4CCCCC4)cc3C3=NCCCN23)cc1,CHEMBL10088
DEC_0751,decoy,CCCc1cc(=O)oc2c3c(c4c(c12)OC(C)(C)C=C4)O[C@H](C)C(C)(C)C3=O,CHEMBL7270
DEC_2495,decoy,O=c1cnn(-c2cc(Cl)c(Sc3ccc(Cl)cc3)c(Cl)c2)c(=O)[nH]1,CHEMBL281093
DEC_2498,decoy,NS(=O)(=O)c1ccc(-n2nc(C(F)(F)F)cc2-c2ccc3c(c2)CCC3)cc1,CHEMBL29500
DEC_3942,decoy,CC(C)(C)OC(=O)N[C@@H](Cc1ccccc1)[C@@H](O)C[C@@H](Cc1ccccc1)c1nc(C(=O)C2CCCC2)c[nH]1,CHEMBL312709
DEC_1585,decoy,CC(C)c1cc(C(C)C)c(OC(=O)NS(=O)(=O)Oc2c(C(C)C)cccc2C(C)C)c(C(C)C)c1,CHEMBL279927
DEC_3633,decoy,CC(C)(C)Oc1ccccc1-c1nc2ccc[nH]c-2n1,CHEMBL413969
ACT_082,active,CC(C)[P+](Bc1cccc(O)c1)(c1ccccc1)C(C)C,CHEMBL5417090
DEC_0342,decoy,NCCc1c[nH]c(CCC(c2ccccc2)c2ccccc2)n1,CHEMBL275507
DEC_2852,decoy,Cc1cc(C)cc(C(=O)N2CC[C@@H](NCc3ccnc4ccccc34)C[C@H]2Cc2ccccc2)c1,CHEMBL42778
ACT_029,active,c1ccc(-c2[nH]c3ccccc3c2-c2ccccc2)cc1,CHEMBL200719
DEC_0039,decoy,CCc1nc2c(-c3ccc(C(F)(F)F)cc3Cl)ccnc2n1C(CC)CCOC,CHEMBL23439
DEC_1858,decoy,O=C1C2C3C=CC(C3)C2C(=O)N1CCCCN1CCN(c2ccc(Cl)nn2)CC1,CHEMBL28868
DEC_2669,decoy,COc1cccc2c1CC[C@H]1CN(CCn3c(=O)[nH]c4c(sc5nc(C)c(C)nc54)c3=O)C[C@@H]21,CHEMBL290243
DEC_3708,decoy,COc1cc2c(Nc3c(F)cc(Cl)cc3F)ncnc2cc1OCC1CCN(C)CC1,CHEMBL422758
DEC_2376,decoy,Clc1ccc(C2(Cn3ccnc3)OCC(Cc3ccccc3)O2)c(Cl)c1,CHEMBL30133
DEC_1295,decoy,c1ccc2sc(C3(N4CCCCC4)CCCC3)cc2c1,CHEMBL273326
DEC_0649,decoy,CC(C)C[C@@H]1OC(=O)C(C)(C)CNC(=O)[C@@H](Cc2cccnc2)NC(=O)/C=C/C[C@@H]([C@H](C)/C=C/c2ccccc2)OC1=O,CHEMBL315267
DEC_0762,decoy,CCCc1cc(=O)oc2c3c(c4c(c12)OC(C)(C)C=C4)O[C@H](CC)[C@@H](C)[C@H]3O,CHEMBL267693
DEC_1065,decoy,CC(C)(C)n1cc(C(=O)O)c(=O)c2cc(F)c(N3CCNC(c4ccccc4)C3)cc21.CS(=O)(=O)O,CHEMBL441324
DEC_4676,decoy,C[C@H]1C=C2c3cccc4c3[C@@H](CN4)C[C@H]2N(C)C1,CHEMBL289517
DEC_4464,decoy,CCc1ccccc1-c1n[nH]c(-c2cccc(F)c2)n1,CHEMBL18261
DEC_3043,decoy,CCCCN1CCN(c2cc3c(cc2F)c(=O)c(C(=O)O)cn3C2CC2)CC1,CHEMBL15089
DEC_4355,decoy,CC(C)Sc1ccc(CC2CCN(C3CCN(C(=O)c4cccc5ccccc45)CC3)CC2)cc1,CHEMBL276239
DEC_2281,decoy,O=C(O)CCC/C=C/C[C@H]1[C@H](NS(=O)(=O)c2ccc(F)cc2)C2CC1(c1ccc(F)cc1)CO2,CHEMBL269456
DEC_4025,decoy,O=C(O)C(CCCCn1cnc2c1NC=NCC2O)Cc1ccccc1Br,CHEMBL36045
DEC_4095,decoy,Cc1noc(NS(=O)(=O)c2cccc3ccc(N)cc23)c1C,CHEMBL26090
DEC_3828,decoy,O=C(c1ccc2[nH]ccc2n1)N1CCC(N2C(=O)OCc3ccccc32)CC1,CHEMBL31645
DEC_4475,decoy,CCC1CCc2cc3c(C(F)(F)F)cc(=O)oc3cc2N1,CHEMBL266473
DEC_2978,decoy,CCc1c(F)c(N2CCC(N)C2)cc2c1c(=O)c(C(=O)O)cn2C1CC1,CHEMBL15767
DEC_0691,decoy,CC(=O)Nc1cccc(Cn2c3c(c4ccccc42)C[C@@]2(O)C4Cc5ccc(O)c6c5C2(CCN4CC2CC2)[C@H]3O6)c1,CHEMBL28116
DEC_4602,decoy,Cc1cc(OCc2ccc(-c3ccccc3-c3nn[nH]n3)cc2)c(I)c(C)n1,CHEMBL22391
DEC_0391,decoy,CC(C)(C)c1cc(-c2n[nH]c(O)n2)cc(C(C)(C)C)c1O,CHEMBL12234
DEC_0012,decoy,Cc1cc(CCCOc2c(C)cc(-c3noc(C(Cl)(Cl)Cl)n3)cc2C)on1,CHEMBL28030
DEC_1471,decoy,CCCC(C)n1c(CC)nc2c(-c3ccc(C(C)O)cc3Cl)ccnc21,CHEMBL279734
DEC_4480,decoy,Cc1ccc2c(c1)C=Cc1cc(CC(=O)O)ccc1O2,CHEMBL10723
DEC_0287,decoy,O=C(O)CCC/C=C/C[C@H]1[C@H](COCc2ccccc2)C2CC1(C#Cc1ccccc1)CO2,CHEMBL267813
DEC_0944,decoy,Fc1ccc(C(c2ccn(-c3ccc(F)cc3)c2)n2ccnc2)cc1,CHEMBL276951
DEC_0961,decoy,Cc1c(N2CC[C@H](N)C2)c(F)cn2c(=O)c(C(=O)O)cc(C3CCC3)c12,CHEMBL275425
DEC_4607,decoy,CN(C)c1c(Cl)cc(-c2nc(C(F)(F)F)cn2-c2ccc(S(C)(=O)=O)cc2)cc1Cl,CHEMBL43553
DEC_2947,decoy,CC(/C=C/C(=O)C1=C(O)CN(C)C1=O)=C\C1CCCCO1,CHEMBL10300
ACT_055,active,CC(=C(c1ccc(N)cc1)c1ccc(N)cc1)c1ccc([N+](=O)[O-])cc1,CHEMBL3984531
DEC_0484,decoy,CCCc1cc(=O)oc2c(C(=O)[C@@H](C)[C@H](C)O)c(O)c3c(c12)OC(C)(C)C=C3,CHEMBL7211
DEC_2579,decoy,CN1c2c(Cl)cccc2CC1C1=NCCN1,CHEMBL41224
DEC_1513,decoy,CCCCc1nc(Cl)c(CC(=O)OC)n1Cc1ccc(NS(=O)(=O)C(F)(F)F)cc1,CHEMBL283983
DEC_2253,decoy,Cn1cc(C(=O)O)c(=O)c2c3cc(F)c(N4CCCC(C)(C)C4)cc3ncc21,CHEMBL282817
DEC_2319,decoy,COc1cccc2c1CC[C@H]1CN(CCn3c(=O)[nH]c4c(sc5ccncc54)c3=O)C[C@@H]21,CHEMBL287965
DEC_0408,decoy,C=CC1CN2CCC1CC2C(O)c1ccnc2ccccc12,CHEMBL15134
DEC_3611,decoy,O=C1C(Cl)=C(Nc2ccccc2)C(=O)c2cnccc21,CHEMBL11270
DEC_3455,decoy,CSc1nc(-c2ccc(F)cc2)c(-c2ccc(C(F)(F)F)cc2)[nH]1,CHEMBL18611
DEC_4510,decoy,CCc1cc([S+]([O-])c2ccc(C)cc2)c(O)cc1Cl,CHEMBL24852
DEC_3090,decoy,CCCCCc1c(C(C)C)nc(C(C)C)c(CO)c1-c1cccc(C(F)(F)F)c1,CHEMBL281404
DEC_2793,decoy,O=C(c1c(F)c(F)c(F)c(F)c1F)c1ccc2n1CCC2C(=O)O,CHEMBL9098
DEC_3258,decoy,O=NN(CCCl)C(=O)NC1CCC(CC2CCC(NC(=O)N(CCCl)N=O)CC2)CC1,CHEMBL12409
DEC_2122,decoy,Brc1cccc(Br)c1N(Cc1cccs1)C1=NCCN1,CHEMBL278118
DEC_2077,decoy,O=C1NC[C@@]2(CCN3CCc4ccccc4[C@@H]3C2)O1,CHEMBL33804
DEC_0106,decoy,Sc1nc(S)c2cc(Sc3ccc4ccccc4c3)ccc2n1,CHEMBL7316
DEC_3293,decoy,CN1C2CC[C@@H]1C[C@H](OC(=O)c1ccccc1)C2C(=O)OCCc1ccccc1.O=C(O)/C=C/C(=O)O,CHEMBL31831
DEC_0345,decoy,O=C(NCCCCCCn1ccnc1)c1ccc(Cl)s1,CHEMBL8489
DEC_3742,decoy,CN(C)C[C@@H]1C[C@@H]2O[C@H]1n1c3ccccc3c3c4c(c5c6ccccc6n2c5c31)C(=O)NC4=O,CHEMBL290054
DEC_0744,decoy,c1ccc2c(c1)-c1ccccc1C21OC[C@H]([C@@H]2CCCCN2)O1,CHEMBL442107
DEC_0211,decoy,CN1CCN(Cc2ccc3c(c2)C(=O)c2nccnc2C3=O)CC1,CHEMBL282031
DEC_3550,decoy,CN(Cc1ccccc1)C(=O)c1nc2ccccc2c2c1OCCc1ccccc1-2,CHEMBL416713
DEC_3694,decoy,CC(C)(CC(=O)O)CC(=O)O[C@H]1CC[C@@]2(C)C(CC[C@]3(C)C2CC=C2[C@@H]4CC(C)(C)CC[C@]4(C(=O)O)CC[C@]23C)C1(C)C,CHEMBL298623
DEC_1601,decoy,CCNC(=O)N(CCCN(C)C)C(=O)[C@@H]1C[C@@H]2c3cc(C(C)(C)C)cc4[nH]cc(c34)C[C@H]2N(C)C1,CHEMBL276013
DEC_1440,decoy,CC(=O)/C(=N\O)c1ccc(Sc2cc(F)cc(C3CCOCC3)c2)cc1,CHEMBL283476
DEC_4465,decoy,Cc1cc(-c2nc3cc(F)c(F)cc3s2)ccc1N,CHEMBL32819
DEC_1713,decoy,Oc1ccc2c3c1OC1[C@H]4OC[C@@]4(CCCCc4ccccc4)CC4C(C2)N(CC2CC2)CCC341,CHEMBL9733
DEC_3313,decoy,C=C(C)[C@@H]1CCC(C)=C[C@H]1c1c(O)cc(C2(CCCCCC)SCCS2)cc1O,CHEMBL418366
DEC_0041,decoy,CCCN1N=C2/C(=C/c3ccc(Cl)cc3)CS(=O)(=O)CC2C1c1ccc(Cl)cc1,CHEMBL37222
DEC_3908,decoy,C/C(=N\N=C(/S)Nc1ccc(C)cc1N)c1ccccn1,CHEMBL30341
DEC_0173,decoy,O=C(/C=C/c1ccc2ccccc2n1)NCCCCN1CCc2ccc(OS(=O)(=O)C(F)(F)F)cc2C1,CHEMBL55090
DEC_0684,decoy,C=C(C)[C@@]12C[C@@H](C)C34OC(Cc5ccccc5)(OC1[C@@H]3C=C(COC(=O)Cc1ccccc1)C[C@]1(O)C(=O)C(C)=C[C@@H]41)O2,CHEMBL319078
DEC_3629,decoy,CNCC(=O)N1c2ccccc2N2CCc3cccc(c32)C1C,CHEMBL430722
DEC_1753,decoy,CO[C@H]1O[C@]2(C)OO[C@]13[C@H](CCO)CCC[C@@H]3C[C@@H]2C,CHEMBL277457
DEC_0653,decoy,CC(C)(C)OC(=O)c1ncn2c1CN(C(=O)N1CC(C3CC4(CC4)C3)NCC1C1CC3(CC3)C1)c1cc(Cl)ccc1-2,CHEMBL406995
DEC_3546,decoy,O=c1oc(Nc2c(Cl)cccc2Cl)nc2cc(C(F)(F)F)ccc12,CHEMBL10527
DEC_3243,decoy,COc1c(N2CCC(N)C2)c(F)cc2c(=O)c(C(=O)O)cn(C3CC3)c12,CHEMBL275359
DEC_1480,decoy,CS(=O)(=O)c1nc(-c2ccc(F)cc2)c(-c2ccc(C(F)(F)F)cc2)[nH]1,CHEMBL18551
DEC_0083,decoy,CCC1C(=O)N(CC2CC2)C2SC=C(c3ccccc3)N2C1=O,CHEMBL283189
DEC_0685,decoy,CC[C@@]1(O)C(=O)OCc2c1cc1n(c2=O)Cc2c-1nc1ccccc1c2/C=N/OCc1c2ccccc2cc2ccccc12,CHEMBL112977
DEC_3250,decoy,CCn1cc(C(=O)O)c(=O)c2c(C)c(F)c(N3CCC(N)C3)cc21,CHEMBL16292
DEC_0046,decoy,O=C1NC(=O)C(CC#Cc2ccc(Cl)cc2)(Sc2ccc3ccccc3n2)S1,CHEMBL273223
DEC_3699,decoy,CC1(C)CC[C@]2(C(=O)O)CC[C@]3(C)C(=CCC4[C@@]5(C)CC[C@H](OC(=O)CC(C)(C)C(=O)O)C(C)(C)C5CC[C@]43C)[C@@H]2C1,CHEMBL293311
DEC_1187,decoy,O=C1c2cc(Cl)c(Cl)cc2C(=O)N1CCCCCn1c(C2CCNCC2)nc2cc(Cl)c(Cl)cc21,CHEMBL19704
DEC_3970,decoy,CC1CCC(=NNc2cc(Cl)ccc2O)c2ncc(C(=O)O)c(=O)n21,CHEMBL278684
DEC_4356,decoy,CC(=O)OC1C(=O)N(c2cccc3cc4c(cc23)Cc2cc3ccccc3cc2-4)[C@H]1c1ccccc1,CHEMBL36431
DEC_3703,decoy,CN(C)c1cccc2c(S(=O)(=O)Nc3ccc(I)cn3)cccc12,CHEMBL266684
ACT_017,active,C[C@]12CC[C@H]3[C@@H](CC[C@H]4[C@H]5CCC[C@]43CC[C@@H]5O)[C@@H]1CC[C@@H]2O,CHEMBL393278
DEC_1336,decoy,Cc1nc2c([nH]1)C(=O)N1CCN=C1N2CC(C)C,CHEMBL274028
DEC_0812,decoy,c1csc(-c2ncnc3c2ncn3C2CCOCC2)c1,CHEMBL28843
DEC_0964,decoy,O=C(O)c1cn(C2CC2)c2c(F)c(N3CCC(=NO)CC3)c(F)cc2c1=O,CHEMBL29051
DEC_0364,decoy,O=C(O)CCCCCCCNC(=O)C/C=C/c1ccccc1,CHEMBL16507
DEC_1116,decoy,N=C(N)NCCC[C@H](NC(=O)[C@H](CC1CCCCC1)NC(=O)C1=COc2ccccc2O1)C(=O)N[C@@H](Cc1ccccc1)C(N)=O,CHEMBL33630
DEC_1768,decoy,CC1CC(O)=NN=C1c1ccc(-n2ccnc2)cc1,CHEMBL440593
DEC_4397,decoy,Cc1nsc(-c2ccc(N3CCN(c4cccc(F)c4)CC3)nn2)n1,CHEMBL14713
DEC_2750,decoy,N#Cc1ccc(C2(c3ccc(C#N)cc3)CCCc3cncn32)cc1,CHEMBL285809
DEC_0338,decoy,CCCCCCCCc1cc(OC)c(CC(C)N)cc1OC,CHEMBL8614
ACT_003,active,CC1=C(SCCC#N)S/C(=C2\SC(C)=C(SCCC#N)S2)S1,CHEMBL1407483
DEC_0095,decoy,C[C@@H]1OC(=O)[C@H]2C[C@H]3CCCC[C@@H]3[C@@H](/C=C/[C@H]3CCC[C@H](C)N3C)[C@@H]12,CHEMBL277642
DEC_4290,decoy,COc1ccc(-c2c(-c3ccccn3)nc3n2CCC3)cc1,CHEMBL6204
DEC_1213,decoy,Cn1cc(C2=C(c3cn(C4CCN(Cc5ccccn5)CC4)c4ccccc34)C(=O)NC2=O)c2ccccc21,CHEMBL300138
DEC_4459,decoy,COCCN(CCOC)c1nc(C)nc2c1sc(=S)n2-c1c(C)cc(C)cc1C,CHEMBL417091
DEC_3321,decoy,COc1cc(NC(C)CCCN)c2ncc(C)cc2c1Oc1ccc(F)c(C(F)(F)F)c1,CHEMBL262716
DEC_0712,decoy,O=C1Nc2ccc(Cl)cc2C(C#Cc2ccoc2)(C(F)(F)F)O1,CHEMBL280029
DEC_2581,decoy,O=C1CCC(c2ccc(-n3ccnc3)cc2)=NN1,CHEMBL12831
DEC_3394,decoy,C[C@@](O)(/C=C/C1[C@H](O)C[C@@H]2OC(=O)CCC/C=C\C[C@H]12)CCc1ccccc1,CHEMBL429044
DEC_0662,decoy,Oc1ccc2c3c1O[C@H]1c4c(c5ccccc5n4Cc4ccccc4N=C=S)C[C@@]4(O)C(C2)N(CC2CC2)CCC314,CHEMBL26648
DEC_2797,decoy,Cc1c(Cl)ccc(C[S+]([O-])c2nc3ccccc3[nH]2)c1N,CHEMBL19851
DEC_4419,decoy,CCCC/C(=C\Cn1oc(=O)[nH]c1=O)c1cccc(OCc2cc(Cl)cc(Cl)c2)c1,CHEMBL414204
DEC_1681,decoy,Cc1nnc2n1-c1sc(C#CCN3C(=O)CCc4ccccc43)cc1C(c1ccccc1Cl)=NC2,CHEMBL277701
DEC_3675,decoy,Cc1ccc2ccccc2c1N1C(=O)N(c2c(C)ccc3ccccc23)[C@H](Cc2ccccc2)[C@H](O)[C@@H](O)[C@H]1Cc1ccccc1,CHEMBL333216
DEC_2352,decoy,O=C1NC(=O)C(CC#Cc2ccc(Cl)cc2)(S(=O)(=O)c2ccccn2)S1,CHEMBL11958
DEC_4594,decoy,CC(=O)N1CCN(C(=O)/C=C/c2ccc(Sc3ccc4c(ccn4C)c3)c(Cl)c2)CC1,CHEMBL19837
DEC_2987,decoy,CC1(C)N=C(N)N=C(N)N1c1ccc(C#Cc2ccccc2)cc1,CHEMBL284157
DEC_0171,decoy,COC(=O)N[C@@H](c1ccsc1)[C@@H](O)C(=O)OC1CC2C(C)(C)C1(C)[C@@]13CC(C)c4ccccc4[C@@]21O3,CHEMBL430529
DEC_3662,decoy,COC(=O)c1c(C(F)(F)F)[nH]c2c(O)cc3c(c12)[C@H](CCl)CN3C(=O)c1cc2cc(-c3cc4ccccc4o3)ccc2[nH]1,CHEMBL286781
DEC_4124,decoy,O=c1oc2ccc(Cl)cc2n1CCc1ccncc1,CHEMBL25135
ACT_002,active,Brc1ccc(-c2nnc(-c3cccnc3)c3conc23)cc1,CHEMBL1613068
DEC_4003,decoy,CCCCc1cnc2c(c1)[C@@H]1c3cc(O)c(O)cc3CC[C@H]1NC2,CHEMBL283247
DEC_1296,decoy,Fc1ccc2c(c1)[nH]c1c(-c3ccccc3F)nccc12,CHEMBL274971
DEC_1992,decoy,COc1ccc(C2=C(OC(=O)N(C)C)c3cccn3-c3cc(C(F)(F)F)ccc3S2)cc1,CHEMBL33641
DEC_2152,decoy,CCc1c(C)c2cc3[nH]c(cc4nc(c5c6nc(cc1[nH]2)C(C)=C6C(=O)N(C)C5=O)[C@@H](CCC(=O)OC)[C@@H]4C)c(C)c3C(C)OC,CHEMBL38799
DEC_4484,decoy,CCC1CCNc2cc3oc(=O)cc(C(F)(F)F)c3cc21,CHEMBL6843
DEC_0842,decoy,CC1(C)OC(/C=C/c2cc(Cl)cc(Cl)c2)=CC1=O,CHEMBL276730
DEC_3059,decoy,CCc1c(Sc2cc(C)cc(C)c2)n(COCCO)c(=S)[nH]c1=O,CHEMBL16793
DEC_3351,decoy,CCN1CCCC(Nc2nc(Nc3ccc(Cl)c(Cl)c3)nc3cc(Cl)ccc23)C1,CHEMBL31538
DEC_2408,decoy,CCc1cc(CCCOc2c(C)cc(-c3noc(C(F)(F)F)n3)cc2C)on1,CHEMBL285833
DEC_3117,decoy,C=CCC12NC(Cc3ccccc31)c1ccccc12,CHEMBL276863
DEC_4243,decoy,CCc1nn(Cc2ccc(-c3ccccc3-c3nn[nH]n3)cc2)/c(=N/C(C)=O)s1,CHEMBL35475
DEC_2555,decoy,O=NN(CCCl)C(=O)NC1CC2CCC1C2,CHEMBL268495
DEC_4069,decoy,COc1cc2c(c3ccccc3n2C)c2c(NCCCO)nccc12,CHEMBL19842
DEC_0168,decoy,N#Cc1ccc(S(=O)(=O)N2Cc3ccccc3N(Cc3c[nH]cn3)C(CCc3ccccc3)C2)cc1,CHEMBL8247
DEC_2320,decoy,COc1cccc2c1CC[C@H]1CN(CCn3c(=O)[nH]c4c(sc5cnccc54)c3=O)C[C@@H]21,CHEMBL40754
DEC_3503,decoy,O=C(c1ccc(Cl)cc1Cl)C(O)(Cn1cnnc1)c1ccc(Cl)cc1Cl,CHEMBL10547
DEC_1925,decoy,COc1cc(N(C)C)c(Cl)cc1C(=O)NCC1CCCN1C1CCCCC1.O=C(O)C(=O)O,CHEMBL282944
DEC_4520,decoy,CCCN1CCCC[C@H]1[C@H]1COC(c2ccccc2)(c2ccccc2)O1,CHEMBL430915
DEC_0562,decoy,Cc1coc2c(O)cc3c(c12)[C@H](CCl)CN3C(=O)c1cc2cc(NC(=O)c3cc4ccccc4o3)ccc2s1,CHEMBL80312
DEC_3202,decoy,CN1CCN(CCCCN2C(=O)c3cccc4cccc2c34)CC1,CHEMBL273385
DEC_2984,decoy,CNCC1CCN(c2cc3c(cc2F)c(=O)c(C(=O)O)cn3C2CC2)C1,CHEMBL279853
DEC_3039,decoy,CCOc1c(N2CCC(C)C2)c(F)cc2c(=O)c(C(=O)O)cn(C3CC3)c12,CHEMBL14990
DEC_1414,decoy,CCCCc1cn(-c2ccccc2C(C)(C)C)c(=O)n1Cc1ccc(-c2ccccc2-c2nn[nH]n2)nc1,CHEMBL427808
DEC_3298,decoy,O=C(O)CCc1ccccc1CC1C2CCC(O2)C1c1nc(C(=O)NCCCCN2CCCCC2)co1,CHEMBL32237
DEC_0715,decoy,CC(C)[C@@H]1CCc2cc3c(C(F)(F)F)cc(O)nc3cc2N1,CHEMBL267850
DEC_3457,decoy,CC(C)=C(c1cc(Cl)ccc1OCc1ccc(C)cc1)n1ccnc1,CHEMBL28693
DEC_1630,decoy,CCc1cc(C(C)=O)c(O)cc1OCc1cccc(C(=O)Nc2cccc(CC(=O)O)[n+]2[O-])n1,CHEMBL35963
DEC_0634,decoy,Cc1nnc2n1-c1sc(C#CCOc3cccnc3)cc1C(c1ccccc1Cl)=NC2,CHEMBL283339
DEC_1201,decoy,O=S(=O)(c1ccc2ccccc2c1)N1C[C@H](S)C[C@H]1c1nnc(SCC2CC2)n1-c1ccccc1,CHEMBL47934
DEC_4259,decoy,COc1cc(OC)c(-c2nnc3c4ccccc4c(N4CCCC4)nn23)cc1OC,CHEMBL14191
DEC_1812,decoy,CC1(C)OC(S)=Nc2ccc(-c3cc(F)cc(Cl)c3)cc21,CHEMBL25462
ACT_006,active,CC1(C)Cc2c(sc3c4nnnn4c4nnnn4c23)CO1,CHEMBL1581690
DEC_1092,decoy,C=C(CCC12OC(C(=O)O)C(O)(C(=O)O)C(C(=O)O)(O1)[C@H](OC(=O)NCc1ccccc1)[C@H]2O)[C@@H](OC(C)=O)[C@H](C)Cc1ccccc1,CHEMBL335710
DEC_4145,decoy,CCCN(CCC)[C@@H]1Cc2cccc3c2N(CC(=O)N3)C1,CHEMBL27399
DEC_1865,decoy,CN(C)CC1CN(c2c(F)cc3c(=O)c(C(=O)O)cn(C4CC4)c3c2F)CCO1,CHEMBL29929
DEC_3624,decoy,COc1cccc2c1c1c3c(cc4c1n2C(=O)CC4)CNCC3,CHEMBL276955
DEC_0656,decoy,CCOCc1ccc2c(c1)c1c3c(c4c5cc(COCC)ccc5n5c4c1n2C1C[C@](O)(C(=O)OC)[C@]5(C)O1)CNC3=O,CHEMBL53885
DEC_4661,decoy,COc1ccc(-c2cnc(-c3ccc(S(=O)(=O)NC(C(=O)O)C(C)C)cc3)s2)cc1,CHEMBL418715
DEC_0956,decoy,NC1CCN(c2c(F)cc3c(=O)c(C(=O)O)cn(C4CC4)c3c2Cl)C1,CHEMBL278255
DEC_3103,decoy,CC/C(=C(\Cc1ccccc1)c1ccccc1)c1ccc(OCN2CCCCC2)cc1,CHEMBL11283
DEC_3969,decoy,Cc1c[nH]c(Cc2ccc(OCC(O)CNC(C)(C)C)cc2)n1,CHEMBL11362
DEC_1544,decoy,C/C=C(\NC(=O)C1CC1(Cl)Cl)C(=O)O,CHEMBL12086
DEC_3135,decoy,Cc1ccc([C@@H](O)[C@@H]2CCCCc3cccnc32)cc1,CHEMBL38331
DEC_0826,decoy,CCCNCc1cccc(I)c1.Cl,CHEMBL266156
DEC_2304,decoy,CC1CN(c2c(F)c(N)c3c(=O)c(C(=O)O)cn(C4CC4)c3c2Cl)CC(C)N1,CHEMBL15536
DEC_3344,decoy,Cc1cc(SC2=C(O)OC(CCc3ccccc3)(C(C)C)CC2=O)c(C(C)(C)C)cc1N,CHEMBL288033
DEC_2286,decoy,COCCN(CCOC)c1nc(C)nc2c1sc(=S)n2-c1ccc(C(C)C)cc1Br,CHEMBL559127
DEC_1895,decoy,CCN1CCCC1CNC(=O)c1cc(N(C)S(C)(=O)=O)c(Cl)cc1OC,CHEMBL279604
DEC_1276,decoy,OC(c1ccccc1)(c1cncnc1)c1ccc(Cl)c(Cl)c1,CHEMBL287393
DEC_2650,decoy,CCCCC1(c2ccc(C)cc2)NC(=O)NC1=O,CHEMBL39247
DEC_3931,decoy,NCCCN1C(=O)C(CCN)N=C(c2ccccc2)c2cc(N(Cc3ccccc3)Cc3ccccc3)ccc21,CHEMBL312658
DEC_2624,decoy,CC1(C)CC1C(=O)N/C(=C\CC(F)(F)F)C(=O)O,CHEMBL12353
DEC_1598,decoy,CCCCc1ccc(-c2sc3cc(O)ccc3c2C(=O)c2ccc(OCCN3CCCCC3)cc2)cc1,CHEMBL46937
DEC_1290,decoy,c1ccc2sc(C3(N4CCCC4)CCCC3)cc2c1,CHEMBL280329
DEC_0560,decoy,Cc1c(/C=C/CN(C)Cc2ccccc2)nc(O)c2c1ccc1nc(Nc3c(Cl)cccc3Cl)n(C)c12,CHEMBL26214
DEC_2093,decoy,C1=C(C2(C3=NCCN3)COc3ccccc3O2)CCC1,CHEMBL430310
DEC_0412,decoy,CCCN1C[C@H](C)C=C2c3cccc4c3[C@@H](CN4)C[C@H]21,CHEMBL291030
DEC_1671,decoy,Cc1nnc2n1-c1sc(C#CCN3C(=O)OCc4ccccc43)cc1C(c1ccccc1Cl)=NC2,CHEMBL20267
DEC_0160,decoy,CC1(C)N=C(N)N=C(N)N1c1ccc(CCCCc2ccc(S(=O)(=O)F)cc2Cl)c(Cl)c1,CHEMBL33697
DEC_2116,decoy,NS(=O)(=O)c1ccc(-n2nc(C(F)(F)F)cc2-c2ccc3c(c2)CCCS3)cc1,CHEMBL29469
DEC_0468,decoy,COc1c(Cl)c(O)nc(C(Cl)(Cl)Cl)c1Cl,CHEMBL275922
DEC_4511,decoy,Cc1ccccc1-c1n[nH]c(-c2ccc(Cl)cc2)n1,CHEMBL18777
DEC_3582,decoy,COc1ccc(OC)c(Nc2cc3n(c(=O)n2)CCc2cc(OC)c(OC)cc2-3)c1,CHEMBL35467
DEC_2794,decoy,O=C(O)c1cc(O)c2c(Br)cc(Br)cc2n1,CHEMBL278854
DEC_3579,decoy,COc1cc(Cc2cnc(N)nc2N)ccc1OCc1cc(OC)c(OC)c(OC)c1,CHEMBL22811
DEC_3454,decoy,C=CCOc1ccc2c(c1)Sc1ccccc1C(CC)=C2c1ccccc1,CHEMBL14560
DEC_1830,decoy,S=C=Nc1ccc(-c2noc(-c3ccc(Cl)cc3)n2)cc1,CHEMBL278592
DEC_3841,decoy,O=C(OC1CN2CCC1CC2)C1=C/C(=C\c2ccccn2)c2ccccc21,CHEMBL21716
DEC_3332,decoy,CCN(CC)C1CCC(Nc2nc(Nc3ccc(Cl)c(Cl)c3)c3ccccc3n2)CC1,CHEMBL32022
DEC_2524,decoy,Cc1ccc(Oc2cc(C)c(Cl)cc2Cl)c(CC(=O)O)c1,CHEMBL284904
DEC_0563,decoy,CC(C)(C)c1cccc(C(C)(C)C)c1OC(=O)NS(=O)(=O)Oc1c(C(C)(C)C)cccc1C(C)(C)C,CHEMBL22725
DEC_1310,decoy,CN(C/C=C/c1ccccc1)C1CCCc2ccccc21,CHEMBL22474
DEC_4091,decoy,CCOc1ccc(Sc2ccc(NC3=NCCN3)cc2)cc1,CHEMBL9552
DEC_1559,decoy,N#CC(c1ccccc1)C(N)Sc1ccccc1N,CHEMBL284774
DEC_2168,decoy,CC(C)C[C@@H]1OC(=O)C(C)(C)CNC(=O)[C@@H](Cc2ccc3ccccc3c2)NC(=O)/C=C/C[C@@H]([C@H](C)[C@@H]2O[C@H]2c2ccccc2)OC1=O,CHEMBL328454
DEC_0991,decoy,CC(=O)NC(=S)NC[C@@H]1C[C@@H]2c3cccc4[nH]cc(c34)C[C@H]2N(C)C1,CHEMBL14239
DEC_2892,decoy,CO[C@H]1O[C@]2(C)OO[C@]13[C@H](CCOCc1ccccc1)CCC[C@@H]3CC2(C)C,CHEMBL22956
DEC_2891,decoy,N#CCCn1nc(-c2ccc(OCc3cccc(Cl)c3)cc2)oc1=S,CHEMBL16956
DEC_0022,decoy,C[C@H]1[C@@H](OCC23CC4CC(CC(C4)C2)C3)O[C@@H]2O[C@@]3(C)CC[C@H]4[C@H](C)CC[C@@H]1[C@@]24OO3,CHEMBL437851
DEC_2917,decoy,COc1cc2ncc(C#N)c(Nc3ccccc3Oc3ccccc3)c2cc1OC,CHEMBL286244
DEC_3920,decoy,O=C(O)Cc1cccc(CC2C3CCC(O3)C2c2nc(C(=O)NCCCCC3CCCCC3)co2)c1,CHEMBL285596
DEC_2357,decoy,CC(O)(c1ccc(Cl)cc1)C(O)(Cn1ccnc1)c1ccc(Cl)cc1,CHEMBL276213
DEC_1162,decoy,Cc1cc(I)c2c(O)cc(C(=O)O)nc2c1,CHEMBL21856
DEC_0240,decoy,COc1ccc(C(Cc2ccccc2-n2cccc2)n2ccnc2)cc1,CHEMBL21904
DEC_2551,decoy,CC(/C=C/C(=O)C1=C(O)C(C)N(C)C1=O)=C\c1ccc2ccccc2c1,CHEMBL10277
DEC_4585,decoy,COc1cc2c(cc1OC)-c1cc(=Nc3c(Cl)cc(Cl)cc3Cl)n(C)c(=O)n1CC2,CHEMBL34359
DEC_1150,decoy,Nc1nc(O)c2cc([S+]([O-])c3ccc4ccccc4c3)ccc2n1,CHEMBL269059
DEC_4683,decoy,CSc1cccc2[nH]cc(CCN(C)C)c12,CHEMBL285355
DEC_1105,decoy,CC[C@H](C)[C@H](NC(=O)[C@H]1CCCN1C(=O)CNC(=O)[C@H](C)NC(=O)[C@H](Cc1c[nH]cn1)NC(=O)CC(C)C)C(=O)NCc1ccccc1,CHEMBL540193
DEC_4004,decoy,Nc1nc(N)c2c(CNc3cc(Cl)ccc3Cl)coc2n1,CHEMBL277438
DEC_2071,decoy,CCC(C)(C)/N=c1\c(O)c(O)\c1=N/c1ccc(C#N)cc1,CHEMBL18831
DEC_0141,decoy,Cc1ccc(Oc2ccc(C(C)(C)C)cc2Cl)c(CC(=O)O)c1,CHEMBL27428
DEC_0800,decoy,Cc1c(C)c(C)c(S(=O)(=O)OCCCl)c(C)c1C,CHEMBL17524
DEC_3880,decoy,COc1ccccc1Sc1ccc(NC2=NCCN2)cc1,CHEMBL9442
DEC_3317,decoy,COc1ccc(CCN(C)Cc2ccc3n2-c2ccccc2SC3c2ccccc2)cc1OC,CHEMBL282989
DEC_3493,decoy,CCCC1Nc2ccccc2C(=O)N1Cc1ccc(-c2ccccc2-c2nn[nH]n2)cc1,CHEMBL15484
DEC_2272,decoy,CC(=O)OCc1cc(C)cc(-c2c(O)nc3cc(Cl)c([N+](=O)[O-])cc3c2OCCC2CCCCN2)c1,CHEMBL49162
DEC_4038,decoy,CCn1cc(C(=O)O)c(=O)c2cc(F)c(N3CCN(Cc4ccc(N)cc4)CC3)cc21,CHEMBL26469
DEC_1726,decoy,COc1ccc(C(Cc2ccncc2)c2ccc(Cl)cc2)c(F)c1OC1CCCC1,CHEMBL284479
DEC_3446,decoy,c1ccc(CCN2CCC3C(=C(c4ccccc4)c4ccccc43)C2)cc1,CHEMBL23589
DEC_1814,decoy,CC(C)(C)c1cc(-c2nnc(S)s2)cc(C(C)(C)C)c1O,CHEMBL16659
DEC_1672,decoy,COc1cc2/c(=N/c3ccc(Br)cc3F)nc[nH]c2cc1OCC1CCN(C)CC1,CHEMBL24828
DEC_0771,decoy,CCN(CC)/C(S)=N\c1cc(-c2nc(-c3ccco3)no2)ccc1Cl,CHEMBL278146
DEC_4064,decoy,CN(C)c1ccc(-c2cc3ncccc3c(NCCN)n2)cc1,CHEMBL30826
DEC_3113,decoy,Cc1cc(Nc2cccnc2)c2c(ccc3c[nH]nc32)n1,CHEMBL28842
DEC_3096,decoy,FC(F)C(F)(F)Sc1nc(-c2ccc(Cl)c(Cl)c2)c(-c2ccccc2)[nH]1,CHEMBL274005
DEC_3048,decoy,CC1CCC(=NNc2ccc(Cl)cc2Cl)c2ncc(C(=O)O)c(=O)n21,CHEMBL276575
DEC_4406,decoy,Cc1ccc2nc(Cn3nc(CC(=O)O)c4ccccc4c3=O)sc2c1F,CHEMBL20365
DEC_0652,decoy,COC(=O)c1c(C(F)(F)F)[nH]c2c(O)cc3c(c12)[C@H](CCl)CN3C(=O)c1cc2c(OC)c(OC)c(OC)cc2[nH]1,CHEMBL34827
DEC_2315,decoy,N[C@H]1CC(CO)N(c2cc3c(cc2F)c(=O)c(C(=O)O)cn3-c2ccc(F)cc2F)C1,CHEMBL41449
DEC_1691,decoy,O=c1c2c(oc(O)c1C(c1cccc(NS(=O)(=O)c3cscn3)c1)C1CC1)CCCCCC2,CHEMBL278687
DEC_1645,decoy,O=C(Cn1c(Cl)cnc(NCC(F)(F)c2cccc[n+]2[O-])c1=O)NCc1ccccc1F,CHEMBL282837
DEC_3525,decoy,CC=C(c1cc(Cl)ccc1OCc1ccc(Cl)cc1)n1ccnc1,CHEMBL281216
DEC_2035,decoy,COc1cc(Nc2cc3n(c(=O)n2)CCc2cc(OC)c(OC)cc2-3)cc(OC)c1,CHEMBL287494
DEC_1362,decoy,CSc1c(Cl)nc(N)nc1N1CCN(C)CC1,CHEMBL35125
DEC_2980,decoy,CC1CCN(c2ccc3c(c2Cl)CN2CC(=O)NC2=N3)CC1,CHEMBL32456
DEC_3252,decoy,CC1CN(c2cc3c(c(N)c2F)c(=O)c(C(=O)O)cn3C2CC2)CCN1,CHEMBL276049
DEC_3765,decoy,COc1ccc(S(=O)(=O)N2Cc3ccccc3N(Cc3c[nH]cn3)C(CCc3ccccc3)C2)cc1,CHEMBL8366
DEC_0837,decoy,CCCN(CCC)C1Cc2cccc3nc(C)n(c23)C1,CHEMBL273247
DEC_1914,decoy,O=C(/C=C/c1ccc([N+](=O)[O-])cc1)N[C@@H]1CC[C@@]2(O)[C@H]3Cc4ccc(O)c5c4C2(CCN3CC2CC2)[C@H]1O5,CHEMBL417535
DEC_1953,decoy,COC(=O)[C@]1(C)CC[C@]2(C)CC[C@]3(C)C4=CCc5c(cc(OC)c(OC)c5C)[C@]4(C)CC[C@@]3(C)[C@@H]2C1,CHEMBL301411
DEC_1002,decoy,CC[C@@]1(O)C(=O)OCc2c1cc1n(c2=O)Cc2cc3c(COCCN(C)C)c(O)ccc3nc2-1,CHEMBL10571
DEC_0361,decoy,CCCCCCCCOC(=O)c1cc(O)c(O)c(O)c1,CHEMBL277346
DEC_4132,decoy,CC1(C)OC(/C=C/c2ccc(S(C)(=O)=O)cc2)=CC1=O,CHEMBL274286
DEC_2706,decoy,C[C@@H]1CC[C@@]2(OC1)O[C@H]1C[C@H]3[C@@H]4CC[C@@]5(C)C[C@@H](O)CC[C@]5(C)[C@H]4CC(=O)[C@]3(C)[C@H]1[C@@H]2C,CHEMBL44125
DEC_2776,decoy,CC(C)(C)c1cc(C(=O)C[S+]([O-])CC2CC2)cc2c1OCC2(C)C,CHEMBL274811
DEC_0352,decoy,CC(C)=CCC/C(C)=C/CCC(C)N1CCC(O)CC1,CHEMBL17507
ACT_064,active,C=CCN(c1ccccc1)S(=O)(=O)c1ccc(O)cc1,CHEMBL426849
DEC_1823,decoy,CC(CN1c2ccccc2Sc2ccccc21)N(C)C,CHEMBL643
DEC_1798,decoy,Nc1ccc([C@@H]2CN3CCC[C@H]3c3ccccc32)cc1,CHEMBL35395
DEC_4627,decoy,O=C1OCCN1CCNc1ccc2c3c(nn2CCNCCO)-c2ccccc2Sc13,CHEMBL418425
DEC_3716,decoy,O=S(=O)(CS(=O)(=O)C(F)(F)F)c1ccc(SC(F)(F)C(F)F)c(Cl)c1,CHEMBL12295
DEC_2795,decoy,CONC1=NC(=O)/C(=C/c2cc(C(C)(C)C)c(O)c(C(C)(C)C)c2)O1,CHEMBL277124
DEC_4034,decoy,CC1=C(C(=O)O)N2C(=O)C(NC(=O)CCO/N=C(\C)c3ccc(Cl)cc3)C2SC1,CHEMBL31582
DEC_0908,decoy,C=C(c1ccccc1OCc1ccc(Cl)cc1Cl)n1ccnc1,CHEMBL26854
DEC_4136,decoy,Cc1cccc2c(C3=NCC4(CN5CCC4CC5)O3)cn(C)c12,CHEMBL267298
DEC_2039,decoy,N#Cc1c2n(c3c(NCCN4CCc5ccccc5C4)ncnc13)CCCC2,CHEMBL27841
DEC_4582,decoy,Cc1nnc2n1-c1sc(C#CCn3cnc4ccccc43)cc1C(c1ccccc1Cl)=NC2,CHEMBL277029
DEC_1238,decoy,CCCCCCc1nc2c([nH]1)N1CC3(CCCC3)N=C1N(C)C2=O,CHEMBL18965
DEC_3751,decoy,COc1nc(-c2ccc(CP(=O)(OC)OC)cc2)nc2ccc(Br)cc12,CHEMBL32106
DEC_1051,decoy,Nc1cccc(Cn2c3c(c4ccccc42)C[C@@]2(O)[C@H]4Cc5ccc(O)c6c5[C@@]2(CCN4CC2CC2)[C@H]3O6)c1,CHEMBL59475
DEC_2800,decoy,CN1CCC23c4c5ccc(OC(C)(C)C)c4O[C@H]2[C@@H](O)C=CC3C1C5,CHEMBL22919
DEC_0300,decoy,CCN(C/C=C/C#CC(C)(C)C)Cc1cccc(OC[Si](C)(C)c2ccc(C#N)cc2)c1,CHEMBL15929
DEC_2985,decoy,C[C@H](CS)C(=O)N1C[C@@H](Sc2ccc(Cl)cc2)C[C@H]1C(=O)O,CHEMBL276505
DEC_2310,decoy,Cc1c(N2C[C@@H](F)[C@@H](C3(N)CC3)C2)c(F)c(N)c2c(=O)c(C(=O)O)cn([C@@H]3C[C@@H]3F)c12,CHEMBL7265
DEC_3000,decoy,CC1(CN)CCN(c2cc3c(cc2F)c(=O)c(C(=O)O)cn3C2CC2)C1,CHEMBL278648
DEC_0636,decoy,COc1c(O)cc2c(c1OC)-c1ccc(SC)c(=O)cc1[C@@H](NC(C)=O)CC2,CHEMBL277998
DEC_2127,decoy,COc1cc2c(Nc3ccc(C)cc3F)ncnc2cc1OCC1CCN(C)CC1,CHEMBL281990
DEC_4509,decoy,Cc1ccc(Cn2c(N)nc3cc(Cl)c(Cl)cc32)cc1,CHEMBL22263
DEC_2005,decoy,CCCCCn1cnc2c(C#Cc3ncnc4c3ncn4CCCCC)ncnc21,CHEMBL9410
DEC_2322,decoy,CCNCC1CCN(c2c(F)c(N)c3c(=O)c(C(=O)O)cn(C4CC4)c3c2Cl)C1,CHEMBL15598
DEC_3220,decoy,NC1CCN(c2cc3c(cc2F)c(=O)c(C(=O)O)cn3C2CC2)C1,CHEMBL15087
DEC_0188,decoy,CC(=O)NC1N=C(c2ccccc2)c2ccccc2N(CC(=O)NCCc2cccc3ccccc23)C1=O,CHEMBL24816
DEC_2104,decoy,CCNCC1CCN(c2c(F)cc3c(=O)c(C(=O)O)cn(C4CCCCC4)c3c2F)C1,CHEMBL267628
DEC_1394,decoy,OC(CN(Cc1cccc(OC(F)(F)C(F)F)c1)c1cccc(Oc2ccccc2)c1)C(F)(F)F,CHEMBL297971
DEC_0242,decoy,Clc1ccc(C2COC(Cn3ccnc3)(c3ccccc3Cl)O2)cc1,CHEMBL286748
DEC_3610,decoy,C[C@@H]1CN=C(Nc2c(Cl)cccc2Cl)N1.Cl,CHEMBL21429
DEC_0255,decoy,Cc1c2cnccc2c(C)c2c1c1ccccc1n2CCN1CCOCC1,CHEMBL283210
DEC_1504,decoy,O=C(O)Cc1ccc(C(Cc2cc[n+]([O-])cc2)c2ccc(OC(F)F)c(OC(F)F)c2)cc1,CHEMBL418231
DEC_4580,decoy,CCCCc1ccc2cc1Oc1ccc3cccc(c3c1)N1CCN(CCc3cncn3C2)CC1=O,CHEMBL283793
DEC_4395,decoy,COC(=O)CCCC(=O)Nc1ccc2c(Cl)c(OC)oc(=O)c2c1,CHEMBL14618
DEC_1202,decoy,O=S(=O)(N/N=C/C1NN(c2ccc(F)cc2)C2C(Cc3cccc4ccccc34)CCCC12)c1ccccc1,CHEMBL313352
DEC_4199,decoy,S=C(NCCc1ccccc1)Nc1nccs1,CHEMBL33981
DEC_2824,decoy,COc1ccc(Sc2ccc3c(c2)CN2CCNC2=N3)cc1,CHEMBL9166
DEC_1537,decoy,Cc1ccc(Cl)c(Cl)c1NC1=NCCN1,CHEMBL14155
DEC_0686,decoy,CC(=O)Nc1ccccc1Cn1c2c(c3ccccc31)C[C@@]1(O)C3Cc4ccc(O)c5c4C1(CCN3CC1CC1)[C@H]2O5,CHEMBL282565
DEC_4152,decoy,Cc1cc(C)cc(C(=O)OC2CC3CCC(C2)N3C)c1,CHEMBL40883
DEC_2087,decoy,CC(C)(C)C/N=c1\c(O)c(O)\c1=N/c1ccc(C#N)cc1,CHEMBL416728
DEC_4366,decoy,COc1ccc2c3c1OC1C(=O)[C@@H](C)CC4(O)C(C2)N(CC2CCC2)CCC314,CHEMBL32723
DEC_4005,decoy,O=C(Nc1cccc(NC(=O)Nc2ccon2)c1)Nc1ccon1,CHEMBL13611
DEC_3669,decoy,CC(C)[C@@H]1CC[C@]2(C(=O)O)CC[C@]3(C)C(CCC4[C@@]5(C)CC[C@H](OC(=O)c6cc(F)cc(F)c6)C(C)(C)C5CC[C@]43C)C12,CHEMBL110169
DEC_3085,decoy,C(=C/c1ccccc1)\CN(C/C=C/c1ccccc1)Cc1cccc2ccccc12,CHEMBL280188
DEC_0190,decoy,C=CC(=O)Nc1cc2c(Nc3cccc(Br)c3)ncnc2cc1OCCCN1CCOCC1,CHEMBL31419
DEC_1321,decoy,CC(C)(C)C(=O)c1cc(C(C)(C)C)c2c(c1)C(C)(C)CO2,CHEMBL13907
DEC_2712,decoy,CN1c2cc3c(cc2N=C(c2ccc(C(=O)O)cc2)c2ccccc21)C(C)(C)CCC3(C)C,CHEMBL37708
DEC_3874,decoy,CNc1ncnc2c1ncn2Cc1c(F)cccc1Cl,CHEMBL269046
DEC_0140,decoy,Fc1cc(Cl)cc(-c2ccc3c(c2)C2(CCCCC2)C(S)=N3)c1,CHEMBL27379
DEC_4275,decoy,Brc1ccc2c(c1)C1C(CC2)N=C2SCCN21,CHEMBL282574
DEC_0389,decoy,CC(/C=C/C(=O)C1=C(O)CN(C)C1=O)=C\C1CCCCC1,CHEMBL10359
DEC_0142,decoy,Cc1cc(C#N)sc1-c1ccc2c(c1)C1(CCCCC1)C(S)=N2,CHEMBL28031
DEC_4405,decoy,CC(C)n1c(=O)nc(-c2ccc3c(c2)OCO3)c2cc3c(cc21)OCO3,CHEMBL13739
DEC_3686,decoy,CCC(c1cc(Br)c(O)c(Br)c1)C(CC)c1cc(Br)c(O)c(Br)c1,CHEMBL6490
DEC_1277,decoy,Fc1ccccc1Cn1cnc2c(NCC3CC3)ncnc21,CHEMBL266302
DEC_2630,decoy,NCCc1c[nH]c(-c2cccc(Br)c2)n1,CHEMBL26116
DEC_2143,decoy,Cc1ccccc1-c1cc(C(O)(c2ccc(C#N)cc2)c2cncn2C)ccc1C#N,CHEMBL25621
DEC_1159,decoy,Cc1cc(/N=c2\c(O)c(O)\c2=N/[C@H](C)C(C)(C)C)ccc1C#N,CHEMBL18951
DEC_0510,decoy,Cc1ccc2c(c1)N(C(=O)N1C[C@H](C)N[C@@H](C)C1)Cc1c(C(=O)OC(C)(C)C)ncn1-2,CHEMBL14997
DEC_2400,decoy,O=C1NC(Cc2ccccc2)C2(CCN(CCc3c[nH]c4ccccc34)CC2)O1,CHEMBL283895
DEC_3201,decoy,Cc1ccc2c(c1)CC(=O)c1cc(C(C)C(=O)O)ccc1O2,CHEMBL10634
DEC_2532,decoy,COc1ccc(Sc2ccc(NC3=NC(C)(C)CN3)cc2)cc1,CHEMBL9648
DEC_1165,decoy,CC[C@H]1Cc2cc3c(C(F)(F)F)cc(O)nc3cc2N[C@@H]1C,CHEMBL7053
DEC_4288,decoy,O=c1c2c(c3cccnc3n1-c1ccccc1)OCCC2,CHEMBL418387
DEC_2208,decoy,O=C(O)CN1CCC2(CCC(C(=O)N3CCC(C4CCCCC4)CC3)CC2)CC1,CHEMBL24671
DEC_4703,decoy,COc1cc2c(CCN(C)C)c[nH]c2cc1C,CHEMBL20425
DEC_1397,decoy,CC(=O)Nc1cc(C(C)(C)C)c(SC2=C(O)OC(CCc3ccccc3)(C(C)C)CC2=O)cc1C,CHEMBL36608
DEC_1761,decoy,CN(C)c1ccc(Nc2ccc(N(C)C)cc2)cc1,CHEMBL15754
DEC_0704,decoy,O=C1CCc2cc3c(c4c5cc(Cl)ccc5n1c24)CCNC3,CHEMBL23421
DEC_4198,decoy,CN(Cc1cccc(F)c1)c1ccc(C(=O)O)nc1,CHEMBL286113
DEC_0696,decoy,CC(=O)N1[C@H](CC23CC4CC(CC(C4)C2)C3)C(=O)N(Cc2ccccc2)c2ccccc2C(=O)C[C@H]1C(=O)NCC(=O)O,CHEMBL118930
DEC_4515,decoy,CCCCCCN1CCN2CC(c3ccccc3)c3ccccc3C2C1,CHEMBL6638
DEC_3947,decoy,O=C(O)CCc1ccccc1CC1C2CCC(O2)C1c1nc(C(=O)NCCCCc2ccccc2)co1,CHEMBL283923
DEC_1209,decoy,CCCc1nc(-n2cccc2C(O)C(F)(F)F)c(C#N)n1Cc1ccc(-c2ccccc2-c2nn[nH]n2)cc1,CHEMBL73358
DEC_0981,decoy,CC(C)(C)n1cc(C(=O)O)c(=O)c2cc(F)c(N3CC4CCC3CN4)cc21,CHEMBL26023
DEC_3978,decoy,CN(C)CCCNC(=O)Cc1c(C(=O)O)[nH]c2cc(Cl)ccc12,CHEMBL279300
DEC_4320,decoy,N#CC(CCCN1CCC(O)(c2ccc(Cl)cc2)CC1)(c1ccccc1)c1ccccc1,CHEMBL34166
DEC_0438,decoy,CC(C)(C)c1ccc(Sc2ccc(NC3=NCCN3)cc2)cc1,CHEMBL9558
DEC_1569,decoy,Oc1cc(-c2ccc[nH]2)nc2cc3c(cc12)OCO3,CHEMBL14087
DEC_2476,decoy,[O-][S+](c1nc(-c2ccc(F)cc2)c(-c2ccc(F)cc2)[nH]1)C(F)(F)F,CHEMBL18622
DEC_2788,decoy,CCN(CC)C(=O)[C@@H]1C=C2c3cccc4[nH]cc(c34)C[C@H]2N(C(C)C)C1,CHEMBL22893
DEC_2083,decoy,Cc1cc(Cl)cc2c1OCCC21OC(=O)NC1=O,CHEMBL32216
DEC_0650,decoy,CC(C)C[C@@H]1OC(=O)C(C)(C)CNC(=O)[C@@H](CC2CCCCC2)NC(=O)/C=C/C[C@@H]([C@H](C)/C=C/c2ccccc2)OC1=O,CHEMBL314892
DEC_3627,decoy,COC(=N)N1CCc2ccc3sc4ccccc4c3c2C1,CHEMBL273403
DEC_2519,decoy,CC(C)CC1CCNc2cc3nc(O)cc(C(F)(F)F)c3cc21,CHEMBL282813
DEC_0109,decoy,CSc1nnc(-c2cc(C(C)(C)C)c(O)c(C(C)(C)C)c2)s1,CHEMBL12532
DEC_2375,decoy,CCS(=O)(=O)c1ccc(OC)c(-c2ccc(C(C)N3CCCCC3)[nH]2)c1,CHEMBL20785
DEC_0029,decoy,Cn1cncc1CN(Cc1ccc(C#N)cc1)c1ccc(C#N)c(-c2cccc3ccccc23)c1,CHEMBL28770
DEC_2977,decoy,c1cc(Sc2ccc3c(c2)OCCO3)ccc1NC1=NCCN1,CHEMBL9649
DEC_0471,decoy,Br.Br.N=c1ccn(CCCCn2ccc(=N)cc2)cc1,CHEMBL35210
DEC_3012,decoy,CN(C)c1cccc2c(S(=O)(=O)Nc3ccc(Cl)nn3)cccc12,CHEMBL6761
DEC_2199,decoy,CCOC(=O)C1=C(c2ccc(-n3c(C)nc4cnccc43)cc2)NC(C)=C(C(=O)Nc2ccccn2)C1c1csc2ccccc12,CHEMBL326039
DEC_2694,decoy,CO[C@H]1[C@H]2O[C@H]2[C@H](OCC23C[C@@H]4[C@H](C)CC[C@H]4C4(C=O)CC2C=C(C(C)C)C34C(=O)O)O[C@@H]1C,CHEMBL283401
ACT_010,active,C=Cc1cc(O)cc2nc(-c3ccc(O)c(F)c3F)oc12,CHEMBL363963
DEC_1782,decoy,Cc1ccc(C/N=c2\c(O)c(O)\c2=N/C(C)(C)C)c(C)c1,CHEMBL442144
DEC_0780,decoy,S=C=Nc1cc(-c2nc(-c3ccco3)no2)ccc1Sc1ccccc1,CHEMBL279675
DEC_4518,decoy,CCC(=O)N(c1ccccc1)[C@H]1CCN(CCc2ccccc2)C[C@H]1C,CHEMBL12391
DEC_3769,decoy,O=S(=O)(Cc1ccccc1)N1Cc2ccccc2N(Cc2c[nH]cn2)C(CCc2ccccc2)C1,CHEMBL269541
DEC_0305,decoy,COc1cc(CCC(CCc2ccccc2)O/C(S)=N/CCc2ccccc2)ccc1O,CHEMBL291285
DEC_1721,decoy,Cn1cncc1C(OCc1ccc(C#N)cc1)c1ccc(C#N)c(-c2cccc3cccnc23)c1,CHEMBL38595
DEC_2969,decoy,CCC(C)/N=c1\c(O)c(O)\c1=N/c1ccc(C#N)cc1,CHEMBL19025
ACT_060,active,O=C(Oc1ccc2c(-c3ccccc3)cc(=O)oc2c1)c1ccco1,CHEMBL192548
DEC_1932,decoy,CC(C)(N)CC(=O)N[C@H]1CCc2ccccc2N(Cc2ccc(-c3ccccc3-c3nn[nH]n3)cc2)C1=O,CHEMBL300651
DEC_4120,decoy,CC(=O)OC1CCC2(C)CC3C=C[C@]2(OO3)C1(C)C,CHEMBL285504
DEC_1512,decoy,CC(O)c1ccc(C(Cc2cc[n+]([O-])cc2)c2ccc(OC(F)F)c(OC(F)F)c2)cc1,CHEMBL286392
DEC_1955,decoy,CCN(c1nc(C)cc(-c2c(C)cc(C)cc2C)n1)c1ccc(C(C)C)cc1Br,CHEMBL276716
DEC_3221,decoy,O=C(NCC1CCC(C(=O)NO)CC1)NC12CC3CC(CC(C3)C1)C2,CHEMBL285793
DEC_0278,decoy,CCCCCCCCCC(=O)O[C@H](CC=C(C)C)C1=CC(=O)c2c(O)ccc(O)c2C1=O,CHEMBL275029
DEC_4444,decoy,CCc1cc(Cn2c(CC)nc3c(C)cc(C)nc32)ccc1OC(C(=O)O)c1ccccc1,CHEMBL278983
DEC_0730,decoy,C[C@@H]1C[C@H](C)c2cc3c(C(F)(F)F)cc(O)nc3cc2N1,CHEMBL268326
DEC_3816,decoy,CSC1=NC2/C(=C(/O)OCCCCCSc3ccccc32)C(C)=N1,CHEMBL282706
DEC_0847,decoy,CN(C)CCC1=C/C(=C\c2ccccn2)c2ccccc21,CHEMBL21509
DEC_4237,decoy,COc1ccc(OC)c(-c2cccn(C(CN3CCC(O)C3)c3ccccc3)c2=O)c1,CHEMBL275176
DEC_1047,decoy,CC1(C)C2CCC1(CS(=O)(=O)Oc1cccc3c1C(=O)C(N1CC1)=C(N1CC1)C3=O)C(=O)C2,CHEMBL284496
DEC_0578,decoy,Cc1nn(-c2ccccc2)c2ncc3c(OCc4ccc(CC(=O)O)cc4)c(-c4ccc(Cl)cc4)sc3c12,CHEMBL278408
DEC_3069,decoy,OC(c1ccccc1)(c1ccccc1)c1noc(C2CN3CCC2CC3)n1,CHEMBL14490
DEC_3368,decoy,COC(=O)CCC(=O)N(O)c1cccc(OCc2ccc3ccccc3c2)c1,CHEMBL33734
DEC_0258,decoy,c1ccc(CCN2CCN3CC(c4ccccc4)c4ccccc4C3C2)cc1,CHEMBL266039
DEC_0957,decoy,Cc1c(F)c(N2CCC(N)C2)c(F)c2c1c(=O)c(C(=O)O)cn2C1CC1,CHEMBL277797
DEC_3860,decoy,CCC1N(C)C(=O)OC12CCN(CCc1c[nH]c3ccccc13)CC2,CHEMBL283224
DEC_4035,decoy,CNCc1ccc([C@H]2C[C@H](SC3=C(C(=O)O)N4C(=O)[C@H]([C@@H](C)O)[C@H]4[C@H]3C)CN2)s1,CHEMBL17552
DEC_4109,decoy,COc1cc2c3c4c(cc5c3n(c2cc1OC)C(=O)CC5)CNCC4,CHEMBL22397
DEC_4111,decoy,O=C(/C=C/C(Br)=C/c1ccccc1)C1=C(O)CNC1=O,CHEMBL10893
DEC_4295,decoy,CCC(=O)N(c1ccc(C)cc1)C1CCCCC1N(C)C,CHEMBL279697
DEC_1228,decoy,Cc1cc[n+]([O-])c(C)c1C(=O)N1CCC(C)(N2CCC(N(Cc3ccccc3C#N)c3ccccc3)CC2)CC1,CHEMBL418120
DEC_3548,decoy,O=C(O)Cc1ccccc1Oc1c(Cl)cc(Cl)c(Cl)c1Cl,CHEMBL29765
DEC_2156,decoy,O=C(CBr)Nc1ccccc1Cn1c2c(c3ccccc31)C[C@@]1(O)C3Cc4ccc(O)c5c4C1(CCN3CC1CC1)[C@H]2O5,CHEMBL416192
DEC_4078,decoy,COC(=O)c1ccc2c(c1)c1c3c(cc4c1n2C(=O)CC4)CCNC3,CHEMBL23037
DEC_1356,decoy,CN(c1ccc(N2CCOCC2)nn1)n1cccc1,CHEMBL11572
ACT_092,active,Cc1nocc1-c1nc2ccccc2n1-c1ccc(O)cc1,CHEMBL372411
DEC_3470,decoy,COP(=O)(OC)C(Cl)(Cc1ccc(Cl)cc1)P(=O)(OC)OC,CHEMBL34113
DEC_2044,decoy,O=c1cc(COC2CCOCC2)occ1OC(=O)[C@]12C[C@H]3C[C@H](C[C@H](C3)C1)C2,CHEMBL268251
DEC_1584,decoy,CCC(C)N(c1nc(C)nc2c1sc(=S)n2-c1ccc(C(C)C)cc1Br)C(C)CC,CHEMBL18173
DEC_3179,decoy,O=c1c2c(c3cccnc3n1-c1ccc(Cl)cc1)OCC2,CHEMBL28197
DEC_1327,decoy,Cc1c2ccccc2cc2c1ccc1c(O)c(O)ccc12,CHEMBL41495
DEC_4269,decoy,COc1cc2c(cc1C)-c1ccc(OC)c(C)c1CC2,CHEMBL38623
DEC_1555,decoy,CN1C[C@H](CO)C=C2c3cccc4c3[C@@H](CN4)C[C@H]21,CHEMBL288480
DEC_2931,decoy,CO[C@@H]1CCOP(=O)(NCCCl)N1CCCl,CHEMBL26680
DEC_0876,decoy,CC(C)OC(=O)N1c2ccccc2C[C@H]1C(=O)N[C@H](C(=O)c1nnc(C(C)(C)C)o1)C(C)C,CHEMBL23100
DEC_2821,decoy,COC(=O)c1ccc2c3c4c(cc5c3n(c2c1)C(=O)CC5)CNCC4,CHEMBL22899
DEC_1867,decoy,O=C1[C@@H]2[C@H]3CC[C@H](C3)[C@@H]2C(=O)N1CCCCN1CCN(c2ncccn2)CC1,CHEMBL274047
DEC_1641,decoy,COC1=CC(=O)c2c(cc(COP(N)(=O)N(CCBr)CCBr)n2C)C1=O,CHEMBL39995
DEC_3732,decoy,COc1cc2c(Nc3ccc(Cl)cc3F)ncnc2cc1OCC1CCN(C)CC1,CHEMBL26572
DEC_3899,decoy,O=C(O)CN(C(=O)c1ccccc1)c1cccc2ccccc12,CHEMBL266982
DEC_0603,decoy,Cc1cccc2c1OP(=O)(OCC1C[C@H](F)C(n3cnc4c(O)ncnc43)O1)OC2,CHEMBL297105
DEC_0539,decoy,CCCCCCCCCCCCCCCC(=O)Nc1c(C)cc(C)c2c1OC(C)(C)C2,CHEMBL25662
DEC_2668,decoy,Cn1cncc1C(O)(CN1CCC(C#N)=C(c2cccc3ccccc23)C1)c1ccc(C#N)cc1,CHEMBL282161
DEC_0191,decoy,C=C1C[C@@]23O[C@]2(c2ccccc21)C1CC(OC(=O)[C@H](O)[C@@H](NC(=O)OCC)c2ccsc2)C3(C)C1(C)C,CHEMBL440468
DEC_1396,decoy,CCC/C(CC1CCc2c(cccc2OCC(=O)O)C1)=N\OC(c1ccccc1)c1cccnc1,CHEMBL12020
DEC_4172,decoy,Cc1ccnc2c1NC(=O)c1cccnc1N2C1CC1,CHEMBL57
DEC_4649,decoy,CCOC(=O)[C@@H](Cc1cc(P(=O)(OCC)OCC)co1)NC(=O)OC(C)(C)C,CHEMBL405849
DEC_3958,decoy,O=C(O)CCCc1ccccc1CC1C2CCC(O2)C1c1nc(C(=O)NCCCCC2CCCCC2)co1,CHEMBL31154
DEC_3971,decoy,Cc1c(CNc2cccc3c2CCCC3)cnc2nc(N)nc(N)c12,CHEMBL282948
DEC_2920,decoy,CSc1ccc(Cn2c(CC(C)(C)CC(=O)O)nc3cc(Cl)cnc32)cc1,CHEMBL279348
DEC_4039,decoy,COC(=O)/C=C/C(=O)N[C@@H]1CCC2C3Cc4ccc(O)c5c4C2(CCN3CC2CC2)[C@H]1O5,CHEMBL9262
ACT_051,active,COc1ccc(-c2nc(C(N)=O)c3nc(O)n(-c4cccc(Cl)c4)c3n2)cc1OC,CHEMBL1429150
DEC_2938,decoy,CCCCCCC(C(C)O)n1cnc2c(N)ncnc21,CHEMBL13792
DEC_3004,decoy,N=C(N)c1ccc(C(=O)N2CCC3(CCC(C(=O)O)CC3)CC2)cc1,CHEMBL25990
DEC_2813,decoy,CC1=NCCN1CCNC1c2ccccc2Oc2ccccc21,CHEMBL281851
DEC_2442,decoy,c1cc(COc2ccc(-c3nn[nH]n3)cc2)cc(OCc2ccc3ccccc3n2)c1,CHEMBL276136
DEC_1106,decoy,CC(C)[C@H](NC(=O)[C@H](CCC(=O)O)NC(=O)OCc1ccccc1)C(=O)NN(CC(=O)O)C(=O)[C@H]1O[C@@H]1C(=O)NCCc1ccccc1,CHEMBL39506
DEC_3159,decoy,COP(=O)(OC)N(C)[C@@H]1CCN2CCc3ccccc3[C@@H]2C1,CHEMBL440101
DEC_3938,decoy,CCCCc1nc(Cl)c(COC)n1Cc1ccc(NC(=O)c2c(Cl)ccc(Cl)c2C(=O)O)cc1,CHEMBL276956
DEC_0702,decoy,O=C1N[C@@H]2CCCC[C@H]2N1C1CCN(C2CCCCCCC2)CC1,CHEMBL284217
DEC_0667,decoy,C=C(CC[C@H]1O[C@@H](C(C)(C)O)CC[C@]1(C)O)[C@H]1CC[C@H]2O[C@@H]([C@]3(C)CC[C@@H](Br)C(C)(C)O3)CC[C@]2(C)O1,CHEMBL281146
DEC_2066,decoy,CCC1CC(=O)NN=C1c1ccc(-n2ccnc2)cc1,CHEMBL30362
DEC_0353,decoy,CCCNC(C)Cc1cc(OC)c(Br)cc1OC,CHEMBL18762
DEC_3180,decoy,Oc1cc(-c2ccc3c(c2)OCO3)nc2cc3c(cc12)OCO3,CHEMBL14691
DEC_1309,decoy,CC(C)=CC(=O)c1cc(C(C)(C)C)c2c(c1)C(C)(C)CO2,CHEMBL13899
DEC_2425,decoy,COc1cc2c(c(OC)c1O)-c1ccc(SC)c(=O)cc1[C@@H](NC(C)=O)CC2,CHEMBL277239
DEC_2275,decoy,CCN(CC)CCn1nc2c3c(c(NCCNC(=O)OC(C)(C)C)ccc31)Sc1cc(OC)ccc1-2,CHEMBL39088
DEC_0963,decoy,CN(Cc1coc2nc(N)nc(N)c12)c1cc(Cl)c(Cl)c(Cl)c1,CHEMBL278110
DEC_2881,decoy,CCC(=O)N(c1ccccc1)C1CCN(CCc2ccc(N=C=S)cc2)CC1,CHEMBL274844
DEC_3575,decoy,COc1cccc2c1OP(=O)(OCC1C=CC(n3cc(C)c(=O)[nH]c3=O)O1)OC2,CHEMBL33528
DEC_2744,decoy,CSc1c(Cl)nc(N2CCN(C)CC2)nc1NC1CCCCC1,CHEMBL29159
DEC_3076,decoy,COc1ccc(/C=C(C)/C=C/C(O)=C2\C(=O)CN(C)C2=O)c2ccccc12,CHEMBL10477
DEC_0102,decoy,CC(C)(C)C(=O)Oc1ccc(/N=N/c2ccc(OC(=O)C(C)(C)C)cc2)cc1,CHEMBL268957
DEC_3132,decoy,CN1CC=C(c2c[nH]c3ccc(-c4ccccn4)cc23)CC1,CHEMBL26900
DEC_0117,decoy,O=C1Nc2ccc(Cl)cc2C(OCC=C(Cl)Cl)(C(F)(F)F)O1,CHEMBL280231
DEC_1599,decoy,c1ccc2c(NCCCCCCCNc3c4ccccc4nc4ccccc34)c3ccccc3nc2c1,CHEMBL269290
DEC_3748,decoy,COc1ccc2c(c1)C=CC21CCN(S(=O)(=O)C[C@]23CCC(CC2=O)C3(C)C)CC1,CHEMBL13477
DEC_2413,decoy,c1cc(OCc2ccc(-c3nn[nH]n3)cc2)cc(OCc2ccc3ccccc3n2)c1,CHEMBL418002
DEC_0719,decoy,CCCc1cc2c(s1)CN[C@@H]1CCc3cc(O)c(O)cc3[C@@H]21,CHEMBL28338
DEC_3817,decoy,I.NC1=NC2CCCCCCCCCCC2S1,CHEMBL290160
DEC_4089,decoy,COc1cc(NC(=O)C(=O)N(C)C(C)(C)C)ccc1-c1cnco1,CHEMBL25087
DEC_3846,decoy,CCC(CC)OC(=O)c1ncn2c1CN(C)C(=O)c1cc(Cl)ccc1-2,CHEMBL7069
DEC_1054,decoy,Nc1ccc(Cn2c3c(c4ccccc42)C[C@@]2(O)[C@H]4Cc5ccc(O)c6c5[C@@]2(CCN4CC2CC2)[C@H]3O6)cc1,CHEMBL446399
ACT_091,active,CC1CCc2c(sc(NC(=O)c3ccc(Cn4cc([N+](=O)[O-])cn4)o3)c2C#N)C1,CHEMBL1431081
DEC_1155,decoy,Nc1nc(N)c2c([S+]([O-])c3ccc4ccccc4c3)cccc2n1,CHEMBL6726
DEC_4031,decoy,Cc1c(NN=C2CCC(C)n3c2ncc(C(=O)O)c3=O)c(=O)n(-c2ccccc2)n1C,CHEMBL14369
DEC_0241,decoy,c1ccc(-c2ccc(NCCCCN3CCc4ccccc4C3)nn2)cc1,CHEMBL25264
DEC_0628,decoy,CO[C@]12C=CC3(CC14CCC(C)(C)[C@H]4O)C1Cc4ccc(O)c5c4C3(CCN1C)[C@@H]2O5,CHEMBL31605
DEC_2697,decoy,CCN1C(=O)c2c(nc(OC)n2Cc2ccc(O)c(Br)c2)N2C1=N[C@@H]1CCC[C@@H]12,CHEMBL282114
DEC_1247,decoy,O=C(O)Cc1ccc2c(c1)Oc1cc(Cl)ccc1CO2,CHEMBL286802
DEC_2507,decoy,CCCCC[C@@H]1/C=C\C2[C@H](O)CC(=O)[C@@H]2CCCCCCC(=O)O1,CHEMBL12731
DEC_2858,decoy,CCc1nc2ccc(OC3CCN(C(C)=N)CC3)cc2n1C/C(C)=C/c1cccc(N)c1,CHEMBL25478
DEC_0124,decoy,N#Cc1ccc(-c2ccc3c(c2)C2(CCCCC2)C(S)=N3)cc1F,CHEMBL26770
DEC_0075,decoy,Brc1ccc(N(CC2CC2)C2=NCCN2)cc1Br,CHEMBL20092
DEC_1872,decoy,O=C(O)COc1ccc(C2=NS(=O)(=O)c3ccccc32)c(Cl)c1Cl,CHEMBL25283
DEC_3901,decoy,c1cc(OCc2ccc3ccccc3n2)cc(-c2nn[nH]n2)c1,CHEMBL18864
DEC_4421,decoy,C/C(CC1CCc2c(cccc2OCC(=O)O)C1)=N\OC(c1ccccc1)c1ccccc1,CHEMBL11088
DEC_1337,decoy,O=NN(CCCl)C(=O)NC1CCSCC1,CHEMBL274417
DEC_0637,decoy,CN1CC2CC1CN2C(=O)N1Cc2c(C(=O)OC(C)(C)C)ncn2-c2ccc(Cl)cc21,CHEMBL14865
DEC_1520,decoy,CCCCCCCCCN1CCC[C@@H]1CNC(=O)c1cc(Cl)cc2c1OCC(=O)N2C,CHEMBL21403
ACT_076,active,C#Cc1ccc(C(=O)c2sc3cc(O)ccc3c2-c2ccc(F)cc2)cc1,CHEMBL3763811
DEC_1014,decoy,Cc1noc(NS(=O)(=O)c2ccsc2C(=O)Nc2cc3c(cc2C#N)OCO3)c1Cl,CHEMBL19808
DEC_0757,decoy,Cc1ccc(SC2(CC#Cc3ccc(Cl)cc3)SC(=O)NC2=O)cc1,CHEMBL11903
DEC_1317,decoy,CCCC[C@@]12Cc3ccccc3C[C@@](C)(N1)c1ccccc12,CHEMBL24335
DEC_4532,decoy,Cc1cccc(-c2cc(NCCC3CCCN3C)c3ccccc3n2)c1,CHEMBL21335
DEC_4501,decoy,Clc1ccccc1Nc1nc2ccccc2n2cncc12,CHEMBL282607
DEC_0721,decoy,OC1Cc2ccccc2CC1N1CC=C(c2ccccc2)CC1,CHEMBL20479
DEC_3940,decoy,O=P(O)(O)C(Cc1ccc2ccccc2c1)N[C@H](Cc1ccc(-c2ccccc2)cc1)c1nnn[nH]1,CHEMBL273244
DEC_3597,decoy,CCCNC(=O)CC1CCN(c2nc(N)c3cc(OC)c(OC)cc3n2)CC1,CHEMBL6766
DEC_1655,decoy,Cc1nnc2n1-c1sc(C#CCN3C(=O)NCc4ccccc43)cc1C(c1ccccc1Cl)=NC2,CHEMBL435756
DEC_1667,decoy,Cn1cncc1CN(Cc1ccc(C#N)cc1)C(=O)N1CCC(C#N)=C(c2cccc3ccccc23)C1,CHEMBL430073
DEC_2682,decoy,C[C@@H](O)[C@H]1C(=O)N2C(C(=O)O)=C(SC(=S)N(C)Cc3cccc4ccccc34)[C@H](C)[C@H]12,CHEMBL291151
DEC_3571,decoy,CC1(C)N=C(N)N=C(N)N1c1cccc(OCCCCOc2ccccc2)c1,CHEMBL6771
DEC_3868,decoy,CC(/N=C(\NC#N)Nc1ccc(C#N)cc1)C(C)(C)C,CHEMBL19169
DEC_0767,decoy,C/C(=N\OC(=O)N(C)C)c1ccc(Sc2cc(F)cc(C3CCOCC3)c2)cc1,CHEMBL440843
DEC_1365,decoy,Cc1ccc(C)n1Nc1ccc(N2CCOCC2)nn1,CHEMBL275739
DEC_3037,decoy,Cc1cnsc1C(c1ccc(C(C)C)cc1)N1CCN(CCO)CC1,CHEMBL25102
DEC_4467,decoy,Oc1cc(-c2ccccc2Cl)nc2cc3c(cc12)OCO3,CHEMBL14644
DEC_4521,decoy,Cc1cc(C(c2ccc(Oc3ccccc3)cc2)N2CCN(C)CC2)sn1,CHEMBL23008
DEC_0396,decoy,CC(C)(C)c1cc(-c2n[nH]c(N)n2)cc(C(C)(C)C)c1O,CHEMBL12154
DEC_2301,decoy,CCC(=O)N1C(=O)[C@H](CCCCC(=N)N)[C@H]2c3cc(-c4cccc(C(=O)N(CC)CC)c4)ccc3C[C@@H]21,CHEMBL47074
DEC_3639,decoy,O=C1C(Cl)=C(Nc2ccc(F)cc2)C(=O)c2ncccc21,CHEMBL273451
DEC_3151,decoy,CCCC12NC(Cc3ccccc31)c1ccccc12,CHEMBL11068
DEC_2205,decoy,O=S(=O)(OCCCl)c1c(Cl)c(Cl)c(Cl)c(Cl)c1Cl,CHEMBL280485
DEC_1279,decoy,OC1CCCCC1N1CC=C(c2ccc(Cl)cc2)CC1,CHEMBL277033
DEC_1970,decoy,N=c1sc(-c2ccccc2SC(F)(F)F)nn1-c1c(Cl)cc(C(F)(F)F)cc1Cl,CHEMBL295116
DEC_2133,decoy,Cc1nc(NS(=O)(=O)c2cccc3c(N(C)C)cccc23)ccc1Br,CHEMBL6566
DEC_4575,decoy,CCN(CC)C(=O)N1CCN(Cc2cc(Nc3ccnc4cc(Cl)ccc34)ccc2O)CC1,CHEMBL416781
DEC_4057,decoy,O=C(NCCCOc1ccc2nc(O)ccc2c1)N(C1CC1)[C@@H]1CCC[C@@H](O)C1,CHEMBL34347
DEC_2250,decoy,Clc1ccccc1C1(Cn2ccnc2)OCC(c2ccc(Br)cc2)O1,CHEMBL29672
DEC_1922,decoy,CC(C)(N)CC(=O)N[C@@H]1CC(O)c2ccccc2N(Cc2ccc(-c3ccccc3-c3nn[nH]n3)cc2)C1=O,CHEMBL276978
DEC_2441,decoy,COc1cc2c(Nc3ccc(C)cc3F)ncnc2cc1OCC1CCNCC1,CHEMBL428534
DEC_2140,decoy,CC[C@H](C)C(=O)O[C@H]1C[C@@H](C)C=C2C=C[C@H](C)[C@H](CC[C@@H]3C[C@@H](O)CC(=O)O3)[C@H]21,CHEMBL503
DEC_0330,decoy,CCCCCCCCCC[C@H]1CC[C@H]2[C@H](O)CCCN2C1,CHEMBL277446
DEC_3068,decoy,CC1CCC(=NNc2cccc3ccccc23)c2ncc(C(=O)O)c(=O)n21,CHEMBL14504
DEC_4393,decoy,Cc1noc(C)c1C(c1ccc(C(C)C)cc1)N1CCN(CCO)CC1,CHEMBL21638
DEC_4608,decoy,C/C(=C\Cn1oc(=O)[nH]c1=O)c1cccc(COc2cc(C(F)(F)F)cc(C(F)(F)F)c2)c1,CHEMBL7084
ACT_056,active,Cc1c(N)cccc1C[C@@H](C)NC(=O)C(F)(F)F,CHEMBL5870216
DEC_4502,decoy,CCSc1sc(-c2cc[nH]n2)c2c1C(=O)CC(C)(C)C2,CHEMBL274281
DEC_1473,decoy,COC1(c2csc(Sc3ccc4c(c3)OCC/C4=N\O)c2)CCOCC1,CHEMBL284403
DEC_3451,decoy,C=C(c1c(Cl)ccc(Cl)c1OCc1ccc(Cl)cc1)n1ccnc1,CHEMBL27201
DEC_2691,decoy,O=C1[C@@H](NS(=O)(=O)c2cc3c(Cl)nccc3s2)CCN1Cc1cc2c[nH]ccc-2n1,CHEMBL8503
DEC_3070,decoy,CC1CCC(/C=N/c2ccc3ccccc3c2)=C2NC=C(C(=O)O)C(=O)N21,CHEMBL283771
DEC_1113,decoy,Cn1cc(NC(=O)c2cc(NC(=O)c3cc(NC(=O)c4ccc(N(CCO)CCO)cc4)cn3C)cn2C)cc1C(=O)NCCC(=N)N,CHEMBL317916
DEC_0310,decoy,CCCCC[C@H](O)/C=C/[C@@H]1C2CC(c3ccc(F)cc3)(CO2)[C@H]1C/C=C/CCCC(=O)O,CHEMBL275728
DEC_1751,decoy,O=NN(CCF)C(=O)NC1C2CC3CC(C2)CC1C3,CHEMBL267546
DEC_2970,decoy,CCOC(=O)C1(NC(=O)N(CCCl)N=O)CCCC1,CHEMBL12805
DEC_0648,decoy,CC(C)(C)OC(=O)c1ncn2c1CN(C(=O)N1CC3CCC(C1)N3)c1cc(Cl)ccc1-2,CHEMBL274982
DEC_3161,decoy,C[Si](C)(C)c1ccc(C2=Cc3ccccc3C3=NCCCN23)cc1,CHEMBL9684
DEC_2589,decoy,CC(C)C1(C2=NCCN2)COc2ccccc2O1,CHEMBL10338
DEC_4390,decoy,CC(C)COc1ccccc1C(c1ccns1)N1CCN(C)CC1,CHEMBL277852
DEC_3741,decoy,O=C1CC(Cc2ccccc2C(F)(F)F)C(=O)N1OS(=O)(=O)/C=C/c1ccccc1,CHEMBL42518
DEC_0568,decoy,COC(=O)C(=O)O[C@H]1CC/C(C)=C\CC[C@]2(C)[C@@H]([C@H](C)CCCC(C)C)CC[C@H]2c2ccc(cc2C(=O)O)C1,CHEMBL262393
DEC_4694,decoy,c1cnc(NC23CC4CC(CC(C4)C2)C3)nc1,CHEMBL274035
DEC_1502,decoy,CCCCc1c(Cc2ccc(-c3ccccc3-c3nn[nH]n3)cc2)c(C(=O)O)nn1C(C)C,CHEMBL22069
DEC_3993,decoy,O=C(NCC1CCC(C(=O)NO)CC1)c1ccc2ccccc2c1,CHEMBL26518
DEC_0906,decoy,CCCC(C)n1c(CC)nc2c(-c3cc(F)c(F)cc3Cl)ccnc21,CHEMBL23178
DEC_1197,decoy,N#CN/C(=N\C(Cn1ccnc1)c1cc(C(F)(F)F)ccc1C(F)(F)F)Nc1ccc(Cl)cc1Cl,CHEMBL8025
DEC_1590,decoy,CC(C)(C)C(=O)Oc1c(Oc2ccccc2)c(Oc2ccccc2)c(OC(=O)C(C)(C)C)c2ccccc12,CHEMBL36595
DEC_2142,decoy,COc1cc2c(cc1OC)[C@]1(c3cc(OC)c(OC)c(OC)c3)OC[C@H](C2)[C@@H]1C,CHEMBL18386
DEC_3600,decoy,COC(=O)Nc1cn2nc(OCc3cc(OC)c(OC)c(OC)c3)ccc2n1,CHEMBL418565
DEC_4657,decoy,C#CCOc1ccc(S(=O)(=O)N(C)c2c(C)cc(Br)cc2C(=O)NO)cc1,CHEMBL278060
DEC_1755,decoy,CSc1ccc2[nH]cc(C3=CCN(C)CC3)c2c1,CHEMBL287576
DEC_4591,decoy,COc1ccc2c3c1OC1[C@H]4OC[C@@]4(CCc4ccccc4)CC4C(C2)N(CC2CCC2)CCC341,CHEMBL441407
DEC_3952,decoy,CC(C)(Cc1ccccc1CC1C2CCC(O2)C1c1nc(C(=O)NCCCCC2CCCCC2)co1)C(=O)O,CHEMBL282186
DEC_0882,decoy,O=C1[C@@H](NS(=O)(=O)c2ccc(-c3ccncc3)s2)CCN1CCNc1ccncc1,CHEMBL266351
DEC_2227,decoy,O=C1NCN(c2ccccc2)C12CCN(C1CCc3cccc(Cl)c3C1)CC2,CHEMBL283617
DEC_2558,decoy,O=P1(NCCCl)OCCC(O)N1CCCl,CHEMBL733
DEC_3288,decoy,CCCc1c(OCCCCOc2cc3c(cc2C(C)=O)CCC(C(=O)O)O3)ccc(C(C)=O)c1O,CHEMBL417372
DEC_2802,decoy,COC(=O)c1cccc2c1c1c3c(cc4c1n2C(=O)CC4)CNCC3,CHEMBL23280
DEC_2905,decoy,COc1cc2ncc(C#N)c(Nc3ccc(Cc4ccccc4)cc3)c2cc1OC,CHEMBL31806
DEC_0179,decoy,O=C(NCCCN1CC[C@@H]2[C@H](C1)c1cccc3c1N2CC3)Nc1cccc(I)c1,CHEMBL297945
DEC_3973,decoy,CC1(C)C=C(C(=O)NCCCNCc2ccsc2)C(C)(C)N1,CHEMBL278277
DEC_1234,decoy,CCCCCCc1nc2c([nH]1)N1C(=N[C@@H]3CCC[C@@H]31)N(C)C2=O,CHEMBL18745
DEC_3832,decoy,COc1ccc(-c2nc3n(c2-c2ccc(OC)cc2)CC[S+]3[O-])cc1,CHEMBL17531
DEC_1571,decoy,O=C(CCl)Nc1ccc(C2CC3CCC2N3)cn1,CHEMBL268176
DEC_1847,decoy,CNc1nnc(-c2cc(C(C)(C)C)c(O)c(C(C)(C)C)c2)s1,CHEMBL279755
DEC_0586,decoy,COc1ccc2c(c1)c(Cc1nc(-c3csc4ccccc34)cs1)c(C)n2C(=O)c1ccc(Cl)cc1,CHEMBL28155
DEC_0802,decoy,N#Cc1ccc(C(c2ccc(C#N)cc2)n2ccnc2)cc1,CHEMBL29482
DEC_2992,decoy,CCn1cc(C(=O)O)c(=O)c2c(C)c(F)c(N3CC(C)NC(C)C3)cc21,CHEMBL16250
DEC_1547,decoy,Clc1cccc(Cl)c1NC1=NCCN1,CHEMBL134
DEC_3040,decoy,c1cc(NC2=NCCN2)ccc1Cc1ccc(OCC2CCOCC2)cc1,CHEMBL10242
DEC_2675,decoy,O=c1c2c(oc(O)c1C(c1cccc(NS(=O)(=O)c3cnccn3)c1)C1CC1)CCCCCC2,CHEMBL16368
DEC_0581,decoy,COCc1nc2ccccc2c(-c2ccccc2)c1C(=O)N(C)Cc1cc(C(F)(F)F)cc(C(F)(F)F)c1,CHEMBL25398
DEC_3919,decoy,O=C(O)CCC/C=C\C[C@H]1[C@H](CNS(=O)(=O)c2ccc(F)cc2)C2CC1(c1ccc(F)cc1)CO2,CHEMBL10876
DEC_2247,decoy,COc1ccc(C2Sc3ccccc3-n3c(CN4CCOCC4)ccc32)cc1,CHEMBL26239
DEC_3679,decoy,COc1ccc(NNC2CC[C@@]3(C)C(CC[C@]4(C)C3CCC3C5[C@H](C(C)C)CC[C@]5(C(=O)O)CC[C@]34C)C2(C)C)cc1,CHEMBL110545
DEC_2720,decoy,C[C@@H]1CC2=CC(=O)CCC2C2CC[C@@]3(C)C(CC[C@@]3(O)/C=C/I)C21,CHEMBL268237
DEC_1842,decoy,c1ccc(NNC2c3ccccc3Oc3ccccc32)cc1,CHEMBL20375
DEC_3873,decoy,CC(C)OC(=O)Cc1c(C(=O)O)[nH]c2cc(Cl)ccc12,CHEMBL25875
DEC_0301,decoy,CCN(C/C=C/C#CC(C)(C)C)Cc1cccc(OCCCS(=O)(=O)c2cccs2)c1,CHEMBL26723
DEC_2810,decoy,CCCCn1c(=O)c2cc(C(=O)O)cn2c2ccc(Cl)cc21,CHEMBL13082
DEC_1117,decoy,CC(C)C[C@H](NC(=O)C(NC(=O)[C@@H](NC(=O)OC(C)(C)C)C(C)C)C(N)=O)C(O)CC(C)C(=O)N[C@@H](C)C(=O)NCc1ccccc1,CHEMBL275231
DEC_2429,decoy,O=c1nc(/N=C/N(c2ccccc2)c2ccccc2)ccn1C1CSC(CO)O1,CHEMBL278480
DEC_4589,decoy,CCc1nc2c(n1Cc1ccc(-c3ccccc3-c3nn[nH]n3)cc1)CCCC/C2=C\C(=O)O,CHEMBL42070
DEC_1377,decoy,CNc1nc(Cl)c(SC)c(N2CCOCC2)n1,CHEMBL287509
DEC_0406,decoy,CC(Nc1ccc(C2=NNC(=O)CC2)cc1)c1ccncc1,CHEMBL16059
DEC_3352,decoy,CCN(c1nc(C)cc(-c2ccccc2Cl)n1)c1ccc(C(C)C)cc1Br,CHEMBL10249
DEC_2642,decoy,Nc1ccccc1/N=C(\S)Nc1ccccc1N,CHEMBL9520
DEC_1754,decoy,CO[C@H]1O[C@]2(C)OO[C@]13[C@H](CCO)CCC[C@@H]3C[C@H]2C,CHEMBL282000
DEC_1503,decoy,CCN(C/C=C/C#CC(C)(C)C)Cc1cccc(OCCNS(=O)(=O)c2cccs2)c1,CHEMBL280972
DEC_4110,decoy,CCc1nc(O)n(C(C)=O)c1C(=O)c1ccc(-n2ccnc2C)cc1,CHEMBL277201
DEC_2118,decoy,COc1cc2c(Nc3cc(O)c(C)cc3F)ncnc2cc1OCC1CCN(C)CC1,CHEMBL24625
DEC_0763,decoy,CCCc1cc(=O)oc2c3c(c4c(c12)OC(C)(C)C=C4)O[C@H](CC)[C@H](C)[C@@H]3O,CHEMBL267208
DEC_4017,decoy,CCC(N)c1ccc([C@H]2C[C@H](SC3=C(C(=O)O)N4C(=O)[C@H]([C@@H](C)O)[C@H]4[C@H]3C)CN2)cc1,CHEMBL417267
DEC_0791,decoy,COc1cccc(C2(C)c3cc(C(=O)O)sc3C(=O)c3c2c2ccccc2n3C)c1,CHEMBL14911
DEC_4360,decoy,Cc1cc(SCc2sc(-c3ccc(C(F)(F)F)c(F)c3)nc2C)ccc1OCC(=O)O,CHEMBL38508
DEC_2085,decoy,O=[N+]([O-])c1c(O)nc2c(F)c(Cl)c(F)cc2c1O,CHEMBL298232
DEC_2875,decoy,Cc1cc(-c2c(F)cc3c(=O)c(CC4CCCCC4)cn(C4CC4)c3c2F)cc(C)n1,CHEMBL7722
DEC_3718,decoy,O=C1NC(=O)C(CC#Cc2ccccc2)(S(=O)(=O)c2ccc3ccccc3c2)S1,CHEMBL269643
DEC_1998,decoy,Cc1cc(C(=O)Nc2ccc(-n3ccnc3C)cc2F)n(-c2ccc3cc(Cl)ccc3c2)n1,CHEMBL282459
DEC_4367,decoy,COc1c2occc2c(CN2CCOCC2)c2ccc(=O)oc12.Cl,CHEMBL428334
DEC_0451,decoy,Clc1ccccc1N1CCN(Cc2cnn3ccccc23)CC1,CHEMBL7506
DEC_0185,decoy,C=C1C[C@@]23O[C@]2(c2ccccc21)C1CC(OC(=O)[C@H](O)[C@@H](NC(=O)CC(C)C)c2ccccc2)C3(C)C1(C)C,CHEMBL283667
DEC_1747,decoy,O=C(c1ccccc1)N1CC[C@H](NCc2ccnc3ccccc23)C[C@H]1Cc1ccccc1,CHEMBL289573
DEC_0680,decoy,COc1cc2c(c(OC)c1OC)-c1ccc(SC)c(=O)cc1[C@@H](NC(=O)C13CCC(C)(C(=O)O1)C3(C)C)CC2,CHEMBL300878
DEC_1304,decoy,Cc1cc(C2CCC2)nc2c(C3CCC3)cccc12,CHEMBL276597
DEC_2890,decoy,N#Cc1ccc(Cn2ccnc2)cc1Oc1cccc(Oc2ccccc2)c1,CHEMBL282001
DEC_0968,decoy,CCn1cc(C(=O)O)c(=O)c2cc(F)c(N3CCC(N)C3)c(Cl)c21,CHEMBL279321
DEC_2666,decoy,C/C=C(/C)C(=O)O[C@@]12C[C@@H](C)[C@]3(O)C4C=C(C)C(=O)[C@@]4(O)CC(COC(C)=O)=C[C@H]3[C@@H]1C2(C)C,CHEMBL6504
DEC_2546,decoy,CCOc1ccc2c(c1)c(CCNC(C)=O)c1n2Cc2ccccc2-1,CHEMBL274896
DEC_2631,decoy,CN1CC=C(c2c[nH]c3ccc(C(N)=O)cc23)CC1,CHEMBL283398
DEC_2815,decoy,CC1CCC(/C=N/c2ccc(Cl)cc2)=C2NC=C(C(=O)O)C(=O)N21,CHEMBL25047
DEC_4063,decoy,CCC(CC)c1nc2c([nH]1)N1C(=N[C@@H]3CCC[C@@H]31)N(C)C2=O,CHEMBL18964
DEC_1496,decoy,N#C/N=C1\N(CCCCCCCOc2ccc(Cl)cc2)C(=O)CN1c1ccncc1,CHEMBL17376
DEC_2828,decoy,CSc1ccc(-c2[nH]c(SC(F)(F)C(F)F)nc2-c2ccc(F)cc2)cc1,CHEMBL278229
DEC_0748,decoy,C[C@@H]1C[C@@H]2c3ccc(C(C)(C)C)c4[nH]cc(c34)C[C@H]2N(C)C1,CHEMBL13811
DEC_3612,decoy,O=C(O)c1cn2c(ccc3ccc(C(F)(F)F)cc32)n1,CHEMBL267540
DEC_3157,decoy,CCCC(=O)NC1CCCc2c1c1ccccc1n2C,CHEMBL287944
DEC_0689,decoy,OC(COc1cccc2ncccc12)CN1CCN(C2c3ccccc3C3C(c4ccccc42)C3(Cl)Cl)CC1,CHEMBL315631
DEC_2848,decoy,OC1=C2C(=Nc3c(-c4cccc(F)c4)cnn3C2c2ccc(Cl)c(Cl)c2)CCC1,CHEMBL33973
DEC_4447,decoy,CN(C)CCCCn1c2ccccc2c2c3c(c4c5ccccc5cnc4c21)C(=O)NC3=O,CHEMBL283307
DEC_1125,decoy,CC[C@@H](C)NC(=O)c1cc(N)cc(-c2cnc(NC(C)C)c(=O)n2CC(=O)NCc2ccc(C(=N)N)cc2C(=O)NCC(=O)OC)c1,CHEMBL189597
DEC_4385,decoy,CCO[C@@]12CCC(=O)[C@@H]3Oc4c(O)ccc5c4[C@@]31CCN(CC1CC1)C2C5,CHEMBL278717
DEC_0091,decoy,Oc1ccc2c3c1O[C@H]1[C@H](N=C=S)CCC4C(C2)N(CC2CC2)CCC341,CHEMBL269375
DEC_4179,decoy,CCCc1cc2c(c(Br)c1O)CCO2,CHEMBL7477
DEC_0625,decoy,CCN(CC)c1nc(C)nc2c1sc(=O)n2-c1ccc(C(C)C)cc1Br,CHEMBL278895
DEC_0084,decoy,CCCc1cc(=O)oc2c1c1c(c3oc(C)c(C)c(=O)c32)C=CC(C)(C)O1,CHEMBL267951
DEC_4687,decoy,O=C(O)C1=Cc2cc(Cn3ccnc3)sc2CC1,CHEMBL22484
DEC_4300,decoy,CCC(=O)N(c1ccc(Cl)cc1)C1CCCC1N(C)C,CHEMBL21645
DEC_2299,decoy,COc1ccc2c3c1OC1[C@H](O)[C@](CO)(CCCCCc4ccccc4)CC4C(C2)N(CC2CCC2)CCC341,CHEMBL9818
DEC_0950,decoy,C[C@H](N)Cc1c2c(c(Br)c3c1OCC3)OCC2.Cl,CHEMBL263078
DEC_1037,decoy,COc1cc2c(cc1OC)N(C(=O)OCCS(=O)(=O)c1ccccc1)[C@@H](O)[C@@H]1CCCN1C2=O,CHEMBL30238
DEC_1041,decoy,CCO/C(O)=C1\C(COCCN2CCN(C)CC2)=NC(C)=C(C(=O)OC)C1c1ccccc1Cl,CHEMBL296478
DEC_4182,decoy,O=C(O)c1cn2c(=O)c3cc(C4CC4)ccc3nc2s1,CHEMBL440644
DEC_3112,decoy,Cc1ccc([C@H](O)[C@@H]2CCCc3cc(C)cnc32)cc1,CHEMBL34654
DEC_0284,decoy,COc1cc(CCC(CCCc2ccccc2)O/C(S)=N/CCc2ccccc2)ccc1O,CHEMBL39913
DEC_3280,decoy,CC(CCCCn1cnc2c1NC=NCC2O)(C(=O)OCc1ccccc1)C(=O)OCc1ccccc1,CHEMBL284858
DEC_0172,decoy,Cc1cc(C)c(C)c(-c2cc3cnc(NCCCN4CCN(C)CC4)nc3nc2NC(=O)NC(C)(C)C)c1C,CHEMBL75188
DEC_2381,decoy,CCCC1OC(C#CC2CC2)(C(F)(F)F)c2cc(Cl)ccc2NC1=O,CHEMBL283630
DEC_2685,decoy,CCCc1nc(Br)cnc1NS(=O)(=O)c1cccc2c(N(C)C)cccc12,CHEMBL6512
DEC_1965,decoy,CCN(c1nc(C)nc(-c2ccccc2C(F)(F)F)n1)c1ccc(C(C)C)cc1Br,CHEMBL10082
DEC_3074,decoy,C[C@H](CS)C(=O)N1C[C@@H](Sc2ccc3ccccc3c2)C[C@H]1C(=O)O,CHEMBL274988
DEC_0811,decoy,C=C(c1ccccc1OCc1ccsc1)n1ccnc1,CHEMBL27249
DEC_3781,decoy,COC[C@H]1O[C@@H](OCC23C[C@@H]4[C@H](C)CC[C@H]4C4(C=O)CC2C=C(C(C)C)C34C(=O)O)[C@H]2O[C@H]2[C@@H]1OC,CHEMBL283188
DEC_3724,decoy,CN(C)CC(CN(C)C)c1nnc2n1-c1ccc(Cl)cc1C(c1ccccc1)=NC2,CHEMBL16079
DEC_3071,decoy,CCc1nc(O)n(C(=O)C(C)C)c1C(=O)c1ccc(-n2ccnc2C)cc1,CHEMBL22932
DEC_3755,decoy,CN(C)C(=O)c1ccc(C(Cc2cc[n+]([O-])cc2)c2ccc(OC(F)F)c(OC(F)F)c2)cc1,CHEMBL35350
DEC_2870,decoy,Cn1cncc1C(OCc1ccc(C#N)nc1-c1cccc(Cl)c1)c1ccc(C#N)cc1,CHEMBL38438
DEC_3776,decoy,COc1ccc2c3c1OC1[C@H](O)[C@](CO)(CCCCCCc4ccccc4)CC4C(C2)N(C)CCC341,CHEMBL264088
DEC_2378,decoy,CSc1ccc2c(c1)[C@H](N1CCN(C)CC1)Cc1ccccc1S2,CHEMBL273490
DEC_2834,decoy,CN1C[C@H](CNC(=O)OCc2ccccc2)C[C@@H]2c3ccc(C(C)(C)C)c4[nH]cc(c34)C[C@H]21,CHEMBL275873
DEC_4680,decoy,CCCc1cc2c(c(C(C)(C)C)c1O)CCO2,CHEMBL269588
DEC_3120,decoy,COc1cc(SC)ccc1-c1nc2cc[nH]cc-2n1,CHEMBL41817
DEC_2894,decoy,C/C(=N\OCCF)c1ccc(Sc2cc(F)cc(C3CCOCC3)c2)cc1,CHEMBL25097
DEC_1358,decoy,C(=C/c1cccc(-c2nn[nH]n2)n1)\c1ccccc1,CHEMBL277481
DEC_2747,decoy,O=C1CC2(CCCC2)CC(=O)N1CCCCN1CCc2ccccc2C1,CHEMBL14161
DEC_0216,decoy,NS(=O)(=O)c1nn2cc(-c3cccs3)nc2s1,CHEMBL283971
DEC_2388,decoy,CCCCC[C@](C)(O)/C=C/C1[C@H](O)C[C@@H]2OC(=O)C(F)(F)CC/C=C\C[C@H]12,CHEMBL12717
DEC_2475,decoy,CC#CC(=O)Nc1cnc2ncc(C#N)c(Nc3ccc(F)c(Cl)c3)c2c1,CHEMBL287022
DEC_4010,decoy,C/N=C(/NC#N)Nc1cccc(/C(=C\CCCC(=O)O)c2cccnc2)c1,CHEMBL21960
DEC_1361,decoy,Cc1ccc(Cn2cnc3c(N(C)C)ncnc32)cc1,CHEMBL403464
DEC_0405,decoy,Clc1cccc(Cl)c1N(CC1CC1)C1=NCCN1,CHEMBL436342
DEC_4333,decoy,C[C@@]1(CCCCc2ccccc2)CC2C3Cc4ccc(O)c5c4C2(CCN3CC2CCC2)C(O5)C1=O,CHEMBL9567
DEC_3583,decoy,CCOC(=O)NC1CCc2cc(OC)c(OC)c(OC)c2-c2ccc(OC)c(=O)cc21,CHEMBL277648
DEC_2530,decoy,CC1OC(/C=C/C2CC2)(C(F)(F)F)c2cc(Cl)ccc2NC1=O,CHEMBL31977
DEC_2785,decoy,Cc1cc(C)c(NN=C2CCC(C)n3c2ncc(C(=O)O)c3=O)c(C)c1,CHEMBL14340
DEC_0076,decoy,Cc1cc2nc3ccc(N(C)C)cc3nc2cc1I,CHEMBL15641
DEC_1974,decoy,Brc1ccc2[nH]cc([C@H]3Nc4ccc(C#CCN5CCCCC5)cc4[C@H]4OCC[C@@H]34)c2c1,CHEMBL283303
DEC_1254,decoy,CC(C)CCCc1nc2c([nH]1)N1C[C@@H](C(C)C)N=C1N(C)C2=O,CHEMBL18524
DEC_1100,decoy,CC(=O)N[C@@H](Cc1ccc(OP(=O)(O)O)cc1)C(=O)N[C@@H](CC(C)C)C(=O)N1CCC[C@H]1C(=O)NC1CCCC(C(N)=O)C1,CHEMBL194446
DEC_3730,decoy,CCCCN1CCN(c2cc3c(cc2F)c(=O)c(C(=O)O)cn3-c2ccc(F)cc2)CC1,CHEMBL41596
DEC_0281,decoy,CCCCc1nc(C(C)c2ccc(-c3ccccc3-c3nn[nH]n3)cc2)n(CCCC)n1,CHEMBL275680
DEC_4101,decoy,C/N=C(\N)c1ccc(-c2ccc(-c3ccc(/C(N)=N/C)cc3)o2)cc1,CHEMBL284933
DEC_3803,decoy,CCC1C(=O)N2C=CSC2=[N+](Cc2ccc(Cl)cc2)C1=O,CHEMBL286202
DEC_1033,decoy,COc1ccc(S(=O)(=O)N(Cc2cccnc2)c2c(C(=O)NO)cnc3snc(C)c23)cc1,CHEMBL35707
DEC_0629,decoy,Cc1nsc(-c2nccc(N3CCN(c4cccc(C(F)(F)F)c4)CC3)n2)n1,CHEMBL14404
DEC_3022,decoy,CCOc1ccc(/N=C/C2=C3NC=C(C(=O)O)C(=O)N3C(C)CC2)cc1,CHEMBL279435
DEC_1916,decoy,OC1O[C@H](CO/N=C2\CCc3cc(Sc4cc(F)cc(C5CCOCC5)c4)ccc32)[C@H](O)[C@H](O)[C@H]1O,CHEMBL279240
DEC_0823,decoy,Cc1cnc2c(c1)CCCC2[S+]([O-])c1ccccc1,CHEMBL34247
DEC_1505,decoy,CCCCCC(=O)N[C@H]1CCc2cc(OC)c(OC)c(OC)c2-c2ccc(SC)c(=O)cc21,CHEMBL35647
DEC_3738,decoy,O=c1oc(Nc2ccccc2I)nc2cc(Cl)c(Cl)cc12,CHEMBL10569
DEC_2418,decoy,Cc1nsc(-c2ccc(N3CCN(c4ccccc4C(F)(F)F)CC3)nn2)n1,CHEMBL15045
DEC_3322,decoy,FC(F)Oc1ccc(C(Cc2ccncc2)c2ccc(Cl)cc2)cc1OC1CCCC1,CHEMBL35234
DEC_0569,decoy,FC(F)(F)c1cc(CO[C@H]2C3CCN(CC3)[C@H]2C(c2ccccc2)c2ccccc2)cc(C(F)(F)F)c1,CHEMBL22194
DEC_3375,decoy,CC(=O)O[C@H]1CC[C@H](Nc2nc(Nc3ccccc3)c3ccccc3n2)CC1,CHEMBL276530
DEC_2759,decoy,Clc1ccc(C2(Cn3ccnc3)OCC(c3ccccc3)O2)cc1,CHEMBL29498
DEC_4658,decoy,C/C(=N\OCC(O)CO)c1ccc(S(=O)(=O)c2cccc(C3CCOCC3)c2)cc1,CHEMBL422047
DEC_1158,decoy,C[C@H]1Cc2cc3c(C(F)(F)F)cc(O)nc3cc2N[C@@H]1C,CHEMBL6983
DEC_2961,decoy,CCCc1cc(Cc2cnc(N)nc2N)cc(CC)c1OC,CHEMBL279455
DEC_1140,decoy,Nc1nc(N)c2nc(Sc3cccc(C(F)(F)F)c3)cnc2n1,CHEMBL6570
DEC_0598,decoy,Oc1c(Br)cc(-c2ccc(-c3c(Cc4ccccc4)oc4ccccc34)cc2)cc1Br,CHEMBL282480
DEC_0056,decoy,Cc1cnsc1C(c1ccc(C(C)C)cc1)N1CCN(C)CC1,CHEMBL22489
DEC_2050,decoy,C=C(Br)COc1noc2c1CNCC2.Cl,CHEMBL6807
DEC_3409,decoy,Clc1cccc2c1SC(c1ccccc1)(c1ccccc1)c1cccn1-2,CHEMBL278171
DEC_4495,decoy,Cc1cc(O)c(C(C)C)cc1C1OCCc2ccccc21,CHEMBL429555
DEC_3530,decoy,COP(C)(=O)Nc1ccc(Nc2c3ccccc3nc3ccccc23)cc1,CHEMBL21546
DEC_2979,decoy,CN(C)c1cccc2c(S(=O)(=O)Nc3cnccn3)cccc12,CHEMBL6399
DEC_0609,decoy,O=S(=O)(c1ccc(OC(F)(F)F)cc1)C(Cl)(Cl)S(=O)(=O)C(F)(F)F,CHEMBL274791
DEC_3216,decoy,C[C@@H]1[C@@H](N)CN1c1c(F)cc2c(=O)c(C(=O)O)cn(C3CC3)c2c1F,CHEMBL19821
DEC_3876,decoy,CC1(C)C(=O)Nc2cc3[nH]c(C(F)(F)F)nc3cc21,CHEMBL37397
DEC_2937,decoy,O=NN(CCCl)C(=O)NC(C(=O)O)C1CCCCC1,CHEMBL12651
DEC_2602,decoy,CCCn1c(=O)[nH]c2[nH]c(C3CCCC3)nc2c1=O,CHEMBL37243
DEC_2090,decoy,CCn1cc(C(=O)O)c(=O)c2cc(F)c(N(C)C)cc21,CHEMBL29651
DEC_4180,decoy,O=C(O)C1=Cc2sc(CCn3ccnc3)cc2CC1,CHEMBL23062
DEC_3616,decoy,CC[C@@H]1C[C@H](C)c2cc3c(C(F)(F)F)cc(O)nc3cc2N1,CHEMBL7373
DEC_4434,decoy,CCCCCCC(=O)Nc1sc2c(c1C(=O)c1ccccc1Cl)CCN(C(C)=O)C2,CHEMBL42645
DEC_1448,decoy,CSc1sc(C(=N)N)cc1-c1nc(-c2cnccc2Cl)cs1,CHEMBL28723
DEC_4611,decoy,CC(C)S(=O)(=O)Nc1cccc(C(c2c(O)c3c(oc2=O)CCCCCC3)C2CC2)c1,CHEMBL276055
DEC_3906,decoy,CNCCCC12CCC(c3ccccc31)c1ccccc12,CHEMBL21731
DEC_1008,decoy,COc1ccc(N(Cc2ncc[nH]2)[C@@H]2c3cc([N+](=O)[O-])ccc3O[C@@](C)(C(OC)OC)[C@H]2O)cc1,CHEMBL46768
DEC_3303,decoy,COc1ccc(-c2cnc(-c3ccc(S(=O)(=O)NC(C(=O)NO)C(C)C)cc3)s2)cc1,CHEMBL13974
DEC_4008,decoy,Cc1c2ccnc(NCCN(C)C)c2cc2c1[nH]c1ccc(O)cc12,CHEMBL431491
DEC_0697,decoy,CC1C/C=C\CCCCCCCCCOC(=O)N1CC(O)C(Cc1ccccc1)NC(=O)O[C@H]1CO[C@H]2OCC[C@H]21,CHEMBL61164
DEC_1640,decoy,Cc1ccc(S(=O)(=O)NC(=O)C(c2ccc3c(c2)OCO3)c2cn(C)c3cc(C(N)=O)ccc23)cc1,CHEMBL278109
DEC_1610,decoy,CC(C)[C@H](NC(=O)OCc1ccccc1)C(=O)NN(CC(=O)O)C(=O)[C@H]1O[C@@H]1c1ccc(Cl)cc1,CHEMBL290783
DEC_1904,decoy,CCn1cc(C(=O)O)c(=O)c2cc(F)c(N3CCN(C/C(=N/N=C(/N)S)c4ccccc4)CC3)c(F)c21,CHEMBL311022
DEC_0393,decoy,CC1(C)OC(S)=Nc2ccc(-c3cc(F)cc(F)c3)cc21,CHEMBL281182
DEC_1769,decoy,Cc1cccc(Cl)c1N(CC1CC1)C1=NCCN1,CHEMBL19723
DEC_3002,decoy,CCC1CN(c2cc3c(cc2F)c(=O)c(C(=O)O)cn3C2CC2)CCN1,CHEMBL15531
DEC_2896,decoy,CCC(OC)(c1cccc(OCc2ccc3ccccc3c2)c1)c1cncs1,CHEMBL416735
DEC_0058,decoy,Clc1cccc(Br)c1N(CC1CC1)C1=NCCN1,CHEMBL423474
DEC_2359,decoy,CC1=CC(C)(C)N(C)c2ncc(/C=C/C(C)=C\C=N\N=C(/N)S)cc21,CHEMBL7648
DEC_1582,decoy,CCN(CC#Cc1cccc(N=[N+]=[N-])c1)Cc1cccc(OCc2cc(-c3ccsc3)cs2)c1,CHEMBL267332
DEC_1360,decoy,CN(C)c1ncnc2c1ncn2CCc1ccccc1,CHEMBL7683
DEC_3862,decoy,CC1CC(=O)NN=C1c1ccc(-n2cnc3c2CCCC3)cc1,CHEMBL282765
DEC_4622,decoy,O=C1[C@@H](NS(=O)(=O)c2cc3nc(Cl)ccc3s2)CCN1CCNc1ccncc1,CHEMBL8112
DEC_3067,decoy,CCCCN1CCC[C@@H]1CNC(=O)c1cc(SC)cc2c1OCCN2C,CHEMBL21318
DEC_1103,decoy,CCCCCN(CCCCC)C[C@H](O[C@@H]1O[C@H](CN)[C@@H](O)[C@H]1O)[C@@H]1C[C@@H](O)[C@H](n2ccc(=O)[nH]c2=O)O1.O=C(O)C(F)(F)F,CHEMBL435168
DEC_3585,decoy,c1ccc2oc(COc3ccc(-c4nnn(CCCCc5nnn[nH]5)n4)cc3)cc2c1,CHEMBL262370
DEC_3930,decoy,CCCCN(C)C(=O)[C@H](CC1CCCCC1)NC(=O)[C@H](CC(C)C)NC(=O)Cc1cccc(Cl)c1,CHEMBL293306
DEC_3728,decoy,CN1CCOc2c(C(=O)NC[C@@H]3CCCN3CCc3ccccc3)cc(Cl)cc21,CHEMBL281363
DEC_3918,decoy,O=C(O)Cc1cccc(CCC2C3CCC(O3)C2c2nc(C(=O)NCCCCC3CCCCC3)co2)c1,CHEMBL280786
DEC_3225,decoy,O=C(O)c1c(=O)c2cc(F)c(N3CCNCC3)cc2n2ccsc12,CHEMBL28129
DEC_2740,decoy,CCCCN1CCc2c1nc1cc(Br)ccc1c2N,CHEMBL283192
DEC_1248,decoy,NC(=O)c1cc2c(SC3CCCCC3)cncc2s1,CHEMBL268099
DEC_2822,decoy,COC(=O)c1ccc2c(c1)c1c3c(cc4c1n2C(=O)CC4)CNCC3,CHEMBL23945
DEC_4208,decoy,CCn1c(=O)c2cc(C(=O)O)cn2c2cc(Cl)ccc21,CHEMBL276244
DEC_3665,decoy,CC1(C)CC[C@]2(C(=O)O)CC[C@]3(C)[C@H](CC[C@@H]4[C@@]5(C)CC[C@H](OC(=O)CC(C)(C)C(=O)O)C(C)(C)[C@@H]5CC[C@]43C)[C@@H]2C1,CHEMBL104504
DEC_0475,decoy,C[S+]([O-])c1ccc(-c2nc3n(c2-c2ccc([S+](C)[O-])cc2)CCS3)cc1,CHEMBL17490
DEC_4644,decoy,CCCNC(=O)c1coc(C2C3CCC(O3)C2Cc2ccccc2CCC(=O)O)n1,CHEMBL433435
DEC_3101,decoy,CC(C)SCC[C@@H](C)C1CCC2C3CC=C4C[C@@H](O)CC[C@]4(C)C3CC[C@@]21C,CHEMBL9808
ACT_096,active,c1ccc2[nH]c(C3=Nc4cccc5cccc(c45)N3)cc2c1,CHEMBL4164124
DEC_2565,decoy,CC(C)C1CCC(NC(=O)N(CCF)N=O)CC1,CHEMBL12819
DEC_2754,decoy,CN1C(=O)/C(=C/c2ccsc2)N=C(c2ccccc2)c2ccccc21,CHEMBL279237
DEC_3105,decoy,CC/C(=C(/Cc1ccc(OCN2CCCCC2)cc1)c1ccccc1)c1ccccc1,CHEMBL440089
DEC_3614,decoy,CC[C@H]1C[C@@H](C)Nc2cc3nc(O)cc(C(F)(F)F)c3cc21,CHEMBL427957
DEC_2056,decoy,CC(C)(C)c1ccc(N2C(N)=NC(N)=NC2(C)C)cc1,CHEMBL6661
DEC_3912,decoy,Cc1ccc(CC(COC(=O)C(C)(C)C)CN(O)/C(S)=N/Cc2ccc(NS(C)(=O)=O)cc2)cc1C,CHEMBL308999
DEC_2945,decoy,CC(CS)C(=O)N(CC(=O)O)C1C2CC3CC(C2)CC1C3,CHEMBL417832
DEC_0333,decoy,O=C(O)CCCc1ccc(N(CCCl)CCCl)cc1,CHEMBL515
DEC_4581,decoy,CC(=O)N1CCN(C(=O)/C=C/c2ccc(Sc3cccc4ccn(C)c34)c(Cl)c2)CC1,CHEMBL19634
DEC_4488,decoy,C[C@@]12CCc3occc3C1CC[C@]13CC(O)C(CCC12)C3,CHEMBL284687
DEC_2698,decoy,CN1CCN(c2cccc3ccc(OCCOc4ccc5[nH]cc(CCN)c5c4)cc23)CC1,CHEMBL31217
DEC_0982,decoy,C#CCN(C1=NCCN1)c1c(Br)cccc1Br,CHEMBL20816
DEC_1733,decoy,Cc1cc(-c2c(F)cc3c(=O)c(Cc4ccc(Cl)cc4)cn(C4CC4)c3c2F)cc(C)n1,CHEMBL7848
DEC_2664,decoy,Brc1cccc(Nc2ncnc3cc4c(cnn4CCCN4CCOCC4)cc23)c1,CHEMBL39355
DEC_1870,decoy,COc1ccnc(C[S+]([O-])c2nc3cc(F)c(OC(F)F)cc3[nH]2)c1OC,CHEMBL9845
DEC_2926,decoy,CC(C)c1ccccc1Sc1c(O)cc(-c2cccc(N(C)C)c2)oc1=O,CHEMBL12884
DEC_3637,decoy,Cc1cccc(C)c1NC(=O)C1=CC(C)(C)NC1(C)C,CHEMBL15715
DEC_1507,decoy,COc1cc(OC)c2c(c1)C(=O)c1cc(CN(CCCl)CCCl)cc(OC)c1C2=O,CHEMBL288135
DEC_3878,decoy,Cc1ccc(C[S+]([O-])c2nc3ccccc3[nH]2)c(N)c1C,CHEMBL279089
DEC_1981,decoy,COc1c(C(=O)NC[C@@H]2CCCN2C2C3CCCC2CCC3)cc(Br)c2ccccc12,CHEMBL54662
DEC_1632,decoy,CCN(C)S(=O)(=O)c1ccc(Oc2c(C)cc(-n3ncc(=O)[nH]c3=O)cc2Cl)c(Cl)c1,CHEMBL56934
DEC_0924,decoy,CO/N=C(\C)c1ccc(Sc2cc(F)cc(C3CCOCC3)c2)cc1,CHEMBL282816
DEC_0070,decoy,NS(=O)(=O)c1ccc(-n2nc(C(F)(F)F)cc2C2=CCCCC2)cc1,CHEMBL30091
DEC_2723,decoy,CC(C)(C)NC(=O)[C@H]1CCC2C3CCC4=C(Br)C(=O)CC[C@]4(C)C3CC[C@@]21C,CHEMBL283564
DEC_2627,decoy,NCCc1c[nH]c(-c2ccc(C(F)(F)F)cc2)n1,CHEMBL23359
ACT_020,active,CC(C)(C#N)c1cc(CSc2ccc(OS(N)(=O)=O)cc2)cc(Cn2cncn2)c1,CHEMBL4444074
DEC_3336,decoy,Cc1cc(C)c(NC(=O)C(C)(C)CCCCOc2ccc(Cl)cc2)c2c1CC(C)(C)O2,CHEMBL23599
DEC_0015,decoy,O=S1(=O)c2cccc3cccc(c23)N1CCN1CCC(CC2=CCc3ccccc32)CC1,CHEMBL416544
DEC_3318,decoy,c1ccc(CCc2ccc(C3=C(Cc4ccccc4)c4ccccc4C4=NCCCN43)cc2)cc1,CHEMBL418151
DEC_4597,decoy,Cn1cc(C2=C(c3cn(C4CCN(CC5CC5)CC4)c4ccccc34)C(=O)NC2=O)c2ccccc21,CHEMBL55394
DEC_2128,decoy,CC(C)Sc1ccc(CC2CCN(C3CCN(C(=O)c4cnccn4)CC3)CC2)cc1,CHEMBL12029
DEC_0677,decoy,COc1cc2cc(C(=O)N3C[C@H]4C[C@@]45C3=CC(=O)c3[nH]c(C)c(C(=O)Sc4ccncc4)c35)[nH]c2c(OC)c1OC,CHEMBL310675
DEC_0731,decoy,CC1(C)CCc2cc3c(C(F)(F)F)cc(O)nc3cc2N1,CHEMBL6874
DEC_0092,decoy,CSc1nnc(-c2nc(C(C)(C)C)c(O)c(C(C)(C)C)n2)s1,CHEMBL275188
DEC_2049,decoy,C(=C/COc1ccc(C2=NCCN2)cc1)\COc1ccc(C2=NCCN2)cc1,CHEMBL14660
DEC_2258,decoy,[O-][n+]1ccc(CC(c2ccc(C(O)c3ccccc3)nc2)c2ccc(OC(F)F)c(OC(F)F)c2)cc1,CHEMBL56330
DEC_3047,decoy,CCS(=O)(=O)c1ccc(OC)c(-c2ccc(C(C)N3CCCC3)[nH]2)c1,CHEMBL282287
DEC_3178,decoy,Brc1ccccc1SC1CN2CCC1CC2,CHEMBL283087
DEC_4402,decoy,CN(C)N=Nc1ccc2c(c1)C(=O)N(C)Cc1c(C(=O)OC(C)(C)C)ncn1-2,CHEMBL6407
DEC_0066,decoy,Brc1ccc(Br)c(N(CC2CC2)C2=NCCN2)c1,CHEMBL278627
DEC_3118,decoy,Cc1cc(Cl)nc(NC23CC4CC(CC(C4)C2)C3)n1,CHEMBL19121
DEC_1951,decoy,CC(C)(C)C1=CC(=C/C=C/c2cc(C(C)(C)C)[s+]c(C(C)(C)C)c2)C=C(C(C)(C)C)S1.[Cl-],CHEMBL13487
DEC_1301,decoy,N#CC(c1ccc(Cl)c(Cl)c1)C1CCCCC1,CHEMBL432482
DEC_0515,decoy,Cc1nc(Br)cnc1NS(=O)(=O)c1cccc2c(N(C)C)cccc12,CHEMBL6382
DEC_2052,decoy,CC(/C=C/C(O)=C1\C(=O)CN(C)C1=O)=C\C(C)C,CHEMBL274790
DEC_1328,decoy,CCC(=C(c1ccccc1)c1ccccc1)c1ccccc1,CHEMBL418153
DEC_0399,decoy,Cc1cc(C#N)cc(-c2ccc3c(c2)C(C)(C)OC(S)=N3)c1,CHEMBL25682
DEC_1058,decoy,CO[C@H]1[C@H](O)[C@H]2[C@@H](O[C@@H]1CO)n1c3ccccc3c3c4c(c5c6ccccc6n2c5c31)C(=O)N(C)C4=O,CHEMBL283823
DEC_3100,decoy,CC(C)CCCC(C)[C@H]1CCC2C3CCC4N(C)C(=O)CC[C@]4(C)C3CC[C@@]21C,CHEMBL24193
DEC_0732,decoy,CC1c2cc3c(C(F)(F)F)cc(O)nc3cc2NC[C@@H]1C,CHEMBL436344
DEC_1875,decoy,O=C1CSCC(=O)N1CCCCN1CCN(c2nccc3sccc23)CC1,CHEMBL278876
DEC_3739,decoy,Cc1c(C(=O)c2cccc3ccccc23)c2cccc3c2n1C(CN1CCOCC1)CO3,CHEMBL283206
DEC_0713,decoy,Brc1cnc(NC23CC4CC(CC(C4)C2)C3)nc1,CHEMBL278460
DEC_2568,decoy,C=CCC1(C(C)CCC)C(=O)NC(=O)NC1=O,CHEMBL447
DEC_3568,decoy,COc1c(CC(NC(=O)OC(C)(C)C)C(=O)O)cc([N+](=O)[O-])cc1[N+](=O)[O-],CHEMBL8341
DEC_3003,decoy,CN(Cc1coc2nc(N)nc(N)c12)c1ccc2ccccc2c1,CHEMBL22561
DEC_1570,decoy,O=C(O)Cc1cc(Cl)c2c(c1)CCC(C(=O)O)N2,CHEMBL37140
DEC_3437,decoy,CCCC(C)n1c(C(F)F)nc2c(-c3ccc(Cl)cc3Cl)ccnc21,CHEMBL23788
DEC_0979,decoy,NCC/N=C(\S)Nc1c(Br)cccc1Br,CHEMBL31851
DEC_1170,decoy,Nc1cccc2c1CC(N1CCC(c3ccccc3)CC1)C(O)C2,CHEMBL277630
DEC_0294,decoy,CCOc1cccc(CN(CC(O)C(F)(F)F)c2cccc(Oc3ccccc3)c2)c1,CHEMBL416623
DEC_0394,decoy,CC1(C)OC(S)=Nc2ccc(-c3ccc(F)c(F)c3)cc21,CHEMBL25181
DEC_0205,decoy,CC(=O)NC1=C(C)C(=O)c2c(nc3n2CCC3OC(C)=O)C1=O,CHEMBL17683
DEC_4082,decoy,CSc1cc(CC(=O)O)n(C)c1C(=O)c1ccc(Cl)cc1,CHEMBL19967
DEC_0098,decoy,CCCc1cc(=O)oc2c3c(c4c(c12)OC(C)(C)C=C4)O[C@H](C)[C@@H](C)[C@H]3O,CHEMBL7121
DEC_1781,decoy,OC(c1ccc(Cl)cc1)(c1cncnc1)C1CC1,CHEMBL282525
DEC_0120,decoy,CSc1ccc(/C=C2/C(C)=C(CC(=O)O)c3cc(F)ccc32)cc1,CHEMBL18797
DEC_0268,decoy,c1cc(Nc2ccc(OCC3CCCCC3)cc2)c2c(ccc3c[nH]nc32)n1,CHEMBL27959
DEC_4175,decoy,c1c[nH]c2nc(-c3ccccc3OCC3CC3)nc-2c1,CHEMBL28835
DEC_3941,decoy,O=P(O)(O)C(Cc1ccc2ccccc2c1)N[C@@H](Cc1ccc(-c2ccccc2)cc1)c1nnn[nH]1,CHEMBL415967
DEC_2446,decoy,CC(/N=c1\c(O)c(O)\c1=N/c1ccc(C#N)cc1)c1ccc(OC(F)(F)F)cc1,CHEMBL18963
DEC_2402,decoy,CCCCn1c(=O)c2cc(C(=O)O)cn2c2cc(Cl)c(Cl)cc21,CHEMBL13567
DEC_4148,decoy,CCn1cccc1-c1ccccc1NCC1=NCCN1,CHEMBL275902
DEC_1330,decoy,Cc1nn(-c2ccccc2)c(-c2ccccc2)c1C(C)C,CHEMBL267724
DEC_1566,decoy,NC(=O)N(O)C1c2ccccc2Oc2ccccc21,CHEMBL20544
DEC_0929,decoy,CC(C)=C(c1ccccc1OCCCc1ccccc1)n1ccnc1,CHEMBL29805
ACT_036,active,CN1C(=O)N(CCN(CCO)CCO)C(c2ccc(C(F)(F)F)cc2)C2=C1c1ccccc1C2=O,CHEMBL5198631
DEC_0488,decoy,CN1C[C@H](C(=O)Nc2ccc(Cl)nn2)C[C@@H]2c3cccc4[nH]cc(c34)C[C@H]21,CHEMBL13979
DEC_0998,decoy,Cc1c(F)c(N2CCNC(C)C2)cc2c1c(=O)c(C(=O)O)cn2C1CC1,CHEMBL583
DEC_2240,decoy,N#Cc1c2n(c3c(N4CCN(CCc5cccc(Cl)c5)CC4)ncnc13)CCCC2,CHEMBL28061
DEC_1380,decoy,CCc1c(Cl)nc(NC)nc1N1CCN(C)CC1,CHEMBL35502
DEC_2989,decoy,c1cc(NC2=NCCN2)ccc1Cc1ccc(OC2CCOCC2)cc1,CHEMBL9949
ACT_035,active,CCCc1nnc(/C=C/c2ccc(Oc3c(-c4ccccc4C(C)C)sc4cc(O)ccc34)cc2)o1,CHEMBL5798074
ACT_025,active,C#CCN(c1ccc(C(=O)N[C@@H](CCC(=O)N[C@H](CCC(=O)O)C(=O)O)C(=O)O)cc1)C1CCc2cc3nc(CO)[nH]c(=O)c3cc21,CHEMBL1253498
DEC_4353,decoy,O=C(NC1CCCCC1)c1cn(-c2ccc(Cl)cc2)c(-c2ccc(Cl)cc2Cl)n1,CHEMBL276312
DEC_4648,decoy,N[C@H](C(=O)N1CCCC1)[C@H]1CC[C@H](NS(=O)(=O)c2ccc(OC(F)(F)F)cc2)CC1,CHEMBL23979
DEC_0990,decoy,CC(C)(C)n1cc(C(=O)O)c(=O)c2cc(F)c(N3CC4CC3CN4)cc21,CHEMBL26141
DEC_1888,decoy,O=C1C2C3CCCC(CC3)C2C(=O)N1CCCCN1CCN(c2ncccn2)CC1,CHEMBL288559
ACT_033,active,COC(=O)C(=CC1(C)CC2C=CC1CC2C(C)(C)CCNC(=O)CCC(C)C)C(=O)OC,CHEMBL391046
DEC_0900,decoy,CC1=C(/C=C/C(C)=C/C=C/C(C)=C/c2nn[nH]n2)C(C)(C)CCC1,CHEMBL7395
DEC_3747,decoy,CCc1cc(OCc2ccc(-c3ccccc3-c3nn[nH]n3)cc2)c2ccccc2n1,CHEMBL284536
DEC_0890,decoy,CCN(CC)CCn1nc2c3c(c(CNS(C)(=O)=O)ccc31)Sc1ccc(OC)cc1-2,CHEMBL30053
DEC_1770,decoy,CCn1c(=O)c2cc(C(=O)O)cn2c2cc(C)c(C)cc21,CHEMBL13379
DEC_2119,decoy,CCOC(=O)/C(=N\O)c1ccc(Sc2cc(F)cc(C3CCOCC3)c2)cc1,CHEMBL279746
DEC_4042,decoy,O=C1[C@@H](NS(=O)(=O)c2cc3ncccc3s2)CCN1Cc1cc2[nH]cccc-2n1,CHEMBL269611
DEC_2904,decoy,N#Cc1ccc(Cn2ccnc2)cc1Oc1cccc(C(=O)c2ccccc2)c1,CHEMBL22440
DEC_2030,decoy,CCN(CC)CCNc1ccc2ncn3c4c(OC)ccc(OC)c4c(=O)c1c23,CHEMBL8150
DEC_2871,decoy,CCNC(=O)c1nc(-c2cc(Cl)cc(Cl)c2)c(-c2cc(Cl)cc(Cl)c2)[nH]1,CHEMBL7598
DEC_0024,decoy,CC[C@@](OC)(c1cc(F)cc(OCc2ccc3c(ccc(=O)n3C)c2)c1)c1nccs1,CHEMBL21987
DEC_4476,decoy,c1ccc(-c2cnc(Nc3ccc4cnccc4c3)o2)cc1,CHEMBL280793
DEC_0834,decoy,CCCCc1nc(NC2CCCCC2)c2sccc2n1,CHEMBL31530
DEC_0936,decoy,CN(C)CCSC1Cc2ccccc2Sc2ccc(F)cc21,CHEMBL275881
DEC_2239,decoy,Cn1c(-c2ccc([S+](C)[O-])cc2)nc(-c2ccc(F)cc2)c1-c1ccncc1,CHEMBL275365
ACT_019,active,CCCC1=C2c3ccc4[nH]nnc4c3CC2(CC)CCC1=O,CHEMBL378883
DEC_0210,decoy,O=C1c2ccccc2S(=O)(=O)c2cc(-c3nn[nH]n3)ccc21,CHEMBL22336
DEC_3205,decoy,CN(C)c1cccc2c(S(=O)(=O)Nc3ccccn3)cccc12,CHEMBL268855
DEC_0040,decoy,Cc1nnc2n1-c1sc(C#Cc3ccc(CC(C)C)cc3)cc1C(c1ccccc1Cl)=NC2,CHEMBL33139
DEC_0374,decoy,O=C1CCc2cc3c(c4c5c(Cl)cccc5n1c24)CCNC3,CHEMBL24769
DEC_1192,decoy,C=CCOc1ccc(CC[C@](C)(O)[C@H]2C[C@@]34C=C[C@]2(OC)[C@@H]2Oc5c(OC)ccc6c5C23CCN(C)C4C6)cc1,CHEMBL59280
DEC_4388,decoy,COC(=O)C1C(OC(=O)c2ccccc2)C[C@H]2CCC1N2Cc1ccccc1,CHEMBL33039
DEC_3348,decoy,Cc1nnc2n1-c1sc(CCc3ccc(CC(C)C)cc3)cc1C(c1ccccc1Cl)=NC2,CHEMBL32942
DEC_3962,decoy,N=C(N)c1ccc2oc(CCc3cc4cc(C(=N)N)ccc4o3)cc2c1,CHEMBL279962
DEC_4297,decoy,Cc1ccc(Sc2cncc3sc(C=O)cc23)cc1,CHEMBL6381
DEC_4066,decoy,CCC(C)(C)/N=c1\c(O)c(O)\c1=N/Cc1ccc(F)cc1F,CHEMBL19818
ACT_100,active,Oc1ccc(CC2CCc3c(O)cccc32)cc1,CHEMBL4782135
DEC_1269,decoy,O=S1NC(Cc2cc3cc(Br)ccc3s2)=NO1,CHEMBL17707
DEC_1576,decoy,Cn1ccc(-c2ccccc2NCC2=NCCN2)n1,CHEMBL17856
DEC_3419,decoy,[O-][N+]1(Cc2ccccc2)CCc2ccc3sc4ccccc4c3c2C1,CHEMBL418344
DEC_2211,decoy,CSc1ccc(Cl)c(NC(=N)N(C)c2cccc(I)c2)c1,CHEMBL40155
DEC_2876,decoy,O=C(Cc1ccncc1)N1CCC(=C2c3ccc(Cl)cc3CCc3cccnc32)CC1,CHEMBL289404
DEC_1619,decoy,O=C(O)[C@@H](CCC(=O)N1c2ccccc2C[C@H]1C(=O)O)N(Cc1ccccc1)C(=O)Cc1ccccc1,CHEMBL291107
ACT_070,active,O=C(Nc1ccccc1F)c1ccc(-c2cccc(B(O)O)c2)s1,CHEMBL5629871
DEC_3737,decoy,O=C1Nc2ccc(CCN3CCN(c4nsc5ccccc45)CC3)cc2C12CCCC2,CHEMBL35565
DEC_4477,decoy,Clc1ccc2c(c1)-c1nc(-c3ccccc3)[nH]c1CCC2,CHEMBL266241
DEC_2528,decoy,COc1nnc(-c2cc(C(C)(C)C)c(O)c(C(C)(C)C)c2)s1,CHEMBL16881
DEC_4107,decoy,CCCc1cc(C#N)ccc1/N=c1\c(O)c(O)\c1=N/[C@H](C)C(C)(C)C,CHEMBL19492
DEC_3547,decoy,O=C1c2nc(-c3ccccc3)c3ccccc3c2C=CCN1Cc1ccccc1,CHEMBL15714
DEC_3379,decoy,NC(=O)c1cc2c(Sc3ccc(C(F)(F)F)cc3)cncc2s1,CHEMBL6542
DEC_1778,decoy,Nc1nc2ccc(Cl)cc2c2nc(C3CCCO3)nn12,CHEMBL7511
DEC_0277,decoy,O=C(O)CCC/C=C/C[C@@H]1[C@@H](COCc2ccccc2)C2CC1(Cc1ccccc1)CO2,CHEMBL273263
DEC_4617,decoy,COC(=O)[C@@H](C)NP(=O)(CO[C@H](C)Cn1cnc2c(N)ncnc21)Oc1ccccc1,CHEMBL276412
DEC_3355,decoy,C[C@H](CCCC(C)(C)N)C1CC[C@@]2(C)C3=C(CC[C@]12C)[C@@]1(C)CC[C@H](O)C(C)(C)C1CC3,CHEMBL289757
DEC_1376,decoy,O=S1NC(Cc2cc3cc(F)ccc3o2)=NO1,CHEMBL17880
DEC_0187,decoy,CN(C[C@H]1CC[C@H](CNS(=O)(=O)c2cccc3ccccc23)CC1)c1nc(N)c2ccccc2n1,CHEMBL276768
DEC_0247,decoy,Clc1ccc(C2(Cn3ccnc3)OCC(c3ccccc3Cl)O2)cc1,CHEMBL286524
DEC_0622,decoy,Cc1cc(NN=C2CCC(C)n3c2ncc(C(=O)O)c3=O)ccc1Br,CHEMBL268944
DEC_3649,decoy,CN1CCc2cc(Cl)c(O)cc2C(c2ccccc2)C1,CHEMBL13668
DEC_2603,decoy,CN1C(=O)C(C)(C)c2cc(C3=NNC(=O)CC3)ccc21,CHEMBL417501
DEC_0245,decoy,Clc1ccc(C(Cl)(c2ccc(Cl)cc2)c2cncnc2)cc1,CHEMBL26208
DEC_0844,decoy,CC1(c2ccccc2)OC(/C=C/c2ccsc2)=CC1=O,CHEMBL277093
DEC_0905,decoy,CCCCCc1ccc(C(c2ccns2)N2CCN(C)CC2)cc1,CHEMBL415250
DEC_1415,decoy,CCN(CC)CC#CCCCC1(C2(O)c3ccccc3Oc3ccccc32)SCCCS1,CHEMBL289122
DEC_1215,decoy,Cc1cc[n+]([O-])c(C)c1C(=O)N1CCC(C)(N2CCC(N(Cc3cccc(C#N)c3)c3ccccc3)CC2)CC1,CHEMBL59511
DEC_3058,decoy,C=C(c1ccccc1OCC(O)CNC(C)(C)C)n1cnc2ccccc21,CHEMBL274014
DEC_3551,decoy,CC(C)(C)Nc1nc(C(F)(F)F)nc2ccc(-c3ccc(Cl)cc3)cc12,CHEMBL16367
DEC_4537,decoy,COc1ccc(C(Cc2ccc(Cl)cc2Cl)n2ccnc2)cc1,CHEMBL20387
DEC_2526,decoy,CCN(CC)CCn1nc2c3c(c(CN)ccc31)Sc1ccccc1-2,CHEMBL281022
DEC_1464,decoy,NC(=O)c1cc2c(Sc3ccc(Br)cc3)cncc2s1,CHEMBL266198
DEC_2367,decoy,CCCc1cc(=O)oc2c3c(c4c(c12)OC(C)(C)C=C4)OC[C@H](C)[C@H]3O,CHEMBL269062
DEC_0592,decoy,O[C@@H]1c2ccc(OCc3ccccc3-c3ccccc3)cc2CC[C@H]1CCN1CCC(c2ccccc2)CC1,CHEMBL7719
DEC_2282,decoy,O=C(O)CCC/C=C\C[C@H]1[C@H](NS(=O)(=O)c2ccc(F)cc2)C2CC1(c1ccc(F)cc1)CO2,CHEMBL10680
DEC_1833,decoy,N#Cc1ccc(Cn2ccnc2)cc1Oc1ccccc1Cl,CHEMBL22235
DEC_1241,decoy,O=C(O)c1cn2c(n1)N=S(=O)(c1ccccc1)c1ccccc1-2,CHEMBL276032
DEC_2022,decoy,Cc1cnsc1C(c1ccc(CC(C)C)cc1)N1CCN(CCO)CC1,CHEMBL279713
DEC_3391,decoy,CCN(CC)CCCNc1nccc2c(C)c3[nH]c4ccc(O)cc4c3cc12,CHEMBL19962
DEC_0404,decoy,Cc1[nH]cnc1-c1[nH]ccc2c3ccc(F)cc3nc1-2,CHEMBL14466
DEC_3110,decoy,OCc1cn2c(cc(Cl)c3ccc(Cl)cc32)n1,CHEMBL13362
DEC_1067,decoy,O=C1C2Oc3c(O)ccc4c3C23CCN(CC2CC2)C(C4)[C@]3(O)CC12Cc1ccc3ccccc3c1C2,CHEMBL297903
DEC_2416,decoy,COc1cc2[nH]c([S+]([O-])Cc3nccc(OC)c3C)nc2cc1OC(F)F,CHEMBL9427
DEC_3247,decoy,C[C@@]1(CO)[C@H](O)CC[C@@]2(C)[C@H]1CC[C@H]1C[C@@H]3C[C@@]12CC[C@]3(O)CO,CHEMBL29711
DEC_0576,decoy,O=C(NCc1cc(C(F)(F)F)cc(C(F)(F)F)c1)c1c(CCl)nc2ccccc2c1-c1ccccc1,CHEMBL24136
DEC_0302,decoy,CC(C)(CCCOc1cc(Cl)c(OCCCC(C)(C)C(=O)O)cc1Cl)C(=O)O,CHEMBL7566
DEC_4081,decoy,Cc1noc(NS(=O)(=O)c2cccc3c(C(=O)O)cccc23)c1C,CHEMBL30246
DEC_4654,decoy,CC(CCCCn1cnc2c1NC=NCC2O)(Cc1cccc(C(F)(F)F)c1)C(=O)O,CHEMBL291059
DEC_4048,decoy,OC1CCCN(CCCNc2nc(Nc3cccc4nsnc34)nc3ccccc23)C1,CHEMBL31253
DEC_1375,decoy,CC(C)N1CCN(C(C)C)C(CC2=NCCN2)C1,CHEMBL41097
DEC_3797,decoy,CC(C)[C@H](NC(=O)OC(C)(C)C)c1cc(Cn2ccc(=O)n(C(=O)c3ccccc3)c2=O)on1,CHEMBL282999
DEC_1097,decoy,CC1(C)S[C@H]([C@H](NC(=O)Cc2ccccc2)C(=O)NCc2ccccc2)N[C@H]1C(=O)N[C@H](Cc1ccccc1)[C@H](O)CC(N)=O,CHEMBL104375
DEC_2886,decoy,CC[C@@](OC)(C(=O)OC)c1cc(F)cc(OCc2ccc3ccccc3c2)c1,CHEMBL20599
DEC_4202,decoy,O=CCC1CC(=O)c2c(O)ccc(Cl)c2S1,CHEMBL30010
DEC_0435,decoy,CSc1sc(-c2nccs2)c2c1C(=O)CC(C)(C)C2,CHEMBL277504
DEC_2391,decoy,O=C(c1ccc(Cl)cc1)C(O)(Cn1ccnc1)c1ccc(Cl)cc1Cl,CHEMBL267084
DEC_0498,decoy,Brc1cccc(Br)c1N(CC1CCCCC1)C1=NCCN1,CHEMBL282933
DEC_3869,decoy,C/C(=N\N=C(\N)S)c1cc2c3ccccc3nc-2c[nH]1,CHEMBL23515
DEC_0088,decoy,S=C=Nc1ccc(-c2noc(C34CC5CC(CC(C5)C3)C4)n2)cc1,CHEMBL21431
DEC_1596,decoy,c1ccc2c(NCCCCCCSc3c4c(nc5ccccc35)CCCC4)c3c(nc2c1)CCCC3,CHEMBL301602
DEC_1182,decoy,COC1(OC)C=CC(C2(C3=CCC(OC)(OC)C=C3)Sc3ccc(C(F)(F)F)cc3-n3cccc32)=CC1,CHEMBL281311
DEC_1419,decoy,c1ccc(OCCCOCc2ccc([C@H]3CCNC[C@@H]3OCc3ccc4ccccc4c3)cc2)cc1,CHEMBL287139
DEC_1994,decoy,CC(C)(C)c1cccc(C2(c3ccc(O)cc3)C(=O)Nc3ccc(I)cc32)c1,CHEMBL55534
DEC_1212,decoy,CCO/N=C(\c1ccc(Br)cc1)C1CCN(C2(C)CCN(C(=O)c3c(C)cc[n+]([O-])c3C)CC2)CC1,CHEMBL78535
DEC_4416,decoy,CCOc1c(OCC)c(OC(=O)C(C)(C)C)c2cc(Cl)ccc2c1OC(=O)C(C)(C)C,CHEMBL37094
DEC_3620,decoy,Cc1cc(C)c2c(n1)N(C1CC1)c1ncccc1C(=O)N2,CHEMBL15411
DEC_2748,decoy,C=Cc1ccc(C(=O)c2c(SC)cc3n2CCC3C(=O)O)cc1,CHEMBL280943
DEC_4494,decoy,CC(C)(C)Nc1nc(C(F)(F)F)nc2ccccc12,CHEMBL15872
DEC_1374,decoy,CC(C)CN1CCN(CC(C)C)C(C2=NCCN2)C1,CHEMBL40263
DEC_2600,decoy,CCCn1c(=O)c2nc(C3CCCC3)[nH]c2n(C)c1=O,CHEMBL284578
DEC_2410,decoy,CN(Cc1c2ccccc2cc2ccccc12)c1cnc2nc(N)nc(N)c2n1,CHEMBL33933
DEC_1372,decoy,OC(c1cncnc1)(c1cccs1)C1CC1,CHEMBL28860
DEC_1810,decoy,C[C@@]12C=Cc3occc3C1CC[C@]13CC(O)C(CCC12)C3,CHEMBL31200
DEC_4508,decoy,Cc1ccc(Sc2cncc3sc(C(N)=O)cc23)cc1,CHEMBL267678
DEC_1060,decoy,COC(=O)c1c(C(F)(F)F)[nH]c2c1[C@@]13C[C@@H]1CN(C(=O)c1cc4cc(OC)ccc4[nH]1)C3=CC2=O,CHEMBL35948
DEC_1218,decoy,CN1CC[C@H](c2ccc(Cl)cc2)[C@@H](C(=O)OCCCOC(=O)[C@H]2CN(C)CC[C@@H]2c2ccc(Cl)cc2)C1,CHEMBL44070
DEC_4236,decoy,O=C1NC(=O)C(CC#Cc2ccc(F)c(F)c2)(S(=O)(=O)c2ccc(F)cc2)S1,CHEMBL12173
DEC_4115,decoy,c1csc([C@H]2CN3CCC[C@H]3c3ccsc32)c1,CHEMBL36131
DEC_4187,decoy,Cc1ccc(C)c(N2CCN(C3CCCCC3O)CC2)c1,CHEMBL281595
DEC_2825,decoy,Cc1cccc(C)c1NN=C1CCC(C)n2c1ncc(C(=O)O)c2=O,CHEMBL14190
DEC_3283,decoy,CC(=N)N1CCC(Oc2ccc(NCc3cccc(-c4cccc(C(=N)N)c4)c3)cc2[N+](=O)[O-])CC1,CHEMBL25461
DEC_2144,decoy,Cc1noc(NS(=O)(=O)c2ccccc2-c2ccc(-c3ncco3)cc2)c1C,CHEMBL24461
DEC_3516,decoy,Clc1ccc2c(c1)C(c1ccccc1)=NCc1nnc(Cc3ccccc3)n1-2,CHEMBL278225
DEC_0768,decoy,CC(C)(C)c1cc(-c2nnc(SCC(F)(F)F)s2)cc(C(C)(C)C)c1O,CHEMBL16647
DEC_3663,decoy,CC(C)[C@@H]1CC[C@]2(C(=O)O)CC[C@]3(C)[C@H](CC[C@@H]4[C@@]5(C)CC[C@H](OC(=O)CC(C)(C)C(=O)O)C(C)(C)[C@@H]5CC[C@]43C)[C@@H]12,CHEMBL266867
DEC_1142,decoy,CC(C)(C)c1cc(-c2nnc(NC#N)o2)cc(C(C)(C)C)c1O,CHEMBL16814
DEC_1264,decoy,O=C1CCC(c2ccc(NCc3ccnc4ccccc34)cc2)=NN1,CHEMBL417083
DEC_0756,decoy,O=C1NC(=O)C(CC#Cc2ccc(Cl)cc2)(Sc2ccc(Cl)cc2)S1,CHEMBL276264
DEC_1864,decoy,O=C1C2C3CCC(C4CC43)C2C(=O)N1CCCCN1CCN(c2ncccn2)CC1,CHEMBL28717
DEC_4309,decoy,C[C@@H]1CC2C(CCC3(C)C(=O)CCC23)C2(C)C=CC(=O)C=C12,CHEMBL8315
DEC_0671,decoy,COc1cc2c(cc1OC)-c1cc(Nc3c(Br)cc(Br)cc3Br)nc(=O)n1CC2,CHEMBL37550
DEC_2455,decoy,Clc1ccc(C2(Cn3ccnc3)OCC(c3ccccc3Cl)O2)c(Cl)c1,CHEMBL280815
DEC_3501,decoy,C=CCC/C=C/C(=O)O[C@H](CC=C(C)C)C1=CC(=O)c2c(O)ccc(O)c2C1=O,CHEMBL9196
DEC_1445,decoy,CCCCSc1ccccc1C1N=C(SC)N=C2COC(O)=C21,CHEMBL23642
DEC_1000,decoy,C1CN([P@@]2(N3CC3)=NP(N3CC3)(N3CC3)=N[P@@](N3CCOCC3)(N3CC3)=N2)CCO1,CHEMBL281209
DEC_4551,decoy,COc1ccc(C2(OC(C)=O)Sc3ccccc3-n3cccc32)cc1,CHEMBL282348
DEC_3744,decoy,N#Cc1cc(-c2ccoc2)c2ccc(OCc3cccc(C4(O)CC5COC(C4)O5)n3)cc2c1,CHEMBL278293
DEC_4250,decoy,CCOc1c(N2CCC(C)(CN)C2)c(F)cc2c(=O)c(C(=O)O)cn(C3CC3)c12,CHEMBL15738
DEC_3168,decoy,Brc1cccc(SC2CN3CCC2CC3)c1,CHEMBL25587
DEC_2596,decoy,Cc1nccn1-c1ccc(C2=NNC(=O)CC2)cc1,CHEMBL30368
DEC_2591,decoy,Cc1ccc2c3c1CCCN3CC(C1=NCCN1)O2,CHEMBL13793
DEC_2229,decoy,O=C1CCC(c2ccccc2)(C2CCN(Cc3ccccc3Cl)CC2)C(=O)N1,CHEMBL9966
DEC_0733,decoy,Oc1cc(C(F)(F)F)c2cc3c(cc2n1)NC[C@@H]1CCC[C@H]31,CHEMBL27812
DEC_3229,decoy,CCn1cc(C(=O)O)c(=O)c2cc(F)c(N3CCC(N)C3)c(F)c21,CHEMBL277099
DEC_4229,decoy,CC(C)C1=CC2CC3(C=O)[C@@H]4CC[C@@H](C)[C@H]4CC2(CO[C@H]2CN[C@H](C)CO2)[C@]13C(=O)O,CHEMBL31670
DEC_4028,decoy,CCOC(=O)C(Cc1cc2cc(C(=N)N)ccc2o1)c1ccc(O[C@H]2CCNC2)cc1,CHEMBL280162
DEC_2192,decoy,COCc1cc(C(C)(C)CC(C)(C)C)cc2c1OCCOCCOCc1cc(C(C)(C)C)cc(c1C(=O)O)COCCOCCO2,CHEMBL164715
DEC_2326,decoy,COc1cccc2c1CC[C@H]1CN(CCn3c(=O)[nH]c4c(sc5ncccc54)c3=O)C[C@@H]21,CHEMBL291262
DEC_1591,decoy,CC(C)C(=O)Oc1c(Oc2ccccc2)c(Oc2ccccc2)c(OC(=O)C(C)C)c2cc(Cl)ccc12,CHEMBL37270
DEC_2101,decoy,Cn1cncc1C(OCc1ccc(C#N)c(-c2cccc(C#N)c2)n1)c1ccc(C#N)cc1,CHEMBL290315
DEC_2758,decoy,O=C(O)C1Cc2cc3c(-c4cccc(F)c4)noc3c(Cl)c2O1,CHEMBL7785
DEC_0492,decoy,OC1(C#Cc2ccc(Sc3ccc(Br)cc3)cc2)CN2CCC1CC2,CHEMBL25366
DEC_1132,decoy,C[C@@H](/N=c1\c(O)c(O)\c1=N/c1ccc2[nH]ncc2c1)C(C)(C)C,CHEMBL19110
DEC_4225,decoy,O=S(=O)(CS(=O)(=O)C(F)(F)F)c1ccc(SC(F)(F)C(F)F)cc1,CHEMBL12617
DEC_2702,decoy,CN1CCN(Cc2cccc(-c3cc(NCCC4CCCN4C)c4ccccc4n3)c2)CC1,CHEMBL22118
DEC_2839,decoy,COc1ccc(C(c2cc(C(C)(C)C)ccc2O)c2ccc(C(C)C)cc(=O)c2O)cc1,CHEMBL18774
DEC_0654,decoy,CN(C)C(=O)n1cc(C(=O)c2ccn3c2CS[C@@H]3c2cccnc2)c2ccc(-c3ccc(OP(=O)(O)O)cc3)cc21,CHEMBL431037
DEC_1442,decoy,CN1CCc2cc(Cl)c(O)cc2C(c2cccc(N=C=S)c2)C1,CHEMBL279634
DEC_4184,decoy,O=C(c1c(F)cccc1F)c1ccc2n1CCC2C(=O)O,CHEMBL267731
DEC_0512,decoy,Brc1cccc(Br)c1N(CC1CCC1)C1=NCCN1,CHEMBL20074
DEC_3416,decoy,COc1c(Cl)c(Oc2ccccc2)nc(C(Cl)(Cl)Cl)c1Cl,CHEMBL11628
DEC_1606,decoy,OC[C@@]1(CCCc2ccccc2)CC2C3Cc4ccc(O)c5c4C2(CCN3CC2CC2)C(O5)[C@@H]1O,CHEMBL275125
DEC_3934,decoy,O=P(O)(O)C(Cc1cccc2ccccc12)N[C@H](Cc1ccc(-c2ccccc2)cc1)c1nnn[nH]1,CHEMBL9963
DEC_3928,decoy,CCCc1c(OCCCCCOc2cc3c(cc2Br)CCC(C(=O)O)O3)ccc(C(C)=O)c1O,CHEMBL54450
DEC_1311,decoy,Cc1ccc(/C=C2\c3ncc(C)cc3CCC2(C)C)cc1,CHEMBL35472
DEC_0093,decoy,Brc1ccc(N(CC2CC2)C2=NCCN2)c(Br)c1,CHEMBL277244
DEC_4535,decoy,C=CCN1CCN(C(c2ccccc2)c2ccc(-c3ccccn3)cc2)CC1,CHEMBL281680
DEC_1650,decoy,Cc1ccccc1/C=C1\CSCC2C1=NN(CCCN1CCN(C)CC1)C2c1ccccc1C,CHEMBL434595
DEC_3857,decoy,CCc1c(C)sc2c1C(N1CCN(C)CC1)=Nc1cc(F)ccc1N2,CHEMBL14995
DEC_3284,decoy,C=CC(=O)Nc1cc2c(Nc3ccc(F)c(Cl)c3)ncnc2cc1OCCOCCCCO,CHEMBL32079
DEC_1028,decoy,CCOC(=O)Oc1cc2ccc(S(=O)(=O)C3SC(=O)NC3=O)cc2cc1OC(=O)OCC,CHEMBL30792
DEC_1131,decoy,N[P@]1(Cl)=NP(N2CC2)(N2CC2)=N[P@](N)(Cl)=N1,CHEMBL281247
DEC_1594,decoy,CCCC(=O)Oc1c(Oc2ccccc2)c(Oc2ccccc2)c(OC(=O)CCC)c2cc(Cl)ccc12,CHEMBL35267
DEC_0806,decoy,Brc1ccc(SC2CN3CCC2CC3)cc1,CHEMBL278307
DEC_3155,decoy,Cc1cc(C)nc(NC23CC4CC(CC(C4)C2)C3)n1,CHEMBL19300
DEC_2493,decoy,CCN1C(=O)N(C2CCN(Cc3ccc4ccccc4c3)CC2)[C@@H]2CCCC[C@H]21,CHEMBL283301
DEC_0871,decoy,O=C1C2C3C=CC(CCC3)C2C(=O)N1CCCCN1CCN(c2cncc(Cl)n2)CC1,CHEMBL29278
DEC_1214,decoy,CC(C)C1=CC2CC3(C=O)[C@@H]4CC[C@@H](C)[C@H]4CC2(CO[C@H]2CN(c4ccc(Cl)s4)[C@H](C)CO2)[C@]13C(=O)O,CHEMBL282179
DEC_1207,decoy,C=C1C[C@@]23O[C@]2(c2ccccc21)C1CC(OC(=O)[C@H](O)[C@@H](NC(=O)OCCCC)c2ccccc2)C3(C)C1(C)C,CHEMBL283810
DEC_4428,decoy,OC(c1ccccc1)(c1ccccc1)C1(CCC#CCN2CCCCC2)SCCCS1,CHEMBL42222
DEC_1085,decoy,CC(C)C[C@H](NC(=O)[C@H](C)NC(=O)C[C@H](O)[C@H](COCc1ccc(Br)cc1)NC(=O)[C@@H]1Cc2ccccc2N1)C(N)=O,CHEMBL116267
DEC_4570,decoy,COc1ccc2cc(O)c(C(=O)N/N=C/c3ccc(-c4cc(C(F)(F)F)nn4C)s3)cc2c1,CHEMBL39253
DEC_4292,decoy,CCC(=O)N(c1ccc(C)cc1)C1CCCC1N(C)C,CHEMBL21004
DEC_0132,decoy,Fc1ccc(-c2nc(SC(F)F)[nH]c2-c2ccc(F)cc2)cc1,CHEMBL18419
DEC_3381,decoy,CCN(CC)CCCNc1nccc2c(C)c3[nH]c4ccc(O)cc4c3c(C)c12,CHEMBL282444
DEC_0860,decoy,O=C1C2C3CCC(C4CCC43)C2C(=O)N1CCCCN1CCN(c2cncc(Cl)n2)CC1,CHEMBL28406
DEC_4176,decoy,Cc1cccc(CN(C)c2ccc(C(=O)O)nc2)c1,CHEMBL30985
DEC_4543,decoy,COc1ccc2c(c1)c(CCNC(=O)C1CC1)c1n2CCCc2ccccc2-1,CHEMBL10124
DEC_2695,decoy,COc1cccc2c1CC[C@H]1CN(CCn3c(=O)[nH]c4c(sc5ncc(Cl)nc54)c3=O)C[C@@H]21,CHEMBL290387
DEC_0903,decoy,CCN(CCc1ccccn1)C1c2ccccc2Oc2ccccc21,CHEMBL20865
DEC_3426,decoy,CCc1nc2c(-c3ccc(Cl)cc3Cl)ccnc2n1C(CC)CC,CHEMBL23483
DEC_4707,decoy,NC1=NC(C#Cc2ccccc2)Cc2ccsc21,CHEMBL269162
DEC_0038,decoy,Brc1cccc(Nc2ncnc3cc4[nH]cc(CN5CCOCC5)c4cc23)c1,CHEMBL36967
DEC_0314,decoy,CCN(CC)CCNc1ccc2c3c(nn2CCN(CC)CC)-c2ccccc2Sc13,CHEMBL38984
DEC_3954,decoy,CCNC(=O)Nc1nc2nc(NCCCN(CC)CC)ncc2cc1-c1c(Cl)cccc1Cl,CHEMBL301273
DEC_0745,decoy,C[C@H]1Nc2cc3nc(O)cc(C(F)(F)F)c3cc2CC1(C)C,CHEMBL267907
DEC_2729,decoy,CSC1=NC(=O)/C(=C/c2cc(C(C)(C)C)c(O)c(C(C)(C)C)c2)O1,CHEMBL16550
DEC_4420,decoy,C/C(C[C@H]1CCc2c(cccc2OCC(=O)O)C1)=N\OC(c1ccccc1)c1ccccc1,CHEMBL268051
DEC_1618,decoy,CCCn1c(=O)c2nc(-c3cc(NC(=O)Cc4ccc(F)c(F)c4)nn3C)[nH]c2n(CCC)c1=O,CHEMBL32950
DEC_0032,decoy,Oc1ccc2c3c1OC1[C@H]4OC[C@@]4(CCCc4ccccc4)CC4C(C2)N(CC2CC2)CCC341,CHEMBL441761
DEC_0363,decoy,CCCCCCCCCOC(=O)c1cc(O)c(O)c(O)c1,CHEMBL16174
DEC_3701,decoy,O=C(NCc1cc(C(F)(F)F)cc(C(F)(F)F)c1)[C@]1(c2ccccc2)CC[C@@H](N2CCC(c3ccc(F)cc3)CC2)CC1,CHEMBL51893
DEC_1030,decoy,CCCOc1ccc(S(=O)(=O)N2CCN(C)CC2)cc1-c1nc(O)c2cc3[nH]cnc3cc2n1,CHEMBL22906
DEC_0536,decoy,O=C(O)c1ccc(NCCCCCCCCCCCSCc2ccccc2)cc1,CHEMBL31135
DEC_2499,decoy,CC(CN(C)C)c1nnc2n1-c1ccc(Cl)cc1C(c1ccccc1)=NC2,CHEMBL274263
DEC_1787,decoy,CNCc1cccc(I)c1.Cl,CHEMBL13437
DEC_2130,decoy,CCc1nc2ccc(OC3CCN(C(C)=N)CC3)cc2n1C/C=C/c1ccc(N)cc1,CHEMBL423480
DEC_0841,decoy,CC1CC(NC(=O)N(CCCl)N=O)CC(C)(C)C1,CHEMBL275300
DEC_1454,decoy,NCc1ccc(-c2nc(-c3ccc(F)cc3)c(-c3ccncc3)[nH]2)cc1,CHEMBL17445
DEC_3560,decoy,CCOP(=O)(OCC)c1coc(C[C@H](NC(=O)OC(C)(C)C)C(=O)O)c1,CHEMBL285622
DEC_1797,decoy,Nc1ccc([C@@H]2CN3CCC[C@@H]3c3ccccc32)cc1,CHEMBL36359
DEC_3428,decoy,CCCCC1=C(c2ccc(C(C)(C)C)cc2)N2CCCN=C2c2ccccc21,CHEMBL10243
ACT_094,active,c1ccc(OCc2nnc3sc(C4COc5ccccc5O4)nn23)cc1,CHEMBL1481770
ACT_015,active,Cn1nc([N+](=O)[O-])c2c(-c3nc4ccccc4s3)c(N)n(C3CCCCC3)c2c1=O,CHEMBL1326210
DEC_4711,decoy,CC12N[C@H](CC3=C1CCCC3)C1CCCCC12,CHEMBL275327
DEC_0422,decoy,COc1nc(C(Cl)(Cl)Cl)c(Cl)c(OC)c1Cl,CHEMBL273124
DEC_4394,decoy,Nc1ccc(S(=O)(=O)c2cc(Br)nc(N3CCCC3)c2)cc1,CHEMBL23038
DEC_2341,decoy,Cn1c(=O)c2c(nc(/C=C/c3cccc(NC(=O)OC(C)(C)C)c3)n2C)n(C)c1=O,CHEMBL27883
DEC_0632,decoy,CC1(C)Oc2ccc(C#N)cc2[C@H](N(Cc2ncc[nH]2)c2ccc(Cl)cc2)[C@H]1O,CHEMBL11594
DEC_3988,decoy,CC1(C)CC(C(=O)NCCCNCc2ccsc2)C(C)(C)N1,CHEMBL430285
DEC_1325,decoy,Cc1cc(C23CC4CC(CC(C4)C2)C3)nc2ccccc12,CHEMBL267808
DEC_0445,decoy,CC(C)(C)c1cc(-c2nsc(NC#N)n2)cc(C(C)(C)C)c1O,CHEMBL17229
DEC_3647,decoy,CN1CCc2cc(Cl)c(O)cc2[C@@H](c2ccccc2)C1,CHEMBL62
DEC_1439,decoy,N#C/C(=N\O)c1ccc(Sc2cc(F)cc(C3CCOCC3)c2)cc1,CHEMBL27691
DEC_1447,decoy,CCCc1cc(=O)oc2c(C(O)CC)c(OCC)c3c(c12)OC(C)(C)C=C3,CHEMBL7693
DEC_2768,decoy,CN(C)CCOC1=Cc2ccccc2Sc2ccc(Cl)cc21,CHEMBL285802
DEC_4218,decoy,CN(C)c1nsc(-c2ccc(N3CCN(c4cccc(C(F)(F)F)c4)CC3)nn2)n1,CHEMBL418719
DEC_3228,decoy,C/C=C(\NC(=O)C1CC1(Br)Br)C(=O)O,CHEMBL268228
DEC_4271,decoy,CC(c1ccc(Cl)cc1)(n1ccnc1)n1ccnc1,CHEMBL26072
DEC_0455,decoy,CC1(C)OC(S)=Nc2ccc(-c3cc(F)cc(C#N)c3)cc21,CHEMBL282091
DEC_4083,decoy,C[C@@H](N)Cc1c2c(c(C(F)(F)F)c3c1OCC3)OCC2.Cl,CHEMBL6452
DEC_4050,decoy,CCN1CCCC1CNC(=O)c1cc(NS(=O)(=O)N(C)C)c(Cl)cc1OC,CHEMBL14992
DEC_2773,decoy,CN(CCCN1CCCCC1)c1c2c(nc3ccccc13)CCCC2,CHEMBL14656
DEC_2309,decoy,Cc1c(N2C[C@H](F)[C@@H](C3(N)CC3)C2)c(F)c(N)c2c(=O)c(C(=O)O)cn([C@@H]3C[C@@H]3F)c12,CHEMBL268208
DEC_1834,decoy,O=C(O)Cc1ccc2c(c1)C=Cc1ccc(Cl)cc1O2,CHEMBL10448
DEC_0183,decoy,CCOC(=O)N[C@@H](c1cccnc1)[C@@H](O)C(=O)OC1CC2C(C)(C)C1(C)[C@@]13C[C@H](C)c4ccccc4[C@@]21O3,CHEMBL283414
DEC_3965,decoy,NC(Cc1cc(C2CCCCC2)ccc1CCP(=O)(O)O)C(=O)O,CHEMBL23152
DEC_0162,decoy,Cc1cn(C2OC(COC(c3ccccc3)(c3ccccc3)c3ccccc3)C(F)C2N=[N+]=[N-])c(=O)[nH]c1=O,CHEMBL289759
DEC_3436,decoy,CC1(C)OC(S)=Nc2c(Br)cc(-c3ccc(C#N)c(F)c3)cc21,CHEMBL27922
DEC_4545,decoy,Cc1cc(C(c2ccccc2)N2CCN(Cc3ccccc3)CC2)sn1,CHEMBL22684
DEC_2354,decoy,ClP1(Cl)=NP(Cl)(Cl)=NP(N2CC2)(N2CC2)=N1,CHEMBL285314
DEC_0200,decoy,O=C(Cc1c[nH]c2ccccc12)N[C@@H]1C(=O)N2[C@H](CC[C@H]2C(=O)NCc2ccccc2)C[C@H]1Cc1ccccc1,CHEMBL31687
DEC_0793,decoy,COc1ccc(C2(C)c3cc(C(=O)O)sc3C(=O)c3c2c2ccccc2n3C)cc1,CHEMBL14419
ACT_013,active,CCCCCCCCCCCCNc1c(Cc2ccccc2C)c(=O)oc2ccccc12,CHEMBL226003
DEC_4281,decoy,N#Cc1ccccc1[C@@H]1CN2CCC[C@@H]2c2ccccc21,CHEMBL284992
DEC_3986,decoy,N[C@@H](CS)CNc1ccc(Oc2cccc(C(=O)O)c2)cc1,CHEMBL285827
DEC_3541,decoy,CCc1nc2c(-c3ccc(Cl)cc3Cl)ccnc2n1C(C)CC,CHEMBL23950
DEC_1163,decoy,Nc1nc(N)c2cc(Sc3ccc4ccccc4c3)ccc2n1,CHEMBL7050
DEC_1794,decoy,OC(c1ccccc1)(c1ccccc1)c1cncnc1,CHEMBL29670
DEC_0137,decoy,Nc1nc(-c2cc(Cl)cc(Cl)c2)c(-c2cc(Cl)cc(Cl)c2)[nH]1,CHEMBL7935
DEC_4541,decoy,CCCC(=O)N(c1ccc(Cl)c(Cl)c1)C1CCCC1N(C)C,CHEMBL414825
DEC_3488,decoy,COc1ccc(C2Sc3ccccc3-n3c(CN4CCOCC4)ccc32)c(OC)c1,CHEMBL281762
DEC_2935,decoy,CO[C@H]1CCOP(=O)(N(CCCl)CCCl)N1,CHEMBL27231
DEC_0441,decoy,CC1(C)CC(=O)c2c(SCCO)sc(-c3nccs3)c2C1,CHEMBL17603
DEC_4118,decoy,Cc1cc(C)c(S(=O)(=O)OCCCl)c(C)c1,CHEMBL17523
DEC_0128,decoy,CC(C)Oc1nnc(-c2cc(C(C)(C)C)c(O)c(C(C)(C)C)c2)s1,CHEMBL16854
DEC_1725,decoy,N#CC1=C(c2cccc3ccccc23)CN(C(=O)Cc2cncn2Cc2ccc(Cl)cc2)CC1,CHEMBL29619
DEC_3182,decoy,CN(C)c1ccc2c(c1)C(c1ccccc1Cl)=NCC(=O)N2C,CHEMBL13135
DEC_4019,decoy,COc1c(N2CCC(C)(CN)C2)c(F)c(N)c2c(=O)c(C(=O)O)cn(C3CC3)c12,CHEMBL15224
DEC_3194,decoy,Cc1c(O)c(CCCSc2ccccc2)cc2c1CCO2,CHEMBL266116
DEC_0742,decoy,CCC1Nc2cc3oc(=O)cc(C(F)(F)F)c3cc2CC1C,CHEMBL6654
DEC_0377,decoy,CN1CC=C(c2c[nH]c3ccc(-c4ccsc4)cc23)CC1,CHEMBL417470
DEC_3565,decoy,O=C(Nc1ccc(Cn2cnc3ncnc-3c2O)cc1)c1cccc(S(=O)(=O)F)c1,CHEMBL277304
DEC_4156,decoy,CC1CC/C(=N\Nc2ccccc2)c2nccc(=O)n21,CHEMBL14693
DEC_2173,decoy,CC(NC(=O)OC(C)(C)C)C(=O)N1CCN(c2ccnc3cc(Cl)ccc23)CCN(c2ccnc3cc(Cl)ccc23)CC1,CHEMBL295335
DEC_3477,decoy,COc1ccc2c3c1OC1[C@H]4OC[C@@]4(CCCc4ccccc4)CC4C(C2)N(C)CCC341,CHEMBL268464
DEC_0514,decoy,CN([C@@H]1CCN2CCc3ccccc3[C@@H]2C1)S(=O)(=O)c1cccc2ccccc12,CHEMBL30651
DEC_3272,decoy,COC(OC)[C@@]1(C)Oc2ccc([N+](=O)[O-])cc2[C@H](N(Cc2ncc[nH]2)c2ccc(Cl)cc2)[C@H]1O,CHEMBL43658
DEC_0729,decoy,Cc1ccc2c(c1)CC(O)c1cc(C(C)C(=O)O)ccc1O2,CHEMBL428000
DEC_2405,decoy,CO[C@]1(c2cnc(Sc3ccc(/C(C)=N/OCC#N)cc3)s2)CCO[C@@H](C)C1,CHEMBL276958
DEC_0153,decoy,NP(=O)(OCc1cc(Br)c([N+](=O)[O-])s1)N(CCBr)CCBr,CHEMBL75162
DEC_0360,decoy,CCCCCCCc1nc(CC(=O)O)c(-c2ccsc2)o1,CHEMBL281370
DEC_0220,decoy,CCCC1CCC(N2CCC(N3C(=O)N[C@@H]4CCCC[C@H]43)CC2)CC1,CHEMBL26681
DEC_4060,decoy,CCOCc1c(O)ccc2nc3c(cc12)Cn1c-3cc2c(c1=O)COC(=O)[C@]2(O)CC,CHEMBL10376
DEC_2064,decoy,CCC1=C(c2ccc(-n3ccnc3)cc2)CNC1=O,CHEMBL9169
DEC_2535,decoy,CN1C2CCC1[C@H](C(O)C(F)(F)F)[C@@H](c1ccc(Cl)cc1)C2,CHEMBL285342
DEC_2288,decoy,COc1cc2c(Nc3ccc(Cc4cccnc4)cc3)c(C#N)cnc2cc1OCCCN1CCOCC1,CHEMBL287852
DEC_0236,decoy,CC1CCN(CCCCCN2c3cccc4cccc(c34)S2(=O)=O)CC1,CHEMBL12656
DEC_0914,decoy,CC(/C=C/C(O)=C1\C(=O)C2CCCN2C1=O)=C\c1ccc2ccccc2c1,CHEMBL10377
DEC_0795,decoy,Cc1nsc(-c2ccc(N3CCN(c4cccc(C(F)(F)F)c4)CC3)cc2)n1,CHEMBL14501
DEC_3406,decoy,C=CCONC1=NC(=O)/C(=C/c2cc(C(C)(C)C)c(O)c(C(C)(C)C)c2)S1,CHEMBL16127
DEC_1829,decoy,S=C=Nc1ccc(-c2nc(-c3ccc(Cl)cc3)no2)cc1,CHEMBL282472
DEC_3845,decoy,CN(C)Cc1ccccc1Sc1ccc(I)cc1N,CHEMBL23034
DEC_1431,decoy,Oc1c(Cl)c(OCC(F)(F)F)nc(C(Cl)(Cl)Cl)c1Cl,CHEMBL11430
DEC_4026,decoy,O=C1[C@@H](NS(=O)(=O)c2ccc(-c3ccon3)s2)CCN1CCNc1ccncc1,CHEMBL267430
DEC_0528,decoy,CCCCCCCCCCCCCC(=O)Nc1cc(C(C)(C)C)cc(C(C)(C)C)c1O,CHEMBL17661
DEC_1859,decoy,COc1c(N2CCN(C)CC2)c(F)cc2c(=O)c(C(=O)O)cn(C3CC3)c12,CHEMBL275216
DEC_0448,decoy,O=NN(CCF)C(=O)NC1CCCCCCCCCCC1,CHEMBL13121
DEC_3518,decoy,Clc1ccc2[nH]c3c(c2c1)CCN(CCc1ccc2ccccc2n1)C3,CHEMBL12801
DEC_0805,decoy,CC(C)(C)C1=CC(=Nn2cccc2)C=C(C(C)(C)C)C1=O,CHEMBL24297
DEC_3184,decoy,CN1CCN(c2nc3cc(C(F)(F)F)ccc3n3cccc23)CC1,CHEMBL27403
DEC_4267,decoy,Brc1ccc2c(c1)C1N=C3SCCN3C1CC2,CHEMBL29695
DEC_4468,decoy,CC(C)c1ccc(C2CN(C)Cc3c(N)cccc32)cc1,CHEMBL274486
DEC_4391,decoy,Cc1ccccc1C(=O)n1c(=O)c(F)cn(C(=O)OCc2ccccc2)c1=O,CHEMBL417472
DEC_2919,decoy,CC(C)(Sc1nc2cc(Cl)cnc2n1Cc1ccc(Cl)cc1)C(=O)O,CHEMBL277503
DEC_2176,decoy,CC(=O)N1[C@H](CC23CC4CC(CC(C4)C2)C3)C(=O)N(Cc2ccccc2Cl)c2ccccc2C(=O)C[C@H]1C(=O)N[C@H](C)C(=O)O,CHEMBL332482
DEC_4573,decoy,COC(=O)C1C(c2ccc(Cl)cc2)CC2CCC1N2C/C=C/I,CHEMBL39576
DEC_1157,decoy,C[C@@H]1Cc2cc3c(C(F)(F)F)cc(O)nc3cc2N[C@@H]1C,CHEMBL7058
DEC_1807,decoy,Cc1cc2c(s1)CN(C)CC2c1ccc(Br)cc1,CHEMBL430337
DEC_0385,decoy,COc1c(C)cc(Cc2cnc(N)nc2N)cc1C(C)(C)C,CHEMBL24155
DEC_4137,decoy,CN(C)c1ncnc2c1ncn2Cc1ccc(Cl)cc1,CHEMBL7581
DEC_3866,decoy,O=NN(CCF)C(=O)NC1CCSc2ccccc21,CHEMBL273958
DEC_1373,decoy,CCC1C(=O)N(CC)C2SC(C)=NN2C1=O,CHEMBL29526
DEC_4374,decoy,COc1ccncc1C1=C(c2ccc(S(C)(=O)=O)cc2)CCC1=O,CHEMBL23241
ACT_047,active,C[C@]12C=CC(=O)C=C1[C@@H](F)C[C@H]1[C@@H]3C[C@H]4O[C@@H](c5ccc(Cc6cccc(N)c6)cc5)O[C@@]4(C(=O)SCF)[C@@]3(C)C[C@H](O)[C@@]12F,CHEMBL5947384
DEC_1137,decoy,Cc1cc2c(nc1C)CN[C@@H]1CCc3cc(O)c(O)cc3[C@@H]21,CHEMBL284959
DEC_2915,decoy,CCOc1ccc(-n2c(C)c3c(C)nnc(Nc4ccc(C)cc4)c3c2C)cc1,CHEMBL24700
DEC_3792,decoy,CNc1ncc(C#CC[C@H](NS(=O)(=O)c2ccc3ccccc3c2)C(=O)N(C)C2CCCC2)cn1,CHEMBL266576
DEC_3713,decoy,Cc1cccc(N2CCN(CCCON3C(=O)CC4(CCCC4)CC3=O)CC2)c1C,CHEMBL418526
DEC_0865,decoy,O=C1N(CCCCN2CCN(c3cnccn3)CC2)C(=O)C23C4C=CC(C4)C12C1C=CC3C1,CHEMBL28452
DEC_3745,decoy,CN(C)c1cccc2c(S(=O)(=O)Nc3ccc(Br)nc3)cccc12,CHEMBL266277
DEC_0969,decoy,CCn1cc(C(=O)O)c(=O)c2cc(F)c(N3CC(C)NC(C)C3)cc21,CHEMBL15387
ACT_028,active,O=S(=O)(Nc1ccc2cc[nH]c2c1)c1ccc(Cl)cc1,CHEMBL4553545
DEC_2423,decoy,COc1cc2c(cc1OC)C1(c3cc(OC)c(OC)c(OC)c3)OCC13C1COC2C13,CHEMBL18472
DEC_1226,decoy,CN(CCc1ccccc1)C(=O)C(C)(Cc1c[nH]c2ccccc12)NC(=O)OC1[C@H]2C[C@@H]3C[C@@H](C[C@H]1C3)C2,CHEMBL36443
DEC_3154,decoy,Oc1cc(/C=C/c2ccccc2)nc2cc3c(cc12)OCO3,CHEMBL14463
DEC_0476,decoy,CN1C[C@H](CN2CC(=O)NC2=O)C[C@@H]2c3ccc(C(C)(C)C)c4[nH]cc(c34)C[C@H]21,CHEMBL13464
DEC_4380,decoy,C=CCN1CC[C@]23c4c5ccc(O)c4O[C@H]2C(=O)CC[C@@]3(OCC)C1C5,CHEMBL280309
DEC_0291,decoy,C/C(CC1CCc2c(cccc2OCC(=O)O)C1)=N\OC(c1ccccc1)c1cccnc1,CHEMBL12340
DEC_3152,decoy,CC[C@@]12Cc3ccccc3C[C@@H](N1)c1ccccc12,CHEMBL282261
DEC_4672,decoy,CSc1ccc2c(CCN(C)C)c[nH]c2c1,CHEMBL417480
DEC_2344,decoy,O=C1[C@@H](NS(=O)(=O)c2cc3cccnc3s2)CCN1Cc1cc2[nH]cccc-2n1,CHEMBL269539
DEC_2846,decoy,N#CN/C(=N\C(Cn1ccnc1)c1ccc(Cl)cc1Cl)Nc1ccccc1Cl,CHEMBL8473
DEC_4470,decoy,CC1(C)CCc2cc3c(C(F)(F)F)cc(=O)oc3cc2N1,CHEMBL7289
DEC_1561,decoy,NCCc1c[nH]c(-c2cncc(Br)c2)n1,CHEMBL26555
DEC_0619,decoy,CSc1ccc(C#CCC2(S(=O)(=O)c3ccc(F)cc3)SC(=O)NC2=O)cc1,CHEMBL275021
DEC_0692,decoy,C/C(=C(\F)C(=O)Nc1ccc(-c2ccccc2S(N)(=O)=O)cc1Br)c1ccc2ccnc(N)c2c1,CHEMBL63088
DEC_3472,decoy,C=CCNC(=O)O[C@H]1CC[C@@](CNC(=O)c2cccc3c2OCC3)(c2ccccc2)CC1,CHEMBL16110
DEC_1281,decoy,C[Si](C)(C)OC1(C#N)CCCCCCCCCC1,CHEMBL18921
DEC_3449,decoy,CCCC(C)n1c(CC)nc2c(-c3ccc(Cl)cc3Cl)ccnc21,CHEMBL23342
DEC_2580,decoy,Oc1ccc(-c2ccc(-n3ccnc3)cc2)nn1,CHEMBL287398
DEC_0954,decoy,CC(C)(C)c1cc(/C=C2\OC(N=C(N)N)=NC2=O)cc(C(C)(C)C)c1O,CHEMBL15781
DEC_1780,decoy,CC[C@]1(c2cccs2)OC[C@H]([C@@H]2CCCCN2)O1,CHEMBL287645
DEC_4431,decoy,COc1ccc(C)c(Nc2c(C#N)cnc3cc(OCC4CCN(C)CC4)c(OC)cc23)c1,CHEMBL290308
DEC_1255,decoy,O=C(O)C(=O)CC(=O)c1ccc(-c2ccc(S)cc2)cc1,CHEMBL428525
DEC_0362,decoy,CCCCCCCCCCOC(=O)c1cc(O)c(O)c(O)c1,CHEMBL16101
DEC_0690,decoy,CN(C)C(=O)n1cc(/C(=N/OCC(=O)O)c2ccn3c2CS[C@@H]3c2cccnc2)c2ccc(-c3ccc(F)cc3)cc21,CHEMBL99773
DEC_2801,decoy,Cc1ccc(NN=C2CCC(C)n3c2ncc(C(=O)O)c3=O)cc1C,CHEMBL14065
DEC_1818,decoy,Cc1ccc(C2CN(C)Cc3sc(Br)cc32)cc1,CHEMBL15685
DEC_2372,decoy,C[C@H]1CCCN(CC[C@@H](C)N(C)S(=O)(=O)c2cccc3ccccc23)C1,CHEMBL12654
DEC_0450,decoy,OC(c1ccc(Cl)cc1)(c1cncnc1)c1ccccc1Cl,CHEMBL28971
DEC_3372,decoy,CCc1ccc(NC(=O)Nc2cc(C(C)(C)C)sc2C(=O)OC)cc1,CHEMBL18763
DEC_3036,decoy,CCCC(=O)OC(CC=C(C)C)C1=CC(=O)c2c(O)ccc(O)c2C1=O,CHEMBL28494
DEC_4232,decoy,CC1CC/C(=N\Nc2ccccc2Br)c2ncc(C(=O)O)c(=O)n21,CHEMBL15503
DEC_1762,decoy,CN(C)CCc1c[nH]c2c(Br)cccc12,CHEMBL21083
DEC_1066,decoy,CC(=O)N1CCN(C(=O)/C=C/c2ccc(Sc3cc4[nH]c(O)nc4cc3Cl)c(Cl)c2)CC1,CHEMBL281334
DEC_1273,decoy,c1ccc(C2(c3ccccc3)OCC(C3CCCCN3)CO2)cc1,CHEMBL28065
DEC_3998,decoy,NC(=O)[C@@H](Cc1c[nH]c2ccccc12)NCc1ccc2ccccc2c1,CHEMBL9138
DEC_2273,decoy,Cn1cncc1CN(CC(=O)N1CCC(C#N)=C(c2cccc3ccccc23)C1)Cc1ccc(C#N)cc1,CHEMBL29466
ACT_038,active,Fc1ccc(C2=C(c3ccc(OCCN4CCCC4)cc3)c3ccc(F)cc3OCC2)cc1,CHEMBL511492
DEC_0054,decoy,CCCN(C1=NCCN1)c1c(Br)cccc1Br,CHEMBL20335
DEC_3051,decoy,Cc1cc(CCCOc2c(C)cc(-c3noc(C(F)F)n3)cc2C)on1,CHEMBL27742
DEC_0664,decoy,CCc1c2c(nc3ccc(OC(=O)N4CCC(N5CCCCC5)CC4)cc13)-c1cc3c(c(=O)n1C2)COC(=O)[C@]3(O)CC,CHEMBL481
DEC_3830,decoy,Cc1cc(Cl)nnc1NS(=O)(=O)c1cccc2c(N(C)C)cccc12,CHEMBL415106
DEC_3066,decoy,CCCCN1CCC[C@H]1CNC(=O)c1cc(SC)cc2c1OCCN2C,CHEMBL21971
DEC_0049,decoy,Cn1cncc1C(OCc1ccc(C#N)nc1-c1ccc2ccccc2c1)c1ccc(C#N)cc1,CHEMBL41515
DEC_0621,decoy,CO/N=C1/CCN(c2cc3c(cc2F)c(=O)c(C(=O)O)cn3-c2ccc(F)cc2F)C1,CHEMBL32394
DEC_1612,decoy,O=C(O)COC/C=C\C[C@H]1[C@H](NS(=O)(=O)c2ccc(F)cc2)C2CC1(c1ccc(F)cc1)CO2,CHEMBL10748
DEC_3512,decoy,COc1ccc(-c2nc3n(c2-c2ccc(OC)cc2)CCCS3)cc1,CHEMBL276736
DEC_4161,decoy,CCCc1[nH]c(O)nc1C(=O)c1ccc(SC)cc1,CHEMBL34305
DEC_2092,decoy,COc1ccc2c3c1C[C@H]1C[C@@H](O)C=CC31CCN(C)C2,CHEMBL15576
DEC_4689,decoy,Brc1cccc(C2NCCS2)c1,CHEMBL25304
DEC_0267,decoy,Clc1ccc(C2(Cn3ccnc3)OCC(c3ccccc3)O2)c(Cl)c1,CHEMBL29196
DEC_0143,decoy,Cc1nc(O)c2c(ccc3[nH]c(Nc4c(Cl)cccc4Cl)nc32)c1C,CHEMBL27085
DEC_3853,decoy,COc1cc2c3c4c(cc5c3n(c2cc1OC)C(=O)CC5(C)C)CCNC4,CHEMBL280340
DEC_2639,decoy,CCc1[nH]c(O)nc1C(=O)c1ccc(SC)cc1,CHEMBL284045
DEC_1077,decoy,Brc1ccc2c(c1)CC=C(c1ccccc1)C(N1CCNCC1)=N2.O=C(O)/C=C/C(=O)O,CHEMBL17018
DEC_0717,decoy,CCOc1nc(C(Cl)(Cl)Cl)c(Cl)c(O)c1Cl,CHEMBL275688
DEC_4425,decoy,COc1cc2c(Nc3ccc(Cl)cc3F)ncnc2cc1OC/C=C/CN1CCCC1,CHEMBL28148
DEC_2949,decoy,CCCCCCCCn1cnc2c1NC=NCC2O,CHEMBL290949
DEC_1567,decoy,NCCc1c[nH]c(-c2csc(Br)c2)n1,CHEMBL24346
DEC_0547,decoy,c1ccc(-c2ccc(CNCCCCCNCc3ccc(-c4ccccc4)cc3)cc2)cc1,CHEMBL23586
DEC_2155,decoy,COC(=O)n1c(C(=O)NC2C(=O)N(CC(=O)N(c3ccccc3)C(C)C)c3ccccc3N(c3ccccc3)C2=O)cc2ccccc21,CHEMBL358778
DEC_2766,decoy,O=C(c1ccccc1)c1c[nH]c2nncc-2c1OCc1ccccc1,CHEMBL14593
DEC_2907,decoy,N#Cc1ccc2oc(-c3cccc(/C=C/c4ccc5ccccc5n4)c3)cc(=O)c2c1,CHEMBL33276
DEC_4652,decoy,O=C1[C@@H](NS(=O)(=O)c2ccc(-c3ccccn3)s2)CCN1Cc1cc2[nH]cccc-2n1,CHEMBL266098
DEC_3750,decoy,COC1(c2csc(Sc3ccc4c(c3)OCC/C4=N\OCC#N)c2)CCOCC1,CHEMBL27285
DEC_4168,decoy,O[C@@H]1CC[C@H]2CN3CCc4cc5c(cc4[C@@H]3C[C@@H]2C1)OCO5,CHEMBL26156
DEC_3805,decoy,CCC1C(=O)N2C=CSC2=[N+](Cc2cccc(Cl)c2)C1=O,CHEMBL279499
DEC_4448,decoy,CCOC(C)n1c([S+]([O-])Cc2nccc(SCC)c2C)nc2ccccc21,CHEMBL268465
DEC_3129,decoy,C[C@@H]1CCc2cc3c(C(F)(F)F)cc(O)nc3cc2N1,CHEMBL267141
DEC_0854,decoy,O=C1C2C3CCC(C4CC43)C2C(=O)N1CCCCN1CCN(c2nccnc2Cl)CC1,CHEMBL286242
DEC_3702,decoy,CC(CC(=O)O)CC(=O)O[C@H]1CC[C@]2(C)[C@H]3CC=C4[C@@H]5CC(C)(C)CC[C@]5(C(=O)O)CC[C@@]4(C)[C@]3(C)CC[C@H]2C1(C)C,CHEMBL104294
DEC_3598,decoy,COc1ccccc1CNc1nc(Cl)c(SC)c(N2CCN(C)CC2)n1,CHEMBL285690
DEC_2930,decoy,O=S(=O)(OCCCl)c1c(F)c(F)c(F)c(F)c1F,CHEMBL17537
DEC_0894,decoy,O=C1C2C3C=CC(CCCC3)C2C(=O)N1CCCCN1CCN(c2cncc(Cl)n2)CC1,CHEMBL412258
DEC_3778,decoy,CCCn1c(=O)c2nc(-c3cc(NC(=O)Cc4ccc(CC(C)C)cc4)nn3C)[nH]c2n(CCC)c1=O,CHEMBL36352
DEC_0348,decoy,CCCCCCCN1C(=O)C2CC(c3ccc(N)cc3)(C2)C1=O,CHEMBL28173
DEC_3478,decoy,CC(C)c1nn2ccccc2c1S(=O)(=O)c1ccc(OCCCNC(C)(C)C)cc1,CHEMBL33497
DEC_1013,decoy,CN(C)c1cccc2c(S(=O)(=O)Oc3cccc4c3C(=O)C(N3CC3)=C(N3CC3)C4=O)cccc12,CHEMBL287272
DEC_2203,decoy,O=c1cc(-c2ccc(Oc3c(O)cc4oc(-c5ccc(O)cc5)cc(=O)c4c3O)cc2)oc2cc(O)cc(O)c12,CHEMBL291426
DEC_1011,decoy,CCOC(=O)c1cnc2ccc(C3(CCC(=O)CCc4ccoc4)CCC(=O)NC3=O)cc2c1O,CHEMBL278810
DEC_3712,decoy,Cc1oc(-c2ccc3ccccc3c2)nc1Cc1cc2cc(CC3OC(=O)NC3=O)ccc2o1,CHEMBL289082
DEC_4655,decoy,CCN1C(=O)c2c(nc(OC)n2Cc2ccc(O)c(C#N)c2)N2C[C@@H](Cc3ccccc3)N=C12,CHEMBL23513
DEC_4392,decoy,O=C(OCN1C(=O)c2ccccc2S1(=O)=O)c1c(Cl)cccc1Cl,CHEMBL274085
DEC_1863,decoy,O=C1C2C3C=CC(CCC3)C2C(=O)N1CCCCN1CCN(c2ncccn2)CC1,CHEMBL29307
DEC_0951,decoy,O=C(O)c1cn(C2CC2)c2c(F)c(N3CC/C(=N\O)C3)c(F)cc2c1=O,CHEMBL28844
DEC_2983,decoy,CCC(=O)O[C@H](CC=C(C)C)C1=CC(=O)c2c(O)ccc(O)c2C1=O,CHEMBL8951
DEC_1319,decoy,CCc1ccc(SC)c(C(O)c2ccc(Cl)cc2)c1,CHEMBL27731
DEC_4044,decoy,CC(=O)NCCn1nc2c3c(c(NCCN4CCOC4=O)ccc31)Sc1ccccc1-2,CHEMBL38725
DEC_2262,decoy,O=S(=O)(CS(=O)(=O)C(F)(F)C(F)(F)C(F)(F)C(F)(F)F)c1ccc(OC(F)(F)F)cc1,CHEMBL12254
DEC_4531,decoy,CCC(C)N1CC=Cc2c(nc(-c3ccccc3)c3ccccc23)C1=O,CHEMBL15630
DEC_3763,decoy,CCCCc1nc(Cl)c(CC(=O)OC)n1Cc1ccccc1NC(=O)c1ccccc1C(=O)O,CHEMBL284184
DEC_3635,decoy,Cc1ccc2c(c1)CC(=O)c1cc(CC(=O)O)ccc1O2,CHEMBL10833
DEC_3108,decoy,Cc1c2ccncc2c(C)c2c1[nH]c1c(O)cccc12,CHEMBL32223
DEC_3450,decoy,C=C(c1cc(Cl)ccc1OCc1ccc(Cl)cc1)n1ccnc1,CHEMBL416748
DEC_4456,decoy,CC(C)c1cccc(C(C)C)c1OS(=O)(=O)NC(=O)OC12CC3CC(CC(C3)C1)C2,CHEMBL22836
DEC_2672,decoy,FC(F)(F)c1cccc(N2CCN(C3CCN(c4ccc(-c5ncns5)nn4)CC3)CC2)c1,CHEMBL14555
DEC_4302,decoy,Fc1ccc(-c2nc(-c3ccc(N=C=S)cc3)no2)cc1,CHEMBL268552
DEC_2771,decoy,[O-][n+]1cncc(C(O)(c2ccc(Cl)cc2)c2ccc(Cl)cc2)c1,CHEMBL29867
DEC_4497,decoy,COc1cccc(-c2ccc3c(c2)C(C)(C)OC(S)=N3)c1,CHEMBL28255
DEC_1021,decoy,COc1ccc2c(c1)COP(=O)(OCC1C[C@H](F)C(n3cnc4c(N)ncnc43)O1)O2,CHEMBL44302
DEC_2196,decoy,O=C(Nc1cccc(CN2CCOCC2)c1)NC1C(=O)N(CC23C[C@H]4C[C@@H](C2)C[C@@H](C3)C4)c2ccccc2N(c2ccccc2)C1=O,CHEMBL332850
DEC_1329,decoy,CCc1ccc(SC)c(C(=O)c2ccc(Cl)cc2)c1,CHEMBL27892
DEC_1866,decoy,O=C1CC2(CCCC2)CC(=O)N1OCCCN1CCN(c2ncccn2)CC1,CHEMBL274306
DEC_2521,decoy,Cc1cc(-n2ccc(=O)[nH]c2=O)cc(C)c1Sc1ccc(Cl)cc1,CHEMBL276605
DEC_1903,decoy,C=C[C@@]1(C)CC(=O)[C@]2(O)C3(C)C(C(O)C(OC(=O)CN(C)C4CCCCC4)[C@@]2(C)O1)C(C)(C)CC[C@@H]3O,CHEMBL295957
DEC_2292,decoy,C=C1C[C@@]23O[C@]2(c2ccccc21)C1CC(OC(=O)[C@H](O)[C@@H](NC(=O)OCC)c2ccncc2)C3(C)C1(C)C,CHEMBL32795
DEC_1084,decoy,C=C(CCC12OC(C(=O)O)C(O)(C(=O)O)C(C(=O)O)(O1)[C@H](O/C(S)=N/C(C)C)[C@H]2O)[C@@H](OC(C)=O)[C@H](C)Cc1ccccc1,CHEMBL131651
DEC_1120,decoy,N=C(N)N1CCC(CCNC(=O)CNC(=O)OCc2ccc(COC(=O)NCC(=O)NCCC3CCN(C(=N)N)CC3)cc2)CC1,CHEMBL406192
DEC_0822,decoy,CCCN(CCC)[C@@H]1Cc2cccc3nc(S)n(c23)C1,CHEMBL281248
DEC_3759,decoy,Cn1cncc1C(OCc1ccc(C#N)nc1-c1ccc2c(c1)OC(F)(F)O2)c1ccc(C#N)cc1,CHEMBL41951
DEC_2913,decoy,NC(=O)c1cc2c(Sc3ccc(-c4ccccc4)cc3)cncc2s1,CHEMBL6534
DEC_1043,decoy,COc1cc2nc(N3CCC(N4C(=O)CC(C5CCCCC5)CC4=O)CC3)nc(N)c2cc1OC,CHEMBL17456
DEC_0910,decoy,N#Cc1ccc(OCCNc2ccnc3cc(Cl)ccc23)cc1,CHEMBL30438
DEC_0688,decoy,CSc1nnc([C@@H]2C[C@@H](S)CN2S(=O)(=O)c2ccc3ccccc3c2)n1-c1c(F)c(F)cc(F)c1F,CHEMBL49081
DEC_2450,decoy,CCCCc1nc2cnnc(O)c2n1Cc1ccc(-c2ccccc2-c2nn[nH]n2)cc1,CHEMBL7478
DEC_0983,decoy,Cc1cc(C)c(NN=C2CCC(C)n3c2ncc(C(=O)O)c3=O)cc1C,CHEMBL441764
DEC_1352,decoy,CCN(CC)CCS/C(=N\O)c1nc(C)no1,CHEMBL19557
DEC_2138,decoy,COc1cc2c(Nc3ccc(Cl)cc3F)ncnc2cc1OCC1CCNCC1,CHEMBL26456
DEC_1303,decoy,c1ccc(CNC2c3ccccc3Oc3ccccc32)cc1,CHEMBL278102
DEC_2084,decoy,Cc1cc2nc(/C=C/c3ccncc3)[nH]c2cc1C,CHEMBL289152
DEC_4490,decoy,CN[C@@H]1CC[C@@H](c2ccc(OC)cc2)c2ccccc21,CHEMBL39622
DEC_4085,decoy,N#CC(C(=O)O)C1C(=O)N(Cc2ccccc2)c2ccccc21,CHEMBL33400
DEC_1186,decoy,O=C(NC1(C(=O)NCCc2ccccc2)CC2(Cc3cccc4cccc(c34)C2)C1)OC1C2CC3CC(C2)CC1C3,CHEMBL292956
DEC_2850,decoy,Cc1cc(C)cc(C(=O)N2CC[C@H](NCc3ccnc4ccccc34)C[C@@H]2Cc2ccccc2)c1,CHEMBL43977
DEC_4614,decoy,OC(CNCCc1ccncc1)COc1ccc(-c2nc(-c3cccs3)c[nH]2)cc1,CHEMBL416151
DEC_4212,decoy,CO[C@]12C=CC3(CC14CCC[C@H]4O)C1Cc4ccc(O)c5c4C3(CCN1CC1CC1)[C@@H]2O5,CHEMBL281986
DEC_3681,decoy,O=C(CNC(c1ccccc1)(c1ccccc1)c1ccccc1)N1CCC(=C2c3ccc(Cl)cc3CCc3cccnc32)CC1,CHEMBL431622
DEC_3177,decoy,CN(C)/C=N/c1nc2ccnc(-c3cccc(C(F)(F)F)c3)n2n1,CHEMBL20607
DEC_0750,decoy,CCCc1cc(=O)oc2c3c(c4c(c12)OC(C)(C)C=C4)O[C@H](CC)[C@@H](C)C3=O,CHEMBL7633
DEC_2025,decoy,N#C/N=C1\N(CCCCCOc2ccc(Cl)cc2)C(=O)CN1c1ccncc1,CHEMBL280435
DEC_0466,decoy,CC(C)(C)c1cc(/C=C2\CCOC2=O)cc(C(C)(C)C)c1O,CHEMBL8562
DEC_0156,decoy,C/C=C/CC(O)[C@@H](C)[C@H](O)[C@H](C)[C@H]1OC(=O)/C(OC)=C/C(C)=C/[C@@H](C)[C@@H](O)[C@@H](C)C/C(C)=C/C=C/[C@@H]1OC,CHEMBL417597
DEC_3431,decoy,CC=C(c1ccccc1OCc1ccc(Cl)cc1Cl)n1ccnc1,CHEMBL26472
DEC_3480,decoy,C/C(=C\Cn1oc(=O)[nH]c1=O)c1cccc(OCc2ccc3c(Cl)cccc3c2)c1,CHEMBL7360
DEC_1581,decoy,CCN(CC#Cc1ccccc1N=[N+]=[N-])Cc1cccc(OCc2cc(-c3ccsc3)cs2)c1,CHEMBL15811
DEC_2448,decoy,CC1(C)N=C(N)N=C(N)N1c1cccc(COc2cccc(-c3ccccc3)c2)c1,CHEMBL20424
DEC_1592,decoy,CCC(=O)Oc1c(Oc2ccccc2)c(Oc2ccccc2)c(OC(=O)CC)c2cc(Cl)ccc12,CHEMBL35983
DEC_0521,decoy,CCCCCCCC/C=C\CCCCCCCC1=NN(c2ccc(F)cc2F)C(=O)C1,CHEMBL12463
DEC_1616,decoy,CCCn1c(=O)c2nc(-c3ccc(/C=C/C(=O)NN4C(=O)C(C)=C(C)C4=O)cc3)[nH]c2n(CCC)c1=O,CHEMBL17294
DEC_1185,decoy,CO[C@]12OO[C@](C)(CO[Si](c3ccccc3)(c3ccccc3)C(C)(C)C)C=C1C(=O)C(C)(C)C(=O)C2(C)C,CHEMBL417319
DEC_4178,decoy,NCCc1c[nH]c2ccc(-c3nc(C4CC4)no3)cc12,CHEMBL38482
DEC_2764,decoy,CN(C)c1cccc(-c2cc(O)c3cc4c(cc3n2)OCO4)c1,CHEMBL275872
DEC_0682,decoy,Cc1ccccc1S(=O)(=O)NC(=O)c1cccc(NC(=O)N[C@@H]2N=C(C3CCCCC3)c3ccccc3N(C)C2=O)c1,CHEMBL305649
DEC_3326,decoy,CCN(CC)C(=O)c1ccc(N(c2ccccc2)[C@H]2C[C@H]3CC[C@@H](C2)N3CC2CCCCC2)cc1,CHEMBL13301
DEC_2246,decoy,Cc1cc(-c2c(F)cc3c(=O)c(Cc4ccc[nH]4)cn(C4CC4)c3c2F)cc(C)n1,CHEMBL7368
DEC_0030,decoy,COc1cc(Nc2c(C#N)cnc3cc(OCC4CCN(C)CC4)c(OC)cc23)c(C)cc1C,CHEMBL41633
DEC_0893,decoy,O=C1[C@@H](NS(=O)(=O)c2ccc(-c3ccon3)s2)CCN1Cc1cc2cc[nH]cc-2n1,CHEMBL266984
DEC_0506,decoy,O=C1NCN(c2ccccc2)C12CCN([C@H]1CCc3c(Cl)ccc(Cl)c3C1)CC2,CHEMBL283910
DEC_3075,decoy,CC(C)c1cccc(OCc2cccc(N3C(N)=NC(N)=NC3(C)C)c2)c1,CHEMBL20227
DEC_2048,decoy,C(=C\COc1ccc(C2=NCCN2)cc1)\COc1ccc(C2=NCCN2)cc1,CHEMBL280098
DEC_0599,decoy,Cc1cc(C)c2c(c1)COP(=O)(OC[C@@H]1C=C[C@H](n3cnc4c(N)ncnc43)O1)O2,CHEMBL41402
DEC_1868,decoy,O=C1C2C(C(=O)N1CCCCN1CCN(c3ncccn3)CC1)[C@H]1CC[C@@H]2C1,CHEMBL283968
DEC_2483,decoy,CCc1cc(OCc2ccc(-c3ccccc3-c3nn[nH]n3)cc2)c2c(n1)CCC2,CHEMBL283110
DEC_3200,decoy,CC(C)(C)Nc1ncnc2c1ncn2Cc1ccccc1F,CHEMBL267639
DEC_0833,decoy,C=C(c1ccccc1OCc1ccsc1Cl)n1ccnc1,CHEMBL26190
DEC_2266,decoy,O=C1CC2(CCCc3ccccc32)C(=O)N1CCCCN1CCN(N2Cc3ccccc3S2)CC1,CHEMBL35539
DEC_2270,decoy,COc1ccc(C(C#N)(CCCN(C)CC2=c3ccccc3=CC3C=CC=CC23)C(C)C)cc1OC.Cl,CHEMBL295146
DEC_0988,decoy,Nc1c(Cl)cc2c3c(cccc13)C(=O)N([C@H]1CN3CCC1CC3)C2=O,CHEMBL283483
DEC_1844,decoy,CSc1sc(-c2ccncc2)c2c1C(=O)CC(C)(C)C2,CHEMBL276508
DEC_2792,decoy,COc1ccc(NC2=C(Cl)C(=O)c3cccnc3C2=O)cc1,CHEMBL11397
DEC_1161,decoy,Nc1nc(N)c2cc(Sc3cccc(C(F)(F)F)c3)ccc2n1,CHEMBL268089
DEC_2291,decoy,O=C(O)CCC/C=C/C[C@H]1[C@H](NS(=O)(=O)c2ccc(F)cc2)C2CC1(c1cccc(F)c1)CO2,CHEMBL275778
DEC_2467,decoy,CN(C)CCCn1cc(C2=C(c3c[nH]c4ccccc34)C(=O)NC2=O)c2ccccc21,CHEMBL7463
DEC_0349,decoy,COC(C)(C)CCCC(C)C/C=C/C(C)=C/C(=O)O,CHEMBL289635
DEC_1257,decoy,Cc1cc(C)cc(COCC2(c3ccccc3)CCNCC2)c1,CHEMBL277918
DEC_1409,decoy,CC(C)N(CC#CCCCC1(C2(O)c3ccccc3Oc3ccccc32)SCCCS1)C(C)C,CHEMBL41270
ACT_069,active,CCOc1cccc2cc(-c3cn4cc(C)ccc4n3)c(=O)oc12,CHEMBL1372307
DEC_1846,decoy,C#CCCCC(=O)c1cc2c(c(C(C)(C)C)c1)OCCC2,CHEMBL15216
DEC_1128,decoy,CCC(CC)NC(=O)NC1CCCN([C@@H](CC(=O)N2CCCC2)C(=O)N[C@@H](CC(=O)O)C(=O)N[C@@H](CC(C)C)C(=O)O)C1=O,CHEMBL305482
DEC_3994,decoy,O=P(O)(O)CN[C@@H](Cc1ccc(-c2ccccc2)cc1)c1nc[nH]n1,CHEMBL274342
DEC_4708,decoy,COCC12NC(Cc3ccccc31)c1ccccc12,CHEMBL10705
DEC_2081,decoy,CCCn1c(=O)[nH]c(=O)c2[nH]c(C3CCCCC3)nc21,CHEMBL21449
DEC_1988,decoy,CN(C)CC(c1cccc(Cl)c1)c1nnc2n1-c1ccc(Cl)cc1C(c1ccccc1)=NC2,CHEMBL17026
DEC_1978,decoy,Brc1ccc2[nH]cc([C@H]3Nc4c(I)cccc4[C@H]4OCC[C@@H]34)c2c1,CHEMBL279071
DEC_1278,decoy,O=S1(=O)CCC(NC2c3ccccc3Oc3ccccc32)C1,CHEMBL20538
DEC_3768,decoy,O=S(=O)(c1ccccc1)N1Cc2ccccc2N(Cc2c[nH]cn2)C(CCc2ccccc2)C1,CHEMBL269778
DEC_3562,decoy,CCN(CC)CCNc1ccc2ncn3c4cc(OC)c(OC)c(O)c4c(=O)c1c23,CHEMBL8602
DEC_1510,decoy,CCCCn1c(=O)c2c(ncn2S(=O)(=O)c2ccc(C(C)(C)C)cc2)n(CCCC)c1=O,CHEMBL20427
DEC_0566,decoy,CC(C)c1cc(C(C)(C)C)cc(C(C)C)c1OC(=O)NS(=O)(=O)Oc1c(C(C)C)cccc1C(C)C,CHEMBL22470
DEC_4339,decoy,COc1c(C(=O)NC2CC3CCCC(C2)N3C2CCCCC2)cc(Br)c2ccccc12,CHEMBL423122
DEC_2636,decoy,NCCC12NC(Cc3ccccc31)c1ccccc12,CHEMBL10710
DEC_3835,decoy,Cn1ccc2cc(C(=O)N3CCC(N4C(=O)OCc5ccccc54)CC3)ccc21,CHEMBL287293
DEC_2674,decoy,C=CC(=O)Nc1nc2c(Nc3ccc(F)c(Cl)c3)ncnc2cc1/C=C/CCN1CCOCC1,CHEMBL417478
DEC_3913,decoy,CN(CCCNc1nc2cc(Cl)c(Cl)cc2[nH]1)CCCNc1nc2cc(Cl)c(Cl)cc2[nH]1,CHEMBL295029
DEC_3557,decoy,Cc1cccc(C#N)c1-c1cccc2c1-c1cccc3c1[C@@H](C2)N(C)CC3,CHEMBL28056
DEC_2028,decoy,C=C(c1cccc(OC)c1OCC(O)CNC(C)(C)C)n1cnc2ccccc21,CHEMBL276758
DEC_1841,decoy,CC(Cc1ccccn1)NC1c2ccccc2Oc2ccccc21,CHEMBL21170
DEC_4598,decoy,CN1CCN([C@H]2CC[C@@H](n3cc(-c4ccc(Oc5ccccc5)cc4)c4c(N)ncnc43)CC2)CC1,CHEMBL47203
DEC_4439,decoy,CCN(CC)C(=O)Nc1sc2c(c1C(=O)c1ccccc1Cl)CCN(C(C)=O)C2,CHEMBL40296
DEC_4566,decoy,O=C(Cn1c2c(c(=O)n3nc(-c4ccccc4)cc13)CN(C1CC3CCC1C3)C2=O)c1ccccc1,CHEMBL48284
DEC_2383,decoy,Clc1ccc(C2COC(Cn3ccnc3)(c3ccccc3)O2)c(Cl)c1,CHEMBL281258
DEC_3859,decoy,CN(C)c1ccc(-c2nnc3c4ccccc4c(N4CCCC4)nn23)cc1,CHEMBL14237
DEC_1949,decoy,CN/C(S)=N/S(=O)(=O)c1cc2c(cc1OC)OCCC2CNC(=O)c1cc(Cl)ccc1OC,CHEMBL12250
DEC_1545,decoy,CC(C)(C)C#C/C=C/CNCc1ccc(O)nc1,CHEMBL35416
DEC_1986,decoy,CC(=O)Nc1ccc(Cc2cn(C3CC3)c3c(F)c(-c4cc(C)nc(C)c4)c(F)cc3c2=O)cc1,CHEMBL7991
DEC_3554,decoy,CCC(=O)N(c1ccc(Cl)c(Cl)c1)C1CCCCCC1N(C)C,CHEMBL20494
DEC_3661,decoy,CC(C)(CC(=O)O)CC(=O)O[C@H]1CC[C@]2(C)[C@H]3CC[C@@H]4[C@@H]5CC(C)(C)CC[C@]5(C(=O)O)CC[C@@]4(C)[C@]3(C)CC[C@H]2C1(C)C,CHEMBL106042
DEC_1398,decoy,c1ccc(COCCCOc2ccc([C@H]3CCNC[C@@H]3OCc3ccc4cccnc4c3)cc2)cc1,CHEMBL265984
DEC_4084,decoy,C[C@H](N)Cc1c2c(c(C(F)(F)F)c3c1OCC3)OCC2.Cl,CHEMBL268542
DEC_3441,decoy,CCCCOc1nc(C(Cl)(Cl)Cl)c(Cl)c(OC)c1Cl,CHEMBL274164
DEC_1429,decoy,CCC/C(CC1CCc2c(cccc2OCC(=O)O)C1)=N\OC(c1ccccc1)c1ccccc1,CHEMBL268477
DEC_1514,decoy,CCCCc1ncc(C(=O)O)n1Cc1cccc2c1ccn2-c1ccccc1-c1nn[nH]n1,CHEMBL433230
DEC_2427,decoy,C[C@H]1[C@@H](OCc2ccc(C(=O)O)cc2)O[C@@H]2O[C@@]3(C)CC[C@H]4[C@H](C)CC[C@@H]1[C@@]24OO3,CHEMBL277015
DEC_0428,decoy,CC(/C=C/C(O)=C1\C(=O)CN(C)C1=O)=C\C(C)C1CCCCC1,CHEMBL10882
DEC_0387,decoy,C[C@@H](Sc1nc(N)cc(Cl)n1)c1cc2ccoc2cn1,CHEMBL26752
DEC_3385,decoy,C[C@@]1(c2ccc(Oc3ccccc3)cc2)OC(=O)N(Nc2ccccc2)C1=O,CHEMBL10118
DEC_4568,decoy,N#CC1=C(c2cccc3ccccc23)CN(C(=O)Cc2cncn2Cc2ccc(C#N)cc2)CC1,CHEMBL30059
DEC_1745,decoy,CC[C@@H](NC(=O)c1c(OCC(=O)N(C)C)c(-c2ccccc2)nc2ccccc12)c1ccccc1,CHEMBL274629
DEC_1966,decoy,FC(F)C(F)(F)Sc1nc(-c2ccc(Cl)cc2)c(-c2ccc(C(F)(F)F)cc2)[nH]1,CHEMBL18465
DEC_4326,decoy,CC(C)Sc1ccc(CC2CCN(C3CCN(C(=O)c4ccccc4F)CC3)CC2)cc1,CHEMBL12291
DEC_3933,decoy,O=C(N/N=C/c1ccc(-c2cccs2)cc1)NC(Cc1c[nH]c2ccccc12)C(=O)NCCc1ccccc1,CHEMBL58097
DEC_3898,decoy,Cc1ccccc1Sc1cncc2sc(C(N)=O)cc12,CHEMBL6278
DEC_4378,decoy,CCN1C(=O)c2c(nc(C#N)n2Cc2ccc(OC)cc2)N2C1=N[C@@H]1CCC[C@@H]12,CHEMBL281772
DEC_1385,decoy,C=C1/C(=C\C=C\[C@@H]2CC[C@](C)(CCCCC(O)(C(F)(F)F)C(F)(F)F)C2(C)C)C[C@@H](O)C[C@@H]1O,CHEMBL43684
DEC_0698,decoy,Cc1cc(C)cc(C(=O)N2CCN(C(=O)CNC3CCN(Cc4cc[nH]c4)CC3)[C@H](c3ccc(Cl)c(Cl)c3)C2)c1,CHEMBL106877
DEC_2202,decoy,N=C(N)c1ccc(/N=N/c2c(O)ccc3cc4c(/N=N/c5ccc(C(=N)N)cc5)c(O)ccc4cc23)cc1,CHEMBL27421
DEC_2236,decoy,O=C1NCc2c1c1c3ccccc3n3c1c1c2c2ccccc2n1CS(=O)(=O)C3,CHEMBL281448
DEC_0110,decoy,CNCCSC1Cc2ccccc2Sc2ccc(Cl)cc21,CHEMBL279203
DEC_3346,decoy,CCCCc1nc2c(n1Cc1ccc(-c3ccccc3-c3nn[nH]n3)cc1)CCC(C(C)C)CC2,CHEMBL38730
DEC_3413,decoy,CCc1nc2c(-c3ccc(Cl)cc3Cl)nccc2n1C(CC)C1CC1,CHEMBL25762
DEC_2386,decoy,CC/N=C(\N)c1ccc(-c2ccc(-c3ccc(/C(N)=N/CC)cc3)o2)cc1,CHEMBL279660
DEC_1552,decoy,CC(O)c1ccc2[nH]cc(C3=CCN(C)CC3)c2c1,CHEMBL280779
DEC_3453,decoy,CC1(C)OC(S)=Nc2ccc(-c3cc(F)cc(Br)c3)cc21,CHEMBL280956
DEC_3448,decoy,FC(F)(F)c1cc([C@@H]2CN3CCC[C@H]3c3ccccc32)cc(C(F)(F)F)c1,CHEMBL284490
DEC_0449,decoy,OC(c1ccccc1)(c1ccc(Cl)cc1)c1cncnc1,CHEMBL281217
DEC_1666,decoy,CC(=O)N1CCC[C@@H]1Cn1ccc2cc(C(=O)N3CCC(N4C(=O)OCc5ccccc54)CC3)ccc21,CHEMBL286476
DEC_0341,decoy,CCCOc1c(OC)cc(NC(C)CCCN)c2ncccc12,CHEMBL278207
DEC_3536,decoy,O=C(NCC=C(c1ccccc1)c1ccccc1)c1cccc2ccccc12,CHEMBL9379
DEC_4554,decoy,CCOc1ccc2c(c1)c(CCNC(=O)C1CC1)c1n2CCCc2ccccc2-1,CHEMBL9935
DEC_4620,decoy,CCCn1c(=O)c2nc(/C=C/c3ccc(OC)c(OC)c3OC)[nH]c2n(CCC)c1=O,CHEMBL27140
DEC_3855,decoy,CCN(CC)c1nc(C)nc2c1sc(=O)n2-c1c(C)cc(C)cc1C,CHEMBL17897
DEC_2348,decoy,COc1cc2nc(N3CCN(/C(S)=N/C4CCCCC4)CC3)nc(N)c2cc1OC,CHEMBL6208
DEC_1928,decoy,CC(C)(CN)C(=O)N[C@@H]1CCc2ccccc2N(Cc2ccc(-c3ccccc3-c3nn[nH]n3)cc2)C1=O,CHEMBL416712
DEC_1053,decoy,CC1=CC2[C@H](C(O)CC3(C)[C@H]2C[C@@H](C)[C@]3(O)C(=O)CO)C2(C)Cc3cnn(-c4ccccc4)c3C=C12,CHEMBL279092
DEC_4359,decoy,CC1CCC(NC(=O)c2nc(-c3ccc(Cl)cc3Cl)n(-c3ccc(Cl)cc3)n2)CC1,CHEMBL15772
DEC_0100,decoy,CCCc1cc(=O)oc2c3c(c4c(c12)OC(C)(C)C=C4)O[C@H](C)[C@@H](C)[C@@H]3O,CHEMBL267447
DEC_2730,decoy,Cc1noc(NS(=O)(=O)c2cccc3c(N(C)C)cccc23)c1C,CHEMBL267458
DEC_2290,decoy,Cn1cncc1C(OCc1nc(N2CCC(O)CC2)c(C#N)cc1-c1cccc(Cl)c1)c1ccc(C#N)cc1,CHEMBL38941
DEC_4666,decoy,C=C1C=C2c3cccc4[nH]cc(c34)C[C@H]2N(C)C1,CHEMBL39604
DEC_3584,decoy,CCOC(=O)N[C@H]1CCc2cc(OC)c(OC)c(OC)c2-c2ccc(OC)c(=O)cc21,CHEMBL29086
DEC_2746,decoy,CC[C@]1(c2cccc(N=C=S)c2)OC[C@H]([C@@H]2CCCCN2)O1,CHEMBL282383
DEC_3256,decoy,OC[C@@]12C[C@@H]1[C@@H](n1cnc3c(NC4CCCC4)nc(Cl)nc31)C[C@@H]2O,CHEMBL27593
DEC_1511,decoy,CCCCc1nn(CC)c(C(=O)O)c1Cc1ccc(-c2ccccc2-c2nn[nH]n2)cc1,CHEMBL431887
DEC_0269,decoy,CCCc1c(SC)nc2nc(C(=O)c3ccccc3)cn2c1CC,CHEMBL20082
DEC_4593,decoy,CC(C)OC(=O)[C@@H]1C2CC[C@H](C[C@@H]1c1ccc(I)cc1)N2CCCF,CHEMBL38666
DEC_2651,decoy,CNCC1NCC(c2ccccc2)c2ccccc21,CHEMBL6649
DEC_3098,decoy,Oc1ccc(-c2ccc(-c3c(Cc4ccccc4)sc4ccccc34)cc2)cc1,CHEMBL24095
DEC_1943,decoy,CC(C)(N)CC(=O)NC1Sc2ccccc2N(Cc2ccc(-c3ccccc3-c3nn[nH]n3)cc2)C1=O,CHEMBL281585
DEC_1813,decoy,CN1Cc2sccc2C(c2ccc(Cl)cc2Cl)C1,CHEMBL15804
DEC_2009,decoy,CC(C)=CC[C@@H](OC(=O)C=C(C)C)C1=CC(=O)c2c(O)ccc(O)c2C1=O,CHEMBL267024
DEC_1941,decoy,N=C(N)c1cccc(Oc2ccc(N)cc2C(=O)Nc2ccc(-c3ccccc3S(N)(=O)=O)cc2)c1,CHEMBL45302
DEC_0553,decoy,CC(C)(C)c1ccc(/C=C2\CS(=O)(=O)CC3C2=NN(CCc2ccccc2)C3c2ccc(C(C)(C)C)cc2)cc1,CHEMBL35624
DEC_4546,decoy,CON(C)C(=O)c1cc2c(Sc3ccc(C)cc3)cncc2s1,CHEMBL6517
DEC_3515,decoy,c1ccc(CN2CCN3CC(c4ccccc4)c4ccccc4C3C2)cc1,CHEMBL6574
DEC_2267,decoy,COC(=O)C[C@@H](c1ccc(OC)nc1)N(C)C(=O)CCCCc1nc2c(cc1Br)CCCN2,CHEMBL275555
DEC_4122,decoy,COc1ccc2c3c(c(=O)n(C)c2c1OC)C=CC(C)(C)O3,CHEMBL21801
DEC_0555,decoy,O=C(O)[C@H](Cc1ccccc1)N(Cc1ccc(-c2cc3ccccc3o2)s1)C(=O)c1ccc(Cl)cc1Cl,CHEMBL278785
DEC_3989,decoy,N#CN/C(N)=N\c1cccc(/C(=C\CCCC(=O)O)c2cccnc2)c1,CHEMBL428709
DEC_1613,decoy,CC(C)CNS(=O)(=O)c1ccc2c(c1)/C(=C/c1[nH]c3c(c1CCCN(C)C)CCCC3)C(=O)N2,CHEMBL299724
DEC_3892,decoy,O=C(c1ccccc1)c1c[nH]c2nncc-2c1Oc1ccccc1,CHEMBL278709
DEC_1474,decoy,CCN1CCCCCC1c1ccc(-c2cc(S(=O)(=O)CC)ccc2OC)[nH]1,CHEMBL280177
DEC_1089,decoy,C[C@H](N[C@@H](CCc1ccccc1)C(=O)O)C(=O)N(CCCC1Nc2cc(Cl)c(S(N)(=O)=O)cc2S(=O)(=O)N1)CC(=O)O,CHEMBL290475
DEC_3356,decoy,OC(CN(Cc1cccc(-c2ccccn2)c1)c1cccc(Oc2ccccc2)c1)C(F)(F)F,CHEMBL44240
DEC_0297,decoy,c1ccc(CCCN2CCN(CCCCCN(Cc3ccccc3)c3ccccc3)CC2)cc1,CHEMBL290536
DEC_0478,decoy,Brc1cccc(Br)c1N(C1=NCCN1)C1CCCCC1,CHEMBL20910
DEC_0916,decoy,O=C1Nc2ccc(Cl)cc2C(OCc2cccnc2)(C(F)(F)F)O1,CHEMBL17297
DEC_1742,decoy,O=C(O)COc1cccc2c1CCC(CC1C=NC(C(c3ccccc3)c3ccccc3)=N1)C2,CHEMBL11010
DEC_3166,decoy,CN(C)CCC(c1ccc(Cl)cc1)c1ccc(Cl)cn1,CHEMBL279907
DEC_0402,decoy,C/N=C(/S)C1(c2cccnc2)CCCC/C1=C\C#N,CHEMBL41094
DEC_1811,decoy,CC1(C)OC(S)=Nc2ccc(-c3ccccc3Cl)cc21,CHEMBL24672
DEC_2736,decoy,O=S(=O)(OCCF)c1cc(Cl)c(Cl)cc1Cl,CHEMBL16949
DEC_4255,decoy,O=C1c2ccccc2C(=O)N1OCCCN1CCN(c2nsc3ccccc23)CC1,CHEMBL10546
DEC_0335,decoy,CCCCCCCCC/C=C(\NC(=O)C1CC1(C)C)C(=O)O,CHEMBL273511
DEC_2576,decoy,CN(C)CCc1c[nH]c2cc3c(cc12)CCCO3,CHEMBL27156
DEC_2010,decoy,CCOc1ccc(Nc2nc(C#CC(C)(O)CC)nc3c2ncn3C(C)C)cc1,CHEMBL280623
DEC_3382,decoy,Oc1nc(-c2ccc(-c3nc(-c4ccc(F)cc4)c(-c4ccncc4)[nH]3)cc2)no1,CHEMBL280457
DEC_4002,decoy,CC1(C)CC(C(=O)NCCCNCc2cccs2)C(C)(C)N1,CHEMBL275813
DEC_3237,decoy,CCn1cc(C(=O)O)c(=O)c2cc(F)c(N3CCC(C(N)=O)CC3)cc21,CHEMBL283829
DEC_1315,decoy,Clc1ccc(C2CCc3cc(Cl)ccc3O2)cc1,CHEMBL29441
DEC_4686,decoy,C[C@@H]1C=C2c3cccc4[nH]cc(c34)C[C@H]2N(C)C1,CHEMBL291097
DEC_3341,decoy,CN1CCCC1CCNc1nc(Nc2ccc(Cl)c(Cl)c2)nc2ccc(Cl)cc12,CHEMBL32061
DEC_2735,decoy,CN(C)c1ncnc2c1ncn2C(c1ccccc1)c1ccccc1,CHEMBL268102
DEC_2385,decoy,CN1CCN(CCCN2c3ccccc3Sc3ccc(Cl)cc32)CC1,CHEMBL728
DEC_1294,decoy,c1ccc2sc(C3(N4CCCC4)CCCCC3)cc2c1,CHEMBL18618
DEC_0736,decoy,Nc1ncnc2ccc(Sc3ccc4ccccc4c3)cc12,CHEMBL6933
DEC_1803,decoy,CCCCN1CCN2CC(c3ccccc3)c3ccccc3C2C1,CHEMBL6482
DEC_3711,decoy,CCSc1ccc2c(cc1=O)C(NC(=O)OC)CCc1cc(OC)c(OC)c(OC)c1-2,CHEMBL35704
DEC_1603,decoy,CCNC(=O)N(CCCN(C)C)C(=O)[C@@H]1C[C@@H]2c3ccc(C(C)(C)C)c4[nH]cc(c34)C[C@H]2N(C)C1,CHEMBL13805
DEC_1701,decoy,Clc1ccc(CC2COC(Cn3ccnc3)(c3ccc(Cl)cc3Cl)O2)cc1,CHEMBL29131
DEC_3567,decoy,CCOC(=O)Nc1cc2c(c(N)n1)N=C(CN(C)c1ccc(OC)cc1)CN2,CHEMBL9411
DEC_4053,decoy,CC#CCOc1ccc(S(=O)(=O)N(C)c2c(C(=O)NO)cnc3snc(C)c23)cc1,CHEMBL417144
DEC_0199,decoy,COc1cccc2c1CC[C@H]1CN(CCn3c(=O)[nH]c4c(sc5nc(-c6ccccc6)cnc54)c3=O)C[C@@H]21,CHEMBL296711
DEC_3238,decoy,CCn1cc(C(=O)O)c(=O)c2cc(F)c(N3CCC(CN)C3)c(F)c21,CHEMBL15523
DEC_1119,decoy,CC1CNc2c(cccc2S(=O)(=O)NC(CCCN=C(N)N)C(=O)N2CCC(CCNC(=O)CCP(=O)(O)O)CC2)C1,CHEMBL262213
DEC_2616,decoy,CC(=O)c1ccc2ccccc2c1OP(=O)(O)O,CHEMBL285775
DEC_0904,decoy,CCCCc1nc(N2CCc3ccccc3C2)c2sccc2n1,CHEMBL31743
DEC_1879,decoy,COC(=O)OC1CCn2c3c(c(COC(N)=O)c21)C(=O)C(OC)=C(C)C3=O,CHEMBL18199
DEC_3418,decoy,C=C(c1cc(Cl)cc(Cl)c1OCc1ccsc1Cl)n1ccnc1,CHEMBL282861
DEC_1087,decoy,CC[C@H](C)C[C@H](C)CCC(=O)O[C@@H]1[C@@H](O)[C@@]2(CCC(O)[C@H](O)[C@@H](C)Cc3ccccc3)O[C@H](C(=O)O)[C@@](O)(C(=O)O)[C@]1(C(=O)O)O2,CHEMBL85366
DEC_2641,decoy,CCC(C)C1(c2ccc(N)cc2)CCC(=O)NC1=O,CHEMBL28668
DEC_1940,decoy,CN1CCN(Cc2cc(Nc3cc(C(F)(F)F)nc(/N=C(\N)Nc4ccccc4)n3)ccc2O)CC1,CHEMBL281574
DEC_0025,decoy,CC[C@](OC)(c1cc(F)cc(OCc2ccc3c(ccc(=O)n3C)c2)c1)c1nccs1,CHEMBL442334
DEC_3245,decoy,CCCN1CCN(c2cc3c(cc2F)c(=O)c(C(=O)O)cn3NC)CC1,CHEMBL273901
DEC_2727,decoy,Cc1noc(NS(=O)(=O)c2cccc3cc(N(C)C)ccc23)c1C,CHEMBL27073
DEC_2244,decoy,COc1cc2c(cc1OC)C(C)=[N+]([O-])C(c1c(F)c(F)c(F)c(F)c1F)N2,CHEMBL30129
DEC_0764,decoy,CCCc1cc(=O)oc2c3c(c4c(c12)OC(C)(C)C=C4)O[C@H](CC)[C@@H](C)[C@@H]3O,CHEMBL7840
DEC_0985,decoy,CNC(=O)OC1CCn2c3c(c(CCl)c21)C(=O)C(OC)=C(C)C3=O,CHEMBL17982
DEC_2263,decoy,CN(CCCn1ccc2cc(C(=O)N3CCC(N4C(=O)OCc5ccccc54)CC3)ccc21)S(C)(=O)=O,CHEMBL285012
DEC_3097,decoy,CCCCc1c(-c2ccccc2)nc2ccccc2c1C(=O)NC(CC)c1ccccc1,CHEMBL415968
DEC_3953,decoy,CCCc1c(OCCCCCCc2cc3c(cc2C(C)=O)CCC(C(=O)O)O3)ccc(C(C)=O)c1O,CHEMBL294241
DEC_0017,decoy,Cn1cncc1C(OCc1ccc(C#N)cc1)c1ccc(C#N)c(-c2cccc3ccccc23)c1,CHEMBL41748
DEC_2956,decoy,CCN(CC)C(=O)[C@@H]1C=C2c3cccc4[nH]cc(c34)C[C@H]2NC1,CHEMBL21343
DEC_4389,decoy,CCS(=O)(=O)c1ccc(OC)c(-c2ccc(CN3CCOCC3)[nH]2)c1,CHEMBL20407
DEC_1283,decoy,C[C@@]12C=Cc3occc3C1CC[C@]13CCC(CCC12)C3,CHEMBL281901
DEC_2598,decoy,COc1cc(SC)c(OC)cc1CC(C)N,CHEMBL447830
DEC_3267,decoy,O=P(O)(O)C(Cc1ccc2c(c1)OCO2)N[C@H](Cc1ccc(-c2ccccc2)cc1)c1nnn[nH]1,CHEMBL273489
DEC_4065,decoy,N#Cc1ccc(Nc2c(NC3CC4CCC3C4)c(=O)c2=O)cc1,CHEMBL19077
DEC_2849,decoy,Cc1cc(C)cc(C(=O)N2CC[C@H](NCc3ccnc4ccccc34)C[C@H]2Cc2ccccc2)c1,CHEMBL290364
DEC_2279,decoy,CCOC(=O)CC1CCN(C(=O)C(C)(C)C(CC)NC(=O)c2ccc(C(=N)N3CCSC3)cc2F)CC1,CHEMBL430796
DEC_2325,decoy,C[C@@H](O)[C@H]1C(=O)N2C(C(=O)O)=C(S[C@@H]3CN[C@H](CCc4ccccc4)C3)[C@H](C)[C@H]12,CHEMBL14160
DEC_0591,decoy,O[C@H]1c2ccc(OCc3ccccc3-c3ccccc3)cc2CC[C@H]1CCN1CCC(c2ccccc2)CC1,CHEMBL7522
DEC_1959,decoy,N#CN/C(=N\C(Cn1ccnc1)c1ccc(Cl)cc1Cl)Nc1cccc(Cl)c1Cl,CHEMBL269307
DEC_3292,decoy,Cc1noc(NS(=O)(=O)c2ccsc2C(=O)Nc2cc3c(cc2CCCO)OCO3)c1Cl,CHEMBL47620
DEC_3641,decoy,C/C(=N\N=C(/S)N1CCCCCCCC1)c1ccccn1,CHEMBL30788
DEC_2417,decoy,CC(C)(C)c1cccc(OCc2cccc(N3C(N)=NC(N)=NC3(C)C)c2)c1,CHEMBL33558
DEC_2981,decoy,CCN1CCN(c2cc3c(cc2F)c(=O)c(C(=O)O)cn3C2CC2)CC1,CHEMBL15511
DEC_3924,decoy,CCCCN(C)C(=O)[C@H](CC1CCCCC1)NC(=O)[C@H](CC(C)C)NC(=O)Cc1cc(F)cc(F)c1,CHEMBL417588
DEC_0413,decoy,COc1cc2[nH]c3c(c2cc1-c1cnco1)CCCC(=O)C3,CHEMBL277187
DEC_2621,decoy,CC1CCc2cc(CC(=O)O)cc(Cl)c2N1,CHEMBL284504
DEC_3774,decoy,COC(=O)C[C@@H](c1ccc(OC)nc1)N(C)C(=O)CCCCc1nc2c(cc1C#N)CCCN2,CHEMBL266102
DEC_0705,decoy,Nc1ccc(OC23CC4C5CC6CC4C(C2)C(C6)C5C3)cc1,CHEMBL12665
DEC_3329,decoy,CC(C)c1cccc(C(C)C)c1OS(=O)(=O)NC(=O)OC1[C@@H](C(C)C)CCC[C@H]1C(C)C,CHEMBL22523
DEC_2883,decoy,OC(COc1cccc2ccccc12)CN1CCC(Sc2ccccc2)CC1,CHEMBL29087
DEC_2910,decoy,COc1cc2ncc(C#N)c(Nc3cccc(Oc4ccccc4)c3)c2cc1OC,CHEMBL30763
DEC_3854,decoy,CCOc1nc(C(Cl)(Cl)Cl)c(Cl)c(OC(C)=O)c1Cl,CHEMBL428886
DEC_1318,decoy,C[C@@]12CCc3occc3C1CC[C@]13CCC(CCC12)C3,CHEMBL281902
DEC_0824,decoy,C=C(c1ccccc1OCc1ccccc1Cl)n1ccnc1,CHEMBL25855
DEC_1222,decoy,CCOC(=O)N[C@@H](c1ccc(C)cc1)[C@@H](O)C(=O)OC1CC2C(C)(C)C1(C)[C@@]13C[C@H](C)c4ccccc4[C@@]21O3,CHEMBL286832
DEC_3263,decoy,Cc1noc(NS(=O)(=O)c2ccccc2-c2ccc(-c3ncco3)cc2CNc2ccncn2)c1C,CHEMBL29464
DEC_0575,decoy,Fc1ccc(Cn2c(NC3CCN(CCC=C4c5ccccc5CCc5ccccc54)CC3)nc3ccccc32)cc1,CHEMBL300820
DEC_3893,decoy,CNCCSC1=Cc2ccccc2Sc2ccc(O)cc21,CHEMBL15668
DEC_4149,decoy,CCCN(CCC)C1Cc2cccc3c2N(C1)C(=O)OC3,CHEMBL12562
DEC_2023,decoy,CC/C=C/C(=O)O[C@H](CC=C(C)C)C1=CC(=O)c2c(O)ccc(O)c2C1=O,CHEMBL267275
DEC_0409,decoy,CC(C)(C)c1nc2c3ccc(F)cc3c3c(=O)[nH]ccc3c2[nH]1,CHEMBL21156
DEC_4315,decoy,CCCCN(CC)c1nc(C)nc2c1sc(=S)n2-c1ccc(C(C)C)cc1Br,CHEMBL18230
DEC_2820,decoy,CC1(C)CN2C(=O)c3[nH]cnc3N(Cc3ccc(Cl)cc3)C2=N1,CHEMBL18531
DEC_4033,decoy,C[C@@H](O)[C@H]1C(=O)N2C(C(=O)O)=C(S[C@@H]3CN[C@H](Cc4ccccc4)C3)[C@H](C)[C@H]12,CHEMBL276034
DEC_2893,decoy,N#CCCn1nc(-c2ccc(OCc3ccc(Cl)cc3)cc2)oc1=S,CHEMBL16642
DEC_0646,decoy,COc1cc2c(cc1OC)-c1cc(N(C)c3c(C)cc(C)cc3C)nc(=O)n1CC2,CHEMBL34705
DEC_2308,decoy,Cc1cn(C2C=CC(COP3(=O)OCc4cc(Cl)ccc4O3)O2)c(=O)[nH]c1=O,CHEMBL266136
DEC_4285,decoy,CCC(=O)N(c1cccc(C)c1)C1CCCCC1N(C)C,CHEMBL416919
DEC_0426,decoy,Cc1cc(C(c2ccc(C)c(C)c2)N2CCN(C)CC2)sn1,CHEMBL22942
DEC_1312,decoy,C(=C/C1CCCN(Cc2ccccc2)C1)\c1ccccc1,CHEMBL39855
DEC_2020,decoy,CCCCCC(=O)O[C@H](CC=C(C)C)C1=CC(=O)c2c(O)ccc(O)c2C1=O,CHEMBL265619
DEC_1809,decoy,CC(C)(C)c1ccc(C2=Cc3ccccc3C3=NCCCN23)cc1,CHEMBL10035
DEC_1744,decoy,CCN(CC)CC#CCCC1(C(O)(c2ccccc2)c2ccccc2)SCCCS1,CHEMBL290224
DEC_2564,decoy,O=P1(N(CCCl)CCCl)NC(O)CCO1,CHEMBL731
DEC_1199,decoy,CCCc1nc(-n2cccc2C(=O)C(F)(F)F)c(C(=O)O)n1Cc1ccc(-c2ccccc2-c2nn[nH]n2)cc1,CHEMBL307844
DEC_0414,decoy,N#Cc1ccc(NC2=C(Cl)C(=O)c3ccncc3C2=O)cc1,CHEMBL11221
DEC_3566,decoy,c1ccc2nc(COc3ccc(-c4nnn(CCCCc5nnn[nH]5)n4)cc3)ccc2c1,CHEMBL19154
DEC_3545,decoy,CCC(=O)OC1=C(c2ccccc2)Sc2ccc(Cl)cc2-n2cccc21,CHEMBL33619
DEC_1578,decoy,O=C1CCC(c2ccc(-n3ccnc3S)cc2)=NN1,CHEMBL30308
DEC_4675,decoy,C[C@@H]1C=C2c3cccc4c3[C@@H](CN4)C[C@H]2N(C)C1,CHEMBL37867
DEC_2054,decoy,CC(C)(C)c1ccc(CC2=NOS(=O)N2)cc1,CHEMBL17579
DEC_4684,decoy,C/N=C(/S)C1(c2cccnc2)CCCCC1=O,CHEMBL288807
DEC_2587,decoy,CS1(=O)=Nc2nc(C(=O)O)cn2-c2ccccc21,CHEMBL13520
DEC_4350,decoy,CC(=O)n1ccc2ccc(N(C(=O)/C=C/c3ccccc3)C3CCN(Cc4ccccc4)CC3)cc21,CHEMBL21737
DEC_2916,decoy,COc1cc2ncc(C#N)c(Nc3ccc(-c4ccccc4)cc3)c2cc1OC,CHEMBL285956
DEC_0254,decoy,CN(C)CCSC1=Cc2ccccc2Sc2ccc(F)cc21,CHEMBL15607
DEC_3528,decoy,Clc1cc(Cl)cc(-c2nc[nH]c2-c2cc(Cl)cc(Cl)c2)c1,CHEMBL267758
DEC_0432,decoy,N#Cc1cc(-c2ccc3c(c2)C2(CCCCC2)C(S)=N3)co1,CHEMBL280767
DEC_2160,decoy,CC(C)C[C@@H]1OC(=O)C(C)(C)CNC(=O)[C@@H](Cc2cccc3ccccc23)NC(=O)/C=C/C[C@@H]([C@H](C)/C=C/c2ccccc2)OC1=O,CHEMBL86769
DEC_1815,decoy,CN(C)C1CCCN(C2c3ccccc3Oc3ccccc32)C1,CHEMBL20631
DEC_1412,decoy,CCCCc1cc(Cn2c(CC)nc3c(C)cc(C)nc32)ccc1OC(C(=O)O)c1ccccc1,CHEMBL15847
DEC_2245,decoy,CN(C)c1ccc(-c2cc(C(F)(F)F)nn2-c2ccc(S(N)(=O)=O)cc2)cc1F,CHEMBL29899
DEC_2715,decoy,O=C1Cc2c(-c3ccc(Br)cc3)cc(-c3ccccc3)nc2-c2ccccc2N1,CHEMBL277262
DEC_1379,decoy,CN(C)Cc1ccc2c(c1)NC(=O)N(C)S2(=O)=O,CHEMBL15937
DEC_3170,decoy,CCn1cc(C2=NCC3(CN4CCC3CC4)O2)c2ccccc21,CHEMBL429401
DEC_4668,decoy,Cc1sc(C)c2c1CCCC2c1c[nH]cn1,CHEMBL30739
DEC_0870,decoy,Cc1cc(-c2noc(C(F)(F)F)n2)cc(C)c1OCCCc1cc(CS(C)(=O)=O)no1,CHEMBL29881
DEC_2770,decoy,CN(C)c1ccc(-c2cc(O)c3cc4c(cc3n2)OCO4)cc1,CHEMBL279811
DEC_4029,decoy,CCNCC1CCN(c2c(F)cc3c(=O)c(C(=O)O)cn(C4CC4)c3c2OCC)CC1,CHEMBL15171
DEC_3783,decoy,COc1cc2c(Nc3ccc(Br)cc3F)ncnc2cc1OCCn1ccnn1,CHEMBL281872
DEC_3188,decoy,CCC(=O)N(c1ccc(C)c(Cl)c1)C1CCCC1N(C)C,CHEMBL22018
DEC_1984,decoy,O=C(Cc1ccc2ccccc2c1)Nc1cccc(NC(=O)c2cc(Cl)cc(Cl)c2)c1,CHEMBL268519
DEC_1381,decoy,NCCN(CCNC1CCCCCCCCCCC1)CCNC1CCCCCCCCCCC1,CHEMBL21715
DEC_3314,decoy,CCN(CC)C1CCC(Nc2nc(Nc3cc(Cl)cc(Cl)c3)c3ccccc3n2)CC1,CHEMBL283383
DEC_3578,decoy,Cc1cc(OCCCON=C(N)N)cc(OS(=O)(=O)c2cccc3cnccc23)c1,CHEMBL289550
DEC_4558,decoy,CCOc1ccc(-n2c(C)c3c(C)nnc(-c4ccc(CC)cc4)c3c2C)cc1,CHEMBL22649
DEC_1129,decoy,C[S+]([O-])CC[C@@H](NC(=O)[C@@H](N)Cc1ccc(O)cc1)C(=O)N[C@@H](Cc1ccccc1)C(=O)NCC(=O)NC12CC3CC(CC(C3)C1)C2,CHEMBL171089
DEC_1090,decoy,CCC(CC)NC(=O)N[C@H](C(=O)N[C@@H](CC(=O)N1CCCC1)C(=O)N[C@@H](CC(=O)O)C(=O)N[C@H](CO)CC(C)(C)C)C(C)(C)C,CHEMBL134961
DEC_2121,decoy,Brc1cccc(Br)c1N(Cc1ccco1)C1=NCCN1,CHEMBL20547
DEC_2153,decoy,Cc1cc(-c2c(O)nc3cc(Cl)c(C(=O)Nc4ccncn4)cc3c2OCC[C@@H]2CCCCN2)ccc1I,CHEMBL48165
DEC_0166,decoy,CCOC(=O)N[C@@H](c1ccsc1)[C@@H](O)C(=O)OC1CC2C(C)(C)C1(C)[C@@]13C[C@H](C)c4ccccc4[C@@]21O3,CHEMBL417488
DEC_1324,decoy,c1ccc([C@@H]2CN3CCCCC[C@H]3c3ccccc32)cc1,CHEMBL36067
DEC_1210,decoy,CC(C)C1=CC2CC3(C=O)[C@@H]4CC[C@@H](C)[C@H]4CC2(CO[C@H]2CN(Cc4ccccc4Cl)[C@H](C)CO2)[C@]13C(=O)O,CHEMBL283194
DEC_0260,decoy,FC(F)(F)c1ccc(Sc2ccc(NC3=NCCN3)cc2)cc1,CHEMBL8935
DEC_1724,decoy,Clc1ccc(CC(c2ccc(Cl)cc2)(c2ccc(Cl)cc2)c2cncnc2)cc1,CHEMBL29514
DEC_0608,decoy,CCN1C(=O)c2c(ncn2Cc2ccc(OC)c(Br)c2)N2C1=N[C@@H]1CCC[C@@H]12,CHEMBL280578
DEC_2972,decoy,CCCCCCC(C(C)O)n1cnc2c(N)ccnc21,CHEMBL18838
DEC_4117,decoy,CC(=O)OC1CCC2(C)CC3CCC2(OO3)C1(C)C,CHEMBL37908
DEC_3405,decoy,OC(CCCN1CCN(c2nccc3sccc23)CC1)c1ccc(F)cc1,CHEMBL15560
DEC_0403,decoy,CC(C)(C)Nc1nc(C(F)(F)F)nc2ccc(NC=O)cc12,CHEMBL16063
DEC_4415,decoy,COc1cc(CCc2ccc(C3=Cc4ccccc4C4=NCCN34)cc2)cc(OC)c1OC,CHEMBL449395
DEC_4086,decoy,CSc1cc2n(c1C(=O)c1ccc(Cl)cc1)CCC2C(=O)O,CHEMBL443491
DEC_1070,decoy,CO[C@]1(OC(=O)CCN)CC2O[C@]1(C)n1c3ccccc3c3c4c(c5c6ccccc6n2c5c31)C(=O)NC4,CHEMBL54379
DEC_2407,decoy,Cc1nc(-c2cc(C)c(OCCCc3cc(C(F)(F)F)no3)c(C)c2)no1,CHEMBL418030
DEC_0779,decoy,O/N=C(/c1ccc(Sc2cc(F)cc(C3CCOCC3)c2)cc1)C(F)(F)F,CHEMBL281070
DEC_1728,decoy,Cc1nnc2n1-c1sc(CCc3ccc4c(c3)CCO4)cc1C(c1ccccc1Cl)=NC2,CHEMBL287465
DEC_0967,decoy,CC(/N=c1\c(O)c(O)\c1=N/c1ccc(-n2ccnc2)cc1)C(C)(C)C,CHEMBL18830
DEC_4422,decoy,C/C(C[C@@H]1CCc2c(cccc2OCC(=O)O)C1)=N\OC(c1ccccc1)c1ccccc1,CHEMBL418338
DEC_4525,decoy,O=C1c2ccccc2CCCN1CCN1CCC(n2ccc3ccccc32)CC1,CHEMBL9952
DEC_3210,decoy,N[C@H](COCc1ccc(I)cc1)Cc1c[nH]cn1,CHEMBL416365
DEC_1486,decoy,[O-][n+]1cc(C(Cc2ccncc2)c2ccc(Cl)cc2)cc(OC(F)F)c1OC(F)F,CHEMBL284852
DEC_2021,decoy,COP(=O)(OC)OC(c1cccc(Br)c1)P(=O)(OC)OC,CHEMBL286846
DEC_4354,decoy,O=C(c1ccc(F)cc1)C1CCN(C2=Nc3ccccc3CC=C2c2ccc(Cl)cc2)CC1,CHEMBL17277
DEC_4056,decoy,O=C(NCCCOc1ccc2nc(O)ccc2c1)N(C1CC1)[C@H]1CCCC[C@@H]1O,CHEMBL286826
DEC_0007,decoy,Cc1cc(-c2c(F)cc3c(=O)c(Cc4ccc(N(C)C)cc4)cn(C4CC4)c3c2F)cc(C)n1,CHEMBL7689
DEC_3766,decoy,COc1cc2c3c(c1)-c1c(ccc(OC)c1OC)CC3N(CCN(CCCl)CCCl)CC2,CHEMBL267878
DEC_4669,decoy,CC1=C[C@@H]2c3cccc4c3[C@@H](CN4)C[C@H]2N(C)C1,CHEMBL291218
DEC_3181,decoy,N[C@@H](Cc1ccccc1)C1=Cc2ccccc2C2=NCCCN12,CHEMBL10138
DEC_2561,decoy,CCC1CCC(NC(=O)N(CCF)N=O)CC1,CHEMBL274792
DEC_1188,decoy,Cc1[nH]cnc1CN1c2ccccc2CN(S(=O)(=O)c2ccc(C(C)(C)C)cc2)CC1CCc1ccccc1,CHEMBL8153
DEC_3369,decoy,Nc1nc(N)c2c(CNc3cc(Cl)c(Cl)c(Cl)c3)coc2n1,CHEMBL17235
DEC_4487,decoy,c1ccc(NNC2c3ccccc3Oc3ccccc32)nc1,CHEMBL20311
DEC_2069,decoy,CC(C)(C)/N=c1\c(O)c(O)\c1=N/Cc1ccc(F)cc1F,CHEMBL279318
DEC_3251,decoy,Cc1cc(C)cc(Sc2c(C)c(=O)[nH]c(=O)n2COCCO)c1,CHEMBL275599
DEC_4272,decoy,C=C(Cn1ccccc1=O)C(=O)c1ccc(Cl)cc1,CHEMBL35201
DEC_2967,decoy,CCCCCCCCN1C2=NCCN2C(=O)c2[nH]cnc21,CHEMBL19120
DEC_2628,decoy,Nc1nnc(-c2cccc(Cl)c2Cl)c(N)n1,CHEMBL741
DEC_1424,decoy,CN(C[C@H]1CC[C@H](Nc2nc(Nc3ccc(Cl)cc3)c3ccccc3n2)CC1)C(=O)c1ccccc1,CHEMBL17427
DEC_3402,decoy,COc1cc(O)c2c(=O)c3c(OC)c(OC)ccc3oc2c1CC=C(C)C,CHEMBL26436
DEC_3030,decoy,C=C(c1c(C)ccc(Cl)c1OCC(O)CNC(C)(C)C)n1ccnc1,CHEMBL14989
DEC_0529,decoy,Clc1ccc2c(NCCCCCCCCCCCCN3CCCCC3)ccnc2c1,CHEMBL14283
DEC_3218,decoy,C[C@@H]1[C@H](N)CN1c1c(F)cc2c(=O)c(C(=O)O)cn(C3CC3)c2c1F,CHEMBL277169
DEC_0033,decoy,CCCCN(C(C)=O)[S+]([O-])(=NC(=O)N(C(C)=O)c1ccc(Cl)cc1)c1ccc(C)cc1,CHEMBL7546
DEC_2224,decoy,O=C1NCN(c2ccccc2)C12CCN(C1CCc3c(Cl)cccc3C1)CC2,CHEMBL27699
DEC_3697,decoy,CC(NC(=O)[C@]1(c2ccccc2)CC[C@@H](N2CCC(c3ccc(F)cc3)CC2)CC1)c1cc(C(F)(F)F)cc(C(F)(F)F)c1,CHEMBL49176
DEC_1384,decoy,CCCCCOc1cc(C(C)(C)C)ccc1C/N=C(\S)NCc1ccc(NS(C)(=O)=O)cc1,CHEMBL431341
DEC_1401,decoy,COc1ccc(C2Sc3ccccc3-n3c(CNCCc4ccc(OC)c(OC)c4)ccc32)cc1,CHEMBL274514
DEC_2543,decoy,CC(C)=CCOC1(C(F)(F)F)OC(=O)Nc2ccc(Cl)cc21,CHEMBL17672
DEC_0867,decoy,O=c1nc(/N=C/N(c2ccc(F)cc2)c2ccc(F)cc2)ccn1C1CSC(CO)O1,CHEMBL18676
DEC_0176,decoy,COC(=O)N[C@@H](c1ccncc1)[C@@H](O)C(=O)OC1CC2C(C)(C)C1(C)[C@@]13CC(C)c4ccccc4[C@@]21O3,CHEMBL30298
DEC_3743,decoy,N#Cc1cc(-c2ccoc2)c2ccc(OCc3cccc(C4(O)CC5COC(C4)O5)n3)cc2n1,CHEMBL22751
DEC_0043,decoy,Cn1cncc1C(O)(C#Cc1ccc(C#N)cc1)c1ccc(C#N)c(-c2cccc3ccccc23)c1,CHEMBL24733
DEC_3787,decoy,CC1CCN(CC[C@@H](C)N(C)S(=O)(=O)c2cc(Br)c(Br)s2)CC1,CHEMBL274595
DEC_2389,decoy,O=C(c1cccc(CN2CCC(c3ccc(Cl)cc3)C2)c1)N1CCCCC1,CHEMBL280534
DEC_4645,decoy,COC(=O)[C@@H](NC(=O)c1ccc(C(=O)N(C(C)C)C(C)C)cc1OC(C)C)C(C)C,CHEMBL433422
DEC_3285,decoy,O=P(O)(O)C(Cc1cccc2c1OCO2)N[C@@H](Cc1ccc(-c2ccccc2)cc1)c1nnn[nH]1,CHEMBL276690
DEC_0556,decoy,CC(=O)N1CCc2c(sc(N(CC3CCCCC3)CC3CCCCC3)c2C(=O)c2ccccc2Cl)C1,CHEMBL44186
DEC_2002,decoy,CN(C)P1(N(C)C)=N[P@](N(C)C)(N2CC2)=N[P@](N(C)C)(N2CC2)=N1,CHEMBL282414
DEC_4158,decoy,Cc1ccc(-c2ccccc2NCC2=NCCN2)n1C,CHEMBL441412
DEC_1564,decoy,CN1C[C@H](CO)C=C2c3cccc4[nH]cc(c34)C[C@H]21,CHEMBL39947
DEC_2512,decoy,Cc1noc(NS(=O)(=O)c2cccc3c(Cl)cccc23)c1C,CHEMBL285814
DEC_3948,decoy,CCNC(=O)Nc1nc2nc(NCCCCN(CC)CC)ncc2cc1-c1c(Cl)cccc1Cl,CHEMBL301483
DEC_0135,decoy,Nc1nc2c(s1)CN=C(c1ccccc1Cl)c1cc(Cl)ccc1-2,CHEMBL267250
DEC_4601,decoy,COc1cc2c(c(OC)c1OC)-c1ccc(SC)c(=O)cc1[C@@H](NC(=O)C(F)(F)F)CC2,CHEMBL280392
DEC_3537,decoy,C=C(c1cc(Cl)cc(Cl)c1OCc1ccsc1)n1ccnc1,CHEMBL25852
DEC_1682,decoy,Cc1nnc2n1-c1sc(C#CCn3ccc4ccccc4c3=O)cc1C(c1ccccc1Cl)=NC2,CHEMBL282883
DEC_2731,decoy,Cc1onc(NS(=O)(=O)c2cccc3c(N(C)C)cccc23)c1C,CHEMBL25816
DEC_1345,decoy,CN(C)c1ccc2c(N(C)C)cc(N(C)C)nc2c1,CHEMBL29630
DEC_3064,decoy,c1ccc2c(NCCCN3CCCC3)nc(Nc3nccs3)nc2c1,CHEMBL285979
DEC_1732,decoy,CCCCCCOS(=O)(=O)NC(=O)Oc1c(C(C)(C)C)cc(C)cc1C(C)(C)C,CHEMBL278161
DEC_1340,decoy,CCc1nc2c([nH]1)N(CC(C)C)C1=NCCN1C2=O,CHEMBL279851
DEC_1719,decoy,CCCC/C(=C\Cn1oc(=O)[nH]c1=O)c1cccc(Oc2cc(Cl)cc(Cl)c2)c1,CHEMBL7497
DEC_0583,decoy,O=C(Nc1cccc(Cl)c1)c1ccccc1SSc1ccccc1C(=O)Nc1cccc(Cl)c1,CHEMBL48499
DEC_1646,decoy,CCCn1c(=O)c2nc(-c3cc(OCC(=O)Nc4ccc(F)cc4)nn3C)[nH]c2n(CCC)c1=O,CHEMBL289903
DEC_2906,decoy,O=S(=O)(Nc1cccc(SCc2ccc3ccccc3n2)c1)C(F)(F)F,CHEMBL17533
DEC_4328,decoy,CC1Cc2ccccc2-c2c(COC(=O)NC3CCCCC3)c(COC(=O)NC3CCCCC3)cn21,CHEMBL281222
DEC_1156,decoy,Nc1nc(O)c2c(Sc3ccc4ccccc4c3)cccc2n1,CHEMBL6897
DEC_1111,decoy,COc1ccc(CCNC(=O)[C@@H](NC(=O)[C@H](CC(=O)O)NC(=O)[C@H](CC(C)C)NC(=O)c2cc3ccccc3cn2)[C@@H](C)O)cc1,CHEMBL288357
DEC_4213,decoy,COc1nc(Cl)cnc1NS(=O)(=O)c1cccc2c(N(C)C)cccc12,CHEMBL6412
DEC_3083,decoy,CC(C)CCCC(C)[C@H]1CCC2C3C(CC[C@@]21C)[C@@]1(C)CCC(=O)N(C)C1C[C@@H]3C,CHEMBL25448
DEC_0228,decoy,CC(C)Oc1ccccc1C/N=C(\S)c1ccc2cnccc2n1,CHEMBL9547
DEC_3054,decoy,CC(C)NCC1CCN(c2cc3c(cc2F)c(=O)c(C(=O)O)cn3C2CC2)C1,CHEMBL277730
DEC_3838,decoy,CC12C(=CC(=O)C3CC31)[C@@H]1C[C@@H]1C1C2CCC2(C)C1CCC21CCC(=O)O1,CHEMBL417615
DEC_1104,decoy,N=C(N)c1ccc(C2=NOC(CC(=O)NC[C@H](NS(=O)(=O)NCCc3ccccc3)C(=O)O)C2)cc1.O=C(O)C(F)(F)F,CHEMBL279598
DEC_2135,decoy,CNc1ccc(-c2cc(C(F)(F)F)nn2-c2ccc(S(N)(=O)=O)cc2)cc1Cl,CHEMBL30084
DEC_0640,decoy,CC(C)=CCSC1C=C(O)n2c(nc3c2C(=O)N(C)CN3C)N1Cc1ccccc1,CHEMBL14671
DEC_3007,decoy,CC1CCC(/C=N/c2ccccc2F)=C2NC=C(C(=O)O)C(=O)N21,CHEMBL24885
DEC_3524,decoy,CC(C)=C(c1cc(Cl)ccc1OCc1ccc(Cl)cc1)n1ccnc1,CHEMBL286736
DEC_3590,decoy,CCOc1ccc(OCC)c(N(C)Cc2cnc3nc(N)nc(N)c3c2C)c1,CHEMBL23844
DEC_1639,decoy,CC1CNc2c(cccc2S(=O)(=O)N[C@@H](CCc2ccccc2)C(=O)N2CCC(CCO)CC2)C1,CHEMBL288041
DEC_0239,decoy,FC(c1ccc(Cl)cc1)(c1ccc(Cl)cc1)c1cncnc1,CHEMBL283671
DEC_4227,decoy,O=C1NC(=O)C(CC#Cc2cccc(Cl)c2)(S(=O)(=O)c2ccccc2)S1,CHEMBL12026
DEC_2027,decoy,c1ccc2nc(CSc3ccc(OCCCc4nnn[nH]4)cc3)ccc2c1,CHEMBL19106
DEC_3374,decoy,CC1(C)Oc2ccc(C#N)cc2[C@H](N(Cc2ncco2)c2ccccc2)[C@H]1O,CHEMBL268271
DEC_3080,decoy,FC(F)C(F)(F)Sc1nc(-c2cccc(Cl)c2)c(-c2cccc(Cl)c2)[nH]1,CHEMBL278692
DEC_4341,decoy,CCc1ccc(-c2c(C)c(C(=O)NN3CCCCC3)nn2-c2ccc(Cl)cc2Cl)cc1,CHEMBL35918
DEC_4257,decoy,CC[C@@](OC)(C(=O)OC)c1cc(F)cc(OCc2ccc3c(ccc(=O)n3C)c2)c1,CHEMBL440461
DEC_3239,decoy,NCC1CCN(c2c(F)cc3c(=O)c(C(=O)O)cn(C4CC4)c3c2F)C1,CHEMBL14919
DEC_2911,decoy,Cc1ccccc1-c1nnc(/N=C/Nc2nnc(-c3ccccc3C)s2)s1,CHEMBL276619
DEC_2986,decoy,CCn1cc(C(=O)O)c(=O)c2cc(F)c(N3CCC(N(C)C)CC3)cc21,CHEMBL28748
DEC_1539,decoy,C/C=C(\NC(=O)CC1CC2CCC1C2)C(=O)O,CHEMBL11728
DEC_1690,decoy,N#Cc1ccc2cc1Oc1ccc3cccc(c3c1)NC(=O)[C@@H](Cc1ccccc1)NCc1cncn1C2,CHEMBL299568
DEC_1408,decoy,CCCN(CC#CCCCC1(C2(O)c3ccccc3Oc3ccccc32)SCCCS1)CCC,CHEMBL290294
DEC_3896,decoy,Nc1ccc(C2CCN(C3CCCCC3O)CC2)cc1,CHEMBL20744
DEC_3163,decoy,COc1ccc(C(Cc2ccccc2Cl)n2ccnc2)cc1,CHEMBL21648
DEC_3673,decoy,C=C(C)[C@@H]1CC[C@]2(C(=O)O)CC[C@]3(C)[C@H](CC[C@@H]4[C@@]5(C)CC[C@H](OC(=O)CC(C)(C)C(=O)O)C(C)(C)[C@@H]5CC[C@]43C)[C@@H]12,CHEMBL404519
DEC_2586,decoy,c1ccc2c(C3=NCC4(CN5CCC4CC5)O3)[nH]nc2c1,CHEMBL274149
DEC_2751,decoy,COc1c2occc2c(CN2CCCCC2)c2ccc(=O)oc12.Cl,CHEMBL6701
DEC_2705,decoy,CC1(C)CC[C@]2(C#N)CC[C@]3(C)C(C(=O)C=C4[C@@]5(C)C=C(C#N)C(=O)C(C)(C)[C@@H]5CC[C@]43C)C2C1,CHEMBL269306
DEC_1072,decoy,CC(=O)Nc1ccc(I)c2c1CC(N1CCC(c3ccccc3)CC1)C(O)C2,CHEMBL278382
DEC_0683,decoy,CN(C)CCN1CCN(c2cc3c(nc2Sc2ccc(F)cc2F)CNC(=O)N3c2c(Cl)cccc2Cl)CC1,CHEMBL92814
DEC_2550,decoy,CCCCCc1cc(O)c2c(c1)OC(C)(C)[C@@H]1CCC(C)[C@H](O)C21,CHEMBL10488
DEC_0050,decoy,Cn1cncc1C(O)(C#Cc1ccccc1)c1ccc(C#N)c(-c2cccc3ccccc23)c1,CHEMBL24271
DEC_0938,decoy,Cc1ccc(C(c2ccn(-c3ccc(Cl)cc3)c2)n2ccnc2)cc1,CHEMBL281375
DEC_4349,decoy,CC(=O)Nc1ccccc1Cc1cn(C2CC2)c2c(F)c(-c3cc(C)nc(C)c3)c(F)cc2c1=O,CHEMBL7618
DEC_2125,decoy,C(=C/c1cccc(-c2nn[nH]n2)c1)\c1cccc(OCc2ccc3ccccc3n2)c1,CHEMBL18381
DEC_4253,decoy,CN(C)c1cccc2c(S(=O)(=O)Nc3cnc(Br)nc3)cccc12,CHEMBL7019
DEC_2012,decoy,COc1c(N2CC(C)NC(C)C2)c(F)cc2c(=O)c(C(=O)O)cn(C3CC3)c12,CHEMBL15426
DEC_2898,decoy,CCOc1ccc(-c2nc3n(c2-c2ccc(OCC)cc2)CCS3)cc1,CHEMBL277126
DEC_4403,decoy,CCCCC(=O)N1N=C(c2ccc(N)cc2)c2cc3c(cc2CC1C)OCO3,CHEMBL553335
DEC_0072,decoy,CCOc1nc(C(Cl)(Cl)Cl)c(Cl)c(OCC)c1Cl,CHEMBL416886
DEC_2816,decoy,CN(Cc1c[nH]c2nc(N)nc(N)c12)c1cccc2ccccc12,CHEMBL278261
DEC_0080,decoy,CCCc1cc(=O)oc2c3c(c4c(c12)OC(C)(C)C=C4)OC(C)(C)CC3O,CHEMBL7453
DEC_0726,decoy,C1=Cc2ccccc2C2(OC[C@H]([C@@H]3CCCCN3)O2)c2ccccc21,CHEMBL281053
DEC_3604,decoy,COc1ccccc1N1CCN(CCCCNc2ccc([N+](=O)[O-])c3nonc23)CC1,CHEMBL282798
DEC_3677,decoy,CC(CC(=O)O)CC(=O)O[C@H]1CC[C@]2(C)[C@H]3CC[C@@H]4[C@@H]5CC(C)(C)CC[C@]5(C(=O)O)CC[C@@]4(C)[C@]3(C)CC[C@H]2C1(C)C,CHEMBL105237
DEC_1775,decoy,CSc1nccn1-c1ccc(C2=NNC(=O)CC2)cc1,CHEMBL31120
DEC_3423,decoy,Fc1ccc(-c2nc(SC(F)(F)C(F)F)[nH]c2-c2ccc(F)cc2)cc1,CHEMBL279182
DEC_4523,decoy,CCCC[C@@H]1CC2C(CCC3(C)C(=O)CCC23)C2(C)C=CC(=O)C=C12,CHEMBL8417
DEC_0647,decoy,Cc1ccc(S(=O)(=O)C2(CC#Cc3ccccc3Cl)SC(=O)NC2=O)cc1,CHEMBL11689
DEC_2488,decoy,O=C1OC2(CCN(CCc3c[nH]c4ccccc34)CC2)CN1Cc1ccccc1,CHEMBL283477
DEC_1861,decoy,NS(=O)(=O)c1ccc(-n2nc(C(F)F)cc2-c2ccc3c(c2)OCO3)cc1,CHEMBL281694
DEC_1804,decoy,S=C=Nc1ccc(-c2noc(-c3cccs3)n2)cc1,CHEMBL21847
DEC_3591,decoy,CCN(CC)C(=O)C1CCCN(c2nc(N)c3cc(OC)c(OC)cc3n2)C1,CHEMBL6831
DEC_4612,decoy,CC(CCCCn1cnc2c1NC=NCC2O)(Cc1cccc(Br)c1)C(=O)O,CHEMBL290887
DEC_3652,decoy,COc1ccc2c(c1)c1c3c(cc4c1n2C(=O)CC4)CCNC3,CHEMBL23913
DEC_2137,decoy,COc1oc(=O)c2cc(NC(=O)C(F)(F)C(F)(F)C(F)(F)F)ccc2c1Cl,CHEMBL14050
DEC_3519,decoy,O=C1Nc2ccc(Cl)cc2C(OCc2ccccc2)(C(F)(F)F)O1,CHEMBL277578
DEC_0082,decoy,C=C(C)CN(C1=NCCN1)c1c(Br)cccc1Br,CHEMBL283961
DEC_0447,decoy,C=CCOC1(C(F)(F)F)OC(=O)Nc2ccc(Cl)cc21,CHEMBL17226
DEC_4304,decoy,O=C1C=C(Sc2ccccc2)C(=O)c2ccccc21,CHEMBL269468
DEC_2284,decoy,COc1ccc2c3c1O[C@@H]1[C@]34CCN(COOC(C)(C)C)[C@H](C2)[C@]42CC[C@@]1(OC)C(C(C)(O)C(C)(C)C)C2,CHEMBL73518
DEC_4621,decoy,COc1cc(C(=O)NCCCNC(=O)C2=CC(C)(C)NC2(C)C)cc(OC)c1OC,CHEMBL435560
DEC_3505,decoy,CCC1Nc2ccc(C)cc2C(=O)N1Cc1ccc(-c2ccccc2-c2nn[nH]n2)cc1,CHEMBL278235
DEC_2592,decoy,O=C(NCCCn1ccnc1)c1ccc(Cl)nc1,CHEMBL8863
DEC_0888,decoy,CN1CCN(Cc2ccc(-c3nc4c5cnn(CCc6ccccc6)c5nc(N)n4n3)o2)CC1,CHEMBL20795
DEC_1313,decoy,CC(C)=C(c1ccccc1OCC(C)(C)C)n1ccnc1,CHEMBL27243
DEC_0177,decoy,CC[C@@H]1CO[C@H]2[C@@H]1[C@H](O)[C@H](OCC13C[C@@H]4[C@H](C)CC[C@H]4C4(C=O)CC1C=C(C(C)C)C34C(=O)O)O[C@@H]2C,CHEMBL295550
DEC_4312,decoy,CCCN(CC1CC1)c1nc(C)nc2c1sc(=S)n2-c1ccc(C(C)C)cc1Br,CHEMBL18285
ACT_067,active,Cc1ccccc1C(OC(c1ccccc1C)c1ccccc1C)c1ccccc1C,CHEMBL4763747
DEC_0939,decoy,O=C(NCCc1c2n(c3ccccc13)Cc1ccccc1-2)C1CCC1,CHEMBL9934
DEC_1430,decoy,CCC/C(C[C@H]1CCc2c(cccc2OCC(=O)O)C1)=N\OC(c1ccccc1)c1ccccc1,CHEMBL274806
DEC_1485,decoy,O=C(O)c1ccc(C(Cc2cc[n+]([O-])cc2)c2ccc(OC(F)F)c(OC(F)F)c2)cc1,CHEMBL32153
DEC_2504,decoy,CSc1ccc(-c2cc3ncccc3c(NCCCN)n2)cc1,CHEMBL284590
DEC_2842,decoy,CCC1Nc2ccc(C(C)C)cc2C(=O)N1Cc1ccc(-c2ccccc2-c2nn[nH]n2)cc1,CHEMBL277333
DEC_3842,decoy,CC1Cc2cc3c(cc2C(c2ccc(N)cc2)=NN1C(=O)C(C)(C)C)OCO3,CHEMBL269104
DEC_1500,decoy,O=C(O)[C@@H]1C[C@@H](C2CCCCC2)CN1C(=O)CP(=O)(O)CCCCc1ccccc1,CHEMBL581
DEC_4067,decoy,CC1CCC(/C=N/c2ccc(C(=O)O)cc2)=C2NC=CC(=O)N21,CHEMBL277494
DEC_2170,decoy,Cc1cc(C(C)(C)CC(C)(C)C)cc2c1OCCOCCOCc1cc(Br)cc(c1C(=O)O)COCCOCCO2,CHEMBL164190
DEC_2859,decoy,C[C@H](CCCC(C)(C)O)C1CCC2/C(=C/C3OOCC4=C3C[C@@H](O)CC4)CCCC21C,CHEMBL15752
DEC_2976,decoy,O=[N+]([O-])c1cnc(N(CCCl)CCCl)s1,CHEMBL282461
DEC_2129,decoy,CCc1nc2cc(OC3CCN(C(C)=N)CC3)ccc2n1C/C=C/c1ccc(N)cc1,CHEMBL280342
DEC_3308,decoy,CCN(C/C=C/C#CC(C)(C)C)Cc1cccc(OCc2cc(-c3ccsc3)cs2)c1,CHEMBL27885
DEC_0178,decoy,CC[C@H]1CO[C@H]2[C@@H]1[C@H](O)[C@H](OCC13C[C@@H]4[C@H](C)CC[C@H]4C4(C=O)CC1C=C(C(C)C)C34C(=O)O)O[C@@H]2C,CHEMBL295645
DEC_1378,decoy,CNc1ncnc2c1ncn2Cc1c(F)cccc1F,CHEMBL267163
DEC_2045,decoy,CCCCc1nn(C)c(C(=O)O)c1Cc1ccc(-c2ccccc2-c2nn[nH]n2)cc1,CHEMBL21713
DEC_0251,decoy,CCCCN1C[C@H](C(=O)N(CC)CC)C=C2c3cccc4[nH]cc(c34)C[C@H]21,CHEMBL22520
DEC_2638,decoy,Oc1cc(C(F)(F)F)c2cc3c(cc2n1)NCCC3,CHEMBL286684
DEC_4343,decoy,CC(C)Sc1ccc(CC2CCN(C3CCN(C(=O)c4ccc5ccccc5c4)CC3)CC2)cc1,CHEMBL273439
DEC_4699,decoy,O=C(O)c1cn2c(ccc3c(Cl)cccc32)n1,CHEMBL13461
DEC_1607,decoy,CCCCc1nc2ccn(CC(=O)N(C)C)c(=O)c2n1Cc1ccc(-c2ccccc2-c2nnn[nH]2)cc1,CHEMBL288246
DEC_2238,decoy,Clc1ccccc1C1COC(Cn2ccnc2)(c2ccc(Br)cc2)O1,CHEMBL417664
DEC_0886,decoy,N#Cc1cccnc1N1CCN(CCCCN2C(=O)CC3(CCCc4ccccc43)C2=O)CC1,CHEMBL285249
DEC_1346,decoy,CSc1ncnc2c1ncn2C1CCC(CO)O1,CHEMBL290415
DEC_2419,decoy,CCc1nc2c(C)cc(C)nc2n1Cc1ccc(-c2cscc2-c2nn[nH]n2)cc1,CHEMBL274626
ACT_007,active,O=C(Nc1ccc(N2CCCC2)cc1)C(c1ccccc1)c1ccccc1,CHEMBL1417890
DEC_3057,decoy,Cc1c(OCC(F)(F)F)ccnc1C[S+]([O-])c1nc2ccccc2[nH]1,CHEMBL480
DEC_1094,decoy,C=C(CCC12OC(C(=O)O)C(O)(C(=O)O)C(C(=O)O)(O1)[C@H](OC(=O)NC1CCC1)[C@H]2O)[C@@H](OC(C)=O)[C@H](C)Cc1ccccc1,CHEMBL131889
DEC_0489,decoy,Cc1cc(-c2c(F)cc3c(=O)c(Cc4c[nH]cn4)cn(C4CC4)c3c2F)cc(C)n1,CHEMBL267251
DEC_0891,decoy,O=C1CN2CCCCC2c2c1c1ccccc1n2CCCNS(=O)(=O)c1cccs1,CHEMBL418223
DEC_2256,decoy,Cc1ccccc1/C=C1\CS(=O)(=O)CC2C1=NN(CCCN1CCN(C)CC1)C2c1ccccc1C,CHEMBL289456
DEC_2011,decoy,CCOc1c(N2CCCC(CN)C2)c(F)cc2c(=O)c(C(=O)O)cn(C3CC3)c12,CHEMBL15357
DEC_2489,decoy,CCN(CC)C(=O)c1ccc(N(c2ccccc2)[C@@H]2C[C@H]3CC[C@@H](C2)N3C#N)cc1,CHEMBL13725
ACT_068,active,CCC1Oc2c(ccc(O)c2C)-c2ccc(O)c(C)c21,CHEMBL206547
DEC_2096,decoy,CSc1ccc2ccc3nc(C(=O)O)cn3c2c1,CHEMBL13597
DEC_4577,decoy,Cc1nc(N2CCOCC2)c2sc(=S)n(-c3ccc(C(C)C)cc3Br)c2n1,CHEMBL280449
DEC_1948,decoy,COc1ccc(-c2cc3c(c(=O)o2)C(=O)C2[C@@]4(C)CC[C@H](O)[C@@](C)(CO)C4C[C@H](O)[C@@]2(C)O3)cc1,CHEMBL24416
DEC_3106,decoy,c1ccc(-c2nc(-c3ccccc3)c(-c3ccccc3)nc2-c2ccccc2)cc1,CHEMBL11842
DEC_4522,decoy,C=CCN1C2CCC1CC(OC(c1ccc(F)cc1)c1ccc(F)cc1)C2,CHEMBL417249
DEC_1773,decoy,Oc1[nH]c(Nc2ccc3c(c2)CCC3)nc2ncnc1-2,CHEMBL15985
DEC_2452,decoy,CCCC(=O)N[C@H]1CCc2cc(OC)c(OC)c(OC)c2-c2ccc(OC)c(=O)cc21,CHEMBL286731
DEC_3561,decoy,COc1cc(Cc2cnc(N)nc2N)cc(OCCCCC(=O)O)c1Br,CHEMBL31924
DEC_3925,decoy,CCCCN(C)C(=O)[C@H](CC1CCCCC1)NC(=O)[C@@H](CC(C)C)NC(=O)Cc1cc(F)cc(F)c1,CHEMBL55936
DEC_0877,decoy,CC(C)CCn1c(=O)c2nc(-c3ccc(S(=O)(=O)O)cc3)[nH]c2n(CC(C)C)c1=O,CHEMBL279688
DEC_0096,decoy,OC(c1ccc(Cl)cc1)(c1ccc(Cl)cc1)c1cncnc1,CHEMBL29904
DEC_4451,decoy,Cc1noc(NS(=O)(=O)c2cccc3c(N(C)C)cccc23)c1Cc1ccccc1,CHEMBL26203
DEC_1134,decoy,CC(C)(C)c1cc(-c2nnc(N=C(N)N)o2)cc(C(C)(C)C)c1O,CHEMBL16878
DEC_0874,decoy,O=C1[C@@H](NS(=O)(=O)c2ccc(-c3ccncc3)s2)CCN1Cc1cc2c[nH]ccc-2n1,CHEMBL416515
DEC_3829,decoy,CC(C)N1CC2(CCN(CCc3c[nH]c4ccccc34)CC2)OC1=O,CHEMBL431883
DEC_0356,decoy,CCCCCC(O)c1cccc(OCc2cccc(C=O)c2)c1,CHEMBL8522
DEC_4153,decoy,COC(=O)C1=C(C)N=C(C)/C(=C(/O)OC)C1C(C)C,CHEMBL418249
DEC_2062,decoy,Cc1cc(C(N)c2ccc(C(C)C)cc2)sn1,CHEMBL277038
DEC_4130,decoy,CCCN(CCC)C1Cc2cccc3ncc(=O)n(c23)C1,CHEMBL275572
DEC_4446,decoy,CCCC1N(Cc2ccc(-c3ccccc3-c3nn[nH]n3)cc2)C(=O)c2ccccc2N1C,CHEMBL279129
DEC_0513,decoy,Brc1cccc(Br)c1N(CC1CCCC1)C1=NCCN1,CHEMBL277652
DEC_0784,decoy,CCN(CC)C(=S)SC(C(=O)c1ccc(Cl)cc1)=C1SCCCS1,CHEMBL35219
DEC_3010,decoy,CCc1noc(NS(=O)(=O)c2cccc3c(N(C)C)cccc23)c1C,CHEMBL27344
ACT_078,active,C[C@@H]1C[C@@]12c1ccc3c(ccc4ccc(O)cc43)c1C[C@@H]2O,CHEMBL4472110
DEC_0225,decoy,CCN1C(=O)N(C2CCN(CC3CCCCCCC3)CC2)[C@@H]2CCCC[C@H]21,CHEMBL29953
ACT_022,active,N#Cc1cc(O)cc2c(Br)cn(-c3ccc(O)cc3)c(=O)c12,CHEMBL5992161
DEC_2421,decoy,CCC(C)(O)C#Cc1nc(Nc2ccc(OC)cc2)c2ncn(C(C)C)c2n1,CHEMBL23317
DEC_1738,decoy,CC1N=C(c2ccccc2)c2cc(Cl)ccc2-n2c1nnc2C(CN(C)C)c1ccccc1,CHEMBL280327
DEC_2829,decoy,CCC(=O)C1C(c2ccc3cc(I)ccc3c2)CC2CCC1N2C,CHEMBL287945
DEC_4322,decoy,O=C(c1ccc(Cl)cc1)N1CC[C@H](NCc2ccnc3ccccc23)C[C@H]1Cc1ccccc1,CHEMBL297134
DEC_2752,decoy,Nc1nc2c(s1)CN=C(c1ccccc1F)c1cc(Cl)ccc1-2,CHEMBL267706
DEC_1836,decoy,CCN1CCCC(N(C)C2c3ccccc3Oc3ccccc32)C1,CHEMBL20314
DEC_3442,decoy,C=C(c1cc(Cl)cc(Cl)c1OCc1ccccc1)n1ccnc1,CHEMBL26324
DEC_0057,decoy,CN(C)/C(=N\O)c1ccc(Sc2cc(F)cc(C3CCOCC3)c2)cc1,CHEMBL24975
DEC_2864,decoy,O=S1(=O)c2cccc3cccc(c23)N1CCCN1CC=C(c2c[nH]c3ccccc23)CC1,CHEMBL19613
DEC_0499,decoy,O=C1Nc2ccc(Cl)cc2C(OCC(F)(F)C(F)(F)F)(C(F)(F)F)O1,CHEMBL17009
DEC_1274,decoy,N#Cc1ccc(-c2cc(O[C@@H]3CCNC3)cnc2Cl)cc1,CHEMBL268015
DEC_4076,decoy,CN(C)c1ccc(CNc2ccc(C3=NNC(=O)CC3)cc2)cc1,CHEMBL16493
DEC_3390,decoy,O=C(NCCCOc1ccc2nc(O)ccc2c1)N(C1CCCCC1)C1CC1,CHEMBL35247
DEC_1206,decoy,O=c1c2c(oc(O)c1C(c1cccc(NS(=O)(=O)c3ccccc3C(F)(F)F)c1)C1CC1)CCCCCC2,CHEMBL275633
DEC_4022,decoy,O=C(O)C(CCCCn1cnc2c1NC=NCC2O)Cc1cccc(Br)c1,CHEMBL38113
DEC_0820,decoy,CCCC1=NN(C(=O)OC2CCCCC2)C(CCC)N=N1,CHEMBL17599
DEC_3602,decoy,CN(C)CCNC(=O)c1ccc(NNc2ccnc3cccc([N+](=O)[O-])c23)cc1,CHEMBL32401
DEC_3484,decoy,CC(=O)O[C@@H]1O[C@@H]2O[C@@H](OC(C)=O)[C@@H]3CC[C@H]([C@H]1CC/C=C(\C)CCC=C(C)C)[C@H]23,CHEMBL11775
DEC_3684,decoy,Cc1ccc(-c2ccccc2C(=O)Nc2ccc(C(=O)N3C[C@@H]4C5CCC(C5)N4Cc4cc(Cl)ccc43)c(Cl)c2)cc1,CHEMBL321561
DEC_0866,decoy,O=c1ccn([C@@H]2O[C@H](COC(c3ccccc3)(c3ccccc3)c3ccccc3)[C@H]3OC23)c(=O)[nH]1,CHEMBL284119
DEC_1432,decoy,CO[C@]1(c2cnc(Sc3ccc(/C(C)=N/O)cc3)s2)CCO[C@@H](C)C1,CHEMBL25348
DEC_1957,decoy,CCN(c1nc(C)cc(-c2ccccc2C(F)(F)F)n1)c1ccc(SC)cc1Br,CHEMBL274578
DEC_1524,decoy,c1cc(OCc2ccc(Cc3nnn[nH]3)cc2)cc(OCc2ccc3ccccc3n2)c1,CHEMBL18405
DEC_0119,decoy,SC1=Nc2ccc(-c3ccc(Cl)s3)cc2C12CCCCC2,CHEMBL27818
DEC_3644,decoy,Fc1ccc2c(c1)-c1nc(-c3ccccn3)[nH]c1CCC2,CHEMBL266904
DEC_0010,decoy,CN(C)CCN(C)Cc1c[nH]c2cc3ncnc(Nc4cccc(Br)c4)c3cc12,CHEMBL39811
DEC_3018,decoy,CN(C)c1cccc2c(S(=O)(=O)Nc3ncccn3)cccc12,CHEMBL6468
DEC_1748,decoy,Cc1cc(-c2c(F)cc3c(=O)c(CCc4ccccc4)cn(C4CC4)c3c2F)cc(C)n1,CHEMBL7999
DEC_0810,decoy,CCCN1CCN2CC(c3ccccc3)c3ccccc3C2C1,CHEMBL404992
DEC_3682,decoy,C=C(C)[C@@H]1CC[C@]2(C(=O)N[C@@H](CC(C)C)C(=O)OC)CC[C@]3(C)[C@H](CC[C@@H]4[C@@]5(C)CC[C@H](O)C(C)(C)[C@@H]5CC[C@]43C)[C@@H]12,CHEMBL19779
DEC_4698,decoy,CCCCC1(C2=NCCN2)COc2ccccc2O1,CHEMBL9803
DEC_0504,decoy,O=C1NCN(c2ccccc2)C12CCN([C@@H]1CCc3c(Cl)ccc(Cl)c3C1)CC2,CHEMBL418020
DEC_3540,decoy,N#Cc1ccc(Cn2ccnc2)cc1Oc1ccccc1-c1ccccc1,CHEMBL22718
DEC_4254,decoy,O=C1NC(=O)C(CC#Cc2ccccc2Cl)(S(=O)(=O)c2ccccc2)S1,CHEMBL269417
DEC_1018,decoy,CC(=O)c1cc2c(cc1NC(=O)c1sccc1S(=O)(=O)Nc1onc(C)c1Cl)OCO2,CHEMBL283535
DEC_4441,decoy,CCc1nc2c(C)cc(C)nn2c1Cc1ccc(OC(C(=O)O)c2ccccc2)cc1,CHEMBL280456
DEC_0244,decoy,N#Cc1ccc(Cn2ccnc2)cc1[S+]([O-])c1ccc(Cl)cc1Cl,CHEMBL280384
DEC_2835,decoy,Cn1cncc1C(O)(C#Cc1cccc(N)c1)c1ccc(C#N)c(-c2cccc3ccccc23)c1,CHEMBL418018
DEC_4190,decoy,CCc1nc(C)cn1-c1ccc(-c2ccc(O)nn2)cc1,CHEMBL32134
DEC_2014,decoy,Cc1cc(-c2noc(C(F)(F)F)n2)cc(C)c1OCCCc1cc(CO)no1,CHEMBL29893
DEC_4006,decoy,CC1(C)C=C(C(=O)NCCCNCc2cccc(O)c2)C(C)(C)N1,CHEMBL15737
DEC_4215,decoy,COc1ccccc1N1CCN(CCCON2CCC3(CCCC3)CC2=O)CC1,CHEMBL269458
DEC_1421,decoy,Cc1cc(C)n(CCCCCC2(C)COC(c3nc(-c4ccccc4)c(-c4ccccc4)[nH]3)OC2)n1,CHEMBL285429
DEC_4442,decoy,c1cc(COc2ccc(OCc3ccc4ccccc4n3)cc2)cc(-c2nn[nH]n2)c1,CHEMBL18918
DEC_2527,decoy,CC(C)Oc1ccccc1NC(=O)Nc1ccc2cnccc2n1,CHEMBL275686
DEC_0114,decoy,CC(C)(C)Nc1nc(C(F)(F)F)nc2ccc(C(F)(F)F)cc12,CHEMBL16364
DEC_3558,decoy,CCCCc1nc(Cl)c(Cc2nnn[nH]2)n1Cc1ccc(-c2nnn[nH]2)cc1,CHEMBL282283
DEC_4555,decoy,O=c1oc(Nc2ccccc2Cl)nc2cc(Cl)c(Cl)cc12,CHEMBL274137
DEC_4023,decoy,C[C@@H](O)[C@H]1C(=O)N2C(C(=O)O)=C(S[C@@H]3CN[C@@H](c4ccc(C5(N)CC5)cc4)C3)[C@H](C)[C@H]12,CHEMBL428860
DEC_0718,decoy,COc1nc(C(Cl)(Cl)Cl)c(Cl)c(O)c1Cl,CHEMBL11122
DEC_0564,decoy,Oc1c(CN2CCCCC2)cc(Nc2cc(-c3ccc4ccccc4c3)nc3ccccc23)cc1CN1CCCCC1,CHEMBL53923
DEC_1615,decoy,CC1O[C@H]2[C@H](O)[C@H](OCC34C[C@@H]5[C@H](C)CC[C@H]5C5(C=O)CC3C=C(C(C)C)C45C(=O)O)O[C@H](C)[C@H]2O1,CHEMBL283375
DEC_2061,decoy,Cc1cc2c(cc1N1CCCCC1)CN1CC(=O)NC1=N2,CHEMBL32132
DEC_4384,decoy,COC1(C)OC(=O)C(c2ccc(F)cc2)=C1c1ccc(S(C)(=O)=O)cc1,CHEMBL18498
DEC_1465,decoy,CCCCOc1ccc(Nc2cc(C)nc3ccc4c[nH]nc4c23)cc1,CHEMBL418395
DEC_1055,decoy,Nc1ccccc1Cn1c2c(c3ccccc31)C[C@@]1(O)[C@H]3Cc4ccc(O)c5c4[C@@]1(CCN3CC1CC1)[C@H]2O5,CHEMBL54633
DEC_2973,decoy,Brc1ccc(COCCCc2c[nH]cn2)cc1,CHEMBL19172
DEC_4528,decoy,CCCc1c(C(C)C)nc(C(C)C)c([C@@H](C)O)c1-c1ccc(F)cc1,CHEMBL25637
DEC_4461,decoy,CN1CCN(c2nc3ccccc3c(-c3ccccc3F)c2CCOC2CCCCO2)CC1,CHEMBL290065
DEC_2912,decoy,Cc1ccc(Sc2cncc3sc(C(=O)c4ccccc4)cc23)cc1,CHEMBL6371
DEC_1407,decoy,c1ccc(COCCOCc2ccc([C@H]3CCNC[C@@H]3OCc3ccc4ccccc4c3)cc2)cc1,CHEMBL31886
DEC_3019,decoy,Nc1nc(N)c2nc(CSc3ccc(Cl)cc3)cnc2n1,CHEMBL23787
DEC_1822,decoy,C(=C/c1cccs1)\c1noc(/C=C/c2cccs2)n1,CHEMBL280174
DEC_1168,decoy,O=Nc1c2n3cc(C(=O)O)[nH]c3c(O)nc-2c2ccccc12,CHEMBL281393
DEC_4626,decoy,COc1cc(Cc2cnc(N)nc2N)cc(OCCCCCC(=O)O)c1Br,CHEMBL286400
DEC_4646,decoy,CCN(CC)C(=O)c1cc(=O)c(C)c2oc3c(C)c(O)c(N)c(C(=O)N(CC)CC)c3nc1-2,CHEMBL279002
DEC_0859,decoy,O=C1C2C3CCC(C4CCC43)C2C(=O)N1CCCCN1CCN(c2nccnc2Cl)CC1,CHEMBL31319
DEC_2996,decoy,CN(C)c1cccc2c(S(=O)(=O)Nc3ccc(C#N)nn3)cccc12,CHEMBL6668
DEC_1068,decoy,Cc1nn(C(=O)Nc2ccc(S(=O)(=O)NC(=O)NC3CCCCC3)cc2)c(C)c1Br,CHEMBL296241
DEC_4330,decoy,CCN(CC)C(=S)SC(C(=O)c1ccc(Br)cc1)=C1SCCCS1,CHEMBL35902
DEC_1720,decoy,CCN(CC)C(=O)c1ccc(N(c2cccc(SC)c2)[C@@H]2C[C@H]3CC[C@@H](C2)N3C)cc1,CHEMBL268981
DEC_0873,decoy,O=C1[C@@H](NS(=O)(=O)c2ccc(-c3ccon3)s2)CCN1Cc1cc2c[nH]ccc-2n1,CHEMBL269604
DEC_4308,decoy,S=C=Nc1ccc(-c2noc(-c3ccccn3)n2)cc1,CHEMBL21424
DEC_1393,decoy,CCCN(CC#CCCCC1(C(O)(c2ccccc2)c2ccccc2)SCCCS1)CCC,CHEMBL39585
DEC_3206,decoy,Fc1ccc(-c2noc(-c3ccc(N=C=S)cc3)n2)cc1,CHEMBL20987
DEC_3692,decoy,CN(C(=O)c1cc(C(F)(F)F)cc(C(F)(F)F)c1)c1cc(C(=O)NC2CCCCC2)ccc1-c1ccc(Cl)cc1,CHEMBL63785
DEC_4596,decoy,CC(=O)N1CCc2ccc(N(C(=O)/C=C/c3ccccn3)C3CCN(Cc4ccccc4)CC3)cc21,CHEMBL21502
DEC_0579,decoy,Clc1cc2nc(SCCCCn3c(C4CCNCC4)nc4cc(Cl)c(Cl)cc43)[nH]c2cc1Cl,CHEMBL20967
DEC_3799,decoy,Cc1ccc(S(=O)(=O)N[C@@H]2C3CC(c4ccc(F)cc4)(CO3)[C@H]2C/C=C\CCCC(=O)O)cc1,CHEMBL10823
DEC_3650,decoy,O=C1Nc2ccc(Cl)cc2[C@@](C#CC2CC2)(C(F)(F)F)N1,CHEMBL283619
DEC_0641,decoy,Cc1nc(-c2c3n(c4c(N5CCN(CCc6ccccc6)CC5)ncnc24)CCCC3)no1,CHEMBL285576
DEC_0565,decoy,COc1ccc2c(c1)c(Cc1nc(C34C[C@H]5C[C@@H](C3)C[C@@H](C4)C5)cs1)c(C)n2C(=O)c1ccc(Cl)cc1,CHEMBL284435
DEC_0532,decoy,CCCCCCCC/C=C\CCCCCCCC1=NN(c2ccc(C)cc2C)C(=O)C1,CHEMBL276231
DEC_1444,decoy,Cc1cc(-n2ccc(=O)[nH]c2=O)cc(Cl)c1Sc1ccc(Cl)cc1,CHEMBL10830
DEC_3260,decoy,COC(=O)C[C@@H](c1ccc(OC)nc1)N(C)C(=O)CCCCc1nc2c(cc1NC(C)=O)CCCN2,CHEMBL415034
DEC_3790,decoy,COc1ccccc1N1CCN(CCN2C(=O)CC3(CCN(Cc4ccccc4)CC3)CC2=O)CC1,CHEMBL60699
DEC_3045,decoy,CN1CCN(c2nc(Cl)c(Br)c(NC3CCCC3)n2)CC1,CHEMBL31996
DEC_1280,decoy,CCCC[C@]1(c2ccccc2)OC[C@H]([C@@H]2CCCCN2)O1,CHEMBL26985
DEC_3119,decoy,O=C1c2scc(-c3ccccc3O)c2-n2cccc21,CHEMBL286815
DEC_2971,decoy,CCc1cc(Cc2cnc(N)nc2N)cc(C)c1OC,CHEMBL23447
DEC_3824,decoy,O=C1CCC(c2ccccc2)(C2CCN(Cc3cccc(F)c3)CC2)C(=O)N1,CHEMBL10086
DEC_2111,decoy,CC(=O)N(C(=O)N=[S+]([O-])(c1ccc(C)cc1)N(C)C(C)=O)c1ccc(Cl)cc1,CHEMBL7876
DEC_4167,decoy,O[C@@H]1CCC2CN3CCc4cc5c(cc4[C@@H]3C[C@@H]2C1)OCO5,CHEMBL29379
DEC_4479,decoy,OC(c1ccc(Cl)cc1)(c1cncnc1)C1CCCCC1,CHEMBL282079
DEC_3881,decoy,CNc1ccccc1C[S+]([O-])c1nc2ccccc2[nH]1,CHEMBL282226
DEC_0217,decoy,C[C@@]1(N2C(=O)c3ccc([N+](=O)[O-])cc3C2=O)CCC(=O)NC1=O,CHEMBL8781
DEC_4209,decoy,Nc1nc2ccnc(-c3cccc(C(Cl)Cl)c3)n2n1,CHEMBL21591
DEC_4407,decoy,CNc1ncnc2c1ncn2Cc1cccc(OCc2ccccc2)c1,CHEMBL266037
DEC_0828,decoy,CN(C)CCC(c1ccccn1)c1ccc(Cl)cn1,CHEMBL24517
DEC_0687,decoy,Nc1nccc2ccc(OCC(c3ccccc3)N3Cc4cc(-c5ccccc5S(N)(=O)=O)ccc4C3=O)cc12,CHEMBL296334
DEC_1892,decoy,CCn1c(=O)c2c(nc(/C=C/c3cc(OC)c(OC)c(OC)c3)n2C)n(CC)c1=O,CHEMBL422399
DEC_1300,decoy,Cc1cc(C2CCCC2)nc2c(C3CCCC3)cccc12,CHEMBL9640
DEC_0778,decoy,CCCC(=O)OC1=C(c2ccc(OC)cc2)[S+]([O-])c2ccccc2-n2cccc21,CHEMBL284154
DEC_3164,decoy,C=CCn1cc(C2=NCC3(CN4CCC3CC4)O2)c2ccccc21,CHEMBL417239
DEC_3160,decoy,CN1Cc2sc(Cl)cc2C(c2ccc(Br)cc2)C1,CHEMBL275396
DEC_3377,decoy,COc1ccc(Nc2cc3c(cc2Nc2ccc(OC)cc2)C(=O)NC3=O)cc1,CHEMBL7352
ACT_075,active,N#Cc1c(NC(=O)CSc2ncccn2)oc(-c2ccccc2)c1-c1ccccc1,CHEMBL1548231
DEC_3042,decoy,O=C(OC1CN2CCC1CC2)C1=C/C(=C\c2cccnc2)c2ccccc21,CHEMBL21321
DEC_1983,decoy,CCN(c1nc(C)cc(-c2cccc(C(F)(F)F)c2)n1)c1ccc(C(C)C)cc1Br,CHEMBL9975
DEC_1635,decoy,CN(C(=O)[C@H](CC#Cc1ccc(N)c(N)c1)NS(=O)(=O)c1ccc2ccccc2c1)C1CCCC1,CHEMBL266551
DEC_3401,decoy,Cc1cccc(-c2cc(NCCCN3CCN(C)CC3)c3ccccc3n2)c1,CHEMBL21933
DEC_3310,decoy,Cc1ccc(C(C)(C)C)c(SC2=C(O)O[C@](CCc3ccccc3)(c3ccccc3)CC2=O)c1,CHEMBL289402
DEC_0283,decoy,O=C(O)CCC/C=C/C[C@H]1[C@H](/C=N/Oc2ccc(F)cc2)C2CC1(c1ccc(F)cc1)CO2,CHEMBL417793
DEC_2057,decoy,Cc1cc(N2CCOCC2)nnc1Nn1c(C)ccc1C,CHEMBL275534
DEC_2708,decoy,CC1(C)Oc2c(c3nc4ccccc4nc3c3ccccc23)CC1I,CHEMBL15688
DEC_3606,decoy,COc1ccc(/C=C/COc2ccccc2C(=O)O)cc1Cc1cnc(N)nc1N,CHEMBL34641
DEC_4436,decoy,c1cc(OCc2ccc(OCc3nn[nH]n3)cc2)cc(OCc2ccc3ccccc3n2)c1,CHEMBL18866
DEC_0424,decoy,CC(C)c1ccc(C(c2ccns2)N2CCN(C)CC2)cc1,CHEMBL281414
DEC_3339,decoy,Clc1ccccc1CCCN1CCC(COC(c2ccccc2)c2ccccc2)CC1,CHEMBL9288
DEC_3910,decoy,CSc1cc2n(c1C(=O)c1ccc(C)cc1)CCC2C(=O)O,CHEMBL279079
DEC_1443,decoy,COc1ccccc1-c1[nH]c(-c2ccc([S+](C)[O-])cc2)nc1-c1ccncc1,CHEMBL17135
DEC_2190,decoy,O=C1N(CC#Cc2cnc3ccccc3c2)[C@H](Cc2ccccc2)[C@H](O)[C@@H](O)[C@@H](Cc2ccccc2)N1CC#Cc1cnc2ccccc2c1,CHEMBL165384
DEC_4457,decoy,CC(C)c1cccc(C(C)C)c1OS(=O)(=O)NC(=O)Oc1ccc(F)cc1F,CHEMBL278075
DEC_3319,decoy,CCCCCCC1(c2cc(O)c3c(c2)OC(C)(C)[C@@H]2CC=C(C)C[C@@H]32)SCCS1,CHEMBL476325
DEC_2804,decoy,Cc1cccc(NN=C2CCC(C)n3c2ncc(C(=O)O)c3=O)c1C,CHEMBL14086
DEC_4062,decoy,C[C@H](CS)C(=O)N1C[C@@H](C2CCCCC2)C[C@H]1C(=O)O,CHEMBL277976
DEC_0429,decoy,CCO[C@H]1O[C@@H]2O[C@@]3(C)CCC4[C@H](C)CCC([C@H]1C)[C@]42OO3,CHEMBL6635
DEC_1506,decoy,CCN(CC)CCn1nc2c3c(c(CNC(=O)OC)ccc31)Sc1ccc(OC)cc1-2,CHEMBL29836
DEC_4615,decoy,NS(=O)(=O)c1cscc1C(=O)NCCCOc1cccc(C(=O)N2CCCCC2)c1,CHEMBL35795
DEC_3785,decoy,Cc1ccc(S(=O)(=O)N[C@@H]2C3CC(c4ccc(F)cc4)(CO3)[C@H]2C/C=C\COCC(=O)O)cc1,CHEMBL275276
DEC_2588,decoy,C(=N\c1ccc(-c2ncon2)cc1)\c1ccc[nH]1,CHEMBL21837
DEC_4214,decoy,O=C(c1cccc(OCCCNC2=NS(=O)(=O)c3cscc32)c1)N1CCCCC1,CHEMBL37224
DEC_1333,decoy,O=NN(CCF)C(=O)NC1CSCSC1,CHEMBL12519
DEC_0480,decoy,Brc1cccc(Br)c1N(C1=NCCN1)C1CCCC1,CHEMBL417459
DEC_4159,decoy,CCc1ccc([C@H]2CCN(C)CC2C(=O)OC)cc1,CHEMBL19783
DEC_2287,decoy,Cc1cn(C2OC(COC(c3ccccc3)(c3ccccc3)c3ccccc3)C(N=[N+]=[N-])C2O)c(=O)[nH]c1=O,CHEMBL287874
DEC_0234,decoy,CCC(c1ccc(Cl)cc1)(c1ccc(Cl)cc1)c1cncnc1,CHEMBL30047
DEC_3839,decoy,CC12C=CC(=O)C=C1[C@H]1C[C@H]1C1C2CCC2(C)C1CCC21CCC(=O)O1,CHEMBL12638
DEC_0516,decoy,Cc1cc(Br)cnc1NS(=O)(=O)c1cccc2c(N(C)C)cccc12,CHEMBL268116
DEC_2369,decoy,CC1CCCN(CCC(C)N(C)S(=O)(=O)c2cccc3ccccc23)C1,CHEMBL13049
DEC_3190,decoy,CN(C)CCN1C(=O)c2cccc3c2c(cc2sccc23)C1=O,CHEMBL285372
DEC_2865,decoy,CC(C)c1cccc(C(C)C)c1OS(=O)(=O)NC(=O)OC1C2CC3CC(C2)CC1C3,CHEMBL422929
DEC_0933,decoy,Cc1c2cnccc2c(C)c2c1c1ccccc1n2CCN1CCCCC1,CHEMBL28087
DEC_1064,decoy,O=C1C2Oc3c(O)ccc4c3C23CCN(CC2CC2)C(C4)[C@]3(O)CC12Cc1cc3ccccc3cc1C2,CHEMBL49704
DEC_1484,decoy,CCOCc1cc(CCCOc2c(C)cc(-c3noc(C(F)(F)F)n3)cc2C)on1,CHEMBL29963
DEC_2679,decoy,Cc1nnsc1S(=O)(=O)NCCCn1c2c(c3ccccc31)C(=O)CN1CCCCC21,CHEMBL431120
DEC_3987,decoy,NC(Cc1cc(-c2ccccc2)ccc1CCP(=O)(O)O)C(=O)O,CHEMBL281854
DEC_0288,decoy,O=C(O)CCC/C=C/C[C@@H]1[C@@H](COCc2ccccc2)C2CC1(C#Cc1ccccc1)CO2,CHEMBL10923
DEC_3209,decoy,N[C@@H](COCc1ccc(I)cc1)Cc1c[nH]cn1,CHEMBL19329
DEC_3270,decoy,CCCc1c(OCCCOc2cc(NC(=O)c3nn[nH]n3)c(C)cc2Cl)ccc(C(C)=O)c1O,CHEMBL21983
DEC_1271,decoy,NCCc1c[nH]c(-c2cc3ccccc3c3ccccc23)n1,CHEMBL23269
DEC_2552,decoy,CCCCCc1cc(O)c2c(c1)OC(C)(C)[C@@H]1CC[C@H](C)[C@H](O)C21,CHEMBL10475
DEC_4037,decoy,O=C(O)Cc1cccc2c1Cc1c-2nc(O)c2nc(-c3ccccc3C(=O)O)cn12,CHEMBL281658
DEC_4224,decoy,COc1ccccc1N1CCN(CCCON2C(=O)CC3(CCCC3)CC2=O)CC1,CHEMBL10366
DEC_2349,decoy,CCN(Cc1ccc(S(=O)(=O)N2CCNCC2)cc1)c1ccc2c3c(cccc13)C(=O)N2,CHEMBL9728
DEC_2681,decoy,Brc1cccc(Nc2ncnc3cc4c(cnn4CCN4CCOCC4)cc23)c1,CHEMBL38199
DEC_1286,decoy,Cc1cc(/C=C/c2cccnc2)cc(C(C)(C)C)c1O,CHEMBL269164
DEC_1575,decoy,c1ccc(-c2cn[nH]c2)c(NCC2=NCCN2)c1,CHEMBL275844
DEC_1487,decoy,[O-][n+]1ccc(CC(c2ccc(C3(O)CC3)cc2)c2ccc(OC(F)F)c(OC(F)F)c2)cc1,CHEMBL35440
DEC_3723,decoy,COc1cccc2c1CCC1CN(CCn3c(=O)[nH]c4c(sc5ccccc54)c3=O)CC21,CHEMBL289361
DEC_1428,decoy,COc1ccc(C(c2ccc(C(C)C)cc(=O)c2O)c2ccc(C(C)C)cc(OC)c2=O)cc1,CHEMBL281570
DEC_1391,decoy,c1ccc(COCCCOc2ccc([C@H]3CCNC[C@@H]3OCc3ccc4ccccc4c3)cn2)cc1,CHEMBL30846
DEC_0551,decoy,CCCCOC(=O)[C@]12CCC(C)(C)CC1C1C(=O)C=C3[C@@]4(C)C=C(C#N)C(=O)C(C)(C)[C@@H]4CC[C@@]3(C)[C@]1(C)CC2,CHEMBL8183
DEC_3964,decoy,O=C(NC1CCCCC1)NC1CCCC(NC(=O)NC2CCCCC2)C1,CHEMBL13526
DEC_2042,decoy,CCOc1c(N2CCNC(C)C2)c(F)cc2c(=O)c(C(=O)O)cn(C3CC3)c12,CHEMBL15372
DEC_4337,decoy,CC(C)c1cccc(C(C)C)c1NC(=O)NS(=O)(=O)N(C1CCCCC1)C1CCCCC1,CHEMBL22476
DEC_4636,decoy,CCN(CC)CCn1nc2c3c(c(CNS(C)(=O)=O)ccc31)Sc1ccc(O)cc1-2,CHEMBL30104
DEC_3885,decoy,CCc1[nH]c(O)nc1C(=O)c1ccc(-n2ccnc2C)cc1C,CHEMBL26137
DEC_2799,decoy,O=C1NCN(c2ccccc2)C12CCN(C1CCc3ccccc31)CC2,CHEMBL284414
DEC_0915,decoy,CN1CCN(c2nc3ccccc3c(Cl)c2Sc2ccccc2)CC1,CHEMBL15242
DEC_4186,decoy,CC[C@]1(c2cccc(Cl)c2)OC[C@H]([C@@H]2CCCCN2)O1,CHEMBL280739
DEC_0607,decoy,Cc1cc(C)c2c(c1)COP(=O)(OCC1CCC(n3cnc4c(N)ncnc43)O1)O2,CHEMBL42698
DEC_2547,decoy,CCC(=O)NCCc1c2n(c3ccc(OC)cc13)Cc1ccccc1-2,CHEMBL274317
DEC_4146,decoy,CCN1CCC(OC(=O)c2c(C)[nH]c(C)c2C)CC1,CHEMBL288944
DEC_0246,decoy,Cc1cc(C(O)(c2ccc(C(C)C)cc2)C2CCN(C)CC2)sn1,CHEMBL277687
DEC_2826,decoy,Nc1nc(N)c2c(CSc3ccc(Cl)c(Cl)c3)c[nH]c2n1,CHEMBL17430
DEC_1307,decoy,CCCC(=O)c1cc(C(C)(C)C)c2c(c1)C(C)(C)CO2,CHEMBL13980
DEC_0324,decoy,CC(C)=CCC/C(C)=C/CC/C(=C/CC/C(C)=C/CO)CO,CHEMBL285815
DEC_3944,decoy,COc1ccc2c3c1OC1[C@H](O)[C@](CO)(CCCCCc4ccccc4)CC4C(C2)N(CC2CC2)CCC341,CHEMBL276598
DEC_0154,decoy,CN(CCCn1c(N)nc2cc(Cl)c(Cl)cc21)CCCn1c(N)nc2cc(Cl)c(Cl)cc21,CHEMBL416809
DEC_4483,decoy,CC1(O)C[C@@]23CCC4c5ccoc5CC[C@@]4(C)C2CCC1C3,CHEMBL283392
DEC_1954,decoy,CCCN1N=C2/C(=C/c3ccc(C(C)(C)C)cc3)CS(=O)(=O)CC2C1c1ccc(C(C)(C)C)cc1,CHEMBL435570
DEC_1849,decoy,CC(=O)OC1C[C@@]23CCC4c5ccoc5C=C[C@@]4(C)C2CCC1C3,CHEMBL284251
DEC_4400,decoy,O=C1NC(=O)C(CC#Cc2ccccc2)(S(=O)(=O)c2ccc(F)cc2)S1,CHEMBL12244
DEC_1217,decoy,N#C/C(=C\c1ccc(Oc2ccccc2)c(I)c1)C(=O)NCCCc1ccccc1,CHEMBL290689
DEC_0672,decoy,CN1C(=O)C23CC4C1(CN2CC[C@@]3(C)OCc1ccccc1)CC1(C(=O)Nc2c1ccc1c2OC=CC(C)(C)O1)C4(C)C,CHEMBL42362
DEC_2570,decoy,CC(C)Cn1c(=O)c2nc[nH]c2n(CC(C)C)c1=O,CHEMBL26350
DEC_2242,decoy,O=C(O)CC1C(=O)N(Cc2ccc(Br)cc2F)C(=O)c2ccc(F)cc21,CHEMBL10350
DEC_1743,decoy,O=S(=O)(c1nc(-c2ccc(F)cc2)c(-c2ccc(C(F)(F)F)cc2)[nH]1)C(F)(F)C(F)F,CHEMBL418362
DEC_0069,decoy,C[C@@H](N)Cc1c2ccoc2c(Br)c2ccoc12.Cl,CHEMBL6706
DEC_3217,decoy,C[C@@H]1[C@@H](N)CN1c1cc2c(cc1F)c(=O)c(C(=O)O)cn2C1CC1,CHEMBL19760
DEC_4279,decoy,CN(C)C/C=C(/c1ccc(Cl)cc1)c1cccnc1,CHEMBL36546
DEC_2278,decoy,Cn1cncc1C(OCc1ccc(C#N)nc1N1CCN(C(=O)OC(C)(C)C)CC1)c1ccc(C#N)cc1,CHEMBL41518
DEC_1796,decoy,CCNC1CCc2c(SC)ccc(OC)c2C1,CHEMBL30319
DEC_1475,decoy,CS(=O)(=O)c1nc(-c2ccccc2Cl)c(-c2ccccc2Cl)[nH]1,CHEMBL280084
DEC_1977,decoy,SC1=Nc2ccc(Br)cc2-c2nc(-c3ccccc3)cc(-c3ccccc3)c2C1,CHEMBL24094
DEC_2334,decoy,COc1cccc2c1CC[C@H]1CN(CCn3c(=O)[nH]c4c(sc5ncncc54)c3=O)C[C@@H]21,CHEMBL288678
DEC_3294,decoy,O=C(O)C(COc1ccccc1)C[C@@H](Cc1ccc(-c2ccccc2)cc1)C(=O)NCc1nn[nH]n1,CHEMBL284818
DEC_4098,decoy,O=C(O)C(=O)CC(=O)c1ccc(-c2ccc(Br)cc2)cc1,CHEMBL282504
DEC_4087,decoy,O=C1C(Cl)=C(Nc2ccc(CCO)cc2)C(=O)c2ncccc21,CHEMBL430290
DEC_0215,decoy,C[C@@]1(N2C(=O)c3cccc([N+](=O)[O-])c3C2=O)CCC(=O)NC1=O,CHEMBL9191
DEC_1076,decoy,Cc1nn(C(=O)c2ccc(S(=O)(=O)NC(=O)NC3CCCCC3)cc2)c(C)c1Br,CHEMBL415905
DEC_4007,decoy,COc1cc(NC(=O)c2cc3cc(O)ccc3[nH]2)cc(OC)c1OC,CHEMBL277875
DEC_0134,decoy,CC[C@H]1Nc2cc3nc(O)cc(C(F)(F)F)c3cc2CC1(CC)CC,CHEMBL267471
DEC_0055,decoy,Cc1cc(C(c2ccc(C(C)(C)C)cc2)N2CCN(C)CC2)sn1,CHEMBL22095
DEC_3297,decoy,COC(=O)[C@H](CC(C)C)NC(=O)c1ccc(NC[C@@H](N)CS)cc1-c1cccc2ccccc12,CHEMBL282748
DEC_1792,decoy,CCC[C@]1(c2ccccc2)OC[C@H]([C@@H]2CCCCN2)O1,CHEMBL284666
DEC_1172,decoy,Nc1ccc(-c2nc3n(c2-c2ccc(N)cc2)CCS3)cc1,CHEMBL274706
DEC_0204,decoy,CC(=O)OC1CCn2c1nc1c2C(=O)C(C)=C(N2CC2)C1=O,CHEMBL447524
DEC_4576,decoy,CC(C)OC(=O)[C@@H]1C2CC[C@H](C[C@@H]1c1ccc(I)cc1)N2CCF,CHEMBL38653
DEC_1342,decoy,CC(=O)OC1CCC(NC(=O)N(CCF)N=O)CC1,CHEMBL418159
DEC_0131,decoy,Cc1cccc(C)c1NC(=O)c1c(C)n(-c2c(C)cccc2C)c(C)cc1=O,CHEMBL30226
DEC_4282,decoy,CN1CCN2c3ccccc3Cc3ccsc3C2C1,CHEMBL13645
DEC_1026,decoy,COc1ccccc1N1CCN(CCCSc2nc3sc4c(c3c(=O)n2N)CCC4)CC1,CHEMBL12170
DEC_1141,decoy,CC(C)(C)c1cc(-c2nnc(S)o2)cc(C(C)(C)C)c1O,CHEMBL276916
DEC_2487,decoy,O=C1OC2(CCN(CCc3c[nH]c4ccccc34)CC2)CN1CCc1ccccc1,CHEMBL28146
DEC_3852,decoy,COc1ccc2c3c1OC1C(=O)[C@@H](C)[C@H](C)C4C(C2)N(CC2CCC2)CCC314,CHEMBL284568
DEC_4207,decoy,OCCC12NC(Cc3ccccc31)C1CCCCC12,CHEMBL9282
DEC_0180,decoy,CC(C)(C)C(=O)Oc1cc(C(C)(C)C)ccc1C/N=C(\S)NCc1ccc(NS(C)(=O)=O)cc1,CHEMBL44057
DEC_1702,decoy,CCN(c1nc(C)cc(-c2ccccc2N(C)C)n1)c1ccc(C(C)C)cc1Br,CHEMBL9794
DEC_0519,decoy,Cc1cccc(SC2(CC#Cc3ccc(Cl)cc3)SC(=O)NC2=O)n1,CHEMBL276216
DEC_1195,decoy,O=S1(=O)c2cccc3cccc(c23)N1CCCN1CC=C(c2c[nH]c3ccc(Br)cc23)CC1,CHEMBL276565
DEC_4306,decoy,CN(C)CCC(=O)c1cc(C(C)(C)C)c2c(c1)C(C)(C)CO2,CHEMBL13592
DEC_4372,decoy,CC(CN1CCCCC1)OC(=O)C1CCCCN1C(=O)C(=O)C(C)(C)C,CHEMBL266301
DEC_2459,decoy,Clc1ccc(C2COC(Cn3ccnc3)(c3ccccc3Cl)O2)c(Cl)c1,CHEMBL283668
DEC_4270,decoy,CCC(=O)C1C(c2ccc(C)cc2)CC2CCC1N2C,CHEMBL23142
DEC_2534,decoy,CN1C2CCC1[C@@H]([C@H](O)C(F)(F)F)[C@@H](c1ccc(Cl)cc1)C2,CHEMBL285611
DEC_3350,decoy,CC(C)(C)c1ccc(C(O)CCCN2CCC(C(O)(c3ccccc3)c3ccccc3)CC2)cc1,CHEMBL17157
DEC_2690,decoy,CC(C)(C)[Si](C)(C)OCC1OC(n2ccc(N)nc2=O)C(O[Si](C)(C)C(C)(C)C)C1C#N,CHEMBL299357
DEC_1739,decoy,Fc1ccc(C(OC2CC3CCC(C2)N3C/C=C/c2ccccc2)c2ccc(F)cc2)cc1,CHEMBL275979
DEC_3496,decoy,c1ccc(Cc2nn[nH]n2)c(COc2ccc(OCc3ccc4ccccc4n3)cc2)c1,CHEMBL18518
DEC_2210,decoy,Cc1ccc(C2(Cn3ccnc3)OCC(c3ccc(Br)cc3)O2)cc1,CHEMBL29578
DEC_3126,decoy,NC(=O)c1cc2c(Sc3ccccc3)cncc2s1,CHEMBL267456
DEC_1801,decoy,C[C@@H]1CCC[C@@H](C)C12OOC1(OO2)[C@@H](C)CCC[C@@H]1C,CHEMBL441514
DEC_1924,decoy,CC1(C(=O)Nc2ccc(-c3ccccc3S(N)(=O)=O)cc2)CC(c2ccc(Cl)c(N)c2)=NO1,CHEMBL7905
DEC_2473,decoy,CC(C)(CC(=O)O)Cc1nc2cc(Cl)ccc2n1Cc1ccc(Cl)cc1F,CHEMBL18141
DEC_0626,decoy,C=C1/C=C(\C)[C@H](CC)OC(=O)[C@H](C)C(=O)[C@@](O)(CO)C/C(OCC(F)(F)F)=C/[C@@H](C)C1,CHEMBL32487
DEC_3465,decoy,O=C1CCC(=O)N1CCCCCn1c(C2CCNCC2)nc2cc(Cl)c(Cl)cc21,CHEMBL281162
DEC_2585,decoy,c1ccc2c(c1)OC1(CCNC1)C2n1cccc1,CHEMBL433043
DEC_0527,decoy,CCCCCCCCCCCc1ccc(Oc2ccc(C)cc2CC(=O)O)c(Cl)c1,CHEMBL28529
DEC_2368,decoy,O=C(c1ccc(Cl)cc1)C(O)(Cn1ccnc1)c1ccc(Cl)cc1,CHEMBL273710
DEC_0611,decoy,CCC(C)(O)C#Cc1nc(NCc2ccc3c(c2)OCO3)c2ncn(C(C)C)c2n1,CHEMBL286491
DEC_0709,decoy,Oc1cc(C(F)(F)F)c2cc3c(cc2n1)NC[C@H]1CCCC[C@H]31,CHEMBL25802
DEC_0949,decoy,C[C@@H](N)Cc1c2c(c(Br)c3c1OCC3)OCC2.Cl,CHEMBL6710
DEC_0500,decoy,Cc1cc(C(c2ccc(C(C)C)cc2)N2CCN(S(C)(=O)=O)CC2)sn1,CHEMBL279899
DEC_0322,decoy,OCCCCCCC(Br)CCCCCO,CHEMBL17721
DEC_3378,decoy,O=S(=O)(CC(F)(F)F)Nc1cccc(OCc2ccc3ccccc3n2)c1,CHEMBL18140
DEC_4691,decoy,Brc1ccc2[nH]c3c(c2c1)CCN=C3,CHEMBL6626
DEC_2544,decoy,CC(C)(CC(=O)O)Cc1nc2cccnc2n1Cc1ccc(Cl)cc1,CHEMBL17990
DEC_2880,decoy,Cc1ccc(Sc2cncc3sc(/C=N/OCc4ccccc4)cc23)cc1,CHEMBL6324
DEC_1339,decoy,OCC1CC(F)C(n2cnc3c(Cl)ncnc32)O1,CHEMBL279379
DEC_1332,decoy,COP(=O)(CC1OC(C)(C)C(C)(C)O1)OC,CHEMBL19632
DEC_4506,decoy,CN[C@H]1CC[C@@H](c2ccccc2OC)c2ccccc21,CHEMBL39919
DEC_1989,decoy,CC1(C)CC[C@]2(C#N)CC[C@]3(C)C(C(=O)C=C4[C@@]5(C)C=C(C(=O)O)C(=O)C(C)(C)[C@@H]5CC[C@]43C)C2C1,CHEMBL266735
DEC_3259,decoy,CNc1cc(NC(=O)OC)ccc1NC1=C2C=CCC(OC)(OC)C2=NC2C1=CC=CC2(OC)OC,CHEMBL417344
DEC_0368,decoy,CCCCCCCC1(c2ccc(N)cc2)CCC(=O)NC1=O,CHEMBL29338
DEC_3148,decoy,OC1CCCCC1N1CCC(c2ccc(Cl)cc2)CC1,CHEMBL21165
DEC_1991,decoy,CCN(c1nc(C)cc(-c2ccccc2C(F)(F)F)n1)c1ccc(C(C)C)cc1Br,CHEMBL10175
DEC_0213,decoy,Nc1nnnn1C(=O)c1cn2c(n1)COc1ccccc1-2,CHEMBL13211
DEC_0589,decoy,Cn1c(-c2ccc(Cl)cc2)c(CCC(=O)N2CCC(O)(Cc3ccccc3)CC2)c2cc(-c3ccco3)ccc21,CHEMBL418186
DEC_1265,decoy,CCC(C)(C)/N=c1\c(O)c(O)\c1=N/Cc1ccc(C)cc1C,CHEMBL20101
DEC_3295,decoy,C=CC(=O)Nc1nc2c(Nc3ccc(F)c(Cl)c3)ncnc2cc1OCCCN1CCOCC1,CHEMBL31656
DEC_4262,decoy,C1CCCCCC2(CCCCC1)OOCCCOO2,CHEMBL30214
DEC_3306,decoy,CC(=O)NCC(=O)N1C(C(=O)N/C=C\c2c[nH]c3cc(OCc4ccccc4)ncc23)CSC1(C)C,CHEMBL45475
DEC_1171,decoy,CC(=O)C1CCC2C(=O)C3=C(O)c4c(O)ccc(O)c4CC3CC2C1,CHEMBL30252
DEC_3538,decoy,[O-][S+](c1nc(-c2ccc(Cl)cc2)c(-c2ccc(Cl)cc2)[nH]1)C(F)F,CHEMBL279824
DEC_0223,decoy,CCN1C(=O)N(C2CCN(C3CCC(C(C)C)CC3)CC2)[C@@H]2CCCC[C@H]21,CHEMBL282195
DEC_2047,decoy,CC1CCC(N=Nc2ccccc2C(=O)O)=C2N(C)C=C(C(=O)O)C(=O)N21,CHEMBL14654
DEC_3826,decoy,O=c1ccn(-c2ccc(Oc3ccc(Cl)cc3)c(Cl)c2)c(=O)[nH]1,CHEMBL276629
DEC_2313,decoy,Cc1c(N2CC[C@@H]([C@H](C)N)C2)c(F)c(N)c2c(=O)c(C(=O)O)cn([C@@H]3C[C@@H]3F)c12,CHEMBL7391
DEC_1685,decoy,O=C(OCCCc1ccc(Br)cc1)[C@@H]1CCCN1C(=S)NC12C[C@H]3C[C@@H](C1)C[C@@H](C2)C3,CHEMBL33934
DEC_0897,decoy,CO[C@]1(c2cnc(S(=O)(=O)c3ccc(/C(C)=N/OCC#N)cc3)s2)CCO[C@@H](C)C1,CHEMBL25627
DEC_0334,decoy,CCCCCCC/C=C(\NC(=O)C1CC1(C)C)C(=O)O,CHEMBL275227
DEC_1689,decoy,Cc1c(/C=C/CN2CCCC2)nc(O)c2c1ccc1nc(Nc3c(Cl)cccc3Cl)n(C)c12,CHEMBL432089
DEC_3820,decoy,O=C1NCN(c2ccccc2)C12CCN([C@@H]1CCCc3ccccc31)CC2,CHEMBL27716
DEC_3301,decoy,N#Cc1ccc2c(O)c(C(=O)Nc3ccc(OCCCCCCCC(=O)O)cc3)c(O)nc2c1,CHEMBL10230
DEC_2725,decoy,CC(=O)[C@@]12OC(C)(c3ccc(F)cc3)O[C@@H]1CC1C3CCC4=CC(=O)CC[C@]4(C)C3CC[C@@]12C,CHEMBL13733
DEC_1785,decoy,CCc1[nH]c(O)nc1C(=O)c1ccc(-n2ccnc2)cc1C,CHEMBL26536
DEC_2432,decoy,Cc1nsc(-c2ccc(N3CCN(c4cccc(C(F)(F)F)c4)CC3)nn2)n1,CHEMBL14594
DEC_0604,decoy,CC(C)=CC[C@@H](OC(=O)C(Cl)(Cl)Cl)C1=CC(=O)c2c(O)ccc(O)c2C1=O,CHEMBL8794
DEC_1231,decoy,O=NN(CCCl)C(=O)NC1C2CC3CC(C2)CC1C3,CHEMBL12424
ACT_086,active,N[C@H](c1ccc(O)cc1Cl)[C@@H](NC=O)c1ccc(O)cc1Cl,CHEMBL354219
DEC_1560,decoy,NCCc1c[nH]c(Cc2ccc(C(F)(F)F)cc2)n1,CHEMBL24708
DEC_3588,decoy,CCCCNC(=O)CC1CCN(c2nc(N)c3cc(OC)c(OC)cc3n2)CC1,CHEMBL6789
DEC_3084,decoy,CCCCCc1c(C(C)C)nc(C(C)C)c(CO)c1-c1ccc(Cl)cc1Cl,CHEMBL276984
DEC_1611,decoy,CCc1nc2ccn(CC(=O)N(C)C)c(=O)c2n1Cc1ccc(-c2ccccc2-c2nn[nH]n2)cc1,CHEMBL291043
DEC_2523,decoy,CCCCc1ccc(N)c(C[S+]([O-])c2nc3ccccc3[nH]2)c1,CHEMBL20321
DEC_4072,decoy,CS/C(=N\CCSCc1c[nH]c2ccccc12)NC#N,CHEMBL12059
DEC_1557,decoy,O=C1NC(=O)/C(=C\c2c(Cl)cccc2Cl)N1,CHEMBL289659
DEC_2249,decoy,O=C1NCN(c2ccccc2)C12CCN(C1CCc3cc(Cl)ccc3C1)CC2,CHEMBL27093
DEC_1659,decoy,CO[C@@H]1[C@H](N(C)C)CC2O[C@]1(C)n1c3ccccc3c3c4c(c5c6ccccc6n2c5c31)C(=O)OC4,CHEMBL293750
DEC_2259,decoy,COc1cc(Nc2c(C#N)cnc3cc(OCCCN4CCN(C)CC4)c(OC)cc23)c(Cl)cc1Cl,CHEMBL288441
DEC_1183,decoy,CN(C)CC(c1ccccc1)c1nnc2n1-c1ccc(I)cc1C(c1ccccc1)=NC2,CHEMBL16470
DEC_0219,decoy,CCOC(=O)n1nc(-c2nc3ccccc3n2C)oc1=O,CHEMBL279057
DEC_1784,decoy,CCc1[nH]c(O)nc1C(=O)c1ccc(-n2ccnc2)c(C)c1,CHEMBL26535
DEC_4417,decoy,c1ccc(OCc2nn[nH]n2)c(COc2ccc(OCc3ccc4ccccc4n3)cc2)c1,CHEMBL18699
DEC_1687,decoy,CC(C)N1[C@H](C)CN(C(=O)N2Cc3c(C(=O)OC(C)(C)C)ncn3-c3ccc(Cl)cc32)C[C@@H]1C,CHEMBL15319
DEC_0074,decoy,Cc1ccc(C2(Cn3ccnc3)OCC(c3ccccc3Cl)O2)cc1,CHEMBL30205
DEC_2940,decoy,N[C@H](COCc1ccc(Br)cc1)Cc1c[nH]cn1,CHEMBL418736
DEC_1527,decoy,O=C(O)[C@@H]1C[C@H](c2ccccc2)CN1C(=O)CP(=O)(O)CCCCc1ccccc1,CHEMBL279178
DEC_4692,decoy,COc1cc(C(C)(C)C)c(OC)cc1CC(C)N,CHEMBL8317
DEC_4347,decoy,CC(C)Sc1ccc(CC2CCN(C3CCN(C(=O)c4cccc5cccnc45)CC3)CC2)cc1,CHEMBL12268
DEC_2637,decoy,NCCc1c[nH]c(Cc2ccccc2Cl)n1,CHEMBL24546
DEC_2189,decoy,CC1=NC(C)=C(C(=O)OCN2C(=O)c3ccccc3S2(=O)=O)C(c2ccccc2C(F)(F)F)/C1=C(\O)OCC1CCCCO1,CHEMBL312276
DEC_3888,decoy,Clc1cccc(-c2cncc(O[C@@H]3CCNC3)c2)c1,CHEMBL10173
DEC_3522,decoy,O=C(NC1(c2ccccc2)CCCC1)c1cc(-c2ccccc2)nc2ccccc12,CHEMBL10031
DEC_4104,decoy,Nc1ccc(C23CC2C(=O)N(CC2CCCCC2)C3=O)cc1,CHEMBL281947
DEC_2082,decoy,COc1c(C)cc(Cc2cnc(N)nc2N)cc1C,CHEMBL287553
DEC_4301,decoy,S=C=Nc1ccc(-c2nc(-c3ccccn3)no2)cc1,CHEMBL21771
DEC_0430,decoy,Nc1ncnc2ccc([S+]([O-])c3ccc4ccccc4c3)cc12,CHEMBL269589
DEC_3487,decoy,COc1c(C)c(C)c(O)c(C)c1CN(C)CCOc1cc(C)c(O)cc1C(C)C,CHEMBL25300
DEC_4681,decoy,CCCc1nccc2c1[nH]c1cc(F)ccc12,CHEMBL14441
DEC_4540,decoy,CCCCCc1cc(O)c2c(c1)OC(C)(C)[C@@H]1CCC(CN(C)C)CC21,CHEMBL28722
DEC_1938,decoy,CC(C)(N)CC(=O)N[C@@H]1CC(=O)c2ccccc2N(Cc2ccc(-c3ccccc3-c3nn[nH]n3)cc2)C1=O,CHEMBL277042
DEC_3092,decoy,FC(F)(F)c1cc(CO[C@H]2CCCC[C@H]2c2ccccc2)cc(C(F)(F)F)c1,CHEMBL27026
DEC_0392,decoy,Cc1cc2c(s1)CNCC2c1ccc(Br)cc1,CHEMBL15953
DEC_3427,decoy,Clc1ccc(C(c2ccc(Cl)cc2)C(Cl)(Cl)Cl)cc1,CHEMBL416898
DEC_1086,decoy,CCC(CC)NC(=O)N[C@H](C(=O)N1CCCC(C(=O)NC)C1C(=O)N[C@@H](CC(=O)O)C(=O)N[C@@H](CC(C)C)C(=O)O)C(C)(C)C,CHEMBL420185
DEC_0947,decoy,Cc1cc(C)cc(COC2/C(=C/c3ccccc3)N3CCC2CC3)c1,CHEMBL277260
DEC_3031,decoy,C=C(c1c(C)ccc(C)c1OCC(O)CNC(C)(C)C)n1ccnc1,CHEMBL15516
DEC_4139,decoy,CN(C)C/C=C(/c1ccc(C#N)cc1)c1cccnc1,CHEMBL36095
DEC_3176,decoy,COc1cc2c(cc1OC)C(C)=[N+]([O-])C(c1cccs1)N2,CHEMBL30112
DEC_0766,decoy,O=C1NC(=O)C(CC#Cc2ccc(Cl)cc2)(Sc2ccc(F)cc2)S1,CHEMBL428177
DEC_1135,decoy,C[C@@H](/N=c1\c(O)c(O)\c1=N/c1ccc2c[nH]nc2c1)C(C)(C)C,CHEMBL18971
DEC_4679,decoy,COc1ccc(OC)c2c1C1CCC2[C@@H](N)C1,CHEMBL286226
ACT_032,active,Nc1ccc(CNc2nc(Cl)nc3scc(-c4ccccc4)c23)cc1,CHEMBL5201138
DEC_0125,decoy,N#Cc1cc(-c2ccc3c(c2)C2(CCCCC2)C(S)=N3)ccc1F,CHEMBL282774
DEC_2355,decoy,CC(C)Oc1nc(C(Cl)(Cl)Cl)c(Cl)c(OC(C)C)c1Cl,CHEMBL275717
DEC_1519,decoy,CCCCc1nn(C2CCC2)c(C(=O)O)c1Cc1ccc(-c2ccccc2-c2nn[nH]n2)cc1,CHEMBL22773
DEC_0804,decoy,CCCC[n+]1ccc(/C=C/c2ncc[nH]2)cc1.F[B-](F)(F)F,CHEMBL37934
DEC_0087,decoy,CCCCN(C1=NCCN1)c1c(Br)cccc1Br,CHEMBL20093
DEC_1164,decoy,CC[C@@H]1Cc2cc3c(C(F)(F)F)cc(O)nc3cc2N[C@@H]1C,CHEMBL266269
DEC_4375,decoy,O=S(=O)(Nc1cccc(OCc2cnc3ccccc3n2)c1)C(F)(F)F,CHEMBL17774
DEC_2059,decoy,O=C1CN2Cc3c(ccc(Cl)c3Cl)N=C2N1,CHEMBL760
DEC_4052,decoy,Cc1nccn1N[C@H]1c2cc(S(=O)(=O)N3CCCCC3)ccc2OC(C)(C)[C@@H]1O,CHEMBL11183
DEC_2330,decoy,C/C=C(/C)C(=O)O[C@@]12C[C@@H](C)[C@]3(O)C4C=C(C)C(=O)[C@@]4(O)CC(CO)=C[C@H]3[C@@H]1C2(C)C,CHEMBL415108
DEC_4496,decoy,C/C(=C\c1ccc(C(=O)O)cc1)c1ccc(C(C)(C)C)cc1,CHEMBL13022
DEC_2678,decoy,COc1cccc2c1CC[C@H]1CN(CCn3c(=O)[nH]c4c(sc5cccc(Cl)c54)c3=O)C[C@@H]21,CHEMBL291154
DEC_1061,decoy,COC(=O)c1c(C(F)(F)F)[nH]c2c1C13CC1CN(C(=O)c1cc4cc(OC)ccc4[nH]1)C3=CC2=O,CHEMBL297000
DEC_0355,decoy,O=C(O)CCCC/C=C(/c1ccccc1)c1cccnc1,CHEMBL28196
DEC_1661,decoy,CC(=O)N1CCc2ccc(N(C(=O)C#Cc3ccccc3)C3CCN(Cc4ccccc4)CC3)cc21,CHEMBL417641
DEC_4127,decoy,CSc1ccc(/C=C/C2=CC(=O)C(C)(C)O2)cc1,CHEMBL17756
DEC_0367,decoy,CCCCCCC/C=C/C(=O)CCc1ccc(O)c(OC)c1,CHEMBL25893
DEC_1999,decoy,COc1c(C(=O)NC2CCN(C3C4CCCC3CCC4)CC2)cc(Br)c2ccccc12,CHEMBL53401
DEC_2993,decoy,NCC1CCCN(c2cc3c(cc2F)c(=O)c(C(=O)O)cn3C2CC2)C1,CHEMBL15210
DEC_0783,decoy,Clc1ccc([C@@]2(Cn3cncn3)OCO[C@@H]2c2ccc(Cl)cc2Cl)cc1,CHEMBL443230
DEC_1019,decoy,CCCn1c(=O)c2nc(-c3cc(OCC(=O)Nc4ccc5c(c4)OCO5)no3)[nH]c2n(CCC)c1=O,CHEMBL32582
DEC_1597,decoy,c1ccc2c(NCCCCCCCNc3c4c(nc5ccccc35)CCCC4)c3c(nc2c1)CCCC3,CHEMBL32823
DEC_3796,decoy,C=CC(=O)N(C)c1nc2c(Nc3ccc(F)c(Cl)c3)ncnc2cc1OCCCN1CCOCC1,CHEMBL31630
DEC_3521,decoy,O=c1cc(C(F)(F)F)c2cc3c(cc2o1)NCCC3C(F)(F)C(F)(F)F,CHEMBL266928
DEC_4113,decoy,Cc1c(N(C)C)nc2cc(N(C)C)ccc2c1Cl,CHEMBL27541
DEC_1637,decoy,CCCn1c(=O)c2nc(-c3cc(NC(=O)Cc4ccc5c(c4)OCO5)nn3C)[nH]c2n(CCC)c1=O,CHEMBL32591
DEC_2612,decoy,CN1C[C@H](CO)C[C@@H]2c3cccc4[nH]cc(c34)C[C@H]21,CHEMBL290217
DEC_1715,decoy,C[Si](C)(C)c1ccc(C2=C(Cc3ccccc3)c3ccccc3C3=NCCCN32)cc1,CHEMBL276026
DEC_1015,decoy,Cc1noc(NS(=O)(=O)c2ccsc2C(=O)Nc2cc3c(cc2CC#N)OCO3)c1Cl,CHEMBL417719
DEC_0235,decoy,Clc1ccc(CN2CCc3ccccc3C2Cn2ccnc2)c(Cl)c1,CHEMBL27895
DEC_2661,decoy,CC(=O)NCCc1cc2cc(C(=O)N3CCC(N4C(=O)OCc5ccccc54)CC3)ccc2o1,CHEMBL30667
DEC_4345,decoy,Clc1cc2nc(C3CCNCC3)n(CCCCCn3cnc4ccccc43)c2cc1Cl,CHEMBL20276
DEC_2431,decoy,CN(C)c1ccc(Nc2nc(NC3CCC(N(C)C)CC3)nc3ccccc23)cc1,CHEMBL31939
DEC_2991,decoy,CC(C)=CC[C@@H](OC(=O)C(C)C)C1=CC(=O)c2c(O)ccc(O)c2C1=O,CHEMBL9416
DEC_3138,decoy,CC(=O)NCCc1c2n(c3ccccc13)Cc1ccccc1-2,CHEMBL9765
DEC_0538,decoy,CCCCCCCCCCOc1ccc(C(=O)Nc2c(C)cc(C)c3c2OC(C)(C)C3)cc1,CHEMBL23740
DEC_0116,decoy,[N-]=[N+]=Nc1ccc(-c2nc(-c3ccncc3)c(-c3ccc(F)cc3)[nH]2)cc1,CHEMBL17480
DEC_0248,decoy,Clc1ccccc1C(c1ccccc1)(c1ccccc1)n1ccnc1,CHEMBL104
DEC_2343,decoy,CCc1nc2c(n1Cc1ccc(-n3cccc3-c3nn[nH]n3)cc1)/C(=C/C(=O)O)CCCC2,CHEMBL43540
DEC_4260,decoy,CNc1nsc(-c2ccc(N3CCN(c4cccc(C(F)(F)F)c4)CC3)nn2)n1,CHEMBL14854
DEC_3082,decoy,CCCC(=O)c1cc(C(C)(C)C)c2c(c1)C(C1CCCC1)(C1CCCC1)CO2,CHEMBL14877
DEC_3607,decoy,COc1ccc(C#CCOc2ccccc2C(=O)O)cc1Cc1cnc(N)nc1N,CHEMBL35437
DEC_2856,decoy,O=S1(=O)c2cccc3cccc(c23)N1CCN1CC=C(Cc2c[nH]c3ccc(F)cc23)CC1,CHEMBL19051
DEC_1177,decoy,CC(/N=c1\c(O)c(O)\c1=N/c1cnc2ccccc2c1)C(C)(C)C,CHEMBL19007
DEC_1416,decoy,CCCCC1Nc2ccc(CC)cc2C(=O)N1Cc1ccc(-c2ccccc2-c2nn[nH]n2)cc1,CHEMBL15519
DEC_0545,decoy,CC(C)(CCCCCCCCOc1ccc(CCCCc2ccccc2)cc1)C(=O)O,CHEMBL281789
DEC_1297,decoy,CCCCC(=O)c1cc(C(C)(C)C)c2c(c1)C(C)(C)CO2,CHEMBL13661
DEC_3257,decoy,CC1CN(c2nc3c(cc2F)c(=O)c(C(=O)O)cn3C(C)(C)C)CCN1,CHEMBL25807
DEC_1620,decoy,CCS(=O)(=O)c1ccc2c(c1)/C(=C/c1[nH]c3c(c1CCCN1CCC(O)CC1)CCCC3)C(=O)N2,CHEMBL298566
DEC_1441,decoy,Cc1ccccc1-c1cc(N(Cc2ccccc2)Cc2c[nH]cn2)ccc1C#N,CHEMBL282368
DEC_0782,decoy,Clc1ccc([C@H]2OCO[C@]2(Cn2cncn2)c2ccc(Cl)cc2Cl)cc1,CHEMBL10329
DEC_4410,decoy,CN1Cc2c(C(=O)OC(C)(C)C)ncn2-c2ccc(N=[N+]=[N-])cc2C1=O,CHEMBL6421
DEC_3740,decoy,COc1cc2c(cc1OC)-c1cc(N(C(C)=O)c3c(C)cc(C)cc3C)nc(=O)n1CC2,CHEMBL417139
DEC_3556,decoy,Cc1ccccc1OC1CCN(CCC2CCCc3ccccc3C2=O)CC1,CHEMBL269400
DEC_0026,decoy,Cn1cncc1C(NN1CCC(C#N)=C(c2cccc3ccccc23)C1)c1ccc(C#N)cc1,CHEMBL280847
DEC_3266,decoy,O=P(O)(O)C(Cc1ccc2c(c1)OCO2)N[C@@H](Cc1ccc(-c2ccccc2)cc1)c1nnn[nH]1,CHEMBL268473
DEC_4106,decoy,CC1CC/C(=N\Nc2ccccc2Cl)c2ncc(C(=O)O)c(=O)n21,CHEMBL276937
DEC_4526,decoy,COc1ccccc1N1CCN(CCCC2=CCCc3ccccc32)CC1,CHEMBL8644
DEC_3736,decoy,COc1cc2c(cc1OC)[C@@H]1C(=O)c3ccc4c(c3O[C@@H]1CO2)Cc1cc(C(C)C)oc1C4,CHEMBL297635
DEC_1542,decoy,COc1c(C)c(OC)c(CN)c(O)c1Cl,CHEMBL30748
DEC_2593,decoy,C/C=C(\NC(=O)CCC1CCCCC1)C(=O)O,CHEMBL273854
DEC_2220,decoy,O=C1C(Cl)=C(Nc2ccc(I)cc2)C(=O)c2cnccc21,CHEMBL11408
DEC_3581,decoy,CCCc1cc2nc(O)nc-2c(O)n1Cc1ccc(-c2ccccc2-c2nn[nH]n2)cc1,CHEMBL27920
DEC_3849,decoy,CC(C)(C)Sc1ccc(S(=O)(=O)CS(=O)(=O)C(F)(F)F)cc1,CHEMBL12821
ACT_026,active,C[C@H]1CCC[C@@H](O)CCC/C=C/c2cc(O)cc(O)c2C(=O)O1,CHEMBL372840
DEC_1338,decoy,O=NN(CCF)C(=O)NC1CCSCC1,CHEMBL12509
DEC_1292,decoy,CN[C@H]1CC[C@@H](c2ccc(Cl)cc2)c2ccccc21,CHEMBL36714
DEC_3500,decoy,Cc1cc(OCc2ccc(-c3ccccc3-c3nn[nH]n3)cc2)c(-c2ccncc2)c(C)n1,CHEMBL22945
DEC_3023,decoy,CC(=O)c1cc2c(s1)[C@@H](NC(=O)c1cccnc1)[C@H](O)C(C)(C)O2,CHEMBL285792
DEC_2779,decoy,Cc1cnc(NS(=O)(=O)c2cccc3c(N(C)C)cccc23)cn1,CHEMBL6583
DEC_3754,decoy,CCCCCc1nc2c(n1Cc1ccc(-n3cccc3-c3nn[nH]n3)cc1)/C(=C/C(=O)O)CCCC2,CHEMBL42984
DEC_0639,decoy,Cc1cccc2c1N(C(=O)N1C[C@@H](C)N(C)[C@@H](C)C1)Cc1c(C(=O)OC(C)(C)C)ncn1-2,CHEMBL15065
DEC_3609,decoy,C[C@H]1CN=C(Nc2c(Cl)cccc2Cl)N1.Cl,CHEMBL21050
DEC_0996,decoy,CC(C)(C)c1cc(-c2nsc(N=C(N)N)n2)cc(C(C)(C)C)c1O,CHEMBL17104
DEC_2741,decoy,S=c1oc2ccc(Cl)cc2n1CC1OCCc2ccccc21,CHEMBL268211
DEC_2595,decoy,O=C(OC1CN2CCC1CC2)c1cccc2[nH]cnc12,CHEMBL275356
DEC_2395,decoy,c1ccc(CN2CCCC[C@H]2[C@H]2COC(c3ccccc3)(c3ccccc3)O2)cc1,CHEMBL263720
DEC_0008,decoy,Clc1ccc(C2(Cn3ccnc3)OCC(Cc3ccc(Br)cc3)O2)c(Cl)c1,CHEMBL442148
DEC_2181,decoy,CC(C)C[C@@H]1OC(=O)C(C)(C)CNC(=O)[C@@H](Cc2ccc(O)c(Cl)c2)NC(=O)/C=C/C[C@@H]([C@H](C)/C=C/c2ccccc2)OC1=O,CHEMBL313947
DEC_2533,decoy,COc1cc2ncnc(Nc3cccc(SC)c3)c2cc1OC,CHEMBL29641
DEC_3433,decoy,CC(C)(C)c1cc(/C=C/c2ccc(Cl)s2)cc(C(C)(C)C)c1O,CHEMBL9090
DEC_2414,decoy,CCC(C)(O)C#Cc1nc(NCc2ccc(N(C)C)cc2)c2ncn(C(C)C)c2n1,CHEMBL23525
DEC_2447,decoy,CC1(C)N=C(N)N=C(N)N1c1cccc(OCCOc2cccc(C(F)(F)F)c2)c1,CHEMBL20628
DEC_3510,decoy,Fc1ccc(C(c2ccn(-c3ccc(Cl)cc3)c2)n2ccnc2)cc1,CHEMBL283997
DEC_2198,decoy,CC(C)C[C@@H]1OC(=O)CCNC(=O)[C@@H](Cc2ccc(Cl)c(Cl)c2)NC(=O)/C=C/C[C@@H]([C@H](C)[C@H]2O[C@@H]2c2ccccc2)OC1=O,CHEMBL159668
DEC_1658,decoy,COc1cc(Nc2c(C#N)cnc3cc(OC4CCN(C)CC4)c(OC)cc23)c(Cl)cc1Cl,CHEMBL291297
DEC_0827,decoy,COc1ccc(NC2=C(Cl)C(=O)c3ccncc3C2=O)cc1,CHEMBL11645
DEC_2252,decoy,N#Cc1c2n(c3c(N4CCN(CCc5ccccc5Cl)CC4)ncnc13)CCCC2,CHEMBL27517
DEC_1042,decoy,CNC(=O)c1cc2cc(OC)c(OC)cc2c(-c2cc(OC)c(OC)c(OC)c2)c1C(=O)OC,CHEMBL26493
DEC_3024,decoy,COc1cc(/C=C/c2ccc(S(N)(=O)=O)cc2)cc(OC)c1,CHEMBL266405
DEC_3917,decoy,CN(CCC1CCNCC1)C(=O)c1ccc2c(c1)CC(CC(=O)O)C(=O)N(CCCCCc1ccccc1)C2,CHEMBL311696
DEC_1406,decoy,COc1cc(NC(C)CCCN)c2ncccc2c1Oc1cc(C(F)(F)F)cc(C(F)(F)F)c1,CHEMBL12802
DEC_3214,decoy,NC1CCN(c2c(F)cc3c(=O)c(C(=O)O)cn(C4CC4)c3c2F)C1,CHEMBL15464
DEC_1335,decoy,C=C(C)CN1CCN(CC(=C)C)C(C2=NCCN2)C1,CHEMBL290428
DEC_4317,decoy,O=C(c1cccc2ccccc12)N1CC[C@H](NCc2ccnc3ccccc23)C[C@H]1Cc1ccccc1,CHEMBL43432
DEC_0819,decoy,CCCN1C[C@H](CSC)C[C@@H]2c3cccc4[nH]cc(c34)C[C@H]21,CHEMBL531
DEC_1876,decoy,CCN(CC)CCNc1ccc2ncn3c4cc5c(cc4c(=O)c1c23)OCO5,CHEMBL8582
DEC_4324,decoy,COc1ccc(-c2cn(Cc3ccc(Cl)cc3Cl)cc2C(c2ccccc2)n2ccnc2)cc1,CHEMBL20703
DEC_0534,decoy,CCCCCCCCCCC1(C(=O)Nc2c(OC)cc(OC)cc2OC)CCCCC1,CHEMBL297232
DEC_4578,decoy,C=C(C(=O)N1C[C@H]2[C@@]3(c4ccccc4)CC[C@H](c4ccccc43)[C@@]2(C(=O)O)C1)c1ccccc1OC,CHEMBL50637
DEC_1979,decoy,N#CN/C(=N/c1ccc(Cl)cc1Cl)NC(Cn1ccnc1)c1ccc(Cl)cc1Cl,CHEMBL7871
DEC_2268,decoy,COC(=O)[C@@H](C)[C@H](O)[C@H](C)[C@H]1OC(=O)/C(OC)=C/C(C)=C/[C@@H](C)C(=O)[C@@H](C)C/C(C)=C/C=C/[C@@H]1OC,CHEMBL291450
DEC_0325,decoy,CC(C)=CCC/C(C)=C/CC/C(C)=C/C(O)P(=O)(O)O,CHEMBL26180
DEC_4399,decoy,Cc1ccc(S(=O)(=O)C2(CC#Cc3ccccc3)SC(=O)NC2=O)cc1,CHEMBL268276
DEC_1180,decoy,O=c1oc2c(Cl)c(Cl)ccc2c2cc(O)c(O)cc12,CHEMBL6335
DEC_2360,decoy,CC1CCN(CCCCN2c3cccc4cccc(c34)S2(=O)=O)CC1,CHEMBL12868
DEC_3570,decoy,COC1=C(C)C(=O)c2c(c(COC(N)=O)c3n2CCC3OC(=O)c2cccnc2)C1=O,CHEMBL18052
DEC_4119,decoy,COC1=CC(=O)c2c(c(-c3nc(C)cs3)cn2C)C1=O,CHEMBL8962
DEC_2854,decoy,CCN(c1nc(C)cc(-c2ccccc2)n1)c1c(Br)cc(OC)cc1OC,CHEMBL10698
DEC_1633,decoy,CN(C(=O)[C@H](CC#Cc1cccc(N)c1)NS(=O)(=O)c1ccc2ccccc2c1)C1CCCC1,CHEMBL7221
DEC_2974,decoy,CCCCCCC(C(C)O)n1ccc2c(N)ncnc21,CHEMBL18659
DEC_2626,decoy,Cn1cccc1-c1ccccc1NCC1=NCCN1,CHEMBL17492
DEC_1349,decoy,CC1=NS(=O)(=O)c2ccc(CN(C)C)cc2N1,CHEMBL16175
DEC_3693,decoy,CC(C)(C)c1ccc(-c2ccc(C(C)(C)C)c(NC(=O)[C@H]3CCC4C5CNC6=CC(=O)CC[C@]6(C)C5CC[C@@]43C)c2)cc1,CHEMBL87805
DEC_4460,decoy,COC1(c2csc(Sc3ccc4c(c3)CC/C4=N\OCC#N)c2)CCOCC1,CHEMBL24239
DEC_3837,decoy,CC12C(=CC(=O)C3CC31)[C@H]1CC1C1C2CCC2(C)C1CCC21CCC(=O)O1,CHEMBL12426
DEC_3963,decoy,CC(C)(C)NCC(O)COc1ccc(/C=C/CO)cc1Br,CHEMBL14241
DEC_3211,decoy,CC(C)CSCC1CC(n2cnc3c(N)nccc32)C(O)C1O,CHEMBL13607
DEC_2201,decoy,CC(=O)c1c(O)c(C)c(O)c(Cc2c(O)c3c(c(C(=O)/C=C/c4ccccc4)c2O)OC(C)(C)C=C3)c1O,CHEMBL34241
DEC_2303,decoy,CCCSC1=NS(=O)(=O)c2ccccc2N1Cc1ccc(-c2ccccc2-c2nn[nH]n2)cc1,CHEMBL274887
DEC_0146,decoy,c1ccc(-c2c[nH]cc2C(c2ccc3ccccc3c2)n2ccnc2)cc1,CHEMBL279973
DEC_4688,decoy,CCNC1CCc2c(OC)ccc(Cl)c2C1,CHEMBL30650
DEC_3720,decoy,CSc1cc(C(=O)NC[C@@H]2CCCN2Cc2ccccc2)c2c(c1)N(C)CCO2,CHEMBL22835
DEC_1427,decoy,COc1ccc2c3c1OC1[C@@H](O)[C@](C)(CCCCc4ccccc4)CC4C(C2)N(CC2CC2)CCC341,CHEMBL9678
DEC_2927,decoy,CCN(CC)CC#CCCCC1SCCCS1,CHEMBL41257
DEC_2950,decoy,CN(C)c1ncnc2c1ncn2CCCc1ccccc1,CHEMBL276250
DEC_0296,decoy,c1cc(Cc2ccc(CNCCCCNCc3ccc(Cc4ccncc4)cc3)cc2)ccn1,CHEMBL25545
DEC_1669,decoy,CSc1nnc([C@@H]2C[C@@H](S)CN2S(=O)(=O)c2ccc3ccccc3c2)n1-c1ccccc1,CHEMBL295909
DEC_3770,decoy,CCNCC1CCN(c2cc3c(c(C)c2F)c(=O)c(C(=O)O)cn3-c2ccc(F)cc2F)C1,CHEMBL16145
DEC_0250,decoy,CCNC(=O)/C(C(=O)O)=C(C)\C=C\C=C(C)\C=C\C1=C(C)CCCC1(C)C,CHEMBL14287
DEC_3843,decoy,Brc1ccc(C2COC(Cn3ccnc3)(c3ccccc3)O2)cc1,CHEMBL29777
DEC_0175,decoy,Cc1c(/C=C/CN2CCOCC2)nc(O)c2c1ccc1nc(Nc3c(Cl)cccc3Cl)n(C)c12,CHEMBL424220
DEC_1843,decoy,CCC(=O)C1C(c2ccc(C(C)C)cc2)CC2CCC1N2C,CHEMBL278122
DEC_2714,decoy,C[C@@H]1CC[C@]2(C(=O)O)CC[C@]3(C)C(=CC(=O)[C@@H]4[C@@]5(C)C=CC(=O)C(C)(C)[C@@H]5CC[C@]43C)C2[C@H]1C,CHEMBL44527
DEC_0526,decoy,CCCCCCCCCCCCc1ccc(Oc2ccc(C)cc2CC(=O)O)c(Cl)c1,CHEMBL30006
DEC_1434,decoy,Cc1ccc(C(Cn2ccnc2)O/C(S)=N\c2ccc(Cl)cc2)c(C)c1,CHEMBL268210
DEC_4361,decoy,COc1ccc(CO[C@H]2CC[C@]3(C)C[C@H](Cc4ccccc4C(=O)O)CCC3C2(C)C)cc1,CHEMBL42092
DEC_2625,decoy,O=P(O)(O)C(O)c1ccc2ccccc2c1,CHEMBL26001
DEC_3825,decoy,Cc1cc(=O)n(C(=O)OC(C)(C)C)c2c3c(ccc12)OC(C)(C)C=C3,CHEMBL266957
DEC_1649,decoy,COc1ccc(S(=O)(=O)N(C)c2c(C(=O)NO)cc(Br)cc2C2CCN(C)CC2)cc1,CHEMBL278872
DEC_1181,decoy,COC1(OC)C=CC(C2(C3=CC=CC(OC)(OC)C3)Sc3ccccc3-n3c(CN(C)C)ccc32)=CC1,CHEMBL279886
DEC_0290,decoy,COc1cc(CCC(Cc2ccccc2)O/C(S)=N/CCc2ccccc2)ccc1O,CHEMBL39289
DEC_4651,decoy,CCCn1c(=O)c2nc(-c3cc(NC(=O)Cc4ccccc4)nn3C)[nH]c2n(CCC)c1=O,CHEMBL32481
DEC_1604,decoy,CC(C)OC(=O)N1Cc2ccccc2C[C@H]1C(=O)N[C@H](C(=O)c1nnc(C(C)(C)C)o1)C(C)C,CHEMBL26223
DEC_4135,decoy,CC1(c2ccccc2)OC(/C=C/c2ccccn2)=CC1=O,CHEMBL17758
DEC_1758,decoy,Cc1cc2nc3ccc(N(C)C)cc3nc2cc1N,CHEMBL278037
DEC_1289,decoy,C(=C/C1CCCN(C2CCCCC2)C1)\c1ccccc1,CHEMBL291228
DEC_4189,decoy,CC(C)(O)c1nc(-c2ccc(F)cc2)c(-c2ccncc2)[nH]1,CHEMBL22712
DEC_0836,decoy,C1=C(/C=C/c2ccccc2)N2CCCN=C2c2ccccc21,CHEMBL276410
DEC_1750,decoy,O=NN(CCCl)C(=O)NC1CCC(Cl)CC1,CHEMBL276848
DEC_1662,decoy,CN(C)CC(c1ccccc1)c1nnc2n1-c1ccc(Br)cc1C(c1ccccc1)=NC2,CHEMBL277310
DEC_0781,decoy,COc1ccc(C2=C(OC(=O)N(C)C)c3cccn3-c3ccccc3S2)cc1,CHEMBL33096
DEC_3511,decoy,CCC(=O)N(c1cc(Cl)c(Cl)c(Cl)c1)C1CCCC1N(C)C,CHEMBL21984
DEC_2159,decoy,C=C(C)[C@H]1C(=O)c2c3c(cc4c5c(n1c24)[C@@]1(C)C(CC[C@H]2[C@](C)(/C=C/C(=O)NC)[C@@H](O)CC[C@@]21C)C5)C1=CC(C)(C)OC(C)(C)C1[C@@H]3O,CHEMBL431893
DEC_3050,decoy,O=C(OC1CN2CCC1CC2)C1=C/C(=C\c2ccncc2)c2ccccc21,CHEMBL278074
DEC_2567,decoy,CCCCCCn1cnc2c1NC=NCC2O,CHEMBL37246
DEC_3658,decoy,CCC1=C(C)c2cc3[nH]c(cc4[nH]c(cc5nc(cc1n2)C(C)=C5CC)C1(C)C4=CCC(C#N)(C#N)C1(C#N)C#N)c(C)c3CC,CHEMBL417830
DEC_4449,decoy,CC(C)Sc1ccc(CC2CCN(C3CCN(C(=O)c4ccco4)CC3)CC2)cc1,CHEMBL11947
DEC_2775,decoy,N#Cc1ccc(/C(=N\c2ccc(Br)cc2)n2ccnc2)cc1,CHEMBL31456
DEC_3149,decoy,Brc1ccc2[nH]cc(CC3CCNCC3)c2c1,CHEMBL25416
DEC_3376,decoy,O=C(O)COc1ccc(-c2nsc3ccccc23)c(Cl)c1Cl,CHEMBL25468
DEC_1663,decoy,COc1cc2c(cc1OC)-c1cc(=Nc3c(C)cc(C)cc3C)n(CP(C)(C)=O)c(=O)n1CC2,CHEMBL286663
DEC_2380,decoy,O=C(c1ccc(Cl)cc1Cl)C(O)(Cn1ccnc1)c1ccc(Cl)cc1,CHEMBL10567
DEC_1971,decoy,CCCN1N=C2/C(=C/c3cccc(C(F)(F)F)c3)CSCC2C1c1cccc(C(F)(F)F)c1,CHEMBL35460
DEC_3403,decoy,CCN(CC)Cc1cc(Nc2ccnc3cc(Cl)ccc23)cc(F)c1O,CHEMBL285099
DEC_4252,decoy,CC12CCC(O)CC1CCC1C2CCC2(C)[C@@H](C3=CC(=O)OC3)C(OC=O)CC12O,CHEMBL268340
DEC_2074,decoy,O=C1NC(=O)C2(N1)c1cc(F)ccc1-c1ccc(F)cc12,CHEMBL269455
DEC_4181,decoy,c1ccc(C2CN3CCNCC3c3ccccc32)cc1,CHEMBL6445
DEC_3438,decoy,CCCCCC[C@H]1CC2C(CCC3(C)C(=O)CCC23)C2(C)C=CC(=O)C=C12,CHEMBL266532
DEC_4348,decoy,[N-]=[N+]=Nc1ccc(-c2nc(-c3ccncc3)c(-c3cccc(I)c3)[nH]2)cc1,CHEMBL17204
DEC_2817,decoy,COc1cc2c(c3ccccc3n2C)c2c(NCCN)nccc12,CHEMBL20363
DEC_2147,decoy,OC1CCCCC1N1CCC(CCCC2CCN(C3CCCCC3O)CC2)CC1,CHEMBL20720
DEC_3848,decoy,COc1ccc2c3c1O[C@H]1C(=O)[C@@H](Cc4ccccc4)CC4C(C2)N(C)CCC341,CHEMBL291011
DEC_2494,decoy,CCN1CCCC(Nc2nc(Nc3cc(Cl)cc(Cl)c3)c3ccccc3n2)C1,CHEMBL417672
DEC_2458,decoy,Cc1ccc(CC2COC(Cn3ccnc3)(c3ccc(Cl)cc3Cl)O2)cc1,CHEMBL29653
DEC_1027,decoy,CCC/N=C\C1=C(O)O[C@H](COC)[C@@]2(C)C1=C(O)C(=O)C1=C2[C@H](OC(C)=O)C[C@]2(C)C(=O)CC[C@@H]12,CHEMBL276384
DEC_0417,decoy,O=C(O)Cc1ccc2c(c1)C(O)Cc1ccc(Cl)cc1O2,CHEMBL11026
DEC_0170,decoy,CCOC(=O)N[C@@H](c1cccs1)[C@@H](O)C(=O)OC1CC2C(C)(C)C1(C)[C@@]13C[C@H](C)c4ccccc4[C@@]21O3,CHEMBL416029
DEC_0508,decoy,Cc1ccc2c(c1)N(C(=O)N1C[C@@H](C)N[C@H](C)C1)Cc1c(C(=O)OC(C)(C)C)ncn1-2,CHEMBL277136
DEC_2392,decoy,O=S(=O)(Nc1cccc(OCc2cnc3ccccc3c2)c1)C(F)(F)F,CHEMBL17809
DEC_1220,decoy,Cc1cn(C2OC(COC(c3ccccc3)(c3ccccc3)c3ccccc3)CC2F)c(=O)nc1-n1cncn1,CHEMBL40600
DEC_0231,decoy,Cc1cc(C(SCCN(C)C)c2ccc(C(C)C)cc2)sn1,CHEMBL21962
DEC_0202,decoy,CCOC(=O)N[C@@H](c1ccncc1)[C@@H](O)C(=O)OC1CC2C(C)(C)C1(C)[C@@]13C[C@@H](C)c4ccccc4[C@@]21O3,CHEMBL32074
DEC_3380,decoy,Cc1cc(OCc2ccc(-c3ccccc3-c3nn[nH]n3)cc2)c(C)c(C)n1,CHEMBL22387
DEC_2818,decoy,Cc1noc(NS(=O)(=O)c2cccc3cc(N)ccc23)c1C,CHEMBL281511
DEC_1909,decoy,O=C(/C=C/C(=O)OCc1ccccc1)N[C@@H]1CC[C@@]2(O)C3Cc4ccc(O)c5c4C2(CCN3CC2CC2)C1O5,CHEMBL53563
DEC_0343,decoy,CCCN(CCC)CCc1ccc(O)c2nc(O)sc12,CHEMBL17231
DEC_2711,decoy,CC1(C)CC[C@]2(C(=O)O)CC[C@]3(C)C(=C2C1)CC(=O)[C@@H]1[C@@]2(C)C=CC(=O)C(C)(C)[C@@H]2CC[C@]13C,CHEMBL433460
DEC_4412,decoy,COP(=O)(OC)C(O)(C(C)(C)Cc1ccc(Cl)cc1)P(=O)(OC)OC,CHEMBL284401
DEC_1546,decoy,C/C=C(\NC(=O)C1(C)CC1(Cl)Cl)C(=O)O,CHEMBL276189
DEC_4562,decoy,Cc1nnc2n1-c1sc(C#CCn3ncc4ccccc43)cc1C(c1ccccc1Cl)=NC2,CHEMBL283162
DEC_0150,decoy,CSc1nc(-c2ccc(Cl)cc2)c(-c2ccc(C(F)(F)F)cc2)[nH]1,CHEMBL274910
DEC_0028,decoy,CN1C[C@H](CNC(=O)OCc2ccccc2)C[C@@H]2c3cc(C(C)(C)C)cc4[nH]cc(c34)C[C@H]21,CHEMBL429051
DEC_2536,decoy,CN1C2CCC1[C@@H]([C@@H](O)C(F)(F)F)[C@@H](c1ccc(Cl)cc1)C2,CHEMBL27586
DEC_4633,decoy,NC(Cc1ccccc1)C(=O)N1CCN(CCNc2ccnc3cc(Cl)ccc23)CC1,CHEMBL30300
DEC_4201,decoy,c1cc(SC2CCCCC2)ccc1NC1=NCCN1,CHEMBL9583
DEC_2036,decoy,c1ccc2nc(COc3ccc(SCCCc4nnn[nH]4)cc3)ccc2c1,CHEMBL18265
DEC_2599,decoy,CCCn1c(=O)n(C)c(=O)c2[nH]c(C3CCCC3)nc21,CHEMBL34004
DEC_3109,decoy,Cc1ccc(C(O)c2nc3c(cc2C)CCC3)cc1,CHEMBL290828
DEC_2879,decoy,CCN(CC1CC1)c1nc(C)nc(Nc2c(Cl)cc(Cl)cc2Cl)c1C,CHEMBL10154
DEC_0078,decoy,CN(C)c1cccc2c(S(=O)(=O)Nc3onc4c3CCCC4)cccc12,CHEMBL26889
DEC_4563,decoy,Cc1c(S(=O)(=O)C(F)(F)F)cc(-c2ccc(S(C)(=O)=O)cc2)n1-c1ccc(F)cc1,CHEMBL44244
DEC_0808,decoy,CCCc1ccc(C(c2ccns2)N2CCN(C)CC2)cc1,CHEMBL428857
DEC_1964,decoy,CCN(c1nc(C)cc(-c2ccc(C(F)(F)F)cc2)n1)c1ccc(C(C)C)cc1Br,CHEMBL269174
DEC_1752,decoy,Cc1ccc(C)n1Nc1ccc(N2CCSCC2)nn1,CHEMBL273534
DEC_4018,decoy,CC(N)c1ccc([C@H]2C[C@H](SC3=C(C(=O)O)N4C(=O)[C@H]([C@@H](C)O)[C@H]4[C@H]3C)CN2)cc1,CHEMBL17699
DEC_2332,decoy,COc1cc2c(cc1OC)-c1cc(Nc3cc(OC)c(OC)c(OC)c3)nc(=O)n1CC2,CHEMBL34659
DEC_2003,decoy,CN(C)P1(N(C)C)=NP(N(C)C)(N(C)C)=NP(N2CC2)(N2CC2)=N1,CHEMBL27881
DEC_1383,decoy,Nc1nc2cc(Cl)c(Cl)cc2n1CCCCCCCn1c(N)nc2cc(Cl)c(Cl)cc21,CHEMBL45059
DEC_3087,decoy,CCCCCc1c(C(C)C)nc(C(C)C)c(CO)c1-c1ccc2ccccc2c1,CHEMBL283856
DEC_4538,decoy,C=CCNC1CCCC1N(C(=O)CC)c1ccc(Cl)c(Cl)c1,CHEMBL21232
DEC_1851,decoy,C[S+]([O-])c1ccc(-c2nc3n(c2-c2ccc([S+](C)[O-])cc2)CC[S+]3[O-])cc1,CHEMBL17343
DEC_4701,decoy,COc1ccc(OC)c2c1CC[C@H]1NCCCC21,CHEMBL286702
DEC_2955,decoy,CCCCC1=C(NC(C)=O)C(=O)c2nc3n(c2C1=O)CCC3,CHEMBL26869
DEC_4443,decoy,CN1CCC23c4c5ccc(O)c4OC2[C@H]2OC[C@@]2(CCCCCc2ccccc2)CC3C1C5,CHEMBL275453
DEC_3666,decoy,CC(C)[C@@H]1CC[C@]2(C(=O)O)CC[C@]3(C)[C@H](CC[C@@H]4[C@@]5(C)CC[C@H](OC(=O)C(C)(C)CC(=O)O)C(C)(C)[C@@H]5CC[C@]43C)[C@@H]12,CHEMBL268115
DEC_1625,decoy,N[C@H](C(=O)N1CCC(F)(F)C1)[C@H]1CC[C@H](NS(=O)(=O)c2ccc(OC(F)(F)F)cc2)CC1,CHEMBL423108
DEC_2939,decoy,N[C@@H](COCc1ccc(Br)cc1)Cc1c[nH]cn1,CHEMBL18685
DEC_0420,decoy,O=NN(CCCl)C(=O)NC1CCCCCCCCCCC1,CHEMBL12415
DEC_0115,decoy,CCCOc1nnc(-c2cc(C(C)(C)C)c(O)c(C(C)(C)C)c2)s1,CHEMBL279387
DEC_0987,decoy,Nc1c(Cl)cc2c3c(cccc13)C(=O)N([C@@H]1CN3CCC1CC3)C2=O,CHEMBL28499
DEC_0614,decoy,C[C@@H]1CN(C(=O)N2Cc3c(C(=O)OC(C)(C)C)ncn3-c3cccc(Cl)c32)C[C@H](C)N1,CHEMBL275622
DEC_4398,decoy,N#CCCn1nc(-c2ccc(OCc3ccc(Cl)cc3)cc2)oc1=O,CHEMBL16569
DEC_1227,decoy,Cc1cc[n+]([O-])c(C)c1C(=O)N1CCC(C)(N2CCC(N(Cc3ccc(C#N)cc3)c3ccccc3)CC2)CC1,CHEMBL58248
DEC_2312,decoy,CCNC(C)C1CCN(c2cc3c(c(N)c2F)c(=O)c(C(=O)O)cn3C2CC2)C1,CHEMBL15312
DEC_0875,decoy,COC(=O)C[C@@H](c1ccc(OC)nc1)N(C)C(=O)CCCCc1ccc2c(n1)NCCC2,CHEMBL9208
DEC_3130,decoy,Cc1cc(C)nc(NC23CC4CC(CC(C4)C2)C3)c1,CHEMBL19455
DEC_3733,decoy,O=C1OC(O)(c2ccc(Cl)cc2)C(Cc2ccccc2)=C1c1ccc2c(c1)OCO2,CHEMBL267094
DEC_1368,decoy,CN(C)c1ncnc2c1ncn2-c1ccccc1,CHEMBL7823
ACT_061,active,CC(C)(O)c1ccc2c(c1)C(=O)C[C@H]1[C@@](C)(C(=O)O)CCC[C@]21C,CHEMBL2382125
DEC_0440,decoy,Clc1nc(-c2cccs2)c2ncn(C3CCOCC3)c2n1,CHEMBL27624
DEC_3875,decoy,C[C@H](N)[C@H]1COC(c2ccccc2)(c2ccccc2)O1,CHEMBL28121
DEC_2608,decoy,CCCCNC1Cc2cccc3nc(O)n(c23)C1,CHEMBL12247
DEC_0351,decoy,CCCCCOc1c(C(=O)c2ccccc2)c[nH]c2nncc1-2,CHEMBL277795
DEC_0615,decoy,CCCc1cc(=O)oc2c(C(=O)C(C)C(C)(C)O)c(O)c3c(c12)OC(C)(C)C=C3,CHEMBL266210
DEC_3171,decoy,Cc1ccncc1C1=C(c2ccc(S(C)(=O)=O)cc2)CCC1=O,CHEMBL276976
DEC_3514,decoy,CC=C(c1cc(Cl)ccc1OCc1ccc(Cl)cc1Cl)n1ccnc1,CHEMBL26374
DEC_3398,decoy,Cc1cc(OCc2ccc(-c3ccccc3-c3nn[nH]n3)cc2)c(C=O)c(C)n1,CHEMBL22837
DEC_0433,decoy,OC(c1ccc(Cl)cc1)(c1cncnc1)C1CC2CCC1C2,CHEMBL26207
DEC_4011,decoy,CS(=O)(=O)Nc1ccc(Sc2ccc(NC3=NCCN3)cc2)cc1,CHEMBL9371
DEC_1036,decoy,COc1cc2nc(N3CCN(C(=O)c4ccco4)[C@H](C(=O)NC(C)(C)C)C3)nc(N)c2cc1OC,CHEMBL19826
ACT_012,active,BrC1=CN2NC(c3cc4ccccc4n3Cc3ccccc3)=NC2N=C1,CHEMBL4171721
DEC_3983,decoy,Cc1cccc(C)c1NC(=O)CNC(=O)C1CC(C)(C)NC1(C)C,CHEMBL15554
DEC_3499,decoy,CN(C)CCCNc1cc(-c2ccc(CN3CCN(C)CC3)cc2)nc2ccccc12,CHEMBL278530
DEC_0505,decoy,O=C1NCN(c2ccccc2)C12CCN(C1CCc3c(Cl)ccc(Cl)c3C1)CC2,CHEMBL283480
DEC_3072,decoy,CCCN1CCC[C@H]1CNC(=O)c1c(OC)ccc(Br)c1OC,CHEMBL278560
DEC_3645,decoy,CC1(C)CC(=O)n2c3ccccc3c3c4c(cc1c32)CCNC4,CHEMBL282874
DEC_0855,decoy,O=C1C2C3C=CC(C4CCC34)C2C(=O)N1CCCCN1CCN(c2cncc(Cl)n2)CC1,CHEMBL284203
DEC_3231,decoy,O=C(O)c1cn(C2CC2)c2c(F)c(N3CCNCC3)c(F)cc2c1=O,CHEMBL15549
DEC_0785,decoy,Cc1nnc2n1-c1sc(C#Cc3ccccc3)cc1C(c1ccccc1Cl)=NC2,CHEMBL288098
DEC_4665,decoy,CC(C)(C)C#CC1Cc2ccsc2C(N)=N1,CHEMBL8288
DEC_4396,decoy,O=C1NC(=O)C(CC#Cc2ccc(F)cc2)(S(=O)(=O)c2ccccc2)S1,CHEMBL275049
DEC_2171,decoy,COc1ccc(CSC[C@@H](NC(=O)OC(C)(C)C)C(=O)N2CCC(=C3c4ccc(Cl)cc4CCc4cccnc43)CC2)cc1,CHEMBL318268
DEC_3035,decoy,CCCC(=O)O[C@H](CC=C(C)C)C1=CC(=O)c2c(O)ccc(O)c2C1=O,CHEMBL8806
DEC_4195,decoy,CN1C2CCCC1CC(OC(=O)c1cccc3[nH]cnc13)C2,CHEMBL277543
DEC_0182,decoy,CCCC(=O)N[C@@H](c1ccsc1)[C@@H](O)C(=O)OC1CC2C(C)(C)C1(C)[C@@]13CC(C)c4ccccc4[C@@]21O3,CHEMBL31801
DEC_4014,decoy,O=C(O)C(CCCCn1cnc2c1NC=NCC2O)Cc1ccc(Br)cc1,CHEMBL289052
DEC_2213,decoy,O=C1C(Cl)=C(Nc2ccc(I)cc2)C(=O)c2ncccc21,CHEMBL11433
DEC_3124,decoy,c1ccc2c(c1)CCNC2c1ccc2ccccc2c1,CHEMBL279013
DEC_0416,decoy,CNc1nc(Cl)c(SC)c(N2CCCCC2)n1,CHEMBL36410
DEC_0898,decoy,O=C1[C@@H](NS(=O)(=O)c2ccc(-c3ccncc3)s2)CCN1Cc1cc2[nH]cccc-2n1,CHEMBL8433
DEC_1267,decoy,c1ccc(CCCNC2c3ccccc3Oc3ccccc32)nc1,CHEMBL20107
DEC_3123,decoy,NCC(c1ccc(Cl)cc1)c1ccc(Cl)cc1,CHEMBL10946
DEC_0108,decoy,CSc1nnc(/C=C/c2cc(C(C)(C)C)c(O)c(C(C)(C)C)c2)s1,CHEMBL275445
ACT_088,active,OCCn1nc(-c2ccc(O)cc2)c2cccc(C(F)(F)F)c21,CHEMBL225081
DEC_2346,decoy,CC1CN(c2cc3c(c(N)c2F)c(=O)c(C(=O)O)cn3-c2ccc(F)cc2F)CCN1,CHEMBL15744
DEC_4204,decoy,Oc1cc2c(cc1O)[C@@H]1c3sccc3CN[C@H]1CC2,CHEMBL288536
DEC_2529,decoy,Cc1ccc(Oc2cc(C)c(Cl)cc2C(C)C)c(CC(=O)O)c1,CHEMBL286719
DEC_0769,decoy,Cc1ccc(Sc2cncc3sc(/C=N/Oc4ccccc4)cc23)cc1,CHEMBL6249
DEC_2615,decoy,CC1=CC(=O)CC(C)(C)[C@@]1(O)/C=C/C(C)=C\C(=O)O,CHEMBL288040
DEC_4660,decoy,O=C1CC2(CCCC2)CC(O)N1OCCCN1CCN(c2nsc3ccccc23)CC1,CHEMBL274334
DEC_3715,decoy,CCOC(=O)N[C@H]1CCc2cc(OC)c(OC)c(OC)c2-c2ccc(SC)c(=O)cc21,CHEMBL19671
DEC_3276,decoy,CCC(O)(C(=O)OCC1=CCN2CC[C@H](OC(=O)C(O)(CC)c3ccccc3)[C@@H]12)c1ccccc1,CHEMBL39527
DEC_0401,decoy,c1ccc(C2(c3ccccc3)OCC(C3CCCCN3)O2)cc1,CHEMBL26479
DEC_0678,decoy,O=C1NC(=O)c2cc(Nc3ccc(I)cc3)c(Nc3ccc(I)cc3)cc21,CHEMBL8163
DEC_1031,decoy,COc1ccc(S(=O)(=O)N(Cc2cccnc2)c2c(C(=O)NO)cnc3c2c(C)nn3C)cc1,CHEMBL288670
DEC_1531,decoy,CC(C)(S)CN1CCN(CC(C)(C)S)CC1,CHEMBL416253
DEC_0149,decoy,Fc1ccc(-c2nc(SC(F)(F)F)[nH]c2-c2ccc(F)cc2)cc1,CHEMBL18447
DEC_4024,decoy,CCOC(=O)C(Cc1cc2ccc(C(=N)N)cc2o1)c1ccc(O[C@H]2CCNC2)cc1,CHEMBL19152
DEC_2542,decoy,CC(C)Sc1nnc(-c2cc(C(C)C)c(O)c(C(C)C)c2)s1,CHEMBL16353
DEC_4100,decoy,COc1cccc2c1c1c3c(cc4c1n2C(=O)CC4(C)C)CNCC3,CHEMBL280552
DEC_1405,decoy,c1ccc(COCCCOc2ccc([C@H]3CCNC[C@@H]3OCc3ccc4ccccc4c3)cc2)nc1,CHEMBL286580
DEC_4387,decoy,COc1ccccc1N1CCN(CCCN2C(=O)c3ccccc3C2=O)CC1,CHEMBL26853
DEC_3961,decoy,O=C(O)CCc1ccccc1CC1C2CCC(O2)C1c1nc(C(=O)NCCCCC2CCCCC2)co1,CHEMBL31765
DEC_1386,decoy,CCCCCN(CCCCC)S(=O)(=O)NC(=O)Oc1c(C(C)(C)C)cc(C)cc1C(C)(C)C,CHEMBL21535
DEC_0868,decoy,CN1CCN(CCCN2N=C3/C(=C/c4ccccc4)COCC3C2c2ccccc2)CC1,CHEMBL287223
DEC_1722,decoy,Cc1cc(C)cc(C(=O)N2CC[C@H](NCc3cnc4ccccc4c3)C[C@H]2Cc2ccccc2)c1,CHEMBL295122
DEC_1717,decoy,Cn1cncc1C(OCc1cc(C#N)ncc1-c1cccc(Cl)c1)c1ccc(C#N)cc1,CHEMBL288838
DEC_0790,decoy,CCN(CC)C(=S)SC(C(=O)c1ccc(C)cc1)=C1SCCS1,CHEMBL35608
DEC_1418,decoy,c1ccc(OCCOCc2ccc([C@H]3CCNC[C@@H]3OCc3ccc4ccccc4c3)cc2)cc1,CHEMBL418031
DEC_3559,decoy,O=C(Nc1ccc(Cn2cnc3ncnc-3c2O)cc1)c1ccc(S(=O)(=O)F)cc1,CHEMBL274013
DEC_0035,decoy,Cc1ccc(/C=C2\CS(=O)(=O)CC3C2=NN(CCc2ccccc2)C3c2ccc(C)cc2)cc1,CHEMBL35318
DEC_1046,decoy,CCO/C(O)=C1\C(COCCN2CC(=O)NC2=O)=NC(C)=C(C(=O)OC)C1c1ccccc1Cl,CHEMBL52965
DEC_3771,decoy,COc1ccc2c3c1OC1[C@H](O)[C@](CO)(CCCCc4ccccc4)CC4C(C2)N(CC2CC2)CCC341,CHEMBL427651
DEC_2422,decoy,CCN(CC)CCn1nc2c3c(c(CNC(=O)OC)ccc31)Sc1ccc(O)cc1-2,CHEMBL27233
DEC_1905,decoy,CCc1cn([C@@H]2O[C@H](CNC(=O)C3c4ccccc4Oc4c(Cl)cccc43)[C@@H](O)[C@@H]2F)c(=O)[nH]c1=O,CHEMBL46821
DEC_3315,decoy,Cc1cc(C)c(NC(=O)C(C)(C)CCCCCCN2CCCCC2)c2c1CC(C)(C)O2,CHEMBL23782
DEC_0306,decoy,c1ccc(CCCN2CCN(CCCCN(Cc3ccccc3)c3ccccc3)CC2)cc1,CHEMBL289860
DEC_2583,decoy,CCCc1nc2c([nH]1)N1C(=N[C@@H]3CCC[C@@H]31)N(C)C2=O,CHEMBL275204
DEC_3731,decoy,C=COC(=O)N[C@H]1CCc2cc(OC)c(OC)c(OC)c2-c2ccc(SC)c(=O)cc21,CHEMBL274726
DEC_3657,decoy,O=C(O)Cc1ccc2c(c1)CCc1cc(Cl)ccc1O2,CHEMBL10904
DEC_2877,decoy,Cc1cc(CCCOc2c(C)cc(-c3noc(C(C)(F)F)n3)cc2C)on1,CHEMBL282128
DEC_2941,decoy,CCCCCCOc1nsnc1C1=CCCN(C)C1,CHEMBL21536
DEC_2306,decoy,CCNCC1CCN(c2c(F)c(N)c3c(=O)c(C(=O)O)cn(C4CC4)c3c2F)C1,CHEMBL15247
DEC_4647,decoy,CN(C)CCCNc1ccc(NCCCN(C)C)c2c1C(=O)c1cccnc1C2=O,CHEMBL13660
DEC_4092,decoy,COc1ccc2c(c1)c(CCNC(C)=O)c1n2Cc2ccccc2-1,CHEMBL9772
DEC_2753,decoy,CN1C(=O)/C(=C\c2ccsc2)N=C(c2ccccc2)c2ccccc21,CHEMBL20223
DEC_2944,decoy,CO[C@H]1O[C@]2(C)OO[C@]13[C@H](CCO)CCC[C@@H]3CC2(C)C,CHEMBL280150
DEC_2647,decoy,CC(=N)NC1c2ccccc2Oc2ccccc21,CHEMBL20777
DEC_1420,decoy,CN(CC#CCCC1(C(O)(c2ccccc2)C2CCCCC2)SCCCS1)CCc1ccccc1,CHEMBL290746
DEC_1759,decoy,CC(C)(C)CC(C)(C)NC(=O)NC1CCCCC1,CHEMBL11524
DEC_1492,decoy,O=C(O)[C@@H]1C[C@H](Sc2ccccc2)CN1C(=O)CP(=O)(O)CCCCc1ccccc1,CHEMBL279121
DEC_0456,decoy,CNCCSC1=Cc2ccccc2Sc2ccc(F)cc21,CHEMBL279155
DEC_2102,decoy,CN1C[C@H](C(=O)Nc2ccc(Cl)nn2)C[C@@H]2c3cc(C(C)(C)C)cc4[nH]cc(c34)C[C@H]21,CHEMBL13770
DEC_4462,decoy,c1ccc(C2(c3ccccc3)CCC(C3CCCCN3)C2)cc1,CHEMBL27050
DEC_0299,decoy,N#Cc1ccc(COC[C@H]2C3CC(c4ccc(F)cc4)(CO3)[C@@H]2C/C=C/CCCC(=O)O)cc1,CHEMBL10909
DEC_0376,decoy,CN1CC=C(c2c[nH]c3ccc(-c4cccs4)cc23)CC1,CHEMBL27643
DEC_1918,decoy,CC1OC(OC2CCC3(C)C(CCC4C3CCC3(C)[C@@H](C5=CC(=O)OC5)C(O)CC43O)C2)CC(O)C1O,CHEMBL6402
DEC_1147,decoy,O=C(O)c1cc2c3cc(Cl)c(Cl)cc3nc(O)n2n1,CHEMBL9281
DEC_0053,decoy,C/C=C/CN(C1=NCCN1)c1c(Br)cccc1Br,CHEMBL20588
DEC_0086,decoy,C[S+]([O-])c1nnc(-c2cc(C(C)(C)C)c(O)c(C(C)(C)C)c2)s1,CHEMBL16522
DEC_0473,decoy,CON=C1CCN(c2c(F)cc3c(=O)c(C(=O)O)cn(C4CC4)c3c2F)CC1,CHEMBL29175
DEC_0378,decoy,CC1(C)OC(S)=Nc2ccc(-c3coc(C#N)c3)cc21,CHEMBL282649
DEC_3872,decoy,Cn1cc(C2=NCC3(CC4CCC(C3)N4)O2)c2ccccc21,CHEMBL276199
DEC_2560,decoy,CC1CCC(NC(=O)N(CCCl)N=O)CC1,CHEMBL12948
DEC_3555,decoy,CCC(=O)N(c1ccc(Cl)c(Cl)c1)C1CCCCCCC1N(C)C,CHEMBL20624
DEC_2772,decoy,CNCCC(=O)N1c2ccccc2N2CCc3cccc(c32)C1C,CHEMBL28956
DEC_1802,decoy,Cc1cc(/C=C/c2cc(C(C)(C)C)c(O)c(C(C)(C)C)c2)on1,CHEMBL12302
DEC_3275,decoy,O=C(O)CCCCCCCOc1ccc(NC(=O)c2c(O)nc3cc(F)c(F)cc3c2O)cc1,CHEMBL9994
DEC_2503,decoy,COc1ccc2c3c1OC1[C@H]4OC[C@@]4(CCc4ccccc4)CC4C(C2)N(C)CCC341,CHEMBL273873
DEC_0159,decoy,COC(OC)[C@]1(C)Oc2ccc(N)cc2[C@@H](N(Cc2ncc[nH]2)c2ccc(Br)cc2)[C@@H]1O,CHEMBL44603
DEC_3914,decoy,c1ccc(CNCCN(CCNC2C3CC4CC(C3)CC2C4)CCNC2C3CC4CC(C3)CC2C4)cc1,CHEMBL424401
DEC_0807,decoy,CC(/C=C/C(=O)C1=C(O)CN(C)C1=O)=C\CC1CCCCC1,CHEMBL442327
DEC_2399,decoy,COc1ccc(C2(Cn3ccnc3)OCC(c3ccc(Cl)cc3)O2)cc1,CHEMBL29183
DEC_1244,decoy,Ic1cccc(OCCCc2c[nH]cn2)c1,CHEMBL440788
DEC_2200,decoy,CCNCc1cc(Nc2cc(C(F)(F)F)nc(/N=C(\N)Nc3ccc(Cl)c(Cl)c3)n2)ccc1O,CHEMBL422220
DEC_2438,decoy,COc1cc2c(c(OC)c1OC)-c1ccc(SC)c(=O)cc1C(NC(C)=O)CC2,CHEMBL273938
DEC_0003,decoy,COC1(OC)C=CC(C2(C3=CCC(OC)(OC)C=C3)Sc3ccccc3-n3cccc32)=CC1,CHEMBL429774
DEC_1832,decoy,CC(CN(C)C)CN1c2ccccc2CCc2ccccc21,CHEMBL644
DEC_0858,decoy,Cc1cn(C2C=CC(COP(=O)(OCC(F)(F)F)OCC(F)(F)F)O2)c(=O)[nH]c1=O,CHEMBL274008
DEC_4150,decoy,CN(C)c1ccc2c(c1)C(c1ccccc1)=NCC(=O)N2C,CHEMBL13207
DEC_4500,decoy,Fc1cccc(F)c1Nc1nc2ccccc2n2cncc12,CHEMBL281218
DEC_1422,decoy,CC1(CCCCN2CCc3ccccc3C2)COC(c2nc(-c3ccccc3)c(-c3ccccc3)[nH]2)OC1,CHEMBL33054
DEC_2516,decoy,COc1cc2c(c3ccccc3n2C)c2c(NCCN(C)C)nccc12,CHEMBL19815
DEC_3269,decoy,CCCCc1nc(Cl)c(COC)n1Cc1ccc(C(=O)Nc2ccccc2-c2nn[nH]n2)cc1,CHEMBL280868
DEC_1461,decoy,CC(CCCc1ccccn1)NC1c2ccccc2Oc2ccccc21,CHEMBL281360
DEC_2295,decoy,O=C(NC(Cc1ccccc1)C(O)CN1C/C=C\CCCCCCCCOC1=O)O[C@H]1CO[C@H]2OCC[C@H]21,CHEMBL302689
DEC_0974,decoy,Nc1nc(N)c2c3c(oc2n1)CN(Cc1c(Cl)cccc1Cl)CC3,CHEMBL281962
DEC_3863,decoy,OC(c1ccccc1)(c1cncnc1)c1cccs1,CHEMBL29140
DEC_3902,decoy,Cc1cc(Br)c2c(O)cc(C(=O)O)nc2c1,CHEMBL22239
DEC_4079,decoy,CCc1[nH]c(O)nc1C(=O)c1ccc(-n2cc(C)nc2CC)cc1,CHEMBL285825
DEC_1410,decoy,CCN(CC)CC#CCCCCC1(C2(O)c3ccccc3Oc3ccccc32)SCCCS1,CHEMBL417889
DEC_3821,decoy,O=C1NCN(c2ccccc2)C12CCN([C@H]1CCCc3ccccc31)CC2,CHEMBL26638
DEC_0407,decoy,CC(C)c1ccc(Sc2ccc(NC3=NCCN3)cc2)cc1,CHEMBL9368
DEC_2098,decoy,COc1c(Cl)c(O)c(C(=O)O)c(OC)c1Cl,CHEMBL275905
DEC_3927,decoy,Cc1ccc(S(=O)(=O)NC[C@@H]2C3CC(c4ccc(F)cc4)(CO3)[C@H]2C/C=C\CCCC(=O)O)cc1,CHEMBL10767
ACT_058,active,Cc1noc(C)c1COc1ccc(C(=O)OCC(=O)N2c3ccccc3NC(=O)C2(C)C)cc1,CHEMBL1323006
DEC_1517,decoy,CCCCc1nc(CCCC)n(Cc2ccc(-n3c(-c4nn[nH]n4)ccc3C(F)(F)F)cc2)n1,CHEMBL12451
DEC_3982,decoy,N=C(N)c1ccc(CNC(=O)C2CCC=C2C(=O)N2CCCCC2)cc1,CHEMBL278238
DEC_3492,decoy,CN1CCC23c4c5ccc(O)c4OC2[C@H]2OC[C@@]2(CCCc2ccccc2)CC3C1C5,CHEMBL417605
DEC_3482,decoy,CN(C)CCCn1c2ccccc2c2c3c(c4c5ccccc5cnc4c21)C(=O)NC3=O,CHEMBL21042
DEC_4323,decoy,CC(C)Sc1ccc(CC2CCN(C3CCN(C(=O)c4cccc5ncccc45)CC3)CC2)cc1,CHEMBL11756
DEC_4058,decoy,CN1CCC23c4c5ccc(O)c4OC2[C@H](O)[C@](CO)(CCCc2ccccc2)CC3C1C5,CHEMBL9836
DEC_3365,decoy,O=S(=O)(Nc1ccc(OCc2ccc3ccccc3n2)cc1)C(F)(F)F,CHEMBL278933
DEC_1528,decoy,CC(C)(C)CCNC(=O)c1coc(C2C3CCC(O3)C2Cc2ccccc2CCC(=O)O)n1,CHEMBL31850
DEC_3643,decoy,CC(C)c1ccc(C2NC(=O)c3cccnc3N2)cc1,CHEMBL268379
DEC_2867,decoy,CC(C)(CC(=O)O)Cc1nc2cc(F)ccc2n1Cc1ccc(Br)cc1F,CHEMBL277516
DEC_2671,decoy,Cc1noc(NS(=O)(=O)c2ccccc2-c2ccc(-c3ncco3)cc2Cn2ccnc2)c1C,CHEMBL30009
DEC_4623,decoy,O=C1[C@@H](NS(=O)(=O)c2cc3ccnc(Cl)c3s2)CCN1CCNc1ccncc1,CHEMBL8861
DEC_3980,decoy,N[C@@H](CS)CNc1cccc(Oc2ccc(C(=O)O)cc2)c1,CHEMBL25978
DEC_2990,decoy,CCN1CCN(c2cc3c(cc2F)c(=O)c(C(=O)O)cn3C(C)C)CC1,CHEMBL275411
DEC_0477,decoy,CN1C[C@H](CN2CC(=O)NC2=O)C[C@@H]2c3cc(C(C)(C)C)cc4[nH]cc(c34)C[C@H]21,CHEMBL275539
DEC_0209,decoy,CC(=O)OC1O[C@@H]2O[C@@H](OC(C)=O)[C@@H]3CC[C@@H]([C@H]23)[C@H]1C,CHEMBL268482
DEC_1819,decoy,CN(CCc1ccccn1)C1c2ccccc2Oc2ccccc21,CHEMBL277907
DEC_0372,decoy,CC(C)(C)c1cc(C2=NCCN2)cc(C(C)(C)C)c1O,CHEMBL280467
DEC_3195,decoy,CO[C@H]1O[C@@H]2O[C@]3(C)CC[C@H]4[C@H](C)CC[C@@H]([C@H]1C)C24OO3,CHEMBL10033
DEC_1288,decoy,C(=C\C1CCCN(C2CCCCC2)C1)\c1ccccc1,CHEMBL39806
DEC_3466,decoy,Clc1cc2nc(C3CCNCC3)n(CCCCCn3cnnc3)c2cc1Cl,CHEMBL20185
DEC_2958,decoy,O=C(NCC1CCCCC1)OCCCc1c[nH]cn1,CHEMBL16056
DEC_3491,decoy,CCn1c(=O)n2c(cc1=Nc1c(C)cc(C)cc1C)-c1cc(OC)c(OC)cc1CC2,CHEMBL36033
DEC_3204,decoy,CC(/C=C/C(=O)C1=C(O)CN(C)C1=O)=C\C1CCc2ccccc2C1,CHEMBL10322
DEC_4560,decoy,O=C(NCC=C(c1ccccc1)c1ccccc1)c1ccnc2ccccc12,CHEMBL9181
DEC_4346,decoy,CN(C)Cc1ccc2n1-c1cc(C(F)(F)F)ccc1SC2(c1ccccc1)c1ccccc1,CHEMBL26172
DEC_0953,decoy,Cc1c(F)c(N2CCC(N)C2)c(Cl)c2c1c(=O)c(C(=O)O)cn2C1CC1,CHEMBL279842
DEC_0574,decoy,Cc1coc2c(O)cc3c(c12)[C@H](CCl)CN3C(=O)c1cc2cc(NC(=O)c3cc4ccccc4s3)ccc2o1,CHEMBL80467
DEC_3302,decoy,O=C(O)CCc1ccc(Oc2nccc(-c3c(-c4ccc(F)cc4)ncn3C3CCNCC3)n2)cc1,CHEMBL14026
DEC_1017,decoy,CO[C@@]1(NC2=NCCN2)C(=O)N2C(C(=O)OC(c3ccccc3)c3ccccc3)=C(C)CSC21,CHEMBL13113
DEC_1956,decoy,CCN(c1nc(C)cc(-c2ccccc2Br)n1)c1ccc(C(C)C)cc1Br,CHEMBL10237
DEC_4311,decoy,CC(C)(C)OC(=O)OC1CCC2C[C@@H]3C=CC2(OO3)C1(C)C,CHEMBL22560
DEC_1399,decoy,CCCCC1N(Cc2ccc(-c3ccccc3-c3nn[nH]n3)cc2)C(=O)c2cc(C(C)C)ccc2N1C,CHEMBL15196
DEC_2110,decoy,NS(=O)(=O)c1ccc(-n2nc(C(F)(F)F)cc2-c2ccc(Cl)s2)cc1,CHEMBL283177
DEC_3122,decoy,Cc1ccc2c(c1)-c1nc(-c3ccncc3)[nH]c1CCC2,CHEMBL7149
DEC_0442,decoy,CC(C)(C)C(c1cc2c(s1)CCC(C(=O)O)=C2)n1ccnc1,CHEMBL23257
DEC_0723,decoy,Oc1c(Cl)c(Cl)nc(C(Cl)(Cl)Cl)c1Cl,CHEMBL417247
DEC_0620,decoy,CN(C)c1cccc2c(S(=O)(=O)Oc3cccc4c3C(=O)C=C(N3CC3)C4=O)cccc12,CHEMBL263420
DEC_4233,decoy,Nc1nsc(-c2ccc(N3CCN(c4cccc(C(F)(F)F)c4)CC3)nn2)n1,CHEMBL14424
DEC_2962,decoy,CCOC(=O)C1CCCC(NC(=O)N(CCCl)N=O)C1,CHEMBL12895
DEC_4641,decoy,CCOC(=O)C(Cc1ccc(O[C@H]2CCNC2)cc1)c1cc2cc(C(=N)N)ccc2o1,CHEMBL279367
DEC_4239,decoy,Cc1cc(-c2cc(C(F)(F)F)nn2-c2ccc(S(N)(=O)=O)cc2)cc2c1OCO2,CHEMBL29403
DEC_0270,decoy,COOC1(OOCCCCCCI)CCCCCCCCCCC1,CHEMBL282141
DEC_0439,decoy,CC1=C(c2ccccc2)N2C(=NC3c4ccccc4CCC32)S1,CHEMBL30148
DEC_2900,decoy,CCC(OC)(c1cccc(OCc2ccc3ccccc3c2)c1)c1nccs1,CHEMBL423835
DEC_1395,decoy,CCCc1c(OCCCSc2ccc(CC(=O)O)cc2Cl)ccc2c(C(F)(F)F)noc12,CHEMBL23296
DEC_2274,decoy,O=C1c2c(Cl)c(Cl)c(Cl)c(Cl)c2C(=O)N1CCCCN1CCN(c2ncccn2)CC1,CHEMBL34017
DEC_0037,decoy,Clc1ccc(C2(Cn3ccnc3)OCC(Cc3ccc(-c4ccccc4)cc3)O2)c(Cl)c1,CHEMBL287191
DEC_4690,decoy,Brc1cccc2c3c([nH]c12)C=NCC3,CHEMBL6746
DEC_3131,decoy,Oc1cc(-c2ccccc2)nc(SC2CCCC2)n1,CHEMBL36014
DEC_1166,decoy,Nc1cccc2c1CC(O)C(N1CCC(c3ccccc3)CC1)C2,CHEMBL416916
DEC_0062,decoy,CCCc1cc(=O)oc2c3c(c4c(c12)OC(C)(C)C=C4)O[C@H](C)[C@@H](C)C3=O,CHEMBL269090
DEC_2548,decoy,COc1ccc2c(c1)c(CCNC(=O)C1CC1)c1n2Cc2ccccc2-1,CHEMBL10110
DEC_2471,decoy,CCNC(=O)OCc1cn2c(c1COC(=O)NCC)-c1ccccc1CC2C,CHEMBL24857
DEC_0298,decoy,N#Cc1ccc(COC[C@@H]2C3CC(c4ccc(F)cc4)(CO3)[C@H]2C/C=C/CCCC(=O)O)cc1,CHEMBL10972
DEC_4426,decoy,c1cc(OCc2ccc3ccccc3n2)cc(OCc2ccccc2OCc2nn[nH]n2)c1,CHEMBL19072
DEC_0461,decoy,Nc1nc(S)nc2ccc(Sc3ccc4ccccc4c3)cc12,CHEMBL268786
DEC_3334,decoy,CCc1nc2c(C)cc(C)nc2n1Cc1ccc(OC(C(=O)O)c2ccccc2)c(C(C)(C)C)c1,CHEMBL15774
DEC_4070,decoy,C[C@@H]1CN(CCCCc2ccc3c(c2)sc(=O)n3C)C[C@H](C)N1,CHEMBL280088
DEC_2601,decoy,O=c1[nH]c2cc(Cl)c(Cl)c([N+](=O)[O-])c2[nH]c1=O,CHEMBL289832
DEC_3044,decoy,C=C(c1cc(Cl)cc(Cl)c1OCC(O)CNC(C)(C)C)n1ccnc1,CHEMBL15408
DEC_2853,decoy,CCc1cc(OCc2ccc(-c3ccccc3-c3nn[nH]n3)cc2)c2c(n1)CCCCC2,CHEMBL428711
DEC_2995,decoy,CCC(C)c1cc(C(=O)O)c(=O)n2cc(F)c(N3CC[C@H](N)C3)c(C)c12,CHEMBL278417
DEC_2677,decoy,COc1cccc2c1CC[C@H]1CN(CCn3c(=O)[nH]c4c(sc5c(Cl)ccnc54)c3=O)C[C@@H]21,CHEMBL289437
DEC_0927,decoy,CN(C)Cc1ccc(-c2nc(-c3ccc(F)cc3)c(-c3ccncc3)[nH]2)cc1,CHEMBL417087
DEC_3966,decoy,Cc1nc(N(C)C(=O)c2ccc(C(=N)N)cc2)sc1CCC(=O)O,CHEMBL8541
DEC_0679,decoy,C=C1C[C@@]23O[C@]2(c2ccccc21)C1CC(OC(=O)[C@H](O)[C@@H](NC(=O)OCC)c2ccc(Cl)cc2)C3(C)C1(C)C,CHEMBL32620
DEC_2508,decoy,CC(C)(C)c1cc(-c2nnc(NC#N)s2)cc(C(C)(C)C)c1O,CHEMBL17307
DEC_0798,decoy,CSC1=NC2/C(=C(/O)OCCCCCSc3ccc([N+](=O)[O-])cc32)C(C)=N1,CHEMBL25763
DEC_1344,decoy,Cc1nc2c(n1C)C(=O)N1CCN=C1N2CC(C)C,CHEMBL19052
DEC_3185,decoy,CSc1c(Cl)nc(N2CCN(C)CC2)nc1NC1CCCC1,CHEMBL284188
DEC_2387,decoy,CCCCCN(C1=NCCN1)c1c(Br)cccc1Br,CHEMBL20415
DEC_0843,decoy,CN1CCN2CC(c3ccccc3)c3ccccc3C2C1,CHEMBL6627
DEC_3173,decoy,CN(C)c1ccc(C2CCN(C3CCCCC3O)CC2)cc1,CHEMBL20689
DEC_3979,decoy,CC(=O)Nc1ccc(CNCCNC(=O)C2=CC(C)(C)NC2(C)C)cc1,CHEMBL15751
DEC_1073,decoy,NC(=O)N1C(=O)/C(=C(\OC(=O)c2cccc(C(=O)O)c2)c2cccs2)c2cc(F)c(Cl)cc21,CHEMBL51717
DEC_3312,decoy,Clc1ccc(Cn2cc(-c3ccccc3)c(C(c3ccccc3)n3ccnc3)c2)c(Cl)c1,CHEMBL277947
DEC_1935,decoy,COc1cc(/C=N/NC(=O)Cn2c(C3CCNCC3)nc3cc(Cl)c(Cl)cc32)cc([N+](=O)[O-])c1O,CHEMBL20688
DEC_2953,decoy,CCC(CC)/N=c1\c(O)c(O)\c1=N/c1ccc(C#N)cc1,CHEMBL417636
DEC_3984,decoy,O=C(O)c1ccccc1C[C@H]1CC[C@H]2CN[C@H](C(=O)O)C[C@H]2C1,CHEMBL279527
DEC_4445,decoy,CCc1cccc(C(C)CC)c1N=c1cc2n(c(=O)n1C)CCc1cc(OC)c(OC)cc1-2,CHEMBL35126
DEC_4485,decoy,FC(F)(F)c1nc(-c2cc(Cl)cc(Cl)c2)c[nH]1,CHEMBL7992
DEC_3088,decoy,CCCCC1=C(c2ccc(CCc3ccccc3)cc2)N2CCCN=C2c2ccccc21,CHEMBL276614
DEC_2710,decoy,O=C1Cc2c(-c3ccccc3)cc(-c3ccccc3)nc2-c2cc(Br)ccc2N1,CHEMBL279653
DEC_3444,decoy,CCCCC[C@H]1CC2C(CCC3(C)C(=O)CCC23)C2(C)C=CC(=O)C=C12,CHEMBL267668
DEC_3596,decoy,CCCCNC(=O)C1CCN(c2nc(N)c3cc(OC)c(OC)cc3n2)CC1,CHEMBL6556
ACT_034,active,N=C(N)N/N=C/C1=C(Cl)c2ccccc2CC1,CHEMBL448651
DEC_1025,decoy,COc1cc(C#N)c(NC(=O)c2sccc2S(=O)(=O)Nc2onc(C)c2Cl)cc1OC,CHEMBL44544
DEC_1522,decoy,c1cc(OCc2ccc3ccccc3n2)cc(OCc2ccccc2Cc2nnn[nH]2)c1,CHEMBL18204
DEC_2597,decoy,COc1cc(OC)c(SC)cc1CC(C)N,CHEMBL31787
DEC_3300,decoy,COc1cccc(CCN2CCN(c3ccccn3)CC2)c1OCCc1ccccc1.O=C(O)C(=O)O,CHEMBL11626
ACT_090,active,O[C@]1(C(F)(F)F)CCCC[C@H]1Nc1ccc(F)cc1,CHEMBL4514203
DEC_1110,decoy,CC(=O)O.CCN(CCc1ccc([N+](=O)[O-])s1)C(=O)CNC(=O)[C@@H](CCCN=C(N)N)NC(=O)[C@@H](N)Cc1ccc(O)cc1,CHEMBL273703
DEC_4331,decoy,Cc1noc(NS(=O)(=O)c2cccc3c(N=C(c4ccccc4)c4ccccc4)cccc23)c1C,CHEMBL26776
DEC_1112,decoy,N=C(N)NCCC[C@H](NC(=O)[C@H](CC1CCCCC1)NC(=O)c1cnc2ccccc2n1)C(=O)N[C@@H](Cc1ccccc1)C(N)=O,CHEMBL33532
DEC_2255,decoy,CC(O)(c1ccccc1)c1ccc(C(Cc2cc[n+]([O-])cc2)c2ccc(OC(F)F)c(OC(F)F)c2)cn1,CHEMBL61191
DEC_1371,decoy,CC(C)CN1C2=NC(C)CN2C(=O)c2[nH]cnc21,CHEMBL18724
DEC_3698,decoy,CC(C(=O)N[C@]1(c2ccccc2)CC[C@@H](N2CCC(c3ccc(F)cc3)CC2)CC1)c1cc(C(F)(F)F)cc(C(F)(F)F)c1,CHEMBL296397
DEC_1463,decoy,CCc1cc(NCc2nc3c(Cl)ccc(Cl)c3o2)c(O)nc1C,CHEMBL268871
DEC_0872,decoy,O=C1C2C3CCCC(CC3)C2C(=O)N1CCCCN1CCN(c2cncc(Cl)n2)CC1,CHEMBL28026
DEC_0337,decoy,CCCCCCc1cc(OC)c(CC(C)N)cc1OC,CHEMBL268890
DEC_1880,decoy,CC(C)CN1CCN(c2cc3c(cc2F)c(=O)c(C(=O)O)cn3C2CC2)CC1,CHEMBL276516
DEC_4222,decoy,O=c1nc(N(Cc2ccccc2)Cc2ccccc2)ccn1C1CCC(CO)O1,CHEMBL277762
DEC_4662,decoy,C1CCC2N=C(NC(C3CC3)C3CC3)CC2C1,CHEMBL40287
DEC_0716,decoy,CNCC(=O)N1c2ccccc2N2CCc3cc(Cl)cc(c32)C1C,CHEMBL28923
DEC_1138,decoy,Nc1nc(N)c2cc([S+]([O-])c3ccc4ccccc4c3)ccc2n1,CHEMBL6979
DEC_4685,decoy,C[C@H]1C=C2c3cccc4[nH]cc(c34)C[C@H]2N(C)C1,CHEMBL40047
DEC_4671,decoy,C[C@@H]1C[C@@H]2c3cccc4c3[C@@H](CN4)C[C@H]2N(C)C1,CHEMBL39769
DEC_0925,decoy,Clc1cccc(Cl)c1Sc1ccc(NC2=NCCN2)cc1,CHEMBL275124
DEC_2728,decoy,CCOc1cc2c(cc1OCC)[C@@H]1C[C@@H]3C[C@H](O)CCC3CN1CC2,CHEMBL424034
DEC_4073,decoy,Cc1ccc(/N=C/C2=C3NC=C(C(=O)O)C(=O)N3C(C)CC2)cc1,CHEMBL22686
DEC_2518,decoy,Cc1ccccc1-c1noc2c(Cl)c3c(cc12)CC(C(=O)O)O3,CHEMBL7782
DEC_1126,decoy,C[S+]([O-])CC[C@@H](NC(=O)[C@H](Cc1ccc(O)cc1)N=C(N)N)C(=O)N[C@@H](Cc1ccccc1)C(=O)NCC(=O)NCc1ccccc1,CHEMBL170817
DEC_2307,decoy,Cc1c(N2CC[C@@H](C3(N)CC3)C2)c(F)c(N)c2c(=O)c(C(=O)O)cn([C@@H]3C[C@@H]3F)c12,CHEMBL6894
DEC_1316,decoy,Cc1ccc(Cc2nc3c(cc2C)CCCCC3)cc1,CHEMBL34469
DEC_1710,decoy,OC1(C2(CCC#CCN3CCCCC3)SCCCS2)c2ccccc2Oc2ccccc21,CHEMBL40355
DEC_0203,decoy,CC1=C(N2CC2)C(=O)c2nc3n(c2C1=O)CCC3OC(N)=O,CHEMBL17584
DEC_0548,decoy,CCCCCCCCCCCC(=O)c1ccc(O)c(C(=O)Nc2nc3ccccc3s2)c1,CHEMBL22616
DEC_2139,decoy,O=C(c1ccccc1)N1N=C2/C(=C/c3ccccc3)CS(=O)(=O)CC2C1c1ccccc1,CHEMBL434594
DEC_2676,decoy,C=C1C[C@@]23O[C@]2(c2ccccc21)C1CC(OC(=O)[C@H](O)[C@@H](NC(C)=O)c2ccccc2)C3(C)C1(C)C,CHEMBL283716
DEC_1079,decoy,O=C1[C@H]2Cc3c([nH]c4ccccc34)[C@@H](c3ccc(O)nc3)N2C(=O)CN1[C@@H]1CCN(Cc2ccccc2)C1,CHEMBL34169
DEC_4697,decoy,Brc1ccc2[nH]c3c(c2c1)CCNC3,CHEMBL6427
DEC_3196,decoy,C[S+]([O-])c1nc(-c2ccc(F)cc2)c(-c2ccc(F)cc2)[nH]1,CHEMBL276554
ACT_039,active,CC1=CC[C@@]2(CO)CO[C@@H](c3ccc(O)cc3)[C@]1(C)C2,CHEMBL360572
DEC_2632,decoy,CCCc1ccc2c(O)cc(C(=O)O)nc2c1,CHEMBL22588
DEC_4166,decoy,O[C@@H]1CCC2CN3CCc4cc5c(cc4[C@H]3C[C@@H]2C1)OCO5,CHEMBL280650
DEC_1783,decoy,Cc1ccc2c(c1)c1c3c(cc4c1n2C(=O)CC4)CNCC3,CHEMBL23116
DEC_0941,decoy,CCN(CC)CCC(=O)N1c2ccccc2N2CCc3cccc(c32)C1C,CHEMBL283714
DEC_2513,decoy,O=C(O)C1Cc2cc3c(-c4ccccc4Cl)noc3c(Cl)c2O1,CHEMBL266553
DEC_4696,decoy,Brc1cccc2c3c([nH]c12)CNCC3,CHEMBL6857
DEC_0852,decoy,O=C1C2C3C=CC(C4CC34)C2C(=O)N1CCCCN1CCN(c2cncc(Cl)n2)CC1,CHEMBL29155
DEC_0487,decoy,CN(C)CCc1nnc2n1-c1ccc(Br)cc1C(c1ccccn1)=NC2,CHEMBL16271
DEC_2289,decoy,O=C(Cc1cccnc1)NCc1cc2cc(C(=O)N3CCC(N4C(=O)OCc5ccccc54)CC3)ccc2o1,CHEMBL31163
DEC_1939,decoy,CC1=NC(NC(=O)CC(C)(C)N)C(=O)N(Cc2ccc(-c3ccccc3-c3nn[nH]n3)cc2)c2ccccc21,CHEMBL280719
DEC_0887,decoy,O=C1C2C3CCC(C4CCC43)C2C(=O)N1CCCCN1CCN(c2ncccn2)CC1,CHEMBL283075
DEC_2699,decoy,CC(NC(=O)OC(C)(C)C)C(=O)N1CCN(CCNc2ccnc3cc(Cl)ccc23)CC1,CHEMBL416032
DEC_2439,decoy,CCc1nsc(-c2ccc(N3CCN(c4cccc(C(F)(F)F)c4)CC3)nn2)n1,CHEMBL277794
DEC_1467,decoy,CCCC(C)n1c(CC)nc2c(-c3ccc(C(C)(C)O)cc3Cl)ccnc21,CHEMBL444011
DEC_3467,decoy,CCC(C)NCc1ccc2n1-c1ccccc1SC2c1ccc(OC)cc1OC,CHEMBL18988
DEC_2397,decoy,Clc1ccc([C@@]2(Cn3cncn3)OCO[C@@H]2c2ccccc2)c(Cl)c1,CHEMBL418152
DEC_0224,decoy,CCCC1CCC(N2CCC(N3C(=O)N(CC)[C@@H]4CCCC[C@H]43)CC2)CC1,CHEMBL282376
DEC_3856,decoy,Cc1cc(-n2ncc(=O)[nH]c2=O)cc(C)c1Sc1ccc(Cl)cc1,CHEMBL27999
DEC_0597,decoy,CC(C)c1ccc2c(c1)c(SC(C)(C)C)c(CC(C)(C)NC(=O)N(C)O)n2Cc1ccc(Cl)cc1,CHEMBL290170
DEC_0638,decoy,Cc1cccc2c1N(C(=O)N1C[C@@H](C)N[C@@H](C)C1)Cc1c(C(=O)OC(C)(C)C)ncn1-2,CHEMBL15294
DEC_3905,decoy,C/C=C(\NC(=O)CC12CC3CC(CC(C3)C1)C2)C(=O)O,CHEMBL274394
DEC_2693,decoy,CO[C@H]1[C@H]2O[C@H]2[C@@H](OCC23C[C@@H]4[C@H](C)CC[C@H]4C4(C=O)CC2C=C(C(C)C)C34C(=O)O)O[C@@H]1C,CHEMBL286043
DEC_4030,decoy,CC(=O)OCC1=C(C(=O)OC(C)(C)C)N2C(=O)[C@@H](Nc3nc4cc[nH]cc-4n3)C2SC1,CHEMBL13672
DEC_1588,decoy,COC(=O)c1cc2ccc1[C@@H]1CC[C@H]([C@H](C)CCCC(C)C)[C@@]1(C)CC/C=C(/C)CC[C@H](OC(C)=O)C2,CHEMBL295582
DEC_4424,decoy,CCCCC1=Nc2ccccc2S(=O)(=O)N1Cc1ccc(-c2ccccc2C(=O)O)cc1,CHEMBL267521
DEC_0901,decoy,C=C(c1ccccc1OC(C)c1ccc(Cl)cc1)n1ccnc1,CHEMBL25911
DEC_4247,decoy,O=C(Nc1nn[nH]n1)c1c(OCc2ccccc2)c2ccccc2n1-c1ccccc1,CHEMBL26576
DEC_1665,decoy,O=C1CN2CCCCC2c2c1c1ccccc1n2CCCNS(=O)(=O)c1ccc(Cl)s1,CHEMBL33327
DEC_1436,decoy,CCS(=O)(=O)c1ccc(OC)c(-c2ccc(C(C)N3CCCCCC3)[nH]2)c1,CHEMBL22022
DEC_1369,decoy,CCN(CC)c1ccc(Nn2c(C)ccc2C)nn1,CHEMBL11643
DEC_1102,decoy,CC(=O)O.CCN(CCc1sccc1[N+](=O)[O-])C(=O)CNC(=O)[C@@H](CCCN=C(N)N)NC(=O)[C@@H](N)Cc1ccc(O)cc1,CHEMBL276454
DEC_0130,decoy,CSc1ccc(-c2nc(-c3ccc(F)cc3)c(-c3ccncc3)[nH]2)cc1,CHEMBL17370
DEC_3162,decoy,O=C1/C(=C\c2ccncc2)C(c2ccc(Cl)cc2)Cn2cccc21,CHEMBL9165
DEC_1229,decoy,CC1=CC[C@H]2C(C)(C)CCC[C@]2(C)[C@H]1C[C@H](OS(=O)(=O)[O-])[C@H](C)CCCc1ccoc1.C[N+](C)=C(N)N,CHEMBL60072
DEC_0089,decoy,CN(Cc1cncn1C)c1ccc(C#N)c(-c2cccc3ccccc23)c1,CHEMBL28252
DEC_3960,decoy,CCCC[C@@H](C[C@@H](CCc1ccc(C2CCCO2)cc1)C(=O)N[C@H](C(=O)NC)C(C)(C)C)C(=O)O,CHEMBL418521
DEC_3601,decoy,CCCCc1nc(Cl)c(Cc2nnn[nH]2)n1Cc1cccc(-c2nnn[nH]2)c1,CHEMBL281068
DEC_1127,decoy,CC(C)C[C@H](NC(=O)[C@H](CC12CC3CC(CC(C3)C1)C2)NC(=O)CNC(=O)[C@H](C)NC(=O)[C@@H](N)Cc1ccc(O)cc1)C(N)=O,CHEMBL282178
DEC_2743,decoy,CCCc1cc(SC)nc2nc(C(=O)c3ccccc3)cn12,CHEMBL442335
DEC_0582,decoy,O=C(C[C@H]1CCC[C@H](OCc2cc(C(F)(F)F)cc(C(F)(F)F)c2)[C@@H]1c1ccccc1)NCc1ccncc1,CHEMBL26251
DEC_1718,decoy,Cn1cncc1C(OCc1ccc(C#N)cn1)c1ccc(C#N)c(-c2cccc3ccccc23)c1,CHEMBL43631
DEC_4332,decoy,CCN1CCCC(Nc2nc(Nc3ccc(Cl)c(Cl)c3)nc3c(Cl)cc(Cl)cc23)C1,CHEMBL32900
DEC_4413,decoy,CC[C@@](OC)(c1cc(F)cc(OCc2ccc3ccccc3c2)c1)c1nccs1,CHEMBL21242
DEC_2784,decoy,Cc1cnoc1NS(=O)(=O)c1cccc2c(N(C)C)cccc12,CHEMBL283300
DEC_2496,decoy,CSc1cc2n(c1C(=O)c1ccc(Br)cc1)CCC2C(=O)O,CHEMBL19100
DEC_3015,decoy,Cc1ccc(C)n1Nc1nnc(N2CCOCC2)c2c1CCCC2,CHEMBL11446
DEC_0304,decoy,CCN(CC)CC#CCCCC1(C(O)(c2ccccc2)c2ccccc2)SCCCS1,CHEMBL39666
DEC_1678,decoy,CN1Cc2cncn2Cc2ccc(C#N)c(c2)Oc2ccc3cccc(c3c2)NC(=O)[C@H]1Cc1ccccc1,CHEMBL53862
DEC_0271,decoy,COOC1(OOCCCCCCOC2CCOCC2)CCCCCCCCCCC1,CHEMBL28513
DEC_2959,decoy,CCCCN[C@@H]1CN(C(=O)N(C(C)C)C(C)C)C[C@@H]1C(=O)O,CHEMBL18423
DEC_0832,decoy,COc1cc2[nH]c3c(c2cc1-c1cnco1)CC(=O)CC3,CHEMBL23127
DEC_1078,decoy,O=C(NC(=O)c1ccc(I)cc1)Nc1cccc(C2CN3CCSC3=N2)c1,CHEMBL41374
DEC_2704,decoy,OC1=C2C(=Nc3c(Br)cnn3C2c2ccc(F)c(Br)c2)CCC1,CHEMBL37959
DEC_2486,decoy,Cc1c(C(=O)c2cccc3ccccc23)c2ccccc2n1CCN1CCOC(O)C1,CHEMBL12566
DEC_0862,decoy,CCCCn1c(=O)c2c(ncn2S(=O)(=O)c2cc(C)c(Cl)cc2C)n(CCCC)c1=O,CHEMBL20822
DEC_0181,decoy,CCC(C)C(NC(=O)OC(C)(C)C)C(=O)N1CCN(CCNc2ccnc3cc(Cl)ccc23)CC1,CHEMBL281281
DEC_2430,decoy,C=C1/C=C(\C)[C@H](CC)OC(=O)[C@H](C)C(=O)[C@@](O)(CO)C/C(SC)=C/[C@@H](C)C1,CHEMBL32849
DEC_0048,decoy,O=C1CN(Cc2cncn2Cc2cccc(Oc3ccccc3)c2)CCN1c1ccc(Cl)cc1,CHEMBL30646
DEC_2117,decoy,COc1cc2c(Nc3ccc(C)cc3C)c(C#N)cnc2cc1OCC1CCN(C)CC1,CHEMBL40912
DEC_3474,decoy,COc1cc(NC(C)CCCN)c2ncccc2c1Oc1ccc(Cl)c(Cl)c1,CHEMBL273515
DEC_4240,decoy,CC(C)(C)NC(=O)c1coc(C2C3CCC(O3)C2Cc2ccccc2CCC(=O)O)n1,CHEMBL287421
DEC_3011,decoy,COc1cc(CC(C)N)c(OC)cc1I,CHEMBL6616
DEC_3535,decoy,CC1(Cc2ccccc2)OC(S)=Nc2ccc(-c3cccc(Cl)c3)cc21,CHEMBL280121
DEC_2844,decoy,Brc1ccc(C2COC(Cn3ccnc3)(c3ccc(Br)cc3)O2)cc1,CHEMBL29376
DEC_2468,decoy,Nc1nccn1Cc1c2ccccc2c(Cn2ccnc2N)c2ccccc12,CHEMBL283607
DEC_1198,decoy,CN(Cc1ccc(C#N)cc1)[C@H](Cc1cncn1C)C(=O)N1CCC(C#N)=C(c2cccc3ccccc23)C1,CHEMBL29980
DEC_1457,decoy,CCN(CC)Cc1cc(Nc2ccnc3cc(Cl)ccc23)c(F)c(F)c1O,CHEMBL29778
DEC_4340,decoy,CN1CCCC1CCNc1nc(Nc2cc(Cl)cc(Cl)c2)nc2ccc(Cl)cc12,CHEMBL31289
DEC_3420,decoy,CCc1nc2c(-c3ccc(Cl)cc3Cl)ccnc2n1[C@H](CC)C1CC1,CHEMBL23959
DEC_2663,decoy,CCCN(Cc1ccc(-c2ccccc2-c2nn[nH]n2)cc1)c1ncnc2cccc(C(=O)OC)c12,CHEMBL421865
DEC_3392,decoy,COCCOc1cc2ncnc(Nc3ccc(Cl)cc3F)c2cc1OC,CHEMBL286160
DEC_1246,decoy,CCCN(CCC)[C@@H]1Cc2cccc3c2N(C1)C(=O)NC3,CHEMBL24110
DEC_3389,decoy,COc1cc2ncc(C#N)c(Nc3ccc(Nc4ccccc4)cc3)c2cc1OC,CHEMBL31639
DEC_0229,decoy,Clc1ccc(C(c2ccn(-c3ccc(Cl)cc3)c2)n2ccnc2)cc1,CHEMBL439726
DEC_2562,decoy,O=NN(CCCl)C(=O)NC1(C(=O)O)CCCC1,CHEMBL12922
DEC_4693,decoy,ClCCNc1ccnc2cc(Cl)ccc12,CHEMBL281003
DEC_2738,decoy,Cc1cc(C(c2cccc(C(F)(F)F)c2)N2CCN(C)CC2)sn1,CHEMBL22288
DEC_2453,decoy,COc1ccc(-c2csc(-c3cc(C(=N)N)sc3SC)n2)c(OC)c1,CHEMBL286267
DEC_1287,decoy,CCc1cc2c(s1)CN(CC)CC2c1ccc(C)cc1,CHEMBL15793
DEC_4481,decoy,Cc1ccc(Sc2cncc3sc(CO)cc23)cc1,CHEMBL268530
DEC_3102,decoy,C=CCC1Oc2cccc(OCc3ccccc3)c2-c2ccc3c(c21)C(C)=CC(C)(C)N3,CHEMBL8131
DEC_1824,decoy,C#CCCCC(=O)c1cc(C(C)(C)C)c2c(c1)C(C)(C)CO2,CHEMBL13920
DEC_0207,decoy,CC(=O)NC1=C(C)C(=O)c2c(nc3n2CC[C@@H]3OC(C)=O)C1=O,CHEMBL20582
DEC_0533,decoy,CCCCCCCCCCCCCCCCN(C(=O)C(F)(F)F)c1ccc(C#N)cc1,CHEMBL30520
DEC_4154,decoy,CC(C)n1nccc1-c1ccccc1NCC1=NCCN1,CHEMBL18303
DEC_4094,decoy,Cc1cc(Cl)cc(C[S+]([O-])c2nc3ccccc3[nH]2)c1N,CHEMBL20083
DEC_1580,decoy,CC1(C)C(=O)Nc2ccc(C3=NNC(=O)CC3)cc21,CHEMBL38224
DEC_0491,decoy,NCC1CCCN(c2c(F)cc3c(=O)c(C(=O)O)cn(C4CC4)c3c2Cl)C1,CHEMBL15347
DEC_2860,decoy,CN(C)CC(c1ccccc1)c1nnc2n1-c1ccccc1C(c1ccccc1Cl)=NC2,CHEMBL16369
ACT_063,active,CCCSc1nc(C)c(-c2csc(C(C#N)=C3CCCC3)n2)cc1C#N,CHEMBL1597805
DEC_1772,decoy,C/N=C(/S)C1(c2cccnc2)CCCC/C1=C\CO,CHEMBL44511
DEC_3630,decoy,Cc1ccc(C(O)c2nc3c(cc2C)CCCC3)cc1,CHEMBL34468
DEC_2055,decoy,CC(/N=c1\c(O)c(O)\c1=N/c1ccncc1)C(C)(C)C,CHEMBL18519
DEC_0309,decoy,CCC#CC[C@H](C)[C@H](O)/C=C/[C@@H]1C2CC(c3ccc(F)cc3)(CO2)[C@H]1C/C=C/CCCC(=O)O,CHEMBL417245
DEC_1704,decoy,CCN(CC)CC#CCCC1(C(O)(c2ccccc2)C2CCCCC2)SCCCS1,CHEMBL39145
DEC_3362,decoy,CCCCC[C@](C)(O)/C=C/C1[C@@H]2C[C@@H](O)[C@H]1C/C=C\CCCC(=O)O2,CHEMBL12539
DEC_3481,decoy,COc1cccc(-c2cc(C#N)ccc2COC(c2ccc(C#N)nc2)c2cncn2C)c1,CHEMBL432477
DEC_4157,decoy,CC(C)C(O)(c1ccc(Cl)cc1)c1cncnc1,CHEMBL29646
DEC_3463,decoy,CCC(=O)N(c1ccccc1)[C@@H]1CCN(CCc2ccc(N=C=S)cc2)C[C@H]1C,CHEMBL273222
DEC_1260,decoy,C/C=C/COC1(C(F)(F)F)OC(=O)Nc2ccc(Cl)cc21,CHEMBL280030
DEC_2318,decoy,O=C(O)c1cn(-c2ccc(F)cc2F)c2nc(N3CCC(=NO)CC3)c(F)cc2c1=O,CHEMBL285493
DEC_4382,decoy,CC1Cc2cc3c(cc2C(c2ccc(N)cc2)=NN1C(=O)C1CC1)OCO3,CHEMBL8550
DEC_0418,decoy,COc1ccccc1C/N=C(\S)c1ccc2cnccc2n1,CHEMBL267235
DEC_0052,decoy,CCCOc1c(Cl)c(OC)nc(C(Cl)(Cl)Cl)c1Cl,CHEMBL276861
DEC_1929,decoy,CC[C@@H](N)C(=O)N[C@@H]1CCc2ccccc2N(Cc2ccc(-c3ccccc3-c3nn[nH]n3)cc2)C1=O,CHEMBL266836
DEC_0524,decoy,COCCCCCCCCCCCC(=O)Nc1cc(C(C)(C)C)cc(C(C)(C)C)c1O,CHEMBL17692
DEC_2571,decoy,CN1C(=O)NC(=O)C(C)(C2=CCCCC2)C1=O,CHEMBL7728
DEC_3262,decoy,COC(OC)[C@]1(C)Oc2ccc(N)cc2[C@@H](N(Cc2ncc[nH]2)c2ccc(OC(F)(F)F)cc2)[C@@H]1O,CHEMBL43005
DEC_3146,decoy,CCCN1CC=C(c2c[nH]c3ccc(C#N)cc23)CC1,CHEMBL281716
DEC_2619,decoy,O=[N+]([O-])c1cc2c(NCCO)ccnc2cc1Cl,CHEMBL283599
DEC_1482,decoy,[O-][n+]1ccc(CC(c2ccc(CO)cc2)c2ccc(OC(F)F)c(OC(F)F)c2)cc1,CHEMBL285500
DEC_1462,decoy,CSc1sc(C(=N)N)cc1-c1nc(-c2cccnc2Cl)cs1,CHEMBL285818
DEC_3224,decoy,O=C(O)[C@@H]1C[C@H]2C[C@@H](c3ccc(Cc4nnn[nH]4)cc3)CC[C@H]2CN1,CHEMBL16243
DEC_3642,decoy,Cc1ccc2c(c1)-c1nc(-c3ccccn3)[nH]c1CCC2,CHEMBL268654
DEC_2789,decoy,CN1CC=C(c2c(O)cc(O)c3c(O)cc(-c4ccccc4)nc23)CC1,CHEMBL8424
DEC_1838,decoy,c1ccc(CCNC2c3ccccc3Oc3ccccc32)nc1,CHEMBL20935
DEC_2951,decoy,C/C(CN(C)C)=C(\c1ccccc1OCC(C)C)n1ccnc1,CHEMBL26272
DEC_4220,decoy,CC1CC/C(=N\Nc2cccc(Br)c2)c2ncc(C(=O)O)c(=O)n21,CHEMBL15184
DEC_0079,decoy,c1ccc2c(c1)c(C1=NCC3(CN4CCC3CC4)O1)cn2CC1CC1,CHEMBL8245
DEC_1583,decoy,CCN(CC#Cc1ccc(N=[N+]=[N-])cc1)Cc1cccc(OCc2cc(-c3ccsc3)cs2)c1,CHEMBL16120
DEC_3077,decoy,FC(F)C(F)(F)Sc1nc(-c2ccc(Cl)cc2)c(-c2ccc(Cl)cc2)[nH]1,CHEMBL17842
DEC_3407,decoy,COC(=O)c1sc(C(C)(C)C)cc1NC(=O)Nc1ccc(NC(C)=O)cc1,CHEMBL19156
DEC_4000,decoy,NC(=O)[C@H](Cc1c[nH]c2ccccc12)NCc1ccc2ccccc2c1,CHEMBL9274
DEC_1469,decoy,Cc1c[nH]c2ccc(C(=O)N3CCC(N4C(=O)OCc5ccccc54)CC3)cc12,CHEMBL287067
DEC_2243,decoy,C#CCN1CCN(C2=Nc3ccc(Br)cc3CC=C2c2ccccc2)CC1,CHEMBL273794
DEC_0879,decoy,O=C1N(CCCCN2CCN(c3ncccn3)CC2)C(=O)C23C4C=CC(C4)C12C1C=CC3C1,CHEMBL285141
DEC_2757,decoy,CCNC1CCc2c(Sc3ccccc3)ccc(OC)c2C1,CHEMBL30569
DEC_4507,decoy,CN[C@@H]1CC[C@@H](c2ccccc2OC)c2ccccc21,CHEMBL39799
DEC_4586,decoy,COc1cc2c(Nc3ccc(Cl)cc3Cl)c(C#N)cnc2cc1OCC1CCN(C)CC1,CHEMBL43577
DEC_1219,decoy,COc1ccc2c3c1OC1[C@H](O)[C@](CO)(CCCCc4ccccc4)CC4C(C2)N(CC2CCC2)CCC341,CHEMBL417604
DEC_1766,decoy,CC1=NN=C(c2ccc(N)cc2)c2cc3c(cc2C1)OCO3,CHEMBL275006
DEC_1446,decoy,CCCCN1CCC(COc2nc3ccc(Cl)cc3c3c2CCCN3)CC1,CHEMBL33089
DEC_4206,decoy,Cc1c(-c2ccc(-n3ccnc3)cc2)cnc(O)c1C#N,CHEMBL274206
DEC_3959,decoy,CC(C)(C)/N=C(\Nc1cccc(/C(=C\CCCC(=O)O)c2cccnc2)c1)NS(=O)(=O)c1ccccc1,CHEMBL21954
DEC_3949,decoy,N=C(N)c1ccc(OCCCCCOc2ccc(C(=N)N)cc2Br)c(Br)c1,CHEMBL22763
DEC_1262,decoy,Nc1ccc(C23CC(C2)C(=O)N(CC2CCCCC2)C3=O)cc1,CHEMBL27546
DEC_1314,decoy,Cc1cc(C(C)(C)C)nc2c(C(C)(C)C)cccc12,CHEMBL267384
DEC_1884,decoy,O=C1C2C3C=CC(C4CC34)C2C(=O)N1CCCCN1CCN(c2ncccn2)CC1,CHEMBL283596
DEC_2107,decoy,Cn1c(=O)sc2cc(CCN3CCN(Cc4ccc(Cl)cc4Cl)CC3)ccc21,CHEMBL280063
DEC_1730,decoy,Cc1cc(C)cc(C(=O)N2CC[C@H](NCc3cc4ccccc4cn3)C[C@H]2Cc2ccccc2)c1,CHEMBL296213
DEC_0509,decoy,Cc1ccc2c(c1)N(C(=O)N1C[C@@H](C)N[C@@H](C)C1)Cc1c(C(=O)OC(C)(C)C)ncn1-2,CHEMBL279165
DEC_3445,decoy,C(=C/c1cccs1)\c1cc(-c2cccs2)cc(-c2cccs2)n1,CHEMBL280626
DEC_4249,decoy,COc1ccc2c3c1OC1[C@H](O)[C@](CO)(CCc4ccccc4)CC4C(C2)N(C)CCC341,CHEMBL9667
DEC_2604,decoy,CC(C)(C)c1cc(CN)c(O)c(C(C)(C)C)c1,CHEMBL287297
DEC_2276,decoy,COCCn1ccc2cc(Sc3ccc(/C=C/C(=O)N4CCN(C(C)=O)CC4)cc3Cl)ccc21,CHEMBL418006
DEC_4032,decoy,C[C@@H](O)[C@H]1C(=O)N2C(C(=O)O)=C(S[C@@H]3CN[C@@H](c4ccc(C(C)(C)N)cc4)C3)[C@H](C)[C@H]12,CHEMBL17917
DEC_3331,decoy,Cc1cc(C)c(NC(=O)C(C)(C)CCCCCOc2ccc(Cl)cc2)c2c1CC(C)(C)O2,CHEMBL553566
DEC_3996,decoy,O=C(Cc1c(C(=O)O)[nH]c2cc(Cl)ccc12)NCCc1ccccc1,CHEMBL277479
DEC_4564,decoy,CN1CN(c2ccccc2)C2(CCN(C3CCc4c(Cl)ccc(Cl)c4C3)CC2)C1=O,CHEMBL27729
DEC_3935,decoy,O=P(O)(O)C(Cc1cccc2ccccc12)N[C@@H](Cc1ccc(-c2ccccc2)cc1)c1nnn[nH]1,CHEMBL10251
DEC_3946,decoy,O=C(O)COc1ccccc1CC1C2CCC(O2)C1c1nc(C(=O)NCCCCC2CCCCC2)co1,CHEMBL30832
DEC_3261,decoy,COC(OC)[C@@]1(C)Oc2ccc(N)cc2[C@H](N(Cc2ncc[nH]2)c2ccc(OC(F)(F)F)cc2)[C@H]1O,CHEMBL47196
DEC_0995,decoy,CC(/N=c1\c(O)c(O)\c1=N/c1ccc(OC(F)(F)F)cc1)C(C)(C)C,CHEMBL19421
DEC_1980,decoy,O=C(Cc1cccc2ccccc12)Nc1cccc(NC(=O)c2cc(Cl)cc(Cl)c2)c1,CHEMBL13598
DEC_3926,decoy,CCCCCCOc1cc(C(C)(C)C)ccc1C/N=C(\S)NCc1ccc(NS(C)(=O)=O)cc1,CHEMBL295773
DEC_3727,decoy,CN1CCOc2c(C(=O)NC[C@H]3CCCN3CCc3ccccc3)cc(Cl)cc21,CHEMBL279937
DEC_1293,decoy,CN(C)CC(c1ccc(Cl)cc1)c1ccc(Cl)cc1,CHEMBL10496
DEC_1600,decoy,CCCOP(=O)(OCC1C=CC(n2cc(C)c(=O)[nH]c2=O)O1)OCC(Cl)(Cl)Cl,CHEMBL19243
DEC_3400,decoy,OC(COc1cccc2ccccc12)CN1CCC(Oc2ccccc2)CC1,CHEMBL286177
DEC_3136,decoy,CN1Cc2c(N)cccc2C(c2ccc(Cl)cc2)C1,CHEMBL18580
DEC_3815,decoy,C=CCCN(C1=NCCN1)c1c(Br)cccc1Br,CHEMBL417828
DEC_1032,decoy,CCCn1c(=O)[nH]c2[nH]c(-c3ccc(S(=O)(=O)Oc4ccc([N+](=O)[O-])cc4)cc3)nc2c1=O,CHEMBL8732
DEC_0186,decoy,OC[C@@]1(CCCCCc2ccccc2)CC2C3Cc4ccc(O)c5c4C2(CCN3CC2CC2)C(O5)[C@@H]1O,CHEMBL9706
DEC_3440,decoy,CCCCOc1c(Cl)c(OC)nc(C(Cl)(Cl)Cl)c1Cl,CHEMBL11457
DEC_0460,decoy,OC(c1ccc(Cl)cc1)(c1cncnc1)c1cccc(F)c1,CHEMBL286965
DEC_3502,decoy,N#Cc1ccccc1N1CCN(CCCCC23CCCc4cccc(c42)NC3=O)CC1,CHEMBL273246
DEC_2957,decoy,CCCCC/C=C(\NC(=O)C1CC1(Cl)Cl)C(=O)O,CHEMBL12001
DEC_1982,decoy,Cc1cc(-c2c(F)cc3c(=O)c(Cc4cccc5ccccc45)cn(C4CC4)c3c2F)cc(C)n1,CHEMBL267017
DEC_2356,decoy,CCN(C)c1ccc(-c2nc3n(c2-c2ccc(N(C)CC)cc2)CCS3)cc1,CHEMBL276051
DEC_3676,decoy,C=C(C)[C@@H]1CC[C@]2(C(=O)N[C@@H](Cc3ccccc3)C(=O)O)CC[C@]3(C)[C@H](CC[C@@H]4[C@@]5(C)CC[C@H](O)C(C)(C)[C@@H]5CC[C@]43C)[C@@H]12,CHEMBL277316
DEC_0681,decoy,CC1CCCCCCCCCCOC(=O)N(CC(O)C(Cc2ccccc2)NC(=O)O[C@H]2CO[C@H]3OCC[C@H]32)C1,CHEMBL292373
DEC_4280,decoy,C[C@@H]1CC[C@H]2[C@@H](C)CO[C@@H]3O[C@@]4(C)CC[C@@H]1[C@]32OO4,CHEMBL273441
DEC_0493,decoy,O=C(O)c1cn(-c2ccc(F)cc2F)c2cc(N3CC/C(=N/O)C3)c(F)cc2c1=O,CHEMBL31833
DEC_2158,decoy,CCSCc1ccc2c(c1)c1c3c(c4c5cc(CSCC)ccc5n5c4c1n2C1C[C@](O)(C(=O)OC)[C@]5(C)O1)CNC3=O,CHEMBL299496
DEC_1771,decoy,COc1cc(Br)c(OC)c(CC(C)N)c1,CHEMBL16883
DEC_0899,decoy,Cc1c2cnccc2c(C)c2c1c1ccccc1n2CCCN(C)C,CHEMBL24976
DEC_1835,decoy,CCCOC1(C(F)(F)F)OC(=O)Nc2ccc(Cl)cc21,CHEMBL17477
DEC_1877,decoy,COC1=C(C)C(=O)c2c(c(COC(N)=O)c3n2CCC3OC(=O)CCl)C1=O,CHEMBL278250
DEC_3320,decoy,SC1=Nc2ccc(-c3cccc(Cl)c3)cc2C(Cc2ccccc2)(Cc2ccccc2)O1,CHEMBL277644
DEC_1602,decoy,CNS(=O)(=O)c1ccc2c(c1)/C(=C/c1[nH]c3c(c1CCCN1CCN(C)CC1)CCCC3)C(=O)N2,CHEMBL293712
DEC_1020,decoy,COc1ccc2c(c1)COP(=O)(OCC1C[C@@H](F)C(n3cnc4c(N)ncnc43)O1)O2,CHEMBL42392
DEC_2790,decoy,O=C1Nc2ccc(Cl)cc2C(C#Cc2ccncc2)(C(F)(F)F)O1,CHEMBL17374
DEC_1985,decoy,Cc1ncccc1Oc1ccc(NC(=O)N2CCc3cc(Br)c(C(F)(F)F)cc32)cn1,CHEMBL53152
DEC_1096,decoy,CCC(CC)C(=O)N[C@H](C(=O)N[C@@H](CC(=O)N1CCCC1)C(=O)N[C@@H](CC(=O)O)C(=O)N[C@H](CO)CC1CCCCC1)C(C)(C)C,CHEMBL320387
DEC_2836,decoy,Cn1cc(C2=CCN(CCCN3c4cccc5cccc(c45)S3(=O)=O)CC2)c2ccccc21,CHEMBL19111
DEC_3721,decoy,CC(C)N1CCN(c2cc3c(cc2F)c(=O)c(C(=O)O)cn3-c2ccc(F)cc2F)CC1,CHEMBL15017
DEC_3798,decoy,Cc1ccc(S(=O)(=O)N[C@@H]2C3CC(c4ccc(F)cc4)(CO3)[C@H]2C/C=C/CCCC(=O)O)cc1,CHEMBL10418
DEC_0531,decoy,Cc1c(C)c2c(c(C)c1O)CC[C@@](C)(CCC[C@H](C)CCC[C@H](C)CCCC(C)C)O2,CHEMBL47
DEC_3309,decoy,CN(CCCC(C)(C)N=[N+]=[N-])C1CC[C@@]2(C)C3=C(CC[C@]12C)[C@@]1(C)CC[C@H](O)C(C)(C)C1CC3,CHEMBL288571
DEC_2554,decoy,O=P1(N(CCCl)CCCl)NCCCO1,CHEMBL88
DEC_0382,decoy,CNCCSC1Cc2ccccc2Sc2ccccc21,CHEMBL275883
DEC_1791,decoy,O=P(O)(O)Oc1ccc(SC(F)(F)F)cc1,CHEMBL24336
DEC_0365,decoy,O=C(O)CCCCCCNC(=O)C/C=C/c1ccccc1,CHEMBL17164
DEC_4228,decoy,CNC(=O)NC1CCc2cc(OC)c(OC)c(OC)c2-c2ccc(SC)c(=O)cc21,CHEMBL287384
DEC_3347,decoy,CCOc1ccc(-n2c(C)c3c(C)nnc(-c4ccc(OC(F)(F)F)cc4)c3c2C)cc1,CHEMBL24611
DEC_3915,decoy,Cc1ccc(S(=O)(=O)N[C@H]2CC/C(=N\OCC3CCCCC3)[C@@H]2C/C=C\CCCC(=O)O)cc1,CHEMBL264740
DEC_0282,decoy,CCCCCCCCC/C=C/OC(CC=C(C)C)C1=CC(=O)c2c(O)ccc(O)c2C1=O,CHEMBL286952
DEC_1572,decoy,Nc1nc(N)c2cc(Br)ccc2n1,CHEMBL6549
DEC_2163,decoy,CC(=O)N1[C@H](CC23CC4CC(CC(C4)C2)C3)C(=O)N(Cc2ccccc2Cl)c2ccccc2C(=O)C[C@H]1C(=O)NCC1N=NN=N1,CHEMBL326293
ACT_057,active,C/C(=N\O)c1cc(-c2ccc(O)cc2)ccc1O,CHEMBL3409956
DEC_2157,decoy,CCSCc1ccc2c(c1)c1c3c(c4c5cc(CSCC)ccc5n5c4c1n2[C@H]1C[C@](O)(C(=O)OC)[C@]5(C)O1)CNC3=O,CHEMBL290352
DEC_1173,decoy,Nc1nc(N)c2c(Sc3ccc(Cl)c(Cl)c3)cccc2n1,CHEMBL427605
DEC_0549,decoy,O=C(c1ccccc1Cl)c1c(N(CC2CCCCC2)CC2CCCCC2)sc2c1CCN(C(=O)C1CC1)C2,CHEMBL42249
DEC_2808,decoy,O=S(=O)(Nc1cccc(Oc2ccccn2)c1)C(F)(F)F,CHEMBL17732
DEC_0881,decoy,O=C1[C@@H](NS(=O)(=O)c2cc3c(Cl)nccc3s2)CCN1CCNc1ccncc1,CHEMBL266132
DEC_4241,decoy,CCN1C(=O)c2c(ncn2Cc2ccc(OC)c(Cl)c2)N2C1=N[C@@H]1CCC[C@@H]12,CHEMBL25985
DEC_2394,decoy,O=C1NC(=O)C(CC#Cc2ccc(Cl)cc2)(Sc2ccccn2)S1,CHEMBL418709
DEC_2481,decoy,O=C1CCC(c2ccccc2)(C2CCN(Cc3ccc(Cl)cc3)CC2)C(=O)N1,CHEMBL10097
DEC_0019,decoy,Clc1ccc(C2COC(Cn3ccnc3)(c3ccc(Cl)cc3Cl)O2)c(Cl)c1,CHEMBL281472
DEC_0398,decoy,CC(C)(C)c1cc(-c2nsc(N)n2)cc(C(C)(C)C)c1O,CHEMBL17091
DEC_1886,decoy,CCN1CCCC1CNC(=O)c1cc(N(C)S(=O)(=O)N(C)C)c(C)cc1OC,CHEMBL15263
DEC_2761,decoy,CC1c2cc(Cl)cc3c2N(CC3)c2ccccc2N1C(=O)CN(C)C,CHEMBL282751
DEC_3508,decoy,CN(C)Cc1ccc2n1-c1ccccc1SC2(c1ccccc1)c1ccccc1,CHEMBL24620
DEC_1695,decoy,OC1(C2(CCC#CCN3CCCCC3)SCCCS2)c2ccccc2Sc2ccccc21,CHEMBL40995
DEC_1080,decoy,Clc1ccc(C2=CCc3ccc(Cl)cc3N=C2N2CCNCC2)cc1.O=C(O)/C=C/C(=O)O,CHEMBL16624
DEC_3700,decoy,CC(C)(C)c1ccc(-c2ccc(C(F)(F)F)cc2NC(=O)[C@H]2CCC3C4CNC5=CC(=O)CC[C@]5(C)C4CC[C@@]32C)cc1,CHEMBL314069
DEC_0437,decoy,CN(C)CCSC1Cc2ccccc2Sc2ccccc21,CHEMBL15903
DEC_4211,decoy,ClCC12NC(Cc3ccccc31)c1ccccc12,CHEMBL10736
DEC_0994,decoy,CN1CCN(c2c(F)c(F)c3c(=O)c(C(=O)O)cn(C4CC4)c3c2F)CC1,CHEMBL277404
DEC_0734,decoy,CC1c2cc3c(C(F)(F)F)cc(O)nc3cc2NC[C@H]1C,CHEMBL282204
DEC_0112,decoy,N#Cc1cc(F)cc(-c2ccc3c(c2)C2(CCCCC2)C(S)=N3)c1,CHEMBL28157
DEC_4677,decoy,CC1=C[C@@H]2c3cccc4[nH]cc(c34)C[C@H]2N(C)C1,CHEMBL449081
DEC_1711,decoy,CCCCc1ccc(C#Cc2cc3c(s2)-n2c(C)nnc2CN=C3c2ccccc2Cl)cc1,CHEMBL32767
DEC_2462,decoy,Cc1ccc(C)c(-c2cc(C(F)F)nn2-c2ccc(S(N)(=O)=O)cc2)c1,CHEMBL280772
DEC_4230,decoy,CN(C)c1cccc2c(S(=O)(=O)Nc3ncc(Br)cn3)cccc12,CHEMBL6630
DEC_2999,decoy,CC(/N=c1\c(O)c(O)\c1=N/CCc1ccc(C#N)cc1)C(C)(C)C,CHEMBL19922
DEC_2451,decoy,CCCCc1nc2ccnc(O)c2n1Cc1ccc(-c2ccccc2-c2nn[nH]n2)cc1,CHEMBL429008
DEC_1382,decoy,Nc1nc2cc(Cl)c(Cl)cc2n1CCCOCCCn1c(N)nc2cc(Cl)c(Cl)cc21,CHEMBL296934
DEC_4217,decoy,CC1CC/C(=N\Nc2ccc(Br)cc2)c2ncc(C(=O)O)c(=O)n21,CHEMBL15469
DEC_0669,decoy,Oc1ccc2c3c1O[C@H]1c4c(c5ccccc5n4Cc4cccc(N=C=S)c4)C[C@@]4(O)C(C2)N(CC2CC2)CCC314,CHEMBL280649
DEC_4163,decoy,CN1CCc2ccc3c4c2[C@H]1Cc1cccc(c1-4)[C@H]3N,CHEMBL281048
DEC_1593,decoy,O=c1cc(-c2ccccc2)oc2ccc(OCCCCCCN3CC=C(c4ccc(Cl)cc4)CC3)cc12,CHEMBL39001
DEC_1793,decoy,OC(c1cncnc1)(c1cccs1)c1cccs1,CHEMBL29412
DEC_2123,decoy,O=c1oc(Nc2ccccc2I)nc2cccc(Cl)c12,CHEMBL276464
DEC_3461,decoy,COCc1cc(CCCOc2c(C)cc(-c3noc(C(F)(F)F)n3)cc2C)on1,CHEMBL27858
DEC_2594,decoy,O=C(CCCC1CCCCC1)NC1CCOC1=O,CHEMBL15908
DEC_4569,decoy,Cn1cncc1C(O)(C#Cc1ccc(C#N)cc1-c1cc(Cl)cc(Cl)c1)c1ccc(C#N)cc1,CHEMBL23578
DEC_3279,decoy,C=CC(=O)Nc1cc2c(Nc3cccc(Br)c3)ncnc2cc1OCCCCN(C)C,CHEMBL31588
DEC_2008,decoy,C/C=C/C=C/C(=O)O[C@H](CC=C(C)C)C1=CC(=O)c2c(O)ccc(O)c2C1=O,CHEMBL9148
DEC_3443,decoy,CCCCC[C@@H]1CC2C(CCC3(C)C(=O)CCC23)C2(C)C=CC(=O)C=C12,CHEMBL440832
DEC_1556,decoy,O=C1CCC(c2ccc3c(c2)CCC(=O)N3)=NN1,CHEMBL287915
DEC_3065,decoy,CCCC(=O)N(Cc1ccc(C#N)cc1)c1c(NC(C)C(C)(C)C)c(=O)c1=O,CHEMBL20085
DEC_4561,decoy,Clc1nc(/C=C/c2ccccc2)nc2c1ncn2Cc1ccccc1,CHEMBL19865
DEC_1225,decoy,O=C(CN1CN(c2ccccc2)C2(CCN(C3CCc4cccc(Cl)c4C3)CC2)C1=O)c1ccccc1,CHEMBL26483
DEC_0934,decoy,Cc1ccc(C2COC(Cn3ccnc3)(c3ccc(Cl)cc3)O2)cc1,CHEMBL282954
DEC_1189,decoy,CC(C)(C)c1ccc(S(=O)(=O)N2Cc3ccccc3N(Cc3ncc[nH]3)C(CCc3ccccc3)C2)cc1,CHEMBL8499
DEC_0261,decoy,CC(/C=C/C=C(C)/C=C/C1=C(C)CCCC1(C)C)=C(C(=O)O)C(=O)O,CHEMBL273433
DEC_1763,decoy,CC(C)C(=O)C1=C(O)C(C)(C)C(O)=C(C(=O)C(C)C)C1=O,CHEMBL19916
DEC_0051,decoy,COc1nc(C(Cl)(Cl)Cl)c(Cl)c(OC(C)C)c1Cl,CHEMBL269389
DEC_4709,decoy,c1ccc(CSc2[nH]ccc3ncnc2-3)cc1,CHEMBL286811
DEC_3016,decoy,CN(C)CCNC(=O)C1=C/C(=C\c2cccnc2)c2ccccc21,CHEMBL279520
DEC_3233,decoy,CCn1cc(C(=O)O)c(=O)c2cc(F)c(N3CC(N)C3C)c(F)c21,CHEMBL19793
DEC_1541,decoy,C/C=C(\NC(=O)C1C(C=C(C)C)C1(C)C)C(=O)O,CHEMBL12166
DEC_3772,decoy,COc1ccc2c3c1OC1[C@H](O)[C@](CO)(CCCc4ccccc4)CC4C(C2)N(CC2CCC2)CCC341,CHEMBL9385
DEC_2614,decoy,Cc1cc(N)nc(NC23CC4CC(CC(C4)C2)C3)n1,CHEMBL19268
DEC_3937,decoy,CCN(CC)CCCNc1ncc2cc(-c3c(Cl)cccc3Cl)c(NC(=O)NC(C)C)nc2n1,CHEMBL57022
DEC_1930,decoy,CC(C)(N)CC(=O)NC1CCc2ccccc2N(Cc2ccc(-c3ccccc3-c3nn[nH]n3)cc2)C1=O,CHEMBL283143
DEC_2742,decoy,C=CCOC1(C(F)(F)F)OC(=O)Nc2ccc(F)c(F)c21,CHEMBL275644
DEC_1587,decoy,CC(C)c1cc(C(C)C)c(NC(=O)NS(=O)(=O)Oc2c(C(C)C)cccc2C(C)C)c(C(C)C)c1,CHEMBL281600
DEC_1251,decoy,CC(C)(C)NCC(O)COc1cccc2c1SCCC2,CHEMBL434200
DEC_0559,decoy,Cc1c(C(=O)N(C)C2CCCCC2)nn(-c2ccc(Cl)cc2Cl)c1-c1ccc(Br)cc1,CHEMBL285473
DEC_3414,decoy,CCCC(C)n1c(CC)nc2c(-c3ccc(Cl)cc3Cl)nccc21,CHEMBL285666
DEC_0329,decoy,CCCCCCCCCCCCN1CCCC(O)C1,CHEMBL17348
DEC_2645,decoy,O=C1NC(=O)/C(=C/c2cccc3ccccc23)N1,CHEMBL289269
DEC_1216,decoy,N#Cc1cccc(C(=O)C(Nc2ccc(Cl)cc2)NC(Cn2ccnc2)c2ccc(Cl)cc2Cl)c1,CHEMBL269369
DEC_1266,decoy,Brc1ccccc1N(CC1CC1)C1=NCCN1,CHEMBL19515
DEC_1573,decoy,C/C=C(\NC(=O)C1C(C(C)(C)C)C1(C)C)C(=O)O,CHEMBL12165
DEC_4277,decoy,O=C1c2scc(-c3ccc(F)cc3)c2-n2cccc21,CHEMBL34581
DEC_1826,decoy,Cc1ccc(Sc2cncc3sc(/C=N/O)cc23)cc1,CHEMBL6258
DEC_0274,decoy,CCCCN(CCCC)S(=O)(=O)NC(=O)Oc1c(C(C)(C)C)cc(C)cc1C(C)(C)C,CHEMBL22750
DEC_1915,decoy,C[C@H]1O[C@@H](n2cnc3c(NC4CCCC4)ncnc32)[C@H](O)[C@H]1NC(=O)C1(c2ccccc2)CCCCC1,CHEMBL299238
DEC_3236,decoy,Cc1c(N2CC[C@H](N)C2)c(F)cn2c(=O)c(C(=O)O)cc(C3CC3)c12,CHEMBL16727
DEC_2501,decoy,CCc1cc(OCc2ccc(-c3ccccc3-c3nn[nH]n3)cc2)c2c(n1)CCCC2,CHEMBL418226
DEC_4128,decoy,Cc1ccc2c(c1)c(C1=NCC3(CN4CCC3CC4)O1)cn2C,CHEMBL267297
DEC_2298,decoy,COc1cc2c(Nc3ccc(Cc4ccoc4)cc3)c(C#N)cnc2cc1OCCCN1CCOCC1,CHEMBL30790
DEC_0644,decoy,c1ccc(CCN2CCN(c3ncnc4c(-c5ncccn5)c5n(c34)CCCC5)CC2)cc1,CHEMBL282592
DEC_1040,decoy,COc1ccc(S(=O)(=O)N(Cc2cccnc2)c2c(C(=O)NO)cnc3c(OC)cccc23)cc1,CHEMBL34808
DEC_3653,decoy,Cc1ccc2c(c1)CC(=O)c1cc(C(C)C(=O)O)ccc1S2,CHEMBL10633
DEC_1712,decoy,Cn1cncc1C(OCc1ccc(C#N)cc1-c1cccc(Cl)c1)c1ccc(C#N)nc1,CHEMBL38616
DEC_2569,decoy,C=CCC1(C(C)CCC)C(=O)NC(=S)NC1=O,CHEMBL440
DEC_2026,decoy,CSc1ccc(C(=O)c2ccc(-n3ncc(=O)[nH]c3=O)cc2Cl)cc1,CHEMBL6214
DEC_1828,decoy,CSc1nc(-c2ccc(Cl)cc2)c(-c2ccc(F)cc2)[nH]1,CHEMBL279148
DEC_0618,decoy,Cc1ccc(C#CCC2(S(=O)(=O)c3ccc(C)cc3)SC(=O)NC2=O)cc1,CHEMBL11857
DEC_2998,decoy,CC(C)CCCc1nc2c([nH]1)N1C(=N[C@@H]3CCC[C@@H]31)N(C)C2=O,CHEMBL278254
DEC_3026,decoy,CCNCC(=O)Nc1cccc2c1CN(C)CC2c1ccc(Cl)cc1,CHEMBL18702
DEC_0065,decoy,CC(C)N(C1=NCCN1)c1c(Br)cccc1Br,CHEMBL19915
DEC_2261,decoy,c1cnc2c(c1)nc(NCCCN1CCN(CCCNc3nc4cccnc4n4cccc34)CC1)c1cccn12,CHEMBL59676
DEC_1004,decoy,Cc1noc(NS(=O)(=O)c2ccsc2C2(Cc3ccc4c(c3)OCO4)OCCO2)c1Cl,CHEMBL47383
DEC_3265,decoy,CN(C)CCNc1ccc(NCCN(CCCl)CCCl)c2c1C(=O)c1c(O)ccc(O)c1C2=O,CHEMBL55820
DEC_4170,decoy,CNC/C=C(/c1ccc(Cl)cc1)c1cccnc1,CHEMBL36864
DEC_3033,decoy,C=C(c1c(Cl)ccc(Cl)c1OCC(O)CNC(C)(C)C)n1ccnc1,CHEMBL15684
ACT_085,active,Cc1c(OCCNCCCF)ccc(F)c1[C@@H]1c2[nH]c3ccccc3c2CC(C)(C)N1C[C@H](C)C(=O)O,CHEMBL6026356
DEC_3795,decoy,CONC(=O)[C@]12CN(C(=O)Cc3ccccc3OC)C[C@H]1[C@@]1(c3ccccc3)CC[C@@H]2c2ccccc21,CHEMBL301809
DEC_4587,decoy,CCCCN1CCN(c2cc3c(cc2F)c(=O)c(C(=O)O)cn3-c2ccc(F)cc2F)CC1,CHEMBL15384
DEC_2257,decoy,CC(O)(c1ccc(C(Cc2cc[n+]([O-])cc2)c2ccc(OC(F)F)c(OC(F)F)c2)cn1)c1nccs1,CHEMBL56575
DEC_3425,decoy,CCc1nc2c(-c3ccc(Cl)cc3Cl)ccnc2n1C(C)C1CCC1,CHEMBL23354
DEC_3325,decoy,CCN(c1nc(C)cc(-c2cccc3ccccc23)n1)c1ccc(C(C)C)cc1Br,CHEMBL276184
DEC_2662,decoy,Brc1cccc(Nc2ncnc3cc4c(ccn4CCN4CCOCC4)cc23)c1,CHEMBL40130
DEC_3840,decoy,Cc1noc(NS(=O)(=O)c2cccc3c(N4CCCC4=O)cccc23)c1C,CHEMBL26079
DEC_4129,decoy,Cc1ccc(C)n1Nc1ccc(N2C(C)COCC2C)nn1,CHEMBL273400
DEC_0275,decoy,CN(C)Cc1ccc(CSCc2cccc(CSCc3ccc(CN(C)C)o3)c2)o1,CHEMBL12473
DEC_0006,decoy,CO[C@]1(c2cc(F)cc(Sc3ccc(/C(C)=N/OCC#N)cc3)c2)CCO[C@@H](C)C1,CHEMBL280554
DEC_0926,decoy,CCn1ncc2c(N[C@@H](C)C3CCCCC3)c3cc(C#N)ccc3nc21,CHEMBL8132
DEC_2373,decoy,C[C@@H]1CCCN(CC[C@@H](C)N(C)S(=O)(=O)c2cccc3ccccc23)C1,CHEMBL12389
DEC_1221,decoy,CC(C)(C)c1ccc(S(=O)(=O)N2Cc3ccccc3N(Cc3c[nH]cn3)C(CCc3ccccc3)C2)cc1,CHEMBL8332
DEC_2909,decoy,COc1cc2ncc(C#N)c(Nc3ccc(Oc4ccccc4)cc3)c2cc1OC,CHEMBL31733
DEC_1670,decoy,Cc1nnc2n1-c1sc(C#CCN3C(=O)c4cccc5cccc3c45)cc1C(c1ccccc1Cl)=NC2,CHEMBL20208
DEC_3544,decoy,CC1(C)OC(S)=Nc2ccc(-c3cc(C#N)cc(OC(F)(F)F)c3)cc21,CHEMBL24689
DEC_0064,decoy,CC1(C)OC(S)=Nc2c(F)cc(-c3cc(F)cc(C#N)c3)cc21,CHEMBL25128
DEC_2350,decoy,C[C@@H](O)[C@H]1C(=O)N2C(C(=O)O)=C(S[C@@H]3CN[C@H](CSc4ccccc4)C3)[C@H](C)[C@H]12,CHEMBL277818
DEC_4138,decoy,c1ccc(Cc2ccccc2OCC2=NCCN2)cc1,CHEMBL13925
DEC_1694,decoy,Cc1nc(O)c2c(ccc3nc(Nc4c(Cl)cccc4Cl)n(C)c32)c1CCN1CCOCC1,CHEMBL27532
DEC_1923,decoy,C=C[C@@]1(C)CC(=O)[C@]2(O)C3(C)C(C(O)C(OC(=O)CNc4ccccc4)[C@@]2(C)O1)C(C)(C)CC[C@@H]3O,CHEMBL431914
DEC_4638,decoy,O=C1[C@@H](NS(=O)(=O)c2ccc(-c3ccccn3)s2)CCN1Cc1cc2cc[nH]cc-2n1,CHEMBL269102
DEC_1950,decoy,CC(C)(C)C1=CC(=C/C=C/c2cc(C(C)(C)C)[s+]c(C(C)(C)C)c2)C=C(C(C)(C)C)O1.[Cl-],CHEMBL13129
DEC_1016,decoy,CC(=O)c1c(NC(=O)c2sccc2S(=O)(=O)Nc2onc(C)c2Cl)ccc2c1OCO2,CHEMBL45160
DEC_3762,decoy,CCCSC1=Nc2ccccc2S(=O)(=O)N1Cc1ccc(-c2ccccc2-c2nn[nH]n2)cc1,CHEMBL13921
DEC_1549,decoy,CCCC(C)C1(CC)C(=O)NC(=S)NC1=O,CHEMBL441
DEC_4141,decoy,Cc1ncc2n1CCC=C2c1ccc(NS(C)(=O)=O)cc1,CHEMBL28345
DEC_1146,decoy,Oc1cc2c(cc1O)[C@H]1c3cc4c(nc3CN[C@@H]1CC2)CCCC4,CHEMBL287513
DEC_2721,decoy,COC(=O)C12CCC(C)(C)CC1C1=CC[C@@H]3[C@@]4(C)CCC(=O)NC(C)(C)[C@@H]4CC[C@@]3(C)[C@]1(C)CC2,CHEMBL299955
DEC_1820,decoy,Clc1ccc(/C=N/c2ccc(-c3ncon3)cc2)cc1,CHEMBL21900
DEC_0410,decoy,c1ccc(C2(c3ccccc3)OC[C@@H]([C@@H]3CCCN3)O2)cc1,CHEMBL412875
DEC_1699,decoy,C=C1C[C@@]23O[C@]2(c2ccccc21)C1CC(OC(=O)[C@H](O)[C@@H](NC(=O)OCC)c2ccoc2)C3(C)C1(C)C,CHEMBL284961
DEC_1083,decoy,CC[C@H](C)C[C@H](C)CCC(=O)O[C@@H]1[C@@H](O)[C@@]2(CCC(=O)[C@H](O)[C@@H](C)Cc3ccccc3)O[C@H](C(=O)O)[C@@](O)(C(=O)O)[C@]1(C(=O)O)O2,CHEMBL86077
DEC_3674,decoy,O=C(NC1CCN(CC2CCCCCCC2)CC1)C1c2cc(Br)ccc2Oc2ccc(Br)cc21,CHEMBL32305
DEC_2232,decoy,CC(C)(C)c1ccc(Sc2ccc(-n3ncc(=O)[nH]c3=O)cc2Cl)cc1,CHEMBL418755
DEC_3277,decoy,CC/N=C(\N)Nc1nc2nc(NCCCN(CC)CC)ncc2cc1-c1c(Cl)cccc1Cl,CHEMBL58937
DEC_2968,decoy,CCOC(=O)C1CCC(NC(=O)N(CCCl)N=O)CC1,CHEMBL12919
DEC_2338,decoy,CCOc1c(N2CCCC(N)C2)c(F)c(N)c2c(=O)c(C(=O)O)cn(C3CC3)c12,CHEMBL279381
DEC_1160,decoy,CC1(C)C(=O)Nc2cc3[nH]c(/C=C/c4cccnc4)nc3cc21,CHEMBL26621
DEC_3147,decoy,Oc1ncncc1Oc1ccc(Cl)c(Cl)c1,CHEMBL8310
DEC_0580,decoy,O=C(O)COc1ccc(-c2ccc(-c3c(Cc4ccccc4)sc4ccccc34)cc2)cc1Br,CHEMBL283635
DEC_4700,decoy,COc1ccc(OC)c2c1CC[C@@H]1NCCCC21,CHEMBL33405
DEC_0193,decoy,COc1ccc(CSc2c(F)c(N3CCN(C)CC3)c(F)c3c2c(=O)c(C(=O)O)cn3C2CC2)cc1,CHEMBL43335
DEC_0483,decoy,CCCc1cc(=O)oc2c(C(=O)[C@H](C)[C@H](C)O)c(O)c3c(c12)OC(C)(C)C=C3,CHEMBL7242
DEC_3286,decoy,O=P(O)(O)C(Cc1cccc2c1OCO2)N[C@H](Cc1ccc(-c2ccccc2)cc1)c1nnn[nH]1,CHEMBL10055
DEC_0989,decoy,Nc1nc(N)c2c3c(oc2n1)CN(Cc1ccc(Cl)cc1Cl)CC3,CHEMBL287579
DEC_3621,decoy,CC(=O)N[C@@H]1c2cccc3c2-c2c1ccc1c2[C@@H](C3)N(C)CC1,CHEMBL282375
DEC_0511,decoy,Brc1cccc(Br)c1N(CC1CC1)C1=NCCCN1,CHEMBL20013
DEC_2553,decoy,O=C1Nc2ccc(Cl)cc2C(OCCC2CC2)(C(F)(F)F)O1,CHEMBL275846
DEC_0821,decoy,CCCN(CCC)C1Cc2cccc3nc(S)n(c23)C1,CHEMBL12157
DEC_2131,decoy,Cc1nnc2n1-c1sc(-c3cc(O)[nH]n3)cc1C(c1ccccc1Cl)=NC2,CHEMBL32303
DEC_0371,decoy,CC(C)(C)C1CCC(NC(=O)N(CCCl)N=O)CC1,CHEMBL12827
DEC_4624,decoy,Cc1cc(OCCCON=C(N)N)cc(OS(=O)(=O)c2cccc3c2NCCC3)c1,CHEMBL289367
DEC_0711,decoy,CC#CCOC1(C(F)(F)F)OC(=O)Nc2ccc(Cl)cc21,CHEMBL17372
DEC_3725,decoy,CCc1nc(O)n(C(=O)Cc2ccccc2)c1C(=O)c1ccc(-n2ccnc2C)cc1,CHEMBL279714
DEC_3193,decoy,CN1CCCCC1/C=C/C1c2ccccc2OC2C=CC=CC21,CHEMBL25334
DEC_2609,decoy,CCCNc1ccccc1-c1nc2ccc[nH]c-2n1,CHEMBL32093
DEC_2316,decoy,N[C@H]1C[C@@H](CO)N(c2cc3c(cc2F)c(=O)c(C(=O)O)cn3-c2ccc(F)cc2F)C1,CHEMBL43181
DEC_2461,decoy,Clc1ccc(C2(Cn3ccnc3)OCC(CCc3ccccc3)O2)c(Cl)c1,CHEMBL29647
DEC_3141,decoy,Cn1c2c(c3ccccc31)CCNCC2c1ccccc1,CHEMBL281637
DEC_3127,decoy,c1ccc2c(c1)Oc1ccccc1C2NC1=NCCS1,CHEMBL21142
DEC_3955,decoy,CCCCc1nc(SC)c(CO)n1Cc1ccc(-c2ccccc2S(=O)(=O)NC(=O)NCCC)cc1,CHEMBL79106
DEC_3685,decoy,O=C(O)COc1c(Br)cc(-c2c3ccccc3c(Br)c3sc4ccccc4c23)cc1Br,CHEMBL108721
DEC_0857,decoy,O=C1C2C3C=CC(C4C=CC43)C2C(=O)N1CCCCN1CCN(c2cncc(Cl)n2)CC1,CHEMBL29165
DEC_2716,decoy,Brc1ccc2c(c1)CC=C(c1ccccc1)C(N1CCN(c3ccccc3)CC1)=N2,CHEMBL276763
DEC_0192,decoy,CCCCc1nc2ccn(CC(=O)C(C)(C)C)c(=O)c2n1Cc1ccc(-c2ccccc2-c2nn[nH]n2)cc1,CHEMBL289291
DEC_1760,decoy,Nc1nc2c(N)c3c(cc2[nH]1)C1(CC3)SCCS1,CHEMBL31575
DEC_4362,decoy,CCC1C(=O)N2C=CSC2N(Cc2cc(OC)cc(OC)c2)C1=O,CHEMBL28939
DEC_2780,decoy,Cc1ccc(NS(=O)(=O)c2cccc3c(N(C)C)cccc23)nn1,CHEMBL268387
DEC_1059,decoy,Cc1nc(O)c2c(ccc3nc(Nc4c(Cl)cccc4Cl)n(C)c32)c1CC(=O)N1CCN(C)CC1,CHEMBL29488
DEC_2796,decoy,O=C(NCCc1c2n(c3ccccc13)Cc1ccccc1-2)C1CC1,CHEMBL10043
DEC_1081,decoy,CCCCn1c(=O)c2c(ncn2[C@H]2[C@H](O)[C@H](O)[C@]3(OP(=O)(O)OP(=O)(O)OP(=O)(O)O)C[C@H]23)n(CCCC)c1=O,CHEMBL72391
DEC_0849,decoy,O=C1C2C3C=CC(C4CC34)C2C(=O)N1CCCCC1CCN(c2cncc(Cl)n2)CC1,CHEMBL281538
DEC_0034,decoy,COP(=O)(Nc1ccc(Nc2c3ccccc3nc3ccccc23)c(N(C)C)c1)OC,CHEMBL39967
DEC_1093,decoy,COc1ccc(C[C@H](NC(=O)N2CCOCC2)C(=O)N[C@@H](Cc2c[nH]cn2)C(=O)N[C@H](CC2CCCCC2)[C@H](O)[C@H](O)CN=[N+]=[N-])cc1,CHEMBL280503
DEC_4256,decoy,CC[C@](OC)(C(=O)OC)c1cc(F)cc(OCc2ccc3c(ccc(=O)n3C)c2)c1,CHEMBL283559
DEC_2333,decoy,COc1cccc2c1CC[C@H]1CN(CCn3c(=O)[nH]c4c(sc5cncnc54)c3=O)C[C@@H]21,CHEMBL40896
DEC_2724,decoy,CC1(C)CC[C@]2(C(=O)O)CC[C@]3(C)C(=CC[C@@H]4[C@@]5(C)C=C(C=O)C(=O)C(C)(C)[C@@H]5CC[C@]43C)C2C1,CHEMBL292828
DEC_3976,decoy,Cc1[nH]cnc1CSCC/N=C(\N)c1ccc(C(=O)O)cc1,CHEMBL279180
DEC_4427,decoy,CC1(C)COP(=O)(C(CCC(=O)c2ccccc2)P2(=O)OCC(C)(C)CO2)OC1,CHEMBL273754
ACT_011,active,N#CC1=C(N)OC2=C(CCC/C2=C/c2ccoc2)C1c1ccoc1,CHEMBL1584646
DEC_0542,decoy,CCCCCCCCCCCCCCCC(=O)Nc1c(C)ccc2c1OC(C)(C)C2,CHEMBL23476
DEC_0208,decoy,CC(=O)O[C@H]1O[C@@H]2O[C@@H](OC(C)=O)[C@@H]3CC[C@H]([C@@H]1C)[C@H]23,CHEMBL11492
DEC_2161,decoy,CO[C@@H]1C[C@@H](C(=S)N2CCC(N3CCCC3)CC2)N(C(=O)NCc2ccc(C(=O)N3CCCCc4sccc43)cc2Cl)C1,CHEMBL181487
DEC_0612,decoy,C[C@@H]1CC[C@H]2[C@@H](C)[C@](O[Si](C)(C)C)(C(F)(F)F)O[C@@H]3O[C@]4(C)CC[C@@H]1C32OO4,CHEMBL9805
DEC_4435,decoy,c1cc(COc2ccc(OCc3ccc4ccccc4n3)cc2)cc(OCc2nn[nH]n2)c1,CHEMBL18956
DEC_0544,decoy,CC(C)(CCCCCCCOc1ccc(CCCCc2ccccc2)cc1)C(=O)O,CHEMBL274036
DEC_0233,decoy,CC(C)/C(=N\O)c1ccc(Sc2cc(F)cc(C3CCOCC3)c2)cc1,CHEMBL24030
DEC_2606,decoy,Nc1ncc(Cc2ccc(C(F)(F)F)cc2)c(N)n1,CHEMBL418769
DEC_4513,decoy,CCOC(=O)/C=C(C)/C=C/C=C(C)/C=C/C12CC1(C)CCCC2(C)C,CHEMBL281852
DEC_4099,decoy,CC1CCC(/C=N/c2cccc(Cl)c2)=C2NC=C(C(=O)O)C(=O)N21,CHEMBL22467
DEC_2463,decoy,[O-][S+](c1nc(-c2ccc(F)cc2)c(-c2ccc(F)cc2)[nH]1)C(F)(F)C(F)F,CHEMBL434003
DEC_0752,decoy,CCCc1cc(=O)oc2c3c(c4c(c12)OC(C)(C)C=C4)O[C@H](C(C)C)[C@@H](C)C3=O,CHEMBL6968
DEC_3025,decoy,CCc1cc(Nc2c(N[C@H](C)C(C)(C)C)c(=O)c2=O)ccc1C#N,CHEMBL19245
DEC_3782,decoy,CCCCc1cn(-c2ccccc2C)c(=O)n1Cc1ccc(-c2ccccc2-c2nn[nH]n2)nc1,CHEMBL276689
DEC_0307,decoy,CCN(CC)CCCC(C)Nc1nc(Nc2cc(Cl)cc(Cl)c2)c2ccccc2n1,CHEMBL417307
DEC_2932,decoy,CO[C@H]1CCOP(=O)(NCCCl)N1CCCl,CHEMBL281278
DEC_3833,decoy,O=C1Nc2ccc(F)c(F)c2C(C#Cc2cccs2)(C(F)(F)F)O1,CHEMBL277502
DEC_2398,decoy,CN(C)CCOc1ccccc1/C=C(\C#N)c1noc2ccc(Cl)cc12,CHEMBL284021
DEC_0147,decoy,COc1cc2[nH]c(-c3csc4ccccc34)c(C=O)c2cc1-c1cnco1,CHEMBL23716
DEC_2444,decoy,COc1ccc(-c2nc(/N=C(\N)n3ccnc3)sc2-c2ccc(OC)cc2)cc1,CHEMBL274754
DEC_4012,decoy,NCCc1c[nH]cn1.N[C@H](COCc1ccc(Br)cc1)Cc1c[nH]cn1,CHEMBL280256
DEC_1151,decoy,C[C@@H](/N=c1\c(O)c(O)\c1=N/c1ccc(C#N)c(Cl)c1)C(C)(C)C,CHEMBL19420
DEC_1657,decoy,N#Cc1ccc2cc1Oc1ccc3cccc(c3c1)NC(=O)[C@@H](Cc1cccs1)NCc1cncn1C2,CHEMBL52921
DEC_3956,decoy,O=C(O)CCc1ccccc1C(=O)N1CCC[C@H]1c1nc(C(=O)NCCCCC2CCCCC2)co1,CHEMBL283134
DEC_4287,decoy,S=C=Nc1ccc(-c2noc(-c3ccco3)n2)cc1,CHEMBL416917
DEC_3424,decoy,CN1CN(C)C(c2c(Cl)cccc2Cl)C1c1c(Cl)cccc1Cl,CHEMBL281861
DEC_1118,decoy,CC(=O)N[C@@H](Cc1ccc(O)cc1)C(=O)N[C@H](C(=O)N[C@@H](C)C(=O)N[C@@H](CC(=O)O)C(=O)C(=O)NCCc1ccccc1)C(C)C,CHEMBL324548
DEC_1714,decoy,Cn1cncc1C(OCc1ccc(C#N)c(-c2ccc(Cl)cc2)n1)c1ccc(C#N)cc1,CHEMBL418059
DEC_3622,decoy,CC(=O)N[C@H]1c2cccc3c2-c2c1ccc1c2[C@@H](C3)N(C)CC1,CHEMBL27247
DEC_1746,decoy,Fc1ccc(-c2nc(SC(F)(F)C(F)F)[nH]c2-c2ccc(C(F)(F)F)cc2)cc1,CHEMBL18012
DEC_4492,decoy,COc1cc2c(C)nc(O)c(C3CCCC3)c2cc1OC,CHEMBL30027
DEC_2041,decoy,COc1cc2c(c(OC)c1OC)-c1ccc(SC)c(=O)cc1[C@@H](NC=O)CC2,CHEMBL279958
DEC_3078,decoy,C(=C(\c1ccccc1)C1CCN(CCCCc2ccccc2)CC1)\c1ccccc1,CHEMBL18929
DEC_0825,decoy,CC1C/C(=N/OCC(O)CNC(C)(C)C)CC(C)(C)C1,CHEMBL24500
DEC_4286,decoy,S=C=Nc1ccc(-c2nc(-c3ccco3)no2)cc1,CHEMBL279491
DEC_3139,decoy,c1ccc(CNC2c3ccccc3Oc3ccccc32)nc1,CHEMBL20040
DEC_2342,decoy,O=C(Cn1c(C2CCNCC2)nc2cc(Cl)c(Cl)cc21)N/N=C/c1c[nH]cn1,CHEMBL278566
DEC_2384,decoy,Cc1ccc(C)c(C[S+]([O-])c2nc3cc(C(F)(F)F)ccc3[nH]2)c1N,CHEMBL20201
DEC_1605,decoy,CNS(=O)(=O)c1ccc2c(c1)/C(=C/c1[nH]c3c(c1CCCN1CCOCC1)CCCC3)C(=O)N2,CHEMBL296185
DEC_3032,decoy,CCCCCCCCc1nc2c([nH]1)N1C(=N[C@@H]3CCC[C@@H]31)N(C)C2=O,CHEMBL18817
DEC_2186,decoy,O=C(Cn1cc(C(F)(F)F)ccc1=O)NCc1cc2cc(C(=O)N3CCC(N4C(=O)OCc5ccc(Cl)cc54)CC3)ccc2o1,CHEMBL31651
DEC_0386,decoy,CC(Sc1nc(N)cc(Cl)n1)c1cc2ccoc2cn1,CHEMBL280752
DEC_0917,decoy,CCCCNC(=O)Nc1cccc2c1CN(C)CC2c1ccc(Cl)cc1,CHEMBL18522
DEC_3972,decoy,CN(C)CCNc1ccc(CO)c2sc3ccc(O)cc3c(=O)c12,CHEMBL21677
DEC_0249,decoy,CCNC(=O)/C(C(=O)O)=C(C)/C=C/C=C(C)/C=C/C1=C(C)CCCC1(C)C,CHEMBL269199
DEC_1145,decoy,CC1(C)CCNc2cc3nc(O)cc(C(F)(F)F)c3cc21,CHEMBL281028
DEC_3788,decoy,Cc1cn(C2OC(COC(c3ccccc3)(c3ccccc3)c3ccccc3)CC2F)c(=O)nc1N,CHEMBL42188
DEC_2206,decoy,CC1(C)OC(S)=Nc2c(Br)cc(-c3cc(F)cc(C#N)c3)cc21,CHEMBL24963
DEC_3223,decoy,O=C(O)[C@@H]1C[C@H]2C[C@@H](c3ccc(-c4nn[nH]n4)s3)CC[C@H]2CN1,CHEMBL17098
DEC_1123,decoy,CC(C)C[C@H](O)[C@H](O)[C@H](CC1CCCCC1)NC(=O)[C@H](Cc1c[nH]cn1)NC(=O)[C@H](Cc1ccccc1)NC(=O)N(C)CCO,CHEMBL75510
DEC_1143,decoy,CC(=O)[O-].Cc1c2cc[n+](C)cc2c(C)c2c1[nH]c1ccc(O)cc12,CHEMBL24078
DEC_0340,decoy,CCCCN(CCCC)C1Cc2cccc3nc(O)n(c23)C1,CHEMBL12099
DEC_0507,decoy,CC1CN(c2cc3c(cc2F)c(=O)c(C(=O)O)cn3-c2ccc(F)cc2F)CCN1,CHEMBL277100
DEC_3929,decoy,Cc1c2ccnc(C(=O)NCCN(C)C)c2cc2c3cc(OC(=O)CCCCCCC(=O)O)ccc3n(C)c12,CHEMBL308970
DEC_3183,decoy,Cc1cccc(C(c2cc(C)ns2)N2CCN(C)CC2)c1,CHEMBL429770
DEC_0436,decoy,CC1(C)OC(S)=Nc2ccc(-c3cc(C#N)cc(C#N)c3)cc21,CHEMBL429056
DEC_0835,decoy,CN(C)CCC=C1c2ccccc2C=Cc2ccccc21,CHEMBL669
DEC_3814,decoy,O=C1Nc2ccc(F)c(F)c2C(C#Cc2ccsc2)(C(F)(F)F)O1,CHEMBL276066
DEC_1969,decoy,CN(C)CC(c1ccccc1)c1nnc2n1-c1ccc(Cl)cc1C(c1ccccc1Cl)=NC2,CHEMBL16282
DEC_0321,decoy,OCCCCCCCCCC(Br)CCO,CHEMBL17560
DEC_1411,decoy,CCCCC1Nc2ccc(C(C)C)cc2C(=O)N1Cc1ccc(-c2ccccc2-c2nn[nH]n2)cc1,CHEMBL15284
DEC_2692,decoy,CO[C@H]1[C@@H]2O[C@@H]2[C@@H](OCC23C[C@@H]4[C@H](C)CC[C@H]4C4(C=O)CC2C=C(C(C)C)C34C(=O)O)O[C@@H]1C,CHEMBL29128
DEC_3509,decoy,Fc1ccc(-n2ccc(C(c3ccc(Cl)cc3)n3ccnc3)c2)cc1,CHEMBL20307
DEC_3822,decoy,O=C1NCN(c2ccccc2)C12CCN(C1CCCc3ccccc31)CC2,CHEMBL27460
DEC_3746,decoy,COc1ccc(CC2COC(Cn3ccnc3)(c3ccc(Cl)cc3Cl)O2)cc1,CHEMBL29254
DEC_2230,decoy,I.Nc1nc2c(s1)Cc1cc(Br)ccc1-2,CHEMBL287736
DEC_0001,decoy,Cl[P@@]1(N2CCCC2)=NP(N2CC2)(N2CC2)=N[P@@](Cl)(N2CCCC2)=N1,CHEMBL26247
DEC_0741,decoy,CC(C)(C)c1cc(/C=C/c2ccc[n+]([O-])c2)cc(C(C)(C)C)c1O,CHEMBL8631
DEC_3922,decoy,CCNC(=O)N1C(=O)[C@H](CCCCC(=N)N)[C@H]2c3ccc(-c4cccc(C(=O)N(CC)CC)c4)cc3C[C@@H]21,CHEMBL296764
DEC_4131,decoy,CCCN(CCC)C1Cc2cccc3c2N(C1)C(=O)CN3,CHEMBL268274
DEC_2294,decoy,C/C=C/CC(=O)[C@@H](C)[C@H](O)[C@H](C)[C@H]1OC(=O)/C(OC)=C/C(C)=C/[C@@H](C)[C@@H](O)[C@@H](C)C/C(C)=C/C=C/[C@@H]1OC,CHEMBL294246
DEC_0347,decoy,O=C(O)CCCCCCCNC(=O)c1ccc(Cl)cc1,CHEMBL275840
DEC_0273,decoy,CCN(C/C=C/C#CC(C)(C)C)Cc1cccc(OC[Si](C)(C)c2ccc(N=[N+]=[N-])cc2)c1,CHEMBL16004
DEC_2148,decoy,COCN1CN(c2ccccc2)C2(CCN(C3CCc4cccc(Cl)c4C3)CC2)C1=O,CHEMBL283432
DEC_0937,decoy,CN(C)CCSC1Cc2ccccc2Sc2ccc(Cl)cc21,CHEMBL278257
DEC_0016,decoy,Clc1ccc(C2(Cn3ccnc3)OCC(c3ccc(Br)cc3)O2)c(Cl)c1,CHEMBL28524
DEC_2377,decoy,CNCCC(=O)N1c2ccccc2N2CCc3cc(Cl)cc(c32)C1C,CHEMBL282960
DEC_4344,decoy,Cc1ccc(F)cc1C(=O)Nc1ccc(C(=O)N2Cc3sccc3Cc3ccccc32)c(Cl)c1,CHEMBL48867
DEC_2857,decoy,CCc1nc2cc(OC3CCN(C(C)=N)CC3)ccc2n1C/C(C)=C/c1cccc(N)c1,CHEMBL24565
DEC_1764,decoy,O=C1NN=C(c2ccc(-n3ccnc3)cc2)C2CCCCC12,CHEMBL30358
DEC_2327,decoy,CCOc1c(N2CCC(C)(CN)C2)c(F)c(N)c2c(=O)c(C(=O)O)cn(C3CC3)c12,CHEMBL15480
DEC_1491,decoy,O=C(O)[C@@H]1C[C@@H](Sc2ccccc2)CN1C(=O)CP(=O)(O)CCCCc1ccccc1,CHEMBL276109
DEC_0724,decoy,Oc1nc(C(Cl)(Cl)Cl)c(Cl)c(O)c1Cl,CHEMBL11561
DEC_2219,decoy,CCC1C[C@H](N)CN1c1cc2c(cc1F)c(=O)c(C(=O)O)cn2-c1ccc(F)cc1F,CHEMBL41239
DEC_2166,decoy,O=C(CBr)Nc1cccc(Cn2c3c(c4ccccc42)C[C@@]2(O)C4Cc5ccc(O)c6c5C2(CCN4CC2CC2)[C@H]3O6)c1,CHEMBL282518
DEC_3867,decoy,COc1ccc(Sc2ccccc2NC2=NCCN2)cc1,CHEMBL9868
DEC_1673,decoy,CC(C)Sc1ccc(CC2CCN(C3CCN(C(=O)c4cnnc5ccccc45)CC3)CC2)cc1,CHEMBL12112
DEC_4493,decoy,C=C(c1cnc2ccccc2c1)c1nc(O)c2ccccc2n1,CHEMBL18456
DEC_1417,decoy,C=C1/C(=C\C=C2/CCCC3(C)C2CCC3[C@H](C)CCCC(F)(F)C(C)(C)O)C[C@@H](O)C[C@@H]1O,CHEMBL285751
DEC_0880,decoy,COC(=O)C[C@@H](c1ccc(OC)nc1)N(C)C(=O)CCCCc1nc2c(cc1C)CCCN2,CHEMBL10051
DEC_4631,decoy,CCN(CC)CCn1nc2c3c(c(CNC=O)ccc31)Sc1ccc(OC)cc1-2,CHEMBL280609
DEC_1478,decoy,Cc1cccc(-c2cc(NCCCn3ccnc3)c3ccccc3n2)c1,CHEMBL22027
DEC_0889,decoy,Nc1nc2c(cnn2CCc2ccccc2)c2nc(-c3ccc(CN4CCOCC4)o3)nn12,CHEMBL278331
DEC_1789,decoy,CC(Oc1c(Cl)cccc1Cl)C1=NCCN1,CHEMBL17860
DEC_4595,decoy,O=S(=O)(Nc1c(O)nc2cc(C(F)(F)F)ccc2c1Cc1cccc(Cl)c1)C(F)(F)F,CHEMBL415901
DEC_2412,decoy,c1cc(COc2cccc(-c3nn[nH]n3)c2)cc(OCc2ccc3ccccc3n2)c1,CHEMBL18833
DEC_2120,decoy,Cc1ccccc1-c1cc(C(O)(C#Cc2ccc(C#N)cc2)c2cncn2C)ccc1C#N,CHEMBL282349
DEC_3618,decoy,CCC1c2cc3c(C(F)(F)F)cc(O)nc3cc2NC[C@@H]1C,CHEMBL418198
DEC_2783,decoy,O=C1Nc2ccc(F)c(F)c2C(C#Cc2cccnc2)(C(F)(F)F)O1,CHEMBL280515
DEC_2610,decoy,CC(C)c1ccc(C(O)P(=O)(O)O)cc1,CHEMBL24645
DEC_3386,decoy,CCCCC[C@]1(C)/C=C\C2[C@H](O)C[C@H](O)[C@@H]2C/C=C\CCCC(=O)O1,CHEMBL12015
DEC_2717,decoy,CC1(C)CC[C@]2(C(=O)O)CC[C@]3(C)C(=CC(=O)[C@@H]4[C@@]5(C)C=CC(=O)C(C)(C)[C@@H]5CC[C@]43C)C2C1,CHEMBL42704
DEC_4263,decoy,CC1=CO[C@@H]2O[C@@]3(C)CC[C@H]4[C@H](C)CC[C@@H]1[C@@]24OO3,CHEMBL279307
DEC_2924,decoy,c1ccc(CN2CCC(CCNc3ccc(-c4ccccc4)nn3)CC2)cc1,CHEMBL25412
DEC_2409,decoy,FC(F)(F)c1cccc(N2CCN(c3ccc(-c4ncns4)nn3)CC2)c1,CHEMBL14718
DEC_1894,decoy,COc1cnc(C[S+]([O-])c2nc3cc4c(cc3[nH]2)OC(F)(F)O4)cc1OC,CHEMBL9768
DEC_4169,decoy,O[C@H]1CCC2CN3CCc4cc5c(cc4[C@@H]3C[C@@H]2C1)OCO5,CHEMBL28531
DEC_1716,decoy,CCN(c1nc(C)cc(-c2c(C)cc(C)nc2C)n1)c1c(C)cc(C(C)C)cc1Br,CHEMBL9956
DEC_2311,decoy,CCNCC1CCN(c2c(F)c(N)c3c(=O)c(C(=O)O)cn(CC)c3c2Cl)C1,CHEMBL15547
DEC_0663,decoy,CN(C)C(=O)n1cc(C(=O)c2ccn3c2CS[C@@H]3c2cccnc2)c2ccc(-c3ccc(C[C@H](N)C(=O)O)cc3)cc21,CHEMBL330219
DEC_0042,decoy,Oc1ccc2c3c1OC1[C@H]4OC[C@@]4(CCc4ccccc4)CC4C(C2)N(CC2CC2)CCC341,CHEMBL9905
DEC_3572,decoy,COc1cc(OC)nc(O[C@H](C(=O)O)C(OC)(c2ccccc2)c2ccccc2)n1,CHEMBL23261
DEC_3921,decoy,CCNC(=O)N1C(=O)[C@H](CCCCC(=N)N)[C@H]2c3cc(-c4cccc(C(=O)N(CC)CC)c4)ccc3C[C@@H]21,CHEMBL45032
DEC_3801,decoy,CC(C)C1=CC2CC3(C=O)[C@@H]4CC[C@@H](C)[C@H]4CC2(CO[C@H]2CN(C/C=C\Cl)[C@H](C)CO2)[C@]13C(=O)O,CHEMBL34686
DEC_1869,decoy,O=C1C2C3C=CC(C3)C2C(=O)N1CCCCN1CCN(c2ncccn2)CC1,CHEMBL28352
DEC_4383,decoy,COc1cc2c(cc1OC)-c1nc(N)sc1C2.I,CHEMBL43299
DEC_4401,decoy,CC1Cc2cc3c(cc2C(c2ccc(N)cc2)=NN1C(=O)CC#N)OCO3,CHEMBL268142
DEC_1878,decoy,COc1cc2[nH]c([S+]([O-])Cc3nccc(OC)c3OC)nc2cc1OC(F)F,CHEMBL9694
DEC_4557,decoy,Cn1c(=O)sc2cc(CCCCN3CCC(c4ccccc4)CC3)ccc21,CHEMBL15986
DEC_1466,decoy,O=C(O)Cc1cc([N+](=O)[O-])c([N+](=O)[O-])cc1Oc1ccc(Cl)cc1Cl,CHEMBL29872
ACT_084,active,O=C(O)c1ccc2c(c1)[C@@H]1C=CC[C@@H]1[C@H](c1ccccn1)N2,CHEMBL1391547
DEC_2164,decoy,CC(C)C[C@@H]1OC(=O)C(C)(C)CNC(=O)[C@@H](Cc2cccc3ccccc23)NC(=O)/C=C/C[C@@H]([C@H](C)[C@@H]2O[C@H]2c2ccccc2)OC1=O,CHEMBL314688
DEC_2191,decoy,C[C@H](NC(=O)N(C(=O)OC(C)(C)C)C(Cc1ccncc1)C(=O)O)[C@H]1CC[C@]2(C)[C@@H]1CC[C@H]1[C@H]2CC[C@H]2C(C)(C)[C@@H](O)CC[C@]12C,CHEMBL103742
DEC_2689,decoy,COc1cccc2c1CC[C@H]1CN(CCn3c(=O)[nH]c4c(sc5c(OC)ccnc54)c3=O)C[C@@H]21,CHEMBL287928
DEC_2017,decoy,[N-]=[N+]=NC1C(N)C(OCc2ccccc2)OC(CO)C1OCc1ccccc1,CHEMBL16982
DEC_2807,decoy,CCC(C)c1ccc2c(c1)-c1nc(C(=O)O)cc(O)c1CS2(=O)=O,CHEMBL29902
DEC_1638,decoy,CS(=O)(=O)NCCn1ccc2cc(C(=O)N3CCC(N4C(=O)OCc5ccccc54)CC3)ccc21,CHEMBL285013
DEC_3895,decoy,c1ccc(COc2ccccc2-c2nc3ccc[nH]c-3n2)cc1,CHEMBL27627
DEC_1390,decoy,CCN(CC)C1CCC(Nc2nc(Nc3cccc(Br)c3)c3ccccc3n2)CC1,CHEMBL428526
DEC_2563,decoy,O=NN(CCCl)C(=O)NC1CCCC(C(=O)O)C1,CHEMBL273983
DEC_4242,decoy,Cc1cccc(S(=O)(=O)C2(CC#Cc3ccc(Cl)cc3)SC(=O)NC2=O)n1,CHEMBL268766
DEC_0136,decoy,Fc1ccc(-n2cc(C3=CCNCC3)c3cc(C(F)(F)F)ccc32)cc1,CHEMBL276149
DEC_2656,decoy,CNC1=Nc2ccc(N(C)Cc3ccc(S(=O)(=O)N4CCOCC4)cc3)c3c(C)ccc1c23,CHEMBL9671
DEC_4466,decoy,Cc1ccc2c(c1)C=Cc1cc(C(C)C(=O)O)ccc1S2,CHEMBL11024
DEC_4226,decoy,N#Cc1c2n(c3c(N4CCN(CCc5ccccc5)CC4)ncnc13)CCCC2,CHEMBL28098
DEC_1898,decoy,CC(=O)NC[C@@H]1OC(=O)N2c3ccc(S(=O)(=O)N4CCCCC4)cc3C[C@@H]12,CHEMBL21044
DEC_3593,decoy,Cc1nc(COc2ccc3c(c2)[C@@H](O)[C@@H](Cc2cccnc2)CO3)ccc1[N+](=O)[O-],CHEMBL283886
DEC_2185,decoy,CN(C(=O)CN1C(=O)C(NC(=O)Nc2cccc(C3(C(F)(F)F)N=N3)c2)C(=O)N(c2ccccc2)c2ccccc21)c1ccccc1,CHEMBL325987
DEC_0610,decoy,O=C(O)c1cn(-c2ccc(F)cc2F)c2cc(N3CCC(=NO)CC3)c(F)cc2c1=O,CHEMBL31936
DEC_1912,decoy,CO[C@@H]1[C@@H](C)O[C@@H](OCC23C[C@@H]4[C@H](C)CC[C@H]4C4(C=O)CC2C=C(C(C)C)C34C(=O)O)C(O)[C@@H]1O,CHEMBL418180
DEC_2541,decoy,CC1=C(CC(=O)O)c2cc(F)ccc2/C1=C\c1ccc([S+](C)[O-])cc1,CHEMBL15770
DEC_2099,decoy,c1ccc2c(c1)Oc1ccccc1C2N1CCNCC1,CHEMBL281617
DEC_3469,decoy,CC[C@](COC)(OC)c1cc(F)cc(OCc2ccc3c(ccc(=O)n3C)c2)c1,CHEMBL21651
DEC_3709,decoy,O=C1CC2(CCCC2)CC(=O)N1OCCCN1CCN(c2ccccc2Cl)CC1,CHEMBL10880
DEC_3861,decoy,O=C(c1ccc2occc2c1)N1CCC(N2C(=O)OCc3ccccc32)CC1,CHEMBL286084
DEC_2113,decoy,C=CC(=O)Nc1ccc2ncnc(Nc3ccc(CN(C)C)c(Br)c3)c2c1,CHEMBL283201
DEC_1343,decoy,CCC(C)(C)CCn1cnc2c(O)ncnc21,CHEMBL13159
DEC_3468,decoy,CC[C@@](COC)(OC)c1cc(F)cc(OCc2ccc3c(ccc(=O)n3C)c2)c1,CHEMBL418742
DEC_1154,decoy,Nc1nc(N)c2c(/C=C\c3ccc4ccccc4c3)cccc2n1,CHEMBL267928
DEC_3667,decoy,CC(C)[C@@H]1CC[C@]2(C(=O)O)CC[C@]3(C)C(CCC4[C@@]5(C)CC[C@H](OC(=O)c6ccc(F)cc6F)C(C)(C)C5CC[C@]43C)C12,CHEMBL320987
DEC_2868,decoy,CCN(c1nc(C)cc(-c2ccccc2C(=O)O)n1)c1ccc(C(C)C)cc1Br,CHEMBL274439
DEC_3452,decoy,Cc1nc(O)c2c(ccc3nc(Nc4c(Cl)cccc4Cl)n(C)c32)c1C,CHEMBL28912
DEC_0765,decoy,CCN(CC)C(=S)SC(C(=O)c1ccc(Cl)cc1)=C1SCCS1,CHEMBL36233
DEC_3916,decoy,O=P(O)(O)C(CCc1cccc2ccccc12)N[C@@H](Cc1ccc(-c2ccccc2)cc1)c1nnn[nH]1,CHEMBL285619
DEC_4188,decoy,CSc1cc2nc(C(=O)O)cn2c2ccccc12,CHEMBL276611
DEC_0004,decoy,Cn1cncc1CN(Cc1ccnc(C#N)c1)c1ccc(C#N)c(-c2cccc3ccccc23)c1,CHEMBL282959
DEC_2696,decoy,COc1ccc2c3c1OC1[C@H](O)[C@](CO)(CCCCCc4ccccc4)CC4C(C2)N(C)CCC341,CHEMBL9769
DEC_4411,decoy,CN1Cc2c(C(=O)OC(C)(C)C)ncn2-c2ccc(N=C=S)cc2C1=O,CHEMBL6814
DEC_0465,decoy,Cc1ccccc1-c1cc(NCc2cncn2C)ccc1C#N,CHEMBL27750
DEC_2936,decoy,C(#CCN1CCCCC1)CCC1SCCCS1,CHEMBL296436
DEC_4613,decoy,CCCCn1c(=O)c2c(ncn2S(=O)(=O)c2ccc(NO)cc2)n(CCCC)c1=O,CHEMBL282238
DEC_2745,decoy,O=S(=O)(OCCCl)c1cc(Cl)c(Cl)cc1Cl,CHEMBL17012
DEC_0237,decoy,CC(=C/CN1CCOCC1)/C=C/C=C(C)/C=C/C1C(C)CCCC1(C)C,CHEMBL8606
DEC_4536,decoy,Fc1ccc2[nH]c3c(c2c1)CCN(CCc1ccc2ccccc2n1)C3,CHEMBL12662
DEC_2371,decoy,C[C@@H]1CCCN(CC[C@H](C)N(C)S(=O)(=O)c2cccc3ccccc23)C1,CHEMBL267543
DEC_0735,decoy,Cc1cc(O)nnc1-c1ccc(-n2cnc3c2CCCC3)cc1,CHEMBL283917
DEC_1890,decoy,COc1cnc(C[S+]([O-])c2nc3cc4c(cc3[nH]2)OC(F)(F)O4)c(C)c1OC,CHEMBL9658
DEC_0523,decoy,CCCCCCCCCCC(C)(C)C(=O)Nc1c(C)c([N+](=O)[O-])c(C)c2c1OC(C)(C)C2,CHEMBL279228
DEC_1525,decoy,CCCCc1nc(C(O)c2ccc(-c3ccccc3-c3nn[nH]n3)cc2)n(CCCC)n1,CHEMBL428889
DEC_3150,decoy,Cc1ccc(C(O)(c2ccc(C)cc2)c2cncnc2)cc1,CHEMBL283085
DEC_2975,decoy,CCCCCCc1nc2c([nH]1)N1CC(C)(C)N=C1N(C)C2=O,CHEMBL416541
DEC_2456,decoy,Clc1ccc(C2(Cn3ccnc3)OCC(c3ccc(Cl)cc3Cl)O2)cc1,CHEMBL416568
DEC_0111,decoy,CC(C)Sc1nnc(-c2cc(C(C)(C)C)c(O)c(C(C)(C)C)c2)s1,CHEMBL16674
DEC_4338,decoy,CCC(=O)OC1=C(c2ccc(OC)cc2)Sc2ccc(C(F)(F)F)cc2-n2cccc21,CHEMBL32765
DEC_2449,decoy,CCOC(=O)C(/C=N/c1ccc(F)c(-c2cc(C)nc(C)c2)c1)=C(/O)OCC,CHEMBL286039
DEC_1242,decoy,CCSc1ccnc(C[S+]([O-])c2nc3ccccc3[nH]2)c1C,CHEMBL264214
DEC_4592,decoy,COc1cccc2c1CC[C@H]1CN(CCn3c(=O)[nH]c4c(sc5ccc(Cl)cc54)c3=O)C[C@@H]21,CHEMBL41444
DEC_1275,decoy,CCCN1CC=C(c2c[nH]c3ccc(C(N)=O)cc23)CC1,CHEMBL281432
DEC_2922,decoy,Cc1cc(C)cc(-c2cc(O)c(Sc3ccccc3C(C)C)c(=O)o2)c1,CHEMBL276671
DEC_2000,decoy,CN(C)P1(N(C)C)=NP(N(C)C)(N(C)C)=NP(N(C)C)(N2CC2)=N1,CHEMBL28369
DEC_4268,decoy,N#Cc1ccc([C@@H]2CN3CCC[C@@H]3c3ccccc32)cc1,CHEMBL35441
DEC_1686,decoy,Cn1cncc1C(OCc1ccc(C#N)c(-c2ccc(Cl)c(Cl)c2)n1)c1ccc(C#N)cc1,CHEMBL38567
DEC_0838,decoy,Brc1ccc2[nH]cc(C3=CCNCC3)c2c1,CHEMBL27592
DEC_3780,decoy,NS(=O)(=O)c1ccccc1-c1ccc(NC(=O)C2CC(c3ccc(Cl)c([N+](=O)[O-])c3)=NO2)cc1,CHEMBL50298
DEC_0935,decoy,Cc1ccc(C2(Cn3ccnc3)OCC(c3ccc(Cl)cc3)O2)cc1,CHEMBL281907
DEC_1855,decoy,O=C1C2C3C=CC(C4CC34)C2C(=O)N1CCCCN1CCN(c2cnccn2)CC1,CHEMBL29221
DEC_1149,decoy,CC(/N=c1\c(O)c(O)\c1=N/c1ccc(C#N)cc1)C(C)(C)C,CHEMBL19265
DEC_0067,decoy,Brc1cccc(N(CC2CC2)C2=NCCN2)c1Br,CHEMBL20275
DEC_1534,decoy,C=CCC1(C(C)C#CCC)C(=O)NC(=S)NC1=O,CHEMBL277640
DEC_4216,decoy,N#Cc1c2n(c3c(N4CCN(CCCc5ccccc5)CC4)ncnc13)CCCC2,CHEMBL26707
DEC_0155,decoy,CO/C1=C\C(C)=C\[C@@H](C)[C@@H](O)[C@@H](C)C/C(C)=C/C=C/[C@H](OC)[C@@H]([C@@H](C)[C@@H](O)[C@H](C)C(=O)O)OC1=O,CHEMBL293082
DEC_0230,decoy,CCCCN(CC)c1nc(C)nc2c1c(C)cn2-c1c(C)cc(C)cc1C,CHEMBL9946
DEC_0463,decoy,Cc1cc(C(c2ccc(C(C)C)cc2)N2CCNCC2)sn1,CHEMBL277458
DEC_1737,decoy,CCN(C)C(=O)c1ccc(N(c2ccccc2)[C@@H]2C[C@H]3CC[C@@H](C2)N3CCc2ccccc2)cc1,CHEMBL13414
DEC_2767,decoy,Nc1nc2ccnc(-c3cc(C(F)(F)F)cc(C(F)(F)F)c3)n2n1,CHEMBL21428
DEC_0327,decoy,CC(C)CCCC(C)CCCC(C)N1CCC(O)CC1,CHEMBL17458
DEC_0059,decoy,CCOc1nc(C(Cl)(Cl)Cl)c(Cl)c(OC)c1Cl,CHEMBL274396
DEC_3753,decoy,Cc1ccc(S(=O)(=O)N[C@@H]2C3CC(c4cccc(F)c4)(CO3)[C@H]2C/C=C/CCCC(=O)O)cc1,CHEMBL268048
DEC_0571,decoy,FC(F)(F)c1cc(CO[C@@H]2C3CCN(CC3)[C@@H]2C(c2ccccc2)c2ccccc2)cc(C(F)(F)F)c1,CHEMBL297068
DEC_1967,decoy,Clc1ccc([C@@]2(Cn3cncn3)OC3(CCCCC3)O[C@@H]2c2ccc(Cl)cc2Cl)cc1,CHEMBL275518
DEC_3354,decoy,CCN(CC#CCCC1(C2(O)c3ccccc3Oc3ccccc32)SCCCS1)C(C)C,CHEMBL39787
DEC_2180,decoy,COC(=O)c1ccc(C(=O)N(C)[C@H]2C[C@@H]3O[C@](C)([C@H]2OC)n2c4ccccc4c4c5c(c6c7ccccc7n3c6c42)C(=O)NC5)cc1,CHEMBL336192
DEC_4155,decoy,O=c1c2c(c3cccnc3n1-c1ccccc1)OCCCC2,CHEMBL283811
DEC_2665,decoy,COC(=O)CN(C)Cc1c[nH]c2cc3ncnc(Nc4cccc(Br)c4)c3cc12,CHEMBL39715
DEC_2578,decoy,CCn1cc(-c2ccccc2NCC2=NCCN2)cn1,CHEMBL276733
DEC_3625,decoy,CC1(C)OC(S)=Nc2ccc(-c3cccc(F)c3F)cc21,CHEMBL28199
DEC_1634,decoy,CN(C(=O)[C@H](CC#Cc1ccc(CN)cc1)NS(=O)(=O)c1ccc2ccccc2c1)C1CCCC1,CHEMBL269487
DEC_2582,decoy,Nc1nccc2c1nnn2Cc1c(F)cccc1F,CHEMBL30143
DEC_4278,decoy,Cc1nccn1CC1CCc2c(c3ccccc3n2C)C1=O,CHEMBL46
DEC_2032,decoy,CCNCC1CCN(c2nc3c(cc2F)c(=O)c(C(=O)O)cn3C(C)(C)C)C1,CHEMBL29593
DEC_4231,decoy,O=C1NC(=O)C(CC#Cc2ccc(F)cc2)(S(=O)(=O)c2ccc(F)cc2)S1,CHEMBL11939
DEC_1389,decoy,Cc1cc(C)n(CCCCCSc2nc(-c3ccc(N(C)C)cc3)c(-c3ccc(N(C)C)cc3)[nH]2)n1,CHEMBL51062
DEC_3683,decoy,C=C(C)[C@@H]1CC[C@]2(C(=O)O)CC[C@]3(C)[C@H](CC[C@@H]4[C@@]5(C)CC[C@H](OC(=O)C(C)(C)CC(=O)O)C(C)(C)[C@@H]5CC[C@]43C)[C@@H]12,CHEMBL7365
DEC_1012,decoy,COc1cc(C#N)c(NC(=O)c2sccc2S(=O)(=O)Nc2onc(C)c2Cl)c(OC)c1,CHEMBL296456
DEC_3412,decoy,CC1=CC(C)(C)Nc2ccc3c(c21)/C(=C/c1cccc(F)c1)Oc1ccccc1-3,CHEMBL32812
DEC_0588,decoy,CN(CC#CCCC1(C2(O)c3ccccc3Sc3ccccc32)SCCCS1)CCCc1ccccc1,CHEMBL287759
DEC_0123,decoy,CC1(C)OC(S)=Nc2ccc(-c3cc(Cl)cc(Cl)c3)cc21,CHEMBL24581
DEC_3128,decoy,CC1OC(S)=Nc2ccc(-c3cccc(F)c3)cc21,CHEMBL24913
DEC_0121,decoy,CC(C)(C)Nc1nc(C(F)(F)F)nc2ccc(-c3ccsc3)cc12,CHEMBL274456
DEC_0946,decoy,COc1ccccc1-c1nc2n(c1-c1ccccc1OC)CCS2,CHEMBL430343
DEC_3729,decoy,c1cc(CN2CCC(N3CCCCC3)CC2)ccc1CN1CCC(N2CCCCC2)CC1,CHEMBL10627
DEC_4549,decoy,Fc1ccc(C2COC(Cn3ccnc3)(c3ccc(Cl)cc3)O2)cc1,CHEMBL283190
DEC_3213,decoy,NC1CCN(c2c(F)c(O)c3c(=O)c(C(=O)O)cn(C4CC4)c3c2F)C1,CHEMBL15579
DEC_2654,decoy,C1CCN(P2(N3CCCCC3)=NP(N3CC3)(N3CC3)=NP(N3CC3)(N3CC3)=N2)CC1,CHEMBL26911
DEC_3086,decoy,CCC/C=C/c1c(C(C)C)nc(C(C)C)c(CO)c1-c1ccc(Cl)c(Cl)c1,CHEMBL279887
DEC_0138,decoy,Cc1nc(-c2cc(Cl)cc(Cl)c2)c(-c2cc(Cl)cc(Cl)c2)[nH]1,CHEMBL7837
DEC_4472,decoy,Cc1c2ccncc2c(C)c2c1[nH]c1ccc(O)cc12,CHEMBL26559
DEC_3471,decoy,c1cc(CCc2cccc(-c3nn[nH]n3)c2)cc(OCc2ccc3ccccc3n2)c1,CHEMBL279770
DEC_2136,decoy,CCCc1cc(=O)oc2c(C(=O)C(C)(C)C(C)O)c(O)c3c(c12)OC(C)(C)C=C3,CHEMBL269121
DEC_1698,decoy,Cc1nnc2n1-c1sc(C#CCN3CCc4ccccc4C3=O)cc1C(c1ccccc1Cl)=NC2,CHEMBL280683
DEC_3900,decoy,O=C(c1ccc(Cl)cc1)c1ccc2n1CC(C(=O)O)C2,CHEMBL9420
DEC_1707,decoy,O=C(c1ccc(Cl)cc1Cl)C(O)(Cn1ccnc1)c1ccc(Cl)cc1Cl,CHEMBL276616
DEC_3333,decoy,Cc1cc(C)n(CCCCC2(C)COC(c3nc(-c4ccccc4)c(-c4ccccc4)[nH]3)OC2)n1,CHEMBL30860
DEC_3095,decoy,CCCCCc1c(C(C)C)nc(C(C)C)c(CO)c1-c1cccc2ccccc12,CHEMBL24533
DEC_2347,decoy,CO/N=C1\CCN(c2nc3c(cc2F)c(=O)c(C(=O)O)cn3-c2ccc(F)cc2F)C1,CHEMBL29152
DEC_2782,decoy,O=C1Nc2ccc(Cl)cc2C(C#Cc2cccnc2)(C(F)(F)F)O1,CHEMBL278468
ACT_049,active,O=C1c2ccccc2C(=O)N1c1ccc2[nH]c(-c3ccc(Br)o3)nc2c1,CHEMBL1403448
DEC_3808,decoy,C[N+]1(C)CC=C(COC(=O)Nc2ccc(Cl)cc2)CC1,CHEMBL24525
DEC_3017,decoy,COc1c(C(C)C)cc(Cc2cnc(N)nc2N)cc1C(C)C,CHEMBL280374
DEC_0061,decoy,CCCc1cc(=O)oc2c3c(c4c(c12)OC(C)(C)C=C4)O[C@H](C)[C@H](C)C3=O,CHEMBL7378
DEC_3091,decoy,C=CCOc1ccc2c(c1)SCc1ccccc1/C(CC)=C\2c1ccc(O)cc1,CHEMBL276335
DEC_3342,decoy,CCN(c1nc(C)cc(-c2ccccc2Cl)n1)c1c(Br)cc(OC)cc1OC,CHEMBL10473
DEC_1595,decoy,c1ccc2c(NCCCCCCCSc3c4c(nc5ccccc35)CCCC4)c3c(nc2c1)CCCC3,CHEMBL51197
DEC_0411,decoy,c1ccc(C2(c3ccccc3)OC[C@H]([C@@H]3CCCN3)O2)cc1,CHEMBL283825
DEC_3307,decoy,CCOC(=O)C(CCCCn1cnc2c1NC=NCC2O)Cc1cccc(Br)c1,CHEMBL289823
DEC_3717,decoy,CN(C)c1cccc2c(S(=O)(=O)Nc3ccc(Br)cn3)cccc12,CHEMBL6411
DEC_2611,decoy,OCC/N=C(\S)Nc1c(Cl)cccc1Cl,CHEMBL31758
DEC_3240,decoy,CC(C)=CC[C@@H](OC(=O)CCl)C1=CC(=O)c2c(O)ccc(O)c2C1=O,CHEMBL8834
DEC_3299,decoy,CCOC(=O)C(C)(CCCCn1cnc2c1NC=NCC2O)Cc1cccc(Br)c1,CHEMBL37641
DEC_0427,decoy,CC(C)(C)c1cc(-c2noc(NC#N)n2)cc(C(C)(C)C)c1O,CHEMBL16981
DEC_1653,decoy,CN(CCn1c(N)nc2cc(Cl)c(Cl)cc21)CCn1c(N)nc2cc(Cl)c(Cl)cc21,CHEMBL45109
DEC_1152,decoy,O=C(O)c1cn2c3c(nc(O)c2n1)-c1ccccc1C3n1cccc1,CHEMBL277340
DEC_3038,decoy,Cc1cc(CCCOc2c(C)cc(-c3noc(CF)n3)cc2C)on1,CHEMBL280638
DEC_1795,decoy,CCNC1CCc2c(OC)ccc(SC)c2C1,CHEMBL283678
DEC_1136,decoy,Nc1nc(N)c2nc(Sc3ccc(Cl)c(Cl)c3)cnc2n1,CHEMBL6544
DEC_4609,decoy,C/C(=C\Cn1oc(=O)[nH]c1=O)c1cccc(OCc2cc(C(F)(F)F)cc(C(F)(F)F)c2)c1,CHEMBL7251
DEC_0561,decoy,CC(C)c1cccc(C(C)C)c1OS(=O)(=O)NC(=O)Oc1c(C(C)(C)C)cc(C(C)(C)C)cc1C(C)(C)C,CHEMBL282938
DEC_2520,decoy,Nc1nc(S)c2cc(Sc3ccc4ccccc4c3)ccc2n1,CHEMBL6686
DEC_2652,decoy,CC(C)CC1(c2ccc(N)cc2)CCC(=O)NC1=O,CHEMBL28669
DEC_2126,decoy,CN1C[C@H](C(=O)Nc2nccs2)C[C@@H]2c3cc(C(C)(C)C)cc4[nH]cc(c34)C[C@H]21,CHEMBL418717
DEC_1821,decoy,CN1CCC(=C2c3ccccc3CC(=O)c3sccc32)CC1,CHEMBL534
DEC_2241,decoy,CSc1cnc2c(c1)CCc1cc(Cl)ccc1C2=C1CCN(C(C)=O)CC1,CHEMBL11158
DEC_0535,decoy,CCCCCCCCCCC1(C(=O)Nc2c(OC)cc(OC)cc2OC)CCCCCC1,CHEMBL41714
DEC_3504,decoy,COc1ccc(CCC2COC(Cn3ccnc3)(c3ccc(Cl)cc3Cl)O2)cc1,CHEMBL281440
DEC_2150,decoy,CC[C@H]1OC(=O)CC(O)[C@H](C)[C@@H](O[C@@H]2O[C@H](C)C[C@H](N(C)C)[C@H]2O)[C@@H](CCN2CCCCCC2)C[C@@H](C)C(=O)/C=C/C(C)=C/[C@@H]1C,CHEMBL266595
DEC_1860,decoy,CCCCCCn1c(O)c(CCC)c(=O)n2c3c(=O)n(C)c(=O)n(C)c3nc12,CHEMBL267782
DEC_3870,decoy,C=CC(=O)Nc1ccc2ncnc(Nc3cccc(C)c3)c2c1,CHEMBL31815
DEC_4171,decoy,O=C(c1ccc(F)cc1F)c1ccc2n1CCC2C(=O)O,CHEMBL9460
DEC_2172,decoy,CC(C)C[C@@H]1OC(=O)C(C)(C)CNC(=O)[C@@H](Cc2ccc(N)c(Cl)c2)NC(=O)/C=C/C[C@@H]([C@H](C)/C=C/c2ccccc2)OC1=O,CHEMBL262960
DEC_1926,decoy,CCc1cn([C@@H]2O[C@H](CNC(=O)C3c4ccccc4Sc4c(Cl)cccc43)[C@@H](O)[C@@H]2F)c(=O)[nH]c1=O,CHEMBL295657
DEC_2024,decoy,CCCCC(=O)O[C@H](CC=C(C)C)C1=CC(=O)c2c(O)ccc(O)c2C1=O,CHEMBL9499
DEC_3587,decoy,CCOC(=O)Nc1cc2c(c(N)n1)N=C(CN(C)c1ccc(Cl)cc1)CN2,CHEMBL8934
DEC_3789,decoy,COc1ccccc1N1CCN(CCN2C(=O)CCC2c2ccc(I)cc2)CC1,CHEMBL42993
DEC_1204,decoy,O=[N+]([O-])c1ccccc1Cn1c2c(c3ccccc31)C[C@@]1(O)[C@H]3Cc4ccc(O)c5c4[C@@]1(CCN3CC1CC1)[C@H]2O5,CHEMBL300071
DEC_3553,decoy,Cn1cc(-c2ccccc2)c(C(c2ccc3ccccc3c2)n2ccnc2)c1,CHEMBL20894
DEC_3396,decoy,CNC[C@H]1CC[C@H](Nc2nc(Nc3ccc(Cl)cc3)c3ccccc3n2)CC1,CHEMBL17454
DEC_4036,decoy,CC[C@@]1(O)C(=O)OCc2c1cc1n(c2=O)Cc2cc3c(CNC4CC4)c(O)ccc3nc2-1,CHEMBL273949
DEC_3526,decoy,CC(=O)OC1(c2ccccc2)Sc2ccc(C(F)(F)F)cc2-n2cccc21,CHEMBL282651
DEC_2500,decoy,C=C(c1ccccc1)c1nnc2n1-c1ccc(Cl)cc1C(c1ccccc1)=NC2,CHEMBL16391
DEC_3707,decoy,CC1(C)COP(=O)(C(CCC(=O)c2cccnc2)P2(=O)OCC(C)(C)CO2)OC1,CHEMBL12621
DEC_0993,decoy,CC1CN(c2c(F)cc3c(=O)c(C(=O)O)cn(C4CC4)c3c2Cl)CCN1,CHEMBL15461
DEC_3640,decoy,O=C1C(Cl)=C(Nc2ccccc2)C(=O)c2ncccc21,CHEMBL11346
DEC_0895,decoy,O=C(O)[C@@H]1CC2(CN1C(=O)CP(=O)(O)CCCCc1ccccc1)SCCS2,CHEMBL277270
DEC_1942,decoy,N=C(N)c1cccc(Oc2cc(N)ccc2C(=O)Nc2ccc(-c3ccccc3S(N)(=O)=O)cc2)c1,CHEMBL42134
DEC_0312,decoy,C/C(CC1CCc2c(cccc2OCC(=O)O)C1)=N\OC(c1ccccc1)c1ccccn1,CHEMBL11563
DEC_3706,decoy,O=C(O)CCn1ccc2cc(C(=O)N3CCC4(CC3)CCN(c3ccncc3)C4)ccc21,CHEMBL274883
DEC_4144,decoy,CCCN(CCC)C1Cc2cccc3c2N(CC(=O)N3)C1,CHEMBL11979
DEC_1341,decoy,CSc1nsnc1C1=C(C)CCN(C)C1,CHEMBL279105
DEC_1693,decoy,Cc1nc(O)c2c(ccc3nc(Nc4c(Cl)cccc4Cl)n(C)c32)c1CC(=O)N1CCCC1,CHEMBL26209
DEC_3383,decoy,O=P1(Nc2ccc(Nc3c4ccccc4nc4ccccc34)cc2)OCCO1,CHEMBL21608
DEC_0774,decoy,CO[C@]1(c2cc(F)cc(Sc3ccc(/C(C)=N/O)cc3)c2)CCO[C@@H](C)C1,CHEMBL282773
ACT_046,active,COc1cc(/C=C2\SC(=O)NC2=O)ccc1Oc1ccc(C#N)cc1C(F)(F)F,CHEMBL1671971
DEC_1109,decoy,CC(=O)O.CCN(CCc1ccc(Br)cc1)C(=O)CNC(=O)[C@@H](CCCN=C(N)N)NC(=O)[C@@H](N)Cc1ccc(O)cc1,CHEMBL12672
DEC_1899,decoy,CCCCN1CCC[C@H]1CNC(=O)c1cc(Cl)cc2c1OCC(=O)N2C,CHEMBL418560
DEC_3174,decoy,CN(C)C1CCCC1N(C=O)c1ccc(Cl)c(Cl)c1,CHEMBL277686
DEC_3950,decoy,COC(=O)N[C@H](C(=O)N[C@@H](Cc1ccccc1)[C@@H](O)C[C@@H](Cc1ccccc1)c1nc(C(C)C)c[nH]1)C(C)C,CHEMBL79698
DEC_3046,decoy,COc1cc2c(c(OC)c1OC)c1c3c(cc4c1n2C(=O)CC4)CNCC3,CHEMBL277478
DEC_1493,decoy,CCCCc1nn(CC(C)C)c(C(=O)O)c1Cc1ccc(-c2ccccc2-c2nn[nH]n2)cc1,CHEMBL21749
DEC_3296,decoy,CCCCc1nc2ccn(CC(=O)O)c(=O)c2n1Cc1ccc(-c2ccccc2-c2nn[nH]n2)cc1,CHEMBL42631
DEC_3631,decoy,CC(C)C1CCNc2cc3nc(O)cc(C(F)(F)F)c3cc21,CHEMBL27276
DEC_0497,decoy,CCCc1cc(=O)oc2c3c(c4c(c12)OC(C)(C)C=C4)O[C@H](C)C(C)(C)[C@@H]3O,CHEMBL7760
DEC_3793,decoy,CCCn1c(=O)c2nc(-c3cc(NC(=O)Cc4ccc(Cl)cc4)nn3C)[nH]c2n(CCC)c1=O,CHEMBL32225
DEC_4642,decoy,CCc1cc(C(C)=O)c(O)cc1OCc1cccc(C(=O)Nc2cccc(CC(=O)O)n2)n1,CHEMBL284837
DEC_0279,decoy,CCCCCCCCC(=O)O[C@H](CC=C(C)C)C1=CC(=O)c2c(O)ccc(O)c2C1=O,CHEMBL9338
DEC_0101,decoy,CCN(CC)CCSc1nnc(-c2cc(C(C)(C)C)c(O)c(C(C)(C)C)c2)s1,CHEMBL279336
DEC_1108,decoy,CC(=O)O.CCN(CCc1ccccc1[N+](=O)[O-])C(=O)CNC(=O)[C@@H](CCCN=C(N)N)NC(=O)[C@@H](N)Cc1ccc(O)cc1,CHEMBL267295
DEC_1532,decoy,O=P(O)(O)ON1C=CC=C2C=CC=C(O)C21,CHEMBL285665
DEC_4534,decoy,C=CCN1CCN(C(c2ccccc2)c2ccc(-c3cccs3)cc2)CC1,CHEMBL24927
DEC_2443,decoy,CCCc1cc2ncnc-2c(O)n1Cc1ccc(-c2ccccc2-c2nn[nH]n2)cc1,CHEMBL286253
DEC_1825,decoy,CSc1sc(-c2ccccn2)c2c1C(=O)CC(C)(C)C2,CHEMBL17698
DEC_0666,decoy,CC1Cc2ccc(Cl)c(Cl)c2CN1S(=O)(=O)NS(=O)(=O)N1Cc2c(ccc(Cl)c2Cl)CC1C,CHEMBL283306
DEC_2646,decoy,O=CNNC1c2ccccc2Oc2ccccc21,CHEMBL20809
DEC_4123,decoy,CCc1cc(Cc2cnc(N)nc2N)cc(CC)c1OC,CHEMBL23250
DEC_2225,decoy,Cc1ccc(-c2cc(C(F)(F)F)nn2-c2ccc(S(N)(=O)=O)cc2)c(C)c1,CHEMBL283038
DEC_0595,decoy,CC(C)c1cccc(C(C)C)c1OS(=O)(=O)NC(=O)Oc1c(-c2ccccc2)cccc1-c1ccccc1,CHEMBL22839
DEC_1291,decoy,CN[C@@H]1CC[C@@H](c2ccc(Cl)cc2)c2ccccc21,CHEMBL37714
DEC_3777,decoy,CC(C)(N)CC(=O)NC1CC2CCC1(CS(=O)(=O)N1CCC3(CCc4ccccc43)CC1)C2(C)C,CHEMBL283578
DEC_4088,decoy,CCc1[nH]c(O)nc1C(=O)c1ccc(-n2ccnc2C(C)C)cc1,CHEMBL282138
DEC_1651,decoy,O=S1(=O)C/C(=C\c2ccc(Cl)cc2)C2=NN(c3ccccc3)C(c3ccc(Cl)cc3)C2C1,CHEMBL34428
DEC_3523,decoy,COc1ccc2c(c1)c(CCNC(=O)C1CCC1)c1n2CCCc2ccccc2-1,CHEMBL9917
DEC_4371,decoy,CC(S(=O)(=O)c1ccc(OC(F)(F)F)cc1)S(=O)(=O)C(F)(F)F,CHEMBL11767
DEC_3710,decoy,CC(=O)NCc1cc2cc(C(=O)N3CCC(N4C(=O)OCc5ccccc54)CC3)ccc2o1,CHEMBL31350
DEC_2540,decoy,C/C(=N/Cc1ccccc1)Nc1nnc(-c2ccccc2C)s1,CHEMBL12313
DEC_3422,decoy,CCc1nc2c(-c3ccc(Cl)cc3Cl)ccnc2n1C(CC)C1CC1,CHEMBL24302
DEC_1622,decoy,O=C(O)Cn1c(=O)c(=O)[nH]c2cc(C(F)(F)F)c(-n3ccc(/C=N/OCc4ccccc4)c3)cc21,CHEMBL12776
DEC_2251,decoy,CN1C[C@H](CNC(=O)c2ccccc2)C[C@@H]2c3ccc(C(C)(C)C)c4[nH]cc(c34)C[C@H]21,CHEMBL267799
DEC_2390,decoy,CCCc1cc(=O)oc2c(C(=O)CC)c(OCC)c3c(c12)OC(C)(C)C=C3,CHEMBL7485
ACT_004,active,Oc1c(Cl)cc(Cl)cc1Sc1cc(Cl)cc(Cl)c1O,CHEMBL290106
DEC_3227,decoy,O=C(O)C1CC2CC(c3ccc(-c4nn[nH]n4)cc3)CCC2CN1,CHEMBL16303
DEC_2366,decoy,CCCc1cc(=O)oc2c3c(c4c(c12)OC(C)(C)C=C4)OC[C@H](C)[C@@H]3O,CHEMBL266091
DEC_1326,decoy,Cc1c2ccccc2cc2ccc3c(O)c(O)ccc3c12,CHEMBL41206
DEC_3006,decoy,CN(Cc1coc2nc(N)nc(N)c12)c1ccc(Cl)c(Cl)c1,CHEMBL23153
DEC_3345,decoy,O=C(CCCN1C2CCC1c1c(n(-c3ccccc3)c3ccccc13)C2)c1ccc(F)cc1,CHEMBL37285
DEC_1472,decoy,Cc1cc(Nc2ccc(SCC(=O)O)cc2)c2c(ccc3c[nH]nc32)n1,CHEMBL286265
DEC_0943,decoy,CCN(CC)CCn1nc2c3c(c(CNC)ccc31)Sc1ccccc1-2,CHEMBL30099
DEC_2323,decoy,O=C1CCN(c2nc3c(cc2F)c(=O)c(C(=O)O)cn3-c2ccc(F)cc2F)CC1,CHEMBL28294
DEC_3197,decoy,S=C=Nc1ccc(-c2nc(-c3ccco3)no2)c(Cl)c1,CHEMBL279440
DEC_2573,decoy,CCCn1c(=O)c2[nH]ccc2n(CCC)c1=O,CHEMBL38505
DEC_3246,decoy,CCn1cc(C(=O)O)c(=O)c2cc(F)c(N3CCC(CNC)C3)cc21,CHEMBL14894
DEC_2434,decoy,CCSc1nc2c(n1Cc1ccc(OC)cc1)C(=O)N(CC)C1=N[C@@H]3CCC[C@@H]3N12,CHEMBL26445
DEC_4055,decoy,O=C(NCCCOc1ccc2nc(O)ccc2c1)N(C1CC1)[C@H]1CCCC[C@H]1O,CHEMBL32617
DEC_2361,decoy,C/C(=N\OCC#N)c1ccc(Sc2cc(F)cc(C3CCOCC3)c2)cc1,CHEMBL24925
DEC_0921,decoy,CCCCNC(=O)Nc1cccc2c1CN(C)CC2c1ccc(C)cc1,CHEMBL262369
DEC_2472,decoy,C=C(c1ccccc1N(Cc1ccc(Cl)cc1)C(=O)C(F)(F)F)n1ccnc1,CHEMBL416751
DEC_2605,decoy,CSc1ccc2c(O)cc(C(=O)O)nc2c1,CHEMBL23005
DEC_0474,decoy,CC(C)(C)C1CS(=O)(=O)C(c2ccc(Br)cc2)S(=O)(=O)C1,CHEMBL31872
DEC_3434,decoy,Sc1nc(-c2cc(Cl)cc(Cl)c2)c(-c2cc(Cl)cc(Cl)c2)[nH]1,CHEMBL8113
DEC_2884,decoy,C=C(OCC)c1nc(/C=C/c2ccccc2)nc2c1ncn2Cc1ccccc1,CHEMBL279083
DEC_1515,decoy,CC(=O)N1CCc2ccc(N(CCCNCc3ccccc3)C(=O)/C=C/c3ccccc3)cc21,CHEMBL432651
DEC_4160,decoy,COc1ccc2ccc3oc([N+](=O)[O-])cc3c2c1OC,CHEMBL6965
ACT_014,active,O=C(O)/C=C/c1ccc(/C(=C(\c2ncc(C(F)(F)F)cc2Cl)C2CCC2)c2ccc3scnc3c2)cc1,CHEMBL4455921
DEC_3473,decoy,C/C(=N\OCC(=O)O)c1ccc(Sc2cc(F)cc(C3CCOCC3)c2)cc1,CHEMBL285137
DEC_0264,decoy,O=C(O)C1=Cc2cc(C(C3CCCCC3)n3ccnc3)sc2CC1,CHEMBL22759
DEC_1987,decoy,CN(C)CC(c1ccccc1Cl)c1nnc2n1-c1ccc(Cl)cc1C(c1ccccc1)=NC2,CHEMBL16005
DEC_1458,decoy,CC#CC(=O)Nc1ccc2ncc(C#N)c(Nc3ccc(F)c(Cl)c3)c2c1,CHEMBL31876
DEC_3056,decoy,CCc1cc(-n2ncc(=O)[nH]c2=O)cc(C)c1Sc1ccc(Cl)cc1,CHEMBL26661
DEC_0848,decoy,COc1ccc(Nc2c(NC(C)C(C)(C)C)c(=O)c2=O)cc1,CHEMBL18934
DEC_4090,decoy,CC(C)C1NC(=O)OC12CCN(CCc1c[nH]c3ccccc13)CC2,CHEMBL25509
DEC_3475,decoy,c1cc(COc2ccc(OCc3ccc4ccccc4n3)cc2)cc(Cc2nnn[nH]2)c1,CHEMBL18597
DEC_4450,decoy,CCS(=O)(=O)N(C)c1ccc2ccc(OCc3ccc4ccccc4n3)cc2c1,CHEMBL273551
DEC_2732,decoy,CSc1nc2nc(C(=O)c3ccccc3)cn2c2c1CSCC2,CHEMBL20346
DEC_3460,decoy,CCC(C)NCc1ccc2n1-c1ccccc1SC2C1=CCC(OC)(OC)C=C1,CHEMBL24998
DEC_0789,decoy,CCCC(=O)OC1=C(c2ccc(OC)cc2)Sc2ccccc2-n2cccc21,CHEMBL33609
DEC_0214,decoy,O=C1c2ccc(CN3CCOCC3)cc2C(=O)c2nccnc21,CHEMBL21501
DEC_2075,decoy,Cc1noc2c(Cl)c3c(cc12)CC(C(=O)O)O3,CHEMBL7795
DEC_1363,decoy,CNc1ncnc2c1ncn2Cc1ccc(F)cc1F,CHEMBL6723
DEC_2040,decoy,CCc1c(Sc2cc(Cl)cc(Cl)c2)n(COCCO)c(=S)[nH]c1=O,CHEMBL17070
DEC_0845,decoy,CSc1ccc(Nc2c(NC(C)C(C)(C)C)c(=O)c2=O)cc1,CHEMBL18731
DEC_0127,decoy,CCC[C@H]1Cc2cc3c(C(F)(F)F)cc(O)nc3cc2N[C@@H]1CC,CHEMBL7231
DEC_2613,decoy,NCCc1c[nH]c(-c2ccc3ccccc3c2)n1,CHEMBL24436
DEC_4670,decoy,CSc1ccc2[nH]cc(CCN(C)C)c2c1,CHEMBL31783
DEC_3175,decoy,O=C1C2C3C=CC(CCC3)C2C(=O)N1CCCCc1ccncc1,CHEMBL31960
DEC_4074,decoy,Oc1nc2cccc3c2n1CC(N(CC1CC1)CC1CC1)C3,CHEMBL273711
DEC_2777,decoy,CCN(CC)C(=O)[C@@H]1C=C2c3cccc4[nH]cc(c34)C[C@H]2N(CC)C1,CHEMBL22694
DEC_2187,decoy,CC(=O)N1CCc2c(c(-c3ccc(Br)cc3)nn2CC(O)CN2CCC(n3c(O)nc4cc(Cl)c(Cl)cc43)CC2)C1,CHEMBL262666
DEC_0469,decoy,CC(C)(C)c1cc(-c2nnc(N)s2)cc(C(C)(C)C)c1O,CHEMBL417073
DEC_2183,decoy,COC(=O)[C@@]1(O)CC2O[C@]1(C)n1c3ccc(CSC(C)C)cc3c3c4c(c5c6cc(CSC(C)C)ccc6n2c5c31)C(=O)NC4,CHEMBL301144
DEC_2590,decoy,N#CCC12NC(Cc3ccccc31)c1ccccc12,CHEMBL11295
DEC_3165,decoy,c1ccc2c(C3=NCC4(CN5CCC4CC5)O3)csc2c1,CHEMBL274378
DEC_1483,decoy,Cc1cc(-c2noc(C(F)(F)F)n2)cc(C)c1OCCCc1cc(C[S+](C)[O-])no1,CHEMBL29421
DEC_0094,decoy,Cc1cc(C(c2ccc(C(C)C)cc2)N2CC(C)NC(C)C2)sn1,CHEMBL24942
DEC_1727,decoy,CCC(CCOC)n1c(OC)nc2c(-c3ccc(OC(F)(F)F)cc3Cl)ccnc21,CHEMBL280666
DEC_1765,decoy,CN1C[C@H](CC#N)C=C2c3cccc4c3[C@@H](CN4)C[C@H]21,CHEMBL285723
DEC_2401,decoy,Cc1cc(-c2c(F)cc3c(=O)c(C(=O)O)cn(C4CC4)c3c2F)cc(C)n1,CHEMBL8179
DEC_2765,decoy,CN(C)CC1CCCCN1C1c2ccccc2Oc2ccccc21,CHEMBL20706
DEC_3671,decoy,O=S(=O)(O)c1ccc2c(C(=CC3CCCCCCCCC3)c3cccc4cc(S(=O)(=O)O)ccc34)cccc2c1,CHEMBL100072
DEC_1535,decoy,C=CCC1([C@H](C)C#CCC)C(=O)NC(=S)NC1=O,CHEMBL22646
DEC_1723,decoy,C/C(=N\OC(=O)C(C)(C)C)c1ccc(Sc2cc(F)cc(C3CCOCC3)c2)cc1,CHEMBL282775
DEC_3756,decoy,CC(C)=CCN1C(=NC#N)N(CC=C(C)C)[C@H](Cc2ccccc2)[C@H](O)[C@@H](O)[C@H]1Cc1ccccc1,CHEMBL34656
DEC_0218,decoy,CS(=O)(=O)c1ccc2nc(N3CCNCC3)cnc2c1,CHEMBL6606
DEC_3034,decoy,Cc1cc(CCCOc2c(C)cc(-c3noc(C4CC4)n3)cc2C)on1,CHEMBL28534
DEC_0786,decoy,CCCN1CCC(COc2nc3ccc(Cl)cc3c3c2CCCCN3)CC1,CHEMBL432075
DEC_1205,decoy,O=C1CN2CCCCC2c2c1c1ccccc1n2CCCNS(=O)(=O)c1cc(Cl)sc1Cl,CHEMBL34635
DEC_4590,decoy,CCc1nc2c(n1Cc1ccc(-c3ccccc3-c3nn[nH]n3)cc1)/C(=C/C(=O)O)CCCC2,CHEMBL43591
DEC_1933,decoy,NS(=O)(=O)c1ccccc1-c1ccc(NC(=O)C2CC(c3c(O)ccc4ccccc34)=NO2)cc1,CHEMBL300677
DEC_3273,decoy,COC(OC)[C@@]1(C)Oc2ccc([N+](=O)[O-])cc2[C@@H](N(Cc2ncc[nH]2)c2ccc(Cl)cc2)[C@@H]1O,CHEMBL431147
DEC_2622,decoy,O=Nc1c(O)[nH]c2c3c(c([N+](=O)[O-])cc12)CCCC3,CHEMBL9750
DEC_1370,decoy,CC(C)/C=C1\N=C(CC(C)C)C(=O)N(O)C1=O,CHEMBL16320
DEC_0104,decoy,CS/C(=N\O)c1ccc(Sc2cc(F)cc(C3CCOCC3)c2)cc1,CHEMBL282213
DEC_3278,decoy,Cc1cc(CC(N)=O)cc(-c2c(O)nc3cc(Cl)c([N+](=O)[O-])cc3c2OCCC2CCCCN2)c1,CHEMBL295556
DEC_1351,decoy,CCN(CC)CCS/C(=N/O)c1cnsn1,CHEMBL282271
DEC_1232,decoy,O=NN(CCCl)C(=O)NC1CCC(CCl)CC1,CHEMBL12684
DEC_1840,decoy,Cc1cc(C)cc(Sc2cncc3sc(C(N)=O)cc23)c1,CHEMBL6275
DEC_1167,decoy,CC[C@@H]1CCc2cc3c(C(F)(F)F)cc(O)nc3cc2N1,CHEMBL7177
DEC_4473,decoy,Cc1ccc2c(c1)C=Cc1cc(C(C)C(=O)O)ccc1O2,CHEMBL274381
DEC_2798,decoy,O=C(NCC1CCC(C(=O)NO)CC1)c1cccc2ccccc12,CHEMBL283698
DEC_0743,decoy,Cc1cc2ncn(-c3ccc(C4=NNC(=O)CC4)cc3)c2cc1C,CHEMBL31697
DEC_1945,decoy,CCc1cn([C@@H]2O[C@H](CNC(=O)C3c4cccc(C)c4Oc4c(C)cccc43)[C@@H](O)[C@@H]2F)c(=O)[nH]c1=O,CHEMBL297081
DEC_1621,decoy,CCC[C@H](N)C(=O)N[C@@H]1CN(c2cc3c(cc2F)c(=O)c(C(=O)O)cn3-c2ccc(F)cc2F)[C@H]1C,CHEMBL19832
DEC_2832,decoy,C#Cc1ccc(C#CC(O)(c2ccc(C#N)c(-c3cccc4ccccc34)c2)c2cncn2C)cc1,CHEMBL24554
DEC_0227,decoy,CCN1C(=O)N(C2CCN(C(C)CCC(C)C)CC2)[C@@H]2CCCC[C@H]21,CHEMBL281322
DEC_2888,decoy,CSc1ccc2c(c1)N(CCC1CCCCN1C)c1ccccc1S2,CHEMBL479
DEC_2426,decoy,CSc1c2c(nc(N)n3nc(-c4ccco4)nc23)nn1CCCc1ccccc1,CHEMBL20445
DEC_0243,decoy,Cn1cncc1CNc1ccc(C#N)c(-c2cccc3ccccc23)c1,CHEMBL29064
DEC_0945,decoy,CC1c2cc(Cl)cc3c2N(CC3)c2ccccc2N1C(=O)CCN(C)C,CHEMBL416386
DEC_3421,decoy,CCc1nc2c(-c3ccc(Cl)cc3Cl)ccnc2n1[C@@H](CC)C1CC1,CHEMBL430913
DEC_1114,decoy,CC[C@@H](C)NC(=O)c1cc(N)cc(-c2cnc(NC(C)C)c(=O)n2CC(=O)NCc2ccc(C(=N)N)cc2C(=O)NCC(=O)O)c1,CHEMBL189166
DEC_2925,decoy,C=CCOc1ccc2c(c1OC)-c1ccc3c(c1C(CC=C)O2)C(C)=CC(C)(C)N3,CHEMBL8329
DEC_0196,decoy,CCN(CC)CCCNc1ncc2cc(-c3c(Br)cccc3Br)c(N)nc2n1,CHEMBL56958
DEC_1122,decoy,CC(=O)O.CCN(CCc1ccc2ccccc2c1)C(=O)CNC(=O)[C@@H](CCCN=C(N)N)NC(=O)[C@@H](N)Cc1ccc(O)cc1,CHEMBL274339
DEC_0517,decoy,C(=C1CCN(Cc2ccc(C3=NCCN3)cc2)CC1)c1ccc(C2=NCCN2)cc1,CHEMBL276449
DEC_4565,decoy,C=CCN1CN(c2ccccc2)C2(CCN(C3CCc4c(Cl)ccc(Cl)c4C3)CC2)C1=O,CHEMBL283265
ACT_080,active,O=C(Cc1coc2cc3c(cc12)CCC3)OCc1cc(=O)n2c(n1)sc1ccccc12,CHEMBL1493034
DEC_3404,decoy,CC(C)N1C(S)=NC(c2cccc([N+](=O)[O-])c2)c2cc3c(cc21)OCO3,CHEMBL13552
DEC_3520,decoy,C=C(c1cc(Cl)ccc1OC(C)c1ccc(Cl)cc1)n1ccnc1,CHEMBL30255
DEC_4572,decoy,O=C(c1ccc(Cl)cc1)N1N=C2/C(=C/c3ccccc3)CS(=O)(=O)CC2C1c1ccccc1,CHEMBL415862
DEC_2046,decoy,C=CS(=O)(=O)Nc1cccc(C(c2c(O)oc3c(c2=O)CCCCC3)C2CC2)c1,CHEMBL16383
DEC_0972,decoy,C[C@@H]1[C@@H](N)CN1c1c(F)cc2c(=O)c(C(=O)O)cn(C3CC3)c2c1Cl,CHEMBL279221
DEC_2633,decoy,CC(C)(C)c1cc2ncccc2c(NCCCN)n1,CHEMBL30981
ACT_030,active,CCOC(=O)CSc1nn(C)c(=S)s1,CHEMBL1305485
DEC_0262,decoy,CCCc1cc2c(s1)CN(C)CC2c1ccc(Br)cc1,CHEMBL15731
DEC_2167,decoy,CC(C)C[C@@H]1OC(=O)C(C)(C)CNC(=O)[C@@H](Cc2ccc3ccccc3c2)NC(=O)/C=C/C[C@@H]([C@H](C)[C@H]2O[C@@H]2c2ccccc2)OC1=O,CHEMBL86423
DEC_4503,decoy,C[C@@]12Cc3ccccc3C[C@@H](N1)c1cc(Cl)ccc12,CHEMBL282064
DEC_0657,decoy,CCCC(=O)O.CCN1[C@H](C)CN(C(=O)N2Cc3c(C(=O)OC(C)(C)C)ncn3-c3ccc(Cl)cc32)C[C@@H]1C,CHEMBL274465
DEC_0317,decoy,O=C(O)CCC/C=C/C[C@@H]1[C@@H](COCc2ccccc2)C2CC1(c1ccc(F)cc1)CO2,CHEMBL273936
DEC_1958,decoy,Cc1nnc2n1-c1sc(C#Cc3cccc4ccccc34)cc1C(c1ccccc1Cl)=NC2,CHEMBL32110
DEC_4567,decoy,CC1CCN(CC[C@@H](C)N(C)S(=O)(=O)c2ccc(Br)c(Br)c2)CC1,CHEMBL12771
DEC_4041,decoy,Cc1nc2c(n1Cc1ccc(-n3cccc3-c3nn[nH]n3)cc1)/C(=C/C(=O)O)CCCC2,CHEMBL297637
DEC_2063,decoy,CC(C)(C)c1cccc(N2C(N)=NC(N)=NC2(C)C)c1,CHEMBL267692
DEC_1568,decoy,CC(C)(C)OC(=O)CNC(=O)NC1CCCCC1,CHEMBL11448
DEC_2709,decoy,N=c1sc(-c2cc(Br)ccc2F)nn1-c1c(Cl)cc(C(F)(F)F)cc1Cl,CHEMBL49311
DEC_1626,decoy,CC(C)C1=CC2CC3(C=O)[C@@H]4CC[C@@H](C)[C@H]4CC2(CO[C@@H]2O[C@H](C)[C@H]4OC[C@@H](C)[C@H]4[C@@H]2O)C13C(=O)O,CHEMBL295312
DEC_2209,decoy,Cc1ccc(C2COC(Cn3ccnc3)(c3ccc(Br)cc3)O2)cc1,CHEMBL281074
DEC_2132,decoy,Cc1ccc(N(/C=N/c2ccn(C3CSC(CO)O3)c(=O)n2)c2ccc(C)cc2)cc1,CHEMBL18076
DEC_4682,decoy,CN(C)CCc1c[nH]c2ccc3c(c12)CCCO3,CHEMBL412876
DEC_0777,decoy,COc1ccc(C2Sc3ccccc3-n3c(CN(C)C)ccc32)c(OC)c1,CHEMBL275195
DEC_0846,decoy,CC1(C)OC(S)=Nc2ccc(-c3cccc(F)c3)cc21,CHEMBL24621
DEC_4673,decoy,C=C1C=C2c3cccc4c3[C@@H](CN4)C[C@H]2N(C)C1,CHEMBL36980
DEC_1001,decoy,CC[C@@]1(O)C(=O)OCc2c1cc1n(c2=O)Cc2cc3c(CSCCN(C)C)c(O)ccc3nc2-1,CHEMBL267815
DEC_0749,decoy,CCCc1cc(=O)oc2c3c(c4c(c12)OC(C)(C)C=C4)OC(C)(C)[C@H](C)C3=O,CHEMBL7305
DEC_2353,decoy,CCN(CC)C(=O)c1c2nc3c(C(=O)N(CC)CC)ccc(C)c3oc-2c(C)c(=O)c1N,CHEMBL281115
ACT_065,active,COc1cccc(C2CC(c3ccc(F)cc3)Nc3nc(N)nn32)c1,CHEMBL1576191
DEC_4234,decoy,Cc1noc(NS(=O)(=O)c2cccc3c(N4CCCCC4=O)cccc23)c1C,CHEMBL284177
DEC_2379,decoy,CSc1ccc2c(c1)[C@@H](N1CCN(C)CC1)Cc1ccccc1S2,CHEMBL428892
DEC_4351,decoy,CCN1CCCC(Nc2nc(Nc3cc(Cl)cc(Cl)c3)nc3ccc(Cl)cc23)C1,CHEMBL283613
DEC_3490,decoy,CCCCc1nc(Cl)c(CO)n1Cc1ccc(-c2occc2C(=O)O)cc1,CHEMBL430279
DEC_1193,decoy,Cc1ccsc1C(c1ccccc1Br)N1CCN(c2ncnc3c2cnn3-c2ccccc2)CC1,CHEMBL83661
DEC_2235,decoy,NS(=O)(=O)c1ccc(-c2nc(-c3ccc(F)cc3)c(-c3ccncc3)[nH]2)cc1,CHEMBL17210
DEC_2928,decoy,CC(C)(C)NCCSSCCNC(C)(C)C,CHEMBL280057
DEC_1902,decoy,Cc1ccc2c(c1)N(CC(=O)NC(C)(C)C)C(=O)[C@H](NC(=O)Nc1cccc(-c3nn[nH]n3)c1)C[C@@H]2C(C)C,CHEMBL292856
DEC_0464,decoy,Cc1cnsc1C(c1ccc(C(C)C)cc1)N1CCNCC1,CHEMBL22602
DEC_2760,decoy,Clc1ccc(C2COC(Cn3ccnc3)(c3ccccc3)O2)cc1,CHEMBL28653
DEC_0986,decoy,CCn1cc(C(=O)O)c(=O)c2cc(F)c(N3CC(C)NC(C)C3)c(F)c21,CHEMBL15973
DEC_4637,decoy,O=C1[C@@H](NS(=O)(=O)c2ccc(-c3ccccn3)s2)CCN1Cc1cc2c[nH]ccc-2n1,CHEMBL266690
DEC_4045,decoy,CCNCc1ccc([C@H]2C[C@H](SC3=C(C(=O)O)N4C(=O)[C@H]([C@@H](C)O)[C@H]4[C@H]3C)CN2)cc1,CHEMBL17630
DEC_1647,decoy,COc1cccc(/C=C/C(=O)NCCCCN2CCc3ccc(OS(=O)(=O)C(F)(F)F)cc3C2)c1,CHEMBL416842
DEC_4305,decoy,C[S+]([O-])CC(=O)c1cc(C(C)(C)C)c2c(c1)C(C)(C)CO2,CHEMBL13561
DEC_0501,decoy,COc1ccc(C2=C(OS(C)(=O)=O)c3cccn3-c3ccccc3S2)cc1,CHEMBL286909
DEC_0720,decoy,Cn1c(O)nnc1-c1cc(C(C)(C)C)c(O)c(C(C)(C)C)c1,CHEMBL12441
DEC_3655,decoy,SC1CCCCC1N1CCC(c2ccccc2)CC1,CHEMBL21598
ACT_077,active,CCc1ccc(Nc2nc(N)nc(CSc3nnnn3-c3ccccc3)n2)cc1,CHEMBL1550294
DEC_0495,decoy,Cn1cc(C(=O)O)c(=O)c2c3cc(N4C[C@@]5(C)C[C@@H]4CC(C)(C)C5)c(F)cc3ncc21,CHEMBL28286
DEC_2491,decoy,Cc1cc(-n2ncc(=O)[nH]c2=O)cc(Cl)c1Sc1ccc(Cl)cc1,CHEMBL26660
DEC_3646,decoy,OC1CCCCC1N1CCC(C2CCCCC2)CC1,CHEMBL21309
DEC_2358,decoy,Cc1ccc(CCCOc2c(C)cc(-c3noc(C(F)(F)F)n3)cc2C)cn1,CHEMBL280755
DEC_0973,decoy,CC1C(N)CN1c1c(F)cc2c(=O)c(C(=O)O)cn(C3CC3)c2c1Cl,CHEMBL19328
DEC_3143,decoy,O=C1C[C@H](c2ccccc2F)Nc2cc3c(cc21)OCO3,CHEMBL16611
DEC_2076,decoy,O=C1NC[C@]2(CCN3CCc4ccccc4[C@@H]3C2)O1,CHEMBL287514
DEC_1856,decoy,O=C1C2C3C=CC(C4CCC34)C2C(=O)N1CCCCN1CCN(c2cnccn2)CC1,CHEMBL28826
DEC_2474,decoy,CNCc1ccccc1Sc1ccc(I)cc1CO,CHEMBL429065
DEC_1574,decoy,CC1(C)CC1C(=O)N/C(=C\C1CCCCC1)C(=O)O,CHEMBL268273
DEC_2037,decoy,CC1C(=O)N(CCCCCOc2ccc(Cl)cc2)/C(=N\C#N)N1c1ccncc1,CHEMBL17029
DEC_2492,decoy,CC(C)(CC(=O)O)Cc1nc2cc(F)ccc2n1Cc1ccc(Cl)cc1F,CHEMBL278177
DEC_4183,decoy,O=C(O)CCON=C1c2ccccc2-c2ccccc21,CHEMBL33468
DEC_3335,decoy,CCN(c1nc(C)cc(-c2ccccc2NC)n1)c1ccc(C(C)C)cc1Br,CHEMBL273745
DEC_0572,decoy,FC(F)(F)c1cc(CO[C@@H]2C3CCN(CC3)[C@H]2C(c2ccccc2)c2ccccc2)cc(C(F)(F)F)c1,CHEMBL296228
DEC_0226,decoy,CCC(C)c1ccc(C(c2cc(C)ns2)N2CCN(C)CC2)cc1,CHEMBL283796
DEC_1917,decoy,COC(=O)N[C@@H](c1ccc(O)cc1)[C@@H](O)C(=O)OC1CC2C(C)(C)C1(C)[C@@]13CC(C)c4ccccc4[C@@]21O3,CHEMBL31423
DEC_0883,decoy,COC(=O)C[C@@H](c1ccc(OC)nc1)N(C)C(=O)CCCCc1nc2c(cc1N)CCCN2,CHEMBL9462
DEC_3208,decoy,CC1OC(SCCC23C[C@H]4C[C@@H](C2)C[C@@H](C3)C4)C(O)C(O)C1O,CHEMBL274753
DEC_1827,decoy,CN(C)CCCN1c2ccccc2Sc2ccc(Cl)cc21,CHEMBL71
DEC_0457,decoy,CSC1=NC(c2ccccc2SC)C2=C(O)OCC2=N1,CHEMBL22704
DEC_0462,decoy,Cc1cc(C(c2ccc(C(C)C)cc2)N2CCN(C)CC2)sn1,CHEMBL278532
DEC_1423,decoy,CCCC1Nc2ccc(C(C)C)cc2C(=O)N1Cc1ccc(-c2ccccc2-c2nn[nH]n2)cc1,CHEMBL415982
DEC_0557,decoy,O=[N+]([O-])c1cc2c(OCCC3CCCCN3)c(-c3ccc(-c4ccccc4)c(Cl)c3)c(O)nc2cc1Cl,CHEMBL49028
DEC_4061,decoy,CCNCC1CCN(c2nc3c(cc2F)c(=O)c(C(=O)O)cn3-c2ccc(F)cc2F)C1,CHEMBL15241
DEC_0366,decoy,CCCCCC/C=C/C(=O)CCc1ccc(O)c(OC)c1,CHEMBL24056
DEC_1190,decoy,CCCCOC(=O)N[C@@H](c1ccccc1)[C@@H](O)C(=O)OC1CC2C(C)(C)C1(C)[C@@]13C[C@H](C)c4ccccc4[C@@]21O3,CHEMBL31862
DEC_4251,decoy,COC(=O)c1c2c(c3c4cc(OC)c(OC)cc4n4c3c1CCC4=O)CCNC2,CHEMBL280951
DEC_4020,decoy,CNC(=O)[C@@H](NC(=O)[C@H](CC(C)C)[C@@H](C(=O)NO)C1CCSC1)C(C)(C)C,CHEMBL29934
DEC_3806,decoy,C[N+]1(C)CC=C(COC(=O)Nc2cccc(Cl)c2)CC1,CHEMBL25240
DEC_0311,decoy,CCCCC[C@H](O)/C=C/[C@H]1C2CC(c3ccc(F)cc3)(CO2)[C@@H]1C/C=C/CCCC(=O)O,CHEMBL10179
DEC_0369,decoy,CCCCCC(O)c1cccc(OCc2ccccn2)c1,CHEMBL8704
DEC_2470,decoy,FC(F)(F)c1cc(COCC2(c3ccccc3)CCNCC2)cc(C(F)(F)F)c1,CHEMBL422931
DEC_0400,decoy,CNCCSC1=Cc2ccccc2Sc2ccccc21,CHEMBL429769
DEC_4342,decoy,O=C(c1cccc(Cl)c1)N1CC[C@H](NCc2ccnc3ccccc23)C[C@H]1Cc1ccccc1,CHEMBL418438
DEC_0380,decoy,CC(C)(C)c1cc(-c2nsc(O)n2)cc(C(C)(C)C)c1O,CHEMBL279308
DEC_1684,decoy,Cn1cncc1C(O)(C#Cc1ccc(Cl)cc1)c1ccc(C#N)c(-c2cccc3ccccc23)c1,CHEMBL283051
DEC_2331,decoy,Cc1cc(OCC2CCCN(C(=N)N)C2)cc(OS(=O)(=O)c2ccccc2Cl)c1,CHEMBL41862
DEC_1456,decoy,OC(c1ccc(Cl)cc1)(c1ccc(C(F)(F)F)cc1)c1cncnc1,CHEMBL28637
DEC_1169,decoy,CC1(C)Oc2nc3ccccc3c(O)c2CC1SS(=O)(=O)O,CHEMBL23004
DEC_3887,decoy,CS/C(=N\CCN)Nc1c(Cl)cccc1Cl,CHEMBL32050
DEC_4453,decoy,CCc1nc2c(C)cc(C)nc2n1Cc1ccc(-c2ccccc2-c2nn[nH]n2)cc1,CHEMBL7550
DEC_3366,decoy,OCc1ccc(-c2nc(-c3ccccn3)c(-c3ccc4c(c3)OCO4)[nH]2)cc1,CHEMBL267228
DEC_2237,decoy,O=C1NCN(c2ccccc2)C12CCN(C1Cc3cccc4cccc1c34)CC2,CHEMBL281274
DEC_3628,decoy,Cc1ccccc1-c1n[nH]c(-c2cccc(C(F)(F)F)c2)n1,CHEMBL276327
DEC_2073,decoy,CC(O)c1cc(C(C)(C)C)c2c(c1)C(C)(C)CO2,CHEMBL13785
DEC_3099,decoy,CC(C)CCCC(C)C1CCC2C3C(CC[C@]12C)[C@@](C)(CCC(=O)O)C(=O)C[C@@H]3C,CHEMBL35344
ACT_018,active,Cc1oc(-c2ccc(Cl)cc2)cc1-c1nn2c(-c3ccoc3C)nnc2s1,CHEMBL1452952
DEC_3005,decoy,CN(C)c1cccc2c(S(=O)(=O)Nc3cnc(Cl)cn3)cccc12,CHEMBL6553
DEC_1249,decoy,CC(C)Cc1noc2c(Cl)c3c(cc12)CC(C(=O)O)O3,CHEMBL9350
DEC_0381,decoy,Clc1ccc(Cl)c(NC2=NCCN2)c1Cl,CHEMBL275119
DEC_3186,decoy,Fc1ccc(-c2c(-c3ccncc3)nc3n2CCS3)cc1,CHEMBL266707
DEC_1652,decoy,N#Cc1ccc2cc1Oc1ccc3cccc(c3c1)NC(=O)[C@@H](Cc1cccnc1)NCc1cncn1C2,CHEMBL52859
DEC_3844,decoy,Brc1ccc(C2(Cn3ccnc3)OCC(c3ccccc3)O2)cc1,CHEMBL30036
DEC_3879,decoy,CCc1cccc2c3c([nH]c12)C(CC)(CC(=O)O)OCC3,CHEMBL622
DEC_3230,decoy,O=C(O)c1cn(C2CC2)c2cc(N3CCNCC3)c(F)cc2c1=O,CHEMBL8
DEC_1263,decoy,CC(C)c1ccc(C(c2ccns2)N2CCNCC2)cc1,CHEMBL23010
DEC_1837,decoy,Cc1ccc(Sc2cncc3sc(C(=N)S)cc23)cc1,CHEMBL266429
DEC_0665,decoy,CCc1c2c(nc3ccc(OC(=O)N4CCC(N5CCCCC5)CC4)cc13)-c1cc3c(c(=O)n1C2)COC(=O)C3(O)CC,CHEMBL10456
DEC_0021,decoy,O=S1(=O)c2cccc3cccc(c23)N1CCN1CCC(Cc2c[nH]c3cccc(F)c23)CC1,CHEMBL275354
DEC_4329,decoy,Clc1cc2nc(C3CCNCC3)n(CCCCCN3Cc4ccccc4C3)c2cc1Cl,CHEMBL283548
DEC_0315,decoy,C=Cc1ccnc2c(NC(C)CCCN)cc(OC)c(Oc3cccc(C(F)(F)F)c3)c12,CHEMBL39208
DEC_0703,decoy,O=C1CCc2cc3c(c4c5ccc(Cl)cc5n1c24)CCNC3,CHEMBL23215
DEC_4409,decoy,COc1ccccc1N1CCN(CCN2C(=O)CC3(CCCC3)CC2=O)CC1,CHEMBL13647
DEC_3531,decoy,Cc1cc(Br)cc(-c2ccc3c(c2)C(C)(C)OC(S)=N3)c1,CHEMBL26764
DEC_0518,decoy,O=C1CCN(c2cc3c(cc2F)c(=O)c(C(=O)O)cn3-c2ccc(F)cc2F)C1,CHEMBL29120
DEC_1947,decoy,COc1ccc(OC(=O)Nc2cccc(S(=O)(=O)N3Cc4ccccc4C[C@@H]3C(=O)NO)c2)cc1,CHEMBL418099
DEC_3690,decoy,O=c1c2c(oc(O)c1C(c1cccc(NS(=O)(=O)c3ccc(C(F)(F)F)c(C(F)(F)F)c3)c1)C1CC1)CCCCCC2,CHEMBL276737
DEC_4517,decoy,COc1c2occc2c(CN(C(C)C)C(C)C)c2ccc(=O)oc12.Cl,CHEMBL267372
DEC_1404,decoy,c1ccc(CCOCCOc2ccc([C@H]3CCNC[C@@H]3OCc3ccc4ccccc4c3)cc2)cc1,CHEMBL31587
DEC_4702,decoy,Brc1cccc2[nH]c3c(c12)CCNC3,CHEMBL6426
DEC_1049,decoy,O=C(CI)N[C@@H]1CCC2C3Cc4ccc(O)c5c4C2(CCN3CC2CC2)[C@H]1O5,CHEMBL441013
DEC_3576,decoy,CCCCNC(=O)COC1CCN(c2nc(N)c3cc(OC)c(OC)cc3n2)CC1,CHEMBL6481
DEC_4294,decoy,O=C(Cn1ccnc1)c1cccc2c1Cc1ccccc1-2,CHEMBL430556
DEC_1459,decoy,CSc1sc(C(=N)N)cc1-c1nc(-c2ccccc2)c(C)s1,CHEMBL29268
DEC_1470,decoy,N#Cc1ccc(Cn2ccnc2)cc1Oc1cccc(Nc2ccccc2)c1,CHEMBL25606
DEC_1937,decoy,COc1cc(NC(=O)NNC(=O)Cn2c(C3CCNCC3)nc3cc(Cl)c(Cl)cc32)cc(OC)c1,CHEMBL279965
DEC_0796,decoy,Cc1sc2c(c1C(C)C)C(N1CCN(C)CC1)=Nc1cc(F)ccc1N2,CHEMBL14427
DEC_2680,decoy,COc1cc2c(c(OC)c1OC)-c1ccc(SC)c(=O)cc1C(NC(=O)N(C)N=O)CC2,CHEMBL287490
DEC_3199,decoy,C#Cc1cccc(Oc2cc(Cn3ccnc3)ccc2C#N)c1,CHEMBL22080
DEC_0397,decoy,CCC1CN2CCC1CC2C(O)c1ccnc2ccccc12,CHEMBL428695
DEC_0707,decoy,CC1(C)OC(S)=Nc2ccc(-c3cccc(C#N)c3)cc21,CHEMBL280613
DEC_0344,decoy,CCCN(CCC)CCc1cccc2nc(O)sc12,CHEMBL418548
DEC_3726,decoy,Cc1ccc(S(=O)(=O)C2(CC#Cc3cccc(Cl)c3)SC(=O)NC2=O)cc1,CHEMBL276877
DEC_3268,decoy,C=CC(=O)Nc1nc2c(Nc3ccc(F)c(Cl)c3)ncnc2cc1CCCCN1CCOCC1,CHEMBL281543
DEC_3370,decoy,Cc1nccc2c1[nH]c1cc(OCCC3(C)OCC(C)(C)CO3)ccc12,CHEMBL14425
DEC_2803,decoy,CC(/C=C/C(=O)C1=C(O)CN(C)C1=O)=C\c1ccnc2ccccc12,CHEMBL10387
DEC_3432,decoy,CC(C)=C(c1ccccc1OCc1ccc(Cl)cc1Cl)n1ccnc1,CHEMBL286273
DEC_0695,decoy,CC(=O)N1[C@@H](C(=O)NCC(=O)O)CC(=O)c2ccccc2N(Cc2ccccc2)C(=O)[C@@H]1CC12CC3CC(CC(C3)C1)C2,CHEMBL324367
DEC_0673,decoy,Cc1c2ccnc(C(=O)NCCN(C)C)c2cc2c3cc(OC(=O)N4CCC(N5CCCCC5)CC4)ccc3n(C)c12,CHEMBL70664
DEC_1460,decoy,O=C1Nc2ccc(F)c(F)c2C(OCC=C(Cl)Cl)(C(F)(F)F)O1,CHEMBL17662
DEC_3235,decoy,CN1C[C@H](CN2CC(=O)NC2=O)C[C@@H]2c3cccc4[nH]cc(c34)C[C@H]21,CHEMBL13588
DEC_3775,decoy,CCCc1ccc(S(=O)(=O)N[C@@H](CC#Cc2ccc(NC)cc2)C(=O)N(C)C2CCCC2)cc1,CHEMBL553108
DEC_1891,decoy,CCCc1c(O)n(C(C)c2ccccc2)c2nc3c(c(=O)n(C)c(=O)n3C)n2c1=O,CHEMBL13107
DEC_3773,decoy,CN(C(=O)[C@H](CC#Cc1ccc(N)cc1)NS(=O)(=O)c1ccc2ccccc2c1)C1CCCC1,CHEMBL8122
DEC_0984,decoy,CC1CN(c2cc3c(cc2F)c(=O)c(C(=O)O)cn3C(C)(C)C)CCN1,CHEMBL15164
DEC_4544,decoy,Cc1c(-c2ccccc2)cnn1C1CCN(Cc2cccc(C#N)c2)CC1,CHEMBL24052
DEC_1656,decoy,Cc1ccc(/C=C2\CSCC3C2=NN(CCCN2CCN(C)CC2)C3c2ccc(C)cc2)cc1,CHEMBL38292
DEC_3877,decoy,O=S1NC(Cc2coc3c(Cl)cc(Cl)cc23)=NO1,CHEMBL17375
DEC_2182,decoy,COC(=O)[C@@]1(O)C[C@H]2O[C@]1(C)n1c3ccc(CSC(C)C)cc3c3c4c(c5c6cc(CSC(C)C)ccc6n2c5c31)C(=O)NC4,CHEMBL288816
DEC_1850,decoy,CCC1(CC)O[C@@H]2[C@@H](CO[C@@]3(COS(N)(=O)=O)OC(CC)(CC)O[C@@H]23)O1,CHEMBL25907
DEC_4112,decoy,COOC1(OOC)CCCCCCCCCCC1,CHEMBL282791
DEC_0481,decoy,C=C(C)CCN(C1=NCCN1)c1c(Br)cccc1Br,CHEMBL20490
DEC_2607,decoy,NCC12NC(Cc3ccccc31)c1ccccc12,CHEMBL11118
DEC_0158,decoy,Cc1cn(C2OC(COC(c3ccccc3)(c3ccccc3)c3ccccc3)C(N=[N+]=[N-])C2F)c(=O)[nH]c1=O,CHEMBL296496
DEC_0453,decoy,CC(C)(C)C#CC1=C(c2ccc(S(C)(=O)=O)cc2)CCC1=O,CHEMBL436539
DEC_1776,decoy,Cc1cc(Cc2cnc(N)nc2N)cc(C(C)(C)C)c1O,CHEMBL23384
DEC_0383,decoy,Nc1ccc(OC23CC4CC5C6CC(CC52)CC3C6C4)cc1,CHEMBL12197
DEC_0482,decoy,CC(C)=CCN(C1=NCCN1)c1c(Br)cccc1Br,CHEMBL21171
ACT_059,active,CN1c2ccccc2C2(C)CCCC3Cc4cc(Br)cc(Br)c4OC312,CHEMBL4750790
DEC_1705,decoy,CCC(CCOC)n1c(COC)nc2c(-c3ccc(C(F)(F)F)cc3Cl)ccnc21,CHEMBL280665
DEC_1786,decoy,Cc1[nH]c(C)c(C(=O)OC2CCN(C)CC2)c1C,CHEMBL287892
DEC_4438,decoy,CCN(CC)C(=O)N(C)c1sc2c(c1C(=O)c1ccccc1Cl)CCN(C(C)=O)C2,CHEMBL290136
DEC_0073,decoy,CC(C)(C)C1CSC(C2=CC(=O)C(Br)=CC2=[N+]=[N-])SC1,CHEMBL31975
DEC_2670,decoy,CO[C@]1(c2cc(F)cc(S(=O)(=O)c3ccc(/C(C)=N/OCC#N)cc3)c2)CCO[C@@H](C)C1,CHEMBL422226
DEC_0425,decoy,Clc1cc(N=NN2CCCC2)cc(Cl)c1NC1=NCCN1,CHEMBL22073
DEC_1741,decoy,Cc1cc(-c2c(F)cc3c(=O)c(Cc4ccc(N)cc4)cn(C4CC4)c3c2F)cc(C)n1,CHEMBL7564
DEC_1931,decoy,COC(OC)[C@]1(C)Oc2ccc(N)cc2[C@@H](N(Cc2ncc[nH]2)c2ccc(C(F)(F)F)cc2)[C@@H]1O,CHEMBL43098
DEC_0892,decoy,CCCCn1c(=O)c2c(ncn2S(=O)(=O)c2c(C)cc(C)cc2C)n(CCCC)c1=O,CHEMBL282923
DEC_3599,decoy,COc1cc2nc(N3CCC(CC(=O)NCC4CC4)CC3)nc(N)c2cc1OC,CHEMBL269537
DEC_4140,decoy,Cc1ccc(C(c2ccns2)N2CCN(C)CC2)cc1,CHEMBL418563
DEC_3489,decoy,CC(C)c1cc2ccccn2c1S(=O)(=O)c1ccc(OCCCNC(C)(C)C)cc1,CHEMBL33560
DEC_2960,decoy,CC(/N=c1\c(O)c(O)\c1=N/c1ccc(CC#N)cc1)C(C)(C)C,CHEMBL18859
DEC_3169,decoy,Cc1ccc(Cn2cnc3c(N(C)C)nc(C(F)(F)F)nc32)cc1,CHEMBL283830
DEC_2454,decoy,Clc1cccc(C2(Cn3ccnc3)OCC(c3ccc(Cl)cc3Cl)O2)c1,CHEMBL282392
DEC_1548,decoy,Brc1ccc2c3c([nH]c2c1)CNCC3,CHEMBL441891
DEC_4318,decoy,Cn1cncc1C(OCc1ccc(C#N)cc1-c1cc(Cl)cc(Cl)c1)c1ccc(C#N)nc1,CHEMBL289844
DEC_1636,decoy,O=C1[C@@H](NS(=O)(=O)c2ccc(-c3ccc(Cl)s3)s2)CCN1CCNc1ccncc1,CHEMBL8188
DEC_3367,decoy,CCS(=O)(=O)c1ccc(OC)c(-c2ccc(CN3CCCCCC3)[nH]2)c1,CHEMBL279039
DEC_4223,decoy,CCc1nn(Cc2ccc(-c3ccccc3-c3nn[nH]n3)cc2)/c(=N/C(=O)C2CC2)s1,CHEMBL34190
DEC_2072,decoy,C/N=C(/S)[C@]1(c2cccnc2)CCCC[S@@+]1[O-],CHEMBL275459
DEC_1253,decoy,N=C(Cc1ccccc1)Nc1nnc(Cc2ccccc2)s1,CHEMBL273864
DEC_4404,decoy,COc1ccnc(C[S+]([O-])c2nc3cc4c(cc3[nH]2)OC(F)(F)O4)c1C,CHEMBL9539
DEC_3794,decoy,CCCCN(Cc1ccc(-c2ccccc2-c2nn[nH]n2)cc1)c1ncnc2c1nc([S+](C)[O-])n2C,CHEMBL51987
DEC_0952,decoy,CC(C)C1CCC(N2CCC(N3C(=O)N[C@@H]4CCCC[C@H]43)CC2)CC1,CHEMBL286411
DEC_0931,decoy,Clc1ccc(C(c2ccc(-n3cccc3)cc2)n2ccnc2)cc1,CHEMBL282067
DEC_4264,decoy,C#CCCCC(=O)c1cc2c(c(C(C)(C)C)c1)OCC2,CHEMBL14518
DEC_0467,decoy,O=C1/C(=N/c2ccc(O)cc2)C(Cl)=C(O)c2ccncc21,CHEMBL11644
DEC_3882,decoy,CCC(C)(C)/N=c1\c(O)c(O)\c1=N/Cc1c(C)cccc1C,CHEMBL20179
DEC_0602,decoy,Cc1cccc2c1OP(=O)(OCC1C[C@@H](F)C(n3cnc4c(O)ncnc43)O1)OC2,CHEMBL42467
DEC_4667,decoy,NC1=NC(c2cccs2)Cc2ccsc21,CHEMBL8041
DEC_4548,decoy,CN(C)CCC1=C(c2ccc(C(C)(C)C)cc2)N2CCCN=C2c2ccccc21,CHEMBL427636
DEC_1874,decoy,O=C1C2C3C=CC(C4C=CC43)C2C(=O)N1CCCCN1CCN(c2ncccn2)CC1,CHEMBL287168
DEC_0375,decoy,O=NN(CCCl)C(=O)NC12CC3CC(CC(C3)C1)C2,CHEMBL12701
DEC_1862,decoy,Cc1cc(C)c2c(c1)COP(=O)(OCC1C=CC(n3cc(C)c(=O)[nH]c3=O)O1)O2,CHEMBL31131
DEC_2420,decoy,CN[C@H]1CCc2cc(OC)c(OC)c(OC)c2-c2ccc(SC)c(=O)cc21,CHEMBL19531
DEC_2874,decoy,Cc1cc2c(cc1C(F)(F)F)N(C(=O)Nc1ccc(Oc3cccnc3C)nc1)CC2,CHEMBL14460
DEC_0817,decoy,S=C=Nc1ccc(-c2noc(CCc3ccccc3)n2)cc1,CHEMBL280936
DEC_0060,decoy,CCOc1c(Cl)c(OC)nc(C(Cl)(Cl)Cl)c1Cl,CHEMBL269391
DEC_3903,decoy,NCCC/N=C(\S)Nc1c(Cl)cccc1Cl,CHEMBL285047
DEC_2556,decoy,O=P1(N(CCCl)CCCl)OCCCN1O,CHEMBL557134
ACT_005,active,C[C@@H]1Cc2c(ccc3[nH]nc(F)c23)[C@@H](c2ncc(NC3CN(CCCF)C3)cc2F)N1CC(F)(F)F,CHEMBL4754652
DEC_4245,decoy,CSc1ccc(C2=C(c3ccc(S(C)(=O)=O)cc3)C(C)(O)OC2=O)cc1,CHEMBL277118
DEC_4319,decoy,Cn1cncc1C(OCc1ccc(C#N)nc1-c1cc(Cl)cc(Cl)c1)c1ccc(C#N)cc1,CHEMBL41268
DEC_1224,decoy,CCN(c1nc(C)cc(-c2ccccc2C(F)(F)F)n1)c1c(Br)cc(N(C)C)cc1OC,CHEMBL10015
DEC_2964,decoy,CC(CS)C(=O)N(CC(=O)O)CC1CCCCC1,CHEMBL23502
DEC_4603,decoy,O=C1CCC(c2ccccc2)(C2CCN(Cc3ccccc3Br)CC2)C(=O)N1,CHEMBL274552
DEC_1530,decoy,C=CCNC(=O)O[C@H]1CC[C@@](CNC(=O)c2cccnc2OC)(c2ccccc2)CC1,CHEMBL280052
DEC_4579,decoy,O=S1(=O)c2cccc3cccc(c23)N1CCCN1CC=C(c2c[nH]c3ccc(O)cc23)CC1,CHEMBL19652
DEC_2345,decoy,Cc1c(F)c(N2C[C@H](N)[C@H]2C)nc2c1c(=O)c(C(=O)O)cn2-c1ccc(F)cc1F,CHEMBL19756
DEC_0772,decoy,CN(C)c1ccc2c(c1)Sc1cc(N(C)C)ccc1N2C(=O)c1ccccc1,CHEMBL275177
DEC_4059,decoy,c1cc(CN2CCC(C3=NCCN3)CC2)ccc1CN1CCC(C2=NCCN2)CC1,CHEMBL10637
DEC_1364,decoy,CNc1ncnc2c1ncn2Cc1cc(F)ccc1F,CHEMBL6787
DEC_4001,decoy,NS(=O)(=O)CC/N=C(\S)Nc1c(Cl)cccc1Cl,CHEMBL32843
DEC_2058,decoy,O=S1NC(CC2=Cc3ccccc3CC2)=NO1,CHEMBL17355
ACT_027,active,C[C@H](c1ccc(F)cc1)N1C(=O)O[C@](Cc2ccc(F)cc2)(C(=O)NCc2ccc(Cl)c(Cl)c2)C1=O,CHEMBL2407651
DEC_3617,decoy,CCc1nc(N)nc(N)c1-c1ccc(Cl)c(Cl)c1,CHEMBL21799
DEC_1196,decoy,CCOC(=O)N[C@@H](c1cccc(F)c1)[C@@H](O)C(=O)OC1CC2C(C)(C)C1(C)[C@@]13C[C@H](C)c4ccccc4[C@@]21O3,CHEMBL287108
DEC_3462,decoy,CCN(CC)CCOc1cccc(/C=C(\C#N)c2noc3ccc(Cl)cc23)c1,CHEMBL279452
DEC_2305,decoy,CN(Cc1ccc(S(=O)(=O)N2CCOCC2)cc1)c1ccc2c3c(cccc13)C(N)=N2,CHEMBL9440
DEC_0814,decoy,Cc1ccc(C(c2cc(C)ns2)N2CCN(C)CC2)cc1,CHEMBL22849
DEC_2687,decoy,COc1cccc2c1CC[C@H]1CN(CCn3c(=O)[nH]c4c(sc5cccc(C)c54)c3=O)C[C@@H]21,CHEMBL39037
DEC_2086,decoy,CC(C)C(C)/N=c1\c(O)c(O)\c1=N/c1ccc(C#N)cc1,CHEMBL18639
DEC_4299,decoy,c1ccn2ncc(CN3CCN(C4CCCCC4)CC3)c2c1,CHEMBL268190
DEC_0839,decoy,N#CCCNC(=S)Nc1c(Cl)cccc1Cl,CHEMBL284822
ACT_095,active,Cc1cc(C(=O)CSc2nnc(-c3ccccc3F)o2)c(C)n1Cc1cccs1,CHEMBL1561092
DEC_4433,decoy,CCc1cc(OCc2ccc(-c3ccccc3-c3nn[nH]n3)cc2)c(C(=O)OC)c(CC)n1,CHEMBL432459
DEC_1960,decoy,Oc1cc(C(F)(F)F)c2cc3c(cc2n1)NCCC3c1cc(C(F)(F)F)cc(C(F)(F)F)c1,CHEMBL285602
DEC_4235,decoy,CCCCNC(=O)N1N=C(c2ccc(N)cc2)c2cc3c(cc2CC1C)OCO3,CHEMBL9043
DEC_3735,decoy,COc1cc2c(cc1OC)[C@H]1C(=O)c3ccc4c(c3O[C@@H]1CO2)Cc1cc(C(C)C)oc1C4,CHEMBL297612
DEC_3027,decoy,C=C(c1c(C)c(C)cc(Cl)c1OCC(O)CNC(C)(C)C)n1ccnc1,CHEMBL275812
DEC_3053,decoy,CCOc1ccc2c(c1)SC1N(CC3CC3)C(=O)C(CC)C(=O)N21,CHEMBL285357
DEC_0421,decoy,CC12CC3(C)CC(C)(C1)CC(NC(=O)N(CCCl)N=O)(C2)C3,CHEMBL11985
DEC_3359,decoy,CC(=N)N1CC[C@H](Oc2ccc(CCc3cc4cc(C(=N)N)ccc4o3)cc2)C1,CHEMBL19368
DEC_1211,decoy,CC=C(c1cc(Br)c(OC)c(C(=O)OC)c1)c1cc(Br)c(OC)c(C(=O)OC)c1,CHEMBL304269
DEC_1153,decoy,Nc1nc(N)c2c(/C=C/c3ccc4ccccc4c3)cccc2n1,CHEMBL6823
DEC_0799,decoy,Cc1nccn1-c1ccc(C2=CCCn3c2cnc3C)cc1,CHEMBL27771
DEC_0286,decoy,CC(C)CC/N=C(\N)c1ccc(-c2ccc(-c3ccc(/C(N)=N/CCC(C)C)cc3)o2)cc1,CHEMBL281446
DEC_0645,decoy,CC1(C)NC(c2ccc(-c3nc(-c4ccc(F)cc4)c(-c4ccncc4)[nH]3)cc2)=NO1,CHEMBL17339
DEC_3943,decoy,CCC(CC)C(=O)c1c[nH]c([C@H](Cc2ccccc2)C[C@H](O)[C@H](Cc2ccccc2)NC(=O)OC(C)(C)C)n1,CHEMBL83739
DEC_4075,decoy,Cc1ccc(C)n1Nc1nnc(N2CCC(O)CC2)c2ccccc12,CHEMBL274215
DEC_1034,decoy,CCO/C(O)=C1\C(COCCN2CC(=O)N=C2N)=NC(C)=C(C(=O)OC)C1c1ccccc1Cl,CHEMBL300872
DEC_1697,decoy,CC(C)Sc1ccc(CC2CCN(C3CCN(C(=O)c4ccnc5ccccc45)CC3)CC2)cc1,CHEMBL11794
DEC_2866,decoy,CCN(CC)c1nc(C)nc2c1sc(=S)n2-c1ccc(C(C)C)cc1Br,CHEMBL18029
DEC_3172,decoy,Cc1ccc(Cn2cnc3c(N(C)C)nc(Cl)nc32)cc1,CHEMBL416937
DEC_3410,decoy,Clc1ccc2c(c1)-n1cccc1C(c1ccccc1)(c1ccccc1)S2,CHEMBL26442
DEC_2053,decoy,CCCCc1nc2c([nH]1)N1C(=N[C@@H]3CCC[C@@H]31)N(C)C2=O,CHEMBL18474
DEC_4316,decoy,Clc1ccc(C2(Cn3ccnc3)OCC(CCc3ccc(-c4ccccc4)cc3)O2)c(Cl)c1,CHEMBL30089
DEC_4499,decoy,CC(=N)Nc1nnc(-c2ccccc2-c2ccccc2)s1,CHEMBL12058
DEC_1921,decoy,C=C[C@@]1(C)CC(=O)[C@]2(O)C3(C)C(C(O)C(OC(=O)Cn4cnc5ccccc54)[C@@]2(C)O1)C(C)(C)CC[C@@H]3O,CHEMBL54862
DEC_4706,decoy,CN[C@@H]1CC[C@@H](c2ccccc2)c2ccccc21,CHEMBL38120
DEC_2070,decoy,CC(C)(C)/N=c1\c(O)c(O)\c1=N/Cc1cc(F)ccc1F,CHEMBL19775
DEC_1071,decoy,O=C(CC1CCc2cc(Br)cc3[nH]c(=O)c(=O)n1c23)Nc1ccc(C(F)(F)F)cc1,CHEMBL39920
DEC_3659,decoy,CC(C)(Sc1cc(C(C)(C)C)c(O)c(C(C)(C)C)c1)Sc1cc(C(C)(C)C)c(OC(=O)CO)c(C(C)(C)C)c1,CHEMBL86083
DEC_3142,decoy,CN(O)C(=O)/C=C/c1ccc2c(c1)Nc1ccccc1O2,CHEMBL12361
DEC_3990,decoy,CC(=O)c1c(O)n(O)c2cc(NC(=O)c3cnc4ccccc4n3)ccc12,CHEMBL280445
DEC_1642,decoy,N[C@H](C(=O)N1CC[C@@H](F)C1)[C@H]1CC[C@H](NS(=O)(=O)c2ccc(OC(F)(F)F)cc2)CC1,CHEMBL281561
DEC_2478,decoy,NS(=O)(=O)c1ccc(-n2nc(C(F)(F)F)cc2-c2ccccc2Cl)cc1,CHEMBL29533
DEC_4547,decoy,C=C(c1ccc(Cl)cc1OCc1ccc(Cl)cc1)n1ccnc1,CHEMBL27641
DEC_1629,decoy,O=C(Cn1c(Cl)cnc(NCC(F)(F)c2cccc[n+]2[O-])c1=O)NCc1ncccc1Cl,CHEMBL29019
DEC_0443,decoy,C=CCCOC1(C(F)(F)F)OC(=O)Nc2ccc(Cl)cc21,CHEMBL278961
DEC_2094,decoy,CSC1=NC(=O)C2(CC(C)(C)Oc3ccccc32)N1,CHEMBL440288
DEC_3187,decoy,CCC(=O)N(c1ccc(Cl)c(C)c1)C1CCCC1N(C)C,CHEMBL22177
DEC_2485,decoy,CC(=O)OC[C@]1(C)CCC[C@@]2(C)C1[C@H](O)CC1C[C@H](OC(C)=O)[C@@]3(C)CC[C@]12C3,CHEMBL9029
DEC_0163,decoy,O=S(=O)(c1cccc2nonc12)N1Cc2ccccc2N(Cc2c[nH]cn2)C(CCc2ccccc2)C1,CHEMBL269156
DEC_1777,decoy,CN1CCc2c1nc1cc(Br)ccc1c2N,CHEMBL285597
DEC_0359,decoy,CCCCCC(C)(O)c1cccc(OCc2ccccn2)c1,CHEMBL8440
DEC_2557,decoy,O=NN(CCCl)C(=O)NC1CCC(C(=O)O)CC1,CHEMBL12920
DEC_1700,decoy,FC(F)Oc1ccc(C(Cc2ccncc2)c2ccc(Cl)cc2)cc1OC(F)F,CHEMBL285895
DEC_4463,decoy,CSc1nc(-c2ccc(F)cc2)c(-c2ccc(F)cc2)[nH]1,CHEMBL17892
DEC_2112,decoy,CCCN(CC1CC1)c1nc(C)nc2c1sc(=O)n2-c1c(C)cc(C)cc1C,CHEMBL18590
DEC_3009,decoy,CC1CN(c2cc3c(cc2F)c(=O)c(C(=O)O)cn3C2CCC2)CCN1,CHEMBL274980
DEC_3687,decoy,Cc1coc2c(O)cc3c(c12)[C@H](CCl)CN3C(=O)c1cc2cc(NC(=O)c3cc4ccccc4s3)ccc2s1,CHEMBL80286
DEC_1239,decoy,CCCC(CCC)c1nc2c([nH]1)N1C(=N[C@@H]3CCC[C@@H]31)N(C)C2=O,CHEMBL280307
DEC_1906,decoy,COc1cc(O)c2c(c1C)C(=O)CCCCC/C(S)=N/[C@H](c1nc(NC(=O)[C@H](C)N)no1)CSC2,CHEMBL36898
DEC_4276,decoy,CN(C)C/C=C(\c1ccncc1)c1ccc(Cl)cc1,CHEMBL37216
DEC_1302,decoy,CCCC(=O)c1cc(C(C)(C)C)c2c(c1)C(C)(C)CS2,CHEMBL14767
DEC_0485,decoy,CCCc1cc(=O)oc2c3c(c4c(c12)OC(C)(C)C=C4)OC(C)(C)[C@H](C)[C@@H]3O,CHEMBL266050
DEC_2088,decoy,Cc1cnc2c(c1)[C@@H]1c3cc(O)c(O)cc3CC[C@H]1NC2,CHEMBL275379
DEC_1617,decoy,CCS(=O)(=O)c1ccc2c(c1)/C(=C/c1[nH]c3c(c1CCCN1CCOCC1)CCCC3)C(=O)N2,CHEMBL57863
DEC_2811,decoy,CC1CC/C(=N\Nc2ccc(C3CC3)cc2)c2ncc(C(=O)O)c(=O)n21,CHEMBL14890
DEC_2933,decoy,C/C=C(\NC(=O)CCCCCBr)C(=O)O,CHEMBL274526
DEC_1233,decoy,O=NN(CCCl)C(=O)NC1CCC(Br)CC1,CHEMBL275279
DEC_2889,decoy,Cc1cc(-c2noc(C(F)(F)F)n2)cc(C)c1OCCCc1cccc(F)n1,CHEMBL434962
DEC_3615,decoy,CCC[C@@H]1CCc2cc3c(C(F)(F)F)cc(O)nc3cc2N1,CHEMBL268569
DEC_2178,decoy,O=C(CBr)Nc1ccc(Cn2c3c(c4ccccc42)C[C@@]2(O)C4Cc5ccc(O)c6c5C2(CCN4CC2CC2)[C@H]3O6)cc1,CHEMBL27488
DEC_3014,decoy,O=C1NCN(c2ccccc2)C12CCN(C1CCc3ccccc3C1)CC2,CHEMBL26999
DEC_0728,decoy,c1ccc2c(c1)Oc1ccccc1C2NC1CN2CCC1CC2,CHEMBL277226
DEC_1808,decoy,N#Cc1ccc(-c2ccc3c(c2)C2(CCCCC2)C(S)=N3)s1,CHEMBL417475
DEC_0554,decoy,CCOc1ccc2c(C(=O)N3CCC(N4CCC(Cc5ccc(SC(C)C)cc5)CC4)CC3)cccc2c1,CHEMBL12064
DEC_2271,decoy,COc1cc(CN[C@H]2CCc3cc(OC)c(OC)c(OC)c3-c3ccc(SC)c(=O)cc32)cc(OC)c1,CHEMBL289240
DEC_1767,decoy,CN(C)C1CCc2[nH]c3c(ccc4[nH]ccc43)c2C1,CHEMBL36349
DEC_0276,decoy,O=C(O)CCC/C=C/C[C@@H]1[C@@H](COCc2ccccc2)C2CC1(CCc1ccccc1)CO2,CHEMBL274539
DEC_0470,decoy,CC(C)(C)C1CS(=O)(=O)C(c2c(F)c(F)c(N=[N+]=[N-])c(F)c2F)S(=O)(=O)C1,CHEMBL31286
DEC_1476,decoy,CCCc1cc2c(cc1O)C(C)(C)C(CCc1ccc(SC)cc1)O2,CHEMBL24632
DEC_4630,decoy,COc1ccccc1OCC(O)CN1CCC2(CC1)CN(CCc1ccccc1)C(=O)O2,CHEMBL24951
DEC_2863,decoy,CCN1CCCC(Nc2nc(Nc3cc(Cl)cc(Cl)c3)nc3cc(Cl)ccc23)C1,CHEMBL31693
DEC_2302,decoy,Cc1ccc(C2(c3ccc(C)cc3)CC(=O)N(CC(O)CN3CCC(C#N)(c4ccccc4C)CC3)C2=O)cc1,CHEMBL62249
DEC_4423,decoy,CCCCCCCCCOc1ccc2c3c1OC1C(O)C=CC4C(C2)N(C)CCC341,CHEMBL281556
DEC_0546,decoy,CCCCCCCCCCCSc1nc(O)cc(Cc2cccc3ccccc23)n1,CHEMBL36078
DEC_3001,decoy,O=C1C(Cl)=C(Nc2ccc(CCO)cc2)C(=O)c2cnccc21,CHEMBL11269
DEC_0923,decoy,CCCC(C)n1c(CC)nc2c(-c3ccc(Cl)cc3C)nccc21,CHEMBL25132
DEC_4293,decoy,O=C1c2ccccc2C(=O)C1c1cccc2ccccc12,CHEMBL280343
DEC_3664,decoy,Cc1cc(C)cc(C(=O)N2CC[C@H](NCc3ccnc4ccccc34)C[C@H]2Cc2cc(Br)cc(Br)c2)c1,CHEMBL102887
DEC_0256,decoy,CCN1C(=O)N(C2CCN(C3CCCCCCC3)CC2)[C@@H]2CCCC[C@H]21,CHEMBL26464
DEC_2067,decoy,O=S1NC(Cc2coc3c(Cl)cccc23)=NO1,CHEMBL18032
DEC_2718,decoy,CC1(C)CC[C@]2(C(=O)O)CC[C@]3(C)C(C(=O)C[C@@H]4[C@@]5(C)C=CC(=O)C(C)(C)[C@@H]5CC[C@]43C)C2C1,CHEMBL296070
DEC_2841,decoy,COc1ccc2c3c1OC1[C@H]4OC[C@@]4(CCc4ccccc4)CC4C(C2)N(CC2CC2)CCC341,CHEMBL10111
DEC_0693,decoy,Oc1ccc2c3c1O[C@H]1c4c(c5ccccc5n4Cc4c(F)c(F)c(F)c(F)c4F)C[C@@]4(O)[C@@H](C2)N(CC2CC2)CC[C@]314,CHEMBL56873
DEC_3013,decoy,FC(F)(F)COc1ccc(Cc2ccc(NC3=NCCN3)cc2)cc1,CHEMBL9345
DEC_0660,decoy,COC(=O)c1c(C(F)(F)F)[nH]c2c(O)cc3c(c12)[C@H](CCl)CN3C(=O)c1cc2cc(OC)c(OC)c(OC)c2o1,CHEMBL32785
DEC_0738,decoy,CC1(C)CC(=O)n2c3cccc(O)c3c3c4c(cc1c32)CNCC4,CHEMBL287096
DEC_2658,decoy,CN1CCN(CCCN2N=C3/C(=C/c4ccccc4)CS(=O)(=O)CC3C2c2ccccc2)CC1,CHEMBL34662
DEC_1664,decoy,CC(=O)n1cc(C2=CCN(CCCN3c4cccc5cccc(c45)S3(=O)=O)CC2)c2ccccc21,CHEMBL279414
DEC_1174,decoy,CC[C@H]1Nc2cc3nc(O)cc(C(F)(F)F)c3cc2C[C@H]1C,CHEMBL7089
DEC_2177,decoy,CC1=NC(C)=C(C(=O)OCCCN2C(=O)c3ccccc3S2(=O)=O)C(c2cccc(Cl)c2Cl)/C1=C(\O)OC(C)(C)C,CHEMBL81433
DEC_2688,decoy,O=S(=O)(c1cccs1)N1Cc2ccccc2N(Cc2c[nH]cn2)C(CCc2ccccc2)C1,CHEMBL266958
DEC_3363,decoy,N#CNC(=N)Cc1ccc(-c2nc(-c3ccncc3)c(-c3ccc(F)cc3)[nH]2)cc1,CHEMBL17148
DEC_1208,decoy,OC1(c2ccc(Cl)cc2)CCN(CCCn2c3c(c4ccccc42)CCN(CCc2ccccn2)C3)CC1,CHEMBL12491
ACT_054,active,CCN=c1ccc(Br)cc(C(=O)/C=C/c2ccccc2Cl)c1O,CHEMBL1570364
DEC_2179,decoy,C=C(C)[C@@H]1CC[C@]2(C(=O)N[C@H](C(=O)OC)N3CCCC3C(=O)OC)CC[C@]3(C)[C@H](CC[C@@H]4[C@@]5(C)CC[C@H](O)C(C)(C)[C@@H]5CC[C@]43C)[C@@H]12,CHEMBL277544
DEC_3580,decoy,CCOc1ccnc(N2CCN(c3cc(N)c4cc(OC)c(OC)cc4n3)CC2)n1,CHEMBL8603
DEC_1706,decoy,CCN(CC)CC#CCCC1(C(O)(c2ccccc2)C2CCCC2)SCCCS1,CHEMBL39146
DEC_3337,decoy,COP(=O)(Nc1ccc(Nc2c3ccccc3nc3cc(Br)ccc23)cc1)OC,CHEMBL9848
DEC_4365,decoy,CC(C)c1ccc(C(c2ccns2)N2CCN(CCO)CC2)cc1,CHEMBL279252
DEC_1529,decoy,c1cc(OCc2cccc(OCc3nn[nH]n3)c2)cc(OCc2ccc3ccccc3n2)c1,CHEMBL417271
DEC_4498,decoy,CC(C)(C)C#C/C=C/CNc1cccc2ncccc12,CHEMBL422402
DEC_0118,decoy,N#Cc1cccc(-c2ccc3c(c2)C2(CCCCC2)OC(S)=N3)c1,CHEMBL24922
DEC_4040,decoy,CC(C)C[C@@H](COC1CC(=O)N1)NC(=O)[C@@H](NC(=O)OC(C)(C)C)C(C)(C)C,CHEMBL32936
DEC_1806,decoy,CCCCN1Cc2sccc2C(c2ccc(Cl)cc2)C1,CHEMBL277345
DEC_1692,decoy,O=S1(=O)c2cccc3cccc(c23)N1CCCN1CC=C(c2c[nH]c3ccc(Cl)cc23)CC1,CHEMBL429768
DEC_0668,decoy,COC(=O)c1c(C(F)(F)F)[nH]c2c(O)cc3c(c12)[C@H](CCl)CN3C(=O)c1cc2cc(OC)c(OC)c(OC)c2[nH]1,CHEMBL286568
DEC_0145,decoy,O=C1Nc2ccc(Cl)cc2C(OCCc2ccccc2)(C(F)(F)F)O1,CHEMBL17489
DEC_0161,decoy,COc1cc2c(Nc3c(F)cc(Br)cc3F)ncnc2cc1OCC1CCN(C)CC1,CHEMBL416191
DEC_3357,decoy,CCCCc1ccc(CCc2cc3c(s2)-n2c(C)nnc2CN=C3c2ccccc2Cl)cc1,CHEMBL442259
DEC_0613,decoy,N#Cc1c2n(c3c(N4CCN(CCc5c[nH]c6ccccc56)CC4)ncnc13)CCCC2,CHEMBL27861
DEC_4368,decoy,O=C1c2cc([N+](=O)[O-])cc3cc([N+](=O)[O-])cc(c23)C(=O)N1c1nncs1,CHEMBL281336
DEC_0740,decoy,C[C@@H]1C[C@@H]2c3cc(C(C)(C)C)cc4[nH]cc(c34)C[C@H]2N(C)C1,CHEMBL14138
DEC_1044,decoy,COc1ccc(/C=C/C(=O)N2CCN(c3nc(N)c4cc(OC)c(OC)cc4n3)CC2)cc1,CHEMBL6347
DEC_1729,decoy,Cn1cncc1C(OCc1ncc(C#N)cc1-c1cccc(Cl)c1)c1ccc(C#N)cc1,CHEMBL39117
DEC_1907,decoy,COC(=O)[C@@]1(O)C[C@H]2O[C@]1(C)n1c3ccc(CO)cc3c3c4c(c5c6cc(CO)ccc6n2c5c31)C(=O)NC4,CHEMBL289772
DEC_2154,decoy,COCC(C(=O)O[C@@H]1C/C=C/C=C/C(=O)OCC/C=C/[C@H](OC)C[C@H](C)C/C=C(\C)[C@@H](OC)CC[C@@H](C)[C@@H](O)[C@@H]1C)N(C)C,CHEMBL330270
DEC_0105,decoy,CSc1nc(-c2cc(C(C)(C)C)c(O)c(C(C)(C)C)c2)ns1,CHEMBL16912
DEC_0813,decoy,CN1CCN2CC(c3ccc(Cl)cc3)c3ccccc3C2C1,CHEMBL6459
