compound_id,label,smiles,source_id
DEC_3272,decoy,CCOC(=O)N[C@@H](c1cccnc1)[C@@H](O)C(=O)OC1CC2C(C)(C)C1(C)[C@@]13C[C@H](C)c4ccccc4[C@@]21O3,CHEMBL283414
DEC_0787,decoy,CSC1=NC(=O)/C(=C/c2cc(C(C)(C)C)c(O)c(C(C)(C)C)c2)S1,CHEMBL280226
DEC_1955,decoy,Cc1cc(C)c(CC(=O)c2sccc2S(=O)(=O)Nc2onc(C)c2Cl)c(C)c1O,CHEMBL19921
DEC_4312,decoy,COC(=O)Nc1ccc2[nH]c(C(=O)N3C[C@@H](CBr)c4c3cc(OC(=O)N(C)C)c3c4C(=O)[C@](C)(C(=O)OC)N3)cc2c1,CHEMBL20417
DEC_0918,decoy,CC(C)C[C@@H]1OC(=O)C(C)(C)CNC(=O)[C@@H](Cc2ccc(O)c(Cl)c2)NC(=O)/C=C/C[C@@H]([C@H](C)/C=C/c2ccccc2)OC1=O,CHEMBL313947
DEC_0472,decoy,C=C1/C(=C\C=C\[C@@H]2CCC[C@H]([C@@H](C)CCCC(C)(C)O)C2(C)C)C[C@@H](O)C[C@@H]1O,CHEMBL431123
DEC_1643,decoy,Oc1cc(C(F)(F)F)c2cc3c(cc2n1)NC[C@@H]1CCC[C@H]31,CHEMBL27812
DEC_3243,decoy,CN(C)c1ccccc1C[S+]([O-])c1nc2ccccc2[nH]1,CHEMBL19577
DEC_1376,decoy,COC(=O)[C@]1(C)CC[C@]2(C)CC[C@]3(C)C4=CCc5c(cc(OC)c(OC)c5C)[C@]4(C)CC[C@@]3(C)[C@@H]2C1,CHEMBL301411
DEC_1362,decoy,CC1(C)CC[C@]2(C(=O)O)CC[C@]3(C)C(=CC[C@@H]4[C@@]5(C)C=C(C(=O)O)C(=O)C(C)(C)[C@@H]5CC[C@]43C)C2C1,CHEMBL55760
DEC_0978,decoy,CO/N=C(/C(=O)N[C@@H]1C(=O)N2C(C(=O)O)=CCO[C@H]12)c1csc(N)n1,CHEMBL13491
DEC_0393,decoy,CC#C[C@]1(O)CCC2C3CCC4=CC(=O)CCC4=C3C(c3cccs3)CC21C,CHEMBL277163
DEC_0319,decoy,CCc1nnc2c(NC3CC4CCC3C4)nc3ccccc3n12,CHEMBL268801
DEC_4179,decoy,COc1ccc2c(c1)CCC=C2CCCN1CCN(c2ccccc2)CC1,CHEMBL8453
DEC_0494,decoy,O=P(O)(O)C(F)(F)c1ccc(CC(c2ccccc2)n2nnc3ccccc32)cc1,CHEMBL9363
DEC_2130,decoy,NC1=NC(F)N([C@@H]2C=C[C@H](CO)O2)C=C1F,CHEMBL38887
DEC_0601,decoy,COc1ccc(S(=O)(=O)Nc2cccc3cc(O)[nH]c23)cc1,CHEMBL20250
DEC_4635,decoy,CCCc1nc(-n2cccc2C(=O)C(F)(F)F)c(C(=O)OC)n1Cc1ccc(-c2ccccc2-c2nn[nH]n2)cc1,CHEMBL306852
DEC_0122,decoy,CCCCCCCC/C=C/CCCCCCCC(=O)Nc1cc(OC)c(OC)cc1OC,CHEMBL40945
DEC_2019,decoy,COC1N=C(c2ccccc2F)c2cc(C#CCN3C(=O)CCc4ccccc43)ccc2-n2c(C)nnc21,CHEMBL20141
DEC_3402,decoy,CCO[C@@H]1C[C@](O)([C@@H](C)[C@H](O)[C@H](C)[C@H]2OC(=O)/C(OC)=C/C(C)=C/[C@@H](C)[C@@H](O)[C@@H](C)C/C(C)=C/C=C/[C@@H]2OC)O[C@H](C(C)C)[C@H]1C,CHEMBL55299
DEC_1582,decoy,CCCCS(=O)(=O)NC(=O)C(NC(=O)[C@@H](Cc1ccc(-c2ccno2)cc1)N(C)C(=O)c1cc(C)cc(C)c1)C(C)O,CHEMBL263301
DEC_4482,decoy,Cc1c(F)c(N2CCNC(C)C2)cc2c1c(=O)c(C(=O)O)cn2C1CC1,CHEMBL583
DEC_3236,decoy,COc1cc(Br)c(OC)c(CC(C)N)c1,CHEMBL16883
DEC_2169,decoy,CC1(C)CCC[C@]2(C)[C@@H](c3ccoc3)C(=O)[C@@H]3O[C@]312,CHEMBL34304
DEC_1576,decoy,CNC(=O)[C@H](Cc1ccccc1)NC(=O)[C@H](CC(C)C)N[C@@H](CCN1C(=O)c2cccc3cccc(c23)C1=O)P(=O)(O)O,CHEMBL98233
DEC_3678,decoy,C[C@@H]1CCC2[C@@H](C)[C@@H](OC(CCC(=O)O)c3ccc(F)cc3)O[C@@H]3OC4(C)CC[C@@H]1C23OO4,CHEMBL416397
DEC_3569,decoy,COc1ccc(C(c2ccc(C(C)C)cc(=O)c2O)C2Oc3c(Cl)c(OC)cc(OC)c3C2=O)cc1,CHEMBL277591
DEC_3797,decoy,O=C(Nc1nnc(S)s1)N[C@@H](Cc1c(F)c(F)c(F)c(F)c1F)C(=O)N1CCN(c2ccccn2)CC1,CHEMBL38900
DEC_0374,decoy,C[C@H]1COc2c(N3CC(C)(N)C3)c(F)cc3c(=O)c(C(=O)O)cn1c23,CHEMBL19561
DEC_2463,decoy,CC(C)C1=CC2CC3(C=O)[C@@H]4CC[C@@H](C)[C@H]4CC2(CO[C@H]2C[C@@H]4OC[C@H](C)[C@@H]4[C@@H](C)O2)C13C(=O)O,CHEMBL45656
DEC_2240,decoy,CC(C)(C)c1ccc(S(=O)(=O)N2Cc3ccccc3N(Cc3ncc[nH]3)C(CCc3ccccc3)C2)cc1,CHEMBL8499
DEC_0700,decoy,Cc1ccc(S(=O)(=O)C2(CC#Cc3ccc(C(F)(F)F)cc3)SC(=O)NC2=O)cc1,CHEMBL12194
DEC_1805,decoy,COC(=O)CCC(=O)N[C@H](COC(=O)C(C)(Cc1c[nH]c2ccccc12)NC(=O)OC1[C@H]2C[C@@H]3C[C@@H](C[C@H]1C3)C2)c1ccccc1,CHEMBL284361
DEC_1734,decoy,CN(C)CC(c1ccccc1)c1nnc2n1-c1ccc(Cl)cc1C(c1ccc(Cl)cc1)=NC2,CHEMBL273994
DEC_4277,decoy,N[C@@H](CS)CNc1ccc(Oc2cccc(C(=O)O)c2)cc1,CHEMBL285827
DEC_1674,decoy,CC1=CC(C)(C)Nc2cc3oc(=O)cc(C(F)(F)F)c3cc21,CHEMBL6441
DEC_3969,decoy,CN(C)c1ccc(C(=O)Nc2ccc(-c3ccccc3S(N)(=O)=O)cc2)c(Oc2cccc(C(=N)N)c2)c1,CHEMBL47781
DEC_4217,decoy,CC(C)[C@H](NC(=O)OCc1ccccc1)C(=O)N[C@H](Cc1ccccc1)C(=O)C(F)(F)F,CHEMBL24108
DEC_3909,decoy,c1ccc2nc(COc3ccc(OCCCc4nnn[nH]4)cc3)ncc2c1,CHEMBL18459
DEC_2698,decoy,C=CC(C)(C)c1c(OC)cc2oc3ccc(OC)c(OC)c3c(=O)c2c1O,CHEMBL27150
DEC_1175,decoy,Cc1ccc2c(c1)N(C)CC(C1=NCCN1)O2,CHEMBL13987
DEC_0878,decoy,C/C=C/C=C(\C)C(=O)O[C@H]1[C@H](O)[C@H](OCC23C[C@@H]4[C@H](C)CC[C@H]4C4(C=O)CC2C=C(C(C)C)C34C(=O)O)O[C@H](C)[C@H]1OC,CHEMBL22175
DEC_4470,decoy,C[C@H]1[C@@H](N)CN1c1c(F)cc2c(=O)c(C(=O)O)cn(C3CC3)c2c1F,CHEMBL277699
DEC_2176,decoy,CC1CCC(NC(=O)N(CCCl)N=O)CC1,CHEMBL12948
DEC_0896,decoy,Nc1ncc(Cc2cc(I)c(OCCCOc3ccccc3)c(I)c2)c(N)n1,CHEMBL334021
DEC_0446,decoy,O=S(=O)(CS(=O)(=O)C(F)(F)F)c1ccc(NS(=O)(=O)C(F)(F)F)cc1,CHEMBL12365
DEC_2641,decoy,C/C(=C\c1ccccc1)CN(C)Cc1cccc2ccccc12,CHEMBL21297
DEC_4103,decoy,Nc1nc(O)c2[nH]c(N3CCCCC3)nc2n1,CHEMBL14940
DEC_1565,decoy,CC(=O)N[C@@H](CS(=O)(=O)c1ccccc1)C(=O)N[C@@H](Cc1ccccc1)[C@H](O)Cc1ccccc1C(=O)NC(C)(C)C,CHEMBL275960
DEC_3450,decoy,CC1=NC(C)=C(C(=O)OCCN2C(=O)c3ccccc3S2(=O)=O)C(c2cccc([N+](=O)[O-])c2)/C1=C(\O)OCC1CCCO1,CHEMBL81906
DEC_1069,decoy,CC(=O)N1N=C2C(Cc3cccc(C(F)(F)F)c3)CS(=O)(=O)CC2C1c1cccc(C(F)(F)F)c1,CHEMBL34803
DEC_1095,decoy,CCn1c(/C=C/C=C2/N(C)c3ccccc3C2(C)C)[n+](CC)c2nc3cc(Cl)c(Cl)cc3nc21.[Cl-],CHEMBL301168
DEC_1237,decoy,C[C@H]1C[C@@H](CC(=O)Nc2ccccc2)n2c(=O)c(=O)[nH]c3cc(Br)cc1c32,CHEMBL262206
DEC_0195,decoy,CN(C/C=C/c1ccccc1Cl)Cc1cccc2ccccc12,CHEMBL21673
DEC_3016,decoy,N#Cc1c2n(c3c(N4CCN(CCc5ccccc5Cl)CC4)ncnc13)CCCC2,CHEMBL27517
DEC_1881,decoy,O=C(O)CCC/C=C\C[C@H]1/C(=N/OCc2ccc(C(F)(F)F)cc2)CC[C@@H]1NS(=O)(=O)c1ccc(Cl)cc1,CHEMBL283374
DEC_0350,decoy,C=CCN1CC[C@]23c4c5ccc(O)c4O[C@H]2C(=O)CC[C@@]3(OC)C1C5,CHEMBL277122
DEC_2942,decoy,Oc1cc(NC[C@H]2CCC[C@@H]2NCc2cc(Br)cc(Br)c2)nc2ccccc12,CHEMBL281179
DEC_1006,decoy,[O-][P@+]1(N(CCCl)CCCl)NC[C@H](F)CO1,CHEMBL31818
DEC_4236,decoy,O=C(Nc1ccc(S(=O)(=O)NC(CC#Cc2ccccc2)C(=O)O)cc1)c1ccc(Cl)cc1,CHEMBL10673
DEC_3548,decoy,Cc1cc(C)cc(-c2c(O)nc3cc(Cl)c(C(=O)Nc4ccncn4)cc3c2OCC[C@@H]2CCCCN2)c1,CHEMBL52278
DEC_1562,decoy,COc1ccccc1CNC(=N)c1ccc(C2=NO[C@@H](CC(=O)NC[C@H](NS(=O)(=O)c3ccccc3C)C(=O)O)C2)cc1,CHEMBL308704
DEC_2013,decoy,Cc1nnc2n1-c1ccc(C#CCN3C(=O)CCc4ccccc43)cc1C(c1ccccc1F)=NC2,CHEMBL279664
DEC_1920,decoy,O=C1Nc2ccc(F)cc2C(C#Cc2ccoc2)(C(F)(F)F)O1,CHEMBL430123
DEC_2606,decoy,c1ccc(C(c2ccc(-n3cccc3)cc2)n2ccnc2)cc1,CHEMBL282058
ACT_033,active,CC(C)(C)S(=O)(=O)c1ccc2nccc(Nc3n[nH]c4ccc(F)cc34)c2c1,CHEMBL3823499
DEC_1996,decoy,O=C1NC(=O)C(CC#Cc2cc(C(F)(F)F)cc(C(F)(F)F)c2)(S(=O)(=O)c2ccccn2)S1,CHEMBL12016
DEC_4014,decoy,CN1CC=C(c2c[nH]c3ccc(C4COCCO4)cc23)CC1,CHEMBL283936
DEC_1276,decoy,CC(/N=c1\c(O)c(O)\c1=N/c1ccc(CC#N)cc1)C(C)(C)C,CHEMBL18859
DEC_3545,decoy,O=P(O)(O)C(CCc1cccc2ccccc12)N[C@@H](Cc1ccc(-c2ccccc2)cc1)c1nnn[nH]1,CHEMBL285619
DEC_1675,decoy,CC1(C)OC(S)=Nc2ccc(-c3coc(C#N)c3)cc21,CHEMBL282649
DEC_2464,decoy,CC(C)C1=CC2CC3(C=O)[C@@H]4CC[C@@H](C)[C@H]4CC2(CO[C@H]2C[C@@H]4OC[C@@H](C)[C@@H]4[C@@H](C)O2)C13C(=O)O,CHEMBL296692
DEC_4837,decoy,CC(=O)OC1(c2ccccc2)Sc2c(Cl)cccc2-n2cccc21,CHEMBL282854
ACT_048,active,COc1c(CCc2cc(C(=O)Nc3cc(-n4cnc(C)c4)cc(C(F)(F)F)c3)ccc2C)cnc2[nH]ccc12,CHEMBL5705824
DEC_4360,decoy,Cc1sc2c(c1C)C(N1CCN(C)CC1)=Nc1cc(F)ccc1N2,CHEMBL273788
DEC_4776,decoy,COc1cccc(OC)c1-c1ccc(CC(NC(=O)C2(S(=O)(=O)c3ccccc3)CCCC2)C(=O)O)cc1,CHEMBL305408
DEC_2016,decoy,O=C(O)Cc1nn(Cc2nc3ccc(Br)cc3s2)c(=O)c2cc(Cl)c(Cl)cc12,CHEMBL279673
DEC_3486,decoy,CC(C)c1ccc2c(c1)CC[C@H]1[C@@](O)(CO)[C@@H](O)CC[C@]21C,CHEMBL267778
DEC_4255,decoy,O=C(NCCNCC(O)c1ccccc1)Nc1ccccc1,CHEMBL280266
DEC_3418,decoy,CCCC(N)C(=O)OC[C@@]1(C)C2C[C@H](OC(C)=O)[C@@]3(C)Oc4cc(-c5cccnc5)oc(=O)c4[C@H](O)C3[C@@]2(C)CC[C@@H]1OC(C)=O,CHEMBL431209
DEC_2052,decoy,CCN1C(=S)OC(C)(C)c2cc(-c3cc(F)cc(C#N)c3)ccc21,CHEMBL417110
DEC_4607,decoy,CCCc1nc(CC)c(C(N)=O)n1Cc1ccc(-c2ccccc2S(=O)(=O)Nc2onc(C)c2C)cc1,CHEMBL12592
DEC_2174,decoy,CC(=O)OC(C)CCC12OO[C@@H](C=C1C)CC2(C)C,CHEMBL37249
DEC_0600,decoy,CCC(=O)c1c(O)n(O)c2cc(NC(=O)Nc3ccccc3)ccc12,CHEMBL16313
DEC_0020,decoy,C=CCC/C=C/C(=O)O[C@H](CC=C(C)C)C1=CC(=O)c2c(O)ccc(O)c2C1=O,CHEMBL9196
DEC_1569,decoy,CC(C)[C@@H]1[C@H](OC(=O)N[C@@H](Cc2ccccc2)[C@H](O)CN2CCN(C(C)C)C[C@H]2C(=O)NC(C)(C)C)CCS1(=O)=O,CHEMBL88755
DEC_3952,decoy,Cc1cc(CC(N)=O)cc(-c2c(O)nc3cc(Cl)c([N+](=O)[O-])cc3c2OCCC2CCCCN2)c1,CHEMBL295556
DEC_3647,decoy,CCc1ccc(O)c(/C(=N/O)c2ccc(Cl)c(Cl)c2)c1,CHEMBL25562
DEC_2809,decoy,CO/N=C(\COCc1ccc(C(C)(C)C)cc1)C(CCN1CCC(O)(c2ccccc2)CC1)c1ccc(Cl)c(Cl)c1,CHEMBL284145
DEC_1632,decoy,c1ccc(CNc2nc(Cc3ccccc3)nc3ccsc23)cc1,CHEMBL30941
DEC_0044,decoy,S=C=Nc1cc(-c2nc(-c3ccco3)no2)ccc1Sc1ccccc1,CHEMBL279675
DEC_0332,decoy,COc1c2occc2c(CN2CCCCC2)c2ccc(=O)oc12.Cl,CHEMBL6701
DEC_4405,decoy,CCNCC1CCN(c2c(F)cc3c(=O)c(C(=O)O)cn(C4CC4)c3c2Cl)C1,CHEMBL275414
DEC_4608,decoy,O=c1c(NC/C=C\COc2csc(CN3CCCCC3)c2)c(NCC(F)(F)C(F)(F)C(F)(F)F)c1=O,CHEMBL53832
DEC_4069,decoy,N=C(c1ccc(NC(=O)c2cc(C(F)(F)F)nn2-c2ccc3cc(Cl)ccc3c2)c(F)c1)N1CCCCC1,CHEMBL277657
DEC_4379,decoy,CC1CCC(/C=N/c2ccc3ccccc3c2)=C2NC=C(C(=O)O)C(=O)N21,CHEMBL283771
DEC_1062,decoy,CC(C)C1=CC2CC3(C=O)[C@@H]4CC[C@@H](C)[C@H]4CC2(CO[C@H]2C[C@@H]4OC(C)(C)CO[C@@H]4[C@@H](C)O2)C13C(=O)O,CHEMBL282449
DEC_4390,decoy,CCCCCCCCC#Cc1ccc2c(c1OC)C[C@@H](CO)NC(=O)[C@H](C(C)C)N2C,CHEMBL7078
DEC_1550,decoy,C[C@@H]1[C@H](OC(=O)N[C@@H](CSc2ccccc2)[C@H](O)CN2C[C@H]3CCS[C@H]3C[C@H]2C(=O)NC(C)(C)C)CCS1(=O)=O,CHEMBL99214
DEC_4032,decoy,C[C@]12CC[C@]3(C1)C(CC2=O)C[C@@H](O)C1[C@](C)(C(=O)O)CCC[C@@]13C,CHEMBL8722
DEC_0336,decoy,CC1(C)O[C@@H]2[C@@H](CO[C@@]3(COS(C)(=O)=O)OC(C)(C)O[C@@H]23)O1,CHEMBL27137
DEC_3924,decoy,COc1cc([C@@H]2c3cc4c(cc3N[C@@H]3COC(=O)N23)OCO4)cc(OC)c1OC,CHEMBL9035
DEC_1048,decoy,O=NN(CCF)C(=O)NC1CSCSC1,CHEMBL12519
DEC_0277,decoy,Cc1nnsc1S(=O)(=O)NCCCn1c2c(c3ccccc31)C(=O)CN1CCCCC21,CHEMBL431120
DEC_2460,decoy,CO/C1=C\C(C)=C\[C@@H](C)C(=O)[C@@H](C)C/C(C)=C/C=C/[C@H](OC)[C@@H]([C@@H](C)[C@@H](O)[C@H](C)C(=O)O)OC1=O,CHEMBL55768
DEC_4539,decoy,CCOC(=O)C(CC)c1nc(-c2ccc(Cl)cc2)oc1-c1ccco1,CHEMBL18888
DEC_1452,decoy,CC(C)C1=CC2CC3(C=O)[C@@H]4CC[C@@H](C)[C@H]4CC2(CO[C@H]2CN(c4ccc(Cl)s4)[C@H](C)CO2)[C@]13C(=O)O,CHEMBL282179
DEC_3157,decoy,CCN(CC)CCNc1nc(Nc2cc(Cl)c(Cl)cc2Cl)nc2ccccc12,CHEMBL31366
DEC_2720,decoy,C=C(C)[C@@H]1CC[C@]2(C(=O)NCC(=O)OC)CC[C@]3(C)[C@H](CC[C@@H]4[C@@]5(C)CC[C@H](O)C(C)(C)[C@@H]5CC[C@]43C)[C@@H]12,CHEMBL19094
DEC_2031,decoy,COc1cc2c(cc1OC)-c1cc(=Nc3c(C)cc(C)cc3C)n(CP(C)(C)=O)c(=O)n1CC2,CHEMBL286663
DEC_1916,decoy,CC1(C)OC(S)=Nc2ccc(-c3cc(F)cc(F)c3)cc21,CHEMBL281182
DEC_0869,decoy,CC1=NC(C)=C(C(=O)OCCCN2C(=O)c3ccccc3S2(=O)=O)C(c2cccc(Cl)c2Cl)/C1=C(\O)OC(C)(C)C,CHEMBL81433
DEC_1953,decoy,CCOP(=O)(Cc1ccc(-c2nc(O)c3cc(Br)ccc3n2)cc1)OCC,CHEMBL33157
DEC_1516,decoy,Cc1cc(C#CCN2CCC(Cc3ccc(F)cc3)CC2)cc2[nH]c(O)nc12,CHEMBL19349
DEC_4375,decoy,COc1ccc2cc3n(c(=O)c2c1OC)CCc1cc2c(cc1-3)OCO2,CHEMBL11531
DEC_4726,decoy,CC1=NC(C)=C(C(=O)OCCN2C(=O)c3ccccc3S2(=O)=O)C(c2cccc(Cl)c2Cl)/C1=C(\O)OC(C)C,CHEMBL311676
DEC_0238,decoy,C=C(C)[C@]12C[C@@H](C)[C@@]34OC(Cc5ccccc5)(O[C@@H]1C3C=C(CO)C[C@]1(O)C(=O)C(C)=CC41)O2,CHEMBL269304
DEC_3116,decoy,O=C(O)C(CCCCn1cnc2c1NC=NCC2O)(Cc1ccc(C(F)(F)F)cc1)C(=O)O,CHEMBL289398
DEC_3786,decoy,CC[C@@]1(O)C(=O)OCc2c1cc1n(c2=O)Cc2cc3c(CN4CCC(N5CCCCC5)CC4)c(O)ccc3nc2-1,CHEMBL428675
DEC_0643,decoy,OC1=C2C(=Nc3c(-c4cccc(F)c4)cnn3C2c2ccc(Cl)c(Cl)c2)CCC1,CHEMBL33973
DEC_0212,decoy,C#CCCCC(=O)c1cc(C(C)(C)C)c2c(c1)C(C)(C)CO2,CHEMBL13920
DEC_4782,decoy,CCCc1c(O)cccc1C(=O)N[C@@H](Cc1ccccc1)[C@H](O)C(=O)N1CSC[C@H]1C(=O)NC(C)(C)C,CHEMBL54312
DEC_3411,decoy,CCCC(N)C(=O)O[C@H]1CC[C@@]2(C)C(C[C@H](OC(C)=O)[C@@]3(C)Oc4cc(-c5cccnc5)oc(=O)c4[C@H](O)C23)[C@]1(C)COC(C)=O,CHEMBL314631
DEC_4743,decoy,CCCC[C@@H](C)/C=C(C)/C=C(\C)C(=O)NC1=C[C@@](O)(/C=C/C=C/C=C/C(=O)NC2=C(O)CCC2=O)[C@@H]2O[C@@H]2C1=O,CHEMBL285848
DEC_0152,decoy,CCCCC[C@]1(C)/C=C\C2[C@H](O)C[C@H](O)[C@@H]2C/C=C\CCCC(=O)O1,CHEMBL12015
DEC_0289,decoy,CN1CCC23c4c5ccc(O)c4O[C@H]2C=C[C@H](N=[N+]=[N-])[C@H]3C1C5,CHEMBL268703
DEC_0222,decoy,CC(C)CCCC(=O)c1cc(C(C)(C)C)c2c(c1)C(C)(C)CO2,CHEMBL276436
DEC_1672,decoy,c1ccc(-c2ccccc2-c2nnc(C3=NCCN3)s2)cc1,CHEMBL268707
DEC_0018,decoy,CC[C@H](C)C(=O)O[C@H]1C[C@@H](C)C=C2C=C[C@H](C)[C@H](CC[C@@H]3C[C@@H](O)CC(=O)O3)[C@H]21,CHEMBL503
DEC_1230,decoy,Cc1cc2c(cc1/N=C(\S)Nc1ccc(S(N)(=O)=O)cc1)C(C)(C)CC(C)(C)S2,CHEMBL6499
DEC_0831,decoy,CCCCc1nc2ccc([C@H]3OC[C@H]4[C@@H]3ON3[C@@H]4CCC3(C)C)cc2c(=O)n1Cc1ccc(-c2ccccc2-c2nn[nH]n2)cc1,CHEMBL432128
DEC_3047,decoy,Cc1nc(-c2cccs2)ncc1C(=O)N1CCC(N2C(=O)OCc3ccccc32)CC1,CHEMBL31665
DEC_3583,decoy,CCCCCC/N=C/C1=Cc2cc3c(cc2C(c2cc(OC)c(OC)c(OC)c2)[C@@H]1C(=O)OC)OCO3,CHEMBL20333
DEC_0294,decoy,c1ccc(COC2(C3=NCCN3)COc3ccccc3O2)cc1,CHEMBL10500
DEC_0047,decoy,CCN(CC)c1nc(C)nc2c1sc(=S)n2-c1c(C)cc(C)cc1C,CHEMBL413968
DEC_4313,decoy,COc1cccc2c1C(=O)c1c(O)c3c(c(O)c1C2=O)C[C@@](O)(C(C)=O)C[C@@H]3OC1CC(Cl)C(NC(=O)C(F)(F)F)C(C)O1,CHEMBL311371
DEC_4810,decoy,CN(CCc1ccccn1)C1c2ccccc2Oc2ccccc21,CHEMBL277907
DEC_1889,decoy,C=CCC1Oc2cccc(O)c2-c2ccc3c(c21)C(C)=CC(C)(C)N3,CHEMBL266709
DEC_0932,decoy,c1ccc2c(CC3=NCCN3)c3ccccc3c(CC3=NCCN3)c2c1,CHEMBL27223
DEC_0617,decoy,Cc1ccc(NS(=O)(=O)c2ccc(N)cc2)c2[nH]cc(Cl)c12,CHEMBL277922
DEC_3319,decoy,CC12CCC(=O)C=C1[C@@H]1C[C@@H]1C1C2CCC2(C)C1CCC21CCC(=O)O1,CHEMBL269229
DEC_1778,decoy,O=C(CO)N(CCc1cccc(C(F)(F)F)c1)c1cccc2ccccc12,CHEMBL441517
DEC_3055,decoy,CCCc1c(OCCCOc2c(C)c(C)c3c(c2C)CCC(C)(C(=O)O)O3)ccc(C(C)=O)c1O,CHEMBL432106
DEC_1543,decoy,CC(C)(C)NC(=O)CN(Cc1ccccc1)C[C@H](O)[C@H]1Cc2ccc(cc2)OCCCC(=O)N[C@@H](CC(N)=O)C(=O)N1,CHEMBL419675
DEC_0966,decoy,O=C(O)C(Oc1ccc2cc(Br)ccc2c1)C(=O)O,CHEMBL268428
DEC_0197,decoy,CCCCCc1cc(O)c2c(c1)OC(C)(C)[C@@H]1CC[C@@H](C)CC21,CHEMBL10443
DEC_4007,decoy,c1ccc(C(c2ccccc2)(n2ccnc2)n2ccnc2)cc1,CHEMBL25910
DEC_2093,decoy,Oc1nc2c(F)c(F)c(F)c(F)c2nc1O,CHEMBL289779
DEC_0909,decoy,O=C(OCCC(F)(F)C(F)(F)C(F)(F)C(F)(F)C(F)(F)C(F)(F)C(F)(F)C(F)(F)F)C1=C(O)O[C@H](CO)C1=O,CHEMBL108970
DEC_3019,decoy,CSc1ccc2c(c1)C(c1ccccc1)=NCc1nnc(C(CN(C)C)c3ccccc3)n1-2,CHEMBL16241
DEC_1731,decoy,O=C(O)Cc1nn(Cc2nc3cc(C(F)(F)F)cc(C(F)(F)F)c3s2)c(=O)c2ccccc12,CHEMBL277708
DEC_0103,decoy,CCCCCCCCCCCCCCCCN(C(C)=O)c1ccc(C(OC(C)=O)C(N)=O)cc1,CHEMBL30412
ACT_089,active,CC(CCC(=O)O)(c1ccc(O)c(N)c1)c1ccc(O)c(N)c1,CHEMBL1975923
DEC_2731,decoy,CC(=O)O[C@H]1CC[C@@]2(C)C(CC[C@]3(C)C2CC=C2[C@@H]4CC(C)(C)CC[C@]4(C(N)=O)CC[C@]23C)C1(C)C,CHEMBL57052
DEC_1024,decoy,CC(C)CN(CC(C)C)C(=O)N1C[C@H](N)[C@H](C(=O)O)C1,CHEMBL18814
DEC_3448,decoy,Cc1cc(SC2=C(O)OC(CCc3ccc(N)cc3)(C(C)C)CC2=O)c(C(C)(C)C)cc1OS(=O)(=O)N1CCN(C)CC1,CHEMBL307582
DEC_0830,decoy,CC(=O)O[C@H]1[C@@H]2[C@H](C)[C@@H](OC(=O)CCc3ccccc3)CC[C@@]2(C)[C@@H](OC(C)=O)[C@H](OC(C)=O)C2=C(C)C(=O)C[C@@H]1C2(C)C,CHEMBL114989
DEC_1655,decoy,C[C@@H]1Cc2cc3c(C(F)(F)F)cc(O)nc3cc2N[C@@H]1C,CHEMBL7058
DEC_3458,decoy,O=C1NC(=O)C(Sc2ccc3cc(O)ccc3c2)S1,CHEMBL30948
DEC_2805,decoy,OC(CN(Cc1cccc(OC(F)(F)C(F)F)c1)c1cccc(Oc2cccc(Cl)c2Cl)c1)C(F)(F)F,CHEMBL308436
DEC_2963,decoy,Oc1ccc2c(c1)OC(c1ccc(OCCN3CCOCC3)cc1)c1c-2sc2cc(O)ccc12,CHEMBL24168
DEC_2675,decoy,C[C@]12CCC3C(CCC4=CC(=O)CC[C@@]43C3CS3)C1CCC2=O,CHEMBL282580
DEC_2044,decoy,c1ccc(Cc2ccc(OCCn3ccc4ncnc-4c3)cc2)cc1,CHEMBL14814
DEC_0444,decoy,CC(=O)[O-].CCn1c(=O)/c(=C2\Sc3ccccc3N2C)s/c1=C\c1scc(C)[n+]1CC,CHEMBL33149
DEC_2748,decoy,O=C(O)c1ccc(C(F)(F)F)cc1-c1ccc2c(c1)OC[C@H](Cc1ccc(-c3ccccc3)cc1)[C@H]2O,CHEMBL417364
DEC_1619,decoy,CCCCCc1cc(O)c2c(c1)OC(C)(C)[C@@H]1CCC(C)[C@H](O)C21,CHEMBL10488
DEC_3669,decoy,C#CCN(Cc1ccc2nc(C)nc(O)c2c1)c1ccc(C(=O)NCc2cscn2)cc1,CHEMBL269342
DEC_4004,decoy,CCCn1c(=O)c2c(nc(C3CCCCC3)n2C)n(CCC)c1=O,CHEMBL22042
DEC_2404,decoy,CC1CCC(/C=N/c2ccc(C(F)(F)F)cc2)=C2NC=C(C(=O)O)C(=O)N21,CHEMBL22752
DEC_0126,decoy,CCCCCCCCCCCCCCOc1ccc(OCC(=O)CSCCC(=O)O)cc1,CHEMBL283294
DEC_4403,decoy,Cc1oc(-c2ccccc2)nc1CCC(O)c1ccc(CCCC2OC(=O)NC2=O)cc1,CHEMBL290639
DEC_0194,decoy,Cc1ccc(CC2C(c3ccc(C)cc3)C[C@H]3CCC2N3C)cc1,CHEMBL19944
DEC_0992,decoy,Nc1nc(O)c2nc(Br)n(C3OC(CO)C(O)C3O)c2n1,CHEMBL274518
DEC_3803,decoy,COC(=N)NS(=O)(=O)C(F)(F)C(F)(F)C(F)(F)C(F)(F)C(F)(F)C(F)(F)C(F)(F)C(F)(F)F,CHEMBL51151
DEC_3723,decoy,O=C(c1cc2ccccc2[nH]1)c1cc2cc(OC(=O)c3ccccc3Oc3ccccc3)ccc2[nH]1,CHEMBL7409
DEC_3048,decoy,CCN(C(C)=O)c1ccc(-c2nc3n(c2-c2ccc(N(CC)C(C)=O)cc2)CCS3)cc1,CHEMBL278028
DEC_4038,decoy,BrCCN(CCBr)c1ccccc1,CHEMBL19482
DEC_0975,decoy,O=P(O)(O)c1cn2c3c(nc(O)c2n1)-c1cccc(Cc2nn[nH]n2)c1C3,CHEMBL25529
DEC_1290,decoy,CC1=CC2[C@@]3(O)[C@H](C)C[C@]4(OC(=O)CCCCCCC[C@H]5C[C@@H]5C)[C@H]([C@@H]3C(C)=C(CO)C[C@]2(O)C1=O)C4(C)C,CHEMBL6834
DEC_4017,decoy,Fc1cccc(C(F)(F)F)c1N(CC1CC1)C1=NCCN1,CHEMBL283739
DEC_0990,decoy,Nc1nc(O)c2ncn([C@@H]3C=C4C[C@](CC(=O)O)(C(=O)O)O[C@H]4[C@H]3O)c2n1,CHEMBL20332
DEC_1488,decoy,CC(/N=c1\c(O)c(O)\c1=N/c1ccc(C#N)cc1)c1ccc(OC(F)(F)F)cc1,CHEMBL18963
DEC_1914,decoy,Fc1cccc(-c2ccc3c(c2)C2(CCCCC2)C(S)=N3)c1,CHEMBL25021
DEC_1016,decoy,O=P1(N(CCCl)CCCl)NC(O)CCO1,CHEMBL731
DEC_2862,decoy,O=C(OC1CN2CCC1CC2)C1=C/C(=C\c2ccccn2)c2ccccc21,CHEMBL21716
DEC_4169,decoy,CCNC1CCCC1N(C(=O)CC)c1ccc(Cl)c(Cl)c1,CHEMBL20848
DEC_4816,decoy,[O-][N+]1(Cc2ccccc2)CCc2ccc3sc4ccccc4c3c2C1,CHEMBL418344
DEC_1269,decoy,c1ccc2c(c1)-c1ccccc1C21OC[C@H]([C@@H]2CCCCN2)O1,CHEMBL442107
DEC_4477,decoy,O=C(O)c1cn(C2CC2)c2cc(N3CCOCC3)c(F)cc2c1=O,CHEMBL418569
DEC_4730,decoy,CNC(=O)c1c(C)nc(C)n1Cc1ccc2oc(-c3ccccc3NS(=O)(=O)C(F)(F)F)c(Br)c2c1,CHEMBL418811
ACT_041,active,Nc1ccccc1Nc1ccc2c(=O)c3ccccc3ccc2c1,CHEMBL220022
ACT_016,active,CN[C@@H]1C[C@H]2O[C@@](C)([C@@H]1OC)n1c3ccccc3c3c4c(c5c6ccccc6n2c5c31)C(=O)NC4,CHEMBL388978
DEC_1375,decoy,C[C@@H]1CC[C@]2(C(=O)O)CC[C@]3(C)C(=CC[C@@H]4[C@@]5(C)C[C@@H](Cl)C(=O)C(C)(C)[C@@H]5CC[C@]43C)C2[C@H]1C,CHEMBL300445
DEC_0797,decoy,CSc1nnc(/C=C/c2cc(C(C)(C)C)c(O)c(C(C)(C)C)c2)s1,CHEMBL275445
DEC_3210,decoy,O=S(=O)(OCCCl)c1c(F)c(F)c(F)c(F)c1F,CHEMBL17537
DEC_0452,decoy,Cc1nn(-c2ccccc2)c(NC(=O)[N-]S(=O)(=O)c2ccc(Cl)cc2)c1C#N.[Na+],CHEMBL22323
ACT_043,active,Cc1ccc(C2=Nc3c(ncnc3S(=O)(=O)c3ccc(C)cc3)[S+]([O-])c3ccc(C)cc32)cc1,CHEMBL4059699
DEC_3737,decoy,CC(C)c1cccc(C(C)C)c1NC(=O)NS(=O)(=O)NC1c2ccccc2-c2ccccc21,CHEMBL21637
DEC_3871,decoy,CCCCCCC[C@H]1OC(=O)C[C@@H](O)[C@H](Cc2ccccc2)N(C)C(=O)[C@H](C)OC(=O)[C@H]1C,CHEMBL8097
DEC_4118,decoy,O=S1NC(Cc2csc3ccccc23)=NO1,CHEMBL280082
DEC_3398,decoy,O=C1NC(=O)C2(CN(Cc3nc4ccccc4s3)c3ccc(Cl)cc32)N1,CHEMBL20685
DEC_3652,decoy,OC[C@@]1(CCCc2ccccc2)CC2C3Cc4ccc(O)c5c4C2(CCN3CC2CC2)C(O5)[C@@H]1O,CHEMBL275125
DEC_0737,decoy,S=C=Nc1ccc(-c2nc(-c3ccco3)no2)c(Cl)c1,CHEMBL279440
DEC_2427,decoy,CCCN1CC2(CCN(CCc3c[nH]c4ccccc34)CC2)OC1=O,CHEMBL286987
DEC_4120,decoy,C[C@]12CC/C(=N\N=C(N)N)C=C1CC[C@@H]2CO,CHEMBL25860
DEC_3776,decoy,CC(=O)NC[C@H]1CN(c2ccc(N3CCN(S(=O)(=O)c4ccc(Br)cc4)CC3)c(F)c2)C(=O)O1,CHEMBL75599
DEC_2594,decoy,CC(C)=CCOC1(C(F)(F)F)OC(=O)Nc2ccc(Cl)cc21,CHEMBL17672
DEC_2706,decoy,CCOC(=O)[C@]12CCC(C)(C)CC1C1C(=O)C=C3[C@@]4(C)C=C(C(=O)O)C(=O)C(C)(C)[C@@H]4CC[C@@]3(C)[C@]1(C)CC2,CHEMBL8385
DEC_4704,decoy,C=C(C)[C@@]12C[C@@H](C)C34OC(Cc5ccccc5)(OC1[C@@H]3C=C(COC(=O)Cc1ccccc1)C[C@]1(O)C(=O)C(C)=C[C@@H]41)O2,CHEMBL319078
DEC_2253,decoy,Cc1cc(C)cc(Sc2c(C(C)C)c(=O)[nH]c(=S)n2COCCO)c1,CHEMBL274265
DEC_3910,decoy,COc1cc([C@@H]2c3cc4c(cc3[C@H]3OC[C@@H]2[C@@H]3CO)OCO4)cc(OC)c1OC,CHEMBL274755
DEC_0520,decoy,CC(C)N(C(=O)[C@H]1CCC2C3CCC4C=C([N+](=O)[O-])C=C[C@]4(C)C3CC[C@@]21C)C(C)C,CHEMBL279017
DEC_4425,decoy,CCCN1C(=NC#N)N(CCC)[C@H](Cc2ccccc2)[C@H](O)[C@@H](O)[C@H]1Cc1ccccc1,CHEMBL35405
DEC_2479,decoy,COc1ccc2c3c1OC1[C@H]4OC[C@@]4(CCCc4ccccc4)CC4C(C2)N(CC2CC2)CCC341,CHEMBL264920
DEC_0928,decoy,CC(C)(C)c1cc(/C=C2\SC(NC#N)=NC2=O)cc(C(C)(C)C)c1O,CHEMBL16048
DEC_3033,decoy,Cc1ccc(N(/C=N/c2ccn(C3CSC(CO)O3)c(=O)n2)c2ccc(C)cc2)cc1,CHEMBL18076
DEC_3957,decoy,COc1ccc([C@@H]2c3nc(NC(C)C)ccc3[C@H](c3ccc4c(c3)OCO4)[C@H]2C(=O)O)c(CCCO)c1,CHEMBL35984
DEC_3292,decoy,C=C=Cn1c(=O)n(CC#Cc2cc3c(s2)-n2c(C)nnc2CN=C3c2ccccc2Cl)c2ccccc21,CHEMBL282905
DEC_3778,decoy,CCNC1CC(=O)N([C@H]2CC3CC[C@]2(CS(=O)(=O)N2CCC4(CCc5ccccc54)CC2)C3(C)C)C1=O,CHEMBL20126
DEC_0066,decoy,CC1=C(C(=O)O)CC[C@@]2(C)C1=CCC1C2CC[C@@]2(C)C1CC[C@@H]2C(=O)N(C(C)C)C(C)C,CHEMBL422046
DEC_2329,decoy,Oc1ccc2c(c1)OC[C@@H](N1CCC(O)(c3ccccc3)CC1)[C@H]2O,CHEMBL280083
DEC_3657,decoy,CCNC(=O)N(CCCN(C)C)C(=O)[C@@H]1C[C@@H]2c3ccc(C(C)(C)C)c4[nH]cc(c34)C[C@H]2N(C)C1,CHEMBL13805
DEC_0794,decoy,C[C@]12CCC(=O)C=C1NCC1C2CC[C@@]2(C)C1CC[C@@H]2C(=O)Nc1ccccc1,CHEMBL280155
DEC_2277,decoy,N#Cc1c2n(c3c(NCCN4CCc5ccccc5C4)ncnc13)CCCC2,CHEMBL27841
DEC_0488,decoy,C[C@H]1[C@@H](OCc2ccc(C(=O)O)cc2)O[C@@H]2O[C@@]3(C)CC[C@H]4[C@H](C)CC[C@@H]1[C@@]24OO3,CHEMBL277015
DEC_4705,decoy,CC(C)C[C@@H]1OC(=O)C(C)(C)CNC(=O)[C@@H](c2ccc(O)cc2)NC(=O)/C=C/C[C@@H]([C@H](C)/C=C/c2ccccc2)OC1=O,CHEMBL329832
DEC_4822,decoy,O=C(O)Cc1cc(Cl)ccc1Oc1cc(Cl)ccc1Cl,CHEMBL30175
DEC_2428,decoy,CCCCc1nc(Cl)c(CC(=O)OC)n1Cc1ccc(N)cc1,CHEMBL282594
DEC_3492,decoy,CC1CCC(/C=N/c2cccc(C(=O)O)c2)=C2NC=CC(=O)N21,CHEMBL22558
DEC_0627,decoy,CC1CC(C)(C)Nc2ccc3c(c21)/C(=C/c1cccc(F)c1)Oc1ccccc1-3,CHEMBL34882
DEC_2569,decoy,Oc1nnc(-c2ccccc2)c(-c2ccccc2)c1-c1ccccc1,CHEMBL31712
DEC_3954,decoy,CCN(CC)Cc1cc(Nc2cc(C(F)(F)F)nc(/N=C(\N)Nc3ccc(OC)cc3)n2)ccc1O,CHEMBL22490
DEC_4744,decoy,CC(=O)CCCC(=O)NC1N=C(c2ccccc2)c2ccccc2N(CC(=O)NCCc2ccccc2)C1=O,CHEMBL25310
DEC_1091,decoy,O=C1CC2(CCCC2)CC(=O)N1CCN1CCN(c2cc(Br)ccc2Br)CC1,CHEMBL56899
DEC_1680,decoy,Nc1ccc(OC23CC4C5CC6CC4C(C2)C(C6)C5C3)cc1,CHEMBL12665
DEC_0816,decoy,CONC1=NC(=O)/C(=C/c2cc(C(C)(C)C)c(O)c(C(C)(C)C)c2)S1,CHEMBL15791
DEC_1873,decoy,CCCc1nc(CC)c(C(N)=O)n1Cc1ccc(-c2ccccc2S(=O)(=O)Nc2onc(C)c2C)c(COCC)c1,CHEMBL12175
DEC_1970,decoy,CCCCc1ncc(C(=O)O)n1Cc1cccc2c1ccn2-c1ccccc1-c1nn[nH]n1,CHEMBL433230
DEC_3677,decoy,COc1ccc(C2(O)OC(=O)C(c3cc(OC)c4c(c3)OCO4)=C2Cc2ccccc2)cc1C,CHEMBL275559
DEC_0970,decoy,C[C@@H](O)[C@H]1C(=O)N2C(C(=O)O)=C(S[C@@H]3CN[C@H](C(=O)N(C)C)C3)[C@H](C)[C@H]12,CHEMBL127
DEC_4094,decoy,Cc1ccc(S(=O)(=O)NC(=O)Nc2ccc3c(/C=C/c4ccc5ccc(Cl)cc5n4)cccc3c2)cc1,CHEMBL293782
DEC_2354,decoy,C[C@H]1[C@@H](OCC23CC4CC(CC(C4)C2)C3)O[C@@H]2O[C@@]3(C)CC[C@H]4[C@H](C)CC[C@@H]1[C@@]24OO3,CHEMBL437851
DEC_3616,decoy,Nc1nc(N)c2c(/C=C\c3ccc4ccccc4c3)cccc2n1,CHEMBL267928
DEC_0732,decoy,Brc1ccc(NC23CC4CC(CC(C4)C2)C3)nc1,CHEMBL18700
DEC_3084,decoy,Cc1cc(C)cc(-c2c(O)nc3cc(Cl)c(NC(=O)NC4CC4)cc3c2OCCC2CCCCN2)c1,CHEMBL296321
DEC_3372,decoy,CC(=O)OCC(=O)[C@@]1(O)CCC2C3CCC4=CC(=O)CCC4(C)C3C(O)CC21C,CHEMBL440275
DEC_2668,decoy,COc1ccc2c(c1OC)CN1CCc3cc4c(cc3C1=C2)OCO4,CHEMBL11848
DEC_2664,decoy,CSC1=NC(=O)/C(=C/c2cc(C(C)(C)C)c(O)c(C(C)(C)C)c2)O1,CHEMBL16550
DEC_3850,decoy,Cc1cc(C(C)(C)C)c(OC(=O)NS(=O)(=O)N(CC2CCCO2)CC2CCCO2)c(C(C)(C)C)c1,CHEMBL282051
DEC_3831,decoy,O=C1[C@H](Cc2ccccc2)N2C(=O)CCN(C(=O)OCCc3ccc(O)cc3)[C@H]2CN1CCc1ccccc1,CHEMBL32792
DEC_3093,decoy,CCCCc1nc2ccc(-c3nnc(O)cc3C)cc2n1Cc1ccc(-c2ccccc2-c2nn[nH]n2)cc1,CHEMBL26389
DEC_4065,decoy,Oc1c(Br)cc(-c2ccc(-c3c(Cc4ccccc4)oc4ccccc34)cc2)cc1Br,CHEMBL282480
DEC_3461,decoy,C/C=C(\NC(=O)CC12CC3CC(CC(C3)C1)C2)C(=O)O,CHEMBL274394
DEC_1005,decoy,[O-][P@+]1(N(CCCl)CCCl)NC[C@@H](F)CO1,CHEMBL286807
DEC_0773,decoy,C=CCC1Oc2ccc(O)c(OC)c2-c2ccc3c(c21)C(C)=CC(C)(C)N3,CHEMBL8140
DEC_2902,decoy,C[C@H](CC[C@H](O)C(C)(C)O)[C@H]1CC[C@@]2(C)[C@@H]3CCC4[C@@]5(CC[C@H](O)[C@@]4(C)C(=O)O)C[C@@]35CC[C@]12C,CHEMBL40159
DEC_1367,decoy,COC(=O)C12CCC(C)(C)CC1[C@H]1C(=O)C[C@@H]3[C@@]4(C)CCC(=O)C(C)(C)[C@@H]4CC[C@@]3(C)[C@]1(C)CC2,CHEMBL300360
DEC_4774,decoy,CCNC(=O)N1C(=O)[C@H](CCCCC(=N)N)[C@H]2c3cc(-c4cccc(C(=O)N(CC)CC)c4)ccc3C[C@@H]21,CHEMBL45032
DEC_3981,decoy,CNC(=O)c1ccc(Cl)c2c(Nc3ccc(NS(C)(=O)=O)cc3NC)c3ccccc3nc12,CHEMBL299536
DEC_4434,decoy,C=CCOC(=O)N[C@H]1CC[C@](CNC(=O)c2ccccc2OC)(c2ccccc2)CC1,CHEMBL277598
DEC_4408,decoy,Cc1cc(C)cc(NC(=O)Cc2ccc(OC3(C(=O)N[C@@H](C)C(=O)O)CCCC3)cc2)c1,CHEMBL18319
DEC_3218,decoy,CC(C)CCc1nc2c([nH]1)N1C[C@@H](C(C)C)N=C1N(C)C2=O,CHEMBL19157
DEC_4599,decoy,Cc1cn(C2CC(N=[N+]=[N-])C(COP(=O)(NC(C)(C)C)OCCSC(=O)C(C)(C)C)O2)c(=O)[nH]c1=O,CHEMBL295547
DEC_4153,decoy,Clc1ccc(N2CCN(Cc3cnn4c3CCCC4)CC2)cc1,CHEMBL7442
DEC_3000,decoy,N=C(c1ccc(NC(=O)c2nnnn2-c2cc3ccccc3cc2F)c(F)c1)N1CCCCC1,CHEMBL416181
DEC_0761,decoy,CN1CC=C(c2c[nH]c3ccc(-c4ccsc4)cc23)CC1,CHEMBL417470
DEC_1023,decoy,CN[C@@H]1CN(C(=O)N(C(C)C)C(C)C)C[C@@H]1C(=O)O,CHEMBL18424
DEC_3732,decoy,C=CC(O)c1nc(O)c2c(ccc3nc(Nc4c(Cl)cccc4Cl)n(C)c32)c1C,CHEMBL281285
DEC_1192,decoy,CN1C(=O)CC[C@]2(C)C3CC[C@@]4(C)C(CC[C@@]4(O)C#CCCBr)C3CCC12,CHEMBL10163
DEC_3672,decoy,O=C1CC2(CCCC2)CC(=O)N1CCCCNCC1COc2c(ccc3ccccc23)O1,CHEMBL11787
DEC_3612,decoy,O=C1CCC(c2ccc(NCc3ccnc4ccccc34)cc2)=NN1,CHEMBL417083
DEC_2484,decoy,Oc1ccc2c3c1OC1[C@H]4OC[C@@]4(CCCc4ccccc4)CC4C(C2)N(CC2CCC2)CCC341,CHEMBL9743
DEC_0540,decoy,CCC1(c2cccc(Oc3cc(Cn4ccnc4)ccc3C#N)c2)CCCCN(C)C1=O,CHEMBL282499
DEC_1236,decoy,C[C@@H]1C[C@@H](CC(=O)Nc2ccccc2)n2c(=O)c(=O)[nH]c3cc(Br)cc1c32,CHEMBL418055
DEC_4238,decoy,COC(=O)[C@H](Cc1cccc(C(=N)N)c1)[C@@H](C)NC(=O)c1ccc(-c2cccc(CN(C)C)c2)cc1,CHEMBL47704
DEC_4495,decoy,Cc1cc(CCCOc2c(C)cc(-c3noc(C(C)(F)F)n3)cc2C)on1,CHEMBL282128
DEC_0002,decoy,CC(C)Oc1nc(C(Cl)(Cl)Cl)c(Cl)c(OC(C)C)c1Cl,CHEMBL275717
DEC_3970,decoy,NC(=O)c1ccc(S(=O)(=O)Nc2cccc(C(c3c(O)c4c(oc3=O)CCCCCC4)C3CC3)c2)cc1,CHEMBL418545
DEC_4559,decoy,CCCCc1nc2ccc(C3=NNC(=O)CC3C)cc2n1Cc1ccc(-c2ccccc2-c2nn[nH]n2)cc1,CHEMBL25989
DEC_4651,decoy,O=C(O)c1c(-c2ccc3c(c2)OCO3)c2cc(Cl)ccc2n1-c1ccccc1,CHEMBL273488
DEC_3521,decoy,CCC(CO)Cc1cc(OC)ccc1[C@@H]1c2nc(NC(C)C)ccc2[C@H](c2ccc3c(c2)OCO3)[C@H]1C(=O)O,CHEMBL411925
DEC_2627,decoy,C#Cc1cccc(Oc2cc(Cn3ccnc3)ccc2C#N)c1,CHEMBL22080
DEC_4125,decoy,CCCCc1ccc(/C=C2\NC(=O)NC2=O)cc1,CHEMBL37075
DEC_1853,decoy,Cc1c(C)c2c(c(C)c1OCc1ccccc1)CCC(C)(CN(C)CCOc1ccc(/C=C3\SC(=O)NC3=O)cc1)O2,CHEMBL6514
DEC_4657,decoy,Cc1cc(NC(=O)c2c(C(F)(F)F)nc3c(C(F)(F)F)cccc3c2O)no1,CHEMBL35866
DEC_3666,decoy,Cc1c(S(=O)(=O)N[C@H]2CCN(Cc3cc4[nH]cccc-4n3)C2=O)sc2ccc(Cl)cc12,CHEMBL8206
DEC_0747,decoy,CSc1sc(-c2cccnc2)c2c1C(=O)CC(C)(C)C2,CHEMBL17574
DEC_3426,decoy,COc1ccc(C[C@H]2NC(=O)/C=C/C[C@@H]([C@H](C)[C@H]3O[C@@H]3c3ccccc3)OC(=O)[C@H](CC(C)C)OC(=O)[C@H](C)NC2=O)cc1Cl,CHEMBL164673
DEC_2133,decoy,Cc1nc2c([nH]1)C(=O)N1CCN=C1N2CC(C)C,CHEMBL274028
DEC_0328,decoy,c1ccc(N2CCN(C3c4ccccc4Oc4ccccc43)CC2)nc1,CHEMBL20545
DEC_0612,decoy,COc1ccc(NS(=O)(=O)c2ccc(N)cc2)c2[nH]cc(Cl)c12,CHEMBL20047
DEC_4693,decoy,C=C(CC[C@@H](O)[C@]1(C)CC[C@H](C(C)(C)O)O1)[C@H]1CC[C@H]2O[C@@H]([C@]3(C)CC[C@@H](Br)C(C)(C)O3)CC[C@]2(C)O1,CHEMBL23834
DEC_3505,decoy,C=CC(C)(C)c1c(C2=C(O)C(O)=C(c3c[nH]c4c(CCC(C)(C)O)cccc34)C(=O)C2=O)c2ccccc2n1C,CHEMBL279543
ACT_079,active,CN1CCN(Cc2ccc(NC(=O)Nc3cc(C#Cc4cnc5cccnn45)n(C)n3)cc2C(F)(F)F)CC1,CHEMBL2324926
DEC_1308,decoy,Cc1c(C)c2c(c(C)c1O)CCC(C)(COc1ccc(NCC(O)COc3cccc4cnccc34)cc1)O2,CHEMBL66963
DEC_0576,decoy,Oc1ccc(C2=C(c3ccc(O)cc3)c3ccc(O)cc3C2)cc1,CHEMBL26865
DEC_3573,decoy,COC(=O)c1cc(C(=CCCOS(C)(=O)=O)c2cc(Cl)c(OC)c(C(=O)OC)c2)cc(Cl)c1OC,CHEMBL63229
DEC_2744,decoy,CCN(c1nc(C)cc(-c2ccccc2C(F)(F)F)n1)c1c(Br)cc(N(C)C)cc1OC,CHEMBL10015
DEC_0676,decoy,CN(C)CC#CCCC1(C2(O)c3ccccc3Sc3ccccc32)SCCCS1,CHEMBL41269
DEC_2221,decoy,CN(CC#CCCC1(C2(O)c3ccccc3Sc3ccccc32)SCCCS1)CCCc1ccccc1,CHEMBL287759
DEC_2969,decoy,Cc1cc(C)c(NC(=O)c2sccc2S(=O)(=O)Nc2onc(C)c2C)c(C)c1CC#N,CHEMBL279471
DEC_0674,decoy,C[C@@H]1CC[C@H]2[C@@H](C)C(Nc3ccc(I)cc3)O[C@@H]3O[C@@]4(C)CC[C@@H]1[C@]32OO4,CHEMBL50353
DEC_2233,decoy,CCCc1nc2c(n1Cc1ccc(-c3ccccc3S(=O)(=O)Nc3onc(C)c3C)cc1)C(=O)CCCC2,CHEMBL12779
DEC_1871,decoy,COc1cc2c(cc1O)CN(CCCCCC(C#N)(Sc1ccc(C)cc1)c1ccc(OC)c(OC)c1)CC2,CHEMBL442368
DEC_3939,decoy,O=C(NCCCOc1ccc2nc(O)ccc2c1)N(C1CC1)[C@@H]1CCC[C@H]1O,CHEMBL286919
DEC_1831,decoy,CCCCN(Cc1ccccc1)C(=O)C#CCOC(=O)c1c(CC)nc(CCC)n1Cc1ccc(-c2ccccc2-c2nn[nH]n2)cc1,CHEMBL309455
DEC_2802,decoy,NCCN(CCNC1CCCCCCCCCCCCCC1)CCNC1CCCCCCCCCCCCCC1,CHEMBL21467
DEC_0980,decoy,Cc1cn(C2CC(O)C(CNC(=O)CC3(C)CC(O)CN3)O2)c(=O)[nH]c1=O,CHEMBL20165
DEC_3221,decoy,C1CCN(CCSSCCN2CCCCC2)CC1,CHEMBL18088
DEC_2643,decoy,Clc1ccc(-n2ccc(C(c3ccccc3)n3ccnc3)c2)cc1,CHEMBL280886
DEC_3574,decoy,CCCCc1cn(-c2ccccc2C(C)(C)C)c(=O)n1Cc1ccc(-c2ccccc2-c2nn[nH]n2)nc1,CHEMBL427808
DEC_3036,decoy,CCN1C(=O)c2c(nc(Cc3ccccc3)n2Cc2ccccc2C)N2C1=N[C@@H]1CCC[C@@H]12,CHEMBL26498
DEC_1872,decoy,Cc1c2ccnc(C(=O)NCCN(C)C)c2cc2c3cc(OC(=O)CCCCC4CCSS4)ccc3n(C)c12,CHEMBL449656
DEC_1553,decoy,CCCS(=O)(=O)NCC1(C(=O)Nc2ccc(-c3ccccc3S(N)(=O)=O)cn2)CC(c2ccc(Cl)c(N)c2)=NO1,CHEMBL8135
DEC_0624,decoy,C[C@@H]1CC(C)(C)Nc2ccc3c(c21)[C@H](c1ccc(Cl)cc1)Oc1ccccc1-3,CHEMBL36076
DEC_4309,decoy,COC1C(O[C@@H]2c3c(cc4c(c3O)C(=O)c3c(O)cccc3C4=O)C(=O)[C@@](C)(O)[C@H]2OC)OC(C)C(O)C1O[Si](C)(C)C(C)(C)C,CHEMBL92283
DEC_4760,decoy,CCCNC(=O)Nc1cccc(-c2ccc(C[C@H](NS(=O)(=O)c3cc(Cl)ccc3OC)C(=O)O)cc2)c1,CHEMBL417792
DEC_4033,decoy,C/C(=C\c1cc(C(=O)/C=C/c2ccccc2)cn1C)C(=O)NO,CHEMBL267781
DEC_2466,decoy,CC(C)C1=CC2CC3(C=O)[C@@H]4CC[C@@H](C)[C@H]4CC2(CO[C@H]2C[C@H]4[C@H](OC[C@@H]4C)[C@@H](C)O2)C13C(=O)O,CHEMBL430956
DEC_2576,decoy,Sc1nc(S)c2cc(Sc3ccc4ccccc4c3)ccc2n1,CHEMBL7316
DEC_1248,decoy,N#Cc1ccc(Nc2c(NC3CC4CCC3C4)c(=O)c2=O)cc1,CHEMBL19077
DEC_4156,decoy,CC(C)(C)c1cc(C(=O)CSCC2CC2)cc2c1OCC2(C)C,CHEMBL417254
DEC_0754,decoy,c1ccc2sc(C3(N4CCCCCC4)CCCC3)cc2c1,CHEMBL18025
DEC_4100,decoy,O=P(O)(O)ON1C=CC=C2C=CC=C(O)C21,CHEMBL285665
ACT_085,active,O=c1ccc2c(-c3ccc(F)cc3Cl)cc(C3CC4CCC(C3)N4)cc2n1-c1c(Cl)cccc1Cl,CHEMBL199701
DEC_4775,decoy,CCNC(=O)N1C(=O)[C@H](CCCCC(=N)N)[C@H]2c3ccc(-c4cccc(C(=O)N(CC)CC)c4)cc3C[C@@H]21,CHEMBL296764
DEC_2984,decoy,CCNC/C=C/c1nc(O)c2c(ccc3nc(Nc4c(Cl)cccc4Cl)n(C)c32)c1C,CHEMBL27350
DEC_2952,decoy,CC(C)=CCC[C@](C)(O)C1CC[C@]2(C)C1[C@H](O)CC1[C@@]3(C)CC[C@H](O)C(C)(C)C3[C@@H](O)C[C@]12C,CHEMBL28423
DEC_3596,decoy,O=S(=O)(c1cccc2cccnc12)N1Cc2ccccc2N(Cc2c[nH]cn2)C(CCc2ccccc2)C1,CHEMBL8213
DEC_4815,decoy,CCc1ccc([S+](C)[O-])c(C(=O)c2ccc(Cl)cc2)c1,CHEMBL25143
DEC_4677,decoy,OCCN1CCN(C2CC(c3ccc(F)cc3)c3ccc(C(F)(F)F)cc32)CC1,CHEMBL12628
DEC_1144,decoy,CCC(O)c1nc2c(C(F)(F)F)cccc2c(O)c1C(=O)Nc1ccccn1,CHEMBL34318
DEC_0169,decoy,CN1CCC23c4c5ccc(OC(C)(C)C)c4O[C@H]2[C@@H](O)C=CC3C1C5,CHEMBL22919
DEC_3455,decoy,O=C1C=CC(c2[nH]c3ccccc3c2C2=CCNCC2)=NC1,CHEMBL281090
DEC_0167,decoy,CC1(C)CC(=O)c2c(SCCO)sc(-c3cc[nH]n3)c2C1,CHEMBL17466
DEC_3377,decoy,CC(C)(C)n1cc(C(=O)O)c(=O)c2cc(F)c(N3CCNC(CF)C3)cc21,CHEMBL27029
DEC_4137,decoy,CC(C)/C=C1\N=C(CC(C)C)C(=O)N(O)C1=O,CHEMBL16320
DEC_2229,decoy,Cc1c(C)c2c(c(C)c1OCc1ccccc1)C(COc1ccc(CC3SC(=O)NC3=O)cc1)C(C)(C)O2,CHEMBL293748
DEC_1160,decoy,O=S1NC(Cc2cccc(Cl)c2)=NO1,CHEMBL428701
DEC_3161,decoy,COc1cc(NC(C)CCCN)c2ncc(C)cc2c1Oc1ccc(F)c(C(F)(F)F)c1,CHEMBL262716
DEC_2388,decoy,N#Cc1ccc(O)c(C(=O)/C=C/c2ccc(OCc3ccc4ccccc4n3)cc2)c1,CHEMBL11786
DEC_2929,decoy,OC[C@@]1(CCCc2ccccc2)CC2C3Cc4ccc(O)c5c4C2(CCN3CC2CCC2)C(O5)[C@@H]1O,CHEMBL9858
DEC_3153,decoy,Cc1cc(SC2=C(O)OC(C)(CCc3ccc(O)cc3)CC2=O)c(C(C)(C)C)cc1O,CHEMBL37668
DEC_2898,decoy,CC(=O)Oc1ccc(-c2nc(-c3ccc(N=C=S)cc3)no2)cc1,CHEMBL22182
DEC_3488,decoy,O=C1CN2Cc3c(Cl)cc(N4CCCCC4)cc3N=C2N1,CHEMBL287066
ACT_053,active,COc1cc2/c(=N/c3ccc(Br)cc3F)nc[nH]c2cc1OCC1CCN(C)CC1,CHEMBL24828
DEC_4485,decoy,CCCc1nccn1-c1ccc(C(=O)c2[nH]c(O)nc2CC)cc1,CHEMBL421859
DEC_2788,decoy,CCCCCCC[C@H]1OC(=O)C[C@H](O)[C@H](Cc2ccccc2)N(C)C(=O)[C@H](C(C)C)OC(=O)[C@H]1C,CHEMBL290432
DEC_2254,decoy,CC(C)=CCC(OC(=O)c1cccnc1)C1=CC(=O)c2c(O)ccc(O)c2C1=O,CHEMBL283840
DEC_0550,decoy,CC(=O)N(C(=O)N=[S+]([O-])(c1ccc(C)cc1)N(C)C(C)=O)c1ccc(Cl)cc1,CHEMBL7876
DEC_1038,decoy,N#CC1CCN(CCCN2CCC(C#N)CC2)CC1,CHEMBL10298
DEC_0221,decoy,CCC(=C(c1ccccc1)c1ccccc1)c1ccccc1,CHEMBL418153
DEC_1644,decoy,Oc1cc(C(F)(F)F)c2cc3c(cc2n1)NC[C@H]1CCCC[C@H]31,CHEMBL25802
DEC_2296,decoy,C(=C1/CCCN(c2ccc(C3=NCCN3)cc2)C1)\c1ccc(C2=NCCN2)cc1,CHEMBL267154
DEC_0844,decoy,CC(=O)O[C@H]1[C@@H]2[C@H](C)[C@@H](OC(=O)/C=C/c3ccccc3)CC[C@@]2(C)[C@@H](OC(C)=O)[C@H](OC(C)=O)C2=C(C)C(=O)C[C@@H]1C2(C)C,CHEMBL323703
DEC_3633,decoy,Nc1nc(N)c2cc(Sc3cccc(C(F)(F)F)c3)ccc2n1,CHEMBL268089
DEC_2222,decoy,O=C1c2ccccc2C(=O)N1CCCCCN1C(=O)[C@H](Cc2ccc(O)cc2)n2cccc2-c2ccccc21,CHEMBL298458
DEC_1586,decoy,CNC(=O)[C@@H](Cc1ccc(OC)cc1)NC(=O)[C@@H]1Cc2ccc(cc2)OCCC[C@H](C(=O)NO)[C@@H](CC(C)C)C(=O)N1,CHEMBL90928
DEC_4724,decoy,CCN(CC)S(=O)(=O)c1cc(C(=O)Nc2sc3c(c2C#N)CCC(c2ccc(O)cc2)C3)c(Cl)cc1Cl,CHEMBL93913
DEC_0623,decoy,C[C@H]1CC(C)(C)Nc2ccc3c(c21)[C@H](c1ccc(Cl)cc1)Oc1ccccc1-3,CHEMBL286822
DEC_1501,decoy,CC(C)=CC[C@@H](OC(=O)c1ccccc1)C1=CC(=O)c2c(O)ccc(O)c2C1=O,CHEMBL8805
DEC_3963,decoy,COc1ccc([C@@H]2c3nc(NC(C)C)ccc3[C@H](c3ccc4c(c3)OCO4)[C@H]2C(=O)O)c(CCC(C)(C)O)c1,CHEMBL37920
DEC_3115,decoy,CC1(C(=O)Nc2ccc(-c3ccccc3S(N)(=O)=O)cc2)CC(c2cccc(C(=N)N)c2)=NO1,CHEMBL7967
DEC_1414,decoy,Cc1cc(C(c2ccc(OCc3ccccc3)cc2)N2CCN(C)CC2)sn1,CHEMBL421855
DEC_0097,decoy,Clc1cc(Cl)c2c(c1)[C@H]1OCC[C@H]1[C@@H](c1c[nH]c3ccc(Br)cc13)N2,CHEMBL281688
DEC_1101,decoy,COc1ccc(CSc2c(F)c(N3CCN(C)CC3)c(F)c3c2c(=O)c(C(=O)O)cn3C2CC2)cc1,CHEMBL43335
DEC_1133,decoy,CNCCN(C)/C(S)=N/c1c(Cl)cccc1Cl.O=C(O)/C=C\C(=O)O,CHEMBL31958
DEC_2041,decoy,CCO[C@@]1(CC)c2cccc3c2-c2c1ccc1c2[C@@H](C3)N(C)CC1,CHEMBL280804
DEC_2754,decoy,COC(=O)N[C@@H](c1ccsc1)[C@@H](O)C(=O)OC1CC2C(C)(C)C1(C)[C@@]13CC(C)c4ccccc4[C@@]21O3,CHEMBL430529
DEC_0913,decoy,CO/C1=C\C(C)=C\[C@@H](C)[C@@H](O)[C@@H](C)C/C(C)=C/C=C/[C@H](OC)[C@@H]([C@@H](C)[C@@H](O)[C@H](C)[C@@]2(O)C[C@@H](O)[C@H](C)[C@@H](C(C)C)O2)OC1=O,CHEMBL290814
DEC_4275,decoy,O=C(Nc1cccc(NC(=O)Nc2ccon2)c1)Nc1ccon1,CHEMBL13611
DEC_2916,decoy,Nc1nc2cc(Cl)c(Cl)cc2n1CCCOCCCn1c(N)nc2cc(Cl)c(Cl)cc21,CHEMBL296934
DEC_4436,decoy,COc1ccc2c(c1O)-c1cccc3c1C(C2)N(CCOC(=O)NCCCl)CC3,CHEMBL7217
DEC_2781,decoy,Cc1noc(NS(=O)(=O)c2ccsc2NC(=O)Oc2ccc3c(c2)OCO3)c1Br,CHEMBL45872
DEC_2446,decoy,Brc1ccc(N(CC2CC2)C2=NCCN2)cc1Br,CHEMBL20092
DEC_4185,decoy,COc1cccc2c1CCC[C@H]2CN(C)CCc1ccc2c(c1)CCS2,CHEMBL10369
DEC_3238,decoy,C=CCN(CC=C)c1ccc(Nn2c(C)ccc2C)nn1,CHEMBL275557
ACT_087,active,CCn1c(=O)n(CC)c2cc(-c3ccnn3-c3cccc(C)c3)ccc21,CHEMBL171242
DEC_2674,decoy,COc1ccc2c(c1OC)C(C#N)N1CCc3cc4c(cc3C1=C2)OCO4,CHEMBL11733
DEC_2250,decoy,O=C1N(Cc2ccc(-c3ccccc3-c3nn[nH]n3)cc2)C(c2ccccc2)=NC1(c1ccccc1)c1ccccc1,CHEMBL39542
DEC_0616,decoy,COC(=O)Nc1nc2cc(C(=O)NC3CCCCC3)ccc2[nH]1,CHEMBL11865
DEC_1063,decoy,O=S(=O)(CS(=O)(=O)C(F)(F)C(F)(F)C(F)(F)C(F)(F)F)c1ccc(OC(F)(F)F)cc1,CHEMBL12254
DEC_3827,decoy,CC1(C)C2CC[C@@]1(CS(=O)(=O)N1CCC3(CCc4ccccc43)CC1)[C@@H](NC(=O)Cc1c[nH]cn1)C2,CHEMBL20230
DEC_0496,decoy,CSc1sc(C(=N)N)cc1-c1nc(-c2ccc3c(c2)OCCO3)cs1,CHEMBL285325
DEC_2090,decoy,CC(C)N1CCN(C(C)C)C(C2=NCCN2)C1,CHEMBL41263
DEC_2391,decoy,O=C1NCN(c2ccccc2)C12CCN([C@H]1CCc3c(Cl)ccc(Cl)c3C1)CC2,CHEMBL283910
DEC_2774,decoy,CC1(C)NC(=O)N(CC(COc2ccc(-c3ccc(OC(F)(F)F)cc3)cc2)N(O)C=O)C1=O,CHEMBL43411
DEC_0725,decoy,C[C@@]12C=Cc3occc3C1CC[C@]13CC(=O)C(CCC12)C3,CHEMBL32743
DEC_2314,decoy,Nc1ccc(CCCn2ncc3c2nc(N)n2nc(-c4ccco4)nc32)cc1,CHEMBL281805
ACT_042,active,COc1ccc(Nc2ncc3nc(Nc4ccccc4F)n(C4CCOCC4)c3n2)cc1,CHEMBL1946341
DEC_0776,decoy,O=c1c(-c2ccc(O)cc2)c(Sc2ccc(O)cc2)oc2cc(O)ccc12,CHEMBL33925
DEC_2039,decoy,N=C(N)N(CC1CC1)c1c(Br)cccc1Br,CHEMBL278629
DEC_2258,decoy,C/C=C/C=C/C(=O)O[C@H](CC=C(C)C)C1=CC(=O)c2c(O)ccc(O)c2C1=O,CHEMBL9148
ACT_074,active,Nc1ncc(-c2cnn(CCO)c2)c2scc(-c3ccc(NC(=O)Nc4ccc(OC(F)F)cc4)cc3)c12,CHEMBL1972220
DEC_2766,decoy,Cc1noc(NS(=O)(=O)c2ccsc2C2(Cc3ccc4c(c3)OCO4)OCCO2)c1Cl,CHEMBL47383
DEC_4086,decoy,COc1ccc2c(c1)c(Cc1nc(-c3ccc(Cl)cc3)cs1)c(C)n2C(=O)c1ccc(Br)cc1,CHEMBL28220
DEC_4550,decoy,CCn1cc(C(C(=O)NS(=O)(=O)c2ccc(C(C)C)cc2)c2ccc3c(c2)OCO3)c2ccc(C(=O)O)cc21,CHEMBL23833
DEC_3722,decoy,C[S+]([O-])c1ccc(O)c(C(=O)Nc2ccc(Oc3ccc(Cl)cc3)c(Cl)c2)c1,CHEMBL31396
DEC_4126,decoy,O=C(O)CCCC(=O)N1CCC[C@H]1C(=O)O,CHEMBL277919
DEC_1497,decoy,C=C(C)CCN(C1=NCCN1)c1c(Br)cccc1Br,CHEMBL20490
DEC_2429,decoy,CCCCCCOc1ccc2c3c1OC1C(O)C=CC4C(C2)N(C)CCC341,CHEMBL29548
DEC_1657,decoy,C[C@H]1Cc2cc3c(C(F)(F)F)cc(O)nc3cc2N[C@@H]1C,CHEMBL6983
DEC_3643,decoy,CSc1sc(C(=N)N)cc1-c1nc(C2CCCCC2)cs1,CHEMBL283859
DEC_0659,decoy,CC(C)c1ccccc1Sc1c(O)cc(-c2cc(Cl)cc(Cl)c2)oc1=O,CHEMBL12224
DEC_4260,decoy,N=C(N)c1ccc(N2CCCN(c3ccc(C(=N)N)cc3)CC2)cc1,CHEMBL269032
DEC_1668,decoy,CC1(C)OC(S)=Nc2ccc(-c3csc(C#N)c3)cc21,CHEMBL282650
DEC_1270,decoy,CCCCCOc1ccc2c3c1OC1C(O)C=CC4C(C2)N(C)CCC341,CHEMBL25917
ACT_062,active,CC(=O)Nc1cc(COc2ccc(NC(=O)Nc3cc([Si](C)(C)C)ccc3F)c(F)c2)ccn1,CHEMBL6042780
DEC_0157,decoy,O=S1NC(Cc2cc3cc(Br)ccc3s2)=NO1,CHEMBL17707
DEC_1495,decoy,CCCCC(=O)N1N=C(c2ccc(N)cc2)c2cc3c(cc2CC1C)OCO3,CHEMBL553335
DEC_4168,decoy,c1ccc(Cc2ccc(OCCn3cnc4cnccc43)cc2)cc1,CHEMBL441950
ACT_037,active,CCOC(=O)c1c(C)n(-c2ccc(I)cc2)c2c1cc(O)c1ccccc12,CHEMBL1970352
DEC_4451,decoy,CC1CCC(/C=N/c2ccc(CC(=O)O)cc2)=C2NC=C(C(=O)O)C(=O)N21,CHEMBL21364
DEC_0198,decoy,CCCCCc1cc(O)c2c(c1)OC(C)(C)[C@@H]1CC[C@H](C)CC21,CHEMBL10495
DEC_0373,decoy,C[C@H](CS)C(=O)N1C[C@@H](S(=O)(=O)c2ccccc2)C[C@H]1C(=O)O,CHEMBL15777
DEC_1631,decoy,c1ccc(CNc2nc(-c3ccccc3)nc3ccsc23)cc1,CHEMBL435363
DEC_2007,decoy,CCSC1=NS(=O)(=O)c2cc(C)cnc2N1Cc1ccc(-c2ccccc2-c2nn[nH]n2)cc1,CHEMBL13783
DEC_3862,decoy,Cc1cc(-c2noc(C(F)(F)F)n2)cc(C)c1OCCCc1cc(C[S+](C)[O-])no1,CHEMBL29421
DEC_2127,decoy,CC1=C/C(=C\C#CCCO)C(=O)C(C)(O)C12CC2,CHEMBL7993
DEC_1170,decoy,CN1CC(C)(C2=NCCN2)Oc2ccccc21,CHEMBL13938
DEC_4290,decoy,C=C[C@@]1(C)CC(=O)[C@]2(O)C3(C)C(C(OC(=O)CN(C)C4CCCCC4)C(O)[C@@]2(C)O1)C(C)(C)CC[C@@H]3O.ClC(Cl)Cl,CHEMBL55455
DEC_2515,decoy,CCCCN(CCC)C1Cc2cccc3nc(O)n(c23)C1,CHEMBL12021
DEC_4745,decoy,CC(=O)NC[C@@H](Cc1ccccc1)N(C)C(=O)[C@@H](Cc1ccc2ccccc2c1)N(C)C(=O)/C=C/CC(C)(C)N,CHEMBL26004
DEC_1499,decoy,C[C@@](O)(/C=C/C1[C@H](O)C[C@@H]2OC(=O)CCC/C=C\C[C@H]12)CCc1ccccc1,CHEMBL429044
DEC_3089,decoy,CC/N=C(\N)Nc1nc2nc(NCCCN(CC)CC)ncc2cc1-c1c(Cl)cccc1Cl,CHEMBL58937
DEC_4051,decoy,Cc1ccccc1C(c1sncc1C)N1CCN(C)CC1,CHEMBL22565
DEC_4516,decoy,Cc1cc(CCCOc2c(C)cc(-c3noc(C(F)(F)F)n3)cc2C)on1,CHEMBL29609
DEC_0658,decoy,C/C(=C\c1ccc(C(=O)O)cc1)c1cc2c(cc1Cl)C(C)(C)CCC2(C)C,CHEMBL36464
DEC_4804,decoy,C=C[C@@H]1CC2C3CCC(=O)C3(C)CCC2C2(C)CCC(=O)C=C12,CHEMBL24410
DEC_0015,decoy,COC1(c2csc(Sc3ccc4c(c3)OCC/C4=N\O)c2)CCOCC1,CHEMBL284403
DEC_3730,decoy,Cc1cc(SC2=C(O)OC(CCc3ccc(O)cc3)(C(C)C)CC2=O)c(C(C)(C)C)cc1N,CHEMBL38268
DEC_4347,decoy,O=C1Nc2ccc(Cl)cc2C(C#Cc2ccoc2)(C(F)(F)F)O1,CHEMBL280029
DEC_3962,decoy,CNc1ccc(C(=O)Nc2ccc(-c3ccccc3S(N)(=O)=O)cc2)c(Oc2cccc(C(=N)N)c2)c1,CHEMBL48131
DEC_0834,decoy,C=C1[C@@H](OC(=O)CC(c2ccccc2)N(C)C)CC[C@]2(C)[C@@H]1C[C@@H]1C[C@H](OC(C)=O)C(C)=C([C@@H](OC(C)=O)[C@@H]2OC(C)=O)C1(C)C,CHEMBL341156
DEC_3433,decoy,COc1cc([C@@H](O)[C@H]2C(=O)O[C@@H](OC3CC(C)CCC3C(C)C)[C@@H]2C(=O)c2ccc3c(c2OC)OCO3)cc(OC)c1OC,CHEMBL302952
DEC_2659,decoy,CC(=O)OC1C[C@@]23CCC4c5ccoc5C=C[C@@]4(C)C2CCC1C3,CHEMBL284251
DEC_0631,decoy,CC1(C)CC(=O)c2c(ccc3c2C(c2ccc(Cl)cc2)Oc2ccccc2-3)N1,CHEMBL286662
DEC_1176,decoy,O=C1CN(c2cnc3ccccc3n2)CCN1,CHEMBL6695
DEC_1223,decoy,CC1(C)Oc2ccc(C#N)cc2[C@H](N(Cc2ncc[nH]2)c2ccc(Cl)cc2)[C@H]1O,CHEMBL11594
DEC_1009,decoy,O=S(=O)(CI)OCCCl,CHEMBL17267
DEC_3281,decoy,COc1cc([C@@H]2c3cc4c(cc3[C@@H](Nc3ccc(Cl)cc3)[C@H]3COC(=O)[C@H]23)OCO4)cc(OC)c1O,CHEMBL28733
DEC_4639,decoy,CCCCc1nc(SC)c(C(=O)O)n1Cc1ccc(-c2ccccc2S(=O)(=O)NC(=O)OCC)cc1,CHEMBL80900
DEC_3675,decoy,CC(C)Oc1nc2ccc(C(=O)O)cn2c(=O)c1Cc1ccc(-c2ccccc2-c2nn[nH]n2)cc1,CHEMBL57781
DEC_4274,decoy,Nc1nc(N)c2c(CNc3ccc(Cl)c(Cl)c3)c[nH]c2n1,CHEMBL17873
DEC_2030,decoy,Cc1nnc2n1-c1ccc(C#CCN3C(=O)CCc4ccccc43)cc1C(c1ccccc1F)=NC2O,CHEMBL279021
DEC_2859,decoy,CN1CCN(CCCN2c3ccccc3Sc3ccc(Cl)cc32)CC1,CHEMBL728
DEC_4435,decoy,Cn1cc(C2=C(c3cn(CCSC(=N)N)c4ccccc34)C(=O)NC2=O)c2ccccc21,CHEMBL267126
DEC_0670,decoy,C=C1/C(=C\C=C\[C@@H]2CC[C@](C)(CC#CC(O)(C(F)(F)F)C(F)(F)F)C2(C)C)C[C@@H](O)C[C@@H]1O,CHEMBL290479
DEC_4300,decoy,CC[C@H]1OC(=O)CC(O)[C@H](C)[C@@H](O[C@@H]2O[C@H](C)C[C@H](N(C)C)[C@H]2O)[C@@H](CCN2CCN(C)CC2)C[C@@H](C)C(=O)/C=C/C(C)=C/[C@@H]1C,CHEMBL8751
DEC_2367,decoy,Fc1ccc([C@H]2OC(=S)O[C@]2(Cn2cncn2)c2ccc(Cl)cc2Cl)cc1,CHEMBL10071
DEC_2299,decoy,C(=C1\CCCN(c2ccc(C3=NCCN3)cc2)C1)\c1ccc(C2=NCCN2)cc1,CHEMBL24250
DEC_0331,decoy,CC(C)[C@H]1OCO[C@]1(Cn1cncn1)c1ccc(Cl)cc1,CHEMBL10285
DEC_1927,decoy,CNCCSC1=Cc2ccccc2Sc2ccc(Cl)cc21,CHEMBL15974
DEC_0333,decoy,O=S1(N2CC2)=NP(N2CC2)(N2CC2)=NP(N2CC2)(N2CC2)=N1,CHEMBL25804
DEC_2584,decoy,CCCCCc1cc(O)c2c(c1)OC(C)(C)[C@@H]1CC[C@H](CNC)CC21,CHEMBL281702
DEC_1151,decoy,CCC(=O)c1c(O)n(O)c2cc(NC(=O)/C=C/c3ccccc3Cl)ccc12,CHEMBL278443
DEC_1852,decoy,COc1ccccc1COCCCOc1ccc([C@H]2CCNC[C@@H]2OCc2cc(OC)c3ccccc3c2OC)cc1,CHEMBL430539
DEC_0940,decoy,CC1CN(CCCN2CCc3c([nH]c4ccccc34)C2)CC(C)N1,CHEMBL12595
DEC_1331,decoy,CCc1nc(N)nc(N)c1-c1ccc(Cl)c(/N=N/N(CCOC(=O)c2ccccc2)Cc2ccccc2)c1,CHEMBL87013
DEC_0302,decoy,O=C1N(CN2CCCCC2)c2ccccc2C12SCCS2,CHEMBL6389
DEC_1556,decoy,Br.CN(C)C(=N)CCNC(=O)c1cc(NC(=O)c2cc(NC(=O)c3cc(NC=O)cn3C)cn2C)cn1C,CHEMBL9703
DEC_1858,decoy,CC(C)C(O)(c1ccccc1)c1ccc(C(Cc2cc[n+]([O-])cc2)c2ccc(OC(F)F)c(OC(F)F)c2)cn1,CHEMBL294717
DEC_0252,decoy,CCc1c2c(nc3cnc(CCCN(C)C)cc13)-c1cc3c(c(=O)n1C2)COC(=O)[C@]3(O)CC,CHEMBL275538
DEC_4593,decoy,CCN(CC)CCN(C)CC[C@@H]1c2cc3c(cc2[C@@H](c2cc(OC)c(O)c(OC)c2)[C@H]2C(=O)OCC12)OCO3,CHEMBL48114
DEC_4603,decoy,COc1cc([C@@H]2c3cc4c(cc3[C@@H](CCN(C)CCN3CCCCC3)C3COC(=O)[C@@H]32)OCO4)cc(OC)c1O,CHEMBL46139
DEC_0272,decoy,O=C1NC(=O)C(CC#Cc2ccc(C(F)(F)F)cc2)(S(=O)(=O)c2ccc(F)cc2)S1,CHEMBL11742
DEC_4792,decoy,CC1(C)OC(S)=Nc2ccc(-c3cc(F)cc(C(F)(F)F)c3)cc21,CHEMBL25017
ACT_098,active,CC1(C)OCC(CN2CCN(C(=O)c3cc(C(C)(C)C)sc3NC(=O)Nc3cccc(Cl)c3Cl)CCC2=O)O1,CHEMBL1929234
DEC_0318,decoy,CNC(=O)OC1CCn2c3c(c(CCl)c21)C(=O)C(OC)=C(C)C3=O,CHEMBL17982
DEC_0642,decoy,Cc1cc2c(cc1C1=NOC(c3ccc(C(=O)O)cc3)C1)C(C)(C)CCC2(C)C,CHEMBL25337
DEC_0263,decoy,CC1=C(C(=O)OC(c2ccccc2)c2ccccc2)N2C(=O)[C@@H](NC3=NC4CC4N3)C2SC1,CHEMBL416710
DEC_3008,decoy,Cc1c(C)c2ccc(OS(=O)(=O)c3ccc(Br)cc3)cc2oc1=O,CHEMBL278974
ACT_019,active,C[C@@H]1C[C@H]2[C@@H]3CCC4=CC(=O)C=C[C@]4(C)C3=CC[C@]2(C)[C@H]1C(=O)CN1CCN(c2cc(N3CCCC3)nc(N3CCCC3)n2)CC1,CHEMBL1630578
DEC_2490,decoy,COc1ccc2c3c1OC1[C@H](O)[C@](CO)(CCc4ccccc4)CC4C(C2)N(CC2CC2)CCC341,CHEMBL9641
DEC_4357,decoy,C[C@@H](/N=c1\c(O)c(O)\c1=N/c1ccc(C#N)c(Cl)c1)C(C)(C)C,CHEMBL19420
DEC_2357,decoy,COC1(c2cc(F)cc(Sc3ccc4c(c3)CC/C4=N\OCC#N)c2)CCOCC1,CHEMBL283654
DEC_2337,decoy,Cc1csc2c(C(=O)O)c(=O)c3cc(F)c(N4CCNCC4)cc3n12,CHEMBL31199
DEC_4163,decoy,CCC(=O)N(c1ccc(Cl)c(Cl)c1)C1CCCC1N(CC)CC,CHEMBL278772
DEC_3096,decoy,CCN(CC)CCn1nc2c3c(c(NCCNC(=O)OC(C)(C)C)ccc31)Sc1cccc(OC)c1-2,CHEMBL36746
DEC_2344,decoy,CNC(C)Cc1cc(OC)c(I)cc1OC,CHEMBL10968
DEC_3906,decoy,COc1cc2c(c(OC)c1OC)OC[C@H]1[C@H](CO)Cc3cc4c(cc3[C@@H]21)OCO4,CHEMBL274948
DEC_2095,decoy,NS(=O)(=O)OC[C@]12CCC[C@H]1[C@@H]1C[C@@H]1CC2,CHEMBL285315
DEC_2462,decoy,CO[C@H]1[C@@H]2S[C@@H]2[C@H](OCC23C[C@@H]4[C@H](C)CC[C@H]4C4(C=O)CC2C=C(C(C)C)C34C(=O)O)O[C@@H]1C,CHEMBL29909
DEC_2727,decoy,Fc1ccccc1C1=N[C@H](Cc2c[nH]c3ccccc23)c2nnc(C(Cl)(Cl)Cl)n2-c2ccccc21,CHEMBL51280
ACT_072,active,COc1c(NC(=O)C(=O)c2ccc(Oc3ccnc(N4CCOCC4)n3)c3ccccc23)cc(C(C)(C)C)cc1NS(C)(=O)=O,CHEMBL1208954
DEC_3330,decoy,CCn1cc(C(=O)O)c(=O)c2c(N3CCCC3)c(F)c(N3CCCC3)c(F)c21,CHEMBL282454
DEC_0902,decoy,CC[C@H]1OC(=O)CC(O)[C@H](C)[C@@H](O[C@@H]2O[C@H](C)C[C@H](N(C)C)[C@H]2O)[C@@H](CCN2CCCC2)C[C@@H](C)C(=O)/C=C/C(C)=C/[C@@H]1C,CHEMBL9248
DEC_1320,decoy,Cc1c(C)c2c(c(C)c1O)CCC(C)(COc1ccc(NCC(O)COc3cccc4ncccc34)cc1)O2,CHEMBL303572
DEC_1667,decoy,CC1(C)OC(S)=Nc2ccc(-c3ccc(C#N)s3)cc21,CHEMBL25469
DEC_0942,decoy,O=C1c2ccccc2C(=O)C12C(c1ccc(O)cc1)=Cc1cc(O)ccc12,CHEMBL25228
DEC_3361,decoy,CC12CCC(O)CC1CCC1C2CCC2(C)[C@@H](C3=CC(=O)OC3)C(OC=O)CC12O,CHEMBL268340
DEC_3665,decoy,O=C1[C@@H](NS(=O)(=O)c2cc3ccc(Cl)cc3s2)CCN1Cc1cc2c[nH]ccc-2n1,CHEMBL267462
DEC_1997,decoy,O=C(c1ccccc1SSc1ccccc1C(=O)n1nnc2ccccc21)n1nnc2ccccc21,CHEMBL432714
DEC_3761,decoy,CC1=C(C(=O)OC(c2ccccc2)c2ccccc2)N2C(=O)[C@@H](NC3=NC(c4ccccc4)CN3)C2SC1,CHEMBL276686
DEC_3126,decoy,COC(=O)/C(=C/c1cccc(C(=N)N)c1)C(=O)Nc1ccc(-c2ccccc2S(N)(=O)=O)cc1,CHEMBL38231
DEC_1479,decoy,COc1cc(CN[C@H]2CCc3cc(OC)c(OC)c(OC)c3-c3ccc(SC)c(=O)cc32)cc(OC)c1,CHEMBL289240
DEC_2083,decoy,CC1(c2ccc(F)cc2)OC(/C=C/c2ccc(C#N)cc2)=CC1=O,CHEMBL276919
DEC_0292,decoy,Cc1ccc(C(c2sncc2C)N2CCN(C)CC2)cc1C,CHEMBL21750
DEC_1471,decoy,Cc1noc(NS(=O)(=O)c2cccc3c(NCCC(c4ccccc4)c4ccccc4)cccc23)c1C,CHEMBL29954
DEC_1839,decoy,C=C(C=O)[C@@H]1C[C@@]2(C)C(=CC1=O)[C@H](OC(=O)/C(C)=C/C(C)CCCC)CC[C@@H]2C(=O)ON[C@@H](C(=O)OC)c1ccccc1,CHEMBL80419
ACT_097,active,O=C(Nc1ccc([N+](=O)[O-])cc1)N1CCc2[nH]c3c(Cl)cc(Cl)cc3c2C1,CHEMBL1976196
DEC_2630,decoy,CN(CC(=O)c1cc(C(C)(C)C)c2c(c1)C(C)(C)CO2)CC1CC1,CHEMBL14266
DEC_2906,decoy,COc1ccc2c3c1OC1[C@H](O)[C@](CO)(CCCCc4ccccc4)CC4C(C2)N(CC2CC2)CCC341,CHEMBL427651
DEC_0694,decoy,C[C@@H]1CN(C(=O)N2c3cc(Cl)ccc3-n3cnc(C(=O)OC(C)(C)C)c3C2(C)C)C[C@H](C)N1,CHEMBL277584
DEC_0593,decoy,N#Cc1ccc(NC(=O)Nc2ccccc2Br)c(O)c1,CHEMBL27863
DEC_0265,decoy,COC(=O)/C=C/C(=O)N[C@@H]1CCC2C3Cc4ccc(O)c5c4C2(CCN3CC2CC2)[C@H]1O5,CHEMBL9262
DEC_1544,decoy,CC(C)(C)NC(=O)CN(Cc1ccccc1)C[C@@H](O)[C@H]1Cc2ccc(cc2)OCCCC(=O)N[C@@H](CC(N)=O)C(=O)N1,CHEMBL315204
DEC_2684,decoy,CC(C)(C)c1cc(C(=O)c2ccc(F)cc2)cc2c1OCC2(C)C,CHEMBL13941
DEC_4671,decoy,CC(C)c1ccc2nc(C(F)(F)F)c(C(=O)Nc3nccs3)c(O)c2c1,CHEMBL286125
DEC_4517,decoy,CCCCOC(=O)Cc1nc(-c2ccc(Cl)cc2)oc1-c1ccco1,CHEMBL19696
DEC_2609,decoy,c1ccc(C(c2ccn(-c3ccccc3)c2)n2ccnc2)cc1,CHEMBL20649
DEC_0184,decoy,CCCC[C@@]12Cc3ccccc3C[C@@](C)(N1)c1ccccc12,CHEMBL24335
DEC_2716,decoy,CCN(CC)CC#CCCC1(C2(O)c3ccccc3Sc3ccc(Cl)cc32)SCCCS1,CHEMBL41575
ACT_066,active,Cc1ccc(C(N)=O)cc1Nc1nc(NC[C@@H]2CC[C@H]3C[C@@H]2C3(C)C)nc(N[C@H]2CCNC2)n1,CHEMBL224956
DEC_1922,decoy,CC(C)=CCOC1(C(F)(F)F)OC(=O)Nc2ccc(F)cc21,CHEMBL280315
DEC_3293,decoy,Cc1nnc2n1-c1sc(C#CCN3C(=O)CCc4ccc(Cl)cc43)cc1C(c1ccccc1Cl)=NC2,CHEMBL20323
DEC_0206,decoy,Cc1ccc(C(c2ccc(-n3cccc3)cc2)n2ccnc2)cc1,CHEMBL21479
DEC_1577,decoy,CNC(=O)[C@H](Cc1ccccc1)NC(=O)[C@H](CC(C)C)N[C@H](CCN1C(=O)c2cccc3cccc(c23)C1=O)P(=O)(O)O,CHEMBL330729
DEC_2917,decoy,O=C(NC[C@@H]1Cc2ccccc2CN1C(=S)NC[C@H]1CCCN1Cc1ccoc1)Nc1ccccc1,CHEMBL40581
ACT_008,active,N#CN1CC[C@H](C(=O)Nc2nc3c(s2)CN(C(=O)CN=[N+]=[N-])CC3)C1,CHEMBL4802050
DEC_0005,decoy,CCCc1cc(=O)oc2c(C(O)CC)c(OCC)c3c(c12)OC(C)(C)C=C3,CHEMBL7693
DEC_3681,decoy,CCCOc1ccc2c(c1)c(-c1ccc3c(c1)OCO3)c(C(=O)O)n2Cc1ccc2c(c1)OCO2,CHEMBL10218
DEC_4053,decoy,CC(C)[C@@H]1CC[C@]2(C(=O)O)CC[C@]3(C)C(CCC4[C@@]5(C)CC(Br)[C@H](O)C(C)(C)C5CC[C@]43C)C12,CHEMBL69372
DEC_2737,decoy,CCN(c1nc(C)cc(N2CC=C(c3cccc(F)c3)CC2)n1)c1ccc(C(C)C)cc1Br,CHEMBL46556
DEC_1022,decoy,CC(C)(S)CN1CCN(CC(C)(C)S)CC1,CHEMBL416253
DEC_0434,decoy,CC1(C)O[C@H]2[C@@H]3OC(C(F)(F)F)(C(F)(F)F)O[C@@H]3CO[C@@]2(COS(N)(=O)=O)O1,CHEMBL25971
DEC_3358,decoy,CC12CCC(OC=O)CC1CCC1C2CCC2(C)[C@@H](C3=CC(=O)OC3)C(O)CC12O,CHEMBL6383
DEC_2038,decoy,CCCC[n+]1ccc(/C=C/c2ncc[nH]2)cc1.F[B-](F)(F)F,CHEMBL37934
DEC_4729,decoy,Cc1occc1C(=O)Nc1ccc(C(=O)N2CCC(F)(F)/C(=C/C(=O)N3CCC(N(C)C)CC3)c3ccccc32)cc1,CHEMBL310921
DEC_2231,decoy,C=CC(C)(C)c1[nH]c2ccccc2c1C1=C(O)C(O)=C(c2cn(C)c3c(CC=C(C)C)cccc23)C(=O)C1=O,CHEMBL19035
DEC_1992,decoy,O=S(=O)(c1ccccc1)N1C[C@@H](CN2CCC3(CC2)CSc2ccccc23)[C@@H](c2ccccc2)C1,CHEMBL284487
DEC_2947,decoy,O=C(O)CCc1c(Cc2ccccc2)ccc2c1CCC(NS(=O)(=O)c1ccc(Cl)cc1)C2,CHEMBL9937
DEC_2834,decoy,CCN(C(=O)c1ccc2[nH]c(-c3cc(C)cc(C)c3)c(CCNCCCCc3ccncc3)c2c1)C1CCCCCCC1,CHEMBL295641
DEC_1974,decoy,CCc1cc(OCc2ccc(-c3ccccc3-c3nn[nH]n3)cc2)c2c(n1)CCCC2,CHEMBL418226
ACT_009,active,Nc1c(C(=O)c2ccccc2C(F)(F)F)cc[n+]([O-])c1-c1ccccc1Cl,CHEMBL563749
DEC_3940,decoy,C=C(c1c(Cl)ccc(Cl)c1OCC(O)CNC(C)C)n1ccnc1,CHEMBL15578
DEC_1178,decoy,Nc1nc2ccnc(-c3cccc(F)c3)n2n1,CHEMBL20510
DEC_0459,decoy,CCn1c(=O)c2nc(-c3ccc(S(=O)(=O)N4CCN(C)CC4)cc3)[nH]c2n(CC)c1=O,CHEMBL11049
DEC_2006,decoy,CN(C)c1nsc(-c2ccc(N3CCN(c4cc(C(F)(F)F)cc(C(F)(F)F)c4)CC3)nn2)n1,CHEMBL14265
DEC_1814,decoy,CCCCOC(=O)NS(=O)(=O)c1ccccc1-c1ccc(Cn2c(CCC)nc(CC)c2C(=O)OC)c(Br)c1,CHEMBL60992
DEC_2655,decoy,COc1c(Cl)c(Cl)nc(C(Cl)(Cl)Cl)c1Cl,CHEMBL276415
DEC_0675,decoy,CN1C(=O)CC[C@]2(C)C3CC[C@@]4(C)C(CC[C@@]4(O)C#CCCCBr)C3CCC12,CHEMBL10018
DEC_2546,decoy,CCCc1cc2c(cc1O)C(C)C(Cc1ccc(OC)cc1)O2,CHEMBL25234
DEC_3328,decoy,COC(=O)C1C2CCC(CC1c1ccc(/C=C\I)cc1)N2,CHEMBL428706
DEC_1272,decoy,Oc1ccc(-c2nc3n(c2-c2ccc(O)cc2)CCS3)cc1,CHEMBL17209
DEC_2603,decoy,C=C(C)COOC1(OOC)CCCCCCCCCCC1,CHEMBL281102
DEC_1800,decoy,O=C1N(CCCc2ccc(Cl)cc2)CCN1c1ccc(S(=O)(=O)Nc2ccc(CCNC[C@H](O)c3cccnc3)cc2)cc1,CHEMBL162043
DEC_0710,decoy,COC(=O)c1c(C(F)(F)F)[nH]c2c1[C@@]13C[C@@H]1CN(C(=O)c1cc4cc(OC)ccc4[nH]1)C3=CC2=O,CHEMBL35948
DEC_3442,decoy,CCCCc1nc2ccc([C@@H]3[C@@H]4C(=O)OC[C@@H]4ON3Cc3ccccc3)cc2c(=O)n1Cc1ccc(-c2ccccc2-c2nn[nH]n2)cc1,CHEMBL301569
DEC_2988,decoy,N#C/C(=C(/N)Sc1ccccc1N)c1cccc(C(O)(c2ccccc2)c2ccccc2)c1,CHEMBL35019
DEC_4201,decoy,Cc1ccc(S(=O)(=O)N[C@@H]2C3CC(c4ccc(F)cc4)(CO3)[C@H]2C/C=C/CCCC(=O)O)cc1,CHEMBL10418
DEC_4645,decoy,CCCc1cc(=O)oc2c3c(c4c(c12)OC(C)(C)C=C4)OC(C)(C)[C@H](C)[C@H]3O,CHEMBL266552
DEC_4011,decoy,O=C1C2C3C=CC(C4CC34)C2C(=O)N1CCCCc1ccncc1,CHEMBL32094
DEC_0714,decoy,O=C1NC(=O)C(CC#Cc2ccc(Cl)cc2)(S(=O)(=O)c2ccc3ccccc3c2)S1,CHEMBL275071
DEC_0068,decoy,OC1(c2ccc(Cl)cc2)CCN(C2=Nc3ccccc3CC=C2c2ccccc2)CC1,CHEMBL274018
DEC_2376,decoy,O=C1O[C@H](c2ccccc2)[C@@](Cn2cncn2)(c2ccc(Cl)cc2Cl)O1,CHEMBL273646
DEC_3636,decoy,CC(C)c1ccccc1Sc1c(O)cc(-c2ccc(O)cc2)oc1=O,CHEMBL12950
DEC_1440,decoy,C=C1[C@@H](OC(C)=O)CC[C@@]2(C)C[C@H](OC(C)=O)C3=C(C)C[C@H](OC(=O)[C@@H](C)CC)[C@@H]([C@@H](OC(C)=O)[C@H]12)C3(C)C,CHEMBL465852
DEC_3403,decoy,CC[C@H]1OC(=O)CC(O)[C@H](C)[C@@H](O[C@@H]2O[C@H](C)C[C@H](N(C)C)[C@H]2O)[C@@H](CCNCCCN(C)C)C[C@@H](C)C(=O)/C=C/C(C)=C/[C@@H]1C,CHEMBL267252
DEC_4346,decoy,O=C1Nc2ccc(F)cc2C(C#Cc2cccs2)(C(F)(F)F)O1,CHEMBL17622
DEC_4272,decoy,CC(=O)NCc1ccc(-c2csc(NC(=N)NCC3CC3)n2)o1,CHEMBL25007
DEC_1215,decoy,CCN1C(=O)c2c(nc(Cc3ccccc3)n2Cc2ccc(N)cc2)N2C1=N[C@@H]1CCC[C@@H]12,CHEMBL24691
DEC_2981,decoy,NS(=O)(=O)c1ccccc1-c1ccc(NC(=O)C2CC(c3ccc(-c4ccccc4)cc3)=NO2)cc1,CHEMBL296531
DEC_1258,decoy,Nc1nc(O)c2[nH]c(SCc3ccc(Cl)cc3)nc2n1,CHEMBL276808
DEC_0979,decoy,CO/N=C(\C(=O)N[C@@H]1C(=O)N2C(C(=O)O)=CCO[C@H]12)c1csc(N)n1,CHEMBL12887
DEC_4741,decoy,C=CCCC[C@H](OC(=O)[C@@H]1CCCCN1C(=O)C(=O)[C@@]1(O)CCCCO1)/C(C)=C/[C@@H]1CC[C@@H](O)[C@H](OC)C1,CHEMBL36023
DEC_4449,decoy,CC(C)C(=O)NCCNCC(O)c1ccc(Br)cc1,CHEMBL276524
DEC_1923,decoy,CC(C)C1CCNc2cc3nc(O)cc(C(F)(F)F)c3cc21,CHEMBL27276
DEC_1599,decoy,CC[C@@H]1Cc2cc3c(C(F)(F)F)cc(O)nc3cc2N[C@@H]1CC,CHEMBL7421
DEC_1284,decoy,c1ccc(C2(c3ccccc3)OCC(C3CCCCN3)O2)cc1,CHEMBL26479
DEC_2771,decoy,O=C1[C@@H](NS(=O)(=O)c2ccc(-c3ccc(Cl)s3)s2)CCN1CCNc1ccncc1,CHEMBL8188
DEC_2997,decoy,O=S1(=O)c2cccc3cccc(c23)N1CCCN1CC=C(c2c[nH]c3ccc(O)cc23)CC1,CHEMBL19652
ACT_052,active,O=C(NCc1c(F)cccc1F)c1cc(C(=O)c2ccccc2F)c[nH]1,CHEMBL1171612
DEC_1714,decoy,CC(=O)N1CCN(C(=O)/C=C/c2ccc(Sc3ccc4c(ccn4C)c3)c(Cl)c2)CC1,CHEMBL19837
DEC_0770,decoy,I.NC1=NC2CCCCCCCCCCC2S1,CHEMBL290160
DEC_0739,decoy,C[C@@H](N)Cc1c2ccoc2c(C(F)(F)F)c2ccoc12.Cl,CHEMBL7132
DEC_3811,decoy,CCN(CC)Cc1cccc(C(=O)OCC(=O)[C@@]2(O)CCC3C4CCC5=CC(=O)CCC5(C)C4C(O)CC32C)c1,CHEMBL309481
DEC_1691,decoy,Cc1ccc(/C=C2\CS(=O)(=O)CC3C2=NN(CC(F)(F)F)C3c2ccc(C)cc2)cc1,CHEMBL290108
DEC_0633,decoy,CC(C)N(C(=O)C1=CCC2C3CCC4=CC(C(=O)O)=CC[C@]4(C)C3CC[C@]12C)C(C)C,CHEMBL24091
DEC_1494,decoy,Cc1ccc(CN2C(=O)C(C(C#N)C(=O)O)c3cc(Br)ccc32)cc1,CHEMBL30655
DEC_4494,decoy,Cc1cc(CCCOc2c(C)cc(-c3noc(C(F)F)n3)cc2C)on1,CHEMBL27742
DEC_0483,decoy,CC(C)c1ccc(C(c2cccs2)c2ccc(C(C)C)cc(=O)c2O)c(O)c(=O)c1,CHEMBL280452
DEC_2118,decoy,CCN(C(=O)N1C[C@H](N)[C@H](C(=O)O)C1)C(C)C,CHEMBL18693
DEC_2566,decoy,Nc1nc(O)c2cc(Sc3ccc(Cl)c(Cl)c3)ccc2n1,CHEMBL6815
DEC_2152,decoy,CCCC1Oc2c(C)c(C)c(O)c(C)c2S1,CHEMBL290579
DEC_0419,decoy,CCONC1=NC(=O)/C(=C/c2cc(C(C)(C)C)c(O)c(C(C)(C)C)c2)S1,CHEMBL16272
DEC_2475,decoy,CCCSC1=Nc2ccccc2S(=O)(=O)N1Cc1ccc(-c2ccccc2-c2nn[nH]n2)cc1,CHEMBL13921
DEC_2893,decoy,CS(=O)(=O)c1ccc(C2=C(c3cc4ccccc4s3)C(=O)CC2)cc1,CHEMBL23378
DEC_0063,decoy,C[C@H]1C(=O)C(C)(C)Nc2ccc3c(c21)[C@H](c1cccc(C(F)(F)F)c1)Oc1ccccc1-3,CHEMBL286158
DEC_3818,decoy,Nc1ccccc1Cn1c2c(c3ccccc31)C[C@@]1(O)[C@H]3Cc4ccc(O)c5c4[C@@]1(CCN3CC1CC1)[C@H]2O5,CHEMBL54633
DEC_2545,decoy,Cc1cc(Cl)cc(C[S+]([O-])c2nc3ccccc3[nH]2)c1N,CHEMBL20083
DEC_0815,decoy,N#Cc1ccc(S(=O)(=O)Nc2ccc(Cl)c3c(Cl)c[nH]c23)cc1,CHEMBL20470
DEC_2764,decoy,CC(C)C1=CC2CC3(C=O)[C@@H]4CC[C@@H](C)[C@H]4CC2(CO[C@H]2C[C@@H]4OC(C)(C)O[C@@H]4[C@@H](C)O2)C13C(=O)O,CHEMBL280887
DEC_4170,decoy,CCC(=O)N(c1cccc(C(F)(F)F)c1)C1CCCC1N(C)C,CHEMBL20964
DEC_1184,decoy,Nc1nc2ccnc(-c3ccc(F)cc3)n2n1,CHEMBL278540
DEC_0727,decoy,CC1(O)C[C@@]23CCC4c5ccoc5C=C[C@@]4(C)C2CCC1C3,CHEMBL31943
DEC_3282,decoy,COc1cc([C@@H]2c3cc4c(cc3[C@@H](Nc3ccc(Br)cc3)[C@H]3COC(=O)[C@H]23)OCO4)cc(OC)c1O,CHEMBL29716
DEC_2845,decoy,CCCCc1oc2ccccc2c1C(=O)c1ccc2c(Br)c(OC(Cc3ccccc3)C(=O)O)ccc2c1,CHEMBL281301
DEC_2212,decoy,C=CC(C)(C)c1c(C2=C(O)C(O)=C(c3cn(C)c4c(CC=C(C)C)cccc34)C(=O)C2=O)c2ccccc2n1C,CHEMBL17835
DEC_4254,decoy,NC(C(=O)O)c1ccc(CP(=O)(O)O)c2ccccc12,CHEMBL282119
DEC_1779,decoy,COc1cc2c(cc1OC)[C@@H]1C(=O)c3ccc4oc(C(C)C)cc4c3O[C@@H]1CO2,CHEMBL7941
DEC_4540,decoy,Oc1ccc2c3c1O[C@H]1c4c(c5ccccc5n4Cc4ccc(N=C=S)cc4)C[C@@]4(O)C(C2)N(CC2CC2)CCC314,CHEMBL282107
DEC_0354,decoy,COc1cc(CN2CCc3c(oc4nc(N)nc(N)c34)C2)cc(OC)c1,CHEMBL284960
DEC_1115,decoy,CC1(CCCCC(=O)O)c2ccccc2-c2nc(O)c3nc(C(=O)O)cn3c21,CHEMBL19194
DEC_4506,decoy,Cc1ccccc1C(OCC(O)CN1CCCCC1C)c1ccccc1C,CHEMBL18784
DEC_4176,decoy,CC(c1ccccc1)N1C(=O)c2c(F)c(F)c(F)c(F)c2C1=O,CHEMBL10815
DEC_2796,decoy,COc1cc([C@@H]2c3cc4c(cc3[C@@H](Nc3cc(F)cc(F)c3)[C@H]3COC(=O)[C@H]23)OCO4)cc(OC)c1O,CHEMBL29554
DEC_1124,decoy,NCCc1c[nH]cn1.S=C(NC1CCCCC1)N1CCC(c2c[nH]cn2)CC1,CHEMBL18998
DEC_0912,decoy,C=C(C)[C@]12C[C@@H](C)[C@@]34OC(Cc5ccccc5)(O[C@@H]1[C@@H]3C=C(C/N=C(\S)Nc1ccc(O)c(OC)c1)C[C@]1(O)C(=O)C(C)=C[C@@H]41)O2,CHEMBL285922
DEC_1354,decoy,COC(=O)C12CCC(C)(C)CC1C1=CC[C@@H]3[C@@]4(C)CCC(=O)NC(C)(C)[C@@H]4CC[C@@]3(C)[C@]1(C)CC2,CHEMBL299955
DEC_1268,decoy,Cc1cc(/N=c2\c(O)c(O)\c2=N/[C@H](C)C(C)(C)C)ccc1C#N,CHEMBL18951
DEC_3105,decoy,CC(C)NCc1ccc([C@H]2C[C@H](SC3=C(C(=O)O)N4C(=O)[C@H]([C@@H](C)O)[C@H]4[C@H]3C)CN2)cc1,CHEMBL17437
DEC_1609,decoy,CS(=O)(=O)c1ccc(C2=C(C#Cc3ccccc3)C(=O)CC2)cc1,CHEMBL278336
DEC_1598,decoy,[O-][n+]1ccc2ncn(CCOc3ccc(Cc4ccccc4)cc3)c2c1,CHEMBL14857
DEC_4121,decoy,CC1(NC(=O)N(CCCl)N=O)CCCC1,CHEMBL267308
DEC_0596,decoy,O=C(NCC1CCC(C(=O)NO)CC1)c1cccc2ccccc12,CHEMBL283698
DEC_3629,decoy,OC(CNCCc1c[nH]c2ccccc12)c1cccc(Cl)c1,CHEMBL25254
DEC_1533,decoy,O=S(=O)(Nc1ccccc1OCc1ccc2ccccc2n1)C(F)(F)F,CHEMBL273580
DEC_3040,decoy,COC(=O)C1C(c2ccc(/C=C\I)cc2)CC2CCC1N2C,CHEMBL275212
DEC_1301,decoy,Cc1ccc(S(=O)(=O)N[C@H]2CC/C(=N\OC(c3ccccc3)c3ccccc3)[C@@H]2C/C=C\CCCC(=O)O)cc1,CHEMBL20105
DEC_0930,decoy,Cc1c(Cl)ccc(C[S+]([O-])c2nc3ccccc3[nH]2)c1N,CHEMBL19851
DEC_4471,decoy,C[C@@H]1[C@@H](N)CN1c1c(F)cc2c(=O)c(C(=O)O)cn(C3CC3)c2c1F,CHEMBL19821
DEC_3967,decoy,COc1ccc([C@@H]2c3nc(NC(C)C)ccc3[C@H](c3ccc4c(c3)OCO4)[C@H]2C(=O)O)c(CC(C)(C)O)c1,CHEMBL432856
DEC_3832,decoy,O=[N+]([O-])c1cccc(S(=O)(=O)N2Cc3ccccc3N(Cc3c[nH]cn3)C(CCc3ccccc3)C2)c1,CHEMBL266118
DEC_0313,decoy,CN1CCN(C(c2ccc(Cl)cc2)c2ccns2)CC1,CHEMBL22342
DEC_0630,decoy,CC1(C)CCC(C)(C)c2cc(/C(=C/c3ccc(C(=O)O)cc3)C(F)(F)F)ccc21,CHEMBL13065
DEC_1088,decoy,CC1(C)C2CCC1(CS(=O)(=O)N1CCC3(CCc4ccccc43)CC1)C(NC(=O)C1CN3CCC1CC3)C2,CHEMBL283746
DEC_3360,decoy,Oc1ccc2c3c1O[C@H]1[C@H](N=C=S)CCC4(O)C(C2)N(CC2CC2)CCC314,CHEMBL21068
DEC_4391,decoy,CC(C)[C@H](CO)Nc1nc(Nc2cc(N)cc(Cl)c2)c2ncn(C(C)C)c2n1,CHEMBL286721
DEC_1003,decoy,OCC1OC(n2cnc3c(NCc4ccco4)ncnc32)C(O)C1O,CHEMBL18115
DEC_4801,decoy,CNCCSC1Cc2ccccc2Sc2ccc(F)cc21,CHEMBL15589
DEC_1870,decoy,CCN(CC)CCOc1cc([N+](=O)[O-])c2cc3cc([N+](=O)[O-])c(OCCN(CC)CC)c(Cl)c3nc2c1Cl,CHEMBL296363
DEC_0293,decoy,Cc1cc(C(c2ccc(C)c(C)c2)N2CCN(C)CC2)sn1,CHEMBL22942
DEC_3907,decoy,C=C(c1cc(Cl)cc(Cl)c1OCC(O)CNC(C)(C)C)n1ccnc1,CHEMBL15408
DEC_2555,decoy,CC(C)Sc1nnc(-c2cc(C(C)C)c(O)c(C(C)C)c2)s1,CHEMBL16353
DEC_4310,decoy,CO[C@H]1/C=C\C=C(/C)C(=O)NC2=CC(=O)C(NCCc3ccco3)=C(C[C@@H](C)C[C@H](OC)[C@H](O)[C@@H](C)/C=C(\C)[C@@H]1OC(N)=O)C2=O,CHEMBL421636
DEC_3792,decoy,C[C@@H](O)[C@H]1C(=O)N2C(C(=O)O)=C(COc3c(I)cc(Cl)c4cccnc34)S[C@H]12,CHEMBL68126
DEC_2146,decoy,C1CCC2N=C(NC(C3CC3)C3CC3)CC2C1,CHEMBL40287
DEC_2980,decoy,COc1cc([C@@H]2c3cc4c(cc3[C@@H](Nc3ccc(F)cc3)[C@H]3COC(=O)[C@H]23)OCO4)cc(OC)c1O,CHEMBL281692
DEC_0861,decoy,CC(C)c1ccc(NC(=O)N2CCC[C@H]2C(=O)N2CC[C@H]3[C@H]2[C@H](C)C(=O)N3c2nc3cc(S(=O)(=O)C(F)F)ccc3s2)cc1,CHEMBL138762
DEC_0009,decoy,C=CCC1Oc2ccc(CO)c(OC)c2-c2ccc3c(c21)C(C)=CC(C)(C)N3,CHEMBL8637
DEC_1489,decoy,C/C(=C1/SC(N=C(N)N)=NC1=O)c1cc(C(C)(C)C)c(O)c(C(C)(C)C)c1,CHEMBL278246
DEC_2188,decoy,NC(=O)N1CCC(CC(=O)N2CCC([C@H]3c4ccc(Cl)c(Br)c4CCc4cc(Br)cnc43)CC2)CC1,CHEMBL69954
DEC_0503,decoy,CCCc1cc(=O)oc2c3c(c4c(c12)OC(C)(C)C=C4)O[C@H](C(C)C)[C@H](C)[C@@H]3O,CHEMBL6883
DEC_3051,decoy,COc1ccc2c(c1)C=CC21CCN(S(=O)(=O)C[C@]23CCC(CC2=O)C3(C)C)CC1,CHEMBL13477
DEC_3913,decoy,CON=C1CCN(c2c(F)cc3c(=O)c(C(=O)O)cn(C4CC4)c3c2F)CC1,CHEMBL29175
DEC_0971,decoy,CSC1OC(C(NC(=O)C(Cl)Cl)C(C)O)C(O)C(O)C1O,CHEMBL21621
DEC_2851,decoy,Clc1ccc2c(NCCCCCCCCNc3c4c(nc5cc(Cl)ccc35)CCCC4)c3c(nc2c1)CCCC3,CHEMBL312310
DEC_2937,decoy,CC(C)=CC[C@@H](OC(=O)C(c1ccccc1)c1ccccc1)C1=CC(=O)c2c(O)ccc(O)c2C1=O,CHEMBL9518
DEC_3098,decoy,CCCOc1ccc2c(c1)[C@H](c1ccc(OC)cc1OCC(=O)O)[C@@H](C(=O)O)[C@@H]2c1ccc2c(c1)OCO2,CHEMBL48196
DEC_4154,decoy,O=C1/C(=C\c2ccncc2)C(c2ccc(Cl)cc2)Cn2cccc21,CHEMBL9165
DEC_0502,decoy,N#Cc1ccccc1N1CCN(CCCCC23CCCc4cccc(c42)NC3=O)CC1,CHEMBL273246
DEC_1641,decoy,CC[C@H]1C[C@@H](C)Nc2cc3nc(O)cc(C(F)(F)F)c3cc21,CHEMBL427957
DEC_2207,decoy,C=C(C)[C@@H]1CC[C@]2(C(=O)NCCCC(=O)O)CC[C@]3(C)[C@H](CCC4[C@@]5(C)CC[C@H](O)C(C)(C)[C@@H]5CC[C@]43C)[C@@H]12,CHEMBL11801
DEC_0370,decoy,Cc1cc(-n2ncc(=O)[nH]c2=O)cc(C)c1S(=O)(=O)N1CCCC1,CHEMBL11198
DEC_3624,decoy,Nc1nc(N)c(-c2cccc(Cl)c2)c(CCCc2ccccc2)n1,CHEMBL21921
DEC_3189,decoy,Cc1cc(SC2=C(O)OC(C)(CCc3ccc(O)cc3)CC2=O)c(C(C)(C)C)cc1N,CHEMBL37755
DEC_3168,decoy,CCCC1(CCc2ccc(O)cc2)CC(=O)C(Sc2cc(C)c(N)cc2C(C)(C)C)=C(O)O1,CHEMBL290442
DEC_1816,decoy,CCCc1nc(SC(F)F)c(C(=O)O)n1Cc1ccc(-c2ccccc2S(=O)(=O)NC(=O)CCCc2ccccc2)cc1,CHEMBL316344
DEC_4627,decoy,CCCCc1nc2ccn(Cc3ccccc3N)c(=O)c2n1Cc1ccc(-c2ccccc2-c2nn[nH]n2)cc1,CHEMBL47187
DEC_1630,decoy,c1ccc(CCCNC2c3ccccc3Oc3ccccc32)nc1,CHEMBL20107
DEC_0884,decoy,CC(C)C[C@@H]1OC(=O)C(C)(C)CNC(=O)[C@@H](CC2CCCCC2)NC(=O)/C=C/C[C@@H]([C@H](C)[C@H]2O[C@@H]2c2ccccc2)OC1=O,CHEMBL432373
DEC_4284,decoy,Nc1nc(N)c2c(CNc3cccc4ccccc34)c[nH]c2n1,CHEMBL276734
DEC_2004,decoy,Cc1nnc2n1-c1ccc(C#CCN3C(=O)CSc4ccccc43)cc1C(c1ccccc1F)=NC2,CHEMBL277618
DEC_1107,decoy,Oc1ccc2c(c1)OC[C@@H](N1CCC(O)(c3ccc(C(F)(F)F)cc3)CC1)[C@H]2O,CHEMBL17198
DEC_0165,decoy,CC(/N=c1\c(O)c(O)\c1=N/c1ccc(-n2ccnc2)cc1)C(C)(C)C,CHEMBL18830
DEC_4383,decoy,O=C1NC(=O)c2c1c1c3ccccc3cnc1c1[nH]c3ccccc3c21,CHEMBL279041
DEC_1067,decoy,O=S(=O)(c1cccc2nonc12)N1Cc2ccccc2N(Cc2c[nH]cn2)C(CCc2ccccc2)C1,CHEMBL269156
DEC_0543,decoy,Clc1ccc(C2(Cn3ccnc3)OCC(CCc3ccccc3)O2)c(Cl)c1,CHEMBL29647
DEC_1551,decoy,C[C@H]1[C@H](OC(=O)N[C@@H](CSc2ccccc2)[C@H](O)CN2C[C@H]3CCS[C@H]3C[C@H]2C(=O)NC(C)(C)C)CCS1(=O)=O,CHEMBL318129
DEC_0346,decoy,CCC[C@H]1C[C@H](NCC)c2cc(S(N)(=O)=O)sc2S1(=O)=O,CHEMBL273599
DEC_2621,decoy,Cc1ccc(CN(C)C/C=C/c2ccccc2)c2ccccc12,CHEMBL280962
DEC_1360,decoy,CC1(C)CC[C@]2(C(=O)O)CC[C@]3(C)C(=CC[C@@H]4[C@@]5(C)C=C(C=O)C(=O)C(C)(C)[C@@H]5CC[C@]43C)C2C1,CHEMBL292828
ACT_044,active,OCCn1c(-c2ccncc2)c(-c2ccc(F)cc2)c2ncccc21,CHEMBL356355
DEC_2996,decoy,Oc1ccc(C2=Cc3cc(O)ccc3C23Cc2ccc(OCCN4CCCCC4)cc2C3)cc1,CHEMBL267385
DEC_0098,decoy,Brc1cccc(Br)c1Nc1nc2ccccc2n2cncc12,CHEMBL283275
DEC_1074,decoy,CN(C)CC(c1ccccc1)c1nnc2n1-c1ccc(I)cc1C(c1ccccc1)=NC2,CHEMBL16470
DEC_4080,decoy,CC(C)(C)c1ccc(C2=Cc3ccc(NC(=O)Nc4ccc(Cl)cc4Cl)cc3C3=NCCCN23)cc1,CHEMBL268016
DEC_4263,decoy,C=CCNC(=N)Nc1nc(-c2ccc(CNC(C)=O)o2)cs1,CHEMBL281157
DEC_3927,decoy,C=C(c1ccc(Cl)c(Cl)c1OCC(O)CNC(C)C)n1ccnc1,CHEMBL15029
DEC_1203,decoy,CCc1nc2c(C)cc(C)nc2n1Cc1ccc(-c2ccccc2-c2nn[nH]n2)s1,CHEMBL280075
DEC_3993,decoy,CCNC(=O)Nc1nc2nc(NCCCN3CCN(C)CC3)ncc2cc1-c1c(Cl)cccc1Cl,CHEMBL61257
DEC_3308,decoy,CC1(C)C=C(n2ccccc2=O)c2cc(S(=O)(=O)N=[N+]=[N-])ccc2O1,CHEMBL276151
DEC_0661,decoy,CCc1nc(O)c2c(ccc3nc(Nc4c(Cl)cccc4Cl)n(C)c32)c1C,CHEMBL27004
DEC_2649,decoy,S=c1oc2ccc(Cl)cc2n1CC1OCCc2ccccc21,CHEMBL268211
DEC_2756,decoy,CO/C1=C\C(C)=C\[C@@H](C)[C@@H](O)[C@@H](C)C/C(C)=C/C=C/[C@H](OC)[C@@H]([C@@H](C)[C@@H](O)[C@H](C)C(=O)O)OC1=O,CHEMBL293082
DEC_0415,decoy,CN1CCC23c4c5ccc(O)c4OC2[C@H]2OC[C@@]2(CCCc2ccccc2)CC3C1C5,CHEMBL417605
ACT_036,active,CN1c2ccc(N)cc2C(c2ccccc2)c2cc(N)ccc21,CHEMBL1991734
DEC_2364,decoy,CCN(CC)C(=S)SC(C(=O)c1ccc(Cl)cc1)=C1SCCCS1,CHEMBL35219
ACT_081,active,CN(C)CCn1cnc2c(N(C(N)=O)c3c(F)cccc3F)nc(-c3ccccc3F)nc21,CHEMBL278179
DEC_3858,decoy,CSc1cccc(N2CCN(CCCON3C(=O)CC4(CCCC4)CC3=O)CC2)c1,CHEMBL10963
DEC_1057,decoy,O=S(=O)(c1ccccc1)N1C[C@@H](CN2CCC3(CC2)C[S+]([O-])c2ccccc23)[C@@H](c2ccccc2)C1,CHEMBL284380
DEC_4694,decoy,C/C(=C/C[C@@H](O)[C@]1(C)CC[C@H](C(C)(C)O)O1)[C@H]1CC[C@H]2O[C@@H]([C@]3(C)CC[C@@H](Br)C(C)(C)O3)CC[C@]2(C)O1,CHEMBL277197
DEC_0775,decoy,CC1(C)OC(S)=Nc2ccc(-c3cc(F)cc(Br)c3)cc21,CHEMBL280956
DEC_2497,decoy,COc1cc2c(c(OC)c1OC)-c1ccc(SC)c(=O)cc1[C@@H](NCc1cccc(C#N)c1)CC2,CHEMBL35438
DEC_2978,decoy,O=C1C(O)=C(C(C2=C(O)C(=O)c3ccccc3C2=O)c2ccc(Cl)cc2)C(=O)c2ccccc21,CHEMBL287689
DEC_0329,decoy,Oc1cc(-c2ccc3c(c2)OCO3)nc2cc3c(cc12)OCO3,CHEMBL14691
DEC_3884,decoy,COc1cccc(Cn2nc(C(F)(F)F)c(Cc3ccc4c(c3)OCO4)c2OCCO)c1,CHEMBL283037
DEC_3225,decoy,C=CCc1ccccc1OC(C)C(O)CNC(C)(C)C,CHEMBL19422
DEC_2078,decoy,CC(=O)OC1(c2ccccc2)Sc2ccccc2-n2cccc21,CHEMBL26605
DEC_2971,decoy,C/C(=C(\F)C(=O)Nc1ccc(-c2ccccc2S(N)(=O)=O)cc1Cl)c1cccc(C(=N)N)c1,CHEMBL38201
DEC_0133,decoy,C[C@@H](N)Cc1c2c(c(C(F)(F)F)c3c1OCC3)OCC2.Cl,CHEMBL6452
DEC_0958,decoy,Nc1nc(N)c2c(CNc3cc(Cl)ccc3Cl)coc2n1,CHEMBL277438
DEC_3152,decoy,CCN(CC)CCOc1ccc(C2Oc3cc(O)ccc3-c3sc4cc(O)ccc4c32)cc1,CHEMBL23663
DEC_2192,decoy,NC(=O)N1CCC(CC(=O)N2CCC([C@@H]3c4ncc(Br)cc4CCc4cc(Cl)cc(Br)c43)CC2)CC1,CHEMBL67405
DEC_0253,decoy,CN1CCC23c4c5ccc(O)c4OC2[C@H](O)[C@](CO)(CCCCCc2ccccc2)CC3C1C5,CHEMBL9425
DEC_0585,decoy,Oc1ccc(C2CNCCc3c2cc(O)c(O)c3Cl)cc1,CHEMBL588
DEC_0962,decoy,CCC(=O)O[C@H](CC=C(C)C)C1=CC(=O)c2c(O)ccc(O)c2C1=O,CHEMBL8951
DEC_1708,decoy,CC1N=C(c2ccccc2)c2cc(Cl)ccc2-n2c1nnc2C(CN(C)C)c1ccccc1,CHEMBL280327
DEC_0584,decoy,COc1ccc2[nH]c3c(C)c4ccnc(NCCN)c4cc3c2c1,CHEMBL19795
DEC_1932,decoy,Cc1cc(C)c(Nc2nc3ccccc3n3cncc23)c(C)c1,CHEMBL25969
DEC_0989,decoy,CCOC(=O)C(=O)NCC1OC(n2cc(C)c(=O)[nH]c2=O)CC1O,CHEMBL9369
DEC_0863,decoy,C=CC[C@@H]1/C=C(\C)C[C@H](C)C(=O)OCC(C)(C)C(=O)C(=O)N2CCCC[C@H]2C(=O)O[C@H](CCc2ccccc2)[C@H](C)COC1=O,CHEMBL321246
DEC_2501,decoy,O=S(=O)(c1ccccc1)N1Cc2ccccc2N(Cc2c[nH]cn2)C(CCc2ccccc2)C1,CHEMBL269778
DEC_1468,decoy,C=C1C[C@@]23O[C@]2(c2ccccc21)C1CC(OC(=O)[C@H](O)[C@@H](NC(=O)OCC)c2cccc(F)c2)C3(C)C1(C)C,CHEMBL288558
DEC_4013,decoy,c1ccc2c(C3=NCC4(CN5CCC4CC5)O3)csc2c1,CHEMBL274378
DEC_2319,decoy,CCn1cc(C(=O)O)c(=O)c2c(F)c(F)c(N3CCSCC3)c(F)c21,CHEMBL282930
DEC_3297,decoy,C[C@H]1C[C@@]23O[C@]2(c2ccccc21)C1CC(OC(=O)[C@H](O)[C@@H](NC(=O)OC(C)(C)C)c2ccccc2)C3(C)C1(C)C,CHEMBL30977
DEC_2672,decoy,CCN1CCCC[C@H]1[C@H]1COC(c2ccccc2)(c2ccccc2)O1,CHEMBL287654
DEC_4352,decoy,CN1CCN(C2=Nc3ccccc3Cn3c2cc2ccccc23)CC1,CHEMBL269623
DEC_0357,decoy,CCCCC1=C(N2CC2)C(=O)c2nc3n(c2C1=O)CCC3OC(C)=O,CHEMBL441597
DEC_1328,decoy,CCc1sc(CCc2cc(N3CCOCC3)cc(NCc3cc(Cl)cc(NC(=O)OC(C)C)c3)n2)nc1C,CHEMBL50184
DEC_2091,decoy,CCC1NN(C(C)=O)C(CC)NN1C(C)=O,CHEMBL17557
DEC_3104,decoy,C[C@@H](O)[C@H]1C(=O)N2C(C(=O)O)=C(S[C@@H]3CN[C@@H](c4ccc(CN)c5ccccc45)C3)[C@H](C)[C@H]12,CHEMBL17700
DEC_0280,decoy,CCN1C(=O)c2c(nc(OC)n2Cc2ccc(O)c(Br)c2)N2C1=N[C@@H]1CCC[C@@H]12,CHEMBL282114
DEC_0090,decoy,C[C@H]1c2c(ccc3c2[C@H](c2ccc(Cl)cc2)Oc2ccccc2-3)NC(C)(C)[C@@H]1O,CHEMBL34035
DEC_2495,decoy,N#C/C(=C\c1ccccc1OCCN1CCN(c2ccccc2)CC1)c1noc2ccccc12,CHEMBL21966
DEC_1245,decoy,CC[C@H]1Cc2cc3c(C(F)(F)F)cc(O)nc3cc2N[C@@H]1C,CHEMBL7053
DEC_0558,decoy,CC(C)N(CCC1(c2ccccc2)C(=O)NC(c2ccccc2)N2CCCCC21)C(C)C,CHEMBL282086
DEC_2173,decoy,CNc1nc(Cl)c(SC)c(N2CCCCC2)n1,CHEMBL36410
DEC_4452,decoy,Cc1c(F)c(N2CCNCC2)c(F)c2c1c(=O)c(C(=O)O)cn2C1CC1,CHEMBL16001
DEC_2878,decoy,CCOc1c(N2CCC(C)C2)c(F)cc2c(=O)c(C(=O)O)cn(C3CC3)c12,CHEMBL14990
DEC_1915,decoy,CC1(C)OC(S)=Nc2c(F)cc(-c3cc(F)cc(C#N)c3)cc21,CHEMBL25128
DEC_4800,decoy,Clc1ccc(C2=CCc3ccccc3N=C2N2CCCCC2)cc1,CHEMBL277334
DEC_0308,decoy,CC(C)c1cc(C(C)C)c2nc3sc(C(=O)O)cn3c(=O)c2c1,CHEMBL12422
DEC_1721,decoy,Cc1nnc2n1-c1sc(CCc3ccc4c(c3)CCC4)cc1C(c1ccccc1Cl)=NC2,CHEMBL289463
DEC_4019,decoy,O=C(O)C(=O)CC(=O)c1ccc(-c2ccc(S)cc2)cc1,CHEMBL428525
DEC_1035,decoy,CO[C@H]1O[C@]2(C)OO[C@]13[C@H](CCO)CCC[C@@H]3C[C@@H]2C,CHEMBL277457
DEC_4735,decoy,COc1ccccc1CC(=O)N1C[C@H]2[C@@]3(c4ccccc4)CC[C@H](c4ccccc43)[C@@]2(NC(=O)OCc2ccccc2)C1,CHEMBL51808
DEC_1820,decoy,Cc1cc(C)cc(-c2[nH]c3ccc(OC(=O)N4CCN(S(=O)(=O)C(C)C)CC4)cc3c2CCNCCCCc2ccc(O)cc2)c1,CHEMBL149447
DEC_1627,decoy,CNCCSC1Cc2ccccc2Sc2ccc(Cl)cc21,CHEMBL279203
DEC_0699,decoy,COc1cccc2c1CCC1CN(CCn3c(=O)[nH]c4c(sc5ccccc54)c3=O)CC21,CHEMBL289361
DEC_1683,decoy,CC(C)(C)Nc1nc(C(F)(F)C(F)(F)F)nc2ccccc12,CHEMBL16053
DEC_0920,decoy,N[P@]1(Cl)=NP(N2CC2)(N2CC2)=N[P@](N)(Cl)=N1,CHEMBL281247
DEC_1347,decoy,OC1(C2(CCC#CCN3CCCCC3)SCCCS2)c2ccccc2Sc2ccccc21,CHEMBL40995
DEC_4838,decoy,CN(C)CCOC1=Cc2ccccc2Sc2ccc(Cl)cc21,CHEMBL285802
DEC_3254,decoy,CC(=O)N1N=C2/C(=C/c3cccc(C(F)(F)F)c3)CS(=O)(=O)CC2C1c1cccc(C(F)(F)F)c1,CHEMBL34606
DEC_3674,decoy,COc1cc([C@@H]2c3cc4nc5ccccc5nc4cc3[C@H](O)[C@H]3COC(=O)[C@H]23)cc(OC)c1OC,CHEMBL31794
DEC_0541,decoy,CC(C)N(CCC1(c2ccccc2)C(=O)N=C(c2ccccc2)N2CCCCC21)C(C)C,CHEMBL25774
DEC_2248,decoy,CC(=O)Nc1cc(C(C)(C)C)c(SC2=C(O)OC(CCc3ccc(O)cc3)(C(C)C)CC2=O)cc1C,CHEMBL265095
DEC_0734,decoy,CC(C)Sc1sc(-c2cc[nH]n2)c2c1C(=O)CC(C)(C)C2,CHEMBL275645
DEC_1050,decoy,CC1(C)S[C@@H]2[C@H](CS)C(=O)N2[C@H]1C(=O)O,CHEMBL25644
DEC_1790,decoy,CCCCCCCC(=O)O[C@H]1C(O)[C@H](OCC23C[C@@H]4[C@H](C)CC[C@H]4C4(C=O)CC2C=C(C(C)C)C34C(=O)O)O[C@H](C)[C@H]1OC,CHEMBL416545
DEC_4388,decoy,CN(C)C(=O)N1Cc2c(C(=O)OC(C)(C)C)ncn2-c2ccccc21,CHEMBL14983
DEC_3129,decoy,O=C(O)CC(NC(=O)CNC(=O)c1csc(NC(=O)NCc2ccccc2)c1)c1cccnc1,CHEMBL27796
DEC_4634,decoy,CCO/C(O)=C1\C(COCc2cc(O)nc(CO)n2)=NC(C)=C(C(=O)OC)C1c1cccc(Cl)c1Cl,CHEMBL80284
DEC_1919,decoy,Oc1nc(S)nc2ccc(Sc3ccc4ccccc4c3)cc12,CHEMBL6759
DEC_2333,decoy,NCC1CCCN(c2cc3c(cc2F)c(=O)c(C(=O)O)cn3C2CC2)C1,CHEMBL15210
DEC_1480,decoy,CCCc1nc(Cl)c(C(=O)OC)n1Cc1ccc(-c2ccccc2S(=O)(=O)Nc2onc(C)c2C)cc1,CHEMBL12172
DEC_0486,decoy,CCOc1ccc(CNc2nc(C#CC(C)(O)CC)nc3c2ncn3C(C)C)cc1,CHEMBL282330
DEC_0303,decoy,CSc1c(Cl)nc(N2CCN(C)CC2)nc1NC(C)C,CHEMBL441773
DEC_2293,decoy,CSc1sc(C(=N)N)cc1-c1nc(-c2ccc(O)c(C)c2)cs1,CHEMBL433048
ACT_099,active,NC(=O)c1c(OCc2c(F)cc(Br)cc2F)nsc1NC(=O)NCCCCN1CCCC1,CHEMBL253969
DEC_0755,decoy,CC1(C)OC(/C=C/c2cc(Cl)cc(Cl)c2)=CC1=O,CHEMBL276730
DEC_2097,decoy,CC(C)N(C)C(=O)N1C[C@H](N)[C@H](C(=O)O)C1,CHEMBL19296
DEC_0189,decoy,CC/C(=C(/CC(F)(F)F)c1ccc(O)cc1)c1ccc(O)cc1,CHEMBL29318
DEC_0577,decoy,CC(C)(C)c1cc(/C=C2\SC(=N)NC2=O)cc(C(C)(C)C)c1O,CHEMBL275835
DEC_3533,decoy,CCCc1nc(-n2cccc2C(O)C(F)(F)F)c(C(=O)O)n1Cc1ccc(-c2ccccc2-c2nn[nH]n2)cc1,CHEMBL306259
DEC_0454,decoy,O=C(O)Cn1c(=O)c2cc([N+](=O)[O-])ccc2n(Cc2ccc(Br)cc2F)c1=O,CHEMBL37619
DEC_1755,decoy,CCCSc1nnc(-c2cc(C(C)(C)C)c(O)c(C(C)(C)C)c2)o1,CHEMBL276526
DEC_3923,decoy,COc1cc([C@@H]2c3cc4c(cc3N[C@H]3COC(=O)N23)OCO4)cc(OC)c1OC,CHEMBL8832
DEC_4432,decoy,C#CCN(Cc1ccc2nc(C)nc(O)c2c1)c1ccc(C(=O)NCc2ccoc2)cc1,CHEMBL6590
DEC_2410,decoy,O=P(O)(O)CCC(Cc1ccc(-c2ccccc2)cc1)c1nnn[nH]1,CHEMBL9796
DEC_0320,decoy,CCC(C)Cn1ncc2c1nc(N)n1nc(-c3ccco3)nc21,CHEMBL440458
DEC_1334,decoy,Cc1ccc(S(=O)(=O)N/N=C(/CCN2CCCC2)CC(c2ccccc2)c2c(O)oc3ccccc3c2=O)cc1,CHEMBL431195
DEC_2457,decoy,COc1ccc2c3c1OC1[C@H]4OC[C@@]4(CCCCCc4ccccc4)CC4C(C2)N(C)CCC341,CHEMBL275915
DEC_0758,decoy,c1ccc2c(c1)Oc1ccccc1C2Nc1nccs1,CHEMBL20994
DEC_2827,decoy,O=C(O)CSC(CCCc1ccccc1)(CCc1ccccc1)c1ccc(OCc2ccc3ccccc3n2)cc1,CHEMBL281308
DEC_2855,decoy,O=c1oc(NCc2ccccc2I)nc2ccccc12,CHEMBL266390
DEC_2123,decoy,Cc1ccc2c3c1CCCN3CC(C1=NCCN1)O2,CHEMBL13793
DEC_2080,decoy,CCCc1cc(=O)oc2c3c(c4c(c12)OC(C)(C)C=C4)OC[C@H](C)[C@@H]3O,CHEMBL266091
DEC_0522,decoy,CC(C)N(C(=O)[C@H]1CCC2C3CC=C4C=C([N+](=O)[O-])CC[C@]4(C)C3CC[C@@]21C)C(C)C,CHEMBL283546
DEC_1194,decoy,Cc1c(C)c2c(c(C)c1O)C(COc1ccc(CC3SC(=O)NC3=O)cc1)C(C)(C)O2,CHEMBL269572
DEC_3769,decoy,O=C(/C=C/c1ccc([N+](=O)[O-])cc1)N[C@@H]1CC[C@@]2(O)[C@H]3Cc4ccc(O)c5c4C2(CCN3CC2CC2)[C@H]1O5,CHEMBL417535
DEC_2596,decoy,c1ccc(CNc2nc(Cc3ccncc3)nc3ccsc23)cc1,CHEMBL31390
DEC_3349,decoy,CN(C)C1CCCC1N(C(=O)c1ccco1)c1ccc(Cl)c(Cl)c1,CHEMBL21060
DEC_1671,decoy,c1ccc2c(c1)Oc1ccccc1C2NCc1ccncc1,CHEMBL417460
DEC_0395,decoy,CCCCN(C=O)[C@H]1CCC2C3CC[C@H]4N(C)C(=O)CC[C@]4(C)C3CC[C@@]21C,CHEMBL277053
DEC_3546,decoy,COc1ccc(Nc2cc(C(F)(F)F)nc(/N=C(\N)Nc3ccc(Cl)c(Cl)c3)n2)cc1CN(C)C,CHEMBL23829
DEC_3919,decoy,c1ccc2nc(CSc3ccc(OCCCc4nnn[nH]4)cc3)ccc2c1,CHEMBL19106
DEC_0247,decoy,O=C(O)CCC(=O)N1CCC2(CCC(C(=O)N3CCC(C4CCNCC4)CC3)CC2)CC1,CHEMBL24638
ACT_096,active,COc1cccc(-c2nc3sccn3c2-c2ccnc(NCCCNS(=O)(=O)c3cccc(F)c3)n2)c1,CHEMBL5081210
DEC_3700,decoy,CC1(C)CC(C)(C)c2cc(N/C(S)=N/c3ccc(S(N)(=O)=O)cc3)ccc2S1,CHEMBL6524
DEC_3233,decoy,O=C(O)C1=Cc2cc(CCn3ccnc3)sc2CC1,CHEMBL23202
DEC_3714,decoy,CCN1CCC(CNc2nc(Nc3ccc(Cl)c(Cl)c3)c3ccccc3n2)CC1,CHEMBL31681
DEC_2483,decoy,O=C(OCCCc1ccc(Br)cc1)[C@@H]1CCCN1C(=O)NC12C[C@H]3C[C@@H](C1)C[C@@H](C2)C3,CHEMBL34102
DEC_1681,decoy,CC(C)c1ccc2c(c1)CC[C@H]1[C@@](O)(CO)CCC[C@]21C,CHEMBL274191
DEC_1696,decoy,C=CCN1CN(c2ccccc2)C2(CCN(C3CCc4c(Cl)ccc(Cl)c4C3)CC2)C1=O,CHEMBL283265
DEC_2875,decoy,O=C(O)COc1ccc(C(=O)c2cccs2)c(Cl)c1Cl,CHEMBL267744
DEC_1703,decoy,COc1ccc([C@@H]2Sc3ccc(C(F)(F)F)cc3-n3c(CN(C)C)ccc3[C@@H]2OC(C)=O)cc1,CHEMBL281664
DEC_1099,decoy,COc1cc(C(C)(C)C)c(OC(=O)[N-]S(=O)(=O)Oc2c(C(C)C)cccc2C(C)C)c(C(C)(C)C)c1.[Na+],CHEMBL280176
DEC_0977,decoy,CO/N=C(\C(=O)N[C@@H]1C(=O)N2C(C(=O)O)=CCS[C@H]12)c1csc(N)n1,CHEMBL528
DEC_4056,decoy,CC(=O)OCC12CC[C@@H](C)[C@H](C)C1C1=CC[C@@H]3[C@@]4(C)CC[C@H](OC(C)=O)C(C)(C)[C@@H]4CC[C@@]3(C)[C@]1(C)CC2,CHEMBL55370
DEC_1240,decoy,CC(C)CCCc1nc2c([nH]1)N1C[C@@H](C(C)C)N=C1N(C)C2=O,CHEMBL18524
DEC_4384,decoy,O=C(O)Cc1cccc2c(=O)c3cccc(-c4ccccc4)c3oc12,CHEMBL29124
DEC_2701,decoy,CCOc1nnc(-c2cc(C(C)(C)C)c(O)c(C(C)(C)C)c2)s1,CHEMBL16733
DEC_4326,decoy,CC[C@H]1OC(=O)CC(O)[C@H](C)[C@@H](O[C@@H]2O[C@H](C)C[C@H](N(C)C)[C@H]2O)[C@@H](CCN2CCCC2)C[C@@H](C)C(=O)/C=C/[C@]2(C)O[C@H]2[C@@H]1C,CHEMBL273473
DEC_4623,decoy,Cc1c2ccnc(C(=O)NCCN(C)C)c2cc2c3cc(OC(=O)CCCCCCC(=O)O)ccc3n(C)c12,CHEMBL308970
DEC_4246,decoy,O=C(O)Cc1ccc(-n2cc(C3CCN(CCN4CCNC4=O)CC3)c3cc(Cl)ccc32)cc1,CHEMBL55835
DEC_1518,decoy,CCCCN(C1=NCCN1)c1c(Br)cccc1Br,CHEMBL20093
DEC_1348,decoy,CCCN1N=C2/C(=C/c3ccc(C(C)(C)C)cc3)CS(=O)(=O)CC2C1c1ccc(C(C)(C)C)cc1,CHEMBL435570
DEC_0677,decoy,CC(C)NC(=O)N(C(=O)[C@H]1CCC2C3CCC4NC(=O)CC[C@]4(C)C3CC[C@@]21C)C(C)C,CHEMBL278860
DEC_0567,decoy,CN(C)CC(c1ccccc1)c1nnc2n1-c1ccc(Cl)cc1C(c1ccccc1)=NC2,CHEMBL16778
DEC_1477,decoy,COc1ccc(CN2C[C@H](OCC34C[C@@H]5[C@H](C)CC[C@H]5C5(C=O)CC3C=C(C(C)C)[C@@]45C(=O)O)OC[C@H]2C)cc1,CHEMBL280775
DEC_1040,decoy,Nc1nc(N)c2c(n1)CCC(Cc1ccsc1)C2,CHEMBL7586
DEC_3097,decoy,CCCOc1ccc2c(c1)[C@@H](c1ccc(OC)cc1OCC(=O)O)[C@H](C(=O)O)[C@H]2c1ccc2c(c1)OCO2,CHEMBL8823
DEC_1490,decoy,Nc1nc(N)c2nc(Sc3cc(Cl)c(Cl)cc3Cl)cnc2n1,CHEMBL6465
DEC_0285,decoy,C=CCN1CC[C@]23c4c5ccc(O)c4O[C@H]2C(=O)CC[C@@]3(OCC)C1C5,CHEMBL280309
DEC_1908,decoy,CC(C)(C)c1ccc(Sc2ccc(NC3=NCCN3)cc2)cc1,CHEMBL9558
DEC_3118,decoy,CCN(Cc1ccc2nc(C)nc(O)c2c1)c1ccc(C(=O)N[C@H](CCC(=O)O)C(=O)O)s1,CHEMBL40851
DEC_3216,decoy,CCOC(=O)C1(NC(=O)N(CCCl)N=O)CCCCC1,CHEMBL12687
DEC_0856,decoy,CN1C(=O)CN=C(c2ccccc2)c2cc(Cl)ccc21.O=C(OCc1ccco1)c1cnn2c1n[n+]([O-])c1ccc(Cl)cc12,CHEMBL154328
DEC_1426,decoy,CSc1ccc(-c2nc3n(c2-c2ccc(SC)cc2)CCS3)cc1,CHEMBL17310
DEC_0071,decoy,CC(C)N(C(=O)[C@H]1CCC2C3CC=C4C=C(CO)CC[C@]4(C)C3CC[C@@]21C)C(C)C,CHEMBL24249
DEC_3942,decoy,CCCCCCCCOc1ccc2c3c1OC1C(O)C=CC4C(C2)N(C)CCC341,CHEMBL282862
DEC_0651,decoy,CC1(C)CCC(C)(C)c2cc(-c3cccc(-c4ccc(C(=O)O)cc4)c3)ccc21,CHEMBL418570
DEC_4766,decoy,CC(=O)Nc1nc(C(=O)Nc2cc(C(=O)Nc3cc(C(=O)NCCCN(C)C)n(C)c3)n(C)c2)c(C(C)C)s1,CHEMBL70228
DEC_3395,decoy,C1=C(c2ccccc2)C(N2CCNCC2)=Nc2ccccc2C1.O=C(O)/C=C/C(=O)O,CHEMBL16703
ACT_050,active,Nc1ncnc2c1c(-c1cccc(O)c1)cn2[C@H]1C[C@@H](CN2CCC2)C1,CHEMBL3787112
DEC_4037,decoy,Oc1nc2cccc3c2n1CC(N(CC1CC1)CC1CC1)C3,CHEMBL273711
DEC_3788,decoy,CC(C)(C)n1cc(C(=O)O)c(=O)c2cc(F)c(N3CCNC(c4ccccc4)C3)cc21.CS(=O)(=O)O,CHEMBL441324
DEC_0011,decoy,CCCc1cc(=O)oc2c(C(=O)C(C)(C)C(C)O)c(O)c3c(c12)OC(C)(C)C=C3,CHEMBL269121
DEC_0792,decoy,CC(C)C1OC(C#CC2CC2)(C(F)(F)F)c2cc(Cl)ccc2NC1=O,CHEMBL32038
DEC_4758,decoy,CC(C)(C)NC(=O)c1ccccc1C[C@@H](O)[C@H](Cc1ccccc1)NC(=O)[C@@H](N)CC(=O)OCc1ccccc1,CHEMBL10890
DEC_0259,decoy,N#Cc1c2n(c3c(N4CCN(CCc5c[nH]c6ccccc56)CC4)ncnc13)CCCC2,CHEMBL27861
ACT_070,active,O=C(c1c(F)cccc1F)N1CCn2c(cnc2-c2ccc(F)cc2F)C1,CHEMBL395030
DEC_2316,decoy,Cc1c(F)c(N2CCC(N)C2)c(F)c2c1c(=O)c(C(=O)O)cn2C1CC1,CHEMBL277797
DEC_2418,decoy,Cl.c1ccc(C[C@@H]2CN=C(Cc3cccc4ccccc34)N2)cc1,CHEMBL21656
DEC_2124,decoy,CCCCCN1C(=O)C(C)C(=O)N2N=CSC12,CHEMBL281103
DEC_1306,decoy,Cc1c(C)c2c(c(C)c1O)CCC(C)(COc1ccc(NCC(O)COc3ccc4ccncc4c3)cc1)O2,CHEMBL67344
DEC_3517,decoy,Cc1cc(C)cc(-c2c(O)nc3cc(Cl)c(C(=O)Nc4cnccn4)cc3c2OCCC2CCCCN2)c1,CHEMBL45883
DEC_1097,decoy,CO[C@]12OO[C@@](C)(CO[Si](c3ccccc3)(c3ccccc3)C(C)(C)C)C=C1C(=O)C(C)(C)C(=O)C2(C)C,CHEMBL284925
DEC_3823,decoy,COC(=O)c1cc(C(=CCCO)c2cc(Br)c(OC)c(C(=O)OC)c2)cc(Br)c1OC,CHEMBL65776
DEC_3258,decoy,O=[N+]([O-])c1ccccc1Cn1c2c(c3ccccc31)C[C@@]1(O)[C@H]3Cc4ccc(O)c5c4[C@@]1(CCN3CC1CC1)[C@H]2O5,CHEMBL300071
DEC_4192,decoy,CN1C2CCC1[C@@H](C(=O)C(F)(F)F)[C@@H](c1ccc(Cl)cc1)C2,CHEMBL282332
DEC_2700,decoy,CCC(=O)N(c1ccc(C(F)(F)F)cc1)C1CCCC1N(C)C,CHEMBL21107
DEC_4665,decoy,Fc1ccc(CCN2CCN(c3[nH]cnc4c5c(Cl)cccc5nc3-4)CC2)cc1F,CHEMBL28584
DEC_2297,decoy,Cc1cc(OCc2ccc(-c3ccccc3-c3nn[nH]n3)cc2)c(CO)c(C)n1,CHEMBL283372
DEC_2326,decoy,NC1CCN(c2cc3c(cc2F)c(=O)c(C(=O)O)cn3C2CCC2)C1,CHEMBL15373
DEC_1029,decoy,C=C[C@@]12COC(=O)C(=C)[C@@H]1[C@H]1OC(=O)C(=C)[C@@H]1[C@@H](O)C2,CHEMBL290210
DEC_2591,decoy,CSc1sc(C(=N)N)cc1-c1nc(-c2ccccc2)c(C)s1,CHEMBL29268
DEC_1608,decoy,CCSc1nnc(-c2nc(C(C)(C)C)c(O)c(C(C)(C)C)n2)s1,CHEMBL17218
DEC_3295,decoy,C[C@@H]1CC2C3C[C@H](F)C4=CC(=O)C=CC4(C)[C@@]3(Cl)C(O)CC2(C)[C@@]1(OC(=O)c1ccco1)C(=O)CCl,CHEMBL38727
DEC_0144,decoy,CN(C=O)[C@H]1CCC2C3CC[C@H]4NC(=O)C=C[C@]4(C)C3CC[C@@]21C,CHEMBL277563
DEC_4486,decoy,COc1c(Cl)nc(N2CCN(C)CC2)nc1NC1CCCC1,CHEMBL283076
DEC_1179,decoy,O=C(O)c1ccc2c(=O)n3c(nc2c1)CCC3,CHEMBL40728
DEC_4141,decoy,Nc1nc(S)c2ncn(/C=C3/C[C@@H]3CO)c2n1,CHEMBL37626
DEC_0045,decoy,CCC(C)(O)C#Cc1nc(NCc2ccc(Cl)cc2)c2ncn(C(C)C)c2n1,CHEMBL24484
DEC_0997,decoy,Nc1nc(O)c2ncn([C@@H]3O[C@H]4C[C@](CC(=O)O)(C(=O)O)O[C@H]4[C@H]3O)c2n1,CHEMBL277877
DEC_1736,decoy,O=S1(=O)c2cccc3cccc(c23)N1CCN1CC=C(Cc2c[nH]c3ccc(F)cc23)CC1,CHEMBL19051
DEC_3063,decoy,CCCCC1Nc2ccc(C(C)C)cc2C(=O)N1Cc1ccc(-c2ccccc2-c2nn[nH]n2)cc1,CHEMBL15284
DEC_0801,decoy,CC1(C)OC(S)=Nc2ccc(-c3cc(C#N)cc(OC(F)(F)F)c3)cc21,CHEMBL24689
DEC_3039,decoy,CCCC#CCN1C[C@@H](c2ccc3c(c2)OCO3)[C@H](C(=O)O)[C@H]1c1ccc(OC)cc1,CHEMBL266144
DEC_2644,decoy,CC(C)(C)c1cc(C(=O)CCC2CC2)cc2c1OCC2(C)C,CHEMBL14181
DEC_3148,decoy,CC(C)N(Cc1ccc2nc(N)nc(O)c2c1)c1ccc(C(=O)NC(CCC(=O)O)C(=O)O)cc1,CHEMBL282270
DEC_3499,decoy,N[C@@H](Cc1ccccc1)C1=Cc2ccccc2C2=NCCCN12,CHEMBL10138
DEC_2616,decoy,CCCc1cc2c(s1)CN(C)CC2c1ccc(F)cc1,CHEMBL16003
DEC_1464,decoy,C=C1C[C@@]23O[C@]2(c2ccccc21)C1CC(OC(=O)[C@H](O)[C@@H](NC(=O)OCC)c2ccc(F)cc2)C3(C)C1(C)C,CHEMBL284652
DEC_3968,decoy,CN(C)c1ccc(Oc2cccc(C(=N)N)c2)c(C(=O)Nc2ccc(-c3ccccc3S(N)(=O)=O)cc2)c1,CHEMBL45030
DEC_0864,decoy,O=C1CN(/N=C/c2ccc(-c3ccc([N+](=O)[O-])cc3)o2)C(=O)N1Cc1cc(I)cc(C2(C(F)(F)F)N=N2)c1,CHEMBL109421
DEC_3760,decoy,COC(=O)c1c(C(F)(F)F)[nH]c2c1C13CC1CN(C(=O)c1cc4cc(OC)c(OC)c(OC)c4[nH]1)C3=CC2=O,CHEMBL296073
DEC_4670,decoy,Cc1c(C(=O)NN2CCCCC2)nn(-c2ccc(N)cc2)c1-c1ccc(Cl)cc1,CHEMBL285964
DEC_4528,decoy,O=C1Nc2ccc(Cl)cc2C(OCCc2ccccc2)(C(F)(F)F)O1,CHEMBL17489
DEC_1200,decoy,Cl.O=C([C@@H]1CCCN1)N1CCCC1P1(=O)Oc2ccccc2-c2ccccc2O1,CHEMBL9724
DEC_4562,decoy,COc1cc([C@@H]2c3cc4c(cc3[C@@H](Nc3cccc(Br)c3)[C@H]3COC(=O)[C@H]23)OCO4)cc(OC)c1O,CHEMBL29663
DEC_1402,decoy,N#C/C(=C\c1ccccc1OCCN1CCCC1)c1noc2ccccc12,CHEMBL280413
DEC_3964,decoy,CCN(CC)CCCNc1ncc2cc(-c3c(Cl)cccc3Cl)c(NC(=O)NC(C)(C)C)nc2n1,CHEMBL299026
DEC_3423,decoy,COc1ccc(C[C@H]2NC(=O)/C=C/CC([C@H](C)C3OC3c3ccccc3)OC(=O)[C@@H](CC(C)C)OC(=O)CCNC2=O)cc1Cl,CHEMBL123698
DEC_1451,decoy,CC(C)C1=CC2CC3(C=O)[C@@H]4CC[C@@H](C)[C@H]4CC2(CO[C@H]2C[C@H]4[C@H](OC[C@@H]4C(C)C)[C@@H](C)O2)C13C(=O)O,CHEMBL443788
DEC_2505,decoy,c1ccc2c(c1)Oc1ccccc1C2NCCn1ccnc1,CHEMBL20469
DEC_0606,decoy,O=C(NCC1CCC(C(=O)NO)CC1)c1ccc2ccccc2c1,CHEMBL26518
DEC_3745,decoy,COc1ccc(C(c2cc(C(C)(C)C)ccc2O)c2ccc(C(C)C)cc(=O)c2O)cc1,CHEMBL18774
DEC_2800,decoy,COC(OC)[C@]1(C)Oc2ccc(N)cc2[C@@H](N(Cc2ncc[nH]2)c2ccc(Br)cc2)[C@@H]1O,CHEMBL44603
DEC_3898,decoy,CCCCc1cn(-c2ccccc2C)c(=O)n1Cc1ccc(-c2ccccc2-c2nn[nH]n2)nc1,CHEMBL276689
DEC_2436,decoy,C=C(c1cc(C)cc(C)c1OCC(O)CNC(C)(C)C)n1ccnc1,CHEMBL15454
DEC_4224,decoy,O=C(C[C@@H](Cc1ccc(-c2cccc(F)c2)cc1)C(=O)N[C@H]1c2ccccc2C[C@H]1O)NO,CHEMBL8496
DEC_2954,decoy,Cc1cc(-c2c(O)nc3cc(Cl)c([N+](=O)[O-])cc3c2OCCC2CCCCN2)cc(C(C)O)c1,CHEMBL49276
DEC_3813,decoy,CCCC(=O)N[C@@H](c1ccncc1)[C@@H](O)C(=O)OC1CC2C(C)(C)C1(C)[C@@]13CC(C)c4ccccc4[C@@]21O3,CHEMBL30278
DEC_0129,decoy,CCCCCCCC/C=C/CCCCCCCC(=O)Nc1cc(C(=O)OC)ccc1OC,CHEMBL40781
DEC_0266,decoy,C=CCOC(=O)NC1C2C(=O)CC(c3ccc(O)cc32)C1C(=O)OCC[Si](C)(C)C,CHEMBL12742
DEC_0706,decoy,Cc1cc(C)c(S(=O)(=O)[O-])c(C)c1.Cc1cc2c3c(cc[n+]2nc1C)[nH]c1ccccc13,CHEMBL286081
DEC_1045,decoy,CNc1nc(N2CCN(C)CC2)nc(Cl)c1Cl,CHEMBL31576
DEC_4369,decoy,CC(/N=c1\c(O)c(O)\c1=N/Cc1ccc(C#N)cc1Cl)C(C)(C)C,CHEMBL277719
DEC_1747,decoy,COc1c(C(C)(C)C)cc(-c2nnc(SC)s2)cc1C(C)(C)C,CHEMBL280326
DEC_2370,decoy,CCN(c1nc(C)cc(-c2ccccc2N)n1)c1ccc(C(C)C)cc1Br,CHEMBL9795
DEC_3425,decoy,COc1cc(CC(=O)OCC2=C[C@H]3[C@@H]4C(C)(C)[C@]4(OC(=O)Cc4ccccc4)C[C@@H](C)C3(O)[C@@H]3C=C(C)C(=O)[C@@]3(OC)C2)ccc1O,CHEMBL98634
DEC_2919,decoy,CCCC1Nc2ccc(C(C)C)cc2C(=O)N1Cc1ccc(-c2ccccc2-c2nn[nH]n2)cc1,CHEMBL415982
DEC_1845,decoy,C=C(C=O)[C@@H]1C[C@@]2(C)C(=CC1=O)[C@H](OC(=O)/C(C)=C/C(C)CCCC)CC[C@@H]2C(=O)N[C@@H](CC(C)C)C(=O)OC,CHEMBL80568
DEC_0399,decoy,C#C[C@]1(O)CCC2C3CCC4=CC(=O)CCC4=C3C(c3cccs3)CC21C,CHEMBL16886
DEC_4058,decoy,C[C@]12CCC(=O)C=C1NCC1C2CC[C@@]2(C)C1CC[C@@H]2C(=O)NC(c1ccc(Cl)cc1)c1ccc(Cl)cc1,CHEMBL412425
DEC_1350,decoy,CC(C)N(C(=O)[C@H]1CCC2C3CC=C4C=C(P(=O)(O)O)CC[C@]4(C)C3CC[C@@]21C)C(C)C,CHEMBL24969
DEC_1455,decoy,C[C@@H]1CCC2[C@@H](C)[C@H](OC(CCC(=O)O)c3ccc(Br)cc3)O[C@@H]3OC4(C)CC[C@@H]1C23OO4,CHEMBL283458
DEC_1570,decoy,C#CCN(c1ccc(C(=O)N[C@@H](CCC(=O)N[C@H](CCC)c2nnn[nH]2)C(=O)O)cc1)C1CCc2cc3nc(C)[nH]c(=O)c3cc21,CHEMBL57549
DEC_1388,decoy,ClP1(Cl)=NP(Cl)(Cl)=NP(N2CC2)(N2CC2)=N1,CHEMBL285314
DEC_0040,decoy,Cc1ccc(C2(Cn3ccnc3)OCC(c3ccc(Br)cc3)O2)cc1,CHEMBL29578
DEC_1981,decoy,COc1cccc(OC)c1OC(=O)NS(=O)(=O)Oc1c(C(C)C)cccc1C(C)C,CHEMBL21579
DEC_0210,decoy,CCc1cccc(CC)c1Nc1nc2ccccc2n2cncc12,CHEMBL287446
DEC_0959,decoy,CCc1cc(C#N)ccc1C/N=c1\c(O)c(O)\c1=N/[C@H](C)C(C)(C)C,CHEMBL19516
DEC_3234,decoy,Cc1ccc(C)n1Nc1ccc(N2CCSCC2)nn1,CHEMBL273534
DEC_3266,decoy,CCOC(=O)N[C@@H](c1ccc(C)cc1)[C@@H](O)C(=O)OC1CC2C(C)(C)C1(C)[C@@]13C[C@H](C)c4ccccc4[C@@]21O3,CHEMBL286832
DEC_0976,decoy,Cc1cn(C2C=CC(CNC(=O)CC3(C)CC(O)CN3)O2)c(=O)[nH]c1=O,CHEMBL20371
DEC_4191,decoy,CCCN1CCCC[C@H]1[C@H]1COC(c2ccccc2)(c2ccccc2)O1,CHEMBL430915
DEC_1508,decoy,Brc1cccc(Br)c1N(CC1CC1)C1=NCCCN1,CHEMBL20013
DEC_3214,decoy,CC1C/C(=N/OCC(O)CNC(C)(C)C)CC(C)(C)C1,CHEMBL24500
DEC_3530,decoy,Cc1cc(C)cc(-c2c(O)nc3cc(Cl)c(C(=O)Nc4ccncn4)cc3c2OCC[C@@H]2CCC[C@@H](C)N2)c1,CHEMBL300295
DEC_3937,decoy,O=C(NCCCOc1ccc2nc(O)ccc2c1)N(C1CC1)[C@H]1CCCC[C@@H]1O,CHEMBL286826
DEC_1677,decoy,CCC1CC(C)c2cc3c(C(F)(F)F)cc(=O)oc3cc2N1,CHEMBL269305
DEC_2168,decoy,CC1(C)CCC[C@@]2(C)[C@H](c3ccoc3)C(=O)[C@H]3O[C@@]312,CHEMBL36287
DEC_3348,decoy,CCN(CC)CC(=O)N1c2ccccc2N(C)S(=O)(=O)c2ccccc21,CHEMBL282800
DEC_3885,decoy,O=C1C2C3C=CC(C4CC34)C2C(=O)N1CCCCN1CCN(c2cccc(Cl)c2)CC1,CHEMBL29326
DEC_4422,decoy,CC(C)NC(=O)OCc1c(COC(=O)NC(C)C)c(-c2ccccc2)n2c1SCC2,CHEMBL433239
DEC_3595,decoy,Cc1noc(NS(=O)(=O)c2ccccc2-c2ccc(-c3ncco3)cc2Cn2ccc(C(F)(F)F)n2)c1C,CHEMBL285832
DEC_4015,decoy,CC1(C)Oc2ccsc2[C@@H](NC(=O)c2ccccc2)[C@@H]1O,CHEMBL27908
DEC_4534,decoy,O=S(=O)(c1ccccc1)c1c(O)nnc(-c2ccccc2)c1-c1ccccc1,CHEMBL280606
DEC_4164,decoy,CC(/C=C/C(=O)C1=C(O)CN(C)C1=O)=C\c1ccc2ccccc2c1,CHEMBL274899
ACT_023,active,NC(=O)c1ccc2nc(-c3ccc([N+](=O)[O-])o3)cn2c1,CHEMBL1973359
DEC_3609,decoy,CCCC1CCNc2cc3nc(O)cc(C(F)(F)F)c3cc21,CHEMBL280865
DEC_0232,decoy,CNCCSC1=Cc2ccccc2Sc2ccc(F)cc21,CHEMBL279155
DEC_1793,decoy,CCCCCCCCCCCCCC(=O)O[C@@H]1[C@@H](C)[C@@]2(O)[C@@H](C=C(CO)C[C@]3(O)C(=O)C(C)=C[C@@H]23)[C@@H]2C(C)(C)[C@]12OC(C)=O,CHEMBL279115
DEC_1296,decoy,COc1ccc2c3c1OC1[C@H](O)[C@](CO)(CCCCCc4ccccc4)CC4C(C2)N(CC2CCC2)CCC341,CHEMBL9818
DEC_2886,decoy,Cc1c(OCC(F)(F)F)ccnc1C[S+]([O-])c1nc2ccccc2[nH]1,CHEMBL480
DEC_3443,decoy,CCCCc1nc2ccc([C@H]3[C@@H]4C(=O)OC[C@@H]4ON3Cc3ccccc3)cc2c(=O)n1Cc1ccc(-c2ccccc2-c2nn[nH]n2)cc1,CHEMBL53226
DEC_4331,decoy,Cc1nc(N)ccc1CNC(=O)C1C=CCn2c(=O)n(C(CSc3ccc(Br)cc3)C(=O)OC3CCCCC3)c(=O)n21,CHEMBL32203
DEC_0249,decoy,CCc1c2c(nc3cnc(C#CCN(C)C)cc13)-c1cc3c(c(=O)n1C2)COC(=O)[C@]3(O)CC,CHEMBL13771
DEC_0034,decoy,CCCc1cc2c(cc1O)C(C)(C)C(CCc1ccc(S(C)(=O)=O)cc1)O2,CHEMBL25296
DEC_2907,decoy,CCCCc1ccc(C#Cc2ccc(S(=O)(=O)N[C@H](Cc3c[nH]c4ccccc34)C(=O)O)s2)cc1,CHEMBL50437
DEC_0107,decoy,CCCCCCCC/C=C/CCCCCCC(C)C(=O)Nc1c(OC)cc(OC)cc1OC,CHEMBL41001
DEC_3339,decoy,CC(C)(C)C1CS(=O)(=O)C(c2ccc(Br)cc2)S(=O)(=O)C1,CHEMBL31872
DEC_2620,decoy,c1ccc(C2(c3ccccc3)CCC(C3CCCCN3)C2)cc1,CHEMBL27050
DEC_1670,decoy,CC(C)c1ccc2c(c1)CC[C@H]1[C@@H](CO)[C@@H](O)CC[C@]21C,CHEMBL12668
ACT_001,active,CCN(C(=O)c1ccc2occc2c1)c1ccnc(N[C@@H](C)c2ccccc2)n1,CHEMBL1093219
DEC_0390,decoy,CN1C(=O)CC[C@]2(C)C3CC[C@@]4(C)C(CC[C@@H]4N(C=O)C4CC4)C3CC[C@@H]12,CHEMBL276355
DEC_4323,decoy,C=C1[C@@H](O)C[C@H](OC(C)=O)[C@@]2(C)[C@@H](OC(C)=O)[C@H](OC(=O)c3ccccc3)C3=C(C)[C@@H](OC(C)=O)C[C@@]3(C(C)(C)O)[C@@H](OC(C)=O)[C@H]12,CHEMBL339718
ACT_021,active,NC1CCC(Nc2nc(Cl)cc(-c3c[nH]c4ncccc34)n2)CC1,CHEMBL1973720
DEC_1994,decoy,N#Cc1cc(-c2ccoc2)c2ccc(CSc3cc(F)cc(C4(O)CC5COC(C4)O5)c3)cc2n1,CHEMBL280348
DEC_1823,decoy,CNC(=O)Oc1cccc(CN(C)CCCCCCCOc2ccc3c(c2)OC/C(=C\c2cc(OC)c(OC)c(OC)c2)C3=O)c1,CHEMBL363588
DEC_3070,decoy,CC1(C)CC(=O)NN=C1c1ccc2nc(C3CC3)n(Cc3ccc(-c4ccccc4-c4nn[nH]n4)cc3)c2c1,CHEMBL283055
DEC_2565,decoy,COc1c(C(C)(C)C)cc(-c2nnc(S)s2)cc1C(C)(C)C,CHEMBL16828
ACT_093,active,CCCNc1nc2c(s1)C(=O)N(c1cc(C(=O)NC)ccc1C)C2,CHEMBL255719
DEC_1973,decoy,CCCCc1nc2c(n1Cc1ccc(-c3ccccc3-c3nn[nH]n3)cc1)CCCCC2=O,CHEMBL290917
DEC_1413,decoy,Clc1ccc(C2(Cn3ccnc3)OCC(c3ccccc3)O2)c(Cl)c1,CHEMBL29196
DEC_4131,decoy,CC(C)N1CCCC(O)(c2ccc(O)c(O)c2)C1,CHEMBL266290
DEC_4610,decoy,COc1cc2c(cc1OC)[C@@](O)(c1cc(OC)c(OCc3ccccc3)c(OC)c1)[C@H]1C(=O)OC[C@H]1C2=O,CHEMBL291122
DEC_4005,decoy,C#CCn1cc(C2=NCC3(CN4CCC3CC4)O2)c2ccccc21,CHEMBL266097
DEC_1888,decoy,C[C@]12CC[C@H](O)CC1=CCC1C2CC[C@@]2(C)C1CC[C@@H]2OC1CC1,CHEMBL6253
DEC_0803,decoy,C[C@H]1C(Oc2ccc(C(=O)O)cc2)O[C@@H]2O[C@]3(C)CC[C@H]4[C@H](C)CCC1C24OO3,CHEMBL287140
DEC_1601,decoy,Cc1ccc(Sc2cncc3sc(C(=N)S)cc23)cc1,CHEMBL266429
DEC_4541,decoy,CCCCOC(=O)N[C@@H](c1ccc(O)cc1)[C@@H](O)C(=O)OC1CC2C(C)(C)C1(C)[C@@]13CC(C)c4ccccc4[C@@]21O3,CHEMBL284230
DEC_2122,decoy,CC(=O)N/N=C1/CC2(CCN(C)CC2)OC1C,CHEMBL417707
DEC_3653,decoy,O=S(=O)(c1cccs1)N1Cc2ccccc2N(Cc2c[nH]cn2)C(CCc2ccccc2)C1,CHEMBL266958
DEC_1782,decoy,C[Si](C)(C)c1cc(C(=O)/C=C/c2ccc(C(=O)O)cc2)cc([Si](C)(C)C)c1,CHEMBL284744
DEC_2559,decoy,CC[C@H]1Nc2cc3nc(O)cc(C(F)(F)F)c3cc2CC1(CC)CC,CHEMBL267471
DEC_3322,decoy,Clc1ccc(CN2CCc3ccccc3C2Cn2cncn2)c(Cl)c1,CHEMBL282786
DEC_3211,decoy,CO[C@H]1O[C@]2(C)OO[C@]13[C@H](CCO)CCC[C@@H]3CC2(C)C,CHEMBL280150
DEC_2381,decoy,C=C(c1cc(Cl)cc(Cl)c1OCc1ccsc1Cl)n1ccnc1,CHEMBL282861
DEC_4678,decoy,CN1C[C@H](CNC(=O)c2ccccc2)C[C@@H]2c3cc(C(C)(C)C)cc4[nH]cc(c34)C[C@H]21,CHEMBL273526
DEC_1688,decoy,CC(C)N(C(=O)[C@H]1CCC2C3CCC4C=C(S(=O)(=O)O)C=C[C@]4(C)C3CC[C@@]21C)C(C)C,CHEMBL24825
DEC_1235,decoy,CC(C)=CC[C@@H](OC(=O)C(Cl)(Cl)Cl)C1=CC(=O)c2c(O)ccc(O)c2C1=O,CHEMBL8794
DEC_4544,decoy,C=C1C[C@@]23O[C@]2(c2ccccc21)C1CC(OC(=O)[C@H](O)[C@@H](NC(=O)OCC)c2ccc(OC)cc2)C3(C)C1(C)C,CHEMBL30621
DEC_1098,decoy,CO[C@]12OO[C@](C)(CO[Si](c3ccccc3)(c3ccccc3)C(C)(C)C)C=C1C(=O)C(C)(C)C(=O)C2(C)C,CHEMBL417319
DEC_4119,decoy,CN(C)CCc1c[nH]c2ccc3c(c12)OCO3,CHEMBL28354
DEC_1353,decoy,C=C(C)[C@@H]1CC[C@]2(C(=O)O)CC[C@]3(C)[C@H](CC[C@@H]4[C@@]5(C)CC[C@H](O)C(C)(C)[C@@H]5CC[C@]43C)[C@@H]12,CHEMBL269277
DEC_3159,decoy,CC(C)c1cccc(C(C)C)c1OC(=O)NS(=O)(=O)Oc1c(C(C)C)cc(O)cc1C(C)C,CHEMBL25216
DEC_1330,decoy,CN(C)Cc1oc2ccccc2c1CC(C)(NC(=O)OC1C2CC3CC(C2)CC1C3)C(=O)NCCc1ccccc1,CHEMBL292957
DEC_4109,decoy,O=C(CCS)N1CCCC1P(=O)(O)O,CHEMBL274333
DEC_4096,decoy,COc1ccc2c(c1)c(Cc1nc(-c3ccc4ccccc4c3)cs1)c(C)n2C(=O)c1ccc(Cl)cc1,CHEMBL282015
DEC_0081,decoy,Oc1ccc(C(=Cc2ccc(I)cc2)c2ccc(O)cc2)cc1,CHEMBL287352
DEC_4596,decoy,COC(=O)C[C@@H](c1ccc(OC)nc1)N(C)C(=O)CCCCc1nc2c(cc1Br)CCCN2,CHEMBL275555
DEC_3765,decoy,CC1=C(C(=O)OC(c2ccccc2)c2ccccc2)N2C(=O)[C@@H](NC3=NC(c4ccc(C#N)cc4)CN3)C2SC1,CHEMBL13734
DEC_1056,decoy,COc1ccc2c3c1O[C@@H]1[C@]34CCN(COOC(C)(C)C)[C@H](C2)[C@]42CC[C@@]1(OC)C(C(C)(O)C(C)(C)C)C2,CHEMBL73518
DEC_3621,decoy,N=C(Cc1ccccc1)Nc1nnc(Cc2ccccc2)s1,CHEMBL273864
DEC_2216,decoy,CC(C)CSc1nnc([C@@H]2C[C@@H](S)CN2S(=O)(=O)c2ccc3ccccc3c2)n1-c1ccccc1,CHEMBL295865
DEC_2715,decoy,COC(=O)C12CCC(C)(C)CC1[C@H]1C(=O)C[C@@H]3[C@@]4(C)CC[C@H](OC(C)=O)C(C)(C)[C@@H]4CC[C@@]3(C)[C@]1(C)CC2,CHEMBL53562
DEC_2340,decoy,CCCn1c(=O)c2nc(/C=C/c3cc(F)cc(F)c3)[nH]c2n(CCC)c1=O,CHEMBL27261
DEC_1523,decoy,O=C(O)Cc1nn(Cc2nc3c(C(F)(F)F)cccc3s2)c(=O)c2ccccc12,CHEMBL280168
DEC_0490,decoy,CCC1NC(=O)C(CCN(C(C)C)C(C)C)(c2ccccc2)C2CCCCN12,CHEMBL24216
DEC_1380,decoy,Oc1cc(C(F)(F)F)c2cc3c(cc2n1)NCCC3c1cc(C(F)(F)F)cc(C(F)(F)F)c1,CHEMBL285602
DEC_2134,decoy,CC1(C)C2=CC(=O)CC[C@@]1(O)C#C/C=C\C#C[C@H]2O,CHEMBL278531
DEC_2816,decoy,CC(C)c1nc2ccccc2n1CCCCCSc1nc(-c2ccc(N(C)C)cc2)c(-c2ccc(N(C)C)cc2)[nH]1,CHEMBL51087
DEC_2300,decoy,O=C(O)Cc1nn(Cc2nc3c(F)c(F)ccc3s2)c(=O)c2ccccc12,CHEMBL422927
DEC_2339,decoy,CC(C)(C)n1cc(C(=O)O)c(=O)c2cc(F)c(N3CCC(N)C3)cc21,CHEMBL280036
DEC_0840,decoy,CCCS(=O)(=O)N1CCC(N2CCC(C3(c4ccc([S+]([O-])c5ccc6c(c5)OCO6)cc4)O[C@H](C)[C@@H](C)O3)CC2)CC1,CHEMBL328550
DEC_2870,decoy,C[S+]([O-])c1nnc(-c2cc(C(C)(C)C)c(O)c(C(C)(C)C)c2)s1,CHEMBL16522
DEC_4244,decoy,COc1ccc2c(c1)c(CC(=O)N[C@@H](CO)CCSC)c(C)n2C(=O)c1ccc(Cl)cc1,CHEMBL432260
DEC_2998,decoy,O=c1c(-c2ccc(O)cc2)c(Oc2ccc(OCCN3CCCCC3)cc2)oc2cc(O)ccc12,CHEMBL35073
DEC_1282,decoy,C=CCOC1(C(F)(F)F)OC(=O)Nc2ccc(Cl)cc21,CHEMBL17226
DEC_3428,decoy,Cn1nnnc1SCC1=C(C(=O)OC(c2ccccc2)c2ccccc2)N2C(=O)[C@@H](Nc3nc4ccccc4[nH]3)C2SC1,CHEMBL13156
DEC_0573,decoy,NCC/N=C(\S)Nc1c(Br)cccc1Br,CHEMBL31851
DEC_3110,decoy,O=C(C[C@@H](Cc1ccc(-c2ccc3c(c2)OCO3)cc1)C(=O)N[C@H]1c2ccccc2C[C@H]1O)NO,CHEMBL8432
DEC_3619,decoy,CC(C)(C)c1cc(/C=C/c2nnc(S)o2)cc(C(C)(C)C)c1O,CHEMBL273941
DEC_0064,decoy,CC(C)N(C(=O)[C@H]1CCC2C3CCC4C=C(C(=O)O)C=C[C@]4(C)C3CC[C@@]21C)C(C)C,CHEMBL27862
DEC_3537,decoy,Cc1ccc(-c2c(O)nc3cc(Cl)c(C(=O)Nc4ccncn4)cc3c2OCC[C@@H]2CCCCN2)cc1C,CHEMBL49230
DEC_0139,decoy,C[C@@H]1OC(=O)[C@H]2C[C@H]3CCCC[C@@H]3[C@@H](/C=C/[C@H]3CCC[C@H](C)N3C)[C@@H]12,CHEMBL277642
DEC_2885,decoy,CC(C)N1C(S)=NC(c2cccc(F)c2)c2cc3c(cc21)OCO3,CHEMBL13596
DEC_2945,decoy,Cc1ccccc1Cc1ccc2c(c1CCC(=O)O)CCC(NS(=O)(=O)c1ccc(Cl)cc1)C2,CHEMBL28978
DEC_4478,decoy,O=C1CCN(c2cc3c(cc2F)c(=O)c(C(=O)O)cn3C2CC2)C1,CHEMBL27961
DEC_1007,decoy,[O-][P@+]1(N(CCCl)CCCl)NC[C@H](Cl)CO1,CHEMBL285401
DEC_0384,decoy,CC(C)(C)C1CSC(C2=CC(=O)C(Br)=CC2=[N+]=[N-])SC1,CHEMBL31975
DEC_2445,decoy,FC(F)(F)COc1ccc(Cc2ccc(NC3=NCCN3)cc2)cc1,CHEMBL9345
DEC_2351,decoy,CC1(C)C=C(C(=O)NCC(C)(C)NCc2cccs2)C(C)(C)N1,CHEMBL280508
DEC_2537,decoy,O=C(O)Cc1ccc2c(c1)Oc1cc(Cl)ccc1CO2,CHEMBL286802
DEC_3364,decoy,CC1CCC(/C=N/c2ccc(Br)cc2)=C2NC=C(C(=O)O)C(=O)N21,CHEMBL280707
DEC_0731,decoy,CCCCC[C@@H]1/C=C\C2C=CC(=O)[C@@H]2C/C=C\CCCC(=O)O1,CHEMBL275047
DEC_0818,decoy,Clc1ccc2c(c1)[C@H]1OCC[C@H]1[C@H](c1c[nH]c3ccc(Cl)cc13)N2,CHEMBL281686
ACT_031,active,CCCC1=Nc2c(ncnc2[S+]([O-])c2ccccc2)Sc2ccccc21,CHEMBL4088380
DEC_3265,decoy,N#Cc1ccc2cc1Oc1ccc3cccc(c3c1)NC(=O)[C@@H](Cc1ccccc1)NC(=O)Cc1cncn1C2,CHEMBL52610
DEC_2115,decoy,CC(C)CC1CC(=O)N(OS(C)(=O)=O)C1=O,CHEMBL276240
DEC_4047,decoy,O=C(O)c1cn2c(n1)N=S(=O)(c1ccccc1)c1ccccc1-2,CHEMBL276032
DEC_2022,decoy,C=Cc1cnc2c(c1)CCc1cc(C)cc(OC)c1C2C1CCN(C(=O)Cc2cc[n+]([O-])cc2)CC1,CHEMBL56478
DEC_0085,decoy,C[C@H]1C(=O)C(C)(C)Nc2ccc3c(c21)[C@H](c1ccc(Cl)cc1)Oc1ccccc1-3,CHEMBL34015
DEC_3399,decoy,COc1c(O)cc2c(c1OC)-c1ccc(SC)c(=O)cc1[C@@H](NC(C)=O)CC2,CHEMBL277998
DEC_3698,decoy,CC(C)(C)C(=O)c1ccc(C(=O)O/C(=N\OCCO)c2ccc(C(=O)C(C)(C)C)cc2)cc1,CHEMBL296795
DEC_4048,decoy,O=S1NC(Cc2coc3c(Cl)cc(Cl)cc23)=NO1,CHEMBL17375
DEC_0605,decoy,O=C(Nc1cccc(NC(=O)Nc2ccccn2)c1)Nc1ccccn1,CHEMBL276383
DEC_1812,decoy,CC(C)C[C@@H](C(=O)N[C@@H](Cc1ccc(OC(=O)c2ccccc2)cc1)C(=O)NC(C)(C)C)N(C)Cc1ccc(Br)cc1,CHEMBL430996
DEC_4557,decoy,COc1ccc2nc3cc(Cl)ccc3c(Nc3cc(CN4CCCC4)c(O)c(CN4CCCC4)c3)c2n1,CHEMBL35228
DEC_4261,decoy,COC(=O)Nc1nc2cc(C(=O)NC3NC=CS3)ccc2[nH]1,CHEMBL11500
DEC_1438,decoy,C/C=C/CC(=O)[C@@H](C)[C@H](O)[C@H](C)[C@H]1OC(=O)/C(OC)=C/C(C)=C/[C@@H](C)[C@@H](O)[C@@H](C)C/C(C)=C/C=C/[C@@H]1OC,CHEMBL294246
ACT_040,active,COc1ccc(CNCCCN(c2ccc(=O)n(-c3ccccc3Cl)n2)c2ccccc2Cl)c(OC)c1OC,CHEMBL374216
DEC_2961,decoy,Cn1c2c(c3ccccc31)C(C)(c1ccc(OCCCC(=O)O)cc1)c1cc(C(=O)O)sc1C2=O,CHEMBL15007
DEC_3869,decoy,CCN(Cc1ccc(S(=O)(=O)N2CCNCC2)cc1)c1ccc2c3c(cccc13)C(=O)N2,CHEMBL9728
DEC_4295,decoy,COC1=C2C[C@@H](C)C[C@H](OC)[C@H](O)[C@@H](C)/C=C(\C)[C@H](OC(N)=O)[C@@H](OC)/C=C\C=C(/C)C3=NC(=C(C1=O)C(NC(C)(C)C)O3)C2=O,CHEMBL125943
DEC_4233,decoy,N/C(=N\O)c1cc(CN2C(=O)N[C@H](CCc3ccccc3)[C@@H](O)[C@H]2Cc2ccccc2)ccc1F,CHEMBL416964
DEC_1305,decoy,CSc1ccc(CCCCNC(=O)c2coc(C3C4CCC(O4)C3Cc3ccccc3CCC(=O)O)n2)cc1,CHEMBL287068
DEC_4674,decoy,CC(C)(C)c1cccc(C(C)(C)C)c1OC(=O)NS(=O)(=O)Nc1ccccc1,CHEMBL277641
DEC_2934,decoy,CCCCC1Nc2ccc(CC)cc2C(=O)N1Cc1ccc(-c2ccccc2-c2nn[nH]n2)cc1,CHEMBL15519
DEC_2598,decoy,Brc1ccccc1Nc1nc2ccccc2n2ccnc12,CHEMBL28548
DEC_1713,decoy,CCCCc1ccc(C#Cc2cc3c(s2)-n2c(C)nnc2CN=C3c2ccccc2Cl)cc1,CHEMBL32767
DEC_3538,decoy,Cc1cc(C)cc(-c2c(O)nc3cc(Cl)c(NC(=O)Nc4cnccn4)cc3c2OCCC2CCCCN2)c1,CHEMBL50283
DEC_0922,decoy,C[C@@]12CCC3=C(CCO3)C1CC[C@@]13CC(CCC12)[C@@](O)(CO)C3,CHEMBL31114
DEC_3289,decoy,CSc1nnc([C@@H]2C[C@@H](S)CN2S(=O)(=O)c2ccc3ccccc3c2)n1-c1ccc(F)c(Cl)c1,CHEMBL300855
DEC_0404,decoy,CN1C(=O)CC[C@]2(C)C3CC[C@@]4(C)C(CC[C@@]4(O)C#CCCCCl)C3CCC12,CHEMBL268748
DEC_2976,decoy,Cn1c2c(c3ccccc31)C(C)(c1ccc(OCC(=O)O)cc1)c1cc(C(=O)O)sc1C2=O,CHEMBL14108
DEC_2648,decoy,CC[C@]1(c2cccc(Cl)c2)OC[C@H]([C@@H]2CCCCN2)O1,CHEMBL280739
DEC_4712,decoy,CC(C)(C)OC(=O)c1ncn2c1CN(C(=O)N1CC(C3CC4(CC4)C3)NCC1C1CC3(CC3)C1)c1cc(Cl)ccc1-2,CHEMBL406995
DEC_1052,decoy,CCCC1NN(C(C)=O)C(CCC)NN1C(C)=O,CHEMBL17616
DEC_2657,decoy,c1cc2c(cc1-c1nc3n(c1-c1ccc4c(c1)OCO4)CCS3)OCO2,CHEMBL429216
DEC_1757,decoy,N#Cc1ccc(Cn2ccnc2)cc1Oc1ccc(-c2ccccc2)cc1,CHEMBL279923
DEC_2667,decoy,CN(CCc1ccc2c(c1)OCO2)CC1CCCc2c1ccc1c2OCO1,CHEMBL276667
DEC_3485,decoy,Cc1ccc(C)n1Nc1ccc(N2C(C)COCC2C)nn1,CHEMBL273400
DEC_1213,decoy,CC(=O)c1cc2c(s1)[C@@H](NC(=O)c1ccc(C(F)(F)F)cc1)[C@H](O)C(C)(C)O2,CHEMBL284325
DEC_1605,decoy,CCCCc1ccc(C(c2cc(C)ns2)N2CCN(C)CC2)cc1,CHEMBL553106
DEC_4549,decoy,CC(=O)OCC1=C(C(=O)OC(c2ccccc2)c2ccccc2)N2C(=O)[C@@H](Nc3nc4cscc4[nH]3)C2SC1,CHEMBL13612
DEC_1148,decoy,CCOC(=O)Nc1cc2c(c(N)n1)N=C(c1ccc(Cl)c(Cl)c1)CN2,CHEMBL9517
DEC_1139,decoy,Cc1c(NC(=O)Cc2ccc(Br)cc2)ccc2nc(N)nc(N)c12,CHEMBL7315
DEC_3177,decoy,O=C(O)c1cc(F)cc(C(=O)/C=C/c2ccc(OCc3ccc4ccccc4n3)cc2)c1O,CHEMBL11782
DEC_0788,decoy,CCCc1cc(=O)oc2c3c(c4c(c12)OC(C)(C)C=C4)O[C@H](CC)[C@H](C)[C@H]3O,CHEMBL266322
DEC_3117,decoy,C=CC/N=c1\c(O)c(O)\c1=N/[C@@H](Cc1ccc(NC(=O)c2c(Cl)cncc2Cl)cc1)C(=O)O,CHEMBL9891
DEC_4214,decoy,Cc1cc(C)c(S(=O)(=O)N/N=C/c2cc3c(cc2[N+](=O)[O-])NC(CNC(C)C)CC3)c(C)c1,CHEMBL44393
DEC_4429,decoy,CCCC1=C(C(=O)OCc2ccc(C(=O)OC)cc2)C(c2cccc(C)c2)NC(=O)N1,CHEMBL15820
DEC_3541,decoy,Cc1cc(C)cc(-c2c(O)nc3cc(Cl)c(NC(=O)Nc4ccncn4)cc3c2OCC[C@@H]2CCCCN2)c1,CHEMBL47895
DEC_0151,decoy,COC[C@H]1OC(=O)c2coc3c2[C@@]1(C)C1=C(C3=O)[C@@H]2CCC(=O)[C@@]2(C)CC1,CHEMBL13513
DEC_1679,decoy,CN(O)C(=O)/C=C/c1ccc2c(c1)Nc1ccccc1O2,CHEMBL12361
DEC_4297,decoy,C=C(C)C12OC3(c4ccccc4)OC1[C@@H]1[C@@H]4O[C@]4(CO)[C@@H](O)[C@]4(O)C(=O)C=C[C@@]4(C)C1(O3)[C@H](C)[C@H]2OC(=O)/C=C/C=C/c1ccccc1,CHEMBL313586
DEC_0164,decoy,CCCC1CCC(N2CCC(N3C(=O)N[C@@H]4CCCC[C@H]43)CC2)CC1,CHEMBL26681
DEC_0809,decoy,CCCc1cc(=O)oc2c3c(c4c(c12)OC(C)(C)C=C4)OC(C)(C)CC3O,CHEMBL7453
DEC_2721,decoy,COC(=O)[C@]12CCC(C)(C)CC1C1=CC[C@@H]3[C@@]4(C)C=C(C(=O)O)C(=O)C(C)(C)[C@@H]4CC[C@@]3(C)[C@]1(C)CC2,CHEMBL293517
DEC_3812,decoy,O=C(CSc1cc(Cl)ccc1Cl)N[C@@H]1C(=O)N2C(C(=O)O)=C(COC(=O)c3cccnc3)CSC12,CHEMBL294383
ACT_045,active,Cc1cc(=O)n2ccc(CN(C)C)c(O)c2n1,CHEMBL1988581
DEC_1039,decoy,CSc1c(N)nc(N2CCN(C)CC2)nc1Cl,CHEMBL28482
DEC_2987,decoy,Cc1cc(C)cc(NC(=O)Cc2ccc(OC3(C(=O)N4CCC[C@H]4C(=O)O)CCCC3)cc2)c1,CHEMBL18567
DEC_1250,decoy,CC(/C=C/C(O)=C1\C(=O)CN(C)C1=O)=C\C(C)C1CCCCC1,CHEMBL10882
DEC_2197,decoy,NC(=O)N1CCC(CC(=O)N2CCC([C@H]3c4ncc(Br)cc4C=Cc4cc(Cl)cc(Br)c43)CC2)CC1,CHEMBL359779
DEC_3287,decoy,C[C@@H]1C(=O)Nc2cccc3ccc(cc23)Oc2cc(ccc2C#N)Cn2cncc2CN1Cc1ccccc1,CHEMBL300966
DEC_2935,decoy,O=C(NCCCOc1ccc2nc(O)ccc2c1)N(C1CCCCCCC1)[C@H]1CCCC[C@@H]1O,CHEMBL35187
DEC_1975,decoy,CCCOC(=O)C1C2C(=O)CC(c3ccc(O)cc32)C1C(=O)OCCC[Si](C)(C)C,CHEMBL11867
DEC_2909,decoy,OC[C@@]1(CCCCCc2ccccc2)CC2C3Cc4ccc(O)c5c4C2(CCN3CC2CC2)C(O5)[C@@H]1O,CHEMBL9706
DEC_0027,decoy,CCc1cc(CCCOc2c(C)cc(-c3noc(C4CC4)n3)cc2C)on1,CHEMBL29783
DEC_4114,decoy,O=S1NC(CC2=Cc3ccccc3CC2)=NO1,CHEMBL17355
DEC_3555,decoy,C=C(Cl)CON1C[C@H](OCC23C[C@@H]4[C@H](C)CC[C@H]4C4(C=O)CC2C=C(C(C)C)[C@@]34C(=O)O)OC[C@H]1C,CHEMBL33631
DEC_1895,decoy,N#Cc1cc(F)cc(-c2ccc3c(c2)C2(CCCCC2)C(S)=N3)c1,CHEMBL28157
DEC_4683,decoy,CS(=O)(=O)Nc1ccc(-n2nc(C(F)(F)F)cc2-c2ccc(F)cc2)cc1,CHEMBL430728
DEC_2734,decoy,Cc1cc(C)c(S(=O)(=O)N2CCC(C)(N3CCC(N(c4ccccc4)c4ccccc4)CC3)CC2)c(C)c1,CHEMBL60589
DEC_4442,decoy,CCCCc1nc(Cl)c(CO)n1Cc1ccc(/C=N/O)cc1,CHEMBL25726
DEC_1400,decoy,CC(=O)Oc1nc(C(Cl)(Cl)Cl)c(Cl)c(OC(C)=O)c1Cl,CHEMBL11954
DEC_1628,decoy,Clc1ccc(C2(Cn3ccnc3)OCC(c3ccccc3)O2)cc1,CHEMBL29498
DEC_2234,decoy,C=C1C[C@@]23O[C@]2(c2ccccc21)C1CC(OC(=O)[C@H](O)[C@@H](NC(=O)OCCCC)c2ccccc2)C3(C)C1(C)C,CHEMBL283810
DEC_3459,decoy,O=C1NN=C(c2ccc(-n3ccnc3)cc2)C2CCCCC12,CHEMBL30358
DEC_0257,decoy,C=C(Cl)C(=O)N[C@@]12CCC(=O)[C@@H]3Oc4c(O)ccc5c4C31CCN(CC1CC1)C2C5,CHEMBL288178
DEC_3390,decoy,CC1CCC(=NNc2cc(Cl)cc(Cl)c2)c2ncc(C(=O)O)c(=O)n21,CHEMBL14350
DEC_3688,decoy,COc1cccc(Sc2c(C(=O)O)n(Cc3ccc4c(c3)OCO4)c3cc4c(cc23)OCO4)c1,CHEMBL27617
DEC_4373,decoy,IC12NC(Cc3ccccc31)c1ccccc12,CHEMBL10668
DEC_4676,decoy,O=C(Nc1ncco1)c1c(C(F)(F)F)nc2c(C(F)(F)F)cccc2c1O,CHEMBL34020
DEC_3980,decoy,Nc1nccc2ccc(Oc3ccccc3NC(=O)c3ccc(-c4ccccc4S(N)(=O)=O)cc3)cc12,CHEMBL47242
DEC_3304,decoy,O=C1Nc2ccc(F)c(F)c2C(C#Cc2ccccn2)(C(F)(F)F)O1,CHEMBL17388
DEC_1259,decoy,C1=Cc2ccccc2C2(OC[C@H]([C@@H]3CCCCN3)O2)c2ccccc21,CHEMBL281053
DEC_3491,decoy,C(=N/NC1=NCCN1)\c1c2ccccc2nc2ccccc12,CHEMBL278341
DEC_2660,decoy,CC(=O)OC1C[C@@]23CCC4c5ccoc5CC[C@@]4(C)C2CCC1C3,CHEMBL418400
DEC_4554,decoy,CC1CCCCCCCCCCCOC(=O)N1CC(O)C(Cc1ccccc1)NC(=O)O[C@H]1CO[C@H]2OCC[C@H]21,CHEMBL62182
DEC_2653,decoy,CC(=O)Oc1c(Cl)c(Cl)nc(C(Cl)(Cl)Cl)c1Cl,CHEMBL11518
ACT_083,active,O=C(NCCO)C1=Cc2c(ncnc2Nc2ccc(Oc3cccc4sccc34)c(Cl)c2)NCC1,CHEMBL2348417
DEC_1798,decoy,CO/N=C(\COCc1cc(OC)c(OC)c(OC)c1)C(CCN1CCC(O)(c2ccccc2)CC1)c1ccc(Cl)c(Cl)c1,CHEMBL284269
DEC_1130,decoy,O=C(O)Cc1cccc2c1Cc1c-2nc(O)c2nc(-c3ccc(C(=O)O)cc3)cn12,CHEMBL24875
DEC_2204,decoy,CN(CC#CCCC1(C2(O)c3ccccc3Oc3ccccc32)SCCCS1)CCCCc1ccccc1,CHEMBL41181
DEC_3510,decoy,CC(C)CNCc1cc(Nc2cc(C(F)(F)F)nc(/N=C(\N)Nc3ccc(Cl)c(Cl)c3)n2)ccc1O,CHEMBL22372
DEC_4754,decoy,Cc1ccc(NC(=O)CC(c2ccccc2)c2ccccc2)c(=O)n1CC(=O)NCC1CCN(C(=N)N)CC1,CHEMBL37035
DEC_1660,decoy,CC[C@@H]1C[C@H](C)c2cc3c(C(F)(F)F)cc(O)nc3cc2N1,CHEMBL7373
DEC_2992,decoy,CCc1ccc2c(c1)CC=C(c1ccccc1)C(N1CCN(C(C)C)CC1)=N2.O=C(O)/C=C/C(=O)O,CHEMBL16588
DEC_3260,decoy,COc1cc([C@@H]2c3cc4nc5cc(Cl)c(Cl)cc5nc4cc3[C@H](O)[C@H]3COC(=O)[C@H]23)cc(OC)c1OC,CHEMBL30287
DEC_0326,decoy,CC(C)[C@H]1OC(=O)O[C@@]1(Cn1cncn1)c1ccc(Cl)cc1,CHEMBL275465
DEC_1366,decoy,CC1(C)CC[C@]2(C(=O)O)CC[C@]3(C)C(=CC[C@@H]4[C@@]5(C)C=C(O)C(=O)C(C)(C)[C@@H]5CC[C@]43C)C2C1,CHEMBL42239
DEC_0998,decoy,Nc1nc(O)c2ncn([C@@H]3O[C@@H]4C[C@@](CC(=O)O)(C(=O)O)O[C@@H]4[C@H]3O)c2n1,CHEMBL21209
DEC_2292,decoy,CCCCC(=O)O[C@H](CC=C(C)C)C1=CC(=O)c2c(O)ccc(O)c2C1=O,CHEMBL9499
DEC_2871,decoy,CSc1nc(-c2cc(C(C)(C)C)c(O)c(C(C)(C)C)c2)ns1,CHEMBL16912
DEC_2535,decoy,Cc1ccc2c(c1)CC(O)c1cc(C(C)C(=O)O)ccc1O2,CHEMBL428000
DEC_4035,decoy,CCC(C)(C)/N=c1\c(O)c(O)\c1=N/Cc1ccc(C)cc1C,CHEMBL20101
DEC_1589,decoy,CCCCC[C@H](O)/C=C/C1[C@H](O)C[C@@H]2OC(=O)CCC/C=C\C[C@H]12,CHEMBL12100
DEC_2317,decoy,Cc1c(N2CC[C@H](N)C2)c(F)cn2c(=O)c(C(=O)O)cc(C3CCC3)c12,CHEMBL275425
DEC_1676,decoy,CC1(C)CCNc2cc3nc(O)cc(C(F)(F)F)c3cc21,CHEMBL281028
DEC_1584,decoy,Cc1noc(C)c1S(=O)(=O)N[C@@H](CNC(=O)C[C@H]1CC(c2ccc(C(=N)NCc3cccc(F)c3)cc2)=NO1)C(=O)O,CHEMBL303420
DEC_3584,decoy,CCCCc1nn(Cc2c(F)c(F)c(F)c(F)c2F)c(=O)n1Cc1ccc(-c2ccccc2-c2nn[nH]n2)cc1,CHEMBL85765
DEC_3387,decoy,CCCCNC(=O)N1N=C(c2ccc(N)cc2)c2cc3c(cc2CC1C)OCO3,CHEMBL9043
DEC_0316,decoy,COC1=CC(=O)C[C@@H](C)[C@]12Oc1c(Cl)c(OC)cc(OC)c1C2=O,CHEMBL562
DEC_4577,decoy,CN1CCN(CCCNc2ncc3cc(-c4c(Cl)cccc4Cl)c(/N=C(/S)NC(C)(C)C)nc3n2)CC1,CHEMBL57947
DEC_0379,decoy,CC(N)C(=O)N1N=C(c2ccc(N)cc2)c2cc3c(cc2CC1C)OCO3,CHEMBL418148
DEC_4560,decoy,CCCCc1nc2cc(C3=NNC(=O)CC3C)ccc2n1Cc1ccc(-c2ccccc2-c2nn[nH]n2)cc1,CHEMBL24550
DEC_4722,decoy,COc1cc2cc(C(=O)N3C[C@H]4C[C@@]45C3=CC(=O)c3[nH]c(C)c(C(=O)SCc4ccccc4)c35)[nH]c2c(OC)c1OC,CHEMBL443020
DEC_0552,decoy,Cc1ccc(CC2COC(Cn3ccnc3)(c3ccc(Cl)cc3Cl)O2)cc1,CHEMBL29653
DEC_1911,decoy,N#Cc1cc(-c2ccc3c(c2)C2(CCCCC2)C(S)=N3)ccc1F,CHEMBL282774
DEC_1394,decoy,N#C/C(=C\c1ccccc1OCCN1CCCCC1)c1noc2ccccc12,CHEMBL277419
DEC_3795,decoy,O=C1[C@H]2Cc3c([nH]c4ccccc34)[C@@H](c3ccc4c(c3)OCO4)N2C(=O)CN1[C@@H]1CCN(CCc2ncc[nH]2)C1,CHEMBL418594
DEC_0435,decoy,COC[C@H]1OC(=O)C23CC2COC2=C3[C@@]1(C)C1=C(C2=O)[C@@H]2CCC(=O)[C@@]2(C)C[C@H]1OC(C)=O,CHEMBL416892
DEC_1082,decoy,Cn1c2ccnc(Cl)c2c2nc(CN3CCOCC3)nc(N3CCN(CCc4ccc(F)c(F)c4)CC3)c21,CHEMBL418382
DEC_3369,decoy,CO[C@]12C=CC3(CC14CCC[C@H]4O)C1Cc4ccc(O)c5c4C3(CCN1C)[C@@H]2O5,CHEMBL416765
DEC_2223,decoy,O=CN(O)C(CS(=O)(=O)c1ccc(Oc2ccc(OC(F)(F)F)cc2)cc1)c1ccc(C(F)(F)F)cc1,CHEMBL74365
DEC_1817,decoy,CCN(CC)CCN(Cc1ccc(-c2ccc(C(F)(F)F)cc2)cc1)C(=O)Cn1cc(CO)c(=O)nc1SCc1ccc(F)cc1,CHEMBL165840
DEC_3904,decoy,c1ccc(OCc2ccc3ccccc3n2)c(OCCCc2nnn[nH]2)c1,CHEMBL18450
DEC_2322,decoy,CCc1c(F)c(N2CCC(N)C2)cc2c1c(=O)c(C(=O)O)cn2C1CC1,CHEMBL15767
DEC_0708,decoy,COc1cccc2c1CC[C@H]1CN(CCn3c(=O)[nH]c4c(sc5cccc(C#N)c54)c3=O)C[C@@H]21,CHEMBL289166
DEC_0174,decoy,C[C@]12CCC(=O)C=C1C(=O)CC1C2CC[C@@]2(C)C1CC[C@@H]2OC1CC1,CHEMBL267358
DEC_1498,decoy,CC(C)=CCN(C1=NCCN1)c1c(Br)cccc1Br,CHEMBL21171
DEC_4666,decoy,Cc1ccc(-c2ccc3c(c2)C(=O)c2ccccc2[C@@H]2[C@H](C(=O)O)[C@H](C(=O)O)[C@H]32)cc1,CHEMBL414408
DEC_3781,decoy,COc1cccc2c1CC[C@H]1CN(CCn3c(=O)[nH]c4c(sc5ccc(C(=O)N(C)C)cc54)c3=O)C[C@@H]21,CHEMBL290519
DEC_3556,decoy,CC(O)(c1ccccc1)c1ccc(C(Cc2cc[n+]([O-])cc2)c2ccc(OC(F)F)c(OC(F)F)c2)cn1,CHEMBL61191
DEC_2301,decoy,CC1(O)OC(=O)C(c2ccc(F)c(Cl)c2)=C1c1ccc(S(C)(=O)=O)cc1,CHEMBL279268
DEC_0746,decoy,CCC1CCNc2cc3oc(=O)cc(C(F)(F)F)c3cc21,CHEMBL6843
DEC_0965,decoy,CCC1CN(c2cc3c(cc2F)c(=O)c(C(=O)O)cn3C2CC2)CCN1,CHEMBL15531
DEC_1645,decoy,C#C[C@@H](O)C12CCCC1C1CCC3=CC(=O)CC[C@@H]3C1CC2,CHEMBL14506
DEC_2215,decoy,O=C(/C=C/c1ccc(Cl)c(Cl)c1)N[C@H]1CC[C@@H](CN2[C@@H]3CC[C@H]2C[C@H](c2c[nH]c4ccc(O)cc24)C3)CC1,CHEMBL71707
DEC_3743,decoy,Cc1cc(C(=O)c2ccc(Cl)cc2)cc(C(=O)Nc2ccc(Cl)c(Cl)c2)c1O,CHEMBL35903
DEC_2029,decoy,CN(C)CC(c1cccc(Cl)c1)c1nnc2n1-c1ccc(Cl)cc1C(c1ccccc1)=NC2,CHEMBL17026
DEC_1392,decoy,CCCc1cc2c(cc1O)C(C)(C)C(CCc1ccc(SC)cc1)O2,CHEMBL24632
DEC_0023,decoy,CN(CCc1ccc2c(c1)OCO2)C[C@@H]1CC[C@@H]2CCOc3cccc1c32,CHEMBL9612
DEC_4358,decoy,Nc1nc(N)c2c(n1)CCC(Cc1cccc(OC(F)(F)F)c1)C2,CHEMBL266024
DEC_0760,decoy,c1ccc(CNC2c3ccccc3Oc3ccccc32)nc1,CHEMBL20040
DEC_0388,decoy,CCCc1cc(=O)oc2c3c(c4c(c12)OC(C)(C)C=C4)OC(C)(C)[C@H](C)C3=O,CHEMBL7305
DEC_4640,decoy,CC1(C)OC(S)=Nc2c(Br)cc(-c3ccc(C#N)c(F)c3)cc21,CHEMBL27922
DEC_4419,decoy,CCCCc1cc(O)cc(=O)n1Cc1ccc(-c2ccccc2-c2nn[nH]n2)cc1,CHEMBL23045
DEC_0113,decoy,CCCCCCCCCCCCCCCCNc1ccc(C(=O)OCC(COC)OC)cc1,CHEMBL31029
DEC_0530,decoy,CCCCCCN(C=O)[C@H]1CCC2C3CC[C@H]4N(C)C(=O)CC[C@]4(C)C3CC[C@@]21C,CHEMBL17506
DEC_1760,decoy,C(#Cc1ccccc1)CN1CCC(COC(c2ccccc2)c2ccccc2)CC1,CHEMBL7460
DEC_1310,decoy,CCCCc1ccc2c(n1)[C@@H](c1ccc(OC)cc1C[C@H](C)C(=O)O)[C@H](C(=O)O)[C@H]2c1ccc2c(c1)OCO2,CHEMBL305576
DEC_4633,decoy,CCCCc1c(Oc2ccc(-c3ccccc3-c3nn[nH]n3)cc2)nc2c(C(=O)O)c(OCCC)ccc2[n+]1[O-],CHEMBL433310
DEC_3030,decoy,CN1CCN(CCCN2N=C3/C(=C/c4ccccc4)COCC3C2c2ccccc2)CC1,CHEMBL287223
DEC_2408,decoy,Cc1ccccc1C(OCC(O)CN1CCCCC1)c1ccccc1C,CHEMBL18283
DEC_1010,decoy,C=C(Br)S(=O)(=O)OCCCl,CHEMBL17255
DEC_3603,decoy,CC(C)(C)c1cc(-c2nsc(N=C(N)N)n2)cc(C(C)(C)C)c1O,CHEMBL17104
DEC_2005,decoy,O=C(O)c1cc(Br)cc2c(=O)cc(-c3cccc(OCc4ncc5ccccc5n4)c3)oc12,CHEMBL34740
DEC_4833,decoy,Cc1ccc(C2CN(C)Cc3sc(Br)cc32)cc1,CHEMBL15685
DEC_2105,decoy,CO[C@@H]1C[C@@H](C(=O)O)N(C(=O)[C@H](C)CS)C1,CHEMBL15424
DEC_1654,decoy,CC1(C)CCc2cc3c(C(F)(F)F)cc(O)nc3cc2N1,CHEMBL6874
DEC_3560,decoy,COCCN(CCOC)c1nc(C)nc2c1sc(=S)n2-c1ccc(C(C)C)cc1Br,CHEMBL559127
DEC_2810,decoy,Cc1cc(C)cc(-c2[nH]c3ccc(C(=O)N(CC(C)C)CC(C)C)cc3c2CCNCCCCc2ccc(O)cc2)c1,CHEMBL45614
DEC_3608,decoy,[N-]=[N+]=NCC(=O)NCCc1c(-c2ccccc2)[nH]c2ccccc12,CHEMBL280493
DEC_0911,decoy,CC(C)C[C@@H]1OC(=O)C(C)(C)CNC(=O)[C@@H](Cc2ccc(O)c(O)c2)NC(=O)/C=C/C[C@@H]([C@H](C)/C=C/c2ccccc2)OC1=O,CHEMBL313031
DEC_0655,decoy,CCOC(=O)c1ccc(N/C(S)=N/c2ccc3c(c2)C(C)(C)CC(C)(C)O3)cc1,CHEMBL7573
DEC_0851,decoy,COC(=O)n1c(C(=O)NC2C(=O)N(CC(=O)N(c3ccccc3)C(C)C)c3ccccc3N(c3ccccc3)C2=O)cc2ccccc21,CHEMBL358778
DEC_2315,decoy,CC(C)Nc1nc(N2CCNCC2)nc(Cl)c1Br,CHEMBL29275
DEC_4226,decoy,CCOP(=O)(F)CCC(=O)NCCNS(=O)(=O)c1ccc2ccc3cccc4ccc1c2c34,CHEMBL39854
DEC_1753,decoy,Cc1nccn1-c1ccc(-c2cccn3c(C)nc(Br)c23)cc1,CHEMBL282351
DEC_4751,decoy,Cc1ccc(-c2cc(CN(Cc3ccc(Br)cc3)C(CCCN=C(N)N)C(N)=O)no2)cc1,CHEMBL54109
DEC_2352,decoy,Cl[P@@]1(N2CCCC2)=NP(N2CC2)(N2CC2)=N[P@@](Cl)(N2CCCC2)=N1,CHEMBL26247
DEC_4012,decoy,SCC(Cc1ccc(-c2ccccc2)cc1)c1nnn[nH]1,CHEMBL10197
DEC_1299,decoy,O=C(O)CCCCC[C@H]1[C@H](CNS(=O)(=O)c2ccc(Cl)cc2)C2CC1(c1ccc(-c3ccccc3)cc1)CO2,CHEMBL275297
DEC_3419,decoy,CC(C)[C@H](N)C(=O)C[C@@H](Cc1ccccc1)[C@@H](O)[C@H]1CCc2ccc(cc2)OCCOCCCOCCNC(=O)[C@H](C(C)C)CC1=O,CHEMBL357218
DEC_4292,decoy,CO[C@]12C=C[C@](C)(O1)[C@@H](OC(=O)/C=C/c1cn(C)cn1)C[C@H]1C(C)=CC[C@H](C(C)C)[C@H]1/C=C\2COC1OCC(O)C(O)C1OC(C)=O,CHEMBL364675
DEC_3138,decoy,CCN(CC)c1nc(NCCNC(=O)c2ccc(F)cc2)c2ccccc2n1.O=C(O)C(=O)O,CHEMBL416530
DEC_2911,decoy,COc1ccc2c3c1OC1[C@H](O)[C@](CO)(CCCCCc4ccccc4)CC4C(C2)N(C)CCC341,CHEMBL9769
DEC_0537,decoy,O=c1c(-c2ccc(C(F)(F)F)cc2)cccn1C(CN1C=CC=CC=N1)c1ccccc1,CHEMBL14967
DEC_0479,decoy,CCCc1cc(=O)oc2c(C(=O)[C@@H](C)[C@H](C)O)c(O)c3c(c12)OC(C)(C)C=C3,CHEMBL7211
DEC_0853,decoy,CC(C)N(C(=O)CN1C(=O)C(Cc2n[nH]c3ccccc23)C(=O)N(c2ccccc2)c2ccccc21)c1ccc2c(c1)OCO2,CHEMBL316106
DEC_1735,decoy,Cn1cc(C2=CCN(CCCN3c4cccc5cccc(c45)S3(=O)=O)CC2)c2ccccc21,CHEMBL19111
DEC_0722,decoy,CSc1sc(-c2nccs2)c2c1C(=O)CC(C)(C)C2,CHEMBL277504
DEC_3060,decoy,CCCCc1ncc(/C=C(\Cc2cccs2)C(=O)O)n1Cc1cc(Cl)c(C(=O)O)cc1Cl,CHEMBL56574
DEC_4491,decoy,CCCCCCC(O)c1cc(O)c2c(c1)OC(C)(C)[C@@H]1CC=C(C)C[C@@H]21,CHEMBL19691
DEC_0358,decoy,CC(CN1CCCCC1)OC(=O)[C@@H]1CCCN1C(=O)C(=O)C(C)(C)C,CHEMBL269775
DEC_0268,decoy,CC1=C(C(=O)OC(c2ccccc2)c2ccccc2)N2C(=O)[C@@H](NC3=NCCN3C)C2SC1,CHEMBL427635
DEC_2740,decoy,CCN(c1nc(C)cc(-c2ccccc2C(F)(F)F)n1)c1ccc(Br)cc1Br,CHEMBL10373
DEC_0929,decoy,Nc1nc(N)c2nc(Sc3ccc(Cl)c(Cl)c3)cnc2n1,CHEMBL6544
DEC_2580,decoy,CC1(C)CCSc2ccc(/N=N/c3ccc(C(=O)O)cc3)cc21,CHEMBL12976
DEC_2324,decoy,N#Cc1c2n(c3c(NS(=O)(=O)Cc4ccccc4)ncnc13)CCCC2,CHEMBL27524
DEC_2524,decoy,Oc1cc2c(cc1SCCCc1ccccc1)OCC2,CHEMBL266721
DEC_3107,decoy,CN(c1ccccc1)c1cc(NCc2ccco2)c(S(=O)(=O)O)cc1S(N)(=O)=O.N,CHEMBL18605
DEC_3043,decoy,CCc1nsc(-c2ccc(N3CCN(c4cccc(C(F)(F)F)c4)CC3)nn2)n1,CHEMBL277794
DEC_2758,decoy,CC(C)C1=CC2CC3(C=O)[C@@H]4CC[C@@H](C)[C@H]4CC2(CO[C@@H]2O[C@H](C)[C@H]4OC[C@@H](C)[C@H]4[C@@H]2O)C13C(=O)O,CHEMBL295312
DEC_0753,decoy,c1ccc2sc(C3(N4CCCC4)CCCCCC3)cc2c1,CHEMBL279873
DEC_3565,decoy,CCCCCCC[C@H]1OC(=O)C[C@@H](O)[C@H](Cc2ccccc2)N(C)C(=O)[C@H](CCSC)OC(=O)[C@H]1C,CHEMBL8361
DEC_1397,decoy,CCCCCc1cc(O)c2c(c1)OC(C)(C)[C@@H]1CC[C@H](CN(C)C)CC21,CHEMBL28456
DEC_3184,decoy,CCc1cc(NCc2ccc(-c3ccccc3-c3nn[nH]n3)cc2)c(Br)c(CC)n1,CHEMBL32649
DEC_0759,decoy,Cc1ccc(Sc2cncc3sc(/C=N/O)cc23)cc1,CHEMBL6258
DEC_2035,decoy,COc1cccc2c1CC[C@H]1CN(CCn3c(=O)[nH]c4c(sc5cccc(Cl)c54)c3=O)C[C@@H]21,CHEMBL291154
ACT_073,active,Nc1c2c(=O)[nH]c(-c3ccccc3)cc2nn1-c1ccccc1,CHEMBL1813790
DEC_2335,decoy,COc1cc(CC(C)NC(C)C)c(OC)cc1I,CHEMBL10980
DEC_4401,decoy,C=CCNC(=O)O[C@H]1CC[C@@](CNC(=O)c2cccnc2OC)(c2ccccc2)CC1,CHEMBL280052
DEC_4619,decoy,COc1ccc(S(=O)(=O)N(Cc2ccc3c(c2)OCO3)[C@H](CSc2ccc(C)cc2)C(=O)NO)cc1,CHEMBL21765
DEC_2651,decoy,CCC1CCN(C=O)c2cc3nc(O)cc(C(F)(F)F)c3cc21,CHEMBL27372
DEC_2839,decoy,CC(COc1ccc2c(c1)c(SC(C)(C)C)c(CC(C)(C)C(=O)O)n2Cc1ccc(Cl)cc1)c1ccccn1,CHEMBL80696
DEC_3972,decoy,CN(C)CC(C)(C)CNc1ncc2cc(-c3c(Cl)cccc3Cl)c(NC(=O)NC(C)(C)C)nc2n1,CHEMBL58684
DEC_3983,decoy,Cc1cc(C)c(C)c(-c2cc3cnc(NCCCN4CCN(C)CC4)nc3nc2NC(=O)NC(C)(C)C)c1C,CHEMBL75188
DEC_1191,decoy,C=C1CCC2[C@](C)(CCC[C@]2(C)C(=O)OC)[C@H]1CCC12Cc3c(O)ccc(O)c3CC1O2,CHEMBL281377
DEC_4240,decoy,CCCCc1nn(C2CCC2)c(C(=O)O)c1Cc1ccc(-c2ccccc2-c2nn[nH]n2)cc1,CHEMBL22773
DEC_2065,decoy,O=C(O)Cc1cccc2c(=O)c3cccc(Br)c3oc12,CHEMBL30141
DEC_2208,decoy,CCCN(CC#CCCCC1(C2(O)c3ccccc3Sc3ccccc32)SCCCS1)CCC,CHEMBL290401
DEC_1904,decoy,C[C@@]12Cc3ccc(Br)cc3C[C@@H](N1)c1ccccc12,CHEMBL278168
DEC_2143,decoy,S=c1c2c(nc3n1CCCCC3)CCCC2,CHEMBL289644
DEC_2195,decoy,CNC(=O)N1CCC(CC(=O)N2CCC([C@H]3c4ncc(Br)cc4CCc4cc(Cl)cc(Br)c43)CC2)CC1,CHEMBL88713
DEC_2441,decoy,CC(/N=c1\c(O)c(O)\c1=N/c1ccc(-c2ccccc2)cc1)C(C)(C)C,CHEMBL19200
DEC_0423,decoy,CN1CCC23c4c5ccc(O)c4OC2[C@H]2OC[C@@]2(CCc2ccccc2)CC3C1C5,CHEMBL9190
DEC_4307,decoy,CC(C)C[C@@H]1N[C@H]2N(C1=O)c1ccccc1[C@]2(C[C@@H]1NC(=O)c2ccccc2-n2c1nc1ccccc1c2=O)OC(=O)CCC(=O)O,CHEMBL292837
DEC_2797,decoy,CCCCOC(=O)[C@@H]1[C@H](c2cc(OC)c(OC)c(OC)c2)c2cc3c(cc2[C@H](O)[C@H]1CO)OCO3,CHEMBL30976
DEC_4698,decoy,C=C(C)[C@@H]1CC[C@]2(C(=O)O)CC[C@]3(C)[C@H](CC[C@@H]4[C@@]5(C)CC[C@H](OC(=O)COCC(=O)O)C(C)(C)[C@@H]5CC[C@]43C)[C@@H]12,CHEMBL263957
DEC_4606,decoy,CS(=O)(=O)NC(=O)CCC/C=C\C[C@@H]1[C@H]2CC[C@H](C2)[C@H]1NS(=O)(=O)c1ccc2oc3ccccc3c2c1,CHEMBL309443
DEC_3497,decoy,CN1CCc2ccc3c4c2[C@H]1Cc1cccc(c1-4)[C@]3(C)O,CHEMBL417473
DEC_0014,decoy,C#CCOc1ccc2c(c1OC)-c1ccc3c(c1C(CC=C)O2)C(C)=CC(C)(C)N3,CHEMBL266488
DEC_1867,decoy,CC(C)C[C@@H](C(=O)N[C@@H](Cc1ccc(OC(=O)c2ccccc2)cc1)C(=O)NC(C)(C)C)N(C)Cc1ccccc1Cl,CHEMBL67766
DEC_2280,decoy,CC1CCC(C)(N=Nc2ccccc2C(=O)O)c2ncc(C(=O)O)c(=O)n21,CHEMBL14179
DEC_2794,decoy,COc1cc([C@@H]2c3cc4c(cc3[C@@H](NCc3ccc(C#N)cc3)[C@H]3COC(=O)[C@H]23)OCO4)cc(OC)c1O,CHEMBL31603
DEC_2103,decoy,CC(C)C1CC(=O)N(OS(C)(=O)=O)C1=O,CHEMBL273729
DEC_2564,decoy,COc1cc(F)cc(-c2ccc3c(c2)C2(CCCCC2)C(S)=N3)c1,CHEMBL286029
DEC_2908,decoy,COc1ccc2c3c1OC1[C@H](O)[C@](CO)(CCCc4ccccc4)CC4C(C2)N(CC2CC2)CCC341,CHEMBL8938
DEC_1976,decoy,C/C(=C\C=C\Cn1oc(=O)[nH]c1=O)c1cccc(OCc2nc(-c3ccccc3)oc2C)c1,CHEMBL266472
DEC_0031,decoy,COP(=O)(OC)OC(c1ccc(C(F)(F)F)cc1)P(=O)(OC)OC,CHEMBL34556
DEC_4158,decoy,CCCc1c(SC)nc2nc(C(=O)c3ccccc3)cn2c1CC,CHEMBL20082
DEC_0458,decoy,CCCCc1c(O)n(Cc2ccc(Cl)cc2)c2nc3c(c(=O)n(C)c(=O)n3C)n2c1=O,CHEMBL269226
DEC_1256,decoy,O=C1NC(=O)C(Sc2ccc3cc(O)c(O)cc3c2)S1,CHEMBL284376
DEC_0587,decoy,COc1ccc2[nH]c3c(C)c4ccnc(NCCCN)c4c(C)c3c2c1,CHEMBL19138
DEC_2034,decoy,CC(C)(C)OC(=O)c1ncn2c1CN(C(=O)N1CCN(c3ccccn3)CC1)c1cc(Cl)ccc1-2,CHEMBL15155
DEC_3326,decoy,CS(=O)(=O)c1ccc(C2=C(c3ccc(F)c(F)c3)C(=O)OC2)cc1,CHEMBL18264
DEC_3059,decoy,Cc1cc(SC2=C(O)O[C@](CCc3ccc(O)cc3)(C(C)C)CC2=O)c(C(C)(C)C)cc1CO,CHEMBL37037
DEC_1403,decoy,N#Cc1ccc(Cn2ccnc2)cc1Oc1cccc(Cc2ccccc2)c1,CHEMBL24985
DEC_2873,decoy,Cc1sc2c(c1C(C)C)C(N1CCN(C)CC1)=Nc1cc(F)ccc1N2,CHEMBL14427
DEC_3192,decoy,CNc1cc(NC(=O)OC)ccc1Nc1c2ccc(Br)cc2nc2c(OC)cccc12,CHEMBL43287
DEC_0431,decoy,O=C1CCC/C=C\C[C@H]2C(=O)C[C@@H](O)C2/C=C\[C@@H](CCc2ccccc2)O1,CHEMBL12468
DEC_0960,decoy,CC(/N=c1\c(O)c(O)\c1=N/c1cccc2cccnc12)C(C)(C)C,CHEMBL18482
DEC_4503,decoy,Cc1ccccc1C(OCC(O)CN1C(C)CCCC1C)c1ccccc1,CHEMBL18937
DEC_3176,decoy,Oc1ccc2c(c1)OC(c1ccc(OCCN3CCCCC3)cc1)c1c-2oc2cc(O)ccc12,CHEMBL26057
DEC_2283,decoy,CC1(C)N=C(N)N=C(N)N1c1cccc(OCC23CC4CC(CC(C4)C2)C3)c1,CHEMBL281618
DEC_2983,decoy,C/N=c1\cc(C(C)C)ccc(C(c2ccc(OC)cc2)c2ccc(C(C)C)cc(NC)c2=O)c1O,CHEMBL279293
ACT_024,active,C[C@@H]1CN(C(C#N)c2ccc(F)cc2)[C@@H](C)CN1C(=O)c1cc2c(C(=O)C(=O)N(C)C)cn(C)c2cc1Cl,CHEMBL601452
DEC_3532,decoy,CCN(CC)Cc1cc(Nc2nc(/N=C(\N)Nc3ccc(Cl)c(Cl)c3)nc3c2CCCC3)ccc1O,CHEMBL279060
DEC_1842,decoy,CCN(C/C=C/C#CC(C)(C)C)Cc1cccc(OCCN(C)S(=O)(=O)c2ccc(Br)s2)c1,CHEMBL26592
DEC_4827,decoy,CC(C)(C)C1CSC(c2cc(O)ccc2[N+](=O)[O-])SC1,CHEMBL289460
DEC_2703,decoy,COC(=O)[C@]12CCC(C)(C)CC1C1C(=O)C=C3[C@@]4(C)C=C(C(=O)O)C(=O)C(C)(C)[C@@H]4CC[C@@]3(C)[C@]1(C)CC2,CHEMBL8252
DEC_4582,decoy,COc1ccc(S(=O)(=O)N(Cc2ccccc2)c2c(C(=O)NO)cnc3cc(Br)ccc23)cc1,CHEMBL418053
DEC_0013,decoy,C=CCC1Oc2ccc(OCC#N)c(OC)c2-c2ccc3c(c21)C(C)=CC(C)(C)N3,CHEMBL8055
DEC_3720,decoy,Cc1cc(C(=O)c2ccc(Cl)cc2)cc(C(=O)Nc2cc(Cl)cc(Cl)c2)c1O,CHEMBL284507
DEC_4207,decoy,Cc1ccc(S(=O)(=O)N[C@@H]2C3CC(c4ccc(O)cc4)(CO3)[C@H]2C/C=C/CCCC(=O)O)cc1,CHEMBL273661
DEC_0829,decoy,CCCCc1nc2ccc([C@@H]3C[C@H]4C5CCC(C)(C)N5O[C@H]4O3)cc2c(=O)n1Cc1ccc(-c2ccccc2-c2nn[nH]n2)cc1,CHEMBL301547
DEC_2778,decoy,COC(OC)[C@]1(C)Oc2ccc(N)cc2[C@@H](N(Cc2ncc[nH]2)c2ccc(OC(F)(F)F)cc2)[C@@H]1O,CHEMBL43005
DEC_2142,decoy,COOC1(OOC)CCCCCCCCCCC1,CHEMBL282791
DEC_0077,decoy,CC#C[C@]1(O)CCC2C3CCC4=CC(=O)CCC4=C3C(c3ccc(F)cc3)CC21C,CHEMBL16906
DEC_3382,decoy,CC1(CN)CCN(c2c(F)cc3c(=O)c(C(=O)O)cn(C4CC4)c3c2F)C1,CHEMBL429215
DEC_4818,decoy,Cc1cc2c(s1)CN(C)CC2c1ccc(Br)cc1,CHEMBL430337
DEC_1537,decoy,CCc1nc2c(C)cc(C)nc2n1Cc1ccc(-c2ccoc2-c2nn[nH]n2)cc1,CHEMBL14229
DEC_4057,decoy,COC(=O)C12CC[C@@H](C)[C@H](C)C1C1=CC[C@@H]3[C@@]4(C)CC[C@H](OC(C)=O)C(C)(C)[C@@H]4CC[C@@]3(C)[C@]1(C)CC2,CHEMBL55971
DEC_2162,decoy,C/C=C(\NC(=O)C1C(C(C)(C)C)C1(C)C)C(=O)O,CHEMBL12165
DEC_0036,decoy,CCCCOc1c(Cl)c(OC)nc(C(Cl)(Cl)Cl)c1Cl,CHEMBL11457
DEC_2830,decoy,CCN(C(=O)C(C)(C)c1ccc2[nH]c(-c3cc(C)cc(C)c3)c(CCNCCCCc3ccncc3)c2c1)C1CCCCC1,CHEMBL49374
DEC_0701,decoy,COc1cccc2c1CC[C@H]1CN(CCn3c(=O)[nH]c4c(sc5c(Cl)ccnc54)c3=O)C[C@@H]21,CHEMBL289437
DEC_0570,decoy,CCCc1cc2c(s1)CN[C@@H]1CCc3cc(O)c(O)cc3[C@@H]21,CHEMBL28338
DEC_2825,decoy,CC(C)(Sc1ccc(CCN(CCCCC2CCCCC2)C(=O)Nc2cc(Cl)cc(Cl)c2)cc1)C(=O)O,CHEMBL21706
DEC_3525,decoy,Cc1cc(C)cc(-c2c(O)nc3cc(Cl)c(NC(=O)c4cnccn4)cc3c2OCCC2CCCCN2)c1,CHEMBL295917
DEC_4742,decoy,CC1=CC[C@H]2C(C)(C)CCC[C@]2(C)[C@H]1C[C@H](OS(=O)(=O)[O-])[C@H](C)CCCc1ccoc1.C[N+](C)=C(N)N,CHEMBL60072
DEC_0948,decoy,CC1(N)CCN(c2cc3c(cc2F)c(=O)c(C(=O)O)cn3C(C)(C)C)C1,CHEMBL25916
DEC_3899,decoy,CN(C)c1cccc2c(S(=O)(=O)Oc3cccc4c3C(=O)C=C(N3CC3)C4=O)cccc12,CHEMBL263420
DEC_3912,decoy,Cc1cc(-c2noc(C3CC3)n2)cc(C)c1OCCCc1cc(CO)no1,CHEMBL29074
DEC_3106,decoy,O=C(/C=C/c1ccc(O)cc1)O[C@@H]1C[C@](OCCCc2ccccc2)(C(=O)O)C[C@@H](O)[C@H]1O,CHEMBL34518
DEC_2685,decoy,CC(C)(C)c1ccc(C2=Cc3ccc(N)cc3C3=NCCCN23)cc1,CHEMBL429614
DEC_3194,decoy,CCCC(=O)OC(CC)c1nc2c(C(F)(F)F)cccc2c(O)c1C(=O)Nc1nccs1,CHEMBL285760
DEC_3067,decoy,O=S(=O)(NC[C@H]1CC[C@H](CNC(CO)Cc2ccc(Cl)cc2)CC1)c1cccc2ccccc12,CHEMBL299295
DEC_4148,decoy,CCOCCn1c(N2CCN(c3ccccc3)CC2)nc2ccccc21,CHEMBL17743
DEC_0999,decoy,Nc1ccn(C2OC(CO)C(I)C2O)c(=O)n1,CHEMBL12604
DEC_4785,decoy,Cc1cnc(NCCc2ccccc2)c(=O)n1CC(=O)NCc1ccc(C(=N)NO[Si](C)(C)C(C)(C)C)s1,CHEMBL417457
DEC_2686,decoy,CS(=O)(=O)c1ccc(C2=C(c3cc(F)cc(F)c3)C(=O)CC2)cc1,CHEMBL24009
DEC_4064,decoy,C/C(=C\C(=O)O)c1cc2c(-c3cc(C(C)(C)C)cc(C(C)(C)C)c3OCC(F)(F)F)cccc2s1,CHEMBL41260
DEC_0751,decoy,c1ccc2sc(C3(N4CCCCC4)CCCC3)cc2c1,CHEMBL273326
DEC_2634,decoy,O=C(O)COc1ccc2c(-c3ccccc3)nsc2c1Cl,CHEMBL24746
DEC_2729,decoy,Cc1nnc2n1-c1sc(C#CCn3c4c(c5ccccc53)CCCCC4)cc1C(c1ccccc1Cl)=NC2,CHEMBL20644
DEC_4508,decoy,Cc1cc(CCCOc2c(C)cc(-c3noc(CC(F)(F)F)n3)cc2C)on1,CHEMBL28454
DEC_1709,decoy,Cc1ccc(/C=C2\CS(=O)(=O)CC3C2=NN(CCc2ccccc2)C3c2ccc(C)cc2)cc1,CHEMBL35318
DEC_3953,decoy,COc1ccc([C@@H]2c3nc(NC(C)C)ccc3[C@H](c3ccc4c(c3)OCO4)[C@H]2C(=O)O)c(OC(C)CO)c1,CHEMBL289216
DEC_0024,decoy,CN(CCc1ccc2c(c1)OCO2)C[C@@H]1CC[C@H]2CCOc3cccc1c32,CHEMBL10317
ACT_082,active,CC(C)Oc1cc(-n2cnc3ccc(N[C@@H](C)c4ccc(F)cn4)nc32)n[nH]1,CHEMBL2151321
DEC_0342,decoy,CC1(C)O[C@H]2[C@H]3C(CO[C@@]2(COS(N)(=O)=O)O1)C3(Cl)Cl,CHEMBL25746
DEC_4569,decoy,CCC(OC(=O)/C=C/c1ccccc1)c1nc2c(C(F)(F)F)cccc2c(O)c1C(=O)Nc1nccs1,CHEMBL285894
ACT_029,active,O=C(O)Cc1cccc(-n2nc(C3CCCC3)cc2NC(=O)Nc2nc(CCOCc3ccccc3)cs2)c1,CHEMBL1940504
DEC_2416,decoy,C=C(c1c(C)c(C)cc(Cl)c1OCC(O)CNC(C)(C)C)n1ccnc1,CHEMBL275812
DEC_1555,decoy,CC(C)(C)NC(=O)[C@@H]1C[C@@H]2SCC[C@@H]2CN1C[C@@H](O)[C@H](CSc1ccccc1)NC(=O)O[C@@H]1CCS(=O)(=O)C1,CHEMBL316608
ACT_035,active,COc1ccc(C2=NNc3cccc4c(OC)ccc2c34)cc1OC,CHEMBL1997335
DEC_3456,decoy,Cc1cnc2c(c1)[C@@H]1c3cc(O)c(O)cc3CC[C@H]1NC2,CHEMBL275379
DEC_3064,decoy,OC[C@@]1(CCCCCc2ccccc2)CC2C3Cc4ccc(O)c5c4C2(CCN3CC2CCC2)C(O5)[C@@H]1O,CHEMBL274289
DEC_1549,decoy,C[C@H]1[C@@H](OC(=O)N[C@@H](CSc2ccccc2)[C@H](O)CN2C[C@H]3CCS[C@H]3C[C@H]2C(=O)NC(C)(C)C)CCS1(=O)=O,CHEMBL321949
DEC_4428,decoy,O=P(O)(O)CN[C@@H](Cc1ccc(-c2ccccc2)cc1)c1nnnn1Cc1ccccc1,CHEMBL290792
DEC_4042,decoy,CCn1cc(C2=NCC3(CN4CCC3CC4)O2)c2ccccc21,CHEMBL429401
DEC_0762,decoy,Cc1ccc2c(c1)CC(=O)c1cc(C(C)C(=O)O)ccc1S2,CHEMBL10633
DEC_1065,decoy,CC[C@@]1(OC(=O)COc2ccc(Br)cc2)C(=O)OCc2c1cc1n(c2=O)Cc2cc3ccccc3nc2-1,CHEMBL276993
DEC_4802,decoy,CCCOC1(C(F)(F)F)OC(=O)Nc2ccc(Cl)cc21,CHEMBL17477
DEC_1295,decoy,CNS(=O)(=O)Oc1cc(C(C)(C)C)c(SC2=C(O)OC(CCc3ccc(O)cc3)(C(C)C)CC2=O)cc1C,CHEMBL71153
DEC_1875,decoy,CCCc1c(OCCCOc2ccc(-c3cscn3)c(COC)c2CC2CC2)ccc2c1O[C@@H](C(=O)O)CC2,CHEMBL58495
DEC_2066,decoy,CC[C@@H]1[C@@H](C)C(=O)CC23CCN(C)C(Cc4ccc(OC)cc42)[C@@H]13,CHEMBL33791
ACT_025,active,O=C(O)c1cc(-c2nc(-c3ccc(F)cc3)c(-c3cc[nH]c(=O)c3)[nH]2)ccc1O,CHEMBL3314282
DEC_0982,decoy,C/N=C(\NC1c2cc(C#N)ccc2OC(C)(C)[C@H]1O)NS(N)(=O)=O,CHEMBL6425
DEC_4770,decoy,COc1cc(C[C@@H]2[C@H](O)[C@@H](O)[C@@H](Cc3cc(OC)cc(OC)c3)N(CC3CC3)C(=O)N2CC2CC2)cc(OC)c1,CHEMBL70210
DEC_2145,decoy,CC1=C/C(=N/n2cccc2)C=C/C1=N/n1cccc1,CHEMBL277181
DEC_4734,decoy,O=C([C@@H](Cc1c[nH]cn1)N1C(=O)c2ccccc2C1=O)N1CCC(=C2c3ccc(Cl)cc3CCc3cccnc32)CC1,CHEMBL100738
DEC_0924,decoy,Cc1ccc(C(O)C(O)(Cn2cncn2)c2ccc(C)cc2)cc1,CHEMBL273720
DEC_4093,decoy,O=C(Nc1ccc2c(/C=C/c3ccc4ccc(Cl)cc4n3)cccc2c1)NS(=O)(=O)c1ccc(Cl)cc1,CHEMBL54930
DEC_4748,decoy,O=C(O)CC[C@@H](NC(=O)c1ccc(N(CCF)Cc2ccc3nc(CF)nc(O)c3c2)s1)C(=O)O,CHEMBL539936
DEC_0691,decoy,C[C@@]1(c2ccc(F)cc2)O[C@@H]2CC3C4CCC5=CC(=O)CC[C@@H]5C4CC[C@]3(C)[C@]2(C(=O)CO)O1,CHEMBL13977
DEC_1359,decoy,CCN(c1nc(C)cc(-c2c(C)cc(C)nc2C)n1)c1c(C)cc(C(C)C)cc1Br,CHEMBL9956
DEC_0391,decoy,CCCc1cc(=O)oc2c3c(c4c(c12)OC(C)(C)C=C4)O[C@H](C(C)C)[C@@H](C)C3=O,CHEMBL6968
DEC_0012,decoy,CCCc1cc(=O)oc2c(C(=O)C(C)C(C)(C)O)c(O)c3c(c12)OC(C)(C)C=C3,CHEMBL266210
DEC_3154,decoy,N#C/C(=C(/O)[C@H](Cc1ccccc1)NC(=O)OCc1ccccc1)c1ccc([N+](=O)[O-])cc1,CHEMBL17085
DEC_3409,decoy,CCC(=O)OC[C@@]1(C)[C@H]2CC[C@@]3(CO3)[C@@H](C/C=C3/C(=O)OC[C@H]3OC(=O)CNC(=O)OC(C)(C)C)[C@]2(C)CC[C@H]1OC(=O)CC,CHEMBL365057
DEC_4602,decoy,COc1cc(CN[C@@H]2c3cc4c(cc3[C@@H](c3cc(OC)c(O)c(OC)c3)[C@H]3C(=O)OC[C@@H]32)OCO4)cc(OC)c1,CHEMBL283421
DEC_0287,decoy,CC(C)c1ccc(C(c2ccns2)N2CCN(C)CC2)cc1,CHEMBL281414
DEC_0944,decoy,CC1(C)Oc2nc3ccccc3c(O)c2CC1SS(=O)(=O)O,CHEMBL23004
DEC_4107,decoy,OC(c1cncnc1)(c1cccs1)C1CC1,CHEMBL28860
DEC_0961,decoy,Nc1nc(N)c2c([S+]([O-])c3ccc(Cl)c(Cl)c3)cccc2n1,CHEMBL6642
DEC_2786,decoy,Cc1c(C)c2c(c(C)c1O)CCC(C)(CNCCOc1ccc(/C=C3\SC(=O)NC3=O)cc1)O2,CHEMBL6511
DEC_3111,decoy,C#CCN(Cc1ccc2nc(C)nc(O)c2c1)c1ccc(C(=O)N[C@H](CCC(=O)O)C(=O)O)s1,CHEMBL418433
ACT_055,active,Cc1cccc(-c2nc(C(O)C3=CCCCC3)[nH]c2-c2ccncc2)c1,CHEMBL5903322
DEC_4072,decoy,O=C(NCc1cc(C(F)(F)F)cc(C(F)(F)F)c1)c1c(CCl)nc2ccccc2c1-c1ccccc1,CHEMBL24136
DEC_1145,decoy,O=C(O)Cc1cccc2c1Cc1c-2nc(O)c2nc(-c3cccc(C(=O)O)c3)cn12,CHEMBL28388
DEC_4050,decoy,CCc1ccc(N)c(C[S+]([O-])c2nc3ccccc3[nH]2)c1,CHEMBL416731
DEC_2128,decoy,COc1nc(C)nc(Cl)c1NC1=NCCN1,CHEMBL19236
DEC_4315,decoy,COc1cc(CC(=O)OCC2=C[C@H]3[C@@H]4C(C)(C)[C@]4(OC(=O)Cc4ccccc4)C(=O)[C@@H](C)[C@]3(O)[C@@H]3C=C(C)C(=O)[C@@]3(O)C2)ccc1O,CHEMBL322621
DEC_3003,decoy,CCCc1cc(=O)oc2c3c(c4c(c12)OC(C)(C)C=C4)OC[C@H](C)C31OCOCO1,CHEMBL7652
DEC_2375,decoy,O=C1O[C@H](c2ccccc2)[C@@](Cn2ccnc2)(c2ccc(Cl)cc2Cl)O1,CHEMBL10616
DEC_1221,decoy,Cc1ccc(S(=O)(=O)C2(CC#Cc3ccc(Cl)cc3)SC(=O)NC2=O)cc1,CHEMBL276390
DEC_4467,decoy,CC(C)(C)NCC(O)COc1ccc(/C=C/CO)cc1Br,CHEMBL14241
DEC_0408,decoy,COc1ccc2c3c1OC1[C@H]4OC[C@@]4(CCc4ccccc4)CC4C(C2)N(C)CCC341,CHEMBL273873
DEC_1322,decoy,CCCCc1nc(SC)c(C(=O)O)n1Cc1ccc(-c2ccccc2S(=O)(=O)NC(=O)OCC(C)C)cc1,CHEMBL308135
DEC_1509,decoy,CCCCCN(C1=NCCN1)c1c(Br)cccc1Br,CHEMBL20415
DEC_2378,decoy,CC(C)c1ccc(N/N=C(\N=N\c2nnnn2-c2ccccc2)c2ccccc2)cc1,CHEMBL23279
DEC_4756,decoy,CCN(CC)C(=O)c1cccc(-c2ccc3c(c2)[C@@H]2[C@@H](CCCCC(=N)N)C(=O)N(C(=O)N(C)C)[C@H]2C3)c1,CHEMBL47143
DEC_3071,decoy,CCOC(=O)N[C@@H](c1ccccc1)[C@@H](O)C(=O)OC1CC2C(C)(C)C1(C)[C@@]13C[C@@H](C)c4ccccc4[C@@]21O3,CHEMBL286146
DEC_3437,decoy,CC[C@H]1OC(=O)CC(O)[C@H](C)[C@@H](O[C@@H]2O[C@H](C)C[C@H](N(C)C)[C@H]2O)[C@@H](CCN2CCCCC2)C[C@@H](C)C(=O)/C=C/[C@]2(C)O[C@H]2[C@@H]1C,CHEMBL266560
DEC_3283,decoy,CC=C(c1cc(Br)c(OC)c(C(=O)OC)c1)c1cc(Br)c(OC)c(C(=O)OC)c1,CHEMBL304269
DEC_1936,decoy,CN1C2CCC1[C@@H]([C@@H](O)C(F)(F)F)[C@@H](c1ccc(Cl)cc1)C2,CHEMBL27586
DEC_0106,decoy,CN(C)Cc1ccc(CSCCCCCCCCCCSCc2ccc(CN(C)C)o2)o1,CHEMBL12547
DEC_3834,decoy,CN/C(S)=N/S(=O)(=O)c1cc(CCNC(=O)c2cc(Cl)ccc2OC)ccc1OC(F)(F)F,CHEMBL12474
DEC_4006,decoy,CN1C(=O)N(c2ccc(C#N)c(C(F)(F)F)c2)C(=O)C1(C)C,CHEMBL428309
DEC_2050,decoy,CCCCCS(=O)(=O)Oc1ccc2c(C)c(C)c(=O)oc2c1,CHEMBL18503
DEC_4415,decoy,CCCCC(O)(c1ccccc1)C(O)(Cn1cncn1)c1ccc(Cl)cc1Cl,CHEMBL10715
DEC_0744,decoy,CCC1Nc2cc3oc(=O)cc(C(F)(F)F)c3cc2CC1C,CHEMBL6654
DEC_0211,decoy,CC(C)c1cc(/C=C/c2cccnc2)cc(C(C)C)c1O,CHEMBL8842
DEC_4087,decoy,O=C1c2ccccc2C(=O)N1C1C(=O)N(c2cc3c4ccccc4ccc3c3ccccc23)[C@H]1c1ccccc1,CHEMBL36628
DEC_3747,decoy,COC(=O)CCc1nc(O)c2c(ccc3nc(Nc4c(Cl)cccc4Cl)n(C)c32)c1C,CHEMBL284677
DEC_3249,decoy,CCC(CC)c1nc2c([nH]1)N1C(=N[C@@H]3CCC[C@@H]31)N(C)C2=O,CHEMBL18964
DEC_2033,decoy,O=C(c1ccc(Cl)cc1)N1N=C2/C(=C/c3ccccc3)CS(=O)(=O)CC2C1c1ccccc1,CHEMBL415862
DEC_1614,decoy,CCCCSc1ccccc1C1N=C(SC)N=C2COC(O)=C21,CHEMBL23642
DEC_2949,decoy,Cc1cc(O)cc(C)c1CC(N)C(=O)N1Cc2cc(-c3cc4ccccc4o3)ccc2C[C@H]1C(=O)O,CHEMBL46160
DEC_1433,decoy,Cc1cc(-c2noc(C(F)(F)F)n2)cc(C)c1OCCCc1cccc(F)n1,CHEMBL434962
DEC_4587,decoy,CC(C)(C)OC(=O)Nc1ccc2c(c1)CN(S(=O)(=O)c1ccc(-c3ccc(F)cc3)cc1)[C@@H](C(=O)NO)C2,CHEMBL294426
DEC_3353,decoy,C=C1/C=C(\C)[C@H](CC)OC(=O)[C@@H](C)C(=O)[C@@](O)(CO)C/C(OC)=C/[C@@H](C)C1,CHEMBL431117
DEC_3494,decoy,O=S1NC(Cc2coc3ccc(Br)cc23)=NO1,CHEMBL17367
DEC_0041,decoy,C=CCC1Oc2ccc(C(=O)OC)c(OC)c2-c2ccc3c(c21)C(C)=CC(C)(C)N3,CHEMBL7843
DEC_0193,decoy,CCCCCc1cc(O)c2c(c1)OC(C)(C)[C@@H]1CC=C(C)CC21,CHEMBL275933
DEC_3341,decoy,O=C(O)Cc1ccccc1Oc1ccc(Br)cc1Br,CHEMBL26800
DEC_0173,decoy,C#CC(C)(C)Nc1nc(C(Cl)(Cl)Cl)nc2ccccc12,CHEMBL279591
DEC_0684,decoy,COc1cccc2c1CC[C@H]1CN(CCn3c(=O)[nH]c4c(sc5cccc(C)c54)c3=O)C[C@@H]21,CHEMBL39037
DEC_3830,decoy,N#Cc1ccccc1CN1CCC[C@@H]1CNC(=S)N1Cc2ccccc2C[C@H]1CNC(=O)Nc1ccccc1,CHEMBL38495
DEC_2915,decoy,COc1ccc2c3c1OC1[C@H](O)[C@](CO)(CCCc4ccccc4)CC4C(C2)N(CC2CCC2)CCC341,CHEMBL9385
DEC_0653,decoy,CCOC(=O)c1ccc(N/C(S)=N/c2ccc3c(c2)C(C)(C)CC(C)(C)S3)cc1,CHEMBL6609
DEC_4229,decoy,Cc1cc(C)c(S(=O)(=O)N[C@@H](Cc2ccc(-c3cccc(NC(N)=O)c3)cc2)C(=O)O)c(C)c1,CHEMBL268265
DEC_1854,decoy,Cc1c(C)c2c(c(C)c1OCc1ccccc1)C(CN(C)CCOc1ccc(/C=C3\SC(=O)NC3=O)cc1)C(C)(C)O2,CHEMBL6605
DEC_1453,decoy,C=C(Cl)CN1C[C@H](OCC23C[C@@H]4[C@H](C)CC[C@H]4C4(C=O)CC2C=C(C(C)C)[C@@]34C(=O)O)OC[C@H]1C(F)(F)F,CHEMBL30737
DEC_0083,decoy,Oc1nnc(-c2ccccc2)c(-c2ccccc2)c1-c1ccc(Br)cc1,CHEMBL30923
DEC_0685,decoy,COc1cc2c(cc1OC)[C@H]1[C@H](O)c3ccc4c(c3O[C@@H]1CO2)Cc1cc(C(C)C)oc1C4,CHEMBL40658
DEC_3429,decoy,CC(C)C[C@@H]1OC(=O)C(C)(C)CNC(=O)[C@@H](COCc2ccccc2)NC(=O)/C=C/C[C@@H]([C@H](C)[C@@H]2O[C@H]2c2ccccc2)OC1=O,CHEMBL87490
DEC_0046,decoy,N#C/C(=C\c1ccc(OCCN2CCCCC2)cc1)c1noc2ccccc12,CHEMBL21712
DEC_4172,decoy,CC(/C=C/C(=O)C1=C(O)CN(C)C1=O)=C\c1cnc2ccccc2c1,CHEMBL269407
DEC_3062,decoy,COc1ccc2c3c1OC1[C@H](O)[C@](CO)(CCCCc4ccccc4)CC4C(C2)N(CC2CCC2)CCC341,CHEMBL417604
DEC_4211,decoy,CN/C(S)=N/S(=O)(=O)c1cc(CCNC(=O)c2cc(Cl)ccc2OC)ccc1SC,CHEMBL12579
DEC_2199,decoy,Cc1cc(C(=O)c2ccc(Cl)cc2)c(Cl)cc1NC(=O)c1cc(I)cc(I)c1O,CHEMBL101264
DEC_3380,decoy,CC1CN(c2c(F)cc3c(=O)c(C(=O)O)cn(C4CC4)c3c2F)CC(C)N1,CHEMBL15438
ACT_017,active,Fc1ccccc1-c1ncoc1-c1ccc2ncsc2c1,CHEMBL257342
DEC_1504,decoy,O=C1NCN(c2ccccc2)C12CCN(C1CCc3cc(Cl)ccc3C1)CC2,CHEMBL27093
DEC_0812,decoy,CCc1cc2c(s1)Nc1ccc(F)cc1N=C2N1CC(C)N(C)CC1C,CHEMBL278473
DEC_1897,decoy,Oc1ccc(/C(=C(/c2ccccc2)C(F)(F)F)C(F)(F)F)cc1,CHEMBL6456
DEC_0964,decoy,Cc1c(CSc2ccc(Cl)cc2)cnc2nc(N)nc(N)c12,CHEMBL22677
DEC_0364,decoy,CC1=C(N2CC2)C(=O)c2nc3n(c2C1=O)CCC3OC(=O)CCl,CHEMBL417090
DEC_1116,decoy,NCC/N=C(\S)Nc1c(Cl)cc(Cl)cc1Cl.O=C(O)/C=C\C(=O)O,CHEMBL287656
DEC_2747,decoy,CCSc1ccnc(C[S+]([O-])c2nc3ccccc3n2C(=O)OC(C)(C)C(Cl)(Cl)Cl)c1C,CHEMBL9964
DEC_3989,decoy,CNc1cc(NS(C)(=O)=O)ccc1Nc1c2ccc(Br)cc2nc2c(OC)cccc12,CHEMBL51429
DEC_2903,decoy,CCC#CC[C@H](C)[C@H](O)C#C[C@@H]1C2CC(c3ccc(F)cc3)(CO2)[C@H]1C/C=C/CCCC(=O)O,CHEMBL273634
DEC_0338,decoy,CCC1(CC)O[C@@H]2[C@@H](CO[C@@]3(COS(N)(=O)=O)OC(C)(C)O[C@@H]23)O1,CHEMBL26417
ACT_003,active,CCCCCCCCCCCCCCCCCCOP(=O)([O-])OC1CC[N+](C)(C)CC1,CHEMBL372764
DEC_0095,decoy,Brc1ccccc1Nc1nc2ccccc2n2cnc(-c3ccccc3)c12,CHEMBL30160
DEC_3245,decoy,CCOC(=O)C1CCC(NC(=O)N(CCCl)N=O)CC1,CHEMBL12919
DEC_1243,decoy,Cc1ccc(SCc2cnc3nc(N)nc(N)c3c2C)cc1,CHEMBL24344
DEC_1887,decoy,CS(=O)(=O)N1CC2(CCN(C[C@H](COCc3ccc(Cl)c(Cl)c3)NCc3ccccc3)CC2)c2ccccc21,CHEMBL54578
DEC_4575,decoy,CCO/C(O)=C1\C(COCc2cc(O)nc(C(C)(C)C)n2)=NC(C)=C(C(=O)OC)C1c1cccc(Cl)c1Cl,CHEMBL80621
DEC_1536,decoy,CC1(C)N=C(N)N=C(N)N1c1cccc(OCc2ccc(Cl)c(Cl)c2)c1,CHEMBL269704
DEC_4022,decoy,CC(C)C1Nc2cccc([C@@H]3C[C@H]3CNC(=O)C3CC3)c2O1,CHEMBL18846
DEC_0712,decoy,O=C1OC(O)(c2ccc(Cl)c(Cl)c2)C(Cc2ccccc2)=C1c1ccc2c(c1)OCO2,CHEMBL275991
DEC_2724,decoy,CC(=O)[C@@]12OC(C)(c3ccc(N=C=S)cc3)O[C@@H]1CC1C3CCC4=CC(=O)CC[C@]4(C)C3CC[C@@]12C,CHEMBL13565
DEC_4524,decoy,OC(COc1cccc2ccccc12)CN1CCC(Sc2ccccc2)CC1,CHEMBL29087
DEC_3306,decoy,O=C1Nc2ccc(F)c(F)c2C(C#Cc2cccnc2)(C(F)(F)F)O1,CHEMBL280515
DEC_3944,decoy,CCN(CC)CCNc1ccc(CO)c2oc3ccc(O)cc3c(=O)c12,CHEMBL22897
DEC_0662,decoy,O=C(NC(c1ccccc1)C(F)(F)F)c1cc(-c2ccccc2)nc2ccccc12,CHEMBL275316
DEC_1913,decoy,C=C(C)c1cc2c3c(ccc2o1)[C@@H]1COc2cc(O)ccc2[C@@H]1O3,CHEMBL6900
DEC_2629,decoy,CN(C/C=C/c1ccccn1)Cc1cccc2ccccc12,CHEMBL21959
DEC_3663,decoy,O=C1CC(c2nnn[nH]2)Oc2cc(OCc3cccc(OCc4ccc5ccccc5n4)c3)ccc21,CHEMBL47430
DEC_1241,decoy,C[C@@]12C=Cc3occc3C1CC[C@@]13CC(CCC12)C(O)(CO)C3,CHEMBL282576
DEC_0092,decoy,CC(C)c1ccccc1Sc1c(O)cc(-c2cccc(C(F)(F)F)c2)oc1=O,CHEMBL12600
DEC_2480,decoy,COc1ccc2c3c1OC1[C@H]4OC[C@@]4(CCc4ccccc4)CC4C(C2)N(CC2CCC2)CCC341,CHEMBL441407
DEC_4555,decoy,Nc1nccc2ccc(OCC(c3ccccc3)N3Cc4cc(-c5ccccc5S(N)(=O)=O)ccc4C3=O)cc12,CHEMBL296334
DEC_4182,decoy,COc1ccccc1C(=O)NCC1(c2ccccc2)CCOC(=O)CC1,CHEMBL16449
DEC_2413,decoy,CC1(C)C=C(C(=O)NCCNCc2ccc(Cl)cc2)C(C)(C)N1,CHEMBL278696
DEC_0171,decoy,CCCCOc1ccc2c3c1OC1C(O)C=CC4C(C2)N(C)CCC341,CHEMBL282377
DEC_4215,decoy,CC1(C)C2CC1[C@]1(C)OB([C@H](CCCN=C(N)N)NC(=O)c3ccc(-c4ccccc4)o3)O[C@@H]1C2,CHEMBL40364
DEC_3022,decoy,CN1CCN(CCCN2N=C3/C(=C/c4ccccc4)CSCC3C2c2ccccc2)CC1,CHEMBL416416
DEC_3933,decoy,c1cc(C2=NCCN2)ccc1CC1CCCN(c2ccc(C3=NCCN3)cc2)C1,CHEMBL9516
ACT_002,active,N#Cc1c(-c2ccc(Cl)c(Cl)c2)cc(-c2ccc(Br)cc2)[nH]c1=N,CHEMBL3219383
DEC_4113,decoy,C[C@@H]1CCc2c(ccc(O)c2O)[C@H]1C1=NCCN1,CHEMBL444546
DEC_3054,decoy,C=C1/C(=C\C=C2/CCC[C@]3(C)C([C@H](C)CCCC(C)(C)O)CC[C@@H]23)C[C@@H](O)[C@@H](OCCCO)[C@@H]1O,CHEMBL299592
DEC_2628,decoy,Cc1ccc(Sc2cncc3sc(C=O)cc23)cc1,CHEMBL6381
DEC_2269,decoy,CCCC(=O)N(Cc1ccc(C#N)cc1)c1c(NC(C)C(C)(C)C)c(=O)c1=O,CHEMBL20085
DEC_2522,decoy,CCN[C@@H](C)[C@H]1COC(c2ccccc2)(c2ccccc2)O1,CHEMBL283893
DEC_1965,decoy,CCCCc1nc2ccnc(O)c2n1Cc1ccc(-c2ccccc2-c2nn[nH]n2)cc1,CHEMBL429008
DEC_4173,decoy,C=CCN(C)C1CCCC1N(C(=O)CC)c1ccc(Cl)c(Cl)c1,CHEMBL283779
DEC_4359,decoy,COc1ccc2c(c1OC)CN1CCc3cc4c(cc3C1C2)OCO4,CHEMBL275097
DEC_2539,decoy,Nc1nc(N)c2c(CSc3ccc4ccccc4c3)coc2n1,CHEMBL283311
ACT_100,active,COc1ccc(-c2nnc3sc4c5ccccc5ccc4n23)cc1,CHEMBL2151193
DEC_1298,decoy,Cc1ccc(CC(COC(=O)C(C)(C)C)CN(O)/C(S)=N/Cc2ccc(NS(C)(=O)=O)cc2Cl)cc1C,CHEMBL74315
DEC_3217,decoy,CCc1cc2c(Sc3nnc(C)s3)ncnc2s1,CHEMBL267127
DEC_3316,decoy,C[S+]([O-])c1cc2n(c1C(=O)c1ccc(Br)cc1)CCC2C(=O)O,CHEMBL418739
DEC_4070,decoy,Cc1c(Cc2nc(-c3ccc(Cl)cc3)cs2)c2cc(F)ccc2n1C(=O)c1ccc(Br)cc1,CHEMBL280741
DEC_4077,decoy,Cc1c(C(=O)NC2CCCCC2)nn(-c2ccc(Cl)cc2Cl)c1-c1ccc(Br)cc1,CHEMBL34201
DEC_3451,decoy,C=C(C)[C@@]12C[C@@H](C)C34OC(Cc5ccccc5)(OC1[C@@H]3C=C(COC(=O)Cc1ccc(OC)c(OC)c1)C[C@]1(O)C(=O)C(C)=C[C@@H]41)O2,CHEMBL319214
DEC_2577,decoy,c1ccc(-c2c[nH]cc2C(c2ccc3ccccc3c2)n2ccnc2)cc1,CHEMBL279973
DEC_0592,decoy,O=C1Nc2cc(C(F)(F)F)ccc2C1(O)c1cc(Cl)ccc1O,CHEMBL282479
DEC_4644,decoy,CCCc1cc(=O)oc2c3c(c4c(c12)OC(C)(C)C=C4)OC(C)(C)[C@H](C)[C@@H]3O,CHEMBL266050
DEC_0562,decoy,Clc1ccc(C2(Cn3ccnc3)OCC(c3ccc(Cl)cc3Cl)O2)cc1,CHEMBL416568
DEC_2923,decoy,N#Cc1cccc(Cc2cc(CCC(=O)O)c3c(c2)CC(NS(=O)(=O)c2ccc(Cl)cc2)CC3)c1,CHEMBL280602
DEC_3893,decoy,CCCCS(=O)(=O)N1C[C@@H](c2ccc3c(c2)OCO3)[C@H](C(=O)O)[C@H]1c1ccc(OC)cc1,CHEMBL417971
DEC_3209,decoy,CO[C@H]1CCOP(=O)(N(CCCl)CCCl)N1,CHEMBL27231
DEC_3232,decoy,CCC(C)(C)/N=c1\c(O)c(O)\c1=N/Cc1ccc(C#N)cc1,CHEMBL277842
DEC_3479,decoy,Oc1cc2c(cc1O)[C@H]1c3ccc(F)nc3CN[C@@H]1CC2,CHEMBL27101
DEC_0715,decoy,O=C1NC(=O)C(CC#Cc2ccc(F)cc2)(S(=O)(=O)c2ccc(Br)cc2)S1,CHEMBL275072
DEC_2228,decoy,CC(C)N(C(=O)CN1C(=O)C(Cc2c[nH]c3ccccc23)N=C(c2ccccc2)c2ccccc21)c1ccccc1,CHEMBL15572
DEC_4537,decoy,Clc1cc(Cl)cc(Nc2nc(NCCN3CCCC3)c3ccccc3n2)c1,CHEMBL281877
DEC_0634,decoy,Oc1ccc(-c2ccc(-c3c(Cc4ccccc4)sc4ccccc34)cc2)cc1,CHEMBL24095
DEC_3288,decoy,C[C@H](C(=O)N[C@H]1N=C(c2ccccc2)c2ccccc2N(C)C1=O)[C@H](OC(N)=O)c1ccc(Cl)c(Cl)c1,CHEMBL307445
DEC_1261,decoy,CC(C)CCC(C)N1CCC(N2C(=O)N[C@@H]3CCCC[C@H]32)CC1,CHEMBL26909
DEC_1201,decoy,CSc1sc(C(=N)N)cc1-c1nc(-c2cccc(Br)c2)cs1,CHEMBL285593
DEC_4720,decoy,COC(=O)c1c(C(F)(F)F)[nH]c2c(O)cc3c(c12)[C@H](CCl)CN3C(=O)c1cc2cc(OC)c(OC)c(OC)c2o1,CHEMBL32785
DEC_4321,decoy,COC(=O)[C@@]1(C)C(=O)c2c3c(cc(O)c2N1C(=O)N(C)C)N(C(=O)c1cc2cc(OC)c(OC)c(OC)c2[nH]1)C[C@H]3CBr,CHEMBL281567
ACT_006,active,COc1ccc(C2=N/C(=C/c3ccc(O)cc3)C(=O)N2c2ccc(S(N)(=O)=O)cc2)cc1,CHEMBL4872231
DEC_1092,decoy,NC(=O)N1CCC(CC(=O)N2CCN([C@@H]3c4ccc(Cl)cc4CCc4cc(Br)cnc43)CC2)CC1,CHEMBL306428
DEC_4257,decoy,CC1(C)C=C(C(=O)NCCCNCc2ccc[nH]2)C(C)(C)N1,CHEMBL14938
DEC_0900,decoy,CC[C@H]1OC(=O)CC(O)[C@H](C)[C@@H](O[C@@H]2O[C@H](C)C[C@H](N(C)C)[C@H]2O)[C@@H](CCN2CCCCCC2)C[C@@H](C)C(=O)/C=C/C(C)=C/[C@@H]1C,CHEMBL266595
DEC_3824,decoy,CC1=C(C#N)C(c2ccccc2C(F)(F)F)/C(=C(\O)OCC(O)CO)C(CS(=O)(=O)c2ccccc2)=N1,CHEMBL72871
DEC_0656,decoy,C=Cc1nc(O)c2c(ccc3nc(Nc4c(Cl)cccc4Cl)n(C)c32)c1C,CHEMBL26955
DEC_1323,decoy,C=CCNc1nc(NCC=C)nc(N2CCC(N(CC=C)C(c3ccc(F)cc3)c3ccc(F)cc3)CC2)n1,CHEMBL82876
DEC_4787,decoy,CC(C)(C)[C@@H](CC(=O)Nc1ccccc1)C(=O)NC[C@@H](O)[C@H](Cc1ccccc1)NC(=O)OCc1ccccc1,CHEMBL307001
DEC_0956,decoy,C[C@H](CS)C(=O)N1C[C@@H](Sc2ccc(Cl)cc2)C[C@H]1C(=O)O,CHEMBL276505
DEC_2829,decoy,CCN(CC)CCNc1nc(Nc2ccc(Cl)c(Cl)c2)nc2cc(NCc3ccc(Cl)c(Cl)c3)ccc12,CHEMBL31573
DEC_3518,decoy,Cc1cc(-c2c(O)nc3cc(Cl)c(C(=O)Nc4ccncn4)cc3c2OCC[C@@H]2CCC[C@H](C)N2)cc(C)c1C,CHEMBL48879
DEC_1726,decoy,CC(=O)[C@@]1([Se]c2ccccc2)CC[C@H]2[C@@H]3CCC4=CC(=O)CC[C@]4(C)[C@H]3CC[C@@]21C,CHEMBL416383
DEC_4099,decoy,C=CCN1CCN(CC=C)C(C2=NCCN2)C1,CHEMBL291029
DEC_3037,decoy,O=C(OCCCc1ccc(Cl)cc1)[C@@H]1CCCN1C(=O)NC12C[C@H]3C[C@@H](C1)C[C@@H](C2)C3,CHEMBL30693
DEC_1900,decoy,CC1=CCCC2[C@](C)(Cc3cc(O)ccc3O)[C@@H](C)CC[C@]12C,CHEMBL23015
DEC_3112,decoy,O=C(C[C@@H](Cc1ccc(-c2cccc([N+](=O)[O-])c2)cc1)C(=O)N[C@H]1c2ccccc2C[C@H]1O)NO,CHEMBL8466
DEC_4161,decoy,c1ccc(Cc2ccc(OCCn3cnc4cncnc43)cc2)cc1,CHEMBL14502
DEC_3018,decoy,C=C(C)[C@H]1CC2=C(Cc3ccc4c(c3C2)O[C@@H]2COc3cc(OC)c(OC)cc3[C@@H]2C4=O)O1,CHEMBL43121
DEC_2943,decoy,O=C(O)CCc1c(Cc2cccnc2)ccc2c1CCC(NS(=O)(=O)c1ccc(Cl)cc1)C2,CHEMBL28924
DEC_2194,decoy,O=C(O)c1ccccc1C(c1cc(Br)c(O)c(Br)c1)c1ccc(Br)c(O)c1Br,CHEMBL354416
DEC_0192,decoy,CCCCCc1cc(O)c2c(c1)OC(C)(C)[C@@H]1CC=C(C)C[C@@H]21,CHEMBL267227
DEC_1513,decoy,COC1(c2csc(Sc3ccc4c(c3)CC/C4=N\O)c2)CCOCC1,CHEMBL283523
DEC_1756,decoy,CN(C)CCSC1=Cc2ccccc2Sc2ccc(Cl)cc21,CHEMBL15900
DEC_1285,decoy,CCCN1C[C@H](C(=O)N(CC)CC)C=C2c3cccc4[nH]cc(c34)C[C@H]21,CHEMBL22258
DEC_1449,decoy,CC(C)C1=CC2CC3(C=O)[C@@H]4CC[C@@H](C)[C@H]4CC2(CO[C@H]2CN(CC=C(Cl)Cl)[C@H](C)CO2)[C@]13C(=O)O,CHEMBL284336
DEC_0560,decoy,Brc1cccc(Br)c1N(CC1CCCCC1)C1=NCCN1,CHEMBL282933
DEC_1357,decoy,CC(=O)O[C@H]1CC[C@]2(C)[C@H]3CC=C4C5[C@@H](C)[C@H](C)CCC5(C(=O)O)CC[C@@]4(C)[C@]3(C)CC[C@H]2C1(C)C,CHEMBL55086
DEC_2205,decoy,C=C(C)[C@@H]1CC[C@]2(C(=O)N[C@H](C(=O)O)C(C)C)CC[C@]3(C)[C@H](CC[C@@H]4[C@@]5(C)CC[C@H](O)C(C)(C)[C@@H]5CC[C@]43C)[C@@H]12,CHEMBL19440
DEC_0412,decoy,CN1C(=O)C=C[C@]2(C)C3CC[C@@]4(C)C(CC[C@@]4(O)C#CCCCCl)C3CCC12,CHEMBL275284
DEC_3045,decoy,CCC(C)(O)C#Cc1nc(NCc2ccc(N(C)C)cc2)c2ncn(C(C)C)c2n1,CHEMBL23525
DEC_3577,decoy,O=CN(O)C(CSc1cccs1)CS(=O)(=O)c1ccc(Oc2ccc(OC(F)(F)F)cc2)cc1,CHEMBL74151
DEC_0160,decoy,O=C(O)C1=Cc2cc(C(C3CCCCC3)n3ccnc3)sc2CC1,CHEMBL22759
DEC_4122,decoy,CN(C)CCc1c[nH]c2cc3c(cc12)OCO3,CHEMBL283686
DEC_0468,decoy,Cn1c(=O)c2nc(-c3ccc(S(=O)(=O)Oc4ccc([N+](=O)[O-])cc4)cc3)[nH]c2n(C)c1=O,CHEMBL9030
DEC_1425,decoy,CCCSc1nnc(-c2cc(C(C)(C)C)c(O)c(C(C)(C)C)c2)s1,CHEMBL275838
DEC_4468,decoy,CN(CCOc1ccc(CC2SC(=O)NC2=O)cc1)c1ccccn1,CHEMBL121
DEC_1799,decoy,CCCCc1nc(SC)c(C(=O)C[S+](C)[O-])n1Cc1ccc(-c2ccccc2S(=O)(=O)NC(=O)NCc2ccccc2)cc1,CHEMBL91047
DEC_2813,decoy,Clc1cc(Cl)c2c(NCCCCCCCNc3c4c(nc5ccccc35)CCCC4)c3c(nc2c1)CCCC3,CHEMBL51350
DEC_3352,decoy,C=C1/C=C(\C)[C@H](CC)OC(=O)[C@H](C)C(=O)[C@@](O)(CO)C/C(OC)=C/[C@@H](C)C1,CHEMBL32773
DEC_3579,decoy,CCOP(=O)(Cc1ccc(-c2nc(OCC(=O)O)c3cc(Br)ccc3n2)cc1)OCC,CHEMBL34560
DEC_2890,decoy,O=C(O)Cc1nc(-c2ccc(Cl)c(Cl)c2)oc1-c1ccoc1,CHEMBL18462
DEC_3158,decoy,CC(C)c1cc(O)cc(C(C)C)c1OC(=O)NS(=O)(=O)Oc1c(C(C)C)cccc1C(C)C,CHEMBL22093
DEC_3514,decoy,Cc1ccc(CC(COC(=O)C(C)(C)C)CN(O)/C(S)=N/Cc2ccc(NS(C)(=O)=O)cc2F)cc1C,CHEMBL72614
DEC_2972,decoy,CNc1cc(C(C)C)ccc(C(c2ccc(OC)cc2)c2ccc(C(C)C)cc(=O)c2O)c1=O,CHEMBL21341
DEC_1579,decoy,COCn1cc(NC(=O)c2cc(NC3=CC4=NCCc5cn(C)c(c54)C3=O)cn2COC)cc1C(=O)NCCCN(C)C,CHEMBL69116
DEC_0563,decoy,CCN1C(=O)c2c(nc(Cc3ccccc3)n2Cc2ccc(C)cc2)N2C1=N[C@@H]1CCC[C@@H]12,CHEMBL281065
DEC_4079,decoy,COc1ccc(C2=CCN(C(=O)c3ccc(Nc4ccnc5cc(C(F)(F)F)ccc45)cc3)CC2)cc1,CHEMBL416390
DEC_1004,decoy,CC(/C=N/N=C(\S)N(C)C)=N\N=C(/S)N(C)C,CHEMBL29984
DEC_1559,decoy,CC(C)CN(CC(O)[C@H](Cc1ccccc1)NC(=O)[C@H](CC(N)=O)NC(=O)c1ccc2ccccc2n1)C(=O)NC(C)(C)C,CHEMBL305731
DEC_4078,decoy,COc1ccc2c(c1)c(Cc1nc(-c3ccc(F)cc3F)cs1)c(C)n2C(=O)c1ccc(Cl)cc1,CHEMBL448426
DEC_0991,decoy,Nc1nc(O)c2ncn(C3C=CC(P(=O)(O)O)OC3CO)c2n1,CHEMBL27936
DEC_1435,decoy,COC(=O)c1cccc(-c2cc(O)c(Sc3ccccc3C(C)C)c(=O)o2)c1,CHEMBL13067
DEC_3251,decoy,O=C(O)C1=Cc2sc(CCn3ccnc3)cc2CC1,CHEMBL23062
DEC_0022,decoy,Cc1cc(CCCCCOc2c(Cl)cc(C3=NCCO3)cc2C(C)(C)C)on1,CHEMBL277837
DEC_4680,decoy,Oc1ccc(Cl)cc1-n1nc(-c2ccc(C(F)(F)F)c(Cl)c2)nc1O,CHEMBL13755
DEC_1733,decoy,N#CN/C(=N/c1ccc(Cl)cc1Cl)NC(Cn1ccnc1)c1ccc(Cl)cc1Cl,CHEMBL7871
DEC_2780,decoy,CCN(CC)CCn1nc2c3c(c(NCCN4CCOC4=O)ccc31)Sc1ccc(O)cc1-2,CHEMBL39515
DEC_1162,decoy,Nc1nc2ccnc(-c3cc[n+]([O-])cc3)n2n1,CHEMBL21490
DEC_0240,decoy,CC(C)C1=CC2CC3(C=O)[C@@H]4CC[C@@H](C)[C@H]4CC2(CO[C@H]2CN[C@H](C)CO2)[C@]13C(=O)O,CHEMBL31670
DEC_3886,decoy,COc1ccc(CN2CCc3cc(O)c(O)cc3C2Cc2cc(OC)c(OC)c(OC)c2)cc1,CHEMBL284033
DEC_4709,decoy,C=C(C)[C@@H]1CC[C@]2(C(=O)N[C@@H](CCC(=O)OC)C(=O)OC)CC[C@]3(C)[C@H](CC[C@@H]4[C@@]5(C)CC[C@H](O)C(C)(C)[C@@H]5CC[C@]43C)[C@@H]12,CHEMBL277172
DEC_1150,decoy,NNC(=O)C(NCc1cccc(C(F)(F)F)c1)c1cccc2ccccc12,CHEMBL26420
DEC_4180,decoy,CON1CC/C(=C\c2cc(C(C)(C)C)c(O)c(C(C)(C)C)c2)C1=O,CHEMBL12594
DEC_4584,decoy,CCN(CC)Cc1cc(Nc2cc(C(F)(F)F)nc(/N=C(\N)Nc3ccc(C(F)(F)F)cc3)n2)ccc1O,CHEMBL22439
DEC_2801,decoy,NS(=O)(=O)c1ccccc1-c1ccc(NC(=O)C2CC(c3ccc4c(c3Cl)OCO4)=NO2)cc1,CHEMBL295487
DEC_1105,decoy,CCCCc1ccc2c(c1)-c1oc(C(=O)O)cc(=O)c1CS2.NCCO,CHEMBL29395
DEC_2424,decoy,CC1=CC(C)(C)N(C)c2ncc(/C=C/C(C)=C\C=N\N=C(/N)S)cc21,CHEMBL7648
DEC_2956,decoy,Cc1c(C)c2c(c(C)c1O)C(CN(C)CCOc1ccc(/C=C3\SC(=O)NC3=O)cc1)C(C)(C)O2,CHEMBL269773
DEC_3344,decoy,CCCN(C1=NCCN1)c1c(Br)cccc1Br,CHEMBL20335
DEC_3241,decoy,c1ccc(OC2(C3=NCCN3)COc3ccccc3O2)cc1,CHEMBL273973
DEC_0800,decoy,CC[S+]([O-])c1nnc(-c2cc(C(C)(C)C)c(O)c(C(C)(C)C)c2)s1,CHEMBL16843
DEC_3190,decoy,COc1cc(CC2c3cc(O)c(O)cc3CCN2Cc2ccc(Cl)cc2)cc(OC)c1OC,CHEMBL37134
DEC_2910,decoy,CCN(CC)Cc1cc(Nc2cc(C(F)(F)F)nc(/N=C(\N)Nc3ccc(Cl)cc3)n2)ccc1O,CHEMBL23292
DEC_3686,decoy,O=C(O)C(CC#Cc1ccccc1)NS(=O)(=O)c1ccc(/N=N/c2ccccc2)cc1,CHEMBL274174
DEC_2912,decoy,COc1ccc2c3c1OC1[C@H](O)[C@](CO)(CCCCCCc4ccccc4)CC4C(C2)N(C)CCC341,CHEMBL264088
DEC_1481,decoy,CCCCc1ccc(S(=O)(=O)CC2=NC(C)=C(C#N)C(c3ccccc3C(F)(F)F)/C2=C(\O)OCC)c(C)c1,CHEMBL307436
DEC_3305,decoy,COc1ccc2c3c1O[C@H]1C(=O)[C@@H](Cc4ccccc4)CC4C(C2)N(C)CCC341,CHEMBL291011
DEC_3635,decoy,CC1(C)Oc2ccc(C#N)cc2C(Nc2ccc(Cl)cc2)C1O,CHEMBL274443
DEC_2396,decoy,N#C/C(=C\c1ccc(OCCN2CCCCC2)cc1)c1noc2ccc(Cl)cc12,CHEMBL21555
DEC_3682,decoy,CCCC1=C(C(=O)OCc2ccc(C(=O)N(C)C)cc2)C(c2cccc(C)c2)NC(=O)N1,CHEMBL16395
DEC_3985,decoy,Nc1nccc2ccc(Oc3ccc(F)cc3NC(=O)c3ccc(-c4ccccc4S(N)(=O)=O)cc3)cc12,CHEMBL433066
DEC_4027,decoy,CCC(C)(C)/N=c1\c(O)c(O)\c1=N/Cc1ccc(F)c(F)c1,CHEMBL19694
DEC_0771,decoy,O=C1Nc2ccc(F)c(F)c2C(C#Cc2ccsc2)(C(F)(F)F)O1,CHEMBL276066
DEC_4402,decoy,O=C(O)C(CCCCn1cnc2c1NC=NCC2O)Cc1ccccc1Br,CHEMBL36045
DEC_3285,decoy,CS(=O)(=O)c1ccc2c(O)c(-c3ccccc3)c(=O)n(Cc3ccc(-c4ccccc4-c4nn[nH]n4)cc3)c2c1,CHEMBL28335
DEC_4624,decoy,Cc1ccc(CC(COC(=O)C(C)(C)C)CN(O)/C(S)=N/Cc2ccc(NS(C)(=O)=O)cc2)cc1C,CHEMBL308999
DEC_4784,decoy,Cc1cn(C2C=CC(COP(=O)(NC(C)C(=O)OCc3ccccc3)Oc3ccccc3)O2)c(=O)[nH]c1=O,CHEMBL18099
DEC_3842,decoy,CC1=NC(NC(=O)CC(C)(C)N)C(=O)N(Cc2ccc(-c3ccccc3-c3nn[nH]n3)cc2)c2ccccc21,CHEMBL280719
DEC_3219,decoy,Cc1ccc(C(c2ccns2)N2CCN(C)CC2)cc1,CHEMBL418563
DEC_1450,decoy,CC(C)C1=CC2CC3(C=O)[C@@H]4CC[C@@H](C)[C@H]4CC2(CO[C@H]2C[C@H]4[C@H](OC[C@H]4C(C)C)[C@@H](C)O2)C13C(=O)O,CHEMBL297584
DEC_1962,decoy,c1cc(OCc2ccc(Cc3nnn[nH]3)cc2)cc(OCc2ccc3ccccc3n2)c1,CHEMBL18405
DEC_0652,decoy,CCOC(=O)c1ccc(N/C(S)=N/c2cccc3c2OC(C)(C)CC3(C)C)cc1,CHEMBL7543
DEC_2363,decoy,CCN(c1cc2n(c(=O)n1)CCc1cc(OC)c(OC)cc1-2)c1c(C)cc(C)cc1C,CHEMBL34091
DEC_2400,decoy,N#Cc1ccc(C(=O)/C=C/c2ccc(OCc3ccc4ccccc4n3)cc2)cc1,CHEMBL447532
DEC_1554,decoy,CC(C)(C)NC(=O)[C@@H]1C[C@@H]2SCC[C@@H]2CN1C[C@@H](O)[C@H](CSc1ccccc1)NC(=O)O[C@H]1CCS(=O)(=O)C1,CHEMBL100048
DEC_3719,decoy,CCOC(=O)c1ccc(N/C(S)=N/c2cc3c(cc2C)SC(C)(C)CC3(C)C)cc1,CHEMBL6825
DEC_2141,decoy,C1=CC(=Nn2cccc2)C=CC1=Nn1cccc1,CHEMBL25422
DEC_2773,decoy,CC1(C)NC(=O)N(C[C@H](COc2ccc(-c3ccc(OC(F)(F)F)cc3)cc2)N(O)C=O)C1=O,CHEMBL41943
DEC_2218,decoy,C=C1C[C@@]23O[C@]2(c2ccccc21)C1CC(OC(=O)[C@H](O)[C@@H](NC(=O)CC(C)(C)C)c2ccccc2)C3(C)C1(C)C,CHEMBL31694
DEC_3100,decoy,CCNCc1cc(Nc2cc(C(F)(F)F)nc(/N=C(\N)Nc3ccc(Cl)cc3)n2)ccc1OC,CHEMBL22348
DEC_4220,decoy,CC1(C)C2CC1[C@]1(C)OB([C@H](CCCN=C(N)N)NC(=O)c3cccc(-c4ccccc4)c3)O[C@@H]1C2,CHEMBL290363
DEC_2966,decoy,OC(Cc1ccc(Cl)cc1)(c1ccccc1)C(O)(Cn1cncn1)c1ccc(Cl)cc1Cl,CHEMBL10482
DEC_3090,decoy,COc1cc(C(c2ccc(C(C)C)cc(=O)c2O)c2ccc(C(C)C)cc(=O)c2O)cc(OC)c1OC,CHEMBL277268
DEC_0837,decoy,COC1=C(OC)[C@@]2(OC)c3c(O)c(OC)c4c(c3O[C@@]23O[C@@H](c2ccccc2)CC=C3C1=O)[C@@H](OC)C[C@H](c1ccccc1)O4,CHEMBL34316
DEC_0245,decoy,COC[C@H]1OC(=O)c2coc3c2[C@@]1(C)C1=C(C3=O)[C@@H]2CC[C@H](O)[C@@]2(C)C[C@H]1OC(C)=O,CHEMBL273832
DEC_1512,decoy,O=C1NCN(c2ccccc2)C12CCN(C1Cc3cccc4cccc1c34)CC2,CHEMBL281274
DEC_1002,decoy,Nc1ncnc2c1ncn2C1CC(O)C(O)C(COP(=O)(O)O)O1,CHEMBL264919
DEC_0361,decoy,CC1=C(N2CC2)C(=O)c2c(COC(N)=O)c3n(c2C1=O)CCC3OC(N)=O,CHEMBL274945
DEC_2362,decoy,N#C/C(=C\c1ccccc1OCCN1CCCCC1)c1noc2ccc(Cl)cc12,CHEMBL21391
DEC_3206,decoy,CC1CC(OCC(O)CNC(C)(C)C)CC(C)(C)C1,CHEMBL25929
DEC_2931,decoy,Cc1cc(CN/C(S)=N/Cc2ccc(NS(C)(=O)=O)cc2)c(COC(=O)C(C)(C)C)cc1C,CHEMBL45817
DEC_0352,decoy,S=P(N1CCOCCOCCOCCOCC1)(N1CC1)N1CC1,CHEMBL418377
DEC_4614,decoy,CCCc1nc(Cl)c(C(N)=O)n1Cc1ccc(-c2ccccc2S(=O)(=O)Nc2onc(C)c2C)cc1,CHEMBL12333
ACT_064,active,O=C1/C(=N\O)c2c(/C=C/c3ccccc3)cccc2N1Cc1cc(F)cc2c1OCOC2,CHEMBL561540
DEC_1058,decoy,Cc1ccc(C2(c3ccc(C)cc3)CC(=O)N(CC(O)CN3CCC(C#N)(c4ccccc4C)CC3)C2=O)cc1,CHEMBL62249
DEC_4823,decoy,CCC1CCN(C)c2cc3oc(=O)cc(C(F)(F)F)c3cc21,CHEMBL6530
DEC_2309,decoy,COc1cc(OC)cc([C@@H]2c3cc4c(cc3N[C@H]3COC(=O)N23)OCO4)c1,CHEMBL9206
DEC_3799,decoy,CC1(C)C2CCC1(CS(=O)(=O)N1CCC3(CCc4ccccc43)CC1)C(NC(=O)[C@H]1CCCNC1)C2,CHEMBL23890
DEC_3728,decoy,CC(C)(C)c1ccc(C2=Cc3ccc(NC(=O)NC4CCCCC4)cc3C3=NCCCN23)cc1,CHEMBL276714
DEC_1355,decoy,CC1(C)CC[C@]2(C(=O)O)CC[C@@](C)([C@]3(C)CC[C@H]4C(C)(C)C(=O)CC[C@]4(C)[C@H]3CC(=O)O)C(=O)C2C1,CHEMBL292155
DEC_1648,decoy,C[C@@H]1C[C@@H]2c3ccc(C(C)(C)C)c4[nH]cc(c34)C[C@H]2N(C)C1,CHEMBL13811
DEC_0908,decoy,COc1ccc(C[C@H]2NC(=O)/C=C/C[C@@H]([C@@H](C)/C=C/c3ccccc3)OC(=O)[C@H](CC(C)C)OC(=O)[C@H](C)CNC2=O)cc1,CHEMBL13610
DEC_4278,decoy,N[C@@H](CS)C(=O)Nc1ccc(Oc2cccc(C(=O)O)c2)cc1,CHEMBL283441
DEC_3744,decoy,CCC(=O)OC(c1nc2c(C(F)(F)F)cccc2c(O)c1C(=O)Nc1nccs1)C(C)C,CHEMBL35652
DEC_2165,decoy,S=C=Nc1ccc(-c2noc(CCl)n2)cc1,CHEMBL21700
DEC_1238,decoy,O=NN(CCCl)C(=O)NC1CCC(Br)CC1,CHEMBL275279
DEC_0936,decoy,C[C@](O)(CO)c1cc2c3c(ccc2o1)[C@@H]1COc2cc(O)ccc2[C@@H]1O3,CHEMBL7054
DEC_1051,decoy,CC1(C)S[C@@H]2[C@@H](CS)C(=O)N2[C@H]1C(=O)O,CHEMBL277225
DEC_3783,decoy,O=C(CCN1CC[C@@H](N2CC(=O)N3[C@H](c4ccc5c(c4)OCO5)c4[nH]c5ccccc5c4C[C@@H]3C2=O)C1)N1CCC1,CHEMBL286309
DEC_0300,decoy,COC(=O)[C@H]1CCC2C3CNC4=CC(=O)CC[C@]4(C)C3CC[C@@]21C,CHEMBL297524
DEC_3431,decoy,COc1ccc2c3c1OC1C[C@@H](O)C=C[C@@]31CCN(CCCCCCN1CC[C@@]34C=C[C@H](OC)C[C@@H]3Oc3c(OC)ccc(c34)C1)C2,CHEMBL538914
DEC_4400,decoy,CCCCCCC(=O)O[C@H](CC=C(C)C)C1=CC(=O)c2c(O)ccc(O)c2C1=O,CHEMBL9164
ACT_020,active,O=C(NCCN1CCOCC1)c1ccc2c(c1)C(=O)c1ccc(Nc3ccc(F)c(/C=N/NC(=O)c4cccs4)c3)cc1CC2,CHEMBL4645084
DEC_0636,decoy,CC1(C)OC(S)=Nc2c(Br)cc(-c3ccc(Cl)c(F)c3)cc21,CHEMBL283982
DEC_4248,decoy,N=C(N)c1ccc(OCCOc2ccc(C(=N)N)cc2)cc1,CHEMBL22843
DEC_3052,decoy,C=C1/C(=C\C=C2/CCC[C@@]3(C)C2CC[C@@H]3[C@H](C)CCCC(C)(C)O)C[C@@H](O)[C@@H](OCCCO)[C@@H]1O,CHEMBL435571
DEC_4039,decoy,CCN(CC)C(=O)[C@@H]1C=C2c3cccc4[nH]cc(c34)C[C@H]2NC1,CHEMBL21343
DEC_4604,decoy,C=C(Cl)CN1C[C@H](OCC23C[C@@H]4[C@H](C)CC[C@H]4C4(C=O)CC2C=C(C(C)C)[C@@]34C(=O)O)OC[C@H]1CO,CHEMBL431704
DEC_2669,decoy,CCC1OC(C#CC2CC2)(C(F)(F)F)c2cc(Cl)ccc2NC1=O,CHEMBL285510
DEC_0188,decoy,CCC(c1ccc(O)cc1)C(CCF)c1ccc(O)cc1,CHEMBL7192
DEC_2106,decoy,CO[C@H]1C[C@@H](C(=O)O)N(C(=O)[C@H](C)CS)C1,CHEMBL16138
DEC_1563,decoy,CCCC(NC(=O)[C@@H]1[C@H]2CCC(F)(F)[C@H]2CN1C(=O)[C@@H](NC(=O)[C@H](O)C(C)C)C(C)C)C(=O)C(=O)Nc1ccccc1,CHEMBL316263
DEC_0242,decoy,Cc1c(N2C[C@@H](F)[C@@H](C3(N)CC3)C2)c(F)c(N)c2c(=O)c(C(=O)O)cn([C@@H]3C[C@@H]3F)c12,CHEMBL7265
DEC_1857,decoy,COc1ccc(C(C)C(CSC(C)=O)C(=O)N[C@@H](Cc2ccc(OC(C)=O)cc2)C(=O)OCc2ccccc2)cc1,CHEMBL274675
DEC_0255,decoy,COC[C@H]1OC(=O)C(=C(C)C)C2=C(O)C(=O)C3=C([C@H](OC(C)=O)C[C@]4(C)C(=O)CC[C@@H]34)[C@]21C,CHEMBL18596
DEC_4576,decoy,CC(C)(C)OC(=O)NC(=O)N(Cc1ccccc1)CC(O)CN(Cc1ccccc1)C(=O)NC(=O)OC(C)(C)C,CHEMBL77568
DEC_4044,decoy,NCCCn1c2c(c3ccccc31)C(=O)CN1CCCCC21,CHEMBL416206
DEC_4514,decoy,Cc1cc(C)cc(-c2cc(O)c(Sc3ccccc3C(C)C)c(=O)o2)c1,CHEMBL276671
DEC_1202,decoy,Cc1ccc(S(=O)(=O)C2(CC#Cc3ccccc3Cl)SC(=O)NC2=O)cc1,CHEMBL11689
DEC_3702,decoy,C=C1/C(=C\C=C2/CCCC3(C)C2CCC3[C@H](C)/C=C/CCC(C)(C)O)C[C@@H](O)C[C@@H]1O,CHEMBL35428
DEC_4193,decoy,CN1C2CCC1[C@H](C(=O)C(F)(F)F)[C@@H](c1ccc(Cl)cc1)C2,CHEMBL28376
DEC_2736,decoy,C=C1CCC2[C@](C)(CCC[C@]2(C)C(=O)O)[C@H]1CCC1=CCc2c(OC(C)=O)ccc(OC(C)=O)c2C1,CHEMBL22661
DEC_0686,decoy,COc1cc2c(cc1OC)[C@@H]1[C@H](O)c3ccc4c(c3O[C@@H]1CO2)Cc1cc(C(C)C)oc1C4,CHEMBL39169
DEC_3825,decoy,CC(C)C/N=C(\S)N1CCN(c2ccc(N(Cc3c[nH]cn3)S(=O)(=O)c3ccccc3)cc2)CC1,CHEMBL32725
DEC_3975,decoy,COc1cc2cc(C)c(C(C)=O)c(O)c2c(O)c1-c1c(OC)cc2cc(C)c(C(C)=O)c(O)c2c1O,CHEMBL282966
DEC_4483,decoy,Cn1cc(C(=O)/C=C/c2ccccc2)cc1/C=C/C=C/C(=O)NO,CHEMBL268716
DEC_3691,decoy,O=C(O)Cc1nn(Cc2nc3cc(C(F)(F)F)cc(Cl)c3s2)c(=O)c2ccccc12,CHEMBL19893
DEC_1558,decoy,N=C(N)NCCCC(NC(=O)[C@@H]1CC[C@H]2CN(C(=O)CCc3ccccc3C(F)(F)F)CC(=O)N21)C(=O)c1nccs1,CHEMBL109883
DEC_3257,decoy,C=C1C[C@@]23O[C@]2(c2ccccc21)C1CC(OC(=O)[C@H](O)[C@@H](NC(=O)OCC)c2ccncc2)C3(C)C1(C)C,CHEMBL32795
DEC_0190,decoy,CC/C(=C(\CC(F)(F)F)c1ccc(O)cc1)c1ccc(O)cc1,CHEMBL29306
DEC_1321,decoy,CCNS(=O)(=O)Oc1cc(C(C)(C)C)c(SC2=C(O)OC(CCc3ccccc3)(C(C)C)CC2=O)cc1C,CHEMBL67867
DEC_4598,decoy,CC1(C)C2CC1[C@]1(C)OB([C@H](CCCN=C(N)N)NC(=O)c3ccc(-c4ccccc4)cc3[N+](=O)[O-])O[C@@H]1C2,CHEMBL297535
DEC_0275,decoy,C[C@@H](O)[C@H]1C(=O)N2C(C(=O)O)=C(S[C@@H]3CN[C@H](CSc4ccccc4)C3)[C@H](C)[C@H]12,CHEMBL277818
DEC_0140,decoy,CC12CC3(C)CC(C)(C1)CC(NC(=O)N(CCCl)N=O)(C2)C3,CHEMBL11985
DEC_3563,decoy,CCCCCCC[C@H]1OC(=O)C[C@H](OCOC)[C@H](Cc2ccccc2)N(C)C(=O)C(C)(C)OC(=O)[C@H]1C,CHEMBL40037
DEC_4564,decoy,O=c1c2c(oc(O)c1[C@@H](c1cccc(NS(=O)(=O)c3cccc4cccnc34)c1)C1CC1)CCCCCC2,CHEMBL16337
DEC_0142,decoy,CCCc1cc(=O)oc2c3c(c4c(c12)OC(C)(C)C=C4)O[C@H](C)[C@@H](C)C3=O,CHEMBL269090
DEC_1623,decoy,CC(C)(C)c1cccc(Oc2cc(Cn3ccnc3)ccc2C#N)c1,CHEMBL22710
DEC_3401,decoy,CC1CCC(=NNc2ccc(Cl)c(Cl)c2)c2ncc(C(=O)O)c(=O)n21,CHEMBL275209
DEC_1277,decoy,N#Cc1ccc(Nc2c(NC3CCCCCC3)c(=O)c2=O)cc1,CHEMBL18923
DEC_4597,decoy,O=C(O)CC/C=C\C[C@@H]1CO[C@H](c2ccc(OCCn3ccnc3)c(C(=O)O)c2)O[C@@H]1c1ccccc1O,CHEMBL294952
DEC_3997,decoy,CCNCc1cc(Nc2nc(Nc3nc4cc(Cl)c(Cl)cc4[nH]3)nc3c2CCCC3)ccc1OC,CHEMBL24247
DEC_1159,decoy,Cc1cccc2c1N(C)CC(C1=NCCN1)O2,CHEMBL14110
DEC_1995,decoy,CSc1nnc([C@@H]2C[C@@H](S)CN2S(=O)(=O)c2ccc(C(F)(F)F)cc2)n1-c1ccccc1,CHEMBL50772
DEC_1540,decoy,CC[C@H](C)[C@H](NS(=O)(=O)c1cc(Br)c(Br)s1)C(=O)NC(Cc1cscn1)C(=O)NO,CHEMBL313708
DEC_4025,decoy,CCCC(C)Cn1c(N2CCN(C)CC2)nc2ccccc21,CHEMBL16939
DEC_3819,decoy,O=C(NC(Cc1ccccc1)C(O)CN1C/C=C\CCCCCCCCOC1=O)O[C@H]1CO[C@H]2OCC[C@H]21,CHEMBL302689
DEC_2673,decoy,CCC1CCN(C)c2cc3c(cc21)c(C(F)(F)F)cc(=O)n3C,CHEMBL27413
DEC_1165,decoy,Cc1ccc2c(c1)OC(C1=NCCN1)CN2C,CHEMBL276035
DEC_3303,decoy,I.Nc1nc2c(s1)Cc1cc(Br)ccc1-2,CHEMBL287736
DEC_2328,decoy,Oc1ccc2c(c1)OC[C@@H](N1CCC(O)(c3ccccc3)CC1)[C@@H]2O,CHEMBL17812
DEC_4831,decoy,CCCc1cc2c(s1)CN(C)CC2c1ccc(Br)cc1,CHEMBL15731
DEC_1566,decoy,CC(C)[C@@H]1[C@H](OC(=O)N[C@@H](Cc2ccccc2)[C@H](O)CN2CCN(C3CC3)C[C@H]2C(=O)NC(C)(C)C)CCS1(=O)=O,CHEMBL90313
DEC_1103,decoy,O=C1[C@H]2Cc3c([nH]c4ccccc34)[C@@H](c3ccc4c(c3)OCO4)N2C(=O)CN1[C@@H]1CCN(CCc2cccnc2)C1,CHEMBL33518
DEC_2043,decoy,COCCOCC(=O)c1cc(C(C)(C)C)c2c(c1)C(C)(C)CO2,CHEMBL13815
DEC_4410,decoy,CC(C)/C(=C/C(=O)[C@H](Cc1c[nH]c2ccccc12)NC(=O)OC(C)(C)C)C(=O)O,CHEMBL440766
DEC_0696,decoy,CC1(C)CN(C(=O)N2Cc3c(C(=O)OC(C)(C)C)ncn3-c3ccc(Cl)cc32)CC(C)(C)N1,CHEMBL274915
DEC_1963,decoy,COc1ccc(C2(O)OC(=O)C(c3ccc4c(c3)OCO4)=C2Cc2ccccc2)c(OC)c1,CHEMBL10834
DEC_0542,decoy,CS(=O)(=O)c1ccc(C2=C(c3cc(Cl)c(Cl)c(Cl)c3)C(=O)CC2)cc1,CHEMBL278392
DEC_1209,decoy,O=C(O)Cc1nn(Cc2nc3c(Cl)c(Cl)ccc3s2)c(=O)c2ccccc12,CHEMBL283364
DEC_0981,decoy,CCO/N=C(\C(=O)N[C@@H]1C(=O)N2C(C(=O)O)=CCO[C@H]12)c1csc(N)n1,CHEMBL276033
DEC_2914,decoy,CC(C)C[C@@H](C(=O)N[C@H](C(=O)Nc1ccccn1)C(C)(C)C)[C@@H](C(=O)NO)C1CCC(C)CC1,CHEMBL281428
DEC_2932,decoy,NC(=O)C(Cc1ccc(O)cc1)N(Cc1ccc(Br)cc1)Cc1cc(-c2ccccc2)on1,CHEMBL292005
DEC_0438,decoy,NS(=O)(=O)OC[C@@]12OC[C@H]3O[C@@H](c4ccccc4)O[C@H]3[C@@H]1O[C@H](c1ccccc1)O2,CHEMBL26603
DEC_1833,decoy,CCS(=O)(=O)N1CCN(C(=O)Oc2ccc3[nH]c(-c4cc(C)cc(C)c4)c(CCNCCCCc4ccc(O)cc4)c3c2)CC1,CHEMBL280296
DEC_4440,decoy,CC1(C)C[C@H]2[C@@H]3OC(C)(C)O[C@@H]3CC[C@@]2(COS(N)(=O)=O)C1,CHEMBL26585
DEC_4706,decoy,C=C(C)[C@@H]1CC[C@]2(C(=O)N[C@@H](CC(=O)OC)C(=O)OC)CC[C@]3(C)[C@H](CC[C@@H]4[C@@]5(C)CC[C@H](O)C(C)(C)[C@@H]5CC[C@]43C)[C@@H]12,CHEMBL18968
DEC_1761,decoy,N#Cc1ccc(Cn2ccnc2)cc1Oc1ccccc1-c1ccccc1,CHEMBL22718
DEC_0650,decoy,FC(F)(F)c1nc(-c2cc(Cl)cc(Cl)c2)c(-c2cc(Cl)cc(Cl)c2)[nH]1,CHEMBL266280
DEC_2869,decoy,Clc1ccc2oc(SCC3OCCc4ccccc43)nc2c1,CHEMBL7870
DEC_1699,decoy,CC(C)C(=O)N(c1ccccc1)[C@H]1CCC2C3CC[C@H]4N(C)C(=O)CC[C@]4(C)C3CC[C@@]21C,CHEMBL266519
DEC_1538,decoy,CC(C)CCN(C[C@@H](O)[C@H]1Cc2ccc(cc2)OCCCC(=O)N[C@@H](CC(N)=O)C(=O)N1)S(=O)(=O)c1ccccc1,CHEMBL83186
DEC_0109,decoy,CCCCCCCCCCOc1ccc(OCC(=O)COCc2ccc(C(=O)O)cc2)cc1,CHEMBL29353
DEC_2506,decoy,CCCN(CCC)C1Cc2cccc3nc(S)n(c23)C1,CHEMBL12157
DEC_0029,decoy,CCOc1nc(C(Cl)(Cl)Cl)c(Cl)c(OC(=O)COC)c1Cl,CHEMBL11668
DEC_4115,decoy,OCCCCCn1cnc2c1NC=NCC2O,CHEMBL34373
DEC_3391,decoy,CC(N)C1CCN(c2c(F)cc3c(=O)c(C(=O)O)cn(C4CC4)c3c2F)C1,CHEMBL14949
DEC_3141,decoy,CCN(Cc1ccc2nc(C)[nH]c(=O)c2c1)c1ccc(C(=O)N[C@@H](CCC(=O)O)C(=O)O)cc1,CHEMBL44037
DEC_3314,decoy,CC12C(=CC(=O)C3CC31)[C@@H]1C[C@@H]1C1C2CCC2(C)C1CCC21CCC(=O)O1,CHEMBL417615
DEC_0471,decoy,C=C1/C(=C\C=C\[C@H]2CCC[C@H]([C@@H](C)CCCC(C)(C)O)C2(C)C)C[C@@H](O)C[C@@H]1O,CHEMBL284246
DEC_3180,decoy,COc1ccc(C(c2cc(C(C)(C)C)cc(O)c2O)c2ccc(C(C)C)cc(=O)c2O)cc1,CHEMBL279531
DEC_3876,decoy,O=C1C2C3C=CC(C4CC34)C2C(=O)N1CCCCC1CCN(c2cncc(Cl)n2)CC1,CHEMBL281538
DEC_2846,decoy,CCOc1ccc(-c2cc(-c3ccc(-c4c(Cc5ccccc5)sc5ccccc45)cc3)ccc2OCC(=O)O)cc1,CHEMBL284765
DEC_4009,decoy,CCCn1c(=O)c2c(nc(C3CCCC3)n2C)n(CCC)c1=O,CHEMBL22099
DEC_1944,decoy,c1cc(OCc2ccc3ccccc3n2)cc(OCc2ccccc2Cc2nnn[nH]2)c1,CHEMBL18204
DEC_0780,decoy,O=C1COC(C#Cc2ccccc2)(C(F)(F)F)c2cc(Cl)ccc2N1,CHEMBL32460
DEC_1751,decoy,O=C1Nc2cccc3c2[C@]1(CCCCN1CC=C(c2ccccc2)CC1)CCC3,CHEMBL25815
DEC_3977,decoy,OC1CCCN(CCCNc2nc(Nc3ccc(I)cc3)nc3ccccc23)C1,CHEMBL32089
DEC_0305,decoy,CCCCC[C@@H]1/C=C\C2[C@H](O)CC(=O)[C@@H]2CCCCCCC(=O)O1,CHEMBL12731
DEC_4556,decoy,CC(C)CN(CC(C)C)S(=O)(=O)c1ccc2c(c1)[C@@H](/N=C(\NC#N)Nc1ccc(Cl)cc1)[C@H](O)C(C)(C)O2,CHEMBL289133
DEC_3133,decoy,O=C(/C=C/c1ccc(O)c(O)c1)O[C@H]1CCCC[C@@H]1OC(=O)/C=C/c1ccc(O)c(O)c1,CHEMBL31607
ACT_060,active,CC(C)(O)c1ccccc1CC[C@@H](SCC1(CC(=O)O)CC1)c1cccc(/C=C/c2ccc3ccc(Cl)cc3n2)c1,CHEMBL787
DEC_3594,decoy,Cc1noc(NS(=O)(=O)c2ccccc2-c2ccc(-c3ncco3)cc2CN2CCC(C)(C)C2=O)c1C,CHEMBL29972
DEC_4232,decoy,O=C(O)C(CC#Cc1ccccc1)NS(=O)(=O)c1ccc(-c2ccc3c(c2)OCO3)cc1,CHEMBL10881
DEC_3724,decoy,CCN1CCCC(Nc2nc(Nc3ccc(Cl)c(Cl)c3)nc3cc(Cl)ccc23)C1,CHEMBL31538
DEC_2056,decoy,CC(C)N(CCC1(c2ccccc2)C(=O)NCN2CCCCC21)C(C)C,CHEMBL23367
DEC_3397,decoy,CC(=O)c1cc2c(s1)[C@@H](NC(=O)c1ccc(F)c(F)c1)[C@H](O)C(C)(C)O2,CHEMBL29667
DEC_0278,decoy,COc1cc2c(cc1OC)-c1cc(Nc3cc(OC)c(OC)c(OC)c3)nc(=O)n1CC2,CHEMBL34659
DEC_4566,decoy,O=c1c2c(oc(O)c1C(c1cccc(NS(=O)(=O)c3cccc4cccnc34)c1)C1CC1)CCCCCC2,CHEMBL16349
DEC_0730,decoy,C[C@@]12CCc3occc3C1CC[C@]13CC(=O)C(CCC12)C3,CHEMBL31659
DEC_3164,decoy,CCC(=O)OC(CC)c1nc2c(C(F)(F)F)cccc2c(O)c1C(=O)Nc1ccccn1,CHEMBL290581
DEC_4685,decoy,Brc1cccc(Br)c1N(Cc1ccccc1)C1=NCCN1,CHEMBL20241
DEC_0847,decoy,CC(=O)OC[C@@]1(C)C2C[C@H](OCc3ccccc3)[C@@]3(C)Oc4cc(-c5cccnc5)oc(=O)c4[C@H](O)C3[C@@]2(C)CC[C@@H]1OC(C)=O,CHEMBL315860
DEC_4521,decoy,N#C/C(=C\c1ccccc1OCCCN1CCCCCC1)c1noc2ccccc12,CHEMBL280706
DEC_1047,decoy,COP(=O)(CC1OC(C)(C)C(C)(C)O1)OC,CHEMBL19632
DEC_0578,decoy,CC(C)(C)c1cc(/C=C/c2n[nH]c(S)n2)cc(C(C)(C)C)c1O,CHEMBL275909
DEC_2785,decoy,CCCCCCC[C@H]1OC(=O)C[C@H](O)[C@H](Cc2ccccc2)N(C)C(=O)C(C)(C)OC(=O)[C@H]1C,CHEMBL290635
DEC_4334,decoy,CC(=O)Oc1ccc(C(=O)OCC2=C(C(=O)O)N3C(=O)[C@@H](NC(=O)CSc4cc(Cl)ccc4Cl)C3SC2)cc1,CHEMBL59021
DEC_0258,decoy,Cc1cn(C2C=CC(COP3(=O)OCc4cc(Cl)ccc4O3)O2)c(=O)[nH]c1=O,CHEMBL266136
DEC_0957,decoy,Cc1noc(NS(=O)(=O)c2cccc3c(C(C)(C)O)cccc23)c1C,CHEMBL431300
DEC_2383,decoy,CC(=O)O[C@H]1c2ccc(CN(C)C)n2-c2ccccc2S[C@H]1c1ccccc1,CHEMBL442147
DEC_4145,decoy,C=CC[C@@]1(C2=NCCN2)Cc2ccccc2N1C,CHEMBL41223
DEC_4221,decoy,CCCCN1C(=NC#N)N(CCCC)[C@H](Cc2ccccc2)[C@H](O)[C@@H](O)[C@H]1Cc1ccccc1,CHEMBL285180
DEC_2806,decoy,CCCCCC(=O)N(Cc1ccc(CP(=O)(O)O)cc1)[C@H]1CC[C@H]2[C@@H]3CCc4cc(OCCC)ccc4[C@H]3CC[C@]12C,CHEMBL319210
DEC_3557,decoy,CCN(C/C=C/C#CC(C)(C)C)Cc1cccc(OCCN(C)S(=O)(=O)c2cc3ccccc3s2)c1,CHEMBL26091
DEC_3586,decoy,COc1ccc(C2(OC)OC(=O)C(c3ccc4c(c3)OCO4)=C2Cc2cc(OC)c(OC)c(OC)c2)cc1,CHEMBL11082
DEC_1228,decoy,COC(=O)C1C2CCC(CC1c1ccc(C=C(Br)Br)cc1)N2,CHEMBL14257
DEC_2722,decoy,COC(=O)C1=C[C@]2(C)[C@H]3CC=C4C5CC(C)(C)CC[C@]5(C(=O)O)CC[C@@]4(C)[C@]3(C)CC[C@H]2C(C)(C)C1=O,CHEMBL300760
DEC_2273,decoy,CC(C)=CC[C@@H](OC(=O)C=C(C)C)C1=CC(=O)c2c(O)ccc(O)c2C1=O,CHEMBL267024
DEC_4189,decoy,O=C1CC2(CCCC2)CC(=O)N1CCCCN1CCc2ccccc2C1,CHEMBL14161
DEC_1356,decoy,CCN(C)CC#CCCC1(C2(O)c3ccccc3Sc3ccc(Cl)cc32)SCCCS1,CHEMBL41527
DEC_3220,decoy,Cc1ccc(C(c2cc(C)ns2)N2CCN(C)CC2)cc1,CHEMBL22849
ACT_092,active,CCOC(=O)Nc1ccc(C)c(Nc2ncnn3cc(C(=O)N[C@@H](C)CC)c(C)c23)c1,CHEMBL252373
DEC_4084,decoy,CN(C)C(=O)c1ccc(-c2ccc(Cl)cc2)c(N(C)C(=O)c2cc(C(F)(F)F)cc(C(F)(F)F)c2)c1,CHEMBL303119
DEC_2151,decoy,CC(C)(C)C1CCC2(CC1)OOCCCOO2,CHEMBL27792
DEC_1770,decoy,CCc1ccc(N/N=C(\N=N\c2nnnn2-c2ccccc2)c2ccccc2)cc1,CHEMBL23324
DEC_4259,decoy,CC(C)C(NCc1cccc(CP(=O)(O)O)c1)C(=O)O,CHEMBL27567
DEC_1327,decoy,CCCCc1nc(Cl)c(CO)n1Cc1ccc(NC(=O)[C@H](Cc2ccccc2)n2cccc2C(=O)OC)cc1,CHEMBL49306
DEC_3085,decoy,CCN(CC)Cc1cc(Nc2cc(C(F)(F)F)nc(/N=C(\N)Nc3ccccc3)n2)ccc1OC,CHEMBL25106
DEC_1740,decoy,C=CCC1Oc2cccc(COC)c2-c2ccc3c(c21)C(C)=CC(C)(C)N3,CHEMBL267670
DEC_2149,decoy,C[C@@H]1CC[C@H]2[C@@H](C)CO[C@@H]3O[C@@]4(C)CC[C@@H]1[C@]32OO4,CHEMBL273441
DEC_0876,decoy,C/C=C/C=C(\C)C(=O)O[C@H]1C(O)[C@H](OCC23C[C@@H]4[C@H](C)CC[C@H]4C4(C=O)CC2C=C(C(C)C)C34C(=O)O)O[C@H](C)[C@H]1OC,CHEMBL279110
DEC_4750,decoy,CCN(CC)C(=O)c1cccc(-c2ccc3c(c2)[C@@H]2[C@@H](CCCCC(=N)N)C(=O)N(COC(C)=O)[C@H]2C3)c1,CHEMBL46993
DEC_0890,decoy,CC[C@H]1OC(=O)CC(O)[C@H](C)[C@@H](O[C@@H]2O[C@H](C)C[C@H](N(C)C)[C@H]2O)[C@@H](CCN(C)CC)C[C@@H](C)C(=O)/C=C/C(C)=C/[C@@H]1C,CHEMBL409059
DEC_1830,decoy,CCCCc1nc(SC)c(C(=O)OCc2ccccc2)n1Cc1ccc(-c2ccccc2S(=O)(=O)NC(=O)NCCC)cc1,CHEMBL309313
DEC_3108,decoy,O=C(O)C(CCCCn1cnc2c1NC=NCC2O)(Cc1cccc(C(F)(F)F)c1)C(=O)O,CHEMBL37273
DEC_4230,decoy,CCCCc1nc2c(n1Cc1ccc(-n3cccc3-c3nn[nH]n3)cc1)/C(=C/C(=O)O)CCCC2,CHEMBL443000
DEC_2442,decoy,O=C1Cc2cc(C#CCN3CCC(Cc4ccc(F)cc4)CC3)ccc2N1,CHEMBL19957
DEC_0603,decoy,O=C(NO)C(NCc1cccc(C(F)(F)F)c1)c1ccccc1F,CHEMBL282858
DEC_0539,decoy,Clc1ccc(C2(Cn3ccnc3)OCC(c3ccccc3Cl)O2)c(Cl)c1,CHEMBL280815
DEC_2691,decoy,O=C(OC1CN2CCC1CC2)C1=C/C(=C\c2ccncc2)c2ccccc21,CHEMBL278074
DEC_0191,decoy,CCCCCc1cc(O)c2c(c1)OC(C)(C)[C@@H]1CCC(C)=C[C@@H]21,CHEMBL465
DEC_1396,decoy,C=CCN1CCN(C(c2ccccc2)c2ccc(-c3cccnc3)cc2)CC1,CHEMBL24293
DEC_3966,decoy,CCNCc1cc(Nc2nc(/N=C(\N)Nc3ccc(Cl)c(Cl)c3)nc3c2CCCC3)ccc1OC,CHEMBL22980
DEC_4285,decoy,CC(C)(C)c1ccc(CCP(=O)(O)O)c(CC(N)C(=O)O)c1,CHEMBL23192
DEC_1893,decoy,Oc1ccc(C(=C(C(F)(F)F)C(F)(F)F)c2ccccc2)cc1,CHEMBL6413
DEC_0752,decoy,c1ccc2sc(C3(N4CCCCC4)CCCCC3)cc2c1,CHEMBL279556
DEC_2435,decoy,CCCN(C/C=C/I)C1CCc2cccc(O)c2C1,CHEMBL284716
DEC_3083,decoy,Cc1cc(C)cc(-c2c(O)nc3cc(Cl)c(NC(=O)NC4CC4)cc3c2OCC[C@@H]2CCCCN2)c1,CHEMBL297269
DEC_4149,decoy,CCN1CC2(CCN(CCc3c[nH]c4ccccc34)CC2)OC1=O,CHEMBL281949
ACT_051,active,Cc1nnc(-c2ccc(C)c(-c3ccc(C(=O)N(C)c4cccc(C#N)c4)cc3)c2)o1,CHEMBL267281
DEC_3856,decoy,C=CCN1C(=NC#N)N(CC=C)[C@H](Cc2ccccc2)[C@H](O)[C@@H](O)[C@H]1Cc1ccccc1,CHEMBL286869
DEC_3170,decoy,O=c1c(-c2ccccc2)c(O)c2sccc2n1Cc1ccc(-c2ccccc2-c2nn[nH]n2)cc1,CHEMBL26875
DEC_2970,decoy,CC1=C(C(=O)OC(c2ccccc2)c2ccccc2)N2C(=O)[C@@H](Nc3nc4ccccc4[nH]3)C2SC1,CHEMBL13694
DEC_4398,decoy,O=C(O)C(CCCCn1cnc2c1NC=NCC2O)Cc1ccc(Br)cc1,CHEMBL289052
DEC_1106,decoy,CC(=O)NC(=S)NC[C@@H]1C[C@@H]2c3cc(C(C)(C)C)cc4[nH]cc(c34)C[C@H]2N(C)C1,CHEMBL14238
DEC_3925,decoy,C=C(c1cccc(OC)c1OCC(O)CNC(C)(C)C)n1cnc2ccccc21,CHEMBL276758
DEC_3029,decoy,N#Cc1c2n(c3c(N4CCN(CCc5cccc(Cl)c5)CC4)ncnc13)CCCC2,CHEMBL28061
DEC_0849,decoy,Cc1cccc(N)c1C(=O)N1CCC(N2CCN([C@@H](C)c3ccc(S(=O)(=O)c4ccc5c(c4)OCO5)cc3)[C@@H](C)C2)CC1,CHEMBL69670
DEC_0702,decoy,CC1CN(C(=O)N2Cc3c(C(=O)OC(C)(C)C)ncn3-c3ccc(Cl)cc32)CC(C)N1,CHEMBL15143
DEC_0667,decoy,Cc1c(-c2ccc(O)cc2)n(Cc2c(Cl)cccc2Cl)c2ccc(O)cc12,CHEMBL29857
DEC_2175,decoy,c1coc(C2NCCc3c2[nH]c2ccccc32)c1,CHEMBL37682
DEC_0353,decoy,O=P(N1CCOCCOCCOCCOCC1)(N1CC1)N1CC1,CHEMBL444262
DEC_2374,decoy,Clc1ccccc1C1(Cn2ccnc2)OCC(c2ccc(Br)cc2)O1,CHEMBL29672
DEC_1309,decoy,Cc1ccc(S(=O)(=O)NC[C@@H]2C3CC(c4ccc(-c5ccccc5)cc4)(CO3)[C@H]2C/C=C\CCC(=O)O)cc1,CHEMBL273411
DEC_4692,decoy,C=C(CC[C@H](O)[C@@]1(C)CC[C@H](C(C)(C)O)O1)[C@H]1CC[C@H]2O[C@@H]([C@]3(C)CC[C@@H](Br)C(C)(C)O3)CC[C@]2(C)O1,CHEMBL23600
DEC_4332,decoy,Nc1cc(C2=NOC(CNS(=O)(=O)c3ccccc3)(C(=O)Nc3ccc(-c4ccccc4S(N)(=O)=O)cn3)C2)ccc1Cl,CHEMBL269065
DEC_0963,decoy,CC(C)=CC[C@@H](OC(=O)C(C)C)C1=CC(=O)c2c(O)ccc(O)c2C1=O,CHEMBL9416
DEC_3864,decoy,COc1ccc2c3c1OC1[C@H](O)[C@](CO)(CCCc4ccccc4)CC4C(C2)N(C)CCC341,CHEMBL9983
DEC_3774,decoy,O=C1[C@H]2Cc3c([nH]c4ccccc34)[C@@H](c3ccc4c(c3)OCO4)N2C(=O)CN1[C@@H]1CCN(CCc2cnccn2)C1,CHEMBL33121
DEC_2897,decoy,COc1ccc2c(c1)OCC1c3cc(O)c(OCc4ccccc4)cc3OC21,CHEMBL20381
DEC_3248,decoy,O=S1NC(Cc2ccc(OCCc3ccccc3)cc2)=NO1,CHEMBL18354
DEC_0102,decoy,CCCCCCCCCCCCCCCCCC(=O)OCc1cc(=O)c(OC(=O)C(C)C)co1,CHEMBL9969
DEC_3542,decoy,Cc1cc(C)cc(-c2c(O)nc3cc(Cl)c(NC(=O)Nc4ccncn4)cc3c2OCCC2CCCCN2)c1,CHEMBL50433
DEC_0117,decoy,CCCCCCCCCCCCCCCCNc1ccc(C(=O)C(C#N)C(=O)OCC)cc1,CHEMBL34159
DEC_4653,decoy,O=c1oc(Nc2ccccc2I)nc2cccc(Cl)c12,CHEMBL276464
DEC_4656,decoy,CC1(C)OC(S)=Nc2c(Br)cc(-c3cc(F)cc(C#N)c3)cc21,CHEMBL24963
DEC_3736,decoy,COc1ccc(C(c2ccc(C(C)C)cc(=O)c2O)c2ccc3cccnc3c2O)cc1,CHEMBL18916
DEC_3512,decoy,CCNCc1cc(Nc2cc(C(F)(F)F)nc(/N=C(\N)Nc3ccc(Cl)c(Cl)c3)n2)ccc1O,CHEMBL422220
DEC_0719,decoy,CN1CCN(CC#CCCC2(C3(O)c4ccccc4Oc4ccccc43)SCCCS2)CC1,CHEMBL41962
DEC_1225,decoy,O=C1Cc2cc(CCN3CCN(c4nsc5ccccc45)CC3)c(Cl)cc2N1,CHEMBL708
DEC_3658,decoy,Cc1cc2c(cc1CC(=O)c1sccc1S(=O)(=O)Nc1onc(C)c1C)OCO2,CHEMBL20168
DEC_2640,decoy,CC/N=C(\N)Nc1ccc(Sc2ccc(Cl)cc2)cc1,CHEMBL9580
DEC_1054,decoy,CCCCO[C@]1(C)CCN2CC34CC5(C(=O)Nc6c5ccc5c6OC=CC(C)(C)O5)C(C)(C)C3CC21C(=O)N4C,CHEMBL291158
ACT_091,active,Cn1cc(-c2cc3nc(Br)cnc3[nH]2)c2cc(C#N)ccc21,CHEMBL1978562
DEC_1155,decoy,[O-][n+]1cc(N2CCNCC2)nc2ccccc21,CHEMBL266242
DEC_2850,decoy,CC(CCc1ccccc1)NC(=O)c1ccccc1SSc1ccccc1C(=O)NC(C)CCc1ccccc1,CHEMBL300922
DEC_0241,decoy,Cc1c(N2C[C@H](F)[C@@H](C3(N)CC3)C2)c(F)c(N)c2c(=O)c(C(=O)O)cn([C@@H]3C[C@@H]3F)c12,CHEMBL268208
DEC_0628,decoy,Oc1ccc(-c2ccc(-c3c(Cc4ccc(O)cc4O)sc4ccccc34)cc2)cc1,CHEMBL24032
DEC_2849,decoy,COc1ccc2nc3cc(Cl)ccc3c(NCCCCCCNc3c4ccc(Cl)cc4nc4ccc(OC)cc34)c2c1,CHEMBL90496
DEC_1247,decoy,CC[C@H]1Nc2cc3nc(O)cc(C(F)(F)F)c3cc2C[C@@H]1C,CHEMBL7455
DEC_4372,decoy,CC(=O)[C@H]1CC[C@H]2[C@@H]3CCC4=CC(=O)CC[C@]4(C)[C@H]3C(=O)C[C@]12C,CHEMBL284253
DEC_3598,decoy,COc1ccc([C@@H]2[C@@H](C(=O)O)[C@H](c3ccc4c(c3)OCO4)CN2CC(=O)N(CC(C)C)CC(C)C)cc1,CHEMBL266354
DEC_0124,decoy,CCCCCCCCCCCCCCCCNc1ccc(C(=O)CS(C)(=O)=O)cc1,CHEMBL286969
DEC_2310,decoy,N#Cc1ccc(CNc2c(NCC(F)(F)C(F)(F)F)c(=O)c2=O)cc1,CHEMBL281790
DEC_4288,decoy,O=C(O)c1cc(/N=N/c2ccc(O)c(C(=O)O)c2)ccc1O,CHEMBL425
DEC_2840,decoy,CCCCc1ccc(NC(=O)c2ccccc2SSc2ccccc2C(=O)Nc2ccc(CCCC)cc2)cc1,CHEMBL296533
DEC_2989,decoy,O=c1c2c(oc(O)c1C(c1cccc(NS(=O)(=O)c3cnccn3)c1)C1CC1)CCCCCC2,CHEMBL16368
DEC_3828,decoy,CC(C)(C)c1ccc(/C=C/NC(=O)NC2C(=O)N3C2SC(C)(C)[C@@H]3C(=O)O)cc1.CCN(CC)CC,CHEMBL278807
DEC_1337,decoy,CCCCc1nc(Cl)c(C(=O)O)n1Cc1ccc(NC(=O)[C@H](Cc2cccs2)n2cccc2C(=O)O)cc1,CHEMBL49526
DEC_0637,decoy,FC(F)(F)c1cc(CO[C@H]2CCCN[C@H]2c2ccccc2)cc(C(F)(F)F)c1,CHEMBL27006
DEC_1520,decoy,S=C(Nc1ccccc1)OC(Cn1ccnc1)c1ccc(Cl)cc1Cl,CHEMBL8244
ACT_076,active,COc1cccc(Nc2c[nH]c(=O)c(-c3cccc4[nH]ccc34)c2)c1,CHEMBL4865837
DEC_1014,decoy,C=CCC1([C@H](C)C#CCC)C(=O)NC(=S)NC1=O,CHEMBL22646
DEC_4024,decoy,c1ccc(C2(c3ccccc3)OC[C@H]([C@@H]3CCCN3)O2)cc1,CHEMBL283825
DEC_1317,decoy,CCCNS(=O)(=O)Oc1cc(C(C)(C)C)c(SC2=C(O)OC(C)(CCc3ccc(O)cc3)CC2=O)cc1C,CHEMBL308889
DEC_2769,decoy,C=C1C[C@@]23O[C@]2(c2ccccc21)C1CC(OC(=O)[C@H](O)[C@@H](NC(=O)OCC)c2ccoc2)C3(C)C1(C)C,CHEMBL284961
DEC_2819,decoy,c1ccc(CNCCN(CCNC2CCCCCCCCCCC2)CCNC2CCCCCCCCCCC2)cc1,CHEMBL21758
DEC_1990,decoy,CC(=O)O[C@H]1O[C@H](OC(C)=O)[C@@H](OC(C)=O)/C1=C/CC1(C)C(C)CCC2(C)C1CCCC21CO1,CHEMBL44707
DEC_0721,decoy,C[C@@H]1CCC[C@@H](C)C12OOC1(OO2)[C@@H](C)CCC[C@@H]1C,CHEMBL441514
DEC_1093,decoy,CC1(C)C(=O)N(c2ccc(C#N)c(C(F)(F)F)c2)C(=O)N1CCc1ccc(I)cc1,CHEMBL269372
DEC_1774,decoy,Cn1cc(C2=NCC3(CC4CCC(C3)N4Cc3ccccc3)O2)c2ccccc21,CHEMBL268180
DEC_1847,decoy,CCN(C/C=C/C#CC(C)(C)C)Cc1cccc(OCCN(C)S(=O)(=O)c2ccc(-c3cccs3)s2)c1,CHEMBL27195
DEC_3346,decoy,N#Cc1ccc(Cn2ccnc2)cc1Oc1cccc(Br)c1,CHEMBL23019
DEC_2831,decoy,CC(C)c1csc(COc2ccc3c(c2)c(SC(C)(C)C)c(CC(C)(C)C(=O)O)n3Cc2ccc(Cl)cc2)n1,CHEMBL80287
DEC_3766,decoy,COC(=O)N[C@@H](c1ccncc1)[C@@H](O)C(=O)OC1CC2C(C)(C)C1(C)[C@@]13C[C@]4(CO4)c4ccccc4[C@@]21O3,CHEMBL31572
DEC_2614,decoy,C1=C(/C=C/c2ccccc2)N2CCCN=C2c2ccccc21,CHEMBL276410
DEC_0767,decoy,CC(C)(C)C(c1cc2c(s1)CCC(C(=O)O)=C2)n1ccnc1,CHEMBL23257
DEC_1365,decoy,N=c1sc(-c2ncc(C(F)(F)F)cc2Cl)nn1-c1c(Cl)cc(C(F)(F)F)cc1Cl,CHEMBL50285
DEC_4174,decoy,C[C@H](c1ccccc1)N1C(=O)c2c(F)c(F)c(F)c(F)c2C1=O,CHEMBL276428
DEC_4589,decoy,Cc1cc(C)c(NC(=O)c2sccc2S(=O)(=O)Nc2onc(C)c2Cl)c(C(=O)N(C)CC(C)(C)C)c1,CHEMBL61711
DEC_4028,decoy,COc1ccc2[nH]c([S+]([O-])Cc3cc(C)ccc3N)nc2c1,CHEMBL20151
DEC_0396,decoy,CC(C)CN(C=O)[C@H]1CCC2C3CC[C@H]4N(C)C(=O)CC[C@]4(C)C3CC[C@@]21C,CHEMBL16690
DEC_2425,decoy,COc1cccc2c1CCC[C@H]2CNCCc1ccc2c(c1)OCO2,CHEMBL9944
DEC_3840,decoy,CCOc1cc(C)ccc1S(=O)(=O)NC(=O)C(c1ccc2c(c1)OCO2)c1cn(C)c2cc(C(N)=O)ccc12,CHEMBL22513
DEC_3323,decoy,CN1c2ccccc2N(C(=O)CNC(C)(C)C)c2ccccc2S1(=O)=O,CHEMBL26263
DEC_2776,decoy,COC(=O)N[C@@H](c1ccncc1)[C@@H](O)C(=O)OC1CC2C(C)(C)C1(C)[C@@]13CC(C)c4ccccc4[C@@]21O3,CHEMBL30298
DEC_1279,decoy,CCC1OC(/C=C/C2CC2)(C(F)(F)F)c2cc(F)ccc2NC1=O,CHEMBL30752
DEC_4672,decoy,CC1Cc2cc3c(cc2C(c2ccc(N)cc2)=NN1C(=O)Nc1ccccc1)OCO3,CHEMBL8397
DEC_3851,decoy,COc1ccc(C(=O)CN2CCN(c3cc4c(cc3F)c(=O)c(C(=O)O)cn4-c3ccc(N)cc3F)CC2)cc1,CHEMBL80268
DEC_4699,decoy,C[C@H](CCC(N)=[N+](C)C)C1CC[C@@]2(C)C3=C(CC[C@]12C)[C@@]1(C)CC[C@H](O)C(C)(C)C1CC3.O=S(=O)([O-])C(F)(F)F,CHEMBL9875
DEC_3416,decoy,COc1ccc(C[C@H]2NC(=O)/C=C/C[C@@H]([C@H](C)[C@H]3O[C@@H]3c3ccccc3)OC(=O)[C@H](CC(C)C)OC(=O)[C@H](C)CNC2=O)cc1Cl,CHEMBL441018
DEC_2666,decoy,CC(C)(C)NC(=O)[C@H]1CC[C@H]2[C@@H]3CCC4=CC(=O)CCN4[C@H]3CC[C@]12C,CHEMBL276871
DEC_4167,decoy,Clc1nc2c(-c3cccs3)ncnc2n1Cc1ccccc1,CHEMBL19699
DEC_2372,decoy,CC(C)Sc1ccc(CC2CCN(C3CCN(C(=O)c4ccno4)CC3)CC2)cc1,CHEMBL269645
DEC_3427,decoy,C=C(C)[C@@]12C[C@@H](C)C34OC(c5ccccc5)(OC1[C@@H]3C=C(COC(=O)Cc1ccc(O)c(OC)c1)C[C@]1(O)C(=O)C(C)=C[C@@H]41)O2,CHEMBL99940
DEC_1769,decoy,CN(C)CCOc1ccc(C2Oc3ccccc3C=C2c2ccccc2)cc1,CHEMBL27547
DEC_2572,decoy,c1ccc(CCc2nc(NCc3ccccc3)c3sccc3n2)cc1,CHEMBL32673
DEC_2257,decoy,Oc1ccc2c3c1O[C@H]1[C@H](N=C=S)CCC4C(C2)N(CC2CC2)CCC341,CHEMBL269375
DEC_0330,decoy,O=C1O[C@H](c2ccccc2)[C@@](Cn2cncn2)(c2ccccc2Cl)O1,CHEMBL273259
DEC_3239,decoy,CCCCOC1(C2=NCCN2)COc2ccccc2O1,CHEMBL10294
DEC_4512,decoy,COc1cccc2c1CCC[C@H]2CN(C)CCc1ccc2sccc2c1,CHEMBL400421
DEC_4186,decoy,O=C1Nc2ccc(Cl)cc2C(OCCC2CC2)(C(F)(F)F)O1,CHEMBL275846
ACT_056,active,CC(C)(Oc1ccc(C2CCCc3ccccc32)cc1)C(=O)O,CHEMBL1909070
DEC_3447,decoy,CCO/C(O)=C1\C(COCc2cc(O)nc(NCc3ccncc3)n2)=NC(C)=C(C(=O)OC)C1c1cccc(Cl)c1Cl,CHEMBL311382
DEC_1473,decoy,CCOC(=O)N[C@@H](c1ccsc1)[C@@H](O)C(=O)OC1CC2C(C)(C)C1(C)[C@@]13C[C@H](C)c4ccccc4[C@@]21O3,CHEMBL417488
DEC_3311,decoy,O=c1oc(NCCc2ccccc2I)nc2ccccc12,CHEMBL10003
DEC_2538,decoy,Cc1ccc2c(c1)C=Cc1cc(C(C)C(=O)O)ccc1S2,CHEMBL11024
DEC_4638,decoy,C=CCNC(=O)NS(=O)(=O)c1ccccc1-c1ccc(Cn2c(CCCC)nc(SC)c2C(=O)O)cc1,CHEMBL443069
DEC_1113,decoy,Nc1nc(N)c2c(Cl)c(NC(=O)Cc3ccc(Cl)c(Cl)c3)ccc2n1,CHEMBL266761
DEC_0310,decoy,O=C(O)C1Cc2cc3c(-c4cccs4)noc3c(Cl)c2O1,CHEMBL267654
DEC_2979,decoy,CC(C)(C)c1cccc(C(C)(C)C)c1OC(=O)NS(=O)(=O)NC(c1ccccc1)c1ccccc1,CHEMBL23043
DEC_3134,decoy,CC(C)C/N=C(\Nc1cccc(/C(=C\CCCC(=O)O)c2cccnc2)c1)Nc1nn[nH]n1,CHEMBL421854
DEC_4030,decoy,CS(=O)(=O)c1ccc(C2=C(c3cccnc3)C(=O)CC2)cc1,CHEMBL24429
DEC_3271,decoy,COc1cc([C@@H]2c3cc4c(cc3[C@@H](Nc3cccc(Cl)c3)[C@H]3COC(=O)[C@H]23)OCO4)cc(OC)c1O,CHEMBL30058
DEC_4779,decoy,CCCNC(=O)NS(=O)(=O)c1ccccc1-c1ccc(Cn2c(CCC)nc(SC)c2C(=O)O)cc1,CHEMBL63998
DEC_2116,decoy,CCCC1CC(=O)N(OS(C)(=O)=O)C1=O,CHEMBL11974
DEC_0475,decoy,C=C1CC[C@H](O)C(O)/C1=C/C=C1\CCCC2(C)C1CCC2[C@H](C)CCCC(C)(C)O,CHEMBL15856
DEC_2406,decoy,C=C(c1ccccc1OCC(O)CNC(C)(C)C)n1cnc2ccccc21,CHEMBL274014
DEC_0568,decoy,CC(C)N(CCC1(c2ccc(-c3ccccc3)cc2)C(=O)N=CN2CCCCC21)C(C)C,CHEMBL422575
DEC_4620,decoy,O=C(O)CCc1ccccc1CC1C2CCC(O2)C1c1nc(C(=O)NCCCCc2ccc(O)cc2)co1,CHEMBL29429
DEC_1502,decoy,CC1Nc2ccccc2C(=O)N1Cc1ccc(-c2ccccc2-c2nn[nH]n2)cc1,CHEMBL15174
DEC_1080,decoy,COC=C(c1cc(Br)c(OC)c(C(=O)OC)c1)c1cc(Br)c(OC)c(C(=O)OC)c1,CHEMBL63900
DEC_0906,decoy,C1CCNCC1.C1CCNCC1.CC(C)(C)C(=O)OCOP(=O)(O)C(Cl)(Cl)P(=O)(O)OCOC(=O)C(C)(C)C,CHEMBL347762
DEC_1197,decoy,N#C/C(=C(/N)Sc1ccccc1N)c1cccc(C(O)c2ccc(C(F)(F)F)cc2)c1,CHEMBL38184
DEC_4502,decoy,CCc1nc2c(-c3ccc(OC(F)(F)F)cc3Cl)nccc2n1C(C)CC,CHEMBL447475
DEC_3229,decoy,CCCCCCC/N=c1\c(O)c(O)\c1=N/c1ccc(C#N)cc1,CHEMBL19303
DEC_3800,decoy,CC1(C)C2CCC1(CS(=O)(=O)N1CCC3(CCc4ccccc43)CC1)C(NC(=O)[C@@H]1CCCNC1)C2,CHEMBL282258
DEC_4783,decoy,O=C(NC[C@H](NS(=O)(=O)c1ccc(Cl)cc1)C(=O)O)c1cc2cc(CCC3CCNCC3)sc2s1,CHEMBL80432
DEC_2837,decoy,OC(CN(Cc1cccc(OC(F)(F)C(F)F)c1)c1cccc(Oc2ccc(Cc3ccccc3)cc2)c1)C(F)(F)F,CHEMBL302020
DEC_4414,decoy,C[C@H](NCCc1cc(Cl)c(N(C)CC(=O)O)c(Cl)c1)[C@H](O)c1ccc(O)cc1,CHEMBL417137
DEC_0544,decoy,Clc1cccc(C2(Cn3ccnc3)OCC(c3ccc(Cl)cc3Cl)O2)c1,CHEMBL282392
DEC_0882,decoy,CO/C1=C\C(C)=C\[C@@H](C)C(=O)[C@@H](C)C/C(C)=C/C=C/[C@H](OC)[C@@H]([C@@H](C)[C@@H](O)[C@H](C)[C@@]2(O)CC(=O)[C@H](C)[C@@H](C(C)C)O2)OC1=O,CHEMBL300126
DEC_3581,decoy,CCCCCCC[C@H]1OC(=O)C[C@@H](O)[C@H](Cc2ccccc2)N(C)C(=O)[C@H](Cc2ccccc2)OC(=O)[C@H]1C,CHEMBL263956
DEC_3785,decoy,CN1CCN=C1c1ccc(C(=O)N2CCN(S(=O)(=O)c3cc4ccc(Cl)cc4s3)CC2CC(=O)O)cc1,CHEMBL291430
DEC_4202,decoy,Cc1ccc(S(=O)(=O)N[C@@H]2C3CC(c4ccc(F)cc4)(CO3)[C@H]2C/C=C\CCCC(=O)O)cc1,CHEMBL10823
DEC_3660,decoy,COc1ccc2c3c1OC1[C@@H](O)[C@](C)(CCc4ccccc4)CC4C(C2)N(CC2CCC2)CCC341,CHEMBL9586
DEC_3068,decoy,CCCC(=O)N[C@@H](c1ccccc1)[C@@H](O)C(=O)OC1CC2C(C)(C)C1(C)[C@@]13C[C@H](C)c4ccccc4[C@@]21O3,CHEMBL31626
DEC_2018,decoy,COc1cc(Br)c(-n2c(O)nc3c(-c4ccccc4C(F)(F)F)nc(C)nc32)c(OC)c1,CHEMBL10279
DEC_1118,decoy,Nc1nc(N)c2c(Cl)c(NC(=O)CCc3ccc(Cl)cc3)ccc2n1,CHEMBL6906
DEC_1234,decoy,O=C1C(Cl)=C(Nc2ccc(I)cc2)C(=O)c2ncccc21,CHEMBL11433
DEC_3279,decoy,CSc1nnc([C@@H]2C[C@@H](S)CN2S(=O)(=O)c2ccc3ccccc3c2)n1-c1c(F)c(F)cc(F)c1F,CHEMBL49081
DEC_1587,decoy,CC(C)C(NC(=O)Cn1c(-c2ccccc2)cc2c(=O)n(CC(=O)NCc3ccccc3)c(=O)[nH]c2c1=O)C(=O)C(F)(F)F,CHEMBL275340
DEC_1571,decoy,CC(C)(C)NC(=O)c1ccccc1C[C@@H](O)[C@H](Cc1ccccc1)NC(=O)[C@H](C[S+]([O-])c1ccccc1)NS(C)(=O)=O,CHEMBL11137
DEC_2843,decoy,Cc1cc(C)cc(-c2[nH]c3ccc(C(C)(C)C(=O)N4CC5CCCC4C5)cc3c2[C@H](C)CNCCCCc2ccncc2)c1,CHEMBL87000
DEC_0586,decoy,O=C1NC(=O)c2cc(NC3CCCCC3)c(NC3CCCCC3)cc21,CHEMBL266969
DEC_0802,decoy,C[C@H]1CNc2cc3nc(O)cc(C(F)(F)F)c3cc2C1CCC(F)(F)F,CHEMBL281945
DEC_2642,decoy,c1ccc(C2(c3ccccc3)OCC(C3CCCCN3)CO2)cc1,CHEMBL28065
DEC_4253,decoy,N[C@@H](CS)CNc1ccc(Oc2ccc(C(=O)O)cc2)cc1,CHEMBL26371
DEC_1547,decoy,CC(=O)OCC1=C(C(=O)O)N2C(=O)[C@@H](NC(=O)CN(OCc3ccccc3Cl)C(=O)NCc3ccccc3)C2SC1,CHEMBL8716
DEC_1882,decoy,O=C(O)CCC/C=C\C[C@H]1/C(=N/OC(c2ccccc2)c2ccccc2)CC[C@@H]1NS(=O)(=O)c1ccc(Cl)cc1,CHEMBL283547
DEC_2824,decoy,Cc1cc(C)cc(-c2[nH]c3ccc(C(C)(C)C(=O)N4CCC(C)(C)CC4)cc3c2[C@H](C)CNCCCCc2ccncc2)c1,CHEMBL313946
DEC_1624,decoy,c1ccc(Cc2ccc(OCCn3cnc4ncnc-4c3)cc2)cc1,CHEMBL14549
DEC_0581,decoy,CC(C)(C)c1cc(/C=C2\NC(=S)NC2=O)cc(C(C)(C)C)c1O,CHEMBL15945
DEC_0711,decoy,COC(=O)c1c(C(F)(F)F)[nH]c2c1C13CC1CN(C(=O)c1cc4cc(OC)ccc4[nH]1)C3=CC2=O,CHEMBL297000
DEC_4412,decoy,N=C(NC1CC1)c1ccc(N2CCCN(c3ccc(C(=N)NC4CC4)cc3)CC2)cc1,CHEMBL9025
DEC_3883,decoy,CC[S+]([O-])CCN1C[C@@H](c2ccc3c(c2)OCO3)[C@H](C(=O)O)[C@H]1c1ccc(OC)cc1,CHEMBL417972
DEC_2872,decoy,Cc1cc(C(c2cccc(C(F)(F)F)c2)N2CCN(C)CC2)sn1,CHEMBL22288
DEC_0120,decoy,CCCCCCCC/C=C\CCCCCCCC1=NN(c2ccc([N+](=O)[O-])cc2[N+](=O)[O-])C(=O)C1,CHEMBL12549
DEC_4241,decoy,CCOC(=O)C(C)(CCCCn1cnc2c1NC=NCC2O)Cc1cccc(Br)c1,CHEMBL37641
DEC_0301,decoy,O=S(=O)(CS(=O)(=O)C(F)(F)F)c1ccc(C(F)(F)F)cc1,CHEMBL12785
DEC_2239,decoy,CC(C)C1=CC2CC3(C=O)[C@@H]4CC[C@@H](C)[C@H]4CC2(CO[C@H]2CN(Cc4ccccc4Cl)[C@H](C)CO2)[C@]13C(=O)O,CHEMBL283194
DEC_1117,decoy,Nc1nc(N)c2c(Cl)c(NC(=O)Cc3ccc(Br)cc3)ccc2n1,CHEMBL6841
DEC_3605,decoy,CONC1=NC(=O)/C(=C/c2cc(C(C)(C)C)c(O)c(C(C)(C)C)c2)O1,CHEMBL277124
DEC_3695,decoy,O=C1CC2(CCCC2)CC(=O)N1CCCCNCC1COc2cc3ccccc3cc2O1,CHEMBL11824
DEC_1377,decoy,CC1(C)CC[C@]2(C(=O)O)CC[C@]3(C)C(CC4OC45[C@@]4(C)C=CC(=O)C(C)(C)[C@@H]4CC[C@]53C)C2C1,CHEMBL42286
DEC_0406,decoy,CN1C(=O)CC[C@]2(C)C3CC[C@@]4(C)C(CC[C@@]4(O)C#CCCCl)C3CCC12,CHEMBL9948
DEC_3536,decoy,Cc1cc(C)cc(-c2c(O)nc3cc(Cl)c(NC(=O)Nc4cnccn4)cc3c2OCC[C@@H]2CCCCN2)c1,CHEMBL416651
DEC_4411,decoy,CC(=O)N[C@@H](Cc1ccccc1)C(=O)NN(Cc1ccccc1)C(=O)Oc1ccccc1,CHEMBL26463
DEC_0058,decoy,C=C1CCC2[C@@](C)(CO)CCC[C@]2(C)[C@H]1CCC1=CCc2c(O)ccc(O)c2C1,CHEMBL416740
DEC_1503,decoy,O=C1NCN(c2ccccc2)C12CCN(C1CCc3ccc(Cl)cc3C1)CC2,CHEMBL447779
DEC_4222,decoy,O=C(NO)C(CCCc1ccccc1)CS(=O)(=O)c1ccc(C(O)c2ccccc2)cc1,CHEMBL33915
DEC_2232,decoy,N#CN/C(=N\C(Cn1ccnc1)c1cc(C(F)(F)F)ccc1C(F)(F)F)Nc1ccc(Cl)cc1Cl,CHEMBL8025
DEC_0763,decoy,N#Cc1cc(-c2ccc3c(c2)C2(CCCCC2)C(S)=N3)co1,CHEMBL280767
DEC_3379,decoy,CC(=O)c1cc2c(s1)[C@@H](NC(=O)c1cccc([N+](=O)[O-])c1)[C@H](O)C(C)(C)O2,CHEMBL283712
DEC_0791,decoy,CCCc1cc(=O)oc2c3c(c4c(c12)OC(C)(C)C=C4)O[C@H](CC)[C@@H](C)[C@@H]3O,CHEMBL7840
DEC_4475,decoy,COc1cc(Cc2cnc(N)nc2N)cc(OC)c1Br,CHEMBL31891
DEC_4209,decoy,COC(=O)[C@H](Cc1cccc(C(=N)N)c1)[C@H](NC(=O)c1ccc(-c2cccc(CN)c2)cc1)C(C)C,CHEMBL44177
DEC_2085,decoy,CN(C)CCOc1ccc(/C=C(\C#N)c2noc3ccccc23)cc1,CHEMBL21436
DEC_3094,decoy,CCCOc1cc(OC)ccc1[C@@H]1c2nc(NC(C)C)ccc2[C@H](c2ccc3c(c2)OCO3)[C@H]1C(=O)O,CHEMBL291247
DEC_2100,decoy,C[C@H](CS)C(=O)N1CC(=O)C[C@H]1C(=O)O,CHEMBL276103
DEC_4484,decoy,CSc1cc(N2CC(CNC(C)=O)OC2=O)ccc1C(C)=O,CHEMBL16486
DEC_0451,decoy,CC[C@@]1(O)C(=O)OCc2c1cc1n(c2=O)Cc2cc3c(CN4CCOCC4)cccc3nc2-1,CHEMBL274382
DEC_0185,decoy,FC(F)(F)Oc1ccc(SCSC(F)(F)F)cc1,CHEMBL12528
DEC_2382,decoy,CCN(c1nc(C)cc(-c2cccnc2)n1)c1c(Br)cc(OC)cc1OC,CHEMBL274579
DEC_0680,decoy,CC(C)NC(=O)N(C(=O)[C@H]1CCC2C3CCC4NC(=O)C=C[C@]4(C)C3CC[C@@]21C)C(C)C,CHEMBL284645
DEC_1304,decoy,O=C(O)CCC/C=C\c1c(Cc2cccnc2)ccc2c1CCC(NS(=O)(=O)c1ccc(Cl)cc1)C2,CHEMBL31854
DEC_4723,decoy,CC(C(=O)N[C@]1(c2ccccc2)CC[C@@H](N2CCC3(CC2)OCCO3)CC1)c1cc(C(F)(F)F)cc(C(F)(F)F)c1,CHEMBL297344
DEC_0968,decoy,CCC(C)(C)/N=c1\c(O)c(O)\c1=N/Cc1ccc(SC)cc1,CHEMBL19720
DEC_2815,decoy,O=C(O)CCNc1cc(-c2ccc(-c3c(Cc4ccccc4)oc4ccccc34)cc2)ccc1OCCc1ccccc1,CHEMBL280198
DEC_4713,decoy,CN(C)C(=O)n1cc(C(=O)c2ccn3c2CS[C@@H]3c2cccnc2)c2ccc(-c3ccc(C[C@H](N)C(=O)O)cc3)cc21,CHEMBL330219
DEC_1754,decoy,CC12CCC3C(C(Cc4ccccc4)=CC4=CC(=O)CCC43C)C1CCC2=O,CHEMBL267433
DEC_4338,decoy,O=C1[C@@H]2C[C@@]3(Cc4cc([N+](=O)[O-])ccc4O)c4ccccc4N[C@H]3N2C(=O)[C@H](Cc2ccccc2)N1Cc1cc([N+](=O)[O-])ccc1O,CHEMBL406613
DEC_3472,decoy,O[C@@H]1CCC2CN3CCc4cc5c(cc4[C@H]3C[C@@H]2C1)OCO5,CHEMBL280650
DEC_3711,decoy,O=C1c2ccccc2[C@@H]2[C@H](C(=O)O)[C@H](C(=O)O)[C@@H]2c2ccc(-c3cc(Cl)cc(Cl)c3)cc21,CHEMBL286214
DEC_3607,decoy,CNc1cccc2c(S(=O)(=O)Nc3onc(C)c3C)cccc12,CHEMBL27370
DEC_1496,decoy,Brc1cccc(Br)c1N(Cc1ccco1)C1=NCCN1,CHEMBL20547
DEC_2985,decoy,NS(=O)(=O)c1ccccc1-c1ccc(NC(=O)C2CC(c3cccc(C(F)(F)F)c3)=NO2)cc1,CHEMBL50091
DEC_0748,decoy,Nc1ccc(OC23CC4CC5C6CC(CC52)CC3C6C4)cc1,CHEMBL12197
DEC_2119,decoy,CNc1nc(Cl)c(C)c(N2CCN(C)CC2)n1,CHEMBL32777
DEC_3329,decoy,CN1Cc2c(C(=O)OC(C)(C)C)ncn2-c2ccc(Br)cc2C1=O,CHEMBL6655
DEC_0689,decoy,C=C1C(C)C2C(Cc3ccccc3)NC(=O)C23OC(=O)/C=C/C(O)CCCC(C)C/C=C/C3C1O,CHEMBL56897
DEC_3749,decoy,CC(C)(C)OC(=O)N[C@@H](Cc1ccccc1)/C(O)=C(\C#N)c1c(F)c(F)c(F)c(F)c1F,CHEMBL16813
DEC_4765,decoy,Cc1cn(C2C=CC(COP(=O)(NC(C)C(=O)OC3CCCCC3)Oc3ccccc3)O2)c(=O)[nH]c1=O,CHEMBL293683
DEC_1507,decoy,O=C1NC(=O)C(CC#Cc2ccc(Cl)cc2)(Sc2ccccc2)S1,CHEMBL11973
DEC_1125,decoy,CC(=O)NC(=S)NC[C@@H]1C[C@@H]2c3ccc(C(C)(C)C)c4[nH]cc(c34)C[C@H]2N(C)C1,CHEMBL14020
DEC_2965,decoy,COC(=O)c1ccc(C(c2ccc(C(C)C)cc(=O)c2O)c2ccc(C(C)C)cc(=O)c2O)cc1,CHEMBL274459
DEC_1961,decoy,COc1cc(CC2c3cc(O)c(O)cc3CCN2Cc2ccc(C)cc2)cc(OC)c1OC,CHEMBL430549
DEC_3516,decoy,CC(C)NC(=O)N[C@@H](c1ccccc1)[C@@H](O)C(=O)OC1CC2C(C)(C)C1(C)[C@@]13C[C@H](C)c4ccccc4[C@@]21O3,CHEMBL31680
DEC_0625,decoy,O=C(c1ccccc1)c1oc2ccccc2c1-c1ccc(-c2ccc(O)cc2)cc1,CHEMBL24501
DEC_0084,decoy,C[C@@H]1C(=O)C(C)(C)Nc2ccc3c(c21)[C@H](c1ccc(Cl)cc1)Oc1ccccc1-3,CHEMBL35429
DEC_4813,decoy,COc1nc(C(Cl)(Cl)Cl)c(Cl)c(O)c1Cl,CHEMBL11122
DEC_2089,decoy,CCCC(C)C1(CC)C(=O)NC(=S)NC1=O,CHEMBL441
DEC_2423,decoy,CNCc1ccccc1Sc1ccc(I)cc1N,CHEMBL278809
DEC_0950,decoy,Nc1nc(N)c2nc(CSc3cccc(Cl)c3)cnc2n1,CHEMBL409194
DEC_1037,decoy,CNc1nc(N2CCN(C)CC2)nc(Cl)c1SC,CHEMBL27962
DEC_1041,decoy,CC(C)CN1CCN(CC(C)C)C(C2=NCCN2)C1,CHEMBL40263
DEC_2938,decoy,CC(C)c1cccc(-c2ccc(C[C@H](CC(=O)NO)C(=O)N[C@H]3c4ccccc4C[C@H]3O)cc2)c1,CHEMBL268381
DEC_3284,decoy,COc1cc([C@@H]2c3cc4c(cc3[C@@H](NCc3cccc(Cl)c3)[C@H]3COC(=O)[C@H]23)OCO4)cc(OC)c1O,CHEMBL283384
DEC_0284,decoy,Cc1ccc(C(c2cc(C)ns2)N2CCN(C)CC2)c(C)c1,CHEMBL25162
DEC_4790,decoy,Cc1c(C)c2ccc(OC(C)c3ccc(C(C)C)cc3)cc2oc1=O,CHEMBL18425
DEC_0172,decoy,CC(C)C1CCC(N2CCC(N3C(=O)N[C@@H]4CCCC[C@H]43)CC2)CC1,CHEMBL286411
DEC_2763,decoy,C=C1C[C@@]23O[C@]2(c2ccccc21)C1CC(OC(=O)[C@H](O)[C@@H](NC(=O)OC)c2ccccc2)C3(C)C1(C)C,CHEMBL281282
DEC_2835,decoy,CC1Cc2c(OCc3ccc(-c4ccccc4)cn3)ccc3c2c(c(COCCC(=O)O)n3Cc2ccc(Cl)cc2)S1,CHEMBL278478
DEC_4809,decoy,CN(C)CCCN1c2ccccc2Sc2ccc(Cl)cc21,CHEMBL71
DEC_2193,decoy,NCC(=O)N1CCC(CC(=O)N2CCC([C@H]3c4ncc(Br)cc4CCc4cc(Cl)cc(Br)c43)CC2)CC1,CHEMBL88432
DEC_0811,decoy,CCCc1cc(=O)oc2c3c(c4c(c12)OC(C)(C)C=C4)O[C@@H](C)C(C)[C@@H]3O,CHEMBL282382
DEC_2618,decoy,C=C(c1cc(Cl)ccc1OC(C)c1ccsc1)n1ccnc1,CHEMBL25795
DEC_2770,decoy,Cc1noc(NS(=O)(=O)c2ccsc2C(=O)Cc2ccc3c(c2)OCO3)c1Br,CHEMBL47706
DEC_4031,decoy,C[C@H](CS)C(=O)N1C[C@@H](C2CCCCC2)C[C@H]1C(=O)O,CHEMBL277976
DEC_2051,decoy,CCC(=O)N(c1c(F)c(F)c(F)c(F)c1F)C1CCCC1N(C)C,CHEMBL21711
DEC_2946,decoy,CC(C)CN1C[C@](O)([C@H](CC2CCCCC2)NC(=O)CC(C)(C)C)C[C@H]1C(=O)NC(C)(C)C,CHEMBL290349
DEC_3032,decoy,Cc1noc(NS(=O)(=O)c2cccc3c(NCc4ccccc4)cccc23)c1C,CHEMBL440653
DEC_4003,decoy,C#Cc1ccc(C23OCC(C(C)(C)C)(CO2)C(C#N)O3)cc1,CHEMBL10450
DEC_2509,decoy,CCCC(=O)NC[C@@H]1C[C@H]1c1cccc2c1OC(C(C)C)N2,CHEMBL553105
DEC_2060,decoy,C[Si](C)(C)c1ccc(C2=Cc3ccccc3C3=NCCCN23)cc1,CHEMBL9684
DEC_1883,decoy,COc1ccc(CN(C)[C@@H](CC(C)C)C(=O)N[C@@H](Cc2ccc(OC(=O)c3ccccc3)cc2)C(=O)NC(C)(C)C)cc1,CHEMBL419805
DEC_3457,decoy,CCC1(CC)CC[C@H](C2=NCCN2)c2ccc(O)c(O)c21,CHEMBL287046
DEC_3057,decoy,C=CC(C)(C)c1[nH]c2ccccc2c1C1=C(O)C(N)=C(c2c[nH]c3c(CC=C(C)C)cccc23)C(=O)C1=O,CHEMBL18842
DEC_1358,decoy,CC(NC(=O)Cc1ccc(Cl)cc1)C1CCC2C3CC=C4CC(O)CCC4(C)C3CCC12C,CHEMBL8574
DEC_4021,decoy,Cc1cccc2c(C3=NCC4(CN5CCC4CC5)O3)cn(C)c12,CHEMBL267298
DEC_1951,decoy,CCCC1N(Cc2ccc(-c3ccccc3-c3nn[nH]n3)cc2)C(=O)c2ccccc2N1CC,CHEMBL417258
DEC_2519,decoy,CC(C)=CCN1CC[C@@]2(C)c3cc(O)ccc3C[C@@H]1[C@@H]2C,CHEMBL560
DEC_4306,decoy,CC[C@H]1OC(=O)/C(C)=C/[C@H](C)[C@@H](O[C@@H]2O[C@H](C)C[C@H](N(C)C)[C@H]2O)[C@@](C)(OC)C[C@@H](C)[C@@H]2NCCN3C(=O)O[C@@]1(C)[C@H]3[C@H]2C,CHEMBL295999
DEC_0051,decoy,C=C1/C(=C\C=C\C2CCCC([C@H](C)CC#CC(C)(C)O)C2(C)C)C[C@@H](O)C[C@@H]1O,CHEMBL36510
DEC_1361,decoy,COC(=O)[C@]12CC[C@@H](C)[C@H](C)C1C1=CC[C@@H]3[C@@]4(C)C=C(C#N)C(=O)C(C)(C)[C@@H]4CC[C@@]3(C)[C@]1(C)CC2,CHEMBL54167
DEC_0405,decoy,CCOc1c(Br)cc(-c2c(N)nc(N)nc2CC)cc1Br,CHEMBL22271
DEC_4448,decoy,O=C(O)[C@@H]1C[C@H]2C[C@@H](c3cccc(-c4nn[nH]n4)c3)CC[C@H]2CN1,CHEMBL280498
DEC_3182,decoy,Oc1ccc2c(c1)OC(c1ccc(OCCN3CCCC3)cc1)c1c-2sc2cc(O)ccc12,CHEMBL26392
DEC_2999,decoy,COP(=O)(Oc1ccccc1-c1ccccc1O)C1CCCN1C(=O)[C@@H]1CCCN1.Cl,CHEMBL9237
DEC_3771,decoy,NC(=O)N1CCC(CC(=O)N2CCC(=C3c4ccc(Cl)cc4S(=O)(=O)Cc4cccnc43)CC2)CC1,CHEMBL316249
DEC_0076,decoy,CC(NC(=O)Cc1ccccc1)C1CCC2C3CC=C4CC(O)CCC4(C)C3CCC12C,CHEMBL273769
DEC_3947,decoy,COC(=O)CCC(=O)Nc1cccc(OCc2ccc3ccccc3n2)c1C#N,CHEMBL33007
DEC_1254,decoy,CC(C)c1ccc(Sc2ccc(NC3=NCCN3)cc2)cc1,CHEMBL9368
DEC_1100,decoy,COc1ccc(Br)c2c(C(=O)N[C@@H]3C4(C)CCC(C4)C3(C)C)c(C)n(CCN3CCOCC3)c12,CHEMBL79090
DEC_3935,decoy,C=CCNc1ccc(-c2ccc(N3CC(CNC(C)=O)OC3=O)cc2)ccc1=O,CHEMBL6519
DEC_0281,decoy,O=C1[C@@H](NS(=O)(=O)c2cc3ccc(Cl)nc3s2)CCN1CCNc1ccncc1,CHEMBL266554
DEC_4337,decoy,O=C1[C@@H]2C[C@]3(Cc4cc([N+](=O)[O-])ccc4O)c4ccccc4N[C@@H]3N2C(=O)[C@H](Cc2ccccc2)N1Cc1cc([N+](=O)[O-])ccc1O,CHEMBL419241
DEC_0669,decoy,CSc1nc(-c2cc(Cl)cc(Cl)c2)c(-c2cc(Cl)cc(Cl)c2)[nH]1,CHEMBL266461
DEC_2525,decoy,N=C(NCc1ccc(Cl)cc1)SCCCc1c[nH]cn1,CHEMBL14690
DEC_1033,decoy,CS[C@H]1C[C@@H](C(=O)O)N(C(=O)[C@H](C)CS)C1,CHEMBL277951
DEC_0629,decoy,SC1=Nc2ccccc2-c2nc(-c3cccc(Cl)c3)cc(-c3ccccc3)c2C1,CHEMBL281736
DEC_3191,decoy,CNC(=O)c1cccc2c(Nc3ccc(NP(=O)(OC)OC)cc3)c3ccccc3nc12,CHEMBL9553
DEC_0905,decoy,COc1ccc(C[C@H]2NC(=O)/C=C/C[C@@H](C(/C=C/c3ccccc3)OC(C)=O)OC(=O)[C@H](CC(C)C)OC(=O)[C@H](C)CNC2=O)cc1,CHEMBL269545
DEC_0823,decoy,COCC(C(=O)O[C@@H]1C/C=C/C=C/C(=O)OCC/C=C/[C@H](OC)C[C@H](C)C/C=C(\C)[C@@H](OC)CC[C@@H](C)[C@@H](O)[C@@H]1C)N(C)C,CHEMBL330270
DEC_1505,decoy,CC(C)=CCC(OC(=O)c1ccccc1)C1=CC(=O)c2c(O)ccc(O)c2C1=O,CHEMBL28195
DEC_4731,decoy,O=C(Nc1ccncn1)c1cc2c(OCC[C@@H]3CCCCN3)c(-c3ccc(Cl)c(Cl)c3)c(O)nc2cc1Cl,CHEMBL45784
DEC_2755,decoy,COC(=O)[C@@H](C)[C@H](O)[C@H](C)[C@H]1OC(=O)/C(OC)=C/C(C)=C/[C@@H](C)C(=O)[C@@H](C)C/C(C)=C/C=C/[C@@H]1OC,CHEMBL291450
DEC_3503,decoy,CCCCC(=N)NCCc1ccc2[nH]c3c(c2c1)C[C@@]1(O)C2Cc4ccc(O)c5c4C1(CCN2CC1CC1)C3O5,CHEMBL70693
DEC_0569,decoy,O=C(N[C@H]1CCc2cc(O)c(O)c(O)c2-c2ccc(=O)c(O)cc21)c1cc(O)c(O)c(O)c1,CHEMBL276677
DEC_2861,decoy,CCOc1cc2c(cc1OCC)[C@@H]1C[C@@H]3C[C@H](O)CCC3CN1CC2,CHEMBL424034
DEC_1885,decoy,CC(=O)/C(=C\[C@@H]1O[C@H](c2ccccc2)O[C@H](CC(=O)Oc2ccccc2)[C@H]1C(=O)Oc1ccccc1)C(=O)c1ccccc1,CHEMBL113783
DEC_4092,decoy,COc1ccc2c(c1)c(Cc1csc(-c3ccc(Cl)cc3)n1)c(C)n2C(=O)c1ccc(Cl)cc1,CHEMBL28332
DEC_2393,decoy,Clc1ccc(CC2COC(Cn3ccnc3)(c3ccc(Cl)cc3Cl)O2)cc1,CHEMBL29131
DEC_2285,decoy,COc1ccc2[nH]c([S+]([O-])Cc3c(N)cc(C)c(OC)c3C)nc2c1,CHEMBL20315
DEC_1158,decoy,Cc1cccc2c1OC(C1=NCCN1)CN2C,CHEMBL13958
DEC_3125,decoy,O=C(O)CC(NC(=O)CNC(=O)c1ccc(NC(=O)NCc2ccccc2)s1)c1cccnc1,CHEMBL29162
DEC_1140,decoy,N#Cc1ccc(NC(=O)Nc2ccccc2Br)c(O)c1Cl,CHEMBL27446
DEC_4104,decoy,O=NN(CCF)C(=O)NC1CC2CCC1C2,CHEMBL12792
DEC_0056,decoy,C=CCC1Oc2ccc(Br)c(OC)c2-c2ccc3c(c21)C(C)=CC(C)(C)N3,CHEMBL8027
DEC_4026,decoy,O=C1c2ccc(CBr)cc2C(=O)c2nccnc21,CHEMBL20954
DEC_3597,decoy,CCn1nccc1/N=C/C1=Cc2cc3c(cc2C(c2cc(OC)c(OC)c(OC)c2)[C@@H]1C(=O)OC)OCO3,CHEMBL20134
DEC_2015,decoy,Cc1nnc2n1-c1sc(C#CCn3ncc4ccccc43)cc1C(c1ccccc1Cl)=NC2,CHEMBL283162
DEC_3934,decoy,O=C(NCCCOc1ccc2[nH]c(=O)ccc2c1)N(C1CC1)[C@@H]1CCCC[C@H]1O,CHEMBL284838
DEC_2448,decoy,CSc1cc2n(c1C(=O)c1ccc(C3CC3)cc1)CCC2C(=O)O,CHEMBL19738
DEC_0609,decoy,Nc1ccc(S(=O)(=O)Nc2ccc(F)c3c(Cl)c[nH]c23)cc1,CHEMBL20704
DEC_1896,decoy,N#Cc1ccc(-c2ccc3c(c2)C2(CCCCC2)C(S)=N3)cc1F,CHEMBL26770
DEC_3846,decoy,N[C@@H](Cc1cc(I)c(OCCc2ccc(O)cc2)c(I)c1)C(=O)O,CHEMBL15701
DEC_0926,decoy,Cc1ccc(C(C)/N=c2\c(O)c(O)\c2=N/c2ccc(C#N)cc2)cc1,CHEMBL278535
DEC_3101,decoy,CCN(CC)CCCNc1ncc2cc(-c3c(Br)cccc3Br)c(N)nc2n1,CHEMBL56958
DEC_2746,decoy,Cc1ccc2cccc(OCc3c(C)ccc(N4CCC[C@H]4CN4C(=O)c5ccccc5C4=O)c3C)c2n1,CHEMBL292582
DEC_2510,decoy,CCC(c1ccc(O)cc1)C(CCO)c1ccc(O)cc1,CHEMBL24608
DEC_1925,decoy,CNCCSC1=Cc2ccccc2Sc2ccc(O)cc21,CHEMBL15668
DEC_3267,decoy,COc1cc([C@@H]2c3cc4c(cc3[C@@H](NCc3ccc(C(F)(F)F)cc3)[C@H]3COC(=O)[C@H]23)OCO4)cc(OC)c1O,CHEMBL287477
DEC_0187,decoy,CN(C/C=C/C1CCCCC1)Cc1cccc2ccccc12,CHEMBL21844
DEC_1415,decoy,Cc1ccc([C@H]2OC(=O)O[C@]2(Cn2cncn2)c2ccccc2Cl)cc1,CHEMBL10467
DEC_1448,decoy,CC(C)C1=CC2CC3(C=O)[C@@H]4CC[C@@H](C)[C@H]4CC2(CO[C@H]2CN(C4C=CCCC4)[C@H](C)CO2)[C@]13C(=O)O,CHEMBL287408
DEC_1993,decoy,O=C1NC(=O)C(CC#Cc2cc(C(F)(F)F)cc(C(F)(F)F)c2)(S(=O)(=O)c2ccccc2)S1,CHEMBL274371
DEC_0580,decoy,N=C(N)c1ccc2oc(CCc3cc4cc(C(=N)N)ccc4o3)cc2c1,CHEMBL279962
DEC_1008,decoy,[O-][P@+]1(N(CCCl)CCCl)NC[C@@H](Cl)CO1,CHEMBL31565
DEC_3484,decoy,C[C@@H](/N=c1\c(O)c(O)\c1=N/c1ccc2[nH]ncc2c1)C(C)(C)C,CHEMBL19110
DEC_4473,decoy,C=C(c1ccccc1OCC(O)CNC(C)(C)C)n1ccnc1C,CHEMBL15565
DEC_0697,decoy,C[C@@H]1CC[C@]2(C(=O)O)CC[C@]3(C)C(=CCC4[C@@]5(C)CC(=O)[C@H](O)[C@@](C)(CO)C5CC[C@]43C)C2[C@H]1C,CHEMBL19444
DEC_1640,decoy,C[C@@H]1C[C@@H]2c3cc(C(C)(C)C)cc4[nH]cc(c34)C[C@H]2N(C)C1,CHEMBL14138
DEC_1610,decoy,CC1(C)C(=O)N(c2ccc(C#N)c(C(F)(F)F)c2)C(=O)N1CCCF,CHEMBL9140
DEC_3277,decoy,CCOC(=O)N[C@@H](c1ccncc1)[C@@H](O)C(=O)OC1CC2C(C)(C)C1(C)[C@@]13C[C@H](C)c4ccccc4[C@@]21O3,CHEMBL30890
DEC_0885,decoy,COC1/C=C(\C)C[C@@H](C)[C@@H](O)[C@@H](C)CC(C)/C=C/CC(OC)[C@@H]([C@@H](C)[C@@H](O)[C@H](C)[C@@]2(O)C[C@@H](O)[C@H](C)[C@@H](C(C)C)O2)OC1=O,CHEMBL299261
DEC_3373,decoy,CC1CN(c2c(F)c(N)c3c(=O)c(C(=O)O)cn(C4CC4)c3c2Cl)CC(C)N1,CHEMBL15536
DEC_2465,decoy,CC(C)C1=CC2CC3(C=O)[C@@H]4CC[C@@H](C)[C@H]4CC2(CO[C@H]2C[C@H]4[C@H](OC[C@H]4C)[C@@H](C)O2)C13C(=O)O,CHEMBL439303
DEC_0216,decoy,CC(C)(C)c1cc(C(=O)/C=C/CC2CC2)cc2c1OCC2(C)C,CHEMBL13988
DEC_2822,decoy,CCCCN(CCCC)CC(O)c1cc(/C=C/c2ccc(C(F)(F)F)cc2)nc(/C=C/c2ccc(C(F)(F)F)cc2)c1,CHEMBL18924
DEC_2892,decoy,CN(C(=O)[C@@H](N=C=S)c1ccccc1)[C@@H]1CCCC[C@H]1N1CCCC1,CHEMBL276931
DEC_3528,decoy,O=C(Nc1ccncn1)c1cc2c(OCC[C@@H]3CCCCN3)c(-c3ccc(Cl)s3)c(O)nc2cc1Cl,CHEMBL48249
DEC_2008,decoy,O=C1COc2ccc(C(CN3CCCC3)n3cccc(-c4ccc(C(F)(F)F)cc4)c3=O)cc2N1,CHEMBL15462
DEC_1189,decoy,N#C/C(=C(/N)Sc1ccccc1N)c1cccc(C(O)c2cccc(C(F)(F)F)c2)c1,CHEMBL38260
DEC_1998,decoy,O=C(O)c1c(Sc2ccc3c(c2)OCO3)c2cc3c(cc2n1Cc1ccc2c(c1)OCO2)OCO3,CHEMBL283598
DEC_3570,decoy,COc1cc([C@@H]2c3cc4c(cc3[C@@H](OC(=O)CC3CC5CCC3C5)[C@H]3COC(=O)[C@H]23)OCO4)cc(OC)c1OC,CHEMBL282267
DEC_4611,decoy,CCOP(=O)(OCC)N1CCN=C1N/N=C/c1c2ccccc2c(/C=N/NC2=NCCN2)c2ccccc12,CHEMBL67730
DEC_4330,decoy,CO[C@@H]1[C@@H](OC(=O)c2ccc(C)[nH]2)[C@@H](O)[C@H](Oc2ccc3c(CN4CCNC(c5ccco5)C4)cc(=O)oc3c2C)OC1(C)C,CHEMBL321774
DEC_0091,decoy,C[C@@H]1c2c(ccc3c2[C@H](c2ccc(Cl)cc2)Oc2ccccc2-3)NC(C)(C)[C@H]1O,CHEMBL35431
DEC_2365,decoy,COC1(c2csc(Sc3ccc4c(c3)CC/C4=N\OCC#N)c2)CCOCC1,CHEMBL24239
DEC_1848,decoy,CCCCCC(C)C(C)c1cc(OC(=O)COC(C)=O)c2c(c1)OC(C)(C)C1=C2CN(C(=O)COC(C)=O)CC1,CHEMBL71910
DEC_3930,decoy,c1cc(OCCCc2nnn[nH]2)cc(OCc2cnc3ccccc3c2)c1,CHEMBL18420
DEC_0842,decoy,C=C(C)[C@@]12C[C@@H](C)C34OC(Cc5ccccc5)(OC1[C@@H]3C=C(COC(=O)Cc1cccc(OC)c1)C[C@]1(O)C(=O)C(C)=C[C@@H]41)O2,CHEMBL319992
DEC_0075,decoy,CC(C)(C)CC(C)(C)NC(=O)[C@H]1CCC2C3CNC4=CC(=O)CC[C@]4(C)C3CC[C@@]21C,CHEMBL24729
DEC_2288,decoy,Cc1cnsc1C(c1ccc(C(C)C)cc1)N1CCN(CCO)CC1,CHEMBL25102
DEC_2499,decoy,COc1cccc2c1CCC1CN(CCCn3c(=O)[nH]c4c(sc5ccccc54)c3=O)CC21,CHEMBL40564
DEC_3821,decoy,O=S(=O)(NC1CC1c1ccc(Cl)c(Cl)c1)NS(=O)(=O)NC1CC1c1ccc(Cl)c(Cl)c1,CHEMBL21769
DEC_2896,decoy,CON(C)C1=NC(=O)/C(=C/c2cc(C(C)(C)C)c(O)c(C(C)(C)C)c2)S1,CHEMBL16855
DEC_2795,decoy,Cc1c(C)c2c(c(C)c1O)C(CN(C)CCOc1ccc(CC3SC(=O)NC3=O)cc1)C(C)(C)O2,CHEMBL267427
DEC_2617,decoy,CCC(=O)C1C(c2ccc(C(C)C)cc2)CC2CCC1N2C,CHEMBL278122
DEC_3772,decoy,CC1(C)O[C@@H]2CC3C4C[C@H](F)C5=CC(=O)C=C[C@]5(C)[C@@]4(F)[C@@H](O)C[C@]3(C)[C@]2(C(=O)CSC2CCOC2=O)O1,CHEMBL302366
DEC_3805,decoy,CC[C@H]1CO[C@H]2[C@@H]1[C@H](O)[C@H](OCC13C[C@@H]4[C@H](C)CC[C@H]4C4(C=O)CC1C=C(C(C)C)C34C(=O)O)O[C@@H]2C,CHEMBL295645
DEC_4642,decoy,CCc1ccc(-c2ccc3c(c2)C(=O)c2ccccc2[C@@H]2[C@H](C(=O)O)[C@H](C(=O)O)[C@H]32)cc1,CHEMBL31662
DEC_2087,decoy,COCCOC1(C(F)(F)F)OC(=O)Nc2ccc(Cl)cc21,CHEMBL275384
DEC_2507,decoy,CCCN(CCC)[C@@H]1Cc2cccc3nc(S)n(c23)C1,CHEMBL281248
DEC_2264,decoy,Oc1nc2ccc(C#CCN3CCC(O)(Cc4ccc(F)cc4)CC3)cc2o1,CHEMBL19952
DEC_2624,decoy,Cc1cc(C(c2ccc(Cl)cc2)N2CCN(C)CC2)sn1,CHEMBL24883
DEC_2386,decoy,CC(=O)O[C@H]1c2ccc(CN(C)C)n2-c2cc(Cl)ccc2S[C@H]1c1ccccc1,CHEMBL24529
DEC_3453,decoy,Cc1cncc2c1CN[C@@H]1CCc3cc(O)c(O)cc3[C@@H]21,CHEMBL282136
DEC_2114,decoy,N#CCCCCn1cnc2c1NC=NCC2O,CHEMBL35156
DEC_0826,decoy,C=C1C(=O)O[C@@H]2[C@H]3C[C@@]4(C)C=CC3(CC43C(=O)O[C@@H]4C5C(C)=CC(=O)C5=C(C)C[C@H](CC(=O)CC(C)C)C43)[C@](C)(O)CC[C@@H]12,CHEMBL287034
DEC_4558,decoy,COc1cc([C@@H]2c3[nH]c4ccccc4c3[C@@H](Nc3cc(OC)c(OC)c(OC)c3)[C@H]3COC(=O)N23)cc(OC)c1O,CHEMBL262243
DEC_1781,decoy,COc1ccc(C2Sc3ccccc3-n3c(CN(C)C)ccc32)c(OC)c1,CHEMBL275195
DEC_2589,decoy,Nc1nc(N)c2c(CSc3ccc4ccccc4c3)cccc2n1,CHEMBL6975
DEC_3167,decoy,O=C(O)c1cc(Cl)c(O)c(C(=O)/C=C/c2ccc(OCc3ccc4ccccc4n3)cc2)c1,CHEMBL11785
DEC_4755,decoy,CN(CCCl)CCNc1ccc(NCCN(C)CCCl)c2c1C(=O)c1c(O)ccc(O)c1C2=O,CHEMBL300531
DEC_1526,decoy,Cc1cccc2[nH]c3c(N4CCN(CCc5ccc(F)c(F)c5)CC4)ncnc3c12,CHEMBL26369
DEC_3931,decoy,CCCCCC(=O)O[C@H](CC=C(C)C)C1=CC(=O)c2c(O)ccc(O)c2C1=O,CHEMBL265619
DEC_2498,decoy,Cc1ccc(N2CNC(=O)C23CCN(CCCN(c2ccc(F)cc2)c2ccc(F)cc2)CC3)cc1,CHEMBL301384
DEC_0934,decoy,Nc1nc(N)c2cc(Sc3ccc(Cl)c(Cl)c3)ccc2n1,CHEMBL6877
DEC_3028,decoy,CCN1C(=O)c2c(nc(C#Cc3ccccc3)n2Cc2ccccc2)N2C1=N[C@@H]1CCC[C@@H]12,CHEMBL281087
DEC_2184,decoy,Oc1cc(-c2ccco2)nc2cc3c(cc12)OCO3,CHEMBL14542
DEC_0510,decoy,O=c1cc(-c2cccc(OC(F)(F)F)c2)oc(O)c1SCc1ccccc1,CHEMBL441952
DEC_0295,decoy,CC(C)c1ccccc1C(c1ccns1)N1CCN(C)CC1,CHEMBL22437
DEC_0339,decoy,CC1(C)O[C@H]2[C@@H]3OC4(CCCC4)O[C@@H]3CO[C@@]2(COS(N)(=O)=O)O1,CHEMBL26780
DEC_0635,decoy,O=C1Nc2ccc(Cl)cc2C(c2ccccc2)=NC1Cc1ccc2ccccc2c1,CHEMBL20514
DEC_2792,decoy,O=C1CC(c2nnn[nH]2)Oc2cc(COc3cccc(OCc4ccc5ccccc5n4)c3)ccc21,CHEMBL46663
DEC_3878,decoy,COc1cccc2c1CC[C@H]1CN(CCn3c(=O)[nH]c4c(sc5cnccc54)c3=O)C[C@@H]21,CHEMBL40754
ACT_071,active,CN1CCC(c2c(O)cc(O)c3c(=O)cc(-c4ccccc4Cl)oc23)C(O)C1,CHEMBL422897
DEC_1075,decoy,O=c1cc(-c2ccoc2)c2ccc(OCc3cccc(C4(O)CC5COC(C4)O5)n3)cc2n1Cc1ccccc1,CHEMBL23007
DEC_3144,decoy,Cc1ccc(S(=O)(=O)O)cc1.N/C(=N\O)N/N=C/c1ccc(OCc2ccccc2)cc1,CHEMBL12481
DEC_2455,decoy,CO[C@H]1[C@H]2O[C@H]2[C@H](OCC23C[C@@H]4[C@H](C)CC[C@H]4C4(C=O)CC2C=C(C(C)C)C34C(=O)O)O[C@@H]1C,CHEMBL283401
DEC_4296,decoy,CO[C@H]1/C=C\C=C(/C)C(=O)N(Cc2ccccn2)C2=CC(=O)C(N)=C(C[C@@H](C)C[C@H](OC)[C@H](O)[C@@H](C)/C=C(\C)[C@@H]1OC(N)=O)C2=O,CHEMBL338819
DEC_1585,decoy,CCCN1CCN(C[C@@H](O)[C@H](Cc2ccccc2)NC(=O)O[C@@H]2CCS(=O)(=O)[C@@H]2C(C)C)[C@H](C(=O)NC(C)(C)C)C1,CHEMBL91085
DEC_2282,decoy,Cc1cc(C)c(NN=C2CCC(C)n3c2ncc(C(=O)O)c3=O)cc1C,CHEMBL441764
DEC_2156,decoy,CC(C)C1CC/C(=C\Br)OC1=O,CHEMBL284750
DEC_3835,decoy,N#Cc1ccc(CN2CCC[C@@H]2CNC(=S)N2Cc3ccccc3C[C@H]2CNC(=O)Nc2ccccc2)cc1,CHEMBL289512
DEC_3748,decoy,CCOC(=O)Cc1c(C)nc(O)c2c1ccc1nc(Nc3c(Cl)cccc3Cl)n(C)c12,CHEMBL281271
DEC_0148,decoy,C[C@@H](/N=c1\c(O)c(O)\c1=N/c1ccc(C#N)c2c1CCCC2)C(C)(C)C,CHEMBL275401
DEC_2493,decoy,O=C(OCCS(=O)(=O)c1ccccc1)N1c2ccccc2[C@@]23O[C@]24CCC[C@@H]3C#C/C=C\C#C[C@H]14,CHEMBL15924
DEC_1768,decoy,COc1ccccc1N1CCN(CCCC2=CCCc3ccccc32)CC1,CHEMBL8644
DEC_1972,decoy,O=C(NCCCOc1ccc2nc(O)ccc2c1)N(C1CCCCC1)[C@H]1CCCC[C@@H]1O,CHEMBL36398
DEC_4617,decoy,CCc1nc(N)nc(N)c1-c1ccc(Cl)c(/N=N/N(CCOC(C)=O)Cc2cc(OC)cc(OC)c2)c1,CHEMBL314001
DEC_2321,decoy,CC1(C)C(=O)N(c2ccc(C#N)c(C(F)(F)F)c2)C(=O)N1CCCCO,CHEMBL9337
DEC_3151,decoy,CNC(=O)c1cccc2c(Nc3ccc(NS(C)(=O)=O)cc3NC)c3cccc(OC)c3nc12,CHEMBL300310
DEC_0179,decoy,Cc1cc(C(c2ccc(C(C)(C)C)cc2)N2CCN(C)CC2)sn1,CHEMBL22095
DEC_4418,decoy,CCCC1=C(C(=O)OCc2ccc(C(=O)O)cc2)C(c2cccc(C)c2)NC(=O)N1,CHEMBL16439
DEC_3012,decoy,COc1cc2c(cc1OC)-c1cc(N(c3c(C)cc(C)cc3C)C(C)C)nc(=O)n1CC2,CHEMBL35855
DEC_1590,decoy,CCCCC[C@H](O)/C=C/C1[C@@H]2C[C@@H](O)[C@H]1C/C=C\CCCC(=O)O2,CHEMBL12642
DEC_4707,decoy,Oc1ccc2c3c1O[C@H]1c4c(c5ccccc5n4Cc4c(F)c(F)c(F)c(F)c4F)C[C@@]4(O)[C@@H](C2)N(CC2CC2)CC[C@]314,CHEMBL56873
DEC_0099,decoy,CC(C)N(C(=O)[C@H]1CCC2C3C=CC4=CC(C(=O)O)=CC[C@]4(C)C3CC[C@@]21C)C(C)C,CHEMBL278167
DEC_0205,decoy,CCCc1cc(C)c2oc(Cc3ccc(OC)cc3)c(C)c2c1O,CHEMBL18394
DEC_0039,decoy,Cc1ccc(C2COC(Cn3ccnc3)(c3ccc(Br)cc3)O2)cc1,CHEMBL281074
DEC_0141,decoy,CCCc1cc(=O)oc2c3c(c4c(c12)OC(C)(C)C=C4)O[C@H](C)[C@H](C)C3=O,CHEMBL7378
DEC_4764,decoy,Cc1cn(C2C=CC(COP(=O)(NC(C)C(=O)OCC3CCCCC3)Oc3ccccc3)O2)c(=O)[nH]c1=O,CHEMBL293008
DEC_1901,decoy,SC1=Nc2ccc(-c3cccc(Cl)c3)cc2C12CCC2,CHEMBL25261
DEC_2140,decoy,C1=CC(=Nn2cccc2)C=CC1=Nn1cccc1,CHEMBL25024
DEC_0594,decoy,N=C(N)Nc1ccc(C(=O)Oc2ccc3cc(C(=N)N)ccc3c2)cc1,CHEMBL273264
DEC_4205,decoy,CC(C)CCN1C(=NC#N)N(CCC(C)C)[C@H](Cc2ccccc2)[C@H](O)[C@@H](O)[C@H]1Cc1ccccc1,CHEMBL289234
DEC_0590,decoy,OC(CNC1CCc2[nH]c3ccccc3c2C1)c1cccc(Cl)c1,CHEMBL25615
DEC_1788,decoy,C/C=C/C=C(/O[C@H]1[C@H](O)[C@H](OCC23C[C@@H]4[C@H](C)CC[C@H]4C4(C=O)CC2C=C(C(C)C)C34C(=O)O)O[C@H](C)[C@H]1O)C(=O)C(CC)CC,CHEMBL281255
DEC_1910,decoy,CCC1c2cc3c(C(F)(F)F)cc(O)nc3cc2NC[C@@H]1C,CHEMBL418198
DEC_4526,decoy,Cc1ccc(N/N=C(\N=N\c2nnnn2-c2ccccc2)c2ccccc2)cc1,CHEMBL283768
DEC_0955,decoy,NC1CCN(c2c(F)cc3c(=O)c(C(=O)O)cn(C4CC4)c3c2Cl)C1,CHEMBL278255
DEC_3058,decoy,Cc1cc(C)cc(-c2[nH]c3ccc(OC(=O)N(C)C)cc3c2CCNCCCCc2ccc(O)cc2)c1,CHEMBL46268
DEC_1946,decoy,CC(C)c1cccc(C(C)C)c1OS(=O)(=O)NC(=O)OC12CC3CC(CC(C3)C1)C2,CHEMBL22836
DEC_0907,decoy,COc1ccc(C[C@H]2NC(=O)/C=C/C[C@@H]([C@H](C)/C=C/c3ccccc3)OC(=O)[C@H](CC(C)C)OC(=O)[C@H](C)CNC2=O)cc1,CHEMBL267072
DEC_4407,decoy,Cc1cccc(Cc2nc(SC3CCCCC3)nc(N/N=C(/N)S)c2C)c1,CHEMBL35679
DEC_3244,decoy,OC(c1ccc(Br)cc1)(c1cncnc1)C1CC1,CHEMBL28465
DEC_1252,decoy,C=CCOC1(C(F)(F)F)OC(=O)Nc2ccc(F)c(F)c21,CHEMBL275644
DEC_0704,decoy,CC1(C)CN(C(=O)N2Cc3c(C(=O)OC(C)(C)C)ncn3-c3ccc(Cl)cc32)CCN1,CHEMBL277383
DEC_0525,decoy,CCCCCN(C(=O)CC)[C@H]1CCC2C3CC[C@H]4N(C)C(=O)CC[C@]4(C)C3CC[C@@]21C,CHEMBL17194
DEC_3739,decoy,O=C(c1cc2ccccc2[nH]1)c1cc2cc(OC(=O)C(c3ccccc3)c3ccccc3)ccc2[nH]1,CHEMBL7027
DEC_3223,decoy,C[C@@H](/N=c1\c(O)c(O)\c1=N/Cc1ccc(C#N)cc1)C(C)(C)C,CHEMBL20578
DEC_2281,decoy,Cc1c(CN(C)c2cccc3c2CCCC3)cnc2nc(N)nc(N)c12,CHEMBL23220
DEC_2858,decoy,CC1(COc2ccc(CC3SC(=O)NC3=O)cc2)CCCCC1,CHEMBL7002
DEC_0498,decoy,CCC1C2Cc3ccc(O)cc3C1(CC)CCN2C(=O)C(N)CCSC.Cl,CHEMBL282347
DEC_3613,decoy,Nc1nc(O)c2c(Sc3ccc4ccccc4c3)cccc2n1,CHEMBL6897
DEC_0088,decoy,CC(C)N(C(=O)[C@H]1CCC2C3CC=C4C=C(C(=O)O)CC[C@]4(C)C3CC[C@@]21C)C(C)C,CHEMBL278283
DEC_1596,decoy,CCC1(CC)C(=O)C(C(=O)C(C)C)=C(O)C(C(=O)C(C)C)=C1O,CHEMBL19819
DEC_1182,decoy,Cn1c2nc(=O)[nH]c(=O)c-2nc2ccccc21,CHEMBL37261
DEC_1419,decoy,CSc1cccc2c1CCCC2CN(C)CCc1ccc2c(c1)OCO2,CHEMBL9860
DEC_2894,decoy,Cc1noc(NS(=O)(=O)c2cccc3c(N4CCCC4)cccc23)c1C,CHEMBL30032
DEC_1212,decoy,CO/C(=C\C=C\c1cc2cc(Cl)c(Cl)cc2[nH]1)C(=O)NC1CC(C)(C)NC(C)(C)C1,CHEMBL449696
DEC_3857,decoy,O=C1c2ccccc2S(=O)(=O)N1COP(=O)(Oc1ccccc1)Oc1ccccc1,CHEMBL288700
DEC_3820,decoy,OC[C@@]12C[C@@H]1[C@@H](n1cnc3c(NCc4cccc(I)c4)nc(Cl)nc31)C[C@@H]2O,CHEMBL28057
DEC_4806,decoy,CC1(C)CCOc2ccc(/N=N/c3ccc(C(=O)O)cc3)cc21,CHEMBL12966
DEC_4616,decoy,CCO/C(O)=C1\C(COCc2cc(OC)nc(N)n2)=NC(C)=C(C(=O)OC)C1c1cccc(Cl)c1Cl,CHEMBL78867
DEC_2001,decoy,COc1ccc(C2(O)OC(=O)C(c3ccc4c(c3)OCO4)=C2Cc2cccc(C(F)(F)F)c2)cc1,CHEMBL10676
DEC_1374,decoy,CC1=C2C=C(C(=O)O)CC[C@]2(C)C2CC[C@@]3(C)C(CC[C@@H]3C(=O)c3cccc4ccccc34)C2C1,CHEMBL284434
DEC_2272,decoy,CCN(CC)CCNc1ccc(CO)c2sc3ccc(O)cc3c(=O)c12,CHEMBL21952
DEC_3500,decoy,Nc1ncc(Cc2ccc(OC(F)(F)F)cc2)c(N)n1,CHEMBL19771
DEC_1372,decoy,COc1ccc(N(C(=O)C(C)C)[C@H]2CCC3C4CC[C@H]5N(C)C(=O)CC[C@]5(C)C4CC[C@@]32C)cc1,CHEMBL16700
DEC_1810,decoy,CCCCc1nc(SC)c(C(C)C(=O)O)n1Cc1ccc(-c2ccccc2S(=O)(=O)NC(=O)NCc2ccccc2)cc1,CHEMBL330302
DEC_4789,decoy,CCCCc1nc(Cl)c(C(=O)O)n1Cc1ccc(-c2ccccc2S(=O)(=O)NC(=O)NCCC)cc1,CHEMBL76613
DEC_1060,decoy,O=S1(=O)CC2(CCN(C[C@@H]3CN(S(=O)(=O)c4ccccc4)C[C@@H]3c3ccccc3)CC2)c2ccccc21,CHEMBL33335
DEC_4023,decoy,c1ccc(C2(c3ccccc3)OC[C@@H]([C@@H]3CCCN3)O2)cc1,CHEMBL412875
DEC_2359,decoy,CCCN(CC1CC1)c1nc(C)nc2c1sc(=S)n2-c1c(C)cc(C)cc1C,CHEMBL17619
DEC_4227,decoy,CCCc1ccc(S(=O)(=O)N[C@@H](CC#Cc2ccc(NC)cc2)C(=O)N(C)C2CCCC2)cc1,CHEMBL553108
DEC_3263,decoy,O=C1CN2CCCCC2c2c1c1ccccc1n2CCCNS(=O)(=O)c1cc(Cl)sc1Cl,CHEMBL34635
DEC_4542,decoy,Oc1ccc2c3c1O[C@H]1c4c(c5ccccc5n4Cc4cccc(N=C=S)c4)C[C@@]4(O)C(C2)N(CC2CC2)CCC314,CHEMBL280649
DEC_3524,decoy,Cc1cc(C)cc(-c2c(O)nc3cc(Cl)c(NC(=O)c4cnccn4)cc3c2OCC[C@@H]2CCCCN2)c1,CHEMBL46312
DEC_4732,decoy,COc1ccccc1[C@H](C)C(=O)N1C[C@@H]2[C@H](C1)[C@@](O)(c1ccccc1OC)CSC2(c1ccccc1)c1ccccc1,CHEMBL295845
DEC_4239,decoy,C/C=C/c1ccc(OCC(=O)NCC(C)(C)CNC(=O)C2=CC(C)(C)NC2(C)C)c(OC)c1,CHEMBL442332
DEC_0768,decoy,COc1c(Cl)c(O)nc(C(Cl)(Cl)Cl)c1Cl,CHEMBL275922
DEC_3865,decoy,N#Cc1c2n(c3c(N4CCN(CCc5ccccc5[N+](=O)[O-])CC4)ncnc13)CCCC2,CHEMBL26934
DEC_1142,decoy,Cc1ccc(Sc2cncc3sc(C(=O)NCC(O)CO)cc23)cc1,CHEMBL428508
DEC_1264,decoy,CC[C@@H]1[C@@H](C)C(=O)CC23CCN(C)C(Cc4ccc(O)cc42)[C@@H]13,CHEMBL33983
DEC_0756,decoy,c1ccc2sc(C3(N4CCCC4)CCCC3)cc2c1,CHEMBL280329
DEC_1864,decoy,CN(C)c1cccc(Oc2cccc(N(Cc3cccc(OC(F)(F)C(F)F)c3)CC(O)C(F)(F)F)c2)c1,CHEMBL305003
DEC_4424,decoy,Cc1noc(NS(=O)(=O)c2cccc3c(NCCCC(=O)O)cccc23)c1C,CHEMBL418202
DEC_0671,decoy,CC1(C)[C@H](/C=C/C=C2C[C@@H](O)C[C@H](O)C2)CC[C@]1(C)CC#CC(O)(C(F)(F)F)C(F)(F)F,CHEMBL416797
DEC_2812,decoy,OC(CN(Cc1cccc(OC(F)(F)C(F)F)c1)c1cccc(Oc2ccc(Cl)c(Cl)c2)c1)C(F)(F)F,CHEMBL302352
DEC_3694,decoy,COc1ccc(C2(O)OC(=O)C(c3ccc4c(c3)OCO4)=C2Cc2ccc(OC)c(C)c2)cc1,CHEMBL10924
DEC_1445,decoy,COC(=O)CCC(O[C@@H]1O[C@@H]2OC3(C)CC[C@H]4[C@H](C)CCC([C@H]1C)C24OO3)c1ccc(Br)cc1,CHEMBL30673
DEC_1000,decoy,Nc1ncnc2c1ncn2[C@@H]1OC2=C[C@](CC(=O)O)(C(=O)O)O[C@H]2[C@H]1O,CHEMBL19984
DEC_4043,decoy,OCC1CCCN1c1nc(C(F)(F)F)nc2ccccc12,CHEMBL16275
DEC_3949,decoy,CCNCC1CCN(c2c(F)cc3c(=O)c(C(=O)O)cn(C4CCC4)c3c2F)C1,CHEMBL6262
DEC_4364,decoy,Cc1c(C)c2ccc(OS(=O)(=O)c3ccccc3)cc2oc1=O,CHEMBL18978
DEC_3007,decoy,COc1cc2c(cc1OC)[C@@H]1C(=O)c3ccc4c(c3O[C@@H]1CO2)Cc1cc(C(C)C)oc1C4,CHEMBL297635
DEC_2739,decoy,Cc1nnc2n1-c1sc(C#CCC34CCCc5cccc(c53)NC4=O)cc1C(c1ccccc1Cl)=NC2,CHEMBL20019
DEC_2373,decoy,Clc1ccccc1C1COC(Cn2ccnc2)(c2ccc(Br)cc2)O1,CHEMBL417664
DEC_2350,decoy,CCCCOc1cccc2c(=O)c3cccc(CC(=O)O)c3oc12,CHEMBL29329
DEC_0733,decoy,CSc1nnc(-c2cc(C(C)C)c(O)c(C(C)C)c2)s1,CHEMBL273793
DEC_3406,decoy,C/C=C(/C)C(=O)O[C@H]1C(C)=C2[C@H]([C@@H]1OC(=O)CCCCC)[C@@](C)(O)C[C@H](OC(=O)CCC)[C@@]1(O)[C@H]2O[C@H]2OC(C)(C)O[C@]21C,CHEMBL314556
DEC_4343,decoy,CN1C(=O)CC[C@]2(C)C3CC[C@@]4(C)C(CC[C@@]4(O)C#CCCO)C3CCC12,CHEMBL9672
DEC_4138,decoy,C=CCS(=O)(=O)c1ccc2c(c1)CNCC2,CHEMBL280592
DEC_4165,decoy,O=C(O)C1=Cc2cc(C(c3ccccc3)n3ccnc3)sc2CC1,CHEMBL23168
DEC_2071,decoy,Cc1ccc([C@H]2OC(=O)O[C@]2(Cn2cncn2)c2ccc(C)cc2)cc1,CHEMBL10297
DEC_2451,decoy,C=CCCN(C1=NCCN1)c1c(Br)cccc1Br,CHEMBL417828
DEC_1591,decoy,CCCCC[C@](C)(O)/C=C/C1[C@H](O)C[C@@H]2OC(=O)CCC/C=C\C[C@H]12,CHEMBL12597
DEC_2214,decoy,CCCCC1Nc2ccc(C(C)(C)OC)cc2C(=O)N1Cc1ccc(-c2ccccc2-c2nn[nH]n2)cc1,CHEMBL15240
DEC_3948,decoy,Cc1cc(OCCCc2nnn[nH]2)cc(OCc2ccc3ccccc3n2)c1,CHEMBL275385
DEC_0492,decoy,Cc1noc(NS(=O)(=O)c2cccc3c(N4CCCCC4=O)cccc23)c1C,CHEMBL284177
DEC_1132,decoy,O=C(NO)C(NCc1cccc(C(F)(F)F)c1)c1cccc2ccccc12,CHEMBL30051
DEC_2639,decoy,O=C1Nc2ccc(Cl)cc2[C@@](/C=C/C2CC2)(C(F)(F)F)N1,CHEMBL29274
DEC_3004,decoy,COC1(c2cc(F)cc(Sc3ccc4c(c3)OCC/C4=N\OCC#N)c2)CCOCC1,CHEMBL25692
DEC_2820,decoy,CC(C)Cc1ccc(C(Nc2cccc(C(=O)c3cn(CCCC(=O)O)c4ccccc34)c2)c2ccc(CC(C)C)cc2)cc1,CHEMBL25083
DEC_2104,decoy,CC(C)CN1C2=NCCN2C(=O)c2[nH]nnc21,CHEMBL18668
DEC_0654,decoy,CC(C)=CCc1cc(C2CC(=O)c3ccc4c(c3O2)C=CC(C)(C)O4)ccc1O,CHEMBL34331
DEC_1442,decoy,COC1(OC)C=CC(C2(C3=CC=CC(OC)(OC)C3)Sc3ccccc3-n3c(CN(C)C)ccc32)=CC1,CHEMBL279886
DEC_2702,decoy,C=CCOC(=O)[C@]12CCC(C)(C)CC1C1C(=O)C=C3[C@@]4(C)C=C(C#N)C(=O)C(C)(C)[C@@H]4CC[C@@]3(C)[C@]1(C)CC2,CHEMBL7996
DEC_0512,decoy,Cc1cccc(SC2(CC#Cc3ccc(Cl)cc3)SC(=O)NC2=O)n1,CHEMBL276216
DEC_3908,decoy,c1cc(OCCCc2nnn[nH]2)cc(OCc2ccc3ccccc3n2)c1,CHEMBL418551
DEC_1606,decoy,c1ccc(Cc2ccc(OCCn3cnc4ncncc43)cc2)cc1,CHEMBL14789
DEC_3321,decoy,OCCCN1CCN(C2=Nc3ccccc3Cn3c2cc2ccccc23)CC1,CHEMBL429052
DEC_2049,decoy,C=CCc1c(OC)nc2nc(C(=O)c3ccccc3)cn2c1CC,CHEMBL20121
DEC_3889,decoy,CCCCn1c(=O)c2c(ncn2S(=O)(=O)c2cc(C)c(Cl)cc2C)n(CCCC)c1=O,CHEMBL20822
DEC_1311,decoy,O=C(O)CCc1ccccc1CC1C2CCC(O2)C1c1nc(/C(S)=N/CCCCC2CCCCC2)co1,CHEMBL416395
DEC_0093,decoy,C=CCC1Oc2c(Br)ccc(OC)c2-c2ccc3c(c21)C(C)=CC(C)(C)N3,CHEMBL7817
DEC_4659,decoy,COc1ccc2c(c1)OCC1c3cc(O)c(OCc4ccc5ccccc5c4)cc3OC21,CHEMBL20838
DEC_1650,decoy,Oc1ccc(C(=C2CCCCC2)c2ccc(O)cc2)cc1,CHEMBL6619
DEC_3274,decoy,Cc1nnc2n1-c1sc(C#CCN3C(=O)Cn4ccc5c(Cl)ccc3c54)cc1C(c1ccccc1Cl)=NC2,CHEMBL277678
DEC_3464,decoy,O=S1NC(CC2=C(Cl)c3ccccc3CC2)=NO1,CHEMBL17772
DEC_1028,decoy,Nc1nc(N)c2c(n1)CCC(CC1CCCO1)C2,CHEMBL7170
DEC_1131,decoy,O=C(c1ccccc1)c1c(O)n(O)c2cc(NC(=O)C3CCCCC3)ccc12,CHEMBL16233
DEC_1594,decoy,CCCCC[C@H](O)/C=C/C1C(=O)C[C@@H]2OC(=O)CCC/C=C\C[C@H]12,CHEMBL12321
DEC_0806,decoy,CCCc1cc(=O)oc2c3c(c4c(c12)OC(C)(C)C=C4)O[C@@H](C)[C@H](C)[C@H]3O,CHEMBL268207
DEC_4200,decoy,CC(=O)NC(C(=O)N(C)C(C(=O)N/C=C\c1c(CC=C(C)C)[nH]c2ccccc12)C(C)C)C(C)C,CHEMBL295173
DEC_3327,decoy,C=C(C)CN(C1=NCCN1)c1c(Br)cccc1Br,CHEMBL283961
DEC_2275,decoy,CCc1ccc(CCOc2ccc(CC3SC(=O)NC3=O)cc2)nc1,CHEMBL595
DEC_4102,decoy,C/C=C(\NC(=O)CC1CC2CCC1C2)C(=O)O,CHEMBL11728
DEC_1214,decoy,CN1C[C@H](C(=O)Nc2ccc(Cl)nn2)C[C@@H]2c3cc(C(C)(C)C)cc4[nH]cc(c34)C[C@H]21,CHEMBL13770
DEC_1207,decoy,O=C1NC(=O)C(CC#Cc2ccccc2)(S(=O)(=O)c2ccc3ccccc3c2)S1,CHEMBL269643
DEC_2511,decoy,Oc1ccc2c(c1CCCSc1ccccc1)CCO2,CHEMBL7647
DEC_1085,decoy,O=C1c2ccccc2C2(CC(=O)N(N=C3CCCC3)C2=O)C(=O)N1Cc1nc2cc(C(F)(F)F)ccc2s1,CHEMBL428449
DEC_3477,decoy,CC(C)C(C)/N=c1\c(O)c(O)\c1=N/c1ccc(C#N)cc1,CHEMBL18639
DEC_4406,decoy,CCCc1cc2nc(O)nc-2c(O)n1Cc1ccc(-c2ccccc2-c2nn[nH]n2)cc1,CHEMBL27920
DEC_0132,decoy,CCCCCCCCCCOc1ccc(COCC(=O)COc2cccc(CC(=O)O)c2)cc1,CHEMBL281320
DEC_3567,decoy,C#CCOc1ccc(CC[C@](C)(O)[C@H]2C[C@@]34C=C[C@]2(OC)[C@@H]2Oc5c(OC)ccc6c5C23CCN(C)C4C6)cc1,CHEMBL301038
DEC_3020,decoy,CC1(OCC(F)(F)F)OC(=O)C(c2ccc(F)cc2)=C1c1ccc(S(C)(=O)=O)cc1,CHEMBL18790
DEC_0860,decoy,CC1=NC(C)=C(C(=O)OCCCN2C(=O)c3ccccc3S2(=O)=O)C(c2cccc(Cl)c2Cl)/C1=C(\O)OC(C)C,CHEMBL310075
DEC_4289,decoy,Nc1ccc(S(=O)(=O)Nc2cccc3cc(O)[nH]c23)cc1,CHEMBL278588
DEC_4667,decoy,Cc1c(/C=C/CN)nc(O)c2c1ccc1nc(Nc3c(Cl)cccc3Cl)n(C)c12,CHEMBL30230
DEC_2847,decoy,CCCCCCCN(CCCCCSc1nc2c([nH]1)-c1ccccc1Oc1ccccc1-2)C(=O)Nc1ccc(F)cc1F,CHEMBL273369
DEC_0903,decoy,CC[C@H]1OC(=O)CC(O)[C@H](C)[C@@H](O[C@@H]2O[C@H](C)C[C@H](N(C)C)[C@H]2O)[C@@H](CCN2CCC2)C[C@@H](C)C(=O)/C=C/C(C)=C/[C@@H]1C,CHEMBL266103
DEC_3325,decoy,O=C1Nc2ccc(Cl)cc2C(C#Cc2cccnc2)(C(F)(F)F)O1,CHEMBL278468
DEC_4835,decoy,N#Cc1ccc(Cn2ccnc2)cc1Oc1ccc2ccccc2c1,CHEMBL22959
DEC_0038,decoy,O=C1O[C@H](c2ccccc2Cl)[C@@](Cn2cncn2)(c2ccccc2Cl)O1,CHEMBL273242
DEC_0314,decoy,CC1CCCCN1c1ccc2c(c1Cl)CN1CC(=O)NC1=N2,CHEMBL31948
DEC_2750,decoy,Cn1cncc1CN(Cc1ccc(Cl)c(Cl)c1)C(=O)N1CCC(C#N)=C(c2cccc3ccccc23)C1,CHEMBL284637
DEC_0745,decoy,CC(C)(C)c1ccc(C2=Cc3ccccc3C3=NCCCN23)cc1,CHEMBL10035
DEC_2881,decoy,CSc1ccc2c(c1)[C@H](N1CCN(C)CC1)Cc1ccccc1S2,CHEMBL273490
DEC_3496,decoy,O=C1CCc2cc3c(c4c5c(O)cccc5n1c24)CCNC3,CHEMBL24768
DEC_1618,decoy,CCCCCc1cc(O)c2c(c1)OC(C)(C)[C@@H]1CC[C@H](C)C(O)C21,CHEMBL10406
DEC_0032,decoy,CCCCN(CC)c1nc(C)nc2c1c(C)cn2-c1c(C)cc(C)cc1C,CHEMBL9946
DEC_0363,decoy,CCCCC(=O)OC1CCn2c1nc1c2C(=O)C(C)=C(N2CC2)C1=O,CHEMBL430325
DEC_3905,decoy,c1cc(OCCCc2nnn[nH]2)cc(OCc2cc3ccccc3cn2)c1,CHEMBL17973
DEC_1030,decoy,C=CCN1CCN(CC(C)C)C(C2=NCCN2)C1,CHEMBL290835
DEC_0536,decoy,CN1C(=O)CC[C@]2(C)C3CC[C@@]4(C)C(CC[C@@H]4N(C=O)Cc4ccccc4)C3CC[C@@H]12,CHEMBL276527
DEC_2876,decoy,CSc1ccc(C(=O)c2c(SC)cc3n2CCC3C(=O)O)cc1,CHEMBL19889
DEC_1787,decoy,CC(C)Oc1nnc(-c2cc(C(C)(C)C)c(O)c(C(C)(C)C)c2)s1,CHEMBL16854
DEC_2600,decoy,CC(C)(C)c1cc(/C=C/c2ccc[n+]([O-])c2)cc(C(C)(C)C)c1O,CHEMBL8631
DEC_4067,decoy,Cc1nnc2n1-c1sc(C#CCn3c4ccccc4c4ccccc43)cc1C(c1ccccc1Cl)=NC2,CHEMBL20701
DEC_1454,decoy,C[C@@H]1CCC2[C@@H](C)[C@@H](OC(CCC(=O)O)c3ccc(Br)cc3)O[C@@H]3OC4(C)CC[C@@H]1C23OO4,CHEMBL31210
DEC_2079,decoy,CN1Cc2c(C(=O)OC(C)(C)C)ncn2-c2ccc(N=[N+]=[N-])cc2C1=O,CHEMBL6421
DEC_3757,decoy,CC(C)C1=CC2CC3(C=O)[C@@H]4CC[C@@H](C)[C@H]4CC2(CO[C@@H]2O[C@H](C)[C@H]4OC(C)(C)O[C@H]4[C@H]2O)C13C(=O)O,CHEMBL21515
DEC_3558,decoy,C=C(Br)CN1C[C@H](OCC23C[C@@H]4[C@H](C)CC[C@H]4C4(C=O)CC2C=C(C(C)C)[C@@]34C(=O)O)OC[C@H]1C,CHEMBL283680
DEC_4076,decoy,O=C(c1ccc(Nc2ccnc3cc(C(F)(F)F)ccc23)cc1)N1CC=C(c2ccc(Cl)cc2)CC1,CHEMBL29073
DEC_2320,decoy,COc1c2occc2c(CN(C)CCO)c2ccc(=O)oc12.Cl,CHEMBL266903
ACT_094,active,CC(C)c1onc(-c2ccc(F)cc2)c1-c1ccnc(NC2CCOCC2)c1,CHEMBL569552
ACT_015,active,Oc1c(Cl)cc(Cl)c(Cl)c1Cc1c(O)c(Cl)cc(Cl)c1Cl,CHEMBL496
DEC_4839,decoy,CC(=O)[C@H]1CC[C@H]2[C@@H]3CCC4=CC(=O)CC[C@]4(C)[C@H]3CC[C@]12C,CHEMBL103
DEC_0422,decoy,CC(=O)S[C@@H]1CC2=CC(=O)CCC2(C)C2CCC3(C)C(CC[C@@]34CCC(=O)O4)C21,CHEMBL30458
DEC_4536,decoy,C=C(C)n1c(=O)n(Cc2nc3ccccc3n2CCCCC#N)c2ccccc21,CHEMBL15066
DEC_2467,decoy,CCNC(=O)N(CCCN(C)C)C(=O)[C@@H]1C[C@@H]2c3cc(C(C)(C)C)cc4[nH]cc(c34)C[C@H]2N(C)C1,CHEMBL276013
DEC_2101,decoy,CCN(CC)C(=O)N1C[C@H](N)[C@H](C(=O)O)C1,CHEMBL280143
DEC_0632,decoy,CC1C(=O)C(C)(C)Nc2ccc3c(c21)/C(=C/c1cccc(F)c1)Oc1ccccc1-3,CHEMBL34824
DEC_0386,decoy,CC(=O)OC[C@]1(C)CCC[C@@]2(C)C1[C@H](O)CC1C[C@H](OC(C)=O)[C@@]3(C)CC[C@]12C3,CHEMBL9029
DEC_1325,decoy,O=C(N[C@H](CSC(c1ccccc1)(c1ccccc1)c1ccccc1)C(=O)O)C(CS)Cc1ccccc1,CHEMBL83044
DEC_0445,decoy,COc1ccc2c(c1OC)C[N+]1(C)CCc3cc4c(cc3C1C2)OCO4.[I-],CHEMBL11943
DEC_2109,decoy,Cc1nc2c([nH]1)C(=O)N(C)C1=N[C@@H]3CCC[C@@H]3N12,CHEMBL278644
DEC_3849,decoy,CCCCc1nc2ccc(S(C)(=O)=O)cc2c(=O)n1Cc1ccc(-c2ccccc2-c2nn[nH]n2)cc1,CHEMBL26548
DEC_1439,decoy,CN(CC#CCCC1(C2(O)c3ccccc3Oc3ccccc32)SCCCS1)CCCc1ccccc1,CHEMBL39633
DEC_1447,decoy,COc1cc([C@@H]2c3cc4c(cc3[C@H](O[Si](C)(C)C(C)(C)C)[C@H]3COC(=O)[C@]23F)OCO4)cc(OC)c1OC,CHEMBL31013
DEC_4237,decoy,CC(CCCCn1cnc2c1NC=NCC2O)(Cc1cccc(Br)c1)C(=O)O,CHEMBL290887
DEC_3787,decoy,O=S(=O)(NS(=O)(=O)N1CCc2cc(Cl)c(Cl)cc2C1)N1CCc2cc(Cl)c(Cl)cc2C1,CHEMBL281150
DEC_3405,decoy,CC[C@H]1OC(=O)CC(O)[C@H](C)[C@@H](O[C@@H]2O[C@H](C)C[C@H](N(C)C)[C@H]2O)[C@@H](CCN(C)CCCNC)C[C@@H](C)C(=O)/C=C/C(C)=C/[C@@H]1C,CHEMBL272943
DEC_4385,decoy,Oc1nc2cc(C#CCN3CCC(Cc4ccc(F)cc4)CC3)c[nH]c-2n1,CHEMBL19849
DEC_0455,decoy,Cc1cc2c(cc1Cl)N(C(=O)CN1CCN(CCO)CC1)c1ccccc1N(C)S2(=O)=O,CHEMBL27521
DEC_4362,decoy,Cc1csc2c1C(N1CCN(C)CC1)=Nc1cc(F)ccc1N2,CHEMBL14605
DEC_4280,decoy,O=C(CCc1ccc(O)c(O)c1)NCCc1ccc(O)c(O)c1,CHEMBL18266
DEC_4525,decoy,Clc1cccc(Nc2nc(NCCN3CCCC3)c3ccccc3n2)c1,CHEMBL31459
DEC_2433,decoy,O=C(c1cccc(Cl)c1)C(O)(Cn1cncn1)c1cccc(Cl)c1,CHEMBL268023
DEC_1834,decoy,CCCCc1nc(SC)c(C(=O)C(=O)O)n1Cc1ccc(-c2ccccc2S(=O)(=O)NC(=O)NCc2ccccc2)cc1,CHEMBL89769
DEC_0183,decoy,C[Si](C)(C)OC(C#N)C1CCCCCCCCCC1,CHEMBL18302
DEC_0147,decoy,CSc1c(Cl)nc(N2CCN(C)CC2)nc1NC(C)(C)C,CHEMBL284682
DEC_3833,decoy,C[C@@H](n1cnc2cc(-c3ccc(C4=NCCO4)cc3)sc2c1=O)[C@](O)(Cn1cncn1)c1ccc(F)cc1F,CHEMBL300501
DEC_0162,decoy,C[C@H](N)Cc1c2ccoc2c(Br)c2ccoc12.Cl,CHEMBL263083
DEC_3632,decoy,CC(/C=C/C(O)=C1\C(=O)CNC1=O)=C\c1cccc2ccccc12,CHEMBL10407
DEC_4669,decoy,CN1C[C@H](CNC(=O)OCc2ccccc2)C[C@@H]2c3cccc4[nH]cc(c34)C[C@H]21,CHEMBL13816
DEC_2482,decoy,CCCCN(C(C)=O)[S+]([O-])(=NC(=O)N(C(C)=O)c1ccc(Cl)cc1)c1ccc(C)cc1,CHEMBL7546
DEC_0200,decoy,CCC(c1ccc(O)cc1F)C(CC)c1ccc(O)cc1F,CHEMBL15211
DEC_0793,decoy,C[C@]12C=CC(=O)NC1CCC1C2CC[C@@]2(C)C1CC[C@@H]2C(=O)Nc1ccccc1,CHEMBL25664
ACT_013,active,O=C(O[C@@H]1Cc2c(O)cc(O)cc2O[C@@H]1c1cc(O)c(O)c(O)c1)c1cc(O)c(O)c(O)c1,CHEMBL297453
DEC_4395,decoy,CCC(C)(O)C#Cc1nc(NCc2ccc(OC)c(OC)c2)c2ncn(C(C)C)c2n1,CHEMBL281525
DEC_3202,decoy,CCN(CC)CC#CCCCC1SCCCS1,CHEMBL41257
DEC_3738,decoy,CN1CCc2c1nc1ccccc1c2NC(=O)CCc1cc(C(C)(C)C)c(O)c(C(C)(C)C)c1,CHEMBL30444
DEC_1163,decoy,CCn1c(=O)sn(C2CCCCC2)c1=O,CHEMBL24693
DEC_1794,decoy,CC[C@H](C)C(=O)O[C@H]1C[C@@H](C)C=C2C=C[C@H](C)[C@H](CC[C@@H]3C[C@H](CC(=O)NC)N(CCc4ccc(O)c(OC)c4)C(=O)O3)[C@H]21,CHEMBL312605
DEC_3242,decoy,CCCCN[C@@H]1CN(C(=O)N(C(C)C)C(C)C)C[C@@H]1C(=O)O,CHEMBL18423
DEC_0137,decoy,CN(C=O)[C@H]1CCC2C3CC[C@H]4NC(=O)CC[C@]4(C)C3CC[C@@]21C,CHEMBL16743
DEC_3163,decoy,CC(=O)Oc1ccccc1C(=O)Oc1ccc2[nH]c(C(=O)c3cc4ccccc4[nH]3)cc2c1,CHEMBL7666
DEC_2476,decoy,Cc1ccccc1/C=C1\CSCC2C1=NN(CCCN1CCN(C)CC1)C2c1ccccc1C,CHEMBL434595
DEC_3680,decoy,COc1ccc(C2(O)OC(=O)C(c3ccc4c(c3)OCO4)=C2Cc2cccc([N+](=O)[O-])c2)cc1,CHEMBL276018
DEC_3200,decoy,CCc1cc(NCc2ccc(-c3ccccc3-c3nn[nH]n3)cc2)c(-c2ccc(C)cc2)c(CC)n1,CHEMBL33403
DEC_0441,decoy,O=C1CC2(CCCC2)CC(=O)N1OCCCN1CCN(C2=NS(=O)(=O)c3ccccc32)CC1,CHEMBL10658
DEC_2587,decoy,Cc1[nH]c2ccccc2c1CCNCC(O)c1cccc(Cl)c1,CHEMBL26175
DEC_0128,decoy,CCOC(=O)c1ccc(NC(=O)CCCCCCCCCCCCCCCBr)cc1,CHEMBL30181
DEC_1725,decoy,Cc1nnc2n1-c1ccc(C#CCN3C(=O)CCc4ccccc43)cc1C(c1ccccc1F)=N[C@H]2C,CHEMBL277246
DEC_3193,decoy,Oc1ccc2c(c1)CN(c1ccc(OCCN3CCCCC3)cc1)c1c-2ccc2cc(O)ccc12,CHEMBL12987
DEC_4129,decoy,Oc1nc2ccc(-n3ccnc3)nc2nc1O,CHEMBL281866
DEC_4105,decoy,Oc1ccc2c(c1O)OCC[C@@H]2C1=NCCN1,CHEMBL286335
DEC_0742,decoy,CCCC1CCNc2cc3oc(=O)cc(C(F)(F)F)c3cc21,CHEMBL6855
DEC_0377,decoy,COc1cc(CN2CCc3nc(N)nc(N)c3C2)cc(OC)c1OC,CHEMBL6899
DEC_3762,decoy,COc1c(I)cc(CC2NCCc3cc(O)c(O)cc32)cc1I,CHEMBL308351
DEC_4268,decoy,O=C(CCc1ccc(O)c(O)c1)NCCc1cc(O)cc(O)c1,CHEMBL19020
DEC_2440,decoy,Ic1ccc(COCCCc2c[nH]cn2)cc1,CHEMBL19010
DEC_4208,decoy,CCCCc1nn(CC(C)C)c(C(=O)O)c1Cc1ccc(-c2ccccc2-c2nn[nH]n2)cc1,CHEMBL21749
DEC_0514,decoy,Cc1cccc(C)c1C(OCC(O)CN1C(C)CCCC1C)c1c(C)cccc1C,CHEMBL277095
DEC_3890,decoy,CCCCc1nc(Cl)c(CC(=O)OC)n1Cc1ccc(N2C(=O)c3ccccc3C2=O)cc1,CHEMBL280193
DEC_0729,decoy,C[C@@]12CCc3occc3C1CC[C@]13CC(O)C(CCC12)C3,CHEMBL284687
DEC_3049,decoy,COc1ccc(Cn2cnc3c2C(OCc2cccc(C)c2)N(C)N(C)C=N3)cc1,CHEMBL9700
DEC_2144,decoy,C(#CCN1CCCCC1)CCC1SCCCS1,CHEMBL296436
DEC_0153,decoy,CCCCC[C@@H]1/C=C\C2[C@H](O)C[C@H](O)[C@@H]2C/C=C\CCCC(=O)O1,CHEMBL274820
DEC_0360,decoy,CCn1cc(C(=O)O)c(=O)c2cc(SC)c(N3CCNCC3)cc21,CHEMBL264318
DEC_2211,decoy,O=C(O)c1ccc(NCC(F)(F)C(F)(F)C(F)(F)C(F)(F)C(F)(F)C(F)(F)C(F)(F)F)cc1,CHEMBL30595
DEC_0220,decoy,CC(C)=C(c1ccccc1OCC(C)(C)C)n1ccnc1,CHEMBL27243
DEC_1382,decoy,C[C@]12CCC(=O)C=C1NCC1C2CC[C@@]2(C)C1CC[C@@H]2C(=O)NC(c1ccccc1)c1ccccc1,CHEMBL24088
DEC_2064,decoy,CC(C)N(CCC1(c2ccccc2)C(=O)N=CN2CCCCC21)C(C)C,CHEMBL25818
DEC_3539,decoy,COc1cc(O)ccc1CN1CCC[C@@H]1C/N=C(\S)N1Cc2ccccc2C[C@H]1CNC(=O)Nc1ccccc1,CHEMBL39272
DEC_2411,decoy,O=C1N[C@@H]2CCCC[C@H]2N1C1CCN(CC2CCCCCCC2)CC1,CHEMBL280778
DEC_0236,decoy,O=C1NC(=O)C(CC#Cc2ccc(C(F)(F)F)cc2)(S(=O)(=O)c2ccccc2)S1,CHEMBL11940
DEC_0914,decoy,CO/C1=C\C(C)=C\[C@@H](C)C(=O)[C@@H](C)C/C(C)=C/C=C/[C@H](OC)[C@@H]([C@@H](C)[C@@H](O)[C@H](C)[C@@]2(O)C[C@@H](O)[C@H](C)[C@@H](C(C)C)O2)OC1=O,CHEMBL55556
DEC_0795,decoy,CCC1OC(/C=C/C2CC2)(C(F)(F)F)c2cc(Cl)ccc2NC1=O,CHEMBL284065
DEC_4194,decoy,CCCCN1CCC[C@H]1CNC(=O)c1cc(Cl)cc2c1OCCN2C,CHEMBL283528
DEC_1829,decoy,CCCCC(OC(=O)C(Cc1ccc(N(CCCl)CCCl)cc1)NC=O)c1cc(O)c2c(c1O)C(=O)c1ccccc1C2=O,CHEMBL284605
DEC_4324,decoy,O=C1N(Cc2ccc(O)cc2)[C@H](Cc2ccc3c(c2)OCCO3)[C@H](O)[C@@H](O)[C@@H](Cc2ccc3c(c2)OCCO3)N1Cc1ccc(O)cc1,CHEMBL287701
DEC_4095,decoy,CC(NC(=O)c1nc(-c2ccc(Cl)cc2Cl)n(-c2ccc(Cl)cc2)n1)c1ccc(Cl)cc1,CHEMBL274983
DEC_1431,decoy,Clc1ccc(C2(Cn3ccnc3)OCC(Cc3ccccc3)O2)c(Cl)c1,CHEMBL30133
DEC_4136,decoy,NS(=O)(=O)OC[C@@]12CCC=C[C@@H]1CCC2,CHEMBL25869
DEC_0528,decoy,FC(F)(F)c1cc(COCC2(c3ccccc3)CCNCC2)cc(C(F)(F)F)c1,CHEMBL422931
DEC_1859,decoy,C=CCCCC=C(c1cc(Br)c(OC)c(C(=O)OC)c1)c1cc(Br)c(OC)c(C(=O)OC)c1,CHEMBL108267
DEC_0448,decoy,CSc1ccc(Cn2c(O)c(CC=C(C)C)c(=O)n3c4c(=O)n(C)c(=O)n(C)c4nc23)cc1,CHEMBL13268
DEC_3712,decoy,CN1C[C@H](CNC(=O)OCc2ccccc2)C[C@@H]2c3ccc(C(C)(C)C)c4[nH]cc(c34)C[C@H]21,CHEMBL275873
DEC_0805,decoy,CCCc1cc(=O)oc2c3c(c4c(c12)OC(C)(C)C=C4)O[C@H](C)[C@@H](C)[C@H]3O,CHEMBL7121
DEC_4725,decoy,CSN1CC2(CCN(C(=O)N[C@@H](Cc3c[nH]c4ccccc34)C(=O)N(C)Cc3cc(C)cc(C)c3)CC2)c2ccccc21,CHEMBL74237
DEC_3731,decoy,CNc1cc(NC(=O)OC)ccc1Nc1c2ccc(Cl)cc2nc2c(OC)cccc12,CHEMBL41639
DEC_4590,decoy,C=CCCC[C@H](OC(=O)[C@@H]1CCCCN1C(=O)C(=O)[C@]1(O)OCCC[C@H]1C)/C(C)=C/[C@@H]1CC[C@@H](O)[C@H](OC)C1,CHEMBL287350
DEC_4509,decoy,Cc1ccc(CC2CCN(CC(O)COc3cccc4ccccc34)CC2)cc1,CHEMBL28458
DEC_2623,decoy,CN(CCCc1ccccc1)Cc1cccc2ccccc12,CHEMBL22782
DEC_4127,decoy,O=NN(CCF)C(=O)NC1CCSCC1,CHEMBL12509
DEC_2551,decoy,CC1OC(/C=C/C2CC2)(C(F)(F)F)c2cc(F)ccc2NC1=O,CHEMBL287650
DEC_1157,decoy,N[C@H](C(=O)N1CCSC1)C1CCCCC1,CHEMBL23223
DEC_1807,decoy,CCCC(=O)Nc1ccc(-c2nc3n(Cc4ccccc4F)cc(C(=O)OC(CC)CC)c(=O)n3c2CN(C)Cc2ccco2)cc1,CHEMBL71793
DEC_0385,decoy,CCCc1cc(=O)oc2c3c(c4c(c12)OC(C)(C)C=C4)O[C@H](CC)[C@@H](C)C3=O,CHEMBL7633
DEC_4249,decoy,NC(C(=O)O)c1cc(CP(=O)(O)O)cc(-c2ccccc2)c1,CHEMBL28744
DEC_4018,decoy,O=C(O)C1=NN2C(=O)Nc3cc(Cl)c(Cl)cc3C2C1,CHEMBL8693
DEC_1373,decoy,CC(=O)[C@@]12OC(C)(c3ccc(N=[N+]=[N-])cc3)O[C@@H]1CC1C3CCC4=CC(=O)CC[C@]4(C)C3CC[C@@]12C,CHEMBL417252
DEC_4492,decoy,CCC1=NC(=O)C(CCN(C(C)C)C(C)C)(c2ccccc2)C2CCCCN12,CHEMBL281802
ACT_047,active,CC(C)(c1cc(Br)c(O)c(I)c1)c1cc(Br)c(O)c(I)c1,CHEMBL1964382
DEC_2247,decoy,CCN(CC)Cc1cccc(Nc2cc(C(F)(F)F)nc(/N=C(\N)Nc3ccc(Cl)c(Cl)c3)n2)c1,CHEMBL415252
DEC_1137,decoy,N=C(N)c1ccc(NC(=O)NCC(=O)NCc2ccc(Cl)c(Cl)c2)cc1,CHEMBL34067
DEC_3718,decoy,N=C(NC1CCCC1)c1ccc(-c2ccc(-c3ccc(C(=N)NC4CCCC4)cc3)o2)cc1,CHEMBL25999
DEC_0994,decoy,Nc1ccn(C2CC(O)C(O)C(COP(=O)(O)O)O2)c(=O)n1,CHEMBL9569
DEC_3918,decoy,Nc1nc2c(cnn2CCCc2ccc(C(=O)O)cc2)c2nc(-c3ccco3)nn12,CHEMBL279254
DEC_0865,decoy,C=C1[C@@H](OC(=O)/C=C/c2ccccc2)CC[C@@]2(C)[C@@H](OC(C)=O)[C@H](OC(C)=O)[C@@]34[C@H](C)C(=O)C[C@@H]([C@@H](OC(C)=O)C132)C4(C)C,CHEMBL329225
DEC_4188,decoy,CCCCOC1(C(F)(F)F)OC(=O)Nc2ccc(Cl)cc21,CHEMBL17713
DEC_0969,decoy,CC(C)Oc1ccc(Sc2ccc(NC3=NCCN3)cc2)cc1,CHEMBL9604
ACT_028,active,O=C1Nc2ccccc2/C1=C/c1c[nH]nc1-c1ccccc1[N+](=O)[O-],CHEMBL2347053
DEC_3081,decoy,O=C(O)CC/C=C/c1cc(Cc2cccnc2)cc2c1CCC(NS(=O)(=O)c1ccc(Cl)cc1)C2,CHEMBL28789
DEC_1226,decoy,Cc1ccc(C#Cc2ccc(S(=O)(=O)NC(CC#Cc3ccccc3)C(=O)O)cc2)cc1,CHEMBL10180
DEC_2341,decoy,CCCc1c2oc(C(=O)O)cc(=O)c2cc2c(=O)cc(C(=O)O)n(CC)c12,CHEMBL746
DEC_0476,decoy,N#C/C(=C(/N)Sc1ccccc1N)c1cccc(C(O)c2ccc3c(c2)OCCO3)c1,CHEMBL34072
DEC_4821,decoy,Cc1cc(C#N)sc1-c1ccc2c(c1)C1(CCCCC1)C(S)=N2,CHEMBL28031
DEC_0291,decoy,Cc1cc(C(c2ccc(C(C)C)cc2)N2CCNCC2)sn1,CHEMBL277458
DEC_3324,decoy,Cc1ccc(-n2cc(C(=O)O)c(=O)c3cc(F)c(N4CCN(C)CC4)cc32)cc1,CHEMBL283229
DEC_4798,decoy,CCC1CCNc2cc3c(cc21)c(C(F)(F)F)cc(=O)n3C,CHEMBL27297
DEC_3696,decoy,Cc1nc(COc2ccc3c(c2)[C@@H](O)[C@@H](Cc2cccnc2)CO3)ccc1Br,CHEMBL31325
DEC_2891,decoy,CN(C(=O)[C@H](N=C=S)c1ccccc1)[C@H]1CCCC[C@@H]1N1CCCC1,CHEMBL17336
DEC_4592,decoy,CCCC(=O)O[C@H]1C(O)[C@H](OCC23C[C@@H]4[C@H](C)CC[C@H]4C4(C=O)CC2C=C(C(C)C)C34C(=O)O)O[C@H](C)[C@H]1OC,CHEMBL428678
DEC_1561,decoy,CC(C)CN(C[C@H](O)[C@H](Cc1ccccc1)NC(=O)[C@H](CC(N)=O)NC(=O)c1ccc2ccccc2n1)C(=O)NC(C)(C)C,CHEMBL99317
DEC_0619,decoy,O=C(NO)c1ccc(CNC(=O)c2cccc3ccccc23)cc1,CHEMBL28280
DEC_0692,decoy,CN1C(=O)C=C[C@]2(C)C3CC[C@@]4(C)C(CC[C@@]4(O)C#CCCI)C3CCC12,CHEMBL417973
DEC_2226,decoy,CCCCc1nc2ccn(Cc3cccs3)c(=O)c2n1Cc1ccc(-c2ccccc2-c2nn[nH]n2)cc1,CHEMBL289507
DEC_3661,decoy,CC(C)c1cccc(C(C)C)c1OS(=O)(=O)NC(=O)Oc1c(F)c(F)c(F)c(F)c1F,CHEMBL282671
DEC_1281,decoy,C/C=C\COC1(C(F)(F)F)OC(=O)Nc2ccc(Cl)cc21,CHEMBL17567
DEC_3638,decoy,CSc1sc(C(=N)N)cc1-c1csc(-c2ccccc2)n1,CHEMBL29250
DEC_2723,decoy,COC(=O)C1=C[C@]2(C)[C@H]3CC=C4C5CC(C)(C)CC[C@]5(C(=O)OC)CC[C@@]4(C)[C@]3(C)CC[C@H]2C(C)(C)C1=O,CHEMBL55218
DEC_0954,decoy,CC(C)(C)c1cc(/C=C2\SC(NO)=NC2=O)cc(C(C)(C)C)c1O,CHEMBL277721
DEC_1780,decoy,Fc1ccc([C@H]2OCO[C@]2(Cn2cncn2)c2ccc(Cl)cc2Cl)cc1,CHEMBL266615
DEC_3839,decoy,CC(C)(N)CC(=O)NC1Sc2ccccc2N(Cc2ccc(-c3ccccc3-c3nn[nH]n3)cc2)C1=O,CHEMBL281585
DEC_1255,decoy,CC1CC(=O)NN=C1c1ccc(-n2cnc3c2CCCC3)cc1,CHEMBL282765
DEC_0362,decoy,C(CN1CCC(C2=NCCN2)CC1)CN1CCC(C2=NCCN2)CC1,CHEMBL10288
DEC_0690,decoy,C[C@]1(c2ccc(F)cc2)O[C@@H]2CC3C4CCC5=CC(=O)CC[C@@H]5C4CC[C@]3(C)[C@]2(C(=O)CO)O1,CHEMBL413313
DEC_3317,decoy,CS(=O)(=O)c1ccc(C2=C(c3cncc(Br)c3)C(=O)CC2)cc1,CHEMBL24381
DEC_1818,decoy,CCCC(C(=O)N[C@@H](CC(=O)O)C(=O)COc1ccccc1)n1c(-c2ccccc2)ccc(NC(=O)c2cccc3ccccc23)c1=O,CHEMBL26027
DEC_3156,decoy,CC/C1=C(\c2ccc(O)cc2)c2ccc(OCC(O)CO)cc2SCc2ccccc21,CHEMBL278888
DEC_0450,decoy,CN1CCN(c2c(F)cc3c(=O)c(C(=O)O)cn(N4CC4c4ccccn4)c3c2F)CC1,CHEMBL37517
DEC_2759,decoy,CC(C)C1=CC2CC3(C=O)[C@@H]4CC[C@@H](C)[C@H]4CC2(CO[C@@H]2O[C@H](C)[C@H]4OC[C@H](C)[C@H]4[C@@H]2O)C13C(=O)O,CHEMBL297124
DEC_2437,decoy,O=C(c1ccc(Br)cc1)c1ccc2n1CCC2C(=O)O,CHEMBL8991
DEC_3911,decoy,COc1cc([C@@H]2c3cc4c(cc3[C@@H]3OC[C@H]2[C@@H]3CO)OCO4)cc(OC)c1OC,CHEMBL279124
DEC_1762,decoy,CCCOc1nnc(-c2cc(C(C)(C)C)c(O)c(C(C)(C)C)c2)s1,CHEMBL279387
DEC_4063,decoy,CC1=C2NCC3C(CC[C@@]4(C)C3CC[C@@H]4C(=O)Nc3cc(C(F)(F)F)ccc3C(F)(F)F)[C@@]2(C)CCC1=O,CHEMBL25183
DEC_1273,decoy,C[n+]1ccc(/C=N/c2nc3ccccc3[nH]2)cc1.F[B-](F)(F)F,CHEMBL289933
DEC_4108,decoy,NC(CS)CC1CCC(CC(=O)O)CC1,CHEMBL27040
DEC_2227,decoy,Cc1[nH]cnc1CN1c2ccccc2CN(S(=O)(=O)c2ccc(C(C)(C)C)cc2)CC1CCc1ccccc1,CHEMBL8153
DEC_4213,decoy,O=C(O)CCC/C=C\C[C@H]1[C@H](NS(=O)(=O)c2ccc(F)cc2)C2CC1(c1ccc(F)cc1)CO2,CHEMBL10680
ACT_038,active,CCSc1ccc2c(-c3c(-c4ccccn4)nn4c3CCC4)ccnc2c1,CHEMBL119936
DEC_0054,decoy,C=C1/C(=C\C=C2/CCCC3(C)C([C@H](C)CC#CC(C)(C)O)=CCC23)C[C@@H](O)C[C@@H]1O,CHEMBL35115
DEC_3222,decoy,CC(C)C(=O)C1=C(O)C(C)(C)C(O)=C(C(=O)C(C)C)C1=O,CHEMBL19916
DEC_0664,decoy,O=C(NC1CCN(C/C2=C/CCCCCC2)CC1)C1c2ccccc2Oc2ccccc21,CHEMBL33277
DEC_1930,decoy,Cc1ccc2c(c1)CC(O)c1cc(C(C)C(=O)O)ccc1S2,CHEMBL416148
DEC_3237,decoy,CC(C)CCc1nc2c([nH]1)N1C(=N[C@@H]3CCC[C@@H]31)N(C)C2=O,CHEMBL18744
DEC_0049,decoy,CSc1sc(C(=N)N)cc1-c1nc(-c2ccc3c(c2)OCCCO3)cs1,CHEMBL281898
DEC_0621,decoy,CC1=CC(C)(C)Nc2ccc3c(c21)C(c1ccc(Cl)cc1)Oc1ccccc1-3,CHEMBL286595
DEC_1612,decoy,N#CCCN1N=C(c2ccc(OCc3ccccc3)cc2)OCC1=S,CHEMBL16541
DEC_2842,decoy,COc1cc(NC(C)CCCN)c2nccc(COc3cccc(C(F)(F)F)c3)c2c1Oc1cccc(C(F)(F)F)c1,CHEMBL53499
DEC_3600,decoy,CCSc1ccnc(C[S+]([O-])c2nc3ccccc3n2C(=O)OCc2ccc([N+](=O)[O-])cc2)c1C,CHEMBL275283
DEC_2092,decoy,CC(C)N(C(=O)N1C[C@H](N)[C@H](C(=O)O)C1)C(C)C,CHEMBL19197
DEC_3779,decoy,C[C@@H]1C[C@H]2O[C@@H]2/C=C\C=C\C(=N/OCC(=O)NCC2CCCCC2)Cc2c(Cl)c(O)cc(O)c2C(=O)O1,CHEMBL85730
DEC_3355,decoy,C=C1/C=C(\C)[C@H](CC)OC(=O)[C@H](C)C(=O)[C@@](O)(CO)[C@@H](OC)/C=C/[C@@H](C)C1,CHEMBL33428
DEC_0267,decoy,CC1=C(C(=O)OC(c2ccccc2)c2ccccc2)N2C(=O)[C@@H](NC3=NCC(C)N3)C2SC1,CHEMBL269316
DEC_0143,decoy,CC(=O)OC[C@@]1(O)C[C@@]23CCC4C5=C(CC[C@@]4(C)C2CCC1C3)OCC5,CHEMBL31113
DEC_2712,decoy,CC1=C2NCC3C(CC[C@@]4(C)C3CC[C@@H]4C(=O)N(c3ccc(Cl)cc3)C3CCCC3)[C@@]2(C)CCC1=O,CHEMBL283123
DEC_2787,decoy,CCCCCCC[C@H]1OC(=O)C[C@@H](O)[C@H](Cc2ccccc2)N(C)C(=O)[C@H](C(C)C)OC(=O)[C@H]1C,CHEMBL269137
DEC_1077,decoy,CCO/N=C(\c1ccc(Br)cc1)C1CCN(C2(C)CCN(C(=O)c3c(C)cc[n+]([O-])c3C)CC2)CC1,CHEMBL78535
DEC_0717,decoy,O=C1NC(=O)C(CC#Cc2ccc(Cl)cc2)(S(=O)(=O)c2ccc(Br)cc2)S1,CHEMBL12201
DEC_4546,decoy,CSc1ccc2c(cc1=O)[C@@H](NC(=O)c1ccc(CBr)cc1)CCc1cc(O)c(O)c(O)c1-2,CHEMBL294164
DEC_3113,decoy,CN(Cc1ccc2nc(CF)nc(O)c2c1)c1ccc(C(=O)N[C@H](CCC(=O)O)C(=O)O)s1,CHEMBL289697
DEC_1567,decoy,COC(=O)[C@H]1O[C@@H](Oc2ccc([C@@H]3[C@@H](CC[C@H](O)c4ccc(F)cc4)C(=O)N3c3ccc(F)cc3)cc2)[C@H](O)[C@@H](O)[C@@H]1O,CHEMBL107809
DEC_0547,decoy,C=C1CCC2[C@](C)(CCC[C@]2(C)C(=O)OC)[C@H]1CCc1ccc2c(c1)C(=O)C=CC2=O,CHEMBL23442
DEC_2155,decoy,COOC1(OOC)CCC(C(C)(C)C)CC1,CHEMBL285356
DEC_2920,decoy,Cn1c2c(c3ccccc31)C(C)(c1cccc(CCCC(=O)O)c1)c1cc(C(=O)O)sc1C2=O,CHEMBL416531
DEC_2733,decoy,Cc1nnc2n1-c1sc(C#CCn3c4c(c5ccccc53)CCCC4)cc1C(c1ccccc1Cl)=NC2,CHEMBL278072
DEC_3815,decoy,CCN(CC)Cc1ccc(C(=O)OCC(=O)[C@@]2(O)CCC3C4CCC5=CC(=O)CCC5(C)C4C(O)CC32C)cc1,CHEMBL311170
DEC_3955,decoy,Nc1nc(NCC[C@H]2CC[C@H](CNS(=O)(=O)c3cccc4ccccc34)CC2)nc2ccccc12,CHEMBL278881
DEC_4281,decoy,N=C(N)c1ccc(C(=O)Nc2cccc(CCC(=O)O)c2)cc1,CHEMBL8283
DEC_1593,decoy,COc1nc(C(Cl)(Cl)Cl)c(Cl)c(OC(C)C)c1Cl,CHEMBL269389
DEC_4570,decoy,CCCCc1nc(Cl)c(C(=O)O)n1Cc1ccc2oc(-c3ccccc3-c3nnn[nH]3)c(Br)c2c1,CHEMBL304639
DEC_3301,decoy,COc1cc([C@@H]2c3cc4c(cc3[C@@H](Nc3ccc(F)cc3)[C@H]3COC(=O)[C@]23F)OCO4)cc(OC)c1O,CHEMBL285213
DEC_0854,decoy,CN1C(=O)CN=C(c2ccccc2)c2cc(Cl)ccc21.O=C(OCc1ccoc1)c1cnn2c1n[n+]([O-])c1ccc(Cl)cc12,CHEMBL154814
DEC_3651,decoy,Cn1cc(CCNCC(O)c2cccc(Cl)c2)c2ccccc21,CHEMBL286528
DEC_3798,decoy,C[C@@H](n1cnc2cc(I)ccc2c1=O)[C@](O)(Cn1cncn1)c1ccc(F)cc1F,CHEMBL58831
DEC_3544,decoy,CCOc1c(Br)cc(Br)cc1CN[C@H]1CCC[C@@H]1CNc1cc(O)c2ccccc2n1,CHEMBL278607
DEC_0894,decoy,CO/C1=C\C(C)=C\[C@@H](C)[C@@H](O)[C@@H](C)C/C(C)=C/C=C/[C@H](OC)[C@@H]([C@@H](C)[C@@H](O)[C@H](C)[C@@]2(OC)C[C@@H](O)[C@H](C)[C@@H](C(C)C)O2)OC1=O,CHEMBL299049
DEC_3986,decoy,N=C(N)c1cccc(Oc2cc([N+](=O)[O-])ccc2C(=O)Nc2ccc(-c3ccccc3S(N)(=O)=O)cc2)c1,CHEMBL417349
DEC_2304,decoy,O=C1NC(=O)C(CC#Cc2ccccc2)(S(=O)(=O)c2ccccc2)S1,CHEMBL12072
DEC_0348,decoy,CC1(C)O[C@H]2[C@@H]3O[C@](C)(C(C)(C)C)O[C@@H]3CO[C@@]2(COS(N)(=O)=O)O1,CHEMBL283935
DEC_3259,decoy,O=[N+]([O-])c1cccc(Cn2c3c(c4ccccc42)C[C@@]2(O)[C@H]4Cc5ccc(O)c6c5[C@@]2(CCN4CC2CC2)[C@H]3O6)c1,CHEMBL277291
DEC_1013,decoy,C=CCC1(C(C)C#CCC)C(=O)NC(=S)NC1=O,CHEMBL277640
DEC_2203,decoy,C=C1/C(=C\C=C2/CCC[C@]3(C)C([C@H](C)CCCC(O)(C(F)(F)F)C(F)(F)F)CC[C@@H]23)C[C@@H](O)C[C@@H]1O,CHEMBL284143
DEC_1011,decoy,C=CCC1(C(C)C#CCC)C(=O)NC(=O)N(C)C1=O,CHEMBL7413
DEC_3917,decoy,c1cc(C2=NCCN2)ccc1CC1CCN(c2ccc(C3=NCCN3)cc2)CC1,CHEMBL9479
DEC_4781,decoy,CCc1c(Cl)nc(NCc2ccc3c(n2)NCCC3)c(=O)n1CC(=O)N[C@@H](CC(=O)O)c1cccc(F)c1,CHEMBL53145
DEC_4511,decoy,CC(C)c1cccc(C(C)C)c1OC(=O)NS(=O)(=O)N(C(C)C)C(C)C,CHEMBL21794
DEC_1863,decoy,CCCCCC=C(c1cc(Br)c(OC)c(C(=O)OC)c1)c1cc(Br)c(OC)c(C(=O)OC)c1,CHEMBL58542
DEC_0951,decoy,CC(=O)c1cc2c(s1)[C@@H](NC(=O)c1ccco1)[C@H](O)C(C)(C)O2,CHEMBL28020
DEC_4675,decoy,Cc1cc(C(=O)Nc2ccc(C(=N)N(C)C)s2)n(-c2cc3ccccc3cc2F)n1,CHEMBL20651
DEC_1319,decoy,Cc1cc(C)cc(-c2[nH]c3ccc(C(=O)N(C)C)cc3c2CCNCCCCc2ccc(NS(C)(=O)=O)cc2)c1,CHEMBL295908
DEC_2635,decoy,CCCCc1ccc(N)c(C[S+]([O-])c2nc3ccccc3[nH]2)c1,CHEMBL20321
DEC_2852,decoy,CN(c1nc2ccccc2c(=O)o1)c1ccccc1I,CHEMBL10768
DEC_4655,decoy,O=C(O)Cc1nn(Cc2nc3cc(Cl)c(Cl)cc3s2)c(=O)c2ccccc12,CHEMBL20925
DEC_2695,decoy,C=C(c1ccccc1OC(C)c1ccc(Cl)cc1)n1ccnc1,CHEMBL25911
DEC_3179,decoy,COc1ccc(C(C2=C(O)C(=O)c3ccccc3C2=O)c2ccc(C(C)C)cc(=O)c2O)cc1,CHEMBL275156
DEC_3280,decoy,Cc1cccc(C)c1C(=O)N1CCC(N2CCN([C@@H](C)c3ccc(Cc4ccc5c(c4)OCO5)cc3)[C@@H](C)C2)CC1,CHEMBL264442
DEC_3782,decoy,N[C@H](Cc1cc(I)c(Oc2ccc(O)cc2)c(I)c1)C(=O)O,CHEMBL555
DEC_4636,decoy,CCN(CC)CCn1nc2c3c(c(NCCN4C(=O)c5ccccc5C4=O)ccc31)Sc1cc(O)ccc1-2,CHEMBL36697
DEC_2821,decoy,CCCCc1oc2ccccc2c1Cc1ccc2c(I)c(OC(Cc3ccccc3)C(=O)O)ccc2c1,CHEMBL282708
DEC_4389,decoy,O=C1CS(=O)(=O)Nc2cc(OCc3ccc4ccccc4n3)ccc21,CHEMBL18045
DEC_2905,decoy,CC(C)=CCN1C(=NC#N)N(CC=C(C)C)[C@H](Cc2ccccc2)[C@H](O)[C@@H](O)[C@H]1Cc1ccccc1,CHEMBL34656
DEC_3550,decoy,CC(=O)Nc1nc(CCC2(C(C)C)CC(=O)C(Sc3cc(C)c(CO)cc3C(C)(C)C)=C(O)O2)cs1,CHEMBL431976
DEC_1021,decoy,CC(C)N1CCN(C(C)C)C(CC2=NCCN2)C1,CHEMBL41097
DEC_2196,decoy,NC(=O)N1CCC(CC(=O)N2CCC([C@@H]3c4ncc(Br)cc4C=Cc4cc(Cl)cc(Br)c43)CC2)CC1,CHEMBL364342
DEC_1329,decoy,CCCCc1nc(SC)c(C(=O)O)n1Cc1ccc(-c2ccccc2S(=O)(=O)/N=C(/S)NCCC)cc1,CHEMBL441990
DEC_1866,decoy,CN(C)CCCNC(=O)c1cc(C(C)(C)C)cc2c1Oc1c(C(=O)NCCCN(C)C)cc(C(C)(C)C)cc1C2(C)C,CHEMBL276818
DEC_2662,decoy,Cc1cc2c(s1)CN(C)CC2(C)c1ccc(Br)cc1,CHEMBL15654
DEC_1903,decoy,C[C@@]12Cc3cc(Br)ccc3C[C@@H](N1)c1ccccc12,CHEMBL443251
DEC_2415,decoy,C=C(c1c(C)ccc(Cl)c1OCC(O)CNC(C)(C)C)n1ccnc1,CHEMBL14989
DEC_1084,decoy,COc1cccc2c1CC[C@H]1CN(CCn3c(=O)[nH]c4c(sc5nc(-c6ccccc6)cnc54)c3=O)C[C@@H]21,CHEMBL296711
DEC_1120,decoy,Nc1nc(N)c2c(Cl)c(NC(=O)Cc3cccc(Br)c3)ccc2n1,CHEMBL7481
DEC_0822,decoy,C=CCCC1(O)C(C)=C[C@@H](OC(C)=O)[C@@]2(C)C1CC[C@]1(C)C2[C@H](OC(C)=O)[C@H](OC(C)=O)[C@@]2([C@@H](C)OC(C)=O)COCC=CC12,CHEMBL368019
DEC_3926,decoy,O=C1Nc2cccc3c2C1(CCCCN1CCN(c2ccccn2)CC1)CCC3,CHEMBL428494
DEC_3076,decoy,Cc1cc(O)nnc1-c1ccc2nc(C3CC3)n(Cc3ccc(-c4ccccc4-c4nn[nH]n4)cc3)c2c1,CHEMBL24266
DEC_1043,decoy,Nc1nc(O)c2c(n1)CCC(CBr)C2,CHEMBL25384
DEC_0910,decoy,Cc1ccccc1CNC(=O)[C@H]1N(C[C@@H](O)C[C@@H](Cc2ccccc2)C(=O)N[C@H]2c3ccccc3OC[C@H]2O)CSC1(C)C,CHEMBL54182
DEC_0688,decoy,COc1cccc2c1CC[C@H]1CN(CCn3c(=O)[nH]c4c(sc5ccc(Cl)nc54)c3=O)C[C@@H]21,CHEMBL295741
DEC_2581,decoy,CC/N=C(\NCC)Nc1ccc(Sc2ccc(OC)cc2)cc1,CHEMBL9690
DEC_3614,decoy,Nc1nc(N)c2c(/C=C/c3ccc4ccccc4c3)cccc2n1,CHEMBL6823
DEC_0983,decoy,CNC(=O)[C@@]12C[C@@H]1[C@@H](n1cnc3c(NC)nc(Cl)nc31)[C@H](O)[C@@H]2O,CHEMBL283057
DEC_1352,decoy,CC1(C)CC[C@]2(C(=O)O)CC[C@]3(C)C(=C2C1)CC(=O)[C@@H]1[C@@]2(C)C=CC(=O)C(C)(C)[C@@H]2CC[C@]13C,CHEMBL433460
DEC_2138,decoy,CCN(C)CC#CCCC1SCCCS1,CHEMBL290505
DEC_1303,decoy,O=C(O)CCC/C=C/c1c(Cc2cccnc2)ccc2c1CCC(NS(=O)(=O)c1ccc(Cl)cc1)C2,CHEMBL28776
DEC_2084,decoy,CCOC(C)n1c([S+]([O-])Cc2ccccn2)nc2ccccc21,CHEMBL9862
DEC_4632,decoy,COC(=O)C(Cc1ccc(N(CCCl)CCCl)cc1)NC(=O)CC(C)(C)C1=C(C)C(=O)C(C)=C(C)C1=O,CHEMBL419098
DEC_4196,decoy,COc1cc2c3c4c(cc5c3n(c2cc1OC)C(=O)CC5)CNCC4,CHEMBL22397
DEC_1186,decoy,Nc1nc2ccnc(-c3ccccc3F)n2n1,CHEMBL21285
DEC_3836,decoy,CN/C(S)=N/S(=O)(=O)c1cc(CCNC(=O)c2cc(Cl)ccc2OC)ccc1Br,CHEMBL12541
DEC_4740,decoy,CC(C)(O)/C=C/C[C@](C)(O)[C@H]1CC[C@@](C)([C@H]2CC[C@H]([C@]3(C)CC[C@H]([C@@](C)(O)C/C=C/C(C)(C)OO)O3)O2)O1,CHEMBL64580
DEC_4325,decoy,COc1cc(CC(=O)OCC2=C[C@H]3[C@@H]4C(C)(C)[C@]4(OC(C)=O)C(OC(C)=O)[C@@H](C)C3(O)[C@@H]3C=C(C)C(=O)[C@@]3(OC)C2)ccc1O,CHEMBL98435
DEC_3441,decoy,CCO/C(O)=C1\C(COCc2cc(=O)n(Cc3ccccn3)c(N)n2)=NC(C)=C(C(=O)OC)C1c1cccc(Cl)c1Cl,CHEMBL76146
DEC_3351,decoy,CC(C)(C)OC(=O)c1ncn2c1CN(C(=O)N1CCCCC1)c1ccccc1-2,CHEMBL15079
DEC_0750,decoy,c1ccc2sc(C3(N4CCCC4)CCCCC3)cc2c1,CHEMBL18618
DEC_2025,decoy,CC(C(=O)c1ccccc1)n1c2c(c(=O)n3nc(-c4ccccc4)cc13)CN(C1CCCCC1)C2=O,CHEMBL45813
DEC_0466,decoy,CCn1c(=O)c2nc(-c3ccc(S(=O)(=O)N4CCSCC4)cc3)[nH]c2n(CC)c1=O,CHEMBL275262
DEC_0156,decoy,CC1(C)CC(=O)c2c(SCCO)sc(-c3nccs3)c2C1,CHEMBL17603
DEC_4073,decoy,CSc1nn(-c2c(Cl)cc(Cl)cc2Cl)c2nc(C)nc(-c3ccccc3C(F)(F)F)c12,CHEMBL10174
DEC_2405,decoy,Cc1c(F)c(N2CCC(N)C2)c(Cl)c2c1c(=O)c(C(=O)O)cn2C1CC1,CHEMBL279842
DEC_4447,decoy,Cc1cc(C)cc(Sc2c(C(C)C)c(=O)[nH]c(=O)n2COCCO)c1,CHEMBL276108
DEC_1581,decoy,CC(=O)CCCC(=O)NC1N=C(c2ccccc2)c2ccccc2N(CC(=O)N[C@@H](Cc2ccc(F)cc2)C(N)=O)C1=O,CHEMBL436540
DEC_2579,decoy,c1ccc2nc(CCN3CCc4c([nH]c5ccccc45)C3)ccc2c1,CHEMBL274781
DEC_1592,decoy,CCCCC[C@](C)(O)/C=C/C1[C@@H]2C[C@@H](O)[C@H]1C/C=C\CCCC(=O)O2,CHEMBL12539
DEC_0521,decoy,CCCCCN(C=O)[C@H]1CCC2C3CC[C@H]4N(C)C(=O)CC[C@]4(C)C3CC[C@@]21C,CHEMBL275153
DEC_1616,decoy,CCOc1c(Cl)c(OC)nc(C(Cl)(Cl)Cl)c1Cl,CHEMBL269391
DEC_1185,decoy,COC(=O)c1cn2c(n1)COc1ccccc1-2,CHEMBL273928
DEC_4291,decoy,CC[C@H]1OC(=O)CC(O)[C@H](C)[C@@H](O[C@@H]2O[C@H](C)C[C@H](N(C)C)[C@H]2O)[C@@H](CCN(C)CCO)C[C@@H](C)C(=O)/C=C/C(C)=C/[C@@H]1C,CHEMBL8838
DEC_2918,decoy,CC(C)c1ccc(C(c2ccc3c(c2)OCO3)c2ccc(C(C)C)cc(=O)c2O)c(O)c(=O)c1,CHEMBL19582
DEC_0682,decoy,Cc1cc(C)c(S(=O)(=O)[O-])c(C)c1.Cc1cc2c3c(cc(C)[n+]2nc1C)[nH]c1ccccc13,CHEMBL263737
DEC_3995,decoy,CC(C)Oc1cccc(-n2c(NNC(=O)Nc3cccc(C(=O)OC(C)(C)C)c3)nc3ccccc3c2=O)c1,CHEMBL8890
DEC_2246,decoy,N#CN=C1N(CC2CCCCC2)[C@H](Cc2ccccc2)[C@H](O)[C@@H](O)[C@@H](Cc2ccccc2)N1CC1CCCCC1,CHEMBL286456
DEC_0030,decoy,CCCCCCCCC#Cc1ccc2c(c1)[C@@H](CO)NC(=O)[C@H](C(C)C)N2C,CHEMBL28567
DEC_0893,decoy,CC(C)C[C@@H]1OC(=O)C(C)(C)CNC(=O)[C@@H](CCc2ccccc2)NC(=O)/C=C/C[C@@H]([C@H](C)/C=C/c2ccccc2)OC1=O,CHEMBL313117
DEC_0506,decoy,Cc1ccc(C(Cn2ccnc2)O/C(S)=N\c2ccc(Cl)cc2)c(C)c1,CHEMBL268210
DEC_4081,decoy,CN(O)C(=O)c1ccc(-c2ccc(Cl)cc2)c(N(C)C(=O)c2cc(C(F)(F)F)cc(C(F)(F)F)c2)c1,CHEMBL62649
DEC_2048,decoy,CCC(c1ccc(O)cc1)C(CBr)c1ccc(O)cc1,CHEMBL25297
DEC_0599,decoy,O=C(Nc1ccc(OCc2ccccc2)cc1)P(=O)(O)O,CHEMBL24656
DEC_1868,decoy,CC(C)(C)OCC12CC(C(=O)Oc3ccccc3)C(c3ccco3)N1C(=O)CN(CCCCc1ccccc1)C2=O,CHEMBL275272
DEC_2450,decoy,C/C=C/CN(C1=NCCN1)c1c(Br)cccc1Br,CHEMBL20588
DEC_3375,decoy,NCC1CCCN(c2c(F)cc3c(=O)c(C(=O)O)cn(C4CC4)c3c2Cl)C1,CHEMBL15347
DEC_0833,decoy,COC1=C(OC)[C@@]2(OC)c3c(OC)c(OC)c4c(c3O[C@@]23O[C@@H](c2ccccc2)CC=C3C1=O)[C@@H](OC)C[C@H](c1ccccc1)O4,CHEMBL284830
DEC_2266,decoy,C=CCONC1=NC(=O)/C(=C/c2cc(C(C)(C)C)c(O)c(C(C)(C)C)c2)O1,CHEMBL277515
DEC_2270,decoy,Cc1cc(C(c2ccc(C(C)C)cc2)N2CCN(CCO)CC2)sn1,CHEMBL25161
DEC_0988,decoy,CC(=O)Nc1nc(=O)n(C2CSC(CO)(CO)O2)cc1Br,CHEMBL28416
DEC_1844,decoy,CCN(C/C=C/C#CC(C)(C)C)Cc1cccc(OCCN(C)S(=O)(=O)c2cc(-c3ccsc3)cs2)c1,CHEMBL27154
DEC_2895,decoy,CC(C)c1ccccc1Sc1c(O)cc(-c2ccccc2)oc1=O,CHEMBL12844
DEC_2948,decoy,CCc1ccc(C#Cc2ccc(S(=O)(=O)N[C@H](Cc3c[nH]c4ccccc34)C(=O)O)s2)cc1,CHEMBL47971
DEC_1161,decoy,O=c1c(CO)coc2c1COc1ccccc1-2,CHEMBL285130
DEC_2291,decoy,C=CCCC(=O)O[C@H](CC=C(C)C)C1=CC(=O)c2c(O)ccc(O)c2C1=O,CHEMBL276448
DEC_3703,decoy,C[C@H](CCCC(C)(C)O)C1CCC2/C(=C/C3OOCC4=C3C[C@@H](O)CC4)CCCC21C,CHEMBL15752
DEC_0349,decoy,CC1=C(C(=O)O)N2C(=O)C(NC(=O)CCON=C3CCCCC3)C2SC1,CHEMBL31810
DEC_1257,decoy,CC(C)[C@@H]1CCc2cc3c(C(F)(F)F)cc(O)nc3cc2N1,CHEMBL267850
DEC_1409,decoy,N#Cc1c2n(c3c(SCc4ccc(Cl)cc4)ncnc13)CCCCC2,CHEMBL281938
ACT_069,active,CN1C[C@@H]2C[C@H]1CN2c1cc(F)c(-c2ccnc3c(-c4cccc5[nH]ncc45)c(-c4ccncc4)nn23)c(F)c1,CHEMBL1276179
DEC_1846,decoy,[O-][n+]1ccc(CC(c2ccc(C(O)(c3ccccc3)c3ccccc3)nc2)c2ccc(OC(F)F)c(OC(F)F)c2)cc1,CHEMBL299931
DEC_1128,decoy,Cc1c(NC(=O)Cc2cccc(Br)c2)ccc2nc(N)nc(N)c12,CHEMBL269235
DEC_2206,decoy,CCCCCCCCN1C(=O)NC(c2ccc(Br)cc2)(c2ccc(Br)cc2)C1=O,CHEMBL51191
DEC_4836,decoy,O=[N+]([O-])c1cc(/C=N/c2ccc(-c3ncon3)cc2)ccc1Cl,CHEMBL416004
DEC_2081,decoy,CCCc1cc(=O)oc2c3c(c4c(c12)OC(C)(C)C=C4)OC[C@H](C)[C@H]3O,CHEMBL269062
DEC_1988,decoy,COC1=C[C@]23C[C@H](C[C@H](c4cc5c(cc4Br)OCO5)[C@H]2C)OC3=C(Br)C1=O,CHEMBL44311
DEC_1978,decoy,COCCOCc1ccc2ccccc2c1/C=C(C)/C=C/C(O)=C1\C(=O)CN(C)C1=O,CHEMBL11186
DEC_1278,decoy,CC(C)Oc1ccccc1C/N=C(\S)c1ccc2cnccc2n1,CHEMBL9547
DEC_3480,decoy,Oc1cc2c(cc1O)[C@H]1c3cncc(F)c3CN[C@@H]1CC2,CHEMBL26365
DEC_3759,decoy,COC(=O)c1c(C(F)(F)F)[nH]c2c1[C@@]13C[C@@H]1CN(C(=O)c1cc4cc(OC)c(OC)c(OC)c4[nH]1)C3=CC2=O,CHEMBL32759
DEC_4474,decoy,CCCCC(=O)OC1CCn2c1nc1c2C(=O)C(C)=C(NC(C)=O)C1=N,CHEMBL18143
DEC_1510,decoy,Brc1cccc(Br)c1N(CC1CCC1)C1=NCCN1,CHEMBL20074
DEC_4378,decoy,O=C1NC(=O)c2c1c1c3cccnc3ccc1c1[nH]c3ccccc3c21,CHEMBL283778
DEC_4454,decoy,NC1CCN(c2c(F)cc3c(=O)c(C(=O)O)cn(C4CC4)c3c2F)C1,CHEMBL15464
DEC_4152,decoy,Fc1ccc(C(c2ccn(-c3ccc(F)cc3)c2)n2ccnc2)cc1,CHEMBL276951
DEC_3817,decoy,Nc1ccc(Cn2c3c(c4ccccc42)C[C@@]2(O)[C@H]4Cc5ccc(O)c6c5[C@@]2(CCN4CC2CC2)[C@H]3O6)cc1,CHEMBL446399
DEC_3602,decoy,CC(Cc1c[nH]c2c(O)cccc12)NC[C@H](O)c1cccc(Cl)c1,CHEMBL25534
DEC_2823,decoy,CC(C)c1ccc(NC(=O)N(CCc2ccc(SC(C)(C)C(=O)O)cc2)CCc2ccc(-c3ccccc3)cc2)cc1,CHEMBL20125
DEC_3725,decoy,CCN1CCCC(Nc2nc(Nc3ccc(Cl)c(Cl)c3)nc3ccc(Cl)cc23)C1,CHEMBL31320
DEC_0511,decoy,CCCC1=NC2(CCCCC2)C(=O)N1Cc1ccc(-c2ccccc2-c2nn[nH]n2)cc1,CHEMBL290614
DEC_3754,decoy,CC(C)C1=CC2CC3(C=O)[C@@H]4CC[C@@H](C)[C@H]4CC2(CO[C@@H]2O[C@H](C)[C@H]4OC(=S)O[C@H]4[C@@H]2O)C13C(=O)O,CHEMBL21592
DEC_2028,decoy,COc1ccc(C2(O)OC(=O)C(c3ccc4c(c3)OCO4)=C2Cc2ccc(Cl)c(Cl)c2)cc1,CHEMBL10926
DEC_1841,decoy,CCN(C/C=C/C#CC(C)(C)C)Cc1cccc(OCCN(C)S(=O)(=O)c2cc(Br)cs2)c1,CHEMBL25755
DEC_4397,decoy,O=C(O)CCC/C=C\CC1=CCC[C@@H]1NS(=O)(=O)c1cccc2cccnc12,CHEMBL284019
DEC_4561,decoy,CCCCc1nc2ccc(C(O)C(C)(C)C)cc2c(=O)n1Cc1ccc(-c2ccccc2-c2nn[nH]n2)cc1,CHEMBL415983
DEC_4690,decoy,C=C(CC[C@H]1O[C@@H](C(C)(C)O)CC[C@]1(C)O)[C@H]1CC[C@H]2O[C@@H]([C@]3(C)CC[C@@H](Br)C(C)(C)O3)CC[C@]2(C)O1,CHEMBL281146
DEC_2514,decoy,CCCCc1nc(NC2CCCCC2)c2sccc2n1,CHEMBL31530
DEC_0065,decoy,O=C1Nc2ccc(Cl)cc2C(C#CC2CC2)(C(F)(F)F)OC1CC(F)(F)F,CHEMBL31285
DEC_1949,decoy,CC(C)=CCC(OC(=O)COCc1ccccc1)C1=CC(=O)c2c(O)ccc(O)c2C1=O,CHEMBL28828
DEC_1545,decoy,CC[C@@H](C)[C@@H](NS(=O)(=O)c1ccc(Br)c(Br)c1)C(=O)N[C@H](Cc1cscn1)C(=O)NO,CHEMBL81955
DEC_1986,decoy,Cc1ccc(Cn2c(NCc3ccccc3)nc3c(N(C)C)nc(C(F)(F)F)nc32)cc1,CHEMBL289971
DEC_2791,decoy,CCOC(=O)N[C@@H](c1ccoc1)[C@@H](O)C(=O)OC1CC2C(C)(C)C1(C)[C@@]13C[C@H](C)c4ccccc4[C@@]21O3,CHEMBL286209
DEC_4029,decoy,CC1CCC(/C=N/c2ccc(C(=O)O)cc2)=C2NC=CC(=O)N21,CHEMBL277494
DEC_3863,decoy,CCCC[C@H]1OC(=O)C[C@H](OCOC)[C@H](Cc2ccccc2)N(C)C(=O)COC(=O)[C@H]1C,CHEMBL38977
DEC_1398,decoy,CCCCCc1cc(O)c2c(c1)OC(C)(C)[C@@H]1CCC(CN(C)C)CC21,CHEMBL28722
DEC_4195,decoy,CCCCN1CCC[C@@H]1CNC(=O)c1cc(Cl)cc2c1OCCN2C,CHEMBL279729
DEC_4626,decoy,CCCCc1nc(SC)c(C(N)=O)n1Cc1ccc(-c2ccccc2S(=O)(=O)NC(=O)NCCC)cc1,CHEMBL306085
DEC_1429,decoy,CC(=O)OC1(c2ccccc2)Sc2ccc(C(F)(F)F)cc2-n2cccc21,CHEMBL282651
DEC_1514,decoy,CC(C)(C)c1cccc(OCc2cccc(N3C(N)=NC(N)=NC3(C)C)c2)c1,CHEMBL33558
DEC_2558,decoy,CCC[C@H]1Cc2cc3c(C(F)(F)F)cc(O)nc3cc2N[C@@H]1CC,CHEMBL7231
DEC_0428,decoy,CC12CCC3C(C(Cc4ccc(N)cc4)=CC4=CC(=O)CCC43C)C1CCC2=O,CHEMBL9478
DEC_0387,decoy,CCCc1cc(=O)oc2c3c(c4c(c12)OC(C)(C)C=C4)O[C@H](C)C(C)(C)C3=O,CHEMBL7270
DEC_2403,decoy,N#CCCNC(=O)CCCn1c2c(c3ccccc31)C(=O)CN1CCCCC21,CHEMBL417863
DEC_3853,decoy,COCCN(CCOC)c1nc(C)nc2c1sc(=S)n2-c1c(C)cc(C)cc1C,CHEMBL417091
DEC_3571,decoy,C=C(C)CN1C[C@H](OCC23C[C@@H]4[C@H](C)CC[C@H]4C4(C=O)CC2C=C(C(C)C)C34C(=O)O)O[C@H](C)[C@@H](OC)C1,CHEMBL265302
DEC_2697,decoy,CS(=O)(=O)c1ccc(C2=C(c3ccc(Cl)c(F)c3)C(=O)CC2)cc1,CHEMBL23175
DEC_1745,decoy,CC1(c2ccccc2)OC(S)=Nc2ccc(-c3cccc(Cl)c3)cc21,CHEMBL25415
DEC_1966,decoy,CC(C)c1ccccc1OC(=O)NS(=O)(=O)Oc1c(C(C)C)cccc1C(C)C,CHEMBL21561
DEC_4441,decoy,O=C1NC2(CCCCC2)C(=O)N1CCN(CCCl)CCCl,CHEMBL27114
DEC_3454,decoy,CC1(C)N=C(N)N=C(N)N1c1ccc(C#C[Si](C)(C)C)cc1,CHEMBL33409
DEC_1083,decoy,Cc1nnc2n1-c1sc(C#CCN3C(=O)CCc4ccccc43)cc1C(c1cc([N+](=O)[O-])ccc1Cl)=NC2,CHEMBL21026
DEC_4496,decoy,CCN(CCc1ccc2c(c1)OCO2)C[C@@H]1CCCc2c(OC)cccc21,CHEMBL10187
DEC_1385,decoy,COC(=O)C12CCC(C)(C)CC1[C@H]1C(=O)C[C@@H]3[C@@]4(C)CC[C@H](O)C(C)(C)[C@@H]4CC[C@@]3(C)[C@]1(C)CC2,CHEMBL416132
DEC_0698,decoy,O=C1NC(=O)C(CC#Cc2ccc(OC(F)(F)F)cc2)(S(=O)(=O)c2ccc(F)cc2)S1,CHEMBL275001
DEC_2202,decoy,C=C1/C(=C\C=C2/CCCC3(C)C2CCC3[C@H](C)/C=C/CC(O)(C(F)(F)F)C(F)(F)F)C[C@@H](O)C[C@@H]1O,CHEMBL285268
DEC_2236,decoy,CC(C)N(c1cccc(C(c2c(O)c3c(oc2=O)CCCCCC3)C2CC2)c1)S(=O)(=O)c1ccccc1,CHEMBL16265
DEC_0110,decoy,CCCCCCCCCCCCCCCCCC(=O)Nc1c(OC)cc(OC)cc1OC,CHEMBL41330
DEC_3205,decoy,CC1(C)OB(C(CCCCl)P(=O)(O)O)OC1(C)C,CHEMBL279438
DEC_3697,decoy,O=C(Nc1nccs1)c1c(C(F)(F)F)nc2c(SC(F)(F)F)cccc2c1O,CHEMBL440947
DEC_2517,decoy,C=C(c1ccccc1)c1c[nH]c2nncc-2c1OCCCC,CHEMBL14799
DEC_1552,decoy,CCC(=O)OCc1c([C@@](O)(CC)C(=O)NCCN(C)C)cc2n(c1=O)Cc1c-2nc2ccc(O)cc2c1[Si](C)(C)C,CHEMBL322525
DEC_3670,decoy,C#CCN(Cc1ccc2nc(C)nc(O)c2c1)c1ccc(C(=O)NCc2nc(C)cs2)cc1,CHEMBL269600
DEC_3637,decoy,COc1ccc2[nH]c3c(C)c4ccnc(NCCN(C)C)c4cc3c2c1,CHEMBL19718
DEC_0449,decoy,CC(=O)OCC1CC(n2cc(I)c(=O)[nH]c2=O)CC1OC(C)=O,CHEMBL416807
DEC_1666,decoy,C[C@H]1Nc2cc3nc(O)cc(C(F)(F)F)c3cc2CC1(C)C,CHEMBL267907
DEC_0341,decoy,CCC(OS(N)(=O)=O)[C@@]12OC[C@H]3OC(C)(C)O[C@H]3[C@@H]1OC(C)(C)O2,CHEMBL431880
DEC_3733,decoy,COc1ccc2[nH]c3c(O)c(-c4c(C)cc5c([nH]c6ccc(OC)cc65)c4O)c(C)cc3c2c1,CHEMBL8181
DEC_4199,decoy,CNC(=O)[C@@H](NC(=O)[C@H](CC(C)C)[C@@H](C(=O)NO)C1CCC(C(C)(C)C)CC1)C(C)(C)C,CHEMBL29758
DEC_4746,decoy,CSCC[C@@H]1[C@H](O)[C@@H](O)[C@@H](CCSC)N(Cc2ccc(CO)cc2)C(=O)N1Cc1ccc(CO)cc1,CHEMBL66817
DEC_1828,decoy,O=C(CN(Cc1ccc(OCc2ccccc2)cc1)C(=O)[C@H](Cc1c[nH]cn1)NC(=O)OCc1ccccc1)NCCc1ccccc1,CHEMBL102955
DEC_2348,decoy,CCCCN1CC2(CCN(CCc3c[nH]c4ccccc34)CC2)OC1=O,CHEMBL27728
DEC_1928,decoy,CC[C@@H]1CCc2cc3c(C(F)(F)F)cc(O)nc3cc2N1,CHEMBL7177
DEC_1053,decoy,O=NN(CCCl)C(=O)NC1CCSCC1,CHEMBL274417
DEC_4761,decoy,CCCCCNC(=O)C(Cc1ccc(N(C(=O)C(=O)O)c2ccccc2C(=O)O)c2ccccc12)NC(C)=O,CHEMBL303333
DEC_0100,decoy,Clc1ccc2c(c1)[C@H]1OCC[C@H]1[C@@H](c1c[nH]c3ccc(Br)cc13)N2,CHEMBL24631
DEC_2882,decoy,CSc1ccc2c(c1)[C@@H](N1CCN(C)CC1)Cc1ccccc1S2,CHEMBL428892
DEC_2290,decoy,Cc1cc(-c2noc(C(F)(F)F)n2)cc(C)c1OCCCc1cc(CO)no1,CHEMBL29893
DEC_3575,decoy,Cc1ccc(C(=O)c2ccc(C(Cc3cc[n+]([O-])cc3)c3ccc(OC(F)F)c(OC(F)F)c3)cc2)nc1,CHEMBL36242
DEC_3784,decoy,O=C1[C@H]2Cc3c([nH]c4ccccc34)[C@@H](c3ccc4c(c3)OCO4)N2C(=O)CN1[C@@H]1CCN(CCc2ccccn2)C1,CHEMBL284070
DEC_2899,decoy,CCOC(=O)C(C)c1nc(-c2ccc(Cl)cc2)oc1-c1ccoc1,CHEMBL278274
DEC_3435,decoy,CC(C)CCN(C[C@@H](O)[C@@H]1Cc2ccc(cc2)OCCCCCC(=O)N[C@@H](C(C)C)C(=O)N1)S(=O)(=O)c1cccc([N+](=O)[O-])c1,CHEMBL44787
DEC_1511,decoy,Brc1cccc(Br)c1N(CC1CCCC1)C1=NCCN1,CHEMBL277652
DEC_0269,decoy,CNC1=Nc2ccc(N(C)Cc3ccc(S(=O)(=O)N4CCOCC4)cc3)c3c(C)ccc1c23,CHEMBL9671
DEC_4717,decoy,COC(=O)c1c(C(F)(F)F)[nH]c2c1C13CC1CN(C(=O)c1cc4cc(NC(=O)c5cc6ccccc6o5)ccc4[nH]1)C3=CC2=O,CHEMBL295126
DEC_4586,decoy,Cc1cc(C)cc(-c2c(O)nc3cc(Cl)c(NC(=O)Nc4ncccn4)cc3c2OCCC2CCCCN2)c1,CHEMBL295911
DEC_3270,decoy,C=C1C[C@@]23O[C@]2(c2ccccc21)C1CC(OC(=O)[C@H](O)[C@@H](NC(=O)OCC)c2cccnc2)C3(C)C1(C)C,CHEMBL286579
DEC_1943,decoy,C(=N/Nc1nccs1)\c1c2ccccc2c(/C=N/Nc2nccs2)c2ccccc12,CHEMBL282419
DEC_4071,decoy,Cc1c(C(=O)N(C)C2CCCCC2)nn(-c2ccc(Cl)cc2Cl)c1-c1ccc(Br)cc1,CHEMBL285473
DEC_2009,decoy,CN(C)c1ccccc1CC(=O)N1C[C@H]2[C@@H](C1)C(c1ccccc1)(c1ccccc1)SC[C@@H]2O,CHEMBL41375
DEC_1941,decoy,N#Cc1cc2cc(OCc3cccc(C4(O)CC5COC(C4)O5)n3)ccc2c(-c2ccoc2)n1,CHEMBL417464
DEC_0553,decoy,CCCC(C)n1c(CC)nc2c(-c3ccc(S(C)(=O)=O)cc3C(F)(F)F)ccnc21,CHEMBL23898
DEC_3552,decoy,CC(C)C1=CC2CC3(C=O)[C@@H]4CC[C@@H](C)[C@H]4CC2(CO[C@H]2CN(CC=C(F)F)[C@H](C)CO2)[C@]13C(=O)O,CHEMBL30545
DEC_2575,decoy,O=C(O)Cc1ccccc1Oc1c(Cl)ccc(Cl)c1Cl,CHEMBL282140
DEC_2267,decoy,CCc1c(Sc2cc(C)cc(C)c2)n(COCCO)c(=S)[nH]c1=O,CHEMBL16793
DEC_4519,decoy,COc1ccc2c(c1)CCC=C2CCCN1CCN(c2ccccc2OC)CC1,CHEMBL269612
DEC_0555,decoy,COc1cccc2c1CCC[C@H]2CN(C)CCc1ccc2nc(Cl)sc2c1,CHEMBL418337
DEC_0917,decoy,Cc1cc(SC2=C(O)OC(CCc3ccc(O)cc3)(C(C)C)CC2=O)c(C(C)(C)C)cc1OS(=O)(=O)N1CCN(C)CC1,CHEMBL71509
DEC_1613,decoy,C=CCn1cc(C2=NCC3(CN4CCC3CC4)O2)c2ccccc21,CHEMBL417239
DEC_2921,decoy,O=S(=O)(c1ccc(O)cc1)N1Cc2ccccc2N(Cc2c[nH]cn2)C(CCc2ccccc2)C1,CHEMBL8306
DEC_1474,decoy,CN(CCCn1c(N)nc2cc(Cl)c(Cl)cc21)CCCn1c(N)nc2cc(Cl)c(Cl)cc21,CHEMBL416809
DEC_1089,decoy,CC[C@@]1(OC(=O)COc2ccc(Cl)cc2C)C(=O)OCc2c1cc1n(c2=O)Cc2cc3ccccc3nc2-1,CHEMBL281397
DEC_3540,decoy,CCCc1c(O)c(C(C)=O)cc(C(C)=O)c1NC(=O)c1sc(C)cc1S(=O)(=O)Nc1onc(C)c1Cl,CHEMBL304860
DEC_0297,decoy,CSc1c(Cl)nc(N2CCN(C)CC2)nc1NC1CCCCC1,CHEMBL29159
DEC_0478,decoy,CCCc1cc(=O)oc2c(C(=O)[C@H](C)[C@H](C)O)c(O)c3c(c12)OC(C)(C)C=C3,CHEMBL7242
DEC_0916,decoy,COc1ccc(C[C@H]2NC(=O)/C=C/C[C@@H]([C@H](C)[C@H]3O[C@@H]3c3ccccc3)OC(=O)[C@H](CC(C)C)OC(=O)CCNC2=O)cc1,CHEMBL264224
DEC_4066,decoy,CC(C)(C)c1ccc(C(F)(F)F)cc1NC(=O)[C@H]1CCC2C3CNC4=CC(=O)CC[C@]4(C)C3CC[C@@]21C,CHEMBL277224
DEC_3338,decoy,O=C1c2ccccc2CCCN1CCN1CCC(n2ccc3ccccc32)CC1,CHEMBL9952
DEC_0402,decoy,OC1(C#Cc2ccc(Sc3ccc(Br)cc3)cc2)CN2CCC1CC2,CHEMBL25366
DEC_1811,decoy,CC(C)C[C@@H](C(=O)N[C@@H](Cc1ccc(OC(=O)c2ccccc2)cc1)C(=O)NC(C)(C)C)N(C)Cc1ccc(C(C)(C)C)cc1,CHEMBL304309
DEC_4273,decoy,Cc1nc(NC(=O)c2ccc(C(=N)N)cc2)sc1CCC(=O)O,CHEMBL8187
DEC_2574,decoy,C=CCC1Oc2cccc(C#N)c2-c2ccc3c(c21)C(C)=CC(C)(C)N3,CHEMBL8209
DEC_0335,decoy,CC1(C)O[C@@H]2[C@@H](CC[C@@]3(COS(N)(=O)=O)OC(C)(C)O[C@@H]23)O1,CHEMBL26300
DEC_2719,decoy,N#Cc1ccc2cc1Oc1ccc3cccc(c3c1)NC(=O)[C@@H](Cc1cccs1)NCc1cncn1C2,CHEMBL52921
DEC_2010,decoy,N#Cc1c2n(c3c(N4CCN(CCc5ccc(F)c(F)c5)CC4)nc(-c4ccncc4)nc13)CCCC2,CHEMBL26635
DEC_3568,decoy,C=CCCN1C[C@H](OCC23C[C@@H]4[C@H](C)CC[C@H]4C4(C=O)CC2C=C(C(C)C)C34C(=O)O)O[C@H](C)[C@@H](OC)C1,CHEMBL49825
DEC_4643,decoy,COc1cc2c(cc1OC)-c1cc(Nc3c(C)cccc3C(C)(C)C)nc(=O)n1CC2,CHEMBL35154
DEC_3414,decoy,C=C(C)[C@@]12C[C@@H](C)C34OC(Cc5ccccc5)(OC1[C@@H]3C=C(CNC(=O)Cc1ccc(O)c(OC)c1)C[C@]1(O)C(=O)C(C)=C[C@@H]41)O2,CHEMBL97880
DEC_1315,decoy,O=C(O)CCC/C=C\C[C@H]1/C(=N/OCc2ccc(C(F)(F)F)cc2)CC[C@@H]1NS(=O)(=O)c1ccc(F)cc1,CHEMBL20755
DEC_4812,decoy,S=c1oc2ccc(Cl)cc2n1C1OCCc2ccccc21,CHEMBL414215
DEC_3408,decoy,CO[C@H]1CN(Cc2ccc3c(c2)OCO3)C[C@H](OCC23C[C@@H]4[C@H](C)CC[C@H]4C4(C=O)CC2C=C(C(C)C)C34C(=O)O)O[C@@H]1C,CHEMBL295095
DEC_2887,decoy,CCN(CC)/C(S)=N\c1ccc(-c2nc(-c3ccco3)no2)c(Cl)c1,CHEMBL278316
DEC_2385,decoy,N#C/C(=C\c1ccc(OCCN2CCOCC2)cc1)c1noc2ccc(Cl)cc12,CHEMBL277948
DEC_1294,decoy,Cc1c(C)c2c(c(C)c1O)CCC(C)(COc1ccc(NCC(O)COc3cccc4[nH]c5ccccc5c34)cc1)O2,CHEMBL65205
DEC_0736,decoy,C(=C/c1cccs1)\c1noc(/C=C/c2cccs2)n1,CHEMBL280174
DEC_1803,decoy,CC(C)C[C@H](NC(=O)[C@H](CCc1ccccc1)CP(=O)(O)C/C=C/CN1C(=O)c2ccccc2C1=O)C(=O)Nc1ccccc1,CHEMBL324691
DEC_3956,decoy,CNC(=O)c1cccc2c(Nc3ccc(NS(C)(=O)=O)cc3NC)c3ccc(Cl)cc3nc12,CHEMBL299184
DEC_4091,decoy,COc1ccc2c(c1)c(Cc1nc(-c3ccc(Cl)cc3)cs1)c(C)n2C(=O)c1ccc(Cl)cc1,CHEMBL27875
DEC_1701,decoy,CC1(C)CC[C@]2(C(=O)O)CC[C@]3(C)C(=CC(=O)[C@@H]4[C@@]5(C)C=CC(=O)C(C)(C)[C@@H]5CC[C@]43C)C2C1,CHEMBL42704
DEC_3764,decoy,CC1CN(C(=O)N2Cc3c(C(=O)OC(C)(C)C)ncn3-c3ccc(Cl)cc32)C(C)CN1.O=C(O)CC(=O)O,CHEMBL15140
DEC_3388,decoy,Cc1cc(NN=C2CCC(C)n3c2ncc(C(=O)O)c3=O)ccc1Br,CHEMBL268944
DEC_0199,decoy,CCC(c1ccc(O)cc1)C(CCCl)c1ccc(O)cc1,CHEMBL7203
DEC_3415,decoy,C=C(C)[C@@]12C[C@@H](C)C34OC(Cc5ccccc5)(OC1[C@@H]3C=C(COC(=O)Cc1ccc(O)c(OC)c1)C[C@]1(OC)C(=O)C(C)=C[C@@H]41)O2,CHEMBL320899
DEC_1119,decoy,Oc1ccc2c(c1)OC[C@@H](N1CCC(O)(CCc3ccccc3)CC1)[C@H]2O,CHEMBL17885
DEC_2762,decoy,Cc1c(C)c2c(c(C)c1O)CCC(C)(CN(C)CCOc1ccc(CC3SC(=O)NC3=O)cc1)O2,CHEMBL6432
DEC_0904,decoy,CC(C)C[C@@H]1OC(=O)C(C)(C)CNC(=O)[C@@H](Cc2ccc(O)cc2)NC(=O)/C=C/C[C@@H]([C@H](C)/C=C/c2ccccc2)OC1=O,CHEMBL86873
DEC_1879,decoy,COc1cc(Cc2c(-c3ccc(OCCN4CCCC4)cc3)sc3cc(N)ccc23)ccc1CN1CCOCC1,CHEMBL283722
DEC_3606,decoy,N=C(N)c1ccc(Oc2ccc(Oc3ccc(C(=N)N)cc3)cc2)cc1,CHEMBL26856
DEC_2530,decoy,CCCCc1nc(NCc2ccncc2)c2sccc2n1,CHEMBL30406
DEC_1087,decoy,CCN(CC)[C@H]1CC(=O)N([C@H]2CC3CC[C@]2(CS(=O)(=O)N2CCC4(CCc5ccccc54)CC2)C3(C)C)C1=O,CHEMBL283317
DEC_3892,decoy,O=C1C2C3C=CC(C4C=CC43)C2C(=O)N1CCCCN1CCN(c2cccc(Cl)c2)CC1,CHEMBL31197
DEC_2469,decoy,O=S(=O)(CS(=O)(=O)C(F)(F)F)c1ccc(SC(F)(F)C(F)F)c(Cl)c1,CHEMBL12295
DEC_1940,decoy,N#Cc1cc(-c2ccoc2)c2ccc(OCc3cccc(C4(O)CC5COC(C4)O5)n3)cc2n1,CHEMBL22751
DEC_0025,decoy,CN(CCc1ccc2c(c1)OCO2)C[C@@H]1CCCc2c1ccc1ccoc21,CHEMBL10068
DEC_2901,decoy,CC(O)CN(C)c1nc2cc(-c3ccc(Cl)cc3)nnc2c2ccccc12,CHEMBL283507
DEC_4533,decoy,CCCc1cc(Cl)c2oc(Cc3ccc(OC)cc3OC)c(C)c2c1O,CHEMBL18946
DEC_2913,decoy,OC[C@@]1(CCCCc2ccccc2)CC2C3Cc4ccc(O)c5c4C2(CCN3CC2CC2)C(O5)[C@@H]1O,CHEMBL268469
DEC_2244,decoy,CSc1nnc([C@@H]2C[C@@H](S)CN2S(=O)(=O)c2ccc3ccccc3c2)n1-c1ccc(C(F)(F)F)cc1,CHEMBL298735
DEC_0764,decoy,CC(C)(C)Nc1nc(C(Cl)(Cl)Cl)nc2ccccc12,CHEMBL16571
DEC_2568,decoy,Cc1cc2nc(/C=C/c3ccc[n+](C)c3)[nH]c2cc1C.F[B-](F)(F)F,CHEMBL34006
DEC_0985,decoy,Nc1nc(O)c2ncn([C@@H]3C=C[C@H](OCP(=O)(O)O)OC3)c2n1,CHEMBL13932
DEC_2263,decoy,Nc1nc2c(cnn2CCCCc2ccccc2)c2nc(-c3ccco3)nn12,CHEMBL273590
DEC_2528,decoy,CN(C)c1ccc(C2CCN(C3CCCCC3O)CC2)cc1,CHEMBL20689
DEC_3684,decoy,Cc1oc(-c2ccc(Cl)cc2)nc1COc1cccc(/C=C/C(C)n2oc(=O)[nH]c2=O)c1,CHEMBL414010
DEC_0233,decoy,C=C1/C=C(\C)[C@H](CC)OC(=O)[C@H](C)C(=O)[C@@](O)(CO)C/C(OCC(F)(F)F)=C/[C@@H](C)C1,CHEMBL32487
DEC_0017,decoy,CCCc1cc(=O)oc2c(C(=O)CC)c(OCC)c3c(c12)OC(C)(C)C=C3,CHEMBL7485
DEC_3120,decoy,COC(=O)[C@@H](NC(=O)[C@@H]1Cc2c([nH]c3ccccc23)[C@@H](c2cc(OC)c(O)c(OC)c2)N1)C(C)C,CHEMBL24936
DEC_4507,decoy,CC1CCCC(C)N1CC(O)CSC(c1ccccc1)c1ccccc1,CHEMBL18787
DEC_1283,decoy,CC/N=C(\N)NCc1ccc(Sc2ccc(Cl)cc2)cc1,CHEMBL10074
DEC_2742,decoy,CCN(c1nc(C)cc(-c2ccccc2C(F)(F)F)n1)c1c(Br)cc(OC)cc1OC,CHEMBL276599
DEC_3446,decoy,CO[C@@H]1[C@@H](OC(=O)c2ccc(C)[nH]2)[C@@H](O)[C@H](Oc2ccc3c(OCCn4cnc(-c5cccnc5)c4)cc(=O)oc3c2C)OC1(C)C,CHEMBL319879
DEC_3470,decoy,Nc1nc2c(N)c3c(cc2[nH]1)C1(CC3)SCCS1,CHEMBL31575
DEC_4204,decoy,N#CN=C1N(CC2CCC2)[C@H](Cc2ccccc2)[C@H](O)[C@@H](O)[C@@H](Cc2ccccc2)N1CC1CCC1,CHEMBL36129
DEC_4736,decoy,CC1=NC(C)=C(C(=O)OCCN2C(=O)c3ccccc3S2(=O)=O)C(c2cccc(Cl)c2Cl)/C1=C(\O)OC(C)(C)C,CHEMBL311327
DEC_2279,decoy,CCONC1=NC(=O)/C(=C/c2cc(C(C)(C)C)c(O)c(C(C)(C)C)c2)O1,CHEMBL280471
DEC_2325,decoy,O=C(O)c1cn(C2CC2)c2c(F)c(N3CC/C(=N\O)C3)c(F)cc2c1=O,CHEMBL28844
DEC_0591,decoy,O=C1C(c2ccc(O)cc2)=C(c2ccc(O)cc2)c2ccc(O)cc21,CHEMBL281498
DEC_2526,decoy,CSC1=NC(c2ccccc2SC)C2=C(O)OCC2=N1,CHEMBL22704
DEC_1959,decoy,CCCc1nc2c(C)ccnc2n1Cc1ccc(OC(c2ccccc2)c2nnn[nH]2)cc1,CHEMBL37565
DEC_3041,decoy,Cc1nsc(-c2ccc(N3CCN(c4cc(Cl)cc(Cl)c4)CC3)nn2)n1,CHEMBL14357
DEC_3843,decoy,CC(=O)Nc1ccc(S(=O)(=O)N2Cc3ccccc3N(Cc3c[nH]cn3)C(CCc3ccccc3)C2)cc1,CHEMBL269602
DEC_2417,decoy,CCN(CC)C(=O)N[C@@H]1C[C@@H]2c3cccc4c3C(=CC4)C[C@H]2N(C)C1,CHEMBL285341
DEC_3145,decoy,O=C(NCCCNC(=O)c1ccc2c(O)c(O)ccc2c1)c1ccc2c(O)c(O)ccc2c1,CHEMBL18635
DEC_2461,decoy,CC1O[C@H]2[C@H](C[C@H](OCC34C[C@@H]5[C@H](C)CC[C@H]5C5(C=O)CC3C=C(C(C)C)C45C(=O)O)O[C@@H]2C)O1,CHEMBL279691
DEC_0413,decoy,Cc1ccc(SC2(CC#Cc3ccc(Cl)cc3)SC(=O)NC2=O)cc1,CHEMBL11903
DEC_2768,decoy,O=C(Oc1ccccc1)C1CC2(CO)C(=O)N(CCCCc3ccccc3)CC(=O)N2C1c1ccco1,CHEMBL14000
DEC_3982,decoy,COc1ccc(NC(=O)c2ccc(-c3ccccc3S(N)(=O)=O)cc2)c(Oc2cccc(C(=N)N)c2)c1,CHEMBL44111
DEC_2502,decoy,CC(C)c1ccc(C(c2ccns2)N2CCNCC2)cc1,CHEMBL23010
DEC_0705,decoy,C[C@H]1CN(C(=O)N2Cc3c(C(=O)OC(C)(C)C)ncn3-c3ccc(Cl)cc32)C[C@H](C)N1,CHEMBL430324
DEC_3511,decoy,CCCCNC(=O)N[C@@H](c1ccccc1)[C@@H](O)C(=O)OC1CC2C(C)(C)C1(C)[C@@]13C[C@H](C)c4ccccc4[C@@]21O3,CHEMBL32238
DEC_2793,decoy,CC1=C(C(=O)OC(C)(C)C)N2C(=O)[C@@H](Nc3nc4ccccc4n3CC(=O)OC(C)(C)C)C2SC1,CHEMBL276269
DEC_3483,decoy,CN[C@@H](C)[C@H]1COC(c2ccccc2)(c2ccccc2)O1,CHEMBL282598
DEC_2026,decoy,CN(C)CC(c1ccccc1Cl)c1nnc2n1-c1ccc(Cl)cc1C(c1ccccc1)=NC2,CHEMBL16005
DEC_1318,decoy,c1ccc2c(NCCCNCCNCCCNc3c4ccccc4nc4ccccc34)c3ccccc3nc2c1,CHEMBL289035
DEC_0824,decoy,COCC(C(=O)O[C@@H]1C/C=C/C=C/C(=O)OCC/C=C/[C@H](OC)C[C@H](C)C/C=C/[C@@H](OC)CC[C@@H](C)[C@@H](O)[C@@H]1C)N(C)C,CHEMBL93943
DEC_1222,decoy,Cc1oc(-c2ccc3ccccc3c2)nc1Cc1cc2cc(CC3OC(=O)NC3=O)ccc2o1,CHEMBL289082
DEC_3378,decoy,CC1CCC(/C=N/c2cccc(Br)c2)=C2NC=C(C(=O)O)C(=O)N21,CHEMBL25608
DEC_0575,decoy,CC(C)c1cc(/C=C2\SC(N=C(N)N)=NC2=O)cc(C(C)C)c1O,CHEMBL16251
DEC_1146,decoy,CC1Cc2ccccc2N1C(=O)C1=CCCC1C(=O)NCc1ccc(C(=N)N)cc1,CHEMBL17394
DEC_3987,decoy,N=C(N)c1cccc(Oc2ccc([N+](=O)[O-])cc2C(=O)Nc2ccc(-c3ccccc3S(N)(=O)=O)cc2)c1,CHEMBL45127
DEC_2023,decoy,CC(C)(C)OC(=O)c1ncn2c1CN(C(=O)N1CCN(CC(F)(F)F)CC1)c1cc(Cl)ccc1-2,CHEMBL279575
DEC_0409,decoy,COC(=O)C1=C(C)N=C(C)/C(=C(\O)OC)C1c1c(F)c(F)c(F)c(F)c1F,CHEMBL24716
DEC_4430,decoy,Oc1cc(NC[C@H]2OCC[C@@H]2NCc2ccc(Cl)c(Cl)c2)nc2ccccc12,CHEMBL25323
DEC_2977,decoy,O=C(O)c1ccc(S(=O)(=O)Oc2ccc(-c3ccc(-c4coc5ccccc45)cc3)cc2)cc1O,CHEMBL24900
DEC_4143,decoy,O=S1NC(Cc2cc3ccccc3s2)=NO1,CHEMBL17854
DEC_4417,decoy,CCNCC1CCN(c2c(F)cc3c(=O)c(C(=O)O)cn(C4CCCC4)c3c2F)C1,CHEMBL6265
DEC_0646,decoy,O/N=C(/c1ccc(Sc2cc(F)cc(C3CCOCC3)c2)cc1)C(F)(F)F,CHEMBL281070
DEC_2308,decoy,COc1cc(OC)cc([C@@H]2c3cc4c(cc3N[C@@H]3COC(=O)N23)OCO4)c1,CHEMBL266583
DEC_2521,decoy,CCCC1Nc2cccc([C@@H]3C[C@H]3CNC(=O)C(C)C)c2O1,CHEMBL19050
DEC_3650,decoy,C=C1/C(=C\C=C2/CCC[C@@]3(C)C2CC[C@@H]3C(C)=O)CC(O)C[C@@H]1O,CHEMBL24401
DEC_0426,decoy,CCCc1cc(=O)oc2c3c(c4c(c12)OC(C)(C)C=C4)O[C@H](C)C(C)(C)[C@@H]3O,CHEMBL7760
DEC_1312,decoy,Cc1ccc(S(=O)(=O)NC[C@@H]2C3CC(c4ccc(-c5ccccc5)cc4)(CO3)[C@H]2C/C=C\CCCC(=O)O)cc1,CHEMBL274818
DEC_2020,decoy,CCN1C(=O)c2c(nc(Cc3ccccc3)n2Cc2cccc(Br)c2)N2C1=N[C@@H]1CCC[C@@H]12,CHEMBL23186
DEC_1809,decoy,CC(C)C[C@H](NC(=O)[C@H](CCc1ccccc1)CP(=O)(O)CCCCN1C(=O)c2ccccc2C1=O)C(=O)Nc1ccccc1,CHEMBL420674
DEC_1744,decoy,C=CCC1Cc2c(c3ccccc3c3nc4ccccc4nc23)OC1(C)C,CHEMBL15321
DEC_2707,decoy,CC(=O)O[C@H]1CC[C@@]2(C)C(CC[C@]3(C)C2C(=O)C=C2[C@@H]4CC(C)(C)CC[C@]4(C(=O)O)CC[C@]23C)C1(C)C,CHEMBL56578
DEC_2532,decoy,CC(C)(C)c1cc(-c2noc(NC#N)n2)cc(C(C)(C)C)c1O,CHEMBL16981
DEC_1199,decoy,N#CN/C(=N/c1cccc(Cl)c1)NC(Cn1ccnc1)c1ccc(Cl)cc1Cl,CHEMBL8029
DEC_0414,decoy,CC1(C)C(=O)N(c2ccc(C#N)c(C(F)(F)F)c2)C(=O)N1CCCCF,CHEMBL9328
DEC_3763,decoy,CCOC(=O)CSCC(=O)[C@@]12OC(C)(C)O[C@@H]1CC1C3C[C@H](F)C4=CC(=O)C=C[C@]4(C)[C@@]3(F)[C@@H](O)C[C@@]12C,CHEMBL66720
DEC_3742,decoy,Oc1ccc2c(c1)CC[C@@H]1c3ccc(O)cc3C[C@H](c3ccc(OCCN4CCCCC4)cc3)[C@H]21,CHEMBL22758
DEC_1578,decoy,CCOC(=O)/C=C/[C@H](C[C@@H]1CCNC1=O)NC(=O)[C@H](Cc1ccc(F)cc1)n1cccc(NC(=O)c2cc(C)on2)c1=O,CHEMBL289920
DEC_4794,decoy,CC1(C)CCc2c(c3ccccc3c3nc4ccccc4nc23)O1,CHEMBL14910
DEC_2054,decoy,CC(C)c1ccc(C(c2ccns2)N2CCN(CCO)CC2)cc1,CHEMBL279252
DEC_2838,decoy,OC(CN(Cc1cccc(OC(F)(F)C(F)F)c1)c1cccc(Oc2ccc(-c3ccccc3)cc2)c1)C(F)(F)F,CHEMBL432350
DEC_2730,decoy,CN1Cc2cncn2Cc2ccc(C#N)c(c2)Oc2ccc3cccc(c3c2)NC(=O)[C@H]1Cc1ccccc1,CHEMBL53862
DEC_4465,decoy,COc1ccccc1C(O)C(O)(Cn1cncn1)c1ccccc1OC,CHEMBL10336
DEC_3079,decoy,COc1cc(CC2c3cc(O)c(O)cc3CCN2Cc2ccc(Cl)c(Cl)c2)cc(OC)c1OC,CHEMBL288023
DEC_0254,decoy,CO[C@]12CC[C@@]3(C[C@@H]1C(C)(C)O)[C@H]1Cc4ccc(O)c5c4[C@@]3(CCN1CC1CC1)[C@H]2O5,CHEMBL281786
DEC_2713,decoy,CC(C)N1N=C2/C(=C/c3cccc(C(F)(F)F)c3)CS(=O)(=O)CC2C1c1cccc(C(F)(F)F)c1,CHEMBL290621
DEC_0432,decoy,O=C1CCC/C=C\C[C@@H]2C(/C=C\[C@@H](CCc3ccccc3)O1)[C@H](O)C[C@@H]2O,CHEMBL12652
DEC_2160,decoy,C=C1C(=O)OC2CC3(C)CCCC4(CO4)C3CC12,CHEMBL275932
DEC_1815,decoy,CN[C@H](C(=O)N[C@H](C(=O)N(C)[C@H](/C=C(\C)C(=O)O)C(C)C)C(C)(C)SCc1ccc(OC)cc1)C(C)(C)c1ccc(OC)cc1,CHEMBL360165
DEC_1412,decoy,CSc1ccc2c(c1)N(CCC1CCCCN1C)c1ccccc1S2,CHEMBL479
DEC_2245,decoy,O=C1NC(=S)S/C1=C\c1ccc(COc2ccc(C(=O)c3ccccc3)c(O)c2Cc2ccccc2)cc1,CHEMBL68617
DEC_3648,decoy,CCc1ccc(O)c(/C(=N/O)c2ccc(Cl)cc2Cl)c1,CHEMBL282092
DEC_1379,decoy,Cc1nnc2n1-c1sc(/C=C\c3ccc4c(c3)CCC4)cc1C(c1ccccc1Cl)=NC2,CHEMBL286762
DEC_3343,decoy,CC(C)CN(C1=NCCN1)c1c(Br)cccc1Br,CHEMBL19924
DEC_3166,decoy,CNc1cc(NC(=O)OC)ccc1NC1=C2C=CCC(C)(C)C2=NC2C1=CC=CC2(C)C,CHEMBL41259
DEC_0870,decoy,C=C([C@@H](O)C[C@H](O)[C@@]1(C)CC[C@H](C(C)(C)O)O1)[C@H]1CC[C@H]2O[C@@H]([C@]3(C)CC[C@@H](Br)C(C)(C)O3)CC[C@]2(C)O1,CHEMBL18962
DEC_4480,decoy,Cc1cn(COC2CP(=O)(Oc3ccccc3)OC2C)c(=O)[nH]c1=O,CHEMBL428365
DEC_4139,decoy,Cc1ccc(N2C(N)=NC(N)=NC2(C)C)cc1,CHEMBL7004
DEC_3992,decoy,COc1ccc(Nc2cc(C(F)(F)F)nc(/N=C(\N)Nc3ccc(Cl)cc3)n2)cc1CN1CCCC1,CHEMBL283370
DEC_4256,decoy,Nc1nc(O)c2c(n1)CCC(CNc1ccc(C(=O)O)cc1)C2,CHEMBL441958
DEC_1984,decoy,CCCc1ccc(N/N=C(\N=N\c2nnnn2-c2ccccc2)c2ccccc2)cc1,CHEMBL278323
DEC_1381,decoy,C=C1CCC2[C@@](C)(COC(C)=O)CCC[C@]2(C)[C@H]1CCC1=CCC2C(=O)c3ccccc3C(=O)C2C1,CHEMBL282670
DEC_3495,decoy,CCN(CC)c1ccc2c(c1Cl)CN1CC(=O)NC1=N2,CHEMBL31491
DEC_4159,decoy,COc1cc(C#N)cc(-c2ccc3c(c2)C(C)(C)OC(S)=N3)c1,CHEMBL25292
DEC_4682,decoy,O=C1Nc2ccccc2C(c2ccccc2F)=NC1Cc1c[nH]c2ccc(F)cc12,CHEMBL430336
DEC_1129,decoy,NS(=O)(=O)c1ccc(CCNC(=O)Nc2ccc(Cl)c(Cl)c2)cc1,CHEMBL278295
DEC_1090,decoy,O=C(Cc1cc[n+]([O-])cc1)N1CCC(C2c3ccc(Cl)cc3CCc3cc(Br)cnc32)CC1,CHEMBL39153
DEC_2121,decoy,O=C(O)C1=CC(=O)C2(CCC=C3C=CC=CC32)O1,CHEMBL428700
DEC_2153,decoy,C=C1CC2(CC3CC4(CC(=C)C(=O)O4)CC3C2)OC1=O,CHEMBL8436
DEC_0166,decoy,O=C1N[C@@H]2CCCC[C@H]2N1C1CCN(C2CCCCCCC2)CC1,CHEMBL284217
DEC_4085,decoy,COc1ccc2c(c1)c(Cc1nc(-c3ccc(Br)cc3)cs1)c(C)n2C(=O)c1ccc(Cl)cc1,CHEMBL423296
DEC_2636,decoy,Cn1cc(-c2ccccc2)c(C(c2ccccc2)n2ccnc2)c1,CHEMBL21878
DEC_1210,decoy,O=C(O)Cn1c(=O)n(Cc2ccc(Cl)c(Cl)c2)c(=O)c2c3c(sc21)CCCC3,CHEMBL35716
DEC_2694,decoy,Cc1cc(C(=C2CCN(C)CC2)c2ccc(C(C)C)cc2)sn1,CHEMBL22224
DEC_0260,decoy,CN1CCC23c4c5ccc(O)c4OC2[C@H](O)[C@](CO)(CCCc2ccccc2)CC3C1C5,CHEMBL9836
DEC_1724,decoy,Cc1nnc2n1-c1ccc(C#CCN3C(=O)CCc4ccccc43)cc1C(c1ccccc1F)=N[C@@H]2C,CHEMBL280207
DEC_0608,decoy,O=C(NO)c1ccc(CNC(=O)c2ccc(-c3ccccc3)cc2)cc1,CHEMBL26844
DEC_3501,decoy,Cc1ccc2c(n1)CN[C@@H]1CCc3cc(O)c(O)cc3[C@@H]21,CHEMBL27117
DEC_3974,decoy,CC(C)(C)NC(=O)Nc1nc2nc(NCCCN3CCOCC3)ncc2cc1-c1c(Cl)cccc1Cl,CHEMBL432708
DEC_3768,decoy,C[C@@H]1C[C@H]2O[C@@H]2/C=C\C=C\C(=N/OCC(=O)NCCc2cccn2C)Cc2c(Cl)c(O)cc(O)c2C(=O)O1,CHEMBL84564
DEC_0403,decoy,CN1C(=O)CC[C@]2(C)C3CC[C@@]4(C)C(CC[C@@H]4N(C=O)CCC(C)(C)C)C3CC[C@@H]12,CHEMBL16863
DEC_4535,decoy,CCCCCCC(=O)c1cc(O)c2c(c1)OC(C)(C)[C@@H]1CC=C(C)C[C@@H]21,CHEMBL418555
DEC_4197,decoy,O=NN(CCCl)C(=O)NC1CCC(CC2CCC(NC(=O)N(CCCl)N=O)CC2)CC1,CHEMBL12409
DEC_1070,decoy,CN(C)Cc1n[nH]nc1CN1CCOC2(CCC(c3ccccc3OC(F)(F)F)CO2)C1c1ccc(F)cc1,CHEMBL85626
DEC_2407,decoy,CCCCN1C[C@H](C(=O)N(CC)CC)C=C2c3cccc4[nH]cc(c34)C[C@H]21,CHEMBL22520
DEC_0779,decoy,CC1(C)Oc2c(c3nc4ccccc4nc3c3ccccc23)CC1S(=O)(=O)O,CHEMBL278722
DEC_1728,decoy,CN(C)c1ccccc1CC(=O)N1CC2C(=O)CSC(c3ccccc3)(c3ccccc3)C2C1,CHEMBL291146
DEC_0967,decoy,CSc1ccc(Nc2c(NC(C)C(C)(C)C)c(=O)c2=O)cc1,CHEMBL18731
DEC_4543,decoy,Oc1ccc2c3c1O[C@H]1c4c(c5ccccc5n4Cc4ccccc4N=C=S)C[C@@]4(O)C(C2)N(CC2CC2)CCC314,CHEMBL26648
DEC_4649,decoy,OCC#Cc1ccc2c(c1)[C@H]1OCC[C@H]1[C@@H](c1c[nH]c3ccc(Br)cc13)N2,CHEMBL24018
DEC_3385,decoy,NC1CCN(c2c(F)cc3c(=O)c(C(=O)O)cn(C4CC4)c3c2C(F)(F)F)C1,CHEMBL15416
DEC_1486,decoy,C=C(Cl)CN1C[C@H](OCC23C[C@@H]4[C@H](C)CC[C@H]4C4(C=O)CC2C=C(C(C)C)[C@@]34C(=O)O)OC[C@H]1C(C)C,CHEMBL431297
DEC_2021,decoy,Clc1ccc2c(c1)C(c1ccccc1)=NCc1nnc(C(CN3CCCC3)c3ccccc3)n1-2,CHEMBL277088
DEC_4469,decoy,CCCCC1=C(NC(C)=O)C(=O)c2nc3n(c2C1=O)CCC3OC(C)=O,CHEMBL28035
DEC_4166,decoy,O=C1Nc2ccc(Cl)cc2C(OCC2CC2)(C(F)(F)F)O1,CHEMBL17902
DEC_0007,decoy,C#CCOc1cccc2c1-c1ccc3c(c1C(CC=C)O2)C(C)=CC(C)(C)N3,CHEMBL8360
DEC_3973,decoy,CN(C)CCCNc1ncc2cc(-c3c(Cl)cccc3Cl)c(NC(=O)NC(C)(C)C)nc2n1,CHEMBL294438
DEC_4795,decoy,CC(C)(C)C1CSC(c2ccc(Br)cc2)SC1,CHEMBL29222
DEC_3356,decoy,C=C1/C=C(\C)[C@H](CC)OC(=O)[C@H](C)C(=O)[C@@](O)(CO)C/C(Cl)=C/[C@@H](C)C1,CHEMBL286184
DEC_2561,decoy,CCCSc1nnc(-c2cc(C(C)C)c(O)c(C(C)C)c2)s1,CHEMBL278040
DEC_1188,decoy,CCN(C)CC#CCCC1(C2(O)c3ccccc3Oc3ccccc32)SCCCS1,CHEMBL287758
DEC_3554,decoy,[O-][n+]1ccc(CC(c2ccc(C(O)c3ccccc3)nc2)c2ccc(OC(F)F)c(OC(F)F)c2)cc1,CHEMBL56330
DEC_4609,decoy,CCCCN(CCCC)C(=O)C(C)N1CC(c2ccc3c(c2)OCO3)C(C(=O)O)C1c1ccc(OC)cc1,CHEMBL9488
DEC_2069,decoy,OC1CCCCC1N1CCC(O)(c2ccc(Cl)cc2)CC1,CHEMBL20657
DEC_2930,decoy,C=C1C[C@@]23O[C@]2(c2ccccc21)C1CC(OC(=O)[C@H](O)[C@@H](NC(=O)CC)c2ccccc2)C3(C)C1(C)C,CHEMBL285727
DEC_4386,decoy,O=C1Nc2ccc(F)cc2C(C#Cc2cccnc2)(C(F)(F)F)O1,CHEMBL17518
DEC_3519,decoy,Cc1ccc(CC(COC(=O)C(C)(C)C)CN(O)/C(S)=N/Cc2ccc(NS(C)(=O)=O)c(F)c2)cc1C,CHEMBL72562
DEC_3430,decoy,CC(C)C[C@@H]1OC(=O)C(C)(C)CNC(=O)[C@@H](COCc2ccccc2)NC(=O)/C=C/C[C@@H]([C@H](C)[C@H]2O[C@@H]2c2ccccc2)OC1=O,CHEMBL89788
DEC_1424,decoy,COc1cccc2c1C(CCCN1CCN(c3cccc(Cl)c3)CC1)=CCC2,CHEMBL266765
DEC_3589,decoy,CCCCc1cn(-c2c(CC)cccc2CC)c(=O)n1Cc1ccc(-c2ccccc2-c2nn[nH]n2)nc1,CHEMBL274668
DEC_3119,decoy,O=C(Nc1ccc(C[C@H](/N=c2\c(O)c(O)\c2=N/C2CC2)C(=O)O)cc1)c1c(Cl)cncc1Cl,CHEMBL9332
DEC_2682,decoy,CC(C)(C)c1cc(C(=O)C[S+]([O-])CC2CC2)cc2c1OCC2(C)C,CHEMBL274811
DEC_0529,decoy,C[Si](C)(C)c1ccc(C2=C(Cc3ccccc3)c3ccccc3C3=NCCCN32)cc1,CHEMBL276026
DEC_3114,decoy,CC(C)(Cc1ccc(NC(=O)CBr)cc1)NCC(O)c1ccc(O)c2nc(O)ccc12,CHEMBL287883
DEC_0033,decoy,OC1CCCCC1N1CCC(CCCC2CCN(C3CCCCC3O)CC2)CC1,CHEMBL20720
DEC_2224,decoy,CCCc1nc2c(n1Cc1ccc(-c3ccccc3S(=O)(=O)Nc3onc(C)c3C)c(C)c1)C(=O)CCCC2,CHEMBL12013
DEC_3901,decoy,CC(=O)NCCn1nc2c3c(c(NCCN4CCOC4=O)ccc31)Sc1ccccc1-2,CHEMBL38725
DEC_1384,decoy,CC(=O)[C@@]12O[C@](C)(c3ccc(F)cc3)O[C@@H]1CC1C3CCC4=CC(=O)CC[C@]4(C)C3CC[C@@]12C,CHEMBL273837
DEC_1401,decoy,N#C/C(=C\c1ccccc1OCCN1CCCCCC1)c1noc2ccccc12,CHEMBL22084
DEC_2543,decoy,Cc1ccc(C2NC(=O)N(C(C)C)c3cc4c(cc32)OCO4)cc1,CHEMBL13281
DEC_0867,decoy,O=C(Cn1cc(C(F)(F)F)ccc1=O)NCc1cc2cc(C(=O)N3CCC(N4C(=O)OCc5ccccc54)CC3)c(F)cc2o1,CHEMBL287101
DEC_0176,decoy,Ic1ccc(OCCCc2c[nH]cn2)cc1,CHEMBL21230
DEC_4286,decoy,N[C@@H](CS)CNc1cccc(Oc2ccc(C(=O)O)cc2)c1,CHEMBL25978
DEC_0043,decoy,O=C1O[C@H](c2cccc(Cl)c2)[C@@](Cn2cncn2)(c2cccc(Cl)c2)O1,CHEMBL269178
DEC_1695,decoy,CC(NC(=O)CCc1ccccc1)C1CCC2C3CC=C4CC(O)CCC4(C)C3CCC12C,CHEMBL266331
DEC_3549,decoy,COc1cc(N[C@@H]2c3c([nH]c4ccccc34)[C@@H](c3cc(OC)c(O)c(OC)c3)N3C(=O)OC[C@H]23)cc(OC)c1O,CHEMBL70597
DEC_2389,decoy,O=C1NCN(c2ccccc2)C12CCN([C@@H]1CCc3c(Cl)ccc(Cl)c3C1)CC2,CHEMBL418020
DEC_4062,decoy,CC1(C)CC[C@]2(C(=O)N3CCCC3)CC[C@]3(C)C(C(=O)C=C4[C@@]5(C)C=C(C#N)C(=O)C(C)(C)[C@@H]5CC[C@]43C)C2C1,CHEMBL273970
DEC_3465,decoy,CC(/N=c1\c(O)c(O)\c1=N/c1ccccc1C#N)C(C)(C)C,CHEMBL18680
DEC_0556,decoy,Clc1ccc(C2COC(Cn3ccnc3)(c3ccc(Cl)cc3Cl)O2)cc1,CHEMBL280806
DEC_2683,decoy,O=C(c1ccccn1)[C@@H]1CN(c2ccccc2)C[C@H]1c1ccccc1,CHEMBL276435
DEC_2002,decoy,C[C@@H](COC(=O)N1c2ccccc2[C@@]23O[C@]24CCC[C@@H]3C#C/C=C\C#C[C@H]14)S(=O)(=O)c1ccccc1,CHEMBL15828
DEC_4270,decoy,N[C@@H](CS)C(=O)Nc1ccc(Oc2ccc(C(=O)O)cc2)cc1,CHEMBL418200
DEC_1564,decoy,CC(C)[C@H](NC(=O)C(=O)Nc1c(F)cc(F)c(F)c1F)C(=O)N[C@@H](CC(=O)O)C(=O)COc1c(F)c(F)cc(F)c1F,CHEMBL88358
DEC_2512,decoy,CCCN(CCC)C1Cc2c[nH]c3ccc(C(C)=O)c(c23)C1,CHEMBL276031
DEC_2650,decoy,C=C(c1ccccc1OC(C)c1cccc(Cl)c1)n1ccnc1,CHEMBL25743
DEC_0208,decoy,CN(C/C=C/C1CC=CCC1)Cc1cccc2ccccc12,CHEMBL282220
DEC_0135,decoy,C[C@@H](N)Cc1c2c(c(Br)c3c1OCC3)OCC2.Cl,CHEMBL6710
DEC_3543,decoy,CCNCc1cc(Nc2cc(C(F)(F)F)nc(/N=C(\N)Nc3ccc(C(F)(F)F)cc3)n2)ccc1OC,CHEMBL23201
DEC_3734,decoy,CCN1CCCC(Nc2nc(Nc3cc(Cl)cc(Cl)c3)nc3cc(Cl)ccc23)C1,CHEMBL31693
DEC_1682,decoy,CC(C)(O)CC(=O)c1cc(C(C)(C)C)c2c(c1)C(C)(C)CO2,CHEMBL14164
DEC_2883,decoy,CCc1cc2c(s1)Nc1ccc(F)cc1N=C2N1CCN(C)CC1,CHEMBL14668
DEC_1345,decoy,CC1(C)CC[C@]2(C#N)CC[C@]3(C)C(C(=O)C=C4[C@@]5(C)C=C(C(=O)O)C(=O)C(C)(C)[C@@H]5CC[C@]43C)C2C1,CHEMBL266735
DEC_4631,decoy,COc1ccc(C2(O)OC(=O)C(c3cc(OC)c4c(c3)OCO4)=C2Cc2cc(OC)c(OC)c(OC)c2)cc1C,CHEMBL10854
DEC_1732,decoy,O=C1NCCN1CCN1CC=C(c2cn(-c3ccc(F)cc3)c3ccc(C(F)(F)F)cc23)CC1,CHEMBL418534
DEC_1340,decoy,CC(C)(C)C1=CC(=C/C=C/c2cc(C(C)(C)C)[s+]c(C(C)(C)C)c2)C=C(C(C)(C)C)S1.[Cl-],CHEMBL13487
DEC_1719,decoy,Oc1ccc2c3c1OC1[C@H]4OC[C@@]4(CCc4ccccc4)CC4C(C2)N(CC2CCC2)CCC341,CHEMBL276450
DEC_2726,decoy,C[C@]12C=CC(=O)NC1CCC1C2CC[C@@]2(C)C1CC[C@@H]2C(=O)Nc1cc(C(F)(F)F)ccc1C(F)(F)F,CHEMBL283245
DEC_0583,decoy,CC(C)(C)c1cc(/C=C/c2n[nH]c(O)n2)cc(C(C)(C)C)c1O,CHEMBL12572
DEC_1646,decoy,CC[C@H]1Nc2cc3nc(O)cc(C(F)(F)F)c3cc2CC1(C)C,CHEMBL6689
DEC_3069,decoy,C=C1C[C@@]23O[C@]2(c2ccccc21)C1CC(OC(=O)[C@H](O)[C@@H](NC(=O)OCC)c2ccccc2)C3(C)C1(C)C,CHEMBL31284
DEC_4443,decoy,CC1(C)CC(C(=O)NCCCNCc2ccsc2)C(C)(C)N1,CHEMBL430285
DEC_1156,decoy,CN(C)c1cccc2c1CN1CC(=O)NC1=N2,CHEMBL31502
DEC_1111,decoy,O=C(Nc1ccccc1)NC1c2ccccc2-c2nc(O)c3nc(C(=O)O)cn3c21,CHEMBL273569
DEC_3507,decoy,CCCc1c(OCc2ccc(/C=C3\SC(=S)NC3=O)cc2)ccc(C(=O)c2cncc(C(=O)O)c2)c1O,CHEMBL69180
DEC_3255,decoy,C=C1C[C@@]23O[C@]2(c2ccccc21)C1CC(OC(=O)[C@H](O)[C@@H](NC(=O)OCC)c2cccs2)C3(C)C1(C)C,CHEMBL284516
DEC_0228,decoy,CSc1sc(C(=N)N)cc1-c1cccc(-c2ccccc2)c1,CHEMBL28138
DEC_4697,decoy,CC(C)[C@@H]1CC[C@]2(C(=O)O)CC[C@]3(C)[C@H](CC[C@@H]4[C@@]5(C)CC[C@H](OC(=O)COCC(=O)O)C(C)(C)[C@@H]5CC[C@]43C)[C@@H]12,CHEMBL269279
DEC_1216,decoy,O=C(O)Cc1nn(Cc2nc3cc(C(F)(F)F)cc(F)c3s2)c(=O)c2ccccc12,CHEMBL19701
DEC_1104,decoy,Oc1ccc2c3c1O[C@H]1c4[nH]c5ccccc5c4C[C@@]4(O)C(C2)N(CC2CC2)CC[C@]314,CHEMBL149
DEC_2135,decoy,CCC(=O)O/N=C1\COC2(CCN(C)CC2)C1,CHEMBL41461
DEC_0640,decoy,C[C@H]1C(=O)C(C)(C)Nc2ccc3c(c21)[C@H](c1cccc(F)c1)Oc1ccccc1-3,CHEMBL35525
DEC_4510,decoy,CCC1=C(c2ccccc2)c2ccc(OCC(O)CO)cc2Oc2ccccc21,CHEMBL15162
DEC_3250,decoy,CC(CS)C(=O)N(CC(=O)O)SC1CCCC1,CHEMBL23671
DEC_3790,decoy,O=c1cnn(-c2cc(Cl)c(Sc3ccc(S(=O)(=O)N4CCOCC4)cc3)c(Cl)c2)c(=O)[nH]1,CHEMBL282208
DEC_1639,decoy,C[C@@H]1C[C@H](C)c2cc3c(C(F)(F)F)cc(O)nc3cc2N1,CHEMBL268326
DEC_0239,decoy,Cl.O=C(C1CCCN1)N1CCCC1P(=O)(OCC(F)(F)F)OCC(F)(F)F,CHEMBL276884
DEC_4341,decoy,O=C1Nc2ccc(F)c(F)c2C(C#Cc2ccoc2)(C(F)(F)F)O1,CHEMBL17608
DEC_2027,decoy,COc1ccccc1N1CCN(C(=O)CCc2c3n(c4ccc(C)cc24)C(=O)c2ccccc2-3)CC1,CHEMBL21788
DEC_3559,decoy,CCC(O)(c1ccccc1)c1ccc(C(Cc2cc[n+]([O-])cc2)c2ccc(OC(F)F)c(OC(F)F)c2)cn1,CHEMBL57524
DEC_3252,decoy,Cc1nnc2n1-c1sc(C#CCN3C(=O)CCc4ccccc43)cc1C(C1=CC(=O)CC=C1Cl)=NC2,CHEMBL281780
DEC_2735,decoy,C/C1=C/CC[C@]2(C)[C@@H]([C@H](C)COC(=O)c3ccccc3)CC[C@H]2c2ccc(cc2C(=O)O)C[C@@H](O)CC1,CHEMBL43841
DEC_4456,decoy,O=C(O)[C@@H]1C[C@H]2C[C@@H](Cc3ccccc3-c3nnn[nH]3)CC[C@H]2CN1,CHEMBL435755
DEC_4371,decoy,Cc1cc(=O)n(C(=O)OC(C)(C)C)c2c3c(ccc12)OC(C)(C)C=C3,CHEMBL266957
DEC_3515,decoy,CC(=O)c1c(O)c(C)c(O)c(Cc2c(O)c3c(c(C(=O)/C=C/c4ccccc4)c2O)OC(C)(C)C=C3)c1O,CHEMBL34241
DEC_3074,decoy,O=C(CNc1c2ccccc2nc2ccccc12)NCCCNc1c2ccccc2nc2ccccc12,CHEMBL43569
DEC_4228,decoy,O=C(O)CCC/C=C/C[C@H]1[C@H](NS(=O)(=O)c2ccc(F)cc2)C2CC1(c1ccc(O)cc1)CO2,CHEMBL10455
DEC_1539,decoy,O=C(NCC(O)CO)c1cc(N(CCI)CCI)c([N+](=O)[O-])cc1[N+](=O)[O-],CHEMBL23355
DEC_1690,decoy,CC(C)N(C(=O)[C@H]1CCC2C3CC=C4C=C([PH](=O)O)CC[C@]4(C)C3CC[C@@]21C)C(C)C,CHEMBL283217
DEC_1408,decoy,CC1=NC(=O)C(CCN(C(C)C)C(C)C)(c2ccccc2)C2CCCCN12,CHEMBL286259
DEC_0410,decoy,O=c1cc(C(F)(F)F)c2cc3c(cc2o1)NCCC3C(F)(F)C(F)(F)F,CHEMBL266928
DEC_4553,decoy,O=C(NC(Cc1ccccc1)C(O)CN1CCCCCCCCC/C=C/CCOC1=O)O[C@H]1CO[C@H]2OCC[C@H]21,CHEMBL59732
DEC_3875,decoy,O=C(O)C(=O)CC(=O)c1ccc(-c2ccc(SCC3(O)COc4ccccc4OC3)cc2)cc1,CHEMBL18295
DEC_2586,decoy,CCSc1nnc(-c2cc(C(C)(C)C)c(O)c(C(C)(C)C)c2)o1,CHEMBL16819
DEC_2904,decoy,CN1CCC23c4c5ccc(O)c4OC2[C@H](O)[C@](CO)(CCCCCCc2ccccc2)CC3C1C5,CHEMBL275452
DEC_4135,decoy,C[C@]1(C2=NCCN2)CCCc2c1ccc(O)c2O,CHEMBL30992
DEC_1072,decoy,CCN1C(=O)c2c(nc(OC)n2Cc2ccc(OC)c(Br)c2)N2C[C@@H](Cc3ccccc3)N=C12,CHEMBL279903
DEC_0683,decoy,O=C1NC(=O)C(CC#Cc2ccc(C(F)(F)F)cc2)(S(=O)(=O)c2ccc(Cl)cc2)S1,CHEMBL11995
DEC_2550,decoy,Cc1c(CSc2cccc(Cl)c2)cnc2nc(N)nc(N)c12,CHEMBL24007
DEC_0050,decoy,Clc1ccc(C2(Cn3ccnc3)OCC(c3ccccc3Cl)O2)cc1,CHEMBL286524
DEC_0938,decoy,CC1CCC(/C=N/c2ccc(Cl)cc2)=C2NC=C(C(=O)O)C(=O)N21,CHEMBL25047
DEC_4464,decoy,CCc1c(Sc2cc(C)cc(C)c2)n(COCCO)c(=O)[nH]c1=O,CHEMBL16684
DEC_2125,decoy,O=C1CN2Cc3c(sc4c3CCCC4)N=C2N1,CHEMBL31429
DEC_4367,decoy,CCC(=O)N1N=C(c2ccc(N)cc2)c2cc3c(cc2CC1C)OCO3,CHEMBL8845
DEC_2012,decoy,COc1ccc(N2C[C@H](CN3CCC(O)(c4ccc5c(c4)OC4(CCCC4)O5)CC3)OC2=O)cc1,CHEMBL47279
DEC_3061,decoy,CCC(=O)N1C(=O)[C@H](CCCCC(=N)N)[C@H]2c3cc(-c4cccc(C(=O)N(CC)CC)c4)ccc3C[C@@H]21,CHEMBL47074
DEC_4523,decoy,COc1ccc2onc(/C(C#N)=C/c3ccccc3OCCN3CCCCC3)c2c1,CHEMBL277456
DEC_0072,decoy,C[C@]12C=CC(=O)NC1CCC1C2CC[C@@]2(C)C1CC[C@@H]2C(=O)n1ccc2ccccc21,CHEMBL24465
DEC_2973,decoy,COc1cc([C@@H]2c3cc4c(cc3[C@@H](Nc3ccccc3)[C@H]3COC(=O)[C@H]23)OCO4)cc(OC)c1O,CHEMBL281532
DEC_0080,decoy,O=C1Nc2ccc(Cl)cc2C(OCC(F)(F)C(F)(F)F)(C(F)(F)F)O1,CHEMBL17009
DEC_0726,decoy,CC1(O)C[C@@]23CCC4c5ccoc5CC[C@@]4(C)C2CCC1C3,CHEMBL283392
DEC_3804,decoy,CC[C@@H]1CO[C@H]2[C@@H]1[C@H](O)[C@H](OCC13C[C@@H]4[C@H](C)CC[C@H]4C4(C=O)CC1C=C(C(C)C)C34C(=O)O)O[C@@H]2C,CHEMBL295550
DEC_3880,decoy,CC1=C(C(=O)OC(c2ccccc2)c2ccccc2)N2C(=O)[C@@H](NC3=NC(C)C(C)N3)C2SC1,CHEMBL13586
DEC_1775,decoy,Clc1ccc([C@@]2(Cn3cncn3)OCO[C@@H]2c2ccccc2)c(Cl)c1,CHEMBL418152
DEC_2833,decoy,CCCOc1ccc(-c2ccc(/C=C/C(=O)Nc3ccc(NC(=O)Cc4ccc(C)cc4)c(C(=O)c4ccccc4)c3)o2)cc1,CHEMBL89599
DEC_3611,decoy,CC(C)COc1ccc(Cc2ccc(NC3=NCCN3)cc2)cc1,CHEMBL9655
DEC_4647,decoy,CC1(C)Oc2ccc(-c3ccccc3)cc2C(NC(=O)c2ccc(F)cc2)[C@@H]1O,CHEMBL16146
DEC_0647,decoy,CC1=CC(C)(C)Nc2ccc3c(c21)C(c1cccc(Cl)c1)Oc1ccc(F)cc1-3,CHEMBL416411
DEC_2488,decoy,COc1ccc2c3c1OC1[C@H]4OC[C@@]4(CCc4ccccc4)CC4C(C2)N(CC2CC2)CCC341,CHEMBL10111
DEC_1861,decoy,CO/N=C(\COCc1ccc2nonc2c1)C(CCN1CCC(O)(c2ccccc2)CC1)c1ccc(Cl)c(Cl)c1,CHEMBL290786
DEC_2749,decoy,Cc1cc(C)cc(-c2c(O)nc3cc(Cl)c([N+](=O)[O-])cc3c2OCCC2NCCc3ccccc32)c1,CHEMBL431344
DEC_1804,decoy,CCCC(=O)Nc1ccc(-c2nc3n(Cc4ccccc4F)cc(C(=O)OC(CC)CC)c(=O)n3c2CN(C)Cc2cccnc2)cc1,CHEMBL304156
DEC_2705,decoy,CCOC(=O)[C@]12CCC(C)(C)CC1C1C(=O)C=C3[C@@]4(C)C=C(C#N)C(=O)C(C)(C)[C@@H]4CC[C@@]3(C)[C@]1(C)CC2,CHEMBL8348
DEC_3791,decoy,Cn1ccnc1CCN1CC[C@@H](N2CC(=O)N3[C@H](c4ccc5c(c4)OCO5)c4[nH]c5ccccc5c4C[C@@H]3C2=O)C1,CHEMBL282515
DEC_4393,decoy,CC(C)C[C@H](CC(=O)NO)C(=O)N[C@@H](CC(C)C)c1nc2cc(Cl)c(Cl)cc2[nH]1,CHEMBL42311
DEC_3854,decoy,CCN(CC)CCn1nc2c3c(c(CNS(C)(=O)=O)ccc31)Sc1ccc(O)cc1-2,CHEMBL30104
DEC_2137,decoy,CC(=O)N(C)CC#CCN1CCC(CCO)CC1,CHEMBL10578
DEC_3713,decoy,N#CN/C(=N\C(Cn1ccnc1)c1ccc(Cl)cc1Cl)Nc1cccc(Cl)c1Cl,CHEMBL269307
DEC_0082,decoy,OC1=C2C(=Nc3c(-c4ccco4)cnn3C2c2ccc(Cl)c(Cl)c2)CCC1,CHEMBL284159
DEC_0447,decoy,O=C(O)CS(=O)(=O)N1CCC(C(=O)N2CCC3(CC2)CCN(c2ccncc2)C3)CC1,CHEMBL275769
DEC_3914,decoy,C=C(c1c(Cl)cc(Cl)cc1OCC(O)CNC(C)C)n1ccnc1,CHEMBL15453
DEC_2284,decoy,CC1(C)N=C(N)N=C(N)N1c1cccc(OC[C@]23C[C@H]4C[C@H](C[C@H](C4)C2)C3)c1,CHEMBL33205
DEC_4497,decoy,COc1cccc2c1CCC[C@H]2CN(CCc1ccc2c(c1)OCO2)C1CC1,CHEMBL274602
DEC_3699,decoy,C[C@@]1(CCc2ccccc2)CC2C3Cc4ccc(O)c5c4C2(CCN3CC2CCC2)C(O5)C1=O,CHEMBL9736
DEC_2592,decoy,Fc1ccc(-n2cc(C3=CCNCC3)c3cc(C(F)(F)F)ccc32)cc1,CHEMBL276149
DEC_0888,decoy,CC(C)C[C@@H]1OC(=O)C(C)(C)CNC(=O)[C@@H](CCc2ccccc2)NC(=O)/C=C/C[C@@H]([C@H](C)[C@@H]2O[C@H]2c2ccccc2)OC1=O,CHEMBL315826
DEC_1313,decoy,CCCc1c(O)c(C(C)=O)cc(Cl)c1OCCCCCOc1cc2c(cc1C(C)=O)CCC(C(=O)O)O2,CHEMBL435771
DEC_0177,decoy,CCCC(CCC)c1nc2c([nH]1)N1C(=N[C@@H]3CCC[C@@H]31)N(C)C2=O,CHEMBL280307
DEC_4479,decoy,CC(/N=c1\c(O)c(O)\c1=N/c1ccc(S(C)(=O)=O)cc1)C(C)(C)C,CHEMBL18708
ACT_067,active,C#Cc1cccc(Nc2nccc3c(Nc4ncccc4-c4cc(NC)ncn4)c(C)ccc23)c1,CHEMBL571278
DEC_0939,decoy,c1cc(Sc2ccc3c(c2)OCCO3)ccc1NC1=NCCN1,CHEMBL9649
DEC_1430,decoy,COC1(c2nccs2)CCc2c(OCc3ccc4ccccc4c3)cccc21,CHEMBL277037
DEC_1485,decoy,Cc1c(C)c2c(c(C)c1OCc1ccccc1)C(COc1ccc(/C=C3\SC(=O)NC3=O)cc1)C(C)(C)O2,CHEMBL57265
DEC_2504,decoy,Cc1c(O)c(CCCSc2ccccc2)cc2c1CCO2,CHEMBL266116
DEC_3002,decoy,CC(C)(C)C1CS(=O)(=O)C(c2c(F)c(F)c(N=[N+]=[N-])c(F)c2F)S(=O)(=O)C1,CHEMBL31286
DEC_1826,decoy,CCCc1nc(SC(F)F)c(C(=O)O)n1Cc1ccc(-c2ccccc2S(=O)(=O)NC(=O)CCc2ccccc2)cc1,CHEMBL328302
DEC_1500,decoy,CC(C)(C)c1ccc(Sc2ccc(-n3ncc(=O)[nH]c3=O)cc2Cl)cc1,CHEMBL418755
DEC_4178,decoy,O=C(c1cccc(C(F)(F)F)c1)c1ccc2n1CCC2C(=O)O,CHEMBL9112
DEC_2170,decoy,c1csc(C2NCCc3c2[nH]c2ccccc32)c1,CHEMBL289606
DEC_3021,decoy,CC(C)=CC[C@@H](OC(=O)Cc1ccccc1)C1=CC(=O)c2c(O)ccc(O)c2C1=O,CHEMBL8804
DEC_3140,decoy,Nc1nc(N)c(CCCCc2ccc(C(=O)N[C@@H](Cc3ccccc3)C(=O)O)cc2)c(O)n1,CHEMBL417985
DEC_2129,decoy,CC1OC2(CCN(C)CC2)C/C1=N/NC(N)=O,CHEMBL289487
DEC_4663,decoy,Oc1ccc(Cl)cc1-n1nc(-c2ccc(C(F)(F)F)cc2C(F)(F)F)nc1O,CHEMBL13855
DEC_0178,decoy,Cc1cc(C(c2ccc(C(C)C)cc2)N2CC(C)NC(C)C2)sn1,CHEMBL24942
DEC_1378,decoy,CC(C)(C)c1ccc(C2=Cc3ccc(N/C(S)=N/C4CCCCC4)cc3C3=NCCCN23)cc1,CHEMBL10088
DEC_2045,decoy,Cc1cc(C(c2ccc(OC(C)C)cc2)N2CCN(C)CC2)sn1,CHEMBL279048
DEC_0251,decoy,CO[C@]12C=CC3(CC14CCC[C@H]4O)C1Cc4ccc(O)c5c4C3(CCN1CC1CC1)[C@@H]2O5,CHEMBL281986
DEC_2638,decoy,Clc1ccccc1Nc1nc2ccccc2n2cncc12,CHEMBL282607
DEC_4458,decoy,CC1(C)C=C(C(=O)NCCCNCc2ccsc2)C(C)(C)N1,CHEMBL278277
DEC_4826,decoy,NCCc1c(-c2ccccc2)n(C(=O)C2CCC2)c2ccccc12,CHEMBL538394
DEC_1607,decoy,CCC(C)c1ccc(C(c2cc(C)ns2)N2CCN(C)CC2)cc1,CHEMBL283796
DEC_2238,decoy,O=C(O)[C@H](Cc1ccccc1)N(Cc1ccc(Br)s1)C(=O)c1ccc(Cl)cc1Cl,CHEMBL24069
DEC_0886,decoy,CC[C@H]1OC(=O)CC(O)[C@H](C)[C@@H](O[C@@H]2O[C@H](C)C[C@H](N(C)C)[C@H]2O)[C@@H](CCN(CC)CC)C[C@@H](C)C(=O)/C=C/[C@]2(C)O[C@H]2[C@@H]1C,CHEMBL9118
DEC_1346,decoy,CC1(C)CC[C@]2(C(N)=O)CC[C@]3(C)C(C(=O)C=C4[C@@]5(C)C=C(C#N)C(=O)C(C)(C)[C@@H]5CC[C@]43C)C2C1,CHEMBL7858
DEC_2419,decoy,Cl.c1ccc(C[C@H]2CN=C(Cc3cccc4ccccc34)N2)cc1,CHEMBL277685
ACT_007,active,c1cc(-c2cccc3c(N4CCOCC4)nncc23)c2oncc2c1,CHEMBL5619624
DEC_3228,decoy,CSc1sc(C(=N)N)cc1-c1nc(C)cs1,CHEMBL285330
DEC_1094,decoy,CCC1(O)C(=O)OCc2c1cc1n(c2=O)Cc2c-1nc1ccccc1c2CCN(C)C(=O)OCc1ccccc1,CHEMBL10510
DEC_0489,decoy,O=C1Nc2cccc3c2C1(CCCCN1CCN(C2CCCCC2)CC1)CCC3,CHEMBL273890
DEC_3838,decoy,COc1ccc(C2=C(C(=O)NS(C)(=O)=O)C(c3ccc4c(c3)OCO4)Oc3ccc(OC(C)C)cc32)cc1,CHEMBL62578
DEC_0891,decoy,CC[C@H]1OC(=O)CC(O)[C@H](C)[C@@H](O[C@@H]2O[C@H](C)C[C@H](N(C)C)[C@H]2O)[C@@H](CCN(CC)CC)C[C@@H](C)C(=O)/C=C/C(C)=C/[C@@H]1C,CHEMBL266373
DEC_2256,decoy,CCC/C=C/C(=O)O[C@H](CC=C(C)C)C1=CC(=O)c2c(O)ccc(O)c2C1=O,CHEMBL9266
DEC_2011,decoy,O=C(Cn1c2c(c(=O)n3nc(-c4ccccc4)cc13)CN(C1CC3CCC1C3)C2=O)c1ccccc1,CHEMBL48284
DEC_2489,decoy,O=S(=O)(N1Cc2ccccc2N(Cc2c[nH]cn2)C(CCc2ccccc2)C1)C(F)(F)F,CHEMBL266556
ACT_068,active,COc1ccc(/C(C)=N/OC(N)=O)cc1OC1CCCC1,CHEMBL590754
DEC_2096,decoy,CN1C(=O)c2c(F)c(F)c(F)c(F)c2C1=O,CHEMBL11215
DEC_4701,decoy,CCCCOC(C)OC(=O)[C@]12CC[C@@H](C)[C@H](C)C1C1=CCC3[C@@]4(C)C[C@@H](O)[C@H](O)[C@@](C)(CO)C4CC[C@@]3(C)[C@]1(C)CC2,CHEMBL131899
DEC_1948,decoy,CC(C)c1cccc(C(C)C)c1OS(=O)(=O)NC(=O)OC1C2CC3CC(C2)CC1C3,CHEMBL422929
DEC_4797,decoy,CC(=O)[C@@]1(C)CCC2C3CCC4=CC(=O)CCC4=C3CCC21C,CHEMBL274917
DEC_4646,decoy,Cc1ccc(C2(O)OC(=O)C(c3ccc4c(c3)OCO4)=C2Cc2ccccc2)cc1,CHEMBL273613
DEC_1773,decoy,FC(F)(F)c1cccc(COCC2(c3ccccc3)CCNCC2)c1,CHEMBL281828
DEC_2452,decoy,C=C(CC[C@H](O)[C@@]1(C)CC[C@H](C(C)(C)O)O1)[C@H]1CC[C@H]2O[C@@H]([C@]3(C)CCC(=O)O3)CC[C@]2(C)O1,CHEMBL280918
DEC_3758,decoy,CC(C)C[C@@H]1N[C@H]2N(C1=O)c1ccccc1[C@@]2(O)C[C@@H]1NC(=O)c2ccccc2-n2c1nc1ccccc1c2=O,CHEMBL283117
DEC_3313,decoy,CC12C(=CC(=O)C3CC31)[C@H]1CC1C1C2CCC2(C)C1CCC21CCC(=O)O1,CHEMBL12426
DEC_0877,decoy,CCC/C=C(\C)C(=O)O[C@H]1C(O)[C@H](OCC23C[C@@H]4[C@H](C)CC[C@H]4C4(C=O)CC2C=C(C(C)C)C34C(=O)O)O[C@H](C)[C@H]1OC,CHEMBL279171
DEC_0096,decoy,Clc1ccc2c(c1)[C@H]1OCCC[C@H]1[C@@H](c1c[nH]c3ccc(Br)cc13)N2,CHEMBL24848
DEC_4573,decoy,O=[N+]([O-])c1ccc(Cn2c3c(c4ccccc42)C[C@@]2(O)[C@H]4Cc5ccc(O)c6c5[C@@]2(CCN4CC2CC2)[C@H]3O6)cc1,CHEMBL291679
DEC_1134,decoy,Cc1c(NC(=O)Cc2ccc(Cl)c(Cl)c2)ccc2nc(N)nc(N)c12,CHEMBL6812
DEC_0874,decoy,CCOC(=O)[C@H](O)C/C=C\C[C@@H]1O[C@@H]2/C=C/C/C=C/C(C)=C\[C@H]3O[C@@H](C/C=C/C=C/C(=O)O[C@H](C2)[C@@]1(C)CO)C[C@H](O)[C@H]3C,CHEMBL301697
DEC_1081,decoy,O=C1CC2(CCCC2)CC(=O)N1CCN1CCN(c2cc(I)ccc2Cl)CC1,CHEMBL58384
DEC_0356,decoy,CC(C)CN[C@H]1CCS(=O)(=O)c2sc(S(N)(=O)=O)cc21,CHEMBL417975
DEC_4265,decoy,C#CCNC(=N)Nc1nc(-c2ccc(CNC(C)=O)o2)cs1,CHEMBL24019
DEC_2062,decoy,CCCCC1NC(=O)OC12CCN(CCc1c[nH]c3ccccc13)CC2,CHEMBL283187
DEC_3988,decoy,CN(C)Cc1cc(Nc2cc(C(F)(F)F)nc(/N=C(\N)Nc3ccc(C(F)(F)F)cc3)n2)ccc1O,CHEMBL418013
DEC_4413,decoy,O=C(O)c1ccc(C(=O)/C=C/c2ccc(OCc3ccc4ccccc4n3)cc2)c(O)c1,CHEMBL11822
DEC_4130,decoy,CC(C)(C)CC(=O)CC(=O)NC1CCOC1=O,CHEMBL275831
DEC_0513,decoy,CC(C)(C)CCNC(=O)[C@H]1CCC2C3CNC4=CC(=O)CC[C@]4(C)C3CC[C@@]21C,CHEMBL24033
DEC_0784,decoy,O=C1Nc2ccc(Cl)cc2C(C#Cc2cncs2)(C(F)(F)F)O1,CHEMBL17901
DEC_3178,decoy,COc1cc(NC(C)CCCN)c2ncccc2c1Oc1ccc(F)c(C(F)(F)F)c1,CHEMBL417434
ACT_078,active,CNc1ncc2cc(-c3cc(Nc4nc5cc(C(F)(F)F)ccc5[nH]4)ccc3C)ccc2n1,CHEMBL213478
DEC_0225,decoy,CCc1ccc(SC)c(C(O)c2ccc(Cl)cc2)c1,CHEMBL27731
DEC_4082,decoy,COc1ccc2c(c1)c(Cc1nc(-c3cccc(Br)c3)cs1)c(C)n2C(=O)c1ccc(Cl)cc1,CHEMBL24407
DEC_2421,decoy,O=C(O)C(=O)CC(=O)c1ccc(-c2ccc(Br)cc2)cc1,CHEMBL282504
DEC_1738,decoy,CC(C)CCCN(C)[C@H]1CCC2C3CC=C4C[C@@H](O)CCC4(C)C3CCC21C,CHEMBL8490
DEC_2986,decoy,O=C(/C=C/c1cccc(OCc2ccc3ccccc3n2)c1)c1cc(-c2nn[nH]n2)ccc1O,CHEMBL11533
DEC_3961,decoy,CC(C)(C)OC(=O)NCCC(=O)Nc1cccc(C(c2c(O)c3c(oc2=O)CCCCCC3)C2CC2)c1,CHEMBL16359
DEC_4437,decoy,CCc1cc2c(O)cc(=O)n(Cc3ccc(-c4ccccc4-c4nn[nH]n4)cc3)c2s1,CHEMBL281875
DEC_2752,decoy,CC(=O)OCC/C(COC(C)=O)=C(\CC1(C)C(C)CCC2(C)C1CCCC2(O)CO)OC(C)=O,CHEMBL416628
DEC_1836,decoy,CCCCc1nc2ccn(C(C(=O)OCC(C)C)c3ccccc3)c(=O)c2n1Cc1ccc(-c2ccccc2-c2nn[nH]n2)cc1,CHEMBL420607
DEC_3132,decoy,COc1ccc(CNC(=O)[C@H](Cc2ccccc2)NC(=O)Nc2nnc(S)s2)cc1OC,CHEMBL287974
DEC_0057,decoy,CC(NCc1ccccc1)C1CCC2C3CC=C4CC(O)CCC4(C)C3CCC12C,CHEMBL8859
DEC_3026,decoy,CCNCC1CCN(c2c(F)cc3c(=O)c(C(=O)O)cn(C4CC4)c3c2C(F)(F)F)C1,CHEMBL275412
DEC_0499,decoy,c1cc(OCc2ccc3ccccc3n2)cc(OCc2ccccc2-c2nn[nH]n2)c1,CHEMBL18413
DEC_1274,decoy,Cc1cc2c(s1)CNCC2c1ccc(Br)cc1,CHEMBL15953
DEC_4187,decoy,CCC(=O)N(c1ccc(Br)cc1)C1CCCC1N(C)C,CHEMBL277433
DEC_2828,decoy,CC1Cc2c(OCc3ccc(-c4ccccc4)cn3)ccc3c2c(c(CC(C)(C)CC(N)=O)n3Cc2ccc(Cl)cc2)S1,CHEMBL96873
DEC_4612,decoy,CCCCc1nc(SC)c(CO)n1Cc1ccc(-c2ccccc2S(=O)(=O)NC(=O)NCCC)cc1,CHEMBL79106
DEC_1206,decoy,Cc1cccc(S(=O)(=O)C2(CC#Cc3ccc(Cl)cc3)SC(=O)NC2=O)c1,CHEMBL267767
DEC_4132,decoy,Nc1nc2n[nH]cc2c2nc(-c3ccco3)nn12,CHEMBL276738
DEC_0820,decoy,C[C@@H]1CC[C@H]2[C@@H](C)C(CC3(CC4OC5O[C@]6(C)CC[C@H]7[C@H](C)CC[C@@H]([C@H]4C)C57OO6)CO3)OC3O[C@]4(C)CCC1C32OO4,CHEMBL10183
DEC_3802,decoy,C=C(CC[C@H](O)[C@@]1(C)CC[C@H](C(C)(C)O)O1)[C@H]1CC[C@H]2O[C@@H]([C@]3(C)CC[C@@H](C(C)(C)O)O3)CC[C@]2(C)O1,CHEMBL22785
DEC_3294,decoy,CC1CC2C3C[C@H](F)C4=CC(=O)C=CC4(C)[C@@]3(Cl)C(Cl)CC2(C)[C@@]1(OC(=O)c1ccco1)C(=O)CCl,CHEMBL276148
DEC_3888,decoy,O=C(O)[C@@H]1CC2(CN1C(=O)CP(=O)(O)CCCCc1ccccc1)SCCS2,CHEMBL277270
DEC_0866,decoy,C=C1[C@@H](OC(=O)c2ccccc2)CC[C@@]2(C)[C@@H](OC(C)=O)[C@H](OC(C)=O)C3=C(C)C(=O)C[C@@H]([C@@H](OC(=O)c4ccccc4)[C@H]12)C3(C)C,CHEMBL339415
DEC_1432,decoy,C1=C(c2ccc(OCc3ccccc3)cc2)N2CCCN=C2c2ccccc21,CHEMBL10100
DEC_1957,decoy,CCCCC1N(Cc2ccc(-c3ccccc3-c3nn[nH]n3)cc2)C(=O)c2ccccc2N1C,CHEMBL15470
DEC_1524,decoy,CN[C@H]1CCc2cc(OC)c(OC)c(OC)c2-c2ccc(SC)c(=O)cc21,CHEMBL19531
DEC_0119,decoy,CCCCCCCCCCOc1ccc(OCC(=O)COCc2cccc(C(=O)O)c2)cc1,CHEMBL286068
DEC_3578,decoy,CC(C)c1cc(C(C)C)c(S(=O)(=O)Oc2cccc3c2C(=O)C(N2CC2)=C(N2CC2)C3=O)c(C(C)C)c1,CHEMBL34251
DEC_0010,decoy,CCC(C)NCc1ccc2n1-c1ccccc1SC2C1=CCC(OC)(OC)C=C1,CHEMBL24998
DEC_4591,decoy,COc1c2c(c(OC)c(SC(C)C)c1SC(C)C)[C@H](CO)N1C(C#N)[C@@H]3C[C@@H](C(=O)O)[C@H]([C@@H]1C2)N3C,CHEMBL58642
DEC_1748,decoy,CC12CCC3C(C(CCc4ccccc4)=CC4=CC(=O)CCC43C)C1CCC2=O,CHEMBL269590
DEC_0810,decoy,CCCc1cc(=O)oc2c3c(c4c(c12)OC(C)(C)C=C4)O[C@H](C)[C@H](C)[C@H]3O,CHEMBL269063
DEC_3318,decoy,CC12CCC(=O)C=C1[C@H]1C[C@H]1C1C2CCC2(C)C1CCC21CCC(=O)O1,CHEMBL12977
DEC_4825,decoy,Cc1coc(C)c1C(=O)/C=C/c1cc2ccccc2nc1Cl,CHEMBL274474
DEC_0504,decoy,CCCc1cc(=O)oc2c3c(c4c(c12)OC(C)(C)C=C4)O[C@H](C(C)C)[C@@H](C)[C@H]3O,CHEMBL269359
DEC_3872,decoy,O=S(=O)(c1ccc(OC(F)(F)F)cc1)C(Cl)(Cl)S(=O)(=O)C(F)(F)F,CHEMBL274791
DEC_4832,decoy,c1cncc(C2CCCN2C2c3ccccc3Oc3ccccc32)c1,CHEMBL278775
DEC_1018,decoy,O=P1(N(CCCl)CCCl)OCCCN1O,CHEMBL557134
DEC_4563,decoy,COc1cc([C@@H]2c3cc4c(cc3[C@@H](NC(=O)Nc3ccc(Cl)cc3)[C@H]3COC(=O)[C@H]23)OCO4)cc(OC)c1O,CHEMBL306329
DEC_0244,decoy,CC12CCC(OC=O)CC1CCC1C2CCC2(C)[C@@H](C3=CC(=O)OC3)C(OC=O)CC12O,CHEMBL451551
DEC_2994,decoy,CCN1CCN(C2=Nc3ccc(C(C)C)cc3CC=C2c2ccccc2)CC1.O=C(O)/C=C/C(=O)O,CHEMBL16736
DEC_4303,decoy,C=C(C)[C@@]12OC3(c4ccccc4)O[C@@H]1[C@@H]1[C@@H]4O[C@]4(CO)[C@@H](O)[C@]4(O)C(=O)C(C)=C[C@H]4[C@@]1(O3)[C@H](C)[C@H]2OC(=O)/C=C/C=C/c1ccccc1,CHEMBL126750
DEC_2014,decoy,CC(C)(C)OC(=O)c1ncn2c1CN(C(=O)N1CCN(C(C)(C)C)CC1)c1cc(Cl)ccc1-2,CHEMBL277781
DEC_2814,decoy,CC1Cc2c(OCc3ccc(-c4ccccc4)cn3)ccc3c2c(c(CC(C)(C)C(=O)O)n3CCCc2ccccc2)S1,CHEMBL275474
DEC_4116,decoy,Nc1n[nH]c(N)c1Cc1ccc2c(c1)OCO2,CHEMBL287961
DEC_4328,decoy,CC[C@@]1(O)C(=O)OCc2c1cc1n(c2=O)Cc2c-1nc1ccc(N3CCCC3N3CCCC3OC(N)=O)cc1c2[Si](C)(C)C,CHEMBL324430
DEC_1421,decoy,CO[C@]1(c2cnc(Sc3ccc(/C(C)=N/O)cc3)s2)CCO[C@@H](C)C1,CHEMBL25348
DEC_4327,decoy,CNC1=C2C[C@@H](C)C[C@H](OC)[C@H](NCc3ccccc3)[C@@H](C)/C=C(\C)[C@H](OC(N)=O)[C@@H](OC)/C=C\C=C(/C)C(=O)NC(=CC1=O)C2=O,CHEMBL419613
DEC_2527,decoy,c1ccc2c(c1)Oc1ccccc1C2NC1CN2CCC1CC2,CHEMBL277226
DEC_0114,decoy,CCCCCCCCCCCCCCCCN(CC(=O)OCC)c1ccc(C(=O)OC)cc1,CHEMBL30386
DEC_4336,decoy,CC(C)[C@H]1[C@@H](OC(=O)N[C@@H](Cc2ccccc2)[C@H](O)CN2C[C@H]3CCS[C@H]3C[C@H]2C(=O)NC(C)(C)C)CCS1(=O)=O,CHEMBL321778
DEC_4679,decoy,Cc1cc(-c2c(F)cc3c(=O)c(Cc4ccc[nH]4)cn(C4CC4)c3c2F)cc(C)n1,CHEMBL7368
DEC_4177,decoy,Nc1nc2cc(Cl)c(Cl)cc2n1Cc1cccc(C(F)(F)F)c1,CHEMBL22850
DEC_0718,decoy,O=C1NC(=O)C(CC#Cc2ccc(Br)cc2)(S(=O)(=O)c2ccc(Cl)cc2)S1,CHEMBL276441
DEC_0564,decoy,Clc1ccc(C2COC(Cn3ccnc3)(c3ccccc3Cl)O2)c(Cl)c1,CHEMBL283668
DEC_1615,decoy,CCOc1nc(C(Cl)(Cl)Cl)c(Cl)c(OC)c1Cl,CHEMBL274396
DEC_2061,decoy,Cc1ccc(C(c2ccn(-c3ccc(F)cc3)c2)n2ccnc2)cc1,CHEMBL21313
DEC_4151,decoy,c1ccc(Cc2ccc(OCCn3cnc4ccccc43)cc2)cc1,CHEMBL15036
DEC_1465,decoy,CC[C@@]1(OC(=O)CO[C@@H]2C[C@H](C)CC[C@H]2C(C)C)C(=O)OCc2c1cc1n(c2=O)Cc2cc3ccccc3nc2-1,CHEMBL21560
DEC_1055,decoy,C=CCO[C@]1(C)CCN2CC34CC5(C(=O)Nc6c5ccc5c6OC=CC(C)(C)O5)C(C)(C)C3CC21C(=O)N4C,CHEMBL41529
DEC_3137,decoy,CCN(CC)c1nc(NCCNC(=O)c2ccccc2)c2ccccc2n1.O=C(O)C(=O)O,CHEMBL14099
DEC_4652,decoy,O=C1NC(=O)C(CC#Cc2ccc(Cl)cc2)(Sc2ccc3ccccc3n2)S1,CHEMBL273223
DEC_4583,decoy,CCCC(c1cccc(NS(=O)(=O)c2cccc3cccnc23)c1)c1c(O)c2c(oc1=O)CCCCCC2,CHEMBL274470
DEC_3075,decoy,CCc1sc(CCc2cc(OC)cc(NCc3cc(Cl)cc(NC(=O)OC(C)C)c3)n2)nc1C,CHEMBL49795
DEC_1407,decoy,Cc1ccc(C2(Cn3ccnc3)OCC(c3ccccc3Cl)O2)cc1,CHEMBL30205
DEC_3188,decoy,CC(C)NC(=O)OCc1c(COC(=O)NC(C)C)c(-c2ccc(Cl)cc2)n2c1SCC2,CHEMBL33575
DEC_1822,decoy,COc1cccc(CNc2ccc(CNC(=O)CO[C@@H]3C[C@H](C)CC[C@H]3C(C)C)cc2)c1Oc1ccc([N+](=O)[O-])cc1C(=O)O,CHEMBL112371
DEC_1168,decoy,Nc1nc2ccnc(-c3ccc[n+]([O-])c3)n2n1,CHEMBL280914
DEC_4146,decoy,O=C1CCC(c2ccc(-n3ccnc3)cc2)=NN1,CHEMBL12831
DEC_3999,decoy,O=C(NC1CCC(O)CC1)c1ccccc1SSc1ccccc1C(=O)NC1CCC(O)CC1,CHEMBL300857
DEC_0859,decoy,Cc1cccc(C)c1C(=O)N1CCC(N2CCN([C@@H](C)c3ccc(S(=O)(=O)c4ccc5c(c4)OCO5)cc3)[C@H](C)C2)CC1,CHEMBL305026
DEC_3160,decoy,CC(C)=CCC(OC(=O)c1ccc2ccccc2c1)C1=CC(=O)c2c(O)ccc(O)c2C1=O,CHEMBL416387
DEC_2967,decoy,O=c1c(-c2ccc(O)cc2)c(Sc2ccc(OCCN3CCCCC3)cc2)oc2cc(O)ccc12,CHEMBL417694
DEC_2982,decoy,O=C(O)CCc1cc(-c2cccnc2)cc2c1CCC(NS(=O)(=O)c1ccc(Cl)cc1)C2,CHEMBL282823
DEC_1068,decoy,C[C@@H]1C(=O)N(c2nccs2)[C@H]2CCN(C(=O)[C@@H]3CCCN3S(=O)(=O)c3cccc4c(N(C)C)cccc34)[C@H]12,CHEMBL45799
DEC_4445,decoy,O=C(O)[C@@H]1C[C@H]2C[C@@H](c3ccsc3-c3nn[nH]n3)CC[C@H]2CN1,CHEMBL16342
DEC_1720,decoy,CC1CCCC(N2Cc3c(n(CC(=O)c4ccccc4)c4cc(-c5ccccc5)nn4c3=O)C2=O)C1C,CHEMBL47118
DEC_0873,decoy,CC(C)(O)[C@H]1CC[C@](C)([C@@H](O)CC[C@@](O)(CO)C2=CC[C@H]3O[C@@H]([C@]4(C)CC[C@@H](Br)C(C)(C)O4)CC[C@]3(C)O2)O1,CHEMBL282025
DEC_2848,decoy,Cc1cc(C)cc(-c2[nH]c3ccc(C(C)(C)C(=O)N4C5CCCC4CC5)cc3c2[C@H](C)CNCCCCc2ccncc2)c1,CHEMBL86805
DEC_3649,decoy,S=C(NCCSCc1c[nH]c2ccccc12)Nc1ccccc1,CHEMBL274766
DEC_1393,decoy,CCOc1nc(C(Cl)(Cl)Cl)c(Cl)c(OC(C)=O)c1Cl,CHEMBL428886
DEC_3381,decoy,COc1c(N2C[C@@H]3CCCN[C@@H]3C2)c(F)cc2c(=O)c(C(=O)O)cn(C3CC3)c12,CHEMBL32
DEC_3896,decoy,O=C1[C@@H](NS(=O)(=O)c2cc3ccc(Cl)nc3s2)CCN1Cc1cc2c[nH]ccc-2n1,CHEMBL8509
DEC_4349,decoy,CC1OC(C#CC2CC2)(C(F)(F)F)c2c(ccc(F)c2F)NC1=O,CHEMBL31771
DEC_3376,decoy,Nc1nc(O)c2nc(Br)n(C3CCCCc4ccc(F)cc43)c2n1,CHEMBL276889
DEC_0579,decoy,Cc1c2ccnc(NCCN(C)C)c2cc2c1[nH]c1ccc(O)cc12,CHEMBL431491
DEC_3155,decoy,CN1CCCC1CCNc1nc(Nc2cc(Cl)cc(Cl)c2)nc2ccc(Cl)cc12,CHEMBL31289
DEC_3881,decoy,O=C(O)c1cn(C2CC2)c2c(F)c(N3CCOC(CN4CCCCC4)C3)c(F)cc2c1=O,CHEMBL280842
DEC_0641,decoy,O=C(Oc1ccc2[nH]c(C(=O)c3cc4ccccc4[nH]3)cc2c1)c1ccc2ccccc2n1,CHEMBL414210
DEC_0565,decoy,c1ccc(C(O[C@@H]2CCCN(CCc3ccc4c(c3)OCO4)C2)c2ccccc2)cc1,CHEMBL27507
DEC_0532,decoy,O=C(/C=C1\CN2CCC1CC2)c1ccc(C(=O)c2ccc(Br)cc2)cc1,CHEMBL25460
DEC_1444,decoy,COC(=O)CCC(O[C@H]1O[C@@H]2OC3(C)CC[C@H]4[C@H](C)CCC([C@H]1C)C24OO3)c1ccc(Br)cc1,CHEMBL31799
DEC_3439,decoy,COc1ccc(C[C@H]2NC(=O)/C=C/C[C@@H](C(=O)/C=C/c3ccccc3)OC(=O)[C@H](CC(C)C)OC(=O)[C@H](C)CNC2=O)cc1Cl,CHEMBL273962
DEC_0437,decoy,CC[C@@]1(O)C(=O)OCc2c1cc1n(c2=O)Cc2cc3c4c(ccc3nc2-1)OCCN4CC#N,CHEMBL296862
DEC_3215,decoy,O=NN(CCCl)C(=O)NC1CCC(CCl)CC1,CHEMBL12684
DEC_1280,decoy,C/C=C/COC1(C(F)(F)F)OC(=O)Nc2ccc(Cl)cc21,CHEMBL280030
DEC_3291,decoy,Cc1nnc2n1-c1sc(C#CCN3C(=O)CC(C)(C)c4ccccc43)cc1C(c1ccccc1Cl)=NC2,CHEMBL417275
DEC_3135,decoy,CC/N=c1\c(O)c(O)\c1=N/[C@@H](Cc1ccc(NC(=O)c2c(Cl)cncc2Cl)cc1)C(=O)O,CHEMBL9572
DEC_3042,decoy,CC(C)C(O)(Cn1cncn1)C(O)(c1ccc(Cl)cc1)c1ccc(Cl)cc1,CHEMBL10626
DEC_2926,decoy,CC(=O)N1CCC[C@H]1C(=O)N(C1CCCCC1)C1(C(=O)N/C=C\c2c[nH]c3ccccc23)CCCCC1,CHEMBL46106
DEC_2111,decoy,O=S1NC(Cc2coc3ccccc23)=NO1,CHEMBL17720
DEC_3932,decoy,CN(CCCl)[C@@H]1CCC2C3Cc4ccc(O)c5c4C2(CCN3CC2CC2)[C@H]1O5,CHEMBL8977
DEC_4601,decoy,CCn1cc(C(C(=O)NS(=O)(=O)c2ccc(C(C)C)cc2)c2ccc3c(c2)OCO3)c2ccc(C(=O)OC)cc21,CHEMBL23418
DEC_3741,decoy,Oc1ccc2c(c1)CC[C@@H]1c3ccc(O)cc3[C@H](c3ccc(OCCN4CCCCC4)cc3)[C@H]21,CHEMBL278579
DEC_0217,decoy,CCCc1ccc2oc(Cc3ccc(OC)cc3)c(C)c2c1O,CHEMBL18050
DEC_4322,decoy,N#CC(=C(/N)Sc1cc(I)ccc1N)/C(C#N)=C(\N)Sc1cc(I)ccc1N,CHEMBL95350
DEC_4527,decoy,COc1cccc2c1CCC[C@H]2CN(C)CCc1ccc2nc(N)sc2c1,CHEMBL273874
DEC_0828,decoy,CC(=O)C1(C(=O)c2ccccc2)C(Cl)C(=O)N1N(c1c(O)ccc2c(P(Cl)Cl)pc(-c3ccccc3)n12)[N+](=O)[O-],CHEMBL181594
DEC_0687,decoy,CC(C)NC(=O)N(C(=O)[C@H]1CCC2C3CCC4N(C)C(=O)C=C[C@]4(C)C3CC[C@@]21C)C(C)C,CHEMBL25593
DEC_1892,decoy,Oc1ccc(C2=Cc3cc(O)ccc3C23Cc2ccccc2C3)cc1,CHEMBL281499
DEC_1300,decoy,CCCCc1nc(Cl)c(C(N)=O)n1Cc1ccc(-c2ccccc2S(=O)(=O)Nc2onc(C)c2C)cc1,CHEMBL417429
DEC_0778,decoy,Cc1cc(Br)cc(-c2ccc3c(c2)C(C)(C)OC(S)=N3)c1,CHEMBL26764
DEC_3336,decoy,O=C1Nc2cccc3c2C1(CCN1CCN(c2ccccc2)CC1)CCC3,CHEMBL268921
DEC_3332,decoy,C=CCN(C1=NCCN1)c1c(Br)cccc1Br,CHEMBL20176
DEC_3562,decoy,CO/N=C1/[C@@H](Cn2cncn2)[C@H](COc2ccc(OC(C)(C)C)cc2)CC[C@@]1(C)CCSc1ncccn1,CHEMBL299520
ACT_075,active,CCOc1ccc(Oc2cc(S(=O)(=O)N(C)C)cnc2N2CCC(Oc3ccc(Cl)cc3)CC2)cc1,CHEMBL4861363
DEC_4010,decoy,Cc1cc(C(c2ccccc2C)N2CCN(C)CC2)sn1,CHEMBL24884
DEC_1983,decoy,CCCCCc1nc2c(n1Cc1ccc(-c3ccccc3-c3nn[nH]n3)cc1)C(=O)CCCC2,CHEMBL40286
DEC_1635,decoy,CCC[C@@H]1CCc2cc3c(C(F)(F)F)cc(O)nc3cc2N1,CHEMBL268569
DEC_3588,decoy,COc1cc2c(cc1OC)[C@@H](c1cc(OC)c(OC)c(OC)c1)[C@H]1C(=O)OC[C@@H]1C2Nc1ccc(C#N)cc1,CHEMBL78258
DEC_3103,decoy,CCC(N)c1ccc([C@H]2C[C@H](SC3=C(C(=O)O)N4C(=O)[C@H]([C@@H](C)O)[C@H]4[C@H]3C)CN2)cc1,CHEMBL417267
DEC_0283,decoy,CCO[C@H]1O[C@@H]2O[C@@]3(C)CCC4[C@H](C)CCC([C@H]1C)[C@]42OO3,CHEMBL6635
DEC_2057,decoy,O=C1/C(=C\c2ccncc2)C(c2ccccc2)Oc2ccccc21,CHEMBL10072
DEC_2708,decoy,COC(=O)C12CCC(C)(C)CC1[C@H]1[C@H](O)C[C@@H]3[C@@]4(C)CC[C@H](OC(C)=O)C(C)(C)[C@@H]4CC[C@@]3(C)[C@]1(C)CC2,CHEMBL55471
DEC_3121,decoy,COC(=O)[C@H](NC(=O)[C@@H]1Cc2c([nH]c3ccccc23)[C@@H](c2cc(OC)c(O)c(OC)c2)N1)C(C)C,CHEMBL22353
DEC_3701,decoy,CC(C)(C)OC(=O)N[C@@H](C(=O)C(N)c1ccccc1)/C(O)=C(\C#N)c1ccc([N+](=O)[O-])cc1,CHEMBL17266
DEC_4068,decoy,O=C(OCC1c2ccccc2-c2ccccc21)N1C[C@H]2[C@@]3(c4ccccc4)CC[C@H](c4ccccc43)[C@@]2(C(=O)O)C1,CHEMBL301796
DEC_0424,decoy,CC(C)c1ccc(C2N=C(S)N(C(C)C)c3cc4c(cc32)OCO4)cc1,CHEMBL276408
DEC_4708,decoy,C[C@@H]1CC[C@]2(C(=O)OC3CCCCO3)CC[C@]3(C)C(=CCC4[C@@]5(C)C[C@@H](O)[C@H](O)[C@@](C)(CO)C5CC[C@]43C)C2[C@H]1C,CHEMBL279645
DEC_4747,decoy,CN(C)CCCNC(=O)c1cc(NC(=O)c2cc(NC(=O)c3cc(NC=O)cn3C)cn2C2CCCC2)cn1C,CHEMBL304723
DEC_1443,decoy,CCCC(=O)N[C@@H](c1ccsc1)[C@@H](O)C(=O)OC1CC2C(C)(C)C1(C)[C@@]13CC(C)c4ccccc4[C@@]21O3,CHEMBL31801
DEC_2190,decoy,N#CN/C(=N/Cc1ccc[n+]([O-])c1)N1CCC([C@H]2c3ncc(Br)cc3CCc3cc(Cl)cc(Br)c32)CC1,CHEMBL348647
DEC_4579,decoy,Cc1noc(NS(=O)(=O)c2ccccc2-c2ccc(-c3ncco3)cc2CNC(=O)CC(C)(C)C)c1C,CHEMBL277447
DEC_3668,decoy,C#CCN(Cc1ccc2nc(C)nc(O)c2c1)c1ccc(C(=O)NCc2nccs2)cc1,CHEMBL267702
DEC_2804,decoy,CCCCC/C=C/C(=O)O[C@H]1C[C@@H]2[C@H](CCCCC(O)CCC)CCC[C@@H]2N(C(=O)c2ccc(Br)cc2)[C@@H]1C,CHEMBL321083
DEC_2338,decoy,CCN1CCN(c2cc3c(cc2F)c(=O)c(C(=O)O)cn3C(C)C)CC1,CHEMBL275411
DEC_0429,decoy,O=C1Nc2ccc(F)c(F)c2C(OCC=C(Cl)Cl)(C(F)(F)F)O1,CHEMBL17662
DEC_1506,decoy,Cc1c(C#CCN2CCC(Cc3ccc(F)cc3)CC2)cc2nc(O)[nH]c2c1C,CHEMBL280882
DEC_4431,decoy,O=C(O)CCc1ccccc1CC1C2CCC(O2)C1c1nc(C(=O)Nc2ccccc2)co1,CHEMBL280605
DEC_3994,decoy,O=C(Nc1ccc(C[C@H](Nc2cc(Oc3ccccc3)ncn2)C(=O)O)cc1)c1c(Cl)cncc1Cl,CHEMBL290629
DEC_2588,decoy,CC(Cc1c[nH]c2cc(Cl)ccc12)NCC(O)c1cccc(Cl)c1,CHEMBL24414
DEC_3201,decoy,CCC(=O)OC(CC)c1nc2c(C(F)(F)F)cccc2c(O)c1C(=O)Nc1nccs1,CHEMBL36075
DEC_1333,decoy,c1ccc2c(c1)nc(NCCCN1CCN(CCCNc3nc4ccccc4n4cccc34)CC1)c1cccn12,CHEMBL60009
DEC_0480,decoy,CCC(C)(O)C#Cc1nc(NCc2ccc(Cl)c(Cl)c2)c2ncn(C(C)C)c2n1,CHEMBL25840
DEC_4749,decoy,CCOCCn1c(COc2cccc(/C=C/C(=O)c3cc(-c4nn[nH]n4)ccc3O)c2)nc2ccccc21,CHEMBL418156
DEC_2287,decoy,Cc1cnsc1C(c1ccc(C(C)C)cc1)N1CCN(CC(C)O)CC1,CHEMBL416558
DEC_0234,decoy,C/C=C(/C)C(=O)O[C@@]12C[C@@H](C)[C@]3(O)C4C=C(C)C(=O)[C@@]4(O)CC(COC(C)=O)=C[C@H]3[C@@H]1C2(C)C,CHEMBL6504
DEC_1266,decoy,O=C1COC(/C=C/C2CC2)(C(F)(F)F)c2cc(Cl)ccc2N1,CHEMBL29171
DEC_0516,decoy,CCc1cc(OCc2ccc(-c3ccccc3-c3nn[nH]n3)cc2)c2c(n1)CCCCC2,CHEMBL428711
DEC_2369,decoy,CC(=O)c1ccc2c(c1)OCC(CCN1CCC(c3noc4cc(F)ccc34)CC1)O2,CHEMBL14043
DEC_3645,decoy,CCC1Cc2cc(O)ccc2C2C(CC)Cc3cc(O)ccc3C12,CHEMBL278556
DEC_2865,decoy,Cc1cc(OCc2ccc(-c3ccccc3-c3nn[nH]n3)cc2)c(C)c(C)n1,CHEMBL22387
DEC_0933,decoy,CS(=O)(=O)Nc1ccc(Sc2ccc(NC3=NCCN3)cc2)cc1,CHEMBL9371
DEC_1064,decoy,CN(C)Cc1n[nH]nc1CN1CCOC2(CCC(c3ccccc3C(F)(F)F)CO2)C1c1ccc(F)cc1,CHEMBL84881
DEC_1484,decoy,N#C/C(=C(/O)[C@H](Cc1ccccc1)NC(=O)OCC1c2ccccc2-c2ccccc21)c1ccc([N+](=O)[O-])cc1,CHEMBL278214
DEC_2679,decoy,COc1ccc(C(Cc2ccc(Cl)cc2Cl)n2ccnc2)cc1,CHEMBL20387
DEC_2186,decoy,Cc1cc(C)c(S(=O)(=O)OCCCl)c(C)c1,CHEMBL17523
DEC_0288,decoy,CC(C)CCCc1nc2c([nH]1)N1C(=N[C@@H]3CCC[C@@H]31)N(C)C2=O,CHEMBL278254
DEC_3384,decoy,NCC1CCCN(c2c(F)cc3c(=O)c(C(=O)O)cn(C4CC4)c3c2F)C1,CHEMBL15142
DEC_3506,decoy,C=C1C[C@@]23O[C@]2(c2ccccc21)C1CC(OC(=O)[C@H](O)[C@@H](NC(=O)NC(C)C)c2ccccc2)C3(C)C1(C)C,CHEMBL32399
DEC_1271,decoy,CCN(CC)C(=O)[C@@H]1C=C2c3cccc4[nH]cc(c34)C[C@H]2N(CC)C1,CHEMBL22694
DEC_2552,decoy,C=CCC1Oc2cccc(CN)c2-c2ccc3c(c21)C(C)=CC(C)(C)N3,CHEMBL8340
DEC_4147,decoy,CCCc1c(OC)nc2nc(C(=O)c3ccccc3)cn2c1CC,CHEMBL20214
DEC_3493,decoy,Oc1cc2c(cc1O)[C@@H]1C[C@@H]3C[C@H](O)CC[C@@H]3CN1CC2,CHEMBL27355
DEC_2349,decoy,CCCC1NC(=O)OC12CCN(CCc1c[nH]c3ccccc13)CC2,CHEMBL27989
DEC_2681,decoy,COC(=O)c1coc2c(O)c3c(c(C)c12)C=C[C@]1(C)C(=O)CC[C@@H]31,CHEMBL13512
DEC_1286,decoy,CC#CCOC1(C(F)(F)F)OC(=O)Nc2ccc(Cl)cc21,CHEMBL17372
DEC_3073,decoy,O=C(O)CC/C=C\C[C@@]1(c2cccnc2)C2CCC(C2)[C@H]1CNS(=O)(=O)c1ccc(Cl)cc1,CHEMBL51875
DEC_1575,decoy,Cc1cc(-c2ccccc2S(N)(=O)=O)ccc1C(=O)N[C@@H](CCCN=C(N)N)B1O[C@@H]2CC3CC(C3(C)C)[C@]2(C)O1,CHEMBL418071
DEC_1487,decoy,O=S(=O)(c1cccc2ccccc12)N1Cc2ccccc2N(Cc2c[nH]cn2)C(CCc2ccccc2)C1,CHEMBL8407
DEC_3928,decoy,COc1cc2c(cc1OC)C(C)=[N+]([O-])C(c1cc3c(cc1[N+](=O)[O-])OCO3)N2,CHEMBL285607
DEC_1428,decoy,C=CCC1Oc2ccc(OC)c(OC)c2-c2ccc3c(c21)C(C)=CC(C)(C)N3,CHEMBL274208
DEC_1391,decoy,Cc1ccc(C2(Cn3ccnc3)OCC(c3ccc(Cl)cc3)O2)cc1,CHEMBL281907
DEC_0551,decoy,CC1(C)C(=O)[C@]2(CS(=O)(=O)N3CCC4(C=Cc5ccccc54)CC3)CCC1C2(C)C,CHEMBL269624
DEC_2398,decoy,CC(=O)O[C@]1(C(C)=O)CC[C@H]2[C@@H]3C[C@H](C)C4=CC(=O)CC[C@]4(C)[C@H]3CC[C@@]21C,CHEMBL717
DEC_2042,decoy,CCO[C@]1(CC)c2cccc3c2-c2c1ccc1c2[C@@H](C3)N(C)CC1,CHEMBL281554
DEC_3662,decoy,CCCCNC(=O)N1C[C@@H](c2ccc3c(c2)OCO3)[C@H](C(=O)O)[C@H]1c1ccc(OC)cc1,CHEMBL267483
DEC_4762,decoy,CCCCc1nc(SC)c(C(=O)O)n1Cc1ccc(-c2ccccc2S(=O)(=O)NC(=O)NCCC)cc1,CHEMBL76525
DEC_1694,decoy,CCN(CC)c1nc(C)nc2c1sc(=S)n2-c1ccc(C(C)C)cc1Br,CHEMBL18029
DEC_2799,decoy,COc1cc2c(c(OC)c1OC)-c1ccc(SC)c(=O)cc1[C@@H](NCc1ccc(C#N)cc1)CC2,CHEMBL416773
DEC_0915,decoy,CCCCCCN(C[C@@H](O)[C@@H]1Cc2ccc(cc2)OCCCCCC(=O)N[C@@H](C(C)C)C(=O)N1)S(=O)(=O)c1ccc(N)cc1,CHEMBL288792
DEC_4715,decoy,CC[C@@]1(O)C(=O)OCc2c1cc1n(c2=O)Cc2c-1nc1ccccc1c2/C=N/OCc1c2ccccc2cc2ccccc12,CHEMBL112977
DEC_0607,decoy,COC(=O)Nc1nc2cc(C(=O)Nc3ccc(F)cc3)ccc2[nH]1,CHEMBL11670
DEC_2547,decoy,CCCCCc1cc(O)c2c(c1)OC(C)(C)[C@@H]1CC(O)[C@H](C)CC21,CHEMBL276253
DEC_4258,decoy,COc1ccc(OC)c(NCc2c[nH]c3nc(N)nc(N)c23)c1,CHEMBL17323
DEC_0246,decoy,C=C(Cl)C(=O)N[C@@H]1CCC2(O)C3Cc4ccc(O)c5c4C2(CCN3CC2CC2)C1O5,CHEMBL282203
DEC_2826,decoy,CC(C)(Sc1ccc(CCN(CCc2ccc(-c3ccccc3)cc2)C(=O)Nc2cc(Cl)cc(Cl)c2)cc1)C(=O)O,CHEMBL281608
DEC_1307,decoy,O=C(OCc1ccccc1)C(Cc1ccc(C(F)(F)P(=O)(O)O)cc1)(c1ccccc1)n1nnc2ccccc21,CHEMBL267245
DEC_0324,decoy,Nc1nc2nn(CCc3ccccc3)cc2c2nc(-c3ccco3)nn12,CHEMBL16867
DEC_1746,decoy,Clc1ccc(CN2CCc3ccccc3C2Cn2ccnc2)c(Cl)c1,CHEMBL27895
DEC_0154,decoy,COc1nc(C(Cl)(Cl)Cl)c(Cl)c(OC(C)=O)c1Cl,CHEMBL275947
DEC_4605,decoy,C=CCN1C[C@H](OCC23C[C@@H]4[C@H](C)CC[C@H]4C4(C=O)CC2C=C(C(C)C)C34C(=O)O)O[C@H](C)[C@@H](OC)C1,CHEMBL49798
DEC_1954,decoy,CC(C)(C)NCC(O)c1cc2cccc(CC(=O)OCCC34C[C@H]5C[C@@H](C3)C[C@@H](C4)C5)c2o1,CHEMBL291222
DEC_1849,decoy,CCCc1nc2c(n1Cc1ccc(-c3ccccc3S(=O)(=O)Nc3onc(C)c3C)c(COCC)c1)C(=O)CCCC2,CHEMBL429037
DEC_4520,decoy,COc1ccc2onc(/C(C#N)=C/c3ccc(OCCN4CCCCC4)cc3)c2c1,CHEMBL21282
DEC_1217,decoy,CN1C[C@H](C(=O)Nc2nccs2)C[C@@H]2c3cc(C(C)(C)C)cc4[nH]cc(c34)C[C@H]21,CHEMBL418717
DEC_0672,decoy,C=C[C@@]1(C)CC[C@](C)(C(C)C)c2cc3c4c(c[nH]c4c21)C[C@@H](CO)NC(=O)[C@H](C(C)C)N3C,CHEMBL417692
DEC_2570,decoy,CCCCc1oc2ccccc2c1C(O)c1ccc2cc(O)ccc2c1,CHEMBL25821
DEC_2242,decoy,Cc1c(/C=C/CN(C)Cc2ccccc2)nc(O)c2c1ccc1nc(Nc3c(Cl)cccc3Cl)n(C)c12,CHEMBL26214
DEC_1743,decoy,CN(C)CCSC1Cc2ccccc2Sc2ccc(Cl)cc21,CHEMBL278257
DEC_0069,decoy,CC(C)(C)NC(=O)[C@H]1CCC2C3CCC4=C(Cl)C(=O)CC[C@]4(C)C3CC[C@@]21C,CHEMBL277403
DEC_3393,decoy,N[C@@H]1CCc2ccccc2N(Cc2ccc(-c3ccccc3-c3nn[nH]n3)cc2)C1=O,CHEMBL13933
DEC_3529,decoy,CCC1CCC[C@@H](CCOc2c(-c3cc(C)cc(C)c3)c(O)nc3cc(Cl)c(C(=O)Nc4ccncn4)cc23)N1,CHEMBL51841
DEC_2278,decoy,Cc1cnsc1C(c1ccc(C(C)C)cc1)N1CCN(CCCO)CC1,CHEMBL416742
DEC_1796,decoy,CCCCCCCCOC(=O)O[C@H]1C(O)[C@H](OCC23C[C@@H]4[C@H](C)CC[C@H]4C4(C=O)CC2C=C(C(C)C)C34C(=O)O)O[C@H](C)[C@H]1OC,CHEMBL19118
DEC_1475,decoy,CCCc1nc2c(n1Cc1ccc(-c3ccccc3S(=O)(=O)Nc3onc(C)c3C)c(F)c1)C(=O)CCCC2,CHEMBL12590
DEC_1977,decoy,C/C(=C/C=C/Cn1oc(=O)[nH]c1=O)c1cccc(OCc2nc(-c3ccccc3)oc2C)c1,CHEMBL447236
DEC_2334,decoy,CC1CN(c2c(F)cc3c(=O)c(C(=O)O)cn(C4CC4)c3c2F)CCN1,CHEMBL15613
DEC_3816,decoy,CCCNCc1cccc(C(=O)OCC(=O)[C@@]2(O)CCC3C4CCC5=CC(=O)CCC5(C)C4C(O)CC32C)c1,CHEMBL83442
DEC_3641,decoy,COc1c(C(C)C)cc(Cc2cnc(N)nc2N)cc1C(C)C,CHEMBL280374
DEC_4216,decoy,CC(C)[C@H](NC(=O)OCc1ccccc1)C(=O)N[C@@H](Cc1ccccc1)C(=O)C(F)(F)F,CHEMBL26056
DEC_0215,decoy,CN(C/C=C/Cc1ccccc1)Cc1cccc2ccccc12,CHEMBL282936
DEC_1076,decoy,CC1(C)C(=O)N(c2ccc(C#N)c(C(F)(F)F)c2)C(=O)N1Cc1cccc(I)c1,CHEMBL9146
DEC_4117,decoy,CNC(=S)NCCSCc1[nH]cnc1C,CHEMBL275446
DEC_0134,decoy,C[C@H](N)Cc1c2c(c(C(F)(F)F)c3c1OCC3)OCC2.Cl,CHEMBL268542
DEC_0055,decoy,CC1CC[C@@]2(OC1)OC1CC3C4CC=C5C[C@@H](O)CC[C@]5(C)C4CC[C@]3(C)[C@@]1(O)[C@@H]2C,CHEMBL13119
DEC_3478,decoy,CC(/N=c1\c(O)c(O)\c1=N/c1ccc(C#N)cc1)C(C)(C)C,CHEMBL19265
DEC_1792,decoy,CCCCCCCCNC(=O)O[C@H]1C(O)[C@H](OCC23C[C@@H]4[C@H](C)CC[C@H]4C4(C=O)CC2C=C(C(C)C)C34C(=O)O)O[C@H](C)[C@H]1OC,CHEMBL18087
DEC_1172,decoy,Cc1ccc2nc(N3CCNCC3)cnc2c1,CHEMBL6529
DEC_0204,decoy,CN(C/C=C/C1=CCCC1)Cc1cccc2ccccc12,CHEMBL21354
DEC_3368,decoy,CCOCc1c(O)ccc2nc3c(cc12)Cn1c-3cc2c(c1=O)COC(=O)[C@]2(O)CC,CHEMBL10376
DEC_1342,decoy,CC1(C)CCC[C@@](C)(C2CC[C@]3(C)C2[C@H](O)CC2[C@@]4(C)CC[C@H](O)C(C)(C)C4CC[C@]23C)O1,CHEMBL29153
DEC_0131,decoy,CCCCCCCCCCCCCCCCNc1ccc(C(=O)OCC)c(C(=O)OCC)c1,CHEMBL30810
DEC_4396,decoy,CCN(CC)CCNc1ccc(/N=N/c2ccc(S(N)(=O)=O)cc2)c2ccccc12,CHEMBL276550
DEC_1026,decoy,CC1SCC(NC(=O)N(CCCl)N=O)CS1,CHEMBL266629
DEC_1141,decoy,CC(C)Oc1c(C(=O)Nc2nn[nH]n2)n(-c2ccccc2)c2ccc(O)cc12,CHEMBL285806
DEC_2487,decoy,Cc1c(C)c2c(c(C)c1O)CCC(C)(CN(C)CCOc1ccc(/C=C3\SC(=O)NC3=O)cc1)O2,CHEMBL6471
DEC_1712,decoy,CN1C(=O)CC[C@]2(C)C3CC[C@@]4(C)C(CC[C@@H]4N(C(=O)c4ccccc4)c4ccccc4)C3CC[C@@H]12,CHEMBL276320
DEC_4320,decoy,CO[C@H]1/C=C\C=C(/C)C(=O)NC2=CC(=O)C(NC(=O)c3ccccc3)=C(C[C@@H](C)C[C@H](OC)[C@H](O)[C@@H](C)/C=C(\C)[C@@H]1OC(N)=O)C2=O,CHEMBL127158
DEC_0180,decoy,CC1OC(/C=C/C2CC2)(C(F)(F)F)c2c(ccc(F)c2F)NC1=O,CHEMBL281230
DEC_1702,decoy,CC(NC(=O)Cc1ccc([N+](=O)[O-])cc1)C1CCC2C3CC=C4CC(O)CCC4(C)C3CCC12C,CHEMBL267909
DEC_0519,decoy,COOC1(OOCCCI)CCCCCCCCCCC1,CHEMBL281925
DEC_1195,decoy,O=C1NC(=O)C(CC#Cc2ccc(Cl)cc2)(S(=O)(=O)c2ccc(Cl)cc2)S1,CHEMBL268702
DEC_4421,decoy,Cc1ccccc1-c1ccc(C[C@H](CC(=O)NO)C(=O)N[C@H]2c3ccccc3C[C@H]2O)cc1,CHEMBL266245
DEC_4490,decoy,CCCCc1oc2ccccc2c1C(O)c1ccc(-c2ccc(O)cc2)cc1,CHEMBL280647
DEC_2459,decoy,C=CC(=O)N1C[C@H](OCC23C[C@@H]4[C@H](C)CC[C@H]4C4(C=O)CC2C=C(C(C)C)[C@@]34C(=O)O)OC[C@H]1C,CHEMBL284622
DEC_3610,decoy,CCCc1ccc(Nc2cc(C)nc3ccc4c[nH]nc4c23)cc1,CHEMBL283390
DEC_2534,decoy,CS/C(=N\CCSCc1cc2ccccc2[nH]1)NC#N,CHEMBL12623
DEC_3534,decoy,Cc1cc(-c2c(O)nc3cc(Cl)c(C(=O)Nc4ccncn4)cc3c2OCC[C@@H]2CCCCN2)cc(C)c1C,CHEMBL48192
DEC_2690,decoy,CN1Cc2sc(Cl)cc2C(c2ccc(Br)cc2)C1,CHEMBL275396
DEC_1739,decoy,C=CCC1Oc2ccc(F)c(OC)c2-c2ccc3c(c21)C(C)=CC(C)(C)N3,CHEMBL7988
DEC_3689,decoy,COc1ccc(C2(O)OC(=O)C(c3ccc4c(c3)OCO4)=C2Cc2cc(OC)cc(OC)c2)cc1,CHEMBL274359
DEC_4803,decoy,CC(=O)C1CCC2C3CCC4=CC(O)CCC4(C)C3CCC12C,CHEMBL275930
DEC_2210,decoy,C=C1/C(=C/C=C2/CCC[C@@]3(C)C2CCC3[C@H](C)C[C@H]2C[C@](C)(O)C(=O)N2Cc2ccccc2)C[C@@H](O)C[C@@H]1O,CHEMBL314009
DEC_3340,decoy,CCN(c1nc2ccccc2c(=O)o1)c1ccccc1I,CHEMBL275491
DEC_1801,decoy,CCCCc1ccc(CN(Cc2ccccc2)S(=O)(=O)c2ccccc2)c(=O)n1Cc1ccc(-c2ccccc2-c2nn[nH]n2)cc1,CHEMBL350523
DEC_1924,decoy,C[C@@H]1CN(CCCn2c3ccccc3c3ccccc32)C[C@H](C)N1,CHEMBL275707
DEC_2473,decoy,Cc1ccc(/C=C2\CSCC3C2=NN(CCCN2CCN(C)CC2)C3c2ccc(C)cc2)cc1,CHEMBL38292
DEC_3066,decoy,C=C1C[C@@]23O[C@]2(c2ccccc21)C1CC(OC(=O)[C@H](O)[C@@H](NC(=O)CCC)c2ccccc2)C3(C)C1(C)C,CHEMBL283402
DEC_0626,decoy,C=C1CC(C)(C)Nc2ccc3c(c21)C(c1ccc(Cl)cc1)Oc1ccccc1-3,CHEMBL286130
DEC_3654,decoy,Cc1noc(NS(=O)(=O)c2ccsc2C(=O)Cc2ccc3c(c2)OCO3)c1Cl,CHEMBL282470
DEC_2585,decoy,CCC(c1ccc(O)cc1)C(CC(F)(F)F)c1ccc(O)cc1,CHEMBL29262
DEC_3010,decoy,CC(=O)[C@@]12OC(C)(c3ccco3)OC1CC1C3CCC4=CC(=O)CC[C@]4(C)C3CC[C@@]12C,CHEMBL13409
DEC_4780,decoy,Cc1cn(C2C=CC(COP(=O)(NC(C)C(=O)OCCc3ccccc3)Oc3ccccc3)O2)c(=O)[nH]c1=O,CHEMBL540708
DEC_0527,decoy,C=C1CCC2[C@](C)(CCC[C@]2(C)C(=O)OC)[C@H]1CCC1=CCC2=C(C1)C(=O)C=C(C)C2=O,CHEMBL22656
DEC_2368,decoy,Cc1nnc2n1-c1sc(/C=C\c3ccccn3)cc1C(c1ccccc1Cl)=NC2,CHEMBL285926
DEC_0611,decoy,O=C(NO)c1ccc(CNC(=O)c2ccc3ccccc3c2)cc1,CHEMBL27556
DEC_0709,decoy,COc1cccc2c1CC[C@H]1CN(CCn3c(=O)[nH]c4c(sc5ccc(Cl)cc54)c3=O)C[C@@H]21,CHEMBL41444
DEC_0949,decoy,CC1CCC(/C=N/c2cccc(Cl)c2)=C2NC=C(C(=O)O)C(=O)N21,CHEMBL22467
DEC_0500,decoy,COC1(c2cc(F)cc(Sc3ccc4c(c3)CC/C4=N\O)c2)CCOCC1,CHEMBL28066
DEC_0322,decoy,CC1(C)C=C(n2ccccc2=O)c2cc(S(=O)(=O)F)ccc2O1,CHEMBL269681
DEC_3564,decoy,CC(O)(c1ccc(C(Cc2cc[n+]([O-])cc2)c2ccc(OC(F)F)c(OC(F)F)c2)cn1)c1nccs1,CHEMBL56575
DEC_4381,decoy,Cc1cc(C)c(NN=C2CCC(C)n3c2ncc(C(=O)O)c3=O)c(C)c1,CHEMBL14340
DEC_2544,decoy,CCCCc1ccc(Nc2nc(SC)c3[nH]cnc3n2)cc1,CHEMBL278903
DEC_2880,decoy,O=C1C(Cl)=C(Nc2ccc(Br)cc2)C(=O)c2cnccc21,CHEMBL11423
DEC_1339,decoy,FC(F)(F)COc1nc(C(Cl)(Cl)Cl)c(Cl)c(OCC(F)(F)F)c1Cl,CHEMBL11278
DEC_1332,decoy,Cc1ccc(S(=O)(=O)N[C@H]2CC/C(=N\OCc3ccc(C(F)(F)F)cc3)[C@@H]2C/C=C\CCCC(=O)O)cc1,CHEMBL20218
DEC_3080,decoy,CCCCCc1nc2c(n1Cc1ccc(-n3cccc3-c3nn[nH]n3)cc1)/C(=C/C(=O)O)CCCC2,CHEMBL42984
DEC_4628,decoy,CCCCOC(=O)NS(=O)(=O)c1ccccc1-c1ccc(Cn2c(CCC)nc(CC)c2C(=O)OC)cc1,CHEMBL294578
DEC_1989,decoy,C#CCN1N=C2/C(=C/c3cccc(C(F)(F)F)c3)CS(=O)(=O)CC2C1c1cccc(C(F)(F)F)c1,CHEMBL289905
DEC_3438,decoy,Cn1nnnc1SCC1=C(C(=O)OC(c2ccccc2)c2ccccc2)N2C(=O)[C@@H](Nc3nc4cc(O)ccc4[nH]3)C2SC1,CHEMBL273833
DEC_0368,decoy,NCC1CN(c2cc3c(cc2F)c(=O)c(C(=O)O)cn3C2CC2)CCO1,CHEMBL27345
DEC_3958,decoy,O=C(O)c1cc2cc(O)c(O)cc2c(C(=O)c2ccc(Oc3ccc(C(F)(F)F)cc3)c(F)c2)n1,CHEMBL57564
DEC_1991,decoy,O=S(=O)(c1ccccc1)N1C[C@H](CN2CCC3(CC2)CSc2ccccc23)[C@@H](c2ccccc2)C1,CHEMBL287515
DEC_0213,decoy,C[C@H](Cc1ccccc1)NCCCc1ccc2ccccc2c1,CHEMBL19878
DEC_0589,decoy,COc1ccc2[nH]c3c(C)c4ccnc(NCCCN)c4cc3c2c1,CHEMBL277700
DEC_3092,decoy,O=C(CCCNc1c2ccccc2nc2ccccc12)NCCNc1c2ccccc2nc2ccccc12,CHEMBL289163
DEC_1265,decoy,OC(c1ccccc1)(c1ccc(C(F)(F)F)cc1)c1cncnc1,CHEMBL284636
DEC_3476,decoy,COc1cc(Br)c2c3c([nH]c2c1)CNCC3,CHEMBL268691
DEC_4376,decoy,CC(C)N1C(=O)NC(c2cccc([N+](=O)[O-])c2)c2cc3c(cc21)OCO3,CHEMBL13404
DEC_4049,decoy,CCCCCc1nc2c([nH]1)N1C(=N[C@@H]3CCC[C@@H]31)N(C)C2=O,CHEMBL19046
DEC_1171,decoy,Cc1ccc2c(c1)nc(-c1nnc(O)o1)n2C,CHEMBL21304
DEC_4721,decoy,CCc1nc(Cl)c(C(=O)NC)n1Cc1ccc2oc(-c3ccccc3NS(=O)(=O)C(F)(F)F)c(Br)c2c1,CHEMBL323378
DEC_0223,decoy,CCCCC(=O)c1cc(C(C)(C)C)c2c(c1)C(C)(C)CCS2,CHEMBL276800
DEC_2047,decoy,CC[C@H](c1ccc(O)cc1)[C@@H](CBr)c1ccc(O)cc1,CHEMBL24212
DEC_1541,decoy,C[C@H](NC(=O)OCc1ccccc1)C(=O)N[C@@H](C)C(=O)NN(CC(N)=O)C(=O)O/C=C/C(=O)N(C)Cc1ccccc1,CHEMBL54825
DEC_2313,decoy,OC[C@@]12C[C@@H]1[C@@H](n1cnc3c(NC4CCCC4)nc(Cl)nc31)C[C@@H]2O,CHEMBL27593
DEC_1685,decoy,C/C(=N\N)c1c(O)nnc(-c2ccccc2)c1-c1ccccc1,CHEMBL31581
DEC_0897,decoy,CC(C)C[C@@H]1OC(=O)C(C)(C)CNC(=O)[C@@H](Cc2ccc(O)cc2)NC(=O)/C=C/C[C@@H]([C@H](C)[C@H]2O[C@@H]2c2ccccc2)OC1=O,CHEMBL86941
DEC_0334,decoy,CNP1(N2CC2)=NP(N2CC2)(N2CC2)=NP(N2CC2)(N2CC2)=N1,CHEMBL27942
DEC_1689,decoy,CC(C)(C)NC(=O)[C@H]1CCC2C3CCC4=C(Br)C(=O)CC[C@]4(C)C3CC[C@@]21C,CHEMBL283564
DEC_0261,decoy,COc1ccc2c3c1OC1[C@H](O)[C@](CO)(CCc4ccccc4)CC4C(C2)N(C)CCC341,CHEMBL9667
DEC_3482,decoy,CNS(=O)(=O)c1cc2c(N=O)c(O)[nH]c2c2c1CCCC2,CHEMBL10182
DEC_2725,decoy,CC(=O)[C@@]12OC(C)(c3c(F)c(F)c(F)c(F)c3F)O[C@@H]1CC1C3CCC4=CC(=O)CC[C@]4(C)C3CC[C@@]12C,CHEMBL13524
DEC_1785,decoy,CCSc1nnc(-c2cc(C(C)(C)C)c(O)c(C(C)(C)C)c2)s1,CHEMBL279801
DEC_2432,decoy,O=C(c1ccc(Cl)cc1)C(O)(Cn1cncn1)c1ccc(Cl)cc1,CHEMBL276489
DEC_4111,decoy,CN/C(=N\CCSCc1nc[nH]c1C)NC#N,CHEMBL30
DEC_0604,decoy,CCOC(=O)Nc1nc2cc(C(=O)Nc3ccccc3)ccc2[nH]1,CHEMBL11486
DEC_1231,decoy,CC(C)c1ccc(C(c2ccco2)c2ccc(C(C)C)cc(=O)c2O)c(O)c(=O)c1,CHEMBL276567
ACT_086,active,CNc1ccc(-c2ccncc2)nc1C(N)=O,CHEMBL3747095
DEC_1560,decoy,CC(C)CN(C[C@@H](O)[C@H](Cc1ccccc1)NC(=O)[C@H](CC(N)=O)NC(=O)c1ccc2ccccc2n1)C(=O)NC(C)(C)C,CHEMBL322241
DEC_3656,decoy,O=c1cc(-c2nn[nH]n2)oc2cc(/C=C/c3cccc(OCc4ccc5ccccc5n4)c3)ccc12,CHEMBL36113
DEC_3256,decoy,O=C1CCc2ccccc2N1CC#Cc1ccc2c(c1)C(c1ccc(Cl)cc1)=NCc1nnc(C(F)(F)F)n1-2,CHEMBL283365
DEC_1611,decoy,CCCc1ccc(C(c2ccns2)N2CCN(C)CC2)cc1,CHEMBL428857
DEC_2523,decoy,CCC(C)c1nc(NCc2ccccc2)c2sccc2n1,CHEMBL31157
DEC_4551,decoy,CC1CCCCCCCCCCOC(=O)N(CC(O)C(Cc2ccccc2)NC(=O)O[C@H]2CO[C@H]3OCC[C@H]32)C1,CHEMBL292373
DEC_1557,decoy,O=C(O)[C@H]1O[C@@H](Oc2ccc([C@@H]3[C@@H](CC[C@H](O)c4ccc(F)cc4)C(=O)N3c3ccc(F)cc3)cc2)[C@H](O)[C@@H](O)[C@@H]1O,CHEMBL321017
DEC_2249,decoy,CC(C)C(c1cccc(NS(=O)(=O)c2cccc3cccnc23)c1)c1c(O)c2c(oc1=O)CCCCCC2,CHEMBL16773
DEC_1659,decoy,c1ccc2c(c1)Oc1ccccc1C2NC1=NCCS1,CHEMBL21142
DEC_2259,decoy,CC/C=C/CC(=O)O[C@H](CC=C(C)C)C1=CC(=O)c2c(O)ccc(O)c2C1=O,CHEMBL266603
DEC_4083,decoy,Cc1cc(C(=O)Nc2ccc(-c3ccccc3C(=N)N(C)C)cc2)n(-c2ccc3cc(Cl)ccc3c2)n1,CHEMBL21039
DEC_0219,decoy,CN(C/C=C/c1ccsc1)Cc1cccc2ccccc12,CHEMBL277690
DEC_1784,decoy,Cc1cc(=O)oc2c1c(OCCCN(C)C)cc1oc3ccccc3c12,CHEMBL282835
DEC_4538,decoy,CCC(=O)OC1=C(c2ccccc2)Sc2ccc(Cl)cc2-n2cccc21,CHEMBL33619
DEC_1687,decoy,CC(C)CC1CCNc2cc3nc(O)cc(C(F)(F)F)c3cc21,CHEMBL282813
DEC_0074,decoy,OC1=C2C(=Nc3c(Br)cnn3C2c2ccc(F)c(Br)c2)CCC1,CHEMBL37959
DEC_2940,decoy,Cc1cc(C)cc(NC(=O)Cc2ccc(OC3(C(=O)N[C@H](C(=O)O)C(C)C)CCCC3)cc2)c1,CHEMBL18563
DEC_1527,decoy,CC(O)(c1ccc(Cl)cc1)C(O)(Cn1ccnc1)c1ccc(Cl)cc1,CHEMBL276213
DEC_4481,decoy,CC1(O)OC(=O)C(c2ccccc2)=C1c1ccc(S(C)(=O)=O)cc1,CHEMBL18316
DEC_4462,decoy,CC1(C)CC(C(=O)NCCCNCc2cccs2)C(C)(C)N1,CHEMBL275813
DEC_3203,decoy,O=NN(CCCl)C(=O)NC12CC3CC(CC(C3)C1)C2,CHEMBL12701
DEC_2637,decoy,[O-][S+](C/C=C/c1ccccc1)Cc1cccc2ccccc12,CHEMBL21752
DEC_2189,decoy,NC(=O)N1CCC(CC(=O)N2CCC([C@@H]3c4ccc(Cl)c(Br)c4CCc4cc(Br)cnc43)CC2)CC1,CHEMBL144029
DEC_1950,decoy,CCCCC1Nc2ccccc2C(=O)N1Cc1ccc(-c2ccccc2-c2nn[nH]n2)cc1,CHEMBL14950
DEC_3716,decoy,CC(=O)Nc1ccc2[nH]c(/C=C/C(=O)N3CC(CCl)c4c3cc(O)c3ccccc43)cc2c1,CHEMBL39350
DEC_4155,decoy,COc1ccc2c(c1O)-c1cccc3c1C(C2)N(CCCl)CC3,CHEMBL7425
DEC_2082,decoy,CNCCC(Oc1ccc(C(F)(F)F)cc1)c1ccccc1,CHEMBL41
DEC_4416,decoy,CCCCc1nn(C)c(C(=O)O)c1Cc1ccc(-c2ccccc2-c2nn[nH]n2)cc1,CHEMBL21713
DEC_0430,decoy,Oc1nc2ccc(C#CCN3CCC(O)(Cc4ccc(F)cc4)CC3)cc2s1,CHEMBL19342
DEC_3679,decoy,C[C@@H]1CCC2[C@@H](C)[C@H](OC(CCC(=O)O)c3ccc(F)cc3)O[C@@H]3OC4(C)CC[C@@H]1C23OO4,CHEMBL289461
DEC_4807,decoy,c1ccc2c(c1)Cn1c(cc3ccccc31)C(N1CCCCC1)=N2,CHEMBL13609
DEC_4664,decoy,Cc1cc(C)c(NC(=O)c2c(C)n(-c3c(C)cc(C)cc3C)c(C)cc2=O)c(C)c1,CHEMBL434964
DEC_1938,decoy,CCOP(=O)(OCC)OC1Cc2c(cccc2N(C)CC#CC#CC(C)(C)C)NC1=O,CHEMBL32125
DEC_3264,decoy,C=C1[C@@H](OC(=O)/C=C/c2ccccc2)CC[C@@]2(C)[C@@H](O)[C@H](O)C3=C(C)C(=O)C[C@@H]([C@@H](OC(C)=O)[C@H]12)C3(C)C,CHEMBL6851
DEC_0392,decoy,CCC(CC)N(C=O)[C@H]1CCC2C3CC[C@H]4N(C)C(=O)CC[C@]4(C)C3CC[C@@]21C,CHEMBL16533
DEC_4778,decoy,O=C(O)C[C@H](NC(=O)Cn1c(C2CC2)ccc(NCc2ccc3c(n2)NCCC3)c1=O)c1ccc2c(c1)OCC2,CHEMBL54063
DEC_1086,decoy,CCN(CC)[C@@H]1CC(=O)N([C@H]2CC3CC[C@]2(CS(=O)(=O)N2CCC4(CCc5ccccc54)CC2)C3(C)C)C1=O,CHEMBL280202
DEC_0947,decoy,CCCc1cc(C#N)ccc1/N=c1\c(O)c(O)\c1=N/[C@H](C)C(C)(C)C,CHEMBL19492
DEC_3031,decoy,N#Cc1cc(-c2ccoc2)c2ccc(OCc3cccc(C4(O)CC5COC(C4)O5)c3)cc2n1,CHEMBL22578
DEC_4567,decoy,O=C(NC(Cc1ccccc1)C(O)CN1CCCCCCCCCCCCOC1=O)O[C@H]1CO[C@H]2OCC[C@H]21,CHEMBL303590
DEC_3350,decoy,Cc1cc2c(cc1Cl)N(C(=O)CN(C)C)c1ccccc1N(C)S2(=O)=O,CHEMBL29992
DEC_0766,decoy,C=C1C(=O)c2ccccc2OC1(c1ccccc1)c1cccs1,CHEMBL11090
DEC_1135,decoy,Cc1c(NC(=O)Cc2cccc(C(F)(F)F)c2)ccc2nc(N)nc(N)c12,CHEMBL267219
DEC_4805,decoy,C#C[C@@H]1CC2C3CCC(=O)C3(C)CCC2C2(C)CCC(=O)C=C12,CHEMBL25700
ACT_032,active,Cc1cc(C)cc(Oc2nccc(-c3c(-c4ccc(C(F)(F)F)cc4)ncn3C3CCN(CCN)CC3)n2)c1,CHEMBL5288200
DEC_0125,decoy,CCCCCCCCCCCCCCCCNc1ccc(C(=O)C(C)C(=O)OCC)cc1,CHEMBL31016
DEC_2355,decoy,CC(C)N(C(=O)[C@H]1CCC2C3CCC4C=C([N+](=O)[O-])CC[C@]4(C)C3CC[C@@]21C)C(C)C,CHEMBL25592
DEC_1519,decoy,CSc1cc2n(c1C(=O)c1ccc(Br)cc1)CCC2C(=O)O,CHEMBL19100
DEC_0804,decoy,CCCc1cc(=O)oc2c3c(c4c(c12)OC(C)(C)C=C4)O[C@@H](C)[C@H](C)[C@@H]3O,CHEMBL7187
DEC_0087,decoy,CSc1ccc(Cl)c(NC(=N)N(C)c2cccc(I)c2)c1,CHEMBL40155
DEC_1164,decoy,C[C@@H]1Cc2ccccc2N(C)[C@@H]1C1=NCCN1,CHEMBL38790
DEC_4493,decoy,CN(C)CCCOc1ccccc1/C=C(\C#N)c1noc2ccc(Cl)cc12,CHEMBL22383
DEC_2059,decoy,CC(C)(C)C#CC1=C(c2ccc(S(C)(=O)=O)cc2)CCC1=O,CHEMBL436539
DEC_4162,decoy,CC(C)CCOC1(C(F)(F)F)OC(=O)Nc2ccc(Cl)cc21,CHEMBL17644
DEC_2330,decoy,Oc1ccc2c(c1)OC[C@H](N1CCC(O)(c3ccccc3)CC1)[C@@H]2O,CHEMBL417630
DEC_4618,decoy,COc1ccc([C@@H]2[C@@H](C(=O)O)[C@H](c3ccc4c(c3)OCO4)CN2CC(=O)N(CCC(C)C)CCC(C)C)cc1,CHEMBL269141
DEC_2678,decoy,CN(CCc1ccccc1)c1ncnc2c(C#N)c3n(c12)CCCC3,CHEMBL27634
DEC_1061,decoy,O=S1(=O)CC2(CCN(C[C@@H]3CN(S(=O)(=O)c4ccccc4)C[C@H]3c3ccccc3)CC2)c2ccccc21,CHEMBL33330
DEC_0355,decoy,CC(C)CN[C@@H]1CCS(=O)(=O)c2sc(S(N)(=O)=O)cc21,CHEMBL9849
DEC_1661,decoy,CC[C@@H]1C[C@H](CC)c2cc3c(C(F)(F)F)cc(O)nc3cc2N1,CHEMBL7383
DEC_3915,decoy,C=C(c1cc(Cl)cc(Cl)c1OCC(O)CNC(C)C)n1ccnc1,CHEMBL15818
DEC_0367,decoy,c1cc(N2CCN(c3ccc(C4=NCCN4)cc3)CC2)ccc1C1=NCCN1,CHEMBL8892
DEC_1999,decoy,N#Cc1c2n(c3c(N4CCN(CCc5ccc(F)c(F)c5)CC4)nc(-c4cccnc4)nc13)CCCC2,CHEMBL282819
DEC_2993,decoy,Nc1nc(NCC2CCCC(CNS(=O)(=O)c3cccc4ccccc34)C2)nc2ccccc12,CHEMBL418359
DEC_0783,decoy,CCc1c(C)sc2c1C(N1CCN(C)CC1)=Nc1cc(F)ccc1N2,CHEMBL14995
DEC_1019,decoy,C=C(Br)COc1noc2c1CNCC2.Cl,CHEMBL6807
DEC_1597,decoy,[O-][n+]1ccc2c(c1)ncn2CCOc1ccc(Cc2ccccc2)cc1,CHEMBL276096
DEC_1711,decoy,C[C@]12C=CC(=O)NC1CCC1C2CC[C@@]2(C)C1CC[C@@H]2C(=O)N(c1ccccc1)c1ccccc1,CHEMBL24191
DEC_3715,decoy,N=C(NC1CCCCC1)c1ccc(-c2ccc(-c3ccc(C(=N)NC4CCCCC4)cc3)o2)cc1,CHEMBL23457
DEC_4225,decoy,CCCN(CCC)CC1CCCCN1CCNC(=O)N1c2ccccc2C(=O)Nc2cccnc21,CHEMBL279453
DEC_1637,decoy,O=NN(CCCl)C(=O)NC1CCCCCCCCCCC1,CHEMBL12415
DEC_2612,decoy,CN(CCc1ccc(Cl)c(Cl)c1)CCN1CCCC1,CHEMBL20377
DEC_1715,decoy,CN1N=C2/C(=C/c3cccc(C(F)(F)F)c3)CS(=O)(=O)CC2C1c1cccc(C(F)(F)F)c1,CHEMBL37401
DEC_1015,decoy,C=CCC1([C@@H](C)C#CCC)C(=O)NC(=S)NC1=O,CHEMBL22647
DEC_0235,decoy,C/C=C(/C)C(=O)O[C@@]12C[C@@H](C)[C@]3(O)C4C=C(C)C(=O)[C@@]4(O)CC(CO)=C[C@H]3[C@@H]1C2(C)C,CHEMBL415108
DEC_2661,decoy,S=C=Nc1ccc(-c2noc(C34CC5CC(CC(C5)C3)C4)n2)cc1,CHEMBL21431
DEC_4460,decoy,CCOc1cc(Cc2cnc(N)nc2N)cc(OCC)c1-n1cccc1,CHEMBL280378
DEC_2431,decoy,OC(c1ccc(Cl)cc1)C(O)(Cn1cncn1)c1ccc(Cl)cc1,CHEMBL269459
DEC_2991,decoy,O=C(c1ccc(OCCN2CCCCC2)cc1)c1oc2cc(O)ccc2c(=O)c1-c1ccc(O)cc1,CHEMBL285483
DEC_4101,decoy,O=NN(CCCl)C(=O)NC1CC2CCC1C2,CHEMBL268495
DEC_0538,decoy,O=C(c1ccccc1)N1N=C2/C(=C/c3ccccc3)CS(=O)(=O)CC2C1c1ccccc1,CHEMBL434594
DEC_0116,decoy,CCCCCCCC/C=C/CCCCCCCC(=O)Nc1cc(C(=O)OC)c(OC)cc1OC,CHEMBL44314
DEC_0248,decoy,CC(=O)OC1CC2(O)C3CCC4CC(OC=O)CCC4(C)C3CCC2(C)[C@H]1C1=CC(=O)OC1,CHEMBL414201
DEC_2343,decoy,O=C1CCN(c2c(F)cc3c(=O)c(C(=O)O)cn(C4CC4)c3c2F)C1,CHEMBL289015
DEC_4374,decoy,C[C@@H](/N=c1\c(O)c(O)\c1=N/c1ccc(C#N)cc1Cl)C(C)(C)C,CHEMBL18931
DEC_3082,decoy,CCCCc1nc2ccc(C(C)N)cc2c(=O)n1Cc1ccc(-c2ccccc2-c2nn[nH]n2)cc1,CHEMBL14487
DEC_3807,decoy,COC(=O)N[C@@H](c1ccc(O)cc1)[C@@H](O)C(=O)OC1CC2C(C)(C)C1(C)[C@@]13CC(C)c4ccccc4[C@@]21O3,CHEMBL31423
DEC_2856,decoy,CSc1nc2nc(C(=O)c3ccccc3)cn2c2c1CCC(C)C2,CHEMBL20120
DEC_1177,decoy,CC(=O)c1ccc(-n2ncc(=O)[nH]c2=O)cc1,CHEMBL268150
DEC_1416,decoy,Clc1ccc([C@H]2OCO[C@]2(Cn2cncn2)c2ccccc2)c(Cl)c1,CHEMBL10220
DEC_0545,decoy,FC(F)(F)c1cccc(N2CCN(CCCN3CCc4c([nH]c5ccccc45)C3)CC2)c1,CHEMBL12726
DEC_1297,decoy,CCN(CC)Cc1cc(C)cc(-c2c(O)nc3cc(Cl)c([N+](=O)[O-])cc3c2OCCC2CCCCN2)c1,CHEMBL47618
DEC_3436,decoy,O=C1c2cccc3cc([N+](=O)[O-])cc(c23)C(=O)N1CCCN1CCN(CCCNc2ccc3ncn4c5ccccc5c(=O)c2c34)CC1,CHEMBL372469
DEC_1620,decoy,CCCCCc1cc(O)c2c(c1)OC(C)(C)[C@@H]1CC[C@H](C)[C@H](O)C21,CHEMBL10475
DEC_1441,decoy,Cl.O=C(C1CCCN1)N1CCCC1P(=O)(OCC(Cl)(Cl)Cl)OCC(Cl)(Cl)Cl,CHEMBL268012
DEC_0782,decoy,CC(C)N1C(=O)NC(c2ccc(Cl)c(Cl)c2)c2cc3c(cc21)OCO3,CHEMBL267294
DEC_4530,decoy,N#Cc1ccc(Cn2ccnc2)cc1OCCc1ccc(-c2ccccc2)cc1,CHEMBL22547
DEC_3945,decoy,CCNCC1CCN(c2c(F)cc3c(=O)c(C(=O)O)cn(C4CC4C)c3c2F)C1,CHEMBL6282
DEC_3547,decoy,O=C(Nc1ccc(C[C@H](NC(=O)C2(c3ccccc3)CCCC2)C(=O)O)cc1)c1cccnc1Oc1ccccc1,CHEMBL46021
DEC_0026,decoy,Cc1cc(C(c2ccc(C3CCCCC3)cc2)N2CCN(C)CC2)sn1,CHEMBL22438
DEC_3920,decoy,C=C(c1cc(Cl)c(Cl)cc1OCC(O)CNC(C)C)n1ccnc1,CHEMBL15704
DEC_4218,decoy,CCOC(=O)C(CCCCn1cnc2c1NC=NCC2O)Cc1cccc(Br)c1,CHEMBL289823
DEC_4650,decoy,O=c1n(-c2ccc(Cl)cc2)nc2c(NC3CCCCC3)nc3ccccc3n12,CHEMBL16715
DEC_3941,decoy,COc1cc2c(c(OC)c1OC)-c1ccc(SC)c(=O)cc1[C@@H](NC=O)CC2,CHEMBL279958
DEC_1542,decoy,CCCCCC[C@H]1C(=O)N[C@H](C(=O)NCCc2ccc(S(N)(=O)=O)cc2)Cc2ccc(cc2)OCCC[C@@H]1C(=O)NO,CHEMBL313552
DEC_2593,decoy,CC(C)c1ccccc1Sc1c(O)cc(-c2cccc(O)c2)oc1=O,CHEMBL12408
DEC_2220,decoy,O=c1c2c(oc(O)c1C(c1cccc(N(CC3CC3)S(=O)(=O)c3ccccc3)c1)C1CC1)CCCCCC2,CHEMBL430097
DEC_3971,decoy,CCN(CC)CCNc1ncc2cc(-c3c(Cl)cccc3Cl)c(NC(=O)NC(C)(C)C)nc2n1,CHEMBL57475
DEC_0644,decoy,C/C(=C\c1ccc(C(=O)O)cc1)c1cc2c(cc1Br)C(C)(C)CCC2(C)C,CHEMBL284167
ACT_026,active,Clc1ccc2c(c1)nnc1nnnn12,CHEMBL1986503
DEC_1338,decoy,CC(C)(C)C1=CC(=C/C=C/c2cc(C(C)(C)C)[s+]c(C(C)(C)C)c2)C=C(C(C)(C)C)O1.[Cl-],CHEMBL13129
DEC_1292,decoy,Cc1ccc(S(=O)(=O)N[C@@H]2C3CC(c4ccc(-c5ccccc5)cc4)(CO3)[C@H]2C/C=C/CCCC(=O)O)cc1,CHEMBL10192
DEC_3693,decoy,CCCc1nc2c(n1Cc1ccc(-n3cccc3-c3nn[nH]n3)cc1)/C(=C/C(=O)O)CCCC2,CHEMBL44295
DEC_3023,decoy,COCN1CN(c2ccccc2)C2(CCN(C3CCc4cccc(Cl)c4C3)CC2)C1=O,CHEMBL283432
DEC_2779,decoy,C=Cc1ccc(C(=O)O[C@@H]2C[C@](OCCCc3ccc(Cl)cc3)(C(=O)O)C[C@@H](O)[C@H]2O)cc1,CHEMBL32141
DEC_3960,decoy,CC(C)(C)OC(=O)N[C@@H](C(=O)C(N)Cc1ccc2ccccc2c1)/C(O)=C(\C#N)c1ccc([N+](=O)[O-])cc1,CHEMBL274748
DEC_0639,decoy,C[C@@H]1C(=O)C(C)(C)Nc2ccc3c(c21)[C@H](c1cccc(F)c1)Oc1ccccc1-3,CHEMBL36564
DEC_3841,decoy,O=C(/C=C/C(=O)OCCc1ccccc1)N[C@@H]1CC[C@@]2(O)C3Cc4ccc(O)c5c4C2(CCN3CC2CC2)C1O5,CHEMBL293967
DEC_0996,decoy,Nc1nc(O)c2ncn([C@@H]3O[C@H]4C[C@@](CC(=O)O)(C(=O)O)O[C@H]4[C@H]3O)c2n1,CHEMBL21208
DEC_2741,decoy,Cc1cc(CCc2cc3c(s2)-n2c(C)nnc2CN=C3c2ccccc2Cl)cc2c1OC(C)(C)C2,CHEMBL286337
DEC_3298,decoy,Cc1cc[n+]([O-])c(C)c1C(=O)N1CCC(C)(N2CCC(N(Cc3ccccc3C#N)c3ccccc3)CC2)CC1,CHEMBL418120
DEC_2595,decoy,Cc1ccc2[nH]cc(CCNCC(O)c3cccc(Cl)c3)c2c1,CHEMBL24446
DEC_2395,decoy,Cn1cc(C(=O)O)c(=O)c2c3cc(N4C[C@@]5(C)C[C@@H]4CC(C)(C)C5)c(F)cc3ncc21,CHEMBL28286
DEC_0008,decoy,CC1(C)CC(=O)c2c(SSc3nccs3)sc(-c3cc[nH]n3)c2C1,CHEMBL17424
DEC_2181,decoy,c1ccc2c(c1)OC1(CCNC1)C2n1cccc1,CHEMBL433043
DEC_2533,decoy,CC(C)(C)c1cc(-c2nsc(NC#N)n2)cc(C(C)(C)C)c1O,CHEMBL17229
DEC_3622,decoy,Cc1cccc2[nH]cc(CCNCC(O)c3cccc(Cl)c3)c12,CHEMBL416190
DEC_2414,decoy,COc1ccc2c(c1O)-c1cccc3c1C(C2)N(CCOCCCl)CC3,CHEMBL7206
DEC_2447,decoy,S=C(NCCSCc1cc2ccccc2[nH]1)Nc1ccccc1,CHEMBL275729
DEC_3253,decoy,C=C1C[C@@]23O[C@]2(c2ccccc21)C1CC(OC(=O)[C@H](O)[C@@H](NC(=O)OCC)c2ccsc2)C3(C)C1(C)C,CHEMBL440468
DEC_3704,decoy,C=CCC1Oc2c(Br)cc(O)c(Cl)c2-c2ccc3c(c21)C(C)=CC(C)(C)N3,CHEMBL7781
DEC_2198,decoy,Cc1c(Br)cc(Br)c(NC(=O)CN2CCN(c3ccc(Br)cc3C#N)CC2)c1Br,CHEMBL183466
DEC_1658,decoy,C#C[C@]1(O)CC[C@H]2[C@@H]3CCc4cc(O)ccc4[C@H]3CC[C@@]21C,CHEMBL691
DEC_3207,decoy,Cc1c(C)c(C)c(S(=O)(=O)OCCCl)c(C)c1C,CHEMBL17524
DEC_0827,decoy,C=C1[C@@H](OC(=O)CCc2ccccc2)CC[C@@]2(C)[C@@H](OC(C)=O)[C@H](OC(C)=O)C3=C(C)C(=O)C[C@@H]([C@@H](OC(C)=O)[C@H]12)C3(C)C,CHEMBL116528
DEC_2252,decoy,C=C1/C=C(\C)[C@H](CC)OC(=O)[C@H](C)C(=O)[C@@](O)(CO)C/C(SC)=C/[C@@H](C)C1,CHEMBL32849
DEC_1042,decoy,O=NN(CCCl)C(=O)NC1CCCC(C(=O)O)C1,CHEMBL273983
DEC_3024,decoy,Cn1c2ccnc(Cl)c2c2ncnc(N3CCN(CCc4ccc(F)c(F)c4)CC3)c21,CHEMBL27415
DEC_0371,decoy,CNn1cc(C(=O)O)c(=O)c2cc(F)c(N3CCSCC3)cc21,CHEMBL12750
DEC_1406,decoy,Cc1noc(NS(=O)(=O)c2cccc3c(N(C)C(C)C)cccc23)c1C,CHEMBL283652
DEC_3848,decoy,NC(Cc1cc(I)c(OCCc2ccc(O)cc2)c(I)c1)C(=O)O,CHEMBL15396
DEC_1335,decoy,CCN(CC)Cc1cc(Nc2cc(C(F)(F)F)nc(/N=C(\N)Nc3ccc(Cl)c(Cl)c3)n2)ccc1OC,CHEMBL22309
DEC_3623,decoy,CC(/N=c1\c(O)c(O)\c1=N/c1ccc(OC(F)(F)F)cc1)C(C)(C)C,CHEMBL19421
DEC_0819,decoy,Nc1nc(N)c2c(CNc3cc(Cl)c(Cl)c(Cl)c3)coc2n1,CHEMBL17235
DEC_1876,decoy,CCCCc1nn(CC(=O)C23C[C@H]4C[C@@H](C2)C[C@@H](C3)C4)c(=O)n1Cc1ccc(-c2ccccc2-c2nn[nH]n2)cc1,CHEMBL302478
DEC_4439,decoy,CC(C)C[C@@H](C(=O)N[C@H](C(=O)Nc1ccccn1)C(C)(C)C)[C@@H](C(=O)NO)C1CCCC1,CHEMBL286718
DEC_0534,decoy,Oc1ccc2c3c1OC1[C@H]4OC[C@@]4(CCc4ccccc4)CC4C(C2)N(CC2CC2)CCC341,CHEMBL9905
DEC_4702,decoy,CN1C(=O)C23CC4C1(CN2CC[C@@]3(C)OCc1ccccc1)CC1(C(=O)Nc2c1ccc1c2OC=CC(C)(C)O1)C4(C)C,CHEMBL42362
DEC_1979,decoy,COc1ccc([C@@H]2[C@@H](C(=O)O)[C@H](c3ccc4c(c3)OCO4)CN2C/C=C/CC(C)C)cc1,CHEMBL9168
DEC_2268,decoy,CSc1ccc(C2=C(c3ccc(S(C)(=O)=O)cc3)C(C)(O)OC2=O)cc1,CHEMBL277118
DEC_0325,decoy,Nc1nc2c(cnn2CCc2ccccc2)c2nc(-c3ccco3)nn12,CHEMBL17127
DEC_4348,decoy,O=C1COC(C#CC2CC2)(C(F)(F)F)c2cc(Cl)ccc2N1,CHEMBL32290
DEC_1180,decoy,O=C(O)Cc1cn2c(n1)COc1ccccc1-2,CHEMBL13255
DEC_2360,decoy,C#CCN1CCN(C2=Nc3ccc(Br)cc3CC=C2c2ccccc2)CC1,CHEMBL273794
DEC_3767,decoy,C=C[C@@]1(C)CC(=O)[C@]2(O)C3(C)C(C(O)C(OC(=O)Cn4cnc5ccccc54)[C@@]2(C)O1)C(C)(C)CC[C@@H]3O,CHEMBL54862
DEC_4231,decoy,O=C1[C@@H](NS(=O)(=O)c2ccc(-c3ccc(Cl)s3)s2)CCN1Cc1cc2c[nH]ccc-2n1,CHEMBL268917
DEC_2854,decoy,CCc1cc2c(s1)Nc1ccc(F)cc1N=C2N1CC(C)N(C)C(C)C1,CHEMBL274043
DEC_1633,decoy,CCC1CC(CC)c2cc3c(C(F)(F)F)cc(=O)oc3cc2N1,CHEMBL6721
DEC_2974,decoy,CC(C)NC(=O)OCc1c(COC(=O)NC(C)C)c(-c2ccc(Cl)c(Cl)c2)n2c1CCC2,CHEMBL284134
DEC_2626,decoy,CN1CC=C(c2cn(-c3ccc(F)cc3)c3ccc(F)cc23)CC1,CHEMBL268974
DEC_1349,decoy,COc1ccc(CC(=O)NC(C)C2CCC3C4CC=C5CC(O)CCC5(C)C4CCC23C)cc1,CHEMBL8546
DEC_3897,decoy,CCCNC(=O)CN1C[C@@H](c2ccc3c(c2)OCO3)[C@H](C(=O)O)[C@H]1c1ccc(OC)cc1,CHEMBL9141
DEC_3551,decoy,O=C(NC(Cc1c[nH]c2ccccc12)C(=O)OC(CO)Cc1ccccc1)OC1[C@H]2C[C@@H]3C[C@@H](C[C@H]1C3)C2,CHEMBL37903
DEC_2645,decoy,N#CCCOC1(C(F)(F)F)OC(=O)Nc2ccc(Cl)cc21,CHEMBL18220
DEC_1251,decoy,C[C@@H]1CN(CCCCc2ccc3c(c2)sc(=O)n3C)C[C@H](C)N1,CHEMBL280088
DEC_4157,decoy,CN1CCCN(c2nc3ccccc3n2CCOc2ccccc2)CC1,CHEMBL418731
DEC_2201,decoy,O=C(Nc1ccc(Oc2ccc(Cl)cc2)c(Cl)c1)c1cc(I)cc(I)c1O,CHEMBL287542
DEC_2303,decoy,CCCC[C@]1(CO)CC2C3Cc4ccc(O)c5c4C2(CCN3C)C(O5)[C@@H]1O,CHEMBL9943
DEC_0146,decoy,CN(C=O)[C@H]1CCC2C3CC[C@H]4N(C)C(=O)CC[C@]4(C)C3CC[C@@]21C,CHEMBL17193
DEC_4034,decoy,CC1CCN(c2ccc3c(c2Cl)CN2CC(=O)NC2=N3)CC1,CHEMBL32456
DEC_3513,decoy,CCOC(=O)N[C@@H](c1ccc(O)cc1)[C@@H](O)C(=O)OC1CC2C(C)(C)C1(C)[C@@]13C[C@H](C)c4ccccc4[C@@]21O3,CHEMBL285974
DEC_3226,decoy,CCCn1c(=O)[nH]c(=O)c2[nH]c(C3CCCCC3)nc21,CHEMBL21449
DEC_1427,decoy,CS(=O)(=O)c1ccc(C2=C(c3cc(Cl)cc(Cl)c3)C(=O)CC2)cc1,CHEMBL282924
DEC_2927,decoy,CCCCc1nn(CC(F)(F)F)c(C(=O)O)c1Cc1ccc(-c2ccccc2-c2nn[nH]n2)cc1,CHEMBL281386
DEC_2950,decoy,CNc1ccc(C#CC[C@H](NS(=O)(=O)c2ccc3c(c2)CCCC3)C(=O)N(C)C2CCCC2)cc1,CHEMBL7587
DEC_0296,decoy,CCCSc1c2c(nc(N)n3nc(-c4ccco4)nc23)nn1C,CHEMBL280888
DEC_1669,decoy,CCSc1sc(-c2cc[nH]n2)c2c1C(=O)CC(C)(C)C2,CHEMBL274281
DEC_3978,decoy,CN(C)Cc1cc(Nc2cc(C(F)(F)F)nc(/N=C(\N)Nc3ccc(Cl)c(Cl)c3)n2)ccc1O,CHEMBL277495
DEC_0250,decoy,O=C(O)CC(=O)N1CCC2(CCC(C(=O)N3CCC(C4CCNCC4)CC3)CC2)CC1,CHEMBL24639
DEC_4304,decoy,CO[C@H]1/C=C\C=C(/C)C(=O)NC2=CC(=O)C(Nc3nccs3)=C(C[C@@H](C)C[C@H](OC)[C@H](O)[C@@H](C)/C=C(\C)[C@@H]1OC(N)=O)C2=O,CHEMBL333770
DEC_0274,decoy,CSc1ccc(C#CCC2(S(=O)(=O)c3ccc(F)cc3)SC(=O)NC2=O)cc1,CHEMBL275021
DEC_0175,decoy,C[C@]12CCC3C(CCC4=CC(=O)[C@H]5COC[C@]43C5)C1CC[C@@H]2OC1CC1,CHEMBL414006
DEC_1843,decoy,CCN(C/C=C/C#CC(C)(C)C)Cc1cccc(OCCN(C)S(=O)(=O)c2ccc(-c3ccsc3)s2)c1,CHEMBL27941
DEC_2714,decoy,C[C@]12CCC(=O)C(Cl)=C1NCC1C2CC[C@@]2(C)C1CC[C@@H]2C(=O)N(c1ccc(Cl)cc1)C1CCCC1,CHEMBL283430
DEC_0526,decoy,CN1CCC23c4c5ccc(O)c4OC2[C@H]2OC[C@@]2(CCCCCc2ccccc2)CC3C1C5,CHEMBL275453
DEC_1434,decoy,CCc1cccc(-c2cc(O)c(Sc3ccccc3C(C)C)c(=O)o2)c1,CHEMBL12229
DEC_4476,decoy,Cc1c(N2CC[C@H](N)C2)c(F)cn2c(=O)c(C(=O)O)cc(CC3CC3)c12,CHEMBL16998
DEC_2625,decoy,CCCCC[C@@H]1/C=C\C2CCC(=O)[C@@H]2C/C=C\CCCC(=O)O1,CHEMBL12061
DEC_4219,decoy,CC(C)(Cc1ccc(I)cc1)NCC(O)c1ccc(O)c2nc(O)ccc12,CHEMBL41605
DEC_1649,decoy,CC(O)c1ccc2c(c1)[C@@]13CCCC[C@H]1[C@@H](C2)N(C)CC3,CHEMBL280512
DEC_1181,decoy,O=C(O)c1ccc2nc3n(c(=O)c2c1)CCC3,CHEMBL39758
DEC_0290,decoy,CCCOc1ccc2c3c1OC1C(O)C=CC4C(C2)N(C)CCC341,CHEMBL27017
DEC_4777,decoy,O=C(Cc1ccccc1)OCOC(=O)/N=C(/NCc1ccccc1)NC(=O)OCOC(=O)Cc1ccccc1,CHEMBL61233
DEC_1604,decoy,c1ccc(Cc2ccc(OCCn3cncc4ncnc3-4)cc2)cc1,CHEMBL14547
DEC_4247,decoy,O=P(O)(O)C(CCCOc1ccccc1)P(=O)(O)O,CHEMBL33170
DEC_1758,decoy,c1ccc2nc(CCCCN3CCc4c([nH]c5ccccc45)C3)ccc2c1,CHEMBL12533
DEC_3290,decoy,O=C(Nc1ccc(Cl)c(Cl)c1)[C@H]1[C@@H](C(=O)O)C2(O[C@H]1c1ccccc1)C(=O)c1ccccc1C2=O,CHEMBL29865
DEC_1289,decoy,C=C(CC[C@H](O)[C@@]1(C)CC[C@H](C(C)(C)O)O1)[C@H]1CC[C@H]2O[C@@H]([C@]3(C)CC[C@@H](C(C)(C)OC)O3)CC[C@]2(C)O1,CHEMBL280735
DEC_4302,decoy,COC1=C2C[C@@H](C)C[C@H](OC)[C@H](O)[C@@H](C)/C=C(\C)[C@H](OC(N)=O)[C@@H](OC)/C=C\C=C(/C)C(=O)NC(=C(N3C=CC=CC=C3)C1=O)C2=O,CHEMBL434049
DEC_0836,decoy,CCCCc1nc2ccc([C@H]3OC[C@@H]4ON5[C@@H](CCC5(C)C)[C@@H]43)cc2c(=O)n1Cc1ccc(-c2ccccc2-c2nn[nH]n2)cc1,CHEMBL53244
DEC_1750,decoy,CCN1C(=O)N(C2CCN(CC3CCCCCCC3)CC2)[C@@H]2CCCC[C@H]21,CHEMBL29953
DEC_1662,decoy,CC1CCNc2cc3oc(=O)cc(C(F)(F)F)c3cc21,CHEMBL415289
DEC_0781,decoy,C#C[C@]1(O)CCC2C3CCC4=CC(=O)CCC4=C3C(c3ccc(F)cc3)CC21C,CHEMBL441339
DEC_3705,decoy,COc1ccc(CCNC(C)C2CCC3C4CC=C5CC(O)CCC5(C)C4CCC23C)cc1,CHEMBL447229
DEC_2159,decoy,NC1=NC(c2cccs2)Cc2ccsc21,CHEMBL8041
DEC_3050,decoy,CN(c1ccccc1)S(=O)(=O)c1ccc2c(c1)C(n1ccccc1=O)=CC(C)(C)O2,CHEMBL12305
DEC_2567,decoy,CCCc1cc(Cl)c2c(c1O)C(C)C(Cc1ccc(OC)cc1)O2,CHEMBL24246
DEC_3860,decoy,COc1ccc2sc3c(=O)n(CCN4C[C@@H]5CCc6c(OC)cccc6[C@@H]5C4)c(=O)[nH]c3c2n1,CHEMBL41234
DEC_3394,decoy,CC1CN(c2c(F)cc3c(=O)c(C(=O)O)cn(C4CC4)c3c2Cl)CCN1,CHEMBL15461
DEC_4571,decoy,CC(C)NC(=O)OCc1c(COC(=O)NC(C)C)c(-c2ccc(Cl)c(Cl)c2)n2c1CS(=O)(=O)C2,CHEMBL291604
DEC_2775,decoy,CCN(CCOc1ccc(/C=C2\SC(=O)NC2=O)cc1)CC1(C)CCc2c(C)c(O)c(C)c(C)c2O1,CHEMBL6571
DEC_3149,decoy,N.NS(=O)(=O)c1cc(S(=O)(=O)O)c(NCc2ccccc2)cc1Oc1ccccc1,CHEMBL17467
DEC_3561,decoy,CO[C@H]1CN(CC=C(C)C)C[C@H](OCC23C[C@@H]4[C@H](C)CC[C@H]4C4(C=O)CC2C=C(C(C)C)C34C(=O)O)O[C@@H]1C,CHEMBL295129
DEC_1663,decoy,C#C[C@]1(O)CCC2C3CCC4=CC(=O)CCC4=C3CCC21C,CHEMBL16523
DEC_2380,decoy,C(=C/c1cccc(-c2nn[nH]n2)c1)\c1cccc(OCc2ccc3ccccc3n2)c1,CHEMBL18381
DEC_1971,decoy,O=C(NCCCOc1ccc2nc(O)ccc2c1)N(C1CCCCCC1)[C@H]1CCCC[C@@H]1O,CHEMBL284074
DEC_3590,decoy,CCCCc1nc2ccn(CC(=O)C(C)(C)C)c(=O)c2n1Cc1ccc(-c2ccccc2-c2nn[nH]n2)cc1,CHEMBL289291
DEC_4366,decoy,CC12CCC(=O)C=C1CCC1C2CCC2(C)C1CC[C@]2(O)C(=O)CO,CHEMBL14058
DEC_2074,decoy,C=CCNC1CCCC1N(C(=O)CC)c1ccc(Cl)c(Cl)c1,CHEMBL21232
DEC_4613,decoy,CCCCc1nc2ccn(CC(=O)NC(C)(C)C)c(=O)c2n1Cc1ccc(-c2ccccc2-c2nn[nH]n2)cc1,CHEMBL298417
DEC_3627,decoy,CC(C)C1NC(=O)OC12CCN(CCc1c[nH]c3ccccc13)CC2,CHEMBL25509
DEC_4763,decoy,COC(=N)NS(=O)(=O)c1ccc(NC(=O)[C@@H](Cc2ccccc2)NC(=O)OCc2ccccc2)cc1,CHEMBL432704
DEC_2817,decoy,Cc1cc(C)c(NC(=O)N(CCc2ccc(SC(C)(C)C(=O)O)cc2)CCc2ccc(-c3ccccc3)cc2)cc1C,CHEMBL279211
DEC_2147,decoy,C[C@@H]1CCCCC12OOC1(CCCC[C@@H]1C)OO2,CHEMBL278291
DEC_2298,decoy,Cc1cc(OCc2ccc(-c3ccccc3-c3nn[nH]n3)cc2)c(C=O)c(C)n1,CHEMBL22837
DEC_2494,decoy,N#Cc1ccc(S(=O)(=O)N2Cc3ccccc3N(Cc3c[nH]cn3)C(CCc3ccccc3)C2)cc1,CHEMBL8247
DEC_2458,decoy,CC(C)C1=CC2CC3(C=O)[C@@H]4CC[C@@H](C)[C@H]4CC2(CO[C@H]2C[C@@H]4OCO[C@@H]4[C@@H](C)O2)C13C(=O)O,CHEMBL21682
DEC_1027,decoy,CC(C)(C)C12COC(C3=CC(=O)C=CC3=[N+]=[N-])(OC1)OC2,CHEMBL431294
DEC_0417,decoy,CCCCN(C(C)=O)[C@H]1CCC2C3CC[C@H]4N(C)C(=O)CC[C@]4(C)C3CC[C@@]21C,CHEMBL17514
DEC_0170,decoy,COc1nc(C(Cl)(Cl)Cl)c(Cl)c(OC)c1Cl,CHEMBL273124
DEC_0508,decoy,O=C(CCCn1c2c(c3ccccc31)C(=O)CN1CCCCC21)NCC(F)(F)F,CHEMBL34678
DEC_4054,decoy,CC(=O)OCC12CCC(C)(C)CC1C1=CC[C@@H]3[C@@]4(C)CC[C@H](OC(C)=O)C(C)(C)[C@@H]4CC[C@@]3(C)[C@]1(C)CC2,CHEMBL293109
DEC_1220,decoy,O=C1OC(O)(c2ccc(Cl)cc2)C(Cc2ccccc2)=C1c1ccc2c(c1)OCO2,CHEMBL267094
DEC_0231,decoy,CCC(c1ccc(O)cc1C)C(CC)c1ccc(O)cc1C,CHEMBL14994
DEC_0202,decoy,C#CCCCC(=O)c1cc(C(C)(C)C)c2c(c1)C(C)(C)CCO2,CHEMBL276337
DEC_3566,decoy,C=C(CF)CN1C[C@H](OCC23C[C@@H]4[C@H](C)CC[C@H]4C4(C=O)CC2C=C(C(C)C)C34C(=O)O)O[C@H](C)[C@@H](OC)C1,CHEMBL47518
DEC_2818,decoy,CO/N=C(\COCc1ccc(F)c2ccccc12)C(CCN1CCC(O)(c2ccccc2)CC1)c1ccc(Cl)c(Cl)c1,CHEMBL285929
DEC_1909,decoy,CC1(C)OC(S)=Nc2ccc(-c3cccc(Cl)c3)cc21,CHEMBL24380
DEC_0343,decoy,CCN[C@H]1C[C@H](CC)S(=O)(=O)c2sc(S(N)(=O)=O)cc21,CHEMBL9688
DEC_2711,decoy,C[C@]12CCC(=O)C(Br)=C1NCC1C2CC[C@@]2(C)C1CC[C@@H]2C(=O)NC12CC3CC(CC(C3)C1)C2,CHEMBL305855
DEC_4532,decoy,CC(C)c1ccc(C(Sc2ccccc2)c2ccccc2)c(O)c(=O)c1,CHEMBL8170
DEC_1546,decoy,CC(C)[C@H](NC(=O)C(=O)NC12CC3CC(CC(C3)C1)C2)C(=O)N[C@@H](CC(=O)O)C(=O)COc1c(F)c(F)cc(F)c1F,CHEMBL327683
DEC_3371,decoy,COc1c(N2CC(C)NC(C)C2)c(F)cc2c(=O)c(C(=O)O)cn(C3CC3)c12,CHEMBL15426
DEC_4686,decoy,N#Cc1cccnc1/C(O)=C/c1nc2ccc(F)cc2c(=O)n1-c1ccccc1Cl,CHEMBL19600
DEC_0150,decoy,CCCc1cc(=O)oc2c3c(c4c(c12)OC(C)(C)C=C4)OC[C@H](C)C3=O,CHEMBL266748
DEC_0028,decoy,Brc1ccc(C2(Cn3ccnc3)OCC(c3ccccc3)O2)cc1,CHEMBL30036
DEC_2536,decoy,CC[C@]1(c2ccc(Cl)cc2)OC[C@H]([C@@H]2CCCCN2)O1,CHEMBL284413
DEC_4759,decoy,COC(=O)C(C)NP(=O)(OCC1C=CC(n2cc(C)c(=O)[nH]c2=O)O1)Oc1cc(Cl)cc(Cl)c1,CHEMBL295461
DEC_4314,decoy,COc1cccc2c1C(=O)c1c(O)c3c(c(O)c1C2=O)C[C@@](O)(C(C)=O)C[C@@H]3OC1CC(Br)C(N=[N+]=[N-])C(C)O1,CHEMBL119012
DEC_2036,decoy,CN(C)CC(c1ccccc1)c1nnc2n1-c1ccc(Cl)cc1C(c1ccccc1Cl)=NC2,CHEMBL16282
DEC_2599,decoy,Cc1ccc(Oc2c(C)cc(Cl)cc2Cl)c(CC(=O)O)c1,CHEMBL29615
DEC_4210,decoy,CN/C(S)=N/S(=O)(=O)c1cc(CCNC(=O)c2cc(Cl)ccc2OC)ccc1C(C)C,CHEMBL12210
DEC_3109,decoy,Cc1nc(O)c2cc(CN(CC#N)c3ccc(C(=O)N[C@H](CCC(=O)O)C(=O)O)s3)ccc2n1,CHEMBL44127
DEC_2879,decoy,CN(c1ccccc1)c1cc2c(cc1N(C)c1ccccc1)C(=O)NC2=O,CHEMBL267941
DEC_0078,decoy,C=C1CCC2[C@](C)(CCC[C@]2(C)C(=O)OC)[C@H]1CCC1=CCc2c(O)ccc(O)c2C1,CHEMBL283322
DEC_4700,decoy,CC(C)C[C@@H]1OC(=O)C(C)(C)CNC(=O)[C@@H](CC2CCCCC2)NC(=O)/C=C/C[C@@H]([C@H](C)/C=C/c2ccccc2)OC1=O,CHEMBL314892
DEC_0808,decoy,CCCc1cc(=O)oc2c3c(c4c(c12)OC(C)(C)C=C4)O[C@H](C)[C@H](C)[C@@H]3O,CHEMBL263086
DEC_1964,decoy,Cc1oc(-c2ccccc2)nc1CCOc1ccc(/C=C/C=C2\SC(=O)NC2=O)cc1,CHEMBL36663
DEC_1752,decoy,[O-][S+](Cc1[nH]c2ccccc2c1Sc1ccccc1)c1ccccc1,CHEMBL280551
DEC_4128,decoy,C#Cc1ccc(N2C(N)=NC(N)=NC2(C)C)cc1,CHEMBL284282
DEC_2332,decoy,CC(C)N(CCC1(c2ccccc2)C(=O)NC(C)N2CCCCC21)C(C)C,CHEMBL281089
DEC_2003,decoy,C[C@H](COC(=O)N1c2ccccc2[C@@]23O[C@]24CCC[C@@H]3C#C/C=C\C#C[C@H]14)S(=O)(=O)c1ccccc1,CHEMBL15907
DEC_1383,decoy,CC(=O)[C@@]12OC(C)(c3ccc(F)cc3)O[C@@H]1CC1C3CCC4=CC(=O)CC[C@]4(C)C3CC[C@@]12C,CHEMBL13733
DEC_3087,decoy,CCCCc1ccc(NC(=O)c2sccc2S(=O)(=O)Nc2onc(C)c2Br)cc1,CHEMBL45760
DEC_4339,decoy,Nc1cc(C2=NOC(CNS(=O)(=O)c3ccsc3)(C(=O)Nc3ccc(-c4ccccc4S(N)(=O)=O)cn3)C2)ccc1Cl,CHEMBL275957
DEC_1851,decoy,[O-][n+]1ccc(CC(c2ccc(C(O)(c3ccccc3)C(F)(F)F)nc2)c2ccc(OC(F)F)c(OC(F)F)c2)cc1,CHEMBL56971
DEC_4828,decoy,Cc1ccc(Oc2cc(C)c(Cl)c(C)c2Cl)c(CC(=O)O)c1,CHEMBL281684
DEC_2955,decoy,CC(=O)OC1=CC[C@H]2CC3C(=C(O)c4c(O)cccc4C3O[Si](C)(C)C(C)(C)C)C(=O)[C@H]2C1,CHEMBL29750
DEC_4565,decoy,O=c1c2c(oc(O)c1[C@H](c1cccc(NS(=O)(=O)c3cccc4cccnc34)c1)C1CC1)CCCCCC2,CHEMBL275888
DEC_3868,decoy,CCN1C(=O)c2c(nc(OC)n2Cc2ccc(OC)c(C#N)c2)N2C[C@@H](Cc3ccccc3)N=C12,CHEMBL24228
DEC_1625,decoy,CCC1(CC)CCNc2cc3nc(O)cc(C(F)(F)F)c3cc21,CHEMBL282866
DEC_2939,decoy,Cc1cc(C)cc(NC(=O)Cc2ccc(OC3(C(=O)N[C@@H](C(=O)O)C(C)C)CCCC3)cc2)c1,CHEMBL18289
DEC_0420,decoy,OC1CCCCC1N1CCC(CCC2CCN(C3CCCCC3O)CC2)CC1,CHEMBL20656
DEC_0115,decoy,C=CCOC(=O)c1ccc(OCC(=O)COc2ccc(OCCCCCCCCCC)cc2)cc1,CHEMBL417665
DEC_0987,decoy,Nc1nc(O)c2ncn([C@H]3C=C[C@@H](OCP(=O)(O)O)CO3)c2n1,CHEMBL266855
DEC_0614,decoy,O=C1NC(=O)c2cc(Nc3ccccc3)c(Nc3ccccc3)cc21,CHEMBL268868
DEC_4518,decoy,Cc1ccc(Sc2cncc3sc(/C=N/Oc4ccccc4)cc23)cc1,CHEMBL6249
DEC_1227,decoy,O=S1(=O)c2cccc3cccc(c23)N1CCN1CC=C(c2c[nH]c3ccccc23)CC1,CHEMBL274517
DEC_2312,decoy,CCc1ccc(C(c2sncc2C)N2CCN(CCO)CC2)cc1,CHEMBL25330
DEC_0875,decoy,CC(=O)OC(C)(C)[C@H]1CC[C@](C)([C@@H](O)CC[C@](C)(O)[C@H]2CC[C@H]3O[C@@H]([C@]4(C)CC[C@@H](Br)C(C)(C)O4)CC[C@]3(C)O2)O1,CHEMBL17664
DEC_3130,decoy,C#CCN(Cc1ccc2nc(C)nc(O)c2c1)c1ccc(C(=O)N[C@H](CCC(=O)O)C(=O)O)cc1,CHEMBL6676
DEC_3938,decoy,O=C(NCCCOc1ccc2nc(O)ccc2c1)N(C1CC1)[C@@H]1CCC[C@@H](O)C1,CHEMBL34347
DEC_1368,decoy,COC(=O)[C@]12CCC(C)(C)CC1C1=CC[C@@H]3[C@@]4(C)C=C(C#N)C(=O)C(C)(C)[C@@H]4CC[C@@]3(C)[C@]1(C)CC2,CHEMBL56503
ACT_061,active,Cc1noc(C)c1-c1nncc2nc(Oc3ccc(F)cc3F)ccc12,CHEMBL3649501
DEC_0440,decoy,COC[C@H]1OC(=O)C2=CCOC3=C2[C@@]1(C)C1=C(C3=O)[C@@H]2CCC(=O)[C@@]2(C)C[C@H]1OC(C)=O,CHEMBL276894
DEC_0006,decoy,CCCCC(C)(C)[C@H](O)/C=C/C1[C@H](O)C[C@@H]2OC(=O)CCC/C=C\C[C@H]12,CHEMBL12741
DEC_3449,decoy,CC1=NC(C)=C(C(=O)OCCN2C(=O)c3ccccc3S2(=O)=O)C(c2cccc([N+](=O)[O-])c2)/C1=C(\O)OCC1CCCCO1,CHEMBL79051
DEC_2608,decoy,C[C@]12CCC(=O)C=C1CCC1C2CC[C@@]2(C)C1CC[C@@H]2OC1CC1,CHEMBL267913
DEC_0351,decoy,CC1=C(C(=O)O)N2C(=O)C(NC(=O)CCON=C3CCCC3)C2SC1,CHEMBL32296
DEC_0615,decoy,O=C(NO)c1ccc(CNC(=O)c2ccccc2-c2ccccc2)cc1,CHEMBL287402
DEC_3171,decoy,Cc1c(/C=C/CN(C)C)nc(O)c2c1ccc1nc(Nc3c(Cl)cccc3Cl)n(C)c12,CHEMBL287175
DEC_3708,decoy,Oc1cc(NCc2ccccc2NCc2ccc(Cl)c(Cl)c2)nc2ccccc12,CHEMBL23785
DEC_3585,decoy,CC(=O)Oc1cc(S(=O)(=O)Oc2ccc(-c3ccc(-c4coc5ccccc45)cc3)cc2)ccc1C(=O)O,CHEMBL25178
DEC_0433,decoy,CC(C)(C)C1CS(=O)(=O)C(C2=CC(=[N+]=[N-])C=C(Br)C2=O)S(=O)(=O)C1,CHEMBL28795
DEC_3951,decoy,CC(C)NCC1CCN(c2cc3c(cc2F)c(=O)c(C(=O)O)cn3C2CC2)C1,CHEMBL277730
DEC_3417,decoy,COc1ccc(C[C@H]2NC(=O)/C=C/C[C@@H]([C@H](C)[C@H]3O[C@@H]3c3ccccc3)OC(=O)[C@H](CC(C)C)OC(=O)C[C@@H](C)NC2=O)cc1Cl,CHEMBL350017
DEC_1036,decoy,CO[C@H]1O[C@]2(C)OO[C@]13[C@H](CCO)CCC[C@@H]3C[C@H]2C,CHEMBL282000
ACT_012,active,O=c1c(Br)c(OCc2ccc(Cl)cc2)ccn1Cc1ccc(F)cc1,CHEMBL1078023
DEC_2342,decoy,CC(C)N1CCN(c2cc3c(cc2F)c(=O)c(C(=O)O)cn3C2CC2)CC1,CHEMBL15362
DEC_3692,decoy,Cc1noc(NS(=O)(=O)c2ccccc2-c2ccc(-c3ncco3)cc2Cn2cccn2)c1C,CHEMBL30092
DEC_0505,decoy,CCCc1cc(=O)oc2c3c(c4c(c12)OC(C)(C)C=C4)O[C@H](C(C)C)[C@@H](C)[C@@H]3O,CHEMBL266921
DEC_3072,decoy,CCOC(=O)N[C@@H](c1ccccc1)[C@@H](O)C(=O)OC1CC2C(C)(C)C1(C)[C@@]13C[C@H](C)c4ccccc4[C@@]21O3,CHEMBL431305
DEC_3847,decoy,N[C@H](Cc1cc(I)c(OCCc2ccc(O)cc2)c(I)c1)C(=O)O,CHEMBL15449
DEC_0855,decoy,CN1C(=O)CN=C(c2ccccc2)c2cc(Cl)ccc21.O=C(OCc1cccs1)c1cnn2c1n[n+]([O-])c1ccc(Cl)cc12,CHEMBL153881
DEC_3874,decoy,C#CC(C)Oc1ccc(S(=O)(=O)N(C)c2c(C)cc(Br)cc2C(=O)NO)cc1,CHEMBL19279
DEC_3231,decoy,Cc1ccc(SCc2cnc3nc(N)nc(N)c3n2)cc1,CHEMBL23425
DEC_0785,decoy,CCCC1OC(C#CC2CC2)(C(F)(F)F)c2cc(Cl)ccc2NC1=O,CHEMBL283630
DEC_4791,decoy,Cc1cccc(C#N)c1-c1cccc2c1-c1cccc3c1[C@@H](C2)N(C)CC3,CHEMBL28056
DEC_4515,decoy,N#C/C(=C\c1ccc(OCCCN2CCCCC2)cc1)c1noc2ccccc12,CHEMBL21127
DEC_2171,decoy,C/C=C(\NC(=O)C12CC3CC(CC(C3)C1)C2)C(=O)O,CHEMBL11917
DEC_3035,decoy,Cc1nnc2n1-c1sc(C#CCOc3ccccc3)cc1C(c1ccccc1Cl)=NC2,CHEMBL20163
DEC_4308,decoy,CO[C@H]1/C=C\C=C(/C)C(=O)NC2=CC(=O)C(NC(=O)c3cccs3)=C(C[C@@H](C)C[C@H](OC)[C@H](O)[C@@H](C)/C=C(\C)[C@@H]1OC(N)=O)C2=O,CHEMBL436584
DEC_0182,decoy,Nc1nc(N)c2c(n1)CCC(Cc1ccc(Cl)c(Cl)c1)C2,CHEMBL6971
DEC_4124,decoy,CCCCCCn1c(N)nc2c(O)nc(N)nc21,CHEMBL8587
DEC_2213,decoy,O=P(O)(O)C(F)(F)c1ccc(CC(C/C=C/c2ccccc2)(c2ccccc2)n2nnc3ccccc32)cc1,CHEMBL416145
DEC_3124,decoy,NCc1ccccc1.NS(=O)(=O)c1cc(S(=O)(=O)O)c(NCc2ccccc2)cc1Cl,CHEMBL276917
DEC_0416,decoy,COc1c(Cl)c(OCC(F)(F)F)nc(C(Cl)(Cl)Cl)c1Cl,CHEMBL11565
DEC_0898,decoy,CC(C)C[C@@H]1OC(=O)CCNC(=O)[C@@H](Cc2ccc(Cl)c(Cl)c2)NC(=O)/C=C/C[C@@H]([C@H](C)[C@H]2O[C@@H]2c2ccccc2)OC1=O,CHEMBL159668
DEC_1267,decoy,CCN(CC)C(=O)[C@@H]1C=C2c3cccc4[nH]cc(c34)C[C@H]2N(C(C)C)C1,CHEMBL22893
DEC_3123,decoy,Cc1nc(O)c2cc(CN(C)c3ccc(C(=O)N[C@H](CCC(=O)O)C(=O)O)s3)ccc2n1,CHEMBL290718
DEC_0108,decoy,CCCCCCCCCCCCCCC(C)(C)C(=O)Nc1c(OC)cc(OC)cc1OC,CHEMBL40547
ACT_088,active,O=S(=O)(Nc1cccc(Oc2ccc(F)cc2)c1)N1CCC(NCc2ccccc2O)CC1,CHEMBL197277
DEC_2346,decoy,CC1(C)Oc2cc([N+](=O)[O-])sc2[C@@H](N2CCCCC2=O)[C@@H]1O,CHEMBL281539
DEC_4317,decoy,CO[C@H]1/C=C\C=C(/C)C(=O)NC2=CC(=O)C(NCc3ccccc3)=C(C[C@@H](C)C[C@H](OC)[C@H](O)[C@@H](C)/C=C(\C)[C@@H]1OC(N)=O)C2=O,CHEMBL124755
DEC_2529,decoy,CNc1ccc(C2CCN(C3CCCCC3O)CC2)cc1,CHEMBL20491
DEC_0769,decoy,Cc1ccc(Sc2cncc3sc(CO)cc23)cc1,CHEMBL268530
DEC_2615,decoy,CCc1cc2c(s1)CN(CC)CC2c1ccc(C)cc1,CHEMBL15793
DEC_4786,decoy,COC(=O)C(Cc1ccccc1)NP(=O)(OCC1C=CC(n2cc(C)c(=O)[nH]c2=O)O1)Oc1ccccc1,CHEMBL48607
DEC_3634,decoy,Cc1cc(C)cc(-c2[nH]c3ccccc3c2CCNCc2ccccn2)c1,CHEMBL274441
DEC_3276,decoy,CCOC(=O)N[C@@H](c1ccncc1)[C@@H](O)C(=O)OC1CC2C(C)(C)C1(C)[C@@]13C[C@@H](C)c4ccccc4[C@@]21O3,CHEMBL32074
DEC_3374,decoy,CCc1c2c(nc3ccc(O)cc13)-c1cc3c(c(=O)n1C2)COC(=O)C3(O)CC,CHEMBL10206
DEC_0401,decoy,CCCC1CCC(N2CCC(N3C(=O)N(CC)[C@@H]4CCCC[C@H]43)CC2)CC1,CHEMBL282376
DEC_0678,decoy,CN1C(=O)CC[C@]2(C)C3CC[C@@]4(C)C(CC[C@@]4(O)C#CCCI)C3CCC12,CHEMBL273496
DEC_1031,decoy,C=C(C)CN1CCN(CC(C)C)C(C2=NCCN2)C1,CHEMBL446611
DEC_1531,decoy,O=c1cc(-c2cccc(C(F)(F)F)c2)oc(O)c1SCc1ccccc1,CHEMBL278499
DEC_0149,decoy,CCCCC[C@@H]1/C=C\C2C(=O)CC(O)[C@@H]2C/C=C\CCCC(=O)O1,CHEMBL276380
DEC_4134,decoy,N[C@H](C(=O)N1CCC(F)(F)C1)C1CCCCC1,CHEMBL280658
DEC_2542,decoy,CCCCc1nc(NCc2ccccc2)c2sccc2n1,CHEMBL30379
DEC_4052,decoy,CC(C)CCC[C@@H](C)[C@H]1CC[C@H]2[C@@H]3C[C@H](Br)[C@]4(Br)CC(=O)CC[C@]4(C)[C@H]3CC[C@]12C,CHEMBL70006
DEC_1405,decoy,CS(=O)(=O)c1ccc(C2=C(c3ccc(F)c(Cl)c3)C(=O)CC2)cc1,CHEMBL23808
DEC_4505,decoy,Cc1cccc(C)c1C(OCC(O)CN1C(C)CCCC1C)c1ccccc1,CHEMBL280478
DEC_0307,decoy,CC(C)Nc1nc(N2CCN(C)CC2)nc(Cl)c1Br,CHEMBL31950
DEC_1386,decoy,CCN(CC)C(=S)SC(C(=O)c1ccc(Br)cc1)=C1SCCCS1,CHEMBL35902
DEC_4487,decoy,C/N=c1\ccc(-c2ccc(N3CC(CNC(C)=O)OC3=O)cc2)ccc1O,CHEMBL6839
DEC_0868,decoy,Cn1cncc1C(OCc1nc(N2CCN(C(=O)OC(C)(C)C)CC2)c(C#N)cc1-c1cccc(Cl)c1)c1ccc(C#N)cc1,CHEMBL41936
DEC_1722,decoy,Cc1nnc2n1-c1sc(C#Cc3ccc4c(c3)CCC4)cc1C(c1ccccc1Cl)=NC2,CHEMBL284280
DEC_1717,decoy,COc1ccccc1CC(=N)N1CC2C(=O)CSC(c3ccccc3)(c3ccccc3)C2C1,CHEMBL288371
DEC_0790,decoy,CCCc1cc(=O)oc2c3c(c4c(c12)OC(C)(C)C=C4)O[C@H](CC)[C@H](C)[C@@H]3O,CHEMBL267208
DEC_1418,decoy,Clc1ccc(C2COC(Cn3ccnc3)(c3ccccc3Cl)O2)cc1,CHEMBL286748
DEC_4450,decoy,O=C(O)C1CC2CC(c3ccc(-c4nn[nH]n4)cc3)CCC2CN1,CHEMBL16303
DEC_0035,decoy,O=C(O)CN1CCC2(CCC(C(=O)N3CCC(C4CCCCC4)CC3)CC2)CC1,CHEMBL24671
DEC_1046,decoy,C=C(C)CN1CCN(CC(=C)C)C(C2=NCCN2)C1,CHEMBL290428
DEC_3979,decoy,COC(=O)c1ccc(N[C@@H]2c3c([nH]c4ccccc34)[C@@H](c3cc(OC)c(O)c(OC)c3)N3C(=O)OC[C@H]23)cc1,CHEMBL71196
DEC_2422,decoy,Cc1ccc2c(CC(C)NCC(O)c3cccc(Cl)c3)c[nH]c2c1,CHEMBL25724
DEC_1905,decoy,c1ccc(CCNC2c3ccccc3Oc3ccccc32)nc1,CHEMBL20935
DEC_3315,decoy,CC(CN(C)C)c1nnc2n1-c1ccc(Cl)cc1C(c1ccccc1)=NC2,CHEMBL274263
DEC_0306,decoy,O=C1CCc2cc3c(c4c5cc6c(cc5n1c24)OCO6)CCNC3,CHEMBL280675
DEC_2583,decoy,CCCCCc1cc(O)c2c(c1)OC(C)(C)[C@@H]1CCC(CNC)CC21,CHEMBL28077
DEC_3936,decoy,O=C(NCCCOc1ccc2nc(O)ccc2c1)N(C1CC1)[C@H]1CCCC[C@H]1O,CHEMBL32617
DEC_4097,decoy,CC(/C=N/N=C(\S)N(C)C)=N\N=C(\N)S,CHEMBL30049
DEC_3859,decoy,CCCCN(CC)c1nc(C)nc2c1nnn2-c1c(Br)cc(OC)cc1OC,CHEMBL9633
DEC_2877,decoy,Oc1nc2ccc(C#CCN3CCC(Cc4ccc(F)cc4)CC3)cc2o1,CHEMBL283753
DEC_2941,decoy,O=C(O)CCc1c(-c2ccccc2)ccc2c1CCC(NS(=O)(=O)c1ccc(Cl)cc1)C2,CHEMBL448096
DEC_2306,decoy,N[C@H](COCc1ccc(I)cc1)Cc1c[nH]cn1,CHEMBL416365
DEC_4773,decoy,O=C(CCCCC1SCC2NC(=O)NC21)Nc1cccc2c1CC(N1CCC(c3ccccc3)CC1)C(O)C2,CHEMBL20881
DEC_4203,decoy,CC1OC(SCCCc2ccc(C(F)(F)C(F)(F)c3ccccc3)cc2)C(O)C(O)C1O,CHEMBL17871
DEC_2753,decoy,CCC/N=C\C1=C(O)O[C@H](COC)[C@@]2(C)C1=C(O)C(=O)C1=C2[C@H](OC(C)=O)C[C@]2(C)C(=O)CC[C@@H]12,CHEMBL276384
DEC_2944,decoy,Cn1cc(C2=C(c3cn(CCCCCSC(=N)N)c4ccccc34)C(=O)NC2=O)c2ccccc21,CHEMBL6274
DEC_2647,decoy,C#C[C@]1(O)CCC(C2CCc3cc(OC)ccc3C2)C1(C)C,CHEMBL23683
DEC_1420,decoy,CCCCOc1nc(C(Cl)(Cl)Cl)c(Cl)c(OC)c1Cl,CHEMBL274164
DEC_1759,decoy,C1=C(c2ccc(CCc3ccccc3)cc2)N2CCCN=C2c2ccccc21,CHEMBL268462
DEC_1492,decoy,CSc1sc(C(=N)N)cc1-c1nc(-c2ccc3c(c2)OCO3)cs1,CHEMBL31967
DEC_0456,decoy,O=S(=O)([O-])Nc1ccc(-c2nc3ccccc3s2)cc1I.[Na+],CHEMBL12385
DEC_2102,decoy,NS(=O)(=O)OC[C@@]12CCCC[C@@H]1CCC2,CHEMBL26301
DEC_3837,decoy,O=S(=O)(c1ccccc1)N(Cc1c[nH]cn1)c1ccc(N2CCN(C(=S)Nc3ccccc3)CC2)cc1,CHEMBL286196
DEC_3829,decoy,O=C(CSc1cc(Cl)ccc1Cl)N[C@@H]1C(=O)N2C(C(=O)O)=C(COC(=O)c3ccccc3)CSC12,CHEMBL60629
DEC_0299,decoy,CSc1c(Cl)nc(N2CCN(C)CC2)nc1NC1CCCC1,CHEMBL284188
DEC_0376,decoy,O=C(O)c1c(=O)c2cc(F)c(N3CCNCC3)cc2n2ccsc12,CHEMBL28129
DEC_1918,decoy,CCCc1ccc(O)c(/C(=N/O)c2ccc(Cl)cc2)c1,CHEMBL25561
DEC_1147,decoy,Nc1nc(N)c2c(Cl)c(NC(=O)Cc3ccc4ccccc4c3)ccc2n1,CHEMBL7176
DEC_0053,decoy,C=C1/C(=C\C=C2/CCC[C@]3(C)C([C@H](C)CC#CC(C)(C)O)=CC[C@@H]23)C[C@@H](O)C[C@@H]1O,CHEMBL284121
DEC_0086,decoy,CC(C(=O)NCc1ccccc1)C1CCC2C3CC=C4CC(O)CCC4(C)C3CCC12C,CHEMBL269385
DEC_0473,decoy,C=C1/C(=C\C=C2/CCCC3(C)C2CCC3[C@@H](C)OCCCC(C)(C)O)C[C@@H](O)C[C@@H]1O,CHEMBL34066
DEC_0378,decoy,CCCCC(=O)OC1CCn2c1nc1c2C(=O)C(C)=C(NC(C)=O)C1=O,CHEMBL17762
DEC_1573,decoy,CC(=O)OCC1=C(C(=O)O)N2C(=O)[C@@H](NC(=O)CN(OCc3ccc(Cl)cc3)C(=O)NCc3ccccc3)C2SC1,CHEMBL8864
DEC_2560,decoy,CCCCCC#Cc1cc(O)c2c(c1)OC(C)(C)[C@@H]1CC=C(C)C[C@@H]21,CHEMBL279147
DEC_3752,decoy,C#CCO[C@]1(C)CCN2CC34CC5(C(=O)Nc6c5ccc5c6OC=CC(C)(C)O5)C(C)(C)C3CC21C(=O)N4C,CHEMBL40361
DEC_2772,decoy,CC1(C)NC(=O)N(C[C@@H](COc2ccc(-c3ccc(OC(F)(F)F)cc3)cc2)N(O)C=O)C1=O,CHEMBL40143
DEC_1802,decoy,CCCN(CCC)C(=O)C(Oc1cc(/C=C2\SC(=S)N(CC(=O)O)C2=O)ccc1OCCc1ccccc1)c1ccccc1,CHEMBL182291
DEC_3275,decoy,C=C1CCC2[C@](C)(CCC[C@]2(C)C(=O)OC)[C@H]1CCC12Cc3c(OC(C)=O)ccc(OC(C)=O)c3CC1O2,CHEMBL23985
DEC_2503,decoy,CCCC1Nc2cccc([C@@H]3C[C@H]3CNC(=O)CC)c2O1,CHEMBL276921
DEC_0159,decoy,CN(C=O)[C@H]1CCC2C3CC[C@H]4N(C)C(=O)C=C[C@]4(C)C3CC[C@@]21C,CHEMBL17025
DEC_2553,decoy,Oc1ccc(/C(=C(/c2ccc(O)cc2)C(F)(F)F)C(F)(F)F)cc1,CHEMBL6790
DEC_0807,decoy,CCCc1cc(=O)oc2c3c(c4c(c12)OC(C)(C)C=C4)O[C@H](C)[C@@H](C)[C@@H]3O,CHEMBL267447
DEC_2399,decoy,CC(=O)O[C@]1(C(C)=O)CCC2C3C[C@H](C)C4=CC(=O)CCC4(C)C3CCC21C,CHEMBL287148
DEC_1244,decoy,CC[C@@H]1Cc2cc3c(C(F)(F)F)cc(O)nc3cc2N[C@@H]1C,CHEMBL266269
DEC_2200,decoy,CC(C(=O)O)c1cc(I)c(Oc2ccc(O)c(I)c2)c(I)c1,CHEMBL357281
DEC_4002,decoy,CC(C)(C)C1CSC(C2=CC(=O)C=CC2=[N+]=[N-])SC1,CHEMBL31906
DEC_2438,decoy,OC(c1ccc(Cl)cc1)C(O)(Cn1ccnc1)c1ccc(Cl)cc1,CHEMBL267810
DEC_0003,decoy,O=S(=O)(OCCCl)c1c(Cl)c(Cl)c(Cl)c(Cl)c1Cl,CHEMBL280485
DEC_1832,decoy,CC(=O)N[C@H](C(=O)N[C@H](C(=O)C1C[C@H](Oc2cccnc2-c2ccsc2)C[C@H]1C(=O)CC1(C(=O)O)CC1)C(C)C)C1CCCCC1,CHEMBL436482
DEC_0858,decoy,Cc1cccc(C)c1C(=O)N1CCC(N2CCN([C@@H](C)c3ccc(S(=O)(=O)c4ccc5c(c4)OCO5)cc3)[C@@H](C)C2)CC1,CHEMBL70010
DEC_4262,decoy,CC1(C)C=C(C(=O)NCCCNCc2cccc(O)c2)C(C)(C)N1,CHEMBL15737
DEC_4622,decoy,CC1(C)C2CC1[C@]1(C)OB([C@H](CCCN=C(N)N)NC(=O)c3ccc(-c4ccccc4)c([N+](=O)[O-])c3)O[C@@H]1C2,CHEMBL263204
DEC_1422,decoy,CCN(CC)C(=S)SC(C(=O)c1ccc(Cl)cc1)=C1SCCS1,CHEMBL36233
DEC_2516,decoy,CC(C)(C)C1CCC(NC(=O)N(CCCl)N=O)CC1,CHEMBL12827
DEC_3269,decoy,COc1cc2c(c(OC)c1OC)-c1ccc(SC)c(=O)cc1[C@@H](NC(=O)C13CCC(C)(C(=O)O1)C3(C)C)CC2,CHEMBL300878
DEC_1461,decoy,C=C1C[C@@]23O[C@]2(c2ccccc21)C1CC(OC(=O)[C@H](O)[C@@H](NC(=O)OCC)c2ccc(C)cc2)C3(C)C1(C)C,CHEMBL280644
DEC_2295,decoy,Cc1noc(C)c1C(c1ccc(C(C)C)cc1)N1CCN(CCO)CC1,CHEMBL21638
DEC_3998,decoy,CNC(=O)c1cccc2c(Nc3ccc(NS(C)(=O)=O)cc3OC)c3ccc(Cl)cc3nc12,CHEMBL297397
DEC_4283,decoy,N[C@@H](CS)C(=O)Nc1cccc(Oc2cccc(C(=O)O)c2)c1,CHEMBL27407
DEC_2968,decoy,O=C(Nc1nccs1)c1c(C(F)(F)F)nc2c([S+]([O-])C(F)(F)F)cccc2c1O,CHEMBL430546
DEC_4190,decoy,CCOC(=O)C1(CCCc2ccc(Cl)cc2)OC12CCCCC2,CHEMBL14738
DEC_1410,decoy,CN(C)CCOc1ccccc1/C=C(\C#N)c1noc2ccc(Cl)cc12,CHEMBL284021
DEC_1763,decoy,C=C(c1cc(Cl)ccc1OC(C)c1cccc(Cl)c1)n1ccnc1,CHEMBL26992
DEC_0407,decoy,CC(C)(C)NC(=O)[C@H]1CC[C@H]2[C@@H]3CC[C@H]4NC(=O)C=C[C@]4(C)[C@H]3CC[C@]12C,CHEMBL710
DEC_2098,decoy,CC1(C)S[C@@H]2[C@@H](S)C(=O)N2[C@H]1C(=O)O,CHEMBL24275
DEC_4637,decoy,COc1ccc(C2(O)OC(=O)C(c3cc(OC)c4c(c3)OCO4)=C2Cc2cc(OC)c(OC)c(OC)c2)cc1,CHEMBL10781
ACT_058,active,CC(=O)Nc1c(C(C)=O)c(=O)n(C)c2nc(-c3ccc(Cl)cc3Cl)c(-c3ccc(Cl)cc3)cc12,CHEMBL204232
DEC_1517,decoy,CCC(C)(O)C#Cc1nc(Nc2cccc(Cl)c2)c2ncn(C(C)C)c2n1,CHEMBL282193
DEC_3139,decoy,OCCN(CCO)Cc1c[nH]c2cc3ncnc(Nc4cccc(Br)c4)c3cc12,CHEMBL36164
DEC_4008,decoy,CCCCCCc1nc2c([nH]1)N1CC(C)(C)N=C1N(C)C2=O,CHEMBL416541
DEC_3826,decoy,Nc1cccc(Cn2c3c(c4ccccc42)C[C@@]2(O)[C@H]4Cc5ccc(O)c6c5[C@@]2(CCN4CC2CC2)[C@H]3O6)c1,CHEMBL59475
DEC_4654,decoy,O=C1c2ccccc2CCCN1CCN1CCC(c2c[nH]c3ccccc23)CC1,CHEMBL267062
DEC_3770,decoy,CC(=O)OCC(=O)[C@@]1(OC(=O)c2ccco2)[C@H](C)CC2C3C[C@H](F)C4=CC(=O)C=CC4(C)C3C(O)CC21C,CHEMBL41846
DEC_3365,decoy,Cc1c(F)c(N2CCNCC2)c(Cl)c2c1c(=O)c(C(=O)O)cn2C1CC1,CHEMBL16159
DEC_1528,decoy,Oc1nc2cc(C#CCN3CCC(CCc4ccc(F)cc4)CC3)ccc2[nH]1,CHEMBL19945
DEC_3845,decoy,C=C1C[C@@]23O[C@]2(c2ccccc21)C1CC(OC(=O)[C@H](O)[C@@H](NC(=O)NCC)c2ccccc2)C3(C)C1(C)C,CHEMBL32245
DEC_2867,decoy,O=C(/C=C/c1ccccc1)n1c(=O)oc2c3ncccc3c(Cl)cc21,CHEMBL22143
DEC_2671,decoy,Cc1cc(C(c2ccccc2OC(C)C)N2CCN(C)CC2)sn1,CHEMBL25392
DEC_3424,decoy,C=C(C)[C@]12C[C@@H](C)[C@@]34O[C@](Cc5ccccc5)(O[C@@H]1[C@@H]3C=C(COC(=O)Cc1ccc(O)c(OC)c1)C[C@]1(O)C(=O)C(C)=C[C@@H]41)O2,CHEMBL17976
DEC_0825,decoy,C=C1[C@@H](OC(=O)CCC2CCCCC2)CC[C@@]2(C)[C@@H](OC(C)=O)[C@H](OC(C)=O)C3=C(C)C(=O)C[C@@H]([C@@H](OC(C)=O)[C@H]12)C3(C)C,CHEMBL116527
DEC_2990,decoy,O=c1c2c(oc(O)c1C(c1cccc(NS(=O)(=O)c3cscn3)c1)C1CC1)CCCCCC2,CHEMBL278687
DEC_0477,decoy,CC(C)Cc1ccc(CCn2ncc3c2nc(N)n2nc(-c4ccco4)nc32)cc1,CHEMBL17013
DEC_0209,decoy,c1ccc(-c2[nH]c3ccccc3c2CCC2CCNCC2)cc1,CHEMBL24783
DEC_1819,decoy,CC(C)c1cc(C(C)C)c(S(=O)(=O)N[C@H](C(=O)N2CCCC2C(=O)NC(C(=O)C(F)(F)F)C(C)C)C(C)C)c(C(C)C)c1,CHEMBL55386
DEC_0372,decoy,CCc1c2c(nc3cnccc13)-c1cc3c(c(=O)n1C2)COC(=O)[C@]3(O)CC,CHEMBL12926
DEC_3195,decoy,CCCc1nc2c(n1Cc1ccc(-c3ccccc3-c3nn[nH]n3)cc1)/C(=C/C(=O)O)CCCC2,CHEMBL42995
DEC_1288,decoy,C=C(CC[C@H](O)[C@@]1(C)CC[C@H](C(C)(C)O)O1)[C@H]1CC[C@H]2O[C@@H]([C@]3(C)CC[C@](OC)(C(C)C)O3)CC[C@]2(C)O1,CHEMBL279258
DEC_3466,decoy,Cc1cc2c(nc1C)CN[C@@H]1CCc3cc(O)c(O)cc3[C@@H]21,CHEMBL284959
DEC_2958,decoy,O=C(Nc1ccc(Cl)c(Cl)c1)[C@H]1[C@H](c2ccccc2)O[C@@]23[C@H](O)c4ccccc4[C@@H]2OC(=O)[C@@H]13,CHEMBL284654
DEC_4271,decoy,CC1(C)C=C(C(=O)NCCCNCc2ccccc2O)C(C)(C)N1,CHEMBL15397
DEC_3204,decoy,O=NN(CCCl)C(=O)NC1C2CC3CC(C2)CC1C3,CHEMBL12424
DEC_4684,decoy,Cc1nc(NS(=O)(=O)c2cccc3c(N(C)C)cccc23)ccc1Br,CHEMBL6566
DEC_4461,decoy,CCn1cc(C(=O)O)c(=O)c2c(F)c(F)c(N3CCN(C)CC3)c(F)c21,CHEMBL25569
DEC_3644,decoy,CCC(C)(O)C#Cc1nc(Nc2ccccc2)c2ncn(C(C)C)c2n1,CHEMBL284899
DEC_0953,decoy,CC(C)=CC[C@@H](OC(=O)CCl)C1=CC(=O)c2c(O)ccc(O)c2C1=O,CHEMBL8834
DEC_0574,decoy,C[C@@H]([C@@H](O)c1ccc(O)cc1)N1CCC(O)(c2ccccc2)CC1,CHEMBL17350
DEC_3302,decoy,O=C1COC(C#Cc2ccoc2)(C(F)(F)F)c2cc(Cl)ccc2N1,CHEMBL31455
DEC_1017,decoy,C=CCC1(C(C)CCC)C(=O)NC(=S)NC1=O,CHEMBL440
DEC_3891,decoy,CCNCC1CCN(c2c(F)cc3c(=O)c(C(=O)O)cn(CC(F)(F)F)c3c2F)C1,CHEMBL265663
DEC_1956,decoy,Cc1cc2c(cc1CC(=O)c1sccc1S(=O)(=O)Nc1onc(C)c1Cl)OCO2,CHEMBL282724
DEC_4426,decoy,Cc1cc(C)cc(NC(=O)Cc2ccc(OC3(C(=O)NCC(=O)O)CCCC3)cc2)c1,CHEMBL18337
DEC_1399,decoy,O=C1O[C@H](c2ccc(Cl)cc2)[C@@](Cn2cncn2)(c2ccc(Cl)cc2)O1,CHEMBL10531
DEC_3996,decoy,N/C(=N\c1ccc(Cl)cc1)Nc1nc(Nc2ccc(O)c(CN3CCCC3)c2)cc(C(F)(F)F)n1,CHEMBL22771
DEC_2110,decoy,O=NN(CCF)C(=O)NC1CCCCC1O,CHEMBL448469
DEC_3122,decoy,COC(=O)c1ccccc1OCC(O)CNCCNc1cc(Cl)c2ccccc2c1O,CHEMBL13198
DEC_0442,decoy,CC(=O)[O-].CCn1c(=O)/c(=C2\Sc3ccccc3N2C)s/c1=C\C1=[N+](CC)CCS1,CHEMBL33502
DEC_0723,decoy,CC1(C)CCCCC12OOC1(CCCCC1(C)C)OO2,CHEMBL283998
DEC_0620,decoy,C=CCC1Oc2cccc(OC(F)F)c2-c2ccc3c(c21)C(C)=CC(C)(C)N3,CHEMBL267231
DEC_4568,decoy,CCCCc1nc2cc(C3=NN(Cc4ccc(-c5ccccc5-c5nn[nH]n5)cc4)C(=O)CC3C)ccc2[nH]1,CHEMBL26449
DEC_2962,decoy,CC(C)C(c1cccc(NS(=O)(=O)c2cn(C)cn2)c1)c1c(O)c2c(oc1=O)CCCCCC2,CHEMBL16856
DEC_4767,decoy,O=C(O)C[C@H](NC(=O)Cn1c(C2CC2)c(Cl)nc(NCc2ccc3c(n2)NCCC3)c1=O)c1cccnc1,CHEMBL54148
DEC_4353,decoy,CC12C=CC(=O)C=C1C=CC1C2CCC2(C)C1CCC21CCC(=O)O1,CHEMBL13148
DEC_4016,decoy,CC(C)Cc1noc2c(Cl)c3c(cc12)CC(C(=O)O)O3,CHEMBL9350
DEC_0270,decoy,CCCCc1nc2c(=O)[nH][nH]c(=O)c2n1Cc1ccc(-c2ccccc2-c2nn[nH]n2)cc1,CHEMBL267056
DEC_0439,decoy,CC(=O)[O-].CCn1c(=O)/c(=C2\Sc3ccccc3N2C)s/c1=C\c1cccc[n+]1CC,CHEMBL30428
DEC_2900,decoy,CCOC(=O)Cc1nc(-c2ccc(Cl)cc2)oc1-c1ccco1,CHEMBL19497
DEC_1395,decoy,C=CCN1CCN(C(c2ccccc2)c2ccc(-c3cccs3)cc2)CC1,CHEMBL24927
DEC_2274,decoy,CN1CCN(c2nc(Cl)c(Br)c(NC3CCCC3)n2)CC1,CHEMBL31996
DEC_0037,decoy,CCN(CC1CC1)c1nc(C)nc(Nc2c(Cl)cc(Cl)cc2Cl)c1C,CHEMBL10154
DEC_4817,decoy,COc1c2c(cc(O)c1-c1ccc(-c3ccccc3)cc1)OCO2,CHEMBL267296
DEC_3131,decoy,C#CCN(Cc1ccc2nc(C)nc(O)c2c1)c1ccc(C(=O)NC(CCC(=O)O)C(=O)O)cc1,CHEMBL25889
DEC_1166,decoy,CN(C)c1ccc2c(c1)CN1CC(=O)NC1=N2,CHEMBL32455
DEC_0062,decoy,C[C@@H]1C(=O)C(C)(C)Nc2ccc3c(c21)[C@H](c1cccc(C(F)(F)F)c1)Oc1ccccc1-3,CHEMBL36065
DEC_2548,decoy,CCCCCc1cc(O)c2c(c1)OC(C)(C)[C@@H]1C[C@H](O)[C@H](C)CC21,CHEMBL10681
DEC_2471,decoy,Oc1ccc2c3c1OC1[C@H]4OC[C@@]4(CCCc4ccccc4)CC4C(C2)N(CC2CC2)CCC341,CHEMBL441761
DEC_3810,decoy,C=C1C[C@@]23O[C@]2(c2ccccc21)C1CC(OC(=O)[C@H](O)[C@@H](NC(=O)OCC)c2ccc(O)cc2)C3(C)C1(C)C,CHEMBL32846
DEC_0298,decoy,COCCN1C(=O)N(c2ccc(C#N)c(C(F)(F)F)c2)C(=O)C1(C)C,CHEMBL432658
DEC_4752,decoy,CCc1c(O)cccc1C(=O)N[C@@H](Cc1ccccc1)[C@H](O)C(=O)N1CSC(C)(C)[C@H]1C(=O)NC(C)(C)C,CHEMBL300257
DEC_0461,decoy,COc1cc2nc(N3CCN(S(=O)(=O)c4ccc(C)cc4)CC3)nc(N)c2cc1OC,CHEMBL415285
DEC_3334,decoy,CC(C)CCN(C1=NCCN1)c1c(Br)cccc1Br,CHEMBL20907
DEC_4181,decoy,Cc1cccc(S(=O)(=O)N2CCC[C@@H]2CCN2CCC(C)CC2)c1,CHEMBL12624
DEC_2601,decoy,CC(/C=C/C(=O)C1=C(O)C(C)N(C)C1=O)=C\c1ccc2ccccc2c1,CHEMBL10277
DEC_3044,decoy,O=C1CC2(CCCC2)CCN1OCCCN1CCN(c2nsc3ccccc23)CC1,CHEMBL269176
DEC_2853,decoy,CN1CCN(c2ncc(-c3cc(Cl)cc(Cl)c3Cl)c(N)n2)CC1,CHEMBL28854
DEC_2995,decoy,CC1(c2cccc(O)c2)c2cc(C(=O)O)sc2C(=O)c2c1c1ccccc1n2Cc1ccccc1,CHEMBL280275
DEC_2677,decoy,CC(=O)C1(O)CCC2C3CCC4=CC(=O)CCC4(C)C3CCC21C,CHEMBL285584
DEC_0927,decoy,CC(/N=c1\c(O)c(O)\c1=N/[C@H](C)C(C)(C)C)c1ccc(C#N)cc1,CHEMBL280209
DEC_2444,decoy,C[C@@H](Cc1ccc(I)cc1)NCCCc1ccccc1,CHEMBL19803
DEC_0679,decoy,CCc1cc2c3c(cc[n+]2nc1CC)[nH]c1ccccc13.Cc1cc(C)c(S(=O)(=O)[O-])c(C)c1,CHEMBL32587
DEC_2508,decoy,CCCCc1nc(NCC2CCCCC2)c2sccc2n1,CHEMBL31439
DEC_0798,decoy,CC(C)N1C(S)=NC(c2cccc([N+](=O)[O-])c2)c2cc3c(cc21)OCO3,CHEMBL13552
DEC_1344,decoy,CC(C)(C)C1=CC(=C/C=C/c2cc(C(C)(C)C)[o+]c(C(C)(C)C)c2)C=C(C(C)(C)C)O1.[Cl-],CHEMBL429561
DEC_3185,decoy,Cc1c(/C=C/CN2CCCC2)nc(O)c2c1ccc1nc(Nc3c(Cl)cccc3Cl)n(C)c12,CHEMBL432089
DEC_2387,decoy,CN(C)CCC1=C(c2ccc(C(C)(C)C)cc2)N2CCCN=C2c2ccccc21,CHEMBL427636
DEC_0843,decoy,Cc1cc(=O)oc2c3c(ccc12)OC(C)(C)[C@H](OC(=O)C12CCC(C)(C(=O)O1)C2(C)C)[C@@H]3OC(=O)C12CC3CC(CC(C3)C1)C2,CHEMBL330107
DEC_3173,decoy,O=C1CCCN1CCOc1ccc(C2Oc3cc(O)ccc3-c3sc4cc(O)ccc4c32)cc1,CHEMBL24597
DEC_3078,decoy,COc1ccc(C(c2ccc(C(C)C)cc(S)c2=O)c2ccc(C(C)C)cc(S)c2=O)cc1,CHEMBL21783
DEC_1073,decoy,COc1cccc2c1CC[C@H]1CN(CCn3c(=O)[nH]c4c(sc5ncc(-c6ccccc6)nc54)c3=O)C[C@@H]21,CHEMBL43909
DEC_4661,decoy,CC(C)(C#Cc1ccc2[nH]c(O)nc2c1)N1CCC(Cc2ccc(F)cc2)CC1,CHEMBL19929
DEC_3604,decoy,CONC1=NC(=O)/C(=C/c2cc(C(C)C)c(O)c(C(C)C)c2)S1,CHEMBL276506
DEC_3312,decoy,CC1(C)C=C(n2ccccc2=O)c2cc(S(=O)(=O)c3ccccc3)ccc2O1,CHEMBL12138
DEC_1935,decoy,CN1C2CCC1[C@H](C(O)C(F)(F)F)[C@@H](c1ccc(Cl)cc1)C2,CHEMBL285342
DEC_2953,decoy,Cc1cc(CC#N)cc(-c2c(O)nc3cc(Cl)c([N+](=O)[O-])cc3c2OCCC2CCCCN2)c1,CHEMBL298278
DEC_2384,decoy,CCc1cccc(C(C)C)c1Nc1cc2n(c(=O)n1)CCc1cc(OC)c(OC)cc1-2,CHEMBL286817
DEC_4142,decoy,CC(/C=C/C(O)=C1\C(=O)CN(C)C1=O)=C\C(C)C,CHEMBL274790
DEC_4819,decoy,Cc1ccc(-c2cc(O)c(Sc3ccccc3C(C)C)c(=O)o2)cc1,CHEMBL12257
DEC_3894,decoy,CCCc1cc(S(C)(=O)=O)cc(=O)n1Cc1ccc(-c2ccccc2-c2nn[nH]n2)cc1,CHEMBL279985
DEC_3088,decoy,CCN(CC)Cc1cc(Nc2cc(C(F)(F)F)nc(/N=C(\N)Nc3ccc(OC)cc3)n2)ccc1OC,CHEMBL22291
DEC_2710,decoy,CCCNC(=O)[C@]12CCC(C)(C)CC1C1C(=O)C=C3[C@@]4(C)C=C(C#N)C(=O)C(C)(C)[C@@H]4CC[C@@]3(C)[C@]1(C)CC2,CHEMBL268391
DEC_3444,decoy,CCCCc1nc(Sc2ccccc2)c(C=O)n1Cc1ccc2c(c1)C1c3ccccc3C2C(c2nn[nH]n2)C1c1nn[nH]n1,CHEMBL311516
DEC_3796,decoy,O=S(=O)(NS(=O)(=O)N1CCc2ccc(Cl)c(Cl)c2C1)N1CCc2ccc(Cl)c(Cl)c2C1,CHEMBL281151
ACT_034,active,Cn1ncc(C(=O)NCc2ccc(C(=O)N[C@@H](CCC3CCCCC3)C(=O)NC3CCCN(S(C)(=O)=O)C3)cc2)c1N,CHEMBL5094236
DEC_1025,decoy,O=NN(CCCl)C(=O)NC1CSCSC1,CHEMBL12689
DEC_1522,decoy,CC1CC(Cc2ccc(F)cc2)CC(C)N1CC#Cc1ccc2[nH]c(O)nc2c1,CHEMBL19769
DEC_2597,decoy,NCc1ccc2[nH]c(C(Cc3ccccc3F)c3ccccc3F)cc2c1,CHEMBL27037
DEC_3300,decoy,Cc1ccc(S(=O)(=O)C2(CC#Cc3cc(C(F)(F)F)cc(C(F)(F)F)c3)SC(=O)NC2=O)cc1,CHEMBL268487
ACT_090,active,CNC(=O)[C@H](Cc1ccc2c(c1)COC(C)(C)O2)Nc1nc(O)nc(-n2cnc3cc(C(=O)N4CCCc5ccccc54)ccc32)n1,CHEMBL1213156
DEC_1110,decoy,CCC(C)c1ccc2c(c1)-c1oc(C(=O)O)cc(=O)c1CS2.NCCO,CHEMBL28840
DEC_4446,decoy,O=C(O)[C@@H]1C[C@H]2C[C@@H](c3csc(-c4nn[nH]n4)c3)CC[C@H]2CN1,CHEMBL16261
DEC_1112,decoy,CCCCc1ccc2c(c1)-c1nc(C(=O)O)cc(O)c1CS2.NCCO,CHEMBL282108
DEC_2255,decoy,Cc1cnsc1C(c1ccc(CC(C)C)cc1)N1CCN(CCO)CC1,CHEMBL279713
DEC_1371,decoy,COC(=O)[C@]12CCC(C)(C)CC1C1=CC[C@@H]3[C@@]4(C)C=C(C=O)C(=O)C(C)(C)[C@@H]4CC[C@@]3(C)[C@]1(C)CC2,CHEMBL57441
DEC_3902,decoy,NCCN(CCN)CCNC1CCCCCCCCCCCCCCC1,CHEMBL21667
DEC_1463,decoy,CC(=O)O[C@@H](C[C@@H](C)[C@]12O[C@H]1C[C@@]1(C)C2=CC(=O)C2[C@@]3(C)CCC(=O)C(C)(C)C3CC[C@@]21C)[C@H]1OC1(C)C,CHEMBL274783
DEC_0872,decoy,CC(C)(O)[C@H]1CC[C@](C)([C@@H](O)CC[C@](O)(CO)C2=CC[C@H]3O[C@@H]([C@]4(C)CC[C@@H](Br)C(C)(C)O4)CC[C@]3(C)O2)O1,CHEMBL23732
DEC_0337,decoy,CCNS(=O)(=O)OC[C@@]12OC[C@H]3OC(C)(C)O[C@H]3[C@@H]1OC(C)(C)O2,CHEMBL281234
DEC_1880,decoy,O=[N+]([O-])c1c(F)cccc1Oc1cccc(N(Cc2cccc(OC(F)(F)C(F)F)c2)CC(O)C(F)(F)F)c1,CHEMBL305995
DEC_4335,decoy,CC(C)[C@@H]1[C@H](OC(=O)N[C@@H](Cc2ccccc2)[C@H](O)CN2C[C@H]3CCS[C@H]3C[C@H]2C(=O)NC(C)(C)C)CCS1(=O)=O,CHEMBL316718
DEC_4788,decoy,CCCC1=C(C(=O)OCc2ccc(C(=O)N(C)CCN3CCCCC3)cc2)C(c2cccc(C)c2)NC(=O)N1,CHEMBL15600
DEC_0716,decoy,O=C1NC(=O)C(CC#Cc2ccc(Br)cc2)(S(=O)(=O)c2ccc(F)cc2)S1,CHEMBL11965
DEC_1138,decoy,Cc1c(NC(=O)CSc2ccc3ccccc3c2)ccc2nc(N)nc(N)c12,CHEMBL269357
DEC_4811,decoy,CC1(C)OC(S)=Nc2ccc(-c3ccc(F)c(Cl)c3)cc21,CHEMBL25037
DEC_3866,decoy,CCCCn1c(=O)c2c(ncn2S(=O)(=O)c2ccc(C(C)(C)C)cc2)n(CCCC)c1=O,CHEMBL20427
DEC_0925,decoy,Cc1ccc(/N=C/C2=C3NC=C(C(=O)O)C(=O)N3C(C)CC2)cc1,CHEMBL22686
DEC_2728,decoy,CC(C)n1nc(-c2cccc(C(F)(F)F)c2)c2c1/C(=C/c1cccc(C(F)(F)F)c1)CS(=O)(=O)C2,CHEMBL285055
DEC_4184,decoy,CCCC(=O)NCCc1c2n(c3ccccc13)CCc1ccccc1-2,CHEMBL9605
DEC_2518,decoy,CCC[C@H](N)[C@H]1COC(c2ccccc2)(c2ccccc2)O1,CHEMBL424408
DEC_1126,decoy,Oc1nc2cc(C#CCN3CCC(O)(Cc4ccc(F)cc4)CC3)ccc2[nH]1,CHEMBL19576
DEC_2307,decoy,CC(/N=c1\c(O)c(O)\c1=N/CCc1ccc(C#N)cc1)C(C)(C)C,CHEMBL19922
DEC_1316,decoy,COc1ccccc1COCCCOc1ccc([C@H]2CCNC[C@@H]2OCc2ccc3ccc(O)nc3c2)cc1,CHEMBL285046
DEC_1710,decoy,CC(=O)n1cc(C2=CCN(CCCN3c4cccc5cccc(c45)S3(=O)=O)CC2)c2ccccc21,CHEMBL279414
DEC_0203,decoy,CC(Cc1cccc(C(F)(F)F)c1)NCCCc1ccccc1,CHEMBL19841
DEC_0548,decoy,CC(=O)O[C@H]1c2ccc(CN(C)C)n2-c2cccc(Cl)c2S[C@H]1c1ccccc1,CHEMBL284195
DEC_2139,decoy,C[Si](C)(C)OC(C#N)C12CC3CC(CC(C3)C1)C2,CHEMBL429382
DEC_2676,decoy,C[C@]12CCC3C(CCC4=CC(=O)CC[C@]43C3CS3)C1CCC2=O,CHEMBL281433
DEC_1079,decoy,CC(=O)OC1CC(=O)N([C@H]2CC3CC[C@]2(CS(=O)(=O)N2CCC4(CCc5ccccc54)CC2)C3(C)C)C1=O,CHEMBL20002
DEC_3592,decoy,C=C(Cl)CN1C[C@H](OCC23C[C@@H]4[C@H](C)CC[C@H]4C4(C=O)CC2C=C(C(C)C)C34C(=O)O)O[C@H](C)[C@@H](OC)C1,CHEMBL44670
DEC_4824,decoy,CC(=O)SCC(=O)c1cc(C(C)(C)C)c2c(c1)C(C)(C)CO2,CHEMBL275799
DEC_3196,decoy,CCCc1nc2c(n1Cc1ccc(-c3ccccc3-c3nn[nH]n3)cc1)CCCC/C2=C\C(=O)O,CHEMBL46628
DEC_3582,decoy,CCCc1nc(C)n2nc(SCC(=O)OCC)nc2c1Cc1ccc(-c2ccccc2-c2nn[nH]n2)cc1,CHEMBL80161
ACT_039,active,CC(C)C[C@H](NCCCCCOc1cc(F)c(-n2c(N)c(C(=O)c3ccc(F)cc3F)ccc2=O)c(F)c1)C(=O)OC(C)(C)C,CHEMBL3911381
DEC_2632,decoy,CC(C)(Cl)CC(=O)c1cc(C(C)(C)C)c2c(c1)C(C)(C)CO2,CHEMBL14420
DEC_4279,decoy,Nc1ccc2cc(C(=O)NCc3ccc(C(=O)NO)cc3)ccc2c1,CHEMBL283931
DEC_1783,decoy,COc1ccc(C2Sc3ccc(C(F)(F)F)cc3-n3cccc3C2=O)cc1,CHEMBL32268
DEC_0941,decoy,O=C(/C=C/C(Br)=C/c1ccccc1)C1=C(O)CNC1=O,CHEMBL10893
DEC_2513,decoy,CCCC[C@]1(c2ccccc2)OC[C@H]([C@@H]2CCCCN2)O1,CHEMBL26985
DEC_4150,decoy,c1ccc(Cc2ccc(OCCn3cccc4ncnc3-4)cc2)cc1,CHEMBL14739
DEC_0852,decoy,CC[C@@]1(O)C(=O)OCc2c1cc1n(c2=O)Cc2c-1nc1ccccc1c2/C=N/OC(c1ccccc1)(c1ccccc1)c1ccccc1,CHEMBL418843
DEC_0487,decoy,CN(CCF)Cc1ccccc1Sc1ccc(I)cc1N,CHEMBL22643
DEC_2289,decoy,CC(C)c1ccc(C2=C(c3ccc(S(C)(=O)=O)cc3)C(C)(O)OC2=O)cc1,CHEMBL18867
DEC_3639,decoy,CCN(CC)CCNc1ccc(C)c2oc3ccc(O)cc3c(=O)c12,CHEMBL21441
DEC_1939,decoy,CCN(CC)CC#CCCC1(C2(O)c3ccccc3Oc3ccccc32)SCCCS1,CHEMBL40408
DEC_0887,decoy,CC(C)C[C@@H]1OC(=O)C(C)(C)CNC(=O)[C@@H](CCc2ccccc2)NC(=O)/C=C/C[C@@H]([C@H](C)[C@H]2O[C@@H]2c2ccccc2)OC1=O,CHEMBL88030
DEC_2699,decoy,Brc1ccccc1Oc1nc2ccccc2n2cncc12,CHEMBL287214
DEC_2439,decoy,CCCCCC(/C=C/C(O)=C1\C(=O)CN(C)C1=O)=C\c1ccccc1,CHEMBL10158
DEC_1467,decoy,CCCCC1N(Cc2ccc(-c3ccccc3-c3nn[nH]n3)cc2)C(=O)c2cc(C(C)(C)OC)ccc2N1C,CHEMBL15401
DEC_3467,decoy,Oc1cc2c(cc1O)[C@H]1c3cc4c(nc3CN[C@@H]1CC2)CCCC4,CHEMBL287513
DEC_2397,decoy,Cc1noc(NS(=O)(=O)c2cccc3c(N(C)C)cccc23)c1Cc1ccccc1,CHEMBL26203
DEC_0224,decoy,CCCCC(=O)c1cc(C(C)(C)C)c2c(c1)C(C)(C)CCN2C,CHEMBL15039
DEC_0618,decoy,Cc1cccc(C)c1NC(=O)C(C)NC(=O)C1=CC(C)(C)NC1(C)C,CHEMBL417992
DEC_0597,decoy,N=C(N)c1ccc(-c2ccc(-c3ccc(C(=N)N)cc3)o2)cc1,CHEMBL24057
DEC_0638,decoy,Oc1ccc(Cc2sc3ccccc3c2-c2ccc(-c3ccc(O)cc3)cc2)cc1,CHEMBL25995
DEC_3147,decoy,COc1cc(NC(=O)c2cccc(NC(=N)N)c2)ccc1CC(NC(=O)OC(C)C)C(=O)O,CHEMBL285950
DEC_2693,decoy,CN(C)CCSC1=Cc2ccccc2Sc2ccc(F)cc21,CHEMBL15607
DEC_4662,decoy,CN1C[C@H](CNC(=O)OCc2ccccc2)C[C@@H]2c3cccc4c3c(cn4C)C[C@H]21,CHEMBL19215
DEC_1588,decoy,COOC1(OOC(C)(C)OC)CCCCCCCCCCC1,CHEMBL27680
DEC_4545,decoy,CCOC(=O)N[C@@H](c1ccc(OC)cc1)[C@@H](O)C(=O)OC1CC2C(C)(C)C1(C)[C@@]13C[C@H](C)c4ccccc4[C@@]21O3,CHEMBL287102
DEC_0901,decoy,CC(C)C[C@@H]1OC(=O)C(C)(C)CNC(=O)[C@@H](Cc2ccc(N)cc2)NC(=O)/C=C/C[C@@H]([C@H](C)/C=C/c2ccccc2)OC1=O,CHEMBL89807
DEC_4361,decoy,Nc1nc(N)c2c(n1)CCC(Cc1ccc(OC(F)(F)F)cc1)C2,CHEMBL7062
DEC_1665,decoy,c1ccc(NNC2c3ccccc3Oc3ccccc32)nc1,CHEMBL20311
DEC_1436,decoy,COc1ccc2c(c1)OCC1c3cc(OC)c(OCc4ccccc4)cc3OC21,CHEMBL20543
DEC_1369,decoy,O=S1(=O)C/C(=C\c2ccc(Cl)cc2)C2=NN(c3ccccc3)C(c3ccc(Cl)cc3)C2C1,CHEMBL34428
DEC_1102,decoy,O=C(O)c1cn(C2CC2)c2cc(N3CCN(/C=C/CN4CCN(c5ccccc5F)CC4)CC3)c(F)cc2c1=O,CHEMBL63245
DEC_0130,decoy,CCCCCCCCCCCCCCCCNc1ccc(C(=O)OCC2COC(C)(C)O2)cc1,CHEMBL430715
DEC_3162,decoy,CN(C)CCOc1ccc(C(=O)c2c(-c3ccc(O)cc3)sc3cc(O)ccc23)cc1,CHEMBL10726
DEC_1229,decoy,Cc1ccc(CNC(=O)CCn2c3c(c4ccccc42)C(=O)CN2CCCCC32)o1,CHEMBL29364
DEC_0089,decoy,CC1(C)Nc2ccc3c(c2C(C)(C)C1=O)C(c1ccc(Cl)cc1)Oc1ccccc1-3,CHEMBL34589
DEC_3991,decoy,Cc1ccc(S(=O)(=O)NC[C@H]2CC[C@H](Nc3nc(Nc4ccccc4)c4ccccc4n3)CC2)cc1,CHEMBL17521
DEC_3601,decoy,CCCCOC(=O)Oc1cc(C)cc2c1C(=O)c1c(OC(=O)OCCCC)cc(OCCC)cc1C2=O,CHEMBL40840
DEC_1127,decoy,Cc1ccc(Cl)c2c1SCc1c(O)cc(C(=O)O)nc1-2.NCCO,CHEMBL29282
DEC_2743,decoy,CC(C)(C)c1cc(NC(=O)[C@H]2CCC3C4CNC5=CC(=O)CC[C@]5(C)C4CC[C@@]32C)cc(C(C)(C)C)c1,CHEMBL25516
DEC_0582,decoy,Oc1ccc2c(c1O)CC[C@@H](c1ccccc1)[C@@H]2C1=NCCN1,CHEMBL30380
DEC_1718,decoy,CCCN1N=C2/C(=C/c3ccc(Cl)cc3)CS(=O)(=O)CC2C1c1ccc(Cl)cc1,CHEMBL37222
DEC_3873,decoy,N#CN=C1N(CC2CC2)[C@H](Cc2ccccc2)[C@H](O)[C@@H](O)[C@@H](Cc2ccccc2)N1CC1CC1,CHEMBL36118
DEC_4488,decoy,O=Cc1ccn(-c2cc3c(cc2Cl)nc(O)n2nc(C(=O)O)cc32)c1,CHEMBL8829
DEC_2784,decoy,COc1cc2c(c(OC)c1OC)-c1ccc(SC)c(=O)cc1[C@@H](NCc1cccc([N+](=O)[O-])c1)CC2,CHEMBL417869
DEC_2496,decoy,CC(C)=CCC(OC(=O)COc1ccc2ccccc2c1)C1=CC(=O)c2c(O)ccc(O)c2C1=O,CHEMBL31952
DEC_3015,decoy,Cc1nnc2n1-c1sc(C#CCOc3cccnc3)cc1C(c1ccccc1Cl)=NC2,CHEMBL283339
DEC_0304,decoy,Cc1cc(C(c2ccccc2C(C)C)N2CCN(C)CC2)sn1,CHEMBL22741
DEC_1678,decoy,CC1CCNc2cc3nc(O)cc(C(F)(F)F)c3cc21,CHEMBL283449
DEC_0271,decoy,COc1ccc2c3c1OC1[C@H](O)[C@](CO)(CCCCc4ccccc4)CC4C(C2)N(C)CCC341,CHEMBL268196
DEC_2959,decoy,O=C(Nc1ccc(Cl)c(Cl)c1)[C@H]1[C@H]2C(=O)OC3c4ccccc4C(O)[C@]32O[C@H]1c1ccccc1,CHEMBL25737
DEC_0832,decoy,C=C1[C@@H](OC(=O)/C=C/c2ccccc2)C[C@H](OC(C)=O)[C@]2(C)[C@@H]1C[C@@H]1C[C@H](O)C(C)=C([C@@H](OC(C)=O)[C@@H]2OC(C)=O)C1(C)C,CHEMBL430558
DEC_1078,decoy,Cn1c2ccnc(NCc3ccccn3)c2c2ncnc(N3CCN(CCc4ccc(F)c(F)c4)CC3)c21,CHEMBL281326
DEC_3673,decoy,Cc1noc(NS(=O)(=O)c2ccccc2-c2ccc(-c3ncco3)cc2Cn2ccnc2)c1C,CHEMBL30009
DEC_2704,decoy,COC(=O)C12CCC(C)(C)CC1[C@]13O[C@H]1C[C@@H]1[C@@]4(C)CC[C@H](OC(C)=O)C(C)(C)[C@@H]4CC[C@@]1(C)[C@]3(C)CC2,CHEMBL55663
DEC_2486,decoy,COc1ccc(C(CCC(=O)O)O[C@@H]2O[C@@H]3OC4(C)CC[C@H]5[C@H](C)CCC([C@H]2C)C35OO4)cc1,CHEMBL30493
DEC_0862,decoy,CN1CCc2cccc3c2[C@H]1Cc1cccc(-c2c(OS(=O)(=O)C(F)(F)F)cccc2OS(=O)(=O)C(F)(F)F)c1-3,CHEMBL282413
DEC_0181,decoy,C=CCN1CCCC[C@H]1[C@H]1COC(c2ccccc2)(c2ccccc2)O1,CHEMBL27830
DEC_2430,decoy,C=C(C)c1cccc2c(S(=O)(=O)Nc3onc(C)c3C)cccc12,CHEMBL281942
DEC_0048,decoy,COc1c(C)c(C)c(O)c(C)c1CN(C)CCOc1cc(C)c(O)cc1C(C)C,CHEMBL25300
DEC_2117,decoy,Brc1noc(C2CN3CCC2CC3)n1,CHEMBL274687
DEC_3474,decoy,O[C@@H]1CC[C@H]2CN3CCc4cc5c(cc4[C@@H]3C[C@@H]2C1)OCO5,CHEMBL26156
DEC_4354,decoy,CC(=O)O[C@@H]1CC[C@@H]2CN3CCc4cc5c(cc4[C@@H]3C[C@@H]2C1)OCO5,CHEMBL29869
DEC_3011,decoy,O=C1CN2CCCCC2c2c1c1ccccc1n2CCCNS(=O)(=O)c1cccs1,CHEMBL418223
DEC_3535,decoy,COc1ccc([C@@H]2c3nc(NC(C)C)ccc3[C@H](c3ccc4c(c3)OCO4)[C@H]2C(=O)O)c(CC(C)CO)c1,CHEMBL288247
DEC_2844,decoy,Cc1cc(C)cc(-c2[nH]c3ccc(C(=O)O)cc3c2CCN(CCCCc2ccc(O)cc2)C(=O)OCc2ccccc2)c1,CHEMBL47921
DEC_2468,decoy,CCCSC1=NS(=O)(=O)c2ccccc2N1Cc1ccc(-c2ccccc2-c2nn[nH]n2)cc1,CHEMBL274887
DEC_1198,decoy,O=C(c1ccc(Br)cc1)c1ccc(C#CC2(O)CN3CCC2CC3)cc1,CHEMBL279749
DEC_3809,decoy,CC(C)c1ccc(S(=O)(=O)NC(=O)C(c2ccc3c(c2)OCO3)c2c[nH]c3cc(C(=O)O)ccc23)cc1,CHEMBL23752
DEC_1457,decoy,C=C1C[C@@]23O[C@]2(c2ccccc21)C1CC(OC(=O)[C@H](O)[C@@H](NC(=O)OCC)c2ccc(Cl)cc2)C3(C)C1(C)C,CHEMBL32620
DEC_4455,decoy,O=C(O)[C@@H]1C[C@H]2C[C@@H](Cc3ccc(-c4nn[nH]n4)cc3)CC[C@H]2CN1,CHEMBL417625
DEC_3420,decoy,CC(=O)O[C@H]1C[C@@H](C(=O)NC(Cc2c[nH]cn2)C(=O)OCc2ccccc2)[C@]2(C)CC[C@H]3C(=O)O[C@H](c4ccoc4)C[C@]3(C)[C@H]2C1=O,CHEMBL196097
DEC_2663,decoy,CC(=O)OC(C(C)=O)[C@@]12CCC[C@H]1[C@@H]1CCC3=CC(=O)CC[C@@H]3[C@H]1CC2,CHEMBL273571
DEC_3392,decoy,CC1CC/C(=N\Nc2ccc(Br)cc2)c2ncc(C(=O)O)c(=O)n21,CHEMBL15469
DEC_1246,decoy,CC[C@H]1Nc2cc3nc(O)cc(C(F)(F)F)c3cc2C[C@H]1C,CHEMBL7089
DEC_3389,decoy,Oc1cc2c(cc1F)[C@H](O)[C@H](N1CCC(O)(c3ccc(F)cc3)CC1)CO2,CHEMBL277787
DEC_0229,decoy,CCCCN1Cc2sccc2C(c2ccc(Cl)cc2)C1,CHEMBL277345
DEC_2562,decoy,CCC(c1ccc(O)cc1)C(CCBr)c1ccc(O)cc1,CHEMBL6876
DEC_4820,decoy,CN(C)CCCN1c2ccccc2Sc2ccc(C(F)(F)F)cc21,CHEMBL570
DEC_2738,decoy,CC(C)(C)c1ccc(/C=C2\CS(=O)(=O)CC3C2=NN(CC2CC2)C3c2ccc(C(C)(C)C)cc2)cc1,CHEMBL284499
DEC_2453,decoy,CO[C@H]1[C@@H]2O[C@@H]2[C@@H](OCC23C[C@@H]4[C@H](C)CC[C@H]4C4(C=O)CC2C=C(C(C)C)C34C(=O)O)O[C@@H]1C,CHEMBL29128
DEC_1287,decoy,CC(/C=C/C(=O)C1=C(O)CN(C)C1=O)=C\c1ccc(F)c2ccccc12,CHEMBL10746
DEC_4529,decoy,CCCC/N=C(\Nc1nnc(-c2ccccc2-c2ccccc2)s1)C(C)C,CHEMBL12278
DEC_3102,decoy,C=CCC(N)c1ccc([C@H]2C[C@H](SC3=C(C(=O)O)N4C(=O)[C@H]([C@@H](C)O)[C@H]4[C@H]3C)CN2)cc1,CHEMBL17606
DEC_1824,decoy,O=S(=O)(Nc1ccc(CCNC[C@H](O)c2cccnc2)cc1)c1ccc(-c2noc(Cc3ccc(OC(F)(F)F)cc3)n2)cc1,CHEMBL33292
DEC_0207,decoy,Cc1noc(C)c1C(=C1CCN(C)CC1)c1ccc(C(C)C)cc1,CHEMBL21468
DEC_0533,decoy,C=CCN1CCN(C2=Nc3ccc(Br)cc3CC=C2c2ccccc2)CC1,CHEMBL16719
DEC_4266,decoy,CC1(C)C=C(C(=O)NCCNCc2ccccc2O)C(C)(C)N1,CHEMBL15628
DEC_4206,decoy,CO[C@H](C#Cc1ccccc1)C(NS(=O)(=O)c1ccc(-c2ccc(SC)cc2)cc1)C(=O)O,CHEMBL10674
DEC_1580,decoy,CC(C)(C)NC(=O)[C@@H]1CN(Cc2cccnc2)CCN1C[C@@H](O)C[C@@H](Cc1ccncc1)C(=O)N[C@H]1c2ccccc2C[C@H]1O,CHEMBL313876
DEC_0491,decoy,COC1(c2cc(F)cc(Sc3ccc4c(c3)OCC/C4=N\O)c2)CCOCC1,CHEMBL24358
DEC_2860,decoy,O=C(O)Cc1nc(-c2cccc(C(F)(F)F)c2)oc1-c1ccco1,CHEMBL277666
ACT_063,active,N#Cc1cnc2c(Br)cc(NCc3c[nH]nn3)cc2c1Nc1ccc(F)c(Cl)c1,CHEMBL230232
DEC_1772,decoy,N#C/C(=C\c1cccc(OCCN2CCCCC2)c1)c1noc2ccccc12,CHEMBL279670
DEC_3630,decoy,Nc1nc(N)c2c(CSc3ccc(Cl)c(Cl)c3)c[nH]c2n1,CHEMBL17430
DEC_2055,decoy,CON(C)C(=O)c1cc2c(Sc3ccc(C)cc3)cncc2s1,CHEMBL6517
DEC_0309,decoy,CC1(O)OC(=O)C(c2ccsc2)=C1c1ccc(S(C)(=O)=O)cc1,CHEMBL19056
DEC_1704,decoy,Cc1nnc2n1-c1sc(C#CCn3cnc4ccccc43)cc1C(c1ccccc1Cl)=NC2,CHEMBL277029
DEC_3362,decoy,Cc1c(N2CC[C@@H](C3(N)CC3)C2)c(F)c(N)c2c(=O)c(C(=O)O)cn([C@@H]3C[C@@H]3F)c12,CHEMBL6894
DEC_3481,decoy,O=C1CN2Cc3cc(N4CCCCC4)c(Cl)cc3N=C2N1,CHEMBL31484
DEC_4269,decoy,O=C(CCc1cc(O)cc(O)c1)NCCc1ccc(O)c(O)c1,CHEMBL428345
DEC_3463,decoy,N#C[C@@H]1C[C@@H]2CN3CCc4cc5c(cc4[C@@H]3C[C@@H]2C[C@@H]1O)OCO5,CHEMBL286033
DEC_4060,decoy,COC(=O)C12CCC(C)(C)CC1C1=CC[C@@H]3[C@@]4(C)CC[C@H](OC(C)=O)C(C)(C)[C@@H]4CC[C@@]3(C)[C@]1(C)CC2,CHEMBL294661
DEC_2318,decoy,Cc1c(N2CC[C@H](N)C2)c(F)cn2c(=O)c(C(=O)O)cc(C3CCCC3)c12,CHEMBL279145
DEC_3855,decoy,N#Cc1cccnc1N1CCN(CCCCN2C(=O)CC3(CCCc4ccccc43)C2=O)CC1,CHEMBL285249
DEC_4500,decoy,CCc1cc(CCCOc2c(C)cc(-c3noc(C(F)(F)F)n3)cc2C)on1,CHEMBL285833
DEC_0418,decoy,CC(C)(C)NC(=O)[C@H]1CCC2C3CCC4=C(O)C(=O)CC[C@]4(C)C3CC[C@@]21C,CHEMBL36573
DEC_0052,decoy,C=C1/C(=C\C=C\C2CCCC([C@@H](C)CC#CC(C)(C)O)C2(C)C)C[C@@H](O)C[C@@H]1O,CHEMBL290789
DEC_3852,decoy,C=CCN1C[C@H](OCC23C[C@@H]4[C@H](C)CC[C@H]4C4(C=O)CC2C=C(C(C)C)[C@@]34C(=O)O)OC[C@H]1C,CHEMBL287434
DEC_1929,decoy,CCC1Cc2cc(O)ccc2C2=C1c1ccc(O)cc1CC2CC,CHEMBL414213
DEC_0524,decoy,COc1ccc2c3c1OC1[C@H]4OC[C@@]4(CCCc4ccccc4)CC4C(C2)N(C)CCC341,CHEMBL268464
DEC_2571,decoy,Brc1ccccc1Nc1nc2ccccc2n2cncc12,CHEMBL28916
DEC_3262,decoy,CCOC(=O)N[C@@H](c1ccc(F)cc1)[C@@H](O)C(=O)OC1CC2C(C)(C)C1(C)[C@@]13C[C@H](C)c4ccccc4[C@@]21O3,CHEMBL31829
DEC_3146,decoy,CNC(=O)c1cccc2c(Nc3ccc(NS(C)(=O)=O)cc3OC)c3ccc(N)cc3nc12,CHEMBL412435
DEC_2619,decoy,CC(=O)OCC(=O)c1cc(C(C)(C)C)c2c(c1)C(C)(C)CO2,CHEMBL13812
DEC_1482,decoy,CCCCc1nc(Cl)c(COC)n1Cc1ccc(N2C(=O)C3(C)CC(C)(C(=O)O)CC(C)(C3)C2=O)cc1,CHEMBL309954
DEC_1462,decoy,Cc1ccsc1C(c1ccccc1Br)N1CCN(c2ncnc3c2cnn3-c2ccccc2)CC1,CHEMBL83661
DEC_3224,decoy,C=C1C(=O)O[C@@H]2CC(C)=C([C@@H](C)CCCOC(C)=O)[C@H](O)[C@H]12,CHEMBL274543
DEC_3642,decoy,N#Cc1ccc(S(=O)(=O)Nc2ccc(Cl)c3cc[nH]c23)cc1,CHEMBL20813
DEC_2789,decoy,CC(=O)OCC1=C[C@H]2[C@@H]3C(C)(C)[C@]3(OC(=O)Cc3ccccc3)C[C@@H](C)[C@]2(O)C2C=C(C)C(=O)[C@@]2(O)C1,CHEMBL268915
DEC_1838,decoy,C=C(C=O)[C@@H]1C[C@@]2(C)C(=CC1=O)[C@H](OC(=O)/C(C)=C/C(C)CCCC)CC[C@@H]2C(=O)ON[C@H](C(=O)OC)c1ccccc1,CHEMBL80259
DEC_2951,decoy,Cn1cc(C2=C(c3cn(CCCCSC(=N)N)c4ccccc34)C(=O)NC2=O)c2ccccc21,CHEMBL268888
DEC_4333,decoy,CO[C@@H]1[C@@H](OC(=O)c2ccc(C)[nH]2)[C@@H](O)[C@H](Oc2ccc3c(OCCN4CCN(C)CC4)c(Cl)c(=O)oc3c2C)OC1(C)C,CHEMBL431823
DEC_0079,decoy,CC(C)(C)c1cc2n(n1)C(c1ccc(F)c(Br)c1)C1=C(O)CCCC1=N2,CHEMBL35304
DEC_1583,decoy,CC(=O)OCC1=C(C(=O)O)N2C(=O)[C@@H](NC(=O)CN(OCc3ccc(Cl)cc3)C(=O)Nc3ccccc3)C2SC1,CHEMBL8774
DEC_3077,decoy,Cc1noc(NS(=O)(=O)c2ccccc2-c2ccc(-c3ncco3)cc2CNCC(F)(F)F)c1C,CHEMBL29420
DEC_3407,decoy,CC(C)C[C@@H]1OC(=O)C(C)(C)CNC(=O)[C@@H](Cc2ccc(N)c(Cl)c2)NC(=O)/C=C/C[C@@H]([C@H](C)[C@H]2O[C@@H]2c2ccccc2)OC1=O,CHEMBL89619
DEC_0857,decoy,CN(C)C(=O)CN1N=C(c2ccc3nc(C4CC4)n(Cc4ccc(-c5ccccc5-c5nn[nH]n5)cc4)c3c2)C(C)(C)CC1=O,CHEMBL432847
DEC_1469,decoy,C=C(Cl)CN1C[C@H](OCC23C[C@@H]4[C@H](C)CC[C@H]4C4(C=O)CC2C=C(C(C)C)[C@@]34C(=O)O)OCC12CCCC2,CHEMBL283045
DEC_2243,decoy,CCCCc1nc2ccc(-c3cccs3)cc2c(=O)n1Cc1ccc(-c2ccccc2-c2nn[nH]n2)cc1,CHEMBL47914
DEC_0879,decoy,CC[C@H]1OC(=O)CC(O)[C@H](C)[C@@H](O[C@@H]2O[C@H](C)C[C@H](N(C)C)[C@H]2O)[C@@H](CCNC(C)(C)C)C[C@@H](C)C(=O)/C=C/C(C)=C/[C@@H]1C,CHEMBL9176
DEC_2757,decoy,CC(C)C1=CC2CC3(C=O)[C@@H]4CC[C@@H](C)[C@H]4CC2(CO[C@H]2C[C@@H]4OC(=S)O[C@@H]4[C@@H](C)O2)C13C(=O)O,CHEMBL283974
DEC_4629,decoy,CCCCOc1ccc(C(C(=O)NC(C)(C)C)N2C(=O)[C@H](CS)NC(=O)[C@@H]2Cc2ccc([N+](=O)[O-])cc2)cc1,CHEMBL30055
DEC_4710,decoy,CC1C/C=C/CCCCCCCCOC(=O)N(CC(O)C(Cc2ccccc2)NC(=O)O[C@H]2CO[C@H]3OCC[C@H]32)C1,CHEMBL60728
DEC_1219,decoy,COc1ccccc1C1(O)OC(=O)C(c2ccc3c(c2)OCO3)=C1Cc1ccccc1,CHEMBL269461
DEC_3976,decoy,O=C(O)c1ccc(S(=O)(=O)Nc2cccc(C(c3c(O)c4c(oc3=O)CCCCCC4)C3CC3)c2)cc1,CHEMBL16711
DEC_1766,decoy,C=CCN1C2CCC1CC(OC(c1ccc(F)cc1)c1ccc(F)cc1)C2,CHEMBL417249
DEC_1446,decoy,COc1cc([C@@H]2c3cc4c(cc3[C@H](O[Si](C)(C)C(C)(C)C)[C@H]3COC(=O)[C@H]23)OCO4)cc(OC)c1OC,CHEMBL30822
DEC_4695,decoy,C/C(=C\C[C@H](O)[C@@]1(C)CC[C@H](C(C)(C)O)O1)[C@H]1CC[C@H]2O[C@@H]([C@]3(C)CC[C@@H](Br)C(C)(C)O3)CC[C@@]2(C)O1,CHEMBL23801
DEC_3025,decoy,O=S1O[C@H](c2ccccc2)[C@@](Cn2cncn2)(c2ccc(Cl)cc2Cl)O1,CHEMBL10268
DEC_2161,decoy,CC1CC(NC(=O)N(CCCl)N=O)CC(C)(C)C1,CHEMBL275300
DEC_1262,decoy,C=CCCOC1(C(F)(F)F)OC(=O)Nc2ccc(Cl)cc21,CHEMBL278961
DEC_1314,decoy,Cc1c(C)c2c(c(C)c1O)CCC(C)(COc1ccc(NCC(O)COc3ccc4cccnc4c3)cc1)O2,CHEMBL66778
DEC_1884,decoy,CCN(CC)CCOc1ccc2cc3ccc(OCCN(CC)CC)c(Br)c3nc2c1Br,CHEMBL295732
DEC_2107,decoy,CC(=O)N(C)CC#CCN1CCC(CO)CC1,CHEMBL10942
DEC_1730,decoy,CC(=O)[C@@]12OC(C)(c3ccc(N)cc3)O[C@@H]1CC1C3CCC4=CC(=O)CC[C@]4(C)C3CC[C@@]12C,CHEMBL266860
DEC_0509,decoy,CCCC1Nc2ccccc2C(=O)N1Cc1ccc(-c2ccccc2-c2nn[nH]n2)cc1,CHEMBL15484
DEC_3445,decoy,CC1=NC(C)=C(C(=O)OCCCN2C(=O)c3ccccc3S2(=O)=O)C(c2cccc([N+](=O)[O-])c2)/C1=C(\O)OCC1CCCO1,CHEMBL78769
DEC_4363,decoy,CC(C)n1c(=O)c2c(-c3noc(C4CC4)n3)ncn2c2ccccc21,CHEMBL279867
DEC_2604,decoy,CC1(C)OC(/C=C/c2ccc(Br)cc2)=CC1=O,CHEMBL416909
DEC_2276,decoy,COc1cc(/N=c2\c(O)c(O)\c2=N/C(C)C(C)(C)C)c2ncccc2c1,CHEMBL19122
DEC_4711,decoy,CC1C/C=C\CCCCCCCCCOC(=O)N1CC(O)C(Cc1ccccc1)NC(=O)O[C@H]1CO[C@H]2OCC[C@H]21,CHEMBL61164
DEC_3331,decoy,O=C1Nc2ccc(Cl)cc2C(C#Cc2ccccn2)(C(F)(F)F)O1,CHEMBL413967
DEC_4106,decoy,CC1CCC(NC(=O)N(CCF)N=O)CC1,CHEMBL13005
DEC_4688,decoy,O=C(Nc1nccs1)c1c(C(F)(F)F)nc2cc(C(F)(F)F)ccc2c1O,CHEMBL35012
DEC_1059,decoy,O=S1(=O)CC2(CCN(C[C@H]3CN(S(=O)(=O)c4ccccc4)C[C@@H]3c3ccccc3)CC2)c2ccccc21,CHEMBL431111
ACT_011,active,Cc1cccc(-c2[nH]c(CNc3cccc(C)c3C)nc2-c2ccc3ncnn3c2)n1,CHEMBL3260616
DEC_3261,decoy,CCOC(=O)N[C@@H](c1cccs1)[C@@H](O)C(=O)OC1CC2C(C)(C)C1(C)[C@@]13C[C@H](C)c4ccccc4[C@@]21O3,CHEMBL416029
DEC_0995,decoy,N#Cc1c(Br)n(C2OC(CO)C(O)C2O)c2ncnc(N)c12,CHEMBL16482
DEC_1980,decoy,CCOP(=O)(Cc1ccc(C(=O)Nc2ccc(Br)cc2C#N)cc1)OCC,CHEMBL34234
DEC_3127,decoy,Cc1nc(O)c2cc(CNc3ccc(C(=O)N[C@H](CCC(=O)O)C(=O)O)s3)ccc2n1,CHEMBL40739
DEC_3727,decoy,Cc1cc(O)cc2cc(-c3ccc(OCCN4CCCCC4)cc3)c3cc(C(C)O)ccc3c12,CHEMBL31089
DEC_1293,decoy,O=C(O)CC/C=C\C[C@H]1[C@H](CNS(=O)(=O)c2ccc(Cl)cc2)C2CC1(c1ccc(-c3ccccc3)cc1)CO2,CHEMBL10365
DEC_1600,decoy,CC[C@H]1Cc2cc3c(C(F)(F)F)cc(O)nc3cc2N[C@@H]1CC,CHEMBL6959
DEC_3400,decoy,CC1(C)N=C(N)N=C(N)N1c1ccc(OCc2ccc(Cl)c(Cl)c2)cc1,CHEMBL7035
DEC_3136,decoy,NS(=O)(=O)c1cc(NCCNCC(O)COc2cccc3ccccc23)ccc1Cl,CHEMBL40297
DEC_3065,decoy,O=C(O)CC/C=C/c1c(Cc2cccnc2)ccc2c1CCC(NS(=O)(=O)c1ccc(Cl)cc1)C2,CHEMBL416947
DEC_1032,decoy,O=NN(CCCl)C(=O)NC1(C(=O)O)CCCC1,CHEMBL12922
DEC_0186,decoy,CC(C)c1cc(/C=C/c2cccs2)cc(C(C)C)c1O,CHEMBL8595
DEC_4046,decoy,Oc1nc2cc(-n3cccc3)c(C(F)(F)F)cc2nc1O,CHEMBL12820
DEC_0460,decoy,Cn1c(=O)c2c(nc3n(Cc4ccc(F)cc4)c(O)c(Cc4ccccc4)c(=O)n23)n(C)c1=O,CHEMBL13478
DEC_3502,decoy,C/C=C/CC(O)[C@@H](C)[C@H](O)[C@H](C)[C@H]1OC(=O)/C(OC)=C/C(C)=C/[C@@H](C)[C@@H](O)[C@@H](C)C/C(C)=C/C=C/[C@@H]1OC,CHEMBL417597
DEC_2957,decoy,O=C(CNc1c2ccccc2nc2ccccc12)NCCNc1c2ccccc2nc2ccccc12,CHEMBL434970
DEC_1982,decoy,COc1cccc(OC)c1OS(=O)(=O)NC(=O)Oc1c(C(C)C)cccc1C(C)C,CHEMBL21698
DEC_2356,decoy,Cc1cc(CCCOc2c(C)cc(-c3noc(C(Cl)(Cl)Cl)n3)cc2C)on1,CHEMBL28030
DEC_3676,decoy,Cn1cc(C2=C(c3cn(CCCSC(=N)N)c4ccccc34)C(=O)NC2=O)c2ccccc21,CHEMBL6291
DEC_0681,decoy,CN1C(=O)C=C[C@]2(C)C3CC[C@@]4(C)C(CC[C@@]4(O)C#CCCCBr)C3CCC12,CHEMBL275764
DEC_4394,decoy,CCCCc1nn(CC)c(CO)c1Cc1ccc(-c2ccccc2-c2nn[nH]n2)cc1,CHEMBL280412
DEC_0493,decoy,C/C(=N\N=C(/S)Nc1c(N)c2ccccc2c2ccccc12)c1ccccn1,CHEMBL30390
DEC_2158,decoy,CSc1nsnc1C1=C(C)CCN(C)C1,CHEMBL279105
DEC_1771,decoy,CCC1(c2ccc(Br)cc2)CN(C)Cc2sc(C)cc21,CHEMBL276343
DEC_0899,decoy,CC[C@H]1OC(=O)CC(O)[C@H](C)[C@@H](O[C@@H]2O[C@H](C)C[C@H](N(C)C)[C@H]2O)[C@@H](CCN2CCCCC2)C[C@@H](C)C(=O)/C=C/C(C)=C/[C@@H]1C,CHEMBL266142
DEC_1835,decoy,CCCCCc1nc2ccn(C(C(=O)OC(C)C)c3ccccc3)c(=O)c2n1Cc1ccc(-c2ccccc2-c2nn[nH]n2)cc1,CHEMBL88600
DEC_4212,decoy,O=C(O)CCC/C=C/C[C@H]1[C@H](NS(=O)(=O)c2ccc(F)cc2)C2CC1(c1ccc(F)cc1)CO2,CHEMBL269456
DEC_1877,decoy,COc1ccccc1COCCCOc1ncc([C@H]2CCNC[C@@H]2OCc2cc(OC)c3ccccc3c2OC)cn1,CHEMBL31404
DEC_3320,decoy,O=C1NCN(c2ccccc2)C12CCN(C1CCc3ccccc3C1)CC2,CHEMBL26999
DEC_1602,decoy,CCC[C@H](NC)[C@H]1COC(c2ccccc2)(c2ccccc2)O1,CHEMBL27946
DEC_1020,decoy,O=NN(CCF)C(=O)NC1C2CC3CC(C2)CC1C3,CHEMBL267546
DEC_2790,decoy,COC(=O)N[C@@H](c1ccccc1)[C@@H](O)C(=O)OC1CC2C(C)(C)C1(C)[C@@]13C[C@H](C)c4ccccc4[C@@]21O3,CHEMBL283462
DEC_1985,decoy,O=C(Nc1cc(-c2nc(-c3ccco3)no2)ccc1Cl)OCC(Cl)(Cl)Cl,CHEMBL280406
DEC_1096,decoy,COc1cccc2c1CC[C@H]1CN(CCn3c(=O)[nH]c4c(sc5cc(C(F)(F)F)ccc54)c3=O)C[C@@H]21,CHEMBL43234
DEC_2836,decoy,CC1Cc2c(OCc3ccc(-c4ccccc4)cn3)ccc3c2c(c(CSCC(=O)O)n3Cc2ccc(Cl)cc2)S1,CHEMBL279194
DEC_3721,decoy,[N-]=[N+]=Nc1ccc2c(Nc3ccc(S(N)(=O)=O)cc3)c3ccc(N=[N+]=[N-])cc3nc2c1,CHEMBL35745
DEC_4344,decoy,O=C1Nc2ccc(Cl)cc2C(C#Cc2ccco2)(C(F)(F)F)O1,CHEMBL280316
DEC_0531,decoy,COc1cc(CC(C)N(C)Cc2ccccc2)c(OC)cc1I,CHEMBL276426
DEC_3309,decoy,O=C1CSCC2Nc3ccnn3C(c3ccc(F)c(Br)c3)C12,CHEMBL35356
DEC_2554,decoy,C#Cc1cccc2c1-c1ccc3c(c1C(CC=C)O2)C(C)=CC(C)(C)N3,CHEMBL7671
DEC_0382,decoy,Cc1c(F)c(N2C[C@H](N)[C@H]2C)nc2c1c(=O)c(C(=O)O)cn2C1CC1,CHEMBL278825
DEC_4242,decoy,Cc1ccc(C(CC(=O)O)NC(=O)CN(C)C(=O)c2ccc(NC(=O)NCc3ccccc3)o2)cc1,CHEMBL29036
DEC_1791,decoy,CCCCCCCCCC(=O)O[C@H]1C(O)[C@H](OCC23C[C@@H]4[C@H](C)CC[C@H]4C4(C=O)CC2C=C(C(C)C)C34C(=O)O)O[C@H](C)[C@H]1OC,CHEMBL278459
DEC_0365,decoy,Cc1cc(C)cc(Sc2c(C)c(=O)[nH]c(=O)n2COCCO)c1,CHEMBL275599
DEC_4574,decoy,COc1ccc(-c2c3n(c4c(=O)oc5cc(O)c(OC)cc5c24)CCc2c-3cc(OC)c(OC)c2OC)cc1O,CHEMBL57138
DEC_3347,decoy,Cc1cc(Br)ccc1C(=O)N(C)[C@H]1CCCC[C@@]12CCCN2C,CHEMBL277202
DEC_3965,decoy,CCN(CC)Cc1cc(Nc2cc(C)nc(/N=C(\N)Nc3cc(Cl)cc(Cl)c3)n2)ccc1O,CHEMBL23053
DEC_0821,decoy,C[C@@H]1CC[C@H]2[C@@H](C)C(CC(CO)CC3OC4O[C@]5(C)CC[C@H]6[C@H](C)CC[C@@H]([C@H]3C)C46OO5)OC3O[C@]4(C)CCC1C32OO4,CHEMBL276845
DEC_0282,decoy,CCNC(=O)N(CCCN(C)C)C(=O)[C@@H]1C[C@@H]2c3cccc4[nH]cc(c34)C[C@H]2N(C)C1,CHEMBL14022
DEC_1572,decoy,COc1ccc(S(=O)(=O)N(Cc2ccc3c(c2)OCO3)[C@H](CCCNC(=O)NCc2ccccc2)C(=O)NO)cc1,CHEMBL291796
DEC_2163,decoy,CN(C)CCc1c[nH]c2ccc3c(c12)CCCO3,CHEMBL412876
ACT_057,active,Cc1ccccc1-c1c(=O)ncn2nc(Sc3ccccc3)ccc12,CHEMBL2024349
DEC_2157,decoy,CC(C)C1CC/C(=C/Br)OC1=O,CHEMBL417130
DEC_1173,decoy,Cc1cccc2nc(N3CCNCC3)cnc12,CHEMBL267269
DEC_0549,decoy,CCCCc1nc2ccccc2n1Cc1ccc(-c2ccccc2-c2nn[nH]n2)cc1,CHEMBL7641
DEC_2808,decoy,CC(C)(C)COP(=O)(CCCCC1(C(=O)NCC(F)(F)F)c2ccccc2-c2ccccc21)OCC(C)(C)C,CHEMBL282564
DEC_0881,decoy,CO/C1=C\C(C)=C\[C@@H](C)[C@@H](O)[C@@H](C)C/C(C)=C/C=C/[C@H](OC)[C@@H]([C@@H](C)[C@@H](O)[C@H](C)[C@@]2(O)CC(=O)[C@H](C)[C@@H](C(C)C)O2)OC1=O,CHEMBL55168
DEC_4355,decoy,CC(=O)Oc1cccc2c1Cc1sc(N)nc1-2.I,CHEMBL39388
DEC_2394,decoy,O=C(/C=C/c1ccccc1)Oc1ccc(C(=O)/C=C/c2ccc(Cl)cc2)cc1,CHEMBL7809
DEC_2481,decoy,O=C1NCN(c2ccc(F)cc2)C12CCN(CCCN(c1ccc(F)cc1)c1ccc(F)cc1)CC2,CHEMBL300259
DEC_4580,decoy,COc1cc([C@@H]2c3cc4c(cc3[C@@H](Nc3cnc5ccccc5c3)[C@H]3COC(=O)[C@H]23)OCO4)cc(OC)c1O,CHEMBL31959
DEC_0019,decoy,Brc1ccc(C2COC(Cn3ccnc3)(c3ccccc3)O2)cc1,CHEMBL29777
DEC_0398,decoy,CCCN(C=O)[C@H]1CCC2C3CC[C@H]4N(C)C(=O)CC[C@]4(C)C3CC[C@@]21C,CHEMBL274276
DEC_1886,decoy,CCCCc1nc(Cl)c(C(=O)OC)n1Cc1ccc(NC(=O)[C@H](Cc2ccccc2)n2cccc2C(=O)OC)cc1,CHEMBL48903
DEC_2761,decoy,O=C1CC(c2nnn[nH]2)Oc2c(COc3ccc(OCc4ccc5ccccc5n4)cc3)cccc21,CHEMBL49696
DEC_3508,decoy,C=C1C[C@@]23O[C@]2(c2ccccc21)C1CC(OC(=O)[C@H](O)[C@@H](NC(=O)NCCCC)c2ccccc2)C3(C)C1(C)C,CHEMBL285386
DEC_4522,decoy,N#C/C(=C\c1ccccc1OCCCN1CCCCC1)c1noc2ccccc12,CHEMBL25706
DEC_2260,decoy,COc1cc2c(c(OC)c1OC)c1c3c(cc4c1n2C(=O)CC4)CNCC3,CHEMBL277478
DEC_0974,decoy,CC1=C(C(=O)O)N2C(=O)[C@@H](NC(=O)[C@H](N)c3ccc(O)cc3)[C@H]2CO1,CHEMBL18418
DEC_4772,decoy,C[C@H](Cc1ccc2c(c1)OC(C(=O)OCC1CC1)(C(=O)OCC1CC1)O2)NC[C@H](O)c1cccc(Cl)c1,CHEMBL60868
DEC_4504,decoy,COc1ccccc1N1CCN(CCCC2=CCCc3cccc(OC)c32)CC1,CHEMBL8536
DEC_0323,decoy,O=C1CCCC(=O)C1=C(O)c1ccc(C(F)(F)F)cc1[N+](=O)[O-],CHEMBL23996
DEC_3522,decoy,O=C(Nc1ccncn1)c1cc2c(OCC[C@@H]3CCCCN3)c(-c3ccc4c(c3)CCC4)c(O)nc2cc1Cl,CHEMBL48674
DEC_3984,decoy,C=CCNC(=O)Nc1nc2nc(NCCCN3CCN(C)CC3)ncc2cc1-c1c(Cl)cccc1Cl,CHEMBL292146
DEC_2864,decoy,O=C1NC(=O)C(Cc2ccc3c(c2)CC[C@H](Cc2ccccc2)O3)S1,CHEMBL17669
DEC_1437,decoy,COc1cccc2c1CCC[C@H]2CN(C)CCc1ccc2nc(C)oc2c1,CHEMBL10385
DEC_0345,decoy,CCN[C@H]1C[C@@H](CC)S(=O)(=O)c2sc(S(N)(=O)=O)cc21,CHEMBL9660
DEC_3286,decoy,Fc1ccc(C2=CCc3ccccc3N=C2N2CCN(C3CCCCC3)CC2)cc1.O=C(O)/C=C/C(=O)O,CHEMBL16618
DEC_3685,decoy,COc1ccc(C2(O)OC(=O)C(c3cc(OC)c4c(c3)OCO4)=C2Cc2ccccc2)cc1,CHEMBL10794
ACT_010,active,CN1C(=O)[C@@H](N2CCc3cn(CC4CCS(=O)(=O)CC4)nc3C2=O)COc2ccccc21,CHEMBL4097778
DEC_3212,decoy,CO[C@@H]1CCOP(=O)(NCCCl)N1CCCl,CHEMBL26680
DEC_0850,decoy,CN(C[C@@H](CCN1CCC2(CC1)CS(=O)(=O)c1ccccc12)c1ccc(Cl)c(Cl)c1)S(=O)(=O)c1cccs1,CHEMBL88976
DEC_2549,decoy,CCCCCc1cc(O)c2c(c1)OC(C)(C)[C@@H]1C[C@H](O)C(C)CC21,CHEMBL10866
DEC_1968,decoy,CCC1Nc2ccc(C(C)C)cc2C(=O)N1Cc1ccc(-c2ccccc2-c2nn[nH]n2)cc1,CHEMBL277333
DEC_2477,decoy,O=C1CN2CCCCC2c2c1c1ccccc1n2CCCNS(=O)(=O)c1ccc(Cl)s1,CHEMBL33327
DEC_0622,decoy,CC1=CC(C)(C)Nc2ccc3c(c21)/C(=C/c1cccc(F)c1)Oc1ccccc1-3,CHEMBL32812
DEC_3626,decoy,CCCOc1ccc(Cc2ccc(NC3=NCCN3)cc2)cc1,CHEMBL9584
DEC_0201,decoy,CN(C/C=C/CCc1ccccc1)Cc1cccc2ccccc12,CHEMBL22090
DEC_3181,decoy,CC(C)c1ccc(C(c2ccc(C(=O)O)cc2)c2ccc(C(C)C)cc(=O)c2O)c(O)c(=O)c1,CHEMBL19029
DEC_2262,decoy,CC/C=C/C(=O)O[C@H](CC=C(C)C)C1=CC(=O)c2c(O)ccc(O)c2C1=O,CHEMBL267275
DEC_3959,decoy,C[C@@H](NC(=O)c1sc(-c2ccc(Cl)cc2)cc1N)[C@](O)(Cn1cncn1)c1ccc(F)cc1F,CHEMBL52650
DEC_4457,decoy,CCn1cc(C(=O)O)c(=O)c2c(N3CCN(C)CC3)c(F)c(F)c(F)c21,CHEMBL25339
DEC_2602,decoy,CCOOC1(OOCC)CCCCCCCCCCC1,CHEMBL29121
DEC_1218,decoy,Clc1ccc(C2=CCc3ccccc3N=C2N2CCNCC2)cc1.O=C(O)/C=C/C(=O)O,CHEMBL276351
DEC_0757,decoy,CC1(C)OC(/C=C/c2ccc(Cl)c(Cl)c2)=CC1=O,CHEMBL278406
DEC_2531,decoy,C=C(CC)C(=O)c1ccc(OCC(=O)O)c(Cl)c1Cl,CHEMBL456
DEC_2631,decoy,Cc1cnsc1C(c1ccc(C(C)C)cc1)N1CCN(C)CC1,CHEMBL22489
DEC_4399,decoy,CC(C)=CCC(OC(=O)CCCCC(C)C)C1=CC(=O)c2c(O)ccc(O)c2C1=O,CHEMBL28446
DEC_2751,decoy,N#Cc1ccc2cc1Oc1ccc3cccc(c3c1)NC(=O)[C@@H](Cc1ccccc1)NCc1cncn1C2,CHEMBL299568
DEC_3751,decoy,CC(C)c1ccc(C(c2ccc(C(C)C)cc(=O)c2O)c2cccc3ccccc23)c(O)c(=O)c1,CHEMBL18651
DEC_0648,decoy,CC(C)(C)Nc1nc(C(F)(F)F)nc2ccc(-c3ccc(-c4cccnc4)cc3)cc12,CHEMBL417445
DEC_4110,decoy,CC(C)C/C=C(\NC(=O)C1CC1(C)C)C(=O)O,CHEMBL274139
DEC_4287,decoy,N[C@@H](CS)C(=O)Nc1cccc(Oc2ccc(C(=O)O)cc2)c1,CHEMBL26031
DEC_1387,decoy,CCN(c1nc(C)cc(-c2ccccc2C(F)(F)F)n1)c1ccc(SC)cc1Br,CHEMBL274578
DEC_4814,decoy,CN(C)C1CCCN(C2c3ccccc3Oc3ccccc32)C1,CHEMBL20631
DEC_4380,decoy,O=c1c2c(c3cccnc3n1-c1ccc(Cl)c(Cl)c1)OCCC2,CHEMBL287652
DEC_3755,decoy,CCO[C@]1(C)CCN2CC34CC5(C(=O)Nc6c5ccc5c6OC=CC(C)(C)O5)C(C)(C)C3CC21C(=O)N4C,CHEMBL40474
DEC_1336,decoy,CCCCc1c(Oc2ccc(-c3ccccc3-c3nn[nH]n3)cc2)nc2c(C(=O)O)c(OC(C)C)ccc2[n+]1[O-],CHEMBL77376
DEC_4250,decoy,O=C(CCc1cc(O)cc(O)c1)NCCc1cc(O)cc(O)c1,CHEMBL277092
DEC_2108,decoy,C/C=C(\NC(=O)C1CC1(Cl)Cl)C(=O)O,CHEMBL12086
DEC_0070,decoy,O=C1NC(=O)C(CC#Cc2ccc(Cl)cc2)(Sc2ccc(Cl)cc2)S1,CHEMBL276264
DEC_4648,decoy,CCC(C)(O)C#Cc1nc(Nc2ccc(Cl)c(Cl)c2)c2ncn(C(C)C)c2n1,CHEMBL26513
DEC_0649,decoy,O=C1Nc2ccc(Cl)cc2C(c2ccccc2)=NC1Cc1cccc2ccccc12,CHEMBL429391
DEC_0112,decoy,CCCCCCCC/C=C/CCCCCCCC(=O)Nc1c(OC)cc(OC)cc1OC,CHEMBL40519
DEC_1952,decoy,CC(C)c1cccc(C(C)C)c1OS(=O)(=O)NC(=O)O[C@@H]1C[C@H](C)CCC1C(C)C,CHEMBL24992
DEC_4198,decoy,CC(C(=O)NCCCNCCCCN)[C@H]1CCC2C3CC=C4C[C@@H](O)CC[C@]4(C)C3CC[C@@]21C,CHEMBL20781
DEC_3440,decoy,CC(=O)N[C@@H]1[C@@H](NC(=O)OC(C)(C)C)C=C(C(=O)OC(c2ccccc2)c2ccccc2)O[C@H]1c1n[nH]c(Cc2ccccc2)n1,CHEMBL305240
DEC_4472,decoy,C[C@@H]1[C@H](N)CN1c1c(F)cc2c(=O)c(C(=O)O)cn(C3CC3)c2c1F,CHEMBL277169
DEC_0559,decoy,Cc1ccc(CNC(=O)CCCn2c3c(c4ccccc42)C(=O)CN2CCCCC32)o1,CHEMBL286610
DEC_3487,decoy,CCC(C)(C)/N=c1\c(O)c(O)\c1=N/Cc1c(C)cccc1C,CHEMBL20179
DEC_3946,decoy,CCNCC1CCN(c2c(F)cc3c(=O)c(C(=O)O)cn(C4(C)CC4)c3c2F)C1,CHEMBL6276
DEC_4000,decoy,Nc1ccc(S(=O)(=O)Nc2cccc(C(c3c(O)c4c(oc3=O)CCCCCC4)C3CC3)c2)cc1,CHEMBL276941
DEC_2131,decoy,CN1CCN(CCCN2CCN(C)CC2)CC1,CHEMBL10688
DEC_3198,decoy,CNc1cc2c(c3ccccc13)C(CCl)CN2C(=O)c1cc2cc(OC)c(OC)c(OC)c2[nH]1,CHEMBL288377
DEC_2392,decoy,CSc1ccc(C2(O)OC(=O)C(c3ccc4c(c3)OCO4)=C2Cc2ccccc2)cc1,CHEMBL10911
DEC_3740,decoy,O=C(Nc1nccs1)c1c(C(F)(F)C(F)(F)F)nc2c(C(F)(F)F)cccc2c1O,CHEMBL286824
DEC_0919,decoy,COc1cc(C(=O)O)c2c(c1C)OC(=O)c1c(C)cc(O)c(CN3CCC(NC(=O)CO[C@@H]4C[C@H](C)CC[C@H]4C(C)C)CC3)c1O2,CHEMBL326325
DEC_3498,decoy,CN1CCc2ccc3c4c2[C@H]1Cc1cccc(c1-4)[C@@]3(C)O,CHEMBL27309
DEC_2265,decoy,Nc1nc2c(cnn2CCCc2ccccc2)c2nc(-c3ccco3)nn12,CHEMBL17121
DEC_4687,decoy,O=C(O)c1c(-c2ccc3c(c2)OCO3)c2ccccc2n1Cc1ccc2c(c1)OCO2,CHEMBL416518
DEC_1260,decoy,CCCCCCc1nc2c([nH]1)N1CC3(CCCC3)N=C1N(C)C2=O,CHEMBL18965
DEC_0389,decoy,CC(C)N(C=O)[C@H]1CCC2C3CC[C@H]4N(C)C(=O)CC[C@]4(C)C3CC[C@@]21C,CHEMBL17268
DEC_4771,decoy,CCCCc1nc(SC)c(C(=O)O)n1Cc1ccc(-c2ccccc2S(=O)(=O)NC(=O)NCC)cc1,CHEMBL309602
DEC_1066,decoy,CC1(C)C(=O)N(c2ccc(C#N)c(C(F)(F)F)c2)C(=O)N1CCc1cccc(I)c1,CHEMBL9390
DEC_2077,decoy,Cc1cnsc1C(c1ccc(C(C)C)cc1)N1CCNCC1,CHEMBL22602
DEC_1121,decoy,CCC(C)c1ccc2c(c1)-c1nc(C(=O)O)cc(O)c1CS2.NCCO,CHEMBL29345
DEC_1742,decoy,CCN1C(=O)N(C2CCN(C3CCCCCCC3)CC2)[C@@H]2CCCC[C@H]21,CHEMBL26464
DEC_0841,decoy,CCCS(=O)(=O)N1CCC(N2CCC(C3(c4ccc([S+]([O-])c5ccc6c(c5)OCO6)cc4)SCCS3)CC2)CC1,CHEMBL90638
DEC_4350,decoy,CN1C(=O)CCC2c3ccc(I)cc3CCC21,CHEMBL439910
DEC_1521,decoy,CC(C)c1ccccc1Sc1c(O)cc(-c2cccc(C(=O)O)c2)oc1=O,CHEMBL13037
DEC_4089,decoy,COc1ccc2c(c1)c(Cc1csc(-c3ccccc3Cl)n1)c(C)n2C(=O)c1ccc(Cl)cc1,CHEMBL283902
DEC_1813,decoy,CCCS(=O)(=O)N1CCN(C(=O)Oc2ccc3[nH]c(-c4cc(C)cc(C)c4)c(CCNCCCCc4ccc(O)cc4)c3c2)CC1,CHEMBL345297
DEC_0484,decoy,CCC1=C(c2ccc(O)cc2)c2ccc(OCC(O)CO)cc2Oc2ccccc21,CHEMBL276306
DEC_3620,decoy,CC(C)(C)c1cc(-c2nnc(N=C(N)N)s2)cc(C(C)(C)C)c1O,CHEMBL16826
DEC_2217,decoy,CCOC(=O)N[C@@H](c1ccc(Cl)cc1)[C@@H](O)C(=O)OC1CC2C(C)(C)C1(C)[C@@]13C[C@H](C)c4ccccc4[C@@]21O3,CHEMBL31338
DEC_2261,decoy,CCN1C(=O)c2c(nc(N=[N+]=[N-])n2Cc2ccc(O)cc2)N2C1=N[C@@H]1CCC[C@@H]12,CHEMBL282709
DEC_1797,decoy,CCCCCC(OC(=O)C(Cc1ccc(N(CCCl)CCCl)cc1)NC=O)c1cc(O)c2c(c1O)C(=O)c1ccccc1C2=O,CHEMBL35291
DEC_0168,decoy,Clc1cc(N=NN2CCCC2)cc(Cl)c1NC1=NCCN1,CHEMBL22073
DEC_2286,decoy,CCN(CC)CCNc1ccc(CO)c2sc3ccccc3c(=O)c12,CHEMBL22077
DEC_3750,decoy,O=C(Nc1nccs1)c1c(C(F)(F)F)nc2c(Cl)ccc(C(F)(F)F)c2c1O,CHEMBL287263
DEC_4098,decoy,C=CCC1(C(C)CCC)C(=O)NC(=O)NC1=O,CHEMBL447
DEC_3247,decoy,CCOC(=O)C1CCCC(NC(=O)N(CCCl)N=O)C1,CHEMBL12895
ACT_022,active,O=C(OC[C@H]1O[C@@H](n2cnc3c(=O)[nH]cnc32)[C@H](O)[C@@H]1O)c1cc[nH]c1,CHEMBL4637966
DEC_1183,decoy,Cn1cc(-c2noc(CN)n2)c2ccccc21,CHEMBL36315
DEC_0515,decoy,CCc1cc(OCc2ccc(-c3ccccc3-c3nn[nH]n3)cc2)c2c(n1)CCC2,CHEMBL283110
DEC_1324,decoy,Cc1c(C)c2c(c(C)c1O)CCC(C)(COc1ccc(NCC(O)COc3cccc4[nH]c5ncccc5c34)cc1)O2,CHEMBL65154
DEC_1865,decoy,O=C(CCCCCCCSc1nc(=O)c(Cc2cncnc2)cn1Cc1cccs1)c1ccc(Cl)cc1,CHEMBL85805
DEC_1187,decoy,CN1CCN(Cc2cnn3ccccc23)CC1,CHEMBL7505
DEC_0566,decoy,Clc1ccc(CCC2COC(Cn3ccnc3)(c3ccc(Cl)cc3Cl)O2)cc1,CHEMBL29933
DEC_2068,decoy,CCOc1ccccc1C/N=C(\S)c1ccc2cnccc2n1,CHEMBL267280
DEC_4753,decoy,CC[C@@H](C)[C@@H](NS(=O)(=O)c1cc(Cl)c(Cl)cc1Cl)C(=O)N[C@H](Cc1cscn1)C(=O)NO,CHEMBL313932
DEC_1603,decoy,Cc1cc(CCCOc2c(C)cc(-c3noc(C)n3)cc2C)on1,CHEMBL29642
DEC_0713,decoy,COc1cccc2c1CC[C@H]1CN(CCn3c(=O)[nH]c4c(sc5ccc(C)cc54)c3=O)C[C@@H]21,CHEMBL40310
DEC_0394,decoy,CC(C)CCN(C=O)[C@H]1CCC2C3CC[C@H]4N(C)C(=O)CC[C@]4(C)C3CC[C@@]21C,CHEMBL17222
DEC_2402,decoy,CC1(C)CC(NP(=O)(O)N(CCCl)CCCl)CC(C)(C)N1O,CHEMBL268498
DEC_3413,decoy,CC(C)C[C@@H]1OC(=O)C(C)(C)CNC(=O)[C@@H](Cc2ccc(O)c(Cl)c2)NC(=O)/C=C/C[C@@H]([C@H](C)[C@H]2O[C@@H]2c2ccccc2)OC1=O,CHEMBL85272
DEC_2336,decoy,Nc1nc2c(cnn2CCc2ccccc2)c2nc(-c3ccc(O)cc3)nn12,CHEMBL279975
DEC_3527,decoy,Cc1cc(C)cc(-c2c(O)nc3cc(Cl)c(CC(=O)Nc4ccncn4)cc3c2OCCC2CCCCN2)c1,CHEMBL45501
DEC_3591,decoy,CCCSc1nnc([C@@H]2C[C@@H](S)CN2S(=O)(=O)c2ccc3ccccc3c2)n1-c1ccccc1,CHEMBL47987
DEC_4298,decoy,CO[C@H]1/C=C\C=C(/C)C(=O)NC2=CC(=O)C(NC(=O)OCC(C)C)=C(C[C@@H](C)C[C@H](OC)[C@H](O)[C@@H](C)/C=C(\C)[C@@H]1OC(N)=O)C2=O,CHEMBL338481
DEC_1749,decoy,N#Cc1ccc(Cn2ccnc2)cc1Oc1cccc(-c2ccccc2)c1,CHEMBL22819
DEC_3310,decoy,CC(S(=O)(=O)c1ccc(Cl)c(Cl)c1)S(=O)(=O)C(F)(F)F,CHEMBL12560
DEC_0871,decoy,C=C([C@H](O)C[C@H](O)[C@@]1(C)CC[C@H](C(C)(C)O)O1)[C@H]1CC[C@H]2O[C@@H]([C@]3(C)CC[C@@H](Br)C(C)(C)O3)CC[C@]2(C)O1,CHEMBL23161
DEC_1934,decoy,CN1C2CCC1[C@@H]([C@H](O)C(F)(F)F)[C@@H](c1ccc(Cl)cc1)C2,CHEMBL285611
DEC_0598,decoy,O=S(=O)(Nc1cccc2cc(O)[nH]c12)c1ccc(Cl)cc1,CHEMBL20007
DEC_4387,decoy,CCC(=O)OC1CCC2C3CCC4=CC(=O)CCC4C3CCC12C,CHEMBL24545
DEC_1123,decoy,N#Cc1ccc(NC(=O)Nc2ccccc2Br)c(O)c1Br,CHEMBL28009
DEC_1143,decoy,O=C(Nc1ccc2c(C(=O)c3ccccc3)c(O)n(O)c2c1)NC1CCCCC1,CHEMBL277284
DEC_0340,decoy,CC1(C)O[C@@H]2[C@@H](CO[C@@]3(CCCOS(N)(=O)=O)OC(C)(C)O[C@@H]23)O1,CHEMBL287189
DEC_0507,decoy,CCN(CC)CCNc1ccc2ncn3c4ccc(C(C)(C)C)cc4c(=O)c1c23,CHEMBL8801
DEC_3929,decoy,CC(C)S(=O)(=O)NCCCn1c2c(c3ccccc31)C(=O)CN1CCCCC21,CHEMBL33807
DEC_3183,decoy,Oc1ccc2c(c1)OC(c1ccc(OCCN3CCCCC3)cc1)c1c-2ccc2cc(O)ccc12,CHEMBL280427
DEC_0436,decoy,CC(=O)[O-].CCn1c(=O)/c(=C2\SC3=C(CCCC3)N2C)s/c1=C\c1scc[n+]1CC,CHEMBL33122
DEC_0835,decoy,C=C1C2[C@H](OC(C)=O)[C@@H]3CC(=O)[C@@H](C)C([C@@H](OC(C)=O)[C@H](OC(C)=O)[C@]2(C)CC[C@@H]1OC(=O)/C=C/c1ccccc1)C3(C)C,CHEMBL42798
DEC_3814,decoy,O=C(CSc1cc(Cl)ccc1Cl)N[C@@H]1C(=O)N2C(C(=O)O)=C(COC(=O)c3ccncc3)CSC12,CHEMBL58804
DEC_1969,decoy,Nc1ncc(Cc2ccc(OCCCOc3cc(Cl)c(Cl)cc3Cl)cc2)c(N)n1,CHEMBL25112
DEC_0321,decoy,CC(/C=C/C(=O)C1=C(O)CN(C)C1=O)=C\c1ccnc2ccccc12,CHEMBL10387
DEC_1411,decoy,N#C/C(=C\c1ccccc1OCCN1CCCC1)c1noc2ccc(Cl)cc12,CHEMBL281142
DEC_2692,decoy,O=C(OC1CN2CCC1CC2)C1=C/C(=C\c2cccnc2)c2ccccc21,CHEMBL21321
DEC_3509,decoy,C=CC(C)(C)c1[nH]c2ccccc2c1C1=C(O)C(O)=C(c2c[nH]c3c(CCC(C)(C)O)cccc23)C(=O)C1=O,CHEMBL428355
DEC_3822,decoy,CC(=O)OCC1=C(C(=O)OC(c2ccccc2)c2ccccc2)N2C(=O)[C@@H](Nc3nc4ccccc4[nH]3)C2SC1,CHEMBL275692
DEC_3746,decoy,Cc1cc(C(=O)Nc2ccc(-c3ccccc3CN)cc2F)n(-c2cc3ccccc3cc2F)n1,CHEMBL20934
DEC_2230,decoy,CC(C)(C)c1ccc(S(=O)(=O)N2Cc3ccccc3N(Cc3c[nH]cn3)C(CCc3ccccc3)C2)cc1,CHEMBL8332
DEC_0001,decoy,Cc1cc(CCCCCOc2c(Cl)cc(-c3cnco3)cc2Cl)on1,CHEMBL417111
DEC_0741,decoy,C[C@]12CCC(=O)C[C@@H]1CC[C@@H]1[C@@H]2CC[C@]2(C)[C@@H](O)CC[C@@H]12,CHEMBL27769
DEC_3922,decoy,CCN(CC)CCNc1ccc2ncn3c4cc5c(cc4c(=O)c1c23)OCO5,CHEMBL8582
DEC_4243,decoy,COc1ccc2c(c1)c(CC(=O)N[C@H](CO)CCSC)c(C)n2C(=O)c1ccc(Cl)cc1,CHEMBL281379
DEC_2294,decoy,O=C1CCC/C=C\C[C@@H]2C(/C=C\[C@@H](COc3ccccc3)O1)[C@H](O)C[C@@H]2O,CHEMBL273730
DEC_0347,decoy,CC1(C)O[C@H]2[C@@H]3O[C@H](C(C)(C)C)O[C@@H]3CO[C@@]2(COS(N)(=O)=O)O1,CHEMBL283468
DEC_0273,decoy,O=C1NC(=O)C(CC#Cc2ccccc2)(S(=O)(=O)c2ccc(Br)cc2)S1,CHEMBL415973
DEC_2148,decoy,Cc1c(C)c2c(c(C)c1O)SC(CCCO)O2,CHEMBL38172
DEC_0937,decoy,CCNc1cccc2c(S(=O)(=O)Nc3onc(C)c3C)cccc12,CHEMBL26978
DEC_0016,decoy,CCCCCCCCC#Cc1ccc2c(c1)C[C@@H](CO)NC(=O)[C@H](C(C)C)N2C,CHEMBL6453
DEC_2377,decoy,O=C1O[C@H](c2ccc(Cl)cc2Cl)[C@@](Cn2cncn2)(c2ccccc2)O1,CHEMBL10447
DEC_4459,decoy,Cc1c(N2CC[C@H](N)C2)c(F)cn2c(=O)c(C(=O)O)cc(C3CC3)c12,CHEMBL16727
DEC_2857,decoy,CN(C)CCc1nnc2n1-c1ccc(Cl)cc1C(c1ccccc1)=NC2,CHEMBL16021
DEC_1764,decoy,Clc1cc(Cl)cc(COCC2(c3ccccc3)CCNCC2)c1,CHEMBL23617
DEC_2327,decoy,CCc1c(F)c(N2CCNC(C)C2)cc2c1c(=O)c(C(=O)O)cn2C1CC1,CHEMBL277308
DEC_1491,decoy,CC1(C)N=C(N)N=C(N)N1c1cccc(SCc2ccc(Cl)cc2)c1,CHEMBL21077
DEC_0724,decoy,CC(C)(C)C1=CC(=Nn2cccc2)C=C(C(C)(C)C)C1=O,CHEMBL24297
DEC_2219,decoy,OC1(c2ccc(Cl)cc2)CCN(CCCn2c3c(c4ccccc42)CCN(CCc2ccccn2)C3)CC1,CHEMBL12491
DEC_2166,decoy,OC(c1cncnc1)(c1cccs1)c1cccs1,CHEMBL29412
DEC_3867,decoy,COc1ccc2c3c1OC1C4NC(C(=O)OCC(C)C)=C(C)C4CC4C(C2)N(C)CCC341,CHEMBL34663
DEC_1673,decoy,O=C1Nc2ccc(Cl)cc2[C@@](C#CC2CC2)(C(F)(F)F)N1,CHEMBL283619
DEC_4615,decoy,O=CN(O)C(CCc1ccc(C(=O)O)cc1)CS(=O)(=O)c1ccc(Oc2ccc(OC(F)(F)F)cc2)cc1,CHEMBL78145
DEC_1417,decoy,Clc1ccc(C2COC(Cn3ccnc3)(c3ccccc3)O2)c(Cl)c1,CHEMBL281258
DEC_0880,decoy,CO/C1=C\C(C)=C\[C@@H](C)[C@@H](O)[C@@H](C)C/C(C)=C/C=C/[C@H](OC)[C@@H]([C@@H](C)[C@@H](O)[C@H](C)[C@@]2(O)C[C@@H](OC)[C@H](C)[C@@H](C(C)C)O2)OC1=O,CHEMBL293078
DEC_4757,decoy,CCCCCNC(=O)C(Cc1ccc(N(C(=O)C(=O)O)c2ccccc2C(=O)O)c(CC)c1)NC(C)=O,CHEMBL55799
DEC_1478,decoy,CCCCc1nc2ccc(C3CCC4CCCC4O3)cc2c(=O)n1Cc1ccc(-c2ccccc2-c2nn[nH]n2)cc1,CHEMBL297714
DEC_0889,decoy,CC(C)CCN(C[C@@H](O)[C@@H]1Cc2ccc(cc2)OCCCCCC(=O)N[C@@H](C(C)C)C(=O)N1)S(=O)(=O)c1ccccc1,CHEMBL295464
DEC_1789,decoy,C=C(C)[C@@]12C[C@@H](C)C34OC(Cc5ccccc5)(OC1[C@@H]3C=C(COC(=O)CCCCCCCCC)C[C@]1(O)C(=O)C(C)=C[C@@H]41)O2,CHEMBL430690
DEC_4719,decoy,CN(C)C(=O)n1cc(C(=O)c2ccn3c2CS[C@@H]3c2cccnc2)c2ccc(-c3ccc(OP(=O)(O)O)cc3)cc21,CHEMBL431037
DEC_2412,decoy,CCC1C2Cc3ccc(O)cc3C1(CC)CCN2C(=O)CN.Cl,CHEMBL286206
DEC_2120,decoy,O=NN(CCCl)C(=O)Oc1cncnc1,CHEMBL286373
DEC_3618,decoy,CC(C)(C)c1cc(/C=C/c2nnc(N)o2)cc(C(C)(C)C)c1O,CHEMBL12809
DEC_2783,decoy,CC(C)COc1nc2ccc(C(C)O)cn2c(=O)c1Cc1ccc(-c2ccccc2-c2nn[nH]n2)cc1,CHEMBL54699
DEC_2610,decoy,CC(CN(C)C)CN1c2ccccc2CCc2ccccc21,CHEMBL644
DEC_3386,decoy,Cc1ccc(S(=O)(=O)O)cc1.N/C(=N\O)N/N=C/c1ccc(C(F)(F)F)cc1,CHEMBL13274
DEC_2717,decoy,OC1(C2(CCC#CCN3CCCCC3)SCCCS2)c2ccccc2Sc2ccc(Cl)cc21,CHEMBL295510
DEC_4377,decoy,CC1CN(c2cc3c(cc2F)c(=O)c(C(=O)O)cn3C(C)(C)C)CC(C)N1,CHEMBL15417
DEC_2924,decoy,CN(CCn1c(N)nc2cc(Cl)c(Cl)cc21)CCn1c(N)nc2cc(Cl)c(Cl)cc21,CHEMBL45109
DEC_2409,decoy,CCN1CCN(c2cc3c(cc2F)c(=O)c(C(=O)O)cn3C(C)(C)C)CC1,CHEMBL15350
DEC_1894,decoy,O=c1cc(C(F)(F)F)c2cc3c(cc2o1)NCCC3C(F)(F)F,CHEMBL267270
DEC_4282,decoy,N[C@@H](CS)CNc1cccc(Oc2cccc(C(=O)O)c2)c1,CHEMBL25734
DEC_1716,decoy,Cc1nnc2n1-c1sc(C#Cc3ccc(CC(C)C)cc3)cc1C(c1ccccc1Cl)=NC2,CHEMBL33139
DEC_2311,decoy,COc1cc(CC(C)NCC#N)c(OC)cc1I,CHEMBL11006
DEC_0663,decoy,CCn1c(Nc2c(Cl)cccc2Cl)nc2ccc3c(C)c(C)nc(O)c3c21,CHEMBL418205
DEC_0042,decoy,COc1c2occc2c(CN(C(C)C)C(C)C)c2ccc(=O)oc12.Cl,CHEMBL267372
DEC_3572,decoy,C=CCOc1ccc(CC[C@](C)(O)[C@H]2C[C@@]34C=C[C@]2(OC)[C@@H]2Oc5c(OC)ccc6c5C23CCN(C)C4C6)cc1,CHEMBL59280
DEC_3921,decoy,CCNCC1CCN(c2c(F)c(C)c3c(=O)c(C(=O)O)cn(C4CC4)c3c2F)C1,CHEMBL16371
DEC_3801,decoy,CC1(C)C2CCC1(CS(=O)(=O)N1CCC3(CCc4ccccc43)CC1)C(NC(=O)C1CCCNC1)C2,CHEMBL277400
DEC_1869,decoy,CCCCc1nn(CC(OCc2ccccc2)c2ccccc2)c(=O)n1Cc1ccc(-c2ccccc2-c2nn[nH]n2)cc1,CHEMBL443005
DEC_4501,decoy,CC/C(=C(/c1ccc(O)cc1)c1ccc(OCN(C)C)cc1)c1ccccc1,CHEMBL19195
DEC_4466,decoy,C/C=C(\c1ccccc1OCC(O)CNC(C)(C)C)n1ccnc1,CHEMBL15638
DEC_1878,decoy,CC(C)C[C@@H](C(=O)N[C@@H](Cc1ccc(OC(=O)c2ccccc2)cc1)C(=O)NC(C)(C)C)N(C)Cc1ccc(Cl)cc1,CHEMBL303039
DEC_4737,decoy,CCc1nc(Cl)c(C(N)=O)n1Cc1ccc2oc(-c3ccccc3NS(=O)(=O)C(F)(F)F)c(Br)c2c1,CHEMBL104626
DEC_1466,decoy,C=C(Cl)CN1C[C@H](OCC23C[C@@H]4[C@H](C)CC[C@H]4C4(C=O)CC2C=C(C(C)C)[C@@]34C(=O)O)O[C@H](C)[C@H]1C,CHEMBL34273
DEC_4133,decoy,Cc1cc(C)c(/C=C2/NC(=O)NC2=O)c(C)c1,CHEMBL291292
ACT_084,active,O=C(c1ccc2[nH]ccc2c1)N1CCN(Cc2ccccc2)CC1,CHEMBL320069
DEC_2164,decoy,OC1CCCCC1N1CCC(C2CCCCC2)CC1,CHEMBL21309
DEC_2191,decoy,NC(=O)N1CCC(CC(=O)N2CCC([C@H]3c4ncc(Br)cc4CCc4cc(Cl)cc(Br)c43)CC2)CC1,CHEMBL298734
DEC_2689,decoy,O=c1c(-c2ccccc2)cccn1C(CN1CCCC1)c1ccccc1,CHEMBL278268
DEC_2017,decoy,O=C(Cn1c2c(c(=O)n3nc(-c4ccccc4)cc13)CN(C1CCCCC1)C2=O)c1ccc(F)cc1,CHEMBL49224
DEC_2807,decoy,CC(C)c1cccc(C(C)C)c1OS(=O)(=O)NC(=O)Oc1c(C(C)C)c(C(C)C)c(F)c(C(C)C)c1C(C)C,CHEMBL25499
DEC_1638,decoy,C[C@]12CC[C@H]3[C@@H](CC=C4C[C@@H](O)CC[C@@]43C)[C@@H]1CC[C@@H]2O,CHEMBL440283
DEC_3895,decoy,O=C1[C@@H](NS(=O)(=O)c2cc3nc(Cl)ccc3s2)CCN1Cc1cc2c[nH]ccc-2n1,CHEMBL268835
DEC_1390,decoy,Cc1ccc(C2COC(Cn3ccnc3)(c3ccc(Cl)cc3)O2)cc1,CHEMBL282954
DEC_2563,decoy,C=CCC1(C)OC(S)=Nc2ccc(-c3cccc(Cl)c3)cc21,CHEMBL25463
DEC_4356,decoy,CC(=O)c1cc2c(s1)[C@@H](NC(=O)c1ccccc1)[C@H](O)C(C)(C)O2,CHEMBL31551
DEC_0136,decoy,C[C@H](N)Cc1c2c(c(Br)c3c1OCC3)OCC2.Cl,CHEMBL263078
DEC_2656,decoy,CN(CCc1ccc2c(c1)OCO2)C[C@@H]1CCCc2c1ccc1c2OCC1,CHEMBL10052
DEC_4588,decoy,CC(C)(C)OC(=O)Nc1ccc2c(c1)C[C@H](C(=O)C(=O)O)N(S(=O)(=O)c1ccc(-c3ccc(F)cc3)cc1)C2,CHEMBL56158
DEC_4340,decoy,O=C1Nc2ccc(F)c(F)c2C(C#Cc2ccco2)(C(F)(F)F)O1,CHEMBL277723
DEC_1898,decoy,O=NN(CCF)C(=O)NC1CCCCCCCCCCC1,CHEMBL13121
DEC_3593,decoy,Cc1noc(NS(=O)(=O)c2ccccc2-c2ccc(-c3ncco3)cc2CN2CC(C)(C)CC2=O)c1C,CHEMBL30405
DEC_2185,decoy,CC(C)(C)C/C=C(\NC(=O)C1CC1(C)C)C(=O)O,CHEMBL267101
DEC_0610,decoy,O=C1NC(=O)C(c2c[nH]c3ccccc23)=C1c1c[nH]c2ccccc12,CHEMBL266487
DEC_1912,decoy,O=C1Nc2ccc(F)cc2C(C#Cc2ccco2)(C(F)(F)F)O1,CHEMBL17446
DEC_2541,decoy,CC(C)C(=O)NC[C@@H]1C[C@H]1c1cccc2c1OC(C(C)C)N2,CHEMBL19441
DEC_2099,decoy,CC1(C)S[C@@H]2[C@H](S)C(=O)N2[C@H]1C(=O)O,CHEMBL24351
DEC_3469,decoy,c1ccc2c(c1)OCC(OC1CCCC1)(C1=NCCN1)O2,CHEMBL417789
DEC_3709,decoy,CC(=O)OC1=C(Sc2ccccc2)C[C@H]2Cc3cc4cccc(O)c4c(O)c3C(=O)[C@H]2C1,CHEMBL30248
DEC_3861,decoy,COc1cccc2c1CC[C@H]1CN(CCn3c(=O)[nH]c4c(sc5nc(C)c(C)nc54)c3=O)C[C@@H]21,CHEMBL290243
DEC_2113,decoy,O=Cc1cccc(C=O)c1OP(=O)(O)O,CHEMBL279466
DEC_4175,decoy,C[C@@H](c1ccccc1)N1C(=O)c2c(F)c(F)c(F)c(F)c2C1=O,CHEMBL10778
DEC_1343,decoy,CNC(=O)[C@]12CCC(C)(C)CC1C1C(=O)C=C3[C@@]4(C)C=C(C#N)C(=O)C(C)(C)[C@@H]4CC[C@@]3(C)[C@]1(C)CC2,CHEMBL8077
DEC_3468,decoy,CCC(CC)/N=c1\c(O)c(O)\c1=N/c1ccc(C#N)cc1,CHEMBL417636
DEC_1154,decoy,NS(=O)(=O)OCC(Cl)(Cl)Cl,CHEMBL23067
DEC_3667,decoy,CCCCc1nc2c(n1Cc1ccc(-c3ccccc3-c3nn[nH]n3)cc1)C(=O)CCCC2,CHEMBL40340
DEC_2868,decoy,NC(=O)c1cc2c(SCc3ccc(Cl)cc3)cncc2s1,CHEMBL269570
DEC_3452,decoy,Oc1cc(/C=C/C(Br)Br)nc(O)n1,CHEMBL22192
DEC_0765,decoy,CC(C)(O)CC(=O)c1cc(C(C)(C)C)c2c(c1)C(C)(C)CCO2,CHEMBL274717
DEC_3916,decoy,c1ccc2nc(COc3ccc(SCCCc4nnn[nH]4)cc3)ccc2c1,CHEMBL18265
DEC_4301,decoy,CC[C@H]1OC(=O)CC(O)[C@H](C)[C@@H](O[C@@H]2O[C@H](C)C[C@H](N(C)C)[C@H]2O)[C@@H](CCN2CC(O)C2)C[C@@H](C)C(=O)/C=C/C(C)=C/[C@@H]1C,CHEMBL274801
DEC_0004,decoy,CCCCC[C@](C)(O)/C=C/C1[C@H](O)C[C@@H]2OC(=O)C(F)(F)CC/C=C\C[C@H]12,CHEMBL12717
DEC_2696,decoy,N#Cc1ccc(C2(c3ccc(C#N)cc3)CCCc3cncn32)cc1,CHEMBL285809
DEC_4552,decoy,Nc1nccc2ccc(OCC(Cc3ccccc3)N3Cc4cc(-c5ccccc5S(N)(=O)=O)ccc4C3=O)cc12,CHEMBL296345
DEC_0465,decoy,O=S(=O)(NS(=O)(=O)N1CCc2ccccc2CC1)N1CCc2ccccc2CC1,CHEMBL21455
DEC_2936,decoy,Cc1ccc(-c2cc(CN(Cc3cccc(Br)c3)C(Cc3c[nH]cn3)C(N)=O)no2)cc1,CHEMBL57972
DEC_4830,decoy,COc1nc(-c2cc(C(C)(C)C)c(O)c(C(C)(C)C)c2)ns1,CHEMBL276739
DEC_2745,decoy,Cc1ccc2cccc(OCc3c(C)ccc(N4CCC[C@@H]4CN4C(=O)c5ccccc5C4=O)c3C)c2n1,CHEMBL55194
DEC_0237,decoy,Cc1c(N2C[C@H](C3(N)CC3)C(F)(F)C2)c(F)c(N)c2c(=O)c(C(=O)O)cn([C@@H]3C[C@@H]3F)c12,CHEMBL6994
DEC_4660,decoy,O=C(O)Cn1c(=O)n(Cc2ccc(Cl)c(Cl)c2)c(=S)c2cc(Cl)ccc21,CHEMBL286674
DEC_2371,decoy,O=C1Nc2cccc3c2C1(CCCCN1CCN(c2ccccc2)CC1)CCC3,CHEMBL12427
DEC_0735,decoy,CSc1sc(-c2cc[nH]n2)c2c1C(=O)CC(C)(C)C2,CHEMBL17354
DEC_1890,decoy,N#Cc1ccc(-c2ccc3c(c2)C2(CCCCC2)C(S)=N3)s1,CHEMBL417475
DEC_0523,decoy,COc1ccc2c3c1OC1[C@H]4OC[C@@]4(CCCCc4ccccc4)CC4C(C2)N(C)CCC341,CHEMBL10006
DEC_1525,decoy,FC(F)(F)c1cccc(NC2CCN(c3ccc(-c4ncns4)nn3)CC2)c1,CHEMBL14279
DEC_3150,decoy,CC(C)Oc1cccc(-n2c(NNC(=O)Nc3cccc(C(=O)O)c3)nc3ccccc3c2=O)c1,CHEMBL267023
DEC_2975,decoy,O=C(O)CCc1c(-c2cccnc2)ccc2c1CCC(NS(=O)(=O)c1ccc(Cl)cc1)C2,CHEMBL28560
DEC_2456,decoy,COc1ccc2c3c1OC1[C@H](O)[C@@](C=CCCCc4ccccc4)(CO)CC4C(C2)N(C)CCC341,CHEMBL269664
DEC_0111,decoy,CCCCCCCCCCCCCCC1(C(=O)Nc2c(OC)cc(OC)cc2OC)CC1,CHEMBL38789
DEC_4581,decoy,COc1ccc(S(=O)(=O)N(Cc2ccccc2)c2c(C(=O)NO)cnc3ccc(Br)cc23)cc1,CHEMBL36191
DEC_2449,decoy,O=C(NCCCCCI)n1oc(=O)c2ccccc21,CHEMBL19580
DEC_1242,decoy,C[C@@]12CCc3occc3C1CC[C@@]13CC(CCC12)C(O)(CO)C3,CHEMBL31819
DEC_4716,decoy,COC(=O)c1c(C(F)(F)F)[nH]c2c1[C@@]13C[C@@H]1CN(C(=O)c1cc4cc(NC(=O)c5cc6ccccc6o5)ccc4[nH]1)C3=CC2=O,CHEMBL285982
DEC_1275,decoy,OC(c1ccccc1)(c1cncnc1)c1ccc(Cl)c(Cl)c1,CHEMBL287393
DEC_2922,decoy,OC[C@@]1(CCCCc2ccccc2)CC2C3Cc4ccc(O)c5c4C2(CCN3CC2CCC2)C(O5)[C@@H]1O,CHEMBL273257
DEC_2000,decoy,Cc1nc(-c2c3n(c4c(N5CCN(CCc6ccccc6)CC5)ncnc24)CCCC3)sc1C,CHEMBL26892
DEC_4382,decoy,Cc1c(C)c2cc(OS(=O)(=O)c3ccccc3)ccc2oc1=O,CHEMBL274746
DEC_1686,decoy,CC[C@]1(c2ccccc2Cl)OC[C@H]([C@@H]2CCCCN2)O1,CHEMBL26639
DEC_0838,decoy,C=C1[C@@H](OC(=O)/C=C/c2ccccc2)CC[C@@]2(C)[C@@H](OC(C)=O)[C@H](OC(C)=O)C3=C(C)[C@@H](OC(C)=O)C[C@@H]([C@@H](O)[C@H]12)C3(C)C,CHEMBL39025
DEC_3780,decoy,Cn1cc(C(C(=O)NS(=O)(=O)c2ccc(C(F)(F)F)cc2)c2ccc3c(c2)OCO3)c2ccc(C(N)=O)cc21,CHEMBL276982
DEC_0935,decoy,CCCCC[C@@H]1/C=C\C2[C@H](O)C[C@H](O)[C@@H]2CCCCCCC(=O)O1,CHEMBL418532
DEC_1855,decoy,CCCCCCCCN1C(=O)[C@H](Cc2ccc(-c3cccc(CN(COC)C(=O)OC)c3)cc2)N(C)C(=O)[C@@H]1C,CHEMBL47953
DEC_1149,decoy,Cc1[nH]c(/C=C2\C(=O)Nc3ccc(F)cc32)c(C)c1C(=O)NCC1CCN(C)CC1,CHEMBL13983
DEC_0067,decoy,CC(NC(=O)c1ccccc1)C1CCC2C3CC=C4CC(O)CCC4(C)C3CCC12C,CHEMBL8446
DEC_1534,decoy,CC1CCC(/C=N/c2ccccc2)=C2NC(c3ccccc3)=C(/C=C/C(=O)O)C(=O)N21,CHEMBL22582
DEC_4600,decoy,O=C1c2cccc3cccc(c23)C(=O)N1CCNCCCNCCN1C(=O)c2cccc3cccc(c23)C1=O,CHEMBL31400
DEC_0155,decoy,CN1C(=O)CC[C@@]2(C)C1=CCC1C2CC[C@@]2(C)C1CC[C@@H]2N(C)C=O,CHEMBL443995
DEC_0230,decoy,CN(C/C=C/c1ccccc1)Cc1ccc(Cl)c2ccccc12,CHEMBL21842
DEC_0463,decoy,CN(Cc1ccc(Cl)cc1)S(=O)(=O)c1ccc(-n2ncc(=O)[nH]c2=O)cc1Cl,CHEMBL275718
DEC_1737,decoy,COc1ccc([C@@H]2Sc3c(Cl)cccc3-n3c(CN(C)C)ccc3[C@@H]2OC(C)=O)cc1,CHEMBL25278
DEC_2767,decoy,CCCOP(=O)(OCC1C=CC(n2cc(C)c(=O)[nH]c2=O)O1)OCC(Cl)(Cl)Cl,CHEMBL19243
DEC_0327,decoy,CC(C)[C@H]1OC(=O)O[C@]1(Cn1cncn1)c1ccc(Cl)cc1,CHEMBL273499
DEC_0059,decoy,CC(C)(C)NC(=O)[C@H]1CCC2C3CCC4=C(S)C(=O)CC[C@]4(C)C3CC[C@@]21C,CHEMBL24464
DEC_3753,decoy,C=C[C@@]1(C)CC(=O)[C@]2(O)C3(C)C(C(O)C(OC(=O)CN(C)C4CCCCC4)[C@@]2(C)O1)C(C)(C)CC[C@@H]3O,CHEMBL295957
DEC_0571,decoy,CCCCc1cnc2c(c1)[C@@H]1c3cc(O)c(O)cc3CC[C@H]1NC2,CHEMBL283247
DEC_1967,decoy,CCN(CC)CCn1nc2c3c(c(CNC(=O)OC)ccc31)Sc1ccc(O)cc1-2,CHEMBL27233
DEC_3354,decoy,C=C1/C=C(\C)[C@H](CC)OC(=O)[C@H](C)C(=O)[C@@](O)(CO)[C@H](OC)/C=C/[C@@H](C)C1,CHEMBL32108
DEC_2180,decoy,CC1(C)C=C2C(=O)C(C)(C)C(=O)C(C)(C)C2(F)OO1,CHEMBL34210
DEC_4267,decoy,CCOC(=O)Nc1cc2c(c(N)n1)N=C(c1ccc(N)cc1)CN2,CHEMBL275790
DEC_2665,decoy,C=CC1CC2(C)C(CC[C@]2(C)C(C)=O)C2CCC3=CC(=O)CCC3=C12,CHEMBL275184
DEC_2578,decoy,CC1OC(/C=C/C2CC2)(C(F)(F)F)c2cc(Cl)ccc2NC1=O,CHEMBL31977
DEC_3625,decoy,Nc1nc(N)c2c(CSc3ccc(Cl)cc3)cccc2n1,CHEMBL266875
DEC_1634,decoy,CN(C)CCSC1Cc2ccccc2Sc2ccc(F)cc21,CHEMBL275881
DEC_2582,decoy,CCCc1cc2c(cc1O)C(C)(C)C(CCSc1ccccn1)O2,CHEMBL24633
DEC_4392,decoy,CCC(C)(O)C#Cc1nc(NCc2ccc3c(c2)OCO3)c2ncn(C(C)C)c2n1,CHEMBL286491
DEC_2032,decoy,O=C(Cn1c2c(c(=O)n3nc(-c4ccc(Cl)cc4)cc13)CN(C1CCCCC1)C2=O)c1ccccc1,CHEMBL48495
DEC_4345,decoy,O=C1Nc2ccc(F)cc2C(C#Cc2ccsc2)(C(F)(F)F)O1,CHEMBL278880
DEC_1389,decoy,CCCc1cc(=O)oc2c1c1c(c3oc(C)c(C)c(=O)c32)C=CC(C)(C)O1,CHEMBL267951
DEC_3683,decoy,C=CCNC(=O)O[C@H]1CC[C@@](CNC(=O)c2cccc(Cl)c2O)(c2ccccc2)CC1,CHEMBL441507
DEC_1012,decoy,CC1(C)OB(/C=C/CP(=O)(O)O)OC1(C)C,CHEMBL19606
DEC_3412,decoy,CC(C)C[C@@H]1OC(=O)C(C)(C)CNC(=O)[C@@H](Cc2ccc(O)c(Cl)c2)NC(=O)/C=C/C[C@@H]([C@H](C)[C@@H]2O[C@H]2c2ccccc2)OC1=O,CHEMBL86849
DEC_0588,decoy,CC(C)(C)c1cc(-c2n[nH]c(S)n2)cc(C(C)(C)C)c1O,CHEMBL12483
DEC_0123,decoy,CCCCCCCCCCOc1ccc(OCC(=O)CSCCCCC(=O)O)cc1,CHEMBL285344
DEC_3128,decoy,O=C(O)C(CCCCn1cnc2c1NC=NCC2O)(Cc1ccccc1C(F)(F)F)C(=O)O,CHEMBL288742
DEC_0121,decoy,CCCCCCCCCCCCOc1ccc(OCC(=O)COc2ccc(C(=O)O)cc2)cc1,CHEMBL418207
DEC_4769,decoy,COc1cccc(OC)c1-c1ccc(C[C@H](NC(=O)[C@@]2(c3ccc(Cl)c([N+](=O)[O-])c3)CCCO2)C(=O)O)cc1,CHEMBL37707
DEC_0946,decoy,CC(C)(C)c1cc(/C=C2\OC(N=C(N)N)=NC2=O)cc(C(C)(C)C)c1O,CHEMBL15781
DEC_3729,decoy,Cc1cc(SC2=C(O)OC(CCc3ccc(N)cc3)(C(C)C)CC2=O)c(C(C)(C)C)cc1N,CHEMBL38269
DEC_4673,decoy,CC1(C)Oc2nc3ccc(Br)cc3c(O)c2CC1Br,CHEMBL22230
DEC_3213,decoy,CO[C@H]1CCOP(=O)(NCCCl)N1CCCl,CHEMBL281278
DEC_2654,decoy,CC1(C)OC(S)=Nc2ccc(-c3cncc(Br)c3)cc21,CHEMBL25556
DEC_3086,decoy,N#CN=C1N(CC2CCCC2)[C@H](Cc2ccccc2)[C@H](O)[C@@H](O)[C@@H](Cc2ccccc2)N1CC1CCCC1,CHEMBL286791
DEC_0138,decoy,C[C@]12CCC3C(CC=C4C[C@@H](O)[C@H]5COC[C@]43C5)C1CC[C@@H]2OC1CC1,CHEMBL413593
DEC_4594,decoy,COC(=O)CC(O)(CCCC(C)C)C(=O)O[C@@H]1C(OC)=C[C@]23CCCN2CCc2cc4c(cc2[C@H]13)OCO4,CHEMBL275127
DEC_3471,decoy,c1ccc(C2(C3=NCCN3)COc3ccccc3O2)cc1,CHEMBL9885
DEC_2136,decoy,CC(=O)N(C)CC#CCN1CCC(C(=O)O)CC1,CHEMBL11095
DEC_1698,decoy,Cc1nnc2n1-c1ccc(C#CCN3C(=O)CCc4ccccc43)cc1C(c1ccc(Cl)cc1)=NC2,CHEMBL20591
DEC_3900,decoy,CCCCc1nc(Cl)c(CC(=O)OC)n1Cc1ccc(NC(=O)C(F)(F)F)cc1,CHEMBL25555
DEC_1707,decoy,CN(C)CC(c1ccc(Cl)cc1)c1nnc2n1-c1ccc(Cl)cc1C(c1ccccc1)=NC2,CHEMBL16228
DEC_3333,decoy,Brc1cccc(Br)c1N(CC1CC1)C1=NCCN1,CHEMBL20079
DEC_3095,decoy,CCCCOc1ccc(C#Cc2ccc(S(=O)(=O)N[C@H](Cc3c[nH]c4ccccc34)C(=O)O)s2)cc1,CHEMBL49499
DEC_2347,decoy,CCc1cc(C#N)ccc1C/N=c1\c(O)c(O)\c1=N/C(C)(C)CC,CHEMBL19999
DEC_2782,decoy,O=C1NC(=O)C(Cc2ccc(OCCc3oc(-c4ccccc4)nc3Cc3ccccc3)cc2)O1,CHEMBL290250
ACT_049,active,N#C/C(=C1/Nc2ccccc2S1)c1ccnc(NCCc2cccnc2)n1,CHEMBL1788116
DEC_3808,decoy,CCCCc1nc(Cl)c(C=O)n1Cc1ccc2c(c1)C1c3ccccc3C2C(c2nn[nH]n2)C1c1nn[nH]n1,CHEMBL312784
DEC_3017,decoy,C=C(C)[C@H]1CC2=C(Cc3ccc4c(c3C2)O[C@@H]2COc3cc(OC)c(OC)cc3[C@H]2C4=O)O1,CHEMBL41404
DEC_0061,decoy,CC1(C)OC(S)=Nc2ccc(-c3cc(Br)cc(OC(F)(F)F)c3)cc21,CHEMBL26763
DEC_3091,decoy,O=C(CCNc1c2ccccc2nc2ccccc12)NCCCNc1c2ccccc2nc2ccccc12,CHEMBL41877
DEC_3342,decoy,CCCCn1c(=O)c2cc(C(=O)O)cn2c2cc(Cl)c(Cl)cc21,CHEMBL13567
DEC_1595,decoy,CCCOc1c(Cl)c(OC)nc(C(Cl)(Cl)Cl)c1Cl,CHEMBL276861
DEC_0411,decoy,CC1(C)C=C(n2ccccc2=O)c2cc(S(=O)(=O)Oc3ccccc3)ccc2O1,CHEMBL11983
DEC_3307,decoy,O=C(O)COc1ccc(C2=NS(=O)(=O)c3ccccc32)c(Cl)c1Cl,CHEMBL25283
DEC_3717,decoy,CN1C[C@H](CNC(=O)OCc2ccccc2)C[C@@H]2c3cc(C(C)(C)C)cc4[nH]cc(c34)C[C@H]21,CHEMBL429051
DEC_2611,decoy,CCCN(CCC)C1Cc2cccc3nc(SC)n(c23)C1,CHEMBL267107
DEC_3240,decoy,NCCc1c[nH]c(-c2csc(Br)c2)n1,CHEMBL24346
DEC_3299,decoy,O=C(CN1CN(c2ccccc2)C2(CCN(C3CCc4cccc(Cl)c4C3)CC2)C1=O)c1ccccc1,CHEMBL26483
DEC_0427,decoy,O=C1Nc2ccc(Cl)cc2C(OCC=C(Cl)Cl)(C(F)(F)F)O1,CHEMBL280231
DEC_1653,decoy,CC(C)c1ccc2c(c1)CC[C@H]1[C@](C)(CO)CCC[C@]21C,CHEMBL12799
DEC_1152,decoy,Nc1nc(N)c2c(Cl)c(NC(=O)COc3ccc(Cl)c(Cl)c3)ccc2n1,CHEMBL7106
DEC_3038,decoy,CCCc1nc2c(n1Cc1ccc(-c3ccccc3-c3nnnn3C)cc1)CCCCC2=O,CHEMBL40549
DEC_1795,decoy,CC[C@H](C)C(=O)O[C@H]1C[C@@H](C)C=C2C=C[C@H](C)[C@H](CC[C@@H]3C[C@H](CC(=O)OC)N(CCc4ccc(O)c(OC)c4)C(=O)O3)[C@H]21,CHEMBL311372
DEC_1136,decoy,O=P(O)(O)Cc1cc(-c2ccc(Cl)cc2)cc2nc(O)c(O)nc12,CHEMBL12513
DEC_4733,decoy,CCO/C(O)=C1\C(C)=NC(C)=C(C(=O)OCCN2C(=O)c3ccccc3S2(=O)=O)C1c1cccc(Cl)c1Cl,CHEMBL78954
DEC_0561,decoy,COC(=O)C1C(c2ccc(C=C(Br)Br)cc2)CC2CCC1N2C,CHEMBL14924
DEC_2520,decoy,CCCC1Nc2cccc([C@@H]3C[C@H]3CNC(=O)C3CC3)c2O1,CHEMBL279343
DEC_2652,decoy,COc1nc(C(Cl)(Cl)Cl)c(Cl)c(Cl)c1Cl,CHEMBL11241
DEC_2126,decoy,CC1=C(N2CC2)C(=O)c2nc3n(c2C1=O)CCC3,CHEMBL17542
DEC_1821,decoy,CCCC[C@@]1(OCSC)CC[C@]2(CC[C@H](C)[C@@H](C/C=C(C)/C=C/[C@H](O)[C@@H](C)/C=C/C(=O)O)O2)O[C@H]1/C=C/C(C)=C/C(=O)O,CHEMBL327131
DEC_2241,decoy,CC(C)c1cccc(C(C)C)c1OS(=O)(=O)NC(=O)Oc1c(C(C)(C)C)cc(CN(C)C)cc1C(C)(C)C,CHEMBL423290
DEC_0535,decoy,COc1cc2c(cc1OC)-c1cc(=Nc3c(C)cc(C)cc3C)n(C(C)C)c(=O)n1CC2,CHEMBL34261
DEC_3504,decoy,CC(C)NC(=O)N[C@@H](c1ccsc1)[C@@H](O)C(=O)OC1CC2C(C)(C)C1(C)[C@@]13CC(C)c4ccccc4[C@@]21O3,CHEMBL30994
DEC_2150,decoy,CC12N[C@H](CC3CCCCC31)C1CCCCC12,CHEMBL9477
DEC_1860,decoy,COc1ccc(C(C#N)(CCCCCN2CCc3cc4c(cc3C2)OCO4)Sc2ccc(C)cc2)cc1OC,CHEMBL68845
DEC_3870,decoy,CNc1nccc2c1c1ncnc(N3CCN(CCc4ccc(F)c(F)c4)CC3)c1n2C,CHEMBL25731
DEC_4171,decoy,CS(=O)(=O)c1ccc(C2=C(c3ccc(F)cc3)C(=O)CC2)cc1,CHEMBL22812
DEC_2172,decoy,O=c1nc2n(c3c1CCCC3)CCCCCC2,CHEMBL288136
DEC_1926,decoy,CN1CC=C(c2c[nH]c3ccc(-c4cccs4)cc23)CC1,CHEMBL27643
DEC_2024,decoy,CCc1nnc2n1-c1ccc(C#CCN3C(=O)c4ccccc4C3=O)cc1C(c1ccccc1F)=NC2,CHEMBL283152
DEC_3587,decoy,CCCCCCC(=O)O[C@@H]1c2cc3c(cc2[C@@H](c2cc(OC)c(OC)c(OC)c2)[C@H]2C(=O)OC[C@@H]21)OCO3,CHEMBL424217
DEC_3789,decoy,O=C(O)/C=C/C(=O)O.OCCN1CCN(C2=Nc3ccccc3CC=C2c2cccc(C(F)(F)F)c2)CC1,CHEMBL16845
DEC_1204,decoy,CCC1Nc2ccccc2C(=O)N1Cc1ccc(-c2ccccc2-c2nn[nH]n2)cc1,CHEMBL279602
DEC_3553,decoy,CC(C)C1=CC2CC3(C=O)[C@@H]4CC[C@@H](C)[C@H]4CC2(CO[C@H]2CN(C/C=C\Br)[C@H](C)CO2)[C@]13C(=O)O,CHEMBL34515
DEC_3396,decoy,CC(C)(C)c1cc(-c2nsc(NS(C)(=O)=O)n2)cc(C(C)(C)C)c1O,CHEMBL279608
DEC_4036,decoy,CCC1CCc2cc3c(C(F)(F)F)cc(=O)oc3cc2N1,CHEMBL266473
DEC_3526,decoy,Cc1cc(C)cc(NC(=O)Cc2ccc(OC3(C(=O)N[C@H](Cc4ccc(O)cc4)C(=O)O)CCCC3)cc2)c1,CHEMBL18202
DEC_2500,decoy,COc1cccc2c1CCC1CN(CCCCn3c(=O)[nH]c4c(sc5ccccc54)c3=O)CC21,CHEMBL289758
DEC_4252,decoy,N=C(N)c1ccc(N2CCN(c3ccc(C(=N)N)cc3)CC2)cc1,CHEMBL9126
DEC_3707,decoy,CCCCc1oc2ccccc2c1C(O)c1ccc2c(Br)c(O)ccc2c1,CHEMBL278096
DEC_0993,decoy,Nc1nc(=O)n(C2OC(CO)C(I)C2O)cc1F,CHEMBL417794
DEC_3640,decoy,N#Cc1ccc(S(=O)(=O)Nc2cccc3c(Cl)c[nH]c23)cc1,CHEMBL20814
DEC_0895,decoy,CC(C)C[C@@H]1OC(=O)C(C)(C)CNC(=O)[C@@H](Cc2ccc(N)c(Cl)c2)NC(=O)/C=C/C[C@@H]([C@H](C)/C=C/c2ccccc2)OC1=O,CHEMBL262960
DEC_1942,decoy,CN1CC[C@]23c4c5ccc(O)c4O[C@H]2[C@H](SSc2ccc([N+](=O)[O-])cn2)CCC3C1C5,CHEMBL40643
DEC_0312,decoy,Cc1cc(C(c2cccc(Cl)c2)N2CCN(C)CC2)sn1,CHEMBL22225
DEC_3706,decoy,CC(C)=CCC[C@](C)(O)C1CC[C@]2(C)C1[C@H](O)CC1[C@@]3(C)CC[C@H](O)C(C)(C)C3CC[C@]12C,CHEMBL280986
DEC_4144,decoy,Nc1cc(Cl)c(N=C2NCCN2)c(Cl)c1,CHEMBL647
DEC_1341,decoy,CC1(C)CCC[C@](C)(C2CC[C@]3(C)C2[C@H](O)CC2[C@@]4(C)CC[C@H](O)C(C)(C)C4CC[C@]23C)O1,CHEMBL282542
DEC_1693,decoy,CCN(C)CC#CCCC1(C2(O)c3ccccc3Sc3ccccc32)SCCCS1,CHEMBL40930
DEC_3383,decoy,Cc1c(F)c(N2CCC(C)(CN)C2)c(F)c2c1c(=O)c(C(=O)O)cn2C1CC1,CHEMBL279647
DEC_0774,decoy,O=C1Nc2ccc(F)c(F)c2C(C#Cc2cccs2)(C(F)(F)F)O1,CHEMBL277502
ACT_046,active,Clc1ccc(-c2[nH]ncc2-c2ccncn2)cc1,CHEMBL5269500
DEC_1109,decoy,Nc1nc(N)c2cc(CNC(=O)Cc3ccc(Cl)c(Cl)c3)ccc2n1,CHEMBL267617
DEC_1899,decoy,CC(C)=CCc1c(O)c2ccccc2c2nc3ccccc3nc12,CHEMBL280012
DEC_3174,decoy,CCC(=O)OC(c1nc2c(C(F)(F)F)cccc2c(O)c1C(=O)Nc1ccccn1)C(C)C,CHEMBL36421
DEC_3950,decoy,COc1ccnc(C[S+]([O-])c2nc3cc4c(cc3[nH]2)OC(F)(F)O4)c1C,CHEMBL9539
DEC_3046,decoy,CCCC1=NC2(CCSCC2)C(=O)N1Cc1ccc(-c2ccccc2-c2nn[nH]n2)cc1,CHEMBL289105
DEC_1493,decoy,CC1Cc2cc3c(cc2C(c2ccc(N)cc2)=NN1C(=O)C(C)(C)C)OCO3,CHEMBL269104
DEC_3296,decoy,C[C@@H]1C[C@@]23O[C@]2(c2ccccc21)C1CC(OC(=O)[C@H](O)[C@@H](NC(=O)OC(C)(C)C)c2ccccc2)C3(C)C1(C)C,CHEMBL31413
DEC_3631,decoy,CC(/C=C/C(O)=C1\C(=O)CNC1=O)=C\c1ccc2ccccc2c1,CHEMBL10299
DEC_0497,decoy,COc1cc2c(cc1OC)-c1cc(Nc3ccc(C)c(Cl)c3Cl)nc(=O)n1CC2,CHEMBL34966
DEC_3793,decoy,O=C1NC(c2ccc(Br)cc2)(c2ccc(Br)cc2)C(=O)N1CCN1CCOCC1,CHEMBL50925
DEC_4768,decoy,O=C(O)[C@@H](CC1CC1)N1C[C@H](CN2CCC(CCP(=O)(O)c3ccccc3)CC2)[C@@H](c2cccc(F)c2)C1,CHEMBL21058
DEC_0279,decoy,CCO[C@@H]1c2cc3c(cc2[C@@H](c2cc(OC)c(O)c(OC)c2)[C@H]2C(=O)OCC12)OCO3,CHEMBL41258
DEC_0101,decoy,CCCCCC=C(c1ccc(OCCN(CC)CC)cc1)c1ccc(OCCN(CC)CC)cc1,CHEMBL13273
DEC_1108,decoy,O=C1NC(=O)c2c1c1c3ccccc3cnc1c1[nH]c3c(CCO)cccc3c21,CHEMBL278794
DEC_1532,decoy,O=S(=O)(Nc1ccccc1SCc1ccc2ccccc2n1)C(F)(F)F,CHEMBL17020
DEC_4658,decoy,C[C@]12CC[C@]3(C1)C(CC2=O)C[C@@H](OC(=O)c1ccccc1)C1[C@](C)(CO)CCC[C@@]13C,CHEMBL428332
DEC_2443,decoy,C=CCc1cc(CCC(=O)OCC)ccc1C#CC1(O)CN2CCC1CC2,CHEMBL24362
DEC_1825,decoy,CC[C@@H](C(=O)[C@@H](C)[C@@H](O)[C@H](C)CCc1ccc(C)c(OC(=O)OC)c1C(=O)O)[C@H]1O[C@](CC)([C@H]2CC[C@](O)(CC)[C@H](C)O2)C[C@@H]1C,CHEMBL342066
DEC_0666,decoy,CN1c2ccc(Cl)cc2[C@H]2OCC[C@H]2[C@H]1c1c[nH]c2ccc(Br)cc12,CHEMBL24918
DEC_2646,decoy,O=C(NCCc1c2n(c3ccccc13)Cc1ccccc1-2)C1CC1,CHEMBL10043
DEC_4123,decoy,C/N=C(\N)NCCSCc1nccs1,CHEMBL30893
DEC_2225,decoy,O=C1NCN(c2cccc(C(F)(F)F)c2)C12CCN(CCCN(c1ccc(F)cc1)c1ccc(F)cc1)CC2,CHEMBL54077
DEC_0595,decoy,O=C(NCC1CCC(C(=O)NO)CC1)c1ccc(-c2ccccc2)cc1,CHEMBL275380
DEC_1291,decoy,CCNS(=O)(=O)Oc1cc(C(C)(C)C)c(SC2=C(O)OC(C)(CCc3ccc(O)cc3)CC2=O)cc1C,CHEMBL71472
DEC_3777,decoy,COc1cc([C@@H]2c3cc4c(cc3[C@@H](NC(=O)Nc3ccc(F)cc3)[C@H]3COC(=O)[C@H]23)OCO4)cc(OC)c1O,CHEMBL74807
DEC_4088,decoy,Cc1cc(C(=O)Nc2ccc(-c3cccc(C(=N)N(C)C)c3)cc2)n(-c2ccc3cc(Cl)ccc3c2)n1,CHEMBL21092
DEC_1651,decoy,CC1c2cc3c(C(F)(F)F)cc(O)nc3cc2NC[C@@H]1C,CHEMBL436344
DEC_3523,decoy,Cc1cc(C)cc(-c2c(O)nc3cc(Cl)c(NC(=O)c4cncnc4)cc3c2OCC[C@@H]2CCCCN2)c1,CHEMBL49293
DEC_4489,decoy,CCc1c(F)c(N2CCNCC2)cc2c1c(=O)c(C(=O)O)cn2C1CC1,CHEMBL16181
DEC_3710,decoy,CCN1CCC(CNc2nc(Nc3cc(Cl)cc(Cl)c3)c3ccccc3n2)CC1,CHEMBL31625
DEC_2540,decoy,CNCc1ccccc1Sc1ccc(Br)cc1N,CHEMBL23033
DEC_3422,decoy,CC(C)C[C@@H]1OC(=O)C(C)(C)CNC(=O)[C@@H](Cc2ccc(N)cc2)NC(=O)/C=C/C[C@@H]([C@H](C)[C@H]2O[C@@H]2c2ccccc2)OC1=O,CHEMBL407385
DEC_1622,decoy,CC1(C)C(=O)N(c2ccc(C#N)c(C(F)(F)F)c2)C(=O)N1CCF,CHEMBL274667
DEC_2251,decoy,CC1(c2ccccc2)c2cc(C(=O)O)sc2C(=O)c2c1c1ccccc1n2Cc1ccc(OCC(=O)O)cc1,CHEMBL13842
DEC_2390,decoy,O=C1NCN(c2ccccc2)C12CCN(C1CCc3c(Cl)ccc(Cl)c3C1)CC2,CHEMBL283480
ACT_004,active,Fc1ccc(Sc2ccc3nnc(C4CCNCC4)n3c2)c(F)c1,CHEMBL594602
DEC_3227,decoy,CCc1ccc(C(c2ccns2)N2CCN(C)CC2)cc1,CHEMBL22603
DEC_2366,decoy,CC(C)(C)c1cc(-c2nnc(SCC(F)(F)F)s2)cc(C(C)(C)C)c1O,CHEMBL16647
DEC_1326,decoy,CCCc1nc2c(n1Cc1ccc(-c3ccccc3S(=O)(=O)Nc3onc(C)c3C)c(CO)c1)C(=O)CCCC2,CHEMBL11528
DEC_3006,decoy,COc1cc2c(cc1OC)[C@H]1C(=O)c3ccc4c(c3O[C@@H]1CO2)Cc1cc(C(C)C)oc1C4,CHEMBL297612
DEC_3345,decoy,Brc1cccc(Br)c1N(C1=NCCN1)C1CCCC1,CHEMBL417459
DEC_1472,decoy,CCOC(=O)N[C@@H](c1ccsc1)[C@@H](O)C(=O)OC1CC2C(C)(C)C1(C)[C@@]13C[C@@H](C)c4ccccc4[C@@]21O3,CHEMBL31307
DEC_0943,decoy,CC1OC=C(CO)[C@H]2C[C@H]3c4[nH]c5ccccc5c4CCN3CC12,CHEMBL15238
DEC_2323,decoy,Nc1ccc(CCn2ncc3c2nc(N)n2nc(-c4ccco4)nc32)cc1,CHEMBL22316
DEC_3197,decoy,CCC(OC(=O)C(C)(C)C)c1nc2c(C(F)(F)F)cccc2c(O)c1C(=O)Nc1nccs1,CHEMBL32545
DEC_2573,decoy,c1ccc(Nc2[nH]c3ccccc3c3nc(C4CCCC4)nc2-3)cc1,CHEMBL442333
DEC_3246,decoy,CCNc1nc(N2CCN(C)CC2)nc(Cl)c1SC,CHEMBL28184
DEC_2434,decoy,Brc1cccc(N(CC2CC2)C2=NCCN2)c1Br,CHEMBL20275
DEC_4055,decoy,C[C@@H]1CC[C@]2(C(=O)O)CC[C@]3(C)C(=CCC4[C@@]5(C)C[C@@H](O)[C@@H]6OC(C)(C)OC[C@@]6(C)C5CC[C@]43C)C2[C@H]1C,CHEMBL19761
DEC_2361,decoy,COc1cccc(Cn2nc(C(F)(F)F)c(Cc3ccc4c(c3)OCO4)c2OC)c1,CHEMBL28688
DEC_0921,decoy,C[C@@]12CC[C@@H]3OCC[C@@H]3C1CC[C@@]13CC(CCC12)[C@@](O)(CO)C3,CHEMBL430924
DEC_2472,decoy,CC(C)C1=CC2CC3(C=O)[C@@H]4CC[C@@H](C)[C@H]4CC2(CO[C@H]2C[C@@H]4OC(=O)O[C@@H]4[C@@H](C)O2)C13C(=O)O,CHEMBL277254
DEC_2605,decoy,Brc1ccc(SC2CN3CCC2CC3)cc1,CHEMBL278307
DEC_0474,decoy,C=C1CC[C@@H](O)C(O)/C1=C/C=C1\CCCC2(C)C1CCC2[C@H](C)CCCC(C)(C)O,CHEMBL15718
DEC_3434,decoy,C=C1[C@H](OC(=O)c2ccccc2)[C@@H](OC(C)=O)[C@@H](OC(C)=O)C(C)(C)/C=C/[C@H](C)C(=O)[C@@]2(O)C[C@H](C)[C@H](O)[C@@H]2[C@H]1OCC(C)C,CHEMBL325294
DEC_2884,decoy,CCOC(=O)C(C)(C)c1nc(-c2ccc(Cl)cc2)oc1-c1ccco1,CHEMBL18736
DEC_1515,decoy,O=C1Nc2cccc3c2C1(CCCN1CCN(c2ccccc2)CC1)CCC3,CHEMBL13052
DEC_4311,decoy,CCC1(O)c2cc3nc4c(c5nc(cc6[nH]c(cc([nH]2)C1(C)O)c(C=O)c6C)[C@@H](C)[C@@H]5CCC(=O)OC)C(=O)OC(=O)C4=C3C,CHEMBL428856
DEC_4160,decoy,CN1CCCC[C@H]1[C@H]1COC(c2ccccc2)(c2ccccc2)O1,CHEMBL26481
ACT_014,active,CNC(=O)c1[nH]c(C(C)(C)C)cc1NC(=O)Nc1ccc(C)cc1,CHEMBL18520
DEC_3473,decoy,O[C@@H]1CCC2CN3CCc4cc5c(cc4[C@@H]3C[C@@H]2C1)OCO5,CHEMBL29379
DEC_0264,decoy,CCCCc1nc2cnnc(O)c2n1Cc1ccc(-c2ccccc2-c2nn[nH]n2)cc1,CHEMBL7478
DEC_1987,decoy,CC(C)(C)c1ccc(N/N=C(\N=N\c2nnnn2-c2ccccc2)c2ccccc2)cc1,CHEMBL23069
DEC_1458,decoy,COC1(OC)C=CC(C2(C3=CCC(OC)(OC)C=C3)Sc3ccc(C(F)(F)F)cc3-n3cccc32)=CC1,CHEMBL281311
DEC_3056,decoy,COc1ccc2c3c1OC1[C@H](O)[C@](CO)(CCCCCc4ccccc4)CC4C(C2)N(CC2CC2)CCC341,CHEMBL276598
DEC_0848,decoy,O=C(O)C1CCN(c2cc(N3CCN(c4c([N+](=O)[O-])ccc(C(F)(F)F)c4[N+](=O)[O-])CC3)c([N+](=O)[O-])cc2C(F)(F)F)CC1,CHEMBL355605
DEC_4090,decoy,CCC(c1ccc(O)c(Br)c1)C(CC)c1cc(Br)c(O)c(Br)c1,CHEMBL6516
DEC_3475,decoy,O[C@H]1CCC2CN3CCc4cc5c(cc4[C@@H]3C[C@@H]2C1)OCO5,CHEMBL28531
DEC_4572,decoy,COc1ccc(-c2c3c4cc(OC)c(O)cc4oc(=O)c3n3ccc4c(OC)c(OC)c(OC)cc4c23)cc1O,CHEMBL301410
DEC_2732,decoy,CCCN1N=C2/C(=C/c3cccc(C(F)(F)F)c3)CS(=O)(=O)CC2C1c1cccc(C(F)(F)F)c1,CHEMBL289280
DEC_3460,decoy,O=C1CCC(c2ccc(-n3cnc4c3CCCC4)cc2)=NN1,CHEMBL30623
DEC_0789,decoy,CCCc1cc(=O)oc2c3c(c4c(c12)OC(C)(C)C=C4)O[C@H](CC)[C@@H](C)[C@H]3O,CHEMBL267693
DEC_0214,decoy,CC(Cc1ccc2ccccc2c1)NCCCc1ccccc1,CHEMBL19541
DEC_2075,decoy,CSc1nc2nc(C(=O)c3ccccc3)cn2c2c1CSCC2,CHEMBL20346
DEC_1363,decoy,CN(C)CC#CCCC1(C2(O)c3ccccc3Sc3ccc(Cl)cc32)SCCCS1,CHEMBL40661
DEC_2040,decoy,Cc1cc(C)cc(Sc2c(C)c(=O)[nH]c(=S)n2COCCO)c1,CHEMBL279409
DEC_0845,decoy,O=c1c2c(oc(O)c1C(c1cccc(N(S(=O)(=O)c3ccccc3)S(=O)(=O)c3ccccc3)c1)C1CC1)CCCCCC2,CHEMBL16644
DEC_0127,decoy,CCCCCCCCCCCCCCCCNc1ccc(C(=O)OCC(=O)OCC)cc1,CHEMBL417125
DEC_2613,decoy,Cc1nccn1-c1ccc(C2=CCCn3c2cnc3C)cc1,CHEMBL27771
DEC_4796,decoy,N#Cc1ccc(-c2ccc3c(c2)C2(CCCCC2)C(S)=N3)o1,CHEMBL27766
DEC_3175,decoy,Oc1ccc2c(c1)OC(c1ccc(OCCN3CCCCC3)cc1)c1c-2sc2cc(O)ccc12,CHEMBL280970
DEC_4074,decoy,O=C(c1ccc(Nc2ccnc3cc(C(F)(F)F)ccc23)cc1)N1CCC(O)(c2ccc(Cl)cc2)CC1,CHEMBL29998
DEC_2777,decoy,COC(OC)[C@@]1(C)Oc2ccc(N)cc2[C@H](N(Cc2ncc[nH]2)c2ccc(OC(F)(F)F)cc2)[C@H]1O,CHEMBL47196
DEC_2187,decoy,CC(C)(C)C#C/C=C/CNCc1ccc(O)nc1,CHEMBL35416
DEC_0469,decoy,C=C1/C(=C\C=C\[C@H]2CCC[C@H]([C@H](C)CCCC(C)(C)O)C2(C)C)C[C@@H](O)C[C@@H]1O,CHEMBL32633
DEC_2183,decoy,Oc1cc(-c2cccs2)nc2cc3c(cc12)OCO3,CHEMBL14540
DEC_2590,decoy,CC(C)(Nc1nc(C(F)(F)F)nc2ccccc12)c1ccccc1,CHEMBL16037
DEC_3165,decoy,Cc1cc(SC2=C(O)OC(CCc3ccc(O)cc3)(C3CC3)CC2=O)c(C(C)(C)C)cc1N,CHEMBL35271
DEC_1483,decoy,OC(COc1cccc2ncccc12)CN1CCN(C2c3ccccc3C3C(c4ccccc42)C3(Cl)Cl)CC1,CHEMBL315631
DEC_0094,decoy,Nc1nc2cc(Cl)c(Cl)cc2n1Cc1cc(C(F)(F)F)cc(C(F)(F)F)c1,CHEMBL22792
DEC_1727,decoy,Clc1ccc(C2(Cn3ccnc3)OCC(c3ccc(Br)cc3)O2)c(Cl)c1,CHEMBL28524
DEC_1765,decoy,O=C(CS)N(CCc1cccc(C(F)(F)F)c1)c1cccc2ccccc12,CHEMBL29940
DEC_2401,decoy,Brc1cccc(Br)c1N(C1=NCCN1)C1CCCCC1,CHEMBL20910
DEC_2765,decoy,CC(C)C1=CC2CC3(C=O)[C@@H]4CC[C@@H](C)[C@H]4CC2(CO[C@@H]2C[C@@H]4OC(C)(C)O[C@@H]4[C@@H](C)O2)C13C(=O)O,CHEMBL281117
DEC_3671,decoy,O=C1CC2(CCCC2)CC(=O)N1CCCCNCC1COc2ccc3ccccc3c2O1,CHEMBL12311
DEC_1535,decoy,OC1(C#Cc2ccc(Oc3ccc(Br)cc3)cc2)CN2CCC1CC2,CHEMBL24776
DEC_1723,decoy,CC(C)N1[C@H](C)CN(C(=O)N2Cc3c(C(=O)OC(C)(C)C)ncn3-c3ccc(Cl)cc32)C[C@@H]1C,CHEMBL15319
DEC_3756,decoy,CC(C)C1=CC2CC3(C=O)[C@@H]4CC[C@@H](C)[C@H]4CC2(CO[C@@H]2O[C@H](C)[C@H]4OC(C)(C)O[C@H]4[C@@H]2O)C13C(=O)O,CHEMBL21658
DEC_0218,decoy,Cc1ccc(C(c2ccn(-c3ccccc3)c2)n2ccnc2)cc1,CHEMBL20467
DEC_3034,decoy,N#Cc1c2n(c3c(N4CCN(CCc5ccc(Cl)cc5)CC4)ncnc13)CCCC2,CHEMBL282610
DEC_0786,decoy,CN(C(=O)[C@H]1CCC2C3CCC4NC(=O)C=C[C@]4(C)C3CC[C@@]21C)c1ccccc1,CHEMBL25072
DEC_1205,decoy,Cc1noc(NS(=O)(=O)c2cccc3c(N/C(S)=N/c4ccccc4)cccc23)c1C,CHEMBL27063
DEC_4714,decoy,COC(=O)c1c(C(F)(F)F)[nH]c2c(O)cc3c(c12)[C@H](CCl)CN3C(=O)c1cc2cc(OC)c(OC)c(OC)c2[nH]1,CHEMBL286568
DEC_1933,decoy,Oc1ccc(C2=C(c3ccc(O)cc3)c3ccc(O)cc3CC2)cc1,CHEMBL27207
DEC_3273,decoy,O=C1CCc2ccccc2N1CC#Cc1ccc2c(c1)C(c1ccccc1F)=NCc1nnc(C(F)(F)F)n1-2,CHEMBL279084
DEC_2622,decoy,CN1C2CCC1[C@@H](/C=C/Cl)[C@@H](c1ccc(Cl)cc1)C2,CHEMBL28394
DEC_1370,decoy,CC1(C)CC[C@]2(C(=O)O)CC[C@]3(C)C(C(=O)C[C@@H]4[C@@]5(C)C=CC(=O)C(C)(C)[C@@H]5CC[C@]43C)C2C1,CHEMBL296070
DEC_0104,decoy,CCCCCCCCCCCCCCCCCCCC(=O)N1CSC[C@H]1C(=O)N1CCCC1,CHEMBL47936
DEC_3278,decoy,C[C@@H]1CN(C(=O)N2Cc3c(C(=O)OC(C)(C)C)ncn3-c3ccc(Cl)cc32)C[C@H](C)N1CC(F)(F)F,CHEMBL15253
DEC_1351,decoy,OC1(C2(CCC#CCN3CCCCC3)SCCCS2)c2ccccc2Oc2ccccc21,CHEMBL40355
DEC_1232,decoy,O=C(O)Cc1nn(Cc2nc3c(Cl)ccc(Cl)c3s2)c(=O)c2ccccc12,CHEMBL282263
DEC_1840,decoy,C=C(C=O)[C@@H]1C[C@@]2(C)C(=CC1=O)[C@H](OC(=O)/C(C)=C/C(C)CCCC)CC[C@@H]2C(=O)OP(=O)(OCC)OCC,CHEMBL307588
DEC_1167,decoy,c1cc2c3c(c1)OC(C1=NCCN1)CN3CC2,CHEMBL13955
DEC_4595,decoy,COC(=O)C(Cc1ccc(N(CCCl)CCCl)cc1)NC(=O)CC(C)(C)C1=C(C)C(=O)C(C)=CC1=O,CHEMBL78825
DEC_2798,decoy,O=C(Nc1cccc2c1OC(c1nnn[nH]1)CC2=O)c1ccc(OCc2ccc3ccccc3n2)cc1,CHEMBL47662
DEC_0743,decoy,C/C(=N\O)c1cc2c(Sc3ccc(C)cc3)cncc2s1,CHEMBL262570
DEC_1945,decoy,N#Cc1cc(-c2ccoc2)c2ccc(OCc3cccc(C4(O)CC5COC(C4)O5)n3)cc2c1,CHEMBL278293
DEC_1621,decoy,CCCN(CCc1ccsc1)C1CCc2c(O)cccc2C1,CHEMBL7806
DEC_2832,decoy,Cc1cc(C)cc(-c2[nH]c3ccc(C(C)(C)C(=O)N4C[C@H]5CCCC[C@H]5C4)cc3c2[C@H](C)CNCCCCc2ccncc2)c1,CHEMBL86431
DEC_0227,decoy,CN(C/C=C/c1cccc2ccccc12)Cc1ccccc1,CHEMBL21411
DEC_2888,decoy,CCN(CC)/C(S)=N\c1cc(-c2nc(-c3ccco3)no2)ccc1Cl,CHEMBL278146
DEC_2426,decoy,CC(C)N1CC2(CCN(CCc3c[nH]c4ccccc34)CC2)OC1=O,CHEMBL431883
DEC_0243,decoy,O=C(O)CCCC(=O)N1CCC2(CCC(C(=O)N3CCC(C4CCNCC4)CC3)CC2)CC1,CHEMBL26294
DEC_0945,decoy,CN(C)S(=O)(=O)c1cc2c(N=O)c(O)[nH]c2c2c1CCCC2,CHEMBL10103
DEC_3421,decoy,CO[C@@H]1[C@@H](C)O[C@@H](OCC23C[C@@H]4[C@H](C)CC[C@H]4C4(C=O)CC2C=C(C(C)C)C34C(=O)O)C(O)[C@@H]1OC(=O)OCc1ccccc1,CHEMBL437455
DEC_1114,decoy,CC1(C)Oc2ccc(C#N)cc2[C@H](/N=C(/NC#N)Nc2ccc(Cl)cc2)[C@H]1O,CHEMBL11802
DEC_4427,decoy,O=C(O)C(CCCCn1cnc2c1NC=NCC2O)Cc1cccc(Br)c1,CHEMBL38113
DEC_2925,decoy,CC1CC(=O)NN=C1c1ccc2nc(C3CC3)n(Cc3ccc(-c4ccccc4-c4nn[nH]n4)cc3)c2c1,CHEMBL24224
DEC_0196,decoy,Cc1cc(C(c2ccc(C(C)C)cc2)N2CCCCC2)sn1,CHEMBL22748
DEC_4370,decoy,CC(C)C#CC1(C(F)(F)F)OCC(=O)Nc2ccc(Cl)cc21,CHEMBL283614
DEC_1122,decoy,Nc1nc(N)c2c(Cl)c(NC(=O)Cc3cccc(C(F)(F)F)c3)ccc2n1,CHEMBL7102
DEC_0517,decoy,CN(C)CCOc1ccc(C2Oc3cc(O)ccc3-c3sc4cc(O)ccc4c32)cc1,CHEMBL283095
DEC_4739,decoy,O=C(Nc1ccncn1)c1cc2c(OCC[C@@H]3CCCCN3)c(-c3cc(Cl)cc(Cl)c3)c(O)nc2cc1Cl,CHEMBL46177
ACT_080,active,CNC(=O)C1Cc2nc(-c3ccc4ccccc4c3)n(-c3ccnc(N[C@@H]4CCCN(C(=O)C5CC5)C4)n3)c2C1,CHEMBL5424946
DEC_3404,decoy,C/C=C(/C)C(=O)O[C@H]1C(C)=C2[C@H]([C@@H]1OC(=O)CCCCC)[C@@](C)(OC(C)=O)C[C@H](OC(=O)CCC)[C@@]1(O)[C@H]2O[C@H]2OCO[C@]21C,CHEMBL192952
DEC_4420,decoy,CCCc1cc(S)cc(=O)n1Cc1ccc(-c2ccccc2-c2nn[nH]n2)cc1,CHEMBL23778
DEC_3520,decoy,CCN(C)Cc1cc(Nc2cc(C(F)(F)F)nc(/N=C(\N)Nc3ccc(Cl)c(Cl)c3)n2)ccc1O,CHEMBL22625
DEC_4696,decoy,C=C(CC[C@H](O)[C@@]1(C)CC[C@H](C(C)(C)O)O1)[C@H]1CC[C@H]2O[C@]3(C)CC[C@@H](Br)C(C)(C)O[C@H]3CC[C@]2(C)O1,CHEMBL423837
DEC_2046,decoy,CC(C)COc1ccccc1C(c1ccns1)N1CCN(C)CC1,CHEMBL277852
DEC_0972,decoy,N[C@@H](C(=O)N[C@@H]1C(=O)N2C(C(=O)O)=C(C3CC3)OC[C@H]12)c1ccc(O)cc1,CHEMBL18948
DEC_2633,decoy,O=C(/C=C/c1cc2ccccc2nc1Cl)c1cccnc1,CHEMBL17535
ACT_030,active,O=C1NCc2nc(Sc3ccccc3Br)ccc2N1c1c(Cl)cccc1Cl,CHEMBL131194
DEC_0262,decoy,O=C1NC(=O)C(CC#Cc2ccc(Cl)cc2)(S(=O)(=O)c2ccc3ccccc3n2)S1,CHEMBL12503
DEC_2167,decoy,CC1=CO[C@@H]2O[C@@]3(C)CC[C@H]4[C@H](C)CC[C@@H]1[C@@]24OO3,CHEMBL279307
DEC_4625,decoy,CCCc1c(OCC(O)COc2cccc(NC(=O)C(=O)OCC(C)(C)C)c2C#N)ccc(C(C)=O)c1O,CHEMBL14579
DEC_0657,decoy,O=C(NC1(c2ccccc2)CCCC1)c1cc(-c2ccccc2)nc2ccccc12,CHEMBL10031
DEC_0317,decoy,CN1CCN(c2nc(Cl)c(Cl)c(NC3CCCC3)n2)CC1,CHEMBL31548
DEC_1958,decoy,Cc1oc(-c2cc3ccccc3o2)nc1COc1ccc(CCCC2OC(=O)NC2=O)cc1,CHEMBL40276
DEC_4691,decoy,C=C(CC[C@H](O)[C@@]1(C)CC[C@H](C(C)(C)O)O1)[C@H]1CC[C@H]2O[C@@H]([C@]3(C)CC[C@@H](Br)C(C)(C)O3)CC[C@@]2(C)O1,CHEMBL280676
DEC_4041,decoy,O=C1CN2Cc3c(ccc(N4CCCCC4)c3Cl)NC2=N1,CHEMBL31701
DEC_2063,decoy,CCCCNCc1cccc(I)c1.Cl,CHEMBL13889
DEC_1568,decoy,NC(N)=NCCCC(NC(=O)[C@@H]1CCCN1C(=O)C(N)c1ccc2c(c1)Cc1ccccc1-2)C(=O)CCC(=O)N1CCCCC1,CHEMBL432419
DEC_2709,decoy,COC(=O)C12CCC(C)(C)CC1[C@H]1[C@@H](O)C[C@@H]3[C@@]4(C)CC[C@H](OC(C)=O)C(C)(C)[C@@H]4CC[C@@]3(C)[C@]1(C)CC2,CHEMBL55815
DEC_1626,decoy,CCOc1nc(C(Cl)(Cl)Cl)c(Cl)c(OCC)c1Cl,CHEMBL416886
DEC_2209,decoy,CN(C)c1ccc(/C=C/[C@]2(O)CCC3C4CCC5=CC(=O)CCC5=C4[C@@H](c4ccc(N(C)C)cc4)C[C@@]32C)cc1,CHEMBL303660
DEC_2132,decoy,CC(=O)N(C)CC#CCN1CCCCC1CO,CHEMBL10618
DEC_4808,decoy,CN(C)CCCN1c2ccccc2CCc2ccc(Cl)cc21,CHEMBL415
DEC_4718,decoy,COc1cc2cc(C(=O)N3C[C@H]4C[C@@]45C3=CC(=O)c3[nH]c(C)c(C(=O)Sc4ccc6ccccc6c4)c35)[nH]c2c(OC)c1OC,CHEMBL433393
DEC_0777,decoy,CN1CCN(C2=Nc3cc(F)ccc3Nc3sc4c(c32)CCCC4)CC1,CHEMBL14766
DEC_0846,decoy,CCCS(=O)(=O)N1CCC(N2CCC(C3(c4ccc(S(=O)(=O)c5ccc6c(c5)OCO6)cc4)SCCS3)CC2)CC1,CHEMBL90700
DEC_4799,decoy,C1=C(c2ccc(-c3ccccc3)cc2)N2CCCN=C2c2ccccc21,CHEMBL9781
DEC_1001,decoy,Nc1ncnc2c1ncn2[C@@H]1O[C@@H]2C[C@](CC(=O)O)(C(=O)O)O[C@H]2[C@H]1O,CHEMBL280360
DEC_0749,decoy,S=C=Nc1ccc(-c2nc(-c3cccs3)no2)cc1,CHEMBL21557
DEC_2353,decoy,C[C@@H]1CC[C@H]2[C@@H](C)[C@](O[Si](C)(C)C)(C(F)(F)F)O[C@@H]3O[C@]4(C)CC[C@@H]1C32OO4,CHEMBL9805
DEC_4444,decoy,O=C(O)[C@@H]1C[C@H]2C[C@@H](c3ccc(-c4nn[nH]n4)s3)CC[C@H]2CN1,CHEMBL17098
ACT_065,active,C=CC(=O)Nc1cccc(C(=O)Nc2ccc(Nc3cc(-c4c(C)nc(SC)n4C)ccn3)cc2)c1,CHEMBL5185450
DEC_4234,decoy,CCCCc1nn(CC2CC2)c(C(=O)O)c1Cc1ccc(-c2ccccc2-c2nn[nH]n2)cc1,CHEMBL23048
DEC_2379,decoy,Cc1ccc(C2(Cn3ccnc3)OCC(c3ccc(Cl)cc3Cl)O2)cc1,CHEMBL282143
DEC_4351,decoy,OC1CCN(C2=Nc3ccccc3Cn3c2cc2ccccc23)CC1,CHEMBL13642
DEC_3490,decoy,C/C(=N\NC(S)=Nc1ccccc1N)c1ccccn1,CHEMBL283042
DEC_1193,decoy,O=c1oc2ccccc2c(O)c1C1c2ccccc2Oc2c1c(=O)oc1ccccc21,CHEMBL32926
DEC_2235,decoy,O=S(=O)(c1cc(Cl)ccc1Cl)N1Cc2ccccc2N(Cc2c[nH]cn2)C(CCc2ccccc2)C1,CHEMBL8003
DEC_2928,decoy,COc1ccc2c3c1OC1[C@H](O)[C@](CO)(CCc4ccccc4)CC4C(C2)N(CC2CCC2)CCC341,CHEMBL273447
DEC_1902,decoy,C[C@@]12Cc3ccccc3C[C@@H](N1)c1cc(Br)ccc12,CHEMBL25076
DEC_0464,decoy,COc1ccc(Cn2c(O)c(CC=C(C)C)c(=O)n3c4c(=O)n(C)c(=O)n(C)c4nc23)cc1,CHEMBL276608
DEC_2760,decoy,C=C(C#N)CN1C[C@H](OCC23C[C@@H]4[C@H](C)CC[C@H]4C4(C=O)CC2C=C(C(C)C)[C@@]34C(=O)O)OC[C@H]1C,CHEMBL282975
DEC_0986,decoy,Nc1nc(O)c2ncn([C@H]3C=C[C@@H](OCP(=O)(O)O)OC3)c2n1,CHEMBL13762
DEC_4585,decoy,COc1ccc(S(=O)(=O)N(Cc2cccnc2)c2c(C(=O)NO)cnc3c(-c4ccccc4)cccc23)cc1,CHEMBL290952
DEC_4045,decoy,CN1CC(=O)/C(=C(O)\C=C\C=C\c2ccc(N(C)C)cc2)C1=O,CHEMBL10507
DEC_1647,decoy,C#C[C@]1(O)CCC(C2CCc3cc(O)ccc3C2)C1(C)C,CHEMBL22731
DEC_4305,decoy,COc1cc2cc(C(=O)N3C[C@H]4C[C@@]45C3=CC(=O)c3[nH]c(C)c(C(=O)OC4CSSCC4O)c35)[nH]c2c(OC)c1OC,CHEMBL327522
DEC_0501,decoy,CSc1sc(C(=N)N)cc1-c1nc(-c2ccc3c(c2)CCCC3)cs1,CHEMBL280975
DEC_0720,decoy,C1CCCCCC2(CCCCC1)OOCCCOO2,CHEMBL30214
DEC_4513,decoy,CCOc1cccc2c1CCC[C@H]2CN(C)CCc1ccc2c(c1)OCO2,CHEMBL9894
DEC_3655,decoy,C[C@@]1(CCCCc2ccccc2)CC2C3Cc4ccc(O)c5c4C2(CCN3CC2CC2)C(O5)C1=O,CHEMBL268865
ACT_077,active,Cc1nc2c(cnn2-c2csc(C(=O)NC3COC3)c2)cc1Nc1ccc(F)cc1Cl,CHEMBL4854405
DEC_0495,decoy,CSc1c(Cl)nc(NCc2ccc(C(C)(C)C)cc2)nc1N1CCN(C)CC1,CHEMBL418221
DEC_2491,decoy,CC(C)c1cc(C(C)C)c(S(=O)(=O)Oc2cccc3c2C(=O)C=C(N2CC2)C3=O)c(C(C)C)c1,CHEMBL44291
DEC_3646,decoy,O=S(=O)(Nc1ccc(Cl)c2cc[nH]c12)c1ccc(Cl)cc1,CHEMBL20801
DEC_2358,decoy,COc1cc2c(cc1OC)-c1cc(N(C)c3c(C)cc(C)cc3C)nc(=O)n1CC2,CHEMBL34705
DEC_0973,decoy,C=CC1=C(C(=O)O)N2C(=O)[C@@H](NC(=O)[C@H](N)c3ccc(O)cc3)[C@H]2CO1,CHEMBL19254
DEC_3143,decoy,O=C(NCCCNC(=O)c1ccc2cc(O)c(O)cc2c1)c1ccc2cc(O)c(O)cc2c1,CHEMBL267578
DEC_2076,decoy,CC(C)CC1NC(=O)OC12CCN(CCc1c[nH]c3ccccc13)CC2,CHEMBL281198
DEC_1856,decoy,CCCc1nc2c(n1Cc1ccc(-c3ccccc3S(=O)(=O)Nc3onc(C)c3C)c(COC)c1)C(=O)CCCC2,CHEMBL268706
DEC_2474,decoy,C=C1C[C@@]23O[C@]2(c2ccccc21)C1CC(OC(=O)[C@H](O)[C@@H](NC(C)=O)c2ccccc2)C3(C)C1(C)C,CHEMBL283716
DEC_1574,decoy,CCOC(=O)/C=C/[C@H](C[C@@H]1CCNC1=O)NC(=O)[C@H](Cc1ccc(F)cc1)NC(=O)[C@@H](NC(=O)c1cc(C)on1)C(C)(C)C,CHEMBL21082
DEC_2037,decoy,N#Cc1cc(-c2ccoc2)c2ccc(COc3cc(F)cc(C4(O)CC5COC(C4)O5)c3)cc2n1,CHEMBL22789
DEC_2492,decoy,CN(C)c1cccc2c(S(=O)(=O)Oc3cccc4c3C(=O)C=C(NCCCl)C4=O)cccc12,CHEMBL43539
DEC_4183,decoy,C=Cc1ccc(C(=O)c2c(SC)cc3n2CCC3C(=O)O)cc1,CHEMBL280943
DEC_4531,decoy,C1=C(c2ccccc2)C(c2ccc(OCCN3CCCC3)cc2)Oc2ccccc21,CHEMBL283264
DEC_3335,decoy,CN1CCC[C@@]12CCCC[C@@H]2NS(=O)(=O)c1ccc(Br)cc1,CHEMBL22220
DEC_0572,decoy,CCCc1ccc2c(n1)CN[C@@H]1CCc3cc(O)c(O)cc3[C@@H]21,CHEMBL26965
DEC_0226,decoy,c1ccc(CNC2c3ccccc3Oc3ccccc32)cc1,CHEMBL278102
DEC_1917,decoy,Cc1ccc2c(c1)CC(=O)c1cc(C(C)C(=O)O)ccc1O2,CHEMBL10634
DEC_0883,decoy,CO/C1=C\C(C)=C\[C@@H](C)[C@@H](O)[C@@H](C)C/C(C)=C/C=C/[C@H](OC)[C@@H]([C@@H](C)[C@@H](O)[C@H](C)C(=O)/C=C/[C@H](C)C(O)C(C)C)OC1=O,CHEMBL54107
DEC_3208,decoy,CC(CS)C(=O)N(CC(=O)O)C1C2CC3CC(C2)CC1C3,CHEMBL417832
DEC_1827,decoy,CCCCc1nn(CCCN(Cc2ccccc2)C(=O)OCc2ccccc2)c(=O)n1Cc1ccc(-c2ccccc2-c2nn[nH]n2)cc1,CHEMBL313837
DEC_0457,decoy,CC(C)=CCc1c(O)n(Cc2ccc(F)cc2)c2nc3c(c(=O)n(C)c(=O)n3C)n2c1=O,CHEMBL13013
DEC_0462,decoy,COc1cc2nc(N3CCN(C(=O)C4OC4c4ccccc4)CC3)nc(N)c2cc1OC,CHEMBL415103
DEC_1423,decoy,Cc1nc(-c2cc(C)c(OCCCc3cc(C(F)(F)F)no3)c(C)c2)no1,CHEMBL418030
DEC_0557,decoy,O=S1(=O)c2cccc3cccc(c23)N1CCCN1CC=C(c2c[nH]c3ccccc23)CC1,CHEMBL19613
DEC_4061,decoy,COC(=O)[C@]12CCC(C)(C)CC1C1=CC[C@@H]3[C@@]4(C)C=C(Br)C(=O)C(C)(C)[C@@H]4CC[C@@]3(C)[C@]1(C)CC2,CHEMBL55538
DEC_0366,decoy,O=C(O)c1cn2c3c(nc(O)c2n1)-c1ccccc1C3N1CC=CC1=O,CHEMBL19955
DEC_1190,decoy,Cc1c(C)c2c(c(C)c1O)CCC(C)(COc1ccc(CC3SC(=O)NC3=O)cc1)O2,CHEMBL408
DEC_4251,decoy,O=C(O)[C@H](Cc1ccc(-c2ccccc2)cc1)NCP(=O)(O)O,CHEMBL273216
DEC_4020,decoy,Cc1ccc(C)c(C[S+]([O-])c2nc3ccccc3[nH]2)c1N,CHEMBL282218
DEC_3806,decoy,CC(C)C1=CC2CC3(C=O)[C@@H]4CC[C@@H](C)[C@H]4CC2(CO[C@H]2CN(S(=O)(=O)C4CC4)[C@H](C)CO2)[C@]13C(=O)O,CHEMBL33928
DEC_0311,decoy,CN1CCN(C2=Nc3ccccc3CC=C2c2cccnc2)CC1,CHEMBL16772
DEC_0369,decoy,C=C[C@]1(CO)CC2C3Cc4ccc(OC)c5c4C2(CCN3C)C(O5)[C@@H]1O,CHEMBL10178
DEC_2470,decoy,Oc1ccc2c3c1OC1[C@H]4OC[C@@]4(CCCCc4ccccc4)CC4C(C2)N(CC2CC2)CCC341,CHEMBL9733
DEC_0400,decoy,CCN1C(=O)N(C2CCN(C3CCC(C(C)C)CC3)CC2)[C@@H]2CCCC[C@H]21,CHEMBL282195
DEC_4342,decoy,CC12CCC3C4CCC(=O)C=C4CCC3C1CC[C@@]21CCS(=O)O1,CHEMBL16415
DEC_0380,decoy,CNn1cc(C(=O)O)c(=O)c2cc(F)c(N3CC[N+](C)([O-])CC3)cc21,CHEMBL269231
DEC_1684,decoy,C=C(c1cnc2ccccc2c1)c1nc(O)c2ccccc2n1,CHEMBL18456
DEC_2331,decoy,CC(C)N(CC[C@]1(c2ccccc2)C(=O)N[C@@H](C)N2CCCC[C@@H]21)C(C)C,CHEMBL282088
DEC_1456,decoy,CC(=O)O[C@@H]1CC[C@]2(C)C3CC[C@@]4(C)[C@H]5[C@@H](C[C@]4(C)C3=CCC2[C@]1(C)C(=O)O)OC(=O)[C@@H]5CC(=O)C=C(C)C,CHEMBL44482
DEC_1169,decoy,CN1CCN(c2nc3ccccc3n2C)CC1,CHEMBL277749
DEC_3887,decoy,COc1cccc2c1CC[C@H]1CN(CCn3c(=O)[nH]c4c(sc5c(OC)ccnc54)c3=O)C[C@@H]21,CHEMBL287928
DEC_4453,decoy,CC1CCC(/C=N/c2ccc(O)cc2)=C2NC=C(C(=O)O)C(=O)N21,CHEMBL416744
DEC_3366,decoy,O=C(O)[C@H]1CSC(c2nc3ccc(O)c(I)c3s2)=N1,CHEMBL277114
DEC_2237,decoy,CCCCOC(=O)N[C@@H](c1ccccc1)[C@@H](O)C(=O)OC1CC2C(C)(C)C1(C)[C@@]13C[C@H](C)c4ccccc4[C@@]21O3,CHEMBL31862
DEC_3628,decoy,Clc1ccc(Sc2ccc(CNC3=NCCN3)cc2)cc1,CHEMBL10045
DEC_2073,decoy,COc1cc(Cl)c(C)c(C[S+]([O-])c2nc3ccccc3[nH]2)c1N,CHEMBL20014
DEC_3099,decoy,O=C(O)c1cc(Br)cc(C(=O)/C=C/c2ccc(OCc3ccc4ccccc4n3)cc2)c1O,CHEMBL11244
ACT_018,active,Cc1ccc2c(N)noc2c1-c1ccc2c(c1)NC(=O)C21CCC(F)(F)CC1,CHEMBL1911342
DEC_3005,decoy,CN(C)/C=N\c1nc(/N=C/N(C)C)nc2ncc(Sc3ccc(Cl)c(Cl)c3)nc12,CHEMBL6584
DEC_1249,decoy,CC(/C=C/C(O)=C1\C(=O)CN(C)C1=O)=C\C(C)c1ccccc1,CHEMBL275675
DEC_0381,decoy,C/N=C(\NC#N)NCCSCn1nc(-c2ccc(C)cc2)ccc1=O,CHEMBL15545
DEC_3186,decoy,CC(=O)OC(C(=O)Oc1ccc2[nH]c(C(=O)c3cc4ccccc4[nH]3)cc2c1)c1ccccc1,CHEMBL7510
DEC_1652,decoy,CC1c2cc3c(C(F)(F)F)cc(O)nc3cc2NC[C@H]1C,CHEMBL282204
DEC_3844,decoy,CC(C)c1ccc(S(=O)(=O)NC(=O)C(c2ccc3c(c2)OCO3)c2cn(C)c3cc(-c4nn[nH]n4)ccc23)cc1,CHEMBL281378
DEC_3879,decoy,COc1ccc([C@@H]2[C@@H](C(=O)O)[C@H](c3ccc4c(c3)OCO4)CN2CC(=O)NCC(C)C)cc1,CHEMBL266337
DEC_3230,decoy,CCC(CC)/N=c1\c(O)c(O)\c1=N/Cc1ccc(C#N)cc1,CHEMBL278546
DEC_1263,decoy,CC[C@H]1[C@H](C)C(=O)CC23CCN(C)C(Cc4ccc(O)cc42)[C@H]13,CHEMBL33091
DEC_1837,decoy,CCCc1nc(SC(F)F)c(C(=O)O)n1Cc1ccc(-c2ccccc2S(=O)(=O)NC(=O)Cc2ccc3c(c2)OCO3)cc1,CHEMBL407824
DEC_0665,decoy,O=C(c1cc2ccccc2[nH]1)c1cc2cc(OC(=O)c3ccccc3Cl)ccc2[nH]1,CHEMBL7367
DEC_0021,decoy,C=CCONC1=NC(=O)/C(=C/c2cc(C(C)(C)C)c(O)c(C(C)(C)C)c2)S1,CHEMBL16127
DEC_4329,decoy,Cc1nc(N)ccc1CNC(=O)C1C=CCn2c(=O)n(C(CSc3ccc(Cl)cc3)C(=O)OC3CCCCC3)c(=O)n21,CHEMBL32887
DEC_0315,decoy,O=C1O[C@H](c2ccc(F)cc2)[C@@](Cn2cncn2)(c2ccc(F)cc2)O1,CHEMBL273497
DEC_0703,decoy,C[C@@H]1CN(C(=O)N2Cc3c(C(=O)OC(C)(C)C)ncn3-c3ccc(Cl)cc32)C[C@@H](C)N1,CHEMBL14914
DEC_4409,decoy,Cc1cc(C)cc(NC(=O)Cc2ccc(OC3(C(=O)N[C@H](C)C(=O)O)CCCC3)cc2)c1,CHEMBL18570
DEC_3531,decoy,Cc1cc(C)cc(-c2c(O)nc3cc(Cl)c(C(=O)Nc4ccncn4)cc3c2OCC[C@@H]2CCC[C@H](C)N2)c1,CHEMBL295948
DEC_0518,decoy,CC(C)c1ccc(C(c2ccc(O)cc2)c2ccc(C(C)C)cc(=O)c2O)c(O)c(=O)c1,CHEMBL279771
DEC_1947,decoy,CCCCC1=NC2(CCCC2)CC(=O)N1Cc1ccc(-c2ccccc2-c2nn[nH]n2)cc1,CHEMBL42200
DEC_3690,decoy,COc1cc(CC2c3cc(O)c(O)cc3CCN2Cc2ccc(N)cc2)cc(OC)c1OC,CHEMBL289943
DEC_4641,decoy,Cc1noc(NS(=O)(=O)c2cccc3c(N4CCCCC4)cccc23)c1C,CHEMBL27178
DEC_1404,decoy,CCCCN1CCN(C2=Nc3ccccc3Cn3c2cc2ccccc23)CC1,CHEMBL13890
DEC_4829,decoy,CCC(C)N1Cc2c(nc(-c3ccccc3)c3ccccc23)C1=O,CHEMBL15316
DEC_1049,decoy,CC(C)CN1C2=NCCN2C(=O)c2[nH]c(C(C)C)nc21,CHEMBL18844
DEC_3576,decoy,CO/N=C(\COCc1ccccn1)C(CCN1CCC(O)(c2ccccc2)CC1)c1ccc(Cl)c(Cl)c1,CHEMBL34460
DEC_4294,decoy,C=CCO[C@]1(C)C[C@@H](C)C(=O)[C@H](C)[C@H]2NC(=O)O[C@]2(C)[C@@H](CC)OC(=O)[C@H](C)C(=O)[C@H](C)[C@H]1O[C@@H]1O[C@H](C)C[C@H](N(C)C)[C@H]1O,CHEMBL132146
DEC_1459,decoy,Cc1cc(SC2=C(O)OC(C)(CCc3ccc(O)cc3)CC2=O)c(C(C)(C)C)cc1OS(=O)(=O)N(C)C,CHEMBL70386
DEC_1470,decoy,O=S(=O)(c1ccc(Cl)c(Cl)c1)C(Cc1ccc(C(F)(F)F)cc1)S(=O)(=O)C(F)(F)F,CHEMBL12236
DEC_1937,decoy,CCCCc1ccc(-c2nc3cc4c(cc3[nH]2)C(C)(C)C(=O)N4)nc1,CHEMBL24542
DEC_0796,decoy,C=CCC1Oc2cccc(C(=O)OC)c2-c2ccc3c(c21)C(C)=CC(C)(C)N3,CHEMBL7844
DEC_2680,decoy,CN(C)CCCC1(c2ccc(F)cc2)OCc2cc(C#N)ccc21,CHEMBL549
DEC_3199,decoy,CN1CCCC1CCNc1nc(Nc2ccc(Cl)c(Cl)c2)nc2ccc(Cl)cc12,CHEMBL32061
DEC_0397,decoy,CN1C(=O)CC[C@]2(C)C3CC[C@@]4(C)C(CC[C@@H]4N(C=O)C4CCCCC4)C3CC[C@@H]12,CHEMBL16927
DEC_0707,decoy,CC(C)c1ccc2c(c1)CC=C(c1ccccc1)C(N1CCN(C)CC1)=N2.O=C(O)/C=C/C(=O)O,CHEMBL275361
DEC_0344,decoy,CCC[C@@H]1C[C@H](NCC)c2cc(S(N)(=O)=O)sc2S1(=O)=O,CHEMBL415964
DEC_3726,decoy,CC(C)c1cc(Oc2c(Br)cc(C(=O)O)cc2Br)ccc1O,CHEMBL289965
DEC_3268,decoy,CCOC(=O)N[C@@H](c1cccc(F)c1)[C@@H](O)C(=O)OC1CC2C(C)(C)C1(C)[C@@]13C[C@H](C)c4ccccc4[C@@]21O3,CHEMBL287108
DEC_3370,decoy,CN1CCC23c4c5ccc(O)c4OC2[C@H](O)[C@](CO)(CCc2ccccc2)CC3C1C5,CHEMBL9636
DEC_2803,decoy,C=C(C)[C@@H]1CC[C@]2(C(=O)NCCCCCCCC(=O)O)CC[C@]3(C)[C@H](CCC4[C@@]5(C)CC[C@H](O)C(C)(C)[C@@H]5CC[C@]43C)[C@@H]12,CHEMBL262954
DEC_3432,decoy,COC(=O)c1c(C)[nH]c2c1C1C(=CC2OC(=O)N(C)C)N(C(=O)/C=C/c2ccc(OC)c(OCC(=O)O)c2)C[C@H]1CBr,CHEMBL175422
DEC_0695,decoy,CCN1C(=O)c2c(nc(C#Cc3ccccc3)n2Cc2ccc(O)cc2)N2C1=N[C@@H]1CCC[C@@H]12,CHEMBL26396
DEC_0673,decoy,CO[C@]12C=CC3(CC14CCC(C)(C)[C@H]4O)C1Cc4ccc(O)c5c4C3(CCN1CC1CC1)[C@@H]2O5,CHEMBL31030
DEC_1460,decoy,C=C1C[C@@]23O[C@]2(c2ccccc21)C1CC(OC(=O)[C@H](O)[C@@H](NC(=O)OC(C)(C)C)c2ccccc2)C3(C)C1(C)C,CHEMBL285944
DEC_3235,decoy,S=C=Nc1cccc(-c2noc(-c3ccco3)n2)c1,CHEMBL278333
DEC_3775,decoy,CC1(C)C2CCC1(CS(=O)(=O)N1CCC3(CCc4ccccc43)CC1)C(NC(=O)C1CCCCN1)C2,CHEMBL283730
DEC_1891,decoy,N#Cc1cc(-c2ccc3c(c2)C2(CCCCC2)C(S)=N3)cs1,CHEMBL285139
DEC_3773,decoy,C=C1[C@@H](OC(=O)/C=C/c2ccccc2)C[C@H](O)[C@@]2(C)[C@@H](O)[C@H](OC(C)=O)C3=C(C)C(=O)C[C@@H]([C@@H](O)[C@H]12)C3(C)C,CHEMBL39085
DEC_4621,decoy,CCCN(CCCCNC(=O)c1cc(=O)oc2c3c4c(cc12)CCCN4CCC3)C1COc2cccc(OC)c2C1,CHEMBL57330
DEC_4578,decoy,COc1ccc([C@@H]2c3nc(NC(C)C)ccc3[C@H](c3ccc4c(c3)OCO4)[C@H]2C(=O)O)c(CN(C)C(C)=O)c1,CHEMBL37427
DEC_0984,decoy,NC(=O)[C@H]1CCCN1C(=O)[C@H](Cc1c[nH]cn1)NC(=O)C1CSC(=O)N1,CHEMBL417122
DEC_4668,decoy,COc1ccc2c(c1)OCC1c3cc(O)c(OCC4CCCCC4)cc3OC21,CHEMBL20774
DEC_1656,decoy,C[C@@H]1CCc2cc3c(C(F)(F)F)cc(O)nc3cc2N1,CHEMBL267141
DEC_3877,decoy,COc1cccc2c1CC[C@H]1CN(CCn3c(=O)[nH]c4c(sc5ccncc54)c3=O)C[C@@H]21,CHEMBL287965
DEC_2182,decoy,OC(c1ccccc1)(c1cncnc1)c1cccs1,CHEMBL29140
DEC_1850,decoy,CCOP(=O)(OCC)N1C(=O)[C@H](CCCCC(=N)N)[C@H]2c3ccc(-c4cccc(C(=O)N(CC)CC)c4)cc3C[C@@H]21,CHEMBL46365
DEC_4112,decoy,Oc1ccc2c(c1O)SCC[C@@H]2C1=NCCN1,CHEMBL34160
DEC_0481,decoy,OC1(c2cccc(COc3ccc4c(-c5ccoc5)cncc4c3)n2)CC2COC(C1)O2,CHEMBL22736
DEC_2607,decoy,CC1(c2ccc(F)cc2)OC(/C=C/c2ccsc2)=CC1=O,CHEMBL18130
DEC_0158,decoy,Cc1cc(C(c2ccc(C(C)C)cc2)N2CCN(C)CC2)sn1,CHEMBL278532
DEC_0453,decoy,Cn1c(=O)c2c(nc3n(Cc4ccccc4)c(O)c(Cc4ccccc4)c(=O)n23)n(C)c1=O,CHEMBL274598
DEC_1776,decoy,CC1(C)CCC(C)(C)c2cc(/N=[N+](\[O-])c3ccc(C(=O)O)cc3)ccc21,CHEMBL12749
DEC_0383,decoy,O=NN(CCCl)C(=O)NC1C(F)(F)C(F)(F)C(F)(F)C(F)(F)C1(F)F,CHEMBL20533
DEC_0482,decoy,CN1CCC23c4c5ccc(O)c4OC2[C@H]2OC[C@@]2(CCCCc2ccccc2)CC3C1C5,CHEMBL9968
ACT_059,active,CN(C)c1ccc(-c2cc(-c3ccc([N+](=O)[O-])cc3)nc(NS(=O)(=O)c3ccc(N)cc3)n2)cc1,CHEMBL1980167
DEC_1705,decoy,C[C@]12C=CC(=O)NC1CCC1C2CC[C@@]2(C)C1CC[C@@H]2C(=O)Nc1cccc(-c2ccccc2)c1,CHEMBL264316
DEC_1786,decoy,CC(C)Sc1nnc(-c2cc(C(C)(C)C)c(O)c(C(C)(C)C)c2)s1,CHEMBL16674
DEC_4438,decoy,CC(C)=CCC(OC(=O)Cc1c[nH]c2ccccc12)C1=CC(=O)c2c(O)ccc(O)c2C1=O,CHEMBL27749
DEC_0073,decoy,CC12CCC3C(C(CCc4ccc(N)cc4)=CC4=CC(=O)CCC43C)C1CCC2=O,CHEMBL266297
DEC_2670,decoy,CC(C)(C)c1cc(C(=O)CS(=O)(=O)CC2CC2)cc2c1OCC2(C)C,CHEMBL266858
DEC_0425,decoy,CCCc1cc(=O)oc2c3c(c4c(c12)OC(C)(C)C=C4)O[C@H](C)C(C)(C)[C@H]3O,CHEMBL267679
DEC_1741,decoy,CCN1C(=O)N(C2CCN(C(C)CCC(C)C)CC2)[C@@H]2CCCC[C@H]21,CHEMBL281322
DEC_1931,decoy,CC[C@@H]1Cc2cc(O)ccc2C2=C1c1ccc(O)cc1C[C@H]2CC,CHEMBL282489
DEC_0892,decoy,CC(C)C[C@@H]1OC(=O)C(C)(C)CNC(=O)[C@@H](Cc2ccccc2)NC(=O)/C=C/C[C@@H]([C@H](C)[C@H]2O[C@@H]2c2ccccc2)OC1=O,CHEMBL314522
DEC_3599,decoy,CN(C)CCCOc1ccccc1CC(=O)N1CC2C(=O)CSC(c3ccccc3)(c3ccccc3)C2C1,CHEMBL288942
DEC_4140,decoy,CCCCCCn1cnc2c1NC=NCC2O,CHEMBL37246
DEC_3489,decoy,CC(C)(C)/N=c1\c(O)c(O)\c1=N/c1cccc2cnccc12,CHEMBL19192
DEC_2960,decoy,O=C(Nc1ccc(Cl)c(Cl)c1)[C@H]1[C@H](c2ccccc2)O[C@@]23[C@@H](O)c4ccccc4[C@@H]2OC(=O)[C@@H]13,CHEMBL281860
DEC_3169,decoy,CCCc1cc(O)c(-c2ccccc2)c(=O)n1Cc1ccc(-c2ccccc2-c2nn[nH]n2)cc1,CHEMBL22333
DEC_2454,decoy,CO[C@H]1[C@H]2O[C@H]2[C@@H](OCC23C[C@@H]4[C@H](C)CC[C@H]4C4(C=O)CC2C=C(C(C)C)C34C(=O)O)O[C@@H]1C,CHEMBL286043
DEC_1548,decoy,C[C@@H]1[C@@H](OC(=O)N[C@@H](CSc2ccccc2)[C@H](O)CN2C[C@H]3CCS[C@H]3C[C@H]2C(=O)NC(C)(C)C)CCS1(=O)=O,CHEMBL320602
DEC_4318,decoy,COc1cc([C@@H]2c3cc4c(cc3[C@@H](NS(=O)(=O)c3c(F)c(F)c(F)c(F)c3F)[C@H]3COC(=O)[C@H]23)OCO4)cc(OC)c1O,CHEMBL311255
DEC_1636,decoy,COc1c2c(cc(OCc3ccccc3)c1-c1ccco1)OCO2,CHEMBL415492
DEC_3367,decoy,O=C(O)c1cn(C2CC2)c2c(F)c(N3CCC(=NO)CC3)c(F)cc2c1=O,CHEMBL29051
DEC_4223,decoy,O=C(O)CCc1cc(Cc2ccccc2)cc2c1CCC(NS(=O)(=O)c1ccc(Cl)cc1)C2,CHEMBL27856
DEC_2072,decoy,COc1ccc2c(c1OC)C[N+]1([O-])CCc3cc4c(cc3C1C2)OCO4,CHEMBL11697
DEC_1253,decoy,C=CCN1C[C@H](C(=O)N(CC)CC)C=C2c3cccc4[nH]cc(c34)C[C@H]21,CHEMBL281787
DEC_4404,decoy,CCCCc1nn(C(C)C)c(C(=O)O)c1Cc1ccc(-c2ccccc2-c2nn[nH]n2)cc1,CHEMBL21946
DEC_3794,decoy,CC(C)C(=O)OCC(=O)[C@@]1(OC(=O)C(C)C)CCC2C3C[C@H](F)C4=CC(=O)C=CC4(C)[C@@]3(F)C(O)CC21C,CHEMBL430603
DEC_0952,decoy,O=Cc1ccn(-c2cc3nc(O)c(O)nc3cc2C(F)(F)F)c1,CHEMBL12841
DEC_0931,decoy,CC(/N=c1\c(O)c(O)\c1=N/c1cnc2ccccc2c1)C(C)(C)C,CHEMBL19007
DEC_4264,decoy,O=C(NCCNCC(O)c1ccccc1)c1ccc(O)cc1,CHEMBL279803
DEC_0467,decoy,Cn1c(=O)c2nc(-c3ccc(S(=O)(=O)Oc4cccc([N+](=O)[O-])c4)cc3)[nH]c2n(C)c1=O,CHEMBL9034
DEC_3882,decoy,O=C1CC(c2ccccc2)(c2ccccc2)C(=O)N1CCCCN1CCN(c2ncccn2)CC1,CHEMBL285878
DEC_0602,decoy,COC(=O)Nc1nc2cc(C(=O)Nc3ccccc3)ccc2[nH]1,CHEMBL274607
DEC_4793,decoy,CC1(C)OC(S)=Nc2ccc(-c3cccc(Br)c3)cc21,CHEMBL25015
DEC_4548,decoy,CCCc1nc(-n2cccc2C(O)C(F)(F)F)c(C#N)n1Cc1ccc(-c2ccccc2-c2nn[nH]n2)cc1,CHEMBL73358
DEC_1874,decoy,CCCCc1c(Oc2ccc(-c3ccccc3-c3nn[nH]n3)cc2)nc2c(C(=O)O)c(OCC(F)(F)F)ccc2[n+]1[O-],CHEMBL312068
DEC_0375,decoy,CC1COc2c(N3CCOC(CN)C3)c(F)cc3c(=O)c(C(=O)O)cn1c23,CHEMBL28809
DEC_1862,decoy,CCCCCCO[C@H]1[C@H](O)[C@H](OCC23C[C@@H]4[C@H](C)CC[C@H]4C4(C=O)CC2C=C(C(C)C)C34C(=O)O)O[C@H](C)[C@H]1OC,CHEMBL279848
DEC_2420,decoy,CN1CC(O)=C(C(=O)/C=C/C(Br)=C/c2ccccc2)C1=O,CHEMBL10383
DEC_2874,decoy,CCOC(=O)Cc1nc(-c2ccc(Cl)c(Cl)c2)oc1-c1ccoc1,CHEMBL283111
DEC_0817,decoy,Clc1ccc2c(c1)[C@H]1OCC[C@H]1[C@@H](c1c[nH]c3ccc(Cl)cc13)N2,CHEMBL277263
DEC_0060,decoy,CC(C)(C)NC(=O)[C@H]1CCC2C3CCC4=C(C#N)C(=O)CC[C@]4(C)C3CC[C@@]21C,CHEMBL25196
DEC_3903,decoy,C=C(c1c(Cl)ccc(Cl)c1OCC(O)CNC(C)(C)C)n1ccnc1,CHEMBL15684
DEC_2556,decoy,C=CCC1Oc2cccc(CO)c2-c2ccc3c(c21)C(C)=CC(C)(C)N3,CHEMBL268239
ACT_005,active,CC1=C(/C=C/C(C)=C/C=C/C(C)=C\C(=O)O)C(C)(C)CCC1,CHEMBL547
DEC_4245,decoy,COc1cc2c(cc1-c1ccc(F)cc1)C[C@@H](C(=O)O)N(C(=O)C(N)Cc1c(C)cc(O)cc1C)C2,CHEMBL47564
DEC_4319,decoy,CCOC(=O)C1(C(=O)CBr)C(Cl)C(=O)N1N(c1c(O)ccc2c(P(Cl)Cl)pc(C(=O)O)n12)[N+](=O)[O-],CHEMBL361817
DEC_1224,decoy,CC1(C)Oc2ccc(C#N)cc2[C@@H](N(Cc2ncc[nH]2)c2ccc(Cl)cc2)[C@@H]1O,CHEMBL11859
DEC_2964,decoy,CC1(c2ccccc2)c2cc(C(=O)O)sc2C(=O)c2c1c1ccccc1n2Cc1ccc(O)cc1,CHEMBL14353
DEC_4727,decoy,CC1c2c(ccc(Cl)c2Cl)CCN1S(=O)(=O)NS(=O)(=O)N1CCc2ccc(Cl)c(Cl)c2C1C,CHEMBL21793
DEC_1530,decoy,CC(C)c1ccccc1Sc1c(O)cc(-c2cccc([N+](=O)[O-])c2)oc1=O,CHEMBL275937
DEC_4703,decoy,CC(C)C[C@@H]1OC(=O)C(C)(C)CNC(=O)[C@@H](Cc2ccccc2)NC(=O)/C=C/C[C@@H]([C@H](C)/C=C/c2ccccc2)OC1=O,CHEMBL87165
DEC_2345,decoy,CCOC(=O)[C@H]1[C@H]2C[C@H]3c4cc5c(cc4CCN3C[C@H]2CC[C@H]1O)OCO5,CHEMBL25979
DEC_0772,decoy,CC1(C)C2=CCC3C(CC[C@@]4(C)C3CC[C@@H]4OC3CC3)[C@@]2(C)CC[C@@H]1O,CHEMBL6245
DEC_4059,decoy,CC1(C)CC[C@]2(C(=O)O)CC[C@]3(C)C(=CC[C@@H]4[C@@]5(C)C=C(Br)C(=O)C(C)(C)[C@@H]5CC[C@]43C)C2C1,CHEMBL301402
DEC_1364,decoy,COC(=O)[C@]12CCC(C)(C)CC1C1=CC[C@@H]3[C@@]4(C)C=CC(=O)C(C)(C)[C@@H]4CC[C@@]3(C)[C@]1(C)CC2,CHEMBL446352
DEC_4001,decoy,O=C(O)c1cccc(S(=O)(=O)Nc2cccc(C(c3c(O)c4c(oc3=O)CCCCCC4)C3CC3)c2)c1,CHEMBL16754
DEC_2058,decoy,O=C1/C(=C/c2ccncc2)C(c2ccccc2)Oc2ccccc21,CHEMBL10026
ACT_027,active,O=S(=O)(Nc1ccc2c(c1)C(=NO)c1ccccc1-2)c1cccc(Br)c1,CHEMBL1973793
DEC_3617,decoy,Cc1cc(Cl)ccc1NCc1ccc2nc(N)nc(N)c2c1,CHEMBL23227
DEC_1196,decoy,CN1C(=O)C=C[C@]2(C)C3CC[C@@]4(C)C(CC[C@@]4(O)C#CCCBr)C3CCC12,CHEMBL276665
DEC_3462,decoy,Nc1ncc(Cc2ccc(Br)cc2)c(N)n1,CHEMBL19293
DEC_2305,decoy,N[C@@H](COCc1ccc(I)cc1)Cc1c[nH]cn1,CHEMBL19329
DEC_0814,decoy,CC1(C)CC(=O)C2C(C1)Nc1ccnn1C2c1ccc(F)c(Br)c1,CHEMBL35250
DEC_2687,decoy,CSc1nc2nc(C(=O)c3ccccc3)cn2c2c1CCCC2,CHEMBL20983
DEC_2086,decoy,Ic1cccc(OCCCc2c[nH]cn2)c1,CHEMBL440788
DEC_4299,decoy,CC[C@H]1OC(=O)CC(O)[C@H](C)[C@@H](O[C@@H]2O[C@H](C)C[C@H](N(C)C)[C@H]2O)[C@@H](CCN2CCOCC2)C[C@@H](C)C(=O)/C=C/C(C)=C/[C@@H]1C,CHEMBL265343
DEC_0839,decoy,C=C1[C@@H](OC(=O)/C=C/c2ccccc2)CC[C@@]2(C)[C@@H](OC(C)=O)[C@H](OC(C)=O)C3=C(C)C(=O)C[C@@H]([C@@H](OC(C)=O)[C@H]12)C3(C)C,CHEMBL309787
ACT_095,active,O=C(Nc1nc2ccccc2s1)c1cccc2c1CN(c1nc(C(=O)O)c(-c3ccc(CO)cc3)s1)CC2,CHEMBL1983980
DEC_4433,decoy,C=CCOC(=O)N[C@H]1CC[C@@](CNC(=O)c2ccccc2OC)(c2ccccc2)CC1,CHEMBL278734
DEC_1960,decoy,CCCC1N(Cc2ccc(-c3ccccc3-c3nn[nH]n3)cc2)C(=O)c2ccccc2N1C,CHEMBL279129
DEC_4235,decoy,OC[C@@]1(CCc2ccccc2)CC2C3Cc4ccc(O)c5c4C2(CCN3CC2CC2)C(O5)[C@@H]1O,CHEMBL273670
DEC_3735,decoy,CCN1CCCC(Nc2nc(Nc3cc(Cl)cc(Cl)c3)nc3ccc(Cl)cc23)C1,CHEMBL283613
DEC_3027,decoy,CC1(C)COP(=O)(C(CCC(=O)c2ccccc2)P2(=O)OCC(C)(C)CO2)OC1,CHEMBL273754
DEC_3053,decoy,C=C1/C(=C\C=C2/CCC[C@@]3(C)C2CC[C@@H]3[C@H](C)CCCC(C)(C)O)C[C@@H](O)[C@@H](OCCCO)[C@H]1O,CHEMBL39501
DEC_0421,decoy,CN1C(=O)C=C[C@]2(C)C3CC[C@@]4(C)C(CC[C@@]4(O)C#CCCCl)C3CCC12,CHEMBL9887
DEC_3359,decoy,Oc1ccc2c3c1O[C@H]1[C@@H](N=C=S)CCC4(O)C(C2)N(CC2CC2)CCC314,CHEMBL424402
DEC_1211,decoy,O=C(O)Cn1c(=O)c2c3c(sc2n(Cc2ccc(Cl)c(Cl)c2)c1=O)CCCC3,CHEMBL36956
DEC_1153,decoy,CC(=N)N1CC[C@H](Oc2ccc(CCc3cc4cc(C(=N)N)ccc4o3)cc2)C1,CHEMBL19368
DEC_0799,decoy,CCc1cc2c(s1)Nc1ccc(F)cc1N=C2N1CCN(C)C(C)C1,CHEMBL276095
DEC_0286,decoy,CSc1nnc(-c2nc(C(C)(C)C)c(O)c(C(C)(C)C)n2)s1,CHEMBL275188
DEC_0645,decoy,CC(C)c1cccc2c(Cl)cc(-c3ccc(-c4ccc(C(=O)O)cc4)[nH]3)nc12,CHEMBL19727
DEC_3943,decoy,CCCCCCCOc1ccc2c3c1OC1C(O)C=CC4C(C2)N(C)CCC341,CHEMBL413092
DEC_4075,decoy,COc1ccc2c(c1)c(Cc1nc(C34C[C@H]5C[C@@H](C3)C[C@@H](C4)C5)cs1)c(C)n2C(=O)c1ccc(Cl)cc1,CHEMBL284435
DEC_1034,decoy,O=P1(NCCCl)OCCC(O)N1CCCl,CHEMBL733
DEC_1697,decoy,CN(C)CC(c1ccccc1)c1nnc2n1-c1ccc(Br)cc1C(c1ccccc1)=NC2,CHEMBL277310
DEC_2866,decoy,CCC[C@H]1OC(=O)O[C@]1(Cn1cncn1)c1ccc(Cl)cc1Cl,CHEMBL275296
DEC_3172,decoy,CC(C)=CCC(OC(=O)c1cccc2ccccc12)C1=CC(=O)c2c(O)ccc(O)c2C1=O,CHEMBL28783
DEC_4681,decoy,O=C1Nc2ccccc2C(c2ccccc2F)=NC1Cc1c[nH]c2cc(F)ccc12,CHEMBL20872
DEC_3410,decoy,CCCC(N)C(=O)O[C@H]1CC2[C@](C)(CC[C@H](OC(C)=O)[C@@]2(C)COC(C)=O)C2[C@@H](O)c3c(cc(-c4cccnc4)oc3=O)O[C@@]21C,CHEMBL91931
DEC_4689,decoy,O=C(O)c1cc(Br)cc2c(=O)cc(-c3ccc4ccccc4n3)oc12,CHEMBL11521
DEC_2053,decoy,Cc1ccc(-c2cn(C)cc2C(c2ccccc2)n2ccnc2)cc1,CHEMBL21045
DEC_4316,decoy,COc1cccc2c1C(=O)c1c(O)c3c(c(O)c1C2=O)C=C(C(C)=O)C[C@@H]3OC1CC(NC(=O)C(F)(F)C(F)(F)F)C(O)C(C)O1,CHEMBL292460
DEC_4499,decoy,CSc1sc(C(=N)N)cc1-c1nc(-c2csc3ccccc23)cs1,CHEMBL28875
DEC_1921,decoy,C/C=C/COC1(C(F)(F)F)OC(=O)Nc2ccc(F)cc21,CHEMBL277322
DEC_4834,decoy,Clc1ccc(C(=C2CN=CNC2)c2ccc(Cl)cc2)cc1,CHEMBL29905
DEC_2070,decoy,CCCCc1nc(N(C)Cc2ccccc2)c2sccc2n1,CHEMBL288545
DEC_1071,decoy,CC[C@@]1(OC(=O)COc2ccc3ccccc3c2)C(=O)OCc2c1cc1n(c2=O)Cc2cc3ccccc3nc2-1,CHEMBL279042
DEC_3659,decoy,O=C1O[C@@H](CN2CCC(O)(c3ccc4c(c3)OCO4)CC2)CN1c1ccc(OC(F)(F)F)cc1,CHEMBL45535
DEC_3142,decoy,N.NS(=O)(=O)c1cc(S(=O)(=O)O)c(NCc2ccco2)cc1Oc1ccccc1,CHEMBL279650
DEC_3990,decoy,O=C(c1ccc(OCCN2CCCCC2)cc1)c1c(-c2ccc(O)cc2)sc2cc(O)c(O)cc12,CHEMBL46982
DEC_1642,decoy,Oc1cc(C(F)(F)F)c2cc3c(cc2n1)NC[C@@H]1CCCC[C@H]31,CHEMBL431493
DEC_2478,decoy,O=C1CC2(CCCc3ccccc32)C(=O)N1CCCCN1CCN(N2Cc3ccccc3S2)CC1,CHEMBL35539
DEC_4547,decoy,CCCCOC(=O)N[C@@H](c1ccncc1)[C@@H](O)C(=O)OC1CC2C(C)(C)C1(C)[C@@]13CC(C)c4ccccc4[C@@]21O3,CHEMBL416577
DEC_1629,decoy,Clc1ccc(C2COC(Cn3ccnc3)(c3ccccc3)O2)cc1,CHEMBL28653
DEC_0443,decoy,O=S(=O)(CS(=O)(=O)C(F)(F)F)c1ccc(OS(=O)(=O)C(F)(F)F)cc1,CHEMBL269672
DEC_2094,decoy,C[C@H]1C[C@@H](C(=O)O)N(C(=O)[C@H](C)CS)C1,CHEMBL279763
DEC_3187,decoy,CC(=O)Nc1ccc(C(c2ccc(C(C)C)cc(=O)c2O)c2ccc(C(C)C)cc(=O)c2O)cc1,CHEMBL279174
DEC_2485,decoy,COc1cccc2c1CC[C@H]1CN(CCn3c(=O)[nH]c4c(sc5cccc(OC)c54)c3=O)C[C@@H]21,CHEMBL41344
DEC_0163,decoy,C[C@@H](N)Cc1c2ccoc2c(Br)c2ccoc12.Cl,CHEMBL6706
DEC_1777,decoy,CC(C)c1cccc(C(C)C)c1OC(=O)NS(=O)(=O)Oc1ccccc1,CHEMBL22950
DEC_0359,decoy,CC[C@@]1(O)C(=O)OCc2c1cc1n(c2=O)Cc2cc3cc(CN)ccc3nc2-1,CHEMBL267814
DEC_2557,decoy,CCSc1nnc(-c2cc(C(C)C)c(O)c(C(C)C)c2)s1,CHEMBL276062
DEC_1700,decoy,CCCCc1ccc2cc1Oc1ccc3cccc(c3c1)N1CCN(CCc3cncn3C2)CC1=O,CHEMBL283793
DEC_4463,decoy,CCn1cc(C(=O)O)c(=O)c2c(C)c(F)c(N3CCC(N)C3)c(F)c21,CHEMBL275898
DEC_2112,decoy,CCC(CC)C(=O)N1C[C@H](N)[C@H](C(=O)O)C1,CHEMBL279099
DEC_3009,decoy,CSc1c2c(nc(N)n3nc(-c4ccco4)nc23)nn1CCCc1ccccc1,CHEMBL20445
DEC_3687,decoy,C#CCN(Cc1ccc2nc(C)nc(O)c2c1)c1ccc(C(=O)NCc2cncs2)cc1,CHEMBL6496
DEC_1239,decoy,Brc1cnc(NC23CC4CC(CC(C4)C2)C3)nc1,CHEMBL278460
DEC_1906,decoy,Cc1noc(C)c1C(=C1CCNCC1)c1ccc(C(C)C)cc1,CHEMBL440604
DEC_4276,decoy,N[C@@H](CS)CNc1ccc(Oc2cccc(CO)c2)cc1,CHEMBL26314
DEC_1302,decoy,CCc1sc(CCc2cc(OC(C)COC)cc(NCc3cc(Cl)cc(NC(=O)OC(C)C)c3)n2)nc1C,CHEMBL417912
DEC_0485,decoy,CCc1c(Sc2cc(Cl)cc(Cl)c2)n(COCCO)c(=S)[nH]c1=O,CHEMBL17070
DEC_2088,decoy,O=S(=O)(CBr)OCCCl,CHEMBL275363
DEC_1617,decoy,CCCC1C(=O)N(CC(C)C)C2Sc3ccccc3N2C1=O,CHEMBL29541
DEC_2811,decoy,CO/N=C(\COCc1cc(Cl)cc(Cl)c1)C(CCN1CCC(O)(c2ccccc2)CC1)c1ccc(Cl)c(Cl)c1,CHEMBL32279
DEC_2933,decoy,CCCCc1nn(CC(C)(C)C)c(C(=O)O)c1Cc1ccc(-c2ccccc2-c2nn[nH]n2)cc1,CHEMBL22122
DEC_1233,decoy,C[C@]12CCC3C4CCC(=O)C=C4CCC3C1CC[C@@]2(O)C#CCCBr,CHEMBL7682
DEC_2889,decoy,COc1ccc(C2(Cn3ccnc3)OCC(c3ccc(Cl)cc3)O2)cc1,CHEMBL29183
DEC_3615,decoy,Nc1nc(N)c2c(CCc3ccc4ccccc4c3)cccc2n1,CHEMBL7134
DEC_2178,decoy,O=c1c2c(nc3n1CCCCCC3)CCCC2,CHEMBL442733
DEC_3014,decoy,Cc1nnc2n1-c1ccc(C#CCOc3cccnc3)cc1C(c1ccccc1Cl)=NC2,CHEMBL20344
DEC_0728,decoy,C[C@@]12C=Cc3occc3C1CC[C@]13CC(O)C(CCC12)C3,CHEMBL31200
DEC_1808,decoy,CC(C)C[C@@H](NC(=O)[C@H](CCc1ccccc1)CP(=O)(O)CCCCN1C(=O)c2ccccc2C1=O)C(=O)Nc1ccccc1,CHEMBL283066
DEC_0554,decoy,Brc1cccc(Br)c1N(Cc1cccs1)C1=NCCN1,CHEMBL278118
DEC_2271,decoy,Cc1noc(NS(=O)(=O)c2cccc3c(N4CCCC4=O)cccc23)c1C,CHEMBL26079
DEC_1767,decoy,COc1cccc2c1C(CCCN1CCN(c3ccccc3)CC1)=CCC2,CHEMBL8593
DEC_0276,decoy,O=c1nc(/N=C/N(c2ccc(F)cc2)c2ccc(F)cc2)ccn1C1CSC(CO)O1,CHEMBL18676
DEC_0470,decoy,C=C1/C(=C\C=C\[C@@H]2CCC[C@H]([C@H](C)CCCC(C)(C)O)C2(C)C)C[C@@H](O)C[C@@H]1O,CHEMBL286215
DEC_1476,decoy,C=C(Cl)CN1C[C@H](OCC23C[C@@H]4[C@H](C)CC[C@H]4C4(C=O)CC2C=C(C(C)C)[C@@]34C(=O)O)O[C@@H]2CCC[C@H]21,CHEMBL287194
DEC_4630,decoy,CCCCc1nc2ccc([C@@H]3[C@H]4CCCN3OC4)cc2c(=O)n1Cc1ccc(-c2ccccc2-c2nn[nH]n2)cc1,CHEMBL296173
DEC_2863,decoy,Cc1cc(C)c(C(=O)OCc2cc(=O)c(OC(=O)C(C)(C)C)co2)c(C)c1,CHEMBL10198
DEC_2302,decoy,CC1OC(SCCC23C[C@H]4C[C@@H](C2)C[C@@H](C3)C4)C(O)C(O)C1O,CHEMBL274753
DEC_4423,decoy,O=P(O)(CN[C@@H](Cc1ccc(-c2ccccc2)cc1)c1nnn[nH]1)Oc1ccccc1,CHEMBL39734
DEC_0546,decoy,N#CC(CCCN1CCC(O)(c2ccc(Cl)cc2)CC1)(c1ccccc1)c1ccccc1,CHEMBL34166
DEC_3001,decoy,O=S(=O)(Nc1c(O)nc2cc(C(F)(F)F)ccc2c1Cc1cccc(Cl)c1)C(F)(F)F,CHEMBL415901
DEC_0923,decoy,O=C(NCC1CCC(C(=O)NO)CC1)NC12CC3CC(CC(C3)C1)C2,CHEMBL285793
DEC_4293,decoy,CC[C@H]1OC(=O)CC(O)[C@H](C)[C@@H](O[C@@H]2O[C@H](C)C[C@H](N(C)C)[C@H]2O)[C@@H](CCN(C)C)C[C@@H](C)C(=O)/C=C/[C@]2(C)O[C@H]2[C@@H]1C,CHEMBL269087
DEC_3664,decoy,CCCOc1ccc2c(-c3ccc4c(c3)OCO4)c(C(=O)O)n(Cc3ccc4c(c3)OCO4)c2c1,CHEMBL268751
DEC_0256,decoy,CN1CCC23c4c5ccc(O)c4OC2[C@H](O)[C@](CO)(CCCCc2ccccc2)CC3C1C5,CHEMBL416699
DEC_2067,decoy,CN1Cc2sc([N+](=O)[O-])cc2C(c2ccc(Br)cc2)C1,CHEMBL15538
DEC_2718,decoy,CN(C)c1ccc(C#C[C@]2(O)CCC3C4CCC5=CC(=O)CCC5=C4[C@@H](c4ccc(N(C)C)cc4)C[C@@]32C)cc1,CHEMBL72866
DEC_2841,decoy,COc1cccc(Cn2c(CC(C)(C)C(=O)O)c3c4c(c(OCc5ccc(-c6ccccc6)cn5)ccc42)CC(C)S3)c1,CHEMBL96767
DEC_0693,decoy,C=C[C@]1(C)C[C@@H](OC(=O)Nc2ccc(OC)cc2)[C@]2(C)C(C)CC(=O)[C@]3(CCC(=O)[C@H]32)[C@@H](C)[C@@H]1O,CHEMBL50327
DEC_3013,decoy,CCCC1=NC2(CCOCC2)C(=O)N1Cc1ccc(-c2ccccc2-c2nn[nH]n2)cc1,CHEMBL435953
DEC_0660,decoy,Sc1nc(-c2cc(Cl)cc(Cl)c2)c(-c2cc(Cl)cc(Cl)c2)[nH]1,CHEMBL8113
DEC_0738,decoy,C[C@H](N)Cc1c2ccoc2c(C(F)(F)F)c2ccoc12.Cl,CHEMBL6907
DEC_2658,decoy,CC(C)(C)C12COC(c3ccc(Br)cc3)(OC1)OC2,CHEMBL29116
DEC_1664,decoy,C#C[C@]1(O)CCC2C3CCC4=CC(=O)CCC4C3CC[C@@]21C,CHEMBL266115
DEC_1174,decoy,CCOC(=O)C(=O)Nc1nc(C)c(C)s1,CHEMBL16097
DEC_2177,decoy,CCCCc1ccc(N2C(N)=NC(N)=NC2(C)C)cc1,CHEMBL6962
DEC_2688,decoy,O=C(c1ccc(C(F)(F)F)cc1)c1ccc2n1CCC2C(=O)O,CHEMBL9359
DEC_3363,decoy,Cc1c(F)c(N2CCNC(C)C2)c(F)c2c1c(=O)c(C(=O)O)cn2C1CC1,CHEMBL16030
DEC_1208,decoy,CCc1nc2c(C)cc(C)nc2n1Cc1ccc(-c2cscc2-c2nn[nH]n2)cc1,CHEMBL274626
ACT_054,active,Cc1cccc(Cl)c1NC(=O)c1cnc(NC(C)C)s1,CHEMBL403141
DEC_2179,decoy,O=NN(CCCl)C(=O)NC1CCC(Cl)CC1,CHEMBL276848
DEC_4728,decoy,COc1cc([C@@H]2c3cc4c(cc3[C@@H](Nc3ccc(I)cc3)[C@H]3COC(=O)[C@H]23)OCO4)cc(OC)c1O,CHEMBL416199
DEC_3580,decoy,O=S(=O)(c1ccc2ccccc2c1)N1C[C@H](S)C[C@H]1c1nnc(SCC2CC2)n1-c1ccccc1,CHEMBL47934
DEC_1706,decoy,Cc1nnc2n1-c1sc(CCc3ccc4c(c3)CCO4)cc1C(c1ccccc1Cl)=NC2,CHEMBL287465
DEC_3337,decoy,N#Cc1ccc(/C(=N\c2ccc(Br)cc2)n2ccnc2)cc1,CHEMBL31456
DEC_4365,decoy,O=C(O)c1cc(O)c2c(Br)cc(Br)cc2n1,CHEMBL278854
DEC_1529,decoy,C=C(C)[C@H]1Cc2c(ccc3c2OC2COc4cc(OC)c(OC)cc4C2/C3=N/O)O1,CHEMBL266067
DEC_4498,decoy,Cc1ccccc1C(OCC(O)CN1C(C)CCCC1C)c1ccccc1C,CHEMBL275387
DEC_0118,decoy,CCCCCCCCCCCCCCCCNc1ccc(C(=O)CC(=O)C(=O)OC)cc1,CHEMBL416202
DEC_4040,decoy,C[S+]([O-])CC(=O)c1cc(C(C)(C)C)c2c(c1)C(C)(C)CO2,CHEMBL13561
DEC_1806,decoy,CCCCc1nc(SCC(F)(F)F)c(C(=O)O)n1Cc1ccc(-c2ccccc2S(=O)(=O)NC(=O)NCCC)cc1,CHEMBL305604
DEC_1692,decoy,Brc1ccc(C2COC(Cn3ccnc3)(c3ccc(Br)cc3)O2)cc1,CHEMBL29376
DEC_0668,decoy,Cc1cc([N+](=O)[O-])ccc1/N=C(\S)Nc1ccc2c(c1)C(C)(C)CC(C)(C)S2,CHEMBL7074
DEC_0145,decoy,OC1CCCCC1N1CCC(C2CCN(C3CCCCC3O)CC2)CC1,CHEMBL20429
DEC_0161,decoy,CCCCC[C@@H]1/C=C\C2[C@H](O)CC(=O)[C@@H]2C/C=C\CCCC(=O)O1,CHEMBL12584
DEC_3357,decoy,CO[C@]12C=CC3(CC14CCC(C)(C)[C@H]4O)C1Cc4ccc(O)c5c4C3(CCN1C)[C@@H]2O5,CHEMBL31605
DEC_4738,decoy,CC(=O)N1[C@H](CC23CC4CC(CC(C4)C2)C3)C(=O)N(Cc2ccccc2F)c2ccccc2C(=O)C[C@H]1C(=O)CC(=O)O,CHEMBL118630
DEC_0613,decoy,Nc1ccc(S(=O)(=O)Nc2cccc3c(Cl)c[nH]c23)cc1,CHEMBL20497
DEC_4368,decoy,CN1CCc2cc(Br)cc3c2[C@H]1Cc1ccc(O)c(O)c1-3,CHEMBL276326
DEC_0740,decoy,CCCN1C[C@H](CSC)C[C@@H]2c3cccc4[nH]cc(c34)C[C@H]21,CHEMBL531
DEC_1044,decoy,O=NN(CCCl)C(=O)NC1CCC(C(=O)O)CC1,CHEMBL12920
DEC_1729,decoy,C[C@@H]1CN(C(=O)N2c3cc(Cl)ccc3-n3cnc(C(=O)OC(C)(C)C)c3C2(C)C)C[C@H](C)N1C,CHEMBL279800
DEC_1907,decoy,CC1(C)OC(S)=Nc2ccc(-c3cc(F)cc(Cl)c3)cc21,CHEMBL25462
DEC_2154,decoy,C1CCN2C[C@H]3C[C@H](CN4CCCC[C@@H]34)[C@H]2C1,CHEMBL412873
DEC_0105,decoy,CN(C)Cc1ccc(CSCCCCCCCCCSCc2ccc(CN(C)C)o2)o1,CHEMBL418712
DEC_0813,decoy,O=C1Nc2ccc(F)cc2C(OCC=C(Cl)Cl)(C(F)(F)F)O1,CHEMBL17010
