compound_id,label,smiles,source_id
DEC_3911,decoy,Nc1ccc(-c2nc3n(c2-c2ccc(N)cc2)CCS3)cc1,CHEMBL274706
DEC_4007,decoy,OC(CNC1CCc2[nH]c3ccccc3c2C1)c1cccc(Cl)c1,CHEMBL25615
DEC_0001,decoy,Nc1c(F)c(N2CCNCC2)c(Cl)c2c1c(=O)c(C(=O)O)cn2C1CC1,CHEMBL15530
DEC_2685,decoy,CCCN(CCC)C1Cc2cccc3nc(SC)n(c23)C1,CHEMBL267107
DEC_2587,decoy,Cn1cncc1C[C@H](NCc1ccc(C#N)cc1)C(=O)N1CCC(C#N)=C(c2cccc3ccccc23)C1,CHEMBL29946
DEC_1496,decoy,O=C1NC(=O)C(S(=O)(=O)c2ccc3ccccc3c2Br)S1,CHEMBL30325
DEC_4499,decoy,CNn1cc(C(=O)O)c(=O)c2cc(F)c(N3CCN(C)CC3)cc21,CHEMBL6231
DEC_2528,decoy,CN(Cc1ccc(C#N)cc1)[C@H](Cc1cncn1C)C(=O)N1CCC(C#N)=C(c2cccc3ccccc23)C1,CHEMBL29980
DEC_2328,decoy,CN1CCN(CCCN2c3ccccc3Sc3ccc(Cl)cc32)CC1,CHEMBL728
ACT_072,active,Oc1cc(O)c(-c2noc3ccc(NCCN4CCOCC4)cc23)cc1Br,CHEMBL254875
DEC_1387,decoy,O=C1Nc2ccc(Cl)cc2C(OCCc2ccccc2)(C(F)(F)F)O1,CHEMBL17489
DEC_4422,decoy,C=CCN1CC[C@]23c4c5ccc(O)c4O[C@H]2C(=O)CC[C@@]3(OCC)C1C5,CHEMBL280309
DEC_0809,decoy,CC(C)c1cccc(C(C)C)c1OS(=O)(=O)NC(=O)Oc1c(F)cccc1F,CHEMBL22607
DEC_3961,decoy,O=C(NC1CCCCC1)NC1CCCC(NC(=O)NC2CCCCC2)C1,CHEMBL13526
DEC_1362,decoy,C=C1/C(=C\C=C\C2CCCC([C@H](C)CC#CC(C)(C)O)C2(C)C)C[C@@H](O)C[C@@H]1O,CHEMBL36510
DEC_2987,decoy,O=C1NC[C@]2(CCN3CCc4ccccc4[C@@H]3C2)O1,CHEMBL287514
DEC_4135,decoy,CCNCC1CCN(c2c(F)c(C)c3c(=O)c(C(=O)O)cn(C4CC4)c3c2F)C1,CHEMBL16371
DEC_1022,decoy,CO[C@]1(c2cc(F)cc(S(=O)(=O)c3ccc(/C(C)=N/OCC#N)cc3)c2)CCO[C@@H](C)C1,CHEMBL422226
DEC_1993,decoy,NCCCN1c2ccccc2Sc2ccccc21,CHEMBL288110
DEC_3384,decoy,Cc1cn(COC2CP(=O)(Oc3ccccc3)OC2C)c(=O)[nH]c1=O,CHEMBL428365
DEC_4543,decoy,CCOC(=O)N[C@@H](c1ccc(C)cc1)[C@@H](O)C(=O)OC1CC2C(C)(C)C1(C)[C@@]13C[C@H](C)c4ccccc4[C@@]21O3,CHEMBL286832
DEC_4186,decoy,O=C(O)CC[C@@H](Cc1ccc(-c2ccccc2)cc1)C(=O)Nc1nc(CC(=O)O)cs1,CHEMBL37820
DEC_0871,decoy,Oc1nc2ccc(C#CCN3CCC(O)(Cc4ccc(F)cc4)CC3)cc2o1,CHEMBL19952
DEC_1975,decoy,CC1CC(NC(=O)N(CCCl)N=O)CC(C)(C)C1,CHEMBL275300
DEC_2719,decoy,Oc1cc2c(cc1OCc1ccccc1)OC1c3ccccc3OCC21,CHEMBL282946
DEC_0013,decoy,Nc1c(F)c(N2CCNCC2)c(F)c2c1c(=O)c(C(=O)O)cn2C1CC1,CHEMBL274469
DEC_0238,decoy,CC(C)(C)c1cc(C(=O)CS(C)(=O)=O)cc2c1OCC2(C)C,CHEMBL14052
ACT_040,active,COC(=O)C[C@]1(C(=O)OC)CN(C#N)N(c2ccc(Cl)cc2)C12c1ccccc1-c1ccccc12,CHEMBL1301125
DEC_3535,decoy,Cc1ccc(C)n1Nc1ccc(N(C)C)nn1,CHEMBL267560
DEC_3428,decoy,CC(C)C[C@H](CN(O)C=O)C(=O)N[C@H]1Cc2cn(c3ccccc23)CCCCCCNC1=O,CHEMBL30980
DEC_4280,decoy,CCCNCC(=O)N1c2ccccc2N2CCc3cccc(c32)C1C,CHEMBL284648
DEC_2030,decoy,CC(/N=c1\c(O)c(O)\c1=N/[C@H](C)C(C)(C)C)c1ccc(C#N)cc1,CHEMBL280209
DEC_4236,decoy,CCC(c1ccc(O)cc1)C(CBr)c1ccc(O)cc1,CHEMBL25297
DEC_3049,decoy,CN(C(=O)[C@@H](N)c1ccccc1)[C@H]1CCCC[C@@H]1N1CCCC1,CHEMBL17328
DEC_0633,decoy,CCc1nc2cc(OC3CCN(C(C)=N)CC3)ccc2n1C/C=C/c1cc(N)ccc1OC,CHEMBL25474
DEC_0272,decoy,O=C1O[C@H](c2ccc(Cl)cc2)[C@](Cn2cncn2)(c2ccc(Cl)cc2Cl)O1,CHEMBL10394
DEC_1099,decoy,C[C@@]12Cc3ccccc3C[C@@H](N1)c1ccccc12,CHEMBL26126
ACT_083,active,CCCc1nc(N)ncc1C(=O)OCC,CHEMBL1834387
DEC_1223,decoy,Fc1ccc(-c2ncn(C3CCNCC3)c2-c2ccnc(Oc3cccc(F)c3)n2)cc1,CHEMBL14014
DEC_0627,decoy,CCCC1=NC2(CCCCC2)C(=O)N1Cc1ccc(-c2ccccc2-c2nn[nH]n2)cc1,CHEMBL290614
DEC_3720,decoy,CCCN(C(C)C)[C@@H]1CCc2cccc(O)c2[C@@H]1C,CHEMBL288721
DEC_2196,decoy,O=C1[C@@H](NS(=O)(=O)c2ccc(-c3ccncc3)s2)CCN1Cc1cc2c[nH]ccc-2n1,CHEMBL416515
DEC_1608,decoy,CC(=O)N1CCC(Oc2ccc(CC(=O)N3CCC(N4C(=O)OCc5ccccc54)CC3)cc2)CC1,CHEMBL25502
DEC_1799,decoy,CCOC(=O)C1=C(c2ccc(-n3c(O)nc4cnccc43)cc2)NC(C)=C(C(=O)Nc2ccccn2)C1c1ccccc1Cl,CHEMBL107198
DEC_4333,decoy,Cc1ccc(C)c(-c2cc(C(F)F)nn2-c2ccc(S(N)(=O)=O)cc2)c1,CHEMBL280772
DEC_1240,decoy,CCCCCCOS(=O)(=O)NC(=O)Oc1c(C(C)(C)C)cc(C)cc1C(C)(C)C,CHEMBL278161
DEC_0909,decoy,O=C(Nc1nc2ccccc2s1)c1cc(Br)cc(Br)c1O,CHEMBL277688
DEC_0788,decoy,COCc1cc(I)ccc1Sc1ccccc1CN(C)C,CHEMBL284002
DEC_4253,decoy,CCC(c1ccccc1)c1c(O)c2c(oc1=O)CCCCCC2,CHEMBL275899
DEC_3403,decoy,CCNCC1CCN(c2c(F)cc3c(=O)c(C(=O)O)cn(CC4CC4)c3c2F)C1,CHEMBL6225
DEC_4449,decoy,O=C(C1CCCC1)C(O)(Cn1cncn1)c1ccc(Cl)cc1Cl,CHEMBL267089
DEC_3663,decoy,CCC(CC)C(=O)N1C[C@H](N)[C@H](C(=O)O)C1,CHEMBL279099
DEC_1130,decoy,O=C1[C@@H](NS(=O)(=O)c2cc3nc(Cl)ccc3s2)CCN1Cc1cc2[nH]cccc-2n1,CHEMBL8046
DEC_3740,decoy,CC(C)=CCN1CC[C@@]2(C)c3cc(O)ccc3C[C@@H]1[C@@H]2C,CHEMBL560
DEC_1952,decoy,CN1CCN2CC(c3ccc(O)cc3)c3ccccc3C2C1,CHEMBL540195
DEC_2755,decoy,CN(Cc1coc2nc(N)nc(N)c12)c1cc(Cl)c(Cl)c(Cl)c1,CHEMBL278110
DEC_4170,decoy,CC(C)C[C@H](CC(=O)NO)C(=O)N[C@@H](CC(C)C)c1nc2cc(Cl)c(Cl)cc2[nH]1,CHEMBL42311
DEC_2212,decoy,C[C@]12CCC(=O)C(Cl)=C1NCC1C2CC[C@@]2(C)C1CC[C@@H]2C(=O)N(c1ccc(Cl)cc1)C1CCCC1,CHEMBL283430
DEC_0537,decoy,O=C1CN2Cc3c(cccc3N3CCCCC3)NC2=N1,CHEMBL31356
DEC_2448,decoy,O=C(/C=C/c1ccc(OCc2nccs2)cc1)c1cc(-c2nn[nH]n2)ccc1O,CHEMBL273727
DEC_1798,decoy,CCOC(=O)C1=C(c2ccc(-n3c(C)nc4cnccc43)cc2)NC(C)=C(C(=O)Nc2ccccn2)C1c1cccnc1Cl,CHEMBL106800
DEC_2870,decoy,CCNCC1CCN(c2c(F)cc3c(=O)c(C(=O)O)cn(C4CCCC4)c3c2F)C1,CHEMBL6265
DEC_0850,decoy,C=C1/C=C(\C)[C@H](CC)OC(=O)[C@H](C)C(=O)[C@@](O)(CO)C/C(Cl)=C/[C@@H](C)C1,CHEMBL286184
DEC_0326,decoy,CN1CC=C(c2c[nH]c3ccc(-c4cccs4)cc23)CC1,CHEMBL27643
DEC_2826,decoy,Cc1onc(NS(=O)(=O)c2cccc3c(N(C)C)cccc23)c1C,CHEMBL25816
DEC_3111,decoy,C=CCNC(=O)NC1C2C(=O)CC(c3ccc(O)cc32)C1C(=O)OCC[Si](C)(C)C,CHEMBL273913
DEC_3450,decoy,O=c1ccn([C@@H]2O[C@H](COC(c3ccccc3)(c3ccccc3)c3ccccc3)[C@H]3OC23)c(=O)[nH]1,CHEMBL284119
DEC_3492,decoy,CSC1=NC(=O)C2(CC(C)(C)Oc3ccccc32)N1,CHEMBL440288
DEC_0978,decoy,COC(=O)/C=C/[C@H]1CCC2=C(C)/C(=N/N=C(N)N)CC[C@@]21C,CHEMBL29595
DEC_3569,decoy,O=C1[C@@H](NS(=O)(=O)c2nc3cc(Cl)ccc3[nH]2)CCN1Cc1cc2[nH]cccc-2n1,CHEMBL416513
DEC_4445,decoy,Cc1c(N2CC[C@H](N)C2)c(F)cn2c(=O)c(C(=O)O)cc(C(C)C)c12,CHEMBL418175
DEC_3951,decoy,C[C@H]1C[C@H]2C3Cc4ccc(O)cc4C2(CCN3CC2CC2)CC1=O,CHEMBL286801
DEC_2429,decoy,CC(C)=CCC(OC(=O)CCCCC(C)C)C1=CC(=O)c2c(O)ccc(O)c2C1=O,CHEMBL28446
DEC_1609,decoy,CC(C)(C)[Si](C)(C)OCC1OC(n2ccc(N)nc2=O)C(O[Si](C)(C)C(C)(C)C)C1C#N,CHEMBL299357
DEC_2221,decoy,Cc1cc(SC2=C(O)OC(CCc3ccc(O)cc3)(C3CCCC3)CC2=O)c(C(C)(C)C)cc1N,CHEMBL37541
DEC_3221,decoy,CC(=O)O[C@]1(C(C)=O)CCC2C3C[C@H](C)C4=CC(=O)CCC4(C)C3CCC21C,CHEMBL287148
DEC_0197,decoy,C=CCOc1ccc(CC[C@](C)(O)[C@H]2C[C@@]34C=C[C@]2(OC)[C@@H]2Oc5c(OC)ccc6c5C23CCN(C)C4C6)cc1,CHEMBL59280
DEC_3149,decoy,COc1ccc(CN2CCN(C(=O)c3cc4cc(O)ccc4[nH]3)CC2)c(OC)c1OC,CHEMBL279269
DEC_2455,decoy,CCCCc1nc2c(n1Cc1ccc(-c3ccccc3-c3nn[nH]n3)cc1)C(=O)CCCC2,CHEMBL40340
DEC_4442,decoy,CONC1=NC(=O)/C(=C/c2cc(C(C)C)c(O)c(C(C)C)c2)S1,CHEMBL276506
DEC_1504,decoy,O=C(c1ccc2c(c1)c1c3c(cc4c1n2C(=O)CC4)CNCC3)N1CCOCC1,CHEMBL23620
DEC_3634,decoy,C=Cc1ccc(C(=O)c2ccc3n2CCC3C(=O)O)cc1,CHEMBL9129
DEC_0760,decoy,CN1CCN(CCCNc2ncc3cc(-c4c(Cl)cccc4Cl)c(/N=C(/S)NC(C)(C)C)nc3n2)CC1,CHEMBL57947
DEC_0911,decoy,C[C@@H](n1cnc2cc(-c3ccc(C(=N)NC#N)cc3)sc2c1=O)[C@](O)(Cn1cncn1)c1ccc(F)cc1F,CHEMBL291703
DEC_2297,decoy,N#Cc1ccc(S(=O)(=O)Nc2cccc([C@H](c3c(O)oc4c(c3=O)CCCCCC4)C3CC3)c2)cc1,CHEMBL16422
DEC_3000,decoy,c1cncc(Nc2nc3ccccc3n3cncc23)c1,CHEMBL29531
DEC_0503,decoy,C/C=C(\NC(=O)C1C(C(C)(C)C)C1(C)C)C(=O)O,CHEMBL12165
DEC_1282,decoy,CCC1NC(=O)C(CCN(C(C)C)C(C)C)(c2ccccc2)C2CCCCN12,CHEMBL24216
DEC_1473,decoy,O=C1CSCC2Nc3ccnn3C(c3ccc(F)c(Br)c3)C12,CHEMBL35356
DEC_4148,decoy,CC1Nc2ccccc2C(=O)N1Cc1ccc(-c2ccccc2-c2nn[nH]n2)cc1,CHEMBL15174
DEC_3352,decoy,CC(NC(C)(C)C)C(O)COc1cccc2sccc12.O=C(O)C(=O)O,CHEMBL30152
DEC_3858,decoy,CCSc1ccnc(C[S+]([O-])c2nc3ccccc3n2C(=O)OC(C)C)c1C,CHEMBL9893
ACT_043,active,Cc1nc(NC(=O)c2ccc(F)cc2)sc1C(=O)Nc1ccc2c(c1)CCC2,CHEMBL1491154
DEC_4516,decoy,COc1cc2cc(C(=O)N3C[C@H]4C[C@@]45C3=CC(=O)c3[nH]c(C)c(C(=O)Sc4ccncc4)c35)[nH]c2c(OC)c1OC,CHEMBL310675
DEC_2409,decoy,CCCn1c(=O)n(C)c(=O)c2[nH]c(C3CCCC3)nc21,CHEMBL34004
ACT_024,active,Cc1cc(C)n(-c2nc(NN)nc(Nc3ccc(Cl)c(C(F)(F)F)c3)n2)n1,CHEMBL4514227
DEC_0494,decoy,Cc1cc2c(s1)CCC(CN[C@@H]1CC[C@@H](Oc3ccccc3)[C@H]1O)C2=O,CHEMBL15359
DEC_2717,decoy,CSc1ccc(C(=O)c2c(SC)cc3n2CCC3C(=O)O)cc1,CHEMBL19889
DEC_1648,decoy,Clc1ccc(C2COC(Cn3ccnc3)(c3ccccc3)O2)cc1,CHEMBL28653
DEC_4381,decoy,Cc1cc(-n2ncc(=O)[nH]c2=O)cc(Cl)c1Oc1ccc(S(=O)(=O)NC2CC2)cc1Cl,CHEMBL57156
DEC_4069,decoy,Fc1ccc(C(OCCN2CCN(CC3=Cc4ccccc4CC3)CC2)c2ccc(F)cc2)cc1,CHEMBL28897
DEC_1435,decoy,Cc1nc(-c2ccc(S(=O)(=O)Nc3ccc(CCNC[C@H](O)c4cccnc4)cc3)cc2)no1,CHEMBL33168
DEC_2946,decoy,CCOc1c(N2CCC(C)(CN)C2)c(F)c(N)c2c(=O)c(C(=O)O)cn(C3CC3)c12,CHEMBL15480
DEC_4193,decoy,CC/C1=C(\c2ccccc2)c2ccc(OCC(O)CO)cc2SCc2ccccc21,CHEMBL276795
DEC_1400,decoy,Oc1nc2cc(Cl)ccc2c(O)c1-c1cccc(Cc2ccsc2)c1,CHEMBL280853
DEC_1703,decoy,COC(=O)C(C)(C)CO/N=C(\C)c1ccc(Sc2cc(F)cc(C3CCOCC3)c2)cc1,CHEMBL28221
DEC_2834,decoy,COc1cc2c(cc1OC)C(C)=[N+]([O-])C(c1cccc3c1OCO3)N2,CHEMBL29886
DEC_1512,decoy,C1CCN(C2CCN(CCCN3CCC(N4CCCCC4)CC3)CC2)CC1,CHEMBL10458
DEC_4110,decoy,NCCc1c[nH]cn1.S=C(NC1CCCCC1)N1CCC(c2c[nH]cn2)CC1,CHEMBL18998
DEC_0907,decoy,Oc1ccc(Cl)cc1-n1nc(-c2cc(C(F)(F)F)cc(C(F)(F)F)c2)nc1O,CHEMBL14185
DEC_3316,decoy,CC[C@@H](C)[C@H](NC(=O)[C@@H](S)c1ccccc1)C(=O)N1CCCC1C(=O)O,CHEMBL19935
DEC_3212,decoy,CCCCN(C=O)[C@H]1CCC2C3CC[C@H]4N(C)C(=O)CC[C@]4(C)C3CC[C@@]21C,CHEMBL277053
DEC_0912,decoy,N#Cc1ccc(S(=O)(=O)Nc2cccc(C(c3c(O)oc4c(c3=O)CCCCCC4)C3CC3)c2)nc1,CHEMBL276592
DEC_0444,decoy,CSc1nnc(-c2nc(C(C)(C)C)c(O)c(C(C)(C)C)n2)s1,CHEMBL275188
DEC_2621,decoy,O=C1COC(C#Cc2ccoc2)(C(F)(F)F)c2cc(Cl)ccc2N1,CHEMBL31455
DEC_4355,decoy,Cc1nn(-c2cccc([N+](=O)[O-])c2)c2oc3ccc(Br)cc3c(=O)c12,CHEMBL25753
DEC_1148,decoy,O=C1[C@@H](NS(=O)(=O)c2ccc(-c3ccc(Cl)s3)s2)CCN1CCNc1ccncc1,CHEMBL8188
DEC_0027,decoy,CC12CCC(=O)C=C1CCC1C2CCC2(C)C1CC[C@]2(O)C(=O)CO,CHEMBL14058
DEC_3522,decoy,CNc1nnc(-c2nsc3ccccc23)o1,CHEMBL38691
DEC_0567,decoy,CCN1C(=O)N(C2CCN(C3CCC(C(C)C)CC3)CC2)[C@@H]2CCCC[C@H]21,CHEMBL282195
DEC_2281,decoy,C[C@@H]1CC2C3CCC4=CC(=O)C=C[C@]4(C)[C@@]3(F)[C@@H](O)C[C@]2(C)[C@@]1(O)C(=O)CSCCN=C=S,CHEMBL48439
DEC_2253,decoy,O=C(NC1CCN(C/C2=C/CCCCCC2)CC1)C1c2cc(Cl)ccc2Oc2ccc(Cl)cc21,CHEMBL33639
DEC_2290,decoy,CC(C)(N)CC(=O)NC1CC2CCC1(CS(=O)(=O)N1CCC3(CCc4ccccc43)CC1)C2(C)C,CHEMBL283578
DEC_3860,decoy,CC(C)(C)NCCSSCCNC(C)(C)C,CHEMBL280057
DEC_3619,decoy,Cc1nccn1-c1ccc(C2=CCCn3c2cnc3C)cc1,CHEMBL27771
DEC_3571,decoy,C=C(Cl)C(=O)N[C@@H]1CCC2(O)C3Cc4ccc(O)c5c4C2(CCN3CC2CC2)C1O5,CHEMBL282203
DEC_0496,decoy,CC(/C=N/N=C(\S)N(C)C)=N\N=C(/S)N(C)C,CHEMBL29984
DEC_3828,decoy,Cc1cc(C#N)c2c3ncnc(N4CCN(CCc5ccc(F)c(F)c5)CC4)c3n(C)c2n1,CHEMBL28168
DEC_2864,decoy,O=C(O)Cn1c(=O)n(Cc2ccc(Cl)c(Cl)c2)c(=O)c2c3c(sc21)CCCC3,CHEMBL35716
DEC_1101,decoy,C[C@@H]1OC(=O)C[C@H]1C/C=C/[C@H]1CCCCN1C,CHEMBL22923
DEC_0853,decoy,CC12CCC(O)CC1CCC1C2CCC2(C)[C@@H](C3=CC(=O)OC3)C(OC=O)CC12O,CHEMBL268340
DEC_0133,decoy,O=C(NC[C@H]1CC[C@H](CNS(=O)(=O)c2ccccc2[N+](=O)[O-])CC1)Nc1cccc2ccccc12,CHEMBL298168
DEC_1261,decoy,C=CC(=O)OC1CCC(C)(C)C(/C=C/C(C)=C/C=C/C(C)=C/C(=O)O)=C1C,CHEMBL14981
DEC_0063,decoy,CCN(CC)CCn1nc2c3c(c(CNS(C)(=O)=O)ccc31)Sc1ccc(O)cc1-2,CHEMBL30104
DEC_3080,decoy,CCCN(CCC)C1CCc2cccc(CO)c2C1,CHEMBL26425
DEC_2018,decoy,CC(/N=c1\c(O)c(O)\c1=N/c1ccc(C#N)cc1)c1ccc(F)cc1,CHEMBL18491
DEC_2109,decoy,CCOCCn1c(N2CCN(CCc3ccccc3)CC2)nc2ccccc21,CHEMBL280255
DEC_2579,decoy,CC(=O)OCC(=O)[C@@]12ON(Cc3ccccc3)C[C@@H]1CC1C3CCC4=CC(=O)C=CC4(C)[C@H]3C(O)CC12C,CHEMBL284234
DEC_3760,decoy,C1CCN(C2CCN(CCN3CCN(CCN4CCC(N5CCCCC5)CC4)CC3)CC2)CC1,CHEMBL10522
DEC_3733,decoy,Oc1cc(C(F)(F)F)c2cc3c(cc2n1)NCCC3,CHEMBL286684
DEC_3171,decoy,CN1C[C@H](C(=O)Nc2ccc(Cl)nn2)C[C@@H]2c3cc(C(C)(C)C)cc4[nH]cc(c34)C[C@H]21,CHEMBL13770
DEC_3802,decoy,COC1[C@@H](Cn2cncn2)[C@H](COc2ccc(OC(C)(C)C)cc2)CC[C@@]1(C)CCN1CCOCC1,CHEMBL51917
DEC_3645,decoy,CN1C[C@@]2(CCN3CCc4ccccc4[C@@H]3C2)OC1=O,CHEMBL33225
DEC_3251,decoy,CN1CCC(O)(c2nc(-c3ccncc3)c(-c3ccc(F)cc3)o2)CC1,CHEMBL280149
DEC_0863,decoy,CCC(C)(O)C#Cc1nc(NCc2ccc(Cl)cc2)c2ncn(C(C)C)c2n1,CHEMBL24484
DEC_3908,decoy,CCCN(CCC)[C@@H]1CCc2cccc(O)c2[C@@H]1C,CHEMBL43475
DEC_0446,decoy,NCCN(CCN)CCNC1CCCCCCCCCCCCCC1,CHEMBL22171
DEC_2441,decoy,COc1cc(-c2nn[nH]n2)ccc1COc1cccc(OCc2ccc3ccccc3n2)c1,CHEMBL18589
DEC_0675,decoy,Cc1cc(C)c(S(=O)(=O)[O-])c(C)c1.Cc1cc2c3c(cc(C)[n+]2nc1C)[nH]c1ccccc13,CHEMBL263737
DEC_0530,decoy,CCCC1NN(C(C)=O)C(CCC)NN1C(C)=O,CHEMBL17616
DEC_3674,decoy,C/N=C(\N)NCCSCc1nccs1,CHEMBL30893
DEC_1268,decoy,Cc1ccccc1-c1cc(N(Cc2cccc(C#N)c2)Cc2cncn2C)ccc1C#N,CHEMBL28707
DEC_2938,decoy,CCNCC1CCN(c2c(F)cc3c(=O)c(C(=O)O)cn(C4CC4)c3c2F)C1,CHEMBL6210
DEC_0708,decoy,CC(C)N(C(=O)[C@H]1CCC2C3CC=C4C=C(C(=O)O)CC[C@]4(C)C3CC[C@@]21C)C(C)C,CHEMBL278283
DEC_4277,decoy,O=C1Nc2ccc(F)cc2C(C#Cc2cccnc2)(C(F)(F)F)O1,CHEMBL17518
DEC_2617,decoy,N=C(N)N(CC1CC1)c1c(Br)cccc1Br,CHEMBL278629
DEC_1366,decoy,C=C1/C(=C\C=C\[C@H]2CCC[C@H]([C@H](C)CCCC(C)(C)O)C2(C)C)C[C@@H](O)C[C@@H]1O,CHEMBL32633
DEC_3891,decoy,CCCN(CCC)C1Cc2cc(OC)c(OC)cc2C1,CHEMBL16410
DEC_0761,decoy,CC(C)(C)NC(=O)[C@H](CC1CCCCC1)N1CCC[C@](O)([C@H](Cc2ccccc2)NC(=O)OC(C)(C)C)C1,CHEMBL305836
DEC_4553,decoy,COc1cc2c(cc1OCCCC(=O)N1C[C@H](CCl)c3c1cc(O)c1ccccc31)N=C[C@@H]1CCCN1C2=O,CHEMBL432909
DEC_1050,decoy,OC1CCCCCC1CN1CCN(CCOC(c2ccc(F)cc2)c2ccc(F)cc2)CC1,CHEMBL416198
DEC_2629,decoy,CCC1OC(/C=C/C2CC2)(C(F)(F)F)c2cc(F)ccc2NC1=O,CHEMBL30752
DEC_3781,decoy,COC(=O)C[C@@H](c1ccc(OC)nc1)N(C)C(=O)CCCCc1nc2c(cc1Br)CCCN2,CHEMBL275555
DEC_3983,decoy,CCc1cc(Br)ccc1C/N=c1\c(O)c(O)\c1=N/C(C)(C)C,CHEMBL281629
DEC_2833,decoy,CN(C)C(=O)N1Cc2c(-c3noc(C4CC4)n3)ncn2-c2ccccc21,CHEMBL15093
DEC_0339,decoy,CC[C@H]1C[C@@H](C)Nc2cc3nc(O)cc(C(F)(F)F)c3cc21,CHEMBL427957
DEC_3239,decoy,CC(C)N1CC2(CCN(CCc3c[nH]c4ccccc34)CC2)OC1=O,CHEMBL431883
DEC_4128,decoy,CC(=O)NCc1ccc(-c2csc(NC(=N)NCCN3CCCCC3)n2)o1,CHEMBL25393
DEC_1433,decoy,CN(Cc1ccc2nc(CO)nc(O)c2c1)c1ccc(C(=O)N[C@H](CCC(=O)O)C(=O)O)s1,CHEMBL41424
DEC_1614,decoy,CC(=O)Oc1nc(C(Cl)(Cl)Cl)c(Cl)c(OC(C)=O)c1Cl,CHEMBL11954
DEC_4439,decoy,CNn1cc(C(=O)O)c(=O)c2cc(F)c(N3CCCCC3)cc21,CHEMBL275484
DEC_3594,decoy,CN(C(=O)[C@H](CC#Cc1ccc(N)cc1)NS(=O)(=O)c1ccc2ccccc2c1)C1CCCC1,CHEMBL8122
DEC_0308,decoy,Brc1cnc(NC23CC4CC(CC(C4)C2)C3)nc1,CHEMBL278460
DEC_0558,decoy,Nc1ccn(C2OC(CO)C(I)C2O)c(=O)n1,CHEMBL12604
DEC_0157,decoy,C=C(Br)CN1C[C@H](OCC23C[C@@H]4[C@H](C)CC[C@H]4C4(C=O)CC2C=C(C(C)C)[C@@]34C(=O)O)OC[C@H]1C,CHEMBL283680
DEC_2197,decoy,O=C1OC2(CCN(CC(O)C3COc4ccccc4O3)CC2)CN1Cc1ccccc1,CHEMBL24034
DEC_4047,decoy,COC1=C(C)C(=O)c2c(c(COC(N)=O)c3n2CCC3)C1=O,CHEMBL277288
DEC_0195,decoy,Cc1cn(C2OC(COC(c3ccccc3)(c3ccccc3)c3ccccc3)C(N=[N+]=[N-])C2O)c(=O)[nH]c1=O,CHEMBL287874
DEC_4105,decoy,COc1ccc(CCN(C)CC#CCCC(O)(c2ccccc2)C2SCCCS2)cc1OC,CHEMBL287990
DEC_0902,decoy,N#Cc1c(O)nnc(-c2ccc(Br)cc2)c1-c1ccc(Br)cc1,CHEMBL31490
DEC_1503,decoy,C[C@H]1C[C@@H]2[C@H]([C@@H](O)C[C@@]3(C)[C@H]2CC[C@]3(O)C(=O)CO)[C@@]2(C)C=CC(=O)C=C12,CHEMBL650
DEC_2250,decoy,Cc1cc(C)cc(-c2c(O)nc3cc(Cl)c([N+](=O)[O-])cc3c2OCCC2CCc3ccccc3N2)c1,CHEMBL301771
DEC_2367,decoy,CSc1nsnc1C1=C(C)CCN(C)C1,CHEMBL279105
DEC_0525,decoy,CC(C)C1(c2ccc(N)cc2)CCC(=O)NC1=O,CHEMBL282573
DEC_1088,decoy,C[C@]12N[C@](C)(Cc3ccccc31)c1ccccc12,CHEMBL280648
DEC_0661,decoy,CCCS(=O)(=O)Nc1cccc(C(c2c(O)c3c(oc2=O)CCCCCC3)C2CC2)c1,CHEMBL16427
DEC_0313,decoy,CNCCSC1Cc2ccccc2Sc2ccccc21,CHEMBL275883
DEC_3907,decoy,CCCCCCC(C(C)O)n1cnc2c(N)ccnc21,CHEMBL18838
DEC_0714,decoy,Cn1cncc1C(O)(C#Cc1ccc(C#N)cc1)c1ccc(C#N)c(-c2cccc3ccccc23)c1,CHEMBL24733
DEC_3419,decoy,CC(C)C[C@H](CC(=O)O)C(=O)N[C@H]1Cc2cn(c3ccccc23)CCCCCCNC1=O,CHEMBL282146
DEC_2386,decoy,CCn1c(=S)n(C)s/c1=N\c1cccnc1,CHEMBL26616
DEC_4388,decoy,CO[C@H]1[C@H](O)[C@H]2[C@@H](O[C@@H]1CO)n1c3ccccc3c3c4c(c5c6ccccc6n2c5c31)C(=O)N(O)C4=O,CHEMBL281423
DEC_2744,decoy,CC(=N)N1CC[C@H](Oc2ccc(CCc3cc4cc(C(=N)N)ccc4o3)cc2)C1,CHEMBL19368
DEC_2907,decoy,C[C@H](NP(=O)(Oc1ccccc1)Oc1ccccc1)C(=O)N1CCC[C@H]1C(=O)O,CHEMBL282846
DEC_4163,decoy,CCN(CCCN)CCCNc1nccc2c(C)c3[nH]c4ccc(OC)cc4c3cc12,CHEMBL277020
DEC_0479,decoy,O=C(c1ccc(Cl)cc1)C(O)(Cn1cncn1)C1CCCCC1,CHEMBL10301
DEC_0350,decoy,CN1Cc2sc(N)cc2C(c2ccc(Cl)cc2)C1,CHEMBL15906
DEC_1810,decoy,C[Si](C)(C)OC1(C#N)CCCCCCCCCC1,CHEMBL18921
DEC_3694,decoy,O=C(O)Cc1cn2c(n1)COc1ccccc1-2,CHEMBL13255
DEC_4146,decoy,CC(C)=CCC(OC(=O)c1cccnc1)C1=CC(=O)c2c(O)ccc(O)c2C1=O,CHEMBL283840
DEC_4353,decoy,C=CCN1CCN(C(c2ccccc2)c2ccc(-c3ccccn3)cc2)CC1,CHEMBL281680
DEC_4311,decoy,CCN(CC)c1nc(C)nc2c1sc(=S)n2-c1c(C)cc(C)cc1C,CHEMBL413968
DEC_0174,decoy,Cc1cn(C2OC(COC(c3ccccc3)(c3ccccc3)c3ccccc3)C(F)C2N=[N+]=[N-])c(=O)[nH]c1=O,CHEMBL289759
DEC_0316,decoy,BrCC12NC(Cc3ccccc31)c1ccccc12,CHEMBL10704
DEC_2509,decoy,c1ccc(-c2nc3n(c2-c2ccccc2)CCS3)cc1,CHEMBL17011
DEC_3952,decoy,C[C@@H]1C[C@@H]2C3Cc4ccc(O)cc4C2(CCN3CC2CC2)CC1=O,CHEMBL287660
DEC_1272,decoy,CCS(=O)(=O)c1ccc(OC)c(-c2ccc(C(C)N3CCCCC3)[nH]2)c1,CHEMBL20785
DEC_0020,decoy,O=C(O)/C=C/c1cn2c3c(nc(O)c2n1)-c1cccc(CC(=O)O)c1C3,CHEMBL25404
DEC_4431,decoy,NC1CCN(c2cc3c(cc2F)c(=O)c(C(=O)O)cn3C2CCC2)C1,CHEMBL15373
DEC_1259,decoy,CCCC1N(Cc2ccc(-c3ccccc3-c3nn[nH]n3)cc2)C(=O)c2ccccc2N1C,CHEMBL279129
DEC_4370,decoy,CCN(/C=C1/C(=O)O[C@H](COC)[C@@]2(C)C1=C(O)C(=O)C1=C2[C@H](OC(C)=O)C[C@]2(C)C(=O)CC[C@@H]12)CC,CHEMBL279160
DEC_4087,decoy,COc1ccc(CCN(C)Cc2ccc3n2-c2ccccc2SC3c2ccccc2)cc1OC,CHEMBL282989
DEC_2425,decoy,O=C(Cn1c(C2CCNCC2)nc2cc(Cl)c(Cl)cc21)N/N=C/c1ccncc1,CHEMBL417639
DEC_0198,decoy,CNS(=O)(=O)Oc1cc(C(C)(C)C)c(SC2=C(O)OC(CCc3ccc(O)cc3)(C(C)C)CC2=O)cc1C,CHEMBL71153
DEC_3985,decoy,CC(N)C1CCN(c2c(F)cc3c(=O)c(C(=O)O)cn(C4CC4)c3c2F)C1,CHEMBL14949
DEC_4278,decoy,Cc1ccc([N+](=O)[O-])cc1Nc1nccc(-c2cccnc2)n1,CHEMBL20426
DEC_2022,decoy,N=C(N)c1ccc(C(=O)N2CCC3(CCC(C(=O)O)CC3)CC2)cc1,CHEMBL25990
DEC_1003,decoy,CC(Nc1ccc(C2=NNC(=O)CC2)cc1)c1ccncc1,CHEMBL16059
DEC_3973,decoy,Cc1c(F)c(N2CCC(C)(CN)C2)cc2c1c(=O)c(C(=O)O)cn2C1CC1,CHEMBL16559
DEC_3651,decoy,O=C1CCC(c2ccc(NCc3cccnc3)cc2)=NN1,CHEMBL279592
DEC_0928,decoy,CC1(C)Oc2ccc(S(=O)(=O)N3CCCCC3)cc2[C@@H](N(Cc2ncc[nH]2)c2ccc(Cl)cc2)[C@@H]1O,CHEMBL273271
DEC_4373,decoy,O=C1C2Oc3c(O)ccc4c3C23CCN(CC2CC2)C(C4)[C@]3(O)CC12Cc1cc3ccccc3cc1C2,CHEMBL49704
DEC_1932,decoy,CCCN([C@@H]1CCN2CCc3ccccc3[C@@H]2C1)S(C)(=O)=O,CHEMBL440100
DEC_1688,decoy,Cc1noc(NS(=O)(=O)c2ccccc2-c2ccc(-c3ncco3)cc2CC(=O)N(C)C)c1C,CHEMBL281668
DEC_4468,decoy,Nc1c(S(N)(=O)=O)cc(S(N)(=O)=O)c(Cl)c1Cl,CHEMBL269628
DEC_3249,decoy,CN1CCC[C@@]12CCCC[C@@H]2NS(=O)(=O)c1ccc(Br)cc1,CHEMBL22220
DEC_3719,decoy,CCCN(C(C)C)[C@H]1CCc2cccc(O)c2[C@H]1C,CHEMBL288583
DEC_1305,decoy,COc1ccccc1N1CCN(CCCC2=CCCc3cccc(OC)c32)CC1,CHEMBL8536
DEC_3872,decoy,Clc1ccc(Cc2noc(CCc3c[nH]cn3)n2)cc1,CHEMBL276798
DEC_1628,decoy,C[C@]12CCC(=O)C=C1C(=O)CC1C2CC[C@@]2(C)C1CC[C@@H]2OC1CC1,CHEMBL267358
DEC_4168,decoy,OC(CNCCc1ccncc1)COc1ccc(-c2nc(-c3cccs3)c[nH]2)cc1,CHEMBL416151
DEC_2304,decoy,CCCCCCC[C@H]1OC(=O)C[C@@H](O)[C@H](Cc2ccccc2)N(C)C(=O)[C@H](C(C)C)OC(=O)[C@H]1C,CHEMBL269137
DEC_3918,decoy,NCC1CCN(c2cc3c(cc2F)c(=O)c(C(=O)O)cn3C2CC2)C1,CHEMBL15296
DEC_0758,decoy,O=C(O)[C@@H](Cc1c[nH]c2ccccc12)NS(=O)(=O)c1ccc(C#Cc2ccc(Oc3ccccc3)cc2)s1,CHEMBL296817
DEC_0122,decoy,CN(C(=O)[C@H](CC#Cc1ccc(NN)cc1)NS(=O)(=O)c1ccc2ccccc2c1)C1CCCC1,CHEMBL7450
DEC_1069,decoy,c1cc(NC23CC4CC(CC(C4)C2)C3)ccn1,CHEMBL18642
DEC_3701,decoy,COc1nnc(-c2ccncc2)cc1C(N)=O,CHEMBL6930
DEC_3786,decoy,COc1ccc2c(c1OC(C)=O)-c1cc(O)cc3c1C(C2)N(C(=O)CN(CCCl)CCCl)CC3,CHEMBL7060
DEC_4489,decoy,Nc1cc(C(F)(F)F)c(S(N)(=O)=O)cc1S(N)(=O)=O,CHEMBL418
DEC_3638,decoy,c1ccc(-c2nc3c([nH]2)-c2ccccc2CCC3)nc1,CHEMBL268810
ACT_053,active,CC(C)(C)Nc1cc(-c2cc(C(F)(F)F)nc3c(-c4cnc5ccccc5c4)cccc23)ccc1C(N)=O,CHEMBL3653853
DEC_2942,decoy,O=C1NC(=O)C(CC#Cc2ccc(Cl)cc2)(S(=O)(=O)c2ccc(F)cc2)S1,CHEMBL12273
DEC_1062,decoy,CCN(C)CC#CCCC1SCCCS1,CHEMBL290505
DEC_1591,decoy,O=C1CN2CCCCC2c2c1c1ccccc1n2CCCNS(=O)(=O)c1ccc(Cl)s1,CHEMBL33327
DEC_0840,decoy,C(=C1\CCCN(c2ccc(C3=NCCN3)cc2)C1)\c1ccc(C2=NCCN2)cc1,CHEMBL24250
DEC_4122,decoy,N=C(N)c1ccc2cc(CC(C(=O)O)c3ccc(O[C@H]4CCNC4)cc3)oc2c1,CHEMBL276989
DEC_1082,decoy,CCOP(=O)(N1CC1(C)C)N1CC1(C)C,CHEMBL31597
DEC_2600,decoy,O=C(Cn1c(C2CCNCC2)nc2cc(Cl)c(Cl)cc21)N/N=C/c1cnn(-c2ccccc2)c1Cl,CHEMBL281579
DEC_1322,decoy,CCc1cc2c(Sc3nnc(N)s3)ncnc2s1,CHEMBL6229
DEC_2880,decoy,CN(C)CCCNc1[nH]c2ccccc2c2nc3c(ccc4ccc([N+](=O)[O-])cc43)c1-2,CHEMBL274335
DEC_1154,decoy,O=S(=O)(N1Cc2ccccc2N(Cc2c[nH]cn2)C(CCc2ccccc2)C1)C(F)(F)F,CHEMBL266556
DEC_0806,decoy,CCCC1=C[C@@]2(OC)C(=C/C1=N/OC)O[C@H](c1ccc(OC)c(OC)c1)[C@H]2C,CHEMBL30465
DEC_2301,decoy,O=C(Cn1c(C2CCNCC2)nc2cc(Cl)c(Cl)cc21)N/N=C/c1ccc2ccccc2n1,CHEMBL281564
DEC_1927,decoy,Cn1cc(C2=NCC3(CCN4CCCC3C4)O2)c2ccccc21,CHEMBL8250
ACT_073,active,C[C@H]1CCc2cc(-c3nc(Cl)nc4ccsc34)ccc2N1C(=O)c1ccc(O)cc1O,CHEMBL3717621
DEC_2239,decoy,C=C1CCC2[C@](C)(CCC[C@]2(C)C(=O)O)[C@H]1CCc1ccc2c(OC(C)=O)ccc(OC(C)=O)c2c1,CHEMBL278611
DEC_1598,decoy,C[C@H]1CC2C3CCC4=CC(=O)C=CC4(C)[C@@]3(F)C(O)CC2(C)[C@@]1(OC(=O)c1ccco1)C(=O)CCl,CHEMBL291118
DEC_4130,decoy,CCNC(=O)N(CCCN(C)C)C(=O)[C@@H]1C[C@@H]2c3cccc4[nH]cc(c34)C[C@H]2N(C)C1,CHEMBL14022
DEC_3075,decoy,CC1(c2ccccc2)OC(/C=C/c2ccsc2)=CC1=O,CHEMBL277093
DEC_2195,decoy,CC(C)(C)NC(=O)c1coc(C2C3CCC(O3)C2Cc2ccccc2CCC(=O)O)n1,CHEMBL287421
DEC_4453,decoy,O=C1N[C@@H](C(=O)NO)C[C@H]1c1ccc(Oc2ccc(F)cc2)cc1,CHEMBL279482
DEC_0452,decoy,CC(=O)NCCCCC/C=C(\NC(=O)C1CC1(C)C)C(=O)O.CC(C)=O,CHEMBL11925
DEC_0332,decoy,Oc1nc(C(Cl)(Cl)Cl)c(Cl)c(O)c1Cl,CHEMBL11561
DEC_3040,decoy,c1ccc(CN2CCc3ccccc3C2Cn2cncn2)cc1,CHEMBL440652
DEC_2638,decoy,Brc1ccccc1Nc1nc2ccccc2n2cncc12,CHEMBL28916
DEC_0674,decoy,C=CC(O)c1nc(O)c2c(ccc3nc(Nc4c(Cl)cccc4Cl)n(C)c32)c1C,CHEMBL281285
DEC_3500,decoy,O=C(O)c1cc2c(s1)CCC(Cn1ccnc1)C2,CHEMBL25711
DEC_0631,decoy,Fc1ccc(-c2ncn(C3CCNCC3)c2-c2ccnc(Oc3ccccc3F)n2)cc1,CHEMBL14329
DEC_0596,decoy,CCC1OC(/C=C/C2CC2)(C(F)(F)F)c2cc(Cl)ccc2NC1=O,CHEMBL284065
DEC_2512,decoy,O=S(=O)(c1ccccc1)N1C[C@H](CN2CCC3(CC2)CSc2ccccc23)[C@@H](c2ccccc2)C1,CHEMBL287515
DEC_2118,decoy,Cc1ccc(C(c2cc(C)ns2)N2CCN(C)CC2)cc1,CHEMBL22849
DEC_3382,decoy,CN(C)CCNc1ccc(NCCN(C)C)c2c1C(=O)c1cccnc1C2=O,CHEMBL269627
DEC_4464,decoy,Cc1cn(C2CSC3(COP(=O)(O)OC3)O2)c(=O)[nH]c1=O,CHEMBL31931
DEC_0002,decoy,C[C@@H]1[C@@H](N)CN1c1c(F)c(N)c2c(=O)c(C(=O)O)cn(C3CC3)c2c1F,CHEMBL19693
DEC_2258,decoy,Cn1c(-c2ccc(Cl)cc2)c(CCC(=O)N2CCC(O)(Cc3ccccc3)CC2)c2cc(Cl)ccc21,CHEMBL280662
DEC_0776,decoy,N#Cc1c2n(c3c(N4CCN(CCCc5ccccc5)CC4)ncnc13)CCCC2,CHEMBL26707
DEC_3232,decoy,CC(C)C1NC(=O)OC12CCN(CCc1c[nH]c3ccccc13)CC2,CHEMBL25509
DEC_4024,decoy,COc1ccc(-c2nc3c(=O)n(C)c(=O)n(C)c3[nH]2)cc1OC,CHEMBL11636
DEC_2445,decoy,COc1cc2c(Nc3ccc(Cl)cc3F)ncnc2cc1OCCCN1CCCC1,CHEMBL24133
DEC_4447,decoy,CCC(C)(C)/N=c1\c(O)c(O)\c1=N/Cc1ccc(F)cc1Cl,CHEMBL19829
DEC_4483,decoy,CNC1=NC(=O)[C@H]([C@@H](C[N+](=O)[O-])c2c[nH]c3ccccc23)O1,CHEMBL28991
DEC_0280,decoy,CC(C)(C)CC(C)(C)NC(=O)[C@H]1CCC2C3CNC4=CC(=O)CC[C@]4(C)C3CC[C@@]21C,CHEMBL24729
DEC_1392,decoy,O=c1cnn(-c2cc(Cl)c(Sc3ccc(Cl)cc3)c(Cl)c2)c(=O)[nH]1,CHEMBL281093
ACT_015,active,Nc1ncnc2c1ncn2[C@@H]1O[C@H](C(=O)NC2CC2(F)F)[C@@H](O)[C@H]1O,CHEMBL4782784
DEC_0169,decoy,C=C(Cl)CN1C[C@H](OCC23C[C@@H]4[C@H](C)CC[C@H]4C4(C=O)CC2C=C(C(C)C)C34C(=O)O)O[C@H](C)[C@@H](OC)C1,CHEMBL44670
DEC_0445,decoy,CC1(C)OC[C@@H](C/C=C\CCC(=O)O)[C@@H](c2cncs2)O1,CHEMBL17797
DEC_0454,decoy,CCCCC[C@H](O)/C=C/C1[C@H](O)C[C@@H]2OC(=O)CCC/C=C\C[C@H]12,CHEMBL12100
DEC_1092,decoy,CN1CC=C(Cc2cccc3ccccc23)CC1,CHEMBL23318
DEC_0520,decoy,C=CCC1([C@@H](C)C#CCC)C(=O)NC(=S)NC1=O,CHEMBL22647
DEC_3074,decoy,CC1(c2ccccc2)OC(/C=C/c2cccnc2)=CC1=O,CHEMBL17862
DEC_0937,decoy,COC(OC)[C@]1(C)Oc2ccc(N)cc2[C@@H](N(Cc2ncc[nH]2)c2ccc(OC(F)(F)F)cc2)[C@@H]1O,CHEMBL43005
DEC_0164,decoy,C=C(Cl)CN1C[C@H](OCC23C[C@@H]4[C@H](C)CC[C@H]4C4(C=O)CC2C=C(C(C)C)[C@@]34C(=O)O)OC[C@H]1C(C)C,CHEMBL431297
DEC_0523,decoy,c1ccc(C2(C3=NCCN3)COc3ccccc3O2)cc1,CHEMBL9885
DEC_2514,decoy,COCCN(CCOC)c1nc(C)nc2c1sc(=S)n2-c1ccc(C(C)C)cc1Br,CHEMBL559127
DEC_1755,decoy,Nc1ccc(S(=O)(=O)Nc2ccc(Br)c3c(Cl)c[nH]c23)cc1,CHEMBL21081
DEC_4321,decoy,N#CCCN1N=C(c2ccc(OCc3cccc(Cl)c3)cc2)OCC1=O,CHEMBL17078
DEC_4150,decoy,CC1(C)C=C(C(=O)NCCNC(=O)COc2ccc(Cl)cc2Cl)C(C)(C)N1,CHEMBL15558
DEC_3215,decoy,c1ccc(CCN2CCN3CC(c4ccccc4)c4ccccc4C3C2)cc1,CHEMBL266039
DEC_2218,decoy,COC(=O)C1=C[C@]2(C)[C@H]3CC=C4C5CC(C)(C)CC[C@]5(C(=O)O)CC[C@@]4(C)[C@]3(C)CC[C@H]2C(C)(C)C1=O,CHEMBL300760
DEC_2616,decoy,O=C1Nc2ccc(Cl)cc2C(C#Cc2ccoc2)(C(F)(F)F)O1,CHEMBL280029
DEC_1691,decoy,CCCC1(CC)CC(=O)N(Cc2ccc(-c3ccccc3-c3nn[nH]n3)cc2)/C(=C/C(=O)OCC)C1,CHEMBL48459
DEC_2635,decoy,O=C1COC(C#Cc2ccccc2)(C(F)(F)F)c2cc(Cl)ccc2N1,CHEMBL32460
DEC_4056,decoy,COc1cc2nc(N3CCN(C(C)=O)CC3)cc(N)c2cc1OC,CHEMBL8426
DEC_2996,decoy,O=C1Nc2ccc(Cl)cc2C12OCCS2,CHEMBL6561
DEC_1035,decoy,O=S(=O)(c1nc(-c2ccc(Cl)cc2)c(-c2ccc(F)cc2)[nH]1)C(F)(F)C(F)F,CHEMBL17714
DEC_2216,decoy,COC(=O)[C@]12CCC(C)(C)CC1C1=CC[C@@H]3[C@@]4(C)C=C(C(=O)O)C(=O)C(C)(C)[C@@H]4CC[C@@]3(C)[C@]1(C)CC2,CHEMBL293517
DEC_1887,decoy,O=C1C(Cl)=C(Nc2ccc(Br)cc2)C(=O)c2ncccc21,CHEMBL11317
DEC_4154,decoy,O=C(N[C@@H](Cc1ccccc1)C(=O)O)C1CCCN1C(=O)OCc1ccccc1,CHEMBL441520
DEC_1085,decoy,CC12NC(Cc3ccccc31)CC1CCCCC12,CHEMBL266582
DEC_4544,decoy,C[C@@H](NC(=O)c1sc(-c2ccc(C#N)cc2)nc1C(F)(F)F)[C@](O)(Cn1cncn1)c1ccc(F)cc1F,CHEMBL55005
DEC_4244,decoy,CSc1sc(C(=N)N)cc1-c1nc(C2CCCCC2)cs1,CHEMBL283859
DEC_2538,decoy,O=C(NC[C@H]1CC[C@H](CNS(=O)(=O)c2ccc3cccc([N+](=O)[O-])c3c2)CC1)C1CCc2ccccc2C1,CHEMBL52332
DEC_2119,decoy,c1ccc2c(C3=NCC4(CN5CCC4CC5)O3)[nH]nc2c1,CHEMBL274149
DEC_0605,decoy,COc1cc2c(cc1OC)C(C)=[N+]([O-])C(c1c(F)c(F)c(F)c(F)c1F)N2,CHEMBL30129
DEC_2029,decoy,CCc1cc(Nc2c(N[C@H](C)C(C)(C)C)c(=O)c2=O)ccc1C#N,CHEMBL19245
DEC_1579,decoy,CC(C)C1=CC2CC3(C=O)[C@@H]4CC[C@@H](C)[C@H]4CC2(CO[C@@H]2C[C@@H]4OC(C)(C)O[C@@H]4[C@@H](C)O2)C13C(=O)O,CHEMBL281117
DEC_1770,decoy,C=C(C)[C@]12C[C@@H](C)[C@@]34OC(Cc5ccccc5)(O[C@@H]1[C@@H]3C=C(C/N=C(\S)Nc1ccc(O)c(OC)c1)C[C@]1(O)C(=O)C(C)=C[C@@H]41)O2,CHEMBL285922
DEC_3991,decoy,COc1ccc2[nH]c([S+]([O-])Cc3c(N)cc(C)c(OC)c3C)nc2c1,CHEMBL20315
DEC_1343,decoy,COc1cc2c(cc1OC)C(C)=[N+]([O-])C(c1ccncc1)N2,CHEMBL29481
DEC_0379,decoy,CC(=O)[C@]1(O)Cc2c(c(O)cc3c(=O)c4ccccc4oc23)[C@@H](OC2C[C@@H](NC(=O)C(F)(F)F)[C@@H](O)C(C)O2)C1,CHEMBL306352
DEC_1538,decoy,COc1cc2[nH]c([S+]([O-])Cc3nccc(OC)c3C)nc2cc1OC(F)F,CHEMBL9427
DEC_0295,decoy,CC(C)(C)C1CSC(c2cc(O)c(Br)cc2[N+](=O)[O-])SC1,CHEMBL32035
DEC_3662,decoy,NS(=O)(=O)OC[C@@]12CCC=C[C@@H]1CCC2,CHEMBL25869
DEC_4144,decoy,C=CCNc1cccc(-c2ccc(N3CC(CNC(C)=O)OC3=O)cc2)cc1=O,CHEMBL440267
DEC_1540,decoy,O=C1NC(=O)C(CC#Cc2cccc(Cl)c2)(S(=O)(=O)c2ccccc2)S1,CHEMBL12026
DEC_3349,decoy,CNCCN1Cc2cccc3c2N(CC3)c2ccccc21.O=C(O)C(=O)O,CHEMBL27625
ACT_074,active,CC1CCN(c2ccc(-c3cccc(NC(=O)C(F)(F)F)c3)nn2)CC1,CHEMBL1503659
DEC_0977,decoy,Oc1cc(/C=C/C(Br)Br)nc(O)n1,CHEMBL22192
DEC_2371,decoy,CC1(C)CC1C(=O)N/C(=C\CC1CCCCC1)C(=O)O,CHEMBL275319
DEC_2511,decoy,CO[C@H]1C(=O)N([C@@H](C2SCCCS2)C2OC(C)(C)OC2C2COC(C)(C)O2)[C@H]1/C=C/c1ccccc1,CHEMBL313838
DEC_3589,decoy,O=C1[C@@H](NS(=O)(=O)c2cc3nc(Cl)ccc3s2)CCN1Cc1cc2cc[nH]cc-2n1,CHEMBL8645
DEC_2164,decoy,COc1nccc2c1c1ncnc(N3CCN(CCc4ccc(F)c(F)c4)CC3)c1n2C,CHEMBL284676
DEC_1632,decoy,CC(C)N(CCC1(c2ccccc2)C(=O)NCN2CCCCC21)C(C)C,CHEMBL23367
DEC_0289,decoy,C[S+]([O-])c1ccc(-c2nc3n(c2-c2ccc([S+](C)[O-])cc2)CCS3)cc1,CHEMBL17490
DEC_1142,decoy,O=c1c2c(oc(O)c1C(c1cccc(NS(=O)(=O)c3ncccn3)c1)C1CC1)CCCCCC2,CHEMBL16232
DEC_0097,decoy,CCOC(=O)[C@@H](Cc1cc(P(=O)(OCC)OCC)co1)NC(=O)OC(C)(C)C,CHEMBL405849
DEC_1337,decoy,COc1cc2c(cc1OC)Nc1ncn(C)c(=O)c1C2,CHEMBL6976
DEC_2922,decoy,C[C@@H]1[C@@H](N)CN1c1c(F)cc2c(=O)c(C(=O)O)cn(-c3ccc(F)cc3)c2c1F,CHEMBL280944
DEC_0642,decoy,COc1cc2c(Nc3ccc(Cl)cc3F)ncnc2cc1OCCN(C)c1ccncc1,CHEMBL25579
DEC_0694,decoy,CC1(C)CN(C(=O)N2Cc3c(C(=O)OC(C)(C)C)ncn3-c3ccc(Cl)cc32)CC(C)(C)N1,CHEMBL274915
DEC_0047,decoy,Nc1c(F)c(N2CCC(N)C2)cc2c1c(=O)c(C(=O)O)cn2C1CC1,CHEMBL278008
DEC_3294,decoy,C/N=C(/S)[C@@]1(c2cccnc2)CCCC[C@@H]1CC#N,CHEMBL40648
DEC_4555,decoy,O=c1cc(-c2ccoc2)c2ccc(OCc3cccc(C4(O)CC5COC(C4)O5)n3)cc2n1Cc1ccccc1,CHEMBL23007
DEC_2034,decoy,Cc1c2ccnc(NCCN(C)C)c2cc2c1[nH]c1ccc(O)cc12,CHEMBL431491
DEC_0955,decoy,CCc1nn(Cc2ccc(-c3ccccc3-c3nn[nH]n3)cc2)/c(=N/C(=O)C2=C(C(=O)O)CCC2)s1,CHEMBL284918
DEC_1238,decoy,N#C/C(=C(/N)Sc1ccccc1N)c1cccc(C(O)c2ccc(C(F)(F)F)cc2)c1,CHEMBL38184
DEC_3159,decoy,CCNc1cccc2c(S(=O)(=O)Nc3ncc(Br)nc3OC)cccc12,CHEMBL263079
DEC_1284,decoy,COC1(c2csc(Sc3ccc4c(c3)CC/C4=N\OCC#N)c2)CCOCC1,CHEMBL24239
DEC_3394,decoy,NS(=O)(=O)c1nnc(NC(=O)CCCCC(F)(F)C(F)(F)F)s1,CHEMBL286004
DEC_1582,decoy,CC(C)C1=CC2CC3(C=O)[C@@H]4CC[C@@H](C)[C@H]4CC2(CO[C@H]2C[C@@H]4OC[C@H](C)[C@@H]4[C@@H](C)O2)C13C(=O)O,CHEMBL45656
DEC_2348,decoy,CN(C(=O)[C@H](N=C=S)c1ccccc1)[C@H]1CCCC[C@@H]1N1CCCC1,CHEMBL17336
DEC_3478,decoy,Cl.c1ccc(COc2noc3c2CNCC3)cc1,CHEMBL6587
DEC_0706,decoy,CC(NC(=O)Cc1ccccc1)C1CCC2C3CC=C4CC(O)CCC4(C)C3CCC12C,CHEMBL273769
DEC_2321,decoy,O=C1O[C@H](c2ccccc2)[C@@](Cn2cncn2)(c2ccc(Cl)cc2Cl)O1,CHEMBL273646
DEC_0201,decoy,C[C@@H](N)Cc1c2c(c(Br)c3c1OCC3)OCC2.Cl,CHEMBL6710
DEC_1994,decoy,CC(C)[C@]1(c2ccccc2)OC[C@H]([C@@H]2CCCCN2)O1,CHEMBL281422
DEC_2145,decoy,CCCC(C)n1c(N2CCN(C)CC2)nc2ccccc21,CHEMBL17635
DEC_3559,decoy,Cn1c(O)nc2cc3[nH]c(-c4ccnnc4)nc3cc21,CHEMBL37764
DEC_0733,decoy,O=C(NC[C@@H]1Cc2ccccc2CN1/C(S)=N/C[C@H]1CCCN1Cc1ccc(O)cc1)Nc1ccccc1,CHEMBL40548
DEC_1357,decoy,COc1cc2cc3c(O)ncnc3nc2cc1OC,CHEMBL7137
DEC_4060,decoy,[O-][n+]1ccc(CC(c2ccc(C3(O)CCC3)cc2)c2ccc(OC(F)F)c(OC(F)F)c2)cc1,CHEMBL266000
DEC_1250,decoy,OC1(c2cccc(COc3ccc4c(-c5ccoc5)cncc4c3)n2)CC2COC(C1)O2,CHEMBL22736
DEC_0701,decoy,O=C1NCN(c2ccccc2)C12CCN([C@H]1CCc3c(Cl)ccc(Cl)c3C1)CC2,CHEMBL283910
DEC_3934,decoy,Cc1noc(NS(=O)(=O)c2cccc3ccc(N)cc23)c1C,CHEMBL26090
DEC_3577,decoy,CC[C@@]1(O)C(=O)OCc2c1cc1n(c2=O)C(CC(=O)N2CCCCC2)c2cc3ccccc3nc2-1,CHEMBL43538
DEC_3423,decoy,CCNC(=O)c1c2n(c3c(N4CCN(CCc5ccc(F)c(F)c5)CC4)ncnc13)CCCC2,CHEMBL286272
DEC_2146,decoy,CCCCc1nc2c([nH]1)N1C(=N[C@@H]3CCC[C@@H]31)N(C)C2=O,CHEMBL18474
DEC_3129,decoy,NC(=O)c1ccc2[nH]c3c(N4CCN(CCc5ccc(F)c(F)c5)CC4)ncnc3c2c1,CHEMBL286963
DEC_2433,decoy,c1cc(COc2cccc(-c3nn[nH]n3)c2)cc(OCc2ccc3ccccc3n2)c1,CHEMBL18833
DEC_2490,decoy,Fc1cccc(-c2ccc3c(c2)C2(CCCCC2)C(S)=N3)c1,CHEMBL25021
DEC_0966,decoy,C/C=C(\NC(=O)C1CC1(Br)Br)C(=O)O,CHEMBL268228
DEC_0676,decoy,CC(C)N(C(=O)[C@H]1CCC2C3C=CC4=CC(C(=O)O)=CC[C@]4(C)C3CC[C@@]21C)C(C)C,CHEMBL278167
DEC_2660,decoy,COOC1(OOC(C)(C)OC)CCCCCCCCCCC1,CHEMBL27680
DEC_0623,decoy,CCc1nc2c(C)cc(C)nc2n1Cc1ccc(-c2ccccc2-c2nn[nH]n2)s1,CHEMBL280075
DEC_3020,decoy,C/C=C\COC1(C(F)(F)F)OC(=O)Nc2ccc(Cl)cc21,CHEMBL17567
DEC_0896,decoy,O=c1oc(Nc2ccccc2I)nc2cc(Cl)cc(Cl)c12,CHEMBL274173
DEC_1311,decoy,CC1SCC(NC(=O)N(CCCl)N=O)CS1,CHEMBL266629
DEC_1310,decoy,O=NN(CCCl)C(=O)NC1CSCSC1,CHEMBL12689
DEC_3602,decoy,COc1cccc2c1CC[C@H]1CN(CCn3c(=O)[nH]c4c(sc5cccc(OC)c54)c3=O)C[C@@H]21,CHEMBL41344
ACT_099,active,O=C(O[C@@H]1C[C@@]2(O)CO[C@H]3O[C@H](O)C[C@@H]1[C@H]32)c1ccc(O)cc1,CHEMBL2332347
DEC_1953,decoy,CN1Cc2c(C(=O)OC(C)(C)C)ncn2-c2ccsc2C1=O,CHEMBL269366
DEC_2577,decoy,CC/C(=C1/N=C(c2ccc(Cl)cc2Cl)OC1=O)N1CC[C@H]1C(=O)N[C@@H](Cc1ccc(O)cc1)C(N)=O,CHEMBL55652
DEC_1494,decoy,O=C(O)C1CCN(C(=O)N2CCC3(CC2)CCN(c2ccncc2)C3)CC1,CHEMBL441017
DEC_4519,decoy,COc1c(Br)c2c(c(OC)c1OC)C(=O)c1c(Br)c(OC)c(OC)c(OC)c1C2=O,CHEMBL58573
DEC_0725,decoy,NCCOP(=O)(O)OP(=O)(O)OC[C@H]1O[C@@H](n2cnc3c(O)nc(N)nc32)[C@H](O)[C@@H]1O,CHEMBL53188
DEC_2820,decoy,CCC(S(=O)(=O)c1ccc(Cl)cc1)S(=O)(=O)C(F)(F)F,CHEMBL11972
DEC_1627,decoy,O=C1Nc2ccccc2C(c2ccccc2F)=NC1c1ccsc1,CHEMBL21770
DEC_1675,decoy,Cn1cnc(S(=O)(=O)Nc2cccc([C@H](c3c(O)c4c(oc3=O)CCCCCC4)C3CC3)c2)c1,CHEMBL418171
DEC_1781,decoy,CCCC(N)C(=O)O[C@H]1CC2[C@](C)(CC[C@@H]3OC(CC)OC[C@@]23C)C2[C@@H](O)c3c(cc(-c4cccnc4)oc3=O)O[C@@]21C,CHEMBL88379
DEC_0165,decoy,C=CCN1C[C@H](OCC23C[C@@H]4[C@H](C)CC[C@H]4C4(C=O)CC2C=C(C(C)C)C34C(=O)O)O[C@H](C)[C@@H](OC)C1,CHEMBL49798
DEC_4400,decoy,COc1cccc2c1CC[C@H]1CN(CCn3c(=O)[nH]c4c(sc5cccc(Cl)c54)c3=O)C[C@@H]21,CHEMBL291154
DEC_3610,decoy,CN1CCN2CC(c3ccccc3)c3ccccc3C2C1,CHEMBL6627
DEC_1107,decoy,O=c1nc2n(c3c1CCCC3)CCCCCC2,CHEMBL288136
DEC_3435,decoy,O=C1NCCN1CCN1CCN(c2cn(-c3ccc(F)cc3)c3ccc(Cl)cc23)CC1,CHEMBL275494
DEC_3120,decoy,CC1(C)C=C(n2ccccc2=O)c2cc(S(=O)(=O)NC(=O)NC3CCCCC3)ccc2O1,CHEMBL11988
ACT_041,active,O=P(Nc1nccs1)(c1ccccc1)c1nc2ccccc2s1,CHEMBL1410147
DEC_1334,decoy,O=[N+]([O-])c1cnc(N(CCCl)CCCl)s1,CHEMBL282461
DEC_4297,decoy,CSC1=C2N=CN=C2N(Cc2ccc(Cl)cc2)C2=NCCN21,CHEMBL279389
DEC_2655,decoy,CS(=O)(=O)c1nc(-c2ccccc2Cl)c(-c2ccccc2Cl)[nH]1,CHEMBL280084
DEC_4372,decoy,CC1=CC2[C@H](C(O)CC3(C)[C@H]2C[C@@H](C)[C@]3(O)C(=O)CO)C2(C)Cc3cnn(-c4ccccc4)c3C=C12,CHEMBL279092
DEC_1660,decoy,Clc1cc2nc(C3CCNCC3)n(CCCCSc3[nH]cnc4ncnc3-4)c2cc1Cl,CHEMBL19993
DEC_0252,decoy,Cl[P@@]1(N2CCCC2)=NP(N2CC2)(N2CC2)=N[P@@](Cl)(N2CCCC2)=N1,CHEMBL26247
DEC_1203,decoy,COc1ccc(C(c2cc(C)ns2)N2CCN(C)CC2)cc1OC,CHEMBL21807
DEC_0536,decoy,CC(C)CCC1(c2ccc(N)cc2)CCC(=O)NC1=O,CHEMBL29230
DEC_3939,decoy,CC1(C)N=C(N)N=C(N)N1c1ccc(C#C[Si](C)(C)C)cc1,CHEMBL33409
DEC_1672,decoy,C[C@@H]1CCC2[C@@H](C)[C@H](OC(CCC(=O)O)c3ccc(Cl)cc3)O[C@@H]3OC4(C)CC[C@@H]1C23OO4,CHEMBL31463
DEC_2141,decoy,C=CCN1CC[C@]23c4c5ccc(O)c4O[C@H]2C(=O)CC[C@@]3(O)[C@H]1C5,CHEMBL80
DEC_0388,decoy,CC1(C)NC(=O)N(CC(=O)NCc2cc3cc(C(=O)N4CCC(N5C(=O)OCc6ccccc65)CC4)ccc3o2)C1=O,CHEMBL284688
DEC_2317,decoy,Cc1cc(C)cc(Sc2c(C(C)C)c(=O)[nH]c(=S)n2COCCO)c1,CHEMBL274265
DEC_3565,decoy,CCc1c2c(nc3cnc(Br)cc13)-c1cc3c(c(=O)n1C2)COC(=O)[C@]3(O)CC,CHEMBL273734
DEC_2506,decoy,CC(C)(C)c1cc(C(=O)C2CC2)cc2c1OCC2(C)C,CHEMBL13832
DEC_1184,decoy,CC1OC(/C=C/C2CC2)(C(F)(F)F)c2cc(F)ccc2NC1=O,CHEMBL287650
DEC_3241,decoy,CCCN1CC2(CCN(CCc3c[nH]c4ccccc34)CC2)OC1=O,CHEMBL286987
DEC_0314,decoy,CCC1(CC)C(=O)Nc2cc3[nH]c(-c4ccncc4)nc3cc21,CHEMBL275377
DEC_4315,decoy,CC(C)CCn1c(Cn2c(=O)n(CC#N)c3ccccc32)nc2ccccc21,CHEMBL15133
DEC_1243,decoy,CSc1nc(COC(=O)NC(C)C)c(COC(=O)NC(C)C)n1-c1ccccc1,CHEMBL428681
DEC_2745,decoy,COc1ccc2[nH]c3c(C)c4ccnc(NCCCn5ccnc5)c4cc3c2c1,CHEMBL19812
DEC_2697,decoy,c1ccc(C(c2ccccc2)(n2ccnc2)n2ccnc2)cc1,CHEMBL25910
DEC_1414,decoy,O=C(O)C[C@H](NC(=O)Cn1c(C2CC2)cnc(NCc2ccc3c(n2)NCCC3)c1=O)c1cccnc1,CHEMBL51152
DEC_1200,decoy,Ic1cccc(OCCCc2c[nH]cn2)c1,CHEMBL440788
DEC_0735,decoy,CCCCC(=N)NCCc1ccc2[nH]c3c(c2c1)C[C@@]1(O)C2Cc4ccc(O)c5c4C1(CCN2CC1CC1)C3O5,CHEMBL70693
DEC_2162,decoy,N#Cc1c2n(c3c(N4CCN(CCc5ccc(F)c(F)c5)CC4)ncnc13)CCCC2,CHEMBL26795
DEC_0643,decoy,Fc1ccc(Oc2nccc(-c3c(-c4ccc(F)cc4)ncn3C3CCNCC3)n2)cc1,CHEMBL269450
DEC_0189,decoy,CC(C)C1=CC2CC3(C=O)[C@@H]4CC[C@@H](C)[C@H]4CC2(CO[C@H]2C[C@H]4[C@H](OC[C@@H]4C(C)C)[C@@H](C)O2)C13C(=O)O,CHEMBL443788
DEC_1270,decoy,CCNC(=O)/C(C(=O)OCC)=C(C)/C=C/C=C(C)/C=C/C1=C(C)CCCC1(C)C,CHEMBL14299
DEC_2904,decoy,C=CCNC(=O)O[C@H]1CC[C@@](CNC(=O)c2cc(F)ccc2O)(c2ccccc2)CC1,CHEMBL279370
DEC_0851,decoy,C=C1/C=C(\C)[C@H](CC)OC(=O)[C@H](C)C(=O)[C@@](O)(CO)C/C(OC)=C/[C@@H](C)C1,CHEMBL32773
DEC_3067,decoy,C[Si](C)(C)OC(C#N)C1CCCCCCCC1,CHEMBL18718
DEC_0126,decoy,CCc1nc2c(N)c(OC3CCN(C(C)=N)CC3)ccc2n1Cc1ccc2ccc(C(=N)N)cc2c1,CHEMBL277204
DEC_4486,decoy,CC(=O)N(C)C(c1cccc2nc(O)c(O)nc12)P(=O)(O)O,CHEMBL273889
DEC_1245,decoy,CCS(=O)(=O)Nc1cccc(C(c2c(O)c3c(oc2=O)CCCCCC3)C2CC2)c1,CHEMBL16084
DEC_4153,decoy,N=C(N)c1ccc2ccc(CC(C(=O)O)c3ccc(O[C@H]4CCNC4)cc3)cc2c1,CHEMBL19139
DEC_1696,decoy,COc1cc(NS(C)(=O)=O)ccc1Nc1c2ccc(N(C)C)cc2nc2cc(N(C)C)ccc12,CHEMBL37615
DEC_0336,decoy,Cc1ccc(C(O)(c2cncnc2)C2CCCCC2)cc1,CHEMBL280781
DEC_4205,decoy,CCCCc1nn(C)c(C(=O)O)c1Cc1ccc(-c2ccccc2-c2nn[nH]n2)cc1,CHEMBL21713
DEC_3043,decoy,N#CCCn1c(Cn2c(O)nc3ccccc32)nc2ccccc21,CHEMBL15281
DEC_3138,decoy,N#C/C(=C(/N)Sc1ccccc1N)c1cccc(C(O)c2ccc3c(c2)OCCO3)c1,CHEMBL34072
DEC_0099,decoy,O=C(O)Cc1cc([N+](=O)[O-])c([N+](=O)[O-])cc1Oc1c(Cl)cc(Cl)cc1[N+](=O)[O-],CHEMBL30212
DEC_3338,decoy,CC1(C)C=C(C(=O)NCCCNC(=O)Cc2cccs2)C(C)(C)N1,CHEMBL280510
DEC_3045,decoy,COc1cc2c(cc1OC)C(C)=[N+]([O-])C(c1ccc(C)cc1)N2,CHEMBL281984
DEC_2771,decoy,NC(=O)C(Cc1c[nH]cn1)N(Cc1cccc(Br)c1)Cc1cc(-c2ccccc2)on1,CHEMBL57815
DEC_3328,decoy,O=C(O)CCc1cn2c3c(nc(O)c2n1)-c1cccc(CC(=O)O)c1C3,CHEMBL281030
DEC_1306,decoy,CC(C)N(CC[C@]1(c2ccccc2)C(=O)N(C)CN2CCCC[C@@H]21)C(C)C,CHEMBL279945
DEC_4227,decoy,C[C@H](N)Cc1c2ccoc2c(C(F)(F)F)c2ccoc12.Cl,CHEMBL6907
DEC_1201,decoy,CC(C)(C)NC(=O)[C@H]1CC[C@H]2[C@@H]3CCC4=CC(=O)CCN4[C@H]3CC[C@]12C,CHEMBL276871
DEC_1048,decoy,Cn1cncc1C(OCc1ccc(C#N)cc1-c1cccc(Cl)c1)c1ccc(C#N)nc1,CHEMBL38616
DEC_2748,decoy,COc1ccc([C@@]2(C#N)C[C@H]3C[C@@H](C(=O)O)C[C@H]3C2)cc1OC1CCCC1,CHEMBL26760
DEC_2919,decoy,Oc1ccc2c3c1O[C@H]1c4[nH]c5ccccc5c4C[C@@]4(O)C(C2)N(CC2CC2)CC[C@]314,CHEMBL149
DEC_3226,decoy,O=C(c1ccccc1I)c1ccc2n1CCC2C(=O)O,CHEMBL9120
DEC_3133,decoy,CCCc1cc(C(N)=O)cc(=O)n1Cc1ccc(-c2ccccc2-c2nn[nH]n2)cc1,CHEMBL22186
DEC_2004,decoy,c1ccc2c(c1)CC1NCCc3cc4c(c-2c31)OCO4,CHEMBL37533
DEC_3112,decoy,Clc1ccccc1C1=CCc2ccccc2N=C1N1CCNCC1.O=C(O)/C=C/C(=O)O,CHEMBL277588
DEC_1970,decoy,CC(/C=C/C(=O)C1=C(O)CN(C)C1=O)=C\C1CCCCC1,CHEMBL10359
DEC_4451,decoy,CC(/C=C/C(O)=C1\C(=O)CNC1=O)=C\c1cccc2ccccc12,CHEMBL10407
DEC_3926,decoy,C#CCOc1ccc(C(=O)c2ccc3n2CCC3C(=O)O)cc1,CHEMBL9290
DEC_0584,decoy,CC[C@H](c1ccc(O)cc1)[C@@H](CI)c1ccc(O)cc1,CHEMBL25882
DEC_2480,decoy,CC(C)N1CCC(c2ccccc2)(c2ccccc2)CC1,CHEMBL277382
DEC_1584,decoy,CC(C)C1=CC2CC3(C=O)[C@@H]4CC[C@@H](C)[C@H]4CC2(CO[C@H]2C[C@H]4[C@H](OC[C@H]4C)[C@@H](C)O2)C13C(=O)O,CHEMBL439303
DEC_0540,decoy,CC(=O)SCC1CCCN(CC(=O)O)C1=O,CHEMBL11795
DEC_3061,decoy,COOC1(OOC)CCCCCCCCCCC1,CHEMBL282791
DEC_2450,decoy,CCN(CC)CCn1nc2c3c(c(NCCC(=O)O)ccc31)C(=O)c1ccccc1-2,CHEMBL282797
DEC_0221,decoy,CCCN(C1=NCCN1)c1c(Br)cccc1Br,CHEMBL20335
DEC_3525,decoy,CCC1C(=O)N2C=CSC2N(CC2CC2)C1=O,CHEMBL30057
DEC_1403,decoy,CSc1cc2n(c1C(=O)c1ccc(C3CCCCC3)cc1)CCC2C(=O)O,CHEMBL277145
DEC_2412,decoy,COc1cc(Nc2cc3n(c(=O)n2)CCc2cc(OC)c(OC)cc2-3)cc(OC)c1,CHEMBL287494
DEC_2403,decoy,c1cc(-c2cncc(O[C@@H]3CCNC3)c2)ccn1,CHEMBL10153
DEC_2269,decoy,CC(C)C1=CC2CC3(C=O)[C@@H]4CC[C@@H](C)[C@H]4CC2(CO[C@H]2CN(CC=C(F)F)[C@H](C)CO2)[C@]13C(=O)O,CHEMBL30545
DEC_2188,decoy,CC(CC(=O)O)N1CCC(C(=O)N2CCC3(CC2)CCN(c2ccncc2)C3)CC1,CHEMBL276482
DEC_4167,decoy,O=C(O)CC/C=C\CC1=CCC[C@@H]1NS(=O)(=O)c1ccc(Cl)c(Cl)c1,CHEMBL428707
DEC_3814,decoy,C=C(C)[C@H]1CC2=C(Cc3ccc4c(c3C2)O[C@@H]2COc3cc(OC)c(OC)cc3[C@H]2C4=O)O1,CHEMBL41404
DEC_3815,decoy,C=C(C)[C@H]1CC2=C(Cc3ccc4c(c3C2)O[C@@H]2COc3cc(OC)c(OC)cc3[C@@H]2C4=O)O1,CHEMBL43121
DEC_0585,decoy,Brc1ccccc1Sc1nc2ccccc2n2cncc12,CHEMBL418392
DEC_0331,decoy,c1ccc2c(c1)nc(NC1CCCCC1)c1cncn12,CHEMBL418580
DEC_0593,decoy,CCS(=O)(=O)c1ccc(OC)c(-c2ccc(CN3CCCCCC3)[nH]2)c1,CHEMBL279039
DEC_2336,decoy,Cc1ccc(C2(Cn3ccnc3)OCC(c3ccc(Cl)cc3Cl)O2)cc1,CHEMBL282143
DEC_3826,decoy,COc1ccccc1N1CCN(CCCON2CCC3(CCCC3)CC2=O)CC1,CHEMBL269458
DEC_3632,decoy,O=[N+]([O-])c1c(O)nc2c(F)c(Cl)c(F)cc2c1O,CHEMBL298232
DEC_1740,decoy,COc1ccc(-c2cc(C(F)F)nn2-c2ccc(S(N)(=O)=O)cc2)cc1Cl,CHEMBL286953
DEC_2558,decoy,CCCC(c1cccc(NS(=O)(=O)c2ccc(C#N)cc2)c1)c1c(O)c2c(oc1=O)CCCCCC2,CHEMBL16445
DEC_3203,decoy,O=C(O)c1ccc2ccc(/C=C/c3cc(Br)c(O)c(Br)c3)nc2c1O,CHEMBL39301
DEC_0459,decoy,CCOP(=O)(OCC)C(N)C1CCCCC1.O=C(O)C(=O)O,CHEMBL39277
DEC_1029,decoy,Cn1cncc1C(OCc1ccc(C#N)nc1-c1cccc(Cl)c1)c1ccc(C#N)cc1,CHEMBL38438
DEC_0036,decoy,O=C1CCC2(O)C3Cc4ccc(O)c5c4C2(CCN3C2CCCCC2O)C1O5,CHEMBL282727
DEC_2015,decoy,C[C@@H]([C@@H](O)c1ccc(O)cc1)N1CCC(O)(c2ccccc2)CC1,CHEMBL17350
DEC_3180,decoy,O=C(NN1CC2CCCC2C1)c1nc(-c2ccc(Cl)cc2Cl)n(-c2ccc(Cl)cc2)n1,CHEMBL15832
DEC_2786,decoy,COc1ccc2c3c1OC1[C@H](O)[C@@](C=CCCCc4ccccc4)(CO)CC4C(C2)N(C)CCC341,CHEMBL269664
DEC_4179,decoy,O=C(O)COCCCC[C@H]1[C@H](F)CC[C@@H]1NS(=O)(=O)c1ccc(Cl)c(Cl)c1,CHEMBL283340
DEC_0184,decoy,CO[C@H]1CN(CC=C(C)C)C[C@H](OCC23C[C@@H]4[C@H](C)CC[C@H]4C4(C=O)CC2C=C(C(C)C)C34C(=O)O)O[C@@H]1C,CHEMBL295129
DEC_0257,decoy,Clc1ccc(C2(Cn3ccnc3)OCC(c3ccc(Br)cc3)O2)cc1,CHEMBL29352
DEC_3997,decoy,CC(C)C(C)(O)C(O)(Cn1cncn1)c1ccc(Cl)cc1Cl,CHEMBL10562
DEC_0710,decoy,O=C1[C@H]2C(c3ccccc3)NC3(Cc4ccccc4C3)[C@H]2C(=O)N1c1ccc(Cl)c(Cl)c1,CHEMBL281459
DEC_0831,decoy,CC(=O)OCC(=O)[C@@]1(OC(=O)c2cccs2)[C@H](C)CC2C3CCC4=CC(=O)C=CC4(C)[C@@]3(F)C(O)CC21C,CHEMBL287934
DEC_2016,decoy,CCC(C)(C)/N=c1\c(O)c(O)\c1=N/Cc1c(C)cc(C)cc1C,CHEMBL283581
DEC_1830,decoy,CC[C@@H]1C2CCC(C[C@@H]1c1ccc(Cl)cc1)N2C,CHEMBL27336
DEC_2031,decoy,C[C@]12CC[C@]3(C1)C(CC2=O)C[C@@H](O)C1[C@](C)(C(=O)O)CCC[C@@]13C,CHEMBL8722
DEC_2293,decoy,CN1CCN(CCCCC2(C)COC(c3nc(-c4ccccc4)c(-c4ccccc4)[nH]3)OC2)CC1,CHEMBL280785
DEC_3563,decoy,O=S(=O)(NS(=O)(=O)N1CCc2cccc(Cl)c2C1)N1CCc2cccc(Cl)c2C1,CHEMBL278290
DEC_2580,decoy,CC(=O)OCC(=O)[C@@]12ON(Cc3ccccc3)C[C@@H]1CC1C3CCC4=CC(=O)C=CC4(C)[C@@]3(F)C(O)CC12C,CHEMBL285535
DEC_1797,decoy,CO/C1=C\C(C)=C\[C@@H](C)C(=O)[C@@H](C)C/C(C)=C/C=C/[C@H](OC)[C@@H]([C@@H](C)[C@@H](O)[C@H](C)[C@@]2(O)C[C@@H](O)[C@H](C)[C@@H](C(C)C)O2)OC1=O,CHEMBL55556
DEC_3723,decoy,CCC1CCNc2cc3oc(=O)cc(C(F)(F)F)c3cc21,CHEMBL6843
DEC_4286,decoy,O=C1CC2(CCCC2)CC(=O)N1CCN1CCc2ccccc2C1,CHEMBL14209
DEC_2410,decoy,Cc1cc(OCCNc2ccncc2)cc(OS(=O)(=O)c2ccccc2[N+](=O)[O-])c1,CHEMBL25522
DEC_3085,decoy,C=CCN(C1=NCCN1)c1c(Cl)cccc1Cl,CHEMBL278581
ACT_016,active,CCc1ccc(Nc2n[n+](-c3ccccc3)c(-c3ccc(N(CC)CC)cc3)s2)cc1,CHEMBL1592829
DEC_3743,decoy,c1ccc(-c2nc(C3OCCO3)[nH]c2-c2ccccc2)cc1,CHEMBL284952
DEC_0148,decoy,C/N=C(/NCC[C@H]1CCCC[C@@]1(/C(S)=N\C)c1cccnc1)NS(=O)(=O)c1ccccc1,CHEMBL289976
DEC_4303,decoy,CC[C@@H]1[C@@H](C)C(=O)CC23CCN(C)C(Cc4ccc(OC)cc42)[C@@H]13,CHEMBL33791
DEC_1396,decoy,Cc1c(C=O)nc(O)c2c1ccc1nc(Nc3c(Cl)cccc3Cl)n(C)c12,CHEMBL284446
DEC_0434,decoy,O=S1NC(Cc2coc3c(Cl)cc(Cl)cc23)=NO1,CHEMBL17375
DEC_4392,decoy,CC(=O)OCC(=O)[C@@]1(OC(=O)c2ccco2)CCC2C3CCC4=CC(=O)C=CC4(C)C3C(O)CC21C,CHEMBL40418
DEC_3455,decoy,N#Cc1cc(CN2C(=O)N[C@H](CCc3ccccc3)[C@@H](O)[C@H]2Cc2ccccc2)ccc1F,CHEMBL287818
DEC_2827,decoy,CN1CCN(C2=Nc3ccccc3Nc3ccc(Cl)cc32)CC1,CHEMBL415300
DEC_3287,decoy,c1ccc2c(c1)CCCc1nc(-c3ccncc3)[nH]c1-2,CHEMBL7017
DEC_2205,decoy,CC(C)[C@H](NC(=O)Cn1c(-c2ccc(F)cc2)nccc1=O)C(=O)c1nnc(C2(C)CC2)o1,CHEMBL23080
DEC_0431,decoy,Cn1cncc1[C@H]1OC(C)(C)OC[C@H]1C/C=C\CCC(=O)O,CHEMBL18422
DEC_4063,decoy,CCCN(CC#CCCCC1(C(O)(c2ccccc2)c2ccccc2)SCCCS1)CCC,CHEMBL39585
DEC_2912,decoy,CN1CCC23c4c5ccc(O)c4OC2[C@H](O)[C@](CO)(CCCc2ccccc2)CC3C1C5,CHEMBL9836
DEC_4386,decoy,N[C@H](C(=O)N1CCC(F)(F)C1)[C@H]1CC[C@H](NS(=O)(=O)c2ccc(OC(F)(F)F)cc2)CC1,CHEMBL423108
DEC_2378,decoy,CSCC/C=C(\NC(=O)C1CC1(C)C)C(=O)O,CHEMBL11556
DEC_3398,decoy,C=CCNn1cc(C(=O)O)c(=O)c2cc(F)c(N3CCN(C)CC3)cc21,CHEMBL12763
DEC_2385,decoy,C/C=C(\NC(=O)CCCC1CCCCC1)C(=O)O,CHEMBL11642
DEC_2791,decoy,Cl.O=C(C1CCCN1)N1CCCC1P(=O)(Oc1ccc(O)cc1)Oc1ccc(O)cc1,CHEMBL9565
DEC_1996,decoy,CN[C@@H](C)[C@H]1COC(c2ccccc2)(c2ccccc2)O1,CHEMBL282598
DEC_0942,decoy,CC(C)(N)CC(=O)N[C@@H]1CSc2ccccc2N(Cc2ccc(-c3ccccc3-c3nn[nH]n3)cc2)C1=O,CHEMBL280146
DEC_2715,decoy,CCC(C)(O)C#Cc1nc(Nc2ccccc2)c2ncn(C(C)C)c2n1,CHEMBL284899
DEC_0670,decoy,CC(C)NC(=O)N(C(=O)[C@H]1CCC2C3CCC4NC(=O)C=C[C@]4(C)C3CC[C@@]21C)C(C)C,CHEMBL284645
DEC_3998,decoy,COc1ccc(C(C)/N=c2\c(O)c(O)\c2=N/c2ccc(C#N)cc2)cc1,CHEMBL281126
DEC_1075,decoy,CC(C)(C)C1CCC2(CC1)OOCCCOO2,CHEMBL27792
DEC_0864,decoy,C=CC(=O)Nc1cnc2ncc(C#N)c(Nc3cccc(Br)c3)c2c1,CHEMBL281467
DEC_1968,decoy,CC[C@]1(c2ccsc2)OC[C@H]([C@@H]2CCCCN2)O1,CHEMBL282809
DEC_0285,decoy,CC(C)(C)CCNC(=O)[C@H]1CCC2C3CNC4=CC(=O)CC[C@]4(C)C3CC[C@@]21C,CHEMBL24033
DEC_2396,decoy,C[C@]1(c2ccccc2)OC[C@H]([C@@H]2CCCCN2)O1,CHEMBL417117
DEC_0472,decoy,C=CCN1CCN(c2cc3c(cc2F)c(=O)c(C(=O)O)cn3CC)CC1,CHEMBL29189
DEC_3391,decoy,COCC(Cn1ccnc1[N+](=O)[O-])OP(=O)(N1CC1(C)C)N1CC1(C)C,CHEMBL31856
DEC_2465,decoy,Cc1ccccc1[C@@H]1CN2CCC[C@H]2c2ccccc21,CHEMBL286198
DEC_3039,decoy,Cc1ccccc1C(c1sncc1C)N1CCN(C)CC1,CHEMBL22565
DEC_0573,decoy,CCN1C(=O)N(C2CCN(C3CCCCCCC3)CC2)[C@@H]2CCCC[C@H]21,CHEMBL26464
DEC_2983,decoy,C[C@]12CC[C@H]3[C@@H](CCC4=CC(=O)CCN43)[C@@H]1CC[C@@H]2O,CHEMBL269632
DEC_4049,decoy,O=C(c1ccc(-n2ncc(=O)[nH]c2=O)cc1)c1cccs1,CHEMBL415286
ACT_050,active,COc1cc(CC(=O)c2ccc3c(c2OC)C=CC(C)(C)O3)cc(OC)c1OC,CHEMBL4553759
DEC_0773,decoy,CC(C)(C)NC(=O)[C@H](CC1CCCCC1)N1CCC(O)([C@H](Cc2ccccc2)NC(=O)OC(C)(C)C)CC1,CHEMBL69538
DEC_0011,decoy,CC1CN(c2c(F)c(N)c3c(=O)c(C(=O)O)cn(C4CC4)c3c2F)CC(C)N1,CHEMBL15273
DEC_4481,decoy,CC1(C)N=C(N)N=C(N)N1c1cccc(S(=O)(=O)F)c1,CHEMBL30603
DEC_4330,decoy,Clc1ccc(-c2cc3nc(N4CCCC4)c4ccccc4c3nn2)cc1,CHEMBL25281
DEC_3375,decoy,CCc1c(Sc2cc(Cl)cc(Cl)c2)n(COCCO)c(=O)[nH]c1=O,CHEMBL429778
DEC_1509,decoy,CC(C)(C)c1cc(-c2nsc(N=C(N)N)n2)cc(C(C)(C)C)c1O,CHEMBL17104
DEC_2806,decoy,CCCc1nc2c(n1Cc1ccc(-c3ccccc3-c3nn[nH]n3)cc1)CCCC/C2=C\C(=O)O,CHEMBL46628
DEC_4338,decoy,O=C(c1ccccc1Cl)C(O)(Cn1cncn1)c1ccc(Cl)cc1,CHEMBL266392
DEC_0878,decoy,Nc1cccc2[nH]c3c(N4CCN(CCc5ccc(F)c(F)c5)CC4)ncnc3c12,CHEMBL25972
DEC_0358,decoy,C=C[C@@]1(C)CC(=O)[C@]2(O)C3(C)C(C(OC(=O)CN4CCC(O)(c5ccccc5)CC4)C(O)[C@@]2(C)O1)C(C)(C)CC[C@@H]3O,CHEMBL294234
DEC_0739,decoy,CC(=O)Nc1ccc(Cn2c3c(c4ccccc42)C[C@@]2(O)C4Cc5ccc(O)c6c5C2(CCN4CC2CC2)[C@H]3O6)cc1,CHEMBL27927
DEC_1481,decoy,CONC1=NC(=O)/C(=C/c2cc(C(C)(C)C)c(O)c(C(C)(C)C)c2)O1,CHEMBL277124
DEC_3965,decoy,CC1CN(c2c(F)cc3c(=O)c(C(=O)O)cn(C4CC4)c3c2F)CC(C)N1,CHEMBL15438
DEC_0797,decoy,O=C(O)CC/C=C\C[C@@H]1[C@@H](CNS(=O)(=O)c2ccc(Cl)cc2)CC[C@H]1F,CHEMBL280934
DEC_3823,decoy,O=C1C2CCCN2C(=O)N1CCCCN1CCN(c2cccc3ccccc23)CC1,CHEMBL33150
DEC_2407,decoy,CC1=C(/C=C/C(=O)CC(=O)C(=O)O)C(C)(C)CCC1,CHEMBL279530
DEC_0794,decoy,Cc1cc(CCCCCOc2c(Cl)cc(C3=NCCO3)cc2Cl)on1,CHEMBL6594
DEC_0502,decoy,CN1CCN(C(C2CC2)C2CC2)C(C2=NCCN2)C1,CHEMBL38734
DEC_0045,decoy,NCC1CCCN(c2c(F)cc3c(=O)c(C(=O)O)cn(C4CC4)c3c2F)C1,CHEMBL15142
DEC_0601,decoy,N#Cc1ccc(Cn2ccnc2)cc1[S+]([O-])c1ccc(Cl)cc1Cl,CHEMBL280384
DEC_1585,decoy,CC(C)C1=CC2CC3(C=O)[C@@H]4CC[C@@H](C)[C@H]4CC2(CO[C@H]2C[C@H]4[C@H](OC[C@@H]4C)[C@@H](C)O2)C13C(=O)O,CHEMBL430956
DEC_3368,decoy,Cc1cn(C2CC(N=[N+]=[N-])C(COP(=O)(O)C(F)F)O2)c(=O)[nH]c1=O,CHEMBL287346
DEC_1143,decoy,NC1CCC(CNC(=O)[C@@H]2CCCN2C(=O)[C@H](N)C(c2ccccc2)c2ccccc2)CC1,CHEMBL416795
DEC_1023,decoy,Cn1cncc1C(OCc1ccc(C#N)cc1-c1cc(F)cc(F)c1)c1ccc(C#N)nc1,CHEMBL41454
DEC_1440,decoy,Cc1nc(O)c2cc(CN(CCO)c3ccc(C(=O)N[C@H](CCC(=O)O)C(=O)O)s3)ccc2n1,CHEMBL40663
DEC_1144,decoy,CC(C)(N)C(=O)NC1CC2CCC1(CS(=O)(=O)N1CCC3(CCc4ccccc43)CC1)C2(C)C,CHEMBL422572
DEC_2781,decoy,Cc1cc(OCc2ccc(-c3ccccc3-c3nn[nH]n3)cc2)c(Cc2ccccc2)c(C)n1,CHEMBL23006
DEC_1751,decoy,COC1(c2cc(F)cc(Sc3ccc4c(c3)OCC/C4=N\O)c2)CCOCC1,CHEMBL24358
DEC_0031,decoy,CCn1cc(C(=O)O)c(=O)c2c(N3CCN(C)CC3)c(F)c(F)c(F)c21,CHEMBL25339
DEC_3890,decoy,CN1CCC(COC(c2ccccc2)c2ccccc2)CC1,CHEMBL9513
DEC_1782,decoy,CCCC(N)C(=O)O[C@H]1CC2[C@](C)(CC[C@@H]3OC(c4ccccc4)OC[C@@]23C)C2[C@@H](O)c3c(cc(-c4cccnc4)oc3=O)O[C@@]21C,CHEMBL330686
DEC_3847,decoy,CC1(C)C(=O)[C@]2(CS(=O)(=O)N3CCC4(C=Cc5ccccc54)CC3)CCC1C2(C)C,CHEMBL269624
DEC_3104,decoy,CCC[C@H](N)[C@H]1COC(c2ccccc2)(c2ccccc2)O1,CHEMBL424408
DEC_3946,decoy,O=C1/C(=N/c2ccc(O)cc2)C(Cl)=C(O)c2ccncc21,CHEMBL11644
DEC_4348,decoy,O=C1CCC(c2ccccc2)(C2CCN(Cc3cccc(Cl)c3)CC2)C(=O)N1,CHEMBL273262
DEC_3867,decoy,CCCN(CCC)C1Cc2cccn3ncc(c23)C1,CHEMBL34025
DEC_3503,decoy,COc1ccc(OC)c2c1CC[C@@H]1NCCCC21,CHEMBL33405
DEC_2589,decoy,Cc1c(C(=O)N[C@H](C)[C@](O)(Cn2cncn2)c2ccc(F)cc2F)cnn1-c1cccc(C(F)(F)F)c1,CHEMBL55251
DEC_1596,decoy,COC(=O)CCC(O[C@H]1O[C@@H]2OC3(C)CC[C@H]4[C@H](C)CCC([C@H]1C)C24OO3)c1ccc(F)cc1,CHEMBL31905
DEC_3010,decoy,C[C@H](N)Cc1c2ccoc2c(Br)c2ccoc12.Cl,CHEMBL263083
DEC_4469,decoy,O=C(O)c1nc2c(O)nc3cc(Cl)c(-n4cnnc4)cc3n2n1,CHEMBL267276
DEC_3482,decoy,CC(C)CC1=N/C(=C\c2ccc(F)cc2)C(=O)NC1=O,CHEMBL16295
DEC_3070,decoy,CN(C/C=C/c1ccccc1)C1CCCc2ccccc21,CHEMBL22474
DEC_3030,decoy,Cc1cccc(C(c2cc(C)ns2)N2CCN(C)CC2)c1,CHEMBL429770
DEC_1768,decoy,CC(=O)N[C@@H]1[C@@H](NC(=O)OC(C)(C)C)C=C(C(=O)OC(c2ccccc2)c2ccccc2)O[C@H]1c1n[nH]c(Cc2ccccc2)n1,CHEMBL305240
DEC_0004,decoy,C[C@]12C[C@@H](O)[C@H]3[C@@H](CCC4=CC(=O)CC[C@@]43C)[C@@H]1CC[C@@H]2C(=O)CO,CHEMBL440782
DEC_1264,decoy,CCCC[C@H]1OC(=O)O[C@]1(Cn1cncn1)c1ccc(Cl)cc1Cl,CHEMBL275275
DEC_1735,decoy,Cc1nc(O)c2c(ccc3nc(Nc4c(Cl)cccc4Cl)n(C)c32)c1C,CHEMBL28912
DEC_3369,decoy,CC(C)CC(=O)C(=O)N1CCCCC1C(=O)OC(C)CN1CCCCC1,CHEMBL414016
DEC_3021,decoy,Cc1noc(C)c1C(OC1CCNCC1)c1ccc(C(C)C)cc1,CHEMBL22986
DEC_0570,decoy,CCN1C(=O)N(C2CCN(CC3CCCCCCC3)CC2)[C@@H]2CCCC[C@H]21,CHEMBL29953
DEC_0014,decoy,CCC[C@@H]1C[C@H](NCC)c2cc(S(N)(=O)=O)sc2S1(=O)=O,CHEMBL415964
DEC_1182,decoy,CC(C)(C)c1cc(C(=O)C[S+]([O-])CC2CC2)cc2c1OCC2(C)C,CHEMBL274811
DEC_0655,decoy,CN(C)CCNc1ccc2c3c(c4cccc(Cl)c4cc13)C(=O)N(CCN(C)C)C2=O,CHEMBL40586
DEC_0617,decoy,CN1CCC23c4c5ccc(O)c4OC2[C@H](O)[C@](CO)(CCCCc2ccccc2)CC3C1C5,CHEMBL416699
DEC_1508,decoy,Oc1ccc2c(c1)OC1C[C@]1(N1CCC(O)(c3ccc(F)cc3)CC1)[C@H]2O,CHEMBL17798
DEC_0232,decoy,O=S1NC(Cc2cc3cc(Br)ccc3s2)=NO1,CHEMBL17707
DEC_2522,decoy,CO[C@]12OO[C@@](C)(CO[Si](c3ccccc3)(c3ccccc3)C(C)(C)C)C=C1C(=O)C(C)(C)C(=O)C2(C)C,CHEMBL284925
DEC_3738,decoy,c1ccc2c(c1)Oc1ccccc1C2NCc1ccncc1,CHEMBL417460
DEC_0999,decoy,CC1(C)C(=O)Nc2cc3[nH]c(CCc4ccncc4)nc3cc21,CHEMBL23696
DEC_1889,decoy,CON=C1CCN(c2c(F)cc3c(=O)c(C(=O)O)cn(C4CC4)c3c2F)CC1,CHEMBL29175
DEC_2143,decoy,CN(C)S(=O)(=O)c1cc2c(N=O)c(O)[nH]c2c2c1CCCC2,CHEMBL10103
ACT_001,active,C/C(=C\CC12OCC3CC(C=C4C(=O)c5c(O)cccc5OC431)C2=O)CO,CHEMBL4593194
DEC_3810,decoy,O=C1c2ccccc2CN1C1CCC(N2CCN(c3nsc4ccccc34)CC2)CC1,CHEMBL41309
DEC_3116,decoy,Clc1ccc2c(c1)N=C(N1CCNCC1)C(c1ccccc1)=CC2.O=C(O)/C=C/C(=O)O,CHEMBL17145
ACT_021,active,CCNC(=O)c1noc(-c2cc(C(C)C)c(O)cc2O)c1C#CC(C)(C)NC(=O)c1ccc(C(F)(F)F)cc1,CHEMBL3600794
DEC_2989,decoy,Cc1[nH]c(C)c(C(=O)OC2CCN(C)CC2)c1C,CHEMBL287892
DEC_1230,decoy,CC(=O)OC(C(=O)Oc1ccc2[nH]c(C(=O)c3cc4ccccc4[nH]3)cc2c1)c1ccccc1,CHEMBL7510
DEC_0587,decoy,NCc1cc(-c2c[nH]c3ccc(Br)cc23)nc2cc(Cl)ccc12,CHEMBL28207
DEC_4436,decoy,CC1(C)N=C(N)N=C(N)N1c1ccc(OCc2ccccc2)cc1,CHEMBL7191
DEC_3348,decoy,O=C(O)CCNc1ccc2c3c(nn2CCO)-c2ccccc2C(=O)c13,CHEMBL24618
DEC_2402,decoy,O=C1CCC(c2ccc(-n3ccnc3S)cc2)=NN1,CHEMBL30308
DEC_0884,decoy,c1cc(C2=NCCN2)ccc1CC1CCN(c2ccc(C3=NCCN3)cc2)CC1,CHEMBL9479
DEC_1290,decoy,CN(C)CCCn1c2c(c3ccccc31)CCN(CCCc1ccncc1)C2,CHEMBL12403
DEC_2858,decoy,Nc1nc(N)c2nc(Sc3cccc(C(F)(F)F)c3)cnc2n1,CHEMBL6570
DEC_1488,decoy,Nc1nc(O)c2nc(Br)n(C3CCCc4ccccc43)c2n1,CHEMBL11511
DEC_0093,decoy,O=C1CC2(CCCC2)CC(=O)N1CCCCNCC1COc2c(ccc3ccccc23)O1,CHEMBL11787
DEC_3247,decoy,CCCCCN(C1=NCCN1)c1c(Br)cccc1Br,CHEMBL20415
DEC_1498,decoy,CC1CN(c2nc3c(cc2F)c(=O)c(C(=O)O)cn3C(C)(C)C)CCN1C,CHEMBL282196
DEC_2603,decoy,O=C1N(CO)CN(c2ccccc2)C12CCN(CCCN(c1ccc(F)cc1)c1ccc(F)cc1)CC2,CHEMBL300960
DEC_0962,decoy,CC(CS)C(=O)N(CC(=O)O)C1C2CC3CC(C2)CC1C3,CHEMBL417832
DEC_3853,decoy,CCN(c1cc2n(c(=O)n1)CCc1cc(OC)c(OC)cc1-2)c1c(C)cc(C)cc1C,CHEMBL34091
DEC_0940,decoy,CCOC(=O)N[C@@H](c1ccsc1)[C@@H](O)C(=O)OC1CC2C(C)(C)C1(C)[C@@]13C[C@H](C)c4ccccc4[C@@]21O3,CHEMBL417488
DEC_3405,decoy,O=C1CC2(CCCC2)CC(=O)N1OCCCN1CCN(c2ncccn2)CC1,CHEMBL274306
DEC_2340,decoy,O=C1O[C@H](c2ccccc2)[C@@](Cn2cncn2)(c2ccccc2Cl)O1,CHEMBL273259
DEC_3218,decoy,O=C1NCCN1CCN1CCC(c2c[nH]c3ccc(Cl)cc23)CC1,CHEMBL13053
DEC_3608,decoy,Cc1cc(-n2ncc(=O)[nH]c2=O)cc(C)c1Sc1ccc(I)cc1,CHEMBL25963
DEC_1477,decoy,CC(=O)C1CCC2C(=O)C3=C(O)c4c(O)ccc(O)c4CC3CC2C1,CHEMBL30252
DEC_0081,decoy,CO[C@@H]1[C@H](OC(=O)/C=C/C=C/C=C/C=C/C(=O)O)CC[C@]2(CO2)[C@H]1[C@@]1(C)O[C@@H]1CC=C(C)C,CHEMBL32838
DEC_2087,decoy,CCCN1CCC(COc2nc3cc(Cl)ccc3c3c2CCCCN3)CC1,CHEMBL35044
DEC_2692,decoy,CC(/C=C/C(=O)C1=C(O)CN(C)C1=O)=C\CC1CCCCC1,CHEMBL442327
DEC_2659,decoy,Cc1cc(-n2ncc(=O)[nH]c2=O)cc(C)c1Sc1ccc(Cl)cc1,CHEMBL27999
DEC_0490,decoy,CC1(C)C=C(C(=O)NCCCCNCc2cccs2)C(C)(C)N1,CHEMBL15452
DEC_0913,decoy,CC(C)C1=CC2CC3(C=O)[C@@H]4CC[C@@H](C)[C@H]4CC2(CO[C@@H]2O[C@H](C)[C@H]4OC(=S)O[C@H]4[C@@H]2O)C13C(=O)O,CHEMBL21592
DEC_2642,decoy,O=C1Nc2ccc(F)c(F)c2C(C#Cc2ccco2)(C(F)(F)F)O1,CHEMBL277723
DEC_2862,decoy,O=C1N(CCO)CN(c2ccccc2)C12CCN(C1CCc3cccc(Cl)c3C1)CC2,CHEMBL26987
DEC_2335,decoy,Cc1cc(CCCOc2c(C)cc(-c3noc(C4CC4)n3)cc2C)on1,CHEMBL28534
DEC_3818,decoy,COc1cc2c(cc1OC)-c1c/c(=N\c3c(C)cc(C)cc3C)n(C)c(=O)n1CC2,CHEMBL285913
DEC_2759,decoy,c1ccc(N/N=C(\N=N\c2nnnn2-c2ccccc2)c2ccccc2)cc1,CHEMBL279912
DEC_3216,decoy,CCCN(C=O)[C@H]1CCC2C3CC[C@H]4N(C)C(=O)CC[C@]4(C)C3CC[C@@]21C,CHEMBL274276
DEC_3637,decoy,COc1ccc2c3c1C[C@H]1C[C@@H](O)C=CC31CCN(C)C2,CHEMBL15576
DEC_4369,decoy,CCN(/C=C1\C(=O)O[C@H](COC)[C@@]2(C)C1=C(O)C(=O)C1=C2[C@H](OC(C)=O)C[C@]2(C)C(=O)CC[C@@H]12)CC,CHEMBL276865
DEC_3390,decoy,CC(=O)NC[C@@H]1OC(=O)N2c3ccc(S(=O)(=O)NC4CCCC4)cc3C[C@@H]12,CHEMBL21070
DEC_3514,decoy,O=NN(CCF)C(=O)NC1CCSCC1,CHEMBL12509
DEC_1990,decoy,NCCc1c[nH]c(-c2csc(Br)c2)n1,CHEMBL24346
DEC_3636,decoy,CC1(c2ccccc2)CCCN(C2CCCCC2O)C1,CHEMBL22117
DEC_3511,decoy,O=NN(CCF)C(=O)NC1CC2CCC1C2,CHEMBL12792
DEC_3967,decoy,CC1C(N)CN1c1c(F)cc2c(=O)c(C(=O)O)cn(C3CC3)c2c1Cl,CHEMBL19328
DEC_0600,decoy,[O-][S+](c1nc(-c2ccccc2)c(-c2ccccc2)[nH]1)C(F)(F)C(F)F,CHEMBL18231
DEC_2898,decoy,CCc1cc(-c2cc(C(F)(F)F)nn2-c2ccc(S(N)(=O)=O)cc2)ccc1OC,CHEMBL30236
DEC_3641,decoy,CCc1cc2nc(O)c(O)nc2c([N+](=O)[O-])c1CC,CHEMBL41295
DEC_4216,decoy,Clc1cccc(Cl)c1Nc1nc2ccccc2n2cncc12,CHEMBL29457
DEC_4434,decoy,Cc1c(N2CC[C@H](N)C2)c(F)cn2c(=O)c(C(=O)O)cc(C3CCC3)c12,CHEMBL275425
DEC_0085,decoy,CC(=O)SCC(C(=O)N[C@@H](C)C(=O)OCc1ccccc1)C(C)c1ccc(F)c(F)c1,CHEMBL11906
DEC_2530,decoy,CCCCN(Cc1ccc(-c2ccccc2-c2nn[nH]n2)cc1)c1ncnc2c1nc([S+](C)[O-])n2C,CHEMBL51987
DEC_3284,decoy,CC(C)(C)CC(C)(C)NC(=O)NC1CCCCC1,CHEMBL11524
DEC_0801,decoy,CCC1C2Cc3ccc(O)cc3C1(CC)CCN2C(=O)C(N)CCSC.Cl,CHEMBL282347
DEC_4394,decoy,CC1=C(C(=O)OC(c2ccccc2)c2ccccc2)N2C(=O)[C@@H](NC3=NCCN3C)C2SC1,CHEMBL427635
DEC_3228,decoy,Cc1sc2c(c1C(C)C)C(N1CCN(C)CC1)=Nc1cc(F)ccc1N2,CHEMBL14427
DEC_0253,decoy,O=S(=O)(OCCCl)c1c(Cl)c(Cl)c(Cl)c(Cl)c1Cl,CHEMBL280485
DEC_2698,decoy,CCCOC1(C(F)(F)F)OC(=O)Nc2ccc(Cl)cc21,CHEMBL17477
DEC_0458,decoy,CCS(=O)(=O)c1ccc(OC)c(-c2ccc(CN3CCCCC3)[nH]2)c1,CHEMBL21118
DEC_3665,decoy,C/C(=N/OCC(O)CNC(C)(C)C)C(C)C,CHEMBL26506
DEC_4243,decoy,CCC1CC(CC)c2cc3c(C(F)(F)F)cc(=O)oc3cc2N1,CHEMBL6721
DEC_2376,decoy,O=NN(CCCl)C(=O)NC1CCC(C(=O)O)CC1,CHEMBL12920
DEC_3561,decoy,[O-][S+](c1ccc(Br)cc1)c1ccc(C#CC2(O)CN3CCC2CC3)cc1,CHEMBL286679
DEC_4295,decoy,O=C(OC1CN2CCC1CC2)C(O)(c1ccccc1)C1CCCC1,CHEMBL13050
DEC_0624,decoy,C=CS(=O)(=O)Nc1cccc(C(c2c(O)oc3c(c2=O)CCCCCC3)C2CC2)c1,CHEMBL16473
DEC_2064,decoy,Cc1cccc(N2CCN(CCCON3C(=O)CC4(CCCC4)CC3=O)CC2)c1C,CHEMBL418526
DEC_1124,decoy,CC(C)C1=CC2CC3(C=O)[C@@H]4CC[C@@H](C)[C@H]4CC2(CO[C@H]2C[C@@H]4OC(=O)O[C@@H]4[C@@H](C)O2)C13C(=O)O,CHEMBL277254
DEC_1162,decoy,C1=Cc2ccccc2C2(OC[C@H]([C@@H]3CCCCN3)O2)c2ccccc21,CHEMBL281053
DEC_4558,decoy,CC[C@@]1(OC(=O)COc2ccc(Cl)cc2C)C(=O)OCc2c1cc1n(c2=O)Cc2cc3ccccc3nc2-1,CHEMBL281397
DEC_2097,decoy,CN(C)CCCOc1ccccc1/C=C(\C#N)c1noc2ccc(Cl)cc12,CHEMBL22383
DEC_2653,decoy,CN1C(=O)C=C[C@]2(C)C3CC[C@@]4(C)C(CC[C@@]4(O)C#CCCCO)C3CCC12,CHEMBL430283
DEC_4532,decoy,CSc1nnc([C@@H]2C[C@@H](S)CN2S(=O)(=O)c2ccc3ccccc3c2)n1-c1c(F)c(F)cc(F)c1F,CHEMBL49081
DEC_3323,decoy,CCNCc1nn2c3cccc(O)c3c(=O)c3c(NCCN(C)C)ccc1c32,CHEMBL8616
DEC_1972,decoy,C/C=C(\NC(=O)CC12CC3CC(CC(C3)C1)C2)C(=O)O,CHEMBL274394
DEC_3431,decoy,CCN(CC)CCNC(=O)c1c(C)[nH]c(/C=C2\C(=O)Nc3ccc(Br)cc32)c1C,CHEMBL13629
DEC_3868,decoy,N[C@H](/C=C/[C@@H]1C[C@H]1c1c[nH]cn1)CC1CCCCC1,CHEMBL278276
DEC_3243,decoy,CC(C)n1c(=O)n(Cc2nc3ccccc3n2CCC#N)c2ccccc21,CHEMBL14777
DEC_1235,decoy,CCCCC1N(Cc2ccc(-c3ccccc3-c3nn[nH]n3)cc2)C(=O)c2ccccc2N1C,CHEMBL15470
DEC_2628,decoy,CC(C)(C)C1(O)CCN2CC3c4ccccc4CCc4cccc(c43)C2C1,CHEMBL13035
DEC_4149,decoy,NC1CCN(c2c(F)cc3c(=O)c(C(=O)O)cn(C4CC4)c3c2C(F)(F)F)C1,CHEMBL15416
DEC_1214,decoy,Cc1ccc(C)c(Oc2nccc(-c3c(-c4ccc(F)cc4)ncn3C3CCNCC3)n2)c1,CHEMBL276576
DEC_2128,decoy,Brc1ccc2c(c1)C1N=C3SCCN3C1CC2,CHEMBL29695
DEC_1471,decoy,Oc1ccc2c(c1)OC[C@H](N1CCC(O)(c3ccccc3)CC1)[C@@H]2O,CHEMBL417630
DEC_2291,decoy,O=C(OCCCc1ccc(Br)cc1)[C@@H]1CCCN1C(=O)NC12C[C@H]3C[C@@H](C1)C[C@@H](C2)C3,CHEMBL34102
DEC_2929,decoy,CCNCC1CCN(c2c(F)cc3c(=O)c(C(=O)O)cn(C4CC4)c3c2Cl)C1,CHEMBL275414
DEC_1623,decoy,Clc1cccc(Cl)c1Sc1ccc(NC2=NCCN2)cc1,CHEMBL275124
DEC_1901,decoy,Oc1nc2cc(C#CCN3CCC(O)(Cc4ccc(F)cc4)CC3)ccc2[nH]1,CHEMBL19576
DEC_3572,decoy,O=S(=O)(c1ccc(Br)cc1)c1ccc(C#CC2(O)CN3CCC2CC3)cc1,CHEMBL24766
DEC_0722,decoy,CO[C@@H]1[C@H](O)[C@@H](O)[C@@H](NC(=O)/C(C)=C\c2ccc(O[C@@H]3O[C@H](C(C)=O)[C@@H](O)[C@@H]3O)c(O)c2)[C@@H](O)[C@@H]1OC,CHEMBL266804
DEC_3935,decoy,Cc1noc(NS(=O)(=O)c2cccc3cc(N)ccc23)c1C,CHEMBL281511
DEC_3472,decoy,OC(c1ccccc1)(c1cncnc1)c1cccs1,CHEMBL29140
DEC_3288,decoy,Oc1nnc(-c2sc3ccccc3c2Cl)o1,CHEMBL277454
DEC_0263,decoy,CC(C)=CCN(C1=NCCN1)c1c(Br)cccc1Br,CHEMBL21171
DEC_0077,decoy,CCN(CC)CCNc1ccc(CNS(C)(=O)=O)c2sc3ccccc3c(=O)c12,CHEMBL283395
DEC_0992,decoy,O=C1C2C3C=CC(CCC3)C2C(=O)N1CCCCc1ccncc1,CHEMBL31960
DEC_0292,decoy,Brc1cccc(Br)c1N(CC1CCCCC1)C1=NCCN1,CHEMBL282933
DEC_0856,decoy,CCCC[C@]1(CO)CC2C3Cc4ccc(OC)c5c4C2(CCN3C)C(O5)[C@@H]1O,CHEMBL276886
DEC_0922,decoy,CC(C)C1=CC2CC3(C=O)[C@@H]4CC[C@@H](C)[C@H]4CC2(CO[C@@H]2O[C@H](C)[C@H]4OC(C)(C)O[C@H]4[C@H]2O)C13C(=O)O,CHEMBL21515
DEC_2265,decoy,C=C(Cl)CN1C[C@H](OCC23C[C@@H]4[C@H](C)CC[C@H]4C4(C=O)CC2C=C(C(C)C)[C@@]34C(=O)O)OC[C@H]1C,CHEMBL31066
DEC_2985,decoy,Brc1noc(C2CN3CCC2CC3)n1,CHEMBL274687
DEC_0829,decoy,CC1=CC2OC3CC4OC(=O)/C=C/C=C/C(C(C)O)OCCC5(C)OC5C(=O)OCCC2(CC1)C4(C)C31CO1,CHEMBL269666
DEC_0971,decoy,CC1(C)OB(C(CCCCl)P(=O)(O)O)OC1(C)C,CHEMBL279438
DEC_3928,decoy,Cc1noc(NS(=O)(=O)c2cccc3c(O)cccc23)c1C,CHEMBL30228
DEC_0373,decoy,CC(C)(C)c1csc(NC(=O)c2ccn3c(=O)c(/C=C/c4nn[nH]n4)c(N4CCC[C@H](OC(N)=O)C4)nc3c2)n1,CHEMBL84858
ACT_044,active,CN(C)c1ccc(Oc2cc(O)cc(O)c2-c2cc(C(=O)NC3CCN(C4CCC5(CC4)OCC(C)(C)CO5)CC3)no2)cc1,CHEMBL3696218
DEC_2948,decoy,CC1CN(c2cc3c(c(N)c2F)c(=O)c(C(=O)O)cn3-c2ccc(F)cc2F)CCN1,CHEMBL15744
DEC_4082,decoy,CCN(CC)C/C=C/c1nc(O)c2c(ccc3nc(Nc4c(Cl)cccc4Cl)n(C)c32)c1C,CHEMBL281957
DEC_4343,decoy,O=c1n(-c2ccc(Cl)cc2)nc2c(NC3CCCCC3)nc3ccccc3n12,CHEMBL16715
DEC_0032,decoy,CC(C)n1cc(C(=O)O)c(=O)c2c(F)c(F)c(N3CCN(C)CC3)c(F)c21,CHEMBL25531
DEC_4104,decoy,COc1ccc2c(c1)CCC(CN1CCN(CCOC(c3ccccc3)c3ccccc3)CC1)=C2,CHEMBL28876
DEC_1057,decoy,O=C1/C(=C/c2cccnc2)c2ccccc2N1CCCN1CCN(c2cccc(Cl)c2)CC1,CHEMBL20674
DEC_3937,decoy,CCCC1C(=O)N(CC(C)C)C2Sc3ccccc3N2C1=O,CHEMBL29541
DEC_2706,decoy,CCN1CCC(COC(c2ccccc2)c2ccccc2)CC1,CHEMBL266558
ACT_023,active,CC(=O)O[C@H]1C[C@@]2(C)[C@H](c3ccoc3)OC(=O)[C@H]3O[C@]32[C@@]2(C)[C@H]1[C@@]1(C)C=CC(=O)OC(C)(C)[C@@H]1C[C@H]2OC(C)=O,CHEMBL4869402
DEC_2776,decoy,Cc1cc(OCc2ccc(-c3ccccc3-c3nn[nH]n3)cc2)c(-c2ccncc2)c(C)n1,CHEMBL22945
DEC_0869,decoy,NCc1ccc(CCCn2ncc3c2nc(N)n2nc(-c4ccco4)nc32)cc1,CHEMBL22320
DEC_0958,decoy,Cc1nc(O)c2c(ccc3nc(Nc4c(Cl)cccc4Cl)n(C)c32)c1CC(=O)N1CCN(C)CC1,CHEMBL29488
DEC_1359,decoy,CN(C)c1ncnc2c1ncn2Cc1cccc(CO)c1,CHEMBL7881
DEC_1365,decoy,C=C1/C(=C\C=C2/CCCC3(C)C([C@H](C)CC#CC(C)(C)O)=CCC23)C[C@@H](O)C[C@@H]1O,CHEMBL35115
DEC_4067,decoy,CCN(CC)CC#CCCCC1(C2(O)c3ccccc3Oc3ccccc32)SCCCS1,CHEMBL289122
DEC_3981,decoy,CC1(COc2ccc(CC3SC(=O)NC3=O)cc2)CCCC(O)C1,CHEMBL18053
DEC_3807,decoy,CCCCn1c(=O)c2c(nc3n(CCc4ccccc4)c(O)c(CCC)c(=O)n23)n(CCCC)c1=O,CHEMBL273429
DEC_1063,decoy,C1CCC2(CC1)OOC1(CCCCC1)OO2,CHEMBL22590
DEC_4401,decoy,CC1=C(C(=O)OC(C)(C)C)N2C(=O)[C@@H](Nc3nc4ccccc4n3CC(=O)OC(C)(C)C)C2SC1,CHEMBL276269
DEC_0103,decoy,OC[C@@]1(CCCCc2ccccc2)CC2C3Cc4ccc(O)c5c4C2(CCN3CC2CCC2)C(O5)[C@@H]1O,CHEMBL273257
DEC_0699,decoy,O=C1NCN(c2ccccc2)C12CCN([C@@H]1CCc3c(Cl)ccc(Cl)c3C1)CC2,CHEMBL418020
DEC_3160,decoy,CC1(C)CCC[C@](C)(C2CC[C@]3(C)C2[C@H](O)CC2[C@@]4(C)CC[C@H](O)C(C)(C)C4[C@@H](O)C[C@]23C)O1,CHEMBL283809
DEC_3326,decoy,NC(Cc1cc(C2CCCCC2)ccc1CCP(=O)(O)O)C(=O)O,CHEMBL23152
DEC_0818,decoy,COc1ccnc(C[S+]([O-])c2nc3cc(OCC(F)(F)F)ccc3[nH]2)c1C,CHEMBL9856
DEC_3023,decoy,OC(c1ccc(Cl)cc1)(c1cncnc1)C1CCCCC1,CHEMBL282079
DEC_0044,decoy,CC[C@@]1(O)C(=O)OCc2c1cc1n(c2=O)Cc2c-1nc1cnc(C#N)cc1c2C,CHEMBL13998
DEC_0005,decoy,C[C@]12CCC(=O)C=C1CC[C@@H]1[C@@H]2[C@@H](O)C[C@]2(C=O)[C@@H](C(=O)CO)CC[C@@H]12,CHEMBL273453
DEC_2746,decoy,Nc1nc(N)c2c(Cl)c(NC(=O)CCc3ccc(Cl)cc3)ccc2n1,CHEMBL6906
DEC_1831,decoy,C(=C\C1CCCN(C2CCCCC2)C1)\c1ccccc1,CHEMBL39806
DEC_2152,decoy,O=c1oc2ccccc2c(O)c1C1OCCc2ccccc21,CHEMBL8038
DEC_3850,decoy,CCN1C(=O)c2c(nc(C#Cc3ccccc3)n2Cc2ccccc2)N2C1=N[C@@H]1CCC[C@@H]12,CHEMBL281087
DEC_1074,decoy,O=C(O)CCON=C1C2CC3CC(C2)CC1C3,CHEMBL34455
DEC_3097,decoy,CN1CC=C(c2c[nH]c3ccc(-c4cccnc4)cc23)CC1,CHEMBL539159
DEC_1833,decoy,CC1(C)OC(S)=Nc2ccc(-c3cccc(F)c3F)cc21,CHEMBL28199
DEC_1757,decoy,CN1C(=O)C=C[C@]2(C)C3CC[C@@]4(C)C(CC[C@@]4(O)C#CCCCCl)C3CCC12,CHEMBL275284
DEC_1191,decoy,O=C(c1c(F)c(F)c(F)c(F)c1F)c1ccc2n1CCC2C(=O)O,CHEMBL9098
DEC_0167,decoy,C=C(Cl)CON1C[C@H](OCC23C[C@@H]4[C@H](C)CC[C@H]4C4(C=O)CC2C=C(C(C)C)[C@@]34C(=O)O)OC[C@H]1C,CHEMBL33631
DEC_4016,decoy,CC1(C)O[C@@H]2[C@@H](CO[C@@]3(CCS(N)(=O)=O)OC(C)(C)O[C@@H]23)O1,CHEMBL27353
DEC_0594,decoy,O=C1Nc2cccc3c2C1(CCCCN1CCC(c2ccccc2)CC1)CCC3,CHEMBL12846
DEC_2092,decoy,C(=C/c1cccc(-c2nn[nH]n2)c1)\c1cccc(OCc2ccc3ccccc3n2)c1,CHEMBL18381
DEC_4256,decoy,CN(C)CC1(C)C(=O)c2ccccc2OC1c1ccccc1,CHEMBL11203
DEC_2602,decoy,CC1CC2C3CCC4=CC(=O)C=CC4(C)[C@@]3(Cl)C(Cl)CC2(C)[C@@]1(OC(=O)c1ccco1)C(=O)CO,CHEMBL10566
DEC_0265,decoy,Cc1ccccc1-c1cc(C(O)(C#Cc2ccccc2)c2cncn2C)ccc1C#N,CHEMBL24822
DEC_1121,decoy,CO[C@H]1[C@H]2O[C@H]2[C@@H](OCC23C[C@@H]4[C@H](C)CC[C@H]4C4(C=O)CC2C=C(C(C)C)C34C(=O)O)O[C@@H]1C,CHEMBL286043
DEC_2482,decoy,CN1CCCCC1/C=C/C1c2ccccc2Cc2ccccc21,CHEMBL21942
DEC_2924,decoy,COc1c(N2C[C@@H]3CCCN[C@@H]3C2)c(F)cc2c(=O)c(C(=O)O)cn(C3CC3)c12,CHEMBL32
DEC_2521,decoy,CC(=O)OCc1cc(C)cc(-c2c(O)nc3cc(Cl)c([N+](=O)[O-])cc3c2OCCC2CCCCN2)c1,CHEMBL49162
DEC_3244,decoy,CCCC1NC(=O)OC12CCN(CCc1c[nH]c3ccccc13)CC2,CHEMBL27989
DEC_4029,decoy,Cn1c(=O)c2nc(-c3ccccc3[N+](=O)[O-])[nH]c2n(C)c1=O,CHEMBL11240
DEC_3859,decoy,O=C(O)Cn1c(=O)n(Cc2ccc(Cl)c(Cl)c2)c(=S)c2cc(Cl)ccc21,CHEMBL286674
DEC_2408,decoy,CCCn1c(=O)[nH]c(=O)c2[nH]c(C3CCCCC3)nc21,CHEMBL21449
DEC_3324,decoy,CCCCCNS(=O)(=O)c1ccc(Cl)cc1C1NC(=O)NC1=O,CHEMBL19532
DEC_3922,decoy,CN1CC=C(c2c[nH]c3ccc(NS(C)(=O)=O)cc23)CC1,CHEMBL26980
DEC_1009,decoy,O=C(O)c1cn(C2CC2)c2cc(C3CCNCC3)c(F)cc2c1=O,CHEMBL275698
DEC_2282,decoy,CC(=O)N1CCC[C@H]1C(=O)N(C1CCCCC1)C1(C(=O)N/C=C\c2c[nH]c3ccccc23)CCCCC1,CHEMBL46106
DEC_1645,decoy,O=C1c2ccccc2CCCC1CCN1CCC(Oc2ccccc2)CC1,CHEMBL9615
ACT_093,active,CCCCOc1ccc(-c2cc(C(=O)NN=C(S)NCC)c3ccccc3n2)cc1,CHEMBL1310341
DEC_2428,decoy,CCSc1nc2c(n1Cc1ccc(O)cc1)C(=O)N(CC)C1=N[C@@H]3CCC[C@@H]3N12,CHEMBL282189
DEC_3259,decoy,Clc1ccc([C@H]2OCO[C@]2(Cn2cncn2)c2ccccc2)c(Cl)c1,CHEMBL10220
DEC_1252,decoy,N#C/C(=C(/N)Sc1ccccc1N)c1cccc(C(O)c2cccc(C(F)(F)F)c2)c1,CHEMBL38260
DEC_1347,decoy,CCn1c(S)nnc1-c1nsc2ccccc12,CHEMBL289308
DEC_1594,decoy,C[C@]12CCC(=O)C=C1CCC1C2=CC[C@@]2(C)C1CC[C@]2(O)C(=O)CN1CCN(c2ccccn2)CC1,CHEMBL264092
DEC_0113,decoy,CC(C)(C)NC(=O)NC[C@@H]1Cc2ccccc2CN1/C(S)=N/C[C@H]1CCCN1C(=O)OC(C)(C)C,CHEMBL38511
DEC_2079,decoy,COCCOc1cc2ncnc(Nc3ccc(Cl)cc3F)c2cc1OC,CHEMBL286160
DEC_3886,decoy,CCCN(CCC)[C@@H]1Cc2cccc3c2N(C1)C(=O)NC3,CHEMBL24110
DEC_3069,decoy,CN(C/C=C/c1ccccc1)CC1CCCc2ccccc21,CHEMBL282497
DEC_2427,decoy,CCCCc1ncc(C(=O)O)n1Cc1cccc2c1ccn2-c1ccccc1-c1nn[nH]n1,CHEMBL433230
DEC_0222,decoy,COC(=O)[C@H]1CCC2C3CNC4=CC(=O)CC[C@]4(C)C3CC[C@@]21C,CHEMBL297524
DEC_3202,decoy,CC(=O)OC1=CC[C@H]2CC3C(=C(O)c4c(O)cccc4C3O[Si](C)(C)C(C)(C)C)C(=O)[C@H]2C1,CHEMBL29750
DEC_1150,decoy,COc1cc2nc(N3CCC(N4C(=O)CC(C5CCCCC5)CC4=O)CC3)nc(N)c2cc1OC,CHEMBL17456
DEC_3545,decoy,CC(C)CC1(c2ccc(N)cc2)CCC(=O)NC1=O,CHEMBL28669
DEC_0009,decoy,CC12CCC(=O)C=C1CCC1C2C(=O)CC2(C)C1CC[C@]2(O)C(=O)CO,CHEMBL536
DEC_0918,decoy,C[C@@H](n1cnc2cc(-c3ccc(C(=N)NO)cc3)sc2c1=O)[C@](O)(Cn1cncn1)c1ccc(F)cc1F,CHEMBL53395
DEC_0960,decoy,CC(CS)C(=O)N(CC(=O)O)C1CSCCSC1,CHEMBL278993
DEC_4425,decoy,Cc1c(F)c(N2CCC(N)C2)c(F)c2c1c(=O)c(C(=O)O)cn2C1CC1,CHEMBL277797
DEC_4126,decoy,CC(C)(C)OC(=O)N[C@@H](Cc1c[nH]c2ccccc12)C(=O)OCc1ccccc1,CHEMBL429395
DEC_2100,decoy,CCN(CC)CCOc1ccc(/C=C(\C#N)c2noc3ccc(OC)cc23)cc1,CHEMBL21549
DEC_3906,decoy,COc1ccc(C(Cc2ccc(N)cc2)n2ccnc2)cc1,CHEMBL20269
DEC_3343,decoy,CC(C)NS(=O)(=O)NC(=O)Nc1c(C(C)C)cccc1C(C)C,CHEMBL21981
DEC_2078,decoy,CCN(CC)CCOc1ccccc1/C=C(\C#N)c1noc2ccc(O)cc12,CHEMBL277881
DEC_1919,decoy,CN([C@H]1CCN2CCc3ccccc3[C@H]2C1)S(C)(=O)=O,CHEMBL283236
DEC_1452,decoy,CCN(Cc1ccc2nc(CF)nc(O)c2c1)c1cnc(C(=O)N[C@H](CCC(=O)O)C(=O)O)s1,CHEMBL44242
DEC_1413,decoy,COc1cc(CNc2ccc3c(c2)NCCN([C@H](CC(C)C)C(=O)NO)S3(=O)=O)cc(OC)c1,CHEMBL54663
DEC_0654,decoy,Cc1nc2c(n1Cc1ccc(-n3cccc3-c3nn[nH]n3)cc1)/C(=C/C(=O)O)CCCC2,CHEMBL297637
DEC_1867,decoy,CCc1cc2c(s1)Nc1ccc(F)cc1N=C2N1CC(C)N(C)CC1C,CHEMBL278473
DEC_0303,decoy,C=CCOC1(C(F)(F)F)OC(=O)Nc2ccc(F)c(F)c21,CHEMBL275644
DEC_2842,decoy,COc1ccc2c(c1OC)CN1CCc3cc4c(cc3C1=C2)OCO4,CHEMBL11848
DEC_3722,decoy,C[C@@]12Cc3ccccc3C[C@@H](N1)c1c(Cl)cccc12,CHEMBL286203
DEC_4405,decoy,CN1CC=C(c2c(O)cc(O)c3c(=O)cc(-c4ccccc4I)oc23)CC1,CHEMBL269124
DEC_2561,decoy,CC(=O)N1CCN(C(=O)/C=C/c2ccc(Sc3cc4[nH]c(O)nc4cc3Cl)c(Cl)c2)CC1,CHEMBL281334
DEC_4339,decoy,CCCCC1NC(=O)OC12CCN(CCc1c[nH]c3ccccc13)CC2,CHEMBL283187
DEC_1606,decoy,Cc1ccc(N2C(=O)[C@H]3C(c4ccccc4)NC4(C(=O)c5ccccc5C4=O)[C@H]3C2=O)cc1Cl,CHEMBL26380
DEC_0346,decoy,CC[C@H]1Nc2cc3nc(O)cc(C(F)(F)F)c3cc2C[C@H]1C,CHEMBL7089
DEC_1320,decoy,CC1(C)OC[C@@H](C/C=C\CCC(=O)O)[C@@H](c2cnco2)O1,CHEMBL417816
DEC_4127,decoy,N=C(N)c1ccc(C(=O)N2CCC3(CCN(C(=O)CCCCC(=O)O)CC3)CC2)cc1,CHEMBL283692
DEC_0507,decoy,CC1(C)OB(/C=C/CP(=O)(O)O)OC1(C)C,CHEMBL19606
DEC_2871,decoy,O=C1CCC(=O)N1CCCCCn1c(C2CCNCC2)nc2cc(Cl)c(Cl)cc21,CHEMBL281162
DEC_1321,decoy,CC(=O)OC1CCC(NC(=O)N(CCF)N=O)CC1,CHEMBL418159
DEC_3763,decoy,CCN(C/C=C/C#CC(C)(C)C)Cc1cccc(OCCN(C)S(=O)(=O)c2nccs2)c1,CHEMBL26596
DEC_3654,decoy,CC1=CO[C@@H]2O[C@@]3(C)CC[C@H]4[C@H](C)CC[C@@H]1[C@@]24OO3,CHEMBL279307
DEC_1650,decoy,NCc1ccc(-c2nc(-c3ccc(F)cc3)c(-c3ccncc3)[nH]2)cc1,CHEMBL17445
ACT_098,active,CCc1cc([C@@H]2CC(=O)N2c2ccc3c(c2)OCCO3)c(O)cc1O,CHEMBL1831185
DEC_4275,decoy,Cc1cc(C(c2ccccc2F)N2CCN(C)CC2)sn1,CHEMBL22351
ACT_087,active,COC(=O)c1ccc(N/C=C/C(=O)c2ccccc2)cc1,CHEMBL1566781
DEC_2483,decoy,CN1CCCC[C@H]1/C=C/C1c2ccccc2Cc2ccccc21,CHEMBL415038
DEC_3977,decoy,CCc1c(F)c(N2CCC(N)C2)cc2c1c(=O)c(C(=O)O)cn2C1CC1,CHEMBL15767
DEC_0792,decoy,CCCCCCCOc1ccc2c3c1OC1C(O)C=CC4C(C2)N(C)CCC341,CHEMBL413092
DEC_4072,decoy,C[C@@]1(CCCCc2ccccc2)CC2C3Cc4ccc(O)c5c4C2(CCN3CC2CCC2)C(O5)C1=O,CHEMBL9567
DEC_4540,decoy,O=C(O)CCC(=O)N1CCN(c2ccnc3cc(Cl)ccc23)CCN(c2ccnc3cc(Cl)ccc23)CC1,CHEMBL291186
DEC_3554,decoy,COc1ccc(OC)c2c1C1CCC2[C@H](N)C1,CHEMBL286609
DEC_1285,decoy,Cc1cc(-c2noc(C3CC3)n2)cc(C)c1OCCCc1cc(C2CC2)no1,CHEMBL28622
ACT_045,active,C=C1CC[C@@H]2[C@H]1C[C@]1(C)CC[C@@H](C(C)C)[C@H]1C[C@H]1O[C@@]21C,CHEMBL4465174
DEC_1559,decoy,COc1cnc(C[S+]([O-])c2nc3cc(OC(F)F)ccc3[nH]2)cc1OC,CHEMBL9786
DEC_2992,decoy,N[C@H](C(=O)N1CCC(F)(F)C1)C1CCCCC1,CHEMBL280658
DEC_1501,decoy,COC(=O)C1=CNC(C)C2CN3CCc4c([nH]c5ccccc45)[C@@H]3C[C@H]12,CHEMBL278038
DEC_3257,decoy,CC1(C)N=C(N)N=C(N)N1c1cccc(COc2cccc(Cl)c2)c1,CHEMBL417461
ACT_062,active,O=C(CSc1ncccc1C(=O)O)c1ccc2ccccc2c1,CHEMBL1546535
DEC_2749,decoy,COc1ccc([C@]2(C#N)C[C@H]3C[C@@H](C(=O)O)C[C@H]3C2)cc1OC1CCCC1,CHEMBL27107
DEC_0803,decoy,O=C1CCCCC1CN1CCN(CCOC(c2ccccc2)c2ccccc2)CC1,CHEMBL28125
DEC_0144,decoy,Cc1c(C)c2c(c(C)c1O)CCC(C)(CNCCOc1ccc(/C=C3\SC(=O)NC3=O)cc1)O2,CHEMBL6511
DEC_4477,decoy,CCN[C@@H]1C[C@H](C)S(=O)(=O)c2sc(S(N)(=O)=O)cc21,CHEMBL276679
DEC_2631,decoy,O=C1Nc2ccc(F)c(F)c2C(C#Cc2ccccn2)(C(F)(F)F)O1,CHEMBL17388
DEC_1944,decoy,CCN([C@@H]1CCN2CCc3ccccc3[C@@H]2C1)S(C)(=O)=O,CHEMBL30590
DEC_4218,decoy,CC(C)CC1CCNc2cc3nc(O)cc(C(F)(F)F)c3cc21,CHEMBL282813
DEC_3873,decoy,CCSC(=O)OC/C=C(\C)CCC1OC1(C)C,CHEMBL40390
DEC_1495,decoy,Oc1ccc2c(c1)OC[C@@H](N1CCC(O)(c3ccc(F)cc3)CC1)C2,CHEMBL17543
DEC_3510,decoy,NS(=O)(=O)OC[C@@]12CCCC[C@@H]1CCC2,CHEMBL26301
DEC_3210,decoy,CC(=O)Oc1c(Cl)c(Cl)nc(C(Cl)(Cl)Cl)c1Cl,CHEMBL11518
DEC_4461,decoy,NS(=O)(=O)c1cc2c(cc1Cl)NCNS2(=O)=O,CHEMBL435
DEC_2060,decoy,CO[C@]1(c2cnc(Sc3ccc(/C(C)=N/OCC#N)cc3)s2)CCO[C@@H](C)C1,CHEMBL276958
DEC_3708,decoy,O=S1NC(Cc2cccc(Cl)c2)=NO1,CHEMBL428701
DEC_1237,decoy,Cc1ccccc1Oc1nccc(-c2c(-c3ccc(F)cc3)ncn2C2CCNCC2)n1,CHEMBL13836
DEC_2819,decoy,CC(/N=c1\c(O)c(O)\c1=N/c1cccc2cccnc12)C(C)(C)C,CHEMBL18482
DEC_0552,decoy,CO/N=C(\C(=O)N[C@@H]1C(=O)N2C(C(=O)O)=CCO[C@H]12)c1csc(N)n1,CHEMBL12887
DEC_4136,decoy,CC1CC/C(=N\Nc2ccc(Br)cc2)c2ncc(C(=O)O)c(=O)n21,CHEMBL15469
DEC_1955,decoy,Cc1noc(C)c1C(c1ccccc1Cl)N1CCNCC1,CHEMBL428360
DEC_0139,decoy,N=C(N)c1ccc2[nH]c(-c3cc(Cc4nn[nH]n4)cc(Br)c3O)c(Cc3ccccc3)c2c1,CHEMBL49987
DEC_4404,decoy,COc1cccc2c1CC[C@H]1CN(CCn3c(=O)[nH]c4c(sc5cc(C#N)ccc54)c3=O)C[C@@H]21,CHEMBL40780
DEC_0320,decoy,C[C@@H]1C[C@@H]2c3cc(C(C)(C)C)cc4[nH]cc(c34)C[C@H]2N(C)C1,CHEMBL14138
DEC_4419,decoy,CC1CN(c2c(F)cc3c(=O)c(C(=O)O)cn(C4CC4)c3c2F)CCN1,CHEMBL15613
DEC_3578,decoy,CC[C@@]1(O)C(=O)OCc2c1cc1n(c2=O)C(CC(=O)N2CCCC2)c2cc3ccccc3nc2-1,CHEMBL42038
DEC_0152,decoy,CC(C)(C)OC(=O)N[C@H](C(=O)N1CCC[C@H]1C(=O)NCC1CCC(N)CC1)C(C1CCCCC1)C1CCCCC1,CHEMBL289333
DEC_3960,decoy,CCC/C=C(\NC(=O)C1CC1(Br)Br)C(=O)O,CHEMBL11661
DEC_3393,decoy,CCN(CC)CCNc1ccc2ncn3c4c(OC)ccc(O)c4c(=O)c1c23,CHEMBL8219
DEC_3076,decoy,CCCC[C@]1(c2ccccc2)OC[C@H]([C@@H]2CCCCN2)O1,CHEMBL26985
DEC_0861,decoy,CS(=O)(=O)Nc1cccc(C(c2c(O)c3c(oc2=O)CCCCC3)C2CC2)c1,CHEMBL16641
DEC_1520,decoy,O=C1NC(=O)C(CC#Cc2ccc(Cl)cc2)(S(=O)(=O)c2ccccn2)S1,CHEMBL11958
DEC_2705,decoy,C#CCCCC(=O)c1cc(C(C)(C)C)c2c(c1)C(C)(C)CO2,CHEMBL13920
DEC_3962,decoy,Cc1c(F)c(N2CCNCC2)c(Cl)c2c1c(=O)c(C(=O)O)cn2C1CC1,CHEMBL16159
DEC_3105,decoy,CCN[C@@H](C)[C@H]1COC(c2ccccc2)(c2ccccc2)O1,CHEMBL283893
DEC_0965,decoy,O=NN(CCCl)C(=O)NC1CCC(Br)CC1,CHEMBL275279
DEC_0770,decoy,CC(=O)Nc1cccc(Cn2c3c(c4ccccc42)C[C@@]2(O)C4Cc5ccc(O)c6c5C2(CCN4CC2CC2)[C@H]3O6)c1,CHEMBL28116
DEC_1518,decoy,Cn1c2cccnc2c2ncnc(N3CCN(CCc4ccc(F)c(F)c4)CC3)c21,CHEMBL282365
DEC_3158,decoy,CSc1sc(C(=N)N)cc1-c1nc(-c2ccc(NS(C)(=O)=O)cc2)cs1,CHEMBL29332
DEC_2931,decoy,OC(CNCC(O)C1CCc2cc(F)ccc2O1)C1CCc2cc(F)ccc2O1,CHEMBL434394
DEC_0658,decoy,CCN(CC)CCNc1ccc(/N=N/c2ccc(S(N)(=O)=O)cc2)c2ccccc12,CHEMBL276550
DEC_3957,decoy,COc1ccccc1C(c1ccns1)N1CCN(C)CC1,CHEMBL21785
DEC_1668,decoy,O=C(/C=C/c1ccc(/C=C/c2ccc3ccc(Cl)cc3n2)cc1)c1cc(-c2nn[nH]n2)ccc1O,CHEMBL11902
DEC_2273,decoy,CC(C)CN1C[C@H](OCC23C[C@@H]4[C@H](C)CC[C@H]4C4(C=O)CC2C=C(C(C)C)[C@@]34C(=O)O)OC[C@H]1C,CHEMBL30451
DEC_1523,decoy,O=C1c2ccccc2CCCN1CCN1CCC(n2c(=O)oc3ccccc32)CC1,CHEMBL273821
DEC_3539,decoy,CC(C)CN1C2=NCCN2C(=O)c2[nH]c(C(C)C)nc21,CHEMBL18844
DEC_1348,decoy,CSc1nc(NCCN(C)C)cc(-c2cccs2)n1,CHEMBL20554
ACT_009,active,CN(C)c1ccc(C2Nc3cccc4cccc(c34)N2)cc1,CHEMBL1308342
DEC_1502,decoy,CN1CC=C(c2c(O)cc(O)c3c(=O)cc(-c4ccncc4)oc23)CC1,CHEMBL9052
DEC_0860,decoy,CCNCC1CCN(c2c(F)c(N)c3c(=O)c(C(=O)O)cn(CC)c3c2Cl)C1,CHEMBL15547
DEC_2372,decoy,O=P1(N(CCCl)CCCl)OCCCN1O,CHEMBL557134
DEC_1997,decoy,Nc1ccc([C@@H]2CN3CCC[C@@H]3c3ccccc32)cc1,CHEMBL36359
DEC_2869,decoy,Cc1cc(C(C)(C)C)c(OC(=O)NS(=O)(=O)N(C(C)C)C(C)C)c(C(C)(C)C)c1,CHEMBL281188
DEC_2894,decoy,C=C1CCC2[C@](C)(CCC[C@]2(C)C(=O)OC)[C@H]1CCC12Cc3c(O)ccc(O)c3CC1O2,CHEMBL281377
DEC_0948,decoy,CCOC(=O)N[C@@H](c1cccs1)[C@@H](O)C(=O)OC1CC2C(C)(C)C1(C)[C@@]13C[C@H](C)c4ccccc4[C@@]21O3,CHEMBL416029
DEC_2800,decoy,COc1cc(NC(C)CCCN)c2ncccc2c1Oc1ccc(OC(F)(F)F)cc1,CHEMBL12832
DEC_3518,decoy,FC(F)(F)Oc1ccc(C2=NCCN2)cc1,CHEMBL275502
DEC_3840,decoy,O=C1c2ccccc2C(=O)N1CCOCCN1CCN(c2nsc3ccccc23)CC1,CHEMBL38747
DEC_4048,decoy,CN(C)CCn1c(=O)c(N2CCNCC2)nc2ccccc21,CHEMBL268440
DEC_0830,decoy,CC(=O)OCC(=O)[C@@]1(OC(=O)c2ccco2)[C@H](C)CC2C3CCC4=CC(=O)C=CC4(C)[C@@]3(Cl)C(O)CC21C,CHEMBL38302
DEC_2736,decoy,CC(C)(C)c1cccc(OCc2cccc(N3C(N)=NC(N)=NC3(C)C)c2)c1,CHEMBL33558
DEC_3816,decoy,Cn1cncc1C(OCc1ccc(C#N)c(-c2cccc(C#N)c2)n1)c1ccc(C#N)cc1,CHEMBL290315
DEC_0129,decoy,CNc1ccc(C#CC[C@H](NS(=O)(=O)c2ccc3ccccc3c2)C(=O)N(C)C2CCCC2)cc1N,CHEMBL7124
DEC_4347,decoy,CC(/C=C/C(O)=C1\C(=O)C2CCCN2C1=O)=C\c1ccc2ccccc2c1,CHEMBL10377
DEC_1455,decoy,CCCc1c(OCC(O)COc2cccc(NC(=O)C(=O)OCC)c2C#N)ccc(C(C)=O)c1O,CHEMBL274975
DEC_0590,decoy,O=C1Nc2ccc(F)cc2C(OCC=C(Cl)Cl)(C(F)(F)F)O1,CHEMBL17010
DEC_0415,decoy,CC(C)CCCc1nc2c([nH]1)N1C(=N[C@@H]3CCC[C@@H]31)N(C)C2=O,CHEMBL278254
DEC_3702,decoy,CN(C)CCc1c[nH]c2ccc3c(c12)OCO3,CHEMBL28354
DEC_1553,decoy,CN1CCN(Cc2c3ccccc3c(CN3CCN(C)CC3)c3ccccc23)CC1,CHEMBL27727
DEC_0486,decoy,O[C@@H](COc1ccccc1)CN1CCC(Oc2ccccc2)CC1,CHEMBL31991
DEC_4228,decoy,C[C@@H](N)Cc1c2ccoc2c(C(F)(F)F)c2ccoc12.Cl,CHEMBL7132
DEC_1800,decoy,Cc1nnc(SCC2=C(C(=O)OC(c3ccccc3)c3ccccc3)N3C(=O)[C@@H](Nc4nc5ccccc5[nH]4)C3SC2)s1,CHEMBL267784
DEC_3519,decoy,NC1=NC(c2cccnc2)Cc2ccsc21,CHEMBL412901
DEC_4012,decoy,CC(=O)N(C)CC#CCN1CCN(OC(=O)C(C)(C)C)CC1,CHEMBL276831
DEC_1897,decoy,O=C1NC(=O)C(CC#Cc2ccc(Cl)cc2)(Sc2ccccn2)S1,CHEMBL418709
DEC_4006,decoy,Cc1cc2[nH]c(O)nc2cc1C#CCN1CCC(Cc2ccc(F)cc2)CC1,CHEMBL19419
DEC_4188,decoy,CC(=N)N1CC[C@H](Oc2ccc([C@H](Cc3ccc4ccc(C(=N)N)cc4c3)C(=O)O)cc2)C1,CHEMBL19902
DEC_3639,decoy,CC(C)C(O)(c1ccc(Cl)cc1)c1cncnc1,CHEMBL29646
DEC_3379,decoy,N#Cc1cccc(Oc2cccc(Cc3cn(COCCO)c(=O)[nH]c3=O)c2)c1,CHEMBL278004
DEC_3275,decoy,O[C@H]1CC[C@@](c2ccccc2)(N2CCCCC2)CC1,CHEMBL266562
DEC_4289,decoy,CCc1ccc(C(c2ccns2)N2CCN(C)CC2)cc1,CHEMBL22603
DEC_3972,decoy,CCC1CN(c2cc3c(cc2F)c(=O)c(C(=O)O)cn3C2CC2)CCN1,CHEMBL15531
DEC_0632,decoy,CC(C)c1cccc(C(C)C)c1OS(=O)(=O)NC(=O)OC1C2CC3CC(C2)CC1C3,CHEMBL422929
DEC_3266,decoy,Clc1ccc2[nH]cc(CCC3CCNCC3)c2c1,CHEMBL25428
DEC_3181,decoy,COc1cc2c(cc1OC)-c1cc(Nc3ccc(C)c(Cl)c3Cl)nc(=O)n1CC2,CHEMBL34966
ACT_037,active,C[C@@H]1C[C@H]2O[C@@H]2/C=C\C=C\C(=O)Cc2c(Cl)c(O)cc(O)c2C(=O)O1,CHEMBL414883
DEC_2406,decoy,CCCc1nc2c([nH]1)N1C(=N[C@@H]3CCC[C@@H]31)N(C)C2=O,CHEMBL275204
DEC_1454,decoy,CCOP(=O)(O)CCCNC(=O)c1ccc(N(C)Cc2cnc3nc(N)nc(N)c3n2)cc1,CHEMBL27469
DEC_2068,decoy,CCOc1ccccc1OCCN1CCC2(CC)c3cccc(O)c3CC1C2(C)C,CHEMBL284222
DEC_0293,decoy,O=C1C(Cl)=C(Nc2ccc(I)cc2)C(=O)c2cnccc21,CHEMBL11408
DEC_4178,decoy,CC(C)C[C@H](NC(=O)c1c(NCc2c[nH]cn2)cccc1-c1ccccc1)C(=O)O,CHEMBL285129
DEC_0384,decoy,C=C(C)C12OC3(c4ccccc4)OC1[C@@H]1[C@@H]4O[C@]4(CO)[C@@H](O)[C@]4(O)C(=O)C=C[C@@]4(C)C1(O3)[C@H](C)[C@H]2OC(=O)c1ccccc1,CHEMBL90641
ACT_048,active,Cc1cc(NO)nc(-c2ccc(Br)cc2)n1,CHEMBL1521872
DEC_0920,decoy,CCCc1nc(-n2cccc2C(O)C(F)(F)F)c(C#N)n1Cc1ccc(-c2ccccc2-c2nn[nH]n2)cc1,CHEMBL73358
DEC_1883,decoy,O=C1NCN(c2ccccc2)C12CCN(C1CCCc3ccccc31)CC2,CHEMBL27460
DEC_2586,decoy,COc1cccc(N2CCN(CC(=O)[C@@]3(O)CCC4C5CCC6=CC(=O)CC[C@]6(C)C5=CC[C@@]43C)CC2)n1,CHEMBL15646
DEC_2969,decoy,CN(C)c1cc2c(cc1Cl)NC1=NC(=O)CN1C2,CHEMBL31283
DEC_4100,decoy,O=C(O)[C@@H](CC1CCC1)N1C[C@H](CN2CCC(CCCc3ccccc3)CC2)[C@@H](c2ccccc2)C1,CHEMBL20896
DEC_1563,decoy,C1CCN(P2(N3CCCC3)=NP(N3CCCC3)(N3CCCC3)=NP(N3CC3)(N3CC3)=N2)C1,CHEMBL281678
DEC_0422,decoy,CSc1c(Cl)nc(N2CCN(C)CC2)nc1NC(C)C,CHEMBL441773
DEC_3980,decoy,C[C@H](CS)C(=O)N1C[C@@H](Sc2ccc(F)cc2)C[C@H]1C(=O)O,CHEMBL16166
DEC_4378,decoy,CC(C)(N)C(=O)N[C@H](Cc1c[nH]c2ccccc12)C(=O)N1CCC[C@@]2(CC(=O)c3ccccc3O2)C1,CHEMBL275093
DEC_4497,decoy,COc1c(C)c(O)c2c(c1O)c(COC(N)=O)c1n2C[C@@H]2[C@H]1N2C,CHEMBL18158
DEC_2667,decoy,CCCC1CCC(N2CCC(N3C(=O)N[C@@H]4CCCC[C@H]43)CC2)CC1,CHEMBL26681
DEC_2324,decoy,N#Cc1ccc(Cn2ccnc2)cc1Sc1ccc(Cl)cc1Cl,CHEMBL22659
DEC_1624,decoy,Cc1cc(C#N)cc(Cl)c1C/N=c1\c(O)c(O)\c1=N/C(C)C(C)(C)C,CHEMBL19858
DEC_0816,decoy,CN(CCCl)[C@@H]1CCC2C3Cc4ccc(O)c5c4C2(CCN3CC2CC2)[C@H]1O5,CHEMBL8977
DEC_2051,decoy,CCCC1CN(CCc2c[nH]c3ccccc23)CCC12CNC(=O)O2,CHEMBL27929
DEC_3282,decoy,CNCCCN1c2ccccc2Sc2ccccc21,CHEMBL38659
DEC_1963,decoy,C/N=C(/S)C1(c2cccnc2)CCCC/C1=C\C#N,CHEMBL41094
DEC_1098,decoy,CC1(C)OC(/C=C/c2ccc(F)cc2)=CC1=O,CHEMBL275381
DEC_1713,decoy,Brc1cccc(Br)c1N(C1=NCCN1)C1CCCC1,CHEMBL417459
DEC_2899,decoy,CN(C)c1ccc(-c2cc(C(F)(F)F)nn2-c2ccc(S(N)(=O)=O)cc2)cc1F,CHEMBL29899
DEC_1056,decoy,O=C1/C(=C\c2cccnc2)c2ccccc2N1CCCN1CCN(c2cccc(Cl)c2)CC1,CHEMBL282264
DEC_0976,decoy,CO[C@H]1O[C@@H]2O[C@]3(C)CC[C@H]4[C@H](C)CC[C@@H]([C@H]1C)C24OO3,CHEMBL10033
DEC_2116,decoy,Clc1cccc(Cl)c1N(CC1CC1)C1=NCCN1,CHEMBL436342
DEC_4039,decoy,COc1ccc(-c2nc3c(=O)n(C)c(=O)n(C)c3[nH]2)c(OC)c1,CHEMBL274778
DEC_1367,decoy,C=C1/C(=C\C=C\[C@@H]2CCC[C@H]([C@H](C)CCCC(C)(C)O)C2(C)C)C[C@@H](O)C[C@@H]1O,CHEMBL286215
DEC_4077,decoy,Cn1cncc1C(OCc1ccc(C#N)nc1-c1ccc(OC(F)(F)F)cc1)c1ccc(C#N)cc1,CHEMBL39096
DEC_2914,decoy,Cc1c(N2C[C@@H](F)[C@@H](C3(N)CC3)C2)c(F)c(N)c2c(=O)c(C(=O)O)cn([C@@H]3C[C@@H]3F)c12,CHEMBL7265
DEC_4345,decoy,Cc1cc(C(c2ccc(OCc3ccccc3)cc2)N2CCN(C)CC2)sn1,CHEMBL421855
ACT_079,active,Cc1ccc2oc(=O)c(/C=C(\O)c3ccco3)nc2c1,CHEMBL1359004
DEC_0543,decoy,CCc1nc2c([nH]1)N(CC(C)C)C1=NCCN1C2=O,CHEMBL279851
DEC_2810,decoy,COc1cc(C#N)cc(-c2ccc3c(c2)C(C)(C)OC(S)=N3)c1,CHEMBL25292
DEC_0630,decoy,O=C1[C@@H](NS(=O)(=O)c2cc3ccc(Cl)cc3s2)CCN1Cc1cc2[nH]cccc-2n1,CHEMBL8437
DEC_3556,decoy,CC1(C)C(=O)Nc2ccc(C3=NNC(=O)CC3)cc21,CHEMBL38224
DEC_3851,decoy,CCNCC1CCN(c2c(F)cc3c(=O)c(C(=O)O)cn(C4(C)CC4)c3c2F)C1,CHEMBL6276
DEC_2972,decoy,C[C@@H]1C=C2c3cccc4c3[C@H](C[C@H]2N(C)C1)CN4C,CHEMBL38058
DEC_1394,decoy,CCc1nc(O)c2c(ccc3nc(Nc4c(Cl)cccc4Cl)n(C)c32)c1C,CHEMBL27004
DEC_1236,decoy,COc1cc2c(Nc3ccc(Cl)cc3F)ncnc2cc1OCC1CCNCC1,CHEMBL26456
DEC_0727,decoy,C=C1/C(=C\C=C2/CCC[C@]3(C)C([C@H](C)C[C@H](O)CC(O)(C(F)(F)F)C(F)(F)F)CC[C@@H]23)C[C@@H](O)C[C@@H]1O,CHEMBL416767
DEC_3002,decoy,Cc1cc(Cl)cc2c1OCCC21OC(=O)NC1=O,CHEMBL32216
ACT_031,active,CC1(C)[C@H]2CC[C@]1(C)N(Cc1cn(-c3ccc(C#N)cc3)nn1)C(=O)C2,CHEMBL4858125
DEC_2758,decoy,Cc1cnsc1C(c1ccc(C(C)C)cc1)N1CCN(CC(C)O)CC1,CHEMBL416558
DEC_2545,decoy,COc1ccc(C2=NN(C3CCCCCC3)C(=O)C3CC=CCC23)cc1OCCCCn1cnc2ncncc21,CHEMBL84601
DEC_1667,decoy,CCCCCc1cc(O)cc2c1Oc1c(C=O)c(O)c(Cl)c(C(=O)CCCC)c1C(=O)O2,CHEMBL285696
DEC_2838,decoy,CN(C)CCN1C(=O)c2cccc3c2c(cc2sccc23)C1=O,CHEMBL285372
DEC_0651,decoy,C[S+]([O-])c1ccc(-c2nc(-c3cccc(NS(C)(=O)=O)c3)c(-c3ccncc3)[nH]2)cc1,CHEMBL276548
DEC_3361,decoy,O=NN(CCCl)C(=O)NC1CCCC(NC(=O)N(CCCl)N=O)C1,CHEMBL275994
DEC_2915,decoy,Cc1c(N2CC[C@@H](C3(N)CC3)C2)c(F)c(N)c2c(=O)c(C(=O)O)cn([C@@H]3C[C@@H]3F)c12,CHEMBL6894
DEC_0700,decoy,O=C1NCN(c2ccccc2)C12CCN(C1CCc3c(Cl)ccc(Cl)c3C1)CC2,CHEMBL283480
DEC_2550,decoy,N#Cc1ccc(Cn2cncc2CN2CCN(c3cccc(Cl)c3)C(=O)C2)cc1Sc1ccccc1,CHEMBL439917
DEC_3764,decoy,CC(C)c1cccc(C(C)C)c1OC(=O)[N-]S(=O)(=O)Oc1c(C(C)C)cccc1C(C)C.[Na+],CHEMBL25110
DEC_2144,decoy,CN1CCCC12c1ccccc1-c1nc(O)c3nccn3c12,CHEMBL14712
DEC_0071,decoy,O=C1[C@@H](NS(=O)(=O)c2ccc(-c3ccon3)s2)CCN1Cc1cc2[nH]cccc-2n1,CHEMBL8368
DEC_2393,decoy,N#CCCCCCCn1cnc2c1NC=NCC2O,CHEMBL36937
DEC_2539,decoy,O=c1c2c(oc(O)c1C(c1cccc(NS(=O)(=O)c3ccc(F)cc3F)c1)C1CC1)CCCCCC2,CHEMBL417624
DEC_1095,decoy,CC1=C[C@@H]2c3cccc4[nH]cc(c34)C[C@H]2N(C)C1,CHEMBL449081
DEC_3929,decoy,CC1CN(c2cc3c(cc2F)c(=O)c(C(=O)O)cn3C2CC2)CCN1,CHEMBL15353
DEC_1308,decoy,C/C(=N\OCC(=O)O)c1ccc(Sc2cc(F)cc(C3CCOCC3)c2)cc1,CHEMBL285137
DEC_2457,decoy,c1cc(OCc2ccc3ccccc3n2)cc(OCc2ccccc2-c2nn[nH]n2)c1,CHEMBL18413
DEC_2039,decoy,CC(=O)Nc1c([N+](=O)[O-])cc2c(c1N1CCCCC1)C[C@H](O)C(C)(C)O2,CHEMBL14264
DEC_0970,decoy,C=C(Br)COc1noc2c1CNCC2.Cl,CHEMBL6807
DEC_0068,decoy,COc1ccnc(C[S+]([O-])c2nc3cc(OC(F)(F)C(F)F)ccc3[nH]2)c1C,CHEMBL9585
DEC_3126,decoy,CN(C)C(=O)c1cccc(COc2ccc(N3C(N)=NC(N)=NC3(C)C)cc2Cl)c1,CHEMBL6666
DEC_3054,decoy,CSc1cc2n(c1C(=O)c1ccc(C3CC3)cc1)CCC2C(=O)O,CHEMBL19738
DEC_3842,decoy,O=C1CC2(CCCC2)CC(=O)N1OCCN1CCN(c2nsc3ccccc23)CC1,CHEMBL268267
DEC_4037,decoy,CSc1c2c(nc(N)n3nc(-c4ccco4)nc23)nn1C,CHEMBL281129
DEC_1969,decoy,CC1(C)CC1C(=O)N/C(=C\C1CCCCC1)C(=O)O,CHEMBL268273
DEC_0023,decoy,Nc1c(F)c(N2CCNCC2)cc2c1c(=O)c(C(=O)O)cn2C1CC1,CHEMBL16124
DEC_2507,decoy,CN1C2CCC1C(c1ccccc1)=C(c1ccccc1)C2,CHEMBL21362
DEC_3804,decoy,CCN(CC)CCn1nc2c3c(c(NCCN4CCOC4=O)ccc31)Sc1ccc(OC)cc1-2,CHEMBL290673
DEC_4180,decoy,COc1cc(NC(C)CCCN)c2ncccc2c1Oc1cccc(C(F)(F)F)c1,CHEMBL13059
DEC_3387,decoy,CCNCC1(C)CN(c2c(F)cc3c(=O)c(C(=O)O)cn4c3c2OC[C@@H]4C)C1,CHEMBL19412
DEC_2460,decoy,C1=C(/C=C/c2ccccc2)N2CCCN=C2c2ccccc21,CHEMBL276410
DEC_2682,decoy,N#Cc1cccc(Oc2cc(Cn3ccnc3)ccc2C#N)c1,CHEMBL23011
DEC_3533,decoy,CC(C)N1CCN(c2ccccc2)C(C2=NCCN2)C1,CHEMBL40540
DEC_3829,decoy,O=S1O[C@H](c2ccccc2)[C@@](Cn2cncn2)(c2ccc(Cl)cc2Cl)O1,CHEMBL10268
DEC_2934,decoy,O=c1cnn(-c2cc(Cl)c(S(=O)(=O)c3ccc(Cl)cc3)c(Cl)c2)c(=O)[nH]1,CHEMBL27091
DEC_2417,decoy,COc1ccccc1-c1nc(S(=O)(=O)C(F)(F)C(F)F)[nH]c1-c1ccccc1OC,CHEMBL17770
DEC_3207,decoy,O=C(O)c1cc(F)cc2c(=O)cc(-c3cccc(/C=C/c4ccc5ccccc5n4)c3)oc12,CHEMBL284730
DEC_3841,decoy,Cc1cc(-c2c(F)cc3c(=O)c(Cc4c[nH]cn4)cn(C4CC4)c3c2F)cc(C)n1,CHEMBL267251
DEC_3896,decoy,CCCN(CCC)C1Cc2cccc3c2N(CC3)C1,CHEMBL11963
ACT_089,active,CC(C)c1cc(-c2n[nH]c(=O)n2-c2ccc3c(ccn3C)c2)c(O)cc1O,CHEMBL2103879
DEC_0151,decoy,Cl.O=C(C1CCCN1)N1CCCC1P(=O)(OCC(Cl)(Cl)Cl)OCC(Cl)(Cl)Cl,CHEMBL268012
DEC_4160,decoy,N=C(NCC1CC1)c1ccc(-c2ccc(-c3ccc(C(=N)NCC4CC4)cc3)o2)cc1,CHEMBL23320
DEC_3660,decoy,NS(=O)(=O)OCC(Cl)(Cl)Cl,CHEMBL23067
DEC_1187,decoy,C=CCN1C[C@H](C(=O)N(CC)CC)C=C2c3cccc4[nH]cc(c34)C[C@H]21,CHEMBL281787
DEC_1132,decoy,O=C1[C@@H](NS(=O)(=O)c2cc3c(Cl)nccc3s2)CCN1Cc1cc2[nH]cccc-2n1,CHEMBL7947
DEC_1920,decoy,CN([C@@H]1CCN2CCc3ccccc3C2C1)S(C)(=O)=O,CHEMBL34577
DEC_1131,decoy,O=C1[C@@H](NS(=O)(=O)c2cc3ccc(Cl)nc3s2)CCN1Cc1cc2cc[nH]cc-2n1,CHEMBL268655
DEC_0616,decoy,OC[C@@]1(CCc2ccccc2)CC2C3Cc4ccc(O)c5c4C2(CCN3CC2CC2)C(O5)[C@@H]1O,CHEMBL273670
DEC_1910,decoy,[O-][P@+]1(N(CCCl)CCCl)NC[C@H](Cl)CO1,CHEMBL285401
DEC_3184,decoy,O=C(Nc1ccc(-c2nc(-c3ccco3)no2)c(Cl)c1)OCC(Cl)(Cl)Cl,CHEMBL277175
DEC_2623,decoy,O=C1Nc2ccc(F)c(F)c2C(C#Cc2cccs2)(C(F)(F)F)O1,CHEMBL277502
DEC_1516,decoy,CCn1cc(C(=O)O)c(=O)c2c(N3CCCC3)c(F)c(N3CCCC3)c(F)c21,CHEMBL282454
DEC_2052,decoy,CN(C)CCNc1ccc(CO)c2sc3ccc(O)cc3c(=O)c12,CHEMBL21677
DEC_0755,decoy,O=C(NC[C@@H]1Cc2ccccc2CN1/C(S)=N/C[C@H]1CCCN1Cc1cccc(O)c1)Nc1ccccc1,CHEMBL41736
DEC_3532,decoy,Fc1cccc(F)c1N(CC1CC1)C1=NCCN1,CHEMBL278523
DEC_0550,decoy,Nc1ccn(C2CC(O)C(O)C(COP(=O)(O)O)O2)c(=O)n1,CHEMBL9569
DEC_4271,decoy,Clc1nc(-c2ccco2)c2ncn(C3CCOCC3)c2n1,CHEMBL27623
DEC_3229,decoy,O=C(O)C1=Cc2cc(C(C3CCCCC3)n3ccnc3)sc2CC1,CHEMBL22759
DEC_4375,decoy,Clc1ccc(C2=CCc3ccc(Cl)cc3N=C2N2CCNCC2)cc1.O=C(O)/C=C/C(=O)O,CHEMBL16624
DEC_2464,decoy,Cc1ccccc1[C@@H]1CN2CCC[C@@H]2c2ccccc21,CHEMBL431898
DEC_3114,decoy,CC(=N)N1CC[C@H](Oc2ccc(C(Cc3cc4cc(C(=N)N)ccc4o3)C(=O)O)cc2)C1,CHEMBL279077
DEC_3476,decoy,COc1ccc(SC)c2c1CC(N(C)C)CC2,CHEMBL30722
DEC_4472,decoy,O=c1ccn(C2CSC3(COP(=O)(O)OC3)O2)c(=O)[nH]1,CHEMBL31360
DEC_1589,decoy,O=C1[C@@H]2C(c3ccccc3)NC3(C(=O)c4ccccc4C3=O)[C@@H]2C(=O)N1c1ccc(Cl)c(Cl)c1,CHEMBL26132
DEC_1680,decoy,Cc1noc(NS(=O)(=O)c2ccccc2-c2ccc(-c3ncco3)cc2Cc2ncco2)c1C,CHEMBL29598
DEC_2702,decoy,Fc1ccc(C(F)(c2ccc(Cl)cc2)c2cncnc2)cc1,CHEMBL30043
DEC_1601,decoy,O=C(c1ccccc1)c1c2n(c3c(N4CCN(CCc5ccccc5)CC4)ncnc13)CCCC2,CHEMBL282151
DEC_2683,decoy,Fc1ccc(-c2ncn(C3CCNCC3)c2-c2ccncc2)cc1,CHEMBL279416
DEC_2505,decoy,C[C@@]12C=Cc3occc3C1CC[C@]13CC(=O)C(CCC12)C3,CHEMBL32743
DEC_2381,decoy,C=CCC1(C(C)CCC)C(=O)NC(=S)NC1=O,CHEMBL440
DEC_2296,decoy,N#Cc1ccc(S(=O)(=O)Nc2cccc([C@@H](c3c(O)oc4c(c3=O)CCCCCC4)C3CC3)c2)cc1,CHEMBL16431
DEC_1258,decoy,CCCC1N(Cc2ccc(-c3ccccc3-c3nn[nH]n3)cc2)C(=O)c2ccccc2N1CC,CHEMBL417258
DEC_3513,decoy,CC(C)/C=C1\N=C(CC(C)C)C(=O)N(O)C1=O,CHEMBL16320
DEC_0768,decoy,O=C1Nc2ccccc2C(c2ccccc2)=N[C@@H]1NC(=O)[C@@H](c1ccc(F)cc1)[C@H](CCO)c1ccc(F)c(F)c1,CHEMBL308095
DEC_0751,decoy,CC(C)NC(=O)N[C@@H](c1ccsc1)[C@@H](O)C(=O)OC1CC2C(C)(C)C1(C)[C@@]13CC(C)c4ccccc4[C@@]21O3,CHEMBL30994
DEC_3693,decoy,c1cc(OCC2CC2)nc(N2CCNCC2)c1,CHEMBL20164
DEC_3824,decoy,O=C1CN2CCCCC2c2c1c1ccccc1n2CCCN1CC(Br)C1=O,CHEMBL289236
DEC_1981,decoy,CC[C@]1(c2ccccc2F)OC[C@H]([C@@H]2CCCCN2)O1,CHEMBL26714
DEC_3963,decoy,NC1CCN(c2c(F)cc3c(=O)c(C(=O)O)cn(C4CC4)c3c2Cl)C1,CHEMBL278255
ACT_082,active,Cc1ccc(/C=C2/C(=O)c3ccc(C(=O)O)cc3C2=O)o1,CHEMBL1325440
DEC_0342,decoy,CC1(C)OC(S)=Nc2ccc(-c3ccc(C#N)o3)cc21,CHEMBL24245
DEC_2672,decoy,CCCN1C[C@H](CSC)C[C@@H]2c3cccc4[nH]cc(c34)C[C@H]21,CHEMBL531
ACT_029,active,[O-]/[N+](=C\c1ccco1)c1ccc(Cl)cc1,CHEMBL1320096
DEC_0039,decoy,CCn1cc(C(=O)O)c(=O)c2c(F)c(F)c(N3CCN(C)CC3)c(F)c21,CHEMBL25569
DEC_4476,decoy,CCNC1CC(C)S(=O)(=O)c2sc(S(N)(=O)=O)cc21,CHEMBL269001
DEC_1976,decoy,CN(C)C1CCc2[nH]c3c(ccc4ncccc43)c2C1,CHEMBL286789
DEC_2199,decoy,CCCN1N=C2/C(=C/c3ccc(OC)cc3)CS(=O)(=O)CC2C1c1ccc(OC)cc1,CHEMBL37592
DEC_2280,decoy,O[C@H]1c2ccccc2CC[C@H]1CN1CCN(CCOC(c2ccc(F)cc2)c2ccc(F)cc2)CC1,CHEMBL28660
DEC_0649,decoy,CS(=O)(=O)Nc1cccc(C(c2c(O)c3c(oc2=O)CCCCCC3)C2CC2)c1,CHEMBL16324
DEC_0762,decoy,CN1CCN(Cc2cc(Nc3nc(Nc4nc5cc(Cl)c(Cl)cc5[nH]4)nc4c3CCCC4)ccc2O)CC1,CHEMBL24359
DEC_4524,decoy,Clc1ccc2c(N3CCN(CCCN4CCN(c5ccnc6cc(Cl)ccc56)CC4)CC3)ccnc2c1,CHEMBL303933
DEC_2286,decoy,CC1(C)C2CC1[C@]1(C)OB([C@H](CCCN=C(N)N)NC(=O)Cc3ccc(-c4ccccc4)cc3)O[C@@H]1C2,CHEMBL434971
DEC_3329,decoy,Oc1ccc2c(c1)OC[C@@H](N1CCC(O)(Cc3ccccc3)CC1)[C@H]2O,CHEMBL273354
DEC_2525,decoy,Nc1ccc(C[C@H]2NC(=O)N([C@H](CC3CCCCC3)C(=O)N3CCC4(CCc5ccccc54)CC3)C2=O)cc1,CHEMBL68823
DEC_1630,decoy,OC(c1ccc(F)cc1)C(O)(Cn1cncn1)c1ccc(Cl)cc1Cl,CHEMBL10489
DEC_3975,decoy,O=C(O)c1cn(C2CC2)c2c(F)c(N3CC/C(=N\O)C3)c(F)cc2c1=O,CHEMBL28844
DEC_3696,decoy,Cn1cc(-c2noc(CN)n2)c2ccccc21,CHEMBL36315
DEC_2861,decoy,O=C(Cn1c(C2CCNCC2)nc2cc(Cl)c(Cl)cc21)N/N=C/c1ccc[nH]1,CHEMBL19840
DEC_3517,decoy,OC(c1cncnc1)(c1cccs1)C1CC1,CHEMBL28860
DEC_0691,decoy,OC1=C2C(=Nc3c(Br)cnn3C2c2ccc(F)c(Br)c2)CCC1,CHEMBL37959
DEC_3739,decoy,Cc1cc(Nc2cccnc2)c2c(ccc3c[nH]nc32)n1,CHEMBL28842
DEC_3402,decoy,CCN(CC)CCNCCNc1ccc2ncn3c4ccccc4c(=O)c1c23,CHEMBL7813
DEC_0012,decoy,C[C@H]1COc2c(N3CC(N(C)C)C3)c(F)cc3c(=O)c(C(=O)O)cn1c23,CHEMBL282940
DEC_3339,decoy,CC1(CCCCC(=O)O)c2ccccc2-c2nc(O)c3nc(C(=O)O)cn3c21,CHEMBL19194
DEC_4335,decoy,CCCCN1CCN(C2=Nc3ccccc3Cn3c2cc2ccccc23)CC1,CHEMBL13890
DEC_3924,decoy,CN(C)CC[C@H]1CN(C)C(=S)c2cc(Cl)cnc2O1,CHEMBL283760
DEC_0944,decoy,Cc1c(C(=O)N[C@H](C)[C@](O)(Cn2cncn2)c2ccc(F)cc2F)cnc2cc(-c3ccc(Cl)cc3)nn12,CHEMBL55665
DEC_0961,decoy,O=S(=O)(OCCCl)c1c(F)c(F)c(F)c(F)c1F,CHEMBL17537
DEC_3408,decoy,O=C(O)CC/C=C\CC1=CCC[C@@H]1NS(=O)(=O)c1ccccc1[N+](=O)[O-],CHEMBL282225
DEC_4266,decoy,CC(C)(O)CC(=O)c1cc(C(C)(C)C)c2c(c1)C(C)(C)CO2,CHEMBL14164
ACT_055,active,Cc1c(C(=O)Nc2ccc(SC#N)cc2)nnn1-c1ccc(C(C)C)cc1,CHEMBL5201663
DEC_0484,decoy,C=C(c1cc(C)cc(C)c1OCC(O)CNC(C)C)n1ccnc1,CHEMBL15121
DEC_4390,decoy,COc1cccc2c1CC[C@H]1CN(CCn3c(=O)[nH]c4c(sc5ccc(Cl)nc54)c3=O)C[C@@H]21,CHEMBL295741
DEC_2115,decoy,O=C1Nc2ccc(I)cc2C12OCCO2,CHEMBL267833
DEC_3996,decoy,Oc1nc2cc(C#CCN3CCC(=Cc4ccc(F)cc4)CC3)ccc2[nH]1,CHEMBL19590
DEC_0408,decoy,Cc1cc(C(c2ccc(C)c(C)c2)N2CCN(C)CC2)sn1,CHEMBL22942
DEC_0980,decoy,CC(C)CCc1nc2c([nH]1)N1C(=N[C@@H]3CCC[C@@H]31)N(C)C2=O,CHEMBL18744
DEC_1176,decoy,CC(CN1CCCCC1)OC(=O)C1CCCCN1C(=O)C(=O)C(C)(C)C,CHEMBL266301
DEC_3780,decoy,COc1ccc(CCS(=O)(=O)CCCN2CCc3cc(OC)c(OC)cc3CC2=O)cc1OC,CHEMBL415695
DEC_2174,decoy,Cc1nc(-c2c3n(c4c(N5CCN(CCc6ccccc6)CC5)ncnc24)CCCC3)no1,CHEMBL285576
DEC_1870,decoy,O=C1Nc2cccc3c2C1(CCN1CCN(c2ccccc2)CC1)CCC3,CHEMBL268921
DEC_1992,decoy,CC[C@]1(c2ccc(F)cc2)OC[C@H]([C@@H]2CCCCN2)O1,CHEMBL416562
DEC_3451,decoy,O=C(O)[C@@H]1C[C@H](C2CCCCC2)CN1C(=O)CP(=O)(O)CCCCc1ccccc1,CHEMBL280026
DEC_0106,decoy,Nc1cccc(S(=O)(=O)Nc2cccc(C(c3c(O)c4c(oc3=O)CCCCCC4)C3CC3)c2)c1,CHEMBL16387
DEC_3310,decoy,CC1OC(SCCC23C[C@H]4C[C@@H](C2)C[C@@H](C3)C4)C(O)C(O)C1O,CHEMBL274753
DEC_4202,decoy,O=S(=O)(Nc1cccc(OCCNc2ccncc2)c1)c1ccc(Cl)cc1,CHEMBL23252
DEC_3905,decoy,CC(C)Cc1ccc(C(C)C(=O)OCN2CCC2=O)cc1,CHEMBL273937
DEC_0744,decoy,C[C@H]1C[C@@]23O[C@]2(c2ccccc21)C1CC(OC(=O)[C@H](O)[C@@H](NC(=O)NC(C)(C)C)c2ccccc2)C3(C)C1(C)C,CHEMBL31999
DEC_0211,decoy,CC(C)N(C1=NCCN1)c1c(Br)cccc1Br,CHEMBL19915
DEC_3327,decoy,CNC(C)C1CCN(c2cc3c(c(N)c2F)c(=O)c(C(=O)O)cn3C2CC2)C1,CHEMBL15197
DEC_2885,decoy,CC(C)=CC[C@@H](OC(=O)C(Cl)(Cl)Cl)C1=CC(=O)c2c(O)ccc(O)c2C1=O,CHEMBL8794
DEC_3079,decoy,c1ccc(C(c2ccn(-c3ccccc3)c2)n2ccnc2)cc1,CHEMBL20649
DEC_3913,decoy,CC(C)n1cc(C(=O)O)c(=O)c2cc(F)c(N3CCNCC3)cc21,CHEMBL273347
DEC_4320,decoy,COc1ccccc1Oc1ccc2c(c1)[C@@]13CCCC[C@H]1[C@@H](C2)N(C)CC3,CHEMBL20751
DEC_3108,decoy,Brc1ccc(COCCCc2c[nH]cn2)cc1,CHEMBL19172
DEC_0041,decoy,CCn1cc(C(=O)O)c(=O)c2c(O)c(F)c(N3CC(C)NC(C)C3)c(F)c21,CHEMBL15894
DEC_3661,decoy,C/C(=N/OCC(O)CNC(C)(C)C)C1CC1,CHEMBL24045
DEC_3521,decoy,O=C1NC(=O)C2(CCSc3ccccc32)O1,CHEMBL32613
DEC_0684,decoy,NS(=O)(=O)c1ccc(-n2nc(C(F)(F)F)cc2-c2ccc3c(c2)CCCS3)cc1,CHEMBL29469
DEC_3401,decoy,COc1cc(CC(C)NCCCN(C)C)c(OC)cc1I,CHEMBL11105
DEC_2231,decoy,CC(=O)O[C@H]1CC[C@]2(C)[C@H]3CC=C4C5[C@@H](C)[C@H](C)CCC5(C(=O)O)CC[C@@]4(C)[C@]3(C)CC[C@H]2C1(C)C,CHEMBL55086
DEC_0653,decoy,CCC(C)(O)C#Cc1nc(NCc2ccc(Cl)c(Cl)c2)c2ncn(C(C)C)c2n1,CHEMBL25840
DEC_1202,decoy,Clc1ccc2nc(N3CCNCC3)c(Sc3ccccc3)nc2c1,CHEMBL6888
DEC_3371,decoy,COc1cc2cc(-c3ccc(OC(C)C)c(OC)c3)[n+](C)cc2cc1OC.[Cl-],CHEMBL274613
DEC_4117,decoy,C[C@@H](N)Cc1c[nH]cn1.S=C(NC1CCCCC1)N1CCC(c2c[nH]cn2)CC1,CHEMBL12294
DEC_0083,decoy,N#Cc1cccnc1N1CCN(CCCCN2C(=O)CC3(CCCc4ccccc43)C2=O)CC1,CHEMBL285249
DEC_3803,decoy,CN(Cc1ccccc1)CC1CN(c2c(F)cc3c(=O)c(C(=O)O)cn(C4CC4)c3c2F)CCO1,CHEMBL29802
DEC_3047,decoy,CCc1nnc2c(NC3CC4CCC3C4)nc3ccccc3n12,CHEMBL268801
DEC_0046,decoy,C[C@@H]1CC2C3CCC4=CC(=O)C=CC4(C)[C@@]3(F)C(O)CC2(C)C1C(=O)CO,CHEMBL16829
DEC_3463,decoy,CC1CCC(NC(=O)N(CCCl)N=O)CC1,CHEMBL12948
DEC_1038,decoy,COC1(c2cc(F)cc(Sc3ccc4c(c3)OCC/C4=N\OCC#N)c2)CCOCC1,CHEMBL25692
DEC_4089,decoy,CC(=O)N1CCc2ccc(N(C(=O)/C=C/c3ccccc3)C3CCN(CCC4CCCCC4)CC3)cc21,CHEMBL21507
DEC_1962,decoy,O=NN(CCCl)C(=O)NC12CC3CC(CC(C3)C1)C2,CHEMBL12701
DEC_4191,decoy,CCCCCCC(=O)O[C@H](CC=C(C)C)C1=CC(=O)c2c(O)ccc(O)c2C1=O,CHEMBL9164
ACT_017,active,CCCCc1cc(-n2cc(C)c3c2CC(C)(C)CC3=O)cc2c1C(=O)NCC2,CHEMBL3235357
DEC_1402,decoy,CCCC(C)n1c(CC)nc2c(-c3ccc(C(C)O)cc3Cl)ccnc21,CHEMBL279734
DEC_0812,decoy,O=C1CCCC1CN1CCN(CCOC(c2ccccc2)c2ccccc2)CC1,CHEMBL28644
DEC_0964,decoy,Brc1ccccc1N(CC1CC1)C1=NCCN1,CHEMBL19515
DEC_0364,decoy,COc1ccc(C[C@H]2NC(=O)/C=C/C[C@@H](C(=O)C#Cc3ccccc3)OC(=O)[C@H](CC(C)C)OC(=O)[C@H](C)CNC2=O)cc1,CHEMBL274130
DEC_1091,decoy,C(#CCCC1CCCCC1)CCc1c[nH]cn1,CHEMBL15000
DEC_2203,decoy,COc1ccc2c(c1)[nH]c1c(N3CCN(CCc4ccc(F)c(F)c4)CC3)ncnc12,CHEMBL281284
DEC_2574,decoy,O=C1[C@H](Cc2ccccc2)N2C(=O)CCN(C(=O)OCCc3ccc(O)cc3)[C@H]2CN1CCc1ccccc1,CHEMBL32792
DEC_0338,decoy,CC12CCC(=O)C=C1CCC1C2CCC2(C)C(O)CCC12,CHEMBL268313
ACT_003,active,O=C(O)c1cccc(NC(S)=NC(NC(=O)c2cccc([N+](=O)[O-])c2)C(Cl)(Cl)Cl)c1,CHEMBL1567471
DEC_0095,decoy,CCCn1c(=O)c2c(nc(/C=C/c3cc(OC)cc(OC)c3)n2C)n(CCC)c1=O,CHEMBL27215
DEC_3797,decoy,CCCCn1c(=O)c2c(nc3n(Cc4ccc(F)cc4)c(O)c(CCC)c(=O)n23)n(CCCC)c1=O,CHEMBL275721
DEC_1537,decoy,C=CCN(CCC)C1CCc2cccc(OS(=O)(=O)C(F)(F)F)c2C1,CHEMBL25857
DEC_1865,decoy,NCC1CCCN(c2c(F)cc3c(=O)c(C(=O)O)cn(C4CC4)c3c2Cl)C1,CHEMBL15347
DEC_1480,decoy,CC(C)(C)C1CS(=O)(=O)C(c2cc(O)ccc2[N+](=O)[O-])S(=O)(=O)C1,CHEMBL32045
DEC_0712,decoy,CN1C(=O)C=C[C@]2(C)C3CC[C@@]4(C)C(CC[C@@]4(O)C#CCCCBr)C3CCC12,CHEMBL275764
DEC_2416,decoy,CCOC(=O)C(CCCCn1cnc2c1NC=NCC2O)c1cccc(Br)c1,CHEMBL34848
DEC_2477,decoy,Cc1c(C)c2c(c(C)c1O)SC(c1ccccc1)O2,CHEMBL290417
DEC_0662,decoy,O=C1[C@@H](NS(=O)(=O)c2cc3ccc(Cl)cc3s2)CCN1Cc1cc2cc[nH]cc-2n1,CHEMBL8382
DEC_3692,decoy,COc1c(C)c(OC)c(CN)c(O)c1Cl,CHEMBL30748
DEC_2329,decoy,Clc1ccc(C2(Cn3ccnc3)OCC(c3ccccc3)O2)c(Cl)c1,CHEMBL29196
DEC_2215,decoy,CC1(C)CC[C@]2(C(=O)O)CC[C@]3(C)C(=CC[C@@H]4[C@@]5(C)C=C(C(=O)O)C(=O)C(C)(C)[C@@H]5CC[C@]43C)C2C1,CHEMBL55760
DEC_1586,decoy,CO[C@@H]1[C@H](N(C)C)CC2O[C@]1(C)n1c3ccccc3c3c4c(c5c6ccccc6n2c5c31)C(=O)OC4,CHEMBL293750
DEC_2229,decoy,N#CN/C(=N\C(Cn1ccnc1)c1cc(C(F)(F)F)ccc1C(F)(F)F)Nc1ccc(Cl)cc1Cl,CHEMBL8025
DEC_4290,decoy,CCC1C(=O)N(CC(C)C)C2Sc3ccccc3N2C1=O,CHEMBL282776
DEC_1852,decoy,C[C@@]12C=Cc3occc3C1CC[C@]13CC(O)C(CCC12)C3,CHEMBL31200
DEC_0171,decoy,C[C@@H]1CCC2[C@@H](C)[C@H](OC(CCC(=O)O)c3ccc(Br)cc3)O[C@@H]3OC4(C)CC[C@@H]1C23OO4,CHEMBL283458
DEC_2908,decoy,C/N=C(/S)[C@@]1(c2cccnc2)CCCC[C@@H]1CCNS(=O)(=O)c1ccc(F)cc1,CHEMBL40572
DEC_1115,decoy,CCCOP(=O)(OCC1C=CC(n2cc(C)c(=O)[nH]c2=O)O1)OCC(Cl)(Cl)Cl,CHEMBL19243
ACT_002,active,C#CCCCn1c(Cc2cc(OC)c(OC)c(OC)c2Cl)nc2c(N)nc(F)nc21,CHEMBL112953
DEC_0835,decoy,COc1cc2nc(N3CCN(C(=O)c4ccc(N=C=S)c(I)c4)CC3)nc(N)c2cc1OC,CHEMBL447227
DEC_1133,decoy,O=C1[C@@H](NS(=O)(=O)c2cc3ccnc(Cl)c3s2)CCN1Cc1cc2[nH]cccc-2n1,CHEMBL262447
DEC_3264,decoy,CCCC12NC(Cc3ccccc31)c1ccccc12,CHEMBL11068
DEC_2019,decoy,CCC(C)(C)/N=c1\c(O)c(O)\c1=N/Cc1c(C)cc(C#N)cc1Cl,CHEMBL278369
DEC_1709,decoy,CC(C)(C)C(=O)Oc1ccc(C(=O)c2ccc(OC(=O)C(C)(C)C)cc2OC(=O)C(C)(C)C)cc1,CHEMBL9984
DEC_0842,decoy,C=C1/C=C(\C)[C@H](CC)OC(=O)[C@H](C)C(=O)[C@@](O)(CO)C/C(SC)=C/[C@@H](C)C1,CHEMBL32849
DEC_4263,decoy,CC12CCC3C4CCC(=O)C=C4CCC3C1CC[C@@]21CCS(=O)O1,CHEMBL16415
DEC_2362,decoy,O=P1(N(CCCl)CCCl)NCCCO1,CHEMBL88
DEC_4484,decoy,CNC1=NC(=O)[C@H]([C@H](C[N+](=O)[O-])c2c[nH]c3ccccc23)O1,CHEMBL285382
DEC_3813,decoy,CN1CCN(CCCN2N=C3/C(=C/c4ccccc4)CSCC3C2c2ccccc2)CC1,CHEMBL416416
DEC_2101,decoy,CCN(CC)CCOc1cccc(/C=C(\C#N)c2noc3ccc(OC)cc23)c1,CHEMBL277398
DEC_3751,decoy,CN(O)C(=O)/C=C/c1ccc2c(c1)Nc1ccccc1O2,CHEMBL12361
DEC_3566,decoy,O=C1[C@@H](NS(=O)(=O)c2nc3cc(Cl)ccc3[nH]2)CCN1Cc1cc2c[nH]ccc-2n1,CHEMBL8216
DEC_2849,decoy,O=C(O)COc1ccc2c(-c3ccccc3F)nsc2c1Cl,CHEMBL430138
DEC_4374,decoy,CN[C@@H]1CC2O[C@@](C)([C@@H]1OC)n1c3ccc(O)cc3c3c4c(c5c6cc(O)ccc6n2c5c31)C(=O)OC4,CHEMBL55382
DEC_0562,decoy,CNC(=O)[C@@]12C[C@@H]1[C@@H](n1cnc3c(NC)nc(Cl)nc31)[C@H](O)[C@@H]2O,CHEMBL283057
DEC_2214,decoy,O=c1c2c(oc(O)c1C(c1cccc(NS(=O)(=O)c3cccc4ccccc34)c1)C1CC1)CCCCCC2,CHEMBL417993
DEC_3624,decoy,O=C(c1ccc(Cl)cc1)c1ccc2n1CCCC2C(=O)O,CHEMBL9404
DEC_1756,decoy,CC(C)c1cccc(C(C)C)c1OS(=O)(=O)NC(=O)Oc1cccnc1,CHEMBL22218
DEC_1590,decoy,O=C1[C@H]2C(c3ccccc3)NC3(C(=O)c4ccccc4C3=O)[C@H]2C(=O)N1c1ccc(Cl)c(Cl)c1,CHEMBL281933
DEC_3093,decoy,CN[C@H]1CC[C@@H](c2ccc(F)cc2)c2ccccc21,CHEMBL291055
DEC_0715,decoy,Nc1nc(/C(=N/O)C(=O)N[C@@H]2C(=O)N3C(C(=O)O)=C(/C=C4\CCN(CC(=O)O)C4=O)CS[C@H]23)cs1,CHEMBL416841
DEC_3395,decoy,CC(C)(C)C(=O)C(=O)N1CCC[C@H]1C(=O)OCCS(=O)(=O)c1ccccc1,CHEMBL266941
DEC_1426,decoy,Nc1nc2c(cnn2CCCc2ccc3c(c2)OC(C(=O)O)(C(=O)O)O3)c2nc(-c3ccco3)nn12,CHEMBL278996
DEC_0634,decoy,CNc1nccc2c1c1ncnc(N3CCN(CCc4ccc(F)c(F)c4)CC3)c1n2C,CHEMBL25731
DEC_4443,decoy,Cc1ccc(C(O)C(O)(Cn2cncn2)c2ccc(C)cc2)cc1,CHEMBL273720
DEC_3936,decoy,Cc1c(F)c(N2CCNCC2)cc2c1c(=O)c(C(=O)O)cn2C1CC1,CHEMBL16052
ACT_006,active,O[C@H]1[C@@H]2CCO[C@@H]3OC[C@@](O)([C@@H]32)[C@@H]1O,CHEMBL2332356
DEC_3974,decoy,CCc1c(F)c(N2CCNC(C)C2)cc2c1c(=O)c(C(=O)O)cn2C1CC1,CHEMBL277308
DEC_1965,decoy,Nc1nc2c(N)c3c(cc2[nH]1)C1(CC3)SCCS1,CHEMBL31575
DEC_4085,decoy,CC1(CCCCN2CCSCC2)COC(c2nc(-c3ccccc3)c(-c3ccccc3)[nH]2)OC1,CHEMBL286611
DEC_3759,decoy,C#CCCCC(=O)c1cc(C(C)(C)C)c(O)c(C(C)(C)C)c1,CHEMBL13878
DEC_4510,decoy,C[C@H]1CC2C3CCC4=CC(=O)C=CC4(C)[C@@]3(F)[C@@H](O)CC2(C)[C@@]1(OC(=O)CCC(=O)OC(C)(C)C)C(=O)CCl,CHEMBL83845
DEC_0956,decoy,Cc1cc(C)c(NC(=O)c2sccc2S(=O)(=O)Nc2onc(C)c2Cl)c(S(=O)(=O)C(C)C)c1,CHEMBL291592
DEC_4107,decoy,O=C(c1ccccc1)c1ccc(C(Cc2cc[n+]([O-])cc2)c2ccc(OC(F)F)c(OC(F)F)c2)cn1,CHEMBL57095
DEC_1451,decoy,COc1nc(N[C@@H](Cc2ccc(NC(=O)c3c(Cl)cncc3Cl)cc2)C(=O)O)nc(N(C)C)n1,CHEMBL288021
DEC_3344,decoy,CCN(CC)CCNc1ccc(CO)c2oc3ccc(O)cc3c(=O)c12,CHEMBL22897
DEC_0826,decoy,CO[C@H]1[C@@H]2OC[C@H]1O[C@@H]1[C@H]2n2c3ccc([N+](=O)[O-])cc3c3c4c(c5c6cc([N+](=O)[O-])ccc6n1c5c32)C(=O)NC4=O,CHEMBL285340
DEC_1499,decoy,CC1CN(c2nc3c(cc2F)c(=O)c(C(=O)O)cn3C(C)(C)C)CCN1,CHEMBL25807
DEC_3134,decoy,CC1(C)C=C(n2ccccc2=O)c2cc(S(=O)(=O)NC(=O)Nc3ccccc3)ccc2O1,CHEMBL12139
DEC_2975,decoy,Brc1cccc(C2NCCS2)c1,CHEMBL25304
DEC_2584,decoy,CCC(=O)OCC(=O)[C@@]1(OC(=O)c2ccco2)[C@H](C)CC2C3CCC4=CC(=O)C=CC4(C)C3C(O)CC21C,CHEMBL41957
DEC_3682,decoy,NCCCCN1CCN(c2ccccc2)CC1,CHEMBL26718
DEC_3291,decoy,CCOC1(C(F)(F)F)OC(=O)Nc2ccc(Cl)cc21,CHEMBL17406
DEC_1374,decoy,CC12CCC3C(C(CCc4ccc(N)cc4)=CC4=CC(=O)CCC43C)C1CCC2=O,CHEMBL266297
DEC_2184,decoy,O=C1C2C3C=CC(C4CC34)C2C(=O)N1CCCCC1CCN(c2cncc(Cl)n2)CC1,CHEMBL281538
DEC_0560,decoy,Nc1nc(=O)n(C2OC(CO)C(I)C2O)cc1F,CHEMBL417794
DEC_2754,decoy,CSc1sc(C(=N)N)cc1-c1nc(-c2ccccc2C)cs1,CHEMBL28949
DEC_0412,decoy,Cc1cc(C(c2ccc(OC(C)C)cc2)N2CCN(C)CC2)sn1,CHEMBL279048
DEC_2644,decoy,CN1C[C@@H](NC(=O)C(C)(C)C)CC2c3cccc4[nH]c(Cl)c(c34)C[C@H]21,CHEMBL25074
DEC_0160,decoy,C=C(Cl)CN1C[C@H](OCC23C[C@@H]4[C@H](C)CC[C@H]4C4(C=O)CC2C=C(C(C)C)[C@@]34C(=O)O)O[C@@H]2CCC[C@H]21,CHEMBL287194
DEC_0468,decoy,CCN1CCCC1c1ccc(-c2cc(S(=O)(=O)CC)ccc2OC)[nH]1,CHEMBL277631
DEC_3319,decoy,CCCn1c(=O)c2nc(-c3ccc(N)cc3N)[nH]c2n(CCC)c1=O,CHEMBL415971
DEC_1631,decoy,CO[C@]1(c2cnc(Sc3ccc(/C(C)=N/O)cc3)s2)CCO[C@@H](C)C1,CHEMBL25348
DEC_2649,decoy,CN1CCC(O)(c2cc(-c3ccncc3)c(-c3ccc(F)cc3)[nH]2)CC1,CHEMBL284015
DEC_4421,decoy,CCN1CCN(c2cc3c(cc2F)c(=O)c(C(=O)O)cn3CC)CC1,CHEMBL15467
DEC_2050,decoy,c1cc(NC2=NCCN2)ccc1Cc1ccc(OC2CCCCC2)cc1,CHEMBL429188
DEC_2001,decoy,C1=C(C2(C3=NCCN3)COc3ccccc3O2)CCCC1,CHEMBL429954
DEC_4156,decoy,CC1CCC(/C=N/c2ccc(Br)cc2)=C2NC=C(C(=O)O)C(=O)N21,CHEMBL280707
DEC_4125,decoy,CC(C)NCC1CCN(c2cc3c(cc2F)c(=O)c(C(=O)O)cn3C2CC2)C1,CHEMBL277730
DEC_4229,decoy,C[C@]12CC[C@H](O)CC1=CCC1C2CC[C@@]2(C)C1CC[C@@H]2OC1CC1,CHEMBL6253
DEC_0563,decoy,N#Cc1c(Br)n(C2OC(CO)C(O)C2O)c2ncnc(N)c12,CHEMBL16482
DEC_3198,decoy,COc1cc([C@@H]2c3[nH]c4c(ccc5ccccc54)c3C[C@H]3COC(=O)N32)cc(OC)c1O,CHEMBL275992
DEC_3618,decoy,C#C[C@]1(O)CCC2C3CCC4=CC(=O)CCC4C3CC[C@@]21C,CHEMBL266115
DEC_2035,decoy,CSc1cc(N)ccc1/N=N/c1ccc(S(N)(=O)=O)cc1,CHEMBL17161
DEC_0991,decoy,CN1CCN(C2=Nc3ccccc3CC=C2c2cccnc2)CC1,CHEMBL16772
DEC_1116,decoy,O=C(O)CCCC(=O)N1CCC2(CCC(C(=O)N3CCC(C4CCNCC4)CC3)CC2)CC1,CHEMBL26294
DEC_2627,decoy,CC(C)(C)[C@]1(O)CCN2C[C@H]3c4ccccc4CCc4cccc(c43)[C@@H]2C1,CHEMBL8514
DEC_0022,decoy,CN(C)c1cccc2c(S(=O)(=O)Nc3ccc(C#N)nn3)cccc12,CHEMBL6668
DEC_3214,decoy,CC(C)CN(C=O)[C@H]1CCC2C3CC[C@H]4N(C)C(=O)CC[C@]4(C)C3CC[C@@]21C,CHEMBL16690
DEC_1355,decoy,Cc1cnc2cccc([N+](=O)[O-])c2c1NCCCN(C)C,CHEMBL28246
DEC_1353,decoy,CN(C)c1ncnc2c1ncn2Cc1cccc(N)c1,CHEMBL7344
DEC_0240,decoy,CC1c2cccc3c2N(CC3)c2ccccc2N1C(=O)CN(C)C,CHEMBL29119
DEC_2108,decoy,O=C(O)Cc1cc([N+](=O)[O-])c([N+](=O)[O-])cc1Oc1ccc(Cl)cc1Cl,CHEMBL29872
DEC_2044,decoy,O=C(O)c1cc(O)c2c(I)cc(Cl)cc2n1,CHEMBL22895
DEC_1105,decoy,c1ccc2c(c1)CCC1N=C3SCCN3C21,CHEMBL286288
DEC_2740,decoy,Cc1cnsc1C(c1ccc(C(C)C)cc1)N1CCN(CCCO)CC1,CHEMBL416742
DEC_1853,decoy,CCN1CC=C2C(=C(c3ccccc3)c3ccccc32)C1,CHEMBL22432
DEC_1753,decoy,OCCN1CCC(c2cn(-c3ccc(F)cc3)c3ccc(Cl)cc23)CC1,CHEMBL430151
DEC_0800,decoy,Br.CCN(CC)CCCOc1c2occc2cc2ccc(=O)oc12,CHEMBL6774
DEC_1882,decoy,O=C1NCN(c2ccccc2)C12CCN([C@H]1CCCc3ccccc31)CC2,CHEMBL26638
DEC_3468,decoy,CC1(C)C(=O)Nc2cc3[nH]c(-c4cccnc4)nc3cc21,CHEMBL417288
DEC_4201,decoy,O=C(N[C@@H](Cc1c[nH]c2ccccc12)C(=O)OCc1ccccc1Cl)c1ccccc1,CHEMBL23927
DEC_1788,decoy,CCCC(N)C(=O)O[C@H]1CC2[C@](C)(CC[C@@H]3OC4(CCCCC4)OC[C@@]23C)C2[C@@H](O)c3c(cc(-c4cccnc4)oc3=O)O[C@@]21C,CHEMBL328676
DEC_2882,decoy,CCCCC(O)(c1ccc(F)cc1)C(O)(Cn1cncn1)c1ccccc1Cl,CHEMBL416701
DEC_2124,decoy,C[C@@H]1CC[C@H]2[C@@H](C)C(=O)O[C@@H]3O[C@@]4(C)CC[C@@H]1[C@]32OO4,CHEMBL269671
DEC_1913,decoy,Nc1ccc(C23CC(C2)C(=O)N(CC2CCCCC2)C3=O)cc1,CHEMBL27546
DEC_2977,decoy,CC(C)CN1C2=NC(C)CN2C(=O)c2[nH]cnc21,CHEMBL18724
DEC_0771,decoy,O=C(Cn1c(C2CCNCC2)nc2cc(Cl)c(Cl)cc21)NNC(=O)Nc1ccccc1-c1ccccc1,CHEMBL20277
DEC_3771,decoy,COC(=O)C[C@](O)(CCC(C)C)C(=O)O[C@@H]1C(OC)=C[C@]23CCCN2CCc2cc4c(cc2[C@H]13)OCO4,CHEMBL297877
DEC_2917,decoy,CO[C@]12C=CC3(CC14CCC[C@H]4O)C1Cc4ccc(O)c5c4C3(CCN1CC1CC1)[C@@H]2O5,CHEMBL281986
DEC_2901,decoy,Fc1ccc(CCN2CCN(c3[nH]cnc4c5c(Cl)cccc5nc3-4)CC2)cc1F,CHEMBL28584
DEC_2857,decoy,CC(=O)Nc1ccc(S(=O)(=O)Nc2onc(C)c2C)c2ccccc12,CHEMBL26527
DEC_1871,decoy,CCc1cc2c(s1)Nc1ccc(F)cc1N=C2N1CC(C)N(C)C(C)C1,CHEMBL274043
DEC_0652,decoy,c1ccc(OCc2nn[nH]n2)c(COc2ccc(OCc3ccc4ccccc4n3)cc2)c1,CHEMBL18699
DEC_1555,decoy,CC(C)CN1CCN(c2cc3c(cc2F)c(=O)c(C(=O)O)cn3C2CC2)CC1,CHEMBL276516
DEC_3835,decoy,O=C1C2C3CCCC(CC3)C2C(=O)N1CCCCN1CCN(c2cncc(Cl)n2)CC1,CHEMBL28026
DEC_1213,decoy,Cc1ccc(Oc2nccc(-c3c(-c4ccc(F)cc4)ncn3C3CCNCC3)n2)c(C)c1,CHEMBL13850
DEC_3304,decoy,Cc1ccc(C2C[C@H]3CCC(C2CCCO)N3C)cc1,CHEMBL19715
DEC_2695,decoy,c1ccc(C2(c3ccccc3)OCC(C3CCCCN3)O2)cc1,CHEMBL26479
DEC_1194,decoy,CN(C=O)[C@H]1CCC2C3CC[C@H]4N(C)C(=O)C=C[C@]4(C)C3CC[C@@]21C,CHEMBL17025
DEC_2792,decoy,O=c1c(-c2ccccc2)c(O)c2sccc2n1Cc1ccc(-c2ccccc2-c2nn[nH]n2)cc1,CHEMBL26875
DEC_2750,decoy,COc1ccc([C@]2(C#N)C[C@H]3C[C@H](C(=O)O)C[C@H]3C2)cc1OC1CCCC1,CHEMBL27222
DEC_1569,decoy,N#Cc1c2n(c3c(N4CCN(CCc5ccc(F)c(F)c5)CC4)nc(-c4ccncc4)nc13)CCCC2,CHEMBL26635
DEC_0837,decoy,CN1CCN(c2nc3ccc(NS(=O)(=O)c4cccc(C(F)(F)F)c4)cc3nc2N2CCN(C)CC2)CC1,CHEMBL303371
DEC_1679,decoy,O=C(O)CCc1ccc(Oc2nccc(-c3c(-c4ccc(F)cc4)ncn3C3CCNCC3)n2)cc1,CHEMBL14026
DEC_1179,decoy,CC(=O)[C@H]1CC[C@H]2[C@@H]3CCC4=CC(=O)CC[C@]4(C)[C@H]3C(=O)C[C@]12C,CHEMBL284253
DEC_1814,decoy,C[C@@]12CCCCN1C[C@@H](c1ccccc1)c1ccccc12,CHEMBL284513
DEC_0361,decoy,CC[C@H]1C[C@@H](C)C(=O)/C=C/C(C)=C/[C@H](CO)[C@@H](CC)OC(=O)C[C@@H](O)[C@H](C)[C@H]1O[C@@H]1O[C@H](C)[C@@H](O)[C@H](N(C)C)[C@H]1O,CHEMBL42391
DEC_1654,decoy,O=C1Nc2ccc(Cl)cc2C(OCc2ccccc2)(C(F)(F)F)O1,CHEMBL277578
DEC_2532,decoy,O=S1(=O)CC2(CCN(C[C@@H]3CN(S(=O)(=O)c4ccccc4)C[C@@H]3c3ccccc3)CC2)c2ccccc21,CHEMBL33335
DEC_3976,decoy,CCOc1cccc(/N=C/C2=C3NC=C(C(=O)O)C(=O)N3C(C)CC2)c1,CHEMBL25703
DEC_0352,decoy,CC(C)[C@@H]1NC(=O)C2CSC(=N2)[C@H](Cc2ccccc2)NC(=O)C2CSC(=N2)[C@@H](C)NC(=O)[C@H]2N=C1O[C@@H]2C,CHEMBL29677
ACT_064,active,CCCCOCc1ncnc2sc3c(c12)CN(C(=O)c1cc(C(C)C)c(O)cc1O)CC3,CHEMBL5273021
DEC_2918,decoy,CCn1cc(C(=O)O)c(=O)c2c(N)c(F)c(N3CC(C)NC(C)C3)c(Cl)c21,CHEMBL15806
DEC_4057,decoy,CC(=O)NC[C@@H]1OC(=O)N2c3ccc(S(C)(=O)=O)cc3C[C@@H]12,CHEMBL20455
DEC_1425,decoy,C=CCN(Cc1ccc2nc(C)nc(O)c2c1)c1ccc(C(=O)N[C@H](CCC(=O)O)C(=O)O)s1,CHEMBL40877
DEC_1671,decoy,COc1cc2c(Nc3c(F)cc(Br)cc3F)ncnc2cc1OCC1CCNCC1,CHEMBL279459
DEC_2618,decoy,O=C1Nc2ccc(F)c(F)c2C(C#Cc2ccoc2)(C(F)(F)F)O1,CHEMBL17608
DEC_4192,decoy,CCCCCCCC(=O)O[C@H](CC=C(C)C)C1=CC(=O)c2c(O)ccc(O)c2C1=O,CHEMBL9469
DEC_0908,decoy,Oc1ccc(Cl)cc1-n1nc(-c2ccc(C(F)(F)F)cc2C(F)(F)F)nc1O,CHEMBL13855
DEC_1356,decoy,CCN(CC)CCS/C(=N\O)c1nc(C)no1,CHEMBL19557
DEC_1998,decoy,Nc1ccc([C@@H]2CN3CCC[C@H]3c3ccccc32)cc1,CHEMBL35395
DEC_3676,decoy,CCCNC1Cc2cccc3nc(O)n(c23)C1,CHEMBL11866
DEC_1051,decoy,Cn1cncc1C(OCc1cc(C#N)ncc1-c1cccc(Cl)c1)c1ccc(C#N)cc1,CHEMBL288838
DEC_3604,decoy,CC(=O)OCC(=O)[C@@]12ON(C)C[C@@H]1CC1C3CCC4=CC(=O)C=CC4(C)[C@H]3C(O)CC12C,CHEMBL416965
DEC_0300,decoy,CN1CCC23c4c5ccc(O)c4OC2[C@H]2OC[C@@]2(CCc2ccccc2)CC3C1C5,CHEMBL9190
DEC_2797,decoy,C=CC(=O)Nc1ccc2ncnc(Nc3ccc(OCCN(C)C)c(Br)c3)c2c1,CHEMBL31369
DEC_2166,decoy,CN(C)c1nccc2c1c1ncnc(N3CCN(CCc4ccc(F)c(F)c4)CC3)c1n2C,CHEMBL26150
DEC_2363,decoy,Cc1c(C)c2c(c(C)c1O)SC(CCCO)O2,CHEMBL38172
DEC_1734,decoy,O=S(=O)(c1nc(-c2ccc(F)cc2)c(-c2ccc(F)cc2)[nH]1)C(F)(F)C(F)F,CHEMBL18647
DEC_1521,decoy,CN(C)c1cccc2c(S(=O)(=O)Nc3ccc(Br)nn3)cccc12,CHEMBL6297
DEC_2707,decoy,CCCN(CCc1ccsc1)C1CCc2c(O)cccc2C1,CHEMBL7806
DEC_3163,decoy,CCc1cc2c3c(cc[n+]2nc1CC)[nH]c1ccccc13.Cc1cc(C)c(S(=O)(=O)[O-])c(C)c1,CHEMBL32587
DEC_1550,decoy,O=C1NC(=O)C(CC#Cc2ccc(Cl)cc2)(S(=O)(=O)c2ccccc2)S1,CHEMBL275470
DEC_3626,decoy,OC1C2CCC1C(N1CCC(c3ccccc3)CC1)C2,CHEMBL21227
DEC_0188,decoy,CC(C)C1=CC2CC3(C=O)[C@@H]4CC[C@@H](C)[C@H]4CC2(CO[C@H]2C[C@H]4[C@H](OC[C@H]4C(C)C)[C@@H](C)O2)C13C(=O)O,CHEMBL297584
DEC_0492,decoy,Cc1cc2c(s1)CCC(CN[C@H]1CC[C@@H](Oc3ccccc3)[C@H]1O)C2=O,CHEMBL15201
DEC_1336,decoy,CC(=O)OC1O[C@@H]2O[C@@H](OC(C)=O)[C@@H]3CC[C@@H]([C@H]23)[C@H]1C,CHEMBL268482
DEC_0242,decoy,CN1CCN(c2cc3c(cc2F)c(=O)c(C(=O)O)c2n3CCS2)CC1,CHEMBL28682
DEC_3725,decoy,CC[S+]([O-])c1nc(-c2ccccc2)c(-c2ccccc2)[nH]1,CHEMBL18349
DEC_3889,decoy,C=C(c1cc(Cl)ccc1OCCC(C)C)n1cncn1,CHEMBL26249
DEC_3305,decoy,CCCN1CC=C(c2c[nH]c3ccc(C#N)cc23)CC1,CHEMBL281716
DEC_2847,decoy,CC1(C)N=C(N)N=C(N)N1c1cccc(CSc2ccccc2)c1,CHEMBL21031
DEC_1497,decoy,CC(=O)Oc1cccc2c1Cc1sc(N)nc1-2.I,CHEMBL39388
DEC_2248,decoy,COc1ccccc1N1CCN(C(=O)CCc2c(-c3ccc(C(C)(C)C)cc3)[nH]c3ccc(C)cc23)CC1,CHEMBL279523
DEC_0686,decoy,CC1CC[C@@]2(OC1)OC1CC3C4CC=C5C[C@@H](O)CC[C@]5(C)C4CC[C@]3(C)[C@@]1(O)[C@@H]2C,CHEMBL13119
DEC_3397,decoy,O=C1C(N2CC2)=C(N2CC2)C(=O)c2c(OS(=O)(=O)CCCCl)cccc21,CHEMBL36304
DEC_1961,decoy,C/N=C(/S)C1(c2cccnc2)CCCC/C1=C\CO,CHEMBL44511
DEC_4225,decoy,CC(C)(C)c1cc(C(=O)CCCC2CC2)cc2c1OCCC2,CHEMBL15077
DEC_3770,decoy,COC(=O)C[C@@H](c1ccc(OC)nc1)N(C)C(=O)CCCCc1nc2c(cc1[N+](=O)[O-])CCCN2,CHEMBL9370
DEC_2764,decoy,O=c1c2c(oc(O)c1C(c1cccc(NS(=O)(=O)c3ccccc3)c1)C1CC1)CCCCCC2,CHEMBL16400
DEC_2892,decoy,CCNCC1CCN(c2c(F)cc3c(=O)c(C(=O)O)cn(-c4ccc(F)cc4)c3c2F)C1,CHEMBL268887
DEC_0190,decoy,CN(C)Cc1n[nH]nc1CN1CCOC2(CCC(c3ccccc3OC(F)(F)F)CO2)C1c1ccc(F)cc1,CHEMBL85626
DEC_3586,decoy,O=S(=O)(NS(=O)(=O)N1CCc2cc(Cl)ccc2C1)N1CCc2cc(Cl)ccc2C1,CHEMBL21433
DEC_3629,decoy,CC(/N=c1\c(O)c(O)\c1=N/c1cccnc1)C(C)(C)C,CHEMBL19555
DEC_0140,decoy,CC(C)(N)C(=O)N[C@H](Cc1c[nH]c2ccccc12)C(=O)N1CCCC2(CCc3ccccc3O2)C1,CHEMBL274340
DEC_4038,decoy,O=c1nc(/N=C/N2CCOCC2)ccn1C1CSC(CO)O1,CHEMBL18075
DEC_0389,decoy,CC[C@H]1OC(=O)/C(C)=C/[C@H](C)[C@@H](O[C@@H]2O[C@H](C)C[C@H](N(C)C)[C@H]2O)[C@@](C)(OC)C[C@@H](C)[C@@H]2NN3C(=O)O[C@@]1(C)[C@H]3[C@H]2C,CHEMBL295144
DEC_0142,decoy,CC(NC(=O)CCC(NC(=O)c1cc(Cl)cc(Cl)c1)C(=O)N1CCC2(CCCC2)CC1)C(=O)O,CHEMBL30764
DEC_3467,decoy,Oc1nc2cc3[nH]c(-c4ccncc4)nc3cc2s1,CHEMBL37759
DEC_3206,decoy,COc1ccc(NC(=O)N2CCC(c3c[nH]c4cc(F)ccc34)CC2)cc1N1CCN(C)CC1,CHEMBL278917
DEC_1442,decoy,Nc1nc(O)c2nn(-c3cccc(C(=O)NCc4ccccc4Sc4ccccc4CO)c3)nc2n1,CHEMBL297273
DEC_3831,decoy,O=C(N[C@@H](Cc1ccccc1)CN1CCN(c2nsnc2Cl)CC1)c1ccccn1,CHEMBL10664
DEC_1159,decoy,O=C1[C@@H](NS(=O)(=O)c2cc3ccnc(Cl)c3s2)CCN1Cc1cc2c[nH]ccc-2n1,CHEMBL8242
DEC_0510,decoy,Cc1c(C)c2c(c(C)c1O)SC(CCC(N)=O)O2,CHEMBL36936
DEC_2370,decoy,CC(C)(C)C/C=C(\NC(=O)C1CC1(C)C)C(=O)O,CHEMBL267101
DEC_1165,decoy,Brc1ccc(N(CC2CC2)C2=NCCN2)cc1Br,CHEMBL20092
DEC_4522,decoy,COC(=O)CCC(O[C@H]1O[C@@H]2OC3(C)CC[C@H]4[C@H](C)CCC([C@H]1C)C24OO3)c1ccc(Br)cc1,CHEMBL31799
DEC_2831,decoy,COc1ccc(Sc2ccc(NC3=NC(C)(C)CN3)cc2)cc1,CHEMBL9648
DEC_3358,decoy,NC(Cc1cccc(-c2ccccc2)c1CCP(=O)(O)O)C(=O)O,CHEMBL279028
DEC_2802,decoy,COC(=O)CN(C)Cc1c[nH]c2cc3ncnc(Nc4cccc(Br)c4)c3cc12,CHEMBL39715
DEC_1547,decoy,Brc1cccc(Br)c1N(Cc1ccco1)C1=NCCN1,CHEMBL20547
DEC_0704,decoy,CC(C)(C)NC(=O)NC[C@@H]1Cc2ccccc2CN1/C(S)=N/C[C@H]1CCCN1C(C)(C)C,CHEMBL287981
DEC_4062,decoy,[O-][n+]1ccc(CC(c2ccc(C(O)c3ccccc3)nc2)c2ccc(OC(F)F)c(OC(F)F)c2)cc1,CHEMBL56330
DEC_4064,decoy,CCCN(CC#CCCCC1(C2(O)c3ccccc3Oc3ccccc32)SCCCS1)CCC,CHEMBL290294
DEC_1450,decoy,COC(=O)[C@@H](CCCCN)NC(=O)[C@@H]1Cc2c([nH]c3ccccc23)[C@@H](c2cc(OC)c(O)c(OC)c2)N1,CHEMBL432655
DEC_3698,decoy,CCCN1c2ccccc2CC1C1=NCCN1,CHEMBL38788
DEC_1209,decoy,CN1Cc2sc([N+](=O)[O-])cc2C(c2ccc(Br)cc2)C1,CHEMBL15538
DEC_0981,decoy,CC1(C)C(=O)Nc2cc3[nH]c(-c4cc[n+]([O-])cc4)nc3cc21,CHEMBL24308
DEC_0903,decoy,O=C(Nc1nccs1)c1c(C(F)(F)F)nc2c(Cl)ccc(C(F)(F)F)c2c1O,CHEMBL287263
DEC_0438,decoy,CCC[C@H]1OC(=O)O[C@]1(Cn1cncn1)c1ccc(Cl)cc1,CHEMBL10259
DEC_1372,decoy,C=C1CC[C@@H](O)C(O)/C1=C/C=C1\CCCC2(C)C1CCC2[C@H](C)CCCC(C)(C)O,CHEMBL15718
DEC_2971,decoy,CC1(C)C(=O)C2=C(OO[C@]3(C)CO[C@H]23)C(C)(C)C1=O,CHEMBL284231
DEC_3413,decoy,OCC(c1ccccc1)N1CCN(CCOC(c2ccc(F)cc2)c2ccc(F)cc2)CC1,CHEMBL416194
DEC_1478,decoy,Cc1csc2c(C(=O)O)c(=O)c3cc(F)c(N4CCNCC4)cc3n12,CHEMBL31199
DEC_0650,decoy,CCOc1nc(Br)cnc1NS(=O)(=O)c1cccc2c(N(C)C)cccc12,CHEMBL6588
DEC_3956,decoy,CC(/N=c1\c(O)c(O)\c1=N/CCc1ccc(C#N)cc1)C(C)(C)C,CHEMBL19922
DEC_1331,decoy,CCC(=O)O/N=C1/CC2(CCN(C)CC2)OC1C,CHEMBL41502
DEC_0109,decoy,Cc1cc(C)c(S(=O)(=O)N/N=C/c2cc3c(cc2[N+](=O)[O-])NC(CNC(C)C)CC3)c(C)c1,CHEMBL44393
DEC_2005,decoy,CSc1nccn1-c1ccc(C2=NNC(=O)CC2)cc1,CHEMBL31120
DEC_0029,decoy,C[C@@H]1[C@@H](N)CN1c1c(F)cc2c(=O)c(C(=O)O)cn(C3CC3)c2c1F,CHEMBL19821
DEC_0471,decoy,CCN(CC)CCNc1ccc(CO)c2sc3ccccc3c(=O)c12,CHEMBL22077
DEC_2823,decoy,CC(/N=c1\c(O)c(O)\c1=N/c1ccc(OC(F)(F)F)cc1)C(C)(C)C,CHEMBL19421
DEC_2065,decoy,CC(=O)O/N=C(\C)c1ccc(Sc2cc(F)cc(C3CCOCC3)c2)cc1,CHEMBL28275
ACT_010,active,CCSc1nc(C)nc(N)n1,CHEMBL1834390
DEC_1536,decoy,Cn1c2ccncc2c2ncnc(N3CCN(CCc4ccc(F)c(F)c4)CC3)c21,CHEMBL430724
DEC_0780,decoy,CC(=O)O[C@H]1O[C@@H]2O[C@@H](OC(C)=O)[C@@H]3CC[C@H]([C@@H]1CC/C=C(\C)CCC=C(C)C)[C@H]23,CHEMBL275719
DEC_3377,decoy,CCCCCCn1c(O)c(CCC)c(=O)n2c3c(=O)n(C)c(=O)n(C)c3nc12,CHEMBL267782
DEC_3529,decoy,CSC[C@@]1(C2=NCCN2)Cc2ccccc2N1C,CHEMBL290324
DEC_0305,decoy,CC1(C)OC(S)=Nc2ccc(-c3ccc(C#N)s3)cc21,CHEMBL25469
DEC_1513,decoy,O=S(=O)(CS(=O)(=O)C(F)(F)F)c1ccc(OC(F)(F)C(F)F)cc1,CHEMBL441906
ACT_060,active,Nc1nc2c(c(-c3c(Cl)cc(Cl)cc3OCCn3cccn3)n1)CN(C(=O)NCC(F)(F)F)C2,CHEMBL1774926
DEC_4177,decoy,CC(c1cccc2ccccc12)C(CS)C(=O)NC(Cc1c[nH]c2ccccc12)C(=O)O,CHEMBL289223
DEC_4197,decoy,CCC(C)N(C(C)CC)S(=O)(=O)NC(=O)Nc1c(C(C)C)cccc1C(C)C,CHEMBL277001
DEC_1212,decoy,CCc1cccc(CC)c1COC(=O)NS(=O)(=O)Oc1c(C(C)C)cccc1C(C)C,CHEMBL22457
DEC_3019,decoy,C/C=C/COC1(C(F)(F)F)OC(=O)Nc2ccc(Cl)cc21,CHEMBL280030
DEC_0278,decoy,Fc1ccc([C@H]2OC(=S)O[C@]2(Cn2cncn2)c2ccc(Cl)cc2Cl)cc1,CHEMBL10071
DEC_4301,decoy,Cc1cc(NS(=O)(=O)c2cccc3c(N(C)C)cccc23)on1,CHEMBL25854
DEC_0730,decoy,O=C(Nc1ccncn1)c1cc2c(OCC[C@@H]3CCCCN3)c(-c3ccc(Cl)s3)c(O)nc2cc1Cl,CHEMBL48249
DEC_3575,decoy,CO[C@]12C=CC3(CC14CCC(C)(C)[C@H]4O)C1Cc4ccc(O)c5c4C3(CCN1CC1CC1)[C@@H]2O5,CHEMBL31030
DEC_0847,decoy,CC12CCC(OC=O)CC1CCC1C2CCC2(C)[C@@H](C3=CC(=O)OC3)C(O)CC12O,CHEMBL6383
DEC_4099,decoy,CCCCN(CC)c1nc(C)nc2c1sc(=S)n2-c1ccc(C(C)C)cc1Br,CHEMBL18230
DEC_1047,decoy,Cc1noc(NS(=O)(=O)c2ccccc2-c2ccc(-c3ncco3)cc2COC(C)C)c1C,CHEMBL285118
DEC_0578,decoy,CCCCC(C)(C)[C@H](O)/C=C/C1[C@H](O)C[C@@H]2OC(=O)CCC/C=C\C[C@H]12,CHEMBL12741
DEC_2467,decoy,c1ccc(-c2nc(C3OCCCO3)[nH]c2-c2ccccc2)cc1,CHEMBL33271
DEC_2275,decoy,C=C(C#N)CN1C[C@H](OCC23C[C@@H]4[C@H](C)CC[C@H]4C4(C=O)CC2C=C(C(C)C)[C@@]34C(=O)O)OC[C@H]1C,CHEMBL282975
DEC_0258,decoy,Clc1ccc(C2COC(Cn3ccnc3)(c3ccc(Br)cc3)O2)cc1,CHEMBL283597
DEC_0957,decoy,O=S(=O)(c1ccc2oc3ccccc3c2c1)N1CCC(NC[C@H](O)COc2cccc3[nH]c(O)nc23)CC1,CHEMBL306233
DEC_2391,decoy,CC1C/C(=N/OCC(O)CNC(C)(C)C)CC(C)(C)C1,CHEMBL24500
DEC_0237,decoy,COc1c2occc2c(CN2CCN(C)CC2)c2ccc(=O)oc12.Cl,CHEMBL6589
DEC_2954,decoy,COc1cc2c(Nc3ccc(C)cc3F)ncnc2cc1OCC1CCNCC1,CHEMBL428534
DEC_1228,decoy,CSc1sc(C(=N)N)cc1-c1nc(-c2ccc(Cl)c([N+](=O)[O-])c2)cs1,CHEMBL413764
DEC_2634,decoy,CSC1=NC(=O)/C(=C/c2cc(C(C)(C)C)c(O)c(C(C)(C)C)c2)O1,CHEMBL16550
DEC_3876,decoy,ClCCCOc1ccccc1-c1nc2ccc[nH]c-2n1,CHEMBL280830
DEC_0136,decoy,Cc1cc(CN/C(S)=N/Cc2ccc(NS(C)(=O)=O)cc2)c(COC(=O)C(C)(C)C)cc1C,CHEMBL45817
ACT_092,active,CC(C)c1cc(-n2nncc2-c2ccc(CN3CCCC(O)C3)cc2)c(O)cc1O,CHEMBL3234763
DEC_4478,decoy,O=c1[nH]c(=O)n(C2CC(F)C(COP(=O)(O)O)O2)cc1F,CHEMBL31700
DEC_2921,decoy,CCNCC1CCN(c2c(F)c(N)c3c(=O)c(C(=O)O)cn(C4CC4)c3c2F)C1,CHEMBL15247
DEC_1526,decoy,N#Cc1ccc(Cn2ccnc2)cc1S(=O)(=O)c1ccc(Cl)cc1Cl,CHEMBL22238
DEC_2978,decoy,Cn1cc(C2=NC[C@]3(CN4CC[C@@H]3C4)O2)c2ccccc21,CHEMBL7788
DEC_1544,decoy,O=C(O)COCC1CCN(C(=O)N2CCC3(CC2)CCN(c2ccncc2)C3)CC1,CHEMBL275967
DEC_2247,decoy,N=c1sc(-c2ncc(C(F)(F)F)cc2Cl)nn1-c1c(Cl)cc(C(F)(F)F)cc1Cl,CHEMBL50285
DEC_0876,decoy,CCS(=O)(=O)Nc1cccc(C(c2c(O)c3c(oc2=O)CCCCC3)C2CC2)c1,CHEMBL273577
DEC_2320,decoy,O=C1O[C@H](c2ccccc2)[C@@](Cn2ccnc2)(c2ccc(Cl)cc2Cl)O1,CHEMBL10616
DEC_4288,decoy,CC(C)c1ccc(C(c2ccns2)N2CCN(C)CC2)cc1,CHEMBL281414
DEC_1437,decoy,Cc1cn(C[C@H](NC(=O)OCc2ccccc2)C(=O)O)c(=O)nc1N1CCC(CNc2ccccn2)CC1,CHEMBL45971
DEC_3464,decoy,COP(=O)(CC1OC(C)(C)C(C)(C)O1)OC,CHEMBL19632
DEC_2173,decoy,COC1=C(Br)C(=O)c2c(c(COC(C)=O)c3n2CCCC3OC(C)=O)C1=O,CHEMBL38906
DEC_0603,decoy,C1=C(c2ccccc2)C(N2CCN(c3ccccc3)CC2)=Nc2ccccc2C1,CHEMBL17072
DEC_0539,decoy,CC(=O)N(C)CC#CCN1CCC(CCO)CC1,CHEMBL10578
DEC_2920,decoy,O=c1cnn(-c2ccc(-c3ccc4oc5ccc(Cl)cc5c(=O)c4c3)cc2)c(=O)[nH]1,CHEMBL6293
DEC_0191,decoy,C#CCOc1ccc(CC[C@](C)(O)[C@H]2C[C@@]34C=C[C@]2(OC)[C@@H]2Oc5c(OC)ccc6c5C23CCN(C)C4C6)cc1,CHEMBL301038
DEC_4086,decoy,COc1cc(NC(C)CCCN)c2nccc(C(OC)OC)c2c1Oc1cccc(C(F)(F)F)c1,CHEMBL41737
DEC_3191,decoy,Cn1cncc1C(N)(c1ccc(Cl)cc1)c1ccc2nc(O)cc(-c3cccc(Cl)c3)c2c1,CHEMBL288853
DEC_3709,decoy,CCOC(=O)/C(C#N)=C/c1ccc(O)c(O)c1,CHEMBL38168
DEC_2226,decoy,CC(C)(C)c1cccc(C(C)(C)C)c1OC(=O)NS(=O)(=O)Oc1c(C(C)(C)C)cccc1C(C)(C)C,CHEMBL22725
DEC_2735,decoy,C=CC(=O)Nc1ccc2ncc(C#N)c(Nc3cccc(Br)c3)c2c1,CHEMBL281300
DEC_3854,decoy,COc1cc2c(cc1OC)-c1cc(N(C)c3c(F)cccc3F)nc(=O)n1CC2,CHEMBL430542
DEC_3766,decoy,O=C(O)C1CC2(COCc3ccccc3)C(=O)N(CCCCc3ccccc3)CC(=O)N2C1c1ccco1,CHEMBL269699
DEC_2752,decoy,CSc1sc(C(=N)N)cc1-c1nc(-c2cccnc2Cl)cs1,CHEMBL285818
DEC_2815,decoy,Cc1ccc([C@H]2OC(=O)O[C@]2(Cn2cncn2)c2ccc(C)cc2)cc1,CHEMBL10297
DEC_2636,decoy,O=C1Nc2ccc(F)cc2C(C#Cc2cccs2)(C(F)(F)F)O1,CHEMBL17622
DEC_3838,decoy,O=C1CCC(c2ccccc2)(C2CCN(Cc3ccccc3Br)CC2)C(=O)N1,CHEMBL274552
DEC_4393,decoy,CC(C)Nc1cccnc1N1CCN(C(=O)c2cc3cc(N(C)S(C)(=O)=O)ccc3[nH]2)CC1,CHEMBL34542
DEC_2517,decoy,COC1(OC)C=CC(C2(C3=CC=CC(OC)(OC)C3)Sc3ccccc3-n3c(CN(C)C)ccc32)=CC1,CHEMBL279886
DEC_0702,decoy,CN1C(=O)CC[C@]2(C)C3CC[C@@]4(C)C(CC[C@@]4(O)C#CCCBr)C3CCC12,CHEMBL10163
DEC_0667,decoy,C=C[C@@]1(C)CC[C@](C)(C(C)C)c2cc3c4c(c[nH]c4c21)C[C@@H](CO)NC(=O)[C@H](C(C)C)N3C,CHEMBL417692
DEC_4559,decoy,COc1ccc(C2=C(c3ccc(SC)cc3)CC3CCCN3C2=O)cc1OC(=O)CNC(=O)OC(C)(C)C,CHEMBL44382
DEC_1847,decoy,O=C1CCCCC/C1=C\c1cccc(Br)c1,CHEMBL30096
DEC_2114,decoy,Oc1[nH]c(Br)nc2nnc(Br)c1-2,CHEMBL7426
DEC_2270,decoy,CC(C)C1=CC2CC3(C=O)[C@@H]4CC[C@@H](C)[C@H]4CC2(CO[C@H]2CN(CC4CC4)[C@H](C)CO2)[C@]13C(=O)O,CHEMBL281987
DEC_2133,decoy,CCC(C)(C)/N=c1\c(O)c(O)\c1=N/Cc1c(C)cccc1C,CHEMBL20179
DEC_0963,decoy,C[C@H](CS)C(=O)N1CC2(C[C@H]1C(=O)O)SCCS2,CHEMBL16139
DEC_3350,decoy,CNC(=O)Nc1ccc2c(c1)C(CC(=O)O)c1c-2nc(O)c2nccn12,CHEMBL14861
DEC_2568,decoy,CC(C)(C)OC(=O)N[C@@H](Cc1cc(I)c(O)c(I)c1)C(=O)O,CHEMBL84385
DEC_4155,decoy,CCCc1cc(N)cc(=O)n1Cc1ccc(-c2ccccc2-c2nn[nH]n2)cc1,CHEMBL22390
DEC_1726,decoy,CN1C(=O)CC[C@]2(C)C3CC[C@@]4(C)C(CC[C@@]4(O)C#CCCCCl)C3CCC12,CHEMBL268748
DEC_2089,decoy,CCSc1ccnc(C[S+]([O-])c2nc3ccccc3n2CSC)c1C,CHEMBL273448
DEC_0117,decoy,C#CCN(Cc1cc2c(O)nc(C)nc2cc1C)c1ccc(C(=O)N[C@@H](C(=O)O)C(C)C)c(F)c1,CHEMBL6715
DEC_1397,decoy,Cc1cc(-n2ccc(=O)[nH]c2=O)cc(Cl)c1Sc1ccc(Cl)cc1,CHEMBL10830
DEC_1533,decoy,CC1(C)C=C(n2ccccc2=O)c2cc(S(=O)(=O)NC3CCCC3)ccc2O1,CHEMBL268972
DEC_0719,decoy,CO[C@@H]1[C@@H](O)[C@H]2OCO[C@H]2[C@H](O)[C@@H]1NC(=O)/C(C)=C\c1ccc(O[C@@H]2O[C@H](C(C)=O)[C@@H](O)[C@@H]2O)c(O)c1,CHEMBL267448
DEC_1790,decoy,Nc1noc2ccc(CN3C(=O)N(Cc4ccc5onc(N)c5c4)[C@H](Cc4ccccc4)[C@H](O)[C@H]3CCc3ccccc3)cc12,CHEMBL432093
DEC_3252,decoy,CN1CCC(O)(c2nc(-c3ccc(F)cc3)c(-c3ccncc3)o2)CC1,CHEMBL22978
DEC_2339,decoy,CCc1nc2c(-c3ccc(Cl)cc3Cl)ncnc2n1C(C)C1CC1,CHEMBL279467
DEC_1054,decoy,OC1CCCCC1CN1CCN(CCOC(c2ccc(F)cc2)c2ccc(F)cc2)CC1,CHEMBL29151
DEC_1878,decoy,CCN1CCN(c2cc3c(cc2F)c(=O)c(C(=O)O)cn3C(C)(C)C)CC1,CHEMBL15350
DEC_3833,decoy,O=C1OC2(CCN(CCc3c[nH]c4ccccc34)CC2)CN1CCc1ccccc1,CHEMBL28146
DEC_2033,decoy,CC(C)(C)c1cc(/C=C2\SC(NO)=NC2=O)cc(C(C)(C)C)c1O,CHEMBL277721
DEC_0241,decoy,O=C1CCN(c2cc3c(cc2F)c(=O)c(C(=O)O)cn3C2CC2)C1,CHEMBL27961
DEC_0628,decoy,COc1cc2c(Nc3ccc(C#N)cc3F)ncnc2cc1OC/C=C/CN1CCCC1,CHEMBL24026
DEC_2524,decoy,O=C(O)CC/C=C/c1cc(Cc2cccnc2)cc2c1CCC(NS(=O)(=O)c1ccc(Cl)cc1)C2,CHEMBL28789
DEC_1247,decoy,COc1cc2c(Nc3ccc(Cl)cc3F)ncnc2cc1OCC1CCN(C)CC1,CHEMBL26572
DEC_2566,decoy,CC1(C)C2CCC1(CS(=O)(=O)N1CCC3(CCc4ccccc43)CC1)C(NC(=O)C1CCCNC1)C2,CHEMBL277400
DEC_3778,decoy,CCCCn1c(=O)c2c(nc3n(Cc4cccs4)c(O)c(CCC)c(=O)n23)n(CCCC)c1=O,CHEMBL13084
DEC_0075,decoy,O=C1[C@@H](NS(=O)(=O)c2ccc(-c3ccccn3)s2)CCN1Cc1cc2cc[nH]cc-2n1,CHEMBL269102
DEC_1641,decoy,CON(C)C1=NC(=O)/C(=C/c2cc(C(C)(C)C)c(O)c(C(C)(C)C)c2)S1,CHEMBL16855
DEC_2374,decoy,O=NN(CCCl)C(=O)NC1CCC(CCl)CC1,CHEMBL12684
DEC_3895,decoy,CCCCc1nc(NCc2ccncc2)c2sccc2n1,CHEMBL30406
DEC_1731,decoy,Cc1ccc(SC2(CC#Cc3ccc(Cl)cc3)SC(=O)NC2=O)cc1,CHEMBL11903
ACT_076,active,CCN(Cc1ccc(C(=O)NO)cc1)C(=O)c1cc(Cl)c(O)cc1O,CHEMBL5183214
DEC_1014,decoy,Clc1ccc(C2(Cn3ccnc3)OCC(c3ccc(Br)cc3)O2)c(Cl)c1,CHEMBL28524
DEC_0757,decoy,CC(C)CN(CC(C)C)S(=O)(=O)c1ccc2c(c1)[C@@H](/N=C(\NC#N)Nc1ccc(Cl)cc1)[C@H](O)C(C)(C)O2,CHEMBL289133
DEC_1317,decoy,OC(c1cncnc1)(c1cccs1)c1cccs1,CHEMBL29412
DEC_2498,decoy,O=[N+]([O-])c1cc2c(ccc3cc(Br)ccc32)o1,CHEMBL7200
DEC_4260,decoy,O=C1Nc2ccc(F)cc2C(C#Cc2ccoc2)(C(F)(F)F)O1,CHEMBL430123
DEC_0721,decoy,CO[C@@H]1[C@H](NC(=O)/C(C)=C\c2ccc(O[C@@H]3O[C@H](C(C)=O)[C@@H](O)[C@@H]3O)c(O)c2)[C@H](O)[C@@H](O)[C@H]2OCO[C@H]21,CHEMBL7764
DEC_3691,decoy,CN1CCN(Cc2cnn3ccccc23)CC1,CHEMBL7505
DEC_1388,decoy,CC(C)/C(=N\O)c1ccc(Sc2cc(F)cc(C3CCOCC3)c2)cc1,CHEMBL24030
DEC_4000,decoy,CCCc1c2oc(C(=O)O)cc(=O)c2cc2c(=O)cc(C(=O)O)n(CC)c12,CHEMBL746
DEC_3057,decoy,O=C(O)Cc1cccc2c(=O)c3cccc(C(F)(F)F)c3oc12,CHEMBL281474
DEC_2510,decoy,O=S(=O)(CS(=O)(=O)C(F)(F)C(F)(F)C(F)(F)C(F)(F)F)c1ccc(OC(F)(F)F)cc1,CHEMBL12254
DEC_3605,decoy,CC(=O)N1CCN(c2cc3c(cc2F)c(=O)c(C(=O)O)c2sc4ccccc4n23)CC1,CHEMBL39697
DEC_0767,decoy,Cc1cc(-c2c(O)nc3cc(Cl)c(C(=O)Nc4ccncn4)cc3c2OCC[C@@H]2CCCCN2)cc(C)c1C,CHEMBL48192
DEC_1479,decoy,CC(C)(C)n1cc(C(=O)O)c(=O)c2cc(F)c(N3CC4CC3CN4)cc21,CHEMBL26141
DEC_4322,decoy,Clc1ccc([C@@]2(Cn3cncn3)OCO[C@@H]2c2ccccc2)c(Cl)c1,CHEMBL418152
DEC_2440,decoy,Clc1ccc(N/N=C(\N=N\c2nnnn2-c2ccccc2)c2ccccc2)cc1,CHEMBL278121
DEC_4458,decoy,CSc1c(Cl)nc(N2CCN(C)CC2)nc1Nc1ccccc1,CHEMBL414191
DEC_4023,decoy,CN1CCN(c2ccc3c(c2Cl)CN2CC(=O)NC2=N3)CC1,CHEMBL31465
DEC_3409,decoy,CN(C)CC1CCN(c2cc3c(cc2F)c(=O)c(C(=O)O)cn3C2CC2)C1,CHEMBL15324
DEC_2952,decoy,COc1ccc2c3c1OC1C4NC(C(=O)OCC(C)C)=C(C)C4CC4C(C2)N(C)CCC341,CHEMBL34663
DEC_3480,decoy,CN1CCN2c3ccccc3Cc3ccsc3C2C1,CHEMBL13645
DEC_1279,decoy,CCC1=NC(=O)C(CCN(C(C)C)C(C)C)(c2ccccc2)C2CCCCN12,CHEMBL281802
DEC_2896,decoy,O=C(NN1CCCCC1)c1nn(-c2ccc(Cl)cc2Cl)c2c([N+](=O)[O-])cccc12,CHEMBL36232
DEC_0042,decoy,CC1CN(c2cc3c(cc2F)c(=O)c(C(=O)O)cn3C(C)C)CCN1,CHEMBL261939
DEC_3642,decoy,CC(C)Cc1noc2c(Cl)c3c(cc12)CC(C(=O)O)O3,CHEMBL9350
DEC_2694,decoy,Clc1ccc2[nH]c3c(c2c1)CCN(CCc1ccncc1)C3,CHEMBL273618
DEC_2007,decoy,C1=C(C2(C3=NCCN3)COc3ccccc3O2)CCC1,CHEMBL430310
DEC_0330,decoy,CC(C)CC1C(=O)Nc2cc3[nH]c(-c4ccncc4)nc3cc21,CHEMBL285896
DEC_2876,decoy,O=C(c1ccccc1Cl)c1c(NC(=O)C2CC2)sc2c1CCN(C(=O)C1CC1)C2,CHEMBL297585
DEC_4252,decoy,CCN(CC)CCNc1ccc(C)c2sc3ccccc3c(=O)c12,CHEMBL279014
ACT_056,active,O=S(=O)(Cc1ccccc1)N(O)c1ccccc1,CHEMBL1489355
DEC_3064,decoy,CCOOC1(OOCC)CCCCCCCCCCC1,CHEMBL29121
DEC_3182,decoy,CC1(C)CC(C)(C)c2cc(N/C(S)=N/c3ccc(S(N)(=O)=O)cc3)ccc2S1,CHEMBL6524
DEC_2254,decoy,O=C(c1ccc(Nc2ccnc3cc(C(F)(F)F)ccc23)cc1)N1CC=C(c2ccc(Cl)cc2)CC1,CHEMBL29073
DEC_2056,decoy,Oc1ccc2c(c1)OC[C@@H](N1CCC(c3ccccc3)CC1)[C@H]2O,CHEMBL17595
DEC_1113,decoy,NC1CCC(CNC(=O)[C@@H]2CCCN2C(=O)[C@H](N)C(C2CCCCC2)C2CCCCC2)CC1,CHEMBL289395
DEC_0310,decoy,CC1(C)OC(S)=Nc2ccc(-c3cc(F)cc(F)c3)cc21,CHEMBL281182
DEC_2794,decoy,CCOC(=O)C(C)(CCCCn1cnc2c1NC=NCC2O)Cc1cccc(Br)c1,CHEMBL37641
DEC_4046,decoy,C[C@@]1(N2C(=O)c3ccc([N+](=O)[O-])cc3C2=O)CCC(=O)NC1=O,CHEMBL8781
DEC_0648,decoy,CN(C)CCN(C)Cc1c[nH]c2cc3ncnc(Nc4cccc(Br)c4)c3cc12,CHEMBL39811
DEC_1936,decoy,O=S1(=O)CCC(NC2c3ccccc3Oc3ccccc32)C1,CHEMBL20538
DEC_3573,decoy,CC(C)(C)C1CS(=O)(=O)C(c2cc([N+](=O)[O-])cc(Br)c2O)S(=O)(=O)C1,CHEMBL29200
DEC_1817,decoy,CC1(c2ccc(F)cc2)OC(/C=C/c2ccsc2)=CC1=O,CHEMBL18130
DEC_0568,decoy,O=C1Nc2ccc(Cl)cc2C(OCc2cccnc2)(C(F)(F)F)O1,CHEMBL17297
DEC_1749,decoy,O=S(=O)(c1nc(-c2ccccc2)c(-c2ccccc2)[nH]1)C(F)(F)C(F)F,CHEMBL17843
DEC_4137,decoy,COc1ccc([C@]2(C#N)C[C@H]3C[C@@H](C(=O)NO)C[C@H]3C2)cc1OC1CCCC1,CHEMBL280611
DEC_3892,decoy,O=C(NCC1CCCCC1)OCCCc1c[nH]cn1,CHEMBL16056
DEC_1197,decoy,CCN(CC)C(=O)[C@@H]1C=C2c3cccc4[nH]cc(c34)C[C@H]2N(C(C)C)C1,CHEMBL22893
DEC_1390,decoy,O=C1NC(=O)C(CC#Cc2ccc(Cl)cc2)(Sc2ccc(Cl)cc2)S1,CHEMBL276264
DEC_3374,decoy,Cc1cn(C2CC(N=[N+]=[N-])C(COP(=O)(O)C(F)(F)F)O2)c(=O)[nH]c1=O,CHEMBL287872
DEC_3060,decoy,CCN(CC)CC#CCCCC1SCCCS1,CHEMBL41257
DEC_1543,decoy,CN([C@@H]1CCN2CCc3ccccc3[C@@H]2C1)S(=O)(=O)CCN1CCCCC1,CHEMBL417484
DEC_4159,decoy,Nc1nc(N)c2c(Cl)c(NC(=O)Cc3ccc(Cl)c(Cl)c3)ccc2n1,CHEMBL266761
DEC_3703,decoy,O=NN(CCCl)C(=O)Oc1cccnc1,CHEMBL34613
DEC_3153,decoy,COc1cc2c(Nc3cc(O)c(C)cc3F)ncnc2cc1OCC1CCN(C)CC1,CHEMBL24625
DEC_2091,decoy,O=S(=O)(Nc1cccc(OCc2csc3ccccc23)c1)C(F)(F)F,CHEMBL17947
DEC_3178,decoy,N#Cc1c(-c2ccc(Cl)c(Cl)c2)c(-c2ccc(Cl)c(Cl)c2)nn(CCO)c1=O,CHEMBL31232
DEC_3084,decoy,CCCN(CCC)[C@@H]1Cc2cccc3nc(S)n(c23)C1,CHEMBL281248
DEC_1854,decoy,Cc1ccc(/C=C2\c3ncc(C)cc3CCC2(C)C)cc1,CHEMBL35472
DEC_3862,decoy,C1CCN(CCSSCCN2CCCCC2)CC1,CHEMBL18088
DEC_0179,decoy,CC[C@H]1CO[C@H]2[C@@H]1[C@H](O)[C@H](OCC13C[C@@H]4[C@H](C)CC[C@H]4C4(C=O)CC1C=C(C(C)C)C34C(=O)O)O[C@@H]2C,CHEMBL295645
DEC_3721,decoy,SC1CCCCC1N1CCC(c2ccccc2)CC1,CHEMBL21598
DEC_1234,decoy,CC(C)NC(=O)OCc1c(COC(=O)NC(C)C)c(-c2ccccc2)n2c1SCC2,CHEMBL433239
DEC_1618,decoy,C/C(=N\O)c1ccc(Sc2cc(F)cc(C3CCOCC3)c2)cc1,CHEMBL25570
DEC_0586,decoy,CN1C(=O)CC[C@]2(C)C3CC[C@@]4(C)C(CC[C@@H]4N(C=O)C4CC4)C3CC[C@@H]12,CHEMBL276355
DEC_0802,decoy,OCC(c1ccccc1)N1CCN(CCOC(c2ccccc2)c2ccccc2)CC1,CHEMBL283473
DEC_2341,decoy,O=C1O[C@H](c2ccccc2Cl)[C@@](Cn2cncn2)(c2ccccc2Cl)O1,CHEMBL273242
DEC_1491,decoy,CC(C)(C)n1cc(C(=O)O)c(=O)c2cc(F)c(N3CC4CCC3CN4)nc21,CHEMBL26903
DEC_2804,decoy,C[C@H]1Oc2ccc(OCc3nc4cc(F)ccc4s3)cc2[C@H](O)[C@@H]1Cc1cccc(C(=O)O)c1,CHEMBL299779
DEC_0581,decoy,CC(=O)OC(C(C)=O)[C@@]12CCC[C@H]1[C@@H]1CCC3=CC(=O)CC[C@@H]3[C@H]1CC2,CHEMBL273571
DEC_3672,decoy,CCCOC(=O)C1C(C(=O)O)C2CC[C@H]1O2,CHEMBL17154
DEC_2581,decoy,O=C1[C@@H](NS(=O)(=O)c2ccc(-c3ccc(Cl)s3)s2)CCN1Cc1cc2c[nH]ccc-2n1,CHEMBL268917
DEC_3444,decoy,CC(C)[C@H](NC(=O)OCc1ccccc1)C(=O)N[C@@H](Cc1ccccc1)C(=O)C(F)(F)F,CHEMBL26056
DEC_3845,decoy,COc1cc2c(cc1OC)-c1cc(=Nc3c(F)cccc3F)n(C)c(=O)n1CC2,CHEMBL417499
DEC_2641,decoy,CC(C)=CCOC1(C(F)(F)F)OC(=O)Nc2ccc(F)c(F)c21,CHEMBL17919
DEC_4317,decoy,N#Cc1nccc2c1ncn2CCOc1ccc(Cc2ccccc2)cc1,CHEMBL14387
DEC_0301,decoy,c1ccc(C2(c3ccccc3)CCC(C3CCCCN3)C2)cc1,CHEMBL27050
DEC_2476,decoy,CC(C)(C)c1nc(-c2ccccc2)c(-c2ccncc2)[nH]1,CHEMBL278783
DEC_1888,decoy,CCc1c(C)sc2c1C(N1CCN(C)CC1)=Nc1cc(F)ccc1N2,CHEMBL14995
DEC_3101,decoy,CC(C)c1ccc(C2CN(C)Cc3c(N)cccc32)cc1,CHEMBL274486
DEC_3747,decoy,C[C@]12CCC(=O)C[C@@H]1CC[C@@H]1[C@@H]2CC[C@]2(C)[C@@H](O)CC[C@@H]12,CHEMBL27769
DEC_1377,decoy,N#CNC(=N)Cc1ccc(-c2nc(-c3ccncc3)c(-c3ccc(F)cc3)[nH]2)cc1,CHEMBL17148
DEC_0406,decoy,CCCCC[C@@H]1/C=C\C2[C@H](O)CC(=O)[C@@H]2CCCCCCC(=O)O1,CHEMBL12731
DEC_3677,decoy,CCC(C)(C)/N=C(\NC#N)Nc1cccnc1,CHEMBL11458
DEC_4151,decoy,COC(=O)COC(=O)c1sc(C(C)(C)C)cc1NC(=O)Nc1ccc(C)cc1,CHEMBL278668
DEC_3910,decoy,OC1Cc2ccccc2CC1N1CCC(c2ccccc2)CC1,CHEMBL21151
DEC_4389,decoy,CO[C@H]1[C@H](O)[C@H]2[C@@H](O[C@@H]1CO)n1c3ccccc3c3c4c(c5c6ccccc6n2c5c31)C(=O)N(C)C4=O,CHEMBL283823
DEC_2830,decoy,Cc1ccc(C(C)/N=c2\c(O)c(O)\c2=N/c2ccc(C#N)cc2)cc1,CHEMBL278535
DEC_0763,decoy,CCNC(=O)N[C@@H](c1ccccc1)[C@@H](O)C(=O)OC1CC2C(C)(C)C1(C)[C@@]13C[C@H](C)c4ccccc4[C@@]21O3,CHEMBL286608
DEC_2151,decoy,CCc1cc(C#N)ccc1C/N=c1\c(O)c(O)\c1=N/C(C)(C)C,CHEMBL19605
DEC_0791,decoy,CCCCCCCCCOc1ccc2c3c1OC1C(O)C=CC4C(C2)N(C)CCC341,CHEMBL281556
DEC_4219,decoy,CC[C@@H]1Cc2cc3c(C(F)(F)F)cc(O)nc3cc2N[C@@H]1CC,CHEMBL7421
DEC_2013,decoy,C[C@@]12CCC3=C(CCO3)C1CC[C@@]13CC(CCC12)[C@@](O)(CO)C3,CHEMBL31114
DEC_1895,decoy,O=C1Cc2cc(CCN3CCN(c4nsc5ccccc45)CC3)ccc2N1,CHEMBL35743
DEC_2134,decoy,O=C1N(CN2CCCCC2)c2ccccc2C12OCCO2,CHEMBL6464
DEC_1779,decoy,CC[C@H]1OC(=O)CC(O)[C@H](C)[C@@H](O[C@@H]2O[C@H](C)C[C@H](N(C)C)[C@H]2O)[C@@H](CCN2CCCCC2)C[C@@H](C)C(=O)/C=C/C(C)=C/[C@@H]1C,CHEMBL266142
DEC_4226,decoy,Cc1ccc(Sc2cncc3sc(C(=N)S)cc23)cc1,CHEMBL266429
DEC_0451,decoy,NC/C(=N\O)c1ccc(Sc2cc(F)cc(C3CCOCC3)c2)cc1,CHEMBL25514
DEC_0185,decoy,CN1CCN([C@H]2CC[C@H](n3nc(-c4ccc(NCc5cc6ccccc6[nH]5)cc4)c4c(N)ncnc43)CC2)CC1,CHEMBL45683
DEC_3968,decoy,CC1CN(c2c(F)cc3c(=O)c(C(=O)O)cn(C4CC4)c3c2Cl)CCN1,CHEMBL15461
DEC_1951,decoy,S=C1c2[nH]cnc2N(Cc2ccc(Cl)cc2)C2=NCCN12,CHEMBL19235
DEC_1304,decoy,COc1cccc2c1C(CCCN1CCN(c3cccc(Cl)c3)CC1)=CCC2,CHEMBL266765
DEC_2708,decoy,CCCCN1CCN2CC(c3ccccc3)c3ccccc3C2C1,CHEMBL6482
DEC_1848,decoy,CC(=O)[C@H]1CC[C@H]2[C@@H]3CCC4=CC(=O)CC[C@@H]4[C@H]3CC[C@]12C,CHEMBL284109
DEC_2495,decoy,O=[N+]([O-])c1cc2c(cc3ccc4cccc5ccc2c3c45)o1,CHEMBL267206
DEC_1974,decoy,CCNCC1NCC(c2ccccc2)c2ccccc21,CHEMBL6603
DEC_3312,decoy,CC[C@H](C)[C@H](S)C(=O)N[C@H](C(=O)N1CCC[C@H]1C(=O)O)C(C)C,CHEMBL20182
DEC_2071,decoy,CCCc1cc(C=O)cc(=O)n1Cc1ccc(-c2ccccc2-c2nn[nH]n2)cc1,CHEMBL418561
DEC_2456,decoy,CCCCc1nc2c(n1Cc1ccc(-c3ccccc3-c3nn[nH]n3)cc1)CCCCC2=O,CHEMBL290917
DEC_2650,decoy,Nc1ccc(S(=O)(=O)Nc2ccc(F)c3c(Cl)c[nH]c23)cc1,CHEMBL20704
DEC_1716,decoy,Brc1cccc(Br)c1N(CC1CCC1)C1=NCCN1,CHEMBL20074
DEC_0498,decoy,NS(=O)(=O)OC[C@]12CCC[C@H]1[C@@H]1C[C@@H]1CC2,CHEMBL285315
DEC_3253,decoy,CCOc1cc2c(cc1OCC)[C@@H]1C[C@@H]3C[C@H](O)CCC3CN1CC2,CHEMBL424034
DEC_3812,decoy,O=C1C2C3C=CC(C4CC34)C2C(=O)N1CCCCN1CCN(c2cccc(Cl)c2)CC1,CHEMBL29326
DEC_2668,decoy,C=CCCOC1(C(F)(F)F)OC(=O)Nc2ccc(Cl)cc21,CHEMBL278961
DEC_1858,decoy,FC(F)(F)c1nc(-c2cc(Cl)cc(Cl)c2)c[nH]1,CHEMBL7992
DEC_2066,decoy,COc1ccc2c(c1)CCC=C2CCCN1CCN(c2cc(OC)ccc2OC)CC1,CHEMBL267222
DEC_0091,decoy,O=S(=O)(NCCc1cccc(OCCNc2ccncc2)c1)c1ccc(Cl)cc1,CHEMBL25890
DEC_3125,decoy,COc1ccc(NC(=O)NCCc2c[nH]c3ccc(O)cc23)cc1N1CCN(C)CC1,CHEMBL15139
DEC_0625,decoy,CCOC(=O)/C(=C/C(=O)[C@H](Cc1c[nH]c2ccccc12)NC(=O)OC(C)(C)C)C(C)C,CHEMBL279663
DEC_0084,decoy,O=C1CC2(CCCC2)CC(=O)N1OCCCN1CCN(c2nsc3ccccc23)CC1,CHEMBL276175
DEC_4535,decoy,CCOC(=O)N[C@@H](c1ccc(F)cc1)[C@@H](O)C(=O)OC1CC2C(C)(C)C1(C)[C@@]13C[C@H](C)c4ccccc4[C@@]21O3,CHEMBL31829
DEC_4084,decoy,Clc1ccc(C2CC3CCC2N3CCCCCCN2C3CCC2C(c2ccc(Cl)nc2)C3)cn1,CHEMBL53620
DEC_2156,decoy,COc1ccc2c3c1O[C@H]1C[C@@H](O)C=C[C@@]31CCN(C)C2,CHEMBL659
DEC_3986,decoy,CC(C)(C)n1cc(C(=O)O)c(=O)c2cc(F)c(N3CCC(CN)C3)cc21,CHEMBL286507
DEC_1037,decoy,CCn1c(=O)n2c(cc1=Nc1c(C)cc(C)cc1C)-c1cc(OC)c(OC)cc1CC2,CHEMBL36033
DEC_1842,decoy,Cc1cc(C#N)cc(-c2ccc3c(c2)C(C)(C)OC(S)=N3)c1,CHEMBL25682
DEC_4152,decoy,N=C(N)c1ccc2oc(C(Cc3ccc(O[C@H]4CCNC4)cc3)C(=O)O)cc2c1,CHEMBL280158
DEC_2916,decoy,CC(=O)OCC(=O)[C@@]1(O)CCC2C3CCC4=CC(=O)CCC4(C)C3C(O)CC21C,CHEMBL440275
DEC_0284,decoy,C=C(C)CCN(C1=NCCN1)c1c(Br)cccc1Br,CHEMBL20490
DEC_2537,decoy,Cn1cncc1C(OCc1nc(N2CCOCC2)c(C#N)cc1-c1cccc(Cl)c1)c1ccc(C#N)cc1,CHEMBL434396
DEC_0172,decoy,C=C(C)CN1C[C@H](OCC23C[C@@H]4[C@H](C)CC[C@H]4C4(C=O)CC2C=C(C(C)C)C34C(=O)O)O[C@H](C)[C@@H](OC)C1,CHEMBL265302
DEC_3716,decoy,CC[C@@H]1CCc2cc3c(C(F)(F)F)cc(O)nc3cc2N1,CHEMBL7177
DEC_3353,decoy,N#CN/C(N)=N\c1cccc(/C(=C\CCCC(=O)O)c2cccnc2)c1,CHEMBL428709
DEC_3167,decoy,CC(=O)OC1=C(Sc2ccccc2)C[C@H]2Cc3cc4cccc(O)c4c(O)c3C(=O)[C@H]2C1,CHEMBL30248
DEC_3582,decoy,CC1=C(C(=O)OC(c2ccccc2)c2ccccc2)N2C(=O)[C@@H](NC3=NC4CC4N3)C2SC1,CHEMBL416710
DEC_0811,decoy,CCS(=O)(=O)c1ccc(OC)c(-c2ccc(C(C)N3CCCCCC3)[nH]2)c1,CHEMBL22022
DEC_1733,decoy,O=S(=O)(c1nc(-c2ccccc2)c(-c2ccccc2)[nH]1)C(F)(F)C(Cl)Cl,CHEMBL415993
DEC_3488,decoy,CCN1CCC(OC(=O)c2c(C)[nH]c(C)c2C)CC1,CHEMBL288944
DEC_0088,decoy,CCCCc1nc(CCCC)n(Cc2ccc(-n3c(F)ccc3-c3nn[nH]n3)cc2)n1,CHEMBL12693
DEC_3745,decoy,C#C[C@]1(O)CCC2C3CCC4=CC(=O)CCC4=C3CCC21C,CHEMBL16523
DEC_4512,decoy,CC[C@@]1(OC(=O)CO[C@@H]2C[C@H](C)CC[C@H]2C(C)C)C(=O)OCc2c1cc1n(c2=O)Cc2cc3ccccc3nc2-1,CHEMBL21560
DEC_3536,decoy,Cc1noc(Cc2ccc3[nH]cc(CCN)c3c2)n1,CHEMBL39712
DEC_2228,decoy,O=C(NC1CCN(CC2CCCCCCC2)CC1)C1c2cc(Cl)ccc2Oc2ccc(Cl)cc21,CHEMBL33278
DEC_4426,decoy,CC[C@H]1CN(C(=O)c2cccc(C)c2C)CCN1C[C@@H](N)CS,CHEMBL284424
DEC_3754,decoy,Oc1cccc([C@@H]2CN3CCC[C@@H]3c3ccccc32)c1,CHEMBL286667
DEC_1864,decoy,CC(C)(C)c1cc(/C=C2\SC(NC#N)=NC2=O)cc(C(C)(C)C)c1O,CHEMBL16048
DEC_1358,decoy,CNc1nc(N2CCN(C)CC2)nc(Cl)c1Cl,CHEMBL31576
DEC_4106,decoy,CCC(c1ccc(O)cc1)C(CC)c1ccc(O)c(CCCN2C(=O)c3cccc([N+](=O)[O-])c3C2=O)c1,CHEMBL46710
DEC_0216,decoy,CSc1c(Cl)nc(N2CCN(C)CC2)nc1NC(C)(C)C,CHEMBL284682
DEC_2648,decoy,CN1CCC(O)(c2nc(-c3ccc(F)cc3)c(-c3ccncc3)[nH]2)CC1,CHEMBL281145
DEC_3439,decoy,Cc1ccccc1N1CCN(C(=O)[C@@H](CCCc2ccccc2)NC(=O)C(C)(C)N)CC1,CHEMBL442151
DEC_3581,decoy,N[C@@H](C(=O)N[C@@H]1C(=O)N2C(C(=O)O)=C(C(F)(F)F)CC[C@H]12)c1ccc(Cl)c(Cl)c1,CHEMBL283321
DEC_1361,decoy,CCNC(=O)/C(C(=O)O)=C(C)\C=C\C=C(C)\C=C\C1=C(C)CCCC1(C)C,CHEMBL14287
DEC_0405,decoy,CC(C)[C@H]1OS(=O)O[C@]1(Cn1cncn1)c1ccc(Cl)cc1,CHEMBL275780
DEC_2499,decoy,CC(C)(C)c1cc(/C=C2\CCOC2=O)cc(C(C)(C)C)c1O,CHEMBL8562
DEC_2813,decoy,COP(=O)(OC)N(C)[C@@H]1CCN2CCc3ccccc3[C@@H]2C1,CHEMBL440101
DEC_3118,decoy,CC12CCC(C1)C(C)(C)C2OC(=O)[C@H](NC(=O)[C@@H](N)CC(=O)O)c1ccccc1F,CHEMBL10064
DEC_0076,decoy,CSc1cccc(N2CCN(CCCON3C(=O)CC4(CCCC4)CC3=O)CC2)c1,CHEMBL10963
DEC_3917,decoy,O=C(O)C1=CC(C2CC2)c2nc(N3CC/C(=N\O)C3)c(F)cc2C1=O,CHEMBL29033
DEC_1254,decoy,Oc1ccc(Oc2nccc(-c3c(-c4ccc(F)cc4)ncn3C3CCNCC3)n2)cc1,CHEMBL14763
DEC_1100,decoy,CC12Cc3ccccc3[C@H](Cc3ccccc31)N2,CHEMBL286318
DEC_3493,decoy,c1ccc2c(c1)nc(NC1CCCC1)c1nncn12,CHEMBL269044
DEC_0281,decoy,N#Cc1c2n(c3c(N4CCN(CCc5cccc(Cl)c5)CC4)ncnc13)CCCC2,CHEMBL28061
DEC_3132,decoy,CCC1Nc2ccccc2C(=O)N1Cc1ccc(-c2ccccc2-c2nn[nH]n2)cc1,CHEMBL279602
DEC_3562,decoy,O=S(=O)(NS(=O)(=O)N1CCc2c(Cl)cccc2C1)N1CCc2c(Cl)cccc2C1,CHEMBL21190
DEC_3799,decoy,CC(=O)N(C)Cc1cc(-c2ncco2)ccc1-c1ccccc1S(=O)(=O)Nc1onc(C)c1C,CHEMBL284656
DEC_0629,decoy,COc1nc(Br)cnc1NS(=O)(=O)c1cccc2c(N(C)C)cccc12,CHEMBL6800
DEC_4215,decoy,C#CCCCC(=O)c1cc(C(C)(C)C)c2c(c1)C(C)(C)CCO2,CHEMBL276337
DEC_1761,decoy,CCC[C@@H]1OC(=O)[C@@H](C)C[C@H](C)CCCCC(=O)CCC[C@@H](CC)CC/C=C(\COC)CC[C@@H](O)[C@@H](O)C[C@H](O)CNC1=O,CHEMBL108758
DEC_0823,decoy,O=C(O)CC/C=C\C[C@H]1[C@H](F)CC[C@@H]1NS(=O)(=O)c1ccc(Cl)cc1,CHEMBL278100
DEC_1505,decoy,CC(C)(C)n1cc(C(=O)O)c(=O)c2cc(F)c(N3CCNCC3)cc21,CHEMBL14971
DEC_3501,decoy,CC[C@]1(c2cccc(O)c2)OC[C@H]([C@@H]2CCCCN2)O1,CHEMBL26022
DEC_3470,decoy,Nc1ccc(C2CCN(C3CCCCC3O)CC2)cc1,CHEMBL20744
DEC_3115,decoy,COC[C@H]1OC(O)=C(C=N)C2=C(O)C(=O)C3=C([C@H](OC(C)=O)C[C@]4(C)C(=O)CC[C@@H]34)[C@]21C,CHEMBL13330
DEC_0569,decoy,CC(C)CN(C1=NCCN1)c1c(Br)cccc1Br,CHEMBL19924
DEC_2535,decoy,CCN(CCOc1ccc(/C=C2\SC(=O)NC2=O)cc1)CC1(C)CCc2c(C)c(O)c(C)c(C)c2O1,CHEMBL6571
DEC_2774,decoy,CCCCC1Nc2ccc(CC)cc2C(=O)N1Cc1ccc(-c2ccccc2-c2nn[nH]n2)cc1,CHEMBL15519
DEC_2130,decoy,COC(=O)/C=C\[C@H]1CCC2=C/C(=N/N=C(N)N)CC[C@@]21C,CHEMBL284903
DEC_1158,decoy,CCCc1ccc(S(=O)(=O)N[C@@H](CC#Cc2ccc(NC)cc2)C(=O)N(C)C2CCCC2)cc1,CHEMBL553108
DEC_3863,decoy,CC1(C)CC1C(=O)N/C(=C\CCCBr)C(=O)O,CHEMBL11321
DEC_1140,decoy,O=C(O)CCc1c(Cc2cccnc2)ccc2c1CCC(NS(=O)(=O)c1ccc(Cl)cc1)C2,CHEMBL28924
DEC_0598,decoy,CC(C)(C)c1cc(C(=O)CS(=O)(=O)CC2CC2)cc2c1OCC2(C)C,CHEMBL266858
DEC_0056,decoy,COc1cc(C[S+]([O-])c2nc3cc(OC(F)(F)C(F)F)ccc3[nH]2)ncc1C,CHEMBL10075
DEC_4058,decoy,CC(=O)n1cc(F)c(=O)n(C(=O)OCc2ccccc2)c1=O,CHEMBL28260
DEC_4349,decoy,Cc1noc(NS(=O)(=O)c2ccccc2-c2ccc(-c3ncco3)cc2)c1C,CHEMBL24461
DEC_3308,decoy,CC[C@]1(c2cccc(Cl)c2)OC[C@H]([C@@H]2CCCCN2)O1,CHEMBL280739
DEC_2176,decoy,CC(C)(C)c1ccc(S(=O)(=O)Oc2cccc3c2C(=O)C(N2CC2)=C(N2CC2)C3=O)cc1,CHEMBL35363
DEC_3769,decoy,N#Cc1cccnc1N1CCN(CCCCN2C(=O)CC(c3ccccc3)(c3ccccc3)C2=O)CC1,CHEMBL288101
DEC_3796,decoy,Cn1c2ccnc(NCc3ccccn3)c2c2ncnc(N3CCN(CCc4ccc(F)c(F)c4)CC3)c21,CHEMBL281326
DEC_4108,decoy,COc1cc(NC(C)CCCN)c2nccc(C)c2c1Oc1cc(C(F)(F)F)cc(C(F)(F)F)c1,CHEMBL12757
DEC_2751,decoy,CSc1sc(C(=N)N)cc1-c1nc(-c2cnccc2Cl)cs1,CHEMBL28723
DEC_3453,decoy,O=C1c2ccccc2C(=O)N1CCCn1c(C2CCNCC2)nc2cc(Cl)c(Cl)cc21,CHEMBL282906
DEC_4051,decoy,Cn1c(=O)c2nc(-c3cccc([N+](=O)[O-])c3)[nH]c2n(C)c1=O,CHEMBL11385
DEC_3274,decoy,CN1CC=C(c2c[nH]c3ccc(-c4ccncc4)cc23)CC1,CHEMBL282799
DEC_1674,decoy,Cn1cnc(S(=O)(=O)Nc2cccc([C@@H](c3c(O)c4c(oc3=O)CCCCCC4)C3CC3)c2)c1,CHEMBL280303
DEC_3420,decoy,CN(C)c1ccccc1CC(=O)N1C[C@H]2[C@@H](C1)C(c1ccccc1)(c1ccccc1)SC[C@@H]2O,CHEMBL41375
DEC_1448,decoy,CS(=O)(=O)Nc1cc([C@@H](O)CNC2CCN(c3ccc(COCC(=O)O)cc3)CC2)ccc1O,CHEMBL32888
DEC_2686,decoy,OC(c1ccc(Cl)cc1)(c1cncnc1)C1CC2CCC1C2,CHEMBL26207
DEC_4471,decoy,CCN[C@H]1C[C@@H](CC)S(=O)(=O)c2sc(S(N)(=O)=O)cc21,CHEMBL9660
DEC_1008,decoy,Nc1ccc(C23CC(C2)C(=O)N(C2CCCCC2)C3=O)cc1,CHEMBL27467
DEC_2519,decoy,O=C1CC(c2ccccc2)(c2ccccc2)C(=O)N1CCCCN1CCN(c2nsc3ccccc23)CC1,CHEMBL34146
DEC_0697,decoy,O=C1Nc2ccc(CCN3CCN(c4nsc5ccccc45)CC3)cc2C12CCCC2,CHEMBL35565
DEC_1562,decoy,C1CCN(P2(N3CCCC3)=N[P@](N3CCCC3)(N3CC3)=N[P@](N3CCCC3)(N3CC3)=N2)C1,CHEMBL28231
DEC_4440,decoy,CN(C)CCNC(=O)C1=C/C(=C\c2cccnc2)c2ccccc21,CHEMBL279520
DEC_1554,decoy,CCN1CCN(c2cc3c(cc2F)c(=O)c(C(=O)O)cn3C2CCC2)CC1,CHEMBL15148
DEC_3675,decoy,CC(C)CN1C2=NCCN2C(=O)c2[nH]cnc21,CHEMBL19144
DEC_4326,decoy,COc1cccc(OC)c1-c1cccc2c1-c1cccc3c1[C@@H](C2)N(C)CC3,CHEMBL283065
DEC_0058,decoy,COc1cnc(C[S+]([O-])c2nc3cc(OC(F)(F)C(F)F)ccc3[nH]2)cc1OC,CHEMBL10070
DEC_2319,decoy,Clc1ccc(C2(Cn3ccnc3)OCC(Cc3ccccc3)O2)c(Cl)c1,CHEMBL30133
DEC_1360,decoy,CCNC(=O)/C(C(=O)O)=C(C)/C=C/C=C(C)/C=C/C1=C(C)CCCC1(C)C,CHEMBL269199
DEC_4479,decoy,O=C(O)Cc1cn2c3c(nc(O)c2n1)-c1cccc(CC(=O)O)c1C3,CHEMBL433424
DEC_3346,decoy,CSCC/N=C(\N)Nc1nc(-c2ccc(CNC(C)=O)o2)cs1,CHEMBL283953
DEC_1103,decoy,CN[C@@H]1CC[C@@H](c2ccccc2)c2ccccc21,CHEMBL38120
DEC_2526,decoy,O=S(=O)(c1cccc2nonc12)N1Cc2ccccc2N(Cc2c[nH]cn2)C(CCc2ccccc2)C1,CHEMBL269156
DEC_3050,decoy,CCn1cc(C(=O)O)c(=O)c2cc(F)c(N3CCCCC3)cc21,CHEMBL444527
DEC_2930,decoy,CCNCC1CCN(c2c(F)cc3c(=O)c(C(=O)O)cn(C4CCC4)c3c2F)C1,CHEMBL6262
DEC_2352,decoy,O=C(Cc1cccs1)Nc1cc(CN2CCCC2)c(O)c(CN2CCCC2)c1,CHEMBL282631
DEC_2564,decoy,CC1(C)C2CCC1(CS(=O)(=O)N1CCC3(CCc4ccccc43)CC1)C(NC(=O)[C@H]1CCCNC1)C2,CHEMBL23890
DEC_1248,decoy,CCN(CC)CCn1nc2c3c(c(NCCN4CCOC4=O)ccc31)Sc1ccccc1-2,CHEMBL287463
DEC_2701,decoy,Clc1ccc2[nH]c3c(c2c1)CCN(CCCCc1ccncc1)C3,CHEMBL12834
DEC_4242,decoy,CC1(C)OC[C@@H](C/C=C\CCC(=O)O)[C@@H](c2cccs2)O1,CHEMBL17957
DEC_0475,decoy,CCN(CC)CCNc1ccc2ncn3c4c(O)ccc(O)c4c(=O)c1c23,CHEMBL268740
DEC_4493,decoy,CO[C@H]1Nc2c(ccc(C)c2O)C(=O)N2C=C(/C=C/C(N)=O)C[C@@H]12,CHEMBL279144
DEC_2351,decoy,Clc1ccc(C2(Cn3ccnc3)OCC(c3ccccc3Cl)O2)cc1,CHEMBL286524
ACT_096,active,COc1ccc(-c2cn3c(C)c(C(=O)Nc4cccc(C)n4)sc3n2)cc1,CHEMBL1394002
DEC_4528,decoy,CC1C/C=C/CCCCCCCCOC(=O)N(CC(O)C(Cc2ccccc2)NC(=O)O[C@H]2CO[C@H]3OCC[C@H]32)C1,CHEMBL60728
DEC_4015,decoy,CO[C@H]1C(=O)N2C(C(=O)C(C)(C)C)=C(C)CS(=O)(=O)[C@H]12,CHEMBL274694
DEC_2910,decoy,O=C(O)CC(=O)N1CCC2(CCC(C(=O)N3CCC(C4CCNCC4)CC3)CC2)CC1,CHEMBL24639
DEC_2337,decoy,CN(C)c1ccc(-c2nnc3c4ccccc4c(N4CCCC4)nn23)c(Cl)c1,CHEMBL276260
DEC_3923,decoy,CC(=O)c1cc2c(s1)[C@@H](NC(=O)c1cccnc1)[C@H](O)C(C)(C)O2,CHEMBL285792
DEC_1914,decoy,CN(C)S(=O)(=O)N(C)[C@@H]1CCN2CCc3ccccc3[C@@H]2C1,CHEMBL282098
DEC_3447,decoy,CC(C)(N)C(=O)N[C@H](Cc1c[nH]c2ccccc12)C(=O)N1CCC2(CCCc3ccccc32)CC1,CHEMBL13841
DEC_0982,decoy,CC(C)CCc1nc2c([nH]1)N1C[C@@H](C(C)C)N=C1N(C)C2=O,CHEMBL19157
DEC_2493,decoy,Cc1ccc2cc3c(ccc4ccccc43)c3c2c1CC3,CHEMBL40583
DEC_2967,decoy,COC1(C2=NC(C)CN2)COc2ccccc2O1,CHEMBL9889
DEC_2973,decoy,C/N=C(/S)C1(c2cccnc2)CCCCC1=O,CHEMBL288807
DEC_1507,decoy,CN1CCC(N2C(=O)c3cccc4c(N)c(Cl)cc(c34)C2=O)CC1,CHEMBL27966
DEC_3633,decoy,CN(C)c1ncnc2c1ncn2Cc1ccc(Cl)cc1,CHEMBL7581
DEC_4169,decoy,Cc1cc(C)cc(-c2cc(NCc3c[nH]cn3)ccc2C(=O)N[C@@H](CC(C)C)C(=O)O)c1,CHEMBL27002
DEC_0924,decoy,CC(C)CC(c1cccc(NS(=O)(=O)c2cn(C)cn2)c1)c1c(O)c2c(oc1=O)CCCCCC2,CHEMBL417449
DEC_0070,decoy,O=C1CC2(CCCC2)CC(=O)N1OCCCN1CCN(c2ccc3ccccc3n2)CC1,CHEMBL430329
DEC_2549,decoy,O=S(=O)(c1ccc(OC(F)(F)F)cc1)C(CSc1ccc(Cl)cc1)S(=O)(=O)C(F)(F)F,CHEMBL273844
DEC_3063,decoy,C(#CCN1CCCCC1)CCC1SCCCS1,CHEMBL296436
ACT_020,active,O=C(/C=C/c1ccc(O)cc1)O[C@H]1[C@@H]2C=CO[C@@H](O[C@@H]3O[C@H](CO)[C@@H](O)[C@H](O)[C@H]3O)[C@@H]2[C@@]2(CO)O[C@@H]12,CHEMBL2332355
DEC_2193,decoy,O=C1CC2(CCCC2)CCN1OCCCN1CCN(c2nsc3ccccc23)CC1,CHEMBL269176
DEC_0015,decoy,CCC[C@H]1C[C@H](NCC)c2cc(S(N)(=O)=O)sc2S1(=O)=O,CHEMBL273599
DEC_3113,decoy,CC(=N)N1CC[C@H](Oc2ccc(C(Cc3cc4ccc(C(=N)N)cc4o3)C(=O)O)cc2)C1,CHEMBL277240
DEC_3498,decoy,Cc1sc2nc3oc(=O)cc(C)c3cc2c1C,CHEMBL22277
DEC_1778,decoy,COc1ccc(NS(=O)(=O)C(F)(F)F)cc1C[C@@H]1COc2ccc(OCc3nc4cc(F)c(F)cc4s3)cc2[C@@H]1O,CHEMBL96224
DEC_1916,decoy,CCCn1c(=O)c2c(nc(C3CCCC3)n2C)n(CCC)c1=O,CHEMBL22099
DEC_0731,decoy,Cc1cc(C)cc(-c2c(O)nc3cc(Cl)c(NC(=O)c4cncnc4)cc3c2OCC[C@@H]2CCCCN2)c1,CHEMBL49293
DEC_0092,decoy,O=C1CC2(CCCC2)CC(=O)N1CCCCNCC1COc2ccc3ccccc3c2O1,CHEMBL12311
DEC_3110,decoy,Cc1c(N2C[C@H](C3(N)CC3)C(F)(F)C2)c(F)c(N)c2c(=O)c(C(=O)O)cn([C@@H]3C[C@@H]3F)c12,CHEMBL6994
DEC_2120,decoy,Cc1cc(C(c2ccccc2)N2CCN(C)CC2)sn1,CHEMBL22007
DEC_2937,decoy,CCC1(O)C(=O)OCc2c1cc1n(c2=O)Cc2c-1nc1ccc(CC#N)cc1c2C,CHEMBL10611
DEC_4435,decoy,CCc1c(F)c(N2CCNCC2)cc2c1c(=O)c(C(=O)O)cn2C1CC1,CHEMBL16181
DEC_0066,decoy,CCCCCn1cnc2c(C#CC#Cc3ncnc4c3ncn4CCCCC)ncnc21,CHEMBL9930
DEC_1301,decoy,Cc1ccccc1-c1cc(C(O)(CCc2ccccc2)c2cncn2C)ccc1C#N,CHEMBL26492
DEC_1896,decoy,CN(C)c1cccc2c(S(=O)(=O)Nc3ccc(Br)cc3)cccc12,CHEMBL6400
DEC_0363,decoy,CC[C@H]1OC(=O)C[C@@H](O)[C@H](C)[C@@H](O[C@@H]2O[C@H](C)[C@@H](O)[C@H](N(C)C)[C@H]2O)[C@@H](C)C[C@@H](C)C(=O)/C=C/C(C)=C/[C@@H]1CO,CHEMBL43337
DEC_1328,decoy,COc1c(Cl)nc(N2CCN(C)CC2)nc1NC(C)C,CHEMBL31403
DEC_0399,decoy,CSC1=NC(c2cccc([N+](=O)[O-])c2SC)C2=C(O)OCC2=N1,CHEMBL22705
DEC_1058,decoy,CC(C)N(CCC1(c2ccccc2)C(=O)N=C(c2ccccc2)N2CCCCC21)C(C)C,CHEMBL25774
DEC_0841,decoy,CC1CN(c2c(F)c(N)c3c(=O)c(C(=O)O)cn(C4CC4)c3c2Cl)CC(C)N1,CHEMBL15536
DEC_0732,decoy,N#Cc1ccccc1CN1CCC[C@@H]1CNC(=S)N1Cc2ccccc2C[C@H]1CNC(=O)Nc1ccccc1,CHEMBL38495
DEC_1644,decoy,CN1CCc2cc(Cl)c(O)cc2C(c2cccc(N=C=S)c2)C1,CHEMBL279634
DEC_4011,decoy,CC1(C)O[C@@H]2[C@@H](CC[C@@]3(COS(N)(=O)=O)OC(C)(C)O[C@@H]23)O1,CHEMBL26300
DEC_2357,decoy,COc1cc(CC(C)N(C)C(C)C)c(OC)cc1I,CHEMBL11094
DEC_1677,decoy,Cn1cncc1C(OCc1ccc(C#N)nc1-c1ccc2c(c1)OC(F)(F)O2)c1ccc(C#N)cc1,CHEMBL41951
DEC_2006,decoy,C[C@H](N)[C@H]1COC(c2ccccc2)(c2ccccc2)O1,CHEMBL28121
DEC_2814,decoy,O=C1CCc2cc3c(c4c5cc6c(cc5n1c24)OCO6)CCNC3,CHEMBL280675
DEC_1570,decoy,O=C(OCCS(=O)(=O)c1ccccc1)N1c2ccccc2[C@@]23O[C@]24CCC[C@@H]3C#C/C=C\C#C[C@H]14,CHEMBL15924
DEC_3497,decoy,CN1c2c(Cl)cc(Cl)cc2CC1C1=NCCN1,CHEMBL41861
DEC_0979,decoy,CN1CCN2CC(c3ccc(N)cc3)c3ccccc3C2C1,CHEMBL6455
DEC_1170,decoy,O=C1COC(/C=C/C2CC2)(C(F)(F)F)c2cc(Cl)ccc2N1,CHEMBL29171
DEC_0294,decoy,Cc1ccccc1-c1cc(C(O)(C#Cc2ccc(C#N)cc2)c2cncn2C)ccc1C#N,CHEMBL282349
DEC_1812,decoy,CC(C)(C)C1=CC(=Nn2cccc2)C=C(C(C)(C)C)C1=O,CHEMBL24297
DEC_0205,decoy,C[C@H](N)Cc1c2c(c(C(F)(F)F)c3c1OCC3)OCC2.Cl,CHEMBL268542
DEC_2733,decoy,CC(/N=c1\c(O)c(O)\c1=N/Cc1ccc(Cl)cc1Cl)C(C)(C)C,CHEMBL19556
DEC_0098,decoy,CCC(C)(C)NC(=O)c1coc(C2C3CCC(O3)C2Cc2ccccc2CCC(=O)O)n1,CHEMBL281726
DEC_3744,decoy,Nc1[nH]c2ccccc2c2nc(C3CCCC3)nc1-2,CHEMBL19970
DEC_0268,decoy,O=C1Nc2ccc(Cl)cc2C(OCC(F)(F)C(F)(F)F)(C(F)(F)F)O1,CHEMBL17009
DEC_2234,decoy,CN(C)c1ccc(/C=C/[C@]2(O)CCC3C4CCC5=CC(=O)CCC5=C4[C@@H](c4ccc(N(C)C)cc4)C[C@@]32C)cc1,CHEMBL303660
DEC_2865,decoy,O=C(O)Cn1c(=O)c2c3c(sc2n(Cc2ccc(Cl)c(Cl)c2)c1=O)CCCC3,CHEMBL36956
DEC_2747,decoy,COc1ccc([C@@]2(C#N)C[C@H]3C[C@H](C(=O)O)C[C@H]3C2)cc1OC1CCCC1,CHEMBL26993
DEC_1330,decoy,CNc1nc(Cl)c(SC)c(N2CCCCC2)n1,CHEMBL36410
DEC_1566,decoy,O=C1CC2(CCCc3ccccc32)C(=O)N1CCCCN1CCN(N2Cc3ccccc3S2)CC1,CHEMBL35539
DEC_0929,decoy,CC1(C)Oc2ccc(S(=O)(=O)N3CCCCC3)cc2[C@H](N(Cc2ncc[nH]2)c2ccc(Cl)cc2)[C@H]1O,CHEMBL11502
ACT_036,active,COc1cccc(-c2cc(F)ccc2[C@H]2Cc3nc(N)nc(C)c3C(NOCCC[C@H](O)CO)=N2)n1,CHEMBL3675266
DEC_0488,decoy,CCC(C)(O)C#Cc1nc(NCc2ccccc2)c2ncn(C(C)C)c2n1,CHEMBL26564
DEC_0998,decoy,CC(C)C(=O)C1=C(O)C(C)(C)C(O)=C(C(=O)C(C)C)C1=O,CHEMBL19916
DEC_2104,decoy,c1cc(CCc2cccc(-c3nn[nH]n3)c2)cc(OCc2ccc3ccccc3n2)c1,CHEMBL279770
DEC_4533,decoy,O=C(O)c1cn(C2CC2)c2cc(N3CCN(/C=C/CN4CCN(c5ccccc5F)CC4)CC3)c(F)cc2c1=O,CHEMBL63245
DEC_2845,decoy,C[C@@H](/N=c1\c(O)c(O)\c1=N/c1ccc(C#N)cc1Cl)C(C)(C)C,CHEMBL18931
ACT_035,active,Oc1cc(O)c(-c2ccnn2-c2ccccc2Cl)cc1CCc1ccccn1,CHEMBL3982842
ACT_025,active,Nc1nc2cc(n1)-c1cc(c(Cl)cc1Cl)OCCCCOc1cccc(c1)S2,CHEMBL1939373
DEC_4212,decoy,C[C@]12CCC(=O)C=C1CCC1C2CC[C@@]2(C)C1CC[C@@H]2OC1CC1,CHEMBL267913
DEC_1030,decoy,O=S1O[C@H](c2ccc(Cl)cc2)[C@@](Cn2cncn2)(c2ccc(Cl)cc2Cl)O1,CHEMBL10200
DEC_4291,decoy,CN1CC(=O)/C(=C(O)\C=C\C=C\c2ccc(N(C)C)cc2)C1=O,CHEMBL10507
DEC_4505,decoy,C[C@@H]1[C@@H](N)CN1c1nc2c(cc1F)c(=O)c(C(=O)O)cn2C1CC1,CHEMBL19581
DEC_1893,decoy,Cc1noc(NS(=O)(=O)c2cccc3c(N(C)C)cccc23)c1[N+](=O)[O-],CHEMBL27420
DEC_0900,decoy,CC1=NN(C(=O)Nc2cccc3ccccc23)C(C)=NN1C(=O)Nc1cccc2ccccc12,CHEMBL17731
DEC_3550,decoy,CSc1ccccc1N1C(N)=NC(N)=NC1(C)C,CHEMBL21642
DEC_0890,decoy,CC(=O)[C@@]12OC(C)(c3ccco3)OC1CC1C3CCC4=CC(=O)CC[C@]4(C)C3CC[C@@]12C,CHEMBL13409
DEC_3931,decoy,CNc1nc(N2CCN(C)CC2)nc(Cl)c1Br,CHEMBL285326
DEC_2720,decoy,Cc1cc(C(c2ccc(C(C)C)cc2)N2CC(C)NC(C)C2)sn1,CHEMBL24942
DEC_1207,decoy,COc1c2occc2c(CN2CCCCC2)c2ccc(=O)oc12.Cl,CHEMBL6701
DEC_2691,decoy,Cc1cc(C)cc(COCC2(c3ccccc3)CCNCC2)c1,CHEMBL277918
DEC_0024,decoy,C[C@]1(N2C(=O)c3c(F)c(F)c(F)c(F)c3C2=O)CCC(=O)NC1=O,CHEMBL10989
DEC_4331,decoy,O=S(=O)(c1nc(-c2ccc(F)cc2)c(-c2ccc(F)cc2)[nH]1)C(F)(F)F,CHEMBL18235
DEC_0834,decoy,C=C1[C@@H](O)C[C@H](OC(C)=O)[C@@]2(C)[C@@H](OC(C)=O)[C@H](OC(C)=O)C3=C(C)[C@@H](OC(C)=O)C[C@@H]([C@@H](OC(C)=O)[C@H]12)C3(C)C,CHEMBL312298
DEC_0936,decoy,COC(OC)[C@@]1(C)Oc2ccc(N)cc2[C@H](N(Cc2ncc[nH]2)c2ccc(OC(F)(F)F)cc2)[C@H]1O,CHEMBL47196
DEC_2103,decoy,CC(C)c1cccc(C(C)C)c1OC(=O)NS(=O)(=O)N(C(C)C)C(C)C,CHEMBL21794
ACT_019,active,O=C(c1cc(-n2ccc3cc(Br)ccc32)c(O)cc1O)N1Cc2ccccc2C1,CHEMBL3260490
DEC_0210,decoy,COC[C@H]1OC(=O)c2coc3c2[C@@]1(C)C1=C(C3=O)[C@@H]2CCC(=O)[C@@]2(C)CC1,CHEMBL13513
DEC_3003,decoy,CN1C[C@H](CC#N)C=C2c3cccc4c3[C@@H](CN4)C[C@H]21,CHEMBL285723
DEC_0040,decoy,C[C@H]1C[C@H]2[C@@H]3CCC4=CC(=O)C=C[C@]4(C)[C@@]3(F)[C@@H](O)C[C@]2(C)[C@@]1(O)C(=O)CO,CHEMBL632
DEC_0374,decoy,COC(=O)[C@]1(C)Nc2c(O)cc3c(c2C1=O)C[C@H](Br)CN3C(=O)c1cc2cc(OC)c(OC)c(OC)c2[nH]1,CHEMBL322666
DEC_1192,decoy,CC(C)N1CCN(c2cc3c(cc2F)c(=O)c(C(=O)O)cn3C2CC2)CC1,CHEMBL15362
DEC_4247,decoy,CCC(c1ccc(O)cc1)C(CCCl)c1ccc(O)cc1,CHEMBL7203
DEC_3137,decoy,CNc1cccc2c(S(=O)(=O)Nc3ncc(Br)nc3OC)cccc12,CHEMBL6555
DEC_0745,decoy,Cc1cc(C)cc(-c2c(O)nc3cc(Cl)c(CC(=O)Nc4ccncn4)cc3c2OCCC2CCCCN2)c1,CHEMBL45501
DEC_4157,decoy,C=CC(=O)Nc1ccc2ncnc(Nc3ccc(F)c(Br)c3)c2c1,CHEMBL280757
DEC_1466,decoy,CCc1c2c(nc3cnccc13)-c1cc3c(c(=O)n1C2)COC(=O)[C@]3(O)CC,CHEMBL12926
DEC_3901,decoy,CCCC(=O)NC[C@@H]1C[C@H]1c1cccc2c1OC(C(C)C)N2,CHEMBL553105
DEC_1269,decoy,CCNC(=O)/C(C(=O)OCC)=C(C)\C=C\C=C(C)\C=C\C1=C(C)CCCC1(C)C,CHEMBL13967
DEC_1576,decoy,Cc1nc(-c2c3n(c4c(N5CCN(CCc6ccccc6)CC5)ncnc24)CCCC3)sc1C,CHEMBL26892
DEC_2077,decoy,CCSc1ccnc(C[S+]([O-])c2nc3ccccc3n2COC)c1C,CHEMBL10283
DEC_1787,decoy,C=C(C)[C@@]12C[C@@H](C)C34OC(c5ccccc5)(OC1[C@@H]3C=C(COC(=O)Cc1ccc(O)c(OC)c1)C[C@]1(O)C(=O)C(C)=C[C@@H]41)O2,CHEMBL99940
DEC_1619,decoy,CCC(C)(C)/N=c1\c(O)c(O)\c1=N/Cc1c(C)cc(Br)cc1C,CHEMBL19620
ACT_070,active,COc1ccc(N(/N=C2\Sc3ccccc3C2=O)C(C)=O)cc1,CHEMBL3209766
DEC_3225,decoy,CN1Cc2sc(Cl)cc2C(c2ccc(Br)cc2)C1,CHEMBL275396
DEC_4332,decoy,Cc1cc(-c2nc(-c3ccc(F)cc3)c(-c3ccncc3)[nH]2)cc(C)c1O,CHEMBL17158
DEC_1683,decoy,Cc1cc(C)c(NC(=O)c2sccc2S(=O)(=O)Nc2onc(C)c2Cl)c(C)c1CC#N,CHEMBL18626
DEC_2106,decoy,CCCN(CCC)C1CCc2cccc(OS(=O)(=O)C(F)(F)F)c2C1,CHEMBL28437
DEC_1816,decoy,CN(c1ccccc1Cl)c1nc2ccccc2n2cncc12,CHEMBL29549
DEC_2846,decoy,CC1(C)N=C(N)N=C(N)N1c1cccc(SCc2ccccc2)c1,CHEMBL20975
DEC_4492,decoy,O=C(CBr)NCCn1cnc2ncnc-2c1O,CHEMBL14803
DEC_1376,decoy,Cc1c(/C=C/O)nc(O)c2c1ccc1nc(Nc3c(Cl)cccc3Cl)n(C)c12,CHEMBL27485
DEC_2770,decoy,O=c1c2c(oc(O)c1C(c1cccc(S(=O)(=O)Nc3ccccc3)c1)C1CC1)CCCCCC2,CHEMBL16421
DEC_0247,decoy,Nc1c(Cl)cc2c3c(cccc13)C(=O)N([C@@H]1CN3CCC1CC3)C2=O,CHEMBL28499
DEC_3912,decoy,FC(F)(F)Cn1ncnc1-c1ccccc1NCC1=NCCN1,CHEMBL17764
DEC_3418,decoy,CCCn1c(=O)c2nc(-c3ccc(I)cc3)[nH]c2n(CCC)c1=O,CHEMBL36963
DEC_2437,decoy,COc1cc(OCc2cccc(OCc3ccc4ccccc4n3)c2)cc(-c2nn[nH]n2)c1,CHEMBL18600
DEC_0245,decoy,Clc1ccc(N2CCN(Cc3cnc4ncccn34)CC2)cc1,CHEMBL267853
DEC_2404,decoy,COc1c(Cl)c(O)c(C=O)c(OC)c1Cl,CHEMBL10630
DEC_0905,decoy,CC1=NN(C(=O)Nc2ccc(Cl)cc2)C(C)=NN1C(=O)Nc1ccc(Cl)cc1,CHEMBL18167
DEC_1415,decoy,NS(=O)(=O)c1cc(NCCNCC(O)COc2cccc3c2SCC(=O)N3)ccc1Cl,CHEMBL43968
DEC_1215,decoy,CCN(C)CC#CCCC1(C2(O)c3ccccc3Sc3ccccc32)SCCCS1,CHEMBL40930
DEC_1995,decoy,OC[C@H]1CC[C@@H](O)[C@H](N2CCC(c3ccccc3)CC2)C1,CHEMBL21375
DEC_3373,decoy,COc1cc2c(cc1OC)C(COCCN1CCN(C)CC1)OCCC2,CHEMBL10119
DEC_2364,decoy,CC1CC(OCC(O)CNC(C)(C)C)CC(C)(C)C1,CHEMBL25929
DEC_1464,decoy,O=C(O)c1c(=O)c2cc(F)c(N3CCNCC3)cc2n2ccsc12,CHEMBL28129
DEC_2217,decoy,C=C1/C(=C\C=C2/CCC[C@]3(C)C([C@H](C)CCCC(O)(C(F)(F)F)C(F)(F)F)CC[C@@H]23)C[C@@H](O)C[C@@H]1O,CHEMBL284143
DEC_0592,decoy,Fc1ccc(C(OC2CC3CCC(C2)N3CC2CC2)c2ccc(F)cc2)cc1,CHEMBL440272
DEC_2140,decoy,CC1C(N)CN1c1cc2c(cc1F)c(=O)c(C(=O)O)cn2C1CC1,CHEMBL19927
DEC_1241,decoy,COc1cc2c(Nc3c(F)cc(Cl)cc3F)ncnc2cc1OCC1CCNCC1,CHEMBL25450
DEC_1028,decoy,CC(C)Oc1nccc2c1c1ncnc(N3CCN(CCc4ccc(F)c(F)c4)CC3)c1n2C,CHEMBL283253
DEC_2418,decoy,C=CC(=O)Nc1ccc2ncnc(Nc3ccc(CN(C)C)c(Br)c3)c2c1,CHEMBL283201
DEC_0404,decoy,CC(C)CCCc1nc2c([nH]1)N1C[C@@H](C(C)C)N=C1N(C)C2=O,CHEMBL18524
DEC_4502,decoy,Cn1cc(-c2csc(C(N)=O)n2)c2c1C(=O)C=C(N)C2=O,CHEMBL9079
DEC_1067,decoy,Cc1sc(C)c2c1CCC=C2c1c[nH]cn1,CHEMBL284795
DEC_2314,decoy,CO/N=C(\C)c1ccc(Sc2cc(F)cc(C3CCOCC3)c2)cc1,CHEMBL282816
DEC_2859,decoy,O=[N+]([O-])c1cc(/C=N/c2ccc(-c3ncon3)cc2)ccc1Cl,CHEMBL416004
DEC_0576,decoy,C[C@H]1CNc2cc3nc(O)cc(C(F)(F)F)c3cc2C1CCC(F)(F)F,CHEMBL281945
DEC_0302,decoy,OC1CCCCC1N1CCC(C2CCCCC2)CC1,CHEMBL21309
DEC_2835,decoy,C=C(C)c1cccc2c(S(=O)(=O)Nc3onc(C)c3C)cccc12,CHEMBL281942
DEC_2825,decoy,Cc1cnoc1NS(=O)(=O)c1cccc2c(N(C)C)cccc12,CHEMBL283300
DEC_0756,decoy,CN(C)CCCc1c(/C=C2\C(=O)Nc3ccc(S(=O)(=O)Nc4ccccc4Cl)cc32)[nH]c2c1CCCC2,CHEMBL56504
DEC_1375,decoy,Brc1cccc(Br)c1N(Cc1cccs1)C1=NCCN1,CHEMBL278118
DEC_3183,decoy,Cc1cc(C(=O)Nc2ccc(C3=NCCN3C)cc2F)n(-c2ccc3cc(Cl)ccc3c2)n1,CHEMBL20391
DEC_3776,decoy,COc1ccc(CC[S+]([O-])CCCN2CCc3cc(OC)c(OC)cc3CC2=O)cc1OC,CHEMBL34757
DEC_4066,decoy,Oc1ccc2c3c1OC1[C@H]4OC[C@@]4(CCCCc4ccccc4)CC4C(C2)N(CC2CCC2)CCC341,CHEMBL9832
DEC_0435,decoy,CN(C)c1cccc2c(S(=O)(=O)Nc3cnccn3)cccc12,CHEMBL6399
DEC_2240,decoy,OC1(C2(CCC#CCN3CCCCC3)SCCCS2)c2ccccc2Sc2ccc(Cl)cc21,CHEMBL295510
DEC_2299,decoy,Cc1cn(C2OC(COC(c3ccccc3)(c3ccccc3)c3ccccc3)C(F)C2F)c(=O)[nH]c1=O,CHEMBL42700
DEC_1754,decoy,NC(=O)N(O)Cc1ccc(-c2nc(-c3ccc(F)cc3)c(-c3ccncc3)[nH]2)cc1,CHEMBL17293
DEC_0354,decoy,CC[C@H]1OC(=O)[C@H](C)C(=O)[C@H](C)[C@@H](O[C@@H]2O[C@H](C)C[C@H](N(C)C)[C@H]2O)[C@](C)(OC)C[C@@H](C)CN(C)[C@H](C)[C@@H](O)[C@]1(C)O,CHEMBL81380
DEC_3635,decoy,CC1(C)N=C(N)N=C(N)N1c1cc(Cl)cc(Cl)c1,CHEMBL284133
DEC_2375,decoy,CC1=C/C(=N/n2cccc2)C=C/C1=N/n1cccc1,CHEMBL277181
ACT_094,active,CC(=O)c1ccc(N=Nc2c(C)[nH]n(-c3ccccc3)c2=O)cc1,CHEMBL3145193
DEC_0748,decoy,CC(=O)Nc1ccc(OP(=O)(Oc2ccc(NC(C)=O)cc2)C2CCCN2C(=O)C2CCCN2)cc1.Cl,CHEMBL265344
DEC_0541,decoy,O=C1c2nc[nH]c2N(CC2CCCCC2)C2=NCCN12,CHEMBL19135
DEC_4383,decoy,C[C@]12CC[C@H](O)[C@@](C)(CO)C1C[C@H](O)[C@@]1(C)Oc3cc(-c4ccc(Cl)nc4)oc(=O)c3C(=O)C21,CHEMBL25149
DEC_4120,decoy,O=C(C[C@@H](Cc1ccc(-c2ccccc2)cc1)C(=O)N[C@H]1c2ccccc2C[C@H]1O)NO,CHEMBL8702
DEC_2446,decoy,COc1ccc(CCCOC(=O)[C@@H]2CCCN2/C(S)=N/C2CCCCC2)cc1OC,CHEMBL30416
DEC_4145,decoy,O=C(O)C(CC#Cc1ccccc1)NS(=O)(=O)c1ccc(Oc2ccccc2)cc1,CHEMBL10822
DEC_1769,decoy,COC1=C(OC)[C@@]2(OC)c3c(O)c(OC)c4c(c3O[C@@]23O[C@@H](c2ccccc2)CC=C3C1=O)[C@@H](O)C[C@H](c1ccccc1)O4,CHEMBL34536
DEC_3194,decoy,COc1cc([C@@H]2c3[nH]c4ccc5ccccc5c4c3C[C@H]3COC(=O)N32)cc(OC)c1O,CHEMBL10683
DEC_1380,decoy,C=CCONC1=NC(=O)/C(=C/c2cc(C(C)(C)C)c(O)c(C(C)(C)C)c2)S1,CHEMBL16127
DEC_2207,decoy,COc1ccnc(C[S+]([O-])c2nc3cc(OCC(F)(F)F)ccc3[nH]2)c1OC,CHEMBL273395
DEC_0102,decoy,OC[C@@]1(CCCc2ccccc2)CC2C3Cc4ccc(O)c5c4C2(CCN3CC2CC2)C(O5)[C@@H]1O,CHEMBL275125
DEC_3098,decoy,CNCCC=C1c2ccccc2CCc2ccccc21,CHEMBL445
DEC_0919,decoy,COc1cc(O)c2c(c1C)C(=O)CCCCC/C(S)=N/[C@H](c1nc(NC(=O)[C@H](C)N)no1)CSC2,CHEMBL36898
DEC_1708,decoy,Cc1cc(C)c(NC(=O)c2sccc2S(=O)(=O)Nc2onc(C)c2C)c(C)c1CC#N,CHEMBL279471
DEC_3263,decoy,Cc1c2ccncc2c(C)c2c1[nH]c1c(O)cccc12,CHEMBL32223
DEC_0637,decoy,O=C(O)C(CCCCn1cnc2c1NC=NCC2O)Cc1ccccc1Br,CHEMBL36045
DEC_2285,decoy,O=C(OCCCc1ccc(Br)cc1)[C@@H]1CCCN1C(=S)NC12C[C@H]3C[C@@H](C1)C[C@@H](C2)C3,CHEMBL33934
DEC_2322,decoy,O=C1O[C@H](c2ccc(Cl)cc2Cl)[C@@](Cn2cncn2)(c2ccccc2)O1,CHEMBL10447
DEC_0636,decoy,Cn1cncc1C(O)(CN1CCC(C#N)=C(c2cccc3ccccc23)C1)c1ccc(C#N)cc1,CHEMBL282161
DEC_3583,decoy,CC1=C(C(=O)OC(c2ccccc2)c2ccccc2)N2C(=O)[C@@H](NC3=NC(C)C(C)N3)C2SC1,CHEMBL13586
DEC_4475,decoy,C[C@H]1COc2c(N3CC(N)C3)c(F)cc3c(=O)c(C(=O)O)cn1c23,CHEMBL283798
DEC_3570,decoy,O=C1NC(=O)C(CC#Cc2ccc(Cl)cc2)(S(=O)(=O)c2ccc3ccccc3n2)S1,CHEMBL12503
DEC_0680,decoy,CNc1cc(NC(=O)OC)ccc1NC1=C2C=CCC(C)(C)C2=NC2C1=CC=CC2(C)C,CHEMBL41259
DEC_3681,decoy,N[C@H](COCc1ccccc1)Cc1c[nH]cn1,CHEMBL19413
DEC_1489,decoy,Oc1ccc2c(c1)OC[C@@H](N1CCC(O)(c3ccc(F)cc3)CC1)[C@H]2O,CHEMBL17703
DEC_3592,decoy,COc1cccc2c1CC[C@H]1CN(CCn3c(=O)[nH]c4c(sc5ccc(C#N)cc54)c3=O)C[C@@H]21,CHEMBL41155
DEC_3156,decoy,C[C@H](OC(=O)/C=C/c1ccc(O)c(O)c1)[C@H](C)OC(=O)/C=C/c1ccc(O)c(O)c1,CHEMBL31883
DEC_0391,decoy,CC(=O)N1Cc2c(O)c3c(c(O)c2[C@@H](OC2C[C@H](NC(=O)C(F)(F)F)[C@H](O)[C@H](C)O2)C1)C(=O)c1ccccc1C3=O,CHEMBL24317
DEC_3958,decoy,CSc1c(Cl)cc(-n2ncc(=O)[nH]c2=O)cc1Cl,CHEMBL26375
DEC_0319,decoy,CC(C)(C)C1CCC(NC(=O)N(CCCl)N=O)CC1,CHEMBL12827
DEC_3452,decoy,O=C(O)[C@@H]1C[C@@H](C2CCCCC2)CN1C(=O)CP(=O)(O)CCCCc1ccccc1,CHEMBL581
DEC_3483,decoy,Cc1cc(C)c(S(=O)(=O)OCCCl)c(C)c1,CHEMBL17523
DEC_1325,decoy,c1ccc2c(c1)OCC(OC1CCCC1)(C1=NCCN1)O2,CHEMBL417789
DEC_4352,decoy,COc1ccc2c(c1OC)C(C#N)N1CCc3cc4c(cc3C1=C2)OCO4,CHEMBL11733
DEC_3673,decoy,O=Cc1cccc(C=O)c1OP(=O)(O)O,CHEMBL279466
DEC_1872,decoy,Cc1c(F)c(N2CCC(C)(CN)C2)c(F)c2c1c(=O)c(C(=O)O)cn2C1CC1,CHEMBL279647
DEC_2805,decoy,C[C@@H]1Oc2ccc(OCc3nc4cc(F)ccc4s3)cc2[C@H](O)[C@@H]1Cc1cccc(C(=O)O)c1,CHEMBL50399
DEC_0141,decoy,O=C(NCCc1cccc2ccccc12)[C@H](CC#Cc1ccc(F)cc1F)NCP(=O)(O)O,CHEMBL290868
DEC_1419,decoy,O=C(Nc1ccc(C[C@H](/N=c2/c(N3CCNCC3)c(O)c2=O)C(=O)O)cc1)c1c(Cl)cncc1Cl,CHEMBL9866
DEC_3734,decoy,OC(Cn1ccnc1)c1ccc2c(c1)Cc1ccccc1-2,CHEMBL42928
DEC_2848,decoy,Nc1nc2c(cnn2CCc2ccccc2)c2nc(-c3ccccc3)nn12,CHEMBL280411
DEC_4217,decoy,CC[C@@H]1C[C@H](CC)c2cc3c(C(F)(F)F)cc(O)nc3cc2N1,CHEMBL7383
DEC_3509,decoy,C/C(=N\N=C(/S)N1CCCCC1)c1ccccn1,CHEMBL31091
DEC_3875,decoy,CN(C)C/C=C(\c1cccnc1)c1cccc(F)c1,CHEMBL34607
DEC_2543,decoy,N#Cc1ccc(Cn2cncc2CN2CCN(c3cccc(Cl)c3)C(=O)C2)cc1Oc1ccccc1,CHEMBL31031
DEC_1681,decoy,COc1ccc(C(CCC(=O)O)O[C@@H]2O[C@@H]3OC4(C)CC[C@H]5[C@H](C)CCC([C@H]2C)C35OO4)cc1,CHEMBL30493
DEC_0328,decoy,N#Cc1ccc(-c2ccc3c(c2)C2(CCCCC2)C(S)=N3)o1,CHEMBL27766
DEC_0882,decoy,O=C(O)[C@H]1CSC(c2nc3ccc(O)c(I)c3s2)=N1,CHEMBL277114
DEC_1873,decoy,O=C(c1cc2ccccc2[nH]1)c1cc2cc(OC(=O)C3CCC3)ccc2[nH]1,CHEMBL7496
DEC_1045,decoy,CC(C)c1cccc(C(C)C)c1OS(=O)(=O)NC(=O)OC12CC3CC(CC(C3)C1)C2,CHEMBL22836
DEC_1276,decoy,Cc1ccccc1-c1cc(C(OCc2ccccc2)c2cncn2C)ccc1C#N,CHEMBL28937
DEC_2142,decoy,C=CC1CN2CCC1CC2C(O)c1ccnc2ccccc12,CHEMBL15134
DEC_4473,decoy,CC1(C(=O)NN)C(=O)Nc2cc3[nH]c(-c4ccncc4)nc3cc21,CHEMBL23647
DEC_4362,decoy,C=C1C(C)C2C(Cc3ccccc3)NC(=O)C23OC(=O)/C=C/C(O)CCCC(C)C/C=C/C3C1O,CHEMBL56897
DEC_4396,decoy,O=C(CN1CCC(n2c(O)nc3ccccc32)CC1)NC1CCc2ccccc2C1Cc1cccnc1,CHEMBL298037
DEC_4456,decoy,CNc1nc(Cl)c(Sc2ccccc2)c(N2CCN(C)CC2)n1,CHEMBL14899
DEC_2497,decoy,C[C@]12N[C@H](Cc3ccccc31)c1c2ccc2ccccc12,CHEMBL282929
DEC_2515,decoy,CC(C)C1=CC2CC3(C=O)[C@@H]4CC[C@@H](C)[C@H]4CC2(CO[C@H]2CN(C4C=CCCC4)[C@H](C)CO2)[C@]13C(=O)O,CHEMBL287408
ACT_081,active,CN1CCc2c3c(n(-c4cc(F)c(C(N)=O)c(N[C@H]5CCOC5)c4)c2C1)CC(C)(C)CC3=O,CHEMBL3235333
DEC_3897,decoy,CCCN(CCC)CCc1ccc(O)c2nc(O)oc12,CHEMBL275155
DEC_3785,decoy,CCCCCCC[C@H]1OC(=O)C[C@@H](OCOC)[C@H](Cc2ccccc2)N(C)C(=O)[C@H](C)OC(=O)[C@H]1C,CHEMBL39969
DEC_4467,decoy,CC(=O)N[C@H]1[C@H](N2CCCCC[C@@H]2CO)C=C(C(=O)O)C[C@@H]1N,CHEMBL25549
DEC_3465,decoy,CC1C(=O)Nc2cc3[nH]c(-c4ccncc4)nc3cc21,CHEMBL24232
DEC_2905,decoy,CC(=O)N1CCc2c(sc(NC(=O)c3cccnc3)c2C(=O)c2ccccc2Cl)C1,CHEMBL291172
DEC_3117,decoy,Clc1ccc(C2=CCc3ccccc3N=C2N2CCNCC2)cc1.O=C(O)/C=C/C(=O)O,CHEMBL276351
DEC_4285,decoy,O=C(O)Cc1ccc2c(c1)C(=O)Cc1ccc(Cl)cc1O2,CHEMBL10925
DEC_1599,decoy,C=C1CC2C3CCC4=CC(=O)C=CC4(C)C3C(O)CC2(C)[C@@]1(OC(=O)c1ccco1)C(=O)COC(C)=O,CHEMBL41296
DEC_2436,decoy,Cc1noc(NS(=O)(=O)c2cccc3c(NCCCC(=O)O)cccc23)c1C,CHEMBL418202
DEC_0997,decoy,OC(c1ccccc1)C(O)(Cn1cncn1)c1ccccc1,CHEMBL10306
DEC_0090,decoy,C=CCOC(=O)NC1C2C(=O)CC(c3ccc(O)cc32)C1C(=O)OCC[Si](C)(C)C,CHEMBL12742
DEC_4526,decoy,O=C(NC(Cc1ccccc1)C(O)CN1CCCCCCCCC/C=C/CCOC1=O)O[C@H]1CO[C@H]2OCC[C@H]21,CHEMBL59732
DEC_2696,decoy,CC(C)CCC(C)N1CCC(N2C(=O)N[C@@H]3CCCC[C@H]32)CC1,CHEMBL26909
DEC_3161,decoy,CC1(C)CCC[C@@](C)(C2CC[C@]3(C)C2[C@H](O)CC2[C@@]4(C)CC[C@H](O)C(C)(C)C4[C@@H](O)C[C@]23C)O1,CHEMBL29084
DEC_3281,decoy,Brc1ccc2[nH]cc(C3=CCNCC3)c2c1,CHEMBL27592
DEC_4344,decoy,COc1cccc(Oc2ccc3c(c2)[C@@]24CCCC[C@H]2[C@@H](C3)N(C)CC4)c1,CHEMBL280727
DEC_0577,decoy,N#Cc1ccc(Cn2ccnc2)cc1Oc1cccc(Br)c1,CHEMBL23019
DEC_4240,decoy,c1ccc(-c2nc(C3OCCCCO3)[nH]c2-c2ccccc2)cc1,CHEMBL285659
DEC_0423,decoy,CC1(C)OC[C@@H](C/C=C\CCC(=O)O)[C@@H](c2cncnc2)O1,CHEMBL18324
DEC_2383,decoy,O=NN(CCCl)C(=O)NC1CCCC(C(=O)O)C1,CHEMBL273983
DEC_3790,decoy,CCc1cc2c(=O)n(N)c(SCCCN3CCN(c4ccccc4[N+](=O)[O-])CC3)nc2s1,CHEMBL12151
DEC_4304,decoy,N#Cc1ccc2c3c4c(cc5c3n(c2c1)C(=O)CC5)CNCC4,CHEMBL22257
DEC_4131,decoy,C=CCNc1ccc(-c2ccc(N3CC(CNC(C)=O)OC3=O)cc2)ccc1=O,CHEMBL6519
DEC_4395,decoy,COc1cccc2c1CC[C@H]1CN(CCn3c(=O)[nH]c4c(sc5ccc(C)cc54)c3=O)C[C@@H]21,CHEMBL40310
DEC_0754,decoy,N#Cc1cccc(CN2CCC[C@@H]2CNC(=S)N2Cc3ccccc3C[C@H]2CNC(=O)Nc2ccccc2)c1,CHEMBL290240
DEC_0746,decoy,CCc1nc2c(NC(C)=O)c(OC3CCN(C(C)=N)CC3)ccc2n1Cc1ccc2ccc(C(=N)N)cc2c1,CHEMBL280769
DEC_1052,decoy,C/N=C(/S)[C@@]1(c2cccnc2)CCCC[C@@H]1CCNS(=O)(=O)c1ccc(Cl)cc1,CHEMBL290871
DEC_2965,decoy,CC1(C)C=C2C(=O)C(C)(C)C(=O)C(C)(C)[C@@]2(O)OO1,CHEMBL34459
DEC_1774,decoy,CCC[C@@H]1OC(=O)[C@@H](C)C[C@H](C)CCCCC(=O)CCC[C@@H](CC)/C=C/C=C(\COC)CC[C@@H](O)[C@@H](O)C[C@H](O)CNC1=O,CHEMBL442007
DEC_1922,decoy,Clc1ccc2c(Cl)cc3nc(-c4nn[nH]n4)cn3c2c1,CHEMBL13460
DEC_1551,decoy,O=c1cnn(-c2ccc(Sc3ccc(Br)cc3)c(Cl)c2)c(=O)[nH]1,CHEMBL26020
DEC_2875,decoy,CN(C)c1cccc2c(S(=O)(=O)Nc3ccc(Br)cn3)cccc12,CHEMBL6411
DEC_1350,decoy,CCCCOC1(C2=NCCN2)COc2ccccc2O1,CHEMBL10294
DEC_3718,decoy,C[C@H]1Cc2cc3c(C(F)(F)F)cc(O)nc3cc2N[C@@H]1C,CHEMBL6983
DEC_1845,decoy,CCCC1CCNc2cc3oc(=O)cc(C(F)(F)F)c3cc21,CHEMBL6855
DEC_2365,decoy,C=C(Br)S(=O)(=O)OCCCl,CHEMBL17255
DEC_1640,decoy,CONC1=NC(=O)/C(=C/c2cc(C(C)(C)C)c(O)c(C(C)(C)C)c2)S1,CHEMBL15791
DEC_0394,decoy,CC(=O)O[C@@H]1C2=C(C)C(=O)C[C@@](O)([C@@H](OC(=O)c3ccccc3)[C@@H]3[C@]4(OC(C)=O)CO[C@@H]4C[C@H](O)[C@@]3(C)[C@H]1O)C2(C)C,CHEMBL265977
DEC_3051,decoy,CSc1ccc(C(=O)c2ccc3n2CCCCC3C(=O)O)cc1,CHEMBL9214
DEC_1002,decoy,Cn1cc(C2=NCC3(C[N+]4([O-])CCC3CC4)O2)c2ccccc21,CHEMBL274094
DEC_3469,decoy,Clc1ccc(Cl)c(NC2=NCCN2)c1Cl,CHEMBL275119
DEC_0277,decoy,CN1CCC23c4c5ccc(O)c4OC2[C@H]2OC[C@@]2(CCCCc2ccccc2)CC3C1C5,CHEMBL9968
DEC_0671,decoy,OC1(C2(CCC#CCN3CCCCC3)SCCCS2)c2ccccc2Oc2ccccc21,CHEMBL40355
DEC_0515,decoy,CC1=CC2Cc3nc(O)ccc3C3(C1)NCC(C)=C23,CHEMBL39918
DEC_0206,decoy,Oc1ccc2c3c1O[C@H]1[C@H](N=C=S)CCC4C(C2)N(CC2CC2)CCC341,CHEMBL269375
DEC_0737,decoy,C=C1/C(=C/C=C2/CCC[C@@]3(C)C2CCC3[C@H](C)C[C@H]2C[C@](C)(O)C(=O)N2Cc2ccccc2)C[C@@H](O)C[C@@H]1O,CHEMBL314009
DEC_0753,decoy,Cc1cc(C)cc(-c2c(O)nc3cc(Cl)c(C(=O)Nc4ccncn4)cc3c2OCC[C@@H]2CCCCN2)c1,CHEMBL52278
DEC_1327,decoy,CN(C)CCCNc1ccnc2cccc([N+](=O)[O-])c12,CHEMBL440845
DEC_2262,decoy,[O-][n+]1ccc(CC(c2ccc(C3(O)CC3)cc2)c2ccc(OC(F)F)c(OC(F)F)c2)cc1,CHEMBL35440
DEC_0975,decoy,CN(C=O)[C@H]1CCC2C3CC[C@H]4NC(=O)C=C[C@]4(C)C3CC[C@@]21C,CHEMBL277563
DEC_2191,decoy,C=CCNC(=O)C1C2C(=O)CC(c3ccc(O)cc32)C1C(=O)OCC[Si](C)(C)C,CHEMBL12490
DEC_3865,decoy,CCCCC/C=C(\NC(=O)C1CC1(Cl)Cl)C(=O)O,CHEMBL12001
DEC_1275,decoy,CC(C)N(CCC1(c2ccccc2Cl)C(=O)N=CN2CCCCC21)C(C)C,CHEMBL24253
DEC_1218,decoy,COc1cc2c(Nc3ccc(Cl)cc3F)ncnc2cc1OC/C=C/CN1CCCC1,CHEMBL28148
DEC_2000,decoy,C/N=C(/S)[C@@]1(c2cccnc2)CCCC[C@@H]1CCN,CHEMBL41750
DEC_0606,decoy,Brc1cccc(Br)c1N(C1=NCCN1)C1CCCCC1,CHEMBL20910
ACT_097,active,Nc1nc(C(=O)N2Cc3ccccc3C2)c2cc(-c3cc(F)c(F)cc3Cc3nnn[nH]3)ccc2n1,CHEMBL3889584
DEC_2809,decoy,CC(=O)NCCc1cc2cc(C(=O)N3CCC(N4C(=O)OCc5ccccc54)CC3)ccc2o1,CHEMBL30667
DEC_1039,decoy,COc1cc2c(cc1OC)-c1cc(=Nc3c(C)cc(C)cc3C)n(C(C)C)c(=O)n1CC2,CHEMBL34261
DEC_0775,decoy,COc1cc(O)ccc1CN1CCC[C@@H]1C/N=C(\S)N1Cc2ccccc2C[C@H]1CNC(=O)Nc1ccccc1,CHEMBL39272
DEC_2839,decoy,CCc1cc2c(s1)Nc1ccc(F)cc1N=C2N1CCN(C)CC1,CHEMBL14668
DEC_3798,decoy,COc1ccccc1N1CCN(CCN2C(=O)c3cc([N+](=O)[O-])ccc3C2(O)c2ccccc2)CC1,CHEMBL439740
DEC_0259,decoy,OC1CCCCC1N1CCC(CCCC2CCN(C3CCCCC3O)CC2)CC1,CHEMBL20720
DEC_4508,decoy,Cc1nc(O)nc(O)c1/C=C/C(=O)ON1C(=O)CCCC1=O,CHEMBL14031
DEC_2260,decoy,CC(C)CN1C[C@](O)([C@H](CC2CCCCC2)NC(=O)CC(C)(C)C)C[C@H]1C(=O)NC(C)(C)C,CHEMBL290349
DEC_3399,decoy,O=C(O)CC/C=C\C[C@H]1[C@H](F)CC[C@@H]1NS(=O)(=O)c1ccccc1[N+](=O)[O-],CHEMBL416551
DEC_2737,decoy,O=C1NC(=O)C(CC#Cc2ccc(Cl)cc2)(Sc2ccccc2)S1,CHEMBL11973
DEC_1041,decoy,Cn1cncc1C(OCc1ccc(C#N)cc1-c1ccc(F)c(Cl)c1)c1ccc(C#N)nc1,CHEMBL41682
DEC_2309,decoy,Cc1cn(C2OC(COC(c3ccccc3)(c3ccccc3)c3ccccc3)C(F)C2O)c(=O)[nH]c1=O,CHEMBL42844
DEC_2090,decoy,CC(C)Oc1ccccc1N1CCN(Cc2ccccc2CN2CCCCC2=O)CC1,CHEMBL10105
DEC_3648,decoy,Cc1cc(-n2cc(C#N)nc2C)cc2ccc(O)nc12,CHEMBL286881
DEC_0747,decoy,O=C(NC[C@@H]1Cc2ccccc2CN1/C(S)=N/C[C@H]1CCCN1Cc1ccc(O)c(O)c1)Nc1ccccc1,CHEMBL287989
DEC_0353,decoy,CC[C@H]1OC(=O)C[C@@H](O)[C@H](C)[C@H]2OCC[C@H]2C[C@@H](C)C(=O)/C=C/C(C)=C/[C@@H]1CO[C@@H]1O[C@H](C)[C@@H](O)[C@@H](OC)[C@H]1OC,CHEMBL287813
DEC_0968,decoy,C[C@H](CS)C(=O)N1C[C@@H](C2CCCCC2)C[C@H]1C(=O)O,CHEMBL277976
DEC_1900,decoy,Cc1cccc(SC2(CC#Cc3ccc(Cl)cc3)SC(=O)NC2=O)n1,CHEMBL276216
DEC_0194,decoy,NC(=O)c1ccc(S(=O)(=O)Nc2cccc(C(c3c(O)c4c(oc3=O)CCCCCC4)C3CC3)c2)cc1,CHEMBL418545
DEC_2442,decoy,CC(C)NC(=O)c1coc(C2C3CCC(O3)C2Cc2ccccc2CCC(=O)O)n1,CHEMBL29947
DEC_2799,decoy,COc1cc2cc(CO)c(CO)c(-c3ccnc(-n4c(=O)ccc5ccccc54)c3)c2cc1OC,CHEMBL12383
DEC_3736,decoy,COc1ccc2[nH]c(C)c(C3=CCN(C)CC3)c2c1,CHEMBL284447
DEC_3028,decoy,Cc1cc(C(c2ccccc2C)N2CCN(C)CC2)sn1,CHEMBL24884
DEC_1577,decoy,CN1CCN(CC#CCCC2(C3(O)c4ccccc4Oc4ccccc43)SCCCS2)CC1,CHEMBL41962
DEC_2878,decoy,OC1CCCC1CN1CCN(CCOC(c2ccc(F)cc2)c2ccc(F)cc2)CC1,CHEMBL28133
DEC_2223,decoy,CC(C)c1cccc(C(C)C)c1OS(=O)(=O)NC(=O)Oc1c(C(C)(C)C)cccc1C(C)(C)C,CHEMBL25111
DEC_1885,decoy,COc1ccc(-c2cc(C(F)F)nn2-c2ccc(S(N)(=O)=O)cc2)cc1F,CHEMBL28636
DEC_2935,decoy,CCNCC1CCN(c2c(F)cc3c(=O)c(C(=O)O)cn(C(C)C)c3c2F)C1,CHEMBL265664
DEC_4506,decoy,NCC1CCN(c2nc3c(cc2F)c(=O)c(C(=O)O)cn3C2CC2)C1,CHEMBL15314
DEC_3548,decoy,COc1cc(OC)c(C2CC[C@@H]2N)cc1OC,CHEMBL12915
DEC_2233,decoy,CN(C)c1ccc(C#C[C@]2(O)CCC3C4CCC5=CC(=O)CCC5=C4[C@@H](c4ccc(N(C)C)cc4)C[C@@]32C)cc1,CHEMBL72866
DEC_3083,decoy,CCCN(CCC)C1Cc2cccc3nc(S)n(c23)C1,CHEMBL12157
DEC_1571,decoy,CC(C)C1=CC2CC3(C=O)[C@@H]4CC[C@@H](C)[C@H]4CC2(CO[C@H]2C[C@@H]4OC(=S)O[C@@H]4[C@@H](C)O2)C13C(=O)O,CHEMBL283974
DEC_1946,decoy,COc1cc(=O)n2c3c(ccc(C)c13)OC(C1=NCCN1)C2,CHEMBL14154
DEC_3140,decoy,COC(=O)Nc1ccc2[nH]c(C(=O)N3CCN(c4ncccc4NC(C)C)CC3)cc2c1,CHEMBL415871
DEC_0932,decoy,CO[C@]1(OC(=O)CCN)CC2O[C@]1(C)n1c3ccccc3c3c4c(c5c6ccccc6n2c5c31)C(=O)NC4,CHEMBL54379
DEC_0187,decoy,CC(C)OC(=O)CCC(=O)O[C@]1(C(=O)CCl)[C@@H](C)CC2C3CCC4=CC(=O)C=CC4(C)[C@@]3(F)[C@@H](O)CC21C,CHEMBL311802
DEC_3481,decoy,CN1CCN2c3ccccc3Cc3sccc3C2C1,CHEMBL13644
DEC_1490,decoy,Oc1ccc2c(c1)OC[C@H](N1CCC(O)(c3ccc(F)cc3)CC1)[C@@H]2O,CHEMBL17833
DEC_3018,decoy,CC#CCOC1(C(F)(F)F)OC(=O)Nc2ccc(Cl)cc21,CHEMBL17372
DEC_1445,decoy,CC(=O)Oc1cc(C)cc(C)c1C(C)(C)CC(=O)OCC(CO)OCn1cnc2c(O)nc(N)nc21,CHEMBL45210
DEC_0345,decoy,CC[C@H]1Cc2cc3c(C(F)(F)F)cc(O)nc3cc2N[C@@H]1C,CHEMBL7053
DEC_1006,decoy,Cc1cccc2c(C3=NCC4(CN5CCC4CC5)O3)cn(C)c12,CHEMBL267298
DEC_4309,decoy,CCn1cc(C(=O)O)c(=O)c2cc(F)c(C3=NC(C)(C)CO3)cc21,CHEMBL283156
DEC_4455,decoy,O=C1NCN(c2ccccc2)C12CCN(C1CCc3ccccc3C1)CC2,CHEMBL26999
DEC_3982,decoy,CN1C(NC(=N)N)=NC(=O)/C1=C/c1cc(C(C)(C)C)c(O)c(C(C)(C)C)c1,CHEMBL15904
ACT_091,active,Cc1ccc(Sc2cc(C(=O)N3Cc4ccc(OCCCCN(C)C)cc4C3)ccc2O)cc1C,CHEMBL5432073
DEC_1417,decoy,CCCS(=O)(=O)c1csc(C(=O)N[C@H](C)[C@](O)(Cn2cncn2)c2ccc(F)cc2F)c1N,CHEMBL301698
DEC_2277,decoy,CC(C)=CCN1C[C@H](OCC23C[C@@H]4[C@H](C)CC[C@H]4C4(C=O)CC2C=C(C(C)C)[C@@]34C(=O)O)OC[C@H]1C,CHEMBL286023
ACT_100,active,C/C=C(\C)C(=O)O[C@H]1C[C@@H](O)[C@@]2(C)CO[C@H]3[C@H]4O[C@@H]5C[C@@H](c6ccoc6)C(C)=C5[C@@]4(C)[C@H](CC(=O)OC)[C@]1(C)[C@@H]32,CHEMBL2270444
DEC_2872,decoy,CCCCC(O)(c1ccccc1)C(O)(Cn1cncn1)c1ccc(Cl)cc1Cl,CHEMBL10715
DEC_2994,decoy,C=C1CC2(CC3CC4(CC(=C)C(=O)O4)CC3C2)OC1=O,CHEMBL8436
DEC_1277,decoy,Cc1cc(CCCCCCCOc2ccc(C3=NCCO3)cc2Cl)on1,CHEMBL25684
DEC_1125,decoy,O=c1c2c(oc(O)c1C(c1cccc(NS(=O)(=O)c3cnccn3)c1)C1CC1)CCCCCC2,CHEMBL16368
DEC_0815,decoy,CCN(CC)CCOc1cccc(/C=C(\C#N)c2noc3ccc(Cl)cc23)c1,CHEMBL279452
DEC_4340,decoy,Brc1ccccc1-c1nnc2c3ccccc3c(N3CCCC3)nn12,CHEMBL428336
DEC_1117,decoy,C=CC(=O)N1C[C@H](OCC23C[C@@H]4[C@H](C)CC[C@H]4C4(C=O)CC2C=C(C(C)C)[C@@]34C(=O)O)OC[C@H]1C,CHEMBL284622
DEC_0107,decoy,Nc1ccc(S(=O)(=O)Nc2cccc(C(c3c(O)c4c(oc3=O)CCCCCC4)C3CC3)c2)cc1,CHEMBL276941
DEC_0038,decoy,NCC1CCCN(c2cc3c(cc2F)c(=O)c(C(=O)O)cn3C2CC2)C1,CHEMBL15210
DEC_0323,decoy,CC[C@]1(c2ccc(Cl)cc2)OC[C@H]([C@@H]2CCCCN2)O1,CHEMBL284413
DEC_0393,decoy,Cc1cc(C(=O)Nc2ncc(-c3ccccc3S(N)(=O)=O)cn2)n(-c2cc3ccccc3cc2S(C)(=O)=O)n1,CHEMBL278842
ACT_033,active,CCOc1ccc(-c2nc(CN3CCCCC3CCn3cccn3)c(C)o2)cc1,CHEMBL1458996
DEC_1721,decoy,CCc1nc2ccc(OC3CCN(C(C)=N)CC3)cc2n1C/C=C/c1ccc(N)cc1,CHEMBL423480
DEC_2208,decoy,O=S(=O)(CS(=O)(=O)C(F)(F)F)c1ccc(SC(F)(F)C(F)F)cc1,CHEMBL12617
DEC_3292,decoy,c1ccc(NNC2c3ccccc3Oc3ccccc32)nc1,CHEMBL20311
DEC_2435,decoy,CCCc1cc2ncn(C)c2c(=O)n1Cc1ccc(-c2ccccc2-c2nn[nH]n2)cc1,CHEMBL28095
DEC_3657,decoy,CSc1sc(C(=N)N)cc1-c1nc(C)cs1,CHEMBL285330
DEC_0759,decoy,CC(=N)N1CCC(Oc2ccc3c(nc(C(C)C)n3Cc3ccc4ccc(C(=N)N)cc4c3)c2[N+](=O)[O-])CC1,CHEMBL283293
DEC_2093,decoy,O=c1oc2ncccc2n1CCCN1CCN(c2cccc3ccccc23)CC1,CHEMBL23776
DEC_1558,decoy,C=CCOc1ccc(-c2ccc(N3CC(CNC(C)=O)OC3=O)cc2)ccc1=O,CHEMBL6918
ACT_066,active,COC(=O)c1c(O)cc(O)c(Cl)c1CCc1nccn1Cc1cc(Cl)cs1,CHEMBL3805824
DEC_0132,decoy,COc1cccc([C@H]2C/C(=N\NC(=O)C(=O)NC(C)c3ccccc3)c3cc4c(cc3N2)OCO4)c1,CHEMBL278746
DEC_1468,decoy,CC(/N=c1\c(O)c(O)\c1=N/c1cncc(Br)c1)C(C)(C)C,CHEMBL278299
DEC_2227,decoy,Fc1ccc(-c2ncn(C3CCNCC3)c2-c2ccnc(Oc3ccc(-c4ccccc4)cc3)n2)cc1,CHEMBL14187
DEC_2664,decoy,Fc1ccc(C(OC2CC3CCC(C2)N3)c2ccc(F)cc2)cc1,CHEMBL11776
DEC_3649,decoy,O=C(O)C1=NN2C(=O)Nc3cc(Cl)c(Cl)cc3C2C1,CHEMBL8693
DEC_0287,decoy,O=C1O[C@H](c2ccc(F)cc2)[C@@](Cn2cncn2)(c2ccc(Cl)cc2Cl)O1,CHEMBL10444
DEC_0465,decoy,CCN(CC)CCNc1ccc2ncn3c4c(O)cccc4c(=O)c1c23,CHEMBL8373
DEC_4195,decoy,O=C(O)C[C@H](O)CP(=O)(O)CCc1c(Cl)cc(Cl)cc1OCc1ccccc1,CHEMBL39102
DEC_0609,decoy,CCCCCN(C=O)[C@H]1CCC2C3CC[C@H]4N(C)C(=O)CC[C@]4(C)C3CC[C@@]21C,CHEMBL275153
DEC_0844,decoy,CC1(C)N=C(N)N=C(N)N1c1cccc(OCC23CC4CC(CC(C4)C2)C3)c1,CHEMBL281618
DEC_3231,decoy,O=C(c1cc2ccccc2[nH]1)c1cc2cc(OC(=O)C3CC3)ccc2[nH]1,CHEMBL7114
DEC_2981,decoy,CN1C(=O)C(C)(C)c2cc(C3=NNC(=O)CC3)ccc21,CHEMBL417501
DEC_3590,decoy,CC1(C)O[C@@H]2CC3C4C[C@H](F)C5=CC(=O)C=CC5(C)[C@@]4(F)C(O)CC3(C)C2(C(=O)CO)O1,CHEMBL279775
DEC_0677,decoy,CC(C)NC(=O)N(C(=O)[C@H]1CCC2C3CCC4N(C)C(=O)C=C[C@]4(C)C3CC[C@@]21C)C(C)C,CHEMBL25593
DEC_0990,decoy,CC(/N=c1\c(O)c(O)\c1=N/c1ccccc1C#N)C(C)(C)C,CHEMBL18680
DEC_3150,decoy,CN1CCN(C(=O)NCc2cc(Nc3ccnc4cc(Cl)ccc34)ccc2O)CC1,CHEMBL418222
DEC_3644,decoy,OC1CN(C2CCCCC2O)CCC1c1ccccc1,CHEMBL20431
DEC_2413,decoy,CCc1nn(Cc2ccc(-c3ccccc3-c3nn[nH]n3)cc2)/c(=N/C(=O)C2CC2)s1,CHEMBL34190
DEC_2674,decoy,C#Cc1cccc(Oc2cc(Cn3ccnc3)ccc2C#N)c1,CHEMBL22080
DEC_3689,decoy,N#CC(C(=O)O)C1C(=O)Nc2ccc(F)cc21,CHEMBL284593
DEC_3742,decoy,c1ccc(-c2[nH]c3ccccc3c2C2CCNCC2)cc1,CHEMBL295559
DEC_1904,decoy,O=C1C(Cl)=C(Nc2ccc(Br)cc2)C(=O)c2cnccc21,CHEMBL11423
DEC_2344,decoy,CCC/C=C/C(=O)O[C@H](CC=C(C)C)C1=CC(=O)c2c(O)ccc(O)c2C1=O,CHEMBL9266
DEC_1449,decoy,COC(=O)[C@H](CCCCN)NC(=O)[C@@H]1Cc2c([nH]c3ccccc23)[C@@H](c2cc(OC)c(O)c(OC)c2)N1,CHEMBL440775
ACT_008,active,Cc1ccccc1NC1=C/C(=N\S(=O)(=O)c2cccs2)c2ccccc2C1=O,CHEMBL3189714
DEC_1610,decoy,C[C@@H]1OC(=O)[C@H]2C[C@H]3CCCC[C@@H]3[C@@H](/C=C/[C@H]3CCC[C@H](C)N3C)[C@@H]12,CHEMBL277642
DEC_0357,decoy,CC[C@H]1OC(=O)C[C@@H](O)[C@H](C)[C@@H](O[C@@H]2O[C@H](C)[C@@H](O)[C@H](N(C)C)[C@H]2O)[C@@H](CC=O)C[C@@H](C)C(=O)/C=C/C(C)=C/[C@@H]1C,CHEMBL43197
DEC_3176,decoy,CN1C[C@H](C(=O)Nc2ccc(Cl)nn2)C[C@@H]2c3ccc(C(C)(C)C)c4[nH]cc(c34)C[C@H]21,CHEMBL14089
DEC_3385,decoy,CC(C)Oc1ccccc1N1CCN(C/C=C/C(=O)CN2CCCCC2=O)CC1,CHEMBL12127
DEC_3100,decoy,CC(C)(C)c1cc(C(=O)CCCC2CC2)cc2c1OCC2,CHEMBL279166
DEC_2236,decoy,Brc1ccc2[nH]cc([C@H]3Nc4ccc(CCCN5CCCCC5)cc4[C@H]4OCC[C@@H]34)c2c1,CHEMBL279681
DEC_3094,decoy,CCc1cc2c(Sc3ccc(C)cc3)ncnc2s1,CHEMBL6523
DEC_4254,decoy,Cc1ccc(Sc2cncc3sc(/C=N/O)cc23)cc1,CHEMBL6258
DEC_1934,decoy,CCC1C(=O)N(CC)C2SC(c3ccccc3)=NN2C1=O,CHEMBL30026
DEC_0266,decoy,O=C1O[C@H](c2ccc(Cl)cc2)[C@@](Cn2cncn2)(c2ccc(Cl)cc2)O1,CHEMBL10531
DEC_2080,decoy,CCOC(C)n1c([S+]([O-])Cc2nccc(SCC)c2C)nc2ccccc21,CHEMBL268465
DEC_4551,decoy,NC(=O)CCC(=O)N1CCN(c2ccnc3cc(Cl)ccc23)CCN(c2ccnc3cc(Cl)ccc23)CC1,CHEMBL297422
DEC_3041,decoy,COc1cc2ncnc(Nc3cccc(SC)c3)c2cc1OC,CHEMBL29641
DEC_3270,decoy,c1csc(C2NCCc3c2[nH]c2ccccc32)c1,CHEMBL289606
DEC_0173,decoy,Cc1cn(C2OC(COC(c3ccccc3)(c3ccccc3)c3ccccc3)C(N=[N+]=[N-])C2F)c(=O)[nH]c1=O,CHEMBL296496
DEC_1005,decoy,CC(=O)OC1CCC(NC(=O)N(CCCl)N=O)CC1,CHEMBL12637
DEC_3832,decoy,O=C(N[C@@H](Cc1ccccc1)CN1CCN(c2nsnc2Cl)CC1)c1ccncc1,CHEMBL10764
DEC_1256,decoy,CC1(C)N=C(N)N=C(N)N1c1cccc(OCCCCOc2cccc(C(F)(F)F)c2)c1,CHEMBL6671
DEC_1875,decoy,Cc1cc(-n2ccc(=O)[nH]c2=O)cc(C)c1Sc1ccc(Cl)cc1,CHEMBL276605
DEC_1299,decoy,CC(C)c1cccc(C(C)C)c1OS(=O)(=O)NC(=O)OC1CCCCC1,CHEMBL21437
DEC_3416,decoy,CCC1C2Cc3ccc(O)cc3C1(CC)CCN2C(=O)C(N)Cc1ccccc1.Cl,CHEMBL25778
DEC_1439,decoy,O=C(Nc1ccc(C[C@H](/N=c2/c(N3CCOCC3)c(O)c2=O)C(=O)O)cc1)c1c(Cl)cncc1Cl,CHEMBL9739
DEC_1447,decoy,COc1ccc(O)c(C(=O)c2ccc(C(=O)O[C@@H]3CCCNCC3NC(=O)c3ccncc3)cc2)c1F,CHEMBL281464
DEC_2592,decoy,N=C(c1ccc(C(=O)N2CCN(S(=O)(=O)c3cc4ccc(Cl)cc4s3)CC2)cc1)N1CCCCC1,CHEMBL304859
DEC_3436,decoy,O=C(O)CC[C@@H](NC(=O)c1cc(Cl)cc(Cl)c1)C(=O)N1CCC2(CCCC2)CC1,CHEMBL283820
DEC_4501,decoy,CN1CCN(c2cc3c(cc2F)c(=O)c(C(=O)O)cn3N)CC1,CHEMBL12443
DEC_4132,decoy,CC1CCC(/C=N/c2cccc(Br)c2)=C2NC=C(C(=O)O)C(=O)N21,CHEMBL25608
DEC_0455,decoy,CCCCC[C@H](O)/C=C/C1[C@@H]2C[C@@H](O)[C@H]1C/C=C\CCCC(=O)O2,CHEMBL12642
DEC_4399,decoy,COc1cccc2c1CC[C@H]1CN(CCn3c(=O)[nH]c4c(sc5c(C#N)cccc54)c3=O)C[C@@H]21,CHEMBL289627
DEC_2739,decoy,COc1ccc2[nH]c3c(C)c4ccnc(NCCCCN)c4cc3c2c1,CHEMBL19223
DEC_2596,decoy,CC(=O)OCC(=O)[C@@]1(OC(=O)c2ccco2)[C@@H](C)CC2C3CCC4=CC(=O)C=CC4(C)[C@@]3(F)C(O)CC21C,CHEMBL416603
DEC_2165,decoy,CO[C@]12CC[C@@]3(C[C@@H]1C(C)(C)O)[C@H]1Cc4ccc(O)c5c4[C@@]3(CCN1CC1CC1)[C@H]2O5,CHEMBL281786
DEC_1834,decoy,CC1(C)OC(S)=Nc2ccc(-c3ccc(F)c(F)c3)cc21,CHEMBL25181
DEC_3932,decoy,Oc1ccc2c(c1)[C@@]13CCCC[C@@]1(O)[C@@H](C2)N(CC1CCC1)CC3,CHEMBL33986
DEC_3714,decoy,CC1(C)CCNc2cc3nc(O)cc(C(F)(F)F)c3cc21,CHEMBL281028
DEC_0162,decoy,C=C(Cl)CN1C[C@H](OCC23C[C@@H]4[C@H](C)CC[C@H]4C4(C=O)CC2C=C(C(C)C)[C@@]34C(=O)O)OC[C@H]1C(F)(F)F,CHEMBL30737
DEC_2354,decoy,CC/C=C/CC(=O)O[C@H](CC=C(C)C)C1=CC(=O)c2c(O)ccc(O)c2C1=O,CHEMBL266603
DEC_4398,decoy,CC(C)Nc1cccnc1N1CCN(C(=O)c2cc3cc(F)ccc3[nH]2)CC1.CS(=O)(=O)O,CHEMBL266674
DEC_2204,decoy,COc1ccc2[nH]c3c(N4CCN(CCc5ccc(F)c(F)c5)CC4)ncnc3c2c1,CHEMBL431503
DEC_0200,decoy,CC(=O)Nc1ccccc1Cn1c2c(c3ccccc31)C[C@@]1(O)C3Cc4ccc(O)c5c4C1(CCN3CC1CC1)[C@H]2O5,CHEMBL282565
DEC_3989,decoy,NCCO.O=C(O)c1cc(O)c2c(n1)-c1cc(Cl)ccc1SC2,CHEMBL29753
ACT_013,active,Cc1n[nH]c(-c2ccco2)c1CCCCN(C)c1ncnc2nc[nH]c12,CHEMBL1236930
DEC_4142,decoy,CS(=O)(=O)NCc1ccc(-c2nc(-c3ccc(F)cc3)c(-c3ccncc3)[nH]2)cc1,CHEMBL17224
DEC_4523,decoy,COC(=O)CCC(O[C@@H]1O[C@@H]2OC3(C)CC[C@H]4[C@H](C)CCC([C@H]1C)C24OO3)c1ccc(Br)cc1,CHEMBL30673
DEC_3318,decoy,CC1CN(c2cc3c(c(N)c2F)c(=O)c(C(=O)O)cn3C2CC2)CCN1,CHEMBL276049
DEC_1163,decoy,O=C1N[C@@H]2CCCC[C@H]2N1C1CCN(C2CCCCCCC2)CC1,CHEMBL284217
DEC_1794,decoy,CO/C1=C\C(C)=C\[C@@H](C)C(=O)[C@@H](C)C/C(C)=C/C=C/[C@H](OC)[C@@H]([C@@H](C)[C@@H](O)[C@H](C)[C@@]2(O)CC(=O)[C@H](C)[C@@H](C(C)C)O2)OC1=O,CHEMBL300126
DEC_0137,decoy,CC1CCCCN1C(=O)N(Cc1cccc(C(=N)NO)c1)NS(=O)(=O)c1ccc2ccccc2c1,CHEMBL43817
DEC_2976,decoy,OC1CCCC1N1CCC(c2ccccc2)CC1,CHEMBL20464
DEC_3752,decoy,C[C@]12CC[C@H]3[C@@H](CC=C4C[C@@H](O)CC[C@@]43C)[C@@H]1CC[C@@H]2O,CHEMBL440283
DEC_0441,decoy,CN1CCN(C(c2ccns2)c2ccccc2Cl)CC1,CHEMBL279900
DEC_2300,decoy,O=C(O)CCc1cc(-c2cccnc2)cc2c1CCC(NS(=O)(=O)c1ccc(Cl)cc1)C2,CHEMBL282823
DEC_0128,decoy,CC1(C)C2CC1[C@]1(C)OB([C@H](CCCN=C(N)N)NC(=O)c3ccc(-c4ccccc4)c(N)c3)O[C@@H]1C2,CHEMBL289147
DEC_1725,decoy,FC(F)(F)c1cc(COCC2(c3ccccc3)CCNCC2)cc(C(F)(F)F)c1,CHEMBL422931
DEC_0273,decoy,O=C1O[C@H](c2ccc(Cl)cc2Cl)[C@@](Cn2cncn2)(c2ccc(Cl)cc2)O1,CHEMBL275096
DEC_2127,decoy,Cc1cc(-c2nc3cc4c(cc3[nH]2)C(C)(C)C(=O)N4)ccn1,CHEMBL26569
DEC_0742,decoy,Cc1cc(C)cc(-c2c(O)nc3cc(Cl)c(NC(=O)c4cnccn4)cc3c2OCC[C@@H]2CCCCN2)c1,CHEMBL46312
DEC_0377,decoy,C=C[C@@]1(C)CC(=O)[C@]2(O)C3(C)C(C(O)C(OC(=O)CCN4C(=O)c5ccccc5C4=O)[C@@]2(C)O1)C(C)(C)CC[C@@H]3O,CHEMBL294834
DEC_3340,decoy,O=C(O)C1=CNC2=C(/C=N/c3ccccc3C(=O)O)CCCCN2C1=O,CHEMBL22579
DEC_4173,decoy,CCCCSc1cc(I)cc(CNCCCN(C)C)c1O,CHEMBL20504
DEC_3258,decoy,CCN(CC)CCC(=O)N1c2ccccc2N2CCc3cccc(c32)C1C,CHEMBL283714
DEC_0514,decoy,CC1(C)C2=CC(=O)CC[C@@]1(O)C#C/C=C\C#C[C@H]2O,CHEMBL278531
DEC_0729,decoy,Nc1ccccc1Cn1c2c(c3ccccc31)C[C@@]1(O)[C@H]3Cc4ccc(O)c5c4[C@@]1(CCN3CC1CC1)[C@H]2O5,CHEMBL54633
DEC_2979,decoy,Cn1cc(C2=NC[C@@]3(C[N@@]4CC[C@@H]3C4)O2)c2ccccc21,CHEMBL276728
DEC_0153,decoy,CC(C)(C)OC(=O)N[C@@H](C(=O)N1CCC[C@H]1C(=O)NCC1CCC(N)CC1)C(C1CCCCC1)C1CCCCC1,CHEMBL288071
DEC_0360,decoy,CC[C@H]1OC(=O)C[C@@H](O)[C@H](C)[C@@H](O[C@@H]2O[C@H](C)[C@@H](O)[C@H](N(C)C)[C@H]2O)[C@@H](CCO)C[C@@H](C)C(=O)/C=C/C(C)=C/[C@@H]1C,CHEMBL43504
DEC_0220,decoy,CCn1cc(C(=O)O)c(=O)c2c(F)c(F)c(N3CCCC3)c(F)c21,CHEMBL281136
DEC_3560,decoy,O=C1NC(=O)C(CC#Cc2ccc(Cl)cc2)(S(=O)(=O)c2ccc(Cl)cc2)S1,CHEMBL268702
DEC_3746,decoy,CCc1cccc2c3c([nH]c12)C(CC)(CC(=O)O)OCC3,CHEMBL622
DEC_0236,decoy,CC1(C)Oc2cc([N+](=O)[O-])sc2[C@@H](N2Cc3ccccc3C2=O)[C@@H]1O,CHEMBL28886
DEC_0914,decoy,CC(C)C1=CC2CC3(C=O)[C@@H]4CC[C@@H](C)[C@H]4CC2(CO[C@@H]2O[C@H](C)[C@H]4OC[C@@H](C)[C@H]4[C@@H]2O)C13C(=O)O,CHEMBL295312
DEC_0795,decoy,O=C1CCCCCC1CN1CCN(CCOC(c2ccccc2)c2ccccc2)CC1,CHEMBL282821
DEC_1829,decoy,CN1CC=C(c2c[nH]c3ccc(-c4ccc(F)cc4)cc23)CC1,CHEMBL26972
DEC_4196,decoy,CCN(CC)Cc1c(O)c(F)c(F)c(Nc2ccnc3cc(Cl)ccc23)c1F,CHEMBL418390
DEC_1431,decoy,CN(Cc1ccc2nc(CF)nc(O)c2c1)c1ccc(C(=O)N[C@H](CCC(=O)O)C(=O)O)s1,CHEMBL289697
DEC_1764,decoy,CC[C@H]1OC(=O)CC(O)[C@H](C)[C@@H](O[C@@H]2O[C@H](C)C[C@H](N(C)C)[C@H]2O)[C@@H](CCN(CC)CC)C[C@@H](C)C(=O)/C=C/C(C)=C/[C@@H]1C,CHEMBL266373
DEC_0528,decoy,Clc1ncc(O[C@@H]2CCNC2)cc1Br,CHEMBL268017
DEC_1859,decoy,O=C1/C(=C\c2ccncc2)C(c2ccccc2)Oc2ccccc21,CHEMBL10072
DEC_0448,decoy,CCCCC[C@](C)(O)/C=C/C1[C@@H]2C[C@@H](O)[C@H]1C/C=C\CCCC(=O)O2,CHEMBL12539
DEC_3297,decoy,CC1CCNc2cc3nc(O)cc(C(F)(F)F)c3cc21,CHEMBL283449
DEC_0805,decoy,O=C(O)CCC/C=C\CC1=CCC[C@@H]1NS(=O)(=O)c1ccc(Cl)cc1,CHEMBL280400
DEC_2982,decoy,C=C1C2=C(CC(C)(C)C2=O)C(=O)C(C)(O)C12CC2,CHEMBL8312
DEC_4232,decoy,CCC[C@@H]1CCc2cc3c(C(F)(F)F)cc(O)nc3cc2N1,CHEMBL268569
DEC_4323,decoy,O=C1CCC(c2ccccc2)(C2CCN(Cc3ccccc3Cl)CC2)C(=O)N1,CHEMBL9966
DEC_4250,decoy,Cc1c2cnccc2c(C)c2c1c1ccccc1n2CCCN(C)C,CHEMBL24976
DEC_2325,decoy,CCCCCc1cc(O)c2c(c1)OC(C)(C)[C@@H]1CC[C@H](CN(C)C)CC21,CHEMBL28456
DEC_2043,decoy,CC(/N=c1\c(O)c(O)\c1=N/Cc1ccc(C#N)cc1Cl)C(C)(C)C,CHEMBL277719
DEC_2266,decoy,C=C(Cl)CN1C[C@H](OCC23C[C@@H]4[C@H](C)CC[C@H]4C4(C=O)CC2C=C(C(C)C)[C@@]34C(=O)O)O[C@H](C)C1,CHEMBL286857
DEC_1157,decoy,CCCCCCC[C@H]1OC(=O)C[C@H](O)[C@H](Cc2ccccc2)N(C)C(=O)C(C)(C)OC(=O)[C@H]1C,CHEMBL290635
DEC_1807,decoy,COC1C(OC(=O)c2ccc(C)s2)C(O)C(Oc2ccc3c(O)c(NC(=O)c4ccccc4)c(=O)oc3c2C)OC1(C)C,CHEMBL43973
DEC_0385,decoy,CN1CCN(Cc2ccc(C(=O)OCC(=O)[C@@]3(O)CCC4C5CCC6=CC(=O)CCC6(C)C5C(O)CC43C)cc2)CC1,CHEMBL79918
DEC_4432,decoy,CC(C)n1cc(C(=O)O)c(=O)c2cc(F)c(N3CCC(N)C3)cc21,CHEMBL15335
DEC_2824,decoy,Cc1noc(NS(=O)(=O)c2cccc3c(N(C)C)cccc23)c1C,CHEMBL267458
DEC_1373,decoy,C=C1CC[C@H](O)C(O)/C1=C/C=C1\CCCC2(C)C1CCC2[C@H](C)CCCC(C)(C)O,CHEMBL15856
DEC_4233,decoy,O=c1c2c(oc(O)c1C(c1ccccc1)C1CC1)CCCCCC2,CHEMBL16584
ACT_047,active,Cc1ccc(C(=O)CN2C(=O)c3ccccc3S2(=O)=O)cc1,CHEMBL1428735
DEC_1137,decoy,CCCCC(=O)O[C@]1(C(=O)CO)C(C)CC2C3CCC4=CC(=O)C=CC4(C)[C@@]3(F)C(O)CC21C,CHEMBL10858
DEC_2730,decoy,O[C@@H]1c2cc(OCc3cccc(Cl)n3)ccc2OC[C@@H]1Cc1cccnc1,CHEMBL29937
DEC_3551,decoy,O=C1CN2Cc3ccc(N4CCCCC4)cc3N=C2N1,CHEMBL29203
DEC_3477,decoy,CCNc1nnc(-c2nsc3ccccc23)o1,CHEMBL290680
DEC_0865,decoy,O=C(NCc1ccn(-c2cc3nc(O)c(O)nc3cc2[N+](=O)[O-])c1)Nc1ccncc1,CHEMBL418535
DEC_3507,decoy,Fc1ccc2c(c1)CCC1C2N=C2SCCN21,CHEMBL28131
DEC_0969,decoy,CN(C=O)[C@H]1CCC2C3CC[C@H]4NC(=O)CC[C@]4(C)C3CC[C@@]21C,CHEMBL16743
ACT_028,active,Cc1cc(C)c2nc(N3CCC(C(=O)NCCCN4CC(C)CC(C)C4)CC3)sc2c1,CHEMBL1562186
DEC_2267,decoy,C=C(Cl)CN1C[C@H](OCC23C[C@@H]4[C@H](C)CC[C@H]4C4(C=O)CC2C=C(C(C)C)C34C(=O)O)O[C@H](C)C1,CHEMBL45954
DEC_1226,decoy,c1cc(OCc2cccc(OCc3nn[nH]n3)c2)cc(OCc2ccc3ccccc3n2)c1,CHEMBL417271
DEC_2085,decoy,C=CCOC(=O)C1C2C(=O)CC(c3ccc(O)cc32)C1C(=O)OCC[Si](C)(C)C,CHEMBL12292
DEC_0476,decoy,c1cc(NC2=NCCN2)ccc1Cc1ccc(OC2CCOCC2)cc1,CHEMBL9949
DEC_4239,decoy,CC(C)(C)[C@H]1CC[C@@H](N2CCC(c3ccccc3)CC2)[C@H](O)C1,CHEMBL21722
DEC_0291,decoy,N#Cc1c2n(c3c(N4CCN(CCc5ccc(Cl)cc5)CC4)ncnc13)CCCC2,CHEMBL282610
DEC_3306,decoy,CC[C@]1(c2ccccc2Cl)OC[C@H]([C@@H]2CCCCN2)O1,CHEMBL26639
DEC_4520,decoy,O=C1/C(=C(\O)CS(=O)(=O)Nc2nc3ccc(Cl)cc3s2)S(=O)(=O)N=C2Sc3cc(Cl)ccc3N12,CHEMBL299983
DEC_2194,decoy,O=C(O)c1cn(C2CC2)c2c(F)c(N3CCOC(CN4CCCCC4)C3)c(F)cc2c1=O,CHEMBL280842
DEC_3417,decoy,O=C(O)CC/C=C\C[C@H]1[C@H](F)CC[C@@H]1NS(=O)(=O)c1ccc(Cl)c(Cl)c1,CHEMBL283101
DEC_4325,decoy,CCCC(=O)O[C@H](CC=C(C)C)C1=CC(=O)c2c(O)ccc(O)c2C1=O,CHEMBL8806
DEC_1561,decoy,C1CCN([P@@]2(N3CC3)=NP(N3CC3)(N3CC3)=N[P@@](N3CCCCC3)(N3CC3)=N2)CC1,CHEMBL281050
DEC_0619,decoy,C[C@@H]1CCC2[C@@H](C)[C@H](OC(CCC(=O)O)c3ccc(F)cc3)O[C@@H]3OC4(C)CC[C@@H]1C23OO4,CHEMBL289461
DEC_0692,decoy,C[C@@H]1CC[C@@]2(OC1)O[C@H]1C[C@H]3[C@@H]4CC[C@@]5(C)C[C@@H](O)CC[C@]5(C)[C@H]4CC(=O)[C@]3(C)[C@H]1[C@@H]2C,CHEMBL44125
DEC_3254,decoy,CN(C)c1cccc2c(S(=O)(=O)Nc3cnc(Cl)cn3)cccc12,CHEMBL6553
DEC_1281,decoy,OC1CCCCC1CN1CCN(CCOC(c2ccccc2)c2ccccc2)CC1,CHEMBL430537
DEC_3234,decoy,[O-][S+](Cc1[nH]c2ccccc2c1[S+]([O-])c1ccccc1)c1ccccc1,CHEMBL24214
DEC_2415,decoy,CC(C)=CCC(OC(=O)COCc1ccccc1)C1=CC(=O)c2c(O)ccc(O)c2C1=O,CHEMBL28828
DEC_0954,decoy,COC(=O)N[C@@H](c1ccsc1)[C@@H](O)C(=O)OC1CC2C(C)(C)C1(C)[C@@]13CC(C)c4ccccc4[C@@]21O3,CHEMBL430529
DEC_1780,decoy,COC1/C=C(\C)C[C@@H](C)[C@@H](O)[C@@H](C)CC(C)/C=C/CC(OC)[C@@H]([C@@H](C)[C@@H](O)[C@H](C)[C@@]2(O)C[C@@H](O)[C@H](C)[C@@H](C(C)C)O2)OC1=O,CHEMBL299261
DEC_2192,decoy,C/C(=N\OCC(O)CO)c1ccc(S(=O)(=O)c2cccc(C3CCOCC3)c2)cc1,CHEMBL422047
DEC_3822,decoy,O=C(c1ccccc1)N1N=C2/C(=C/c3ccccc3)CS(=O)(=O)CC2C1c1ccccc1,CHEMBL434594
DEC_0362,decoy,CC[C@H]1C[C@@H](C)C(=O)/C=C/C(C)=C/[C@H](C)[C@@H](CC)OC(=O)C[C@@H](O)[C@H](C)[C@H]1O[C@@H]1O[C@H](C)[C@@H](O)[C@H](N(C)C)[C@H]1O,CHEMBL296286
DEC_0690,decoy,CN1C(=O)CC[C@]2(C)C3CC[C@@]4(C)C(CC[C@@]4(O)C#CCCCBr)C3CCC12,CHEMBL10018
DEC_2624,decoy,O=C1Nc2ccc(F)cc2C(C#Cc2ccsc2)(C(F)(F)F)O1,CHEMBL278880
DEC_1818,decoy,c1ccc2sc(C3(N4CCCC4)CCCCC3)cc2c1,CHEMBL18618
DEC_2222,decoy,CC(C)c1cccc(C(C)C)c1OC(=O)NS(=O)(=O)Oc1c(C(C)(C)C)cccc1C(C)(C)C,CHEMBL22634
DEC_0450,decoy,CN(C)Cc1ccc(CSCCNc2n[s+]([O-])nc2N)s1,CHEMBL9380
DEC_2673,decoy,FC(F)(F)Oc1ccc(SCSC(F)(F)F)cc1,CHEMBL12528
DEC_2169,decoy,CN(C)c1cccc2c(S(=O)(=O)Nc3ncc(Br)nc3C#N)cccc12,CHEMBL6296
DEC_1762,decoy,CCNc1cccnc1N1CCN(CC(=O)[C@H]2[C@H](C)CC3C4CCC5=CC(=O)C=C[C@]5(C)C4=CC[C@@]32C)CC1.O=C(O)/C=C/C(=O)O,CHEMBL275878
DEC_1066,decoy,C1=CC(=Nn2cccc2)C=CC1=Nn1cccc1,CHEMBL25422
DEC_1273,decoy,COCc1cc(CCCOc2c(C)cc(-c3noc(C4CC4)n3)cc2C)on1,CHEMBL30035
DEC_0340,decoy,CC[C@@H]1C[C@H](C)c2cc3c(C(F)(F)F)cc(O)nc3cc2N1,CHEMBL7373
DEC_4249,decoy,CCC[C@H](NC)[C@H]1COC(c2ccccc2)(c2ccccc2)O1,CHEMBL27946
ACT_038,active,Nc1cc(-c2ccccc2)ccc1O,CHEMBL574583
DEC_0054,decoy,CC(C)C1=CC2CC3(C=O)[C@@H]4CC[C@@H](C)[C@H]4CC2(CO[C@H]2CN[C@H](C)CO2)[C@]13C(=O)O,CHEMBL31670
DEC_4194,decoy,CCCCc1nn(CCC)c(C(=O)O)c1Cc1ccc(-c2ccccc2-c2nn[nH]n2)cc1,CHEMBL22796
DEC_0664,decoy,CN(C)CCc1c[nH]c2ccc(Cc3nc(Cc4ccc(NS(C)(=O)=O)cc4)no3)cc12,CHEMBL39801
DEC_3588,decoy,O=C1[C@@H](NS(=O)(=O)c2cc3ccc(Cl)nc3s2)CCN1Cc1cc2c[nH]ccc-2n1,CHEMBL8509
DEC_3486,decoy,C/C(=N\NC(=S)N1CCCCCC1)c1ccccn1,CHEMBL279779
DEC_0049,decoy,Cc1c(F)c(N2CCNC(C)C2)c(F)c2c1c(=O)c(C(=O)O)cn2C1CC1,CHEMBL16030
DEC_0621,decoy,CO[C@]1(c2cc(F)cc(S(=O)(=O)c3ccc(/C(C)=N/O)cc3)c2)CCO[C@@H](C)C1,CHEMBL282308
DEC_1612,decoy,CCCCC[C@@H]1/C=C\C2[C@H](O)C[C@H](O)[C@@H]2C/C=C\CCCC(=O)O1,CHEMBL274820
DEC_2572,decoy,C[C@@H]1CC2C3CCC4=CC(=O)C=CC4(C)[C@@]3(Cl)C(O)CC2(C)[C@@]1(OC(=O)c1ccco1)C(=O)CCl,CHEMBL290383
DEC_4351,decoy,CC/N=C(\N)c1ccc(-c2ccc(-c3ccc(/C(N)=N/CC)cc3)o2)cc1,CHEMBL279660
DEC_3355,decoy,CC(=O)Nc1ccc(CNCCNC(=O)C2=CC(C)(C)NC2(C)C)cc1,CHEMBL15751
DEC_0267,decoy,CC1(C)NC(c2ccc(-c3nc(-c4ccc(F)cc4)c(-c4ccncc4)[nH]3)cc2)=NO1,CHEMBL17339
DEC_0143,decoy,CC(C)c1cccc(-c2ccc(C[C@H](CC(=O)NO)C(=O)N[C@H]3c4ccccc4C[C@H]3O)cc2)c1,CHEMBL268381
DEC_2405,decoy,CCCCC1NN(C(C)=O)C(CCCC)NN1C(C)=O,CHEMBL278432
DEC_2469,decoy,CC(C)(C)C(=O)c1cc(C(C)(C)C)c2c(c1)C(C)(C)CO2,CHEMBL13907
DEC_1077,decoy,c1ccc([C@H]2CN3CC[C@H]3c3ccccc32)cc1,CHEMBL284367
DEC_0717,decoy,CC(=O)C1=C[C@H](O)[C@H](Oc2ccc(/C=C(\C)C(=O)N[C@@H]3[C@H](O)[C@@H](O)[C@H]4OCO[C@H]4[C@@H]3O)cc2O)O1,CHEMBL38605
DEC_4282,decoy,C=Cc1ccc(N2CCN(Cc3c[nH]c4ncccc34)CC2)cc1,CHEMBL29808
DEC_2762,decoy,O=c1c2c(oc(O)c1[C@@H](c1cccc(NS(=O)(=O)c3ccccc3)c1)C1CC1)CCCCCC2,CHEMBL277125
DEC_1567,decoy,O=C1NC(=O)C(CC#Cc2ccc(Cl)cc2)(S(=O)(=O)c2ccc(Br)cc2)S1,CHEMBL12201
DEC_0547,decoy,O=c1ccn(C2CC(O)C(O)C(COP(=O)(O)O)O2)c(=O)[nH]1,CHEMBL417064
DEC_2723,decoy,CC(C)N(CCNc1ccc2ncn3c4ccc(O)cc4c(=O)c1c23)C(C)C,CHEMBL7933
DEC_2424,decoy,CCCCc1nn(CC(C)(C)C)c(=O)n1Cc1ccc(-c2ccccc2-c2nn[nH]n2)cc1,CHEMBL19202
DEC_3388,decoy,COc1ccc(NS(=O)(=O)c2cccc3c(N(C)C)cccc23)nn1,CHEMBL6624
DEC_4314,decoy,O=C1NC(Cc2ccccc2)C2(CCN(CCc3c[nH]c4ccccc34)CC2)O1,CHEMBL283895
DEC_4032,decoy,CN1C2CC(OC(=O)C(CO)c3ccccc3)CC1C1OC12,CHEMBL13030
DEC_3564,decoy,C=C(C)[C@]12C[C@@H](C)[C@@]34OC(Cc5ccccc5)(O[C@@H]1C3C=C(CO)C[C@]1(O)C(=O)C(C)=CC41)O2,CHEMBL269304
DEC_4305,decoy,OC(c1ccc(Cl)cc1)(c1cncnc1)c1cccc(F)c1,CHEMBL286965
DEC_3712,decoy,CC1(C)CCc2cc3c(C(F)(F)F)cc(O)nc3cc2N1,CHEMBL6874
DEC_0854,decoy,C[C@]12CCC(=O)C=C1CCC1C2=CC[C@@]2(C)C1CC[C@]2(O)C(=O)CN1CCNCC1,CHEMBL15687
DEC_3245,decoy,CCc1noc(NS(=O)(=O)c2cccc3c(N(C)C)cccc23)c1C,CHEMBL27344
DEC_3372,decoy,CS(=O)(=O)c1cc([N+](=O)[O-])c(C(N)=O)cc1N(CCCl)CCCl,CHEMBL282488
DEC_2246,decoy,Cc1cc(C(C)(C)C)c(OC(=O)NS(=O)(=O)Nc2c(C(C)C)cccc2C(C)C)c(C(C)(C)C)c1,CHEMBL21751
DEC_0894,decoy,CN1CC=C(c2c(O)cc(O)c3c(=O)cc(-c4ccc(Cl)cc4Cl)oc23)CC1,CHEMBL9094
DEC_3538,decoy,CCCC1C(=O)N2C=CSC2N(CCC)C1=O,CHEMBL29534
DEC_0348,decoy,Oc1cc(C(F)(F)F)c2cc3c(cc2n1)NC[C@@H]1CCC[C@H]31,CHEMBL27812
DEC_2893,decoy,CC(=O)N1CCc2c(sc(NC(=O)C3CCCCC3)c2C(=O)c2ccccc2Cl)C1,CHEMBL295386
DEC_1013,decoy,Oc1ccc2c3c1OC1[C@H]4OC[C@@]4(CCCc4ccccc4)CC4C(C2)N(CC2CC2)CCC341,CHEMBL441761
DEC_1011,decoy,Brc1ccc(C2COC(Cn3ccnc3)(c3ccc(Br)cc3)O2)cc1,CHEMBL29376
DEC_4504,decoy,CC1C(N)CN1c1nc2c(cc1F)c(=O)c(C(=O)O)cn2C1CC1,CHEMBL283750
DEC_4302,decoy,COc1ccc(C(O)(c2cncnc2)c2ccc(C)c(C)c2)cc1C,CHEMBL29523
DEC_1863,decoy,O=C1CCC/C=C\C[C@@H]2C(/C=C\[C@@H](COc3ccccc3)O1)[C@H](O)C[C@@H]2O,CHEMBL273730
DEC_0951,decoy,COC(=O)c1c(C(F)(F)F)[nH]c2c1[C@@]13C[C@@H]1CN(C(=O)c1cc4cc(OC)c(OC)c(OC)c4[nH]1)C3=CC2=O,CHEMBL32759
DEC_2795,decoy,O=C1CC(c2nnn[nH]2)Oc2cc(COc3cccc(OCc4ccc5ccccc5n4)c3)ccc21,CHEMBL46663
DEC_1319,decoy,CC(=O)OCC1CCC(NC(=O)N(CCF)N=O)CC1,CHEMBL274622
DEC_3048,decoy,CN(C(=O)[C@H](N)c1ccccc1)[C@@H]1CCCC[C@H]1N1CCCC1,CHEMBL17286
DEC_2122,decoy,C[C@@H]1CC[C@H]2[C@@H](C)C(=O)O[C@@H]3O[C@]4(C)CC[C@@H]1C32OO4,CHEMBL77
DEC_4384,decoy,CC(C)(N)C(=O)N[C@H](Cc1c[nH]c2ccccc12)C(=O)N1CCC2(CC1)CC(=O)c1ccccc1O2,CHEMBL268231
DEC_4134,decoy,CCNCC1CCN(c2cc3c(cc2F)c(=O)c(C(=O)O)cn3C(C)(C)C)C1,CHEMBL30188
DEC_2822,decoy,CC(/N=c1\c(O)c(O)\c1=N/c1ccc(-n2ccnc2)cc1)C(C)(C)C,CHEMBL18830
DEC_2913,decoy,Cc1c(N2C[C@H](F)[C@@H](C3(N)CC3)C2)c(F)c(N)c2c(=O)c(C(=O)O)cn([C@@H]3C[C@@H]3F)c12,CHEMBL268208
DEC_4363,decoy,O=C1C2Oc3c(O)ccc4c3C23CCN(CC2CC2)C(C4)[C@]3(O)CC12Cc1cccc3cccc(c13)C2,CHEMBL48009
DEC_4312,decoy,c1cc(NC2=NCCN2)ccc1Cc1ccc(OCC2CCOCC2)cc1,CHEMBL10242
DEC_2576,decoy,COc1cc2nc(N3CCN(/C(S)=N/c4ccc(NC(=S)N5CC5)cc4)CC3)nc(N)c2cc1OC,CHEMBL6302
DEC_2997,decoy,NC1=NC(C#Cc2ccccc2)Cc2ccsc21,CHEMBL269162
DEC_1021,decoy,CN1CCC23c4c5ccc(O)c4OC2[C@H]2OC[C@@]2(CCCCCc2ccccc2)CC3C1C5,CHEMBL275453
DEC_1329,decoy,CC(C)C(=O)O/N=C1/CC2(CCN(C)CC2)OC1C,CHEMBL39761
DEC_1866,decoy,O=C1NC(=O)C(c2cc(Cl)ccc2[S+]([O-])Cc2ccc(Cl)cc2)N1,CHEMBL19781
DEC_2359,decoy,O=C1c2ccccc2CCCN1CCN1CCC(Oc2ccc(F)cc2)CC1,CHEMBL275451
DEC_1903,decoy,CC(C)=CCN1CCCC2(c3ccccc3)CCC1C2.O=C(O)C(=O)O,CHEMBL38223
DEC_2149,decoy,CCCS(=O)(=O)c1ccc(Cl)cc1C1NC(=O)NC1=O,CHEMBL443492
DEC_1084,decoy,NC1=NC(c2cccs2)Cc2ccsc21,CHEMBL8041
DEC_1120,decoy,CO[C@H]1[C@@H]2O[C@@H]2[C@@H](OCC23C[C@@H]4[C@H](C)CC[C@H]4C4(C=O)CC2C=C(C(C)C)C34C(=O)O)O[C@@H]1C,CHEMBL29128
DEC_0822,decoy,O=C(O)CCC/C=C\CC1=CCC[C@@H]1NS(=O)(=O)c1ccc(F)cc1F,CHEMBL279088
DEC_3485,decoy,O=C(O)c1cc2c(s1)CC(Cn1ccnc1)CC2,CHEMBL23509
DEC_3888,decoy,CCc1ccc2nccc(NCCCN(C)C)c2c1[N+](=O)[O-],CHEMBL32041
DEC_0910,decoy,COc1c2c(c(OC)c(SC(C)C)c1SC(C)C)[C@H](CO)N1C(C#N)[C@@H]3C[C@@H](C(=O)O)[C@H]([C@@H]1C2)N3C,CHEMBL58642
DEC_0688,decoy,Cl.O=C([C@@H]1CCCN1)N1CCCC1P1(=O)Oc2ccccc2-c2ccccc2O1,CHEMBL9724
DEC_2294,decoy,O=C1[C@@H](NS(=O)(=O)c2ccc(-c3ccc(Cl)s3)s2)CCN1Cc1cc2cc[nH]cc-2n1,CHEMBL268178
DEC_0983,decoy,Cn1cc(C2=NCC3(CN4CCC3CC4)O2)c2cc(N)ccc21,CHEMBL267076
DEC_1352,decoy,COc1c(-c2ccc(OC)c(=O)cc2)ccc(C=O)c1C=O,CHEMBL10519
DEC_2138,decoy,Brc1ccc2c(c1)C1C(CC2)N=C2SCCN21,CHEMBL282574
DEC_1303,decoy,Cc1cccc(C)c1C(OCC(O)CN1C(C)CCCC1C)c1ccccc1,CHEMBL280478
DEC_2084,decoy,CC(C)c1cccc(C(C)C)c1OC(=O)NS(=O)(=O)N1CCc2ccccc21,CHEMBL279235
DEC_3351,decoy,CCNCC1CCN(c2cc3c(c(N)c2F)c(=O)c(C(=O)O)cn3CC)C1,CHEMBL15505
DEC_0610,decoy,O=S(=O)(c1nc(-c2ccc(Cl)cc2)c(-c2ccc(Cl)cc2)[nH]1)C(F)F,CHEMBL276731
DEC_1186,decoy,CN(C=O)[C@H]1CCC2C3CC[C@H]4N(C)C(=O)CC[C@]4(C)C3CC[C@@]21C,CHEMBL17193
DEC_4385,decoy,COc1cccc2c1CC[C@H]1CN(CCn3c(=O)[nH]c4c(sc5ccc(Cl)cc54)c3=O)C[C@@H]21,CHEMBL41444
DEC_4465,decoy,NC1NC(=O)N(C2CSC3(COP(=O)(O)OC3)O2)C=C1F,CHEMBL29092
DEC_4076,decoy,CC(=O)O[C@H]1CC[C@](C)(C2CC[C@@]3(C)C(CC[C@@H]3[C@H](C)CCCC(C)C)[C@@H]2CC(=O)O)C(=O)O1,CHEMBL296574
DEC_3058,decoy,CN(CC(=O)c1cc(C(C)(C)C)c2c(c1)C(C)(C)CO2)CC1CC1,CHEMBL14266
DEC_0750,decoy,CC(C)(C)OC(=O)N[C@H](Cc1c[nH]c2ccccc12)C(=O)NC1N=C(c2ccccc2)c2ccccc2NC1=O,CHEMBL310246
DEC_2025,decoy,N#Cc1ccc(S(=O)(=O)Nc2ccc(Cl)c3cc[nH]c23)cc1,CHEMBL20813
DEC_0466,decoy,OC(c1ccc(F)cc1)C(O)(Cn1cncn1)c1ccc(F)cc1,CHEMBL10691
DEC_0156,decoy,C=C(Cl)CN1C[C@H](OCC23C[C@@H]4[C@H](C)CC[C@H]4C4(C=O)CC2C=C(C(C)C)[C@@]34C(=O)O)O[C@H](C)[C@H]1C,CHEMBL34273
DEC_3217,decoy,CN1CCN(c2cn(-c3ccc(F)cc3)c3ccc(Cl)cc23)CC1,CHEMBL273516
DEC_3260,decoy,CCCCC1Oc2c(C)c(C)c(O)c(C)c2S1,CHEMBL36043
DEC_1581,decoy,COc1cc2c(cc1OC)-c1cc(=Nc3c(C)cc(C)cc3C)n(CP(C)(C)=O)c(=O)n1CC2,CHEMBL286663
DEC_2292,decoy,Cc1ccc(-c2cc(CN(Cc3cccc(Br)c3)C(Cc3c[nH]cn3)C(N)=O)no2)cc1,CHEMBL57972
DEC_1592,decoy,CC(=O)O[C@H]1O[C@H](OC(C)=O)[C@@H](OC(C)=O)/C1=C/CC1(C)C(C)CCC2(C)C1CCCC21CO1,CHEMBL44707
DEC_0521,decoy,C[C@@]1(CO)C(O)CC[C@]2(C)C3CC(O)CC3CC[C@@H]12,CHEMBL282324
DEC_1616,decoy,O=C1Nc2ccc(Cl)cc2C(OCCC2CC2)(C(F)(F)F)O1,CHEMBL275846
DEC_1185,decoy,CC1OC(/C=C/C2CC2)(C(F)(F)F)c2c(ccc(F)c2F)NC1=O,CHEMBL281230
DEC_4042,decoy,O=C(Cc1ccccc1)OC[C@H]1C[C@@H]2O[C@H]1[C@H]1C(=O)OC(=O)[C@H]12,CHEMBL269101
DEC_2713,decoy,CCN(CC)CCn1nc2c3c(c(CNC)ccc31)Sc1ccccc1-2,CHEMBL30099
DEC_0682,decoy,CC(C)(C)/N=C(\N)c1ccc(N2CCCN(c3ccc(/C(N)=N/C(C)(C)C)cc3)CC2)cc1,CHEMBL9490
DEC_3119,decoy,CCCCc1nc2c(=O)[nH][nH]c(=O)c2n1Cc1ccc(-c2ccccc2-c2nn[nH]n2)cc1,CHEMBL267056
DEC_0030,decoy,C[C@@H]1[C@H](N)CN1c1c(F)cc2c(=O)c(C(=O)O)cn(C3CC3)c2c1F,CHEMBL277169
DEC_0893,decoy,Cc1nnc2n1-c1sc(C#Cc3ccccc3)cc1C(c1ccccc1Cl)=NC2,CHEMBL288098
DEC_0506,decoy,CCCC(C)C1(CC)C(=O)NC(=S)NC1=O,CHEMBL441
DEC_2883,decoy,CC(C)[C@@H](CN1CC[C@@](C)(c2cccc(O)c2)[C@@H](C)C1)NC(=O)CCc1ccc(O)cc1,CHEMBL10986
DEC_2048,decoy,C[C@@]12C=Cc3occc3C1CC[C@@]13CC(CCC12)C(O)(CO)C3,CHEMBL282576
DEC_0599,decoy,CC(C)N(C=O)[C@H]1CCC2C3CC[C@H]4N(C)C(=O)CC[C@]4(C)C3CC[C@@]21C,CHEMBL17268
DEC_1868,decoy,CN1C(=O)CC[C@]2(C)C3CC[C@@]4(C)C(CC[C@@]4(O)C#CCCCO)C3CCC12,CHEMBL10343
DEC_3614,decoy,Cc1ncc2n1CCC=C2c1ccc(-n2ccnc2)cc1,CHEMBL27772
DEC_0833,decoy,CC(=O)OCC(=O)[C@@]1(OC(=O)c2ccc(C)s2)[C@H](C)CC2C3CCC4=CC(=O)C=CC4(C)[C@@]3(F)C(O)CC21C,CHEMBL288895
DEC_0988,decoy,C[S+]([O-])c1nccn1-c1ccc(C2=NNC(=O)CC2)cc1,CHEMBL31122
DEC_1844,decoy,CCc1cc2c(Sc3ccc(C)cc3)cncc2s1,CHEMBL266197
DEC_3151,decoy,NC(=O)c1cccc(Oc2nccc(-c3c(-c4ccc(F)cc4)ncn3C3CCNCC3)n2)c1,CHEMBL268946
DEC_1161,decoy,C=CCCN(C1=NCCN1)c1c(Br)cccc1Br,CHEMBL417828
DEC_2310,decoy,Cc1ccc(C2COC(Cn3ccnc3)(c3ccc(Br)cc3)O2)cc1,CHEMBL281074
DEC_0349,decoy,CC(C)COc1ccccc1-c1nc2ccc[nH]c-2n1,CHEMBL286021
DEC_1257,decoy,CCCCC1Nc2ccccc2C(=O)N1Cc1ccc(-c2ccccc2-c2nn[nH]n2)cc1,CHEMBL14950
DEC_1409,decoy,O=C1Nc2cccc3c2C1(CCCN1CCN(c2ccccc2)CC1)CCC3,CHEMBL13052
ACT_069,active,O=C1c2cc(F)ccc2-n2c1nc1ccccc1c2=O,CHEMBL1098875
DEC_1846,decoy,CC1C(=O)Oc2cc(C3CCCCC3)c(Cl)cc21,CHEMBL35511
DEC_1128,decoy,C[C@]12CCC(=O)C=C1CCC1C2=CC[C@@]2(C)C1CC[C@]2(O)C(=O)CN1CCN(CCO)CC1,CHEMBL280509
DEC_4556,decoy,CCCC(=O)O.C[C@@H]1CN(C(=O)N2Cc3c(C(=O)OC(C)(C)C)ncn3-c3ccc(Cl)cc32)C[C@H](C)N1,CHEMBL276144
DEC_2081,decoy,CCCCN1CCC(COc2nc3ccc(Cl)cc3c3c2CCCN3)CC1,CHEMBL33089
DEC_1988,decoy,O=C1CCC(c2ccc(NCc3ccncc3)cc2)=NN1,CHEMBL276315
DEC_1978,decoy,CC12Cc3ccccc3[C@@H](O)C(CN1)c1ccccc12,CHEMBL277205
DEC_3878,decoy,C=C=CCN(C)CCCOc1ccc(Cl)cc1Cl,CHEMBL441014
DEC_4539,decoy,COc1cc(C(C)(C)C)c(OC(=O)[N-]S(=O)(=O)Oc2c(C(C)C)cccc2C(C)C)c(C(C)(C)C)c1.[Na+],CHEMBL280176
DEC_1510,decoy,N#Cc1c2n(c3c(N4CCN(CCc5ccccc5)CC4)ncnc13)CCCC2,CHEMBL28098
DEC_0566,decoy,C(#Cc1ccccc1)CN1CCC(COC(c2ccccc2)c2ccccc2)CC1,CHEMBL7460
DEC_4198,decoy,CCCCCCCCc1ccc2c3c(c[nH]c13)C[C@@H](CO)NC(=O)[C@H](C(C)C)N2C,CHEMBL285801
DEC_2466,decoy,C=Cc1sc2ccc(Cl)c3c2c1CN(C)CC3,CHEMBL25467
DEC_3201,decoy,Cc1cc(-c2c(F)cc3c(=O)c(Cc4ccc(O)cc4O)cn(C4CC4)c3c2F)cc(C)n1,CHEMBL7877
DEC_2502,decoy,C[C@@]12CCc3occc3C1CC[C@]13CCC(CCC12)C3,CHEMBL281902
DEC_3666,decoy,N#CCCCCn1cnc2c1NC=NCC2O,CHEMBL35156
DEC_3332,decoy,CCNCC1CCN(c2c(F)cc3c(=O)c(C(=O)O)cn(NC)c3c2F)C1,CHEMBL6256
DEC_2028,decoy,CC1OC=C(CO)[C@H]2C[C@H]3c4[nH]c5ccccc5c4CCN3CC12,CHEMBL15238
DEC_1841,decoy,CC1(C)OC(S)=Nc2ccc(-c3cc(F)cc(C#N)c3)cc21,CHEMBL282091
DEC_2837,decoy,CN(C)CCN1C(=O)c2cccc3c2c(cc2ccsc23)C1=O,CHEMBL32087
DEC_4296,decoy,Oc1ccc(-c2nnc3c4ccccc4c(N4CCCC4)nn23)cc1,CHEMBL13897
DEC_4417,decoy,NCC1CCN(c2c(F)cc3c(=O)c(C(=O)O)cn(C4CC4)c3c2F)C1,CHEMBL14919
DEC_3653,decoy,OCc1cn2c(cc(Cl)c3ccc(Cl)cc32)n1,CHEMBL13362
DEC_3616,decoy,Cc1cnc2c(c1)CCCC2[S+]([O-])c1ccccc1,CHEMBL34247
DEC_1949,decoy,O=S1NC(Cc2coc3ccc(Br)cc23)=NO1,CHEMBL17367
DEC_1545,decoy,N#Cc1ccc(CCCn2ncc3c2nc(N)n2nc(-c4ccco4)nc32)cc1,CHEMBL22191
DEC_1986,decoy,CCCC(C)C1(c2ccc(N)cc2)CCC(=O)NC1=O,CHEMBL29521
DEC_3330,decoy,O=C(O)[C@@H]1C[C@H]2C[C@@H](Cc3ccc(-c4nn[nH]n4)cc3)CC[C@H]2CN1,CHEMBL417625
DEC_3429,decoy,O=C(OCCCc1ccc(F)cc1)[C@@H]1CCCN1C(=O)NC12C[C@H]3C[C@@H](C1)C[C@@H](C2)C3,CHEMBL33062
DEC_1398,decoy,C[C@H]1C(Oc2ccc(C(=O)O)cc2)O[C@@H]2O[C@]3(C)CC[C@H]4[C@H](C)CCC1C24OO3,CHEMBL287140
DEC_2185,decoy,COc1cc2c(cc1OC)C(COCCN1CCN(c3ccccn3)CC1)OCCC2,CHEMBL276387
DEC_2484,decoy,CCC1CCN(C)c2cc3nc(O)cc(C(F)(F)F)c3cc21,CHEMBL27945
DEC_1429,decoy,COC(=O)[C@@H](CCSC)NC(=O)[C@@H]1Cc2c([nH]c3ccccc23)[C@@H](c2cc(OC)c(O)c(OC)c2)N1,CHEMBL282223
DEC_1514,decoy,C[S+]([O-])c1ccc(-c2nc3n(c2-c2ccc([S+](C)[O-])cc2)CC[S+]3[O-])cc1,CHEMBL17343
DEC_2272,decoy,CO[C@H]1[C@@H]2S[C@@H]2[C@H](OCC23C[C@@H]4[C@H](C)CC[C@H]4C4(C=O)CC2C=C(C(C)C)C34C(=O)O)O[C@@H]1C,CHEMBL29909
DEC_0428,decoy,CCCCCCc1nc2c([nH]1)N1CC3(CCCC3)N=C1N(C)C2=O,CHEMBL18965
DEC_0387,decoy,COc1cccc2c1C(=O)c1c(O)c3c(c(O)c1C2=O)C=C(C(C)=O)C[C@@H]3OC1CC(NC(=O)C(F)(F)F)C(O)C(C)O1,CHEMBL55255
DEC_3302,decoy,C[C@H](Nc1ncc(-c2ccccc2)n1C)c1ccccc1,CHEMBL38948
DEC_3068,decoy,Clc1ccc(NC23CC4CC(CC(C4)C2)C3)cn1,CHEMBL18749
DEC_1745,decoy,O=C1Cc2cc(CCN3CCN(c4nsc5ccccc45)CC3)c(Cl)cc2N1,CHEMBL708
DEC_1966,decoy,O=NN(CCF)C(=O)NC1C2CC3CC(C2)CC1C3,CHEMBL267546
DEC_4185,decoy,O=C(c1ccccc1)C(Cc1ccc(C(F)(F)P(=O)(O)O)cc1)c1ccccc1,CHEMBL267022
DEC_3071,decoy,CCC(=O)C1C(C2CCCCC2)CC2CCC1N2C,CHEMBL280382
DEC_3652,decoy,COc1cc2c(cc1O)CCC1C2CCC2(C)C(O)CCC12,CHEMBL23576
DEC_4124,decoy,CC(=O)NCc1ccc(-c2csc(NC(=N)NCCC3CCCCC3)n2)o1,CHEMBL282235
DEC_1385,decoy,CCN(CC)CCCNc1nccc2c(C)c3[nH]c4ccc(O)cc4c3c(C)c12,CHEMBL282444
DEC_0698,decoy,CC(C)(C)OC(=O)/C=C/c1ccc2[nH]c3cc(-c4ccccc4)c4c(c3c2c1)C(=O)NC4,CHEMBL277967
DEC_2202,decoy,CCCc1cc([S+](C)[O-])cc(=O)n1Cc1ccc(-c2ccccc2-c2nn[nH]n2)cc1,CHEMBL281778
DEC_0110,decoy,Cc1cc(CC(N)=O)cc(-c2c(O)nc3cc(Cl)c([N+](=O)[O-])cc3c2OCCC2CCCCN2)c1,CHEMBL295556
DEC_3459,decoy,CC(C)(N)C(=O)N[C@H](Cc1c[nH]c2ccccc12)C(=O)N1CCC2(CCc3ccccc32)CC1,CHEMBL274599
DEC_3944,decoy,CC(=O)Oc1cccc(Cn2cnc3c(N(C)C)ncnc32)c1,CHEMBL7474
DEC_4408,decoy,Cc1cc(O)cc(C)c1CC(N)C(=O)N1Cc2cc(-c3cc4ccccc4o3)ccc2C[C@H]1C(=O)O,CHEMBL46160
DEC_1552,decoy,COc1cc2c(cc1OC)-c1cc(=Nc3ccc(C)cc3C)n(C)c(=O)n1CC2,CHEMBL35099
DEC_3238,decoy,FC(F)(F)c1cccc(COCC2(c3ccccc3)CCNCC2)c1,CHEMBL281828
DEC_3584,decoy,O=C1[C@@H](NS(=O)(=O)c2ccc(-c3ccon3)s2)CCN1Cc1cc2c[nH]ccc-2n1,CHEMBL269604
DEC_0449,decoy,CCCCC[C@](C)(O)/C=C/C1[C@H](O)C[C@@H]2OC(=O)CCC/C=C\C[C@H]12,CHEMBL12597
DEC_1666,decoy,C/C(=N\OCCSc1nnnn1C)c1ccc(Sc2cc(F)cc(C3CCOCC3)c2)cc1,CHEMBL279935
DEC_0341,decoy,COc1nc(C(Cl)(Cl)Cl)c(Cl)c(O)c1Cl,CHEMBL11122
DEC_3313,decoy,CC(C)C(=NOCC(O)CNC(C)(C)C)C(C)C.O=C(O)C(=O)O,CHEMBL288140
DEC_2099,decoy,CCCc1ccc(N/N=C(\N=N\c2nnnn2-c2ccccc2)c2ccccc2)cc1,CHEMBL278323
DEC_4470,decoy,CCN[C@H]1C[C@H](CC)S(=O)(=O)c2sc(S(N)(=O)=O)cc21,CHEMBL9688
DEC_3612,decoy,O[C@]1(c2ccccc2)CN2CCC[C@H]2c2ccccc21,CHEMBL285277
DEC_1928,decoy,Cc1ccc2c(c1)c(C1=NCC3(CN4CCC3CC4)O1)cn2C,CHEMBL267297
DEC_1053,decoy,OC1CCCCCC1CN1CCN(CCOC(c2ccccc2)c2ccccc2)CC1,CHEMBL417305
DEC_3970,decoy,CC(C)(C)n1cc(C(=O)O)c(=O)c2cc(F)c(N3CCNC(CF)C3)cc21,CHEMBL27029
DEC_0100,decoy,CN1C(=O)N(CC(COc2ccc(-c3cccc(C#N)c3)cc2)N(O)C=O)C(=O)C1(C)C,CHEMBL39921
DEC_3524,decoy,O[C@@H]1[C@H](O)CCC[C@H]1N1CCC(c2ccccc2)CC1,CHEMBL278303
DEC_2945,decoy,CN(C)c1cccc2c(S(=O)(=O)Nc3ncc(Br)cn3)cccc12,CHEMBL6630
DEC_4452,decoy,CSc1ccc(Nc2c(NC(C)C(C)(C)C)c(=O)c2=O)cc1,CHEMBL18731
DEC_3987,decoy,CC1(CN)CCN(c2cc3c(cc2F)c(=O)c(C(=O)O)cn3C2CC2)C1,CHEMBL278648
DEC_3052,decoy,O=c1c(-c2ccccc2)nccn1C(CN1CCCC1)c1ccccc1,CHEMBL14734
DEC_1511,decoy,Cc1cc(C)c2c(c1)COP(=O)(OCC1C=CC(n3cc(C)c(=O)[nH]c3=O)O1)O2,CHEMBL31131
DEC_0269,decoy,Clc1ccc(CC2COC(Cn3ccnc3)(c3ccc(Cl)cc3Cl)O2)cc1,CHEMBL29131
DEC_4444,decoy,N#Cc1c(-c2ccc(F)cc2)c(-c2ccc(F)cc2)nn(CCO)c1=O,CHEMBL287584
DEC_3541,decoy,C=CC[C@@]1(C2=NCCN2)Cc2ccccc2N1C,CHEMBL41223
DEC_2903,decoy,Oc1cc(NC[C@H]2CC[C@@H]2NCc2ccc(Cl)c(Cl)c2)nc2ccccc12,CHEMBL279884
DEC_1943,decoy,CC1CCCCN1c1ccc2c(c1Cl)CN1CC(=O)NC1=N2,CHEMBL31948
DEC_1813,decoy,C[C@@]12CCCCN1C[C@H](c1ccccc1)c1ccccc12,CHEMBL36064
DEC_2009,decoy,CC1C(=O)Nc2cc3[nH]c(-c4cccnc4)nc3cc21,CHEMBL418014
DEC_1941,decoy,CC(C)(C)n1ncc2c1nc(N)n1nc(-c3ccco3)nc21,CHEMBL280067
DEC_0553,decoy,CCOC(=O)C(=O)NCC1OC(n2cc(C)c(=O)[nH]c2=O)CC1O,CHEMBL9369
DEC_3155,decoy,CCN(Cc1ccc(S(=O)(=O)N2CCNCC2)cc1)c1ccc2c3c(cccc13)C(=O)N2,CHEMBL9728
DEC_4342,decoy,O[C@@H]1c2cc(OCc3cccc(F)n3)ccc2OC[C@@H]1Cc1cccnc1,CHEMBL283883
DEC_1242,decoy,CCc1nc2ccc(OC3CCN(C(C)=N)CC3)cc2n1C/C=C/c1cc(N)ccc1OC,CHEMBL24915
DEC_0555,decoy,C/N=C(\NC1c2cc(C#N)ccc2OC(C)(C)[C@H]1O)NS(N)(=O)=O,CHEMBL6425
DEC_3737,decoy,C[C@]12CC[C@H]3[C@@H](CCC4=CC(=O)CC[C@@H]43)[C@@H]1CC[C@@H]2O,CHEMBL757
DEC_1613,decoy,CCCCC[C@@H]1/C=C\C2[C@H](O)C[C@H](O)[C@@H]2CCCCCCC(=O)O1,CHEMBL418532
DEC_1474,decoy,O=C1NC(=O)C(S(=O)(=O)c2cccc3c(Br)cccc23)S1,CHEMBL281208
DEC_1089,decoy,C[C@H]1C=C2c3cccc4[nH]cc(c34)C[C@H]2N(C)C1,CHEMBL40047
DEC_3145,decoy,CCNCC1CCN(c2c(F)cc3c(=O)c(C(=O)O)cn(-c4nccs4)c3c2F)C1,CHEMBL6299
DEC_0297,decoy,O=C1NC(=O)C(CC#Cc2ccc(Cl)cc2)(Sc2ccc(F)cc2)S1,CHEMBL428177
DEC_0478,decoy,CCCC(CCC)c1nc2c([nH]1)N1C(=N[C@@H]3CCC[C@@H]31)N(C)C2=O,CHEMBL280307
DEC_0916,decoy,CCN(CC)CCCNc1ncc2cc(-c3c(Br)cccc3Br)c(N)nc2n1,CHEMBL56958
DEC_1742,decoy,Cc1cccc2[nH]c3c(N4CCN(CCc5ccc(F)c(F)c5)CC4)ncnc3c12,CHEMBL26369
DEC_2966,decoy,O=C1CN2Cc3c(sc4c3CCCC4)N=C2N1,CHEMBL31429
DEC_0402,decoy,CCCCC[C@@H]1/C=C\C2C(=O)CC(O)[C@@H]2C/C=C\CCCC(=O)O1,CHEMBL276380
DEC_1811,decoy,C[Si](C)(C)OC(C#N)C1CCCCCCCCCC1,CHEMBL18302
DEC_3255,decoy,OC(c1ccc(Cl)cc1)C(O)(Cn1cncn1)c1ccc(Cl)cc1,CHEMBL269459
DEC_2288,decoy,O=S1(=O)N(CCN2CCC(Cc3c[nH]c4ccc(F)cc34)CC2)c2cccc3c2N1CCC3,CHEMBL274728
DEC_0335,decoy,Nc1ccc(OC23CC4C5CC6CC4C(C2)C(C6)C5C3)cc1,CHEMBL12665
DEC_2411,decoy,CCCC1=NC2(CCOCC2)C(=O)N1Cc1ccc(-c2ccccc2-c2nn[nH]n2)cc1,CHEMBL435953
DEC_2010,decoy,N[P@]1(Cl)=NP(N2CC2)(N2CC2)=N[P@](N)(Cl)=N1,CHEMBL281247
DEC_3170,decoy,COc1cc2c(cc1OC)[C@@H]1[C@H](O)c3ccc4c(c3O[C@@H]1CO2)Cc1cc(C(C)C)oc1C4,CHEMBL39169
DEC_0436,decoy,NC(=O)c1cc2c(Sc3ccc(Cl)cc3)cncc2s1,CHEMBL268567
DEC_3496,decoy,CC1CC(O)=NN=C1c1ccc(-n2ccnc2)cc1,CHEMBL440593
DEC_1315,decoy,CO[C@H]1O[C@]2(C)OO[C@]13[C@H](CCO)CCC[C@@H]3C[C@H]2C,CHEMBL282000
DEC_4534,decoy,O=C(CCCO)N1CCN(c2ccnc3cc(Cl)ccc23)CCN(c2ccnc3cc(Cl)ccc23)CC1,CHEMBL416068
DEC_3029,decoy,C/C(=N\N=C(/S)N1CCCCCCCC1)c1ccccn1,CHEMBL30788
DEC_2559,decoy,COc1cccc(-c2c(C)n(Cc3c(F)cccc3F)c(=O)n(C[C@H](C)NCc3sccc3C)c2=O)c1F,CHEMBL283381
DEC_1294,decoy,CCCCc1nc(Cc2ccc(-c3ccccc3-c3nn[nH]n3)cc2)n(CCCC)n1,CHEMBL12909
DEC_0736,decoy,CC(=O)Nc1nc(CCC2(C(C)C)CC(=O)C(Sc3cc(C)c(CO)cc3C(C)(C)C)=C(O)O2)cs1,CHEMBL431976
DEC_1803,decoy,COc1cc([C@@H]2c3cc4c(cc3[C@@H](Nc3cc(C(F)(F)F)cc(C(F)(F)F)c3)[C@H]3COC(=O)[C@H]23)OCO4)cc(OC)c1O,CHEMBL430726
DEC_3774,decoy,CCCCCN1C[C@@H]2N(C(=O)OCCc3ccc(O)cc3)CCC(=O)N2[C@@H](Cc2ccccc2)C1=O,CHEMBL289016
DEC_1603,decoy,O=C1NC(=O)C(CC#Cc2ccc(OC(F)(F)F)cc2)(S(=O)(=O)c2ccc(F)cc2)S1,CHEMBL275001
DEC_1701,decoy,CC1(C)COP(=O)(C(CCC(=O)c2cccnc2)P2(=O)OCC(C)(C)CO2)OC1,CHEMBL12621
DEC_4052,decoy,CC(=O)n1cc(F)c(=O)n(C2OC(=O)c3ccccc32)c1=O,CHEMBL278379
DEC_3406,decoy,CSc1nc(COC(=O)NC(C)C)c(COC(=O)NC(C)C)n1C,CHEMBL22939
DEC_0199,decoy,CCOC(=O)CC1CCN(C(=O)C(C)(C)C(CC)NC(=O)c2ccc(C(=N)N3CCSC3)cc2F)CC1,CHEMBL430796
DEC_3036,decoy,Cc1nnc(Sc2cncc3sc(C(N)=O)cc23)s1,CHEMBL268070
DEC_1119,decoy,C=CCN1C[C@H](OCC23C[C@@H]4[C@H](C)CC[C@H]4C4(C=O)CC2C=C(C(C)C)[C@@]34C(=O)O)OC[C@H]1C,CHEMBL287434
DEC_2449,decoy,CCC1=C(c2ccc(O)cc2)c2ccc(OCC(O)CO)cc2Oc2ccccc21,CHEMBL276306
DEC_0904,decoy,N#Cc1c(O)nnc(-c2ccc(Cl)c(Cl)c2)c1-c1ccc(Cl)c(Cl)c1,CHEMBL287588
DEC_1879,decoy,CC(C)c1cccc(OCc2cccc(N3C(N)=NC(N)=NC3(C)C)c2)c1,CHEMBL20227
DEC_3205,decoy,Cc1cc(C(=O)O)c2oc(-c3cccc(/C=C/c4ccc5ccccc5n4)c3)cc(=O)c2c1,CHEMBL34835
DEC_1087,decoy,C(=N\c1ccc(-c2ncon2)cc1)\c1ccc[nH]1,CHEMBL21837
DEC_3898,decoy,CCCN(CCC)CCc1ccc(O)c2nc(O)sc12,CHEMBL17231
DEC_1940,decoy,O=c1cnn(-c2cc(Cl)c(Cl)c(Cl)c2)c(=O)[nH]1,CHEMBL276242
DEC_0025,decoy,CC1(N2C(=O)c3c(F)c(F)c(F)c(F)c3C2=O)CCC(=O)NC1=O,CHEMBL11282
DEC_2551,decoy,CCOC(=O)CCC(=O)O[C@]1(C(=O)CCl)[C@@H](C)CC2C3CCC4=CC(=O)C=CC4(C)[C@@]3(F)[C@@H](O)CC21C,CHEMBL83389
DEC_2244,decoy,CC(C)(C)c1ccc(S(=O)(=O)Nc2cccc(C(c3c(O)c4c(oc3=O)CCCCCC4)C3CC3)c2)cc1,CHEMBL440092
DEC_0764,decoy,CCCCOC(=O)N[C@@H](c1ccc(O)cc1)[C@@H](O)C(=O)OC1CC2C(C)(C)C1(C)[C@@]13CC(C)c4ccccc4[C@@]21O3,CHEMBL284230
DEC_0985,decoy,c1ccc(C2(c3ccccc3)OC[C@H]([C@@H]3CCCN3)O2)cc1,CHEMBL283825
DEC_2263,decoy,OC[C@@]1(CCCCCc2ccccc2)CC2C3Cc4ccc(O)c5c4C2(CCN3CC2CC2)C(O5)[C@@H]1O,CHEMBL9706
DEC_2902,decoy,Oc1cc(NC[C@H]2CC[C@H]2NCc2ccc(Cl)c(Cl)c2)nc2ccccc12,CHEMBL280965
DEC_3704,decoy,CCOC(=O)C(C#N)=C1SCCCS1,CHEMBL291237
DEC_0017,decoy,CN(NC(=NCC(=O)O)NN(C)C(=O)OC(C)(C)C)C(=O)OC(C)(C)C,CHEMBL283132
DEC_2769,decoy,COc1ccc2[nH]c3c(C)c4ccnc(NCCCN5CCN(CCCN)CC5)c4cc3c2c1,CHEMBL19777
DEC_4248,decoy,COc1ccc(CN(C)C/C=C/c2ccccc2)c2ccccc12,CHEMBL279901
DEC_1283,decoy,O=C1Nc2cccc3c2C1(CCCCN1CCN(c2ccccc2)CC1)CCC3,CHEMBL12427
DEC_4409,decoy,O=C1NC(=O)C(CC#Cc2cc(C(F)(F)F)cc(C(F)(F)F)c2)(S(=O)(=O)c2ccccn2)S1,CHEMBL12016
DEC_2669,decoy,Nc1ccc(-c2nc(-c3ccc(F)cc3)c(-c3ccncc3)[nH]2)cc1,CHEMBL17736
DEC_2279,decoy,O[C@@H]1c2ccccc2CC[C@H]1CN1CCN(CCOC(c2ccc(F)cc2)c2ccc(F)cc2)CC1,CHEMBL29040
DEC_0591,decoy,O=C1Nc2ccc(Cl)cc2C(OCC=C(Cl)Cl)(C(F)(F)F)O1,CHEMBL280231
DEC_1959,decoy,O=C1NN=C(c2ccc(-n3ccnc3)cc2)C2CCCCC12,CHEMBL30358
DEC_3360,decoy,O=NN(CCCl)C(=O)NC1CCCCC1NC(=O)N(CCCl)N=O,CHEMBL267575
DEC_3411,decoy,[O-][n+]1ccc(CC(c2ccc(CO)cc2)c2ccc(OC(F)F)c(OC(F)F)c2)cc1,CHEMBL285500
DEC_2793,decoy,CCCc1cc(C(=O)OC(C)C)cc(=O)n1Cc1ccc(-c2ccccc2-c2nn[nH]n2)cc1,CHEMBL23041
DEC_0413,decoy,CC(C)[C@H]1OCO[C@]1(Cn1cncn1)c1ccc(Cl)cc1,CHEMBL10285
DEC_3479,decoy,Clc1cccc(-c2cncc(O[C@@H]3CCNC3)c2)c1,CHEMBL10173
DEC_3534,decoy,CC(C)N1CCN(c2ccccc2)CC1C1=NCCN1,CHEMBL296864
DEC_0705,decoy,Cc1cc(C)c(S(=O)(=O)[O-])c(C)c1.Cc1cc2c3c(cc[n+]2nc1C)[nH]c1ccccc13,CHEMBL286081
DEC_3121,decoy,C[C@@H](O)[C@H]1C(=O)N2C(C(=O)O)=C(SC(=S)N(C)Cc3cccc4ccccc34)[C@H](C)[C@H]12,CHEMBL291151
DEC_2475,decoy,Cc1ccc(C2CN(C)Cc3sc(Cl)cc32)cc1,CHEMBL15588
DEC_2852,decoy,CN(C)c1ncnc2c1ncn2Cc1cccc(OC(=O)C(C)(C)C)c1,CHEMBL7553
DEC_3611,decoy,O=Cc1cn2c(cc(Cl)c3ccc(Cl)cc32)n1,CHEMBL275352
DEC_1318,decoy,CC(C)OC1(C2=NCCN2)COc2ccccc2O1,CHEMBL429048
DEC_0824,decoy,O[C@@H](CN1CCN(CCOC(c2ccccc2)c2ccccc2)CC1)c1ccccc1,CHEMBL283869
DEC_1222,decoy,Oc1ccccc1Oc1nccc(-c2c(-c3ccc(F)cc3)ncn2C2CCNCC2)n1,CHEMBL273432
DEC_2640,decoy,N#Cc1ccc(-c2nc(-c3ccncc3)c(-c3ccc(F)cc3)[nH]2)cc1,CHEMBL17396
DEC_0575,decoy,CCC(c1ccc(O)cc1)C(CCI)c1ccc(O)cc1,CHEMBL268856
DEC_3647,decoy,Cc1cn(-c2cc(C)c3nc(O)ccc3c2)c(C#N)n1,CHEMBL38612
DEC_3059,decoy,OC(c1ccc(Cl)cc1)(c1ccc(Cl)cc1)c1cncnc1,CHEMBL29904
DEC_2023,decoy,CCc1cc(C#N)ccc1C/N=c1\c(O)c(O)\c1=N/C(C)(C)CC,CHEMBL19999
DEC_0409,decoy,CCCCCCc1nc2c([nH]1)N1C[C@@H](C(C)C)N=C1N(C)C2=O,CHEMBL274965
DEC_4175,decoy,CC(=O)NCc1ccc(-c2csc(NC(=N)NCCCC3CCCCC3)n2)o1,CHEMBL24673
DEC_3993,decoy,O=C(O)c1cc(O)c2c(Br)cc(Br)cc2n1,CHEMBL278854
DEC_1673,decoy,C[C@@H]1CCC2[C@@H](C)[C@@H](OC(CCC(=O)O)c3ccc(Cl)cc3)O[C@@H]3OC4(C)CC[C@@H]1C23OO4,CHEMBL30501
DEC_3791,decoy,CC(CN1CCN(CC(c2ccc(Cl)cc2)N2CCN(C)CC2)CC1)C(=O)c1ccc(Cl)cc1,CHEMBL441342
DEC_0646,decoy,COc1cc2c(Nc3ccc(Cl)cc3F)ncnc2cc1OC1CCN(C)CC1,CHEMBL26050
DEC_2308,decoy,Cn1cncc1CN[C@@H](Cc1ccc(C#N)cc1)C(=O)N1CCC(C#N)=C(c2cccc3ccccc23)C1,CHEMBL282964
DEC_3289,decoy,CCCSc1ccccc1-c1nc2ccc[nH]c-2n1,CHEMBL31954
DEC_0426,decoy,O=C1C(Cl)=C(Nc2ccc(Cl)cc2)C(=O)c2cnccc21,CHEMBL11364
DEC_1312,decoy,O=NN(CCF)C(=O)NC1CSCSC1,CHEMBL12519
DEC_2020,decoy,CC(C)(C)c1cc(/C=C2\SC(=N)NC2=O)cc(C(C)(C)C)c1O,CHEMBL275835
DEC_1809,decoy,COc1cc([C@@H]2c3cc4c(cc3[C@@H](Nc3ccc(C(=O)NCCc5ccc(O)cc5)cc3)[C@H]3COC(=O)[C@H]23)OCO4)cc(OC)c1O,CHEMBL363523
DEC_1744,decoy,O=S(=O)(c1nc(-c2cccc(Cl)c2)c(-c2ccccc2)[nH]1)C(F)(F)C(F)F,CHEMBL274730
DEC_3881,decoy,CCCN(CCC)C1Cc2cccc3ccc(=O)n(c23)C1,CHEMBL269419
DEC_1199,decoy,OC(c1ccccc1)(c1ccccc1)c1noc(C2CN3CCC2CC3)n1,CHEMBL14490
DEC_0414,decoy,CCC(C)c1ccc(C(c2cc(C)ns2)N2CCN(C)CC2)cc1,CHEMBL283796
DEC_3341,decoy,C=CCOc1ccc(/C=C(\C)C(=O)N[C@@H]2[C@H](O)CCC[C@@H]2O)cc1O,CHEMBL428826
DEC_3322,decoy,CCCC[C@]1(CO)CC2C3Cc4ccc(O)c5c4C2(CCN3C)C(O5)[C@@H]1O,CHEMBL9943
DEC_1578,decoy,CC(C)C1=CC2CC3(C=O)[C@@H]4CC[C@@H](C)[C@H]4CC2(CO[C@H]2C[C@@H]4OC(C)(C)O[C@@H]4[C@@H](C)O2)C13C(=O)O,CHEMBL280887
DEC_3627,decoy,CCC(C)(C)/N=c1\c(O)c(O)\c1=N/Cc1ccc(C)cc1C,CHEMBL20101
DEC_2054,decoy,C/N=C(\N)c1ccc(-c2ccc(-c3ccc(/C(N)=N/C)cc3)o2)cc1,CHEMBL284933
DEC_3222,decoy,O=C1O/C(=C/I)CCC1c1cccc2ccccc12,CHEMBL6223
DEC_2591,decoy,Cc1c(C(=O)N[C@H](C)[C@](O)(Cn2cncn2)c2ccc(F)cc2F)cnn1-c1c(Cl)cccc1Cl,CHEMBL294031
DEC_4209,decoy,CC(C)c1cccc(C(C)C)c1NC(=O)NS(=O)(=O)N(C(C)C)C(C)(C)C,CHEMBL281597
DEC_2731,decoy,CCCC(O)(c1ccc(F)cc1)C(O)(Cn1cncn1)c1ccc(Cl)cc1,CHEMBL10490
DEC_0254,decoy,C[C@@H]1CC[C@H]2[C@@H](C)[C@](O[Si](C)(C)C)(C(F)(F)F)O[C@@H]3O[C@]4(C)CC[C@@H]1C32OO4,CHEMBL9805
DEC_0432,decoy,CCCCOc1ccc2c3c1OC1C(O)C=CC4C(C2)N(C)CCC341,CHEMBL282377
DEC_2160,decoy,c1ccc(CCN2CCN(c3ncnc4c(-c5ncccn5)c5n(c34)CCCC5)CC2)cc1,CHEMBL282592
DEC_1815,decoy,c1ccc([C@@H]2CN3CCCCC[C@H]3c3ccccc32)cc1,CHEMBL36067
DEC_3830,decoy,O=C1c2ccccc2C(=O)N1OCCCN1CCN(c2nsc3ccccc23)CC1,CHEMBL10546
DEC_2245,decoy,C/C1=C/CC[C@]2(C)[C@@H]([C@H](C)COC(=O)c3ccccc3)CC[C@H]2c2ccc(cc2C(=O)O)C[C@@H](O)CC1,CHEMBL43841
DEC_2778,decoy,Cc1cc(C)c(C)c(OC(=O)NS(=O)(=O)Oc2c(C(C)C)cccc2C(C)C)c1C,CHEMBL22609
DEC_3787,decoy,COC1[C@@H](Cn2cncn2)[C@H](COc2ccc(OC(C)(C)C)cc2)CC[C@@]1(C)CCS(C)(=O)=O,CHEMBL298400
DEC_2970,decoy,c1ccc2c(c1)Oc1ccccc1C2C1=NCCN1,CHEMBL275564
DEC_2812,decoy,Cc1csc2c1C(N1CCN(C)CC1)=Nc1cc(F)ccc1N2,CHEMBL14605
DEC_0870,decoy,CCC(C)c1ccc2c(c1)-c1nc(C(=O)O)cc(O)c1CS2.NCCO,CHEMBL29345
DEC_3568,decoy,O=C1[C@@H](NS(=O)(=O)c2nc3cc(Cl)ccc3[nH]2)CCN1Cc1cc2cc[nH]cc-2n1,CHEMBL8557
DEC_0724,decoy,CC(=O)[C@H]1O[C@@H](Oc2ccc(/C=C(\C)C(=O)N[C@@H]3[C@H](O)[C@@H](O)[C@H]4OCO[C@H]4[C@@H]3O)cc2O)[C@@H](O)[C@@H]1O,CHEMBL267436
DEC_3543,decoy,NCCc1c[nH]c(-c2cncc(Br)c2)n1,CHEMBL26555
DEC_2986,decoy,O=C1CN2Cc3c(ccc(Cl)c3Cl)N=C2N1,CHEMBL760
DEC_1984,decoy,CCC[C@]1(c2ccccc2)OC[C@H]([C@@H]2CCCCN2)O1,CHEMBL284666
DEC_1381,decoy,Cc1ccccc1-c1cc(C(O)(c2ccc(C#N)cc2)c2cncn2C)ccc1C#N,CHEMBL25621
DEC_3109,decoy,C#CCCCC(=O)c1cc2c(c(C(C)(C)C)c1)OCCC2,CHEMBL15216
DEC_4410,decoy,CC(=O)NC(=S)NC[C@@H]1C[C@@H]2c3cccc4[nH]cc(c34)C[C@H]2N(C)C1,CHEMBL14239
DEC_1129,decoy,C=C(CC[C@H](O)[C@@]1(C)CC[C@H](C(C)(C)O)O1)[C@H]1CC[C@H]2O[C@@H]([C@]3(C)CCC(=O)O3)CC[C@]2(C)O1,CHEMBL280918
DEC_1090,decoy,C[C@@H]1C=C2c3cccc4[nH]cc(c34)C[C@H]2N(C)C1,CHEMBL291097
DEC_2121,decoy,Cc1ccc(C(c2ccns2)N2CCN(C)CC2)cc1,CHEMBL418563
DEC_2153,decoy,CNc1ccc(C2CCN(C3CCCCC3O)CC2)cc1,CHEMBL20491
DEC_0166,decoy,O=[N+]([O-])c1ccccc1Cn1c2c(c3ccccc31)C[C@@]1(O)[C@H]3Cc4ccc(O)c5c4[C@@]1(CCN3CC1CC1)[C@H]2O5,CHEMBL300071
DEC_1324,decoy,CCCOC1(C2=NCCN2)COc2ccccc2O1,CHEMBL10049
DEC_1210,decoy,CCN(CC)CC#CCCC1(C2(O)c3ccccc3Oc3ccccc32)SCCCS1,CHEMBL40408
DEC_0260,decoy,OC1CCCCC1N1CCC(CCC2CCN(C3CCCCC3O)CC2)CC1,CHEMBL20656
DEC_1724,decoy,O=C1NCN(c2ccccc2)C12CCN(C1CCc3cccc(Cl)c3C1)CC2,CHEMBL283617
DEC_0608,decoy,CCCCN(C(C)=O)[C@H]1CCC2C3CC[C@H]4N(C)C(=O)CC[C@]4(C)C3CC[C@@]21C,CHEMBL17514
DEC_3415,decoy,O[C@H](CN1CCN(CCOC(c2ccc(F)cc2)c2ccc(F)cc2)CC1)c1ccccc1,CHEMBL279461
DEC_2787,decoy,Cc1cccc(Oc2nccc(-c3c(-c4ccc(F)cc4)ncn3C3CCNCC3)n2)c1C,CHEMBL14212
DEC_3192,decoy,NS(=O)(=O)c1ccc(-c2sc(-c3ccccc3Cl)nc2-c2ccc(F)cc2)cc1,CHEMBL17739
DEC_0403,decoy,CCCc1ccc(C(c2ccns2)N2CCN(C)CC2)cc1,CHEMBL428857
DEC_4272,decoy,CN(C1=NCCN1)c1c(Br)cccc1Br,CHEMBL20521
DEC_1912,decoy,CCCCCc1nc2c([nH]1)N1C(=N[C@@H]3CCC[C@@H]31)N(C)C2=O,CHEMBL19046
DEC_1070,decoy,C1CCN2C[C@H]3C[C@H](CN4CCCC[C@@H]34)[C@H]2C1,CHEMBL412873
DEC_0779,decoy,CC(=O)O[C@@H]1O[C@@H]2O[C@@H](OC(C)=O)[C@@H]3CC[C@H]([C@H]1CC/C=C(\C)CCC=C(C)C)[C@H]23,CHEMBL11775
DEC_1728,decoy,O=C1NCN(c2ccccc2)C12CCN(C1CCc3ccc(Cl)cc3C1)CC2,CHEMBL447779
DEC_0967,decoy,c1ccc(OC2(C3=NCCN3)COc3ccccc3O2)cc1,CHEMBL273973
DEC_4279,decoy,CCC1CCN(C=O)c2cc3nc(O)cc(C(F)(F)F)c3cc21,CHEMBL27372
DEC_4379,decoy,CC(C)(N)C(=O)N[C@H](Cc1c[nH]c2ccccc12)C(=O)N1CCCC2(CC(=O)c3ccccc3O2)C1,CHEMBL13687
DEC_3008,decoy,O=S1NC(Cc2coc3ccc(Cl)cc23)=NO1,CHEMBL275608
DEC_1486,decoy,CC(C)(C)/N=C(/NC#N)NC1c2cc(C#N)ccc2OC(C)(C)[C@H]1O,CHEMBL6527
DEC_2021,decoy,O=C(NCC1CCC(C(=O)NO)CC1)NC12CC3CC(CC(C3)C1)C2,CHEMBL285793
DEC_4213,decoy,CCOC(=O)/C=C(C)/C=C/C=C(C)/C=C/C1CC2CCC1C2,CHEMBL282506
DEC_0663,decoy,CCOc1cccc(-c2cc(C#N)ccc2C#CC(O)(c2ccc(C#N)cc2)c2cncn2C)c1,CHEMBL24043
DEC_0007,decoy,Oc1ccc2c3c1O[C@H]1[C@@H](N=C=S)CCC4(O)C(C2)N(CC2CC2)CCC314,CHEMBL424402
DEC_3527,decoy,CCCC1(c2ccc(N)cc2)CCC(=O)NC1=O,CHEMBL29864
DEC_4517,decoy,CCCC(=O)OCC(=O)[C@@]1(OC(=O)c2ccco2)[C@H](C)CC2C3CCC4=CC(=O)C=CC4(C)[C@@]3(F)C(O)CC21C,CHEMBL434398
DEC_2980,decoy,CC(C)(C)C12COC(c3ccccc3)(OC1)OC2,CHEMBL285208
DEC_1188,decoy,O=S(=O)(CS(=O)(=O)C(F)(F)F)c1ccc(OC(F)(F)F)cc1,CHEMBL12517
DEC_3157,decoy,N.NS(=O)(=O)c1cc(S(=O)(=O)O)c(NCc2ccco2)cc1Oc1ccccc1,CHEMBL279650
DEC_4341,decoy,C=C(C)n1c(=O)n(Cc2nc3ccccc3n2CCCC#N)c2ccccc21,CHEMBL14710
DEC_2069,decoy,N#CCCCCn1c(=O)n(Cc2nc3ccccc3n2CCCC#N)c2ccccc21,CHEMBL15040
DEC_2598,decoy,CCOC(=O)c1cc(C(O)c2ccc(Cl)cc2Cl)cn1S(=O)(=O)c1cc(Cl)ccc1[N+](=O)[O-],CHEMBL57795
DEC_4133,decoy,Nc1nc2c(cnn2CCCc2ccc(C(=O)O)cc2)c2nc(-c3ccco3)nn12,CHEMBL279254
DEC_3925,decoy,CN(C)CC[C@@H]1CN(C)C(=S)c2cc(Cl)cnc2O1,CHEMBL24835
DEC_2666,decoy,CC(/C=C/C(O)=C1\C(=O)CN(C)C1=O)=C\C(C)C1CCCCC1,CHEMBL10882
DEC_1424,decoy,Cc1nc(O)c2cc(CN(CC#N)c3ccc(C(=O)N[C@H](CCC(=O)O)C(=O)O)s3)ccc2n1,CHEMBL44127
DEC_3189,decoy,COc1cc([C@@H]2c3[nH]c4cc5ccccc5cc4c3C[C@H]3COC(=O)N32)cc(OC)c1O,CHEMBL10775
DEC_2768,decoy,CC(C)c1cccc(C(C)C)c1OS(=O)(=O)NC(=O)Oc1c(F)c(F)c(F)c(F)c1F,CHEMBL282671
DEC_0529,decoy,c1cc2c3c(c1)OC(C1=NCCN1)CN3CCC2,CHEMBL274784
DEC_2763,decoy,O=c1c2c(oc(O)c1[C@H](c1cccc(NS(=O)(=O)c3ccccc3)c1)C1CC1)CCCCCC2,CHEMBL16580
DEC_0033,decoy,CC[C@@]1(O)C(=O)OCc2c1cc1n(c2=O)Cc2cc3ccncc3nc2-1,CHEMBL13495
DEC_2224,decoy,C=C1/C(=C\C=C2/CCCC3(C)C2CCC3[C@H](C)/C=C/CC(O)(C(F)(F)F)C(F)(F)F)C[C@@H](O)C[C@@H]1O,CHEMBL285268
DEC_3567,decoy,CC(C)(C)C1CS(=O)(=O)C(c2cc(O)c(Br)cc2[N+](=O)[O-])S(=O)(=O)C1,CHEMBL285134
DEC_3920,decoy,O=C(c1ccc(Cl)cc1Cl)c1ccc2n1CCC2C(=O)O,CHEMBL9115
DEC_1401,decoy,CN(C)CCCNCc1cc(I)cc(C2CCCCC2)c1O,CHEMBL22076
DEC_0867,decoy,O=C(Nc1ccccc1)NC1c2ccccc2-c2nc(O)c3nc(C(=O)O)cn3c21,CHEMBL273569
DEC_0176,decoy,CCC(=O)O[C@]1(C(=O)COC(=O)C(C)(C)C)CCC2C3C[C@H](F)C4=CC(=O)C=CC4(C)[C@@]3(F)C(O)CC21C,CHEMBL308233
DEC_3441,decoy,O=C(O)[C@@H]1C[C@H](c2ccccc2)CN1C(=O)CP(=O)(O)CCCCc1ccccc1,CHEMBL279178
DEC_0043,decoy,CC1CN(c2c(F)c(O)c3c(=O)c(C(=O)O)cn(C4CC4)c3c2F)CCN1,CHEMBL276102
DEC_3547,decoy,COc1cc(OC)c(C2CC[C@H]2N)cc1OC,CHEMBL13503
DEC_2389,decoy,C[C@@H](O)CCCCC[C@@H]1CC[C@H]2CC[C@H](C)N12,CHEMBL24692
DEC_4494,decoy,CNC(=O)Cc1cccc2c1Cc1c-2nc(O)c2nc(C(=O)O)cn12,CHEMBL25504
DEC_3081,decoy,CN(C/C=C/c1ccccc1)CC1=CCOc2ccccc21,CHEMBL280679
DEC_0556,decoy,CO[C@@]12[C@H](COC(N)=O)C3=C(C(=O)C(C)=C(N)C3=O)N1C[C@@H]1N[C@@H]12,CHEMBL105
DEC_2002,decoy,O=S1NC(Cc2cc3cc(Cl)ccc3s2)=NO1,CHEMBL17905
DEC_4022,decoy,CS(=O)(=O)N(c1ccc2c(c1)CNCC2)S(C)(=O)=O,CHEMBL27639
DEC_1564,decoy,C1CCN(P2(N3CCCC3)=N[P@@](N3CCCC3)(N3CC3)=N[P@](N3CCCC3)(N3CC3)=N2)C1,CHEMBL284206
DEC_3699,decoy,O=c1oc2ncccc2n1CCN1CCCC1,CHEMBL23348
DEC_0135,decoy,O=C(NCCc1ccc2ccccc2c1)[C@H](CC#Cc1ccc(F)cc1F)NCP(=O)(O)O,CHEMBL37078
DEC_3314,decoy,C=C1/C(=C\C=C2/CCC[C@@]3(C)C2CC[C@]3(O)C(=O)CO)CC(O)C[C@@H]1O,CHEMBL286468
DEC_1682,decoy,CCCc1cc(OCc2cccnc2)cc(=O)n1Cc1ccc(-c2ccccc2-c2nn[nH]n2)cc1,CHEMBL25049
DEC_2555,decoy,CSc1nnc([C@@H]2C[C@@H](S)CN2S(=O)(=O)c2ccc3ccccc3c2)n1-c1ccc(F)c(Cl)c1,CHEMBL300855
DEC_1345,decoy,Cc1c(Cl)nc(N2CCN(C)CC2)nc1NC(C)C,CHEMBL31957
DEC_2873,decoy,CCS(=O)(=O)c1ccc(OC)c(-c2ccc(CN3CCCC3c3ccccc3)[nH]2)c1,CHEMBL280961
DEC_1732,decoy,C[S+]([O-])c1ccc(-c2nc(-c3cccc(Cl)c3)c(-c3ccncc3)[nH]2)cc1,CHEMBL17389
DEC_1340,decoy,CC(C)Nc1cc(Cl)nc(N2CCN(C)CC2)n1,CHEMBL28448
DEC_1719,decoy,O=C1NCN(c2ccccc2)C12CCN(C1CCc3c(Cl)cccc3C1)CC2,CHEMBL27699
DEC_0583,decoy,C=CCN1C2CCC1CC(OC(c1ccc(F)cc1)c1ccc(F)cc1)C2,CHEMBL417249
DEC_1646,decoy,CC(C)=CCOC1(C(F)(F)F)OC(=O)Nc2ccc(Cl)cc21,CHEMBL17672
DEC_2722,decoy,CSc1sc(C(=N)N)cc1-c1nc(Cc2ccccc2)cs1,CHEMBL29269
DEC_4187,decoy,O=C(O)COCCCCC1=CCC[C@@H]1NS(=O)(=O)c1ccc(Cl)c(Cl)c1,CHEMBL20590
DEC_3817,decoy,CC(=O)OCn1c(SCc2nccc3c2CCC[S+]3[O-])nc2ccccc21,CHEMBL10078
DEC_1111,decoy,Ic1ccc(COCCCc2c[nH]cn2)cc1.NCCc1c[nH]cn1,CHEMBL18712
DEC_2890,decoy,CC1(C)Oc2ccc(C#N)cc2[C@H](N(Cc2ncc[nH]2)c2ccc(Cl)cc2)[C@H]1O,CHEMBL11594
DEC_0228,decoy,COc1cc2c(c(OC)c1OC)c1c3c(cc4c1n2C(=O)CC4)CNCC3,CHEMBL277478
DEC_2630,decoy,O=c1cc(C(F)(F)F)c2cc3c(cc2o1)NCCC3C(F)(F)C(F)(F)F,CHEMBL266928
DEC_3596,decoy,CC(=O)OCC(=O)[C@@]12ON(C)C[C@@H]1CC1C3CCC4=CC(=O)C=CC4(C)[C@@]3(F)C(O)CC12C,CHEMBL441963
DEC_1104,decoy,CC(C)(C)c1ccccc1OCC1=NCCN1,CHEMBL14135
DEC_2135,decoy,CC(/N=c1\c(O)c(O)\c1=N/c1cccc(C#N)c1)C(C)(C)C,CHEMBL283161
DEC_0640,decoy,c1cc(OCc2ccc3ccccc3n2)cc(OCc2ccccc2OCc2nn[nH]n2)c1,CHEMBL19072
DEC_3902,decoy,NCCc1c[nH]c(CCC(c2ccccc2)c2ccccc2)n1,CHEMBL275507
DEC_2886,decoy,CCc1nc2cc(OC3CCN(C(C)=N)CC3)ccc2n1C/C=C/c1cccc(N)c1,CHEMBL25484
DEC_3364,decoy,CC1=C(C(=O)O)N2C(=O)C(NC(=O)CCON=C3CCCCC3)C2SC1,CHEMBL31810
DEC_1639,decoy,COc1nc(C(Cl)(Cl)Cl)c(Cl)c(OC(C)=O)c1Cl,CHEMBL275947
DEC_0239,decoy,O=S(=O)(CS(=O)(=O)C(F)(F)F)c1ccc(Cl)cc1Cl,CHEMBL11926
DEC_4164,decoy,O=C(O)CCC/C=C\CC1=CCC[C@@H]1NS(=O)(=O)c1ccc(Cl)c(Cl)c1,CHEMBL282712
DEC_2027,decoy,Cc1ccc2c(c1)CC(O)c1cc(C(C)C(=O)O)ccc1S2,CHEMBL416148
DEC_3927,decoy,COc1cc(C#N)ccc1/N=c1\c(O)c(O)\c1=N/[C@H](C)C(C)(C)C,CHEMBL276328
DEC_2887,decoy,CCc1nc2ccc(OC3CCN(C(C)=N)CC3)cc2n1C/C=C/c1cccc(N)c1,CHEMBL24460
DEC_4200,decoy,CSc1nc(COC(=O)NC(C)C)c(COC(=O)NC(C)C)n1Cc1ccccc1,CHEMBL22254
DEC_4119,decoy,CC(C)/C(=C/C(=O)[C@H](Cc1c[nH]c2ccccc12)NC(=O)OC(C)(C)C)C(=O)O,CHEMBL440766
DEC_3037,decoy,C[S+]([O-])CC(=O)c1cc(C(C)(C)C)c2c(c1)C(C)(C)CO2,CHEMBL13561
DEC_2726,decoy,COc1ccc2[nH]c3c(C)c4ccnc(NCCCCCN)c4cc3c2c1,CHEMBL283349
DEC_3915,decoy,OC1(c2nc(-c3ccc(F)cc3)c(-c3ccncc3)[nH]2)CCC1,CHEMBL22618
DEC_1539,decoy,COc1nc(Cl)cnc1NS(=O)(=O)c1cccc2c(N(C)C)cccc12,CHEMBL6412
DEC_1690,decoy,O=C(/C=C/c1cccc(/C=C/c2ccc3ccccc3n2)c1)c1cc(Cl)cc(-c2nn[nH]n2)c1O,CHEMBL12143
DEC_1408,decoy,Cc1ccc(C(Cn2ccnc2)O/C(S)=N\c2ccc(Cl)cc2)c(C)c1,CHEMBL268210
DEC_3650,decoy,CC(C)(O)CC(=O)c1cc2c(c(C(C)(C)C)c1)OCCC2,CHEMBL15111
DEC_2963,decoy,c1ccc2c(c1)OC1(CCNCC1)C2n1cccc1,CHEMBL35882
DEC_3438,decoy,O=C1[C@@H](NS(=O)(=O)c2cc3ccc(Cl)cc3s2)CCN1Cc1cc2c[nH]ccc-2n1,CHEMBL267462
DEC_2575,decoy,Cc1ccc2c(c1Cl)CN(S(=O)(=O)NS(=O)(=O)N1CCc3ccc(C)c(Cl)c3C1)CC2,CHEMBL280915
DEC_2531,decoy,O=S1(=O)CC2(CCN(C[C@H]3CN(S(=O)(=O)c4ccccc4)C[C@@H]3c3ccccc3)CC2)c2ccccc21,CHEMBL431111
DEC_1072,decoy,CC12N[C@H](CC3CCCCC31)C1CCCCC12,CHEMBL9477
DEC_3856,decoy,Cc1noc(NS(=O)(=O)c2cccc3c(N4CCCCC4=O)cccc23)c1C,CHEMBL284177
DEC_0050,decoy,C[C@@H]1[C@@H](N)CN1c1c(F)cc2c(=O)c(C(=O)O)cn3c2c1OC[C@@H]3C,CHEMBL416367
DEC_0938,decoy,Cc1cc(C)c(NC(=O)c2sccc2S(=O)(=O)Nc2onc(C)c2Cl)c(C(=O)CS(C)(=O)=O)c1,CHEMBL305602
DEC_3994,decoy,CCOc1ccc(/N=C/C2=C3NC=C(C(=O)O)C(=O)N3C(C)CC2)cc1,CHEMBL279435
DEC_2125,decoy,Cc1cc(C#N)ccc1/N=c1\c(O)c(O)\c1=N/[C@H](C)C(C)(C)C,CHEMBL273362
DEC_4115,decoy,CC(=N)N1CCC(Oc2ccc(NC/C=C/c3cccc(C(=N)N)c3)cc2F)CC1,CHEMBL24508
DEC_2012,decoy,O=C1Nc2cc3[nH]c(-c4ccncc4)nc3cc2C1C1CCCC1,CHEMBL24502
DEC_3024,decoy,CC(C)(C)OC(=O)OC1CCC2C[C@@H]3C=CC2(OO3)C1(C)C,CHEMBL22560
DEC_3811,decoy,O=C1c2ccccc2CCCN1CCN1CCC(N2C(=O)Cc3ccccc32)CC1,CHEMBL275258
DEC_0072,decoy,CCCc1nc2c(n1Cc1ccc(-n3cccc3-c3nn[nH]n3)cc1)/C(=C/C(=O)O)CCCC2,CHEMBL44295
DEC_2639,decoy,CCC1OC(C#CC2CC2)(C(F)(F)F)c2cc(Cl)ccc2NC1=O,CHEMBL285510
DEC_0080,decoy,CCC(=O)c1c2n(c3c(N4CCN(CCc5ccccc5)CC4)ncnc13)CCCC2,CHEMBL27452
DEC_0726,decoy,Nc1ccc(Cn2c3c(c4ccccc42)C[C@@]2(O)[C@H]4Cc5ccc(O)c6c5[C@@]2(CCN4CC2CC2)[C@H]3O6)cc1,CHEMBL446399
DEC_3378,decoy,CCCn1c(=O)c2nc(/C=C/c3cc(OC)cc(OC)c3)[nH]c2n(CCC)c1=O,CHEMBL447777
DEC_3442,decoy,COc1ccc2c(c1O)-c1cc(O)cc3c1C(C2)N(C(=O)CN(CCCl)CCCl)CC3,CHEMBL7032
DEC_1775,decoy,C1CCC(NC2CCCCC2)CC1.NS(=O)(=O)c1cc(S(=O)(=O)O)c(NCc2ccco2)cc1Oc1ccccc1,CHEMBL17950
DEC_3209,decoy,COc1cc2c(cc1OC)-c1cc(Nc3c(Cl)cc(Cl)cc3Cl)nc(=O)n1CC2,CHEMBL35190
DEC_4377,decoy,CC(C)(N)C(=O)N[C@H](Cc1c[nH]c2ccccc12)C(=O)N1CCC[C@]2(CC(=O)c3ccccc3O2)C1,CHEMBL13926
DEC_0647,decoy,O=C(O)C(CCCCn1cnc2c1NC=NCC2O)Cc1ccc(Br)cc1,CHEMBL289052
DEC_2488,decoy,C[C@H]1[C@@H](c2ccccc2)c2ccccc2[C@@H]2CCCN21,CHEMBL36132
DEC_3762,decoy,COC1=CC(=O)c2c(cc(COP(N)(=O)N(CCBr)CCBr)n2C)C1=O,CHEMBL39995
DEC_3883,decoy,CCCN(CCC)CCc1cccc2nc(O)sc12,CHEMBL418548
DEC_3365,decoy,CC(C)[C@H](NC(=O)CN1C(=O)N[C@H](C(C)C)C1=O)C(=O)c1nnc(C(C)(C)C)o1,CHEMBL23643
DEC_3684,decoy,O=NN(CCCl)C(=O)Oc1cncnc1,CHEMBL286373
DEC_2137,decoy,CC1(C)C(=O)Nc2cc3[nH]c(Cc4ccncc4)nc3cc21,CHEMBL23397
DEC_3298,decoy,c1ccc2c(CNCc3c[nH]c4ccccc34)cccc2c1,CHEMBL8208
DEC_0082,decoy,O=C1[C@@H](NS(=O)(=O)c2ccc(-c3ccncc3)s2)CCN1Cc1cc2cc[nH]cc-2n1,CHEMBL266983
DEC_0447,decoy,NCCN(CCN)CCNC1CCCCCCCCCCCCCCC1,CHEMBL21667
DEC_4158,decoy,CCNCC1CCN(c2c(F)cc3c(=O)c(C(=O)O)cn(-c4ccccc4)c3c2F)C1,CHEMBL263075
DEC_2284,decoy,CC[C@@H]1CO[C@H]2[C@@H]1C[C@H](OCC13C[C@@H]4[C@H](C)CC[C@H]4C4(C=O)CC1C=C(C(C)C)C34C(=O)O)O[C@@H]2C,CHEMBL296658
DEC_2993,decoy,CCOC1=NC(=O)C2(CC(C)(C)Oc3ccccc32)N1,CHEMBL35523
DEC_3285,decoy,CC(C)(O)CC(=O)c1cc2c(c(C(C)(C)C)c1)OCC2,CHEMBL15091
DEC_0888,decoy,CCCCc1ccc2c(c1)-c1oc(C(=O)O)cc(=O)c1CS2.NCCO,CHEMBL29395
DEC_1313,decoy,CCN(CC)CCS/C(=N/O)c1cnsn1,CHEMBL282271
DEC_0177,decoy,C=C(CC[C@H](O)[C@@]1(C)CC[C@H](C(C)(C)O)O1)[C@H]1CC[C@H]2O[C@@H]([C@]3(C)CC[C@@H](C(C)(C)O)O3)CC[C@]2(C)O1,CHEMBL22785
DEC_4172,decoy,CC(=N)N1CC[C@H](Oc2ccc(C(Cc3ccc4cc(C(=N)N)ccc4c3)C(=O)O)cc2)C1,CHEMBL19594
ACT_067,active,COc1c(C)cnc(Cn2cc(C#CCC(C)(C)O)c3c(Cl)nc(N)nc32)c1C,CHEMBL1230584
DEC_0939,decoy,CCOC(=O)N[C@@H](c1ccsc1)[C@@H](O)C(=O)OC1CC2C(C)(C)C1(C)[C@@]13C[C@@H](C)c4ccccc4[C@@]21O3,CHEMBL31307
DEC_1430,decoy,CN(Cc1cnc2nc(N)nc(N)c2n1)c1ccc(C(=O)NC(CCC(=O)O)C(=O)OC(C)(C)C)cc1,CHEMBL36460
DEC_1485,decoy,C[C@]12C=CC(=O)C=C1CC[C@@H]1[C@@H]2C(=O)C[C@@]2(C)[C@H]1CC[C@]2(O)C(=O)CO,CHEMBL635
DEC_3919,decoy,CCn1cc(C(=O)O)c(=O)c2cc(SC)c(N3CCNCC3)cc21,CHEMBL264318
DEC_3242,decoy,Clc1ccc(N2CCN(Cc3cnn4ccc5ccccc5c34)CC2)cc1,CHEMBL268558
DEC_3600,decoy,CN1CCN(c2c(F)cc3c(=O)c(C(=O)O)cn(N4CC4c4ccc(F)cc4)c3c2F)CC1,CHEMBL36097
DEC_1500,decoy,Nc1nc(O)c2nc(Br)n(C3CCc4ccccc43)c2n1,CHEMBL11355
ACT_084,active,Cc1cccc(N(O)C(=O)Nc2cccc(Cl)c2)c1,CHEMBL1384677
DEC_2170,decoy,Cn1c2nccc(C#N)c2c2ncnc(N3CCN(CCc4ccc(F)c(F)c4)CC3)c21,CHEMBL286948
DEC_3805,decoy,CC(CN1CCN(CC(c2ccc(F)cc2)N2CCN(C)CC2)CC1)C(=O)c1ccc(Cl)cc1,CHEMBL12480
DEC_2788,decoy,COc1nc(Br)cnc1NS(=O)(=O)c1ccccc1-c1ccc(CC(C)C)cc1,CHEMBL287581
DEC_2129,decoy,CC1(C)Oc2cc(N)c(C#N)c(N3CCCC3)c2C[C@@H]1O,CHEMBL274974
DEC_3103,decoy,c1c[nH]c2nc(-c3ccccc3OC3CCCC3)nc-2c1,CHEMBL286042
DEC_0178,decoy,CC[C@@H]1CO[C@H]2[C@@H]1[C@H](O)[C@H](OCC13C[C@@H]4[C@H](C)CC[C@H]4C4(C=O)CC1C=C(C(C)C)C34C(=O)O)O[C@@H]2C,CHEMBL295550
DEC_1378,decoy,O/N=C(/c1ccc(Sc2cc(F)cc(C3CCOCC3)c2)cc1)C(F)(F)F,CHEMBL281070
DEC_2045,decoy,Oc1nc2ccccc2n1C1CCN(C2CCCCC2O)CC1,CHEMBL20601
DEC_3909,decoy,CCCN(CCC)[C@H]1CCc2cccc(O)c2[C@H]1C,CHEMBL40264
DEC_4547,decoy,C[C@@H]1CC2C3CCC4=CC(=O)C=CC4(C)[C@@]3(Cl)C(O)CC2(C)[C@@]1(OC(=O)c1cccs1)C(=O)CCl,CHEMBL435955
DEC_1607,decoy,Cc1ccc(N2C(=O)[C@@H]3C(c4ccccc4)NC4(C(=O)c5ccccc5C4=O)[C@@H]3C2=O)cc1Cl,CHEMBL26415
DEC_2238,decoy,COC(=O)C12CCC(C)(C)CC1[C@H]1[C@@H](O)C[C@@H]3[C@@]4(C)CC[C@H](OC(C)=O)C(C)(C)[C@@H]4CC[C@@]3(C)[C@]1(C)CC2,CHEMBL55815
DEC_0886,decoy,CC(=O)Nc1ccc(CCn2ncc3c2nc(N)n2nc(-c4ccco4)nc32)cc1,CHEMBL22500
DEC_1346,decoy,CSc1cc(-c2cccs2)nc(NCCN(C)C)n1,CHEMBL21624
DEC_2419,decoy,CCN1C(=O)c2c(nc(Cc3ccccc3)n2Cc2ccc(O)cc2)N2C1=N[C@@H]1CCC[C@@H]12,CHEMBL23992
ACT_007,active,CC1=C2C[C@@]3(C)O[C@@](C)([C@@H]2CC1=O)[C@H]1CC(=O)[C@@](C(C)C)(CC3=O)O1,CHEMBL4455666
DEC_4462,decoy,CC(C)CN[C@@H]1CCS(=O)(=O)c2sc(S(N)(=O)=O)cc21,CHEMBL9849
DEC_1094,decoy,O=C1O[C@@]2(c3ccccc3)CCCCCN1C2=O,CHEMBL289336
DEC_0489,decoy,COc1ccnc(C[S+]([O-])c2nc3cc(OC(F)F)ccc3[nH]2)c1,CHEMBL10060
DEC_0891,decoy,Cc1nnc2n1-c1sc(C#Cc3ccc4c(c3)CCO4)cc1C(c1ccccc1Cl)=NC2,CHEMBL34796
DEC_2256,decoy,Cc1ccccc1NC(=O)Oc1ccc2c(c1)[C@]1(C)CCN(Cc3ccccc3)C1N2Cc1ccccc1,CHEMBL292695
DEC_2011,decoy,Clc1cc(N=NN2CCCC2)cc(Cl)c1NC1=NCCN1,CHEMBL22073
DEC_2489,decoy,CC(C)(C)c1cc(C(=O)C2CCCC2)cc2c1OCC2(C)C,CHEMBL14169
ACT_068,active,Nc1ncc2c(n1)-c1ccoc1CC2,CHEMBL1834386
DEC_2096,decoy,O=C(c1ccc(F)cc1)C(O)(Cn1cncn1)c1ccc(Cl)cc1Cl,CHEMBL10428
DEC_4403,decoy,O=C1[C@@H](NS(=O)(=O)c2cc3nc(Cl)ccc3s2)CCN1Cc1cc2c[nH]ccc-2n1,CHEMBL268835
DEC_1948,decoy,O=S(=O)(c1ccc2c(c1)CNCC2)C(Cl)(Cl)Cl,CHEMBL27599
DEC_2911,decoy,O=C1NC(=O)C(c2cc(Cl)ccc2S(=O)(=O)CCc2ccc(Cl)cc2)N1,CHEMBL19316
DEC_4376,decoy,C/N=C/C1=C(O)O[C@H](COC)[C@@]2(C)C1=C(O)C(=O)C1=C2[C@H](OC(C)=O)C[C@]2(C)C(=O)CC[C@@H]12,CHEMBL12997
DEC_1773,decoy,Cc1cc(SC2=C(O)OC(CCc3ccc(O)cc3)(C(C)C)CC2=O)c(C(C)(C)C)cc1OS(=O)(=O)N1CCN(C)CC1,CHEMBL71509
DEC_2452,decoy,COCc1c(OCc2ccc(-c3ccccc3-c3nn[nH]n3)cc2)cc(C)nc1C,CHEMBL283770
DEC_3336,decoy,CCNCC1CCN(c2cc3c(c(N)c2F)c(=O)c(C(=O)O)cn3C2CC2)C1,CHEMBL15113
DEC_3809,decoy,CC(C)[C@H](NC(=O)Cn1c(-c2ccc(F)cc2)nccc1=O)C(=O)c1nnc(C(C)(C)c2ccccc2)o1,CHEMBL279704
DEC_0877,decoy,CCCc1cc(S)cc(=O)n1Cc1ccc(-c2ccccc2-c2nn[nH]n2)cc1,CHEMBL23778
DEC_0096,decoy,COC(=O)C[C@@H](c1ccc(OC)nc1)N(C)C(=O)CCCCc1ccc2c(n1)NCCC2,CHEMBL9208
DEC_4308,decoy,O=C(O)C1Cc2cc3c(-c4ccc(F)cc4)noc3c(Cl)c2O1,CHEMBL7340
DEC_1134,decoy,CC(C)[C@@H](CN1CC[C@@](C)(c2cccc(O)c2)[C@@H](C)C1)NC(=O)[C@H]1Cc2ccccc2CN1,CHEMBL10872
DEC_0874,decoy,Nc1ccc(CCCn2ncc3c2nc(N)n2nc(-c4ccco4)nc32)cc1,CHEMBL281805
DEC_4081,decoy,Fc1ccc(C(OCCN2CCN(C/C=C/c3ccccc3)CC2)c2ccc(Cl)cc2Cl)cc1,CHEMBL40240
DEC_0356,decoy,COc1ccc(C[C@H]2NC(=O)/C=C/C[C@@H]([C@](C)(O)C#Cc3ccccc3)OC(=O)[C@H](CC(C)C)OC(=O)CCNC2=O)cc1,CHEMBL275952
DEC_4017,decoy,C[C@@]1(N2C(=O)c3cccc([N+](=O)[O-])c3C2=O)CCC(=O)NC1=O,CHEMBL9191
DEC_2062,decoy,OC1CCCC1CN1CCN(CCOC(c2ccccc2)c2ccccc2)CC1,CHEMBL28191
DEC_3540,decoy,CC(C)(C)OC(=O)CNC(=O)NC1CCCCC1,CHEMBL11448
DEC_2148,decoy,CC(C)(C)/N=c1\c(O)c(O)\c1=N/c1cccc2cnccc12,CHEMBL19192
DEC_0513,decoy,CC(C)N(C(=O)N1C[C@H](N)[C@H](C(=O)O)C1)C(C)C,CHEMBL19197
DEC_0784,decoy,COc1ccnc(C[S+]([O-])c2nc3cc(OC(F)(F)C(F)F)ccc3[nH]2)c1,CHEMBL275945
DEC_2821,decoy,CSC(S(=O)(=O)c1ccc(Cl)cc1)S(=O)(=O)C(F)(F)F,CHEMBL12083
ACT_078,active,O=C(CCCCCn1c(=O)[nH]c2ccccc2c1=O)Nc1ccc(Br)cc1F,CHEMBL5282185
DEC_0225,decoy,Cc1cnsc1C(c1ccccc1Cl)N1CCN(C)CC1,CHEMBL21918
ACT_022,active,COc1cccc(-c2cc3nc4c(c(NCC(C)(C)CN(C)C)n3n2)CCCC4)c1,CHEMBL1521861
DEC_2421,decoy,CC1(C)N=C(N)N=C(N)N1c1cccc(OCCOc2cccc(C(F)(F)F)c2)c1,CHEMBL20628
DEC_1738,decoy,CCc1nc2c(C)cc(C)nc2n1Cc1ccc(-c2ccoc2-c2nn[nH]n2)cc1,CHEMBL14229
DEC_2651,decoy,Cc1ccc(Sc2cncc3sc(C(=O)N=C(N)N)cc23)cc1,CHEMBL266460
DEC_4181,decoy,Oc1cc(NC[C@H]2CCC[C@H]2NCc2ccc(Cl)c(Cl)c2)nc2ccccc12,CHEMBL22655
DEC_1836,decoy,C[C@@H]1C[C@@H]2c3ccc(C(C)(C)C)c4[nH]cc(c34)C[C@H]2N(C)C1,CHEMBL13811
DEC_3685,decoy,CC(N)C(O)COc1cccc2ccccc12,CHEMBL281013
DEC_0057,decoy,CO[C@]1(c2cnc(S(=O)(=O)c3ccc(/C(C)=N/OCC#N)cc3)s2)CCO[C@@H](C)C1,CHEMBL25627
DEC_2684,decoy,CN(C)Cc1ccc2n1-c1ccccc1SC2c1ccccc1,CHEMBL277293
DEC_0499,decoy,O=NN(CCCl)C(=O)NC1CC2CCC1C2,CHEMBL268495
DEC_1274,decoy,C/C(=N\OCCF)c1ccc(Sc2cc(F)cc(C3CCOCC3)c2)cc1,CHEMBL25097
DEC_2563,decoy,NC(=O)[C@H](Cc1ccc(O)cc1)NC(=O)C1CCCCN1/C=C1\N=C(c2ccc(Cl)cc2Cl)OC1=O,CHEMBL55349
DEC_3177,decoy,Nc1ccc2c(Nc3ccc(S(=O)(=O)N4CCCCC4)cc3)c3ccc(N)cc3nc2c1,CHEMBL290585
DEC_1206,decoy,CCN(CC)C(=O)[C@@H]1C=C2c3cccc4[nH]cc(c34)C[C@H]2N(CC)C1,CHEMBL22694
DEC_0016,decoy,CCn1cc(C(=O)O)c(=O)c2c(F)c(F)c(N3CCSCC3)c(F)c21,CHEMBL282930
DEC_0820,decoy,CCCCCn1cnc2c(C#Cc3ncnc4c3ncn4CCCCC)ncnc21,CHEMBL9410
DEC_3376,decoy,CC(C)(C)OC(CCNC(=O)N(CCCl)N=O)n1cc(F)c(=O)[nH]c1=O,CHEMBL31417
DEC_3801,decoy,CN(C)C(=O)Cn1ccc2nc(C3CC3)n(Cc3ccc(-c4ccccc4-c4nn[nH]n4)cc3)c2c1=O,CHEMBL295928
DEC_3449,decoy,CN(C(=O)Cc1ccc(Cl)c(Cl)c1)C(CN1CCCC1)c1cccc(OCC(=O)O)c1,CHEMBL23472
DEC_0866,decoy,CN(C)c1cccc2c(S(=O)(=O)Nc3ncc(Br)nc3O)cccc12,CHEMBL6647
DEC_1432,decoy,CS(=O)(=O)c1cc(N[C@@H](Cc2ccc(NC(=O)c3c(Cl)cncc3Cl)cc2)C(=O)O)ncn1,CHEMBL40714
DEC_1957,decoy,CN1CCN(c2nc(N)c(Br)c(Cl)n2)CC1,CHEMBL31966
DEC_1524,decoy,N#Cc1cccc2nc3c(N4CCN(CCc5ccc(F)c(F)c5)CC4)[nH]cnc-3c12,CHEMBL430925
DEC_0119,decoy,O=C(O)CNC(=O)CCC(NC(=O)c1cc(Cl)cc(Cl)c1)C(=O)N1CCC2(CCCC2)CC1,CHEMBL33043
DEC_3179,decoy,Cc1cc(-c2c(F)cc3c(=O)c(Cc4cccc(O)c4O)cn(C4CC4)c3c2F)cc(C)n1,CHEMBL7690
DEC_0010,decoy,O=C(O)c1cn(C2CC2)c2c(Cl)c(N3CCNCC3)c(F)cc2c1=O,CHEMBL278036
DEC_2828,decoy,CSc1ccc2c(c1)[C@H](N1CCN(C)CC1)Cc1ccccc1S2,CHEMBL273490
DEC_1748,decoy,N#Cc1ccc(Nc2c(NC(c3ccccc3)C(F)(F)F)c(=O)c2=O)cc1,CHEMBL19133
DEC_0810,decoy,CC(C)c1cccc(C(C)C)c1OC(=O)NS(=O)(=O)Oc1c(F)cccc1F,CHEMBL279513
DEC_2947,decoy,Nc1ccc(S(=O)(=O)c2cc(Br)nc(Br)c2)cc1,CHEMBL415464
DEC_4546,decoy,CC1CC2C3CCC4=CC(=O)C=CC4(C)[C@@]3(Cl)C(Cl)CC2(C)[C@@]1(OC(=O)c1cccs1)C(=O)CO,CHEMBL10679
DEC_0504,decoy,CNC(=S)[C@@]1(c2cccnc2)CCCC[S+]1[O-],CHEMBL273357
DEC_4044,decoy,CS(=O)(=O)c1nccn1-c1ccc(C2=NNC(=O)CC2)cc1,CHEMBL31166
DEC_4116,decoy,CC(=N)N1CCC(Oc2ccc(NC/C=C/c3cccc(C(=N)N)c3)cc2)CC1,CHEMBL25673
DEC_1018,decoy,C1=C(CN2CCN(CCOC(c3ccccc3)c3ccccc3)CC2)CCc2ccccc21,CHEMBL28947
DEC_4298,decoy,CC(C)COC(=O)N(C)[C@@H]1CCN2CCc3ccccc3[C@@H]2C1,CHEMBL30704
DEC_0244,decoy,CN(C)c1ncnc2c1ncn2Cc1cccc(Br)c1,CHEMBL7896
DEC_2657,decoy,Oc1ccc2c(c1)OC[C@@H](N1CCC(Cc3ccccc3)CC1)[C@H]2O,CHEMBL17909
DEC_4054,decoy,CN1CCN(Cc2ccc3c(c2)C(=O)c2nccnc2C3=O)CC1,CHEMBL282031
DEC_2014,decoy,C=C1/C(=C\C=C2/CCC[C@@]3(C)C2CC[C@@H]3C(C)=O)CC(O)C[C@@H]1O,CHEMBL24401
DEC_3768,decoy,CCCCN(Cc1ccc(-c2ccccc2-c2nn[nH]n2)cc1)c1ncnc2c1nc(S(C)(=O)=O)n2C,CHEMBL299608
DEC_4078,decoy,CCCCc1nc(CCCC)n(Cc2ccc(-n3c(Cl)cc(Cl)c3-c3nn[nH]n3)cc2)n1,CHEMBL276150
DEC_1421,decoy,C#CCN(Cc1ccc2nc(C)nc(O)c2c1)c1cnc(C(=O)N[C@H](CCC(=O)O)C(=O)O)s1,CHEMBL43080
DEC_1869,decoy,Cc1c(F)c(N2CCC(N)C2)c(Cl)c2c1c(=O)c(C(=O)O)cn2C1CC1,CHEMBL279842
DEC_2527,decoy,N#Cc1ccc(Cn2cncc2CN2CCN(c3cccc(Cl)c3)C(=O)C2)cc1Oc1cccnc1,CHEMBL30270
DEC_0114,decoy,CC[C@@H](N[C@@H](CC(C)C)C(=O)N[C@H]1Cc2cn(c3ccccc23)CCCCCCNC1=O)C(=O)O,CHEMBL30782
DEC_4043,decoy,O=C(Nc1cn(-c2ccccc2)cn1)ON1C(=O)CCC1=O,CHEMBL25129
DEC_4407,decoy,COc1ccccc1N1CCN(CCn2c(=O)[nH]c3scc(-c4ccccc4)c3c2=O)CC1,CHEMBL268758
DEC_2377,decoy,C/C=C(\NC(=O)CCC1CCCCC1)C(=O)O,CHEMBL273854
DEC_0718,decoy,CO[C@@H]1[C@@H](O)[C@@H](NC(=O)/C(C)=C\c2ccc(O[C@@H]3O[C@H](C(C)=O)[C@@H](O)[C@@H]3O)c(O)c2)[C@@H](O)[C@@H]2OCO[C@H]12,CHEMBL7609
DEC_0564,decoy,COc1ccc(CCC[n+]2ccc(/C=N/OCc3c(Cl)cccc3Cl)cc2)cc1,CHEMBL32609
DEC_1615,decoy,CC(C)CCOC1(C(F)(F)F)OC(=O)Nc2ccc(Cl)cc21,CHEMBL17644
DEC_2061,decoy,COc1ccccc1N1CCN(CCCCC23CCCc4cccc(c42)NC3=O)CC1,CHEMBL12702
DEC_4446,decoy,Nc1nc(N)c2c(CSc3cccc4ccccc34)c[nH]c2n1,CHEMBL17479
DEC_1465,decoy,CC1(N)CCN(c2cc3c(cc2F)c(=O)c(C(=O)O)cn3C(C)(C)C)C1,CHEMBL25916
DEC_1055,decoy,CC(C)N(CCC1(c2ccccc2)C(=O)NC(c2ccccc2)N2CCCCC21)C(C)C,CHEMBL282086
DEC_2785,decoy,Cc1noc(NS(=O)(=O)c2cccc3c(N/C(S)=N/c4ccccc4)cccc23)c1C,CHEMBL27063
DEC_3761,decoy,COC[C@H]1O[C@@H](OCC23C[C@@H]4[C@H](C)CC[C@H]4C4(C=O)CC2C=C(C(C)C)C34C(=O)O)[C@H]2O[C@H]2[C@@H]1OC,CHEMBL283188
DEC_4466,decoy,N.Nc1ccn(C2CSC3(COP(=O)(O)OC3)O2)c(=O)n1,CHEMBL31365
DEC_1407,decoy,CCN(CC)CCCNc1nccc2c(C)c3[nH]c4ccc(O)cc4c3cc12,CHEMBL19962
DEC_3959,decoy,CCn1cc(C(=O)O)c(=O)c2cc(F)c(N3CCCC3)cc21,CHEMBL282758
DEC_1822,decoy,c1ccc2sc(C3(N4CCCCCC4)CCCC3)cc2c1,CHEMBL18025
DEC_1168,decoy,C=C(C)CN(C1=NCCN1)c1c(Br)cccc1Br,CHEMBL283961
DEC_0880,decoy,O=C1NC(c2ccccc2)C2(CCN(CC(O)C3COc4ccccc4O3)CC2)O1,CHEMBL25517
DEC_3782,decoy,COCCN(CCOC)c1nc(C)nc2c1sc(=O)n2-c1ccc(C(C)C)cc1Br,CHEMBL17666
DEC_0859,decoy,CCOc1c(N2CCCC(CN)C2)c(F)cc2c(=O)c(C(=O)O)cn(C3CC3)c12,CHEMBL15357
DEC_3537,decoy,CN1C[C@H](CO)C=C2c3cccc4c3[C@@H](CN4)C[C@H]21,CHEMBL288480
DEC_1068,decoy,CCCC1Oc2c(C)c(C)c(O)c(C)c2S1,CHEMBL290579
DEC_4189,decoy,CC(=N)N1CC[C@H](Oc2ccc([C@@H](Cc3ccc4ccc(C(=N)N)cc4c3)C(=O)O)cc2)C1,CHEMBL19365
DEC_1720,decoy,CCc1nc2cc(OC3CCN(C(C)=N)CC3)ccc2n1C/C=C/c1ccc(N)cc1,CHEMBL280342
DEC_0873,decoy,CC1(C)N=C(N)N=C(N)N1c1cccc(SCc2ccc(Cl)cc2)c1,CHEMBL21077
DEC_1393,decoy,Oc1ccc(C(=Cc2ccc(I)cc2)c2ccc(O)cc2)cc1,CHEMBL287352
DEC_3004,decoy,O=C1N(CN2CCCC2)c2ccccc2C12OCCO2,CHEMBL266541
DEC_3456,decoy,CCCCc1nn(CC)c(C(=O)O)c1Cc1ccc(-c2ccccc2-c2nn[nH]n2)cc1,CHEMBL431887
DEC_4097,decoy,O=C(O)[C@@H](CC1CCC1)N1C[C@H](CN2CCC(CCCc3ccccc3)CC2)[C@@H](c2cccc(F)c2)C1,CHEMBL278085
DEC_0579,decoy,CCCC1CCC(N2CCC(N3C(=O)N(CC)[C@@H]4CCCC[C@H]43)CC2)CC1,CHEMBL282376
DEC_4358,decoy,Cc1c(C#CCN2CCC(Cc3ccc(F)cc3)CC2)cc2nc(O)[nH]c2c1C,CHEMBL280882
DEC_0641,decoy,OC(Cn1cncn1)(c1ccc(Cl)cc1Cl)C(O)(c1ccc(F)cc1)c1cccs1,CHEMBL275068
DEC_0565,decoy,CC1=CC(C)(C)N(C)c2ncc(/C=C/C(C)=C\C=N\N=C(/N)S)cc21,CHEMBL7648
DEC_0532,decoy,c1cc2c3c(c1)OC(C1=NCCN1)CN3CCCC2,CHEMBL418716
DEC_1444,decoy,COC(=O)[C@H](Cc1ccccc1)NP(=O)(O)OCC1OC(n2cc(C)c(=O)[nH]c2=O)CC1N=[N+]=[N-],CHEMBL300229
DEC_4162,decoy,CCCCc1nc(C(O)c2ccc(-c3ccccc3-c3nn[nH]n3)cc2)n(CCCC)n1,CHEMBL428889
DEC_3549,decoy,O=S1NC(Cc2coc3cc(Cl)ccc23)=NO1,CHEMBL280474
DEC_3558,decoy,CC1CC(c2ccc(-n3ccnc3)cc2)=NNC1=O,CHEMBL31762
DEC_1280,decoy,CC(C)N(CCC1(c2ccccc2Cl)C(=O)NCN2CCCCC21)C(C)C,CHEMBL23536
DEC_2923,decoy,CC1C(N)CN1c1c(F)cc2c(=O)c(C(=O)O)cn(-c3ccc(F)cc3)c2c1F,CHEMBL19288
DEC_2881,decoy,Cc1nc(Br)cnc1NS(=O)(=O)c1cccc2c(N(C)C)cccc12,CHEMBL6382
DEC_2700,decoy,CN(C)CCSC1Cc2ccccc2Sc2ccccc21,CHEMBL15903
DEC_2111,decoy,CC(C)(C)C1CSC(C2=CC(=O)C=CC2=[N+]=[N-])SC1,CHEMBL31906
DEC_3491,decoy,CCC1C(=O)Nc2cc3[nH]c(-c4cccnc4)nc3cc21,CHEMBL24229
DEC_4334,decoy,COc1cccc2c1C(CCCN1CCN(c3ccccc3)CC1)=CCC2,CHEMBL8593
DEC_3321,decoy,NCC1CCCN(c2c(F)cc3c(=O)c(C(=O)O)cn(C4CC4)c3c2N)C1,CHEMBL15345
DEC_0217,decoy,Cn1c([Si](C)(C)C)c(C2=NCC3(CN4CCC3CC4)O2)c2ccccc21,CHEMBL266227
DEC_4073,decoy,C[C@@]1(CCCCc2ccccc2)CC2C3Cc4ccc(O)c5c4C2(CCN3CC2CC2)C(O5)C1=O,CHEMBL268865
DEC_4265,decoy,CN1Cc2sc(N)cc2C(c2ccc(Br)cc2)C1,CHEMBL16208
DEC_0828,decoy,CC1(C)O[C@@H]2CC3C4C[C@H](F)C5=CC(=O)C=C[C@]5(C)[C@@]4(F)[C@@H](O)C[C@]3(C)[C@]2(C(=O)CSC2CCOC2=O)O1,CHEMBL302366
DEC_0687,decoy,NS(=O)(=O)c1ccc(-n2nc(C(F)(F)F)cc2-c2ccc(Br)s2)cc1,CHEMBL29472
DEC_1892,decoy,Oc1nc2cc(C#CCN3CCC(Cc4cccc(F)c4)CC3)ccc2[nH]1,CHEMBL19636
DEC_1300,decoy,Clc1ccc(C2(Cn3ccnc3)OCC(CCc3ccccc3)O2)c(Cl)c1,CHEMBL29647
DEC_0778,decoy,Clc1cc2nc(C3CCNCC3)n(CCCCCn3cnnc3)c2cc1Cl,CHEMBL20185
DEC_3979,decoy,CCn1cc(C(=O)O)c(=O)c2cc(F)c(N3CCNC(C)C3)c(Cl)c21,CHEMBL15404
DEC_2961,decoy,C=C1CC2(CCC3(CC2)CC(=C)C(=O)O3)OC1=O,CHEMBL276422
DEC_4184,decoy,Oc1cc(NC[C@@H]2CCC[C@@H]2NCc2ccc(Cl)c(Cl)c2)nc2ccccc12,CHEMBL276998
ACT_075,active,Oc1cc(O)cc(Oc2ccc(Cl)c(Cl)c2)c1,CHEMBL2443027
DEC_2851,decoy,O=C(O)C1Cc2cc3c(-c4cccs4)noc3c(Cl)c2O1,CHEMBL267654
DEC_1983,decoy,O=C1Nc2cc3[nH]c(-c4ccncc4)nc3cc2C12CCCC2,CHEMBL24173
DEC_1635,decoy,Cc1ccc(C2COC(Cn3ccnc3)(c3ccc(Cl)cc3)O2)cc1,CHEMBL282954
DEC_3188,decoy,CC(=O)N1CCc2c(sc(NC(=O)c3ccccc3)c2C(=O)c2ccccc2Cl)C1,CHEMBL44074
DEC_4324,decoy,Nc1nc(N)c2nc(Sc3cc(Cl)c(Cl)cc3Cl)cnc2n1,CHEMBL6465
DEC_0283,decoy,Cc1cnccc1-c1[nH]c(-c2ccc([S+](C)[O-])cc2)nc1-c1ccc(F)cc1,CHEMBL280265
DEC_2057,decoy,CC1(C)N=C(N)N=C(N)N1c1cccc(COc2ccccc2)c1,CHEMBL282754
DEC_3849,decoy,Cn1c(=O)sc2cc(CCN3CCN(Cc4ccc(Cl)c(Cl)c4)CC3)ccc21,CHEMBL15601
DEC_0424,decoy,Cc1cc(C(c2ccccc2OC(C)C)N2CCN(C)CC2)sn1,CHEMBL25392
DEC_3130,decoy,Cc1cc(OCC2CCN(C(=N)N)CC2)cc(OS(=O)(=O)c2ccccc2Cl)c1,CHEMBL41876
DEC_3082,decoy,CCCN(CCC)C1Cc2cccc3ncn(c23)C1,CHEMBL417612
DEC_1443,decoy,CCN(Cc1cnc2nc(N)nc(N)c2c1C)c1ccc(C(=O)NC(CCC(=O)O)C(=O)O)cc1,CHEMBL11610
DEC_2190,decoy,CCOC(=O)[C@@H](CCC(=O)N1c2ccccc2C[C@H]1C(=O)O)NC(=O)Oc1ccccc1,CHEMBL42856
DEC_4313,decoy,CC(=O)OC1(c2ccccc2)Sc2c(Cl)cccc2-n2cccc21,CHEMBL282854
DEC_4542,decoy,Cc1nnc2n1-c1sc(C#CCN3C(=O)CCc4ccccc43)cc1C(c1cc([N+](=O)[O-])ccc1Cl)=NC2,CHEMBL21026
DEC_3656,decoy,O=c1oc2ccc(Cl)cc2n1CCc1ccncc1,CHEMBL25135
DEC_0429,decoy,COc1cc2c(cc1OC)[C@@H]1C[C@@H]3C[C@H](O)CC[C@@H]3CN1CC2,CHEMBL416757
DEC_1506,decoy,CN1C[C@H](C(=O)Nc2ccc(Cl)nn2)C[C@@H]2c3cccc4[nH]cc(c34)C[C@H]21,CHEMBL13979
DEC_4176,decoy,C=CCCCCC(=O)O[C@H](CC=C(C)C)C1=CC(=O)c2c(O)ccc(O)c2C1=O,CHEMBL9320
DEC_2588,decoy,Cn1cncc1C[C@@H](NCc1ccc(C#N)cc1)C(=O)N1CCC(C#N)=C(c2cccc3ccccc23)C1,CHEMBL280976
DEC_2840,decoy,FC(F)(F)c1nnc2c(NC3CCCC3)nc3ccccc3n12,CHEMBL268071
DEC_1333,decoy,Cc1nc2cccc([N+](=O)[O-])c2c(NCCCN(C)C)c1C,CHEMBL29227
DEC_0480,decoy,CCCCCS(=O)(=O)c1ccc(Cl)cc1C1NC(=O)NC1=O,CHEMBL19427
DEC_3448,decoy,O=C(O)[C@@H]1CC2(CN1C(=O)CP(=O)(O)CCCCc1ccccc1)SCCS2,CHEMBL277270
DEC_2287,decoy,CC(C)(O)c1ccc(C(Cc2cc[n+]([O-])cc2)c2ccc(OC(F)F)c(OC(F)F)c2)cc1,CHEMBL289023
DEC_0234,decoy,COC[C@H]1OC(=O)c2coc3c2[C@@]1(C)C1=CC[C@]2(C)C(=O)CC[C@H]2C1C3=O,CHEMBL268976
DEC_3597,decoy,CC(C)[C@H](NC(=O)OC(C)(C)C)c1cc(Cn2ccc(=O)n(C(=O)c3ccccc3)c2=O)on1,CHEMBL282999
DEC_0516,decoy,CS[C@H]1C[C@@H](C(=O)O)N(C(=O)[C@H](C)CS)C1,CHEMBL277951
DEC_2369,decoy,CC(CS)C(=O)N(CC(=O)O)SC1CCCC1,CHEMBL23671
DEC_2988,decoy,O=C1NC[C@@]2(CCN3CCc4ccccc4[C@@H]3C2)O1,CHEMBL33804
DEC_0933,decoy,C[C@@H]1OCC[C@@H]1OC(=O)N[C@@H](Cc1ccccc1)[C@H](O)CN1C[C@H]2CCCC[C@H]2C[C@H]1C(=O)NC(C)(C)C,CHEMBL18031
DEC_1064,decoy,COOC1(OOC)CCC(C(C)(C)C)CC1,CHEMBL285356
DEC_1484,decoy,CC12C=CC(=O)C=C1CCC1C2C(=O)CC2(C)C1CC[C@]2(O)C(=O)CO,CHEMBL15720
DEC_2679,decoy,CCCCCc1ccc(C(c2ccns2)N2CCN(C)CC2)cc1,CHEMBL415250
DEC_4448,decoy,CC(C)(C)/N=c1\c(O)c(O)\c1=N/Cc1ccc(C#N)cc1Cl,CHEMBL19558
DEC_0288,decoy,O=C1O[C@H](c2ccc(F)cc2)[C@@](Cn2ccnc2)(c2ccc(Cl)cc2Cl)O1,CHEMBL10449
DEC_3007,decoy,Cc1ccc2c3c1CCCN3CC(C1=NCCN1)O2,CHEMBL13793
DEC_3066,decoy,C#Cc1cccc2c1CC(N(CCC)CCC)CC2,CHEMBL26429
DEC_1271,decoy,Cc1cc(CCCCCOc2c(Cl)cc(C3=NCCO3)cc2C(C)(C)C)on1,CHEMBL277837
DEC_2552,decoy,Cc1noc(NS(=O)(=O)c2ccccc2-c2ccc(-c3ncco3)cc2CN(C)CC(C)C)c1C,CHEMBL281869
DEC_4480,decoy,O=C(O)Cc1cccc2c1Cc1c-2nc(O)c2nc(C(=O)O)cn12,CHEMBL24980
DEC_3107,decoy,C=C[C@@H]1C2CCC(C[C@@H]1c1ccc(Cl)cc1)N2C,CHEMBL281288
DEC_2349,decoy,CN(C(=O)[C@@H](N=C=S)c1ccccc1)[C@@H]1CCCC[C@H]1N1CCCC1,CHEMBL276931
DEC_2681,decoy,CCCCC[C@@H]1/C=C\C2CCC(=O)[C@@H]2C/C=C\CCCC(=O)O1,CHEMBL12061
DEC_1286,decoy,CC1=NC(=O)C(CCN(C(C)C)C(C)C)(c2ccccc2)C2CCCCN12,CHEMBL286259
DEC_1575,decoy,C[C@H](COC(=O)N1c2ccccc2[C@@]23O[C@]24CCC[C@@H]3C#C/C=C\C#C[C@H]14)S(=O)(=O)c1ccccc1,CHEMBL15907
DEC_1487,decoy,CC1(N)CCN(c2nc3c(cc2F)c(=O)c(C(=O)O)cn3C(C)(C)C)C1,CHEMBL26947
DEC_3487,decoy,COc1ccc(C2CCNC2)cc1OC1CCCC1,CHEMBL37073
DEC_1428,decoy,COC(=O)[C@H](CCSC)NC(=O)[C@@H]1Cc2c([nH]c3ccccc23)[C@@H](c2cc(OC)c(O)c(OC)c2)N1,CHEMBL22698
DEC_1391,decoy,CC1CC(Cc2ccc(F)cc2)CC(C)N1CC#Cc1ccc2[nH]c(O)nc2c1,CHEMBL19769
DEC_0551,decoy,CO/N=C(/C(=O)N[C@@H]1C(=O)N2C(C(=O)O)=CCO[C@H]12)c1csc(N)n1,CHEMBL13491
DEC_3713,decoy,CC1c2cc3c(C(F)(F)F)cc(O)nc3cc2NC[C@@H]1C,CHEMBL436344
DEC_2042,decoy,CCCc1cc2c(s1)CN[C@@H]1CCc3cc(O)c(O)cc3[C@@H]21,CHEMBL28338
DEC_3978,decoy,Cc1c(N2CC[C@H](N)C2)c(F)cn2c(=O)c(C(=O)O)cc(C3CCCC3)c12,CHEMBL279145
DEC_4485,decoy,CN[C@H]1C[C@H](C)S(=O)(=O)c2sc(S(N)(=O)=O)cc21,CHEMBL273822
DEC_4091,decoy,CC(=O)N1CCc2ccc(N(C(=O)/C=C/c3ccccc3)C3CCN(CCC4CCCC4)CC3)cc21,CHEMBL265065
DEC_0915,decoy,CC(C)C1=CC2CC3(C=O)[C@@H]4CC[C@@H](C)[C@H]4CC2(CO[C@@H]2O[C@H](C)[C@H]4OC[C@H](C)[C@H]4[C@@H]2O)C13C(=O)O,CHEMBL297124
DEC_4050,decoy,CC(=O)NCC1CN(c2cccc(S(C)(=O)=O)c2)C(=O)O1,CHEMBL279338
DEC_0607,decoy,CCCN(C/C=C/I)C1CCc2cccc(O)c2C1,CHEMBL284716
DEC_2547,decoy,CCC(=O)OCC(=O)[C@@]1(OC(=O)c2ccco2)[C@H](C)CC2C3CCC4=CC(=O)C=CC4(C)[C@@]3(F)C(O)CC21C,CHEMBL289317
DEC_4010,decoy,NS(=O)(=O)OC[C@]12CCC[C@H]1[C@@H]1OS(=O)(=O)O[C@@H]1CC2,CHEMBL27361
DEC_0246,decoy,CC1(C)C=C(n2ccccc2=O)c2cc(S(=O)(=O)N=[N+]=[N-])ccc2O1,CHEMBL276151
DEC_1307,decoy,CC(C)CCn1c(Cn2c(=O)n(CCCC#N)c3ccccc32)nc2ccccc21,CHEMBL14810
DEC_0324,decoy,CC(C)(C)C1CCCC(NC(=O)N(CCCl)N=O)C1,CHEMBL274338
DEC_3695,decoy,COCC(O)Cn1c(C#N)nc2ccccc21,CHEMBL287668
DEC_0154,decoy,NP(=O)(OCc1cc(Br)c([N+](=O)[O-])s1)N(CCBr)CCBr,CHEMBL75162
DEC_4337,decoy,O=C(c1ccc(Cl)cc1)C(O)(Cn1cncn1)c1ccccc1Cl,CHEMBL10363
DEC_1954,decoy,CCC(C)Cn1ncc2c1nc(N)n1nc(-c3ccco3)nc21,CHEMBL440458
DEC_1849,decoy,C[C@@]12CCc3occc3C1CC[C@]13CC(O)C(CCC12)C3,CHEMBL284687
DEC_4259,decoy,CC(CS)C(=O)N(CC(=O)O)C1CCCCC1c1ccccc1,CHEMBL441416
DEC_1217,decoy,CCOc1ccc(CNc2nc(C#CC(C)(O)CC)nc3c2ncn3C(C)C)cc1,CHEMBL282330
DEC_0672,decoy,CC(C)N(C(=O)[C@H]1CCC2C3CCC4C=C(C(=O)O)C=C[C@]4(C)C3CC[C@@]21C)C(C)C,CHEMBL27862
DEC_2570,decoy,O=C(/C=C/c1ccc([N+](=O)[O-])cc1)N[C@@H]1CC[C@@]2(O)[C@H]3Cc4ccc(O)c5c4C2(CCN3CC2CC2)[C@H]1O5,CHEMBL417535
DEC_2242,decoy,Cc1nc(O)c2c(cc(-c3ccc(F)nc3F)c3nc(Nc4c(Cl)cccc4Cl)n(C)c32)c1C,CHEMBL26625
DEC_1743,decoy,Cc1cc(Br)cnc1NS(=O)(=O)c1cccc2c(N(C)C)cccc12,CHEMBL268116
DEC_3938,decoy,CN(C)CCN1C(=O)c2cccc3c2c(cc2ccoc23)C1=O,CHEMBL284108
DEC_3135,decoy,CN(CC(=O)O)Cc1c[nH]c2cc3ncnc(Nc4cccc(Br)c4)c3cc12,CHEMBL289213
DEC_2278,decoy,N#Cc1cccc(S(=O)(=O)Nc2cccc(C(c3c(O)oc4c(c3=O)CCCCCC4)C3CC3)c2)c1,CHEMBL278916
DEC_1796,decoy,CN1CCN(C(=O)c2ccc(NC(=O)Nc3ccc(N(C)c4ccnc(Nc5ccc(CS(C)(=O)=O)cc5)n4)cc3)cc2)CC1,CHEMBL187494
DEC_1475,decoy,C[C@](O)(CO)c1cc2c3c(ccc2o1)[C@@H]1COc2cc(O)ccc2[C@@H]1O3,CHEMBL7054
DEC_1977,decoy,CC[C@]1(c2cccs2)OC[C@H]([C@@H]2CCCCN2)O1,CHEMBL287645
DEC_2334,decoy,O=C1c2ccccc2CCCN1CCN1CCC(Oc2ccccc2)CC1,CHEMBL9564
DEC_3089,decoy,O[C@H]1CCCC[C@@H]1N1CCC(c2ccccc2)CC1,CHEMBL277861
DEC_3237,decoy,O=c1c(-c2ccccc2)cncn1C(CN1CCCC1)c1ccccc1,CHEMBL15027
DEC_2541,decoy,CCCCc1nn(-c2c(Cl)cccc2Cl)c(=O)n1Cc1ccc(-c2ccccc2-c2nn[nH]n2)cc1,CHEMBL278741
DEC_0215,decoy,CCN(C1=NCCN1)c1c(Br)cccc1Br,CHEMBL277242
DEC_1076,decoy,c1ccc([C@@H]2CN3CC[C@H]3c3ccccc32)cc1,CHEMBL288784
DEC_3984,decoy,O=C1NC(=O)C(c2cc(Cl)ccc2SCc2ccc(Cl)cc2)N1,CHEMBL19789
DEC_0134,decoy,O=C(/C=C/c1ccc(Cl)cc1)N[C@@H]1CC[C@@]2(O)[C@H]3Cc4ccc(O)c5c4C2(CCN3CC2CC2)[C@H]1O5,CHEMBL296693
DEC_0055,decoy,O=S(=O)(CS(=O)(=O)C(F)(F)F)c1ccc(SC(F)(F)C(F)F)c(Cl)c1,CHEMBL12295
DEC_3092,decoy,CN[C@@H]1CC[C@@H](c2ccc(F)cc2)c2ccccc21,CHEMBL37388
DEC_1792,decoy,COc1cc(CC(=O)OCC2=C[C@H]3[C@@H]4C(C)(C)[C@]4(OC(=O)Cc4ccccc4)C[C@@H](C)C3(O)[C@@H]3C=C(C)C(=O)[C@@]3(OC)C2)ccc1O,CHEMBL98634
DEC_1172,decoy,CC(=O)C1(O)CCC2C3CCC4=CC(=O)CCC4(C)C3CCC21C,CHEMBL285584
DEC_3748,decoy,CN1Cc2c(N)cccc2C(c2ccc(Cl)cc2)C1,CHEMBL18580
DEC_2991,decoy,O=S1NC(Cc2coc3c(Cl)cccc23)=NO1,CHEMBL18032
DEC_3821,decoy,C[C@]1(C#CCCCCc2ccccc2)O[C@@H]2OC(=O)N(C(=O)CCl)[C@@H]2CC1=O,CHEMBL433430
DEC_0131,decoy,COc1cccc([C@@H]2C/C(=N\NC(=O)C(=O)NC(C)c3ccccc3)c3cc4c(cc3N2)OCO4)c1,CHEMBL273803
DEC_4143,decoy,CCCc1cc(CO)cc(=O)n1Cc1ccc(-c2ccccc2-c2nn[nH]n2)cc1,CHEMBL22860
DEC_1026,decoy,O=S1O[C@H](c2ccc(Cl)cc2Cl)[C@@](Cn2cncn2)(c2ccc(Cl)cc2)O1,CHEMBL275221
DEC_1141,decoy,O=C(O)CCc1cc(Cc2cccnc2)cc2c1CCC(NS(=O)(=O)c1ccc(Cl)cc1)C2,CHEMBL417297
DEC_2487,decoy,C[C@H]1[C@H](c2ccccc2)c2ccccc2[C@@H]2CCCN21,CHEMBL291244
DEC_3609,decoy,Cc1nnsc1S(=O)(=O)NCCCn1c2c(c3ccccc31)C(=O)CN1CCCCC21,CHEMBL431120
DEC_4071,decoy,CCCCc1nn(CC(F)(F)F)c(COC)c1Cc1ccc(-c2ccccc2-c2nn[nH]n2)cc1,CHEMBL21891
DEC_0180,decoy,CC(C)C(=O)OCC(=O)[C@@]1(OC(=O)C(C)C)CCC2C3C[C@H](F)C4=CC(=O)C=CC4(C)[C@@]3(F)C(O)CC21C,CHEMBL430603
DEC_1702,decoy,c1cc(COc2ccc(OCc3ccc4ccccc4n3)cc2)cc(OCc2nn[nH]n2)c1,CHEMBL18956
DEC_0519,decoy,C=CCC1([C@H](C)C#CCC)C(=O)NC(=S)NC1=O,CHEMBL22646
DEC_1195,decoy,O=C(OC1CN2CCC1CC2)C1=C/C(=C\c2cccnc2)c2ccccc21,CHEMBL21321
DEC_3953,decoy,CSc1ccc(C(=O)c2ccc3n2CCCC3C(=O)O)cc1,CHEMBL8942
DEC_4231,decoy,C[Si](C)(C)c1ccc(C2=Cc3ccccc3C3=NCCCN23)cc1,CHEMBL9684
DEC_2459,decoy,CCCOC(=O)C1C2C(=O)CC(c3ccc(O)cc32)C1C(=O)OCCC(C)(C)C,CHEMBL275678
DEC_4518,decoy,CSc1ccc2c(c1Cl)CN(S(=O)(=O)NS(=O)(=O)N1CCc3ccc(SC)c(Cl)c3C1)CC2,CHEMBL20516
DEC_2534,decoy,C=C1CC2C3CCC4=CC(=O)C=CC4(C)[C@@]3(F)C(O)CC2(C)[C@@]1(OC(=O)c1ccco1)C(=O)COC(C)=O,CHEMBL40472
DEC_3603,decoy,O=C(CN1CCN(S(=O)(=O)c2cc3ccc(Cl)cc3s2)CC1=O)NCc1cccnc1,CHEMBL50757
DEC_2690,decoy,C[S+]([O-])c1nc(-c2ccc(F)cc2)c(-c2ccc(F)cc2)[nH]1,CHEMBL276554
DEC_1739,decoy,Nc1nc2c(cnn2CCc2ccccc2)c2nc(-c3ccc(Cl)cc3)nn12,CHEMBL21654
DEC_3276,decoy,O[C@H]1CC[C@](c2ccccc2)(N2CCCCC2)CC1,CHEMBL273446
DEC_2210,decoy,C=C(C)[C@@H]1CC[C@]2(C(=O)N[C@@H](C)C(=O)O)CC[C@]3(C)[C@H](CC[C@@H]4[C@@]5(C)CC[C@H](O)C(C)(C)[C@@H]5CC[C@]43C)[C@@H]12,CHEMBL277705
DEC_1801,decoy,COC(=O)C1=C(C)N=C(C)/C(=C(/O)OC)C1c1ccc2nc(-c3ccc(O)c(OC)c3)n(Cc3ccc(O)c(OC)c3)c2c1,CHEMBL307713
DEC_1924,decoy,CC(C)CS(=O)(=O)N[C@@H]1CCN2CCc3ccccc3[C@@H]2C1,CHEMBL287409
DEC_2473,decoy,CN(Cc1cccnc1)C1c2ccccc2Oc2ccccc21,CHEMBL19642
DEC_0626,decoy,N#Cc1cc(-c2ccoc2)c2ccc(OCc3cccc(C4(O)CC5COC(C4)O5)n3)cc2n1,CHEMBL22751
DEC_3248,decoy,NS(=O)(=O)c1ccc(-n2nc(C(F)F)cc2-c2ccc(Cl)cc2)cc1,CHEMBL433428
DEC_2585,decoy,C[C@@H](n1cnc2cc(-c3ccc(C#N)cc3)sc2c1=O)[C@](O)(Cn1cncn1)c1ccc(F)cc1F,CHEMBL299891
DEC_3914,decoy,CC(=O)Nc1cc2c(c(N3CCCC3)c1C#N)C[C@H](O)C(C)(C)O2,CHEMBL14717
DEC_2368,decoy,CC(C)C/C=C(\NC(=O)C1CC1(C)C)C(=O)O,CHEMBL274139
DEC_0611,decoy,COc1ccccc1-c1[nH]c(-c2ccc([S+](C)[O-])cc2)nc1-c1ccncc1,CHEMBL17135
DEC_0709,decoy,CN(C)CC#CCCC1(C2(O)c3ccccc3Sc3ccccc32)SCCCS1,CHEMBL41269
DEC_0949,decoy,CCOC(=O)N[C@@H](c1ccncc1)[C@@H](O)C(=O)OC1CC2C(C)(C)C1(C)[C@@]13C[C@H](C)c4ccccc4[C@@]21O3,CHEMBL30890
DEC_0500,decoy,C/N=C(/S)[C@]1(c2cccnc2)CCCC[S@@+]1[O-],CHEMBL275459
DEC_0322,decoy,N#Cc1cc(-c2ccc3c(c2)C2(CCCCC2)C(S)=N3)co1,CHEMBL280767
DEC_3166,decoy,Cn1cncc1C(O)(C#Cc1cccc(N)c1)c1ccc(C#N)c(-c2cccc3ccccc23)c1,CHEMBL418018
DEC_4028,decoy,Cn1c(=O)c2c(c3cc([N+](=O)[O-])ccc31)OC(C(C)(C)O)C2,CHEMBL25442
DEC_2544,decoy,N#Cc1cc(Cn2cncc2CN2CCN(c3cccc(Cl)c3)C(=O)C2)ccc1Oc1ccccc1,CHEMBL30670
DEC_1339,decoy,Cc1noc(N(C)S(=O)(=O)c2ccc(N)cc2)c1C,CHEMBL30224
DEC_1332,decoy,CCOC(=O)N/N=C1/CC2(CCN(C)CC2)OC1C,CHEMBL40803
DEC_4360,decoy,CC(C)C(NC(=O)OC(C)(C)C)C(=O)N1CC[C@H]2[C@H]1C1(SCCS1)C(=O)N2C(=O)C1CC1,CHEMBL46400
DEC_1989,decoy,CC1(C)CC1C(=O)N/C(=C\CC(F)(F)F)C(=O)O,CHEMBL12353
DEC_3055,decoy,CCCN(Cc1ccccc1)C1Cc2cccc3nc(O)n(c23)C1,CHEMBL12285
DEC_4008,decoy,C=C1/C=C(\C)[C@H](CC)OC(=O)[C@H](C)C(=O)[C@@](O)(CO)[C@H](OC)/C=C/[C@@H](C)C1,CHEMBL32108
DEC_2949,decoy,COc1cc2nc(N3CCN(C(=O)C4=CC5C=CC4CC5)CC3)nc(N)c2cc1OC,CHEMBL429379
DEC_1991,decoy,CC1(C)C(=O)Nc2cc3[nH]c(-c4ccncc4)nc3cc21,CHEMBL25931
DEC_0213,decoy,CC1(C)C[C@H]2[C@@H]3OC(C)(C)O[C@@H]3CC[C@@]2(COS(N)(=O)=O)C1,CHEMBL26585
DEC_0589,decoy,[O-][S+](CC(F)(F)C(F)(F)F)c1nc(-c2ccccc2)c(-c2ccccc2)[nH]1,CHEMBL278005
DEC_1265,decoy,CN(C)CCCn1c2c(c3ccccc31)CCN(CCCc1cccnc1)C2,CHEMBL12523
DEC_3090,decoy,O[C@@H]1CCCC[C@H]1N1CCC(c2ccccc2)CC1,CHEMBL20730
DEC_4123,decoy,N=C(N)c1ccc2oc(CC(C(=O)O)c3ccc(O[C@H]4CCNC4)cc3)cc2c1,CHEMBL280157
DEC_1171,decoy,CC(C)C1CCC(N2CCC(N3C(=O)N[C@@H]4CCCC[C@H]43)CC2)CC1,CHEMBL286411
DEC_3315,decoy,NC1CCN(c2c(F)c(O)c3c(=O)c(C(=O)O)cn(C4CC4)c3c2F)C1,CHEMBL15579
DEC_0223,decoy,CC1(C)Oc2cc([N+](=O)[O-])sc2[C@@H](N2CCCCC2=O)[C@@H]1O,CHEMBL281539
DEC_2047,decoy,O=Cc1ccn(-c2cc3c(cc2Cl)nc(O)n2nc(C(=O)O)cc32)c1,CHEMBL8829
DEC_3585,decoy,CN(C(=O)[C@H](CC#Cc1cccc(N)c1)NS(=O)(=O)c1ccc2ccccc2c1)C1CCCC1,CHEMBL7221
DEC_2313,decoy,O=C1O[C@H](c2cccc(Cl)c2)[C@@](Cn2cncn2)(c2cccc(Cl)c2)O1,CHEMBL269178
DEC_3899,decoy,CCCCCCc1cccc(N2C(N)=NC(N)=NC2(C)C)c1,CHEMBL32063
DEC_3834,decoy,Cc1ccc2c(c1CCC(=O)O)CCC(NS(=O)(=O)c1ccc(Cl)cc1)C2,CHEMBL29240
DEC_0334,decoy,CCCC1CCNc2cc3nc(O)cc(C(F)(F)F)c3cc21,CHEMBL280865
DEC_1689,decoy,CN1CCN([C@H]2CC[C@H](n3nc(-c4ccc(Nc5ccccc5)cc4)c4c(N)ncnc43)CC2)CC1,CHEMBL46785
DEC_3579,decoy,O=C1NC(=O)C(CC#Cc2ccc(Br)cc2)(S(=O)(=O)c2ccccc2)S1,CHEMBL11821
DEC_3096,decoy,Brc1ccccc1SC1CN2CCC1CC2,CHEMBL283087
DEC_2725,decoy,O=C1CCC/C=C\C[C@H]2C(=O)C[C@@H](O)C2/C=C\[C@@H](CCc2ccccc2)O1,CHEMBL12468
DEC_1785,decoy,C=C(C)[C@]12C[C@@H](C)[C@@]34O[C@](Cc5ccccc5)(O[C@@H]1[C@@H]3C=C(COC(=O)Cc1ccc(O)c(OC)c1)C[C@]1(O)C(=O)C(C)=C[C@@H]41)O2,CHEMBL17976
DEC_2432,decoy,c1cc(OCc2cccc(-c3nn[nH]n3)c2)cc(OCc2ccc3ccccc3n2)c1,CHEMBL18564
DEC_0604,decoy,C[S+]([O-])c1cccc(-c2nc(-c3ccc(F)cc3)c(-c3ccncc3)[nH]2)c1,CHEMBL276529
DEC_1231,decoy,CSc1ccc(-c2nc(-c3cccc(NS(C)(=O)=O)c3)c(-c3ccncc3)[nH]2)cc1,CHEMBL277811
ACT_086,active,CCNC(=O)C[C@@H]1N=C(c2ccc(Cl)cc2)c2cc(OC)ccc2-n2c(C)nnc21,CHEMBL1232461
DEC_1560,decoy,C1CCN(P2(N3CCCCC3)=NP(N3CC3)(N3CC3)=NP(N3CC3)(N3CC3)=N2)CC1,CHEMBL26911
DEC_3250,decoy,CC(C)c1cccc(C(C)C)c1OC(=O)NS(=O)(=O)N1CCCC1,CHEMBL21797
DEC_2891,decoy,CC1(C)Oc2ccc(C#N)cc2[C@@H](N(Cc2ncc[nH]2)c2ccc(Cl)cc2)[C@@H]1O,CHEMBL11859
DEC_1611,decoy,N#C/C(=N\O)c1ccc(Sc2cc(F)cc(C3CCOCC3)c2)cc1,CHEMBL27691
DEC_2523,decoy,CO[C@]12OO[C@](C)(CO[Si](c3ccccc3)(c3ccccc3)C(C)(C)C)C=C1C(=O)C(C)(C)C(=O)C2(C)C,CHEMBL417319
DEC_2807,decoy,Cc1c(S(=O)(=O)N[C@H]2CCN(Cc3cc4cc[nH]cc-4n3)C2=O)sc2ccc(Cl)cc12,CHEMBL8251
DEC_3921,decoy,CCCn1c(=O)c2nc(-c3ccc(O)cc3)[nH]c2n(CCC)c1=O,CHEMBL27155
DEC_2249,decoy,N=c1sc(-c2ccccc2SC(F)(F)F)nn1-c1c(Cl)cc(C(F)(F)F)cc1Cl,CHEMBL295116
DEC_1659,decoy,OC1(c2nc(-c3ccc(F)cc3)c(-c3ccncc3)[nH]2)CCCCC1,CHEMBL25219
DEC_3966,decoy,C[C@@H]1[C@@H](N)CN1c1c(F)cc2c(=O)c(C(=O)O)cn(C3CC3)c2c1Cl,CHEMBL279221
DEC_1183,decoy,CCCn1c(=O)c2c(nc(C3CCCCC3)n2C)n(CCC)c1=O,CHEMBL22042
DEC_0219,decoy,COc1cc2c3c4c(cc5c3n(c2cc1OC)C(=O)CC5)CNCC4,CHEMBL22397
DEC_3916,decoy,NC1CCN(c2cc3c(cc2F)c(=O)c(C(=O)O)cn3C2CC2)C1,CHEMBL15087
DEC_4274,decoy,CC1(S(=O)(=O)c2cccc3ccccc23)SC(=O)NC1=O,CHEMBL280537
DEC_1687,decoy,CCCCCCC[C@@H]1CC(=O)O[C@@H](C(C)C)C(=O)N(C)[C@@H](Cc2ccccc2)[C@H](O)CC(=O)O1,CHEMBL35924
DEC_0074,decoy,O=C1[C@@H](NS(=O)(=O)c2ccc(-c3ccon3)s2)CCN1Cc1cc2cc[nH]cc-2n1,CHEMBL266984
DEC_1527,decoy,O=c1cnn(-c2ccc(S(=O)(=O)c3ccc(Cl)cc3)c(Cl)c2)c(=O)[nH]1,CHEMBL27654
DEC_4224,decoy,CCC1(CC)CCNc2cc3nc(O)cc(C(F)(F)F)c3cc21,CHEMBL282866
DEC_4206,decoy,NCCCC[C@H](NC(=O)OCc1ccccc1)C(=O)Oc1cccc2ccccc12,CHEMBL282405
DEC_3880,decoy,CSc1ccc(N(CCCl)CCCl)cc1,CHEMBL273595
DEC_2189,decoy,O=C1CC2(CCCc3ccccc32)C(=O)N1CCCCN1CCN(c2ncccn2)CC1,CHEMBL34414
DEC_3643,decoy,Cc1ccc(C(O)(c2ccc(C)cc2)c2cncnc2)cc1,CHEMBL283085
DEC_3301,decoy,CC(Nc1ncc(-c2ccccc2)n1C)c1ccccc1,CHEMBL40099
DEC_2783,decoy,Cc1noc(NS(=O)(=O)c2ccccc2-c2ccc(-c3ncco3)cc2Cn2ccnc2)c1C,CHEMBL30009
DEC_2082,decoy,CCN1CCCCC1c1ccc(-c2cc(S(=O)(=O)CC)ccc2OC)[nH]1,CHEMBL20763
DEC_4161,decoy,N=C(NC1CCC1)c1ccc(-c2ccc(-c3ccc(C(=N)NC4CCC4)cc3)o2)cc1,CHEMBL280419
DEC_0430,decoy,CCC1C(=O)N2C=CSC2N(Cc2cc(OC)cc(OC)c2)C1=O,CHEMBL28939
DEC_3267,decoy,ClCC12NC(Cc3ccccc31)c1ccccc12,CHEMBL10736
DEC_4529,decoy,COCC(=O)OCC(=O)[C@@]1(OC(=O)c2ccco2)[C@H](C)CC2C3CCC4=CC(=O)C=CC4(C)[C@@]3(Cl)C(O)CC21C,CHEMBL289793
DEC_1938,decoy,Oc1nc2cccc3c2n1CC(N(CC1CC1)CC1CC1)C3,CHEMBL273711
DEC_2897,decoy,Cc1nc(NS(=O)(=O)c2cccc3c(N(C)C)cccc23)ccc1Br,CHEMBL6566
DEC_0392,decoy,CCC1(O)C(=O)OCc2c1cc1n(c2=O)Cc2cc3cc(OCCNC(=O)S(=O)(=O)c4cccs4)ccc3nc2-1,CHEMBL101475
DEC_4033,decoy,CN(C)S(=O)(=O)c1ccc(-n2ncc(=O)[nH]c2=O)cc1Cl,CHEMBL11677
DEC_1086,decoy,c1cncc(NC23CC4CC(CC(C4)C2)C3)c1,CHEMBL19247
DEC_0947,decoy,CCOC(=O)N[C@@H](c1ccncc1)[C@@H](O)C(=O)OC1CC2C(C)(C)C1(C)[C@@]13C[C@@H](C)c4ccccc4[C@@]21O3,CHEMBL32074
DEC_4003,decoy,CCC(=O)O[C@H](CC=C(C)C)C1=CC(=O)c2c(O)ccc(O)c2C1=O,CHEMBL8951
DEC_0766,decoy,Cc1ccc(-c2c(O)nc3cc(Cl)c(C(=O)Nc4ccncn4)cc3c2OCC[C@@H]2CCCCN2)cc1C,CHEMBL49230
DEC_1135,decoy,CC1=C(C(=O)OC(c2ccccc2)c2ccccc2)N2C(=O)[C@@H](NC3=NCC(C)N3)C2SC1,CHEMBL269316
DEC_4527,decoy,CCOC(=O)N[C@@H](c1cccc(F)c1)[C@@H](O)C(=O)OC1CC2C(C)(C)C1(C)[C@@]13C[C@H](C)c4ccccc4[C@@]21O3,CHEMBL287108
ACT_032,active,COc1cc(/C=N/Nc2ccc(Cl)c(C(=O)O)c2)ccc1OC(=O)c1cccs1,CHEMBL3198324
DEC_0125,decoy,CC(C)(C)NC(=O)NC[C@@H]1Cc2ccccc2CN1/C(S)=N/C[C@H]1CCCN1C(=O)c1ccccc1,CHEMBL40859
DEC_2355,decoy,CC1CCCC(C)N1CC(O)CSC(c1ccccc1)c1ccccc1,CHEMBL18787
DEC_1519,decoy,CN(C)c1cccc2c(S(=O)(=O)Nc3cnc(Br)cn3)cccc12,CHEMBL268339
DEC_0804,decoy,CCc1c(Sc2cc(Cl)cc(Cl)c2)n(COCCO)c(=S)[nH]c1=O,CHEMBL17070
DEC_3779,decoy,C=CCN1CC(=O)N2C(c3ccco3)C(C(=O)OCc3ccccc3)CC2(COCc2ccccc2)C1=O,CHEMBL275734
DEC_1164,decoy,CC12CC3(C)CC(C)(C1)CC(NC(=O)N(CCCl)N=O)(C2)C3,CHEMBL11985
DEC_4258,decoy,CC(C)(C)C1CSC(c2cc(O)ccc2[N+](=O)[O-])SC1,CHEMBL289460
DEC_2059,decoy,CN(C)CCNc1ccc(CO)c2sc3ccccc3c(=O)c12,CHEMBL279692
DEC_1894,decoy,Cc1ccc(C#CCC2(S(=O)(=O)c3ccc(C)cc3)SC(=O)NC2=O)cc1,CHEMBL11857
DEC_2330,decoy,Clc1ccc(CN2CCc3ccccc3C2Cn2cncn2)c(Cl)c1,CHEMBL282786
DEC_4350,decoy,O=C(c1ccccc1)C(O)(Cn1cncn1)c1ccc(Cl)cc1Cl,CHEMBL10548
DEC_2678,decoy,O[C@H]1[C@H](N2CCC(c3ccccc3)CC2)CCC[C@H]1c1ccccc1,CHEMBL20593
DEC_1061,decoy,C1CCC2N=C(NC(C3CC3)C3CC3)CC2C1,CHEMBL40287
DEC_0355,decoy,COc1ccc(C[C@H]2NC(=O)/C=C/C[C@@H]([C@@](C)(O)C#Cc3ccccc3)OC(=O)[C@H](CC(C)C)OC(=O)CCNC2=O)cc1,CHEMBL266678
DEC_1661,decoy,Cc1cc(CC#N)cc(-c2c(O)nc3cc(Cl)c([N+](=O)[O-])cc3c2OCCC2CCCCN2)c1,CHEMBL298278
DEC_3474,decoy,NC[C@H]1COC(c2ccccc2)(c2ccccc2)O1,CHEMBL26735
DEC_0367,decoy,COc1ccc(C[C@H]2NC(=O)/C=C/C[C@@H](C(=O)C#Cc3ccccc3)OC(=O)[C@H](CC(C)C)OC(=O)CCNC2=O)cc1,CHEMBL276461
DEC_1999,decoy,CC1=CC2Cc3nc(O)ccc3C3(C1)NCCC(C)=C23,CHEMBL290113
DEC_0783,decoy,c1ccc2c(c1)c1c(n2CCCN2CCCCC2)CN(CCCc2ccncc2)CC1,CHEMBL273687
DEC_1019,decoy,O[C@@H]1c2ccccc2CC[C@H]1CN1CCN(CCOC(c2ccccc2)c2ccccc2)CC1,CHEMBL29065
DEC_1597,decoy,C[C@@H]1CC2C3CCC4=CC(=O)C=CC4(C)[C@@]3(F)C(O)CC2(C)[C@@]1(OC(=O)c1ccco1)C(=O)CCl,CHEMBL436548
DEC_3555,decoy,COc1ccc(OC)c2c1C1CCC2[C@@H](N)C1,CHEMBL286226
DEC_3317,decoy,CCn1cc(C(=O)O)c(=O)c2c(N)c(F)c(N3CC(C)NC(C)C3)c(F)c21,CHEMBL15151
DEC_1890,decoy,Nc1cc2c(Nc3ccc4[nH]c(Cc5ccccc5)nc4c3)ncnc2cn1,CHEMBL31653
DEC_1637,decoy,Cc1cc(C(c2ccc(Oc3ccccc3)cc2)N2CCN(C)CC2)sn1,CHEMBL23008
DEC_2612,decoy,O=C1Nc2ccc(Cl)cc2C(C#Cc2cccnc2)(C(F)(F)F)O1,CHEMBL278468
DEC_1715,decoy,Brc1cccc(Br)c1Nc1nc2ccccc2n2cncc12,CHEMBL283275
DEC_1015,decoy,N#Cc1c2n(c3c(N4CCN(CCc5ccccc5)CC4)nc(-c4ccccc4)nc13)CCCC2,CHEMBL27497
DEC_0235,decoy,C=Cn1cc(C(=O)O)c(=O)c2cc(F)c(N3CCN(C)CC3)cc21,CHEMBL286123
DEC_2661,decoy,CCOC(C)OOC1(OOC)CCCCCCCCCCC1,CHEMBL27679
DEC_4204,decoy,COc1ccc(C2(C(F)(F)F)N=N2)cc1CN[C@H]1CCCN[C@H]1c1ccccc1,CHEMBL25492
DEC_2431,decoy,CCCC1Nc2ccccc2C(=O)N1Cc1ccc(-c2ccccc2-c2nn[nH]n2)cc1,CHEMBL15484
DEC_2940,decoy,CCN1C(=O)c2c(nc(N=[N+]=[N-])n2Cc2ccc(O)cc2)N2C1=N[C@@H]1CCC[C@@H]12,CHEMBL282709
DEC_0538,decoy,C=CCC1(C(C)C#CCC)C(=O)NC(=O)N(C)C1=O,CHEMBL7413
DEC_0116,decoy,CCc1nc2cc(OC3CCN(C(C)=N)CC3)ccc2n1Cc1ccc2ccc(C(=N)N)cc2c1,CHEMBL24907
DEC_0248,decoy,Nc1c(Cl)cc2c3c(cccc13)C(=O)N([C@H]1CN3CCC1CC3)C2=O,CHEMBL283483
DEC_2343,decoy,CN(C)CCOc1ccccc1/C=C(\C#N)c1noc2ccc(Cl)cc12,CHEMBL284021
DEC_4121,decoy,CNC(=O)c1coc(C2C3CCC(O3)C2Cc2ccccc2CCC(=O)O)n1,CHEMBL33621
DEC_3381,decoy,Cn1nc(S(N)(=O)=O)s/c1=N/C(=O)CCCCC(F)(F)C(F)(F)F,CHEMBL24473
DEC_2856,decoy,c1ccc(N2CCN(C3c4ccccc4Oc4ccccc43)CC2)nc1,CHEMBL20545
DEC_1177,decoy,CC(C)[C@H]1OC(=O)O[C@]1(Cn1cncn1)c1ccc(Cl)cc1Cl,CHEMBL10649
DEC_1416,decoy,C[C@@H](O)[C@H]1C(=O)N2C(C(=O)O)=C(S[C@@H]3CN[C@H](CSc4nnnn4-c4ccccc4)C3)[C@H](C)[C@H]12,CHEMBL284420
DEC_0545,decoy,CCC(C)C1(c2ccc(N)cc2)CCC(=O)NC1=O,CHEMBL28668
DEC_1297,decoy,COc1ccc(CCCCNCCOc2c(F)ccc3c2OCCC3)cc1,CHEMBL22328
DEC_4450,decoy,O=C1CCN(c2c(F)cc3c(=O)c(C(=O)O)cn(C4CC4)c3c2F)C1,CHEMBL289015
DEC_1620,decoy,CCCCSc1ccccc1C1N=C(SC)N=C2COC(O)=C21,CHEMBL23642
DEC_1441,decoy,CCCN(Cc1ccc2nc(C)nc(O)c2c1)c1ccc(C(=O)N[C@H](CCC(=O)O)C(=O)O)s1,CHEMBL288307
DEC_0782,decoy,O=C(O)CCC/C=C\C[C@H]1[C@H](F)CC[C@@H]1NS(=O)(=O)c1ccc(F)cc1F,CHEMBL282458
DEC_4268,decoy,O=C(OC1CN2CCC1CC2)c1cc(Cl)cc2nc[nH]c12,CHEMBL416172
DEC_3152,decoy,CCCCc1nc2cnnc(O)c2n1Cc1ccc(-c2ccccc2-c2nn[nH]n2)cc1,CHEMBL7478
DEC_0026,decoy,C[C@@]1(N2C(=O)c3c(F)c(F)c(F)c(F)c3C2=O)CCC(=O)NC1=O,CHEMBL11150
DEC_3062,decoy,CCOOC1(OC)CCCCCCCCCCC1,CHEMBL29833
DEC_2936,decoy,Cc1cccc(S(=O)(=O)C2(CC#Cc3ccc(Cl)cc3)SC(=O)NC2=O)n1,CHEMBL268766
DEC_4380,decoy,CCN(C)S(=O)(=O)c1ccc(Oc2c(C)cc(-n3ncc(=O)[nH]c3=O)cc2Cl)c(Cl)c1,CHEMBL56934
DEC_3499,decoy,c1ccc2c(c1)nc(Nc1ccncc1)c1cncn12,CHEMBL283215
DEC_3750,decoy,COc1cc2c(C)nc(O)c(C(C)C)c2cc1OC,CHEMBL283884
DEC_2593,decoy,CN(C)CC(=O)N1c2ccccc2N2CCc3cccc(c32)C1CCc1ccccc1.O=C(O)C(=O)O,CHEMBL28460
DEC_2220,decoy,Cc1cc(SC2=C(O)OC(CCc3ccc(O)cc3)(C3CCCCC3)CC2=O)c(C(C)(C)C)cc1N,CHEMBL289799
DEC_3356,decoy,Cc1cccc(C)c1NC(=O)C(C)NC(=O)C1=CC(C)(C)NC1(C)C,CHEMBL417992
DEC_3607,decoy,O=C1NC(=O)C(CC#Cc2ccc(Br)cc2)(S(=O)(=O)c2ccc(F)cc2)S1,CHEMBL11965
ACT_026,active,Cc1c(C)c(S(=O)(=O)Nc2ccc(Nc3ccnc(N4CCNCC4)n3)cc2)c(C)c2c1OC(C)(C)C2,CHEMBL4747476
DEC_1338,decoy,COc1cc2c(cc1OC)C(C)=[N+]([O-])C(c1ccccn1)N2,CHEMBL279757
DEC_1292,decoy,CCOCCn1c([S+]([O-])Cc2nccc(SCC)c2C)nc2ccccc21,CHEMBL10087
DEC_3280,decoy,CC(O)c1ccc2c(c1)[C@@]13CCCC[C@H]1[C@@H](C2)N(C)CC3,CHEMBL280512
DEC_3820,decoy,Cc1cccc(N2CCN(CCCON3C(=O)CC4(CCCC4)CC3=O)CC2)c1,CHEMBL10875
DEC_3516,decoy,CCn1c(=O)sn(C2CCCCC2)c1=O,CHEMBL24693
DEC_0639,decoy,CCCC1=NC2(CCSCC2)C(=O)N1Cc1ccc(-c2ccccc2-c2nn[nH]n2)cc1,CHEMBL289105
DEC_3947,decoy,CC(C)C1CC(=O)N(OS(=O)(=O)/C=C/c2ccccc2)C1=O,CHEMBL275133
DEC_0996,decoy,O=C1CN2Cc3c(Cl)cc(N4CCCCC4)cc3N=C2N1,CHEMBL287066
DEC_2741,decoy,O=C(O)COc1ccc(-c2nsc3ccccc23)c(Cl)c1Cl,CHEMBL25468
DEC_2595,decoy,CCC(=O)N1CCN(CCCc2c(/C=C3\C(=O)Nc4ccc(S(=O)(=O)CC)cc43)[nH]c3c2CCCC3)CC1,CHEMBL294466
DEC_2395,decoy,CCC1CCC(NC(=O)N(CCF)N=O)CC1,CHEMBL274792
DEC_0008,decoy,Oc1ccc2c3c1O[C@H]1[C@H](N=C=S)CCC4(O)C(C2)N(CC2CC2)CCC314,CHEMBL21068
DEC_2181,decoy,O=C1CC(Cc2ccccc2C(F)(F)F)C(=O)N1OS(=O)(=O)/C=C/c1ccccc1,CHEMBL42518
DEC_2533,decoy,O=S1(=O)CC2(CCN(C[C@@H]3CN(S(=O)(=O)c4ccccc4)C[C@H]3c3ccccc3)CC2)c2ccccc21,CHEMBL33330
DEC_3219,decoy,O=c1c(-c2ccccc2)cccn1C(CN1CCCC1)c1ccccc1,CHEMBL278268
DEC_2414,decoy,O=c1nc(/N=C/N(c2ccccc2)c2ccccc2)ccn1C1CSC(CO)O1,CHEMBL278480
DEC_2447,decoy,CC(CCCCn1cnc2c1NC=NCC2O)(Cc1cccc(C(F)(F)F)c1)C(=O)O,CHEMBL291059
DEC_2198,decoy,CCN1C(=O)c2c(ncn2Cc2ccc(OC)c(Br)c2)N2C1=N[C@@H]1CCC[C@@H]12,CHEMBL280578
DEC_1658,decoy,COCc1cc(Br)ccc1Sc1ccccc1CN(C)C,CHEMBL22259
DEC_0827,decoy,C=C1[C@@H](OC(C)=O)CC[C@@]2(C)[C@@H](OC(C)=O)[C@H](OC(C)=O)C3=C(C)[C@@H](OC(C)=O)C[C@@H]([C@@H](OC(C)=O)[C@H]12)C3(C)C,CHEMBL309189
DEC_3765,decoy,CCCCCCC[C@H]1OC(=O)C[C@@H](O)[C@H](Cc2ccccc2)N(C)C(=O)[C@H](CCSC)OC(=O)[C@H]1C,CHEMBL8361
DEC_1042,decoy,OC(CCCN1CCC(C(O)(c2ccc(F)cc2)c2ccc(F)cc2)CC1)c1ccccc1,CHEMBL278931
DEC_3670,decoy,CCC/N=c1\c(O)c(O)\c1=N/c1cccnc1,CHEMBL19198
DEC_1406,decoy,C[C@@](O)(/C=C/C1[C@H](O)C[C@@H]2OC(=O)CCC/C=C\C[C@H]12)CCc1ccccc1,CHEMBL429044
DEC_3012,decoy,CN(C)C1CCN(C2c3ccccc3Oc3ccccc32)CC1,CHEMBL20632
DEC_1335,decoy,CC(=O)O[C@H]1O[C@@H]2O[C@@H](OC(C)=O)[C@@H]3CC[C@H]([C@@H]1C)[C@H]23,CHEMBL11492
DEC_3220,decoy,CC(=O)O[C@]1(C(C)=O)CC[C@H]2[C@@H]3C[C@H](C)C4=CC(=O)CC[C@]4(C)[C@H]3CC[C@@]21C,CHEMBL717
DEC_0819,decoy,COc1ccnc(C[S+]([O-])c2nc3cc(F)c(OC(F)F)cc3[nH]2)c1C,CHEMBL273600
DEC_1876,decoy,O=C(Nc1ccc(I)cc1)OCCCc1c[nH]cn1,CHEMBL16874
DEC_4287,decoy,CN1CCN(C(c2ccccc2Cl)c2nccn2C)CC1,CHEMBL283964
DEC_0534,decoy,CN[C@@H]1CN(C(=O)N(C(C)C)C(C)C)C[C@@H]1C(=O)O,CHEMBL18424
DEC_4429,decoy,Cc1noc(NS(=O)(=O)c2ccc(N)c3ccccc23)c1C,CHEMBL286406
DEC_1979,decoy,C[C@@]12Cc3ccccc3C(CN1)[C@@H](O)c1ccccc12,CHEMBL25277
DEC_2268,decoy,C=C(C)CN1C[C@H](OCC23C[C@@H]4[C@H](C)CC[C@H]4C4(C=O)CC2C=C(C(C)C)[C@@]34C(=O)O)OC[C@H]1C,CHEMBL284180
DEC_0325,decoy,CC1(C)C(=O)Nc2cc3[nH]c(-c4ccncc4)cc3cc21,CHEMBL285395
DEC_4096,decoy,CCNC(=O)C(CC(C)C)NC(=O)[C@@H](CC(=O)C1c2ccccc2Oc2ccccc21)CC(C)C,CHEMBL41337
DEC_1180,decoy,O=C1O[C@H](c2ccc(F)cc2)[C@@](Cn2cncn2)(c2ccc(F)cc2)O1,CHEMBL273497
DEC_3945,decoy,c1ccc(COC2(C3=NCCN3)COc3ccccc3O2)cc1,CHEMBL10500
DEC_4391,decoy,COc1cccc2c1CC[C@H]1CN(CCn3c(=O)[nH]c4c(sc5ccc([N+](=O)[O-])cc54)c3=O)C[C@@H]21,CHEMBL40819
DEC_3758,decoy,C=CCN1CC[C@]2(C)c3cc(O)ccc3CC1[C@@H]2C,CHEMBL277927
DEC_2854,decoy,N#CCCOC1(C(F)(F)F)OC(=O)Nc2ccc(Cl)cc21,CHEMBL18220
DEC_1633,decoy,O=c1c(Nc2ccccc2)cccn1C(CN1CCCC1)c1ccccc1,CHEMBL15510
DEC_3884,decoy,CCCC1Nc2cccc([C@@H]3C[C@H]3CNC(=O)CC)c2O1,CHEMBL276921
DEC_2626,decoy,CC1OC(C#CC2CC2)(C(F)(F)F)c2c(ccc(F)c2F)NC1=O,CHEMBL31771
DEC_1349,decoy,CN(C)c1ncnc2c1ncn2Cc1cccc(O)c1,CHEMBL7293
DEC_3457,decoy,O=c1c(-c2ccccc2)c(O)c2c(n1Cc1ccc(-c3ccccc3-c3nn[nH]n3)cc1)CCC2,CHEMBL281887
DEC_3154,decoy,CCC(C)Nc1nc2ccc(Cl)cc2c2nc(-c3ccco3)nn12.CS(=O)(=O)O,CHEMBL266267
DEC_3595,decoy,CCCCc1c(O)n(Cc2ccc(Cl)c(Cl)c2)c2nc3c(c(=O)n(C)c(=O)n3C)n2c1=O,CHEMBL13083
DEC_3591,decoy,O=S(=O)(NS(=O)(=O)N1CCc2ccc(Cl)cc2C1)N1CCc2ccc(Cl)cc2C1,CHEMBL442530
DEC_4488,decoy,O=c1[nH]c(=O)n([C@H]2C[C@H](O)[C@@H](CO)O2)cc1/C=C/Br,CHEMBL31634
DEC_2201,decoy,O=C1[C@@H](NS(=O)(=O)c2ccc(-c3ccncc3)s2)CCN1Cc1cc2[nH]cccc-2n1,CHEMBL8433
DEC_2303,decoy,CCNc1ccc(C#CC[C@H](NS(=O)(=O)c2ccc3ccccc3c2)C(=O)N(C)C2CCCC2)cc1,CHEMBL7126
DEC_0146,decoy,N/C(=N\O)c1cc(CN2C(=O)N[C@H](CCc3ccccc3)[C@@H](O)[C@H]2Cc2ccccc2)ccc1F,CHEMBL416964
DEC_4536,decoy,CCn1ccc(=O)n2nc(-c3ccccc3)c(SSc3c(-c4ccccc4)nn4c(=O)ccn(CC)c34)c12,CHEMBL296088
DEC_3144,decoy,CCNc1cccnc1N1CCN(C(=O)c2cc3c(C)c(OC)c(C)c(C)c3[nH]2)CC1,CHEMBL266324
DEC_1427,decoy,Cc1nc(O)c2cc(CN(CCF)c3ccc(C(=O)N[C@H](CCC(=O)O)C(=O)O)s3)ccc2n1,CHEMBL42315
DEC_2927,decoy,CC(C)S(=O)(=O)NCCCn1c2c(c3ccccc31)C(=O)CN1CCCCC21,CHEMBL33807
DEC_2950,decoy,COc1c(N2CC(C)NC(C)C2)c(F)cc2c(=O)c(C(=O)O)cn(C3CC3)c12,CHEMBL15426
DEC_0296,decoy,OC(c1ccc(Cl)cc1)C(O)(Cn1cncn1)c1ccc(Cl)cc1Cl,CHEMBL10311
DEC_1669,decoy,CC(C)C(c1cccc(NS(=O)(=O)c2cn(C)cn2)c1)c1c(O)c2c(oc1=O)CCCCCC2,CHEMBL16856
DEC_3530,decoy,NC(=O)Sc1cncc2sc(C(N)=O)cc12,CHEMBL268667
DEC_0250,decoy,Nc1nc2c(cnn2Cc2ccc(F)cc2)c2nc(-c3ccco3)nn12,CHEMBL17302
DEC_3601,decoy,O=C1[C@@H](NS(=O)(=O)c2cc3c(Cl)nccc3s2)CCN1Cc1cc2c[nH]ccc-2n1,CHEMBL8503
DEC_0175,decoy,COc1ccc2c3c1O[C@@H]1[C@]34CCN(COOC(C)(C)C)[C@H](C2)[C@]42CC[C@@]1(OC)C(C(C)(O)C(C)(C)C)C2,CHEMBL73518
DEC_1843,decoy,CC1(O)C[C@@]23CCC4c5ccoc5CC[C@@]4(C)C2CCC1C3,CHEMBL283392
DEC_2714,decoy,C=C(c1ccccc1OCC(O)CNC(C)(C)C)n1cnc2ccccc21,CHEMBL274014
DEC_0526,decoy,O=C1CCC(c2ccc(-n3cnnc3)cc2)=NN1,CHEMBL31032
DEC_1434,decoy,C=CCNC(=O)O[C@H]1[C@@H](O)[C@H](Oc2ccc3c(=O)c(C(=O)OCC)c(O)oc3c2C)OC(C)(C)[C@@H]1OC,CHEMBL297863
DEC_4220,decoy,CC[C@H]1Cc2cc3c(C(F)(F)F)cc(O)nc3cc2N[C@@H]1CC,CHEMBL6959
DEC_2625,decoy,CC1OC(/C=C/C2CC2)(C(F)(F)F)c2cc(Cl)ccc2NC1=O,CHEMBL31977
DEC_3031,decoy,Clc1cccc(-c2cc(O[C@@H]3CCNC3)cnc2Cl)c1,CHEMBL10171
DEC_1649,decoy,CCONC1=NC(=O)/C(=C/c2cc(C(C)(C)C)c(O)c(C(C)(C)C)c2)O1,CHEMBL280471
DEC_1181,decoy,CCC[C@H]1OC(=O)O[C@]1(Cn1cncn1)c1ccc(Cl)cc1Cl,CHEMBL275296
DEC_0290,decoy,OC1(C#Cc2ccc(Sc3ccc(Br)cc3)cc2)CN2CCC1CC2,CHEMBL25366
DEC_4500,decoy,NC1CCN(c2nc3c(cc2F)c(=O)c(C(=O)O)cn3C2CC2)C1,CHEMBL276583
DEC_1604,decoy,N#Cc1cc(-c2ccoc2)c2ccc(COc3cc(F)cc(C4(O)CC5COC(C4)O5)c3)cc2n1,CHEMBL22789
DEC_3999,decoy,CCn1cc(C(=O)O)c(=O)c2c(C)c(F)c(N3CC(C)NC(C)C3)cc21,CHEMBL16250
DEC_1758,decoy,[2H]c1c([2H])c([2H])c(NS(=O)(=O)c2ccc3c(c2)C(n2ccccc2=O)=CC(C)(C)O3)c([2H])c1[2H],CHEMBL275679
DEC_1289,decoy,CC(C)N(CCC1(c2ccccc2)C(=O)NC(C)N2CCCCC21)C(C)C,CHEMBL281089
DEC_4053,decoy,O=c1cnn(-c2ccc(S(=O)(=O)N3CCCCC3)cc2)c(=O)[nH]1,CHEMBL11520
DEC_0836,decoy,C=C1[C@@H](OC(C)=O)C[C@H](OC(C)=O)[C@]2(C)[C@@H]1C[C@@H]1C[C@H](OC(C)=O)C(C)=C([C@@H](OC(C)=O)[C@@H]2OC(C)=O)C1(C)C,CHEMBL311146
DEC_1750,decoy,CN(C)Cc1ccc(-c2nc(-c3ccc(F)cc3)c(-c3ccncc3)[nH]2)cc1,CHEMBL417087
DEC_1662,decoy,O=c1c2c(oc(O)c1C(c1cccc(NS(=O)(=O)c3cscn3)c1)C1CC1)CCCCCC2,CHEMBL278687
DEC_0781,decoy,CC(=O)O[C@H]1O[C@@H]2O[C@@H](OC(C)=O)[C@@H]3CC[C@H]([C@H]1CC/C=C(\C)CCC=C(C)C)[C@H]23,CHEMBL418341
DEC_3290,decoy,CC1CCNc2cc3oc(=O)cc(C(F)(F)F)c3cc21,CHEMBL415289
DEC_2159,decoy,CC(C)C(C)/N=c1\c(O)c(O)\c1=N/c1ccc(C#N)cc1,CHEMBL18639
DEC_2567,decoy,CC(C)(C)OC(=O)N[C@H](Cc1cc(I)c(O)c(I)c1)C(=O)O,CHEMBL310394
DEC_3427,decoy,CC(C)c1ccc2c(c1CCC(=O)O)CCC(NS(=O)(=O)c1ccc(Cl)cc1)C2,CHEMBL283705
DEC_3992,decoy,CO[C@H]1c2ccc(O)cc2OC[C@H]1N1CCC(O)(c2ccc(F)cc2)CC1,CHEMBL17933
DEC_2775,decoy,CCCCc1nn(CC(C)(C)C)c(C(=O)O)c1Cc1ccc(-c2ccccc2-c2nn[nH]n2)cc1,CHEMBL22122
DEC_3164,decoy,Cc1cc2c(cc1/N=C(\S)Nc1ccc(S(N)(=O)=O)cc1)C(C)(C)CC(C)(C)S2,CHEMBL6499
DEC_1663,decoy,N#Cc1cc(-c2ccoc2)c2ccc(CSc3cc(F)cc(C4(O)CC5COC(C4)O5)c3)cc2n1,CHEMBL280348
DEC_2380,decoy,CC(CS)C(=O)N(CC(=O)O)CC1CCCCC1,CHEMBL23502
DEC_1971,decoy,OCCC12NC(Cc3ccccc31)C1CCCCC12,CHEMBL9282
DEC_3190,decoy,Cc1cc(-c2c(F)cc3c(=O)c(Cc4cc(O)ccc4O)cn(C4CC4)c3c2F)cc(C)n1,CHEMBL269139
DEC_4114,decoy,O=C(O)CCc1c(CO)ccc2c1CCC(NS(=O)(=O)c1ccc(Cl)cc1)C2,CHEMBL29375
DEC_2074,decoy,C[C@@]1(c2ccc(Oc3ccccc3)cc2)OC(=O)N(Nc2ccccc2)C1=O,CHEMBL10118
DEC_4269,decoy,Cc1cc2ncn(-c3ccc(C4=NNC(=O)CC4)cc3)c2cc1C,CHEMBL31697
DEC_3741,decoy,Cc1ccc(-c2nc3cc4c(cc3[nH]2)C(C)(C)C(=O)N4)cn1,CHEMBL25949
DEC_3874,decoy,NCCc1c[nH]c(C(c2ccccc2)c2ccccc2)n1,CHEMBL11603
DEC_2817,decoy,COCCOC1(C(F)(F)F)OC(=O)Nc2ccc(Cl)cc21,CHEMBL275384
DEC_2147,decoy,CC(/N=c1\c(O)c(O)\c1=N/c1ccc(C#N)cc1)C(C)(C)C,CHEMBL19265
DEC_3606,decoy,O=C1NC(=O)C(CC#Cc2ccc(F)cc2)(S(=O)(=O)c2ccc(Br)cc2)S1,CHEMBL275072
DEC_2494,decoy,c1ccc(-c2nc(C3CCCCC3)[nH]c2-c2ccccc2)cc1,CHEMBL417493
DEC_2458,decoy,c1cc(OCc2ccc(-c3nn[nH]n3)cc2)cc(OCc2ccc3ccccc3n2)c1,CHEMBL418002
DEC_1027,decoy,O=C1c2ccccc2CCC1CN1CCN(CCOC(c2ccccc2)c2ccccc2)CC1,CHEMBL281669
DEC_0417,decoy,CC1(C)OC[C@@H](C/C=C\CCC(=O)O)[C@@H](c2cnccn2)O1,CHEMBL274942
DEC_0170,decoy,C[C@@H]1CCC2[C@@H](C)[C@@H](OC(CCC(=O)O)c3ccc(Br)cc3)O[C@@H]3OC4(C)CC[C@@H]1C23OO4,CHEMBL31210
DEC_0508,decoy,C/C=C(\NC(=O)C12CC3CC(CC(C3)C1)C2)C(=O)O,CHEMBL11917
DEC_2392,decoy,CC(C)C1CCC(NC(=O)N(CCF)N=O)CC1,CHEMBL12819
DEC_1220,decoy,CC(C)=CCC(OC(=O)Cc1c[nH]c2ccccc12)C1=CC(=O)c2c(O)ccc(O)c2C1=O,CHEMBL27749
DEC_0231,decoy,O=S(=O)(CS(=O)(=O)C(F)(F)F)c1ccc(F)c(Cl)c1,CHEMBL12627
DEC_0202,decoy,C[C@H](N)Cc1c2c(c(Br)c3c1OCC3)OCC2.Cl,CHEMBL263078
DEC_3869,decoy,N[C@H](/C=C\[C@@H]1C[C@H]1c1c[nH]cn1)CC1CCCCC1,CHEMBL19469
DEC_2818,decoy,CCc1cc(C#N)ccc1C/N=c1\c(O)c(O)\c1=N/[C@H](C)C(C)(C)C,CHEMBL19516
DEC_1909,decoy,N#Cc1c2n(c3c(NCCN4CCc5ccccc5C4)ncnc13)CCCC2,CHEMBL27841
DEC_3971,decoy,CC1CN(c2cc3c(cc2F)c(=O)c(C(=O)O)cn3C2CCC2)CCN1,CHEMBL274980
DEC_2711,decoy,CC/C=C/C(=O)O[C@H](CC=C(C)C)C1=CC(=O)c2c(O)ccc(O)c2C1=O,CHEMBL267275
DEC_4270,decoy,CSc1cc2n(c1C(=O)c1ccc(Cl)cc1)CCC2C(=O)O,CHEMBL443491
DEC_1546,decoy,O=C1NC(=O)C(CC#Cc2ccccc2Cl)(S(=O)(=O)c2ccccc2)S1,CHEMBL269417
DEC_4413,decoy,Nc1ccc(CCn2ncc3c2nc(N)n2nc(-c4ccco4)nc32)cc1,CHEMBL22316
DEC_0150,decoy,CC(C)(C)C(=O)Oc1cc(C(C)(C)C)ccc1C/N=C(\S)NCc1ccc(NS(C)(=O)=O)cc1,CHEMBL44057
DEC_0028,decoy,C[C@H]1[C@@H](N)CN1c1c(F)cc2c(=O)c(C(=O)O)cn(C3CC3)c2c1F,CHEMBL277699
DEC_2536,decoy,CC1(C)C2CCC1(CS(=O)(=O)N1CCC3(CCc4ccccc43)CC1)C(NC(=O)C1CCCCN1)C2,CHEMBL283730
DEC_4482,decoy,CCn1cc(C(=O)O)c(=O)c2cc([N+](=O)[O-])c(N3CCNCC3)cc21,CHEMBL29957
DEC_3948,decoy,CCCCCCc1nc2c([nH]1)N1CC(C)(C)N=C1N(C)C2=O,CHEMBL416541
DEC_2036,decoy,Cc1noc(NS(=O)(=O)c2cccc3c(N)cccc23)c1C,CHEMBL30039
DEC_2599,decoy,O=C(N[C@@H](CCC(=O)N1CCC2(CC1)CCN(c1ccncc1)CC2)C(=O)O)OCc1ccccc1,CHEMBL417836
DEC_2879,decoy,CC1(C)N=C(N)N=C(N)N1c1cccc(COc2cc(Cl)c(Cl)cc2Cl)c1,CHEMBL282044
DEC_0078,decoy,CN1CCN(c2cccc3ccc(OCCOc4ccc5[nH]cc(CCN)c5c4)cc23)CC1,CHEMBL31217
DEC_4414,decoy,CC(=O)Nc1c([N+](=O)[O-])cc2c(c1N1CCCC1)C[C@H](O)C(C)(C)O2,CHEMBL14741
DEC_3837,decoy,C[C@H](C(N)=O)N1CC[C@@]23CCCC[C@@H]2[C@@H]1Cc1ccc(OCc2cccc(F)c2)cc13,CHEMBL27790
DEC_1964,decoy,O=NN(CCCl)C(=O)NC1CCC(Cl)CC1,CHEMBL276848
DEC_1752,decoy,O=C(NCC1CCCCC1)c1cc(Br)cc(Br)c1O,CHEMBL417105
DEC_0347,decoy,CC[C@H]1Nc2cc3nc(O)cc(C(F)(F)F)c3cc2C[C@@H]1C,CHEMBL7455
DEC_2332,decoy,CCCOc1c(Cl)c(OC)nc(C(Cl)(Cl)Cl)c1Cl,CHEMBL276861
DEC_2003,decoy,O=S1NC(Cc2cc3cc(Cl)ccc3o2)=NO1,CHEMBL17488
DEC_1383,decoy,[O-][S+](c1nc(-c2ccc(F)cc2)c(-c2ccc(F)cc2)[nH]1)C(F)(F)F,CHEMBL18622
DEC_3087,decoy,c1ccc(C(c2ccc(-n3cccc3)cc2)n2ccnc2)cc1,CHEMBL282058
DEC_4004,decoy,CC(C)=CC[C@@H](OC(=O)C(C)C)C1=CC(=O)c2c(O)ccc(O)c2C1=O,CHEMBL9416
DEC_3846,decoy,COCN1CN(c2ccccc2)C2(CCN(C3CCc4cccc(Cl)c4C3)CC2)C1=O,CHEMBL283432
DEC_4549,decoy,O=C(NC(Cc1ccccc1)C(O)CN1CCCCCCCCCCCOC1=O)O[C@H]1CO[C@H]2OCC[C@H]21,CHEMBL300794
DEC_2955,decoy,CCc1nn(Cc2ccc(-c3ccccc3-c3nn[nH]n3)cc2)/c(=N/C(C)=O)s1,CHEMBL35475
DEC_4300,decoy,CN1CCN(C2=Nc3cc(Cl)ccc3N(C)c3ccccc32)CC1,CHEMBL266723
DEC_3433,decoy,CCCCc1nc(Cl)c(COC)n1Cc1ccc(C(=O)N2CCC[C@@H]2C(=O)O)cc1,CHEMBL282115
DEC_1625,decoy,O=C1CC(CN2CCC(Oc3ccccc3)CC2)CCc2ccccc21,CHEMBL9696
DEC_2939,decoy,O=C1NC(=O)C(CC#Cc2ccc(F)c(F)c2)(S(=O)(=O)c2ccc(F)cc2)S1,CHEMBL12173
DEC_0420,decoy,CCCCCCCc1nc2c([nH]1)N1C(=N[C@@H]3CCC[C@@H]31)N(C)C2=O,CHEMBL277317
DEC_0115,decoy,CC1(C)C2CC1[C@]1(C)OB([C@H](CCCN=C(N)N)NC(=O)c3ccc(-c4ccncc4)cc3)O[C@@H]1C2,CHEMBL40407
DEC_0987,decoy,CS(=O)(=O)c1c(Cl)cc(Cl)cc1C1NC(=O)NC1=O,CHEMBL277427
DEC_0614,decoy,CCC(CC)N(C=O)[C@H]1CCC2C3CC[C@H]4N(C)C(=O)CC[C@]4(C)C3CC[C@@]21C,CHEMBL16533
DEC_4257,decoy,c1ccc2c(CN3CCc4c([nH]c5ccccc45)C3)ccnc2c1,CHEMBL13275
DEC_1227,decoy,c1ccc(Cc2nn[nH]n2)c(COc2ccc(OCc3ccc4ccccc4n3)cc2)c1,CHEMBL18518
DEC_2312,decoy,N#Cc1ccc(Cn2ccnc2)cc1Oc1cccc(Oc2ccccc2)c1,CHEMBL282001
DEC_0875,decoy,CCNC(C)C1CCN(c2cc3c(c(N)c2F)c(=O)c(C(=O)O)cn3C2CC2)C1,CHEMBL15312
DEC_1368,decoy,C=C1/C(=C\C=C\[C@H]2CCC[C@H]([C@@H](C)CCCC(C)(C)O)C2(C)C)C[C@@H](O)C[C@@H]1O,CHEMBL284246
ACT_061,active,O=c1[nH]c2cc(C(F)(F)F)ccc2n1-c1cc(C(F)(F)F)ccc1O,CHEMBL384903
DEC_0440,decoy,c1ccc(-c2ccccc2-c2nnc(C3=NCCN3)s2)cc1,CHEMBL268707
DEC_3630,decoy,Nc1ncnnc1-c1cc(Cl)cc(Cl)c1Cl,CHEMBL29682
DEC_2608,decoy,CCc1nn(Cc2ccc(-c3ccccc3-c3nn[nH]n3)cc2)/c(=N/C(=O)c2ccccc2Cl)s1,CHEMBL287116
DEC_0351,decoy,CC(C)[C@@H]1NC(=O)c2csc(n2)[C@H](Cc2ccccc2)NC(=O)C2CSC(=N2)[C@@H](C)NC(=O)[C@H]2N=C1O[C@@H]2C,CHEMBL416756
DEC_0615,decoy,CN1CCC23c4c5ccc(O)c4OC2[C@H](O)[C@](CO)(CCCCCc2ccccc2)CC3C1C5,CHEMBL9425
DEC_3293,decoy,CN1CC=C(c2c[nH]c3ccc(-c4ccccn4)cc23)CC1,CHEMBL26900
DEC_4427,decoy,Cc1ccccc1C(=O)C(O)(Cn1cncn1)c1ccccc1C,CHEMBL10196
DEC_0433,decoy,CC(C)c1ccccc1C(c1ccns1)N1CCN(C)CC1,CHEMBL22437
DEC_3546,decoy,Cc1c(C)c2c(c(C)c1O)CCC(C)(CO)O2,CHEMBL284076
DEC_1036,decoy,CN(C)c1cccc2c(S(=O)(=O)Nc3ccc(I)cn3)cccc12,CHEMBL266684
ACT_012,active,COC(=O)c1ccc(COc2ccc3c(C)c(C)c(=O)oc3c2)o1,CHEMBL1376094
DEC_3731,decoy,CC1(O)CCCC[C@H]1N1CCC(c2ccccc2)CC1,CHEMBL21244
DEC_0505,decoy,C/C=C(\NC(=O)C1C(C=C(C)C)C1(C)C)C(=O)O,CHEMBL12166
DEC_3072,decoy,C=CCN(CC=C)C1c2ccccc2Oc2ccccc21,CHEMBL280695
DEC_3593,decoy,CCN1C(=O)c2c(nc(C#Cc3ccccc3)n2Cc2ccc(O)cc2)N2C1=N[C@@H]1CCC[C@@H]12,CHEMBL26396
DEC_0855,decoy,CCNCC1CCN(c2c(F)c(N)c3c(=O)c(C(=O)O)cn(C4CC4)c3c2Cl)C1,CHEMBL15598
DEC_0785,decoy,CC(C)[C@H](N)CN1C2CCC1CC(OC(c1ccc(F)cc1)c1ccc(F)cc1)C2,CHEMBL275802
DEC_4513,decoy,CC(=O)OCC(=O)[C@@]1(OC(=O)c2cccn2C)C(C)CC2C3CCC4=CC(=O)C=CC4(C)[C@@]3(Cl)C(Cl)CC21C,CHEMBL10889
DEC_4255,decoy,Fc1ccc(-c2c(-c3ccncc3)nc3n2CCS3)cc1,CHEMBL266707
DEC_2171,decoy,COc1cc2nc(N3CCN(/C(S)=N/C4CCCCC4)CC3)nc(N)c2cc1OC,CHEMBL6208
DEC_3035,decoy,CN(C)CCN(C)C(=O)C1=C/C(=C\c2cccnc2)c2ccccc21,CHEMBL21328
DEC_0182,decoy,CCCC(=O)O[C@]1(C(=O)COC(=O)C(C)C)CCC2C3C[C@H](F)C4=CC(=O)C=CC4(C)[C@@]3(F)C(O)CC21C,CHEMBL63709
DEC_0741,decoy,CC(=O)Nc1ccc2oc(C(=O)Nc3ccc4[nH]c(C(=O)N5CC6CC67C5=CC(=O)c5ccccc57)cc4c3)cc2c1,CHEMBL289214
DEC_2213,decoy,O=c1c2c(oc(O)c1C(c1cccc(NS(=O)(=O)c3ccc4ccccc4c3)c1)C1CC1)CCCCCC2,CHEMBL280104
DEC_3124,decoy,CC(C)Nc1cccnc1N1CCN(C(=O)c2cc3cc(OS(C)(=O)=O)ccc3[nH]2)CC1,CHEMBL37888
DEC_0416,decoy,O=C1N(CN2CCCCC2)c2ccccc2C12SCCS2,CHEMBL6389
DEC_0898,decoy,O=C(Nc1nc2cc(Cl)ccc2o1)c1cc(Br)cc(Br)c1O,CHEMBL21532
DEC_1267,decoy,CCCCc1nc(CCCC)n(Cc2ccc(-n3cccc3-c3nn[nH]n3)cc2)n1,CHEMBL12810
DEC_3123,decoy,CC(C)Nc1cccnc1N1CCN(C(=O)c2cc3ccc(OS(C)(=O)=O)cc3[nH]2)CC1,CHEMBL36776
DEC_0108,decoy,OC[C@@]1(CCc2ccccc2)CC2C3Cc4ccc(O)c5c4C2(CCN3CC2CCC2)C(O5)[C@@H]1O,CHEMBL9877
ACT_088,active,COc1ccccc1NC(=O)c1coc(=O)c(Br)c1,CHEMBL1304017
DEC_2346,decoy,Cc1ccccc1OC1CCN(CCC2CCCc3ccccc3C2=O)CC1,CHEMBL269400
DEC_4068,decoy,CC(C)CCC[C@@H](C)[C@H]1CC[C@H]2[C@@H]3CC=C4C[C@@](O)(C(=O)NCCN(C)C)CC[C@]4(C)[C@H]3CC[C@]12C,CHEMBL279189
DEC_2529,decoy,O=C(O)CC/C=C/c1c(Cc2cccnc2)ccc2c1CCC(NS(=O)(=O)c1ccc(Cl)cc1)C2,CHEMBL416947
DEC_3871,decoy,CCCN(CCC)[C@@H]1Cc2cccc3nc(O)n(c23)C1,CHEMBL26181
DEC_2615,decoy,O=C1Nc2ccc(F)c(F)c2C(C#Cc2ccsc2)(C(F)(F)F)O1,CHEMBL276066
DEC_4509,decoy,C/N=C(/NC#N)NC1c2cc(C#N)ccc2OC(C)(C)[C@H]1O,CHEMBL265621
DEC_4210,decoy,C=C(C)COOC1(OOC)CCCCCCCCCCC1,CHEMBL281102
DEC_0401,decoy,CCCCC[C@@H]1/C=C\C2[C@H](O)CC(=O)[C@@H]2C/C=C\CCCC(=O)O1,CHEMBL12584
DEC_0678,decoy,Cn1cncc1C(O)(C#Cc1ccc(C#N)cc1)c1ccc(C#N)c(-c2cccc3cccnc23)c1,CHEMBL24159
DEC_1031,decoy,CC(c1ccccc1)C(CSC(=O)C12CC3CC(CC(C3)C1)C2)C(=O)N[C@@H](C)C(=O)O,CHEMBL11351
DEC_1531,decoy,COc1ccc(CCN2CCN(c3ncnc4c(C#N)c5n(c34)CCCC5)CC2)cc1,CHEMBL26530
DEC_0149,decoy,CCc1nc2c([N+](=O)[O-])c(OC3CCN(C(C)=N)CC3)ccc2n1Cc1ccc2ccc(C(=N)N)cc2c1,CHEMBL25073
DEC_4203,decoy,Cc1cc(C)cc(-c2[nH]c3ccccc3c2CCNCCCCc2ccc(N)nc2)c1,CHEMBL11101
DEC_2542,decoy,CCCCc1nc2ccn(Cc3cccs3)c(=O)c2n1Cc1ccc(-c2ccccc2-c2nn[nH]n2)cc1,CHEMBL289507
DEC_3669,decoy,N[C@H](C(=O)N1CCSC1)C1CCCCC1,CHEMBL23223
DEC_1405,decoy,O=CNCc1ccc(-c2nc(-c3ccncc3)c(-c3ccc(F)cc3)[nH]2)cc1,CHEMBL17334
DEC_4246,decoy,CC(C)(C)c1cc(C(=O)CCC2CC2)cc2c1OCC2(C)C,CHEMBL14181
DEC_3711,decoy,C[C@@H]1C[C@H](C)c2cc3c(C(F)(F)F)cc(O)nc3cc2N1,CHEMBL268326
DEC_1386,decoy,N/C(=N/O)c1ccc(-c2nc(-c3ccc(F)cc3)c(-c3ccncc3)[nH]2)cc1,CHEMBL17346
DEC_0868,decoy,C/C=C/C=C/C(=O)O[C@H](CC=C(C)C)C1=CC(=O)c2c(O)ccc(O)c2C1=O,CHEMBL9148
DEC_1722,decoy,CCCC1OC(C#CC2CC2)(C(F)(F)F)c2cc(Cl)ccc2NC1=O,CHEMBL283630
DEC_1717,decoy,CC(C)(C)C1CSC(c2cc([N+](=O)[O-])cc(Br)c2O)SC1,CHEMBL285631
DEC_0790,decoy,CCCCCCCCOc1ccc2c3c1OC1C(O)C=CC4C(C2)N(C)CCC341,CHEMBL282862
DEC_3933,decoy,CCC(C)(C)/N=c1\c(O)c(O)\c1=N/Cc1cc(F)cc(F)c1,CHEMBL19879
DEC_3334,decoy,CC[C@H](C)[C@H](S)C(=O)N[C@@H](C)C(=O)N1c2ccccc2CC1C(=O)O,CHEMBL20574
DEC_0035,decoy,CC1CN(c2c(F)c(N)c3c(=O)c(C(=O)O)cn(C4CC4)c3c2F)CCN1,CHEMBL15707
DEC_3866,decoy,CCCCCCCCn1cnc2c1NC=NCC2O,CHEMBL290949
DEC_4336,decoy,Clc1ccc(N2CCN(Cc3cnn4c3ccc3ccccc34)CC2)cc1,CHEMBL269576
DEC_2422,decoy,COc1c(C)c(C)c(O)c(C)c1CN(C)CCOc1cc(C)c(O)cc1C(C)C,CHEMBL25300
DEC_1905,decoy,CC1(C)Oc2ccc(C#N)cc2[C@H](N(Cc2ncco2)c2ccccc2)[C@H]1O,CHEMBL268271
DEC_0306,decoy,CC1(C)OC(S)=Nc2ccc(-c3csc(C#N)c3)cc21,CHEMBL282650
DEC_2583,decoy,O=C(Nc1cccnc1)c1c2n(c3c(N4CCN(CCc5ccc(F)c(F)c5)CC4)ncnc13)CCCC2,CHEMBL280981
DEC_3494,decoy,N#CN1CCc2ccc3sc4ccccc4c3c2C1,CHEMBL13242
DEC_3426,decoy,O=S(=O)(c1ccccc1)N1Cc2ccccc2N(Cc2c[nH]cn2)C(CCc2ccccc2)C1,CHEMBL269778
DEC_2877,decoy,O=C(OC1CN2CCC1CC2)C(O)(c1ccccc1)c1ccccc1Br,CHEMBL12897
DEC_2941,decoy,CCc1c2c(nc3ccc(O)cc13)-c1cc3c(c(=O)n1C2)COC(=O)C3(O)CC,CHEMBL10206
DEC_2306,decoy,CCCCCc1nc2c(n1Cc1ccc(-n3cccc3-c3nn[nH]n3)cc1)/C(=C/C(=O)O)CCCC2,CHEMBL42984
DEC_4496,decoy,CNn1cc(C(=O)O)c(=O)c2cc(F)c(N3CCNCC3)cc21,CHEMBL416889
DEC_2113,decoy,c1ccc2c(C3=NCC4(CN5CCC4CC5)O3)csc2c1,CHEMBL274378
DEC_2753,decoy,CC(C)(C)C(=O)Oc1ccc(C(O)c2ccc(OC(=O)C(C)(C)C)cc2)cc1,CHEMBL10529
DEC_2944,decoy,Cc1ccc(S(=O)(=O)C2(CC#Cc3ccc(F)cc3)SC(=O)NC2=O)cc1,CHEMBL12054
DEC_2647,decoy,O=C1NC(=O)c2c1c1c3ccncc3ccc1c1[nH]c3ccccc3c21,CHEMBL280949
DEC_1420,decoy,C=CCN(Cc1ccc2nc(C)nc(O)c2c1)c1cnc(C(=O)N[C@H](CCC(=O)O)C(=O)O)s1,CHEMBL41927
DEC_3819,decoy,CC(C)Oc1ccccc1N1CCN(Cc2ccc(CN3CCCCC3=O)n2C)CC1,CHEMBL428175
DEC_1492,decoy,NCCO.O=C(O)c1cc(=O)c2c(o1)-c1cc(Cl)ccc1SC2,CHEMBL28934
DEC_0456,decoy,CN(C)Cc1cccc(CSCCNc2n[s+]([O-])nc2N)c1,CHEMBL275476
DEC_2102,decoy,CC(=O)SCC(C(=O)NCC(=O)OCc1ccccc1)C(C)c1ccccc1,CHEMBL11273
DEC_3495,decoy,CNC[C@H]1COC(c2ccccc2)(c2ccccc2)O1,CHEMBL26724
DEC_0299,decoy,Brc1cccc(Br)c1N(CC1CCCC1)C1=NCCN1,CHEMBL277652
DEC_0376,decoy,CCC(=O)OCC(=O)[C@@]1(OC(=O)CC)[C@@H](C)C[C@H]2C3CCC4=CC(=O)C=C[C@]4(C)[C@@]3(Br)[C@@H](O)[C@@H](O)[C@@]21C,CHEMBL416303
DEC_1918,decoy,CN([C@@H]1CCN2CCc3ccccc3[C@@H]2C1)S(C)(=O)=O,CHEMBL442104
DEC_1147,decoy,COc1cc2nc(N3CCN(/C(S)=N/c4ccc(N=[N+]=[N-])cc4)CC3)nc(N)c2cc1OC,CHEMBL6313
DEC_0053,decoy,Cl.O=C(C1CCCN1)N1CCCC1P(=O)(OCC(F)(F)F)OCC(F)(F)F,CHEMBL276884
DEC_0086,decoy,CCCc1cc2c(ncn2C)c(=O)n1Cc1ccc(-c2ccccc2-c2nn[nH]n2)cc1,CHEMBL28163
DEC_0473,decoy,CCOc1ccc(NS(=O)(=O)c2cccc3c(N(C)C)cccc23)nn1,CHEMBL269237
DEC_0378,decoy,CC[C@H]1OC(=O)/C(C)=C/[C@H](C)[C@@H](O[C@@H]2O[C@H](C)C[C@H](N(C)C)[C@H]2O)[C@@](C)(OC)C[C@@H](C)C(=O)[C@H](C)[C@H]2NC(=O)O[C@@]21C,CHEMBL297609
DEC_3598,decoy,Cc1ccc2c(c1)CC=C(c1ccccc1)C(N1CCN(CCO)CC1)=N2.O=C(O)/C=C/C(=O)O,CHEMBL16953
DEC_2560,decoy,CC(C)C1=CC2CC3(C=O)[C@@H]4CC[C@@H](C)[C@H]4CC2(CO[C@H]2CN(S(=O)(=O)C4CC4)[C@H](C)CO2)[C@]13C(=O)O,CHEMBL33928
DEC_3484,decoy,CC1(c2ccccc2)OC(/C=C/c2ccccn2)=CC1=O,CHEMBL17758
DEC_2772,decoy,Cc1c(S(=O)(=O)N[C@H]2CCN(Cc3cc4[nH]cccc-4n3)C2=O)sc2ccc(Cl)cc12,CHEMBL8206
DEC_1802,decoy,O=C(CN1CCCCC1)Nc1cc(CN2CCN(Cc3ccc4c(c3)OCO4)CC2)cc(Nc2ccnc3cc(Cl)ccc23)c1,CHEMBL329809
DEC_2503,decoy,O=C1/C(=C\c2ccncc2)C(c2ccccc2)c2ccccc21,CHEMBL9179
DEC_0159,decoy,CC(C)C1=CC2CC3(C=O)[C@@H]4CC[C@@H](C)[C@H]4CC2(CO[C@H]2CN(C/C=C\Br)[C@H](C)CO2)[C@]13C(=O)O,CHEMBL34515
DEC_3904,decoy,CCCCCCCC1(C2=NCCN2)COc2ccccc2O1,CHEMBL10229
DEC_0807,decoy,CNCc1ccccc1Sc1ccc(I)cc1CO,CHEMBL429065
DEC_2399,decoy,O=C1CCC(c2ccc(-n3ccnc3)cc2)=NN1,CHEMBL12831
DEC_1244,decoy,Cc1ccc(Oc2nccc(-c3c(-c4ccc(F)cc4)ncn3C3CCNCC3)n2)cc1C,CHEMBL13880
DEC_2200,decoy,CCN(C)c1cccc2c(S(=O)(=O)Nc3ncc(Br)nc3OC)cccc12,CHEMBL6785
DEC_2438,decoy,Cc1nn(C)c(NC(=O)CN(C)CCCN2CCCCC2C)c1C(=O)c1ccccc1F,CHEMBL43547
DEC_0003,decoy,CC1C(N)CN1c1c(F)c(N)c2c(=O)c(C(=O)O)cn(C3CC3)c2c1F,CHEMBL278310
DEC_1832,decoy,C(=C/C1CCCN(C2CCCCC2)C1)\c1ccccc1,CHEMBL291228
DEC_0858,decoy,O=C(O)c1cn(C2CC2)c2c(F)c(N3CCC(=NO)CC3)c(F)cc2c1=O,CHEMBL29051
DEC_4014,decoy,CC1=C(C(=O)OC(C)(C)C)N2C(=O)[C@H](Cl)[C@H]2S(=O)(=O)C1,CHEMBL266087
DEC_4354,decoy,N#Cc1c2n(c3c(SCc4ccc(Cl)cc4)ncnc13)CCCCC2,CHEMBL281938
DEC_1422,decoy,Cc1nc(O)c2cc(CN(CCF)c3cnc(C(=O)N[C@H](CCC(=O)O)C(=O)O)s3)ccc2n1,CHEMBL290469
DEC_2516,decoy,CC(C)C(c1cccc(NS(=O)(=O)c2ccc(C#N)cc2)c1)c1c(O)c2c(oc1=O)CCCCCC2,CHEMBL275419
DEC_1461,decoy,CC(C)(C)c1cc(/C=C2\SC(N=C(N)N)=NC2=O)cc(C(C)(C)C)c1O,CHEMBL16434
DEC_2295,decoy,O=C1[C@@H](NS(=O)(=O)c2ccc(-c3ccc(Cl)s3)s2)CCN1Cc1cc2[nH]cccc-2n1,CHEMBL266533
DEC_0974,decoy,CO[C@H]1O[C@]2(C)OO[C@]13[C@H](CCO)CCC[C@@H]3CC2(C)C,CHEMBL280150
DEC_3964,decoy,CC1CN(c2cc3c(cc2F)c(=O)c(C(=O)O)cn3C2CC2)CC(C)N1,CHEMBL15322
DEC_4273,decoy,Cc1ccc(-c2nnc(O)c(C#N)c2-c2ccc(C)cc2)cc1,CHEMBL31509
DEC_2656,decoy,CC1CC(Cc2ccc(F)cc2)CCN1CC#Cc1ccc2[nH]c(O)nc2c1,CHEMBL416000
DEC_1410,decoy,CCCC(=O)O[C@@H]1[C@@H](C)[C@@]2(O)[C@@H](C=C(CO)C[C@]3(O)C(=O)C(C)=C[C@@H]23)[C@@H]2C(C)(C)[C@]12OC(=O)CCC,CHEMBL27768
DEC_4537,decoy,O=C(NO)C1CN(C(=O)c2ccccc2)c2ccccc2CN1S(=O)(=O)c1ccc(Oc2ccc(Cl)cc2)cc1,CHEMBL330588
DEC_0407,decoy,Cc1ccc(C(c2sncc2C)N2CCN(C)CC2)cc1C,CHEMBL21750
DEC_2098,decoy,CCc1nc2c(C)cc(C)nc2n1Cc1ccc(-c2ccccc2-c2nn[nH]n2)cc1,CHEMBL7550
DEC_3679,decoy,COC(=O)C(C(C)=O)=C1SCCCS1,CHEMBL286550
DEC_3857,decoy,CC#CC(=O)Nc1cnc2ncc(C#N)c(Nc3cccc(Br)c3)c2c1,CHEMBL31745
DEC_1517,decoy,CO[C@]1(c2cnc(S(=O)(=O)c3ccc(/C(C)=N/O)cc3)s2)CCO[C@@H](C)C1,CHEMBL26882
DEC_3730,decoy,O=c1cc(C(F)(F)F)c2cc3c(cc2o1)NCCC3,CHEMBL268098
DEC_3272,decoy,c1ccc(NNC2c3ccccc3Oc3ccccc32)cc1,CHEMBL20375
DEC_3446,decoy,O=C1NCCN1CCN1CCC(c2cn(-c3ccc(F)cc3)c3ccc(Cl)cc23)CC1,CHEMBL12713
DEC_4182,decoy,Oc1cc(NC[C@@H]2CCC[C@H]2NCc2ccc(Cl)c(Cl)c2)nc2ccccc12,CHEMBL22729
DEC_3528,decoy,Cc1cc2nc(O)c(O)nc2c([N+](=O)[O-])c1C,CHEMBL41460
DEC_1528,decoy,COc1c(F)cc(-c2cc(C(F)F)nn2-c2ccc(S(N)(=O)=O)cc2)cc1F,CHEMBL29456
DEC_4025,decoy,CCNc1cccnc1N1CCN(C(=O)c2cnccn2)CC1,CHEMBL7014
DEC_2867,decoy,CCNCC1CCN(c2c(F)cc3c(=O)c(C(=O)O)cn(C4CCCCC4)c3c2F)C1,CHEMBL267628
DEC_2671,decoy,O/N=C/c1ccc(Sc2cc(F)cc(C3CCOCC3)c2)cc1,CHEMBL279716
DEC_3728,decoy,CCCC(=O)Nc1c2c(nc3oc(C)nc13)CCCC2,CHEMBL38364
DEC_2990,decoy,CN1CC(C2=NCCN2)Oc2cc3c(cc21)CCCC3,CHEMBL267074
DEC_0477,decoy,Cc1cc(-c2noc(C3CC3)n2)cc(C)c1OCCCc1cc(CO)no1,CHEMBL29074
DEC_0209,decoy,CC(C)(C)C12COC(C3=CC(=O)C(Br)=CC3=[N+]=[N-])(OC1)OC2,CHEMBL32348
DEC_1819,decoy,c1ccc2sc(C3(N4CCCCC4)CCCC3)cc2c1,CHEMBL273326
DEC_0372,decoy,CO[C@@H]1[C@@H](OC(=O)c2ccc(C)[nH]2)[C@@H](O)[C@H](Oc2ccc3c(N4CCN(C)CC4)c(Cl)c(=O)oc3c2C)OC1(C)C,CHEMBL36422
DEC_3195,decoy,COc1cccc(-c2cc(Cl)ccc2C#CC(O)(c2ccc(C#N)cc2)c2cncn2C)c1,CHEMBL26068
DEC_1288,decoy,CC(C)N(CC[C@]1(c2ccccc2)C(=O)N[C@@H](C)N2CCCC[C@@H]21)C(C)C,CHEMBL282088
DEC_2958,decoy,C[C@@H](/N=c1\c(O)c(O)\c1=N/c1ccc(C#N)cc1C(=O)c1ccccc1)C(C)(C)C,CHEMBL275166
DEC_3271,decoy,O=C1c2scc(-c3ccc(O)cc3)c2-n2cccc21,CHEMBL36356
DEC_3204,decoy,COC(=O)c1c(C)nc(O)c2c1ccc1nc(Nc3c(Cl)cccc3Cl)n(C)c12,CHEMBL26409
DEC_4411,decoy,CCn1cc(C(=O)O)c(=O)c2cc(F)c(N3CC(C)NC(C)C3)c(F)c21,CHEMBL15973
DEC_0953,decoy,COc1cc2c(cc1OC)[C@@H](c1cc(OC)c(O)c(OC)c1)[C@H]1C(=O)OC[C@@H]1C2Nc1ccc([N+](=O)[O-])cc1,CHEMBL73859
DEC_0574,decoy,Fc1ccc(C2COC(Cn3ccnc3)(c3ccc(Cl)cc3)O2)cc1,CHEMBL283190
DEC_1017,decoy,Oc1ccc2c3c1OC1[C@H]4OC[C@@]4(CCc4ccccc4)CC4C(C2)N(CC2CC2)CCC341,CHEMBL9905
DEC_1956,decoy,COc1c(Cl)nc(N2CCN(C)CC2)nc1NC1CCCC1,CHEMBL283076
DEC_3827,decoy,CN([C@@H]1CCN2CCc3ccccc3[C@@H]2C1)S(=O)(=O)c1cccc2ccccc12,CHEMBL30651
DEC_1399,decoy,CCONC1=NC(=O)/C(=C/c2cc(C(C)(C)C)c(O)c(C(C)(C)C)c2)S1,CHEMBL16272
DEC_2110,decoy,CC(C)(C)C12COC(C3=CC(=O)C=CC3=[N+]=[N-])(OC1)OC2,CHEMBL431294
DEC_3122,decoy,C1=C(c2ccccc2)C(N2CCNCC2)=Nc2ccccc2C1.O=C(O)/C=C/C(=O)O,CHEMBL16703
DEC_0442,decoy,Cc1noc(C)c1C(c1ccccc1Cl)N1CCN(C)CC1,CHEMBL22447
DEC_0723,decoy,CC(=O)[C@H]1O[C@@H](Oc2ccc(/C=C(/C)C(=O)N[C@H]3[C@@H](O)[C@@H]4OCO[C@@H]4[C@H](O)[C@@H]3O)cc2O)[C@@H](O)[C@@H]1O,CHEMBL7611
DEC_0620,decoy,CCOP(=O)(OCC)OC1Cc2c(cccc2N(C)CC#CC#CC(C)(C)C)NC1=O,CHEMBL32125
DEC_3515,decoy,O=NN(CCCl)C(=O)NC1C=CCCC1,CHEMBL274127
DEC_2962,decoy,Brc1cccc2c3c([nH]c12)C=NCC3,CHEMBL6746
DEC_4490,decoy,CCn1cc(C(=O)O)c(=O)c2c(N)c(F)c(N3CCNCC3)cc21,CHEMBL15393
DEC_4101,decoy,CCCCCN(CCCCC)S(=O)(=O)NC(=O)Oc1c(C(C)(C)C)cc(C)cc1C(C)(C)C,CHEMBL21535
DEC_0270,decoy,Fc1ccc(C2COC(Cn3ccnc3)(c3ccc(Br)cc3)O2)cc1,CHEMBL432457
DEC_0439,decoy,CC1(C)OC[C@@H](C/C=C\CCC(=O)O)[C@@H](c2cccnc2)O1,CHEMBL17912
DEC_2900,decoy,OC(Cn1cncn1)(c1ccc(F)cc1)C(O)(c1ccccc1)c1ccc(F)cc1,CHEMBL10544
DEC_1395,decoy,Cc1c(CO)nc(O)c2c1ccc1nc(Nc3c(Cl)cccc3Cl)n(C)c12,CHEMBL27302
DEC_2274,decoy,CC(C)C1=CC2CC3(C=O)[C@@H]4CC[C@@H](C)[C@H]4CC2(CO[C@H]2CN(C/C=C\Cl)[C@H](C)CO2)[C@]13C(=O)O,CHEMBL34686
DEC_0037,decoy,O=C(O)c1cn(C2CC2)c2c(F)c(N3CCNCC3)c(F)c(O)c2c1=O,CHEMBL15803
DEC_4538,decoy,CCC1(O)C(=O)OCc2c1cc1n(c2=O)Cc2c-1nc1ccccc1c2CCN(C)C(=O)OCc1ccccc1,CHEMBL10510
DEC_3131,decoy,CN(C)C/C=C/C(=O)Nc1cc2c(Nc3cccc(Br)c3)c(C#N)cnc2cn1,CHEMBL31276
DEC_1166,decoy,C/C=C/CN(C1=NCCN1)c1c(Br)cccc1Br,CHEMBL20588
DEC_0062,decoy,CN1CCN(CCCN2N=C3/C(=C/c4ccccc4)COCC3C2c2ccccc2)CC1,CHEMBL287223
DEC_2548,decoy,O=C1NCN(c2ccccc2F)C12CCN(CCCN(c1ccc(F)cc1)c1ccc(F)cc1)CC2,CHEMBL300309
DEC_2471,decoy,C[C@@]12CCc3occc3C1CC[C@]13CC(=O)C(CCC12)C3,CHEMBL31659
DEC_0298,decoy,Brc1cccc(Br)c1N(CC1CC1)C1=NCCCN1,CHEMBL20013
DEC_4283,decoy,CC(=O)c1c(C2=NCC3(CN4CCC3CC4)O2)c2ccccc2n1C,CHEMBL7615
DEC_0461,decoy,Cc1cc(C)cc(Sc2c(C)c(=O)[nH]c(=S)n2COCCO)c1,CHEMBL279409
DEC_2689,decoy,O=C1Nc2ccc(Cl)cc2C(OCC2CC2)(C(F)(F)F)O1,CHEMBL17902
DEC_2601,decoy,CC(=O)OCC(=O)[C@@]1(OC(=O)c2ccco2)[C@H](C)CC2C3C[C@H](F)C4=CC(=O)C=CC4(C)C3C(O)CC21C,CHEMBL41846
DEC_3044,decoy,O=C(O)C1=Cc2cc(C(c3ccccc3)n3ccnc3)sc2CC1,CHEMBL23168
DEC_2853,decoy,Cc1cc(C)c(NN=C2CCC(C)n3c2ncc(C(=O)O)c3=O)cc1C,CHEMBL441764
DEC_2995,decoy,CC(C)N1CCN(c2cccc3ccoc23)CC1,CHEMBL26819
DEC_2677,decoy,CCCCC[C@@H]1/C=C\C2C=CC(=O)[C@@H]2C/C=C\CCCC(=O)O1,CHEMBL275047
DEC_0927,decoy,Cc1noc(NS(=O)(=O)c2ccccc2-c2ccc(-c3ncco3)cc2CNc2ccncn2)c1C,CHEMBL29464
DEC_3715,decoy,CC1c2cc3c(C(F)(F)F)cc(O)nc3cc2NC[C@H]1C,CHEMBL282204
DEC_0679,decoy,Cn1cncc1C(O)(C#Cc1ccc(Cl)cc1-c1cccc(Cl)c1)c1ccc(C#N)cc1,CHEMBL277646
DEC_2508,decoy,CN(C)CCC=C1c2ccccc2C=Cc2ccccc21,CHEMBL669
DEC_0798,decoy,O=C(O)CC/C=C\C[C@@H]1[C@@H](CNS(=O)(=O)c2ccc(Cl)cc2)CC[C@@H]1F,CHEMBL428677
DEC_1344,decoy,CNc1nc(N2CCN(C)CC2)nc(Cl)c1SC,CHEMBL27962
DEC_3185,decoy,Cn1c2c(c3ccccc31)C(C)(c1cccc(CC(=O)O)c1)c1cc(C(=O)O)sc1C2=O,CHEMBL278707
DEC_2387,decoy,CC(C)(C)NCC(O)COC(=O)C1CCCC1,CHEMBL7312
DEC_0843,decoy,CN1CCC23c4c5ccc(O)c4OC2[C@H](O)[C@](CO)(CCc2ccccc2)CC3C1C5,CHEMBL9636
DEC_3173,decoy,O=c1oc(Nc2ccccc2I)nc2cc(C3CCCCC3)ccc12,CHEMBL10380
DEC_3727,decoy,c1c[nH]c2nc(-c3ccccc3OCC3CC3)nc-2c1,CHEMBL28835
DEC_1073,decoy,CC1(NC(=O)N(CCCl)N=O)CCCC1,CHEMBL267308
DEC_1935,decoy,COc1ccc2c3c1OC1C(=O)[C@@H]4C[C@@H]4C4C(C2)N(C)CCC314,CHEMBL13727
DEC_2953,decoy,COc1c(O)cc2c(c1OC)-c1ccc(SC)c(=O)cc1[C@@H](NC(C)=O)CC2,CHEMBL277998
DEC_3732,decoy,CN1CCC(NC2c3ccccc3Oc3ccccc32)CC1,CHEMBL20170
DEC_4113,decoy,CC(c1ccccc1)[C@H](S)C(=O)N[C@H](C(=O)N1CCCC[C@H]1C(=O)O)C(C)C,CHEMBL283315
DEC_3454,decoy,O=C1N(CC2CC2)[C@H]([C@@H](O)Cc2ccccc2)[C@@H](O)[C@@H](Cc2ccccc2)N1CC1CC1,CHEMBL290809
DEC_3088,decoy,OC1CCCCC1N1CCC(c2ccccc2)CC1,CHEMBL20943
DEC_2710,decoy,CCCCC[C@]1(C)/C=C\C2[C@H](O)C[C@H](O)[C@@H]2C/C=C\CCCC(=O)O1,CHEMBL12015
DEC_4238,decoy,CCOc1ccccc1OC(c1ccccc1)C1CNCCO1,CHEMBL14370
ACT_034,active,CC(=O)CSc1nnc(-c2ccc3c(c2)OCO3)o1,CHEMBL1330033
DEC_1025,decoy,C/N=C(/S)[C@@]1(c2cccnc2)CCCC[C@@H]1CCNS(=O)(=O)c1ccc(F)c(F)c1,CHEMBL417515
DEC_1522,decoy,CC1(COc2ccc(S(=O)(=O)C3SC(=O)NC3=O)cc2)CCCCC1,CHEMBL30652
DEC_2597,decoy,CC(=O)OCC(=O)[C@@]1(OC(=O)c2ccco2)[C@H](C)CC2C3CCC4=CC(=O)C=CC4(C)[C@@]3(F)C(O)CC21C,CHEMBL290547
DEC_3300,decoy,CSc1ccc2[nH]cc(C3=CCN(C)CC3)c2c1,CHEMBL287576
ACT_090,active,COC(=O)c1cc(C)nc2c1C(=O)C(=O)C=C2N1CCOCC1,CHEMBL1432707
DEC_1110,decoy,O=C(O)CCC(=O)N1CCC2(CCC(C(=O)N3CCC(C4CCNCC4)CC3)CC2)CC1,CHEMBL24638
DEC_4190,decoy,CC(=N)N1CC[C@H](Oc2ccc(C(Cc3ccc4ccc(C(=N)N)cc4c3)C(=O)O)cc2)C1,CHEMBL19660
DEC_1112,decoy,NC1CCC(CNC(=O)[C@@H]2CCCN2C(=O)[C@@H](N)C(C2CCCCC2)C2CCCCC2)CC1,CHEMBL40145
DEC_2255,decoy,CCCCc1oc2ccccc2c1C(O)c1ccc(-c2cc(Br)c(O)c(Br)c2)cc1,CHEMBL280969
DEC_1371,decoy,CS/C(=N\O)c1ccc(Sc2cc(F)cc(C3CCOCC3)c2)cc1,CHEMBL282213
DEC_3466,decoy,CC[C@]1(c2ccc(O)cc2)OC[C@H]([C@@H]2CCCCN2)O1,CHEMBL27595
DEC_1463,decoy,Cc1cc(Br)cc(C)c1C/N=c1\c(O)c(O)\c1=N/C(C)(C)C,CHEMBL19398
DEC_0872,decoy,Oc1nc2ccc(C#CCN3CCC(O)(Cc4ccc(F)cc4)CC3)cc2s1,CHEMBL19342
DEC_0337,decoy,c1ccc2c(c1)Oc1ccccc1C2NC1CN2CCC1CC2,CHEMBL277226
DEC_1880,decoy,CC1CN(c2cc3c(cc2F)c(=O)c(C(=O)O)cn3C2CCC2)CC(C)N1,CHEMBL14866
DEC_4511,decoy,CO[C@@H]1C(=O)N([C@@H](C2SCCCS2)C2OC(C)(C)OC2C2COC(C)(C)O2)[C@@H]1/C(C)=C/c1ccccc1,CHEMBL314222
DEC_0716,decoy,NC[C@H]1O[C@@H](O[C@@H](CNC(=O)c2ccccc2)[C@@H]2C[C@@H](O)[C@H](n3ccc(=O)[nH]c3=O)O2)[C@H](O)[C@@H]1O,CHEMBL19326
DEC_1138,decoy,CC12CCC(OC=O)CC1CCC1C2CCC2(C)[C@@H](C3=CC(=O)OC3)C(OC=O)CC12O,CHEMBL451551
DEC_4359,decoy,CN1Cc2c(C(=O)OC(C)(C)C)ncn2-c2ccc(N=[N+]=[N-])cc2C1=O,CHEMBL6421
DEC_0925,decoy,CC1=C(C#N)C(c2ccccc2C(F)(F)F)/C(=C(\O)OCC(O)CO)C(CS(=O)(=O)c2ccccc2)=N1,CHEMBL72871
DEC_2728,decoy,CSc1sc(C(=N)N)cc1-c1nc(-c2cccc(C)c2)cs1,CHEMBL286498
DEC_1638,decoy,OC(c1ccc(Cl)cc1)C(O)(Cn1ccnc1)c1ccc(Cl)cc1,CHEMBL267810
DEC_2518,decoy,O=c1c2c(oc(O)c1C(c1cccc(NS(=O)(=O)c3ccccc3F)c1)C1CC1)CCCCCC2,CHEMBL280014
DEC_1126,decoy,CC(C)OC(=O)N1Cc2ccccc2C[C@H]1C(=O)N[C@H](C(=O)c1nnc(C(C)(C)C)o1)C(C)C,CHEMBL26223
DEC_2307,decoy,Cn1cncc1CN[C@H](Cc1ccc(C#N)cc1)C(=O)N1CCC(C#N)=C(c2cccc3ccccc23)C1,CHEMBL29748
DEC_1316,decoy,COCON1C(=O)C(CC(C)C)=N/C(=C\C(C)C)C1=O,CHEMBL16393
DEC_1710,decoy,C[C@@H]1CC2C3CCC4=CC(=O)C=CC4(C)[C@@]3(Cl)C(Cl)CC2(C)C1C(=O)CO,CHEMBL16418
DEC_0203,decoy,C=CCN(C1=NCCN1)c1c(Br)cccc1Br,CHEMBL20176
DEC_0548,decoy,Cc1cn(C2C=CC(CNC(=O)CC3(C)CC(O)CN3)O2)c(=O)[nH]c1=O,CHEMBL20371
DEC_2139,decoy,C[C@@H]1[C@@H](N)CN1c1cc2c(cc1F)c(=O)c(C(=O)O)cn2C1CC1,CHEMBL19760
DEC_2676,decoy,CN(C)CCC(c1ccc(Cl)cc1)c1ccc(Cl)cn1,CHEMBL279907
DEC_1079,decoy,c1ccc2c(c1)CCC1C2N=C2SCCN21,CHEMBL29337
DEC_4545,decoy,CCCC(=O)O.CCN1[C@H](C)CN(C(=O)N2Cc3c(C(=O)OC(C)(C)C)ncn3-c3ccc(Cl)cc32)C[C@@H]1C,CHEMBL274465
DEC_3196,decoy,C[C@]1(c2ccc(F)cc2)O[C@@H]2CC3C4CCC5=CC(=O)CC[C@@H]5C4CC[C@]3(C)[C@]2(C(=O)CO)O1,CHEMBL413313
ACT_039,active,O=[N+]([O-])c1ccc(S(=O)(=O)N2CCN=C2SCc2ccc(F)cc2)cc1,CHEMBL1346332
DEC_2632,decoy,CC(C)C1OC(C#CC2CC2)(C(F)(F)F)c2cc(Cl)ccc2NC1=O,CHEMBL32038
DEC_4030,decoy,COc1ccc2c3c1O[C@H]1C(=O)CC[C@@]4(O)[C@@H](C2)N(C)CC[C@]314,CHEMBL656
DEC_1783,decoy,COC(=O)c1[nH]c2c(O)cc3c(c2c1C(=O)OC)C(CCl)CN3C(=O)c1cc2cc(NC(=O)c3cc4ccccc4o3)ccc2[nH]1,CHEMBL351949
DEC_0941,decoy,CCOC(=O)N[C@@H](c1cccnc1)[C@@H](O)C(=O)OC1CC2C(C)(C)C1(C)[C@@]13C[C@H](C)c4ccccc4[C@@]21O3,CHEMBL283414
DEC_3772,decoy,CS(=O)(=O)NCCN([C@@H]1CCN2CCc3ccccc3[C@@H]2C1)S(=O)(=O)c1ccc(Cl)cc1,CHEMBL51011
DEC_1789,decoy,CCCC(N)C(=O)O[C@H]1CC2[C@](C)(CC[C@@H]3OC(C)(C)OC[C@@]23C)C2[C@@H](O)c3c(cc(-c4cccnc4)oc3=O)O[C@@]21C,CHEMBL88907
DEC_0852,decoy,C=C1/C=C(\C)[C@H](CC)OC(=O)[C@@H](C)C(=O)[C@@](O)(CO)C/C(OC)=C/[C@@H](C)C1,CHEMBL431117
DEC_0487,decoy,OC(COc1ccccc1)CN1CCC(Oc2ccccc2)CC1,CHEMBL32402
DEC_2289,decoy,O=C(Oc1ccccc1)C1CC2(CO)C(=O)N(CCCCc3ccccc3)CC(=O)N2C1c1ccco1,CHEMBL14000
DEC_1939,decoy,CN1CC=C(c2c[nH]c3ccc(C4COCCO4)cc23)CC1,CHEMBL283936
DEC_0887,decoy,CCOc1c(N2CCCC(N)C2)c(F)cc2c(=O)c(C(=O)O)cn(C3CC3)c12,CHEMBL15170
DEC_2699,decoy,CC(C)=CCOC1(C(F)(F)F)OC(=O)Nc2ccc(F)cc21,CHEMBL280315
DEC_2439,decoy,CC(=O)SCC(C(=O)N[C@@H](C)C(=O)OCc1ccccc1)C(C)c1ccccc1,CHEMBL11459
DEC_1467,decoy,CC(C)(C)c1cc(/C=C2\OC(N=C(N)N)=NC2=O)cc(C(C)(C)C)c1O,CHEMBL15781
DEC_2397,decoy,CNCC1NCC(c2ccccc2)c2ccccc21,CHEMBL6649
DEC_0224,decoy,Cc1cc(C(c2ccc(Cl)cc2)N2CCN(C)CC2)sn1,CHEMBL24883
DEC_3613,decoy,O[C@@]1(c2ccccc2)CN2CCC[C@H]2c2ccccc21,CHEMBL36184
DEC_0597,decoy,O=C1Nc2ccc(F)c(F)c2C(OCC=C(Cl)Cl)(C(F)(F)F)O1,CHEMBL17662
DEC_0638,decoy,CC(C)S(=O)(=O)Nc1cccc(C(c2c(O)c3c(oc2=O)CCCCCC3)C2CC2)c1,CHEMBL276055
DEC_3658,decoy,c1ccc(N2c3ccccc3CC2C2=NCCN2)cc1,CHEMBL41064
DEC_2693,decoy,Clc1ccc(Sc2ccc(NC3=NCCN3)cc2)cc1,CHEMBL9883
DEC_3940,decoy,O=C1C(Cl)=C(Nc2ccc(CCO)cc2)C(=O)c2cnccc21,CHEMBL11269
DEC_1588,decoy,FC(F)(F)c1cc(CO[C@H]2OCCN(Cn3cncn3)[C@H]2c2ccccc2)cc(C(F)(F)F)c1,CHEMBL406136
DEC_4281,decoy,Cn1cc(C2=NCC3(CN4CCC3CC4)O2)c2cc(O)ccc21,CHEMBL8261
DEC_0901,decoy,CC1=NN(C(=O)Nc2ccccc2Cl)C(C)=NN1C(=O)Nc1ccccc1Cl,CHEMBL17723
DEC_4109,decoy,CC(=O)N1CCc2ccc(N(C(=O)/C=C/c3ccccc3)C3CCN(CCCc4ccccc4)CC3)cc21,CHEMBL417100
DEC_1665,decoy,O=c1c2c(oc(O)c1C(c1cccc(NS(=O)(=O)c3ccccn3)c1)C1CC1)CCCCCC2,CHEMBL16636
DEC_1436,decoy,C#CCNC(=O)O[C@H]1[C@@H](O)[C@H](Oc2ccc3c(=O)c(C(=O)OCC)c(O)oc3c2C)OC(C)(C)[C@@H]1OC,CHEMBL42647
DEC_1369,decoy,C=C1/C(=C\C=C\[C@@H]2CCC[C@H]([C@@H](C)CCCC(C)(C)O)C2(C)C)C[C@@H](O)C[C@@H]1O,CHEMBL431123
DEC_1102,decoy,CN[C@H]1CC[C@@H](c2ccccc2)c2ccccc21,CHEMBL36260
DEC_0130,decoy,Cc1cc(-c2ccccc2)ccc1C(=O)N[C@@H](CCCN=C(N)N)B1O[C@@H]2CC3CC(C3(C)C)[C@]2(C)O1,CHEMBL289318
DEC_3942,decoy,C=C1C(=O)O[C@@H]2CC(C)=C([C@@H](C)CCCOC(C)=O)[C@H](O)[C@H]12,CHEMBL274543
DEC_1229,decoy,CCc1nc(Br)cnc1NS(=O)(=O)c1cccc2c(N(C)C)cccc12,CHEMBL6543
DEC_0089,decoy,O=C1[C@@H](NS(=O)(=O)c2ccc(-c3ccccn3)s2)CCN1Cc1cc2[nH]cccc-2n1,CHEMBL266098
DEC_3542,decoy,Cc1c(Cl)cc2nc(O)c(O)nc2c1[N+](=O)[O-],CHEMBL297881
DEC_1127,decoy,O=C1[C@@H](NS(=O)(=O)c2cc3ccnc(Cl)c3s2)CCN1Cc1cc2cc[nH]cc-2n1,CHEMBL266806
DEC_2743,decoy,CSc1ccc(-c2nc(-c3cccc([N+](=O)[O-])c3)c(-c3ccncc3)[nH]2)cc1,CHEMBL17410
DEC_0582,decoy,CC1(C)OC(S)=Nc2ccc(-c3cc(C#N)cc(OC(F)(F)F)c3)cc21,CHEMBL24689
DEC_1718,decoy,CC(c1ccc(-c2nc(-c3ccc(F)cc3)c(-c3ccncc3)[nH]2)cc1)N(O)C(N)=O,CHEMBL16925
DEC_3437,decoy,CC(C)(N)C(=O)N[C@H](Cc1c[nH]c2ccccc12)C(=O)N1CCCC2(CCc3ccccc32)C1,CHEMBL269447
DEC_2784,decoy,O=C1CC(c2nnn[nH]2)Oc2cc(OCc3cccc(OCc4ccc5ccccc5n4)c3)ccc21,CHEMBL47430
DEC_2496,decoy,CCO/C(C)=N\C1c2ccccc2Oc2ccccc21,CHEMBL20810
DEC_3015,decoy,C[C@]12CCC3C(CCC4=CC(=O)CC[C@@]43C3CS3)C1CCC2=O,CHEMBL282580
DEC_0304,decoy,O=NN(CCF)C(=O)NC1CCCCCCCCCCC1,CHEMBL13121
DEC_1678,decoy,CCN(c1nc(C)cc(-c2ccccc2-c2nn[nH]n2)n1)c1ccc(C(C)C)cc1Br,CHEMBL10464
DEC_0271,decoy,O=C1O[C@H](c2ccc(Cl)cc2)[C@@](Cn2cncn2)(c2ccc(Cl)cc2Cl)O1,CHEMBL276183
DEC_2959,decoy,O=C1NC(=O)C(c2cc(Cl)ccc2S(=O)(=O)Cc2ccc(Cl)cc2)N1,CHEMBL19649
DEC_3788,decoy,CN(C)c1cccc2c(S(=O)(=O)Oc3cccc4c3C(=O)C=C(NCCCl)C4=O)cccc12,CHEMBL43539
DEC_1078,decoy,Clc1ccc(C2=CCC[C@H]3CCC2N3)cn1,CHEMBL275466
DEC_2704,decoy,OC(c1ccc(F)cc1)(c1ccc(Cl)cc1)c1cncnc1,CHEMBL282325
DEC_2486,decoy,C[C@@H]1[C@@H](c2ccccc2)c2ccccc2[C@@H]2CCCN12,CHEMBL285423
DEC_0862,decoy,CCOc1ccc(Nc2nc(C#CC(C)(O)CC)nc3c2ncn3C(C)C)cc1,CHEMBL280623
DEC_0181,decoy,C[C@@H](n1cnc2cc(-c3ccc(C4=NCCO4)cc3)sc2c1=O)[C@](O)(Cn1cncn1)c1ccc(F)cc1F,CHEMBL300501
DEC_2430,decoy,COc1cc(NC(C)CCCN)c2nccc(CO)c2c1Oc1cccc(C(F)(F)F)c1,CHEMBL41915
DEC_0048,decoy,NC1CCN(c2cc3c(c(O)c2F)c(=O)c(C(=O)O)cn3C2CC2)C1,CHEMBL15787
DEC_2117,decoy,CC(C)S(=O)(=O)c1ccc(Cl)cc1C1NC(=O)NC1=O,CHEMBL18865
DEC_4102,decoy,OC(CCN1CCN(CCOC(c2ccccc2)c2ccccc2)CC1)c1ccc(Br)cc1,CHEMBL28236
DEC_3011,decoy,C[C@@H](N)Cc1c2ccoc2c(Br)c2ccoc12.Cl,CHEMBL6706
DEC_2844,decoy,O=C1NC(=O)C(Cc2ccc3c(c2)CC[C@H](Cc2ccccc2)O3)S1,CHEMBL17669
DEC_2468,decoy,C=C1C(=O)c2ccccc2OC1c1ccc(C(C)(C)C)cc1,CHEMBL273952
DEC_1198,decoy,CC(=O)OC[C@@]1(O)C[C@@]23CCC4C5=C(CC[C@@]4(C)C2CCC1C3)OCC5,CHEMBL31113
DEC_1457,decoy,Nc1nc(O)c2cc(CN(CC3CC3)c3ccc(C(=O)NC(CCC(=O)O)C(=O)O)cc3)ccc2n1,CHEMBL25108
DEC_4199,decoy,CC(Cc1c[nH]c2cc(Br)ccc12)NCC(O)c1cccc(Cl)c1,CHEMBL24899
DEC_2663,decoy,O=NN(CCCl)C(=O)NC1CCCCCCCCCCC1,CHEMBL12415
DEC_3392,decoy,C=CCc1cc(CCC(=O)OCC)ccc1C#CC1(O)CN2CCC1CC2,CHEMBL24362
DEC_1246,decoy,Cc1ccc(N(/C=N/c2ccn(C3CSC(CO)O3)c(=O)n2)c2ccc(C)cc2)cc1,CHEMBL18076
DEC_3893,decoy,CCCCCCC(C(C)O)n1cnc2c(N)cccc21,CHEMBL17822
DEC_0229,decoy,O=C1C=CC2C3Cc4ccc(O)c5c4C2(CCN3CC2CC2)C1O5,CHEMBL29772
DEC_2562,decoy,C[C@@H]1CC2C3C[C@H](F)C4=CC(=O)C=CC4(C)[C@@]3(Cl)C(O)CC2(C)[C@@]1(OC(=O)c1ccco1)C(=O)CCl,CHEMBL38727
DEC_4541,decoy,CC(=O)N1CCN(c2nc(COC(c3ccc(C#N)cc3)c3cncn3C)c(-c3cccc(Cl)c3)cc2C#N)CC1,CHEMBL39805
DEC_2738,decoy,COc1ccc2[nH]c3c(C)c4ccnc(NCCCN)c4c(C)c3c2c1,CHEMBL19138
DEC_2453,decoy,CC(=O)c1ccc(-c2cccn(C(CN3CCC(O)C3)c3ccccc3)c2=O)s1,CHEMBL15272
DEC_1287,decoy,CCN(CC)CCOc1ccccc1/C=C(\C#N)c1noc2ccc(Cl)cc12,CHEMBL21522
DEC_4267,decoy,O=C1CN=C(c2ccccn2)c2cc(Br)ccc2N1,CHEMBL277062
DEC_3102,decoy,OC1CCCCC1N1CCC(c2ccc(Cl)cc2)CC1,CHEMBL21165
DEC_1824,decoy,Cc1cc2c(s1)CN(C)CC2c1ccc(Cl)cc1,CHEMBL15892
DEC_0207,decoy,CN1CCC23c4c5ccc(OC(C)(C)C)c4O[C@H]2[C@@H](O)C=CC3C1C5,CHEMBL22919
DEC_0533,decoy,c1ccc2c(C3=NCC4(CN5CCC4CC5)O3)c[nH]c2c1,CHEMBL8615
DEC_4018,decoy,CC1(C)[C@H](C(=O)O)N2C(=O)C(C/C=C/C#N)[C@@H]2S1(=O)=O,CHEMBL267626
DEC_1580,decoy,Cc1ccccc1-c1nc(N2CCN(CCc3ccc(F)c(F)c3)CC2)c2c(n1)c(C#N)c1n2CCCC1,CHEMBL27709
DEC_0491,decoy,Cc1c(OCC(F)(F)F)ccnc1C[S+]([O-])c1nc2ccccc2[nH]1,CHEMBL480
DEC_2860,decoy,C=C1/C(=C\C=C2/CCCC3(C)C2CCC3[C@@H](C)OCCCC(C)(C)O)C[C@@H](O)C[C@@H]1O,CHEMBL34066
ACT_063,active,COc1ccc(-c2snnc2-c2cc(CC3CCC3)c(O)cc2O)cc1,CHEMBL5564393
DEC_1772,decoy,Cc1cncc(C)c1COC(=O)Nc1cnc(-c2ccc(F)cc2)n(CC(=O)NC(B2OC(C)(C)C(C)(C)O2)C(C)C)c1=O,CHEMBL442524
DEC_2055,decoy,CCC(C)(C)/N=c1\c(O)c(O)\c1=N/Cc1ccc(C#N)cc1Cl,CHEMBL19105
DEC_0309,decoy,CC1(C)OC(S)=Nc2ccc(-c3coc(C#N)c3)cc21,CHEMBL282649
DEC_1704,decoy,COc1cc2c(cc1OC)-c1cc(N(CP(C)(C)=O)c3c(F)cccc3F)nc(=O)n1CC2,CHEMBL34960
DEC_3362,decoy,O=NN(CCF)C(=O)NC1CCC(NC(=O)N(CCCl)N=O)CC1,CHEMBL12837
DEC_3792,decoy,CCCCn1c(=O)c2c(ncn2S(=O)(=O)c2ccc(OC(F)(F)F)cc2)n(CCCC)c1=O,CHEMBL416003
DEC_1260,decoy,COOC1(OOCCCI)CCCCCCCCCCC1,CHEMBL281925
DEC_2318,decoy,Fc1ccc([C@H]2OCO[C@]2(Cn2cncn2)c2ccc(Cl)cc2Cl)cc1,CHEMBL266615
DEC_4241,decoy,CCCCOC1(C(F)(F)F)OC(=O)Nc2ccc(Cl)cc21,CHEMBL17713
DEC_4366,decoy,CCC/N=C\C1=C(O)O[C@H](COC)[C@@]2(C)C1=C(O)C(=O)C1=C2[C@H](OC(C)=O)C[C@]2(C)C(=O)CC[C@@H]12,CHEMBL276384
DEC_0052,decoy,C1CCN(P2(N3CCCC3)=NP(N3CC3)(N3CC3)=NP(N3CC3)(N3CC3)=N2)C1,CHEMBL26674
DEC_1929,decoy,CN1C2CCC1CC1(CN=C(c3cn(C)c4ccccc34)O1)C2,CHEMBL8413
DEC_0524,decoy,O=NN(CCCl)C(=O)NC1CCSCC1,CHEMBL274417
DEC_2571,decoy,O=C(CN1CCCC1=O)NCc1cc2cc(C(=O)N3CCC(N4C(=O)OCc5ccccc54)CC3)ccc2o1,CHEMBL417133
DEC_3262,decoy,CC1c2ccccc2C[C@H]2N[C@]1(C)c1ccccc12,CHEMBL285971
DEC_3146,decoy,CC(=O)N[C@@H]1CCc2ccccc2N(Cc2ccc(-c3ccccc3-c3nn[nH]n3)cc2)C1=O,CHEMBL13568
DEC_2619,decoy,O=C1Nc2ccc(Cl)cc2C(C#Cc2ccncc2)(C(F)(F)F)O1,CHEMBL17374
DEC_1482,decoy,CC1CN(c2cc3c(cc2F)c(=O)c(C(=O)O)cn3C(C)(C)C)CCN1,CHEMBL15164
DEC_1462,decoy,C/C(=C1/SC(N=C(N)N)=NC1=O)c1cc(C(C)(C)C)c(O)c(C(C)(C)C)c1,CHEMBL278246
DEC_3224,decoy,O=C1c2ccccc2CCCN1CCN1CCC(n2ccc3ccccc32)CC1,CHEMBL9952
DEC_2789,decoy,O=C1c2ccc(O)cc2O[C@H](c2ccc(OCCN3CCCCC3)cc2)[C@@H]1c1ccccc1,CHEMBL30574
DEC_1838,decoy,CC1=CC(C)(C)Nc2cc3oc(=O)cc(C(F)(F)F)c3cc21,CHEMBL6441
DEC_2951,decoy,CN1CCN(c2c(F)c(F)c3c(=O)c(C(=O)O)cn(-c4ccc(F)cc4)c3c2F)CC1,CHEMBL25715
DEC_4083,decoy,CC(C)C[C@H](CC(=O)C1c2ccccc2Oc2ccccc21)C(=O)NC(Cc1ccccc1)C(=O)CF,CHEMBL43057
DEC_0079,decoy,CCc1nc2c(n1Cc1ccc(-n3cccc3-c3nn[nH]n3)cc1)/C(=C/C(=O)O)CCCC2,CHEMBL43540
DEC_1583,decoy,CC(C)C1=CC2CC3(C=O)[C@@H]4CC[C@@H](C)[C@H]4CC2(CO[C@H]2C[C@@H]4OC[C@@H](C)[C@@H]4[C@@H](C)O2)C13C(=O)O,CHEMBL296692
DEC_3077,decoy,CSc1ccc(/C=C/C2=CC(=O)C(C)(C)O2)cc1,CHEMBL17756
DEC_3407,decoy,CCCn1c(=O)c2c(nc(/C=C/c3cccc(N)c3)n2C)n(CCC)c1=O,CHEMBL25906
DEC_3680,decoy,N[C@@H](COCc1ccccc1)Cc1c[nH]cn1,CHEMBL280034
DEC_1469,decoy,Oc1ccc2c(c1)OC[C@@H](N1CCC(O)(c3ccccc3)CC1)[C@@H]2O,CHEMBL17812
DEC_2243,decoy,O=c1c(C(c2ccc(/C=C/c3ccccc3)cc2)c2c(O)oc3ccccc3c2=O)c(O)oc2ccccc12,CHEMBL284384
DEC_0879,decoy,CN(Cc1c2ccccc2cc2ccccc12)c1cnc2nc(N)nc(N)c2n1,CHEMBL33933
DEC_4364,decoy,O=C1C2Oc3c(O)ccc4c3C23CCN(CC2CC2)C(C4)[C@]3(O)CC12Cc1ccc3ccccc3c1C2,CHEMBL297903
DEC_4361,decoy,CC(C)C(=O)N1C(=O)C2(SCCS2)[C@@H]2[C@@H]1CCN2C(=O)C(NC(=O)OC(C)(C)C)C(C)C,CHEMBL46873
DEC_4437,decoy,CCn1cc(C(=O)O)c(=O)c2cc(F)c(N3CC(C)NC(C)C3)cc21,CHEMBL15387
DEC_1219,decoy,Cc1cc(C)cc(Oc2nccc(-c3c(-c4ccc(F)cc4)ncn3C3CCNCC3)n2)c1,CHEMBL417255
DEC_1766,decoy,CCc1c(C)c2cc3[nH]c(cc4nc(c(CC(=O)OC)c5nc(cc1[nH]2)C(C)=C5C(=O)OC)[C@@H](CCC(=O)OC)[C@@H]4C)c(C)c3C=O,CHEMBL147215
DEC_1446,decoy,Cc1noc(C)c1S(=O)(=O)N[C@@H](CNC(=O)N1CCC2(CC1)CCN(c1ccncc1)CC2)C(=O)O,CHEMBL23814
DEC_4070,decoy,CCCCc1c(Cc2ccc(-c3ccccc3-c3nn[nH]n3)cc2)c(COC)nn1CC(F)(F)F,CHEMBL21726
DEC_4129,decoy,N=C(N)c1ccc2cc(CC(C(=O)O)c3ccc(O[C@H]4CCNC4)cc3)ccc2c1,CHEMBL279959
DEC_3700,decoy,O=C(O)c1ccc(NCc2ccncc2)cn1,CHEMBL31364
DEC_1262,decoy,CCC(C)NCc1ccc2n1-c1ccccc1SC2C1=CCC(OC)(OC)C=C1,CHEMBL24998
DEC_1314,decoy,CO[C@H]1O[C@]2(C)OO[C@]13[C@H](CCO)CCC[C@@H]3C[C@@H]2C,CHEMBL277457
DEC_3800,decoy,CCCCCCC[C@H]1OC(=O)C[C@@H](OCOC)[C@H](Cc2ccccc2)N(C)C(=O)COC(=O)[C@H]1C,CHEMBL39858
DEC_2107,decoy,CCSc1ccnc(C[S+]([O-])c2nc3ccccc3n2C(C)OC(C)=O)c1C,CHEMBL10013
DEC_1730,decoy,C[S+]([O-])c1ccccc1-c1nc(-c2ccc(F)cc2)c(-c2ccncc2)[nH]1,CHEMBL277587
DEC_0509,decoy,CC(N)Cc1ccc(I)cc1,CHEMBL6368
DEC_3445,decoy,CC(C)[C@H](NC(=O)OCc1ccccc1)C(=O)N[C@H](Cc1ccccc1)C(=O)C(F)(F)F,CHEMBL24108
DEC_4111,decoy,N=C(NC1CC1)c1ccc(N2CCCN(c3ccc(C(=N)NC4CC4)cc3)CC2)cc1,CHEMBL9025
DEC_2604,decoy,CCS(=O)(=O)c1ccc2c(c1)/C(=C/c1[nH]c3c(c1CCCN1CCN(C(C)=O)CC1)CCCC3)C(=O)N2,CHEMBL59538
DEC_2276,decoy,Oc1ccc2c3c1OC1[C@H]4OC[C@@]4(CCCc4ccccc4)CC4C(C2)N(CC2CCC2)CCC341,CHEMBL9743
DEC_3623,decoy,O=C1CCCCC1N1CCC(c2ccccc2)CC1,CHEMBL20462
DEC_3331,decoy,CC(N)C1CCN(c2cc3c(c(N)c2F)c(=O)c(C(=O)O)cn3C2CC2)C1,CHEMBL15021
DEC_1123,decoy,O=C1[C@@H](NS(=O)(=O)c2cc3ccc(Cl)nc3s2)CCN1Cc1cc2[nH]cccc-2n1,CHEMBL268226
DEC_4415,decoy,CCN1CCN(c2cc3c(cc2F)c(=O)c(C(=O)O)cn3C(C)C)CC1,CHEMBL275411
DEC_3686,decoy,COc1cc2c(cc1OC)[C@H]1CC(=O)NC1C2,CHEMBL36196
DEC_3697,decoy,CCC1(c2ccncc2)CCC(=O)N(C)C1=O,CHEMBL39782
DEC_3261,decoy,CC(O)c1cc(C(C)(C)C)c2c(c1)C(C)(C)CO2,CHEMBL13785
DEC_0995,decoy,O=C1CN2Cc3cc(N4CCCCC4)c(Cl)cc3N=C2N1,CHEMBL31484
DEC_1980,decoy,CN1CC=C(c2c[nH]c3ccc([S+](C)[O-])cc23)CC1,CHEMBL28105
DEC_3678,decoy,C[C@H]1C[C@@H](C(=O)O)N(C(=O)[C@H](C)CS)C1,CHEMBL279763
DEC_1293,decoy,CCCCc1nc(Cc2ccc(-c3ccccc3-c3nn[nH]n3)cc2)nn1CCCC,CHEMBL12663
DEC_1600,decoy,Cn1c(=O)c2c(nc(/C=C/c3cccc(N(C(=O)OC(C)(C)C)C(=O)OC(C)(C)C)c3)n2C)n(C)c1=O,CHEMBL418196
DEC_3400,decoy,O=C1C2C3C=CC(C4CC34)C2C(=O)N1CCCCN1CCN(c2ncccn2)CC1,CHEMBL283596
DEC_3136,decoy,CN(C)C/C=C/C(=O)Nc1cnc2ncc(C#N)c(Nc3cccc(Br)c3)c2c1,CHEMBL441518
DEC_3574,decoy,COC(=O)OC1CCC2(C)C(CCC3C2CCC2(C)[C@@H](C4=CC(=O)OC4)C(O)CC32O)C1,CHEMBL427969
DEC_3861,decoy,C1CCN(CC[Se]CCN2CCCCC2)CC1,CHEMBL14104
DEC_0186,decoy,CCCCS/C=C1\C(=O)O[C@H](COC)[C@@]2(C)C1=C(O)C(=O)C1=C2[C@H](OC(C)=O)C[C@]2(C)C(=O)CC[C@@H]12,CHEMBL13353
DEC_3440,decoy,O=C(O)[C@@H]1C[C@@H](c2ccccc2)CN1C(=O)CP(=O)(O)CCCCc1ccccc1,CHEMBL16277
DEC_0460,decoy,CCCCCCOc1ccc2c3c1OC1C(O)C=CC4C(C2)N(C)CCC341,CHEMBL29548
DEC_3502,decoy,c1ccc(-c2ccccc2OCC2=NCCN2)cc1,CHEMBL13789
DEC_2957,decoy,OC(c1ccc(Cl)cc1Cl)C(O)(Cn1cncn1)c1ccc(Cl)cc1,CHEMBL10711
DEC_1982,decoy,C/N=C(/S)C1(c2cccnc2)CCCC/C1=C\C=O,CHEMBL40827
DEC_2356,decoy,CCN(CC)C(C)Cc1cc(OC)c(I)cc1OC,CHEMBL10944
DEC_0681,decoy,C=C1CCC2[C@](C)(CCC[C@]2(C)C(=O)OC)[C@H]1CCC1=CCc2c(O)ccc(O)c2C1,CHEMBL283322
DEC_4141,decoy,NS(=O)(=O)c1ccc(-c2nc(-c3ccc(F)cc3)c(-c3ccncc3)[nH]2)cc1,CHEMBL17210
DEC_0493,decoy,Cc1cc2c(s1)CCC(CN[C@H]1CC[C@@H](Oc3ccccc3)[C@@H]1O)C2=O,CHEMBL14987
DEC_2158,decoy,O=C1C=CC(c2[nH]c3ccccc3c2C2=CCNCC2)=NC1,CHEMBL281090
DEC_1771,decoy,Cc1cc(SC2=C(O)OC(CCc3ccc(N)cc3)(C(C)C)CC2=O)c(C(C)(C)C)cc1OS(=O)(=O)N1CCN(C)CC1,CHEMBL307582
DEC_3885,decoy,Cc1cnc(SCCN(C)C)nc1-c1cccs1,CHEMBL21558
DEC_1835,decoy,CSc1nc(-c2ccc(F)cc2)c(-c2ccc(F)cc2)[nH]1,CHEMBL17892
DEC_1877,decoy,CCn1cc(C(=O)O)c(=O)c2cc(F)c(N3CC(C)NC(C)C3)c(Cl)c21,CHEMBL15623
DEC_3320,decoy,O=P(O)(O)C(N[C@H]1CCc2ccccc21)c1cccc2nc(O)c(O)nc12,CHEMBL12301
DEC_1602,decoy,Cn1cncc1C(O)(C#Cc1ccc(C#N)cc1-c1cccc(OC(F)(F)F)c1)c1ccc(C#N)cc1,CHEMBL24123
DEC_1020,decoy,O[C@H]1c2ccccc2CC[C@H]1CN1CCN(CCOC(c2ccccc2)c2ccccc2)CC1,CHEMBL416022
DEC_2790,decoy,CCCCCc1nc2c(n1Cc1ccc(-c3ccccc3-c3nn[nH]n3)cc1)C(=O)CCCC2,CHEMBL40286
DEC_1985,decoy,CC[C@]1(c2cccc(N)c2)OC[C@H]([C@@H]2CCCCN2)O1,CHEMBL284633
DEC_1096,decoy,CCC12NC(Cc3ccccc31)c1ccccc12,CHEMBL269213
DEC_2836,decoy,CCC(C)(C)/N=c1\c(O)c(O)\c1=N/Cc1c(Cl)cccc1Cl,CHEMBL20052
DEC_3557,decoy,CC(C)(C)C#CC1Cc2ccsc2C(N)=N1,CHEMBL8288
DEC_0531,decoy,CCC(C)CC1(c2ccc(N)cc2)CCC(=O)NC1=O,CHEMBL287647
DEC_3309,decoy,CNCCCN1c2ccccc2CCc2ccccc21,CHEMBL72
DEC_2554,decoy,O=C1[C@H](CCc2ccccc2)N2C(=O)CCN(C(=O)OCCc3ccc(O)cc3)[C@H]2CN1CCc1ccccc1,CHEMBL284518
DEC_0382,decoy,CO[C@@H]1[C@@H](OC(=O)c2ccc(C)[nH]2)[C@@H](O)[C@H](Oc2ccc3c(N4CC(C)NC(C)C4)cc(=O)oc3c2C)OC1(C)C,CHEMBL284086
DEC_1791,decoy,CCOC(=O)C1=C(c2ccc(-n3c(C)nc4cnccc43)cc2)NC(C)=C(C(=O)Nc2ccccn2)C1c1cccc2c1OCO2,CHEMBL318348
DEC_0365,decoy,COc1ccc(C[C@H]2NC(=O)/C=C/C[C@@H](C(=O)C#Cc3ccccc3)OC(=O)[C@H](CC(C)C)OC(=O)[C@@H](C)CNC2=O)cc1,CHEMBL13396
DEC_3347,decoy,CC(OC(=O)[C@H](NC(=O)[C@@H](N)CC(=O)O)c1ccccc1)C(C)(C)C,CHEMBL274162
DEC_3668,decoy,CCC1(c2ccc(N)cc2)CCC(=O)NC1=O,CHEMBL488
DEC_3839,decoy,O=C1CCC(c2ccccc2)(C2CCN(Cc3ccc(Br)cc3)CC2)C(=O)N1,CHEMBL10309
DEC_1572,decoy,N#Cc1c2n(c3c(N4CCN(CCc5ccc(F)c(F)c5)CC4)nc(-c4cccnc4)nc13)CCCC2,CHEMBL282819
DEC_2163,decoy,O=S(=O)(c1ccc(OC(F)(F)F)cc1)C(Cl)(Cl)S(=O)(=O)C(F)(F)F,CHEMBL274791
ACT_057,active,C=Cc1cc2c(cc1Sc1nc3c(N)nccc3n1CCNCC(C)(C)C)OCO2,CHEMBL6064081
DEC_2157,decoy,NCCc1c[nH]c(-c2cccc(I)c2)n1,CHEMBL287367
DEC_1173,decoy,CCC(=O)N(c1c(F)c(F)c(F)c(F)c1F)C1CCCC1N(C)C,CHEMBL21711
DEC_0549,decoy,N[C@@H](C(=O)N[C@@H]1C(=O)N2C(C(=O)O)=COC[C@H]12)c1ccc(O)cc1,CHEMBL277767
DEC_2808,decoy,CCc1cc(C)cc(C)c1NC(=O)c1sccc1S(=O)(=O)Nc1onc(C)c1Cl,CHEMBL283582
DEC_0881,decoy,CCC(C)(O)C#Cc1nc(NCc2ccc(OC)cc2)c2ncn(C(C)C)c2n1,CHEMBL422759
DEC_4103,decoy,c1ccc(COCCCOc2ccc([C@H]3CCNC[C@@H]3OCc3ccc4c(c3)NCCC4)cc2)cc1,CHEMBL283046
DEC_2394,decoy,N#CC1CCN(CCCN2CCC(C#N)CC2)CC1,CHEMBL10298
DEC_2481,decoy,CN1CCCC[C@@H]1/C=C/C1c2ccccc2Cc2ccccc21,CHEMBL22829
DEC_0019,decoy,C[C@@H](c1ncncc1F)[C@](O)(Cn1cncn1)c1ccc(F)cc1F,CHEMBL638
DEC_0398,decoy,CC[C@]1(c2cccc(N=C=S)c2)OC[C@H]([C@@H]2CCCCN2)O1,CHEMBL282383
DEC_1886,decoy,CN1C(=O)CC[C@]2(C)C3CC[C@@]4(C)C(CC[C@@]4(O)C#CCCO)C3CCC12,CHEMBL9672
DEC_2761,decoy,C[C@@H](NC(=O)c1ccc(-c2ccc(C#N)cc2)s1)[C@](O)(Cn1cncn1)c1ccc(F)cc1F,CHEMBL55101
DEC_3508,decoy,Cc1ccccc1N1CCN(C2CCCCC2O)CC1,CHEMBL20481
DEC_1695,decoy,COc1cccc(Sc2c(NS(=O)(=O)c3ccc(C(C)(C)C)cc3)noc2CCCC#N)c1,CHEMBL300066
DEC_1080,decoy,c1cnc(NC23CC4CC(CC(C4)C2)C3)nc1,CHEMBL274035
DEC_0437,decoy,CN(C)CCOc1ccccc1/C=C(\C#N)c1noc2ccccc12,CHEMBL25271
DEC_4459,decoy,O=C1N[C@@H](C(=O)NO)C[C@H]1c1cccc(Oc2ccc(F)cc2)c1,CHEMBL278368
DEC_0994,decoy,CN1CCC23c4c5ccc(O)c4O[C@H]2C=C[C@H](N=[N+]=[N-])[C@H]3C1C5,CHEMBL268703
DEC_0734,decoy,O=C(NC[C@@H]1Cc2ccccc2CN1/C(S)=N/C[C@H]1CCCN1Cc1ccccc1O)Nc1ccccc1,CHEMBL40409
DEC_0112,decoy,CC1(C)C2CC1[C@]1(C)OB([C@H](CCCN=C(N)N)NC(=O)c3ccc(-c4ccccc4)o3)O[C@@H]1C2,CHEMBL40364
DEC_4525,decoy,O=[N+]([O-])c1cccc(Cn2c3c(c4ccccc42)C[C@@]2(O)[C@H]4Cc5ccc(O)c6c5[C@@]2(CCN4CC2CC2)[C@H]3O6)c1,CHEMBL277291
DEC_1711,decoy,O=C1C(Cl)=C(Nc2ccc(I)cc2)C(=O)c2ncccc21,CHEMBL11433
DEC_2462,decoy,c1ccc([C@@H]2CN3CCCC[C@H]3c3ccccc32)cc1,CHEMBL36292
DEC_4093,decoy,Clc1ccc(C2(Cn3ccnc3)OCC(CCc3ccc(-c4ccccc4)cc3)O2)c(Cl)c1,CHEMBL30089
DEC_2999,decoy,O=S1NC(Cc2csc3ccccc23)=NO1,CHEMBL280082
DEC_2451,decoy,CCc1cccc(C(C)C)c1Nc1cc2n(c(=O)n1)CCc1cc(OC)c(OC)cc1-2,CHEMBL286817
DEC_1382,decoy,Cc1cc(Cl)cc(Cl)c1C/N=c1\c(O)c(O)\c1=N/C(C)C(C)(C)C,CHEMBL20830
DEC_4080,decoy,CN(CCCn1cnc2cc(Cl)c(Cl)cc21)CCCn1cnc2cc(Cl)c(Cl)cc21,CHEMBL46764
DEC_0669,decoy,CC(C)N(C(=O)[C@H]1CCC2C3CCC4C=C(S(=O)(=O)O)C=C[C@]4(C)C3CC[C@@]21C)C(C)C,CHEMBL24825
DEC_4027,decoy,Cc1cc(-n2ncc(=O)[nH]c2=O)cc(C)c1S(=O)(=O)N(C)C,CHEMBL274141
DEC_1593,decoy,Cc1ccc(S(=O)(=O)C2(CC#Cc3ccc(Br)cc3)SC(=O)NC2=O)cc1,CHEMBL276718
DEC_1793,decoy,COc1ccc(NS(=O)(=O)C(F)(F)F)cc1C[C@H]1[C@@H](O)c2cc(OCc3nc4cc(F)c(F)cc4s3)ccc2OC1(C)C,CHEMBL332680
DEC_2123,decoy,C[C@@H]1CC[C@H]2[C@@H](C)C(=O)O[C@@H]3O[C@@]4(C)CC[C@@H]1C32OO4,CHEMBL9903
DEC_3461,decoy,c1csc([C@@H]2CN3CCC[C@H]3c3ccsc32)c1,CHEMBL286135
DEC_2594,decoy,C[C@@H](n1cnc2cc(-c3ccc(Cl)cc3)sc2c1=O)[C@](O)(Cn1cncn1)c1ccc(F)cc1F,CHEMBL51920
DEC_4420,decoy,CCN1CCN(c2cc3c(cc2F)c(=O)c(C(=O)O)cn3C2CC2)CC1,CHEMBL15511
DEC_3279,decoy,OC1(c2nc(-c3ccc(F)cc3)c(-c3ccncc3)[nH]2)CC1,CHEMBL22818
DEC_2008,decoy,O=C1NC(=O)C2(CCSc3ccc(Cl)cc32)O1,CHEMBL35283
DEC_3443,decoy,O=C1N(CC2CC2)[C@H]([C@@H](F)Cc2ccccc2)[C@@H](O)[C@@H](Cc2ccccc2)N1CC1CC1,CHEMBL36751
DEC_1556,decoy,COc1ccc2c3c1OC1C(=O)[C@@H](C)CC4(O)C(C2)N(CC2CCC2)CCC314,CHEMBL32723
DEC_3949,decoy,CCC1CN(CCc2c[nH]c3ccccc23)CCC12CNC(=O)O2,CHEMBL27212
DEC_4412,decoy,O=C(O)c1ccc(C[C@H]2CC[C@H]3CN[C@H](C(=O)O)C[C@H]3C2)cc1,CHEMBL274226
DEC_1225,decoy,Cl.O=C([C@@H]1CCCN1)N1CCCC1P(=O)(Oc1ccccc1)Oc1ccccc1,CHEMBL273694
DEC_0934,decoy,C[C@H]1OCC[C@H]1OC(=O)N[C@@H](Cc1ccccc1)[C@H](O)CN1C[C@H]2CCCC[C@H]2C[C@H]1C(=O)NC(C)(C)C,CHEMBL18253
DEC_1189,decoy,CCC1C(=O)N(CC2CC2)C2SC=C(c3ccccc3)N2C1=O,CHEMBL283189
DEC_0261,decoy,CCCCC[C@](C)(O)/C=C/C1[C@H](O)C[C@@H]2OC(=O)C(F)(F)CC/C=C\C[C@H]12,CHEMBL12717
DEC_1763,decoy,CC[C@H]1OC(=O)CC(O)[C@H](C)[C@@H](O[C@@H]2O[C@H](C)C[C@H](N(C)C)[C@H]2O)[C@@H](CCNC(C)(C)C)C[C@@H](C)C(=O)/C=C/C(C)=C/[C@@H]1C,CHEMBL9176
DEC_0051,decoy,C1CCN(P2(N3CC3)=NP(N3CC3)(N3CC3)=NP(N3CC3)(N3CC3)=N2)CC1,CHEMBL283932
DEC_4557,decoy,Cc1nnc2n1-c1sc(C#CCn3c(=O)n(CCN(C)C)c4ccccc43)cc1C(c1ccccc1Cl)=NC2,CHEMBL20293
DEC_3016,decoy,C[C@]12CCC3C(CCC4=CC(=O)CC[C@]43C3CS3)C1CCC2=O,CHEMBL281433
DEC_3233,decoy,O=C(O)c1cc(O)c2c(Cl)cc(I)cc2n1,CHEMBL429233
DEC_1541,decoy,O=C1C2CCCCN2C(=O)N1CN1CCN(c2cccc3ccccc23)CC1,CHEMBL445055
DEC_2614,decoy,O=C1N[C@@H]2CCCC[C@H]2N1C1CCN(CC2CCCCCCC2)CC1,CHEMBL280778
DEC_3688,decoy,NC(=O)c1cn(C(CO)c2ccccc2)cn1,CHEMBL14106
DEC_1930,decoy,Fc1cccc(C(F)(F)F)c1N(CC1CC1)C1=NCCN1,CHEMBL283739
DEC_2742,decoy,C=CCC1Oc2ccc(CO)c(OC)c2-c2ccc3c(c21)C(C)=CC(C)(C)N3,CHEMBL8637
DEC_1587,decoy,Fc1ccc(CCN2CCN(c3ncnc4c5cnccc5n(Cc5ccccc5)c34)CC2)cc1F,CHEMBL26081
DEC_1251,decoy,CCc1nc2cc(OC3CCN(C(C)=N)CC3)ccc2n1C/C=C/c1cc(N)ccc1O,CHEMBL25068
DEC_0559,decoy,Nc1nc(O)c2ncn(C3C=CC(P(=O)(O)O)OC3CO)c2n1,CHEMBL27936
DEC_3414,decoy,O[C@@H](CN1CCN(CCOC(c2ccc(F)cc2)c2ccc(F)cc2)CC1)c1ccccc1,CHEMBL278616
DEC_0329,decoy,c1cncc(NC2c3ccccc3Oc3ccccc32)c1,CHEMBL20059
DEC_2645,decoy,O=S(=O)(Nc1ccc(Cl)c2cc[nH]c12)c1ccc(Cl)cc1,CHEMBL20801
DEC_1216,decoy,CC(C)(C)NCC(O)c1cc2cccc(CC(=O)OCCC34C[C@H]5C[C@@H](C3)C[C@@H](C4)C5)c2o1,CHEMBL291222
DEC_1266,decoy,Cc1cc(CCCCCCCOc2ccc(C3=NC(C)CO3)cc2Cl)on1,CHEMBL26881
DEC_1573,decoy,C[C@@H]1CC[C@H]2[C@@H](C)C(Nc3ccc(I)cc3)O[C@@H]3O[C@@]4(C)CC[C@@H]1[C@]32OO4,CHEMBL50353
DEC_4138,decoy,Cc1cc(NN=C2CCC(C)n3c2ncc(C(=O)O)c3=O)ccc1Br,CHEMBL268944
DEC_1826,decoy,CN1Cc2sc(Cl)cc2C(c2ccc(Cl)cc2)C1,CHEMBL15881
DEC_0274,decoy,O=C1Nc2cccc3c2C1(CCCCN1CCN(C2CCCCC2)CC1)CCC3,CHEMBL273890
DEC_3749,decoy,CC(C)c1ccc2c(c1)CC[C@H]1[C@@](O)(CO)CCC[C@]21C,CHEMBL274191
DEC_3236,decoy,CN(Cc1cncn1C)c1ccc(C#N)c(-c2cccc3ccccc23)c1,CHEMBL28252
DEC_2501,decoy,CC(C)c1ccc2c(c1)CC[C@H]1[C@](C)(C(=O)O)CCC[C@]21C,CHEMBL12850
DEC_1686,decoy,O=C(O)Cc1ccc(Oc2nccc(-c3c(-c4ccc(F)cc4)ncn3C3CCNCC3)n2)cc1,CHEMBL273525
DEC_2298,decoy,O=C(O)CCc1ccccc1CC1C2CCC(O2)C1c1nc(C(=O)Nc2ccc(Cl)cc2)co1,CHEMBL30312
DEC_0644,decoy,CCCCS(=O)(=O)Nc1cccc(C(c2c(O)c3c(oc2=O)CCCCCC3)C2CC2)c1,CHEMBL16483
DEC_1040,decoy,Cn1cncc1C(OCc1ccc(C#N)nc1-c1cc(F)cc(F)c1)c1ccc(C#N)cc1,CHEMBL43082
DEC_1712,decoy,CN(C(=O)[C@H]1CCC2C3CCC4NC(=O)C=C[C@]4(C)C3CC[C@@]21C)c1ccccc1,CHEMBL25072
DEC_2569,decoy,C[C@]12CCC(=O)C=C1CCC1C2C(=O)C[C@@]2(C)C1CC[C@]2(O)C(=O)CN1CCN(c2ccccn2)CC1,CHEMBL274719
DEC_2026,decoy,C[C@@]12CCc3occc3C1CC[C@@]13CC(CCC12)C(O)(CO)C3,CHEMBL31819
DEC_1828,decoy,C[C@]12N[C@H](Cc3c1ccc1ccccc31)c1ccccc12,CHEMBL286554
DEC_0618,decoy,C[C@@H]1CCC2[C@@H](C)[C@@H](OC(CCC(=O)O)c3ccc(F)cc3)O[C@@H]3OC4(C)CC[C@@H]1C23OO4,CHEMBL416397
DEC_2998,decoy,CC(C)C1(C2=NCCN2)COc2ccccc2O1,CHEMBL10338
DEC_3026,decoy,CC(C)(C)C(c1cc2c(s1)CCC(C(=O)O)=C2)n1ccnc1,CHEMBL23257
DEC_0065,decoy,CCCCc1nn(CC)c(CO)c1Cc1ccc(-c2ccccc2-c2nn[nH]n2)cc1,CHEMBL280412
DEC_2261,decoy,CCC#CC[C@H](C)[C@H](O)C#C[C@@H]1C2CC(c3ccc(F)cc3)(CO2)[C@H]1C/C=C/CCCC(=O)O,CHEMBL273634
DEC_1004,decoy,CC(/C=C/C(=O)C1=C(O)CN(C)C1=O)=C\C1CCCCO1,CHEMBL10300
DEC_3265,decoy,CC[C@@]12Cc3ccccc3C[C@@H](N1)c1ccccc12,CHEMBL282261
DEC_4034,decoy,O=C(NC1CCCCC1)c1ncn2c(=O)n(CCCl)nnc12,CHEMBL28248
DEC_3033,decoy,COc1ccc2c(c1)C13CCN(C)C(C2)[C@H]1[C@H](C)[C@@H](C)C(=O)C3,CHEMBL34800
ACT_085,active,COC(=O)C1=C(CCN(C)C)N(C)C(CCN(C)C)=C(C(=O)OC)C1c1ccc(C(F)(F)F)cc1,CHEMBL5267930
DEC_4438,decoy,O=C(O)c1cn(C2CCC2)c2cc(N3CCNCC3)c(F)cc2c1=O,CHEMBL15361
DEC_2257,decoy,CC(=O)O[C@H]1CC[C@@]2(C)C(CC[C@]3(C)C2CC=C2[C@@H]4CC(C)(C)CC[C@]4(C(N)=O)CC[C@]23C)C1(C)C,CHEMBL57052
DEC_3425,decoy,O=C(O)CCc1c(-c2cccnc2)ccc2c1CCC(NS(=O)(=O)c1ccc(Cl)cc1)C2,CHEMBL28560
DEC_3325,decoy,Oc1ccc2c(c1)OC[C@@H](N1CCC(O)(CCc3ccccc3)CC1)[C@H]2O,CHEMBL17885
DEC_2662,decoy,COOC1(OOCCC(=O)O)CCCCCCCCCCC1,CHEMBL286278
DEC_0838,decoy,CN1CCN(c2nc3cc(Cl)cc(NS(=O)(=O)c4ccc(Cl)cc4)c3nc2N2CCN(C)CC2)CC1,CHEMBL63013
DEC_0275,decoy,CO/N=C(\C)c1ccc(Sc2cc(F)cc([C@@]3(OC)CCO[C@@H](C)C3)c2)cc1,CHEMBL278364
DEC_3969,decoy,NCC/N=C(\S)Nc1c(Br)cccc1Br,CHEMBL31851
DEC_0926,decoy,C[C@@H](NC(=O)c1ccc(-c2cc(C(F)(F)F)nn2C)s1)[C@](O)(Cn1cncn1)c1ccc(F)cc1F,CHEMBL266006
DEC_2373,decoy,C/C=C(\NC(=O)CC(C)CC(C)(C)C)C(=O)O,CHEMBL12387
DEC_3894,decoy,CCCC1Nc2cccc([C@@H]3C[C@H]3CNC(C)=O)c2O1,CHEMBL19128
DEC_2909,decoy,COc1cc2c(Nc3c(F)cc(Cl)cc3F)ncnc2cc1OCC1CCN(C)CC1,CHEMBL422758
DEC_1670,decoy,CCCC(c1cccc(NS(=O)(=O)c2cn(C)cn2)c1)c1c(O)c2c(oc1=O)CCCCCC2,CHEMBL16511
DEC_3544,decoy,c1ccc2c3c(ccc2c1)OC(C1=NCCN1)C3,CHEMBL266835
DEC_0064,decoy,CC(C)OC(=O)N1c2ccccc2C[C@H]1C(=O)N[C@H](C(=O)c1nnc(C(C)(C)C)o1)C(C)C,CHEMBL23100
DEC_2350,decoy,O=C(OC1CN2CCC1CC2)C1=C/C(=C\c2ccccn2)c2ccccc21,CHEMBL21716
DEC_4002,decoy,Cc1[nH]c2cccc3c2c1C[C@@H]1C3C[C@H](NC(=O)C(C)(C)C)CN1C,CHEMBL25013
DEC_1694,decoy,CCCCC1(C)CC(=O)N(Cc2ccc(-c3ccccc3-c3nn[nH]n3)cc2)/C(=C/C(=O)OCC)C1,CHEMBL299151
DEC_1923,decoy,CNS(=O)(=O)N(C)[C@@H]1CCN2CCc3ccccc3[C@@H]2C1,CHEMBL286650
DEC_4487,decoy,O=c1[nH]c(=O)n(C2CC(O)C(CO)O2)cc1/C=C/Br,CHEMBL10165
DEC_1950,decoy,C#CCOCCn1c(N2CCCN(C)CC2)nc2ccccc21,CHEMBL279875
DEC_1016,decoy,C=C1/C=C(\C)[C@H](CC)OC(=O)[C@H](C)C(=O)[C@@](O)(CO)C/C(OCC(F)(F)F)=C/[C@@H](C)C1,CHEMBL32487
DEC_1549,decoy,O=C1NC(=O)C(CC#Cc2ccccc2)(S(=O)(=O)c2ccc(Cl)cc2)S1,CHEMBL12087
DEC_4005,decoy,O=C1CCC/C=C\C[C@@H]2C(/C=C\[C@@H](CCc3ccccc3)O1)[C@H](O)C[C@@H]2O,CHEMBL12652
DEC_1146,decoy,O=C(Cn1c(C2CCNCC2)nc2cc(Cl)c(Cl)cc21)N/N=C/c1cc[n+]([O-])cc1,CHEMBL20106
DEC_2721,decoy,CCN(CC)CCn1nc2c3c(c(CN)ccc31)Sc1ccccc1-2,CHEMBL281022
DEC_1820,decoy,c1ccc2sc(C3(N4CCCCC4)CCCCC3)cc2c1,CHEMBL279556
DEC_0410,decoy,CC(C)[C@H]1OC(=O)O[C@@]1(Cn1cncn1)c1ccc(Cl)cc1,CHEMBL275465
DEC_1699,decoy,COc1cc2c(Nc3ccc(Cl)cc3F)ncnc2cc1OCCC1CCN(C)CC1,CHEMBL25425
DEC_1083,decoy,C=C1C=C2c3cccc4[nH]cc(c34)C[C@H]2N(C)C1,CHEMBL39604
DEC_2232,decoy,CCCNC(=O)[C@]12CCC(C)(C)CC1C1C(=O)C=C3[C@@]4(C)C=C(C#N)C(=O)C(C)(C)[C@@H]4CC[C@@]3(C)[C@]1(C)CC2,CHEMBL268391
DEC_3277,decoy,CNCCCC12CCC(c3ccccc31)c1ccccc12,CHEMBL21731
DEC_2968,decoy,Brc1cccc2[nH]c3c(c12)CCN=C3,CHEMBL267599
DEC_2338,decoy,Cc1ccccc1C(OCC(O)CN1C(C)CCCC1C)c1ccccc1,CHEMBL18937
DEC_1160,decoy,CC(C)(C)C1CSC(C2=CC(=O)C(Br)=CC2=[N+]=[N-])SC1,CHEMBL31975
DEC_3147,decoy,CCCc1cc(N)c([N+](=O)[O-])c(=O)n1Cc1ccc(-c2ccccc2-c2nn[nH]n2)cc1,CHEMBL25332
DEC_0580,decoy,Oc1c(Cl)c(OCC(F)(F)F)nc(C(Cl)(Cl)Cl)c1Cl,CHEMBL11430
DEC_4548,decoy,O=C(NC(Cc1ccccc1)C(O)CN1CCCCCCCCCCCCOC1=O)O[C@H]1CO[C@H]2OCC[C@H]21,CHEMBL303590
DEC_0193,decoy,CC1=C(C(=O)OC(c2ccccc2)c2ccccc2)N2C(=O)[C@@H](NC3=NC(c4ccccc4)CN3)C2SC1,CHEMBL276686
DEC_0483,decoy,CCOc1ccc(N(CC(=O)O)C(=O)C(C)CS)cc1OCC,CHEMBL279051
DEC_3286,decoy,Cc1c2ccncc2c(C)c2c1[nH]c1ccccc12,CHEMBL123
DEC_0989,decoy,O=C1CCC(c2ccc(-n3cnc4c3CCCC4)cc2)=NN1,CHEMBL30623
DEC_3621,decoy,CC(C)(O)c1nc(-c2ccc(F)cc2)c(-c2ccncc2)[nH]1,CHEMBL22712
DEC_0511,decoy,c1ccc2c(c1)OC1(CCNC1)C2n1cccc1,CHEMBL433043
DEC_3941,decoy,Ic1ccc(OCCCc2c[nH]cn2)cc1,CHEMBL21230
DEC_0821,decoy,N#Cc1ccccc1N1CCN(CCCCC23CCCc4cccc(c42)NC3=O)CC1,CHEMBL273246
DEC_2131,decoy,COC(=O)/C=C/[C@H]1CCC2=C/C(=N/N=C(N)N)CC[C@@]21C,CHEMBL435163
DEC_0371,decoy,CO[C@H]1[C@H](O)[C@H]2[C@@H](O[C@@H]1CO)n1c3ccc([N+](=O)[O-])cc3c3c4c(c5c6cc([N+](=O)[O-])ccc6n2c5c31)C(=O)NC4=O,CHEMBL27781
DEC_4474,decoy,CC1OC(c2nc3c([N+](=O)[O-])cccn3n2)C(O)C(O)C1=O,CHEMBL24823
DEC_0711,decoy,O=C1[C@@H]2C(c3ccccc3)NC3(Cc4ccccc4C3)[C@@H]2C(=O)N1c1ccc(Cl)c(Cl)c1,CHEMBL433225
DEC_3193,decoy,O=C1C(O)=C(C(C2=C(O)C(=O)c3ccccc3C2=O)c2ccc(Cl)cc2)C(=O)c2ccccc21,CHEMBL287689
DEC_2609,decoy,N=C(c1ccc(CN2CCN(S(=O)(=O)c3cc4ccc(Cl)cc4s3)CC2=O)cc1)N1CCCCC1,CHEMBL305097
DEC_2316,decoy,Brc1ccc(C2(Cn3ccnc3)OCC(c3ccccc3)O2)cc1,CHEMBL30036
DEC_2461,decoy,c1ccc([C@H]2CN3CCCC[C@H]3c3ccccc32)cc1,CHEMBL32497
DEC_3141,decoy,N[C@@H]1CCc2ccccc2N(Cc2ccc(-c3ccccc3-c3nn[nH]n3)cc2)C1=O,CHEMBL13933
DEC_3127,decoy,CC1CC/C(=N\Nc2ccc(I)cc2)c2ncc(C(=O)O)c(=O)n21,CHEMBL15227
DEC_4095,decoy,Cn1cncc1C(OCc1ccc(C#N)cc1-c1cccc(OC(F)(F)F)c1)c1ccc(C#N)nc1,CHEMBL38615
DEC_0857,decoy,CC1(C)Oc2ccc(C#N)cc2[C@H](/N=C(/NC#N)Nc2ccc(Cl)cc2)[C@H]1O,CHEMBL11802
DEC_2716,decoy,C=CC(=O)Nc1ccc2ncnc(Nc3ccc(F)c(Cl)c3)c2n1,CHEMBL28418
DEC_0192,decoy,O=S(=O)(c1cccc2cccnc12)N1Cc2ccccc2N(Cc2c[nH]cn2)C(CCc2ccccc2)C1,CHEMBL8213
DEC_1760,decoy,C1CCNCC1.C1CCNCC1.CC(C)(C)C(=O)OCOP(=O)(O)C(Cl)(Cl)P(=O)(O)OCOC(=O)C(C)(C)C,CHEMBL347762
DEC_4221,decoy,Clc1ccc(C(=C2CN=CNC2)c2ccc(Cl)cc2)cc1,CHEMBL29905
DEC_2780,decoy,O=C1c2c(F)cc(O)cc2O[C@H](c2ccc(OCCN3CCCCC3)cc2)[C@@H]1c1ccc(O)cc1,CHEMBL33568
DEC_1059,decoy,Cn1cncc1C(OCc1ncc(C#N)cc1-c1cccc(Cl)c1)c1ccc(C#N)cc1,CHEMBL39117
DEC_2796,decoy,CCCOc1ccc(C(N)=O)cc1-c1nc(O)c2cc3c(cc2n1)ncn3Cc1ccc(F)cc1,CHEMBL278354
DEC_1081,decoy,c1ccc([C@H]2OC[C@H]([C@@H]3CCCCN3)O2)cc1,CHEMBL432263
DEC_0849,decoy,O=C(Cn1c(C2CCNCC2)nc2cc(Cl)c(Cl)cc21)N/N=C/c1c[nH]cn1,CHEMBL278566
DEC_0034,decoy,NCC1CCN(c2c(F)c(N)c3c(=O)c(C(=O)O)cn(C4CC4)c3c2F)C1,CHEMBL15391
DEC_1093,decoy,Cc1sc(C)c2c1CCCC2c1c[nH]cn1,CHEMBL30739
DEC_4118,decoy,CC(=O)NCc1ccc(-c2csc(NC(=N)NCCC3=CCCCC3)n2)o1,CHEMBL24361
DEC_2333,decoy,N#Cc1ccc(Cn2ccnc2)cc1Oc1cccc(Cc2ccccc2)c1,CHEMBL24985
DEC_2724,decoy,CSc1cc2n(c1C(=O)c1ccc(OC(C)C)cc1)CCC2C(=O)O,CHEMBL19451
DEC_3724,decoy,CCCNc1ccccc1-c1nc2ccc[nH]c-2n1,CHEMBL32093
DEC_4284,decoy,COc1ccccc1C/N=C(\S)c1ccc2cnccc2n1,CHEMBL267235
ACT_011,active,CO[C@H]1/C=C\C=C(/C)C(=O)NC2=CC(=O)C(N3CCC3)=C(C[C@@H](C)C[C@H](OC)[C@H](O)[C@@H](C)/C=C(\C)[C@@H]1OC(N)=O)C2=O,CHEMBL433670
DEC_0542,decoy,c1ccc2c(c1)OCC(C1=NCCN1)(C1CCCC1)O2,CHEMBL274344
DEC_0208,decoy,Clc1cccc(Br)c1N(CC1CC1)C1=NCCN1,CHEMBL423474
DEC_2161,decoy,C=C(Cl)C(=O)N[C@@]12CCC(=O)[C@@H]3Oc4c(O)ccc5c4C31CCN(CC1CC1)C2C5,CHEMBL288178
DEC_0612,decoy,C[C@]12CCC3C(CC=C4C[C@@H](O)[C@H]5COC[C@]43C5)C1CC[C@@H]2OC1CC1,CHEMBL413593
DEC_4292,decoy,CN1Cc2sc([N+](=O)[O-])cc2C(c2ccc(Cl)cc2)C1,CHEMBL15949
DEC_0544,decoy,C/N=C(\S)N/N=C(C)/C=N/N=C(\S)N(C)C,CHEMBL30042
DEC_0233,decoy,C=CCN1CC[C@]23c4c5ccc(O)c4O[C@H]2C(=O)CC[C@@]3(OC)C1C5,CHEMBL277122
DEC_2606,decoy,N#Cc1cccc(Cc2cc(CCC(=O)O)c3c(c2)CC(NS(=O)(=O)c2ccc(Cl)cc2)CC3)c1,CHEMBL280602
DEC_4367,decoy,C[C@@H]1CC2C3CCC4=Cc5c(cnn5-c5ccc(F)cc5)CC4(C)C3C(O)CC2(C)C1(O)C(=O)CO,CHEMBL14275
DEC_0765,decoy,CC(C)NC(=O)N[C@@H](c1ccccc1)[C@@H](O)C(=O)OC1CC2C(C)(C)C1(C)[C@@]13C[C@H](C)c4ccccc4[C@@]21O3,CHEMBL31680
DEC_2463,decoy,C[N+](C)([O-])CCC=C1c2ccccc2CCc2ccccc21,CHEMBL627
DEC_0752,decoy,CCCCNC(=O)N[C@@H](c1ccccc1)[C@@H](O)C(=O)OC1CC2C(C)(C)C1(C)[C@@]13C[C@H](C)c4ccccc4[C@@]21O3,CHEMBL32238
DEC_3025,decoy,Cc1ccc(C(c2cc(C)ns2)N2CCN(C)CC2)c(C)c1,CHEMBL25162
DEC_0307,decoy,CN1CC=C(c2c[nH]c3ccc(-c4ccsc4)cc23)CC1,CHEMBL417470
DEC_2932,decoy,O=C(O)c1cn(-c2ccc(F)cc2)c2cc(N3CCNC(CF)C3)c(F)cc2c1=O,CHEMBL35504
DEC_2398,decoy,CC(C)Oc1ccccc1OC(C)C1=NCCN1,CHEMBL14208
DEC_0147,decoy,C#CCN(Cc1cc2c(O)nc(C)nc2cc1C)c1ccc(C(=O)N[C@@H](C(=O)O)C(C)(C)C)c(F)c1,CHEMBL6436
DEC_2444,decoy,COc1ccnc(C[S+]([O-])c2nc3cc(OC(F)(F)C(F)F)ccc3[nH]2)c1OC,CHEMBL9638
DEC_2230,decoy,CC1=C([N+](=O)[O-])[C@@H](c2ccccc2C(F)(F)F)[C@H](C(=O)c2ccccc2)C(/C=C(\O)c2ccccc2)=N1,CHEMBL46962
DEC_1151,decoy,CC1(C)NC(=O)N(C[C@@H](COc2ccc(-c3ccc(OC(F)(F)F)cc3)cc2)N(O)C=O)C1=O,CHEMBL40143
DEC_1657,decoy,CCCCCc1cc(O)c2c(c1)OC(C)(C)[C@@H]1CC[C@H](CNC)CC21,CHEMBL281702
DEC_2311,decoy,Cc1ccc(C2(Cn3ccnc3)OCC(c3ccc(Br)cc3)O2)cc1,CHEMBL29578
DEC_3424,decoy,CCCc1ccc2c(c1CCC(=O)O)CCC(NS(=O)(=O)c1ccc(Cl)cc1)C2,CHEMBL28552
DEC_1118,decoy,CC1O[C@H]2[C@H](C[C@H](OCC34C[C@@H]5[C@H](C)CC[C@H]5C5(C=O)CC3C=C(C(C)C)C45C(=O)O)O[C@@H]2C)O1,CHEMBL279691
DEC_1714,decoy,OC1(C#Cc2ccc(Oc3ccc(Br)cc3)cc2)CN2CCC1CC2,CHEMBL24776
DEC_3622,decoy,C1=C(c2ccc(-n3ccnc3)cc2)c2nccn2CC1,CHEMBL27806
DEC_1746,decoy,Cc1cccc(Cc2nc(SC3CCCCC3)nc(N/N=C(/N)S)c2C)c1,CHEMBL35679
DEC_4346,decoy,Cc1ccc([C@H]2OC(=O)O[C@]2(Cn2cncn2)c2ccccc2Cl)cc1,CHEMBL10467
DEC_2041,decoy,CC(C)(/N=c1\c(O)c(O)\c1=N/c1ccc(C#N)cc1)c1ccccc1,CHEMBL18829
DEC_3078,decoy,CN1CCN(C(c2ccccc2)c2ccccc2)CC1,CHEMBL648
DEC_0825,decoy,O[C@H](CN1CCN(CCOC(c2ccccc2)c2ccccc2)CC1)c1ccccc1,CHEMBL26013
DEC_4147,decoy,CCNCC1CCN(c2c(F)cc3c(=O)c(C(=O)O)cn(C4CC4C)c3c2F)C1,CHEMBL6282
DEC_3139,decoy,CCCc1cc(C(=O)O)cc(=O)n1Cc1ccc(-c2ccccc2-c2nn[nH]n2)cc1,CHEMBL22791
DEC_3864,decoy,CCCCCC(B1OC(C)(C)C(C)(C)O1)P(=O)(O)O,CHEMBL281392
DEC_2384,decoy,Cc1ccc(C(O)(c2cncnc2)C(C)C)s1,CHEMBL29491
DEC_1605,decoy,CCOc1nc2c(n1Cc1ccc(OC)c(Br)c1)C(=O)N(CC)C1=N[C@@H]3CCC[C@@H]3N12,CHEMBL441223
DEC_3032,decoy,CC(C)Oc1ccccc1C/N=C(\S)c1ccc2cnccc2n1,CHEMBL9547
DEC_2186,decoy,O=C1NC(Cc2ccccc2)C2(CCN(CC(O)C3COc4ccccc4O3)CC2)O1,CHEMBL27271
DEC_0386,decoy,CC(C)C12OC3(c4ccccc4)OC1[C@@H]1[C@@H]4O[C@]4(CO)[C@@H](O)[C@]4(O)C(=O)C=C[C@@]4(C)C1(O3)[C@H](C)[C@H]2OC(=O)c1ccccc1,CHEMBL327914
DEC_0917,decoy,CC1O[C@H]2[C@H](O)[C@H](OCC34C[C@@H]5[C@H](C)CC[C@H]5C5(C=O)CC3C=C(C(C)C)C45C(=O)O)O[C@H](C)[C@H]2O1,CHEMBL283375
DEC_0249,decoy,CN1Cc2c(C(=O)OC(C)(C)C)ncn2-c2ccc(N=C=S)cc2C1=O,CHEMBL6814
DEC_1145,decoy,CC1=C(C(=O)OC(c2ccccc2)c2ccccc2)N2C(=O)[C@@H](NC3=NCCN3)C2SC1,CHEMBL274203
DEC_2206,decoy,CCOC(=O)C(C)Nc1cccc2c(S(=O)(=O)Nc3onc(C)c3C)cccc12,CHEMBL29448
DEC_3223,decoy,O=C1O/C(=C\I)CCC1c1cccc2ccccc12,CHEMBL6228
DEC_0512,decoy,C/C=C(\NC(=O)C1(C)CC1(Cl)Cl)C(=O)O,CHEMBL276189
DEC_0522,decoy,C[C@]12CCC(O)[C@@](C)(CO)[C@@H]1CCC1C[C@H](O)C[C@@H]12,CHEMBL28724
DEC_0120,decoy,CC[C@@]1(O)C(=O)OCc2c1cc1n(c2=O)Cc2cc3c(CNC4CCCCC4)c(O)ccc3nc2-1,CHEMBL276477
DEC_2712,decoy,C=CCCC(=O)O[C@H](CC=C(C)C)C1=CC(=O)c2c(O)ccc(O)c2C1=O,CHEMBL276448
DEC_2479,decoy,CCCC(=O)c1cc(C(C)(C)C)c2c(c1)C(C)(C)CS2,CHEMBL14767
DEC_2264,decoy,Oc1ccc2c3c1OC1[C@H]4OC[C@@]4(CCCCc4ccccc4)CC4C(C2)N(CC2CC2)CCC341,CHEMBL9733
DEC_0204,decoy,C[C@@H](N)Cc1c2c(c(C(F)(F)F)c3c1OCC3)OCC2.Cl,CHEMBL6452
DEC_1915,decoy,CCCN(CCC)C1Cc2cccc3[nH]c(=O)c(=O)n(c23)C1,CHEMBL275048
DEC_1542,decoy,CN(C)c1cccc2c(S(=O)(=O)Nc3cnc(Br)nc3)cccc12,CHEMBL7019
DEC_0168,decoy,C=C(Cl)CN1C[C@H](OCC23C[C@@H]4[C@H](C)CC[C@H]4C4(C=O)CC2C=C(C(C)C)[C@@]34C(=O)O)OCC12CCCC2,CHEMBL283045
DEC_4356,decoy,CC(=O)n1c(=O)n(Cc2nc3ccccc3n2CCC(C)C)c2ccccc21,CHEMBL276145
DEC_0368,decoy,COc1ccc(-n2nnnc2C(F)(F)F)cc1[C@H]1COCC2(C1)OCCN(Cc1n[nH]c(O)n1)[C@H]2c1ccc(F)cc1,CHEMBL83250
DEC_1857,decoy,CC(C)c1ccc2c(c1)CC[C@H]1[C@]3(CCC[C@]21C)CO3,CHEMBL12770
DEC_3430,decoy,O=C1NCCN1CCN1CC=C(c2cn(-c3ccc(F)cc3)c3ccc(Cl)cc23)CC1,CHEMBL12186
DEC_3755,decoy,O=c1c(-c2ccc(F)c(F)c2)coc2cc(O)cc(O)c12,CHEMBL24459
DEC_0935,decoy,O=C(NC(Cc1ccccc1)C(O)CN1C/C=C\CCCCCCCCOC1=O)O[C@H]1CO[C@H]2OCC[C@H]21,CHEMBL302689
DEC_0111,decoy,CCc1nc2c(N(C)C)c(OC3CCN(C(C)=N)CC3)ccc2n1Cc1ccc2ccc(C(=N)N)cc2c1,CHEMBL24012
DEC_0656,decoy,N#Cc1cc(-c2ccoc2)c2ccc(OCc3cccc(C4(O)CC5COC(C4)O5)c3)cc2n1,CHEMBL22578
DEC_1296,decoy,Cc1ccccc1-c1cc(N(Cc2ccccc2)Cc2c[nH]cn2)ccc1C#N,CHEMBL282368
DEC_4382,decoy,COC(=O)OC1CCC2(C)C(CCC3C2CCC2(C)[C@@H](C4=CC(=O)OC4)C(OC(=O)OC)CC32O)C1,CHEMBL268149
DEC_1861,decoy,CN1C[C@H](CN2CC(=O)NC2=O)C[C@@H]2c3ccc(C(C)(C)C)c4[nH]cc(c34)C[C@H]21,CHEMBL13464
DEC_1823,decoy,CN1C2CCC1[C@@H](/C=C/Cl)[C@@H](c1ccc(Cl)cc1)C2,CHEMBL28394
DEC_1065,decoy,C1=CC(=Nn2cccc2)C=CC1=Nn1cccc1,CHEMBL25024
DEC_2252,decoy,Cc1cc(C(C)(C)C)c(OC(=O)NS(=O)(=O)Oc2c(C(C)C)cccc2C(C)C)c(C(C)(C)C)c1,CHEMBL281332
ACT_051,active,Cc1ccc(CN2C(=O)Cc3c(Cl)nc(N)nc32)c(F)c1,CHEMBL4863988
DEC_4165,decoy,CCCCCCCCC#Cc1ccc2c(c1)C[C@@H](CO)NC(=O)[C@H](C(C)C)N2C,CHEMBL6453
DEC_0321,decoy,OC1CC2CCCCC2CC1N1CCC(c2ccccc2)CC1,CHEMBL20721
DEC_3843,decoy,O=C(/C=C1\CN2CCC1CC2)c1ccc(C(=O)c2ccc(Br)cc2)cc1,CHEMBL25460
DEC_2984,decoy,O=C1NC2(c3ccccc3)CCCCCN1C2=O,CHEMBL39126
DEC_3458,decoy,Cc1ccc([C@]2(C(=O)N[C@@H](Cc3ccc(-c4ccccc4O)cc3)C(=O)O)CCCO2)cc1C,CHEMBL418235
DEC_2513,decoy,O=S(=O)(c1ccccc1)N1C[C@@H](CN2CCC3(CC2)CSc2ccccc23)[C@@H](c2ccccc2)C1,CHEMBL284487
DEC_3995,decoy,CC(C)=CC[C@@H](OC(=O)CCl)C1=CC(=O)c2c(O)ccc(O)c2C1=O,CHEMBL8834
DEC_3767,decoy,COC1=CC(=O)c2c(c(COP(N)(=O)N(CCBr)CCBr)cn2C)C1=O,CHEMBL39519
DEC_2757,decoy,Cc1nccc2c1[nH]c1cc(OCCC3(C)OCC(C)(C)CO3)ccc12,CHEMBL14425
DEC_1097,decoy,CN(C)Cc1ccc2n1-c1ccccc1SC2,CHEMBL287054
DEC_4237,decoy,Clc1ccc(CN2CCc3ccccc3C2Cn2ccnc2)cc1,CHEMBL28270
DEC_0124,decoy,CC1OC(SCCCc2ccc(C(F)(F)C(F)(F)c3ccccc3)cc2)C(O)C(O)C1O,CHEMBL17871
DEC_0087,decoy,O=C1CC2(CCCC2)CC(O)N1OCCCN1CCN(c2nsc3ccccc23)CC1,CHEMBL274334
DEC_1024,decoy,Oc1ccc2c3c1OC1[C@H]4OC[C@@]4(CCc4ccccc4)CC4C(C2)N(CC2CCC2)CCC341,CHEMBL276450
DEC_0419,decoy,N#Cc1c2n(c3c(NCCc4ccccc4)ncnc13)CCCC2,CHEMBL282611
DEC_4495,decoy,O=C(O)c1cn(CCO)c2cc(N3CCNCC3)c(F)cc2c1=O,CHEMBL282356
DEC_2801,decoy,O/N=C1\c2ccc(O)cc2O[C@H](c2ccc(OCCN3CCCCC3)cc2)[C@@H]1c1ccc(O)cc1,CHEMBL33625
ACT_058,active,C/C1=C/C[C@@H]2[C@H](C(C)C)CC(=O)[C@@]2(C)/C=C2/C(C)CCC12,CHEMBL4530479
DEC_1139,decoy,O=C(N[C@@H]1CCC2(O)C3Cc4ccc(O)c5c4C2(CCN3CC2CC2)C1O5)C(=O)c1ccccc1,CHEMBL28284
DEC_0635,decoy,Cn1cncc1C(NN1CCC(C#N)=C(c2cccc3ccccc23)C1)c1ccc(C#N)cc1,CHEMBL280847
DEC_1379,decoy,C=CCONC1=NC(=O)/C(=C/c2cc(C(C)(C)C)c(O)c(C(C)(C)C)c2)O1,CHEMBL277515
DEC_0832,decoy,O=C1c2ccccc2C2(CC(=O)N(N=C3CCOCC3)C2=O)C(=O)N1Cc1nc2cc(C(F)(F)F)ccc2s1,CHEMBL293471
DEC_4222,decoy,C/C(=N\O)c1cc2c(Sc3ccc(C)cc3)cncc2s1,CHEMBL262570
DEC_0696,decoy,CC(C)N(C(=O)[C@H]1CCC2C3CC=C4C=C(P(=O)(O)O)CC[C@]4(C)C3CC[C@@]21C)C(C)C,CHEMBL24969
DEC_3311,decoy,CC1(C)CC(NP(=O)(O)N(CCCl)CCCl)CC(C)(C)N1O,CHEMBL268498
DEC_4021,decoy,CC(=O)/C=C/CC1C(=O)N2[C@@H](C(=O)O)C(C)(C)S(=O)(=O)[C@H]12,CHEMBL6301
DEC_1060,decoy,CN(C)CC#CCCC1SCCCS1,CHEMBL43529
DEC_4428,decoy,CC1(C)Oc2cc(N)c([N+](=O)[O-])c(N3CCCCC3)c2C[C@@H]1O,CHEMBL14551
DEC_2049,decoy,Cc1cc(I)cc2nc(C(=O)O)cc(O)c12,CHEMBL21529
DEC_4503,decoy,Cn1c(=O)c2nc(-c3ccc([N+](=O)[O-])cc3N)[nH]c2n(C)c1=O,CHEMBL11037
DEC_2315,decoy,Brc1ccc(C2COC(Cn3ccnc3)(c3ccccc3)O2)cc1,CHEMBL29777
DEC_2868,decoy,CCCCCCNS(=O)(=O)NC(=O)Oc1c(C(C)(C)C)cc(C)cc1C(C)(C)C,CHEMBL21687
DEC_1033,decoy,CN(C)/C=N\c1nc(/N=C/N(C)C)nc2ncc(Sc3ccc(Cl)c(Cl)c3)nc12,CHEMBL6584
DEC_1884,decoy,OC(c1ccc(Cl)cc1Cl)C(O)(Cn1cncn1)c1ccc(F)cc1,CHEMBL275963
DEC_2926,decoy,CCOc1c(N2CCNC(C)C2)c(F)cc2c(=O)c(C(=O)O)cn(C3CC3)c12,CHEMBL15372
DEC_0787,decoy,c1cncc(CCCN2CCc3c(n(CCCN4CCCCC4)c4ccccc34)C2)c1,CHEMBL12304
DEC_0685,decoy,C[C@]12C=CC(=O)NC1CCC1C2CC[C@@]2(C)C1CC[C@@H]2C(=O)Nc1cccc2ccccc12,CHEMBL285599
DEC_0659,decoy,N#Cc1ccc(Oc2nccc(-c3c(-c4ccc(F)cc4)ncn3C3CCNCC3)n2)cc1,CHEMBL13972
DEC_2727,decoy,CCNc1cccc2c(S(=O)(=O)Nc3onc(C)c3C)cccc12,CHEMBL26978
DEC_3022,decoy,N#Cc1ccc(Cn2ccnc2)cc1Oc1cccc(Cl)c1,CHEMBL22847
DEC_3795,decoy,Cc1noc(NS(=O)(=O)c2ccccc2-c2ccc(-c3ncco3)cc2CN2CCN(C)C2=O)c1C,CHEMBL282628
DEC_2095,decoy,C=CCC1=C[C@]2(OC)[C@H](C)[C@@H](c3ccc(OC)c(OC)c3)O[C@]2(OC)CC1=O,CHEMBL33562
DEC_2943,decoy,O=C1NC(=O)C(CC#Cc2ccc(F)cc2)(S(=O)(=O)c2ccc(Cl)cc2)S1,CHEMBL11815
DEC_0390,decoy,CC(=O)N1Cc2c(O)c3c(c(O)c2[C@H](OC2C[C@H](NC(=O)C(F)(F)F)[C@H](O)[C@H](C)O2)C1)C(=O)c1ccccc1C3=O,CHEMBL26624
DEC_4261,decoy,Cc1cc2c(s1)Nc1ccccc1N=C2N1CCN(C)CC1,CHEMBL715
DEC_0689,decoy,Cc1c(/C=C/CN)nc(O)c2c1ccc1nc(Nc3c(Cl)cccc3Cl)n(C)c12,CHEMBL30230
DEC_2855,decoy,CN1CCN(c2nc(Cl)c(Cl)c(NC3CCCC3)n2)CC1,CHEMBL31548
DEC_0395,decoy,CC(=O)O[C@H]1C(=O)[C@@]2(C)[C@H]([C@H](OC(=O)c3ccccc3)[C@]3(O)C[C@H](O)C(C)=C1C3(C)C)[C@]1(OC(C)=O)CO[C@@H]1C[C@@H]2O,CHEMBL288043
DEC_4174,decoy,Oc1cc(NCC2=CCCC2NCc2ccc(Cl)c(Cl)c2)nc2ccccc12,CHEMBL283576
DEC_0930,decoy,CCCCc1nc(Cl)c(C=O)n1Cc1ccc2c(c1)C1c3ccccc3C2C(c2nn[nH]n2)C1c1nn[nH]n1,CHEMBL312784
DEC_1156,decoy,CCCOc1ccc(S(=O)(=O)N2CCN(C)CC2)cc1-c1nc(O)c2cc3[nH]cnc3cc2n1,CHEMBL22906
DEC_1010,decoy,[O-][n+]1cc(C(Cc2ccncc2)c2ccc(Cl)cc2)cc(OC(F)F)c1OC(F)F,CHEMBL284852
DEC_1759,decoy,C[C@H]1[C@@H](OCc2ccc(C(=O)O)cc2)O[C@@H]2O[C@@]3(C)CC[C@H]4[C@H](C)CC[C@@H]1[C@@]24OO3,CHEMBL277015
DEC_2779,decoy,CCCc1cc(OCc2ccncc2)cc(=O)n1Cc1ccc(-c2ccccc2-c2nn[nH]n2)cc1,CHEMBL21686
DEC_1342,decoy,CNc1nc(Cl)c(SC)c(N2CCN(C)CC2)n1,CHEMBL407641
DEC_1255,decoy,Fc1ccc(-c2ncn(C3CCNCC3)c2-c2ccnc(Oc3ccccc3)n2)cc1,CHEMBL275798
DEC_2155,decoy,Nc1ccccc1C[S+]([O-])c1nc2cc(Cl)ccc2[nH]1,CHEMBL20286
DEC_2956,decoy,O=C1OC2(CCN(CC(O)C3COc4ccccc4O3)CC2)CN1CCc1ccccc1,CHEMBL24974
DEC_1643,decoy,CC1c2cccc3c2N(CC3)c2ccccc2N1C(=O)CCN1CCCCC1,CHEMBL28594
DEC_1309,decoy,OC(COc1ccccc1)CN1CCC(c2ccc(Oc3ccccc3)cc2)CC1,CHEMBL281072
DEC_4171,decoy,CC[C@@H](c1ccc(O)cc1)[C@H](CCCCn1cc(C(=O)O)c(=O)[nH]1)c1ccc(O)cc1,CHEMBL266377
DEC_2168,decoy,CC(=O)Oc1ccc2c3c1O[C@H]1[C@H](SC(C)=O)CCC4[C@@H](C2=O)N(CC2CC2)CC[C@@]341,CHEMBL432472
DEC_1839,decoy,Cc1cc2c(s1)CN(C)CC2c1c(Cl)cccc1Cl,CHEMBL15747
DEC_1412,decoy,NS(=O)(=O)c1cc(N2CCN(CC(O)COc3cccc4c3SCC(=O)N4)CC2)ccc1Cl,CHEMBL40609
DEC_2283,decoy,CC[C@H]1CO[C@H]2[C@@H]1C[C@H](OCC13C[C@@H]4[C@H](C)CC[C@H]4C4(C=O)CC1C=C(C(C)C)C34C(=O)O)O[C@@H]2C,CHEMBL295883
DEC_2620,decoy,CC(C)(C)NC(=O)[C@H]1CC[C@H]2[C@@H]3CC[C@H]4NC(=O)C=C[C@]4(C)[C@H]3CC[C@]12C,CHEMBL710
DEC_1155,decoy,O=C1[C@@H](NS(=O)(=O)c2cc3c(Cl)nccc3s2)CCN1Cc1cc2cc[nH]cc-2n1,CHEMBL8506
DEC_0897,decoy,O=c1oc(Nc2ccccc2I)nc2cc(Cl)c(Cl)cc12,CHEMBL10569
DEC_2734,decoy,CCN(CC)CCNc1ccc2ncn3c4ccc(C(C)(C)C)cc4c(=O)c1c23,CHEMBL8801
DEC_1557,decoy,Nc1ccc(S(=O)(=O)c2cc(Br)nc(N3CCCC3)c2)cc1,CHEMBL23038
DEC_0808,decoy,CO[C@H]1O[C@]2(C)OO[C@]13[C@H](CCOCc1ccccc1)CCC[C@@H]3CC2(C)C,CHEMBL22956
DEC_1106,decoy,CC(Oc1ccccc1C(C)C)C1=NCCN1,CHEMBL266613
DEC_0282,decoy,CN1CCC23c4c5ccc(O)c4OC2[C@H]2OC[C@@]2(CCCc2ccccc2)CC3C1C5,CHEMBL417605
ACT_071,active,O=[N+]([O-])/C=C/c1ccc2c(ccn2Cc2ccccc2)c1,CHEMBL1453089
DEC_3148,decoy,COc1ccc2c3c1OC1[C@H](O)[C@](CO)(CCCc4ccccc4)CC4C(C2)N(C)CCC341,CHEMBL9983
DEC_1736,decoy,Cc1nc(O)c2c(ccc3c2nc(Nc2c(Cl)cccc2Cl)n3C)c1C,CHEMBL29567
DEC_1911,decoy,[O-][P@+]1(N(CCCl)CCCl)NC[C@@H](Cl)CO1,CHEMBL31565
DEC_2816,decoy,CSc1c(Cl)nc(N2CCN(C)CC2)nc1NC1CCCC1,CHEMBL284188
DEC_2546,decoy,CC1(C)C2CCC1(CS(=O)(=O)N1CCC3(CCc4ccccc43)CC1)C(NC(=O)C1CN3CCC1CC3)C2,CHEMBL283746
DEC_1851,decoy,CC1(O)C[C@@]23CCC4c5ccoc5C=C[C@@]4(C)C2CCC1C3,CHEMBL31943
DEC_3955,decoy,CCCn1c(=O)c2nc(-c3ccccc3N)[nH]c2n(CCC)c1=O,CHEMBL11104
DEC_0885,decoy,Cc1noc(NS(=O)(=O)c2cccc3c(NC(=O)C(C)C)cccc23)c1C,CHEMBL26252
DEC_4013,decoy,CC1(C)O[C@@H]2[C@@H](CO[C@@]3(COS(C)(=O)=O)OC(C)(C)O[C@@H]23)O1,CHEMBL27137
DEC_2175,decoy,CS(=O)(=O)[O-].C[N+](C)(N)CCCN1c2ccccc2Sc2ccc(Cl)cc21,CHEMBL21564
DEC_4406,decoy,COc1cccc2c1CC[C@H]1CN(CCn3c(=O)[nH]c4c(sc5c(Cl)cccc54)c3=O)C[C@@H]21,CHEMBL41396
DEC_1565,decoy,N#Cc1c2n(c3c(N4CCN(CCc5ccccc5)CC4)nc(I)nc13)CCCC2,CHEMBL27823
DEC_2850,decoy,COc1cc2c(cc1OC)[C@@H]1C[C@@H]3C[C@H](OC(C)=O)CC[C@@H]3CN1CC2,CHEMBL280810
DEC_0889,decoy,CC(=O)S[C@@H]1CC2=CC(=O)CCC2(C)C2CCC3(C)C(CC[C@@]34CCC(=O)O4)C21,CHEMBL30458
DEC_0251,decoy,CC(C)(C)C1CS(=O)(=O)C(c2c(F)c(F)c(N=[N+]=[N-])c(F)c2F)S(=O)(=O)C1,CHEMBL31286
DEC_0683,decoy,O=S(=O)(CC(F)(F)F)c1nc(-c2ccc(Cl)cc2)c(-c2ccc(Cl)cc2)[nH]1,CHEMBL274708
DEC_3784,decoy,CCOC(=O)C1CC2(COCc3ccccc3)C(=O)N(CCC3=CCCCC3)CC(=O)N2C1c1ccco1,CHEMBL14225
DEC_2017,decoy,c1ccc2c(CC3=NCCN3)c3ccccc3c(CC3=NCCN3)c2c1,CHEMBL27223
ACT_042,active,CC(C)Sc1nc(SCC(=O)NCc2ccco2)c2c3c(sc2n1)COC(C)(C)C3,CHEMBL1479424
DEC_4531,decoy,O=C(O)CCCC(=O)N1CCN(c2ccnc3cc(Cl)ccc23)CCN(c2ccnc3cc(Cl)ccc23)CC1,CHEMBL294940
DEC_1032,decoy,CCN(C)CC#CCCC1(C2(O)c3ccccc3Oc3ccccc32)SCCCS1,CHEMBL287758
DEC_3505,decoy,c1ccc2c(c1)Oc1ccccc1C2N1CCNCC1,CHEMBL281617
DEC_2773,decoy,CCCc1nc2c(n1Cc1ccc(-c3ccccc3-c3nn[nH]n3)cc1)C(=O)CC(C(C)C)CC2,CHEMBL434011
DEC_2342,decoy,CC(C)N(CCC1(c2ccccc2)C(=O)N=CN2CCCCC21)C(C)C,CHEMBL25818
DEC_3506,decoy,OC1CCCCC1N1C=NC(c2ccccc2)C1,CHEMBL283986
DEC_1046,decoy,Cn1cncc1C(c1ccc(C#N)cc1)N1CCC(C#N)=C(c2cccc3ccccc23)C1,CHEMBL30118
DEC_1295,decoy,CC(C)Cc1ccc(CCn2ncc3c2nc(N)n2nc(-c4ccco4)nc32)cc1,CHEMBL17013
DEC_0959,decoy,CC(C)(N)CC(=O)N[C@@H]1CC(=O)c2ccccc2N(Cc2ccc(-c3ccccc3-c3nn[nH]n3)cc2)C1=O,CHEMBL277042
DEC_3168,decoy,CC(C)c1ccc2c(c1)CC=C(c1ccccc1)C(N1CCN(C)CC1)=N2.O=C(O)/C=C/C(=O)O,CHEMBL275361
DEC_1354,decoy,C=CCOC1(C2=NCCN2)COc2ccccc2O1,CHEMBL9763
DEC_0769,decoy,O=C1Nc2ccccc2N(c2ccccc2)C[C@@H]1NC(=O)[C@@H](c1ccc(F)cc1)[C@H](CO)c1ccc(F)c(F)c1,CHEMBL74566
DEC_1898,decoy,CC(C)c1csc2c1C(N1CCN(C)CC1)=Nc1cc(F)ccc1N2,CHEMBL276753
DEC_4457,decoy,CCCSc1c2c(nc(N)n3nc(-c4ccco4)nc23)nn1C,CHEMBL280888
DEC_4207,decoy,CCN(CC)CCNC(=O)c1c(C)[nH]c(/C=C2\C(=O)Nc3ccc(Cl)cc32)c1C,CHEMBL13485
DEC_3386,decoy,CCOP(=O)(OCC)c1coc(C[C@H](NC(=O)OC(C)(C)C)C(=O)O)c1,CHEMBL285622
DEC_1925,decoy,Cn1cc(C2=NCC3(CN4CCC3CC4)O2)c2ccccc21,CHEMBL269161
DEC_0018,decoy,CC(C)Nc1nc(N2CCN(C)CC2)nc(Cl)c1Br,CHEMBL31950
DEC_1278,decoy,COP(=O)(OC)OC(c1ccc(Cl)cc1Cl)P(=O)(OC)OC,CHEMBL32351
DEC_1453,decoy,CCN(Cc1ccc2nc(CF)nc(O)c2c1)c1ccc(C(=O)N[C@H](CCC(=O)O)C(=O)O)s1,CHEMBL42357
DEC_2637,decoy,OC1(c2nc(-c3ccc(F)cc3)c(-c3ccncc3)[nH]2)CCCCCC1,CHEMBL277409
DEC_2400,decoy,C[C@]12CC/C(=N\N=C(N)N)C=C1CC[C@@H]2/C=C/[N+](=O)[O-],CHEMBL285842
DEC_4262,decoy,O=C1Nc2ccc(F)cc2C(C#Cc2ccco2)(C(F)(F)F)O1,CHEMBL17446
DEC_1804,decoy,COc1cc(C(=O)O)c2c(c1C)OC(=O)c1c(C)cc(O)c(CN3CCC(NC(=O)CO[C@@H]4C[C@H](C)CC[C@H]4C(C)C)CC3)c1O2,CHEMBL326325
DEC_2974,decoy,C[C@@H]1CC[C@H]2[C@@H](C)CO[C@@H]3O[C@@]4(C)CC[C@@H]1[C@]32OO4,CHEMBL273441
DEC_0899,decoy,Cc1nnc2n1-c1sc(C#Cc3ccc4c(c3)CCC4)cc1C(c1ccccc1Cl)=NC2,CHEMBL284280
DEC_1747,decoy,Cc1cc(-n2ncc(=O)[nH]c2=O)cc(Cl)c1Sc1ccc(Cl)cc1,CHEMBL26660
DEC_3512,decoy,Oc1nc2c(F)c(F)c(F)c(F)c2nc1O,CHEMBL289779
DEC_1043,decoy,O=S1O[C@H](c2ccc(F)cc2)[C@@](Cn2cncn2)(c2ccc(Cl)cc2Cl)O1,CHEMBL276844
DEC_0255,decoy,O=C(O)CN1CCC2(CCC(C(=O)N3CCC(C4CCCCC4)CC3)CC2)CC1,CHEMBL24671
DEC_4031,decoy,Cc1cc(-n2ncc(=O)[nH]c2=O)cc(C)c1S(=O)(=O)Cl,CHEMBL11560
DEC_3954,decoy,CC(C)Oc1ccc(C(=O)c2ccc3n2CCC3C(=O)O)cc1,CHEMBL9481
DEC_0906,decoy,Cc1nnc2n1-c1sc(I)cc1C(c1ccccc1Cl)=NC2C,CHEMBL283113
DEC_3389,decoy,CCCc1cc(I)cc(CNCCCN(C)C)c1O,CHEMBL21615
DEC_1221,decoy,CCCc1cc(SC)cc(=O)n1Cc1ccc(-c2ccccc2-c2nn[nH]n2)cc1,CHEMBL23656
DEC_1000,decoy,CN1C[C@H](CN2CC(=O)NC2=O)C[C@@H]2c3cccc4[nH]cc(c34)C[C@H]21,CHEMBL13588
DEC_2327,decoy,O=[N+]([O-])c1cc(-c2nnc3c4ccccc4c(N4CCCC4)nn23)ccc1Cl,CHEMBL409557
DEC_2895,decoy,NS(=O)(=O)c1ccc(-n2nc(-c3ccc(Cl)s3)cc2-c2ccc(Cl)cc2)cc1,CHEMBL283633
DEC_3283,decoy,N=C(N)CCN1c2ccccc2Sc2ccccc21,CHEMBL38298
DEC_1685,decoy,CCCc1cc(OCC2CCNCC2)cc(=O)n1Cc1ccc(-c2ccccc2-c2nn[nH]n2)cc1,CHEMBL25445
DEC_3988,decoy,Nc1ccc(S(=O)(=O)Nc2ccc(Cl)c3c(Cl)c[nH]c23)cc1,CHEMBL21099
DEC_1881,decoy,O=C1NCN(c2ccccc2)C12CCN([C@@H]1CCCc3ccccc31)CC2,CHEMBL27716
DEC_3073,decoy,N#Cc1ccc(Cn2ccnc2)cc1Oc1cccc(F)c1,CHEMBL280905
DEC_2105,decoy,CC(C)c1cccc(C(C)C)c1OS(=O)(=O)NC(=O)Oc1ccc(F)cc1,CHEMBL283980
DEC_3667,decoy,O=NN(CCF)C(=O)NC1CCCCC1O,CHEMBL448469
DEC_3211,decoy,Clc1cc(Cl)cc(COCC2(c3ccccc3)CCNCC2)c1,CHEMBL23617
DEC_2423,decoy,Cc1ccc(Oc2nccc(-c3c(-c4ccc(F)cc4)ncn3C3CCNCC3)n2)cc1,CHEMBL14682
DEC_1007,decoy,C=CS(=O)(=O)N(C)[C@@H]1CCN2CCc3ccccc3[C@@H]2C1,CHEMBL33231
DEC_2565,decoy,CC1(C)C2CCC1(CS(=O)(=O)N1CCC3(CCc4ccccc43)CC1)C(NC(=O)[C@@H]1CCCNC1)C2,CHEMBL282258
DEC_3855,decoy,Cc1nc(-c2ccncc2)sc1C(=O)N1CCC(N2C(=O)OCc3ccccc32)CC1,CHEMBL31986
DEC_2038,decoy,CC(=O)Nc1cc2c(c(N3CCCCC3)c1[N+](=O)[O-])C[C@H](O)C(C)(C)O2,CHEMBL276142
DEC_2906,decoy,O=C(O)C[C@@H](NC(=O)C1CCC2(CC1)CCN(c1ccncc1)CC2)c1ccccc1,CHEMBL418194
DEC_0622,decoy,Fc1ccc(-c2ncn(C3CCNCC3)c2-c2ccnc(Oc3cc(F)cc(F)c3)n2)cc1,CHEMBL14339
DEC_4310,decoy,CN(C)CCCNCc1cc(I)cc(C(C)(C)C)c1O,CHEMBL21174
DEC_0527,decoy,CC1(C)C(=O)Nc2cc3[nH]c(-c4c[nH]cn4)nc3cc21,CHEMBL288851
DEC_4211,decoy,CC(/C=C/C=C(C)/C=C/C1=C(C)CCCC1(C)C)=C(C(=O)O)C(=O)O,CHEMBL273433
DEC_1784,decoy,Cc1cc(SC2=C(O)OC(CCc3ccc(O)cc3)(C(C)C)CC2=O)c(C(C)(C)C)cc1OS(=O)(=O)N1CCOCC1,CHEMBL302289
DEC_3295,decoy,Oc1ccc([C@@H]2CN3CCC[C@@H]3c3ccccc32)cc1,CHEMBL36570
DEC_3552,decoy,O=C1CN2Cc3cc(N4CCCCC4)ccc3N=C2N1,CHEMBL31580
DEC_2504,decoy,CCCC(=O)c1cc(C(C)(C)C)c2c(c1)C(C)(C)CO2,CHEMBL13980
DEC_1384,decoy,[O-][S+](c1nc(-c2ccc(F)cc2)c(-c2ccc(F)cc2)[nH]1)C(F)(F)C(F)F,CHEMBL434003
DEC_3836,decoy,COC(=O)C1C2CCC(CC1c1ccc(C=C(Br)Br)cc1)N2,CHEMBL14257
DEC_1676,decoy,Cn1cnc(S(=O)(=O)Nc2cccc(C(c3c(O)c4c(oc3=O)CCCCCC4)C3CC3)c2)c1,CHEMBL16399
DEC_0333,decoy,c1cc(SC2CCCCC2)ccc1NC1=NCCN1,CHEMBL9583
DEC_1908,decoy,O=C1NC(c2ccccc2)C2(CCN(CCc3c[nH]c4ccccc34)CC2)O1,CHEMBL28059
DEC_3269,decoy,CC[C@H](c1ccc(O)cc1)[C@@H](C)c1ccc(O)cc1,CHEMBL25168
DEC_4214,decoy,S=c1oc2ccc(Cl)cc2n1CC1OCCc2ccccc21,CHEMBL268211
DEC_3380,decoy,O=C1C2C3C=CC(C4CC34)C2C(=O)N1CCCCN1CCN(c2cnccn2)CC1,CHEMBL29221
ACT_052,active,COc1cc(Cl)c(-c2nc(SCC(=O)N(C)C)nc3[nH]cc(C#N)c23)cc1OC,CHEMBL2158562
DEC_1298,decoy,CC(C)CCn1c(Cn2c(=O)n(CCCCC#N)c3ccccc32)nc2ccccc21,CHEMBL280276
DEC_2553,decoy,CN(CC(CCN1CCC2(CC1)C[S+]([O-])c1ccccc12)c1ccccc1)S(=O)(=O)c1ccccc1,CHEMBL408438
DEC_1973,decoy,c1ccc(C2CN3CCNCC3c3ccccc32)cc1,CHEMBL6445
DEC_0183,decoy,C=C1CC2C3CCC4=CC(=O)C=CC4(C)C3C(O)[C@H](Cl)C2(C)[C@@]1(OC(=O)c1ccco1)C(=O)COC(C)=O,CHEMBL37510
DEC_1418,decoy,CN(Cc1cnc2nc(N)nc(N)c2n1)c1ccc(C(=O)NC(CCC(=O)OC(C)(C)C)C(=O)O)cc1,CHEMBL422225
DEC_2610,decoy,I.NC1=NC2CCCCCCCCCCC2S1,CHEMBL290160
DEC_1655,decoy,Cc1ccc(C2(Cn3ccnc3)OCC(c3ccccc3Cl)O2)cc1,CHEMBL30205
DEC_2083,decoy,CCN(CC)CCOc1ccc(/C=C(\C#N)c2noc3ccc(Cl)cc23)cc1,CHEMBL279696
DEC_1323,decoy,O=[N+]([O-])c1ccc(/C=N\c2ccc(-c3ncon3)cc2)o1,CHEMBL282009
DEC_0069,decoy,O=c1nc(/N=C/N(c2ccc(F)cc2)c2ccc(F)cc2)ccn1C1CSC(CO)O1,CHEMBL18676
DEC_3106,decoy,CNCCCC1c2ccccc2C=Cc2ccccc21,CHEMBL668
DEC_2219,decoy,CC(C)(C)c1cc(NC(=O)[C@H]2CCC3C4CNC5=CC(=O)CC[C@]5(C)C4CC[C@@]32C)cc(C(C)(C)C)c1,CHEMBL25516
DEC_3930,decoy,CCCC(C)Cn1c(N2CCN(C)CC2)nc2ccccc21,CHEMBL16939
DEC_3162,decoy,O=c1cc(-c2cccc(/C=C/c3ccc4ccccc4n3)c2)oc2ccc(-c3nn[nH]n3)cc12,CHEMBL33607
DEC_0396,decoy,O=C(CCCC1CCCCC1)OC[C@H]1C[C@@H]2O[C@H]1[C@H]1C(=O)OC(=O)[C@H]12,CHEMBL266327
DEC_3200,decoy,O=C(Oc1ccc2[nH]c(C(=O)c3cc4ccccc4[nH]3)cc2c1)c1ccc2ccccc2n1,CHEMBL414210
DEC_2360,decoy,CCN(CC)CC#CCCC1SCCCS1,CHEMBL41784
DEC_2703,decoy,c1ccc(COCC23NC(Cc4ccccc42)c2ccccc23)cc1,CHEMBL274407
DEC_4098,decoy,Cn1cncc1C(OCc1ccc(C#N)nc1-c1cccc(OC(F)(F)F)c1)c1ccc(C#N)cc1,CHEMBL37194
DEC_4065,decoy,CCN(CC)CC#CCCCCC1(C2(O)c3ccccc3Oc3ccccc32)SCCCS1,CHEMBL417889
DEC_3065,decoy,C[Si](C)(C)OC(C#N)C12CC3CC(CC(C3)C1)C2,CHEMBL429382
DEC_2756,decoy,COc1ccccc1-c1csc(-c2cc(C(=N)N)sc2SC)n1,CHEMBL283080
DEC_0318,decoy,C=CCOC1(C(F)(F)F)OC(=O)Nc2ccc(Cl)cc21,CHEMBL17226
DEC_4092,decoy,O=C(O)CCc1ccccc1CC1=C(c2nc(C(=O)NCCc3ccc(Cl)cc3)co2)CCCC1,CHEMBL22418
DEC_4166,decoy,CC(C)[C@@H](CN1CC[C@@](C)(c2cccc(O)c2)[C@@H](C)C1)NC(=O)CCc1ccccc1,CHEMBL11285
DEC_3303,decoy,C[C@@H](Nc1ncc(-c2ccccc2)n1C)c1ccccc1,CHEMBL289296
DEC_2729,decoy,CCC(C)(O)C#Cc1nc(Nc2ccc(OC)cc2)c2ncn(C(C)C)c2n1,CHEMBL23317
DEC_2326,decoy,CCCCCc1cc(O)c2c(c1)OC(C)(C)[C@@H]1CCC(CN(C)C)CC21,CHEMBL28722
DEC_0212,decoy,C#CCN(C1=NCCN1)c1c(Br)cccc1Br,CHEMBL20816
DEC_0713,decoy,C[C@@H]1CN(C(=O)N2c3cc(Cl)ccc3-n3cnc(C(=O)OC(C)(C)C)c3C2(C)C)C[C@H](C)N1,CHEMBL277584
DEC_2829,decoy,CSc1ccc2c(c1)[C@@H](N1CCN(C)CC1)Cc1ccccc1S2,CHEMBL428892
DEC_3757,decoy,Cc1ccc(C2CN(C)Cc3c(N)cccc32)cc1,CHEMBL18308
DEC_1525,decoy,CSc1c(Cl)nc(N2CCN(C)CC2)nc1NCCc1ccccc1,CHEMBL32058
DEC_1438,decoy,C#CCONC(=O)O[C@H]1[C@@H](O)[C@H](Oc2ccc3c(O)c(C(C)=O)c(=O)oc3c2C)OC(C)(C)[C@@H]1OC,CHEMBL44406
DEC_3825,decoy,Cc1cc2c(c(CCC(=O)O)c1C)CCC(NS(=O)(=O)c1ccc(Cl)cc1)C2,CHEMBL28014
DEC_3620,decoy,C#Cc1ccc(C(=O)c2ccc3n2CCC3C(=O)O)cc1,CHEMBL9235
DEC_2675,decoy,c1ccc(C2(c3ccccc3)OCC(C3CCCCN3)CO2)cc1,CHEMBL28065
DEC_2259,decoy,O=C(c1ccc(Nc2ccnc3cc(C(F)(F)F)ccc23)cc1)N1CCC(O)(c2ccc(Cl)cc2)CC1,CHEMBL29998
DEC_1178,decoy,Clc1ccc(CN2CCc3ccccc3C2Cn2cncn2)cc1,CHEMBL27544
DEC_3705,decoy,CCC(=O)Nc1ccc(S(N)(=O)=O)cc1,CHEMBL278395
DEC_0006,decoy,Nc1c(F)c(N2CCC(N)C2)c(Cl)c2c1c(=O)c(C(=O)O)cn2C1CC1,CHEMBL279156
DEC_4507,decoy,CP(=O)(O)C(O)c1cc([N+](=O)[O-])cc2nc(O)c(O)nc12,CHEMBL13087
DEC_0343,decoy,CCC1Nc2cc3oc(=O)cc(C(F)(F)F)c3cc2CC1C,CHEMBL6654
DEC_1175,decoy,Brc1ccc(Br)c(N(CC2CC2)C2=NCCN2)c1,CHEMBL278627
DEC_3852,decoy,NS(=O)(=O)c1ccc(-n2nc(C(F)(F)F)cc2-c2cc3ccccc3o2)cc1,CHEMBL29562
DEC_4009,decoy,C=C1/C=C(\C)[C@H](CC)OC(=O)[C@H](C)C(=O)[C@@](O)(CO)[C@@H](OC)/C=C/[C@@H](C)C1,CHEMBL33428
DEC_3256,decoy,O=c1c(-c2ccccc2)ccnn1C(CN1CCCC1)c1ccccc1,CHEMBL274686
DEC_4035,decoy,COc1cc2c(cc1OC)OC(OC)(C1=NCCN1)CO2,CHEMBL268468
DEC_0370,decoy,COc1ccc(C[C@H]2NC(=O)/C=C/C[C@@H](C(O)C#Cc3ccccc3)OC(=O)[C@H](CC(C)C)OC(=O)CCNC2=O)cc1,CHEMBL13538
DEC_2843,decoy,O=C(OC1CN2CCC1CC2)C(O)(c1ccccc1)C1CCCCC1,CHEMBL12690
DEC_4424,decoy,COc1cc2nc([S+]([O-])Cc3ccccc3N)[nH]c2cc1OC,CHEMBL20318
DEC_3848,decoy,O=C1CCC(c2ccccc2)(C2CCN(Cc3cccc(Br)c3)CC2)C(=O)N1,CHEMBL10399
DEC_2388,decoy,NCCC12NC(Cc3ccccc31)c1ccccc12,CHEMBL10710
DEC_2382,decoy,O=C1Cc2cc([N+](=O)[O-])c(C3CCCCC3)cc2O1,CHEMBL285763
DEC_4026,decoy,COc1cc(OC)cc(-c2nc3c(=O)n(C)c(=O)n(C)c3[nH]2)c1,CHEMBL273508
DEC_1411,decoy,Cc1cc(OCC2(CONC(=N)N)CC2)cc(OS(=O)(=O)c2ccccc2S(C)(=O)=O)c1,CHEMBL36040
DEC_3042,decoy,N#Cc1ccc(Cn2ccnc2)cc1Oc1ccc(Cl)cc1,CHEMBL25542
DEC_0950,decoy,CC/C(=C1/N=C(c2ccc(Cl)cc2Cl)OC1=O)N1CCC[C@H]1C(=O)N[C@@H](Cc1ccc(O)cc1)C(N)=O,CHEMBL57816
DEC_2766,decoy,CC(C)c1cccc(C(C)C)c1NC(=O)NS(=O)(=O)N(CC1CCCO1)CC1CCCO1,CHEMBL22896
DEC_1805,decoy,COc1cc([C@@H]2c3cc4c(cc3[C@@H](Nc3ccc(NC(=O)c5cc([N+](=O)[O-])cn5C)cc3)[C@H]3COC(=O)[C@H]23)OCO4)cc(OC)c1O,CHEMBL73027
DEC_0793,decoy,CCC(C)(O)C#Cc1nc(NCc2ccc(N(C)C)cc2)c2ncn(C(C)C)c2n1,CHEMBL23525
DEC_3783,decoy,CCCN1CCN(CCCCN2C(=O)CC3(CCCC3)CC2=O)CC12COc1cccc(OC)c1C2,CHEMBL11409
DEC_2211,decoy,CC1=C2NCC3C(CC[C@@]4(C)C3CC[C@@H]4C(=O)N(c3ccc(Cl)cc3)C3CCCC3)[C@@]2(C)CCC1=O,CHEMBL283123
DEC_4306,decoy,CNCCC(=O)N1c2ccccc2N2CCc3cccc(c32)C1C,CHEMBL28956
DEC_2643,decoy,O=C1Nc2ccc(Cl)cc2C(C#Cc2ccccn2)(C(F)(F)F)O1,CHEMBL413967
DEC_4208,decoy,CC(=N)N1CCC(Oc2ccc(NC/C=C/c3cccc(C(=N)N)c3)cc2[N+](=O)[O-])CC1,CHEMBL24630
DEC_0418,decoy,CCCCCCc1nc2c([nH]1)N1C(=N[C@@H]3CCC[C@@H]31)N(C)C2=O,CHEMBL18745
DEC_1855,decoy,CCC1CC(C)c2cc3c(C(F)(F)F)cc(=O)oc3cc2N1,CHEMBL269305
DEC_1149,decoy,CC(C)C1=CC2CC3(C=O)[C@@H]4CC[C@@H](C)[C@H]4CC2(CO[C@H]2C[C@@H]4OCO[C@@H]4[C@@H](C)O2)C13C(=O)O,CHEMBL21682
DEC_0067,decoy,C=CS(=O)(=O)Nc1cccc(C(c2c(O)oc3c(c2=O)CCCCC3)C2CC2)c1,CHEMBL16383
DEC_1534,decoy,O=c1cnn(-c2ccc(Sc3ccc(Cl)cc3)c([N+](=O)[O-])c2)c(=O)[nH]1,CHEMBL27023
DEC_4079,decoy,CC1(CCCCn2ncc3ccccc32)COC(c2nc(-c3ccccc3)c(-c3ccccc3)[nH]2)OC1,CHEMBL286583
DEC_0155,decoy,C=C(CC[C@H](O)[C@@]1(C)CC[C@H](C(C)(C)O)O1)[C@H]1CC[C@H]2O[C@@H]([C@]3(C)CC[C@@H](C(C)(C)OC)O3)CC[C@]2(C)O1,CHEMBL280735
DEC_0230,decoy,O=c1cnn(-c2ccc(Sc3ccc(Cl)cc3)c(Cl)c2)c(=O)[nH]1,CHEMBL27585
DEC_0463,decoy,CCCCCOc1ccc2c3c1OC1C(O)C=CC4C(C2)N(C)CCC341,CHEMBL25917
DEC_1737,decoy,O=C1Nc2cccc3c2[C@]1(CCCCN1CC=C(c2ccccc2)CC1)CCC3,CHEMBL25815
DEC_2767,decoy,CCCc1nc2c(n1Cc1ccc(-c3ccccc3-c3nn[nH]n3)cc1)C(=O)CCC(C(C)C)C2,CHEMBL42321
DEC_0327,decoy,c1ccc2c(c1)Oc1ccccc1C2NCC1CCCCO1,CHEMBL278631
DEC_0059,decoy,OC(CCN1CCN(CCOC(c2ccccc2)c2ccccc2)CC1)c1ccco1,CHEMBL31571
DEC_3753,decoy,Oc1cccc([C@@H]2CN3CCC[C@H]3c3ccccc32)c1,CHEMBL35506
DEC_0571,decoy,CC1(C)C2=CCC3C(CC[C@@]4(C)C3CC[C@@H]4OC3CC3)[C@@]2(C)CC[C@@H]1O,CHEMBL6245
DEC_1967,decoy,Cc1c(C)c2c(c(C)c1O)SC(CCC(=O)O)O2,CHEMBL35930
DEC_3354,decoy,CC(=O)NCc1ccc(-c2csc(NC(=N)NCC3CCCC3)n2)o1,CHEMBL25005
DEC_2180,decoy,O=C1CC2(CCCC2)CC(=O)N1CCCCN1CCN(c2nsc3ccccc23)CC1,CHEMBL35057
DEC_4019,decoy,CS(=O)(=O)c1c(Cl)cc(-n2ncc(=O)[nH]c2=O)cc1Cl,CHEMBL27827
DEC_2665,decoy,CCC1(CC)C(=O)C(C(=O)C(C)C)=C(O)C(C(=O)C(C)C)=C1O,CHEMBL19819
DEC_2578,decoy,CC(=O)Nc1ccn(C2OC(CO[Si](C)(C)C(C)(C)C)C(C#N)C2O[Si](C)(C)C(C)(C)C)c(=O)n1,CHEMBL49740
DEC_3625,decoy,O=C1Nc2c(C(F)(F)F)cccc2C12OCCO2,CHEMBL266316
DEC_1634,decoy,COCc1cc2c(s1)CN(C)CC2c1ccc(Br)cc1,CHEMBL15942
DEC_2582,decoy,CC1(C)C2CC[C@@]1(CS(=O)(=O)N1CCC3(CCc4ccccc43)CC1)[C@@H](NC(=O)Cc1c[nH]cn1)C2,CHEMBL20230
DEC_4139,decoy,O=C(NCCCOc1ccc2[nH]c(=O)ccc2c1)N(C1CC1)[C@@H]1CCCC[C@H]1O,CHEMBL284838
DEC_2032,decoy,CC1CN(c2cc3c(cc2F)c(=O)c(C(=O)O)cn3C(C)C)CC(C)N1,CHEMBL15371
DEC_4094,decoy,Fc1ccc(/C=C/CN2CCN(CCOC(c3ccc(F)cc3)c3ccc(F)cc3)CC2)cc1,CHEMBL41237
DEC_1389,decoy,CN(C)/C(=N\O)c1ccc(Sc2cc(F)cc(C3CCOCC3)c2)cc1,CHEMBL24975
DEC_3683,decoy,CCCC1(c2ccncc2)CCC(=O)NC1=O,CHEMBL275594
DEC_1012,decoy,Clc1ccc(C2COC(Cn3ccnc3)(c3ccc(Br)cc3)O2)c(Cl)c1,CHEMBL30225
DEC_3412,decoy,O=C(O)CCC/C=C\C[C@H]1[C@H](F)CC[C@@H]1NS(=O)(=O)c1ccc(Cl)c(Cl)c1,CHEMBL20583
DEC_0588,decoy,[O-][S+](CCC(F)(F)F)c1nc(-c2ccccc2)c(-c2ccccc2)[nH]1,CHEMBL18553
DEC_0123,decoy,CN(C(=O)[C@H](CC#Cc1ccc(N)c(N)c1)NS(=O)(=O)c1ccc2ccccc2c1)C1CCCC1,CHEMBL266551
DEC_3128,decoy,CN1CCC(Oc2ccc(NC/C=C/c3cc(C(=N)N)ccc3O)cc2C(F)(F)F)CC1,CHEMBL24956
DEC_0121,decoy,CC(C)(Cc1ccc(NC(=O)CBr)cc1)NCC(O)c1ccc(O)c2nc(O)ccc12,CHEMBL287883
DEC_0946,decoy,CC(C)(N)CC(=O)N[C@@H]1CC(O)c2ccccc2N(Cc2ccc(-c3ccccc3-c3nn[nH]n3)cc2)C1=O,CHEMBL276978
DEC_3729,decoy,CC(C)C1CCc2cc(CC(=O)O)cc(Cl)c2N1,CHEMBL39733
DEC_4402,decoy,CC(=O)NCC(=O)NCc1cc2cc(C(=O)N3CCC(N4C(=O)OCc5ccccc54)CC3)ccc2o1,CHEMBL284419
DEC_3213,decoy,[O-][S+](CC(F)(F)F)c1nc(-c2ccccc2)c(-c2ccccc2)[nH]1,CHEMBL279769
DEC_2654,decoy,N#Cc1ccc(S(=O)(=O)Nc2ccc(Cl)c3c(Cl)c[nH]c23)cc1,CHEMBL20470
DEC_3086,decoy,CCCN(CCC)C1Cc2cccc3nc(C)n(c23)C1,CHEMBL273247
DEC_0138,decoy,CC1(C)C2CC1[C@]1(C)OB([C@H](CCCN=C(N)N)NC(=O)c3ccc(-c4ccccc4)cc3F)O[C@@H]1C2,CHEMBL290836
DEC_4327,decoy,CCCC(=O)OC(CC=C(C)C)C1=CC(=O)c2c(O)ccc(O)c2C1=O,CHEMBL28494
DEC_3471,decoy,CCC1C(=O)Nc2cc3[nH]c(-c4ccncc4)nc3cc21,CHEMBL286100
DEC_2136,decoy,Cc1cc(/N=c2\c(O)c(O)\c2=N/[C@H](C)C(C)(C)C)ccc1C#N,CHEMBL18951
DEC_1698,decoy,COc1cc(-c2nn[nH]n2)ccc1OCc1cccc(OCc2ccc3ccccc3n2)c1,CHEMBL277831
DEC_3900,decoy,CN(C)CCC1=C/C(=C\c2cccnc2)c2ccccc21,CHEMBL21508
DEC_1707,decoy,O=C(/C=C/c1cccc(/C=C/c2ccc3ccccc3n2)c1)c1cc(-c2nn[nH]n2)ccc1O,CHEMBL12018
DEC_3333,decoy,O=C1NC(=O)C(c2cc(Cl)ccc2S(=O)(=O)Nc2ccc(F)cc2)N1,CHEMBL274727
DEC_3095,decoy,CCN1CCN2CC(c3ccccc3)c3ccccc3C2C1,CHEMBL6747
DEC_2347,decoy,O=C1CC2(CCCC2)CC(=O)N1CCCCN1CCc2ccccc2C1,CHEMBL14161
DEC_2782,decoy,COc1cc2c(Nc3ccc(Cl)cc3F)ncnc2cc1OCCCN1CCN(C)CC1,CHEMBL431696
ACT_049,active,CC(C)(C)c1ccc(Cn2cc(-c3cc(O)c(O)c(O)c3)nn2)cc1,CHEMBL4741221
DEC_3808,decoy,COc1ccc(CSc2c(F)c(N3CCN(C)CC3)c(F)c3c2c(=O)c(C(=O)O)cn3C2CC2)cc1,CHEMBL43335
DEC_3017,decoy,CCCc1ccc2c(c1)sc(=O)n2CCN1CCCCC1,CHEMBL274699
DEC_0061,decoy,CN1CCN(Cc2ccc(-c3nc4c5cnn(CCc6ccccc6)c5nc(N)n4n3)o2)CC1,CHEMBL20795
DEC_3091,decoy,CC1(c2ccccc2)OC(/C=C/c2ccncc2)=CC1=O,CHEMBL18613
DEC_3342,decoy,O=C(O)CCCO/N=C1\c2ccccc2-c2nc(O)c3nc(C(=O)O)cn3c21,CHEMBL283350
DEC_1595,decoy,COC(=O)CCC(O[C@@H]1O[C@@H]2OC3(C)CC[C@H]4[C@H](C)CCC([C@H]1C)C24OO3)c1ccc(F)cc1,CHEMBL31430
DEC_0411,decoy,CC(C)[C@H]1OC(=O)O[C@]1(Cn1cncn1)c1ccc(Cl)cc1,CHEMBL273499
DEC_3307,decoy,c1ccc2c3c([nH]c2c1)C(c1ccsc1)NCC3,CHEMBL38393
DEC_3717,decoy,C[C@@H]1Cc2cc3c(C(F)(F)F)cc(O)nc3cc2N[C@@H]1C,CHEMBL7058
DEC_2611,decoy,O=C1Nc2ccc(F)c(F)c2C(C#Cc2cccnc2)(C(F)(F)F)O1,CHEMBL280515
DEC_3240,decoy,CC1(C)N=C(N)N=C(N)N1c1cccc(COc2cccc3ccccc23)c1,CHEMBL20466
DEC_3299,decoy,C=CCC12NC(Cc3ccccc31)c1ccccc12,CHEMBL276863
DEC_0427,decoy,CN1CCN(C(c2ccc(Cl)cc2)c2ccns2)CC1,CHEMBL22342
DEC_1653,decoy,Cc1cc(C(c2ccc(C3CCCCC3)cc2)N2CCN(C)CC2)sn1,CHEMBL22438
DEC_1152,decoy,CC1(C)NC(=O)N(C[C@H](COc2ccc(-c3ccc(OC(F)(F)F)cc3)cc2)N(O)C=O)C1=O,CHEMBL41943
DEC_3038,decoy,C/C=C/COC1(C(F)(F)F)OC(=O)Nc2ccc(F)cc21,CHEMBL277322
DEC_1795,decoy,CN1CCN(Cc2cc(Nc3cc(C(F)(F)F)nc(Nc4nc5cc(C(=O)c6ccccc6)ccc5[nH]4)n3)ccc2O)CC1,CHEMBL24184
DEC_1136,decoy,Cc1cn(C2C=CC(COP(=O)(OCC(F)(F)F)OCC(F)(F)F)O2)c(=O)[nH]c1=O,CHEMBL274008
DEC_4460,decoy,CN[P@@]1(N)=NP(N2CC2)(N2CC2)=N[P@](N)(NC)=N1,CHEMBL284587
DEC_0561,decoy,Nc1nc(O)c2ncn([C@@H]3C=C4C[C@](CC(=O)O)(C(=O)O)O[C@H]4[C@H]3O)c2n1,CHEMBL20332
DEC_2520,decoy,CN1CCN(c2nc(COC(c3ccc(C#N)cc3)c3cncn3C)c(-c3cccc(Cl)c3)cc2C#N)CC1,CHEMBL290760
DEC_2652,decoy,C#C[C@]1(O)CCC2C3CCC4=CC(=O)CCC4=C3C(c3cccs3)CC21C,CHEMBL16886
DEC_2126,decoy,OC1CCCCC1N1CCC(O)(c2ccc(Cl)cc2)CC1,CHEMBL20657
DEC_1821,decoy,c1ccc2sc(C3(N4CCCC4)CCCCCC3)cc2c1,CHEMBL279873
DEC_2241,decoy,CCN(CC)CC#CCCC1(C2(O)c3ccccc3Sc3ccc(Cl)cc32)SCCCS1,CHEMBL41575
DEC_0535,decoy,Cc1nc2c([nH]1)C(=O)N(C)C1=N[C@@H]3CCC[C@@H]3N12,CHEMBL278644
DEC_3504,decoy,COc1ccc(OC)c2c1CC[C@H]1NCCCC21,CHEMBL286702
DEC_2150,decoy,C(=N/NC1=NCCN1)\c1cccc2cc3ccccc3cc12,CHEMBL417829
DEC_1860,decoy,OC1CCCCC1N1CCC(C2CCN(C3CCCCC3O)CC2)CC1,CHEMBL20429
DEC_3870,decoy,CCCN(CCC)C1Cc2cccc3nc(O)n(c23)C1,CHEMBL12269
DEC_2172,decoy,N#Cc1c2n(c3c(N4CCN(CCc5ccccc5[N+](=O)[O-])CC4)ncnc13)CCCC2,CHEMBL26934
DEC_1926,decoy,O=C1CN2Cc3c(ccc(N4CCCCC4)c3Cl)NC2=N1,CHEMBL31701
DEC_2024,decoy,COc1nc(C)ccc1-c1nc2cc3c(cc2[nH]1)C(C)(C)C(=O)N3,CHEMBL285302
DEC_3587,decoy,CCc1c2c(nc3cnc(CCCN(C)C)cc13)-c1cc3c(c(=O)n1C2)COC(=O)[C@]3(O)CC,CHEMBL275538
DEC_3789,decoy,CCCc1cc2c(=O)n(N)c(SCCCN3CCN(c4ccccc4OC)CC3)nc2s1,CHEMBL275442
DEC_1204,decoy,CSc1c(Cl)nc(N2CCN(C)CC2)nc1NC1CCCCC1,CHEMBL29159
DEC_3553,decoy,O=C1C[C@H]2CCC3=C(C(=O)c4ccccc4C3=O)[C@H]2O1,CHEMBL30724
DEC_3396,decoy,Cc1c(Sc2cccc(C(C)(C)C)c2)n(COCCO)c(=O)[nH]c1=O,CHEMBL276058
DEC_4036,decoy,O=S(=O)(CS(=O)(=O)C(F)(F)F)c1ccc(O)cc1,CHEMBL12822
DEC_3526,decoy,C[C@@H]1Cc2ccccc2N(C)[C@@H]1C1=NCCN1,CHEMBL38790
DEC_2500,decoy,CC(C)=CC(=O)c1cc(C(C)(C)C)c2c(c1)C(C)(C)CO2,CHEMBL13899
DEC_3707,decoy,NC(=O)c1ccc(OCCn2ccnc2)cc1,CHEMBL30395
DEC_0993,decoy,O=C1C2C3C=CC(C4CC34)C2C(=O)N1CCCCc1ccncc1,CHEMBL32094
DEC_3640,decoy,N#CCCNC(=S)Nc1c(Cl)cccc1Cl,CHEMBL284822
DEC_0895,decoy,Cc1nnc2n1-c1sc(C#C[Si](C)(C)C)cc1C(c1ccccc1Cl)=NC2,CHEMBL32475
DEC_1942,decoy,Nc1nc2c(cnn2-c2ccccc2)c2nc(-c3ccco3)nn12,CHEMBL16509
DEC_0312,decoy,CC1(C)C(=O)Nc2cc3[nH]c(-c4ccnc(Cl)c4)nc3cc21,CHEMBL278320
DEC_3706,decoy,C=CCNC1Cc2cccc3nc(O)n(c23)C1,CHEMBL12041
DEC_1341,decoy,CCc1c(Cl)nc(NC)nc1N1CCN(C)CC1,CHEMBL35502
DEC_1693,decoy,CCCc1cc(OC)c(-c2cccnc2)c(=O)n1Cc1ccc(-c2ccccc2-c2nn[nH]n2)cc1,CHEMBL428687
DEC_3383,decoy,O=C(Cc1ccc(I)cc1)OCCCc1c[nH]cn1,CHEMBL277227
DEC_0774,decoy,O=c1c(C(c2ccc(/C=C/c3ccccc3)cc2)c2c(O)oc3cc(O)ccc3c2=O)c(O)oc2cc(O)ccc12,CHEMBL314013
ACT_046,active,O=C(O)c1cccc(N2C(=O)/C(=C/c3nc4ccccc4[nH]3)SC2=S)c1,CHEMBL1425884
DEC_1109,decoy,Cc1ccc(NC23CC4CC(CC(C4)C2)C3)nc1,CHEMBL275867
DEC_1899,decoy,Cc1cccc(S(=O)(=O)C2(CC#Cc3ccccc3)SC(=O)NC2=O)c1,CHEMBL11834
DEC_3174,decoy,COC(=O)/C=C/c1nc(O)c2c(ccc3nc(Nc4c(Cl)cccc4Cl)n(C)c32)c1C,CHEMBL26016
DEC_3950,decoy,CC1(C)Oc2cc([N+](=O)[O-])c(N)c(N3CCCCC3)c2C[C@@H]1O,CHEMBL14612
DEC_3046,decoy,CC1(C)OC(S)=Nc2ccc(-c3cc(C#N)cc(C#N)c3)cc21,CHEMBL429056
DEC_1493,decoy,CC1CN(c2cc3c(cc2F)c(=O)c(C(=O)O)cn3C(C)(C)C)CC(C)N1,CHEMBL15417
DEC_3296,decoy,Oc1ccc([C@@H]2CN3CCC[C@H]3c3ccccc32)cc1,CHEMBL36466
DEC_3631,decoy,CCCN1C[C@H](C)C=C2c3cccc4c3[C@@H](CN4)C[C@H]21,CHEMBL291030
DEC_0497,decoy,CC(C)(S)CN1CCN(CC(C)(C)S)CC1,CHEMBL416253
DEC_3793,decoy,Cc1sc2nc(SCCCN3CCN(c4ccccc4[N+](=O)[O-])CC3)n(N)c(=O)c2c1C,CHEMBL276617
DEC_4491,decoy,CC1CCC(=NNc2nn[nH]n2)c2ncc(C(=O)O)c(=O)n21,CHEMBL14073
DEC_0279,decoy,CO[C@]1(c2cc(F)cc(Sc3ccc(/C(C)=N/O)cc3)c2)CCO[C@@H](C)C1,CHEMBL282773
DEC_0101,decoy,OC[C@@]1(CCCCc2ccccc2)CC2C3Cc4ccc(O)c5c4C2(CCN3CC2CC2)C(O5)[C@@H]1O,CHEMBL268469
DEC_1108,decoy,COc1c2n(c3ccc(Cl)cc13)CCNC2,CHEMBL289061
DEC_1532,decoy,Cc1ccc(S(=O)(=O)C2(CC#Cc3ccc(Cl)cc3)SC(=O)NC2=O)cc1,CHEMBL276390
DEC_4387,decoy,COc1cc2nc(N3CCN(C(=O)/C=C/c4ccc(N=C=S)cc4)CC3)nc(N)c2cc1OC,CHEMBL6314
DEC_2443,decoy,Oc1cc(NC[C@H]2OCC[C@@H]2NCc2ccc(Cl)c(Cl)c2)nc2ccccc12,CHEMBL25323
DEC_1825,decoy,c1ccc2sc(C3(N4CCCC4)CCCC3)cc2c1,CHEMBL280329
DEC_0666,decoy,O[C@@]12CCCCCC[C@H]3CCN4CCC[C@H](CCCCCC[C@H]5CCN(CCC1)[C@@H]2O5)[C@H]4O3,CHEMBL25317
DEC_2646,decoy,C[S+]([O-])c1nc(-c2ccc(Cl)cc2)c(-c2ccc(Cl)cc2)[nH]1,CHEMBL18601
DEC_2225,decoy,C=CC(C)(C)c1c(C2=C(O)C(O)=C(c3cn(C)c4c(CC=C(C)C)cccc34)C(=O)C2=O)c2ccccc2n1C,CHEMBL17835
DEC_0595,decoy,CC12CCC3C(C(Cc4ccc(N)cc4)=CC4=CC(=O)CCC43C)C1CCC2=O,CHEMBL9478
DEC_1291,decoy,C=CCN1CCN(C(c2ccccc2)c2ccc(-c3cccs3)cc2)CC1,CHEMBL24927
DEC_3777,decoy,COC(=O)C(O)(CCCC(C)C)C(=O)O[C@@H]1C(OC)=C[C@]23CCCN2CCc2cc4c(cc2[C@H]13)OCO4,CHEMBL429787
DEC_4088,decoy,O=c1c2c(oc(O)c1C(c1cccc(NS(=O)(=O)/C=C/c3ccccc3)c1)C1CC1)CCCCCC2,CHEMBL278426
DEC_1651,decoy,Cc1noc(NS(=O)(=O)c2cccc3c(C(C)(C)O)cccc23)c1C,CHEMBL431300
DEC_3523,decoy,CC(/C=C/C(O)=C1\C(=O)CN(C)C1=O)=C\C(C)C,CHEMBL274790
DEC_4230,decoy,CC(C)(C)[C@H]1CC[C@@H](O)[C@H](N2CCC(c3ccccc3)CC2)C1,CHEMBL20463
DEC_3710,decoy,CC1(C)CCc2cc3c(C(F)(F)F)cc(=O)oc3cc2N1,CHEMBL7289
DEC_2540,decoy,CN(C)Cc1n[nH]nc1CN1CCOC2(CCC(c3ccccc3C(F)(F)F)CO2)C1c1ccc(F)cc1,CHEMBL84881
DEC_3422,decoy,O=c1n(CCN2CCC(Cc3c[nH]c4ccc(F)cc34)CC2)c2cccc3c2n1CCC3,CHEMBL19347
DEC_1622,decoy,C/C(=N\O)c1ccccc1Sc1cc(F)cc(C2CCOCC2)c1,CHEMBL25142
DEC_2251,decoy,N=C(c1ccc(NC(=O)c2cc(C(F)(F)F)nn2-c2ccc3cc(Cl)ccc3c2)c(F)c1)N1CCCC1,CHEMBL281141
DEC_2390,decoy,C[C@H](O)CCCCC[C@@H]1CC[C@H]2CC[C@H](C)N12,CHEMBL24426
ACT_004,active,CC(C)c1nn(-c2ccc(C(N)=O)c(N(O)C3CCCCC3)c2)c2nccc(-n3cnc(-c4cnn(C)c4)c3)c12,CHEMBL3661105
DEC_3227,decoy,CCOc1c(Cl)c(OC)nc(C(Cl)(Cl)Cl)c1Cl,CHEMBL269391
DEC_2366,decoy,CC(C)CC/C=C(\NC(=O)C1CC1(C)C)C(=O)O,CHEMBL11930
DEC_1326,decoy,CCOC(=O)C1(NC(=O)N(CCCl)N=O)CCCC1,CHEMBL12805
DEC_3006,decoy,CNCc1cccc(I)c1.Cl,CHEMBL13437
DEC_3345,decoy,CC(=O)NCc1ccc(-c2csc(NC(=N)NC3CCCCC3)n2)o1,CHEMBL24636
DEC_1472,decoy,CC(C)(C)n1cc(C(=O)O)c(=O)c2cc(F)c(N3CC4CCC3CN4)cc21,CHEMBL26023
DEC_0943,decoy,C[C@@H](n1cnc2cc(-c3ccc(C(N)=O)cc3)sc2c1=O)[C@](O)(Cn1cncn1)c1ccc(F)cc1F,CHEMBL53820
DEC_2323,decoy,CN([C@@H]1CCN2CCc3ccccc3[C@@H]2C1)S(=O)(=O)c1ccc(Cl)cc1,CHEMBL282182
DEC_3197,decoy,C[C@@]1(c2ccc(F)cc2)O[C@@H]2CC3C4CCC5=CC(=O)CC[C@@H]5C4CC[C@]3(C)[C@]2(C(=O)CO)O1,CHEMBL13977
DEC_2573,decoy,CCC(=O)OCC(=O)[C@@]1(OC(=O)CC)[C@@H](C)C[C@H]2C3CCC4=CC(=O)C=C[C@]4(C)[C@@]3(Cl)[C@@H](O)[C@@H](O)[C@@]21C,CHEMBL300640
DEC_3246,decoy,CCc1c(C)noc1NS(=O)(=O)c1cccc2c(N(C)C)cccc12,CHEMBL285122
DEC_2434,decoy,CCOC(=O)/C(=N\O)c1ccc(Sc2cc(F)cc(C3CCOCC3)c2)cc1,CHEMBL279746
DEC_4055,decoy,CS(=O)(=O)Cc1nc2ccccc2[n+]([O-])c1S(C)(=O)=O,CHEMBL275776
DEC_2361,decoy,CN(CCBr)CCBr,CHEMBL12384
DEC_0921,decoy,CC(C)C1=CC2CC3(C=O)[C@@H]4CC[C@@H](C)[C@H]4CC2(CO[C@@H]2O[C@H](C)[C@H]4OC(C)(C)O[C@H]4[C@@H]2O)C13C(=O)O,CHEMBL21658
DEC_2472,decoy,c1ccc(-c2nc(C3CCCCO3)[nH]c2-c2ccccc2)cc1,CHEMBL33288
DEC_2605,decoy,CC(=O)Nc1ccc(-c2nc(N3CCN(CCc4ccccc4)CC3)c3c(n2)c(C#N)c2n3CCCC2)cc1,CHEMBL283835
DEC_0474,decoy,CCCCCCS(=O)(=O)c1ccc(Cl)cc1C1NC(=O)NC1=O,CHEMBL18854
DEC_3434,decoy,CCCCc1nc(Cl)c(COC)n1Cc1ccc(C(=O)N2CCC[C@H]2C(=O)O)cc1,CHEMBL28013
DEC_2884,decoy,CN(C)c1cccc2c(S(=O)(=O)Nc3ccc(Br)nc3)cccc12,CHEMBL266277
DEC_1515,decoy,CC(S(=O)(=O)c1ccc(OC(F)(F)F)cc1)S(=O)(=O)C(F)(F)F,CHEMBL11767
ACT_014,active,C#CCn1cc(/C=C2\NC(=O)NC2=O)c2ccccc21,CHEMBL1506658
DEC_3473,decoy,C(=C/c1cccc(-c2nn[nH]n2)n1)\c1ccccc1,CHEMBL277481
DEC_0264,decoy,N#Cc1c2n(c3c(N4CCN(CCc5c[nH]c6ccccc56)CC4)ncnc13)CCCC2,CHEMBL27861
DEC_1987,decoy,CC(C)C1C(=O)Nc2cc3[nH]c(-c4ccncc4)nc3cc21,CHEMBL287082
DEC_1458,decoy,COC(=O)c1ccc(CN(CCCc2c(N)nc(N)nc2O)c2cc(F)c(F)cc2[N+](=O)[O-])cc1,CHEMBL36401
DEC_3056,decoy,O=c1c2c(c3cccnc3n1-c1ccc(Cl)cc1)OCCC2,CHEMBL282811
DEC_0848,decoy,C[C@@H](/N=c1\c(O)c(O)\c1=N/c1ccc(C#N)cc1Br)C(C)(C)C,CHEMBL278485
DEC_4090,decoy,CCCCCCC[C@H]1OC(=O)CC[C@H](Cc2ccccc2)N(C)C(=O)[C@H](C(C)C)OC(=O)[C@H]1C,CHEMBL40070
DEC_3475,decoy,Fc1cccc(Cl)c1N(CC1CC1)C1=NCCN1,CHEMBL20859
DEC_4307,decoy,Clc1ccc(N2CCN(Cc3cnn4c3CCCC4)CC2)cc1,CHEMBL7442
DEC_2732,decoy,Cc1cc(OCc2ccc(-c3ccccc3-c3nn[nH]n3)cc2)c(C=O)c(C)n1,CHEMBL22837
DEC_3460,decoy,C[C@@H]1CCCCC12OOC1(CCCC[C@@H]1C)OO2,CHEMBL278291
DEC_0789,decoy,OC(c1ccc(Cl)cc1Cl)C(O)(Cn1ccnc1)c1ccc(Cl)cc1Cl,CHEMBL10287
DEC_0214,decoy,CCCOc1ccc2c3c1OC1C(O)C=CC4C(C2)N(C)CCC341,CHEMBL27017
DEC_2075,decoy,COc1ccc2c(c1O)-c1cccc3c1C(C2)N(CCOCCCl)CC3,CHEMBL7206
DEC_1363,decoy,C=C1/C(=C\C=C\C2CCCC([C@@H](C)CC#CC(C)(C)O)C2(C)C)C[C@@H](O)C[C@@H]1O,CHEMBL290789
DEC_2040,decoy,O=C(O)c1cn2c3c(nc(O)c2n1)-c1ccccc1C3n1cccc1,CHEMBL277340
DEC_0845,decoy,CC1(C)N=C(N)N=C(N)N1c1cccc(OC[C@]23C[C@H]4C[C@H](C[C@H](C4)C2)C3)c1,CHEMBL33205
DEC_0127,decoy,Cc1ccc(/C=C/C(=O)N[C@@H]2CC[C@@]3(O)[C@H]4Cc5ccc(O)c6c5C3(CCN4CC3CC3)[C@H]2O6)cc1,CHEMBL297756
DEC_2613,decoy,O=C1Nc2ccc(Cl)cc2C(C#Cc2cncs2)(C(F)(F)F)O1,CHEMBL17901
DEC_3175,decoy,CN(C)CC#CCCC1(C2(O)c3ccccc3Sc3ccc(Cl)cc32)SCCCS1,CHEMBL40661
DEC_4074,decoy,Fc1ccc(C(OCCN2CCN(C/C=C/c3ccc(Cl)cc3)CC2)c2ccc(F)cc2)cc1,CHEMBL41797
DEC_2777,decoy,Fc1ccc(-c2ncn(C3CCNCC3)c2-c2ccnc(Oc3ccc(Cl)cc3)n2)cc1,CHEMBL275168
DEC_2187,decoy,Cn1c2cc(Cl)ncc2c2ncnc(N3CCN(CCc4ccc(F)c(F)c4)CC3)c21,CHEMBL26686
DEC_0469,decoy,CCS(=O)(=O)c1ccc(OC)c(-c2ccc(C(C)N3CCCC3)[nH]2)c1,CHEMBL282287
DEC_2183,decoy,CC(=O)Oc1cc2c(cc1OC(C)=O)-c1cc3cc(OC(C)=O)c(OC(C)=O)cc3n1CC2,CHEMBL291150
DEC_2590,decoy,C[C@@H](n1cnc2cc(-c3ccc(F)cc3)sc2c1=O)[C@](O)(Cn1cncn1)c1ccc(F)cc1F,CHEMBL430751
DEC_3165,decoy,Cc1ccc(C#CC(O)(c2ccc(C#N)c(-c3cccc4ccccc34)c2)c2cncn2C)cn1,CHEMBL23753
DEC_1483,decoy,Cc1cc(Cl)cc(Cl)c1C/N=c1\c(O)c(O)\c1=N/C(C)(C)C,CHEMBL19446
DEC_0094,decoy,CN(C)CCc1c[nH]c2ccc(-c3nc(Cc4ccc(NS(C)(=O)=O)cc4)no3)cc12,CHEMBL262652
DEC_1727,decoy,Cc1nc(O)c2c(ccc3nc(Nc4c(Cl)cccc4Cl)n(C)c32)c1CCO,CHEMBL27079
DEC_1765,decoy,C=C[C@@]1(C)CC(=O)[C@]2(O)C3(C)C(C(OC(=O)CN(C)C4CCCCC4)C(O)[C@@]2(C)O1)C(C)(C)CC[C@@H]3O.ClC(Cl)Cl,CHEMBL55455
DEC_2401,decoy,c1cc(-c2ccc(-n3ccnc3)cc2)c2nccn2c1,CHEMBL26924
DEC_2765,decoy,NC(=O)c1ccc(Oc2nccc(-c3c(-c4ccc(F)cc4)ncn3C3CCNCC3)n2)cc1,CHEMBL275724
DEC_3671,decoy,CC(=O)SCC1CCN(CC(=O)O)C1=O,CHEMBL11783
DEC_1535,decoy,O=C1CSCC(=O)N1CCCCN1CCN(c2nccc3sccc23)CC1,CHEMBL278876
DEC_1723,decoy,O=C1N[C@@H]2CCCC[C@H]2N1C1CCN(CCC(c2ccccc2)c2ccccc2)CC1,CHEMBL27539
DEC_3756,decoy,C=CCN1CCC2(C)c3cc(O)ccc3CC1C2C,CHEMBL274099
DEC_0218,decoy,COc1cc2c3c4c(cc5c3n(c2cc1OC)C(=O)CC5)CCNC4,CHEMBL23230
DEC_3034,decoy,OC(c1ccc(Cl)cc1)(c1cncnc1)c1ccccc1Cl,CHEMBL28971
DEC_0786,decoy,CC(C)[C@@H](N)CN1C2CCC1CC(OC(c1ccc(F)cc1)c1ccc(F)cc1)C2,CHEMBL429015
DEC_1205,decoy,O=C(OC1CN2CCC1CC2)C1=C/C(=C\c2ccncc2)c2ccccc21,CHEMBL278074
DEC_4441,decoy,CC(C)C(O)C(O)(Cn1cncn1)c1ccc(Cl)cc1Cl,CHEMBL274523
DEC_1933,decoy,O=C1OC(n2c(=O)c(F)cn(C3CCCO3)c2=O)c2ccccc21,CHEMBL20745
DEC_3273,decoy,CC(C)(C)Oc1ccccc1-c1nc2ccc[nH]c-2n1,CHEMBL413969
DEC_2622,decoy,O=C1Nc2ccc(Cl)cc2C(C#Cc2ccsc2)(C(F)(F)F)O1,CHEMBL17627
DEC_1370,decoy,[O-][S+](CCC(F)(F)C(F)(F)F)c1nc(-c2ccccc2)c(-c2ccccc2)[nH]1,CHEMBL18375
DEC_0104,decoy,CN1CCC23c4c5ccc(O)c4OC2[C@H](O)[C@](CO)(CCCCCCc2ccccc2)CC3C1C5,CHEMBL275452
DEC_3278,decoy,c1ccc(C2CNCCc3c2[nH]c2ccccc32)cc1,CHEMBL281152
DEC_1351,decoy,CN(C)CCSc1nccc(-c2cccs2)n1,CHEMBL283729
DEC_1232,decoy,N#Cc1cc2cc(OCc3cccc(C4(O)CC5COC(C4)O5)n3)ccc2c(-c2ccoc2)n1,CHEMBL417464
DEC_1840,decoy,CC1(C)OC(S)=Nc2ccc(-c3ccccc3F)cc21,CHEMBL285872
DEC_1167,decoy,Brc1cccc(N(CC2CC2)C2=NCCN2)c1Br,CHEMBL20275
DEC_4328,decoy,C[C@]12CCC(=O)C=C1NCC1C2CC[C@@]2(C)C1CC[C@@H]2C(=O)Nc1ccccc1,CHEMBL280155
DEC_2798,decoy,COc1cc2cc(CO)c(CO)c(-c3ccnc(-n4ccc(=O)c5ccccc54)c3)c2cc1OC,CHEMBL274528
DEC_0743,decoy,Cc1cc(C)cc(-c2c(O)nc3cc(Cl)c(NC(=O)c4cnccn4)cc3c2OCCC2CCCCN2)c1,CHEMBL295917
DEC_1945,decoy,O=C(c1ccc(Cl)cc1)C(O)(Cn1cncn1)C1CCCC1,CHEMBL10594
DEC_1621,decoy,C/C(=N\O)c1cccc(Sc2cc(F)cc(C3CCOCC3)c2)c1,CHEMBL25026
DEC_2832,decoy,Cc1ccc(-c2nnc3c4ccccc4c(N4CCCC4)nn23)cc1C,CHEMBL14316
DEC_0227,decoy,O=S(=O)(CS(=O)(=O)C(F)(F)F)c1ccc(Br)cc1,CHEMBL274310
DEC_2888,decoy,O=C1c2ccccc2CCCN1CCN1CCC(n2c(O)nc3ccccc32)CC1,CHEMBL273872
DEC_2426,decoy,CCN(CC)CCn1nc2c3c(c(CNC(=O)OC)ccc31)Sc1ccc(O)cc1-2,CHEMBL27233
DEC_0243,decoy,Cc1cc(C(c2ccccc2Cl)N2CCN(C)CC2)sn1,CHEMBL279253
DEC_0945,decoy,CCCNCc1cccc(C(=O)OCC(=O)[C@@]2(O)CCC3C4CCC5=CC(=O)CCC5(C)C4C(O)CC32C)c1,CHEMBL83442
DEC_3421,decoy,CC(C)C[C@H](CS)C(=O)N[C@H]1Cc2cn(c3ccccc23)CCCCCCNC1=O,CHEMBL285112
DEC_1114,decoy,CC(=O)OCC/C(COC(C)=O)=C(\CC1(C)C(C)CCC2(C)C1CCCC2(O)CO)OC(C)=O,CHEMBL416628
DEC_2925,decoy,CCOCc1c(O)ccc2nc3c(cc12)Cn1c-3cc2c(c1=O)COC(=O)[C@]2(O)CC,CHEMBL10376
DEC_0196,decoy,CSc1ccc(-c2cc3ncn([C@H](C)[C@](O)(Cn4cncn4)c4ccc(F)cc4F)c(=O)c3s2)cc1,CHEMBL52023
DEC_1122,decoy,CO[C@H]1[C@H]2O[C@H]2[C@H](OCC23C[C@@H]4[C@H](C)CC[C@H]4C4(C=O)CC2C=C(C(C)C)C34C(=O)O)O[C@@H]1C,CHEMBL283401
DEC_0517,decoy,CC(C)N1CCN(C(C)C)C(CC2=NCCN2)C1,CHEMBL41097
DEC_4416,decoy,Cc1c(F)c(N2CCNCC2)c(F)c2c1c(=O)c(C(=O)O)cn2C1CC1,CHEMBL16001
ACT_080,active,Cc1cccc(C)c1Oc1nc(N)nc(Cl)n1,CHEMBL3086710
DEC_3404,decoy,CC(C)CC(=O)C(=O)N1CCC[C@H]1C(=O)OCCS(=O)(=O)c1ccccc1,CHEMBL266660
DEC_3520,decoy,O=S1NC(CC2CCc3ccccc32)=NO1,CHEMBL17867
DEC_4514,decoy,C=CCO[C@]1(C)CCN2CC34CC5(C(=O)Nc6c5ccc5c6OC=CC(C)(C)O5)C(C)(C)C3CC21C(=O)N4C,CHEMBL41529
DEC_2046,decoy,OC1(c2nc(-c3ccc(F)cc3)c(-c3ccncc3)[nH]2)CCCC1,CHEMBL23828
DEC_0972,decoy,CC1(C)S[C@@H]2[C@H](/N=C/N3CCCCCC3)C(=O)N2[C@H]1C(=O)O,CHEMBL530
DEC_2633,decoy,Clc1ccc2[nH]c3c(c2c1)CCN(CCc1ccc2ccccc2n1)C3,CHEMBL12801
ACT_030,active,CCCCN(C)C(=O)c1n[nH]c2cc(O)c(C(=O)N(C)c3ccc(N4CCOCC4)cc3)cc12,CHEMBL3906698
DEC_0262,decoy,CC(C)CCN(C1=NCCN1)c1c(Br)cccc1Br,CHEMBL20907
DEC_2167,decoy,Cc1cn(C2C=CC(COP3(=O)OCc4cc(Cl)ccc4O3)O2)c(=O)[nH]c1=O,CHEMBL266136
DEC_4357,decoy,CC(C)(C#Cc1ccc2[nH]c(O)nc2c1)N1CCC(Cc2ccc(F)cc2)CC1,CHEMBL19929
DEC_0657,decoy,N#Cc1cc(-c2ccoc2)c2ccc(OCc3cccc(C4(O)CC5COC(C4)O5)n3)cc2c1,CHEMBL278293
DEC_0317,decoy,Nc1ccc(OC23CC4CC5C6CC(CC52)CC3C6C4)cc1,CHEMBL12197
DEC_1958,decoy,CCN(CC)C(=O)[C@@H]1C=C2c3cccc4[nH]cc(c34)C[C@H]2N(C)C1,CHEMBL263881
DEC_4418,decoy,CCn1cc(C(=O)O)c(=O)c2cc(F)c(N3CCNCC3)c(Cl)c21,CHEMBL15553
DEC_4041,decoy,CC1CC(=O)N(OS(=O)(=O)/C=C/c2ccccc2)C1=O,CHEMBL11586
DEC_2063,decoy,CCCCS(=O)(=O)NCCCn1c2c(c3ccccc31)C(=O)CN1CCCCC21,CHEMBL33112
DEC_1568,decoy,O=C1NC(=O)C(CC#Cc2ccc(Br)cc2)(S(=O)(=O)c2ccc(Cl)cc2)S1,CHEMBL276441
DEC_2709,decoy,CC(C)(O)CC(=O)c1cc(C(C)(C)C)c2c(c1)C(C)(C)CCO2,CHEMBL274717
DEC_1626,decoy,CNCCSC1Cc2ccccc2Sc2ccc(Cl)cc21,CHEMBL279203
DEC_2209,decoy,CCC(C)(O)C#Cc1nc(NCc2ccc(OC)c(OC)c2)c2ncn(C(C)C)c2n1,CHEMBL281525
DEC_2132,decoy,CC1(C)N=C(N)N=C(N)N1c1cccc(Br)c1,CHEMBL268088
DEC_4530,decoy,CS(=O)(=O)N1CCC[C@@H]1Cc1coc2cc(C(=O)N3CCC(N4C(=O)OCc5ccccc54)CC3)ccc12,CHEMBL31941
DEC_0777,decoy,CO[C@]1(c2cc(F)cc(Sc3ccc(/C(C)=N/OCC#N)cc3)c2)CCO[C@@H](C)C1,CHEMBL280554
DEC_0846,decoy,CC(C)[C@@H](N)C(=O)OC1Cc2c(cccc2N(C)CC#CC#CC(C)(C)C)NC1=O,CHEMBL34818
DEC_4521,decoy,O=C1c2ccccc2C2(CC(=O)N(N=C3CCCC3)C2=O)C(=O)N1Cc1nc2cc(C(F)(F)F)ccc2s1,CHEMBL428449
DEC_1001,decoy,CCNc1nc(N2CCN(C)CC2)nc(Cl)c1SC,CHEMBL28184
DEC_0749,decoy,CC(C)(C)OC(=O)N[C@@H](Cc1c[nH]c2ccccc12)C(=O)NC1N=C(c2ccccc2)c2ccccc2NC1=O,CHEMBL73535
DEC_2353,decoy,CC(C)CC1NC(=O)OC12CCN(CCc1c[nH]c3ccccc13)CC2,CHEMBL281198
ACT_065,active,CSc1nc(N)nc(-c2ccc3c4c(cc(Cl)cc24)COC3)n1,CHEMBL1939369
DEC_4234,decoy,N#Cc1ccc(Cn2ccnc2)cc1Oc1cccc2ccccc12,CHEMBL277489
DEC_2379,decoy,CCC1CCC(NC(=O)N(CCCl)N=O)CC1,CHEMBL274809
DEC_3490,decoy,O=C1c2ccccc2O[C@@H]2COc3ccccc3[C@H]12,CHEMBL41229
DEC_1193,decoy,CN1C(=O)CC[C@@]2(C)C1=CCC1C2CC[C@@]2(C)C1CC[C@@H]2N(C)C=O,CHEMBL443995
DEC_2235,decoy,C=CC(C)(C)c1[nH]c2ccccc2c1C1=C(O)C(O)=C(c2cn(C)c3c(CC=C(C)C)cccc23)C(=O)C1=O,CHEMBL19035
DEC_2928,decoy,CN1CCC23c4c5ccc(O)c4O[C@H]2C=C[C@H](N(CCCl)CCCl)[C@H]3C1C5,CHEMBL12397
DEC_1902,decoy,CCc1cc2c(s1)Nc1ccc(F)cc1N=C2N1CCN(C)C(C)C1,CHEMBL276095
DEC_0464,decoy,CCN(CC)CCNc1ccc(CO)c2sc3ccc(O)cc3c(=O)c12,CHEMBL21952
DEC_2760,decoy,CCCCc1nc2c(n1Cc1ccc(-n3cccc3-c3nn[nH]n3)cc1)/C(=C/C(=O)O)CCCC2,CHEMBL443000
DEC_0986,decoy,Fc1cccc(Br)c1N(CC1CC1)C1=NCCN1,CHEMBL20358
DEC_4552,decoy,COc1cc2c(cc1OCCCC(=O)N1C[C@@H](CCl)c3c1cc(O)c1ccccc31)N=C[C@@H]1CCCN1C2=O,CHEMBL302363
DEC_4045,decoy,N#Cc1ccc(S(=O)(=O)CS(=O)(=O)C(F)(F)F)cc1,CHEMBL269680
DEC_1647,decoy,Clc1ccc(C2(Cn3ccnc3)OCC(c3ccccc3)O2)cc1,CHEMBL29498
DEC_0501,decoy,O=P(O)(O)ON1C=CC=C2C=CC=C(O)C21,CHEMBL285665
DEC_0720,decoy,CC(=O)[C@H]1O[C@@H](Oc2ccc(/C=C(\C)C(=O)N[C@H]3C4OC(C5OCOC54)[C@H]3O)cc2O)[C@@H](O)[C@@H]1O,CHEMBL415485
DEC_3655,decoy,N#Cc1ccc(Cn2ccnc2)cc1Oc1ccccc1,CHEMBL25602
ACT_077,active,COCCn1c(C)cc(C(=O)Cn2nc(C(=O)O)c3ccccc3c2=O)c1C,CHEMBL1380039
DEC_0495,decoy,CCc1ccc(C(c2sncc2C)N2CCN(CCO)CC2)cc1,CHEMBL25330
DEC_2491,decoy,CCN1CCC2=C(C1)C(c1ccccc1)c1ccccc12,CHEMBL23897
DEC_3646,decoy,CN1C[C@]2(CCN3CCc4ccccc4[C@@H]3C2)OC1=O,CHEMBL34233
DEC_2358,decoy,CCCc1cccc(=O)n1Cc1ccc(-c2ccccc2-c2nn[nH]n2)cc1,CHEMBL280130
DEC_0973,decoy,CC1(C)O[C@@H]2[C@@H](CC[C@@]3(COS(N)(=O)=O)CCC[C@@H]23)O1,CHEMBL26028
DEC_3143,decoy,Cc1cc(OCC2CCCN(C(=N)N)C2)cc(OS(=O)(=O)c2ccccc2Cl)c1,CHEMBL41862
DEC_2076,decoy,CCN1CCCCCC1c1ccc(-c2cc(S(=O)(=O)CC)ccc2OC)[nH]1,CHEMBL280177
DEC_1856,decoy,Clc1ccccc1Nc1nc2ccccc2n2cncc12,CHEMBL282607
DEC_2474,decoy,CC1(C)OC(S)=Nc2ccc(-c3cccc(C#N)c3)cc21,CHEMBL280613
DEC_1574,decoy,C[C@@H](COC(=O)N1c2ccccc2[C@@]23O[C@]24CCC[C@@H]3C#C/C=C\C#C[C@H]14)S(=O)(=O)c1ccccc1,CHEMBL15828
DEC_2037,decoy,N=C(N)c1ccc2oc(CCc3cc4cc(C(=N)N)ccc4o3)cc2c1,CHEMBL279962
DEC_2492,decoy,CCN1CCC2C(=C(c3ccccc3)c3ccccc32)C1,CHEMBL282233
DEC_4183,decoy,Oc1cc(NC[C@H]2CCC[C@@H]2NCc2ccc(Cl)c(Cl)c2)nc2ccccc12,CHEMBL23719
DEC_3335,decoy,CC(C)c1cc(/C=C2\SC(N=C(N)N)=NC2=O)cc(C(C)C)c1O,CHEMBL16251
DEC_0572,decoy,C[C@]12CCC3C(CCC4=CC(=O)[C@H]5COC[C@]43C5)C1CC[C@@H]2OC1CC1,CHEMBL414006
DEC_0226,decoy,CN1CC2C(=O)C(C1)C(c1ccccn1)N(C)C2c1ccccn1,CHEMBL287392
DEC_1917,decoy,CC(C)Nc1nc(N2CCN(C)CC2)nc(Cl)c1Cl,CHEMBL29001
DEC_0883,decoy,CCOc1c(N2CCC(C)(CN)C2)c(F)cc2c(=O)c(C(=O)O)cn(C3CC3)c12,CHEMBL15738
DEC_3208,decoy,CCOC(=O)C(=O)Nc1nc(-c2ccc3c(c2)N(C(C)=O)c2ccccc2S3)cs1,CHEMBL16296
DEC_1827,decoy,C(=C/c1cccc2ccccc12)\c1ccncc1.Cl,CHEMBL19418
DEC_0457,decoy,CCCCCCCCc1nc2c([nH]1)N1C(=N[C@@H]3CCC[C@@H]31)N(C)C2=O,CHEMBL18817
DEC_0462,decoy,Cc1noc(NS(=O)(=O)c2cccc3c(N(C)C(C)C)cccc23)c1C,CHEMBL283652
DEC_1423,decoy,C#CCN(Cc1ccc2nc(C)nc(O)c2c1)c1ccc(C(=O)N[C@H](CCC(=O)O)C(=O)O)s1,CHEMBL418433
DEC_0557,decoy,Nc1nc(O)c2nc(Br)n(C3OC(CO)C(O)C3O)c2n1,CHEMBL274518
DEC_4061,decoy,CCC#CC[C@H](C)[C@H](O)/C=C/[C@@H]1C2CC(c3ccc(F)cc3)(CO2)[C@H]1C/C=C/CCCC(=O)O,CHEMBL417245
DEC_0366,decoy,COc1ccc(C[C@H]2NC(=O)/C=C/C[C@@H](C(O)C#Cc3ccccc3)OC(=O)[C@H](CC(C)C)OC(=O)[C@@H](C)CNC2=O)cc1,CHEMBL13537
DEC_1190,decoy,C[C@@H]1SC2=NC3c4ccccc4CCC3N2[C@@]1(O)c1ccccc1,CHEMBL28732
DEC_4251,decoy,C=CC[C@]1(O)CCC2C3CCC4=CC(=O)CCC4C3CC[C@@]21C,CHEMBL7834
DEC_4020,decoy,CC(=O)/C=C/CC1C(=O)N2[C@@H](C(=O)O)C(C)(C)S(=O)(=O)[C@@H]12,CHEMBL6311
DEC_3806,decoy,COc1ccc(CCN(CCCN2CCc3cc(OC)c(OC)cc3CC2=O)C(C)=O)cc1OC,CHEMBL35572
DEC_0311,decoy,c1ccc2c(c1)Oc1ccccc1C2NC1=NCCS1,CHEMBL21142
DEC_0369,decoy,CN1CCN(Cc2cccc(C(=O)OCC(=O)[C@@]3(O)CCC4C5CCC6=CC(=O)C=CC6(C)C5C(O)CC43C)c2)CC1,CHEMBL79892
DEC_2470,decoy,CC(=O)C[C@@]12CCC[C@H]1[C@@H]1CCC3=CC(=O)CC[C@@H]3[C@H]1CC2,CHEMBL15128
DEC_0400,decoy,CSC1=NC(c2ccccc2SC)C2=C(O)OCC2=N1,CHEMBL22704
DEC_0380,decoy,CC[C@H]1OC(=O)C[C@@H](O)[C@H](C)[C@@H](O[C@@H]2O[C@H](C)C[C@H](N(C)C)[C@H]2O)[C@@H](CC=O)C[C@@H](C)C(=O)/C=C/[C@]2(C)O[C@H]2[C@@H]1C,CHEMBL8965
DEC_1684,decoy,Cc1cc(C)c(NC(=O)c2sccc2S(=O)(=O)Nc2noc(C)c2Cl)c(C)c1CC#N,CHEMBL19661
DEC_2331,decoy,Clc1ccc(C2COC(Cn3ccnc3)(c3ccccc3)O2)c(Cl)c1,CHEMBL281258
DEC_1456,decoy,CNC(=O)OCCN(CCOC(=O)NC)Cc1cc(OC)c2c(c1)C(=O)c1cccc(O)c1C2=O,CHEMBL297093
DEC_1169,decoy,Brc1cccc(Br)c1N(CC1CC1)C1=NCCN1,CHEMBL20079
DEC_3887,decoy,CCCN(CCC)[C@@H]1Cc2cccc3ccc(=O)n(c23)C1,CHEMBL24978
DEC_3366,decoy,CC1=C(C(=O)O)N2C(=O)C(NC(=O)CCON=C3CCCC3)C2SC1,CHEMBL32296
DEC_2237,decoy,COC(=O)C12CCC(C)(C)CC1[C@H]1[C@H](O)C[C@@H]3[C@@]4(C)CC[C@H](OC(C)=O)C(C)(C)[C@@H]4CC[C@@]3(C)[C@]1(C)CC2,CHEMBL55471
DEC_3628,decoy,Brc1cccc(SC2CN3CCC2CC3)c1,CHEMBL25587
DEC_2073,decoy,CC[C@H](C)C(=O)O[C@H]1C[C@@H](C)C=C2C=C[C@H](C)[C@H](CC[C@@H]3C[C@@H](O)CC(=O)O3)[C@H]21,CHEMBL503
DEC_3099,decoy,c1cnc(NC2c3ccccc3Oc3ccccc32)nc1,CHEMBL281823
ACT_018,active,CC(C)NCCCN1c2nc(F)ncc2NC1Sc1c(Br)ccc2c1O2,CHEMBL5919279
DEC_3005,decoy,Oc1cccc2c1C[C@H]1CCN(CC3CC3)[C@@H]1C2,CHEMBL11771
DEC_1249,decoy,CN(C)CCOc1cc2c(Nc3cccc(Br)c3)c(C#N)cnc2cn1,CHEMBL31118
DEC_0381,decoy,CCC1OC(=O)C[C@@H](O)[C@H](C)[C@@H](OC2OC(C)CC(N(C)C)C2O)[C@@H](CC=O)C[C@@H](C)C(=O)/C=C/[C@]2(C)OC2C1C,CHEMBL26194
DEC_3186,decoy,Cc1cc(-c2c(F)cc3c(=O)c(Cc4c(O)cccc4O)cn(C4CC4)c3c2F)cc(C)n1,CHEMBL440642
DEC_1652,decoy,CCOc1nc(C(Cl)(Cl)Cl)c(Cl)c(OCC)c1Cl,CHEMBL416886
DEC_3844,decoy,C[C@@H](CN1CCN(c2cc(F)c(F)cc2F)CC1)N1C(=O)CC2(CCCC2)CC1=O,CHEMBL274864
DEC_3879,decoy,CCCN(CCC)C1Cc2cccc3c2N(CCC3)C1,CHEMBL273912
DEC_3230,decoy,CN(C)N=Nc1ccc2c(c1)C(=O)N(C)Cc1c(C(=O)OC(C)(C)C)ncn1-2,CHEMBL6407
DEC_1263,decoy,CCOC(=O)/C(C(=O)O)=C(C)/C=C/C=C(C)/C=C/C1=C(C)CCCC1(C)C,CHEMBL264489
DEC_1837,decoy,C[C@@]12C=Cc3occc3C1CC[C@]13CCC(CCC12)C3,CHEMBL281901
DEC_0665,decoy,CC(C)(C)NC(=O)[C@H]1CCC2C3CCC4=C(Br)C(=O)CC[C@]4(C)C3CC[C@@]21C,CHEMBL283564
DEC_0021,decoy,COc1ccc2c3c1OC1C(O)C=CC4C(C2)N(C2CCCCC2O)CCC341,CHEMBL20571
DEC_4329,decoy,O=S(=O)(c1nc(-c2ccc(F)cc2)c(-c2ccc(F)cc2)[nH]1)C(F)F,CHEMBL17597
DEC_0315,decoy,C#C[C@@H](O)C12CCCC1C1CCC3=CC(=O)CC[C@@H]3C1CC2,CHEMBL14506
DEC_0703,decoy,C#Cc1ccc(C#CC(O)(c2ccc(C#N)c(-c3cccc4ccccc34)c2)c2cncn2C)cc1,CHEMBL24554
DEC_3531,decoy,Oc1nc2cccc3c2n1CC(NCC1CC1)C3,CHEMBL276468
DEC_0518,decoy,C=CCC1(C(C)C#CCC)C(=O)NC(=S)NC1=O,CHEMBL277640
DEC_1947,decoy,CC1CC(=O)NN=C1c1ccc(-n2cnc3c2CCCC3)cc1,CHEMBL282765
DEC_3690,decoy,O=C(NC1CCCCNC1=O)c1ccccn1,CHEMBL36042
DEC_4371,decoy,CC/N=C/C1=C(O)O[C@H](COC)[C@@]2(C)C1=C(O)C(=O)C1=C2[C@H](OC(C)=O)C[C@]2(C)C(=O)CC[C@@H]12,CHEMBL273961
DEC_1404,decoy,CCN(CC)C(=O)[C@@H]1C=C2c3cccc4[nH]cc(c34)C[C@H]2N(CCc2ccccc2)C1,CHEMBL23046
DEC_4550,decoy,Cc1cc(C)c(NC(=O)c2sccc2S(=O)(=O)Nc2onc(C)c2Cl)c(C(=O)N(C)CC(C)(C)C)c1,CHEMBL61711
DEC_1049,decoy,CC(C)C1=CC2CC3(C=O)[C@@H]4CC[C@@H](C)[C@H]4CC2(C(O)CCc2ccccc2)[C@]13C(=O)O,CHEMBL25652
DEC_3576,decoy,CC(=O)N1CCC[C@@H]1C/N=C(\S)N1Cc2ccccc2C[C@H]1CNC(=O)NC(C)(C)C,CHEMBL441427
DEC_4294,decoy,CCN1CC2(CCN(CCc3c[nH]c4ccccc34)CC2)OC1=O,CHEMBL281949
DEC_1459,decoy,COC(=O)c1ccc(CN(CCCc2c(N)nc(N)nc2O)c2ccc([N+](=O)[O-])c(F)c2F)cc1,CHEMBL34132
DEC_1470,decoy,Oc1ccc2c(c1)OC[C@@H](N1CCC(O)(c3ccccc3)CC1)[C@H]2O,CHEMBL280083
DEC_1937,decoy,C#Cc1ccc(C23OCC(C(C)(C)C)(CO2)C(C#N)O3)cc1,CHEMBL10450
DEC_0796,decoy,O=C(O)CCC/C=C\C[C@H]1[C@H](F)CC[C@@H]1NS(=O)(=O)c1ccc(Cl)cc1,CHEMBL20300
DEC_2680,decoy,Ic1cccc(COCCCc2c[nH]cn2)c1,CHEMBL281187
DEC_3199,decoy,O=C(c1ccc(Nc2ccnc3cc(C(F)(F)F)ccc23)cc1)N1CCN(c2ccccc2)CC1,CHEMBL28729
DEC_0397,decoy,CCO[C@H]1O[C@@H]2O[C@@]3(C)CCC4[C@H](C)CCC([C@H]1C)[C@]42OO3,CHEMBL6635
DEC_0707,decoy,CC(=O)[C@@]12OC(C)(c3ccc(N)cc3)O[C@@H]1CC1C3CCC4=CC(=O)CC[C@]4(C)C3CC[C@@]12C,CHEMBL266860
DEC_0344,decoy,CC[C@@H]1Cc2cc3c(C(F)(F)F)cc(O)nc3cc2N[C@@H]1C,CHEMBL266269
DEC_3726,decoy,c1cncc(-c2nc3c([nH]2)-c2ccccc2CCC3)c1,CHEMBL414205
DEC_3268,decoy,C[C@]12Cc3ccccc3C[C@](C)(N1)c1ccccc12,CHEMBL24061
DEC_3370,decoy,O=C(O)C1C2C[C@H](COC(=O)C3C[C@H]3c3ccccc3)[C@@H](O2)C1C(=O)O,CHEMBL17073
DEC_2803,decoy,C[C@H]1Oc2ccc(OCc3nc4cc(F)ccc4s3)cc2[C@@H](O)[C@@H]1Cc1cccc(C(=O)O)c1,CHEMBL297906
DEC_3432,decoy,N#CN=C1N(CC2CC2)[C@H](Cc2ccccc2)[C@H](O)[C@@H](O)[C@@H](Cc2ccccc2)N1CC1CC1,CHEMBL36118
DEC_0695,decoy,O=C1NC(=O)C(CC#Cc2ccc(Cl)cc2)(Sc2ccc3ccccc3n2)S1,CHEMBL273223
DEC_0673,decoy,CC1(C)[C@H](/C=C/C=C2C[C@@H](O)C[C@H](O)C2)CC[C@]1(C)CC#CC(O)(C(F)(F)F)C(F)(F)F,CHEMBL416797
DEC_1460,decoy,C[C@@H](/N=c1\c(O)c(O)\c1=N/c1ccc(C#N)c2c1CCCC2)C(C)(C)C,CHEMBL275401
DEC_3235,decoy,COc1ccc2c(c1)c(OC(C)C)c(-c1nn[nH]n1)n2-c1ccccc1,CHEMBL29700
DEC_3775,decoy,CCCCCN1C[C@@H]2N(C(=O)OCCc3ccc(O)cc3)CCC(=O)N2[C@@H](CCc2ccccc2)C1=O,CHEMBL31414
DEC_1891,decoy,OC(c1cccc(Cl)c1)C(O)(Cn1cncn1)c1cccc(Cl)c1,CHEMBL273840
DEC_3773,decoy,Cc1ccc(OC(C)(C)[C@H]2OC[C@@H](C/C=C\CCC(=O)O)[C@@H](c3cncn3C)O2)c([N+](=O)[O-])c1,CHEMBL278714
DEC_0984,decoy,c1ccc(C2(c3ccccc3)OC[C@@H]([C@@H]3CCCN3)O2)cc1,CHEMBL412875
DEC_4397,decoy,CO[C@H]1[C@H](O)[C@H]2[C@@H](O[C@@H]1CO)n1c3ccccc3c3c4c(c5c6ccccc6n2c5c31)C(=O)OC4=O,CHEMBL27644
DEC_1656,decoy,CCCCCc1cc(O)c2c(c1)OC(C)(C)[C@@H]1CCC(CNC)CC21,CHEMBL28077
DEC_3877,decoy,C#CCCCC(=O)c1cc2c(c(C(C)(C)C)c1)OCC2,CHEMBL14518
DEC_2182,decoy,O=C1[C@@H](NS(=O)(=O)c2ccc(-c3ccccn3)s2)CCN1Cc1cc2c[nH]ccc-2n1,CHEMBL266690
DEC_1850,decoy,Cc1c2cccc3c2c(c2ccc4ccccc4c12)CC3,CHEMBL289362
DEC_4112,decoy,CC(C)[C@H](CO)Nc1nc(Nc2cc(N)cc(Cl)c2)c2ncn(C(C)C)c2n1,CHEMBL286721
DEC_0481,decoy,Cc1noc(NS(=O)(=O)c2cccc3c(CN(C)C)cccc23)c1C,CHEMBL27525
DEC_2607,decoy,N#CN=C1N(CC2CCCC2)[C@H](Cc2ccccc2)[C@H](O)[C@@H](O)[C@@H](Cc2ccccc2)N1CC1CCCC1,CHEMBL286791
DEC_0158,decoy,CC(C)C1=CC2CC3(C=O)[C@@H]4CC[C@@H](C)[C@H]4CC2(CO[C@H]2CN(CC=C(Cl)Cl)[C@H](C)CO2)[C@]13C(=O)O,CHEMBL284336
DEC_0453,decoy,CCc1c(Sc2cc(C)cc(C)c2)n(COCCO)c(=S)[nH]c1=O,CHEMBL16793
DEC_1776,decoy,COC(=O)c1[nH]c2c(c1C(=O)OC)[C@@]13C[C@@H]1CN(C(=O)c1cc4cc(NC(=O)c5cc6ccccc6o5)ccc4[nH]1)C3=CC2=O,CHEMBL32728
DEC_0383,decoy,COc1cccc2c1C(=O)c1c(O)c3c(c(O)c1C2=O)C[C@@](O)(C(C)=O)C[C@@H]3OC1CC(N2CCCCC2)C(O)C(C)O1,CHEMBL80705
DEC_0482,decoy,OC(c1ccc(F)cc1)C(O)(Cn1cncn1)c1ccc(Cl)cc1,CHEMBL10446
ACT_059,active,C=CCn1c(NS(=O)(=O)c2ccccc2)c(S(=O)(=O)c2ccc(C)cc2)c2nc3ccccc3nc21,CHEMBL1612112
DEC_1705,decoy,C=C(C)[C@H](C(=O)OC(C)(C)C)N1C(=O)/C(=C/C(C)=O)[C@H]1SSc1nc2ccccc2s1,CHEMBL37582
DEC_1786,decoy,Cc1ccccc1S(=O)(=O)NC(=O)c1cccc(C[C@@H]2[C@@H](C)Oc3ccc(OCc4nc5cc(F)ccc5s4)cc3[C@@H]2O)c1,CHEMBL52102
DEC_0073,decoy,O=C1CC2(CCCC2)CC(=O)N1OCCCN1CCN(c2cccc(Cl)c2)CC1,CHEMBL10821
DEC_2670,decoy,Ic1ccc(COCCCc2c[nH]cn2)cc1,CHEMBL19010
DEC_0425,decoy,CCS(=O)(=O)c1ccc(OC)c(-c2ccc(CN3CCCC3)[nH]2)c1,CHEMBL21280
DEC_1741,decoy,CC(=O)/C(=N\O)c1ccc(Sc2cc(F)cc(C3CCOCC3)c2)cc1,CHEMBL283476
DEC_1931,decoy,O=C1CN2Cc3c(ccc(N4CCCC4)c3Cl)NC2=N1,CHEMBL31649
DEC_0892,decoy,O=c1oc2ccccc2c(O)c1C1c2ccccc2Oc2c1c(=O)oc1ccccc21,CHEMBL32926
DEC_3599,decoy,N[C@H](C(=O)N1CCSC1)[C@H]1CC[C@H](NS(=O)(=O)c2ccc(OC(F)(F)F)cc2)CC1,CHEMBL25211
DEC_4140,decoy,CC(C)=CC[C@@H](OC(=O)Cc1ccccc1)C1=CC(=O)c2c(O)ccc(O)c2C1=O,CHEMBL8804
DEC_3489,decoy,CCC1=C2C3C=C(C)CC2(NC1)c1ccc(O)nc1C3,CHEMBL37105
DEC_2960,decoy,CC1OC2(CCN(C)CC2)C2SCCSC12,CHEMBL284802
DEC_3169,decoy,COc1cc2c(cc1OC)[C@H]1[C@H](O)c3ccc4c(c3O[C@@H]1CO2)Cc1cc(C(C)C)oc1C4,CHEMBL40658
DEC_2454,decoy,COc1cc(COc2cccc(OCc3ccc4ccccc4n3)c2)cc(-c2nn[nH]n2)c1,CHEMBL279849
DEC_1548,decoy,COc1ccc2c3c1OC1C(=O)[C@@H](C)[C@H](C)C4C(C2)N(CC2CCC2)CCC314,CHEMBL284568
DEC_4318,decoy,CN1CC[C@]23CCCC[C@H]2[C@H]1Cc1ccc(Oc2ccccc2[N+](=O)[O-])cc13,CHEMBL20972
DEC_1636,decoy,Cc1ccc(C2(Cn3ccnc3)OCC(c3ccc(Cl)cc3)O2)cc1,CHEMBL281907
DEC_3367,decoy,CCCCn1c(=O)c2c(ncn2S(=O)(=O)CCC)n(CCCC)c1=O,CHEMBL282230
DEC_4223,decoy,O=C1/C(=C\c2ccncc2)C(c2ccc(Cl)cc2)Cn2cccc21,CHEMBL9165
DEC_2072,decoy,CCN(CC)CCOc1ccccc1/C=C(\C#N)c1noc2ccc(OC)cc12,CHEMBL21767
DEC_1253,decoy,C[C@@H](NC(=O)N1C(=O)CC1SCc1ccc(CC(=O)OC(C)(C)C)cc1)c1ccccc1,CHEMBL288793
DEC_3794,decoy,CC1(c2ccc(F)cc2)CC(=O)N(CCCCN2CCN(c3nsc4ccccc34)CC2)C1=O,CHEMBL417685
DEC_0952,decoy,COC(=O)c1c(C(F)(F)F)[nH]c2c1C13CC1CN(C(=O)c1cc4cc(OC)c(OC)c(OC)c4[nH]1)C3=CC2=O,CHEMBL296073
DEC_0931,decoy,NS(=O)(=O)c1ccccc1-c1ccc(NC(=O)C2CC(c3ccc(Cl)c([N+](=O)[O-])c3)=NO2)cc1,CHEMBL50298
DEC_4264,decoy,O=C1C(Cl)=C(Nc2ccc(Cl)cc2)C(=O)c2ncccc21,CHEMBL11138
DEC_0467,decoy,CC(C)(C)NCC(O)COc1ccc(/C=C/CO)cc1Br,CHEMBL14241
DEC_3882,decoy,CCCN(CCC)C1Cc2cccc3c2N(C1)C(=O)NC3,CHEMBL273867
DEC_0602,decoy,O=C1Nc2cccc3c2C1(CCCCN1CCN(c2ccccn2)CC1)CCC3,CHEMBL428494
DEC_4515,decoy,CCCCO[C@]1(C)CCN2CC34CC5(C(=O)Nc6c5ccc5c6OC=CC(C)(C)O5)C(C)(C)C3CC21C(=O)N4C,CHEMBL291158
DEC_1874,decoy,OCCN1CCN(C2=Nc3ccccc3CC=C2c2ccc(O)cc2)CC1,CHEMBL17014
DEC_0375,decoy,C[C@H]1CC2C(C(O)CC3(C)C2CC[C@]3(O)C(=O)COC(=O)c2cccc(CN3CCN(C)CC3)c2)C2(C)C=CC(=O)C=C12,CHEMBL432174
DEC_1862,decoy,CN1C[C@H](CN2CC(=O)NC2=O)C[C@@H]2c3cc(C(C)(C)C)cc4[nH]cc(c34)C[C@H]21,CHEMBL275539
DEC_2420,decoy,CCNCC1CCN(c2c(F)cc3c(=O)c(C(=O)O)cn(C4CC4)c3c2OCC)CC1,CHEMBL15171
DEC_2874,decoy,Cc1cc(C)cc(COC(=O)[C@H](Cc2c[nH]c3ccccc23)NC(=O)OC(C)(C)C)c1,CHEMBL24549
DEC_0817,decoy,CC(C)/N=C(\N)c1ccc(N2CCCN(c3ccc(/C(N)=N/C(C)C)cc3)CC2)cc1,CHEMBL9341
DEC_0060,decoy,C=Cc1ccc(-c2ccc(OCC(CN3C(=O)N(C)C(C)(C)C3=O)N(O)C=O)cc2)cc1,CHEMBL38299
DEC_3903,decoy,CCc1c(CC#N)nn(-c2ccccc2)c1-c1ccccc1,CHEMBL8876
DEC_2556,decoy,CC(C)COc1nc2ccc(C(C)O)cn2c(=O)c1Cc1ccc(-c2ccccc2-c2nn[nH]n2)cc1,CHEMBL54699
ACT_005,active,Oc1ccc2c(c1)CCc1c[nH]nc1-2,CHEMBL441019
DEC_4245,decoy,CCCN1CCN2CC(c3ccccc3)c3ccccc3C2C1,CHEMBL404992
DEC_4319,decoy,O=C1OC2(CCN(CCc3c[nH]c4ccccc34)CC2)CN1Cc1ccccc1,CHEMBL283477
DEC_1224,decoy,Cl.O=C([C@H]1CCCN1)N1CCCC1P(=O)(Oc1ccccc1)Oc1ccccc1,CHEMBL273851
DEC_2964,decoy,CC1(C)C=C2C(=O)C(C)(C)C(=O)C(C)(C)C2(F)OO1,CHEMBL34210
DEC_4454,decoy,O=C1NCN(c2ccccc2)C12CCN(C1CCc3ccccc31)CC2,CHEMBL284414
DEC_1530,decoy,CN1CCN(c2c(F)c(F)c3c(=O)c(C(=O)O)cn(C4CC4)c3c2F)CC1,CHEMBL277404
DEC_4430,decoy,COc1ccc(OC)c(Sc2ccc(NC3=NCCN3)cc2)c1,CHEMBL9626
DEC_2345,decoy,COc1ccccc1N1CCN(CCCC2=CCCc3ccccc32)CC1,CHEMBL8644
DEC_0772,decoy,CN1CCN(CCCNc2ncc3cc(-c4c(Cl)cccc4Cl)c(/N=C(/N)Nc4ccccc4)nc3n2)CC1,CHEMBL300335
DEC_4059,decoy,COc1cc(OC)nc(N2C(=O)Cc3ccccc3C2=O)n1,CHEMBL441214
DEC_1364,decoy,C=C1/C(=C\C=C2/CCC[C@]3(C)C([C@H](C)CC#CC(C)(C)O)=CC[C@@H]23)C[C@@H](O)C[C@@H]1O,CHEMBL284121
DEC_4001,decoy,CCC(C)c1cc(C(=O)O)c(=O)n2cc(F)c(N3CC[C@H](N)C3)c(C)c12,CHEMBL278417
DEC_2058,decoy,FC(F)(F)COc1ccc(Cc2ccc(NC3=NCCN3)cc2)cc1,CHEMBL9345
ACT_027,active,CS(=O)(=O)c1ccc(-c2cn3cc(C(=O)O)ccc3n2)cc1,CHEMBL1318777
DEC_3617,decoy,CN1CCN2c3ccccc3Cc3ccccc3C2C1,CHEMBL6437
DEC_1196,decoy,CCCN1C[C@H](C(=O)N(CC)CC)C=C2c3cccc4[nH]cc(c34)C[C@H]21,CHEMBL22258
DEC_3462,decoy,c1csc([C@H]2CN3CCC[C@H]3c3ccsc32)c1,CHEMBL36131
DEC_2305,decoy,CCCCCCC[C@H]1OC(=O)C[C@H](O)[C@H](Cc2ccccc2)N(C)C(=O)[C@H](C(C)C)OC(=O)[C@H]1C,CHEMBL290432
DEC_0814,decoy,Fc1ccc(CC2COC(Cn3ccnc3)(c3ccc(Cl)cc3Cl)O2)cc1,CHEMBL29676
DEC_2687,decoy,CS/C(=N\CCSCc1c[nH]c2ccccc12)NC#N,CHEMBL12059
DEC_2086,decoy,CCCN1CCC(COc2nc3ccc(Cl)cc3c3c2CCCCN3)CC1,CHEMBL432075
DEC_4299,decoy,CSc1ccc(C(=O)c2ccc3n2CCC3C(=O)O)cc1,CHEMBL267278
DEC_0839,decoy,C(=C1/CCCN(c2ccc(C3=NCCN3)cc2)C1)\c1ccc(C2=NCCN2)cc1,CHEMBL267154
ACT_095,active,Cc1c(-c2nc(-c3ccc(C(F)(F)F)cc3)no2)n(C)oc1=O,CHEMBL1327234
DEC_4433,decoy,Cc1cccc(C)c1NC(=O)CNC(=O)C1CC(C)(C)NC1(C)C,CHEMBL15554
DEC_1960,decoy,O=NN(CCCl)C(=O)NC1C2CC3CC(C2)CC1C3,CHEMBL12424
DEC_4235,decoy,CC[C@H](c1ccc(O)cc1)[C@@H](CBr)c1ccc(O)cc1,CHEMBL24212
DEC_3735,decoy,C/C(=C\c1ccc(Cc2cncs2)cc1)C(=O)O,CHEMBL26756
DEC_3027,decoy,c1ccc2c(c1)-c1ccccc1C21OC[C@H]([C@@H]2CCCCN2)O1,CHEMBL442107
DEC_3053,decoy,CNc1ncnc2c1ncn2Cc1ccccc1C(F)(F)F,CHEMBL268652
DEC_0421,decoy,CCCCC[C@H](O)/C=C/C1C(=O)C[C@@H]2OC(=O)CCC/C=C\C[C@H]12,CHEMBL12321
DEC_3359,decoy,Cc1ccc(Sc2cncc3sc(C(=O)NCC(O)CO)cc23)cc1,CHEMBL428508
DEC_1211,decoy,[N-]=[N+]=Nc1ccc2c(Nc3ccc(S(N)(=O)=O)cc3)c3ccc(N=[N+]=[N-])cc3nc2c1,CHEMBL35745
DEC_1153,decoy,CC1(C)NC(=O)N(CC(COc2ccc(-c3ccc(OC(F)(F)F)cc3)cc2)N(O)C=O)C1=O,CHEMBL43411
DEC_0799,decoy,Fc1ccc(C(OCCN2CCN(C/C=C/c3ccccc3)CC2)c2ccccc2)cc1,CHEMBL39282
DEC_0286,decoy,C/C(=N\OCC#N)c1ccc(Sc2cc(F)cc(C3CCOCC3)c2)cc1,CHEMBL24925
DEC_0645,decoy,O=C(O)CCc1ccccc1CC1C2CCC(O2)C1c1nc(C(=O)Nc2ccccc2)co1,CHEMBL280605
DEC_3943,decoy,CC(C)CC(=O)N(C)[C@@H]1CCN2CCc3ccccc3[C@@H]2C1,CHEMBL31096
DEC_4075,decoy,CC(C)N(CC#CCCCC1(C2(O)c3ccccc3Oc3ccccc32)SCCCS1)C(C)C,CHEMBL41270
DEC_1034,decoy,CCCN1N=C2/C(=C/c3ccc(Cl)cc3)CS(=O)(=O)CC2C1c1ccc(Cl)cc1,CHEMBL37222
DEC_1697,decoy,C#CCN(Cc1cc2c(O)nc(C)nc2cc1C)c1ccc(C(=O)NCc2cncs2)c(F)c1,CHEMBL266066
DEC_2866,decoy,COc1c(Cl)cc(-c2cc(C(F)F)nn2-c2ccc(S(N)(=O)=O)cc2)cc1Cl,CHEMBL287646
DEC_3172,decoy,Cc1cc(-c2c(F)cc3c(=O)c(Cc4c(O)cc(O)cc4O)cn(C4CC4)c3c2F)cc(C)n1,CHEMBL428339
DEC_3410,decoy,Br.Br.N=c1ccn(CCCCCCn2ccc(=N)cc2)cc1,CHEMBL35108
DEC_2053,decoy,O=C1NC(=O)c2cc(NC3CCCCC3)c(NC3CCCCC3)cc21,CHEMBL266969
DEC_4316,decoy,C1=C(c2ccccc2)C(N2CCN(Cc3ccccc3)CC2)=Nc2ccccc2C1,CHEMBL16620
DEC_1921,decoy,CCC(CC)c1nc2c([nH]1)N1C(=N[C@@H]3CCC[C@@H]31)N(C)C2=O,CHEMBL18964
DEC_4554,decoy,O=C1C2C(C(=O)N1Nc1ccc([N+](=O)[O-])cc1[N+](=O)[O-])[C@@]1(Cl)C(Cl)=C(Cl)[C@]2(Cl)C1(Cl)Cl,CHEMBL298301
DEC_2070,decoy,O=C1CC2(CCCC2)CC(=O)N1OCCCN1CCN(c2ccccc2Cl)CC1,CHEMBL10880
DEC_1071,decoy,O=NN(CCCl)C(=O)NC1CCCCC1,CHEMBL514
DEC_3659,decoy,CN1CCC2(CC1)CN=C(c1cn(C)c3ccccc13)O2,CHEMBL267991
DEC_3142,decoy,O=C1[C@@H](NS(=O)(=O)c2cc3ccc(Cl)cc3s2)CCN1CCNc1ccncc1,CHEMBL267196
DEC_3990,decoy,CCCc1cc(C#N)ccc1/N=c1\c(O)c(O)\c1=N/[C@H](C)C(C)(C)C,CHEMBL19492
DEC_1642,decoy,CCC(C)(C)/N=c1\c(O)c(O)\c1=N/Cc1c(C)cc(C)cc1Cl,CHEMBL19799
DEC_2478,decoy,C[C@]12N[C@H](Cc3ccccc31)c1cc3ccccc3cc12,CHEMBL423293
DEC_1629,decoy,COc1nc(C(Cl)(Cl)Cl)c(Cl)c(OC(C)C)c1Cl,CHEMBL269389
DEC_0443,decoy,CN(C)c1cccc2c(S(=O)(=O)Nc3cccnn3)cccc12,CHEMBL414200
DEC_2094,decoy,CSc1c(Cl)nc(NCc2ccccc2Cl)nc1N1CCN(C)CC1,CHEMBL34874
DEC_3187,decoy,O=C(NNc1nccc(C(F)(F)F)n1)Nc1cc(C(F)(F)F)cc(C(F)(F)F)c1,CHEMBL14921
DEC_2485,decoy,CC1(C)OC(/C=C/c2cc(Cl)cc(Cl)c2)=CC1=O,CHEMBL276730
DEC_0163,decoy,OC[C@@]1(CCCCCc2ccccc2)CC2C3Cc4ccc(O)c5c4C2(CCN3CC2CCC2)C(O5)[C@@H]1O,CHEMBL274289
DEC_1777,decoy,COC(=O)c1[nH]c2c(c1C(=O)OC)C13CC1CN(C(=O)c1cc4cc(NC(=O)c5cc6ccccc6o5)ccc4[nH]1)C3=CC2=O,CHEMBL296300
DEC_0359,decoy,CN1CCN(Cc2cccc(C(=O)OCC(=O)[C@@]3(O)CCC4C5CCC6=CC(=O)CCC6(C)C5C(O)CC43C)c2)CC1,CHEMBL309509
DEC_2557,decoy,CCO/C(O)=C1\C(C[S+]([O-])c2ccc(NC(C)=O)cc2)=NC(C)=C(C#N)C1c1ccccc1C(F)(F)F,CHEMBL73692
DEC_1700,decoy,CCOC(=O)Cc1c(C)nc(O)c2c1ccc1nc(Nc3c(Cl)cccc3Cl)n(C)c12,CHEMBL281271
DEC_4463,decoy,CC(C)CN[C@H]1CCS(=O)(=O)c2sc(S(N)(=O)=O)cc21,CHEMBL417975
DEC_2112,decoy,Cc1c(C)c(C)c(S(=O)(=O)OCCCl)c(C)c1C,CHEMBL17524
DEC_3009,decoy,O=S1NC(CC2=Cc3ccccc3CC2)=NO1,CHEMBL17355
DEC_3687,decoy,CCC1(C2=NCCN2)COc2ccccc2O1,CHEMBL9775
DEC_1239,decoy,CCc1nc2c(C)cc(C)nc2n1Cc1ccc(-c2cscc2-c2nn[nH]n2)cc1,CHEMBL274626
DEC_1906,decoy,CC(C)c1cccc(C(C)C)c1OC(=O)NS(=O)(=O)N1CCCCC1,CHEMBL21588
DEC_4276,decoy,CC(C)c1ccc(C(c2ccns2)N2CCNCC2)cc1,CHEMBL23010
DEC_1302,decoy,OC(CCCN1CCN(c2nccc3sccc23)CC1)c1ccc(F)cc1,CHEMBL15560
DEC_0485,decoy,O[C@H](COc1ccccc1)CN1CCC(Oc2ccccc2)CC1,CHEMBL282323
DEC_2088,decoy,Cc1cnsc1C(c1ccc(CC(C)C)cc1)N1CCN(CCO)CC1,CHEMBL279713
DEC_1617,decoy,O=C1Nc2ccccc2C(c2ccccc2F)=NC1Cc1ccsc1,CHEMBL20408
DEC_2811,decoy,CSc1sc(C(=N)N)cc1-c1nc(-c2cccs2)cs1,CHEMBL31549
DEC_2933,decoy,C=C(C)[C@H]1Cc2c(ccc3c2OC2COc4cc(OC)c(OC)cc4C2/C3=N/O)O1,CHEMBL266067
DEC_1233,decoy,CCCCC1=NC2(CCCC2)CC(=O)N1Cc1ccc(-c2ccccc2-c2nn[nH]n2)cc1,CHEMBL42200
DEC_2889,decoy,O=C(c1ccccc1)N1CCc2cc(S(=O)(=O)N3CC(c4ccccc4)NC3=O)ccc21,CHEMBL39033
DEC_3615,decoy,O=C1c2ccccc2CCC1C1OCCc2ccccc21,CHEMBL7950
DEC_2178,decoy,N#Cc1c2n(c3c(N4CCN(CCc5ccccc5Cl)CC4)ncnc13)CCCC2,CHEMBL27517
DEC_3014,decoy,CON1CC/C(=C\c2cc(C(C)(C)C)c(O)c(C(C)(C)C)c2)C1=O,CHEMBL12594
DEC_0728,decoy,Nc1cccc(Cn2c3c(c4ccccc42)C[C@@]2(O)[C@H]4Cc5ccc(O)c6c5[C@@]2(CCN4CC2CC2)[C@H]3O6)c1,CHEMBL59475
DEC_1808,decoy,C/C(=N/OC1CCOCC1)C1(O)CCN(c2ccc(-c3cc(-c4cccc(Br)c4)c4c(N)ncnc4n3)cn2)CC1,CHEMBL322448
DEC_0554,decoy,CC1=C(C(=O)O)N2C(=O)[C@@H](NC(=O)[C@H](N)c3ccc(O)cc3)[C@H]2CO1,CHEMBL18418
DEC_2271,decoy,N#Cc1ccccc1S(=O)(=O)Nc1cccc(C(c2c(O)oc3c(c2=O)CCCCCC3)C2CC2)c1,CHEMBL16257
DEC_1767,decoy,Cc1cc(SC2=C(O)OC(C)(CCc3ccc(O)cc3)CC2=O)c(C(C)(C)C)cc1OS(=O)(=O)N1CCN(C)CC1,CHEMBL70502
DEC_0276,decoy,CC(/N=c1\c(O)c(O)\c1=N/c1ccc(C#N)cc1)c1ccc(OC(F)(F)F)cc1,CHEMBL18963
DEC_0470,decoy,CCN(CC)Cc1ccc(-c2cc(S(=O)(=O)CC)ccc2OC)[nH]1,CHEMBL277684
DEC_1476,decoy,O=C1NC(=O)c2c1c1c3ccccc3cnc1c1[nH]c3c(CCO)cccc3c21,CHEMBL278794
DEC_2863,decoy,OC(c1ccc(Cl)cc1Cl)C(O)(Cn1cncn1)c1ccc(Cl)cc1Cl,CHEMBL10361
DEC_2302,decoy,CC(=O)NC(CC(C)C)C(=O)N[C@@H](Cc1ccccc1)/C(O)=C(\C#N)c1c(F)c(F)c(F)c(F)c1F,CHEMBL277272
DEC_4423,decoy,CC1(C)N=C(N)N=C(N)N1c1ccc(C#Cc2ccccc2)cc1,CHEMBL284157
DEC_0546,decoy,CSC1OC(C(NC(=O)C(Cl)Cl)C(C)O)C(O)C(O)C1O,CHEMBL21621
DEC_3001,decoy,CCc1nc2c([nH]1)N1C(=N[C@@H]3CCC[C@@H]31)N(C)C2=O,CHEMBL418367
DEC_0923,decoy,CC(=O)OCC1=C[C@H]2[C@@H]3C(C)(C)[C@]3(OC(=O)Cc3ccccc3)C[C@@H](C)[C@]2(O)C2C=C(C)C(=O)[C@@]2(O)C1,CHEMBL268915
DEC_4293,decoy,CC[C@]1(c2cccc([N+](=O)[O-])c2)OC[C@H]([C@@H]2CCCCN2)O1,CHEMBL26840
DEC_3664,decoy,O=C(O)CCCC(=O)N1CCC[C@H]1C(=O)O,CHEMBL277919
DEC_0256,decoy,O=NN(CCCl)C(=O)NC1C(F)(F)C(F)(F)C(F)(F)C(F)(F)C1(F)F,CHEMBL20533
DEC_2067,decoy,CCOC(=O)C[C@H]1CCCCC12OOC1(CCCC[C@H]1CC(=O)OCC)OO2,CHEMBL34205
DEC_2718,decoy,NC(=O)c1cc2c(Sc3ccc(Br)cc3)cncc2s1,CHEMBL266198
DEC_2841,decoy,Cc1ccc(NS(=O)(=O)c2cccc3c(N(C)C)cccc23)nn1,CHEMBL268387
DEC_0693,decoy,O=C1NC(=O)C(CC#Cc2ccc(Cl)cc2)(S(=O)(=O)c2ccc3ccccc3c2)S1,CHEMBL275071
DEC_3013,decoy,CN(C)C1CCCN(C2c3ccccc3Oc3ccccc32)C1,CHEMBL20631
DEC_0660,decoy,Oc1cccc(Oc2nccc(-c3c(-c4ccc(F)cc4)ncn3C3CCNCC3)n2)c1,CHEMBL14125
DEC_0738,decoy,O=C(NC[C@@H]1Cc2ccccc2CN1C(=S)NC[C@H]1CCCN1Cc1ccsc1)Nc1ccccc1,CHEMBL40528
DEC_2658,decoy,O=C1NC(=O)c2c1c1c3ccccc3cnc1c1[nH]c3ccccc3c21,CHEMBL279041
DEC_1664,decoy,Cc1noc(NS(=O)(=O)c2ccccc2-c2ccc(-c3ncco3)cc2COCC(C)C)c1C,CHEMBL282303
DEC_1174,decoy,Brc1ccc(N(CC2CC2)C2=NCCN2)c(Br)c1,CHEMBL277244
DEC_2177,decoy,Cc1nccc2c1c1ncnc(N3CCN(CCc4ccc(F)c(F)c4)CC3)c1n2C,CHEMBL27007
DEC_2688,decoy,CS/C(=N\CCSCc1cc2ccccc2[nH]1)NC#N,CHEMBL12623
DEC_3363,decoy,O=NN(CCCl)C(=O)NC1CCC(NC(=O)N(CCCl)N=O)CC1,CHEMBL12577
DEC_1208,decoy,CN(C)c1ncnc2c1ncn2C(c1ccccc1)c1ccccc1,CHEMBL268102
ACT_054,active,COc1cccc(C(=O)NC2CC3CCC(C2)N3c2ccc(C(=O)NCc3ccccc3)cn2)c1C,CHEMBL2204507
DEC_2179,decoy,CN1CCN(C)C1c1ccc(N2CCN(c3ccc(C4N(C)CCN4C)cc3)CC2)cc1,CHEMBL290691
DEC_3580,decoy,O=C1NC(=O)C(CC#Cc2ccccc2)(S(=O)(=O)c2ccc(Br)cc2)S1,CHEMBL415973
DEC_1706,decoy,CCOC(=O)/C=C1\CC2(CCCCC2)CC(=O)N1Cc1ccc(-c2ccccc2-c2nn[nH]n2)cc1,CHEMBL51084
DEC_3337,decoy,Cc1cccc(C)c1NC(=O)C(C)NCCNC(=O)C1=CC(C)(C)NC1(C)C,CHEMBL15736
DEC_4365,decoy,COc1cc(O)c2c(c1C)C(=O)CCCCC/C(S)=N/[C@H](c1nc(CO)no1)CSC2,CHEMBL39548
DEC_1529,decoy,CN([C@@H]1CCN2CCc3ccccc3[C@@H]2C1)S(=O)(=O)c1cccc2cccnc12,CHEMBL30979
DEC_4498,decoy,O=c1oc2c(O)c(O)cc3c(=O)oc4c(O)c(O)cc1c4c23,CHEMBL6246
DEC_0118,decoy,CC1(C)C2CC1[C@]1(C)OB([C@H](CCCN=C(N)N)NC(=O)c3ccc(-c4ccccc4)cc3)O[C@@H]1C2,CHEMBL276880
DEC_4040,decoy,CC(C)(C)NC(=O)c1ncn2c(=O)n(CCCl)nnc12,CHEMBL287431
DEC_1806,decoy,CN1CCN(Cc2cc(Nc3cc(C(F)(F)F)nc(/N=C(\N)Nc4ccc(C(=O)c5ccccc5)cc4)n3)ccc2O)CC1,CHEMBL279016
DEC_1692,decoy,CCCC(c1cccc(NS(=O)(=O)c2cccnc2)c1)c1c(O)c2c(oc1=O)CCCCCC2,CHEMBL16238
DEC_0668,decoy,CC(C)NC(=O)N(C(=O)[C@H]1CCC2C3CCC4NC(=O)CC[C@]4(C)C3CC[C@@]21C)C(C)C,CHEMBL278860
DEC_0145,decoy,CC(C)c1ccccc1N1CCN(C(=O)[C@@H](Cc2c[nH]c3ccccc23)NC(=O)C(C)(C)N)CC1,CHEMBL285985
DEC_0161,decoy,C=C(CC[C@H](O)[C@@]1(C)CC[C@H](C(C)(C)O)O1)[C@H]1CC[C@H]2O[C@@H]([C@]3(C)CC[C@](OC)(C(C)C)O3)CC[C@]2(C)O1,CHEMBL279258
DEC_3357,decoy,CC1CCC(/C=N/c2ccc(CC(=O)O)cc2)=C2NC=C(C(=O)O)C(=O)N21,CHEMBL21364
DEC_0613,decoy,Fc1ccc([C@H]2OCO[C@]2(Cn2cncn2)c2ccc(Cl)cc2)cc1,CHEMBL273435
DEC_4368,decoy,Nc1cc(-n2cc(C(=O)O)c(=O)c3cc(F)c(N4CC(N)C4)c(Br)c32)c(F)cc1F,CHEMBL58926
DEC_0740,decoy,Cc1cc(C)cc(-c2c(O)nc3cc(Cl)c(C(=O)Nc4cnccn4)cc3c2OCCC2CCCCN2)c1,CHEMBL45883
DEC_1044,decoy,O=C1C=CC(=O)N1CCCCCn1c(C2CCNCC2)nc2cc(Cl)c(Cl)cc21,CHEMBL281603
DEC_1729,decoy,O=C1NCN(c2ccccc2)C12CCN(C1CCc3cc(Cl)ccc3C1)CC2,CHEMBL27093
DEC_1907,decoy,COc1cc2c3c4c(cc5c3n(c2cc1OC)C(=O)CC5(C)C)CCNC4,CHEMBL280340
DEC_2154,decoy,CC(C)CC1=N/C(=C\c2ccc(F)cc2)C(=O)N(O)C1=O,CHEMBL16632
DEC_0105,decoy,OC[C@@]1(CCCc2ccccc2)CC2C3Cc4ccc(O)c5c4C2(CCN3CC2CCC2)C(O5)[C@@H]1O,CHEMBL9858
DEC_0813,decoy,Cc1ccc(CC2COC(Cn3ccnc3)(c3ccc(Cl)cc3Cl)O2)cc1,CHEMBL29653
