compound_id,label,smiles,source_id
DEC_0009,decoy,CCN(CC)CCn1nc2c3c(c(NCCNCCO)ccc31)Sc1ccc(O)cc1-2,CHEMBL290445
DEC_2078,decoy,Nc1nc(N)c(CCCNc2ccc(C(=O)NC(CCC(=O)O)C(=O)O)c(Cl)c2)c(O)n1,CHEMBL417304
DEC_3927,decoy,COc1ccc2c(c1)c(CC(=O)OC(COC(C)=O)COC(C)=O)c(C)n2C(=O)c1ccc(Cl)cc1,CHEMBL18738
DEC_3382,decoy,CCCC(=O)O.CCN1[C@H](C)CN(C(=O)N2Cc3c(C(=O)OC(C)(C)C)ncn3-c3ccc(Cl)cc32)C[C@@H]1C,CHEMBL274465
DEC_4107,decoy,Cc1cc(CCc2cc3c(s2)-n2c(C)nnc2CN=C3c2ccccc2Cl)cc2c1OC(C)(C)C2,CHEMBL286337
DEC_3226,decoy,Cc1cc(Cl)cc(Cl)c1C/N=c1\c(O)c(O)\c1=N/C(C)(C)C,CHEMBL19446
DEC_1778,decoy,C=CC1C[C@]1(NC(=O)C1C[C@@H](Oc2ccnc3ccccc23)CN1C(=O)[C@@H](NC(=O)OC(C)(C)C)C(C)(C)C)C(=O)O,CHEMBL330117
DEC_2216,decoy,CC(C)=CC[C@@H](OC(=O)C(c1ccccc1)c1ccccc1)C1=CC(=O)c2c(O)ccc(O)c2C1=O,CHEMBL9518
DEC_0049,decoy,CC(C)c1cccc(C(C)C)c1NC(=O)NS(=O)(=O)N(CCCN(C)C)CCCN(C)C,CHEMBL282718
DEC_2203,decoy,CN1CCC23c4c5ccc(O)c4OC2[C@H](O)[C@](CO)(CCCCCCc2ccccc2)CC3C1C5,CHEMBL275452
DEC_1429,decoy,CC1(C)O[C@H]2CCCO[C@@]2(COS(N)(=O)=O)O1,CHEMBL27316
DEC_3064,decoy,CC1(C)Oc2ccc(C#N)cc2[C@@H](N(Cc2ncc[nH]2)c2ccc(Cl)cc2)[C@@H]1O,CHEMBL11859
DEC_1675,decoy,O=C(O)Cn1c(=O)c(=O)[nH]c2cc([N+](=O)[O-])c(-n3ccc(/C=N/OCc4ccccc4)c3)cc21,CHEMBL12747
DEC_0907,decoy,CCCCC[C@@H]1/C=C\C2[C@H](O)CC(=O)[C@@H]2C/C=C\CCCC(=O)O1,CHEMBL12584
DEC_2674,decoy,CN(C)CCc1c(C(=O)NCc2ccc(Cl)c(Cl)c2)[nH]c2ccc(CCN3C(=O)NC(C)(C)C3=O)cc12,CHEMBL82013
DEC_2787,decoy,OC1=C2C(=Nc3c(Br)cnn3C2c2ccc(F)c(Br)c2)CCC1,CHEMBL37959
DEC_1468,decoy,CC1(C)N=C(N)N=C(N)N1c1cccc(I)c1,CHEMBL268414
DEC_0454,decoy,Br.CC(=O)c1c(-c2ccc(Cl)cc2)c(-c2ccc(Cl)cc2)nn(CCOC(=O)CN)c1=O,CHEMBL287282
DEC_1113,decoy,CC1CCC(/C=N/c2ccc(Cl)cc2)=C2NC=C(C(=O)O)C(=O)N21,CHEMBL25047
DEC_1165,decoy,CC(C)[C@H](NC(=O)C(=O)N(C)c1cccc2ccccc12)C(=O)N[C@@H](CC(=O)O)C(=O)COc1c(F)c(F)cc(F)c1F,CHEMBL88765
DEC_3699,decoy,O=C(O)COc1cccc(C(CN2CCCC2)n2cccc(-c3ccc(C(F)(F)F)cc3)c2=O)c1,CHEMBL15429
DEC_0835,decoy,Cc1cc(OCc2ccc(-c3ccccc3-c3nn[nH]n3)cc2)c(CO)c(C)n1,CHEMBL283372
DEC_3475,decoy,CCOc1c(N2CCC(N)C2)c(F)c(N)c2c(=O)c(C(=O)O)cn(C3CC3)c12,CHEMBL418355
DEC_2893,decoy,CC(=O)N[C@H]1[C@H](N2CCN(C)CC2)C=C(C(=O)O)C[C@@H]1N,CHEMBL282465
DEC_0954,decoy,O=S(=O)(Nc1ccc(CCNC[C@H](O)c2cccnc2)cc1)c1ccc(-n2ncc(-c3ccc(F)c(F)c3)n2)cc1,CHEMBL63138
DEC_0960,decoy,CC(=O)NC(Cc1ccc(C(=O)O)c(C=O)c1)C(=O)N[C@H]1CCCCc2cc(OCC3CCCCC3)c(C(N)=O)cc21,CHEMBL41773
DEC_0616,decoy,C=Cc1c(C)c2cc3[nH]c(cc4nc(cc5nc(cc1[nH]2)C(C)=C5CCC(=O)OC)C(CCC(=O)OC)=C4C)c(C)c3C=C,CHEMBL12467
DEC_0690,decoy,CCOCc1c(O)ccc2nc3c(cc12)Cn1c-3cc2c(c1=O)COC(=O)[C@]2(O)CC,CHEMBL10376
DEC_3121,decoy,CC1(C)NC(=O)N(CC(COc2ccc(-c3ccc(OC(F)(F)F)cc3)cc2)N(O)C=O)C1=O,CHEMBL43411
DEC_3573,decoy,CC1(C)C2=CC(=O)CC[C@@]1(O)C#C/C=C\C#C[C@H]2O,CHEMBL278531
DEC_0346,decoy,COc1cc2c(Nc3ccc(Br)cc3F)ncnc2cc1OCCC1CCN(C)CC1,CHEMBL24979
DEC_1515,decoy,CO[C@@]12C(COC(N)=O)C3=C(C(=O)C(C)=C(Nc4ccc(I)cc4)C3=O)N1CC1NC12,CHEMBL414876
DEC_2089,decoy,COC(=O)C[C@H](O)[C@H](Cc1c[nH]cn1)NC(=O)[C@@H](NC(=O)[C@@H](NC(=O)CC(C)C)C(C)C)C(C)C,CHEMBL39095
DEC_0029,decoy,CC(C)C/N=C(\Nc1cccc(/C(=C\CCCC(=O)O)c2cccnc2)c1)Nc1nn[nH]n1,CHEMBL421854
DEC_3326,decoy,Cc1ccc(/C=C2\CSCC3C2=NN(CCCN2CCN(C)CC2)C3c2ccc(C)cc2)cc1,CHEMBL38292
DEC_0032,decoy,CC(C)C[C@H](NC(=O)c1ccc(C(=O)N(CC(C)C)C(C)C(=O)O)cc1OC(C)C)C(=O)O,CHEMBL28938
DEC_1751,decoy,O=C1[C@@H](NS(=O)(=O)c2nc3cc(Cl)ccc3[nH]2)CCN1Cc1cc2[nH]cccc-2n1,CHEMBL416513
DEC_0387,decoy,O=C(NC1CCCCC1)NC1CCCC(NC(=O)NC2CCCCC2)C1,CHEMBL13526
DEC_1507,decoy,CC(C)Nc1nc(N2CCNCC2)nc(Cl)c1Br,CHEMBL29275
DEC_1101,decoy,Nc1nc(N)c2nc(CCc3cccc4ccccc34)cnc2n1,CHEMBL276954
DEC_2799,decoy,Clc1ccc(C2(Cn3ccnc3)OCC(c3ccc(Br)cc3)O2)c(Cl)c1,CHEMBL28524
DEC_1454,decoy,C=CCC1([C@H](C)C#CCC)C(=O)NC(=S)NC1=O,CHEMBL22646
DEC_1974,decoy,CC[C@@](COC)(OC)c1cc(F)cc(OCc2ccc3c(ccc(=O)n3C)c2)c1,CHEMBL418742
DEC_2593,decoy,COc1ccc(COC2c3c(ncn3Cc3ccc(OC)cc3)N=CN(C)N2C)cc1,CHEMBL9234
DEC_4029,decoy,C[C@H](NC(=O)[C@H](Cc1ccc([N+](=O)[O-])cc1)NC(=O)c1cccc2ccccc12)C(=O)Nc1ccccc1,CHEMBL32224
DEC_2550,decoy,O=C1C2Oc3c(O)ccc4c3C23CCN(CC2CC2)C(C4)[C@]3(O)CC12Cc1cccc3cccc(c13)C2,CHEMBL48009
DEC_3816,decoy,O=C(O)CCc1ccccc1CN1C(=O)CCC1c1nc(C(=O)NCCCCC2CCCCC2)co1,CHEMBL283992
DEC_0937,decoy,CC(C)C[C@H]1C(=O)N[C@H](C(=O)NCC(=O)Nc2cccc3c2Cc2ccccc2-3)Cc2ccc(cc2)OCCC[C@@H]1C(=O)NO,CHEMBL330468
DEC_0133,decoy,CCOc1nc2cccc(C(=O)OCOC(=O)C(C)(C)C)c2n1Cc1ccc(-c2ccccc2-c2nn[nH]n2)cc1,CHEMBL76150
DEC_3028,decoy,Oc1ccc(-c2ccc(-n3ccnc3)cc2)nn1,CHEMBL287398
DEC_0520,decoy,C=CCCOc1ccccc1C(=O)NCCNCC(O)COc1cccc2c1OCCO2,CHEMBL416763
DEC_1367,decoy,CN1CCC23c4c5ccc(O)c4OC2[C@H]2OC[C@@]2(CCCCCc2ccccc2)CC3C1C5,CHEMBL275453
DEC_3596,decoy,CC(C)(C)/N=c1\c(O)c(O)\c1=N/Cc1ccncc1,CHEMBL20186
DEC_0242,decoy,Nc1nc(Cl)c2ncn(COCCO)c2n1,CHEMBL24868
DEC_4032,decoy,CN1C(=O)N(CCC(COc2ccc(-c3ccc(C#N)cc3)cc2)N(O)C=O)C(=O)C1(C)C,CHEMBL290457
DEC_1269,decoy,Cc1c[n+]([O-])ccc1CC(c1ccc(C(O)(C(F)(F)F)C(F)(F)F)cc1)c1ccc(OC(F)F)c(OC(F)F)c1,CHEMBL323312
DEC_2539,decoy,CCCCc1ccc(NC(=O)c2cccc3ccccc23)c(=O)n1CC(=O)N[C@@H](CC(=O)O)C(=O)COc1ccccc1,CHEMBL280794
DEC_1003,decoy,O=C1c2cccc3cc4ccccc4c(c23)C(=O)N1CCN1CCCN(CCN2C(=O)c3cccc4cc5ccccc5c(c34)C2=O)C1,CHEMBL139659
DEC_1437,decoy,Cc1cn2c(O)c3ncn(COCCO)c3nc2n1,CHEMBL27471
DEC_3414,decoy,C=C1C[C@@]23O[C@]2(c2ccccc21)C1CC(OC(=O)[C@H](O)[C@@H](NC(=O)OCC)c2ccc(OC)cc2)C3(C)C1(C)C,CHEMBL30621
DEC_3774,decoy,CC(C)C[C@@H](/C=N/NCCO)NC(=O)[C@@H](NS(=O)(=O)c1ccc(F)cc1)C(C)C,CHEMBL40428
DEC_4042,decoy,O=C(O)CCC/C=C\C[C@H]1[C@H](F)CC[C@@H]1NS(=O)(=O)c1ccc(Cl)c(Cl)c1,CHEMBL20583
DEC_0148,decoy,Cc1oc(=O)oc1COC(=O)c1c(Oc2ccc(-c3ccccc3-c3nn[nH]n3)cc2)c(C2CC2)nc2ccccc12,CHEMBL294296
DEC_1992,decoy,O=S1(=O)c2cccc3cccc(c23)N1CCCCCN1CCN(c2ccccc2)CC1,CHEMBL12933
DEC_0332,decoy,CC(C)NC(=O)N[C@@H](c1ccccc1)[C@@H](O)C(=O)OC1CC2C(C)(C)C1(C)[C@@]13C[C@H](C)c4ccccc4[C@@]21O3,CHEMBL31680
DEC_3439,decoy,CC(C)[C@H](NC(=O)CCc1ccccc1)C(=O)N[C@@H](C)C(=O)NN(CC(=O)O)C(=O)[C@@H]1O[C@H]1C(=O)OCc1ccccc1,CHEMBL291290
DEC_4071,decoy,C=CCNC(=O)O[C@H]1CC[C@@](CNC(=O)c2cccc(Cl)c2O)(c2ccccc2)CC1,CHEMBL441507
DEC_2966,decoy,CNc1nc(Cl)c(Cl)c(N2CCN(C)CC2)n1,CHEMBL288330
DEC_3330,decoy,Cc1noc(NS(=O)(=O)c2ccsc2C2(Cc3ccc4c(c3)OCO4)OCCO2)c1Cl,CHEMBL47383
DEC_1966,decoy,COCc1cc(CCCOc2c(C)cc(-c3noc(C(F)(F)F)n3)cc2C)on1,CHEMBL27858
DEC_3494,decoy,O=C(O)/C=C/c1ccc(NC(=O)c2cccc(NC3=NCCN3)c2)c(Cl)c1,CHEMBL417322
DEC_4100,decoy,COc1cc(Br)c(-n2c(C)nc3c(-c4ccccc4C(F)(F)F)nc(C)nc32)c(OC)c1,CHEMBL10142
DEC_2805,decoy,O=S(=O)(c1nc(-c2ccc(Cl)cc2)c(-c2ccc(Cl)cc2)[nH]1)C(F)(F)C(F)F,CHEMBL19280
DEC_1194,decoy,COc1cc2c(cc1OC)Nc1ncn(CCN3CCOCC3)c(=O)c1C2,CHEMBL267180
DEC_1928,decoy,OC(c1ccc(Cl)cc1Cl)C(O)(Cn1cncn1)c1ccc(Cl)cc1,CHEMBL10711
DEC_0657,decoy,CCN1C(=O)c2c(nc(C(N)=O)n2Cc2ccc(OC)c(Br)c2)N2C1=N[C@@H]1CCC[C@@H]12,CHEMBL432657
DEC_0850,decoy,N#Cc1cccc(Oc2cccc(Cc3cn(COCCO)c(=O)[nH]c3=O)c2)c1,CHEMBL278004
DEC_1077,decoy,CCc1cc(OCc2ccc(-c3ccccc3-c3nn[nH]n3)cc2)c2c(n1)CCC2,CHEMBL283110
DEC_2273,decoy,CCCc1cc(=O)oc2c3c(c4c(c12)OC(C)(C)C=C4)OC[C@H](C)[C@@H]3O,CHEMBL266091
DEC_1895,decoy,Cc1c(/C=C/CN)nc(O)c2c1ccc1nc(Nc3c(Cl)cccc3Cl)n(C)c12,CHEMBL30230
DEC_2477,decoy,Cc1cn(C2OC(COC(c3ccccc3)(c3ccccc3)c3ccccc3)C(F)C2F)c(=O)[nH]c1=O,CHEMBL42700
DEC_1148,decoy,CC(C)CCN(C[C@@H](O)[C@H]1Cc2ccc(cc2)OCCCC(=O)N[C@@H](C(C)C)C(=O)N1)S(=O)(=O)c1ccccc1,CHEMBL316144
ACT_074,active,Cc1ccc(C(=O)n2ccc([N+](=O)[O-])n2)cc1,CHEMBL244939
DEC_0969,decoy,COc1ccc2c(c1)CCn1c(C)c(COC(=O)NC(=O)NC3CCCCC3)c(COC(=O)NC(=O)NC3CCCCC3)c1-2,CHEMBL24514
DEC_0360,decoy,CCOc1ccc(-n2c(C)c3c(C)nnc(-c4ccc(-c5ccccc5)cc4)c3c2C)cc1,CHEMBL24711
DEC_2950,decoy,O=C(O)c1cc(F)c(CCNC(=O)[C@H](CC(F)F)NC(=O)[C@@H]2C[C@@H](c3ccccc3)CN2C(=O)[C@@H](O)C2CCCC2)c(F)c1,CHEMBL419065
DEC_3476,decoy,CC(C)Oc1c(C(=O)Nc2nn[nH]n2)n(-c2ccccc2)c2ccc(O)cc12,CHEMBL285806
DEC_4195,decoy,CCC1NN(C(C)=O)C(CC)NN1C(C)=O,CHEMBL17557
DEC_1143,decoy,COc1ccc(C[C@H]2NC(=O)/C=C/C[C@@H](C(=O)/C=C/c3ccccc3)OC(=O)[C@H](CC(C)C)OC(=O)CCNC2=O)cc1,CHEMBL276612
DEC_1176,decoy,CN1C(=O)N(CC(CS(=O)(=O)c2ccc(Oc3ccc(OC(F)(F)F)cc3)cc2)N(O)C=O)C(=O)C1(C)C,CHEMBL77907
DEC_0676,decoy,CC(/C=C/C(O)=C1\C(=O)CNC1=O)=C\[C@@H](C)C1OC2(C)OC(C(=O)[C@@H]3O[C@@]32C)C1C,CHEMBL10433
DEC_4053,decoy,O=c1ccn([C@@H]2O[C@H](COC(c3ccccc3)(c3ccccc3)c3ccccc3)[C@H]3OC23)c(=O)[nH]1,CHEMBL284119
DEC_1337,decoy,CC(C)(C)OC(=O)N[C@@H](Cc1c[nH]c2ccccc12)C(=O)NC1CCCN2C(=O)N(c3cccc(O)c3)C(=O)CC12,CHEMBL71229
DEC_3213,decoy,CC(C)(C)c1cc(-c2noc(NC#N)n2)cc(C(C)(C)C)c1O,CHEMBL16981
DEC_1853,decoy,CCCCc1ccc(-c2nc3cc4c(cc3[nH]2)C(C)(C)C(=O)N4)nc1,CHEMBL24542
DEC_4168,decoy,C=C(c1ccc(Cl)c(Cl)c1OCC(O)CNC(C)C)n1ccnc1,CHEMBL15029
DEC_2669,decoy,O=C(O)[C@@H]1[C@@H](CC2CCNCC2)C(=O)N1C(=O)N1CCN(C(=O)CCCCCCc2cccc3ccccc23)CC1,CHEMBL72708
DEC_2827,decoy,Cc1nnc2n1-c1sc(C#Cc3ccc4c(c3)CCO4)cc1C(c1ccccc1Cl)=NC2,CHEMBL34796
DEC_1631,decoy,C#CCN(Cc1ccc2nc(C)[nH]c(=O)c2c1)c1ccc(C(=O)N[C@@H](CCC(=O)O)C(=O)O)nc1,CHEMBL291075
DEC_2894,decoy,N[C@@H](C(=O)N[C@@H]1C(=O)N2C(C(=O)O)=COC[C@H]12)c1ccc(O)cc1,CHEMBL277767
DEC_2527,decoy,O=S(=O)(Nc1ccc(CCNC[C@H](O)c2cccnc2)cc1)c1ccc(-n2ncc(-c3ccc(F)cc3)n2)cc1,CHEMBL305558
DEC_3385,decoy,CN1CCN(CCCNc2ncc3cc(-c4c(Cl)cccc4Cl)c(/N=C(/S)NC(C)(C)C)nc3n2)CC1,CHEMBL57947
DEC_3344,decoy,O=C1C2C3CCCC(CC3)C2C(=O)N1CCCCN1CCN(c2ccc(C(F)(F)F)cn2)CC1,CHEMBL418759
DEC_4267,decoy,COc1ccc(Cn2c(O)c(CC=C(C)C)c(=O)n3c4c(=O)n(C)c(=O)n(C)c4nc23)cc1,CHEMBL276608
DEC_0795,decoy,COC(=O)c1coc2c(O)c3c(c(C)c12)C=C[C@]1(C)C(=O)CC[C@@H]31,CHEMBL13512
DEC_3538,decoy,C/N=C(/S)[C@@]1(c2cccnc2)CCCC[C@@H]1CC#N,CHEMBL40648
DEC_2954,decoy,CC(=O)N[C@@H](Cc1ccc(CP(=O)(O)C(O)c2ccccc2)cc1)C(=O)NC1(C(=O)N[C@@H]2CCCC[C@@H]2C(N)=O)CCCCC1,CHEMBL308867
DEC_4051,decoy,Cc1nn(C)c(N(C)C(=O)CNCCCN2CCCCC2C)c1C(=O)c1ccccc1F,CHEMBL42206
DEC_3336,decoy,COc1ccc(CCN(C)CC#CCCC(O)(c2ccccc2)C2SCCCS2)cc1OC,CHEMBL287990
DEC_2375,decoy,O=C1CC2(CCCC2)CC(=O)N1OCCN1CCN(c2nsc3ccccc23)CC1,CHEMBL268267
DEC_1552,decoy,CS(=O)(=O)N1CCC([C@H](C(=O)NO)[C@@H](Cc2cccc(O)c2)C(=O)N[C@H]2c3ccccc3C[C@H]2O)CC1,CHEMBL24595
DEC_1311,decoy,CCN1[C@H]2N(C(=O)[C@@H]1CC(C)C)c1ccccc1[C@@]2(O)C[C@@H]1NC(=O)c2ccccc2N2C(=O)c3ccccc3NC12,CHEMBL293744
DEC_4196,decoy,O=c1ccn([C@H]2O[C@@H](CO)C=C2F)c(=O)[nH]1,CHEMBL280691
DEC_2834,decoy,COc1ccc2nc(NCCCN3CCN(CCCNc4nc5ccc(OC)nc5n5cccc45)CC3)c3cccn3c2n1,CHEMBL61590
DEC_1062,decoy,N#CNC(=N)Cc1ccc(-c2nc(-c3ccncc3)c(-c3ccc(F)cc3)[nH]2)cc1,CHEMBL17148
DEC_1681,decoy,CNC(=O)OCCN(CCOC(=O)NC)Cc1cc(OC)c2c(c1)C(=O)c1cccc(O)c1C2=O,CHEMBL297093
DEC_2296,decoy,C[S+]([O-])c1ccc(-c2nc3n(c2-c2ccc([S+](C)[O-])cc2)CCS3)cc1,CHEMBL17490
DEC_0280,decoy,O=C1CSCC(=O)N1CCCCN1CCN(c2nccc3sccc23)CC1,CHEMBL278876
DEC_2833,decoy,CC(=O)Oc1ccc(/C=C/C(=O)O[C@@H](C)[C@H](C)OC(=O)/C=C/c2ccc(OC(C)=O)c(OC(C)=O)c2)cc1OC(C)=O,CHEMBL31435
DEC_0972,decoy,CC(Cc1ccc(-c2csnn2)cc1)(NC(=O)OC1C2CC3CC(C2)CC1C3)C(=O)N[C@H](CO)[C@H](O)c1ccccc1,CHEMBL293178
DEC_0364,decoy,Oc1ccc(-c2ccc(-c3c(Cc4ccccc4)sc4ccccc34)cc2)cc1,CHEMBL24095
DEC_1781,decoy,COc1cccc(OC)c1-c1ccc(C[C@@H]2/N=C(/[C@@H]3CCN3S(=O)(=O)c3ccccc3)NCc3nccn3C2=O)cc1,CHEMBL414879
DEC_0727,decoy,CC1=CC2[C@@]3(O)[C@H](C)C[C@]4(OC(=O)CCCCCCC[C@H]5C[C@@H]5C)[C@H]([C@@H]3C(C)=C(CO)C[C@]2(O)C1=O)C4(C)C,CHEMBL6834
DEC_1794,decoy,C[C@@H]1[C@H](OC(=O)N[C@@H](Cc2ccccc2)[C@H](O)CN2C[C@H]3CCCC[C@H]3C[C@H]2C(=O)NC(C)(C)C)CCS1(=O)=O,CHEMBL277801
DEC_0445,decoy,CO/C(=C\C=C\c1cc2cc(Cl)c(Cl)cc2[nH]1)C(=O)NCCCN1CCN(c2ncccn2)CC1,CHEMBL41588
DEC_2650,decoy,CN(Cc1ccccc1)C(=O)[C@@H](Cc1ccccc1)NC(=O)C1C[C@@H](O)CN1C(=O)Cc1c[nH]c2ccccc12,CHEMBL66245
DEC_1799,decoy,C[C@@H]1CS(=O)(=O)C[C@@H]1OC(=O)N[C@@H](Cc1ccccc1)[C@H](O)CN1C[C@H]2CCCC[C@H]2C[C@H]1C(=O)NC(C)(C)C,CHEMBL279323
DEC_1270,decoy,CN(C)CCCN1CN(c2ccccc2)C2(CCN(CCCN(c3ccc(F)cc3)c3ccc(F)cc3)CC2)C1=O,CHEMBL298145
DEC_1347,decoy,COc1cc(C(C2=C(O)C(=O)c3ccccc3C2=O)C2=C(O)C(=O)c3ccccc3C2=O)cc(Br)c1O,CHEMBL79938
DEC_2552,decoy,O=C1C2Oc3c(O)ccc4c3C23CCN(CC2CC2)C(C4)[C@]3(O)CC12Cc1cc3ccccc3cc1C2,CHEMBL49704
DEC_0113,decoy,CCCCc1nc2ccc([C@H]3[C@@H]4C(=O)CCC[C@@H]4ON3C)cc2c(=O)n1Cc1ccc(-c2ccccc2-c2nn[nH]n2)cc1,CHEMBL301325
DEC_1563,decoy,Nc1ncnc2c1nnn2C1COC(COP(=O)(OCC(Cl)(Cl)Cl)OCC(Cl)(Cl)Cl)C1,CHEMBL324373
DEC_4085,decoy,CC(C)N(CC#CCCCC1(C2(O)c3ccccc3Oc3ccccc32)SCCCS1)C(C)C,CHEMBL41270
DEC_1567,decoy,COCCOCO[C@]1(C)CCN2CC34CC5(C(=O)Nc6c5ccc5c6OC=CC(C)(C)O5)C(C)(C)C3CC21C(=O)N4C,CHEMBL40855
DEC_4262,decoy,NC(=O)c1cc([N+](=O)[O-])cc([N+](=O)[O-])c1N(CCBr)CCBr,CHEMBL22592
DEC_0263,decoy,COc1cnc(C[S+]([O-])c2nc3cc4c(cc3[nH]2)OC(F)(F)O4)cc1OC,CHEMBL9768
DEC_0458,decoy,CCS(=O)(=O)c1ccc2c(c1)/C(=C/c1[nH]c3c(c1CCCN1CCN(CCO)CC1)CCCC3)C(=O)N2,CHEMBL57143
DEC_0573,decoy,CSc1ccc(P(CCP(c2ccc(SC)cc2)c2ccc(SC)cc2)c2ccc(SC)cc2)cc1,CHEMBL69912
DEC_0085,decoy,O=c1cnn(-c2cc(Cl)c(Cl)c(Cl)c2)c(=O)[nH]1,CHEMBL276242
DEC_3354,decoy,Cc1ccccc1/C=C1\CS(=O)(=O)CC2C1=NN(CCCN1CCN(C)CC1)C2c1ccccc1C,CHEMBL289456
DEC_1445,decoy,CC1=C(N2CC2)C(=O)c2nc3n(c2C1=O)CC[C@@H]3N,CHEMBL20184
DEC_3854,decoy,OC(CCCN1CCN(c2nccc3sccc23)CC1)c1ccc(F)cc1,CHEMBL15560
DEC_2429,decoy,CC(C)(C)C(c1cc2c(s1)CCC(C(=O)O)=C2)n1ccnc1,CHEMBL23257
DEC_2290,decoy,CC(=O)c1cc2c(s1)[C@@H](NC(=O)c1ccccc1F)[C@H](O)C(C)(C)O2,CHEMBL28737
ACT_099,active,NC(N)c1ccc(CC(=O)C(=O)O)cc1,CHEMBL1161279
DEC_3551,decoy,CC1N=CN(Nc2cccc(F)c2)C1c1ccccc1,CHEMBL39070
DEC_2247,decoy,C[S+]([O-])c1nnc(-c2cc(C(C)(C)C)c(O)c(C(C)(C)C)c2)s1,CHEMBL16522
DEC_2389,decoy,NC(=O)c1ccc2[nH]c3c(N4CCN(CCc5ccc(F)c(F)c5)CC4)ncnc3c2c1,CHEMBL286963
DEC_3892,decoy,O=C1[C@H]2Cc3c([nH]c4ccccc34)[C@@H](c3ccc4c(c3)OCO4)N2C(=O)CN1[C@@H]1CCN(CCc2ncc[nH]2)C1,CHEMBL418594
DEC_2488,decoy,O=C(O)Cn1c(=O)c(=O)[nH]c2cc(C(F)(F)F)c(-n3ccc(/C=N/OCc4ccccc4)c3)cc21,CHEMBL12776
DEC_3458,decoy,CC1(C)CC1C(=O)N/C(=C\CCCCSc1ncccc1O)C(=O)O,CHEMBL274188
ACT_064,active,O=[N+]([O-])c1ccc(-c2nnc(CSc3nnc(O)n3C3CCCCC3)o2)cc1,CHEMBL1613190
DEC_0358,decoy,CCCCCc1c(C(C)C)nc(C(C)C)c(CO)c1-c1ccc(C(F)(F)F)cc1,CHEMBL25130
DEC_1723,decoy,CCNCC1CCN(c2c(F)c(N)c3c(=O)c(C(=O)O)cn(CC)c3c2Cl)C1,CHEMBL15547
DEC_2878,decoy,CCC(CC)C(=O)OCC1CN(C(=O)c2cc(OC)c(OC)c(OC)c2)CCN1C(=O)c1cc(OC)c(OC)c(OC)c1,CHEMBL6270
DEC_1182,decoy,O=C1COCC(=O)N1CCCCN1CCN(c2nccc3occc23)CC1,CHEMBL16072
DEC_3799,decoy,O=C(O)COc1ccccc1CC1C2CCC(O2)C1c1nc(C(=O)NCCCCC2CCCCC2)co1,CHEMBL30832
DEC_3512,decoy,O=Nc1ccc(N(CCCl)CCCl)cc1,CHEMBL19868
DEC_4214,decoy,NC(C(=O)O)c1cccc(P(=O)(O)O)c1,CHEMBL29184
DEC_3975,decoy,Cc1ccc(CC(=O)Nc2ccc(NC(=O)/C=C/c3ccc(-c4ccc(C(N)=O)cc4)o3)cc2C(=O)c2ccccc2)cc1,CHEMBL309119
DEC_3482,decoy,O=C(O)CCC/C=C\C[C@@H]1[C@@H](NS(=O)(=O)c2ccc(Cl)cc2)CC[C@@H]1O,CHEMBL277717
DEC_4069,decoy,CCCCc1nc2ccc(N(C)C)cc2c(=O)n1Cc1ccc(-c2ccccc2-c2nn[nH]n2)cc1,CHEMBL25000
DEC_1965,decoy,CC(C)=CCC(OC(=O)CCCCC(C)C)C1=CC(=O)c2c(O)ccc(O)c2C1=O,CHEMBL28446
DEC_3635,decoy,O=S(=O)(Nc1ccc(CCNC[C@H](O)c2cccnc2)cc1)c1ccc(-c2cnc(Cc3ccc(F)c(F)c3)o2)cc1,CHEMBL287880
DEC_4253,decoy,O=C(O)Cn1c(=O)c(=O)[nH]c2cc([N+](=O)[O-])c(-n3ccc(CNC(=O)c4ccncc4)c3)cc21,CHEMBL440455
DEC_4218,decoy,NC(C(=O)O)c1ccc(P(=O)(O)O)cc1,CHEMBL277475
DEC_4154,decoy,COc1ccc(CCCCNCCOc2cc(C)cc3c2OCCC3)cc1,CHEMBL21475
DEC_2166,decoy,CCOC(=O)C[C@H](O)[C@H](CCCCN)NC(=O)[C@@H](NC(=O)[C@@H](NC(=O)CC(C)C)C(C)C)C(C)C,CHEMBL38673
DEC_2628,decoy,COc1cc2cc(CO)c(CO)c(-c3cc(OC)c(OC)c(OC)c3)c2cc1OC,CHEMBL285361
DEC_3109,decoy,CCOC(=O)N[C@@H](c1cccnc1)[C@@H](O)C(=O)OC1CC2C(C)(C)C1(C)[C@@]13C[C@H](C)c4ccccc4[C@@]21O3,CHEMBL283414
DEC_4004,decoy,CCCC/N=c1\c(O)c(O)\c1=N/[C@@H](Cc1ccc(NC(=O)c2c(Cl)cncc2Cl)cc1)C(=O)O,CHEMBL9348
DEC_0893,decoy,CCC(C)(C)/N=c1\c(O)c(O)\c1=N/Cc1c(Cl)cccc1Cl,CHEMBL20052
DEC_2044,decoy,NCC[C@@H]1NC(=O)CCNC(=O)c2cc(NC(=O)c3cnccn3)ccc2OC[C@@H](Cc2ccc(O)cc2)NC1=O,CHEMBL40288
DEC_0385,decoy,CC(C)(C)c1cc(/C=C2\SC(=N)NC2=O)cc(C(C)(C)C)c1O,CHEMBL275835
DEC_1317,decoy,CN1CCN(Cc2cc(Nc3cc(C(F)(F)F)nc(/N=C(\N)Nc4ccc(Cl)c(Cl)c4)n3)ccc2O)CC1,CHEMBL23825
DEC_4064,decoy,CCOC(=O)C(C)(CCCCn1cnc2c1NC=NCC2O)Cc1cccc(Br)c1,CHEMBL37641
DEC_1536,decoy,CCc1cn([C@@H]2O[C@H](CNC(=O)[C@H](C)Oc3cc(OC)c(Cl)cc3Cl)[C@@H](O)[C@@H]2F)c(=O)[nH]c1=O,CHEMBL42820
DEC_3137,decoy,O=C(O)CCc1ccc(Oc2nccc(-c3c(-c4ccc(F)cc4)ncn3C3CCNCC3)n2)cc1,CHEMBL14026
DEC_1203,decoy,COc1cc(OC)cc([C@@H]2c3cc4c(cc3N[C@H]3COC(=O)N23)OCCO4)c1,CHEMBL266137
DEC_3800,decoy,CCCc1nc(CC)c(C(N)=O)n1Cc1ccc(-c2ccccc2S(=O)(=O)Nc2onc(C)c2C)c(C)c1,CHEMBL12106
DEC_1158,decoy,COC(=O)[C@]1(C)Nc2c(OC(=O)N(C)C)cc3c(c2C1=O)[C@H](CBr)CN3C(=O)COc1ccc(OC)cc1,CHEMBL439912
DEC_0316,decoy,CN(C)Cc1n[nH]nc1CN1CCOC2(CCC(c3ccccc3C(F)(F)F)CO2)C1c1ccc(F)cc1,CHEMBL84881
DEC_1735,decoy,COc1c(N2CCC(C)(CN)C2)c(F)c(N)c2c(=O)c(C(=O)O)cn(C3CC3)c12,CHEMBL15224
DEC_0455,decoy,CC(=O)c1c(-c2ccc(Cl)cc2)c(-c2ccc(Cl)cc2)nn(CCOC(=O)CN)c1=O.Cl,CHEMBL32873
DEC_3306,decoy,O=C(O)[C@@H]1CC2(CN1C(=O)CP(=O)(O)CCCCc1ccccc1)SCCS2,CHEMBL277270
DEC_0095,decoy,CCNc1nnc(-c2nsc3ccccc23)s1,CHEMBL39860
DEC_1304,decoy,CCCc1nc2c(n1Cc1ccc(-c3ccccc3S(=O)(=O)Nc3onc(C)c3C)c(C)c1)C(=O)CCCC2,CHEMBL12013
DEC_3038,decoy,CN1CC=C(c2c[nH]c3ccc(C#N)cc23)CC1,CHEMBL283899
DEC_2820,decoy,O=S(=O)(c1nc(-c2ccc(C(F)(F)F)cc2)c(-c2ccccc2)[nH]1)C(F)(F)C(F)F,CHEMBL278951
DEC_1790,decoy,CC(C)(C)NC(=O)[C@@H]1C[C@@H]2CCCC[C@@H]2CN1C[C@@H](O)[C@H](Cc1ccccc1)NC(=O)O[C@@H]1CCS(=O)(=O)C1,CHEMBL275389
DEC_2971,decoy,OCCOCn1ccc2c(Cl)nc(Cl)nc21,CHEMBL37665
DEC_3819,decoy,O=P(O)(O)C(Cc1ccc2ccccc2c1)N[C@@H](Cc1ccc(-c2ccccc2)cc1)c1nnn[nH]1,CHEMBL415967
DEC_2029,decoy,CC(C)(C)NC(=O)CN(Cc1ccccc1)C[C@H](O)[C@H]1Cc2ccc(cc2)OCCCC(=O)N[C@@H](CC(N)=O)C(=O)N1,CHEMBL419675
DEC_0165,decoy,N#Cc1ccc2nc(N3CCNCC3)cnc2c1,CHEMBL7055
DEC_0536,decoy,C=C(Cl)C(=O)N[C@@]12CCC(=O)[C@@H]3Oc4c(O)ccc5c4C31CCN(CC1CC1)C2C5,CHEMBL288178
DEC_1455,decoy,C=CCC1([C@@H](C)C#CCC)C(=O)NC(=S)NC1=O,CHEMBL22647
DEC_0067,decoy,C[C@@H]1CC[C@H]2[C@@H](C)CO[C@@H]3O[C@@]4(C)CC[C@@H]1[C@]32OO4,CHEMBL273441
DEC_1149,decoy,CC(C)c1nc2c(c(-c3ccc(Cl)cc3)nn2C)c(-c2ccc(F)cc2)c1/C=C/[C@@H](O)C[C@@H](O)CC(=O)[O-].[Na+],CHEMBL23208
DEC_3533,decoy,Cc1cc(Oc2cnc(O)nc2)ccc1Cl,CHEMBL8054
DEC_3536,decoy,CN(C)c1ccc(Nc2ccc(N(C)C)cc2)cc1,CHEMBL15754
DEC_1668,decoy,CCCn1c(=O)c2nc(-c3cc(NC(=O)Cc4ccc(O)cc4)nn3C)[nH]c2n(CCC)c1=O,CHEMBL32757
DEC_1608,decoy,CC12CCC(=O)C=C1CCC1C2C(O)CC2(C)C1CC[C@]2(O)C(=O)COC(=O)c1ccc(CN2CCOCC2)cc1,CHEMBL82180
DEC_3017,decoy,O=NN(CCF)C(=O)NC1CC2CCC1C2,CHEMBL12792
DEC_0999,decoy,CN1C(=O)CN=C(c2ccccc2)c2cc(Cl)ccc21.O=C(OCc1ccoc1)c1cnn2c1n[n+]([O-])c1ccc(Cl)cc12,CHEMBL154814
DEC_0379,decoy,O=C1NC(=O)c2c1c1c3cccc(O)c3[nH]c1c1[nH]c3c(O)cccc3c21,CHEMBL279481
DEC_0733,decoy,C[C@@H](c1ccc(O)c(I)c1)[C@H](O)/C=C/C1C2CCC(O2)C1C/C=C\CCCC(=O)O,CHEMBL299991
DEC_3392,decoy,CC(=O)OCC(=O)[C@@]1(OC(=O)c2ccco2)[C@H](C)CC2C3CCC4=CC(=O)C=CC4(C)[C@@]3(Cl)C(O)CC21C,CHEMBL38302
DEC_0922,decoy,CCCCCc1cc(O)c2c(c1)OC(C)(C)[C@@H]1CC[C@H](C)C(O)C21,CHEMBL10406
DEC_0238,decoy,OCC1CCC(n2cnc3ncnc(O)c32)O1,CHEMBL290935
DEC_3238,decoy,Oc1ccc2c(c1)[C@@]13CCCC[C@@]1(O)[C@@H](C2)N(CC1CCC1)CC3,CHEMBL33986
DEC_0706,decoy,Cc1ccc(NS(=O)(=O)c2ccc(-n3ncc(=O)[nH]c3=O)cc2Cl)cc1Cl,CHEMBL12109
DEC_3840,decoy,COc1c2occc2c(CN(C(C)C)C(C)C)c2ccc(=O)oc12.Cl,CHEMBL267372
DEC_1666,decoy,CCCC(CCC)=NOCCC(=O)NC1C(=O)N2C(C(=O)O)=C(COC(C)=O)CSC12,CHEMBL416208
DEC_2193,decoy,CC(C)C[C@@H](CO)C(=O)N[C@H](Cc1c[nH]cn1)C(=O)N[C@H](Cc1ccccc1)C(=O)NCC(C)(C)C,CHEMBL12155
DEC_3063,decoy,CC1(C)Oc2ccc(C#N)cc2[C@H](N(Cc2ncc[nH]2)c2ccc(Cl)cc2)[C@H]1O,CHEMBL11594
DEC_3270,decoy,O=C(O)C(CCCCn1cnc2c1NC=NCC2O)(Cc1cccc(C(F)(F)F)c1)C(=O)O,CHEMBL37273
DEC_0468,decoy,CC(C)(N)CC(=O)NC1CC2CCC1(CS(=O)(=O)N1CCC3(CCc4ccccc43)CC1)C2(C)C,CHEMBL283578
DEC_1234,decoy,CC(C)C(=O)OCOC(=O)NC[C@H]1OCC[C@H]1SC1=C(C(=O)OCOC(=O)C(C)(C)C)N2C(=O)[C@H]([C@@H](C)O)C2[C@H]1C,CHEMBL52580
DEC_0830,decoy,NCc1ccc(CCCn2ncc3c2nc(N)n2nc(-c4ccco4)nc32)cc1,CHEMBL22320
DEC_1115,decoy,CC1(C)C[C@H]2[C@@H]3OC(C)(C)O[C@@H]3CC[C@@]2(COS(N)(=O)=O)C1,CHEMBL26585
ACT_038,active,CCS(=O)(=O)c1ccc2cc1CNC(=O)[C@H](Nc1ccc3c(N)nccc3c1)c1ccc(cc1)CCCC(=O)N2,CHEMBL3594310
DEC_4183,decoy,O=C(O)C1CC2OC1C(C(=O)O)C2C(=O)O,CHEMBL273884
DEC_2034,decoy,CC(C)(C)NC(=O)[C@H](Cc1ccccc1)NCC(O)[C@@H]1Cc2ccc(cc2)OCCCC(=O)NC(CC(N)=O)C(=O)N1,CHEMBL431219
DEC_1888,decoy,OC(Cc1ccc(Cl)cc1)(c1ccc(F)cc1)C(O)(Cn1cncn1)c1ccc(Cl)cc1,CHEMBL10505
DEC_3913,decoy,O=C(NCc1ccccn1)c1c2n(c3c(N4CCN(CCc5ccc(F)c(F)c5)CC4)ncnc13)CCCC2,CHEMBL26485
DEC_2708,decoy,C[C@H](CCC[C@H](SCCC(C)(C)O)c1cccc(/C=C/c2ccc3ccc(Cl)cc3n2)c1)C(=O)[O-].[Na+],CHEMBL416344
DEC_3257,decoy,O=C(NCCCOP(=O)(O)O[C@@H]1[C@H](O)[C@H](O)[C@@H](OP(=O)(O)O)[C@H](OP(=O)(O)O)[C@H]1O)c1cccc2ccccc12,CHEMBL169923
DEC_3365,decoy,CCCCc1nn(CC(C)(C)C)c(C(=O)O)c1Cc1ccc(-c2ccccc2-c2nn[nH]n2)cc1,CHEMBL22122
DEC_0160,decoy,NS(=O)(=O)OC[C@@]12CCCC[C@@H]1CCC2,CHEMBL26301
DEC_2424,decoy,N#CC1Cc2cc3c(-c4ccccc4F)noc3c(Cl)c2O1,CHEMBL269649
DEC_2153,decoy,CCOC(=O)C[C@H](O)[C@H](CC(C)C)NC(=O)[C@H](NC(=O)[C@@H](NC(=O)CC(C)C)C(C)C)C(C)C,CHEMBL38923
DEC_1417,decoy,Nc1ncnc2c1ncn2C1C[C@@H](CO)[C@@H]1CO,CHEMBL283277
DEC_2652,decoy,CC(C)(C)C(=O)OCC(CNC(=O)Cc1ccc(NS(C)(=O)=O)c(F)c1)Cc1ccc(C(C)(C)C)cc1,CHEMBL72104
DEC_2364,decoy,CC(C)CCn1c(Cn2c(=O)n(S(=O)(=O)N(C)C)c3ccccc32)nc2ccccc21,CHEMBL279799
DEC_2986,decoy,Cc1cc(-c2ccc(-n3ccnc3)cc2)nnc1O,CHEMBL284411
DEC_3670,decoy,COc1cc(OC)c2c(c1)C(=O)c1cc(CN(CCCl)CCCl)cc(OC)c1C2=O,CHEMBL288135
DEC_2700,decoy,COc1cc(CN[C@H]2CCc3cc(OC)c(OC)c(OC)c3-c3ccc(SC)c(=O)cc32)cc(OC)c1,CHEMBL289240
DEC_2762,decoy,CCCCC1Oc2c(C)c(C)c(O)c(C)c2S1,CHEMBL36043
ACT_006,active,C[C@H](CS)C(=O)N1CCC[C@H]1C(=O)O,CHEMBL1560
DEC_3639,decoy,CCc1sc(CCc2cc(OC(C)COC)cc(NCc3cc(Cl)cc(NC(=O)OC(C)C)c3)n2)nc1C,CHEMBL417912
DEC_4041,decoy,CN(C)c1ccccc1CC(=O)N1C[C@H]2[C@@H](C1)C(c1ccccc1)(c1ccccc1)SC[C@@H]2O,CHEMBL41375
DEC_2006,decoy,CCCCCCCCC#Cc1ccc2c(c1OC)C[C@@H](CO)NC(=O)[C@H](C(C)C)N2C,CHEMBL7078
DEC_1279,decoy,C[C@@H]1CCCO[C@]12O[C@H](CO[Si](c1ccccc1)(c1ccccc1)C(C)(C)C)[C@@H](C)C[C@H]2S(=O)(=O)c1ccccc1,CHEMBL304473
DEC_2985,decoy,O=S1NC(Cc2ccc3c(c2)CCCC3)=NO1,CHEMBL17813
DEC_0195,decoy,O=C(O)C1=CC(OCP(=O)(O)O)CCC1,CHEMBL33866
DEC_3600,decoy,CC(=O)NC1=C(C)C(=O)c2c(nc3n2CCC3)C1=N,CHEMBL17628
DEC_3613,decoy,CCCCNC(=O)[C@@H](CC(O)C(CC1CCCCC1)NC(=O)Cc1nnc2c(CCC)nc(-c3cccnc3)cn12)C(C)C,CHEMBL306777
DEC_1553,decoy,CN/C(S)=N/S(=O)(=O)c1cc(CCNC(=O)c2cc(Cl)ccc2OC)ccc1S(C)(=O)=O,CHEMBL12071
DEC_0262,decoy,O=C1NC(=O)C(CC#Cc2ccc(F)cc2)(S(=O)(=O)c2ccccn2)S1,CHEMBL268967
DEC_1502,decoy,CC(/N=c1\c(O)c(O)\c1=N/Cc1ccc(C#N)cc1Cl)C(C)(C)C,CHEMBL277719
DEC_0190,decoy,C#Cc1cccc(-c2nccc3nc(N)nn23)c1,CHEMBL281374
DEC_2280,decoy,Cc1cc(Cl)cc(Cl)c1C/N=c1\c(O)c(O)\c1=N/C(C)C(C)(C)C,CHEMBL20830
DEC_1184,decoy,COc1cc(OC)cc(N(C)Cc2cnc3nc(N)nc(N)c3c2C)c1,CHEMBL22623
DEC_0955,decoy,O=C(N[C@@H]1[C@H](O)[C@@H](CO)O[C@H]1n1cnc2c(NCc3cccc4ccccc34)ncnc21)c1cc(Cl)cc(Cl)c1,CHEMBL294813
DEC_1797,decoy,C[C@@H](NC(=O)c1scc(S(=O)(=O)c2ccc(Cl)cc2)c1N)[C@](O)(Cn1cncn1)c1ccc(F)cc1F,CHEMBL292001
DEC_1439,decoy,CN(C)c1cc2c(cc1Cl)NC1=NC(=O)CN1C2,CHEMBL31283
DEC_3505,decoy,CCOOC1(OC)CCCCCCCCCCC1,CHEMBL29833
DEC_3942,decoy,CNC(=O)[C@@H](NC(=O)C(CCc1ccccc1)CP(=O)(O)Cc1ccc(Cc2ccc(C)cc2)cc1)C(C)(C)C,CHEMBL78066
DEC_1091,decoy,Clc1cc(N=NN2CCCC2)cc(Cl)c1NC1=NCCN1,CHEMBL22073
DEC_2487,decoy,CC(=O)OCC1=C[C@H]2[C@@H]3C(C)(C)[C@]3(OC(=O)Cc3ccccc3)C[C@@H](C)[C@]2(O)C2C=C(C)C(=O)[C@@]2(O)C1,CHEMBL268915
DEC_3647,decoy,CCCCC(CC)C(=O)Nc1ccc2ccn(Cc3ccc(C(=O)C(C#N)S(=O)(=O)c4ccccc4)cc3OC)c2c1,CHEMBL84173
DEC_1419,decoy,Nc1ncnc2c1ncn2C1CC(CO)C1CO,CHEMBL30657
DEC_4178,decoy,COc1cccc(COc2ccc(-c3nn(CCC#N)c(=S)o3)cc2)c1,CHEMBL430099
DEC_0220,decoy,CC1(C)N=C(N)N=C(N)N1c1cccc(C#N)c1,CHEMBL268914
DEC_2265,decoy,CC1CCC(/C=N/c2ccc(C(F)(F)F)cc2)=C2NC=C(C(=O)O)C(=O)N21,CHEMBL22752
DEC_0920,decoy,OC(c1ccc(Cl)cc1)C(O)(Cn1ccnc1)c1ccc(Cl)cc1,CHEMBL267810
DEC_3431,decoy,NCCC(=O)NC1C[N+]2(CC3=C(C(=O)[O-])N4C(=O)[C@@H](NC(=O)CSc5cc(Cl)ccc5Cl)[C@H]4SC3)CCC1CC2,CHEMBL96377
DEC_1618,decoy,CC(CNC(=O)C1=CN(C)C=CC1)OC(=O)C1N2C(=O)[C@@H](NC(=O)Cc3ccccc3)[C@H]2SC1(C)C,CHEMBL52291
DEC_3478,decoy,Cc1[nH]c(/C=C2\C(=O)Nc3ccc(F)cc32)c(C)c1C(=O)NCCN(C)C,CHEMBL13976
DEC_1859,decoy,CCCc1ccc(O)c(/C(=N/O)c2ccc(Cl)cc2)c1,CHEMBL25561
DEC_1787,decoy,C[C@@H]1C[C@H](OC(=O)N[C@@H](Cc2ccccc2)[C@H](O)CN2C[C@H]3CCCC[C@H]3C[C@H]2C(=O)NC(C)(C)C)CS1(=O)=O,CHEMBL429193
DEC_3430,decoy,O=C(NCC(O)CO)c1cc([N+](=O)[O-])cc([N+](=O)[O-])c1N(CCI)CCI,CHEMBL23938
ACT_082,active,CC(=O)O[C@@H]1CC[C@@]2(C)[C@@H](CC=C3[C@@H]2C[C@H](O)[C@@]2(C)[C@H]4[C@H](C[C@]32C)OC(=O)[C@@H]4CC(=O)C=C(C)C)[C@]1(C)C(=O)O,CHEMBL499564
DEC_3792,decoy,CNC(=O)[C@H](NC(=O)C(CC(C)C)CP(=O)(O)Cc1ccc(Cc2ccccc2)cc1)C(C)(C)C,CHEMBL28170
DEC_3185,decoy,CCN(C)c1ncnc2c1ncn2Cc1ccccc1F,CHEMBL7057
DEC_3817,decoy,Cc1ccc(CC(CNC(=S)OCc2ccc(NS(C)(=O)=O)c(F)c2)COC(=O)C(C)(C)C)cc1C,CHEMBL305954
DEC_0142,decoy,COc1cc([C@@H]2c3cc4c(cc3[C@@H](OC(=O)CC3CC5CCC3C5)[C@H]3COC(=O)[C@H]23)OCO4)cc(OC)c1OC,CHEMBL282267
ACT_030,active,O=C(CCc1ccc(O)cc1)N/N=C/c1coc2ccccc2c1=O,CHEMBL3199030
DEC_0600,decoy,CSc1ccc(-c2ccc(/C=C/C(=O)Nc3ccc(NC(=O)Cc4ccc(C)cc4)c(C(=O)c4ccccc4)c3)o2)cc1,CHEMBL92540
DEC_2401,decoy,OC(c1ccc(Cl)cc1)(c1ccc(Cl)cc1)c1cncnc1,CHEMBL29904
DEC_0013,decoy,COc1ccc(CCNCC(O)COc2ccc(-c3nc(C(C)C)c[nH]3)cc2)cc1OC,CHEMBL11145
DEC_3443,decoy,COc1ccc(S(=O)(=O)N(Cc2ccc3c(c2)OCO3)[C@@H](C(=O)NO)C(=O)C(N)CNC(=O)OCc2ccccc2)cc1,CHEMBL21237
DEC_2939,decoy,CSc1ncccc1CN1CCN(C[C@@H](O)C[C@@H](Cc2ccccc2)C(=O)NC2c3ccccc3C[C@H]2O)[C@H](C(=O)NC(C)(C)C)C1,CHEMBL112257
DEC_1483,decoy,CC1(C)N=C(N)N=C(N)N1c1ccc(I)cc1,CHEMBL7341
DEC_0722,decoy,C[C@@H](O)[C@H]1C(=O)N2C(C(=O)O)=C(S[C@@H]3CN[C@@H](c4ccc(CN)cc4)C3)[C@H](C)[C@H]12,CHEMBL14430
DEC_1903,decoy,CCC(C)(O)C#Cc1nc(NCc2ccc(Cl)c(Cl)c2)c2ncn(C(C)C)c2n1,CHEMBL25840
DEC_3244,decoy,O=C(O)c1cc(O)c2c(Cl)cc(I)cc2n1,CHEMBL429233
DEC_2236,decoy,Cc1nc(O)c2c(cc(CNCCO)c3nc(Nc4c(Cl)cccc4Cl)n(C)c32)c1C,CHEMBL27199
DEC_2460,decoy,Nc1ncnc2c1ncn2C1CCCC(N2CCN(C(c3ccccc3)c3ccccc3)CC2)C1O,CHEMBL21930
DEC_2748,decoy,Sc1ccc(N(CCCl)CCCl)cc1,CHEMBL274309
DEC_3406,decoy,CCOC(=O)CSCC(=O)[C@@]12OC(C)(C)O[C@@H]1CC1C3C[C@H](F)C4=CC(=O)C=C[C@]4(C)[C@@]3(F)[C@@H](O)C[C@@]12C,CHEMBL66720
DEC_3015,decoy,CC1=C(N2CC2)C(=O)c2nc3n(c2C1=O)CCC3,CHEMBL17542
DEC_2032,decoy,NCCSCc1ccccc1SC1=C(C(=O)O)N2C(=O)[C@@H](NC(=O)/C(=N\O)c3cccc(N)n3)[C@H]2SC1,CHEMBL28461
DEC_0222,decoy,CN(C)c1ccc(Cc2cnc(N)nc2N)cc1,CHEMBL19383
DEC_3560,decoy,CCC(CC)/N=c1\c(O)c(O)\c1=N/c1ccc(C#N)cc1,CHEMBL417636
DEC_1630,decoy,CN1C=CCC(C(=O)NCCOC(=O)C2N3C(=O)[C@@H](NC(=O)Cc4ccccc4)[C@H]3SC2(C)C)=C1,CHEMBL51952
DEC_3252,decoy,CC(C)(C)c1cc(C(=O)C[S+]([O-])CC2CC2)cc2c1OCC2(C)C,CHEMBL274811
DEC_1122,decoy,C[C@@H](c1ncncc1F)[C@](O)(Cn1cncn1)c1ccc(F)cc1F,CHEMBL638
DEC_2891,decoy,Nc1ccn(C2CCC(P(=O)(O)O)OC2CO)c(=O)n1,CHEMBL27640
DEC_0634,decoy,C/C=C(/C)C(=O)O[C@@]12C[C@@H](C)[C@]3(O)C4C=C(C)C(=O)[C@@]4(O)CC(COC(C)=O)=C[C@H]3[C@@H]1C2(C)C,CHEMBL6504
DEC_3666,decoy,C[C@H](Cn1cnc2c(N)ncnc21)OCP(=O)(Oc1ccccc1)Oc1ccccc1,CHEMBL9954
DEC_0097,decoy,CCc1cc2c(Nc3nnc(C)s3)ncnc2s1,CHEMBL269495
DEC_2108,decoy,CC1(C)O[C@H]2[C@@H]3O[C@H](c4ccccc4)O[C@@H]3CO[C@@]2(COS(N)(=O)=O)O1,CHEMBL287644
DEC_1863,decoy,CO/C(=C\C=C\c1cc2cc(Cl)c(Cl)cc2[nH]1)C(=O)NC1CC(C)(C)NC(C)(C)C1,CHEMBL449696
DEC_0253,decoy,CCC1(CC)O[C@@H]2[C@@H](CO[C@@]3(COS(N)(=O)=O)OC(CC)(CC)O[C@@H]23)O1,CHEMBL25907
DEC_0540,decoy,CO[C@]12CC[C@@]3(C[C@@H]1C(C)(C)O)[C@H]1Cc4ccc(O)c5c4[C@@]3(CCN1CC1CC1)[C@H]2O5,CHEMBL281786
DEC_1920,decoy,CN(C)Cc1cc(Cl)cc(Cc2cc(Cl)cc(CN(C)C)c2O)c1O,CHEMBL32910
DEC_0701,decoy,C=CCNC(=O)C1C2C(=O)CC(c3ccc(O)cc32)C1C(=O)OCC[Si](C)(C)C,CHEMBL12490
DEC_0712,decoy,O=C1NC(=O)c2c1c1c3ccccc3n3c1c1c2c2ccccc2n1CN(C(CO)CO)C3,CHEMBL285613
DEC_1359,decoy,Cc1cc(C(=O)Nc2ccc(-c3ccccc3S(N)(=O)=O)cc2)n(-c2cc3ccccc3cc2C2=NCCN2)n1,CHEMBL295297
DEC_1624,decoy,CC1=C(C(=O)OC(c2ccccc2)c2ccccc2)N2C(=O)[C@@H](NC3=NC(C(N)=O)CN3)C2SC1,CHEMBL13737
DEC_3784,decoy,CCCCc1nc2ccc(C(O)CC)cc2c(=O)n1Cc1ccc(-c2ccccc2-c2nn[nH]n2)cc1,CHEMBL15141
DEC_3160,decoy,COOC1(OC)CCCCCCCCCCC1,CHEMBL29834
DEC_1054,decoy,CC(c1ccc(-c2nc(-c3ccc(F)cc3)c(-c3ccncc3)[nH]2)cc1)N(O)C(N)=O,CHEMBL16925
DEC_1555,decoy,CC(C)(C)NC(=O)[C@@H]1CCCN1C[C@H](O)[C@H]1Cc2ccc(cc2)OCCCC(=O)NC(CC(N)=O)C(=O)N1,CHEMBL309955
DEC_3294,decoy,CCCn1c(=O)c2nc(-c3cc(NC(=O)[C@@H](C)c4ccccc4)nn3C)[nH]c2n(CCC)c1=O,CHEMBL32801
DEC_3300,decoy,CCCn1c(=O)c2nc(-c3cc(NC(=O)Nc4cccc(OC)c4)nn3C)[nH]c2n(CCC)c1=O,CHEMBL290105
DEC_1328,decoy,COC(=O)c1c(C(F)(F)F)[nH]c2c(O)cc3c(c12)[C@H](CCl)CN3C(=O)c1cc2cc(OC)c(OC)c(OC)c2[nH]1,CHEMBL286568
DEC_2197,decoy,CC1OC(SCCCc2ccc(C(F)(F)C(F)(F)c3ccccc3)cc2)C(O)C(O)C1O,CHEMBL17871
DEC_1250,decoy,COC(=O)[C@H](Cc1ccc(OC(C)=O)c(OC(C)=O)c1)NC(=O)C(=O)N[C@@H](Cc1ccc(OC(C)=O)c(OC(C)=O)c1)C(=O)OC,CHEMBL11682
DEC_1599,decoy,COC(=O)C(C)NP(=O)(OCC1C=CC(n2cnc3c(N)ncnc32)O1)Oc1ccc(I)cc1,CHEMBL315693
DEC_4242,decoy,O=C(O)Cn1c(=O)c(=O)[nH]c2cc([N+](=O)[O-])c(-n3ccc(CC(=O)N4CCCCC4)c3)cc21,CHEMBL417074
DEC_1047,decoy,[O-][S+](CC(F)(F)F)c1nc(-c2ccc(Cl)cc2)c(-c2ccc(Cl)cc2)[nH]1,CHEMBL277313
DEC_2672,decoy,CN(Cc1ccccc1)C(=O)[C@@H](Cc1ccccc1F)NC(=O)C1C[C@@H](O)CN1C(=O)c1cn(C)c2ccccc12,CHEMBL293164
DEC_0272,decoy,O=C1C2CCCCN2C(=O)N1CN1CCN(c2cccc3c2COC=CO3)CC1,CHEMBL34288
DEC_0122,decoy,CC1=NC(C)=C(C(=O)OCCCN2C(=O)c3ccccc3S2(=O)=O)C(c2ccccc2Cl)/C1=C(\O)OC(C)C,CHEMBL78653
DEC_2600,decoy,COc1ccc2onc(/C(C#N)=C/c3ccccc3OCCN3CCOCC3)c2c1,CHEMBL282669
DEC_1508,decoy,CC1(C)N=C(N)N=C(N)N1c1ccccc1I,CHEMBL283965
DEC_2239,decoy,Cc1c(C)c2c(c(C)c1O)CCC(C)(CNCCOc1ccc(/C=C3\SC(=O)NC3=O)cc1)O2,CHEMBL6511
DEC_0940,decoy,O=C(Nc1ccc([N+](=O)[O-])cc1)NC1(C(=O)NCC2(c3ccccn3)CCS(=O)(=O)CC2)CCc2[nH]c3ccccc3c2C1,CHEMBL105274
DEC_0983,decoy,CCc1c(C)c2cc3[nH]c(cc4nc(c5c6nc(cc1[nH]2)C(C)=C6C(=O)N(C)C5=O)[C@@H](CCC(=O)OC)[C@@H]4C)c(C)c3C(C)OC,CHEMBL38799
DEC_4104,decoy,O=C1CN(Cc2cncn2Cc2ccc(-c3ccc(C(F)(F)F)cc3)nc2)CCN1c1cccc(Cl)c1,CHEMBL23163
DEC_0627,decoy,CCc1c2c(nc3cnc(Br)cc13)-c1cc3c(c(=O)n1C2)COC(=O)[C@]3(O)CC,CHEMBL273734
DEC_4052,decoy,C=CCN1C[C@H](OCC23C[C@@H]4[C@H](C)CC[C@H]4C4(C=O)CC2C=C(C(C)C)[C@@]34C(=O)O)OC[C@H]1C,CHEMBL287434
DEC_0788,decoy,CN(C1=NCCN1)c1c(Br)cccc1Br,CHEMBL20521
DEC_0128,decoy,CCO/C(O)=C1\C(C)=NC(C)=C(C(=O)OCCCN2C(=O)c3ccccc3S2(=O)=O)C1c1ccccc1Cl,CHEMBL312154
DEC_0662,decoy,O=C1C(N2CC2)=C(N2CC2)C(=O)c2c(OS(=O)(=O)c3cccc4cccnc34)cccc21,CHEMBL285749
DEC_1904,decoy,COC(=O)c1c(C)nc(O)c2c1ccc1nc(Nc3c(Cl)cccc3Cl)n(C)c12,CHEMBL26409
DEC_1768,decoy,COc1ccc(C[C@H]2NC(=O)/C=C/C[C@@H](C(O)C#Cc3ccccc3)OC(=O)[C@H](CC(C)C)OC(=O)CCNC2=O)cc1,CHEMBL13538
DEC_0474,decoy,OCC(O)C(O)C(O)COC/C=C/C(F)(F)C(F)(F)C(F)(F)C(F)(F)F,CHEMBL281827
DEC_1388,decoy,CC1(C)C=C(n2ccccc2=O)c2cc(S(=O)(=O)Nc3ccccc3F)ccc2O1,CHEMBL11714
DEC_2114,decoy,Nc1nc(=O)n(C2CSC3(COP(=O)(O)OC3)O2)cc1Br,CHEMBL416933
DEC_0201,decoy,O=P(O)(O)ON1C=CC=C2C=CC=C(O)C21,CHEMBL285665
DEC_4251,decoy,Cn1c2nccc(C(N)=O)c2c2ncnc(N3CCN(CCc4ccc(F)c(F)c4)CC3)c21,CHEMBL25903
DEC_0338,decoy,CC1(C)N=C(N)N=C(N)N1c1ccc(CCCCc2ccc(S(=O)(=O)F)cc2Cl)c(Cl)c1,CHEMBL33697
DEC_0664,decoy,COc1cccc2c1CC[C@H]1CN(CCn3c(=O)[nH]c4c(sc5cncnc54)c3=O)C[C@@H]21,CHEMBL40896
DEC_2093,decoy,CN(C(=O)CNC(=O)CCc1ccc(O)cc1)[C@@H](Cc1ccccc1)C(=O)NCC(=O)NCC(=O)O,CHEMBL42688
DEC_0341,decoy,COC(=O)N[C@@H](c1ccccc1)[C@@H](O)C(=O)OC1CC2C(C)(C)C1(C)[C@@]13C[C@H](C)c4ccccc4[C@@]21O3,CHEMBL283462
DEC_3362,decoy,CC(C)C1=CC2CC3(C=O)[C@@H]4CC[C@@H](C)[C@H]4CC2(CO[C@H]2C[C@H]4[C@H](OC[C@H]4C)[C@@H](C)O2)C13C(=O)O,CHEMBL439303
DEC_0652,decoy,CC(=O)[O-].CCn1c(=O)/c(=C2\Sc3ccccc3N2C)s/c1=C\c1scc(C)[n+]1CC,CHEMBL33149
DEC_0957,decoy,O=S(=O)(Nc1ccc(CCNC[C@H](O)c2cccnc2)cc1)c1ccc(-c2cnc(-c3ccc(F)c(F)c3)o2)cc1,CHEMBL38704
DEC_3795,decoy,O=C(O)CCCCCCCOc1ccc(NC(=O)C2=C(O)CN(c3ccc(Br)cc3)C2=O)cc1,CHEMBL10666
DEC_4112,decoy,C[C@@H]1CCC2[C@@H](C)[C@@H](OC(CCC(=O)O)c3ccc(Br)cc3)O[C@@H]3OC4(C)CC[C@@H]1C23OO4,CHEMBL31210
DEC_2412,decoy,O=c1cc(C(F)(F)F)c2cc3c(cc2o1)NCCC3C(F)(F)F,CHEMBL267270
DEC_2988,decoy,CN(C)Cc1ccc2n1-c1ccccc1SC2,CHEMBL287054
ACT_072,active,CNC(=O)[C@@H]1CN(C(=O)[C@@H](Cc2ccccc2CNC(=N)N)NC(=O)N(C)C2CCOc3ccccc32)C[C@H]1c1ccc(OC)cc1,CHEMBL5427224
ACT_053,active,N=C(N)NC(=O)CCNOC(=O)CN(C(=O)[C@@H](CC1CCCCC1)NCC(=O)O)C1CCCC1,CHEMBL332907
DEC_0137,decoy,CCOP(=O)(OCC)Oc1ccc([N+](=O)[O-])cc1.CNC(=O)Oc1ccc2c(c1)[C@]1(C)CCN(C)[C@@H]1N2C,CHEMBL43302
DEC_3388,decoy,C[C@@H]1CC2C3C[C@H](F)C4=CC(=O)C=CC4(C)[C@@]3(Cl)C(O)CC2(C)[C@@]1(OC(=O)c1ccco1)C(=O)CCl,CHEMBL38727
DEC_2626,decoy,COC(=O)COc1cccc(-c2csc(-c3cc(C(=N)N)sc3SC)n2)c1,CHEMBL28952
DEC_3419,decoy,C=C(CC[C@]12O[C@H](C(=O)O)[C@@](O)(C(=O)O)[C@](C(=O)O)(O1)[C@H](O)[C@H]2OC(C)=O)[C@@H](OC(C)=O)[C@H](C)Cc1ccccc1,CHEMBL87405
DEC_2452,decoy,C=C(C)[C@]12C[C@@H](C)[C@@]34OC(Cc5ccccc5)(O[C@@H]1C3C=C(CO)C[C@]1(O)C(=O)C(C)=CC41)O2,CHEMBL269304
DEC_2706,decoy,CCCc1c(OCC(O)COc2ccc3c(=O)cc(C(=O)O)oc3c2CCC)ccc(C(C)=O)c1O,CHEMBL267475
DEC_0642,decoy,COC(=O)/C=C\C(=O)N(C)[C@@H]1CCC2(O)C3Cc4ccc(O)c5c4C2(CCCN3CC2CC2)[C@H]1O5,CHEMBL43084
ACT_016,active,CN(CC(=O)N[C@@H](CCCCN)B(O)O)C(=O)c1ccccc1Sc1ccccc1,CHEMBL22886
DEC_1817,decoy,CC[C@H]1Nc2cc3nc(O)cc(C(F)(F)F)c3cc2C[C@H]1C,CHEMBL7089
DEC_1955,decoy,NC1CCN(c2c(F)cc3c(=O)c(C(=O)O)cn(C4CC4)c3c2C(F)(F)F)C1,CHEMBL15416
DEC_4189,decoy,Cc1cc(CP(=O)(O)O)cc(C(=O)O)n1,CHEMBL282794
DEC_3334,decoy,C1CCN(P2(N3CCCC3)=NP(N3CCCC3)(N3CCCC3)=NP(N3CC3)(N3CC3)=N2)C1,CHEMBL281678
DEC_2244,decoy,COC(=O)CCc1nc(O)c2c(ccc3nc(Nc4c(Cl)cccc4Cl)n(C)c32)c1C,CHEMBL284677
DEC_4197,decoy,O=c1ccn([C@@H]2O[C@@H](CO)C=C2F)c(=O)[nH]1,CHEMBL286284
DEC_0103,decoy,Nc1nccc2c1nnn2C1COC(COP(=O)(OCC(Cl)(Cl)Cl)OCC(Cl)(Cl)Cl)C1,CHEMBL324029
DEC_0083,decoy,C=CCN(C1=NCCN1)c1c(Cl)cccc1Cl,CHEMBL278581
DEC_1523,decoy,O=C(O)Cn1c(=O)c(=O)[nH]c2cc([N+](=O)[O-])c(-n3ccc(CNC(=O)NCCc4ccncc4)c3)cc21,CHEMBL13018
DEC_0801,decoy,CC(C)(C)C1CS(=O)(=O)C(c2ccccc2O)S(=O)(=O)C1,CHEMBL29115
DEC_1818,decoy,CC[C@H]1Nc2cc3nc(O)cc(C(F)(F)F)c3cc2C[C@@H]1C,CHEMBL7455
DEC_2146,decoy,CCn1cc(C(=O)O)c(=O)c2cc(F)c(N3CCNC(C(F)F)C3)c(F)c21,CHEMBL32833
DEC_1521,decoy,CNC(=O)[C@@]12C[C@@H]1[C@@H](n1cnc3c(NCc4cccc(I)c4)ncnc31)[C@H](O)[C@@H]2O,CHEMBL280580
DEC_3541,decoy,CC(C)(C)Oc1ccccc1-c1nc2ccc[nH]c-2n1,CHEMBL413969
ACT_021,active,CS(=O)(=O)Nc1cccc(C(=O)CC2(O)C(=O)Nc3ccc(Br)cc32)c1,CHEMBL1450585
DEC_2673,decoy,CCCn1c(=O)c2nc(-c3ccc(OCC(=O)Nc4ccc(C(F)(F)F)cc4)cc3)[nH]c2n(CCC)c1=O,CHEMBL277386
DEC_3228,decoy,Nc1nc(N)c2c(CSc3ccc(Cl)cc3)cccc2n1,CHEMBL266875
DEC_2741,decoy,CCCC1Oc2c(C)c(C)c(O)c(C)c2S1,CHEMBL290579
DEC_3412,decoy,COc1ccc(-c2c3c4cc(OC)c(O)cc4oc(=O)c3n3ccc4c(OC)c(OC)c(OC)cc4c23)cc1O,CHEMBL301410
DEC_2482,decoy,CC(C)OC(=O)N1Cc2ccccc2C[C@H]1C(=O)N[C@H](C(=O)c1nnc(C(C)(C)C)o1)C(C)C,CHEMBL26223
DEC_1622,decoy,CCCn1c(=O)[nH]c2[nH]c(-c3ccc(S(=O)(=O)Oc4cccc([N+](=O)[O-])c4)cc3)nc2c1=O,CHEMBL8495
DEC_2631,decoy,O=C(/C=C/c1ccc2[nH]ccc2c1)NCCCCN1CCc2ccc(OS(=O)(=O)C(F)(F)F)cc2C1,CHEMBL291545
DEC_0388,decoy,O=C1Nc2cc(C(F)(F)F)ccc2C1(O)c1cc(Cl)ccc1O,CHEMBL282479
DEC_0528,decoy,COc1ccc(C23OCC24C2COC(c5cc(OC)c(OC)cc53)C24)cc1OC,CHEMBL18378
DEC_3626,decoy,CC(C)[C@@H]1CC[C@@H](C)C[C@H]1OCC(=O)NCc1ccc(NCc2cc([N+](=O)[O-])ccc2Oc2ccccc2C(=O)O)cc1,CHEMBL326348
DEC_3926,decoy,CC(=O)OCC1=C(C(=O)O)N2C(=O)C(NC(=O)CCON=C3c4ccccc4-c4ccccc43)C2SC1,CHEMBL29322
DEC_0691,decoy,CCc1c2c(nc3cnc(C(=N)N)cc13)-c1cc3c(c(=O)n1C2)COC(=O)[C@]3(O)CC,CHEMBL13349
DEC_2099,decoy,CN(CC(=O)NCC(=O)O)C(=O)[C@H](Cc1ccccc1)NC(=O)CNC(=O)CCc1ccc(O)cc1,CHEMBL43967
DEC_1202,decoy,COc1cc(OC)cc([C@@H]2c3cc4c(cc3N[C@@H]3COC(=O)N23)OCCO4)c1,CHEMBL9091
DEC_1197,decoy,COc1cc(NN=C2CCC(C)n3c2ncc(C(=O)O)c3=O)cc(OC)c1,CHEMBL14379
DEC_0742,decoy,CC(C)c1cccc(C(C)C)c1NC(=O)NCC1(c2ccc(OP(=O)(O)O)cc2)O[C@H](C)[C@@H](C)O1,CHEMBL41967
DEC_1725,decoy,O=C(N[C@@H](Cc1c[nH]c2ccccc12)C(=O)NO)c1ccccc1Br,CHEMBL7297
DEC_4167,decoy,COCCN(CCOC)c1nn2c(-c3ccccc3)nnc2c2ccccc12,CHEMBL13794
DEC_3057,decoy,O=C(O)C(CCCCn1cnc2c1NC=NCC2O)Cc1ccc(Br)cc1,CHEMBL289052
DEC_2109,decoy,CC[C@@]1(O)C(=O)OCc2c1cc1n(c2=O)Cc2c-1nc1cnc(C#CCN)cc1c2C,CHEMBL13523
DEC_3485,decoy,CCNCc1nn2c3cccc(O)c3c(=O)c3c(NCCN(C)C)ccc1c32,CHEMBL8616
DEC_0837,decoy,CCCCc1nc(Cl)c(Cc2nnn[nH]2)n1Cc1ccc(-c2nnn[nH]2)cc1,CHEMBL282283
DEC_1871,decoy,Clc1cc2nc(C3CCNCC3)n(CCCCSc3[nH]cnc4ncnc3-4)c2cc1Cl,CHEMBL19993
DEC_0624,decoy,NC[C@H]1O[C@@H](O[C@@H](CNCCCN2CCCC2=O)[C@@H]2C[C@@H](O)[C@H](n3ccc(=O)[nH]c3=O)O2)[C@H](O)[C@@H]1O.O=C(O)C(F)(F)F,CHEMBL280397
DEC_3642,decoy,O=C(N[C@H]1c2ccccc2C[C@H]1O)[C@H](Cc1ccccc1)C[C@H](O)CN1C(=O)[C@H](Cc2ccccc2)C[C@@H]1Cc1ccccc1,CHEMBL278174
DEC_4192,decoy,Nc1ccn([C@H]2CS[C@@H](CO)O2)c(=O)n1,CHEMBL18314
DEC_0300,decoy,CC(C)=C1C2C=CC1C1C(=O)N(CCCCN3CCN(c4ncccn4)CC3)C(=O)C21,CHEMBL29030
DEC_3056,decoy,CNC(=O)[C@@H](NC(=O)[C@H](CC(C)C)[C@@H](C(=O)NO)C1CCC(C)CC1)C(C)(C)C,CHEMBL29977
DEC_3176,decoy,c1ccc2c3c([nH]c2c1)CN(CCc1cnccn1)CC3,CHEMBL12396
DEC_1927,decoy,N=C(NC1CC1)c1ccc(N2CCCN(c3ccc(C(=N)NC4CC4)cc3)CC2)cc1,CHEMBL9025
DEC_3274,decoy,CC(CCCCn1cnc2c1NC=NCC2O)(Cc1cccc(Br)c1)C(=O)O,CHEMBL290887
DEC_1551,decoy,O=C(O)CN1C(=O)[C@@H](NC(=O)[C@H](CC#Cc2ccc(F)cc2F)NCP(=O)(O)O)CCc2ccccc21,CHEMBL446393
DEC_2995,decoy,Cc1ccc(C)n1Nc1ccc(N2CCCCC2)nn1,CHEMBL273673
DEC_3550,decoy,COc1cc2nc(O)nc(C3CCCC3)c2cc1OC,CHEMBL30636
DEC_2015,decoy,O=C(N[C@@H](C(=O)NC1C(O)C(CO)OC1n1ccc(=O)[nH]c1=O)c1ccccc1)OCC1c2ccccc2-c2ccccc21,CHEMBL328549
DEC_1586,decoy,CNC(=O)c1ccc(/C=C/C(=O)NCC(=O)N(C)c2ccc(C)c(COc3cccc4c3nc(C(C)=O)n4C)c2C)cc1,CHEMBL295005
DEC_0342,decoy,Nc1ccc(Cn2c3c(c4ccccc42)C[C@@]2(O)[C@H]4Cc5ccc(O)c6c5[C@@]2(CCN4CC2CC2)[C@H]3O6)cc1,CHEMBL446399
DEC_0710,decoy,O=C(O)CCc1c(CO)ccc2c1CCC(NS(=O)(=O)c1ccc(Cl)cc1)C2,CHEMBL29375
DEC_0851,decoy,Nc1nc2c(cnn2CCCc2ccc(C(=O)O)cc2)c2nc(-c3ccco3)nn12,CHEMBL279254
DEC_2936,decoy,CN1C(=O)[C@H](NC(=O)Nc2cccc(CC(=O)NCCSCc3csc(N=C(N)N)n3)c2)N=C(c2ccccc2)c2ccccc21,CHEMBL30430
DEC_3317,decoy,CO/N=C1/[C@@H](Cn2cncn2)[C@H](COc2ccc(OC(C)(C)C)cc2)CC[C@@]1(C)CCn1ccnc1,CHEMBL53705
DEC_1852,decoy,COc1ccc2[nH]c3c(C)c4ccnc(NCCCN)c4cc3c2c1,CHEMBL277700
DEC_0818,decoy,C[C@H]1C2C(=O)c3ccc(O)cc3[C@@]1(C)CCN2CC1CCCO1,CHEMBL280958
DEC_2205,decoy,COc1ccc2c3c1OC1[C@H](O)[C@](CO)(CCc4ccccc4)CC4C(C2)N(CC2CC2)CCC341,CHEMBL9641
DEC_0240,decoy,Nc1nc(O)c2ncc(-c3ccccc3)nc2n1,CHEMBL277561
DEC_4226,decoy,CN(C)CCN1CC(=O)N2[C@H](c3ccc4c(c3)OCO4)c3[nH]c4ccccc4c3C[C@@H]2C1=O,CHEMBL284594
DEC_0976,decoy,C=CCNc1nc(NCC=C)nc(N2CCC(NCC3c4ccccc4N(C)S(=O)(=O)c4cc(Cl)ccc43)CC2)n1,CHEMBL309864
DEC_2818,decoy,Nc1nc2cc(Cl)c(Cl)cc2n1Cc1cc(C(F)(F)F)cc(C(F)(F)F)c1,CHEMBL22792
DEC_2048,decoy,CN1C(=O)c2ccccc2SSc2ccccc2NC(=O)[C@H](CC(=O)O)NC(=O)CNC(=O)[C@@H]1CCCN=C(N)N,CHEMBL18734
DEC_2912,decoy,CC(C)CCN(C[C@@H](O)[C@@H]1Cc2ccc(cc2)OCCCC[C@H](N)C(=O)N[C@@H](C(C)C)C(=O)N1)S(=O)(=O)c1ccc(N)cc1,CHEMBL125323
DEC_2465,decoy,COC(=O)N[C@@H](c1ccncc1)[C@@H](O)C(=O)OC1CC2C(C)(C)C1(C)[C@@]13CC(C)c4ccccc4[C@@]21O3,CHEMBL30298
DEC_0320,decoy,COc1cc(Nc2c(C#N)cnc3cc(OCC4CCCCN4C)c(OC)cc23)c(Cl)cc1Cl,CHEMBL296844
DEC_0227,decoy,Nc1nc(N)c2ncn([C@H]3CCC[C@H]3CO)c2n1,CHEMBL26364
DEC_1866,decoy,CC1(C)[C@H](/C=C/C=C2C[C@@H](O)C[C@H](O)C2)CC[C@]1(C)CC#CC(O)(C(F)(F)F)C(F)(F)F,CHEMBL416797
DEC_2188,decoy,O=C(O)CN[C@H](CC1CCCCC1)C(=O)NCC(=O)NC(CC1CCNCC1)C(=O)c1nccs1,CHEMBL21212
ACT_049,active,N=C(N)c1ccc2scc(C3(C(=O)Nc4ccc(-n5cnc6ccccc65)cc4)CC3)c2c1,CHEMBL185330
DEC_0198,decoy,CNc1nc(Cl)cc(N2CCN(C)CC2)n1,CHEMBL32664
ACT_044,active,N[C@H]1CC[C@H](CNC(=O)C2C=CCn3c(=O)n(C(CSC4CCCCC4)C(=O)O)c(=O)n32)CC1,CHEMBL32538
DEC_3501,decoy,CCCCc1ccc(Nc2nc(O)c3ncn(COCCO)c3n2)cc1,CHEMBL16185
DEC_3173,decoy,Cc1c(N(C)C)nc2cc(N(C)C)ccc2c1Cl,CHEMBL27541
DEC_2575,decoy,CC(C)(C)n1cc(C(=O)O)c(=O)c2cc(F)c(N3CCNC(c4ccccc4)C3)cc21.CS(=O)(=O)O,CHEMBL441324
DEC_2063,decoy,N[C@@H](CCC(=O)NC(CSCc1cccc(C(F)(F)F)c1)C(=O)NCC(=O)O)C(=O)O,CHEMBL30795
DEC_1798,decoy,C[C@H](C(=O)N[C@H]1N=C(c2ccccc2)c2ccccc2N(C)C1=O)[C@H](OS(N)(=O)=O)c1ccc(Cl)c(Cl)c1,CHEMBL73362
DEC_0167,decoy,Nc1nc2ccnc(-c3ccccc3F)n2n1,CHEMBL21285
DEC_1137,decoy,CCCCc1nc2ccc(C3=NN[C@H]4C(=O)N(C)C(=O)[C@@H]34)cc2c(=O)n1Cc1ccc(-c2ccccc2-c2nn[nH]n2)cc1,CHEMBL416296
DEC_4193,decoy,Nc1ccn([C@@H]2CS[C@H](CO)O2)c(=O)n1,CHEMBL141
DEC_3679,decoy,CCCCc1nn(CC(C)C)c(C(=O)O)c1Cc1ccc(-c2ccccc2-c2nn[nH]n2)cc1,CHEMBL21749
DEC_3438,decoy,C[C@H](NC(=O)OCc1ccccc1)C(=O)N[C@@H](C)C(=O)NN(CC(N)=O)C(=O)O/C=C/C(=O)N(C)Cc1ccccc1,CHEMBL54825
DEC_0560,decoy,CNc1nccc2c1c1ncnc(N3CCN(CCc4ccc(F)c(F)c4)CC3)c1n2C,CHEMBL25731
DEC_0265,decoy,O=C1C2C3C=CC(C3)C2C(=O)N1CCCCN1CCN(c2ccc(Cl)nn2)CC1,CHEMBL28868
DEC_3360,decoy,CO[C@H]1[C@@H]2S[C@@H]2[C@H](OCC23C[C@@H]4[C@H](C)CC[C@H]4C4(C=O)CC2C=C(C(C)C)C34C(=O)O)O[C@@H]1C,CHEMBL29909
DEC_4028,decoy,O=C(/C=C/c1ccc(O)cc1)O[C@@H]1C[C@](OCc2ccc(-c3ccccc3)cc2)(C(=O)O)C[C@@H](O)[C@H]1O,CHEMBL435572
DEC_0152,decoy,N#CCCCCn1cnc2c1NC=NCC2O,CHEMBL35156
DEC_2651,decoy,COc1ccc2c3c4c(c5c(ccc6ccn(C)c65)c3n(CCCN3CCC(C(N)=O)CC3)c2c1)C(=O)NC4=O,CHEMBL306501
DEC_2623,decoy,COc1cc2cc(N)c(CO)c(-c3cc(OC)c(OC)c(OC)c3)c2cc1OC,CHEMBL25423
DEC_1098,decoy,C[C@@H](/N=c1\c(O)c(O)\c1=N/Cc1ccc(C#N)cc1)C(C)(C)C,CHEMBL20578
DEC_0584,decoy,CCc1c[n+]([O-])ccc1CC(c1ccc(C(O)(C(F)(F)F)C(F)(F)F)cc1)c1ccc(OC(F)F)c(OC(F)F)c1,CHEMBL103859
DEC_1512,decoy,CCOC(=O)/C=C/C(=O)NCC(=O)N[C@@H]1CC[C@@]2(O)C3Cc4ccc(O)c5c4C2(CCN3CC2CC2)[C@H]1O5,CHEMBL52301
DEC_1526,decoy,CNS(=O)(=O)c1ccc2c(c1)/C(=C/c1[nH]c3c(c1CCCN1CCN(CC(=O)O)CC1)CCCC3)C(=O)N2,CHEMBL292930
DEC_0434,decoy,Cc1cn(C2OC(COC(c3ccccc3)(c3ccccc3)c3ccccc3)C(F)C2O)c(=O)[nH]c1=O,CHEMBL42844
DEC_1590,decoy,COc1ccc(C[C@H]2NC(=O)/C=C/C[C@@H](CCCc3ccccc3)OC(=O)[C@H](CC(C)C)OC(=O)CCNC2=O)cc1,CHEMBL267518
DEC_3044,decoy,O=NN(CCCl)C(=O)NC1CC2CCC1C2,CHEMBL268495
DEC_0093,decoy,CC1CC(O)=NN=C1c1ccc(-n2ccnc2)cc1,CHEMBL440593
DEC_0942,decoy,CC(C)CCN(C[C@@H](O)[C@@H]1Cc2ccc(cc2)OCCCCCC(=O)N[C@@H](C(C)C)C(=O)N1)NC(=O)NC1CCCCC1,CHEMBL296936
DEC_0289,decoy,CC1(c2ccc(F)cc2)CC(=O)N(CCN2CCN(c3ncccn3)CC2)C1=O,CHEMBL36175
DEC_2572,decoy,CC(C)(C)OC(=O)N[C@@H](Cc1cc(I)c(O)c(I)c1)C(=O)O,CHEMBL84385
DEC_0816,decoy,Cc1cccc2c(C3=NCC4(CN5CCC4CC5)O3)cn(C)c12,CHEMBL267298
DEC_1499,decoy,CN1CCN(c2nc(Cl)c(Cl)c(NC3CCCC3)n2)CC1,CHEMBL31548
DEC_0762,decoy,C[C@H](NC(=O)[C@](Cc1c[nH]c2ccccc12)(CN(C)C)NC(=O)OCc1cc2ccccc2o1)c1ccccc1,CHEMBL539928
DEC_0471,decoy,O=C(/C=C/C(=O)OCc1ccccc1)N[C@@H]1CC[C@@]2(O)C3Cc4ccc(O)c5c4C2(CCN3CC2CC2)C1O5,CHEMBL53563
DEC_3849,decoy,C/C(=N\OCC#N)c1ccc(Sc2cc(F)cc(C3CCOCC3)c2)cc1,CHEMBL24925
DEC_4022,decoy,CCN(CC)C(=O)Nc1nc2nc(NCCCN3CCN(C)CC3)ncc2cc1-c1c(Cl)cccc1Cl,CHEMBL292701
DEC_3604,decoy,CC(C)=CCC/C(C)=C/CCN(C)C(=O)[C@@H]1[C@H](C(=O)O)[C@@H](C(=O)O)[C@H]1C(=O)N(C)CC/C=C(\C)CCC=C(C)C,CHEMBL67051
DEC_1740,decoy,C[C@@H](O)[C@H]1C(=O)N2C(C(=O)O)=C(S[C@@H]3CN[C@@H](c4ccc(CN)s4)C3)[C@H](C)[C@H]12,CHEMBL416168
DEC_2771,decoy,O=CCC1CC(=O)c2c(O)ccc(Cl)c2S1,CHEMBL30010
DEC_0438,decoy,CNS(=O)(=O)c1ccc2c(c1)/C(=C/c1[nH]c3c(c1CCCN1CCN(C)CC1)CCCC3)C(=O)N2,CHEMBL293712
DEC_1099,decoy,CCC(C)(C)/N=c1\c(O)c(O)\c1=N/Cc1c(C)cc(C#N)cc1Cl,CHEMBL278369
ACT_004,active,CN(C)S(=O)(=O)N=C(N)N,CHEMBL298756
DEC_0760,decoy,N#Cc1ccc(CN2CCC[C@@H]2CNC(=S)N2Cc3ccccc3C[C@H]2CNC(=O)Nc2ccccc2)cc1,CHEMBL289512
DEC_3413,decoy,COc1cc([C@@H]2Cc3[nH]c4ccc(Br)cc4c3[C@@H]3C(=O)N(c4ccccc4)C(=O)[C@H]23)cc(OC)c1OC,CHEMBL312365
DEC_0860,decoy,CCOC(=O)Nc1cc2c(c(N)n1)N=C(CN(C)c1ccc(Cl)cc1)CN2,CHEMBL8934
DEC_2202,decoy,CN1CCC23c4c5ccc(O)c4OC2[C@H](O)[C@](CO)(CCCCCc2ccccc2)CC3C1C5,CHEMBL9425
DEC_3248,decoy,CCC1Nc2cc3oc(=O)cc(C(F)(F)F)c3cc2CC1C,CHEMBL6654
DEC_4162,decoy,CCCCCCOc1ccc2c3c1OC1C(O)C=CC4C(C2)N(C)CCC341,CHEMBL29548
DEC_4128,decoy,COC(=O)CCC(O[C@H]1O[C@@H]2OC3(C)CC[C@H]4[C@H](C)CCC([C@H]1C)C24OO3)c1ccc(Br)cc1,CHEMBL31799
DEC_3702,decoy,CCCCc1nn(CC)c(C(=O)NC)c1Cc1ccc(-c2ccccc2-c2nn[nH]n2)cc1,CHEMBL22167
DEC_1290,decoy,CSc1cc(-c2ccc(-c3ccc(/N=C(\N)c4ccccn4)c(SC)c3)o2)ccc1/N=C(\N)c1ccccn1,CHEMBL304666
DEC_2549,decoy,O=C1C2Oc3c(O)ccc4c3C23CCN(CC2CC2)C(C4)[C@]3(O)CC12Cc1ccc3ccccc3c1C2,CHEMBL297903
DEC_0153,decoy,Nc1ncnc2c1ncn2C1C=CC(CO)C1,CHEMBL40768
DEC_4245,decoy,N[C@H]1C[C@@H](CO)N(c2cc3c(cc2F)c(=O)c(C(=O)O)cn3-c2ccc(F)cc2F)C1,CHEMBL43181
DEC_4138,decoy,C=C(c1c(Cl)ccc(Cl)c1OCC(O)CNC(C)C)n1ccnc1,CHEMBL15578
DEC_0978,decoy,COC(=O)C1=C(C)N=C(C)/C(=C(/O)OC)C1c1cccc(NC(=O)NCCCN2CCC(c3cccc(OC)c3)CC2)c1,CHEMBL324554
DEC_2778,decoy,CC(C)(C)C12COC(c3ccccc3O)(OC1)OC2,CHEMBL289462
DEC_2566,decoy,Clc1ccc(C2=CCc3ccc(Cl)cc3N=C2N2CCNCC2)cc1.O=C(O)/C=C/C(=O)O,CHEMBL16624
DEC_1860,decoy,CNC(=O)OCc1c2ccncc2c(C)c2c1[nH]c1ccccc12,CHEMBL19569
DEC_2837,decoy,CCO/C(O)=C1\C(COCc2cc(O)nc(N3CCCCC3)n2)=NC(C)=C(C(=O)OC)C1c1cccc(Cl)c1Cl,CHEMBL311901
DEC_0699,decoy,CN1CCC23c4c5ccc(O)c4OC2[C@H](O)[C@](CO)(CCCc2ccccc2)CC3C1C5,CHEMBL9836
DEC_0189,decoy,CC1OC2(CCN(C)CC2)C/C1=N/NC(N)=O,CHEMBL289487
DEC_1566,decoy,Cc1cn(C2C=CC(COP(=O)(OCC(Cl)(Cl)Cl)OCC(Cl)(Cl)Cl)O2)c(=O)[nH]c1=O,CHEMBL279534
DEC_2963,decoy,Cc1ncc2n1CCC=C2c1ccc(-n2ccnc2)cc1,CHEMBL27772
DEC_2945,decoy,CC(=O)N[C@@H](Cc1ccc(CP(=O)(O)Cc2ccccc2)cc1)C(=O)NC1(C(=O)N[C@@H]2CCCC[C@@H]2C(N)=O)CCCCC1,CHEMBL78061
DEC_3103,decoy,NCC1CCCN(c2c(F)cc3c(=O)c(C(=O)O)cn(C4CC4)c3c2Cl)C1,CHEMBL15347
DEC_1761,decoy,COc1ccc(C[C@H]2NC(=O)/C=C/C[C@@H]([C@@](C)(O)/C=C\c3ccccc3)OC(=O)[C@H](CC(C)C)OC(=O)CCNC2=O)cc1,CHEMBL13551
DEC_1672,decoy,CCOC(=O)/C=C/[C@H](CCC(N)=O)NC(=O)[C@H](Cc1ccccc1)n1cccc(NC(C)=O)c1=O,CHEMBL295096
DEC_1491,decoy,CC(C)(C)c1cc(-c2nnc(N=C(N)N)o2)cc(C(C)(C)C)c1O,CHEMBL16878
DEC_3285,decoy,CCOC(=O)C(CCCCn1cnc2c1NC=NCC2O)c1cccc(Br)c1,CHEMBL34848
DEC_0494,decoy,O=C(O)C(CCCCn1cnc2c1NC=NCC2O)C(=O)NCc1ccc(Cl)cc1,CHEMBL37650
DEC_1128,decoy,Nc1nc(N)c2nc(CSc3cccc(Cl)c3)cnc2n1,CHEMBL409194
DEC_2035,decoy,O=P(O)(O)N1CCN=C1N/N=C/c1c2ccccc2c(/C=N/NC2=NCCN2P(=O)(O)O)c2ccccc12,CHEMBL304071
DEC_1962,decoy,COCCN(CCOC)c1nc(C)nc2c1sc(=S)n2-c1c(C)cc(C)cc1C,CHEMBL417091
DEC_2596,decoy,CCOC(=O)C[C@H]1CCCCC12OOC1(CCCC[C@H]1CC(=O)OCC)OO2,CHEMBL34205
DEC_2391,decoy,CCCCn1c(=O)c2c(ncn2S(=O)(=O)c2cc(C)ccc2C)n(CCCC)c1=O,CHEMBL279278
DEC_0585,decoy,CN(C[C@@H](CCN1CCC2(CC1)C[S+]([O-])c1ccccc12)c1ccc(Cl)c(Cl)c1)C(=O)N(C)c1ccccc1,CHEMBL313305
DEC_4035,decoy,O=C1NCCN1CCN1CCC(c2cn(-c3ccc(F)cc3)c3ccc(Br)cc23)CC1,CHEMBL12235
DEC_4224,decoy,CC[C@@]1(O)C(=O)OCc2c1cc1n(c2=O)Cc2cc3c(COCCN(C)C)c(O)ccc3nc2-1,CHEMBL10571
DEC_0129,decoy,C=C(C)[C@H](C(=O)OC(C)(C)C)N1C(=O)/C(=C\c2ccc([N+](=O)[O-])cc2)[C@H]1SSc1nc2ccccc2s1,CHEMBL288259
DEC_3995,decoy,CCc1nn(Cc2ccc(-c3ccccc3-c3nn[nH]n3)cc2)/c(=N/C(=O)c2ccccc2C(=O)O)s1,CHEMBL35381
DEC_1201,decoy,COc1ccc(OC)c(N(C)Cc2cnc3nc(N)nc(N)c3c2C)c1,CHEMBL281803
DEC_0415,decoy,CNC(=O)Nc1ccc(Nc2c3ccccc3nc3ccccc23)cc1,CHEMBL278841
DEC_1883,decoy,Cc1cc(-c2c(F)cc3c(=O)c(Cc4c(O)cccc4O)cn(C4CC4)c3c2F)cc(C)n1,CHEMBL440642
DEC_1400,decoy,O=S(=O)(CC(F)(F)C(F)(F)F)c1nc(-c2ccccc2)c(-c2ccccc2)[nH]1,CHEMBL540444
DEC_3387,decoy,C=C1C[C@@]23O[C@]2(c2ccccc21)C1CC(OC(=O)[C@H](O)[C@@H](NC(=O)OCC)c2ccc(F)cc2)C3(C)C1(C)C,CHEMBL284652
DEC_1842,decoy,c1ccc(-c2[nH]c3ccccc3c2CCC2CCNCC2)cc1,CHEMBL24783
DEC_2217,decoy,COc1ccc2c3c1OC1[C@H](O)[C@](CO)(CCCCCc4ccccc4)CC4C(C2)N(C)CCC341,CHEMBL9769
DEC_0327,decoy,CCOC(=O)N[C@@H](c1ccsc1)[C@@H](O)C(=O)OC1CC2C(C)(C)C1(C)[C@@]13C[C@H](C)c4ccccc4[C@@]21O3,CHEMBL417488
DEC_3931,decoy,C=CC1=C(C)c2cc3nc(cc4[nH]c(cc5[nH]c(cc1n2)c(C)c5CO)c(C)c4CCC(=O)O)C(CCC(=O)O)=C3C,CHEMBL273300
DEC_1731,decoy,Cc1[nH]c(/C=C2\C(=O)Nc3ccc(F)cc32)c(C)c1C(=O)NCCN1CCOCC1,CHEMBL13354
DEC_3461,decoy,NCCNc1ccc2c(CNCCCCO)nn3c4cccc(O)c4c(=O)c1c23,CHEMBL268193
DEC_2544,decoy,CC(C)n1cc(NC(=O)c2cc(NC=O)cn2C)cc1C(=O)Nc1cc(C(=O)NCCCN2CCCC2)n(C)c1,CHEMBL420182
ACT_037,active,O=S(=O)(/C=C/c1cccc(C(F)(F)F)c1)Nc1cccc(OCc2cn(Cc3cc4ccccc4s3)nn2)c1,CHEMBL1824554
DEC_1322,decoy,CCc1cn([C@@H]2O[C@H](CNC(=O)C3c4ccccc4Oc4c(-c5ccccc5)cccc43)[C@@H](O)[C@@H]2F)c(=O)[nH]c1=O,CHEMBL44047
DEC_0054,decoy,CNc1nc(Cl)c(SC)c(N2CCCCC2)n1,CHEMBL36410
DEC_2505,decoy,C#CCN(Cc1ccc2nc(CSc3ncccn3)[nH]c(=O)c2c1)c1ccc(C(=O)N[C@@H](CCC(=O)O)C(=O)O)cc1,CHEMBL317901
DEC_0273,decoy,O=C1C2C3CCC(C4CC43)C2C(=O)N1CCCCN1CCN(c2ncccn2)CC1,CHEMBL28717
DEC_3477,decoy,CCNCC1CCN(c2cc3c(c(N)c2F)c(=O)c(C(=O)O)cn3C2CC2)C1,CHEMBL15113
DEC_1558,decoy,CNC(=O)C(F)(F)C(=O)C(Cc1ccccc1)NC(=O)Cn1c(-c2cccc(C)c2)ncc(N)c1=O,CHEMBL26496
DEC_1671,decoy,CCCn1c(=O)c2nc(-c3ccc(S(=O)(=O)NCCCN(C)C)cc3)[nH]c2n(CCC)c1=O,CHEMBL11036
DEC_2340,decoy,COc1ccnc(C[S+]([O-])c2nc3cc(OC(F)F)ccc3[nH]2)c1C,CHEMBL9443
ACT_046,active,Cc1nc(N)ccc1CNC(=O)[C@H](C)NC(=O)[C@H]1C[C@H](C2(c3ccccc3)CC2)CN1,CHEMBL5749929
DEC_1510,decoy,O=Cc1ccn(-c2cc3c(cc2Cl)nc(O)n2nc(C(=O)O)cc32)c1,CHEMBL8829
DEC_1628,decoy,CCc1c(C)sc2nc(C3CC3)c(/C=C/[C@@H](O)C[C@@H](O)CC(=O)[O-])c(-c3ccc(F)cc3)c12.[Na+],CHEMBL287411
DEC_1021,decoy,COc1cc(OC2CCN([C@@H]3CCCc4c3ccc[n+]4[O-])CC2)c(F)cc1C(=O)N1CCC(N2C(=O)OCc3ccccc32)CC1,CHEMBL265070
DEC_2775,decoy,CN[C@H]1CC[C@@H](c2ccccc2)c2ccccc21,CHEMBL36260
DEC_0594,decoy,CC(=O)c1cc(CCNC[C@@H](C)c2c(-c3cc(C)cc(C)c3)[nH]c3ccc(C(C)(C)C(=O)N4CC5CCC4CC5)cc23)ccn1,CHEMBL332049
DEC_0162,decoy,CN(C)c1ccc(Cc2c(N)n[nH]c2N)cc1,CHEMBL39720
DEC_2357,decoy,CN1C(=O)N(CC(COc2ccc(-c3ccc(C#N)cc3)cc2)N(O)C=O)C(=O)C1(C)C,CHEMBL288067
DEC_4147,decoy,COc1ccc(CCCCNCCOc2cc(F)cc3c2OCCC3)cc1,CHEMBL25213
DEC_2475,decoy,COc1ccc2[nH]c3c(N4CCN(CCc5ccc(F)c(F)c5)CC4)ncnc3c2c1[N+](=O)[O-],CHEMBL27191
DEC_1050,decoy,[O-][S+](CCC(F)(F)C(F)(F)F)c1nc(-c2ccccc2)c(-c2ccccc2)[nH]1,CHEMBL18375
DEC_0658,decoy,Cn1c2cccc(C(N)=O)c2c2ncnc(N3CCN(CCc4ccc(F)c(F)c4)CC3)c21,CHEMBL26678
DEC_3050,decoy,O=S1NC(CC2=Cc3ccccc3CC2)=NO1,CHEMBL17355
DEC_0682,decoy,CC(=O)/C=C/C(=O)N[C@@H]1CCC2(O)C3Cc4ccc(O)c5c4C2(CCN3CC2CC2)C1O5,CHEMBL26883
DEC_4079,decoy,O=S(=O)(c1cccs1)N1Cc2ccccc2N(Cc2c[nH]cn2)C(CCc2ccccc2)C1,CHEMBL266958
DEC_1756,decoy,N#Cc1cccc(COc2ccc(S(=O)(=O)N3CC[C@H](O)C[C@@H]3C(=O)NO)cc2)c1,CHEMBL29217
ACT_079,active,Cc1ccc(S(=O)(=O)NC(=O)NCCC(=O)N[C@@H](Cc2c[nH]cn2)C(=O)Nc2ccc(S(=O)(=O)NN=C(N)N)cc2)cc1,CHEMBL301811
DEC_1953,decoy,CCn1cc(C(=O)O)c(=O)c2c(N)c(F)c(N3CC(C)NC(C)C3)c(Cl)c21,CHEMBL15806
DEC_1425,decoy,CC(C)CN1CCN(CC(C)C)C(C2=NCCN2)C1,CHEMBL40263
DEC_2329,decoy,CN(C)c1ccc(-c2nnc3c4ccccc4c(N4CCCC4)nn23)c(Cl)c1,CHEMBL276260
DEC_1038,decoy,COC1(c2cc(F)cc(Sc3ccc4c(c3)OCC/C4=N\O)c2)CCOCC1,CHEMBL24358
DEC_3934,decoy,CCOc1c(Br)cc(Br)cc1CN[C@H]1CCC[C@@H]1CNc1cc(O)c2ccccc2n1,CHEMBL278607
DEC_2288,decoy,CC(C)(C)c1ccc(Sc2ccc(-n3ncc(=O)[nH]c3=O)cc2Cl)cc1,CHEMBL418755
ACT_031,active,CCc1c(N2CCCC2=O)cccc1S(=O)(=O)N[C@@H](CNC(=O)c1ccc(Cl)s1)C(=O)N1CCOC[C@@H]1C,CHEMBL3091527
DEC_3004,decoy,C=CCN(CC=C)C1Cc2cccc3nc(O)n(c23)C1,CHEMBL441331
DEC_1814,decoy,Nc1ccc(-c2nc(-c3ccc(F)cc3)c(-c3ccncc3)[nH]2)cc1,CHEMBL17736
DEC_3851,decoy,N#C/C(=N\O)c1ccc(Sc2cc(F)cc(C3CCOCC3)c2)cc1,CHEMBL27691
DEC_0630,decoy,CC[C@@]1(O)C(=O)OCc2c1cc1n(c2=O)Cc2c-1nc1cnc(C#CCN3CCOCC3)cc1c2C,CHEMBL13190
DEC_4157,decoy,c1ccc(CCOc2ccc(-c3nnn(CCCCc4nnn[nH]4)n3)cc2)cc1,CHEMBL19385
DEC_2077,decoy,NC(=O)CN(Cc1ccc2nc(N)nc(O)c2c1)c1ccc(C(=O)NC(CCC(=O)O)C(=O)O)cc1,CHEMBL35517
DEC_0981,decoy,Cc1cc(C(C)(C)CC(C)(C)C)cc2c1OCCOCCOCc1cc(Br)cc(c1C(=O)O)COCCOCCO2,CHEMBL164190
DEC_3134,decoy,CC(C)(N)C(=O)NC1CC2CCC1(CS(=O)(=O)N1CCC3(CCc4ccccc43)CC1)C2(C)C,CHEMBL422572
DEC_4232,decoy,COc1cc2c(cc1OC)[C@@](O)(c1cc(OC)c(O)c(OC)c1)[C@H]1C(=O)OC[C@H]1C2=O,CHEMBL288503
DEC_1858,decoy,O=C1Nc2ccc(Cl)cc2[C@@](/C=C/C2CC2)(C(F)(F)F)N1,CHEMBL29274
DEC_3836,decoy,C=CCONC1=NC(=O)/C(=C/c2cc(C(C)(C)C)c(O)c(C(C)(C)C)c2)S1,CHEMBL16127
DEC_2720,decoy,O=C(O)CC/C=C\C[C@@H]1CO[C@H](c2ccc(OCCn3ccnc3)c(C(=O)O)c2)O[C@@H]1c1ccccc1O,CHEMBL294952
DEC_2523,decoy,C[C@@H](O)CNC(C)(C)CNC(=O)N[C@@H]1CCc2ccccc2N(Cc2ccc(-c3ccccc3-c3nn[nH]n3)cc2)C1=O,CHEMBL322233
DEC_3929,decoy,CCS(=O)(=O)c1ccc2c(c1)/C(=C/c1[nH]c3c(c1CCC(=O)N1CCN(C)CC1)CCCC3)C(=O)N2,CHEMBL294668
DEC_0023,decoy,C=CCC(CC=C)(C(=O)NO)[C@@H](CC(C)C)C(=O)N[C@@H](Cc1ccccc1)C(=O)NC,CHEMBL284465
DEC_2824,decoy,O=c1c(-c2ccc(C(F)(F)F)cc2)cccn1C(CN1C=CC=CC=N1)c1ccccc1,CHEMBL14967
DEC_2337,decoy,N#Cc1nn(-c2ccc(S(N)(=O)=O)cc2)c(-c2ccc(Cl)cc2)c1Cl,CHEMBL29840
DEC_3070,decoy,CC(C)[C@H](CO)Nc1nc(Nc2ccc(C(=O)O)c(Cl)c2)c2ncn(C(C)C)c2n1,CHEMBL23254
DEC_2100,decoy,N=C(N)NCCC[C@@H](NC(=O)Cn1cccc(NS(=O)(=O)Cc2ccccc2F)c1=O)C(=O)O,CHEMBL19599
DEC_3133,decoy,O=C(O)CNC(=O)CCC(NC(=O)c1cc(Cl)cc(Cl)c1)C(=O)N1CCC2(CCCC2)CC1,CHEMBL33043
DEC_1762,decoy,COc1ccc(C[C@H]2NC(=O)/C=C/C[C@@H]([C@](C)(O)/C=C\c3ccccc3)OC(=O)[C@H](CC(C)C)OC(=O)CCNC2=O)cc1,CHEMBL276839
DEC_0826,decoy,CC1CC(=O)NN=C1c1ccc(-n2cnc3c2CCCC3)cc1,CHEMBL282765
DEC_0151,decoy,CC(C)N1CCN(C(C)C)C(C2=NCCN2)C1,CHEMBL41263
DEC_1213,decoy,CC(=O)c1cc2c(s1)[C@@H](NC(=O)c1ccc([N+](=O)[O-])cc1)[C@H](O)C(C)(C)O2,CHEMBL283484
DEC_1358,decoy,Cc1cc(C(=O)Nc2ccc(-c3ccccc3S(N)(=O)=O)cc2)n(-c2cc3ccccc3cc2C(=N)N(C)C)n1,CHEMBL416820
DEC_1235,decoy,COC(=O)[C@H](COC(=O)/C=C/c1ccc(OC(C)=O)c(OC(C)=O)c1)NC(=O)/C=C/c1ccc(OC(C)=O)c(OC(C)=O)c1,CHEMBL30922
DEC_1397,decoy,Fc1ccc(CCN2CCN(c3[nH]cnc4c5c(Cl)cccc5nc3-4)CC2)cc1F,CHEMBL28584
DEC_2992,decoy,C[C@H](c1ccccc1)n1cnc2c(N(C)C)ncnc21,CHEMBL274148
DEC_1922,decoy,CC/C=C/CC(=O)O[C@H](CC=C(C)C)C1=CC(=O)c2c(O)ccc(O)c2C1=O,CHEMBL266603
DEC_2269,decoy,CC(C)=CCN(C1=NCCN1)c1c(Br)cccc1Br,CHEMBL21171
DEC_1348,decoy,CN1C(=O)[C@H](NC(=O)Nc2cccc(C(=O)NS(=O)(=O)c3ccccc3)c2)N=C(C2CCCCC2)c2ccccc21,CHEMBL311154
DEC_3946,decoy,O=S(=O)(Nc1ccc(CCNC[C@H](O)c2cccnc2)cc1)c1ccc(-c2cnc(-c3ccc(F)cc3)o2)cc1,CHEMBL38562
DEC_3948,decoy,CN1CCN(CCCNc2ncc3cc(-c4c(Cl)cccc4Cl)c(/N=C(/N)Nc4ccccc4)nc3n2)CC1,CHEMBL300335
DEC_0794,decoy,Brc1ccc2c(c1)C1N=C3SCCN3C1CC2,CHEMBL29695
DEC_3049,decoy,CC1CCCCc2nc3c(c(=O)n21)CCCC3,CHEMBL39244
DEC_2207,decoy,O=C(O)C(Cc1c[nH]c2ccccc12)NC(=O)C(CS)c1cccc(-c2ccccc2)c1,CHEMBL288302
DEC_2484,decoy,CC[C@H]1CO[C@H]2[C@@H]1C[C@H](OCC13C[C@@H]4[C@H](C)CC[C@H]4C4(C=O)CC1C=C(C(C)C)C34C(=O)O)O[C@@H]2C,CHEMBL295883
DEC_4236,decoy,Cc1cn(C2CC(N=[N+]=[N-])C(CO)O2)c(=O)n(CCN2C(=O)c3ccccc3C2=O)c1=O,CHEMBL290236
DEC_2260,decoy,CCCc1cc(=O)oc2c3c(c4c(c12)OC(C)(C)C=C4)O[C@H](C)[C@H](C)[C@@H]3O,CHEMBL263086
DEC_1651,decoy,C[C@]1(O)C(=O)N(CCCN2CCN(c3ccc(F)cc3OCC(F)(F)F)CC2)C(=O)N[C@H]1O,CHEMBL56375
DEC_3281,decoy,CCc1cn([C@H]2C[C@H](O)[C@@H](CNC(=O)C3c4ccccc4Sc4ccccc43)O2)c(=O)[nH]c1=O,CHEMBL288569
DEC_0631,decoy,C(C#Cc1ncnc2c1ncn2C1CCCCO1)#Cc1ncnc2c1ncn2C1CCCCO1,CHEMBL417791
DEC_1035,decoy,C=CCC/C=C/C(=O)O[C@H](CC=C(C)C)C1=CC(=O)c2c(O)ccc(O)c2C1=O,CHEMBL9196
DEC_0856,decoy,COc1cc(Nc2cc3n(c(=O)n2)CCc2cc(OC)c(OC)cc2-3)cc(OC)c1,CHEMBL287494
DEC_2025,decoy,Cn1c(Cc2nc3ccccc3[nH]2)nc2ccc(C(=O)NC(CC(=O)NS(=O)(=O)c3ccccc3C(=O)O)C(=O)O)cc21,CHEMBL311987
DEC_2050,decoy,Cc1noc(C)c1S(=O)(=O)N[C@@H](CCC(=O)N1CCC2(CC1)C(=O)N(c1ccc(C(=N)N)cc1)C(=O)N2C)C(=O)O,CHEMBL62813
DEC_2127,decoy,CC[C@@]1(O)C(=O)OCc2c1cc1n(c2=O)Cc2cc3c(CC#N)c(O)ccc3nc2-1,CHEMBL10419
DEC_3421,decoy,CCCC(NC(=O)[C@@H]1[C@H]2CC=C[C@H]2CN1C(=O)[C@@H](NC(=O)[C@@H](NC(=O)c1cnccn1)C(C)C)C(C)C)C(=O)C(=O)NC1CC1,CHEMBL49900
DEC_0771,decoy,CC/N=C(\S)Nc1nc2nc(NCCCN(CC)CC)ncc2cc1-c1c(Cl)cccc1Cl,CHEMBL60690
ACT_062,active,O=C([C@@H](NS(=O)(=O)c1cnccc1N[C@H](CO)Cc1ccccc1)c1ccc(O)cc1)N1CCC(CCF)CC1,CHEMBL13151
ACT_041,active,COc1ccc(-c2cc(N)n(C(=O)c3ccc4[nH]cnc4c3)n2)cn1,CHEMBL5618119
DEC_1936,decoy,CCCCC[C@](C)(O)/C=C/C1[C@H](O)C[C@@H]2OC(=O)C(F)(F)CC/C=C\C[C@H]12,CHEMBL12717
DEC_3700,decoy,CCCCc1c(Cc2ccc(-c3ccccc3-c3nn[nH]n3)cc2)c(C(=O)O)nn1C(C)C,CHEMBL22069
DEC_3941,decoy,CNC(=O)[C@@H](NC(=O)C(CCc1ccc(C)cc1)CP(=O)(O)Cc1ccc(Cc2ccccc2)cc1)C(C)(C)C,CHEMBL77923
DEC_2522,decoy,C[C@H](O)CNC(C)(C)CNC(=O)N[C@@H]1CCc2ccccc2N(Cc2ccc(-c3ccccc3-c3nn[nH]n3)cc2)C1=O,CHEMBL105796
DEC_2214,decoy,CCCCc1nc2c(n1Cc1ccc(-n3cccc3-c3nn[nH]n3)cc1)/C(=C/C(=O)O)CCCC2,CHEMBL443000
DEC_4050,decoy,CC(C)(C)CCNC(=O)c1coc(C2C3CCC(O3)C2Cc2ccccc2CCC(=O)O)n1,CHEMBL31850
DEC_1654,decoy,C#CCN(Cc1ccc2nc(C)[nH]c(=O)c2c1)c1ccc(C(=O)N[C@@H](CCC(=O)O)C(=O)O)cc1,CHEMBL434209
DEC_3876,decoy,CCOC(C)n1c([S+]([O-])Cc2ncc(C)c(OC)c2C)nc2ccccc21,CHEMBL10485
DEC_3516,decoy,CSc1ccc2ccc3nc(C(=O)O)cn3c2c1,CHEMBL13597
DEC_3811,decoy,CCCCC/N=c1\c(O)c(O)\c1=N/[C@@H](Cc1ccc(NC(=O)c2c(Cl)cncc2Cl)cc1)C(=O)O,CHEMBL275055
DEC_0908,decoy,CCCCC[C@@H]1/C=C\C2C(=O)CC(O)[C@@H]2C/C=C\CCCC(=O)O1,CHEMBL276380
DEC_0331,decoy,Oc1ccc2c3c1O[C@H]1c4c(c5ccccc5n4Cc4ccccc4)C[C@@]4(O)[C@@H](C2)N(CC2CC2)CC[C@]314,CHEMBL55305
DEC_2152,decoy,CCOC(=O)C[C@H](O)[C@H](CC(C)C)NC(=O)[C@@H](NC(=O)[C@@H](NC(=O)CC(C)C)C(C)C)C(C)C,CHEMBL433050
DEC_3433,decoy,COc1cc(COc2ccc3c(c2)NCCN([C@H](CCCCNS(C)(=O)=O)C(=O)NO)S3(=O)=O)cc(OC)c1,CHEMBL416306
DEC_0601,decoy,CC1=C(C#N)C(c2ccccc2C(F)(F)F)/C(=C(\O)OCCN(C)Cc2ccccc2)C(C[S+]([O-])c2ccccc2)=N1,CHEMBL308367
DEC_2253,decoy,Nc1nc(N)c2c([S+]([O-])c3ccc(Cl)c(Cl)c3)cccc2n1,CHEMBL6642
DEC_0633,decoy,O=C(O)CCC(=O)N1CCC2(CCC(C(=O)N3CCC(C4CCNCC4)CC3)CC2)CC1,CHEMBL24638
ACT_013,active,Cc1cc(Br)c(O)c(-c2cc3cc(C(=N)N)ccc3[nH]2)c1,CHEMBL48608
DEC_3051,decoy,O=C1CCC(c2ccc(-n3cccc3)cc2)=NN1,CHEMBL30975
DEC_4099,decoy,COc1cc(NC(C)CCCN)c2nccc(C)c2c1Oc1cc(C(F)(F)F)cc(C(F)(F)F)c1,CHEMBL12757
DEC_4166,decoy,O=C(O)CCC/C=C\C[C@H]1[C@H](F)CC[C@@H]1NS(=O)(=O)c1ccc(F)cc1F,CHEMBL282458
DEC_0412,decoy,CNC(=O)c1[nH]c(C(C)(C)C)cc1NC(=O)Nc1ccc(C)cc1,CHEMBL18520
DEC_4091,decoy,CCN(CC)CC#CCCC1(C2(O)c3ccccc3Sc3ccc(Cl)cc32)SCCCS1,CHEMBL41575
DEC_0911,decoy,CCCCC[C@@H]1/C=C\C2[C@H](O)C[C@H](O)[C@@H]2C/C=C\CCCC(=O)O1,CHEMBL274820
DEC_1610,decoy,CCN1CCN(Cc2cc(=O)oc3c(C)c(O[C@@H]4OC(C)(C)[C@H](OC)[C@@H](OC(=O)c5ccc(C)[nH]5)[C@H]4O)ccc23)CC1,CHEMBL95996
DEC_2140,decoy,O=C(O)CCN1CCN(C(=O)N2CCC3(CCN(c4ccncc4)CC3)C2)CC1=O,CHEMBL276405
DEC_1997,decoy,c1ccc2nc(COc3ccc(COc4ccc(-c5nn[nH]n5)cc4)cc3)ccc2c1,CHEMBL18339
DEC_2838,decoy,CC(=O)Oc1ccccc1CN(CCN(CC(=O)OC(C)(C)C)Cc1ccccc1OC(C)=O)CC(=O)OC(C)(C)C,CHEMBL278087
DEC_2726,decoy,CCCCc1nc2ccc(C(O)CO)cc2c(=O)n1Cc1ccc(-c2ccccc2-c2nn[nH]n2)cc1,CHEMBL15283
DEC_1057,decoy,OC(c1ccc(Cl)cc1Cl)C(O)(Cn1cncn1)c1ccc(Cl)cc1Cl,CHEMBL10361
DEC_0094,decoy,CC1CC(NC(=O)N(CCCl)N=O)CC(C)(C)C1,CHEMBL275300
DEC_1489,decoy,O=Cc1ccn(-c2cc3nc(O)c(O)nc3cc2C(F)(F)F)c1,CHEMBL12841
DEC_3262,decoy,C[C@@H](NC(=O)[C@@H](N)Cc1ccc(O)cc1)C(=O)NCC(=O)N[C@@H](Cc1ccccc1)C(=O)NNC(=O)[C@@H](N)Cc1ccccc1,CHEMBL92503
DEC_0431,decoy,COC1=CC(=O)c2c(c(COP(N)(=O)N(CCBr)CCBr)cn2C)C1=O,CHEMBL39519
DEC_3848,decoy,CCOc1nc(-c2cc(C)c(OCCCc3cc(C)no3)c(C)c2)no1,CHEMBL282545
DEC_0971,decoy,Cc1ccc2c(c1)N(CC(=O)NC(C)(C)C)C(=O)[C@H](NC(=O)Nc1cccc(C(=O)Nc3nn[nH]n3)c1)C[C@@H]2c1ccccc1,CHEMBL58658
ACT_028,active,C[C@@H]1CCC[C@H](n2cnc(-c3cc(Cl)ccc3-n3cc(Cl)nn3)cc2=O)c2cc(ccn2)-c2c(cnn2C(F)F)NC1=O,CHEMBL4112929
DEC_3705,decoy,CCCn1c(=O)c2nc(-c3ccc(OCC(=O)NCCNC(=O)CCCN4C(=O)C=CC4=O)cc3)[nH]c2n(CCC)c1=O,CHEMBL269782
DEC_0523,decoy,CN(C)P1(N(C)C)=NP(N(C)C)(N(C)C)=NP(N(C)C)(N2CC2)=N1,CHEMBL28369
DEC_0948,decoy,COc1cc2cc(C(=O)N3C[C@@H](CCl)c4c3cc(O)c3[nH]c(C)c(C(=O)NCCN(C)C)c43)[nH]c2c(OC)c1OC,CHEMBL317519
DEC_1092,decoy,CCCN(C1=NCCN1)c1c(Br)cccc1Br,CHEMBL20335
DEC_2661,decoy,NC[C@H]1CCC[C@@H](CNC(=O)[C@H](Cc2c[nH]c3ccccc23)NC(=O)N2CCC3(C=Cc4ccccc43)CC2)C1,CHEMBL69303
DEC_0155,decoy,NS(=O)(=O)OC[C@@]12CCC=C[C@@H]1CCC2,CHEMBL25869
DEC_3197,decoy,CC1(c2ccccc2)OC(/C=C/c2ccsc2)=CC1=O,CHEMBL277093
DEC_3495,decoy,N=C(NCCO)c1ccc(-c2ccc(-c3ccc(/C(N)=N/CCO)cc3)o2)cc1,CHEMBL23180
DEC_3782,decoy,CC(C)(CCCCNC(=O)c1coc(C2C3CCC(O3)C2Cc2ccccc2CCC(=O)O)n1)C(=O)O,CHEMBL282124
DEC_0567,decoy,O=c1nc(/N=C/N(c2ccccc2)c2ccccc2)ccn1C1CSC(CO)O1,CHEMBL278480
DEC_2641,decoy,CCC(=O)N1CCN(CCCc2c(/C=C3\C(=O)Nc4ccc(S(=O)(=O)CC)cc43)[nH]c3c2CCCC3)CC1,CHEMBL294466
DEC_2869,decoy,COC(=O)/C(=C/Cn1c(-c2ccccc2)ncc(NC(=O)OCc2ccccc2)c1=O)COC(=O)c1ccc([N+](=O)[O-])cc1,CHEMBL115685
DEC_2136,decoy,NCC1CN(c2c(F)cc3c(=O)c(C(=O)O)cn(C4CC4)c3c2Cl)CCO1,CHEMBL284218
DEC_1503,decoy,CC(=O)OC(CC=C(C)C)C1=CC(=O)c2c(O)ccc(O)c2C1=O,CHEMBL28569
DEC_3546,decoy,COc1cccc(-c2n[nH]c(-c3ccccc3C)n2)c1,CHEMBL417269
DEC_2441,decoy,c1ccc(N2CCN(C3c4ccccc4Oc4ccccc43)CC2)nc1,CHEMBL20545
DEC_3422,decoy,C=C(CC[C@]12O[C@H](C(=O)O)[C@@](O)(C(=O)O)[C@](C(=O)O)(O1)[C@H](OC(C)=O)[C@H]2O)[C@@H](OC(C)=O)[C@H](C)Cc1ccccc1,CHEMBL314078
DEC_4086,decoy,COc1ccc(C(C#N)(CC#CCN(C)CC2c3ccccc3-c3ccccc32)C(C)C)cc1OC.Cl,CHEMBL47663
ACT_089,active,C=CCC1(CC=C)C(=O)N2CC(C)=CC(C(=O)NC(CCCCN)C(=O)C(=O)NCCc3ccc(C(N)=O)cc3)N2C1=O,CHEMBL308576
DEC_3098,decoy,CC1(C)C=C(C(=O)NCCCNC(=O)C(C)(C)Oc2ccc(Cl)cc2)C(C)(C)N1,CHEMBL15364
DEC_1612,decoy,CCc1c(C)sc2nc(C(C)C)c(/C=C/[C@@H](O)C[C@@H](O)CC(=O)[O-])c(-c3ccc(F)cc3)c12.[Na+],CHEMBL23780
DEC_2611,decoy,COc1cc2c(cc1OC)[C@@H]1OC[C@H]([C@@H]2c2cc(OC)c(OC)c(OC)c2)[C@@H]1CO,CHEMBL17581
DEC_2246,decoy,C=CCCN(C1=NCCN1)c1c(Br)cccc1Br,CHEMBL417828
DEC_3900,decoy,O=C1NC(c2ccc(Br)cc2)(c2ccc(Br)cc2)C(=O)N1CCN1CCOCC1,CHEMBL50925
DEC_1946,decoy,Cc1[nH]c(/C=C2\C(=O)Nc3ccc(F)cc32)c(C)c1C(=O)NCCN1CCCC1,CHEMBL13608
DEC_3069,decoy,O=C(O)c1c(-c2ccc(Cl)cc2)c(-c2ccc(Cl)cc2)nn(CCO)c1=O,CHEMBL31521
DEC_2009,decoy,CC(C)C[C@H](CC(=O)C1c2ccccc2Oc2ccccc21)C(=O)N[C@H](C=O)CC(C)C,CHEMBL42716
DEC_2713,decoy,CCCc1nc(-n2cccc2C(O)C(F)(F)F)c(C#N)n1Cc1ccc(-c2ccccc2-c2nn[nH]n2)cc1,CHEMBL73358
DEC_3397,decoy,CN(C)C(=O)n1cc(C(=O)c2ccn3c2CS[C@@H]3c2cccnc2)c2ccc(-c3ccc(C[C@H](N)C(=O)O)cc3)cc21,CHEMBL330219
DEC_1107,decoy,Nc1nc(N)c2nc(CNc3cccc4ccccc34)cnc2n1,CHEMBL26006
DEC_0773,decoy,Cc1ccc(CC(CNC(=S)N(O)Cc2ccc(NS(C)(=O)=O)c(F)c2)COC(=O)C(C)(C)C)cc1C,CHEMBL308800
DEC_0605,decoy,CC(=O)c1ccc(-c2ccc(/C=C/C(=O)Nc3ccc(NC(=O)Cc4ccc(C)cc4)c(C(=O)c4ccccc4)c3)o2)cc1,CHEMBL66988
DEC_3460,decoy,CCN(CC)CCNc1ccc2ncn3c4c(O)ccc(O)c4c(=O)c1c23,CHEMBL268740
DEC_1834,decoy,Oc1cccc(C2=Cc3cc(O)ccc3C23Cc2ccccc2C3)c1,CHEMBL24950
DEC_3352,decoy,CC1(C)CC(=O)NN=C1c1ccc2nc(C3CC3)n(Cc3ccc(-c4ccccc4-c4nn[nH]n4)cc3)c2c1,CHEMBL283055
DEC_0047,decoy,CCCCc1nc(Cl)c(CC(=O)OC)n1Cc1ccc(NC(=O)CCC(=O)O)cc1,CHEMBL280800
DEC_2208,decoy,COc1cc(Br)c(Nc2nc(C)nc(-c3ccccc3C(F)(F)F)c2N)c(OC)c1,CHEMBL10091
DEC_2864,decoy,COC(=O)CCCOc1cc(CC2=C(c3ccc4c(c3)OCO4)C(=O)OC2(O)c2ccc(OC)cc2)cc(OC)c1OC,CHEMBL69986
DEC_0292,decoy,COc1cc([C@]23OC[C@H](Cc4cc5c(cc42)OCO5)[C@@H]3CO)cc(OC)c1OC,CHEMBL18321
DEC_0041,decoy,CC(=O)NCCCCCNc1ccc(NCCN(C)C)c2c1C(=O)c1ccccc1C2=O,CHEMBL28839
DEC_1518,decoy,CNS(=O)(=O)c1ccc2c(c1)/C(=C/c1[nH]c3c(c1CCCN1CCN(CCO)CC1)CCCC3)C(=O)N2,CHEMBL56109
DEC_2376,decoy,CCCn1c(=O)c2nc(-c3ccc(I)cc3)[nH]c2n(CCC)c1=O,CHEMBL36963
DEC_3052,decoy,NC1=NC(c2ccccc2)Cc2ccsc21,CHEMBL8106
DEC_2411,decoy,COc1nc(C(Cl)(Cl)Cl)c(Cl)c(OC)c1Cl,CHEMBL273124
DEC_1376,decoy,CC(C)[C@H](N)CN1C2CCC1CC(OC(c1ccc(F)cc1)c1ccc(F)cc1)C2,CHEMBL275802
DEC_2515,decoy,CC(=O)N[C@@H](Cc1ccc(OP(=O)(O)O)cc1)C(=O)N[C@@H](CCC(=O)O)c1nc(CC2CCCCC2)cs1,CHEMBL73829
DEC_3011,decoy,CN1C(=O)c2c(F)c(F)c(F)c(F)c2C1=O,CHEMBL11215
DEC_2130,decoy,CC[C@@]1(O)C(=O)OCc2c1cc1n(c2=O)Cc2cc3c(CCN)c(O)ccc3nc2-1,CHEMBL10613
ACT_073,active,C#CCSc1nncn1C(=O)/C=C/c1ccccc1,CHEMBL1470528
DEC_3322,decoy,CCCCc1c(Cc2ccc(-c3ccccc3-c3nn[nH]n3)cc2)c(COC)nn1CC(F)(F)F,CHEMBL21726
DEC_1144,decoy,COc1ccc(C[C@H]2NC(=O)/C=C/C[C@@H](C(O)CCc3ccccc3)OC(=O)[C@H](CC(C)C)OC(=O)CCNC2=O)cc1,CHEMBL9899
DEC_3008,decoy,CN(C)CC#CCCC1SCCCS1,CHEMBL43529
DEC_2483,decoy,CC(C)C1=CC2CC3(C=O)[C@@H]4CC[C@@H](C)[C@H]4CC2(CO[C@H]2CN(CC=C(F)F)[C@H](C)CO2)[C@]13C(=O)O,CHEMBL30545
DEC_0755,decoy,CC(C)(C)C(=O)OCc1cc(C(C)(C)C)ccc1C/N=C(\S)NCc1ccc(NS(C)(=O)=O)c(F)c1,CHEMBL46233
ACT_009,active,Nc1cc[n+](Cc2ccc(OC(c3ccccc3)c3ccccc3)cc2)cc1,CHEMBL48016
DEC_3424,decoy,CC[C@@]1(OC(=O)CCC(NC(=O)CC[C@H](N)C(=O)O)C(=O)O)C(=O)OCc2c1cc1n(c2=O)Cc2cc3ccccc3nc2-1,CHEMBL56683
DEC_2245,decoy,CC(=O)Nc1ccc2[nH]c3c(N4CCN(CCc5ccc(F)c(F)c5)CC4)ncnc3c2c1,CHEMBL287181
DEC_2931,decoy,CC(C)[C@H](NC(=O)C(=O)Nc1ccc(Cl)c2ccccc12)C(=O)N[C@@H](CC(=O)O)C(=O)COc1c(F)c(F)cc(F)c1F,CHEMBL313158
DEC_2060,decoy,O=C(CCc1ccc(C(=O)NC[C@H](NS(=O)(=O)c2ccc(C(F)(F)F)cc2)C(=O)O)s1)NC1=NCCCN1,CHEMBL63943
DEC_1426,decoy,CC(C)N1CCN(C(C)C)C(CC2=NCCN2)C1,CHEMBL41097
DEC_2667,decoy,Cc1c(C(=O)N[C@H](C)[C@](O)(Cn2cncn2)c2ccc(F)cc2F)cnn1-c1cccc(C(F)(F)F)c1,CHEMBL55251
DEC_3205,decoy,CN(C)CCC1=C/C(=C\c2cccnc2)c2ccccc21,CHEMBL21508
DEC_3080,decoy,COc1ccc(C2(C(F)(F)F)N=N2)cc1CN[C@H]1CCCN[C@H]1c1ccccc1,CHEMBL25492
DEC_0389,decoy,Cc1ccc(Nc2cc3c(cc2Nc2ccc(C)cc2)C(=O)NC3=O)cc1,CHEMBL7914
DEC_3350,decoy,CCc1cc(NCc2ccc(-c3ccccc3-c3nn[nH]n3)cc2)c(I)c(CC)n1,CHEMBL33459
DEC_3742,decoy,Cc1nc(O)c2cc(CN(C)c3ccc(C(=O)N[C@H](CCC(=O)O)C(=O)O)s3)ccc2n1,CHEMBL290718
DEC_2541,decoy,Cc1cn(C[C@@H](CC(=O)O)NC(=O)OCc2ccccc2)c(=O)nc1NCCCCNc1nc2ccccc2[nH]1,CHEMBL47960
DEC_1284,decoy,CCN(CC)CCN(C)Cc1c(C(C)(C)C)nc2n(Cc3ccccc3F)c(C)c(-c3cccc(OC)c3)c(=O)n12,CHEMBL48806
DEC_3379,decoy,CO[C@]1(OC(=O)CCCN(C)C)CC2O[C@]1(C)n1c3ccccc3c3c4c(c5c6ccccc6n2c5c31)C(=O)NC4,CHEMBL291556
DEC_1082,decoy,CC(C)Nc1nc(N2CCN(C)CC2)nc(Cl)c1Br,CHEMBL31950
DEC_0140,decoy,COc1ccc2nc3c(c(C)nn3[C@H]3CN(Sc4ccc([N+](=O)[O-])cc4)C[C@@H](C/C=C/C(C)=O)O3)c(Cl)c2c1,CHEMBL59515
DEC_0617,decoy,CC1Cc2c(OCc3ccc(-c4ccccc4)cn3)ccc3c2c(c(CCOCC(=O)O)n3Cc2ccc(Cl)cc2)S1,CHEMBL16283
DEC_0869,decoy,CC(=O)Nc1ccc(CCn2ncc3c2nc(N)n2nc(-c4ccco4)nc32)cc1,CHEMBL22500
DEC_1734,decoy,CC(N)c1ccc([C@H]2C[C@H](SC3=C(C(=O)O)N4C(=O)[C@H]([C@@H](C)O)[C@H]4[C@H]3C)CN2)cc1,CHEMBL17699
DEC_3266,decoy,O=C(O)CCCC(=O)N1CCC2(CCC(C(=O)N3CCC(C4CCNCC4)CC3)CC2)CC1,CHEMBL26294
DEC_1088,decoy,CC(C)CCCc1nc2c([nH]1)N1C[C@@H](C(C)C)N=C1N(C)C2=O,CHEMBL18524
DEC_3778,decoy,CC1=C(CCCCc2ccc(C(=O)N[C@@H](CCC(=O)O)C(=O)O)cc2)C(O)NC(N)=N1,CHEMBL13641
DEC_2851,decoy,O=C1O/C(=C/Cn2cnc3c(Cl)ncnc32)C(OCc2ccc([N+](=O)[O-])cc2)=C1OCc1ccc([N+](=O)[O-])cc1,CHEMBL49031
DEC_1509,decoy,Nc1ncc(Cc2cccc(I)c2)c(N)n1,CHEMBL29712
DEC_1535,decoy,O=C(O)c1cn(C2CC2)c2cc(N3CCN(CC(P(=O)(O)O)P(=O)(O)O)CC3)c(F)cc2c1=O,CHEMBL52306
DEC_1414,decoy,C=C1[C@H](CO)[C@@H](O)C[C@@H]1n1cnc2c(N)ncnc21,CHEMBL27445
DEC_0157,decoy,Nc1nc2ccnc(-c3ccc[n+]([O-])c3)n2n1,CHEMBL280914
DEC_2416,decoy,CC12C=CC(=O)C=C1[C@H]1CC1C1C2CCC2(C)C1CCC21CCC(=O)O1,CHEMBL12803
DEC_3470,decoy,CCCCc1ccc(Nc2nc(S)c3ncn(COCCO)c3n2)cc1,CHEMBL16219
DEC_3125,decoy,CCN(CC)CCCNc1ncc2cc(-c3c(Br)cccc3Br)c(N)nc2n1,CHEMBL56958
DEC_3621,decoy,O=S(=O)(Nc1ccc(CCNC[C@H](O)c2cccnc2)cc1)c1ccc(-c2coc(Cc3ccc(F)c(F)c3)n2)cc1,CHEMBL289689
DEC_0063,decoy,N#CC1CCN(CCCN2CCC(C#N)CC2)CC1,CHEMBL10298
DEC_3763,decoy,COc1ccc(CCNCC(O)COc2ccc(-c3nc(C(N)=O)c[nH]3)cc2)cc1OC,CHEMBL11427
DEC_1782,decoy,Cc1nc(S(=O)(=O)c2ccc(Cl)cc2)sc1C(=O)N[C@H](C)[C@](O)(Cn1cncn1)c1ccc(F)cc1F,CHEMBL299841
DEC_1132,decoy,COc1ccc(C[C@H]2NC(=O)/C=C/C[C@@H](C(O)/C=C/c3ccccc3)OC(=O)[C@H](CC(C)C)OC(=O)CCNC2=O)cc1,CHEMBL274576
DEC_1365,decoy,CN(C)CCCn1cc(C2=C(c3c[nH]c4ccccc34)C(=O)NC2=O)c2ccccc21,CHEMBL7463
DEC_1949,decoy,Cc1[nH]c(/C=C2\C(=O)Nc3ccc(F)cc32)c(C)c1C(=O)NCc1ccncc1,CHEMBL268731
DEC_3264,decoy,C[C@@H](NC(=O)[C@@H](N)Cc1ccc(O)cc1)C(=O)NCC(=O)N[C@@H](Cc1ccccc1)C(=O)NNC(=O)[C@H](N)Cc1ccc(O)cc1,CHEMBL432041
ACT_001,active,N=C(N)NOCCCOc1cc(Cl)cc(C(=O)N(CCc2ccncc2)CC2CC2)c1,CHEMBL126096
DEC_2903,decoy,CC(C)(C)NC(=O)[C@@H]1CCCCN1C[C@@H](O)[C@H]1Cc2ccc(cc2)OCCCC(=O)NC(CC(N)=O)C(=O)N1,CHEMBL84650
DEC_2090,decoy,N=C(N)NCCCC(NS(=O)(=O)c1cccc2ccccc12)C(=O)N(CC(=O)O)CC1CCCO1,CHEMBL26407
DEC_3581,decoy,Nc1cc(Cl)c(N=C2NCCN2)c(Cl)c1,CHEMBL647
DEC_3217,decoy,C[C@@H](Sc1nc(N)cc(Cl)n1)c1cc2ccoc2cn1,CHEMBL26752
DEC_2996,decoy,CC1(C)OC(/C=C/c2ccc(F)c(F)c2)=CC1=O,CHEMBL18521
DEC_3102,decoy,OC(Cn1cncn1)(c1ccc(F)cc1)C(O)(c1ccccc1)c1ccc(F)cc1,CHEMBL10544
DEC_3219,decoy,Nc1nc(N)c2c(Sc3ccc(Cl)c(Cl)c3)cccc2n1,CHEMBL427605
DEC_3875,decoy,Cc1cnsc1C(c1ccc(CC(C)C)cc1)N1CCN(CCO)CC1,CHEMBL279713
ACT_048,active,CC(C)c1ccc(NC(S)=Nc2ccc3c[nH]nc3c2)cc1,CHEMBL1501618
ACT_050,active,N=C(N)c1ccc(C2Cc3ccccc3B(O)O2)cc1OCc1ccccc1Cl,CHEMBL4535907
DEC_0599,decoy,CO/N=C(\COCc1ccc(C(C)(C)C)cc1)C(CCN1CCC(O)(c2ccccc2)CC1)c1ccc(Cl)c(Cl)c1,CHEMBL284145
DEC_0252,decoy,C1CN1P1(N2CC2)=NP(N2CC2)(N2CC2)=NP(N2CC2)(N2CC2)=N1,CHEMBL25805
DEC_0958,decoy,O=C(N[C@H]1c2ccccc2C[C@H]1O)[C@H](Cc1ccccc1)C[C@H](O)CN1C(=O)C2(CCOCC2)C[C@@H]1Cc1ccccc1,CHEMBL333821
DEC_0800,decoy,Clc1nc(-c2ccco2)c2ncn(C3CCOCC3)c2n1,CHEMBL27623
DEC_3901,decoy,Cc1c(-c2ccccc2F)c(=O)n(CCN(C)CCc2ccccn2)c(=O)n1Cc1c(F)cccc1F,CHEMBL277439
DEC_1981,decoy,COCCN(CCOC)c1nc2cc(-c3ccc(Cl)cc3)nnc2c2ccccc12,CHEMBL281405
DEC_2888,decoy,CCNC(=O)[C@@]12C[C@@H]1[C@@H](n1cnc3c(N)ncnc31)[C@H](O)[C@@H]2O,CHEMBL27443
DEC_2396,decoy,CC1(C)OC(S)=Nc2ccc(-c3cc(C#N)cc(C#N)c3)cc21,CHEMBL429056
DEC_3630,decoy,CCCCc1nc(Cl)c(CC(=O)O)n1Cc1ccc(NC(=O)[C@H](Cc2ccccc2)n2cccc2C(=O)O)cc1,CHEMBL297653
DEC_4111,decoy,OC(c1ccc(F)cc1)(c1ccc(F)cc1)C1CCN(CCCC2OCOC2c2ccccc2)CC1,CHEMBL18072
DEC_2759,decoy,NC1=NC(c2cccs2)Cc2ccsc21,CHEMBL8041
DEC_2828,decoy,COc1cc2c(cc1OC)-c1cc(N(c3c(C)cc(C)cc3C)C(C)C)nc(=O)n1CC2,CHEMBL35855
DEC_1448,decoy,NCCc1c[nH]c2ccc(Cc3nc(N)no3)cc12,CHEMBL37317
DEC_0340,decoy,CCOC(=O)N[C@@H](c1ccoc1)[C@@H](O)C(=O)OC1CC2C(C)(C)C1(C)[C@@]13C[C@H](C)c4ccccc4[C@@]21O3,CHEMBL286209
DEC_4116,decoy,Cc1ccc2cccc(OCc3c(C)ccc(N4CCC[C@H]4CN4C(=O)c5ccccc5C4=O)c3C)c2n1,CHEMBL292582
DEC_1893,decoy,O=C(O)c1ccc2ccc(/C=C/c3cc(Br)c(O)c(Br)c3)nc2c1O,CHEMBL39301
DEC_3650,decoy,CCCC(=O)Nc1ccc(-c2nc3n(Cc4ccccc4F)cc(C(=O)OC(CC)CC)c(=O)n3c2CN(C)CC#N)cc1,CHEMBL70276
DEC_1650,decoy,Cn1cc(C2=C(c3cn(CCC/N=C(\N)N[N+](=O)[O-])c4ccccc34)C(=O)NC2=O)c2ccccc21,CHEMBL6279
DEC_0267,decoy,CCCc1c(O)n(Cc2cccs2)c2nc3c(c(=O)n(C)c(=O)n3C)n2c1=O,CHEMBL413088
DEC_1976,decoy,CCCC1=C[C@@]2(OC)C(=C/C1=N/OC)O[C@H](c1ccc(OC)c(OC)c1)[C@H]2C,CHEMBL30465
DEC_3830,decoy,COC1(c2cc(F)cc(Sc3ccc4c(c3)CC/C4=N\O)c2)CCOCC1,CHEMBL28066
DEC_0853,decoy,OCCOCCN1CCN(C2=Nc3ccccc3Sc3ccccc32)CC1,CHEMBL716
DEC_3855,decoy,c1ccc(-c2nc(CCn3c(-c4cscn4)nc4ccccc43)no2)cc1,CHEMBL21462
DEC_1896,decoy,CC(C)=CCC(OC(=O)c1ccc2ccccc2c1)C1=CC(=O)c2c(O)ccc(O)c2C1=O,CHEMBL416387
DEC_1501,decoy,CC(=O)O[C@H](CC=C(C)C)C1=CC(=O)c2c(O)ccc(O)c2C1=O,CHEMBL403516
DEC_0651,decoy,CCc1c2c(nc3ccc4c(c13)N(C)CCO4)-c1cc3c(c(=O)n1C2)COC(=O)[C@]3(O)CC,CHEMBL288053
ACT_003,active,Oc1cc(O)c2cc(O)c(-c3ccc(O)c(O)c3)[o+]c2c1,CHEMBL404515
DEC_0496,decoy,CC(=O)NCCCNc1ccc(NCCN(C)C)c2c1C(=O)c1ccccc1C2=O,CHEMBL28771
DEC_4097,decoy,CC(Cc1c[nH]c2ccccc12)(NC(=O)OC1[C@H]2C[C@@H]3C[C@@H](C[C@H]1C3)C2)C(=O)SCCc1ccccc1,CHEMBL288038
DEC_3873,decoy,COc1ccc(COc2ccc(-c3nn(CCC#N)c(=S)o3)cc2)cc1,CHEMBL16278
DEC_2697,decoy,CCCCc1nc2ccc(C3=NNC(=O)CC3C)cc2n1Cc1ccc(-c2ccccc2-c2nn[nH]n2)cc1,CHEMBL25989
DEC_1632,decoy,COc1ccc(Cn2c(=O)[nH]c3c(=O)n(CC(=O)NC(C(=O)C(F)(F)F)C(C)C)ccc3c2=O)cc1,CHEMBL416159
DEC_3222,decoy,CC(C)c1ccccc1C(c1ccns1)N1CCN(C)CC1,CHEMBL22437
DEC_1069,decoy,CC(C)(C)c1cc(-c2nnc(SCCC(=O)O)s2)cc(C(C)(C)C)c1O,CHEMBL16753
DEC_2222,decoy,CCc1nc2c(n1Cc1ccc(-c3ccccc3-c3nn[nH]n3)cc1)C(O)(CC(=O)O)CCCC2,CHEMBL43530
DEC_2199,decoy,OC[C@@]1(CCCc2ccccc2)CC2C3Cc4ccc(O)c5c4C2(CCN3CC2CC2)C(O5)[C@@H]1O,CHEMBL275125
DEC_0313,decoy,C[C@@H]1CC2C3CCC4=CC(=O)C=CC4(C)[C@@]3(F)C(O)CC2(C)[C@@]1(OC(=O)c1ccoc1)C(=O)CCl,CHEMBL40756
DEC_1230,decoy,C#CCONC(=O)O[C@H]1[C@@H](O)[C@H](Oc2ccc3c(O)c(/C(C)=N/OCCN4CCOCC4)c(=O)oc3c2C)OC(C)(C)[C@@H]1OC,CHEMBL289829
DEC_0688,decoy,CCN(CC)Cc1ccn(-c2cc3c(cc2C(F)(F)F)[nH]c(=O)c(=O)n3CC(=O)O)c1,CHEMBL274219
DEC_2655,decoy,Cc1ccc2c(c1)N(CC(=O)NC(C)(C)C)C(=O)[C@H](NC(=O)Nc1cccc(C(=O)O)c1)C[C@@H]2c1ccccc1,CHEMBL301261
DEC_3825,decoy,c1ccc(CNCCN(CCNC2C3CC4CC(C3)CC2C4)CCNC2C3CC4CC(C3)CC2C4)cc1,CHEMBL424401
DEC_2039,decoy,CC(=O)N[C@@H](Cc1ccc(OP(=O)(O)O)cc1)C(=O)N[C@H]1CCC(=O)N2CCC[C@@H](C(=O)NCC(C)(C)C)N2C1=O,CHEMBL30157
DEC_0285,decoy,CCCc1c(O)n(Cc2cccs2)c2nc3c(n2c1=O)C(=O)N(C)CN3C,CHEMBL14133
DEC_1157,decoy,CC(C)(C)NC(=O)[C@@H]1C[C@@H]2CCCC[C@@H]2CN1C[C@@H](O)[C@H](Cc1ccccc1)NC(=O)C1CO[C@H]2CCS(=O)(=O)[C@H]2C1,CHEMBL17853
DEC_2681,decoy,Nc1ncnc2c1ncn2CCOCP(=O)(OCC(Cl)(Cl)Cl)OCC(Cl)(Cl)Cl,CHEMBL54330
DEC_2119,decoy,CC(C)(C)c1ccc(S(=O)(=O)c2ccc(-n3ncc(=O)[nH]c3=O)cc2)cc1,CHEMBL28379
DEC_3318,decoy,COC1[C@@H](Cn2cncn2)[C@H](COc2ccc(OC(C)(C)C)cc2)CC[C@@]1(C)CCn1ccnc1,CHEMBL300043
DEC_4067,decoy,CCCCc1nc2ccc(NC)cc2c(=O)n1Cc1ccc(-c2ccccc2-c2nn[nH]n2)cc1,CHEMBL24053
DEC_0046,decoy,CC(=O)NCCCCNc1ccc(NCCN(C)C)c2c1C(=O)c1ccccc1C2=O,CHEMBL28658
DEC_3327,decoy,Cc1ccccc1OP(=O)(COCCOn1cnc2c(N)ncnc21)Oc1ccccc1C,CHEMBL282543
DEC_0303,decoy,Cc1cc(C)cc(COC(=O)[C@H](Cc2c[nH]c3ccccc23)[N+](C)(C)C)c1,CHEMBL281804
DEC_0593,decoy,Cc1ccc2cccc(OCc3c(Cl)ccc(N(C)C(=O)Cc4ccc(C(=O)Cc5ccccc5)n4C)c3Cl)c2n1,CHEMBL26422
DEC_2162,decoy,CCCCN(CC(=O)O)C(=O)C(CCCN=C(N)N)NS(=O)(=O)c1cccc2c(N(C)C)cccc12,CHEMBL25241
DEC_0770,decoy,O=C(NC(Cc1c[nH]c2ccccc12)C(=O)OC(CO)Cc1ccccc1)OC1[C@H]2C[C@@H]3C[C@@H](C[C@H]1C3)C2,CHEMBL37903
DEC_3164,decoy,C=C[C@@H]1C2CCC(C[C@@H]1c1ccc(Cl)cc1)N2C,CHEMBL281288
DEC_2927,decoy,O=C(O)CCC[C@H](NC(=O)Nc1cc(F)c(N(CCI)CCI)c(F)c1)C(=O)O,CHEMBL91614
DEC_1325,decoy,CN1CCN(Cc2cc(Nc3cc(C(F)(F)F)nc(/N=C(\N)Nc4ccc(Cl)cc4)n3)ccc2O)CC1,CHEMBL22936
DEC_3591,decoy,C[C@]12CC/C(=N\N=C(N)N)C=C1CC[C@@H]2/C=C/[N+](=O)[O-],CHEMBL285842
DEC_0036,decoy,COc1cc(Cc2cnc(N)nc2N)cc(OCCCCCCC(=O)O)c1Br,CHEMBL31713
DEC_0619,decoy,Cc1cncc(C)c1CC(c1ccc(C(O)(C(F)(F)F)C(F)(F)F)cc1)c1ccc(OCF)c(OC(F)F)c1,CHEMBL68865
DEC_1653,decoy,C#CCN(Cc1ccc2nc(C)nc(O)c2c1)c1ccc(C(=O)N[C@H](CCC(N)=O)C(=O)O)cc1,CHEMBL266509
DEC_1516,decoy,C=CCNC(=O)[C@@H]1CSCc2c(O)cc(OC)c(C)c2C(=O)OC[C@H](NC(=O)OC(C)(C)C)C(=O)N1,CHEMBL36859
DEC_0184,decoy,O=NN(CCF)C(=O)NC1CCCCC1O,CHEMBL448469
DEC_0739,decoy,CC(C)(C)COc1cc(C(C)(C)C)ccc1C/N=C(\S)NCc1ccc(NS(C)(=O)=O)c(F)c1,CHEMBL43723
DEC_2978,decoy,CC(=O)O[C@H]1O[C@@H]2O[C@@H](OC(C)=O)[C@@H]3CC[C@H]([C@@H]1C)[C@H]23,CHEMBL11492
DEC_1023,decoy,COc1cc(OC2CCN(C3CCCc4c3ccc[n+]4[O-])CC2)ccc1C(=O)N1CCC(N2C(=O)OCc3ccccc32)CC1,CHEMBL69201
DEC_4068,decoy,CCCCc1nc2ccc(COC)cc2c(=O)n1Cc1ccc(-c2ccccc2-c2nn[nH]n2)cc1,CHEMBL14951
DEC_0039,decoy,CCCCc1nc(Cl)c(CC(=O)OC)n1Cc1ccc(NC(=O)/C=C\C(=O)O)cc1,CHEMBL279747
ACT_098,active,CN(c1cccc(OCCNc2ccncc2)c1)S(=O)(=O)c1ccccc1,CHEMBL282549
DEC_3721,decoy,CC(C)[C@H](NC(=O)CCc1ccccc1)C(=O)N[C@@H](C)C(=O)NN(CC(=O)O)C(=O)[C@@H]1O[C@H]1C(=O)NCc1ccccc1,CHEMBL288154
DEC_3428,decoy,CC[C@H](C)CC(=O)NS(=O)(=O)CC(=O)N[C@@]1(C(=O)OC)[C@@H](OC(=O)C[C@@H](C)CC)C[C@H]2C(C(N)=O)=CN(C)C[C@H]21,CHEMBL75218
DEC_1554,decoy,C[C@@H](O)[C@H]1C(=O)N2C(C(=O)O)=C(S[C@@H]3CN[C@H](CSc4nnnn4-c4ccccc4)C3)[C@H](C)[C@H]12,CHEMBL284420
DEC_0792,decoy,N#Cc1ccc(NC2=C(Cl)C(=O)c3ccncc3C2=O)cc1,CHEMBL11221
DEC_0197,decoy,CN(C)c1ccc2c(c1)CN1CC(=O)NC1=N2,CHEMBL32455
DEC_0809,decoy,O=C1C=CC2C3Cc4ccc(O)c5c4C2(CCN3CC2CC2)C1O5,CHEMBL29772
DEC_0918,decoy,CCCCC(C)(C)[C@H](O)/C=C/C1[C@H](O)C[C@@H]2OC(=O)CCC/C=C\C[C@H]12,CHEMBL12741
DEC_0232,decoy,Nc1ncnc2c1ncn2[C@H]1CC[C@@H](CO)O1,CHEMBL23094
DEC_0803,decoy,N#Cc1ccc(-c2nnc3c4ccccc4c(N4CCCC4)nn23)cc1,CHEMBL14018
DEC_0452,decoy,CC(C)C1=CC2CC3(C=O)[C@@H]4CC[C@@H](C)[C@H]4CC2(CO[C@H]2CN(S(=O)(=O)C4CC4)[C@H](C)CO2)[C@]13C(=O)O,CHEMBL33928
DEC_3453,decoy,COc1ccc(CCNC(=O)C(=O)[C@H](CCCN=C(N)N)NC(=O)[C@@H]2CCN3CC[C@@](N)(Cc4ccccc4)CN23)cc1,CHEMBL29309
DEC_3077,decoy,C=CC(=O)Nc1ccc2ncnc(Nc3ccc(CN(C)C)c(Br)c3)c2c1,CHEMBL283201
DEC_0446,decoy,COC[C@H]1O[C@@H](OCC23C[C@@H]4[C@H](C)CC[C@H]4C4(C=O)CC2C=C(C(C)C)C34C(=O)O)[C@H]2O[C@H]2[C@@H]1OC,CHEMBL283188
DEC_0965,decoy,CCN(CCCCNC(=O)[C@H]1CCC2C3CCC4NC(=O)C=C[C@]4(C)C3CC[C@@]21C)c1ccc2c(=O)[nH][nH]c(=O)c2c1,CHEMBL60677
DEC_0484,decoy,CCCCc1nc(C(N)=O)c(C(N)=O)n1Cc1ccc(-n2cccc2-c2nn[nH]n2)cc1,CHEMBL276381
DEC_1130,decoy,CN(C)CCCNC1CC(=O)N([C@H]2CC3CC[C@]2(CS(=O)(=O)N2CCC4(CCc5ccccc54)CC2)C3(C)C)C1=O,CHEMBL278377
DEC_0725,decoy,C[C@@H](O)[C@H]1C(=O)N2C(C(=O)O)=C(S[C@@H]3CN[C@@H](c4ccc(CCN)cc4)C3)[C@H](C)[C@H]12,CHEMBL278723
DEC_1252,decoy,COc1ccc(S(=O)(=O)N(Cc2ccc3c(c2)OCO3)[C@H](CCC(=O)N2CCN(Cc3ccccn3)CC2)C(=O)NO)cc1,CHEMBL311460
DEC_3167,decoy,c1cnc(NC2c3ccccc3Oc3ccccc32)nc1,CHEMBL281823
DEC_2653,decoy,CC1=C(C(=O)NCCCN2CCC(C#N)(c3ccccc3C#N)CC2)[C@@H](c2ccc(F)c(F)c2)CC(=O)N1,CHEMBL44042
DEC_0704,decoy,Nc1ncnc2c1ncn2CC(O)CN1CCN(C(c2ccccc2)c2ccccc2)CC1,CHEMBL431485
DEC_2121,decoy,O=C1CCC2(O)C3Cc4ccc(O)c5c4C2(CCN3C2CCCCC2O)C1O5,CHEMBL282727
DEC_1844,decoy,c1ccc2cc(CNCCc3c[nH]c4ccccc34)ccc2c1,CHEMBL8045
DEC_1179,decoy,Nc1ccc(CCCn2ncc3c2nc(N)n2nc(-c4ccco4)nc32)cc1,CHEMBL281805
DEC_3242,decoy,C[C@@]12CCC3=C(CCO3)C1CC[C@@]13CC(CCC12)[C@@](O)(CO)C3,CHEMBL31114
DEC_1996,decoy,CCCCc1nc(Cc2ccc(-c3ccccc3-c3nn[nH]n3)cc2)nn1CCCC,CHEMBL12663
DEC_3491,decoy,CC(C)NCC(O)COc1ccc(Cc2nc(Br)c[nH]2)cc1,CHEMBL11125
DEC_1450,decoy,CNc1nc(Cl)c(C)c(N2CCN(C)CC2)n1,CHEMBL32777
DEC_1609,decoy,CO[C@@H]1[C@@H](OC(=O)c2ccc(C)[nH]2)[C@@H](O)[C@H](Oc2ccc3c(N4CCN(C)CC4)c(Cl)c(=O)oc3c2C)OC1(C)C,CHEMBL36422
DEC_2238,decoy,CSc1nccc(N[C@@H](Cc2ccc(NC(=O)c3c(Cl)cncc3Cl)cc2)C(=O)O)n1,CHEMBL40311
DEC_0503,decoy,CC(C)S(=O)(=O)Nc1ccc(CCNC[C@H](O)COc2ccc(O)cc2)cc1,CHEMBL13238
DEC_3276,decoy,CCC(O)(C(=O)OCC1=CCN2CC[C@H](OC(=O)C(O)(CC)c3ccccc3)[C@@H]12)c1ccccc1,CHEMBL39527
DEC_1187,decoy,CC[C@@]1(O)C(=O)OCc2c1cc1n(c2=O)Cc2cc3c(C=O)c(O)ccc3nc2-1,CHEMBL10364
DEC_2092,decoy,CN(CC(=O)O)C(=O)CNC(=O)[C@H](Cc1ccccc1)NC(=O)CNC(=O)CCc1ccc(O)cc1,CHEMBL44307
DEC_1543,decoy,O=C(NCCCC(=O)N1CCN(C(=O)N2C(=O)[C@H](CC3CCNCC3)[C@H]2C(=O)O)CC1)OCc1ccccc1,CHEMBL69558
DEC_4156,decoy,COc1ccc(CCCCNCCOc2ccc(F)c3c2OCCC3)cc1,CHEMBL278806
DEC_2958,decoy,CNc1nc(N2CCN(C)CC2)nc(Cl)c1SC,CHEMBL27962
DEC_3407,decoy,O=c1c2ccccc2c2ccccc2n1CC#Cc1cc2c(s1)-n1c(CO)nnc1CN=C2c1ccccc1Cl,CHEMBL19917
DEC_0350,decoy,C=C1C[C@@]23O[C@]2(c2ccccc21)C1CC(OC(=O)[C@H](O)[C@@H](NC(=O)OCC)c2ccc(C)cc2)C3(C)C1(C)C,CHEMBL280644
DEC_2884,decoy,C=C1CCOC2([C@@H](O)[C@@](C)(O)CO)NC(=O)[C@@]1(N(C)C)NC2=O,CHEMBL278871
DEC_4151,decoy,C=CCN(CC=C)S(=O)(=O)NC(=O)Nc1c(C(C)C)cccc1C(C)C,CHEMBL22223
DEC_2301,decoy,CC/C=C/C(=O)O[C@H](CC=C(C)C)C1=CC(=O)c2c(O)ccc(O)c2C1=O,CHEMBL267275
DEC_4153,decoy,CN(C)CCCn1c2c(c3ccccc31)CCN(CCCc1cccnc1)C2,CHEMBL12523
DEC_1753,decoy,CCOc1c(N2CCC(C)(CN)C2)c(F)c(N)c2c(=O)c(C(=O)O)cn(C3CC3)c12,CHEMBL15480
DEC_2466,decoy,COc1ccc2c3c1OC1[C@H](O)[C@](CO)(CCc4ccccc4)CC4C(C2)N(CC2CCC2)CCC341,CHEMBL273447
DEC_3309,decoy,C[C@H](N)C(=O)N[C@@H]1CN(c2cc3c(cc2F)c(=O)c(C(=O)O)cn3-c2ccc(F)cc2F)[C@H]1C,CHEMBL280163
DEC_3399,decoy,CCSCc1ccc2c(c1)c1c3c(c4c5ccccc5n5c4c1n2[C@@]1(C)O[C@@H]5C[C@]1(O)C(=O)OC)C(=O)NC3,CHEMBL288229
DEC_4090,decoy,OC1(C2(CCC#CCN3CCCCC3)SCCCS2)c2ccccc2Sc2ccc(Cl)cc21,CHEMBL295510
DEC_0570,decoy,N#Cc1c2n(c3c(N4CCN(CCc5ccc(Cl)cc5)CC4)ncnc13)CCCC2,CHEMBL282610
DEC_0750,decoy,N#CCCCCC1(C(=O)N[C@@H](Cc2ccc(NC(=O)c3c(Cl)cccc3Cl)cc2)C(=O)O)CCCC1,CHEMBL311546
DEC_0654,decoy,Cc1onc(-c2ccccc2Cl)c1C(=O)N[C@@H]1C(=O)N2[C@@H]1[S+]([O-])C(C)(C)[C@@H]2C(=O)O,CHEMBL281317
DEC_3496,decoy,O=C(O)CC/C=C\C[C@@H]1[C@@H](NS(=O)(=O)c2ccc(Cl)cc2)CC[C@@H]1O,CHEMBL279478
DEC_0336,decoy,CSc1nnc([C@@H]2C[C@@H](S)CN2S(=O)(=O)c2ccc(C(F)(F)F)cc2)n1-c1ccccc1,CHEMBL50772
DEC_4093,decoy,COC1(OC)C=CC(C2(C3=CCC(OC)(OC)C=C3)Sc3ccc(C(F)(F)F)cc3-n3cccc32)=CC1,CHEMBL281311
DEC_3961,decoy,CC(C)C[C@H](O)[C@H](O)[C@H](CC1CCCCC1)NC(=O)CCC(O)[C@@H]1Cc2ccccc2CN1C(=O)OC(C)(C)C,CHEMBL62012
DEC_0352,decoy,CC1CC2C3CCC4=CC(=O)C=CC4(C)[C@@]3(Cl)C(Cl)CC2(C)[C@@]1(OC(=O)c1cccs1)C(=O)CO,CHEMBL10679
DEC_3472,decoy,NCC/N=C(\S)Nc1cccc(Cl)c1Cl.O=C(O)/C=C\C(=O)O,CHEMBL32565
DEC_1755,decoy,CCc1cc(C(C)=O)c(O)cc1OCc1cccc(C(=O)N[C@@H](CO)C(=O)O)n1,CHEMBL35067
ACT_043,active,COc1ccc(-n2nc(Cn3ncnn3)c3c2C(=O)N(c2ccc(-c4ccccc4CN4CC[C@@H](O)C4)cc2)CC3)cc1,CHEMBL395373
DEC_0675,decoy,CC1=C(C(=O)OC(c2ccccc2)c2ccccc2)N2C(=O)[C@@H](NC3=NC4CC4N3)C2SC1,CHEMBL416710
DEC_3159,decoy,CSc1ccc(N(CCCl)CCCl)cc1,CHEMBL273595
DEC_2691,decoy,C=CCOc1ccc(CC[C@](C)(O)[C@H]2C[C@@]34C=C[C@]2(OC)[C@@H]2Oc5c(OC)ccc6c5C23CCN(C)C4C6)cc1,CHEMBL59280
DEC_2281,decoy,C[C@@H](/N=c1\c(O)c(O)\c1=N/c1ccc(C#N)cc1Br)C(C)(C)C,CHEMBL278485
DEC_0744,decoy,CC(C)CC(NC(=O)CCC(NC(=O)c1cc(Cl)cc(Cl)c1)C(=O)N1CCC2(CCCC2)CC1)C(=O)O,CHEMBL281507
DEC_1707,decoy,COc1ccccc1-c1ccc(C[C@H](NC(=O)[C@@H]2CSCN2S(C)(=O)=O)C(=O)O)cc1,CHEMBL30083
DEC_0694,decoy,C[C@@H](O)[C@H]1C(=O)N2C(C(=O)O)=C(S[C@@H]3CN[C@@H](c4ccc(C(C)(C)N)cc4)C3)[C@H](C)[C@H]12,CHEMBL17917
DEC_2133,decoy,CC[C@]12O[C@H]1Cc1c(O)c3c(c(O)c1[C@H]2C(=O)OC)C(=O)c1cccc(O)c1C3=O,CHEMBL21872
DEC_2733,decoy,Cc1c(C)c2c(c(C)c1O)SC(CCCO)O2,CHEMBL38172
DEC_4229,decoy,COC(=O)/C=C\C(=O)N[C@@H]1CCC2(O)C3Cc4ccc(O)c5c4C2(CCN3CC2CC2)[C@H]1O5,CHEMBL22163
DEC_1402,decoy,CCN(CC)CCNC(=O)c1c(C)[nH]c(/C=C2\C(=O)Nc3ccc(Cl)cc32)c1C,CHEMBL13485
DEC_3884,decoy,O=C1[C@H]2Cc3c([nH]c4ccccc34)[C@@H](c3ccc4c(c3)OCO4)N2C(=O)CN1[C@@H]1CCN(CCc2cnccn2)C1,CHEMBL33121
DEC_2405,decoy,CC12C=CC(=O)C=C1C=CC1C2CCC2(C)C1CCC21CCC(=O)O1,CHEMBL13148
DEC_0408,decoy,Cc1c(-c2ccc(O)cc2)n(Cc2ccc(O)cc2)c2ccc(O)cc12,CHEMBL30235
DEC_3993,decoy,O=C(NC[C@@H]1Cc2ccccc2CN1/C(S)=N/C[C@H]1CCCN1Cc1cccc(O)c1)Nc1ccccc1,CHEMBL41736
DEC_1916,decoy,CCC/C=C/C(=O)O[C@H](CC=C(C)C)C1=CC(=O)c2c(O)ccc(O)c2C1=O,CHEMBL9266
DEC_0661,decoy,CC[C@@]1(O)C(=O)OCc2c1cc1n(c2=O)Cc2cc3c4c(cc(CN(C)C)c3nc2-1)OCCN4,CHEMBL297040
DEC_1303,decoy,CC(C)C1=CC2CC3(C=O)[C@@H]4CC[C@@H](C)[C@H]4CC2(CO[C@H]2CN(Cc4ccccc4Cl)[C@H](C)CO2)[C@]13C(=O)O,CHEMBL283194
DEC_2224,decoy,COc1cc2c(Nc3cc(O)c(Cl)cc3F)ncnc2cc1OCC1CCN(C)CC1,CHEMBL24409
DEC_0700,decoy,C/C(N)=N/Cc1ccc([C@H]2C[C@H](SC3=C(C(=O)O)N4C(=O)[C@H]([C@@H](C)O)[C@H]4[C@H]3C)CN2)cc1,CHEMBL17658
DEC_4110,decoy,CCN(c1nc(C)cc(-c2ccccc2C(F)(F)F)n1)c1ccc(S(C)(=O)=O)cc1Br,CHEMBL275738
DEC_1258,decoy,COc1ccc(S(=O)(=O)N(Cc2ccc3c(c2)OCO3)[C@H](CCC(=O)N2CCN(c3ccccn3)CC2)C(=O)NO)cc1,CHEMBL306995
DEC_2920,decoy,CC(C)[C@@H]1NC(=O)CCCCCOc2ccc(cc2)C[C@@H]([C@H](O)CN(CCCCCC(=O)O)S(=O)(=O)c2ccc(N)cc2)NC1=O,CHEMBL296992
DEC_1944,decoy,CCOc1c(N2CCCC(CN)C2)c(F)cc2c(=O)c(C(=O)O)cn(C3CC3)c12,CHEMBL15357
DEC_1264,decoy,C=C(CC[C@H](O)[C@@]1(C)CC[C@H](C(C)(C)O)O1)[C@H]1CC[C@H]2O[C@@H]([C@]3(C)CC[C@@H](Br)C(C)(C)O3)CC[C@@]2(C)O1,CHEMBL280676
DEC_1329,decoy,CO[C@H]1[C@H](O)[C@H]2[C@@H](O[C@@H]1CO)n1c3c(Cl)cccc3c3c4c(c5c6cccc(Cl)c6n2c5c31)C(=O)NC4=O,CHEMBL283812
DEC_1726,decoy,C[C@@H](O)[C@H]1C(=O)N2C(C(=O)O)=C(S[C@@H]3CN[C@H](CCc4ccc(CN)cc4)C3)[C@H](C)[C@H]12,CHEMBL280023
DEC_1872,decoy,N#CN/C(=N/c1ccc(Cl)cc1Cl)NC(Cn1ccnc1)c1ccc(Cl)cc1Cl,CHEMBL7871
DEC_3614,decoy,O=C(O)CC/C=C\C[C@@H]1CO[C@H](C(CCC/C=C(/c2ccccc2)c2cccnc2)C(=O)O)O[C@@H]1c1ccccc1O,CHEMBL417163
DEC_0715,decoy,CCN1C(=O)c2c(nc(C(=O)NC)n2Cc2ccc(O)c(Cl)c2)N2C1=N[C@@H]1CCC[C@@H]12,CHEMBL23375
DEC_1800,decoy,C[C@H]1CS(=O)(=O)C[C@H]1OC(=O)N[C@@H](Cc1ccccc1)[C@H](O)CN1C[C@H]2CCCC[C@H]2C[C@H]1C(=O)NC(C)(C)C,CHEMBL17419
DEC_0479,decoy,CC1OC(OC2CCCCC2OCCCCCCC(C(=O)O)C(=O)O)C(O)C(O)C1O,CHEMBL27659
DEC_3150,decoy,Cc1noc(NS(=O)(=O)c2ccsc2C(=O)Nc2ccccc2C(=O)O)c1Br,CHEMBL44539
DEC_2768,decoy,Cc1cc(-c2nc3cccc(F)c3s2)ccc1N,CHEMBL32616
DEC_2613,decoy,COc1cc2c(c(OC)c1OC)OC[C@H]1[C@H](CO)Cc3cc4c(cc3[C@@H]21)OCO4,CHEMBL274948
DEC_0980,decoy,C[C@@H]1CC2C3CCC4=CC(=O)C=C[C@]4(C)[C@@]3(F)[C@@H](O)C[C@]2(C)[C@@]1(O)C(=O)COC(=O)c1c(C(F)(F)F)cccc1C(F)(F)F,CHEMBL52148
DEC_3093,decoy,CC1(C)N=C(N)N=C(N)N1c1cccc(OCc2ccc(Cl)c(Cl)c2)c1,CHEMBL269704
DEC_1913,decoy,Oc1ccc2c3c1O[C@H]1[C@H](N=C=S)CCC4(O)C(C2)N(CC2CC2)CCC314,CHEMBL21068
DEC_0326,decoy,CCOC(=O)N[C@@H](c1ccsc1)[C@@H](O)C(=O)OC1CC2C(C)(C)C1(C)[C@@]13C[C@@H](C)c4ccccc4[C@@]21O3,CHEMBL31307
DEC_3347,decoy,CC(C)C1=CC2CC3(C=O)[C@@H]4CC[C@@H](C)[C@H]4CC2(CO[C@H]2C[C@H]4[C@H](OC[C@H]4C(C)C)[C@@H](C)O2)C13C(=O)O,CHEMBL297584
DEC_2898,decoy,N[C@@H](Cc1ccc(O)cc1)C(=O)N[C@H]1CSSC[C@@H](C(=O)O)NC(=O)C2(CCCC2)CCNC1=O,CHEMBL278199
DEC_1308,decoy,CN(C)CCCNC(=O)c1cc(C(C)(C)C)cc2c1Oc1c(C(=O)NCCCN(C)C)cc(C(C)(C)C)cc1C2(C)C,CHEMBL276818
DEC_1433,decoy,OCC1=NOC(n2cnc3c(Cl)ncnc32)C1,CHEMBL266249
DEC_3768,decoy,N=C(NCCO)c1ccc(N2CCCN(c3ccc(/C(N)=N/CCO)cc3)CC2)cc1,CHEMBL9121
DEC_3409,decoy,Cc1cc(C)c(NC(=O)c2sccc2S(=O)(=O)Nc2onc(C)c2Cl)c(C(=O)N(C)CC(C)(C)C)c1,CHEMBL61711
DEC_0476,decoy,CN(C)CCNc1ccc2c(CN(CCO)CCO)nn3c4cccc(O)c4c(=O)c1c23,CHEMBL8022
DEC_1205,decoy,CCOC(=O)c1cc2c3cc(-n4cnnc4)c(Cl)cc3nc(O)n2n1,CHEMBL268445
DEC_0735,decoy,CCNCc1cc(Nc2cc(C(F)(F)F)nc(/N=C(\N)Nc3ccc(Cl)c(Cl)c3)n2)ccc1O,CHEMBL422220
DEC_3939,decoy,CCN(CC)Cc1cc(Nc2cc(C(F)(F)F)nc(/N=C(\N)Nc3ccc(Cl)c(Cl)c3)n2)ccc1OC,CHEMBL22309
DEC_1679,decoy,CN1C=CCC(C(=O)OCCOC(=O)C2N3C(=O)C(NC(=O)Cc4ccccc4)C3SC2(C)C)=C1,CHEMBL417193
DEC_2314,decoy,Fc1ccc([C@H]2OCO[C@]2(Cn2cncn2)c2ccc(Cl)cc2)cc1,CHEMBL273435
DEC_3465,decoy,Cc1cccc(C)c1NC(=O)CNCCCNC(=O)C1=CC(C)(C)NC1(C)C,CHEMBL275397
DEC_3074,decoy,O=C(O)Cc1cccc2c1Cc1c-2nc(O)c2nc(-c3cccc(C(=O)O)c3)cn12,CHEMBL28388
DEC_3743,decoy,O=C(O)CC(NC(=O)CNC(=O)c1coc(NC(=O)NCc2ccccc2)n1)c1cccnc1,CHEMBL28847
DEC_4060,decoy,C=CC(=O)N1C[C@H](OCC23C[C@@H]4[C@H](C)CC[C@H]4C4(C=O)CC2C=C(C(C)C)[C@@]34C(=O)O)OC[C@H]1C,CHEMBL284622
DEC_4101,decoy,CC(Cc1c[nH]c2ccccc12)(NC(=O)OC1[C@H]2C[C@@H]3C[C@@H](C[C@H]1C3)C2)C(=O)OCCc1ccccc1,CHEMBL35580
DEC_1356,decoy,CC(=O)O.Cc1noc(NS(=O)(=O)c2ccsc2C(=O)Nc2cccc(C(=O)O)c2)c1Br,CHEMBL47008
DEC_3842,decoy,CCCN(CC1CC1)c1nc(C)nc2c1sc(=O)n2-c1c(C)cc(C)cc1C,CHEMBL18590
DEC_3454,decoy,CC1(C)CC(NP(=O)(O)N(CCCl)CCCl)CC(C)(C)N1O,CHEMBL268498
DEC_0909,decoy,NCCN(CCN)CCNC1CCCCCCCCCCCCCC1,CHEMBL22171
DEC_0044,decoy,C=CCOC(=O)N[C@@H](CC(=O)O)C(=O)COc1cc2ccccc2cc1-c1ncc[nH]1,CHEMBL31094
DEC_3345,decoy,CCN(CC)CCn1nc2c3c(c(NCCN4CCOC4=O)ccc31)Sc1ccc(OC)cc1-2,CHEMBL290673
DEC_1226,decoy,CCOC(=O)c1cnc2n(c1=O)C(C)CC/C2=N\Nc1cccc(C(=O)O)c1,CHEMBL273572
DEC_0071,decoy,C(#CCN1CCCCC1)CCC1SCCCS1,CHEMBL296436
DEC_3984,decoy,O=C(O)/C=C/C(=O)O.OCCN1CCN(C2=Nc3ccccc3CC=C2c2cccc(C(F)(F)F)c2)CC1,CHEMBL16845
DEC_1601,decoy,C[C@H]1CC2C(C(O)CC3(C)C2CC[C@]3(O)C(=O)COC(=O)c2cccc(CN3CCN(C)CC3)c2)C2(C)C=CC(=O)C=C12,CHEMBL432174
DEC_0561,decoy,CC[C@H](C)C(=O)O[C@H]1C[C@@H](C)C=C2C=C[C@H](C)[C@H](CC[C@@H]3C[C@@H](O)CC(=O)O3)[C@H]21,CHEMBL503
DEC_2187,decoy,CSCC[C@H](/N=C(\S)[C@H](Cc1ccccc1)NC(=O)[C@@H](NC(=O)[C@@H](N)CS)C(C)C)C(=O)O,CHEMBL300237
DEC_1544,decoy,O=C(N[C@@H](Cc1ccccc1)C(=O)N[C@@H]1C(=O)N[C@H]1S(=O)(=O)c1ccccc1)OCc1ccccc1,CHEMBL287630
DEC_3166,decoy,CCCN1C[C@H](C)C=C2c3cccc4c3[C@@H](CN4)C[C@H]21,CHEMBL291030
DEC_2540,decoy,C=CCC(C(=O)N[C@@H](CC(=O)O)C(=O)COc1ccccc1)n1cccc(NC(=O)c2ccc3ccccc3c2)c1=O,CHEMBL287440
DEC_2180,decoy,CCOC(=O)C[C@H](O)[C@H](Cc1ccccc1)NC(=O)[C@@H](NC(=O)[C@@H](NC(=O)CC(C)C)C(C)C)C(C)C,CHEMBL38780
DEC_1084,decoy,CCC(C)(C)/N=c1\c(O)c(O)\c1=N/Cc1ccc(SC)cc1,CHEMBL19720
DEC_1562,decoy,CC[C@H]1OC(=O)CC(O)[C@H](C)[C@@H](O[C@@H]2O[C@H](C)C[C@H](N(C)C)[C@H]2O)[C@@H](CCN(C)C)C[C@@H](C)C(=O)/C=C/C(C)=C/[C@@H]1C,CHEMBL9117
DEC_0293,decoy,COc1cc([C@]23OC[C@H](Cc4cc5c(cc42)OCO5)[C@H]3CO)cc(OC)c1OC,CHEMBL276560
DEC_2040,decoy,CC(C)(C)OC(=O)N[C@@H](Cc1ccccc1)C(=O)N[C@H]1CNC(=O)CCCOC(=O)[C@H](O)[C@H](CC2CCCCC2)NC1=O,CHEMBL327709
DEC_1012,decoy,CN1C(=O)CN=C(c2ccccc2)c2cc(Cl)ccc21.O=C(OCc1ccsc1)c1cnn2c1n[n+]([O-])c1ccc(Cl)cc12,CHEMBL154380
DEC_3188,decoy,CC(Oc1c(Cl)cccc1Cl)C1=NCCN1,CHEMBL17860
DEC_3124,decoy,Cc1c(C(=O)N[C@H](C)[C@](O)(Cn2cncn2)c2ccc(F)cc2F)cnn1-c1ccc(F)cc1F,CHEMBL301204
DEC_0894,decoy,CCCc1cc2c(cc1O)C(C)(C)C(CCSCCC(=O)O)O2,CHEMBL25172
DEC_2354,decoy,CC1(C)NC(=O)N(CCC(COc2ccc(-c3ccc(C#N)cc3)cc2)N(O)C=O)C1=O,CHEMBL288510
DEC_0045,decoy,CCCc1ccc(OCC(=O)NCCCNC(=O)C2=CC(C)(C)NC2(C)C)c(OC)c1,CHEMBL15455
DEC_3543,decoy,CCCC1=NN(C(=O)OCC)C(CCC)N=N1,CHEMBL275607
DEC_3500,decoy,CC1(C)C=C(C(=O)NCCCNC(=O)c2ccc3c(c2)OCO3)C(C)(C)N1,CHEMBL15097
DEC_1105,decoy,CSc1c(Cl)nc(N2CCN(C)CC2)nc1NC1CCCCC1,CHEMBL29159
DEC_0020,decoy,O=S(=O)(Nc1ccc(CCNC[C@H](O)COc2ccc(O)cc2)cc1)C1CCCCC1,CHEMBL274807
DEC_3869,decoy,O=C1Cc2cc(CCN3CCN(c4nsc5ccccc45)CC3)ccc2N1,CHEMBL35743
DEC_3184,decoy,O=C(O)C1=Cc2cc(CCn3ccnc3)sc2CC1,CHEMBL23202
DEC_1248,decoy,CC(C)CN(C[C@@H](O)[C@H](Cc1ccc(OCCN)cc1)NC(=O)O[C@H]1CO[C@H]2OCC[C@H]21)S(=O)(=O)c1ccc2c(c1)OCO2,CHEMBL189006
DEC_0896,decoy,CCCCC[C@]1(C)/C=C\C2[C@H](O)C[C@H](O)[C@@H]2C/C=C\CCCC(=O)O1,CHEMBL12015
DEC_2251,decoy,OC(c1ccc(Cl)cc1)(c1ccc(C(F)(F)F)cc1)c1cncnc1,CHEMBL28637
DEC_2865,decoy,CCO/C(O)=C1\C(COCc2cc(O)nc(-c3ccccn3)n2)=NC(C)=C(C(=O)OC)C1c1cccc(Cl)c1Cl,CHEMBL311302
DEC_2081,decoy,CC(C)[C@H](NC(=O)[C@H](CC(=O)O)NC(=O)CCN(C)C(=O)/C=C/c1ccc(NC(=N)N)cc1)C(=O)O,CHEMBL443002
DEC_4141,decoy,CC(C)N(CCC(CCN(C)C)(C(N)=O)c1ccc(C(C)(C)C)cc1)C(C)C,CHEMBL13062
DEC_0530,decoy,Nc1cccc2[nH]c3c(N4CCN(CCc5ccc(F)c(F)c5)CC4)ncnc3c12,CHEMBL25972
DEC_3714,decoy,NC(=O)CNC(=O)C(CSCc1ccc(Br)cc1)NC(=O)CCC(NC(=O)OCc1ccccc1)C(N)=O,CHEMBL65016
DEC_2506,decoy,CCOC(=O)/C=C/[C@H](CCC(N)=O)NC(=O)[C@H](Cc1ccccc1)n1ccc(C)c(NC(=O)OCc2ccccc2)c1=O,CHEMBL289094
DEC_2087,decoy,CN(CC(=O)N[C@@H](Cc1ccccc1)C(=O)NCC(=O)NCC(=O)O)C(=O)CCc1ccc(O)cc1,CHEMBL43202
DEC_0623,decoy,NC[C@H]1O[C@@H](O[C@@H](CNCCCn2ccnc2)[C@@H]2C[C@@H](O)[C@H](n3ccc(=O)[nH]c3=O)O2)[C@H](O)[C@@H]1O.O=C(O)C(F)(F)F,CHEMBL280921
DEC_0590,decoy,Cc1cc(C)cc(-c2[nH]c3ccc(C(C)(C)C(=O)N4CC5CCC4CC5)cc3c2[C@H](C)CNCCc2ccnc(C#N)c2)c1,CHEMBL321258
DEC_3810,decoy,CCN(CC)CCn1nc2c3c(c(NCCN4C(=O)c5ccccc5C4=O)ccc31)Sc1cc(O)ccc1-2,CHEMBL36697
DEC_0077,decoy,c1ccc2c(c1)Oc1ccccc1C2NC1=NCCS1,CHEMBL21142
DEC_2770,decoy,NCCc1c[nH]c(-c2ccc(C(F)(F)F)cc2)n1,CHEMBL23359
DEC_3634,decoy,COc1ccccc1COCCCOc1ccc([C@H]2CCNC[C@@H]2OCc2cc(OC)c3ccccc3c2OC)cc1,CHEMBL430539
DEC_2517,decoy,O=C(O)CC[C@H](NC(=O)Nc1ccc(COC(=O)Nc2ccc(N(CCCl)CCCl)cc2)cc1)C(=O)O,CHEMBL46003
DEC_3437,decoy,COc1cc(OC)c(C(=O)CCCCN2CCC3(CC2)NC(=O)NC3=O)cc1NS(=O)(=O)c1ccc(S(N)(=O)=O)cc1,CHEMBL90267
DEC_0257,decoy,Nc1nccc(-c2c(-c3ccc(F)cc3)ncn2CCCN2CCOCC2)n1,CHEMBL274863
DEC_3273,decoy,Cc1ccc([S+]([O-])/C=C/C2=C(C(=O)O)N3C(=O)[C@@H](NC(=O)Cc4cccs4)[C@H]3SC2)cc1,CHEMBL43685
DEC_0502,decoy,CC(C)CC(OP(=O)(O)C(C)NC(=O)OCc1ccccc1)C(=O)NC(C)C(=O)O,CHEMBL288141
DEC_1698,decoy,O=C(O)[C@H](CCC(=O)N1CCC2(CC1)CCN(c1ccncc1)C2)NS(=O)(=O)c1cnoc1,CHEMBL268922
DEC_2629,decoy,COc1cc2nc(-c3ccc(CP(=O)(OC)OC)cc3)n(C)c(=O)c2cc1OC,CHEMBL34517
DEC_2859,decoy,C=CCNC(=O)OC1(c2ccc(OC)cc2)OC(=O)C(c2ccc3c(c2)OCO3)=C1Cc1cc(OC)c(OC)c(OC)c1,CHEMBL320839
DEC_1442,decoy,NC(=S)c1cn(COCCO)c2ncnc(N)c12,CHEMBL30286
DEC_0221,decoy,CC1(C)N=C(N)N=C(N)N1c1ccc(C#N)cc1,CHEMBL33571
DEC_2581,decoy,COCCN(CCOC)c1nc(C)nc2c1sc(=O)n2-c1c(C)cc(C)cc1C,CHEMBL17656
DEC_3727,decoy,CCSCCN(CC(=O)O)C(=O)C(CCCN=C(N)N)NS(=O)(=O)c1ccc2cc(OC)c(OC)cc2c1,CHEMBL24617
DEC_0441,decoy,CCS(=O)(=O)c1ccc2c(c1)/C(=C/c1[nH]c3c(c1CCCN1CCN(C)CC1)CCCC3)C(=O)N2,CHEMBL54283
DEC_2793,decoy,Cn1cncc1C(c1ccc(C#N)cc1)N1CCC(C#N)=C(c2cccc3ccccc23)C1,CHEMBL30118
DEC_2250,decoy,Oc1ccc2c3c1O[C@H]1[C@H](N=C=S)CCC4C(C2)N(CC2CC2)CCC341,CHEMBL269375
DEC_1640,decoy,CC(NC(=O)c1cc(NC(=O)c2cc([N+](=O)[O-])cn2C)cn1C)C(=O)NC(C)C(=O)OC(C)(C)C,CHEMBL275310
DEC_0169,decoy,Oc1nc2ccc(-n3ccnc3)cc2nc1O,CHEMBL27715
DEC_2013,decoy,CO[C@@H]1[C@@H](OC(=O)c2ccc(C)[nH]2)[C@@H](O)[C@H](Oc2ccc3c(O)c(C(=O)NCCN(C)C)c(=O)oc3c2C)OC1(C)C,CHEMBL304417
DEC_2649,decoy,Cc1cc(C)cc(NC(=O)Cc2ccc(OC3(C(=O)N[C@H](Cc4ccc(O)cc4)C(=O)O)CCCC3)cc2)c1,CHEMBL18202
DEC_3072,decoy,NCCc1c[nH]cn1.S=C(NC1CCCCC1)N1CCC(c2c[nH]cn2)CC1,CHEMBL18998
DEC_2367,decoy,CN1C(=O)N(CC(COc2cccc(-c3ccc(C#N)cc3)c2)N(O)C=O)C(=O)C1(C)C,CHEMBL418437
DEC_3155,decoy,Cn1cc(C2=C(c3cn(CCCCCSC(=N)N)c4ccccc34)C(=O)NC2=O)c2ccccc21,CHEMBL6274
DEC_2103,decoy,CCc1c2c(nc3cnc(C#CCN)cc13)-c1cc3c(c(=O)n1C2)COC(=O)[C@]3(O)CC,CHEMBL268978
DEC_1066,decoy,Oc1ccccc1Oc1nccc(-c2c(-c3ccc(F)cc3)ncn2C2CCNCC2)n1,CHEMBL273432
DEC_3484,decoy,NCC/N=C(\S)Nc1c(Cl)cccc1Cl.O=C(O)/C=C\C(=O)O,CHEMBL28792
DEC_2702,decoy,CCN(CC)CCn1nc2c3c(c(NCCN4C(=O)c5ccccc5C4=O)ccc31)Sc1c(OC)cccc1-2,CHEMBL290260
DEC_2065,decoy,CC(=O)N[C@@H](Cc1ccc(O)cc1)C(=O)N[C@H](C(=O)N[C@@H](C)C(=O)N[C@H](CC=O)CC(=O)O)C(C)C,CHEMBL34031
DEC_3487,decoy,CC1(C)C=C(C(=O)NCCCNC(=O)C2CC=CCC2C(=O)O)C(C)(C)N1,CHEMBL277606
DEC_2433,decoy,Nc1ccc(-c2nc3ccccc3s2)cc1I,CHEMBL276851
DEC_3960,decoy,CNC(=O)[C@@H](NC(=O)C(CCc1ccccc1F)CP(=O)(O)Cc1ccc(Cc2ccccc2)cc1)C(C)(C)C,CHEMBL77946
DEC_0729,decoy,CCCCC(=N)NCCc1ccc2[nH]c3c(c2c1)C[C@@]1(O)C2Cc4ccc(O)c5c4C1(CCN2CC1CC1)C3O5,CHEMBL70693
DEC_3669,decoy,CCN(CC)CCNc1ccc2c3c(nn2CCN(CC)CC)-c2ccccc2S(=O)(=O)c13,CHEMBL39702
DEC_1545,decoy,CC(C)C(NC(=O)Cn1c(-c2ccccc2)cc2c(=O)n(CC(N)=O)c(=O)[nH]c2c1=O)C(=O)C(F)(F)F,CHEMBL13954
DEC_3801,decoy,CCCCc1nc(Cl)c(CC(=O)OC)n1Cc1ccc(NC(=O)c2c(C)cccc2C(=O)O)cc1,CHEMBL281589
DEC_3196,decoy,COc1cc(SC)c(OC)cc1CC(C)N,CHEMBL447830
DEC_2916,decoy,CC(C)CC(NC(=O)C(Cc1ccccc1)NC(=O)N/N=C1/CC[C@@]2(O)C3Cc4ccc(O)c5c4C2(CCN3CC2CC2)[C@H]1O5)C(=O)O,CHEMBL21000
DEC_4044,decoy,Cc1nc(COc2ccc3c(c2)[C@@H](O)[C@@H](Cc2cccnc2)CO3)ccc1Br,CHEMBL31325
ACT_010,active,CC1=C2CC(=O)NCc3cc(Cl)ccc3CNC(=O)OCOC(=O)c3cccc(c3)CNN(CC1)C2=O,CHEMBL4518749
DEC_2785,decoy,[O-][S+](c1nc(-c2ccc(Cl)cc2)c(-c2ccc(Cl)cc2)[nH]1)C(F)(F)C(F)F,CHEMBL18213
DEC_0780,decoy,C[C@H](N)Cc1c2c(c(Br)c3c1OCC3)OCC2.Cl,CHEMBL263078
DEC_3066,decoy,CCCCc1nc2ccnc(O)c2n1Cc1ccc(-c2ccccc2-c2nn[nH]n2)cc1,CHEMBL429008
DEC_0305,decoy,N#Cc1cc(-c2ccoc2)c2ccc(CSc3cc(F)cc(C4(O)CC5COC(C4)O5)c3)cc2n1,CHEMBL280348
ACT_060,active,CC(=O)N1c2ccccc2N2C(c3c(C)c(C)cc(C)c3C)=NON12,CHEMBL1463190
DEC_1321,decoy,COc1ccc(NC(=O)CO/N=C2\C=C\C=C/[C@H]3O[C@@H]3C[C@@H](C)OC(=O)c3c(O)cc(O)c(Cl)c3C2)cc1,CHEMBL315521
DEC_0786,decoy,CCO[C@H]1O[C@@H]2O[C@@]3(C)CCC4[C@H](C)CCC([C@H]1C)[C@]42OO3,CHEMBL6635
DEC_1619,decoy,CCCn1c(=O)c2nc(-c3ccc(/C=C/C(=O)NN4C(=O)C(C)=C(C)C4=O)cc3)[nH]c2n(CCC)c1=O,CHEMBL17294
DEC_0278,decoy,O=C1C2C(C(=O)N1CCCCN1CCN(c3ncccn3)CC1)[C@H]1CC[C@@H]2C1,CHEMBL283968
DEC_0730,decoy,OC[C@@]1(CCCCCc2ccccc2)CC2C3Cc4ccc(O)c5c4C2(CCN3CC2CCC2)C(O5)[C@@H]1O,CHEMBL274289
DEC_3107,decoy,COC(=O)N[C@@H](c1ccc(O)cc1)[C@@H](O)C(=O)OC1CC2C(C)(C)C1(C)[C@@]13CC(C)c4ccccc4[C@@]21O3,CHEMBL31423
DEC_1495,decoy,COc1c2occc2c(CN(C)CCO)c2ccc(=O)oc12.Cl,CHEMBL266903
DEC_0774,decoy,CCCSc1cc(N[C@@H](Cc2ccc(NC(=O)c3c(Cl)cncc3Cl)cc2)C(=O)O)ncn1,CHEMBL41963
DEC_1865,decoy,Cc1cc(-c2c(F)cc3c(=O)c(Cc4cc(O)ccc4O)cn(C4CC4)c3c2F)cc(C)n1,CHEMBL269139
DEC_1569,decoy,CCC(=O)OCC(=O)[C@@]1(OC(=O)CC)[C@@H](C)C[C@H]2C3CCC4=CC(=O)C=C[C@]4(C)[C@@]3(F)[C@@H](O)[C@@H](OC(=O)CC)[C@@]21C,CHEMBL54830
DEC_0258,decoy,O=C1C2C3C=CC(C4C=CC43)C2C(=O)N1CCCCN1CCN(c2cnccn2)CC1,CHEMBL28179
DEC_2241,decoy,Cl.O=C(C1CCCN1)N1CCCC1P(=O)(Oc1ccc(O)cc1)Oc1ccc(O)cc1,CHEMBL9565
DEC_2821,decoy,Cc1ccccc1-c1cc(C(O)(C#Cc2ccc(C#N)cc2)c2cncn2C)ccc1C#N,CHEMBL282349
DEC_2402,decoy,CC1(c2ccc(F)cc2)OC(/C=C/c2ccc(C#N)cc2)=CC1=O,CHEMBL276919
DEC_3377,decoy,CCN1CCN(C2=Nc3ccc(Br)cc3CC=C2c2ccc(Cl)cc2)CC1.O=C(O)/C=C/C(=O)O,CHEMBL418361
DEC_3045,decoy,CC1(C)CCC(NC(=O)N(CCF)N=O)CC1,CHEMBL13016
DEC_0136,decoy,COc1cc([C@@H]2c3cc4c(cc3[C@@H](OC(=O)/C=C/c3ccccc3)[C@H]3COC(=O)[C@H]23)OCO4)cc(OC)c1OC,CHEMBL23474
ACT_092,active,COc1cc(C(=O)Nc2nc(-c3cccs3)cs2)cc(OC)c1OC,CHEMBL1540513
DEC_1191,decoy,COc1ccc(Nc2c3c(nc(N)n4nc(-c5ccco5)nc34)nn2C)cc1,CHEMBL20681
DEC_1703,decoy,Cc1cn(C[C@H](NC(=O)OCc2ccccc2)C(=O)O)c(=O)nc1N1CCN(c2ccccn2)CC1,CHEMBL45265
DEC_2031,decoy,CC(=O)N[C@@H](Cc1ccc(O)cc1)C(=O)N[C@H]1CSSC[C@@H](C(=O)O)NC(=O)C2(CCCC2)CCNC1=O,CHEMBL16710
DEC_2589,decoy,O=C(/C=C/c1ccc(OCc2nccs2)cc1)c1cc(-c2nn[nH]n2)ccc1O,CHEMBL273727
DEC_1014,decoy,C=C1[C@@H](OC(=O)c2ccccc2)CC[C@@]2(C)[C@@H](OC(C)=O)[C@H](OC(C)=O)C3=C(C)C(=O)C[C@@H]([C@@H](OC(=O)c4ccccc4)[C@H]12)C3(C)C,CHEMBL339415
DEC_2795,decoy,O=S(=O)(c1nc(-c2ccc(F)cc2)c(-c2ccc(C(F)(F)F)cc2)[nH]1)C(F)(F)C(F)F,CHEMBL418362
DEC_0876,decoy,CCC(C)(O)C#Cc1nc(NCc2ccc3c(c2)OCO3)c2ncn(C(C)C)c2n1,CHEMBL286491
DEC_0961,decoy,CC(C)C[C@@H]1OC(=O)C(C)(C)CNC(=O)[C@@H](Cc2ccc(O)cc2)NC(=O)/C=C/C[C@@H]([C@H](C)/C=C/c2ccccc2)OC1=O,CHEMBL86873
DEC_2705,decoy,C=CCCN1C[C@H](OCC23C[C@@H]4[C@H](C)CC[C@H]4C4(C=O)CC2C=C(C(C)C)C34C(=O)O)O[C@H](C)[C@@H](OC)C1,CHEMBL49825
DEC_3234,decoy,CN(C)c1ncnc2c1ncn2C(c1ccccc1)c1ccccc1,CHEMBL268102
DEC_3841,decoy,Cc1nc(-c2cc(C)c(OCCCc3cc(C(F)(F)F)no3)c(C)c2)no1,CHEMBL418030
DEC_0603,decoy,Cc1ccc2cccc(OCc3c(Cl)ccc(N(C)C(=O)Cc4ccc(C(=O)C5CCCCC5)n4C)c3Cl)c2n1,CHEMBL421863
DEC_0539,decoy,COc1ccnc(C[S+]([O-])c2nc3cc(OC(F)(F)C(F)F)ccc3[nH]2)c1C,CHEMBL9585
DEC_3503,decoy,Cc1cc(/C=C/C(=O)O)ccc1NC(=O)c1cccc(NC2=NCCCN2)c1,CHEMBL418048
DEC_0191,decoy,Fc1cccc2ncc(N3CCNCC3)nc12,CHEMBL6756
DEC_0138,decoy,COc1ccc2nc3c(c(C)nn3[C@H]3CN(Sc4ccccc4[N+](=O)[O-])C[C@@H](C/C=C/C(C)=O)O3)c(Cl)c2c1,CHEMBL303551
DEC_3241,decoy,CN1CCN(C(c2ccns2)c2ccccc2Cl)CC1,CHEMBL279900
DEC_1882,decoy,CN(C)C1CCC(Nc2nc(Nc3ccc(C(F)(F)F)cc3)c3ccccc3n2)CC1,CHEMBL281269
DEC_0506,decoy,CC(C)CC(NP(=O)(O)CNC(=O)OCc1ccccc1)C(=O)NC(C)C(=O)O,CHEMBL43228
DEC_3698,decoy,CCN(CC)CCn1nc2c3c(c(NCCN4CCOC4=O)ccc31)Sc1ccc(O)cc1-2,CHEMBL39515
DEC_3949,decoy,O=C(O)c1ccc(CC(Cc2ccc(C(F)(F)P(=O)(O)O)cc2)(C(=O)c2ccccc2)c2ccccc2)cc1,CHEMBL8660
DEC_3404,decoy,O=C(NN1CCCCC1)c1cccc(Oc2nccc(-c3c(-c4ccc(F)cc4)ncn3C3CCNCC3)n2)c1,CHEMBL14252
DEC_4264,decoy,COC(=O)/C=C1\SC2C(NC(=O)Cc3cccs3)C(=O)N2C(C(=O)O)=C1COC(C)=O,CHEMBL279034
DEC_2446,decoy,CO/C1=C\C(C)=C\[C@@H](C)C(=O)[C@@H](C)C/C(C)=C/C=C/[C@H](OC)[C@@H]([C@@H](C)[C@@H](O)[C@H](C)C(=O)O)OC1=O,CHEMBL55768
DEC_1889,decoy,COC(=O)/C=C/c1nc(O)c2c(ccc3nc(Nc4c(Cl)cccc4Cl)n(C)c32)c1C,CHEMBL26016
DEC_4015,decoy,COc1ccc(C2=NN(CC(=O)Nc3ccc(C4=NNC(=O)CC4C)cc3)C(=O)C3CC=CCC23)cc1OC,CHEMBL64824
DEC_0702,decoy,CC(=O)NCCn1nc2c3c(c(NCCN4CCOC4=O)ccc31)Sc1ccccc1-2,CHEMBL38725
DEC_1464,decoy,OCC1CC(F)C(n2cnc3c(Br)ncnc32)O1,CHEMBL418179
DEC_1505,decoy,COc1cc2c(cc1OC)C(c1ccc(C#N)cc1)=NNC(=O)C2,CHEMBL433620
DEC_1841,decoy,CCc1ccc(O)c(/C(=N/O)c2ccc(Cl)c(Cl)c2)c1,CHEMBL25562
DEC_3691,decoy,CCCc1cc(OC)c(-c2cccnc2)c(=O)n1Cc1ccc(-c2ccccc2-c2nn[nH]n2)cc1,CHEMBL428687
DEC_2362,decoy,CCCCc1c(O)n(CC2CCCCC2)c2nc3c(c(=O)n(C)c(=O)n3C)n2c1=O,CHEMBL416156
DEC_3390,decoy,CC1=C(C(=O)NCCCN2CCC(C#N)(c3ccc(F)cc3C#N)CC2)[C@@H](c2ccc(F)c(F)c2)CC(=O)N1C,CHEMBL43594
DEC_2507,decoy,CC(=O)NC(Cc1ccc(OP(=O)(O)O)cc1)C(=O)N[C@@H](C)c1ccc(OCC2CCCCC2)c(C(N)=O)c1,CHEMBL77638
DEC_3520,decoy,CCc1nnc(-c2nsc3ccccc23)s1,CHEMBL40095
DEC_2254,decoy,CC(C)CN(C1=NCCN1)c1c(Br)cccc1Br,CHEMBL19924
DEC_0117,decoy,CCCCc1nc2ccc([C@H]3[C@@H]4C(=O)CC[C@@H]4ON3C)cc2c(=O)n1Cc1ccc(-c2ccccc2-c2nn[nH]n2)cc1,CHEMBL53174
DEC_1375,decoy,FC(F)(F)c1cccc(N2CCN(CCCN3CCc4c([nH]c5ccccc45)C3)CC2)c1,CHEMBL12726
DEC_3258,decoy,Cn1c(Cc2nc3cc(C(=O)NC(CP(=O)(O)O)C(=O)O)ccc3[nH]2)nc2ccc(C(=O)NC(CP(=O)(O)O)C(=O)O)cc21,CHEMBL104768
DEC_0719,decoy,CN(C)C(=O)c1ccc(COc2ccc(N3C(N)=NC(N)=NC3(C)C)cc2Cl)cc1,CHEMBL34043
DEC_2165,decoy,CC(C)(C(N)=O)N(Cc1ccccc1)C(=O)CN(CCc1ccccc1)C(=O)CNCCCN=C(N)N,CHEMBL31566
DEC_0241,decoy,O=C1CCC(c2ccc3c(c2)CCC(=O)N3)=NN1,CHEMBL287915
DEC_0628,decoy,CCc1c2c(nc3cnc(C#CCN(C)C)cc13)-c1cc3c(c(=O)n1C2)COC(=O)[C@]3(O)CC,CHEMBL13771
DEC_4049,decoy,CC(=O)NCCn1nc(-c2ccc(Cl)cc2)c(-c2ccc(Cl)cc2)c(C(C)=O)c1=O,CHEMBL282764
DEC_2904,decoy,CC(C)(C)NC(=O)[C@@H]1CCCCN1C[C@H](O)[C@H]1Cc2ccc(cc2)OCCCC(=O)NC(CC(N)=O)C(=O)N1,CHEMBL84804
DEC_0075,decoy,CC1=CO[C@@H]2O[C@@]3(C)CC[C@H]4[C@H](C)CC[C@@H]1[C@@]24OO3,CHEMBL279307
DEC_1765,decoy,COc1ccc(C[C@H]2NC(=O)/C=C/C[C@@H]([C@](C)(O)C#Cc3ccccc3)OC(=O)[C@H](CC(C)C)OC(=O)CCNC2=O)cc1,CHEMBL275952
ACT_076,active,CNc1ccc(C#CC[C@H](NS(=O)(=O)c2ccc3ccccc3c2)C(=O)N(C)C2CCCC2)cc1N,CHEMBL7124
DEC_0757,decoy,CC(=O)NCCC1(C(=O)N[C@@H](Cc2ccc(NC(=O)c3c(Cl)cccc3Cl)cc2)C(=O)O)CCCC1,CHEMBL83856
DEC_2174,decoy,C=CCOP(=O)(NC(CNC(=O)CC1CC(c2ccc(C(=N)N)cc2)=NO1)C(=O)O)OCC=C,CHEMBL424405
DEC_4249,decoy,CCCc1c(O)n(Cc2ccc(OC)cc2)c2nc3c(c(=O)n(C)c(=O)n3C)n2c1=O,CHEMBL13229
DEC_3030,decoy,COc1cc(OC)c(C2CC[C@@H]2N)cc1OC,CHEMBL12915
DEC_2320,decoy,c1cnc(N2CCN(CCCN3CCc4c([nH]c5ccccc45)C3)CC2)nc1,CHEMBL275278
DEC_2228,decoy,CC(C)=CCC(OC(=O)COc1ccc2ccccc2c1)C1=CC(=O)c2c(O)ccc(O)c2C1=O,CHEMBL31952
DEC_2374,decoy,O=C1c2cc(Cl)c(Cl)cc2C(=O)N1CCCCN1CCN(c2ncccn2)CC1,CHEMBL287604
DEC_4034,decoy,O=[N+]([O-])c1ccc2[nH]c3c(N4CCN(CCc5ccc(F)c(F)c5)CC4)ncnc3c2c1,CHEMBL25867
DEC_3524,decoy,Cc1nc(O)ccc1-c1ccc(-n2ccnc2)cc1,CHEMBL7963
DEC_3808,decoy,O=C(O)CCC/C=C\C[C@H]1[C@H](CNS(=O)(=O)c2ccc(Cl)cc2)C2CC1(c1ccc(F)cc1)CO2,CHEMBL273231
DEC_2120,decoy,CC(C)(C)[C@@H]1C[C@H]2OC(=O)[C@]34C[C@@H](Br)[C@H](O)C23C12[C@@H](OC(=O)[C@H]2O)O4,CHEMBL23779
DEC_3444,decoy,CS(=O)(=O)Nc1cc([C@@H](O)CNCC2CCN(S(=O)(=O)c3ccc(-n4cc(C(=O)O)cn4)cc3)CC2)ccc1O,CHEMBL101606
DEC_2905,decoy,N[C@H]1CCCCNC(=O)CNC(=O)CNC(=O)c2cc(ccc2COc2ccccc2)NC(=O)[C@@H]2CCCN2C1=O,CHEMBL305759
DEC_2568,decoy,O=C(NC(=O)c1ccc(I)cc1)Nc1cccc(C2CN3CCSC3=N2)c1,CHEMBL41374
DEC_2448,decoy,C[C@@H]1CC2C3CCC4=CC(=O)C=C[C@]4(C)[C@@]3(F)[C@@H](O)C[C@]2(C)[C@@]1(O)C(=O)CSCCN=C=S,CHEMBL48439
DEC_3047,decoy,OC(c1ccc(F)cc1)(c1cncnc1)C1CC1,CHEMBL30081
DEC_3403,decoy,COc1ccc(-c2c3n(c4c(=O)oc5cc(O)c(OC)cc5c24)CCc2c-3cc(OC)c(OC)c2OC)cc1O,CHEMBL57138
DEC_1029,decoy,[O-][S+](c1nc(-c2ccc(F)cc2)c(-c2ccc(F)cc2)[nH]1)C(F)(F)C(F)F,CHEMBL434003
DEC_2870,decoy,CCOc1nc2cccc(C(=O)OCOC(=O)OC3CCCC3)c2n1Cc1ccc(-c2ccccc2-c2nn[nH]n2)cc1,CHEMBL305936
DEC_0330,decoy,COc1ccc(Br)cc1C(O)(c1cc(Br)ccc1OC)C1CC2CCN1CC2,CHEMBL293041
DEC_0846,decoy,COc1ccnc(C[S+]([O-])c2nc3cc(OCC(F)(F)F)ccc3[nH]2)c1OC,CHEMBL273395
ACT_056,active,CC(C)c1cc(-c2ccc3c(c2)[C@H](N)CO3)cc(C(O)CN2CCc3cccc(C(=O)O)c32)c1,CHEMBL4646398
DEC_1471,decoy,Nc1nc(Cl)c2ncn([C@@H]3C[C@H]4C[C@@H](C(=O)O)O[C@H]4C3)c2n1,CHEMBL282273
DEC_3915,decoy,CC(=O)OCC(=O)[C@@]1(OC(=O)c2ccco2)[C@H](C)CC2C3C[C@H](F)C4=CC(=O)C=CC4(C)C3C(O)CC21C,CHEMBL41846
DEC_0310,decoy,Nc1ccccc1Cn1c2c(c3ccccc31)C[C@@]1(O)[C@H]3Cc4ccc(O)c5c4[C@@]1(CCN3CC1CC1)[C@H]2O5,CHEMBL54633
DEC_2686,decoy,OC[C@@]1(CCCCCc2ccccc2)CC2C3Cc4ccc(O)c5c4C2(CCN3CC2CC2)C(O5)[C@@H]1O,CHEMBL9706
DEC_0648,decoy,CC(=O)[O-].CCn1c(=O)/c(=C2\Sc3ccccc3N2C)s/c1=C\c1oc2ccccc2[n+]1CC,CHEMBL31074
DEC_1674,decoy,CCCn1c(=O)c2nc(-c3cc(OCC(=O)Nc4ccncc4)nn3C)[nH]c2n(CCC)c1=O,CHEMBL286420
DEC_2019,decoy,CN(C)c1cc(NC(=O)CN2CCCC2)c(O)c2c1CC1CC3[C@H](N(C)C)C(=O)C(C(N)=O)=C(O)[C@@]3(O)C(=O)C1=C2O,CHEMBL35112
DEC_1361,decoy,O=NN(CCCl)C(=O)NC1C(F)(F)C(F)(F)C(F)(F)C(F)(F)C1(F)F,CHEMBL20533
DEC_0568,decoy,COc1cc2c(cc1OC)-c1cc(N(C)c3c(C)cc(C)cc3C)nc(=O)n1CC2,CHEMBL34705
DEC_3627,decoy,CCCCCCCc1nc(-c2ccc(S(=O)(=O)Nc3ccc(CCNC[C@H](O)c4cccnc4)cc3)cc2)no1,CHEMBL288083
DEC_3398,decoy,O=C1C2C(C(=O)N1Nc1ccc([N+](=O)[O-])cc1[N+](=O)[O-])[C@@]1(Cl)C(Cl)=C(Cl)[C@]2(Cl)C1(Cl)Cl,CHEMBL298301
DEC_2938,decoy,NS(=O)(=O)c1ccc(NC(=O)CN(CCN(CC(=O)O)c2ccccc2O)c2ccccc2O)c(I)c1,CHEMBL35496
DEC_1396,decoy,CC(=O)c1c(-c2ccc(Cl)cc2)c(-c2ccc(Cl)cc2)nn(CC(N)=O)c1=O,CHEMBL31474
DEC_1154,decoy,CCOC(=O)CN1CCN(CCCc2c(/C=C3\C(=O)Nc4ccc(S(=O)(=O)NC)cc43)[nH]c3c2CCCC3)CC1,CHEMBL291759
DEC_0264,decoy,O=C1C2C3C=CC(C3)C2C(=O)N1CCCCN1CCN(c2nccnc2Cl)CC1,CHEMBL431295
DEC_3224,decoy,Nc1ccc(-c2nc3n(c2-c2ccc(N)cc2)CCS3)cc1,CHEMBL274706
DEC_1576,decoy,CC[C@H]1OC(=O)C[C@@H](O)[C@H](C)[C@@H](O[C@@H]2O[C@H](C)C[C@H](N(C)C)[C@H]2O)[C@@H](CC=O)C[C@@H](C)C(=O)/C=C/[C@]2(C)O[C@H]2[C@@H]1C,CHEMBL8965
DEC_3007,decoy,CC12CCCCC1(Br)[N+]([O-])=[N+]2[O-],CHEMBL268520
DEC_3781,decoy,CC(=O)N[C@H](CC(C)C)C(=O)N(CCc1c[nH]c2ccccc12)CC(=O)N/C=C\c1c[nH]c2ccccc12,CHEMBL297212
DEC_1355,decoy,COc1cc([C@@H]2c3cc4c(cc3[C@@H](NC(=O)Nc3ccc(Cl)cc3)[C@H]3COC(=O)[C@H]23)OCO4)cc(OC)c1O,CHEMBL306329
DEC_0179,decoy,Cc1cc(Cl)cc(-n2ncc(=O)[nH]c2=O)c1,CHEMBL12118
DEC_1212,decoy,Cc1noc(NS(=O)(=O)c2cccc3c(N(C)C)cccc23)c1[N+](=O)[O-],CHEMBL27420
DEC_0586,decoy,CO/N=C(\COCC12CC3CC(CC(C3)C1)C2)C(CCN1CCC(O)(c2ccccc2)CC1)c1ccc(Cl)c(Cl)c1,CHEMBL32201
DEC_0802,decoy,CN1CCC23c4c5ccc(O)c4O[C@H]2C=C[C@H](N=[N+]=[N-])[C@H]3C1C5,CHEMBL268703
DEC_2033,decoy,C#CCN(c1ccc(C(=O)N[C@@H](CCC(=O)O)C(=O)O)cc1)S(=O)(=O)c1ccc2c(c1)CCc1nc(N)nc(O)c1-2,CHEMBL333402
DEC_2142,decoy,O=c1cnn(-c2ccc(S(=O)(=O)NC3CCCCCCC3)c(Cl)c2)c(=O)[nH]1,CHEMBL11970
DEC_0581,decoy,Cc1c[n+]([O-])cc(C)c1CC(c1ccc(C(O)(C(F)(F)F)C(F)(F)F)cc1)c1ccc(OC(F)F)c(OC(F)F)c1,CHEMBL318108
DEC_1831,decoy,CCC[C@@H]1CCc2cc3c(C(F)(F)F)cc(O)nc3cc2N1,CHEMBL268569
DEC_2802,decoy,Clc1ccc(C2COC(Cn3ccnc3)(c3ccc(Br)cc3)O2)c(Cl)c1,CHEMBL30225
DEC_3000,decoy,CC(C)Nc1cc(Cl)nc(N2CCN(C)CC2)n1,CHEMBL28448
DEC_4176,decoy,CC(C)N(CCC(CCN(C)C)(C(N)=O)c1ccccc1Cl)C(C)C,CHEMBL267780
DEC_2079,decoy,CC(C)C[C@H](NC(=O)/C=C/c1ccccc1)C(=O)N[C@@H](CC(=O)O)C(=O)N[C@H](C(N)=O)[C@@H](C)O,CHEMBL44146
DEC_3154,decoy,C[C@@H](n1cnc2cc(-c3ccc(C(N)=O)cc3)sc2c1=O)[C@](O)(Cn1cncn1)c1ccc(F)cc1F,CHEMBL53820
DEC_0301,decoy,CCN(CC)CC[n+]1ccc2c(C)c3[nH]c4ccccc4c3c(C)c2c1,CHEMBL282749
DEC_1374,decoy,CN1CCC23c4c5ccc(O)c4OC2[C@H]2OC[C@@]2(CCCc2ccccc2)CC3C1C5,CHEMBL417605
DEC_0406,decoy,CNC(=O)c1sc(C(C)(C)C)cc1NC(=O)Nc1ccc(C)cc1,CHEMBL18754
DEC_2732,decoy,CN(C)C1CCc2[nH]c3c(ccc4[nH]ccc43)c2C1,CHEMBL36349
DEC_2149,decoy,NCC1CCCN(c2c(F)c(N)c3c(=O)c(C(=O)O)cn(C4CC4)c3c2F)C1,CHEMBL15472
DEC_1795,decoy,C[C@H]1[C@@H](OC(=O)N[C@@H](Cc2ccccc2)[C@H](O)CN2C[C@H]3CCC[C@H]3C[C@H]2C(=O)NC(C)(C)C)CCS1(=O)=O,CHEMBL276077
DEC_2559,decoy,C[C@@H]1CC2C3CCC4=Cc5c(cnn5-c5ccc(F)cc5)CC4(C)C3C(O)CC2(C)C1(O)C(=O)CO,CHEMBL14275
DEC_3577,decoy,Nc1nnc(-c2cccc(Cl)c2Cl)c(N)n1,CHEMBL741
DEC_3962,decoy,CNC(=O)[C@@H](NC(=O)C(CCc1ccccc1)CP(=O)(O)Cc1ccc(Cc2cccc(F)c2)cc1)C(C)(C)C,CHEMBL78111
DEC_0466,decoy,C=C1C[C@@]23O[C@]2(c2ccccc21)C1CC(OC(=O)[C@H](O)[C@@H](NC(=O)OCC)c2ccncc2)C3(C)C1(C)C,CHEMBL32795
DEC_0791,decoy,CN1CCC23c4c5ccc(OC(C)(C)C)c4O[C@H]2[C@@H](O)C=CC3C1C5,CHEMBL22919
DEC_0243,decoy,Nc1nc(Cl)nc2c1ccn2COCCO,CHEMBL35940
DEC_0030,decoy,CCOc1ccc(-c2ccc(OCC(CN3C(=O)NC(C)(C)C3=O)N(O)C=O)cc2)cc1,CHEMBL40151
DEC_1281,decoy,Cc1cc(CC(c2ccc(C(O)(C(F)(F)F)C(F)(F)F)cc2)c2ccc(OC(F)F)c(OC(F)F)c2)cc[n+]1[O-],CHEMBL105164
DEC_0910,decoy,NCCN(CCN)CCNC1CCCCCCCCCCCCCCC1,CHEMBL21667
DEC_1331,decoy,O=C(N[C@H]1CSCCN(Cc2cc(C(F)(F)F)cc(C(F)(F)F)c2)C1=O)c1ccc(OP(=O)(O)O)cc1,CHEMBL280668
DEC_0517,decoy,C=CCOC(=O)NC(CC(=O)O)C(=O)COc1cc(-c2ccccc2)ccc1C(N)=O,CHEMBL31785
DEC_3973,decoy,[N-]=[N+]=NCCCCC1(C(=O)N[C@@H](Cc2ccc(NC(=O)c3c(Cl)cccc3Cl)cc2)C(=O)O)CCCC1,CHEMBL82984
DEC_3832,decoy,CCCc1cc(=O)oc2c(C(O)CC)c(OCC)c3c(c12)OC(C)(C)C=C3,CHEMBL7693
DEC_1581,decoy,COc1ccc(C[C@H]2NC(=O)/C=C/C[C@@H]([C@H](C)[C@H]3O[C@@H]3c3ccccc3)OC(=O)[C@H](C(C)C)OC(=O)CCNC2=O)cc1,CHEMBL88039
DEC_4207,decoy,CCN(CC)C(=O)N1C[C@H](N)[C@H](C(=O)O)C1,CHEMBL280143
DEC_2359,decoy,CN1CCC23c4c5ccc(O)c4O[C@H]2C=C[C@H](N(CCCl)CCCl)[C@H]3C1C5,CHEMBL12397
DEC_1387,decoy,Clc1cccc(N2CCN(CCCN3CCc4c([nH]c5ccccc45)C3)CC2)c1,CHEMBL412872
DEC_4010,decoy,CC1=C(C(=O)NCCCN2CCC(c3ccc(F)cc3C#N)CC2)[C@@H](c2ccc(F)c(F)c2)CC(=O)N1,CHEMBL43491
DEC_1343,decoy,CC(C)S(=O)(=O)NC(=O)c1cccc(NC(=O)N[C@@H]2N=C(C3CCCCC3)c3ccccc3N(C)C2=O)c1,CHEMBL75019
DEC_2763,decoy,c1ccc2c(c1)[nH]c1c(-c3ccsc3)nccc12,CHEMBL39183
DEC_2134,decoy,CC[C@@]12O[C@@H]1Cc1c(O)c3c(c(O)c1[C@H]2C(=O)OC)C(=O)c1cccc(O)c1C3=O,CHEMBL277251
DEC_2310,decoy,CN(Cc1coc2nc(N)nc(N)c12)c1cc(Cl)c(Cl)c(Cl)c1,CHEMBL278110
DEC_1774,decoy,COc1ccc(C[C@H]2NC(=O)/C=C/C[C@@H](C(=O)C#Cc3ccccc3)OC(=O)[C@H](CC(C)C)OC(=O)[C@H](C)CNC2=O)cc1,CHEMBL274130
DEC_0498,decoy,CC(=O)c1ccc(C(=O)NCCNCC(O)COc2cccc3c2OCCO3)cc1,CHEMBL30600
DEC_2573,decoy,CC(C)(C)NC(=O)NC[C@@H]1Cc2ccccc2CN1/C(S)=N/C[C@H]1CCCN1C(=O)OC(C)(C)C,CHEMBL38511
DEC_3569,decoy,Nc1ncc(Cc2ccc(C(F)(F)F)cc2)c(N)n1,CHEMBL418769
DEC_3457,decoy,CNC(=O)[C@@H](NC(=O)[C@H](CC(C)C)[C@@H](C(=O)NO)C1CC1)C(C)(C)C,CHEMBL26753
DEC_0091,decoy,COc1ccc(OC)c2c1CC[C@@H]1NCCCC21,CHEMBL33405
DEC_2719,decoy,CCCc1c(OCC(O)CN2CCN(Cc3ccc(Cl)cc3)CC2)ccc2c(O)c([N+](=O)[O-])c(=O)oc12,CHEMBL286017
DEC_0625,decoy,C[C@H](NC(=O)[C@H](C)NC(=O)[C@@H]1CCCN1C(=O)[C@@H]1CCCN1C(=O)[C@@H](O)[C@H](N)Cc1ccccc1)C(=O)N[C@@H](CS)C(N)=O,CHEMBL78505
DEC_3780,decoy,O=C(O)Cc1cccc(CC2C3CCC(O3)C2c2nc(C(=O)NCCCCC3CCCCC3)co2)c1,CHEMBL285596
DEC_4247,decoy,CCCc1c(O)n(Cc2ccc(Cl)cc2)c2nc3c(c(=O)n(C)c(=O)n3C)n2c1=O,CHEMBL273405
DEC_3088,decoy,C[C@@H](/N=c1\c(O)c(O)\c1=N/c1ccc(C#N)cc1C(=O)c1ccccc1)C(C)(C)C,CHEMBL275166
DEC_3091,decoy,CCC(C)(O)C#Cc1nc(NCc2ccc(Cl)cc2)c2ncn(C(C)C)c2n1,CHEMBL24484
DEC_3481,decoy,O=C(O)CCC/C=C\C[C@@H]1[C@H](O)CC[C@H]1NS(=O)(=O)c1ccc(Cl)cc1,CHEMBL19933
DEC_1037,decoy,O=S(=O)(CC(F)(F)F)c1nc(-c2ccc(F)cc2)c(-c2ccc(F)cc2)[nH]1,CHEMBL277165
DEC_1582,decoy,CNc1ccc(/C=C/C(=O)N2C[C@@H](CBr)c3c2cc(OC(=O)N(C)C)c2c3C(=O)[C@](C)(C(=O)OC)N2)cc1,CHEMBL19964
DEC_2267,decoy,C#CCN(C1=NCCN1)c1c(Br)cccc1Br,CHEMBL20816
DEC_2875,decoy,COc1cccc(Oc2c(NS(=O)(=O)c3ccc(C(C)(C)C)cc3)ncnc2OCCOc2ncc(Cl)cn2)c1,CHEMBL114964
DEC_0284,decoy,O=C1C2CCCCN2C(=O)N1CN1CCN(c2cccc3c2OCCO3)CC1,CHEMBL34287
DEC_2209,decoy,O=C(O)CCc1ccccc1CC1C2CCC(O2)C1c1nc(C(=O)NC2CCCCC2)co1,CHEMBL31334
DEC_0172,decoy,Nc1nc2ccnc(-c3ccc(F)cc3)n2n1,CHEMBL278540
DEC_0110,decoy,COc1ccc(CC2c3cc(OC)c(OC)cc3CCN2c2nc(N)c3cc(OC)c(OC)cc3n2)cc1OC,CHEMBL24619
DEC_2502,decoy,CCOC(=O)/C=C/[C@H](CCC(N)=O)NC(=O)[C@H](Cc1ccccc1)n1cccc(NC(=O)OCc2ccccc2)c1=O,CHEMBL297089
DEC_3233,decoy,CCC1C(=O)N2C=CSC2N(Cc2cc(OC)cc(OC)c2)C1=O,CHEMBL28939
DEC_0811,decoy,O=S1(=O)CCn2c1nc(-c1ccc(F)cc1)c2-c1ccc(F)cc1,CHEMBL279790
DEC_2558,decoy,Brc1ccc2c(c1)CC=C(c1ccccc1)C(N1CCNCC1)=N2.O=C(O)/C=C/C(=O)O,CHEMBL17018
DEC_1683,decoy,CCCn1c(=O)c2nc(-c3ccc(OCC(=O)NCCNC(C)=O)cc3)[nH]c2n(CCC)c1=O,CHEMBL265739
DEC_0088,decoy,N#Cc1ccc(C(c2ccc(C#N)cc2)n2ccnc2)cc1,CHEMBL29482
DEC_2275,decoy,COc1ccnc(C[S+]([O-])c2nc3cc(F)c(OC(F)F)cc3[nH]2)c1C,CHEMBL273600
DEC_3307,decoy,CC1=C(C(=O)OC(c2ccccc2)c2ccccc2)N2C(=O)[C@@H](NC3=NCCN3)C2SC1,CHEMBL274203
DEC_3408,decoy,O=[N+]([O-])c1ccccc1Cn1c2c(c3ccccc31)C[C@@]1(O)[C@H]3Cc4ccc(O)c5c4[C@@]1(CCN3CC1CC1)[C@H]2O5,CHEMBL300071
DEC_0698,decoy,CC[C@@]1(O)C(=O)OCc2c1cc1n(c2=O)Cc2cc3c(CN(C)C)c(O)ccc3nc2-1,CHEMBL84
DEC_1380,decoy,N#Cc1ccc2c(c1)c(C1=CCN(CCN3CCNC3=O)CC1)cn2-c1ccc(F)cc1,CHEMBL268970
DEC_2000,decoy,COc1ccnc(C[S+]([O-])c2nc3cc(OC(F)(F)C(F)F)ccc3[nH]2)c1OC,CHEMBL9638
DEC_0216,decoy,Nc1ncnc2c1ncn2[C@H]1O[C@@H](CO)C=C1F,CHEMBL27662
DEC_0449,decoy,CCCC(=O)O[C@]1(C(=O)COC(=O)C(C)C)CCC2C3C[C@H](F)C4=CC(=O)C=CC4(C)[C@@]3(F)C(O)CC21C,CHEMBL63709
DEC_2291,decoy,CON(C)C1=NC(=O)/C(=C/c2cc(C(C)(C)C)c(O)c(C(C)(C)C)c2)S1,CHEMBL16855
DEC_4023,decoy,C#CCN(Cc1cc2c(O)nc(C)nc2cc1C)c1ccc(C(=O)NCc2cccc([N+](=O)[O-])c2)c(F)c1,CHEMBL268453
DEC_1757,decoy,CC(=O)NCc1ccn(-c2cc3c(cc2C(F)(F)F)[nH]c(=O)c(=O)n3CC(=O)O)c1,CHEMBL12358
DEC_2263,decoy,CC(C)N(C1=NCCN1)c1c(Br)cccc1Br,CHEMBL19915
DEC_0076,decoy,CC(C)(C)C1CCC2(CC1)OOCCCOO2,CHEMBL27792
DEC_1816,decoy,CC[C@H]1Cc2cc3c(C(F)(F)F)cc(O)nc3cc2N[C@@H]1C,CHEMBL7053
DEC_1100,decoy,CC(C)CCCc1nc2c([nH]1)N1C(=N[C@@H]3CCC[C@@H]31)N(C)C2=O,CHEMBL278254
DEC_0281,decoy,O=C1C2C3CCC(C4CCC43)C2C(=O)N1CCCCN1CCN(c2ncccn2)CC1,CHEMBL283075
DEC_2725,decoy,CCCCc1nc(Cl)c(COC)n1Cc1ccc(N2C(=O)C3(C)CC(C)(C(=O)O)CC(C)(C3)C2=O)cc1,CHEMBL309954
DEC_3097,decoy,COc1cc2c(c(OC)c1O)-c1ccc(OC)c(=O)cc1[C@@H](NC(=O)C(F)(F)F)CC2,CHEMBL27910
DEC_3589,decoy,Cc1noc(Cc2ccc3[nH]cc(CCN)c3c2)n1,CHEMBL39712
DEC_0629,decoy,Cn1c2ccnc(N3CCOCC3)c2c2ncnc(N3CCN(CCc4ccc(F)c(F)c4)CC3)c21,CHEMBL28629
DEC_3198,decoy,CCc1ccc(O)c([S+]([O-])c2ccc(Cl)cc2)c1,CHEMBL282117
DEC_1259,decoy,COc1ccc(S(=O)(=O)N(Cc2ccc3c(c2)OCO3)[C@H](CCC(=O)N2CCN(S(C)(=O)=O)CC2)C(=O)NO)cc1,CHEMBL80487
DEC_1914,decoy,CCCc1cc(=O)oc2c(C(=O)[C@H](C)[C@H](C)O)c(O)c3c(c12)OC(C)(C)C=C3,CHEMBL7242
DEC_3480,decoy,C[C@H](NC(c1cccc2nc(O)c(O)nc12)P(=O)(O)O)c1ccccc1,CHEMBL268920
DEC_2774,decoy,CCCc1nccc2c1[nH]c1cc(F)ccc12,CHEMBL14441
DEC_0569,decoy,COc1cc(C[S+]([O-])c2nc3cc(OC(F)(F)C(F)F)ccc3[nH]2)ncc1C,CHEMBL10075
DEC_3515,decoy,CCc1cc2c(Sc3ccccn3)ncnc2s1,CHEMBL266799
DEC_1120,decoy,C=C(c1c(C)ccc(C)c1OCC(O)CNC(C)(C)C)n1ccnc1,CHEMBL15516
DEC_0598,decoy,CCCCc1nc2ccc(C3CCC4CCCCC4O3)cc2c(=O)n1Cc1ccc(-c2ccccc2-c2nn[nH]n2)cc1,CHEMBL301827
DEC_0056,decoy,CC(C)(C)C12COC(c3ccc(C#N)cc3)(OC1)OC2,CHEMBL10438
DEC_3085,decoy,CC(C)=CC[C@@H](OC(=O)c1ccccc1)C1=CC(=O)c2c(O)ccc(O)c2C1=O,CHEMBL8805
DEC_4077,decoy,CCN(C)S(=O)(=O)c1ccc(Oc2c(C)cc(-n3ncc(=O)[nH]c3=O)cc2Cl)c(Cl)c1,CHEMBL56934
DEC_2877,decoy,COc1cc(C(=O)N2CCN(C(=O)c3cc(OC)c(OC)c(OC)c3)C(COC(=O)CC(C)(C)C)C2)cc(OC)c1OC,CHEMBL6232
DEC_2277,decoy,CN1C(=O)C=C[C@]2(C)C3CC[C@@]4(C)C(CC[C@@]4(O)C#CCCCO)C3CCC12,CHEMBL430283
DEC_1716,decoy,OC(CNCC(O)C1CCc2cc(F)ccc2O1)C1CCc2cc(F)ccc2O1,CHEMBL434394
DEC_3157,decoy,CCN(CC)CC#CCCCC1SCCCS1,CHEMBL41257
DEC_2393,decoy,COCO[C@@H]1CC(=O)OC[C@H](C)C(=O)O[C@@H](C(C)C)C(=O)N(C)[C@H]1Cc1ccccc1,CHEMBL40066
DEC_1254,decoy,COc1ccc(S(=O)(=O)N(Cc2ccc3c(c2)OCO3)[C@H](CCC(=O)N2CCN(C(=O)c3ccco3)CC2)C(=O)NO)cc1,CHEMBL76736
DEC_2341,decoy,NC/C(=N\O)c1ccc(Sc2cc(F)cc(C3CCOCC3)c2)cc1,CHEMBL25514
DEC_3656,decoy,CCCOP(=O)(OCC1C=CC(n2cc(C)c(=O)[nH]c2=O)O1)OCC(Cl)(Cl)Cl,CHEMBL19243
DEC_1008,decoy,O=C(Cn1cc(C(F)(F)F)ccc1=O)NCc1cc2cc(C(=O)N3CCC(N4C(=O)OCc5cccc(F)c54)CC3)ccc2o1,CHEMBL30910
DEC_3689,decoy,CCCN(CCCON1C(=O)CC2(CCCC2)CC1=O)C1COc2cccc(OC)c2C1,CHEMBL28287
DEC_4011,decoy,Cc1cc(C(=O)NCCN2CCOCC2)[nH]c1/C=C1\C(=O)N(C)c2ncnc(Nc3ccc(F)c(Cl)c3)c21,CHEMBL443268
DEC_3214,decoy,N#Cc1ccc(Nc2c(NC3CC4CCC3C4)c(=O)c2=O)cc1,CHEMBL19077
DEC_1162,decoy,CC(=O)OCC1=C(C(=O)O)N2C(=O)[C@@H](NC(=O)CN(OCc3ccccc3Cl)C(=O)Nc3ccccc3)C2SC1,CHEMBL8502
DEC_2925,decoy,CN1C(=O)[C@H](NC(=O)Nc2cccc(C(=O)NCCSCc3csc(N=C(N)N)n3)c2)N=C(c2ccccc2)c2ccccc21,CHEMBL280980
DEC_1864,decoy,O=C(NC1CCCC(NC(=O)NC23CC4CC(CC(C4)C2)C3)C1)NC12CC3CC(CC(C3)C1)C2,CHEMBL13488
DEC_0058,decoy,CO[C@H]1O[C@]2(C)OO[C@]13[C@H](CCO)CCC[C@@H]3C[C@@H]2C,CHEMBL277457
DEC_2896,decoy,CC(=O)N[C@@H]1Cc2ccc(cc2)Oc2cc(ccc2O)C[C@H](C(=O)O)NC(=O)[C@H](Cc2ccc(O)cc2)NC1=O,CHEMBL85928
DEC_1353,decoy,CC(C)(C)OC(=O)Nc1ccc2c(c1)CN(S(=O)(=O)c1ccc(-c3ccc(F)cc3)cc1)[C@@H](C(=O)NO)C2,CHEMBL294426
DEC_1103,decoy,CCCC(CCC)c1nc2c([nH]1)N1C(=N[C@@H]3CCC[C@@H]31)N(C)C2=O,CHEMBL280307
DEC_3815,decoy,O=C(O)C(CCN1C(=O)c2cc3ccccc3cc2C1=O)CC1(C(=O)NCCN2CCOCC2)CCCCC1,CHEMBL418631
DEC_2456,decoy,CCCCc1cn(-c2ccccc2C)c(=O)n1Cc1ccc(-c2ccccc2-c2nn[nH]n2)nc1,CHEMBL276689
DEC_2857,decoy,CCOc1nc2cccc(C(=O)OCOC(=O)OC(C)C)c2n1Cc1ccc(-c2ccccc2-c2nn[nH]n2)cc1,CHEMBL77050
DEC_4170,decoy,CCN(CC)CCn1nc2c3c(c(CNC)ccc31)Sc1ccccc1-2,CHEMBL30099
DEC_3178,decoy,Oc1cc2c(cc1Sc1ccncc1)OCC2,CHEMBL7517
DEC_3572,decoy,CC(C)(S)CN1CCN(CC(C)(C)S)CC1,CHEMBL416253
DEC_4076,decoy,Cc1cn(C2OC(COC(c3ccccc3)(c3ccccc3)c3ccccc3)CC2F)c(=O)nc1N,CHEMBL42188
DEC_0475,decoy,CCCn1c(=O)c2nc(-c3cc(NC(=O)CCC(=O)O)nn3C)[nH]c2n(CCC)c1=O,CHEMBL32952
DEC_3835,decoy,COC1(c2csc(Sc3ccc4c(c3)CC/C4=N\O)c2)CCOCC1,CHEMBL283523
ACT_096,active,Cn1cc(C(=O)c2ccc(Cl)cc2Cl)cc1C(=O)NN=C(N)COc1ccc(F)cc1,CHEMBL1518851
DEC_3415,decoy,CCCCc1nc2ccc(I)cc2c(=O)n1Cc1ccc(-c2ccccc2-c2nn[nH]n2)cc1,CHEMBL286260
DEC_2890,decoy,CC(O)C(CP(=O)(O)O)OCn1ccc(N)nc1=O,CHEMBL275871
DEC_2530,decoy,CC(=O)N[C@@H](Cc1ccc(OP(=O)(O)O)cc1)C(=O)NC(C)c1nc(SCC2CCCCC2)c(C(N)=O)n1C,CHEMBL22598
DEC_3676,decoy,CCCCc1nc(CCCC)n(Cc2ccc(-n3cc([N+](=O)[O-])cc3-c3nn[nH]n3)cc2)n1,CHEMBL12548
DEC_3641,decoy,O=C(N[C@H]1c2ccccc2C[C@H]1O)[C@H](Cc1ccccc1)C[C@H](O)CN1C(=O)[C@@H](Cc2ccccc2)C[C@@H]1Cc1ccccc1,CHEMBL263072
DEC_2736,decoy,c1cnc(NC23CC4CC(CC(C4)C2)C3)nc1,CHEMBL274035
DEC_4146,decoy,C=C(c1c(Cl)cc(Cl)cc1OCC(O)CNC(C)C)n1ccnc1,CHEMBL15453
DEC_3693,decoy,CC(C)CCn1c(Cn2c(=O)n(S(=O)(=O)C(C)C)c3ccccc32)nc2ccccc21,CHEMBL15082
DEC_2876,decoy,COc1cccc(Oc2c(NS(=O)(=O)c3ccc(C(C)(C)C)cc3)ncnc2OCCCOc2ncc(C)cn2)c1,CHEMBL430515
DEC_2403,decoy,CCSc1nnc(-c2nc(C(C)(C)C)c(O)c(C(C)(C)C)n2)s1,CHEMBL17218
DEC_0789,decoy,CN1Cc2sc(N)cc2C(c2ccc(Br)cc2)C1,CHEMBL16208
DEC_0924,decoy,CCCCCc1cc(O)c2c(c1)OC(C)(C)[C@@H]1CC[C@H](C)[C@H](O)C21,CHEMBL10475
DEC_0070,decoy,Cc1ccc(C(O)(c2cncnc2)C(C)C)s1,CHEMBL29491
DEC_2221,decoy,COc1ccc2c3c1OC1[C@H](O)[C@](CO)(CCCCc4ccccc4)CC4C(C2)N(C)CCC341,CHEMBL268196
ACT_020,active,CCCCN1C(=O)NC(=O)C2(Cc3c(nc4ccccn4c3=O)N3CCc4ccccc4C32)C1=O,CHEMBL1580712
DEC_0015,decoy,COc1ccc(CCNCC(O)COc2ccc(COCc3ncc[nH]3)cc2)cc1OC,CHEMBL11080
DEC_2955,decoy,Cc1ccnc(C)c1CNC(=O)[C@H]1N(C(=O)[C@@H](O)C[C@@H](Cc2ccccc2)C(=O)N[C@H]2c3ccccc3OC[C@H]2O)CSC1(C)C,CHEMBL299884
DEC_3040,decoy,Cn1ncc2c1nc(N)n1nc(-c3ccco3)nc21,CHEMBL277589
DEC_1330,decoy,CN1CCN([C@H]2CC[C@H](n3nc(-c4ccc(NCc5cc6ccccc6[nH]5)cc4)c4c(N)ncnc43)CC2)CC1,CHEMBL45683
DEC_1435,decoy,C=C(C)CN1CCN(CC(C)C)C(C2=NCCN2)C1,CHEMBL446611
DEC_1568,decoy,CN(CCO)C1CC(=O)N([C@H]2CC3CC[C@]2(CS(=O)(=O)N2CCC4(CCc5ccccc54)CC2)C3(C)C)C1=O,CHEMBL20171
DEC_0092,decoy,COc1ccc(OC)c2c1CC[C@H]1NCCCC21,CHEMBL286702
DEC_1970,decoy,Cc1cc(CCCOc2c(C)cc(-c3noc(CC(F)(F)F)n3)cc2C)on1,CHEMBL28454
DEC_0066,decoy,CN1C[C@H](CC#N)C=C2c3cccc4c3[C@@H](CN4)C[C@H]21,CHEMBL285723
DEC_1993,decoy,COCCN(CCOC)c1nn2c(-c3ccc(OC(C)C)cc3)nnc2c2ccccc12,CHEMBL430276
DEC_1696,decoy,Cc1cccc(OC[C@H](O)/C=C/C2[C@H](O)CC(=O)[C@@H]2C/C=C\CCCC(=O)NS(C)(=O)=O)c1,CHEMBL30211
DEC_0399,decoy,Nc1ccc(S(=O)(=O)Nc2ccc(Cl)c3c(Cl)c[nH]c23)cc1,CHEMBL21099
DEC_1058,decoy,C[S+]([O-])c1ccc(-c2nc(-c3cccc(Cl)c3)c(-c3ccncc3)[nH]2)cc1,CHEMBL17389
DEC_0841,decoy,COc1cnc(C[S+]([O-])c2nc3cc(OCC(F)(F)F)ccc3[nH]2)c(C)c1OC,CHEMBL9992
DEC_0732,decoy,CCN(CC)Cc1cc(Nc2nc(/N=C(\N)Nc3ccc(Cl)c(Cl)c3)nc3c2CCCC3)ccc1O,CHEMBL279060
DEC_2659,decoy,NCC1CCCC(CNC(=O)[C@H](Cc2c[nH]c3ccccc23)NC(=O)N2CCC3(C=Cc4ccccc43)CC2)C1,CHEMBL305279
DEC_2948,decoy,CC(C)(C)NC(=O)[C@@H]1CN(Cc2noc3ccccc23)CCN1C[C@@H](O)C[C@@H](Cc1ccccc1)C(=O)NC1c2ccccc2C[C@H]1O,CHEMBL359236
DEC_3997,decoy,CC1=C(C(=O)NCC(C)CN2CCC(C#N)(c3ccccn3)CC2)[C@@H](c2ccc(F)c(F)c2)CC(=O)N1,CHEMBL42053
DEC_0448,decoy,C[C@@H](n1cnc2cc(-c3ccc(C#N)cc3)sc2c1=O)[C@](O)(Cn1cncn1)c1ccc(F)cc1F,CHEMBL299891
DEC_3661,decoy,CC[C@@](OC)(c1cc(F)cc(OCc2ccc3c(ccc(=O)n3C)c2)c1)c1nccs1,CHEMBL21987
DEC_2806,decoy,CC1(C)OC(S)=Nc2ccc(-c3cc(Br)cc(OC(F)(F)F)c3)cc21,CHEMBL26763
DEC_0979,decoy,C[C@@H]1CC[C@H]2[C@@H](C)C(CC3(CC4OC5O[C@]6(C)CC[C@H]7[C@H](C)CC[C@@H]([C@H]4C)C57OO6)CO3)OC3O[C@]4(C)CCC1C32OO4,CHEMBL10183
DEC_2831,decoy,CCOc1ccc(Sc2nc(N)nc3c2ncn3CCOCP(=O)(OCC(F)(F)F)OCC(F)(F)F)cc1,CHEMBL107674
DEC_2535,decoy,CC(C)CCn1cc(NC(=O)c2cc(NC=O)cn2C)cc1C(=O)Nc1cc(C(=O)NCCCN(C)C)n(C)c1,CHEMBL66928
DEC_1357,decoy,N=C(N)NCCC(=O)N1CCN(c2ccnc3cc(Cl)ccc23)CCN(c2ccnc3cc(Cl)ccc23)CC1,CHEMBL296265
DEC_0205,decoy,Nc1ncnc2c1ncn2[C@H]1C=C[C@@H](CO)O1,CHEMBL290427
DEC_1247,decoy,CC1=NN(c2ccc([N+](=O)[O-])cc2)C(=O)C1[N+](=O)[O-].Cc1[nH]cnc1CSCC/N=C(\N)NCCCc1cn(C)cn1,CHEMBL30578
DEC_0098,decoy,Cc1c(-c2ccc(-n3ccnc3)cc2)cnc(O)c1C#N,CHEMBL274206
DEC_1641,decoy,CNC(=O)[C@@H]1CCCN(C(C)=O)CCCCO[C@H](C(=O)NO)[C@@H](CCCc2ccccc2)C(=O)N1,CHEMBL32325
DEC_0268,decoy,O=C1c2ccccc2S(=O)(=O)N1CCCCN1CCN(c2ccccn2)CC1,CHEMBL28292
DEC_1952,decoy,CCOc1c(Br)cc(-c2c(N)nc(N)nc2CC)cc1Br,CHEMBL22271
DEC_3952,decoy,CC(=O)Nc1ccc(CN2CCC[C@@H]2C/N=C(\S)N2Cc3ccccc3C[C@H]2CNC(=O)Nc2ccccc2)cc1,CHEMBL290919
ACT_036,active,C[N+]1(C)CCc2nc(C(=O)N3CCN(S(=O)(=O)c4ccc5cc(Cl)ccc5c4)CC3)sc2C1,CHEMBL318566
DEC_3686,decoy,[O-][n+]1ccc(CC(c2ccc(C3(O)CC3)cc2)c2ccc(OC(F)F)c(OC(F)F)c2)cc1,CHEMBL35440
DEC_0998,decoy,COC(=O)CN1Cc2c(c3c4ccccc4n4c3c3c2c2ccccc2n3[C@]2(C)O[C@H]4C[C@H](N(C)C(=O)c3ccccc3)[C@@H]2OC)C1=O,CHEMBL131456
DEC_2809,decoy,O=S1(=O)c2cccc3cccc(c23)N1CCN1CCC(Cc2cc3cc(F)ccc3[nH]2)CC1,CHEMBL19270
DEC_2010,decoy,C=CCC1=C[C@]2(OC)[C@H](C)[C@@H](c3ccc(OC)c(OC)c3)O[C@]2(OC)CC1=O,CHEMBL33562
DEC_2695,decoy,C=C(CC[C@H](O)[C@@]1(C)CC[C@H](C(C)(C)O)O1)[C@H]1CC[C@H]2O[C@@H]([C@]3(C)CC[C@@H](C(C)(C)OC)O3)CC[C@]2(C)O1,CHEMBL280735
DEC_4073,decoy,CC(C)Oc1c(C(=O)Nc2nn[nH]n2)n(-c2ccccc2)c2ccc(OCc3ccccc3)cc12,CHEMBL29780
DEC_0743,decoy,CCN(CC)Cc1cc(Nc2cc(C(F)(F)F)nc(/N=C(\N)Nc3ccc(C(F)(F)F)cc3)n2)ccc1O,CHEMBL22439
DEC_1030,decoy,CC1(C)NC(c2ccc(-c3nc(-c4ccc(F)cc4)c(-c4ccncc4)[nH]3)cc2)=NO1,CHEMBL17339
DEC_2603,decoy,COc1cc(C2c3cc4c(cc3N=C3COC(=O)N32)OCO4)cc(OC)c1OC,CHEMBL9207
DEC_1833,decoy,c1ccc2c(CCNCc3c[nH]c4ccccc34)c[nH]c2c1,CHEMBL269653
DEC_2294,decoy,COc1cc2c3c4c(cc5c3n(c2cc1OC)C(=O)CC5(C)C)CCNC4,CHEMBL280340
DEC_3683,decoy,CC(=O)c1c(-c2ccc(Cl)cc2)c(-c2ccc(Cl)cc2)nn(CCCN(C)C)c1=O,CHEMBL31238
DEC_0890,decoy,CC12CC3(C)CC(C)(C1)CC(NC(=O)N(CCCl)N=O)(C2)C3,CHEMBL11985
DEC_1867,decoy,Cc1cc(-c2c(F)cc3c(=O)c(Cc4c(O)cc(O)cc4O)cn(C4CC4)c3c2F)cc(C)n1,CHEMBL428339
DEC_2122,decoy,CC[C@@]1(O)C(=O)OCc2c1cc1n(c2=O)Cc2c-1nc1cnc(C#N)cc1c2C,CHEMBL13998
DEC_2737,decoy,c1c[nH]c(C2NCCc3c2[nH]c2ccccc32)c1,CHEMBL38559
DEC_2001,decoy,C(=C/c1ccc2ccccc2n1)\c1ccc(OCc2ccccc2Cc2nnn[nH]2)cc1,CHEMBL275866
DEC_1901,decoy,COc1cc2c(Nc3ccc(Br)cc3F)ncnc2cc1OCCC1CCNCC1,CHEMBL26641
DEC_0834,decoy,[N-]=[N+]=NC1C(N)C(OCc2ccccc2)OC(CO)C1OCc1ccccc1,CHEMBL16982
DEC_2469,decoy,Cc1cn(C2OC(COC(c3ccccc3)(c3ccccc3)c3ccccc3)CC2O)c(=O)[nH]c1=O,CHEMBL42376
DEC_1540,decoy,N=C(N)N1CCC[C@@H](C[C@H]2C(=O)N(C(=O)N3CCN(C(=O)CCCCCc4ccccc4)CC3)[C@@H]2C(=O)O)C1,CHEMBL70738
DEC_1645,decoy,CC(C)c1nc2sc3c(c2c(-c2ccc(F)cc2)c1/C=C/[C@@H](O)C[C@@H](O)CC(=O)[O-])CCC3.[Na+],CHEMBL23581
DEC_0210,decoy,Nc1ncnc2c1ncn2C1OC(CO)C=C1O,CHEMBL279909
DEC_0040,decoy,CCCCc1nc(Cl)c(CC(=O)OC)n1Cc1ccc(NC(=O)CCCC(=O)O)cc1,CHEMBL25574
DEC_3802,decoy,O=C(O)CCCc1ccc(Oc2nccc(-c3c(-c4ccc(F)cc4)ncn3C3CCNCC3)n2)cc1,CHEMBL13950
DEC_1192,decoy,Cc1nsc(-c2ccc(N3CCN(c4cccc(F)c4)CC3)nn2)n1,CHEMBL14713
DEC_3853,decoy,Cc1cc(-c2noc(C3CC3)n2)cc(C)c1OCCCc1cc(CO)no1,CHEMBL29074
DEC_0745,decoy,CCNS(=O)(=O)Oc1cc(C(C)(C)C)c(SC2=C(O)OC(C)(CCc3ccc(O)cc3)CC2=O)cc1C,CHEMBL71472
DEC_1592,decoy,CCCCc1nc2ccc([C@@H]3[C@@H]4C(=O)OC[C@@H]4ON3C)cc2c(=O)n1Cc1ccc(-c2ccccc2-c2nn[nH]n2)cc1,CHEMBL298943
DEC_2815,decoy,O=S1(=O)c2cccc3cccc(c23)N1CCN1CC=C(Cc2c[nH]c3ccc(F)cc23)CC1,CHEMBL19051
DEC_2786,decoy,O=S1(=O)c2cccc3cccc(c23)N1CCCN1CC=C(c2c[nH]c3ccc(F)cc23)CC1,CHEMBL18224
ACT_070,active,NC(N)=NCCCNC(=O)[C@@H]1CS[C@H]2CC[C@H](N)C(=O)N21,CHEMBL332578
DEC_2351,decoy,O=C1C2C3C=CC(C4CC34)C2C(=O)N1CCCCN1CCN(c2ccc(Cl)nn2)CC1,CHEMBL29218
DEC_4062,decoy,COc1ccccc1-c1nc(S(=O)(=O)C(F)(F)C(F)F)[nH]c1-c1ccccc1OC,CHEMBL17770
DEC_3340,decoy,Cc1ccccc1/C=C1\CSCC2C1=NN(CCCN1CCN(C)CC1)C2c1ccccc1C,CHEMBL434595
DEC_1011,decoy,O=C(Cn1cc(C(F)(F)F)ccc1=O)NCc1cc2cc(C(=O)N3CCC(N4C(=O)OCc5cc(F)ccc54)CC3)ccc2o1,CHEMBL283039
DEC_1360,decoy,Cc1cc(C(=O)Nc2ccc(-c3ccccc3S(N)(=O)=O)cc2)n(-c2cc3ccccc3cc2S(N)(=O)=O)n1,CHEMBL295034
DEC_2472,decoy,Cc1cc(Br)c2ncn([C@H](C)[C@](O)(Cn3cncn3)c3ccc(F)cc3F)c(=O)c2c1,CHEMBL56212
DEC_3291,decoy,Cc1nc2c(n1Cc1ccc(-c3ccccc3-c3nn[nH]n3)cc1)C(O)(CC(=O)O)CCCC2,CHEMBL43861
DEC_3751,decoy,COc1ccc2cc(C(C)C(=O)N[C@@H](CC(C)C)C(=O)NCC(=O)NCC(=O)O)ccc2c1,CHEMBL21689
DEC_0247,decoy,CC1(C)N=C(N)N=C(N)N1c1ccccc1S,CHEMBL278292
DEC_3416,decoy,CCOC(=O)/C=C/C(=O)NCC(=O)NCC(=O)N[C@@H]1CC[C@@]2(O)C3Cc4ccc(O)c5c4C2(CCN3CC2CC2)[C@H]1O5,CHEMBL53066
DEC_0245,decoy,Cc1cc(Cc2cnc(N)nc2N)cc(C)c1O,CHEMBL417833
DEC_1550,decoy,CNC(=O)[C@@H]1CCCCN(S(=O)(=O)c2ccc(N)cc2)CCC[C@H](C(=O)NO)[C@@H](CC(C)C)C(=O)N1,CHEMBL24347
DEC_0905,decoy,CC1(C)CC(=O)c2c(SCCO)sc(-c3cc[nH]n3)c2C1,CHEMBL17466
DEC_1215,decoy,CCN(CC)C(=O)C1CCN(c2nc(N)c3cc(OC)c(OC)cc3n2)CC1,CHEMBL267705
DEC_3933,decoy,CC(Cc1c[nH]c2ccccc12)(NC(=O)OC1[C@H]2C[C@@H]3C[C@@H](C[C@H]1C3)C2)C(=O)NCCc1ccc(Br)cc1,CHEMBL432389
DEC_0428,decoy,C#CCOc1ccc(CC[C@](C)(O)[C@H]2C[C@@]34C=C[C@]2(OC)[C@@H]2Oc5c(OC)ccc6c5C23CCN(C)C4C6)cc1,CHEMBL301038
DEC_0592,decoy,CC1=C(C#N)C(c2ccccc2C(F)(F)F)/C(=C(\O)OCCN(C)Cc2ccccc2)C(CSc2ccccc2)=N1,CHEMBL72842
DEC_3525,decoy,Nc1ccc(-c2nc(-c3ccco3)no2)c(Cl)c1,CHEMBL21314
DEC_2132,decoy,CCC1(O)C(=O)OCc2c1cc1n(c2=O)Cc2c-1nc1ccc(CC#N)cc1c2C,CHEMBL10611
DEC_2101,decoy,CC1(C)O[C@H]2[C@H](Br)[C@@H](Br)CO[C@@]2(COS(N)(=O)=O)O1,CHEMBL283704
DEC_0404,decoy,Cc1ccc(NS(=O)(=O)c2ccc(N)cc2)c2[nH]cc(Cl)c12,CHEMBL277922
DEC_1067,decoy,CCC(C)(O)C#Cc1nc(Nc2ccc(Cl)c(Cl)c2)c2ncn(C(C)C)c2n1,CHEMBL26513
DEC_2248,decoy,O=S(=O)(c1nc(-c2ccc(F)cc2)c(-c2ccc(F)cc2)[nH]1)C(F)(F)F,CHEMBL18235
DEC_4118,decoy,O=C1CN(Cc2cncn2Cc2ccc(-c3ccc(OC(F)(F)F)cc3)nc2)CCN1c1cccc(Cl)c1,CHEMBL23219
DEC_1585,decoy,COCC(=O)OCC(=O)[C@@]1(OC(=O)c2ccco2)[C@H](C)CC2C3CCC4=CC(=O)C=CC4(C)[C@@]3(F)C(O)CC21C,CHEMBL289625
DEC_0302,decoy,Cc1noc(C)c1C(c1ccc(C(C)C)cc1)N1CC[N+](C)(C)CC1,CHEMBL22273
DEC_3229,decoy,CC(/N=c1\c(O)c(O)\c1=N/c1ccc(C(F)(F)F)cc1)C(C)(C)C,CHEMBL19104
DEC_1559,decoy,Nc1nc(CCNC(=O)[C@@H]2CC[C@H]3CN(S(=O)(=O)C(c4ccccc4)c4ccccc4)CC(=O)N32)c[nH]1,CHEMBL17845
DEC_3645,decoy,CC(=O)O[C@@H](CC[C@@H](OC(C)=O)[C@]1(C)CC[C@H]([C@@](C)(O)CCC=C(C)C)O1)[C@@]1(C)CC[C@H]([C@@](C)(O)CCC=C(C)C)O1,CHEMBL64581
DEC_2005,decoy,CCN(CC)CCn1nc2c3c(c(CNC=O)ccc31)Sc1ccc(OC)cc1-2,CHEMBL280609
DEC_3290,decoy,CCCn1c(=O)c2nc(-c3cc(NC(=O)Cc4cccc(OC)c4)nn3C)[nH]c2n(CCC)c1=O,CHEMBL445056
DEC_1919,decoy,Br.Br.N=c1ccn(CCCCn2ccc(=N)cc2)cc1,CHEMBL35210
DEC_1910,decoy,CCCC1Nc2ccc(C(C)C)cc2C(=O)N1Cc1ccc(-c2ccccc2-c2nn[nH]n2)cc1,CHEMBL415982
DEC_2880,decoy,CCO/C(O)=C1\C(C)=NC(C)=C(C(=O)OCCCN2C(=O)c3ccccc3S2(=O)=O)C1c1ccccc1[N+](=O)[O-],CHEMBL79226
DEC_1998,decoy,c1ccc2nc(COc3ccc(OCc4ccc(Cc5nnn[nH]5)cc4)cc3)ccc2c1,CHEMBL18816
DEC_0354,decoy,O=C1NCN(c2ccc(Cl)cc2)C12CCN(CCCN(c1ccc(F)cc1)c1ccc(F)cc1)CC2,CHEMBL294876
DEC_1855,decoy,CC1=CCCC2[C@](C)(Cc3cc(O)ccc3O)[C@@H](C)CC[C@]12C,CHEMBL23015
ACT_094,active,CC(C)n1c(CNc2ccc(C(=N)N)cc2F)nc2cc(C(=O)N(CCC(=O)O)c3ccc(F)c(Cl)c3)ccc21,CHEMBL3741020
DEC_3590,decoy,Cn1c(=O)c2nc(-c3ccc(O)cc3)[nH]c2n(C)c1=O,CHEMBL27047
DEC_0541,decoy,C=C(C)[C@H]1Cc2c(ccc3c2OC2COc4cc(OC)c(OC)cc4C2/C3=N/O)O1,CHEMBL266067
DEC_1336,decoy,C[C@@H]1C[C@H]2O[C@@H]2/C=C\C=C\C(=N/OCC(=O)NCC2CCCCC2)Cc2c(Cl)c(O)cc(O)c2C(=O)O1,CHEMBL85730
DEC_2419,decoy,CC12CCC3C4CCC(=O)C=C4CCC3C1CC[C@@]21CCS(=O)O1,CHEMBL16415
DEC_2176,decoy,N=C(N)c1ccc(/C=C/CCC(=O)N[C@@H](CC(=O)O)C(=O)N[C@@H](Cc2ccccc2)C(=O)O)cc1,CHEMBL432124
DEC_2781,decoy,CC(C)(C)C1=CC(=C/C=C/c2cc(C(C)(C)C)[o+]c(C(C)(C)C)c2)C=C(C(C)(C)C)O1.[Cl-],CHEMBL429561
DEC_0102,decoy,Nc1ccnc2c1nnn2C1COC(COP(=O)(OCC(Cl)(Cl)Cl)OCC(Cl)(Cl)Cl)C1,CHEMBL117805
DEC_1301,decoy,CO/N=C(\COCc1ccccc1C)C(CCN1CCC(O)(c2ccccc2)CC1)c1ccc(Cl)c(Cl)c1,CHEMBL417490
DEC_0919,decoy,CCCC(=O)O[C@H](CC=C(C)C)C1=CC(=O)c2c(O)ccc(O)c2C1=O,CHEMBL8806
DEC_0951,decoy,CN1CCN(Cc2cc(Nc3cc(C(F)(F)F)nc(Nc4nc5cc(C(=O)c6ccccc6)ccc5[nH]4)n3)ccc2O)CC1,CHEMBL24184
DEC_2598,decoy,COc1ccc2c(nc(Nc3c(C)cccc3Cl)c3cnc(/C=N/O)n32)c1OC,CHEMBL29191
DEC_1579,decoy,COc1ccc(-n2nnnc2C(F)(F)F)cc1[C@H]1COCC2(C1)OCCN(Cc1n[nH]c(O)n1)[C@H]2c1ccc(F)cc1,CHEMBL83250
DEC_3643,decoy,CCCCc1nc(Cl)c(CCC(=O)OC)n1Cc1ccc(NC(=O)[C@H](Cc2ccccc2)n2cccc2C(=O)OC)cc1,CHEMBL295311
DEC_0636,decoy,Nc1ncnc2c1ncn2C[C@]1(O)CC[C@H]2CN(C(c3ccccc3)c3ccccc3)CCN2C1,CHEMBL20739
DEC_3062,decoy,O=C(O)Cc1nn(Cc2nc3cc(C(F)(F)F)c(O)cc3s2)c(=O)c2ccccc12,CHEMBL20884
DEC_3114,decoy,COc1ccc2c3c1OC1[C@H](O)[C@](CO)(CCCCCCc4ccccc4)CC4C(C2)N(C)CCC341,CHEMBL264088
DEC_3215,decoy,O=C(O)c1cc(O)c2c(C(F)(F)F)cc(C(F)(F)F)cc2n1,CHEMBL22222
DEC_0680,decoy,CN1CCC23c4c5ccc(O)c4OC2[C@H](O)[C@](CO)(CCc2ccccc2)CC3C1C5,CHEMBL9636
DEC_2365,decoy,CN(Cc1ccc(Cl)cc1)S(=O)(=O)c1ccc(-n2ncc(=O)[nH]c2=O)cc1Cl,CHEMBL275718
DEC_3123,decoy,O=C(O)CCNC(=O)CCC(NC(=O)c1cc(Cl)cc(Cl)c1)C(=O)N1CCC2(CCCC2)CC1,CHEMBL30634
DEC_2746,decoy,CC(C)(C)c1cc(Cl)c(O)c(CCCN)c1,CHEMBL10693
DEC_3803,decoy,CCCCc1ncc(C(=O)O)n1Cc1ccc(NC(=O)[C@H](Cc2ccccc2)n2cccc2C(=O)OC)cc1,CHEMBL297405
DEC_3459,decoy,CC1(CCCCC(=O)O)c2ccccc2-c2nc(O)c3nc(C(=O)O)cn3c21,CHEMBL19194
DEC_0319,decoy,COc1cc2c(c(OC)c1OC)-c1ccc(SC)c(=O)cc1[C@@H](NCc1ccc(C#N)cc1)CC2,CHEMBL416773
DEC_2004,decoy,CCCCc1nc(C(O)c2ccc(-c3ccccc3-c3nn[nH]n3)cc2)n(CCCC)n1,CHEMBL428889
DEC_2390,decoy,C(=C1CCN(Cc2ccc(C3=NCCN3)cc2)CC1)c1ccc(C2=NCCN2)cc1,CHEMBL276449
DEC_3075,decoy,CCOc1ccc(CNc2nc(C#CC(C)(O)CC)nc3c2ncn3C(C)C)cc1,CHEMBL282330
DEC_1561,decoy,CC[C@H]1OC(=O)C[C@@H](O)[C@H](C)[C@H]2OCC[C@H]2C[C@@H](C)C(=O)/C=C/C(C)=C/[C@@H]1CO[C@@H]1O[C@H](C)[C@@H](O)[C@@H](OC)[C@H]1OC,CHEMBL287813
DEC_3982,decoy,C=C1C[C@@]23O[C@]2(c2ccccc21)C1CC(OC(=O)[C@H](O)[C@@H](NC(=O)NC(C)C)c2ccccc2)C3(C)C1(C)C,CHEMBL32399
DEC_2476,decoy,CC(C)C1=CC2CC3(C=O)[C@@H]4CC[C@@H](C)[C@H]4CC2(CO[C@H]2CN(C/C=C\Cl)[C@H](C)CO2)[C@]13C(=O)O,CHEMBL34686
DEC_2511,decoy,CCCCC(C(=O)N[C@@H](CC(=O)O)C(=O)COc1ccccc1)n1cncc(NC(=O)c2cccc3ccccc23)c1=O,CHEMBL324470
DEC_0521,decoy,O=C(NCC(O)CO)c1cc(N(CCCl)CCCl)c([N+](=O)[O-])cc1[N+](=O)[O-],CHEMBL281563
DEC_2949,decoy,O=C(O)c1cc(F)c(CCNC(=O)[C@H](CC(F)F)NC(=O)[C@@H]2C[C@@H](c3ccccc3)CN2C(=O)[C@H](O)C2CCCC2)c(F)c1,CHEMBL308654
DEC_0328,decoy,Oc1ccc2c3c1O[C@H]1c4c(c5ccccc5n4Cc4ccccc4)C[C@@]4(O)C(C2)N(CC2CC2)CCC314,CHEMBL26708
DEC_2543,decoy,O=S(=O)(Nc1ccc(CCNC[C@H](O)c2cccnc2)cc1)c1ccc(-n2ncc(Cc3cccc(F)c3)n2)cc1,CHEMBL63963
DEC_1403,decoy,CN(C)C[C@H]1CCn2c(c(C3=C(c4cn(C)c5ccccc45)C(=O)NC3=O)c3ccccc32)C1,CHEMBL26501
DEC_3769,decoy,CCN(Cc1ccc2nc(C)[nH]c(=O)c2c1)c1ccc(C(=O)N[C@@H](CCC(=O)O)C(=O)O)cc1,CHEMBL44037
DEC_3611,decoy,COc1ccc(-c2nc(SCCCCCN(CCc3nnn[nH]3)C(=O)NC(C)C)[nH]c2-c2ccc(OC)cc2)cc1,CHEMBL301924
DEC_2660,decoy,NC[C@@H]1CCC[C@H](CNC(=O)[C@H](Cc2c[nH]c3ccccc23)NC(=O)N2CCC3(C=Cc4ccccc43)CC2)C1,CHEMBL71723
DEC_4173,decoy,O=C(O)COCCCCC1=CCC[C@@H]1NS(=O)(=O)c1ccc(F)cc1F,CHEMBL277879
DEC_2091,decoy,N=C(N)c1ccc(CC(=O)CCC(=O)N[C@@H](CC(=O)O)C(=O)N[C@@H](Cc2ccccc2)C(=O)O)cc1,CHEMBL301812
DEC_3907,decoy,CCCn1c(=O)c2nc(-c3ccc(S(=O)(=O)Oc4cccc([N+](=O)[O-])c4)cc3)[nH]c2n(CCC)c1=O,CHEMBL266099
DEC_1660,decoy,NS(=O)(=O)c1cc(N2CCN(CC(O)COc3cccc4c3CCC(=O)N4)CC2)ccc1Cl,CHEMBL40599
DEC_3299,decoy,O=C(O)C(CCCCn1cnc2c1NC=NCC2O)(Cc1ccccc1C(F)(F)F)C(=O)O,CHEMBL288742
DEC_1440,decoy,CC(C)C(C)NC1=NS(=O)(=O)c2cnccc2N1,CHEMBL32111
DEC_3115,decoy,CC(C)NC(=O)OCc1c(COC(=O)NC(C)C)c(-c2ccc(Cl)c(Cl)c2)n2c1CC(O)C2,CHEMBL27667
DEC_0450,decoy,CC(C)C1=CC2CC3(C=O)[C@@H]4CC[C@@H](C)[C@H]4CC2(CO[C@@H]2O[C@H](C)[C@H]4OC[C@@H](C)[C@H]4[C@@H]2O)C13C(=O)O,CHEMBL295312
DEC_2442,decoy,C[C@H](N)Cc1c2ccoc2c(Br)c2ccoc12.Cl,CHEMBL263083
DEC_1807,decoy,COCC1=C(C(=O)OC)[C@H](c2ccc(F)c(F)c2)N(C(=O)N[C@H]2CC[C@@H](N3CCN(c4ccccc4C#N)CC3)C2)C(=O)N1,CHEMBL300821
DEC_0997,decoy,O=C(Cn1cc(C(F)(F)F)ccc1=O)NCc1cc2cc(C(=O)N3CCC(N4C(=O)OCc5ccccc54)CC3)c(F)cc2o1,CHEMBL287101
DEC_3701,decoy,CN1CCN(c2ccc(-c3cc(NCCCCN4CCCC4)c4ccccc4n3)cc2)CC1,CHEMBL25707
DEC_4238,decoy,COc1cc(/C=C/c2nc3c(c(=O)n(C)c(=O)n3C)n2C)cc(OC)c1OC/C=C/CN,CHEMBL283406
DEC_0822,decoy,Cc1csc2c1C(N1CCN(C)CC1)=Nc1cc(F)ccc1N2,CHEMBL14605
DEC_1721,decoy,CCNC(C)C1CCN(c2cc3c(c(N)c2F)c(=O)c(C(=O)O)cn3C2CC2)C1,CHEMBL15312
DEC_3108,decoy,CC(C)CNS(=O)(=O)c1ccc2c(c1)/C(=C/c1[nH]c3c(c1CCCN(C)C)CCCC3)C(=O)N2,CHEMBL299724
DEC_3936,decoy,CNC(=O)[C@@H](NC(=O)C(CCc1ccccc1)CP(=O)(O)Cc1ccc(Cc2ccccc2F)cc1)C(C)(C)C,CHEMBL310270
DEC_0317,decoy,CN1CCN(c2ccc3nc(-c4ccc5nc(-c6ccc(O)cc6)[nH]c5c4)[nH]c3c2)CC1.Cl.Cl.Cl,CHEMBL34922
DEC_3544,decoy,CCC1CCC(NC(=O)N(CCCl)N=O)CC1,CHEMBL274809
DEC_3789,decoy,CNC(=O)[C@H](NC(=O)C(CCC(F)(F)F)CP(=O)(O)Cc1ccc(Cc2ccccc2)cc1)C(C)(C)C,CHEMBL24573
DEC_3304,decoy,C#CCN(Cc1ccc2nc(C)nc(O)c2c1)c1ccc(C(=O)N[C@@H](C(=O)O)C(C)(C)C)cc1,CHEMBL6663
DEC_3436,decoy,CC[C@@H](C=O)NC(=O)[C@@H]1C[C@@H](OCc2ccccc2)CN1C(=O)[C@H](NC(=O)[C@H](NC(=O)c1cnccn1)C(C)C)C(C)C,CHEMBL407674
DEC_3629,decoy,CO/N=C(\COCc1cc(OC)cc(OC)c1)C(CCN1CCC(O)(c2ccccc2)CC1)c1ccc(Cl)c(Cl)c1,CHEMBL284396
DEC_3986,decoy,CCOC(=O)N[C@@H](c1cccs1)[C@@H](O)C(=O)OC1CC2C(C)(C)C1(C)[C@@]13C[C@H](C)c4ccccc4[C@@]21O3,CHEMBL416029
DEC_1846,decoy,Clc1ccc2c(c1)[C@H]1OCC[C@H]1[C@@H](c1c[nH]c3ccccc13)N2,CHEMBL281822
DEC_3888,decoy,CC1(C)C2CC[C@@]1(CS(=O)(=O)N1CCC3(CCc4ccccc43)CC1)[C@@H](N1C(=O)CC(NCCN)C1=O)C2,CHEMBL429971
DEC_1709,decoy,COc1ccccc1-c1ccc(C[C@H](NC(=O)[C@@]2(C(=O)N3CCN(C)CC3)CCCO2)C(=O)O)cc1,CHEMBL287165
DEC_1497,decoy,CC(C)(C)/N=c1\c(O)c(O)\c1=N/Cc1c(Cl)cccc1Cl,CHEMBL19477
DEC_2561,decoy,CO[C@H]1[C@H](O)[C@H]2[C@@H](O[C@@H]1CO)n1c3ccccc3c3c4c(c5c6ccccc6n2c5c31)C(=O)N(C)C4=O,CHEMBL283823
DEC_3828,decoy,COc1ccc(CCNCC(O)COc2ccc(-c3nc(Br)c[nH]3)cc2Cl)cc1OC,CHEMBL11092
DEC_1350,decoy,Cc1cc(C(=O)N2CCOCC2)[nH]c1/C=C1\C(=O)Nc2ncnc(Nc3ccc4c(ccn4Cc4ccccc4)c3)c21,CHEMBL67057
DEC_2116,decoy,CCC(=O)N[C@@H]1CCC2(O)C3Cc4ccc(O)c5c4C2(CCN3CC2CC2)[C@H]1O5,CHEMBL283948
DEC_0362,decoy,Cc1cc(C)c(NC(=O)C(C)(C)CCCc2ccc(CC(C)C)cc2)c2c1CC(C)(C)O2,CHEMBL424404
DEC_0394,decoy,O=C1NC(=O)c2c1c1c3ccccc3[nH]c1c1[nH]c3ccccc3c21,CHEMBL268368
DEC_2066,decoy,CC(C)C[C@H](NC(=O)c1cc2ccccc2cn1)C(=O)N[C@@H](CC(=O)O)C(=O)N[C@H](C(N)=O)[C@@H](C)O,CHEMBL409117
DEC_1002,decoy,CCO/C(O)=C1\C(C)=NC(c2ccccc2)=C(C(=O)OCc2cccc(I)c2)C1C#Cc1ccccc1,CHEMBL86647
DEC_0277,decoy,O=C1[C@@H]2[C@H]3CC[C@H](C3)[C@@H]2C(=O)N1CCCCN1CCN(c2ncccn2)CC1,CHEMBL274047
DEC_0671,decoy,CC(=O)Oc1cc(OC(C)=O)c2c(c1)C(=O)c1cc(CBr)cc(OC(C)=O)c1C2=O,CHEMBL40230
DEC_0515,decoy,CC(C)C[C@H](NC(=O)[C@H](CC#Cc1ccc(F)cc1F)NCP(=O)(O)O)C(=O)O,CHEMBL289150
DEC_1878,decoy,FC(F)(F)c1ccc(Nc2nc(NCCCN3CCCCC3)nc3ccccc23)cc1,CHEMBL32017
DEC_0737,decoy,O=C(NC[C@@H]1Cc2ccccc2CN1/C(S)=N/C[C@H]1CCCN1Cc1ccccc1O)Nc1ccccc1,CHEMBL40409
DEC_0753,decoy,O=P(O)(O)C(CCc1cccc2ccccc12)N[C@@H](Cc1ccc(-c2ccccc2)cc1)c1nnn[nH]1,CHEMBL285619
DEC_1327,decoy,CC(=O)[C@@H]1Cc2c(c(O)cc3c(=O)c4ccccc4oc23)[C@@H](OC2C[C@@H](NC(=O)C(F)(F)F)[C@@H](O)C(C)O2)C1,CHEMBL307619
DEC_1870,decoy,Cc1cc(-c2c(F)cc3c(=O)c(Cc4cccc(O)c4O)cn(C4CC4)c3c2F)cc(C)n1,CHEMBL7690
DEC_0975,decoy,CN1CCN(Cc2cc(Nc3cc(C(F)(F)F)nc(/N=C(\N)Nc4ccc(C(=O)c5ccccc5)cc4)n3)ccc2O)CC1,CHEMBL279016
DEC_3046,decoy,Cn1nc(-c2ccc(F)cc2F)n(C)c1=S,CHEMBL22642
DEC_1275,decoy,CC1=C(C(=O)OCCN(C)C)C(c2ccccc2OC(C)C)N2C=C(c3c(Cl)cccc3Cl)SC2=N1,CHEMBL41808
DEC_1764,decoy,COc1ccc(C[C@H]2NC(=O)/C=C/C[C@@H]([C@@](C)(O)C#Cc3ccccc3)OC(=O)[C@H](CC(C)C)OC(=O)CCNC2=O)cc1,CHEMBL266678
DEC_1481,decoy,Cc1cc(C#N)ccc1/N=c1\c(O)c(O)\c1=N/[C@H](C)C(C)(C)C,CHEMBL273362
DEC_3839,decoy,Cc1cc(CCCOc2c(C)cc(-c3noc(C(F)F)n3)cc2C)on1,CHEMBL27742
DEC_1975,decoy,CC[C@](COC)(OC)c1cc(F)cc(OCc2ccc3c(ccc(=O)n3C)c2)c1,CHEMBL21651
DEC_1039,decoy,CCC(C)NCc1ccc2n1-c1ccccc1SC2C1=CCC(OC)(OC)C=C1,CHEMBL24998
DEC_0775,decoy,CC(C)C[C@@H](COC1CC(=O)N1C(=O)N[C@@H](C)c1ccccc1)NC(=O)[C@@H](NC(=O)OC(C)(C)C)C(C)(C)C,CHEMBL32166
DEC_2467,decoy,CC(C)(C)[Si](C)(C)OCC1OC(n2ccc(N)nc2=O)C(O[Si](C)(C)C(C)(C)C)C1C#N,CHEMBL299357
DEC_3715,decoy,CC(C)(C)OC(=O)N[C@@H](CCC(N)=O)C(=O)N[C@H](Cc1cn(C=O)c2ccccc12)C(=O)N[C@@H](Cc1ccccc1)C(=O)O,CHEMBL294065
DEC_3681,decoy,CO[C@H]1[C@H]2O[C@H]2[C@@H](OCC23C[C@@H]4[C@H](C)CC[C@H]4C4(C=O)CC2C=C(C(C)C)C34C(=O)O)O[C@@H]1C,CHEMBL286043
DEC_2336,decoy,O=C1O[C@H](c2ccc(Cl)cc2)[C@@](Cn2cncn2)(c2ccc(Cl)cc2)O1,CHEMBL10531
DEC_1041,decoy,Oc1nc(-c2ccc(-c3nc(-c4ccc(F)cc4)c(-c4ccncc4)[nH]3)cc2)no1,CHEMBL280457
DEC_2007,decoy,COc1cc(C(C)O)ccc1OCCCN1CCC(c2noc3cc(F)ccc23)CC1,CHEMBL14394
DEC_3231,decoy,Cc1c(CSc2cccc3ccccc23)cnc2nc(N)nc(N)c12,CHEMBL23584
DEC_2370,decoy,CNCC1CN(c2c(F)cc3c(=O)c(C(=O)O)cn(C4CC4)c3c2F)CCO1,CHEMBL282127
DEC_1691,decoy,CC1(C)NC(=O)N(CC(COc2ccc(-c3ccc(S(C)(=O)=O)cc3)cc2)N(O)C=O)C1=O,CHEMBL285296
DEC_3870,decoy,N#Cc1ccc(Nc2c(NC(c3ccccc3)C(F)(F)F)c(=O)c2=O)cc1,CHEMBL19133
DEC_0968,decoy,COC(=O)C1=C(C)N=C(C)/C(=C(/O)OC)N1c1cccc(NC(=O)NCCCN2CCC(c3cccc(OC)c3)CC2)c1,CHEMBL116230
DEC_2842,decoy,CSc1cnc(OCCOc2ncnc(NS(=O)(=O)c3ccc(C(C)(C)C)cc3)c2-c2ccc(CO)cc2)nc1,CHEMBL114298
DEC_0194,decoy,CN(C)c1cccc2c1CN1CC(=O)NC1=N2,CHEMBL31502
DEC_1584,decoy,COCC(=O)OCC(=O)[C@@]1(OC(=O)c2ccco2)[C@H](C)CC2C3CCC4=CC(=O)C=CC4(C)[C@@]3(Cl)C(O)CC21C,CHEMBL289793
DEC_3255,decoy,Nc1nc(N)c2c([S+]([O-])c3ccc4ccccc4c3)cccc2n1,CHEMBL6726
DEC_2366,decoy,NC(=O)c1c2n(c3c(N4CCN(CCc5ccc(F)c(F)c5)CC4)ncnc13)CCCC2,CHEMBL26599
DEC_1494,decoy,O=C(O)Cc1cn2c3c(nc(O)c2n1)-c1cccc(CC(=O)O)c1C3,CHEMBL433424
DEC_3866,decoy,Cc1cc2c(s1)CCC(CN[C@H]1CC[C@@H](Oc3ccccc3)[C@@H]1O)C2=O,CHEMBL14987
DEC_1829,decoy,CC/C(=C(/CC(F)(F)F)c1ccc(O)cc1)c1ccc(O)cc1,CHEMBL29318
DEC_4220,decoy,C[C@@H](O)[C@H]1C(=O)N2C(C(=O)[O-])=C(Sc3nc4c(C[n+]5ccn(C)c5)csc4s3)C[C@H]12,CHEMBL33235
DEC_3083,decoy,COc1cc2c(Nc3ccc(C)cc3F)ncnc2cc1OCC1CCNCC1,CHEMBL428534
DEC_2156,decoy,CC(=O)N[C@@H](Cc1ccc(OP(=O)(O)O)cc1)C(=O)N[C@H](C(=O)NCCCc1ccccc1)C(C)C,CHEMBL274657
DEC_3463,decoy,CCN(CC)CCNC(=O)c1c(C)[nH]c(/C=C2\C(=O)Nc3ccccc32)c1C,CHEMBL275117
DEC_0932,decoy,CO/C1=C\C(C)=C\[C@@H](C)[C@@H](O)[C@@H](C)C/C(C)=C/C=C/[C@H](OC)[C@@H]([C@@H](C)[C@@H](O)[C@H](C)C(=O)/C=C/[C@H](C)C(O)C(C)C)OC1=O,CHEMBL54107
DEC_2835,decoy,CCO/C(O)=C1\C(COCc2cc(O)nc(SC)n2)=NC(C)=C(C(=O)OC)C1c1cccc(Cl)c1Cl,CHEMBL421698
DEC_2266,decoy,C=C(C)CCN(C1=NCCN1)c1c(Br)cccc1Br,CHEMBL20490
DEC_3812,decoy,CC(=O)Nc1ccc(N2CC(O)=C(C(=O)Nc3ccc(OCCCCCCCC(=O)O)cc3)C2=O)cc1,CHEMBL276212
DEC_1006,decoy,COc1cc2cc(C(=O)N3C[C@H]4C[C@@]45C3=CC(=O)c3[nH]c(C)c(C(=O)Sc4ccc6ccccc6c4)c35)[nH]c2c(OC)c1OC,CHEMBL433393
DEC_4039,decoy,CCN1C(=O)N(CC(COc2ccc(-c3ccc(C#N)cc3)cc2)N(O)C=O)C(=O)C1(C)C,CHEMBL288592
DEC_3559,decoy,Nc1nc(N)c2c(n1)CCC(Cc1ccsc1)C2,CHEMBL7586
DEC_2068,decoy,CC(C)C[C@H](NC(=O)c1cc2ccccc2o1)C(=O)N[C@@H](CC(=O)O)C(=O)NC(C)(O)CC(N)=O,CHEMBL296847
ACT_091,active,COc1cc(C)c(S(=O)(=O)NC[C@@H](O)[C@H](Cc2ccccc2)NCc2cccc(Cl)c2)c(C)c1C,CHEMBL201856
DEC_3767,decoy,CS(=O)(=O)Nc1cc([C@@H](O)CNC2CCN(c3ccc(C(=O)O)cc3)CC2)ccc1O,CHEMBL284311
ACT_100,active,O=C(COC(=O)c1[nH]nc2ccccc12)Nc1cccc(S(=O)(=O)N2CCOCC2)c1,CHEMBL1339683
DEC_3364,decoy,CCCCc1nc2ccc(C(C)OC)cc2c(=O)n1Cc1ccc(-c2ccccc2-c2nn[nH]n2)cc1,CHEMBL15154
DEC_3570,decoy,CC(C)NC1CCc2cc(O)c(O)cc2[C@H]1O,CHEMBL6898
DEC_1125,decoy,CCC(C)(C)/N=c1\c(O)c(O)\c1=N/Cc1c(C)cccc1Cl,CHEMBL20062
DEC_2056,decoy,Cc1ccccc1S(=O)(=O)N[C@@H](CNC(=O)C[C@@H]1CC(c2ccc(C(=N)N)cc2)=NO1)C(=O)O.O=C(O)C(F)(F)F,CHEMBL274943
ACT_069,active,CCOC(=O)c1c(C)oc2cc(OC)c(OCc3oc4cc(OC)c(OS(=O)(=O)O)cc4c3C(=O)OCC)cc12,CHEMBL1812010
DEC_1117,decoy,CCC(C)Cn1ncc2c1nc(N)n1nc(-c3ccco3)nc21,CHEMBL440458
DEC_0107,decoy,CCCC(=O)OCC(=O)[C@@]1(OC(=O)c2ccco2)[C@H](C)CC2C3CCC4=CC(=O)C=CC4(C)[C@@]3(F)C(O)CC21C,CHEMBL434398
DEC_0038,decoy,O=C(O)COCCCC[C@H]1[C@H](F)CC[C@@H]1NS(=O)(=O)c1ccc(Cl)c(Cl)c1,CHEMBL283340
DEC_0323,decoy,CCCC(=O)N[C@@H](c1ccccc1)[C@@H](O)C(=O)OC1CC2C(C)(C)C1(C)[C@@]13C[C@H](C)c4ccccc4[C@@]21O3,CHEMBL31626
DEC_0393,decoy,O=C1C(c2ccc(O)cc2)=C(c2ccc(O)cc2)c2ccc(O)cc21,CHEMBL281498
DEC_3983,decoy,C=C1C[C@@]23O[C@]2(c2ccccc21)C1CC(OC(=O)[C@H](O)[C@@H](NC(=O)OCC)c2cccs2)C3(C)C1(C)C,CHEMBL284516
DEC_3181,decoy,CCC1CCC(NC(=O)N(CCF)N=O)CC1,CHEMBL274792
DEC_0759,decoy,CCNCc1cc(Nc2nc(/N=C(\N)Nc3ccc(Cl)c(Cl)c3)nc3c2CCCC3)ccc1OC,CHEMBL22980
DEC_3776,decoy,Cc1nc2ccc(CN(C)c3ccc(C(=O)N[C@@H](CCC(=O)O)C(=O)O)cc3)cc2c(=O)[nH]1,CHEMBL40321
ACT_066,active,CCOC(=O)CN(Cc1cccc(F)c1)c1ccc2c(c1)N(C)CC(C)(COc1ccc(C(=N)N)cc1)O2,CHEMBL1808947
DEC_0132,decoy,CC1=NC(C)=C(C(=O)OCCN2C(=O)c3ccccc3S2(=O)=O)C(c2ccccc2Cl)/C1=C(\O)OC(C)(C)C,CHEMBL82718
DEC_1385,decoy,COc1cccc(-c2cc(Cl)ccc2C#CC(O)(c2ccc(C#N)cc2)c2cncn2C)c1,CHEMBL26068
DEC_0287,decoy,CCCCN(CC#N)S(=O)(=O)c1ccc(-n2ncc(=O)[nH]c2=O)cc1Cl,CHEMBL273477
DEC_0465,decoy,O=C(Oc1ccccc1)C1CC2(CO)C(=O)N(CCCCc3ccccc3)CC(=O)N2C1c1ccco1,CHEMBL14000
DEC_3616,decoy,O=S(=O)(Nc1ccc(CCNC[C@H](O)c2cccnc2)cc1)c1ccc(-c2coc(Cc3ccc(F)cc3)n2)cc1,CHEMBL418234
DEC_0609,decoy,CSc1ccccc1P(CCP(c1ccccc1SC)c1ccccc1SC)c1ccccc1SC,CHEMBL71747
DEC_0844,decoy,CSc1c2c(nc(N)n3nc(-c4ccco4)nc23)nn1CCCc1ccccc1,CHEMBL20445
DEC_3826,decoy,CCCCOc1cc(C(C)(C)C)ccc1C/N=C(\S)NCc1ccc(NS(C)(=O)=O)c(F)c1,CHEMBL48061
DEC_2592,decoy,O=C1c2ccccc2C(=O)N1OCCCN1CCN(c2nsc3ccccc23)CC1,CHEMBL10546
DEC_0677,decoy,O=C1C=CC(=O)N1[C@@H]1CCC2(O)C3Cc4ccc(O)c5c4C2(CCN3CC2CC2)C1O5,CHEMBL27652
DEC_0990,decoy,C[C@@H]1CC[C@H]2[C@@H](C)C(CC(CO)CC3OC4O[C@]5(C)CC[C@H]6[C@H](C)CC[C@@H]([C@H]3C)C46OO5)OC3O[C@]4(C)CCC1C32OO4,CHEMBL276845
DEC_2740,decoy,Cc1sc(C)c2c1CCC=C2c1c[nH]cn1,CHEMBL284795
DEC_4119,decoy,COc1ccc2c3c1OC1C(=O)[C@](C)(CCCCc4ccccc4)CC4C(C2)N(CC2CCC2)CCC314,CHEMBL9596
DEC_1373,decoy,OC(c1ccc(Cl)cc1Cl)C(O)(Cn1ccnc1)c1ccc(Cl)cc1Cl,CHEMBL10287
DEC_1848,decoy,Clc1ccc2c(c1)[C@H]1OCC[C@H]1[C@H](c1c[nH]c3ccccc13)N2,CHEMBL27218
DEC_3210,decoy,CCC(C)(C)/N=c1\c(O)c(O)\c1=N/Cc1cc(F)cc(F)c1,CHEMBL19879
DEC_1644,decoy,O=C(N[C@@H]1[C@@H](O)[C@H](n2cnc3c(NC4CCCC4)ncnc32)O[C@@H]1CO)c1ccc(F)c(Cl)c1,CHEMBL293371
ACT_047,active,Cc1cc2cc(N/C(=N\C(=O)c3ccc(C(=O)N(C)C)nc3)N[C@H]3CCCCN(CC(=O)N4CCCC4)C3=O)ccc2o1,CHEMBL570867
ACT_008,active,CCOC(=O)CSC1=N/C(=C/c2ccc(-n3cncn3)cc2)C(=O)N1C(C)=O,CHEMBL1462956
DEC_0357,decoy,CCC/C=C/c1c(C(C)C)nc(C(C)C)c(CO)c1-c1ccc(Cl)c(Cl)c1,CHEMBL279887
DEC_2386,decoy,N#Cc1c2n(c3c(N4CCN(CCc5ccccc5[N+](=O)[O-])CC4)ncnc13)CCCC2,CHEMBL26934
DEC_2696,decoy,COc1ccc2c3c1OC1[C@H](O)[C@](CO)(CCCCc4ccccc4)CC4C(C2)N(CC2CC2)CCC341,CHEMBL427651
DEC_2819,decoy,O=S1O[C@H](c2ccc(Cl)cc2Cl)[C@@](Cn2cncn2)(c2ccc(Cl)cc2)O1,CHEMBL275221
DEC_1868,decoy,Cc1c(/C=C/CN(C)C)nc(O)c2c1ccc1nc(Nc3c(Cl)cccc3Cl)n(C)c12,CHEMBL287175
DEC_3249,decoy,Cc1c(CCc2cccc3ccccc23)cnc2nc(N)nc(N)c12,CHEMBL23374
DEC_0266,decoy,O=C1CC2(CCCC2)CC(=O)N1OCCCN1CCN(c2ncccn2)CC1,CHEMBL274306
DEC_2764,decoy,Cc1ccc(NC23CC4CC(CC(C4)C2)C3)nc1,CHEMBL275867
DEC_3749,decoy,CCCC(N[C@@H](CC(C)C)C(=O)N[C@@H](Cc1c[nH]c2ccccc12)C(=O)O)P(=O)(O)O,CHEMBL279255
DEC_2052,decoy,N=C(N)c1ccc(C2=NOC(CC(=O)NC[C@H](NS(=O)(=O)c3cccs3)C(=O)O)C2)cc1.O=C(O)C(F)(F)F,CHEMBL17977
DEC_0173,decoy,CC1(C)N=C(N)N=C(N)N1c1ccc(F)cc1,CHEMBL7005
DEC_1005,decoy,C=CC[C@@H]1/C=C(\C)C[C@H](C)C(=O)OCC(C)(C)C(=O)C(=O)N2CCCC[C@H]2C(=O)O[C@H](CCc2ccccc2)[C@H](C)COC1=O,CHEMBL321246
DEC_3595,decoy,CC1(C)N=C(N)N=C(N)N1c1ccccc1C(F)(F)F,CHEMBL21636
DEC_1299,decoy,CC(=O)Nc1ccc(/C=C/C(=O)NC[C@@H]2CCCN2c2ccc(C)c(COc3cccc4ccc(C)nc34)c2C)cn1,CHEMBL55632
DEC_3145,decoy,OC1CCCN(CCCNc2nc(Nc3ccc(I)cc3)nc3ccccc23)C1,CHEMBL32089
DEC_0670,decoy,O=c1cnn(-c2ccc(S(=O)(=O)Nc3c(F)c(F)c(F)c(F)c3F)c(Cl)c2)c(=O)[nH]1,CHEMBL11506
DEC_0674,decoy,CC1=C(C(=O)OC(c2ccccc2)c2ccccc2)N2C(=O)[C@@H](NC3=NCC(C)N3)C2SC1,CHEMBL269316
DEC_4185,decoy,Nc1ccn(COC(CO)CO)c(=S)n1,CHEMBL290107
DEC_0684,decoy,Cc1c(N2C[C@H](F)[C@@H](C3(N)CC3)C2)c(F)c(N)c2c(=O)c(C(=O)O)cn([C@@H]3C[C@@H]3F)c12,CHEMBL268208
DEC_0667,decoy,Cn1c(=O)c2nc(-c3ccc(S(=O)(=O)Oc4cccc([N+](=O)[O-])c4)cc3)[nH]c2n(C)c1=O,CHEMBL9034
DEC_3739,decoy,Cc1nc2ccc(CN(C)c3cnc(C(=O)N[C@@H](CCC(=O)O)C(=O)O)nc3)cc2c(=O)[nH]1,CHEMBL40195
DEC_3723,decoy,CC(C)C[C@H](O)[C@H](O)[C@H](CC1CCCCC1)NC(=O)CNC(=O)[C@H](Cc1ccccc1)NS(=O)(=O)N1CCOCC1,CHEMBL60892
DEC_3908,decoy,O=C1[C@H]2Cc3c([nH]c4ccccc34)[C@@H](c3ccc4c(c3)OCO4)N2C(=O)CN1[C@@H]1CCN(CCc2cccnc2)C1,CHEMBL33518
DEC_2750,decoy,Cc1sc(C)c2c1CCCC2c1c[nH]cn1,CHEMBL30739
DEC_2115,decoy,CCC(=O)N[C@H]1CCC2(O)C3Cc4ccc(O)c5c4C2(CCN3CC2CC2)[C@H]1O5,CHEMBL20786
DEC_2218,decoy,Cc1cc(NCc2ccc(-c3ccccc3-c3nn[nH]n3)cc2)c(I)c(C)n1,CHEMBL33811
DEC_2839,decoy,COCCO/C(O)=C1\C(C)=NC(C)=C(C(=O)OCCCN2C(=O)c3ccccc3S2(=O)=O)C1c1cccc([N+](=O)[O-])c1,CHEMBL433332
DEC_2519,decoy,CCC(C(=O)N[C@@H](CC(=O)O)C(=O)CNCCc1ccccc1)n1cccc(NC(=O)c2ccc3ccccc3c2)c1=O,CHEMBL115090
DEC_0488,decoy,C/C=C/c1ccc(OCC(=O)NCC(O)CNC(=O)C2=CC(C)(C)NC2(C)C)c(OC)c1,CHEMBL15651
DEC_2215,decoy,Cc1cc(C)c(CC(=O)c2sccc2S(=O)(=O)Nc2onc(C)c2Cl)c(C)c1O,CHEMBL19921
DEC_2118,decoy,C[C@H]1C[C@H]2[C@@H]3CCC4=CC(=O)C=C[C@]4(C)[C@@]3(F)[C@@H](O)C[C@]2(C)[C@@]1(O)C(=O)CO,CHEMBL632
DEC_0042,decoy,C=CCc1ccc(OCC(=O)NCCCNC(=O)C2=CC(C)(C)NC2(C)C)c(OC)c1,CHEMBL418168
DEC_0024,decoy,C/C=C/c1ccc(OCC(=O)NCC(C)(C)CNC(=O)C2=CC(C)(C)NC2(C)C)c(OC)c1,CHEMBL442332
DEC_1009,decoy,O=C(Cn1cc(C(F)(F)F)ccc1=O)NCc1cc2cc(C(=O)N3CCC(N4C(=O)OCc5ccc(Cl)cc54)CC3)ccc2o1,CHEMBL31651
DEC_0031,decoy,CCCCC(=O)N[C@@H](CCC(=O)N1CCC(CCCC2CCNCC2)CC1)C(=O)O,CHEMBL30710
DEC_2046,decoy,CC(C)N(C(=O)[C@@H]1CCCN1C[C@H](O)[C@H]1Cc2ccc(cc2)OCCCC(=O)NC(CC(N)=O)C(=O)N1)C(C)C,CHEMBL84694
DEC_0606,decoy,CCCCc1nc2ccc([C@H]3C4CCCCCCC4ON3C)cc2c(=O)n1Cc1ccc(-c2ccccc2-c2nn[nH]n2)cc1,CHEMBL52880
DEC_0768,decoy,CC(=O)Nc1ccc(OP(=O)(Oc2ccc(NC(C)=O)cc2)C2CCCN2C(=O)C2CCCN2)cc1.Cl,CHEMBL265344
DEC_1887,decoy,Cc1cc(SC2=C(O)OC(CCc3ccc(O)cc3)(C3CC3)CC2=O)c(C(C)(C)C)cc1N,CHEMBL35271
DEC_2173,decoy,CCCCCN(CC(=O)O)C(=O)C(CCCN=C(N)N)NS(=O)(=O)c1cccc2c1CCCC2,CHEMBL286492
DEC_1830,decoy,CC/C(=C(\CC(F)(F)F)c1ccc(O)cc1)c1ccc(O)cc1,CHEMBL29306
DEC_2690,decoy,COc1ccc2c3c1OC1[C@H](O)[C@](CO)(CCCCCc4ccccc4)CC4C(C2)N(CC2CCC2)CCC341,CHEMBL9818
DEC_4165,decoy,CCCCCCCCC#Cc1ccc2c(c1)C[C@@H](CO)NC(=O)[C@H](C(C)C)N2C,CHEMBL6453
DEC_2226,decoy,CC(NC(=O)C(=O)N/N=C1\C[C@@H](c2ccccc2F)Nc2cc3c(cc21)OCO3)c1ccccc1,CHEMBL15983
DEC_3758,decoy,CS(=O)(=O)NC(=O)CCC/C=C\C[C@@H]1C(/C=C/[C@@H](O)COc2ccccc2)[C@H](O)C[C@@H]1O,CHEMBL29444
DEC_3668,decoy,CN(C)CCNc1ccc2c3c(c4cccc(Cl)c4cc13)C(=O)N(CCN(C)C)C2=O,CHEMBL40586
ACT_045,active,Cc1cc(OCC(F)CON=C(N)N)cc(OS(=O)(=O)c2ccccc2S(C)(=O)=O)c1,CHEMBL290455
DEC_3095,decoy,C=CC(=O)Nc1cnc2ncc(C#N)c(Nc3cccc(Br)c3)c2c1,CHEMBL281467
DEC_3369,decoy,C=CCO[C@]1(C)CCN2CC34CC5(C(=O)Nc6c5ccc5c6OC=CC(C)(C)O5)C(C)(C)C3CC21C(=O)N4C,CHEMBL41529
DEC_3060,decoy,O=C(O)C(CCCCn1cnc2c1NC=NCC2O)Cc1cccc(Br)c1,CHEMBL38113
DEC_0847,decoy,COc1cnc(C[S+]([O-])c2nc3cc4c(cc3[nH]2)OC(F)(F)O4)c(C)c1OC,CHEMBL9658
DEC_1045,decoy,CCNC(=O)/C(C(=O)OCC)=C(C)/C=C/C=C(C)/C=C/C1=C(C)CCCC1(C)C,CHEMBL14299
DEC_3985,decoy,CN(C)Cc1cc(Nc2cc(C(F)(F)F)nc(/N=C(\N)Nc3ccc(C(F)(F)F)cc3)n2)ccc1O,CHEMBL418013
DEC_3031,decoy,Cc1ccccc1-c1nnc(C2=NCCN2)s1,CHEMBL12502
DEC_2284,decoy,CN1CCN(c2nc(Cl)c(Br)c(NC3CCCC3)n2)CC1,CHEMBL31996
DEC_0751,decoy,C[S+]([O-])CCC1(C(=O)N[C@@H](Cc2ccc(NC(=O)c3c(Cl)cccc3Cl)cc2)C(=O)O)CCCC1,CHEMBL81952
DEC_4127,decoy,CCOC(=O)[C@@H]1/C(=C/C(=O)c2ccc(Cl)cc2)N=C(C)/C(=C(/O)OCC)[C@H]1c1ccccc1C(F)(F)F,CHEMBL297007
DEC_0171,decoy,O=C(O)c1cc2c(c(C(=O)O)c1)NCCS2,CHEMBL35713
DEC_0829,decoy,c1cc(C2=NCCN2)ccc1OC[C@@H]1C[C@H]1COc1ccc(C2=NCCN2)cc1,CHEMBL25403
DEC_3820,decoy,CCCn1c(=O)c2nc(-c3ccc(NC(=O)Cc4ccc(OC)c(OC)c4)cc3)[nH]c2n(CCC)c1=O,CHEMBL432273
DEC_4268,decoy,COc1ccc(Cn2c(O)c(CC=C(C)C)c(=O)n3c4c(nc23)N(C)CN(C)C4=O)cc1,CHEMBL280024
DEC_3906,decoy,O=C1N(CC2CC2)[C@H](Cc2ccc3c(c2)OCCO3)[C@H](O)[C@@H](O)[C@@H](Cc2ccc3c(c2)OCCO3)N1CC1CC1,CHEMBL36125
DEC_2231,decoy,CCCCc1nc2ccc(C(C)O)cc2c(=O)n1Cc1ccc(-c2ccccc2-c2nn[nH]n2)cc1,CHEMBL15225
DEC_1745,decoy,COc1cc(Cc2cnc(N)nc2N)cc(OCCC(=O)O)c1Br,CHEMBL418763
DEC_1095,decoy,Cc1cc(C#N)cc(Cl)c1C/N=c1\c(O)c(O)\c1=N/C(C)C(C)(C)C,CHEMBL19858
DEC_3968,decoy,CNC(=O)[C@@H](NC(=O)C(CCc1ccc(Cl)cc1)CP(=O)(O)Cc1ccc(Cc2ccccc2)cc1)C(C)(C)C,CHEMBL77163
DEC_3638,decoy,C[C@](Cc1c[nH]c2ccccc12)(NC(=O)OC1[C@H]2C[C@@H]3C[C@@H](C[C@H]1C3)C2)C(=O)N(CCCC(=O)O)CCc1ccccc1,CHEMBL317626
DEC_3684,decoy,CN1CCN(Cc2cccc(-c3cc(NCCCn4ccnc4)c4ccccc4n3)c2)CC1,CHEMBL21353
DEC_0139,decoy,CC(=O)OCC1=C(C(=O)OC(c2ccccc2)c2ccccc2)N2C(=O)[C@@H](Nc3nc4ccccc4s3)C2SC1,CHEMBL268942
DEC_0805,decoy,O=C1CCc2cc3c(c4c5cc6c(cc5n1c24)OCO6)CCNC3,CHEMBL280675
DEC_3674,decoy,COc1cccc2c1CCC[C@H]2CN(C)CCc1ccc2c(c1)CCN2S(=O)(=O)C(F)(F)F,CHEMBL9755
DEC_2846,decoy,CCOc1nc2cccc(C(=O)OC(C)OC(=O)OC(C)C)c2n1Cc1ccc(-c2ccccc2-c2nn[nH]n2)cc1,CHEMBL308290
DEC_0237,decoy,OCC1CCC(n2cnc3c(O)ncnc32)O1,CHEMBL39066
DEC_2982,decoy,CC(=O)OC1CCC(NC(=O)N(CCF)N=O)CC1,CHEMBL418159
DEC_2923,decoy,CC(=O)N[C@@H](Cc1ccc(OP(=O)(O)O)cc1)C(=O)N[C@H]1CSCCN(Cc2ccc(-c3ccccc3C#N)cc2)C1=O,CHEMBL285441
DEC_1810,decoy,COCC1=C(C(=O)OC)[C@H](c2ccc(F)c(F)c2)N(C(=O)N[C@H]2CC[C@@H](N3CCC(c4ccccn4)CC3)C2)C(=O)N1,CHEMBL57691
DEC_2335,decoy,COc1ccnc(C[S+]([O-])c2nc3cc4c(cc3[nH]2)OC(F)(F)O4)c1C,CHEMBL9539
DEC_0936,decoy,CCN(CC)c1ccc(NC(=O)CO/N=C2\C=C\C=C/[C@H]3O[C@@H]3C[C@@H](C)OC(=O)c3c(O)cc(O)c(Cl)c3C2)cc1,CHEMBL85612
DEC_1022,decoy,COc1cc(OC2CCN([C@H]3CCCc4c3ccc[n+]4[O-])CC2)c(F)cc1C(=O)N1CCC(N2C(=O)OCc3ccccc32)CC1,CHEMBL68800
DEC_0027,decoy,COCc1c[nH]c(-c2ccc(OCC(O)CNCCc3ccc(OC)c(OC)c3)cc2)n1,CHEMBL10998
DEC_3321,decoy,COC1[C@@H](Cn2cncn2)[C@H](COc2ccc(OC(C)(C)C)cc2)CC[C@@]1(C)CCN1CCOCC1,CHEMBL51917
DEC_1056,decoy,O=S(=O)(CC(F)(F)F)c1nc(-c2ccc(Cl)cc2)c(-c2ccc(Cl)cc2)[nH]1,CHEMBL274708
DEC_4139,decoy,C=C(c1c(Cl)ccc(Cl)c1OCC(O)CNCC(C)C)n1ccnc1,CHEMBL15575
DEC_3539,decoy,COc1cccc(-c2n[nH]c(-c3ccc(C)cc3)n2)c1,CHEMBL277993
DEC_2427,decoy,C[C@H](N)Cc1c2ccoc2c(C(F)(F)F)c2ccoc12.Cl,CHEMBL6907
DEC_3955,decoy,CCN(CC)Cc1cc(Nc2cc(C(F)(F)F)nc(/N=C(\N)Nc3ccc(C(F)(F)F)cc3)n2)ccc1OC,CHEMBL279710
DEC_2935,decoy,CC(C)(C)NC(=O)[C@@H]1CN(Cc2nc3ccccc3o2)CCN1C[C@@H](O)C[C@@H](Cc1ccccc1)C(=O)NC1c2ccccc2C[C@H]1O,CHEMBL147227
DEC_1779,decoy,O=S(=O)(NS(=O)(=O)N1CCc2c(Br)cccc2C1)N1CCc2c(Br)cccc2C1,CHEMBL21233
DEC_0068,decoy,CC1(C)C=C(n2ccc(C#N)c2)c2cc(C#N)ccc2O1,CHEMBL287985
DEC_1513,decoy,CO[C@@]12C(COC(N)=O)C3=C(C(=O)C=C(O/C(=N/C4CCCCC4)NC4CCCCC4)C3=O)N1CC1NC12,CHEMBL295324
DEC_1121,decoy,Cc1ccc(C)n1Nc1nnc(N2CCOCC2)c2c1CCCC2,CHEMBL11446
DEC_3019,decoy,CCC(C)(C)CCn1cnc2c(O)ncnc21,CHEMBL13159
DEC_4140,decoy,COc1cccc2c1CCC[C@H]2CN(C)CCc1ccc2c(c1)CCS2(=O)=O,CHEMBL10066
DEC_2817,decoy,CC(=O)O[C@H]1c2ccc(CN(C)C)n2-c2cccc(Cl)c2S[C@H]1c1ccccc1,CHEMBL284195
DEC_4240,decoy,Cn1c(=O)[nH]c2[nH]c(-c3ccc(S(=O)(=O)Oc4cccc([N+](=O)[O-])c4)cc3)nc2c1=O,CHEMBL267474
DEC_0348,decoy,Cc1cc(O)nnc1-c1ccc2nc(C3CC3)n(Cc3ccc(-c4ccccc4-c4nn[nH]n4)cc3)c2c1,CHEMBL24266
DEC_3871,decoy,CCCCCC(=O)O[C@H](CC=C(C)C)C1=CC(=O)c2c(O)ccc(O)c2C1=O,CHEMBL265619
DEC_1001,decoy,CN1C(=O)CN=C(c2ccccc2)c2cc(Cl)ccc21.O=C(OCc1cccs1)c1cnn2c1n[n+]([O-])c1ccc(Cl)cc12,CHEMBL153881
DEC_1452,decoy,Cc1cn(C2C=CC(CO)(N=[N+]=[N-])O2)c(=O)[nH]c1=O,CHEMBL287243
DEC_0865,decoy,COc1cc2[nH]c([S+]([O-])Cc3nccc(OC)c3OC)nc2cc1OC(F)F,CHEMBL9694
DEC_2683,decoy,Cc1cn(C2OC(COC(c3ccccc3)(c3ccccc3)c3ccccc3)C(N=[N+]=[N-])C2F)c(=O)[nH]c1=O,CHEMBL296496
DEC_2574,decoy,C=C[C@@]1(C)CC(=O)[C@]2(O)C3(C)C(C(O)C(OC(=O)Cn4cnc5ccccc54)[C@@]2(C)O1)C(C)(C)CC[C@@H]3O,CHEMBL54862
DEC_4058,decoy,CCC(C)(C)NC(=O)c1coc(C2C3CCC(O3)C2Cc2ccccc2CCC(=O)O)n1,CHEMBL281726
DEC_2646,decoy,Cc1c(C(=O)N[C@H](C)[C@](O)(Cn2cncn2)c2ccc(F)cc2F)cnn1-c1ccc(Br)cc1,CHEMBL301064
DEC_2233,decoy,Cc1cc(C)c(NC(=O)c2sccc2S(=O)(=O)Nc2onc(C)c2Cl)c(C)c1CC#N,CHEMBL18626
DEC_2272,decoy,Brc1cccc(Br)c1N(C1=NCCN1)C1CCCC1,CHEMBL417459
DEC_3043,decoy,O=C1NC(=O)C2(CCSc3ccccc32)O1,CHEMBL32613
DEC_0214,decoy,Nc1nc(S)c2ncn(/C=C3/C[C@@H]3CO)c2n1,CHEMBL37626
DEC_1780,decoy,CC(=O)N1[C@H]2N(C(=O)[C@@H]1CC(C)C)c1ccccc1[C@@]2(O)C[C@@H]1NC(=O)c2ccccc2-n2c1nc1ccccc1c2=O,CHEMBL298830
DEC_0174,decoy,O=C(O)[C@H]1CSC(c2cccc(O)c2O)=N1,CHEMBL11286
DEC_0349,decoy,C[C@@H](n1cnc2cc(-c3ccc(Cl)cc3)sc2c1=O)[C@](O)(Cn1cncn1)c1ccc(F)cc1F,CHEMBL51920
DEC_0353,decoy,C[C@@H]1CC2C3CCC4=CC(=O)C=CC4(C)[C@@]3(Cl)C(O)CC2(C)[C@@]1(OC(=O)c1cccs1)C(=O)CCl,CHEMBL435955
DEC_1159,decoy,COc1ccc(C[C@H]2NC(=O)/C=C/C[C@@H](C(=O)CCc3ccccc3)OC(=O)[C@H](CC(C)C)OC(=O)CCNC2=O)cc1,CHEMBL269701
DEC_0653,decoy,CCOC(=O)C1=NO[C@]2(C(=O)CO)[C@H]1CC1C3CCC4=CC(=O)C=C[C@]4(C)[C@H]3[C@@H](O)C[C@@]12C,CHEMBL9114
DEC_1614,decoy,CC(C)c1cc2c(-c3ccc(F)cc3)c(/C=C/[C@@H](O)C[C@@H](O)CC(=O)[O-])c(C(C)C)nc2s1.[Na+],CHEMBL23633
DEC_3104,decoy,CCCCCc1ccc(OCc2cccc(N3C(N)=NC(N)=NC3(C)C)c2)cc1,CHEMBL20922
DEC_0141,decoy,O=C(c1ccccc1SSc1ccccc1C(=O)N1C(=O)c2ccccc2C1=O)N1C(=O)c2ccccc2C1=O,CHEMBL300411
DEC_3956,decoy,Cc1cc(C)cc(C(=O)N(C)[C@H](Cc2ccc(-c3ccno3)cc2)C(=O)N[C@@H](Cc2c[nH]c3ccccc23)C(=O)O)c1,CHEMBL433106
DEC_3966,decoy,Cc1cc(C)cc(C(=O)N(C)[C@H](Cc2ccc(-c3ccco3)cc2)C(=O)N[C@@H](Cc2c[nH]c3ccccc23)C(=O)O)c1,CHEMBL70686
DEC_1477,decoy,O=C1CC[C@@]2(O)[C@H]3Cc4ccc(O)c5c4[C@@]2(CCN3CC2CC2)[C@H]1O5,CHEMBL19019
DEC_2605,decoy,CSc1sc(C(=N)N)cc1-c1nc(-c2ccc3c(c2)OCCO3)cs1,CHEMBL285325
DEC_3328,decoy,CCCCc1cn(-c2c(CC)cccc2CC)c(=O)n1Cc1ccc(-c2ccccc2-c2nn[nH]n2)nc1,CHEMBL274668
DEC_1306,decoy,N#Cc1ccc(Cn2cncc2CN2CCN(c3cccc(Cl)c3)C(=O)C2)cc1Oc1ccc2ccccc2c1,CHEMBL31828
DEC_1606,decoy,Cn1c(=O)ccc2cc(/C=C/C(=O)NCCCCN3CCc4ccc(OS(=O)(=O)C(F)(F)F)cc4C3)ccc21,CHEMBL292577
DEC_2144,decoy,C/N=c1\ccc(-c2ccc(N3C[C@H](CNC(C)=O)OC3=O)cc2F)ccc1O,CHEMBL266447
DEC_3203,decoy,Cc1cc2c(nc1C(O)c1cccnc1)CCCCC2,CHEMBL34693
DEC_0854,decoy,O=NN(CCCl)C(=O)NC1CCC(NC(=O)N(CCCl)N=O)CC1,CHEMBL12577
DEC_0143,decoy,CC(=O)NC[C@H]1CN(c2ccc(N3CCN(Cc4cc(-c5ccc(Oc6ccccc6)cc5)no4)CC3)c(F)c2)C(=O)O1,CHEMBL90096
DEC_1268,decoy,CCCc1nc(C(F)(F)C(F)(F)F)c(C(=O)O)n1Cc1ccc(-c2ccccc2-c2nn[nH]n2)cc1Br,CHEMBL291803
DEC_1788,decoy,Cn1cc(NC(=O)c2cc3cc4c(cc3s2)OCO4)cc1-c1nc2cc(C(=O)NCCN3CCOCC3)ccc2[nH]1,CHEMBL281184
DEC_0384,decoy,CC(C)(C)c1cc(/C=C/c2n[nH]c(S)n2)cc(C(C)(C)C)c1O,CHEMBL275909
DEC_1319,decoy,CCOC(=O)N[C@@H](c1ccc(O)cc1)[C@@H](O)C(=O)OC1CC2C(C)(C)C1(C)[C@@]13C[C@H](C)c4ccccc4[C@@]21O3,CHEMBL285974
DEC_0637,decoy,Nc1ncnc2c1ncn2C[C@@]1(O)CC[C@H]2CN(C(c3ccccc3)c3ccccc3)CCN2C1,CHEMBL20503
DEC_3644,decoy,CCOc1ccc(C2=NN(CCCCOc3ccc(C4=NNC(=O)CC4C)cc3)C(=O)C3CC=CCC23)cc1OCC,CHEMBL304715
DEC_2071,decoy,CN(Cc1cnc2nc(N)nc(N)c2n1)c1ccc(C(=O)NC(CCCCC(=O)O)C(=O)O)cc1,CHEMBL47278
ACT_024,active,Cc1ccc2c(c1)CC1(CN2C)C(=O)OC2(CCCCC2)OC1=O,CHEMBL1561555
DEC_1074,decoy,CSc1c(Cl)nc(NCc2ccc(C(C)(C)C)cc2)nc1N1CCN(C)CC1,CHEMBL418221
DEC_2532,decoy,CC(=O)N[C@@H](Cc1ccc(OP(=O)(O)O)cc1)C(=O)N[C@@H](CCC(=O)O)c1nc(CC2CCCCC2)no1,CHEMBL306929
DEC_3212,decoy,FC(F)(F)c1ccc(Sc2ccc(NC3=NCCN3)cc2)cc1,CHEMBL8935
DEC_2436,decoy,CC(C)(C)Nc1nn2c(-c3ccccc3)nnc2c2ccccc12,CHEMBL275315
DEC_0576,decoy,CC(C)=CC[C@@H](OC(=O)/C=C(C)\C=C\C=C(C)\C=C\C1=C(C)CCCC1(C)C)C1=CC(=O)c2c(O)ccc(O)c2C1=O,CHEMBL9023
DEC_2587,decoy,COc1cc2c(cc1OC)C1(c3cc(OC)c(OC)c(OC)c3)OCC13C1COC2C13,CHEMBL18472
DEC_2328,decoy,O=C1O[C@H](c2ccc(F)cc2)[C@@](Cn2cncn2)(c2ccc(F)cc2)O1,CHEMBL273497
DEC_0815,decoy,Nc1ncnc2ccc([S+]([O-])c3ccc4ccccc4c3)cc12,CHEMBL269589
DEC_4194,decoy,CC(C)(C)c1onc(O)c1C[C@H](N)C(=O)O,CHEMBL27130
DEC_3757,decoy,NCCCC(NC(=O)c1ccc(NCc2ccc3nc(N)nc(N)c3c2Cl)cc1)C(=O)O,CHEMBL38937
DEC_0435,decoy,CCCn1c(=O)c2nc(-c3cc(NC(=O)Cc4ccc(C(F)(F)F)cc4)nn3C)[nH]c2n(CCC)c1=O,CHEMBL32478
ACT_014,active,C=CC[C@@H]1C(=O)O[C@H]2CCC[C@@H]21,CHEMBL102115
DEC_4018,decoy,CCCn1c(=O)c2nc(-c3ccc(/C=C/C(=O)Nc4ccccc4C(C)=O)cc3)[nH]c2n(CCC)c1=O,CHEMBL17202
DEC_0563,decoy,Cc1cc(Cl)cc(NS(=O)(=O)c2ccc(-n3ncc(=O)[nH]c3=O)cc2Cl)c1,CHEMBL418708
DEC_4222,decoy,NS(=O)(=O)OC[C@@]12OC[C@H]3O[C@@H](c4ccccc4)O[C@H]3[C@@H]1O[C@H](c1ccccc1)O2,CHEMBL26603
DEC_0188,decoy,CC(C)COc1cccc(N2CCNCC2)n1,CHEMBL278537
DEC_3947,decoy,CCCCc1nc2ccc(C(C)(O)C[C@H]3CCCN3)cc2c(=O)n1Cc1ccc(-c2ccccc2-c2nn[nH]n2)cc1,CHEMBL408033
DEC_2169,decoy,CCC[C@H](NC(=O)[C@H](Cc1ccc(OP(=O)(O)O)cc1)NC(C)=O)C(=O)NCCCc1ccccc1,CHEMBL13321
DEC_3963,decoy,Cc1cc(C)cc(C(=O)N(C)[C@H](Cc2ccc(-c3ccon3)cc2)C(=O)N[C@@H](Cc2c[nH]c3ccccc23)C(=O)O)c1,CHEMBL73697
DEC_3384,decoy,O=[N+]([O-])c1cccc(Cn2c3c(c4ccccc42)C[C@@]2(O)[C@H]4Cc5ccc(O)c6c5[C@@]2(CCN4CC2CC2)[C@H]3O6)c1,CHEMBL277291
DEC_2685,decoy,COc1c2c(c(OC)c(SC(C)C)c1SC(C)C)[C@H](CO)N1C(C#N)[C@@H]3C[C@@H](C(=O)O)[C@H]([C@@H]1C2)N3C,CHEMBL58642
DEC_1873,decoy,CCNC/C=C/c1nc(O)c2c(ccc3nc(Nc4c(Cl)cccc4Cl)n(C)c32)c1C,CHEMBL27350
DEC_1875,decoy,CNc1cc(NC(=O)OC)ccc1NC1=C2C=CCC(C)(C)C2=NC2C1=CC=CC2(C)C,CHEMBL41259
DEC_3728,decoy,CC(=O)NN(Cc1ccccc1)C(=O)[C@@H]1CCCC[C@H]1C(=O)N[C@@H](CCCN=C(N)N)C(=O)C(=O)NCCc1ccccc1,CHEMBL264389
DEC_1594,decoy,CO[C@@H]1[C@@H](OC(=O)c2ccc(C)[nH]2)[C@@H](O)[C@H](Oc2ccc3c(N4CCC(N(C)C)CC4)cc(=O)oc3c2C)OC1(C)C,CHEMBL36143
DEC_0731,decoy,CCCc1nc(-n2cccc2C(O)C(F)(F)F)c(C(=O)O)n1Cc1ccc(-c2ccccc2-c2nn[nH]n2)cc1,CHEMBL306259
DEC_1209,decoy,CCN(CC)C(=O)C1CCCN(c2nc(N)c3cc(OC)c(OC)cc3n2)C1,CHEMBL6831
DEC_4265,decoy,CC1(C)O[C@@H]2[C@@H](CO[C@@]3(COS(=O)(=O)NCc4ccccc4)OC(C)(C)O[C@@H]23)O1,CHEMBL283845
DEC_2080,decoy,CC(C)[C@H](NC(=O)[C@H](CC(=O)O)NC(=O)C1CN(C(=O)/C=C/c2ccc(NC(=N)N)cc2)C1)C(=O)O,CHEMBL51016
DEC_2622,decoy,COC(=O)[C@@H]1C(C=O)=Cc2cc3c(cc2C1c1cc(OC)c(OC)c(OC)c1)OCO3,CHEMBL282445
DEC_1451,decoy,Nc1nc(N)c2nc(-c3ccccc3)c(N)nc2n1,CHEMBL585
DEC_1282,decoy,CCCc1nc2c(n1Cc1ccc(-c3ccccc3S(=O)(=O)Nc3onc(C)c3C)c(COC)c1)C(=O)CCCC2,CHEMBL268706
DEC_3718,decoy,CC(C)[C@H](NC(=O)CCc1ccccc1)C(=O)N[C@@H](C)C(=O)NN(CC(=O)O)C(=O)[C@H]1O[C@@H]1C(=O)NCc1ccccc1,CHEMBL39942
DEC_2455,decoy,OC[C@@]1(CCCCc2ccccc2)CC2C3Cc4ccc(O)c5c4C2(CCN3CC2CC2)C(O5)[C@@H]1O,CHEMBL268469
DEC_1520,decoy,CCc1cn([C@H]2C[C@H](O)[C@@H](CNC(=O)C3c4ccccc4S(=O)(=O)c4ccccc43)O2)c(=O)[nH]c1=O,CHEMBL42459
DEC_2018,decoy,CN(C)c1cc(NC(=O)CN2CCCCC2)c(O)c2c1CC1CC3[C@H](N(C)C)C(=O)C(C(N)=O)=C(O)[C@@]3(O)C(=O)C1=C2O,CHEMBL286578
DEC_1409,decoy,CC(C)C(=O)c1c(-c2ccc(Cl)cc2)c(-c2ccc(Cl)cc2)nn(CCO)c1=O,CHEMBL286046
ACT_029,active,CCc1nc2cc(OC3CCN(C(C)=N)CC3)ccc2n1C/C=C/c1cccc(N)c1,CHEMBL25484
DEC_2634,decoy,CC(C)NC(=O)c1ccc(C2(C3CCN(C4CCN(C(=O)c5cccc6[nH]ccc56)CC4)CC3)OCCO2)cc1,CHEMBL52852
DEC_1372,decoy,CC(=O)c1c(-c2ccc(Cl)cc2)c(-c2ccc(Cl)cc2)nn(CC(C)O)c1=O,CHEMBL285110
DEC_0427,decoy,NP(=O)(OCc1cc(Br)c([N+](=O)[O-])s1)N(CCBr)CCBr,CHEMBL75162
DEC_1228,decoy,COc1cc2nc(N3CCN(C(=O)C4CCCO4)CC3)nc(N)c2cc1OC,CHEMBL611
DEC_0840,decoy,CCc1cc(C(C)=O)c(O)cc1OCc1cccc(C(=O)N(CC)CCO)n1,CHEMBL34957
DEC_1398,decoy,CC(C)C(O)(Cn1cncn1)C(O)(c1ccc(Cl)cc1)c1ccc(Cl)cc1,CHEMBL10626
DEC_4211,decoy,Nc1cccc(S(=O)(=O)NCC(=O)O)c1,CHEMBL289897
DEC_0578,decoy,Cc1ccc2cccc(OCc3c(C)ccc(N(C)C(=O)CCc4ccc(C(=O)c5ccc(Cl)nc5)n4C)c3C)c2n1,CHEMBL282981
DEC_2428,decoy,C[C@@H](N)Cc1c2ccoc2c(C(F)(F)F)c2ccoc12.Cl,CHEMBL7132
DEC_2489,decoy,COC(=O)N[C@@H](c1ccsc1)[C@@H](O)C(=O)OC1CC2C(C)(C)C1(C)[C@@]13CC(C)c4ccccc4[C@@]21O3,CHEMBL430529
DEC_0295,decoy,C[S+]([O-])c1ccc2sc(Cn3nc(CC(=O)O)c4ccccc4c3=O)nc2c1,CHEMBL430911
DEC_0459,decoy,C=C(Cl)CN1C[C@H](OCC23C[C@@H]4[C@H](C)CC[C@H]4C4(C=O)CC2C=C(C(C)C)[C@@]34C(=O)O)OC[C@H]1CO,CHEMBL431704
DEC_3310,decoy,N[C@H]1CC(CN2CCCC2)N(c2cc3c(cc2F)c(=O)c(C(=O)O)cn3-c2ccc(F)cc2F)C1,CHEMBL288881
DEC_3132,decoy,CC1(C)C2CCC1(CS(=O)(=O)N1CCC3(CCc4ccccc43)CC1)C(NC(=O)C1CCCNC1)C2,CHEMBL277400
DEC_1934,decoy,c1cc(C2=NCCN2)ccc1CC1CCCN(c2ccc(C3=NCCN3)cc2)C1,CHEMBL9516
DEC_0912,decoy,C/C(=N\O)c1ccc(Sc2cc(F)cc(C3CCOCC3)c2)cc1,CHEMBL25570
DEC_2256,decoy,CCCc1cc(=O)oc2c3c(c4c(c12)OC(C)(C)C=C4)O[C@@H](C)[C@H](C)[C@@H]3O,CHEMBL7187
DEC_1733,decoy,CCCCc1nc2c(=O)[nH][nH]c(=O)c2n1Cc1ccc(-c2ccccc2-c2nn[nH]n2)cc1,CHEMBL267056
DEC_1214,decoy,CC1CC/C(=N\Nc2cccc([N+](=O)[O-])c2)c2ncc(C(=O)O)c(=O)n21,CHEMBL278940
DEC_0831,decoy,N#Cc1ccc(CCCn2ncc3c2nc(N)n2nc(-c4ccco4)nc32)cc1,CHEMBL22191
DEC_3867,decoy,Cc1cc2c(s1)CCC(CN[C@@H]1CC[C@@H](Oc3ccccc3)[C@H]1O)C2=O,CHEMBL15359
DEC_0587,decoy,CCCCc1nc2ccc(C3CC(c4ccc(C)cc4)=NO3)cc2c(=O)n1Cc1ccc(-c2ccccc2-c2nn[nH]n2)cc1,CHEMBL296719
DEC_3263,decoy,C[C@@H](NC(=O)[C@@H](N)Cc1ccc(O)cc1)C(=O)NCC(=O)N[C@@H](Cc1ccccc1)C(=O)NNC(=O)[C@H](N)Cc1ccccc1,CHEMBL328902
DEC_2902,decoy,CC(C)(C)N(CC(O)C1Cc2ccc(cc2)OCCCC(=O)NC(CC(N)=O)C(=O)N1)C(=O)C1CCCCN1,CHEMBL443519
DEC_4033,decoy,C[Si]1(C)CN(CCN2CCC(Cc3c[nH]c4ccc(F)cc34)CC2)S(=O)(=O)c2ccccc21,CHEMBL57514
DEC_1754,decoy,C=CCc1cc(C)ccc1OCC(=O)NCCNC(=O)C1=CC(C)(C)NC1(C)C,CHEMBL15508
ACT_019,active,CO[C@H](COS(=O)(=O)[O-])C(=O)N[C@H](CC(C)C)C(=O)N1[C@H](C(=O)NCCC2=CC[N+](=C(N)N)C2)C[C@@H]2C[C@H](O)[C@@H](O)C[C@@H]21,CHEMBL502639
DEC_2227,decoy,CC(C)Oc1c(C(=O)Nc2nn[nH]n2)n(-c2ccccc2)c2ccc(Br)cc12,CHEMBL29519
DEC_4234,decoy,Cc1cn(C2C=CC(CNC(=O)CC3(C)CC(O)CN3C(=O)OC(C)(C)C)O2)c(=O)[nH]c1=O,CHEMBL279468
DEC_2630,decoy,COc1ccc2onc(/C(C#N)=C/c3ccc(OCCN4CCOCC4)cc3)c2c1,CHEMBL278317
DEC_3755,decoy,O=C(NO)[C@@H](NCC1CC1)[C@@H](Cc1cccc(O)c1)C(=O)N[C@H]1c2ccccc2C[C@H]1O,CHEMBL24398
DEC_3729,decoy,COc1cc2ccc(S(=O)(=O)NC(CCCN=C(N)N)C(=O)N(CC(=O)O)Cc3ccccc3)cc2cc1OC,CHEMBL24559
DEC_3540,decoy,Clc1cccc(-c2cncc(O[C@@H]3CCNC3)c2)c1,CHEMBL10173
DEC_0714,decoy,O=C(O)CCC(=O)Nc1cccc2c1CC(O)C(N1CCC(c3ccccc3)CC1)C2,CHEMBL417277
DEC_1969,decoy,CCc1cc(CCCOc2c(C)cc(-c3noc(C(F)(F)F)n3)cc2C)on1,CHEMBL285833
DEC_2348,decoy,CC(C)(C)OC(CCNC(=O)N(CCCl)N=O)n1cc(F)c(=O)[nH]c1=O,CHEMBL31417
DEC_4191,decoy,Nc1ncc(Cc2cccc(CO)c2)c(N)n1,CHEMBL32067
DEC_1616,decoy,CCCn1c(=O)c2nc(-c3cc(NC(=O)Cc4ccc5c(c4)OCO5)nn3C)[nH]c2n(CCC)c1=O,CHEMBL32591
DEC_0756,decoy,CCNCc1cc(Nc2cc(C(F)(F)F)nc(/N=C(\N)Nc3ccc(C(F)(F)F)cc3)n2)ccc1OC,CHEMBL23201
DEC_0259,decoy,NS(=O)(=O)OC[C@@]12OC[C@H]3OC4(CCCCC4)O[C@H]3[C@@H]1OC1(CCCCC1)O2,CHEMBL27506
DEC_2953,decoy,O=C(NCc1cc(F)ccc1F)Nc1ccc(S(=O)(=O)N2CCC(CNC[C@H](O)COc3ccc(O)c(F)c3)CC2)cc1,CHEMBL317809
DEC_3195,decoy,COc1cc(OC)c(SC)cc1CC(C)N,CHEMBL31787
DEC_4124,decoy,C=CC(C)(C)c1c(C2=C(O)C(O)=C(c3cn(C)c4c(CC=C(C)C)cccc34)C(=O)C2=O)c2ccccc2n1C,CHEMBL17835
DEC_3916,decoy,CC(=O)OCC(=O)[C@@]1(OC(=O)c2ccco2)[C@H](C)CC2C3CCC4=CC(=O)C=CC4(C)[C@@]3(F)C(O)CC21C,CHEMBL290547
DEC_2585,decoy,COc1cc(C23OCC24C2COC(c5cc6c(cc53)OCO6)C24)cc(OC)c1OC,CHEMBL18717
DEC_2783,decoy,C[C@H]1[C@@H](OCC23CC4CC(CC(C4)C2)C3)O[C@@H]2O[C@@]3(C)CC[C@H]4[C@H](C)CC[C@@H]1[C@@]24OO3,CHEMBL437851
DEC_4019,decoy,CCCCN1CCN(C2=Nc3ccc(CC)cc3CC=C2c2ccccc2)CC1.O=C(O)/C=C/C(=O)O,CHEMBL274918
DEC_1236,decoy,COC(=O)C(COC(=O)/C=C/c1ccc(OC(C)=O)c(OC(C)=O)c1)NC(=O)/C=C/c1ccc(OC(C)=O)c(OC(C)=O)c1,CHEMBL30434
DEC_0084,decoy,CC(C)C(O)(c1ccc(Cl)cc1)c1cncnc1,CHEMBL29646
DEC_2413,decoy,O=C1Nc2ccc(F)c(F)c2C(C#Cc2cccs2)(C(F)(F)F)O1,CHEMBL277502
DEC_0022,decoy,COCCc1c[nH]c(-c2ccc(OCC(O)CNCCc3ccc(OC)c(OC)c3)cc2)n1,CHEMBL276029
DEC_1223,decoy,O=C1C(N2CC2)=C(N2CC2)C(=O)c2c(OS(=O)(=O)c3ccccc3)cccc21,CHEMBL35298
DEC_3101,decoy,CCC(O)c1nc2c(C(F)(F)F)cccc2c(O)c1C(=O)Nc1ccccn1,CHEMBL34318
DEC_0558,decoy,O=C1C2C3CCC(C4CC43)C2C(=O)N1CCCCN1CCN(c2nccnc2Cl)CC1,CHEMBL286242
DEC_2459,decoy,CCCCc1cn(-c2c(C)cccc2C)c(=O)n1Cc1ccc(-c2ccccc2-c2nn[nH]n2)nc1,CHEMBL430152
DEC_1449,decoy,O=NN(CCF)C(=O)NC1CSCSC1,CHEMBL12519
DEC_2991,decoy,C[C@@H](c1ccccc1)n1cnc2c(N(C)C)ncnc21,CHEMBL275514
DEC_4213,decoy,CCC(=O)Nc1ccc(S(N)(=O)=O)cc1,CHEMBL278395
DEC_3490,decoy,CNCC1CCN(c2c(F)c(N)c3c(=O)c(C(=O)O)cn(C4CC4)c3c2F)C1,CHEMBL275174
DEC_2707,decoy,C[C@H](CCC[C@@H](SCCC(C)(C)O)c1cccc(/C=C/c2ccc3ccc(Cl)cc3n2)c1)C(=O)[O-].[Na+],CHEMBL275823
DEC_1238,decoy,COC(=O)[C@@H](CNC(=O)/C=C/c1ccc(OC(C)=O)c(OC(C)=O)c1)NC(=O)/C=C/c1ccc(OC(C)=O)c(OC(C)=O)c1,CHEMBL281929
DEC_3087,decoy,CC(C)=CCC(OC(=O)c1ccccc1)C1=CC(=O)c2c(O)ccc(O)c2C1=O,CHEMBL28195
DEC_2028,decoy,COc1cccc(CN2CC/C(=C\C3=C(C(=O)O)N4C(=O)[C@@H](NC(=O)/C(=N\O)c5csc(N)n5)[C@H]4SC3)C2=O)c1,CHEMBL54887
DEC_1028,decoy,C=C1[C@@H](OC(=O)/C=C/c2ccccc2)CC[C@@]2(C)[C@@H](OC(C)=O)[C@H](OC(C)=O)C3=C(C)C(=O)C[C@@H]([C@@H](OC(C)=O)[C@H]12)C3(C)C,CHEMBL309787
DEC_3035,decoy,Cn1nc(-c2c(F)cccc2F)n(C)c1=S,CHEMBL277485
DEC_2854,decoy,CCO/C(O)=C1\C(COCC(C)(O)CSc2ncccn2)=NC(C)=C(C(=O)OC)C1c1cccc(Cl)c1Cl,CHEMBL77616
DEC_1479,decoy,O=C(O)c1c(=O)c2cc(F)c(N3CCNCC3)cc2n2ccsc12,CHEMBL28129
DEC_3277,decoy,Cc1cc(-n2ncc(=O)[nH]c2=O)cc(Cl)c1Oc1ccc(S(=O)(=O)NC2CC2)cc1Cl,CHEMBL57156
DEC_2282,decoy,OC1CCCCC1N1CCC(C2CCN(C3CCCCC3O)CC2)CC1,CHEMBL20429
DEC_4120,decoy,Fc1ccc(-c2ncn(C3CCNCC3)c2-c2ccnc(Oc3ccc(OCc4ccccc4)cc3)n2)cc1,CHEMBL14228
DEC_3584,decoy,CCC(C)/N=c1\c(O)c(O)\c1=N/c1ccc(C#N)cc1,CHEMBL19025
DEC_3547,decoy,CSc1nnc(-c2ccccc2Cl)n1C,CHEMBL279929
DEC_0747,decoy,Cc1cc(C)cc(NC(=O)Cc2ccc(OC3(C(=O)N[C@@H](Cc4ccc5[nH]ccc5c4)C(=O)O)CCCC3)cc2)c1,CHEMBL417270
DEC_3528,decoy,CSc1nnc(-c2ccc(Cl)cc2)n1C,CHEMBL26568
DEC_2064,decoy,Cc1nc(O)c2cc(CN(CCO)c3cnc(C(=O)N[C@H](CCC(=O)O)C(=O)O)s3)ccc2n1,CHEMBL41225
DEC_0377,decoy,Oc1cc2c(cc1O)[C@H]1c3cc4c(nc3CN[C@@H]1CC2)CCCC4,CHEMBL287513
DEC_1207,decoy,COc1cccc(OCc2cccc(N3C(N)=NC(N)=NC3(C)C)c2)c1,CHEMBL418741
DEC_0363,decoy,CC(C)c1cccc2c(-c3ccccc3)cc(-c3ccc(-c4ccc(C(=O)O)cc4)[nH]3)nc12,CHEMBL20066
DEC_3814,decoy,O=C(O)[C@@H](CCC(=O)N1c2ccccc2C[C@H]1C(=O)O)N(Cc1ccccc1)C(=O)Cc1ccccc1,CHEMBL291107
DEC_1272,decoy,CCCc1nc2c(n1Cc1ccc(-c3ccccc3S(=O)(=O)Nc3onc(C)c3C)c(COCC)c1)C(=O)CCCC2,CHEMBL429037
DEC_0004,decoy,CCN(CC)CCn1nc2c3c(c(NCCNCCO)ccc31)Sc1ccc(OC)cc1-2,CHEMBL39332
DEC_1812,decoy,CC[C@H]1Cc2cc3c(C(F)(F)F)cc(O)nc3cc2N[C@@H]1CC,CHEMBL6959
DEC_0391,decoy,CCCCc1cnc2c(c1)[C@@H]1c3cc(O)c(O)cc3CC[C@H]1NC2,CHEMBL283247
DEC_2185,decoy,N=C(N)c1ccc(CCCCC(=O)N[C@@H](CC(=O)O)C(=O)N[C@@H](Cc2ccccc2)C(=O)O)cc1,CHEMBL417023
DEC_3163,decoy,CCCN1CC=C(c2c[nH]c3ccc(C#N)cc23)CC1,CHEMBL281716
DEC_1161,decoy,COC(=O)C1(c2ccccc2)CCN(CCCNC(=O)N2C(=O)NC3=C(C(=O)OC3)C2c2ccc([N+](=O)[O-])cc2)CC1,CHEMBL301077
DEC_3292,decoy,C[C@@H](O)[C@H]1C(=O)N2C(C(=O)O)=C(S[C@@H]3CN[C@H](CSc4ccc(CN)cc4)C3)[C@H](C)[C@H]12,CHEMBL14617
DEC_4169,decoy,CCCN(CCCCN1CCOCC1)C1COc2cccc(OC)c2C1,CHEMBL284912
DEC_4027,decoy,CCCCc1nc2cc(C3=NNC(=O)CC3C)ccc2n1Cc1ccc(-c2ccccc2-c2nn[nH]n2)cc1,CHEMBL24550
DEC_3129,decoy,CCS(=O)(=O)c1ccc2c(c1)/C(=C/c1[nH]c3c(c1CCCN1CCOCC1)CCCC3)C(=O)N2,CHEMBL57863
DEC_1052,decoy,OCCN1CCN(C2CC(c3ccc(F)cc3)c3ccc(C(F)(F)F)cc32)CC1,CHEMBL12628
DEC_2085,decoy,N[C@@H](CCC(=O)NC(CSCC(=O)c1ccc(Br)cc1)C(=O)NCC(=O)O)C(=O)O,CHEMBL31496
DEC_3182,decoy,CC(C)(O)CC(=O)c1cc2c(c(C(C)(C)C)c1)OCC2,CHEMBL15091
DEC_1596,decoy,CCCc1nc2ccc(C3=NN(CC(=O)N(C)C)C(=O)CC3)cc2n1Cc1ccc(-c2ccccc2-c2nn[nH]n2)cc1,CHEMBL24478
DEC_0314,decoy,COc1cc(Nc2c(C#N)cnc3cc(OCC4CCN(C)CC4)c(OC)cc23)c(Cl)cc1Cl,CHEMBL42136
DEC_3969,decoy,Cc1cc(C)cc(C(=O)N(C)[C@H](Cc2ccc(-c3ccsc3)cc2)C(=O)N[C@@H](Cc2c[nH]c3ccccc23)C(=O)O)c1,CHEMBL305462
DEC_0882,decoy,CC1=CC(C)(C)N(C)c2ncc(/C=C/C(C)=C\C=N\N=C(/N)S)cc21,CHEMBL7648
DEC_1431,decoy,CC1=NS(=O)(=O)c2ccc(CN(C)C)cc2N1,CHEMBL16175
DEC_2043,decoy,COc1cccc(N2CC/C(=C\C3=C(C(=O)O)N4C(=O)[C@@H](NC(=O)/C(=N\O)c5csc(N)n5)[C@H]4SC3)C2=O)c1,CHEMBL291734
DEC_2143,decoy,O=c1cnn(-c2ccc(S(=O)(=O)NC3CCCCC3)c(Cl)c2)c(=O)[nH]1,CHEMBL11275
DEC_0806,decoy,Cc1nc2cccnc2c(=O)n1-c1ccc(C(F)(F)F)cc1,CHEMBL30564
DEC_0610,decoy,CCc1sc(CCc2cc(OC3CCCCC3)cc(NCc3cc(Cl)cc(NC(=O)OC(C)C)c3)n2)nc1C,CHEMBL49461
DEC_2856,decoy,COc1ccc(C2(O)OC(=O)C(c3ccc4c(c3)OCO4)=C2Cc2cc(OC)c(OC)c(OCCN(C)C)c2)cc1,CHEMBL307330
DEC_3314,decoy,CCCn1c(=O)c2nc(-c3cc(NC(=O)Cc4ccc(Cl)cc4)nn3C)[nH]c2n(CCC)c1=O,CHEMBL32225
DEC_3898,decoy,Cn1c2nccc(C(N)=O)c2c2nc(CN3CCOCC3)nc(N3CCN(CCc4ccc(F)c(F)c4)CC3)c21,CHEMBL281496
ACT_087,active,CCOP(=O)(OCC)N1C(=O)[C@H](CCCCC(=N)N)[C@H]2c3ccc(-c4cccc(C(=O)N(CC)CC)c4)cc3C[C@@H]21,CHEMBL46365
DEC_4008,decoy,CC1(C)C2CCC1(CS(=O)(=O)N1CCC3(CCc4ccccc43)CC1)C(NC(=O)C1CCCCN1)C2,CHEMBL283730
DEC_0200,decoy,CC(=O)N/N=C1/CC2(CCN(C)CC2)OC1C,CHEMBL417707
DEC_4121,decoy,CC(C)(C)c1ccc(/C=C2\CS(=O)(=O)CC3C2=NN(CC2CC2)C3c2ccc(C(C)(C)C)cc2)cc1,CHEMBL284499
DEC_3021,decoy,COc1cc2c(cc1OC)CC(C)(C)[N+]([O-])=C2,CHEMBL13112
DEC_3076,decoy,CCn1cnc2c(Nc3cccc(Cl)c3)nc(NC3CCC(O)CC3N)nc21,CHEMBL26446
DEC_1577,decoy,CCC1OC(=O)C[C@@H](O)[C@H](C)[C@@H](OC2OC(C)CC(N(C)C)C2O)[C@@H](CC=O)C[C@@H](C)C(=O)/C=C/[C@]2(C)OC2C1C,CHEMBL26194
DEC_2450,decoy,CCCCC(=O)O[C@]1(C(=O)CO)C(C)CC2C3CCC4=CC(=O)C=CC4(C)[C@@]3(F)C(O)CC21C,CHEMBL10858
DEC_4244,decoy,N[C@H]1CC(CO)N(c2cc3c(cc2F)c(=O)c(C(=O)O)cn3-c2ccc(F)cc2F)C1,CHEMBL41449
DEC_3612,decoy,CCCCNC(=O)C(CC(O)C(CC1CCCCC1)NC(=O)Cc1nnc2c(CCC)nc(-c3cccnc3)cn12)C(C)C,CHEMBL430619
DEC_2381,decoy,COc1cccc(CCN2CCN(c3ncnc4c(C#N)c5n(c34)CCCC5)CC2)c1,CHEMBL26017
DEC_1075,decoy,Fc1ccc(-c2ncn(C3CCNCC3)c2-c2ccnc(Oc3ccccc3F)n2)cc1,CHEMBL14329
DEC_2678,decoy,Cc1c(C(=O)N[C@H](C)[C@](O)(Cn2cncn2)c2ccc(F)cc2F)cnn1-c1c(Cl)cccc1Cl,CHEMBL294031
DEC_0490,decoy,O=C(O)CN(Cc1ccccc1O)CC(O)CN(CC(=O)O)Cc1ccccc1O,CHEMBL20737
DEC_2861,decoy,CCO/C(O)=C1\C(C)=NC(C)=C(C(=O)OCCCN2C(=O)c3ccccc3S2(=O)=O)C1c1cccc([N+](=O)[O-])c1,CHEMBL79135
DEC_3510,decoy,CCc1nc(-c2ccc(N=C=S)cc2)no1,CHEMBL22176
DEC_3677,decoy,COc1cc2c(Nc3ccc(Br)cc3F)ncnc2cc1OCCn1ccnn1,CHEMBL281872
DEC_1048,decoy,O=S1(=O)c2cccc3cccc(c23)N1CCN1CC=C(c2c[nH]c3ccccc23)CC1,CHEMBL274517
DEC_3788,decoy,Cc1ccnc(NCCCC(=O)NCC(=O)NC(CC(=O)O)c2ccc(-c3cccc4ccccc34)cc2)c1,CHEMBL267434
DEC_3260,decoy,C[C@@H](NC(=O)[C@@H](N)Cc1ccc(O)cc1)C(=O)NCC(=O)N[C@@H](Cc1c[nH]c2ccccc12)C(=O)NNC(=O)[C@H](N)Cc1ccccc1,CHEMBL319822
DEC_0550,decoy,Cc1cc(C)c2c(c1)COP(=O)(OC[C@@H]1C=C[C@H](n3cnc4c(N)ncnc43)O1)O2,CHEMBL41402
DEC_0902,decoy,Nc1cc2c(Nc3ccc4[nH]c(Cc5ccccc5)nc4c3)ncnc2cn1,CHEMBL31653
DEC_1749,decoy,C#CCN(Cc1ccc2nc(C)nc(O)c2c1)c1ccc(C(=O)N[C@H](C)C(=O)O)cc1,CHEMBL266508
DEC_2584,decoy,COc1cc([C@@H]2c3cc4c(cc3N[C@@H]3COC(=O)N23)OCCO4)cc(OC)c1OC,CHEMBL266787
DEC_2495,decoy,CC(C)C1=CC2CC3(C=O)[C@@H]4CC[C@@H](C)[C@H]4CC2(CO[C@H]2CN(CC4CC4)[C@H](C)CO2)[C@]13C(=O)O,CHEMBL281987
DEC_2196,decoy,CNC(=O)[C@@H](NC(=O)[C@H](CC(C)C)[C@@H](C(=O)NO)C1CCC(C(C)(C)C)CC1)C(C)(C)C,CHEMBL29758
DEC_2952,decoy,O=C(O)c1cc(F)c(CCNC(=O)[C@H](CC(F)F)NC(=O)[C@@H]2C[C@@H](c3ccccc3)CN2C(=O)[C@@H](O)c2ccccc2)c(F)c1,CHEMBL303953
DEC_1480,decoy,CC(/N=c1\c(O)c(O)\c1=N/c1cccc2cccnc12)C(C)(C)C,CHEMBL18482
DEC_0510,decoy,CC(C)CC(CP(=O)(O)CNC(=O)OCc1ccccc1)C(=O)NC(C)C(=O)O,CHEMBL40208
DEC_0361,decoy,CCCCCc1c(C(C)C)nc(C(C)C)c(CO)c1-c1cccc(C(F)(F)F)c1,CHEMBL281404
DEC_4056,decoy,CCCc1cc(C(=O)OC(C)C)cc(=O)n1Cc1ccc(-c2ccccc2-c2nn[nH]n2)cc1,CHEMBL23041
DEC_3697,decoy,COc1cc(OCc2ccc(OCc3ccc4ccccc4n3)cc2)cc(-c2nn[nH]n2)c1,CHEMBL18396
DEC_0472,decoy,CN1C2CC[C@@H]1C[C@H](OC(=O)c1ccccc1)C2C(=O)OCCc1ccccc1.O=C(O)/C=C/C(=O)O,CHEMBL31831
DEC_0405,decoy,CC(=O)c1c(O)n(O)c2cc(NC(=O)c3ccc4ccccc4c3)ccc12,CHEMBL16377
DEC_0294,decoy,COc1cc2c(c3c1OCO3)-c1ccc(OC)c(=O)cc1[C@@H](NC(C)=O)CC2,CHEMBL28028
DEC_4115,decoy,Cc1ccc2cccc(OCc3c(C)ccc(N4CCC[C@@H]4CN4C(=O)c5ccccc5C4=O)c3C)c2n1,CHEMBL55194
DEC_1150,decoy,CC[C@@]1(OC(=O)CCCNC(=O)CC[C@H](N)C(=O)O)C(=O)OCc2c1cc1n(c2=O)Cc2cc3ccccc3nc2-1,CHEMBL418322
DEC_1932,decoy,CCCC[C@]1(CO)CC2C3Cc4ccc(OC)c5c4C2(CCN3C)C(O5)[C@@H]1O,CHEMBL276886
DEC_1320,decoy,CC1=C(C(=O)OC(c2ccccc2)c2ccccc2)N2C(=O)[C@@H](NC3=NC(c4ccc(O)c(O)c4)CN3)C2SC1,CHEMBL13731
DEC_3565,decoy,CC(C)(C)C/N=c1\c(O)c(O)\c1=N/c1ccc(C#N)cc1,CHEMBL416728
DEC_1218,decoy,CC(C)(C)C1CS(=O)(=O)C(c2cc(O)ccc2[N+](=O)[O-])S(=O)(=O)C1,CHEMBL32045
DEC_1961,decoy,COOC1(OOCCCI)CCCCCCCCCCC1,CHEMBL281925
DEC_3174,decoy,Cc1cc2nc(/C=C/c3ccncc3)[nH]c2cc1C,CHEMBL289152
DEC_1677,decoy,CS(=O)(=O)NC(=O)CCC/C=C\C[C@H]1C(=O)C[C@@H](O)C1/C=C/[C@@H](O)COc1cccs1,CHEMBL281279
DEC_2270,decoy,OC1(C#Cc2ccc(Oc3ccc(Br)cc3)cc2)CN2CCC1CC2,CHEMBL24776
DEC_1285,decoy,Cc1cc(C(O)(C(F)(F)F)C(F)(F)F)ccc1C(Cc1cc[n+]([O-])cc1)c1ccc(OC(F)F)c(OC(F)F)c1,CHEMBL102718
DEC_3492,decoy,CC1CC/C(=N\Nc2ccccc2CCO)c2ncc(C(=O)O)c(=O)n21,CHEMBL416532
DEC_2537,decoy,CCCCOc1ccc(C(C(=O)NC(C)(C)C)N2C(=O)[C@H](CS)NC(=O)[C@@H]2Cc2ccc([N+](=O)[O-])cc2)cc1,CHEMBL30055
DEC_2016,decoy,CO[C@@H]1[C@@H](OC(=O)c2ccc(C)[nH]2)[C@@H](O)[C@H](Oc2ccc3c(O)c(C(=O)NCCO)c(=O)oc3c2C)OC1(C)C,CHEMBL291390
DEC_0992,decoy,COC(=O)c1ccc(C(=O)N(C)[C@H]2C[C@@H]3O[C@](C)([C@H]2OC)n2c4ccccc4c4c5c(c6c7ccccc7n3c6c42)C(=O)NC5)cc1,CHEMBL336192
DEC_1769,decoy,COc1ccc(C[C@H]2NC(=O)/C=C/C[C@@H](C(=O)/C=C/c3ccccc3)OC(=O)[C@H](CC(C)C)OC(=O)[C@H](C)CNC2=O)cc1,CHEMBL275337
DEC_0842,decoy,CCCOC(=O)C1C2C(=O)CC(c3ccc(O)cc32)C1C(=O)OCCC(C)(C)C,CHEMBL275678
DEC_3571,decoy,O=C(O)C1NCCC2CCC(P(=O)(O)O)CC21,CHEMBL29584
DEC_2192,decoy,CCCCN(CC(=O)O)C(=O)C(CCCN=C(N)N)NS(=O)(=O)c1ccc2ccc(OC)cc2c1,CHEMBL281893
DEC_3989,decoy,Cc1nc(-c2ccc(C#N)cc2)sc1C(=O)N[C@H](C)[C@](O)(Cn1cncn1)c1ccc(C(F)(F)F)cc1,CHEMBL54502
DEC_0977,decoy,CC(=O)OCC1=C(C(=O)OC(c2ccccc2)c2ccccc2)N2C(=O)[C@@H](Nc3nc4cc(O)ccc4[nH]3)C2SC1,CHEMBL275939
DEC_2473,decoy,CC1(C)NC(=O)N(CC(COc2ccc(-c3ccc(C(F)(F)F)cc3)cc2)N(O)C=O)C1=O,CHEMBL39566
DEC_3822,decoy,CCCCc1nc2ccc(NC(=O)NC(C)C)cc2c(=O)n1Cc1ccc(-c2ccccc2-c2nn[nH]n2)cc1,CHEMBL25585
DEC_3881,decoy,CCC(=O)OCC(=O)[C@@]1(OC(=O)CC)[C@@H](C)C[C@H]2C3CCC4=CC(=O)C=C[C@]4(C)[C@@]3(F)[C@@H](O)[C@@H](O)[C@@]21C,CHEMBL56244
DEC_4072,decoy,COC(=O)c1ccc2[nH]c3c(N4CCN(CCc5ccc(F)c(F)c5)CC4)ncnc3c2c1,CHEMBL27257
DEC_3297,decoy,CCc1cn([C@@H]2O[C@H](CNC(=O)C3c4ccccc4Oc4ccccc43)[C@@H](O)[C@@H]2F)c(=O)[nH]c1=O,CHEMBL418258
DEC_0963,decoy,C[C@@H](O)CNC(C)(C)CC(=O)N[C@@H]1CCc2ccccc2N(CC2CCC(c3ccccc3-c3nn[nH]n3)CC2)C1=O,CHEMBL308740
DEC_3434,decoy,CC(C)[C@H](NC(=O)OCc1ccccc1)C(=O)N[C@@H](C)C(=O)NN(CC(=O)O)C(=O)COC1=C(Cc2ccccc2)C(=O)OC1,CHEMBL277342
DEC_1951,decoy,CC(C)(C)NC(=O)c1coc(C2C3CCC(O3)C2Cc2ccccc2CCC(=O)O)n1,CHEMBL287421
DEC_2124,decoy,CC1CN(c2c(F)c(N)c3c(=O)c(C(=O)O)cn(C4CC4)c3c2F)CC(C)N1,CHEMBL15273
DEC_4114,decoy,CCOc1cc(Nc2c(C#N)cnc3cc(OCC4CCN(C)CC4)c(OC)cc23)c(Cl)cc1Cl,CHEMBL290398
DEC_2309,decoy,CCN(CC)CCn1nc2c3c(c(CN)ccc31)Sc1ccc(OC)cc1-2,CHEMBL27064
DEC_2901,decoy,N[C@@H](Cc1ccc(O)cc1)C(=O)N[C@H]1CSSC[C@@H](C(=O)O)NC(=O)C2(CCCC2)CCCNC1=O,CHEMBL274280
DEC_3805,decoy,O=P(O)(O)C(Cc1cccc2ccccc12)N[C@@H](Cc1ccc(-c2ccccc2)cc1)c1nnn[nH]1,CHEMBL10251
DEC_3467,decoy,CNC(=O)[C@@H](NC(=O)[C@H](CC(C)C)[C@@H](C(=O)NO)C1CCCC1)C(C)(C)C,CHEMBL29976
DEC_3847,decoy,COc1cc(NC(C)CCCN)c2nccc(C)c2c1OC1CCCC1,CHEMBL418733
DEC_4145,decoy,C=C(c1c(C)ccc(Cl)c1OCC(O)CNC(C)(C)C)n1ccnc1,CHEMBL14989
DEC_1488,decoy,CN(C)c1ccc(/C=C/c2nc3c(=O)n(C)c(=O)n(C)c3[nH]2)cc1,CHEMBL26899
DEC_0928,decoy,CONC1=NC(=O)/C(=C/c2cc(C(C)C)c(O)c(C(C)C)c2)S1,CHEMBL276506
DEC_2730,decoy,C=C(Cl)CN1C[C@H](OCC23C[C@@H]4[C@H](C)CC[C@H]4C4(C=O)CC2C=C(C(C)C)[C@@]34C(=O)O)OC[C@H]1C,CHEMBL31066
DEC_3452,decoy,NC(N)=NCCCC(NC(=O)[C@@H]1CC[C@H]2CN(C(=O)[C@@H](N)Cc3c[nH]c4ccccc34)CC(=O)N21)C(=O)c1nccs1,CHEMBL320781
DEC_1986,decoy,COc1cc2c(Nc3ccc(C#N)cc3F)ncnc2cc1OC/C=C/CN1CCCC1,CHEMBL24026
DEC_0746,decoy,Cc1cc(C)cc(NC(=O)Cc2ccc(OC3(C(=O)N[C@H](Cc4ccc5[nH]ccc5c4)C(=O)O)CCCC3)cc2)c1,CHEMBL18333
DEC_0211,decoy,Nc1nc(N)c2c(n1)CCC(CC1CCCO1)C2,CHEMBL7170
DEC_0758,decoy,CN(C)CCCc1c(/C=C2\C(=O)Nc3ccc(S(=O)(=O)Nc4ccccc4Cl)cc32)[nH]c2c1CCCC2,CHEMBL56504
DEC_0543,decoy,C=C1/C=C(\C)[C@H](CC)OC(=O)[C@H](C)C(=O)[C@@](O)(CO)C/C(SC)=C/[C@@H](C)C1,CHEMBL32849
DEC_2524,decoy,O=C(O)CC[C@H](NC(=O)Oc1ccc(COC(=O)Nc2ccc(N(CCCl)CCCl)cc2)cc1)C(=O)O,CHEMBL46726
DEC_2913,decoy,CC(=O)N[C@@H](Cc1ccc(OP(=O)(O)O)cc1)C(=O)N[C@@H](C)c1nc(Cc2ccc(Br)c(Br)c2)no1,CHEMBL424449
DEC_0291,decoy,O=C1CC2(CCCC2)CC(=O)N1CCCCN1CCN(c2ncccn2)CC1,CHEMBL49
DEC_0126,decoy,COc1cc([C@@H]2c3cc4c(cc3[C@H](O[Si](C)(C)C(C)(C)C)[C@H]3COC(=O)[C@]23F)OCO4)cc(OC)c1OC,CHEMBL31013
DEC_2595,decoy,COc1ccc(-c2oc3c(OC)c(OC)c(OC)c(O)c3c(=O)c2OC)cc1O,CHEMBL18351
DEC_3149,decoy,COc1ccc(Nc2cc(C(F)(F)F)nc(/N=C(\N)Nc3ccccc3)n2)cc1CN1CCN(C)CC1,CHEMBL22769
DEC_2959,decoy,CNc1nc(N2CCN(C)CC2)nc(Cl)c1Cl,CHEMBL31576
DEC_4080,decoy,CC1CC2C3CCC4=CC(=O)C=CC4(C)[C@@]3(Cl)C(Cl)CC2(C)[C@@]1(OC(=O)c1ccoc1)C(=O)CCl,CHEMBL10472
DEC_3376,decoy,CC1=C(C(=O)OC(c2ccccc2)c2ccccc2)N2C(=O)[C@@H](NC3=NC(c4ccc(C#N)cc4)CN3)C2SC1,CHEMBL13734
DEC_4182,decoy,C/C=C(\NC(=O)CNC(=O)CCC)C(=O)O,CHEMBL12326
DEC_2051,decoy,CC(=O)N1CCN(C(=O)C(Cc2cccc(C(=N)N)c2)NS(=O)(=O)NCCc2ccc3c(c2)OCCO3)CC1,CHEMBL294716
DEC_3311,decoy,CNS(=O)(=O)c1ccc2c(c1)/C(=C/c1[nH]c3c(c1CCCN1CCOCC1)CCCC3)C(=O)N2,CHEMBL296185
DEC_3756,decoy,NCCCC(NC(=O)c1ccc(NCc2ccc3nc(N)nc(O)c3c2Cl)cc1)C(=O)O,CHEMBL288142
DEC_2383,decoy,O=c1[nH]c(=O)n(COCCO)cc1Cc1cccc(Oc2ccc(Cl)cc2)c1,CHEMBL17690
DEC_1170,decoy,CN(Cc1ccccc1)C(=O)[C@@H](Cc1ccccc1)NC(=O)C1C[C@@H](O)CN1C(=O)c1cn(CC(=O)O)c2ccccc12,CHEMBL292346
DEC_1377,decoy,CC(C)[C@@H](N)CN1C2CCC1CC(OC(c1ccc(F)cc1)c1ccc(F)cc1)C2,CHEMBL429015
DEC_3361,decoy,CC(C)CN1C[C@H](OCC23C[C@@H]4[C@H](C)CC[C@H]4C4(C=O)CC2C=C(C(C)C)[C@@]34C(=O)O)OC[C@H]1C,CHEMBL30451
DEC_2812,decoy,C[C@@]1(CCc2ccccc2)CC2C3Cc4ccc(O)c5c4C2(CCN3CC2CCC2)C(O5)C1=O,CHEMBL9736
DEC_2914,decoy,CC(C)CCN(C[C@@H](O)[C@@H]1Cc2ccc(cc2)OCCCCCC(=O)N[C@@H](C(C)C)C(=O)N1)S(=O)(=O)c1ccc(N)cc1,CHEMBL442738
DEC_0884,decoy,CC#CCC(C)[C@H](O)/C=C/[C@@H]1[C@H]2C/C(=C/CCCC(=O)O)C[C@H]2C[C@H]1O,CHEMBL494
DEC_3632,decoy,CCCCCCS(=O)(=O)N(CCC)CCN1C[C@H](c2ccc3c(c2)OCO3)[C@@H](C(=O)O)[C@@H]1c1ccc(OC)c(F)c1,CHEMBL109644
DEC_2711,decoy,CCCCN(Cc1ccc(-c2ccccc2-c2nn[nH]n2)cc1)c1ncnc2c1nc(S(C)(=O)=O)n2C,CHEMBL299608
DEC_2879,decoy,COc1cnc(OCCOc2ncnc(NS(=O)(=O)c3ccc(C(C)(C)C)cc3)c2Oc2cccc(OC)c2)nc1,CHEMBL114380
DEC_2534,decoy,CN(C(=O)OCc1ccc(NC(=O)N[C@@H](CCC(=O)O)C(=O)O)cc1)c1ccc(N(CCCl)CCCl)cc1,CHEMBL44858
DEC_3563,decoy,CN/C(=N/C1=CC(C)(C)Oc2ccc(C#N)cc21)NC#N,CHEMBL6384
DEC_1085,decoy,Nc1nc(N)c2nc(CSc3ccc(Cl)cc3)cnc2n1,CHEMBL23787
DEC_1490,decoy,CC1(C)N=C(N)N=C(N)N1c1ccc(C#C[Si](C)(C)C)cc1,CHEMBL33409
DEC_1504,decoy,CCc1cc(C#N)ccc1C/N=c1\c(O)c(O)\c1=N/C(C)(C)C,CHEMBL19605
DEC_1243,decoy,CC(=O)Oc1ccc(/C=C/C(=O)OC(C(=O)O)C(OC(=O)/C=C/c2ccc(OC(C)=O)c(OC(C)=O)c2)C(=O)O)cc1OC(C)=O,CHEMBL331856
DEC_0444,decoy,N#CC1(c2ccccc2)CCN(CCCNC(=O)N2C(=O)NC3=C(C(=O)OC3)C2c2ccc(F)c(F)c2)CC1,CHEMBL298579
DEC_2892,decoy,CC(=O)Nc1ccn(C2CSC(CO)(CO)O2)c(=O)n1,CHEMBL27857
DEC_3711,decoy,C[C@H](N[C@@H](CCc1ccccc1)C(=O)O)C(=O)N(CCCNC(=O)c1ccc(Cl)c(S(N)(=O)=O)c1)CC(=O)O,CHEMBL289856
ACT_055,active,CCCS(=O)(=O)N[C@@H](C(=O)N[C@@H](CCSC)C(=O)NCc1ccc(C(=N)N)cc1)[C@@H](C)CC,CHEMBL523575
DEC_3110,decoy,CCCCCc1nc2c(n1Cc1ccc(-n3cccc3-c3nn[nH]n3)cc1)/C(=C/C(=O)O)CCCC2,CHEMBL42984
DEC_1310,decoy,CCCCc1nc2ccc([C@H]3[C@@H]4CCC[C@@H]4ON3C)cc2c(=O)n1Cc1ccc(-c2ccccc2-c2nn[nH]n2)cc1,CHEMBL52791
DEC_2497,decoy,CCCC[C@@H](C)/C=C(C)/C=C(\C)C(=O)NC1=C[C@@](O)(/C=C/C=C/C=C/C(=O)NC2=C(O)CCC2=O)[C@@H]2O[C@@H]2C1=O,CHEMBL285848
DEC_2657,decoy,C[C@H](NC(=O)[C@H](Cc1ccc([N+](=O)[O-])cc1)NC(=O)c1cccc2ccccc12)C(=O)N(C)c1ccccc1,CHEMBL432088
DEC_2285,decoy,CCCc1cc2c(cc1O)C(C)(C)C(CCc1ccc(S(C)(=O)=O)cc1)O2,CHEMBL25296
DEC_3371,decoy,C[C@@H](n1cnc2c(Br)cc(Br)cc2c1=O)[C@](O)(Cn1cncn1)c1ccc(F)cc1F,CHEMBL56850
DEC_3061,decoy,CC(C)[C@H](CO)Nc1nc(Nc2cc(N)cc(Cl)c2)c2ncn(C(C)C)c2n1,CHEMBL286721
DEC_3058,decoy,O=C(O)C(CCCCn1cnc2c1NC=NCC2O)Cc1ccccc1Br,CHEMBL36045
DEC_0754,decoy,O=C(NC[C@@H]1Cc2ccccc2CN1/C(S)=N/C[C@H]1CCCN1Cc1ccc(O)c(O)c1)Nc1ccccc1,CHEMBL287989
DEC_2521,decoy,CCCCN(C(=O)CC(=O)O)c1ccc(N2CCC(NC[C@H](O)c3ccc(O)c(NS(C)(=O)=O)c3)CC2)cc1,CHEMBL418600
DEC_2739,decoy,CSc1ccc2[nH]cc(CCN(C)C)c2c1,CHEMBL31783
DEC_2324,decoy,OC(c1ccc(Cl)cc1)C(O)(Cn1cncn1)c1ccc(Cl)cc1,CHEMBL269459
DEC_0655,decoy,CC[C@@]1(O)C(=O)OCc2c1cc1n(c2=O)Cc2cc3c(CN4CCN(C)CC4)c(O)ccc3nc2-1,CHEMBL275542
ACT_035,active,N=C(N)NCCC[C@@H]1NC(=O)[C@@H]2CCCN2C(=O)[C@@H](NC=O)NC(=O)CCCCCCNC(=O)C1=O,CHEMBL2371465
DEC_1571,decoy,CC(C)C[C@@H]1OC(=O)C(C)(C)CNC(=O)[C@@H](n2cccc2)NC(=O)/C=C/C[C@@H]([C@H](C)[C@H]2O[C@@H]2c2ccccc2)OC1=O,CHEMBL406149
DEC_2319,decoy,COc1ccnc(C[S+]([O-])c2nc3cc4c(cc3[nH]2)OC(F)(F)O4)c1,CHEMBL9959
DEC_0514,decoy,O=C(O)CC(NC(=O)CNC(=O)CCCNc1ccccn1)c1cccc([N+](=O)[O-])c1,CHEMBL9737
DEC_2234,decoy,Cc1cc(C)c(NC(=O)c2sccc2S(=O)(=O)Nc2noc(C)c2Cl)c(C)c1CC#N,CHEMBL19661
DEC_1352,decoy,COc1cc(-c2nn([C@H]3CC[C@H](N4CCN(C)CC4)CC3)c3ncnc(N)c23)ccc1NC(=O)Nc1ccccc1,CHEMBL45651
DEC_3020,decoy,CN(C)CCc1c[nH]c2ccc3c(c12)OCO3,CHEMBL28354
DEC_0991,decoy,CN1CCc2cccc3c2[C@H]1Cc1cccc(-c2c(OS(=O)(=O)C(F)(F)F)cccc2OS(=O)(=O)C(F)(F)F)c1-3,CHEMBL282413
DEC_3797,decoy,CC(C)CC(OP(=O)(O)[C@@H](Cc1ccccc1)NC(=O)OCc1ccccc1)C(=O)NC(C)C(=O)O,CHEMBL290979
DEC_2538,decoy,C=CCNc1nc(NCC=C)nc(NCC(O)CN2CCC(NCC3c4ccccc4CCc4ccccc43)CC2)n1,CHEMBL312175
DEC_3259,decoy,C[C@@H](NC(=O)[C@@H](N)Cc1ccc(O)cc1)C(=O)NCC(=O)N[C@@H](Cc1ccccc1)C(=O)NNC(=O)[C@H](N)Cc1c[nH]c2ccccc12,CHEMBL92286
DEC_2464,decoy,COc1ccc2c3c1OC1[C@H](O)[C@](CO)(CCCc4ccccc4)CC4C(C2)N(CC2CC2)CCC341,CHEMBL8938
DEC_1116,decoy,c1cc(Sc2ccc3c(c2)OCCO3)ccc1NC1=NCCN1,CHEMBL9649
DEC_2490,decoy,C=C1C[C@@]23O[C@]2(c2ccccc21)C1CC(OC(=O)[C@H](O)[C@@H](NC(=O)CC)c2ccccc2)C3(C)C1(C)C,CHEMBL285727
DEC_1626,decoy,CNS(=O)(=O)c1ccc2c(c1)/C(=C/c1[nH]c3c(c1CCC(=O)N1CCN(C)CC1)CCCC3)C(=O)N2,CHEMBL291534
DEC_1415,decoy,N#CC1=CC=C2C=CC=C(O)C2N1OP(=O)(O)O,CHEMBL286467
DEC_3909,decoy,CN(C)C(=O)CCN1CC[C@@H](N2CC(=O)N3[C@H](c4ccc5c(c4)OCO5)c4[nH]c5ccccc5c4C[C@@H]3C2=O)C1,CHEMBL33627
DEC_3893,decoy,O=[N+]([O-])c1ccc2[nH]c3c(N4CCN(CCc5ccc(F)c(F)c5)CC4)nc(CN4CCOCC4)nc3c2c1,CHEMBL283693
DEC_4216,decoy,Nc1ccc(S(=O)(=O)NCC(=O)O)cc1,CHEMBL285053
DEC_1963,decoy,CCCCCn1cnc2c(C#CC#Cc3ncnc4c3ncn4CCCCC)ncnc21,CHEMBL9930
DEC_2141,decoy,Nc1ccc(S(=O)(=O)c2cc(Br)nc(N3CCNCC3)c2)cc1,CHEMBL24474
DEC_4219,decoy,Cc1cn(C2CC3OP(=O)(N(CCCl)CCCl)NCC3O2)c(=O)[nH]c1=O,CHEMBL20450
DEC_4021,decoy,O=C(NCCCN1CC[C@@H]2[C@H](C1)c1cccc3c1N2CC3)Nc1ccc(I)cc1,CHEMBL51953
DEC_3779,decoy,NS(=O)(=O)c1cc(NCCNCC(O)COc2cccc3c2CCC(=O)N3)ccc1Cl,CHEMBL41373
DEC_0956,decoy,O=C(N[C@@H]1C(Cn2cnc3c(NCc4ccc5ccccc5c4)ncnc32)OC(CO)[C@@H]1O)c1cc(Cl)cc(Cl)c1,CHEMBL65460
DEC_3144,decoy,COC(OC)[C@]1(C)Oc2ccc(N)cc2[C@@H](N(Cc2ncc[nH]2)c2ccc(Br)cc2)[C@@H]1O,CHEMBL44603
DEC_1142,decoy,COc1ccc(C[C@H]2NC(=O)/C=C/C[C@@H](C(=O)/C=C\c3ccccc3)OC(=O)[C@H](CC(C)C)OC(=O)CCNC2=O)cc1,CHEMBL276155
DEC_0206,decoy,O=C1CN2Cc3c(sc4c3CCCC4)N=C2N1,CHEMBL31429
DEC_2642,decoy,C=C1C[C@@]23O[C@]2(c2ccccc21)C1CC(OC(=O)[C@H](O)[C@@H](NC(=O)NCC)c2ccccc2)C3(C)C1(C)C,CHEMBL32245
DEC_0964,decoy,CC(C)(C)NC(=O)C(c1ccc(Oc2ccccc2)cc1)N1C(=O)[C@H](CS)NC(=O)[C@@H]1Cc1ccc([N+](=O)[O-])cc1,CHEMBL29505
DEC_0871,decoy,CCSc1nc2c(n1Cc1ccc(O)cc1)C(=O)N(CC)C1=N[C@@H]3CCC[C@@H]3N12,CHEMBL282189
DEC_1547,decoy,O=C(N[C@H]1c2ccccc2C[C@H]1O)[C@H](Cc1cccc(O)c1)[C@@H](C(=O)NO)C1CN(C(=O)C(F)(F)F)C1,CHEMBL24810
DEC_2138,decoy,CCCCc1c(O)n(-c2ccc(F)cc2)c2nc3c(c(=O)n(C)c(=O)n3C)n2c1=O,CHEMBL13444
DEC_1362,decoy,Br.Br.N=c1ccn(CCCCCCn2ccc(=N)cc2)cc1,CHEMBL35108
DEC_3566,decoy,C/C=C(\NC(=O)C1(C)CC1(Cl)Cl)C(=O)O,CHEMBL276189
DEC_3509,decoy,S=C=Nc1ccc(-c2noc(C3CC3)n2)cc1,CHEMBL21517
DEC_1926,decoy,c1cc(C2=NCCN2)ccc1CC1CCN(c2ccc(C3=NCCN3)cc2)CC1,CHEMBL9479
ACT_083,active,N=C(N)NCCCC(NC(=O)CN1CCN(S(=O)(=O)c2ccc(-c3ccccn3)s2)CC1=O)C(=O)c1nccs1,CHEMBL163121
DEC_2297,decoy,CCc1c(Sc2cc(C)cc(C)c2)n(COCCO)c(=S)[nH]c1=O,CHEMBL16793
DEC_2967,decoy,c1cc(-c2ccc(-n3ccnc3)cc2)c2nccn2c1,CHEMBL26924
DEC_0943,decoy,Cc1c2ccnc(C(=O)NCCN(C)C)c2cc2c3cc(OC(=O)CCC(NC(=O)OC(C)(C)C)C(=O)O)ccc3n(C)c12,CHEMBL302570
DEC_2407,decoy,COc1cc(C#N)cc(-c2ccc3c(c2)C(C)(C)OC(S)=N3)c1,CHEMBL25292
DEC_0308,decoy,CCc1cc(OCc2ccc(-c3ccccc3-c3nn[nH]n3)cc2)c(I)c(CC)n1,CHEMBL285560
DEC_2500,decoy,CCCCc1nn(CC(OCC(=O)O)c2ccccc2)c(=O)n1Cc1ccc(-c2ccccc2C2=NNNN2)cc1,CHEMBL307752
DEC_1447,decoy,CN1CCN(C(C2CC2)C2CC2)C(C2=NCCN2)C1,CHEMBL38734
DEC_0649,decoy,CCOC(=O)C1=NO[C@]2(C(=O)CO)[C@H]1CC1C3CCC4=CC(=O)C=C[C@]4(C)[C@@]3(F)[C@@H](O)C[C@@]12C,CHEMBL9199
DEC_3280,decoy,CCc1cc(C(C)=O)c(O)cc1OCc1cccc(C(=O)Nc2cccc(CC(=O)O)[n+]2[O-])n1,CHEMBL35963
DEC_3395,decoy,Cc1cc(C)c(NS(C)(=O)=O)c(C)c1NC(=O)c1sccc1S(=O)(=O)Nc1onc(C)c1Cl,CHEMBL292111
DEC_0595,decoy,Cc1cc(C)cc(-c2[nH]c3ccc(C(C)(C)C(=O)N4CC5CCC4CC5)cc3c2[C@H](C)CNCCc2cc(C)nc(C)c2)c1,CHEMBL113574
DEC_2825,decoy,C=C1CCC2[C@](C)(CCC[C@]2(C)C(=O)OC)[C@H]1CCC1=CCC2=C(C1)C(=O)C=C(C)C2=O,CHEMBL22656
DEC_4061,decoy,CC1(C)C=C(n2ccccc2=O)c2cc(S(=O)(=O)Nc3ccc([N+](=O)[O-])cc3)ccc2O1,CHEMBL12698
DEC_4081,decoy,CN(CC#CCCC1(C2(O)c3ccccc3Oc3ccccc32)SCCCS1)CCCc1ccccc1,CHEMBL39633
DEC_0099,decoy,Nc1ccc(-c2nc(-c3ccc(F)cc3)no2)cc1,CHEMBL21876
DEC_1897,decoy,CCCc1nc2c(n1Cc1ccc(-c3ccccc3-c3nn[nH]n3)cc1)/C(=C/C(=O)O)CCCC2,CHEMBL42995
DEC_3750,decoy,Nc1nc(=O)c2cc(NCc3ccc(C(=O)NC(CCC(=O)O)C(=O)O)cc3)ccc2[nH]1,CHEMBL36739
DEC_0144,decoy,Cc1ccc(-c2c(NS(=O)(=O)c3ccc4ccccc4c3)ncnc2OCCOc2ncc(Br)cn2)cc1,CHEMBL112134
DEC_1152,decoy,CCOC(=O)[C@H](Cc1ccc(OC(=O)N(C)C)cc1)NC(=O)[C@H]1N(S(=O)(=O)c2ccn(C)n2)CSC1(C)C,CHEMBL42478
DEC_1990,decoy,COc1cccc(-c2cc(C#N)ccc2COC(c2ccc(C#N)nc2)c2cncn2C)c1,CHEMBL432477
DEC_2555,decoy,C[C@]12CC[C@H](O)[C@@](C)(CO)C1C[C@H](O)[C@@]1(C)Oc3cc(-c4ccc(Cl)nc4)oc(=O)c3C(=O)C21,CHEMBL25149
DEC_1591,decoy,C[C@H]1CC2C(C(O)CC3(C)C2CC[C@]3(O)C(=O)COC(=O)c2cccc(CN(C)CCN(C)C)c2)C2(C)C=CC(=O)C=C12,CHEMBL264620
DEC_2788,decoy,CCN(C)CC#CCCC1(C2(O)c3ccccc3Sc3ccccc32)SCCCS1,CHEMBL40930
DEC_2664,decoy,N#Cc1ccccc1CN1CCC[C@@H]1CNC(=S)N1Cc2ccccc2C[C@H]1CNC(=O)Nc1ccccc1,CHEMBL38495
DEC_1466,decoy,CC(C)(C)/N=c1\c(O)c(O)\c1=N/Cc1ccc(C#N)cc1Cl,CHEMBL19558
DEC_0823,decoy,COc1cc2c3c4c(cc5c3n(c2cc1OC)C(=O)CC5)CCNC4,CHEMBL23230
DEC_3562,decoy,C[C@]1(C2=NCCN2)CCCc2c1ccc(O)c2O,CHEMBL30992
DEC_3837,decoy,Cc1cc(CCCOc2c(C)cc(-c3noc(C(F)(F)F)n3)cc2C)on1,CHEMBL29609
DEC_3113,decoy,CCCc1nc2c(n1Cc1ccc(-c3ccccc3-c3nn[nH]n3)cc1)C(O)(CC(=O)O)CCCC2,CHEMBL290848
DEC_0492,decoy,CCc1cc(C(C)=O)c(O)cc1OCc1cccc(C(=O)N[C@@H](CC(=O)O)C(=O)O)n1,CHEMBL32665
DEC_4175,decoy,COc1cc2c(cc1OC)[C@]1(c3cc(OC)c(OC)c(OC)c3)OC[C@H](C2)[C@@H]1C,CHEMBL18386
DEC_0643,decoy,CC[C@@]1(O)C(=O)OCc2c1cc1n(c2=O)Cc2cc3c(CN4CCOCC4)c(O)ccc3nc2-1,CHEMBL273635
DEC_3991,decoy,CC1O[C@H]2[C@H](O)[C@H](OCC34C[C@@H]5[C@H](C)CC[C@H]5C5(C=O)CC3C=C(C(C)C)C45C(=O)O)O[C@H](C)[C@H]2O1,CHEMBL283375
DEC_1051,decoy,CCC/C=C/c1c(C(C)C)nc(C(C)C)c(CO)c1-c1ccc(S(C)(=O)=O)cc1,CHEMBL278562
DEC_2922,decoy,Cn1cc(CN2CCN(C[C@@H](O)C[C@@H](Cc3ccccc3)C(=O)NC3c4ccccc4C[C@H]3O)[C@H](C(=O)NC(C)(C)C)C2)ccc1=O,CHEMBL356205
DEC_0005,decoy,CCNC(CC(C)C)C(=O)NC(=O)[C@H](CC(C)C)NC(=O)C(CC(C)C)C(=O)CS,CHEMBL417086
DEC_0721,decoy,C[C@@H](O)[C@H]1C(=O)N2C(C(=O)O)=C(S[C@@H]3CN[C@H](c4ccc(CN)cc4)C3)[C@H](C)[C@H]12,CHEMBL416158
ACT_093,active,COc1ccccc1N1CCN(C(=O)CNC(=O)c2cn(-c3ccccc3OC)c(=O)c3ccccc23)CC1,CHEMBL1385929
DEC_3737,decoy,O=P(O)(O)C(CCCCCCc1ccccc1)(O[C@@H]1CC[C@@H](O)C[C@@H]1O)P(=O)(O)O,CHEMBL32381
DEC_3663,decoy,COc1cc(-c2nn[nH]n2)ccc1OCc1ccc(OCc2ccc3ccccc3n2)cc1,CHEMBL18281
DEC_2304,decoy,C=C1/C=C(\C)[C@H](CC)OC(=O)[C@H](C)C(=O)[C@@](O)(CO)C/C(OC)=C/[C@@H](C)C1,CHEMBL32773
DEC_0650,decoy,COC(=O)[C@@H]1N2C(=O)[C@@H](NC(=O)c3c(-c4ccccc4Cl)noc3C)[C@H]2SC1(C)C,CHEMBL24174
DEC_1390,decoy,N#CN/C(=N/c1cccc(Cl)c1)NC(Cn1ccnc1)c1ccc(Cl)cc1Cl,CHEMBL8029
DEC_3474,decoy,NCCCCNc1ccc2c(CNCCO)nn3c4cccc(O)c4c(=O)c1c23,CHEMBL269371
DEC_3823,decoy,COc1ccccc1CN(CC(Cc1c[nH]c2ccccc12)NC(=O)CSc1ccccn1)C(C)=O,CHEMBL43970
DEC_2627,decoy,Cc1nc(COc2ccc3c(c2)[C@@H](O)[C@@H](Cc2cccnc2)CO3)ccc1[N+](=O)[O-],CHEMBL283886
DEC_4078,decoy,O=C(O)c1ccc(Oc2nccc(-c3c(-c4ccc(F)cc4)ncn3C3CCNCC3)n2)cc1,CHEMBL14233
DEC_0121,decoy,CC1=NC(C)=C(C(=O)OCCN2C(=O)c3ccccc3S2(=O)=O)C(c2ccccc2C(F)(F)F)/C1=C(\O)OC(C)C,CHEMBL81272
DEC_4122,decoy,CC1=C(C(=O)OCCN(C)C)C(c2ccccc2C)N2C=C(c3c(Cl)cccc3Cl)SC2=N1,CHEMBL288472
ACT_017,active,NC(=O)/C(=N\OC(=O)c1ccco1)c1nc(-c2ccc(Br)cc2)cs1,CHEMBL3196672
DEC_3401,decoy,Cc1c2ccnc(C(=O)NCCN(C)C)c2cc2c3cc(OC(=O)N4CCC(N5CCCCC5)CC4)ccc3n(C)c12,CHEMBL70664
DEC_0486,decoy,C=CCc1ccc(OCC(=O)NCCNC(=O)C2=CC(C)(C)NC2(C)C)c(OC)c1,CHEMBL15526
DEC_0864,decoy,CN(C)CCNCc1nn2c3ccccc3c(=O)c3c(NCCN(C)C)ccc1c32,CHEMBL268630
DEC_3386,decoy,CCCCO[C@]1(C)CCN2CC34CC5(C(=O)Nc6c5ccc5c6OC=CC(C)(C)O5)C(C)(C)C3CC21C(=O)N4C,CHEMBL291158
DEC_1240,decoy,CC(=O)Oc1ccc(/C=C/C(=O)O[C@@H](C(=O)O)[C@@H](OC(=O)/C=C/c2ccc(OC(C)=O)c(OC(C)=O)c2)C(=O)O)cc1OC(C)=O,CHEMBL29369
DEC_3514,decoy,c1cncc(NC2c3ccccc3Oc3ccccc32)c1,CHEMBL20059
DEC_1708,decoy,COc1ccccc1-c1ccc(C[C@H](NC(=O)[C@H]2CSCN2S(C)(=O)=O)C(=O)O)cc1,CHEMBL29703
DEC_3574,decoy,CC(C)(C)c1ccc(N2C(N)=NC(N)=NC2(C)C)cc1,CHEMBL6661
DEC_0914,decoy,COc1cccc2c1CCC[C@H]2CN(C)CCc1ccc2c(c1)CCN2,CHEMBL276236
DEC_1053,decoy,O/N=C(/c1ccc(Sc2cc(F)cc(C3CCOCC3)c2)cc1)C(F)(F)F,CHEMBL281070
DEC_1972,decoy,COP(=O)(OC)OC(c1ccc(C(F)(F)F)cc1)P(=O)(OC)OC,CHEMBL34556
DEC_0100,decoy,Nc1ccc(-c2nc(-c3ccc(Cl)cc3)no2)cc1,CHEMBL21384
DEC_2797,decoy,Clc1ccc(C2(Cn3ccnc3)OCC(Cc3ccc(Br)cc3)O2)c(Cl)c1,CHEMBL442148
DEC_2975,decoy,CCOC(=O)C1(NC(=O)N(CCCl)N=O)CCCC1,CHEMBL12805
DEC_2924,decoy,CC(=O)N[C@@H](Cc1ccc(OP(=O)(O)O)cc1)C(=O)N[C@H]1CSCCN(Cc2cccc(C(=O)c3ccccc3)c2)C1=O,CHEMBL66171
DEC_2308,decoy,CN(Cc1c2ccccc2cc2ccccc12)c1cnc2nc(N)nc(N)c2n1,CHEMBL33933
DEC_1511,decoy,Nc1ncnc2c1ncn2C1C=CC(OCP(=O)(O)OP(=O)(O)C(F)(F)P(=O)(O)O)C1,CHEMBL423477
DEC_0269,decoy,O=C1C2C3C=CC(C4CC34)C2C(=O)N1CCCCN1CCN(c2ncccn2)CC1,CHEMBL283596
DEC_4163,decoy,CCCCCCCCOc1ccc2c3c1OC1C(O)C=CC4C(C2)N(C)CCC341,CHEMBL282862
DEC_3071,decoy,N#Cc1cccc(NC(=O)NC2CCCC(NC(=O)Nc3cccc(C#N)c3)C2)c1,CHEMBL13638
DEC_2526,decoy,CCCc1cc(=O)n(CCNC(=O)NC2CCCCC2)c(=O)n1Cc1ccc(-c2ccccc2-c2nn[nH]n2)cc1,CHEMBL416507
DEC_1943,decoy,COc1cc2[nH]c(O)nc2cc1C#CCN1CCC(Cc2ccc(F)cc2)CC1,CHEMBL19404
DEC_1813,decoy,OC1(c2nc(-c3ccc(F)cc3)c(-c3ccncc3)[nH]2)CCCC1,CHEMBL23828
DEC_1941,decoy,CCn1cc(C(=O)O)c(=O)c2cc(F)c(N3CC(C)NC(C)C3)c(Cl)c21,CHEMBL15623
DEC_3860,decoy,CC(C)c1ccc(C2=C(c3ccc(S(C)(=O)=O)cc3)C(C)(O)OC2=O)cc1,CHEMBL18867
DEC_2745,decoy,NC1=NC(c2ccccc2)Cc2sccc21,CHEMBL416696
DEC_1988,decoy,CC(=O)O[C@H]1O[C@@H]2O[C@@H](OC(C)=O)[C@@H]3CC[C@H]([C@@H]1CC/C=C(\C)CCC=C(C)C)[C@H]23,CHEMBL275719
DEC_1242,decoy,COCCOCCOC(=O)[C@H](Cc1ccc(OC(=O)N(C)C)cc1)NC(=O)[C@H]1N(S(=O)(=O)c2ccn(C)n2)CSC1(C)C,CHEMBL288011
DEC_0555,decoy,CN1CCN(CCCN2N=C3/C(=C/c4ccccc4)COCC3C2c2ccccc2)CC1,CHEMBL287223
DEC_3471,decoy,CCCCc1ccc(Nc2nc(N)c3ncn(COCCO)c3n2)cc1,CHEMBL278226
DEC_1613,decoy,CNS(=O)(=O)c1ccc2c(c1)/C(=C/c1[nH]c3c(c1CCCN1CCNCC1)CCCC3)C(=O)N2,CHEMBL55410
DEC_1474,decoy,COc1c(C)c(O)c2c(c1O)c(COC(N)=O)c1n2C[C@@H]2[C@H]1N2C,CHEMBL18158
DEC_1089,decoy,CCc1c(Sc2cc(C)cc(C)c2)n(COCCO)c(=O)[nH]c1=O,CHEMBL16684
DEC_2735,decoy,c1ccc2c3c([nH]c2c1)C(c1ccsc1)NCC3,CHEMBL38393
DEC_0297,decoy,COC(=O)OC1CCn2c3c(c(COC(N)=O)c21)C(=O)C(OC)=C(C)C3=O,CHEMBL18199
DEC_0478,decoy,NCCN(CCO)Cc1c2ccccc2c(CN(CCN)CCO)c2ccccc12,CHEMBL26813
DEC_0916,decoy,CCCN(CCC)CCc1c(Cl)cc(O)c2nc(O)sc12,CHEMBL17872
DEC_1742,decoy,O=C(NCCCOc1ccc2[nH]c(=O)ccc2c1)N(C1CC1)[C@@H]1CCCC[C@H]1O,CHEMBL284838
DEC_2580,decoy,Cc1nn(C(=O)Nc2ccc(S(=O)(=O)NC(=O)NC3CCCCC3)cc2)c(C)c1Br,CHEMBL296241
DEC_0402,decoy,CCc1ccc(NC(=O)Nc2cc(C(C)(C)C)sc2C(=O)NC)cc1,CHEMBL18752
DEC_1811,decoy,CC[C@@H]1Cc2cc3c(C(F)(F)F)cc(O)nc3cc2N[C@@H]1CC,CHEMBL7421
DEC_3237,decoy,Nc1nc(N)c2c(CSc3ccc4ccccc4c3)coc2n1,CHEMBL283311
DEC_3827,decoy,CN1C2CC[C@@H]1C[C@H](OC(=O)c1ccccc1)C2C(=O)OCCCc1ccccc1.O=C(O)/C=C/C(=O)O,CHEMBL31837
DEC_0335,decoy,C=C1C[C@@]23O[C@]2(c2ccccc21)C1CC(OC(=O)[C@H](O)[C@@H](NC(=O)OC)c2ccccc2)C3(C)C1(C)C,CHEMBL281282
DEC_4000,decoy,CCN(CCOc1ccc(/C=C2\SC(=O)NC2=O)cc1)CC1(C)CCc2c(C)c(O)c(C)c(C)c2O1,CHEMBL6571
DEC_3938,decoy,CNC(=O)[C@@H](NC(=O)C(CCc1ccccc1)CP(=O)(O)Cc1ccc(Cc2ccccc2)cc1)C(C)(C)C,CHEMBL290377
DEC_2638,decoy,CC1=C(C(=O)NCCCN2CCC(C#N)(c3ccc(F)cc3C#N)CC2)[C@@H](c2ccc(F)c(F)c2)CC(=O)N1,CHEMBL42335
DEC_1315,decoy,CC(=O)Nc1ccccc1Cn1c2c(c3ccccc31)C[C@@]1(O)C3Cc4ccc(O)c5c4C1(CCN3CC1CC1)[C@H]2O5,CHEMBL282565
DEC_4246,decoy,COC12[C@@H]3N[C@@H]3CN1C1=C(C(=O)C(N3CCc4ccccc43)=C(C)C1=O)[C@@H]2COC(N)=O,CHEMBL33886
DEC_2633,decoy,CNC(=O)N(C)CCC1(C(=O)N[C@@H](Cc2ccc(NC(=O)c3c(Cl)cccc3Cl)cc2)C(=O)O)CCCC1,CHEMBL79694
DEC_2229,decoy,C#CCN(Cc1cc2c(O)nc(C)nc2cc1C)c1ccc(C(=O)NCc2cncs2)c(F)c1,CHEMBL266066
DEC_1294,decoy,COC(=O)CCN(CCc1ccccc1)C(=O)[C@@](C)(Cc1c[nH]c2ccccc12)NC(=O)OC1[C@H]2C[C@@H]3C[C@@H](C[C@H]1C3)C2,CHEMBL96401
DEC_0736,decoy,CN(C)CCCc1c(/C=C2\C(=O)Nc3ccc(S(=O)(=O)NCc4ccc(F)cc4)cc32)[nH]c2c1CCCC2,CHEMBL301863
DEC_3665,decoy,OC(CCN1CCN(CCOC(c2ccc(F)cc2)c2ccc(F)cc2)CC1)c1ccco1,CHEMBL285566
DEC_3024,decoy,O=C(O)C1=CC(=O)C2(CCC=C3C=CC=CC32)O1,CHEMBL428700
DEC_1603,decoy,COC(=O)[C@]1(C)Nc2c(OC(=O)N(C)C)cc3c(c2C1=O)[C@H](CBr)CN3C(=O)/C=C/c1ccc(OC)cc1,CHEMBL20095
DEC_1701,decoy,Cc1cc(C)c(C(=O)OCC(=O)CNC(=O)[C@H](Cc2ccccc2)NC(=O)CCC(=O)O)c(C)c1,CHEMBL432295
DEC_2908,decoy,O=C(NCCNCCNCCNC(=O)c1cc(Br)c(Br)[nH]1)c1cc(Br)c(Br)[nH]1,CHEMBL112906
DEC_4094,decoy,CCN(c1nc(C)cc(-c2ccccc2C(F)(F)F)n1)c1c(Br)cc(N(C)C)cc1OC,CHEMBL10015
DEC_3695,decoy,[O-][n+]1cc(C(Cc2ccncc2)c2ccc(Cl)cc2)cc(OC(F)F)c1OC(F)F,CHEMBL284852
DEC_2639,decoy,Cc1cc(O)cc(C)c1C[C@H](N)C(=O)N1Cc2ccccc2C[C@H]1CNC(=O)NC12CC3CC(CC(C3)C1)C2,CHEMBL77804
DEC_1119,decoy,Cc1cccc(SCc2cnc3nc(N)nc(N)c3c2C)c1,CHEMBL23272
DEC_2128,decoy,CC[C@@]1(O)C(=O)OCc2c1cc1n(c2=O)Cc2c-1nc1c[n+]([O-])c(CN)cc1c2C,CHEMBL275134
DEC_0904,decoy,CC(C)(C)c1cc(-c2nnc(SCCN)s2)cc(C(C)(C)C)c1O,CHEMBL274271
DEC_1879,decoy,C=C1CCC2[C@](C)(CCC[C@]2(C)C(=O)OC)[C@H]1CCC12Cc3c(O)ccc(O)c3CC1O2,CHEMBL281377
DEC_2792,decoy,[O-][S+](c1nc(-c2ccc(Cl)c(Cl)c2)c(-c2ccccc2)[nH]1)C(F)(F)C(F)F,CHEMBL276944
DEC_1087,decoy,Nc1nc(N)c2nc(CSc3cccc4ccccc34)cnc2n1,CHEMBL22434
DEC_1940,decoy,CC(/N=c1\c(O)c(O)\c1=N/c1ccc(C#N)cc1)c1ccc(OC(F)(F)F)cc1,CHEMBL18963
DEC_0025,decoy,CNC(=O)[C@H](NC(=O)C(CCc1ccccc1)CP(=O)(O)Cc1ccccc1)C(C)(C)C,CHEMBL27647
DEC_2223,decoy,O=C(O)C(Cc1c[nH]c2ccccc12)NC(=O)C(CS)c1ccc(-c2ccccc2)cc1,CHEMBL34876
DEC_0764,decoy,Cc1ccc(CC(COC(=O)C(C)(C)C)CN(O)/C(S)=N/Cc2ccc(NS(C)(=O)=O)c(F)c2)cc1C,CHEMBL72562
DEC_0985,decoy,Cc1cc(=O)oc2c3c(ccc12)OC(C)(C)[C@H](OC(=O)C12CCC(C)(C(=O)O1)C2(C)C)[C@@H]3OC(=O)C12CC3CC(CC(C3)C1)C2,CHEMBL330107
DEC_2525,decoy,CC(C)[C@H](NC(=O)C(Cc1ccccc1)CP(=O)(O)[C@H](Cc1ccccc1)NC(=O)OCc1ccccc1)C(N)=O,CHEMBL424591
DEC_3225,decoy,CN(c1ccccc1Cl)c1nc2ccccc2n2cncc12,CHEMBL29549
DEC_0017,decoy,CCOCc1c[nH]c(-c2ccc(OCC(O)CNCCc3ccc(OC)c(OC)c3)cc2)n1,CHEMBL11093
DEC_2409,decoy,Cc1ccc(C(c2sncc2C)N2CCN(C)CC2)cc1C,CHEMBL21750
DEC_3521,decoy,CCSC(=O)OC/C=C(\C)CCC=C(C)C,CHEMBL39786
DEC_4131,decoy,CCOC(=S)SCCCCC/C=C(\NC(=O)C1CC1(C)C)C(=O)O,CHEMBL12008
DEC_3402,decoy,C[C@H]1O[C@@H](n2cnc3c(NC4CCCC4)ncnc32)[C@H](O)[C@H]1NC(=O)C1CCCC[C@H]1C(=O)c1cccs1,CHEMBL53795
DEC_0591,decoy,Cc1cc(C)cc(-c2[nH]c3ccc(C(C)(C)C(=O)N4CC5CCC4CC5)cc3c2[C@H](C)CNCCc2cc[n+]([O-])cc2C)c1,CHEMBL112378
DEC_1959,decoy,CCOc1c(N2CCCC(N)C2)c(F)cc2c(=O)c(C(=O)O)cn(C3CC3)c12,CHEMBL15170
DEC_2352,decoy,CC(C)[C@H](NC(=O)CN1C(=O)N[C@H](C(C)C)C1=O)C(=O)c1nnc(C(C)(C)C)o1,CHEMBL23643
DEC_2547,decoy,COc1ccc(-c2cc3c(c(=O)o2)C[C@]2(O)[C@@]4(C)C(=O)C=CC(C)(C)[C@]4(O)CC[C@@]2(C)O3)cc1OC,CHEMBL283509
DEC_0413,decoy,CCOC(=O)Nc1nc2cc(C(=O)Nc3ccccc3)ccc2[nH]1,CHEMBL11486
DEC_3667,decoy,CCSc1ccnc(C[S+]([O-])c2nc3ccccc3n2CCN2CCCCC2)c1C,CHEMBL9842
DEC_0705,decoy,CC(C)CCn1c(=O)c2nc(-c3ccc(S(=O)(=O)O)cc3)[nH]c2n(CC(C)C)c1=O,CHEMBL279688
DEC_2715,decoy,COc1cc2c(Nc3ccc(Cc4ccoc4)cc3)c(C#N)cnc2cc1OCCCN1CCOCC1,CHEMBL30790
DEC_2151,decoy,CC(C)CCNC(=O)[C@H](C)NC(=O)C[C@H](O)[C@H](CC(C)C)NC(=O)[C@@H](NC(=O)CC(C)C)C(C)C,CHEMBL28738
DEC_2372,decoy,CCNCC1CN(c2c(F)cc3c(=O)c(C(=O)O)cn(C4CC4)c3c2F)CCO1,CHEMBL286964
DEC_3140,decoy,CC(C)Oc1nc2ccc(C(=O)O)cn2c(=O)c1Cc1ccc(-c2ccccc2-c2nn[nH]n2)cc1,CHEMBL57781
DEC_1318,decoy,C=C1C[C@@]23O[C@]2(c2ccccc21)C1CC(OC(=O)[C@H](O)[C@@H](NC(=O)OCC)c2ccc(O)cc2)C3(C)C1(C)C,CHEMBL32846
DEC_0824,decoy,COc1cc2c3c4c(cc5c3n(c2cc1OC)C(=O)CC5)CNCC4,CHEMBL22397
DEC_1222,decoy,CC(C)(C)C1CS(=O)(=O)C(c2cc([N+](=O)[O-])ccc2O)S(=O)(=O)C1,CHEMBL32454
DEC_2300,decoy,CCN(CC)c1nc(C)nc2c1sc(=O)n2-c1c(C)cc(C)cc1C,CHEMBL17897
DEC_0575,decoy,CC(C)=CC[C@@H](OC(=O)/C=C(C)/C=C/C=C(C)/C=C/C1=C(C)CCCC1(C)C)C1=CC(=O)c2c(O)ccc(O)c2C1=O,CHEMBL8937
DEC_4180,decoy,C/N=C(\S)N/N=C/C(C)=N/N=C(/N)S,CHEMBL26628
DEC_2586,decoy,CCCCc1nc2cnnc(O)c2n1Cc1ccc(-c2ccccc2-c2nn[nH]n2)cc1,CHEMBL7478
DEC_2023,decoy,CC(=O)N[C@@H](Cc1ccc(OP(=O)(O)O)cc1)C(=O)N[C@H]1CSCCN(Cc2ccc3c(c2Cl)OCO3)C1=O,CHEMBL66294
DEC_0409,decoy,O=S(=O)(Nc1cccc2cc(O)[nH]c12)c1ccc(Cl)cc1,CHEMBL20007
DEC_0127,decoy,Cc1noc(NS(=O)(=O)c2ccccc2-c2ccc(-c3ncco3)cc2CN(C)C(=O)Cc2ccccn2)c1C,CHEMBL29710
DEC_2617,decoy,CCCCNC(=O)CC1CCN(c2nc(N)c3cc(OC)c(OC)cc3n2)CC1,CHEMBL6789
DEC_1673,decoy,CCCn1c(=O)c2nc(-c3ccc(OCC(=O)ON4C(=O)CCC4=O)cc3)[nH]c2n(CCC)c1=O,CHEMBL27081
DEC_2361,decoy,N#Cc1c2n(c3c(N4CCN(CCc5cccc([N+](=O)[O-])c5)CC4)ncnc13)CCCC2,CHEMBL27172
DEC_0646,decoy,CC1(C)O[C@@H]2CC3C4C[C@H](F)C5=CC(=O)C=CC5(C)[C@@]4(F)C(O)CC3(C)C2(C(=O)CO)O1,CHEMBL279775
DEC_0426,decoy,CCOC(=O)CCC(=O)O[C@]1(C(=O)CCl)[C@@H](C)CC2C3CCC4=CC(=O)C=CC4(C)[C@@]3(F)[C@@H](O)CC21C,CHEMBL83389
DEC_1312,decoy,CC(C)NC(=O)N[C@@H](c1ccsc1)[C@@H](O)C(=O)OC1CC2C(C)(C)C1(C)[C@@]13CC(C)c4ccccc4[C@@]21O3,CHEMBL30994
DEC_2020,decoy,CN(C)[C@@H]1C(=O)C(C(N)=O)=C(O)[C@@]2(O)C(O)C3C(=O)c4c(O)cccc4[C@H](CSCCCCl)C3[C@H](O)C12,CHEMBL283672
DEC_3593,decoy,CC1(C)N=C(N)N=C(N)N1c1ccc(Cl)cc1,CHEMBL747
DEC_3631,decoy,CCCCc1nc(Cl)c(CCC(=O)O)n1Cc1ccc(NC(=O)[C@H](Cc2ccccc2)n2cccc2C(=O)O)cc1,CHEMBL48824
DEC_2084,decoy,C[C@H](NC(=O)[C@H](CC1CCCCC1)NC(=O)c1n[nH]c(N)n1)C(=O)N[C@@H](Cc1ccccc1)C(N)=O,CHEMBL32762
DEC_1199,decoy,COc1cc(CN2CCc3c(oc4nc(N)nc(N)c34)C2)cc(OC)c1,CHEMBL284960
DEC_0414,decoy,COC(=O)Nc1nc2cc(C(=O)Nc3ccc(F)cc3)ccc2[nH]1,CHEMBL11670
DEC_2907,decoy,CC(C)CCN(C[C@@H](O)[C@@H]1Cc2ccc(cc2)OCCCCCC(=O)N[C@@H](C(C)C)C(=O)N1)NC(=O)NC(=O)[C@@H](N)C(C)C,CHEMBL42946
DEC_1578,decoy,CCC(C)[C@H]1C(=O)O[C@H](C)C(=O)N(C)[C@@H](C(C)CC)C(=O)O[C@H](C)C(=O)N(C)[C@@H](C(C)CC)C(=O)O[C@H](C)C(=O)N1C,CHEMBL326060
DEC_2321,decoy,COc1cccc2c1CCC[C@H]2CN(C)CCc1ccc2c(c1)C=CS2(=O)=O,CHEMBL10152
DEC_2054,decoy,Cc1ccccc1S(=O)(=O)N[C@@H](CNC(=O)C[C@H]1CC(c2ccc(C(=N)N)cc2)=NO1)C(=O)O.O=C(O)C(F)(F)F,CHEMBL18024
DEC_2191,decoy,CCCCN(CC(=O)O)C(=O)C(CCCN=C(N)N)NS(=O)(=O)c1ccc2ccc(C)cc2c1,CHEMBL24125
DEC_2104,decoy,CCc1c2c(nc3cnc(C#N)cc13)-c1cc3c(c(=O)n1C2)COC(=O)[C@]3(O)CC,CHEMBL13787
DEC_3766,decoy,O=C(O)CCCC(=O)NC(CSCc1ccc(Br)cc1)C(=O)NCC(=O)O,CHEMBL282132
DEC_2377,decoy,Cc1nn(CCCN2CCN(c3cccc(Cl)c3)CC2)c(=O)c2noc(C)c12,CHEMBL9759
DEC_0254,decoy,CCCCNS(=O)(=O)OC[C@@]12OC[C@H]3OC(C)(C)O[C@H]3[C@@H]1OC(C)(C)O2,CHEMBL25975
DEC_0432,decoy,CC(C)(C)c1ccc(/C=C/NC(=O)NC2C(=O)N3C2SC(C)(C)[C@@H]3C(=O)O)cc1.CCN(CC)CC,CHEMBL278807
DEC_3970,decoy,O=C(CCC(NC(=O)c1cc(Cl)cc(Cl)c1)C(=O)N1CCC2(CCCC2)CC1)Nc1ccccc1C(=O)O,CHEMBL34797
DEC_3342,decoy,CC(C)c1cccc(C(C)C)c1OC(=O)[N-]S(=O)(=O)Oc1c(C(C)C)cccc1C(C)C.[Na+],CHEMBL25110
DEC_3301,decoy,CCCn1c(=O)c2nc(-c3cc(NC(=O)Cc4ccc(OC)cc4)nn3C)[nH]c2n(CCC)c1=O,CHEMBL32150
DEC_2648,decoy,N#Cc1cccc(CN2CCC[C@@H]2CNC(=S)N2Cc3ccccc3C[C@H]2CNC(=O)Nc2ccccc2)c1,CHEMBL290240
DEC_3548,decoy,OC(c1cncnc1)(c1cccs1)c1cccs1,CHEMBL29412
DEC_3904,decoy,CCCCc1nc2ccc(C(C)(C)OC)cc2c(=O)n1Cc1ccc(-c2ccccc2-c2nn[n-]n2)cc1.[Na+],CHEMBL295959
DEC_3725,decoy,COC(=O)[C@H](Cc1ccccc1)NC(=O)[C@H](CC(C)C)NC(=O)[C@H](Cc1ccccc1)NC(=O)CCCCN=C(N)N,CHEMBL63163
DEC_0724,decoy,COc1ccc2c3c1OC1[C@H](O)[C@](CO)(CCc4ccccc4)CC4C(C2)N(C)CCC341,CHEMBL9667
DEC_3079,decoy,O=C(NCCCNC(=O)c1ccc2cc(O)ccc2c1)c1ccc2cc(O)ccc2c1,CHEMBL276945
DEC_2883,decoy,Nc1ncnc2c1ncn2OC(/C=C/P(=O)(O)O)CO,CHEMBL30128
DEC_1984,decoy,COc1cnc(C[S+]([O-])c2nc3cc(OC(F)(F)C(F)F)ccc3[nH]2)cc1OC,CHEMBL10070
DEC_1381,decoy,O=c1n(CCN2CCC(Cc3c[nH]c4ccc(F)cc34)CC2)c2cccc3c2n1CCC3,CHEMBL19347
DEC_3447,decoy,O=C(CCN1CCN(CCO)CC1)Nc1ccc2c(c1)C(=O)c1ccc(NC(=O)CCN3CCN(CCO)CC3)cc1C2=O,CHEMBL34388
DEC_4132,decoy,C(=C\COc1ccc(C2=NCCN2)cc1)\COc1ccc(C2=NCCN2)cc1,CHEMBL280098
DEC_1129,decoy,CN(C)CCNC1CC(=O)N([C@H]2CC3CC[C@]2(CS(=O)(=O)N2CCC4(CCc5ccccc54)CC2)C3(C)C)C1=O,CHEMBL417458
DEC_1090,decoy,Cc1cc(I)cc(CNCCCN(C)C)c1O,CHEMBL279894
DEC_0166,decoy,O=S1NC(Cc2ccc3c(c2)CCC3)=NO1,CHEMBL277527
DEC_1324,decoy,Clc1ccccc1C1=CCc2cc(Br)ccc2N=C1N1CCNCC1.O=C(O)/C=C/C(=O)O,CHEMBL17271
DEC_3610,decoy,C=C(C=O)[C@@H]1C[C@@]2(C)C(=CC1=O)[C@H](OC(=O)/C(C)=C/C(C)CCCC)CC[C@@H]2C(=O)N[C@@H](CC(C)C)C(=O)OC,CHEMBL80568
DEC_0260,decoy,O=C1C2C3C=CC(C4CCC34)C2C(=O)N1CCCCN1CCN(c2cnccn2)CC1,CHEMBL28826
DEC_1724,decoy,CNC(=O)[C@@H](NC(=O)[C@H](CC(C)C)[C@@H](C(=O)NO)C1CCN(C)CC1)C(C)(C)C,CHEMBL264605
DEC_0608,decoy,COCc1cc(CCNC[C@@H](C)c2c(-c3cc(C)cc(C)c3)[nH]c3ccc(C(C)(C)C(=O)N4CC5CCC4CC5)cc23)ccn1,CHEMBL79639
DEC_2886,decoy,CC(O)C(CP(=O)(O)O)OCn1ccc(=O)[nH]c1=O,CHEMBL14254
DEC_2425,decoy,Cc1ccc(Cn2cnc3c(N(C)C)nc(C(F)(F)F)nc32)cc1,CHEMBL283830
DEC_3332,decoy,Cn1cncc1C(OCc1ccc(C#N)nc1-c1cccc(OC(F)(F)F)c1)c1ccc(C#N)cc1,CHEMBL37194
DEC_0403,decoy,CCC(=O)c1c(O)n(O)c2cc(NC(=O)Nc3ccccc3)ccc12,CHEMBL16313
DEC_4005,decoy,O=C(OCOP(=O)(O)O)c1ccc(Cl)cc1Cn1nc(-c2ccc(C(F)(F)F)cc2)oc1=O,CHEMBL431530
DEC_1912,decoy,Oc1ccc2c3c1O[C@H]1[C@@H](N=C=S)CCC4(O)C(C2)N(CC2CC2)CCC314,CHEMBL424402
DEC_1070,decoy,O=S(=O)(c1nc(-c2ccc(Cl)cc2)c(-c2ccc(Cl)cc2)[nH]1)C(F)F,CHEMBL276731
DEC_0779,decoy,C[C@@H](N)Cc1c2c(c(Br)c3c1OCC3)OCC2.Cl,CHEMBL6710
DEC_1728,decoy,O=C(NCCNCC(O)COc1cccc2c1OCCC2=O)Nc1ccccc1,CHEMBL33678
DEC_0967,decoy,CC(C)[C@@H](O)CNC(C)(C)CC(=O)N[C@@H]1CCc2ccccc2N(Cc2ccc(-c3ccccc3-c3nn[nH]n3)cc2)C1=O,CHEMBL433364
DEC_3935,decoy,CNC(=O)[C@@H](NC(=O)C(CCc1ccccc1)CP(=O)(O)Cc1ccc(Cc2ccccc2Cl)cc1)C(C)(C)C,CHEMBL307494
DEC_4105,decoy,CCCCc1nc2cc(C3=NN(Cc4ccc(-c5ccccc5-c5nn[nH]n5)cc4)C(=O)CC3C)ccc2[nH]1,CHEMBL26449
DEC_1486,decoy,C[C@@H](/N=c1\c(O)c(O)\c1=N/c1ccc(C#N)c(O)c1)C(C)(C)C,CHEMBL19298
DEC_2021,decoy,COc1cc(OC)cc(C(=O)N[C@@H]2C(Cn3cnc4c(N)ncnc43)OC(CNC(=O)CC3CCCCC3)[C@@H]2O)c1,CHEMBL65928
DEC_1945,decoy,Oc1nc2ccc(C#CCN3CCC(O)(Cc4ccc(F)cc4)CC3)cc2s1,CHEMBL19342
DEC_0663,decoy,CC(C)C(=O)N1C(=O)C2(SCCS2)[C@@H]2[C@@H]1CCN2C(=O)C(NC(=O)OC(C)(C)C)C(C)C,CHEMBL46873
DEC_0007,decoy,C[C@H]([C@](O)(Cn1cncn1)c1ccc(F)cc1F)S(=O)(=O)CCCCCCCO,CHEMBL286186
DEC_3833,decoy,Cc1cc(CCCOc2c(C)cc(-c3noc(C(C)(F)F)n3)cc2C)on1,CHEMBL282128
DEC_3897,decoy,CC(=O)OCC(=O)[C@@]1(OC(=O)c2ccoc2)[C@H](C)CC2C3CCC4=CC(=O)C=CC4(C)[C@@]3(F)C(O)CC21C,CHEMBL290006
DEC_2591,decoy,COc1ccc(CNc2nnc(N3CCC(O)CC3)c3ccc(C#N)cc23)cc1Cl,CHEMBL266960
DEC_1188,decoy,c1ccc2c(c1)OC(N1CCOCC1)c1cnc(N3CCOCC3)nc1-2,CHEMBL30741
DEC_2747,decoy,Clc1ccc(C2=CCC[C@H]3CCC2N3)cn1,CHEMBL275466
DEC_4070,decoy,COP(=O)(Oc1ccccc1-c1ccccc1O)C1CCCN1C(=O)[C@@H]1CCCN1.Cl,CHEMBL9237
DEC_2069,decoy,Cc1cn(C[C@H](NC(=O)OCc2ccccc2)C(=O)O)c(=O)nc1NCCC(=O)Nc1ncc[nH]1,CHEMBL45180
DEC_3146,decoy,O=C(NC[C@@H]1Cc2ccccc2CN1C(=S)NC[C@H]1CCCN1Cc1ccoc1)Nc1ccccc1,CHEMBL40581
DEC_2417,decoy,CC12C=CC(=O)C=C1[C@H]1C[C@H]1C1C2CCC2(C)C1CCC21CCC(=O)O1,CHEMBL12638
DEC_2195,decoy,CCCN(CC(=O)O)C(=O)C(CCCN=C(N)N)NS(=O)(=O)c1ccc2cc(OC)c(OC)cc2c1,CHEMBL24437
DEC_1424,decoy,C=C(C=O)OC(C=O)n1cnc2c(N)ncnc21,CHEMBL280595
DEC_2776,decoy,CN[C@@H]1CC[C@@H](c2ccccc2)c2ccccc21,CHEMBL38120
DEC_2408,decoy,CC(C)(C)c1ccc(C2=Cc3ccc(N)cc3C3=NCCCN23)cc1,CHEMBL429614
DEC_0529,decoy,CO[C@]12C=CC3(CC14CCC[C@H]4O)C1Cc4ccc(O)c5c4C3(CCN1CC1CC1)[C@@H]2O5,CHEMBL281986
DEC_0033,decoy,C=CC[C@](C)(C(=O)NO)[C@@H](CC(C)C)C(=O)N[C@H](C(=O)Nc1ccccc1)C(C)(C)C,CHEMBL32285
DEC_3012,decoy,C1=CC(=Nn2cccc2)C=CC1=Nn1cccc1,CHEMBL25024
DEC_3423,decoy,CCCC(NC(=O)[C@@H]1[C@H]2CCC[C@H]2CN1C(=O)[C@@H](NC(=O)[C@@H](NC(=O)c1cnccn1)C(C)C)C(C)C)C(=O)C(=O)NC1CC1,CHEMBL264623
DEC_1401,decoy,CC(=O)c1c(-c2ccc(Cl)cc2)c(-c2ccc(Cl)cc2)nn(CC(O)CCl)c1=O,CHEMBL31183
DEC_0867,decoy,COCCN(CCOC)c1nn2c(-c3ccc(O)cc3)nnc2c2ccccc12,CHEMBL14645
DEC_0176,decoy,C/N=c1\c(O)c(O)\c1=N/Cc1ccc(C#N)cc1,CHEMBL418005
DEC_2997,decoy,CCCc1nc2c([nH]1)N1C(=N[C@@H]3CCC[C@@H]31)N(C)C2=O,CHEMBL275204
DEC_0043,decoy,C=CCc1ccc(OC(C)C(=O)NCCNC(=O)C2=CC(C)(C)NC2(C)C)c(OC)c1,CHEMBL15124
DEC_3082,decoy,NC(=O)N(O)Cc1ccc(-c2nc(-c3ccc(F)cc3)c(-c3ccncc3)[nH]2)cc1,CHEMBL17293
DEC_4208,decoy,NC(=O)c1cn(C(CO)c2ccccc2)cn1,CHEMBL14106
DEC_2679,decoy,CN(Cc1ccccc1)C(=O)[C@@H](Cc1ccc(F)cc1)NC(=O)C1C[C@@H](O)CN1C(=O)c1cn(C)c2ccccc12,CHEMBL304901
DEC_0556,decoy,CCCc1cc2ncnc-2c(O)n1Cc1ccc(-c2ccccc2-c2nn[nH]n2)cc1,CHEMBL286253
DEC_2002,decoy,C#Cc1cccc(Nc2ncnc3cc(OCCOC)c(OCCOC)cc23)c1,CHEMBL553
DEC_1389,decoy,CC1CCC(/C=N/c2ccccc2)=C2NC(c3ccccc3)=C(/C=C/C(=O)O)C(=O)N21,CHEMBL22582
DEC_3745,decoy,CCN(Cc1ccc2nc(C)[nH]c(=O)c2c1)c1ccc(C(=O)N[C@@H](CCC(=O)O)C(=O)O)nc1,CHEMBL43454
DEC_3220,decoy,CN(C)CCCC1(c2ccc(F)cc2)OCc2cc(C#N)ccc21,CHEMBL549
DEC_0135,decoy,COc1cc([C@@H]2c3cc4c(cc3[C@H](OC(=O)/C=C/c3ccccc3)[C@H]3COC(=O)[C@H]23)OCO4)cc(OC)c1OC,CHEMBL23806
DEC_2881,decoy,CNc1ncnc2c1ncn2[C@H]1[C@H](O)[C@H](O)[C@]2(CO)C[C@H]12,CHEMBL27009
DEC_1682,decoy,CCCc1c(OCCCOc2cc(O)c(C(C)=O)cc2CC)ccc2c1OC(C(=O)[O-])CC2.[Na+],CHEMBL15559
DEC_1345,decoy,COc1cc(-c2nn([C@H]3CC[C@H](N4CCN(C)CC4)CC3)c3ncnc(N)c23)ccc1NC(=O)c1cc2ccccc2[nH]1,CHEMBL431609
DEC_3957,decoy,C/N=C(\S)NCCC1(C(=O)N[C@@H](Cc2ccc(NC(=O)c3c(Cl)cccc3Cl)cc2)C(=O)O)CCCC1,CHEMBL315464
DEC_1732,decoy,COc1cc(Cc2cnc(N)nc2N)cc(OCCCCC(=O)O)c1Br,CHEMBL31924
DEC_1340,decoy,CC(=O)Nc1ccc(Cn2c3c(c4ccccc42)C[C@@]2(O)C4Cc5ccc(O)c6c5C2(CCN4CC2CC2)[C@H]3O6)cc1,CHEMBL27927
DEC_1719,decoy,CN[C@H](Cc1c[nH]c2ccccc12)C(=O)N[C@H](Cc1c[nH]c2ccccc12)NC=O,CHEMBL275810
DEC_0583,decoy,Cc1cc(C)cc(-c2[nH]c3ccc(C(C)(C)C(=O)N4CC5CCC4CC5)cc3c2[C@H](C)CNCCC2CCC(=O)N(C)C2)c1,CHEMBL86758
DEC_1646,decoy,CC(C)c1nc2sc3c(c2c(-c2ccc(F)cc2)c1/C=C/[C@@H](O)C[C@@H](O)CC(=O)[O-])CCCC3.[Na+],CHEMBL23304
DEC_3637,decoy,CCc1ccc(C(OCCc2ccc(OC)c(OC)c2)(c2ccc(CC)cc2)C(Oc2nc(C)cc(OC)n2)C(=O)O)cc1,CHEMBL318535
DEC_3329,decoy,Cn1cncc1C(OCc1ccc(C#N)nc1-c1ccc2c(c1)OC(F)(F)O2)c1ccc(C#N)cc1,CHEMBL41951
DEC_1111,decoy,Nc1nc2nn(Cc3ccc(F)cc3)cc2c2nc(-c3ccco3)nn12,CHEMBL278906
DEC_2918,decoy,CC(C)[C@H](NC(=O)OCc1ccccc1)C(=O)N[C@@H](C)C(=O)NN(CC(=O)O)C(=O)COC(=O)c1c(Cl)cccc1Cl,CHEMBL18871
DEC_0228,decoy,Nc1nc(O)c2nnn([C@H]3CCC[C@H]3CO)c2n1,CHEMBL26949
DEC_2292,decoy,C=CCONC1=NC(=O)/C(=C/c2cc(C(C)(C)C)c(O)c(C(C)(C)C)c2)O1,CHEMBL277515
DEC_3859,decoy,COCCN(CCOC)c1nn2c(-c3cccc(C)c3)nnc2c2ccccc12,CHEMBL275121
DEC_1104,decoy,COc1cc(C#N)ccc1/N=c1\c(O)c(O)\c1=N/[C@H](C)C(C)(C)C,CHEMBL276328
DEC_3919,decoy,Cc1ncn(Cc2ccc(C#N)cc2)c1CN1CC(=O)N(c2cccc(Cl)c2)CC1CCS(C)(=O)=O,CHEMBL22356
DEC_0640,decoy,CCCN1CC[C@@H](N2CC(=O)N3[C@H](c4ccc5c(c4)OCO5)c4[nH]c5ccccc5c4C[C@@H]3C2=O)C1,CHEMBL284258
DEC_2509,decoy,CCC(O)CCc1nc(-c2ccc(S(=O)(=O)Nc3ccc(CCNC[C@H](O)c4cccnc4)cc3)cc2)no1,CHEMBL34328
DEC_2929,decoy,CC(=O)N[C@@H](Cc1ccc(OP(=O)(O)O)cc1)C(=O)N[C@H]1CSCCN(Cc2cccc(-c3ccccc3C#N)c2)C1=O,CHEMBL304304
DEC_1639,decoy,COC(=O)[C@H](Cc1ccccc1)NP(=O)(O)OCC1OC(n2cc(C)c(=O)[nH]c2=O)CC1N=[N+]=[N-],CHEMBL300229
DEC_0239,decoy,Nc1nc(N)c2nnn([C@H]3CCC[C@H]3CO)c2n1,CHEMBL280582
DEC_3861,decoy,Cc1cc(-c2noc(C(F)(F)F)n2)cc(C)c1OCCCc1cccc(F)n1,CHEMBL434962
DEC_2027,decoy,COC(=O)c1cccc(CN2CCSC[C@H](NC(=O)[C@H](Cc3ccc(OP(=O)(O)O)cc3)NC(C)=O)C2=O)c1,CHEMBL410119
DEC_2752,decoy,NC1=NC(c2ccc(F)cc2)Cc2ccc(F)cc21,CHEMBL275955
DEC_3937,decoy,CNC(=O)[C@H](NC(=O)C(CCc1ccccc1)CP(=O)(O)Cc1ccc(Cc2ccccc2)cc1)C(C)(C)C,CHEMBL28389
DEC_1933,decoy,C[C@]12CCC(=O)C=C1CCC1C2=CC[C@@]2(C)C1CC[C@]2(O)C(=O)CN1CCNCC1,CHEMBL15687
DEC_0666,decoy,CO[C@H]1[C@H](O)[C@H]2[C@@H](O[C@@H]1CO)n1c3ccccc3c3c4c(c5c6ccccc6n2c5c31)C(=O)OC4=O,CHEMBL27644
DEC_3648,decoy,CCCc1nc(CC)c(C(N)=O)n1Cc1ccc(-c2ccccc2S(=O)(=O)Nc2onc(C)c2C)c(COCCF)c1,CHEMBL12588
DEC_3843,decoy,CCc1cc(CCCOc2c(C)cc(-c3noc(C4CC4)n3)cc2C)on1,CHEMBL29783
DEC_2435,decoy,OC(c1ccccc1)(c1cncnc1)c1ccc(Cl)c(Cl)c1,CHEMBL287393
DEC_1539,decoy,N=C(N)N1CCC[C@H](C[C@H]2C(=O)N(C(=O)N3CCN(C(=O)CCCCCc4ccccc4)CC3)[C@@H]2C(=O)O)C1,CHEMBL303437
DEC_1690,decoy,CS(=O)(=O)NC(=O)CCC/C=C\C[C@H]1C(=O)C[C@@H](O)C1/C=C/[C@@H](O)COc1ccc(F)cc1,CHEMBL30137
DEC_1408,decoy,CC(C)C1=CC2CC3(C=O)[C@@H]4CC[C@@H](C)[C@H]4CC2(C(O)CCc2ccccc2)[C@]13C(=O)O,CHEMBL25652
DEC_3175,decoy,C/N=C(/S)C1(c2cccnc2)CCCC/C1=C\C=O,CHEMBL40827
DEC_2577,decoy,O=C(Cn1c(C2CCNCC2)nc2cc(Cl)c(Cl)cc21)NNC(=O)NC12C[C@H]3C[C@@H](C1)C[C@@H](C2)C3,CHEMBL277938
DEC_3649,decoy,CCCCc1nc(Cl)c(CC(=O)OC)n1Cc1ccc(NC(=O)[C@H](Cc2ccccc2)n2cccc2C(=O)OC)cc1,CHEMBL299557
DEC_2240,decoy,O=C(O)Cc1ccc(-n2cc(C3CCN(CCN4CCNC4=O)CC3)c3cc(Cl)ccc32)cc1,CHEMBL55835
DEC_2204,decoy,O=S1(=O)Nc2cccc3cccc(c23)N1CCN1CCC(Cc2c[nH]c3ccc(F)cc23)CC1,CHEMBL60761
DEC_1072,decoy,C=C1CCC2[C@@](C)(CO)CCC[C@]2(C)[C@H]1CCC1=CCc2c(O)ccc(O)c2C1,CHEMBL416740
DEC_3368,decoy,CC(C)OC(=O)CCC(=O)O[C@]1(C(=O)CCl)[C@@H](C)CC2C3CCC4=CC(=O)C=CC4(C)[C@@]3(F)[C@@H](O)CC21C,CHEMBL311802
DEC_0050,decoy,COc1ccc(CCNCC(O)COc2ccc(-c3nc(C)c(C)[nH]3)cc2)cc1OC,CHEMBL10983
DEC_0938,decoy,O=C(CSSc1ccccc1[N+](=O)[O-])N[C@@H]1CCC2(O)C3Cc4ccc(O)c5c4C2(CCN3CC2CC2)C1O5,CHEMBL282388
DEC_3488,decoy,CC(C)CC(C(=O)CS)C(=O)N[C@H](C(=O)Nc1ccccn1)C(C)(C)C,CHEMBL16087
DEC_2125,decoy,O=c1[nH]c2cc(C(F)(F)F)c(N3CCOCC3)cc2n(CP(=O)(O)O)c1=O,CHEMBL19892
DEC_1532,decoy,C[C@@](O)(C(=O)Nc1ccc(S(=O)(=O)NS(=O)(=O)c2ccc(CCN)cc2)cc1Cl)C(F)(F)F,CHEMBL450618
DEC_3978,decoy,C=C1C[C@@]23O[C@]2(c2ccccc21)C1CC(OC(=O)[C@H](O)[C@@H](NC(=O)NCCCC)c2ccccc2)C3(C)C1(C)C,CHEMBL285386
DEC_2363,decoy,CN(C)CC1CN(c2c(F)cc3c(=O)c(C(=O)O)cn(C4CC4)c3c2F)CCO1,CHEMBL29929
DEC_3323,decoy,CCCCc1nn(CC(F)(F)F)c(COC)c1Cc1ccc(-c2ccccc2-c2nn[nH]n2)cc1,CHEMBL21891
DEC_3910,decoy,C[C@@H](O)[C@H]1C(=O)N2C(C(=O)O)=C(COc3c(I)cc(Cl)c4cccnc34)S[C@H]12,CHEMBL68126
DEC_2299,decoy,COC1(c2csc(Sc3ccc4c(c3)OCC/C4=N\O)c2)CCOCC1,CHEMBL284403
DEC_0080,decoy,CCn1c(=S)n(C)s/c1=N\c1cccnc1,CHEMBL26616
DEC_0726,decoy,C/C=C/CC(O)[C@@H](C)[C@H](O)[C@H](C)[C@H]1OC(=O)/C(OC)=C/C(C)=C/[C@@H](C)[C@@H](O)[C@@H](C)C/C(C)=C/C=C/[C@@H]1OC,CHEMBL417597
DEC_2942,decoy,CC(C)(C)OC(=O)N[C@@H](Cc1c[nH]c2ccccc12)C(=O)N[C@H]1CCCN2C(=O)[C@@](CC(=O)O)(C(=O)[C@H](N)Cc3ccccc3)C[C@H]12,CHEMBL176929
DEC_4013,decoy,CC(C)C1=CC2CC3(C=O)[C@@H]4CC[C@@H](C)[C@H]4CC2(CO[C@@H]2O[C@H](C)[C@H]4OC(C)(C)O[C@H]4[C@H]2O)C13C(=O)O,CHEMBL21515
DEC_1775,decoy,COc1ccc(C[C@H]2NC(=O)/C=C/C[C@@H](C(=O)C#Cc3ccccc3)OC(=O)[C@H](CC(C)C)OC(=O)[C@@H](C)CNC2=O)cc1,CHEMBL13396
DEC_4025,decoy,CC(C)(N)CC(=O)N[C@@H]1CC(=O)c2ccccc2N(Cc2ccc(-c3ccccc3-c3nn[nH]n3)cc2)C1=O,CHEMBL277042
DEC_4103,decoy,O=S(=O)(c1ccc(Cl)c(Cl)c1)C(Cc1ccc(C(F)(F)F)cc1)S(=O)(=O)C(F)(F)F,CHEMBL12236
DEC_0647,decoy,CSc1ccc(Cn2c(O)c(CC=C(C)C)c(=O)n3c4c(=O)n(C)c(=O)n(C)c4nc23)cc1,CHEMBL13268
DEC_3279,decoy,Ic1ccc(COCCCc2c[nH]cn2)cc1.NCCc1c[nH]cn1,CHEMBL18712
DEC_3391,decoy,CCOC(=O)N[C@@H](c1ccc(F)cc1)[C@@H](O)C(=O)OC1CC2C(C)(C)C1(C)[C@@]13C[C@H](C)c4ccccc4[C@@]21O3,CHEMBL31829
DEC_2930,decoy,O=C(NC1c2ccccc2C[C@H]1O)[C@H](Sc1ccccc1)[C@H](O)[C@@H](O)[C@@H](Sc1ccccc1)C(=O)N[C@H]1c2ccccc2C[C@H]1O,CHEMBL326730
DEC_2979,decoy,CC(=O)OC1O[C@@H]2O[C@@H](OC(C)=O)[C@@H]3CC[C@@H]([C@H]23)[C@H]1C,CHEMBL268482
DEC_3564,decoy,CC(/C=N/N=C(\S)N(C)C)=N\N=C(/S)N(C)C,CHEMBL29984
DEC_2871,decoy,COc1cccc(-c2c(NS(=O)(=O)c3ccc(C(C)(C)C)cc3)ncnc2OCCOc2ncc(SC)cn2)c1,CHEMBL115333
DEC_3796,decoy,CCCCc1nc(Cl)c(CC(=O)OC)n1Cc1ccc(NC(=O)c2cccc([N+](=O)[O-])c2C(=O)O)cc1,CHEMBL27725
DEC_3657,decoy,COc1cccc(-c2cc(C#N)ccc2CCC(O)(c2ccc(C#N)cc2)c2cncn2C)c1,CHEMBL22703
DEC_3917,decoy,COC(=O)C(C)NP(=O)(OCC1OC(n2cc(C)c(=O)[nH]c2=O)CC1F)OCC(Cl)(Cl)Cl,CHEMBL419853
DEC_3029,decoy,COc1cc(OC)c(C2CC[C@H]2N)cc1OC,CHEMBL13503
DEC_0888,decoy,CCCCCc1cc(O)c2c(c1)OC(C)(C)[C@@H]1C[C@H](O)C(C)CC21,CHEMBL10866
DEC_1313,decoy,C=C1C[C@@]23O[C@]2(c2ccccc21)C1CC(OC(=O)[C@H](O)[C@@H](NC(=O)NC(C)(C)C)c2ccccc2)C3(C)C1(C)C,CHEMBL284458
DEC_0177,decoy,CNc1cc(Cl)nc(N2CCN(C)CC2)n1,CHEMBL416196
DEC_1363,decoy,C=C[C@@]1(C)CC[C@](C)(C(C)C)c2cc3c4c(c[nH]c4c21)C[C@@H](CO)NC(=O)[C@H](C(C)C)N3C,CHEMBL417692
ACT_067,active,O=C(/N=N/c1ccccc1)NNc1ccccc1,CHEMBL79409
DEC_0939,decoy,CNC(=O)c1ccc(/C=C/C(=O)NCC(=O)N(C)c2ccc(C)c(COc3cccc4c3nc(NC)n4C)c2C)cc1,CHEMBL288079
DEC_1430,decoy,Nc1nc(Cl)nc2c1ncn2C1C=CC(CO)O1,CHEMBL275213
DEC_1485,decoy,CO[C@H]1Nc2c(ccc(C)c2O)C(=O)N2C=C(/C=C/C(N)=O)C[C@@H]12,CHEMBL279144
DEC_2322,decoy,C1CCN(C2CCN(CCCN3CCC(N4CCCCC4)CC3)CC2)CC1,CHEMBL10458
DEC_3130,decoy,CC1(C)C2CCC1(CS(=O)(=O)N1CCC3(CCc4ccccc43)CC1)C(NC(=O)[C@H]1CCCNC1)C2,CHEMBL23890
DEC_1500,decoy,CC(/N=c1\c(O)c(O)\c1=N/c1cncc(Br)c1)C(C)(C)C,CHEMBL278299
DEC_3818,decoy,O=P(O)(O)C(Cc1ccc2ccccc2c1)N[C@H](Cc1ccc(-c2ccccc2)cc1)c1nnn[nH]1,CHEMBL273244
DEC_2170,decoy,CCCCN(CC(=O)O)C(=O)C(CCCN=C(N)N)NS(=O)(=O)c1cccc2c(OC)cccc12,CHEMBL278798
DEC_2415,decoy,N#Cc1ccc(C2(c3ccc(C#N)cc3)CCCc3cncn32)cc1,CHEMBL285809
DEC_2426,decoy,CCOc1nc(C(Cl)(Cl)Cl)c(Cl)c(O)c1Cl,CHEMBL275688
DEC_2129,decoy,CC1(CN)CCN(c2c(F)c(N)c3c(=O)c(C(=O)O)cn(C4CC4)c3c2F)C1,CHEMBL275830
DEC_2698,decoy,O=C(O)CCc1ccccc1CC1C2CCC(O2)C1c1nc(C(=O)NCCCCN2CCCCC2)co1,CHEMBL32237
DEC_0178,decoy,C=CCC1(C(C)CCC)C(=O)NC(=O)NC1=O,CHEMBL447
DEC_1378,decoy,Cc1ccc(-c2nc(S(=O)(=O)C(F)(F)C(F)F)[nH]c2-c2ccc(C)cc2)cc1,CHEMBL277338
DEC_2045,decoy,CC(C)N(C(=O)[C@@H]1CCCN1C[C@@H](O)[C@H]1Cc2ccc(cc2)OCCCC(=O)NC(CC(N)=O)C(=O)N1)C(C)C,CHEMBL309852
DEC_4123,decoy,C=C1CCC2[C@@](C)(COC(C)=O)CCC[C@]2(C)[C@H]1CCC1=CCc2c(OC(C)=O)ccc(OC(C)=O)c2C1,CHEMBL23616
DEC_4257,decoy,COc1cccc2c1CC[C@H]1CN(CCn3c(=O)[nH]c4c(sc5nccnc54)c3=O)C[C@@H]21,CHEMBL288530
DEC_1607,decoy,CN1CCN(Cc2cccc(C(=O)OCC(=O)[C@@]3(O)CCC4C5CCC6=CC(=O)C=CC6(C)C5C(O)CC43C)c2)CC1,CHEMBL79892
DEC_0886,decoy,CCCCCc1cc(O)c2c(c1)OC(C)(C)[C@@H]1CC(O)[C@H](C)CC21,CHEMBL276253
DEC_1346,decoy,COC(=O)c1cccc(NC(=O)N[C@@H]2C[C@H](C3CCCCC3)c3ccc(C)cc3N(CC(=O)NC(C)(C)C)C2=O)c1,CHEMBL57643
DEC_3793,decoy,CCCc1c(OCCCCCOc2ccc3c(c2C(C)=O)OC(C(=O)O)CC3)ccc(C(C)=O)c1O,CHEMBL54688
DEC_4009,decoy,CC(C)NC(=O)Nc1nc2nc(NCCCN3CCN(C)CC3)ncc2cc1-c1c(Cl)cccc1Cl,CHEMBL57207
DEC_1094,decoy,Cc1ccc(SCc2cnc3nc(N)nc(N)c3c2C)cc1,CHEMBL24344
DEC_0489,decoy,CNC(=O)[C@H](Cc1cccc2c1CCCC2)NC(=O)[C@H](CC(C)C)[C@H](C)C(=O)NO,CHEMBL279078
DEC_0891,decoy,CC1(C)CC(=O)c2c(SCCO)sc(-c3nccs3)c2C1,CHEMBL17603
DEC_2011,decoy,CC[C@H]1OC(=O)C[C@@H](O)[C@H](C)[C@@H](O[C@@H]2O[C@H](C)[C@@H](O)[C@H](N(C)C)[C@H]2O)[C@@H](CCO)C[C@@H](C)C(=O)/C=C/C(C)=C/[C@@H]1CO,CHEMBL46848
ACT_068,active,Cc1ccc2c(c1)C1CN(C)CCC1N2C(=O)c1cn(-c2ccccc2)nc1-c1ccccc1,CHEMBL1428752
DEC_2096,decoy,CSCC[C@H](NC[C@H](Cc1ccccc1)NC(=O)[C@@H](NC(=O)[C@@H](N)CS)C(C)C)C(=O)O,CHEMBL52150
DEC_1948,decoy,COc1c(N2C[C@@H]3CCCN[C@@H]3C2)c(F)cc2c(=O)c(C(=O)O)cn(C3CC3)c12,CHEMBL32
DEC_2531,decoy,CCOC(=O)/C=C/[C@H](C[C@@H]1CCNC1=O)NC(=O)[C@H](Cc1ccc(F)cc1)n1cccc(NC(=O)c2cc(C)on2)c1=O,CHEMBL289920
DEC_4102,decoy,CCCCc1nc2ccc(-c3nnc(O)cc3C)cc2n1Cc1ccc(-c2ccccc2-c2nn[nH]n2)cc1,CHEMBL26389
DEC_1773,decoy,C[C@@H](O)CN1CCC[C@@H](C(=O)NC2CC3CCC2(CS(=O)(=O)N2CCC4(CCc5ccccc54)CC2)C3(C)C)C1,CHEMBL280678
DEC_3988,decoy,CN(CC(=O)O)C(=O)CCC(NC(=O)c1cc(Cl)cc(Cl)c1)C(=O)N1CCC2(CCCC2)CC1,CHEMBL30369
DEC_0877,decoy,CCCn1c(=O)c2nc(/C=C/c3ccc(OC)c(OC)c3OC)[nH]c2n(CCC)c1=O,CHEMBL27140
DEC_0096,decoy,CSc1ccc(/C=C/C2=CC(=O)C(C)(C)O2)cc1,CHEMBL17756
DEC_4038,decoy,CN(C)CCn1cnc2c(N(C(N)=O)c3c(F)cccc3F)nc(-c3ccccc3F)nc21,CHEMBL278179
DEC_1134,decoy,CC(C)(C)NC(=O)[C@@H]1C[C@@H]2SCC[C@@H]2CN1C[C@@H](O)[C@H](CSc1ccccc1)NC(=O)O[C@@H]1CCS(=O)(=O)C1,CHEMBL316608
DEC_0874,decoy,CCNCC1CCN(c2c(F)c(N)c3c(=O)c(C(=O)O)cn4c3c2OCC4C)C1,CHEMBL278649
DEC_3118,decoy,C[C@H]1O[C@@H](n2cnc3c(NC4CCCC4)ncnc32)[C@H](O)[C@H]1NC(=O)C1(c2ccccc2)CCCC1,CHEMBL55195
DEC_0356,decoy,CCCCCc1c(C(C)C)nc(C(C)C)c(CO)c1-c1ccc2c(c1)CCCC2,CHEMBL25375
DEC_1634,decoy,CC(C)[C@H](NC(=O)OCc1ccccc1)C(=O)N[C@@H](C)C(=O)NN(CC(=O)O)C(=O)CCl,CHEMBL278115
DEC_2062,decoy,CC(=O)NCCCC(NC(=O)c1ccc(N(C=O)Cc2cnc3nc(N)nc(N)c3n2)cc1)C(=O)O,CHEMBL26534
DEC_2148,decoy,CN1CCC23c4c5ccc(O)c4O[C@H]2[C@@H](OC2CCCC(C(=O)O)O2)C=C[C@H]3[C@H]1C5,CHEMBL440787
DEC_0513,decoy,O=C(O)[C@H](Cc1ccccc1)NC(=O)[C@H](CC#Cc1ccccc1F)NCP(=O)(O)O,CHEMBL37542
DEC_0784,decoy,CC(C)(C)C12COC(c3ccc(Br)cc3)(OC1)OC2,CHEMBL29116
DEC_3094,decoy,CS(=O)(=O)NCc1ccc(-c2nc(-c3ccc(F)cc3)c(-c3ccncc3)[nH]2)cc1,CHEMBL17224
ACT_078,active,Nc1cccc(OC(=O)c2cc3cc(CCl)ccc3oc2=O)c1,CHEMBL207739
DEC_0225,decoy,NS(=O)(=O)c1ccc(/N=C\c2ncc[nH]2)cc1,CHEMBL24121
ACT_022,active,O=C(Nc1ccc(Cl)cc1)c1cc(Cl)ccc1NC(=O)c1scc(COCC(O)CO)c1Cl,CHEMBL241920
DEC_1738,decoy,CC(=O)NCCNc1ccc(NCCNC(C)=O)c2c1C(=O)c1cccnc1C2=O,CHEMBL14143
DEC_3240,decoy,CN1CCN(C(c2ccccc2Cl)c2nccn2C)CC1,CHEMBL283964
DEC_0469,decoy,CC1=C(C(=O)NCCCN2CCC(C#N)(c3ccc(F)cc3F)CC2)[C@@H](c2ccc(F)c(F)c2)CC(=O)N1,CHEMBL295001
DEC_1836,decoy,CC[C@H]1C[C@@H](C)Nc2cc3nc(O)cc(C(F)(F)F)c3cc21,CHEMBL427957
DEC_2418,decoy,O=C1Nc2ccc(F)cc2C(C#Cc2ccoc2)(C(F)(F)F)O1,CHEMBL430123
DEC_3813,decoy,O=C(NC(Cc1c[nH]c2ccccc12)NC(=O)C(CO)Cc1ccccc1)OC1[C@H]2C[C@@H]3C[C@@H](C[C@H]1C3)C2,CHEMBL280502
DEC_3651,decoy,CCCCCS(=O)(=O)N(CCC)CCN1C[C@H](c2ccc3c(c2)OCO3)[C@@H](C(=O)O)[C@@H]1c1ccc(OCCC)cc1,CHEMBL109242
DEC_0499,decoy,O=c1[nH]c(=O)n(COC(CO)CO)cc1Cc1cccc(Oc2ccc(F)cc2)c1,CHEMBL17566
DEC_1274,decoy,CCCc1nc2c(n1Cc1ccc(-c3ccccc3S(=O)(=O)Nc3onc(C)c3C)c(CC#N)c1)C(=O)CCCC2,CHEMBL12144
DEC_3171,decoy,CC1(C)OC(/C=C/c2ccc(C(F)(F)F)cc2)=CC1=O,CHEMBL17724
DEC_1206,decoy,Cc1nsc(-c2ccc(N3CCN(c4cccc(N)c4)CC3)nn2)n1,CHEMBL276532
DEC_0016,decoy,O=C(O)CCc1ccccc1CC1C2CCC(O2)C1c1nc(C(=O)NCCCCCO)co1,CHEMBL30727
DEC_0820,decoy,FC(F)(F)c1ccc2c(c1)nc(N1CCNCC1)c1cccn12,CHEMBL28178
DEC_3785,decoy,O=C(O)CCc1ccccc1CC1C2CCC(O2)C1c1nc(C(=O)NCCCCC(F)(F)F)co1,CHEMBL281293
DEC_2545,decoy,CC(C)[C@H](NC(=O)C(=O)NC1CCCc2ccccc21)C(=O)N[C@@H](CC(=O)O)C(=O)COc1c(F)c(F)cc(F)c1F,CHEMBL330534
DEC_3003,decoy,Cc1ccc(C)n1Nc1ccc(N2CCCC2)nn1,CHEMBL11469
DEC_0866,decoy,c1ccc2oc(COc3ccc(-c4nnn(CCCCc5nnn[nH]5)n4)cc3)cc2c1,CHEMBL262370
DEC_1432,decoy,OC[C@H]1C=C(F)[C@@H](n2cnc3c(O)ncnc32)O1,CHEMBL28151
DEC_1957,decoy,O=C(O)Cc1cccc2c1Cc1c-2nc(O)c2nc(-c3ccc(C(=O)O)cc3)cn12,CHEMBL24875
DEC_1524,decoy,CNC(=O)C1CC(n2cnc3c(NCc4cccc(I)c4)ncnc32)C(O)C1O,CHEMBL17857
DEC_0119,decoy,COC(=O)C1=C(C)N=C(C)/C(=C(/O)OC)C1c1ccc2nc(-c3ccc(OC)cc3)n(Cc3ccc(OC)cc3)c2c1,CHEMBL73129
DEC_2769,decoy,Cc1cc2nc3ccc(N(C)C)cc3nc2cc1N,CHEMBL278037
DEC_0010,decoy,CCCOc1ccc(-c2ccc(OCC(CN3C(=O)NC(C)(C)C3=O)N(O)C=O)cc2)cc1,CHEMBL38868
DEC_2457,decoy,C=CCCN1CC[C@@H](N2CC(=O)N3[C@H](c4ccc5c(c4)OCO5)c4[nH]c5ccccc5c4C[C@@H]3C2=O)C1,CHEMBL34628
DEC_1748,decoy,N#Cc1cccc(COc2ccc(S(=O)(=O)N3C[C@H](O)CC[C@@H]3C(=O)NO)cc2)c1,CHEMBL28678
DEC_0810,decoy,CC(C)(C)C#CC1=C(c2ccc(S(C)(=O)=O)cc2)CCC1=O,CHEMBL436539
DEC_2564,decoy,COC(=O)c1c(C(F)(F)F)[nH]c2c1[C@@]13C[C@@H]1CN(C(=O)c1cc4cc(OC)ccc4[nH]1)C3=CC2=O,CHEMBL35948
DEC_4256,decoy,CC(C)CC(C(=O)NC(C)(C)C)N1C(=O)[C@H](CS)NC(=O)[C@@H]1Cc1ccc([N+](=O)[O-])cc1,CHEMBL287632
DEC_3703,decoy,Fc1ccc(CN(CCCN2CCN(CCCc3ccccc3)CC2)c2ccccn2)cc1,CHEMBL38468
DEC_2692,decoy,CNc1cc(NC(=O)OC)ccc1NC1=C2C=CCC(OC)(OC)C2=NC2C1=CC=CC2(OC)OC,CHEMBL417344
DEC_4113,decoy,C[C@@H]1CCC2[C@@H](C)[C@H](OC(CCC(=O)O)c3ccc(Br)cc3)O[C@@H]3OC4(C)CC[C@@H]1C23OO4,CHEMBL283458
DEC_3951,decoy,CC(C)(C)C(=O)N[C@@H](Cc1ccccc1)P(=O)(O)CC1(C(=O)N[C@@H](Cc2c[nH]c3ccccc23)C(=O)O)CCCC1,CHEMBL42551
DEC_4030,decoy,O=c1nc(/N=C/N(c2ccc(F)cc2)c2ccc(F)cc2)ccn1C1CSC(CO)O1,CHEMBL18676
DEC_3535,decoy,Cc1cc(C)nc(NC23CC4CC(CC(C4)C2)C3)n1,CHEMBL19300
DEC_2317,decoy,CC1(C)N=C(N)N=C(N)N1c1cccc(SCc2ccc(Cl)cc2)c1,CHEMBL21077
DEC_3924,decoy,CC(=O)N1CCN(C(=O)/C=C/c2ccc(Sc3ccc4c(c3)OCC(C(=O)O)O4)c(Cl)c2)CC1,CHEMBL280660
DEC_2014,decoy,CO[C@H]1/C=C\C=C(/C)C(=O)NC2=CC(=O)C(NCCCN)=C(C[C@@H](C)C[C@H](OC)[C@H](O)[C@@H](C)/C=C(\C)[C@@H]1OC(N)=O)C2=O,CHEMBL63175
DEC_3284,decoy,Cc1ccccc1-c1ccc(C[C@H](CC(=O)NO)C(=O)N[C@H]2c3ccccc3C[C@H]2O)cc1,CHEMBL266245
DEC_3980,decoy,CCOC(=O)N[C@@H](c1ccccc1)[C@@H](O)C(=O)OC1CC2C(C)(C)C1(C)[C@@]13C[C@@H](C)c4ccccc4[C@@]21O3,CHEMBL286146
DEC_1421,decoy,[C-]#[N+]C[C@H]1OC(n2ccc(=O)[nH]c2=O)C[C@H]1N=[N+]=[N-],CHEMBL286645
DEC_1869,decoy,CSc1ccc(Cl)c(NC(=N)N(C)c2cccc(I)c2)c1,CHEMBL40155
DEC_3506,decoy,CCCCC1(CCCC)OOCCCOO1,CHEMBL27791
DEC_2899,decoy,CCC1(CC)CCNC(=O)[C@@H](NC(=O)[C@@H](N)Cc2ccc(O)cc2)CSSC[C@@H](C(=O)O)NC1=O,CHEMBL276353
DEC_3606,decoy,c1ccc(COCCCOc2ccc([C@H]3[C@H](Cn4cncn4)CNC[C@@H]3OCc3ccc4ccccc4c3)cc2)cc1,CHEMBL31881
DEC_3850,decoy,CCCc1cc(=O)oc2c(C(=O)CC)c(OCC)c3c(c12)OC(C)(C)C=C3,CHEMBL7485
DEC_0564,decoy,COc1ccc(C23OCC24C(CO)C4Cc2cc(OC)c(OC)cc23)cc1OC,CHEMBL18612
DEC_1615,decoy,Cc1nn(C(C)(C)C)c2nc(C(C)C)c(/C=C/[C@@H](O)C[C@@H](O)CC(=O)[O-])c(-c3ccc(F)cc3)c12.[Na+],CHEMBL23119
DEC_2061,decoy,Nc1nc(N)c2nc(CNc3ccc(C(=O)NC(CCCCP(=O)(O)O)C(=O)O)cc3)cnc2n1,CHEMBL283262
DEC_4164,decoy,CCCCCCCOc1ccc2c3c1OC1C(O)C=CC4C(C2)N(C)CCC341,CHEMBL413092
DEC_1465,decoy,C[C@@H](/N=c1\c(O)c(O)\c1=N/c1ccc(C#N)cc1O)C(C)(C)C,CHEMBL19253
DEC_3964,decoy,CNC(=O)[C@@H](NC(=O)C(CCc1ccccc1)CP(=O)(O)Cc1ccc(Cc2ccccc2C)cc1)C(C)(C)C,CHEMBL78031
DEC_3411,decoy,Cc1noc(NS(=O)(=O)c2ccccc2-c2ccc(-c3ncco3)cc2CN2CCCC(C)(C)C2=O)c1C,CHEMBL283610
DEC_3278,decoy,CO[C@H]1[C@@H]2O[C@@H]2[C@H](OCC23C[C@@H]4[C@H](C)CC[C@H]4C4(C=O)CC2C=C(C(C)C)C34C(=O)O)O[C@@H]1CO,CHEMBL283074
DEC_4046,decoy,COc1ccc2[nH]c3c(C)c4ccnc(NCCCN5CCN(CCCN)CC5)c4cc3c2c1,CHEMBL19777
DEC_1407,decoy,O=C(O)CC[C@@H](NC(=O)c1cc(Cl)cc(Cl)c1)C(=O)N1CCC2(CCCC2)CC1,CHEMBL283820
DEC_2826,decoy,CCC(=O)C1C(c2ccc3ccc(I)cc3c2)CC2CCC1N2C,CHEMBL435371
DEC_1822,decoy,CCC1c2cc3c(C(F)(F)F)cc(O)nc3cc2NC[C@@H]1C,CHEMBL418198
DEC_1168,decoy,CC(=O)OCC1=C(C(=O)O)N2C(=O)[C@@H](NC(=O)CN(OCc3ccccc3Cl)C(=O)c3ccccc3)C2SC1,CHEMBL428303
DEC_3619,decoy,CCCc1c(OCCCCCOc2cc3c(cc2C(C)=O)CCC2(CCC(C(=O)O)CC2)O3)ccc(C(C)=O)c1O,CHEMBL53333
DEC_3296,decoy,C=CC/N=c1\c(O)c(O)\c1=N/[C@@H](Cc1ccc(NC(=O)c2c(Cl)cncc2Cl)cc1)C(=O)O,CHEMBL9891
DEC_0859,decoy,CCOc1ccccc1-c1nc2c3cnn(CCc4ccccc4)c3nc(N)n2n1,CHEMBL21434
DEC_2440,decoy,CS(=O)(=O)c1ccc(C2=C(c3ccc(F)c(F)c3)C(=O)OC2)cc1,CHEMBL18264
DEC_1068,decoy,Fc1ccc(-c2[nH]c(-c3ccc(CN4CCOCC4)cc3)nc2-c2ccncc2)cc1,CHEMBL17688
DEC_1720,decoy,O=S(=O)(NC1CC1c1ccccc1)NS(=O)(=O)NC1CC1c1ccccc1,CHEMBL21865
DEC_0873,decoy,CCC(C)(O)C#Cc1nc(NCc2ccc(N(C)C)cc2)c2ncn(C(C)C)c2n1,CHEMBL23525
DEC_1393,decoy,O=S(=O)(c1nc(-c2ccccc2)c(-c2ccccc2)[nH]1)C(F)(F)C(F)Br,CHEMBL279378
DEC_2612,decoy,COC(=O)c1c(OCc2ccc(-c3ccccc3-c3nn[nH]n3)cc2)cc(C)nc1C,CHEMBL22426
DEC_4203,decoy,Nc1nc(=O)n([C@@H]2CC[C@H](CO)O2)cc1F,CHEMBL40724
DEC_1693,decoy,CC(C)(C)NC(=O)[C@@H]1CSCN1C(=O)[C@@H](O)[C@H](Cc1ccccc1)NC(=O)COc1ccccc1,CHEMBL54294
DEC_0579,decoy,CN(CC#CCCC1(C2(O)c3ccccc3Sc3ccc(Cl)cc32)SCCCS1)CCCc1ccccc1,CHEMBL40723
DEC_0641,decoy,COC(=O)/C=C\C(=O)N(C)[C@H]1CCC2(O)C3Cc4ccc(O)c5c4C2(CCCN3CC2CC2)[C@H]1O5,CHEMBL289274
DEC_0565,decoy,N#Cc1c2n(c3c(N4CCN(CCc5c[nH]c6ccccc56)CC4)ncnc13)CCCC2,CHEMBL27861
DEC_0532,decoy,CC(C)Cc1ccc(CCn2ncc3c2nc(N)n2nc(-c4ccco4)nc32)cc1,CHEMBL17013
DEC_1444,decoy,CC1=C(N2CC2)C(=O)c2nc3n(c2C1=O)CCC3N,CHEMBL20088
DEC_3084,decoy,CCOC(=O)/C(=C/C(=O)[C@H](Cc1c[nH]c2ccccc12)NC(=O)OC(C)(C)C)C(C)C,CHEMBL279663
DEC_1280,decoy,CN(C)CCN1CCN(c2cc3c(nc2Sc2ccc(F)cc2F)CNC(=O)N3c2c(Cl)cccc2Cl)CC1,CHEMBL92814
DEC_2421,decoy,CC(C)c1csc2c1C(N1CCN(C)CC1)=Nc1cc(F)ccc1N2,CHEMBL276753
DEC_2353,decoy,CCCn1c(=O)c2nc(/C=C/c3cc(OC)cc(OC)c3)[nH]c2n(CCC)c1=O,CHEMBL447777
DEC_2111,decoy,COc1ccc2c3c1OC1C(O)C=CC4C(C2)N(C2CCCCC2O)CCC341,CHEMBL20571
DEC_3624,decoy,O=C(Nc1ccc(F)cc1F)N(CCCCCSc1nc(-c2ccccc2)c(-c2ccccc2)[nH]1)CCOCCO,CHEMBL11130
DEC_4063,decoy,O=[N+]([O-])c1cccc2[nH]c3c(N4CCN(CCc5ccc(F)c(F)c5)CC4)ncnc3c12,CHEMBL282156
DEC_2887,decoy,O=c1ccn(C2CC(O)C(O)C(COP(=O)(O)O)O2)c(=O)[nH]1,CHEMBL417064
DEC_0217,decoy,CC1=C/C(=C\C#CCCO)C(=O)C(C)(O)C12CC2,CHEMBL7993
DEC_0535,decoy,CC(C)=CC[C@@H](OC(=O)C(Cl)(Cl)Cl)C1=CC(=O)c2c(O)ccc(O)c2C1=O,CHEMBL8794
DEC_3999,decoy,O=C(NC[C@@H]1Cc2ccccc2CN1/C(S)=N/C[C@H]1CCCN1Cc1ccc(O)cc1)Nc1ccccc1,CHEMBL40548
DEC_0828,decoy,C[C@H]1C[C@H]2C3Cc4ccc(O)cc4C2(CCN3CC2CC2)CC1=O,CHEMBL286801
DEC_0687,decoy,O=C(O)CC(=O)N1CCC2(CCC(C(=O)N3CCC(C4CCNCC4)CC3)CC2)CC1,CHEMBL24639
DEC_1892,decoy,CC(C)=CCC(OC(=O)c1cccc2ccccc12)C1=CC(=O)c2c(O)ccc(O)c2C1=O,CHEMBL28783
DEC_1300,decoy,CO/N=C(\COCc1ccc2nonc2c1)C(CCN1CCC(O)(c2ccccc2)CC1)c1ccc(Cl)c(Cl)c1,CHEMBL290786
DEC_0778,decoy,NCC(O)c1ccc2c(c1)NS(=O)(=O)N2,CHEMBL24413
DEC_2578,decoy,O=C(Cn1c(C2CCNCC2)nc2cc(Cl)c(Cl)cc21)NNC(=O)Nc1ccc2c(c1)OCO2,CHEMBL277878
DEC_2576,decoy,O=C1[C@H]2Cc3c([nH]c4ccccc34)[C@@H](c3ccc(O)nc3)N2C(=O)CN1[C@@H]1CCN(Cc2ccccc2)C1,CHEMBL34169
DEC_2755,decoy,O=C(O)c1c(O)c(Cl)cc(Cl)c1Cl,CHEMBL10381
ACT_075,active,CC(C)(CO)C(=O)n1nc(C2CCNCC2)c(F)c1NCc1ccc(Cl)s1,CHEMBL5423051
DEC_3265,decoy,N=C(N)N1CCC[C@H](NC(=O)CNC(=O)[C@@H](CCNC(=O)c2cncc(Br)c2)NS(=O)(=O)Cc2ccccc2)C1O,CHEMBL117656
DEC_1983,decoy,COP(=O)(OC)OC(c1ccc(-c2ccccc2)cc1)P(=O)(OC)OC,CHEMBL33137
DEC_3945,decoy,CNC(=O)[C@@H](NC(=O)C(CCc1cccc(C)c1)CP(=O)(O)Cc1ccc(Cc2ccccc2)cc1)C(C)(C)C,CHEMBL311840
DEC_3712,decoy,CC(C)[C@H](NC(=O)CCc1ccccc1)C(=O)N[C@@H](C)C(=O)NN(CC(=O)O)C(=O)[C@H]1O[C@@H]1C(=O)OCCc1ccccc1,CHEMBL288001
DEC_2057,decoy,Cc1noc(C)c1S(=O)(=O)N[C@@H](CCC(=O)N1CCC2(CC1)CCN(c1ccc(C(=N)N)cc1)C2=O)C(=O)O,CHEMBL418481
DEC_0424,decoy,COC1=CC(=O)c2c(cc(COP(N)(=O)N(CCBr)CCBr)n2C)C1=O,CHEMBL39995
DEC_2723,decoy,CC(=O)c1c(-c2ccc(Cl)cc2)c(-c2ccc(Cl)cc2)nn(CCOC(=O)CCN)c1=O.Cl,CHEMBL33423
DEC_1443,decoy,CN/C(=N\CCSCc1nc[nH]c1C)NC#N,CHEMBL30
DEC_3652,decoy,CN(C)CCNC(=O)c1ccc(NCCCc2ccc(N(CCCl)CCCl)cc2)c2cc3ccccc3nc12,CHEMBL79723
DEC_4043,decoy,COc1cc2/c(=N/c3ccc(Br)cc3F)nc[nH]c2cc1OCC1CCN(C)CC1,CHEMBL24828
DEC_2551,decoy,CC1OC(OC2CCC3(C)C(CCC4C3CCC3(C)[C@@H](C5=CC(=O)OC5)C(O)CC43O)C2)CC(O)C1O,CHEMBL6402
DEC_3180,decoy,COc1cc(C(F)(F)F)c(OC)cc1CC(C)N,CHEMBL6620
DEC_0429,decoy,C[C@@H](n1cnc2cc(OCC(F)(F)C(F)F)ccc2c1=O)[C@](O)(Cn1cncn1)c1ccc(F)cc1F,CHEMBL55381
DEC_1506,decoy,CCC(C)(C)/N=c1\c(O)c(O)\c1=N/Cc1ccc(C#N)c(Cl)c1,CHEMBL417098
DEC_3179,decoy,CSc1ccc2[nH]cc(C3=CCN(C)CC3)c2c1,CHEMBL287576
DEC_3846,decoy,Cc1cc(CCCOc2c(C)cc(-c3noc(C4CC4)n3)cc2C)on1,CHEMBL28534
DEC_0480,decoy,O=C(CC1N=C2C=CC=CC2N1)NCCNCC(O)COc1ccccc1Cl,CHEMBL31109
DEC_2287,decoy,C=C1/C=C(\C)[C@H](CC)OC(=O)[C@H](C)C(=O)[C@@](O)(CO)C/C(Cl)=C/[C@@H](C)C1,CHEMBL286184
DEC_0234,decoy,Cc1nc2c([nH]1)C(=O)N(C)C1=N[C@@H]3CCC[C@@H]3N12,CHEMBL278644
DEC_3445,decoy,Cn1nnnc1[S+]([O-])C[C@H](NS(C)(=O)=O)C(=O)N[C@@H](Cc1ccccc1)[C@H](O)Cc1ccccc1C(=O)NC(C)(C)C,CHEMBL276833
DEC_0516,decoy,C=CCOC(=O)NC(CC(=O)O)C(=O)COc1ccc(-c2ccccc2)cc1C(N)=O,CHEMBL31061
DEC_2369,decoy,CC1(C)CC(=O)N(CC(COc2ccc(-c3ccc(C#N)cc3)cc2)N(O)C=O)C(=O)C1,CHEMBL288701
DEC_0933,decoy,CCOC(=O)[C@H](O)C/C=C\C[C@@H]1O[C@@H]2/C=C/C/C=C/C(C)=C\[C@H]3O[C@@H](C/C=C/C=C/C(=O)O[C@H](C2)[C@@]1(C)CO)C[C@H](O)[C@H]3C,CHEMBL301697
DEC_1064,decoy,O=S(=O)(c1nc(-c2ccc(Cl)cc2)c(-c2ccc(F)cc2)[nH]1)C(F)(F)C(F)F,CHEMBL17714
DEC_1484,decoy,OCC1CCC(n2cnc3c(I)ncnc32)O1,CHEMBL16907
DEC_3254,decoy,CCc1cc(Nc2c(N[C@H](C)C(C)(C)C)c(=O)c2=O)ccc1C#N,CHEMBL19245
DEC_0288,decoy,O=C1C2C3CCCC(CC3)C2C(=O)N1CCCCN1CCN(c2ncccn2)CC1,CHEMBL288559
DEC_3117,decoy,CN1CCN(Cc2cc(Nc3cc(C(F)(F)F)nc(/N=C(\N)Nc4ccccc4)n3)ccc2O)CC1,CHEMBL281574
DEC_2666,decoy,CC(=O)NC1N=C(c2ccccc2)c2ccccc2N(CC(=O)NCCc2ccc(Cl)c(Cl)c2)C1=O,CHEMBL24605
DEC_1271,decoy,Cc1cc(SC2=C(O)OC(CCc3ccc(N)cc3)(C(C)C)CC2=O)c(C(C)(C)C)cc1OS(=O)(=O)N(C)C,CHEMBL306421
DEC_2701,decoy,CCOC(=O)C(CCCCn1cnc2c1NC=NCC2O)(Cc1ccccc1C(F)(F)F)C(=O)OCC,CHEMBL286566
DEC_2349,decoy,COc1cc2cc(-c3ccc(OC(C)C)c(OC)c3)[n+](C)cc2cc1OC.[Cl-],CHEMBL274613
DEC_1286,decoy,Cc1c(-c2ccc3oc4ccccc4c3c2)c(=O)n(CCN(C)CCc2ccccn2)c(=O)n1Cc1c(F)cccc1F,CHEMBL23198
DEC_1575,decoy,COc1ccc(C[C@H]2NC(=O)/C=C/C[C@@H](CC#Cc3ccccc3)OC(=O)[C@H](CC(C)C)OC(=O)[C@@H](C)CNC2=O)cc1,CHEMBL13720
DEC_1487,decoy,O=C(O)Cc1cccc2c1Cc1c-2nc(O)c2nc(C(=O)O)cn12,CHEMBL24980
DEC_3034,decoy,O=C1CN2Cc3c(ccc(Cl)c3Cl)N=C2N1,CHEMBL760
DEC_1428,decoy,Nc1nc(O)c2ncn([C@H]3O[C@@H](CO)C=C3F)c2n1,CHEMBL282412
DEC_1391,decoy,O=C(NCCCCN1CCN(c2ccc(Cl)cc2)CC1)C12CC3CC(CC(C3)C1)C2,CHEMBL21119
DEC_0551,decoy,COc1cccc(-c2cc(C#N)ccc2C#CC(O)(c2ccc(C#N)cc2)c2cncn2C)c1,CHEMBL22702
DEC_2042,decoy,NCCCCNC(=O)N1CCN(C(=O)O[C@H]2CCC[C@@H](OC(=O)N3CCN(C(=O)NCCCCN)CC3)CCC2)CC1,CHEMBL77183
DEC_2858,decoy,CCOC(=O)OC(C)OC(=O)c1cccc2nc(OCC)n(Cc3ccc(-c4ccccc4-c4nn[nH]n4)cc3)c12,CHEMBL76752
DEC_4201,decoy,Nc1ccn(C2CC(F)C(CO)O2)c(=O)n1,CHEMBL23156
DEC_3165,decoy,Cc1nccn1-c1ccc(C2=CCCn3c2cnc3C)cc1,CHEMBL27771
DEC_0915,decoy,COc1cccc2c1CCC[C@H]2CN(C)CCc1ccc2c(c1)NCC2,CHEMBL274055
DEC_0061,decoy,CC1(C)C=C2C(=O)C(C)(C)C(=O)C(C)(C)C2(F)OO1,CHEMBL34210
DEC_0607,decoy,Cc1oc2c(C)c(C)c(OCc3ccccc3)c(C)c2c1CN1CCC[C@@H](Oc2ccc(/C=C3\SC(=O)NC3=O)cc2)C1,CHEMBL57821
DEC_1967,decoy,CCCCCn1cnc2c(C#Cc3ncnc4c3ncn4CCCCC)ncnc21,CHEMBL9410
DEC_0246,decoy,CC(C)(C)/N=c1\c(O)c(O)\c1=N/c1cccnc1,CHEMBL19088
DEC_1307,decoy,O=C(N[C@@H](Cc1ccc([N+](=O)[O-])cc1)c1nc(C(=O)N2CCc3ccccc3C2)cs1)c1cccc2ccccc12,CHEMBL287320
DEC_0324,decoy,COc1cc(Br)c(-n2c(O)nc3c(-c4ccccc4C(F)(F)F)nc(C)nc32)c(OC)c1,CHEMBL10279
DEC_3216,decoy,CC(Sc1nc(N)cc(Cl)n1)c1cc2ccoc2cn1,CHEMBL280752
DEC_0154,decoy,NS(=O)(=O)OCC(Cl)(Cl)Cl,CHEMBL23067
DEC_3605,decoy,COc1ccccc1COCCCOc1ccc([C@H]2CCNC[C@@H]2OCc2cc(OC)c3ccccc3c2OC)cn1,CHEMBL285146
DEC_1954,decoy,CC1CN(c2c(F)c(N)c3c(=O)c(C(=O)O)cn(C4CC4)c3c2Cl)CC(C)N1,CHEMBL15536
DEC_1849,decoy,CCC1Cc2cc(O)ccc2C2=C1c1ccc(O)cc1CC2CC,CHEMBL414213
DEC_2379,decoy,CCCCn1c(=O)c2c(ncn2S(=O)(=O)c2cc(F)ccc2C)n(CCCC)c1=O,CHEMBL20906
DEC_1217,decoy,CC1CCC(=NNc2ccc3c(c2)OCO3)c2ncc(C(=O)O)c(=O)n21,CHEMBL14292
DEC_0672,decoy,COC[C@H]1OC(=O)C23CC2COC2=C3[C@@]1(C)C1=C(C2=O)[C@@H]2CCC(=O)[C@@]2(C)C[C@H]1OC(C)=O,CHEMBL416892
DEC_2242,decoy,O=C(C[C@@H](Cc1ccc(-c2ccccc2Cl)cc1)C(=O)N[C@H]1c2ccccc2C[C@H]1O)NO,CHEMBL268882
DEC_1743,decoy,CNCc1ccc([C@H]2C[C@H](SC3=C(C(=O)O)N4C(=O)[C@H]([C@@H](C)O)[C@H]4[C@H]3C)CN2)o1,CHEMBL17752
DEC_3865,decoy,Cc1cc2c(s1)CCC(CN[C@H]1CC[C@@H](Oc3ccccc3)[C@H]1O)C2=O,CHEMBL15201
DEC_3081,decoy,CCc1cc2c(O)cc(=O)n(Cc3ccc(-c4ccccc4-c4nn[nH]n4)cc3)c2s1,CHEMBL281875
DEC_2278,decoy,Oc1nc2cc(C#CCN3CCC(O)(Cc4ccc(F)cc4)CC3)ccc2[nH]1,CHEMBL19576
DEC_1796,decoy,C[C@H]1[C@@H](OC(=O)N[C@@H](Cc2ccccc2)[C@H](O)CN2C[C@H]3CCCC[C@H]3C[C@H]2C(=O)NC(C)(C)C)CCS1(=O)=O,CHEMBL18068
DEC_1475,decoy,N#Cc1ccc(Nc2c(NC3CCCCCC3)c(=O)c2=O)cc1,CHEMBL18923
DEC_1977,decoy,CCCCc1nc(CCCC)n(Cc2ccc(-n3c(F)ccc3-c3nn[nH]n3)cc2)n1,CHEMBL12693
DEC_2334,decoy,Nc1nc2c(cnn2CCCCc2ccccc2)c2nc(-c3ccco3)nn12,CHEMBL273590
DEC_2822,decoy,O=C1NCCN1CCN1CC=C(c2cn(-c3ccc(F)cc3)c3ccc(C(F)(F)F)cc23)CC1,CHEMBL418534
DEC_0215,decoy,COc1nc(C)nc(Cl)c1NC1=NCCN1,CHEMBL19236
DEC_3740,decoy,CCCc1c(OCC(O)COc2cccc(NC(=O)C(=O)O)c2C#N)ccc(C(C)=O)c1O,CHEMBL275621
DEC_3479,decoy,C[C@@H](NC(c1cccc2nc(O)c(O)nc12)P(=O)(O)O)c1ccccc1,CHEMBL273686
DEC_0134,decoy,COC(=O)CN1N=C(c2ccc3nc(C4CC4)n(Cc4ccc(-c5ccccc5-c5nn[nH]n5)cc4)c3c2)C(C)CC1=O,CHEMBL284704
DEC_0055,decoy,C=C1C2=C(CC(C)(C)C2=O)C(=O)C(C)(O)C12CC2,CHEMBL8312
DEC_2862,decoy,CCOc1nc2cccc(C(=O)OC(C)OC(=O)OC3CCC3)c2n1Cc1ccc(-c2ccccc2-c2nn[nH]n2)cc1,CHEMBL309377
DEC_3791,decoy,O=C(Nc1ccc(C[C@H](NC(=O)C2(Cc3nnn[nH]3)CCCC2)C(=O)O)cc1)c1c(Cl)cccc1Cl,CHEMBL311729
DEC_3707,decoy,CCCCN(CCCC)C(=O)[C@H](C)NC(=O)[C@@H](NC(=O)[C@H](Cc1ccn(CP(=O)(O)O)c(=O)c1)NC(C)=O)C(C)C,CHEMBL94451
DEC_3267,decoy,O=C(O)C(CCCCn1cnc2c1NC=NCC2O)(Cc1ccc(C(F)(F)F)cc1)C(=O)O,CHEMBL289398
DEC_2602,decoy,C=CC(=O)Nc1nc2c(Nc3ccc(F)c(Cl)c3)ncnc2cc1OCCOC,CHEMBL31570
DEC_3333,decoy,C1CCN(P2(N3CCCC3)=N[P@](N3CCCC3)(N3CC3)=N[P@](N3CCCC3)(N3CC3)=N2)C1,CHEMBL28231
DEC_0131,decoy,COc1ccc2c(c1)C(OP(=O)(Cc1cccc3ccccc13)OC1OC(=O)c3ccc(OC)cc31)OC2=O,CHEMBL287060
DEC_2323,decoy,CC(/N=c1\c(O)c(O)\c1=N/c1ccc(OC(F)(F)F)cc1)C(C)(C)C,CHEMBL19421
DEC_1026,decoy,CC(C)c1ccc(NC(=O)N2CCC[C@H]2C(=O)N2CC[C@H]3[C@H]2[C@H](C)C(=O)N3c2nc3cc(S(=O)(=O)C(F)F)ccc3s2)cc1,CHEMBL138762
DEC_1141,decoy,CC(C)OC(=O)[C@H](Cc1ccc(OC(=O)N(C)C)cc1)NC(=O)[C@H]1N(S(=O)(=O)c2ccn(C)n2)CSC1(C)C,CHEMBL43207
DEC_3138,decoy,COc1ccc(O)c(C(=O)c2ccc(/C=C/[C@@H]3CCCNC[C@H]3NC(=O)c3ccncc3)cc2)c1F,CHEMBL283457
DEC_1821,decoy,CNCCSC1=Cc2ccccc2Sc2ccc(O)cc21,CHEMBL15668
DEC_0180,decoy,CC(C)CN1C2=NCCN2C(=O)c2[nH]nnc21,CHEMBL18668
DEC_4155,decoy,COc1ccc(CCCCNCCOc2c(F)ccc3c2OCCC3)cc1,CHEMBL22328
DEC_0519,decoy,COC(=O)[C@H](Cc1ccccc1)NC(=O)[C@@H](NC(=O)C/C=C/[C@@H](N)CC(C)C)C(C)C,CHEMBL26248
DEC_1195,decoy,COC1=C(C)C(=O)c2c(c(COC(N)=O)c3n2CCC3OC(C)=O)C1=O,CHEMBL279123
DEC_4143,decoy,CCN(CC)C(C)Cc1cc(OC)c(I)cc1OC,CHEMBL10944
DEC_3922,decoy,CC(C)C1=CC2CC3(C=O)[C@@H]4CC[C@@H](C)[C@H]4CC2(CO[C@@H]2O[C@H](C)[C@H]4OC(=S)O[C@H]4[C@@H]2O)C13C(=O)O,CHEMBL21592
DEC_1739,decoy,NCCCNc1ccc2c(CN3CCOCC3)nn3c4cccc(O)c4c(=O)c1c23,CHEMBL267992
DEC_2852,decoy,COc1ccc(C2(O)OC(=O)C(c3ccc4c(c3)OCO4)=C2Cc2cc(OC)c(OC)c(OCCCN(C)C)c2)cc1,CHEMBL68269
DEC_2210,decoy,CCCCc1ncc(C(=O)O)n1Cc1cccc2c1ccn2-c1ccccc1-c1nn[nH]n1,CHEMBL433230
DEC_1801,decoy,CC(=O)NC1N=C(c2ccccc2)c2ccccc2N(CC(=O)N[C@H](Cc2ccc(Cl)c(Cl)c2)C(N)=O)C1=O,CHEMBL422044
DEC_1924,decoy,COc1c(O)cc2c(c1OC)-c1ccc(SC)c(=O)cc1[C@@H](NC(C)=O)CC2,CHEMBL277998
DEC_3878,decoy,CSc1ccc(Nc2nc(NCCN3CCCC3)c3ccccc3n2)cc1,CHEMBL31454
DEC_2830,decoy,CC(=O)S[C@@H]1CC2=CC(=O)[C@@H]3C[C@@H]3C2(C)C2CCC3(C)C(C21)[C@@H]1C[C@@H]1[C@@]31CCC(=O)O1,CHEMBL433223
DEC_3418,decoy,C=C(CC[C@]12O[C@H](C(=O)O)[C@@](O)(C(=O)O)[C@](C(=O)O)(O1)[C@H](OC(C)=O)[C@H]2OC(C)=O)[C@@H](OC(C)=O)[C@H](C)Cc1ccccc1,CHEMBL89470
DEC_2368,decoy,CCCn1c(=O)c2c(nc(-c3ccc(S(=O)(=O)O)cc3)n2C)n(CCC)c1=O,CHEMBL20483
DEC_0611,decoy,Cc1c(C)c2c(c(C)c1OCc1ccccc1)C(CN1CCC[C@@H](Oc3ccc(/C=C4\SC(=O)NC4=O)cc3)C1)C(C)(C)O2,CHEMBL293313
DEC_0709,decoy,Cc1c(N2CC[C@@H](C3(N)CC3)C2)c(F)c(N)c2c(=O)c(C(=O)O)cn([C@@H]3C[C@@H]3F)c12,CHEMBL6894
DEC_0949,decoy,Cl.O=C(C1CCCN1)N1CCCC1P(=O)(Oc1ccc(NN2CCCC2)cc1)Oc1ccc(NN2CCCC2)cc1,CHEMBL9527
DEC_0500,decoy,C=CCc1ccc(OCC(=O)NCC(O)CNC(=O)C2=CC(C)(C)NC2(C)C)c(OC)c1,CHEMBL15642
DEC_3895,decoy,CC1(C)C2CCC1(CS(=O)(=O)N1CCC3(CCc4ccccc43)CC1)C(NC(=O)C1CN3CCC1CC3)C2,CHEMBL283746
DEC_4065,decoy,CC(C)C1=CC2CC3(C=O)[C@@H]4CC[C@@H](C)[C@H]4CC2(CO[C@H]2C[C@@H]4OC[C@H](C)[C@@H]4[C@@H](C)O2)C13C(=O)O,CHEMBL45656
DEC_2722,decoy,CCCc1nc(-n2ccc(C(=O)OC)c2C)c(C(=O)OC)n1Cc1ccc(-c2ccccc2-c2nn[nH]n2)cc1,CHEMBL76330
DEC_3829,decoy,COc1ccccc1CN(CC(Cc1c[nH]c2ccccc12)NC(=O)COc1ccc(CO)cc1)C(C)=O,CHEMBL42259
DEC_1332,decoy,Cc1cc(C(=O)N2CCOCC2)[nH]c1/C=C1\C(=O)Nc2ncnc(Nc3ccc4c(cnn4Cc4ccccc4)c3)c21,CHEMBL67003
DEC_4088,decoy,COc1cc(Nc2c(C#N)cnc3cc(OCCC4CCN(C)CC4)c(OC)cc23)c(Cl)cc1Cl,CHEMBL41465
DEC_1989,decoy,CC(=O)O[C@H]1O[C@@H]2O[C@@H](OC(C)=O)[C@@H]3CC[C@H]([C@H]1CC/C=C(\C)CCC=C(C)C)[C@H]23,CHEMBL418341
DEC_2814,decoy,CC1(C)C(=O)[C@]2(CS(=O)(=O)N3CCC4(C=Cc5ccccc54)CC3)CCC1C2(C)C,CHEMBL269624
DEC_3272,decoy,CN1CCC23c4c5ccc(O)c4OC2[C@H](O)[C@](CO)(CCCCc2ccccc2)CC3C1C5,CHEMBL416699
DEC_1991,decoy,COCc1c(OCc2ccc(-c3ccccc3-c3nn[nH]n3)cc2)cc(C)nc1C,CHEMBL283770
DEC_0213,decoy,Nc1nc(O)c2ncn(/C=C3/C[C@@H]3CO)c2n1,CHEMBL38566
DEC_0589,decoy,Cc1cc(C)cc(-c2[nH]c3ccc(C(C)(C)C(=O)N4CC5CCC4CC5)cc3c2[C@H](C)CNCCc2cc(C)[n+]([O-])c(C)c2)c1,CHEMBL431402
DEC_1265,decoy,C=C(CC[C@H](O)[C@@]1(C)CC[C@H](C(C)(C)O)O1)[C@H]1CC[C@H]2O[C@@H]([C@]3(C)CC[C@@H](Br)C(C)(C)O3)CC[C@]2(C)O1,CHEMBL23600
DEC_4160,decoy,CCCCc1ccc(Nc2nc(OC)c3ncn(COCCO)c3n2)cc1,CHEMBL16218
DEC_1291,decoy,CCCCc1nc2ccc(C3CCC4CCCC4O3)cc2c(=O)n1Cc1ccc(-c2ccccc2-c2nn[nH]n2)cc1,CHEMBL297714
DEC_1171,decoy,CS(=O)(=O)O.Cc1nc(-c2ccc(C#N)cc2)sc1C(=O)N[C@H](C)[C@](O)(Cn1cncn1)c1ccc(F)cc1F,CHEMBL431746
DEC_2882,decoy,Cc1cn(COC(CP(=O)(O)O)C(O)CO)c(=O)[nH]c1=O,CHEMBL279840
DEC_0223,decoy,CC1=NS(=O)(=O)c2cc(Cl)cnc2N1,CHEMBL442260
DEC_2047,decoy,CC(=O)N1CCN(C(=O)C(Cc2cccc(C(=N)N)c2)NS(=O)(=O)NCc2ccc(Cl)cc2[N+](=O)[O-])CC1,CHEMBL60595
DEC_3116,decoy,CN1CCC2(CC1)COc1ccc(NC(=O)NCCN3CCC(c4c[nH]c5cc(F)ccc45)CC3)cc12,CHEMBL15909
DEC_2313,decoy,CC1(C)C=C(n2ccccc2=O)c2cc(S(=O)(=O)N=[N+]=[N-])ccc2O1,CHEMBL276151
DEC_3405,decoy,Cc1cc(C)c(NC(=O)c2sccc2S(=O)(=O)Nc2onc(C)c2Cl)c(S(=O)(=O)C(C)C)c1,CHEMBL291592
DEC_3346,decoy,C=C1C[C@@]23O[C@]2(c2ccccc21)C1CC(OC(=O)[C@H](O)[C@@H](NC(=O)CCC)c2ccccc2)C3(C)C1(C)C,CHEMBL283402
DEC_0334,decoy,C=C1C[C@@]23O[C@]2(c2ccccc21)C1CC(OC(=O)[C@H](O)[C@@H](NC(=O)OCC)c2ccoc2)C3(C)C1(C)C,CHEMBL284961
DEC_1689,decoy,CC(C)C[C@@H](/C=N/NC(=O)CN(C)C)NC(=O)[C@@H](NS(=O)(=O)c1ccc(F)cc1)C(C)C,CHEMBL288882
DEC_3111,decoy,CCCCc1c(Cc2ccc(-c3ccccc3-c3nn[nH]n3)cc2)c(C(=O)O)nn1CC(F)(F)F,CHEMBL430535
DEC_4212,decoy,CCC(CC)C(=O)N1C[C@H](N)[C@H](C(=O)O)C1,CHEMBL279099
DEC_1785,decoy,COC(=O)C1(c2ccccc2)CCN(CCCCNC(=O)N2C(=O)NC3=C(C(=O)OC3)C2c2ccc(F)c(F)c2)CC1,CHEMBL51019
DEC_2432,decoy,COc1cc2c(cc1OC)C(C)=[N+]([O-])C(c1ccc(C)cc1)N2,CHEMBL281984
DEC_0604,decoy,CC[C@H](C)C(=O)O[C@H]1C[C@@H](C)C=C2C=C[C@H](C)[C@H](CC[C@@H]3C[C@H](CC(=O)OC)N(Cc4ccc(C(C)(C)O)cc4)C(=O)O3)[C@H]21,CHEMBL82237
DEC_1231,decoy,C#CCONC(=O)O[C@H]1[C@@H](O)[C@H](Oc2ccc3c(=O)c(/C(C)=N/OCOCCOC)c(O)oc3c2C)OC(C)(C)[C@@H]1OC,CHEMBL262129
ACT_086,active,CC1(C)OB(c2ccc(NC(=N)N)cc2)OC1(C)C,CHEMBL213434
DEC_1560,decoy,CC(=O)N1CCN(C(=O)C(Cc2cccc(C(=N)N)c2)NS(=O)(=O)NCC2CNc3ccccc3C2)CC1,CHEMBL60522
DEC_2832,decoy,CC(C)(C)C(=O)SCCOP(=O)(OCCSC(=O)C(C)(C)C)O[C@H]1C[C@@H](n2cnc3c(N)ncnc32)CO1,CHEMBL60734
DEC_2514,decoy,O=S(=O)(Nc1ccc(CCNC[C@H](O)c2cccnc2)cc1)c1ccc(-n2ncc(Cc3c(F)cccc3F)n2)cc1,CHEMBL66789
DEC_1611,decoy,CCCOC(=O)/C=C/C(=O)N[C@@H]1CC[C@@]2(O)C3Cc4ccc(O)c5c4C2(CCN3CC2CC2)C1O5,CHEMBL54820
DEC_3348,decoy,CC(C)C1=CC2CC3(C=O)[C@@H]4CC[C@@H](C)[C@H]4CC2(CO[C@H]2C[C@H]4[C@H](OC[C@@H]4C(C)C)[C@@H](C)O2)C13C(=O)O,CHEMBL443788
DEC_2249,decoy,C/C=C/CN(C1=NCCN1)c1c(Br)cccc1Br,CHEMBL20588
DEC_1659,decoy,CCCCn1c(=O)[nH]c2[nH]c(-c3ccc(OCC(=O)N4CCN(C(=O)OCC)CC4)cc3)nc2c1=O,CHEMBL37933
DEC_3464,decoy,CNC(C)C1CCN(c2cc3c(c(N)c2F)c(=O)c(C(=O)O)cn3C2CC2)C1,CHEMBL15197
DEC_1183,decoy,COc1ccc(N(C)Cc2cnc3nc(N)nc(N)c3c2C)cc1OC,CHEMBL279680
DEC_0219,decoy,Oc1nc2ccc(-n3ccnc3)nc2nc1O,CHEMBL281866
DEC_3420,decoy,C#CCN(c1ccc(C(=O)N[C@@H](CCC(=O)N[C@H](C)c2nnn[nH]2)C(=O)O)cc1)C1CCc2cc3nc(C)[nH]c(=O)c3cc21,CHEMBL59261
DEC_4007,decoy,CN1C(=O)C(NC(=O)CCc2c(Cl)cccc2Cl)N=C(c2ccc(C(N)=O)cc2)c2ccccc21,CHEMBL299403
DEC_4126,decoy,O=C(O)CCCn1cc(C(=O)c2ccc3c(c2)OC(c2ccccc2)(c2ccccc2)O3)c2ccccc21,CHEMBL287906
DEC_0074,decoy,CC(C)(C)c1ccc(CC2=NOS(=O)N2)cc1,CHEMBL17579
DEC_1527,decoy,CNC(=O)[C@H]1O[C@@H](n2cnc3c(NCc4cccc(I)c4)nc(Cl)nc32)[C@H](O)[C@@H]1O,CHEMBL431733
DEC_0196,decoy,O=NN(CCF)C(=O)NC1CCSCC1,CHEMBL12509
DEC_1351,decoy,Cc1ccc2c(c1)N(CC(=O)NC(C)(C)C)C(=O)[C@H](NC(=O)Nc1cccc(-c3nn[nH]n3)c1)C[C@@H]2C1CCCCC1,CHEMBL294161
DEC_2189,decoy,CC(C)C[C@@H](CO)NC(=O)[C@H](Cc1c[nH]cn1)C(=O)N[C@H](Cc1ccccc1)C(=O)NCC(C)(C)C,CHEMBL12246
DEC_3378,decoy,CCC(=O)OCC(=O)[C@@]1(OC(=O)c2ccco2)[C@H](C)CC2C3CCC4=CC(=O)C=CC4(C)[C@@]3(F)C(O)CC21C,CHEMBL289317
DEC_2873,decoy,CCOc1ccc2c(c1)[C@H](c1cc(OC)c(OC)c(OC)c1OCC(=O)O)N(CC(=O)O)[C@@H]2c1ccc2c(c1)OCO2,CHEMBL48261
DEC_2082,decoy,CCCCCNC(=O)[C@H](CCC(=O)O)NC(=O)[C@H](Cc1ccc(OP(=O)(O)O)cc1)NC(C)=O,CHEMBL56432
DEC_1458,decoy,OCC1CC(F)C(n2cnc3c(F)ncnc32)O1,CHEMBL274911
DEC_0430,decoy,CCCn1c(=O)c2nc(-c3cc(NC(=O)Cc4ccc(CC(C)C)cc4)nn3C)[nH]c2n(CCC)c1=O,CHEMBL36352
DEC_2845,decoy,COc1ccc(S(=O)(=O)Nc2ncnc(OCCOc3ncc(Br)cn3)c2-c2ccc(C)cc2)cc1OC,CHEMBL112162
DEC_4241,decoy,CC(C)=CCc1c(O)n(Cc2ccc(F)cc2)c2nc3c(c(=O)n(C)c(=O)n3C)n2c1=O,CHEMBL13013
DEC_1938,decoy,CC1CN(c2c(F)c(N)c3c(=O)c(C(=O)O)cn(C4CC4)c3c2Cl)CCN1,CHEMBL15341
DEC_3710,decoy,CC(=O)NC(CO)C(=O)N[C@H](Cc1cn(C=O)c2ccccc12)C(=O)N[C@@H](Cc1ccccc1)C(=O)N(C)Cc1ccccc1,CHEMBL432414
DEC_0392,decoy,O=C1NC(=O)c2cc(Nc3ccc(F)cc3)c(Nc3ccc(F)cc3)cc21,CHEMBL7939
DEC_2800,decoy,O=S1O[C@H](c2ccc(Cl)cc2)[C@@](Cn2cncn2)(c2ccc(Cl)cc2Cl)O1,CHEMBL10200
DEC_1086,decoy,Cc1cc(C)cc(Sc2c(C)c(=O)[nH]c(=S)n2COCCO)c1,CHEMBL279409
DEC_0947,decoy,O=C(NCCCCc1ccccc1)c1ccc2[nH]c3c(c2c1)C[C@@]1(O)C2Cc4ccc(O)c5c4[C@@]1(CCN2CC1CC1)[C@H]3O5,CHEMBL109009
DEC_0463,decoy,C[C@H]1O[C@@H](n2cnc3c(NC4CCCC4)ncnc32)[C@H](O)[C@H]1NC(=O)C1(c2ccccc2)CCCCC1,CHEMBL299238
DEC_0766,decoy,CC(=O)CCCC1(C(=O)N[C@@H](Cc2ccc(NC(=O)c3c(Cl)cccc3Cl)cc2)C(=O)O)CCCC1,CHEMBL84088
DEC_1135,decoy,CCC(=O)OCc1c([C@@](O)(CC)C(=O)NCCN(C)C)cc2n(c1=O)Cc1c-2nc2ccc(O)cc2c1[Si](C)(C)C,CHEMBL322525
DEC_4239,decoy,CC(=O)OCC1CC(n2cc(I)c(=O)[nH]c2=O)CC1OC(C)=O,CHEMBL416807
ACT_032,active,CCOC(=O)C1=C(C)OC(N)=C(C#N)C1c1cc2c(cc1[N+](=O)[O-])OCO2,CHEMBL1607970
DEC_0125,decoy,CCO/C(O)=C1\C(C)=NC(C)=C(C(=O)OCCN2C(=O)c3ccccc3S2(=O)=O)C1c1ccccc1C(F)(F)F,CHEMBL310530
DEC_2355,decoy,CC(C)C[C@@H]1NC(=O)N(CC(=O)N[C@H](C(=O)c2nnc(C(C)(C)C)o2)C(C)C)C1=O,CHEMBL284433
DEC_1519,decoy,CNC(=O)[C@@H]1CCCCN(S(=O)(=O)c2cn(C)cn2)CCC[C@H](C(=O)NO)[C@@H](CC(C)C)C(=O)N1,CHEMBL283427
DEC_3561,decoy,CC1(C)CC[C@H](C2=NCCN2)c2ccc(O)c(O)c21,CHEMBL33809
DEC_3293,decoy,C[C@@H](O)[C@H]1C(=O)N2C(C(=O)O)=C(S[C@@H]3CN[C@@H](CSc4ccc(CN)cc4)C3)[C@H](C)[C@H]12,CHEMBL14312
DEC_1164,decoy,CC(=O)NC[C@H]1CN(c2ccc(N3CCC(=CC(C)(OC(=O)CCl)OC(=O)CCl)CC3)c(F)c2)C(=O)O1,CHEMBL302309
DEC_2059,decoy,O=C(CN(Cc1ccc([N+](=O)[O-])cc1)S(=O)(=O)c1cccc(NC(=O)NS(=O)(=O)c2ccccc2)c1)NO,CHEMBL56498
DEC_1894,decoy,N#CN/C(=N\C(Cn1ccnc1)c1ccc(Cl)cc1Cl)Nc1cccc(Cl)c1Cl,CHEMBL269307
DEC_2330,decoy,Cc1cc(OCc2ccc(-c3ccccc3-c3nn[nH]n3)cc2)c(C=O)c(C)n1,CHEMBL22837
DEC_1061,decoy,Cc1cc(-c2c(F)cc3c(=O)c(Cc4ccc[nH]4)cn(C4CC4)c3c2F)cc(C)n1,CHEMBL7368
DEC_0355,decoy,C=CCC1Oc2cccc(OCc3ccccc3)c2-c2ccc3c(c21)C(C)=CC(C)(C)N3,CHEMBL8131
DEC_3738,decoy,C#CCN(Cc1ccc2nc(N)nc(O)c2c1)c1ccc(C(=O)NC(CC(=O)O)C(=O)O)cc1,CHEMBL275314
DEC_3023,decoy,COc1ccc(OC)c2c1C1CCC2[C@@H](N)C1,CHEMBL286226
DEC_0367,decoy,C[C@H](CCc1ncc[nH]1)C1CC[C@@]2(C)C3=C(CC[C@]12C)[C@@]1(C)CC[C@H](O)C(C)(C)C1CC3,CHEMBL9864
DEC_1999,decoy,COP(=O)(OC)OC(c1cccc(Br)c1)P(=O)(OC)OC,CHEMBL286846
DEC_0783,decoy,Brc1cnc(NC23CC4CC(CC(C4)C2)C3)nc1,CHEMBL278460
DEC_1019,decoy,O=C(c1ccc2oc(CN3CCCC[C@H]3Cn3cc(C(F)(F)F)ccc3=O)cc2c1)N1CCC(N2C(=O)OCc3ccccc32)CC1,CHEMBL283676
DEC_1597,decoy,CNC(=O)c1ccc(/C=C/C(=O)NCC(=O)N(C)c2ccc(C)c(COc3cccc4c3nc(N(C)C)n4C)c2C)cc1,CHEMBL240875
DEC_3090,decoy,CC(C)(C)/N=C(\NC#N)Nc1cccc(/C(=C\CCC(=O)O)c2cccnc2)c1,CHEMBL21072
DEC_2872,decoy,CCOc1ccc2c(c1)[C@@H](c1cc(OC)c(OC)c(OC)c1OCC(=O)O)N(CC(=O)O)[C@@H]2c1ccc2c(c1)OCO2,CHEMBL263723
DEC_3556,decoy,C/N=C(\S)N/N=C/C(C)=N/N/C(S)=N/C,CHEMBL29906
DEC_1637,decoy,CC(C)C(NC(=O)Cn1ccc2c(=O)n([C@H]3C[C@@H]3c3ccccc3)c(=O)[nH]c2c1=O)C(=O)C(F)(F)F,CHEMBL276181
DEC_1715,decoy,C=CCN1CCC23c4c5ccc(O)c4OC2[C@H](NC(=O)/C=C/C(=O)OC)CCC3(O)C1C5,CHEMBL423658
DEC_1015,decoy,C[C@@H]1CN(C2CCN(C(=O)c3ccc(Cl)c(Cl)c3)CC2)CCN1[C@@H](C)c1ccc(S(=O)(=O)c2ccc3c(c2)OCO3)cc1,CHEMBL110744
DEC_0235,decoy,Nc1nc(=O)n([C@@H]2O[C@@H](CO)C=C2F)cc1F,CHEMBL434589
DEC_0104,decoy,Nc1ncnc2nc(-c3ccc(N4CCC(CCOC5CCOCC5)CC4)nn3)cc(-c3cccc(Br)c3)c12,CHEMBL317711
DEC_2431,decoy,CC(C)(O)CC(=O)c1cc(C(C)(C)C)c2c(c1)C(C)(C)CCO2,CHEMBL274717
DEC_4200,decoy,Nc1ncc(Cc2ccc(O)c(O)c2)c(N)n1,CHEMBL279273
DEC_0538,decoy,O=S(=O)(CS(=O)(=O)C(F)(F)F)c1ccc(SC(F)(F)C(F)F)cc1,CHEMBL12617
DEC_0116,decoy,COc1cc2c(c(OC)c1OC)-c1ccc(SC)c(=O)cc1[C@@H](NC(=O)C13CCC(C)(C(=O)O1)C3(C)C)CC2,CHEMBL300878
DEC_3719,decoy,CC(C)[C@H](NC(=O)CCc1ccccc1)C(=O)N[C@@H](C)C(=O)NN(CC(=O)O)C(=O)[C@@H]1O[C@H]1C(=O)NCCc1ccccc1,CHEMBL289184
DEC_2343,decoy,CN(C)N=Nc1ccc2c(c1)C(=O)N(C)Cc1c(C(=O)OC(C)(C)C)ncn1-2,CHEMBL6407
DEC_2225,decoy,CC(NC(=O)C(=O)N/N=C1\C[C@H](c2ccccc2F)Nc2cc3c(cc21)OCO3)c1ccccc1,CHEMBL278893
DEC_2944,decoy,CC(Cc1c[nH]c2ccccc12)NC(=O)[C@H](CCCCN)N1C(=O)CC[C@@H](NC(=O)OC(C)(C)C)C(=O)N[C@H](Cc2ccccc2)C1=O,CHEMBL430640
DEC_1177,decoy,O=C(CN1C(=O)[C@@H](NC(=O)c2ccccc2)CN(C(=O)CCc2ccccc2)c2ccccc21)N[C@H]1CC(=O)OC1O,CHEMBL283789
DEC_1416,decoy,Nc1ncnc2c1ncn2[C@@H]1C[C@H](CO)[C@H]1CO,CHEMBL23571
DEC_0545,decoy,CN1CCN(C)C1c1ccc(N2CCN(c3ccc(C4N(C)CCN4C)cc3)CC2)cc1,CHEMBL290691
DEC_1297,decoy,Cc1cc(C(Cc2cc[n+]([O-])cc2)c2ccc(OC(F)F)c(OC(F)F)c2)ccc1C(O)(C(F)(F)F)C(F)(F)F,CHEMBL103635
DEC_2813,decoy,COc1cc2c(cc1OC)-c1cc(=Nc3c(C)cc(C)cc3C)n(C(C)C)c(=O)n1CC2,CHEMBL34261
DEC_1620,decoy,CC(C)c1nc2c(cnn2-c2ccccc2)c(-c2ccc(F)cc2)c1/C=C/[C@@H](O)C[C@@H](O)CC(=O)[O-].[Na+],CHEMBL23126
DEC_1441,decoy,O=NN(CCCl)C(=O)NC1(C(=O)O)CCCC1,CHEMBL12922
DEC_0782,decoy,C[C@H](N)Cc1c2c(c(C(F)(F)F)c3c1OCC3)OCC2.Cl,CHEMBL268542
DEC_4002,decoy,CC(C)(N)CC(=O)N[C@@H]1CSc2ccccc2N(Cc2ccc(-c3ccccc3-c3nn[nH]n3)cc2)C1=O,CHEMBL280146
DEC_3120,decoy,CC1(C)NC(=O)N(C[C@H](COc2ccc(-c3ccc(OC(F)(F)F)cc3)cc2)N(O)C=O)C1=O,CHEMBL41943
DEC_0026,decoy,COc1ccc(CCNCC(O)COc2ccc(-c3nc(C(C)(C)C)c[nH]3)cc2)cc1OC,CHEMBL11097
DEC_3153,decoy,Cc1nc(-c2ccc(F)cc2)sc1C(=O)N[C@H](C)[C@](O)(Cn1cncn1)c1ccc(F)cc1F,CHEMBL55892
DEC_4106,decoy,C=C1CCC2[C@](C)(CCC[C@]2(C)C(=O)OC)[C@H]1CCC12Cc3c(OC(C)=O)ccc(OC(C)=O)c3CC1O2,CHEMBL23985
DEC_3041,decoy,CC(Oc1ccccc1C(C)C)C1=NCCN1,CHEMBL266613
DEC_3427,decoy,C#CCN(c1ccc(C(=O)N[C@@H](CCc2nnn(CC(=O)O)n2)C(=O)O)cc1)C1CCc2cc3nc(C)nc(O)c3cc21,CHEMBL60700
DEC_2220,decoy,CCCN1CCN(C2=Nc3ccccc3CC=C2c2ccc(F)cc2)CC1.O=C(O)/C=C/C(=O)O,CHEMBL274248
DEC_2921,decoy,CC(C)[C@H]1C(=O)N[C@H](CO)Cc2cc(NC(=O)CCCCC(=O)Nc3ccc4c(c3)N(C)[C@@H](C(C)C)C(=O)N[C@H](CO)C4)ccc2N1C,CHEMBL335486
DEC_3136,decoy,Cc1cc(-c2ccc(C#N)cc2)sc1C(=O)N[C@H](C)[C@](O)(Cn1cncn1)c1ccc(F)cc1F,CHEMBL53647
ACT_026,active,CCCCNc1cc(C)nc2nc(Nc3cc(Cl)ccc3C)nn12,CHEMBL380589
DEC_1338,decoy,CC(C)(C)OC(=O)N[C@@H](Cc1c[nH]c2ccccc12)C(=O)NC1N=C(c2ccccc2)c2ccccc2NC1=O,CHEMBL73535
DEC_1292,decoy,C[C@H]1C[C@@]23O[C@]2(c2ccccc21)C1CC(OC(=O)[C@H](O)[C@@H](NC(=O)CCC2CCCC2)c2ccccc2)C3(C)C1(C)C,CHEMBL289017
DEC_3325,decoy,CCCCc1nc(CCCC)n(Cc2ccc(-n3c(-c4nn[nH]n4)ccc3C(F)(F)F)cc2)n1,CHEMBL12451
DEC_3675,decoy,COc1cc(/C(C)=N\O)ccc1OCCCN1CCC(c2noc3cc(F)ccc23)CC1,CHEMBL276799
DEC_0639,decoy,O=C(O)Cn1c(=O)c2cc([N+](=O)[O-])ccc2n(Cc2ccc(Br)cc2F)c1=O,CHEMBL37619
DEC_2946,decoy,CC(C)[C@H](NC(=O)C(=O)Nc1ccccc1Br)C(=O)N[C@@H](CC(=O)O)C(=O)COc1c(F)c(F)cc(F)c1F,CHEMBL327821
DEC_0996,decoy,C=C1[C@@H](OC(=O)/C=C/c2ccccc2)CC[C@@]2(C)[C@@H](OC(C)=O)[C@H](OC(C)=O)[C@@]34[C@H](C)C(=O)C[C@@H]([C@@H](OC(C)=O)C132)C4(C)C,CHEMBL329225
DEC_2395,decoy,CC(=O)NCC1CN(c2c(F)cc3c(=O)c(C(=O)O)cn(C4CC4)c3c2F)CCO1,CHEMBL30241
DEC_0008,decoy,CC1(C)CC1C(=O)N/C(=C\CCCCCC/C=C(\NC(=O)C1CC1(C)C)C(=O)O)C(=O)O,CHEMBL11961
DEC_2181,decoy,CCCCN(CC(=O)O)C(=O)C(CCCN=C(N)N)NS(=O)(=O)c1ccc2oc3ccccc3c2c1,CHEMBL282550
DEC_3534,decoy,COc1cccc(-c2n[nH]c(-c3cccc(C)c3)n2)c1,CHEMBL18514
DEC_2414,decoy,Cc1cc(C(c2ccc(C)c(C)c2)N2CCN(C)CC2)sn1,CHEMBL22942
DEC_2447,decoy,COC(=O)[C@@H](C)[C@H](O)[C@H](C)[C@H]1OC(=O)/C(OC)=C/C(C)=C/[C@@H](C)C(=O)[C@@H](C)C/C(C)=C/C=C/[C@@H]1OC,CHEMBL291450
DEC_3928,decoy,Cn1cncc1C(OCc1ccc(C#N)nc1N1CCN(C(=O)OC(C)(C)C)CC1)c1ccc(C#N)cc1,CHEMBL41518
DEC_1658,decoy,O=C(O)Cn1c(=O)c(=O)[nH]c2cc([N+](=O)[O-])c(-n3ccc(CNC(=O)CCc4ccccc4)c3)cc21,CHEMBL276709
DEC_0827,decoy,Cc1cc2c(s1)Nc1ccc(F)cc1N=C2N1CCN(C)CC1,CHEMBL273786
DEC_3282,decoy,CCc1nc2c(n1Cc1ccc(-n3cccc3-c3nn[nH]n3)cc1)/C(=C/C(=O)O)CCCC2,CHEMBL43540
DEC_3834,decoy,Cc1cc(CCCCCOc2c(Cl)cc(C3=NCCO3)cc2Cl)on1,CHEMBL6594
DEC_3192,decoy,Oc1ncncc1Oc1ccc(Cl)c(Cl)c1,CHEMBL8310
DEC_1406,decoy,CCCC(=O)c1c(-c2ccc(Cl)cc2)c(-c2ccc(Cl)cc2)nn(CCO)c1=O,CHEMBL30809
DEC_3002,decoy,CCN(CC)c1ccc2c(c1Cl)CN1CC(=O)NC1=N2,CHEMBL31491
DEC_1335,decoy,COC(=O)c1cccc(NC(=O)N[C@@H]2C[C@H](c3ccccc3)c3ccc(C)cc3N(CC(=O)NC(C)(C)C)C2=O)c1,CHEMBL298627
DEC_2807,decoy,CN(C)C[C@@H]1C[C@@H]2O[C@H]1n1c3ccccc3c3c4c(c5c6ccccc6n2c5c31)C(=O)NC4=O,CHEMBL290054
DEC_3519,decoy,CCCN(CCC)C1Cc2cc(O)c(OC)cc2C1,CHEMBL15989
DEC_1876,decoy,Cc1cc(-c2c(F)cc3c(=O)c(Cc4ccc(O)cc4O)cn(C4CC4)c3c2F)cc(C)n1,CHEMBL7877
DEC_2590,decoy,COc1ccc(CNc2nc(Cl)c(SC)c(N3CCN(C)CC3)n2)cc1,CHEMBL285682
DEC_3886,decoy,CC1(C)C2CC[C@@]1(CS(=O)(=O)N1CCC3(CCc4ccccc43)CC1)[C@@H](N1C(=O)CC(NCCO)C1=O)C2,CHEMBL283126
DEC_4149,decoy,CCN(CC)CCNCCNc1ccc2ncn3c4ccccc4c(=O)c1c23,CHEMBL7813
DEC_1979,decoy,CCCCc1nc(CCCC)n(Cc2ccc(-n3ccc(-c4nn[nH]n4)c3)cc2)n1,CHEMBL13071
DEC_2268,decoy,CCC(C)(C)/N=c1\c(O)c(O)\c1=N/Cc1c(C)cc(Br)cc1C,CHEMBL19620
DEC_3976,decoy,CCC[S+]([O-])c1cc(NC(Cc2ccc(NC(=O)c3c(Cl)cncc3Cl)cc2)C(=O)O)ncc1Cl,CHEMBL40400
DEC_3636,decoy,CCCCCCc1csc(-c2ccc(S(=O)(=O)Nc3ccc(CCNC[C@H](O)c4cccnc4)cc3)cc2)n1,CHEMBL291992
DEC_1180,decoy,Nc1ccc(CCn2ncc3c2nc(N)n2nc(-c4ccco4)nc32)cc1,CHEMBL22316
DEC_3446,decoy,COC(=O)c1ccc(C(=O)NC[C@H](C(=O)NO)N(Cc2ccc3c(c2)OCO3)S(=O)(=O)c2ccc(OC)cc2)cc1,CHEMBL65208
DEC_3864,decoy,Cc1cc(C(c2ccc(Oc3ccccc3)cc2)N2CCN(C)CC2)sn1,CHEMBL23008
DEC_3275,decoy,C[C@@H](O)[C@H]1C(=O)N2C(C(=O)O)=C(SC(=S)N(C)Cc3cccc4ccccc34)[C@H](C)[C@H]12,CHEMBL291151
DEC_1633,decoy,COc1cc(COc2ccc3c(c2)NCCN([C@@H](C(=O)NO)C(C)C)S3(=O)=O)cc(OC)c1,CHEMBL295710
DEC_3894,decoy,CC(=O)[O-].CCN1C(C)=CS/C1=C\C=c1/s/c(=C\c2sc3ccccc3[n+]2CC)n(CC)c1=O,CHEMBL284509
DEC_3010,decoy,CC(C)(C)C#CC1Cc2ccsc2C(N)=N1,CHEMBL8288
DEC_2744,decoy,CN(C)CCc1c[nH]c2cc3c(cc12)CCCO3,CHEMBL27156
DEC_3807,decoy,O=C(O)COCCCC[C@H]1[C@H](CNS(=O)(=O)c2ccc(Cl)cc2)C2CC1(c1ccc(F)cc1)CO2,CHEMBL269457
DEC_3537,decoy,CC(=O)OC(C)CCC12OO[C@@H](C=C1C)CC2(C)C,CHEMBL37249
DEC_2201,decoy,OC[C@@]1(CCc2ccccc2)CC2C3Cc4ccc(O)c5c4C2(CCN3CC2CCC2)C(O5)[C@@H]1O,CHEMBL9877
DEC_2303,decoy,Fc1ccc(-c2ncn(CCCN3CCOCC3)c2-c2ccncn2)cc1,CHEMBL279587
DEC_0146,decoy,COc1cccc2c1C(OP(=O)(Cc1cccc3ccccc13)OC1OC(=O)c3cccc(OC)c31)OC2=O,CHEMBL37523
DEC_4248,decoy,CS(=O)(=O)/C=C/C1=C(C(=O)O)N2C(=O)[C@@H](NC(=O)Cc3cccs3)[C@H]2SC1,CHEMBL295636
DEC_3680,decoy,CO[C@H]1[C@@H]2O[C@@H]2[C@@H](OCC23C[C@@H]4[C@H](C)CC[C@H]4C4(C=O)CC2C=C(C(C)C)C34C(=O)O)O[C@@H]1C,CHEMBL29128
DEC_1427,decoy,CN(C)c1ncnc2c1ncn2COCCO,CHEMBL289400
DEC_0296,decoy,O=C1OCCN1CCN1C(=O)c2cc([N+](=O)[O-])cc3cc([N+](=O)[O-])cc(c23)C1=O,CHEMBL20354
DEC_1669,decoy,CCOC(=O)/C=C/[C@H](CCC(N)=O)NC(=O)Cn1cccc(NC(=O)OCc2ccccc2)c1=O,CHEMBL290485
DEC_3067,decoy,CC(O)c1ccc(OCCCN2CCC(c3noc4cc(F)ccc34)CC2)c(O)c1,CHEMBL14219
DEC_0250,decoy,Cn1c(=O)c2nc(-c3ccoc3)[nH]c2n(C)c1=O,CHEMBL417607
DEC_3131,decoy,CC1(C)C2CCC1(CS(=O)(=O)N1CCC3(CCc4ccccc43)CC1)C(NC(=O)[C@@H]1CCCNC1)C2,CHEMBL282258
DEC_0175,decoy,C=CCS(=O)(=O)c1ccc2c(c1)CNCC2,CHEMBL280592
DEC_1843,decoy,Oc1cccc(-c2ccc3c(c2)C2(CCCCC2)C(S)=N3)c1,CHEMBL283337
DEC_3601,decoy,O=C1CCC(c2ccc(-n3ccnc3S)cc2)=NN1,CHEMBL30308
DEC_1434,decoy,O=NN(CCF)C(=O)NC1CCS(=O)(=O)CC1,CHEMBL12121
DEC_0945,decoy,O=C(O)CCC(=O)N[C@@H](CNC(=O)C1(NC(=O)OC2C3CC4CC(C3)CC2C4)Cc2ccccc2C1)c1ccccc1,CHEMBL434020
DEC_2625,decoy,C/C(=C\Cn1oc(=O)[nH]c1=O)c1cccc(OCc2noc(-c3ccccc3)n2)c1,CHEMBL7083
DEC_3654,decoy,Cc1cc(-c2noc(C(F)(F)F)n2)cc(C)c1OCCCc1cc(C[S+](C)[O-])no1,CHEMBL29421
DEC_1649,decoy,CC(C)C(NC(=O)Cn1c(-c2ccccc2)cc2c(=O)n(N(C)C)c(=O)[nH]c2c1=O)C(=O)C(F)(F)F,CHEMBL278912
DEC_1181,decoy,CC[C@@]1(O)C(=O)OCc2c1cc1n(c2=O)Cc2c-1nc1cnc(CN)cc1c2C,CHEMBL276460
DEC_0290,decoy,COC1=C(C)C(=O)c2c(c(COC(N)=O)c3n2CCC3OC(=O)CCl)C1=O,CHEMBL278250
DEC_3724,decoy,CC[C@@H](O)C[C@H](O)[C@H](CC1CCCCC1)NC(=O)CNC(=O)[C@H](Cc1ccccc1)NS(=O)(=O)N1CCOCC1,CHEMBL90683
DEC_1534,decoy,NS(=O)(=O)c1cc(N2CCN(CC(O)COc3cccc4c3SCC(=O)N4)CC2)ccc1Cl,CHEMBL40609
DEC_1758,decoy,C#CCN(Cc1ccc2nc(C)nc(O)c2c1)c1ccc(C(=O)NCC(=O)O)cc1,CHEMBL6560
DEC_1289,decoy,CO/N=C(\COCC1CCCCC1)C(CCN1CCC(O)(c2ccccc2)CC1)c1ccc(Cl)c(Cl)c1,CHEMBL32533
DEC_1595,decoy,CO[C@@H]1[C@@H](OC(=O)c2ccc(C)[nH]2)[C@@H](O)[C@H](Oc2ccc3c(N(C)CCN(C)C)cc(=O)oc3c2C)OC1(C)C,CHEMBL287166
DEC_0836,decoy,CCCn1c(=O)c2nc(/C=C/c3cc(OC)c(OC)cc3OC)[nH]c2n(CCC)c1=O,CHEMBL26837
DEC_1750,decoy,O=C1[C@@H](NS(=O)(=O)c2nc3cc(Cl)ccc3[nH]2)CCN1Cc1cc2c[nH]ccc-2n1,CHEMBL8216
DEC_1662,decoy,C[S+]([O-])CCN(N=O)C(=O)NCCCl.C[S+]([O-])CCNC(=O)N(CCCl)N=O,CHEMBL26268
DEC_0781,decoy,C[C@@H](N)Cc1c2c(c(C(F)(F)F)c3c1OCC3)OCC2.Cl,CHEMBL6452
DEC_2159,decoy,CC(C)CC(=O)N[C@@H](CC(C)C)C(=O)N[C@H](Cc1c[nH]c2ccccc12)C(=O)N[C@H](CC(=O)O)C(=O)O,CHEMBL281963
DEC_2567,decoy,CC(C)(C)n1cc(C(=O)O)c(=O)c2cc(F)c(N3CCNC(c4ccccc4)C3)nc21.CS(=O)(=O)O,CHEMBL421861
DEC_3286,decoy,CCOC(=O)c1cnc2ccc(C3(CCC(=O)NC(C)CC)CCC(=O)NC3=O)cc2c1O,CHEMBL22253
DEC_3486,decoy,CNC(=O)[C@@H](NC(=O)[C@H](CC(C)C)[C@H](C)C(=O)NO)C1CCCCC1,CHEMBL19932
DEC_2754,decoy,NC1=NC(c2ccc(F)cc2)Cc2c(F)cccc21,CHEMBL7969
DEC_1663,decoy,Nc1nc2c(cnn2CCCc2ccc(N(CCO)CCO)cc2)c2nc(-c3ccco3)nn12,CHEMBL278812
DEC_2380,decoy,CCCCc1c(O)n(Cc2ccc(F)cc2)c2nc3c(c(=O)n(C)c(=O)n3C)n2c1=O,CHEMBL269700
DEC_3954,decoy,CC(=O)NCCCCC1(C(=O)N[C@@H](Cc2ccc(NC(=O)c3c(Cl)cccc3Cl)cc2)C(=O)O)CCCC1,CHEMBL309320
DEC_2777,decoy,Oc1ccc(N(CCCl)CCCl)cc1,CHEMBL12995
DEC_1108,decoy,CSc1c(Cl)nc(N2CCN(C)CC2)nc1NC1CCCC1,CHEMBL284188
DEC_2074,decoy,C[C@@H](Cc1ccccc1)N(C)CC1OC(CC(=O)N[C@@H](CCC(=O)O)C(=O)O)C(O)C(O)C1O,CHEMBL288719
DEC_2347,decoy,Cc1cn(C2CC(N=[N+]=[N-])C(COP(=O)(O)C(F)(F)F)O2)c(=O)[nH]c1=O,CHEMBL287872
DEC_2810,decoy,Cc1nnc2n1-c1sc(C#Cc3cccc4ccccc34)cc1C(c1ccccc1Cl)=NC2,CHEMBL32110
DEC_3448,decoy,Cc1cccc(S(=O)(=O)N(C)[C@@H](CNC(=O)C[C@H]2CC(c3ccc(C(=N)N)cc3)=NO2)C(=O)O)c1.O=C(O)C(F)(F)F,CHEMBL279380
DEC_2147,decoy,Cc1cc(-n2ncc(=O)[nH]c2=O)ccc1S(=O)(=O)c1ccc(Br)cc1,CHEMBL418199
DEC_3135,decoy,Cc1c(C)c2c(c(C)c1O)CCC(C)(CN(C)CCOc1ccc(CC3SC(=O)NC3=O)cc1)O2,CHEMBL6432
DEC_2494,decoy,CC1CC(=O)NN=C1c1ccc2nc(C3CC3)n(Cc3ccc(-c4ccccc4-c4nn[nH]n4)cc3)c2c1,CHEMBL24224
DEC_2458,decoy,N#Cc1cc(-c2ccoc2)c2ccc(COc3cc(F)cc(C4(O)CC5COC(C4)O5)c3)cc2n1,CHEMBL22789
DEC_1027,decoy,C=C1[C@@H](OC(=O)/C=C/c2ccccc2)CC[C@@]2(C)[C@@H](OC(C)=O)[C@H](OC(C)=O)C3=C(C)[C@@H](OC(C)=O)C[C@@H]([C@@H](O)[C@H]12)C3(C)C,CHEMBL39025
DEC_0417,decoy,COC(=O)c1[nH]c(C(C)(C)C)cc1NC(=O)Nc1ccc(F)cc1,CHEMBL18771
DEC_0170,decoy,O=C1CCC(c2ccc(-n3ccnc3)cc2)=NN1,CHEMBL12831
DEC_0508,decoy,Nc1nc(O)c2c(n1)CCC2CCCc1ccc(C(=O)NC(CCC(=O)O)C(=O)O)cc1,CHEMBL42301
DEC_2392,decoy,O=c1[nH]c(=O)n(COCCO)cc1Cc1cccc(Oc2cccc(Cl)c2)c1,CHEMBL17986
DEC_3733,decoy,C[C@@H](O)[C@H]1C(=O)N2C(C(=O)O)=C(S[C@@H]3CN[C@H](COc4ccc(CN)cc4)C3)[C@H](C)[C@H]12,CHEMBL14057
DEC_3607,decoy,NCCCCCCN1CC2[C@@H](OCc3ccccc3)[C@H](OCc3ccccc3)C1CN2CCc1c[nH]c2ccccc12,CHEMBL45323
DEC_0202,decoy,OCC1C=CC(n2cnc3c(S)ncnc32)C1,CHEMBL289780
DEC_2758,decoy,NC1=NC(c2cccs2)Cc2ccccc21,CHEMBL8065
DEC_1909,decoy,Oc1ccc(Oc2nccc(-c3c(-c4ccc(F)cc4)ncn3C3CCNCC3)n2)cc1,CHEMBL14763
DEC_3468,decoy,CC(C)(C)NCC(O)COc1ccc(/C=C/CO)cc1Br,CHEMBL14241
DEC_4003,decoy,Cc1nn(-c2ccc(Cl)cc2)c(C)c1C(=O)N[C@H](C)[C@](O)(Cn1cncn1)c1ccc(F)cc1F,CHEMBL55208
DEC_1546,decoy,NS(=O)(=O)c1cc(C(=O)N2CCN(CC(O)COc3cccc4c3CCC(=O)N4)CC2)ccc1Cl,CHEMBL289592
DEC_4135,decoy,COCc1cc(CCCOc2c(C)cc(-c3noc(C4CC4)n3)cc2C)on1,CHEMBL30035
DEC_0150,decoy,COC(=O)[C@@H]1C(/C=N/c2cc(C)c(C)cc2N)=Cc2cc3c(cc2C1c1cc(OC)c(OC)c(OC)c1)OCO3,CHEMBL20862
DEC_3974,decoy,CCN(CC)Cc1cc(Nc2cc(C(F)(F)F)nc(/N=C(\N)Nc3ccc(C(=O)c4ccccc4)cc3)n2)ccc1O,CHEMBL281418
DEC_2536,decoy,COC1OC(C/N=C(/N)N=C(N)N)[C@@H](OCc2ccccc2)C(OCc2ccccc2)[C@H]1OCc1ccccc1,CHEMBL303372
DEC_4198,decoy,CCCCc1c(O)noc1CC(N)C(=O)O,CHEMBL10339
DEC_3449,decoy,CC(=O)N1CCN(C(=O)C(Cc2cccc(C(=N)N)c2)NS(=O)(=O)NCCc2cc3c(cc2[N+](=O)[O-])OCO3)CC1,CHEMBL58572
DEC_3622,decoy,CCc1cc(-c2ccc(F)cc2)c(O)cc1OCCCOc1ccc2c(=O)c3cc(C(=O)O)ccc3oc2c1CCC(=O)O,CHEMBL292782
DEC_3720,decoy,CC(C)[C@H](NC(=O)CCc1ccccc1)C(=O)N[C@@H](C)C(=O)NN(CC(=O)O)C(=O)[C@H]1O[C@@H]1C(=O)NCCc1ccccc1,CHEMBL288257
DEC_0078,decoy,CC(/C=C/C(O)=C1\C(=O)CN(C)C1=O)=C\C(C)C,CHEMBL274790
DEC_4136,decoy,CCCn1c(=O)c2nc(/C=C/c3cc(F)cc(F)c3)[nH]c2n(CCC)c1=O,CHEMBL27261
DEC_3349,decoy,CC(=O)c1c(-c2ccc(Cl)cc2)c(-c2ccc(Cl)cc2)nn(CCOC(=O)C(C)C)c1=O,CHEMBL286426
DEC_1964,decoy,C=CCCCCC(=O)O[C@H](CC=C(C)C)C1=CC(=O)c2c(O)ccc(O)c2C1=O,CHEMBL9320
DEC_1752,decoy,CNCCN(C)/C(S)=N/c1c(Cl)cccc1Cl.O=C(O)/C=C\C(=O)O,CHEMBL31958
DEC_0347,decoy,CCCC(=O)N[C@@H](c1ccncc1)[C@@H](O)C(=O)OC1CC2C(C)(C)C1(C)[C@@]13CC(C)c4ccccc4[C@@]21O3,CHEMBL30278
DEC_2332,decoy,CC(=O)c1cc2c(s1)[C@@H](NC(=O)c1ccc(F)c(F)c1)[C@H](O)C(C)(C)O2,CHEMBL29667
DEC_2003,decoy,COP(=O)(OC)C(O)(c1ccc(-c2ccccc2)cc1)P(=O)(OC)OC,CHEMBL33745
DEC_1383,decoy,CC(O)(c1ccc(Cl)cc1)C(O)(Cn1cncn1)c1ccc(Cl)cc1Cl,CHEMBL10324
DEC_1737,decoy,CNCc1ccc([C@H]2C[C@H](SC3=C(C(=O)O)N4C(=O)[C@H]([C@@H](C)O)[C@H]4[C@H]3C)CN2)cc1,CHEMBL279325
DEC_3358,decoy,COc1cc2c(Nc3c(F)cc(Br)cc3F)ncnc2cc1OCC1CCN(C)CC1,CHEMBL416191
DEC_4259,decoy,COC12[C@@H]3N[C@@H]3CN1C1=C(C(=O)C(N3CC3c3ccccc3)=C(C)C1=O)[C@@H]2COC(N)=O,CHEMBL32416
DEC_4031,decoy,O=S1(=O)N(CCN2CCC(Cc3c[nH]c4ccc(F)cc34)CC2)c2cccc3c2N1CCC3,CHEMBL274728
DEC_3498,decoy,O=P(O)(O)C(NCCc1ccccc1)c1cccc2nc(O)c(O)nc12,CHEMBL12256
DEC_1625,decoy,CC(C)C(NC(=O)Cn1ccc2c(=O)n(CC(=O)OC(C)(C)C)c(=O)[nH]c2c1=O)C(=O)C(F)(F)F,CHEMBL14176
DEC_0420,decoy,O=C(Nc1cccc(NC(=O)Nc2ccccn2)c1)Nc1ccccn1,CHEMBL276383
DEC_0115,decoy,C=C1[C@@H](OC(C)=O)CC[C@@]2(C)C[C@H](OC(C)=O)C3=C(C)C[C@H](OC(=O)[C@@H](C)CC)[C@@H]([C@@H](OC(C)=O)[C@H]12)C3(C)C,CHEMBL465852
DEC_0987,decoy,CC(=O)OCC(=O)[C@@]1(OC(=O)c2ccc(Br)o2)C(C)CC2C3CCC4=CC(=O)C=CC4(C)[C@@]3(Cl)C(Cl)CC21C,CHEMBL428185
DEC_0614,decoy,CCCc1cc(CCNC[C@@H](C)c2c(-c3cc(C)cc(C)c3)[nH]c3ccc(C(C)(C)C(=O)N4CC5CCC4CC5)cc23)ccn1,CHEMBL325417
ACT_065,active,N=C(N)NS(=O)(=O)C(F)(F)C(F)(F)C(F)(F)C(F)(F)C(F)(F)C(F)(F)C(F)(F)C(F)(F)F,CHEMBL52638
DEC_1227,decoy,CCOC(=O)Oc1ccc2cc(S(=O)(=O)C3SC(=O)NC3=O)ccc2c1,CHEMBL284459
DEC_2312,decoy,COc1ccc(C(F)(F)F)cc1N(C)Cc1cnc2nc(N)nc(N)c2c1C,CHEMBL23076
DEC_0875,decoy,c1ccc2nc(COc3ccc(-c4nnn(CCCCc5nnn[nH]5)n4)cc3)ccc2c1,CHEMBL19154
DEC_1368,decoy,CCCC(=O)N(Cc1c(C)cc(Cl)cc1Cl)c1c(NC(C)(C)CC)c(=O)c1=O,CHEMBL282250
ACT_061,active,COc1cc(C(=O)N2CC3(CC3)NC(=O)C2C)cc2nc(N[C@H](CF)c3cccc(Cl)c3)oc12,CHEMBL4114319
DEC_0440,decoy,Cn1c2ccnc(NCc3ccccn3)c2c2ncnc(N3CCN(CCc4ccc(F)c(F)c4)CC3)c21,CHEMBL281326
DEC_3156,decoy,C[Si](C)(C)OC(C#N)C12CC3CC(CC(C3)C1)C2,CHEMBL429382
DEC_2608,decoy,COc1cc2nc(-c3ccc(CP(=O)(OC)OC)cc3)nc(OC)c2cc1OC,CHEMBL32830
DEC_0351,decoy,CC(=O)Nc1ccn(C2OC(CO[Si](C)(C)C(C)(C)C)C(C#N)C2O[Si](C)(C)C(C)(C)C)c(=O)n1,CHEMBL49740
DEC_0615,decoy,CCc1cc(CCNC[C@@H](C)c2c(-c3cc(C)cc(C)c3)[nH]c3ccc(C(C)(C)C(=O)N4CC5CCC4CC5)cc23)ccn1,CHEMBL432450
DEC_4179,decoy,COc1ccc2c(c1O)-c1cccc3c1C(C2)N(CCOCCCl)CC3,CHEMBL7206
DEC_3373,decoy,COCc1ccc2c(c1)c1c3c(c4c5cc(COC)ccc5n5c4c1n2[C@H]1C[C@](O)(C(=O)OC)[C@]5(C)O1)CNC3=O,CHEMBL288817
DEC_0433,decoy,CCNC1CC(=O)N([C@H]2CC3CC[C@]2(CS(=O)(=O)N2CCC4(CCc5ccccc54)CC2)C3(C)C)C1=O,CHEMBL20126
DEC_3696,decoy,CCOC(=O)c1cnc2ccc(C3(CCC(=O)CCc4ccoc4)CCC(=O)NC3=O)cc2c1O,CHEMBL278810
DEC_3625,decoy,CC(C)=CCCC(C)C(C(=O)NC1CCCCC1)N(Cc1ccc2c(c1)OCO2)C(=O)c1ccc(CP(=O)(O)O)cc1,CHEMBL264748
ACT_012,active,CC[C@H](CC[C@@H](C)[C@H]1CC[C@H]2[C@@H]3CC=C4C[C@@H](O)CC[C@]4(C)[C@H]3CC[C@]12C)C(C)C,CHEMBL221542
DEC_3250,decoy,CCCc1ccc(C(c2ccns2)N2CCN(C)CC2)cc1,CHEMBL428857
DEC_3682,decoy,CO[C@H]1[C@H]2O[C@H]2[C@H](OCC23C[C@@H]4[C@H](C)CC[C@H]4C4(C=O)CC2C=C(C(C)C)C34C(=O)O)O[C@@H]1C,CHEMBL283401
DEC_2973,decoy,CN(C)CC[C@H]1CN(C)C(=S)c2cccnc2O1,CHEMBL25622
DEC_0855,decoy,CCc1cc(C(C)=O)c(O)cc1OCc1cccc(C(=O)NCCC(=O)O)n1,CHEMBL35970
DEC_0785,decoy,O=S1NC(Cc2coc3c(Cl)cc(Cl)cc23)=NO1,CHEMBL17375
DEC_4227,decoy,CN1CCN(Cc2ccc(-c3nc4c5cnn(CCc6ccccc6)c5nc(N)n4n3)o2)CC1,CHEMBL20795
DEC_0749,decoy,COc1ccc(Nc2cc(C(F)(F)F)nc(/N=C(\N)Nc3ccc(Cl)c(Cl)c3)n2)cc1CN(C)C,CHEMBL23829
DEC_3759,decoy,CN(CC1CCc2nc(N)nc(O)c2C1)c1ccc(C(=O)NC(CCC(=O)O)C(=O)O)cc1,CHEMBL22708
DEC_3502,decoy,C/N=C(/NC#N)Nc1cccc(/C(=C\CCCC(=O)O)c2cccnc2)c1,CHEMBL21960
DEC_0741,decoy,O=C(NC[C@@H]1Cc2ccccc2CN1C(=S)NC[C@H]1CCCN1Cc1ccsc1)Nc1ccccc1,CHEMBL40528
DEC_2213,decoy,CC(CCCCn1cnc2c1NC=NCC2O)(Cc1cccc(C(F)(F)F)c1)C(=O)O,CHEMBL291059
DEC_0416,decoy,COC(=O)c1[nH]c(C(C)(C)C)cc1NC(=O)Nc1ccccc1Cl,CHEMBL18770
DEC_0898,decoy,CCCCC[C@@H]1/C=C\C2[C@H](O)CC(=O)[C@@H]2CCCCCCC(=O)O1,CHEMBL12731
DEC_3940,decoy,CNC(=O)[C@@H](NC(=O)C(CCc1ccccc1)CP(=O)(O)Cc1ccc(Cc2cccc(C)c2)cc1)C(C)(C)C,CHEMBL308523
DEC_0108,decoy,CCCCc1nc2ccc(C3CC(c4cc(C)co4)=NO3)cc2c(=O)n1Cc1ccc(-c2ccccc2-c2nn[nH]n2)cc1,CHEMBL297583
ACT_088,active,CCOc1ccc(OCC)c(NC(=O)CCS(=O)(=O)c2ccc(Br)s2)c1,CHEMBL1424053
DEC_2346,decoy,Cc1cn(C2CC3OP(=O)(N(CCCl)CCCl)N(C)CC3O2)c(=O)[nH]c1=O,CHEMBL21613
DEC_2520,decoy,O=C(O)CC[C@H](NC(=O)Oc1ccc(COC(=O)Nc2ccccc2N(CCCl)CCCl)cc1)C(=O)O,CHEMBL295138
DEC_2529,decoy,CN(C)CCCNC(=O)c1cc(NC(=O)c2cc(NC(=O)c3cc(NC=O)cn3C)cn2C2CCCC2)cn1C,CHEMBL304723
DEC_3633,decoy,CC(Cc1c[nH]c2ccccc12)(CN(CCc1ccccc1)C(=O)CCC(=O)O)NC(=O)OC1[C@H]2C[C@@H]3C[C@@H](C[C@H]1C3)C2,CHEMBL445094
DEC_2615,decoy,COC(=O)c1c(NCc2ccc(-c3ccccc3-c3nn[nH]n3)cc2)cc(C)nc1C,CHEMBL285176
DEC_4223,decoy,CC[C@@]1(O)C(=O)OCc2c1cc1n(c2=O)Cc2cc3c(CNCCN(C)C)c(O)ccc3nc2-1,CHEMBL263974
DEC_3824,decoy,Cc1cc(C)cc(NC(=O)Cc2ccc(OC3(C(=O)N[C@H](CCC(=O)O)C(=O)O)CCCC3)cc2)c1,CHEMBL19041
DEC_0401,decoy,OC(CNC1CCc2[nH]c3ccccc3c2C1)c1cccc(Cl)c1,CHEMBL25615
DEC_0678,decoy,C=C(Cl)C(=O)N[C@@H]1CCC2(O)C3Cc4ccc(O)c5c4C2(CCN3CC2CC2)C1O5,CHEMBL282203
DEC_1031,decoy,CCCc1cc(=O)oc2c(C(=O)C(C)C(C)(C)O)c(O)c3c(c12)OC(C)(C)C=C3,CHEMBL266210
DEC_1531,decoy,CO[C@@]12C(COC(N)=O)C3=C(C(=O)C(C)=C(Nc4cccc(I)c4)C3=O)N1CC1NC12,CHEMBL73678
DEC_0149,decoy,CCO/C(O)=C1\C(C)=NC(C)=C(C(=O)OCCN2C(=O)c3ccccc3S2(=O)=O)C1c1cccc(Cl)c1Cl,CHEMBL78954
DEC_1370,decoy,Cc1cc(-c2c(F)cc3c(=O)c(Cc4ncc[nH]4)cn(C4CC4)c3c2F)cc(C)n1,CHEMBL8063
DEC_2542,decoy,CNC(=O)[C@H](Cc1ccccc1)NC(=O)[C@H](CC(C)C)NC(CCN1C(=O)c2cccc3cccc(c23)C1=O)[PH](=O)O,CHEMBL95170
DEC_3191,decoy,CCCc1cc2c(c(Br)c1O)CCO2,CHEMBL7477
DEC_1405,decoy,CCOc1ccccc1OCCN1CCC2(CC)c3cccc(O)c3CC1C2(C)C,CHEMBL284222
DEC_2709,decoy,CC(C)(C)OC(=O)CN(CCN(CC(=O)OC(C)(C)C)Cc1ccccc1O)Cc1ccccc1O,CHEMBL21047
DEC_3232,decoy,CN(C)c1ncnc2c1ncn2Cc1c(F)cccc1Cl,CHEMBL269381
DEC_1386,decoy,CN(C)CCCCn1c2ccccc2c2c3c(c4c5ccccc5cnc4c21)C(=O)NC3=O,CHEMBL283307
DEC_0868,decoy,NS(=O)(=O)c1nnc(NC(=O)CCCCC(F)(F)C(F)(F)F)s1,CHEMBL286004
DEC_1722,decoy,CC(C)C[C@@H](COC1CC(=O)N1)NC(=O)[C@@H](NC(=O)OC(C)(C)C)C(C)(C)C,CHEMBL32936
DEC_1717,decoy,CNC(=O)[C@@H](NC(=O)[C@H](CC(C)C)[C@@H](C(=O)NO)C1CCCCC1)C(C)(C)C,CHEMBL418028
DEC_0790,decoy,O=S1(=O)CCC(NC2c3ccccc3Oc3ccccc32)C1,CHEMBL20538
DEC_3435,decoy,CC(C)(C)OC(=O)N[C@@H](CCC(N)=O)C(=O)N[C@H](Cc1cn(C=O)c2ccccc12)C(=O)NCC(=O)OCc1ccccc1,CHEMBL291437
DEC_2900,decoy,c1ccc2c(CN3CCCNCCNCCCNCC3)cc(CN3CCCNCCNCCCNCC3)cc2c1,CHEMBL278202
DEC_0035,decoy,COc1cc(Cc2cnc(N)nc2N)cc(OCCCCCC(=O)O)c1Br,CHEMBL286400
DEC_3660,decoy,CCCCN(CC)c1nc(C)nc2c1nnn2-c1c(Br)cc(OC)cc1OC,CHEMBL9633
DEC_3831,decoy,COCc1cc(CCCOc2c(C)cc(-c3noc(C)n3)cc2C)on1,CHEMBL28714
DEC_3821,decoy,CCCCc1nc(Cl)c(CO)n1Cc1ccc(NC(=O)[C@H](c2ccccc2)n2cccc2C(=O)OC)cc1,CHEMBL297465
DEC_1905,decoy,CN(C)C1CCC(Nc2nc(Nc3ccc(Cl)c(Cl)c3)nc3ccccc23)CC1,CHEMBL31904
DEC_0306,decoy,CC1CC2C3CCC4=CC(=O)C=CC4(C)[C@@]3(Cl)C(Cl)CC2(C)[C@@]1(OC(=O)c1ccoc1)C(=O)CO,CHEMBL10669
DEC_2583,decoy,COc1cc([C@@H]2c3cc4c(cc3N[C@H]3COC(=O)N23)OCCO4)cc(OC)c1OC,CHEMBL8837
DEC_3039,decoy,O=NN(CCCl)C(=O)NC1C=CCCC1,CHEMBL274127
DEC_2983,decoy,CN(C)CCSc1nccc(-c2nccs2)n1,CHEMBL21894
DEC_2306,decoy,CC(C)=CC[C@@H](OC(=O)C=C(C)C)C1=CC(=O)c2c(O)ccc(O)c2C1=O,CHEMBL267024
DEC_3568,decoy,Oc1ccc2c(c1O)SCC[C@@H]2C1=NCCN1,CHEMBL34160
DEC_3608,decoy,COc1ccc(-c2nc(SCCCCCN(CCCn3ccnc3)C(=O)NC(C)C)[nH]c2-c2ccc(OC)cc2)cc1,CHEMBL50381
DEC_3872,decoy,CCOC(=O)C(/C=N/c1ccc(F)c(-c2cc(C)nc(C)c2)c1)=C(/O)OCC,CHEMBL286039
DEC_3783,decoy,COc1ccc(CCNCC(O)COc2ccc(CCc3nc(Br)c[nH]3)cc2)cc1OC,CHEMBL11112
DEC_1420,decoy,C=CCN1CCN(CC(C)C)C(C2=NCCN2)C1,CHEMBL290835
DEC_3331,decoy,CCCCc1cn(-c2ccccc2CC)c(=O)n1Cc1ccc(-c2ccccc2-c2nn[nH]n2)nc1,CHEMBL267809
DEC_1492,decoy,CCCSc1c2c(nc(N)n3nc(-c4ccco4)nc23)nn1C,CHEMBL280888
DEC_3532,decoy,Oc1cc2c(cc1Oc1ccccc1)OCC2,CHEMBL440452
DEC_2102,decoy,c1cc(N2CCCN(c3ccc(C4=NCCN4)cc3)CC2)ccc1C1=NCCN1,CHEMBL9185
DEC_2961,decoy,O=P1(N(CCCl)CCCl)NCCCO1,CHEMBL88
DEC_0299,decoy,Nc1nc2c(cnn2CCOCc2ccccc2)c2nc(-c3ccco3)nn12,CHEMBL17281
DEC_0376,decoy,CC(C)(C)c1cc(/C=C2\NC(=S)NC2=O)cc(C(C)(C)C)c1O,CHEMBL15945
DEC_1918,decoy,CCc1c(Sc2cc(Cl)cc(Cl)c2)n(COCCO)c(=O)[nH]c1=O,CHEMBL429778
DEC_1147,decoy,CC(C)CCN(C[C@@H](O)[C@@H]1Cc2ccc(cc2)OCCCC(=O)N[C@@H](C(C)C)C(=O)N1)S(=O)(=O)c1ccccc1,CHEMBL288010
DEC_0053,decoy,O=NN(CCF)C(=O)NC1C2CC3CC(C2)CC1C3,CHEMBL267546
DEC_0086,decoy,O=NN(CCCl)C(=O)NC12CC3CC(CC(C3)C1)C2,CHEMBL12701
DEC_0473,decoy,Nc1nc(O)c2ncn(CCCCCCCP(=O)(O)CP(=O)(O)O)c2n1,CHEMBL7247
DEC_0378,decoy,O=C1NC(=O)c2cc(NC3CCCCC3)c(NC3CCCCC3)cc21,CHEMBL266969
DEC_3128,decoy,CCCCc1nc2ccc(C(C)NC(C)=O)cc2c(=O)n1Cc1ccc(-c2ccccc2-c2nn[nH]n2)cc1,CHEMBL416714
DEC_2560,decoy,CO[C@H]1[C@H](O)[C@H]2[C@@H](O[C@@H]1CO)n1c3ccccc3c3c4c(c5c6ccccc6n2c5c31)C(=O)N(O)C4=O,CHEMBL281423
DEC_2897,decoy,CNC(=O)[C@@]12C[C@@H]1[C@@H](n1cnc3c(NCc4cccc(I)c4)nc(Cl)nc31)[C@H](O)[C@@H]2O,CHEMBL27376
DEC_2772,decoy,OCCC12NC(Cc3ccccc31)C1CCCCC12,CHEMBL9282
DEC_1802,decoy,CC(=O)NC1N=C(c2ccccc2)c2ccccc2N(CC(=O)N[C@@H](Cc2ccc(Cl)c(Cl)c2)C(N)=O)C1=O,CHEMBL24806
DEC_2503,decoy,CC(=O)NCC(=O)N(CCc1c[nH]c2ccccc12)CC(=O)N/C=C\c1c[nH]c2cc(OCc3ccccc3)ncc12,CHEMBL46309
DEC_0159,decoy,Nc1nc2ccnc(-c3cc[n+]([O-])cc3)n2n1,CHEMBL21490
DEC_3189,decoy,CC(C)(O)CC(=O)c1cc2c(c(C(C)(C)C)c1)OCCC2,CHEMBL15111
DEC_0807,decoy,O=S1NC(Cc2coc3ccc(Br)cc23)=NO1,CHEMBL17367
DEC_2399,decoy,O=C1Nc2ccc(F)c(F)c2C(C#Cc2ccoc2)(C(F)(F)F)O1,CHEMBL17608
DEC_1244,decoy,CCOC(=O)OCOC(=O)C1=C(S[C@@H]2CCO[C@@H]2CNC(=O)OC(C)OC(=O)C(C)C)[C@H](C)C2[C@@H]([C@@H](C)O)C(=O)N12,CHEMBL51555
DEC_2200,decoy,C=C(CC[C@H](O)[C@@]1(C)CC[C@H](C(C)(C)O)O1)[C@H]1CC[C@H]2O[C@@H]([C@]3(C)CCC(=O)O3)CC[C@]2(C)O1,CHEMBL280918
DEC_2438,decoy,COc1cc2c(c3cc(O)ccc3n2C)c2c(Cl)nccc12,CHEMBL430334
DEC_0003,decoy,O=C1NC(=O)C(c2cn(CCOCCOCCO)c3ccccc23)=C1c1c[nH]c2ccccc12,CHEMBL7417
DEC_1832,decoy,CC[C@@H]1C[C@H](CC)c2cc3c(C(F)(F)F)cc(O)nc3cc2N1,CHEMBL7383
DEC_0858,decoy,COc1cccc(Oc2cccc(Cc3cn(COCCO)c(=O)[nH]c3=O)c2)c1,CHEMBL17974
DEC_2665,decoy,Cc1ccc(C[C@@H](O)C[C@@H](Cc2ccccc2)C(=O)N[C@H]2c3ccccc3C[C@H]2O)c(C(=O)NC(C)(C)C)c1,CHEMBL58043
DEC_4082,decoy,COC1(OC)C=CC(C2(C3=CC=CC(OC)(OC)C3)Sc3ccccc3-n3c(CN(C)C)ccc32)=CC1,CHEMBL279886
DEC_1422,decoy,C=C(C)CN1CCN(CC(=C)C)C(C2=NCCN2)C1,CHEMBL290428
DEC_2516,decoy,CC(=O)N[C@@H](Cc1ccc(OP(=O)(O)O)cc1)C(=O)N[C@@H](CCC(=O)O)c1ncc(CC2CCCCC2)s1,CHEMBL77673
DEC_1461,decoy,N[P@]1(Cl)=NP(N2CC2)(N2CC2)=N[P@](N)(Cl)=N1,CHEMBL281247
DEC_2295,decoy,CS(=O)(=O)c1nc(-c2ccc(F)cc2)c(-c2ccc(C(F)(F)F)cc2)[nH]1,CHEMBL18551
DEC_0974,decoy,CC(C)(CC(=O)N[C@@H]1CCc2ccccc2N(Cc2ccc(-c3ccccc3-c3nn[nH]n3)cc2)C1=O)NC(=O)OC(C)(C)C,CHEMBL274865
DEC_3353,decoy,Cc1oc(-c2ccc(C(F)(F)F)cc2)nc1CCC(=O)c1ccc(CC2SC(=O)NC2=O)cc1,CHEMBL292656
DEC_3708,decoy,CCOC(=O)/C=C/[C@H](CCC(N)=O)NC(=O)[C@H](Cc1ccccc1)NC(=O)[C@H](CC(=O)O)NC(=O)OCc1ccccc1,CHEMBL96856
DEC_1410,decoy,O=C1NC(=O)c2c1c1c3ccccc3cnc1c1c2c2ccccc2n1CCCCO,CHEMBL21597
DEC_3112,decoy,CCCCc1nn(CC(F)(F)F)c(C(=O)O)c1Cc1ccc(-c2ccccc2-c2nn[nH]n2)cc1,CHEMBL281386
DEC_0407,decoy,O=C1NC(=O)C(c2c[nH]c3ccccc23)=C1c1c[nH]c2ccccc12,CHEMBL266487
DEC_2098,decoy,O=C(O)CNC(=O)CNC[C@H](Cc1ccccc1)NC(=O)CNC(=O)CCc1ccc(O)cc1,CHEMBL42697
DEC_3201,decoy,Cc1ccnc(NC23CC4CC(CC(C4)C2)C3)c1,CHEMBL19174
DEC_3987,decoy,Cc1noc(NS(=O)(=O)c2ccccc2-c2ccc(-c3ncco3)cc2CNCC(F)(F)F)c1C,CHEMBL29420
DEC_1517,decoy,CC(=O)NC1[C@@H](O)[C@@H](O)C(CO)O[C@H]1SC1CC(=O)N(c2ccc(C(=O)c3ccccc3)cc2)C1=O,CHEMBL296809
DEC_3770,decoy,CC(C)OC(=O)NC(Cc1ccc(NC(=O)c2cccc(NC3=NC(=O)CN3)c2)cc1)C(=O)O,CHEMBL37674
DEC_4235,decoy,CCc1cc2c(=O)n(N)c(SCCCN3CCN(c4ncccn4)CC3)nc2s1,CHEMBL416707
DEC_2183,decoy,CCCCN(CC(=O)O)C(=O)C(CCCN=C(N)N)NS(=O)(=O)c1ccc2c(c1)CCCC2,CHEMBL279248
DEC_1528,decoy,O=C(Nc1ccc(C[C@H](/N=c2/c(N3CCNCC3)c(O)c2=O)C(=O)O)cc1)c1c(Cl)cncc1Cl,CHEMBL9866
DEC_2972,decoy,CN(C)CC[C@@H]1CN(C)C(=S)c2cccnc2O1,CHEMBL24031
DEC_2671,decoy,Nc1ccc(C[C@H]2NC(=O)N([C@H](CC3CCCCC3)C(=O)N3CCC4(CCc5ccccc54)CC3)C2=O)cc1,CHEMBL68823
DEC_3981,decoy,CCOC(=O)N[C@@H](c1ccccc1)[C@@H](O)C(=O)OC1CC2C(C)(C)C1(C)[C@@]13C[C@H](C)c4ccccc4[C@@]21O3,CHEMBL431305
DEC_0477,decoy,C[C@@](O)(/C=C/[C@H]1CC=CC(=O)O1)[C@@H](C[C@@H](O)/C=C\C=C/C=C/CO)OP(=O)(O)O,CHEMBL17377
DEC_3925,decoy,Cn1c2cccc(C(N)=O)c2c2nc(CN3CCOCC3)nc(N3CCN(CCc4ccc(F)c(F)c4)CC3)c21,CHEMBL439727
DEC_1819,decoy,CC(C)(C)c1ccc(Sc2ccc(NC3=NCCN3)cc2)cc1,CHEMBL9558
DEC_0372,decoy,CCCCCC(=O)c1nn(-c2ccc(Cl)cc2Cl)c(-c2ccc(Cl)cc2)c1C,CHEMBL287609
DEC_1288,decoy,CN(C)C(=O)n1cc(/C(=N/OCC(=O)O)c2ccn3c2CS[C@@H]3c2cccnc2)c2ccc(-c3ccc(F)cc3)cc21,CHEMBL99773
DEC_2848,decoy,CSc1cnc(OCCOc2ncnc(NS(=O)(=O)c3ccc(C(C)(C)C)cc3)c2-c2ccc(C(=O)O)cc2)nc1,CHEMBL115871
DEC_4133,decoy,C(=C/COc1ccc(C2=NCCN2)cc1)\COc1ccc(C2=NCCN2)cc1,CHEMBL14660
DEC_0953,decoy,N[C@@H](Cc1cc(I)c(Oc2ccc(O)c(Cc3ccccn3)c2)c(I)c1)C(=O)O,CHEMBL115546
DEC_0574,decoy,CC(c1cc[n+]([O-])cc1)C(c1ccc(C(O)(C(F)(F)F)C(F)(F)F)cc1)c1ccc(OC(F)F)c(OC(F)F)c1,CHEMBL102784
DEC_1017,decoy,O=c1c2c(oc(O)c1C(c1cccc(NS(=O)(=O)c3ccc(I)cc3)c1)C1CC1)CCCCCC2,CHEMBL16351
DEC_1956,decoy,CCOc1ccc(Nc2nc(C#CC(C)(O)CC)nc3c2ncn3C(C)C)cc1,CHEMBL280623
DEC_3339,decoy,O=NN(CCCl)C(=O)NC1CCC(CC2CCC(NC(=O)N(CCCl)N=O)CC2)CC1,CHEMBL12409
DEC_1399,decoy,O=S1(=O)c2cccc3cccc(c23)N1CCCN1CCC(c2c[nH]c3ccccc23)CC1,CHEMBL281808
DEC_3507,decoy,S=C=Nc1cc(-c2ncon2)ccc1Cl,CHEMBL22169
DEC_0442,decoy,C[C@@H](n1cnc2cc(-c3ccc(F)cc3)sc2c1=O)[C@](O)(Cn1cncn1)c1ccc(F)cc1F,CHEMBL430751
DEC_0723,decoy,Fc1ccc(C2=CCc3ccccc3N=C2N2CCNCC2)cc1.O=C(O)/C=C/C(=O)O,CHEMBL16625
DEC_0620,decoy,CO/N=C(\COCc1ccc2sc(C)nc2c1)C(CCN1CCC(O)(c2ccccc2)CC1)c1ccc(Cl)c(Cl)c1,CHEMBL33046
DEC_3586,decoy,CCC(C)(C)/N=c1\c(O)c(O)\c1=N/c1ccc(C#N)cc1,CHEMBL18831
DEC_3891,decoy,COc1c(Br)c2c(c(OC)c1OC)C(=O)c1c(Br)c(OC)c(OC)c(OC)c1C2=O,CHEMBL58573
DEC_1109,decoy,CC(C)(C)Nc1nc(C(F)(F)F)nc2ccc(NC=O)cc12,CHEMBL16063
DEC_0270,decoy,O=C1C2C3C=CC(CCC3)C2C(=O)N1CCCCN1CCN(c2ncccn2)CC1,CHEMBL29307
DEC_0439,decoy,C=C(C#N)CN1C[C@H](OCC23C[C@@H]4[C@H](C)CC[C@H]4C4(C=O)CC2C=C(C(C)C)[C@@]34C(=O)O)OC[C@H]1C,CHEMBL282975
DEC_1395,decoy,O=C1NCCN1CCN1CCC(c2cn(-c3ccc(F)cc3)c3ccc(F)cc23)CC1,CHEMBL269679
DEC_2274,decoy,CCCc1cc(=O)oc2c3c(c4c(c12)OC(C)(C)C=C4)OC[C@H](C)[C@H]3O,CHEMBL269062
DEC_0037,decoy,C/C=C/c1ccc(OCC(=O)NCCCNC(=O)C2=CC(C)(C)NC2(C)C)c(OC)c1,CHEMBL15115
DEC_4250,decoy,COc1cccc2c1CC[C@H]1CN(CCn3c(=O)[nH]c4c(sc5ncncc54)c3=O)C[C@@H]21,CHEMBL288678
DEC_1166,decoy,COC(=O)C1(c2ccccc2)CCN(CCCNC(=O)N2C(=O)NC3=C(C(=O)OC3)C2c2ccc(F)c(F)c2)CC1,CHEMBL300222
DEC_0062,decoy,S=C=Nc1ccc(-c2noc(CCl)n2)cc1,CHEMBL21700
DEC_2548,decoy,CN[C@@H]1CC2O[C@@](C)([C@@H]1OC)n1c3ccc(O)cc3c3c4c(c5c6cc(O)ccc6n2c5c31)C(=O)OC4,CHEMBL55382
DEC_2471,decoy,COc1ccc2[nH]cc(C3=CCN(CCCN4c5cccc6cccc(c56)S4(=O)=O)CC3)c2c1,CHEMBL18212
DEC_0298,decoy,Cc1nsc(-c2ccc(N3CCN(c4cccc([N+](=O)[O-])c4)CC3)nn2)n1,CHEMBL14915
DEC_4016,decoy,CCN(CC)c1nc(NCCNC(=O)c2ccc(C(F)(F)F)cc2)c2ccccc2n1.O=C(O)C(=O)O,CHEMBL416529
DEC_0461,decoy,CC[C@@H]1CO[C@H]2[C@@H]1[C@H](O)[C@H](OCC13C[C@@H]4[C@H](C)CC[C@H]4C4(C=O)CC1C=C(C(C)C)C34C(=O)O)O[C@@H]2C,CHEMBL295550
DEC_2689,decoy,COc1cc(Nc2c(C#N)cnc3cc(OCCCN4CCN(C)CC4)c(OC)cc23)c(Cl)cc1Cl,CHEMBL288441
DEC_2601,decoy,COc1cc(OC)c(NN=C2CCC(C)n3c2ncc(C(=O)O)c3=O)cc1Cl,CHEMBL14630
DEC_2853,decoy,COc1ccccc1Oc1c(NS(=O)(=O)c2ccc(C(C)(C)C)cc2)nc(C)nc1OCCOC(=O)c1cccnc1,CHEMBL70781
DEC_2677,decoy,CC(=O)N[C@H](C(=O)N[C@@H](Cc1ccccc1)[C@H](O)CN1CC2CCCCC2C[C@H]1C(=O)NC(C)(C)C)C(C)C,CHEMBL72474
DEC_0927,decoy,CC(C)c1ccccc1Sc1c(O)cc(-c2ccc(C#N)cc2)oc1=O,CHEMBL12485
DEC_3236,decoy,CC(C)(C)c1cc(-c2nsc(O)n2)cc(C(C)(C)C)c1O,CHEMBL279308
DEC_3798,decoy,CC(C)CC(OP(=O)(O)C(Cc1ccccc1)NC(=O)OCc1ccccc1)C(=O)NC(C)C(=O)O,CHEMBL287732
DEC_2508,decoy,O=S(=O)(Nc1ccc(CCNC[C@H](O)c2cccnc2)cc1)c1ccc(-n2ncc(Cc3ccc(F)c(F)c3)n2)cc1,CHEMBL65513
DEC_0798,decoy,O=C1Nc2ccc(F)cc2C(C#Cc2ccccn2)(C(F)(F)F)O1,CHEMBL17156
DEC_1344,decoy,CC(C)S(=O)(=O)NC(=O)c1cccc(NC(=O)NC2N=C(C3CCCCC3)c3ccccc3N(C)C2=O)c1,CHEMBL75536
DEC_2387,decoy,C=CCNc1ccc(-c2ccc(N3CC(CNC(C)=O)OC3=O)cc2)ccc1=O,CHEMBL6519
DEC_0843,decoy,O=NN(CCCl)C(=O)NC1CCCCC1NC(=O)N(CCCl)N=O,CHEMBL267575
DEC_1073,decoy,FC(F)(F)c1cc(CO[C@H]2CCCN[C@H]2c2ccccc2)cc(C(F)(F)F)c1,CHEMBL27006
DEC_1935,decoy,CC(C)C1=CC2CC3(C=O)[C@@H]4CC[C@@H](C)[C@H]4CC2(CO[C@H]2CN[C@H](C)CO2)[C@]13C(=O)O,CHEMBL31670
DEC_3251,decoy,OC1CCCCC1N1CCC(O)(c2ccc(Cl)cc2)CC1,CHEMBL20657
DEC_0101,decoy,Nc1ncnc2c1ncn2C1COC(COP(=O)(OCC(Cl)(Cl)Cl)OCC(Cl)(Cl)Cl)C1,CHEMBL116652
DEC_2710,decoy,C=C(C)CN1C[C@H](OCC23C[C@@H]4[C@H](C)CC[C@H]4C4(C=O)CC2C=C(C(C)C)C34C(=O)O)O[C@H](C)[C@@H](OC)C1,CHEMBL265302
DEC_2934,decoy,CC(C)(C)NC(=O)C1CN(Cc2cc3cccnc3o2)CCN1CC(O)CC(Cc1ccccc1)C(=O)NC1c2ccccc2CC1O,CHEMBL324516
ACT_034,active,CCOc1ccccc1C(=O)N[C@]1(OC)C(=O)N2C(C(=O)OCc3ccc(C(=O)O)cc3)=C(CSc3nnnn3C)CO[C@@H]21,CHEMBL295221
DEC_3618,decoy,CCCCCCO[C@H]1[C@H](O)[C@H](OCC23C[C@@H]4[C@H](C)CC[C@H]4C4(C=O)CC2C=C(C(C)C)C34C(=O)O)O[C@H](C)[C@H]1OC,CHEMBL279848
DEC_1522,decoy,CO[C@@]12[C@H](COC(N)=O)C3=C(C(=O)C(CSc4ccccc4Br)=C(N)C3=O)N1C[C@@H]1N[C@@H]12,CHEMBL50043
DEC_2597,decoy,COc1cc2c(Nc3cc(O)c(C)cc3F)ncnc2cc1OCC1CCN(C)CC1,CHEMBL24625
ACT_090,active,Cc1cccc(C(F)(F)CNc2ccc(C#N)c(CC(=O)NCCONC(=N)N)c2F)n1,CHEMBL402758
DEC_1110,decoy,CC(C)=CC[C@@H](OC(=O)C(C)C)C1=CC(=O)c2c(O)ccc(O)c2C1=O,CHEMBL9416
DEC_2765,decoy,CC(C)(C)c1cc(CN)c(O)c(C(C)(C)C)c1,CHEMBL287297
DEC_3760,decoy,Nc1nc(O)c(CCCCc2ccc(C(=O)N[C@@H](CCC(=O)O)C(=O)O)cc2)c(O)n1,CHEMBL13681
DEC_2255,decoy,O=S(=O)(c1nc(-c2ccc(F)cc2)c(-c2ccc(F)cc2)[nH]1)C(F)F,CHEMBL17597
DEC_1371,decoy,Oc1ccccc1OCCCN1CCC(C(O)(c2ccc(F)cc2)c2ccc(F)cc2)CC1,CHEMBL17236
DEC_3777,decoy,CCN(CC)c1nc(NCCNC(=O)c2ccccc2)c2ccccc2n1.O=C(O)C(=O)O,CHEMBL14099
DEC_1463,decoy,CNc1nc(N2CCN(C)CC2)nc(Cl)c1Br,CHEMBL285326
DEC_0872,decoy,COc1cc2c(cc1OC)[C@]1(c3cc(OC)c(OC)c(OC)c3)OC[C@H](C2)[C@@H]1CO,CHEMBL18530
DEC_3673,decoy,COc1cccc2c1CCC[C@H]2CN(C)CCc1ccc2c(c1)N(S(=O)(=O)C(F)(F)F)CC2,CHEMBL9974
DEC_1880,decoy,CC1(C)N=C(N)N=C(N)N1c1cccc(COc2cc(Cl)c(Cl)cc2Cl)c1,CHEMBL282044
DEC_4225,decoy,Cc1sc2nc(SCCCN3CCN(c4ncccn4)CC3)n(N)c(=O)c2c1C,CHEMBL12177
DEC_3704,decoy,CCC(CC)C(=O)N[C@H](C(=O)N[C@@H](CC(=O)N1CCCC1)C(=O)N[C@@H](C)C(=O)N[C@@H](CC(C)C)C(=O)O)C(C)(C)C,CHEMBL101345
DEC_1138,decoy,CN1C=CCC(C(=O)NCC(OC(=O)C2N3C(=O)[C@@H](NC(=O)Cc4ccccc4)[C@H]3SC2(C)C)c2ccccc2)=C1,CHEMBL51718
DEC_2989,decoy,c1coc(-c2ncnc3c2ncn3C2CCOCC2)c1,CHEMBL28655
DEC_0925,decoy,Nc1nc(N)c2c(CNc3ccccc3Oc3ccccc3)coc2n1,CHEMBL23353
DEC_2728,decoy,COc1cc2c(c(OC)c1OC)-c1ccc(SC)c(=O)cc1C(NC(=O)N(CCCl)N=O)CC2,CHEMBL285684
DEC_1638,decoy,CC(C)c1nc2onc(-c3ccccc3)c2c(-c2ccc(F)cc2)c1/C=C/[C@@H](O)C[C@@H](O)CC(=O)[O-].[Na+],CHEMBL283867
DEC_2518,decoy,CC[C@@H](C(=O)NC(CC(=O)O)C(=O)CNCCc1ccccc1)n1cccc(NC(=O)c2ccc3ccccc3c2)c1=O,CHEMBL111965
DEC_1126,decoy,C[C@@H]1CN(CCCCc2ccc3c(c2)sc(=O)n3C)C[C@H](C)N1,CHEMBL280088
DEC_2307,decoy,CN1CCC23c4c5ccc(O)c4OC2[C@H]2OC[C@@]2(CCc2ccccc2)CC3C1C5,CHEMBL9190
DEC_3809,decoy,CCN(CC)Cc1cc(Nc2cc(C(F)(F)F)nc(/N=C(\N)Nc3ccc(OC)cc3)n2)ccc1O,CHEMBL22490
DEC_3731,decoy,C[C@@H](O)[C@H]1C(=O)N2C(C(=O)O)=C(S[C@@H]3CN[C@@H](c4ccc(C(N)CCO)cc4)C3)[C@H](C)[C@H]12,CHEMBL277601
DEC_0203,decoy,OC[C@@H]1C=C[C@H](n2cnc3ncnc(O)c32)O1,CHEMBL42533
DEC_0548,decoy,Cc1cc(C)c2c(c1)COP(=O)(OCC1C=CC(n3cc(C)c(=O)[nH]c3=O)O1)O2,CHEMBL31131
DEC_2139,decoy,COc1c(N2CC(C)NC(C)C2)c(F)c(N)c2c(=O)c(C(=O)O)cn(C3CC3)c12,CHEMBL15521
DEC_2676,decoy,CN(Cc1ccccc1)C(=O)[C@@H](Cc1ccccc1)NC(=O)C1CCC(O)CN1C(=O)c1c[nH]c2ccccc12,CHEMBL63471
DEC_1079,decoy,CC1OC(SCCC23C[C@H]4C[C@@H](C2)C[C@@H](C3)C4)C(O)C(O)C1O,CHEMBL274753
DEC_4255,decoy,CC(=O)OCC1=C(C(=O)OC(C)(C)C)N2C(=O)[C@@H](Nc3nc4cc[nH]cc-4n3)C2SC1,CHEMBL13672
ACT_039,active,F[B-](F)(F)F.OCCCCC[NH+]=c1cc(-c2ccccc2)oc2ccc(Cl)cc12,CHEMBL1418134
DEC_3765,decoy,CC1(C)C=C(C(=O)NCC(O)CNC(=O)C(C)(C)Oc2ccc(Cl)cc2)C(C)(C)N1,CHEMBL15482
DEC_0946,decoy,CCc1cc(Nc2cc(=O)n(CCCCN3CCC(O)(c4ccc(Cl)c(C(F)(F)F)c4)CC3)c(=O)[nH]2)ccc1C,CHEMBL327605
DEC_1783,decoy,CN(Cc1ccccc1)C(=O)[C@@H](Cc1c[nH]c2ccccc12)NC(=O)C1C[C@@H](O)CN1C(=O)c1cn(C)c2ccccc12,CHEMBL303890
DEC_0941,decoy,CN1CCN(Cc2cc(Nc3cc(C(F)(F)F)nc(/N=C(\N)Nc4ccc(Oc5ccccc5)cc4)n3)ccc2O)CC1,CHEMBL282900
DEC_3287,decoy,COc1ccc2c3c1OC1[C@H](O)[C@](CO)(CCCc4ccccc4)CC4C(C2)N(C)CCC341,CHEMBL9983
DEC_1789,decoy,CC(C)c1ccc(C(c2ccc([N+](C)(C)C)cc2)c2ccc(C(C)C)cc(=O)c2O)c(O)c(=O)c1.[I-],CHEMBL19586
DEC_0852,decoy,N=C(N)c1ccc(CCCn2ncc3c2nc(N)n2nc(-c4ccco4)nc32)cc1,CHEMBL281601
DEC_0487,decoy,O=C(NCCNCC(O)COc1cccc2c1OCCO2)c1ccc([N+](=O)[O-])cc1,CHEMBL30591
DEC_2289,decoy,Cc1cc(-n2ccc(=O)[nH]c2=O)cc(Cl)c1Sc1ccc(Cl)cc1,CHEMBL10830
DEC_1939,decoy,NS(=O)(=O)c1ccc(-c2nc(-c3ccc(F)cc3)c(-c3ccncc3)[nH]2)cc1,CHEMBL17210
DEC_0887,decoy,CCCCCc1cc(O)c2c(c1)OC(C)(C)[C@@H]1C[C@H](O)[C@H](C)CC21,CHEMBL10681
DEC_2699,decoy,COCCOC[C@H](CC1(C(=O)N[C@H]2CC[C@@H](C(=O)O)CC2)CCCC1)C(=O)Oc1ccc2c(c1)CCC2,CHEMBL35084
DEC_2439,decoy,COc1ccc([C@]23OC[C@H](Cc4cc5c(cc42)OCO5)[C@@H]3C)cc1OC,CHEMBL274285
DEC_3856,decoy,Nc1ccccc1OCCCN1CCC(c2noc3cc(F)ccc23)CC1,CHEMBL14538
DEC_2397,decoy,CSc1nnc(-c2nc(C(C)(C)C)c(O)c(C(C)(C)C)n2)s1,CHEMBL275188
DEC_0224,decoy,Nc1nc(O)c2ccn(C3C=CC(CO)C3)c2n1,CHEMBL23486
DEC_4188,decoy,C/C=C(\NC(=O)CCCNC(C)=O)C(=O)O,CHEMBL417795
DEC_0597,decoy,C=C(C)[C@@H]1CC[C@]2(COC(=O)CC(C)(C)CC(=O)O)CC[C@]3(C)[C@H](CC[C@@H]4[C@@]5(C)CCC(=O)C(C)(C)[C@@H]5CC[C@]43C)[C@@H]12,CHEMBL16738
DEC_0638,decoy,O=C1C2C(c3ccccc3)OC3(C(=O)c4ccccc4C3=O)C2C(=O)N1c1ccc2c(c1)OCO2,CHEMBL280838
DEC_2693,decoy,COc1ccc2c3c1OC1[C@H](O)[C@](CO)(CCCCc4ccccc4)CC4C(C2)N(CC2CCC2)CCC341,CHEMBL417604
DEC_4130,decoy,CCCc1cc(I)cc(CNCCCN(C)C)c1O,CHEMBL21615
DEC_1588,decoy,CO[C@@H]1[C@@H](OC(=O)c2ccc(C)[nH]2)[C@@H](O)[C@H](Oc2ccc3c(OCCN(C)C)c(Cl)c(=O)oc3c2C)OC1(C)C,CHEMBL95236
DEC_3653,decoy,CCN(C(=O)c1ccccc1CC(O)CCc1ccccc1C(=O)N(CCO)C1(CC)CCCC1)C(C)(C)c1ccccc1,CHEMBL274351
DEC_0901,decoy,CCC(C)(C)/N=c1\c(O)c(O)\c1=N/Cc1c(C)cc(C)cc1Cl,CHEMBL19799
DEC_0497,decoy,C/C=C/c1ccc(OCC(=O)NCCNC(=O)C2=CC(C)(C)NC2(C)C)c(OC)c1,CHEMBL15568
DEC_1665,decoy,CC(C)c1nc2cc(C(C)(C)C)nn2c(-c2ccc(F)cc2)c1/C=C/[C@@H](O)C[C@@H](O)CC(=O)[O-].[Na+],CHEMBL283119
DEC_1436,decoy,Nc1ncnc2c1ncn2CC/C=C/P(=O)(O)O,CHEMBL282207
DEC_1369,decoy,CN1CCC23c4c5ccc(O)c4OC2[C@H]2OC[C@@]2(CCCCc2ccccc2)CC3C1C5,CHEMBL9968
DEC_1102,decoy,CC(/N=c1\c(O)c(O)\c1=N/c1ccc(CC#N)cc1)C(C)(C)C,CHEMBL18859
DEC_0130,decoy,C=C(C)[C@H](C(=O)OC(C)(C)C)N1C(=O)/C(=C/c2ccc([N+](=O)[O-])cc2)[C@H]1SSc1nc2ccccc2s1,CHEMBL289944
DEC_1229,decoy,[N-]=[N+]=N[C@H]1C[C@H](n2ccc(=O)[nH]c2=O)O[C@@H]1COP(=O)(OC[C@H]1O[C@@H](n2ccc(=O)[nH]c2=O)C[C@@H]1N=[N+]=[N-])Oc1ccccc1,CHEMBL334828
DEC_0089,decoy,O=c1cc(C(F)(F)F)c2cc3c(cc2o1)NCCC3,CHEMBL268098
DEC_3246,decoy,CC(C)(C)c1cc(-c2nnc(NC#N)o2)cc(C(C)(C)C)c1O,CHEMBL16814
DEC_3979,decoy,C[C@H](NC(=O)CC(CC(=O)O)C(=O)O)[C@@H](Cc1ccc(Cl)c(Cl)c1)c1ccc(-c2ccccc2)c(F)c1,CHEMBL303794
DEC_3602,decoy,Cc1nc2n(c(=O)c1C(=O)O)C(C)CC/C2=N\O,CHEMBL36151
DEC_0582,decoy,Cc1cc(C)cc(-c2[nH]c3ccc(C(C)(C)C(=O)N4CC5CCC4CC5)cc3c2[C@H](C)CNCCc2cccn(C)c2=O)c1,CHEMBL313086
DEC_1718,decoy,CCCCc1ccc(Nc2nc(N)c3ccn(C4CC(CO)C(O)C4O)c3n2)cc1,CHEMBL279158
DEC_2993,decoy,CN1CC=C(c2c[nH]c3ccc([S+](C)[O-])cc23)CC1,CHEMBL28105
DEC_2784,decoy,C[C@@H]1CC[C@H]2[C@@H](C)[C@](O[Si](C)(C)C)(C(F)(F)F)O[C@@H]3O[C@]4(C)CC[C@@H]1C32OO4,CHEMBL9805
DEC_2496,decoy,NP(=O)(OCCC=O)N(CCCl)CCCl.O=P1(N(CCCl)CCCl)NC(O)CCO1,CHEMBL37163
DEC_0304,decoy,CCC1C(=O)N2C=CSC2=[N+](Cc2ccc(-c3ccccc3)cc2)C1=O,CHEMBL23149
DEC_1678,decoy,CN1C=CCC(C(=O)OCCOC(=O)C2N3C(=O)[C@@H](NC(=O)Cc4ccccc4)[C@H]3SC2(C)C)=C1,CHEMBL52177
DEC_0271,decoy,O=C1C2C3C=CC(C4CCC34)C2C(=O)N1CCCCN1CCN(c2ncccn2)CC1,CHEMBL282801
DEC_3302,decoy,O=C(C[C@@H](Cc1ccc(-c2cccc([N+](=O)[O-])c2)cc1)C(=O)N[C@H]1c2ccccc2C[C@H]1O)NO,CHEMBL8466
DEC_1078,decoy,CCc1cc(OCc2ccc(-c3ccccc3-c3nn[nH]n3)cc2)c2c(n1)CCCCC2,CHEMBL428711
DEC_2704,decoy,c1cc2c(NCCCN3CCN(CCCNc4nc5ccsc5n5cccc45)CC3)nc3ccsc3n2c1,CHEMBL305586
DEC_2486,decoy,O=C1NC(=O)C(CC#Cc2ccc(OC(F)(F)F)cc2)(S(=O)(=O)c2ccc(F)cc2)S1,CHEMBL275001
DEC_0862,decoy,C#CCN(Cc1ccc2nc(N)nc(O)c2c1)c1ccc(CCCC(=O)O)cc1,CHEMBL13679
DEC_0181,decoy,CC1OC(n2cnc3c(N)nccc32)CC1O,CHEMBL280856
DEC_2430,decoy,OC(c1ccc(Cl)cc1)(c1cncnc1)C1CC2CCC1C2,CHEMBL26207
DEC_3918,decoy,CCCCCN1CC[C@@H](N2CC(=O)N3[C@H](c4ccc5c(c4)OCO5)c4[nH]c5ccccc5c4C[C@@H]3C2=O)C1,CHEMBL33381
DEC_2117,decoy,CN1CC(=O)N2[C@H](c3ccc4c(c3)OCO4)c3[nH]c4ccccc4c3C[C@@H]2C1=O,CHEMBL779
DEC_1899,decoy,CCC(=O)OC(CC)c1nc2c(C(F)(F)F)cccc2c(O)c1C(=O)Nc1ccccn1,CHEMBL290581
DEC_2844,decoy,COc1ccc(C2(O)OC(=O)C(c3ccc4c(c3)OCO4)=C2Cc2cc(OC)c(OC)c(OCCCC(=O)O)c2)cc1,CHEMBL304762
DEC_3950,decoy,N#Cc1ccc(CC2(C(=O)N[C@@H](Cc3ccc(NC(=O)c4c(Cl)cccc4Cl)cc3)C(=O)O)CCCC2)cc1,CHEMBL310351
DEC_1198,decoy,CNC(=O)OC1CCn2c3c(c(COC(N)=O)c21)C(=O)C(OC)=C(C)C3=O,CHEMBL18408
DEC_1457,decoy,Nc1nc(S)c2ncn(C3CCC(CO)O3)c2n1,CHEMBL277608
DEC_4161,decoy,CNCCN(C)Cc1c2ccccc2c(CN(C)CCNC)c2ccccc12,CHEMBL28429
DEC_2663,decoy,O=C(O)[C@@H]1[C@@H](CC2CCNCC2)C(=O)N1C(=O)N1CCN(C(=O)c2ccc(CCCc3ccccc3)cc2)CC1,CHEMBL70703
DEC_1246,decoy,CCOC(=O)OCOC(=O)C1=C(S[C@@H]2CCO[C@@H]2CNC(=O)OC(C)OC(=O)C(C)(C)C)[C@H](C)C2[C@@H]([C@@H](C)O)C(=O)N12,CHEMBL301139
DEC_0229,decoy,O=C1NC(=O)[C@@]2(CCOc3ccc(F)cc32)N1,CHEMBL266497
DEC_2562,decoy,O=C(NO)[C@H]1Cc2ccccc2CN1S(=O)(=O)c1cc(Br)c(Br)s1,CHEMBL58933
DEC_4252,decoy,CC(C)=CCc1c(O)n(Cc2ccc(F)cc2)c2nc3c(n2c1=O)C(=O)N(C)CN3C,CHEMBL14066
DEC_2738,decoy,Clc1ccc(Cl)c(NC2=NCCN2)c1Cl,CHEMBL275119
DEC_4092,decoy,Cc1ccccc1-c1nc(N2CCN(CCc3ccc(F)c(F)c3)CC2)c2c(n1)c(C#N)c1n2CCCC1,CHEMBL27709
DEC_1287,decoy,Cc1ccc2cccc(OCc3c(C)ccc(N(C)C(=O)Cc4ccc(C(=O)c5ccc(Cl)nc5)n4C)c3C)c2n1,CHEMBL286710
DEC_4152,decoy,COc1ccc(Cn2cnc3c2C(OCc2cccc(C)c2)N(C)N(C)C=N3)cc1,CHEMBL9700
DEC_1824,decoy,CC[C@@H]1C[C@H](C)c2cc3c(C(F)(F)F)cc(O)nc3cc2N1,CHEMBL7373
DEC_0207,decoy,CCCC(C)C1(CC)C(=O)NC(=S)NC1=O,CHEMBL441
DEC_0533,decoy,Cc1cc(-c2noc(C(F)(F)F)n2)cc(C)c1OCCCc1cc(CO)no1,CHEMBL29893
DEC_3734,decoy,C[C@@H](O)[C@H]1C(=O)N2C(C(=O)O)=C(S[C@@H]3CN[C@@H](c4ccc(CNCCO)cc4)C3)[C@H](C)[C@H]12,CHEMBL277773
DEC_1580,decoy,CN(C)Cc1ccc(NC2C(=O)C(Br)C(Nc3ccc(CN(C)C)cc3)C(=O)C2Br)cc1,CHEMBL301727
DEC_0491,decoy,Cc1nc2ccc(CN(C)c3ccc(C(=O)N[C@@H](CCC(=O)O)C(=O)O)cn3)cc2c(=O)[nH]1,CHEMBL290930
DEC_2860,decoy,COC(=O)[C@@H]1C(/C=N/c2cc(OC)c(OC)c(OC)c2)=Cc2cc3c(cc2C1c1cc(OC)c(OC)c(OC)c1)OCO3,CHEMBL283751
ACT_063,active,O=C1Cn2c(Cl)cnc(c2=O)N[C@@H](Cc2ccccc2)CNCCCCCOc2ccccc2CN1,CHEMBL329266
DEC_1772,decoy,CSc1ccc2c(c1Cl)CN(S(=O)(=O)NS(=O)(=O)N1CCc3ccc(SC)c(Cl)c3C1)CC2,CHEMBL20516
DEC_2055,decoy,Cc1ccccc1S(=O)(=O)N[C@@H](CNC(=O)CC1CC(c2ccc(C(=N)N)cc2)=NO1)C(=O)O.O=C(O)C(F)(F)F,CHEMBL435942
DEC_0309,decoy,COc1cc(Nc2c(C#N)cnc3cc(OCC4CCCN(C)C4)c(OC)cc23)c(Cl)cc1Cl,CHEMBL40557
DEC_1704,decoy,COc1ccc(S(N)(=O)=O)cc1C(=O)N1CCN(Cc2cc(OC)c(OC)c(OC)c2)CC1,CHEMBL54215
DEC_3305,decoy,CCCn1c(=O)c2nc(-c3cc(NC(=O)Nc4ccc(OC)cc4)nn3C)[nH]c2n(CCC)c1=O,CHEMBL286102
DEC_1260,decoy,CCOC(=O)OCOC(=O)C1=C(S[C@@H]2CCO[C@@H]2CNC(=O)OCOC(=O)c2ccccc2)[C@H](C)C2[C@@H]([C@@H](C)O)C(=O)N12,CHEMBL52976
DEC_2318,decoy,O=C1NC(=O)C(CC#Cc2ccc(Cl)cc2)(Sc2ccccn2)S1,CHEMBL418709
DEC_1958,decoy,Cc1nc2c(n1Cc1ccc(-n3cccc3-c3nn[nH]n3)cc1)/C(=C/C(=O)O)CCCC2,CHEMBL297637
DEC_3288,decoy,CCCCNC(=O)CCC1(c2ccc3ncc(C(=O)OCC)c(O)c3c2)CCC(=O)NC1=O,CHEMBL22691
DEC_0052,decoy,CCN(C)CC#CCCC1SCCCS1,CHEMBL290505
DEC_1929,decoy,OC(c1ccc(Cl)cc1)C(O)(Cn1cncn1)c1ccc(Cl)cc1Cl,CHEMBL10311
DEC_0524,decoy,CN(C)P1(N(C)C)=N[P@@](N(C)C)(N2CC2)=N[P@](N(C)C)(N2CC2)=N1,CHEMBL281679
DEC_2571,decoy,CC(C)(C)OC(=O)N[C@H](Cc1cc(I)c(O)c(I)c1)C(=O)O,CHEMBL310394
DEC_2619,decoy,COc1cc([C@@H]2c3cc4c(cc3[C@@H]3OC[C@H]2[C@@H]3CO)OCO4)cc(OC)c1OC,CHEMBL279124
DEC_1482,decoy,CN1CCN(c2cc3c(cc2F)n2c(=O)[nH]c(=O)cc2n3C2CC2)CC1,CHEMBL28780
DEC_1462,decoy,Oc1cc(/C=C/C(Br)Br)nc(O)n1,CHEMBL22192
DEC_2789,decoy,FC(F)(F)COc1nc(C(Cl)(Cl)Cl)c(Cl)c(OCC(F)(F)F)c1Cl,CHEMBL11278
DEC_1838,decoy,CC(C)(c1cc(O)ccc1F)C(C)(C)c1cc(O)ccc1F,CHEMBL23839
DEC_2951,decoy,O=C(O)c1cc(F)c(CCNC(=O)[C@H](CC(F)F)NC(=O)[C@@H]2C[C@@H](c3ccccc3)CN2C(=O)[C@H](O)c2ccccc2)c(F)c1,CHEMBL430270
DEC_1204,decoy,COc1cc(OC)cc(N2C3CCC2CC(c2cnc(N)nc2N)C3)c1,CHEMBL30938
DEC_0079,decoy,CC12C=CC3=C4COC(=O)C=C4CCC3C1CC[C@]2(C)O,CHEMBL276546
DEC_1583,decoy,C[C@@H](O)CNC1CC(=O)N([C@H]2CC3CC[C@]2(CS(=O)(=O)N2CCC4(CCc5ccccc54)CC2)C3(C)C)C1=O,CHEMBL279281
DEC_3202,decoy,O=C(O)C1=Cc2sc(CCn3ccnc3)cc2CC1,CHEMBL23062
DEC_3921,decoy,COC(=O)C(C)NP(=O)(OCC1C=CC(n2cc(C)c(=O)[nH]c2=O)O1)Oc1cc(Cl)cc(Cl)c1,CHEMBL295461
DEC_2243,decoy,O=C(O)Cc1ccc(Oc2nccc(-c3c(-c4ccc(F)cc4)ncn3C3CCNCC3)n2)cc1,CHEMBL273525
DEC_0879,decoy,CC1=C(/C=C/C(C)=C/C=C/C(C)=C/c2nn[nH]n2)C(C)(C)CCC1,CHEMBL7395
DEC_3289,decoy,Cc1cc(C)c(S(=O)(=O)N/N=C/c2cc3c(cc2[N+](=O)[O-])NC(CNC(C)C)CC3)c(C)c1,CHEMBL44393
DEC_4089,decoy,CC(C)c1ccc(N2CNC(=O)C23CCN(CCCN(c2ccc(F)cc2)c2ccc(F)cc2)CC3)cc1,CHEMBL50199
DEC_1219,decoy,CC1(C)Oc2cc([N+](=O)[O-])sc2[C@@H](NC(=O)c2ccc([N+](=O)[O-])cc2)[C@@H]1O,CHEMBL433224
DEC_3694,decoy,Cc1noc(NS(=O)(=O)c2ccccc2-c2ccc(-c3ncco3)cc2Cn2ccnc2)c1C,CHEMBL30009
DEC_1446,decoy,COC(=N)c1cn(COCCO)c2ncnc(N)c12,CHEMBL30711
DEC_3992,decoy,Cc1sc(-c2ccc(Cl)cc2)nc1C(=O)N[C@H](C)[C@](O)(Cn1cncn1)c1ccc(F)cc1F,CHEMBL55474
DEC_3863,decoy,COc1ccc(-c2csc3c2-n2cccc2/C3=N/OCCCN(C)C)cc1,CHEMBL32179
DEC_1262,decoy,CN(CC#CCCC1(C2(O)c3ccccc3Sc3ccccc32)SCCCS1)CCCc1ccccc1,CHEMBL287759
DEC_1314,decoy,CN1CCN(Cc2cc(Nc3cc(C(F)(F)F)nc(/N=C(\N)Nc4ccc(C(F)(F)F)cc4)n3)ccc2O)CC1,CHEMBL433425
DEC_3313,decoy,C[Si](C)(C)CCOC(=O)C1C2CC(=O)C(c3cc(O)ccc32)C1NC(=O)NCc1cccnc1,CHEMBL429564
DEC_2107,decoy,CCc1c2c(nc3cnc(CN)cc13)-c1cc3c(c(=O)n1C2)COC(=O)[C@]3(O)CC,CHEMBL13848
DEC_1730,decoy,C#CCN(Cc1ccc2nc(N)nc(O)c2c1)c1ccc(C(=O)NCC(=O)O)cc1,CHEMBL443473
DEC_0509,decoy,O=C(NCCNCC(O)COc1ccccc1I)c1ccco1,CHEMBL33858
DEC_4206,decoy,CC(C)N(C)C(=O)N1C[C@H](N)[C@H](C(=O)O)C1,CHEMBL19296
DEC_3838,decoy,Cc1ccccc1-c1nnc(/N=C/Nc2nnc(-c3ccccc3C)s2)s1,CHEMBL276619
DEC_3736,decoy,CCCCCOc1ccc(/C=C(\C)C(=O)N[C@@H]2[C@H](O)[C@@H](O)[C@H]3OCO[C@H]3[C@@H]2O)cc1O,CHEMBL38840
DEC_3151,decoy,CCS(=O)(=O)c1ccc2c(c1)/C(=C/c1[nH]c3c(c1CCCN1CCC(O)CC1)CCCC3)C(=O)N2,CHEMBL298566
DEC_1123,decoy,CC(C)CSCC1CC(n2cnc3c(N)nccc32)C(O)C1O,CHEMBL13607
DEC_4137,decoy,CC1CCN(CCCCCN2c3cccc4cccc(c34)S2(=O)=O)CC1,CHEMBL12656
DEC_3207,decoy,CC(C)(C)c1cc(/C=C/c2nnc(O)o2)cc(C(C)(C)C)c1O,CHEMBL12395
DEC_3218,decoy,C[C@H](Sc1nc(N)cc(Cl)n1)c1cc2ccoc2cn1,CHEMBL280541
DEC_0995,decoy,CC1(C)COC(=O)CCCCCCCCC(=O)c2cccc(c2)C(CCc2ccccc2)OC(=O)[C@@H]2CCCCN2C(=O)C1=O,CHEMBL323633
DEC_1980,decoy,CCCCc1nn(CC)c(CO)c1Cc1ccc(-c2ccccc2-c2nn[nH]n2)cc1,CHEMBL280412
DEC_1293,decoy,CNC(=O)c1ccc(/C=C/C(=O)NCC(=O)N(C)c2ccc(Cl)c(COc3cccc4ccc(C)nc34)c2Cl)cc1,CHEMBL439737
DEC_3597,decoy,CCc1cc(Cc2cnc(N)nc2N)cc(C)c1O,CHEMBL24430
DEC_3372,decoy,CN(C)Cc1n[nH]nc1CN1CCOC2(CCC(c3ccccc3OC(F)(F)F)CO2)C1c1ccc(F)cc1,CHEMBL85626
DEC_0186,decoy,Nc1nc2ccnc(-c3cccc(C=O)c3)n2n1,CHEMBL280169
DEC_0460,decoy,C=CCN1C[C@H](OCC23C[C@@H]4[C@H](C)CC[C@H]4C4(C=O)CC2C=C(C(C)C)C34C(=O)O)O[C@H](C)[C@@H](OC)C1,CHEMBL49798
DEC_2957,decoy,C=C(Br)S(=O)(=O)OCCCl,CHEMBL17255
DEC_1982,decoy,CN(C)CCN(C)Cc1c2ccccc2c(CN(C)CCN(C)C)c2ccccc12,CHEMBL27871
DEC_2356,decoy,CCCn1c(=O)c2nc(/C=C/c3ccc(OC)c(OC)c3)[nH]c2n(CCC)c1=O,CHEMBL27496
DEC_0681,decoy,C/C=C(/C)C(=O)O[C@@]12C[C@@H](C)[C@]3(O)C4C=C(C)C(=O)[C@@]4(O)CC(CO)=C[C@H]3[C@@H]1C2(C)C,CHEMBL415108
DEC_1472,decoy,Nc1nc(N)c2nc(Sc3ccc(Cl)c(Cl)c3)cnc2n1,CHEMBL6544
DEC_0493,decoy,O=C(O)CC[C@H](NC(=O)Oc1ccc(N(CCCl)CCCl)cc1)C(=O)O,CHEMBL12830
DEC_2158,decoy,CCOC(=O)C[C@H](O)[C@H](CCCN)NC(=O)[C@@H](NC(=O)[C@@H](NC(=O)CC(C)C)C(C)C)C(C)C,CHEMBL39027
DEC_1771,decoy,CN1CCN(Cc2cccc(C(=O)OCC(=O)[C@@]3(O)CCC4C5CCC6=CC(=O)CCC6(C)C5C(O)CC43C)c2)CC1,CHEMBL309509
DEC_3393,decoy,O=C(c1cc(C(F)(F)F)cc(C(F)(F)F)c1)N1CCC2(CC1)NC(=O)N(Cc1ccc3c(c1)OCO3)C2=O,CHEMBL84761
DEC_1835,decoy,CC[C@@H]1CCc2cc3c(C(F)(F)F)cc(O)nc3cc2N1,CHEMBL7177
DEC_1877,decoy,CC(=O)OC1=C(Sc2ccccc2)C[C@H]2Cc3cc4cccc(O)c4c(O)c3C(=O)[C@H]2C1,CHEMBL30248
DEC_1602,decoy,COc1ccc(C[C@H]2NC(=O)/C=C/C[C@@H]([C@H](C)C3OC3c3ccccc3)OC(=O)[C@H](CC(C)C)OCCNC2=O)cc1,CHEMBL299311
DEC_1020,decoy,COc1cc(OC2CCN(C3CCCc4c3ccc[n+]4[O-])CC2)c(F)cc1C(=O)N1CCC(N2C(=O)OCc3ccccc32)CC1,CHEMBL66992
DEC_2790,decoy,OC1(C2(CCC#CCN3CCCCC3)SCCCS2)c2ccccc2Oc2ccccc21,CHEMBL40355
DEC_1985,decoy,COc1cccc(-c2cc(C#N)ccc2COC(c2ccc(C#N)cc2)c2cncn2C)c1,CHEMBL43455
DEC_1096,decoy,[O-][n+]1cncc(C(O)(c2ccc(Cl)cc2)c2ccc(Cl)cc2)c1,CHEMBL29867
DEC_2836,decoy,CSc1cnc(OCCOc2ncnc(NS(=O)(=O)c3ccc(C(C)(C)C)cc3)c2-c2ccc3c(c2)OCO3)nc1,CHEMBL325511
DEC_3092,decoy,Cc1cc(OCc2ccc(-c3ccccc3-c3nn[nH]n3)cc2)c(C(=O)O)c(C)n1,CHEMBL25220
DEC_0531,decoy,Cn1c2ccnc(Cl)c2c2ncnc(N3CCN(CCc4ccc(F)c(F)c4)CC3)c21,CHEMBL27415
DEC_2554,decoy,COC(=O)[C@@]1(O)CC2O[C@]1(C)n1c3ccc(CO)cc3c3c4c(c5c6cc(CO)ccc6n2c5c31)C(=O)NC4,CHEMBL53839
DEC_0382,decoy,Cc1c2ccnc(NCCN(C)C)c2cc2c1[nH]c1ccc(O)cc12,CHEMBL431491
DEC_1791,decoy,CC(C)(C)NC(=O)[C@@H]1C[C@@H]2CCCC[C@@H]2CN1C[C@@H](O)[C@H](Cc1ccccc1)NC(=O)O[C@H]1CCS(=O)(=O)C1,CHEMBL273317
DEC_0365,decoy,CC/C(=C(\Cc1ccccc1)c1ccccc1)c1ccc(OCN2CCCCC2)cc1,CHEMBL11283
DEC_3190,decoy,CCc1noc2c(Cl)c3c(cc12)CC(C(=O)O)O3,CHEMBL267652
DEC_3351,decoy,COc1cc2c(Nc3cc(OC)c(OC)c(OC)c3)c(C#N)cnc2cc1OCC1CCN(C)CC1,CHEMBL440847
DEC_1572,decoy,CN(C)CCSC1CC(=O)N([C@H]2CC3CC[C@]2(CS(=O)(=O)N2CCC4(CCc5ccccc54)CC2)C3(C)C)C1=O,CHEMBL20319
DEC_2163,decoy,CC(=O)N[C@@H](CCC(=O)NC(CSCc1ccc(Br)cc1)C(=O)NCC(=O)O)C(=O)O,CHEMBL281927
ACT_057,active,NC(=O)c1ccc(/C=C2/CCCC/C(=C/c3ccc(C(N)=O)cc3)C2=O)cc1,CHEMBL150138
DEC_2157,decoy,CCCCCN(C)C(=O)[C@H](CCC(=O)O)NC(=O)[C@H](Cc1ccc(OP(=O)(O)O)cc1)NC(C)=O,CHEMBL293817
DEC_1173,decoy,O=C(O)[C@@H]1[C@@H](CC2CCNCC2)C(=O)N1C(=O)N1CCN(C(=O)CCCc2nc(-c3ccc(Cl)cc3)no2)CC1,CHEMBL70766
DEC_0549,decoy,Cn1c2cccnc2c2ncnc(N3CCN(CCc4ccc(F)c(F)c4)CC3)c21,CHEMBL282365
DEC_2808,decoy,Clc1ccc(CC2COC(Cn3ccnc3)(c3ccc(Cl)cc3Cl)O2)cc1,CHEMBL29131
DEC_0881,decoy,CCCC1(CCC)C(=O)C(C(=O)C(C)C)=C(O)C(C(=O)C(C)C)=C1O,CHEMBL20022
DEC_2394,decoy,CCCn1c(=O)c2c(nc(/C=C/c3cccc([N+](=O)[O-])c3)n2C)n(CCC)c1=O,CHEMBL26938
DEC_2481,decoy,C[C@@H]1CCC2[C@@H](C)[C@H](OC(CCC(=O)O)c3ccc(F)cc3)O[C@@H]3OC4(C)CC[C@@H]1C23OO4,CHEMBL289461
DEC_3555,decoy,OB(O)c1cc(C(F)(F)F)cc(C(F)(F)F)c1,CHEMBL280087
DEC_4187,decoy,CC1(C)S[C@@H]2[C@H](CO)C(=O)N2[C@H]1C(=O)O,CHEMBL25613
DEC_1886,decoy,Cn1cncc1C(N)(c1ccc(Cl)cc1)c1ccc2nc(O)cc(-c3cccc(Cl)c3)c2c1,CHEMBL288853
DEC_2761,decoy,CCN(CC)c1ccc(Nn2c(C)ccc2C)nn1,CHEMBL11643
DEC_3994,decoy,Cc1c(C)c2c(c(C)c1O)C(CN(C)CCOc1ccc(CC3SC(=O)NC3=O)cc1)C(C)(C)O2,CHEMBL267427
DEC_1080,decoy,CSc1c(Cl)nc(N2CCN(C)CC2)nc1NC(C)C,CHEMBL441773
DEC_0437,decoy,C[C@@H](n1cnc2cc(OCC(F)(F)F)ccc2c1=O)[C@](O)(Cn1cncn1)c1ccc(F)cc1F,CHEMBL449039
DEC_2150,decoy,O=S(=O)(NS(=O)(=O)N1CCc2ccccc2C1)N1CCc2ccccc2C1,CHEMBL21590
DEC_0994,decoy,CC(C)(C)OC(=O)N1CCCC(C(=O)NC2CC3CCC2(CS(=O)(=O)N2CCC4(CCc5ccccc54)CC2)C3(C)C)C1,CHEMBL435566
DEC_3959,decoy,CNC(=O)[C@@H](NC(=O)C(CCc1ccccc1C)CP(=O)(O)Cc1ccc(Cc2ccccc2)cc1)C(C)(C)C,CHEMBL78027
DEC_0112,decoy,CCOC(=O)C1=C(c2ccc(-n3c(C)nc4cnccc43)cc2)N=C(C)/C(=C(/O)OCCOC)C1c1ccccc1Cl,CHEMBL106908
DEC_4237,decoy,CC(=O)OCC1=C(C(=O)OC(C)(C)C)N2C(=O)[C@@H](Nc3nc4cc(N)ccc4[nH]3)C2SC1,CHEMBL13758
DEC_1711,decoy,CNC(=O)[C@@H](NC(=O)[C@H](CC(C)C)[C@@H](C(=O)NO)C1CCSC1)C(C)(C)C,CHEMBL29934
DEC_2462,decoy,COc1ccc2c3c1OC1[C@H](O)[C@](CO)(CCCc4ccccc4)CC4C(C2)N(CC2CCC2)CCC341,CHEMBL9385
DEC_1942,decoy,CC1(C)C=C(C(=O)NCCCNCc2ccc(C(F)(F)F)cc2)C(C)(C)N1,CHEMBL415984
DEC_2999,decoy,CC[S+]([O-])c1nnc(-c2ccccc2F)n1C,CHEMBL284239
DEC_2451,decoy,OC[C@@]1(CCCCc2ccccc2)CC2C3Cc4ccc(O)c5c4C2(CCN3CC2CCC2)C(O5)[C@@H]1O,CHEMBL273257
DEC_1382,decoy,CC(O)(c1ccc(Cl)cc1Cl)C(O)(Cn1cncn1)c1ccc(Cl)cc1,CHEMBL273500
DEC_2024,decoy,CC(C)CCN(C[C@@H](O)[C@H]1Cc2ccc(cc2)OCCCC(=O)N[C@@H](CC(N)=O)C(=O)N1)S(=O)(=O)c1ccccc1,CHEMBL83186
DEC_0669,decoy,O=C1[C@H]2Cc3c([nH]c4ccccc34)[C@@H](c3ccc4c(c3)OCO4)N2C(=O)CN1CCN1CCOCC1,CHEMBL30936
DEC_0123,decoy,CCO/C(O)=C1\C(C)=NC(C)=C(C(=O)OCCCN2C(=O)c3ccccc3S2(=O)=O)C1c1ccccc1C(F)(F)F,CHEMBL78360
DEC_1593,decoy,CCCCc1nc2ccc([C@H]3[C@@H]4C(=O)OC[C@@H]4ON3C)cc2c(=O)n1Cc1ccc(-c2ccccc2-c2nn[nH]n2)cc1,CHEMBL51606
DEC_1793,decoy,COC(=O)[C@@]1(Cc2ccccc2)C[C@@H]2[C@@H](NC(=O)[C@H](Cc3c[nH]c4ccccc34)NC(=O)OC(C)(C)C)CCCN2C1=O,CHEMBL113699
DEC_3594,decoy,CC(C)C(C)/N=c1\c(O)c(O)\c1=N/c1ccc(C#N)cc1,CHEMBL18639
DEC_2594,decoy,COc1ccc(OC)c(Nc2cc3n(c(=O)n2)CCc2cc(OC)c(OC)cc2-3)c1,CHEMBL35467
DEC_4142,decoy,C=C(c1cc(Cl)c(Cl)cc1OCC(O)CNC(C)C)n1ccnc1,CHEMBL15704
DEC_2008,decoy,COP(=O)(OC)OC(C(C)(C)c1ccc(Cl)cc1)P(=O)(OC)OC,CHEMBL34505
DEC_1556,decoy,CC(C)(C)NC(=O)[C@@H]1CCCN1C[C@@H](O)[C@H]1Cc2ccc(cc2)OCCCC(=O)NC(CC(N)=O)C(=O)N1,CHEMBL313110
DEC_3450,decoy,Cn1nnnc1SC[C@H](NS(C)(=O)=O)C(=O)N[C@@H](Cc1ccccc1)[C@H](O)Cc1ccccc1C(=O)NC(C)(C)C,CHEMBL275792
DEC_4134,decoy,CCCn1c(=O)c2c(nc(/C=C/c3cc(F)cc(F)c3)n2C)n(CCC)c1=O,CHEMBL27260
DEC_1225,decoy,COc1cc(OC)cc([C@@H]2c3cc4c(cc3N[C@H]3COC(=O)N23)OCO4)c1,CHEMBL9206
DEC_3513,decoy,CC(C)COc1cccc(N2CCCCC2)n1,CHEMBL19907
DEC_1189,decoy,Cc1nsc(-c2ccc(N3CCN(c4cccc(C#N)c4)CC3)nn2)n1,CHEMBL14916
DEC_0261,decoy,O=C1NC(=O)C(CC#Cc2ccc(Cl)cc2)(S(=O)(=O)c2ccccn2)S1,CHEMBL11958
DEC_3523,decoy,O=C1NC(=O)C(Sc2ccc3ccccc3c2)S1,CHEMBL30951
DEC_0051,decoy,COP(=O)(CC1OC(C)(C)C(C)(C)O1)OC,CHEMBL19632
DEC_4266,decoy,CC(C)[C@H](NC(=O)Cn1c(-c2cccnc2)ncc(N)c1=O)C(=O)c1nnc(C(C)(C)C)o1,CHEMBL24604
DEC_3016,decoy,FC(F)(F)Oc1ccc(C2=NCCN2)cc1,CHEMBL275502
DEC_1541,decoy,NS(=O)(=O)c1cc(C(=O)N2CCN(CC(O)COc3cccc4c3SCC(=O)N4)CC2)ccc1Cl,CHEMBL41062
DEC_2614,decoy,COc1cc2nc(N3CCC(N4Cc5ccccc5C4=O)CC3)nc(N)c2cc1OC,CHEMBL18016
DEC_3209,decoy,CSc1ccc(Nc2c(NC(C)C(C)(C)C)c(=O)c2=O)cc1,CHEMBL18731
DEC_1930,decoy,CC(=O)c1cc2c(s1)[C@@H](NC(=O)c1ccc(C(F)(F)F)cc1)[C@H](O)C(C)(C)O2,CHEMBL284325
DEC_2742,decoy,c1csc(C2NCCc3c2[nH]c2ccccc32)c1,CHEMBL289606
DEC_3868,decoy,COCCN(CCOC)c1nn2c(-c3ccc(C)cc3)nnc2c2ccccc12,CHEMBL13869
DEC_1251,decoy,COc1ccc(S(=O)(=O)N(Cc2ccc3c(c2)OCO3)[C@H](CCC(=O)N2CCN(Cc3cccnc3)CC2)C(=O)NO)cc1,CHEMBL312404
DEC_0559,decoy,Nc1nc2c(cnn2CCc2ccccc2)c2nc(-c3ccc(CN4CCOCC4)o3)nn12,CHEMBL278331
DEC_0329,decoy,CCN(CC)C1CCC(Nc2nc(Nc3ccc(I)cc3)c3ccccc3n2)CC1,CHEMBL31318
DEC_2645,decoy,C[C@H](C(=O)N[C@H]1N=C(c2ccccc2)c2ccccc2N(C)C1=O)[C@H](OC(N)=O)c1ccc(Cl)c(Cl)c1,CHEMBL307445
DEC_1216,decoy,O=C(OC[C@H]1C[C@@H]2O[C@H]1[C@H]1C(=O)OC(=O)[C@H]12)c1ccc(Oc2ccccc2)cc1,CHEMBL7636
DEC_1266,decoy,C=C(CC[C@@H](O)[C@]1(C)CC[C@H](C(C)(C)O)O1)[C@H]1CC[C@H]2O[C@@H]([C@]3(C)CC[C@@H](Br)C(C)(C)O3)CC[C@]2(C)O1,CHEMBL23834
DEC_3764,decoy,CNC(=O)[C@@H](NC(=O)[C@H](CC(C)C)[C@H](CN1CCOCC1)C(=O)NO)c1ccccc1,CHEMBL433816
DEC_1326,decoy,CC(=O)Nc1cccc(Cn2c3c(c4ccccc42)C[C@@]2(O)C4Cc5ccc(O)c6c5C2(CCN4CC2CC2)[C@H]3O6)c1,CHEMBL28116
DEC_1826,decoy,CCC1(CC)CCNc2cc3nc(O)cc(C(F)(F)F)c3cc21,CHEMBL282866
DEC_0274,decoy,O=C1c2ccccc2S(=O)(=O)N1CCCCN1CCN(c2ncccn2)CC1,CHEMBL8412
DEC_3271,decoy,CCCn1c(=O)c2nc(-c3cc(NC(=O)Cc4ccc(F)c(F)c4)nn3C)[nH]c2n(CCC)c1=O,CHEMBL32950
DEC_2501,decoy,CN(C(=O)OCc1ccc(OC(=O)N[C@@H](CCC(=O)O)C(=O)O)cc1)c1ccc(N(CCCl)CCCl)cc1,CHEMBL295699
DEC_3678,decoy,CC(C)(C)C(=O)c1ccc(C(=O)O/C(=N\OCCO)c2ccc(C(=O)C(C)(C)C)cc2)cc1,CHEMBL296795
DEC_2298,decoy,Cc1cc(C)cc(Sc2c(C(C)C)c(=O)[nH]c(=S)n2COCCO)c1,CHEMBL274265
DEC_0644,decoy,O=C(O)c1cn(C2CC2)c2c(F)c(N3CCOC(CN4CCCCC4)C3)c(F)cc2c1=O,CHEMBL280842
DEC_3517,decoy,Cc1cc(C)c(NC(=O)N(CCCl)N=O)c(C)c1,CHEMBL12667
DEC_3730,decoy,COc1cccc(CO[C@@]2(C(=O)O)C[C@@H](O)[C@@H](O)[C@H](OC(=O)/C=C/c3ccc(O)cc3)C2)c1,CHEMBL265756
DEC_2569,decoy,CN1CCN(C2=Nc3ccccc3CC=C2c2cccc(C(F)(F)F)c2)CC1.O=C(O)/C=C/C(=O)O,CHEMBL16916
DEC_2026,decoy,CC(C)CCN(C[C@@H](O)[C@@H]1Cc2ccc(cc2)OCCCC(=O)N[C@@H](C(N)=O)C(=O)N1)S(=O)(=O)c1ccccc1,CHEMBL45135
DEC_3852,decoy,CS(=O)(=O)c1ccc(-c2sc(CC#N)nc2-c2ccc(F)cc2)cc1,CHEMBL417266
DEC_0618,decoy,Cc1cc(C)cc(-c2[nH]c3ccc(C(C)(C)C(=O)N4CC5CCC4CC5)cc3c2[C@H](C)CNCCc2cc(C)c(=O)n(C)c2)c1,CHEMBL86911
DEC_2998,decoy,CC(C)COc1cccc(N2CCCNCC2)n1,CHEMBL19069
DEC_3026,decoy,Oc1ccc(-c2cccc(-n3ccnc3)c2)nn1,CHEMBL282514
DEC_3499,decoy,CN(Cc1ccccc1)C(c1cccc2nc(O)c(O)nc12)P(=O)(O)O,CHEMBL12733
DEC_2261,decoy,CCCc1cc(=O)oc2c3c(c4c(c12)OC(C)(C)C=C4)O[C@H](C)[C@H](C)[C@H]3O,CHEMBL269063
DEC_1004,decoy,O=C(c1ccc2oc(CN3CCC(n4cc(C(F)(F)F)ccc4=O)CC3)cc2c1)N1CCC(N2C(=O)OCc3ccccc32)CC1,CHEMBL30587
DEC_2654,decoy,C[C@@H](C(=O)Nc1ccccc1)N(C)C(=O)[C@H](Cc1ccc([N+](=O)[O-])cc1)NC(=O)c1cccc2ccccc12,CHEMBL33534
DEC_3033,decoy,CCOP(=O)(N1CC1(C)C)N1CC1(C)C,CHEMBL31597
ACT_085,active,CCCCOC(=O)Sc1nc2ccccc2o1,CHEMBL1253382
DEC_4158,decoy,C#CCN(CCc1ccc2c(c1)OCO2)C[C@@H]1CCCc2c(OC)cccc21,CHEMBL9810
DEC_2257,decoy,CCCc1cc(=O)oc2c3c(c4c(c12)OC(C)(C)C=C4)O[C@H](C)[C@@H](C)[C@H]3O,CHEMBL7121
DEC_2662,decoy,CC(CCCN1C(=O)c2ccccc2C1=O)(NC(=O)OC1C2CC3CC(C2)CC1C3)C(=O)NCCc1ccccc1,CHEMBL294576
DEC_0838,decoy,CCCCc1nc(Cl)c(Cc2nnn[nH]2)n1Cc1cccc(-c2nnn[nH]2)c1,CHEMBL281068
DEC_0275,decoy,COC1=C(C)C(=O)c2c(c(COC(N)=O)c3n2CCC3OC(=O)C(C)(C)C)C1=O,CHEMBL18427
DEC_3466,decoy,CNC(=O)[C@@H](NC(=O)[C@H](CC(C)C)[C@@H](C(=O)NO)C1CCC1)C(C)(C)C,CHEMBL26317
DEC_0926,decoy,Cc1c(OCC(F)(F)F)ccnc1C[S+]([O-])c1nc2ccccc2[nH]1,CHEMBL480
DEC_2373,decoy,O=S(=O)(CS(=O)(=O)C(F)(F)F)c1ccc(NS(=O)(=O)C(F)(F)F)cc1,CHEMBL12365
DEC_3400,decoy,CCSCc1ccc2c(c1)c1c3c(c4c5ccccc5n5c4c1n2[C@H]1C[C@](O)(C(=O)OC)[C@]5(C)O1)CNC3=O,CHEMBL36891
DEC_2909,decoy,CCCC[C@@H]1NC(=O)[C@@H](N)CCCCOc2ccc(cc2)C[C@@H]([C@H](O)CN(CCC(C)C)S(=O)(=O)c2ccc(N)cc2)NC1=O,CHEMBL341317
DEC_1670,decoy,COC(=O)CNP(=O)(OCC1OC(n2cc(C)c(=O)[nH]c2=O)CC1N=[N+]=[N-])Oc1ccccc1,CHEMBL9681
DEC_3902,decoy,C=C1CC2C3CCC4=CC(=O)C=CC4(C)[C@@]3(F)C(O)CC2(C)[C@@]1(OC(=O)c1ccco1)C(=O)COC(C)=O,CHEMBL40472
DEC_2350,decoy,Cn1nc(S(N)(=O)=O)s/c1=N/C(=O)CCCCC(F)(F)C(F)(F)F,CHEMBL24473
DEC_0230,decoy,Cc1csc2c(O)c3c(=O)[nH][nH]c(=O)c3nc12,CHEMBL277134
DEC_1694,decoy,C#CCN(Cc1ccc2nc(C)n(C)c(=O)c2c1)c1ccc(C(=O)NC(CCC(=O)O)C(=O)O)cc1,CHEMBL24701
DEC_1923,decoy,C=C(c1c(Cl)ccc(Cl)c1OCC(O)CNC(C)(C)C)n1ccnc1,CHEMBL15684
DEC_4202,decoy,NC(=O)OCCOCn1ccc(N)nc1=O,CHEMBL439719
DEC_1950,decoy,CCN(CC)CCNC(=O)c1c(C)[nH]c(/C=C2\C(=O)Nc3ccc(F)cc32)c1C,CHEMBL535
DEC_3965,decoy,CNC(=O)[C@@H](NC(=O)C(CCc1cccc(F)c1)CP(=O)(O)Cc1ccc(Cc2ccccc2)cc1)C(C)(C)C,CHEMBL445894
DEC_3762,decoy,CC(C)C[C@H](NC(=O)[C@H](CC#Cc1ccccc1Cl)NCP(=O)(O)O)C(=O)O,CHEMBL40161
DEC_2767,decoy,c1ccc(C2CNCCc3c2[nH]c2ccccc32)cc1,CHEMBL281152
DEC_1146,decoy,COC(=O)C(NP(=O)(OCC1OC(n2cc(C)c(=O)[nH]c2=O)CC1F)OCC(Cl)(Cl)Cl)C(C)C,CHEMBL313403
DEC_2721,decoy,COC(OC)[C@]1(C)Oc2ccc([N+](=O)[O-])cc2[C@@H](N(Cc2ncc[nH]2)c2ccc(Br)cc2)[C@@H]1O,CHEMBL46685
DEC_1820,decoy,Cn1c(S)nnc1-c1cc(C(C)(C)C)c(O)c(C(C)(C)C)c1,CHEMBL12371
DEC_0410,decoy,COC(=O)c1[nH]c(C(C)(C)C)cc1NC(=O)Nc1cccc(Cl)c1,CHEMBL19045
DEC_1699,decoy,Nc1cnc(-c2ccc(F)cc2)n(CC(=O)NC(Cc2ccccc2)C(=O)C2=NCCO2)c1=O,CHEMBL281524
DEC_1083,decoy,C=CCN(C1=NCCN1)c1c(Br)cccc1Br,CHEMBL20176
DEC_3747,decoy,O=C(O)CC(NC(=O)CNC(=O)c1ccc(NC(=O)NCc2ccccc2)o1)c1cccnc1,CHEMBL286266
DEC_2968,decoy,O=P1(N(CCCl)CCCl)OCCCN1O,CHEMBL557134
DEC_2338,decoy,COc1ccc(C2(Cn3ccnc3)OCC(c3ccc(Cl)cc3)O2)cc1,CHEMBL29183
DEC_1160,decoy,CC(=O)OCC1=C(C(=O)O)N2C(=O)[C@@H](NC(=O)CN(OCc3ccccc3Cl)C(=O)NCc3ccccc3)C2SC1,CHEMBL8716
DEC_3147,decoy,O=P(O)(O)C(Cc1cccc2cccnc12)N[C@@H](Cc1ccc(-c2ccccc2)cc1)c1nnn[nH]1,CHEMBL268761
DEC_0580,decoy,Cc1cc(C)cc(-c2[nH]c3ccc(C(C)(C)C(=O)N4CC5CCC4CC5)cc3c2[C@H](C)CNCCc2cc[n+]([O-])c(C)c2)c1,CHEMBL324654
DEC_4258,decoy,N[C@H]1CC(CF)N(c2nc3c(cc2F)c(=O)c(C(=O)O)cn3-c2ccc(F)cc2F)C1,CHEMBL42646
DEC_0193,decoy,C=CCNC1Cc2cccc3nc(O)n(c23)C1,CHEMBL12041
DEC_0483,decoy,CCOP(=O)(O)CP(=O)(O)CCCCCn1cnc2c(O)nc(N)nc21,CHEMBL268378
DEC_0989,decoy,CC(C)(C)OC(=O)N1c2ccccc2C[C@@H]1C(=O)N1[C@@H](C(=O)N2Cc3ccccc3C[C@@H]2CC(=O)O)CC[C@H]1c1ccccc1,CHEMBL408803
DEC_3920,decoy,O=C1c2c(c(=O)n3nc(-c4ccccc4)cc3n2CS(=O)(=O)c2ccccc2)CN1C1CCCCC1,CHEMBL47851
DEC_4087,decoy,CCCCc1cn(-c2ccccc2C(C)(C)C)c(=O)n1Cc1ccc(-c2ccccc2-c2nn[nH]n2)nc1,CHEMBL427808
DEC_3706,decoy,CCOC(=O)/C=C/[C@H](CCC(N)=O)NC(=O)[C@H](Cc1ccccc1)NC(=O)[C@@H](NC(=O)OCc1ccccc1)C(C)(C)O,CHEMBL329557
DEC_2131,decoy,O=c1cnn(-c2ccc(S(=O)(=O)c3ccc(Br)cc3)cc2)c(=O)[nH]1,CHEMBL281954
DEC_0371,decoy,CC(C)=CCC[C@@H](C)[C@H]1CC=C2C3=C(CC[C@@]21C)[C@@]1(C)CC[C@H](O)C(C)(C)[C@@H]1CC3,CHEMBL10850
DEC_3671,decoy,COc1cc2c(cc1OC)C(COCCN1CCN(c3ccc(F)cc3)CC1)OCCC2,CHEMBL268250
DEC_0711,decoy,CCN(CC)C(=O)c1cc(=O)c(C)c2oc3c(C)c(O)c(N)c(C(=O)N(CC)CC)c3nc1-2,CHEMBL279002
DEC_3193,decoy,COc1cc(C(C)(C)C)c(OC)cc1CC(C)N,CHEMBL8317
DEC_2609,decoy,COc1ccc(C2(O)OC(=O)C(c3ccc4c(c3)OCO4)=C2Cc2cccnc2)cc1,CHEMBL10910
DEC_2316,decoy,CC(=O)OC(C(C)=O)[C@@]12CCC[C@H]1[C@@H]1CCC3=CC(=O)CC[C@@H]3[C@H]1CC2,CHEMBL273571
DEC_2461,decoy,O=C(/C=C/c1ccc(Cl)cc1)N[C@@H]1CC[C@@]2(O)[C@H]3Cc4ccc(O)c5c4C2(CCN3CC2CC2)[C@H]1O5,CHEMBL296693
DEC_3141,decoy,C=CC(=O)Nc1cc2c(Nc3cccc(Br)c3)ncnc2cc1OCCCn1ccnc1,CHEMBL286343
DEC_3127,decoy,CC(NC(=O)CCC(NC(=O)c1cc(Cl)cc(Cl)c1)C(=O)N1CCC2(CCCC2)CC1)C(=O)O,CHEMBL30764
DEC_3227,decoy,CCC(C)c1ccc(C(c2cc(C)ns2)N2CCN(C)CC2)cc1,CHEMBL283796
DEC_0857,decoy,Nc1nc2c(cnn2CCCc2ccc([N+](=O)[O-])cc2)c2nc(-c3ccco3)nn12,CHEMBL22241
DEC_3958,decoy,Cc1c(C)c2c(c(C)c1O)CCC(C)(COc1ccc(NCC(O)COc3cccc4[nH]c5ncccc5c34)cc1)O2,CHEMBL65154
DEC_0192,decoy,CCC1(C2=CCCCC2)C(=O)NC(=O)NC1=O,CHEMBL268164
DEC_1760,decoy,O=C(NO)[C@H]1C[C@@H](O)CCN1S(=O)(=O)c1ccc(OCc2ccccc2F)cc1,CHEMBL28141
DEC_2780,decoy,Cc1cn(-c2cc(C)c3[nH]c(=O)ccc3c2)c(C)n1,CHEMBL37971
DEC_1059,decoy,[O-][S+](CC(F)(F)C(F)(F)F)c1nc(-c2ccccc2)c(-c2ccccc2)[nH]1,CHEMBL278005
DEC_2796,decoy,Cn1cncc1C(O)(CN1CCC(C#N)=C(c2cccc3ccccc23)C1)c1ccc(C#N)cc1,CHEMBL282161
DEC_1081,decoy,CSc1c(Cl)nc(N2CCN(C)CC2)nc1NC(C)(C)C,CHEMBL284682
DEC_0849,decoy,CCOc1c(N2CCCC(N)C2)c(F)c(N)c2c(=O)c(C(=O)O)cn(C3CC3)c12,CHEMBL279381
DEC_0034,decoy,CCCCCS(=O)(=O)Nc1ccc(CCNC[C@H](O)COc2ccc(O)cc2)cc1,CHEMBL12498
DEC_1093,decoy,CCC(C)(C)/N=c1\c(O)c(O)\c1=N/Cc1ccc(C#N)cc1Cl,CHEMBL19105
DEC_1825,decoy,C[C@@]12C=Cc3occc3C1CC[C@@]13CC(CCC12)C(O)(CO)C3,CHEMBL282576
DEC_2333,decoy,Cc1ccc(-c2ncc(Cl)cc2-c2ccc(S(C)(=O)=O)cc2)c[n+]1[O-],CHEMBL274841
DEC_2724,decoy,NC(=O)CCc1ccccc1CC1C2CCC(O2)C1c1nc(C(=O)NCCCCC2CCCCC2)co1,CHEMBL30928
DEC_3243,decoy,C[C@]12CC[C@]3(C1)C(CC2=O)C[C@@H](O)C1[C@](C)(C(=O)O)CCC[C@@]13C,CHEMBL8722
DEC_4017,decoy,COc1ccc(-c2cc3c(cc2OC)CN(C(=O)C(N)Cc2c(C)cc(O)cc2C)[C@H](C(=O)O)C3)cc1,CHEMBL45842
ACT_011,active,CC(C)c1nccn1-c1ccc(NC(=O)c2cc(C(F)(F)F)nn2-c2ccc3onc(N)c3c2)c(F)c1,CHEMBL355576
DEC_0542,decoy,Cn1c2ccncc2c2ncnc(N3CCN(CCc4ccc(F)c(F)c4)CC3)c21,CHEMBL430724
DEC_0208,decoy,NS(=O)(=O)OC[C@]12CCC[C@H]1[C@@H]1C[C@@H]1CC2,CHEMBL285315
DEC_2161,decoy,N=C(N)c1cccc(/C=C/CCCC(=O)N[C@@H](CC(=O)O)C(=O)N[C@@H](Cc2ccccc2)C(=O)O)c1,CHEMBL51716
DEC_0612,decoy,OC(CN(Cc1cccc(OC(F)(F)C(F)F)c1)c1cccc(Oc2cccc(Cl)c2Cl)c1)C(F)(F)F,CHEMBL308436
DEC_4024,decoy,CC(C)(C)CC(=O)N[C@@H]1CCc2ccccc2N(Cc2ccc(-c3ccccc3-c3nn[nH]n3)cc2)C1=O,CHEMBL14088
DEC_0544,decoy,COc1ccnc(C[S+]([O-])c2nc3cc(OCC(F)(F)F)ccc3[nH]2)c1C,CHEMBL9856
DEC_0233,decoy,O=c1[nH][nH]c(=O)c2c(O)c3sccc3nc12,CHEMBL278733
DEC_2606,decoy,CCc1nsc(-c2ccc(N3CCN(c4cccc(C(F)(F)F)c4)CC3)nn2)n1,CHEMBL277794
DEC_3972,decoy,O=C(O)C1CCC(NC(=O)C(Cc2ccc(-n3cccc3)cc2)CC(Cc2ccc(-n3cccc3)cc2)C(=O)O)CC1,CHEMBL45852
DEC_0765,decoy,Cc1c(C)c2c(c(C)c1O)CCC(C)(COc1ccc(NCC(O)COc3ccc4ccncc4c3)cc1)O2,CHEMBL67344
DEC_2463,decoy,O=S1(=O)c2cccc3cccc(c23)N1CCN1CCN(Cc2c[nH]c3ccc(F)cc23)CC1,CHEMBL276922
DEC_0752,decoy,CNC(=O)[C@H](NC(=O)C(CC(C)C)CP(=O)(O)Cc1ccc(C(=O)c2ccccc2)cc1)C(C)(C)C,CHEMBL24741
DEC_3025,decoy,c1ccc2c(c1)ccc1nc(-c3nn[nH]n3)cn12,CHEMBL274662
DEC_0307,decoy,O=C1NCN(c2ccc(F)cc2)C12CCN(CCCN(c1ccc(F)cc1)c1ccc(F)cc1)CC2,CHEMBL300259
DEC_2932,decoy,CC(C)(C)NC(=O)[C@@H]1CN(Cc2cnc3ccoc3c2)CCN1C[C@@H](O)C[C@@H](Cc1ccccc1)C(=O)NC1c2ccccc2C[C@H]1O,CHEMBL408413
DEC_2398,decoy,O=C1Nc2ccc(F)c(F)c2C(C#Cc2ccsc2)(C(F)(F)F)O1,CHEMBL276066
DEC_0147,decoy,COc1cccc2c1C(=O)OC2OP(=O)(Cc1cccc2ccccc12)OC1OC(=O)c2c(OC)cccc21,CHEMBL37998
DEC_2444,decoy,CC(=O)c1c(O)nnc(-c2ccc(F)cc2)c1-c1ccc(F)cc1,CHEMBL30563
DEC_2230,decoy,CCCCc1nc2ccc(C(C)N)cc2c(=O)n1Cc1ccc(-c2ccccc2-c2nn[nH]n2)cc1,CHEMBL14487
DEC_3845,decoy,Cc1cc(-c2noc(C3CC3)n2)cc(C)c1OCCCc1cc(C2CC2)no1,CHEMBL28622
DEC_1657,decoy,COCC/N=c1\c(O)c(O)\c1=N/[C@@H](Cc1ccc(NC(=O)c2c(Cl)cncc2Cl)cc1)C(=O)O,CHEMBL9222
DEC_2311,decoy,CN(CCCl)[C@@H]1CCC2C3Cc4ccc(O)c5c4C2(CCN3CC2CC2)[C@H]1O5,CHEMBL8977
DEC_1118,decoy,CCCCCCC/N=c1\c(O)c(O)\c1=N/c1ccc(C#N)cc1,CHEMBL19303
DEC_1714,decoy,O=C1OCCN1CCNc1ccc2c3c(nn2CCNCCO)-c2ccccc2Sc13,CHEMBL418425
DEC_1746,decoy,C[C@@H](O)[C@H]1C(=O)N2C(C(=O)O)=C(S[C@@H]3CN[C@H](Cc4ccc(CN)cc4)C3)[C@H](C)[C@H]12,CHEMBL275668
DEC_3578,decoy,Cc1c(Cl)nc(N2CCNCC2)nc1NC(C)C,CHEMBL287106
DEC_2041,decoy,CN(Cc1cnc2nc(N)nc(N)c2n1)c1ccc(C(=O)NC(CCNC(=O)c2ccc(Cl)cc2)C(=O)O)cc1,CHEMBL7737
DEC_3078,decoy,CC(C)(C)/N=C(\NC#N)Nc1cccc(/C(=C/CCCC(=O)O)c2cccnc2)c1,CHEMBL7718
DEC_0825,decoy,c1ccc2c(c1)OC(N1CCCC1)c1cnc(N3CCCC3)nc1-2,CHEMBL288323
DEC_2434,decoy,Clc1ccc(OCC2=Cc3ccccc3C3=NCCCN23)cc1,CHEMBL9608
DEC_3139,decoy,C=C1C[C@@]23O[C@]2(c2ccccc21)C1CC(OC(=O)[C@H](O)[C@@H](NC(=O)OCC)c2ccccc2)C3(C)C1(C)C,CHEMBL31284
DEC_3772,decoy,Nc1nc(O)c2cc(CNc3ccc(C(=O)N[C@@H](CCC(=O)O)C(=O)O)cc3)ccc2n1,CHEMBL22973
DEC_3804,decoy,O=P(O)(O)C(Cc1cccc2ccccc12)N[C@H](Cc1ccc(-c2ccccc2)cc1)c1nnn[nH]1,CHEMBL9963
DEC_1605,decoy,CCN(CC)CCN1C(=O)c2c(c3c4ccccc4n4c3c3c2c2ccccc2n3[C@H]2[C@@H](O)[C@H](OC)[C@@H](CO)O[C@H]24)C1=O,CHEMBL282761
DEC_3032,decoy,NC(=S)c1ccc2ccc3cccnc3c2n1,CHEMBL278030
DEC_2186,decoy,COc1ccc(CNC(=O)[C@H](CCC(=O)O)NC(=O)[C@H](Cc2ccc(CC(=O)O)cc2)NC(C)=O)cc1,CHEMBL48718
DEC_0386,decoy,Oc1ccc(C2=C(c3ccc(O)cc3)c3ccc(O)cc3CC2)cc1,CHEMBL27207
DEC_3862,decoy,COc1ccc2c(c1OC)CCC[C@H]2CN(C)CCc1ccc2c(c1)OCO2,CHEMBL276826
DEC_0249,decoy,COc1cc2c(cc1OC)[C@@H]1CNC(=O)[C@H]1CC2,CHEMBL35053
DEC_3741,decoy,NCCc1c(NC(=O)[C@H](CC#Cc2ccccc2F)NCP(=O)(O)O)[nH]c2ccccc12,CHEMBL290304
DEC_2206,decoy,Cc1cc(C)c(NC(=O)c2sccc2S(=O)(=O)Nc2onc(C)c2C)c(C)c1CC#N,CHEMBL279471
DEC_3223,decoy,CCC(C)(C)/N=c1\c(O)c(O)\c1=N/Cc1ccc(F)c(F)c1,CHEMBL19694
DEC_0512,decoy,O=C(NCC(O)CO)c1cc([N+](=O)[O-])cc([N+](=O)[O-])c1N(CCCl)CCCl,CHEMBL282510
DEC_0522,decoy,Cc1nc(O)c2cc(CNc3ccc(C(=O)N[C@H](CCC(=O)O)C(=O)O)s3)ccc2n1,CHEMBL40739
DEC_0120,decoy,C=C1[C@@H](OC(C)=O)C[C@H](OC(C)=O)[C@@]2(C)[C@@H](O)[C@H](OC(C)=O)C3=C(C)CC[C@@H]([C@@H](OC(=O)CCCC)[C@H]12)C3(C)C,CHEMBL307170
DEC_2712,decoy,CCCN(Cc1ccc(-c2ccccc2-c2nn[nH]n2)cc1)c1ncnc2c1ncn2Cc1ccccc1,CHEMBL49294
DEC_2479,decoy,COc1ccc2c3nc[nH]c(N4CCN(CCc5ccc(F)c(F)c5)CC4)c-3nc2c1[N+](=O)[O-],CHEMBL281743
DEC_2264,decoy,C[C@@H](/N=c1\c(O)c(O)\c1=N/c1ccc(C#N)c2c1CCCC2)C(C)(C)C,CHEMBL275401
DEC_0204,decoy,Nc1ncnc2c1ncn2C1CC(CO)=NO1,CHEMBL9393
DEC_1915,decoy,CCCc1cc(=O)oc2c(C(=O)[C@@H](C)[C@H](C)O)c(O)c3c(c12)OC(C)(C)C=C3,CHEMBL7211
DEC_1542,decoy,Cc1noc(C)c1S(=O)(=O)N[C@@H](CNC(=O)N1CCC2(CC1)CCN(c1ccncc1)CC2)C(=O)O,CHEMBL23814
DEC_0168,decoy,O=Cc1cccc(C=O)c1OP(=O)(O)O,CHEMBL279466
DEC_4084,decoy,COc1ccc2c3c1OC1[C@H]4OC[C@@]4(CCCCc4ccccc4)CC4C(C2)N(CC2CCC2)CCC341,CHEMBL273528
DEC_0368,decoy,Oc1ccc(Cc2sc3ccccc3c2-c2ccc(-c3ccc(O)cc3)cc2)cc1,CHEMBL25995
DEC_1857,decoy,CCCC(=N)Nc1nnc(-c2ccccc2C(F)(F)F)s1,CHEMBL275781
DEC_0935,decoy,CCCCCCNC(=O)NCCc1ccc2[nH]c3c(c2c1)C[C@@]1(O)C2Cc4ccc(O)c5c4[C@@]1(CCN2CC1CC1)[C@H]3O5,CHEMBL323398
DEC_0111,decoy,COc1ccc2nc3c(c(C)nn3[C@@H]3O[C@H](COC(=O)C(C)C)[C@@H](OC(=O)C(C)C)[C@H]3OC(=O)C(C)C)c(Cl)c2c1,CHEMBL304230
DEC_0656,decoy,CC(C)C(NC(=O)OC(C)(C)C)C(=O)N1CC[C@H]2[C@H]1C1(SCCS1)C(=O)N2C(=O)C1CC1,CHEMBL46400
DEC_1296,decoy,CCN(CC)C1CCC(Nc2nc(Nc3cc(Br)cc(Br)c3)nc3ccccc23)CC1,CHEMBL28247
DEC_4108,decoy,Cc1cc(SC2=C(O)OC(CCc3ccc(O)cc3)(C(C)C)CC2=O)c(C(C)(C)C)cc1N(C)C,CHEMBL35088
DEC_1861,decoy,O=S1(=O)c2cccc3cccc(c23)N1CCCN1CC=C(c2c[nH]c3ccc(O)cc23)CC1,CHEMBL19652
DEC_1823,decoy,CC[C@H]1Nc2cc3nc(O)cc(C(F)(F)F)c3cc2CC1(C)C,CHEMBL6689
DEC_1065,decoy,OC1CCCCC1N1CCC(CCCC2CCN(C3CCCCC3O)CC2)CC1,CHEMBL20720
DEC_2252,decoy,CC(C)CCN(C1=NCCN1)c1c(Br)cccc1Br,CHEMBL20907
ACT_051,active,O=C(CC(Nc1ccc(F)cc1)C(=O)OCC(=O)c1cccs1)c1ccccc1,CHEMBL1338774
DEC_0321,decoy,O=C1NCN(c2ccccc2F)C12CCN(CCCN(c1ccc(F)cc1)c1ccc(F)cc1)CC2,CHEMBL300309
DEC_3355,decoy,CCCc1cc(OCc2ccccn2)cc(=O)n1Cc1ccc(-c2ccccc2-c2nn[nH]n2)cc1,CHEMBL21585
DEC_2984,decoy,Cc1cccnc1-c1nnc(-c2ncccc2C)nn1,CHEMBL17631
DEC_2513,decoy,O=CNC(Cc1ccc(N(CCCl)CCCl)cc1)C(=O)OCc1cc(O)c2c(c1O)C(=O)c1ccccc1C2=O,CHEMBL34580
DEC_4117,decoy,N#Cc1ccc(Cn2cncc2CN2CCN(c3cccc(Cl)c3)C(=O)C2)cc1Oc1ccccc1Cl,CHEMBL418036
DEC_2757,decoy,CSc1cccc2[nH]cc(CCN(C)C)c12,CHEMBL285355
DEC_1097,decoy,CC(/N=c1\c(O)c(O)\c1=N/CCc1ccc(C#N)cc1)C(C)(C)C,CHEMBL19922
DEC_3967,decoy,COc1ccc(C2(CNC(=O)[C@](C)(Cc3c[nH]c4ccccc34)NC(=O)Nc3ccc([N+](=O)[O-])cc3)CCCCC2)cc1,CHEMBL312926
DEC_0124,decoy,CC1=NC(C)=C(C(=O)OCCN2C(=O)c3ccccc3S2(=O)=O)C(c2ccccc2Cl)/C1=C(\O)OC(C)C,CHEMBL82133
DEC_0087,decoy,O=NN(CCCl)C(=O)NC1C2CC3CC(C2)CC1C3,CHEMBL12424
DEC_1024,decoy,COc1cc(OC2CCN(C3CCCc4ncccc43)CC2)c(F)cc1C(=O)N1CCC(N2C(=O)OCc3ccccc32)CC1,CHEMBL302029
DEC_0419,decoy,COC(=O)c1[nH]c(C(C)(C)C)cc1NC(=O)Nc1ccc(C)cc1,CHEMBL18764
DEC_3542,decoy,Cc1cnc(-c2ccc3[nH]cc(CCN(C)C)c3c2)o1,CHEMBL38738
DEC_2801,decoy,Cn1cncc1C(NN1CCC(C#N)=C(c2cccc3ccccc23)C1)c1ccc(C#N)cc1,CHEMBL280847
ACT_058,active,N#Cc1ccccc1C(=O)n1nc(-c2ccccn2)nc1NCc1ccccc1,CHEMBL5429800
DEC_1139,decoy,OC1(c2ccc(-c3ccc(C4(O)CN(CCBr)CCO4)cc3)cc2)CN(CCBr)CCO1,CHEMBL10936
DEC_3874,decoy,Cc1noc(NS(=O)(=O)c2cccc3c(C(C)(C)O)cccc23)c1C,CHEMBL431300
DEC_1379,decoy,[2H]c1c([2H])c([2H])c(NS(=O)(=O)c2ccc3c(c2)C(n2ccccc2=O)=CC(C)(C)O3)c([2H])c1[2H],CHEMBL275679
DEC_0832,decoy,CCCc1cc2nc(O)nc-2c(O)n1Cc1ccc(-c2ccccc2-c2nn[nH]n2)cc1,CHEMBL27920
DEC_1114,decoy,O=C(O)CCc1cn2c3c(nc(O)c2n1)-c1cccc(CC(=O)O)c1C3,CHEMBL281030
DEC_0696,decoy,CC[C@@]1(O)C(=O)OCc2c1cc1n(c2=O)Cc2cc3c(CNC4CC4)c(O)ccc3nc2-1,CHEMBL273949
DEC_0312,decoy,C[C@H]1CC2C3CCC4=CC(=O)C=CC4(C)[C@@]3(F)C(O)CC2(C)[C@@]1(OC(=O)c1ccoc1)C(=O)CCl,CHEMBL41403
DEC_1060,decoy,CN(C)CCCNCc1cc(I)cc(C2CCCCC2)c1O,CHEMBL22076
DEC_4148,decoy,COc1cccc2c1CCC[C@H]2CN(C)CCc1ccc2[nH]c(O)nc2c1,CHEMBL9886
DEC_2049,decoy,CC(C)(C)NC(=O)[C@@H]1CN(S(C)(=O)=O)CCN1C[C@@H](O)C[C@@H](Cc1ccccc1)C(=O)N[C@H]1c2ccccc2C[C@H]1O,CHEMBL432101
DEC_4217,decoy,Cc1ccc(S(=O)(=O)NCC(=O)O)cc1,CHEMBL287486
DEC_2315,decoy,Fc1ccc(-c2ncn(CCCN3CCOCC3)c2-c2ccncc2)cc1,CHEMBL14112
DEC_2868,decoy,COCCO/C(O)=C1\C(C)=NC(C)=C(C(=O)OCCCN2C(=O)c3ccccc3S2(=O)=O)C1c1ccccc1[N+](=O)[O-],CHEMBL81239
DEC_1033,decoy,O=S(=O)(c1nc(-c2ccc(F)cc2)c(-c2ccc(F)cc2)[nH]1)C(F)(F)C(F)F,CHEMBL18647
DEC_1884,decoy,CCNC(c1c(Cl)cc(O)cc1Cl)C(NCC)c1c(Cl)cc(O)cc1Cl,CHEMBL29815
DEC_2926,decoy,CC(C)(C)NC(=O)[C@@H]1CN(Cc2nc3ccccc3[nH]2)CCN1C[C@@H](O)C[C@@H](Cc1ccccc1)C(=O)NC1c2ccccc2C[C@H]1O,CHEMBL114834
DEC_0787,decoy,Nc1nc2c(cnn2-c2ccccc2)c2nc(-c3ccco3)nn12,CHEMBL16509
DEC_0685,decoy,Cc1c(N2C[C@@H](F)[C@@H](C3(N)CC3)C2)c(F)c(N)c2c(=O)c(C(=O)O)cn([C@@H]3C[C@@H]3F)c12,CHEMBL7265
DEC_0659,decoy,CC12CCC(OC=O)CC1CCC1C2CCC2(C)[C@@H](C3=CC(=O)OC3)C(OC=O)CC12O,CHEMBL451551
DEC_2727,decoy,O=C1N(CO)CN(c2ccccc2)C12CCN(CCCN(c1ccc(F)cc1)c1ccc(F)cc1)CC2,CHEMBL300960
DEC_3022,decoy,COc1ccc(OC)c2c1C1CCC2[C@H](N)C1,CHEMBL286609
DEC_2095,decoy,O=C(O)CNCCNC(=O)[C@H](Cc1ccccc1)NC(=O)CNC(=O)CCc1ccc(O)cc1,CHEMBL42636
DEC_2943,decoy,CC(C)(C)OC(=O)N[C@@H](Cc1c[nH]c2ccccc12)C(=O)N[C@H]1CCCN2C(=O)[C@](CC(=O)O)(C(=O)[C@H](N)Cc3ccccc3)C[C@H]12,CHEMBL367250
DEC_0390,decoy,Nc1ccc(S(=O)(=O)Nc2ccc(F)c3c(Cl)c[nH]c23)cc1,CHEMBL20704
DEC_1193,decoy,CC(=O)c1cc2c(s1)[C@@H](NC(=O)c1cccc([N+](=O)[O-])c1)[C@H](O)C(C)(C)O2,CHEMBL283712
DEC_0689,decoy,COC(=O)/C=C/C(=O)N[C@@H]1CCC2C3Cc4ccc(O)c5c4C2(CCN3CC2CC2)[C@H]1O5,CHEMBL9262
DEC_2855,decoy,COc1ccccc1Oc1c(NS(=O)(=O)c2ccc(C(C)(C)C)cc2)ncnc1OCCOc1ncc(SC)cn1,CHEMBL114660
DEC_0395,decoy,Nc1ccc(S(=O)(=O)Nc2cccc3cc(Cl)[nH]c23)cc1,CHEMBL20279
DEC_0845,decoy,CC(C)=CCC(OC(=O)c1cccnc1)C1=CC(=O)c2c(O)ccc(O)c2C1=O,CHEMBL283840
DEC_0930,decoy,C=C([C@H](O)C[C@H](O)[C@@]1(C)CC[C@H](C(C)(C)O)O1)[C@H]1CC[C@H]2O[C@@H]([C@]3(C)CC[C@@H](Br)C(C)(C)O3)CC[C@]2(C)O1,CHEMBL23161
DEC_1156,decoy,CC(C)(C)NC(=O)[C@@H]1C[C@@H]2CCCC[C@@H]2CN1C[C@@H](O)[C@H](Cc1ccccc1)NC(=O)C1CO[C@@H]2CCS(=O)(=O)[C@@H]2C1,CHEMBL17852
DEC_1010,decoy,O=C(Cn1cc(C(F)(F)F)ccc1=O)NCc1cc2cc(C(=O)N3CCC(N4C(=O)OCc5ccc(F)cc54)CC3)ccc2o1,CHEMBL282494
DEC_1759,decoy,CCNCc1ccc([C@H]2C[C@H](SC3=C(C(=O)O)N4C(=O)[C@H]([C@@H](C)O)[C@H]4[C@H]3C)CN2)cc1,CHEMBL17630
DEC_2779,decoy,c1c[nH]c(-c2nccc3c2[nH]c2ccccc23)c1,CHEMBL38544
DEC_1342,decoy,COc1cc([C@@H]2c3cc4c(cc3[C@@H](NC(=O)Nc3ccc(F)cc3)[C@H]3COC(=O)[C@H]23)OCO4)cc(OC)c1O,CHEMBL74807
DEC_1255,decoy,O=c1c2nc(N(S(=O)(=O)c3ccc([N+](=O)[O-])cc3)S(=O)(=O)c3ccc([N+](=O)[O-])cc3)[nH]c2n(CC2CC2)c(=O)n1CC1CC1,CHEMBL144545
DEC_2155,decoy,CC1OC(OC2CCCCC2OCCCCCCCCCCC(C(=O)O)C(=O)O)C(O)C(O)C1O,CHEMBL27723
DEC_2956,decoy,CCN(CC)CC#CCCC1SCCCS1,CHEMBL41784
DEC_1643,decoy,Cc1cn(C2CC(O)C(CNC(=O)COc3ccc(OCc4ccccc4)cc3)O2)c(=O)[nH]c1=O,CHEMBL8519
DEC_1309,decoy,CCCCc1nc2ccc([C@H]3C4CCCC4ON3C)cc2c(=O)n1Cc1ccc(-c2ccccc2-c2nn[nH]n2)cc1,CHEMBL53803
DEC_2075,decoy,N[C@@H](CCC(=O)NC(CSCC(=O)c1ccc(Cl)cc1)C(=O)NCC(=O)O)C(=O)O,CHEMBL416209
DEC_2168,decoy,CCC(CO)(CO)NC(=O)c1ccccc1SSc1ccccc1C(=O)NC(CC)(CO)CO,CHEMBL441243
DEC_4083,decoy,CN(C)c1ccc(/C=C/[C@]2(O)CCC3C4CCC5=CC(=O)CCC5=C4[C@@H](c4ccc(N(C)C)cc4)C[C@@]32C)cc1,CHEMBL303660
DEC_1412,decoy,O=C1C=CC(=O)c2c(O)nc(CBr)nc21,CHEMBL33314
DEC_2283,decoy,Cc1cc(Br)cc(C)c1C/N=c1\c(O)c(O)\c1=N/C(C)(C)C,CHEMBL19398
DEC_3716,decoy,CCOC(=O)/C=C/[C@H](CCC(N)=O)NC(=O)[C@H](Cc1ccccc1)NC(=O)[C@H](CC(C)C)NC(=O)[C@@H](NC(C)=O)C(C)C,CHEMBL330273
DEC_1155,decoy,COCC(=O)O[C@H]1C(O)[C@H](OCC23C[C@@H]4[C@H](C)CC[C@H]4C4(C=O)CC2C=C(C(C)C)C34C(=O)O)O[C@H](C)[C@H]1OC,CHEMBL274933
DEC_0897,decoy,CCCOc1nnc(-c2cc(C(C)(C)C)c(O)c(C(C)(C)C)c2)s1,CHEMBL279387
DEC_2734,decoy,CSc1ccc2c(CCN(C)C)c[nH]c2c1,CHEMBL417480
DEC_3549,decoy,Oc1ccc2c(c1CCCOc1ccccc1)CCO2,CHEMBL268586
DEC_0808,decoy,CN1CCN(C2=Nc3ccccc3CC=C2c2cccnc2)CC1,CHEMBL16772
DEC_1106,decoy,Nc1nc(N)c2c(CSc3cccc4ccccc34)c[nH]c2n1,CHEMBL17479
DEC_0282,decoy,O=C1C2C3C=CC(C4C=CC43)C2C(=O)N1CCCCN1CCN(c2ncccn2)CC1,CHEMBL287168
ACT_071,active,N=C(N)N1CCC[C@H](NC(=O)[C@@H]2CC[C@@H]3CCC[C@H](NS(=O)(=O)c4cccc5ccccc45)C(=O)N32)C1O,CHEMBL69840
DEC_3148,decoy,O=P(O)(O)C(Cc1cccc2cccnc12)N[C@H](Cc1ccc(-c2ccccc2)cc1)c1nnn[nH]1,CHEMBL10436
DEC_1736,decoy,COc1c(N2CCCC(CN)C2)c(F)c(N)c2c(=O)c(C(=O)O)cn(C3CC3)c12,CHEMBL428359
DEC_1911,decoy,CN(C)CCCNCc1cc(I)cc(C(C)(C)C)c1O,CHEMBL21174
DEC_2816,decoy,Cc1nnc2n1-c1sc(CCc3ccc4c(c3)CCC4)cc1C(c1ccccc1Cl)=NC2,CHEMBL289463
DEC_2546,decoy,CC1=CC2[C@H](C(O)CC3(C)[C@H]2C[C@@H](C)[C@]3(O)C(=O)CO)C2(C)Cc3cnn(-c4ccccc4)c3C=C12,CHEMBL279092
DEC_1851,decoy,Oc1ccc(-c2nc3n(c2-c2ccc(O)cc2)CCS3)cc1,CHEMBL17209
DEC_3456,decoy,CC(=O)NCCCCC/C=C(\NC(=O)C1CC1(C)C)C(=O)O.CC(C)=O,CHEMBL11925
DEC_0885,decoy,CCCc1cc(C#N)ccc1/N=c1\c(O)c(O)\c1=N/[C@H](C)C(C)(C)C,CHEMBL19492
DEC_3006,decoy,O=S(=O)(CBr)OCCCl,CHEMBL275363
DEC_2175,decoy,CC(C)OP(=O)(NC(CNC(=O)CC1CC(c2ccc(C(=N)N)cc2)=NO1)C(=O)O)OC(C)C,CHEMBL23200
DEC_3953,decoy,CNC(=O)C(NC(=O)C(CCc1ccccc1)CC(O)C(F)(F)c1ccc(Cc2ccccc2)cc1)C(C)(C)C,CHEMBL412644
DEC_3889,decoy,CC(C)(C)C(=O)O/C=C1/C(=O)N2[C@@H](C(=O)OC(c3ccccc3)c3ccccc3)C(C)(C)S(=O)(=O)[C@H]12,CHEMBL34123
DEC_2850,decoy,COc1ccccc1Oc1c(NS(=O)(=O)c2ccc(C(C)(C)C)cc2)nc(C)nc1OCCOC(=O)c1ccoc1,CHEMBL74118
DEC_0889,decoy,C/C(=N\O)c1cccc(Sc2cc(F)cc(C3CCOCC3)c2)c1,CHEMBL25026
DEC_0251,decoy,CNP1(N2CC2)=NP(N2CC2)(N2CC2)=NP(N2CC2)(N2CC2)=N1,CHEMBL27942
DEC_0683,decoy,COC(=O)CCC(=O)N[C@@H]1CCC2(O)C3Cc4ccc(O)c5c4C2(CCN3CC2CC2)C1O5,CHEMBL27090
DEC_2017,decoy,Nc1nc(/C(=N/O)C(=O)N[C@@H]2C(=O)N3C(C(=O)O)=C(/C=C4\CCN(c5ccc(O)cc5)C4=O)CS[C@H]23)cs1,CHEMBL53564
ACT_042,active,Cc1ccc(NS(=O)(=O)Cc2ccc(F)cc2)c(=O)n1CC(=O)NC1CCc2c(sc(=N)n2N)C1,CHEMBL109999
DEC_4243,decoy,CCN1C(C(=O)N[C@H](C=O)Cc2ccccc2)=Cc2cc3c(cc2S1(=O)=O)OCCO3,CHEMBL269333
DEC_1032,decoy,Cc1nc(-c2ccc(-c3nc(-c4ccc(F)cc4)c(-c4ccncc4)[nH]3)cc2)no1,CHEMBL17482
DEC_3858,decoy,CCN(CC)CCNc1ccc(CO)c2sc3ccccc3c(=O)c12,CHEMBL22077
DEC_2342,decoy,CCc1nc2c(C)cc(C)nc2n1Cc1ccc(-c2ccoc2-c2nn[nH]n2)cc1,CHEMBL14229
DEC_1046,decoy,N#C/C(=C(/N)Sc1ccccc1N)c1cccc(C(O)c2cccc(C(F)(F)F)c2)c1,CHEMBL38260
DEC_1295,decoy,CCCCc1nc2ccc([C@@H]3C[C@H]4CCC(C)(C)N4O3)cc2c(=O)n1Cc1ccc(-c2ccccc2-c2nn[nH]n2)cc1,CHEMBL44798
DEC_0959,decoy,COc1cc(CNc2ncnc3c2ncn3[C@@H]2O[C@H](CO)[C@@H](O)[C@H]2NC(=O)c2cc(Cl)cc(Cl)c2)c2ccccc2c1,CHEMBL64311
DEC_3168,decoy,CCSc1ccc2c(c1)c1c(n2C)CCCC1,CHEMBL19538
DEC_1354,decoy,CN1C(=O)C(NC(=O)Nc2cccc(S(=O)(=O)NC(=O)c3ccccc3)c2)N=C(C2CCCCC2)c2ccccc21,CHEMBL75490
DEC_0769,decoy,CCCNCc1cccc(C(=O)OCC(=O)[C@@]2(O)CCC3C4CCC5=CC(=O)CCC5(C)C4C(O)CC32C)c1,CHEMBL83442
DEC_1898,decoy,CCCc1nc2c(n1Cc1ccc(-c3ccccc3-c3nn[nH]n3)cc1)CCCC/C2=C\C(=O)O,CHEMBL46628
DEC_3529,decoy,CCSC(=O)OC/C=C(\C)CCC1OC1(C)C,CHEMBL40390
DEC_1232,decoy,COC(=O)[C@H](COC(C)=O)NP(=O)(OCCSC(=O)C(C)(C)C)OCC1OC(n2cc(C)c(=O)[nH]c2=O)CC1N=[N+]=[N-],CHEMBL343639
DEC_3685,decoy,CCN(CC)CCn1nc2c3c(c(NCCN4CCOC4=O)ccc31)Sc1ccccc1-2,CHEMBL287463
DEC_0018,decoy,CCCCc1ccc(-c2ccc(OCC(CN3C(=O)NC(C)(C)C3=O)N(O)C=O)cc2)cc1,CHEMBL42970
DEC_1278,decoy,CCCC[C@@H]1C(=O)N([C@@H](C2SCCCS2)C2OC(C)(C)OC2C2COC(C)(C)O2)[C@@H]1/C(C)=C/c1ccccc1,CHEMBL313683
DEC_3923,decoy,COc1ccc2c(c1OC(C)=O)-c1cc(OC(C)=O)cc3c1C(C2)N(C(=O)CN(CCCl)CCCl)CC3,CHEMBL7439
DEC_2637,decoy,CC1(C)C2CCC1(CS(=O)(=O)N1CCC3(CCc4ccccc43)CC1)C(NC(=O)C1CCCN(CCO)C1)C2,CHEMBL22713
DEC_2400,decoy,O=C1Nc2ccc(F)c(F)c2C(C#Cc2ccco2)(C(F)(F)F)O1,CHEMBL277723
DEC_3996,decoy,CC(C)C(NC(=O)Cn1c(-c2ccccc2)cc2c3cccc(C(=O)O)c3nc-2c1O)C(=O)C(F)(F)F,CHEMBL277905
DEC_4006,decoy,N#Cc1cccc(Cc2cc(CCC(=O)O)c3c(c2)CC(NS(=O)(=O)c2ccc(Cl)cc2)CC3)c1,CHEMBL280602
DEC_2974,decoy,CO[C@H]1CCOP(=O)(N(CCCl)CCCl)N1,CHEMBL27231
DEC_0899,decoy,CCCCCc1cc(O)c2c(c1)OC(C)(C)[C@@H]1CCC(CNC)CC21,CHEMBL28077
DEC_1747,decoy,C[C@@H](O)[C@H]1C(=O)N2C(C(=O)O)=C(S[C@@H]3CN[C@@H](Cc4ccc(CN)cc4)C3)[C@H](C)[C@H]12,CHEMBL268234
DEC_1043,decoy,N#C/C(=C(/N)Sc1ccccc1N)c1cccc(C(O)c2ccc(C(F)(F)F)cc2)c1,CHEMBL38184
DEC_0255,decoy,CSc1c2c(nc(N)n3nc(-c4ccc(CN5CCN(C)CC5)o4)nc23)nn1C,CHEMBL281372
DEC_3455,decoy,CNC(=O)[C@@H](NC(=O)[C@H](CC(C)C)[C@@H](C(=O)NO)C(C)C)C(C)(C)C,CHEMBL434201
DEC_0906,decoy,CCN(CC)CCn1nc2c3c(c(CN)ccc31)Sc1ccccc1-2,CHEMBL281022
DEC_3389,decoy,CC(C)NC(=O)OCc1c(COC(=O)NC(C)C)c(-c2ccc(Cl)c(Cl)c2)n2c1CS(=O)(=O)C2,CHEMBL291604
DEC_1221,decoy,CC(/N=c1\c(O)c(O)\c1=N/c1ccc(C#N)cc1)c1ccc([N+](=O)[O-])cc1,CHEMBL18684
DEC_1000,decoy,O=C(c1ccc2oc(CN3CCC[C@@H](n4cc(C(F)(F)F)ccc4=O)C3)cc2c1)N1CCC(N2C(=O)OCc3ccccc32)CC1,CHEMBL281988
DEC_2327,decoy,Oc1nc2ccc(C#CCN3CCC(O)(Cc4ccc(F)cc4)CC3)cc2o1,CHEMBL19952
DEC_2895,decoy,CO[C@H]1[C@H](O)[C@H]2[C@@H](O[C@@H]1CO)n1c3ccc(CO)cc3c3c4c(c5c6cc(CO)ccc6n2c5c31)C(=O)NC4=O,CHEMBL28587
DEC_3283,decoy,CCOC(=O)c1cnc2ccc(C3(CCC(=O)NCCC(C)C)CCC(=O)NC3=O)cc2c1O,CHEMBL22392
DEC_1685,decoy,CNC(=O)OCCN(CCOC(=O)NC)Cc1cc(OC)c2c(c1)C(=O)c1cccc(OC)c1C2=O,CHEMBL41055
DEC_3890,decoy,CC(=O)N1CCN(C(=O)/C=C/c2ccc(Sc3ccc4c(c3)OCC(C(=O)N(C)C)O4)c(Cl)c2)CC1,CHEMBL19675
DEC_1881,decoy,CCNC(=O)c1nc(-c2cc(Cl)cc(Cl)c2)c(-c2cc(Cl)cc(Cl)c2)[nH]1,CHEMBL7598
DEC_3073,decoy,CC(=O)Nc1ccc(-c2nc3n(c2-c2ccc(NC(C)=O)cc2)CCS3)cc1,CHEMBL278748
DEC_3567,decoy,CC(C)(C)/N=c1\c(O)c(O)\c1=N/c1cccnc1Cl,CHEMBL19073
DEC_3211,decoy,CC(C)(C)c1cc(-c2nnc(O)s2)cc(C(C)(C)C)c1O,CHEMBL16827
DEC_2423,decoy,CC12CCC(=O)C=C1[C@@H]1C[C@@H]1C1C2CCC2(C)C1CCC21CCC(=O)O1,CHEMBL269229
DEC_1007,decoy,O=C(Cn1cc(C(F)(F)F)ccc1=O)NCc1cc2cc(C(=O)N3CCC(N4C(=O)OCc5c(F)cccc54)CC3)ccc2o1,CHEMBL287628
DEC_2565,decoy,COC(=O)c1c(C(F)(F)F)[nH]c2c1C13CC1CN(C(=O)c1cc4cc(OC)ccc4[nH]1)C3=CC2=O,CHEMBL297000
DEC_2038,decoy,CCOC(=O)[C@H](CCC(=O)N1CCC2(CC1)CCN(c1ccc(C(=N)NO)cc1)C2=O)NS(=O)(=O)c1c(C)noc1C,CHEMBL62502
DEC_2906,decoy,O=P(O)(O)C(F)(F)c1ccc(CC(Cc2ccc(C(F)(F)P(=O)(O)O)cc2)(c2nnn[nH]2)n2nnc3ccccc32)cc1,CHEMBL418703
DEC_0622,decoy,CC(=O)C1(c2ccccc2)CCN(CCCC2(c3ccc(Cl)c(Cl)c3)CCCN(C(=O)c3ccccc3)C2)CC1,CHEMBL27463
DEC_4254,decoy,Nc1nc2c(cnn2CCc2ccc(S(N)(=O)=O)cc2)c2nc(-c3ccco3)nn12,CHEMBL23745
DEC_0527,decoy,Cc1nccc2c1c1ncnc(N3CCN(CCc4ccc(F)c(F)c4)CC3)c1n2C,CHEMBL27007
DEC_2798,decoy,CN(C)CC(c1ccccc1)c1nnc2n1-c1ccccc1C(c1ccccc1Cl)=NC2,CHEMBL16369
DEC_1784,decoy,COC(=O)C1=C(C)NC(=O)N(C(=O)NCCCN2CCC(C(=O)OC)(c3ccccc3)CC2)C1c1ccc(F)c(F)c1,CHEMBL298713
DEC_3295,decoy,CCCn1c(=O)c2nc(-c3cc(NC(=O)[C@H](C)c4ccccc4)nn3C)[nH]c2n(CCC)c1=O,CHEMBL32112
DEC_2504,decoy,C=CCNc1nc(NCC=C)nc(N2CCC(NCC3c4ccccc4CS(=O)(=O)c4ccccc43)CC2)n1,CHEMBL313401
DEC_1384,decoy,N#CN/C(=N\C(Cn1ccnc1)c1ccc(Cl)cc1Cl)Nc1ccccc1Cl,CHEMBL8473
DEC_1676,decoy,CCCn1c(=O)c2nc(-c3ccc(S(=O)(=O)NCCN(C)C)cc3)[nH]c2n(CCC)c1=O,CHEMBL11002
DEC_0333,decoy,CC(C)C1=CC2CC3(C=O)[C@@H]4CC[C@@H](C)[C@H]4CC2(CO[C@H]2CN(C4C=CCCC4)[C@H](C)CO2)[C@]13C(=O)O,CHEMBL287408
DEC_1908,decoy,CCc1nc2c(n1Cc1ccc(-c3ccccc3-c3nn[nH]n3)cc1)/C(=C/C(=O)O)CCCC2,CHEMBL43591
DEC_3269,decoy,O=C(N[C@@H]1CCC2(O)C3Cc4ccc(O)c5c4C2(CCN3CC2CC2)C1O5)C(=O)c1ccccc1,CHEMBL28284
DEC_3588,decoy,Nc1nc(N)c2c(Cl)c(Br)ccc2n1,CHEMBL266638
DEC_3380,decoy,C=C1CC2C3CCC4=CC(=O)C=CC4(C)C3C(O)[C@H](Cl)C2(C)[C@@]1(OC(=O)c1ccco1)C(=O)COC(C)=O,CHEMBL37510
ACT_052,active,Nc1cc(C2=NOC(CNS(N)(=O)=O)(C(=O)Nc3ccc(-c4ccccc4S(N)(=O)=O)cn3)C2)ccc1Cl,CHEMBL7854
DEC_1298,decoy,CC(=O)Nc1ccc(/C=C/C(=O)NC[C@H]2CCCN2c2ccc(C)c(COc3cccc4ccc(C)nc34)c2C)cn1,CHEMBL292181
DEC_2553,decoy,COC(=O)[C@@]1(O)C[C@H]2O[C@]1(C)n1c3ccc(CO)cc3c3c4c(c5c6cc(CO)ccc6n2c5c31)C(=O)NC4,CHEMBL289772
DEC_1973,decoy,CO[C@]1(c2cc(F)cc(Sc3ccc(/C(C)=N/OCC#N)cc3)c2)CCO[C@@H](C)C1,CHEMBL280554
DEC_0183,decoy,O=C1CCC(c2ccc(-n3cnnc3)cc2)=NN1,CHEMBL31032
DEC_1418,decoy,Nc1ncnc2c1ncn2C1C[C@H](CO)C1CO,CHEMBL283205
DEC_2610,decoy,CCOC(=O)C(C)Nc1cccc2c(S(=O)(=O)Nc3onc(C)c3C)cccc12,CHEMBL29448
DEC_1655,decoy,O=C([O-])C[C@H](O)C[C@H](O)/C=C/c1c(C2CC2)nc2sc3c(c2c1-c1ccc(F)cc1)CCCCC3.[Na+],CHEMBL431293
DEC_2083,decoy,COc1cc(C(=O)NC(CCC(=O)O)C(=O)O)ccc1NCCCc1c(N)nc(N)nc1O,CHEMBL29713
DEC_1323,decoy,COC(=O)c1c(C(F)(F)F)[nH]c2c(O)cc3c(c12)[C@H](CCl)CN3C(=O)c1cc2c(OC)c(OC)c(OC)cc2[nH]1,CHEMBL34827
DEC_0069,decoy,CN(C)c1ccc2c(N(C)C)cc(N(C)C)nc2c1,CHEMBL29630
DEC_3106,decoy,OC[C@@]12C[C@@H]1[C@@H](n1cnc3c(NCc4cccc(I)c4)nc(Cl)nc31)C[C@@H]2O,CHEMBL28057
DEC_2219,decoy,COc1cc2c(Nc3c(F)cc(Br)cc3F)ncnc2cc1OCC1CCNCC1,CHEMBL279459
DEC_3162,decoy,CN(C)CCc1c[nH]c2c(Br)cccc12,CHEMBL21083
DEC_0396,decoy,Nc1ccc(S(=O)(=O)Nc2cccc3c(Cl)c[nH]c23)cc1,CHEMBL20497
DEC_3200,decoy,CN1CC=C(c2c[nH]c3ccc(-c4ccncc4)cc23)CC1,CHEMBL282799
DEC_2360,decoy,CCCn1c(=O)c2c(nc(/C=C/c3cc(OC)cc(OC)c3)n2C)n(CCC)c1=O,CHEMBL27215
DEC_2703,decoy,CCCCc1nn(-c2ccccc2C(F)(F)F)c(=O)n1Cc1ccc(-c2ccccc2-c2nn[nH]n2)cc1,CHEMBL19018
DEC_3383,decoy,C=C1C[C@@]23O[C@]2(c2ccccc21)C1CC(OC(=O)[C@H](O)[C@@H](NC(=O)OCC)c2ccc(Cl)cc2)C3(C)C1(C)C,CHEMBL32620
DEC_1136,decoy,COc1ccc(C[C@H]2NC(=O)/C=C/C[C@@H]([C@H](C)C3OC3c3ccccc3)OC(=O)[C@H](CC(C)C)NC(=O)CCNC2=O)cc1,CHEMBL52870
DEC_3065,decoy,COC(=O)c1ccc(C(O)c2cccc(/C(C#N)=C(\N)Sc3ccccc3N)c2)cc1,CHEMBL290865
DEC_3761,decoy,NC(=O)[C@H](Cc1ccccc1)NC(=O)[C@H](CC(=O)O)NC(=O)c1ccc2ccccc2c1,CHEMBL34863
DEC_0318,decoy,CCOC(=O)N[C@@H](c1ccc(C)cc1)[C@@H](O)C(=O)OC1CC2C(C)(C)C1(C)[C@@]13C[C@H](C)c4ccccc4[C@@]21O3,CHEMBL286832
DEC_0895,decoy,CCSc1nnc(-c2cc(C(C)C)c(O)c(C(C)C)c2)s1,CHEMBL276062
DEC_4037,decoy,CCOc1cccc(-c2cc(C#N)ccc2C#CC(O)(c2ccc(C#N)cc2)c2cncn2C)c1,CHEMBL24043
DEC_3640,decoy,COc1ccc2nc(NCCCN3CCN(CCCNc4nc5ccc(OC)cc5n5cccc45)CC3)c3cccn3c2c1,CHEMBL60012
DEC_2729,decoy,C=C(Cl)CN1C[C@H](OCC23C[C@@H]4[C@H](C)CC[C@H]4C4(C=O)CC2C=C(C(C)C)[C@@]34C(=O)O)O[C@H](C)[C@H]1C,CHEMBL34273
DEC_2326,decoy,COc1cc2c(c(OC)c1OC)c1c3c(cc4c1n2C(=O)CC4)CNCC3,CHEMBL277478
DEC_0212,decoy,CC1CC(n2cnc3c(N)ncnc32)C(O)C1O,CHEMBL278403
DEC_0713,decoy,CCC(N)c1ccc([C@H]2C[C@H](SC3=C(C(=O)O)N4C(=O)[C@H]([C@@H](C)O)[C@H]4[C@H]3C)CN2)cc1,CHEMBL417267
DEC_2829,decoy,O=S1(=O)c2cccc3cccc(c23)N1CCN1CCC(CC2=CCc3ccccc32)CC1,CHEMBL416544
DEC_1525,decoy,CC[C@@]1(OC(=O)CNC(=O)CC[C@H](N)C(=O)O)C(=O)OCc2c1cc1n(c2=O)Cc2cc3ccccc3nc2-1,CHEMBL293136
DEC_1438,decoy,CN(C)c1ccc2c(c1Cl)CN1CC(=O)NC1=N2,CHEMBL280984
DEC_3754,decoy,C[C@@H](O)[C@H]1C(=O)N2C(C(=O)O)=C(S[C@@H]3CN[C@H](CNc4ccc(CN)cc4)C3)[C@H](C)[C@H]12,CHEMBL416711
DEC_3579,decoy,CC(C)N[C@@H]1CCc2c(ccc(O)c2O)[C@H]1O,CHEMBL6913
DEC_1178,decoy,CC(C)(C)NC(=O)[C@@H]1C[C@@H]2CCCC[C@@H]2CN1C[C@@H](O)[C@H](Cc1ccccc1)NC(=O)O[C@@H]1CCCS(=O)(=O)C1,CHEMBL18603
DEC_0006,decoy,C[C@H]([C@](O)(Cn1cncn1)c1ccc(F)cc1F)S(=O)(=O)CCCCCCCCO,CHEMBL35816
DEC_4221,decoy,C[C@@H](O)[C@H]1C(=O)N2C(C(=O)[O-])=C(Sc3nc4cc(C[n+]5ccn(C)c5)ccc4s3)C[C@H]12,CHEMBL34381
DEC_3857,decoy,Cc1noc(NS(=O)(=O)c2cccc3c(NC(C)C)cccc23)c1C,CHEMBL416026
DEC_1175,decoy,O=C(O)[C@@H]1[C@@H](CC2CCNCC2)C(=O)N1C(=O)N1CCN(C(=O)Cc2ccc(CCCc3ccccc3)cc2)CC1,CHEMBL72520
DEC_0571,decoy,C=CCOC(=O)NC1C2C(=O)CC(c3ccc(O)cc32)C1C(=O)OCC[Si](C)(C)C,CHEMBL12742
DEC_3256,decoy,CCCCCCCCNC[C@H](O[C@@H]1O[C@H](CN)[C@@H](O)[C@H]1O)[C@@H]1C[C@@H](O)[C@H](n2ccc(=O)[nH]c2=O)O1.O=C(O)C(F)(F)F,CHEMBL17882
DEC_3623,decoy,CC[C@H](NC(=O)N1C(=O)CC1SC[C@H](CC(C)C)NC(=O)[C@@H](NC(=O)CC(C)(C)C)C(C)(C)C)c1ccccc1,CHEMBL35353
DEC_0370,decoy,CCCCCc1c(C(C)C)nc(C(C)C)c(CO)c1-c1ccc(Cl)cc1Cl,CHEMBL276984
DEC_3688,decoy,COc1ccc(N(/C=N/c2ccn(C3CSC(CO)O3)c(=O)n2)c2ccc(OC)cc2)cc1,CHEMBL18509
DEC_4144,decoy,C=CCN(CCC)C1CCc2cccc(OS(=O)(=O)C(F)(F)F)c2C1,CHEMBL25857
DEC_2388,decoy,CCNCC1CCN(c2c(F)c(C)c3c(=O)c(C(=O)O)cn(C4CC4)c3c2F)C1,CHEMBL16371
DEC_2382,decoy,NCCC1CN(c2c(F)cc3c(=O)c(C(=O)O)cn(C4CC4)c3c2F)CCO1,CHEMBL29565
DEC_0588,decoy,Cc1oc2c(C)c(C)c(OCc3ccccc3)c(C)c2c1CN1CCC[C@H]1COc1ccc(/C=C2\SC(=O)NC2=O)cc1,CHEMBL292140
DEC_1411,decoy,C/N=C(\S)N/N=C(C)/C=N/N=C(\S)N(C)C,CHEMBL30042
DEC_3042,decoy,CCC1C(=O)N2C=CSC2N(CC2CC2)C1=O,CHEMBL30057
DEC_0950,decoy,CC(C)/N=C(/Nc1nc2nc(NCCCN3CCN(C)CC3)ncc2cc1-c1c(Cl)cccc1Cl)NC(C)C,CHEMBL299270
DEC_2766,decoy,Clc1ccc(NC23CC4CC(CC(C4)C2)C3)cn1,CHEMBL18749
DEC_3732,decoy,Nc1nc(O)c2c(n1)CCC(CNc1ccc(C(=O)NC(CCC(=O)O)C(=O)O)cc1)C2,CHEMBL279508
DEC_0793,decoy,O=C1Nc2ccc(F)c(F)c2C(C#Cc2ccccn2)(C(F)(F)F)O1,CHEMBL17388
DEC_2211,decoy,CCCc1nc2c(n1Cc1ccc(-n3cccc3-c3nn[nH]n3)cc1)/C(=C/C(=O)O)CCCC2,CHEMBL44295
DEC_4036,decoy,FC(F)(F)c1ccc(CN2CCN(CCCN3CCc4c([nH]c5ccccc45)C3)CC2)cc1,CHEMBL12755
DEC_2643,decoy,CCC(=O)N1CCN(CCCc2c(/C=C3\C(=O)Nc4ccc(S(=O)(=O)NC)cc43)[nH]c3c2CCCC3)CC1,CHEMBL57467
DEC_1840,decoy,Clc1ccc(Sc2ccc(NC3=NCCN3)cc2)cc1,CHEMBL9883
DEC_0418,decoy,O=C1NC(=O)c2cc(Nc3ccccc3)c(Nc3ccccc3)cc21,CHEMBL268868
DEC_0878,decoy,CCN(CC)CCNc1ccc2ncn3c4c(OC)ccc(OC)c4c(=O)c1c23,CHEMBL8150
DEC_0525,decoy,CN(C)P1(N(C)C)=N[P@](N(C)C)(N2CC2)=N[P@](N(C)C)(N2CC2)=N1,CHEMBL282414
DEC_2445,decoy,Cc1cc(-n2ccc(=O)[nH]c2=O)cc(C)c1Sc1ccc(Cl)cc1,CHEMBL276605
ACT_084,active,C#Cc1cc(O[C@@H]2CCOC2)cc(C(Nc2ccc(C(=N)N)cc2)C(=O)O)c1,CHEMBL381222
DEC_3338,decoy,COc1cc2c3c(c1)-c1c(ccc(OC)c1OC)CC3N(CCN(CCCl)CCCl)CC2,CHEMBL267878
DEC_0717,decoy,N[C@@H](C(=O)N[C@@H]1C(=O)N2C(C(=O)O)=C(C(F)(F)F)CC[C@H]12)c1ccc(O)c(Cl)c1,CHEMBL440770
DEC_4047,decoy,C=C(C)CN1C[C@H](OCC23C[C@@H]4[C@H](C)CC[C@H]4C4(C=O)CC2C=C(C(C)C)[C@@]34C(=O)O)OC[C@H]1C,CHEMBL284180
DEC_0028,decoy,COCc1[nH]c(-c2ccc(OCC(O)CNCCc3ccc(OC)c(OC)c3)cc2)nc1C,CHEMBL11414
DEC_2990,decoy,COc1cc2[nH]c3c(c2cc1-c1cnco1)CC(=O)CC3,CHEMBL23127
DEC_0065,decoy,C[C@@H]1CCCCC12OOC1(CCCC[C@@H]1C)OO2,CHEMBL278291
DEC_2570,decoy,CO[C@H]1[C@H](O)[C@H]2[C@@H](O[C@@H]1CO)n1c3ccc([N+](=O)[O-])cc3c3c4c(c5c6ccccc6n2c5c31)C(=O)NC4=O,CHEMBL283904
DEC_3100,decoy,CCNCC1CCN(c2c(F)cc3c(=O)c(C(=O)O)cn(C4CC4)c3c2OCC)CC1,CHEMBL15171
DEC_0182,decoy,C/C=C(\NC(=O)C1CC1(Cl)Cl)C(=O)O,CHEMBL12086
DEC_2563,decoy,Nc1nc(O)c2nn(-c3cccc(C(=O)NCc4cc(C(F)(F)F)cc(C(F)(F)F)c4)c3)nc2n1,CHEMBL295307
DEC_0819,decoy,O=C1c2ccc(O)cc2C23CCCCC2C1N(CC1CC1)CC3,CHEMBL279967
DEC_1334,decoy,COc1cc(C(C2=C(O)C(=O)c3ccccc3C2=O)C2C(=O)c3ccccc3C(=O)C2O)cc(Br)c1O,CHEMBL36463
DEC_0114,decoy,Nc1ncnc2nc(-c3ccc(N4CCC(=NOC5CCOCC5)CC4)nc3)cc(-c3cccc(Br)c3)c12,CHEMBL65664
DEC_2110,decoy,CCCc1c(O)n(-c2ccc(F)cc2)c2nc3c(c(=O)n(C)c(=O)n3C)n2c1=O,CHEMBL441338
DEC_2969,decoy,CO[C@@H]1CCOP(=O)(NCCCl)N1CCCl,CHEMBL26680
ACT_080,active,NCc1ccc(Cl)cc1CNC(=O)[C@@H]1CCCN1C(=O)c1cc(C(=O)c2cccnc2)c[nH]1,CHEMBL3950043
DEC_4026,decoy,CC1=NC(NC(=O)CC(C)(C)N)C(=O)N(Cc2ccc(-c3ccccc3-c3nn[nH]n3)cc2)c2ccccc21,CHEMBL280719
DEC_0236,decoy,Nc1nc(=O)n([C@H]2O[C@@H](CO)C=C2F)cc1F,CHEMBL27925
DEC_3320,decoy,COCc1nc(N2CCN(CCc3ccc(F)c(F)c3)CC2)c2c(n1)c1c(Cl)nccc1n2C,CHEMBL25905
DEC_0934,decoy,CC(C)C[C@@H]1OC(=O)C(C)(C)CNC(=O)[C@@H](Cc2ccc(N)cc2)NC(=O)/C=C/C[C@@H]([C@H](C)/C=C/c2ccccc2)OC1=O,CHEMBL89807
DEC_1627,decoy,CCCn1c(=O)c2nc(-c3cc(NC(=O)Cc4ccc([N+](=O)[O-])cc4)nn3C)[nH]c2n(CCC)c1=O,CHEMBL287493
DEC_3308,decoy,CC(C)NCc1ccc([C@H]2C[C@H](SC3=C(C(=O)O)N4C(=O)[C@H]([C@@H](C)O)[C@H]4[C@H]3C)CN2)cc1,CHEMBL17437
DEC_2981,decoy,Cc1ccc(C)n1N(C)c1ccc(N2CCOCC2)nn1,CHEMBL276006
DEC_1040,decoy,CCCc1cc(=O)oc2c(C(=O)C(C)(C)C(C)O)c(O)c3c(c12)OC(C)(C)C=C3,CHEMBL269121
DEC_3526,decoy,S=C=Nc1cccc(-c2noc(-c3ccco3)n2)c1,CHEMBL278333
DEC_3504,decoy,COOC1(OOC)CCC(C(C)(C)C)CC1,CHEMBL285356
DEC_3018,decoy,C1CCN2C[C@H]3C[C@H](CN4CCCC[C@@H]34)[C@H]2C1,CHEMBL412873
DEC_1283,decoy,C=C1C[C@@]23O[C@]2(c2ccccc21)C1CC(OC(=O)[C@H](O)[C@@H](NC(=O)CCC2CCCC2)c2ccccc2)C3(C)C1(C)C,CHEMBL31446
DEC_4205,decoy,O=C1NC(=O)/C(=C/c2cccc([N+](=O)[O-])c2)N1,CHEMBL290014
DEC_1763,decoy,COc1ccc(C[C@H]2NC(=O)/C=C/C[C@@H]([C@H](C)[C@H]3O[C@@H]3c3ccccc3)OC(=O)[C@H](C(C)(C)C)OC(=O)CCNC2=O)cc1,CHEMBL313997
DEC_0767,decoy,O=C(NC[C@@H]1Cc2ccccc2CN1C(=S)NC[C@H]1CCCN1Cc1ccccn1)Nc1ccccc1,CHEMBL43682
DEC_1241,decoy,CC(=O)Oc1ccc(/C=C/C(=O)O[C@H](C(=O)O)[C@H](OC(=O)/C=C/c2ccc(OC(C)=O)c(OC(C)=O)c2)C(=O)O)cc1OC(C)=O,CHEMBL30455
DEC_3753,decoy,O=C(/C=C/c1ccc(O)cc1)O[C@@H]1C[C@](OCCCc2ccccc2)(C(=O)O)C[C@@H](O)[C@H]1O,CHEMBL34518
DEC_0966,decoy,CC(C)[C@H](O)CNC(C)(C)CC(=O)N[C@@H]1CCc2ccccc2N(Cc2ccc(-c3ccccc3-c3nn[nH]n3)cc2)C1=O,CHEMBL329839
DEC_4231,decoy,Nc1nc2c(cnn2CCCc2ccc3c(c2)O[C@H](C(=O)O)O3)c2nc(-c3ccco3)nn12,CHEMBL22355
DEC_4174,decoy,CN(C)CCNCc1c2ccccc2c(CNCCN(C)C)c2ccccc12,CHEMBL287188
DEC_1792,decoy,COC(=O)[C@]1(Cc2ccccc2)C[C@@H]2[C@@H](NC(=O)[C@@H](Cc3c[nH]c4ccccc34)NC(=O)OC(C)(C)C)CCCN2C1=O,CHEMBL325070
DEC_3451,decoy,C[C@H](NC(=O)CCC(=O)O)C(=O)N[C@@H](C)C(=O)N1CCC[C@H]1C(=O)N[C@@H](Cc1ccccc1)C(=O)Nc1ccc([N+](=O)[O-])cc1,CHEMBL298712
DEC_0456,decoy,COCCCN1CC[C@@H](N2CC(=O)N3[C@H](c4ccc5c(c4)OCO5)c4[nH]c5ccccc5c4C[C@@H]3C2=O)C1,CHEMBL34802
DEC_4096,decoy,CN(C)c1ccc(C(=C(c2ccc(N(C)C)cc2)c2ccc(N(C)C)cc2)c2ccc(N(C)C)cc2)cc1,CHEMBL42192
DEC_2533,decoy,CC(C)(NCCCO)C(=O)N[C@@H]1CCc2ccccc2N(Cc2ccc(-c3ccccc3-c3nn[nH]n3)cc2)C1=O,CHEMBL274341
DEC_0244,decoy,COc1nc(N)nc2c1ncn2/C=C1/C[C@@H]1CO,CHEMBL289371
DEC_0012,decoy,C=CCOC(=O)N[C@@H](CC(=O)O)C(=O)CCc1cc2ccccc2cc1-c1ncc[nH]1,CHEMBL416941
DEC_2616,decoy,FC(F)(F)c1cccc(NC2CCN(c3ccc(-c4ncns4)nn3)CC2)c1,CHEMBL14279
DEC_2212,decoy,COc1ccc2c3c1OC1[C@H](O)[C@@](C=CCCCc4ccccc4)(CO)CC4C(C2)N(C)CCC341,CHEMBL269664
DEC_2325,decoy,CC(C)=CC[C@@H](OC(=O)CCl)C1=CC(=O)c2c(O)ccc(O)c2C1=O,CHEMBL8834
DEC_1514,decoy,CCc1cn([C@@H]2O[C@H](CNC(=O)C3c4ccccc4S(=O)(=O)c4ccccc43)[C@@H](O)[C@@H]2F)c(=O)[nH]c1=O,CHEMBL290528
DEC_0011,decoy,C/C=C/c1ccc(OC(C)C(=O)NCCCNC(=O)C2=CC(C)(C)NC2(C)C)c(OC)c1,CHEMBL15640
DEC_4209,decoy,O=C(O)CNc1ccccc1P(=O)(O)O,CHEMBL285033
DEC_2449,decoy,CN1CCN(CC#CCCC2(C3(O)c4ccccc4Oc4ccccc43)SCCCS2)CC1,CHEMBL41962
DEC_3911,decoy,Cc1c(-c2ccc3c(c2)OCCO3)c(=O)n(CCN(C)CCc2ccccn2)c(=O)n1Cc1c(F)cccc1F,CHEMBL22929
DEC_1815,decoy,CC[C@@H]1Cc2cc3c(C(F)(F)F)cc(O)nc3cc2N[C@@H]1C,CHEMBL266269
DEC_3343,decoy,COc1ccc(/C=C2\CSCC3C2=NN(CCCN2CCN(C)CC2)C3c2ccc(OC)cc2)cc1,CHEMBL287356
DEC_0577,decoy,CCC1=C(c2ccc(OCC(=O)O)c(Cl)c2Cl)OC(CC)(C(=O)c2ccc(OCC(=O)O)c(Cl)c2Cl)CC1,CHEMBL81799
DEC_2867,decoy,CC1=NC(C)=C(C(=O)OCCCN2C(=O)c3ccccc3S2(=O)=O)C(c2ccccc2[N+](=O)[O-])/C1=C(\O)OC(C)C,CHEMBL312682
DEC_1557,decoy,CNC(=O)[C@@H]1CCCCN(S(=O)(=O)c2ccccc2)CCC[C@H](C(=O)NO)[C@@H](CC(C)C)C(=O)N1,CHEMBL24761
DEC_3170,decoy,CC1(C)OC(/C=C/c2ccc(Cl)cc2)=CC1=O,CHEMBL18170
DEC_2682,decoy,C/C=C/CC(=O)[C@@H](C)[C@H](O)[C@H](C)[C@H]1OC(=O)/C(OC)=C/C(C)=C/[C@@H](C)[C@@H](O)[C@@H](C)C/C(C)=C/C=C/[C@@H]1OC,CHEMBL294246
DEC_2640,decoy,O=S(=O)(NC1CC1c1ccc(Cl)c(Cl)c1)NS(=O)(=O)NC1CC1c1ccc(Cl)c(Cl)c1,CHEMBL21769
DEC_1277,decoy,CCCC[C@H]1C(=O)N([C@@H](C2SCCCS2)C2OC(C)(C)OC2C2COC(C)(C)O2)[C@H]1/C(C)=C/c1ccccc1,CHEMBL82333
DEC_1493,decoy,Nc1nc2c(cnn2Cc2ccc(F)cc2)c2nc(-c3ccco3)nn12,CHEMBL17302
DEC_0019,decoy,C=CCc1ccc(OCC(=O)NCC(C)(C)CNC(=O)C2=CC(C)(C)NC2(C)C)c(OC)c1,CHEMBL15614
DEC_1890,decoy,N#C/C(=C(/N)Sc1ccccc1N)c1cccc(C(O)(c2ccccc2)c2ccccc2)c1,CHEMBL35019
DEC_1686,decoy,CO/N=C(\C(=O)N[C@H]1CON(C(Oc2ccc(Cl)cc2)C(=O)O)C1=O)c1csc(N)n1,CHEMBL287072
DEC_1018,decoy,C=C1[C@@H](OC(=O)/C=C/c2ccccc2)C[C@H](OC(C)=O)[C@]2(C)[C@@H]1C[C@@H]1C[C@H](O)C(C)=C([C@@H](OC(C)=O)[C@@H]2OC(C)=O)C1(C)C,CHEMBL430558
DEC_4172,decoy,CC(C)N(CCC1(c2ccccc2Cl)C(=O)NCN2CCCCC21)C(C)C,CHEMBL23536
DEC_1900,decoy,CN(C)C1CCC(Nc2nc(Nc3cccc(Br)c3)c3ccccc3n2)CC1,CHEMBL284457
DEC_0804,decoy,CCN(C1=NCCN1)c1c(Br)cccc1Br,CHEMBL277242
DEC_2371,decoy,CS(=O)(=O)c1ccc(-c2cc(C(F)F)nn2-c2ccc(S(N)(=O)=O)cc2)cc1,CHEMBL28084
DEC_3880,decoy,O=C1[C@H]2Cc3c([nH]c4ccccc34)[C@@H](c3ccc4c(c3)OCO4)N2C(=O)CN1[C@@H]1CCN(CCC2CC2)C1,CHEMBL33944
DEC_2137,decoy,CCc1c2c(nc3ccc(N)cc13)-c1cc3c(c(=O)n1C2)COC(=O)[C@]3(O)CC,CHEMBL281768
DEC_2910,decoy,O=C(CCCCC1SCC2NC(=O)NC21)NCC(=O)NCC(=O)Nc1cccc2c1CC(N1CCC(c3ccccc3)CC1)C(O)C2,CHEMBL266183
DEC_2962,decoy,CNc1nc(Cl)c(SC)c(N2CCN(C)CC2)n1,CHEMBL407641
DEC_2105,decoy,C=CC(=O)N[C@H]1CCC2(O)C3Cc4ccc(O)c5c4C2(CCN3CC2CC2)[C@H]1O5,CHEMBL281632
DEC_4210,decoy,Nc1ccccc1S(=O)(=O)NCC(=O)O,CHEMBL38109
DEC_3324,decoy,CCCCc1cn(-c2ccccc2C(C)C)c(=O)n1Cc1ccc(-c2ccccc2-c2nn[nH]n2)nc1,CHEMBL276002
DEC_3553,decoy,Cc1cccc(C)c1NC(=O)N(CCCl)N=O,CHEMBL12885
DEC_3396,decoy,Cc1ccc(C2(c3ccc(C)cc3)CC(=O)N(CC(O)CN3CCC(C#N)(c4ccccc4C)CC3)C2=O)cc1,CHEMBL62249
DEC_1498,decoy,CC(C)(C)/N=C(/NC#N)NC1c2cc(C#N)ccc2OC(C)(C)[C@H]1O,CHEMBL6527
DEC_2987,decoy,COCON1C(=O)C(CC(C)C)=N/C(=C\C(C)C)C1=O,CHEMBL16393
DEC_1124,decoy,CCc1cc(C#N)ccc1C/N=c1\c(O)c(O)\c1=N/C(C)(C)CC,CHEMBL19999
DEC_1341,decoy,Cc1ccc2c(c1)N(CC(=O)NC(C)(C)C)C(=O)[C@H](NC(=O)Nc1cccc(-c3nn[nH]n3)c1)C[C@@H]2c1ccccc1,CHEMBL301418
ACT_025,active,c1ccc(-n2cnnn2)c(Cc2nc3c(NCCC4CCCCN4)nccc3o2)c1,CHEMBL194486
DEC_1854,decoy,c1ccc(NNC2c3ccccc3Oc3ccccc32)nc1,CHEMBL20311
DEC_4074,decoy,COc1cccc2c1CC[C@H]1CN(CCn3c(=O)[nH]c4c(sc5cccc(OC)c54)c3=O)C[C@@H]21,CHEMBL41344
DEC_2259,decoy,CCCc1cc(=O)oc2c3c(c4c(c12)OC(C)(C)C=C4)O[C@H](C)[C@@H](C)[C@@H]3O,CHEMBL267447
DEC_3036,decoy,Cc1cc(N(C)C)c2ccc(N(C)C)cc2n1,CHEMBL283252
DEC_3508,decoy,Cc1ccc(C)n1Nc1nncc2ccccc12,CHEMBL274442
DEC_4181,decoy,C/N=C(\S)N/N=C(C)/C=N/N=C(/N)S,CHEMBL27533
ACT_081,active,Cc1ccc2nc(NC(=O)CSCC(=O)OCC(=O)c3ccc(Br)cc3)sc2c1,CHEMBL1352270
DEC_2749,decoy,C(=N\c1ccc(-c2ncon2)cc1)\c1ccc[nH]1,CHEMBL21837
DEC_2293,decoy,Cc1cc(OCc2ccc(-c3ccccc3-c3nn[nH]n3)cc2)c(C)c(C)n1,CHEMBL22387
DEC_3054,decoy,C=CCN1CCC2c3c(O)cccc3CCC21,CHEMBL10048
DEC_1496,decoy,CC(/N=c1/c(NC(=O)c2ccc(C#N)cc2)c(O)c1=O)C(C)(C)C,CHEMBL280355
DEC_1621,decoy,CCCn1c(=O)c2nc(-c3cc(NC(=O)Cc4ccc(O)c(OC)c4)nn3C)[nH]c2n(CCC)c1=O,CHEMBL417312
DEC_3312,decoy,O=C1[C@@H](NS(=O)(=O)c2cc3ccnc(Cl)c3s2)CCN1Cc1cc2cc[nH]cc-2n1,CHEMBL266806
DEC_0748,decoy,C[C@@](Cc1c[nH]c2ccccc12)(NC(=O)OC1C2CC3CC(C2)CC1C3)C(=O)N[C@H](CO)[C@H](O)c1ccccc1,CHEMBL62832
DEC_0156,decoy,Oc1ccc2c(c1O)OCC[C@@H]2C1=NCCN1,CHEMBL286335
DEC_1604,decoy,Cc1onc(-c2ccccc2Cl)c1C(=O)NC1C(=O)N2C1SC(C)(C)[C@@H]2C(=O)OCOC(=O)C1=CN(C)C=CC1,CHEMBL52169
DEC_1809,decoy,CN(Cc1ccccc1)C(=O)[C@@H](Cc1ccc2c(c1)CCCC2)NC(=O)C1C[C@@H](O)CN1C(=O)c1cn(C)c2ccccc12,CHEMBL303680
DEC_2123,decoy,CN(C)n1c(=O)cc2n(C3CC3)c3cc(N4CCNCC4)c(F)cc3n2c1=O,CHEMBL28908
DEC_1256,decoy,COc1ccc(S(=O)(=O)N(Cc2ccc3c(c2)OCO3)[C@H](CNS(=O)(=O)Cc2cccc([N+](=O)[O-])c2)C(=O)NO)cc1,CHEMBL265069
DEC_1570,decoy,CCC(=O)OCC(=O)[C@@]1(OC(=O)CC)[C@@H](C)C[C@H]2C3CCC4=CC(=O)C=C[C@]4(C)[C@@]3(Cl)[C@@H](O)[C@@H](OC(=O)CC)[C@@]21C,CHEMBL292850
DEC_1600,decoy,CCCc1nc(CN2CCN(c3ccccn3)CC2)c(C(=O)O)n1Cc1ccc(-c2ccccc2-c2nn[nH]n2)cc1F,CHEMBL302959
DEC_0164,decoy,NC1=NC(F)N([C@@H]2C=C[C@H](CO)O2)C=C1F,CHEMBL38887
DEC_0777,decoy,Cc1cccc(C)c1NC(=O)C1CNCCN1,CHEMBL10245
DEC_2794,decoy,Cc1nnc2n1-c1sc(C#Cc3ccc4c(c3)CCC4)cc1C(c1ccccc1Cl)=NC2,CHEMBL284280
DEC_0526,decoy,CN(C)P1(N(C)C)=NP(N(C)C)(N(C)C)=NP(N2CC2)(N2CC2)=N1,CHEMBL27881
DEC_2743,decoy,CN(C)CCc1c[nH]c2ccc3c(c12)CCCO3,CHEMBL412876
DEC_1469,decoy,NCc1ccn(-c2cc3nc(O)c(O)nc3cc2C(F)(F)F)c1,CHEMBL12653
DEC_0848,decoy,COc1ccnc(C[S+]([O-])c2nc3cc(F)c(OC(F)F)cc3[nH]2)c1OC,CHEMBL9845
DEC_4066,decoy,CC(C)C1=CC2CC3(C=O)[C@@H]4CC[C@@H](C)[C@H]4CC2(CO[C@H]2C[C@@H]4OC[C@@H](C)[C@@H]4[C@@H](C)O2)C13C(=O)O,CHEMBL296692
DEC_4129,decoy,COC(=O)CCC(O[C@@H]1O[C@@H]2OC3(C)CC[C@H]4[C@H](C)CCC([C@H]1C)C24OO3)c1ccc(Br)cc1,CHEMBL30673
DEC_0231,decoy,Nc1ncnc2c1ncn2C1CCC(CO)O1,CHEMBL14925
DEC_2113,decoy,CN1CCC23c4c5ccc(O)c4O[C@H]2[C@@H](OC2C=CC(O)C(C(=O)O)O2)C=C[C@H]3[C@H]1C5,CHEMBL280206
DEC_3558,decoy,CC(C)(C)/N=c1\c(O)c(O)\c1=N/c1ccc(C#N)cc1,CHEMBL279150
DEC_1210,decoy,O=C1c2cc([N+](=O)[O-])cc3cc([N+](=O)[O-])cc(c23)C(=O)N1c1nncs1,CHEMBL281336
DEC_1276,decoy,Cc1cc(SC2=C(O)OC(CCc3ccc(O)cc3)(C(C)C)CC2=O)c(C(C)(C)C)cc1OS(=O)(=O)N(C)C,CHEMBL312293
DEC_1013,decoy,O=C(CC[C@H](C(=O)N1CCC(=C2c3ccc(Cl)cc3CCc3cccnc32)CC1)N1C(=O)c2ccccc2C1=O)Nc1ccccc1,CHEMBL327507
DEC_0861,decoy,CCC(C)(O)C#Cc1nc(NCc2ccc(OC)c(OC)c2)c2ncn(C(C)C)c2n1,CHEMBL281525
DEC_4186,decoy,CC1(C)S[C@@H]2[C@@H](CO)C(=O)N2[C@H]1C(=O)O,CHEMBL277857
DEC_2823,decoy,CN1C(=O)CC[C@]2(C)C3CC[C@@]4(C)C(CC[C@@]4(O)C#CCCCBr)C3CCC12,CHEMBL10018
DEC_0218,decoy,CC1(C)N=C(N)N=C(N)N1c1cccc(O)c1,CHEMBL278587
DEC_1702,decoy,COc1ccccc1-c1ccc(C[C@H](NC(=O)[C@@]2(C(=O)N3CCOCC3)CCCO2)C(=O)O)cc1,CHEMBL36785
DEC_1025,decoy,Clc1ccc2c(c1)C(c1ccccc1)=NCc1nnc(C(CN3CCN(c4ccccc4)CC3)c3ccccc3)n1-2.O=C(O)C(=O)O,CHEMBL16323
DEC_0880,decoy,CCC1(CC)C(=O)C(C(=O)C(C)C)=C(O)C(C(=O)C(C)C)=C1O,CHEMBL19819
DEC_2468,decoy,Cc1ccc(/C=C/C(=O)N[C@@H]2CC[C@@]3(O)[C@H]4Cc5ccc(O)c6c5C3(CCN4CC3CC3)[C@H]2O6)cc1,CHEMBL297756
DEC_1885,decoy,CCc1cc(NCc2ccc(-c3ccccc3-c3nn[nH]n3)cc2)c(Br)c(CC)n1,CHEMBL32649
DEC_2036,decoy,CC(C)(C)OC(=O)N[C@@H](Cc1ccccc1)C(=O)N[C@H]1CCC(=O)NCCOC(=O)[C@H](O)[C@H](CC2CCCCC2)NC1=O,CHEMBL431854
DEC_3086,decoy,CCCCc1nn(C)c(C(=O)O)c1Cc1ccc(-c2ccccc2-c2nn[nH]n2)cc1,CHEMBL21713
DEC_3037,decoy,NC1=NC(c2nccs2)Cc2ccccc21,CHEMBL274402
DEC_1036,decoy,CCN(C)CC#CCCC1(C2(O)c3ccccc3Oc3ccccc32)SCCCS1,CHEMBL287758
DEC_2512,decoy,CC(C)[C@H](NC(=O)C(=O)Nc1cccc2c1CCCC2)C(=O)N[C@@H](CC(=O)O)C(=O)COc1c(F)c(F)cc(F)c1F,CHEMBL88786
DEC_3341,decoy,CN(C)CCN(C)Cc1cccc(/C=C/c2nc3ccc(F)cc3c(=O)n2-c2ccccc2Cl)n1,CHEMBL53961
DEC_0913,decoy,COc1cccc2c1CCC[C@H]2CN(C)CCc1ccc2c(c1)CNC2,CHEMBL430314
DEC_2980,decoy,CC(=O)OCC1CCC(NC(=O)N(CCF)N=O)CC1,CHEMBL274622
DEC_0962,decoy,COc1ccc(C2(CNC(=O)[C@](C)(Cc3c[nH]c4ccccc34)NC(=O)Nc3ccc([N+](=O)[O-])cc3)CCCCC2)nc1,CHEMBL405908
DEC_1744,decoy,O=C1[C@@H](NS(=O)(=O)c2nc3cc(Cl)ccc3[nH]2)CCN1Cc1cc2cc[nH]cc-2n1,CHEMBL8557
DEC_1845,decoy,CC(C)CC1CCNc2cc3nc(O)cc(C(F)(F)F)c3cc21,CHEMBL282813
DEC_3429,decoy,C#CCN(c1ccc(C(=O)N[C@@H](CCc2nnnn2CC(=O)O)C(=O)O)cc1)C1CCc2cc3nc(C)nc(O)c3cc21,CHEMBL292920
DEC_2947,decoy,CC(C)[C@H](NC(=O)C(=O)Nc1ccccc1-c1ccccc1)C(=O)N[C@@H](CC(=O)O)C(=O)COc1c(F)c(F)cc(F)c1F,CHEMBL91442
DEC_0552,decoy,CC1(OCC(F)(F)F)OC(=O)C(c2ccc(F)cc2)=C1c1ccc(S(C)(=O)=O)cc1,CHEMBL18790
DEC_3575,decoy,C[S+]([O-])c1nc(O)c2c(Br)[nH]nc2n1,CHEMBL267972
DEC_1727,decoy,CCNCC1CCN(c2c(F)c(N)c3c(=O)c(C(=O)O)cn(C4CC4)c3c2F)C1,CHEMBL15247
DEC_3744,decoy,O=C(C[C@@H](Cc1ccc(-c2ccccc2CO)cc1)C(=O)N[C@H]1c2ccccc2C[C@H]1O)NO,CHEMBL266335
DEC_4215,decoy,CCC1(c2ccccc2)C(=O)NC(=O)NC1=O,CHEMBL40
DEC_3303,decoy,CCCn1c(=O)c2nc(-c3cc(NC(=O)Cc4ccccc4)nn3C)[nH]c2n(CCC)c1=O,CHEMBL32481
DEC_1648,decoy,COc1ccc(CCNC(=O)[C@H](CC#Cc2ccc(F)cc2F)NCP(=O)(O)O)cc1OC,CHEMBL290287
DEC_1968,decoy,CCOCc1cc(CCCOc2c(C)cc(-c3noc(C(F)(F)F)n3)cc2C)on1,CHEMBL29963
DEC_3554,decoy,O=P(O)(O)C(Cl)(Cl)P(=O)(O)O,CHEMBL12318
DEC_3787,decoy,CC(C)C[C@H](NC(=O)c1ccc(C(=O)N(CC(C)C)C(C(=O)O)C(C)C)cc1OC(C)C)C(=O)O,CHEMBL286730
DEC_3239,decoy,CCC(C)(C)/N=c1\c(O)c(O)\c1=N/Cc1ccc(F)cc1F,CHEMBL19818
DEC_2410,decoy,O=C1Nc2ccc(F)cc2C(C#Cc2ccsc2)(C(F)(F)F)O1,CHEMBL278880
DEC_1713,decoy,O=C(O)C1=CC(=C(c2ccc(O)c(C(=O)O)c2)c2ccc(O)c(C(=O)O)c2)C=CC1=O,CHEMBL275938
DEC_3552,decoy,CN(CCN1CCCCC1)c1ccnc2ccccc12,CHEMBL14860
DEC_2994,decoy,Oc1cc2c(cc1Sc1cccnc1)OCC2,CHEMBL267867
DEC_1200,decoy,COc1ccc(N(C)Cc2cnc3nc(N)nc(N)c3c2C)c(OC)c1,CHEMBL23705
DEC_2339,decoy,COc1cccc2c1CCC[C@H]2CN(C)CCc1ccc2c(c1)CS(=O)(=O)C2,CHEMBL9970
DEC_2190,decoy,CCCCN(CC(=O)O)C(=O)C(CCCN=C(N)N)NS(=O)(=O)c1ccc2cc(OC)ccc2c1,CHEMBL280994
DEC_4014,decoy,CCCCc1nc2ccn(Cc3ccccc3N)c(=O)c2n1Cc1ccc(-c2ccccc2-c2nn[nH]n2)cc1,CHEMBL47187
DEC_2635,decoy,O=C(CCCCC1SCC2NC(=O)NC21)Nc1cccc2c1CC(N1CCC(c3ccccc3)CC1)C(O)C2,CHEMBL20881
DEC_1804,decoy,CC12CCC(=O)C=C1CCC1C2C(O)CC2(C)C1CC[C@]2(O)C(=O)COC(=O)c1cccc(CN2CCOCC2)c1,CHEMBL81903
DEC_3183,decoy,OC1CCCCC1N1CCC(C2CCCCC2)CC1,CHEMBL21309
DEC_0447,decoy,COc1cc2c(Nc3ccc(Br)cc3F)ncnc2cc1OCCCN1CCN(C)CC1,CHEMBL279072
DEC_1770,decoy,CN1CCN(Cc2ccc(C(=O)OCC(=O)[C@@]3(O)CCC4C5CCC6=CC(=O)CCC6(C)C5C(O)CC43C)cc2)CC1,CHEMBL79918
DEC_0398,decoy,N#Cc1ccc(NC(=O)Nc2ccccc2Br)c(O)c1Cl,CHEMBL27446
DEC_3375,decoy,CCC(=O)O[C@]1(C(=O)COC(=O)C(C)(C)C)CCC2C3C[C@H](F)C4=CC(=O)C=CC4(C)[C@@]3(F)C(O)CC21C,CHEMBL308233
DEC_3658,decoy,Cc1cc(-c2noc(C(F)(F)F)n2)cc(C)c1OCCCc1cc(CS(C)(=O)=O)no1,CHEMBL29881
DEC_0921,decoy,CCCC(=O)OC(CC=C(C)C)C1=CC(=O)c2c(O)ccc(O)c2C1=O,CHEMBL28494
DEC_2184,decoy,N=C(N)c1ccc(CCCCCC(=O)N[C@@H](CC(=O)O)C(=O)N[C@@H](Cc2ccccc2)C(=O)O)cc1,CHEMBL53692
DEC_0106,decoy,CC(=O)OCC(=O)[C@@]1(OC(=O)c2ccc(C)s2)[C@H](C)CC2C3CCC4=CC(=O)C=CC4(C)[C@@]3(F)C(O)CC21C,CHEMBL288895
DEC_1803,decoy,COc1cc2cc(C(=O)N3C[C@H]4C[C@@]45C3=CC(=O)c3[nH]c(C)c(C(=O)OCCBr)c35)[nH]c2c(OC)c1OC,CHEMBL321766
DEC_2022,decoy,CC[C@@]1(OC(=O)CNC(=O)CNC(=O)CC[C@H](N)C(=O)O)C(=O)OCc2c1cc1n(c2=O)Cc2cc3ccccc3nc2-1,CHEMBL57773
DEC_2751,decoy,CN(C/C=C/CO)Cc1cccc2ccccc12,CHEMBL417103
DEC_3194,decoy,COc1ccc(SC)c2c1CC(N(C)C)CC2,CHEMBL30722
DEC_0621,decoy,COc1ccc(C(C#N)(Cc2cccc(CN3CCc4cc(OC)c(OC)cc4C3)c2)Sc2ccc(C)cc2)cc1OC,CHEMBL276193
DEC_0797,decoy,O=S(=O)(c1ccc2c(c1)CNCC2)C(Cl)(Cl)Cl,CHEMBL27599
DEC_4190,decoy,Cc1c(CP(=O)(O)O)ccnc1C(=O)O,CHEMBL413541
DEC_3089,decoy,COc1cc2c(c(OC)c1O)-c1ccc(SC)c(=O)cc1[C@@H](NC(C)=O)CC2,CHEMBL277239
DEC_0337,decoy,Cc1nc(-c2ccc(C(C)(C)C)cc2)sc1C(=O)N[C@H](C)[C@](O)(Cn1cncn1)c1ccc(F)cc1F,CHEMBL55477
DEC_3527,decoy,CCCN1CCCC(c2ccc(OC)c(OC)c2)C1,CHEMBL34810
DEC_3055,decoy,C=CCN1CC[C@@H]2c3c(O)cccc3CC[C@H]21,CHEMBL283738
DEC_3425,decoy,C=C(CC[C@]12O[C@H](C(=O)O)[C@@](O)(C(=O)O)[C@](C(=O)O)(O1)[C@H](OC(=O)OC)[C@H]2O)[C@@H](OC(C)=O)[C@H](C)Cc1ccccc1,CHEMBL263760
DEC_2976,decoy,Nc1nc2ccnc(-c3cccc(C(Cl)Cl)c3)n2n1,CHEMBL21591
DEC_3557,decoy,CC(C)(C)c1cccc(N2C(N)=NC(N)=NC2(C)C)c1,CHEMBL267692
ACT_023,active,N=C(N)N1CCCCC1.O=S(O)O,CHEMBL216318
DEC_2717,decoy,CCCc1c(OCC(O)COc2cccc(NC(=O)C(=O)OCC(C)(C)C)c2C#N)ccc(C(C)=O)c1O,CHEMBL14579
DEC_2588,decoy,COc1ccc2onc(/C(C#N)=C/c3ccccc3OCCCN3CCOCC3)c2c1,CHEMBL22180
DEC_0505,decoy,CC(C)CC(OP(=O)(O)CNC(=O)OCc1ccccc1)C(=O)NC(C)C(=O)O,CHEMBL287723
DEC_0900,decoy,CCCCCc1cc(O)c2c(c1)OC(C)(C)[C@@H]1CC[C@H](CNC)CC21,CHEMBL281702
DEC_1537,decoy,CNC(=O)Cn1c(=O)[nH]c2c(=O)n(CC(=O)NC(C(=O)C(F)(F)F)C(C)C)c(-c3ccccc3)cc2c1=O,CHEMBL268005
DEC_1925,decoy,Cc1c(F)c(N2CCC(C)(CN)C2)c(F)c2c1c(=O)c(C(=O)O)cn2C1CC1,CHEMBL279647
DEC_1473,decoy,Nc1nc(N)c2nc(Sc3ccc4ccccc4c3)cnc2n1,CHEMBL6618
DEC_2753,decoy,NC1=NC(c2ccc(F)cc2)Cc2cc(F)ccc21,CHEMBL7946
DEC_2843,decoy,COc1ccc(C2(O)OC(=O)C(c3ccc4c(c3)OCO4)=C2Cc2cc(OC)c(OC)c(OCCCCC(=O)O)c2)cc1,CHEMBL69832
DEC_0697,decoy,O=C(Nc1ccc(C2=NCCN2)cc1)C1C[C@H]1C(=O)Nc1ccc(C2=NCCN2)cc1,CHEMBL266808
DEC_2258,decoy,CCCc1cc(=O)oc2c3c(c4c(c12)OC(C)(C)C=C4)O[C@@H](C)[C@H](C)[C@H]3O,CHEMBL268207
DEC_2480,decoy,C[C@@H]1CCC2[C@@H](C)[C@@H](OC(CCC(=O)O)c3ccc(F)cc3)O[C@@H]3OC4(C)CC[C@@H]1C23OO4,CHEMBL416397
DEC_3530,decoy,CC[C@]1(c2ccsc2)OC[C@H]([C@@H]2CCCCN2)O1,CHEMBL282809
DEC_1598,decoy,COC(=O)C(C)NP(=O)(OCC1C=CC(n2cnc3c(N)ncnc32)O1)Oc1ccc(Br)cc1,CHEMBL314988
DEC_1766,decoy,COc1ccc(C[C@H]2NC(=O)/C=C/C[C@@H]([C@H](C)[C@H]3O[C@@H]3c3ccccc3)OC(=O)[C@H](CC(C)C)OC(=O)CCNC2=O)cc1,CHEMBL264224
DEC_0199,decoy,CC(C)NC1=NS(=O)(=O)c2cccnc2N1,CHEMBL33028
DEC_3048,decoy,Cn1cc(CCN)c2c3c(ccc21)OCCC3,CHEMBL25800
DEC_3381,decoy,Cn1cncc1C(OCc1nc(N2CCC(O)CC2)c(C#N)cc1-c1cccc(Cl)c1)c1ccc(C#N)cc1,CHEMBL38941
DEC_2404,decoy,Cc1cc(C(c2ccc(C(C)(C)C)cc2)N2CCN(C)CC2)sn1,CHEMBL22095
DEC_1847,decoy,Oc1ccc(C2=Cc3cc(O)ccc3C23Cc2ccccc2C3)cc1,CHEMBL281499
DEC_0903,decoy,CC(C)=CCC/C(C)=C/COc1cc(O)c(C(=O)C(C)C)c(O)c1C,CHEMBL416547
DEC_0090,decoy,NC1=NC(C#Cc2ccccc2)Cc2ccsc21,CHEMBL269162
DEC_0001,decoy,CCCCSc1cc(I)cc(CNCCCN(C)C)c1O,CHEMBL20504
DEC_0504,decoy,Nc1nc(N)c(CCCCc2ccc(C(=O)N[C@@H](Cc3ccccc3)C(=O)O)cc2)c(O)n1,CHEMBL417985
DEC_0716,decoy,N[C@@H](C(=O)N[C@@H]1C(=O)N2C(C(=O)O)=C(C(F)(F)F)CC[C@H]12)c1ccc(Cl)c(Cl)c1,CHEMBL283321
DEC_3790,decoy,CC1=CC[C@H]2C(C)(C)CCC[C@]2(C)[C@H]1C[C@H](OS(=O)(=O)[O-])[C@H](C)CCCc1ccoc1.C[N+](C)=C(N)N,CHEMBL60072
DEC_0821,decoy,Nc1nc2ccnc(-c3cc(C(F)(F)F)cc(C(F)(F)F)c3)n2n1,CHEMBL21428
DEC_1172,decoy,CN(Cc1ccccc1)C(=O)[C@@H](Cc1cn(C=O)c2ccccc12)NC(=O)C1C[C@@H](O)CN1C(=O)c1cn(C)c2ccccc12,CHEMBL292715
DEC_2656,decoy,CN(C(=O)C(Cc1c[nH]c2ccccc12)NC(=O)OC1[C@H]2C[C@@H]3C[C@@H](C[C@H]1C3)C2)C(CO)Cc1ccccc1,CHEMBL422941
DEC_0863,decoy,CO[C@]1(c2cnc(S(=O)(=O)c3ccc(/C(C)=N/O)cc3)s2)CCO[C@@H](C)C1,CHEMBL26882
DEC_2977,decoy,O=NN(CCCl)C(=O)NC1CSCSC1,CHEMBL12689
DEC_3253,decoy,Cc1ccc(C)n1-c1cc2nc(O)c(O)nc2cc1C(F)(F)F,CHEMBL267551
DEC_0283,decoy,O=C1C2C3C=CC(C3)C2C(=O)N1CCCCN1CCN(c2cncc(Cl)n2)CC1,CHEMBL28841
DEC_1273,decoy,CO/N=C(\COCc1noc(C(C)(C)C)n1)C(CCN1CCC(O)(c2ccccc2)CC1)c1ccc(Cl)c(Cl)c1,CHEMBL33106
DEC_2437,decoy,O=C1Nc2ccc(F)cc2C(C#Cc2ccco2)(C(F)(F)F)O1,CHEMBL17446
DEC_2493,decoy,C[C@]12CCC(=O)C=C1CCC1C2C(=O)C[C@@]2(C)C1CC[C@]2(O)C(=O)CN1CCN(c2ccccn2)CC1,CHEMBL274719
DEC_2620,decoy,CCOC(=O)c1sc2c(=O)n(CC)nc(-c3cccc([N+](=O)[O-])c3)c2c1C,CHEMBL283179
DEC_2012,decoy,CC[C@H]1OC(=O)C[C@@H](O)[C@H](C)[C@@H](O[C@@H]2O[C@H](C)[C@@H](O)[C@H](N(C)C)[C@H]2O)[C@@H](CC=O)C[C@@H](C)C(=O)/C=C/C(C)=C/[C@@H]1CO,CHEMBL44949
DEC_1063,decoy,O=S(=O)(CCC(F)(F)C(F)(F)F)c1nc(-c2ccccc2)c(-c2ccccc2)[nH]1,CHEMBL276742
DEC_0248,decoy,COc1cc2c(cc1OC)[C@@H]1CNC(=O)[C@@H]1CC2,CHEMBL32807
DEC_2599,decoy,CCN(CC)CCNc1ccc2ncn3c4cc(OC)c(OC)c(O)c4c(=O)c1c23,CHEMBL8602
DEC_0596,decoy,Cc1cc(SC2=C(O)OC(CCc3ccccc3)(C(C)C)CC2=O)c(C(C)(C)C)cc1NC(=O)c1ccc(C#N)cc1,CHEMBL284341
DEC_2915,decoy,CC(C)[C@H](NC(=O)C(=O)Nc1c(F)c(F)c(F)c(F)c1F)C(=O)N[C@@H](CC(=O)O)C(=O)COc1c(F)c(F)cc(F)c1F,CHEMBL91825
DEC_3905,decoy,C=C1CC2C3CCC4=CC(=O)C=CC4(C)C3C(O)CC2(C)[C@@]1(OC(=O)c1ccco1)C(=O)COC(C)=O,CHEMBL41296
DEC_3592,decoy,C/N=C(/NC#N)NC1c2cnccc2OC(C)(C)[C@H]1O,CHEMBL266685
DEC_3152,decoy,N#Cc1ccc(S(=O)(=O)Nc2cccc(C(c3c(O)oc4c(c3=O)CCCCCC4)C3CC3)c2)nc1,CHEMBL276592
DEC_1839,decoy,c1ccc2c(CNCc3c[nH]c4ccccc34)cccc2c1,CHEMBL8208
DEC_1994,decoy,CCCCCCC(=O)O[C@H](CC=C(C)C)C1=CC(=O)c2c(O)ccc(O)c2C1=O,CHEMBL9164
DEC_0776,decoy,O=c1[nH]c(=O)c2[nH]c(-c3ccccc3)nc2[nH]1,CHEMBL285191
DEC_2668,decoy,O=C(O)[C@@H]1[C@@H](CC2CCNCC2)C(=O)N1C(=O)N1CCN(C(=O)CCCCCc2cccc3ccccc23)CC1,CHEMBL72532
DEC_1712,decoy,NCC/N=C(\S)Nc1c(Cl)cc([N+](=O)[O-])cc1Cl.O=C(O)/C=C\C(=O)O,CHEMBL27561
DEC_3932,decoy,CC1=C(/C=C/C(C)=C/C=C/C(C)=C/C(=O)Nc2ccc(CC3OC(C(=O)O)C(O)C(O)C3O)cc2)C(C)(C)CCC1,CHEMBL82248
DEC_1805,decoy,COCC1=C(C(=O)OC)[C@H](c2ccc(F)c(F)c2)N(C(=O)N[C@H]2CC[C@H](N3CCN(c4ccccc4C#N)CC3)C2)C(=O)N1,CHEMBL278716
DEC_1220,decoy,CCOC(=O)c1cccc(N/N=C2\CCC(C)n3c2ncc(C(=O)O)c3=O)c1,CHEMBL14836
DEC_2582,decoy,CO[C@]1(c2cnc(Sc3ccc(/C(C)=N/O)cc3)s2)CCO[C@@H](C)C1,CHEMBL25348
DEC_2385,decoy,CC(C)S(=O)(=O)NCCCn1c2c(c3ccccc31)C(=O)CN1CCCCC21,CHEMBL33807
DEC_2276,decoy,O=CNCc1ccc(-c2nc(-c3ccncc3)c(-c3ccc(F)cc3)[nH]2)cc1,CHEMBL17334
DEC_3119,decoy,CC1(C)NC(=O)N(C[C@@H](COc2ccc(-c3ccc(OC(F)(F)F)cc3)cc2)N(O)C=O)C1=O,CHEMBL40143
DEC_3912,decoy,COc1ccc(/C=C2\CS(=O)(=O)CC3C2=NN(CCCN2CCN(C)CC2)C3c2ccc(OC)cc2)cc1,CHEMBL38229
DEC_3899,decoy,Cc1nc2c(c(C(N)=O)c1[N+](=O)[O-])c1ncnc(N3CCN(CCc4ccc(F)c(F)c4)CC3)c1n2C,CHEMBL26779
DEC_1076,decoy,CO/C(=C\C=C\c1cc2cc(Cl)c(Cl)cc2[nH]1)C(=O)NC1C[C@H]2CC[C@@H](C1)N2C,CHEMBL288419
DEC_1145,decoy,CCCn1c(=O)c2nc(-c3ccc(OCC(=O)Nc4ccc(I)cc4)nn3)[nH]c2n(CCC)c1=O,CHEMBL32507
ACT_002,active,O=c1oc(-c2ccccc2[N+](=O)[O-])nc2ccccc12,CHEMBL161254
DEC_3315,decoy,O=C(NO)[C@H]1Cc2ccccc2CN1S(=O)(=O)c1cc(S(=O)(=O)c2ccccc2)cs1,CHEMBL59534
DEC_2145,decoy,COc1ccc2c3c1O[C@H]1[C@@H](O)C=C[C@H]4[C@@H](C2)N(C)CC[C@@]341.O=S(=O)(O)O,CHEMBL284671
DEC_1564,decoy,CN1CCN(CCCN2N=C3/C(=C/c4ccc([S+](C)[O-])cc4)COCC3C2c2ccc([S+](C)[O-])cc2)CC1,CHEMBL284161
DEC_1133,decoy,CC(C)(C)NC(=O)[C@@H]1C[C@@H]2SCC[C@@H]2CN1C[C@@H](O)[C@H](CSc1ccccc1)NC(=O)O[C@H]1CCS(=O)(=O)C1,CHEMBL100048
DEC_2232,decoy,CC(C)=CCC(OC(=O)COCc1ccccc1)C1=CC(=O)c2c(O)ccc(O)c2C1=O,CHEMBL28828
DEC_2422,decoy,CC12CCC(=O)C=C1[C@H]1C[C@H]1C1C2CCC2(C)C1CCC21CCC(=O)O1,CHEMBL12977
DEC_4261,decoy,CCn1c(=O)c2nc(-c3ccc(S(=O)(=O)NCCN(C)C)cc3)[nH]c2n(CC)c1=O,CHEMBL276201
DEC_3598,decoy,CC(C)(C)c1cc2oc(O)c(O)c(=O)c2cc1O,CHEMBL33483
DEC_2965,decoy,CNc1nc(Cl)c(SC)c(N2CCOCC2)n1,CHEMBL287509
DEC_2675,decoy,CS(=O)(=O)CCC1(C(=O)N[C@@H](Cc2ccc(NC(=O)c3c(Cl)cccc3Cl)cc2)C(=O)O)CCCC1,CHEMBL84337
DEC_1453,decoy,C=CCC1(C(C)C#CCC)C(=O)NC(=S)NC1=O,CHEMBL277640
DEC_3786,decoy,CCCCc1nc2ccn(CC(=O)NC(C)(C)C)c(=O)c2n1Cc1ccc(-c2ccccc2-c2nn[nH]n2)cc1,CHEMBL298417
DEC_2624,decoy,COc1ccc(-n2c(C(=O)Nc3nn[nH]n3)c(OC(C)C)c3cc(OC)ccc32)cc1,CHEMBL29930
DEC_1623,decoy,CNC(=O)[C@@H]1CCCN(C(C)=O)CC(C)CO[C@H](C(=O)NO)[C@@H](CCCc2ccccc2)C(=O)N1,CHEMBL32596
DEC_0686,decoy,O=C1NC(=O)C(c2cn(CCOCCO)c3ccccc23)=C1c1c[nH]c2ccccc12,CHEMBL7329
DEC_0422,decoy,COc1ccc(NS(=O)(=O)c2ccc(N)cc2)c2[nH]cc(Cl)c12,CHEMBL20047
DEC_2171,decoy,CCCCN(CC(=O)O)C(=O)C(CCCN=C(N)N)NS(=O)(=O)c1cccc2c1CCCC2,CHEMBL24702
DEC_1112,decoy,CCc1cc(C#N)ccc1C/N=c1\c(O)c(O)\c1=N/[C@H](C)C(C)(C)C,CHEMBL19516
DEC_2756,decoy,CNCCCC1c2ccccc2C=Cc2ccccc21,CHEMBL668
DEC_1549,decoy,CCc1cn([C@@H]2O[C@H](CNC(=O)C3c4ccccc4Oc4c(OC)cccc43)[C@@H](O)[C@@H]2F)c(=O)[nH]c1=O,CHEMBL42389
DEC_1237,decoy,COC(=O)[C@@H](COC(=O)/C=C/c1ccc(OC(C)=O)c(OC(C)=O)c1)NC(=O)/C=C/c1ccc(OC(C)=O)c(OC(C)=O)c1,CHEMBL34400
DEC_1573,decoy,CC(=O)Nc1nc(OCc2ccc(I)cc2)c2ncn(C3CC(OC(C)=O)C(OC(C)=O)O3)c2n1,CHEMBL98970
DEC_3896,decoy,CS(=O)(=O)c1ccc2c(c1)S(=O)(=O)N(CCCCN1CCC(n3c(=O)oc4ccccc43)CC1)C2=O,CHEMBL81173
DEC_1167,decoy,CC(=O)O.CCOCOCCC1(O)C(=O)OCc2c1cc1n(c2=O)Cc2c-1nc1ccccc1c2CCNC(C)C,CHEMBL300396
DEC_1978,decoy,CCCCc1nc(CCCC)n(Cc2ccc(-n3cccc3-c3nn[nH]n3)cc2)n1,CHEMBL12810
DEC_1131,decoy,COc1ccc(C[C@H]2NC(=O)/C=C/C[C@@H](C(O)/C=C/c3ccccc3)OC(=O)[C@H](CC(C)C)OC(=O)[C@H](C)CNC2=O)cc1,CHEMBL13774
DEC_3587,decoy,N#Cc1ccc(Nc2c(NC3CCCC3)c(=O)c2=O)cc1,CHEMBL444260
DEC_2849,decoy,CCC(=O)Oc1cc(OC(=O)CC)c2c(=O)c(OC(=O)CC)c(-c3ccc(OC(=O)CC)c(OC(=O)CC)c3)oc2c1,CHEMBL18277
DEC_0411,decoy,CNC(=O)c1oc(C(C)(C)C)cc1NC(=O)Nc1ccc(C)cc1,CHEMBL416543
DEC_3374,decoy,COCc1ccc2c(c1)c1c3c(c4c5cc(COC)ccc5n5c4c1n2C1C[C@](O)(C(=O)OC)[C@]5(C)O1)CNC3=O,CHEMBL291985
DEC_3977,decoy,CC(C)(C)C(=O)NCCC1(C(=O)N[C@@H](Cc2ccc(NC(=O)c3c(Cl)cccc3Cl)cc2)C(=O)O)CCCC1,CHEMBL81989
DEC_1186,decoy,O=C1CC2(CCCC2)CC(=O)N1OCCN1CCN(c2ncccn2)CC1,CHEMBL273505
DEC_2453,decoy,OC[C@@]1(CCCc2ccccc2)CC2C3Cc4ccc(O)c5c4C2(CCN3CC2CCC2)C(O5)[C@@H]1O,CHEMBL9858
DEC_4125,decoy,O=C(NC(Cc1c[nH]c2ccccc12)C1CN=C(CCc2ccccc2)S1)OC1[C@H]2C[C@@H]3C[C@@H](C[C@H]1C3)C2,CHEMBL286442
DEC_3672,decoy,CCCCn1c(=O)c2c(ncn2S(=O)(=O)c2c(C)cc(C)cc2C)n(CCCC)c1=O,CHEMBL282923
DEC_2621,decoy,COc1cc2nc(-c3ccc(CP(=O)(OC)OC)cc3)nc(O)c2cc1OC,CHEMBL32151
DEC_0187,decoy,CC1(C)N=C(N)N=C(N)N1c1ccccc1F,CHEMBL22187
DEC_1667,decoy,CC(=O)NC1CC(=O)OC1C(OC(C)=O)C(=O)NC(CC(C)C)C1Cc2cccc(O)c2C(=O)O1,CHEMBL282520
DEC_1392,decoy,CC(=O)c1c(-c2ccc(Cl)cc2)c(-c2ccc(Cl)cc2)nn(CCNC(C)C)c1=O,CHEMBL31569
DEC_0708,decoy,CCNCC1CCN(c2c(F)c(N)c3c(=O)c(C(=O)O)cn(C4CC4)c3c2Cl)C1,CHEMBL15598
DEC_2647,decoy,O=C(/C=C/c1c[nH]c2ccccc12)NCCCCN1CCc2ccc(OS(=O)(=O)C(F)(F)F)cc2C1,CHEMBL301475
DEC_2919,decoy,CC(=O)N[C@@H](Cc1ccc(OP(=O)(O)O)cc1)C(=O)N[C@@H](C)c1nc(Cc2ccc(I)c(Cl)c2)no1,CHEMBL336644
DEC_2940,decoy,N#CN/C(=N\CCNC(=O)c1ccc(N)c(I)c1)NCCCCOc1cccc(CN2CCCCC2)c1,CHEMBL72475
DEC_3752,decoy,CNC(=O)Nc1ccc(C(=O)NCC(C)NCC(O)COc2cccc3c2OCCO3)cc1,CHEMBL416761
DEC_2847,decoy,CCO/C(O)=C1\C(COCc2cc(=O)n(CCN(C)C)c(N)n2)=NC(C)=C(C(=O)OC)C1c1cccc(Cl)c1Cl,CHEMBL308992
DEC_2714,decoy,O=C(O)C1CC2(COCc3ccccc3)C(=O)N(CCCCc3ccccc3)CC(=O)N2C1c1ccco1,CHEMBL269699
DEC_2106,decoy,C=CC(=O)N[C@@H]1CCC2(O)C3Cc4ccc(O)c5c4C2(CCN3CC2CC2)[C@H]1O5,CHEMBL21879
DEC_3204,decoy,COc1ccc(C2CC=CCC2C#N)c(OC)c1OC,CHEMBL417295
DEC_3885,decoy,Cn1c2ccnc(Cl)c2c2nc(CN3CCOCC3)nc(N3CCN(CCc4ccc(F)c(F)c4)CC3)c21,CHEMBL418382
DEC_2030,decoy,CC(C)(C)NC(=O)CN(Cc1ccccc1)C[C@@H](O)[C@H]1Cc2ccc(cc2)OCCCC(=O)N[C@@H](CC(N)=O)C(=O)N1,CHEMBL315204
ACT_007,active,COC(=O)c1n[nH]c(NC(=O)C(C)(C)C)n1,CHEMBL1524061
DEC_1687,decoy,CCOC(=O)[C@H]1O[C@@H]1C(=O)N(CC(=O)O)NC(=O)[C@@H](NC(=O)OCc1ccccc1)C(C)C,CHEMBL433629
DEC_2804,decoy,CC1(C)O[C@H](c2ccc(Cl)cc2Cl)[C@@](Cn2cncn2)(c2ccc(Cl)cc2)O1,CHEMBL10460
DEC_0082,decoy,C/N=C(/NC#N)C1=CC(C)(C)Oc2ccc(C#N)cc21,CHEMBL13613
DEC_0944,decoy,CC(C)(C)C(=O)OCC(Cc1ccc(C(C)(C)C)cc1)CN(O)/C(S)=N/Cc1ccc(NS(C)(=O)=O)c(F)c1,CHEMBL75043
DEC_0679,decoy,O=C(CBr)N[C@@H]1CCC2(O)C3Cc4ccc(O)c5c4C2(CCN3CC2CC2)C1O5,CHEMBL28051
DEC_2262,decoy,CCCc1cc(=O)oc2c3c(c4c(c12)OC(C)(C)C=C4)O[C@@H](C)C(C)[C@@H]3O,CHEMBL282382
DEC_3585,decoy,CCC/N=c1\c(O)c(O)\c1=N/Cc1ccc(C#N)cc1,CHEMBL19937
DEC_1478,decoy,O=C1CC[C@@]2(O)C3Cc4ccc(O)c5c4C2(CCN3CC2CC2)[C@H]1O5,CHEMBL20799
DEC_0374,decoy,CC(C)CCCC(C)[C@H]1CCC2C3C(CC[C@@]21C)[C@@]1(C)CCC(=O)N(C)C1C[C@@H]3C,CHEMBL25448
DEC_1995,decoy,CCCCCCCC(=O)O[C@H](CC=C(C)C)C1=CC(=O)c2c(O)ccc(O)c2C1=O,CHEMBL9469
DEC_2384,decoy,CCOc1c(N2CCC(C)(CN)C2)c(F)cc2c(=O)c(C(=O)O)cn(C3CC3)c12,CHEMBL15738
DEC_1688,decoy,CCCCn1c(=O)[nH]c2[nH]c(-c3ccc(OCC(=O)N4CCN(CC)CC4)cc3)nc2c1=O,CHEMBL37875
DEC_1185,decoy,COc1ccc(SCc2cnc3nc(N)nc(N)c3c2C)cc1OC,CHEMBL23244
DEC_3122,decoy,CC1(C)C2CCC1(CS(=O)(=O)N1CCC3(CCc4ccccc43)CC1)C(NC(=O)C1CCNCC1)C2,CHEMBL22286
DEC_2885,decoy,Cc1cn(COC(CP(=O)(O)O)C(C)O)c(=O)[nH]c1=O,CHEMBL14826
DEC_1316,decoy,C[C@H]1C[C@@]23O[C@]2(c2ccccc21)C1CC(OC(=O)[C@H](O)[C@@H](NC(=O)NC(C)(C)C)c2ccccc2)C3(C)C1(C)C,CHEMBL31999
DEC_1680,decoy,CCCn1c(=O)c2nc(-c3cc(OCC(=O)N4CCN(C)CC4)nn3C)[nH]c2n(CCC)c1=O,CHEMBL286838
DEC_2344,decoy,CCCC(=O)N(Cc1ccc(C#N)cc1)c1c(NC(C)C(C)(C)C)c(=O)c1=O,CHEMBL20085
DEC_0345,decoy,C[C@@H](n1cnc2cc(Sc3ccccc3)ccc2c1=O)[C@](O)(Cn1cncn1)c1ccc(F)cc1F,CHEMBL300113
DEC_0057,decoy,CC1OC2(CCN(C)CC2)C2SCCSC12,CHEMBL284802
DEC_0988,decoy,CC[C@H](C)[C@H]1O[C@]2(CC[C@@H]1C)C[C@@H]1C[C@@H](CC(N(C)C(C)=O)/C(C)=C\[C@@H](C)/C=C/C=C3\CO[C@@H]4[C@H](O)C(C)=C[C@@H](C(=O)O1)[C@]34O)O2,CHEMBL434439
DEC_2279,decoy,O=C1CCC/C=C\C[C@@H]2C(/C=C\[C@@H](COc3ccccc3)O1)[C@H](O)C[C@@H]2O,CHEMBL273730
DEC_0632,decoy,CC(=O)[O-].CCn1c(=O)/c(=C2\SC3=C(CCCC3)N2C)s/c1=C\c1scc[n+]1CC,CHEMBL33122
DEC_0970,decoy,O=S(=O)(Nc1ccc(CCNC[C@H](O)c2cccnc2)cc1)c1ccc(-c2coc(-c3ccc(F)c(F)c3)n2)cc1,CHEMBL40898
DEC_3493,decoy,CCNCC1CCN(c2c(F)c(N)c3c(=O)c(C(=O)O)cn(CC)c3c2F)C1,CHEMBL15169
DEC_3971,decoy,O=C(Nc1ccc(C[C@H](NC(=O)C2(CCNC(=O)C(F)(F)F)CCCC2)C(=O)O)cc1)c1c(Cl)cccc1Cl,CHEMBL311706
DEC_0014,decoy,COc1ccc(CCNCC(O)COc2ccc(-c3nc(CO)c[nH]3)cc2)cc1OC,CHEMBL10814
DEC_3748,decoy,O=C(O)CC(NC(=O)CNC(=O)c1cnc(NC(=O)NCc2ccccc2)o1)c1cccnc1,CHEMBL29273
DEC_1257,decoy,CCOC(=O)N1CCN(C(=O)CC[C@H](C(=O)NO)N(Cc2ccc3c(c2)OCO3)S(=O)(=O)c2ccc(OC)cc2)CC1,CHEMBL80486
DEC_2097,decoy,O=C(O)CNC(=O)CNC(=O)[C@H](Cc1ccccc1)NCCNC(=O)CCc1ccc(O)cc1,CHEMBL42349
DEC_3356,decoy,COc1ccc(CN2CCN(C(c3ccc(F)cc3)c3ccc(F)cc3)CC2)c(OC)c1OC,CHEMBL29188
DEC_2684,decoy,Cc1cn(C2OC(COC(c3ccccc3)(c3ccccc3)c3ccccc3)C(F)C2N=[N+]=[N-])c(=O)[nH]c1=O,CHEMBL289759
DEC_1538,decoy,C[C@@H](n1cnc2cc(C(=N)NS(N)(=O)=O)ccc2c1=O)[C@](O)(Cn1cncn1)c1ccc(F)cc1F,CHEMBL301837
DEC_1987,decoy,CC(=O)O[C@@H]1O[C@@H]2O[C@@H](OC(C)=O)[C@@H]3CC[C@H]([C@H]1CC/C=C(\C)CCC=C(C)C)[C@H]23,CHEMBL11775
DEC_2528,decoy,O=S(=O)(Nc1ccc(CCNC[C@H](O)c2cccnc2)cc1)c1ccc(-n2ncc(Cc3ccc(F)cc3)n2)cc1,CHEMBL304298
DEC_1339,decoy,CC(C)(C)OC(=O)N[C@H](Cc1c[nH]c2ccccc12)C(=O)NC1N=C(c2ccccc2)c2ccccc2NC1=O,CHEMBL310246
DEC_4184,decoy,Nc1ncc(Cc2cc(O)cc(O)c2)c(N)n1,CHEMBL283279
DEC_3068,decoy,CCC1C2Cc3ccc(O)cc3C1(CC)CCN2C(=O)C(N)CCSC.Cl,CHEMBL282347
DEC_0185,decoy,CCC/N=c1\c(O)c(O)\c1=N/c1cccnc1,CHEMBL19198
DEC_3441,decoy,CC[C@H](NC(=O)[C@@H]1C[C@@H](OCc2ccccc2)CN1C(=O)[C@H](NC(=O)[C@H](NC(=O)c1cnccn1)C(C)C)C(C)C)C(=O)O,CHEMBL34529
DEC_1042,decoy,CN(C)CC#CCCC1(C2(O)c3ccccc3Sc3ccccc32)SCCCS1,CHEMBL41269
DEC_1245,decoy,CCOC(=O)OCOC(=O)C1=C(S[C@@H]2CCO[C@@H]2CNC(=O)OCOC(=O)C(C)(C)C)[C@H](C)C2[C@@H]([C@@H](C)O)C(=O)N12,CHEMBL430968
DEC_1533,decoy,O=C(NO)[C@H]1CC[C@@H](O)CN1S(=O)(=O)c1ccc(OCc2ccccc2I)cc1,CHEMBL285272
DEC_0692,decoy,C=CCNC(=O)NC1C2C(=O)CC(c3ccc(O)cc32)C1C(=O)OCC[Si](C)(C)C,CHEMBL273913
DEC_2604,decoy,CSc1sc(C(=N)N)cc1-c1nc(-c2ccc3c(c2)OCCCO3)cs1,CHEMBL281898
ACT_097,active,O=C(c1cc2ccccc2n1Cc1cc(-c2ccc(Cl)s2)on1)N1CCC(Nc2ccncc2)CC1,CHEMBL440755
DEC_4159,decoy,O=c1oc2ncccc2n1CCCCN1CCN(c2ccc(F)cc2)CC1,CHEMBL23521
DEC_0833,decoy,C=CCOC(=O)C1C2C(=O)CC(c3ccc(O)cc32)C1C(=O)OCC[Si](C)(C)C,CHEMBL12292
DEC_3469,decoy,CNCC/N=C(\S)Nc1c(Cl)cccc1Cl.O=C(O)/C=C\C(=O)O,CHEMBL284517
DEC_3158,decoy,Clc1ccc(/C=N/c2ccc(-c3ncon3)cc2)cc1,CHEMBL21900
DEC_3261,decoy,N=C(N)N1CCC(CNC(=O)CNC(=O)OCc2ccc(COC(=O)NCC(=O)NCC3CCN(C(=N)N)CC3)cc2)CC1,CHEMBL297408
DEC_1151,decoy,COC(=O)CNC1CC(=O)N([C@H]2CC3CC[C@]2(CS(=O)(=O)N2CCC4(CCc5ccccc54)CC2)C3(C)C)C1=O,CHEMBL277022
DEC_1333,decoy,Cc1ccc([C@H]2C[C@@H](NC(=O)Nc3cccc(-c4nn[nH]n4)c3)C(=O)N(CC(=O)NC(C)(C)C)c3cc(C)ccc32)cc1,CHEMBL293107
DEC_4109,decoy,CCC[C@@H](c1ccc(C(F)(F)F)cc1)N1CCN(C2(C)CCN(C(=O)c3c(C)ncnc3C)CC2)C[C@@H]1C,CHEMBL432170
DEC_3662,decoy,CC[C@](OC)(c1cc(F)cc(OCc2ccc3c(ccc(=O)n3C)c2)c1)c1nccs1,CHEMBL442334
DEC_3245,decoy,C[S+]([O-])CC(=O)c1cc(C(C)(C)C)c2c(c1)C(C)(C)CO2,CHEMBL13561
DEC_0718,decoy,O=C(O)CCC(=O)Nc1cccc2c1CC(N1CCC(c3ccccc3)CC1)C(O)C2,CHEMBL20382
DEC_0812,decoy,O=C1c2ccc(O)cc2C23CCCCC2C1N(CC1CCCO1)CC3,CHEMBL432072
DEC_1828,decoy,CC(C)[C@@H]1CCc2cc3c(C(F)(F)F)cc(O)nc3cc2N1,CHEMBL267850
DEC_3417,decoy,C=C(CC[C@]12O[C@H](CO)[C@@](O)(C(=O)O)[C@](C(=O)O)(O1)[C@H](OC(=O)CCC)[C@H]2O)[C@@H](OC(C)=O)[C@H](C)Cc1ccccc1,CHEMBL58761
DEC_0059,decoy,CO[C@H]1O[C@]2(C)OO[C@]13[C@H](CCO)CCC[C@@H]3C[C@H]2C,CHEMBL282000
DEC_3473,decoy,CC1CCC(/C=N/c2ccc(CC(=O)O)cc2)=C2NC=C(C(=O)O)C(=O)N21,CHEMBL21364
DEC_1467,decoy,Nc1nc(N)c2nc(Sc3cccc4ccccc34)cnc2n1,CHEMBL268388
DEC_0343,decoy,CCOC(=O)N[C@@H](c1ccncc1)[C@@H](O)C(=O)OC1CC2C(C)(C)C1(C)[C@@]13C[C@@H](C)c4ccccc4[C@@]21O3,CHEMBL32074
DEC_2773,decoy,Cc1cc(C)nc(NC23CC4CC(CC(C4)C2)C3)c1,CHEMBL19455
DEC_3126,decoy,CCCCc1nc2ccc(C(C)(C)O)cc2c(=O)n1Cc1ccc(-c2ccccc2-c2nn[nH]n2)cc1,CHEMBL14748
DEC_0553,decoy,COc1ccnc(C[S+]([O-])c2nc3cc(OC(F)(F)C(F)F)ccc3[nH]2)c1,CHEMBL275945
DEC_0993,decoy,Cc1ccc(-c2nc3ccc(C)cn3c2CC(=O)N(C)C)cc1.Oc1c(-c2ccsc2)cnc2c(-c3ccccn3)cnn12,CHEMBL104111
DEC_0917,decoy,CC(CCCc1ccccn1)NC1c2ccccc2Oc2ccccc21,CHEMBL281360
DEC_4057,decoy,OC1CCCCC1CN1CCN(CCOC(c2ccc(F)cc2)c2ccc(F)cc2)CC1,CHEMBL29151
DEC_2911,decoy,COC(=O)[C@@H]1Cc2cccc(c2)CNC(=O)C[C@H](NC(=O)C(NC(=O)CC(C)C)C(C)C)C(=O)N[C@@H](CC(C)C)P(=O)(O)O1,CHEMBL315745
DEC_3440,decoy,CC(C)[C@H](NC(=O)CCc1ccccc1)C(=O)N[C@@H](C)C(=O)NN(CC(=O)O)C(=O)[C@H]1O[C@@H]1C(=O)OCc1ccccc1,CHEMBL40135
DEC_2644,decoy,CCS(=O)(=O)c1ccc2c(c1)/C(=C/c1[nH]c3c(c1CCCN1CCN(C(C)=O)CC1)CCCC3)C(=O)N2,CHEMBL59538
DEC_4054,decoy,CCc1c(C(=O)NCCCn2ccnc2)cnn1-c1nc(-c2cccc(C(F)(F)F)c2)cs1,CHEMBL9928
DEC_1587,decoy,C[C@@H](n1cnc2cc(-c3ccc(S(C)(=O)=O)cc3)sc2c1=O)[C@](O)(Cn1cncn1)c1ccc(F)cc1F,CHEMBL55124
DEC_3713,decoy,Cc1ccc(CCC[C@H](CC(=O)NO)C(=O)N[C@@H](CC2CCCCC2)C(=O)NCCNS(=O)(=O)N2CCOCC2)cc1,CHEMBL93583
DEC_3105,decoy,CC(C)/C(=C/C(=O)[C@H](Cc1c[nH]c2ccccc12)NC(=O)OC(C)(C)C)C(=O)O,CHEMBL440766
DEC_1261,decoy,COc1ccc(C(C#N)(CC#CCCN2CCc3cc(OC)c(OC)cc3C2)Sc2ccc(C)cc2)cc1OC,CHEMBL440680
DEC_4204,decoy,O=C1NC(=O)/C(=C/c2ccc([N+](=O)[O-])cc2)N1,CHEMBL38539
DEC_2917,decoy,CC(C)CC(NC(=O)C(Cc1ccccc1)NC(=O)N/N=C1/CC[C@@]2(O)C3Cc4ccc(O)c5c4C2(CCN3C)[C@H]1O5)C(=O)O,CHEMBL20229
DEC_0635,decoy,C[C@]12CCC(=O)C=C1CCC1C2=CC[C@@]2(C)C1CC[C@]2(O)C(=O)CN1CCN(CCO)CC1,CHEMBL280509
DEC_0002,decoy,COC(=O)C[C@]1(O)C[C@H](OC)C[C@H]([C@H](O)/C=C(C)/C=C/[C@@H](C/C=C/Br)OC)O1,CHEMBL278228
DEC_1589,decoy,C[C@H](CO)NC1CC(=O)N([C@H]2CC3CC[C@]2(CS(=O)(=O)N2CCC4(CCc5ccccc54)CC2)C3(C)C)C1=O,CHEMBL20757
DEC_3511,decoy,Cc1ccc(Sc2cncc3sccc23)cc1,CHEMBL266572
DEC_0626,decoy,O=C(CI)N[C@@H]1CCC2C3Cc4ccc(O)c5c4C2(CCN3CC2CC2)[C@H]1O5,CHEMBL441013
DEC_3221,decoy,Nc1nc(N)c2cc(Sc3ccc(Cl)c(Cl)c3)ccc2n1,CHEMBL6877
DEC_3177,decoy,O=C(Oc1c(F)c(F)c(F)c(F)c1F)c1cnccn1,CHEMBL20124
DEC_0566,decoy,CC(C)OC1(C)OC(=O)C(c2ccc(F)cc2)=C1c1ccc(S(C)(=O)=O)cc1,CHEMBL18089
DEC_3442,decoy,CC(=O)N[C@@H](Cc1ccc(OP(=O)(O)O)cc1)C(=O)N[C@H]1CSCCN(CC(=O)c2ccc(N(C)C)cc2)C1=O,CHEMBL63752
DEC_0870,decoy,c1cc(CN2CCC(C3=NCCN3)CC2)ccc1CN1CCC(C2=NCCN2)CC1,CHEMBL10637
DEC_3709,decoy,CCC(C)[C@H](NC(=O)[C@@H](NC(=O)C(F)(F)C(=O)[C@H](C)NC(=O)[C@@H](NC(=O)OC(C)(C)C)C(C)C)C(C)C)C(=O)NC,CHEMBL117820
DEC_3692,decoy,CCCCc1cn(-c2ccccc2)c(=O)n1Cc1ccc(-c2ccccc2-c2nn[nH]n2)nc1,CHEMBL9771
DEC_0534,decoy,CCc1c(Sc2cc(Cl)cc(Cl)c2)n(COCCO)c(=S)[nH]c1=O,CHEMBL17070
DEC_2970,decoy,CO[C@H]1CCOP(=O)(NCCCl)N1CCCl,CHEMBL281278
DEC_2443,decoy,C[C@@H](N)Cc1c2ccoc2c(Br)c2ccoc12.Cl,CHEMBL6706
DEC_1565,decoy,CN1CCN(CCCN2N=C3/C(=C/c4ccc([S+](C)[O-])cc4)CSCC3C2c2ccc([S+](C)[O-])cc2)CC1,CHEMBL38099
DEC_3483,decoy,CC(C)CC(C(=O)N[C@H](C(=O)Nc1ccccn1)C(C)(C)C)C(O)CS,CHEMBL16099
DEC_3522,decoy,Oc1cc2c(cc1Sc1ccccn1)OCC2,CHEMBL7099
DEC_2194,decoy,CC(C)C[C@H](CO)C(=O)N[C@H](Cc1c[nH]cn1)C(=O)N[C@H](Cc1ccccc1)C(=O)NCC(C)(C)C,CHEMBL12373
DEC_3096,decoy,O=C(O)/C=C/c1ccc(NC(=O)c2cccc(NC3=NCCCN3)c2)c(Cl)c1,CHEMBL36457
DEC_1349,decoy,CN1C(=O)C(NC(=O)Nc2cccc(C(=O)NS(=O)(=O)c3ccccc3)c2)N=C(C2CCCCC2)c2ccccc21,CHEMBL306944
DEC_0322,decoy,Cc1cc(C(C)(C)C)c(OC(=O)NS(=O)(=O)N(CC2CCCO2)CC2CCCO2)c(C(C)(C)C)c1,CHEMBL282051
DEC_2632,decoy,CCNC(=O)N[C@@H](c1ccccc1)[C@@H](O)C(=O)OC1CC2C(C)(C)C1(C)[C@@]13C[C@H](C)c4ccccc4[C@@]21O3,CHEMBL286608
DEC_4230,decoy,COC(=O)/C=C\C(=O)N[C@@H]1CCC2(O)C3Cc4ccc(O)c5c4C2(CCN3CC2CC2)C1O5,CHEMBL440282
DEC_2694,decoy,COc1ccc2c3c1OC1[C@H](O)[C@](CO)(CCCCCc4ccccc4)CC4C(C2)N(CC2CC2)CCC341,CHEMBL276598
DEC_0761,decoy,Cc1cc(C)c(C)c(-c2cc3cnc(NCCCN4CCN(C)CC4)nc3nc2NC(=O)NC(C)(C)C)c1C,CHEMBL75188
DEC_1366,decoy,Oc1ccc2c3c1OC1[C@H]4OC[C@@]4(CCc4ccccc4)CC4C(C2)N(CC2CC2)CCC341,CHEMBL9905
DEC_3582,decoy,CC(C)(C)/N=c1\c(O)c(O)\c1=N/Cc1ccc(C#N)cc1,CHEMBL278370
DEC_0064,decoy,Nc1ncnnc1-c1cc(Cl)cc(Cl)c1Cl,CHEMBL29682
DEC_3426,decoy,C=C(CC[C@]12O[C@H](C(=O)O)[C@@](O)(C(=O)O)[C@](C(=O)O)(O1)[C@H](O)[C@H]2OC(=O)OC)[C@@H](OC(C)=O)[C@H](C)Cc1ccccc1,CHEMBL89073
DEC_3883,decoy,CCC(=O)OCC(=O)[C@@]1(OC(=O)CC)[C@@H](C)C[C@H]2C3CCC4=CC(=O)C=C[C@]4(C)[C@@]3(Cl)[C@@H](O)[C@@H](O)[C@@]21C,CHEMBL300640
DEC_3161,decoy,COOC1(OOC)CCCCCCCCCCC1,CHEMBL282791
DEC_3722,decoy,CC(=O)NC(CCCCNC(=O)C(NC(C)=O)C(C)O)C(=O)N[C@H](Cc1ccccc1)C(=O)N(C)Cc1ccccc1,CHEMBL75253
DEC_3583,decoy,O=P(O)(O)Cc1cc(F)cc2nc(O)c(O)nc12,CHEMBL12804
DEC_1394,decoy,CN(C)CCCn1c2ccccc2c2c3c(c4c5ccccc5cnc4c21)C(=O)NC3=O,CHEMBL21042
DEC_1163,decoy,CC(=O)CCCC(=O)NC1N=C(C)c2ccccc2N(CC(=O)N[C@@H](Cc2ccc(Cl)c(Cl)c2)C(N)=O)C1=O,CHEMBL24353
DEC_0072,decoy,CN(C)c1ncnc2c1ncn2C1Cc2ccccc2C1,CHEMBL7793
DEC_0423,decoy,CO/C1=C\C(C)=C\[C@@H](C)[C@@H](O)[C@@H](C)C/C(C)=C/C=C/[C@H](OC)[C@@H]([C@@H](C)[C@@H](O)[C@H](C)C(=O)O)OC1=O,CHEMBL293082
DEC_1661,decoy,CCCCCCCCNS(=O)(=O)OC[C@@]12OC[C@H]3OS(=O)(=O)O[C@H]3[C@@H]1OC(C)(C)O2,CHEMBL28117
DEC_0507,decoy,Cc1nc2ccc(CN(C)c3ccc(C(=O)N[C@@H](CCC(=O)O)C(=O)O)nc3)cc2c(=O)[nH]1,CHEMBL295866
DEC_2164,decoy,CC(C)C[C@H](NC(=O)[C@H](Cc1ccccc1)NC(=O)CNC(=O)CNC(=O)CCc1ccccc1)C(=O)O,CHEMBL430342
DEC_2286,decoy,Oc1nc2cc(C#CCN3CCC(=Cc4ccc(F)cc4)CC3)ccc2[nH]1,CHEMBL19590
DEC_1413,decoy,CN1CCN(c2nc(N)c(Cl)c(Cl)n2)CC1,CHEMBL31488
DEC_3319,decoy,Cn1cncc1C(OCc1ccc(C#N)nc1-c1ccc(OC(F)(F)F)cc1)c1ccc(C#N)cc1,CHEMBL39096
DEC_0048,decoy,CC(C)CO[C@@H]1NC(=O)[C@H]1NC(=O)[C@H](Cc1ccccc1)NC(=O)OCc1ccccc1,CHEMBL31363
DEC_2135,decoy,CCC1(O)C(=O)OCc2c1cc1n(c2=O)Cc2c-1nc1ccc(CCN)cc1c2C,CHEMBL273685
DEC_0511,decoy,Nc1nc(N)c2c(n1)CCC2CCCc1ccc(C(=O)NC(CCC(=O)O)C(=O)O)cc1,CHEMBL41056
DEC_3603,decoy,CC(C)/N=c1\c(O)c(O)\c1=N/Cc1ccc(C#N)cc1,CHEMBL283995
DEC_2731,decoy,C1CCC2N=C(NC(C3CC3)C3CC3)CC2C1,CHEMBL40287
DEC_3518,decoy,CNc1nn2c(-c3ccccc3)nnc2c2ccccc12,CHEMBL274600
DEC_3771,decoy,NCCCC(NC(=O)c1ccc(SCc2ccc3nc(N)nc(O)c3c2)cc1)C(=O)O,CHEMBL41161
DEC_0209,decoy,Nc1ncnc2c1ncn2[C@@H]1C[C@H](CO)[C@@H](O)C1,CHEMBL281725
DEC_4199,decoy,O=C(O)C1=CC(C(C(=O)O)C(=O)O)CCC1,CHEMBL33336
ACT_040,active,COC(=N)NS(=O)(=O)c1ccc(OC)cc1,CHEMBL299792
DEC_2198,decoy,CC(C)(Cc1ccc(I)cc1)NCC(O)c1ccc(O)c2nc(O)ccc12,CHEMBL41605
DEC_4055,decoy,CCCc1cc(OCc2cccnc2)cc(=O)n1Cc1ccc(-c2ccccc2-c2nn[nH]n2)cc1,CHEMBL25049
DEC_2791,decoy,CN1C(=O)C=C[C@]2(C)C3CC[C@@]4(C)C(CC[C@@]4(O)C#CCCCBr)C3CCC12,CHEMBL275764
DEC_2160,decoy,CC(=O)N[C@@H](Cc1ccc(OP(=O)(O)O)cc1)C(=O)NCCCC(=O)NCCCc1ccccc1,CHEMBL439071
DEC_1710,decoy,COc1ccc(S(=O)(=O)N(Cc2ccc3c(c2)OCO3)[C@H](Cc2cn(C)cn2)C(=O)NO)cc1,CHEMBL21657
DEC_2937,decoy,Cc1cccc(NC(=O)NC2N=C(c3ccccc3)c3ccccc3N(CC(=O)NCCSCc3csc(N=C(N)N)n3)C2=O)c1,CHEMBL285746
DEC_0562,decoy,CC(C)[C@@H](N)C(=O)OC1Cc2c(cccc2N(C)CC#CC#CC(C)(C)C)NC1=O,CHEMBL34818
DEC_4012,decoy,CC(C)C1=CC2CC3(C=O)[C@@H]4CC[C@@H](C)[C@H]4CC2(CO[C@@H]2O[C@H](C)[C@H]4OC(C)(C)O[C@H]4[C@@H]2O)C13C(=O)O,CHEMBL21658
DEC_3914,decoy,CC(=O)OCC(=O)[C@@]1(OC(=O)c2ccco2)[C@@H](C)CC2C3CCC4=CC(=O)C=CC4(C)[C@@]3(F)C(O)CC21C,CHEMBL416603
DEC_2510,decoy,CC(=O)NCC(=O)N(CCCCCO)C1(C(=O)N/C=C\c2c[nH]c3ccccc23)CCN(Cc2ccccc2)CC1,CHEMBL48178
DEC_0436,decoy,Cc1cn(C2OC(COC(c3ccccc3)(c3ccccc3)c3ccccc3)C(N=[N+]=[N-])C2O)c(=O)[nH]c1=O,CHEMBL287874
DEC_3059,decoy,N#C/C(=C(/N)Sc1ccccc1N)c1cccc(C(O)c2ccc3c(c2)OCCO3)c1,CHEMBL34072
DEC_1267,decoy,CC(=O)/C(=C\[C@@H]1O[C@H](c2ccccc2)O[C@H](CC(=O)Oc2ccccc2)[C@H]1C(=O)Oc1ccccc1)C(=O)c1ccccc1,CHEMBL113783
ACT_015,active,O=C(Cn1c(Cl)cnc(NCC(F)(F)c2cccc[n+]2[O-])c1=O)NCc1cccc(Cl)c1Cl,CHEMBL416754
DEC_0081,decoy,C/N=C(/S)C1(c2cccnc2)CCCC/C1=C\C#N,CHEMBL41094
DEC_4177,decoy,c1ccc2c(c1)CCC(COc1ccc(OCCCc3nnn[nH]3)cc1)N2,CHEMBL17803
DEC_3298,decoy,C=CCC(N)c1ccc([C@H]2C[C@H](SC3=C(C(=O)O)N4C(=O)[C@H]([C@@H](C)O)[C@H]4[C@H]3C)CN2)cc1,CHEMBL17606
DEC_1635,decoy,CC(C)[C@H](NC(=O)OCc1ccccc1)C(=O)N[C@@H](C)C(=O)NN(CC(=O)O)C(=O)CBr,CHEMBL19266
DEC_2499,decoy,CC(=O)N[C@@H](Cc1ccc(OP(=O)(O)O)cc1)C(=O)N[C@@H](Cc1c[nH]c2ccccc12)c1nc(CCC(C)C)no1,CHEMBL76076
DEC_0279,decoy,O=C1C2C3C=CC(C3)C2C(=O)N1CCCCN1CCN(c2ncccn2)CC1,CHEMBL28352
DEC_0109,decoy,COc1cc2c(c(OC)c1OC)-c1ccc(SC)c(=O)cc1[C@@H](OC(=O)C13CCC(C)(C(=O)O1)C3(C)C)CC2,CHEMBL291449
DEC_4045,decoy,N#Cc1ccc(Oc2nccc(-c3c(-c4ccc(F)cc4)ncn3C3CCNCC3)n2)cc1,CHEMBL13972
DEC_3620,decoy,CCCc1nc(CC)c(C(N)=O)n1Cc1ccc(-c2ccccc2S(=O)(=O)Nc2onc(C)c2C)c(COCC)c1,CHEMBL12175
DEC_3609,decoy,CCCc1nc(CC)c(C(=O)NC)n1Cc1ccc(-c2ccccc2S(=O)(=O)Nc2onc(C)c2C)c(COCC)c1,CHEMBL12557
DEC_0929,decoy,C=C([C@@H](O)C[C@H](O)[C@@]1(C)CC[C@H](C(C)(C)O)O1)[C@H]1CC[C@H]2O[C@@H]([C@]3(C)CC[C@@H](Br)C(C)(C)O3)CC[C@]2(C)O1,CHEMBL18962
DEC_3998,decoy,CC1=C(C(=O)NCCCN2CCC(C#N)(c3ccc(F)cc3)CC2)[C@@H](c2ccc(F)c(F)c2)CC(=O)N1,CHEMBL288768
DEC_1971,decoy,CO[C@]1(c2cnc(Sc3ccc(/C(C)=N/OCC#N)cc3)s2)CCO[C@@H](C)C1,CHEMBL276958
DEC_0982,decoy,C=C1C(=O)O[C@@H]2[C@H]3C[C@@]4(C)C=CC3(CC43C(=O)O[C@@H]4C5C(C)=CC(=O)C5=C(C)C[C@H](CC(=O)CC(C)C)C43)[C@](C)(O)CC[C@@H]12,CHEMBL287034
DEC_3394,decoy,Cc1nc(-c2ccc(C(F)(F)F)cc2)sc1C(=O)N[C@H](C)[C@](O)(Cn1cncn1)c1ccc(F)cc1F,CHEMBL55515
DEC_2498,decoy,C[C@@H](O)CNC(C)(C)CC(=O)N[C@@H]1CCc2ccccc2N(CC2=CCC(c3ccccc3-c3nn[nH]n3)CC2)C1=O,CHEMBL73300
DEC_2716,decoy,CC(O)(c1ccc(C(Cc2cc[n+]([O-])cc2)c2ccc(OC(F)F)c(OC(F)F)c2)cn1)c1nccs1,CHEMBL56575
DEC_0734,decoy,CCN(C)Cc1cc(Nc2cc(C(F)(F)F)nc(/N=C(\N)Nc3ccc(Cl)c(Cl)c3)n2)ccc1O,CHEMBL22625
DEC_1305,decoy,CCc1nc2c(C)cc(C)nc2n1Cc1ccc(-c2cc(CC(C)C)sc2S(=O)(=O)NC(=O)OCC(C)C)cc1,CHEMBL40563
DEC_2840,decoy,CC1=NC(C)=C(C(=O)OCCCN2C(=O)c3ccccc3S2(=O)=O)C(c2cccc([N+](=O)[O-])c2)/C1=C(\O)OC(C)C,CHEMBL311180
DEC_0763,decoy,CCCCC(NC(=O)CCC(NC(=O)c1cc(Cl)cc(Cl)c1)C(=O)N1CCC2(CCCC2)CC1)C(=O)O,CHEMBL285657
DEC_2378,decoy,CC(C)CCn1c(Cn2c(=O)n(S(C)(=O)=O)c3ccccc32)nc2ccccc21,CHEMBL15109
DEC_1055,decoy,C=CC(O)c1nc(O)c2c(ccc3nc(Nc4c(Cl)cccc4Cl)n(C)c32)c1C,CHEMBL281285
DEC_1016,decoy,COc1cc([C@@H]2c3cc4c(cc3[C@@H](Nc3cc(C(F)(F)F)cc(C(F)(F)F)c3)[C@H]3COC(=O)[C@H]23)OCO4)cc(OC)c1O,CHEMBL430726
DEC_0537,decoy,Cn1c2cc(Cl)ncc2c2ncnc(N3CCN(CCc4ccc(F)c(F)c4)CC3)c21,CHEMBL26686
DEC_2167,decoy,N=C(N)c1cccc(CCCCCC(=O)N[C@@H](CC(=O)O)C(=O)N[C@@H](Cc2ccccc2)C(=O)O)c1,CHEMBL52729
DEC_2941,decoy,NCCCCCNC(=O)N1CCN(C(=O)O[C@H]2CCC[C@@H](OC(=O)N3CCN(C(=O)NCCCCCN)CC3)CCC2)CC1,CHEMBL308764
DEC_0339,decoy,CCCSC1=Nc2ccccc2S(=O)(=O)N1Cc1ccc(-c2ccccc2-c2nn[nH]n2)cc1,CHEMBL13921
DEC_3545,decoy,c1cncc(Nc2nc3ccccc3n3cncc23)c1,CHEMBL29531
DEC_0373,decoy,CCCCc1c(-c2ccccc2)nc2ccccc2c1C(=O)NC(CC)c1ccccc1,CHEMBL415968
DEC_4095,decoy,COc1ccc2c3c1OC1[C@@H](O)[C@](C)(CCCCc4ccccc4)CC4C(C2)N(CC2CCC2)CCC341,CHEMBL10114
DEC_0451,decoy,CC(C)C1=CC2CC3(C=O)[C@@H]4CC[C@@H](C)[C@H]4CC2(CO[C@@H]2O[C@H](C)[C@H]4OC[C@H](C)[C@H]4[C@@H]2O)C13C(=O)O,CHEMBL297124
DEC_3497,decoy,CCNCC1CCN(c2c(F)c(O)c3c(=O)c(C(=O)O)cn(CC)c3c2F)C1,CHEMBL15740
DEC_3746,decoy,CS(=O)(=O)N[C@H](Cc1c[nH]c2ccccc12)C(=O)N[C@H](Cc1c[nH]c2ccccc12)NC=O,CHEMBL19027
DEC_0325,decoy,C=C1C[C@@]23O[C@]2(c2ccccc21)C1CC(OC(=O)[C@H](O)[C@@H](NC(=O)OCC)c2ccsc2)C3(C)C1(C)C,CHEMBL440468
DEC_2618,decoy,COc1cc([C@@H]2c3cc4c(cc3[C@H]3OC[C@@H]2[C@@H]3CO)OCO4)cc(OC)c1OC,CHEMBL274755
DEC_3717,decoy,CCCCCNC(=O)C(Cc1ccc(N(C(=O)C(=O)O)c2ccccc2C(=O)O)c(/C=C/C(N)=O)c1)NS(C)(=O)=O,CHEMBL68125
DEC_1127,decoy,CS(=O)(=O)c1nc(-c2ccc(F)cc2)c(-c2ccc(F)cc2)[nH]1,CHEMBL18656
DEC_2172,decoy,CN(C(=O)[C@H](CC(=O)O)NC(=O)CCCOc1ccc(C(=N)N)cc1)[C@@H](Cc1ccc(O)cc1)C(=O)O,CHEMBL285695
DEC_3247,decoy,Cc1c(CSc2ccc(Cl)cc2)cnc2nc(N)nc(N)c12,CHEMBL22677
DEC_2636,decoy,C[C@H](C(=O)N[C@H]1N=C(c2ccccc2)c2ccccc2N(C)C1=O)[C@H](OCC(N)=O)c1ccc(Cl)c(Cl)c1,CHEMBL307208
ACT_033,active,NC(=O)Cc1nnc(N)s1,CHEMBL1503739
DEC_4233,decoy,CC(=O)OCC1=C(C(=O)O)N2C(=O)C(NC(=O)CCON=C3CCCCC3)C2SC1,CHEMBL31265
DEC_2579,decoy,C=C1[C@@H](OC(=O)/C=C/c2ccccc2)CC[C@@]2(C)[C@@H](O)[C@H](O)C3=C(C)C(=O)C[C@@H]([C@@H](OC(C)=O)[C@H]12)C3(C)C,CHEMBL6851
DEC_3206,decoy,CC(C)(C)c1cc(/C=C/c2nnc(N)o2)cc(C(C)(C)C)c1O,CHEMBL12809
DEC_3944,decoy,CCNCc1cc(Nc2cc(C(F)(F)F)nc(/N=C(\N)Nc3ccc(Oc4ccccc4)cc3)n2)ccc1OC,CHEMBL283575
DEC_3930,decoy,CC(CCC[C@H]1O[C@@H]([C@]2(C)CC[C@@H](Br)C(C)(C)O2)CC[C@]1(C)O)CC[C@H](O)[C@@]1(C)CC[C@H](C(C)(C)O)O1,CHEMBL277261
DEC_2406,decoy,CCCc1cc(=O)oc2c3c(c4c(c12)OC(C)(C)C=C4)OC[C@H](C)C3=O,CHEMBL266748
DEC_1140,decoy,CC1(C)C2CCC1(CS(=O)(=O)N1CCC3(CCc4ccccc43)CC1)C(NC(=O)[C@@H]1CCCN(C[C@H](O)CO)C1)C2,CHEMBL282464
DEC_2782,decoy,Brc1ccc(C2COC(Cn3ccnc3)(c3ccc(Br)cc3)O2)cc1,CHEMBL29376
DEC_2126,decoy,CCc1c2c(nc3ccc(O)cc13)-c1cc3c(c(=O)n1C2)COC(=O)C3(O)CC,CHEMBL10206
DEC_3316,decoy,CC(=O)OCC/C(COC(C)=O)=C(\CC1(C)C(C)CCC2(C)C1CCCC2(O)CO)OC(C)=O,CHEMBL416628
DEC_1695,decoy,Nc1nc2c(cnn2CCc2ccc(S(=O)(=O)NCC(=O)O)cc2)c2nc(-c3ccco3)nn12,CHEMBL22881
DEC_0547,decoy,COc1cc2[nH]c([S+]([O-])Cc3nccc(OC)c3C)nc2cc1OC(F)F,CHEMBL9427
DEC_2235,decoy,Cc1cc(C)c(NC(=O)c2sccc2S(=O)(=O)Nc2onc(C)c2Cl)c(C)c1O,CHEMBL280659
DEC_2928,decoy,CC(=O)N[C@@H](C[S+]([O-])c1ccc2ccccc2n1)C(=O)N[C@@H](Cc1ccccc1)[C@H](O)Cc1ccccc1C(=O)NC(C)(C)C,CHEMBL268765
DEC_1902,decoy,Cc1cc(SC2=C(O)OC(C)(CCc3ccc(O)cc3)CC2=O)c(C(C)(C)C)cc1N,CHEMBL37755
DEC_0464,decoy,CC(C)COc1nc2ccc(C(C)O)cn2c(=O)c1Cc1ccc(-c2ccccc2-c2nn[nH]n2)cc1,CHEMBL54699
DEC_2760,decoy,Oc1ncc(Sc2ccc(Cl)cc2)cn1,CHEMBL8239
DEC_0986,decoy,CC(=O)OCC(=O)[C@@]1(OC(=O)c2cnc3ccccc3n2)C(C)CC2C3CCC4=CC(=O)C=CC4(C)[C@@]3(Cl)C(Cl)CC21C,CHEMBL273502
DEC_4048,decoy,OC1CCCCCC1CN1CCN(CCOC(c2ccc(F)cc2)c2ccc(F)cc2)CC1,CHEMBL416198
DEC_1647,decoy,Cc1nn(C(C)(C)C)c2nc(C3CC3)c(/C=C/[C@@H](O)C[C@@H](O)CC(=O)[O-])c(-c3ccc(F)cc3)c12.[Na+],CHEMBL23768
DEC_0501,decoy,CC(C)CC(OP(=O)(O)[C@@H](C)NC(=O)OCc1ccccc1)C(=O)NC(C)C(=O)O,CHEMBL40460
DEC_0720,decoy,CCN1C(=O)c2c(nc(C(N)=O)n2Cc2ccc(O)c(Cl)c2)N2C1=N[C@@H]1CCC[C@@H]12,CHEMBL285610
DEC_3655,decoy,c1cc(CSc2ccc3ccccc3n2)cc(-c2nnn(CCCCc3nnn[nH]3)n2)c1,CHEMBL18922
ACT_077,active,O=C1N(Cc2ccccc2)C(=O)N1Cc1ccccc1,CHEMBL47394
DEC_0495,decoy,Nc1nc(O)c2c(n1)CCC2CCc1ccc(C(=O)NC(CCC(=O)O)C(=O)O)cc1,CHEMBL296190
DEC_2491,decoy,CSc1c2c(nc(NC(=O)Cc3ccc(CC(C)C)cc3)n3nc(-c4ccco4)nc23)nn1C,CHEMBL439447
DEC_3646,decoy,O=S(=O)(Nc1ccc(CCNC[C@H](O)c2cccnc2)cc1)c1ccc(-c2coc(COc3ccc(F)cc3)n2)cc1,CHEMBL37335
DEC_2358,decoy,O=C1C2C3C=CC(C4CC34)C2C(=O)N1CCCCN1CCN(c2cncc(Cl)n2)CC1,CHEMBL29155
DEC_0973,decoy,O=C(N[C@@H]1C(Cn2cnc3c(NCc4cccc5ccccc45)ncnc32)OC(CO)[C@@H]1O)c1ccc(-c2ccccc2)cc1,CHEMBL263274
DEC_3143,decoy,CC1=C(C(=O)OC(c2ccccc2)c2ccccc2)N2C(=O)[C@@H](NC3=NC(c4ccccc4)CN3)C2SC1,CHEMBL276686
DEC_2076,decoy,N[C@@H](CCC(=O)NC(CSCC(=O)c1ccc(-c2ccccc2)cc1)C(=O)NCC(=O)O)C(=O)O,CHEMBL417131
DEC_1856,decoy,Cc1ccc(O)cc1C(C)(C)C(C)(C)c1cc(O)ccc1C,CHEMBL26187
DEC_2474,decoy,CCCCc1nc2ccc(C3=NNC(=O)CC3)cc2n1Cc1ccc(-c2ccccc2-c2nn[nH]n2)cc1,CHEMBL26437
DEC_1574,decoy,CCC(=O)OCC(=O)[C@@]1(OC(=O)CC)[C@@H](C)C[C@H]2C3CCC4=CC(=O)C=C[C@]4(C)[C@@]3(Br)[C@@H](O)[C@@H](O)[C@@]21C,CHEMBL416303
DEC_2037,decoy,CCOC(=O)N1CCN(C(=O)CNC(=O)[C@@H]2CCCCNC(=O)OCCC[C@H](C(=O)NO)[C@@H](CC(C)C)C(=O)N2)CC1,CHEMBL312972
DEC_2492,decoy,CC1(C)C=C(n2ccccc2=O)c2cc(S(=O)(=O)Nc3ccccc3Br)ccc2O1,CHEMBL267301
DEC_3335,decoy,C1CCN(P2(N3CCCC3)=N[P@@](N3CCCC3)(N3CC3)=N[P@](N3CCCC3)(N3CC3)=N2)C1,CHEMBL284206
DEC_0572,decoy,Cc1nc(-c2c3n(c4c(N5CCN(CCc6ccccc6)CC5)ncnc24)CCCC3)no1,CHEMBL285576
DEC_0226,decoy,Nc1nc(O)c2ncn([C@H]3CCC[C@H]3CO)c2n1,CHEMBL287512
DEC_1917,decoy,C/C=C/C=C/C(=O)O[C@H](CC=C(C)C)C1=CC(=O)c2c(O)ccc(O)c2C1=O,CHEMBL9148
DEC_0883,decoy,O/N=C/c1ccc(Sc2cc(F)cc(C3CCOCC3)c2)cc1,CHEMBL279716
DEC_3208,decoy,OC1(c2nc(-c3ccc(F)cc3)c(-c3ccncc3)[nH]2)CCC1,CHEMBL22618
DEC_1827,decoy,CCC(c1ccc(O)cc1F)C(CC)c1ccc(O)cc1F,CHEMBL15211
DEC_0457,decoy,C=C1C[C@@]23O[C@]2(c2ccccc21)C1CC(OC(=O)[C@H](O)[C@@H](NC(=O)OCC)c2cccnc2)C3(C)C1(C)C,CHEMBL286579
DEC_0462,decoy,CC[C@H]1CO[C@H]2[C@@H]1[C@H](O)[C@H](OCC13C[C@@H]4[C@H](C)CC[C@H]4C4(C=O)CC1C=C(C(C)C)C34C(=O)O)O[C@@H]2C,CHEMBL295645
DEC_1423,decoy,CC1(C)O[C@H]2C=CCO[C@@]2(COS(N)(=O)=O)O1,CHEMBL280545
DEC_0557,decoy,C1CCN(P2(N3CCCC3)=NP(N3CC3)(N3CC3)=NP(N3CC3)(N3CC3)=N2)C1,CHEMBL26674
DEC_0366,decoy,CC/C(=C(\Cc1ccccc1)c1ccc(OCN2CCCCC2)cc1)c1ccccc1,CHEMBL11663
DEC_1190,decoy,CC(=O)OC1CCn2c3c(c(COC(N)=O)c21)C(=O)C(N1CC1)=C(C)C3=O,CHEMBL276556
DEC_4020,decoy,CCN(CC)CCn1nc2c3c(c(NC(=O)CNC(=O)OC(C)(C)C)ccc31)Sc1cccc(OC)c1-2,CHEMBL36621
DEC_3806,decoy,CNC(=O)[C@@H](Cc1ccc(O)cc1)NC(=O)C(CC(C)C)CP(=O)(O)Cc1ccc(CC(C)C)cc1,CHEMBL284876
DEC_0311,decoy,CCCC(=O)N[C@@H](c1ccsc1)[C@@H](O)C(=O)OC1CC2C(C)(C)C1(C)[C@@]13CC(C)c4ccccc4[C@@]21O3,CHEMBL31801
DEC_0369,decoy,CC/C(=C(/Cc1ccc(OCN2CCCCC2)cc1)c1ccccc1)c1ccccc1,CHEMBL440089
DEC_2470,decoy,C=C1C[C@@]23O[C@]2(c2ccccc21)C1CC(OC(=O)[C@H](O)[C@@H](NC(C)=O)c2ccccc2)C3(C)C1(C)C,CHEMBL283716
DEC_0400,decoy,CNC(=O)c1sc(C(C)(C)C)cc1NC(=O)Nc1ccc(F)cc1,CHEMBL279128
DEC_0380,decoy,N#Cc1c(Cl)ccc(NC(=O)Nc2ccccc2Br)c1O,CHEMBL26830
DEC_1684,decoy,CCOC(=O)[C@H](CCc1ccccc1)NCC(=O)N1CC2(C[C@H]1C(=O)O)SCCS2,CHEMBL296410
DEC_2331,decoy,CC1(C)N=C(N)N=C(N)N1c1cccc(COc2cccc3ccccc23)c1,CHEMBL20466
DEC_1456,decoy,CCc1nc2c([nH]1)N1C(=N[C@@H]3CCC[C@@H]31)N(C)C2=O,CHEMBL418367
DEC_1169,decoy,COC(=O)C1(c2ccccc2)CCN(CCCNC(=O)N2C(=O)NC3=C(C(=O)OC3)C2c2ccc3c(c2)OCO3)CC1,CHEMBL299984
DEC_3887,decoy,C[C@@H](n1cnc2cc(I)ccc2c1=O)[C@](O)(Cn1cncn1)c1ccc(F)cc1F,CHEMBL58831
DEC_3366,decoy,N#Cc1ccc(Nc2nc(N)nc(Oc3c(Br)cc(Br)cc3Br)n2)cc1,CHEMBL72459
DEC_2237,decoy,O=C(O)CCc1ccccc1CC1C2CCC(O2)C1c1nc(C(=O)Nc2ccccc2)co1,CHEMBL280605
DEC_3628,decoy,CCC(c1ccc(O)cc1)C(CC)c1ccc(O)c(CCCNS(=O)(=O)c2cccc3c(N(C)C)cccc23)c1,CHEMBL42957
DEC_2073,decoy,O=C(NCCNCCO)c1ccccc1SSc1ccccc1C(=O)NCCNCCO,CHEMBL297013
DEC_3099,decoy,CC(C)/N=C(/NC#N)Nc1cccc(/C(=C\CCCC(=O)O)c2cccnc2)c1,CHEMBL22721
ACT_018,active,Oc1ccc2c(Cc3ccc(CN4CCCC4)c(Br)c3)c(-c3ccc(OCCN4CCCC4)cc3)sc2c1,CHEMBL275206
DEC_3005,decoy,O=S1NC(Cc2cc3ccc(F)cc3o2)=NO1,CHEMBL17864
DEC_1249,decoy,COC(=O)[C@H](Cc1ccc(OC(C)=O)c(OC(C)=O)c1)NC(=O)N[C@@H](Cc1ccc(OC(C)=O)c(OC(C)=O)c1)C(=O)OC,CHEMBL11259
DEC_0381,decoy,COc1ccc2[nH]c3c(C)c4ccnc(NCCN)c4cc3c2c1,CHEMBL19795
DEC_3186,decoy,CC(/C=C/C(=O)C1=C(O)CN(C)C1=O)=C\C1CCCCC1,CHEMBL10359
DEC_1652,decoy,CCCn1c(=O)c2nc(-c3cc(OCC(=O)Nc4ccc(C(=O)O)cc4)nn3C)[nH]c2n(CCC)c1=O,CHEMBL431703
DEC_3844,decoy,Cc1ccc(CCCOc2c(C)cc(-c3noc(C(F)(F)F)n3)cc2C)cn1,CHEMBL280755
DEC_3879,decoy,CCCCC(=O)O[C@H](CC=C(C)C)C1=CC(=O)c2c(O)ccc(O)c2C1=O,CHEMBL9499
DEC_3230,decoy,O=S(=O)(OCCCl)c1cc(Cl)c(Cl)cc1Cl,CHEMBL17012
DEC_1263,decoy,CC(C)C[C@@H]1OC(=O)C(C)(C)CNC(=O)[C@@H](CC2CCCCC2)NC(=O)/C=C/C[C@@H]([C@H](C)/C=C/c2ccccc2)OC1=O,CHEMBL314892
DEC_1837,decoy,CCC(c1ccc(O)cc1C)C(CC)c1ccc(O)cc1C,CHEMBL14994
DEC_0665,decoy,CC1=C(C(=O)OC(c2ccccc2)c2ccccc2)N2C(=O)[C@@H](NC3=NCCN3C)C2SC1,CHEMBL427635
DEC_0021,decoy,COc1ccc(CCNCC(O)COc2ccc(OCc3ncc[nH]3)cc2)cc1OC,CHEMBL275934
DEC_0315,decoy,CSc1ccc(-c2cc3ncn([C@H](C)[C@](O)(Cn4cncn4)c4ccc(F)cc4F)c(=O)c3s2)cc1,CHEMBL52023
DEC_0703,decoy,CC(C)C[C@H](N)C(=O)N[C@@H]1CN(c2nc3c(cc2F)c(=O)c(C(=O)O)cn3C2CC2)[C@H]1C,CHEMBL416546
DEC_3531,decoy,Cc1cccc(NN2C=NC(C)C2c2ccccc2)c1,CHEMBL290159
DEC_0518,decoy,O=C(O)CC[C@H](NC(=O)Nc1ccc(N(CCCl)CCCl)cc1)C(=O)O,CHEMBL13287
DEC_1947,decoy,C[C@@](O)(/C=C/C1[C@H](O)C[C@@H]2OC(=O)CCC/C=C\C[C@H]12)CCc1ccccc1,CHEMBL429044
DEC_3690,decoy,C=Cc1ccc(-c2ccc(OCC(CN3C(=O)N(C)C(C)(C)C3=O)N(O)C=O)cc2)cc1,CHEMBL38299
DEC_4098,decoy,OC1(c2ccc(Cl)cc2)CCN(CCCn2c3c(c4ccccc42)CCN(CCc2ccccn2)C3)CC1,CHEMBL12491
DEC_1404,decoy,C=CCNC(=O)O[C@H]1CC[C@@](CNC(=O)c2cccc3c2OCC3)(c2ccccc2)CC1,CHEMBL16110
DEC_4260,decoy,CCN1C(C(=O)N[C@H](C=O)Cc2ccccc2)Cc2cc3c(cc2S1(=O)=O)OCCO3,CHEMBL269384
DEC_1049,decoy,Cc1cccc2[nH]c3c(N4CCN(CCc5ccc(F)c(F)c5)CC4)ncnc3c12,CHEMBL26369
DEC_3576,decoy,Nc1nc(N)c2c(n1)CCC(c1ccccc1)C2,CHEMBL7535
DEC_1459,decoy,Nc1nc(F)nc2c1ncn2[C@H]1O[C@@H](CO)C=C1F,CHEMBL280529
DEC_1470,decoy,Nc1nc(Cl)c2ncn([C@@H]3C[C@@H]4C[C@H](C(=O)O)O[C@@H]4C3)c2n1,CHEMBL20712
DEC_1937,decoy,O=C1NC(=O)C(c2cc(Cl)ccc2[S+]([O-])Cc2ccc(Cl)cc2)N1,CHEMBL19781
DEC_0796,decoy,Cn1c(=O)c2nc(-c3ccc(Cl)c(Cl)c3)[nH]c2n(C)c1=O,CHEMBL11288
DEC_2680,decoy,COc1ccc(C(=O)Nc2ccc(-c3ccccc3)n(CC(=O)NC(C(=O)C(F)(F)F)C(C)C)c2=O)cc1,CHEMBL68841
DEC_3199,decoy,COc1ccc(C2CCNC2)cc1OC1CCCC1,CHEMBL37073
DEC_0397,decoy,CNC(=O)c1[nH]c(C(C)(C)C)cc1NC(=O)Nc1cccc2ccccc12,CHEMBL18103
DEC_0707,decoy,NC(=O)c1cccc2[nH]c3c(N4CCN(CCc5ccc(F)c(F)c5)CC4)ncnc3c12,CHEMBL283438
DEC_0344,decoy,CCOC(=O)N[C@@H](c1ccncc1)[C@@H](O)C(=O)OC1CC2C(C)(C)C1(C)[C@@]13C[C@H](C)c4ccccc4[C@@]21O3,CHEMBL30890
DEC_3726,decoy,NC(=O)CC[C@H](NC(=O)[C@H]1CCCN1C(=O)OCc1ccccc1)C(=O)N[C@@H](CCC(N)=O)C(=O)OCc1ccccc1,CHEMBL64631
DEC_3268,decoy,OC[C@@]1(CCc2ccccc2)CC2C3Cc4ccc(O)c5c4C2(CCN3CC2CC2)C(O5)[C@@H]1O,CHEMBL273670
DEC_3370,decoy,C[C@@H](n1cnc2cc(-c3ccc(C4=NCCO4)cc3)sc2c1=O)[C@](O)(Cn1cncn1)c1ccc(F)cc1F,CHEMBL300501
DEC_2803,decoy,Oc1ccc2c3c1OC1[C@H]4OC[C@@]4(CCc4ccccc4)CC4C(C2)N(CC2CCC2)CCC341,CHEMBL276450
DEC_3432,decoy,O=C(NCC(O)CO)c1cc(N(CCI)CCI)c([N+](=O)[O-])cc1[N+](=O)[O-],CHEMBL23355
DEC_0695,decoy,Cc1c(N2C[C@H](C3(N)CC3)C(F)(F)C2)c(F)c(N)c2c(=O)c(C(=O)O)cn([C@@H]3C[C@@H]3F)c12,CHEMBL6994
DEC_0673,decoy,CC1=C(C(=O)OC(c2ccccc2)c2ccccc2)N2C(=O)[C@@H](NC3=NC(C)C(C)N3)C2SC1,CHEMBL13586
DEC_1460,decoy,Nc1nc(O)c2c(n1)CCC(CBr)C2,CHEMBL25384
DEC_3235,decoy,COc1c2occc2c(CN(C)C)c2ccc(=O)oc12.Cl,CHEMBL267498
DEC_3775,decoy,CC(C)(C)OC(=O)NCCCC[C@H](N[C@H]1CCc2ccccc2N(CC(=O)O)C1=O)C(=O)O,CHEMBL40420
DEC_1891,decoy,CC(=O)OC(C(=O)Oc1ccc2[nH]c(C(=O)c3cc4ccccc4[nH]3)cc2c1)c1ccccc1,CHEMBL7510
DEC_3773,decoy,Nc1nc(O)c2cc(CNc3ccc(C(=O)NC(CCC(=O)O)C(=O)O)cc3)ccc2n1,CHEMBL23977
DEC_0984,decoy,Cn1cncc1C(OCc1c(-c2cc(Cl)cc(Cl)c2)cc(C#N)c(=O)n1C)c1ccc(C#N)c(I)c1,CHEMBL129685
DEC_1656,decoy,O=C([O-])C[C@H](O)C[C@H](O)/C=C/c1c(C2CC2)nc2sc3c(c2c1-c1ccc(F)cc1)CCC3.[Na+],CHEMBL422573
DEC_3877,decoy,CC(O)CN(C)c1nc2cc(-c3ccc(Cl)cc3)nnc2c2ccccc12,CHEMBL283507
DEC_2182,decoy,COCCN(CC(=O)O)C(=O)C(CCCN=C(N)N)NS(=O)(=O)c1cccc2cc(C)c(C)cc12,CHEMBL24257
DEC_1850,decoy,CC[C@@H]1Cc2cc(O)ccc2C2=C1c1ccc(O)cc1C[C@H]2CC,CHEMBL282489
DEC_0481,decoy,CN(C)CCNCc1nn2c3cccc(O)c3c(=O)c3c(NCCN(C)C)ccc1c32,CHEMBL266329
DEC_2607,decoy,CNc1nsc(-c2ccc(N3CCN(c4cccc(C(F)(F)F)c4)CC3)nn2)n1,CHEMBL14854
DEC_0158,decoy,OCCCCCn1cnc2c1NC=NCC2O,CHEMBL34373
DEC_0453,decoy,CC(C)C(=O)OCC(=O)[C@@]1(OC(=O)C(C)C)CCC2C3C[C@H](F)C4=CC(=O)C=CC4(C)[C@@]3(F)C(O)CC21C,CHEMBL430603
DEC_1776,decoy,COc1ccc(C[C@H]2NC(=O)/C=C/C[C@@H](C(=O)C#Cc3ccccc3)OC(=O)[C@H](CC(C)C)OC(=O)CCNC2=O)cc1,CHEMBL276461
DEC_0383,decoy,N#Cc1ccc(NC(=O)Nc2ccccc2Br)c(O)c1,CHEMBL27863
DEC_0482,decoy,CC(C)(C)OC(=O)NCCCC(=O)NCCSCc1csc(C=C(N)N)n1,CHEMBL284374
ACT_059,active,CCN(CC)S(=O)(=O)c1ccc2c(c1)c(=O)c(C(=O)NCc1ccco1)cn2C,CHEMBL1405770
DEC_1705,decoy,CC(C)C[C@@H](/C=N/N1CCOCC1)NC(=O)[C@@H](NS(=O)(=O)c1ccc(F)cc1)C(C)C,CHEMBL43650
DEC_1786,decoy,C[C@H]1C[C@@H](OC(=O)N[C@@H](Cc2ccccc2)[C@H](O)CN2C[C@H]3CCCC[C@H]3C[C@H]2C(=O)NC(C)(C)C)CS1(=O)=O,CHEMBL428519
DEC_0073,decoy,Cc1c(Cl)nc(N2CCN(C)CC2)nc1NC(C)C,CHEMBL31957
DEC_2670,decoy,CN(C)CCc1c(C(=O)NCc2ccc(C(F)(F)F)cc2)[nH]c2ccc(CCN3C(=O)NC(C)(C)C3=O)cc12,CHEMBL84646
DEC_0425,decoy,COC(=O)CCCC(=O)O[C@]1(C(=O)CCl)[C@@H](C)CC2C3CCC4=CC(=O)C=CC4(C)[C@@]3(F)[C@@H](O)CC21C,CHEMBL84182
DEC_1741,decoy,COc1cc(Cc2cnc(N)nc2N)cc(OCCCC(=O)O)c1Br,CHEMBL31887
DEC_1931,decoy,OC1CCCCC1N1CCC(CCC2CCN(C3CCCCC3O)CC2)CC1,CHEMBL20656
DEC_0892,decoy,NCc1ccc(-c2nc(-c3ccc(F)cc3)c(-c3ccncc3)[nH]2)cc1,CHEMBL17445
DEC_3599,decoy,CCC(C)NC1=NS(=O)(=O)c2cccnc2N1,CHEMBL32099
DEC_3489,decoy,CC(=O)Nc1ccc(CNCCCNC(=O)C2=CC(C)(C)NC2(C)C)cc1,CHEMBL15388
DEC_2960,decoy,CC1=C/C(=N/n2cccc2)C=C/C1=N/n1cccc1,CHEMBL277181
DEC_3169,decoy,Cc1nccn1-c1ccc(-c2cccn3c(C)ncc23)cc1,CHEMBL283929
DEC_2454,decoy,Cc1cc(OCc2ccc(-c3ccccc3-c3nn[nH]n3)cc2)c(I)c(C)n1,CHEMBL22391
DEC_1548,decoy,NC(=O)[C@H](Cc1ccc(O)cc1)NC(=O)[C@@H]1CCN1/C=C1\N=C(c2ccc(Br)cc2)OC1=O,CHEMBL292003
DEC_1636,decoy,CCCn1c(=O)c2nc(-c3cc(OCC(=O)Nc4ccc(C)cn4)nn3C)[nH]c2n(CCC)c1=O,CHEMBL433235
DEC_3367,decoy,C[C@H]1CC2C3CCC4=CC(=O)C=CC4(C)[C@@]3(F)[C@@H](O)CC2(C)[C@@]1(OC(=O)CCC(=O)OC(C)(C)C)C(=O)CCl,CHEMBL83845
DEC_2072,decoy,Nc1nc(O)c2cc(CN(CC(=O)O)c3ccc(C(=O)NC(CCC(=O)O)C(=O)O)cc3)ccc2n1,CHEMBL22626
DEC_1253,decoy,COc1ccc(S(=O)(=O)N(Cc2ccc3c(c2)OCO3)[C@H](CCC(=O)N2CCN(Cc3ccncc3)CC2)C(=O)NO)cc1,CHEMBL76811
DEC_3794,decoy,CCCCc1nc(Cl)c(CO)n1Cc1ccc(NC(=O)C(Cc2ccccc2)n2cnnn2)cc1,CHEMBL299105
DEC_0952,decoy,Cc1cc(C(=O)NCCN2CCOCC2)[nH]c1/C=C1\C(=O)Nc2ncnc(Nc3ccc4c(ccn4Cc4ccccc4)c3)c21,CHEMBL264382
DEC_0931,decoy,CCNCC[C@H]1C[C@@H](C)C(=O)/C=C/C(C)=C/[C@H](C)[C@@H](CC)OC(=O)CC(O)[C@H](C)[C@H]1O[C@@H]1O[C@H](C)C[C@H](N(C)C)[C@H]1O,CHEMBL9177
DEC_0467,decoy,O=C(O)CCCNC(=O)CCC(NC(=O)c1cc(Cl)cc(Cl)c1)C(=O)N1CCC2(CCCC2)CC1,CHEMBL30844
DEC_3882,decoy,O=C1[C@H]2Cc3c([nH]c4ccccc34)[C@@H](c3ccc4c(c3)OCO4)N2C(=O)CN1[C@@H]1CCN(CCc2ccccn2)C1,CHEMBL284070
DEC_0602,decoy,Cc1cc(C)cc(-c2[nH]c3ccc(C(C)(C)C(=O)N4CC5CCC4CC5)cc3c2[C@H](C)CNCCc2cc[n+]([O-])cc2)c1,CHEMBL112400
DEC_4228,decoy,COC(=O)/C=C\C(=O)N[C@H]1CCC2(O)C3Cc4ccc(O)c5c4C2(CCN3CC2CC2)[C@H]1O5,CHEMBL20552
DEC_1874,decoy,CC(C)=CCC(OC(=O)Cc1c[nH]c2ccccc12)C1=CC(=O)c2c(O)ccc(O)c2C1=O,CHEMBL27749
DEC_0375,decoy,CCN1C(=O)CC[C@]2(C)C3CC[C@@]4(C)C(CC[C@@H]4C(C)CCCC(C)C)C3[C@@H](C)CC12,CHEMBL24958
DEC_1862,decoy,CC(=O)OC1=CC[C@H]2CC3C(=C(O)c4c(O)cccc4C3O[Si](C)(C)C(C)(C)C)C(=O)[C@H]2C1,CHEMBL29750
DEC_2420,decoy,Brc1ccccc1Nc1nc2ccccc2n2ccnc12,CHEMBL28548
DEC_2874,decoy,COc1cccc(Oc2c(NS(=O)(=O)c3ccc(C(C)(C)C)cc3)ncnc2OCCOc2nccc(OC)n2)c1,CHEMBL116698
DEC_0817,decoy,CN(C)c1cccc(-c2cc(O)c3cc4c(cc3n2)OCO4)c1,CHEMBL275872
DEC_0060,decoy,CCCC1C(=O)N2C=CSC2N(CCC)C1=O,CHEMBL29534
DEC_3903,decoy,COC(=O)N[C@@H](c1ccncc1)[C@@H](O)C(=O)OC1CC2C(C)(C)C1(C)[C@@]13C[C@]4(CO4)c4ccccc4[C@@]21O3,CHEMBL31572
DEC_2556,decoy,C[C@H]1CC2C([C@@H](O)C[C@@]3(C)C2CC[C@]3(O)C(=O)CN2CCN(c3ccccn3)CC2)[C@@]2(C)C=CC(=O)C=C12,CHEMBL15581
ACT_005,active,COc1cc(OCc2csc(N3CCN(c4ccc(C)cn4)CC3)n2)c2cc(-c3cn4nc(C)ccc4n3)oc2c1,CHEMBL3715692
DEC_1224,decoy,COc1cc(OC)cc([C@@H]2c3cc4c(cc3N[C@@H]3COC(=O)N23)OCO4)c1,CHEMBL266583
DEC_2964,decoy,C1=C(c2ccc(-n3ccnc3)cc2)c2nccn2CC1,CHEMBL27806
DEC_4171,decoy,COc1c(C)cnc(C[S+]([O-])c2nc3cc(OC(F)F)ccc3[nH]2)c1C,CHEMBL9890
DEC_1530,decoy,CNS(=O)(=O)c1ccc2c(c1)/C(=C/c1[nH]c3c(c1CCCN1CCN(C(=O)CO)CC1)CCCC3)C(=O)N2,CHEMBL291914
DEC_4150,decoy,c1ccc(-c2ccc(NCCCCN3CCc4ccccc4C3)nn2)cc1,CHEMBL25264
DEC_2345,decoy,Cc1cc(OCc2ccc(-c3ccccc3-c3nn[nH]n3)cc2)cc(C)n1,CHEMBL281999
DEC_0772,decoy,CCN(CC)Cc1cc(Nc2cc(C(F)(F)F)nc(/N=C(\N)Nc3ccc(OC)cc3)n2)ccc1OC,CHEMBL22291
DEC_4059,decoy,CC(C)C1=CC2CC3(C=O)[C@@H]4CC[C@@H](C)[C@H]4CC2(CO[C@H]2C[C@@H]4OCO[C@@H]4[C@@H](C)O2)C13C(=O)O,CHEMBL21682
DEC_1364,decoy,O=S1(=O)c2cccc3cccc(c23)N1CCCN1CC=C(c2c[nH]c3ccccc23)CC1,CHEMBL19613
DEC_4001,decoy,O=C(Nc1ccc(C[C@H](/N=c2\c(O)c(O)\c2=N/CCC(F)(F)F)C(=O)O)cc1)c1c(Cl)cncc1Cl,CHEMBL275054
DEC_2058,decoy,CC(C)C[C@H]1C(=O)N[C@H](C(=O)NCC(=O)N2CCN(c3ccccn3)CC2)CCCCNC(=O)OCCC[C@@H]1C(=O)NO,CHEMBL90727
ACT_027,active,CC(C)(C)OC(=O)Nc1cccc(-c2ccc(C(=O)N[C@@H](CCCN=C(N)N)B3O[C@@H]4CC5CC(C5(C)C)[C@]4(C)O3)o2)c1,CHEMBL297536
DEC_3617,decoy,COc1ccc(-c2nc(SCCCCCSc3nc4c(=O)n(C)c(=O)n(C)c4[nH]3)[nH]c2-c2ccc(OC)cc2)cc1,CHEMBL51088
DEC_1196,decoy,CC1(C)N=C(N)N=C(N)N1c1cccc(COc2cccc(C#N)c2)c1,CHEMBL283740
DEC_3462,decoy,CC(=O)c1c(-c2ccc(O)cc2)c(-c2ccc(O)cc2)nn(CCO)c1=O,CHEMBL31937
DEC_2305,decoy,C=C1/C=C(\C)[C@H](CC)OC(=O)[C@@H](C)C(=O)[C@@](O)(CO)C/C(OC)=C/[C@@H](C)C1,CHEMBL431117
DEC_0814,decoy,CSC1=NC(c2ccccc2SC)C2=C(O)OCC2=N1,CHEMBL22704
DEC_2687,decoy,CCCCN(Cc1ccc(-c2ccccc2-c2nn[nH]n2)cc1)c1ncnc2c1nc([S+](C)[O-])n2C,CHEMBL51987
DEC_2086,decoy,CCOP(=O)(NC(CNC(=O)CC1CC(c2ccc(C(=N)N)cc2)=NO1)C(=O)O)OCC,CHEMBL278601
DEC_0839,decoy,COc1cc2c(cc1OC)[C@H]1c3cc(OC)c(OC)c(OC)c3OC[C@H]1[C@H](CO)C2,CHEMBL18008
ACT_095,active,N/C(=N\O)c1ccc(CN(NS(=O)(=O)c2ccc(-c3ccccc3)cc2)C(=O)N2CCCCCC2)cc1,CHEMBL38467
DEC_1960,decoy,O=C(Nc1cc(C(F)(F)F)cc(C(F)(F)F)c1)NN1CCN(CCO)CC1,CHEMBL278721
DEC_3735,decoy,O=C(/C=C/c1ccc(O)c(O)c1)NC(COC(=O)/C=C/c1ccc(O)c(O)c1)C(=O)O,CHEMBL416207
DEC_3027,decoy,CC1(NC(=O)N(CCCl)N=O)CCCC1,CHEMBL267308
DEC_3053,decoy,CC1CCCCn2c1nc1c(c2=O)CCCC1,CHEMBL290740
DEC_0421,decoy,COC(=O)c1[nH]c(C(C)(C)C)cc1NC(=O)Nc1ccc(Cl)cc1,CHEMBL18743
DEC_3359,decoy,COc1ccc(C(CCC(=O)O)O[C@@H]2O[C@@H]3OC4(C)CC[C@H]5[C@H](C)CCC([C@H]2C)C35OO4)cc1,CHEMBL30493
DEC_1211,decoy,COc1cc(CN2CCc3c(oc4nc(N)nc(N)c34)C2)cc(OC)c1OC,CHEMBL287240
DEC_1153,decoy,COC(=O)[C@H](Cc1c[nH]c2ccccc12)NP(=O)(OC)OCC1OC(n2cc(C)c(=O)[nH]c2=O)CC1N=[N+]=[N-],CHEMBL53431
DEC_0799,decoy,Brc1ccc2c(c1)C1C(CC2)N=C2SCCN21,CHEMBL282574
DEC_0286,decoy,COc1cccc2c1OP(=O)(OCC1C=CC(n3cc(C)c(=O)[nH]c3=O)O1)OC2,CHEMBL33528
DEC_0645,decoy,O=C1CC2(CCCC2)CC(=O)N1OCCCN1CCN(C2=NS(=O)(=O)c3ccccc32)CC1,CHEMBL10658
DEC_3943,decoy,CC(C)(C)[C@H]1CC[C@H](N(Cc2ccc(C(=O)NCCC(=O)O)cc2)C(=O)Nc2ccc(OC(F)(F)F)cc2)CC1,CHEMBL62444
DEC_4075,decoy,Cc1nc2c(n1Cc1ccc(-c3ccccc3-c3nn[nH]n3)cc1)/C(=C/C(=O)O)CCCC2,CHEMBL289391
DEC_1034,decoy,CCN(CC)CC#CCCC1(C(O)(c2ccccc2)c2ccccc2)SCCCS1,CHEMBL290224
DEC_1697,decoy,COc1cc(/C=C/c2nc3c(c(=O)n(C)c(=O)n3C)n2C)cc(OC)c1OC/C=C/CNC(C)=O,CHEMBL280796
DEC_2866,decoy,CCOc1nc2cccc(C(=O)OCOC(=O)OCC3CC3)c2n1Cc1ccc(-c2ccccc2-c2nn[nH]n2)cc1,CHEMBL307861
DEC_3172,decoy,CNCCCC12CCC(c3ccccc31)c1ccccc12,CHEMBL21731
DEC_3410,decoy,CCCC(=O)O.C[C@@H]1CN(C(=O)N2Cc3c(C(=O)OC(C)(C)C)ncn3-c3ccc(Cl)cc32)C[C@H](C)N1,CHEMBL276144
DEC_2053,decoy,Cc1ccc(S(=O)(=O)N[C@@H](CNC(=O)CC2CC(c3ccc(C(=N)N)cc3)=NO2)C(=O)O)o1.O=C(O)C(F)(F)F,CHEMBL17858
DEC_1921,decoy,CC1CCC(/C=N/c2ccc(Br)cc2)=C2NC=C(C(=O)O)C(=O)N21,CHEMBL280707
DEC_4263,decoy,O=C(O)CCC(=O)N1CCN(C(=O)N2CCC3(CC2)CCN(c2ccncc2)C3)CC1,CHEMBL12782
DEC_2070,decoy,CC(C)C[C@H](NC(=O)c1cc2ccccc2o1)C(=O)N[C@@H](CC(=O)O)C(=O)N[C@H](C(N)=O)[C@@H](C)O,CHEMBL417516
DEC_1071,decoy,O=S(=O)(c1nc(-c2ccccc2)c(-c2ccccc2)[nH]1)C(F)(F)C(Cl)Cl,CHEMBL415993
DEC_3659,decoy,CO[C@]1(c2cc(F)cc(S(=O)(=O)c3ccc(/C(C)=N/OCC#N)cc3)c2)CCO[C@@H](C)C1,CHEMBL422226
DEC_3142,decoy,Cc1c(C)c2c(c(C)c1O)CCC(C)(CN(C)CCOc1ccc(/C=C3\SC(=O)NC3=O)cc1)O2,CHEMBL6471
DEC_3990,decoy,CCC(C)C(NC(=O)OC(C)(C)C)C(=O)N1CCN(CCNc2ccnc3cc(Cl)ccc23)CC1,CHEMBL281281
DEC_1642,decoy,CCCS(=O)(=O)c1csc(C(=O)N[C@H](C)[C@](O)(Cn2cncn2)c2ccc(F)cc2F)c1N,CHEMBL301698
DEC_2478,decoy,CCNC(=O)c1c2n(c3c(N4CCN(CCc5ccc(F)c(F)c5)CC4)ncnc13)CCCC2,CHEMBL286272
DEC_1629,decoy,CN1C=CCC(C(=O)NCCOC(=O)C2N3C(=O)C(NC(=O)Cc4ccccc4)C3SC2(C)C)=C1,CHEMBL301932
DEC_0443,decoy,Cc1nc(-c2ccc(C#N)cc2)sc1C(=O)N(C)[C@H](C)[C@](O)(Cn1cncn1)c1ccc(F)cc1F,CHEMBL53511
DEC_2094,decoy,N=C(N)c1ccc(CC(O)CCC(=O)N[C@@H](CC(=O)O)C(=O)N[C@@H](Cc2ccccc2)C(=O)O)cc1,CHEMBL298967
DEC_3187,decoy,c1c[nH]c2nc(-c3ccccc3OC3CCCC3)nc-2c1,CHEMBL286042
DEC_2485,decoy,CC[C@@H]1CO[C@H]2[C@@H]1C[C@H](OCC13C[C@@H]4[C@H](C)CC[C@H]4C4(C=O)CC1C=C(C(C)C)C34C(=O)O)O[C@@H]2C,CHEMBL296658
DEC_0163,decoy,CN(C)c1ccc(Cc2c(N)noc2N)cc1,CHEMBL288963
DEC_1777,decoy,C=CC1C[C@@]1(NC(=O)C1C[C@@H](Oc2ccnc3ccccc23)CN1C(=O)[C@@H](NC(=O)OC(C)(C)C)C(C)(C)C)C(=O)O,CHEMBL273585
DEC_0359,decoy,CCCOc1c(-c2cccc3sc(/C(C)=C/C(=O)O)cc23)cc(C(C)C)cc1C(C)C,CHEMBL41742
DEC_2557,decoy,CO[C@]1(OC(=O)CCN)CC2O[C@]1(C)n1c3ccccc3c3c4c(c5c6ccccc6n2c5c31)C(=O)NC4,CHEMBL54379
DEC_1700,decoy,O=C(N[C@@H](Cc1ccccc1)C(=O)OCc1cc(=O)c(O)co1)OCc1cc(=O)c(O)co1,CHEMBL24152
DEC_2112,decoy,C#CC(=O)N[C@@H]1CCC2(O)C3Cc4ccc(O)c5c4C2(CCN3CC2CC2)C1O5,CHEMBL284653
DEC_3009,decoy,CCC1C(=O)N(CC)C2SC(C)=NN2C1=O,CHEMBL29526
DEC_3687,decoy,COc1cc(O)c2c(c1)C(=O)c1cc(CN(CCCl)CCCl)cc(OC)c1C2=O,CHEMBL40977
DEC_1239,decoy,CO[C@@H]1[C@@H](OC(=O)c2ccc(C)[nH]2)[C@@H](O)[C@H](Oc2ccc3c(OCCN4CCOC(CO)C4)cc(=O)oc3c2C)OC1(C)C,CHEMBL95267
DEC_1906,decoy,CN(C)C1CCC(Nc2nc(Nc3ccc(Cl)c(Cl)c3)c3ccccc3n2)CC1,CHEMBL31311
DEC_1302,decoy,CO/N=C(\COCc1ccc(C)cc1)C(CCN1CCC(O)(c2ccccc2)CC1)c1ccc(Cl)c(Cl)c1,CHEMBL32173
DEC_0485,decoy,O=c1[nH]c(=O)n(COC(CO)CO)cc1Cc1cccc(Oc2cccc(F)c2)c1,CHEMBL17498
DEC_2088,decoy,N=C(N)c1ccc(OCCCC(=O)N[C@@H](CC(=O)O)C(=O)N[C@@H](Cc2ccc(O)cc2)C(=O)O)cc1,CHEMBL32551
DEC_1617,decoy,CCc1c2c(nc3cnc(C(=O)NCCN(C)C)cc13)-c1cc3c(c(=O)n1C2)COC(=O)[C@]3(O)CC,CHEMBL268290
DEC_2811,decoy,Cc1cc(-c2c(F)cc3c(=O)c(Cc4ccc(N(C)C)cc4)cn(C4CC4)c3c2F)cc(C)n1,CHEMBL7689
DEC_2933,decoy,CC(C)(C)NC(=O)[C@@H]1CN(Cc2cnc3c(c2)CCO3)CCN1C[C@@H](O)C[C@@H](Cc1ccccc1)C(=O)NC1c2ccccc2C[C@H]1O,CHEMBL325946
DEC_1233,decoy,CC(C)OC(=O)OC(C)OC(=O)C1=C(S[C@@H]2CCO[C@@H]2CNC(=O)OCOC(=O)C(C)C)[C@H](C)C2[C@@H]([C@@H](C)O)C(=O)N12,CHEMBL53667
DEC_2889,decoy,Cc1cn(C2CC(O)C(CNC(=O)CCl)O2)c(=O)[nH]c1=O,CHEMBL274522
DEC_3615,decoy,CCCc1nc(CC)c(C(=O)NC)n1Cc1ccc(-c2ccccc2S(=O)(=O)Nc2onc(C)c2C)c(COC)c1,CHEMBL275545
DEC_2178,decoy,CC(C)C[C@H](NC(=O)[C@H](CO)NC(=O)[C@H](C)NC(=O)OCc1ccccc1)C(=O)NCc1ccccc1,CHEMBL417887
DEC_3014,decoy,CSc1nsnc1C1=C(C)CCN(C)C1,CHEMBL279105
DEC_0728,decoy,CC(C)(O)/C=C/C[C@](C)(O)[C@H]1CC[C@@](C)([C@H]2CC[C@H]([C@]3(C)CC[C@H]([C@@](C)(O)C/C=C/C(C)(C)OO)O3)O2)O1,CHEMBL64580
DEC_1808,decoy,COCC1=C(C(=O)OC)[C@H](c2ccc(F)c(F)c2)N(C(=O)N[C@@H]2CC[C@H](N3CCN(c4ccccc4C#N)CC3)C2)C(=O)N1,CHEMBL300766
DEC_0554,decoy,COc1nccc2c1c1ncnc(N3CCN(CCc4ccc(F)c(F)c4)CC3)c1n2C,CHEMBL284676
DEC_2271,decoy,C=C(C)CN(C1=NCCN1)c1c(Br)cccc1Br,CHEMBL283961
DEC_1767,decoy,COc1ccc(C[C@H]2NC(=O)/C=C/C[C@@H](C(O)C#Cc3ccccc3)OC(=O)[C@H](CC(C)C)OC(=O)[C@@H](C)CNC2=O)cc1,CHEMBL13537
DEC_0276,decoy,CC[C@@]1(O)C(=O)OCc2c1cc1n(c2=O)Cc2cc3c(CN(C)C)cccc3nc2-1,CHEMBL10391
DEC_0470,decoy,CC(=O)c1ccc(/C=C/C(=O)NCCCCN2CCc3ccc(OS(=O)(=O)C(F)(F)F)cc3C2)cc1,CHEMBL293347
DEC_1476,decoy,OC[C@@]12C[C@@H]1[C@@H](n1cnc3c(NC4CCCC4)ncnc31)C[C@@H]2O,CHEMBL27502
DEC_2863,decoy,CCc1nc(N)nc(N)c1-c1ccc(Cl)c(/N=N/N(CCOC(C)=O)Cc2cc(OC)c(OC)c(OC)c2)c1,CHEMBL87383
DEC_2302,decoy,C=CCCC(=O)O[C@H](CC=C(C)C)C1=CC(=O)c2c(O)ccc(O)c2C1=O,CHEMBL276448
DEC_0546,decoy,COc1nccc(-c2c(-c3ccc(F)cc3)ncn2CCCN2CCOCC2)n1,CHEMBL14318
DEC_3001,decoy,CCn1c(S)nnc1-c1nsc2ccccc12,CHEMBL289308
DEC_0923,decoy,CCCCCc1cc(O)c2c(c1)OC(C)(C)[C@@H]1CCC(C)[C@H](O)C21,CHEMBL10488
DEC_3664,decoy,COc1cnc(C[S+]([O-])c2nc3cc(OC(F)(F)C(F)F)ccc3[nH]2)c(C)c1OC,CHEMBL10061
DEC_0256,decoy,O=C1C2C3C=CC(C4CC34)C2C(=O)N1CCCCN1CCN(c2cnccn2)CC1,CHEMBL29221
DEC_2067,decoy,CC(C)C[C@H](NC(=O)c1cc2ccccc2cn1)C(=O)N[C@@H](CC(=O)O)C(=O)N[C@@H](C(N)=O)[C@@H](C)O,CHEMBL296409
DEC_2718,decoy,C=C(Cl)CON1C[C@H](OCC23C[C@@H]4[C@H](C)CC[C@H]4C4(C=O)CC2C=C(C(C)C)[C@@]34C(=O)O)OC[C@H]1C,CHEMBL33631
DEC_2841,decoy,Nc1nc(Sc2ccc([N+](=O)[O-])cc2)c2ncn(CCOCP(=O)(OCC(F)(F)F)OCC(F)(F)F)c2n1,CHEMBL107215
DEC_0693,decoy,Cc1c(Sc2cccc(I)c2)n(COCCO)c(=O)[nH]c1=O,CHEMBL16628
DEC_3013,decoy,C1=CC(=Nn2cccc2)C=CC1=Nn1cccc1,CHEMBL25422
DEC_0660,decoy,CCOC(=O)c1cc2c(CC)c3c(nc2cn1)-c1cc2c(c(=O)n1C3)COC(=O)[C@]2(O)CC,CHEMBL13707
DEC_0738,decoy,CC(=O)Nc1nc(CCC2(C(C)C)CC(=O)C(Sc3cc(C)c(CO)cc3C(C)(C)C)=C(O)O2)cs1,CHEMBL431976
DEC_2658,decoy,O=C(O)[C@@H]1[C@@H](CC2CCNCC2)C(=O)N1C(=O)N1CCN(C(=O)CCCCCc2ccc3ccccc3c2)CC1,CHEMBL304359
DEC_1664,decoy,Cc1cc2c(-c3ccc(F)cc3)c(/C=C/[C@@H](O)C[C@@H](O)CC(=O)[O-])c(C(C)C)nc2s1.[Na+],CHEMBL281767
DEC_1174,decoy,Cc1ccc(CNC(=O)C[C@H]2S[C@H](c3ccc(Cl)cc3Cl)N(CC(=O)NCCCN3CCOCC3)C2=O)n1C,CHEMBL43143
DEC_2177,decoy,O=C(N[C@@H](C[C@@H](Cc1ccccc1)C(=O)O)C(=O)O)N[C@@H](C[C@H](Cc1ccccc1)C(=O)O)C(=O)O,CHEMBL295457
DEC_2688,decoy,Nc1ncnc2c1ncn2OCCOCP(=O)(OCc1ccc(Cl)cc1)OCc1ccc(Cl)cc1,CHEMBL418389
DEC_3363,decoy,CC(C)C1=CC2CC3(C=O)[C@@H]4CC[C@@H](C)[C@H]4CC2(CO[C@H]2C[C@H]4[C@H](OC[C@@H]4C)[C@@H](C)O2)C13C(=O)O,CHEMBL430956
DEC_1208,decoy,COc1ccnc(C[S+]([O-])c2nc3cc4c(cc3[nH]2)OC(F)(F)O4)c1OC,CHEMBL9800
ACT_054,active,Cc1cc(F)cc2c1NCC[C@@H]2C(=O)n1nc2c(c1N)CCN(S(C)(=O)=O)C2,CHEMBL5779643
DEC_2179,decoy,COCCN(CC(=O)O)C(=O)C(CCCN=C(N)N)NS(=O)(=O)c1ccc2oc3ccccc3c2c1,CHEMBL24535
DEC_3580,decoy,CC(/N=c1\c(O)c(O)\c1=N/c1ccccn1)C(C)(C)C,CHEMBL277070
DEC_1706,decoy,CNC(=O)NS(=O)(=O)c1cc(CCNC(=O)c2cc(Cl)ccc2OC)c(OC)cc1OC,CHEMBL273299
DEC_3337,decoy,COC1[C@@H](Cn2cncn2)[C@H](COc2ccc(OC(C)(C)C)cc2)CC[C@@]1(C)CCS(C)(=O)=O,CHEMBL298400
DEC_1529,decoy,CNC(=O)[C@@H]1CCCCN(S(=O)(=O)C(F)(F)F)CCC[C@H](C(=O)NO)[C@@H](CC(C)C)C(=O)N1,CHEMBL283429
DEC_0118,decoy,CCCCc1nc2ccc([C@@H]3[C@@H]4C(=O)CC[C@@H]4ON3C)cc2c(=O)n1Cc1ccc(-c2ccccc2-c2nn[nH]n2)cc1,CHEMBL48934
DEC_4040,decoy,CC(C)(C)C(=O)c1ccc(C(=O)N(CC(=O)O)C(=O)c2ccc(C(=O)C(C)(C)C)cc2)cc1,CHEMBL41984
DEC_1806,decoy,COCC1=C(C(=O)OC)[C@H](c2ccc(F)c(F)c2)N(C(=O)N[C@@H]2CC[C@@H](N3CCN(c4ccccc4C#N)CC3)C2)C(=O)N1,CHEMBL56974
DEC_1692,decoy,CC(C)C[C@H](NC(=O)c1cc2ccccc2o1)C(=O)NCC(=O)CNS(=O)(=O)c1ccccn1,CHEMBL31381
DEC_0668,decoy,CCN1C(=O)c2c(nc(C(N)=O)n2Cc2ccc(O)c(Br)c2)N2C1=N[C@@H]1CCC[C@@H]12,CHEMBL286723
DEC_0145,decoy,C/C=C1/C[C@H]2[C@H](O)N(C(=O)OCc3ccc([N+](=O)[O-])cc3)c3cc(OCc4ccccc4)c(OC)cc3C(=O)N2C1,CHEMBL294279
DEC_0161,decoy,C=CCN1CCN(CC=C)C(C2=NCCN2)C1,CHEMBL291029
DEC_3357,decoy,COc1cc2c(c(OC)c1OC)-c1ccc(SC)c(=O)cc1[C@@H](NCc1ccc(F)cc1)CC2,CHEMBL37931
DEC_0613,decoy,Cc1ccc2cccc(OCc3c(Cl)ccc(N(C)C(=O)CCc4ccc(C(=O)c5cccs5)n4C)c3Cl)c2n1,CHEMBL26976
DEC_0740,decoy,C=C(CC[C@H](O)[C@@]1(C)CC[C@H](C(C)(C)O)O1)[C@H]1CC[C@H]2O[C@@H]([C@]3(C)CC[C@@H](C(C)(C)O)O3)CC[C@]2(C)O1,CHEMBL22785
DEC_1044,decoy,CCNC(=O)/C(C(=O)OCC)=C(C)\C=C\C=C(C)\C=C\C1=C(C)CCCC1(C)C,CHEMBL13967
DEC_1729,decoy,CNCc1ccc([C@H]2C[C@H](SC3=C(C(=O)O)N4C(=O)[C@H]([C@@H](C)O)[C@H]4[C@H]3C)CN2)s1,CHEMBL17552
DEC_1907,decoy,CCc1nc2c(n1Cc1ccc(-c3ccccc3-c3nn[nH]n3)cc1)CCCC/C2=C\C(=O)O,CHEMBL42070
DEC_2154,decoy,CC1OC(OC2CCCCC2OCCCCCCCCC(C(=O)O)C(=O)O)C(O)C(O)C1O,CHEMBL27397
DEC_0105,decoy,CO[C@@H]1C(=O)N([C@@H](C2SCCCS2)C2OC(C)(C)OC2C2COC(C)(C)O2)[C@@H]1/C(C)=C/c1ccccc1,CHEMBL314222
DEC_0813,decoy,CN1Cc2c(C(=O)OC(C)(C)C)ncn2-c2ccsc2C1=O,CHEMBL269366
