compound_id,label,smiles,source_id
DEC_0195,decoy,C=CCOC1(C2=NCCN2)COc2ccccc2O1,CHEMBL9763
DEC_1757,decoy,CNC(=O)[C@@H]1CCCN(C(C)=O)CC(C)CO[C@H](C(=O)NO)[C@@H](CCCc2ccccc2)C(=O)N1,CHEMBL32596
DEC_2667,decoy,Nc1ccc(CCCn2ncc3c2nc(N)n2nc(-c4ccco4)nc32)cc1,CHEMBL281805
DEC_4714,decoy,O[C@@]12CCCCCC[C@H]3CCN4CCC[C@H](CCCCCC[C@H]5CCN(CCC1)[C@@H]2O5)[C@H]4O3,CHEMBL25317
DEC_0920,decoy,CCCc1cc(=O)oc2c3c(c4c(c12)OC(C)(C)C=C4)OC[C@H](C)C3=O,CHEMBL266748
DEC_2793,decoy,CCCC1=NC(C(F)(F)F)(C(F)(F)F)C(=O)N1Cc1ccc(-c2ccccc2-c2nn[nH]n2)cc1,CHEMBL37768
DEC_1867,decoy,CC(=O)C1CCC2C(=O)C3=C(O)c4c(O)ccc(O)c4CC3CC2C1,CHEMBL30252
DEC_2142,decoy,Cc1oc2c(C)cc3c(C)cc(=O)[nH]c3c2c1C,CHEMBL285693
DEC_3242,decoy,Cc1cc(=O)n(C(=O)OC(C)(C)C)c2c3c(ccc12)OC(C)(C)[C@H](O)[C@@H]3O,CHEMBL269573
DEC_3696,decoy,O=C(OCCCCc1ccccc1)[C@@H]1CCCN1C(=O)NC12C[C@H]3C[C@@H](C1)C[C@@H](C2)C3,CHEMBL284069
DEC_1101,decoy,CCC(=O)c1c(O)n(O)c2cc(NC(=O)Nc3ccc(Cl)cc3)ccc12,CHEMBL276589
DEC_1306,decoy,CC(C)(C)C#CC1=C(c2ccc(S(C)(=O)=O)cc2)CCC1=O,CHEMBL436539
DEC_1133,decoy,CN1C(C(=O)Nc2nc3ccccc3s2)=C(O)c2ccccc2S1(=O)=O,CHEMBL262701
DEC_3602,decoy,CCC(C)(C)/N=c1\c(O)c(O)\c1=N/Cc1ccc(F)cc1F,CHEMBL19818
DEC_2816,decoy,Cc1cc(C)nc(NC(=O)c2cc(Br)cc(Br)c2O)n1,CHEMBL279743
DEC_1630,decoy,CCC(CC)c1nc2c([nH]1)N1C(=N[C@@H]3CCC[C@@H]31)N(C)C2=O,CHEMBL18964
DEC_2007,decoy,CC(=O)N[C@H]1[C@H](N2CCCCC[C@@H]2CO)C=C(C(=O)O)C[C@@H]1N,CHEMBL25549
DEC_3827,decoy,O=C(C1CCCN1C(=O)OCc1ccccc1)N1CCCC1CO,CHEMBL278125
DEC_2749,decoy,Nc1nc(N)c2nc(CNc3cccc4ccccc34)cnc2n1,CHEMBL26006
DEC_4536,decoy,CCC(=O)OC(c1nc2c(C(F)(F)F)cccc2c(O)c1C(=O)Nc1nccs1)C(C)C,CHEMBL35652
DEC_3787,decoy,CC1OC=C(CO)[C@H]2C[C@H]3c4[nH]c5ccccc5c4CCN3CC12,CHEMBL15238
DEC_3703,decoy,COc1cc(O)c2c(c1)C(=O)c1cc(CN(CCCl)CCCl)cc(OC)c1C2=O,CHEMBL40977
DEC_3679,decoy,COc1ccc(CCCOC(=O)[C@@H]2CCCN2/C(S)=N/C2CCCCC2)cc1OC,CHEMBL30416
DEC_2668,decoy,CC(/N=c1\c(O)c(O)\c1=N/c1ccc(C#N)cc1)c1ccc(OC(F)(F)F)cc1,CHEMBL18963
DEC_1425,decoy,Cc1nc(N)ccc1CNC(=O)C1C=CCn2c(=O)n(C(CSc3ccccc3)C(=O)O)c(=O)n21,CHEMBL284129
DEC_0452,decoy,CNCCSC1=Cc2ccccc2Sc2ccccc21,CHEMBL429769
DEC_1814,decoy,CSC(=O)O[C@H]1CO[C@@]2(COS(N)(=O)=O)OC(C)(C)O[C@H]2[C@@H]1I,CHEMBL28399
DEC_4602,decoy,C=CCN1CCC2Cc3c(cccc3OC)C[C@H]21,CHEMBL24129
DEC_1005,decoy,COc1ccc(Nc2c3c(nc(N)n4nc(-c5ccco5)nc34)nn2C)cc1,CHEMBL20681
DEC_3747,decoy,O=C1CC2(CCCC2)CC(=O)N1OCCCN1CCN(c2ccccc2Cl)CC1,CHEMBL10880
DEC_0885,decoy,C[C@@H]1CCC2[C@@H](C)[C@H](OC(CCC(=O)O)c3ccc(Cl)cc3)O[C@@H]3OC4(C)CC[C@@H]1C23OO4,CHEMBL31463
DEC_3660,decoy,Cc1cccc(COc2ccc(S(=O)(=O)N3CC[C@H](O)C[C@@H]3C(=O)NO)cc2)c1,CHEMBL28350
DEC_1256,decoy,COC(=O)c1cccc2c1c1c3c(cc4c1n2C(=O)CC4)CNCC3,CHEMBL23280
DEC_3448,decoy,[O-][S+](c1nc(-c2ccc(F)cc2)c(-c2ccc(F)cc2)[nH]1)C(F)(F)C(F)F,CHEMBL434003
DEC_0494,decoy,OC1CC2CCCCC2CC1N1CCC(c2ccccc2)CC1,CHEMBL20721
DEC_4330,decoy,CC(C)N1CCN(C(C)C)C(C2=NCCN2)C1,CHEMBL41263
DEC_0018,decoy,COc1ccccc1CC(=N)N1CC2C(=O)CSC(c3ccccc3)(c3ccccc3)C2C1,CHEMBL288371
DEC_3314,decoy,CCOC(=O)[C@H]1[C@H]2C[C@H]3c4cc5c(cc4CCN3C[C@H]2CC[C@H]1O)OCO5,CHEMBL25979
DEC_1194,decoy,Clc1cc(Cl)cc(COCC2(c3ccccc3)CCNCC2)c1,CHEMBL23617
DEC_0630,decoy,OC(c1ccccc1Cl)C(O)(Cn1cncn1)c1ccccc1Cl,CHEMBL269454
DEC_4178,decoy,CN(c1ccccc1)N1C(=O)O[C@@](C)(c2ccc(Oc3ccccc3)cc2)C1=O,CHEMBL9778
DEC_3541,decoy,COc1ccc2c(c1)nc(O)n1cc(C)cc21,CHEMBL36415
DEC_0126,decoy,CC(C)(C)/N=C(/NC#N)NC1c2cc(C#N)ccc2OC(C)(C)[C@H]1O,CHEMBL6527
DEC_0272,decoy,CNC(=O)[C@@H](NC(=O)[C@H](CC(C)C)[C@@H](C(=O)NO)C1CCSC1)C(C)(C)C,CHEMBL29934
DEC_2606,decoy,CCCC1CCC(N2CCC(N3C(=O)N[C@@H]4CCCC[C@H]43)CC2)CC1,CHEMBL26681
DEC_3957,decoy,O=C1NC(=O)C(CC#Cc2ccc(F)c(F)c2)(S(=O)(=O)c2ccc(F)cc2)S1,CHEMBL12173
DEC_0323,decoy,CC(NOCC(O)CNC(C)(C)C)C1CC1,CHEMBL26224
DEC_0601,decoy,CC1OC(SCCC23C[C@H]4C[C@@H](C2)C[C@@H](C3)C4)C(O)C(O)C1O,CHEMBL274753
DEC_4571,decoy,CC(O)c1cc(C(C)(C)C)c2c(c1)C(C)(C)CO2,CHEMBL13785
DEC_1240,decoy,CCCCC[C@@H]1/C=C\C2[C@H](O)C[C@H](O)[C@@H]2C/C=C\CCCC(=O)O1,CHEMBL274820
DEC_1721,decoy,C=C[C@@]1(C)CC(=O)[C@]2(O)C3(C)C(C(O)C(OC(=O)CNC(=O)OC(C)(C)C)[C@@]2(C)O1)C(C)(C)CC[C@@H]3O,CHEMBL54561
DEC_4066,decoy,CC(=O)OC1O[C@@H]2O[C@@H](OC(C)=O)[C@@H]3CC[C@@H]([C@H]23)[C@H]1C,CHEMBL268482
DEC_1563,decoy,CN1CCN([C@H]2CC[C@H](n3nc(-c4ccc(Nc5ccccc5)cc4)c4c(N)ncnc43)CC2)CC1,CHEMBL46785
DEC_3791,decoy,O=C(O)Cc1ccc2c(c1)C(O)Cc1ccc(Cl)cc1O2,CHEMBL11026
DEC_0221,decoy,COc1ccc2c3c1OC1[C@H]4OC[C@@]4(CCCCc4ccccc4)CC4C(C2)N(C)CCC341,CHEMBL10006
DEC_0020,decoy,CC(=O)OC1=CC[C@H]2CC3C(=C(O)c4c(O)cccc4C3O[Si](C)(C)C(C)(C)C)C(=O)[C@H]2C1,CHEMBL29750
DEC_2222,decoy,COc1ccc(CC(C)(NC(=O)OC2C3CC4CC(C3)CC2C4)C(=O)N[C@H](CO)[C@H](O)c2ccccc2)cc1,CHEMBL418464
DEC_0350,decoy,CC(C)(C)NCC(O)c1ccc(O)c(CO)c1,CHEMBL714
DEC_3689,decoy,CCCc1nc2c(C)ccnc2n1Cc1ccc(OC(C(=O)O)c2ccccc2)cc1,CHEMBL274260
DEC_2768,decoy,CC(C)C1=CC2CC3(C=O)[C@@H]4CC[C@@H](C)[C@H]4CC2(CO[C@H]2C[C@H]4[C@H](OC[C@H]4C)[C@@H](C)O2)C13C(=O)O,CHEMBL439303
DEC_0584,decoy,CCOCCn1c(COc2cccc(/C=C/C(=O)c3cc(-c4nn[nH]n4)ccc3O)c2)nc2ccccc21,CHEMBL418156
DEC_1400,decoy,O=C(N[C@@H]1[C@@H](O)[C@H](n2cnc3c(NC4CCCC4)ncnc32)O[C@@H]1CO)c1ccc2c(c1)OCO2,CHEMBL294675
DEC_1497,decoy,COc1ccc(Sc2ccc(NC3=NC(C)(C)CN3)cc2)cc1,CHEMBL9648
DEC_2682,decoy,C(=C/COc1ccc(C2=NCCN2)cc1)\COc1ccc(C2=NCCN2)cc1,CHEMBL14660
DEC_0483,decoy,CCC(C)(C)/N=c1\c(O)c(O)\c1=N/Cc1c(C)cccc1Cl,CHEMBL20062
DEC_2695,decoy,COc1ccccc1C(=O)NC[C@]1(c2ccccc2)CC[C@H](OC(N)=O)CC1,CHEMBL277812
DEC_1200,decoy,Cc1cc2c(s1)CCC(CN[C@H]1CC[C@@H](Oc3ccccc3)[C@@H]1O)C2=O,CHEMBL14987
DEC_1091,decoy,COc1ccc2c(nc(Nc3c(C)cccc3Cl)c3cnc(C(C)O)n32)c1OC,CHEMBL282741
DEC_2424,decoy,COc1ccc(NC(=O)N2CCC(c3c[nH]c4ccc(C(N)=O)cc34)CC2)cc1N1CCN(C)CC1,CHEMBL274922
DEC_0558,decoy,Cc1cc(C)c(S(=O)(=O)N/N=C/c2cc3c(cc2[N+](=O)[O-])NC(CNC(C)C)CC3)c(C)c1,CHEMBL44393
DEC_0912,decoy,CN(C=O)[C@H]1CCC2C3CC[C@H]4N(C)C(=O)CC[C@]4(C)C3CC[C@@]21C,CHEMBL17193
DEC_2039,decoy,CCC1(c2ccc(N)cc2)CCC(=O)NC1=O,CHEMBL488
ACT_041,active,O=C1NN=Cc2c[nH]c3cc(NC(=O)C4CC4c4ccccc4)cc1c23,CHEMBL1969502
DEC_2850,decoy,CC(C)(C)OC(=O)N[C@@H](Cc1c[nH]c2ccccc12)C(=O)OCc1ccccc1,CHEMBL429395
ACT_009,active,Cc1nc(/N=N/c2ccc(C(=O)O)cc2)c(COP(=O)(O)O)c(C=O)c1O,CHEMBL1257080
DEC_2876,decoy,CN1CCCC[C@@H]1/C=C/C1c2ccccc2Cc2ccccc21,CHEMBL22829
DEC_1481,decoy,O=C(OCCCc1c[nH]cn1)N(c1ccccc1)c1ccccc1,CHEMBL263071
DEC_3940,decoy,COc1cc2c(cc1OC)-c1cc(N(C)c3c(C)cc(C)cc3C)nc(=O)n1CC2,CHEMBL34705
DEC_4169,decoy,CCCCCc1cc(OC(C)=O)c2c(c1)OC(C)(C)[C@@H]1CC[C@H](COC(C)=O)CC21,CHEMBL417427
DEC_0520,decoy,CC1=CSCC(=O)N1C1C[C@@H](OC(=O)c2ccc(C)cc2)C(COC(=O)c2ccc(C)cc2)O1,CHEMBL41334
DEC_4031,decoy,CCOC(=O)Cc1nc(-c2ccc(F)cc2)oc1-c1ccoc1,CHEMBL19753
DEC_3896,decoy,COc1ccc(C(=O)c2ccccc2NC(C)C(=O)O)cc1,CHEMBL283198
DEC_4402,decoy,CCCc1nc(-n2cccc2C(=O)C(F)(F)F)c(C(=O)O)n1Cc1ccc(-c2ccccc2-c2nn[nH]n2)cc1,CHEMBL307844
DEC_1499,decoy,CSc1nnc(-c2cc(C(C)(C)C)c(O)c(C(C)(C)C)c2)o1,CHEMBL274457
DEC_2913,decoy,C=C1C(=O)c2ccccc2OC1c1ccc(Cl)cc1,CHEMBL275112
DEC_0194,decoy,CC(C)(C)NCC(O)COC(=O)c1cccc(O)c1,CHEMBL7692
ACT_079,active,Cn1cc(CCNc2ccc([N+](=O)[O-])cc2C(=O)O)c2ccc(Br)cc21,CHEMBL5406341
DEC_1488,decoy,CCCc1cc(=O)oc2c3c(c4c(c12)OC(C)(C)C=C4)O[C@H](C)[C@H](C)C3=O,CHEMBL7378
DEC_3984,decoy,O=CNNC1c2ccccc2Oc2ccccc21,CHEMBL20809
DEC_3774,decoy,COc1ccc2c(c1)c1c3c(cc4c1n2C(=O)CC4)CNCC3,CHEMBL23614
DEC_3055,decoy,COc1ccccc1N1CCN(CCNC(=O)c2ccc(C)s2)CC1,CHEMBL22601
DEC_4684,decoy,CC1(C)C=C(C(=O)NCCCNCc2ccc(Oc3ccccc3)cc2)C(C)(C)N1,CHEMBL15765
DEC_2706,decoy,O=C(O)C(CCC(=O)N1c2ccccc2CC1C(=O)O)CCc1ccccc1,CHEMBL283757
DEC_2218,decoy,C/C=C/CC(O)[C@@H](C)[C@H](O)[C@H](C)[C@H]1OC(=O)/C(OC)=C/C(C)=C/[C@@H](C)[C@@H](O)[C@@H](C)C/C(C)=C/C=C/[C@@H]1OC,CHEMBL417597
DEC_0446,decoy,NCCO.O=C(O)C(=O)Nc1nc(-c2ccc(Oc3ccccc3)cc2)cs1,CHEMBL439722
DEC_2116,decoy,CC12N[C@H](CC3=C1CCCC3)C1CCCCC12,CHEMBL275327
DEC_2437,decoy,CS(=O)(=O)c1ccc(O)c(C(=O)Nc2ccc(Oc3ccc(Cl)cc3)c(Cl)c2)c1,CHEMBL34565
DEC_0122,decoy,C[C@]12C=CC(=O)C=C1CCC1C2[C@@H](O)C[C@@]2(C)C1CC[C@]2(O)C(=O)CO,CHEMBL416516
DEC_4205,decoy,O=c1c2ccccc2nc(CCc2c[nH]c3ccccc23)n1-c1ccccc1C(F)(F)F,CHEMBL288304
DEC_3548,decoy,c1cc(NC23CC4CC(CC(C4)C2)C3)ccn1,CHEMBL18642
DEC_2660,decoy,CCOC(=O)C1=CNC2=C(/C=N/c3ccccc3C(=O)O)CCCCN2C1=O,CHEMBL283978
DEC_1589,decoy,COC1(c2cc(F)cc(Sc3ccc4c(c3)OCC/C4=N\O)c2)CCOCC1,CHEMBL24358
DEC_3725,decoy,CN(C)CCc1nnc2n1-c1ccc(Br)cc1C(c1ccccc1)=NC2,CHEMBL278247
DEC_1057,decoy,CCc1nc2ccc(OC3CCN(C(C)=N)CC3)cc2n1C/C=C/c1ccc(N)cc1,CHEMBL423480
DEC_1022,decoy,COc1cc2nc(N3CCN(C(=O)c4ccco4)CC3)nc(N)c2cc1OC,CHEMBL2
DEC_0222,decoy,CCCN1N=C2/C(=C/c3ccc(OC)cc3)CS(=O)(=O)CC2C1c1ccc(OC)cc1,CHEMBL37592
DEC_0593,decoy,CCCCN(Cc1ccc(-c2ccccc2-c2nn[nH]n2)cc1)c1ncnc2ccc(C(=O)O)nc12,CHEMBL48799
DEC_2328,decoy,O=C1[C@@H](NS(=O)(=O)c2cc3ccc(Cl)cc3s2)CCN1Cc1cc2c[nH]ccc-2n1,CHEMBL267462
DEC_2568,decoy,CC(C)(C)[C@]1(O)CCN2C[C@H]3c4ccccc4CCc4cccc(c43)[C@@H]2C1,CHEMBL8514
DEC_4310,decoy,Cc1ccc(C(=O)c2ccc3n2CCCC3C(=O)O)cc1,CHEMBL8947
DEC_3447,decoy,OC1(C#Cc2ccc(Sc3ccc(Br)cc3)cc2)CN2CCC1CC2,CHEMBL25366
DEC_4527,decoy,CC(C)c1ccc(C(c2ccc(O)cc2)c2ccc(C(C)C)cc(=O)c2O)c(O)c(=O)c1,CHEMBL279771
DEC_3906,decoy,CC(C)(CC(=O)O)CC(=O)N1c2ccccc2CC1C(=O)O,CHEMBL23494
DEC_3431,decoy,CCc1nc2c(C)cc(C)nc2n1Cc1ccc(-c2ccccc2-c2nn[nH]n2)cc1,CHEMBL7550
DEC_1479,decoy,Cc1noc(C)c1C(c1ccc(C(C)C)cc1)N1CCNCC1,CHEMBL22305
DEC_1471,decoy,OC(CNC1CCc2[nH]c3ccccc3c2C1)c1cccc(Cl)c1,CHEMBL25615
DEC_4307,decoy,C#CCC(O)(C(=O)OC1CN2CCC1CC2)c1ccccc1,CHEMBL274885
ACT_048,active,NC(=O)c1c(NC(=O)CN2C(=O)CCC2=O)sc2c1CCC2,CHEMBL272171
DEC_1601,decoy,CC(C)(C)CCNC(=O)[C@H]1CCC2C3CNC4=CC(=O)CC[C@]4(C)C3CC[C@@]21C,CHEMBL24033
DEC_0434,decoy,COc1ccc(C#CCOc2ccccc2C(=O)O)cc1Cc1cnc(N)nc1N,CHEMBL35437
DEC_1284,decoy,CCOc1ccc(-n2c(C)c3c(C)nnc(N(C)C)c3c2C)cc1,CHEMBL24747
DEC_0616,decoy,COc1cc(CC(C)NC(C)C)c(OC)cc1I,CHEMBL10980
DEC_4739,decoy,CCC(=O)C1C(c2ccc3c(I)c(OC)ccc3c2)CC2CCC1N2C,CHEMBL290412
DEC_2370,decoy,CC(CS)C(=O)N(CC(=O)O)C1C2CC3CC(C2)CC1C3,CHEMBL417832
DEC_3860,decoy,Cc1ccccc1C(=O)C(O)(Cn1cncn1)c1ccccc1C,CHEMBL10196
DEC_4524,decoy,O=C(NCCCO)c1cnn(-c2nc(-c3cccc(C(F)(F)F)c3)cs2)c1C(F)(F)F,CHEMBL9922
DEC_4278,decoy,CC[C@]1(c2ccccc2F)OC[C@H]([C@@H]2CCCCN2)O1,CHEMBL26714
DEC_3989,decoy,COC(=O)C(=N)/C=C(\O)c1ccc(F)c(F)c1,CHEMBL283357
DEC_1579,decoy,C=C1/C(=C\C=C2/CCCC3(C)C([C@H](C)CC#CC(C)(C)O)=CCC23)C[C@@H](O)C[C@@H]1O,CHEMBL35115
DEC_0940,decoy,COc1cc2c3c4c(cc5c3n(c2cc1OC)C(=O)CC5)CCNC4,CHEMBL23230
DEC_0612,decoy,CC(/N=c1\c(O)c(O)\c1=N/c1cncc(Br)c1)C(C)(C)C,CHEMBL278299
DEC_4166,decoy,COc1ccc(C2=C(OS(C)(=O)=O)c3cccn3-c3ccccc3S2)cc1,CHEMBL286909
DEC_1144,decoy,Nc1nc(N)c2c(CSc3ccc(Cl)cc3)cccc2n1,CHEMBL266875
DEC_3062,decoy,COC(=O)C1=C(C)N=C(C)/C(=C(\O)OC)C1c1cccc(C#N)c1,CHEMBL25312
DEC_2641,decoy,O=C1[C@@H](NS(=O)(=O)c2cc3ncccc3s2)CCN1CCNc1ccncc1,CHEMBL267505
DEC_1322,decoy,NC(=O)C1Cc2cc3c(-c4ccccc4F)noc3c(Cl)c2O1,CHEMBL7783
DEC_2997,decoy,CC(=O)N1[C@H](C)CN(C(=O)N2Cc3c(C(=O)OC(C)(C)C)ncn3-c3ccc(Cl)cc32)C[C@@H]1C,CHEMBL278439
DEC_0913,decoy,CN(C=O)[C@H]1CCC2C3CC[C@H]4NC(=O)CC[C@]4(C)C3CC[C@@]21C,CHEMBL16743
DEC_1896,decoy,CCC(C)(C)/N=c1\c(O)c(O)\c1=N/Cc1ccc(F)c(Cl)c1,CHEMBL278829
ACT_045,active,Cc1cc(Cl)ccc1NC(=S)NNC(=O)C(O)(c1ccccc1)c1ccccc1,CHEMBL1988173
DEC_3381,decoy,CCCc1cc2c(ncn2C)c(=O)n1Cc1ccc(-c2ccccc2-c2nn[nH]n2)cc1,CHEMBL28163
DEC_2383,decoy,CC(CS)C(=O)N(CC(=O)O)c1ccc2c(c1)OCCO2,CHEMBL23379
DEC_3723,decoy,C[S+]([O-])c1ccc(-c2nc3n(c2-c2ccc([S+](C)[O-])cc2)CCS3)cc1,CHEMBL17490
DEC_1504,decoy,CCCOc1nnc(-c2cc(C(C)(C)C)c(O)c(C(C)(C)C)c2)s1,CHEMBL279387
DEC_0277,decoy,C=CCNC(=O)NC1C2C(=O)CC(c3ccc(O)cc32)C1C(=O)OCC[Si](C)(C)C,CHEMBL273913
DEC_3436,decoy,COC(=O)c1cccc(-c2cc(O)c(Sc3ccccc3C(C)C)c(=O)o2)c1,CHEMBL13067
DEC_1388,decoy,C[C@@H](O)[C@H]1C(=O)N2C(C(=O)O)=C(S[C@@H]3CN[C@@H](c4ccc([C@@H](N)CC(N)=O)cc4)C3)[C@H](C)[C@H]12,CHEMBL277141
DEC_1290,decoy,Cc1ccc(C(c2sncc2C)N2CCN(C)CC2)cc1C,CHEMBL21750
DEC_0844,decoy,CC1(O)OC(=O)C(c2ccc3ccccc3c2)=C1c1ccc(S(C)(=O)=O)cc1,CHEMBL18312
DEC_0184,decoy,CCc1ccccc1N1C(N)=NC(N)=NC1(C)C,CHEMBL440279
DEC_0543,decoy,COc1ccc(N2C[C@H](CN3CCC(O)(c4ccc5c(c4)OC4(CCCC4)O5)CC3)OC2=O)cc1,CHEMBL47279
DEC_0884,decoy,CC(=O)c1cc2c(cc1NC(=O)c1sccc1S(=O)(=O)Nc1onc(C)c1Cl)OCO2,CHEMBL283535
DEC_0459,decoy,c1ccc(CCNC2c3ccccc3Oc3ccccc32)nc1,CHEMBL20935
DEC_0027,decoy,CCOC(=O)C1=C(C)N=C(C)/C(=C(/O)OCC)C1c1cccc(I)c1,CHEMBL37204
DEC_0047,decoy,Cc1cc(O)cc(C)c1CC(N)C(=O)N1Cc2cc(-c3cc4ccccc4o3)ccc2C[C@H]1C(=O)O,CHEMBL46160
DEC_0758,decoy,CC(C)=CC[C@@H](OC(=O)C=C(C)C)C1=CC(=O)c2c(O)ccc(O)c2C1=O,CHEMBL267024
DEC_0725,decoy,O=P(O)(O)Cc1cc(F)cc2nc(O)c(O)nc12,CHEMBL12804
DEC_0318,decoy,COCC/C=C(\NC(=O)C1CC1(C)C)C(=O)O,CHEMBL11569
DEC_3880,decoy,CC(NCCNC(=O)C1=CC(C)(C)NC1(C)C)c1cccs1,CHEMBL278901
DEC_3259,decoy,CC12CCC(=O)C=C1CCC1C2C(=O)CC2(C)C1CC[C@]2(O)C(=O)CO,CHEMBL536
DEC_3954,decoy,COc1ccc(C(=O)c2c(C)n3c4c(cccc24)OCC3CN2CCOCC2)cc1,CHEMBL440651
DEC_3776,decoy,CCCc1ccc2c(n1)CN[C@@H]1CCc3cc(O)c(O)cc3[C@@H]21,CHEMBL26965
DEC_4145,decoy,CCC1(CC)CC[C@H](C2=NCCN2)c2ccc(O)c(O)c21,CHEMBL287046
DEC_2800,decoy,CC/C(=C(/c1ccccc1)c1cccc(OC(C)=O)c1)c1ccc(OC(C)=O)c(OC(C)=O)c1,CHEMBL29983
DEC_2581,decoy,CC(C)(C)c1cc(C(=O)/C=C/c2ccsc2)cc(C(C)(C)C)c1O,CHEMBL8594
DEC_3657,decoy,COC(=O)[C@@H]1CSCc2c(O)cc(OC)c(C)c2C(=O)OCCCCCCC(=O)N1,CHEMBL39593
DEC_0206,decoy,CC(C)N(C(=O)[C@H]1CCC2C3CCC4C=C(S(=O)(=O)O)C=C[C@]4(C)C3CC[C@@]21C)C(C)C,CHEMBL24825
DEC_0643,decoy,CCCn1c(=O)c2nc(/C=C/c3ccccc3)[nH]c2n(CCC)c1=O,CHEMBL283908
DEC_3627,decoy,O=C1[C@@H](NS(=O)(=O)c2nc3cc(Cl)ccc3[nH]2)CCN1Cc1cc2cc[nH]cc-2n1,CHEMBL8557
DEC_1179,decoy,CC(/C=C/C(O)=C1\C(=O)CNC1=O)=C\c1cccc2ccccc12,CHEMBL10407
DEC_0978,decoy,COc1ccc2c3c1OC1[C@H](O)[C@](CO)(CCCCCc4ccccc4)CC4C(C2)N(CC2CC2)CCC341,CHEMBL276598
DEC_0238,decoy,CC(=O)O[C@H]1c2ccc(CN(C)C)n2-c2cccc(Cl)c2S[C@H]1c1ccccc1,CHEMBL284195
DEC_1751,decoy,CO[C@H]1[C@H](O)[C@H]2[C@@H](O[C@@H]1CO)n1c3ccc(O)cc3c3c4c(c5c6cc(O)ccc6n2c5c31)C(=O)NC4=O,CHEMBL27761
DEC_2648,decoy,CCC[C@H]1Cc2cc(C)n(CC(=O)NCc3ccc(N)nc3C)c(=O)c2NC1=O,CHEMBL275110
DEC_0727,decoy,Nc1nc(F)nc2c1ncn2[C@H]1O[C@@H](CO)C=C1F,CHEMBL280529
DEC_1605,decoy,Brc1cccc(Br)c1N(Cc1ccco1)C1=NCCN1,CHEMBL20547
DEC_0794,decoy,CC1(C)N=C(N)N=C(N)N1c1cccc(OC[C@]23C[C@H]4C[C@H](C[C@H](C4)C2)C3)c1,CHEMBL33205
DEC_0958,decoy,CC(C)CN1C[C@H](OCC23C[C@@H]4[C@H](C)CC[C@H]4C4(C=O)CC2C=C(C(C)C)[C@@]34C(=O)O)OC[C@H]1C,CHEMBL30451
DEC_4207,decoy,CC(C)N(CCC1(c2ccccc2Cl)C(=O)N=CN2CCCCC21)C(C)C,CHEMBL24253
DEC_2643,decoy,CC(=O)NC[C@@H]1OC(=O)N2c3ccc(S(=O)(=O)Nc4ccccc4)cc3C[C@@H]12,CHEMBL21649
DEC_1347,decoy,COc1ccc(C2(C(F)(F)F)N=N2)cc1CN[C@H]1CCCN[C@H]1c1ccccc1,CHEMBL25492
DEC_4188,decoy,Clc1ccc(CCC2COC(Cn3ccnc3)(c3ccc(Cl)cc3Cl)O2)cc1,CHEMBL29933
DEC_1714,decoy,CC1OC(OC2CCC3(C)C(CCC4C3CCC3(C)[C@@H](C5=CC(=O)OC5)C(O)CC43O)C2)CC(O)C1O,CHEMBL6402
DEC_1038,decoy,COc1cc2c(cc1OC)C(C)=[N+]([O-])C(c1cc3c(cc1[N+](=O)[O-])OCO3)N2,CHEMBL285607
DEC_1927,decoy,COc1cc(NCc2cnc3nc(N)nc(N)c3c2C)cc(C(F)(F)F)c1,CHEMBL23963
DEC_3855,decoy,CN(C)c1ccc(CNc2ccc(C3=NNC(=O)CC3)cc2)cc1,CHEMBL16493
DEC_1099,decoy,O=C(Nc1cc(Cl)cc(Cl)c1O)Nc1cc(Cl)cc(Cl)c1O,CHEMBL33457
DEC_3498,decoy,O=C(O)c1ccc2oc3ccc(S(=O)(=O)CCO)cc3c(=O)c2c1,CHEMBL277000
DEC_4210,decoy,O=C(CCc1ccccc1)Oc1ccc2[nH]c(C(=O)c3cc4ccccc4[nH]3)cc2c1,CHEMBL7317
DEC_2902,decoy,C[C@]12N[C@H](Cc3c1ccc1ccccc31)c1ccccc12,CHEMBL286554
DEC_2149,decoy,Cc1ccc2c(c1)[C@@]1(C)N[C@@H]2Cc2ccccc21,CHEMBL279514
DEC_4374,decoy,C=C1C[C@@]23O[C@]2(c2ccccc21)C1CC(OC(=O)[C@H](O)[C@@H](NC(=O)OCCCC)c2ccccc2)C3(C)C1(C)C,CHEMBL283810
DEC_3847,decoy,Cc1cc(C)cc(COC(=O)[C@@H](N)Cc2c[nH]c3ccccc23)c1,CHEMBL279050
DEC_0332,decoy,N[C@H](CC1=CCCCc2onc(O)c21)C(=O)O,CHEMBL29971
DEC_0197,decoy,COC(=O)/C=C/C1=CC(=O)c2c(O)ccc(O)c2C1=O,CHEMBL17008
DEC_2630,decoy,Cc1ccccc1COc1ccc(S(=O)(=O)N2C[C@H](O)CC[C@@H]2C(=O)NO)cc1,CHEMBL31294
DEC_1437,decoy,CCCCC[C@H](O)/C=C/C1C(=O)C[C@@H]2OC(=O)CCC/C=C\C[C@H]12,CHEMBL12321
DEC_0289,decoy,O=c1[nH]c(=O)n(COC(CO)CO)cc1Cc1cccc(Oc2cccc(Cl)c2)c1,CHEMBL18604
DEC_1555,decoy,COc1cc([C@@H]2c3cc4c(cc3[C@@H](Nc3ccccc3)[C@H]3COC(=O)[C@H]23)OCO4)cc(OC)c1O,CHEMBL281532
DEC_1696,decoy,CC[C@]1(c2cccs2)OC[C@H]([C@@H]2CCCCN2)O1,CHEMBL287645
DEC_0169,decoy,COc1cc([N+](=O)[O-])c(OC)cc1CC(C)N,CHEMBL8301
DEC_3318,decoy,CC(C)CCn1c(=O)c2nc(-c3ccccc3)[nH]c2n(CC(C)C)c1=O,CHEMBL20402
DEC_0550,decoy,O=S(=O)(CS(=O)(=O)C(F)(F)F)c1ccc(SC(F)(F)C(F)F)c(Cl)c1,CHEMBL12295
DEC_3805,decoy,COc1cccc2c3c4c(cc5c3n(c12)C(=O)CC5)CNCC4,CHEMBL282680
DEC_4561,decoy,COc1ccc([C@]2(C#N)C[C@H]3C[C@@H](C(=O)NO)C[C@H]3C2)cc1OC1Cc2ccccc2C1,CHEMBL283443
DEC_0302,decoy,CC(C)(S)CN1CCN(CC(C)(C)S)CC1,CHEMBL416253
DEC_1440,decoy,CCCCC[C@H](O)/C=C/C1[C@H](O)C[C@@H]2OC(=O)CCC/C=C\C[C@H]12,CHEMBL12100
DEC_0962,decoy,C=C(Cl)CN1C[C@H](OCC23C[C@@H]4[C@H](C)CC[C@H]4C4(C=O)CC2C=C(C(C)C)C34C(=O)O)O[C@H](C)C1,CHEMBL45954
DEC_4425,decoy,CC(C)(C)NC(=O)[C@H](CC1CCCCC1)N1CCC[C@](O)([C@H](Cc2ccccc2)NC(=O)OC(C)(C)C)C1,CHEMBL305836
DEC_3871,decoy,CCC(C)/C(=N\OC)C(=O)NCCc1c[nH]c2ccccc12,CHEMBL29415
DEC_0627,decoy,Cc1cc(C)cc(Sc2c(C)c(=O)[nH]c(=S)n2COCCO)c1,CHEMBL279409
DEC_3645,decoy,CC1C(N)CN1c1cc2c(cc1F)c(=O)c(C(=O)O)cn2-c1ccc(F)cc1F,CHEMBL280166
DEC_4746,decoy,COc1c(Cl)cc(-c2nc(C(F)(F)F)cn2-c2ccc(S(C)(=O)=O)cc2)cc1Cl,CHEMBL42408
DEC_1995,decoy,O=C(O)C1CN(Cc2cccc(P(=O)(O)O)c2)CCN1,CHEMBL442149
DEC_0068,decoy,CC(=O)N1CC2CCC(C)(C1)c1ccc(OP(=O)(O)O)cc12,CHEMBL288312
DEC_4334,decoy,COc1ccc(OC)c2c1CN(C(C)=O)CC2O,CHEMBL24227
DEC_4596,decoy,C=CCN1CC[C@@H]2Cc3c(cccc3OC)C[C@H]21,CHEMBL11170
DEC_3387,decoy,C/C(=C\Cn1oc(=O)[nH]c1=O)c1cccc(OCc2noc(-c3ccccc3)n2)c1,CHEMBL7083
DEC_4241,decoy,CC(C)c1ccc2c(c1)CC[C@H]1[C@@](O)(CO)CCC[C@]21C,CHEMBL274191
DEC_0989,decoy,CC(=O)c1cccc(CN2C(=O)N(Cc3cccc(C(C)=O)c3)C3C2CS[C@H]3CCCCCO)c1,CHEMBL283643
DEC_2162,decoy,COc1cc2cc([N+](=O)[O-])oc2c2ccccc12,CHEMBL7512
DEC_4540,decoy,CCC(=O)OC(CC)c1nc2c(C(F)(F)F)cccc2c(O)c1C(=O)Nc1nccs1,CHEMBL36075
DEC_3041,decoy,O[C@@H]1c2cc(OCc3ccccn3)ccc2OC[C@@H]1Cc1cccnc1,CHEMBL28363
DEC_2996,decoy,CN1CCN(C(=O)N2Cc3c(C(=O)OC(C)(C)C)ncn3-c3ccc(Cl)cc32)CC1(C)C,CHEMBL279382
DEC_4655,decoy,CCN(CCNC(=O)c1cc(Cl)c(N)cc1OC)Cc1ccc(Cl)cc1Cl,CHEMBL278569
DEC_1392,decoy,CC(=O)Oc1cc(C)cc(C)c1C(C)(C)CC(=O)OCC(CO)OCn1cnc2c(O)nc(N)nc21,CHEMBL45210
DEC_3488,decoy,O=C(O)c1ccc2oc3ccc(S(=O)(=O)O)cc3c(=O)c2c1,CHEMBL279456
DEC_2971,decoy,O=C1NC(=O)C(CC#Cc2ccc(C(F)(F)F)cc2)(S(=O)(=O)c2ccc(F)cc2)S1,CHEMBL11742
DEC_4163,decoy,O=C(O)c1cn2c(=O)c3cc(C4CC4)ccc3nc2s1,CHEMBL440644
DEC_0674,decoy,CS/C(=N\O)c1ccc(Sc2cc(F)cc(C3CCOCC3)c2)cc1,CHEMBL282213
DEC_1586,decoy,CCN(CC)C(=O)[C@@H]1C=C2c3cccc4[nH]c(Br)c(c34)C[C@H]2N(C)C1,CHEMBL274384
DEC_1713,decoy,O=C1NC(=O)C2(CCCCCc3ccccc32)N1,CHEMBL290090
DEC_3068,decoy,Cc1c(Sc2cccc(C(C)(C)C)c2)n(COCCO)c(=O)[nH]c1=O,CHEMBL276058
DEC_4468,decoy,CCOC(=O)C1CCC(NC(=O)N(CCCl)N=O)CC1,CHEMBL12919
DEC_0328,decoy,N[C@H](COCc1ccccc1)Cc1c[nH]cn1,CHEMBL19413
DEC_2847,decoy,Cc1ccc(NC(=O)c2sccc2S(=O)(=O)Nc2onc(C)c2Cl)cc1,CHEMBL278114
DEC_1052,decoy,COC(=O)c1ccc(C(O)c2cccc(/C(C#N)=C(\N)Sc3ccccc3N)c2)cc1,CHEMBL290865
DEC_1756,decoy,COC(=O)[C@@H]1CSCc2c(O)cc(O)c(C)c2C(=O)OCC(NC(=O)OC(C)(C)C)C(=O)N1,CHEMBL288499
DEC_2539,decoy,CC(C)(C)C12COC(c3ccccc3)(OC1)OC2,CHEMBL285208
DEC_0164,decoy,O=C(O)CCCCCn1cnc2c1NC=NCC2O,CHEMBL36690
DEC_2484,decoy,C#CCN(CC1CCc2nc(N)nc(O)c2C1)c1ccc(C(=O)O)cc1,CHEMBL22290
DEC_3612,decoy,CN(Cc1ccccc1)c1ccc2c(c1)CN1CC(=O)NC1=N2,CHEMBL31379
DEC_4577,decoy,NC[C@H]1COC(c2ccccc2)(c2ccccc2)O1,CHEMBL26735
DEC_3829,decoy,CCC1(O)C(=O)OCc2c1cc1n(c2=O)Cc2cc3ccccc3nc2-1,CHEMBL276820
DEC_0585,decoy,CCCCc1nc2ccc(C)c(C(=O)OC)c2n1Cc1ccc(-c2ccccc2-c2nn[nH]n2)cc1,CHEMBL301716
DEC_2859,decoy,COc1ccc2[nH]c3c(C)c4ccnc(NCCCn5ccnc5)c4cc3c2c1,CHEMBL19812
DEC_1230,decoy,CC[C@H](c1ccc(O)cc1)[C@@H](CI)c1ccc(O)cc1,CHEMBL25882
DEC_1968,decoy,NS(=O)(=O)c1cc2c(cc1Cl)NCNS2(=O)=O,CHEMBL435
DEC_3029,decoy,CCCOC(=O)c1ccc(-c2ccc(OS(N)(=O)=O)cc2)cc1,CHEMBL26078
ACT_043,active,N=c1[nH]c(=O)[nH]c2c1cnn2-c1ccc(S(N)(=O)=O)cc1,CHEMBL4161364
DEC_1115,decoy,CC1(C)Oc2ccc(C#N)cc2[C@H](/N=C(/NC#N)Nc2ccc(Cl)cc2)[C@H]1O,CHEMBL11802
DEC_0331,decoy,O=NN(CCF)C(=O)NC1CCCCC1O,CHEMBL448469
DEC_4502,decoy,CN1C[C@H](CCN2CCC2)Oc2ncc(Cl)cc2C1=S,CHEMBL25198
DEC_1885,decoy,CC(C)(C)/N=c1\c(O)c(O)\c1=N/Cc1c(Cl)cccc1Cl,CHEMBL19477
DEC_1176,decoy,CC(/N=c1\c(O)c(O)\c1=N/c1ccc(-c2ccccc2)cc1)C(C)(C)C,CHEMBL19200
DEC_4410,decoy,CC(C)(C)OC(=O)N[C@@H](Cc1ccccc1)[C@@H](O)C[C@@H](Cc1ccccc1)C(=O)NC1c2ccccc2C[C@@H]1O,CHEMBL21226
DEC_2505,decoy,C#CCN(Cc1ccc2nc(N)nc(O)c2c1)c1ccc(C(=O)O)cc1,CHEMBL13905
DEC_1533,decoy,O=c1cc(-c2ccc3c(c2)OCCO3)oc(O)c1SCc1ccccc1,CHEMBL14578
DEC_1464,decoy,O=C(O)C(=O)CC(=O)c1ccc(C2CCCc3ccccc32)cc1,CHEMBL19028
DEC_2720,decoy,NC1C(OCc2ccccc2)OC(CO)C(OCc2ccccc2)C1N,CHEMBL17894
DEC_4134,decoy,CCN(CC)c1ccc2c(c1Cl)CN1CC(=O)NC1=N2,CHEMBL31491
DEC_4650,decoy,CC(c1cccc2ccccc12)C(CS)C(=O)NC(Cc1c[nH]c2ccccc12)C(=O)O,CHEMBL289223
DEC_3652,decoy,O=C1[C@@H](NS(=O)(=O)c2cc3cccnc3s2)CCN1Cc1cc2c[nH]ccc-2n1,CHEMBL8308
DEC_3019,decoy,Cc1onc(NS(=O)(=O)c2cccc3c(N(C)C)cccc23)c1C,CHEMBL25816
DEC_3834,decoy,Cc1cc(C#N)ccc1/N=c1\c(O)c(O)\c1=N/[C@H](C)C(C)(C)C,CHEMBL273362
DEC_2897,decoy,c1ccc([C@H]2CN3CCCC[C@H]3c3ccccc32)cc1,CHEMBL32497
DEC_2806,decoy,CCCCc1nc2c(n1Cc1ccc(-c3ccccc3-c3nn[nH]n3)cc1)/C(=C/C(=O)O)CCCC2,CHEMBL288832
DEC_0658,decoy,CCCN(C/C=C/I)C1CCc2cccc(O)c2C1,CHEMBL284716
DEC_0319,decoy,C/C=C(\NC(=O)CCCC(=O)OCC)C(=O)O,CHEMBL11539
DEC_3649,decoy,Cc1nc(N)ccc1CNC(=O)Cn1c(C)cc2c(c1=O)NC(=O)[C@H](Cc1ccccc1)C2,CHEMBL10545
DEC_2030,decoy,NC1=NC(c2cccnc2)Cc2ccsc21,CHEMBL412901
DEC_3850,decoy,COc1ccc([C@]2(C#N)C[C@H]3C[C@@H](C(=O)O)C[C@H]3C2)cc1OC,CHEMBL27724
DEC_4718,decoy,CC1(C)CC[C@]2(C(N)=O)CC[C@]3(C)C(C(=O)C=C4[C@@]5(C)C=C(C#N)C(=O)C(C)(C)[C@@H]5CC[C@]43C)C2C1,CHEMBL7858
DEC_1082,decoy,Cc1nc(O)c2c(cc(CNCCO)c3nc(Nc4c(Cl)cccc4Cl)n(C)c32)c1C,CHEMBL27199
DEC_3341,decoy,O=C(c1ccc(Cl)cc1)C(O)(Cn1cncn1)C1CCCCC1,CHEMBL10301
DEC_4083,decoy,COc1cccc(C2=NCC3(CN4CCC3CC4)O2)c1,CHEMBL7857
DEC_4583,decoy,C[C@@]12N[C@@](C)(c3ccccc31)C(O)c1ccccc12,CHEMBL277180
DEC_2986,decoy,O=S(=O)(NS(=O)(=O)N1CCc2c(Cl)cccc2C1)N1CCc2c(Cl)cccc2C1,CHEMBL21190
DEC_3167,decoy,O=CC1CSCN1C(=O)C1CSCN1C(=O)OCc1ccccc1,CHEMBL22766
ACT_008,active,N[C@H](CCc1cc(-c2ccc3cnccc3c2)no1)Cc1ccc(C(F)(F)F)cc1,CHEMBL1081105
DEC_1847,decoy,O=C(NCCOS(=O)(=O)O)C1CCN(C(=O)Cn2c(=O)sc3ccc(Cl)cc32)CC1,CHEMBL17262
DEC_4357,decoy,N#CN1CCC(NS(=O)(=O)c2ccccc2)C1,CHEMBL275080
DEC_1245,decoy,CC(C)(C)c1cc(C(=O)CS(C)(=O)=O)cc2c1OCC2(C)C,CHEMBL14052
DEC_1681,decoy,NS(=O)(=O)OC[C@@]12CCC=C[C@@H]1CCC2,CHEMBL25869
DEC_0444,decoy,CN(C)CCNc1ccc(NCCCCN)c2c1C(=O)c1ccccc1C2=O,CHEMBL285790
DEC_0097,decoy,Cc1ccc(C)n1Nc1ccc(N2C(C)COCC2C)nn1,CHEMBL273400
DEC_1501,decoy,COc1ccc(-c2cc(O)c(Sc3ccccc3C(C)C)c(=O)o2)cc1,CHEMBL440834
DEC_2994,decoy,C[Si]1(C)CN(CCN2CCC(Cc3c[nH]c4ccc(F)cc34)CC2)S(=O)(=O)c2ccccc21,CHEMBL57514
DEC_4603,decoy,CC1C2Cc3ccc(O)cc3C1(C)CC(C#N)N2C,CHEMBL441776
DEC_0856,decoy,Cc1cc(C)c(NC(=O)c2sccc2S(=O)(=O)Nc2onc(C)c2C)c(C)c1CC#N,CHEMBL279471
DEC_3891,decoy,Cc1cc(C)c(CCP(=O)(O)O)c(C[C@H](N)C(=O)O)c1,CHEMBL23074
DEC_3767,decoy,O=C1CCc2cc3c(c4c5c(Cl)cccc5n1c24)CCNC3,CHEMBL24769
DEC_0706,decoy,C[C@H](CS)C(=O)N1CC2(C[C@H]1C(=O)O)SCCS2,CHEMBL16139
DEC_0624,decoy,O=C(O)Cn1c(=O)c(=O)[nH]c2cc(C(F)(F)F)c(-n3cccc3)cc21,CHEMBL12448
DEC_4747,decoy,COc1c(C(=O)N[C@H]2CCN(C3[C@H]4C[C@@H]5C[C@@H](C[C@H]3C5)C4)C2)cc(Br)c2ccccc12,CHEMBL52298
DEC_0896,decoy,COc1ccc(NS(=O)(=O)c2sc3ccc(Cl)cc3c2C)cc1N1CCN2CCC[C@H]2C1,CHEMBL29433
DEC_3205,decoy,CC1OC(C#CC2CC2)(C(F)(F)F)c2c(ccc(F)c2F)NC1=O,CHEMBL31771
DEC_2019,decoy,N[C@H](C(=O)N1CC[C@H](F)C1)C1CCCCC1,CHEMBL22511
DEC_4219,decoy,CC1(C)OC(S)=Nc2ccc(-c3cccc(F)c3F)cc21,CHEMBL28199
DEC_0997,decoy,C=C1C[C@@]23O[C@]2(c2ccccc21)C1CC(OC(=O)[C@H](O)[C@@H](NC(=O)CCC)c2ccccc2)C3(C)C1(C)C,CHEMBL283402
DEC_3848,decoy,O=C(O)c1ccc(C[C@H]2CC[C@H]3CN[C@H](C(=O)O)C[C@H]3C2)cc1,CHEMBL274226
DEC_3430,decoy,O[C@@H]1c2cc(OCc3ccc4ccccc4n3)ccc2OC[C@@H]1Cc1cccnc1,CHEMBL282524
DEC_1191,decoy,CCCc1cc(=O)oc2c3c(c4c(c12)OC(C)(C)C=C4)OC(C)(C)[C@H](C)[C@H]3O,CHEMBL266552
DEC_3406,decoy,CCN(C(=O)C1=CCCC1C(=O)NCc1ccc(C(=N)N)cc1)c1cccc(Cl)c1,CHEMBL418728
DEC_2883,decoy,C1=C(/C=C/c2ccccc2)N2CCCN=C2c2ccccc21,CHEMBL276410
ACT_042,active,Nc1ccc(CN/C=C2\C(=O)NC(=O)c3ccc(Br)cc32)cc1O,CHEMBL502651
DEC_1413,decoy,CC(C)N(Cc1cnc2nc(N)nc(N)c2n1)c1ccc(C(=O)NC(CCC(=O)O)C(=O)O)cc1,CHEMBL11133
DEC_1550,decoy,COc1cc([C@@H]2c3cc4c(cc3[C@@H](Nc3cccc(F)c3)[C@H]3COC(=O)[C@H]23)OCO4)cc(OC)c1O,CHEMBL30186
ACT_074,active,O=c1[nH]sc2c1c(=O)c1cc(F)c(NCc3ccccc3)c(F)c1n2C1CC1,CHEMBL1991640
DEC_2890,decoy,CC(C)(C)c1cc(C(=O)C2CCCC2)cc2c1OCC2(C)C,CHEMBL14169
DEC_2934,decoy,c1ccc2c(c1)Oc1ccccc1C2NC1CN2CCC1CC2,CHEMBL277226
DEC_3339,decoy,CCCN1CCCC2(c3ccccc3)CCC1C2.O=C(O)C(=O)O,CHEMBL286298
DEC_4220,decoy,CC[C@@H]1CCc2cc3c(C(F)(F)F)cc(O)nc3cc2N1,CHEMBL7177
DEC_2001,decoy,CNc1nc(Cl)nc2c1ncn2[C@H]1[C@H](O)[C@H](O)[C@]2(CO)C[C@H]12,CHEMBL286739
ACT_071,active,CCc1c(-c2ccc(C(C)(C)O)cc2)[nH]c2nccnc12,CHEMBL1976420
DEC_2354,decoy,O=C(Nc1nccs1)c1c(C(O)c2ccccc2)nc2c(C(F)(F)F)cccc2c1O,CHEMBL287615
DEC_1452,decoy,N=C(N)c1ccc2[nH]c(Cc3cccc(Oc4ccccc4)c3)cc2c1,CHEMBL27805
DEC_3968,decoy,Clc1ccc(C2=CCC[C@H]3CCC2N3)cn1,CHEMBL275466
DEC_0295,decoy,C[C@@H](O)[C@H]1C(=O)N2C(C(=O)O)=C(S[C@@H]3CN[C@H](CCc4ccccc4)C3)[C@H](C)[C@H]12,CHEMBL14160
DEC_2506,decoy,Cn1cc(C(=O)Cc2ccccc2)cc1C=C(C(=O)NO)C(=O)NO,CHEMBL269230
DEC_0977,decoy,COc1ccc2c3c1OC1[C@H](O)[C@](CO)(CCCCCc4ccccc4)CC4C(C2)N(C)CCC341,CHEMBL9769
ACT_062,active,Cc1c(NC2CCC(N)CC2)nc2ccnn2c1Nc1ccc(F)c(Cl)c1,CHEMBL1980371
DEC_0157,decoy,COc1ccc2ccc3nc(-c4nn[nH]n4)cn3c2c1,CHEMBL13678
DEC_2184,decoy,O=c1[nH]c(=O)n(C2CC(O)C(CO)O2)cc1/C=C/Br,CHEMBL10165
DEC_0770,decoy,CC(C)c1cccc(C(C)C)c1OC(=O)NS(=O)(=O)Oc1ccccc1,CHEMBL22950
ACT_037,active,NC1=NC(=O)/C(=C/c2ccc3ncccc3c2)S1,CHEMBL396377
DEC_4383,decoy,C=C1C[C@@]23O[C@]2(c2ccccc21)C1CC(OC(=O)[C@H](O)[C@@H](NC(=O)OCC)c2ccccc2)C3(C)C1(C)C,CHEMBL31284
DEC_0198,decoy,Nc1ccc(Cn2cnc3ncnc-3c2O)cc1,CHEMBL14471
DEC_2273,decoy,Clc1ccc(C2COC(Cn3ccnc3)(c3ccccc3Cl)O2)cc1,CHEMBL286748
DEC_1426,decoy,Nc1nc(N)c2nc(CN3CCSc4cc(C(=O)NC(CCC(=O)O)C(=O)O)ccc43)cnc2n1,CHEMBL13170
DEC_2211,decoy,COC(=O)/C=C/CC1C(=O)N2[C@@H](C(=O)O)C(C)(C)S(=O)(=O)[C@@H]12,CHEMBL6221
DEC_2954,decoy,C[C@@H](Sc1nc(N)cc(Cl)n1)c1cc2ccoc2cn1,CHEMBL26752
DEC_3565,decoy,C[C@]1(N2C(=O)c3c(F)c(F)c(F)c(F)c3C2=O)CCC(=O)NC1=O,CHEMBL10989
DEC_2016,decoy,CC1(C)S[C@@H]2[C@@H](S)C(=O)N2[C@H]1C(=O)O,CHEMBL24275
DEC_3163,decoy,COc1ccc(S(=O)(=O)N2CN(C(C)C)C(=O)C[C@@H]2C(=O)NO)cc1,CHEMBL268377
DEC_1674,decoy,C/C=C(\NC(=O)C1CC1(Cl)Cl)C(=O)O,CHEMBL12086
DEC_3486,decoy,CC1=C(C(=O)O)N2C(=O)C(NC(=O)C(N)c3ccccc3)C2SC1,CHEMBL287590
DEC_2778,decoy,COc1cccc(Sc2c(NS(=O)(=O)c3ccc(C(C)(C)C)cc3)noc2CCCC#N)c1,CHEMBL300066
DEC_1812,decoy,CC1(COc2ccc(CC3SC(=O)NC3=O)cc2)CCCC(O)C1,CHEMBL18053
DEC_2281,decoy,Cc1ccc(C2(Cn3ccnc3)OCC(c3ccccc3Cl)O2)cc1,CHEMBL30205
DEC_4492,decoy,CN(C)c1ncnc2c1ncn2Cc1c(F)cccc1F,CHEMBL6817
DEC_0976,decoy,C=C(Cl)CN1C[C@H](OCC23C[C@@H]4[C@H](C)CC[C@H]4C4(C=O)CC2C=C(C(C)C)[C@@]34C(=O)O)OC[C@H]1CO,CHEMBL431704
DEC_1679,decoy,CC(=O)OC1CCC2(C)CC3C=C[C@]2(OO3)C1(C)C,CHEMBL285504
DEC_0792,decoy,COC1(c2csc(Sc3ccc4c(c3)OCC/C4=N\O)c2)CCOCC1,CHEMBL284403
DEC_3201,decoy,COc1cc(CC(C)=O)c(OC)cc1[135I],CHEMBL268052
DEC_1992,decoy,Nc1nc(O)c2ncn(C3C=CC(OCP(=O)(O)O)C3)c2n1,CHEMBL23934
DEC_1095,decoy,CC(Cc1c[nH]c2c(O)cccc12)NC[C@H](O)c1cccc(Cl)c1,CHEMBL25534
DEC_2272,decoy,CCCc1cc2c(s1)CN(C)CC2c1ccc(Br)cc1,CHEMBL15731
DEC_0834,decoy,CCC(=O)N[C@@H]1CCC2(O)C3Cc4ccc(O)c5c4C2(CCN3CC2CC2)[C@H]1O5,CHEMBL283948
DEC_3482,decoy,O=C(O)c1nc2c(O)nc3cc(Cl)c(-n4cnnc4)cc3n2n1,CHEMBL267276
ACT_066,active,CSc1cn2c(-c3cn[nH]c3)cnc2c(Nc2cc(C)ns2)n1,CHEMBL1270795
DEC_0928,decoy,Cc1nccn1-c1ccc(-c2cccn3c(C)nc(Br)c23)cc1,CHEMBL282351
DEC_1402,decoy,CS(=O)(=O)Nc1cc([C@@H](O)CNC2CCN(c3ccc(CCC(=O)O)cc3)CC2)ccc1O,CHEMBL284788
DEC_0503,decoy,CC(C)C1=CC2CC3(C=O)[C@@H]4CC[C@@H](C)[C@H]4CC2(CO[C@H]2C[C@@H]4OCO[C@@H]4[C@@H](C)O2)C13C(=O)O,CHEMBL21682
DEC_2849,decoy,COc1ccccc1C(=O)NC[C@]1(c2ccccc2)CC[C@@H](NC(C)=O)CC1,CHEMBL16792
DEC_3260,decoy,O=C(O)[C@@H]1C[C@H]2C[C@@H](Cc3ccc(-c4nn[nH]n4)cc3)CC[C@H]2CN1,CHEMBL417625
DEC_3554,decoy,O=Cc1ccc(NCc2ccc(F)cc2)cn1,CHEMBL31730
DEC_2787,decoy,Cc1cccc(C(C)(C)C)c1OC(=O)NS(=O)(=O)Oc1c(C(C)C)cccc1C(C)C,CHEMBL278147
DEC_0472,decoy,Ic1ccc(OCCCc2c[nH]cn2)cc1,CHEMBL21230
DEC_4466,decoy,CCOC(=O)C1(NC(=O)N(CCCl)N=O)CCCC1,CHEMBL12805
DEC_3051,decoy,c1ccc2nc(COc3ccc(CCc4nnn[nH]4)cc3)ccc2c1,CHEMBL18177
DEC_4005,decoy,CC1CCCCn2c1nc1c(c2=O)CCCC1,CHEMBL290740
DEC_1270,decoy,CC1(C)C(=O)N(c2ccc(C#N)c(C(F)(F)F)c2)C(=O)N1CCCF,CHEMBL9140
DEC_1449,decoy,CCCCCc1cc(O)c2c(c1)OC(C)(C)[C@@H]1C[C@H](O)C(C)CC21,CHEMBL10866
DEC_0975,decoy,CN(C)c1cccc2c(S(=O)(=O)Oc3cccc4c3C(=O)C=C(NCCCl)C4=O)cccc12,CHEMBL43539
DEC_0252,decoy,N=C(N)c1ccc(CCCn2ncc3c2nc(N)n2nc(-c4ccco4)nc32)cc1,CHEMBL281601
DEC_2018,decoy,Cc1cc(C)c(/C=C2\NC(=O)NC2=O)cc1C,CHEMBL39672
DEC_4454,decoy,Cc1ccc(CC(CNC(=S)N(O)Cc2ccc(NS(C)(=O)=O)c(F)c2)COC(=O)C(C)(C)C)cc1C,CHEMBL308800
DEC_1536,decoy,COc1cc(O)c2c(c1C)C(=O)CCCCC/C(S)=N/[C@H](c1nc(CO)no1)CSC2,CHEMBL39548
ACT_098,active,CC[C@@H](NC(=O)N1CCc2cnc(N[C@@H](C)CO)nc2C1)c1ccc(Cl)c(Cl)c1,CHEMBL3298310
DEC_3182,decoy,COc1ccc(-c2nc3n(c2-c2ccc(OC)cc2)CC[S+]3[O-])cc1,CHEMBL17531
DEC_3781,decoy,Brc1ccc(NC23CC4CC(CC(C4)C2)C3)nc1,CHEMBL18700
DEC_1035,decoy,COc1cc([C@@H]2c3cc4c(cc3[C@@H](O)[C@H]3COC(=O)[C@H]23)OCO4)cc(OC)c1O,CHEMBL31929
ACT_019,active,C1=C/COCc2cc(ccc2OCCN2CCCC2)Nc2nccc(n2)-c2ccnc(c2)OCC/1,CHEMBL2035052
DEC_1961,decoy,Oc1ccc2c(c1)OC[C@@H](N1CCC(O)(CCc3ccccc3)CC1)[C@H]2O,CHEMBL17885
DEC_2285,decoy,C=C(C)Cc1cc(C(=O)c2ccccc2)ccc1OC(=O)C(C)(C)C,CHEMBL273668
DEC_4656,decoy,O=C(O)C(CCCCn1cnc2c1NC=NCC2O)Cc1ccccc1Br,CHEMBL36045
DEC_3210,decoy,Cn1c(=O)c2c(nc(/C=C/c3cccc(C(F)(F)F)c3)n2C)n(C)c1=O,CHEMBL28267
DEC_2477,decoy,NC(C(=O)N[C@@H]1C(=O)N2C(C(=O)O)=C(Cl)CS[C@H]12)c1ccccc1,CHEMBL8867
DEC_1779,decoy,Cc1cc(C)c(C(=O)OCc2cc(=O)c(OC(=O)C(C)(C)C)co2)c(C)c1,CHEMBL10198
DEC_3939,decoy,CC(C)OC1(C)OC(=O)C(c2ccc(F)cc2)=C1c1ccc(S(C)(=O)=O)cc1,CHEMBL18089
DEC_4149,decoy,O=C1NC(=O)C(CSc2ccc3ccccc3c2)S1,CHEMBL285856
DEC_0596,decoy,c1ccc(COCCCOc2ncc([C@H]3CCNC[C@@H]3OCc3ccc4ccccc4c3)cn2)cc1,CHEMBL277738
ACT_072,active,Nc1ncnc2c1c(-c1cccc(O)c1)cn2[C@H]1C[C@@H](CN2CCC2)C1,CHEMBL3787112
DEC_2363,decoy,O=S1(=O)c2cccc3cccc(c23)N1CCCN1CC=C(c2c[nH]c3ccc(O)cc23)CC1,CHEMBL19652
DEC_0788,decoy,CN(Cc1coc2nc(N)nc(N)c12)c1cc(Cl)c(Cl)c(Cl)c1,CHEMBL278110
DEC_1235,decoy,Cc1ccc(C2CN(C)Cc3sc(Br)cc32)cc1,CHEMBL15685
DEC_4087,decoy,O=C(c1ccc(O)cc1)c1ccc2n1CCC2C(=O)O,CHEMBL470
DEC_1498,decoy,CSc1nc2nc(C(=O)c3ccccc3)cn2c2c1CSCC2,CHEMBL20346
DEC_3933,decoy,CCN1C(=O)c2c(nc(OC)n2Cc2ccc(OC)c(Cl)c2)N2C1=N[C@@H]1CCC[C@@H]12,CHEMBL25311
DEC_4487,decoy,CC1(C)OC(/C=C/c2ccc(S(C)(=O)=O)cc2)=CC1=O,CHEMBL274286
DEC_2498,decoy,Cc1ccc(/N=C(\S)NCCN)c(Cl)c1.O=C(O)/C=C\C(=O)O,CHEMBL31367
DEC_0605,decoy,Ic1ccc(COCCCc2c[nH]cn2)cc1,CHEMBL19010
DEC_3126,decoy,Nc1nc(=O)n(C2OC(CO)C(I)C2O)cc1F,CHEMBL417794
DEC_3752,decoy,CC[C@](OC)(c1cc(F)cc(OCc2ccc3c(ccc(=O)n3C)c2)c1)c1nccs1,CHEMBL442334
DEC_4708,decoy,CC(C)[C@@H](CN1CC[C@@](C)(c2cccc(O)c2)[C@@H](C)C1)NC(=O)CCc1ccc(O)cc1,CHEMBL10986
DEC_0336,decoy,C/C=C(\NC(=O)CC(C)CCOC)C(=O)O,CHEMBL12017
DEC_3217,decoy,CC(C)(C)c1cc(/C=C2\OC(N=C(N)N)=NC2=O)cc(C(C)(C)C)c1O,CHEMBL15781
DEC_4733,decoy,CC(=O)[C@@]12O[C@](C)(c3ccc(F)cc3)O[C@@H]1CC1C3CCC4=CC(=O)CC[C@]4(C)C3CC[C@@]12C,CHEMBL273837
DEC_0576,decoy,CCCC1(CC)CC(=O)N(Cc2ccc(-c3ccccc3-c3nn[nH]n3)cc2)/C(=C/C(=O)OCC)C1,CHEMBL48459
DEC_0676,decoy,CCN(CC)/C(S)=N\c1cc(-c2nc(-c3ccco3)no2)ccc1Cl,CHEMBL278146
DEC_3506,decoy,O=C(O)Cc1cn2c3c(nc(O)c2n1)-c1cccc(CC(=O)O)c1C3,CHEMBL433424
DEC_1023,decoy,CCOc1ccnc(N2CCN(c3cc(N)c4cc(OC)c(OC)cc4n3)CC2)n1,CHEMBL8603
DEC_2602,decoy,CSc1ccc(/C=C2/C(C)=C(CC(=O)O)c3cc(F)ccc32)cc1,CHEMBL18797
DEC_3573,decoy,NS(=O)(=O)Oc1ccc2c(C(F)(F)F)cc(=O)oc2c1,CHEMBL11473
DEC_2823,decoy,CC(C)c1ccccc1Sc1c(O)cc(-c2ccc(O)c(C(=O)O)c2)oc1=O,CHEMBL12573
DEC_3711,decoy,CC(C)(C)/N=C(\NC#N)Nc1cccc(/C(=C/CCCC(=O)O)c2cccnc2)c1,CHEMBL7718
DEC_4706,decoy,COC(=O)[C@H](Cc1ccccc1)N[C@@H](C#N)[C@H](Cc1ccccc1)NC(=O)OC(C)(C)C,CHEMBL287968
DEC_2450,decoy,Cc1cccc(O)c1NC(=O)C1CCN(C(=O)Cn2c(=O)sc3ccc(Cl)cc32)CC1,CHEMBL17676
DEC_3513,decoy,O=C(O)Cc1cccc2c1Cc1c-2nc(O)c2nc(C(=O)O)cn12,CHEMBL24980
DEC_0922,decoy,CC(=O)OC(C(C)=O)[C@@]12CCC[C@H]1[C@@H]1CCC3=CC(=O)CC[C@@H]3[C@H]1CC2,CHEMBL273571
DEC_4157,decoy,CC(C)(C)c1cc(-c2n[nH]c(O)n2)cc(C(C)(C)C)c1O,CHEMBL12234
DEC_1320,decoy,CC1(C)C(=O)N(c2ccc(C#N)c(C(F)(F)F)c2)C(=O)N1CCF,CHEMBL274667
DEC_4193,decoy,O=C1O[C@H](c2ccccc2)[C@@](Cn2cncn2)(c2ccc(Cl)cc2Cl)O1,CHEMBL273646
DEC_0540,decoy,COc1ccccc1N1C(=O)[C@@H]2C(c3ccccc3C)OC3(C(=O)c4ccccc4C3=O)[C@@H]2C1=O,CHEMBL26600
DEC_2128,decoy,COc1ccc(/C=C2\CCCCCC2=O)cc1,CHEMBL29077
DEC_2134,decoy,Cc1ccc2c(c1)[C@]1(C)N[C@H](C2)c2ccccc21,CHEMBL286887
DEC_3788,decoy,C#C[C@]1(O)CCC2C3C(CC[C@@]21C)C1CCC(=O)C=C1C[C@H]3C,CHEMBL7815
ACT_053,active,CN1CC[C@@H](c2c(O)cc(O)c3c(=O)cc(-c4ccc(C(F)(F)F)cc4Cl)oc23)[C@@H]1CO,CHEMBL3905910
DEC_1308,decoy,CS(=O)(=O)c1ccc(C2=C(c3ccc(Cl)c(F)c3)C(=O)CC2)cc1,CHEMBL23175
DEC_4004,decoy,CCCN1CCC2Cc3c(O)cccc3C[C@H]21,CHEMBL25359
DEC_2598,decoy,CC(C)(C)c1cc(/C=C/C(=O)c2cccs2)cc(C(C)(C)C)c1O,CHEMBL276421
DEC_0167,decoy,CCc1cccc(N2C(N)=NC(N)=NC2(C)C)c1,CHEMBL20874
DEC_4667,decoy,O=C(O)c1ccc(OCCCc2cc3c(cc2O)CC(CCc2ccccc2)O3)cc1,CHEMBL28093
DEC_4598,decoy,C=CCN1CC[C@@H]2Cc3cccc(OC)c3C[C@H]21,CHEMBL11770
DEC_1003,decoy,CCCCNS(=O)(=O)OC[C@@]12OC[C@H]3OC(C)(C)O[C@H]3[C@@H]1OC(C)(C)O2,CHEMBL25975
DEC_4588,decoy,CCCN1[C@H](C)CC2c3c(cccc3OC)CC[C@H]21,CHEMBL10561
DEC_3634,decoy,CCN1CCCC1CNC(=O)c1c(OC)ccc(I)c1O,CHEMBL8475
DEC_1512,decoy,Cc1cccc(COc2ccc3c(c2)[C@@H](O)[C@@H](Cc2cccnc2)CO3)n1,CHEMBL29158
DEC_2620,decoy,CC1=C(C(=O)O)N2C(=O)C(NC(=O)CCON=C3CCCCC3)C2SC1,CHEMBL31810
DEC_1774,decoy,COc1cc(CC(C)N(C)C(C)C)c(OC)cc1I,CHEMBL11094
DEC_2683,decoy,O=C1NC(=O)C(c2cc(Cl)ccc2S(=O)(=O)CCc2ccc(Cl)cc2)N1,CHEMBL19316
DEC_3838,decoy,COc1cc2c(cc1OC)C(c1ccc(Cl)cc1)=NNC(=O)C2,CHEMBL281610
DEC_3101,decoy,COc1ccc([C@]2(C#N)C[C@H]3C[C@@H](C(=O)NO)C[C@H]3C2)cc1OC,CHEMBL27764
DEC_1357,decoy,C=CCNc1ccc(-c2ccc(N3CC(CNC(C)=O)OC3=O)cc2)ccc1=O,CHEMBL6519
DEC_0265,decoy,CC1(C)C2CCC1(C)C(OC(=O)[C@H](NC(=O)[C@@H](N)CC(=O)O)c1ccccc1)C2,CHEMBL275916
DEC_4521,decoy,O=C1CCCN1CCOc1ccc(C2Oc3cc(O)ccc3-c3sc4cc(O)ccc4c32)cc1,CHEMBL24597
DEC_0747,decoy,CCOC(=O)c1ccc(N2C(N)=NC(N)=NC2(C)C)cc1,CHEMBL6613
DEC_0212,decoy,CO[C@]1(c2cc(F)cc(S(=O)(=O)c3ccc(/C(C)=N/O)cc3)c2)CCO[C@@H](C)C1,CHEMBL282308
DEC_0496,decoy,c1ccc(CCCNC2c3ccccc3Oc3ccccc32)nc1,CHEMBL20107
DEC_4072,decoy,O=NN(CCCl)C(=O)NC1CCC(C(=O)O)CC1,CHEMBL12920
DEC_3849,decoy,Cc1cc(C(c2ccc(C(C)C)cc2)N2CCNCC2)sn1,CHEMBL277458
DEC_0902,decoy,COc1nc(C(Cl)(Cl)Cl)c(Cl)c(OC(C)=O)c1Cl,CHEMBL275947
DEC_0773,decoy,Nc1nc2ccc(OCc3ccccc3)cc2c2nc(-c3ccco3)nn12,CHEMBL7748
ACT_089,active,CC(C)C/C=N/c1c(C#N)c2n(c1C(=O)Nc1ccc(Br)cc1)CCC2,CHEMBL4592358
DEC_2234,decoy,CC(C)(C)NC(=O)[C@@H]1C[C@@H]2CCCC[C@@H]2CN1C[C@@H](O)[C@H](Cc1ccccc1)NC(=O)O[C@H]1CCSC1,CHEMBL277725
DEC_2133,decoy,Cn1c2c(c3cc(O)ccc31)CCCCCC2,CHEMBL19810
DEC_2684,decoy,Cc1cccc(C)c1NC(=O)C(C)NCCCNC(=O)C1=CC(C)(C)NC1(C)C,CHEMBL15615
DEC_3897,decoy,CC(C)(C)NCC(O)COC(=O)c1cccc2ccccc12,CHEMBL7462
DEC_3297,decoy,O=NN(CCCl)C(=O)NC1CCC(Cl)CC1,CHEMBL276848
DEC_1243,decoy,CCCCC[C@@H]1/C=C\C2[C@H](O)CC(=O)[C@@H]2C/C=C\CCCC(=O)O1,CHEMBL12584
DEC_4003,decoy,CCCN1CC[C@H]2Cc3c(O)cccc3C[C@H]21,CHEMBL281614
DEC_3355,decoy,CC1(C)C=C(C(=O)NCC(C)(C)NCc2cccs2)C(C)(C)N1,CHEMBL280508
DEC_1755,decoy,COC(=O)[C@@H]1CSCc2c(O)cc(O)c(C)c2C(=O)OC[C@@H](NC(=O)OC(C)(C)C)C(=O)N1,CHEMBL285753
DEC_3353,decoy,Cc1noc(NS(=O)(=O)c2cccc3c(Cl)cccc23)c1C,CHEMBL285814
DEC_2174,decoy,CNC(=O)OCc1nc(SC)n(C)c1COC(=O)NC,CHEMBL23804
DEC_1268,decoy,O=C1N(CN2CCCCC2)c2ccccc2C12SCCS2,CHEMBL6389
DEC_2382,decoy,C[S+]([O-])c1ccc(C(=O)c2ccc3n2CCC3C(=O)O)cc1,CHEMBL9232
DEC_3818,decoy,CSc1ccc(C(=O)c2ccc3n2CCCC3C(=O)O)cc1,CHEMBL8942
DEC_2535,decoy,CC1=CC2Cc3nc(O)ccc3C3(C1)NCC(C)=C23,CHEMBL39918
DEC_0992,decoy,CCN(C/C=C/C#CC(C)(C)C)Cc1cccc(OCCN(C)S(=O)(=O)c2nccs2)c1,CHEMBL26596
DEC_1453,decoy,CCc1cccc(-c2cc(O)c(SCc3ccccc3)c(=O)o2)c1,CHEMBL15246
DEC_1124,decoy,CS(=O)(=O)O.Nc1nc2ccc(Cl)cc2c2nc(-c3ccc[nH]3)nn12,CHEMBL7551
DEC_0339,decoy,CCN(CC)CC1CCc2c1ccc(O)c2O,CHEMBL285455
DEC_1403,decoy,COC(=O)[C@H](Cc1ccccc1)NP(=O)(O)OCC1OC(n2cc(C)c(=O)[nH]c2=O)CC1N=[N+]=[N-],CHEMBL300229
DEC_2413,decoy,OC(c1ccccc1)C(O)(Cn1cncn1)c1ccccc1,CHEMBL10306
DEC_2475,decoy,CCCn1c(=O)c2nc(-c3ccc(N)cc3N)[nH]c2n(CCC)c1=O,CHEMBL415971
DEC_2885,decoy,C[C@@]12CCc3occc3C1CC[C@]13CCC(CCC12)C3,CHEMBL281902
DEC_2396,decoy,COc1ccc2c3c1O[C@H]1[C@@H](O)C=C[C@H]4[C@@H](C2)N(C)CC[C@@]341,CHEMBL485
DEC_0980,decoy,COc1ccc2c3c1OC1[C@H](O)[C@@](C=CCCCc4ccccc4)(CO)CC4C(C2)N(C)CCC341,CHEMBL269664
DEC_1213,decoy,CC(C)=CCC(OC(=O)c1ccccc1)C1=CC(=O)c2c(O)ccc(O)c2C1=O,CHEMBL28195
DEC_2293,decoy,Cn1c(=O)ccc2cc(COc3cccc(C4(C)CCOCC4)c3)ccc21,CHEMBL21908
DEC_2912,decoy,CC1(C)OC(S)=Nc2ccc(-c3csc(C#N)c3)cc21,CHEMBL282650
DEC_2911,decoy,C=C1C(=O)c2ccccc2OC1c1ccc(C(C)(C)C)cc1,CHEMBL273952
DEC_4150,decoy,CC(C)(C)c1cc(-c2n[nH]c(N)n2)cc(C(C)(C)C)c1O,CHEMBL12154
DEC_3563,decoy,COc1ccc2cc(C(C)C(=O)O)ccc2c1,CHEMBL12952
DEC_2891,decoy,CC(C)(C)C(=O)c1cc(C(C)(C)C)c2c(c1)C(C)(C)CO2,CHEMBL13907
DEC_4730,decoy,CC1(C)CC[C@]2(C(=O)O)CC[C@]3(C)C(CC4OC45[C@@]4(C)C=CC(=O)C(C)(C)[C@@H]4CC[C@]53C)C2C1,CHEMBL42286
DEC_3621,decoy,O=C(O)c1cn(-c2ccc(F)cc2F)c2cc(N3CC/C(=N/O)C3)c(F)cc2c1=O,CHEMBL31833
DEC_0670,decoy,CN1C(=O)C=C[C@]2(C)C3CC[C@@]4(C)C(CC[C@@]4(O)C#CCCCl)C3CCC12,CHEMBL9887
DEC_0651,decoy,C[C@]12CCC3C(CC=C4C[C@@H](O)[C@H]5COC[C@]43C5)C1CC[C@@H]2OC1CC1,CHEMBL413593
DEC_3614,decoy,C[C@@H](O)[C@H]1C(=O)N2C(C(=O)O)=C(S[C@@H]3CN[C@@H](c4ccc(C(C)(C)N)cc4)C3)[C@H](C)[C@H]12,CHEMBL17917
DEC_0971,decoy,CC[C@H]1CO[C@H]2[C@@H]1[C@H](O)[C@H](OCC13C[C@@H]4[C@H](C)CC[C@H]4C4(C=O)CC1C=C(C(C)C)C34C(=O)O)O[C@@H]2C,CHEMBL295645
DEC_4025,decoy,Fc1cccc(C(F)(F)F)c1N(CC1CC1)C1=NCCN1,CHEMBL283739
DEC_0201,decoy,C[C@H]1[C@@H](OCC23CC4CC(CC(C4)C2)C3)O[C@@H]2O[C@@]3(C)CC[C@H]4[C@H](C)CC[C@@H]1[C@@]24OO3,CHEMBL437851
DEC_3437,decoy,CC(C)=CCN(C1=NCCN1)c1c(Br)cccc1Br,CHEMBL21171
DEC_0623,decoy,CCC(=O)O[C@H](CC=C(C)C)C1=CC(=O)c2c(O)ccc(O)c2C1=O,CHEMBL8951
DEC_2673,decoy,O=NN(CCCl)C(=O)NC1CCCCC1NC(=O)N(CCCl)N=O,CHEMBL267575
DEC_2631,decoy,C(=N/NC1=NCCN1)\c1c2ccccc2c(/C=N/NC2=NCCN2)c2ccccc12,CHEMBL25336
DEC_4434,decoy,Cc1ccc2c(c1)N(CC(=O)NC(C)(C)C)C(=O)[C@H](NC(=O)Nc1cccc(C(=O)O)c1)C[C@@H]2C1CCCCC1,CHEMBL431919
DEC_0151,decoy,O=NN(CCCl)C(=O)NC1CSCSC1,CHEMBL12689
DEC_3176,decoy,CN(C)c1ncnc2c1ncn2Cc1cccc(Br)c1,CHEMBL7896
DEC_0502,decoy,CCCCC(=O)O[C@]1(C(=O)CO)C(C)CC2C3CCC4=CC(=O)C=CC4(C)[C@@]3(F)C(O)CC21C,CHEMBL10858
ACT_016,active,Nc1nccc(-c2c3c(O)ccnc3n3c(N)nccc23)n1,CHEMBL380500
DEC_4062,decoy,Oc1nc2cccc3c2n1CC(N(CC1CC1)CC1CC1)C3,CHEMBL273711
DEC_1276,decoy,Nc1nc(C#Cc2ccccc2)c2ncn(Cc3ccccc3)c2n1,CHEMBL277893
DEC_4014,decoy,BrCCN(CCBr)c1ccccc1,CHEMBL19482
DEC_1296,decoy,COc1ccccc1N1CCN(C2CC3CCCCC3CC2O)CC1,CHEMBL21152
DEC_1258,decoy,C[C@H](N)Cc1c2c(c(Br)c3c1OCC3)OCC2.Cl,CHEMBL263078
DEC_2744,decoy,CCc1c(Sc2cc(C)cc(C)c2)n(COCCO)c(=O)[nH]c1=O,CHEMBL16684
DEC_2795,decoy,COc1ccc([C@@H]2Sc3c(Cl)cccc3-n3c(CN(C)C)ccc3[C@@H]2OC(C)=O)cc1,CHEMBL25278
DEC_3000,decoy,CC(C)(C)OC(=O)c1ncn2c1CN(C(=O)N1CCN(C3CC3)CC1)c1cc(Cl)ccc1-2,CHEMBL15107
DEC_3692,decoy,CCCCc1nc2ccnc(O)c2n1Cc1ccc(-c2ccccc2-c2nn[nH]n2)cc1,CHEMBL429008
DEC_4604,decoy,CC(=O)c1cc(C(C)(C)C)c2c(c1)C(C)(C)CO2,CHEMBL13728
DEC_0002,decoy,CC1(C)CCC[C@@](C)(C2CC[C@]3(C)C2[C@H](O)CC2[C@@]4(C)CC[C@H](O)C(C)(C)C4[C@@H](O)C[C@]23C)O1,CHEMBL29084
DEC_0755,decoy,CC/C=C/C(=O)O[C@H](CC=C(C)C)C1=CC(=O)c2c(O)ccc(O)c2C1=O,CHEMBL267275
DEC_0850,decoy,CCN1C(=O)c2c(ncn2Cc2ccc(O)c(Br)c2)N2C1=N[C@@H]1CCC[C@@H]12,CHEMBL283242
DEC_4172,decoy,CC(C)N(C(=O)[C@H]1CCC2C3CC=C4C=C(C(=O)O)CC[C@]4(C)C3CC[C@@]21C)C(C)C,CHEMBL278283
DEC_1050,decoy,CCC1C2Cc3ccc(O)cc3C1(CC)CCN2C(=O)C(N)CCSC.Cl,CHEMBL282347
DEC_4742,decoy,CCCCc1ccc2cc1Oc1ccc3cccc(c3c1)N1CCN(CCc3cncn3C2)CC1=O,CHEMBL283793
DEC_3978,decoy,Cc1cn2cccc3c2c1C[C@@H]1[C@@H]3CCCN1C,CHEMBL274996
DEC_3229,decoy,Cc1[nH]c2cccc3c2c1C[C@@H]1C3C[C@H](NC(=O)C(C)(C)C)CN1C,CHEMBL25013
DEC_2231,decoy,CCCCc1nc(SC)c(C(=O)O)n1Cc1ccc(-c2ccccc2S(=O)(=O)NC(=O)NCC)cc1,CHEMBL309602
DEC_2908,decoy,CC1(C)OC(S)=Nc2ccc(-c3ccc(C#N)s3)cc21,CHEMBL25469
DEC_2035,decoy,CN(C)c1ccc2c(c1)CC(N)(C(=O)O)CC2,CHEMBL8989
DEC_1323,decoy,CC(=O)O[C@@H]1CC[C@@H]2CN3CCc4cc5c(cc4[C@@H]3C[C@@H]2C1)OCO5,CHEMBL29869
DEC_4424,decoy,CC(C)(C)OC(=O)N[C@@H](Cc1ccccc1)[C@@H](O)C[C@@H](Cc1ccccc1)C(=O)NC1Cc2ccccc21,CHEMBL279279
DEC_1130,decoy,CS(=O)(=O)O.Nc1nc2ccc(Cl)cc2c2nc(-c3cccs3)nn12,CHEMBL266095
DEC_3536,decoy,CCCN1CCC[C@H]2c3cccnc3CC[C@H]21,CHEMBL9993
DEC_0419,decoy,CCNCc1nn2c3cccc(O)c3c(=O)c3c(NCCN(C)C)ccc1c32,CHEMBL8616
DEC_3564,decoy,C/C=C(\NC(=O)C1CC1(Br)Br)C(=O)O,CHEMBL268228
DEC_2381,decoy,COc1cc(CC(C)N)c(OC)cc1I,CHEMBL6616
DEC_0063,decoy,CN(C=O)[C@H]1CCC2C3CC[C@H]4NC(=O)C=C[C@]4(C)C3CC[C@@]21C,CHEMBL277563
DEC_3958,decoy,Cc1c(C)c2ccc(OS(=O)(=O)c3ccc(Br)cc3)cc2oc1=O,CHEMBL278974
DEC_0930,decoy,C=CCN1CCCC2(c3ccccc3)CCC1C2.O=C(O)C(=O)O,CHEMBL37525
DEC_2006,decoy,NCCO.O=C(O)C(=O)Nc1nc(-c2ccncc2)cs1,CHEMBL16441
DEC_1178,decoy,CCC1Cc2cc(O)ccc2C2=C1c1ccc(O)cc1CC2CC,CHEMBL414213
DEC_1526,decoy,COc1cccc(-c2cc(O)c(SCc3ccccc3)c(=O)o2)c1,CHEMBL14828
DEC_1553,decoy,COc1cc([C@@H]2c3cc4c(cc3[C@@H](Nc3ccc(F)cc3)[C@H]3COC(=O)[C@H]23)OCO4)cc(OC)c1O,CHEMBL281692
DEC_0878,decoy,C[C@@H]1CCC2[C@@H](C)[C@H](OC(CCC(=O)O)c3ccc(F)cc3)O[C@@H]3OC4(C)CC[C@@H]1C23OO4,CHEMBL289461
DEC_4216,decoy,C#C[C@]1(O)CCC(C2CCc3cc(O)ccc3C2)C1(C)C,CHEMBL22731
DEC_4187,decoy,CCN(CC)C(=O)c1ccc(N(c2cccc(SC)c2)[C@@H]2C[C@H]3CC[C@@H](C2)N3C)cc1,CHEMBL268981
DEC_1932,decoy,Cc1ccc(S(=O)(=O)O)cc1.N/C(=N\O)N/N=C/c1ccc2ccccc2n1,CHEMBL12899
DEC_2118,decoy,CCCC1Oc2c(C)c(C)c(O)c(C)c2S1,CHEMBL290579
DEC_0354,decoy,CC(=O)O[C@H]1O[C@@H]2O[C@@H](OC(C)=O)[C@@H]3CC[C@H]([C@H]1CC/C=C(\C)CCC=C(C)C)[C@H]23,CHEMBL418341
DEC_4668,decoy,CC(C)(C)NC(Nc1cccc(/C(=C\CCCC(=O)O)c2cccnc2)c1)=C(C#N)C#N,CHEMBL21570
DEC_1516,decoy,CCC[C@H]1OC(=O)O[C@]1(Cn1cncn1)c1ccc(Cl)cc1Cl,CHEMBL275296
DEC_1366,decoy,CCCSc1ncc(CO)n1Cc1ccc(OCc2ccccc2C(=O)O)cc1,CHEMBL27770
DEC_1944,decoy,O=C(Nc1ccccc1)NC1c2ccccc2-c2nc(O)c3nc(C(=O)O)cn3c21,CHEMBL273569
DEC_0404,decoy,CCCCc1ccc2c(c1)-c1nc(C(=O)O)cc(O)c1CS2.NCCO,CHEMBL282108
DEC_0797,decoy,N#Cc1ccc(Nc2c(NC(c3ccccc3)C(F)(F)F)c(=O)c2=O)cc1,CHEMBL19133
DEC_1974,decoy,Cc1cn(C2CC=C(P(=O)(O)O)OC2CO)c(=O)[nH]c1=O,CHEMBL434968
DEC_3293,decoy,O[C@]1(c2ccccc2)CN2CCC[C@H]2c2ccccc21,CHEMBL285277
DEC_3008,decoy,O=C1NC(=O)C(CC#Cc2ccc(F)cc2)(S(=O)(=O)c2ccc(Br)cc2)S1,CHEMBL275072
DEC_3898,decoy,O=C(O)c1ccccc1[C@H]1CC[C@H]2CN[C@H](C(=O)O)C[C@H]2C1,CHEMBL280054
DEC_2938,decoy,CCCC1C(=O)N(CC(C)C)C2Sc3ccccc3N2C1=O,CHEMBL29541
DEC_4361,decoy,COC1(C2=NCCN2)COc2ccccc2O1,CHEMBL10332
DEC_2559,decoy,O=C(O)Cc1cc(=O)oc2c1ccc1ccccc12,CHEMBL268279
DEC_2326,decoy,CN1CCC2(CC1)COc1ccc(NC(=O)N3CCC(c4c[nH]c5ccc(F)cc45)CC3)cc12,CHEMBL276928
DEC_0710,decoy,Nc1nc(Cl)c2ncn([C@H]3O[C@@H](CO)C=C3F)c2n1,CHEMBL28154
DEC_3098,decoy,CC(=O)Nc1cccc2cc(S(=O)(=O)Nc3onc(C)c3C)ccc12,CHEMBL30077
DEC_3090,decoy,Nc1nc(N)c2c(CSc3ccc(Cl)c(Cl)c3)c[nH]c2n1,CHEMBL17430
ACT_040,active,Cn1cc(S(=O)(=O)N2CCC(Nc3ncc4c(n3)N([C@@H]3CCC[C@@H](O)C3)C(=O)C43CC3)CC2)cn1,CHEMBL5177986
DEC_3319,decoy,O=C(OCCCc1c[nH]cn1)c1ccc(I)cc1,CHEMBL20295
DEC_3716,decoy,CO[C@]1(c2cnc(Sc3ccc(/C(C)=N/OCC#N)cc3)s2)CCO[C@@H](C)C1,CHEMBL276958
DEC_0313,decoy,C/C(CC1CC1)=N/OCC(O)CNC(C)(C)C,CHEMBL26049
DEC_1559,decoy,COc1cccc([C@H]2C/C(=N\NC(=O)C(=O)NC(C)c3ccccc3)c3cc4c(cc3N2)OCO4)c1,CHEMBL278746
DEC_3510,decoy,Cc1sc(NC(=O)C(=O)O)nc1-c1ccc2c(c1)OCCO2,CHEMBL16346
DEC_2408,decoy,CSc1cc(CC(=O)O)n(C)c1C(=O)c1ccc(C)cc1,CHEMBL279784
DEC_3685,decoy,C=C(C)CNC(=O)O[C@H]1CC[C@](CNC(=O)c2ccccc2OC)(c2ccccc2)CC1,CHEMBL16961
DEC_4250,decoy,CN1CCC(NC2c3ccccc3Oc3ccccc32)CC1,CHEMBL20170
DEC_1139,decoy,Oc1cc(C(F)(F)F)c2cc3c(cc2n1)NC[C@@H]1CCC[C@H]31,CHEMBL27812
DEC_2545,decoy,O=c1cc(-c2ccccc2)oc2cc(O)ccc12,CHEMBL276915
DEC_2947,decoy,CCCS(=O)(=O)N(C)[C@@H]1CCN2CCc3ccccc3C2C1,CHEMBL435357
DEC_1893,decoy,CC(C)(C)NCC(O)COC(=O)C1c2ccccc2-c2ccccc21,CHEMBL266720
DEC_1677,decoy,CC1(C)C=C2C(=O)C(C)(C)C(=O)C(C)(C)C2(F)OO1,CHEMBL34210
DEC_3975,decoy,COc1ccc(C2NCCc3ccccc32)cc1,CHEMBL21484
DEC_1970,decoy,Nc1nc(=O)n(C2OC(CO)C(Br)C2O)cc1F,CHEMBL11752
DEC_0009,decoy,N#C/C(=C(/N)Sc1ccccc1N)c1cccc(C(O)c2cccc(C(F)(F)F)c2)c1,CHEMBL38260
DEC_0787,decoy,Nc1nc(N)c2c(CNc3ccc(Oc4ccccc4)cc3)coc2n1,CHEMBL23297
DEC_0775,decoy,Cc1noc(NS(=O)(=O)c2cccc3c(N(C)C(C)C)cccc23)c1C,CHEMBL283652
DEC_2265,decoy,COc1ccc(C2Sc3ccccc3-n3c(CN(C)C)ccc32)cc1,CHEMBL277363
DEC_4421,decoy,CC(C)(C)COc1cc(C(C)(C)C)ccc1C/N=C(\S)NCc1ccc(NS(C)(=O)=O)c(F)c1,CHEMBL43723
DEC_3722,decoy,COC1(c2csc(Sc3ccc4c(c3)OCC/C4=N\OCC#N)c2)CCOCC1,CHEMBL27285
DEC_0633,decoy,Cc1cn(COC2CP(=O)(Oc3ccccc3)OC2C)c(=O)[nH]c1=O,CHEMBL428365
DEC_2352,decoy,Cc1ccc(C#Cc2ccc(S(=O)(=O)NC(CC#Cc3ccccc3)C(=O)O)cc2)cc1,CHEMBL10180
DEC_1708,decoy,CN1C(=O)NC(=O)C(C)(C2=CCCCC2)C1=O,CHEMBL7728
DEC_0370,decoy,CO[C@]1(c2cc(F)cc(Sc3ccc(/C(C)=N/O)cc3)c2)CCO[C@@H](C)C1,CHEMBL282773
DEC_4000,decoy,CCCN1CC[C@@H]2Cc3c(O)cccc3C[C@H]21,CHEMBL11066
DEC_4490,decoy,C=CCOCCn1c(N2CCCN(C)CC2)nc2ccccc21,CHEMBL18233
DEC_2970,decoy,COc1cccc2c1CC[C@H]1CN(CCn3c(=O)[nH]c4c(sc5cccc(OC)c54)c3=O)C[C@@H]21,CHEMBL41344
DEC_1703,decoy,O=S1NC(CC2=Cc3ccccc3CC2)=NO1,CHEMBL17355
DEC_3329,decoy,CCOC(c1ccc(OC)cc1)c1ccc(C(C)C)cc(=O)c1O,CHEMBL275865
DEC_4335,decoy,NS(=O)(=O)Oc1ccc2c(c1)OC(=O)CC2,CHEMBL11525
DEC_3266,decoy,O=NN(CCCl)C(=O)NC12CC3CC(CC(C3)C1)C2,CHEMBL12701
DEC_4126,decoy,O=Nc1c2n3cc(C(=O)O)[nH]c3c(O)nc-2c2ccccc12,CHEMBL281393
DEC_4497,decoy,CCCCOCCn1c(N2CCCN(C)CC2)nc2ccccc21,CHEMBL18561
DEC_2216,decoy,CC1=C(C#N)C(c2ccccc2C(F)(F)F)/C(=C(\O)OCC(O)CO)C(CS(=O)(=O)c2ccccc2)=N1,CHEMBL72871
DEC_0165,decoy,CCc1ccc(N2C(N)=NC(N)=NC2(C)C)cc1N,CHEMBL34217
DEC_1599,decoy,Cc1cccc(C)c1OS(=O)(=O)NC(=O)Oc1c(C(C)C)cccc1C(C)C,CHEMBL278761
DEC_4654,decoy,CN(C)CCN(C)Cc1c[nH]c2cc3ncnc(Nc4cccc(Br)c4)c3cc12,CHEMBL39811
DEC_0346,decoy,CCCCCCn1c(=O)[nH]c(=O)c2[nH]c(O)nc21,CHEMBL33710
DEC_1353,decoy,NCCCC[C@H](NC(=O)OCc1ccccc1)C(=O)Oc1cccc2ccccc12,CHEMBL282405
DEC_1272,decoy,O=Cc1ccn(-c2cc3nc(O)c(O)nc3cc2C(F)(F)F)c1,CHEMBL12841
DEC_1858,decoy,NS(=O)(=O)c1cc(N2CCN(CC(O)COc3cccc4c3SCC(=O)N4)CC2)ccc1Cl,CHEMBL40609
DEC_1438,decoy,CCCCC[C@](C)(O)/C=C/C1[C@@H]2C[C@@H](O)[C@H]1C/C=C\CCCC(=O)O2,CHEMBL12539
DEC_1922,decoy,COc1ccc(C(F)(F)F)cc1NCc1cnc2nc(N)nc(N)c2c1C,CHEMBL281648
DEC_1623,decoy,O=S(=O)(CS(=O)(=O)C(F)(F)F)c1ccccc1Cl,CHEMBL275995
DEC_2514,decoy,C1CCC2(CC1)OOC1(CCCCC1)OO2,CHEMBL22590
DEC_4652,decoy,CCN(CC)CCn1nc2c3c(c(CNC(=O)OC)ccc31)Sc1ccc(O)cc1-2,CHEMBL27233
DEC_1039,decoy,COCCNC(=O)C1CCN(c2nc(N)c3cc(OC)c(OC)cc3n2)CC1,CHEMBL267164
DEC_2821,decoy,COc1ccc2c(nc(Nc3c(C)cccc3Cl)c3cnc(CO)n32)c1OC,CHEMBL280546
DEC_1770,decoy,CC(C)(C)c1cc(C(=O)CS(=O)(=O)CC2CC2)cc2c1OCC2(C)C,CHEMBL266858
DEC_1676,decoy,C/C=C(\NC(=O)C12CC3CC(CC(C3)C1)C2)C(=O)O,CHEMBL11917
DEC_1562,decoy,COc1cc([C@@H]2c3cc4c(cc3[C@@H](Nc3ccccc3O)[C@H]3COC(=O)[C@H]23)OCO4)cc(OC)c1O,CHEMBL280547
DEC_4582,decoy,COc1ccc2c(c1)CC1(CCCCC1)[N+]([O-])=C2,CHEMBL13204
DEC_0809,decoy,C=C1[C@@H](O)CC[C@@]2(C)[C@@H](O)[C@H](O)C3=C(C)C(=O)C[C@@H]([C@@H](OC(C)=O)[C@H]12)C3(C)C,CHEMBL13574
DEC_2851,decoy,C=CC(=O)Nc1ccc2ncnc(Nc3ccc(F)c(Br)c3)c2c1,CHEMBL280757
DEC_0864,decoy,CCc1cc(C)cc(C)c1NC(=O)c1sccc1S(=O)(=O)Nc1onc(C)c1Cl,CHEMBL283582
ACT_081,active,O=C1Cc2c([nH]c3ccc(Br)cc23)-c2ncccc2N1,CHEMBL336961
DEC_3741,decoy,CC(C)(C)C(=O)c1ccc(C(=O)N(CC(=O)O)C(=O)c2ccc(C(=O)C(C)(C)C)cc2)cc1,CHEMBL41984
DEC_2314,decoy,CC1(C)[C@H](/C=C/C=C2C[C@@H](O)C[C@H](O)C2)CC[C@]1(C)CC#CC(O)(C(F)(F)F)C(F)(F)F,CHEMBL416797
DEC_1075,decoy,CCc1nc2cc(OC3CCN(C(C)=N)CC3)ccc2n1C/C(C)=C/c1cccc(N)c1,CHEMBL24565
DEC_0675,decoy,C[C@]12CC[C@@H]3c4ccc(OC(=O)c5ccccc5)cc4CC[C@H]3[C@@H]1CC[C@@H]2O,CHEMBL282575
DEC_3159,decoy,COc1ccc(S(=O)(=O)N2CCN(C(C)C)C(=O)C[C@@H]2C(=O)NO)cc1,CHEMBL7756
DEC_1608,decoy,CC12CCC3C(C(CCc4ccc(N)cc4)=CC4=CC(=O)CCC43C)C1CCC2=O,CHEMBL266297
DEC_3924,decoy,O=S(=O)(CS(=O)(=O)C(F)(F)F)c1ccc(OC(F)(F)C(F)F)cc1,CHEMBL441906
DEC_2493,decoy,CCCn1c(=O)[nH]c2nc(-c3ccc(S(=O)(=O)O)cc3)[nH]c2c1=O,CHEMBL8565
DEC_2192,decoy,CC(=O)/C=C/CC1C(=O)N2[C@@H](C(=O)O)C(C)(C)S(=O)(=O)[C@@H]12,CHEMBL6311
DEC_3557,decoy,O=C(O)c1cc2c(ccc3ccccc32)s1,CHEMBL13293
DEC_2878,decoy,CN1CCCC[C@H]1/C=C/C1c2ccccc2Cc2ccccc21,CHEMBL415038
DEC_0133,decoy,CC1(O)OC(=O)C(c2cccc(F)c2)=C1c1ccc(S(C)(=O)=O)cc1,CHEMBL273340
DEC_3209,decoy,CCN(CC)C(=O)[C@@H]1C=C2c3cccc4[nH]cc(c34)C[C@H]2N(CC)C1,CHEMBL22694
DEC_4416,decoy,C[C@@H](c1ccc(O)c(I)c1)[C@H](O)/C=C/C1C2CCC(O2)C1C/C=C\CCCC(=O)O,CHEMBL299991
DEC_3020,decoy,Nc1nc(N)c2c(CNc3cc(Cl)ccc3Cl)coc2n1,CHEMBL277438
DEC_1753,decoy,COC(=O)[C@@H]1CSCc2c(O)cc(O)c(C)c2C(=O)OC[C@H](NC(=O)OC(C)(C)C)C(=O)N1,CHEMBL416228
DEC_2315,decoy,C=C1C(C)C2C(Cc3ccccc3)NC(=O)C23OC(=O)/C=C/C(O)CCCC(C)C/C=C/C3C1O,CHEMBL56897
DEC_4479,decoy,CC1(C)OC[C@@H](C/C=C\CCC(=O)O)[C@@H](c2ccnnc2)O1,CHEMBL18325
DEC_4270,decoy,CNC(=O)NC[C@@H]1C[C@H]1c1cccc2c1OC(C(C)C)N2,CHEMBL19237
DEC_0909,decoy,CN1C(=O)CC[C@]2(C)C3CC[C@@]4(C)C(CC[C@@H]4N(C=O)C4CC4)C3CC[C@@H]12,CHEMBL276355
DEC_1735,decoy,CNC(=O)[C@@H]1CCCCN(S(=O)(=O)C(F)(F)F)CCC[C@H](C(=O)NO)[C@@H](CC(C)C)C(=O)N1,CHEMBL283429
DEC_2087,decoy,CC(=O)NC(=S)NC[C@@H]1C[C@@H]2c3cc(C(C)(C)C)cc4[nH]cc(c34)C[C@H]2N(C)C1,CHEMBL14238
DEC_3397,decoy,CC(C)Cc1ccc(CCn2ncc3c2nc(N)n2nc(-c4ccco4)nc32)cc1,CHEMBL17013
DEC_3983,decoy,CC1=C[C@@H]2c3cccc4[nH]cc(c34)C[C@H]2N(C)C1,CHEMBL449081
DEC_3833,decoy,CN(C(=O)[C@@H](N)c1ccccc1)[C@H]1CCCC[C@@H]1N1CCCC1,CHEMBL17328
DEC_3828,decoy,CC[C@@]1(O)C(=O)OCc2c1cc1n(c2=O)Cc2cc3ccccc3nc2-1,CHEMBL65
DEC_4673,decoy,CC1(C)C=C(C(=O)NCCCNCc2cccc(Oc3ccccc3)c2)C(C)(C)N1,CHEMBL15563
DEC_4284,decoy,CNc1nc(Cl)c(SC)c(N2CCN(C)CC2)n1,CHEMBL407641
DEC_1010,decoy,COc1cc2nc(N3CCN(C(=O)C4CCCO4)CC3)nc(N)c2cc1OC,CHEMBL611
DEC_2282,decoy,Clc1ccc(C2(Cn3ccnc3)OCC(c3ccccc3)O2)c(Cl)c1,CHEMBL29196
DEC_2400,decoy,N#Cc1ccc(S(=O)(=O)CS(=O)(=O)C(F)(F)F)cc1,CHEMBL269680
DEC_4009,decoy,CC1C2Cc3ccc(O)cc3C1(C)CCN2C,CHEMBL33376
DEC_0280,decoy,CNCc1ccc([C@H]2C[C@H](SC3=C(C(=O)O)N4C(=O)[C@H]([C@@H](C)O)[C@H]4[C@H]3C)CN2)cc1,CHEMBL279325
DEC_0090,decoy,O[C@@H]1CCC2CN3CCc4cc5c(cc4[C@H]3C[C@@H]2C1)OCO5,CHEMBL280650
DEC_2418,decoy,O=C1C2Oc3c(O)ccc4c3C23CCN(CC2CC2)C(C4)[C@]3(O)CC12Cc1cc3ccccc3cc1C2,CHEMBL49704
DEC_4638,decoy,CCCNC(=O)O[C@H]1CC[C@@](CNC(=O)c2ccccc2OC)(c2ccccc2)CC1,CHEMBL16804
DEC_2106,decoy,O=C(Nc1cccc(C(=O)O)c1)Nc1ccc2c(C(=O)c3ccccc3)c(O)n(O)c2c1,CHEMBL16525
DEC_4263,decoy,CN1CCc2cc(Cl)c(O)cc2[C@@H](c2ccccc2)C1,CHEMBL62
DEC_4539,decoy,CC(C)S(=O)(=O)Nc1cccc(C(c2c(O)c3c(oc2=O)CCCCCC3)C2CC2)c1,CHEMBL276055
DEC_2634,decoy,CC[C@@]1(O)C(=O)OCc2c1cc1n(c2=O)Cc2cc3c(CN(C)C)c(O)ccc3nc2-1,CHEMBL84
DEC_0308,decoy,CCCC(C)C1(CC)C(=O)NC(=S)NC1=O,CHEMBL441
DEC_1609,decoy,Cc1ccccc1C(OCC(O)CN1C(C)CCCC1C)c1ccccc1,CHEMBL18937
DEC_1098,decoy,CCC(=O)c1c(O)n(O)c2cc(NC(=O)Nc3ccccc3Cl)ccc12,CHEMBL16665
DEC_3842,decoy,OC(c1ccc(F)cc1)(c1ccc(Cl)cc1)c1cncnc1,CHEMBL282325
DEC_3327,decoy,CCOc1ccccc1C(=O)NCC1(c2ccccc2)CCC(=O)CC1,CHEMBL16890
DEC_4446,decoy,N=C(N)c1cccc(/C(=C(/F)C(=O)Nc2ccc(-c3ccccc3S(N)(=O)=O)cc2)C(F)(F)F)c1,CHEMBL36735
DEC_2052,decoy,O=C(CC1C=Cc2ccccc2NC1=O)NO,CHEMBL284794
DEC_2621,decoy,Cc1c(Sc2cccc(Br)c2)n(COCCO)c(=O)[nH]c1=O,CHEMBL280068
DEC_1883,decoy,COC(=O)C1=CNC(C)C2CN3CCc4c([nH]c5ccccc45)[C@@H]3C[C@H]12,CHEMBL278038
DEC_1916,decoy,O=C1NC(=O)C(c2cc(Cl)ccc2S(=O)(=O)Nc2ccc(F)cc2)N1,CHEMBL274727
DEC_2722,decoy,CN(C)c1cccc2c(S(=O)(=O)Nc3ccc(C#N)nn3)cccc12,CHEMBL6668
DEC_0830,decoy,COc1cc2c3c4c(c(COC(C)=O)c5c3n(c2cc1OC)C(=O)CC5)CNCC4,CHEMBL23800
DEC_0815,decoy,Cc1ccc2c(c1)N(C(=O)N1C[C@H](C)N[C@@H](C)C1)Cc1c(C(=O)OC(C)(C)C)ncn1-2,CHEMBL14997
DEC_4341,decoy,CC(=O)N(O)CC1Sc2ccccc2NC1=O,CHEMBL36126
DEC_0541,decoy,CN(C)c1nccc2c1c1ncnc(N3CCN(CCc4ccc(F)c(F)c4)CC3)c1n2C,CHEMBL26150
DEC_0761,decoy,COc1cccc2c1CCC[C@H]2CN(C)CCc1ccc2nc(N)sc2c1,CHEMBL273874
DEC_2205,decoy,CS(=O)(=O)c1c(Cl)cc(Cl)cc1C1NC(=O)NC1=O,CHEMBL277427
DEC_1672,decoy,CN1C(=O)c2c(F)c(F)c(F)c(F)c2C1=O,CHEMBL11215
DEC_4320,decoy,O=NN(CCCl)C(=O)Oc1cncnc1,CHEMBL286373
DEC_3032,decoy,C[C@](O)(CO)c1cc2c3c(ccc2o1)[C@@H]1COc2cc(O)ccc2[C@@H]1O3,CHEMBL7054
DEC_3837,decoy,COC(=O)C1C2CCC(CC1c1ccc(/C=C\Br)cc1)N2,CHEMBL14531
DEC_1067,decoy,CCc1nc(N)nc(N)c1-c1ccc(OCc2ccc(Cl)cc2Cl)c(OC)c1,CHEMBL22129
DEC_4015,decoy,O=C1Nc2cc(C(F)(F)F)ccc2C1(F)c1ccccc1,CHEMBL8172
DEC_4227,decoy,C[C@@H]1C[C@@H]2c3ccc(C(C)(C)C)c4[nH]cc(c34)C[C@H]2N(C)C1,CHEMBL13811
DEC_0486,decoy,COc1cc(F)cc(-c2ccc3c(c2)C(C)(C)OC(S)=N3)c1,CHEMBL428513
DEC_0303,decoy,C=CCC1(C(C)CCC)C(=O)NC(=O)NC1=O,CHEMBL447
DEC_2435,decoy,CCCN1CCN(C2=Nc3ccccc3CC=C2c2ccc(F)cc2)CC1.O=C(O)/C=C/C(=O)O,CHEMBL274248
ACT_099,active,NCCCOc1cc2c(c(-c3ccc(Nc4nc5ccccc5o4)cc3)c1)CNC2=O,CHEMBL1975490
DEC_0659,decoy,C=CCC1Oc2cccc(CN)c2-c2ccc3c(c21)C(C)=CC(C)(C)N3,CHEMBL8340
DEC_1920,decoy,COc1ccc(OC)c(/C=N/N=C(\N)NO)c1.Cc1ccc(S(=O)(=O)O)cc1,CHEMBL12724
DEC_0189,decoy,O=C(c1ccco1)C(O)(Cn1cncn1)c1ccco1,CHEMBL273863
DEC_0577,decoy,CCN(CC)CCn1nc2c3c(c(NCCN4CCOC4=O)ccc31)Sc1ccc(O)cc1-2,CHEMBL39515
DEC_2901,decoy,C=C1C(=O)c2ccccc2OC1c1cccc(Cl)c1,CHEMBL273604
DEC_0454,decoy,CCCC[C@]1(c2ccccc2)OC[C@H]([C@@H]2CCCCN2)O1,CHEMBL26985
DEC_1680,decoy,NS(=O)(=O)OC[C@]12CCC[C@H]1[C@@H]1C[C@@H]1CC2,CHEMBL285315
DEC_0320,decoy,C/C(=N/OCC(O)CNC(C)(C)C)C(C)C,CHEMBL26506
DEC_4212,decoy,COc1cc(CC(C)N(C)Cc2ccccc2)c(OC)cc1I,CHEMBL276426
DEC_1056,decoy,CC(C)=CC[C@@H](OC(=O)C(Cl)(Cl)Cl)C1=CC(=O)c2c(O)ccc(O)c2C1=O,CHEMBL8794
DEC_0661,decoy,C=CCC1Oc2cccc(CO)c2-c2ccc3c(c21)C(C)=CC(C)(C)N3,CHEMBL268239
DEC_0694,decoy,CCCc1cc(=O)oc2c3c(c4c(c12)OC(C)(C)C=C4)O[C@H](CC)[C@@H](C)[C@H]3O,CHEMBL267693
DEC_4724,decoy,Clc1ccc(C2(Cn3ccnc3)OCC(c3ccc(Br)cc3)O2)c(Cl)c1,CHEMBL28524
DEC_3712,decoy,CC(C)(C)N/C(=N\C#N)Nc1cccc(/C(=C\CCCC(=O)O)c2cccnc2)c1,CHEMBL281398
DEC_2378,decoy,O=NN(CCCl)C(=O)NC1CCC(Br)CC1,CHEMBL275279
DEC_0522,decoy,COc1ccccc1CC(=O)N1C[C@H]2[C@@]3(c4ccccc4)CC[C@](O)(c4ccccc43)[C@@]2(C(=O)O)C1,CHEMBL52146
DEC_4589,decoy,CCCN1[C@@H]2CCc3cccc(OC)c3C2C[C@@H]1C,CHEMBL273614
DEC_4050,decoy,N[C@@H](Cc1ccccc1)C1=Cc2ccccc2C2=NCCCN12,CHEMBL10138
DEC_3695,decoy,CCOC(=O)C(Cc1ccc2cc(C(=N)N)ccc2c1)c1ccc(O[C@H]2CCNC2)cc1,CHEMBL279270
DEC_3154,decoy,COC12[C@@H]3N[C@@H]3CN1C1=C(C(=O)C(N3CC=CC3)=C(C)C1=O)[C@@H]2COC(N)=O,CHEMBL36288
DEC_0395,decoy,CCOC(=O)/C=C(C)/C=C/C=C(C)/C=C/c1c(Cl)cc(OC)c(C)c1Cl,CHEMBL23274
DEC_1151,decoy,Cc1ccc2[nH]c([S+]([O-])Cc3ccc(C)c(C)c3N)nc2c1,CHEMBL20351
DEC_3800,decoy,O=C(O)Cc1ccc2c(c1)C(O)Cc1cc(Cl)ccc1O2,CHEMBL10608
DEC_0247,decoy,Fc1ccc([C@H]2OC(=S)O[C@]2(Cn2cncn2)c2ccc(Cl)cc2Cl)cc1,CHEMBL10071
DEC_2214,decoy,CC(C)(O)/C=C/C[C@](C)(O)[C@H]1CC[C@@](C)([C@H]2CC[C@H]([C@]3(C)CC[C@H]([C@@](C)(O)C/C=C/C(C)(C)OO)O3)O2)O1,CHEMBL64580
DEC_3585,decoy,CC(/N=c1\c(O)c(O)\c1=N/c1cccc(C#N)c1)C(C)(C)C,CHEMBL283161
DEC_3899,decoy,N[C@@H](Cc1c[nH]c2ccccc12)C(=O)OCc1ccccc1,CHEMBL278555
DEC_2406,decoy,C=CS(=O)(=O)N(C)[C@@H]1CCN2CCc3ccccc3[C@@H]2C1,CHEMBL33231
DEC_1203,decoy,O=c1cc(C(F)(F)F)c2cc3c(cc2o1)NCCC3C(F)(F)C(F)(F)F,CHEMBL266928
DEC_1585,decoy,CC1CCCC(C)N1CC(O)CSC(c1ccccc1)c1ccccc1,CHEMBL18787
DEC_2762,decoy,COc1ccc(OC)c(NCc2coc3nc(N)nc(N)c23)c1,CHEMBL17044
DEC_0617,decoy,CCCNC1CCc2cccc(OS(=O)(=O)C(F)(F)F)c2C1,CHEMBL28313
DEC_1029,decoy,CCOC(=O)c1cnc2nc(NS(=O)(=O)c3ccc(Cl)cc3)nn2c1O,CHEMBL11898
DEC_0970,decoy,CC[C@@H]1CO[C@H]2[C@@H]1[C@H](O)[C@H](OCC13C[C@@H]4[C@H](C)CC[C@H]4C4(C=O)CC1C=C(C(C)C)C34C(=O)O)O[C@@H]2C,CHEMBL295550
DEC_0803,decoy,C=CC(=O)N[C@H]1CCC2(O)C3Cc4ccc(O)c5c4C2(CCN3CC2CC2)[C@H]1O5,CHEMBL281632
DEC_0737,decoy,O=C(O)C(=O)Nc1ccc2c(c1)-n1cc(C(=O)O)nc1CO2,CHEMBL275951
DEC_4143,decoy,O=C1CCc2cc3c(c4c5cccc(O)c5n1c24)CCNC3,CHEMBL23766
DEC_2043,decoy,Cn1c(O)nc2cc3c(cc21)C(C)(C)C(=O)N3,CHEMBL37821
DEC_2537,decoy,Cc1cccc(NN2C(S)=NC(C)C2C)c1,CHEMBL288339
DEC_4562,decoy,CCC(=O)OC(c1nc2c(C(F)(F)F)cccc2c(O)c1C(=O)Nc1ccccn1)C(C)C,CHEMBL36421
DEC_4179,decoy,C=C(C)CN(CC)C(=O)c1ccc(N(c2ccccc2)[C@@H]2C[C@H]3CC[C@@H](C2)N3C)cc1,CHEMBL13616
DEC_2736,decoy,N#Cc1ccc(/N=c2\c(O)c(O)\c2=N/C(CO)c2ccccc2)cc1,CHEMBL19196
DEC_1215,decoy,CC(=O)c1cc2c(s1)[C@@H](NC(=O)c1ccc(F)c(F)c1)[C@H](O)C(C)(C)O2,CHEMBL29667
DEC_0567,decoy,CCN(CC)CCn1nc2c3c(c(NCCNC(=O)OC(C)(C)C)ccc31)Sc1cccc(OC)c1-2,CHEMBL36746
DEC_1375,decoy,COc1ccccc1N1CCN(CCCCNC(=O)c2ccc(N)cc2)CC1,CHEMBL287186
DEC_2490,decoy,CC1(C)C=C(C(=O)NCCNC(=O)C2CCCCC2C(=O)O)C(C)(C)N1,CHEMBL279565
DEC_4549,decoy,COC(=O)c1ccc(C(c2ccc(C(C)C)cc(=O)c2O)c2ccc(C(C)C)cc(=O)c2O)cc1,CHEMBL274459
DEC_0285,decoy,C[C@@H](O)[C@H]1C(=O)N2C(C(=O)O)=C(S[C@@H]3CN[C@H](COc4ccccc4)C3)[C@H](C)[C@H]12,CHEMBL14454
DEC_3852,decoy,COc1ccc2c(C(=S)N(C)CC(=O)O)cccc2c1C(F)(F)F,CHEMBL436
DEC_3286,decoy,CN[C@@H](C)[C@H]1COC(c2ccccc2)(c2ccccc2)O1,CHEMBL282598
DEC_1045,decoy,CC(C)C1=CC2CC3(C=O)[C@@H]4CC[C@@H](C)[C@H]4CC2(CO[C@H]2CN[C@H](C)CO2)[C@]13C(=O)O,CHEMBL31670
DEC_2423,decoy,O=C(Nc1nccs1)c1c(C(O)C2CCCCC2)nc2c(C(F)(F)F)cccc2c1O,CHEMBL285963
DEC_2966,decoy,CC1(C)C(=O)N(c2ccc(C#N)c(C(F)(F)F)c2)C(=O)N1C/C=C/I,CHEMBL9389
DEC_0071,decoy,c1ccc(C2(c3ccccc3)OC[C@@H]([C@@H]3CCCN3)O2)cc1,CHEMBL412875
DEC_2297,decoy,CC(C)(C)C(=O)Oc1ccccc1C(=O)c1ccccc1OC(=O)C(C)(C)C,CHEMBL9933
DEC_3368,decoy,CC(=O)N1CCC[C@@H]1C/N=C(\S)N1Cc2ccccc2C[C@H]1CNC(=O)NC(C)(C)C,CHEMBL441427
DEC_3294,decoy,O[C@@]1(c2ccccc2)CN2CCC[C@H]2c2ccccc21,CHEMBL36184
ACT_050,active,CC(C)(C)c1ccc(C(=O)Nc2cn3cc(-n4ccnc4)ccc3n2)cc1,CHEMBL1642655
DEC_1888,decoy,CC1(C)Oc2ccc(C#N)cc2C(NC(=O)c2cccc(F)c2)[C@H]1O,CHEMBL16714
DEC_1063,decoy,CC(C)(N)C(=O)N[C@H](Cc1c[nH]c2ccccc12)C(=O)N1CCCC2(CCc3ccccc32)C1,CHEMBL269447
DEC_0011,decoy,C[C@]1(c2ccc(F)cc2)O[C@@H]2CC3C4CCC5=CC(=O)CC[C@@H]5C4CC[C@]3(C)[C@]2(C(=O)CO)O1,CHEMBL413313
DEC_4682,decoy,CCN(CC)CCNc1ccc(CNS(C)(=O)=O)c2sc3ccccc3c(=O)c12,CHEMBL283395
DEC_0259,decoy,COC(=O)/C=C/C(=O)N[C@@H]1CCC2C3Cc4ccc(O)c5c4C2(CCN3CC2CC2)[C@H]1O5,CHEMBL9262
ACT_070,active,O=C1Nc2cccc(C3CCNCC3)c2/C1=C/c1[nH]cc2c1CCOC2=O,CHEMBL58224
DEC_1468,decoy,CC1(C)OC[C@@H](C/C=C\CCC(=O)O)[C@@H](c2cccs2)O1,CHEMBL17957
DEC_2089,decoy,O=C(NCc1ccccc1)c1cccn1-c1cc2nc(O)c(O)nc2cc1C(F)(F)F,CHEMBL273480
DEC_4093,decoy,CN(C)c1ncnc2c1ncn2Cc1ccccc1Cl,CHEMBL268846
DEC_1414,decoy,CC1=C(C(=O)OC(c2ccccc2)c2ccccc2)N2C(=O)[C@@H](NC3=NC(C(N)=O)CN3)C2SC1,CHEMBL13737
DEC_4152,decoy,Nc1nc(N)c2c(CNc3ccc4ccccc4c3)coc2n1,CHEMBL279914
DEC_3441,decoy,COc1cc2c(cc1OC)-c1cc(Nc3c(C)cccc3C(C)(C)C)nc(=O)n1CC2,CHEMBL35154
DEC_4661,decoy,CC(C)=CCN1C(=O)N(CC=C(C)C)[C@H](Cc2ccccc2)[C@H](O)[C@@H](O)[C@H]1Cc1ccccc1,CHEMBL286393
DEC_2517,decoy,S=C=Nc1cc(-c2ncon2)ccc1Cl,CHEMBL22169
DEC_2713,decoy,N[C@H](C(=O)N1C[C@H](F)[C@@H](F)C1)[C@H]1CC[C@H](NC(=O)OCc2ccccc2)CC1,CHEMBL22545
DEC_1998,decoy,Nc1ccn(C2CCC(P(=O)(O)O)OC2CO)c(=O)n1,CHEMBL27640
DEC_1913,decoy,Cc1cccc(C)c1OCC(C)NC(=O)C1CC(C)(C)NC1(C)C,CHEMBL278511
DEC_4436,decoy,CCNC(=O)N1C(=O)[C@H](CCCCC(=N)N)[C@H]2c3ccc(-c4cccc(C(=O)N(CC)CC)c4)cc3C[C@@H]21,CHEMBL296764
DEC_1558,decoy,COc1cccc([C@@H]2C/C(=N\NC(=O)C(=O)NC(C)c3ccccc3)c3cc4c(cc3N2)OCO4)c1,CHEMBL273803
DEC_2948,decoy,CCCS(=O)(=O)N(C)[C@H]1CCN2CCc3ccccc3[C@H]2C1,CHEMBL29950
DEC_2774,decoy,CN(CC[C@@]12CCCC[C@@H]1C=Cc1ccc(OCC(=O)OC(C)(C)C)cc12)CC(=O)OC(C)(C)C,CHEMBL53070
DEC_3616,decoy,Cc1ccc(S(=O)(=O)O)cc1.N/C(=N\O)N/N=C/c1ccc(Cl)c([N+](=O)[O-])c1,CHEMBL13277
DEC_0144,decoy,CC(=O)c1cc2c(s1)[C@@H](NC(=O)c1ccco1)[C@H](O)C(C)(C)O2,CHEMBL28020
DEC_4417,decoy,CC(C)(C)NC(=O)[C@H](CC1CCCCC1)N1CCC(O)([C@H](Cc2ccccc2)NC(=O)OC(C)(C)C)CC1,CHEMBL69538
DEC_3049,decoy,COc1ccc([C@]2(C#N)C[C@H]3C[C@@H](C(=O)NO)C[C@H]3C2)cc1OC(C)C,CHEMBL24839
DEC_0045,decoy,N#Cc1cc(-c2ccoc2)c2ccc(OCc3cccc(C4(O)CC5COC(C4)O5)n3)cc2c1,CHEMBL278293
DEC_0863,decoy,CC(=O)c1c(NC(=O)c2sccc2S(=O)(=O)Nc2onc(C)c2Cl)ccc2c1OCO2,CHEMBL45160
DEC_2669,decoy,Cc1cccc(Oc2cccc(Cc3cn(COCCO)c(=O)[nH]c3=O)c2)c1,CHEMBL280253
DEC_1387,decoy,C[C@@H](O)[C@H]1C(=O)N2C(C(=O)O)=C(S[C@@H]3CN[C@@H](c4ccc([C@H](N)CC(N)=O)cc4)C3)[C@H](C)[C@H]12,CHEMBL17558
DEC_0699,decoy,O=C(O)c1ccccc1CSc1c(O)cc(-c2ccccc2)oc1=O,CHEMBL14675
DEC_2565,decoy,C#CCOc1cccc2c1-c1ccc3c(c1C(CC=C)O2)C(C)=CC(C)(C)N3,CHEMBL8360
DEC_3733,decoy,CCN(CC)C(=O)c1ccc(N(c2ccccc2)[C@@H]2C[C@H]3CC[C@@H](C2)N3C#N)cc1,CHEMBL13725
DEC_2524,decoy,c1cnc(NC23CC4CC(CC(C4)C2)C3)nc1,CHEMBL274035
DEC_0739,decoy,CCC(C)(C)/N=c1\c(O)c(O)\c1=N/c1ccc(C#N)cc1,CHEMBL18831
DEC_2976,decoy,CCN1C(=O)c2c(nc(C#Cc3ccccc3)n2Cc2ccc(OC)cc2)N2C1=N[C@@H]1CCC[C@@H]12,CHEMBL24536
DEC_2233,decoy,CCCNC(=O)NS(=O)(=O)c1ccccc1-c1ccc(Cn2c(CCC)nc(SC)c2C(=O)O)cc1,CHEMBL63998
DEC_0754,decoy,CC/C=C/CC(=O)O[C@H](CC=C(C)C)C1=CC(=O)c2c(O)ccc(O)c2C1=O,CHEMBL266603
DEC_1007,decoy,COc1cc(CN2CCc3c(oc4nc(N)nc(N)c34)C2)cc(OC)c1OC,CHEMBL287240
DEC_2653,decoy,COc1cc(Cc2cnc(N)nc2N)cc(OCC(=O)O)c1Br,CHEMBL30999
DEC_4632,decoy,CC(CCCCn1cnc2c1NC=NCC2O)(Cc1cccc(Br)c1)C(=O)O,CHEMBL290887
DEC_1250,decoy,CC1(c2ccc(F)cc2)OC(/C=C/c2ccc(C#N)cc2)=CC1=O,CHEMBL276919
DEC_2746,decoy,Nc1nc(N)c2nc(CCc3cccc4ccccc34)cnc2n1,CHEMBL276954
DEC_2942,decoy,COc1ccc([C@@H]2Sc3ccccc3N3C(=O)CC[C@@H]23)cc1,CHEMBL25512
DEC_1069,decoy,CC(C)(N)C(=O)N[C@H](Cc1c[nH]c2ccccc12)C(=O)N1CCC2(CCc3ccccc32)CC1,CHEMBL274599
DEC_2427,decoy,Cc1cc(C(=O)Nc2ccc(C(=N)N(C)C)cc2F)n(-c2cc3ccccc3cc2S(C)(=O)=O)n1,CHEMBL20488
DEC_0606,decoy,CN1C(=O)C=C[C@]2(C)C3CC[C@@]4(C)C(CC[C@@]4(O)C#CCCCO)C3CCC12,CHEMBL430283
DEC_3116,decoy,CC1(C)O[C@H]2[C@@H]3O[C@](C)(C(C)(C)C)O[C@@H]3CO[C@@]2(COS(N)(=O)=O)O1,CHEMBL283935
DEC_2651,decoy,CNC(=O)c1coc(C2C3CCC(O3)C2Cc2ccccc2CCC(=O)O)n1,CHEMBL33621
DEC_2981,decoy,COc1cccc2c1CCC1CN(CCCn3c(=O)[nH]c4c(sc5ccccc54)c3=O)CC21,CHEMBL40564
DEC_2896,decoy,CN1C2CCC1[C@@H](/C=C/Cl)[C@@H](c1ccc(Cl)cc1)C2,CHEMBL28394
DEC_2861,decoy,O=C1CCC/C=C\C[C@@H]2C(/C=C\[C@@H](CCc3ccccc3)O1)[C@H](O)C[C@@H]2O,CHEMBL12652
DEC_3697,decoy,O=C1CC2(CCCC2)CC(=O)N1CCCCNCC1COc2c(ccc3ccccc23)O1,CHEMBL11787
DEC_0129,decoy,Oc1ccc2c(c1)OC[C@@H](N1CCC(O)(c3ccc(F)cc3)CC1)[C@H]2O,CHEMBL17703
DEC_0266,decoy,CC(=O)OCC1=C(C(=O)OC(C)(C)C)N2C(=O)[C@@H](Nc3nc4cc[nH]cc-4n3)C2SC1,CHEMBL13672
DEC_3802,decoy,O=C(O)C1Cc2cc3c(-c4ccccc4Cl)noc3c(Cl)c2O1,CHEMBL266553
DEC_3549,decoy,C=C(Cc1ccccc1)C(=O)c1ccsc1,CHEMBL36137
DEC_1936,decoy,CC[C@@H]1Cc2cc(C)n(CC(=O)NCc3ccc(N)nc3C)c(=O)c2NC1=O,CHEMBL10657
DEC_1736,decoy,CO[C@H]1[C@H](O)[C@H]2[C@@H](O[C@@H]1CO)n1c3ccccc3c3c4c(c5c6ccccc6n2c5c31)C(=O)N(O)C4=O,CHEMBL281423
DEC_1348,decoy,CSc1nc(COC(=O)NC(C)C)c(COC(=O)NC(C)C)n1-c1ccccc1,CHEMBL428681
DEC_4689,decoy,O=C1OC(O)(c2ccc(C(=O)O)cc2)C(Cc2ccccc2)=C1c1ccc2c(c1)OCO2,CHEMBL11174
DEC_2173,decoy,CC1(C)S[C@@H]2[C@H](/N=C/N3CCCCCC3)C(=O)N2[C@H]1C(=O)O,CHEMBL530
DEC_2156,decoy,O=C1CCCCC/C1=C\c1ccc(Cl)cc1,CHEMBL25902
DEC_2195,decoy,Cc1ccccc1Sc1c(C)c(=O)[nH]c(=O)n1COCCO,CHEMBL280279
DEC_4376,decoy,CCOC(=O)N[C@@H](c1ccc(C)cc1)[C@@H](O)C(=O)OC1CC2C(C)(C)C1(C)[C@@]13C[C@H](C)c4ccccc4[C@@]21O3,CHEMBL286832
DEC_4111,decoy,COc1ccc(Cn2cnc3c(N(C)C)ncnc32)cc1,CHEMBL266817
DEC_4345,decoy,CC1=C(N2CC2)C(=O)c2nc3n(c2C1=O)CCC3,CHEMBL17542
DEC_0040,decoy,O=C1NC(=O)C(CC#Cc2ccc(C(F)(F)F)cc2)(S(=O)(=O)c2ccc(Cl)cc2)S1,CHEMBL11995
DEC_3350,decoy,CC(CO)Cc1cc(C(=O)c2ccccc2)ccc1OC(=O)C(C)(C)C,CHEMBL10503
DEC_0210,decoy,CCCCCN(C(=O)CC)[C@H]1CCC2C3CC[C@H]4N(C)C(=O)CC[C@]4(C)C3CC[C@@]21C,CHEMBL17194
DEC_2115,decoy,C[Si](C)(C)OC1(C#N)CCCCCCCC1,CHEMBL278693
DEC_4147,decoy,CC(C)(C)c1cc(-c2nnc(O)o2)cc(C(C)(C)C)c1O,CHEMBL16977
DEC_4266,decoy,C#Cc1ccc(C(=O)c2ccc3n2CCC3C(=O)O)cc1,CHEMBL9235
DEC_2842,decoy,Oc1ccc(Cl)cc1-n1nc(-c2ccc(C(F)(F)F)c(Cl)c2)nc1O,CHEMBL13755
DEC_1873,decoy,N=C(N)N(CC1CC1)c1c(Br)cccc1Br,CHEMBL278629
DEC_1914,decoy,CN(NC(=NCC(=O)O)NN(C)C(=O)OC(C)(C)C)C(=O)OC(C)(C)C,CHEMBL283132
DEC_2122,decoy,CC12NC(Cc3ccccc31)CC1CCCCC12,CHEMBL266582
DEC_4092,decoy,C/N=C(/S)[C@@]1(c2cccnc2)CCCC[C@@H]1CCN,CHEMBL41750
DEC_3298,decoy,O=P(O)(O)Oc1ccc(SC(F)(F)F)cc1,CHEMBL24336
DEC_2034,decoy,CN(C)c1ccc2c(c1)CN1CC(=O)NC1=N2,CHEMBL32455
DEC_1062,decoy,CC(C)/N=C(\N)c1ccc(N2CCCN(c3ccc(/C(N)=N/C(C)C)cc3)CC2)cc1,CHEMBL9341
DEC_1800,decoy,Cc1ccc(CN2C(=O)C(C(C#N)C(=O)OC(C)C)c3cc(F)ccc32)cc1,CHEMBL33264
DEC_2674,decoy,CN(C)/C(=N/c1cccc(/C(=C\CCCC(=O)O)c2cccnc2)c1)NC#N,CHEMBL280380
DEC_0622,decoy,N[C@H](COCc1ccc(I)cc1)Cc1c[nH]cn1,CHEMBL416365
DEC_3745,decoy,COc1cc2cc(C(=O)N3CC(CCl)c4ccc(N(C)C)cc43)[nH]c2c(OC)c1OC,CHEMBL35853
DEC_3244,decoy,CC12CCC(=O)C=C1CCC1C2CCC2(C)C1CC[C@]2(O)C(=O)CO,CHEMBL14058
DEC_1540,decoy,CC[C@@]1(O)C(=O)OCc2c1cc1n(c2=O)Cc2cc3c(CN(C)c4ccccc4)c(O)ccc3nc2-1,CHEMBL10250
DEC_1074,decoy,CCc1nc2cc(OC3CCN(C(C)=N)CC3)ccc2n1C/C=C/c1cc(N)ccc1O,CHEMBL25068
DEC_0232,decoy,CN1CCC23c4c5ccc(O)c4OC2[C@H]2OC[C@@]2(CCCc2ccccc2)CC3C1C5,CHEMBL417605
DEC_3662,decoy,CCC1C[C@H](N)CN1c1cc2c(cc1F)c(=O)c(C(=O)O)cn2-c1ccc(F)cc1F,CHEMBL41239
DEC_2499,decoy,NCCO.O=C(O)c1cc(=O)c2c(o1)-c1cc(Cl)ccc1SC2,CHEMBL28934
DEC_0635,decoy,Oc1ccc2c3c1O[C@H]1[C@H](N=C=S)CCC4C(C2)N(CC2CC2)CCC341,CHEMBL269375
DEC_0249,decoy,O=S1O[C@H](c2ccc(F)cc2)[C@@](Cn2cncn2)(c2ccc(Cl)cc2Cl)O1,CHEMBL276844
DEC_4076,decoy,CCCC(C)C1(c2ccc(N)cc2)CCC(=O)NC1=O,CHEMBL29521
DEC_2716,decoy,CC(C)c1c(Sc2ccccc2)n(COCCO)c(=O)[nH]c1=O,CHEMBL275187
DEC_0107,decoy,CCN[C@@H]1C[C@H](C)S(=O)(=O)c2sc(S(N)(=O)=O)cc21,CHEMBL276679
DEC_0869,decoy,CN(C)/C=N\c1nc(/N=C/N(C)C)nc2ncc(Sc3ccc(Cl)c(Cl)c3)nc12,CHEMBL6584
DEC_1523,decoy,CSc1sc(C(=N)N)cc1-c1nc(-c2ccc(C)cc2)cs1,CHEMBL29304
ACT_001,active,Cc1nc2c(F)cc(-c3nc(Nc4ccc5c(n4)CCN[C@H]5C)ncc3F)cc2n1C(C)(C)C,CHEMBL5971879
DEC_0390,decoy,COCc1cc(I)ccc1Sc1ccccc1CN(C)C,CHEMBL284002
DEC_3399,decoy,COc1ccc([C@@H]2Sc3ccccc3N(CC(=O)O)C(=O)[C@@H]2OC(C)=O)cc1,CHEMBL18457
ACT_021,active,CN(C)CCn1cc(-c2ccn3c(-c4ccc(C(N)=O)c(OCc5cccc(F)c5)c4)cnc3c2)cn1,CHEMBL4062453
DEC_2351,decoy,COC(=O)c1cccc(NC(=O)N[C@@H]2N=C(c3ccccc3)c3ccccc3N(C)C2=O)c1,CHEMBL9449
DEC_2572,decoy,C=CCC1Oc2cccc(NC)c2-c2ccc3c(c21)C(C)=CC(C)(C)N3,CHEMBL440454
DEC_3263,decoy,CC(=O)c1cc2c(s1)[C@@H](NC(=O)c1cccc(Cl)c1)[C@H](O)C(C)(C)O2,CHEMBL285886
DEC_2935,decoy,CCC(=O)N(c1ccccc1Cl)C1CCCC1N(C)C,CHEMBL21723
ACT_093,active,CCN1CCN(Cc2ccc(NC(=O)Nc3ccc(Oc4cc(NC)ncn4)cc3)cc2C(F)(F)F)CC1,CHEMBL574738
DEC_3656,decoy,C[C@H](NC(=O)[C@@H](S)Cc1ccccc1)C(=O)N1C(C(=O)O)CC2CCCCC21,CHEMBL19951
DEC_1006,decoy,COc1cc(NCc2cnc3nc(N)nc(N)c3n2)cc(C(F)(F)F)c1,CHEMBL23466
DEC_2739,decoy,COC[C@@H]1CN(c2ccc(OCC[C@H](O)C(F)(F)F)cc2)C(=O)O1,CHEMBL18101
DEC_4455,decoy,N=C(N)NCCCC(NC(=O)C(c1ccccc1)c1ccc(Cl)cc1)C(=O)N[C@H]1CCc2ccccc21,CHEMBL41686
DEC_2894,decoy,CC1(C)OC(/C=C/c2cc(Cl)cc(Cl)c2)=CC1=O,CHEMBL276730
DEC_3340,decoy,CCOc1ccc(NS(=O)(=O)c2cccc3c(N(C)C)cccc23)nn1,CHEMBL269237
DEC_1494,decoy,COc1cc(C2=Cc3ccccc3C3=NCCCN23)cc(OC)c1OC,CHEMBL9906
DEC_2923,decoy,Brc1ccccc1SC1CN2CCC1CC2,CHEMBL283087
DEC_3542,decoy,NC1=NC(c2nccs2)Cc2ccccc21,CHEMBL274402
DEC_2644,decoy,c1cc(C2=NCCN2)ccc1CC1CCCN(c2ccc(C3=NCCN3)cc2)C1,CHEMBL9516
DEC_3868,decoy,CNC(=O)[C@@H](NC(=O)C(CC(C)C)C(=O)CS)C(C)(C)C,CHEMBL418725
DEC_3223,decoy,COc1cc(N)c(Cl)cc1C(=O)NC1CCN2C(C)COCC2C1,CHEMBL423113
DEC_3114,decoy,CC1(C)O[C@H]2[C@@H]3O[C@H](C(C)(C)C)O[C@@H]3CO[C@@]2(COS(N)(=O)=O)O1,CHEMBL283468
DEC_2060,decoy,CCOc1ccccc1/C=C1\NC(=O)NC1=O,CHEMBL40954
DEC_1817,decoy,CCN(SC(=S)N1CCOCC1)C1CC(C)S(=O)(=O)c2sc(S(N)(=O)=O)cc21,CHEMBL418163
DEC_2937,decoy,COc1cccc2c1CC(N(C)CCc1ccccc1)CC2,CHEMBL28404
DEC_1576,decoy,CCCCC[C@](C)(O)/C=C/C1[C@H](O)C[C@@H]2OC(=O)C(F)(F)CC/C=C\C[C@H]12,CHEMBL12717
DEC_0816,decoy,CN1CCC23c4c5ccc(O)c4OC2[C@H](O)[C@](CO)(CCc2ccccc2)CC3C1C5,CHEMBL9636
DEC_3403,decoy,COc1ccc(S(=O)(=O)N(Cc2cccc(Br)c2)[C@H](C)C(=O)NO)cc1,CHEMBL277173
DEC_3194,decoy,C=C1C(=O)OC(c2ccccc2)(c2ccccc2)C1C(=O)OCC,CHEMBL267170
DEC_3739,decoy,CCN(CC)c1nc(C)nc2c1sc(=O)n2-c1ccc(C(C)C)cc1Br,CHEMBL278895
DEC_2531,decoy,Fc1ccc2c(c1)CCC1C2N=C2SCCN21,CHEMBL28131
DEC_4044,decoy,Cc1cc(C(c2ccc(F)cc2)N2CCN(C)CC2)sn1,CHEMBL279306
DEC_2264,decoy,COc1nc(C(Cl)(Cl)Cl)c(Cl)c(OC(C)C)c1Cl,CHEMBL269389
DEC_0081,decoy,Brc1cnc(NC23CC4CC(CC(C4)C2)C3)nc1,CHEMBL278460
DEC_2952,decoy,Fc1ccc(CN2CCc3ccccc3C2Cn2cncn2)cc1,CHEMBL27938
DEC_4535,decoy,CCc1cc2c(O)cc(=O)n(Cc3ccc(-c4ccccc4-c4nn[nH]n4)cc3)c2s1,CHEMBL281875
DEC_2785,decoy,COc1ccc(C(c2ccc(C(C)C)cc(OC)c2=O)c2ccc(C(C)C)cc(OC)c2=O)cc1,CHEMBL21845
DEC_2794,decoy,CCCc1nc2c(n1Cc1ccc(-c3ccccc3-c3nn[nH]n3)cc1)CCCC/C2=C\C(=O)O,CHEMBL46628
DEC_1184,decoy,CC[C@H]1Nc2cc3nc(O)cc(C(F)(F)F)c3cc2CC1(C)C,CHEMBL6689
DEC_2895,decoy,CN(C#Cc1ccccc1)Cc1cccc2ccccc12,CHEMBL440277
DEC_2029,decoy,C[C@]12CC/C(=N\N=C(N)N)C=C1CC[C@@H]2CN,CHEMBL29862
DEC_0490,decoy,Cc1noc(C)c1C(=C1CCNCC1)c1ccc(C(C)C)cc1,CHEMBL440604
DEC_0801,decoy,C[C@H]1C[C@H]2[C@@H]3CCC4=CC(=O)C=C[C@]4(C)[C@@]3(F)[C@@H](O)C[C@]2(C)[C@@]1(O)C(=O)CO,CHEMBL632
DEC_2727,decoy,COc1cc2c(cc1OC)N(C(=O)CCS)C(C(=O)O)C2,CHEMBL277886
DEC_2228,decoy,CC(C)(C)OC(=O)N[C@H](CCNC[C@@H](O)[C@H](Cc1ccccc1)NC(=O)OC(C)(C)C)Cc1ccccc1,CHEMBL48855
DEC_1009,decoy,COC(=O)OC1CCn2c3c(c(COC(N)=O)c21)C(=O)C(OC)=C(C)C3=O,CHEMBL18199
DEC_2992,decoy,Cc1nnc2n1-c1ccc(C#CCN3C(=O)c4ccccc4C3=O)cc1C(c1ccccc1F)=NC2,CHEMBL19801
DEC_1740,decoy,CC(=O)Nc1ccc2[nH]c(N[C@@H]3C(=O)N4C(C(=O)OC(C)(C)C)=C(COC(C)=O)CSC34)nc2c1,CHEMBL276485
DEC_3785,decoy,CC(C)C#CC1(C(F)(F)F)OCC(=O)Nc2ccc(Cl)cc21,CHEMBL283614
DEC_3823,decoy,COC(=O)NS(=O)(=O)Nc1c(C(C)C)cccc1C(C)C,CHEMBL279950
DEC_4669,decoy,CCCCCCCCC#Cc1ccc2c(c1OC)C[C@@H](CO)NC(=O)[C@H](C(C)C)N2C,CHEMBL7078
DEC_0573,decoy,CCCCC1(C)CC(=O)N(Cc2ccc(-c3ccccc3-c3nn[nH]n3)cc2)/C(=C/C(=O)OCC)C1,CHEMBL299151
DEC_3820,decoy,CCCN(Cc1ccccc1)C1Cc2cccc3nc(O)n(c23)C1,CHEMBL12285
DEC_3873,decoy,CCOc1ccc(N(CC(=O)O)C(=O)C(C)CS)cc1,CHEMBL282730
DEC_3971,decoy,CC(C)C1CC/C(=C\Br)OC1=O,CHEMBL284750
DEC_0139,decoy,CS(=O)(=O)c1c(F)cc(-c2cc(C(N)=O)c(Cl)nn2)cc1F,CHEMBL269599
DEC_4141,decoy,C[C@H]1C[C@H]2C3Cc4ccc(O)cc4C2(CCN3C)CC1=O,CHEMBL30396
DEC_2873,decoy,C[C@@]12CCc3occc3C1CC[C@]13CC(O)C(CCC12)C3,CHEMBL284687
DEC_4209,decoy,O=c1c(Nc2ccc(C(F)(F)F)cc2)cccn1C(CN1CCCC1)c1ccccc1,CHEMBL15264
DEC_0942,decoy,CON1CC/C(=C\c2cc(C(C)(C)C)c(O)c(C(C)(C)C)c2)C1=O,CHEMBL12594
DEC_0384,decoy,C=CCOc1ccc(-c2nc3n(c2-c2ccc(OCC=C)cc2)CCS3)cc1,CHEMBL16951
DEC_3057,decoy,CCCc1cc(C#N)ccc1/N=c1\c(O)c(O)\c1=N/[C@H](C)C(C)(C)C,CHEMBL19492
DEC_2636,decoy,CN(C)c1cccc2c(S(=O)(=O)Nc3ncc(Br)nc3O)cccc12,CHEMBL6647
DEC_2719,decoy,C/N=C(\NC#N)NCCSCn1nc(-c2ccc(C)cc2)ccc1=O,CHEMBL15545
DEC_1760,decoy,CNC(=O)[C@@]12C[C@@H]1[C@@H](n1cnc3c(NCc4cccc(I)c4)ncnc31)[C@H](O)[C@@H]2O,CHEMBL280580
DEC_1889,decoy,CC1(C)Oc2ccc(C#N)cc2[C@@H](NC(=O)c2cccc(F)c2)[C@@H]1O,CHEMBL16734
DEC_3485,decoy,CC1=C(C(=O)O)N2C(=O)[C@@H](NC(=O)C(N)c3ccccc3)[C@H]2SC1,CHEMBL6634
DEC_3166,decoy,O=S(=O)(CS(=O)(=O)C(F)(F)F)c1cccc(C(F)(F)F)c1,CHEMBL12613
DEC_2050,decoy,CC(C)N1CCOC(c2ccc(O)c(O)c2)C1,CHEMBL268881
DEC_4600,decoy,C=CCN1CC[C@H]2Cc3c(cccc3OC)C[C@H]21,CHEMBL281798
DEC_2566,decoy,C#Cc1cccc2c1-c1ccc3c(c1C(CC=C)O2)C(C)=CC(C)(C)N3,CHEMBL7671
DEC_0085,decoy,CN1CCC23c4c5ccc(O)c4O[C@H]2C=C[C@H](N=[N+]=[N-])[C@H]3C1C5,CHEMBL268703
DEC_3624,decoy,N[C@H]1C[C@@H](CO)N(c2cc3c(cc2F)c(=O)c(C(=O)O)cn3-c2ccc(F)cc2F)C1,CHEMBL43181
DEC_3583,decoy,COC(=O)/C=C/[C@H]1CCC2=C(C)/C(=N/N=C(N)N)CC[C@@]21C,CHEMBL29595
DEC_3973,decoy,OC1CCCCC1NC1CCc2ccccc21,CHEMBL20615
DEC_0415,decoy,O=C(/C=C/c1ccc(O)c(O)c1)NCCOC(=O)/C=C/c1ccc(O)c(O)c1,CHEMBL31044
DEC_2967,decoy,CCn1c(/C=C/C=C2\N(C)c3ccccc3C2(C)C)[n+](CCO)c2cc3ccccc3cc21.[Cl-],CHEMBL278135
DEC_0253,decoy,Cc1c(Sc2cccc(I)c2)n(COCCO)c(=O)[nH]c1=O,CHEMBL16628
DEC_1362,decoy,CCN(CC)CCNCCNc1ccc2ncn3c4ccccc4c(=O)c1c23,CHEMBL7813
DEC_0818,decoy,O=C1NC(=O)C(CC#Cc2ccc(Cl)cc2)(S(=O)(=O)c2ccccn2)S1,CHEMBL11958
DEC_2446,decoy,O=S(=O)(Nc1c(O)nc2cc(C(F)(F)F)ccc2c1Cc1ccccc1)C(F)(F)F,CHEMBL39042
DEC_3155,decoy,CC(=O)NC[C@@H]1OC(=O)N2c3ccc(S(=O)(=O)N4CCOCC4)cc3C[C@@H]12,CHEMBL21121
DEC_2819,decoy,CC(C)(C)/N=C(\NC#N)Nc1cccc(/C(=C\CCC(=O)O)c2cccnc2)c1,CHEMBL21072
DEC_0631,decoy,C=C1/C=C(\C)[C@H](CC)OC(=O)[C@H](C)C(=O)[C@@](O)(CO)C/C(OC)=C/[C@@H](C)C1,CHEMBL32773
DEC_2700,decoy,COc1ccc(C(=O)N[C@@H]2c3sc(C(C)=O)cc3OC(C)(C)[C@H]2O)cc1,CHEMBL286012
DEC_3429,decoy,CCc1nc2c(C)cc(C)nc2n1Cc1ccc(-c2cscc2-c2nn[nH]n2)cc1,CHEMBL274626
DEC_3358,decoy,CC1(C)C=C(C(=O)NCCCNC(=O)c2cccs2)C(C)(C)N1,CHEMBL15157
DEC_0714,decoy,CC(CS)C(=O)N1c2cc3c(cc2CC1C(=O)O)OCO3,CHEMBL24819
DEC_3993,decoy,Oc1ccc(F)cc1Cc1cc(F)ccc1O,CHEMBL33848
DEC_1024,decoy,Cn1nc2nc(N)n3nc(-c4ccco4)nc3c2c1Nc1ccc(O)cc1,CHEMBL283572
DEC_3835,decoy,Cc1noc(NS(=O)(=O)c2ccc3cc(N)ccc3c2)c1C,CHEMBL30075
DEC_0918,decoy,CN1Cc2c(C(=O)OC(C)(C)C)ncn2-c2ccc(N=C=S)cc2C1=O,CHEMBL6814
DEC_1331,decoy,Cc1cnsc1C(c1ccccc1Cl)N1CCN(C)CC1,CHEMBL21918
DEC_4552,decoy,COc1cc([C@@H]2c3[nH]c4ccc5ccccc5c4c3C[C@H]3COC(=O)N32)cc(OC)c1O,CHEMBL10683
DEC_2065,decoy,C1=C(c2ccccc2)C(N2CCNCC2)=Nc2ccccc2C1.O=C(O)/C=C/C(=O)O,CHEMBL16703
DEC_4060,decoy,Fc1ccccc1Cn1cnc2c(NCC3CC3)ncnc21,CHEMBL266302
DEC_4762,decoy,CC(=O)N1CCC[C@@H]1c1cc2cc(C(=O)N3CCC(N4C(=O)OCc5ccccc54)CC3)ccc2o1,CHEMBL32187
DEC_1477,decoy,CCC(Cc1c[nH]c2ccccc12)NCC(O)c1cccc(Cl)c1,CHEMBL24303
DEC_4242,decoy,Oc1ccc2c(c1)CCC1C2C2CCc3cc(O)ccc3C12,CHEMBL30687
DEC_0293,decoy,C=CCN1CCC23c4c5ccc(O)c4OC2[C@H](NC(=O)/C=C/C(=O)OC)CCC3(O)C1C5,CHEMBL423658
DEC_3949,decoy,O=C1C(N2CC2)=C(N2CC2)C(=O)c2c(OS(=O)(=O)c3ccc(Cl)cc3)cccc21,CHEMBL35618
DEC_2440,decoy,COc1cc(NS(C)(=O)=O)ccc1Nc1c2ccccc2nc2c3ccccc3n(C)c12,CHEMBL286027
DEC_2015,decoy,N[C@H](C(=O)N1CCSC1)C1CCCCC1,CHEMBL23223
DEC_4624,decoy,O=C(O[C@@H]1C[C@](OCCCc2ccc(Cl)cc2)(C(=O)O)C[C@@H](O)[C@H]1O)C1CCCCC1,CHEMBL32328
DEC_0919,decoy,CN1Cc2sc(Cl)cc2C(c2ccc(Br)cc2)C1,CHEMBL275396
DEC_4367,decoy,CC1=CC[C@H]2C(C)(C)CCC[C@]2(C)[C@H]1C[C@H](OS(=O)(=O)[O-])[C@H](C)CCCc1ccoc1.C[N+](C)=C(N)N,CHEMBL60072
DEC_3074,decoy,COc1ccc2c(c1)OC[C@@H](N1CCC(O)(c3ccc(F)cc3)CC1)[C@H]2O,CHEMBL278666
DEC_4142,decoy,CNc1ccc(C2CCN(C3CCCCC3O)CC2)cc1,CHEMBL20491
DEC_3959,decoy,C[C@@H](CN1CCN(c2cc(F)c(F)cc2F)CC1)N1C(=O)CC2(CCCC2)CC1=O,CHEMBL274864
DEC_1654,decoy,CN1CC(O)=C(C(=O)/C=C/C=C/c2ccccc2[N+](=O)[O-])C1=O,CHEMBL10414
DEC_0152,decoy,N#CC1=CC=C2C=CC=C(O)C2N1OP(=O)(O)O,CHEMBL286467
DEC_2715,decoy,CCN(CC)CCS/C(=N\O)c1nc(-c2ccccc2)no1,CHEMBL20339
DEC_2694,decoy,COC(=O)N[C@H]1CC[C@@](CNC(=O)c2ccccc2OC)(c2ccccc2)CC1,CHEMBL417995
DEC_3521,decoy,C/C(=C\c1ccccc1)C1=CC(=O)C(C)(C)O1,CHEMBL278713
DEC_4038,decoy,CC(C)[C@H]1OCO[C@]1(Cn1cncn1)c1ccc(Cl)cc1,CHEMBL10285
DEC_0959,decoy,CC(C)C1=CC2CC3(C=O)[C@@H]4CC[C@@H](C)[C@H]4CC2(CO[C@H]2CN(C4C=CCCC4)[C@H](C)CO2)[C@]13C(=O)O,CHEMBL287408
DEC_2188,decoy,O=C(CBr)NCCn1cnc2ncnc-2c1O,CHEMBL14803
DEC_0357,decoy,C[C@H](CCCC(C)(C)O)C1CCC2/C(=C/C3OOCC4=C3C[C@@H](O)CC4)CCCC21C,CHEMBL15752
DEC_3862,decoy,CC(=O)c1ccc(/N=c2\c(O)c(O)\c2=N/C(C)C(C)(C)C)cc1,CHEMBL19257
DEC_2515,decoy,CC(C)(C)C1CCC2(CC1)OOCCCOO2,CHEMBL27792
DEC_4336,decoy,CC(C)N1CCN(C(C)C)C(CC2=NCCN2)C1,CHEMBL41097
DEC_0831,decoy,COC(=O)c1c2c(c3c4cc(OC)c(OC)cc4n4c3c1CCC4=O)CCNC2,CHEMBL280951
DEC_3633,decoy,CCN1CCC[C@@H]1CNC(=O)c1c(OC)ccc(I)c1O,CHEMBL8674
DEC_0263,decoy,O=c1[nH]c(=O)n(COCCO)cc1Cc1cccc(Oc2cccc(Cl)c2)c1,CHEMBL17986
DEC_1897,decoy,Cc1cccc(C)c1OCC(C)NC(=O)C1=CC(C)(C)NC1(C)C,CHEMBL417991
DEC_3907,decoy,N[C@@H](CS)CNc1cccc(Oc2ccc(C(=O)O)cc2)c1,CHEMBL25978
DEC_0600,decoy,COc1ccc(S(=O)(=O)N(Cc2cccc(C)c2F)[C@H](Cc2cccs2)C(=O)NO)cc1,CHEMBL418744
DEC_0292,decoy,CCn1c(C)c(C(=O)NCCC(=O)O)s/c1=N\C(=O)c1ccc(C(=N)N)cc1,CHEMBL7997
ACT_031,active,Nc1nc(Nc2ccc(S(=O)(=O)NC(=O)CCC(=O)O)cc2)nn1C(=O)c1c(F)cccc1F,CHEMBL209280
DEC_0932,decoy,C[C@]12CCC3C(CCC4=CC(=O)[C@H]5COC[C@]43C5)C1CC[C@@H]2OC1CC1,CHEMBL414006
DEC_4406,decoy,CCCS(=O)(=O)c1cc(C)cc(C)c1NC(=O)c1sccc1S(=O)(=O)Nc1onc(C)c1Cl,CHEMBL62019
DEC_0642,decoy,CS(=O)(=O)c1c(C2NC(=O)NC2=O)cc(Cl)cc1C(F)(F)F,CHEMBL440790
DEC_2549,decoy,CCN1CCOC2c3cc(OC)ccc3CC[C@H]21,CHEMBL42291
DEC_3811,decoy,Oc1ccc2c(c1O)CC[C@@H](c1ccccc1)[C@@H]2C1=NCCN1,CHEMBL30380
DEC_3608,decoy,O=C1c2[nH]cnc2N(Cc2ccc(Cl)cc2)C2=NCCN12,CHEMBL18267
DEC_4381,decoy,C=C1C[C@@]23O[C@]2(c2ccccc21)C1CC(OC(=O)[C@H](O)[C@@H](NC(=O)CC(C)(C)C)c2ccccc2)C3(C)C1(C)C,CHEMBL31694
DEC_4484,decoy,CC(=O)OCC1CCC(NC(=O)N(CCF)N=O)CC1,CHEMBL274622
ACT_052,active,c1ccc2c(c1)nnn2Cc1cn(-c2ccc3[nH]ncc3c2)nn1,CHEMBL1966069
DEC_0373,decoy,Fc1ccc(C2COC(Cn3ccnc3)(c3ccc(Br)cc3)O2)cc1,CHEMBL432457
DEC_2870,decoy,CC(C)(C)C1CSC(c2ccccc2O)SC1,CHEMBL27622
ACT_044,active,O=C1NCCc2[nH]c(-c3ccncc3)cc21,CHEMBL225519
DEC_3220,decoy,CC1(C)Oc2ccc(C#N)cc2[C@@H](NC(=O)c2ccc(F)cc2)[C@@H]1O,CHEMBL16602
DEC_2193,decoy,CC(=O)/C=C/CC1C(=O)N2[C@@H](C(=O)O)C(C)(C)S(=O)(=O)[C@H]12,CHEMBL6301
DEC_4485,decoy,CC(=O)C(Cc1ccccc1)OS(=O)(=O)c1ccc(C)cc1,CHEMBL14566
DEC_3759,decoy,O=C1O[C@H](c2ccc(Cl)cc2)[C@@](Cn2cncn2)(c2ccc(Cl)cc2Cl)O1,CHEMBL276183
DEC_2510,decoy,N=C(N)c1ccc(CNC(=O)C2CCC=C2C(=O)N2CCCCC2)cc1,CHEMBL278238
DEC_1518,decoy,Clc1ccc2nc(N3CCNCC3)c(Sc3ccccc3)nc2c1,CHEMBL6888
DEC_3581,decoy,CC(=O)NC[C@@H]1OC(=O)N2c3ccc(C(C)=O)cc3CC[C@H]12,CHEMBL21316
DEC_2260,decoy,O=C(O)C[C@H](NC(=O)Cn1c(C2CC2)ccc(NCc2ccc3c(n2)NCCC3)c1=O)c1cccc(F)c1,CHEMBL415956
DEC_2773,decoy,CN(CC[C@]12CCCC[C@H]1C=Cc1ccc(OCC(=O)OC(C)(C)C)cc12)CC(=O)OC(C)(C)C,CHEMBL301772
DEC_2194,decoy,CC(C)N(CCCC(=O)O)C(=O)N1C[C@H](N)[C@H](C(=O)O)C1,CHEMBL18910
DEC_1269,decoy,Cc1noc(NS(=O)(=O)c2ccc(N)c3ccccc23)c1C,CHEMBL286406
DEC_2283,decoy,O=C1CSCC2Nc3ccnn3C(c3ccc(F)c(Br)c3)C12,CHEMBL35356
DEC_3650,decoy,CCN1C(=O)c2c(nc(C(=O)NC)n2Cc2ccc(O)c(Cl)c2)N2C1=N[C@@H]1CCC[C@@H]12,CHEMBL23375
DEC_2329,decoy,O=C1[C@@H](NS(=O)(=O)c2cc3ccc(Cl)cc3s2)CCN1Cc1cc2cc[nH]cc-2n1,CHEMBL8382
ACT_023,active,CS(=O)(=O)Nc1cccc(-c2c[nH]c(=O)c3cc(-c4ccnc5[nH]ccc45)sc23)c1,CHEMBL1809109
DEC_3135,decoy,Cc1cn(C2CC(O)C(CNC(=O)C(C)Br)O2)c(=O)[nH]c1=O,CHEMBL274053
DEC_2824,decoy,CC(C)c1ccccc1Sc1c(O)cc(-c2cccc(C(=O)O)c2)oc1=O,CHEMBL13037
DEC_0840,decoy,CCN1CCOc2ccc3nc4c(cc3c21)Cn1c-4cc2c(c1=O)COC(=O)[C@]2(O)CC,CHEMBL445883
DEC_2616,decoy,CCc1c2c(nc3cnc(CN)cc13)-c1cc3c(c(=O)n1C2)COC(=O)[C@]3(O)CC,CHEMBL13848
DEC_4464,decoy,CCOC(=O)C1CCCC(NC(=O)N(CCCl)N=O)C1,CHEMBL12895
DEC_3385,decoy,CCCc1cc(N)c([N+](=O)[O-])c(=O)n1Cc1ccc(-c2ccccc2-c2nn[nH]n2)cc1,CHEMBL25332
ACT_087,active,FC(F)(F)CNc1nccc(-c2cnn3ncccc23)n1,CHEMBL446024
DEC_4248,decoy,CC1(C)OC(S)=Nc2ccc(-c3cccc(C#N)c3)cc21,CHEMBL280613
DEC_0861,decoy,Cc1nc(N2CCOCC2)c2sc(=S)n(-c3ccc(C(C)C)cc3Br)c2n1,CHEMBL280449
DEC_0966,decoy,CO[C@H]1[C@@H]2O[C@@H]2[C@@H](OCC23C[C@@H]4[C@H](C)CC[C@H]4C4(C=O)CC2C=C(C(C)C)C34C(=O)O)O[C@@H]1C,CHEMBL29128
DEC_1644,decoy,C[C@@H]1CN(CCCCc2ccc3c(c2)sc(=O)n3C)C[C@H](C)N1,CHEMBL280088
DEC_2066,decoy,Cc1c(CO)nc(O)c2c1ccc1nc(Nc3c(Cl)cccc3Cl)n(C)c12,CHEMBL27302
DEC_2872,decoy,C[C@@]12C=Cc3occc3C1CC[C@]13CC(O)C(CCC12)C3,CHEMBL31200
DEC_1298,decoy,O=C1COC(/C=C/C2CC2)(C(F)(F)F)c2cc(Cl)ccc2N1,CHEMBL29171
DEC_0103,decoy,CO[C@H]1Nc2c(ccc(C)c2O)C(=O)N2C=C(/C=C/C(N)=O)C[C@@H]12,CHEMBL279144
DEC_0034,decoy,Oc1ccc2c3c1OC1[C@H]4OC[C@@]4(CCc4ccccc4)CC4C(C2)N(CC2CC2)CCC341,CHEMBL9905
DEC_2152,decoy,CN[C@H]1CC[C@@H](c2ccccc2)c2ccccc21,CHEMBL36260
DEC_0700,decoy,Brc1cccc(Br)c1N(CC1CC1)C1=NCCCN1,CHEMBL20013
DEC_2041,decoy,Oc1cc2c(cc1O)CC(N1CCCCC1)C2,CHEMBL416166
DEC_1544,decoy,COc1ccc(NC(=O)Nc2nc3nn(C)c(SC)c3c3nc(-c4ccco4)nn23)cc1,CHEMBL22113
DEC_2140,decoy,CN(C)c1ccc(/C=C2\CCCCCC2=O)cc1,CHEMBL29737
DEC_2519,decoy,NC1=NC(c2ccccc2)Cc2ccsc21,CHEMBL8106
DEC_0044,decoy,Cc1cc(C)c(NC(=O)c2sccc2S(=O)(=O)Nc2onc(C)c2Cl)c(C)c1O,CHEMBL280659
DEC_1852,decoy,Cn1cnc(CCNC(=O)CN2CCN(S(=O)(=O)c3cc4ccc(Cl)cc4s3)CC2=O)c1,CHEMBL49509
DEC_1668,decoy,C[C@@H]1CC[C@H]2[C@@H](C)CO[C@@H]3O[C@@]4(C)CC[C@@H]1[C@]32OO4,CHEMBL273441
DEC_0005,decoy,C[C@@H]1CC[C@H]2[C@@H](C)C(Nc3ccc(I)cc3)O[C@@H]3O[C@@]4(C)CC[C@@H]1[C@]32OO4,CHEMBL50353
DEC_0374,decoy,C[C@H](CCCC(C)(C)O)C1CCC2/C(=C/c3occ4c3CC(O)CC4)CCCC21C,CHEMBL277344
ACT_097,active,CSc1cnc2c(ccc3cnccc32)c1O,CHEMBL2006933
DEC_2344,decoy,CC(C)(C)/N=C(\N)c1ccc(N2CCCN(c3ccc(/C(N)=N/C(C)(C)C)cc3)CC2)cc1,CHEMBL9490
DEC_3760,decoy,O=C1O[C@H](c2ccc(Cl)cc2)[C@](Cn2cncn2)(c2ccc(Cl)cc2Cl)O1,CHEMBL10394
DEC_1551,decoy,COc1cc([C@@H]2c3cc4c(cc3[C@@H](Nc3ccccc3F)[C@H]3COC(=O)[C@H]23)OCO4)cc(OC)c1O,CHEMBL281105
DEC_2415,decoy,CC1=CC2[C@H](C(O)CC3(C)[C@H]2C[C@@H](C)[C@]3(O)C(=O)CO)C2(C)Cc3cnn(-c4ccccc4)c3C=C12,CHEMBL279092
DEC_3349,decoy,O=C(O)C1Cc2cc3c(-c4ccc(F)cc4)noc3c(Cl)c2O1,CHEMBL7340
DEC_0776,decoy,C[C@@]1(c2ccc(Oc3ccccc3)cc2)OC(=O)N(Nc2ccccc2)C1=O,CHEMBL10118
DEC_2165,decoy,NS(=O)(=O)OC[C@]12CCC[C@H]1[C@@H]1OS(=O)(=O)O[C@@H]1CC2,CHEMBL27361
DEC_4541,decoy,Oc1ccc(Oc2nccc(-c3c(-c4ccc(F)cc4)ncn3C3CCNCC3)n2)cc1,CHEMBL14763
DEC_0257,decoy,CC(C)[C@@H](N)C(=O)OC1Cc2c(cccc2N(C)CC#CC#CC(C)(C)C)NC1=O,CHEMBL34818
DEC_3289,decoy,O=P(O)(O)C(O)c1ccc(-c2ccccc2)cc1,CHEMBL285443
DEC_1790,decoy,COc1ccc(C(C)/N=c2\c(O)c(O)\c2=N/c2ccc(C#N)cc2)cc1,CHEMBL281126
DEC_4058,decoy,O=C1CN2Cc3c(Cl)cc(N4CCCCC4)cc3N=C2N1,CHEMBL287066
DEC_4700,decoy,COc1cc2cc(CO)c(CO)c(-c3cc(OC)c(OC)c(OC)c3)c2cc1OC,CHEMBL285361
DEC_4579,decoy,CC(=O)Oc1ccc(N(C(C)=O)n2cccc2)cc1,CHEMBL25173
DEC_2596,decoy,C[C@H]1CNc2cc3nc(O)cc(C(F)(F)F)c3cc2C1CCC(F)(F)F,CHEMBL281945
DEC_1509,decoy,CSc1nnc(-c2nc(C(C)(C)C)c(O)c(C(C)(C)C)n2)s1,CHEMBL275188
DEC_4196,decoy,COC(=O)C1C2CCC(CC1c1ccc(C=C(Br)Br)cc1)N2,CHEMBL14257
DEC_4482,decoy,CCCS(=O)(=O)Cc1nc2ccccc2[n+]([O-])c1C(C)=O,CHEMBL276896
DEC_4301,decoy,O=S1NC(Cc2ccc(Br)cc2F)=NO1,CHEMBL17826
ACT_083,active,O=C(Cc1ccc(B2C=CC=CN2)cc1)Nc1cc(C2CC2)[nH]n1,CHEMBL5200108
DEC_3110,decoy,CCOc1cc(Cc2cnc(N)nc2N)cc(OCC)c1-n1cccc1,CHEMBL280378
DEC_3138,decoy,CC1(C)[C@H](C(=O)O)N2C(=O)[C@@H](Cc3cn(CC4CCCN4)nn3)[C@H]2S1(=O)=O,CHEMBL6261
DEC_2754,decoy,CCOC(=O)C1=CNC2=C(/C=N/c3ccccc3)CCC(C)N2C1=O,CHEMBL25051
DEC_2507,decoy,O=C(NO)c1ccc(CNS(=O)(=O)c2ccc3ccccc3c2)cc1,CHEMBL433820
DEC_4678,decoy,CCNc1cccc2c(S(=O)(=O)Nc3ncc(Br)nc3OC)cccc12,CHEMBL263079
DEC_3980,decoy,CC1=C[C@@H]2c3cccc4c3[C@@H](CN4)C[C@H]2N(C)C1,CHEMBL291218
DEC_1754,decoy,COC(=O)[C@H]1CSCc2c(O)cc(O)c(C)c2C(=O)OC[C@H](NC(=O)OC(C)(C)C)C(=O)N1,CHEMBL288173
DEC_1295,decoy,COC1=CC(=O)C[C@@H](C)[C@]12Oc1c(Cl)c(OC)cc(OC)c1C2=O,CHEMBL562
DEC_0326,decoy,CC(C)N(C(=O)N1C[C@H](N)[C@H](C(=O)O)C1)C(C)C,CHEMBL19197
DEC_2388,decoy,COc1ccc(S(=O)(=O)CS(=O)(=O)C(F)(F)F)cc1,CHEMBL273298
DEC_3144,decoy,COC12[C@@H]3N[C@@H]3CN1C1=C(C(=O)C(N3CCCC3)=C(C)C1=O)[C@@H]2COC(N)=O,CHEMBL32212
DEC_1993,decoy,CC1O[C@@H](Nc2ccc(C(=O)O)cc2)[C@@H](O)C(O)[C@H]1O,CHEMBL24408
DEC_1660,decoy,O=C1c2ccccc2NS(=O)(=O)N1COCc1ccccc1,CHEMBL15700
DEC_3416,decoy,CN1C(=O)C=C[C@]2(C)C3CC[C@@]4(C)C(CC[C@@]4(O)C#CCCCCl)C3CCC12,CHEMBL275284
DEC_2080,decoy,Nc1nc(N)c2c(Cl)c(NC(=O)Cc3cccc(Br)c3)ccc2n1,CHEMBL7481
DEC_1192,decoy,COc1ccc(Cl)c(C2(F)C(=O)Nc3c(C(F)(F)F)cccc32)c1,CHEMBL7986
DEC_1565,decoy,CC(=O)OC[C@]1(C)CCC[C@@]2(C)C1[C@H](O)CC1C[C@H](OC(C)=O)[C@@]3(C)CC[C@]12C3,CHEMBL9029
DEC_1107,decoy,CC[C@@]12O[C@@H]1Cc1c(O)c3c(c(O)c1[C@H]2C(=O)OC)C(=O)c1cccc(O)c1C3=O,CHEMBL277251
DEC_1508,decoy,CSc1nnc(-c2cc(C(C)(C)C)c(O)c(C(C)(C)C)c2)s1,CHEMBL12532
DEC_1667,decoy,CC1=C/C(=N/n2cccc2)C=C/C1=N/n1cccc1,CHEMBL277181
DEC_0316,decoy,O=C(O)[C@@H]1C[C@H](C/C=C/P(=O)(O)O)CCN1,CHEMBL416060
DEC_1854,decoy,Cc1cc2c(cc1Cl)N(C(=O)CN1CCN(CCO)CC1)c1ccccc1N(C)S2(=O)=O,CHEMBL27521
DEC_0379,decoy,CCC(C)NCc1ccc2n1-c1ccccc1SC2c1ccc(OC)cc1OC,CHEMBL18988
DEC_4488,decoy,CC(C)NCC(O)COC(=O)c1ccc2ccccc2c1,CHEMBL7739
DEC_2931,decoy,CCC[C@H](N)[C@H]1COC(c2ccccc2)(c2ccccc2)O1,CHEMBL424408
DEC_0552,decoy,C=C(C#N)CN1C[C@H](OCC23C[C@@H]4[C@H](C)CC[C@H]4C4(C=O)CC2C=C(C(C)C)[C@@]34C(=O)O)OC[C@H]1C,CHEMBL282975
DEC_2145,decoy,CCN1CCc2ccccc2C1c1ccccc1,CHEMBL21805
DEC_3193,decoy,CN(C(=O)Cc1ccccc1)[C@H]1CC[C@@]2(CCCO2)C[C@@H]1N1CCCC1,CHEMBL440765
DEC_4238,decoy,CCC1CC(CC)c2cc3c(C(F)(F)F)cc(=O)oc3cc2N1,CHEMBL6721
DEC_0435,decoy,C[C@@H](O)[C@H]1C(=O)N2C(C(=O)O)=C(S[C@@H]3CN[C@H](CNc4ccccc4)C3)[C@H](C)[C@H]12,CHEMBL14044
DEC_4713,decoy,COc1ccccc1CC/N=C(\N)Nc1nc(-c2ccc(CNC(C)=O)s2)cs1,CHEMBL288248
DEC_2340,decoy,Clc1ccccc1C1=CCc2ccccc2N=C1N1CCNCC1.O=C(O)/C=C/C(=O)O,CHEMBL277588
DEC_4116,decoy,Oc1cc2c(cc1O)[C@H]1c3cncc(F)c3CN[C@@H]1CC2,CHEMBL26365
DEC_4189,decoy,Clc1ccc(C2(Cn3ccnc3)OCC(CCc3ccccc3)O2)c(Cl)c1,CHEMBL29647
DEC_2904,decoy,c1ccc2sc(C3(N4CCCCC4)CCCC3)cc2c1,CHEMBL273326
DEC_2250,decoy,COc1ccc([C@@H]2c3nc(NC(C)C)ccc3[C@H](c3ccc4c(c3)OCO4)[C@H]2C(=O)O)c(CC(C)CO)c1,CHEMBL288247
DEC_0708,decoy,COc1ccc(C/N=c2\c(O)c(O)\c2=N/C(C)(C)C)cc1,CHEMBL283127
DEC_0174,decoy,Nc1nc(N)c2c(CSc3ccccc3)coc2n1,CHEMBL22820
DEC_3574,decoy,O=S(=O)(CS(=O)(=O)C(F)(F)F)c1ccc(O)cc1,CHEMBL12822
DEC_4127,decoy,NC(=O)C1C(O)=C(C(=O)c2cccs2)c2ccccc21,CHEMBL14732
DEC_2119,decoy,CC(=N)NC1c2ccccc2Oc2ccccc21,CHEMBL20777
DEC_2253,decoy,CC(C)(C)OC(=O)N[C@@H](Cc1ccccc1)[C@H](O)CNC[C@@H](O)[C@H](Cc1ccccc1)NC(=O)OC(C)(C)C,CHEMBL47476
DEC_2229,decoy,CC(C)(C)NC(=O)[C@@H]1C[C@@H]2CCCC[C@@H]2CN1C[C@@H](O)[C@H](Cc1ccccc1)NC(=O)O[C@H]1CCOC1,CHEMBL18389
DEC_0746,decoy,CCc1c(Cl)cc2nc(O)c(O)nc2c1[N+](=O)[O-],CHEMBL40745
DEC_0965,decoy,C=C(Cl)CN1C[C@H](OCC23C[C@@H]4[C@H](C)CC[C@H]4C4(C=O)CC2C=C(C(C)C)[C@@]34C(=O)O)O[C@H](C)[C@H]1C,CHEMBL34273
DEC_1495,decoy,CCSc1nnc(-c2cc(C(C)(C)C)c(O)c(C(C)(C)C)c2)o1,CHEMBL16819
DEC_2143,decoy,NC1(c2cc3ccccc3s2)CCCCC1,CHEMBL18556
DEC_1282,decoy,CCC(C)(C)/N=c1\c(O)c(O)\c1=N/Cc1c(C)cc(C#N)cc1Cl,CHEMBL278369
DEC_3007,decoy,O=S(=O)(NS(=O)(=O)N1CCc2cccc(Cl)c2C1)N1CCc2cccc(Cl)c2C1,CHEMBL278290
DEC_1853,decoy,O=C(CN1CCN(S(=O)(=O)c2cc3ccc(Cl)cc3s2)CC1=O)NCCc1c[nH]c(S)n1,CHEMBL299825
DEC_0023,decoy,COc1ccc(C(C2=C(O)C(=O)c3ccccc3C2=O)c2ccc(C(C)C)cc(=O)c2O)cc1,CHEMBL275156
DEC_1631,decoy,CCN(CC)c1ncnc2c1ncn2Cc1ccccc1F,CHEMBL268787
DEC_0760,decoy,COc1ccc2c(c1)c(OC(C)C)c(-c1nn[nH]n1)n2-c1ccccc1,CHEMBL29700
DEC_0388,decoy,CCCC/C(=C\Cn1oc(=O)[nH]c1=O)c1cccc(Oc2cc(Cl)cc(Cl)c2)c1,CHEMBL7497
DEC_3738,decoy,Cc1nccc2c1c1ncnc(N3CCN(CCc4ccc(F)c(F)c4)CC3)c1n2C,CHEMBL27007
DEC_2374,decoy,Cc1ccc(S(=O)(=O)CS(=O)(=O)C(F)(F)F)cc1,CHEMBL11826
DEC_0113,decoy,OC[C@H]1[C@H]2C[C@H]3c4cc5c(cc4CCN3C[C@H]2CC[C@H]1O)OCO5,CHEMBL29380
DEC_0530,decoy,CN1CCN(CCCN2N=C3/C(=C/c4ccccc4)CS(=O)(=O)CC3C2c2ccccc2)CC1,CHEMBL34662
DEC_4538,decoy,Nc1nc(N[C@H]2CC[C@H](CNS(=O)(=O)c3cccc4ccccc34)CC2)nc2ccccc12,CHEMBL273597
DEC_1577,decoy,CCCCC(C)(C)[C@H](O)/C=C/C1[C@H](O)C[C@@H]2OC(=O)CCC/C=C\C[C@H]12,CHEMBL12741
DEC_1761,decoy,COC(=N)NS(=O)(=O)c1ccc(NC(=O)C2CCCN2C(=O)NS(=O)(=O)c2ccc(C)cc2)cc1,CHEMBL295709
DEC_3018,decoy,Cc1noc(NS(=O)(=O)c2cccc3c(N(C)C)cccc23)c1C,CHEMBL267458
DEC_3030,decoy,Cc1ccc(NS(=O)(=O)c2cccc3c(N(C)C)cccc23)nn1,CHEMBL268387
DEC_3493,decoy,CC(C)C(NC(=O)Cn1cccc(N)c1=O)C(=O)C(F)(F)F,CHEMBL14223
DEC_4228,decoy,CC(O)c1ccc2c(c1)[C@@]13CCCC[C@H]1[C@@H](C2)N(C)CC3,CHEMBL280512
DEC_4757,decoy,COc1cc2c(cc1OC)-c1cc(Nc3c(Cl)cc(Cl)cc3Cl)nc(=O)n1CC2,CHEMBL35190
DEC_4504,decoy,CN1CCN(Cc2nc(-c3ccc(N=C=S)cc3)no2)CC1,CHEMBL279006
DEC_1543,decoy,CC(=O)OC(c1nc2c(C(F)(F)F)cccc2c(O)c1C(=O)Nc1nccs1)C(C)C,CHEMBL34699
DEC_3305,decoy,CC(C)(O)CC(=O)c1cc2c(c(C(C)(C)C)c1)OCC2,CHEMBL15091
DEC_3113,decoy,COc1ccc(SCc2c[nH]c3nc(N)nc(N)c23)cc1OC,CHEMBL17431
DEC_0911,decoy,CCCc1cc(=O)oc2c1c1c(c3oc(C)c(C)c(=O)c32)C=CC(C)(C)O1,CHEMBL267951
DEC_0655,decoy,CN1C(=O)CC[C@]2(C)C3CC[C@@]4(C)C(CC[C@@]4(O)C#CCCCl)C3CCC12,CHEMBL9948
DEC_0851,decoy,C1CCN(P2(N3CCCCC3)=NP(N3CC3)(N3CC3)=NP(N3CC3)(N3CC3)=N2)CC1,CHEMBL26911
DEC_4236,decoy,N#Cc1ccc(-c2ccc3c(c2)C2(CCCCC2)C(S)=N3)o1,CHEMBL27766
DEC_4159,decoy,Nc1cc(CSc2ccccc2)c2nc(N)nc(O)c2c1,CHEMBL14926
DEC_1726,decoy,CCc1cn([C@@H]2O[C@H](CNC(=O)C3c4ccccc4Sc4ccccc43)[C@@H](O)[C@@H]2F)c(=O)[nH]c1=O,CHEMBL45424
DEC_2280,decoy,CCC1(c2cccc(OCc3ccc4c(ccc(=O)n4C)c3)c2)CCOCC1,CHEMBL21383
DEC_3464,decoy,NS(=O)(=O)CC/N=C(\S)Nc1c(Cl)cccc1Cl,CHEMBL32843
DEC_2410,decoy,CC(=O)OC(CC=C(C)C)C1=CC(=O)c2c(O)ccc(O)c2C1=O,CHEMBL28569
DEC_3317,decoy,CCCCCCCc1nc2c([nH]1)N1C(=N[C@@H]3CCC[C@@H]31)N(C)C2=O,CHEMBL277317
DEC_3843,decoy,CC(C)(C)C1CS(=O)(=O)C(c2ccccc2O)S(=O)(=O)C1,CHEMBL29115
DEC_1305,decoy,Cc1cc(C(c2ccc(C)c(C)c2)N2CCN(C)CC2)sn1,CHEMBL22942
DEC_0537,decoy,CCc1c2c(nc3ccc4c(c13)N(C)CCO4)-c1cc3c(c(=O)n1C2)COC(=O)[C@]3(O)CC,CHEMBL288053
DEC_0479,decoy,C#CCCCC(=O)c1cc(C(C)(C)C)c(O)c(C(C)(C)C)c1,CHEMBL13878
DEC_0853,decoy,CCCSC1=NS(=O)(=O)c2ccccc2N1Cc1ccc(-c2ccccc2-c2nn[nH]n2)cc1,CHEMBL274887
DEC_2124,decoy,c1ccc([C@H]2CN3CC[C@H]3c3ccccc32)cc1,CHEMBL284367
DEC_0722,decoy,C/N=C(/NC(N)=O)NC1c2cc(C#N)ccc2OC(C)(C)[C@H]1O,CHEMBL6532
DEC_1048,decoy,N=C(NC1CC1)c1ccc(N2CCCN(c3ccc(C(=N)NC4CC4)cc3)CC2)cc1,CHEMBL9025
DEC_3986,decoy,CCNC1CCc2c(OC)ccc(Cl)c2C1,CHEMBL30650
DEC_0358,decoy,CCNC(=O)/C(C(=O)OCC)=C(C)\C=C\C=C(C)\C=C\C1=C(C)CCCC1(C)C,CHEMBL13967
DEC_1845,decoy,CC(=O)OCC1=C(C(=O)OC(c2ccccc2)c2ccccc2)N2C(=O)[C@@H](NC3=NCCN3)C2SC1,CHEMBL13310
DEC_2600,decoy,CCCSc1nnc(-c2cc(C(C)(C)C)c(O)c(C(C)(C)C)c2)s1,CHEMBL275838
DEC_2712,decoy,O=C(c1ccccc1)c1c(O)n(O)c2cc(NS(=O)(=O)c3cccs3)ccc12,CHEMBL16406
DEC_3901,decoy,CC(C)(C)NCC(O)COc1cccc2c1SCCC2,CHEMBL434200
DEC_2262,decoy,CCCCc1nc(SC)c(C(N)=O)n1Cc1ccc(-c2ccccc2S(=O)(=O)NC(=O)NCCC)cc1,CHEMBL306085
DEC_1223,decoy,O=C(O)C1Cc2cc3c(-c4ccccc4F)noc3c(Br)c2O1,CHEMBL7975
DEC_1857,decoy,NS(=O)(=O)c1cc(C(=O)N2CCN(CC(O)COc3cccc4c3CCC(=O)N4)CC2)ccc1Cl,CHEMBL289592
DEC_2672,decoy,CC(C)=CCC(OC(=O)c1cccnc1)C1=CC(=O)c2c(O)ccc(O)c2C1=O,CHEMBL283840
DEC_0753,decoy,C/C=C/C=C/C(=O)O[C@H](CC=C(C)C)C1=CC(=O)c2c(O)ccc(O)c2C1=O,CHEMBL9148
DEC_2943,decoy,CSc1ccc(C(=O)c2ccc3n2CCC3C(=O)O)cc1,CHEMBL267278
DEC_3075,decoy,Nc1nc2c(cnn2CCc2ccccc2)c2nc(-c3ccc(O)cc3)nn12,CHEMBL279975
DEC_2169,decoy,CC1(C)O[C@@H]2[C@@H](CC[C@@]3(COS(N)(=O)=O)OC(C)(C)O[C@@H]23)O1,CHEMBL26300
DEC_0759,decoy,Cc1cc(C)cc(Sc2c(C(C)C)c(=O)[nH]c(=S)n2COCCO)c1,CHEMBL274265
DEC_3117,decoy,CCC(OS(N)(=O)=O)[C@@]12OC[C@H]3OC(C)(C)O[C@H]3[C@@H]1OC(C)(C)O2,CHEMBL431880
ACT_073,active,CN(C)C(=O)c1cc2cnc(Nc3ccc(S(=O)(=O)N(C)C)cc3Cl)cc2[nH]1,CHEMBL5597436
DEC_4315,decoy,CO[C@@H]1C[C@@H](C(=O)O)N(C(=O)[C@H](C)CS)C1,CHEMBL15424
DEC_3177,decoy,O=C(O)CN1C(=O)c2cccc3cc(C(=O)CCl)cc(c23)C1=O,CHEMBL13997
DEC_2747,decoy,CCOC(=O)C(=O)Nc1nc(-c2c(C)cc(C)cc2O)cs1,CHEMBL16194
DEC_3942,decoy,O=C(OC[C@H]1C[C@@H]2O[C@H]1[C@H]1C(=O)OC(=O)[C@H]12)c1cccc(Oc2ccccc2)c1,CHEMBL7036
DEC_2664,decoy,CC1(C)CC(NP(=O)(O)N(CCCl)CCCl)CC(C)(C)N1O,CHEMBL268498
DEC_1259,decoy,CCC(=O)N(c1cc(Cl)cc(Cl)c1)C1CCCC1N(C)C,CHEMBL21985
DEC_1097,decoy,O=C(Nc1ccccc1)N[C@H]1C[C@H](C(=O)O)Nc2cc(Cl)cc(Cl)c21,CHEMBL287327
DEC_1088,decoy,O=C(O)C(CC#Cc1ccccc1)NS(=O)(=O)c1ccc(-c2ccc3c(c2)OCO3)cc1,CHEMBL10881
DEC_2127,decoy,Cc1ccc(NC23CC4CC(CC(C4)C2)C3)nc1,CHEMBL275867
DEC_1975,decoy,C[C@]12CC/C(=N\N=C(N)N)C=C1CC[C@@H]2/C=N/N=C(N)N,CHEMBL283675
DEC_2141,decoy,COc1ccc2c(ccc3oc([N+](=O)[O-])cc32)c1,CHEMBL7645
DEC_3525,decoy,C=CCN1CCC2c3cccc(O)c3CCC21,CHEMBL10289
DEC_4360,decoy,CC1(C)N=C(N)N=C(N)N1c1ccccc1F,CHEMBL22187
DEC_4322,decoy,CC1(C)S[C@@H]2[C@@H](CS)C(=O)N2[C@H]1C(=O)O,CHEMBL277225
DEC_0423,decoy,CC(=O)NCc1ccc(-c2csc(NC(=N)NCCN3CCCCC3)n2)o1,CHEMBL25393
DEC_3106,decoy,Cc1c(CSc2ccc(Cl)cc2)cnc2nc(N)nc(N)c12,CHEMBL22677
DEC_1965,decoy,C[C@]12CC/C(=N\N=C(N)N)C[C@@]1(O)CC[C@@H]2/C=N/N=C(N)N,CHEMBL286478
DEC_1554,decoy,COc1cc([C@@H]2c3cc4c(cc3[C@@H](Nc3ccc(N)cc3)[C@H]3COC(=O)[C@H]23)OCO4)cc(OC)c1O,CHEMBL30382
DEC_1148,decoy,CC(C)(C)c1cc(-c2nsc(N=C(N)N)n2)cc(C(C)(C)C)c1O,CHEMBL17104
DEC_0014,decoy,CN(C)c1ccccc1CC(=O)N1C[C@H]2[C@@H](C1)C(c1ccccc1)(c1ccccc1)SC[C@@H]2O,CHEMBL41375
DEC_2786,decoy,COc1cc(-c2nc3n(c2-c2cc(OC)c(OC)c(OC)c2)CCS3)cc(OC)c1OC,CHEMBL275609
DEC_4690,decoy,O=P(O)(CN[C@@H](Cc1ccc(-c2ccccc2)cc1)c1nnn[nH]1)Oc1ccccc1,CHEMBL39734
DEC_1619,decoy,O=S(=O)(CS(=O)(=O)C(F)(F)F)c1ccc(Cl)cc1,CHEMBL12767
DEC_4029,decoy,O=C(c1ccccc1)c1c[nH]c2nncc-2c1Oc1ccccc1,CHEMBL278709
DEC_4703,decoy,CC(CCCCn1cnc2c1NC=NCC2O)(Cc1cccc(C(F)(F)F)c1)C(=O)O,CHEMBL291059
DEC_1350,decoy,Nc1nc2c(cnn2CCCc2ccc(C(=O)O)cc2)c2nc(-c3ccco3)nn12,CHEMBL279254
DEC_0031,decoy,COc1cc2c(cc1OC)[C@@H]1[C@H](O)c3ccc4c(c3O[C@@H]1CO2)Cc1cc(C(C)C)oc1C4,CHEMBL39169
DEC_4662,decoy,COc1cccc(-c2ccc3c(c2)C(=O)c2ccccc2[C@@H]2[C@H](C(=O)O)[C@H](C(=O)O)[C@H]32)c1,CHEMBL433229
DEC_0458,decoy,Nc1ccc(OC23CC4C5CC6CC4C(C2)C(C6)C5C3)cc1,CHEMBL12665
DEC_1175,decoy,CC(C)(C)c1cc(-c2nnc(S)o2)cc(C(C)(C)C)c1O,CHEMBL276916
DEC_0587,decoy,CC(=O)N(Cc1cc(-c2ncco2)ccc1-c1ccccc1S(=O)(=O)Nc1onc(C)c1C)C(C)C,CHEMBL29775
DEC_4177,decoy,Cc1ccc(C(=O)Oc2ccc(N(C(=O)c3ccc(C)cc3)n3cccc3)cc2)cc1,CHEMBL25642
DEC_1435,decoy,COOC1(OOCCC(=O)O)CCCCCCCCCCC1,CHEMBL286278
DEC_1299,decoy,CN1CCc2cc(Cl)c(O)cc2C(c2cccc(N=C=S)c2)C1,CHEMBL279634
DEC_2056,decoy,Oc1ccc2c(c1O)CCC[C@H]2C1=NCCN1,CHEMBL7707
DEC_1237,decoy,COc1nc(C(Cl)(Cl)Cl)c(Cl)c(OC)c1Cl,CHEMBL273124
DEC_4620,decoy,CNC(=O)[C@@H](NC(=O)[C@H](CC(C)C)[C@@H](C(=O)NO)C1CCC(C(C)(C)C)CC1)C(C)(C)C,CHEMBL29758
DEC_0431,decoy,Cc1nc(N)ccc1CNC(=O)Cn1c(C)cnc(NCCc2ccccc2)c1=O,CHEMBL19080
DEC_0960,decoy,C=C(Cl)CN1C[C@H](OCC23C[C@@H]4[C@H](C)CC[C@H]4C4(C=O)CC2C=C(C(C)C)[C@@]34C(=O)O)O[C@H](C)C1,CHEMBL286857
DEC_4259,decoy,Cc1ccc(Nc2cc(C)nc3ccc4c[nH]nc4c23)cc1,CHEMBL29113
DEC_3079,decoy,OCCn1ncc2c1nc(NCc1ccccc1)n1nc(-c3ccco3)nc21,CHEMBL16692
DEC_2212,decoy,CS(=O)(=O)N(c1ccc2c(c1)CNCC2)S(C)(=O)=O,CHEMBL27639
DEC_2175,decoy,Cc1cn(C2CC=C(P(=O)(O)O)OC2C)c(=O)[nH]c1=O,CHEMBL28104
ACT_024,active,Oc1ccc(Nc2[nH]nc(-c3ccc(O)cc3)c2-c2ccc(O)cc2)cc1,CHEMBL1969042
DEC_3539,decoy,Cn1cc(CCN)c2c3c(ccc21)OCCC3,CHEMBL25800
DEC_4053,decoy,CCSc1nc2nc(C(=O)c3ccccc3)cn2c2c1CCC2,CHEMBL279969
DEC_4751,decoy,CCN1C(=O)c2c(nc(C#Cc3ccccc3)n2Cc2ccc(Cl)cc2)N2C1=N[C@@H]1CCC[C@@H]12,CHEMBL24653
DEC_4313,decoy,O=C(/C=C/C(Cl)=C/c1ccccc1)C1=C(O)CNC1=O,CHEMBL10535
DEC_3951,decoy,CCOC(=O)c1nc(-c2ccc(F)cc2)c(-c2ccc(S(C)(=O)=O)cc2)s1,CHEMBL279133
DEC_0013,decoy,CCN(C)CC#CCCC1(C2(O)c3ccccc3Sc3ccccc32)SCCCS1,CHEMBL40930
DEC_0829,decoy,CC(=O)OCC(=O)[C@@]1(O)CCC2C3CCC4=CC(=O)CCC4(C)C3C(O)CC21C,CHEMBL440275
DEC_2457,decoy,CC(C)(C)NC(=O)Nc1nc2nc(N)ncc2cc1-c1c(Br)cccc1Br,CHEMBL300171
DEC_3999,decoy,CCCN1CC[C@H]2Cc3c(O)cccc3C[C@@H]21,CHEMBL11065
DEC_0077,decoy,CC[C@]1(c2ccc(Cl)cc2)OC[C@H]([C@@H]2CCCCN2)O1,CHEMBL284413
DEC_3281,decoy,CCC[C@]1(c2ccccc2)OC[C@H]([C@@H]2CCCCN2)O1,CHEMBL284666
DEC_3238,decoy,CC1c2ccccc2CN1NC(=O)c1ccc(Cl)c(S(N)(=O)=O)c1,CHEMBL6378
DEC_3894,decoy,O=P(O)(O)C(CCCOc1ccccc1)P(=O)(O)O,CHEMBL33170
DEC_1805,decoy,CCCOC1c2c(ncn2Cc2ccc(OC)cc2)N=CN(C)N1C,CHEMBL9435
DEC_2802,decoy,CC/C(=C(\c1ccccc1)c1cccc(OC(C)=O)c1)c1ccc(OC(C)=O)c(OC(C)=O)c1,CHEMBL29781
DEC_0036,decoy,O=C1NC(=O)C(CC#Cc2ccc(Cl)cc2)(S(=O)(=O)c2ccc3ccccc3c2)S1,CHEMBL275071
DEC_4239,decoy,O=C1C(c2ccccc2)=C(c2ccccc2)c2ccc(O)cc21,CHEMBL28330
DEC_0701,decoy,C[S+]([O-])c1nc(O)c2c(Br)[nH]nc2n1,CHEMBL267972
DEC_0570,decoy,Cc1c(C)c2c(c(C)c1O)C(CN(C)CCOc1ccc(CC3SC(=O)NC3=O)cc1)C(C)(C)O2,CHEMBL267427
DEC_1875,decoy,O=S(=O)(Nc1ccc(Cl)cc1)c1ccc2c(c1)CNCC2,CHEMBL286497
DEC_3133,decoy,COc1cccc(CC(=O)N2CCN(C(C)=O)CC2CN2CC[C@H](O)C2)c1,CHEMBL25604
DEC_4429,decoy,Nc1cccc(CN2C(=O)N(Cc3cccc(N)c3)[C@H](Cc3ccccc3)[C@H](O)[C@H]2CCc2ccccc2)c1,CHEMBL36862
DEC_0948,decoy,CCCc1cc(=O)oc2c3c(c4c(c12)OC(C)(C)C=C4)O[C@@H](C)[C@H](C)[C@@H]3O,CHEMBL7187
DEC_4192,decoy,CC12CCC3C(C(CCc4ccc([N+](=O)[O-])cc4)=CC4=CC(=O)CCC43C)C1CCC2=O,CHEMBL429788
DEC_2929,decoy,CN1CCN2CC(c3ccc(Cl)cc3)c3ccccc3C2C1,CHEMBL6459
DEC_2737,decoy,CSc1nc(COC(=O)NC(C)C)c(COC(=O)NC(C)C)n1C,CHEMBL22939
DEC_2603,decoy,CCCc1cc(=O)oc2c3c(c4c(c12)OC(C)(C)C=C4)O[C@H](C)C(C)(C)[C@H]3O,CHEMBL267679
DEC_3097,decoy,CC(=O)Nc1cccc2ccc(S(=O)(=O)Nc3onc(C)c3C)cc12,CHEMBL25977
DEC_1376,decoy,COc1ccccc1N1CCN(CCCCNC(=O)c2ccc(O)cc2)CC1,CHEMBL27377
DEC_0999,decoy,CCCCn1c(=O)c2c(nc3n(Cc4cccs4)c(O)c(CCC)c(=O)n23)n(CCCC)c1=O,CHEMBL13084
DEC_1394,decoy,C#CCONC(=O)O[C@H]1[C@@H](O)[C@H](Oc2ccc3c(O)c(C(N)=O)c(=O)oc3c2C)OC(C)(C)[C@@H]1OC,CHEMBL295446
DEC_3803,decoy,O=C1Nc2ccc(F)cc2C(C#Cc2ccsc2)(C(F)(F)F)O1,CHEMBL278880
DEC_2869,decoy,Cc1ccc(C2CN(C)Cc3sc(Cl)cc32)cc1,CHEMBL15588
DEC_0751,decoy,CC(/N=c1\c(O)c(O)\c1=N/c1ccc(OC(F)(F)F)cc1)C(C)(C)C,CHEMBL19421
DEC_2985,decoy,CC[C@@]1(O)C(=O)OCc2c1cc1n(c2=O)C(CC(=O)N2CCCCC2)c2cc3ccccc3nc2-1,CHEMBL43538
DEC_3562,decoy,NC1=NN(c2cccc(C(F)(F)F)c2)CC1,CHEMBL274642
DEC_4680,decoy,C[C@@H](Cc1c[nH]c2c(OCC(=O)O)cccc12)NC[C@H](O)c1cccc(Cl)c1,CHEMBL24350
DEC_1871,decoy,COc1cc(CC(C)NO)c(OC)cc1I,CHEMBL274804
DEC_0024,decoy,COc1ccc(C(c2cc(C(C)(C)C)cc(O)c2O)c2ccc(C(C)C)cc(=O)c2O)cc1,CHEMBL279531
ACT_082,active,N#Cc1ccc2[nH]c(O)c(-c3ccc(CN4CCOCC4)cn3)c2c1,CHEMBL1969664
DEC_0342,decoy,CC(C)CC1(c2ccc(N)cc2)CCC(=O)NC1=O,CHEMBL28669
DEC_2918,decoy,C[S+]([O-])CC(=O)c1cc(C(C)(C)C)c2c(c1)C(C)(C)CO2,CHEMBL13561
ACT_029,active,Cc1nn(-c2nccs2)c2c1C(=O)CC(C)(C)C2Br,CHEMBL1708376
DEC_1963,decoy,Cc1c2c(c(O)c3c(O)cccc13)C(=O)C1C(O)=C(C(N)=O)C(=O)[C@@H](N(C)C)[C@@H]1C2,CHEMBL274542
DEC_1451,decoy,CSc1ccc(Nc2c(NC(C)C(C)(C)C)c(=O)c2=O)cc1,CHEMBL18731
DEC_2467,decoy,O=C(O)C1=CNC2=C(/C=N/c3ccccc3C(=O)O)CCCCN2C1=O,CHEMBL22579
DEC_2729,decoy,CCCCC1=C(NC(C)=O)C(=O)c2nc3n(c2C1=O)CCC3OC(C)=O,CHEMBL28035
DEC_2208,decoy,CN(C)c1ccc(/C=C/c2nc3c(=O)n(C)c(=O)n(C)c3[nH]2)cc1,CHEMBL26899
DEC_3889,decoy,CC1(C)C=C(C(=O)NCCNCc2ccccc2O)C(C)(C)N1,CHEMBL15628
DEC_1359,decoy,CCCc1cc(O)c(C)c(=O)n1Cc1ccc(-c2ccccc2-c2nn[nH]n2)cc1,CHEMBL22385
DEC_0649,decoy,CC1(C)N=C(N)N=C(N)N1c1cccc(CSc2ccccc2)c1,CHEMBL21031
DEC_0762,decoy,CCCc1cc(=O)oc2c(C(O)CC)c(OCC)c3c(c12)OC(C)(C)C=C3,CHEMBL7693
DEC_1065,decoy,C=CS(=O)(=O)Nc1cccc(C(c2c(O)oc3c(c2=O)CCCCC3)C2CC2)c1,CHEMBL16383
DEC_4726,decoy,Clc1ccc(C2COC(Cn3ccnc3)(c3ccc(Br)cc3)O2)c(Cl)c1,CHEMBL30225
DEC_1490,decoy,CN(CCc1ccc2c(c1)OCO2)CC1CCCc2c1ccc1c2OCO1,CHEMBL276667
DEC_4098,decoy,O=C(O)C1CCc2cc(CCn3ccnc3)sc2C1,CHEMBL282265
DEC_4660,decoy,O=C(O)[C@@H]1CC2(CN1C(=O)CP(=O)(O)CCCCc1ccccc1)SCCS2,CHEMBL277270
DEC_3846,decoy,CCOC(=O)C1=CNC2=C(/C=N/c3ccccc3)CCN2C1=O,CHEMBL277884
DEC_2364,decoy,[O-][P@+]1(N(CCCl)CCCl)NC[C@H](Cl)CO1,CHEMBL285401
DEC_2618,decoy,Cc1cn(C2CC(N=[N+]=[N-])C(COP(=O)(O)C(F)F)O2)c(=O)[nH]c1=O,CHEMBL287346
DEC_1671,decoy,CC(=O)OC1CCC2(C)CC3CCC2(OO3)C1(C)C,CHEMBL37908
DEC_4109,decoy,CC(=O)NCCC1CCCc2cc3c(cc21)OCCO3,CHEMBL11148
DEC_1919,decoy,NS(=O)(=O)c1cc(C(=O)NN2Cc3ccccc3C2C(=O)O)ccc1Cl,CHEMBL6849
DEC_3045,decoy,CSC1=NC(c2cccc([N+](=O)[O-])c2SC)C2=C(O)OCC2=N1,CHEMBL22705
DEC_0691,decoy,CCCc1cc(=O)oc2c3c(c4c(c12)OC(C)(C)C=C4)OC[C@H](C)[C@@H]3O,CHEMBL266091
DEC_2984,decoy,O=C(Cn1c(=O)sc2ccc(Cl)cc21)N1CCC(C(=O)N2CCCc3ccccc32)CC1,CHEMBL16948
DEC_0391,decoy,C/C(=N\OCCF)c1ccc(Sc2cc(F)cc(C3CCOCC3)c2)cc1,CHEMBL25097
DEC_0012,decoy,C[C@@]1(c2ccc(F)cc2)O[C@@H]2CC3C4CCC5=CC(=O)CC[C@@H]5C4CC[C@]3(C)[C@]2(C(=O)CO)O1,CHEMBL13977
DEC_1538,decoy,Cc1noc(NS(=O)(=O)c2ccsc2C(=O)Nc2ccc3c(c2)OCO3)c1Br,CHEMBL283136
DEC_4530,decoy,Oc1ccccc1Oc1nccc(-c2c(-c3ccc(F)cc3)ncn2C2CCNCC2)n1,CHEMBL273432
DEC_0287,decoy,C[C@@H](O)[C@H]1C(=O)N2C(C(=O)O)=C(S[C@@H]3CN[C@@H](Cc4ccc(CN)cc4)C3)[C@H](C)[C@H]12,CHEMBL268234
DEC_0944,decoy,CN1C(=O)CC[C@@]2(C)C1=CCC1C2CC[C@@]2(C)C1CC[C@@H]2N(C)C=O,CHEMBL443995
DEC_4042,decoy,c1ccc(-c2ccccc2-c2nnc(C3=NCCN3)s2)cc1,CHEMBL268707
DEC_0961,decoy,C=C(Cl)CON1C[C@H](OCC23C[C@@H]4[C@H](C)CC[C@H]4C4(C=O)CC2C=C(C(C)C)[C@@]34C(=O)O)OC[C@H]1C,CHEMBL33631
DEC_2698,decoy,CCN(C(=O)C1=CCCC1C(=O)NCc1ccc(C(=N)N)cc1)c1ccccc1C,CHEMBL273810
DEC_3076,decoy,COc1cc(N)c(Cl)cc1C(=O)NC1CCN2CCSCC2C1,CHEMBL411056
ACT_055,active,Cc1cc(C)c2c(n1)sc1c(N)ncnc12,CHEMBL504950
DEC_4007,decoy,C[C@H]1C=C2c3cccc4[nH]cc(c34)C[C@H]2N(C)C1,CHEMBL40047
DEC_1145,decoy,CCC[C@H]1Cc2cc3c(C(F)(F)F)cc(O)nc3cc2N[C@@H]1CC,CHEMBL7231
DEC_2723,decoy,Cc1ccc(C)n1Nc1ccc(N(CC(C)O)CC(C)O)nn1,CHEMBL11955
DEC_4440,decoy,N#Cc1ccccc1-c1ccc(CN2CCSC[C@H](NC(=O)c3ccc(OP(=O)(O)O)cc3)C2=O)cc1,CHEMBL283465
DEC_4247,decoy,Cc1ccc2c(c1)c1c3c(cc4c1n2C(=O)CC4)CNCC3,CHEMBL23116
DEC_2130,decoy,Cc1ccc2c(c1)[C@H]1Cc3ccccc3[C@]2(C)N1,CHEMBL287370
DEC_3419,decoy,Cc1cccc2c(CC(=O)O)nn(Cc3nc4c(ccc5ccccc54)s3)c(=O)c12,CHEMBL20304
DEC_2764,decoy,CC(C)C1=CC2CC3(C=O)[C@@H]4CC[C@@H](C)[C@H]4CC2(CO[C@H]2C[C@@H]4OC[C@H](C)[C@@H]4[C@@H](C)O2)C13C(=O)O,CHEMBL45656
DEC_0408,decoy,CCCCc1ccc2c(c1)-c1oc(C(=O)O)cc(=O)c1CS2.NCCO,CHEMBL29395
DEC_3271,decoy,CNCCCC1c2ccccc2C=Cc2ccccc21,CHEMBL668
DEC_1655,decoy,O=C(O)CN1C(=O)c2cccc3cc(N=C=S)cc(c23)C1=O,CHEMBL276870
DEC_1236,decoy,O=S(=O)(OCCCl)c1cc(Cl)c(Cl)cc1Cl,CHEMBL17012
DEC_4290,decoy,CCc1nc(C)cn1-c1ccc(-c2ccc(O)nn2)cc1,CHEMBL32134
DEC_1397,decoy,O=C(CCCc1cccs1)N[C@@H]1[C@@H](O)[C@H](n2cnc3c(NC4CCCC4)ncnc32)O[C@@H]1CO,CHEMBL54334
DEC_3586,decoy,CCC(C)(C)/N=c1\c(O)c(O)\c1=N/Cc1c(C)cccc1C,CHEMBL20179
DEC_2168,decoy,CC1(C)O[C@@H]2[C@@H](CC[C@@]3(COS(N)(=O)=O)CCC[C@@H]23)O1,CHEMBL26028
DEC_3241,decoy,O=C(O)c1cc(O)c2c(Br)cc(Br)cc2n1,CHEMBL278854
DEC_0106,decoy,CCNC1CC(C)S(=O)(=O)c2sc(S(N)(=O)=O)cc21,CHEMBL269001
DEC_3369,decoy,CCCCc1nc2cnnc(O)c2n1Cc1ccc(-c2ccccc2-c2nn[nH]n2)cc1,CHEMBL7478
DEC_0345,decoy,CCCCC1(c2ccc(N)cc2)CCC(=O)NC1=O,CHEMBL29863
DEC_2386,decoy,CNc1nc(N2CCN(C)CC2)nc(Cl)c1Br,CHEMBL285326
DEC_1336,decoy,C=CCCCCC(=O)O[C@H](CC=C(C)C)C1=CC(=O)c2c(O)ccc(O)c2C1=O,CHEMBL9320
DEC_0744,decoy,CC(C)(C)c1cccc(N2C(N)=NC(N)=NC2(C)C)c1,CHEMBL267692
DEC_0211,decoy,COc1ccc2c3c1OC1[C@H]4OC[C@@]4(CCc4ccccc4)CC4C(C2)N(CC2CC2)CCC341,CHEMBL10111
DEC_4022,decoy,O=C1C(CO)=C(Sc2ccccc2)C(=O)c2ccccc21,CHEMBL11343
DEC_4292,decoy,Cc1ccc2c(c1)CC(=O)c1cc(CC(=O)O)ccc1O2,CHEMBL10833
DEC_4161,decoy,Cc1ccc2c(c1)CC(O)c1cc(CC(=O)O)ccc1O2,CHEMBL10788
DEC_1675,decoy,C1CCC2N=C(NC(C3CC3)C3CC3)CC2C1,CHEMBL40287
DEC_4181,decoy,CC(C)(C)CC(C)(C)NC(=O)[C@H]1CCC2C3CNC4=CC(=O)CC[C@]4(C)C3CC[C@@]21C,CHEMBL24729
DEC_1881,decoy,O=C(NCC1CCC(C(=O)NO)CC1)c1cccc2ccccc12,CHEMBL283698
DEC_4515,decoy,N#C/C(=C(/N)Sc1ccccc1N)c1cccc(C(O)(c2ccccc2)c2ccccc2)c1,CHEMBL35019
DEC_4477,decoy,CC(=O)NC[C@@H]1OC(=O)N2c3ccc(C(C)=O)cc3C[C@H]12,CHEMBL21596
DEC_3731,decoy,COc1cccc2c1CCC[C@H]2CN(C)CCc1ccc2c(c1)CCN2S(C)(=O)=O,CHEMBL10170
DEC_0041,decoy,CC1(c2cccc(O)c2)c2cc(C(=O)O)sc2C(=O)c2c1c1ccccc1n2Cc1ccccc1,CHEMBL280275
DEC_0193,decoy,NC(Cc1onc(O)c1-c1ccccc1)C(=O)O,CHEMBL9515
DEC_0173,decoy,Oc1cc(CSc2ccccc2)nc(S)n1,CHEMBL35888
DEC_0684,decoy,O[C@@H]1c2cc(OCc3ccc4ccccc4n3)ccc2CC[C@H]1Cc1ccccc1,CHEMBL283455
DEC_3714,decoy,Cl[P@@]1(N2CCCC2)=NP(N2CC2)(N2CC2)=N[P@@](Cl)(N2CCCC2)=N1,CHEMBL26247
DEC_1830,decoy,O=C(CN1CCN(S(=O)(=O)c2cc3ccc(Cl)cc3s2)CC1=O)NCCc1ccncc1,CHEMBL295802
DEC_0653,decoy,CC(=O)OC[C@@]1(O)C[C@@]23CCC4C5=C(CC[C@@]4(C)C2CCC1C3)OCC5,CHEMBL31113
DEC_2846,decoy,COc1ccc(C(c2cc(O)ccc2O)c2ccc(C(C)C)cc(=O)c2O)cc1,CHEMBL19145
DEC_2898,decoy,c1ccc([C@@H]2CN3CCCC[C@H]3c3ccccc32)cc1,CHEMBL36292
DEC_1513,decoy,CC(C)c1csc2c1C(N1CCN(C)CC1)=Nc1cc(F)ccc1N2,CHEMBL276753
DEC_0083,decoy,Oc1cc2c(cc1O)[C@@H]1C[C@@H]3C[C@H](O)CC[C@@H]3CN1CC2,CHEMBL27355
DEC_0685,decoy,CCCCC[C@]1(C)/C=C\C2[C@H](O)C[C@H](O)[C@@H]2C/C=C\CCCC(=O)O1,CHEMBL12015
DEC_3326,decoy,COc1ccc(C(=O)c2c(SC)cc3n2CCC3C(=O)O)cc1,CHEMBL19478
DEC_0046,decoy,O=c1cc(-c2cccc(/C=C/c3ccc4ccccc4n3)c2)oc2c(-c3nn[nH]n3)cc(Cl)cc12,CHEMBL33228
DEC_3784,decoy,O=C1Nc2ccc(Cl)cc2C(C#Cc2ccoc2)(C(F)(F)F)O1,CHEMBL280029
DEC_1489,decoy,CCCc1cc(=O)oc2c3c(c4c(c12)OC(C)(C)C=C4)O[C@H](C)[C@@H](C)C3=O,CHEMBL269090
DEC_4279,decoy,CSc1cccc(N2CC(CNC(C)=O)OC2=O)c1,CHEMBL17086
DEC_4580,decoy,COc1ccc(SC)c2c1CC(N(C)C)CC2,CHEMBL30722
DEC_3876,decoy,OCCc1cccc(OCCCc2cc3c(cc2O)CCO3)c1,CHEMBL266547
ACT_017,active,CC(C)(C)c1cnc(CSc2cnc(NC3CCCC(N)C3)s2)o1,CHEMBL505474
DEC_3960,decoy,C[C@H]1[C@@H](OCc2ccc(C(=O)O)cc2)O[C@@H]2O[C@@]3(C)CC[C@H]4[C@H](C)CC[C@@H]1[C@@]24OO3,CHEMBL277015
DEC_0812,decoy,CN1CCC23c4c5ccc(O)c4O[C@H]2[C@@H](OC2CCCC(C(=O)O)O2)C=C[C@H]3[C@H]1C5,CHEMBL440787
DEC_0964,decoy,CC(C)C1=CC2CC3(C=O)[C@@H]4CC[C@@H](C)[C@H]4CC2(CO[C@H]2CN(C/C=C\Cl)[C@H](C)CO2)[C@]13C(=O)O,CHEMBL34686
DEC_0364,decoy,CCCCCN(C=O)[C@H]1CCC2C3CC[C@H]4N(C)C(=O)CC[C@]4(C)C3CC[C@@]21C,CHEMBL275153
DEC_1116,decoy,CCc1c2c(nc3ccc(N)cc13)-c1cc3c(c(=O)n1C2)COC(=O)[C@]3(O)CC,CHEMBL281768
DEC_1310,decoy,O=C1CC2(CCCC2)CC(=O)N1CCN1CCc2ccccc2C1,CHEMBL14209
DEC_2404,decoy,C=CCOc1ccccc1-c1ncc(-c2nn[nH]n2)c(O)n1,CHEMBL15494
DEC_4698,decoy,CNC(=O)O[C@H]1CC[C@@](CNC(=O)c2ccccc2OC)(c2ccccc2)CC1,CHEMBL16806
DEC_0338,decoy,CC(CS)C(=O)N(CC(=O)O)C1CCCCC1,CHEMBL23518
ACT_003,active,CO[C@@]1(C)[C@H](O)C(=O)C(C)=C2OC(=O)c3c(C)cc(O)c(C)c3O[C@@H]21,CHEMBL5589612
DEC_0095,decoy,CC(C)(O)CC(=O)c1cc2c(c(C(C)(C)C)c1)OCCC2,CHEMBL15111
DEC_2875,decoy,c1ccc2sc(C3(N4CCCC4)CCCC3)cc2c1,CHEMBL280329
DEC_4008,decoy,C[C@@H]1C=C2c3cccc4[nH]cc(c34)C[C@H]2N(C)C1,CHEMBL291097
DEC_4503,decoy,COc1cc(N2CC(CNC(C)=O)OC2=O)ccc1C(C)=O,CHEMBL16943
DEC_1433,decoy,O=C(CCc1ccccc1)Nc1nc(NC2CCCC2)c2ncn([C@@H]3O[C@H](CO)[C@@H](O)[C@H]3O)c2n1,CHEMBL279391
DEC_3911,decoy,NC(=O)c1cccc(OC(=O)CNC(=O)c2ccccc2)c1,CHEMBL30962
DEC_0712,decoy,O=C(Nc1nn[nH]n1)c1cccc(Br)n1,CHEMBL281834
DEC_2640,decoy,O=C1[C@@H](NS(=O)(=O)c2cc3cccnc3s2)CCN1CCNc1ccncc1,CHEMBL8564
DEC_2707,decoy,O=c1[nH]c(=O)n(COCCO)cc1Cc1cccc(Oc2ccc(Cl)cc2)c1,CHEMBL17690
DEC_3252,decoy,CNCC(=O)N1N=C(c2ccc(N)cc2)c2cc3c(cc2CC1C)OCO3,CHEMBL268144
DEC_0662,decoy,CC(C)(C)NC(=O)[C@H]1CC[C@H]2[C@@H]3CC[C@H]4NC(=O)C=C[C@]4(C)[C@H]3CC[C@]12C,CHEMBL710
DEC_1769,decoy,C1CCN(C2CCN(CCCN3CCC(N4CCCCC4)CC3)CC2)CC1,CHEMBL10458
DEC_3478,decoy,O=C[C@H](Cc1ccccc1)NC(=O)C1Cc2ccccc2S(=O)(=O)N1,CHEMBL8605
DEC_2151,decoy,c1coc(-c2[nH]ccc3c4ccccc4nc2-3)c1,CHEMBL37322
DEC_1241,decoy,CC(=O)SCC(=O)c1cc(C(C)(C)C)c2c(c1)C(C)(C)CO2,CHEMBL275799
DEC_3190,decoy,CNCC(=O)N1c2ccccc2N(C)S(=O)(=O)c2ccccc21,CHEMBL283251
DEC_2476,decoy,C=CCOc1ccc(/C=C(\C)C(=O)N[C@@H]2[C@H](O)CCC[C@@H]2O)cc1O,CHEMBL428826
DEC_4483,decoy,COC[C@H]1CN(c2ccc(OCCC(C)=O)cc2)C(=O)O1,CHEMBL33380
DEC_1955,decoy,N=C(N)c1ccc(CNC(=O)C2CCC=C2C(=O)N2CCc3ccccc32)cc1,CHEMBL17580
DEC_2339,decoy,O=C(Nc1nccs1)c1c(C(F)(F)F)nc2c([S+]([O-])C(F)(F)F)cccc2c1O,CHEMBL430546
DEC_0171,decoy,CCOC(=O)c1cnc2cc(CO)c(O)cc2c1O,CHEMBL21730
DEC_2926,decoy,CN(C)CCC(=O)c1cc(C(C)(C)C)c2c(c1)C(C)(C)CO2,CHEMBL13592
DEC_3417,decoy,COc1ccc(Cl)c(C2(F)C(=O)Nc3c(I)cccc32)c1,CHEMBL275699
ACT_002,active,NC(=O)c1sc2c(Br)ccc(Cl)c2c1N,CHEMBL1998611
DEC_4048,decoy,CC(C)Cc1noc2c(Cl)c3c(cc12)CC(C(=O)O)O3,CHEMBL9350
DEC_2277,decoy,CCCc1cc(=O)oc2c3c(c4c(c12)OC(C)(C)C=C4)O[C@H](CC)[C@@H](C)C3=O,CHEMBL7633
DEC_2031,decoy,Cc1ccc(C)n1Nc1ccc(N(C)C)nn1,CHEMBL267560
DEC_2199,decoy,Cc1c(Sc2ccccc2)n(COCCO)c(=O)n(C)c1=O,CHEMBL287706
DEC_3594,decoy,CCCCCc1nc2c([nH]1)N1C(=N[C@@H]3CCC[C@@H]31)N(C)C2=O,CHEMBL19046
DEC_0842,decoy,Cc1cccc(S(=O)(=O)C2(CC#Cc3ccc(Cl)cc3)SC(=O)NC2=O)c1,CHEMBL267767
DEC_3132,decoy,COc1ccc2c3c1O[C@H]1[C@@H](O)C=C[C@H]4[C@@H](C2)N(C)CC[C@@]341.O=S(=O)(O)O,CHEMBL284671
DEC_4528,decoy,O=C(/C=C/c1cccc(/C=C/c2ccc3ccccc3n2)c1)c1cc(-c2nn[nH]n2)ccc1O,CHEMBL12018
DEC_2546,decoy,O=S1NC(Cc2csc3ccccc23)=NO1,CHEMBL280082
ACT_100,active,CC1=NN(c2ccc(Cl)c(Cl)c2)C(=O)C1=Cc1c(C)c(C#N)c2nc3ccccc3n2c1O,CHEMBL1997349
DEC_3119,decoy,CC(=O)NS(=O)(=O)OC[C@@]12OC[C@H]3OC(C)(C)O[C@H]3[C@@H]1OC(C)(C)O2,CHEMBL25801
DEC_4469,decoy,CC1(C)OC[C@@H](C/C=C\CCC(=O)O)[C@@H](c2cncnc2)O1,CHEMBL18324
DEC_2005,decoy,Nc1ncnc2c1ncn2CC#CCOCP(=O)(O)O,CHEMBL23868
DEC_4012,decoy,COc1cc2c(cc1OC)[C@H]1CC(=O)NC1C2,CHEMBL36196
DEC_2319,decoy,CC(C)(N)C(=O)N[C@H](Cc1c[nH]c2ccccc12)C(=O)N1CCC2(CCc3ccccc3O2)CC1,CHEMBL13930
DEC_3393,decoy,CN(CCc1ccc2c(c1)OCO2)CC1CCCc2c(NS(C)(=O)=O)cccc21,CHEMBL10216
DEC_0592,decoy,CCCCc1nc2ccc([S+](C)[O-])cc2c(=O)n1Cc1ccc(-c2ccccc2-c2nn[nH]n2)cc1,CHEMBL287184
DEC_4570,decoy,N#CN1CCc2ccc3sc4ccccc4c3c2C1,CHEMBL13242
DEC_0562,decoy,CCCN(Cc1ccc(-c2ccccc2-c2nn[nH]n2)cc1)c1ncnc2c1ncn2Cc1ccccc1,CHEMBL49294
DEC_1709,decoy,NCCc1c[nH]c(-c2csc(Br)c2)n1,CHEMBL24346
DEC_2905,decoy,c1ccc2sc(C3(N4CCCCC4)CCCCC3)cc2c1,CHEMBL279556
DEC_3112,decoy,CCOC(=O)Nc1cc2c(c(N)n1)N=C(c1ccc(C)cc1C)CN2,CHEMBL422213
DEC_1480,decoy,CC(C)(C)C(=O)Oc1ccc(C(=O)c2ccccc2)cc1CCCO,CHEMBL10305
DEC_3442,decoy,O=C1Nc2cccc3c2C1(CCCN1CCN(c2ccccc2)CC1)CCC3,CHEMBL13052
DEC_0715,decoy,Nc1nc2c(cnn2CCO)c2nc(-c3ccco3)nn12,CHEMBL16508
DEC_1598,decoy,Cc1cccc(C)c1OC(=O)NS(=O)(=O)Oc1c(C(C)C)cccc1C(C)C,CHEMBL24996
DEC_3577,decoy,COc1ccc(/C=C/c2nc3c(c(=O)n(C)c(=O)n3C)n2C)cc1,CHEMBL26963
DEC_0634,decoy,CCCC[C@]1(CO)CC2C3Cc4ccc(O)c5c4C2(CCN3C)C(O5)[C@@H]1O,CHEMBL9943
DEC_1261,decoy,COc1cc2c(cc1OC)[C@@H]1C[C@@H]3C[C@H](O)CC[C@@H]3CN1CC2,CHEMBL416757
DEC_1201,decoy,Cc1cc2c(s1)CCC(CN[C@@H]1CC[C@@H](Oc3ccccc3)[C@H]1O)C2=O,CHEMBL15359
DEC_4168,decoy,CO[C@H]1O[C@]2(C)OO[C@]13[C@H](CCOCc1ccccc1)CCC[C@@H]3CC2(C)C,CHEMBL22956
DEC_2587,decoy,CC(C)c1ccccc1Sc1c(O)cc(-c2ccccc2)oc1=O,CHEMBL12844
ACT_006,active,CN(C)CCNS(=O)(=O)c1ccc(-c2ccc(/C=C3\SC(=N)NC3=O)o2)cc1,CHEMBL233554
DEC_1092,decoy,CCc1nc2c(n1Cc1ccc(-n3cccc3-c3nn[nH]n3)cc1)/C(=C/C(=O)O)CCCC2,CHEMBL43540
DEC_4190,decoy,Clc1ccc(C2COC(Cn3ccnc3)(c3ccccc3Cl)O2)c(Cl)c1,CHEMBL283668
DEC_0900,decoy,COc1cc2c(c(OC)c1OC)-c1ccc(SC)c(=O)cc1[C@@H](OC(=O)c1ccncc1)CC2,CHEMBL49847
DEC_3708,decoy,C=CCN(C)C(=O)N[C@H]1CC[C@](CNC(=O)c2ccccc2OC)(c2ccccc2)CC1,CHEMBL16917
DEC_0656,decoy,CC(C)Oc1nnc(-c2cc(C(C)(C)C)c(O)c(C(C)(C)C)c2)s1,CHEMBL16854
DEC_4711,decoy,CCc1cc(/C=C/C(=O)O)ccc1NC(=O)c1cccc(NC2=NCCCN2)c1,CHEMBL34993
DEC_0956,decoy,C=CC(=O)N1C[C@H](OCC23C[C@@H]4[C@H](C)CC[C@H]4C4(C=O)CC2C=C(C(C)C)[C@@]34C(=O)O)OC[C@H]1C,CHEMBL284622
DEC_2740,decoy,O=C1NC(=O)C(CS(=O)(=O)c2ccc3ccccc3c2)S1,CHEMBL30800
DEC_1734,decoy,CC(=O)[C@@]1(O)C[C@H](OC2CC(N)C(O)C(C)O2)c2c(O)c3c(c(O)c2C1(C)C)C(=O)c1ccccc1C3=O,CHEMBL27202
DEC_1614,decoy,CCO[C@H]1O[C@@H]2O[C@@]3(C)CCC4[C@H](C)CCC([C@H]1C)[C@]42OO3,CHEMBL6635
DEC_4170,decoy,CCCCCc1cc(OC(C)=O)c2c(c1)OC(C)(C)[C@@H]1CCC(COC(C)=O)CC21,CHEMBL10707
DEC_0826,decoy,COC1=C(C)C(=O)c2c(c(COC(N)=O)c3n2CCC3OC(=O)C(C)(C)C)C1=O,CHEMBL18427
DEC_3134,decoy,COc1cccc(OC)c1C(=O)N[C@@H]1C(=O)N2[C@@H]1SC(C)(C)[C@@H]2C(=O)O,CHEMBL575
DEC_3815,decoy,C[C@H](CS)C(=O)N1C[C@@H](Oc2ccccc2)C[C@H]1C(=O)O,CHEMBL278427
DEC_2335,decoy,Cc1cc(C(=O)Nc2ccc(-n3ccnc3CN)cc2F)n(-c2cc3ccccc3cc2F)n1,CHEMBL21312
DEC_3188,decoy,CS(=O)(=O)c1ccc(C2=C(c3cccc(F)c3)C(=O)CC2)cc1,CHEMBL23245
DEC_3613,decoy,COc1ccc(Cn2cnc3c2C(OC)N(C)N(C)C=N3)cc1,CHEMBL276651
DEC_4079,decoy,CC(C)CCC1(c2ccc(N)cc2)CCC(=O)NC1=O,CHEMBL29230
DEC_0192,decoy,N[C@H](Cc1onc(O)c1-c1ccccc1)C(=O)O,CHEMBL9777
DEC_3522,decoy,CCc1ccc(O)c(C(O)c2ccccc2)c1,CHEMBL27263
DEC_1643,decoy,COc1cc2c(cc1OC)C(C)=[N+]([O-])C(c1cccs1)N2,CHEMBL30112
DEC_1285,decoy,Oc1c(Cl)c(Cl)nc(C(Cl)(Cl)Cl)c1Cl,CHEMBL417247
DEC_1354,decoy,CCOC(=O)C(Cc1ccc(O[C@H]2CCNC2)cc1)c1cc2cc(C(=N)N)ccc2o1,CHEMBL279367
DEC_0560,decoy,COc1cccc(Sc2c(NS(=O)(=O)c3ccc(C(C)(C)C)cc3)noc2CCCC=O)c1,CHEMBL54057
DEC_4743,decoy,N=c1sc(-c2cc(Br)ccc2F)nn1-c1c(Cl)cc(C(F)(F)F)cc1Cl,CHEMBL49311
DEC_0412,decoy,CCN(CC)CCNc1ccc(CO)c2sc3ccc(O)cc3c(=O)c12,CHEMBL21952
DEC_4070,decoy,O=P1(NCCCl)OCCC(O)N1CCCl,CHEMBL733
DEC_0160,decoy,COC(=O)C1=C(C)N=C(C)/C(=C(/O)OC)C1C(C)C,CHEMBL418249
DEC_4601,decoy,C=CCN1CC[C@H]2Cc3cccc(OC)c3C[C@@H]21,CHEMBL24076
DEC_0468,decoy,O=NN(CCCl)C(=O)NC1CCSc2ccccc21,CHEMBL12470
DEC_4486,decoy,O=[N+]([O-])c1ccc(/C=C/S(=O)(=O)OCCCl)cc1,CHEMBL17525
DEC_2464,decoy,NCc1ccn(-c2cc3c(cc2C(F)(F)F)[nH]c(=O)c(=O)n3CC(=O)O)c1,CHEMBL12715
DEC_3936,decoy,COc1ccc(C2=C(OC(C)=O)c3cccn3-c3ccccc3S2(=O)=O)cc1,CHEMBL33530
DEC_1870,decoy,C[C@]12CC/C(=N\N=C(N)N)C=C1CC[C@@H]2CN1C(=O)c2ccccc2C1=O,CHEMBL29715
DEC_2221,decoy,CCCCc1nc(SC)c(CO)n1Cc1ccc(-c2ccccc2S(=O)(=O)NC(=O)NCCC)cc1,CHEMBL79106
DEC_4057,decoy,O=C1CN2Cc3cc(N4CCCCC4)c(Cl)cc3N=C2N1,CHEMBL31484
DEC_2627,decoy,CC1=C(C(=O)O)N2C(=O)C(NC(=O)CCO/N=C\c3ccccc3)C2SC1,CHEMBL32048
DEC_1367,decoy,O=C(/C=C/c1ccc(OCc2nccs2)cc1)c1cc(-c2nn[nH]n2)ccc1O,CHEMBL273727
DEC_3408,decoy,CCCC1=C(C(=O)OCc2ccc(C(=O)N(C)C)cc2)C(c2cccc(C)c2)NC(=O)N1,CHEMBL16395
DEC_2304,decoy,Cc1cc(C(c2ccc(Oc3ccccc3)cc2)N2CCN(C)CC2)sn1,CHEMBL23008
DEC_0563,decoy,COc1ccc(CCN(C)CC#CCCC(O)(c2ccccc2)C2SCCCS2)cc1OC,CHEMBL287990
DEC_4046,decoy,CCS(=O)(=O)N(C)[C@@H]1CCN2CCc3ccccc3[C@@H]2C1,CHEMBL282848
DEC_4122,decoy,CC12CCC3c4ccc(O)cc4CCC3C1CC(O)C2O,CHEMBL283081
DEC_1455,decoy,[N-]=[N+]=NC1CC(N=[N+]=[N-])c2cc(C(=O)CC(=O)C(=O)O)ccc21,CHEMBL20592
DEC_2215,decoy,C=C(CC[C@H](O)[C@@]1(C)CC[C@H](C(C)(C)O)O1)[C@H]1CC[C@H]2O[C@@H]([C@]3(C)CC[C@@H](C(C)(C)O)O3)CC[C@]2(C)O1,CHEMBL22785
DEC_0991,decoy,CC(C)c1cccc(C(C)C)c1OC(=O)[N-]S(=O)(=O)Oc1c(C(C)C)cccc1C(C)C.[Na+],CHEMBL25110
DEC_3270,decoy,CC1CC(NC(=O)N(CCCl)N=O)CC(C)(C)C1,CHEMBL275300
DEC_3537,decoy,CCCN1CCC[C@@H]2c3cccnc3CC[C@H]21,CHEMBL275978
DEC_0022,decoy,N#Cc1cc(-c2ccoc2)c2ccc(OCc3cccc(C4(O)CC5COC(C4)O5)c3)cc2n1,CHEMBL22578
DEC_1334,decoy,COC(=O)C1=C(C)N=C(C)/C(=C(\O)OC)C1c1cccc(C)c1,CHEMBL24419
DEC_2254,decoy,CC(C)(C)OC(=O)N[C@@H](Cc1ccccc1)[C@@H](O)CNC[C@H](O)[C@H](Cc1ccccc1)NC(=O)OC(C)(C)C,CHEMBL51182
DEC_2882,decoy,C=Cc1c(C)c(O)cc2c1-c1ccc(O)c(C)c1CC2,CHEMBL38650
DEC_1162,decoy,CC(C)C1CCNc2cc3nc(O)cc(C(F)(F)F)c3cc21,CHEMBL27276
DEC_0240,decoy,CC(C)NC(=O)N(C(=O)[C@H]1CCC2C3CCC4N(C)C(=O)C=C[C@]4(C)C3CC[C@@]21C)C(C)C,CHEMBL25593
DEC_3517,decoy,C=CCN1CC[C@H]2Cc3c(O)cccc3C[C@@H]21,CHEMBL267557
DEC_4635,decoy,COc1ccccc1C(=O)NC[C@]1(c2ccccc2)CC[C@H](OC(=O)NCCO)CC1,CHEMBL16882
DEC_1150,decoy,CC(C)(C)c1cc(-c2noc(NC#N)n2)cc(C(C)(C)C)c1O,CHEMBL16981
DEC_2659,decoy,Cc1nc(N)ccc1CNC(=O)Cn1c(C)cc2c(c1=O)NC(=O)[C@](C)(CC(C)C)C2,CHEMBL11181
DEC_2465,decoy,Cc1c(CCC(=O)O)s/c(=N\C(=O)c2ccc(C(=N)N)cc2)n1C,CHEMBL8572
DEC_1105,decoy,Cc1ccc2c(c1)N(C(=O)N1CCNCC1)Cc1c(C(=O)OC(C)(C)C)ncn1-2,CHEMBL278414
DEC_1628,decoy,CCNc1nc(N2CCN(C)CC2)nc(Cl)c1SC,CHEMBL28184
DEC_2114,decoy,CC12N[C@H](CC3CCCCC31)C1CCCCC12,CHEMBL9477
DEC_3093,decoy,CCOC(=O)c1oc2cc(O)cc(O)c2c(=O)c1-c1ccc(OC)cc1,CHEMBL31207
DEC_0800,decoy,CCN(CC)CCn1nc2c3c(c(CN)ccc31)Sc1ccc(OC)cc1-2,CHEMBL27064
DEC_1747,decoy,CNC(=O)[C@@H]1CCCN(C(C)=O)CCCCO[C@H](C(=O)NO)[C@@H](CCCc2ccccc2)C(=O)N1,CHEMBL32325
DEC_2852,decoy,CCCCNC(=O)N1N=C(c2ccc(N)cc2)c2cc3c(cc2CC1C)OCO3,CHEMBL9043
DEC_4103,decoy,CN(C)c1ncnc2c1ncn2CCCc1ccccc1,CHEMBL276250
DEC_2321,decoy,Nc1nc(O)c2nc(Br)n(C3CCCc4cccc(Br)c43)c2n1,CHEMBL267102
DEC_2988,decoy,CC[C@@]1(O)C(=O)OCc2c1cc1n(c2=O)C(CC(=O)N2CCCC2)c2cc3ccccc3nc2-1,CHEMBL42038
DEC_1569,decoy,C=C1/C(=C\C=C\[C@@H]2CCC[C@H]([C@@H](C)CCCC(C)(C)O)C2(C)C)C[C@@H](O)C[C@@H]1O,CHEMBL431123
DEC_3524,decoy,CCc1ccc(O)c(C(=O)c2cccn2C)c1,CHEMBL27886
DEC_1895,decoy,CCC1C2Cc3ccc(O)cc3C1(CC)CCN2C(=O)CN.Cl,CHEMBL286206
DEC_4035,decoy,CCC(=O)N(c1cccc(Br)c1)C1CCCC1N(C)C,CHEMBL22165
DEC_0771,decoy,CCc1noc(NS(=O)(=O)c2cccc3c(N(C)C)cccc23)c1C,CHEMBL27344
DEC_2288,decoy,COc1ccc([C@]2(C#N)C[C@H]3C[C@@H](C(=O)O)C[C@H]3C2)cc1OC(C)C,CHEMBL26767
DEC_4519,decoy,COC(=O)c1c(C)nc(O)c2c1ccc1nc(Nc3c(Cl)cccc3Cl)n(C)c12,CHEMBL26409
DEC_4591,decoy,CCCN1[C@@H]2CCc3cccc(OC)c3[C@@H]2C[C@@H]1C,CHEMBL24622
DEC_3121,decoy,CC1(C)O[C@H]2[C@@H]3OC4(CCCC4)O[C@@H]3CO[C@@]2(COS(N)(=O)=O)O1,CHEMBL26780
DEC_2292,decoy,COc1ccc(-c2nc(SC)n(C)c2-c2ccc(OC)cc2)cc1,CHEMBL17744
DEC_0652,decoy,CC1(C)C2=CCC3C(CC[C@@]4(C)C3CC[C@@H]4OC3CC3)[C@@]2(C)CC[C@@H]1O,CHEMBL6245
DEC_2691,decoy,CCc1nc2ccccc2c(=O)n1CCCNC(=O)C1=CC(C)(C)NC1(C)C,CHEMBL15743
DEC_1952,decoy,Cc1ccc(S(=O)(=O)O)cc1.N/C(=N\O)N/N=C/c1nccc2ccccc12,CHEMBL12991
DEC_1450,decoy,CCC[C@H](NC)[C@H]1COC(c2ccccc2)(c2ccccc2)O1,CHEMBL27946
DEC_3606,decoy,CN1CC(=O)/C(=C(O)\C=C\C=C\c2ccc(N(C)C)cc2)C1=O,CHEMBL10507
DEC_2759,decoy,Nc1nc(N)c2nc(CSc3ccc(Cl)cc3)cnc2n1,CHEMBL23787
DEC_1997,decoy,Cn1c(=O)c2nc(-c3ccc(N)cc3N)[nH]c2n(C)c1=O,CHEMBL11000
DEC_3047,decoy,CCc1nc(O)c(CCC(=O)OC)c2cc(OC)c(OC)cc12,CHEMBL281548
DEC_3003,decoy,CC(C)(C)OC(=O)N1CCC(C(=O)N2CCN(CCNc3ccnc4cc(Cl)ccc34)CC2)C1,CHEMBL30901
DEC_1872,decoy,OC(c1ccc(F)cc1)C(O)(Cn1cncn1)c1ccc(F)cc1,CHEMBL10691
DEC_0837,decoy,CC1(C)C=C(n2ccccc2=O)c2cc(S(=O)(=O)Nc3ccc(C#N)cc3)ccc2O1,CHEMBL12380
DEC_0245,decoy,CC(C)c1cc(Oc2c(Br)cc(CC(=O)O)cc2Br)ccc1O,CHEMBL39174
DEC_2833,decoy,CC(C)c1ccccc1Sc1c(O)cc(-c2ccc(C(N)=O)cc2)oc1=O,CHEMBL273732
DEC_1002,decoy,CNP1(N2CC2)=NP(N2CC2)(N2CC2)=NP(N2CC2)(N2CC2)=N1,CHEMBL27942
DEC_0361,decoy,CCCCN(C=O)[C@H]1CCC2C3CC[C@H]4N(C)C(=O)CC[C@]4(C)C3CC[C@@]21C,CHEMBL277053
DEC_3884,decoy,C/N=C(\NC#N)NCCCCn1nc(-c2ccccc2)ccc1=O,CHEMBL15333
DEC_4096,decoy,C[C@H](N)[C@H]1COC(c2ccccc2)(c2ccccc2)O1,CHEMBL28121
DEC_2838,decoy,CSc1sc(C(=N)N)cc1-c1nc(-c2ccc3c(c2)OCCCO3)cs1,CHEMBL281898
DEC_0352,decoy,CC(=O)O[C@@H]1O[C@@H]2O[C@@H](OC(C)=O)[C@@H]3CC[C@H]([C@H]1CC/C=C(\C)CCC=C(C)C)[C@H]23,CHEMBL11775
ACT_064,active,CC(C)n1cnnc1-c1cccc(N2Cc3ccccc3C2=O)n1,CHEMBL3952214
DEC_1904,decoy,Nc1nc(N)c2c([S+]([O-])c3ccc(Cl)c(Cl)c3)cccc2n1,CHEMBL6642
DEC_4091,decoy,CNc1nc(N2CCN(C)CC2)nc(Cl)c1SC,CHEMBL27962
DEC_4405,decoy,C=C1C[C@@]23O[C@]2(c2ccccc21)C1CC(OC(=O)[C@H](O)[C@@H](NC(=O)OCC)c2cccnc2)C3(C)C1(C)C,CHEMBL286579
DEC_4204,decoy,Cc1ccc(C2(Cn3ccnc3)OCC(c3ccc(Br)cc3)O2)cc1,CHEMBL29578
DEC_2858,decoy,CC(C)c1cccc(C(C)C)c1OC(=O)NS(=O)(=O)Nc1ccccc1,CHEMBL277914
DEC_1355,decoy,CCC1=C(c2ccc(O)cc2)c2ccc(OCC(O)CO)cc2Oc2ccccc21,CHEMBL276306
DEC_1537,decoy,COc1ccc(-c2cc3c(c(=O)o2)C[C@]2(O)[C@@]4(C)C(=O)C=CC(C)(C)[C@]4(O)CC[C@@]2(C)O3)cc1,CHEMBL278342
DEC_0908,decoy,CC(C)N(C=O)[C@H]1CCC2C3CC[C@H]4N(C)C(=O)CC[C@]4(C)C3CC[C@@]21C,CHEMBL17268
DEC_4505,decoy,COc1ccc(/C=C/c2nc3c(=O)n(C)c(=O)n(C)c3[nH]2)cc1,CHEMBL281958
DEC_2372,decoy,CCC(C)(C)/N=c1\c(O)c(O)\c1=N/Cc1cc(F)cc(F)c1,CHEMBL19879
DEC_4113,decoy,CCC1Nc2cccc([C@@H]3C[C@H]3CNC(=O)C(C)C)c2O1,CHEMBL431103
DEC_1238,decoy,Cc1cc2c(s1)CN(C)CC2c1ccc(Br)cc1,CHEMBL430337
DEC_0936,decoy,CC(C)(C)NC(=O)[C@H]1CC[C@H]2[C@@H]3CCC4=CC(=O)CCN4[C@H]3CC[C@]12C,CHEMBL276871
DEC_1051,decoy,Oc1ccc2c3c1O[C@H]1c4[nH]c5ccccc5c4C[C@@]4(O)C(C2)N(CC2CC2)CC[C@]314,CHEMBL149
DEC_4268,decoy,CN1CCc2ccc3c4c2[C@H]1Cc1cccc(c1-4)[C@@]3(C)O,CHEMBL27309
DEC_0300,decoy,CCOC(=O)c1cnc2ccc(C3(CCC(=O)OC)CCC(=O)NC3=O)cc2c1O,CHEMBL25390
DEC_3052,decoy,Nc1nc(N)c2c(CSc3ccc4ccccc4c3)c[nH]c2n1,CHEMBL275893
DEC_2359,decoy,CC1(C(=O)Nc2ccc(-c3ccccc3S(N)(=O)=O)cc2)CC(c2ccc(Cl)c(N)c2)=NO1,CHEMBL7905
DEC_1882,decoy,CC(=O)c1cc2c(s1)[C@@H](NC(=O)c1ccccc1F)[C@H](O)C(C)(C)O2,CHEMBL28737
DEC_0636,decoy,N=C(N)c1ccc2oc(CCc3ccc(O[C@H]4CCNC4)cc3)cc2c1,CHEMBL19626
DEC_2197,decoy,COc1ccc(OC)c2c1C1CC(N=C(N)N)C2O1.O=[N+]([O-])O,CHEMBL12723
DEC_2956,decoy,CCC1C(=O)N(CC(C)C)C2Sc3ccccc3N2C1=O,CHEMBL282776
DEC_2044,decoy,NNC(=O)CC1Sc2ccccc2NC1=O,CHEMBL34597
DEC_1842,decoy,CCN1C(C(=O)N[C@@H](Cc2ccccc2)C(=O)C(=O)OC)Cc2cc3c(cc2S1(=O)=O)OCCO3,CHEMBL8860
DEC_2296,decoy,Clc1ccc(C2COC(Cn3ccnc3)(c3ccccc3)O2)cc1,CHEMBL28653
DEC_0188,decoy,CCN(CC)c1cc(N)c2cc(OC)c(OC)cc2n1,CHEMBL8568
DEC_3946,decoy,CCN1C(=O)c2c(ncn2Cc2ccc(OC)c(Cl)c2)N2C1=N[C@@H]1CCC[C@@H]12,CHEMBL25985
DEC_4542,decoy,CN1CCCC1CCNc1nc(Nc2cccc(Br)c2)nc2ccccc12,CHEMBL417857
DEC_0242,decoy,COc1ccc2c(c1)C=CC21CCN(S(=O)(=O)C[C@]23CCC(CC2=O)C3(C)C)CC1,CHEMBL13477
DEC_4568,decoy,CSc1ccc(/C=C/C2=CC(=O)C(C)(C)O2)cc1,CHEMBL17756
DEC_0255,decoy,CC(=O)/C=C/C(=O)N[C@@H]1CCC2(O)C3Cc4ccc(O)c5c4C2(CCN3CC2CC2)C1O5,CHEMBL26883
DEC_1645,decoy,Nc1nc2c(cnn2CCc2ccccc2)c2nc(-c3ccco3)nn12,CHEMBL17127
DEC_1951,decoy,O=C1c2ccccc2C(=O)c2c(O)c3c(c(O)c21)C(=O)C(C(=O)O)CN3C1CC1,CHEMBL12851
DEC_4447,decoy,O=C(NC[C@@H]1Cc2ccccc2CN1/C(S)=N/C[C@H]1CCCN1Cc1ccccc1O)Nc1ccccc1,CHEMBL40409
DEC_1202,decoy,O=C(CCCn1c2c(c3ccccc31)C(=O)CN1CCCCC21)NC1CCCC1,CHEMBL285647
DEC_3111,decoy,CC(=O)Nc1ccc(S(=O)(=O)Nc2onc(C)c2C)c2ccccc12,CHEMBL26527
DEC_1782,decoy,O=C1O[C@H](c2cccc(Cl)c2)[C@@](Cn2cncn2)(c2cccc(Cl)c2)O1,CHEMBL269178
DEC_2038,decoy,O=C(c1ccc2n1CCC2C(=O)O)C1CCC1,CHEMBL9142
DEC_0686,decoy,CC(C)c1ccc(C2N=C(S)N(C(C)C)c3cc4c(cc32)OCO4)cc1,CHEMBL276408
DEC_4135,decoy,CC1(C)CCc2cc3c(C(F)(F)F)cc(=O)oc3cc2N1,CHEMBL7289
DEC_3450,decoy,Cc1ccc(CNC(=O)CCn2c3c(c4ccccc42)C(=O)CN2CCCCC32)o1,CHEMBL29364
DEC_4414,decoy,N=C(N)NS(=O)(=O)C(F)(F)C(F)(F)C(F)(F)C(F)(F)C(F)(F)C(F)(F)C(F)(F)C(F)(F)F,CHEMBL52638
DEC_3316,decoy,CC1(C)C(=O)N(c2ccc(C#N)c(C(F)(F)F)c2)C(=O)N1CCCCO,CHEMBL9337
DEC_3976,decoy,C/C=C/c1nc2cc3c(cc2[nH]1)C(C)(C)C(=O)N3,CHEMBL34909
DEC_3158,decoy,CCCc1c(O)n(-c2ccc(F)cc2)c2nc3c(c(=O)n(C)c(=O)n3C)n2c1=O,CHEMBL441338
DEC_0190,decoy,COc1cc2cc(N(C)C)nc(N)c2cc1OC,CHEMBL263716
DEC_1321,decoy,O=C(O)C1Cc2cc3c(-c4ccccc4F)noc3c(Cl)c2O1,CHEMBL268891
DEC_1908,decoy,N#Cc1ccc(S(=O)(=O)Nc2cccc3c(Cl)c[nH]c23)cc1,CHEMBL20814
DEC_3963,decoy,COc1ccc(C(=O)c2c(C)n(CCN3CCC(O)CC3)c3ccccc23)cc1,CHEMBL13315
DEC_0140,decoy,CC12C=CC(=O)C=C1CCC1C2C(=O)CC2(C)C1CC[C@]2(O)C(=O)CO,CHEMBL15720
DEC_3556,decoy,FC(F)(F)c1cccc(N2CCNCC2)c1,CHEMBL274866
DEC_3996,decoy,COc1ccc(C2CC(=O)N(C)C2)cc1OC,CHEMBL35393
DEC_0142,decoy,C[C@]12C=CC(=O)C=C1CC[C@@H]1[C@@H]2C(=O)C[C@@]2(C)[C@H]1CC[C@]2(O)C(=O)CO,CHEMBL635
DEC_4699,decoy,CNC(=O)O[C@H]1CC[C@](CNC(=O)c2ccccc2OC)(c2ccccc2)CC1,CHEMBL16945
DEC_3423,decoy,CC(C)OC(=O)c1ccccc1CSc1c(O)cc(-c2ccccc2)oc1=O,CHEMBL276097
DEC_1277,decoy,O=C(O)c1ccc2c(c1)c1c3c(cc4c1n2C(=O)CC4)CNCC3,CHEMBL287863
DEC_3457,decoy,O=S(=O)(c1nc(-c2ccccc2)c(-c2ccccc2)[nH]1)C(F)(F)C(Cl)Cl,CHEMBL415993
DEC_3103,decoy,Cc1c(CNc2cccc3ccccc23)cnc2nc(N)nc(N)c12,CHEMBL23867
DEC_1159,decoy,CC[C@H]1Nc2cc3nc(O)cc(C(F)(F)F)c3cc2C[C@H]1C,CHEMBL7089
DEC_0510,decoy,CC(=O)OCC(=O)[C@@]12OC(C)(C)O[C@@H]1CC1C3CCC4=CC(=O)C=CC4(C)[C@@]3(F)C(O)CC12C,CHEMBL287063
DEC_3736,decoy,CCS(=O)(=O)N(C)c1ccc2ccc(OCc3ccc4ccccc4n3)cc2c1,CHEMBL273551
DEC_2920,decoy,COc1ccc2c(c1)C13CCN(C)C(C2)[C@H]1[C@H](C)[C@@H](C)C(=O)C3,CHEMBL34800
DEC_2591,decoy,Cc1cc(C#N)sc1-c1ccc2c(c1)C1(CCCCC1)C(S)=N2,CHEMBL28031
DEC_1165,decoy,Nc1nc(N)c2c(CSc3ccc4ccccc4c3)cccc2n1,CHEMBL6975
DEC_3629,decoy,COc1ccc(C(c2ccc(C(C)C)cc(=O)c2O)c2oc(CO)cc(=O)c2O)cc1,CHEMBL18616
DEC_4399,decoy,CCOC(=O)N[C@@H](c1ccc(OC)cc1)[C@@H](O)C(=O)OC1CC2C(C)(C)C1(C)[C@@]13C[C@H](C)c4ccccc4[C@@]21O3,CHEMBL287102
DEC_4755,decoy,O=C(O)Cc1nn(Cc2nc3cc(C(F)(F)F)cc(C(F)(F)F)c3s2)c(=O)c2ccccc12,CHEMBL277708
DEC_2780,decoy,O=C1CN2CCCCC2c2c1c1ccccc1n2CCCNS(=O)(=O)c1ccc(Cl)s1,CHEMBL33327
DEC_1839,decoy,Cn1cncc1CCNC(=O)CN1CCN(S(=O)(=O)c2cc3ccc(Cl)cc3s2)CC1=O,CHEMBL48236
DEC_1981,decoy,CC(=O)N[C@H]1[C@H](N2CCOCC2)C=C(C(=O)O)C[C@@H]1N,CHEMBL22803
DEC_4243,decoy,CC1(C)OC(S)=Nc2ccc(-c3ccc(F)c(F)c3)cc21,CHEMBL25181
DEC_0696,decoy,CCCc1cc(=O)oc2c3c(c4c(c12)OC(C)(C)C=C4)O[C@H](CC)[C@@H](C)[C@@H]3O,CHEMBL7840
DEC_4229,decoy,C#C[C@]1(O)CCC2C3CCC4=CC(=O)CCC4C3CC[C@@]21C,CHEMBL266115
DEC_0542,decoy,CCSC1=NS(=O)(=O)c2cc(C)cnc2N1Cc1ccc(-c2ccccc2-c2nn[nH]n2)cc1,CHEMBL13783
DEC_1209,decoy,O=C(c1ccccc1Cl)C(O)(Cn1cncn1)c1ccccc1Cl,CHEMBL10565
DEC_0981,decoy,CCN(C/C=C/C#CC(C)(C)C)Cc1cccc(OCCN(C)S(=O)(=O)c2cccs2)c1,CHEMBL281025
DEC_3678,decoy,c1ccc(Cc2nn[nH]n2)c(COc2ccc(OCc3ccc4ccccc4n3)cc2)c1,CHEMBL18518
DEC_2839,decoy,CC(C)c1cccc(C(C)C)c1NC(=O)NS(=O)(=O)N(C(C)C)C(C)(C)C,CHEMBL281597
DEC_0438,decoy,C[C@H](OC(=O)/C=C/c1ccc(O)c(O)c1)[C@H](C)OC(=O)/C=C/c1ccc(O)c(O)c1,CHEMBL31883
DEC_1641,decoy,CS(=O)(=O)c1ccc(C(=O)c2ccc3n2CCC3C(=O)O)cc1,CHEMBL9362
DEC_1688,decoy,C=CCC1(C(C)C#CCC)C(=O)NC(=O)N(C)C1=O,CHEMBL7413
DEC_1996,decoy,CNc1ncnc2c1ncn2[C@H]1[C@H](O)[C@H](O)[C@]2(CO)C[C@H]12,CHEMBL27009
DEC_1648,decoy,CN1Cc2c(C(=O)OC(C)(C)C)ncn2-c2ccsc2C1=O,CHEMBL269366
DEC_0650,decoy,CC1(C)N=C(N)N=C(N)N1c1cccc(C[Se]c2ccccc2)c1,CHEMBL20224
DEC_3449,decoy,CN1C[C@H](CNC(=O)OCc2ccccc2)C[C@@H]2c3cccc4c3c(cn4C)C[C@H]21,CHEMBL19215
DEC_3681,decoy,CC(C)c1nn2ccccc2c1S(=O)(=O)c1ccc(OCCCNC(C)(C)C)cc1,CHEMBL33497
DEC_0109,decoy,C=C[C@]1(CO)CC2C3Cc4ccc(OC)c5c4C2(CCN3C)C(O5)[C@@H]1O,CHEMBL10178
DEC_2428,decoy,NS(=O)(=O)c1ccccc1-c1ccc(NC(=O)C2CC(c3ccc(Cl)cc3Cl)=NO2)cc1,CHEMBL301976
DEC_0029,decoy,CC1(C)C=C(n2ccccc2=O)c2cc(S(=O)(=O)Nc3ccccc3Br)ccc2O1,CHEMBL267301
DEC_3161,decoy,CCCc1c(O)n(Cc2ccccc2)c2nc3c(c(=O)n(C)c(=O)n3C)n2c1=O,CHEMBL268717
DEC_4525,decoy,C=CC(O)c1nc(O)c2c(ccc3nc(Nc4c(Cl)cccc4Cl)n(C)c32)c1C,CHEMBL281285
DEC_0471,decoy,CCCCCCc1nc2c([nH]1)N1CC3(CCCC3)N=C1N(C)C2=O,CHEMBL18965
DEC_3083,decoy,CCc1cc(C#N)ccc1C/N=c1\c(O)c(O)\c1=N/[C@H](C)C(C)(C)C,CHEMBL19516
DEC_2357,decoy,CC(NC(=O)C(=O)N/N=C1\C[C@H](c2ccccc2F)Nc2cc3c(cc21)OCO3)c1ccccc1,CHEMBL278893
DEC_2755,decoy,CCOP(=O)(OCC)C(N)C1CCCC1.O=C(O)C(=O)O,CHEMBL38487
ACT_010,active,N#CCCc1cc(-c2ccc[nH]2)c2c3c(ccc(F)c13)NC2=O,CHEMBL415471
DEC_1823,decoy,COC(=O)/C=C\C(=O)N(C)[C@@H]1CCC2(O)C3Cc4ccc(O)c5c4C2(CCCN3CC2CC2)[C@H]1O5,CHEMBL43084
DEC_0780,decoy,CN1CCC(O)(c2nc(-c3ccc(F)cc3)c(-c3ccncc3)s2)CC1,CHEMBL280524
DEC_2103,decoy,C[C@@H](N)Cc1c[nH]cn1.S=C(NC1CCCCC1)N1CCC(c2c[nH]cn2)CC1,CHEMBL12294
DEC_3856,decoy,Cc1cc(/N=c2\c(O)c(O)\c2=N/[C@H](C)C(C)(C)C)ccc1C#N,CHEMBL18951
DEC_0305,decoy,C=CCC1(C(C)CCC)C(=O)NC(=S)NC1=O,CHEMBL440
DEC_1798,decoy,C=CCN1CCCC[C@H]1[C@H]1COC(c2ccccc2)(c2ccccc2)O1,CHEMBL27830
DEC_3036,decoy,CC1(C)Oc2ccc(C#N)cc2C(NC(=O)c2ccc(C#N)cc2)[C@@H]1O,CHEMBL16506
ACT_060,active,O=c1c(O)cc([C@H]2Oc3cc(O)cc(O)c3C[C@H]2O)cc2c([C@H]3Oc4cc(O)cc(O)c4C[C@H]3O)cc(O)c(O)c12,CHEMBL346119
DEC_1683,decoy,CC[C@]1(c2ccc(F)cc2)OC[C@H]([C@@H]2CCCCN2)O1,CHEMBL416562
DEC_4165,decoy,CC(NC(=O)c1ccccc1)C1CCC2C3CC=C4CC(O)CCC4(C)C3CCC12C,CHEMBL8446
DEC_2834,decoy,COc1ccc(CCCc2nc(N)nc(N)c2-c2cccc(Cl)c2)cc1,CHEMBL278813
DEC_1994,decoy,Oc1cccnc1C1CCNCCNCCCNCCN1,CHEMBL280252
DEC_4291,decoy,CSc1ccc(N2CC(CNC(C)=O)OC2=O)cc1,CHEMBL416536
DEC_0278,decoy,CC12CCC(O1)C(C)(C)C2COC(=O)[C@H](NC(=O)[C@@H](N)CC(=O)O)c1ccccc1,CHEMBL9833
DEC_4494,decoy,CCCCC(O)(Cn1cncn1)C(=O)c1ccccc1Cl,CHEMBL276901
DEC_0730,decoy,C/C(=N\N=C(/S)Nc1cccc(N)n1)c1ccccn1,CHEMBL30357
DEC_3904,decoy,CC(/C=C/C(=O)NO)=C\[C@@H](C)C(=O)c1ccc(N(C)C)cc1,CHEMBL99
DEC_0847,decoy,CSc1ccc(C2=C(c3ccc(S(C)(=O)=O)cc3)C(C)(O)OC2=O)cc1,CHEMBL277118
DEC_4283,decoy,COc1ccc2c3c1O[C@H]1C[C@@H](O)C=C[C@@]31CCN(C)C2,CHEMBL659
DEC_1047,decoy,CN1CCC23c4c5ccc(O)c4OC2[C@H](O)[C@](CO)(CCCCc2ccccc2)CC3C1C5,CHEMBL416699
DEC_0578,decoy,COc1ccc2c(c1OC(C)=O)-c1cc(O)cc3c1C(C2)N(C(=O)CN(CCCl)CCCl)CC3,CHEMBL7060
DEC_2697,decoy,CCCNC(=O)N1CCN(c2cc(N)c3cc(OC)c(OC)cc3n2)CC1,CHEMBL8369
DEC_4105,decoy,C/N=C(/S)C1(c2cccnc2)CCCC/C1=C\C=O,CHEMBL40827
DEC_0258,decoy,CC(C)C[C@@H](COC1CC(=O)N1)NC(=O)[C@@H](NC(=O)OC(C)(C)C)C(C)(C)C,CHEMBL32936
DEC_0957,decoy,C=C(C)CN1C[C@H](OCC23C[C@@H]4[C@H](C)CC[C@H]4C4(C=O)CC2C=C(C(C)C)[C@@]34C(=O)O)OC[C@H]1C,CHEMBL284180
DEC_2310,decoy,Cc1ccc(C2COC(Cn3ccnc3)(c3ccc(Cl)cc3)O2)cc1,CHEMBL282954
DEC_4080,decoy,CCOC(=O)NP(=O)(N1CC1(C)C)N1CC1(C)C,CHEMBL280685
DEC_4154,decoy,CC(C)(C)c1cc(-c2nnc(NC#N)o2)cc(C(C)(C)C)c1O,CHEMBL16814
DEC_2830,decoy,CCC1=C(c2ccccc2)c2ccc(OCC(O)CO)cc2Sc2ccccc21,CHEMBL277605
DEC_1584,decoy,C[C@H]1C(Oc2ccc(C(=O)O)cc2)O[C@@H]2O[C@]3(C)CC[C@H]4[C@H](C)CCC1C24OO3,CHEMBL287140
DEC_1228,decoy,OC(c1ccc(F)cc1)C(O)(Cn1cncn1)c1ccc(Cl)cc1Cl,CHEMBL10489
DEC_2810,decoy,O=c1c2c(oc(O)c1C(c1cccc(NS(=O)(=O)c3ccccc3)c1)C1CC1)CCCCCC2,CHEMBL16400
DEC_2365,decoy,[O-][P@+]1(N(CCCl)CCCl)NC[C@@H](Cl)CO1,CHEMBL31565
DEC_4687,decoy,COc1cc2cc(N)c(CO)c(-c3cc(OC)c(OC)c(OC)c3)c2cc1OC,CHEMBL25423
DEC_1356,decoy,CN(C)CC/N=C(/NC#N)Nc1cccc(/C(=C\CCCC(=O)O)c2cccnc2)c1,CHEMBL21874
ACT_092,active,CCn1c(-c2nonc2N)nc2cnccc21,CHEMBL189657
DEC_1900,decoy,CC(C)(C)c1cc(-c2nnc(N=C(N)N)o2)cc(C(C)(C)C)c1O,CHEMBL16878
DEC_2085,decoy,CC(Cc1c[nH]c2cc(Br)ccc12)NCC(O)c1cccc(Cl)c1,CHEMBL24899
DEC_1657,decoy,COc1cccc(Oc2cc(Cn3ccnc3)ccc2C#N)c1,CHEMBL22826
DEC_3253,decoy,CCC(C)(C)/N=c1\c(O)c(O)\c1=N/Cc1ccc(Cl)cc1Cl,CHEMBL20352
DEC_1327,decoy,CCOC(=O)c1c(C)cc2cnn(-c3ccccc3C)c(=O)c2c1C,CHEMBL418016
DEC_4510,decoy,COC(=O)CCC(C)C(=O)N1c2ccccc2CC1C(=O)O,CHEMBL277188
DEC_1627,decoy,CC(=O)OCC(=O)c1cc(C(C)(C)C)c2c(c1)C(C)(C)CO2,CHEMBL13812
DEC_2083,decoy,CC(c1ccc(-c2nc(-c3ccc(F)cc3)c(-c3ccncc3)[nH]2)cc1)N(O)C(N)=O,CHEMBL16925
DEC_0876,decoy,COP(=O)(Oc1ccccc1-c1ccccc1O)C1CCCN1C(=O)[C@@H]1CCCN1.Cl,CHEMBL9237
DEC_2733,decoy,COc1cc(CN2CCc3c(oc4nc(N)nc(N)c34)C2)cc(OC)c1,CHEMBL284960
DEC_0890,decoy,COCc1nc(N2CCN(CCc3ccc(F)c(F)c3)CC2)c2c(n1)c1c(Cl)nccc1n2C,CHEMBL25905
DEC_3352,decoy,CSc1cc2n(c1C(=O)c1ccc(Cl)cc1)CCC2C(=O)O,CHEMBL443491
DEC_3720,decoy,OC1(c2cccc(COc3ccc4c(-c5ccoc5)cncc4c3)n2)CC2COC(C1)O2,CHEMBL22736
DEC_1731,decoy,CO[C@@]12C(COC(N)=O)C3=C(C(=O)C=C(O/C(=N/C4CCCCC4)NC4CCCCC4)C3=O)N1CC1NC12,CHEMBL295324
DEC_2367,decoy,O=S(=O)(OCCCl)c1c(F)c(F)c(F)c(F)c1F,CHEMBL17537
DEC_0603,decoy,CCC/C=C(\NC(=O)C1CC1(Br)Br)C(=O)O,CHEMBL11661
DEC_0539,decoy,CC(C)(C)[Si](C)(C)OCC1OC(n2ccc(N)nc2=O)C(O[Si](C)(C)C(C)(C)C)C1C#N,CHEMBL299357
DEC_2609,decoy,O=C(c1cc2ccccc2[nH]1)c1cc2cc(OC(=O)C3CC3)ccc2[nH]1,CHEMBL7114
DEC_0191,decoy,N[C@@H](Cc1onc(O)c1-c1ccccc1)C(=O)O,CHEMBL9698
DEC_1396,decoy,CC(=O)NC1CC(=O)OC1C(OC(C)=O)C(=O)NC(CC(C)C)C1Cc2cccc(O)c2C(=O)O1,CHEMBL282520
DEC_4217,decoy,CC1(C)OC(S)=Nc2ccc(-c3cc(F)cc(F)c3)cc21,CHEMBL281182
DEC_3637,decoy,CC1(C)N=C(N)N=C(N)N1c1cccc(OCCOc2cccc(C(F)(F)F)c2)c1,CHEMBL20628
DEC_0752,decoy,CCC/C=C/C(=O)O[C@H](CC=C(C)C)C1=CC(=O)c2c(O)ccc(O)c2C1=O,CHEMBL9266
DEC_3272,decoy,CC1(C)CC1C(=O)N/C(=C\C1CCCCC1)C(=O)O,CHEMBL268273
DEC_2987,decoy,CC(=O)NCCc1cc2cc(C(=O)N3CCC(N4C(=O)OCc5ccccc54)CC3)ccc2o1,CHEMBL30667
DEC_4084,decoy,CC(C)(C)/N=c1\c(O)c(O)\c1=N/Cc1ccc(F)cc1,CHEMBL20288
ACT_051,active,CN1CCN(c2cccc3[nH]c(-c4n[nH]c5cc(C6=CC7=CC=CNC7C=C6)ccc45)nc23)CC1,CHEMBL480384
DEC_4125,decoy,CC1(C)OC(S)=Nc2ccc(-c3ccc(C#N)o3)cc21,CHEMBL24245
DEC_3073,decoy,CNC(=O)OCc1nc(SC)n(-c2ccccc2)c1COC(=O)NC,CHEMBL280709
DEC_3472,decoy,Nc1nc(O)c2ncn(CCCC(F)(F)P(=O)(O)O)c2n1,CHEMBL19065
DEC_2495,decoy,COC(=O)c1cccc(Oc2cccc(NC(=O)[C@@H](N)CS)c2)c1,CHEMBL27078
DEC_1106,decoy,CC[C@]12O[C@H]1Cc1c(O)c3c(c(O)c1[C@H]2C(=O)OC)C(=O)c1cccc(O)c1C3=O,CHEMBL21872
DEC_3232,decoy,COc1ccc2c(c1)C(NC(=O)c1ccc(F)cc1)[C@H](O)C(C)(C)O2,CHEMBL417265
DEC_4574,decoy,CCC(=O)C1C(C2CCCCC2)CC2CCC1N2C,CHEMBL280382
DEC_0849,decoy,CCC1(O)C(=O)OCc2c1cc1n(c2=O)Cc2c-1nc1ccc(CCN)cc1c2C,CHEMBL273685
DEC_0702,decoy,CN[C@H]1C[C@H](C)S(=O)(=O)c2sc(S(N)(=O)=O)cc21,CHEMBL273822
DEC_0667,decoy,[O-][S+](Cc1[nH]c2ccccc2c1[S+]([O-])c1ccccc1)c1ccccc1,CHEMBL24214
DEC_2108,decoy,CC(C)C(O)c1nc2c(C(F)(F)F)cccc2c(O)c1C(=O)Nc1ccccn1,CHEMBL32897
DEC_0353,decoy,CC(=O)O[C@H]1O[C@@H]2O[C@@H](OC(C)=O)[C@@H]3CC[C@H]([C@@H]1CC/C=C(\C)CCC=C(C)C)[C@H]23,CHEMBL275719
DEC_2301,decoy,COc1ccc(C2(Cn3ccnc3)OCC(c3ccc(Cl)cc3)O2)cc1,CHEMBL29183
DEC_1309,decoy,COC(=O)c1oc2c(sc3ccccc32)c1OC(=O)C(C)C,CHEMBL268367
DEC_4675,decoy,CCCc1c(C(=O)NCCCO)cnn1-c1nc(-c2cccc(C(F)(F)F)c2)cs1,CHEMBL9817
DEC_2324,decoy,Cc1nc2c(n1Cc1ccc(-c3ccccc3-c3nn[nH]n3)cc1)/C(=C/C(=O)O)CCCC2,CHEMBL289391
DEC_0963,decoy,CO/N=C1/[C@@H](Cn2cncn2)[C@H](COc2ccc(OC(C)(C)C)cc2)CC[C@@]1(C)CCn1ccnc1,CHEMBL53705
DEC_2769,decoy,CC(C)C1=CC2CC3(C=O)[C@@H]4CC[C@@H](C)[C@H]4CC2(CO[C@H]2C[C@H]4[C@H](OC[C@@H]4C)[C@@H](C)O2)C13C(=O)O,CHEMBL430956
DEC_3658,decoy,Nc1nc2c(cnn2CCc2ccc(S(=O)(=O)O)cc2)c2nc(-c3ccco3)nn12,CHEMBL22968
DEC_2805,decoy,Cc1cc(C)c(NC(=O)c2sccc2S(=O)(=O)Nc2onc(C)c2Cl)c(C(=O)C(C)C)c1,CHEMBL277706
DEC_3328,decoy,COc1ccc2c(c1O)-c1cccc3c1C(C2)N(CCOCCCl)CC3,CHEMBL7206
DEC_0102,decoy,CC[C@@]1(O)C(=O)OCc2c1cc1n(c2=O)Cc2cc3cc[n+]([O-])cc3nc2-1,CHEMBL13527
DEC_3064,decoy,Nc1ccc(CCn2ncc3c2nc(N)n2nc(-c4ccco4)nc32)cc1,CHEMBL22316
DEC_0117,decoy,C[C@]12CCC(=O)C=C1CC[C@@H]1[C@@H]2[C@@H](O)C[C@]2(C=O)[C@@H](C(=O)CO)CC[C@@H]12,CHEMBL273453
DEC_3324,decoy,CC(C)N(CC[C@]1(c2ccccc2)C(=O)N[C@@H](C)N2CCCC[C@@H]21)C(C)C,CHEMBL282088
DEC_4623,decoy,O=C(O)CCc1ccccc1CC1C2CCC(O2)C1c1nc(C(=O)NC2CCCCC2)co1,CHEMBL31334
DEC_3970,decoy,COc1ccc(OC)c2c1CCC(N(C)C)C2,CHEMBL31006
DEC_4253,decoy,N=C(Nc1ccc2ccc3cccnc3c2n1)c1cccc(Cl)c1,CHEMBL18826
DEC_0719,decoy,C/N=C(\NC#N)N[C@@H]1c2cc(C#N)ccc2OC(C)(C)[C@H]1O,CHEMBL417465
DEC_3905,decoy,C[C@H](CS)C(=O)N1C[C@@H](c2ccccc2)C[C@H]1C(=O)O,CHEMBL15977
DEC_3547,decoy,CC(C)NCC(O)c1ccc2ccccc2c1,CHEMBL16476
DEC_2558,decoy,Cc1cc(N(C)C)c2ccc(N(C)C)cc2n1,CHEMBL283252
DEC_1054,decoy,CC1CCC(/C=N/c2ccccc2)=C2NC(c3ccccc3)=C(/C=C/C(=O)O)C(=O)N21,CHEMBL22582
ACT_091,active,Cc1nn2c(-c3ccc(Cl)cc3)ccnc2c1/C(N)=N/O,CHEMBL5639131
DEC_1155,decoy,CC[C@@H]1C[C@H](CC)c2cc3c(C(F)(F)F)cc(O)nc3cc2N1,CHEMBL7383
DEC_3061,decoy,CC1(C)N=C(N)N=C(N)N1c1cccc(CNc2ccc(Cl)cc2)c1,CHEMBL20393
DEC_0241,decoy,O=S1O[C@H](c2ccc(Cl)cc2Cl)[C@@](Cn2cncn2)(c2ccc(Cl)cc2)O1,CHEMBL275221
DEC_0628,decoy,CCCc1c2oc(C(=O)O)cc(=O)c2cc2c(=O)cc(C(=O)O)n(CC)c12,CHEMBL746
DEC_2758,decoy,COc1ccc2[nH]c(C(=O)Nc3nn[nH]n3)c(OC(C)C)c2c1,CHEMBL413319
DEC_1247,decoy,Cc1ccc([C@H]2OC(=O)O[C@]2(Cn2cncn2)c2ccc(C)cc2)cc1,CHEMBL10297
DEC_2564,decoy,CC(C)Sc1nnc(-c2cc(C(C)(C)C)c(O)c(C(C)(C)C)c2)s1,CHEMBL16674
DEC_1799,decoy,CN([C@@H]1CCN2CCc3ccccc3[C@@H]2C1)S(=O)(=O)c1ccc(Cl)cc1,CHEMBL282182
DEC_0124,decoy,O=C1CC[C@@]2(O)[C@H]3Cc4ccc(O)c5c4[C@@]2(CCN3CC2CC2)[C@H]1O5,CHEMBL19019
DEC_0075,decoy,O=S1NC(Cc2coc3c(Cl)cc(Cl)cc23)=NO1,CHEMBL17375
DEC_2071,decoy,C/C(=C/c1cccc(C(=N)N)c1)C(=O)Nc1ccc(-c2ccccc2S(N)(=O)=O)cc1,CHEMBL285725
DEC_1691,decoy,COc1ccc(OC)c2c1C1CCC2[C@H](N)C1,CHEMBL286609
DEC_3411,decoy,O=C(O)Cc1nn(Cc2nc3cccc(C(F)(F)F)c3s2)c(=O)c2ccccc12,CHEMBL20220
DEC_2511,decoy,O=C(N[C@@H]1C(=O)N(c2ccccc2)C[C@@H]1C(=O)O)c1cc2ccccc2[nH]1,CHEMBL280733
DEC_1337,decoy,C=CCC/C=C/C(=O)O[C@H](CC=C(C)C)C1=CC(=O)c2c(O)ccc(O)c2C1=O,CHEMBL9196
DEC_0637,decoy,C(=C1/CCCN(c2ccc(C3=NCCN3)cc2)C1)\c1ccc(C2=NCCN2)cc1,CHEMBL267154
DEC_1520,decoy,CC(=O)Oc1ccc(-c2nc(-c3ccc(N=C=S)cc3)no2)cc1,CHEMBL22182
ACT_076,active,Clc1cncc(Nc2ccccc2)n1,CHEMBL448853
DEC_1014,decoy,CC(=O)OC1[C@@H](OC(C)=O)C(C)O[C@@H](Nc2ccc(C(=O)O)cc2)[C@H]1OC(C)=O,CHEMBL418381
DEC_0757,decoy,CO[C@]1(c2cnc(Sc3ccc(/C(C)=N/O)cc3)s2)CCO[C@@H](C)C1,CHEMBL25348
DEC_1317,decoy,CSC1=C2N=CN=C2N(Cc2ccc(Cl)cc2)C2=NCCN21,CHEMBL279389
DEC_2730,decoy,CC(C)(CCn1cnc2c(O)ncnc21)CCP(=O)(O)O,CHEMBL267312
DEC_3812,decoy,COc1ccc2[nH]c3c(c2c1)CCN(C)CC3c1ccccc1,CHEMBL282487
DEC_0721,decoy,O=C1c2ccc(O)c(O)c2C(=O)c2c(O)ccc(O)c21,CHEMBL29898
DEC_1093,decoy,CNc1cccc2c(S(=O)(=O)Nc3ncc(Br)nc3OC)cccc12,CHEMBL6555
DEC_3969,decoy,C(=N\c1ccc(-c2ncon2)cc1)\c1ccc[nH]1,CHEMBL21837
DEC_2686,decoy,N=C(N)c1ccc2cc(CC(C(=O)O)c3ccc(O[C@H]4CCNC4)cc3)ccc2c1,CHEMBL279959
DEC_2577,decoy,Clc1ccc2c(c1)[C@H]1NCC[C@H]1[C@H](c1c[nH]c3ccc(Cl)cc13)N2,CHEMBL284875
DEC_3919,decoy,COc1cccc2c1CCC[C@H]2CN(C)CCc1ccc2c(c1)C=CS2(=O)=O,CHEMBL10152
DEC_1887,decoy,CC(/N=c1\c(O)c(O)\c1=N/[C@H](C)C(C)(C)C)c1ccc(C#N)cc1,CHEMBL280209
DEC_3718,decoy,O=C1c2ccccc2S(=O)(=O)N1COP(=O)(Oc1ccccc1)Oc1ccccc1,CHEMBL288700
DEC_0767,decoy,CCCCC(=O)O[C@H](CC=C(C)C)C1=CC(=O)c2c(O)ccc(O)c2C1=O,CHEMBL9499
DEC_1365,decoy,N=C(N)c1ccc2oc(CC(C(=O)O)c3ccc(O[C@H]4CCNC4)cc3)cc2c1,CHEMBL280157
DEC_4512,decoy,CCOc1ccc(C(=O)c2c(SC)cc(CC(=O)O)n2C)cc1,CHEMBL19411
DEC_4517,decoy,COc1ccc2c(nc(Nc3c(C)cccc3Cl)c3cnc(C(O)C(C)C)n32)c1OC,CHEMBL28787
DEC_2666,decoy,[N-]=[N+]=NC1C(N)C(OCc2ccccc2)OC(CO)C1OCc1ccccc1,CHEMBL16982
DEC_0396,decoy,CC(C)c1cc2ccccn2c1S(=O)(=O)c1ccc(OCCCNC(C)(C)C)cc1,CHEMBL33560
DEC_3972,decoy,CC(C)C1CC/C(=C/Br)OC1=O,CHEMBL417130
DEC_3724,decoy,COC1(c2csc(Sc3ccc4c(c3)CC/C4=N\OCC#N)c2)CCOCC1,CHEMBL24239
DEC_3771,decoy,CC(C)(C)c1cc(-c2n[nH]c(S)n2)cc(C(C)(C)C)c1O,CHEMBL12483
DEC_2642,decoy,CC(=O)NC1=C(C)C(=O)c2c(nc3n2CCC3OC(=O)c2ccccc2)C1=N,CHEMBL277981
DEC_1279,decoy,c1ccc(COCC23NC(Cc4ccccc42)c2ccccc23)cc1,CHEMBL274407
DEC_2466,decoy,O=C(C[C@@H](Cc1cccc(O)c1)C(=O)N[C@H]1c2ccccc2C[C@H]1O)NO,CHEMBL8943
DEC_1911,decoy,Cc1cccc(/N=C/C2=C3NC=C(C(=O)O)C(=O)N3[C@H](C)CC2)c1,CHEMBL279059
DEC_4625,decoy,COc1cc(CC2c3cc(O)c(O)cc3CCN2Cc2ccc(N)cc2)cc(OC)c1OC,CHEMBL289943
DEC_2584,decoy,CCn1c(-c2c(Cl)cc(O)cc2Cl)cc2c(Cl)cc(O)cc21,CHEMBL15769
DEC_4102,decoy,CCCCc1nc2c([nH]1)N1C(=N[C@@H]3CCC[C@@H]31)N(C)C2=O,CHEMBL18474
DEC_2299,decoy,CCCCN1CCN(C2=Nc3ccccc3Cn3c2cc2ccccc23)CC1,CHEMBL13890
DEC_2771,decoy,Cc1ccccc1/C=C1\CSCC2C1=NN(CCCN1CCN(C)CC1)C2c1ccccc1C,CHEMBL434595
DEC_4565,decoy,S=c1c2c(nc3n1CCCCC3)CCCC2,CHEMBL289644
DEC_4225,decoy,CC1(C)CCNc2cc3nc(O)cc(C(F)(F)F)c3cc21,CHEMBL281028
DEC_4756,decoy,O=C(c1ccc(Cl)cc1)N1N=C2/C(=C/c3ccccc3)CS(=O)(=O)CC2C1c1ccccc1,CHEMBL415862
DEC_0330,decoy,NC(CCCSc1ccccc1O)C(=O)O,CHEMBL268483
DEC_3141,decoy,CSc1ccc(C(=O)c2cc(Cl)cc(CC(=O)[O-])c2N)cc1.[Na+],CHEMBL28976
DEC_4442,decoy,N=C(N)c1cccc(OCC(Cc2ccccc2)NC(=O)c2ccc(-c3ccccc3S(N)(=O)=O)cc2)c1,CHEMBL43166
DEC_4120,decoy,O=C1CCc2cc3c(c4c5cc(O)ccc5n1c24)CNCC3,CHEMBL23249
ACT_056,active,CC(C)(C)Nc1nc(C(F)(F)F)nc2ccc(-c3cccc(N)c3)cc12,CHEMBL278894
DEC_3344,decoy,COC(=O)C1C2CCC(CC1c1ccc(I)cc1)N2,CHEMBL14613
DEC_1473,decoy,COc1ccc(Sc2ccc3c(c2)CN2CCNC2=N3)cc1,CHEMBL9166
DEC_3212,decoy,Nc1c(Cl)cc2c3c(cccc13)C(=O)N([C@H]1CN3CCC1CC3)C2=O,CHEMBL283483
DEC_2460,decoy,O=C(NCCN1CCN(c2ccccc2)CC1)c1cc(Br)c2ccccc2c1O,CHEMBL29529
DEC_2433,decoy,N=C(c1ccc(NC(=O)c2nnnn2-c2ccc3cc(Cl)ccc3c2)c(F)c1)N1CCCCC1,CHEMBL21562
DEC_1113,decoy,Cc1cccc2c1N(C(=O)N1C[C@@H](C)N[C@@H](C)C1)Cc1c(C(=O)OC(C)(C)C)ncn1-2,CHEMBL15294
DEC_0310,decoy,CC(C)(NC(=O)N(CCCl)N=O)C(=O)O,CHEMBL12923
DEC_3248,decoy,CC1CCC(/C=N/c2cccc(Cl)c2)=C2NC=C(C(=O)O)C(=O)N21,CHEMBL22467
DEC_3037,decoy,CC(/N=c1\c(O)c(O)\c1=N/c1ccc(C#N)cc1)c1ccc(F)cc1,CHEMBL18491
DEC_0648,decoy,CC1(C)N=C(N)N=C(N)N1c1cccc(SCc2ccccc2)c1,CHEMBL20975
DEC_2551,decoy,CC1(C)OC(/C=C/c2cccc(C#N)c2)=CC1=O,CHEMBL273321
DEC_4095,decoy,Cn1sc(=O)n(-c2ccc(Br)cc2)c1=O,CHEMBL24721
DEC_2051,decoy,C=CCS(=O)(=O)c1ccc2c(c1)CNCC2,CHEMBL280592
DEC_3380,decoy,CN1CCC23c4c5ccc(O)c4O[C@H]2C=C[C@H](N(CCCl)CCCl)[C@H]3C1C5,CHEMBL12397
DEC_4672,decoy,CCc1nc2ccc(OC3CCN(C(C)=N)CC3)cc2n1C/C(C)=C/c1cccc(N)c1,CHEMBL25478
DEC_0568,decoy,Cc1cc(CC(N)=O)cc(-c2c(O)nc3cc(Cl)c([N+](=O)[O-])cc3c2OCCC2CCCCN2)c1,CHEMBL295556
DEC_4609,decoy,Oc1ccc2c(c1)CCC1=C2CCc2cc(O)ccc21,CHEMBL23936
DEC_1502,decoy,O=C(O)c1cccc(CSc2c(O)cc(-c3ccccc3)oc2=O)c1,CHEMBL14855
DEC_3875,decoy,N[C@@H](CS)CNc1ccc(Oc2cccc(CO)c2)cc1,CHEMBL26314
DEC_0906,decoy,CC(C)(C)c1cc(/C=C/c2nnc(S)o2)cc(C(C)(C)C)c1O,CHEMBL273941
DEC_1197,decoy,COc1cc2c(cc1OC)C(C)=[N+]([O-])C(c1c(F)c(F)c(F)c(F)c1F)N2,CHEMBL30129
DEC_3330,decoy,COc1cccc(C(NCc2cccc(C(F)(F)F)c2)C(=O)NO)c1,CHEMBL29911
DEC_4473,decoy,Cn1cncc1[C@H]1OC(C)(C)OC[C@H]1C/C=C\CCC(=O)O,CHEMBL18422
DEC_3684,decoy,C=C(C)CNC(=O)O[C@H]1CC[C@@](CNC(=O)c2ccccc2OC)(c2ccccc2)CC1,CHEMBL280102
DEC_4707,decoy,Cc1c(C(=O)NCCCCO)cnn1-c1nc(-c2cccc(C(F)(F)F)c2)cs1,CHEMBL9677
DEC_1833,decoy,CN1C=CCC(C(=O)OCOC(=O)C2N3C(=O)[C@@H](NC(=O)Cc4ccccc4)[C@H]3SC2(C)C)=C1,CHEMBL50727
DEC_4346,decoy,COc1ccc(-n2c(=O)sn(C)c2=O)cc1,CHEMBL26515
DEC_0544,decoy,COc1cccc2c1CC[C@H]1CN(CCn3c(=O)[nH]c4c(sc5cccc(C#N)c54)c3=O)C[C@@H]21,CHEMBL289166
DEC_0882,decoy,Fc1ccc(-c2ncn(C3CCNCC3)c2-c2ccnc(Oc3ccc4c(c3)OCO4)n2)cc1,CHEMBL273611
DEC_3804,decoy,CC1OC(/C=C/C2CC2)(C(F)(F)F)c2cc(F)ccc2NC1=O,CHEMBL287650
DEC_2617,decoy,O=C1C=CC(=O)N1[C@@H]1CCC2(O)C3Cc4ccc(O)c5c4C2(CCN3CC2CC2)C1O5,CHEMBL27652
DEC_3364,decoy,O=NN(CCCl)C(=O)NC1C(F)(F)C(F)(F)C(F)(F)C(F)(F)C1(F)F,CHEMBL20533
DEC_4162,decoy,O=C(O)Cc1ccc2c(c1)C(O)Cc1cc(F)ccc1O2,CHEMBL10605
DEC_2972,decoy,O=C1C(N2CC2)=CC(=O)c2c(OS(=O)(=O)c3ccc(I)cc3)cccc21,CHEMBL289525
DEC_4339,decoy,COc1ccc(-c2nnc([S+](C)[O-])n2C)cc1,CHEMBL24794
DEC_1118,decoy,CC1Cc2cc3c(cc2C(c2ccc(N)cc2)=NN1C(=O)C(F)(F)F)OCO3,CHEMBL267451
DEC_1234,decoy,CC(C)c1ccc(C2=C(c3ccc(S(C)(=O)=O)cc3)C(C)(O)OC2=O)cc1,CHEMBL18867
DEC_3180,decoy,CCN1C(=O)C(Cc2ccc(Cl)cc2)C(=O)N2N=CSC12,CHEMBL29590
DEC_3920,decoy,C[S+]([O-])c1ccc(-c2nc3n(c2-c2ccc([S+](C)[O-])cc2)CC[S+]3[O-])cc1,CHEMBL17343
DEC_1571,decoy,CCNC(=O)/C(C(=O)O)=C(C)/C=C/C=C(C)/C=C/C1=C(C)CCCC1(C)C,CHEMBL269199
DEC_3763,decoy,COCN1CN(c2ccccc2)C2(CCN(C3CCc4cccc(Cl)c4C3)CC2)C1=O,CHEMBL283432
DEC_0586,decoy,COc1ccc(CN(CCN(C)CCNc2ccc([N+](=O)[O-])c3nonc23)c2ccccn2)cc1,CHEMBL281365
DEC_0802,decoy,Cc1cc(C)c2c(c1)COP(=O)(OCC1C=CC(n3cc(C)c(=O)[nH]c3=O)O1)O2,CHEMBL31131
DEC_3495,decoy,CN1C(C(=O)Nc2nccs2)=C(O)c2ccccc2S1(=O)=O,CHEMBL20634
DEC_2442,decoy,COc1ccccc1Cc1c(NS(=O)(=O)C(F)(F)F)c(O)nc2cc(C(F)(F)F)ccc12,CHEMBL290264
DEC_1547,decoy,Cc1noc(NS(=O)(=O)c2ccsc2C(=O)Nc2cc3c(cc2C#N)OCO3)c1Cl,CHEMBL19808
DEC_3790,decoy,COC(=O)[C@H]1CCC2C3CNC4=CC(=O)CC[C@]4(C)C3CC[C@@]21C,CHEMBL297524
DEC_2735,decoy,COc1ccc(C(O)C(O)(Cn2cncn2)c2ccc(OC)cc2)cc1,CHEMBL273747
DEC_1624,decoy,CN(C)c1ncnc2c1ncn2Cc1c(F)cccc1Cl,CHEMBL269381
DEC_0581,decoy,CCCc1nc2c(n1Cc1ccc(-c3ccccc3-c3nn[nH]n3)cc1)C(O)(CC(=O)O)CCCC2,CHEMBL290848
DEC_0711,decoy,C/N=C(/NC(C)=O)NC1c2cc(C#N)ccc2OC(C)(C)[C@H]1O,CHEMBL269002
DEC_1976,decoy,O=c1[nH]c(=O)n(C2CC(F)C(COP(=O)(O)O)O2)cc1F,CHEMBL31700
DEC_3764,decoy,CC1=CC(C)(C)Nc2cc3oc(=O)cc(C(F)(F)F)c3cc21,CHEMBL6441
DEC_2781,decoy,CC(C)(C)C(=O)Oc1ccc(C(=O)c2ccc(OC(=O)C(C)(C)C)cc2OC(=O)C(C)(C)C)cc1,CHEMBL9984
DEC_2240,decoy,CCOP(=O)(OCC)N1CCN=C1N/N=C/c1c2ccccc2c(/C=N/NC2=NCCN2)c2ccccc12,CHEMBL67730
DEC_3962,decoy,Cc1oc(-c2ccccc2)nc1COc1cccc(C#CC(C)n2oc(=O)[nH]c2=O)c1,CHEMBL7349
DEC_0301,decoy,C/N=C(\S)N/N=C(C)/C=N/N=C(\S)N(C)C,CHEMBL30042
DEC_2429,decoy,NS(=O)(=O)c1ccccc1-c1ccc(NC(=O)C2CC(c3ccc(Cl)c(Cl)c3)=NO2)cc1,CHEMBL417188
DEC_1117,decoy,CC1(C)Oc2c(c3nc4ccccc4nc3c3ccccc23)CC1S(=O)(=O)O,CHEMBL278722
DEC_2482,decoy,CCCn1c(=O)[nH]c(=O)c2[nH]c(-c3ccc(S(=O)(=O)O)cc3)nc21,CHEMBL281633
DEC_4349,decoy,CC1(C)N=C(N)N=C(N)N1c1ccc(C#N)cc1,CHEMBL33571
DEC_1377,decoy,COc1ccc2c(c1)c(SC(C)C)c(C(=O)Nc1nn[nH]n1)n2-c1ccccc1,CHEMBL27676
DEC_0406,decoy,O=P(O)(O)C(NCCc1ccccc1)c1cccc2nc(O)c(O)nc12,CHEMBL12256
DEC_3428,decoy,CCCc1cc(=O)oc2c3c(c4c(c12)OC(C)(C)C=C4)O[C@H](C(C)C)[C@@H](C)[C@@H]3O,CHEMBL266921
DEC_2702,decoy,c1cc(C2=NCCN2)ccc1OC[C@@H]1C[C@H]1COc1ccc(C2=NCCN2)cc1,CHEMBL25403
DEC_1831,decoy,CN1CCN(S(=O)(=O)c2ccc(CCn3ncc4c3nc(N)n3nc(-c5ccco5)nc43)cc2)CC1,CHEMBL418564
DEC_1503,decoy,Cc1c(C)c2ccc(OCc3csc(C(C)C)n3)cc2oc1=O,CHEMBL18317
DEC_4155,decoy,CCN1CCCC(NC2c3ccccc3Oc3ccccc32)C1,CHEMBL277651
DEC_3859,decoy,COc1cc(N)c(Cl)cc1C(=O)NC1CC(C)N2CCCC2C1,CHEMBL275583
DEC_0763,decoy,CCSc1nnc(-c2nc(C(C)(C)C)c(O)c(C(C)(C)C)n2)s1,CHEMBL17218
DEC_3551,decoy,CC(=O)NC1CCc2[nH]c3ccccc3c2C1,CHEMBL41973
DEC_0791,decoy,CC1(C)N=C(N)N=C(N)N1c1cccc(OCC23CC4CC(CC(C4)C2)C3)c1,CHEMBL281618
DEC_4407,decoy,C=C1C[C@@]23O[C@]2(c2ccccc21)C1CC(OC(=O)[C@H](O)[C@@H](NC(=O)OCC)c2ccncc2)C3(C)C1(C)C,CHEMBL32795
DEC_2949,decoy,CCCS(=O)(=O)N(C)[C@@H]1CCN2CCc3ccccc3[C@@H]2C1,CHEMBL30419
DEC_2022,decoy,O=C1NC(=O)C2(CCCCc3ccccc32)N1,CHEMBL39377
DEC_2538,decoy,N#Cc1c(-c2ccccc2)cc(S)sc1=N,CHEMBL416591
DEC_4478,decoy,Clc1ccc(Cc2noc(CCc3c[nH]cn3)n2)cc1,CHEMBL276798
DEC_4415,decoy,CC(C)(C)NS(=O)(=O)c1ccccc1C[C@@H](O)C[C@@H](Cc1ccccc1)C(=O)N[C@H]1c2ccccc2C[C@H]1O,CHEMBL58406
DEC_0451,decoy,CC12CC3(C)CC(C)(C1)CC(NC(=O)N(CCCl)N=O)(C2)C3,CHEMBL11985
DEC_0185,decoy,CC(C)C(C)NC1=NS(=O)(=O)c2cnccc2N1,CHEMBL32111
DEC_4099,decoy,O=C(O)C1CCc2sc(CCn3ccnc3)cc2C1,CHEMBL23088
DEC_0680,decoy,[O-][S+](Cc1[nH]c2ccccc2c1Sc1ccccc1)c1ccccc1,CHEMBL280551
DEC_1304,decoy,COC(=O)c1ccc2c(c1)c1c3c(cc4c1n2C(=O)CC4)CCNC3,CHEMBL23037
DEC_3218,decoy,Cc1cccc(C)c1NC(=O)C(C)NC(=O)C1=CC(C)(C)NC1(C)C,CHEMBL417992
DEC_0968,decoy,CO[C@H]1[C@H]2O[C@H]2[C@H](OCC23C[C@@H]4[C@H](C)CC[C@H]4C4(C=O)CC2C=C(C(C)C)C34C(=O)O)O[C@@H]1C,CHEMBL283401
DEC_2726,decoy,CC/N=C(\NC#N)NCCSCn1nc(-c2ccccc2)ccc1=O,CHEMBL277547
DEC_4337,decoy,[O-]c1n[n+](-c2ccc(Cl)c(Cl)c2)no1,CHEMBL289992
DEC_3465,decoy,NC(Cc1cccc(C(Br)P(=O)(O)O)c1)C(=O)O,CHEMBL29081
DEC_3715,decoy,CC1(C)COP(=O)(C(CCC(=O)c2ccoc2)P2(=O)OCC(C)(C)CO2)OC1,CHEMBL274583
DEC_2685,decoy,CC1(C)N=C(N)N=C(N)N1c1ccc(OCc2ccc(Cl)c(Cl)c2)cc1,CHEMBL7035
DEC_1496,decoy,Cc1cc(C(c2ccc(OC(C)C)cc2)N2CCN(C)CC2)sn1,CHEMBL279048
DEC_2892,decoy,CC1(O)C[C@@]23CCC4c5ccoc5CC[C@@]4(C)C2CCC1C3,CHEMBL283392
DEC_0748,decoy,COc1ccc2c(n1)CN[C@@H]1CCc3cc(O)c(O)cc3[C@@H]21,CHEMBL285924
DEC_4347,decoy,NS(=O)(=O)Oc1ccc2c(c1)CCCC2=O,CHEMBL11029
DEC_4108,decoy,O=C1NC(=O)C(Sc2ccc3cc(O)ccc3c2)S1,CHEMBL30948
DEC_0689,decoy,CN1CC[C@]23CCCC[C@H]2[C@H]1Cc1ccc(Oc2ccc(O)cc2)cc13,CHEMBL280167
DEC_3295,decoy,CCCN(C(C)C)[C@H]1CCc2cccc(O)c2[C@H]1C,CHEMBL288583
DEC_2914,decoy,CC(C)(C)C1CSC(C2=CC(=O)C=CC2=[N+]=[N-])SC1,CHEMBL31906
DEC_3552,decoy,CN1C(=O)CCC2(C)c3ccccc3CCC12,CHEMBL278049
DEC_1125,decoy,CC1Cc2cc3c(cc2C(c2ccc(N)cc2)=NN1C(=O)c1ccccc1)OCO3,CHEMBL266763
DEC_2105,decoy,O=C(O)CCC(=O)Nc1cccc2c1CC(N1CCC(c3ccccc3)CC1)C(O)C2,CHEMBL20382
DEC_0091,decoy,O[C@@H]1CCC2CN3CCc4cc5c(cc4[C@@H]3C[C@@H]2C1)OCO5,CHEMBL29379
DEC_3409,decoy,Cc1cn(C2C=CC(COP3(=O)OCc4cc(Cl)ccc4O3)O2)c(=O)[nH]c1=O,CHEMBL266136
DEC_0625,decoy,Nc1nc2nn(CCc3ccccc3)cc2c2nc(-c3ccco3)nn12,CHEMBL16867
DEC_0084,decoy,CCCCc1cnc2c(c1)[C@@H]1c3cc(O)c(O)cc3CC[C@H]1NC2,CHEMBL283247
DEC_4737,decoy,O=C1O[C@H](c2ccc(Cl)cc2Cl)[C@@](Cn2cncn2)(c2ccc(Cl)cc2Cl)O1,CHEMBL10330
DEC_2555,decoy,CC(C)C1(C2=NCCN2)COc2ccccc2O1,CHEMBL10338
DEC_2448,decoy,COc1ccc([C@@H]2[C@@H](C(=O)O)[C@H](c3ccc4c(c3)OCO4)CN2C(=O)Nc2ccccc2)cc1,CHEMBL266336
DEC_0950,decoy,CCCc1cc(=O)oc2c3c(c4c(c12)OC(C)(C)C=C4)O[C@@H](C)[C@H](C)[C@H]3O,CHEMBL268207
DEC_1037,decoy,COc1cc([C@@H]2c3cc4c(cc3[C@H](N)[C@H]3COC(=O)[C@H]23)OCO4)cc(OC)c1O,CHEMBL31719
DEC_1041,decoy,CC1(C)N=C(N)N=C(N)N1c1ccc(OCc2ccc(S(N)(=O)=O)cc2)cc1,CHEMBL30681
DEC_2845,decoy,CC(O)(c1ccc(F)cc1)C(O)(Cn1cncn1)c1ccc(Cl)cc1Cl,CHEMBL418706
DEC_3605,decoy,CC(/N=c1\c(O)c(O)\c1=N/c1ccc(C#N)cc1)C(C)(C)C,CHEMBL19265
DEC_0284,decoy,O=C1[C@@H](NS(=O)(=O)c2ccc(-c3ccon3)s2)CCN1CCNc1ccncc1,CHEMBL267430
DEC_3497,decoy,Cc1ccc2c(c1)CC(C(=O)O)N2C(=O)[C@H](C)C[C@@H](C)C(=O)O,CHEMBL277192
DEC_0172,decoy,CSc1c(N)nc(N2CCN(C)CC2)nc1Cl,CHEMBL28482
DEC_4332,decoy,COc1cc(OC)c(C2CC[C@H]2N)cc1OC,CHEMBL13503
DEC_4153,decoy,O=c1oc2ccccc2c(O)c1C1OCCc2ccccc21,CHEMBL8038
DEC_2004,decoy,Nc1c(S(N)(=O)=O)cc(S(N)(=O)=O)c(Cl)c1Cl,CHEMBL269628
DEC_3021,decoy,COc1cccc2c(S(=O)(=O)Nc3onc(C)c3C)cccc12,CHEMBL28692
DEC_0811,decoy,CC12CCC(O)CC1CCC1C2CCC2(C)[C@@H](C3=CC(=O)OC3)C(OC=O)CC12O,CHEMBL268340
DEC_3609,decoy,CC(C)(C)/N=c1\c(O)c(O)\c1=N/Cc1ccc(F)cc1Cl,CHEMBL20265
DEC_3810,decoy,O=C1c2ccccc2[C@@H]2[C@H](C(=O)O)[C@H](C(=O)O)[C@@H]2c2ccccc21,CHEMBL286808
DEC_4514,decoy,Cl.O=C(C1CCCN1)N1CCCC1P(=O)(Oc1ccc(O)cc1)Oc1ccc(O)cc1,CHEMBL9565
DEC_3321,decoy,CC(C)N(CCC1(c2ccccc2)C(=O)NCN2CCCCC21)C(C)C,CHEMBL23367
DEC_3222,decoy,CC1(C)Oc2ccc(C#N)cc2C(NC(=O)c2ccc(F)cc2)[C@@H]1O,CHEMBL415987
DEC_3863,decoy,OC(c1ccccc1Cl)C(O)(Cn1cncn1)c1ccccc1,CHEMBL10235
DEC_3198,decoy,CCCN(C1=NCCN1)c1c(Br)cccc1Br,CHEMBL20335
DEC_1816,decoy,COC(=O)[C@H]1[C@@H](C)O[C@@]2(C)CC(=O)C3OC12OC([C@H](C)/C=C(C)/C=C/C(O)=C1\C(=O)CN(C)C1=O)C3C,CHEMBL268018
DEC_4709,decoy,O=C(O)COc1cccc2c1CCC(CC(=O)NN(c1ccccc1)c1ccccc1)C2,CHEMBL10836
DEC_2887,decoy,C[C@@]12CCCCN1C[C@H](c1ccccc1)c1ccccc12,CHEMBL36064
DEC_2961,decoy,COc1ccc2c(c1)OC=C(c1ccc(OC)c(OC)c1)[C@@H]2O,CHEMBL13760
DEC_1358,decoy,CCN(CC)CCNc1ccc2ncn3c4cc(OC)c(OC)c(O)c4c(=O)c1c23,CHEMBL8602
DEC_1778,decoy,COc1ccc(S(=O)(=O)N(C)[C@@H]2CCN3CCc4ccccc4[C@@H]3C2)cc1,CHEMBL283498
DEC_0216,decoy,CN(CCF)Cc1ccccc1Sc1ccc(I)cc1N,CHEMBL22643
DEC_2441,decoy,O=S(=O)(Nc1c(O)nc2ccc(C(F)(F)F)cc2c1-c1cc(Cl)ccc1O)C(F)(F)F,CHEMBL51111
DEC_2530,decoy,Fc1ccc2c(c1)CCC1N=C3SCCN3C21,CHEMBL29755
DEC_3910,decoy,CCOC(=O)c1ccccc1OCC(O)CNC(C)(C)C,CHEMBL281294
DEC_1361,decoy,CCCCc1cc(O)cc(=O)n1Cc1ccc(-c2ccccc2-c2nn[nH]n2)cc1,CHEMBL23045
DEC_0405,decoy,CC12CCC(C1)C(C)(C)C2OC(=O)[C@H](NC(=O)[C@@H](N)CC(=O)O)c1ccc(O)cc1,CHEMBL9799
DEC_4380,decoy,CCN(CC)Cc1ccc(C(=O)OCC(=O)[C@@]2(O)CCC3C4CCC5=CC(=O)CCC5(C)C4C(O)CC32C)cc1,CHEMBL311170
DEC_3085,decoy,Cc1noc(NS(=O)(=O)c2cccc3c(C(=O)O)cccc23)c1C,CHEMBL30246
DEC_2589,decoy,CCCSc1nnc(-c2cc(C(C)(C)C)c(O)c(C(C)(C)C)c2)o1,CHEMBL276526
DEC_2903,decoy,c1ccc2sc(C3(N4CCCC4)CCCCC3)cc2c1,CHEMBL18618
DEC_0076,decoy,C[C@]12CCC(=O)C[C@@H]1CC[C@@H]1[C@@H]2CC[C@]2(C)[C@@H](O)CC[C@@H]12,CHEMBL27769
DEC_2013,decoy,NCCO.O=C(O)C(=O)Nc1nc(-c2cccnc2)cs1,CHEMBL16594
DEC_1254,decoy,CN1CCC23c4c5ccc(OC(C)(C)C)c4O[C@H]2[C@@H](O)C=CC3C1C5,CHEMBL22919
DEC_1100,decoy,O=C(Nc1cccc(NC(=O)Nc2ccccn2)c1)Nc1ccccn1,CHEMBL276383
DEC_3816,decoy,CCC(=O)C1(c2ccccc2)CCN(C2CCCCC2O)CC1,CHEMBL21271
DEC_0281,decoy,C[C@@H](O)[C@H]1C(=O)N2C(C(=O)O)=C(S[C@@H]3CN[C@@H](c4ccc(CCN)cc4)C3)[C@H](C)[C@H]12,CHEMBL278723
DEC_3418,decoy,O=C1NCN(c2ccccc2)C12CCN(C1CCc3c(Cl)cccc3C1)CC2,CHEMBL27699
DEC_3890,decoy,O=C(O)c1ccc([C@H]2CC[C@H]3CN[C@H](C(=O)O)C[C@H]3C2)cc1,CHEMBL16360
DEC_1033,decoy,CC(C)(C)OC(=O)NC(Cc1cc([N+](=O)[O-])cc([N+](=O)[O-])c1O)C(=O)O,CHEMBL8765
DEC_0629,decoy,C[C@H](CS)C(=O)N1C[C@@H]([S+]([O-])c2ccccc2)C[C@H]1C(=O)O,CHEMBL279154
DEC_3094,decoy,CCC(=O)c1c(O)n(O)c2cc(NC(=O)c3cccs3)ccc12,CHEMBL279999
DEC_0905,decoy,CC(=O)Oc1c(Cl)c(Cl)nc(C(Cl)(Cl)Cl)c1Cl,CHEMBL11518
DEC_0823,decoy,C/C=C(/C)C(=O)O[C@@]12C[C@@H](C)[C@]3(O)C4C=C(C)C(=O)[C@@]4(O)CC(CO)=C[C@H]3[C@@H]1C2(C)C,CHEMBL415108
DEC_1505,decoy,COc1nc(-c2cc(C(C)(C)C)c(O)c(C(C)(C)C)c2)ns1,CHEMBL276739
DEC_3824,decoy,COC(=O)NS(=O)(=O)Oc1c(C(C)C)cccc1C(C)C,CHEMBL280147
DEC_2316,decoy,COC(=O)c1c(C(F)(F)F)[nH]c2c1[C@@]13C[C@@H]1CN(C(=O)c1cc4cc(OC)ccc4[nH]1)C3=CC2=O,CHEMBL35948
DEC_3398,decoy,O=S(=O)(NCCc1cccc(OCc2ccc3ccccc3n2)c1)C(F)(F)F,CHEMBL17961
DEC_0569,decoy,O=NN(CCCl)C(=O)NC1CCC(CC2CCC(NC(=O)N(CCCl)N=O)CC2)CC1,CHEMBL12409
DEC_2770,decoy,C/C(=N\OCCSc1nnnn1C)c1ccc(Sc2cc(F)cc(C3CCOCC3)c2)cc1,CHEMBL279935
DEC_1972,decoy,Cc1cn(C2C=CC(P(=O)(O)O)OC2C)c(=O)[nH]c1=O,CHEMBL27584
DEC_2320,decoy,CC(C)(N)C(=O)N[C@H](Cc1c[nH]c2ccccc12)C(=O)N1CCC2(CCCc3ccccc32)CC1,CHEMBL13841
DEC_1158,decoy,CC[C@H]1Cc2cc3c(C(F)(F)F)cc(O)nc3cc2N[C@@H]1C,CHEMBL7053
DEC_3028,decoy,Cc1ccc2sc(Cn3nc(CC(=O)O)c4ccccc4c3=O)nc2c1,CHEMBL19966
DEC_1140,decoy,CC(C)(C)c1cc(-c2nnc(N=C(N)N)s2)cc(C(C)(C)C)c1O,CHEMBL16826
DEC_4039,decoy,COc1cc2c(cc1OC)C(C)=[N+]([O-])C(c1ccccc1)N2,CHEMBL26691
DEC_0056,decoy,Oc1nc(C(Cl)(Cl)Cl)c(Cl)c(O)c1Cl,CHEMBL11561
DEC_2091,decoy,O=C(N[C@@H](Cc1c[nH]c2cc(F)ccc12)C(=O)O)c1ccccc1Br,CHEMBL7377
DEC_3487,decoy,Cc1ccc2c(c1)c1oc(C(=O)Nc3nn[nH]n3)cc(=O)c1n2C,CHEMBL22971
DEC_1953,decoy,O=C(NO)[C@H]1CN(Cc2ccc(Oc3cccc4ccccc34)cc2)C(=O)N1,CHEMBL282004
DEC_3611,decoy,C[S+]([O-])c1ccc2oc3ccc(C(=O)O)cc3c(=O)c2c1,CHEMBL23771
DEC_3966,decoy,C[C@@]12N[C@@H](c3ccccc31)[C@H](O)c1ccccc12,CHEMBL280575
DEC_0609,decoy,C[C@H]1C[C@@H]2[C@H]([C@@H](O)C[C@@]3(C)[C@H]2CC[C@]3(O)C(=O)CO)[C@@]2(C)C=CC(=O)C=C12,CHEMBL650
DEC_3291,decoy,Nc1ccc([C@@H]2CN3CCC[C@H]3c3ccccc32)cc1,CHEMBL35395
DEC_3965,decoy,CC(C)/C=C1\N=C(CC(C)C)C(=O)N(O)C1=O,CHEMBL16320
DEC_3004,decoy,CC(=O)N1CCN(C(=O)/C=C/c2ccc(Sc3ccc4c(c3)OCC(C(=O)O)O4)c(Cl)c2)CC1,CHEMBL280660
DEC_3533,decoy,C=CCN1CC[C@H]2c3cccc(O)c3CC[C@@H]21,CHEMBL24575
DEC_3514,decoy,CN(C)CC#CCCC1SCCCS1,CHEMBL43529
DEC_3168,decoy,Cc1ccccc1-n1c(=O)c(F)cn(C2OC(=O)c3ccccc32)c1=O,CHEMBL20301
DEC_0187,decoy,COCCN(C)c1ccc(Nn2c(C)ccc2C)nn1,CHEMBL11632
DEC_1415,decoy,Cc1nc(N)ccc1CNC(=O)C1C=CCn2c(=O)n(C(CSc3ccc(F)cc3)C(=O)O)c(=O)n21,CHEMBL32354
DEC_1448,decoy,CCCCCc1cc(O)c2c(c1)OC(C)(C)[C@@H]1C[C@H](O)[C@H](C)CC21,CHEMBL10681
DEC_2932,decoy,CN(c1ncnc2c1ncn2Cc1ccccc1F)C1CC1,CHEMBL268614
DEC_3995,decoy,COC(=O)C(=O)/C=C(\O)c1ccc(F)c(F)c1,CHEMBL23551
DEC_1008,decoy,COc1ccc(C(=O)/C(=N/O)SCCCN(C)C)cc1.O=C(O)C(=O)O,CHEMBL14598
DEC_3379,decoy,O=C(NCCN1CCN(c2ccc(Cl)cc2)CC1)C12CC3CC(CC(C3)C1)C2,CHEMBL21168
DEC_3477,decoy,NC(C(=O)O)c1ccc(CP(=O)(O)O)cc1Br,CHEMBL29788
DEC_0697,decoy,CN(C)Cc1ccccc1Sc1ccc(I)cc1N,CHEMBL23034
DEC_1640,decoy,CCc1ccc(C(c2ccns2)N2CCN(C)CC2)cc1,CHEMBL22603
DEC_1610,decoy,O/N=C(/c1ccc(Sc2cc(F)cc(C3CCOCC3)c2)cc1)C(F)(F)F,CHEMBL281070
DEC_4016,decoy,CCc1ccc(CC)n1Nc1ccc(N2CCOCC2)nn1,CHEMBL11583
DEC_0393,decoy,CCC(c1ccc(O)cc1)C(CC)c1ccc(O)c(I)c1,CHEMBL267937
DEC_1848,decoy,COc1cc2nc(N3CCN(C(=O)c4ccco4)[C@H](C(=O)NC(C)(C)C)C3)nc(N)c2cc1OC,CHEMBL19826
DEC_2528,decoy,COc1ccc(OC)c2c1CC[C@H]1NCCCC21,CHEMBL286702
DEC_2822,decoy,O=C(NO)C(NCc1cccc(C(F)(F)F)c1)c1cccc2ccccc12,CHEMBL30051
DEC_0058,decoy,Oc1cc(/C=C/C(Br)Br)nc(O)n1,CHEMBL22192
DEC_4156,decoy,Oc1cc2c(cc1O)[C@H]1c3ccc(F)nc3CN[C@@H]1CC2,CHEMBL27101
DEC_2411,decoy,N#Cc1ccc(Nc2c(NC3CC4CCC3C4)c(=O)c2=O)cc1,CHEMBL19077
DEC_1582,decoy,CCCc1cc(=O)oc2c(C(=O)C(C)C(C)(C)O)c(O)c3c(c12)OC(C)(C)C=C3,CHEMBL266210
DEC_1360,decoy,CCCc1cc(C(=O)O)cc(=O)n1Cc1ccc(-c2ccccc2-c2nn[nH]n2)cc1,CHEMBL22791
DEC_2917,decoy,COc1ccc(C2CN3CCN(C)CC3c3ccccc32)cc1,CHEMBL6446
DEC_3215,decoy,Cc1ccc(C)n1-c1cc2c(cc1C(F)(F)F)[nH]c(=O)c(=O)n2CC(=O)O,CHEMBL269684
DEC_3140,decoy,COC1=C(C)C(=O)c2c(c(COC(N)=O)c3n2CCC3OC(N)=O)C1=O,CHEMBL430126
DEC_1103,decoy,O=C1NC(=O)C(S(=O)(=O)c2ccc3ccccc3c2Br)S1,CHEMBL30325
DEC_4458,decoy,COc1ccc2cc(S(=O)(=O)NN(Cc3ccc(C(=N)NO)cc3)C(=O)N3CCC(C)CC3)ccc2c1,CHEMBL39590
DEC_4534,decoy,COc1ccc(C(c2ccc(C(C)C)cc(=O)c2O)c2c(O)c(C(=O)O)cc3ccccc23)cc1,CHEMBL18741
DEC_3200,decoy,O=S(=O)(CS(=O)(=O)C(F)(F)F)c1ccc(C(F)(F)F)cc1,CHEMBL12785
DEC_4674,decoy,COc1ccc2c(nc(Nc3c(C)cccc3Cl)c3cnc(CCCO)n32)c1OC,CHEMBL29794
DEC_4119,decoy,O=C1CCc2cc3c(c4c5cc(O)ccc5n1c24)CCNC3,CHEMBL23422
DEC_1925,decoy,CC[C@@]1(O)C(=O)OCc2c1cc1n(c2=O)Cc2cc3c(CCN)c(O)ccc3nc2-1,CHEMBL10613
DEC_2801,decoy,CC/C(=C(\c1ccccc1)c1ccc(OC(C)=O)c(OC(C)=O)c1)c1cccc(OC(C)=O)c1,CHEMBL283246
DEC_1248,decoy,CCC(=O)N(c1c(F)c(F)c(F)c(F)c1F)C1CCCC1N(C)C,CHEMBL21711
DEC_2886,decoy,CCC(=O)c1cc(C(C)(C)C)c2c(c1)C(C)(C)CO2,CHEMBL14167
DEC_4592,decoy,CCCN1[C@H](C)C[C@H]2c3c(cccc3OC)CC[C@H]21,CHEMBL416924
DEC_2483,decoy,CC#CCOc1ccc(S(=O)(=O)Nc2c(C)cccc2C(=O)NO)cc1,CHEMBL19320
DEC_0475,decoy,c1ccc(COCC2(c3ccccc3)CCNCC2)cc1,CHEMBL22680
DEC_4648,decoy,CC1=C(C(=O)OC(c2ccccc2)c2ccccc2)N2C(=O)[C@@H](NC3=NCC(C)N3)C2SC1,CHEMBL269316
DEC_4694,decoy,Cc1c(C(=O)NCCCCCO)cnn1-c1nc(-c2cccc(C(F)(F)F)c2)cs1,CHEMBL9571
DEC_4206,decoy,Cc1cc(C)c(C)c(OC(=O)NS(=O)(=O)Oc2c(C(C)C)cccc2C(C)C)c1C,CHEMBL22609
DEC_3893,decoy,CC(C)C(CCC(=O)O)C(=O)N1c2ccccc2CC1C(=O)O,CHEMBL279658
ACT_096,active,O=C(NC(=S)Nc1ccc(O)c(-c2nc3ccccc3s2)c1)c1ccc([N+](=O)[O-])cc1,CHEMBL460746
DEC_2624,decoy,CCc1c(Sc2cc(Cl)cc(Cl)c2)n(COCCO)c(=O)[nH]c1=O,CHEMBL429778
DEC_2815,decoy,C[C@@](O)(/C=C/C1[C@H](O)C[C@@H]2OC(=O)CCC/C=C\C[C@H]12)CCc1ccccc1,CHEMBL429044
DEC_3178,decoy,CN(C1=NCCN1)c1c(Br)cccc1Br,CHEMBL20521
DEC_3698,decoy,COc1ccc(S(=O)(=O)N(Cc2sc3scc(C)c3c2C)[C@H](C)C(=O)O)cc1,CHEMBL21567
DEC_2097,decoy,COc1ccc2[nH]cc(C[C@H](NC(=O)c3ccccc3Br)C(=O)O)c2c1,CHEMBL266496
DEC_3705,decoy,Cc1ccccc1Oc1nccc(-c2c(-c3ccc(F)cc3)ncn2C2CCNCC2)n1,CHEMBL13836
DEC_3012,decoy,O=C1NC(=O)C(CC#Cc2ccc(Cl)cc2)(S(=O)(=O)c2ccc(Br)cc2)S1,CHEMBL12201
DEC_0333,decoy,N[C@@H](CC1=CCCCc2onc(O)c21)C(=O)O,CHEMBL28472
DEC_3257,decoy,Cc1nc2ccccc2c(=O)n1CCNC(=O)C1=CC(C)(C)NC1(C)C,CHEMBL15309
DEC_3433,decoy,O=C(O)Cc1nn(Cc2nc3c(Cl)cc(Cl)cc3s2)c(=O)c2ccccc12,CHEMBL20575
DEC_2333,decoy,Cn1c2c(c3ccccc31)C(C)(c1cccc(CC(=O)O)c1)c1cc(C(=O)O)sc1C2=O,CHEMBL278707
DEC_0982,decoy,COC1[C@@H](Cn2cncn2)[C@H](COc2ccc(OC(C)(C)C)cc2)CC[C@@]1(C)CCn1ccnc1,CHEMBL300043
DEC_1733,decoy,C=C[C@@]1(C)CC(=O)[C@]2(O)C3(C)C(C(O)C(OC(=O)CNc4ccccc4)[C@@]2(C)O1)C(C)(C)CC[C@@H]3O,CHEMBL431914
DEC_2724,decoy,CCC(C)(C)/N=c1\c(O)c(O)\c1=N/Cc1ccc(SC)cc1,CHEMBL19720
DEC_3866,decoy,CCCCC/C=C(\NC(=O)C1CC1(Cl)Cl)C(=O)O,CHEMBL12001
DEC_3184,decoy,C=CCN(C1=NCCN1)c1c(Br)cccc1Br,CHEMBL20176
DEC_2910,decoy,Cc1cc(C)n(/C(=N\c2ccccc2)c2ccccc2)n1,CHEMBL38183
DEC_1507,decoy,Cc1cc(-c2cc(O)c(SCc3ccccc3)c(=O)o2)cc(C)c1O,CHEMBL14437
DEC_3967,decoy,O=c1c2c(nc3n1CCCCCC3)CCCC2,CHEMBL442733
DEC_2575,decoy,C=CCC1Oc2cccc(C#N)c2-c2ccc3c(c21)C(C)=CC(C)(C)N3,CHEMBL8209
DEC_1632,decoy,CC(C)CCc1nc2c([nH]1)N1C[C@@H](C(C)C)N=C1N(C)C2=O,CHEMBL19157
DEC_0924,decoy,Cc1cc2nc3ccc(N(C)C)cc3nc2cc1I,CHEMBL15641
DEC_0070,decoy,O=S1(=O)CCC(NC2c3ccccc3Oc3ccccc32)C1,CHEMBL20538
DEC_3701,decoy,C(=C/c1cccc(-c2nn[nH]n2)c1)\c1cccc(OCc2ccc3ccccc3n2)c1,CHEMBL18381
DEC_4639,decoy,CCCNC(=O)O[C@H]1CC[C@](CNC(=O)c2ccccc2OC)(c2ccccc2)CC1,CHEMBL279606
ACT_020,active,C=C1CCC[C@H]2[C@]3(C)CC4=C(O[C@]3(C)CC[C@]12C)C(=O)C=C(NC)C4=O,CHEMBL4126111
DEC_2393,decoy,COc1cccc(/C=C/c2nc3c(c(=O)n(C)c(=O)n3C)n2C)c1,CHEMBL281657
DEC_0015,decoy,N#C/C(=C(/N)Sc1ccccc1N)c1cccc(C(O)c2ccc(C(F)(F)F)cc2)c1,CHEMBL38184
DEC_3394,decoy,O=C1N(CCO)CN(c2ccccc2)C12CCN(C1CCc3cccc(Cl)c3C1)CC2,CHEMBL26987
DEC_3821,decoy,Fc1cccc(Br)c1N(CC1CC1)C1=NCCN1,CHEMBL20358
DEC_4679,decoy,CC(Cc1c[nH]c2c(OCC(=O)O)cccc12)NC[C@H](O)c1cccc(Cl)c1,CHEMBL282190
DEC_0677,decoy,N#C/C(=N\O)c1ccc(Sc2cc(F)cc(C3CCOCC3)c2)cc1,CHEMBL27691
DEC_0731,decoy,CC1(C)N=C(N)N=C(N)N1c1cccc(S(=O)(=O)F)c1,CHEMBL30603
DEC_0092,decoy,O[C@@H]1CC[C@H]2CN3CCc4cc5c(cc4[C@@H]3C[C@@H]2C1)OCO5,CHEMBL26156
DEC_2090,decoy,Cc1cccc(NC(=O)NNc2nc3ccccc3c(=O)n2-c2cccc(OC(C)C)c2)c1,CHEMBL266120
DEC_3189,decoy,O=C1NCN(c2ccccc2)C12CCN(C1Cc3ccccc3C1)CC2,CHEMBL28172
DEC_3120,decoy,CCNS(=O)(=O)OC[C@@]12OC[C@H]3OC(C)(C)O[C@H]3[C@@H]1OC(C)(C)O2,CHEMBL281234
DEC_3251,decoy,CC(=O)c1cc2c(s1)[C@@H](NC(=O)c1ccc(F)cc1F)[C@H](O)C(C)(C)O2,CHEMBL280745
DEC_3569,decoy,CC(=O)[O-].Cc1c2cc[n+](C)cc2c(C)c2c1[nH]c1ccc(O)cc12,CHEMBL24078
DEC_0066,decoy,C[C@H](N)Cc1c2c(c(C(F)(F)F)c3c1OCC3)OCC2.Cl,CHEMBL268542
DEC_3191,decoy,CN(C)CC(=O)N1c2ccccc2N(C)S(=O)(=O)c2ccccc21,CHEMBL29504
DEC_1990,decoy,Nc1nc(Cl)c2ncn(C3CC(CO)C(O)C3O)c2n1,CHEMBL278297
DEC_1301,decoy,O=c1c2c(oc(O)c1C(c1ccccc1)C1CC1)CCCCCC2,CHEMBL16584
DEC_4019,decoy,CCCN1CCN2CC(c3ccccc3)c3ccccc3C2C1,CHEMBL404992
DEC_2093,decoy,N#Cc1ccc(NC(=O)Nc2ccccc2Br)c(O)c1Br,CHEMBL28009
DEC_1328,decoy,OCC1Cc2cc3c(-c4ccccc4F)noc3c(Cl)c2O1,CHEMBL7908
DEC_0399,decoy,CC(C)[C@@H](N)CN1C2CCC1CC(OC(c1ccc(F)cc1)c1ccc(F)cc1)C2,CHEMBL429015
DEC_1058,decoy,C[C@@H](O)[C@H]1C(=O)N2C(C(=O)O)=C(SC(=S)N(C)Cc3cccc4ccccc34)[C@H](C)[C@H]12,CHEMBL291151
DEC_2100,decoy,COc1cccc(NC(=O)NC2CCCC(NC(=O)Nc3cccc(OC)c3)C2)c1,CHEMBL429034
DEC_0732,decoy,Cc1cc(O)c2c(c1)C(=O)c1cc(O)cc(O)c1C2=O,CHEMBL289277
DEC_4021,decoy,Cc1cc(C(c2ccccc2F)N2CCN(C)CC2)sn1,CHEMBL22351
DEC_4526,decoy,Cc1c(/C=C/CN)nc(O)c2c1ccc1nc(Nc3c(Cl)cccc3Cl)n(C)c12,CHEMBL30230
DEC_2840,decoy,Cc1cc(Nc2ccc(SCC(=O)O)cc2)c2c(ccc3c[nH]nc32)n1,CHEMBL286265
DEC_4027,decoy,CCc1nccn1-c1ccc(C2=CCCn3c2cnc3C)cc1,CHEMBL28344
DEC_3734,decoy,COc1c(F)cc(-c2nc(C(F)(F)F)cn2-c2ccc(S(C)(=O)=O)cc2)cc1F,CHEMBL42119
DEC_4289,decoy,OC1(c2ccc(-c3ccccc3)cc2)CN2CCC1CC2,CHEMBL279261
DEC_3923,decoy,COc1ccc(C23OCC24C2COC(c5cc(OC)c(OC)cc53)C24)cc1OC,CHEMBL18378
DEC_1570,decoy,C=CC(=O)OC1CCC(C)(C)C(/C=C/C(C)=C/C=C/C(C)=C/C(=O)O)=C1C,CHEMBL14981
DEC_4325,decoy,NC(=O)C1CCCN1C(=O)N(CCCl)N=O,CHEMBL37710
DEC_0979,decoy,COc1ccc2c3c1OC1[C@H](O)[C@](CO)(CCCCCCc4ccccc4)CC4C(C2)N(C)CCC341,CHEMBL264088
DEC_1170,decoy,CN(Cc1coc2nc(N)nc(N)c12)c1ccc(Cl)c(Cl)c1,CHEMBL23153
DEC_0294,decoy,CC12CCC(C1)C(C)(C)C2OC(=O)[C@H](NC(=O)[C@@H](N)CC(=O)O)c1ccccc1F,CHEMBL10064
DEC_4028,decoy,OC(c1ccc(F)cc1)(c1ccc(F)cc1)c1cncnc1,CHEMBL28696
DEC_1962,decoy,N=C(N)c1ccc(CNC(=O)C2CCCC=C2C(=O)N2CCCCC2)cc1,CHEMBL417998
DEC_3518,decoy,C=CCN1CC[C@@H]2Cc3c(O)cccc3C[C@H]21,CHEMBL11363
DEC_0098,decoy,CNCc1cccc(I)c1.Cl,CHEMBL13437
DEC_1781,decoy,CCCN1c2ccccc2N(C(=O)CN(C)C)c2ccccc2S1(=O)=O,CHEMBL281552
DEC_0120,decoy,CC(C)Nc1nc(N2CCNCC2)nc(Cl)c1Br,CHEMBL29275
DEC_0268,decoy,CC(N)c1ccc([C@H]2C[C@H](SC3=C(C(=O)O)N4C(=O)[C@H]([C@@H](C)O)[C@H]4[C@H]3C)CN2)cc1,CHEMBL17699
DEC_3532,decoy,C=CCN1CC[C@H]2c3cccc(O)c3CC[C@H]21,CHEMBL285873
DEC_4302,decoy,CN(C(=O)c1cc2cc(O)ccc2n1C)c1ccccc1,CHEMBL19899
DEC_3507,decoy,O=C(O)C1CC2CC(c3ccc(-c4nn[nH]n4)cc3)CCC2CN1,CHEMBL16303
DEC_2455,decoy,Cc1c(S(=O)(=O)N[C@H]2CCN(Cc3cc4cc[nH]cc-4n3)C2=O)sc2ccc(Cl)cc12,CHEMBL8251
DEC_2247,decoy,CC1(C)C2CC1[C@]1(C)OB([C@H](CCCN=C(N)N)NC(=O)c3ccc(-c4ccccc4)c([N+](=O)[O-])c3)O[C@@H]1C2,CHEMBL263204
DEC_1330,decoy,CS(=O)(=O)c1ccc(C2=C(c3ccc(F)c(F)c3)C(=O)CC2)cc1,CHEMBL279249
DEC_1566,decoy,C=C1/C(=C\C=C\[C@H]2CCC[C@H]([C@H](C)CCCC(C)(C)O)C2(C)C)C[C@@H](O)C[C@@H]1O,CHEMBL32633
DEC_0929,decoy,Brc1ccc(N(CC2CC2)C2=NCCN2)cc1Br,CHEMBL20092
ACT_036,active,O=[N+]([O-])c1cccc(-c2nnc3ccc(N4CCCCC4)nn23)c1,CHEMBL2003637
DEC_0488,decoy,CC(C)(C)[C@H]1CC[C@@H](O)[C@H](N2CCC(c3ccccc3)CC2)C1,CHEMBL20463
DEC_1973,decoy,Nc1nc(Cl)nc2c1ncn2[C@H]1[C@H](O)[C@H](O)[C@]2(CO)C[C@H]12,CHEMBL26759
DEC_0998,decoy,CN(CC(CCN1CCC2(CC1)C[S+]([O-])c1ccccc12)c1ccccc1)S(=O)(=O)c1ccccc1,CHEMBL408438
DEC_3665,decoy,Br.Br.N=c1ccn(CCCCCCn2ccc(=N)cc2)cc1,CHEMBL35108
DEC_1380,decoy,CCN(CCNC(=O)c1cc(Cl)c(N)cc1OC)Cc1ccccc1OC,CHEMBL21014
DEC_2525,decoy,COC(=O)C(C(C)=O)=C1SCCCS1,CHEMBL286550
ACT_035,active,CNC(=O)c1ccccc1Sc1ccc2c(C=Cc3ccccn3)n[nH]c2c1,CHEMBL1988437
ACT_025,active,C[C@@H]1C[C@H]2CN1CCn1nc3c(cccc3c1O)-c1nc3c(cccc3nc1O)O2,CHEMBL215803
DEC_4400,decoy,COc1ccc2c3c1OC1[C@H](O)[C@](CO)(CCCCCc4ccccc4)CC4C(C2)N(CC2CCC2)CCC341,CHEMBL9818
DEC_2095,decoy,NC(=O)N(O)Cc1ccc(-c2nc(-c3ccc(F)cc3)c(-c3ccncc3)[nH]2)cc1,CHEMBL17293
DEC_0990,decoy,COc1ccc(/C=C2\CSCC3C2=NN(CCCN2CCN(C)CC2)C3c2ccc(OC)cc2)cc1,CHEMBL287356
DEC_4344,decoy,Nc1nc(Cl)nc2c1ccn2COCCO,CHEMBL35940
ACT_033,active,Nc1nnc(-c2cc3c(Oc4ccc(Cl)cc4)cncc3s2)o1,CHEMBL1994830
DEC_3719,decoy,CC(C)(C)C(=O)Oc1ccc(C(=O)OCc2cc(=O)c(OC(=O)C(C)(C)C)co2)cc1,CHEMBL10089
DEC_3632,decoy,COc1cccc2c1CCC1CN(CCn3c(=O)[nH]c4c([nH]c5ccccc54)c3=O)CC21,CHEMBL288809
DEC_0148,decoy,CC(C)Nc1nc(N2CCN(C)CC2)nc(Cl)c1Br,CHEMBL31950
DEC_2416,decoy,Cc1ccc(/C=C/C(=O)N[C@@H]2CC[C@@]3(O)[C@H]4Cc5ccc(O)c6c5C3(CCN4CC3CC3)[C@H]2O6)cc1,CHEMBL297756
DEC_1768,decoy,CC(C)(C)c1cc(C(=O)C[S+]([O-])CC2CC2)cc2c1OCC2(C)C,CHEMBL274811
DEC_4545,decoy,COc1cc2c(Nc3cc(O)c(C)cc3F)ncnc2cc1OCC1CCN(C)CC1,CHEMBL24625
DEC_2309,decoy,CCC(c1ccc(O)cc1)C(CBr)c1ccc(O)cc1,CHEMBL25297
DEC_3054,decoy,CC1(C)N=C(N)N=C(N)N1c1ccc(OCc2ccccc2)cc1,CHEMBL7191
DEC_0179,decoy,CN(C)c1ncnc2c1ncn2Cc1ccc(N)cc1,CHEMBL267866
DEC_4350,decoy,COCCC1CN(c2ccc(O)cc2)NC1=O,CHEMBL431315
DEC_2275,decoy,CCN1C(=O)N(C2CCN(C3CCC(C(C)C)CC3)CC2)[C@@H]2CCCC[C@H]21,CHEMBL282195
DEC_1590,decoy,CCNC(=O)OCc1cn2c(c1COC(=O)NCC)-c1ccccc1CC2C,CHEMBL24857
DEC_4633,decoy,Cc1ccc(S(=O)(=O)O)cc1.N/C(=N\O)N/N=C/c1ccc(OCc2ccccc2)cc1,CHEMBL12481
DEC_0099,decoy,COc1nc(C(Cl)(Cl)Cl)c(Cl)c(O)c1Cl,CHEMBL11122
DEC_0205,decoy,CN1C(=O)CC[C@]2(C)C3CC[C@@]4(C)C(CC[C@@]4(O)C#CCCCBr)C3CCC12,CHEMBL10018
DEC_0039,decoy,CC(=O)OC1=C(Sc2ccccc2)C[C@H]2Cc3cc4cccc(O)c4c(O)c3C(=O)[C@H]2C1,CHEMBL30248
DEC_0141,decoy,O=C(O)[C@@H]1C[C@H]2C[C@@H](c3csc(-c4nn[nH]n4)c3)CC[C@H]2CN1,CHEMBL16261
DEC_3886,decoy,CC1(C)C=C(C(=O)NCCCNCc2ccsc2)C(C)(C)N1,CHEMBL278277
DEC_1901,decoy,CCOc1ccc2[nH]c([S+]([O-])Cc3cc(C)ccc3N)nc2c1,CHEMBL281138
DEC_3559,decoy,Oc1ccc2cccc(N3CCNCC3)c2c1,CHEMBL24462
DEC_0594,decoy,CCCCc1nc2cccc(C(=O)OCC)c2n1Cc1ccc(-c2ccccc2-c2nn[nH]n2)cc1,CHEMBL301072
DEC_4138,decoy,COc1ccc2c3c1C[C@H]1C[C@@H](O)C=CC31CCN(C)C2,CHEMBL15576
DEC_0590,decoy,COc1ccc(CN2CCc3cc(O)c(O)cc3C2Cc2cc(OC)c(OC)c(OC)c2)cc1,CHEMBL284033
DEC_1788,decoy,CN(CCc1ccc2c(c1)OCO2)C[C@@H]1CC[C@H]2CCOc3cccc1c32,CHEMBL10317
DEC_1910,decoy,Cc1cccc(/N=C/C2=C3NC=C(C(=O)O)C(=O)N3[C@@H](C)CC2)c1,CHEMBL417108
DEC_4456,decoy,CN(C(=O)[C@H](Cc1ccc(C(N)NN)cc1)NS(=O)(=O)c1ccc2cc3ccccc3cc2c1)C1CCCC1,CHEMBL267676
DEC_0955,decoy,CC(C)C1=CC2CC3(C=O)[C@@H]4CC[C@@H](C)[C@H]4CC2(CO[C@H]2CN(CC4CC4)[C@H](C)CO2)[C@]13C(=O)O,CHEMBL281987
DEC_2579,decoy,Nc1nc(-c2cc(Cl)cc(Cl)c2)c(-c2cc(Cl)cc(Cl)c2)[nH]1,CHEMBL7935
DEC_1946,decoy,NCC/N=C(\S)Nc1c(Cl)cccc1Cl.O=C(O)/C=C\C(=O)O,CHEMBL28792
DEC_0907,decoy,CN(C=O)[C@H]1CCC2C3CC[C@H]4N(C)C(=O)C=C[C@]4(C)C3CC[C@@]21C,CHEMBL17025
DEC_3644,decoy,C[C@@H]1[C@@H](N)CN1c1cc2c(cc1F)c(=O)c(C(=O)O)cn2-c1ccc(F)cc1F,CHEMBL19518
DEC_3145,decoy,CO/N=C(\C(=O)N[C@@H]1C(=O)N2C(C(=O)O)=CCS[C@H]12)c1csc(N)n1,CHEMBL528
DEC_1252,decoy,CCCCC[C@@H]1/C=C\C2C(=O)CC(O)[C@@H]2C/C=C\CCCC(=O)O1,CHEMBL276380
DEC_0704,decoy,CC(C)=CCC(O)C1=CC(=O)c2c(O)ccc(O)c2C1=O,CHEMBL29285
DEC_0525,decoy,Cl.O=C(C1CCCN1)N1CCCC1P(=O)(OCC(F)(F)F)OCC(F)(F)F,CHEMBL276884
DEC_3623,decoy,N[C@H]1CC(CO)N(c2cc3c(cc2F)c(=O)c(C(=O)O)cn3-c2ccc(F)cc2F)C1,CHEMBL41449
DEC_3125,decoy,Cc1cn(C2CC(O)C(CN(C)C(=O)CBr)O2)c(=O)[nH]c1=O,CHEMBL273695
DEC_3071,decoy,COc1cc(N)c(Cl)cc1C(=O)NC1CCCN2CCSCC12,CHEMBL280553
DEC_3981,decoy,CCCN1C[C@H]2c3c(cccc3OC)CC[C@H]21,CHEMBL283956
DEC_0498,decoy,CC(C)(c1ccc(O)cc1F)C(C)(C)c1ccc(O)cc1F,CHEMBL291241
DEC_3503,decoy,Nc1nc(Br)c2ncn(C3CCC(CO)O3)c2n1,CHEMBL428539
DEC_0088,decoy,CN(C)c1ccc(C2CCN(C3CCCCC3O)CC2)cc1,CHEMBL20689
DEC_1596,decoy,O=C(Cc1cccs1)Oc1ccc2[nH]c(C(=O)c3cc4ccccc4[nH]3)cc2c1,CHEMBL7157
DEC_1182,decoy,CC[C@@H]1Cc2cc(O)ccc2C2=C1c1ccc(O)cc1C[C@H]2CC,CHEMBL282489
DEC_1419,decoy,Cc1nc(N)ccc1CNC(=O)C1C=CCn2c(=O)n(C(CSCC(C)C)C(=O)O)c(=O)n21,CHEMBL287382
DEC_2033,decoy,c1ccc([C@H]2OC[C@H]([C@@H]3CCCCN3)O2)cc1,CHEMBL432263
DEC_1212,decoy,CC(C)=CC[C@@H](OC(=O)c1ccccc1)C1=CC(=O)c2c(O)ccc(O)c2C1=O,CHEMBL8805
DEC_3740,decoy,C(#Cc1ncnc2c1ncn2Cc1ccccc1)c1ncnc2c1ncn2Cc1ccccc1,CHEMBL9718
DEC_3704,decoy,N[C@H](CCC(=O)O)C(=O)N(Cc1ccc2ccccc2c1)Cc1cccc2ccccc12,CHEMBL8287
DEC_2576,decoy,Clc1ccc2c(c1)[C@H]1NCC[C@H]1[C@@H](c1c[nH]c3ccc(Cl)cc13)N2,CHEMBL25632
DEC_4544,decoy,COc1cc2c(Nc3cc(O)c(Cl)cc3F)ncnc2cc1OCC1CCN(C)CC1,CHEMBL24409
DEC_1374,decoy,COc1ccc(S(=O)(=O)N(Cc2cccc3ccccc23)[C@H](C)C(=O)NO)cc1,CHEMBL21543
DEC_3765,decoy,O=C1Nc2ccc(Cl)cc2[C@@](/C=C/C2CC2)(C(F)(F)F)N1,CHEMBL29274
DEC_2463,decoy,CCN(Cc1cc(Nc2ccnc3cc(Cl)ccc23)ccc1O)C(=O)N1CCN(C)CC1,CHEMBL35537
DEC_1372,decoy,C=C(c1ccccc1OCC(O)CNC(C)C)n1cnc(C(=O)OCC)c1C,CHEMBL276514
DEC_1810,decoy,CNC(=O)OCc1cn2c(c1COC(=O)NC)-c1ccccc1CC2C,CHEMBL24789
DEC_4558,decoy,COc1cc2c(Nc3c(F)cc(Cl)cc3F)ncnc2cc1OCC1CCNCC1,CHEMBL25450
DEC_1060,decoy,CCc1ccc(-c2ccc3c(c2)C(=O)c2ccccc2[C@@H]2[C@H](C(=O)O)[C@H](C(=O)O)[C@H]32)cc1,CHEMBL31662
DEC_1218,decoy,CCc1nc(C)c(Br)n1-c1ccc(-c2ccc(O)nn2)cc1,CHEMBL31777
DEC_2969,decoy,CCN1C(=O)c2c(nc(OC)n2Cc2ccc(OC)c(Br)c2)N2C1=N[C@@H]1CCC[C@@H]12,CHEMBL26775
DEC_4343,decoy,O=NN(CCF)C(=O)NC1CCSCC1,CHEMBL12509
DEC_3164,decoy,O=S(=O)(CS(=O)(=O)C(F)(F)F)c1ccc(Br)cc1,CHEMBL274310
DEC_4013,decoy,COc1ncnc2c1ncn2Cc1ccccc1,CHEMBL7446
DEC_4651,decoy,COc1ccc(S(=O)(=O)N(Cc2sc3scc(C)c3c2C)[C@H](C)C(=O)NO)cc1,CHEMBL21067
DEC_4114,decoy,Cc1cc2c(nc1C)CN[C@@H]1CCc3cc(O)c(O)cc3[C@@H]21,CHEMBL284959
DEC_3595,decoy,CC(C)(C)C1CS(=O)(=O)C(c2ccccc2)S(=O)(=O)C1,CHEMBL32008
DEC_0768,decoy,CC(C)c1ccccc1Sc1c(O)cc(-c2ccc(O)cc2)oc1=O,CHEMBL12950
DEC_3748,decoy,O=C1O[C@H](c2ccc(F)cc2)[C@@](Cn2cncn2)(c2ccc(Cl)cc2Cl)O1,CHEMBL10444
DEC_1142,decoy,Nc1nc(N)c2c(CSc3ccc4ccccc4c3)coc2n1,CHEMBL283311
DEC_1264,decoy,Fc1ccc(CN2CCc3ccccc3C2Cn2cncn2)c(F)c1,CHEMBL28006
DEC_0756,decoy,C=CCCC(=O)O[C@H](CC=C(C)C)C1=CC(=O)c2c(O)ccc(O)c2C1=O,CHEMBL276448
DEC_1864,decoy,C[C@@]1(CO)[C@H](O)CC[C@@]2(C)[C@H]1CCC1C[C@@H]3C[C@@]12CC[C@]3(O)CO,CHEMBL12500
DEC_4356,decoy,COc1ccc2[nH]c3c(cnn4nnnc34)c2c1,CHEMBL412906
DEC_0671,decoy,COC1(c2csc(Sc3ccc4c(c3)CC/C4=N\O)c2)CCOCC1,CHEMBL283523
DEC_3596,decoy,CC(C)(C)OC(=O)C1=C(O)C(=O)N(Cc2cccs2)C1,CHEMBL6943
DEC_4740,decoy,C#Cc1c(C(=O)NN2CC3CCCC3C2)nc(-c2ccc(Cl)cc2Cl)n1-c1ccc(Cl)cc1,CHEMBL418544
DEC_1445,decoy,CCCCCc1cc(O)c2c(c1)OC(C)(C)[C@@H]1CC[C@H](C)[C@H](O)C21,CHEMBL10475
DEC_1000,decoy,CN(C)c1ccc(Oc2ccc(S(=O)(=O)N3Cc4ccccc4C[C@@H]3C(=O)C(=O)O)cc2)cc1,CHEMBL299720
DEC_3881,decoy,CC1(C)C=C(C(=O)NCCCNCc2ccccc2O)C(C)(C)N1,CHEMBL15397
DEC_3830,decoy,O=C(c1ccc(Cl)cc1)C(O)(Cn1cncn1)C1CCCC1,CHEMBL10594
DEC_4296,decoy,CCn1c(=O)c2cc(C(=O)O)cn2c2cc(C)c(C)cc21,CHEMBL13379
DEC_3519,decoy,C=CCN1CC[C@H]2Cc3c(O)cccc3C[C@H]21,CHEMBL24050
DEC_2655,decoy,c1cc(N2CCCN(c3ccc(C4=NCCN4)cc3)CC2)ccc1C1=NCCN1,CHEMBL9185
DEC_2300,decoy,CS(=O)(=O)c1ccc(-c2sc(CC#N)nc2-c2ccc(F)cc2)cc1,CHEMBL417266
DEC_3947,decoy,COc1ccc(C(=O)c2cn3c4c(cccc24)OCC3CN2CCOCC2)cc1,CHEMBL25847
DEC_0733,decoy,CC1(C)N=C(N)N=C(N)N1c1ccc(C(F)(F)F)cc1,CHEMBL427826
DEC_3304,decoy,CCC1=C2C3C=C(C)CC2(NC1)c1ccc(O)nc1C3,CHEMBL37105
DEC_4275,decoy,Cc1cnc2c(c1)[C@@H]1c3cc(O)c(O)cc3CC[C@H]1NC2,CHEMBL275379
DEC_4073,decoy,CCC(C)(C)/N=c1\c(O)c(O)\c1=N/Cc1ccc(F)cc1,CHEMBL278827
DEC_2239,decoy,CCCCc1nc2ccc(C(O)CO)cc2c(=O)n1Cc1ccc(-c2ccccc2-c2nn[nH]n2)cc1,CHEMBL15283
DEC_2376,decoy,CCC(C)(C)/N=c1\c(O)c(O)\c1=N/Cc1ccc(F)c(F)c1,CHEMBL19694
DEC_1591,decoy,CCOC(=O)c1cccc(-c2cc(O)c(Sc3ccccc3C(C)C)c(=O)o2)c1,CHEMBL12622
DEC_2146,decoy,c1ccc(NC23CC4CC(CC(C4)C2)C3)nc1,CHEMBL282918
DEC_2104,decoy,O=C(Cn1c(C2CCNCC2)nc2cc(Cl)c(Cl)cc21)N/N=C/c1ccc[nH]1,CHEMBL19840
DEC_0492,decoy,Oc1cc2c(cc1CCCSc1ccccc1)OCC2,CHEMBL7273
DEC_1132,decoy,O=c1cnn(-c2ccc(-c3ccc4oc5ccc(Cl)cc5c(=O)c4c3)cc2)c(=O)[nH]1,CHEMBL6293
DEC_4685,decoy,CCN1C(CNC(=O)c2cc(Cl)c(NC)cc2OC)CCC1c1ccccc1,CHEMBL21066
DEC_2763,decoy,CSc1c(Cl)nc(N2CCN(C)CC2)nc1NC(C)(C)C,CHEMBL284682
DEC_2731,decoy,CC(/N=c1\c(O)c(O)\c1=N/c1ccc(CC#N)cc1)C(C)(C)C,CHEMBL18859
DEC_0654,decoy,C[S+]([O-])c1nnc(-c2cc(C(C)(C)C)c(O)c(C(C)(C)C)c2)s1,CHEMBL16522
DEC_1442,decoy,CCCCC[C@](C)(O)/C=C/C1[C@H](O)C[C@@H]2OC(=O)CCC/C=C\C[C@H]12,CHEMBL12597
DEC_2921,decoy,COC(=O)/C=C/C1C(c2ccc(C)cc2)C[C@H]2CCC1N2C,CHEMBL276332
DEC_0512,decoy,CC(=O)OCC(=O)[C@@]12N=C(C)O[C@@H]1CC1C3CCC4=CC(=O)C=CC4(C)[C@@]3(F)C(O)CC12C,CHEMBL285283
DEC_3494,decoy,CC1(C)Oc2ccc(C#N)cc2C(NC(=O)c2ccc(O)cc2)[C@@H]1O,CHEMBL428688
DEC_1606,decoy,CCC1NC(=O)C(CCN(C(C)C)C(C)C)(c2ccccc2)C2CCCCN12,CHEMBL24216
DEC_2843,decoy,Cc1ccc(-c2ccc3c(c2)C(=O)c2ccccc2[C@@H]2[C@H](C(=O)O)[C@H](C(=O)O)[C@H]32)cc1,CHEMBL414408
DEC_2049,decoy,COc1ccc2c(c1)cc1c(S)nncn12,CHEMBL8253
DEC_3770,decoy,COc1ccc(Cl)c(C2(F)C(=O)Nc3c(C#N)cccc32)c1,CHEMBL8069
DEC_1311,decoy,O=S(=O)(NC1c2ccccc2Oc2ccccc21)c1ccccc1,CHEMBL279518
DEC_0093,decoy,O[C@H]1CCC2CN3CCc4cc5c(cc4[C@@H]3C[C@@H]2C1)OCO5,CHEMBL28531
DEC_4585,decoy,O=c1occcc1Cc1ccc2ccccc2c1,CHEMBL16202
DEC_1650,decoy,Cc1cc(C(c2ccccc2C)N2CCN(C)CC2)sn1,CHEMBL24884
DEC_2258,decoy,CC(C)(C)OC(=O)N[C@@H](Cc1ccccc1)[C@H](O)CNC[C@@H](O)[C@@H](Cc1ccccc1)NC(=O)OC(C)(C)C,CHEMBL52153
DEC_3360,decoy,CC1CN(CCCN2CCc3c([nH]c4ccccc34)C2)CC(C)N1,CHEMBL12595
DEC_1028,decoy,Cc1cc(NS(=O)(=O)c2ccc(NC(=O)CC3=CC(=O)OC3=O)cc2)no1,CHEMBL22443
DEC_1131,decoy,CS(=O)(=O)O.Nc1nc2ccc(Cl)cc2c2nc(-c3ccoc3)nn12,CHEMBL268615
DEC_1594,decoy,CCN(CC)C(=O)c1ccc(N(c2ccccc2)[C@@H]2C[C@H]3CC[C@@H](C2)N3)cc1,CHEMBL274125
DEC_0806,decoy,CC12CCC(OC=O)CC1CCC1C2CCC2(C)[C@@H](C3=CC(=O)OC3)C(O)CC12O,CHEMBL6383
DEC_3534,decoy,CCc1ccc(Cc2ccc(F)cc2)c(O)c1,CHEMBL28037
DEC_3228,decoy,Cc1cc(Cl)cc(Cl)c1C/N=c1\c(O)c(O)\c1=N/C(C)(C)C,CHEMBL19446
DEC_2204,decoy,C/N=C(\NC#N)NCCSCn1nc(N(C)C)ccc1=O,CHEMBL15415
DEC_4037,decoy,COc1ccc(Sc2ccc(CC3=NCCN3)cc2)cc1,CHEMBL9999
DEC_1214,decoy,C=C(C)CCN(C1=NCCN1)c1c(Br)cccc1Br,CHEMBL20490
DEC_1207,decoy,O=c1c(-c2ccccc2)cccn1C(CN1CCC(O)C1)c1ccccc1,CHEMBL14893
DEC_2078,decoy,CN(CC(=O)O)Cc1c[nH]c2cc3ncnc(Nc4cccc(Br)c4)c3cc12,CHEMBL289213
DEC_1085,decoy,Clc1ccc(C2=CCc3ccccc3N=C2N2CCNCC2)cc1.O=C(O)/C=C/C(=O)O,CHEMBL276351
DEC_3372,decoy,[2H]c1c([2H])c([2H])c(NS(=O)(=O)c2ccc3c(c2)C(n2ccccc2=O)=CC(C)(C)O3)c([2H])c1[2H],CHEMBL275679
DEC_4338,decoy,Cc1ccc(N2C(N)=NC(N)=NC2(C)C)cc1,CHEMBL7004
DEC_0132,decoy,CC1(C)N=C(N)N=C(N)N1c1cccc(C(O)c2ccccc2)c1,CHEMBL21051
DEC_3459,decoy,[O-][S+](CC(F)(F)C(F)(F)F)c1nc(-c2ccccc2)c(-c2ccccc2)[nH]1,CHEMBL278005
DEC_0860,decoy,CCCSC1=Nc2ccccc2S(=O)(=O)N1Cc1ccc(-c2ccccc2-c2nn[nH]n2)cc1,CHEMBL13921
DEC_4221,decoy,CC(C)=CCN1CC[C@@]2(C)c3cc(O)ccc3C[C@@H]1[C@@H]2C,CHEMBL560
DEC_4593,decoy,COc1cccc(C2CCCN(C(C)C)C2)c1,CHEMBL34761
DEC_2756,decoy,CSc1cc(N2CC(CNC(C)=O)OC2=O)ccc1C(C)=O,CHEMBL16486
DEC_0903,decoy,C1=Cc2ccccc2C2(OC[C@H]([C@@H]3CCCCN3)O2)c2ccccc21,CHEMBL281053
DEC_3864,decoy,CC1(C)CC1C(=O)N/C(=C\CCCCBr)C(=O)O,CHEMBL273926
DEC_4759,decoy,O=C(O)Cc1nn(Cc2nc3ccc(Br)cc3s2)c(=O)c2cc(Cl)c(Cl)cc12,CHEMBL279673
DEC_0038,decoy,CC(=O)[C@@]12OC(C)(c3ccc(N)cc3)O[C@@H]1CC1C3CCC4=CC(=O)CC[C@]4(C)C3CC[C@@]12C,CHEMBL266860
DEC_0314,decoy,O=C(O)[C@H]1C[C@@H](C/C=C/P(=O)(O)O)CCN1,CHEMBL29692
DEC_4331,decoy,COc1ccc(N2C(N)=NC(N)=NC2(C)C)cc1,CHEMBL266573
DEC_0745,decoy,Cc1ccc2c(c1O)C(=O)c1c(O)cc(O)cc1C2=O,CHEMBL38674
DEC_2831,decoy,CCC1=C(c2ccccc2)c2ccc(OCC(O)CO)cc2Oc2ccccc21,CHEMBL15162
DEC_3391,decoy,CCCCc1nc2c(=O)[nH][nH]c(=O)c2n1Cc1ccc(-c2ccccc2-c2nn[nH]n2)cc1,CHEMBL267056
DEC_1618,decoy,CCOC(=O)c1nc(-c2cn(C)c3c2C(=O)C(OC)=CC3=O)cs1,CHEMBL266141
DEC_0032,decoy,COc1ccc(C(c2ccc(C(C)C)cc(=O)c2O)c2c(O)oc3ccccc3c2=O)cc1,CHEMBL274946
DEC_0363,decoy,CCCCCCCN(C=O)[C@H]1CCC2C3CC[C@H]4N(C)C(=O)CC[C@]4(C)C3CC[C@@]21C,CHEMBL17206
DEC_3786,decoy,O=C1COC(C#CC2CC2)(C(F)(F)F)c2cc(Cl)ccc2N1,CHEMBL32290
DEC_1030,decoy,CC1CCC(=NNc2cc([N+](=O)[O-])cc([N+](=O)[O-])c2)c2ncc(C(=O)O)c(=O)n21,CHEMBL273631
DEC_0536,decoy,COc1cc2nc(N3CCN(/C(S)=N/c4ccc(N=[N+]=[N-])cc4)CC3)nc(N)c2cc1OC,CHEMBL6313
DEC_4618,decoy,O=C(NCCc1cccc2ccccc12)[C@H](CC#Cc1ccccc1F)NCP(=O)(O)O,CHEMBL36809
DEC_1787,decoy,CN(CCc1ccc2c(c1)OCO2)C[C@@H]1CC[C@@H]2CCOc3cccc1c32,CHEMBL9612
DEC_2176,decoy,CCN(C(=O)N1C[C@@H](C(=O)O)[C@@H](N)[C@@H]1CNC(=O)C(C)C)C(C)C,CHEMBL273341
DEC_4002,decoy,c1ccc(Oc2ccc(C3=NCCN3)cc2)cc1,CHEMBL13689
DEC_1454,decoy,CCOc1ccccc1OC(c1ccccc1)C1CNCCO1,CHEMBL14370
DEC_2079,decoy,NCC/N=C(\S)Nc1c(Cl)cc(Cl)cc1Cl.O=C(O)/C=C\C(=O)O,CHEMBL287656
DEC_3641,decoy,O=C(NO)[C@H]1C[C@@H](O)CCN1S(=O)(=O)c1ccc(OCc2ccc(Cl)cc2)cc1,CHEMBL31776
DEC_4011,decoy,CCOC(=O)c1cc2ccccn2c(=S)n1,CHEMBL269255
DEC_2248,decoy,CNc1cc(NC(=O)OC)ccc1NC1=C2C=CCC(OC)(OC)C2=NC2C1=CC=CC2(OC)OC,CHEMBL417344
ACT_094,active,CNC(=O)[C@H](Cc1ccc(O)cc1)NC(=O)c1cc(C(=O)O)c2cc(/C=C/c3ccc(Cl)cc3)ccc2n1,CHEMBL3099750
ACT_015,active,O=C(O)c1ccc([N+](=O)[O-])c2c1NC(c1ccc(Cl)cc1)C1CC=CC21,CHEMBL5401470
DEC_4763,decoy,Cc1cc(C)c(S(=O)(=O)[O-])c(C)c1.Cc1cc2c3c(cc(C)[n+]2nc1C)[nH]c1ccccc13,CHEMBL263737
DEC_0422,decoy,O=C(O)CCCO/N=C1\c2ccccc2-c2nc(O)c3nc(C(=O)O)cn3c21,CHEMBL283350
DEC_4443,decoy,CCCCOc1ccc(C#Cc2ccc(S(=O)(=O)N[C@H](Cc3c[nH]c4ccccc34)C(=O)O)s2)cc1,CHEMBL49499
DEC_2391,decoy,CN1CCN(c2nc(N)c(Br)c(Cl)n2)CC1,CHEMBL31966
DEC_2101,decoy,O=C(O)Cc1cccc2c1Cc1c-2nc(O)c2nc(-c3ccc(C(=O)O)cc3)cn12,CHEMBL24875
DEC_0632,decoy,C=C1/C=C(\C)[C@H](CC)OC(=O)[C@@H](C)C(=O)[C@@](O)(CO)C/C(OC)=C/[C@@H](C)C1,CHEMBL431117
DEC_0386,decoy,CCOC(=O)/C=C(C)/C(F)=C/C=C(C)/C=C/c1c(Cl)cc(OC)c(C)c1C,CHEMBL9099
DEC_1325,decoy,Cc1cc(C(c2ccc(C(C)(C)C)cc2)N2CCN(C)CC2)sn1,CHEMBL22095
DEC_0445,decoy,CC1(C)N=C(N)N=C(N)N1c1cccc(COc2cccc(NC(=N)S)c2)c1,CHEMBL33750
DEC_2109,decoy,COc1ccc(NC(=O)NCCc2c[nH]c3ccc(O)cc23)cc1N1CCN(C)CC1,CHEMBL15139
DEC_3732,decoy,COc1cccc2c1CCC[C@H]2CN(C)CCc1ccc2c(c1)CN(S(C)(=O)=O)C2,CHEMBL10410
DEC_1439,decoy,CCC1(CC)C(=O)C(C(=O)C(C)C)=C(O)C(C(=O)C(C)C)=C1O,CHEMBL19819
DEC_1447,decoy,CCCCCc1cc(O)c2c(c1)OC(C)(C)[C@@H]1CC(O)[C@H](C)CC21,CHEMBL276253
DEC_2829,decoy,COc1ccc(COC(=O)C2=C(C(C)C)NC(=O)NC2c2cccc(C)c2)cc1,CHEMBL16019
DEC_4379,decoy,C=C1C[C@@]23O[C@]2(c2ccccc21)C1CC(OC(=O)[C@H](O)[C@@H](NC(=O)NCCCC)c2ccccc2)C3(C)C1(C)C,CHEMBL285386
DEC_3303,decoy,Cc1cc2c(nc1C(O)c1cccs1)CCCCC2,CHEMBL36279
DEC_4317,decoy,CCC1C(=O)N(CC)C2SC(C)=NN2C1=O,CHEMBL29526
DEC_0455,decoy,CC(C)(C)C1CCC(NC(=O)N(CCCl)N=O)CC1,CHEMBL12827
DEC_3677,decoy,O=C(O)C(CCCCn1cnc2c1NC=NCC2O)Cc1cccc(Br)c1,CHEMBL38113
DEC_3067,decoy,CCc1c(Sc2cc(C)cc(C)c2)n(COCCO)c(=S)[nH]c1=O,CHEMBL16793
DEC_2835,decoy,CCCC1=C(C(=O)OCc2ccccc2)C(c2cccc(C)c2)NC(=O)N1,CHEMBL15957
DEC_4471,decoy,CC1(C)OC[C@@H](C/C=C\CCC(=O)O)[C@@H](c2cnco2)O1,CHEMBL417816
DEC_1834,decoy,Nc1cc(CCNC(=O)CN2CCN(S(=O)(=O)c3cc4ccc(Cl)cc4s3)CC2=O)ccn1,CHEMBL47654
DEC_0183,decoy,CC(=O)c1cccc(N2C(N)=NC(N)=NC2(C)C)c1,CHEMBL6755
DEC_0147,decoy,CN1CCN(c2c3c(nc(N)n4nc(-c5ccco5)nc34)nn2C)CC1,CHEMBL21541
DEC_4237,decoy,CCC1CC(C)c2cc3c(C(F)(F)F)cc(=O)oc3cc2N1,CHEMBL269305
DEC_0162,decoy,CCCC(=O)c1c(O)cc(O)c(C(=O)CCC)c1O,CHEMBL19959
DEC_2574,decoy,CCCn1c(-c2c(Cl)cc(O)cc2Cl)cc2c(Cl)cc(O)cc21,CHEMBL279177
DEC_4595,decoy,C=CCN1CC[C@H]2Cc3c(cccc3OC)C[C@@H]21,CHEMBL275008
DEC_2405,decoy,N=C1c2[nH]cnc2N(Cc2ccc(Cl)cc2)C2=NCCN12,CHEMBL19175
DEC_0200,decoy,Oc1nc(S)n(CCc2ccccc2)c2ncnc1-2,CHEMBL32722
DEC_0793,decoy,CSc1sc(C(=N)N)cc1-c1nc(-c2ccc3c(c2)OCCO3)cs1,CHEMBL285325
ACT_013,active,CN(C)CC(O)COc1ccc(Nc2nccc(N(CC#N)c3cc(Cl)ccc3Cl)n2)cc1,CHEMBL430507
DEC_4327,decoy,C#Cc1ccc(N2C(N)=NC(N)=NC2(C)C)cc1,CHEMBL284282
DEC_3105,decoy,CC1CCC(C)(N=Nc2ccccc2C(=O)O)c2ncc(C(=O)O)c(=O)n21,CHEMBL14179
DEC_3622,decoy,O=C(NO)[C@H]1C[C@@H](O)CCN1S(=O)(=O)c1ccc(OCc2cccc(Cl)c2)cc1,CHEMBL28942
DEC_1163,decoy,CCC1c2cc3c(C(F)(F)F)cc(O)nc3cc2NC[C@@H]1C,CHEMBL418198
DEC_1794,decoy,O=Cc1ccccc1-c1cccn(C(CN2CCC(O)C2)c2ccccc2)c1=O,CHEMBL15114
DEC_0137,decoy,Nc1nc(O)c2nc(Br)n(C3CCc4ccccc43)c2n1,CHEMBL11355
DEC_4255,decoy,CCCC1CCNc2cc3oc(=O)cc(C(F)(F)F)c3cc21,CHEMBL6855
DEC_3567,decoy,C[C@@]1(N2C(=O)c3c(F)c(F)c(F)c(F)c3C2=O)CCC(=O)NC1=O,CHEMBL11150
DEC_2862,decoy,Cc1ccc(C)c(C[S+]([O-])c2nc3cc(C(F)(F)F)ccc3[nH]2)c1N,CHEMBL20201
DEC_0441,decoy,Cc1noc(NS(=O)(=O)c2cccc3c(NCCCC(=O)O)cccc23)c1C,CHEMBL418202
DEC_2509,decoy,O=P(O)(O)C(N[C@H]1CCc2ccccc21)c1cccc2nc(O)c(O)nc12,CHEMBL12301
DEC_0128,decoy,CC1(C)N=C(N)N=C(N)N1c1cccc(I)c1,CHEMBL268414
DEC_1725,decoy,CCc1cn([C@H]2C[C@H](O)[C@@H](CNC(=O)C3c4ccccc4S(=O)(=O)c4ccccc43)O2)c(=O)[nH]c1=O,CHEMBL42459
DEC_3096,decoy,Nc1nc(N)c2nc(CSc3cccc4ccccc34)cnc2n1,CHEMBL22434
DEC_4064,decoy,O=P1(N(CCCl)CCCl)OCCCN1O,CHEMBL557134
DEC_2317,decoy,COC(=O)c1c(C(F)(F)F)[nH]c2c1C13CC1CN(C(=O)c1cc4cc(OC)ccc4[nH]1)C3=CC2=O,CHEMBL297000
DEC_0742,decoy,CCc1cc(C/N=c2\c(O)c(O)\c2=N/C(C)(C)C)ccc1C#N,CHEMBL19908
DEC_0377,decoy,CC(=O)O[C@H]1c2ccc(CN(C)C)n2-c2ccccc2S[C@H]1c1ccccc1,CHEMBL442147
DEC_4470,decoy,C=C(C)CCOc1ccc(N2C[C@H](COC)OC2=O)cc1,CHEMBL280539
DEC_4201,decoy,CC12CCC3C(C(CCc4ccccc4)=CC4=CC(=O)CCC43C)C1CCC2=O,CHEMBL269590
DEC_4321,decoy,CC1(C)S[C@@H]2[C@H](CS)C(=O)N2[C@H]1C(=O)O,CHEMBL25644
DEC_3555,decoy,Cc1c(C(C)C)c(=O)n(-c2ccccc2)n1C,CHEMBL28318
DEC_0514,decoy,C=C1/C=C(\C)[C@H](CC)OC(=O)[C@H](C)C(=O)[C@@](O)(CO)C/C(OCC(F)(F)F)=C/[C@@H](C)C1,CHEMBL32487
DEC_2445,decoy,Nc1nc(N[C@H]2CCCC[C@H]2NS(=O)(=O)c2cccc3ccccc23)nc2ccccc12,CHEMBL277551
DEC_0729,decoy,CC(=O)NC1=C(C)C(=O)c2c(nc3n2CCC3OC(C)=O)C1=N,CHEMBL16967
DEC_3060,decoy,Nc1nc(N)c2nc(Sc3ccc4ccccc4c3)cnc2n1,CHEMBL6618
DEC_2144,decoy,Cc1cc2c(s1)CN(C)CC2c1ccccc1,CHEMBL275879
DEC_0153,decoy,O=NN(CCF)C(=O)NC1CSCSC1,CHEMBL12519
DEC_0360,decoy,CC(C)[S+]([O-])CC[C@@H](C)C1CCC2C3CC=C4C[C@@H](O)CC[C@]4(C)C3CC[C@@]21C,CHEMBL10484
DEC_0220,decoy,Brc1ccc(C2COC(Cn3ccnc3)(c3ccc(Br)cc3)O2)cc1,CHEMBL29376
DEC_3888,decoy,OCCc1ccc(OCCCc2cc3c(cc2O)CCO3)cc1,CHEMBL7103
DEC_2064,decoy,CN1CCC23c4c5ccc(O)c4OC2[C@H](O)[C@](CO)(CCCc2ccccc2)CC3C1C5,CHEMBL9836
DEC_2207,decoy,Cc1cccc(Sc2c(C)c(=O)[nH]c(=O)n2COCCO)c1,CHEMBL16535
DEC_2337,decoy,O=S1(=O)Nc2cccc3cccc(c23)N1CCN1CCC(Cc2c[nH]c3ccc(F)cc23)CC1,CHEMBL60761
DEC_0236,decoy,Clc1ccc(C2(Cn3ccnc3)OCC(c3ccc(Br)cc3)O2)cc1,CHEMBL29352
DEC_0914,decoy,C[C@H](N)Cc1c2ccoc2c(Br)c2ccoc12.Cl,CHEMBL263083
DEC_0795,decoy,CN[C@H]1CCc2cc(OC)c(OC)c(OC)c2-c2ccc(SC)c(=O)cc21,CHEMBL19531
DEC_3484,decoy,N=C(N)c1ccc(N2CCN(c3ccc(C(=N)N)cc3)CC2)cc1,CHEMBL9126
DEC_1829,decoy,CC(C)C(NC(=O)Cn1c(-c2ccccc2)cc2c(=O)n(N(C)C)c(=O)[nH]c2c1=O)C(=O)C(F)(F)F,CHEMBL278912
DEC_3878,decoy,O=P(O)(O)C(CCCc1ccccc1)P(=O)(O)O,CHEMBL285084
DEC_3311,decoy,CCCN(CCC)[C@H]1CCc2c(F)ccc(O)c2C1,CHEMBL22778
DEC_1431,decoy,Cc1nc(N)ccc1CNC(=O)C1C=CCn2c(=O)n(C(CSC3CCCCC3)C(=O)O)c(=O)n21,CHEMBL32967
DEC_4071,decoy,O=NN(CCCl)C(=O)NC1CCCC(C(=O)O)C1,CHEMBL273983
DEC_0528,decoy,O=C1C2Oc3c(O)ccc4c3C23CCN(CC2CC2)C(C4)[C@]3(O)CC12Cc1ccc3ccccc3c1C2,CHEMBL297903
DEC_1859,decoy,CC(NS(=O)(=O)c1cccc2c(N(C)C)cccc12)C(=O)N1CC[C@@H]2[C@@H]1[C@@H](C)C(=O)N2C(=O)C1CC1,CHEMBL417361
DEC_0448,decoy,O=C(NCCNCC(O)COc1cccc2c1OCCC2=O)Nc1ccccc1,CHEMBL33678
DEC_3597,decoy,C=CCn1c(=O)c2[nH]c(-c3ccc(C)cc3N)nc2n(C)c1=O,CHEMBL10984
DEC_0805,decoy,CC1(C)O[C@@H]2CC3C4CCC5=CC(=O)C=C[C@]5(C)[C@@]4(F)[C@@H](O)C[C@]3(C)[C@]2(C(=O)CO)O1,CHEMBL275338
DEC_3258,decoy,O=C1NC(=O)c2c1c1c3ccccc3cnc1c1[nH]c3c(CCO)cccc3c21,CHEMBL278794
DEC_2226,decoy,Cc1noc(NS(=O)(=O)c2ccsc2C(=O)Nc2cc3c(cc2CCCO)OCO3)c1Cl,CHEMBL47620
DEC_4518,decoy,CCOc1ccc2c(O)cc(=O)n(Cc3ccc(-c4ccccc4-c4nn[nH]n4)cc3)c2c1,CHEMBL27889
DEC_4439,decoy,OC[C@@]1(CCCCCc2ccccc2)CC2C3Cc4ccc(O)c5c4C2(CCN3CC2CCC2)C(O5)[C@@H]1O,CHEMBL274289
DEC_3953,decoy,O=C(OCc1ccccc1)N1CCCC1C(=O)N1CCCC1C1SCCS1,CHEMBL23690
DEC_2223,decoy,CC(=N)N1CCC(Oc2ccc(N(Cc3ccc4ccc(C(=N)N)cc4c3)S(=O)(=O)CC(=O)O)cc2)CC1,CHEMBL20240
DEC_3070,decoy,COc1ccc(/N=C/C2=C3NC=C(C(=O)O)C(=O)N3C(C)CC2)cc1,CHEMBL22141
DEC_1157,decoy,CC[C@@H]1Cc2cc3c(C(F)(F)F)cc(O)nc3cc2N[C@@H]1C,CHEMBL266269
DEC_1807,decoy,Cn1c(=O)ccc2cc(COc3cccc(C4(C=O)CCOCC4)c3)ccc21,CHEMBL277212
DEC_0385,decoy,CO/N=C(\C)c1ccc(Sc2cc(F)cc([C@@]3(OC)CCO[C@@H](C)C3)c2)cc1,CHEMBL278364
DEC_4182,decoy,COc1ccc([C@@H]2[C@@H](CCOc3ccc4c(c3)CCC4)C(=O)N2c2ccccc2)cc1,CHEMBL23733
DEC_3084,decoy,CCc1cc(O)cc(=O)n1Cc1ccc(-c2ccccc2-c2nn[nH]n2)cc1,CHEMBL280708
DEC_1373,decoy,N=C(N)c1ccc2oc(C(Cc3ccc(O[C@H]4CCNC4)cc3)C(=O)O)cc2c1,CHEMBL280158
DEC_4422,decoy,CCCCC(=N)NCCc1ccc2[nH]c3c(c2c1)C[C@@]1(O)C2Cc4ccc(O)c5c4C1(CCN2CC1CC1)C3O5,CHEMBL70693
ACT_047,active,CCCCCCCCCCCCOc1ccc(NC(=N)N)cc1NC(=N)N,CHEMBL1980715
DEC_1137,decoy,CC(C)(C)c1cc(/C=C/c2n[nH]c(S)n2)cc(C(C)(C)C)c1O,CHEMBL275909
DEC_2982,decoy,Cc1nnc2n1-c1ccc(C#CCN3C(=O)CCc4ccccc43)cc1C(c1ccccc1F)=NC2O,CHEMBL279021
DEC_4218,decoy,CC1(C)OC(S)=Nc2c(F)cc(-c3cc(F)cc(C#N)c3)cc21,CHEMBL25128
DEC_3799,decoy,COc1ccc(Cl)c(C2(F)C(=O)Nc3cc(C)ccc32)c1,CHEMBL266778
DEC_0865,decoy,Cc1cc(C)c(CC(=O)c2sccc2S(=O)(=O)Nc2onc(C)c2Cl)c(C)c1O,CHEMBL19921
DEC_3831,decoy,COc1ccc(C(=O)c2c(C)n(CC(=O)O)c3ccccc23)cc1,CHEMBL275312
DEC_0969,decoy,O=S(=O)(CS(=O)(=O)C(F)(F)C(F)(F)C(F)(F)C(F)(F)F)c1ccc(OC(F)(F)F)cc1,CHEMBL12254
ACT_028,active,Cn1cc(C2=C(c3coc4ccccc34)C(=O)NC2=O)c2ccccc21,CHEMBL301138
DEC_2963,decoy,CC[C@H]1[C@H](C)C(=O)CC23CCN(C)C(Cc4ccc(O)cc42)[C@H]13,CHEMBL33091
DEC_1226,decoy,COc1ccccc1N1CCN(c2ccc(Nn3c(C)ccc3C)cc2)CC1,CHEMBL11580
DEC_2269,decoy,CCCc1cc(=O)oc2c3c(c4c(c12)OC(C)(C)C=C4)OC(C)(C)[C@H](C)C3=O,CHEMBL7305
DEC_0476,decoy,CCCC(CCC)c1nc2c([nH]1)N1C(=N[C@@H]3CCC[C@@H]31)N(C)C2=O,CHEMBL280307
DEC_4428,decoy,CC(C)(C)C(=O)OCc1cc(C(C)(C)C)ccc1C/N=C(\S)NCc1ccc(NS(C)(=O)=O)cc1,CHEMBL47282
DEC_0291,decoy,NCCc1c[nH]cn1.N[C@@H](COCc1ccc(Br)cc1)Cc1c[nH]cn1,CHEMBL18555
DEC_3225,decoy,Oc1ccc2c(c1)OC[C@@H](N1CCC(O)(c3ccccc3)CC1)[C@H]2O,CHEMBL280083
DEC_4722,decoy,N=c1sc(-c2ncc(C(F)(F)F)cc2Cl)nn1-c1c(Cl)cc(C(F)(F)F)cc1Cl,CHEMBL50285
DEC_2820,decoy,O=C(Nc1nccs1)c1cc(Br)cc(Br)c1O,CHEMBL276997
DEC_3002,decoy,Cc1nnc2nc(-c3ccccc3F)c3cc(C#CCN4C(=O)c5ccccc5C4=O)ccc3n12,CHEMBL20196
DEC_4520,decoy,CC(C)=CCC(OC(=O)Cc1c[nH]c2ccccc12)C1=CC(=O)c2c(O)ccc(O)c2C1=O,CHEMBL27749
DEC_1561,decoy,Nc1ncnc2c1ncn2C1CCCC(N2CCN(C(c3ccccc3)c3ccccc3)CC2)C1O,CHEMBL21930
DEC_0619,decoy,C=C1/C=C(\C)[C@H](CC)OC(=O)[C@H](C)C(=O)[C@@](O)(CO)[C@@H](OC)/C=C/[C@@H](C)C1,CHEMBL33428
DEC_0692,decoy,CCCc1cc(=O)oc2c3c(c4c(c12)OC(C)(C)C=C4)OC[C@H](C)[C@H]3O,CHEMBL269062
DEC_3550,decoy,CC(C(=O)O)=C1CCC(c2ccccc2)CC1,CHEMBL284542
DEC_1281,decoy,C[C@]12C[C@@H](O)[C@H]3[C@@H](CCC4=CC(=O)CC[C@@]43C)[C@@H]1CC[C@@H]2C(=O)CO,CHEMBL440782
DEC_4032,decoy,CCCc1cc(SC)nc2nc(C(=O)c3ccccc3)cn12,CHEMBL442335
DEC_2639,decoy,CC(=O)NC[C@@H]1OC(=O)N2c3ccc(S(=O)(=O)NC4CCCC4)cc3C[C@@H]12,CHEMBL21070
DEC_0954,decoy,CO[C@H]1[C@@H]2S[C@@H]2[C@H](OCC23C[C@@H]4[C@H](C)CC[C@H]4C4(C=O)CC2C=C(C(C)C)C34C(=O)O)O[C@@H]1C,CHEMBL29909
DEC_1780,decoy,O=C1O[C@H](c2ccccc2Cl)[C@@](Cn2cncn2)(c2ccccc2Cl)O1,CHEMBL273242
DEC_3348,decoy,COc1cccc(C23CCCN(C)C(CC2)C3)c1.O=C(O)C(=O)O,CHEMBL35314
DEC_1255,decoy,CC(=O)OC1(c2ccccc2)Sc2ccccc2-n2cccc21,CHEMBL26605
DEC_0362,decoy,CCCCCCN(C=O)[C@H]1CCC2C3CC[C@H]4N(C)C(=O)CC[C@]4(C)C3CC[C@@]21C,CHEMBL17506
DEC_0690,decoy,Oc1c(Cl)c(OCC(F)(F)F)nc(C(Cl)(Cl)Cl)c1Cl,CHEMBL11430
DEC_2864,decoy,C1CCCCCC2(CCCCC1)OOCCCOO2,CHEMBL30214
DEC_1818,decoy,O=C(CN1C(=O)C=CC1=O)N[C@@H]1CCC2(O)C3Cc4ccc(O)c5c4C2(CCN3CC2CC2)C1O5,CHEMBL285378
DEC_2425,decoy,CC(C)(C)OC(=O)N[C@@H](Cc1ccccc1)/C(O)=C(\C#N)c1c(F)c(F)c(F)c(F)c1F,CHEMBL16813
DEC_0450,decoy,CC(C)(C)NCC(O)COc1ccc(NC(=O)c2cccs2)cc1C#N,CHEMBL7853
DEC_3588,decoy,CNC1=NC(=O)[C@H]([C@@H](C[N+](=O)[O-])c2c[nH]c3ccccc23)O1,CHEMBL28991
DEC_2362,decoy,COC(=O)[C@]1(O)C[C@@H]2O[C@@]1(C)n1c3ccccc3c3c4c(c5c6ccccc6n2c5c31)C(=O)NC4,CHEMBL416056
DEC_3792,decoy,Cc1nn(-c2ccccc2)c2nc3nc4c(c(N)c3cc12)CCC4,CHEMBL440595
DEC_1762,decoy,NS(=O)(=O)c1ccc(NS(=O)(=O)c2ccc(NSC(=S)N3CCOCC3)cc2)cc1,CHEMBL417986
DEC_3998,decoy,NC1=NC(c2ccccc2)Cc2cccc(F)c21,CHEMBL414608
DEC_1273,decoy,COP(=O)(OC)N(C)[C@@H]1CCN2CCc3ccccc3[C@@H]2C1,CHEMBL440101
DEC_4043,decoy,CN1CCN(C(c2ccccc2Cl)c2nccn2C)CC1,CHEMBL283964
DEC_2227,decoy,O=C(O)CC/C=C\C[C@@H]1CO[C@H](c2ccc(OCCn3ccnc3)c(C(=O)O)c2)O[C@@H]1c1ccccc1O,CHEMBL294952
DEC_2322,decoy,COc1ccc(C2=CCc3ccccc3N=C2N2CCN(C)CC2)cc1.O=C(O)/C=C/C(=O)O,CHEMBL16822
ACT_038,active,O=C(Nc1cccc2c1C(=O)c1c(-c3ccc(C(=O)N4CCNCC4)s3)n[nH]c1-2)NN1CCOCC1,CHEMBL334285
DEC_0054,decoy,CO[C@H]1O[C@]2(C)OO[C@]13[C@H](CCO)CCC[C@@H]3CC2(C)C,CHEMBL280150
DEC_3427,decoy,CCCc1cc(=O)oc2c3c(c4c(c12)OC(C)(C)C=C4)O[C@H](C(C)C)[C@@H](C)[C@H]3O,CHEMBL269359
DEC_0664,decoy,CCCc1cc(=O)oc2c(C(=O)[C@@H](C)[C@H](C)O)c(O)c3c(c12)OC(C)(C)C=C3,CHEMBL7211
DEC_3918,decoy,CCCc1cc(=O)oc2c3c(c4c(c12)OC(C)(C)C=C4)OC[C@H](C)C31OCOCO1,CHEMBL7652
DEC_3529,decoy,C=CCN1CC[C@@H]2c3c(O)cccc3CC[C@H]21,CHEMBL283738
DEC_0049,decoy,Cc1cc(SC2=C(O)OC(C)(CCc3ccc(O)cc3)CC2=O)c(C(C)(C)C)cc1O,CHEMBL37668
DEC_0621,decoy,N[C@@H](COCc1ccc(I)cc1)Cc1c[nH]cn1,CHEMBL19329
DEC_1612,decoy,O=C1NC(=O)C(CC#Cc2ccc(Cl)cc2)(Sc2ccc(Cl)cc2)S1,CHEMBL276264
DEC_2751,decoy,CC(=O)Nc1ccn(COCCOC(=O)Oc2ccccc2)c(=O)n1,CHEMBL11622
DEC_3561,decoy,Cc1nc(O)nc2cc(Cl)c(Cl)cc12,CHEMBL30280
DEC_2092,decoy,Cc1noc(NS(=O)(=O)c2ccc(N/C(S)=N/c3ccccc3)cc2)c1C,CHEMBL27256
DEC_3663,decoy,Cc1nc(N)ccc1CNC(=O)Cn1c(C)cc2c(c1=O)NC(=O)[C@H](CC(C)C)C2,CHEMBL275520
DEC_3254,decoy,CCN1C(=O)c2c(nc(N)n2Cc2ccc(O)cc2)N2C1=N[C@@H]1CCC[C@@H]12,CHEMBL280993
DEC_0267,decoy,CC(C)[C@H](NC(=O)CN1C(=O)N[C@H](C(C)C)C1=O)C(=O)c1nnc(C(C)(C)C)o1,CHEMBL23643
DEC_0143,decoy,COc1cc(N)c(Cl)cc1C(=O)NC1CCN2CC[S+]([O-])CC2C1,CHEMBL26613
DEC_2628,decoy,COc1ccc(CN2C(=O)[C@H](CS)NC(=O)[C@@H]2Cc2ccc([N+](=O)[O-])cc2)cc1,CHEMBL30134
DEC_3669,decoy,CCCc1nc2c(C)ccnc2n1Cc1ccc(OC(c2ccccc2)c2nnn[nH]2)cc1,CHEMBL37565
DEC_1077,decoy,COc1ccc2c(nc(Nc3c(C)cccc3Cl)c3cnc(/C=N/O)n32)c1OC,CHEMBL29191
DEC_0717,decoy,Cn1cc(-c2csc(C(N)=O)n2)c2c1C(=O)C=C(N)C2=O,CHEMBL9079
DEC_4475,decoy,CC(=O)NCC1OC(=O)N2c3ccc(C(C)=O)cc3CC12,CHEMBL279522
DEC_3912,decoy,CC1(C)C=C(C(=O)NCCCNCc2cccs2)C(C)(C)N1,CHEMBL417808
DEC_1567,decoy,C=C1/C(=C\C=C\[C@@H]2CCC[C@H]([C@H](C)CCCC(C)(C)O)C2(C)C)C[C@@H](O)C[C@@H]1O,CHEMBL286215
DEC_0547,decoy,CC(=O)Oc1cc2c(cc1OC(C)=O)-c1cc3cc(OC(C)=O)c(OC(C)=O)cc3n1CC2,CHEMBL291150
DEC_2155,decoy,C=C1C(=O)c2ccccc2OC1c1ccccc1,CHEMBL276479
DEC_2827,decoy,OC(c1ccc(Cl)cc1Cl)C(O)(Cn1cncn1)c1ccc(Cl)cc1,CHEMBL10711
DEC_2649,decoy,CCC[C@@H]1Cc2cc(C)n(CC(=O)NCc3ccc(N)nc3C)c(=O)c2NC1=O,CHEMBL10800
DEC_3699,decoy,CC(C)(C)/N=C(\NC#N)Nc1cccc(/C(=C\CCCCC(=O)O)c2cccnc2)c1,CHEMBL21478
DEC_3836,decoy,O=C(O)c1cccc(C[C@H]2CC[C@H]3CN[C@H](C(=O)O)C[C@H]3C2)c1,CHEMBL16589
DEC_4213,decoy,CCC(=O)N(c1ccccc1)[C@@H]1CCN(CCc2ccc(N=C=S)cc2)C[C@H]1C,CHEMBL273222
DEC_3892,decoy,Cc1cc(C)c(CCP(=O)(O)O)c(CC(N)C(=O)O)c1,CHEMBL281842
DEC_4745,decoy,C=CCN1CN(c2ccccc2)C2(CCN(C3CCc4c(Cl)ccc(Cl)c4C3)CC2)C1=O,CHEMBL283265
DEC_3202,decoy,COc1ccc(C(c2cc(C)ns2)N2CCN(C)CC2)cc1,CHEMBL22453
DEC_0854,decoy,CCOC(=O)Oc1cc2ccc(SC3SC(=O)NC3=O)cc2cc1OC(=O)OCC,CHEMBL30947
DEC_3540,decoy,COc1ccc2ccc3nc(CO)cn3c2c1,CHEMBL13533
DEC_3682,decoy,CCOC(=O)C(Cc1ccc2ccc(C(=N)N)cc2c1)c1ccc(O[C@H]2CCNC2)cc1,CHEMBL277267
DEC_4508,decoy,O=C(CC(=O)NC1CCOC1=O)Cc1ccccc1Cl,CHEMBL16100
DEC_0894,decoy,O=C(O)c1cccc(C[C@@H]2COc3ccc(OCc4nc5cc(F)ccc5s4)cc3[C@@H]2O)c1,CHEMBL442150
DEC_3865,decoy,CC1(C)CC1C(=O)N/C(=C\CCCBr)C(=O)O,CHEMBL11321
DEC_0348,decoy,COc1c(C)c(OC)c(CN)c(O)c1Cl,CHEMBL30748
DEC_3160,decoy,CC(=O)N1CCN(C(=O)Cc2ccc([N+](=O)[O-])cc2)C(CN2CC[C@H](O)C2)C1,CHEMBL276970
DEC_1013,decoy,COc1cc2nc(N3CCC(C(=O)N4CCOCC4)CC3)nc(N)c2cc1OC,CHEMBL6610
DEC_2203,decoy,CN/C(=C\[N+](=O)[O-])NC1c2cc(C#N)ccc2OC(C)(C)[C@H]1O,CHEMBL6443
DEC_1011,decoy,COc1ccc(C(F)(F)F)cc1NCc1cnc2nc(N)nc(N)c2n1,CHEMBL23495
DEC_3798,decoy,COc1ccc(Cl)c(C2(F)C(=O)Nc3cc(F)ccc32)c1,CHEMBL266994
DEC_4705,decoy,COC(=O)[C@H](Cc1ccccc1)N[C@H](C#N)[C@H](Cc1ccccc1)NC(=O)OC(C)(C)C,CHEMBL34258
DEC_4441,decoy,CC(C)(C)OC(=O)N1CCC([C@H](C(=O)O)C(Cc2cccc(O)c2)C(=O)N[C@H]2c3ccccc3C[C@H]2O)CC1,CHEMBL26278
DEC_1863,decoy,COc1ccc(C#Cc2ccc(S(=O)(=O)NC(CC#CCN3CCOCC3)C(=O)O)cc2)cc1,CHEMBL10431
DEC_0951,decoy,C=CCN1C[C@H](OCC23C[C@@H]4[C@H](C)CC[C@H]4C4(C=O)CC2C=C(C(C)C)C34C(=O)O)O[C@H](C)[C@@H](OC)C1,CHEMBL49798
DEC_3323,decoy,CCc1ccc(C(=O)c2c(SC)cc3n2CCC3C(=O)O)cc1,CHEMBL19729
DEC_1319,decoy,O=c1cc(C(F)(F)F)c2cc3c(cc2o1)NCCC3C(F)(F)F,CHEMBL267270
DEC_3825,decoy,Cc1noc(NS(=O)(=O)c2cccc3c(N)cccc23)c1C,CHEMBL30039
DEC_4100,decoy,Cc1cc(C)cc(C(=O)OC2CC3CCC(C2)N3C)c1,CHEMBL40883
DEC_4581,decoy,COc1ccc2oc(-c3ccc([N+](=O)[O-])o3)cc2c1,CHEMBL7116
DEC_3568,decoy,O=C1c2nc3n(c2C(=O)c2c1nc1n2CCCC1)CCCC3,CHEMBL20198
DEC_3206,decoy,CN(C)c1ncnc2c1ncn2Cc1cccc(C(F)(F)F)c1,CHEMBL7800
DEC_3181,decoy,O=C1O[C@H](c2ccc(F)cc2)[C@@](Cn2cncn2)(c2ccc(F)cc2)O1,CHEMBL273497
DEC_3528,decoy,C=CCN1CCC2c3cccc(O)c3CC[C@H]21,CHEMBL10408
DEC_4506,decoy,CC(C)NCC(O)COC(=O)c1cccc2ccccc12,CHEMBL6984
DEC_4354,decoy,Cn1c(=O)c2nc(-c3ccoc3)[nH]c2n(C)c1=O,CHEMBL417607
DEC_3129,decoy,Cn1c2c(s/c1=N\C(=O)c1ccc(C(=N)N)cc1)C(=O)N(CCC(=O)O)C2,CHEMBL267528
DEC_2813,decoy,OC(Cn1cncn1)(c1ccc(Cl)cc1Cl)C(O)(c1ccc(F)cc1)c1cccs1,CHEMBL275068
DEC_4389,decoy,CCOC(=O)N[C@@H](c1ccc(O)cc1)[C@@H](O)C(=O)OC1CC2C(C)(C)C1(C)[C@@]13C[C@H](C)c4ccccc4[C@@]21O3,CHEMBL285974
DEC_1021,decoy,COc1cc2nc(N3CCN(c4nccc(C)n4)CC3)cc(N)c2cc1OC,CHEMBL267804
DEC_2196,decoy,Cc1cn(C2CC(N=[N+]=[N-])C(COC(=O)CCN)O2)c(=O)[nH]c1=O,CHEMBL416734
DEC_1329,decoy,CN(C)C(=O)N1Cc2c(-c3noc(C4CC4)n3)ncn2-c2ccccc21,CHEMBL15093
DEC_1866,decoy,O=C(NCC1CCC(C(=O)NO)CC1)NC12CC3CC(CC(C3)C1)C2,CHEMBL285793
DEC_2580,decoy,C=CCC1Oc2cccc(C(=O)OC)c2-c2ccc3c(c21)C(C)=CC(C)(C)N3,CHEMBL7844
DEC_1903,decoy,C[C@H](CS)C(=O)N1C[C@@H](Sc2ccccc2)C[C@H]1C(=O)O,CHEMBL16332
DEC_2341,decoy,CCN(C)C(=N)c1ccc(NC(=O)c2cc(C)nn2-c2cc3ccccc3cc2F)c(F)c1,CHEMBL21506
DEC_1084,decoy,CC(C)(N)C(=O)N[C@H](Cc1c[nH]c2ccccc12)C(=O)N1CCCC2(Cc3ccccc3C2)C1,CHEMBL427806
DEC_1120,decoy,COc1ccc2c(c1)C(n1c(Br)nc3c(O)nc(N)nc31)CCC2,CHEMBL11499
DEC_0822,decoy,O=C1NC(=O)C(CC#Cc2cccc(Cl)c2)(S(=O)(=O)c2ccccc2)S1,CHEMBL12026
DEC_3807,decoy,O=C1Nc2ccc(Cl)cc2C(C#Cc2cccnc2)(C(F)(F)F)O1,CHEMBL278468
DEC_2980,decoy,C[C@@H]1CN(C(=O)N2Cc3c(C(=O)OC(C)(C)C)ncn3-c3cccc(Cl)c32)C[C@H](C)N1C,CHEMBL279117
DEC_1043,decoy,COc1cc([C@@H]2c3cc4c(cc3N[C@@H]3COC(=O)N23)OCO4)cc(OC)c1OC,CHEMBL9035
DEC_0910,decoy,C[C@@H]1OC(=O)[C@H]2C[C@H]3CCCC[C@@H]3[C@@H](/C=C/[C@H]3CCC[C@H](C)N3C)[C@@H]12,CHEMBL277642
DEC_0688,decoy,CC[S+]([O-])c1nnc(-c2cc(C(C)(C)C)c(O)c(C(C)(C)C)c2)s1,CHEMBL16843
DEC_3059,decoy,Cc1cc(NS(=O)(=O)c2cccc3c(N(C)C)cccc23)on1,CHEMBL25854
DEC_0983,decoy,COc1ccc2c3c1OC1[C@H](O)[C@](CO)(CCCCc4ccccc4)CC4C(C2)N(CC2CC2)CCC341,CHEMBL427651
DEC_1352,decoy,CCCc1cc2ncnc-2c(O)n1Cc1ccc(-c2ccccc2-c2nn[nH]n2)cc1,CHEMBL286253
DEC_2138,decoy,CCN1Cc2ccccc2C(c2ccccc2)C1,CHEMBL286455
DEC_1303,decoy,COC(=O)c1ccc2c(c1)c1c3c(cc4c1n2C(=O)CC4)CNCC3,CHEMBL23945
DEC_2084,decoy,Oc1cc(NC[C@H]2OCC[C@@H]2NCc2ccc(Cl)c(Cl)c2)nc2ccccc12,CHEMBL25323
DEC_4671,decoy,CC(C)(C)/N=C(\NC#N)Nc1cccc(/C(=N\OCCCCC(=O)O)c2cccnc2)c1,CHEMBL22023
DEC_4130,decoy,C[C@@H]1Cc2cc3c(C(F)(F)F)cc(O)nc3cc2N[C@@H]1C,CHEMBL7058
DEC_1186,decoy,CCC(C)(C)/N=c1\c(O)c(O)\c1=N/Cc1c(C)cc(Br)cc1C,CHEMBL19620
DEC_2916,decoy,O=S(=O)(OCCF)c1cc(Cl)c(Cl)cc1Cl,CHEMBL16949
DEC_4664,decoy,CC(C)=CCC(OC(=O)CCCCC(C)C)C1=CC(=O)c2c(O)ccc(O)c2C1=O,CHEMBL28446
DEC_4257,decoy,C[C@H](N)Cc1c2ccoc2c(C(F)(F)F)c2ccoc12.Cl,CHEMBL6907
DEC_3338,decoy,NC(=O)CCC/N=C(\c1ccc(Cl)cc1)c1cc(F)ccc1O,CHEMBL287631
DEC_3250,decoy,C[C@@H](/N=c1\c(O)c(O)\c1=N/c1ccc(C#N)cc1Br)C(C)(C)C,CHEMBL278485
DEC_0750,decoy,CC(=O)NC1=C(C)C(=O)c2c(nc3n2CCC3O)C1=N,CHEMBL275851
DEC_2025,decoy,OC(c1cncnc1)(c1cccs1)C1CC1,CHEMBL28860
DEC_0466,decoy,CCCC[n+]1ccc(/C=C/c2ncc[nH]2)cc1.F[B-](F)(F)F,CHEMBL37934
DEC_0156,decoy,N#CCCCCCCn1cnc2c1NC=NCC2O,CHEMBL36937
DEC_4054,decoy,CCOc1nc2nc(C(=O)c3ccccc3)cn2c2c1CCC2,CHEMBL282678
DEC_3558,decoy,Clc1cccc(Cl)c1NC1=NCCN1,CHEMBL134
DEC_1581,decoy,CC(=N)N1CC[C@H](Oc2ccc(CCc3cc4cc(C(=N)N)ccc4o3)cc2)C1,CHEMBL19368
DEC_3935,decoy,O=C1CSCC(=O)N1CCCCN1CCN(c2nccc3sccc23)CC1,CHEMBL278876
DEC_1592,decoy,CC(Cc1cc(C(=O)c2ccccc2)ccc1OC(=O)C(C)(C)C)C(=O)O,CHEMBL9981
DEC_0521,decoy,N#Cc1cc2cc(OCc3cccc(C4(O)CC5COC(C4)O5)n3)ccc2c(-c2ccoc2)n1,CHEMBL417464
DEC_1616,decoy,CCC1C(=O)N2C=CSC2N(Cc2cc(OC)cc(OC)c2)C1=O,CHEMBL28939
DEC_1185,decoy,CN1C(=O)CC[C@]2(C)C3CC[C@@]4(C)C(CC[C@@]4(O)C#CCCCO)C3CCC12,CHEMBL10343
DEC_4597,decoy,C=CCN1CC[C@@H]2Cc3c(cccc3OC)C[C@@H]21,CHEMBL11294
DEC_2825,decoy,C=CCONC1=NC(=O)/C(=C/c2cc(C(C)(C)C)c(O)c(C(C)(C)C)c2)O1,CHEMBL277515
DEC_0682,decoy,Cc1cc(Br)cc(-c2ccc3c(c2)C(C)(C)OC(S)=N3)c1,CHEMBL26764
DEC_3402,decoy,CC1(O)OC(=O)C(c2cc3ccccc3s2)=C1c1ccc(S(C)(=O)=O)cc1,CHEMBL277519
DEC_2246,decoy,Cc1nc(N)ccc1CNC(=O)Cn1c(C(F)(F)F)ccc(NS(=O)(=O)Cc2ccc(Cl)cc2)c1=O,CHEMBL46135
DEC_0030,decoy,COc1cc2c(cc1OC)[C@H]1[C@H](O)c3ccc4c(c3O[C@@H]1CO2)Cc1cc(C(C)C)oc1C4,CHEMBL40658
DEC_0893,decoy,O=C1NC(=O)C(CC#Cc2ccc(OC(F)(F)F)cc2)(S(=O)(=O)c2ccc(F)cc2)S1,CHEMBL275001
DEC_0506,decoy,CC(C)C1=CC2CC3(C=O)[C@@H]4CC[C@@H](C)[C@H]4CC2(CO[C@H]2C[C@@H]4OC(=O)O[C@@H]4[C@@H](C)O2)C13C(=O)O,CHEMBL277254
DEC_3148,decoy,O=C(O)CN1CCN(C(=O)N2CCC3(CCN(c4ccncc4)CC3)C2)CC1=O,CHEMBL12581
DEC_2048,decoy,FC(F)(F)Oc1ccc(C2=NCCN2)cc1,CHEMBL275502
DEC_0599,decoy,O=C(O)CCc1ccccc1CC1C2CCC(O2)C1c1nc(C(=O)NCCCCN2CCCCC2)co1,CHEMBL32237
DEC_1868,decoy,C[C@@H]([C@@H](O)c1ccc(O)cc1)N1CCC(O)(c2ccccc2)CC1,CHEMBL17350
DEC_2375,decoy,C[C@H](CS)C(=O)N1C[C@@H](C2CCCCC2)C[C@H]1C(=O)O,CHEMBL277976
DEC_3274,decoy,CCCN(CCC)[C@@H]1CCc2cccc(O)c2[C@@H]1C,CHEMBL43475
DEC_0833,decoy,CCC(=O)N[C@H]1CCC2(O)C3Cc4ccc(O)c5c4C2(CCN3CC2CC2)[C@H]1O5,CHEMBL20786
DEC_2266,decoy,CCCOc1c(Cl)c(OC)nc(C(Cl)(Cl)Cl)c1Cl,CHEMBL276861
DEC_2270,decoy,COc1ccc(C2Sc3ccccc3-n3c(CN(C)C)ccc32)c(OC)c1,CHEMBL275195
DEC_0988,decoy,COc1ccc(C(CCC(=O)O)O[C@@H]2O[C@@H]3OC4(C)CC[C@H]5[C@H](C)CCC([C@H]2C)C35OO4)cc1,CHEMBL30493
DEC_1844,decoy,CO[C@@H]1[C@H]2OC(C)(C)O[C@H]2O[C@H]1C1=NOC(C(=O)Nc2ccc(-c3ccccc3S(N)(=O)=O)cc2)C1,CHEMBL51565
DEC_4554,decoy,COc1cc([C@@H]2c3[nH]c4cc5ccccc5cc4c3C[C@H]3COC(=O)N32)cc(OC)c1O,CHEMBL10775
DEC_2855,decoy,COc1ccc(C(NC(=O)c2ccccc2)c2ccc(C(C)C)cc(=O)c2O)cc1,CHEMBL8103
DEC_1161,decoy,CC[C@H]1Nc2cc3nc(O)cc(C(F)(F)F)c3cc2C[C@@H]1C,CHEMBL7455
DEC_2291,decoy,COc1ccc(C2=C(OC(C)=O)c3cccn3-c3ccccc3[S+]2[O-])cc1,CHEMBL284232
DEC_2522,decoy,c1ccc2c(c1)CCC1C2N=C2SCCN21,CHEMBL29337
DEC_0349,decoy,O=C(O)C1=CC(C(C(=O)O)C(=O)O)CCC1,CHEMBL33336
DEC_1257,decoy,C[C@@H](N)Cc1c2c(c(Br)c3c1OCC3)OCC2.Cl,CHEMBL6710
DEC_1409,decoy,NS(=O)(=O)c1cc(C(=O)NCCNCC(O)COc2cccc3c2CCC(=O)N3)ccc1Cl,CHEMBL40343
ACT_069,active,O=C1CC(=O)N(c2ccc(F)cc2)C(=S)N1C(=O)c1ccccc1,CHEMBL5275225
DEC_1846,decoy,CCOC(=O)c1ccc(Cn2c(O)c(CC=C(C)C)c(=O)n3c4c(=O)n(C)c(=O)n(C)c4nc23)cc1,CHEMBL275720
DEC_1128,decoy,O=C(O)[C@H]1CSC(c2nc3ccc(O)c(I)c3s2)=N1,CHEMBL277114
DEC_2206,decoy,CNS(=O)(=O)N(C)[C@@H]1CCN2CCc3ccccc3[C@@H]2C1,CHEMBL286650
DEC_4760,decoy,Cn1cncc1C(O)(C#Cc1ccc(Cl)cc1)c1ccc(C#N)c(-c2cccc3ccccc23)c1,CHEMBL283051
DEC_2081,decoy,CC(C)C[C@H](CS)C(=O)N[C@H]1Cc2cn(c3ccccc23)CCCCCCNC1=O,CHEMBL285112
DEC_1988,decoy,O=c1[nH]c(=O)n(C2CC(O)C(CO)O2)cc1C(F)(F)F,CHEMBL284025
DEC_1978,decoy,O=C(O)C1CN(Cc2ccccc2P(=O)(O)O)CCN1,CHEMBL29178
DEC_1278,decoy,COc1ccc(C2Nc3cc(OC)c(OC)cc3C(C)=[N+]2[O-])cc1,CHEMBL25909
DEC_3375,decoy,CSc1c2c(nc(N)n3nc(-c4ccco4)nc23)nn1CCCc1ccccc1,CHEMBL20445
DEC_3643,decoy,N[C@H](C(=O)N1CCC(F)(F)C1)[C@H]1CC[C@H](NS(=O)(=O)c2ccc(F)cc2F)CC1,CHEMBL22294
DEC_1510,decoy,CN1CCC(O)(c2nc(-c3ccncc3)c(-c3ccc(F)cc3)o2)CC1,CHEMBL280149
DEC_4023,decoy,Clc1nc(-c2ccco2)nc2c1ncn2Cc1ccccc1,CHEMBL278953
DEC_4386,decoy,C=C1C[C@@]23O[C@]2(c2ccccc21)C1CC(OC(=O)[C@H](O)[C@@H](NC(=O)NC(C)C)c2ccccc2)C3(C)C1(C)C,CHEMBL32399
DEC_4148,decoy,CN1CCN2CC(c3ccc(O)cc3)c3ccccc3C2C1,CHEMBL540195
DEC_3492,decoy,CCn1c(=O)c2cc(C(=O)Nc3nn[nH]n3)cn2c2ccccc21,CHEMBL13232
DEC_2734,decoy,C/N=C(\NC#N)NCCSCn1nc(-c2ccccc2)ccc1=O,CHEMBL15323
DEC_3610,decoy,CC1CCC(/C=N/c2ccccc2)=C2NC=C(C(=O)O)C(=O)N21,CHEMBL22512
DEC_0511,decoy,CC12CCC(OC=O)CC1CCC1C2CCC2(C)[C@@H](C3=CC(=O)OC3)C(OC=O)CC12O,CHEMBL451551
DEC_3638,decoy,COc1cc2c(c(OC)c1O)-c1ccc(SC)c(=O)cc1[C@@H](NC(C)=O)CC2,CHEMBL277239
DEC_2028,decoy,C[C@]12CC/C(=N\N=C(N)N)C=C1CC[C@@H]2CO,CHEMBL25860
DEC_1841,decoy,O=C(CN1CCN(S(=O)(=O)c2cc3ccc(Cl)cc3s2)CC1=O)NCCn1ccnc1,CHEMBL297152
DEC_3100,decoy,CC(C)c1cccc(OCc2cccc(N3C(N)=NC(N)=NC3(C)C)c2)c1,CHEMBL20227
DEC_4489,decoy,CCCc1cc(N2CC(CNC(C)=O)OC2=O)ccc1C(C)=O,CHEMBL16653
DEC_4616,decoy,NC1CCC(CNC(=O)[C@@H]2CCCN2C(=O)[C@H](N)C(C2CCCCC2)C2CCCCC2)CC1,CHEMBL289395
DEC_2436,decoy,Clc1ccc2c(c1)N=C(N1CCNCC1)C(c1ccccc1)=CC2.O=C(O)/C=C/C(=O)O,CHEMBL17145
DEC_3948,decoy,O=S1O[C@H](c2ccccc2)[C@@](Cn2cncn2)(c2ccc(Cl)cc2Cl)O1,CHEMBL10268
DEC_1949,decoy,Cc1c(NC(=O)Cc2cccc(Br)c2)ccc2nc(N)nc(N)c12,CHEMBL269235
DEC_1545,decoy,COC(=O)[C@@H]1CSCc2c(O)cc(OC)c(C)c2C(=O)OCCCCCCCCC(=O)N1,CHEMBL417875
DEC_1986,decoy,Nc1nc(Cl)nc2c1ncn2C1CC(O)C(CO)O1,CHEMBL17639
DEC_2703,decoy,C=CCN1C(=O)N(CC=C)[C@H](Cc2ccccc2)[C@H](O)[C@@H](O)[C@H]1Cc1ccccc1,CHEMBL284314
DEC_3635,decoy,CCN1CCC[C@H]1CNC(=O)c1c(OC)ccc(I)c1O,CHEMBL267723
DEC_4056,decoy,CS(=O)(=O)c1ccc(C2=C(c3ccccc3)C(=O)CC2)cc1,CHEMBL23170
DEC_1398,decoy,CO[C@@H]1[C@@H](OC(=O)c2ccc(C)[nH]2)[C@@H](O)[C@H](Oc2ccc3c(O)c(C(N)=O)c(=O)oc3c2C)OC1(C)C,CHEMBL291128
DEC_4129,decoy,Oc1ccc(-c2ccc(-n3cnc4c3CCCC4)cc2)nn1,CHEMBL32247
DEC_3301,decoy,O=NN(CCCl)C(=O)NC1CCC(CCl)CC1,CHEMBL12684
DEC_1429,decoy,CO[C@@]12[C@H](COC(N)=O)C3=C(C(=O)C(CSc4nc5ccccc5s4)=C(N)C3=O)N1C[C@@H]1N[C@@H]12,CHEMBL51172
DEC_1514,decoy,COc1ccc(-c2cc3nc(N(C)C)c4ccccc4c3nn2)cc1,CHEMBL278089
DEC_2480,decoy,O=C(NO)C1CCC(CNS(=O)(=O)c2ccc3ccccc3c2)CC1,CHEMBL283439
DEC_0428,decoy,CCc1cc(C(C)=O)c(O)cc1OCc1cccc(C(=O)NCCC(=O)O)n1,CHEMBL35970
DEC_0387,decoy,CCOc1ccccc1OCCN1CCC2(CC)c3cccc(O)c3CC1C2(C)C,CHEMBL284222
DEC_2403,decoy,CC(C)(C)/N=c1\c(O)c(O)\c1=N/Cc1c(F)cccc1F,CHEMBL20119
DEC_3757,decoy,CCCC1=NC2(CCSCC2)C(=O)N1Cc1ccc(-c2ccccc2-c2nn[nH]n2)cc1,CHEMBL289105
DEC_3438,decoy,CCN(CC)C(=O)c1ccc(C(c2ccccc2)N2CCNC3CCCCC32)cc1,CHEMBL27579
DEC_1745,decoy,COC(=O)[C@@]1(O)CC2O[C@]1(C)n1c3ccc(CO)cc3c3c4c(c5c6cc(CO)ccc6n2c5c31)C(=O)NC4,CHEMBL53839
DEC_1966,decoy,O=c1[nH]c(=O)n(C2SC(O)C(O)C2O)cc1Br,CHEMBL417659
DEC_4373,decoy,C=C1C[C@@]23O[C@]2(c2ccccc21)C1CC(OC(=O)[C@H](O)[C@@H](NC(=O)OCC)c2ccoc2)C3(C)C1(C)C,CHEMBL284961
DEC_3351,decoy,O=S1NC(Cc2cc3cc(Br)ccc3s2)=NO1,CHEMBL17707
DEC_3987,decoy,C[C@@H]1C=C2c3cccc4c3[C@@H](CN4)C[C@H]2N(C)C1,CHEMBL37867
DEC_4426,decoy,CC(C)(C)OC(=O)N[C@@H](Cc1ccccc1)[C@@H](O)C[C@@H](Cc1ccccc1)C(=O)NC1CCc2ccccc21,CHEMBL21166
DEC_1385,decoy,CCCOC(=O)/C=C/C(=O)N[C@@H]1CC[C@@]2(O)C3Cc4ccc(O)c5c4C2(CCN3CC2CC2)C1O5,CHEMBL54820
DEC_0698,decoy,Nc1nc(N)c2c(CNc3cc(Cl)c(Cl)c(Cl)c3)coc2n1,CHEMBL17235
DEC_2202,decoy,CCC(=O)NC[C@H]1[C@H](N)[C@H](C(=O)O)CN1C(=O)N(CC)C(C)C,CHEMBL19358
DEC_2236,decoy,O=C(O[C@@H]1C[C@](OCCCc2ccc(Cl)cc2)(C(=O)O)C[C@@H](O)[C@H]1O)c1snnc1-c1ccccc1,CHEMBL32499
DEC_0110,decoy,N#C[C@@H]1C[C@@H]2CN3CCc4cc5c(cc4[C@@H]3C[C@@H]2C[C@@H]1O)OCO5,CHEMBL286033
DEC_3108,decoy,COc1cccc(SCc2cnc3nc(N)nc(N)c3c2C)c1,CHEMBL277217
DEC_3491,decoy,CCC(=O)OC1CCn2c1nc1c2C(=O)C(C)=C(NC(C)=O)C1=N,CHEMBL17438
DEC_3670,decoy,CCCCc1ncc(C(=O)O)n1Cc1cccc2c1ccn2-c1ccccc1-c1nn[nH]n1,CHEMBL433230
DEC_1552,decoy,COc1cc([C@@H]2c3cc4c(cc3[C@@H](Nc3cccc(O)c3)[C@H]3COC(=O)[C@H]23)OCO4)cc(OC)c1O,CHEMBL286509
DEC_4532,decoy,Cc1c(NC(=O)C(Sc2ccc3ccccc3c2)C(C)C)ccc2nc(N)nc(N)c12,CHEMBL6942
DEC_4269,decoy,Oc1[nH]c(Br)nc2nnc(Br)c1-2,CHEMBL7426
DEC_0449,decoy,C#CCN(Cc1ccc2nc(C)nc(O)c2c1)c1ccc(C(=O)NCC(=O)O)cc1,CHEMBL6560
DEC_1666,decoy,C1=CC(=Nn2cccc2)C=CC1=Nn1cccc1,CHEMBL25422
DEC_0341,decoy,CCC(C)C1(c2ccc(N)cc2)CCC(=O)NC1=O,CHEMBL28668
DEC_4634,decoy,COc1ccccc1C(=O)NC[C@]1(c2ccccc2)CC[C@@H](OC(=O)NCCO)CC1,CHEMBL16311
DEC_4133,decoy,C/C(=N\N=C(/S)Nc1ccccc1N)c1ccccc1,CHEMBL33328
DEC_4670,decoy,CCCCC1Nc2ccccc2C(=O)N1Cc1ccc(-c2ccccc2-c2nn[nH]n2)cc1,CHEMBL14950
DEC_3944,decoy,O=C1CC(Cc2ccccc2C(F)(F)F)C(=O)N1OS(=O)(=O)/C=C/c1ccccc1,CHEMBL42518
DEC_2348,decoy,Cc1nc(O)c2c(ccc3nc(Nc4c(Cl)cccc4Cl)n(C)c32)c1CCN1CCOCC1,CHEMBL27532
DEC_1928,decoy,Cc1nc2ccccc2c(=O)n1CC(O)CNC(=O)C1=CC(C)(C)NC1(C)C,CHEMBL15620
DEC_1053,decoy,CCc1nc2ccc(OC3CCN(C(C)=N)CC3)cc2n1C/C=C/c1cc(N)ccc1O,CHEMBL25477
DEC_2479,decoy,COc1cc2c(c(OC)c1OC)C(C)NCC2.O=C(O)/C=C/C(=O)O,CHEMBL38064
DEC_0100,decoy,Cn1c(O)nnc1-c1cc(C(C)(C)C)c(O)c(C(C)(C)C)c1,CHEMBL12441
DEC_2791,decoy,CC(C)(C)C(=O)c1ccc(C(=O)O/C(=N\OCCO)c2ccc(C(=O)C(C)(C)C)cc2)cc1,CHEMBL296795
DEC_2290,decoy,C=C(C)c1cccc2c(S(=O)(=O)Nc3onc(C)c3C)cccc12,CHEMBL281942
DEC_3216,decoy,O=C(NC1CCCCC1)NC1CCCC(NC(=O)NC2CCCCC2)C1,CHEMBL13526
DEC_3668,decoy,COCCOCc1ccc2ccccc2c1/C=C(C)/C=C/C(O)=C1\C(=O)CN(C)C1=O,CHEMBL11186
DEC_4049,decoy,O=C(Oc1ccccc1)c1cc2cc(CCl)ccc2oc1=O,CHEMBL13357
DEC_3332,decoy,Cc1ccc(C(=O)OCCCc2c[nH]cn2)cc1I,CHEMBL20211
DEC_1511,decoy,CN1CCC(O)(c2nc(-c3ccc(F)cc3)c(-c3ccncc3)o2)CC1,CHEMBL22978
DEC_0269,decoy,C/C(=N\OCC(O)CO)c1ccc(S(=O)(=O)c2cccc(C3CCOCC3)c2)cc1,CHEMBL422047
DEC_4643,decoy,CCc1nc2cc(OC3CCN(C(C)=N)CC3)ccc2n1C/C=C/c1cc(N)ccc1OC,CHEMBL25474
DEC_3356,decoy,CC(=O)NCC1CN(c2ccc(C(C)=O)c(Br)c2)C(=O)O1,CHEMBL417261
DEC_3455,decoy,Cc1c(C(=O)OCCCO)cnn1-c1nc(-c2cccc(C(F)(F)F)c2)cs1,CHEMBL9988
DEC_1943,decoy,CC1Cc2ccccc2N1C(=O)C1=CCCC1C(=O)NCc1ccc(C(=N)N)cc1,CHEMBL17394
DEC_4006,decoy,COc1ccc2c(c1)C1OCCN(C)[C@@H]1CC2,CHEMBL42047
DEC_2009,decoy,Nc1nc(N)c2ncn(CC/C=C/P(=O)(O)O)c2n1,CHEMBL285398
DEC_1941,decoy,O=C(O)Cc1nn(Cc2nc3cc(O)cc(O)c3s2)c(=O)c2ccccc12,CHEMBL21136
DEC_0553,decoy,CCCCN(Cc1ccc(-c2ccccc2-c2nn[nH]n2)cc1)c1ncnc2c1nc([S+](C)[O-])n2C,CHEMBL51987
DEC_4702,decoy,COc1ccc(-c2ccc(S(=O)(=O)NC(CC#Cc3ccccc3)C(=O)O)cc2)cc1,CHEMBL10454
DEC_2497,decoy,CCCCn1c(=O)[nH]c2[nH]c(-c3ccc(S(=O)(=O)O)cc3)nc2c1=O,CHEMBL268617
DEC_2267,decoy,CCCc1cc(=O)oc2c3c(c4c(c12)OC(C)(C)C=C4)O[C@H](C)C(C)(C)C3=O,CHEMBL7270
DEC_4167,decoy,COc1c(Cl)c(OCC(F)(F)F)nc(C(Cl)(Cl)Cl)c1Cl,CHEMBL11565
DEC_0555,decoy,COC(OC)[C@@]1(C)Oc2ccc(N)cc2[C@H](N(Cc2ncc[nH]2)c2ccc(OC(F)(F)F)cc2)[C@H]1O,CHEMBL47196
DEC_0917,decoy,CN1Cc2c(C(=O)OC(C)(C)C)ncn2-c2ccc(N=[N+]=[N-])cc2C1=O,CHEMBL6421
DEC_1613,decoy,CN(C)Cc1cc(Cl)cc(Cc2cc(Cl)cc(CN(C)C)c2O)c1O,CHEMBL32910
DEC_4725,decoy,C[C@@H]1CC2C3CCC4=CC(=O)C=C[C@]4(C)C3=CC[C@]2(C)[C@H]1C(=O)CN1CCN(c2ccccn2)CC1,CHEMBL278438
DEC_1474,decoy,CCCc1ccc(C(=O)c2c(SC)cc3n2CCC3C(=O)O)cc1,CHEMBL275164
DEC_1089,decoy,CCc1nc2cc(OC3CCN(C(C)=N)CC3)ccc2n1C/C=C/c1ccc(N)cc1,CHEMBL280342
DEC_4555,decoy,COc1cc([C@@H]2c3[nH]c4c(ccc5ccccc54)c3C[C@H]3COC(=O)N32)cc(OC)c1O,CHEMBL275992
DEC_0297,decoy,C[C@@H](O)[C@H]1C(=O)N2C(C(=O)O)=C(S[C@@H]3CN[C@@H](c4ccc(CN)cc4)C3)[C@H](C)[C@H]12,CHEMBL14430
DEC_0478,decoy,OC1Cc2ccccc2CC1N1CC=C(c2ccccc2)CC1,CHEMBL20479
DEC_0916,decoy,COc1cc2c(cc1OC)[C@@H]1C[C@@H]3C[C@H](OC(C)=O)CC[C@@H]3CN1CC2,CHEMBL280810
DEC_4631,decoy,CCN(CC)C(=O)c1cc(=O)c(C)c2oc3c(C)c(O)c(N)c(C(=O)N(CC)CC)c3nc1-2,CHEMBL279002
DEC_3239,decoy,CC(/C=C/C(=O)C1=C(O)CN(C)C1=O)=C\c1c(O)ccc2ccccc12,CHEMBL10540
DEC_0402,decoy,CCC/N=c1\c(O)c(O)\c1=N/[C@@H](Cc1ccc(-c2ccccc2OC)cc1)C(=O)O,CHEMBL8906
DEC_1811,decoy,CCN1C(=O)N(C2CCN(C(C)CCC(C)C)CC2)[C@@H]2CCCC[C@H]21,CHEMBL281322
DEC_2797,decoy,CNc1cc(C(C)C)ccc(C(c2ccc(OC)cc2)c2ccc(C(C)C)cc(=O)c2O)c1=O,CHEMBL21341
DEC_3702,decoy,O=S(=O)(CCC(F)(F)C(F)(F)F)c1nc(-c2ccccc2)c(-c2ccccc2)[nH]1,CHEMBL276742
DEC_0335,decoy,CCCN(CCC)C(=O)N1C[C@H](N)[C@H](C(=O)O)C1,CHEMBL280352
DEC_2635,decoy,CCOC(=O)C1=CNC2=C(/C=N/c3cccc(C(=O)O)c3)CCC(C)N2C1=O,CHEMBL22612
DEC_2010,decoy,O=C(O)C1=CC(O)C(O)C(Oc2ccc([N+](=O)[O-])cc2)O1,CHEMBL25476
DEC_4355,decoy,COc1nc(C)nc(Cl)c1NC1=NCCN1,CHEMBL19236
DEC_4047,decoy,Cc1ccc(Cn2cnc3c(N(C)C)nc(Cl)nc32)cc1,CHEMBL416937
DEC_3607,decoy,CC(=O)NCC1CN(c2ccc([S+](C)[O-])c(C)c2)C(=O)O1,CHEMBL278052
DEC_1315,decoy,Clc1ccc(OCC2=Cc3ccccc3C3=NCCCN23)cc1,CHEMBL9608
DEC_4736,decoy,N#Cc1ccc2cc1Oc1ccc3cccc(c3c1)NC(=O)[C@@H](Cc1ccccc1)NCc1cncn1C2,CHEMBL299568
DEC_3306,decoy,NC1=NC(c2ccc(F)cc2)Cc2cc(F)ccc21,CHEMBL7946
DEC_2796,decoy,CCCSC1=Nc2ccccc2S(=O)(=O)N1Cc1ccc(-c2ccccc2C(=O)O)cc1,CHEMBL274574
DEC_2385,decoy,CC(=O)OC1CCC(NC(=O)N(CCCl)N=O)CC1,CHEMBL12637
DEC_1294,decoy,COC(=O)C1C(c2ccc(/C=C\Br)cc2)CC2CCC1N2C,CHEMBL14305
DEC_0736,decoy,C/N=C(/NC#N)NC1c2cnccc2OC(C)(C)[C@H]1O,CHEMBL266685
DEC_1803,decoy,COc1ccc([C@@H]2Sc3ccccc3N(CCO)C(=O)[C@@H]2OC(C)=O)cc1,CHEMBL279313
DEC_3797,decoy,Oc1nc2ccccc2n1C1CCN(C2CCCCC2O)CC1,CHEMBL20601
DEC_4026,decoy,C#Cc1cccc(Oc2cc(Cn3ccnc3)ccc2C#N)c1,CHEMBL22080
DEC_1701,decoy,C[C@@]12Cc3ccccc3C(CN1)[C@@H](O)c1ccccc12,CHEMBL25277
DEC_3648,decoy,Cc1cc(OCC2CCCN(C(=N)N)C2)cc(OS(=O)(=O)c2ccccc2Cl)c1,CHEMBL41862
DEC_3287,decoy,CN(C)CC1NCC(c2ccccc2)c2ccccc21,CHEMBL414182
DEC_0199,decoy,CCCOC1(C2=NCCN2)COc2ccccc2O1,CHEMBL10049
DEC_3313,decoy,CCCN(CCC)[C@H]1Cc2c(O)cccc2CC1(C)C,CHEMBL15108
DEC_1119,decoy,Oc1ccc2c(c1)OC[C@@H](N1CCC(O)(c3ccc(C(F)(F)F)cc3)CC1)[C@H]2O,CHEMBL17198
DEC_2675,decoy,CNC(=O)[C@@H](NC(=O)[C@H](CC(C)C)[C@@H](C(=O)NO)C1CCC(C)CC1)C(C)(C)C,CHEMBL29977
DEC_0904,decoy,C[C@]12CC[C@]3(C1)C(CC2=O)C[C@@H](O)C1[C@](C)(C(=O)O)CCC[C@@]13C,CHEMBL8722
DEC_1879,decoy,Nc1nc(N)c2c([S+]([O-])c3ccc4ccccc4c3)cccc2n1,CHEMBL6726
DEC_3496,decoy,COc1cc(N)c(Cl)cc1C(=O)NC1CCN2CCOCC2C1,CHEMBL24748
DEC_1087,decoy,OC(c1ccc(Cl)cc1Cl)C(O)(Cn1cncn1)c1ccc(Cl)cc1Cl,CHEMBL10361
DEC_2701,decoy,CCN(CC)CCNC(=O)c1c(C)[nH]c(/C=C2\C(=O)Nc3ccc(F)cc32)c1C,CHEMBL535
DEC_2469,decoy,CC1(C)C=C(C(=O)NCC(O)CNC(=O)c2cccs2)C(C)(C)N1,CHEMBL15529
DEC_1940,decoy,CC(=O)c1c(O)n(O)c2cc(NC(=O)Nc3cccc(C(=O)O)c3)ccc12,CHEMBL429766
DEC_0025,decoy,Cc1cc2c(cc1/N=C(\S)Nc1ccc(S(N)(=O)=O)cc1)C(C)(C)CC(C)(C)S2,CHEMBL6499
DEC_2809,decoy,O=c1c2c(oc(O)c1[C@H](c1cccc(NS(=O)(=O)c3ccccc3)c1)C1CC1)CCCCCC2,CHEMBL16580
DEC_2919,decoy,CCC(=O)N(c1ccc(C(C)=O)cc1)C1CCCC1N(C)C,CHEMBL20942
DEC_2788,decoy,O=C1c2ccccc2S(=O)(=O)N1COP(=O)(OCc1ccccc1)OCc1ccccc1,CHEMBL290748
DEC_2244,decoy,COc1ccc([C@@H]2c3nc(NC(C)C)ccc3[C@H](c3ccc4c(c3)OCO4)[C@H]2C(=O)O)c(OC(C)CO)c1,CHEMBL289216
DEC_0764,decoy,CCCC(=O)O[C@H](CC=C(C)C)C1=CC(=O)c2c(O)ccc(O)c2C1=O,CHEMBL8806
DEC_0985,decoy,COCCN(C)Cc1c(C(C)(C)C)nc2n(Cc3ccccc3F)c(C)c(-c3cccc(OC)c3)c(=O)n12,CHEMBL297938
DEC_2263,decoy,COc1ccc(NC(=O)c2ccc(-c3ccccc3S(N)(=O)=O)cc2)c(Oc2cccc(C(=N)N)c2)c1,CHEMBL44111
DEC_3170,decoy,CCC(S(=O)(=O)c1ccc(Cl)cc1)S(=O)(=O)C(F)(F)F,CHEMBL11972
DEC_0233,decoy,O=C1NC(=O)C(CC#Cc2ccc(Cl)cc2)(S(=O)(=O)c2ccc3ccccc3n2)S1,CHEMBL12503
DEC_0017,decoy,CC(C)=CCC(OC(=O)c1cccc2ccccc12)C1=CC(=O)c2c(O)ccc(O)c2C1=O,CHEMBL28783
DEC_3234,decoy,CCC(CO)NC(=O)C1C=C2c3cccc4c3c(cn4C)CC2N(C)C1,CHEMBL12393
DEC_4437,decoy,CC1(C)C2CC1[C@]1(C)OB([C@H](CCCN=C(N)N)NC(=O)c3ccc(-c4ccccc4)cc3F)O[C@@H]1C2,CHEMBL290836
DEC_1283,decoy,Nc1cccc2c1CC(O)C(N1CCC(c3ccccc3)CC1)C2,CHEMBL416916
DEC_2657,decoy,CCCc1cc(C(N)=O)cc(=O)n1Cc1ccc(-c2ccccc2-c2nn[nH]n2)cc1,CHEMBL22186
DEC_3343,decoy,O=C(O)CCCCC(=O)N1CCC2(CCN(c3ccncc3)CC2)C1,CHEMBL13033
DEC_4110,decoy,Cc1ccc(C2CN(C)Cc3sc(CO)cc32)cc1,CHEMBL15748
DEC_2915,decoy,CC(C)(C)OC(=O)OC1CCC2C[C@@H]3C=CC2(OO3)C1(C)C,CHEMBL22560
DEC_2279,decoy,COc1cccc(-c2nc3n(c2-c2cccc(OC)c2)CCS3)c1,CHEMBL17187
DEC_2325,decoy,Cc1cc(NCc2ccc(-c3ccccc3-c3nn[nH]n3)cc2)c(I)c(C)n1,CHEMBL33811
DEC_0591,decoy,CCCCc1nc(C(=O)OCC)c(C(=O)OCC)n1Cc1ccc(-c2ccccc2-c2nn[nH]n2)cc1,CHEMBL7826
DEC_2526,decoy,CCOC(=O)C(C#N)=C1SCCCS1,CHEMBL291237
DEC_1959,decoy,O=C(O)/C=C/c1ccc(NC(=O)c2cccc(NC3=NCCN3)c2)c(Cl)c1,CHEMBL417322
DEC_2945,decoy,CCOc1ccc(-n2c(C)c3c(C)nnc(OC)c3c2C)cc1,CHEMBL25675
DEC_4551,decoy,CN(C)C/C=C/C(=O)Nc1cnc2ncc(C#N)c(Nc3cccc(Br)c3)c2c1,CHEMBL441518
DEC_2417,decoy,C[C@@H]1CC2C3CCC4=Cc5c(cnn5-c5ccc(F)cc5)CC4(C)C3C(O)CC2(C)C1(O)C(=O)CO,CHEMBL14275
DEC_3048,decoy,O=C(O)Cc1nn(Cc2nc3c(O)cccc3s2)c(=O)c2ccccc12,CHEMBL20441
DEC_2461,decoy,O=C(O)c1ccc2ccc(/C=C/c3cc(O)c(O)c(I)c3)nc2c1O,CHEMBL37845
DEC_0413,decoy,COc1cc(C(=O)NCCCNC(=O)C2=CC(C)(C)NC2(C)C)cc(OC)c1OC,CHEMBL435560
DEC_2989,decoy,Cc1nnc2n1-c1ccc(C#CCCN3C(=O)c4ccccc4C3=O)cc1C(c1ccccc1F)=NC2,CHEMBL19991
DEC_4136,decoy,O=C1NC(=O)C([S+]([O-])c2ccc3ccccc3c2)S1,CHEMBL34161
DEC_2502,decoy,N=C(N)c1ccc(CNC(=O)C2=C(C(=O)NC3CCCCC3)CCC2)cc1,CHEMBL17225
DEC_0705,decoy,CC(C)=CC[C@H](O)C1=CC(=O)c2c(O)ccc(O)c2C1=O,CHEMBL28457
DEC_3405,decoy,C=CCOC(=O)C1C2C(=O)CC(c3ccc(O)cc32)C1C(=O)OCC[Si](C)(C)C,CHEMBL12292
DEC_2750,decoy,CSc1c(Cl)nc(N2CCN(C)CC2)nc1NC(C)C,CHEMBL441773
DEC_2977,decoy,COc1cccc2c1CC[C@H]1CN(CCn3c(=O)[nH]c4c(sc5c(C#N)cccc54)c3=O)C[C@@H]21,CHEMBL289627
DEC_4657,decoy,CC(=N)N1CC[C@H](Oc2ccc(C(Cc3cc4cc(C(=N)N)ccc4o3)C(=O)O)cc2)C1,CHEMBL279077
DEC_1318,decoy,CCOC(=O)C1Cc2cc3c(-c4ccccc4F)noc3c(Cl)c2O1,CHEMBL7710
DEC_0824,decoy,Nc1nc(O)c2nc(Br)n(C3CCCCc4ccc(F)cc43)c2n1,CHEMBL276889
DEC_1222,decoy,C=CCCN(C1=NCCN1)c1c(Br)cccc1Br,CHEMBL417828
DEC_2881,decoy,COc1ccc2cc3c(ccc4oc([N+](=O)[O-])cc43)cc2c1,CHEMBL6922
DEC_0575,decoy,Cc1ccc(OC(C)(C)[C@H]2OC[C@@H](C/C=C\CCC(=O)O)[C@@H](c3cncn3C)O2)c([N+](=O)[O-])c1,CHEMBL278714
DEC_3982,decoy,c1ccc(Oc2cccc(-c3nn[nH]n3)c2)cc1,CHEMBL279058
DEC_3779,decoy,Cc1c2c(cc3c(-c4ccccc4F)noc13)CC(C(=O)O)O2,CHEMBL7640
DEC_2023,decoy,O=S1NC(Cc2ccc3c(c2)CCC3)=NO1,CHEMBL277527
DEC_0409,decoy,CCCCc1ccc(Nc2nc(N)c3ccn(C4CC(CO)C(O)C4O)c3n2)cc1,CHEMBL279158
DEC_4362,decoy,CC(C)CN1C2=NC(C)CN2C(=O)c2[nH]cnc21,CHEMBL18724
DEC_4340,decoy,Cc1ccc(-c2nnc(S(C)(=O)=O)n2C)cc1,CHEMBL286354
DEC_4078,decoy,O=C(O)C1Cc2sccc2CN1C(=O)CCS,CHEMBL23467
DEC_3152,decoy,CCn1c(=O)c2nc(-c3cccc(S(=O)(=O)O)c3)[nH]c2n(CC)c1=O,CHEMBL11154
DEC_0646,decoy,Cc1cc(I)cc(CNCCCN(C)C)c1O,CHEMBL279894
DEC_2308,decoy,CC[C@H](c1ccc(O)cc1)[C@@H](CBr)c1ccc(O)cc1,CHEMBL24212
DEC_2521,decoy,O=S1NC(Cc2ccc3c(c2)CCCC3)=NO1,CHEMBL17813
DEC_3322,decoy,CC1(COc2ccc(CC3SC(=O)NC3=O)cc2)CCCCC1,CHEMBL7002
DEC_0426,decoy,CCOC(=O)Nc1cc2c(c(N)n1)N=C(CN(C)c1ccc(Cl)cc1)CN2,CHEMBL8934
DEC_1312,decoy,CCN(CC)C(=O)N[C@@H]1C[C@@H]2c3cccc4c3C(=CC4)C[C@H]2N(C)C1,CHEMBL285341
DEC_2020,decoy,N[C@H](C(=O)N1CC[C@@H](F)C1)C1CCCCC1,CHEMBL23981
DEC_1809,decoy,N#Cc1ccc(Cn2ccnc2)cc1Oc1cccc(Br)c1,CHEMBL23019
DEC_1744,decoy,O=C1NC(=O)c2c1c1c3cc(F)ccc3oc1c1c2c2cc(F)ccc2n1C1OC(CO)C(O)C(O)C1O,CHEMBL42949
DEC_2623,decoy,Cc1ccc(S(=O)(=O)O)cc1.N/C(=N\O)N/N=C/c1ccc(C(F)(F)F)cc1,CHEMBL13274
DEC_2532,decoy,CN(C)c1ncnc2c1ncn2-c1ccccc1,CHEMBL7823
DEC_1199,decoy,Cc1cc2c(s1)CCC(CN[C@H]1CC[C@@H](Oc3ccccc3)[C@H]1O)C2=O,CHEMBL15201
DEC_0414,decoy,O=C(/C=C/c1ccc(O)c(O)c1)OCCCOC(=O)/C=C/c1ccc(O)c(O)c1,CHEMBL31026
DEC_3647,decoy,Cc1c(C(=O)NCCCO)cnn1-c1nc(-c2cccc(C(F)(F)F)c2)cs1,CHEMBL9453
DEC_3626,decoy,O=C1[C@@H](NS(=O)(=O)c2nc3cc(Cl)ccc3[nH]2)CCN1Cc1cc2c[nH]ccc-2n1,CHEMBL8216
DEC_1578,decoy,C=C1/C(=C\C=C2/CCC[C@]3(C)C([C@H](C)CC#CC(C)(C)O)=CC[C@@H]23)C[C@@H](O)C[C@@H]1O,CHEMBL284121
DEC_2906,decoy,c1ccc2sc(C3(N4CCCC4)CCCCCC3)cc2c1,CHEMBL279873
DEC_2054,decoy,Oc1ccc2c(c1O)CCC[C@@H]2C1=NCCN1,CHEMBL7169
DEC_2748,decoy,CCOP(=O)(OCC)C(N)C1CCCCC1.O=C(O)C(=O)O,CHEMBL39277
DEC_4304,decoy,N#Cc1cccc(OC(=O)CNC(=O)c2ccccc2)c1,CHEMBL32070
DEC_4397,decoy,CCOC(=O)N[C@@H](c1ccccc1)[C@@H](O)C(=O)OC1CC2C(C)(C)C1(C)[C@@]13C[C@H](C)c4ccccc4[C@@]21O3,CHEMBL431305
DEC_2983,decoy,CCN1C(=O)c2c(nc(OC)n2Cc2ccc(O)c(Br)c2)N2C1=N[C@@H]1CCC[C@@H]12,CHEMBL282114
DEC_0254,decoy,CNCc1ccc([C@H]2C[C@H](SC3=C(C(=O)O)N4C(=O)[C@H]([C@@H](C)O)[C@H]4[C@H]3C)CN2)o1,CHEMBL17752
DEC_2629,decoy,CNC(=O)OC1CCn2c3c(c(COC(N)=O)c21)C(=O)C(OC)=C(C)C3=O,CHEMBL18408
DEC_0432,decoy,CN(Cc1ccccc1)C(c1cccc2nc(O)c(O)nc12)P(=O)(O)O,CHEMBL12733
DEC_2160,decoy,Cc1ccnc2c1CCC/C2=C/c1ccncc1,CHEMBL35684
DEC_1815,decoy,Cc1ccc(S(=O)(=O)/N=S2\O[C@@H]3[C@@H](CO[C@@]4(COS(N)(=O)=O)OC(C)(C)O[C@@H]34)O2)cc1,CHEMBL282418
DEC_1412,decoy,CNC(=O)OCCN(CCOC(=O)NC)Cc1cc(O)c2c(c1)C(=O)c1cccc(O)c1C2=O,CHEMBL290852
DEC_2245,decoy,COc1ccc([C@@H]2c3nc(NC(C)C)ccc3[C@H](c3ccc4c(c3)OCO4)[C@H]2C(=O)O)c(CC(O)CO)c1,CHEMBL286621
DEC_2776,decoy,COc1ccc(C(c2ccc(C(C)C)cc(=O)c2O)c2ccc(C(C)C)cc(OC)c2=O)cc1,CHEMBL281570
DEC_1379,decoy,CN(C)CCNC(=O)c1cccc2c(NCCN(C)C)c3ccccc3nc12,CHEMBL34407
DEC_3243,decoy,O=C(O)C(F)(Oc1ccc2cc(Br)ccc2c1)C(=O)O,CHEMBL267895
DEC_3069,decoy,COc1cc(N)c(Cl)cc1C(=O)NC1CN2Cc3ccccc3CN2C1,CHEMBL278815
DEC_0870,decoy,CCOC(=O)/C=C1\CC2(CCCCC2)CC(=O)N1Cc1ccc(-c2ccccc2-c2nn[nH]n2)cc1,CHEMBL51084
DEC_4403,decoy,CCCc1nc(-n2cccc2C(O)C(F)(F)F)c(C(=O)O)n1Cc1ccc(-c2ccccc2-c2nn[nH]n2)cc1,CHEMBL306259
DEC_4366,decoy,CC1=CC2[C@@]3(O)[C@H](C)C[C@]4(OC(=O)CCCCCCC[C@H]5C[C@@H]5C)[C@H]([C@@H]3C(C)=C(CO)C[C@]2(O)C1=O)C4(C)C,CHEMBL6834
DEC_3932,decoy,COCC1(c2cccc(OCc3ccc4c(ccc(=O)n4C)c3)c2)CCOCC1,CHEMBL21764
DEC_3766,decoy,CCC1Nc2cc3oc(=O)cc(C(F)(F)F)c3cc2CC1C,CHEMBL6654
DEC_1984,decoy,CC(=O)N[C@H]1[C@H](N2CCN(C)CC2)C=C(C(=O)O)C[C@@H]1N,CHEMBL282465
DEC_1381,decoy,CCN(CC)CCNc1ccc2ncn3c4c(OC)ccc(O)c4c(=O)c1c23,CHEMBL8219
DEC_3390,decoy,CCCC1=NC2(CCOCC2)C(=O)N1Cc1ccc(-c2ccccc2-c2nn[nH]n2)cc1,CHEMBL435953
DEC_3661,decoy,Cc1c(NN=C2CCC(C)n3c2ncc(C(=O)O)c3=O)c(=O)n(-c2ccccc2)n1C,CHEMBL14369
DEC_4608,decoy,CCCc1nc2cc3c(cc2[nH]1)C(C)(C)C(=O)N3,CHEMBL34494
DEC_1129,decoy,CS(=O)(=O)O.Nc1nc2ccc(Cl)cc2c2nc(-c3ccco3)nn12,CHEMBL268431
DEC_1090,decoy,N[C@H](C(=O)N1CCC(F)(F)C1)[C@H]1CC[C@H](NC(=O)c2ccccc2C(F)(F)F)CC1,CHEMBL277635
DEC_2121,decoy,CCCc1cc2c(c(C(C)(C)C)c1O)CCO2,CHEMBL269588
DEC_2153,decoy,CN[C@@H]1CC[C@@H](c2ccccc2)c2ccccc21,CHEMBL38120
DEC_0166,decoy,CNc1nc(Cl)c(SC)c(N2CCOCC2)n1,CHEMBL287509
DEC_4496,decoy,CC(C)(C)C(=O)Oc1coc(COC2CCOCC2)cc1=O,CHEMBL274788
DEC_1210,decoy,CC(C)=CCN1CCCC2(c3ccccc3)CCC1C2.O=C(O)C(=O)O,CHEMBL38223
DEC_0260,decoy,C[C@@H](O)[C@H]1C(=O)N2C(C(=O)O)=C(S[C@@H]3CN[C@@H](c4ccc(C5(N)CC5)cc4)C3)[C@H](C)[C@H]12,CHEMBL428860
DEC_1724,decoy,C=C[C@@]1(C)CC(=O)[C@]2(O)C3(C)C(C(O)C(OC(=O)C(C)N4CCCCC4)[C@@]2(C)O1)C(C)(C)CC[C@@H]3O,CHEMBL56592
DEC_0608,decoy,Oc1ccc2c3c1O[C@H]1[C@H](N=C=S)CCC4(O)C(C2)N(CC2CC2)CCC314,CHEMBL21068
DEC_3039,decoy,Cc1ccc(S(=O)(=O)N(C)NSc2ccccc2[N+](=O)[O-])cc1,CHEMBL23179
DEC_3042,decoy,Nc1nc(N)c2c3c(oc2n1)CN(Cc1ccc(Cl)cc1Cl)CC3,CHEMBL287579
DEC_3483,decoy,COCC(=O)C1CCn2c1nc1c2C(=O)C(C)=C(NC(C)=O)C1=N,CHEMBL279398
DEC_0403,decoy,CC(NC(C)(C)C)C(O)COc1cccc2sccc12.O=C(O)C(=O)O,CHEMBL30152
DEC_4465,decoy,CCOC(=O)C1(NC(=O)N(CCCl)N=O)CCCCC1,CHEMBL12687
DEC_4131,decoy,C[C@H]1Cc2cc3c(C(F)(F)F)cc(O)nc3cc2N[C@@H]1C,CHEMBL6983
DEC_1070,decoy,CC/C1=C(\c2ccc(O)cc2)c2ccc(OCC(O)CO)cc2SCc2ccccc21,CHEMBL278888
DEC_2407,decoy,O=C1CCC(c2ccc(-n3cnc4c3CCCC4)cc2)=NN1,CHEMBL30623
DEC_0779,decoy,CCNc1cccc2c(S(=O)(=O)Nc3onc(C)c3C)cccc12,CHEMBL26978
DEC_1728,decoy,CCc1cn([C@@H]2O[C@H](CNC(=O)C3c4cccc(C)c4Oc4c(C)cccc43)[C@@H](O)[C@@H]2F)c(=O)[nH]c1=O,CHEMBL297081
DEC_0967,decoy,CO[C@H]1[C@H]2O[C@H]2[C@@H](OCC23C[C@@H]4[C@H](C)CC[C@H]4C4(C=O)CC2C=C(C(C)C)C34C(=O)O)O[C@@H]1C,CHEMBL286043
DEC_4472,decoy,COC[C@H]1CN(c2ccc(OCC[C@@H](C)O)cc2)C(=O)O1,CHEMBL33454
DEC_4575,decoy,c1ccc([C@H]2CN3CCC[C@H]3c3ccsc32)cc1,CHEMBL32809
DEC_3284,decoy,CCC1CCC(NC(=O)N(CCCl)N=O)CC1,CHEMBL274809
DEC_1486,decoy,CCSc1nnc(-c2cc(C(C)C)c(O)c(C(C)C)c2)s1,CHEMBL276062
DEC_2021,decoy,NCc1cccc(I)c1,CHEMBL39635
DEC_4401,decoy,CC(C)NC(=O)N[C@@H](c1ccccc1)[C@@H](O)C(=O)OC1CC2C(C)(C)C1(C)[C@@]13C[C@H](C)c4ccccc4[C@@]21O3,CHEMBL31680
DEC_4101,decoy,Nc1ccc(C2CCN(C3CCCCC3O)CC2)cc1,CHEMBL20744
DEC_0007,decoy,COc1ccccc1CC(=O)N1C[C@H]2[C@@]3(c4ccccc4)CC[C@H](c4c(O)cccc43)[C@@]2(C(=O)O)C1,CHEMBL53295
DEC_3853,decoy,COc1ccc2[nH]c3c(N/N=C\c4ccccc4)nncc3c2c1,CHEMBL8316
DEC_4719,decoy,CC1(C)CC[C@]2(C#N)CC[C@]3(C)C(C(=O)C=C4[C@@]5(C)C=C(C(=O)O)C(=O)C(C)(C)[C@@H]5CC[C@]43C)C2C1,CHEMBL266735
DEC_3255,decoy,O=C(O)c1cccn1-c1cc2nc(O)c(O)nc2cc1C(F)(F)F,CHEMBL13176
DEC_2561,decoy,CCN1CCOC2c3cccc(OC)c3CC[C@H]21,CHEMBL41420
DEC_1188,decoy,CCOc1cc2c(cc1OCC)[C@@H]1C[C@@H]3C[C@H](O)CCC3CN1CC2,CHEMBL424034
DEC_3446,decoy,OC1(C#Cc2ccc(Oc3ccc(Br)cc3)cc2)CN2CCC1CC2,CHEMBL24776
DEC_4537,decoy,COc1cc(NC(=O)N2N=C(C)N(C(=O)Nc3cc(OC)cc(OC)c3)N=C2C)cc(OC)c1,CHEMBL16895
DEC_2069,decoy,CC(C)c1ccc(C(c2ccc(N)cc2)c2ccc(C(C)C)cc(=O)c2O)c(O)c(=O)c1,CHEMBL279126
DEC_2837,decoy,O=C(Oc1ccc2[nH]c(C(=O)c3cc4ccccc4[nH]3)cc2c1)c1ccccc1,CHEMBL7276
DEC_4564,decoy,C[Si](C)(C)OC(C#N)C12CC3CC(CC(C3)C1)C2,CHEMBL429382
DEC_4384,decoy,C=C1C[C@@]23O[C@]2(c2ccccc21)C1CC(OC(=O)[C@H](O)[C@@H](NC(=O)NCC)c2ccccc2)C3(C)C1(C)C,CHEMBL32245
DEC_4734,decoy,COc1cc2c(cc1OC)-c1cc(=Nc3c(Cl)cc(Cl)cc3Cl)n(C)c(=O)n1CC2,CHEMBL34359
DEC_1424,decoy,O=C(O)C[C@H](NC(=O)Cn1c(C2CC2)cnc(NCc2ccc3c(n2)NCCC3)c1=O)c1cccnc1,CHEMBL51152
DEC_3480,decoy,CN(C)c1ccc(C(=O)NCC2CCC(C(=O)NO)CC2)cc1,CHEMBL26158
DEC_3022,decoy,COc1ccnc(C[S+]([O-])c2nc3cc4c(cc3[nH]2)OC(F)(F)O4)c1,CHEMBL9959
DEC_0529,decoy,COC(=O)OC1CCC2(C)C(CCC3C2CCC2(C)[C@@H](C4=CC(=O)OC4)C(O)CC32O)C1,CHEMBL427969
DEC_4034,decoy,Ic1cccc(OCCCc2c[nH]cn2)c1,CHEMBL440788
DEC_0033,decoy,CCOC(=O)C1=C(C)N=C(C)/C(=C(/O)OCC)C1c1ccc(I)cc1,CHEMBL40387
DEC_2224,decoy,C=CCNC(=O)NS(=O)(=O)c1ccccc1-c1ccc(Cn2c(CCCC)nc(SC)c2C(=O)O)cc1,CHEMBL443069
DEC_3782,decoy,Cc1cc(O)nnc1-c1ccc(-n2cnc3c2CCCC3)cc1,CHEMBL283917
DEC_1384,decoy,COc1cc(COc2ccc(Cc3cnc(N)nc3N)cc2)cc(OC)c1OC,CHEMBL416376
DEC_1401,decoy,Nc1nc(N)c2nc(CCSc3ccc(C(=O)NC(CCC(=O)O)C(=O)O)cc3)cnc2n1,CHEMBL10592
DEC_2543,decoy,O=S1NC(Cc2ccc3ccccc3c2)=NO1,CHEMBL17771
DEC_0867,decoy,N#Cc1cc(-c2ccoc2)c2ccc(CSc3cc(F)cc(C4(O)CC5COC(C4)O5)c3)cc2n1,CHEMBL280348
DEC_0176,decoy,C[S+]([O-])c1ccc(Oc2cnc(O)nc2)cc1,CHEMBL8627
DEC_3761,decoy,O=C1O[C@H](c2ccc(Cl)cc2Cl)[C@@](Cn2cncn2)(c2ccc(Cl)cc2)O1,CHEMBL275096
DEC_0043,decoy,CCNC(=O)Cc1c(C)nc(O)c2c1ccc1nc(Nc3c(Cl)cccc3Cl)n(C)c12,CHEMBL26864
DEC_4107,decoy,CO[C@H]1CCC[C@@H](N2CCC(c3ccccc3)CC2)[C@@H]1O,CHEMBL278634
DEC_2389,decoy,COc1ccc2c(c1)C13CCN(C)C(C2)[C@@H]1C[C@H](C)C(=O)C3,CHEMBL33628
DEC_3997,decoy,Cc1c(N(C)C)c(=O)n(-c2ccccc2)n1C,CHEMBL288470
DEC_3361,decoy,CC(C)(C)C(=O)Oc1ccc(C(=O)c2ccccc2)cc1CCC(=O)O,CHEMBL9991
DEC_0556,decoy,COC(OC)[C@]1(C)Oc2ccc(N)cc2[C@@H](N(Cc2ncc[nH]2)c2ccc(OC(F)(F)F)cc2)[C@@H]1O,CHEMBL43005
DEC_2002,decoy,Nc1cc(Cl)c(S(N)(=O)=O)cc1S(N)(=O)=O,CHEMBL266240
DEC_4203,decoy,Cc1ccc(C2COC(Cn3ccnc3)(c3ccc(Br)cc3)O2)cc1,CHEMBL281074
DEC_1564,decoy,CCOC(=O)/C(C(=O)O)=C(C)/C=C/C=C(C)/C=C/C1=C(C)CCCC1(C)C,CHEMBL264489
DEC_2512,decoy,O=C(N[C@H]1C(=O)N(c2ccccc2)C[C@@H]1C(=O)O)c1cc2ccccc2[nH]1,CHEMBL433032
DEC_2650,decoy,COc1cc(N)c(Cl)cc1C(=O)NCCN1CCN(c2ccccc2OC)CC1,CHEMBL26758
DEC_0208,decoy,COC1(OC)C=CC(C2(C3=CCC(OC)(OC)C=C3)Sc3ccccc3-n3cccc32)=CC1,CHEMBL429774
DEC_0135,decoy,COc1cc2nc(N3CCN(C(C)=O)CC3)cc(N)c2cc1OC,CHEMBL8426
DEC_3435,decoy,O=C1Nc2cccc3c2C1(CCCCN1CCN(c2ccccc2)CC1)CCC3,CHEMBL12427
DEC_4089,decoy,CCN(C)c1ncnc2c1ncn2Cc1ccccc1F,CHEMBL7057
DEC_1682,decoy,CCC1(C2=CCCCC2)C(=O)NC(=O)NC1=O,CHEMBL268164
DEC_2792,decoy,CCC(=C(c1cccc(OC(C)=O)c1)c1cccc(OC(C)=O)c1)c1cccc(OC(C)=O)c1,CHEMBL11019
DEC_1345,decoy,C=CCOC(=O)N[C@@H](CC(=O)O)C(=O)CCc1cc2ccccc2cc1-c1ncc[nH]1,CHEMBL416941
DEC_3137,decoy,CCCc1c(O)n(Cc2ccccn2)c2nc3c(c(=O)n(C)c(=O)n3C)n2c1=O,CHEMBL13497
DEC_1732,decoy,O=C(NO)[C@H]1CC[C@@H](O)CN1S(=O)(=O)c1ccc(OCc2ccccc2I)cc1,CHEMBL285272
DEC_1340,decoy,CCOC(=O)C(C)Nc1cccc2c(S(=O)(=O)Nc3onc(C)c3C)cccc12,CHEMBL29448
DEC_1719,decoy,CCc1cn([C@@H]2O[C@H](CNC(=O)C3c4ccccc4Oc4c(C)cccc43)[C@@H](O)[C@@H]2F)c(=O)[nH]c1=O,CHEMBL289560
DEC_0583,decoy,O=C(O)C(=O)CC(=O)c1ccc(-c2ccc(SCC3(O)COc4ccccc4OC3)cc2)cc1,CHEMBL18295
DEC_1646,decoy,CCOC(=O)c1ncn2c1CN(C)C(=O)c1cc(N=[N+]=[N-])ccc1-2,CHEMBL6597
DEC_2973,decoy,CC1(C)C2CC[C@@]1(CS(=O)(=O)N1CCC3(CCc4ccccc43)CC1)[C@@H](N1C(=O)C[C@H](N)C1=O)C2,CHEMBL19658
DEC_4375,decoy,CCN(CC)Cc1cccc(C(=O)OCC(=O)[C@@]2(O)CCC3C4CCC5=CC(=O)CCC5(C)C4C(O)CC32C)c1,CHEMBL309481
DEC_1156,decoy,CC[C@@H]1Cc2cc3c(C(F)(F)F)cc(O)nc3cc2N[C@@H]1CC,CHEMBL7421
DEC_1111,decoy,CCC1=CCc2c(O)c3c(c(O)c2[C@H]1C(=O)OC)C(=O)c1cccc(O)c1C3=O,CHEMBL21339
DEC_3401,decoy,O=C(O)COC1CCN(C(=O)N2CCC3(CCN(c4ccncc4)CC3)C2)CC1,CHEMBL13008
DEC_3156,decoy,CN1CCN(c2cc3c(cc2F)n2c(=O)n(O)c(=O)cc2n3C2CC2)CC1,CHEMBL28768
DEC_0228,decoy,CN1CCC23c4c5ccc(O)c4OC2[C@H]2OC[C@@]2(CCCCc2ccccc2)CC3C1C5,CHEMBL9968
DEC_2871,decoy,CC1(O)C[C@@]23CCC4c5ccoc5C=C[C@@]4(C)C2CCC1C3,CHEMBL31943
DEC_3926,decoy,CCOc1nc(C(Cl)(Cl)Cl)c(Cl)c(OC(=O)COC)c1Cl,CHEMBL11668
DEC_1104,decoy,CC(=O)Oc1ccc2c(c1)CCc1sc(N)nc1-2.I,CHEMBL39106
DEC_2135,decoy,Cc1sc(C)c2c1CCCC2c1c[nH]cn1,CHEMBL30739
DEC_0640,decoy,CC[C@@]1(O)C(=O)OCc2c1cc1n(c2=O)Cc2cc3cc(CN)ccc3nc2-1,CHEMBL267814
DEC_3603,decoy,CCN([C@@H]1CCN2CCc3ccccc3[C@@H]2C1)S(C)(=O)=O,CHEMBL30590
DEC_3151,decoy,COc1ccc(S(=O)(=O)N2CN(C(C)(C)C)C(=O)C[C@@H]2C(=O)NO)cc1,CHEMBL7108
DEC_3988,decoy,C[C@H]1C=C2c3cccc4c3[C@@H](CN4)C[C@H]2N(C)C1,CHEMBL289517
DEC_1639,decoy,CN1CCN(C(c2ccns2)c2ccccc2Cl)CC1,CHEMBL279900
DEC_0239,decoy,COc1ccc([C@@H]2Sc3ccccc3-n3c(CN(C)C)ccc3[C@@H]2OC(C)=O)cc1,CHEMBL283615
DEC_4273,decoy,O=S1NC(CC2=C(Cl)c3ccccc3CC2)=NO1,CHEMBL17772
DEC_2027,decoy,O=P(O)(O)C(O)c1ccc2ccccc2c1,CHEMBL26001
DEC_3451,decoy,CC(C)CN(C1=NCCN1)c1c(Br)cccc1Br,CHEMBL19924
DEC_3153,decoy,Nc1nc(I)c2ncn(C3CCC(CO)O3)c2n1,CHEMBL418174
DEC_4388,decoy,C=C1C[C@@]23O[C@]2(c2ccccc21)C1CC(OC(=O)[C@H](O)[C@@H](NC(=O)OCC)c2cccs2)C3(C)C1(C)C,CHEMBL284516
DEC_4303,decoy,CC1CCCCN1c1ccc2c(c1)CN1CC(=O)NC1=N2,CHEMBL31230
DEC_3672,decoy,CCCCC(O)(c1ccc(F)cc1)C(O)(Cn1cncn1)c1ccccc1Cl,CHEMBL416701
DEC_2978,decoy,Cc1nnc2n1-c1ccc(C#CCN3C(=O)c4ccccc4C3=O)cc1C(c1ccccc1F)OC2,CHEMBL282666
DEC_4649,decoy,CCc1nc2ccc(OC3CCN(C(C)=N)CC3)cc2n1C/C=C/c1cc(N)ccc1OC,CHEMBL24915
DEC_1539,decoy,COc1ccc(-c2cc3c(c(=O)o2)C[C@]2(O)[C@@]4(C)C(=O)C=CC(C)(C)[C@]4(O)CC[C@@]2(C)O3)cc1OC,CHEMBL283509
DEC_1690,decoy,O=C(O)C1=CC(=O)C2(CCC=C3C=CC=CC32)O1,CHEMBL428700
DEC_1408,decoy,CCOC(=O)c1c(O)oc2c(C)c(O[C@@H]3OC(C)(C)[C@H](OC)[C@@H](OC(N)=O)[C@H]3O)ccc2c1=O,CHEMBL430955
DEC_3985,decoy,COc1ccc(-c2nnc(SC)n2C)cc1,CHEMBL25090
DEC_3934,decoy,O=C(OC[C@H]1C[C@@H]2O[C@H]1[C@H]1C(=O)OC(=O)[C@H]12)c1ccc(Oc2ccccc2)cc1,CHEMBL7636
DEC_3758,decoy,COc1cccc2c1CCC[C@H]2CN(C)CCc1ccc2c(c1)N(S(C)(=O)=O)CC2,CHEMBL269402
DEC_2586,decoy,Cc1cccc(Cn2c(-c3ccc(O)cc3)c(C)c3cc(O)ccc32)c1,CHEMBL30234
DEC_2812,decoy,CCCCC1=NC2(CCCC2)C(C)(C)C(=O)N1Cc1ccc(-c2ccccc2-c2nn[nH]n2)cc1,CHEMBL40251
DEC_2766,decoy,C=CCN1C[C@H](OCC23C[C@@H]4[C@H](C)CC[C@H]4C4(C=O)CC2C=C(C(C)C)[C@@]34C(=O)O)OC[C@H]1C,CHEMBL287434
DEC_1072,decoy,CCc1nc2c(n1Cc1ccc(-c3ccccc3-c3nn[nH]n3)cc1)/C(=C/C(=O)O)CCCC2,CHEMBL43591
DEC_0683,decoy,CC1=C(CC(=O)O)c2cc(F)ccc2/C1=C\c1ccc([S+](C)[O-])cc1,CHEMBL15770
DEC_2550,decoy,COc1ccc2[nH]c3c(cnn4cnnc34)c2c1,CHEMBL8144
DEC_0050,decoy,CC(NC(=O)Cc1ccc([N+](=O)[O-])cc1)C1CCC2C3CC=C4CC(O)CCC4(C)C3CCC12C,CHEMBL267909
DEC_0938,decoy,CCOc1nc(C(Cl)(Cl)Cl)c(Cl)c(OC(C)=O)c1Cl,CHEMBL428886
DEC_4396,decoy,CCOC(=O)N[C@@H](c1ccccc1)[C@@H](O)C(=O)OC1CC2C(C)(C)C1(C)[C@@]13C[C@@H](C)c4ccccc4[C@@]21O3,CHEMBL286146
DEC_2125,decoy,CC(C)(C)c1cc(CN)c(O)c(C(C)(C)C)c1,CHEMBL287297
DEC_4641,decoy,O=C(O)C(Cc1c[nH]c2ccccc12)NC(=O)C(CS)c1ccc(-c2ccccc2)cc1,CHEMBL34876
DEC_2012,decoy,CC1(C)N=C(N)N=C(N)N1c1cccc(S(N)(=O)=O)c1,CHEMBL266734
DEC_2965,decoy,COc1cccc2c1CC[C@H]1CN(CCn3c(=O)[nH]c4c(sc5cccc(C)c54)c3=O)C[C@@H]21,CHEMBL39037
DEC_4509,decoy,CCCc1cc(OC)nc2nc(C(=O)c3ccccc3)cn12,CHEMBL280399
DEC_0072,decoy,c1ccc(C2(c3ccccc3)OC[C@H]([C@@H]3CCCN3)O2)cc1,CHEMBL283825
DEC_3378,decoy,COC(=O)C1C2CCC(CC1c1ccc(/C=C\I)cc1)N2,CHEMBL428706
DEC_0080,decoy,CN1CCN2CC(c3ccc(N)cc3)c3ccccc3C2C1,CHEMBL6455
DEC_0726,decoy,CC(C)(C)/N=c1\c(O)c(O)\c1=N/c1ccc(C#N)cc1,CHEMBL279150
DEC_3688,decoy,CCCCC1=NC2(CCCC2)CC(=O)N1Cc1ccc(-c2ccccc2-c2nn[nH]n2)cc1,CHEMBL42200
DEC_3979,decoy,C=C1C=C2c3cccc4c3[C@@H](CN4)C[C@H]2N(C)C1,CHEMBL36980
DEC_1775,decoy,CCCn1c(=O)c2c(nc(/C=C/c3cc(F)cc(F)c3)n2C)n(CCC)c1=O,CHEMBL27260
DEC_3501,decoy,C[C@@H](/N=c1\c(O)c(O)\c1=N/c1ccc(C#N)cc1O)C(C)(C)C,CHEMBL19253
DEC_4573,decoy,CC12NC(C3CCCCC31)[C@H](O)c1ccccc12,CHEMBL9358
DEC_0647,decoy,O=C(OCCCc1c[nH]cn1)c1cccc(I)c1,CHEMBL20328
DEC_2488,decoy,C/C=C/C1=C(C(=O)O)N2C(=O)[C@@H](NC(=O)[C@H](N)c3ccc(O)cc3)[C@H]2SC1,CHEMBL276568
DEC_1861,decoy,CC[C@@]1(O)C(=O)OCc2c1cc1n(c2=O)Cc2cc3c4c(cc(CN5CCOCC5)c3nc2-1)OCCN4,CHEMBL290652
DEC_1804,decoy,CCOC(=O)CN1C(=O)[C@H](O)[C@H](c2ccc(OC)cc2)Sc2ccccc21,CHEMBL275579
DEC_2705,decoy,O=C(O)C1Cc2ccccc2N1C(=O)CC[C@@H](CCc1ccccc1)C(=O)O,CHEMBL279733
DEC_3675,decoy,O=C(NCCCCN1CCN(c2ccc(Cl)cc2)CC1)C12CC3CC(CC(C3)C1)C2,CHEMBL21119
DEC_3245,decoy,COc1cc(N)c(Cl)cc1C(=O)NC1CCCN2CCCCC2C1,CHEMBL15546
DEC_3737,decoy,O=C1c2ccccc2S(=O)(=O)N1CCCCN1CCC(c2ccc(Cl)cc2)C1,CHEMBL28946
DEC_2137,decoy,Cc1cccc(NC23CC4CC(CC(C4)C2)C3)n1,CHEMBL279076
DEC_3598,decoy,C[C@@H]1CN(CCc2ccc3c(c2)sc(=O)n3C)C[C@H](C)N1,CHEMBL15499
DEC_0082,decoy,CC(C)(O)CC(=O)c1cc(C(C)(C)C)c2c(c1)C(C)(C)CO2,CHEMBL14164
DEC_0447,decoy,CCOC(=O)Nc1cc2c(c(N)n1)N=C(CN(C)c1ccc(OC)cc1)CN2,CHEMBL9411
DEC_3955,decoy,CCc1nn(Cc2ccc(-c3ccccc3-c3nn[nH]n3)cc2)/c(=N/C(C)=O)s1,CHEMBL35475
DEC_2284,decoy,CCC(=O)N(c1cc(Cl)c(Cl)c(Cl)c1)C1CCCC1N(C)C,CHEMBL21984
DEC_3515,decoy,COc1cc(CC(C)N)c(OC)cc1Cl,CHEMBL8100
DEC_3584,decoy,CC(/N=c1\c(O)c(O)\c1=N/c1ccccc1C#N)C(C)(C)C,CHEMBL18680
DEC_2592,decoy,Fc1ccc2c([C@@H]3Nc4ccc(Cl)cc4[C@H]4OCC[C@H]43)c[nH]c2c1,CHEMBL282995
DEC_0888,decoy,CCSc1ccnc(C[S+]([O-])c2nc3ccccc3n2C(=O)Oc2ccccc2)c1C,CHEMBL276824
DEC_1313,decoy,COc1ccc(-c2c(-c3ccc(F)cc3)nc3n2CC[S+]3[O-])cc1,CHEMBL276356
DEC_0177,decoy,CC(C)OC1(C2=NCCN2)COc2ccccc2O1,CHEMBL429048
DEC_4359,decoy,CCC(=O)O/N=C1\COC2(CCN(C)CC2)C1,CHEMBL41461
ACT_067,active,Cc1cc(Nc2nc(N[C@@H](C)c3ccc(F)cn3)c(C#N)nc2C)n[nH]1,CHEMBL578201
DEC_0939,decoy,CC(C)(C)C(=O)Oc1ccc(S(=O)(=O)c2ccc(O)cc2)cc1,CHEMBL276827
DEC_1430,decoy,N=C(N)c1cccc(/C(=C\C(=O)Nc2ccc(-c3ccccc3S(N)(=O)=O)cc2)Cn2cnnn2)c1,CHEMBL36265
DEC_1485,decoy,S=C=Nc1ccc(-c2noc(C34CC5CC(CC(C5)C3)C4)n2)cc1,CHEMBL21431
DEC_2504,decoy,N=C(N)c1ccc(N2CCC3(CCN(CCC(=O)O)CC3)CC2)cc1,CHEMBL283563
DEC_2907,decoy,c1ccc2sc(C3(N4CCCCCC4)CCCC3)cc2c1,CHEMBL18025
DEC_3930,decoy,CCOc1cccc2c1C(=O)N(COC(=O)c1c(Cl)cccc1Cl)S2(=O)=O,CHEMBL11758
DEC_1500,decoy,Cc1nc(Cl)c(Sc2ccc(Cl)cc2)c(N2CCN(C)CC2)n1,CHEMBL14998
DEC_4569,decoy,S=C=Nc1ccc(-c2noc(C3CC3)n2)cc1,CHEMBL21517
DEC_2170,decoy,C=CC(=O)NC[C@H]1[C@H](N)[C@H](C(=O)O)CN1C(=O)N(CC)C(C)C,CHEMBL417455
DEC_4411,decoy,CC(C)(C)OC(=O)N[C@@H](Cc1ccccc1)[C@@H](O)C[C@@H](Cc1ccccc1)C(=O)N[C@H]1c2ccccc2C[C@H]1O,CHEMBL296115
DEC_3043,decoy,CCN(CC)CCNc1ccc2ncn3c4c(O)cccc4c(=O)c1c23,CHEMBL8373
DEC_2129,decoy,CN1C2(C)c3ccccc3C1(C)C1CCCCC12,CHEMBL269756
DEC_3384,decoy,C[C@@H](O)[C@H]1C(=O)N2C(C(=O)O)=C(S[C@@H]3CN[C@H](CSc4ccccc4)C3)[C@H](C)[C@H]12,CHEMBL277818
DEC_0178,decoy,CCOc1cccc(N2C(N)=NC(N)=NC2(C)C)c1,CHEMBL282677
DEC_1378,decoy,CCCCc1nn(CC)c(CO)c1Cc1ccc(-c2ccccc2-c2nn[nH]n2)cc1,CHEMBL280412
DEC_2045,decoy,CC1(C)C(=O)Nc2cc3[nH]c(S)nc3cc21,CHEMBL291138
DEC_0251,decoy,CCCCc1nc(Cl)c(Cc2nnn[nH]2)n1Cc1ccc(-c2nnn[nH]2)cc1,CHEMBL282283
DEC_2638,decoy,O=C(NO)[C@H]1CC[C@@H](O)CN1S(=O)(=O)c1ccc(OCc2ccccc2)cc1,CHEMBL29007
DEC_4390,decoy,CCOC(=O)N[C@@H](c1cccs1)[C@@H](O)C(=O)OC1CC2C(C)(C)C1(C)[C@@]13C[C@H](C)c4ccccc4[C@@]21O3,CHEMBL416029
DEC_4750,decoy,COc1cccc(-c2cc(Cl)ccc2C#CC(O)(c2ccc(C#N)cc2)c2cncn2C)c1,CHEMBL26068
DEC_1607,decoy,CCC(Cc1ccccc1)c1cc(O)c(C(CC)c2ccccc2)c(=O)o1,CHEMBL22164
DEC_2238,decoy,Cn1c(CCc2ccc(C(=N)N)cc2)nc2cc(N(CC(=O)O)S(=O)(=O)c3cccc4cccnc34)ccc21,CHEMBL417360
DEC_0886,decoy,C[C@@H]1CCC2[C@@H](C)[C@@H](OC(CCC(=O)O)c3ccc(Cl)cc3)O[C@@H]3OC4(C)CC[C@@H]1C23OO4,CHEMBL30501
DEC_1346,decoy,CCOP(=O)(OCC)c1coc(C[C@H](NC(=O)OC(C)(C)C)C(=O)O)c1,CHEMBL285622
DEC_2419,decoy,Cc1noc(NS(=O)(=O)c2cccc3c(N/C(S)=N/c4ccccc4)cccc23)c1C,CHEMBL27063
ACT_007,active,CSc1c[nH]c2ncnc(NCCCO)c12,CHEMBL2000114
DEC_3395,decoy,COc1cc2nc(N3CCN(C(=O)C4=CC5C=CC4CC5)CC3)nc(N)c2cc1OC,CHEMBL429379
DEC_1094,decoy,CCc1nc2ccc(OC3CCN(C(C)=N)CC3)cc2n1C/C=C/c1cccc(N)c1,CHEMBL24460
DEC_0489,decoy,CC(C)(C)[C@H]1CC[C@@H](N2CCC(c3ccccc3)CC2)[C@H](O)C1,CHEMBL21722
DEC_0891,decoy,COC(=O)CCc1nc(O)c2c(ccc3nc(Nc4c(Cl)cccc4Cl)n(C)c32)c1C,CHEMBL284677
DEC_2256,decoy,CC(C)(C)OC(=O)N[C@@H](Cc1ccccc1)[C@@H](O)CNCC(O)[C@@H](Cc1ccccc1)NC(=O)OC(C)(C)C,CHEMBL51021
DEC_2011,decoy,Nc1ncnc2c1ncn2C1CC=C(P(=O)(O)O)OC1CO,CHEMBL282420
DEC_2489,decoy,N[C@@H](C(=O)N[C@@H]1C(=O)N2C(C(=O)O)=C(C(F)(F)F)CC[C@H]12)c1ccccc1,CHEMBL429231
ACT_068,active,N#CC1=C(N)n2c(sc(=Cc3ccco3)c2=O)=C(C(N)=O)C1c1ccco1,CHEMBL1989805
DEC_2096,decoy,COc1cccc(-n2c(NNC(=O)Nc3cccc(C)c3)nc3ccccc3c2=O)c1,CHEMBL266376
DEC_4627,decoy,CC(=N)N1CC[C@H](Oc2ccc(C(Cc3cc4ccc(C(=N)N)cc4o3)C(=O)O)cc2)C1,CHEMBL277240
DEC_1948,decoy,CN1C(NC(=N)N)=NC(=O)/C1=C/c1cc(C(C)(C)C)c(O)c(C(C)(C)C)c1,CHEMBL15904
DEC_3179,decoy,CCOC(=O)c1c(C)cc2cnn(-c3cccc(C)c3)c(=O)c2c1C,CHEMBL284366
DEC_4572,decoy,S=C=Nc1ccc(-c2noc(CCl)n2)cc1,CHEMBL21700
DEC_1773,decoy,O=c1cc(COC2CCOCC2)occ1OC(=O)[C@]12C[C@H]3C[C@H](C[C@H](C3)C1)C2,CHEMBL268251
DEC_2452,decoy,O=C(Nc1nc2cc(Cl)ccc2o1)c1cc(Br)cc(Br)c1O,CHEMBL21532
DEC_3915,decoy,O=S(=O)(CS(=O)(=O)C(F)(F)F)c1ccc(SC(F)(F)C(F)F)cc1,CHEMBL12617
DEC_3214,decoy,CN1C(=O)C=C[C@]2(C)C3CC[C@@]4(C)C(CC[C@@]4(O)C#CCCO)C3CCC12,CHEMBL10177
DEC_0877,decoy,C[C@@H]1CCC2[C@@H](C)[C@@H](OC(CCC(=O)O)c3ccc(F)cc3)O[C@@H]3OC4(C)CC[C@@H]1C23OO4,CHEMBL416397
DEC_0096,decoy,c1ccc2c(c1)-c1ccccc1C21OC[C@H]([C@@H]2CCCCN2)O1,CHEMBL442107
DEC_4501,decoy,CN1C[C@@H](CCN2CCC2)Oc2ncc(Cl)cc2C1=S,CHEMBL25626
DEC_1134,decoy,Cc1nnc2n1-c1sc(-c3cc(O)[nH]n3)cc1C(c1ccccc1Cl)=NC2,CHEMBL32303
DEC_0874,decoy,O=c1c2c(oc(O)c1C(c1cccc(NS(=O)(=O)c3cccs3)c1)C1CC1)CCCCCC2,CHEMBL16245
DEC_3917,decoy,CCOC(=O)C[C@H]1CCCCC12OOC1(CCCC[C@H]1CC(=O)OCC)OO2,CHEMBL34205
DEC_0356,decoy,CCOC(=O)C(C(=O)OCC)=C(C)/C=C/C=C(C)/C=C/C1=C(C)CCCC1(C)C,CHEMBL14045
DEC_4198,decoy,CC1(C)C(=O)[C@]2(CS(=O)(=O)N3CCC4(C=Cc5ccccc54)CC3)CCC1C2(C)C,CHEMBL269624
DEC_2062,decoy,O=C(O)Cc1cc2c(c(C(=O)O)c1)NCCC2,CHEMBL37601
DEC_4077,decoy,COc1cc(Br)c(OC)c(CC(C)N)c1,CHEMBL16883
DEC_4065,decoy,CC(=O)O[C@H]1O[C@@H]2O[C@@H](OC(C)=O)[C@@H]3CC[C@H]([C@@H]1C)[C@H]23,CHEMBL11492
DEC_0513,decoy,N#Cc1cc(-c2ccoc2)c2ccc(OCc3cccc(C4(O)CC5COC(C4)O5)n3)cc2n1,CHEMBL22751
DEC_0784,decoy,CCc1c(C)noc1NS(=O)(=O)c1cccc2c(N(C)C)cccc12,CHEMBL285122
DEC_3081,decoy,c1ccc2c(NCCCN3CCCC3)nc(Nc3nccs3)nc2c1,CHEMBL285979
ACT_078,active,O=C1C(=NNc2cccc3c(=O)[nH][nH]c(=O)c23)C(c2ccccc2)=NN1c1ccccc1,CHEMBL1984274
DEC_0225,decoy,CC(C)c1cccc(C(C)C)c1OS(=O)(=O)NC(=O)OC12CC3CC(CC(C3)C1)C2,CHEMBL22836
DEC_4017,decoy,Cc1ccc(C(c2cc(C)ns2)N2CCN(C)CC2)cc1,CHEMBL22849
DEC_2421,decoy,CCOC(=O)Cc1c(C)nc(O)c2c1ccc1nc(Nc3c(Cl)cccc3Cl)n(C)c12,CHEMBL281271
DEC_1738,decoy,CO[C@H]1[C@H](O)[C@H]2[C@@H](O[C@@H]1CO)n1c3ccc(N)cc3c3c4c(c5c6cc(N)ccc6n2c5c31)C(=O)NC4=O,CHEMBL283655
DEC_2893,decoy,C=C1C(=O)c2ccccc2OC1c1ccc2ccccc2c1,CHEMBL10738
DEC_3841,decoy,CCOc1cc([C@]2(C#N)C[C@H]3C[C@@H](C(=O)O)C[C@H]3C2)ccc1OC,CHEMBL27500
DEC_4369,decoy,CCOC(=O)N[C@@H](c1ccsc1)[C@@H](O)C(=O)OC1CC2C(C)(C)C1(C)[C@@]13C[C@H](C)c4ccccc4[C@@]21O3,CHEMBL417488
DEC_2752,decoy,COc1cc(NCc2coc3nc(N)nc(N)c23)cc(OC)c1OC,CHEMBL16950
DEC_1836,decoy,O=C(CN1CCN(S(=O)(=O)c2cc3ccc(Cl)cc3s2)CC1=O)NCCc1ccccn1,CHEMBL299614
DEC_4665,decoy,CC(C)(C)/N=C(\NC#N)Nc1cccc(/C(=C\CCCCCC(=O)O)c2cccnc2)c1,CHEMBL21476
DEC_0057,decoy,C[C@]12CC[C@H]3[C@@H](CC=C4C[C@@H](O)CC[C@@]43C)[C@@H]1CC[C@@H]2O,CHEMBL440283
DEC_2930,decoy,CCCc1ccc2c(c1)sc(=O)n2CCN1CCCCC1,CHEMBL274699
DEC_0499,decoy,COc1cc(C#N)cc(-c2ccc3c(c2)C(C)(C)OC(S)=N3)c1,CHEMBL25292
DEC_1274,decoy,COc1ccc([C@@H]2Sc3ccccc3N(CCO)C[C@@H]2O)cc1,CHEMBL18348
DEC_4121,decoy,O=C1CCc2cc3c(c4c5ccc(O)cc5n1c24)CNCC3,CHEMBL539421
DEC_2828,decoy,OC(c1ccc(Cl)cc1)C(O)(Cn1cncn1)c1ccc(Cl)cc1Cl,CHEMBL10311
DEC_3744,decoy,COc1cccc2c1C1CN(CCn3c(=O)[nH]c4c(sc5ccccc54)c3=O)CC1CC2,CHEMBL434591
DEC_1206,decoy,CC(C)=CC[C@@H](OC(=O)C(C)C)C1=CC(=O)c2c(O)ccc(O)c2C1=O,CHEMBL9416
DEC_4067,decoy,CC1SCC(NC(=O)N(CCCl)N=O)CS1,CHEMBL266629
DEC_0820,decoy,CC(=O)OC1CCC2(C)C(CCC3C2CCC2(C)[C@H](C4=CC(=O)OC4)C(=O)CC32O)C1,CHEMBL6558
DEC_3686,decoy,CCN(CC)CCNc1ccc2ncn3c4c(OC)ccc(OC)c4c(=O)c1c23,CHEMBL8150
DEC_3546,decoy,O=C(O)Cc1ccccc1Oc1ccccc1,CHEMBL285319
DEC_3769,decoy,c1ccc2c(c1)Cn1c(cc3ccccc31)C(N1CCNCC1)=N2,CHEMBL273706
DEC_0866,decoy,CC(C)OC(=O)N1c2ccccc2C[C@H]1C(=O)N[C@H](C(=O)c1nnc(C(C)(C)C)o1)C(C)C,CHEMBL23100
DEC_1432,decoy,NS(=O)(=O)c1cc(NCCNCC(O)COc2cccc3c2SCC(=O)N3)ccc1Cl,CHEMBL43968
DEC_1957,decoy,O=C(N[C@@H]1C(=O)N(Cc2ccccc2)C[C@@H]1C(=O)O)c1cc2ccccc2[nH]1,CHEMBL279730
DEC_1524,decoy,CSc1sc(C(=N)N)cc1-c1nc(-c2ccccc2)c(C)s1,CHEMBL29268
DEC_0119,decoy,OC[C@@H]1C[C@@H]2CN3CCc4cc5c(cc4[C@@H]3C[C@@H]2C[C@@H]1O)OCO5,CHEMBL30114
DEC_3470,decoy,N=C(N)c1ccc(N2CCCN(c3ccc(C(=N)N)cc3)CC2)cc1,CHEMBL269032
DEC_0010,decoy,CCN(C)CC#CCCC1(C2(O)c3ccccc3Oc3ccccc32)SCCCS1,CHEMBL287758
DEC_3089,decoy,COc1ccc(SCc2cnc3nc(N)nc(N)c3c2C)cc1,CHEMBL23911
DEC_1748,decoy,Cc1cc(Br)cc(C(=O)NO)c1N(C)S(=O)(=O)c1ccc(OCC#CCO)cc1,CHEMBL18943
DEC_0810,decoy,C=C1/C=C(\C)[C@H](CC)OC(=O)[C@H](C)C(=O)[C@@](O)(CO)C/C(SC)=C/[C@@H](C)C1,CHEMBL32849
DEC_3219,decoy,c1cc(N2CCN(c3ccc(C4=NCCN4)cc3)CC2)ccc1C1=NCCN1,CHEMBL8892
DEC_4749,decoy,CO[C@@H]1[C@H](N(C)C)CC2O[C@]1(C)n1c3ccccc3c3c4c(c5c6ccccc6n2c5c31)C(=O)OC4,CHEMBL293750
DEC_0504,decoy,CC1O[C@H]2[C@H](C[C@H](OCC34C[C@@H]5[C@H](C)CC[C@H]5C5(C=O)CC3C=C(C(C)C)C45C(=O)O)O[C@@H]2C)O1,CHEMBL279691
DEC_3376,decoy,CCOC(=O)c1c(C)noc1NS(=O)(=O)c1cccc2c(N(C)C)cccc12,CHEMBL26206
DEC_4300,decoy,CC(O)c1ccc2oc3ccc(C(=O)O)cc3c(=O)c2c1,CHEMBL25328
DEC_1018,decoy,COc1cc2nc(N3CCN(c4nccc(N(C)C)n4)CC3)cc(N)c2cc1OC,CHEMBL8585
DEC_4491,decoy,CSc1cc(-c2cccs2)nc(NCCN(C)C)n1,CHEMBL21624
DEC_0244,decoy,O=S1O[C@H](c2ccc(Cl)cc2)[C@@](Cn2cncn2)(c2ccc(Cl)cc2Cl)O1,CHEMBL10200
DEC_2899,decoy,CC(=O)C[C@@]12CCC[C@H]1[C@@H]1CCC3=CC(=O)CC[C@@H]3[C@H]1CC2,CHEMBL15128
DEC_4646,decoy,C=CCOC(=O)N[C@H]1CC[C@](CNC(=O)c2ccccc2OC)(c2ccccc2)CC1,CHEMBL277598
DEC_2014,decoy,NS(=O)(=O)OCC(Cl)(Cl)Cl,CHEMBL23067
DEC_2814,decoy,CC(C)c1ccc(C(c2ccco2)c2ccc(C(C)C)cc(=O)c2O)c(O)c(=O)c1,CHEMBL276567
DEC_4051,decoy,BrCC12NC(Cc3ccccc31)c1ccccc12,CHEMBL10704
DEC_4260,decoy,C=C(C)c1cc2c3c(ccc2o1)[C@@H]1COc2cc(O)ccc2[C@@H]1O3,CHEMBL6900
DEC_1421,decoy,Nc1nc(N)c2nc(CN3CCSc4cc(C(=O)NC(CCCC(=O)O)C(=O)O)ccc43)cnc2n1,CHEMBL273608
DEC_4106,decoy,CCS(=O)(=O)Oc1ccc2c(C)c(C)c(=O)oc2c1,CHEMBL18504
DEC_2527,decoy,COc1ccc(OC)c2c1CC[C@@H]1NCCCC21,CHEMBL33405
DEC_0114,decoy,Nc1nc2c(cnn2Cc2ccc(F)cc2)c2nc(-c3ccco3)nn12,CHEMBL17302
DEC_3666,decoy,CC(C)C1=CC2CC3(C=O)[C@@H]4CC[C@@H](C)[C@H]4CC2(C(O)CCc2ccccc2)[C@]13C(=O)O,CHEMBL25652
DEC_4605,decoy,Oc1ccc2c(c1)C[C@@H]1c3ccc(O)cc3CC[C@H]21,CHEMBL23608
DEC_4068,decoy,O=P1(N(CCCl)CCCl)NC(O)CCO1,CHEMBL731
DEC_0718,decoy,C/N=C(/NC#N)NC1c2cc(C#N)ccc2OC(C)(C)[C@H]1O,CHEMBL265621
DEC_0564,decoy,CCCCc1nc2ccn(CC(=O)O)c(=O)c2n1Cc1ccc(-c2ccccc2-c2nn[nH]n2)cc1,CHEMBL42631
DEC_1615,decoy,C=C1C(=O)O[C@@H]2CC(C)=C([C@@H](C)CCCOC(C)=O)[C@H](O)[C@H]12,CHEMBL274543
DEC_2061,decoy,C=CCNC1Cc2cccc3nc(O)n(c23)C1,CHEMBL12041
DEC_4086,decoy,CC[C@]1(c2cccc(N)c2)OC[C@H]([C@@H]2CCCCN2)O1,CHEMBL284633
DEC_1465,decoy,CC1(C)OC[C@@H](C/C=C\CCC(=O)O)[C@@H](c2cncs2)O1,CHEMBL17797
DEC_1055,decoy,CCCc1cc2nc(O)nc-2c(O)n1Cc1ccc(-c2ccccc2-c2nn[nH]n2)cc1,CHEMBL27920
DEC_3040,decoy,COC(=O)CCc1c(O)nc(C(C)C)c2cc(OC)c(OC)cc12,CHEMBL417301
DEC_4578,decoy,CC[C@H]1[C@H]2Cc3ccc(O)cc3[C@]1(CC)CCN2,CHEMBL24175
DEC_4511,decoy,COC(=O)[C@@H]1C(=O)C=C(Nc2ccc(Cl)cc2)C[C@H]1C,CHEMBL29740
DEC_2979,decoy,CN(C(=O)CN1CCN(S(=O)(=O)c2cc3ccc(Cl)cc3s2)CC1=O)c1ccncc1,CHEMBL45839
DEC_1407,decoy,C[C@H]1C(S[C@@H]2CCO[C@@H]2CNC(=O)[C@H](N)Cc2ccccc2)=C(C(=O)O)N2C(=O)[C@H]([C@@H](C)O)C12,CHEMBL46863
DEC_4232,decoy,CCCC1CCNc2cc3nc(O)cc(C(F)(F)F)c3cc21,CHEMBL280865
DEC_1822,decoy,COC(=O)/C=C\C(=O)N(C)[C@H]1CCC2(O)C3Cc4ccc(O)c5c4C2(CCCN3CC2CC2)[C@H]1O5,CHEMBL289274
DEC_1168,decoy,Nc1nc(N)c2c(CCc3ccc4ccccc4c3)cccc2n1,CHEMBL7134
DEC_4081,decoy,CC(C)CN1C(=O)C2CC(c3ccc(N)cc3)(C2)C1=O,CHEMBL286506
DEC_4696,decoy,CCN(CCNC(=O)c1cc(Cl)c(N)cc1OC)Cc1ccccc1Cl,CHEMBL20621
DEC_0859,decoy,Cc1cc(C)c(NC(=O)c2sccc2S(=O)(=O)Nc2onc(C)c2Cl)c(C)c1CC#N,CHEMBL18626
DEC_3063,decoy,COc1cccc2c1CCC[C@H]2CN(C)CCc1ccc2nc(O)oc2c1,CHEMBL10115
DEC_1068,decoy,COc1ccc2c(c1O)-c1cccc3c1C(C2)N(CCOC(=O)NCCCl)CC3,CHEMBL7217
DEC_4377,decoy,C=C1C[C@@]23O[C@]2(c2ccccc21)C1CC(OC(=O)[C@H](O)[C@@H](NC(=O)OCC)c2ccc(O)cc2)C3(C)C1(C)C,CHEMBL32846
DEC_1720,decoy,CO[C@@]12[C@H](COC(N)=O)C3=C(C(=O)C(CSc4ccccc4Br)=C(N)C3=O)N1C[C@@H]1N[C@@H]12,CHEMBL50043
DEC_0873,decoy,CCOc1nc(Br)cnc1NS(=O)(=O)c1cccc2c(N(C)C)cccc12,CHEMBL6588
DEC_2848,decoy,CC1(C)N=C(N)N=C(N)N1c1cccc(OCc2ccc(Cl)c(Cl)c2)c1,CHEMBL269704
DEC_3538,decoy,COc1ccc2[nH]cc(C3=CCNCC3)c2c1,CHEMBL18785
DEC_1393,decoy,C#CCONC(=O)O[C@H]1[C@@H](O)[C@H](Oc2ccc3c(O)c(C(C)=O)c(=O)oc3c2C)OC(C)(C)[C@@H]1OC,CHEMBL44406
DEC_3280,decoy,CCCN(CCC)[C@@H]1Cc2cccc(O)c2C[C@@H]1C,CHEMBL15234
DEC_4094,decoy,Cc1ccc(C(c2ccns2)N2CCN(C)CC2)cc1,CHEMBL418563
DEC_4281,decoy,C[C@]12CC/C(=N\N=C(N)N)C=C1CC[C@@H]2/C=C/[N+](=O)[O-],CHEMBL285842
DEC_3499,decoy,OC[C@@]12C[C@@H]1[C@@H](n1cnc3c(NC4CCCC4)ncnc31)C[C@@H]2O,CHEMBL27502
DEC_0579,decoy,CCCCc1nc2cccc(CC(=O)OCC)c2n1Cc1ccc(-c2ccccc2-c2nn[nH]n2)cc1,CHEMBL300451
DEC_3058,decoy,CCOC(=O)c1nc2c(O)n(CC)nc(-c3ccccc3)c-2c1C,CHEMBL285457
DEC_4647,decoy,O=C1[C@@H](NS(=O)(=O)c2cc3ccc(Cl)cc3s2)CCN1CCNc1ccncc1,CHEMBL267196
DEC_0641,decoy,CC(=O)SC[C@@H](C)C(=O)N1C[C@@H](Cc2ccccc2)C[C@H]1C(=O)O,CHEMBL16190
DEC_0565,decoy,Cc1ccc(OC(C)(C)[C@H]2OC[C@@H](C/C=C\CCC(=O)O)[C@@H](c3cncs3)O2)c([N+](=O)[O-])c1,CHEMBL277167
DEC_0532,decoy,O=C1C2Oc3c(O)ccc4c3C23CCN(CC2CC2)C(C4)[C@]3(O)CC12Cc1cccc3cccc(c13)C2,CHEMBL48009
DEC_1444,decoy,CCCCCc1cc(O)c2c(c1)OC(C)(C)[C@@H]1CCC(C)[C@H](O)C21,CHEMBL10488
DEC_3336,decoy,COc1cccc2c1CCC[C@H]2CNCCc1ccc2c(c1)OCO2,CHEMBL9944
DEC_4566,decoy,C[C@@H]1CCCCC12OOC1(CCCC[C@@H]1C)OO2,CHEMBL278291
DEC_3118,decoy,CC1(C)O[C@@H]2[C@@H](CO[C@@]3(CCCOS(N)(=O)=O)OC(C)(C)O[C@@H]23)O1,CHEMBL287189
DEC_1280,decoy,c1ccc2c(c1)Cn1c(cc3ccccc31)C(N1CCOCC1)=N2,CHEMBL274601
DEC_3192,decoy,O=C(c1c(F)c(F)c(F)c(F)c1F)c1ccc2n1CCC2C(=O)O,CHEMBL9098
DEC_4244,decoy,CC(C)c1ccc2c(c1)CC[C@H]1[C@@H](CO)[C@@H](O)CC[C@]21C,CHEMBL12668
DEC_2946,decoy,Brc1cccc(SC2CN3CCC2CC3)c1,CHEMBL25587
DEC_2111,decoy,N#Cc1cccc(NC(=O)NC2CCCC(NC(=O)Nc3cccc(C#N)c3)C2)c1,CHEMBL13638
DEC_3813,decoy,O=C1Nc2ccccc2C(c2ccccc2F)=NC1c1ccsc1,CHEMBL21770
DEC_4529,decoy,COc1ccc2c(O)c(C(C)=O)c(=O)n(Cc3ccc(-c4ccccc4C(=O)O)cc3)c2c1,CHEMBL282352
DEC_4197,decoy,CCC(=O)C1C(c2ccc3cc(I)ccc3c2)CC2CCC1N2C,CHEMBL287945
DEC_0217,decoy,Cc1ccc(N(/C=N/c2ccn(C3CSC(CO)O3)c(=O)n2)c2ccc(C)cc2)cc1,CHEMBL18076
DEC_4254,decoy,Oc1ccc(C2=Cc3cc(O)ccc3C23Cc2ccccc2C3)cc1,CHEMBL281499
DEC_4457,decoy,N=C(N)NCCCC(NC(=O)C(c1ccc(Cl)cc1)c1ccc(Cl)cc1)C(=O)N[C@H]1CCc2ccccc21,CHEMBL435169
DEC_0828,decoy,C[C@@H]1CN(C(=O)N2Cc3c(C(=O)OC(C)(C)C)ncn3-c3ccccc32)C[C@H](C)N1,CHEMBL14716
DEC_0687,decoy,CC1(C)OC(S)=Nc2ccc(-c3cc(C#N)cc(OC(F)(F)F)c3)cc21,CHEMBL24689
DEC_1892,decoy,COC(=O)[C@H]1[C@H]2C[C@H]3c4[nH]c5ccccc5c4CCN3C[C@@H]2CC[C@@H]1O,CHEMBL31410
DEC_1300,decoy,CC(C)N1C(S)=NC(c2cccc(F)c2)c2cc3c(cc21)OCO3,CHEMBL13596
DEC_0778,decoy,CC(C)c1ccccc1Sc1c(O)cc(-c2cccc(O)c2)oc1=O,CHEMBL12408
DEC_3237,decoy,CC1Cc2ccccc2N1NC(=O)c1ccc(Cl)c(S(N)(=O)=O)c1,CHEMBL406
DEC_3913,decoy,N[C@@H](COCc1ccc(Br)cc1)Cc1c[nH]cn1,CHEMBL18685
DEC_3454,decoy,Brc1cccc(Br)c1N(C1=NCCN1)C1CCCC1,CHEMBL417459
ACT_075,active,Cc1c(Cl)c(N2CCC(CN)C2)nc2[nH]cc(C(=O)O)c(=O)c12,CHEMBL1999774
DEC_3115,decoy,CCC1(CC)O[C@@H]2[C@@H](CO[C@@]3(COS(N)(=O)=O)OC(C)(C)O[C@@H]23)O1,CHEMBL26417
DEC_1983,decoy,CC1OC(P(=O)(O)O)C=CC1n1ccc(N)nc1=O,CHEMBL283609
DEC_1635,decoy,S=C1c2[nH]cnc2N(Cc2ccc(Cl)cc2)C2=NCCN12,CHEMBL19235
DEC_3479,decoy,O=C1NC(=O)C2(CN(Cc3ccc(F)cc3)c3ccc(F)cc32)N1,CHEMBL281620
DEC_4194,decoy,O=C1O[C@H](c2ccc(Cl)cc2Cl)[C@@](Cn2cncn2)(c2ccccc2)O1,CHEMBL10447
DEC_0283,decoy,N[C@@H](CS)CN1CCN(C(=O)c2cccc3ccccc23)C[C@@H]1CCOC1CC1,CHEMBL27141
DEC_2057,decoy,OC1CCCCC1N1CCc2ccccc2C1,CHEMBL20709
DEC_2708,decoy,N[C@H](C(=O)N1CCC(F)(F)C1)[C@H]1CC[C@H](NC(=O)OCc2ccccc2)CC1,CHEMBL279944
DEC_3256,decoy,CC1=C(C(=O)OCC(F)(F)C(F)(F)F)C(c2ccccc2)NC(=O)N1,CHEMBL16411
DEC_4559,decoy,O=C(Cn1c(C2CCNCC2)nc2cc(Cl)c(Cl)cc21)N/N=C/c1cccc([N+](=O)[O-])c1,CHEMBL415998
DEC_3282,decoy,CNCCCC12CCC(c3ccccc31)c1ccccc12,CHEMBL21731
DEC_0424,decoy,O=C(/C=C/c1ccc(O)c(O)c1)OCCOC(=O)/C=C/c1ccc(O)c(O)c1,CHEMBL286477
DEC_3415,decoy,CN1C(=O)CC[C@]2(C)C3CC[C@@]4(C)C(CC[C@@]4(O)C#CCCCCl)C3CCC12,CHEMBL268748
DEC_3754,decoy,CN1CCN(CCCN2N=C3/C(=C/c4ccccc4)COCC3C2c2ccccc2)CC1,CHEMBL287223
DEC_1443,decoy,CCCCCc1cc(O)c2c(c1)OC(C)(C)[C@@H]1CC[C@H](C)C(O)C21,CHEMBL10406
DEC_2190,decoy,COc1cc(/C=C/c2nc3c(=O)n(C)c(=O)n(C)c3[nH]2)cc(OC)c1,CHEMBL25799
DEC_4507,decoy,CCCC(=O)C(O)(Cn1cncn1)c1ccccc1Cl,CHEMBL274097
DEC_3203,decoy,CC(/C=C/C(=O)C1=C(O)CN(C)C1=O)=C\C1CCc2ccccc2C1,CHEMBL10322
DEC_2804,decoy,CC(C)=CC[C@@H](OC(=O)C(c1ccccc1)c1ccccc1)C1=CC(=O)c2c(O)ccc(O)c2C1=O,CHEMBL9518
DEC_3992,decoy,O=C(O)c1c(O)c(Cl)cc(Cl)c1Cl,CHEMBL10381
DEC_0429,decoy,C[C@@H](NC(c1cccc2nc(O)c(O)nc12)P(=O)(O)O)c1ccccc1,CHEMBL273686
DEC_1506,decoy,CC(C)(C)c1cc(-c2nsc(NC#N)n2)cc(C(C)(C)C)c1O,CHEMBL17229
DEC_4363,decoy,CC1(C)N=C(N)N=C(N)N1c1cccc(C#N)c1,CHEMBL268914
DEC_3872,decoy,O=C(O)C(=O)CC(=O)c1ccc(-c2ccc(S)cc2)cc1,CHEMBL428525
DEC_2588,decoy,C=CCC1Oc2cccc(OC)c2-c2ccc3c(c21)C(C)=CC(C)(C)N3,CHEMBL266282
DEC_3104,decoy,COC(=O)c1cccc(Oc2ccc(NC[C@@H](N)CS)cc2)c1,CHEMBL26149
DEC_1333,decoy,O=C1C(c2ccccc2)=C(c2ccccc2)C(=O)C1c1ccccc1,CHEMBL283290
DEC_0480,decoy,CNCCSC1Cc2ccccc2Sc2ccc(F)cc21,CHEMBL15589
DEC_3768,decoy,CC1(C)OC(S)=Nc2ccc(-c3cc(C#N)cc(C#N)c3)cc21,CHEMBL429056
DEC_2287,decoy,CCOC(=O)c1c(C)cc2cnn(-c3cccc(OC)c3)c(=O)c2c1C,CHEMBL24448
DEC_0234,decoy,CC(C)NC(=O)N(C(=O)[C@H]1CCC2C3CCC4NC(=O)CC[C@]4(C)C3CC[C@@]21C)C(C)C,CHEMBL278860
DEC_3927,decoy,CO[C@]1(c2cnc(S(=O)(=O)c3ccc(/C(C)=N/O)cc3)s2)CCO[C@@H](C)C1,CHEMBL26882
DEC_0516,decoy,CCc1c2c(nc3cnc(CCCN(C)C)cc13)-c1cc3c(c(=O)n1C2)COC(=O)[C@]3(O)CC,CHEMBL275538
DEC_2369,decoy,CC1(C)OB(C(CCCCl)P(=O)(O)O)OC1(C)C,CHEMBL279438
DEC_3264,decoy,CC1CC(OCC(O)CNC(C)(C)C)CC(C)(C)C1,CHEMBL25929
DEC_2865,decoy,C[Si](C)(C)OC1(C#N)CCCCCCCCCC1,CHEMBL18921
DEC_0933,decoy,CC(C)N1C(S)=NC(c2ccc(F)cc2)c2cc3c(cc21)OCO3,CHEMBL274313
DEC_1064,decoy,C=C[C@@]1(C)CC[C@](C)(C(C)C)c2cc3c4c(c[nH]c4c21)C[C@@H](CO)NC(=O)[C@H](C(C)C)N3C,CHEMBL417692
DEC_1484,decoy,O=S(=O)(c1nc(-c2ccccc2)c(-c2ccccc2)[nH]1)C(F)F,CHEMBL17780
DEC_2679,decoy,CC1CCCC(C)C1OC(=O)[C@H](NC(=O)[C@@H](N)CC(=O)O)c1ccccc1,CHEMBL10129
DEC_2186,decoy,Cc1cn(C2CC(Br)C(CO)O2)c(=O)[nH]c1=O,CHEMBL279213
DEC_0288,decoy,COc1cccc(Oc2cccc(Cc3cn(COCCO)c(=O)[nH]c3=O)c2)c1,CHEMBL17974
DEC_3283,decoy,OCC/N=C(\S)Nc1c(Cl)cccc1Cl,CHEMBL31758
DEC_3346,decoy,COc1ccc(COC2CNCCC2c2ccc(Cl)cc2)cc1,CHEMBL413256
DEC_1271,decoy,c1ccc(C2(c3ccccc3)OCC(C3CCCCN3)CO2)cc1,CHEMBL28065
DEC_2552,decoy,O=C1Nc2ccccc2C12OCC(CCl)O2,CHEMBL266544
DEC_4082,decoy,CC(CS)C(=O)N(CC(=O)O)C1CCCCCC1,CHEMBL23841
DEC_3388,decoy,CC(C)S(=O)(=O)NCCCn1c2c(c3ccccc31)C(=O)CN1CCCCC21,CHEMBL33807
DEC_2349,decoy,CCC(OC(C)=O)c1nc2c(C(F)(F)F)cccc2c(O)c1C(=O)Nc1nccs1,CHEMBL284047
DEC_2681,decoy,C(=C\COc1ccc(C2=NCCN2)cc1)\COc1ccc(C2=NCCN2)cc1,CHEMBL280098
DEC_1286,decoy,COc1nnc(-c2cc(C(C)(C)C)c(O)c(C(C)(C)C)c2)s1,CHEMBL16881
DEC_1575,decoy,CC[C@H](C)C(=O)O[C@H]1C[C@@H](C)C=C2C=C[C@H](C)[C@H](CC[C@@H]3C[C@@H](O)CC(=O)O3)[C@H]21,CHEMBL503
DEC_1487,decoy,O=[N+]([O-])c1cc(/C=N/c2ccc(-c3ncon3)cc2)ccc1Cl,CHEMBL416004
DEC_3809,decoy,IC12NC(Cc3ccccc31)c1ccccc12,CHEMBL10668
DEC_1428,decoy,Cc1nc(N)ncc1CNC(=O)Cn1c(C)ccc(NS(=O)(=O)Cc2cccc3c2OCCO3)c1=O,CHEMBL19700
DEC_1391,decoy,Nc1nc2c(cnn2CCCc2ccc3c(c2)OC(C(=O)O)(C(=O)O)O3)c2nc(-c3ccco3)nn12,CHEMBL278996
DEC_0551,decoy,CC(=O)OCC/C(COC(C)=O)=C(\CC1(C)C(C)CCC2(C)C1CCCC2(O)CO)OC(C)=O,CHEMBL416628
DEC_2398,decoy,CCC(C)(C)/N=c1\c(O)c(O)\c1=N/Cc1ccc(C)cc1C,CHEMBL20101
DEC_2042,decoy,NS(=O)(=O)OC[C@@]12CCCC[C@@H]1CCC2,CHEMBL26301
DEC_3107,decoy,CC(=O)c1cc2c(s1)[C@@H](NC(=O)c1cccnc1)[C@H](O)C(C)(C)O2,CHEMBL285792
DEC_4686,decoy,CC(C)C/N=C(/NC(N)=O)Nc1cccc(/C(=C\CCCC(=O)O)c2cccnc2)c1,CHEMBL22363
DEC_3974,decoy,C[C@@H]1OC(=O)C[C@H]1C/C=C/[C@H]1CCCCN1C,CHEMBL22923
DEC_2799,decoy,CCCc1cc(O)c(-c2ccccc2)c(=O)n1Cc1ccc(-c2ccccc2-c2nn[nH]n2)cc1,CHEMBL22333
DEC_0915,decoy,C[C@@H](N)Cc1c2ccoc2c(Br)c2ccoc12.Cl,CHEMBL6706
DEC_4231,decoy,CC(C)CC1CCNc2cc3nc(O)cc(C(F)(F)F)c3cc21,CHEMBL282813
DEC_0607,decoy,Oc1ccc2c3c1O[C@H]1[C@@H](N=C=S)CCC4(O)C(C2)N(CC2CC2)CCC314,CHEMBL424402
DEC_2547,decoy,O=S1NC(CC2CCc3ccccc3C2)=NO1,CHEMBL17459
DEC_4191,decoy,Clc1ccc(C2(Cn3ccnc3)OCC(c3ccccc3Cl)O2)c(Cl)c1,CHEMBL280815
DEC_0246,decoy,O=C(OCCCc1ccc(F)cc1)[C@@H]1CCCN1/C(S)=N/C12C[C@H]3C[C@@H](C1)C[C@@H](C2)C3,CHEMBL285079
DEC_2826,decoy,Cc1cc(/N=C(\Nc2nccs2)NC2CCCCC2)c2ccccc2n1,CHEMBL276368
DEC_1307,decoy,CN(C)C(=O)N1Cc2c(C(=O)OC(C)(C)C)ncn2-c2ccccc21,CHEMBL14983
DEC_0324,decoy,CC(C)(C)NCC(O)COC(C1CC1)C1CC1,CHEMBL26607
DEC_1746,decoy,CNC(=O)[C@@H]1CCCCN(S(=O)(=O)c2ccccc2)CCC[C@H](C(=O)NO)[C@@H](CC(C)C)C(=O)N1,CHEMBL24761
DEC_0154,decoy,CCN(CC)CCS/C(=N/O)c1cnsn1,CHEMBL282271
DEC_4533,decoy,CC(=O)OC(C(=O)Oc1ccc2[nH]c(C(=O)c3cc4ccccc4[nH]3)cc2c1)c1ccccc1,CHEMBL7510
DEC_1954,decoy,NNc1[nH]ncc2c3cc(OCc4ccccc4)ccc3nc1-2.O=S(=O)(O)O,CHEMBL8309
DEC_1849,decoy,COC12[C@@H]3N[C@@H]3CN1C1=C(C(=O)C(N3CCC(N4CCCCC4)CC3)=C(C)C1=O)[C@@H]2COC(N)=O,CHEMBL33830
DEC_4450,decoy,O=C(N[C@@H](Cc1c[nH]c2ccccc12)C(=O)NCCc1c[nH]c2ccccc12)OCCc1c[nH]c2ccccc12,CHEMBL418299
DEC_1217,decoy,Cc1cc(Cl)cc(Cl)c1C/N=c1\c(O)c(O)\c1=N/C(C)C(C)(C)C,CHEMBL20830
DEC_0672,decoy,CC12CCC3c4ccc(OC(=O)c5ccccc5)cc4CCC3C1CCC2O,CHEMBL430289
DEC_2570,decoy,COc1cc(F)cc(-c2ccc3c(c2)C2(CCCCC2)C(S)=N3)c1,CHEMBL286029
DEC_2242,decoy,Cn1c(Cc2ccc(C(=N)N)cc2)nc2cc(N(CC(=O)O)S(=O)(=O)c3cccc4cccnc34)ccc21,CHEMBL46434
DEC_1743,decoy,COC(=O)[C@@]1(O)C[C@H]2O[C@]1(C)n1c3ccc(CO)cc3c3c4c(c5c6cc(CO)ccc6n2c5c31)C(=O)NC4,CHEMBL289772
DEC_0069,decoy,C#C[C@@H](O)C12CCCC1C1CCC3=CC(=O)CC[C@@H]3C1CC2,CHEMBL14506
DEC_3292,decoy,CCCN(CCC)C1CCc2cc(O)c(O)cc2C1,CHEMBL15887
DEC_4531,decoy,COC(=O)/C=C/c1nc(O)c2c(ccc3nc(Nc4c(Cl)cccc4Cl)n(C)c32)c1C,CHEMBL26016
DEC_2278,decoy,CCC1(c2ccc(Br)cc2)CN(C)Cc2sc(C)cc21,CHEMBL276343
DEC_1796,decoy,O=C1O[C@H](c2ccc(Cl)cc2)[C@@](Cn2cncn2)(c2ccc(Cl)cc2)O1,CHEMBL10531
DEC_1475,decoy,CCCc1cc2c(cc1O)C(C)(C)C(CCSc1ccccn1)O2,CHEMBL24633
DEC_1977,decoy,Nc1nc(Cl)c2nnn(C3CC(O)C(CO)C3)c2n1,CHEMBL280564
DEC_2334,decoy,Cc1ccc2c(O)c(-c3ccccc3)c(=O)n(Cc3ccc(-c4ccccc4-c4nn[nH]n4)cc3)c2n1,CHEMBL27511
DEC_4427,decoy,CCc1nc2c(N(C)C)c(OC3CCN(C(C)=N)CC3)ccc2n1Cc1ccc2ccc(C(=N)N)cc2c1,CHEMBL24012
DEC_3530,decoy,C=CCN1CC[C@@H]2c3cccc(O)c3CC[C@H]21,CHEMBL25483
DEC_4132,decoy,Nc1cnc(-c2cc(Cl)cc(Cl)c2Cl)c(N)n1,CHEMBL29919
DEC_0215,decoy,CSc1ccc2c(c1)C(c1ccccc1)=NCc1nnc(C(CN(C)C)c3ccccc3)n1-2,CHEMBL16241
DEC_1076,decoy,CC1(C)CC(C)(C)c2cc(N/C(S)=N/c3ccc(S(N)(=O)=O)cc3)ccc2S1,CHEMBL6524
DEC_4052,decoy,CCOc1nc2nc(C(=O)c3ccccc3)cn2c2c1CCCC2,CHEMBL21144
DEC_0134,decoy,CC1(C)N=C(N)N=C(N)N1c1ccccc1I,CHEMBL283965
DEC_0055,decoy,C=C(Br)COc1noc2c1CNCC2.Cl,CHEMBL6807
DEC_3373,decoy,O=c1nc(/N=C/N(c2ccc(F)cc2)c2ccc(F)cc2)ccn1C1CSC(CO)O1,CHEMBL18676
DEC_1792,decoy,CC(C)CN(C=O)[C@H]1CCC2C3CC[C@H]4N(C)C(=O)CC[C@]4(C)C3CC[C@@]21C,CHEMBL16690
DEC_1172,decoy,CC(C)(C)c1cc(-c2nnc(S)n2N)cc(C(C)(C)C)c1O,CHEMBL273956
DEC_0204,decoy,CN1C(=O)CC[C@]2(C)C3CC[C@@]4(C)C(CC[C@@H]4N(C=O)CCC(C)(C)C)C3CC[C@@H]12,CHEMBL16863
DEC_3267,decoy,O=NN(CCCl)C(=O)NC1C2CC3CC(C2)CC1C3,CHEMBL12424
DEC_1342,decoy,CCCC1=C(C(=O)OCc2ccc(C(=O)OC)cc2)C(c2cccc(C)c2)NC(=O)N1,CHEMBL15820
DEC_0131,decoy,CC1CCC(/C=N/c2ccccc2O)=C2NC=C(C(=O)O)C(=O)N21,CHEMBL25381
DEC_4328,decoy,[O-]c1n[n+](-c2c(Cl)cccc2Cl)no1,CHEMBL37528
DEC_1026,decoy,COc1c(CC(NC(=O)OC(C)(C)C)C(=O)O)cc([N+](=O)[O-])cc1[N+](=O)[O-],CHEMBL8341
DEC_1141,decoy,CNc1nnc(-c2cc(C(C)(C)C)c(O)c(C(C)(C)C)c2)s1,CHEMBL279755
DEC_2487,decoy,Cc1nc(N)ccc1CNC(=O)Cn1c(C)cc2c(c1=O)NC(=O)CC2,CHEMBL273861
DEC_3941,decoy,CC(C)(C)C(=O)Oc1ccccc1C(=O)OCc1cc(=O)c(OC(=O)C(C)(C)C)co1,CHEMBL10008
DEC_4271,decoy,CCc1cccc2c(=O)c3cccc(CC(=O)O)c3oc12,CHEMBL28025
DEC_0180,decoy,O=C(O)[C@H]1CSC(c2ccc(O)cc2O)=N1,CHEMBL11300
DEC_1702,decoy,CC[C@]1(c2ccc(O)cc2)OC[C@H]([C@@H]2CCCCN2)O1,CHEMBL27595
DEC_0519,decoy,COc1ccccc1CC(=O)N1C[C@H]2[C@@]3(c4ccccc4)CC[C@H](c4ccccc43)[C@@]2(C(=O)NN)C1,CHEMBL50892
DEC_1195,decoy,CC(C)(C)c1cc(-c2nnc(SCCC(=O)O)s2)cc(C(C)(C)C)c1O,CHEMBL16753
DEC_4353,decoy,O=CN(O)CC1Sc2ccccc2NC1=O,CHEMBL285938
DEC_4420,decoy,CCc1nc2c([N+](=O)[O-])c(OC3CCN(C(C)=N)CC3)ccc2n1Cc1ccc2ccc(C(=N)N)cc2c1,CHEMBL25073
DEC_2459,decoy,N=C(c1ccc(NC(=O)c2nnnn2-c2cc3ccccc3cc2F)c(F)c1)N1CCCC1,CHEMBL282945
DEC_3500,decoy,CC(C)COc1ccccc1-c1ncc(-c2nn[nH]n2)c(O)n1,CHEMBL279347
DEC_2534,decoy,Cc1c(C)c2c(c(C)c1O)CCC(C)(C(=O)O)O2,CHEMBL153
DEC_3426,decoy,CCCc1cc(=O)oc2c3c(c4c(c12)OC(C)(C)C=C4)O[C@H](C(C)C)[C@H](C)[C@@H]3O,CHEMBL6883
DEC_2690,decoy,CC(c1ccccc1)C(CSC(=O)c1ccccc1)C(=O)N[C@@H](C)C(=O)O,CHEMBL11412
DEC_1739,decoy,C=CCNC(=O)[C@@H]1CSCc2c(O)cc(OC)c(C)c2C(=O)OC[C@H](NC(=O)OC(C)(C)C)C(=O)N1,CHEMBL36859
DEC_3575,decoy,O=S(=O)(CS(=O)(=O)C(F)(F)F)c1ccc(F)cc1,CHEMBL12410
DEC_4606,decoy,c1csc([C@@H]2CN3CCC[C@H]3c3ccsc32)c1,CHEMBL286135
DEC_2210,decoy,COC(=O)/C=C/CC1C(=O)N2[C@@H](C(=O)O)C(C)(C)S(=O)(=O)[C@H]12,CHEMBL6309
DEC_4676,decoy,CC[C@H](NC(=O)C(CSC(=O)c1ccccc1)C(C)c1ccccc1)C(=O)O,CHEMBL11726
DEC_1801,decoy,COc1cccc2c1CCC[C@H]2CN(C)CCc1ccc2c(c1)COC2,CHEMBL269171
DEC_1924,decoy,CCC(C)c1ccc2c(c1)-c1oc(C(=O)O)cc(=O)c1CS2.NCCO,CHEMBL28840
DEC_2473,decoy,C=CCOc1ccc(/C=C(\C)C(=O)N[C@@H]2[C@H](O)[C@@H](O)CC[C@@H]2O)cc1O,CHEMBL266810
DEC_3066,decoy,CO[C@H]1c2ccc(O)cc2OC[C@H]1N1CCC(O)(c2ccc(F)cc2)CC1,CHEMBL17933
DEC_0626,decoy,C=CCc1cc(CCC(=O)OCC)ccc1C#CC1(O)CN2CCC1CC2,CHEMBL24362
DEC_3543,decoy,NC1=NC(c2cccs2)Cc2ccccc21,CHEMBL8065
DEC_2585,decoy,CCSc1nnc(-c2cc(C(C)(C)C)c(O)c(C(C)(C)C)c2)s1,CHEMBL279801
DEC_3010,decoy,C[C@@H]1CN(C(=O)N2Cc3c(C(=O)OC(C)(C)C)ncn3-c3ccc(Cl)cc32)C[C@H](C)N1C,CHEMBL276143
DEC_4704,decoy,CSc1nc(COC(=O)NC(C)C)c(COC(=O)NC(C)C)n1Cc1ccccc1,CHEMBL22254
DEC_0527,decoy,C[C@]12CCC(=O)C=C1CCC1C2=CC[C@@]2(C)C1CC[C@]2(O)C(=O)CN1CCN(c2ccccn2)CC1,CHEMBL264092
DEC_2368,decoy,N[P@]1(Cl)=NP(N2CC2)(N2CC2)=N[P@](N)(Cl)=N1,CHEMBL281247
DEC_0611,decoy,CCC[C@H]1C[C@H](NCC)c2cc(S(N)(=O)=O)sc2S1(=O)=O,CHEMBL273599
DEC_0709,decoy,CCOC(=O)/C=C/C1=CC(=O)c2c(O)ccc(O)c2C1=O,CHEMBL17006
DEC_0949,decoy,CCCc1cc(=O)oc2c3c(c4c(c12)OC(C)(C)C=C4)O[C@H](C)[C@@H](C)[C@H]3O,CHEMBL7121
DEC_0500,decoy,C#C[C@]1(O)CCC(C2CCc3cc(OC)ccc3C2)C1(C)C,CHEMBL23683
DEC_0322,decoy,C[C@H]1C[C@@H](C(=O)O)N(C(=O)[C@H](C)CS)C1,CHEMBL279763
DEC_3456,decoy,O=S(=O)(CCC(F)(F)F)c1nc(-c2ccccc2)c(-c2ccccc2)[nH]1,CHEMBL17650
DEC_4030,decoy,Nc1nc(-c2ccccc2)c2ncn(Cc3ccccc3)c2n1,CHEMBL417456
DEC_2544,decoy,NC1=NC(c2ccccc2)Cc2sccc21,CHEMBL416696
DEC_2880,decoy,Cc1ccc(/C=C2\c3ncc(C)cc3CCC2(C)C)cc1,CHEMBL35472
DEC_1339,decoy,CC1(CCCCC(=O)O)c2ccccc2-c2nc(O)c3nc(C(=O)O)cn3c21,CHEMBL19194
DEC_1332,decoy,Cc1c(C)c2ccc(OS(=O)(=O)c3ccccc3)cc2oc1=O,CHEMBL18978
DEC_3080,decoy,CCOc1ccc(/N=C/C2=C3NC=C(C(=O)O)C(=O)N3C(C)CC2)cc1,CHEMBL279435
DEC_4556,decoy,COc1cccc(/C=N/NC(=O)Cn2c(C3CCNCC3)nc3cc(Cl)c(Cl)cc32)c1,CHEMBL20096
DEC_1989,decoy,Nc1nc(O)c2ncn([C@@H]3C(F)[C@H](CO)C3CO)c2n1,CHEMBL280393
DEC_4481,decoy,O=C(NCCCCCn1cncn1)c1ccc(Cl)s1,CHEMBL274776
DEC_0368,decoy,CCC(CC)N(C=O)[C@H]1CCC2C3CC[C@H]4N(C)C(=O)CC[C@]4(C)C3CC[C@@]21C,CHEMBL16533
DEC_3221,decoy,CC1(C)Oc2ccc(C#N)cc2[C@H](NC(=O)c2ccc(F)cc2)[C@H]1O,CHEMBL16515
DEC_1991,decoy,CC(=O)N[C@H]1[C@H](N2CCCCC2)C=C(C(=O)O)C[C@@H]1N,CHEMBL23009
DEC_0213,decoy,CN1CCN(CCCN2N=C3/C(=C/c4ccccc4)CSCC3C2c2ccccc2)CC1,CHEMBL416416
DEC_0589,decoy,CCCCC1Nc2ccc(C(=O)OC)cc2C(=O)N1Cc1ccc(-c2ccccc2-c2nn[nH]n2)cc1,CHEMBL15320
DEC_3092,decoy,Nc1nc(N)c2c(CNc3ccccc3-c3ccccc3)coc2n1,CHEMBL23960
DEC_1265,decoy,O=C1O[C@H](c2ccccc2)[C@@](Cn2cncn2)(c2ccccc2Cl)O1,CHEMBL273259
DEC_3371,decoy,O=C1CN2CCCCC2c2c1c1ccccc1n2CCCNS(=O)(=O)c1cccs1,CHEMBL418223
DEC_4308,decoy,Cc1c(Cl)nc(N2CCN(C)CC2)nc1NC(C)C,CHEMBL31957
DEC_3382,decoy,CC(C)(C)NC(=O)c1coc(C2C3CCC(O3)C2Cc2ccccc2CCC(=O)O)n1,CHEMBL287421
DEC_1171,decoy,CC(C)(C)c1cc(-c2nnc(N)s2)cc(C(C)(C)C)c1O,CHEMBL417073
DEC_3619,decoy,O=C(O)Cc1nn(Cc2nc3cc(C(F)(F)F)c(O)cc3s2)c(=O)c2ccccc12,CHEMBL20884
DEC_0223,decoy,CN1C(=O)CC[C@]2(C)C3CC[C@@]4(C)C(CC[C@@H]4N(C=O)C4CCCCC4)C3CC[C@@H]12,CHEMBL16927
DEC_2047,decoy,O=C1NC2(c3ccccc3)CCCCN1C2=O,CHEMBL38675
DEC_3914,decoy,CC(C)(C)C1CS(=O)(=O)C(c2c(F)c(F)c(N=[N+]=[N-])c(F)c2F)S(=O)(=O)C1,CHEMBL31286
DEC_2313,decoy,C[C@]12CCC(=O)C=C1C(=O)CC1C2CC[C@@]2(C)C1CC[C@@H]2OC1CC1,CHEMBL267358
DEC_1685,decoy,Brc1noc(C2CN3CCC2CC3)n1,CHEMBL274687
DEC_0897,decoy,O=C1C(O)=C(C(C2=C(O)C(=O)c3ccccc3C2=O)c2ccc(Cl)cc2)C(=O)c2ccccc21,CHEMBL287689
DEC_0334,decoy,CCc1ccc(OC(C)C(O)CNC(C)C)cc1,CHEMBL19680
DEC_1689,decoy,CN(C)Cc1ccc2n1-c1ccccc1SC2,CHEMBL287054
DEC_3908,decoy,CC(/C=C/C(=O)NO)=C\C(C)C(=O)c1ccc(N(C)C)cc1,CHEMBL26159
DEC_3377,decoy,COc1ccc(C23OCC24C(CO)C4Cc2cc(OC)c(OC)cc23)cc1OC,CHEMBL18612
DEC_2725,decoy,C/N=C(\NC#N)NCCSCCn1nc(-c2ccccc2)ccc1=O,CHEMBL416163
DEC_1785,decoy,CC1(C)C(=O)N(c2ccc(C#N)c(C(F)(F)F)c2)C(=O)N1CCCCF,CHEMBL9328
DEC_2432,decoy,Cc1cc(C(=O)Nc2ccc(N3CCNCCC3=O)cc2)n(-c2ccc3cc(Cl)ccc3c2)n1,CHEMBL20413
DEC_0604,decoy,Cc1cc(Br)cc(C)c1C/N=c1\c(O)c(O)\c1=N/C(C)(C)C,CHEMBL19398
DEC_1231,decoy,C=C(C)CN(C1=NCCN1)c1c(Br)cccc1Br,CHEMBL283961
ACT_086,active,Cc1nn(C)c2c1c(=O)c1cc(Cl)ccc1n2OCC(C)C,CHEMBL1977814
DEC_1560,decoy,Oc1ccc2c(c1)OC(c1ccc(OCCN3CCOCC3)cc1)c1c-2sc2cc(O)ccc12,CHEMBL24168
DEC_3545,decoy,O=C(c1ccc2c(c1)CNCC2)C(F)(F)F,CHEMBL28390
DEC_3157,decoy,NCc1ccn(-c2cc3c(cc2[N+](=O)[O-])[nH]c(=O)c(=O)n3CC(=O)O)c1,CHEMBL12465
DEC_1611,decoy,Cc1cc(C)c(NC(=O)c2c(C)n(-c3c(C)cc(C)cc3C)c(C)cc2=O)c(C)c1,CHEMBL434964
DEC_2523,decoy,c1ccc2c(c1)CCC1N=C3SCCN3C21,CHEMBL286288
DEC_4117,decoy,CC1(C)C(=O)Nc2cc3[nH]c(-c4cc[n+]([O-])cc4)nc3cc21,CHEMBL24308
DEC_1557,decoy,COc1cc([C@@H]2c3cc4c(cc3[C@@H](Oc3ccc(O)cc3)[C@H]3COC(=O)[C@H]23)OCO4)cc(OC)c1O,CHEMBL418771
DEC_2249,decoy,COc1cccc(OC)c1-c1ccc(C[C@H](/N=C(\NO)[C@@H]2CCN2S(=O)(=O)c2ccccc2)C(=O)O)cc1,CHEMBL309088
DEC_1659,decoy,CS(=O)(=O)c1ccc(C2=C(Oc3ccccc3)C(=O)CC2)cc1,CHEMBL23649
DEC_2259,decoy,COc1ccc(Cl)cc1C(=O)NCCc1ccc(OC)c(S(=O)(=O)NC(=O)NC2CCCCC2)c1,CHEMBL12334
DEC_4018,decoy,Cc1ccc2c(c1)CC(=O)c1cc(C(C)C(=O)O)ccc1O2,CHEMBL10634
DEC_0219,decoy,CC(C)N(C(=O)[C@H]1CCC2C3CCC4C=C(C(=O)O)C=C[C@]4(C)C3CC[C@@]21C)C(C)C,CHEMBL27862
DEC_1784,decoy,COc1ccc2c3c1OC1C(=O)[C@@H](C)[C@H](C)C4C(C2)N(CC2CCC2)CCC314,CHEMBL284568
DEC_4467,decoy,C1CCN(CCN2CCN(CCN3CCCCC3)CC2)CC1,CHEMBL10651
DEC_1687,decoy,CC1(C)C(=O)C2=C(OO[C@]3(C)CO[C@H]23)C(C)(C)C1=O,CHEMBL284231
DEC_0074,decoy,CNS(=O)(=O)c1cc2c(N=O)c(O)[nH]c2c2c1CCCC2,CHEMBL10182
DEC_2940,decoy,CNC(C)Cc1cc(OC)c(I)cc1OC,CHEMBL10968
DEC_1527,decoy,CCc1cc2c(s1)Nc1ccc(F)cc1N=C2N1CCN(C)C(C)C1,CHEMBL276095
DEC_4412,decoy,C[C@H](NC(=O)[C@](Cc1c[nH]c2ccccc12)(CN(C)C)NC(=O)OCc1cc2ccccc2o1)c1ccccc1,CHEMBL539928
DEC_4394,decoy,CCNC(=O)N[C@@H](c1ccccc1)[C@@H](O)C(=O)OC1CC2C(C)(C)C1(C)[C@@]13C[C@H](C)c4ccccc4[C@@]21O3,CHEMBL286608
DEC_2637,decoy,CCCC[C@]1(CO)CC2C3Cc4ccc(OC)c5c4C2(CCN3C)C(O5)[C@@H]1O,CHEMBL276886
DEC_2189,decoy,NS(=O)(=O)Oc1ccc(I)cc1,CHEMBL24120
DEC_3977,decoy,CCOC(=O)N1CCC2(CC1)CC(=O)C(C)O2,CHEMBL40045
DEC_3694,decoy,O=C(O)C(CCCCn1cnc2c1NC=NCC2O)Cc1ccc(Br)cc1,CHEMBL289052
DEC_4451,decoy,O=C(O)[C@@H](Cc1c[nH]c2ccccc12)NS(=O)(=O)c1ccc(C#Cc2ccc(Oc3ccccc3)cc2)s1,CHEMBL296817
DEC_2082,decoy,N=C(N)c1cc(/C=C\C(=O)Nc2ccc(-c3ccccc3S(N)(=O)=O)cc2)ccc1F,CHEMBL36882
DEC_4348,decoy,Nc1nc2n[nH]cc2c2nc(-c3ccco3)nn12,CHEMBL276738
DEC_0430,decoy,C[C@H](NC(c1cccc2nc(O)c(O)nc12)P(=O)(O)O)c1ccccc1,CHEMBL268920
DEC_3566,decoy,CC1(N2C(=O)c3c(F)c(F)c(F)c(F)c3C2=O)CCC(=O)NC1=O,CHEMBL11282
DEC_4731,decoy,Cc1nnc2n1-c1ccc(C#CCN3C(=O)CSc4ccccc43)cc1C(c1ccccc1F)=NC2,CHEMBL277618
DEC_4590,decoy,C=C1C(=O)c2ccccc2OC1c1ccc(C#N)cc1,CHEMBL11314
DEC_1938,decoy,N[C@@H](C(=O)N[C@@H]1C(=O)N2C(C(=O)O)=C(C(F)(F)F)CC[C@H]12)c1cccc(F)c1,CHEMBL25041
DEC_4372,decoy,CCOC(=O)N[C@@H](c1ccoc1)[C@@H](O)C(=O)OC1CC2C(C)(C)C1(C)[C@@]13C[C@H](C)c4ccccc4[C@@]21O3,CHEMBL286209
DEC_0392,decoy,CCC(OC)(c1cccc(OCc2ccc3ccccc3c2)c1)c1cscn1,CHEMBL20905
DEC_3505,decoy,O=C(O)c1cn2c3c(nc(O)c2n1)-c1ccccc1C3N1CC=CC1=O,CHEMBL19955
DEC_1086,decoy,CCOC(=O)c1cc(-c2cc(O)c(Sc3ccccc3C(C)C)c(=O)o2)ccc1O,CHEMBL13036
DEC_0947,decoy,C[C@@H]1SC2=NC3c4ccccc4CCC3N2[C@@]1(O)c1ccccc1,CHEMBL28732
DEC_3031,decoy,CNc1cccc2c(S(=O)(=O)Nc3onc(C)c3C)cccc12,CHEMBL27370
DEC_4184,decoy,COc1ccc2c(c1)CCC=C2CCCN1CCN(c2cccc(Cl)c2)CC1,CHEMBL8524
DEC_3249,decoy,CC1CCC(/C=N/c2ccc(C(F)(F)F)cc2)=C2NC=C(C(=O)O)C(=O)N21,CHEMBL22752
DEC_0766,decoy,CC(C)c1ccccc1Sc1c(O)cc(-c2cccc(N(C)C)c2)oc1=O,CHEMBL12884
DEC_1135,decoy,CC(C)(C)c1cc(-c2nnc(O)s2)cc(C(C)(C)C)c1O,CHEMBL16827
DEC_4729,decoy,N#Cc1ccc2cc1Oc1ccc3cccc(c3c1)NC(=O)[C@@H](Cc1cccnc1)NCc1cncn1C2,CHEMBL52859
ACT_032,active,CC(=O)Nc1ccc(C(C)C(=O)Nc2ncc(C(C)C)s2)cc1,CHEMBL2143507
DEC_0125,decoy,O=C1CC[C@@]2(O)C3Cc4ccc(O)c5c4C2(CCN3CC2CC2)[C@H]1O5,CHEMBL20799
DEC_2355,decoy,Cc1cc(C(=O)Nc2ccc(-c3ccccc3S(N)(=O)=O)cc2)n(-c2ccc3ccccc3c2)n1,CHEMBL47250
DEC_1519,decoy,COc1ccc2c(nc(Nc3c(C)cccc3C)c3cncn32)c1OC,CHEMBL281035
DEC_0804,decoy,C=CC(=O)N[C@@H]1CCC2(O)C3Cc4ccc(O)c5c4C2(CCN3CC2CC2)[C@H]1O5,CHEMBL21879
DEC_0087,decoy,CN1Cc2sc(N)cc2C(c2ccc(Br)cc2)C1,CHEMBL16208
DEC_1164,decoy,Oc1ccc2c(c1O)-c1cccc3c1[C@@H](C2)N(CCCl)CC3,CHEMBL283871
DEC_4716,decoy,CN1C(=O)CC[C@]2(C)C3CC[C@@]4(C)C(CC[C@@H]4C(=O)N(C(=O)NC(C)(C)C)C(C)(C)C)C3CCC12,CHEMBL25282
DEC_2059,decoy,CCN1CCOC2c3c(O)cccc3CC[C@H]21,CHEMBL43930
DEC_4097,decoy,O=[N+]([O-])c1ccc(/C=N\c2ccc(-c3ncon3)cc2)o1,CHEMBL282009
DEC_2330,decoy,CC(C)c1ccc2c(c1)CC=C(c1ccccc1)C(N1CCN(C)CC1)=N2.O=C(O)/C=C/C(=O)O,CHEMBL275361
DEC_4546,decoy,CCS(=O)(=O)Nc1cccc(C(c2c(O)c3c(oc2=O)CCCCCC3)C2CC2)c1,CHEMBL16084
DEC_2678,decoy,CC1(C)C=C(C(=O)NCCCNC(=O)CSc2ccccc2)C(C)(C)N1,CHEMBL277072
DEC_1061,decoy,Cc1nc(O)c2c(ccc3nc(Nc4c(Cl)cccc4Cl)n(C)c32)c1CCO,CHEMBL27079
DEC_0355,decoy,COOC1(OOCCCI)CCCCCCCCCCC1,CHEMBL281925
DEC_1661,decoy,Cc1ccccc1C(c1c(C)noc1C)N1CCN(C)CC1,CHEMBL277220
DEC_3796,decoy,CC(=O)N[C@H]1c2cccc3c2-c2c1ccc1c2[C@@H](C3)N(C)CC1,CHEMBL27247
DEC_0367,decoy,CC(C)CCCN(C)[C@H]1CCC2C3CC=C4C[C@@H](O)CCC4(C)C3CCC21C,CHEMBL8490
DEC_1999,decoy,CNS(=O)(=O)c1ccc(Cl)cc1C1NC(=O)NC1=O,CHEMBL19744
DEC_2993,decoy,Cc1ccc2c(c1Cl)CN(S(=O)(=O)NS(=O)(=O)N1CCc3ccc(C)c(Cl)c3C1)CC2,CHEMBL280915
DEC_0783,decoy,CO/C(O)=C1\C(C)=NC(C)=C([N+](=O)[O-])[C@H]1c1ccccc1C(F)(F)F,CHEMBL283013
DEC_1019,decoy,COc1cc2nc(N3CCN[C@H](C(=O)NC(C)(C)C)C3)nc(N)c2cc1OC,CHEMBL19376
DEC_1597,decoy,CCc1nc2c(C)cc(C)nc2n1Cc1ccc(-c2ccoc2-c2nn[nH]n2)cc1,CHEMBL14229
DEC_3883,decoy,CC(CS)C(=O)N(CC(=O)O)C1Cc2ccccc2C1,CHEMBL278348
DEC_3600,decoy,NS(=O)(=O)Oc1ccc2c3c(c(=O)oc2c1)CCCCC3,CHEMBL286738
DEC_4158,decoy,Oc1nc2cc(-n3cccc3)c(C(F)(F)F)cc2nc1O,CHEMBL12820
DEC_1637,decoy,CCCOC(=O)c1ncn2c1CN(C)C(=O)c1sccc1-2,CHEMBL268626
DEC_2612,decoy,CN1CCc2cc(Cl)c(O)cc2C(c2cccc(Br)c2)C1,CHEMBL13632
DEC_1715,decoy,OC1O[C@H](CO/N=C2\CCc3cc(Sc4cc(F)cc(C5CCOCC5)c4)ccc32)[C@H](O)[C@H](O)[C@H]1O,CHEMBL279240
DEC_1015,decoy,COc1cc(NCc2ccc3nc(N)nc(N)c3c2C)cc(OC)c1OC,CHEMBL119
DEC_0235,decoy,CC12CCC3c4ccc(OC(=O)N(CCCl)CCCl)cc4CCC3C1CCC2O,CHEMBL290686
DEC_2661,decoy,COC(=O)c1cc(NC(=O)c2cccc(NC3=NCCCN3)c2)ccc1/C=C/C(=O)O,CHEMBL34994
DEC_4392,decoy,CCCSC1=NS(=O)(=O)c2ccc(C(=O)O)cc2N1Cc1ccc(-c2ccccc2-c2nn[nH]n2)cc1,CHEMBL268004
DEC_2431,decoy,CC(=O)N[C@@H]1CCc2ccccc2N(Cc2ccc(-c3ccccc3-c3nn[nH]n3)cc2)C1=O,CHEMBL13568
DEC_2991,decoy,Cc1nnc2n1-c1cc(C#CCN3C(=O)c4ccccc4C3=O)ccc1C(c1ccccc1F)=NC2,CHEMBL433034
DEC_3211,decoy,Nc1c(Cl)cc2c3c(cccc13)C(=O)N([C@@H]1CN3CCC1CC3)C2=O,CHEMBL28499
DEC_0538,decoy,COC(=O)c1c(C)[nH]c2c1[C@@]13C[C@@H]1CN(C(=O)c1cc4cc(OC)c(OC)c(OC)c4[nH]1)C3=CC2=O,CHEMBL35670
DEC_0116,decoy,COC1=C(C)C(=O)c2c(c(COC(N)=O)c3n2CC/C3=N\O)C1=O,CHEMBL18374
DEC_0248,decoy,Clc1ccccc1C1COC(Cn2ccnc2)(c2ccc(Br)cc2)O1,CHEMBL417664
DEC_2343,decoy,O=S(=O)(Nc1c(O)nc2cc(C(F)(F)F)ccc2c1Cc1ccccc1O)C(F)(F)F,CHEMBL288019
DEC_4306,decoy,Cc1ccc2c(n1)CN[C@@H]1CCc3cc(O)c(O)cc3[C@@H]21,CHEMBL27117
DEC_3082,decoy,CC(/N=c1\c(O)c(O)\c1=N/Cc1ccc(C#N)cc1Cl)C(C)(C)C,CHEMBL277719
DEC_3691,decoy,Cc1ccccc1-c1cc(C(O)(CCc2ccccc2)c2cncn2C)ccc1C#N,CHEMBL26492
DEC_2856,decoy,CC(C)(C)NC(=O)c1ccccc1CSc1c(O)cc(-c2ccccc2)oc1=O,CHEMBL15053
DEC_1177,decoy,CCc1ccc(O)c(/C(=N/O)c2ccc(Cl)c(Cl)c2)c1,CHEMBL25562
DEC_1416,decoy,CN(Cc1cnc2nc(N)nc(N)c2n1)c1ccc(C(=O)NC(CNC(=O)OC(C)(C)C)C(=O)O)cc1,CHEMBL267057
DEC_0545,decoy,CC(C)(N)C(=O)NC1CC2CCC1(CS(=O)(=O)N1CCC3(CCc4ccccc43)CC1)C2(C)C,CHEMBL422572
DEC_1297,decoy,CS(=O)(=O)c1ccc(C2=C(C#Cc3ccccc3)C(=O)CC2)cc1,CHEMBL278336
DEC_4224,decoy,CC1c2cc3c(C(F)(F)F)cc(O)nc3cc2NC[C@@H]1C,CHEMBL436344
DEC_1620,decoy,CN(C)CC[C@H]1CN(C)C(=S)c2cc(Cl)cnc2O1,CHEMBL283760
DEC_1441,decoy,CCCN(CCc1ccsc1)C1CCc2c(O)cccc2C1,CHEMBL7806
DEC_0782,decoy,CCCCSc1ccccc1C1N=C(SC)N=C2COC(O)=C21,CHEMBL23642
DEC_4460,decoy,N=C(N)c1cccc(OCC(NC(=O)c2ccc(-c3ccccc3S(N)(=O)=O)cc2)c2ccccc2)c1,CHEMBL42825
DEC_3826,decoy,CNS(=O)(=O)c1ccc2c(c1)C(n1ccccc1=O)=CC(C)(C)O2,CHEMBL273664
DEC_3439,decoy,COc1cc2c(cc1OC)[C@@H]1C[C@]3(CNC(=O)O3)[C@@H](c3ccccc3)CN1CC2,CHEMBL31014
DEC_0026,decoy,COc1ccc(C(C2=C(C)C(=O)c3ccccc3C2=O)c2ccc(C(C)C)cc(=O)c2O)cc1,CHEMBL18347
DEC_4146,decoy,CC(C(=O)O)c1ccc2c(c1)C(O)Cc1ccccc1O2,CHEMBL10977
DEC_4151,decoy,COC(=N)N1CCc2ccc3sc4ccccc4c3c2C1,CHEMBL273403
DEC_4576,decoy,c1ccc([C@@H]2CN3CCC[C@H]3c3ccsc32)cc1,CHEMBL287221
DEC_4333,decoy,COc1cc(OC)c(C2CC[C@@H]2N)cc1OC,CHEMBL12915
DEC_1542,decoy,COC(=O)[C@@H]1CSCc2c(O)cc(OC)c(C)c2C(=O)OCCCCCCCC/C(S)=N/1,CHEMBL37006
DEC_2593,decoy,CC[C@H]1Nc2cc3nc(O)cc(C(F)(F)F)c3cc2CC1(CC)CC,CHEMBL267471
DEC_2220,decoy,CSCC[C@@H]1[C@H](O)[C@@H](O)[C@@H](CCSC)N(Cc2ccc(CO)cc2)C(=O)N1Cc1ccc(CO)cc1,CHEMBL66817
DEC_4721,decoy,CC1(C)CC[C@]2(C(=O)O)CC[C@]3(C)C(=CC(=O)[C@@H]4[C@@]5(C)C=CC(=O)C(C)(C)[C@@H]5CC[C@]43C)C2C1,CHEMBL42704
DEC_3938,decoy,CN([C@@H]1CCN2CCc3ccccc3[C@@H]2C1)S(=O)(=O)CCN1CCCCC1,CHEMBL417484
ACT_026,active,Cc1[nH]nc2c1N=C(c1ccccc1Cl)c1cc(N)ccc1N2,CHEMBL2322701
DEC_1338,decoy,C[C@@H](O)CCC/C=C\[C@@H]1C[C@H](O)C[C@H]1[C@H](O)/C=C/C(=O)OCc1ccccc1,CHEMBL285679
DEC_1292,decoy,O=C(O)Cc1cccc2c(=O)c3cccc(C(F)(F)F)c3oc12,CHEMBL281474
DEC_3579,decoy,C[C@H]1[C@H](C)C(=O)CC23CCN(C)C(Cc4ccc(O)cc42)[C@H]13,CHEMBL417314
DEC_3023,decoy,Nc1nc(N)c2c3c(oc2n1)CN(Cc1c(Cl)cccc1Cl)CC3,CHEMBL281962
DEC_2779,decoy,COc1ccc(C(c2ccc(C(C)C)cc(=O)c2OC)c2ccc(C(C)C)cc(OC)c2=O)cc1,CHEMBL22024
DEC_3961,decoy,COC(OC)C1CSCN1C(=O)C1CCCN1C(=O)OCc1ccccc1,CHEMBL277257
DEC_0639,decoy,C=C1/C=C(\C)[C@H](CC)OC(=O)[C@H](C)C(=O)[C@@](O)(CO)C/C(Cl)=C/[C@@H](C)C1,CHEMBL286184
DEC_3693,decoy,CCOC(=O)COc1ccc(C(=O)c2ccc(O)c(CNC(C)=O)c2)c(Cl)c1Cl,CHEMBL38796
DEC_0996,decoy,CCN(C/C=C/C#CC(C)(C)C)Cc1cccc(OCCN(C)S(=O)(=O)c2ccsc2)c1,CHEMBL26597
DEC_2741,decoy,Nc1nc2c(cnn2CCc2ccccc2)c2nc(-c3ccccc3)nn12,CHEMBL280411
DEC_2595,decoy,N#Cc1cc(F)cc(-c2ccc3c(c2)C2(CCCCC2)C(S)=N3)c1,CHEMBL28157
DEC_2395,decoy,COc1ccc(Nc2c(NC(C)C(C)(C)C)c(=O)c2=O)cc1,CHEMBL18934
DEC_0008,decoy,CN1CCN(CC#CCCC2(C3(O)c4ccccc4Oc4ccccc43)SCCCS2)CC1,CHEMBL41962
DEC_2181,decoy,CCN[C@H]1C[C@@H](CC)S(=O)(=O)c2sc(S(N)(=O)=O)cc21,CHEMBL9660
DEC_2533,decoy,CC(C)(C)C#CC1Cc2ccsc2C(N)=N1,CHEMBL8288
DEC_3511,decoy,CC(=O)NC1=C(C)C(=O)c2c(nc3n2CCC3OC(N)=O)C1=N,CHEMBL17906
DEC_2414,decoy,C[C@@H]1CC[C@]2(C(=O)O)CC[C@]3(C)C(=CCC4[C@@]5(C)C[C@@H](O)[C@H](O)[C@@](C)(CO)C5CC[C@]43C)C2[C@H]1C,CHEMBL278622
DEC_2447,decoy,CS(=O)(=O)c1cccc(C(=O)Nc2ccc(Oc3ccc(Cl)cc3)c(Cl)c2)c1O,CHEMBL287338
DEC_3589,decoy,CNC1=NC(=O)[C@H]([C@H](C[N+](=O)[O-])c2c[nH]c3ccccc23)O1,CHEMBL285382
DEC_2198,decoy,CC(=O)c1c(CS(=O)(=O)CCO)nc2ccccc2[n+]1[O-],CHEMBL14351
DEC_1658,decoy,CCOc1nc2nc(C(=O)c3ccccc3)cn2c2c1CSCC2,CHEMBL20078
DEC_3207,decoy,CCOC(=O)C1=CNC2=C(/C=N/c3ccccc3)CC(C)N2C1=O,CHEMBL22303
DEC_0827,decoy,CC[C@@]1(O)C(=O)OCc2c1cc1n(c2=O)Cc2cc3c(CN(C)C)cccc3nc2-1,CHEMBL10391
DEC_2252,decoy,C[C@H]1OCC[C@H]1OC(=O)N[C@@H](Cc1ccccc1)[C@H](O)CN1C[C@H]2CCCC[C@H]2C[C@H]1C(=O)NC(C)(C)C,CHEMBL18253
DEC_1042,decoy,COc1cc([C@@H]2c3cc4c(cc3N[C@H]3COC(=O)N23)OCO4)cc(OC)c1OC,CHEMBL8832
DEC_3024,decoy,CN(C)c1cccc2c(S(=O)(=O)Nc3ccc(Cl)nn3)cccc12,CHEMBL6761
DEC_0371,decoy,COC1(c2cc(F)cc(Sc3ccc4c(c3)CC/C4=N\O)c2)CCOCC1,CHEMBL28066
DEC_1406,decoy,C#CCN(Cc1cnc2nc(N)nc(O)c2n1)c1ccc(C(=O)NC(CCC(=O)O)C(=O)O)cc1,CHEMBL280145
DEC_3288,decoy,CC1=C(/C=C/C(=O)CC(=O)C(=O)O)C(C)(C)CCC1,CHEMBL279530
DEC_1335,decoy,CCOC(=S)SCCCCC/C=C(\NC(=O)C1CC1(C)C)C(=O)O,CHEMBL12008
DEC_3512,decoy,CC1CCC(/C=N/c2ccc(O)cc2)=C2NC=C(C(=O)O)C(=O)N21,CHEMBL416744
DEC_0819,decoy,C[C@]12CCC(=O)C=C1CCC1C2=CC[C@@]2(C)C1CC[C@]2(O)C(=O)CN1CCNCC1,CHEMBL15687
DEC_1876,decoy,CCC(C)(C)/N=c1\c(O)c(O)\c1=N/Cc1ccc(F)cc1Cl,CHEMBL19829
DEC_4371,decoy,C=C1C[C@@]23O[C@]2(c2ccccc21)C1CC(OC(=O)[C@H](O)[C@@H](NC(=O)OCC)c2ccsc2)C3(C)C1(C)C,CHEMBL440468
DEC_0534,decoy,Cc1cc2c(cc1CC(=O)c1sccc1S(=O)(=O)Nc1onc(C)c1Cl)OCO2,CHEMBL282724
DEC_4628,decoy,CC(C)=CCC(OC(=O)COCc1ccccc1)C1=CC(=O)c2c(O)ccc(O)c2C1=O,CHEMBL28828
DEC_1979,decoy,Cc1cn(C2CC(O)C(CNC(=O)CCl)O2)c(=O)[nH]c1=O,CHEMBL274522
DEC_2268,decoy,CN(CCc1ccc2c(c1)OCO2)C[C@@H]1CCCc2c1ccc1ccoc21,CHEMBL10068
DEC_0325,decoy,CC(CS)C(=O)N(CC(=O)O)C1CCCC1,CHEMBL23523
DEC_4280,decoy,CS/C(=N\CCN)Nc1c(Cl)cccc1Cl,CHEMBL32050
DEC_1180,decoy,Cn1c(S)nnc1-c1cc(C(C)(C)C)c(O)c(C(C)(C)C)c1,CHEMBL12371
DEC_2360,decoy,COc1cc2cc(C(=O)N3CC(CCl)c4c3cc(N)c3ccccc43)[nH]c2c(OC)c1OC,CHEMBL37705
DEC_3651,decoy,O=C1[C@@H](NS(=O)(=O)c2cc3ncccc3s2)CCN1Cc1cc2c[nH]ccc-2n1,CHEMBL266068
DEC_4164,decoy,CC1=C(/C=C/C(C)=C/C=C/C(C)=C/C(=O)O)C(C)(C)CCC1OC(=O)CBr,CHEMBL15074
DEC_2854,decoy,CN(Cc1c2ccccc2cc2ccccc12)c1cnc2nc(N)nc(N)c2n1,CHEMBL33933
DEC_1633,decoy,CCCc1ccc(C(c2ccns2)N2CCN(C)CC2)cc1,CHEMBL428857
DEC_2974,decoy,CC1(C)C2CC[C@@]1(CS(=O)(=O)N1CCC3(CCc4ccccc43)CC1)[C@@H](N1C(=O)C[C@@H](N)C1=O)C2,CHEMBL276990
DEC_2626,decoy,C[C@@H](O)[C@H]1C(=O)N2C(C(=O)O)=C(S[C@@H]3CN[C@H](Cc4ccccc4)C3)[C@H](C)[C@H]12,CHEMBL276034
DEC_1349,decoy,C=CCNC(=O)C1C2C(=O)CC(c3ccc(O)cc32)C1C(=O)OCC[Si](C)(C)C,CHEMBL12490
DEC_3778,decoy,Clc1ccc(C(=C2CN=CNC2)c2ccc(Cl)cc2)cc1,CHEMBL29905
DEC_4222,decoy,C[C@@H]1C[C@H](C)c2cc3c(C(F)(F)F)cc(O)nc3cc2N1,CHEMBL268326
DEC_3925,decoy,COc1cc2c(cc1OC)C1(c3cc(OC)c(OC)c(OC)c3)OCC13C1COC2C13,CHEMBL18472
DEC_4104,decoy,C1=C(C2(C3=NCCN3)COc3ccccc3O2)CCCC1,CHEMBL429954
DEC_3285,decoy,NCC/N=C(\S)Nc1c(Cl)cccc1Cl,CHEMBL34285
DEC_2201,decoy,Cc1c(Sc2cccc(O)c2)n(COCCO)c(=O)[nH]c1=O,CHEMBL279637
DEC_2303,decoy,COc1ccc(C(=O)c2c3n(c4ccccc24)CCC3N2CCOCC2)cc1,CHEMBL29745
DEC_0146,decoy,COc1cc(N)c(Cl)cc1C(=O)NC1CCCN2CCOCC12,CHEMBL26387
DEC_4754,decoy,Cc1nnc2n1-c1ccc(C#CCN3C(=O)CCc4ccccc43)cc1C(c1ccccc1F)=N[C@H]2C,CHEMBL277246
DEC_3851,decoy,CC1(O)OC(=O)C(c2ccccc2)=C1c1ccc(S(C)(=O)=O)cc1,CHEMBL18316
DEC_3226,decoy,Oc1ccc2c(c1)OC[C@H](N1CCC(O)(c3ccccc3)CC1)[C@@H]2O,CHEMBL417630
DEC_1427,decoy,N=C(N)c1cccc(/C(=C\C(=O)Nc2ccc(-c3ccccc3S(N)(=O)=O)cc2)Cn2ncnn2)c1,CHEMBL445562
DEC_2927,decoy,C(#Cc1ncnc2c1ncn2Cc1ccccc1)c1ccccc1,CHEMBL278899
DEC_2950,decoy,c1ccc(OC2(C3=NCCN3)COc3ccccc3O2)cc1,CHEMBL273973
DEC_0296,decoy,C[C@@H](O)[C@H]1C(=O)N2C(C(=O)O)=C(S[C@@H]3CN[C@H](c4ccc(CN)cc4)C3)[C@H](C)[C@H]12,CHEMBL416158
DEC_1669,decoy,C/C=C(\NC(=O)C1C(C(C)(C)C)C1(C)C)C(=O)O,CHEMBL12165
DEC_3857,decoy,CCc1[nH]c(O)nc1C(=O)c1ccc(-n2ccnc2C)c(C)c1,CHEMBL286504
DEC_0250,decoy,CO[C@]12C=CC3(CC14CCC(C)(C)[C@H]4O)C1Cc4ccc(O)c5c4C3(CCN1CC1CC1)[C@@H]2O5,CHEMBL31030
DEC_3931,decoy,COc1ccc([C@@H]2Sc3ccccc3N(CCOC(C)=O)C(=O)[C@@H]2OC(C)=O)cc1,CHEMBL280060
DEC_0175,decoy,CCCCOC(=O)C(=O)/C=C1\C=C(OC)C=C(O)O1,CHEMBL8180
DEC_1843,decoy,CCCc1nn(C)c2c(O)nc(-c3cc(S(=O)(=O)N4CCN(C(N)=O)CC4)ccc3OCC)nc12,CHEMBL444046
DEC_2714,decoy,COc1cc(OC)cc(N(CC(=O)O)C(=O)C(C)CS)c1,CHEMBL22381
DEC_0526,decoy,CC(=O)O[C@H]1O[C@H](OC(C)=O)[C@@H](OC(C)=O)/C1=C/CC1(C)C(C)CCC2(C)C1CCCC21CO1,CHEMBL44707
DEC_1434,decoy,CN(Cc1cnc2nc(N)nc(N)c2n1)c1ccc(C(=O)NC(CCC(=O)O)C(=O)OC(C)(C)C)cc1,CHEMBL36460
DEC_4408,decoy,CCCC(=O)N[C@@H](c1ccccc1)[C@@H](O)C(=O)OC1CC2C(C)(C)C1(C)[C@@]13C[C@H](C)c4ccccc4[C@@]21O3,CHEMBL31626
DEC_2625,decoy,CC1(C)CCC(C)(C)C1OC(=O)[C@H](NC(=O)[C@@H](N)CC(=O)O)c1ccccc1,CHEMBL275018
DEC_3308,decoy,NCCC/N=C(\S)Nc1c(Cl)cccc1Cl,CHEMBL285047
DEC_1649,decoy,CN(C)c1ncnc2c1ncn2C(c1ccccc1)c1ccccc1,CHEMBL268102
DEC_1181,decoy,CC(C)(C)c1cc(-c2nsc(O)n2)cc(C(C)(C)C)c1O,CHEMBL279308
DEC_0290,decoy,NCCc1c[nH]cn1.N[C@H](COCc1ccc(Br)cc1)Cc1c[nH]cn1,CHEMBL280256
DEC_4701,decoy,CC(C)C[C@H](NC(=O)c1c(NCc2c[nH]cn2)cccc1-c1ccccc1)C(=O)O,CHEMBL285129
DEC_1604,decoy,CC(C)/C(=C/C(=O)[C@H](Cc1c[nH]c2ccccc12)NC(=O)OC(C)(C)C)C(=O)O,CHEMBL440766
DEC_4180,decoy,CSc1ccc(Cl)c(NC(=N)N(C)c2cccc(I)c2)c1,CHEMBL40155
DEC_1758,decoy,OC[C@@]12C[C@@H]1[C@@H](n1cnc3c(NCc4cccc(I)c4)ncnc31)[C@H](O)[C@@H]2O,CHEMBL417292
DEC_3290,decoy,Nc1ccc([C@@H]2CN3CCC[C@@H]3c3ccccc32)cc1,CHEMBL36359
DEC_1289,decoy,O=C(O)C1Cc2cc3c(-c4ccccc4)noc3c(Cl)c2O1,CHEMBL276248
DEC_4449,decoy,C/C(=C(\F)C(=O)Nc1ccc(-c2ccccc2S(N)(=O)=O)cc1Br)c1ccc(F)c(C(=N)N)c1,CHEMBL288820
DEC_0836,decoy,CCc1c2c(nc3ccc(O)cc13)-c1cc3c(c(=O)n1C2)COC(=O)C3(O)CC,CHEMBL10206
DEC_1750,decoy,CNC(=O)[C@@H]1CCCCN(S(=O)(=O)c2ccc(N)cc2)CCC[C@H](C(=O)NO)[C@@H](CC(C)C)C(=O)N1,CHEMBL24347
DEC_1662,decoy,Cc1ccccc1C(c1sncc1C)N1CCN(C)CC1,CHEMBL22565
DEC_0781,decoy,Cc1noc(NS(=O)(=O)c2cccc3c(C(C)(C)O)cccc23)c1C,CHEMBL431300
DEC_3590,decoy,O=C(c1ccc2c(c1)OCO2)c1ccc2n1CCC2C(=O)O,CHEMBL9261
DEC_2159,decoy,COc1cccc(/C=C2\CCCCCC2=O)c1,CHEMBL28613
DEC_3050,decoy,CCOC(=O)/C=C/c1cc(O)c2c(c1O)C(=O)c1ccccc1C2=O,CHEMBL17497
DEC_2567,decoy,CCCCCC#Cc1cc(O)c2c(c1)OC(C)(C)[C@@H]1CC=C(C)C[C@@H]21,CHEMBL279147
DEC_3743,decoy,CCOc1nc2c(n1Cc1ccc(OC)c(Cl)c1)C(=O)N(CC)C1=N[C@@H]3CCC[C@@H]3N12,CHEMBL280699
DEC_4666,decoy,Cc1oc(-c2ccccc2)nc1CCC(O)c1ccc(CCCC2OC(=O)NC2=O)cc1,CHEMBL290639
DEC_2775,decoy,CCCN(CC1CC1)c1nc(C)nc2c1sc(=O)n2-c1ccc(C(C)C)cc1Br,CHEMBL273559
DEC_3149,decoy,CC(=O)Nc1nc(=O)n(C2CSC(CO)(CO)O2)cc1Br,CHEMBL28416
DEC_3453,decoy,O=C1NC(=O)C(CC#Cc2ccc(F)cc2)(S(=O)(=O)c2ccc(Cl)cc2)S1,CHEMBL11815
DEC_1663,decoy,CC(C)c1ccccc1C(c1ccns1)N1CCN(C)CC1,CHEMBL22437
DEC_2380,decoy,CCC(C)(C)/N=c1\c(O)c(O)\c1=N/Cc1ccc(C)c(C)c1,CHEMBL278536
DEC_1971,decoy,Cc1cn([C@H]2C[C@H](O)[C@](CO)(N=[N+]=[N-])O2)c(=O)[nH]c1=O,CHEMBL276563
DEC_3755,decoy,CN(c1ccccc1)S(=O)(=O)c1ccc2c(c1)C(n1ccccc1=O)=CC(C)(C)O2,CHEMBL12305
DEC_4298,decoy,CCCn1c(=O)c2nc(-c3ccccc3)[nH]c2n(C)c1=O,CHEMBL428341
DEC_2074,decoy,CC/C1=C(\c2ccc(O)cc2)c2ccc(OCC(O)CO)cc2CCc2ccccc21,CHEMBL275825
DEC_4226,decoy,CC1c2cc3c(C(F)(F)F)cc(O)nc3cc2NC[C@H]1C,CHEMBL282204
DEC_3516,decoy,C=CCN1C[C@H]2c3c(cccc3OC)CC[C@H]21,CHEMBL24161
DEC_4395,decoy,CC(=N)N1CCC(Oc2ccc3c(nc(C(C)C)n3Cc3ccc4ccc(C(=N)N)cc4c3)c2[N+](=O)[O-])CC1,CHEMBL283293
DEC_2817,decoy,CNC(c1c(Cl)cc(O)cc1Cl)C(NC)c1c(Cl)cc(O)cc1Cl,CHEMBL27741
DEC_2147,decoy,CCc1c([N+](=O)[O-])oc2ccc3ccccc3c12,CHEMBL267852
DEC_3937,decoy,CCOc1nc2c(n1Cc1ccc(O)cc1)C(=O)N(CC)C1=N[C@@H]3CCC[C@@H]3N12,CHEMBL280525
DEC_2494,decoy,Cl.Cn1cc(NC(=O)c2cc(N)cn2C)cc1C(=O)NCCC(=N)N,CHEMBL277393
DEC_2458,decoy,CC1CCC(=NNc2cc(C(F)(F)F)cc(C(F)(F)F)c2)c2ncc(C(=O)O)c(=O)n21,CHEMBL278423
DEC_1027,decoy,CSc1nc2nc(NS(=O)(=O)c3ccc(Cl)cc3)nn2c(N)c1C#N,CHEMBL273513
DEC_0417,decoy,NCCO.O=C(O)C(=O)Nc1nc(-c2ccc(Sc3ccccc3)cc2)cs1,CHEMBL275884
DEC_0170,decoy,CNc1nc(Cl)c(SC)c(N2CCCCC2)n1,CHEMBL36410
DEC_0508,decoy,CC(=O)OC1CC2(O)C3CCC4CC(OC=O)CCC4(C)C3CCC2(C)[C@H]1C1=CC(=O)OC1,CHEMBL414201
DEC_2392,decoy,CN(C)c1ncnc2c1ncn2Cc1ccccc1[N+](=O)[O-],CHEMBL7720
DEC_1220,decoy,C[C@H](CS)C(=O)N1C[C@@H](Sc2ccc3ccccc3c2)C[C@H]1C(=O)O,CHEMBL274988
DEC_0231,decoy,COc1ccc2c3c1OC1[C@H]4OC[C@@]4(CCc4ccccc4)CC4C(C2)N(C)CCC341,CHEMBL273873
DEC_0202,decoy,C[C@@H]1CC[C@H]2[C@@H](C)[C@](O[Si](C)(C)C)(C(F)(F)F)O[C@@H]3O[C@]4(C)CC[C@@H]1C32OO4,CHEMBL9805
DEC_3458,decoy,O=S(=O)(CC(F)(F)C(F)(F)F)c1nc(-c2ccccc2)c(-c2ccccc2)[nH]1,CHEMBL540444
DEC_2818,decoy,CC1=NN(C(=O)Nc2cc(C)cc(C)c2)C(C)=NN1C(=O)Nc1cc(C)cc(C)c1,CHEMBL17934
DEC_1909,decoy,Cc1cccc(/N=C/C2=C3NC=C(C(=O)O)C(=O)N3C(C)CC2)c1,CHEMBL22635
DEC_0343,decoy,CC(C)(C)NCC(O)COC(=O)C1CCCC1,CHEMBL7312
DEC_2711,decoy,Cc1ccc2c(c1)c(OC(C)C)c(C(=O)Nc1nn[nH]n1)n2-c1ccccc1,CHEMBL287212
DEC_4462,decoy,O=C(N[C@H]1c2ccccc2C[C@H]1O)[C@H](Cc1ccccc1)C[C@@H](O)CN1C(=O)CC[C@@H]1Cc1ccccc1,CHEMBL279397
DEC_1546,decoy,COc1cc(O)c2c(c1C)C(=O)O[C@H](CO)CCC/C(S)=N/[C@H](c1nc(C)no1)CSC2,CHEMBL34926
DEC_4612,decoy,NC1=NC(c2ccc(F)cc2)Cc2cccc(F)c21,CHEMBL7945
DEC_0150,decoy,O=C(O)c1cn2c3c(nc(O)c2n1)-c1cccc(Cc2nn[nH]n2)c1C3,CHEMBL279018
DEC_0028,decoy,CC1(C)C=C(n2ccccc2=O)c2cc(S(=O)(=O)Nc3ccc(Br)cc3)ccc2O1,CHEMBL273637
DEC_2536,decoy,OC1CCCCC1N1C=NC(c2ccccc2)C1,CHEMBL283986
DEC_4683,decoy,CCc1c(C(=O)NCCCO)cnn1-c1nc(-c2cccc(C(F)(F)F)c2)cs1,CHEMBL10101
DEC_4246,decoy,Fc1ccc(-n2cc(C3=CCNCC3)c3cc(Cl)ccc32)cc1,CHEMBL274178
DEC_2036,decoy,O=C1NC(=O)C2(CCSc3ccccc32)O1,CHEMBL32613
DEC_2599,decoy,CC(C)c1ccccc1Sc1c(O)cc(-c2cccc(Cl)c2)oc1=O,CHEMBL12714
DEC_3109,decoy,O=C(O)c1ccccc1OCCCOc1cc2c(cc1O)CCO2,CHEMBL7926
DEC_2879,decoy,CC(C)(C)c1cc(C(=O)C2CC2)cc2c1OCC2(C)C,CHEMBL13832
DEC_0078,decoy,Cc1ccc(C/N=c2\c(O)c(O)\c2=N/C(C)(C)C)c(C)c1,CHEMBL442144
DEC_4613,decoy,COc1c(Cl)c(O)c(C(=O)O)c(OC)c1Cl,CHEMBL275905
DEC_0808,decoy,CO[C@]12C=CC3(CC14CCC[C@H]4O)C1Cc4ccc(O)c5c4C3(CCN1CC1CC1)[C@@H]2O5,CHEMBL281986
DEC_1964,decoy,CC(C)N(C(=O)N1C[C@H](C(=O)O)[C@H](N=C(N)N)C1)C(C)C,CHEMBL19159
DEC_1752,decoy,O=C1NC(=O)c2c1c1c3ccccc3sc1c1c2c2cc(F)ccc2n1C1OC(CO)C(O)C(O)C1O,CHEMBL296944
DEC_4063,decoy,COc1ccc2c(OC(C)C)cc3nc(C(=O)O)cn3c2c1,CHEMBL268997
DEC_2332,decoy,O=S(=O)(Nc1ccc(F)cc1-c1ccc2c(c1)OC[C@H](Cc1ccccc1)[C@H]2O)C(F)(F)F,CHEMBL52449
DEC_2003,decoy,Cn1c(=O)[nH]c2[nH]c(-c3ccc(S(=O)(=O)O)cc3)nc2c1=O,CHEMBL275987
DEC_1383,decoy,CCCCc1n[nH]c(C(=O)O)c1Cc1ccc(-c2ccccc2-c2nn[nH]n2)cc1,CHEMBL283975
DEC_3087,decoy,CN(C)CCNc1ccc(CO)c2sc3ccc(O)cc3c(=O)c12,CHEMBL21677
DEC_4185,decoy,COc1ccc(C(c2ccc(C(C)C)cc(=O)c2O)c2ccc3ccccc3c2O)cc1,CHEMBL18300
DEC_1851,decoy,O=C(CN1CCN(S(=O)(=O)c2cc3ccc(Cl)cc3s2)CC1=O)NCCc1cccnc1,CHEMBL46314
DEC_4752,decoy,C#Cc1ccc(C#CC(O)(c2ccc(C#N)c(-c3cccc4ccccc34)c2)c2cncn2C)cc1,CHEMBL24554
DEC_2955,decoy,C[C@H](Sc1nc(N)cc(Cl)n1)c1cc2ccoc2cn1,CHEMBL280541
DEC_4493,decoy,CCC1(CC)C(=O)N(CO)C1S(=O)(=O)c1ccccc1,CHEMBL428166
DEC_3751,decoy,CC[C@@](OC)(c1cc(F)cc(OCc2ccc3c(ccc(=O)n3C)c2)c1)c1nccs1,CHEMBL21987
DEC_1625,decoy,CCOc1ccc2c3c1OC1C(O)C=CC4C(C2)N(C)CCC341,CHEMBL25918
DEC_2939,decoy,CC1CC(=O)NN=C1c1ccc(-n2cnc3c2CCCC3)cc1,CHEMBL282765
DEC_0420,decoy,CC(C)(C)OC(=O)N[C@@H](C(=O)C1CCCN1)/C(O)=C(\C#N)c1ccc([N+](=O)[O-])cc1,CHEMBL278516
DEC_0115,decoy,CC[C@]1(CO)CC2C3Cc4ccc(OC)c5c4C2(CCN3C)C(O5)[C@@H]1O,CHEMBL8889
DEC_0987,decoy,Clc1cc2nc(C3CCNCC3)n(CCCCSc3[nH]cnc4ncnc3-4)c2cc1Cl,CHEMBL19993
DEC_0614,decoy,NCC/N=C(\S)Nc1c(Br)cccc1Br,CHEMBL31851
DEC_4448,decoy,Cc1cc(O)cc(C)c1C[C@H](N)C(=O)N1Cc2ccccc2C[C@H]1CNC(=O)NC12CC3CC(CC(C3)C1)C2,CHEMBL77804
DEC_1227,decoy,CC1OC(/C=C/C2CC2)(C(F)(F)F)c2cc(Cl)ccc2NC1=O,CHEMBL31977
DEC_2312,decoy,Cc1ccc(C2(Cn3ccnc3)OCC(c3ccc(Cl)cc3)O2)cc1,CHEMBL281907
DEC_0875,decoy,Cc1noc(NS(=O)(=O)c2ccsc2C(=O)Cc2ccc3c(c2)OCO3)c1Br,CHEMBL47706
DEC_3130,decoy,CCCc1c(O)n(Cc2cccs2)c2nc3c(c(=O)n(C)c(=O)n3C)n2c1=O,CHEMBL413088
DEC_3819,decoy,Cc1noc(NS(=O)(=O)c2ccc3ccc(N)cc3c2)c1C,CHEMBL281427
DEC_1368,decoy,CCCc1cc(CO)cc(=O)n1Cc1ccc(-c2ccccc2-c2nn[nH]n2)cc1,CHEMBL22860
ACT_061,active,COc1cc(/C=C2\Oc3cc4occc4c(OC)c3C2=O)ccc1OCC(=O)Nc1ccccc1,CHEMBL4637085
DEC_0440,decoy,CC(=O)NCCCNc1ccc(NCCN(C)C)c2c1C(=O)c1ccccc1C2=O,CHEMBL28771
DEC_3964,decoy,C1CCN2C[C@H]3C[C@H](CN4CCCC[C@@H]34)[C@H]2C1,CHEMBL412873
DEC_2608,decoy,Cc1cccc(O)c1-c1cccc2c1-c1cccc3c1[C@@H](C2)N(C)CC3,CHEMBL26907
DEC_0351,decoy,O=S(=O)(OCCCl)c1c(Cl)c(Cl)c(Cl)c(Cl)c1Cl,CHEMBL280485
DEC_0615,decoy,COc1ccc2c3c1OC1C(O)C=CC4C(C2)N(C2CCCCC2O)CCC341,CHEMBL20571
DEC_3171,decoy,COc1cccc(C(c2cc(C)ns2)N2CCN(C)CC2)c1,CHEMBL277638
DEC_4128,decoy,OC[C@H]1CC[C@@H](O)[C@H](N2CCC(c3ccccc3)CC2)C1,CHEMBL21375
DEC_3476,decoy,COC1=C(C)C(=O)c2c(c(COC(N)=O)c3n2CCC3O)C1=O,CHEMBL428865
DEC_0433,decoy,COc1cc(CNCCNC(=O)C2=CC(C)(C)NC2(C)C)cc(OC)c1OC,CHEMBL278464
DEC_3832,decoy,CN(C(=O)[C@H](N)c1ccccc1)[C@@H]1CCCC[C@H]1N1CCCC1,CHEMBL17286
DEC_1036,decoy,COc1cc([C@@H]2c3cc4c(cc3[C@@H](N)[C@H]3COC(=O)[C@H]23)OCO4)cc(OC)c1O,CHEMBL32083
ACT_012,active,O=C1C2=C(C(=O)N1CCCSC1=NCCN1)n1ccc3cccc(c31)C1Cc3ccccc3N21,CHEMBL488270
DEC_2342,decoy,C=C1CCC2[C@](C)(CCC[C@]2(C)C(=O)OC)[C@H]1CCC12Cc3c(O)ccc(O)c3CC1O2,CHEMBL281377
DEC_3578,decoy,C[C@@H]1[C@@H](C)C(=O)CC23CCN(C)C(Cc4ccc(O)cc42)[C@@H]13,CHEMBL33717
DEC_0505,decoy,O=C(OCCS(=O)(=O)c1ccccc1)N1c2ccccc2[C@@]23O[C@]24CCC[C@@H]3C#C/C=C\C#C[C@H]14,CHEMBL15924
DEC_3072,decoy,CC(C)c1c(Sc2ccccc2)n(COCCO)c(=S)[nH]c1=O,CHEMBL278186
DEC_3730,decoy,CCCOC(=O)C1C2C(=O)CC(c3ccccc32)C1C(=O)OCC[Si](C)(C)C,CHEMBL267105
DEC_0855,decoy,Cc1cc(C)c(NC(=O)c2sccc2S(=O)(=O)Nc2noc(C)c2Cl)c(C)c1CC#N,CHEMBL19661
DEC_3231,decoy,COc1cc(N)c(Cl)cc1C(=O)NC1CC(C)N2CCCCC2C1,CHEMBL276761
DEC_0785,decoy,COC(=O)CCC(=O)N(O)c1cccc(OCc2ccc3ccccc3n2)c1,CHEMBL287012
DEC_4715,decoy,OC1(C2(CCC#CCN3CCCCC3)SCCCS2)c2ccccc2Sc2ccccc21,CHEMBL40995
DEC_4445,decoy,NC(=O)c1ccc(S(=O)(=O)Nc2cccc(C(c3c(O)c4c(oc3=O)CCCCCC4)C3CC3)c2)cc1,CHEMBL418545
DEC_2171,decoy,NS(=O)(=O)Oc1cccc(I)c1,CHEMBL24063
DEC_3035,decoy,c1cc(Sc2ccc3c(c2)OCCO3)ccc1NC1=NCCN1,CHEMBL9649
DEC_4240,decoy,CC1(C)OC(S)=Nc2ccc(-c3cc(F)cc(C#N)c3)cc21,CHEMBL282091
DEC_0182,decoy,CNc1nc(N2CCN(C)CC2)nc(Cl)c1Cl,CHEMBL31576
DEC_4626,decoy,N#CN=C1N(CC2CC2)[C@H](Cc2ccccc2)[C@H](O)[C@@H](O)[C@@H](Cc2ccccc2)N1CC1CC1,CHEMBL36118
DEC_2213,decoy,CC(C)N(C(=O)N1C[C@H](C(=O)O)[C@H](NC(=O)N(C)C)C1)C(C)C,CHEMBL280234
DEC_3124,decoy,CC1(C)O[C@H]2[C@@H]3O[C@H](c4ccccc4)O[C@@H]3CO[C@@]2(COS(N)(=O)=O)O1,CHEMBL287644
DEC_0416,decoy,N#Cc1ccccc1OCC(O)CNCCNC(=O)c1ccc2ccccc2n1,CHEMBL30644
DEC_0898,decoy,COC(=O)CN(C)Cc1c[nH]c2cc3ncnc(Nc4cccc(Br)c4)c3cc12,CHEMBL39715
DEC_1267,decoy,Fc1ccc([C@H]2OCO[C@]2(Cn2cncn2)c2ccc(Cl)cc2)cc1,CHEMBL273435
DEC_3123,decoy,CC1(C)O[C@H]2[C@@H]3OB(c4ccccc4)O[C@@H]3CO[C@@]2(COS(N)(=O)=O)O1,CHEMBL417116
DEC_0108,decoy,CC1(C)N=C(N)N=C(N)N1c1ccc(I)cc1,CHEMBL7341
ACT_088,active,COc1c(O)ccc2c1cc1c3c(cc4c(c32)OCO4)C(=O)N1,CHEMBL598724
DEC_2346,decoy,CC(=O)Oc1ccccc1C(=O)Oc1ccc2[nH]c(C(=O)c3cc4ccccc4[nH]3)cc2c1,CHEMBL7666
DEC_4249,decoy,CC12CCC(=O)C=C1CCC1C2CCC2(C)C(O)CCC12,CHEMBL268313
DEC_2529,decoy,Cc1ccc(-c2nnc([S+](C)[O-])n2C)cc1,CHEMBL279465
DEC_0769,decoy,CCN(CC)/C(S)=N\c1ccc(-c2nc(-c3ccco3)no2)c(Cl)c1,CHEMBL278316
DEC_2615,decoy,CCc1c2c(nc3cnc(C(=N)N)cc13)-c1cc3c(c(=O)n1C2)COC(=O)[C@]3(O)CC,CHEMBL13349
DEC_4710,decoy,COC(=O)COc1cccc2c(CC(C)NC[C@H](O)c3cccc(Cl)c3)c[nH]c12,CHEMBL283426
DEC_4312,decoy,O=C(c1ccccc1Cl)c1ccc2n1CCC2C(=O)O,CHEMBL9154
DEC_3276,decoy,CCCN(CCC)C1CCc2ccc(O)c(O)c2C1,CHEMBL11564
DEC_3374,decoy,C=CCOC(=O)NC1C2C(=O)CC(c3ccc(O)cc32)C1C(=O)OCC[Si](C)(C)C,CHEMBL12742
DEC_0401,decoy,N#CC(=C(/N)Sc1ccccc1N)/C(C#N)=C(\N)Sc1ccccc1N,CHEMBL34704
DEC_0678,decoy,CC(C)(C)NC(=O)[C@H]1CCC2C3CCC4=C(O)C(=O)CC[C@]4(C)C3CC[C@@]21C,CHEMBL36573
DEC_1031,decoy,CCOC(=O)C(=O)Nc1ccc(-c2csc(NC(=O)C(=O)OCC)n2)cc1,CHEMBL16137
DEC_1531,decoy,CCONC1=NC(=O)/C(=C/c2cc(C(C)(C)C)c(O)c(C(C)(C)C)c2)O1,CHEMBL280471
DEC_0149,decoy,O=C(O)[C@@H]1C[C@H]2C[C@@H](c3ccc(-c4nn[nH]n4)s3)CC[C@H]2CN1,CHEMBL17098
DEC_4069,decoy,CC(C)(C)C12COC(C3=CC(=O)C=CC3=[N+]=[N-])(OC1)OC2,CHEMBL431294
DEC_2542,decoy,CC1(C)OC(/C=C/c2ccc(C#N)cc2)=CC1=O,CHEMBL17670
DEC_2131,decoy,Cc1ccc2c(c1)C[C@H]1N[C@]2(C)c2ccccc21,CHEMBL25426
DEC_1405,decoy,C[C@@H](O)[C@H]1C(=O)N2C(C(=O)O)=C(S[C@@H]3CN[C@@H](c4ccc(CNCC(N)=O)cc4)C3)[C@H](C)[C@H]12,CHEMBL17033
DEC_4435,decoy,CC(C)(C)C(=O)OCc1cc(C(C)(C)C)ccc1C/N=C(\S)NCc1ccc(NS(C)(=O)=O)c(F)c1,CHEMBL46233
DEC_0307,decoy,CC(C)(C)NCC(O)CON=C(C1CC1)C1CC1,CHEMBL285972
DEC_1386,decoy,C[C@@H](O)[C@H]1C(=O)N2C(C(=O)O)=C(S[C@@H]3CN[C@@H](c4ccc(CSC(=N)N)cc4)C3)[C@H](C)[C@H]12,CHEMBL17251
DEC_4418,decoy,O=S(=O)(NC1CC1c1ccc(Cl)c(Cl)c1)NS(=O)(=O)NC1CC1c1ccc(Cl)c(Cl)c1,CHEMBL21769
DEC_0868,decoy,CCOc1nc2c(n1Cc1ccc(OC)c(Br)c1)C(=O)N(CC)C1=N[C@@H]3CCC[C@@H]3N12,CHEMBL441223
DEC_1722,decoy,CCc1cn([C@@H]2O[C@H](CNC(=O)C3c4ccccc4Sc4c(Cl)cccc43)[C@@H](O)[C@@H]2F)c(=O)[nH]c1=O,CHEMBL295657
DEC_1717,decoy,C=C[C@@]1(C)CC(=O)[C@]2(O)C3(C)C(C(O)C(OC(=O)Cn4cnc5ccccc54)[C@@]2(C)O1)C(C)(C)CC[C@@H]3O,CHEMBL54862
DEC_0790,decoy,Cc1noc(NS(=O)(=O)c2cccc3c(NC(=O)C(C)C)cccc23)c1C,CHEMBL26252
DEC_1418,decoy,CCCS(=O)(=O)c1csc(C(=O)N[C@H](C)[C@](O)(Cn2cncn2)c2ccc(F)cc2F)c1N,CHEMBL301698
DEC_3854,decoy,CC(=O)SCC1CCCN(C(C(=O)O)c2ccccc2)C1=O,CHEMBL12006
DEC_0035,decoy,Cc1c(C)c2c(c(C)c1O)CCC(C)(COc1ccc(CC3SC(=O)NC3=O)cc1)O2,CHEMBL408
DEC_1046,decoy,N#C/C(=C(/N)Sc1ccccc1N)c1cccc(C(O)c2ccc3c(c2)OCCO3)c1,CHEMBL34072
DEC_3858,decoy,CCOC(=O)c1cc2c3cc(-n4cnnc4)c(Cl)cc3nc(O)n2n1,CHEMBL268445
DEC_2422,decoy,O=C(Cn1c(C2CCNCC2)nc2cc(Cl)c(Cl)cc21)N/N=C/c1ccc2c(c1)OCCO2,CHEMBL20031
DEC_1905,decoy,COc1nc(C)ccc1-c1nc2cc3c(cc2[nH]1)C(C)(C)C(=O)N3,CHEMBL285302
DEC_3315,decoy,O=C(Cc1ccc(I)cc1)OCCCc1c[nH]cn1,CHEMBL277227
DEC_0306,decoy,C/C(=N/OCC(O)CNC(C)(C)C)C1CC1,CHEMBL24045
DEC_2583,decoy,CSc1nnc(/C=C/c2cc(C(C)(C)C)c(O)c(C(C)(C)C)c2)s1,CHEMBL275445
DEC_3817,decoy,COC(=O)C1=C(C)N=C(C)/C(=C(/O)OC)C1(C)c1ccccc1,CHEMBL30392
DEC_3742,decoy,CCC1(c2cccc(Oc3cc(Cn4ccnc4)ccc3C#N)c2)CCCCN(C)C1=O,CHEMBL282499
DEC_2877,decoy,CN1CCCCC1/C=C/C1c2ccccc2Cc2ccccc21,CHEMBL21942
DEC_2941,decoy,COc1ccc(C2Sc3ccccc3N3C(=O)CCC23)cc1,CHEMBL21575
DEC_2306,decoy,Clc1ccc(CN2CCc3ccccc3C2Cn2ccnc2)c(Cl)c1,CHEMBL27895
DEC_4697,decoy,Cc1noc(NS(=O)(=O)c2cccc3c(NCc4ccccc4)cccc23)c1C,CHEMBL440653
DEC_4137,decoy,Cc1ccc2c(c1)CC(O)c1cc(C(C)C(=O)O)ccc1O2,CHEMBL428000
DEC_2753,decoy,C=CCN1CC[C@]23c4c5ccc(O)c4O[C@H]2C(=O)CC[C@@]3(OCC)C1C5,CHEMBL280309
DEC_2944,decoy,OC(c1ccc(Br)cc1)(c1cncnc1)C1CC1,CHEMBL28465
DEC_2647,decoy,COc1ccc(S(=O)(=O)N(Cc2ccc(F)c(F)c2)[C@H](C)C(=O)NO)cc1,CHEMBL21387
DEC_1420,decoy,Nc1nc(N)c2nc(CN3CCOc4cc(C(=O)NC(CCCC(=O)O)C(=O)O)ccc43)cnc2n1,CHEMBL12946
DEC_1759,decoy,CS(=O)(=O)Nc1ccc(-c2cc(C(F)(F)F)nn2-c2ccc(S(N)(=O)=O)cc2CO)cc1,CHEMBL441972
DEC_1492,decoy,O=c1cc(-c2ccc(O)cc2)oc(O)c1SCc1ccccc1,CHEMBL14692
DEC_0456,decoy,CC(C)(O)CC(=O)c1cc(C(C)(C)C)c2c(c1)C(C)(C)CCO2,CHEMBL274717
DEC_2102,decoy,Cc1cc(C(=O)Nc2ccc(C(=N)N)cc2F)n(-c2cc3ccccc3cc2F)n1,CHEMBL20396
DEC_3713,decoy,O=C1CC2(CCCC2)CC(=O)N1CCCCNCC1COc2ccc3ccccc3c2O1,CHEMBL12311
DEC_0299,decoy,O=C(N[C@H](CCC(=O)N1c2ccccc2CCC1C(=O)O)C(=O)O)OCc1ccccc1,CHEMBL41427
DEC_0376,decoy,CCCCN(C(C)=O)[C@H]1CCC2C3CC[C@H]4N(C)C(=O)CC[C@]4(C)C3CC[C@@]21C,CHEMBL17514
DEC_1918,decoy,O=C1CCC2(O)C3Cc4ccc(O)c5c4C2(CCN3C2CCCCC2O)C1O5,CHEMBL282727
DEC_1147,decoy,Oc1cc(C(F)(F)F)c2cc3c(cc2n1)NC[C@H]1CCCC[C@H]31,CHEMBL25802
DEC_0053,decoy,CO[C@H]1O[C@]2(C)OO[C@]13[C@H](CCO)CCC[C@@H]3C[C@H]2C,CHEMBL282000
DEC_0086,decoy,Clc1cc(N=NN2CCCC2)cc(Cl)c1NC1=NCCN1,CHEMBL22073
DEC_0473,decoy,Nc1ccc(-c2nc3n(c2-c2ccc(N)cc2)CCS3)cc1,CHEMBL274706
DEC_0378,decoy,CCCCc1nc(N(Cc2ccccc2)Cc2ccccc2)c2sccc2n1,CHEMBL31773
DEC_3928,decoy,COc1cc2c(cc1OC)[C@]1(c3cc(OC)c(OC)c(OC)c3)OC[C@H](C2)[C@@H]1C,CHEMBL18386
DEC_2560,decoy,Nc1nc2ccccc2c2nc(-c3ccco3)nn12,CHEMBL267415
DEC_3636,decoy,O=C(O)c1cccc(-c2cccn(C(CN3CCC(O)C3)c3ccccc3)c2=O)c1,CHEMBL15122
DEC_2772,decoy,CCOP(=O)(OCC)OC1Cc2c(cccc2N(C)CC#CC#CC(C)(C)C)NC1=O,CHEMBL32125
DEC_1802,decoy,N#CCCNC(=O)CCCn1c2c(c3ccccc31)C(=O)CN1CCCCC21,CHEMBL417863
DEC_3275,decoy,CCCN(CCC)[C@H]1CCc2cccc(O)c2[C@H]1C,CHEMBL40264
DEC_2503,decoy,O=C(O)CCNc1ccc2c3c(nn2CCO)-c2ccccc2C(=O)c13,CHEMBL24618
DEC_0159,decoy,N#CCCCCn1cnc2c1NC=NCC2O,CHEMBL35156
DEC_2553,decoy,O=S1NC(Cc2cc3ccccc3s2)=NO1,CHEMBL17854
DEC_0807,decoy,C=C(Cl)C(=O)N[C@@H]1CCC2(O)C3Cc4ccc(O)c5c4C2(CCN3CC2CC2)C1O5,CHEMBL282203
DEC_2399,decoy,CCCn1c(=O)c2nc(/C=C/c3ccccc3)[nH]c2n(C)c1=O,CHEMBL34120
DEC_1244,decoy,CCC(C)(C)/N=c1\c(O)c(O)\c1=N/Cc1c(C)cc(C)cc1Cl,CHEMBL19799
DEC_2200,decoy,Cc1c(Sc2ccccc2)n(COCCO)c(=O)[nH]c1=O,CHEMBL31871
DEC_2438,decoy,Clc1ccc(C2=CCc3ccc(Cl)cc3N=C2N2CCNCC2)cc1.O=C(O)/C=C/C(=O)O,CHEMBL16624
DEC_0003,decoy,CN(C)CC#CCCC1(C2(O)c3ccccc3Sc3ccccc32)SCCCS1,CHEMBL41269
DEC_1832,decoy,CN1C=CCC(C(=O)OCOC(=O)C2N3C(=O)C(NC(=O)Cc4ccccc4)C3SC2(C)C)=C1,CHEMBL53241
DEC_0858,decoy,COC(=O)CCC(O[C@H]1O[C@@H]2OC3(C)CC[C@H]4[C@H](C)CCC([C@H]1C)C24OO3)c1ccc(F)cc1,CHEMBL31905
DEC_4195,decoy,Cc1ccccc1-c1cc(C(OCc2ccccc2)c2cncn2C)ccc1C#N,CHEMBL28937
DEC_4550,decoy,Oc1cccc(Oc2nccc(-c3c(-c4ccc(F)cc4)ncn3C3CCNCC3)n2)c1,CHEMBL14125
DEC_1422,decoy,CCc1cn([C@@H]2O[C@H](CNC(=O)C3c4ccccc4Oc4c(OC)cccc43)[C@@H](O)[C@@H]2F)c(=O)[nH]c1=O,CHEMBL42389
DEC_2516,decoy,CCOC(=O)C1=CC2c3ccccc3NC2C=N1,CHEMBL282050
DEC_3269,decoy,CC1C/C(=N/OCC(O)CNC(C)(C)C)CC(C)(C)C1,CHEMBL24500
DEC_1461,decoy,Cc1noc(C)c1C(OC1CCNCC1)c1ccc(C(C)C)cc1,CHEMBL22986
DEC_2295,decoy,Clc1ccc(C2(Cn3ccnc3)OCC(c3ccccc3)O2)cc1,CHEMBL29498
DEC_0974,decoy,COC1[C@@H](Cn2cncn2)[C@H](COc2ccc(OC(C)(C)C)cc2)CC[C@@]1(C)CCS(C)(=O)=O,CHEMBL298400
DEC_3952,decoy,CC1(O)OC(=O)C(Oc2ccc(F)c(F)c2)=C1c1ccc(S(C)(=O)=O)cc1,CHEMBL18796
DEC_3991,decoy,Cn1nc(-c2c(F)cccc2F)n(C)c1=S,CHEMBL277485
DEC_4124,decoy,O=C1CCc2cc3c(c4c5c(O)cccc5n1c24)CCNC3,CHEMBL24768
DEC_1410,decoy,CCN(Cc1cnc2nc(N)nc(N)c2c1C)c1ccc(C(=O)NC(CCC(=O)O)C(=O)O)cc1,CHEMBL11610
DEC_3909,decoy,O=C(O)CCC(=O)N1CCC(CCCC2CCNCC2)CC1,CHEMBL31835
DEC_0407,decoy,C#CCN(Cc1ccc2nc(N)nc(O)c2c1)c1ccc(CCCC(=O)O)cc1,CHEMBL13679
DEC_2098,decoy,O=C(O)CCC(=O)Nc1cccc2c1CC(O)C(N1CCC(c3ccccc3)CC1)C2,CHEMBL417277
DEC_4563,decoy,COc1cc(NS(C)(=O)=O)ccc1Nc1c2ccc(C)cc2nc2c(C(N)=O)cccc12,CHEMBL42193
ACT_058,active,COc1ccc(F)cc1-c1ccnc2[nH]c(C3=CCN(CC(O)CO)CC3)cc12,CHEMBL3668457
DEC_1517,decoy,COc1ccc2c(c1)OCC1c3cc(O)c(OCC(C)C)cc3OC21,CHEMBL20559
DEC_3139,decoy,COC12[C@@H]3N[C@@H]3CN1C1=C(C(=O)C(N3CCCCC3)=C(C)C1=O)[C@@H]2COC(N)=O,CHEMBL35959
DEC_3571,decoy,CN(C)S(=O)(=O)N(C)[C@@H]1CCN2CCc3ccccc3[C@@H]2C1,CHEMBL282098
DEC_3560,decoy,COc1ccc2c(c1)C(c1ccco1)OC2=O,CHEMBL37793
DEC_4413,decoy,Cc1cc(C)c(NC(=O)c2sccc2S(=O)(=O)Nc2onc(C)c2Cl)c(S(=O)(=O)C(C)C)c1,CHEMBL291592
DEC_3654,decoy,CC(C)(C)c1ccc(S(=O)(=O)N[C@H]2CCN(Cc3cc4[nH]cccc-4n3)C2=O)cc1,CHEMBL266736
DEC_3365,decoy,O=c1nc(/N=C/N(c2ccccc2)c2ccccc2)ccn1C1CSC(CO)O1,CHEMBL278480
DEC_1528,decoy,CCOc1nnc(-c2cc(C(C)(C)C)c(O)c(C(C)(C)C)c2)s1,CHEMBL16733
DEC_3728,decoy,CC(C)(C)C(=O)Oc1ccc(S(=O)(=O)c2ccc(OC(=O)C(C)(C)C)cc2)cc1,CHEMBL9923
DEC_2867,decoy,C[C@@H]1CCC[C@@H](C)C12OOC1(OO2)[C@@H](C)CCC[C@@H]1C,CHEMBL441514
DEC_2671,decoy,O=NN(CCCl)C(=O)NC1CCC(NC(=O)N(CCCl)N=O)CC1,CHEMBL12577
DEC_3424,decoy,O=C(O)CN1CCC2(CCC(C(=O)N3CCC(C4CCCCC4)CC3)CC2)CC1,CHEMBL24671
DEC_0825,decoy,COc1cc2nc(N3CCN(C(=O)C4CC5C=CC4C5)CC3)nc(N)c2cc1OC,CHEMBL6339
DEC_2990,decoy,CNC1=Nc2ccc(N(C)Cc3ccc(S(=O)(=O)N4CCOCC4)cc3)c3c(C)ccc1c23,CHEMBL9671
DEC_0477,decoy,Oc1ccc2c(c1CCCSc1ccccc1)CCO2,CHEMBL7647
DEC_0209,decoy,Cc1ccc(/C=C2\CS(=O)(=O)CC3C2=NN(CC(F)(F)F)C3c2ccc(C)cc2)cc1,CHEMBL290108
DEC_1819,decoy,CC(C)C(NC(=O)Cn1ccc2c(=O)n(CC(=O)OC(C)(C)C)c(=O)[nH]c2c1=O)C(=O)C(F)(F)F,CHEMBL14176
DEC_0372,decoy,C(#Cc1ccccc1)CN1CCC(COC(c2ccccc2)c2ccccc2)CC1,CHEMBL7460
DEC_3195,decoy,COc1nc2nc(C(=O)c3ccccc3)cn2c2c1CSCC2,CHEMBL20221
DEC_1288,decoy,COC(=O)c1oc2c(sc3ccccc32)c1OC(=O)N(C)C,CHEMBL268459
DEC_3466,decoy,CC1(C)N=C(N)N=C(N)N1c1ccc(C#Cc2ccccc2)cc1,CHEMBL284157
DEC_2958,decoy,CN(C)C1CCN(C2c3ccccc3Oc3ccccc32)CC1,CHEMBL20632
DEC_3570,decoy,CN(C)c1ccc(/C=C/c2nc3c(c(=O)n(C)c(=O)n3C)n2C)cc1,CHEMBL26245
DEC_3204,decoy,CC(C)NCC(=O)N1c2ccccc2N(C)S(=O)(=O)c2ccccc21,CHEMBL284886
DEC_4610,decoy,CC1=CC(=O)CC(C)(C)[C@@]1(O)/C=C/C(C)=C\C(=O)O,CHEMBL288040
DEC_4393,decoy,Cc1ccc(CC(COC(=O)C(C)(C)C)CN(O)/C(S)=N/Cc2ccc(NS(C)(=O)=O)c(F)c2)cc1C,CHEMBL72562
DEC_0953,decoy,CC(C)=CCN1C[C@H](OCC23C[C@@H]4[C@H](C)CC[C@H]4C4(C=O)CC2C=C(C(C)C)[C@@]34C(=O)O)OC[C@H]1C,CHEMBL286023
DEC_0574,decoy,COc1cccc(Sc2c(NS(=O)(=O)c3ccc(C(C)(C)C)cc3)noc2CCCCO)c1,CHEMBL54770
DEC_3302,decoy,CS(=O)(=O)NC1c2ccccc2Oc2ccccc21,CHEMBL20762
DEC_1017,decoy,CCOC(=O)Oc1ccc2cc(S(=O)(=O)C3SC(=O)NC3=O)ccc2c1,CHEMBL284459
DEC_1956,decoy,Cc1ccc(Cl)c2c1SCc1c-2oc(C(=O)O)cc1=O.NCCO,CHEMBL30210
DEC_4358,decoy,Cc1ccc2c(c1)C(=O)N(CCO[N+](=O)[O-])CO2,CHEMBL30040
DEC_1399,decoy,C[C@@H](O)[C@H]1C(=O)N2C(C(=O)O)=C(S[C@@H]3CN[C@H](CSc4nnnn4-c4ccccc4)C3)[C@H](C)[C@H]12,CHEMBL284420
DEC_4452,decoy,O=C(NC[C@@H]1Cc2ccccc2CN1/C(S)=N/C[C@H]1CCCN1Cc1ccccc1F)Nc1ccccc1,CHEMBL40108
DEC_2110,decoy,Cc1[nH]c(/C=C2\C(=O)Nc3ccc(F)cc32)c(C)c1C(=O)NCC1CCN(C)CC1,CHEMBL13983
DEC_3122,decoy,C[C@@H](O)[C@H]1C(=O)N2C(C(=O)O)=C(S[C@@H]3CN[C@H](C(=O)N(C)C)C3)[C@H](C)[C@H]12,CHEMBL127
DEC_0442,decoy,N/C(=N/O)c1ccc(CCCn2ncc3c2nc(N)n2nc(-c4ccco4)nc32)cc1,CHEMBL22822
DEC_0723,decoy,CCOC(=O)c1cnc2cc(C3=NNC(=O)CC3)ccc2c1O,CHEMBL22364
DEC_0620,decoy,CC(C)=CC[C@@H](OC(=O)CCl)C1=CC(=O)c2c(O)ccc(O)c2C1=O,CHEMBL8834
DEC_3839,decoy,O=C(NO)C(NCc1cccc(C(F)(F)F)c1)c1ccccc1F,CHEMBL282858
DEC_2962,decoy,COc1ccc2c(c1)OC=C(c1ccc(OC)c(OC)c1)[C@H]2O,CHEMBL13298
DEC_4691,decoy,COc1ccccc1C(=O)NC[C@]1(c2ccccc2)CC[C@@H](NC(=O)SC)CC1,CHEMBL16877
DEC_4285,decoy,CN/C(=N/C1=CC(C)(C)Oc2ccc(C#N)cc21)NC#N,CHEMBL6384
DEC_0270,decoy,O=C(N[C@H](CCC(=O)N1Cc2ccccc2C[C@H]1C(=O)O)C(=O)O)OCc1ccccc1,CHEMBL40477
DEC_0439,decoy,CCN(CC)CCNCCNc1ccc2ncn3c4ccc(O)cc4c(=O)c1c23,CHEMBL413497
DEC_2900,decoy,CCO/C(C)=N\C1c2ccccc2Oc2ccccc21,CHEMBL20810
DEC_1395,decoy,NS(=O)(=O)c1cc(C(=O)NCCNCC(O)COc2cccc3c2SCC(=O)N3)ccc1Cl,CHEMBL38532
DEC_2274,decoy,Clc1ccc(C2(Cn3ccnc3)OCC(c3ccccc3Cl)O2)cc1,CHEMBL286524
DEC_0037,decoy,O=C(Nc1nccs1)c1c(C(F)(F)F)nc2c(Cl)ccc(C(F)(F)F)c2c1O,CHEMBL287263
DEC_4741,decoy,CC(=O)N1CCN(C(=O)/C=C/c2ccc(Sc3cccc4ccn(C)c34)c(Cl)c2)CC1,CHEMBL19634
DEC_3131,decoy,Nc1nc(=O)n(C2CSC3(COP(=O)(O)OC3)O2)cc1Br,CHEMBL416933
DEC_1166,decoy,C=C1/C(=C\C=C2/CCC[C@@]3(C)C2CC[C@@H]3C(C)=O)CC(O)C[C@@H]1O,CHEMBL24401
DEC_0062,decoy,C[C@@]12CCc3occc3C1CC[C@@]13CC(CCC12)C(O)(CO)C3,CHEMBL31819
DEC_2548,decoy,CCN1CCOC2c3ccc(OC)cc3CC[C@H]21,CHEMBL288765
DEC_2471,decoy,C=CCC1=C(C(=O)O)N2C(=O)[C@@H](NC(=O)[C@H](N)c3ccc(O)cc3)[C@H]2SC1,CHEMBL18825
DEC_0298,decoy,O=C1[C@@H](NS(=O)(=O)c2ccc(-c3ccccn3)s2)CCN1CCNc1ccncc1,CHEMBL267910
DEC_4476,decoy,CC(=O)NC[C@@H]1OC(=O)N2c3ccc(C(C)=O)cc3C[C@@H]12,CHEMBL20654
DEC_0461,decoy,c1ccc(CNC2c3ccccc3Oc3ccccc32)nc1,CHEMBL20040
DEC_3334,decoy,OC(c1ccc(Cl)cc1)C(O)(Cn1cncn1)c1ccc(Cl)cc1,CHEMBL269459
DEC_4115,decoy,O=C1NC(=O)C(Sc2ccc3cc(O)c(O)cc3c2)S1,CHEMBL284376
DEC_2601,decoy,Cc1cc(-n2ccc(=O)[nH]c2=O)cc(Cl)c1Sc1ccc(Cl)cc1,CHEMBL10830
DEC_3044,decoy,Cc1noc(NS(=O)(=O)c2ccc3cccc(N(C)C)c3c2)c1C,CHEMBL29705
DEC_2853,decoy,O=C1c2ccccc2[C@@H]2[C@H](C(=O)O)[C@H](C(=O)O)[C@@H]2c2ccc(-c3ccccc3)cc21,CHEMBL286687
DEC_2995,decoy,CCN1C(=O)c2c(nc(C(=O)NC)n2Cc2ccc(OC)c(Cl)c2)N2C1=N[C@@H]1CCC[C@@H]12,CHEMBL26102
DEC_2677,decoy,C[C@@H](/N=c1\c(O)c(O)\c1=N/c1ccc(C#N)cc1C(=O)c1ccccc1)C(C)(C)C,CHEMBL275166
DEC_0927,decoy,OC1CCN(C2=Nc3ccccc3Cn3c2cc2ccccc23)CC1,CHEMBL13642
DEC_2444,decoy,COc1ccc(NC(=O)N2CCC(c3c[nH]c4cccc(F)c34)CC2)cc1N1CCN(C)CC1,CHEMBL15961
DEC_0679,decoy,OC1CCCCC1N1CCC(CCC2CCN(C3CCCCC3O)CC2)CC1,CHEMBL20656
DEC_2508,decoy,COC(=O)c1ccc(Oc2cccc(NC(=O)[C@@H](N)CS)c2)cc1,CHEMBL26134
DEC_0798,decoy,CCN(CC)CCNc1ccc(CO)c2sc3ccccc3c(=O)c12,CHEMBL22077
DEC_1344,decoy,CCCNC(=O)c1coc(C2C3CCC(O3)C2Cc2ccccc2CCC(=O)O)n1,CHEMBL433435
DEC_3185,decoy,COc1ccc(CN2C(=O)C3CC(c4ccc(N)cc4)(C3)C2=O)cc1,CHEMBL28290
DEC_2387,decoy,C#CCOc1ccc(C(=O)c2ccc3n2CCC3C(=O)O)cc1,CHEMBL9290
DEC_0843,decoy,Cc1cccc(S(=O)(=O)C2(CC#Cc3ccc(Cl)cc3)SC(=O)NC2=O)n1,CHEMBL268766
DEC_3173,decoy,CC(S(=O)(=O)c1ccc(Cl)cc1)S(=O)(=O)C(F)(F)F,CHEMBL274544
DEC_3078,decoy,CCN(CC)CCNc1ccc(CO)c2oc3ccc(O)cc3c(=O)c12,CHEMBL22897
DEC_1073,decoy,CCc1nc2cc(OC3CCN(C(C)=N)CC3)ccc2n1C/C=C/c1cccc(N)c1,CHEMBL25484
DEC_4587,decoy,NC(=O)N(O)C1c2ccccc2Oc2ccccc21,CHEMBL20544
DEC_3604,decoy,COc1cccc(/C=C/c2nc3c(=O)n(C)c(=O)n(C)c3[nH]2)c1,CHEMBL27032
DEC_3312,decoy,CCCN(CCC)[C@@H]1CCc2c(F)ccc(O)c2C1,CHEMBL41716
DEC_1935,decoy,COc1cc2c(c(O)c1O)-c1ccc(OC)c(=O)cc1[C@@H](NC(C)=O)CC2,CHEMBL281037
DEC_2953,decoy,CC(Sc1nc(N)cc(Cl)n1)c1cc2ccoc2cn1,CHEMBL280752
DEC_2384,decoy,COc1cc(CC(C)NN)c(OC)cc1I,CHEMBL276654
DEC_4297,decoy,CCCCn1cc2c(nc(N)n3nc(-c4ccco4)nc23)n1,CHEMBL16894
DEC_4560,decoy,O=C(O)c1ccc(Oc2nccc(-c3c(-c4ccc(F)cc4)ncn3C3CCNCC3)n2)cc1,CHEMBL14233
DEC_3088,decoy,COc1ccc([C@]2(C#N)C[C@H]3C[C@@H](C(=O)NO)C[C@H]3C2)cc1OCC1CC1,CHEMBL284867
DEC_2710,decoy,CNCCN(C)/C(S)=N/c1c(Cl)cccc1Cl.O=C(O)/C=C\C(=O)O,CHEMBL31958
DEC_3444,decoy,COc1ccc(C2(O)OC(=O)C(c3cccc(OC)c3)=C2Cc2ccccc2)cc1,CHEMBL274307
DEC_3680,decoy,O=C(OCCCc1ccc(F)cc1)[C@@H]1CCCN1C(=O)NC12C[C@H]3C[C@@H](C1)C[C@@H](C2)C3,CHEMBL33062
ACT_034,active,N#Cc1ncc2nc1OCCCCOc1cc(NCc3cncs3)c(Cl)cc1NC(=O)N2,CHEMBL248757
DEC_1025,decoy,CCOC(=O)C(=O)Nc1nc(-c2cc(OC)c(OC)c(OC)c2)cs1,CHEMBL16113
DEC_1522,decoy,CC(O)CN(C)c1nc2cc(-c3ccccc3)nnc2c2ccccc12,CHEMBL282201
DEC_2597,decoy,CCc1cc2c(s1)Nc1ccc(F)cc1N=C2N1CC(C)N(C)CC1C,CHEMBL278473
DEC_3300,decoy,C=Cc1ccc(C(=O)c2ccc3n2CCC3C(=O)O)cc1,CHEMBL9129
ACT_090,active,CC(C)(C)c1nc2c3ccc(F)cc3c3c(=O)[nH]ccc3c2[nH]1,CHEMBL21156
DEC_1110,decoy,CC[C@H]1CCc2c(O)c3c(c(O)c2[C@H]1C(=O)OC)C(=O)c1cccc(O)c1C3=O,CHEMBL21719
DEC_4378,decoy,C=C1C[C@@]23O[C@]2(c2ccccc21)C1CC(OC(=O)[C@H](O)[C@@H](NC(=O)OCC)c2ccc(C)cc2)C3(C)C1(C)C,CHEMBL280644
DEC_1112,decoy,CCC1(O)C(=O)OCc2c1cc1n(c2=O)Cc2c-1nc1ccc(CC#N)cc1c2C,CHEMBL10611
DEC_2255,decoy,CC(C)(C)OC(=O)N[C@@H](Cc1ccccc1)[C@H](O)CNC[C@H](O)[C@H](Cc1ccccc1)NC(=O)OC(C)(C)C,CHEMBL295314
DEC_1371,decoy,CC(=O)NCc1ccc(-c2csc(NC(=N)NCCC3=CCCCC3)n2)o1,CHEMBL24361
DEC_3783,decoy,COC(=O)c1ccc2c3c4c(cc5c3n(c2c1)C(=O)CC5)CNCC4,CHEMBL22899
DEC_1463,decoy,COc1cccc2c1CC(NCCCCc1ccccc1)CC2,CHEMBL27252
DEC_0872,decoy,COc1cccc2c1CC[C@H]1CN(CCn3c(=O)[nH]c4c(sc5ccc(Cl)nc54)c3=O)C[C@@H]21,CHEMBL295741
DEC_0337,decoy,CC(C)(C)c1onc(O)c1C[C@H](N)C(=O)O,CHEMBL27130
DEC_1880,decoy,O=C(/C=C/C(Br)=C/c1ccccc1)C1=C(O)CNC1=O,CHEMBL10893
DEC_4267,decoy,CN1CCc2ccc3c4c2[C@H]1Cc1cccc(c1-4)[C@]3(C)O,CHEMBL417473
DEC_4712,decoy,COc1cc(N)c(Cl)cc1C(=O)NCCN(Cc1ccccc1)C(C)(C)C,CHEMBL279090
DEC_0716,decoy,CC1(C)N=C(N)N=C(N)N1c1ccc(Br)cc1,CHEMBL6741
DEC_1138,decoy,CC(C)(C)c1cc(-c2nnc(NC#N)s2)cc(C(C)(C)C)c1O,CHEMBL17307
DEC_4735,decoy,C[C@]12CCC(=O)C=C1NCC1C2CC[C@@]2(C)C1CC[C@@H]2C(=O)NC(c1ccccc1)c1ccccc1,CHEMBL24088
DEC_3749,decoy,CC(C)c1cccc(C(C)C)c1OC(=O)NS(=O)(=O)N(C(C)C)C1CCCCC1,CHEMBL22519
DEC_0925,decoy,CC(=O)c1ccc2c(c1)[C@@]13CCCC[C@H]1[C@@H](C2)N(CC1CCC1)CC3,CHEMBL17952
DEC_2728,decoy,O=C(O)c1ccc2oc3ccc([S+]([O-])CCO)cc3c(=O)c2c1,CHEMBL25660
DEC_4118,decoy,O=C1CCc2cc3c(c4c5ccc(O)cc5n1c24)CCNC3,CHEMBL23718
DEC_2518,decoy,COc1cc2c(cc1OC)CC(C)(C)[N+]([O-])=C2,CHEMBL13112
DEC_1126,decoy,Cc1nnc(NC(=O)c2cc(Br)cc(Br)c2O)s1,CHEMBL21934
DEC_2307,decoy,CCN(C)C(=O)c1ccc(N(c2ccccc2)[C@@H]2C[C@H]3CC[C@@H](C2)N3C)cc1,CHEMBL13316
DEC_1316,decoy,Cc1cc2c(s1)CN(C)CC2(C)c1ccc(Br)cc1,CHEMBL15654
DEC_1710,decoy,CC(C)[C@]1(c2ccccc2)OC[C@H]([C@@H]2CCCCN2)O1,CHEMBL281422
DEC_0203,decoy,CC(=O)OCC(=O)C1[C@H](C)CC2C3CCC4=CC(=O)C=CC4(C)[C@@]3(Cl)C(Cl)CC21C,CHEMBL428680
DEC_0548,decoy,COC[C@H]1OC(=O)C(=C(C)C)C2=C(O)C(=O)C3=C([C@H](OC(C)=O)C[C@]4(C)C(=O)CC[C@@H]34)[C@]21C,CHEMBL18596
DEC_2139,decoy,c1ccc(C2(N3CCCCC3)CCCCC2)cc1,CHEMBL275528
DEC_2676,decoy,NCCNC(=O)/C=C/c1c2ccccc2c(/C=C/C(=O)NCCN)c2ccccc12,CHEMBL283448
DEC_1079,decoy,Cc1nc2c(n1Cc1ccc(-c3ccccc3-c3nn[nH]n3)cc1)C(O)(CC(=O)O)CCCC2,CHEMBL43861
DEC_3592,decoy,CS(=O)(=O)OCc1ccc2c(c1)C(=O)c1ccccc1C2=O,CHEMBL21442
DEC_4748,decoy,COc1c(C(=O)N[C@@H]2CCN(C3[C@H]4C[C@@H]5C[C@@H](C[C@H]3C5)C4)C2)cc(Br)c2ccccc12,CHEMBL51754
DEC_3196,decoy,COc1cccc(-c2nc3n(c2-c2cccc(OC)c2)CC[S+]3[O-])c1,CHEMBL279856
DEC_3582,decoy,Cn1c(=O)c2c(nc(/C=C/c3ccccc3)n2C)n(C)c1=O,CHEMBL26897
ACT_039,active,CCN(CC)CC#Cc1ccc2c(c1)-c1[nH]nc(-c3ccc(C#N)nc3)c1C2,CHEMBL2007044
DEC_2632,decoy,CCC1(O)C(=O)OCc2c1cc1n(c2=O)Cc2c-1nc1ccccc1c2CCNC,CHEMBL275019
DEC_4211,decoy,CS(=O)(=O)c1ccc(-c2sc(-c3cccs3)nc2-c2ccc(F)cc2)cc1,CHEMBL16689
DEC_1783,decoy,CSC(S(=O)(=O)c1ccc(Cl)cc1)S(=O)(=O)C(F)(F)F,CHEMBL12083
DEC_0941,decoy,COc1cc2c3c4c(cc5c3n(c2cc1OC)C(=O)CC5)CNCC4,CHEMBL22397
DEC_2513,decoy,O=P(O)(O)C(Nc1ccccc1)c1cccc2nc(O)c(O)nc12,CHEMBL12546
DEC_4085,decoy,CC(C)(C)/N=c1\c(O)c(O)\c1=N/Cc1ccccc1F,CHEMBL20018
DEC_0852,decoy,C1CCN([P@@]2(N3CC3)=NP(N3CC3)(N3CC3)=N[P@@](N3CCCCC3)(N3CC3)=N2)CC1,CHEMBL281050
DEC_0487,decoy,O=C(O)Cc1cccc2c(=O)c3cccc(Cl)c3oc12,CHEMBL281096
DEC_2289,decoy,CCN1CCCC[C@H]1[C@H]1COC(c2ccccc2)(c2ccccc2)O1,CHEMBL287654
DEC_3639,decoy,CNC(=O)NC1CCc2cc(OC)c(OC)c(OC)c2-c2ccc(SC)c(=O)cc21,CHEMBL287384
DEC_1939,decoy,O=C(O)Cc1cccc2c1Cc1c-2nc(O)c2nc(CP(=O)(O)O)cn12,CHEMBL278615
DEC_0887,decoy,Cc1noc(NS(=O)(=O)c2ccsc2C2(Cc3ccc4c(c3)OCO4)OCCO2)c1Cl,CHEMBL47383
DEC_2699,decoy,N[C@H](C(=O)N1CCSC1)[C@H]1CC[C@H](NC(=O)c2ccccc2C(F)(F)F)CC1,CHEMBL283368
DEC_2439,decoy,N=C(c1ccc(NC(=O)c2nnnn2-c2ccc3cc(Cl)ccc3c2)c(F)c1)N1CCCC1,CHEMBL20496
DEC_1467,decoy,CCCCSc1c(C(=O)c2ccccc2)c[nH]c2nncc1-2,CHEMBL276336
DEC_3467,decoy,CC(C)(C)NCC(O)CON=C1CCCCC1.O=C(O)C(=O)O,CHEMBL289868
DEC_2397,decoy,CSc1c(Cl)nc(N2CCNCC2)nc1NC(C)C,CHEMBL28249
DEC_0224,decoy,CC(C)c1cccc(C(C)C)c1OS(=O)(=O)NC(=O)OC1C2CC3CC(C2)CC1C3,CHEMBL422929
DEC_3945,decoy,COC[C@H]1OC(=O)c2coc3c2[C@@]1(C)C1=C(C3=O)[C@@H]2CCC(=O)[C@@]2(C)C[C@H]1OC(C)=O,CHEMBL428496
DEC_0597,decoy,CCCCc1nc2ccc(N(C)C)cc2c(=O)n1Cc1ccc(-c2ccccc2-c2nn[nH]n2)cc1,CHEMBL25000
DEC_0638,decoy,C(=C1\CCCN(c2ccc(C3=NCCN3)cc2)C1)\c1ccc(C2=NCCN2)cc1,CHEMBL24250
DEC_3994,decoy,O=c1nc2n(c3c1CCCC3)CCCCCC2,CHEMBL288136
DEC_2693,decoy,Cc1cccc(C)c1NC(=O)CNCCCNC(=O)C1=CC(C)(C)NC1(C)C,CHEMBL275397
DEC_4658,decoy,COc1cccc(-c2ccc(C[C@H](CC(=O)NO)C(=O)N[C@H]3c4ccccc4C[C@H]3O)cc2)c1,CHEMBL8553
DEC_1588,decoy,CCCc1cc2c(cc1O)C(C)(C)C(CCc1ccc(S(C)(=O)=O)cc1)O2,CHEMBL25296
DEC_4474,decoy,O=S(=O)(CS(=O)(=O)C(F)(F)F)c1ccccc1,CHEMBL12230
DEC_0901,decoy,CC(C)(C)C1CSC(C2=CC(=O)C(Br)=CC2=[N+]=[N-])SC1,CHEMBL31975
DEC_4364,decoy,C=C(CC[C@H](O)[C@@]1(C)CC[C@H](C(C)(C)O)O1)[C@H]1CC[C@H]2O[C@@H]([C@]3(C)CC[C@](OC)(C(C)C)O3)CC[C@]2(C)O1,CHEMBL279258
DEC_1665,decoy,C1=CC(=Nn2cccc2)C=CC1=Nn1cccc1,CHEMBL25024
DEC_1436,decoy,CCCCC[C@H](O)/C=C/C1[C@@H]2C[C@@H](O)[C@H]1C/C=C\CCCC(=O)O2,CHEMBL12642
DEC_1369,decoy,CCCc1cc(O)cc(=O)n1Cc1ccc(-c2ccccc2-c2nn[nH]n2)cc1,CHEMBL25651
DEC_1102,decoy,CCC(=O)c1c(O)n(O)c2cc(NC(=O)Nc3ccccc3)ccc12,CHEMBL16313
DEC_0130,decoy,Oc1ccc2c(c1)OC[C@H](N1CCC(O)(c3ccc(F)cc3)CC1)[C@@H]2O,CHEMBL17833
DEC_3162,decoy,Cn1c(=O)c2c(nc3n(Cc4ccccc4)c(O)c(CCO)c(=O)n23)n(C)c1=O,CHEMBL13312
DEC_1229,decoy,CSc1cc2n(c1C(=O)c1ccc(C3CCCCC3)cc1)CCC2C(=O)O,CHEMBL277145
DEC_0089,decoy,CC[C@]1(c2cccc(Cl)c2)OC[C@H]([C@@H]2CCCCN2)O1,CHEMBL280739
DEC_3869,decoy,CC1(C)C=C(C(=O)NCCCNCc2ccc[nH]2)C(C)(C)N1,CHEMBL14938
DEC_3601,decoy,COc1c(Cl)nc(N2CCN(C)CC2)nc1NC(C)C,CHEMBL31403
DEC_1127,decoy,Nc1nc(O)c2nc(Br)n(C3CCCc4ccc([N+](=O)[O-])cc43)c2n1,CHEMBL11073
DEC_2743,decoy,COc1nc(COC(=O)NC(C)C)c(COC(=O)NC(C)C)n1C,CHEMBL283733
DEC_0582,decoy,CCc1nc2ccn(CC(=O)N(CC)CC)c(=O)c2n1Cc1ccc(-c2ccccc2-c2nn[nH]n2)cc1,CHEMBL418625
DEC_1718,decoy,CC(=O)[C@]1(O)Cc2c(O)c3c(c(O)c2[C@@H](OC2CC(N)C(O)C(C)O2)C1)C(=O)c1ccccc1C3=O,CHEMBL25839
DEC_4382,decoy,C/C=C/CC(=O)[C@@H](C)[C@H](O)[C@H](C)[C@H]1OC(=O)/C(OC)=C/C(C)=C/[C@@H](C)[C@@H](O)[C@@H](C)C/C(C)=C/C=C/[C@@H]1OC,CHEMBL294246
DEC_4352,decoy,OCC1CCC(n2cnc3ncnc(O)c32)O1,CHEMBL290935
DEC_2784,decoy,C#CCN(Cc1cc2c(O)nc(C)nc2cc1C)c1ccc(C(=O)NCc2nccs2)c(F)c1,CHEMBL268151
DEC_2496,decoy,CC1CCC(/C=N/c2ccccc2C(=O)O)=C2NC=C(C(=O)O)C(=O)N21,CHEMBL283577
DEC_3015,decoy,COC(=O)c1cccc2c(S(=O)(=O)Nc3onc(C)c3C)cccc12,CHEMBL283195
DEC_0304,decoy,CC1(C)OB(/C=C/CP(=O)(O)O)OC1(C)C,CHEMBL19606
DEC_1678,decoy,CC[C@]1(c2ccsc2)OC[C@H]([C@@H]2CCCCN2)O1,CHEMBL282809
DEC_0271,decoy,CNCc1ccc([C@H]2C[C@H](SC3=C(C(=O)O)N4C(=O)[C@H]([C@@H](C)O)[C@H]4[C@H]3C)CN2)s1,CHEMBL17552
DEC_2959,decoy,CC(C)CCC(C)N1CCC(N2C(=O)N[C@@H]3CCCC[C@H]32)CC1,CHEMBL26909
DEC_0832,decoy,CCN1C(=O)c2c(nc(N=[N+]=[N-])n2Cc2ccc(O)cc2)N2C1=N[C@@H]1CCC[C@@H]12,CHEMBL282709
DEC_1078,decoy,CCC1=C(c2ccc(O)cc2)c2ccc(OCC(O)CO)cc2Sc2ccccc21,CHEMBL14625
DEC_3673,decoy,C=CCNC(=O)O[C@H]1CC[C@@](CNC(=O)c2cccc(Cl)c2O)(c2ccccc2)CC1,CHEMBL441507
DEC_2704,decoy,CCC(O)(c1ccc(F)cc1)C(O)(Cn1cncn1)c1ccc(Cl)cc1,CHEMBL10771
DEC_2486,decoy,O=P(O)(O)CC(Cc1ccc(-c2ccccc2)cc1)c1nnn[nH]1,CHEMBL268466
DEC_0862,decoy,COC(=O)CCC(O[C@H]1O[C@@H]2OC3(C)CC[C@H]4[C@H](C)CCC([C@H]1C)C24OO3)c1ccc(Cl)cc1,CHEMBL31473
DEC_0181,decoy,CC(=O)OC1CCC(NC(=O)N(CCF)N=O)CC1,CHEMBL418159
DEC_2430,decoy,CCN1CCN(C2=Nc3ccc(C(C)C)cc3CC=C2c2ccccc2)CC1.O=C(O)/C=C/C(=O)O,CHEMBL16736
DEC_0048,decoy,CCc1cc2c3c(cc[n+]2nc1CC)[nH]c1ccccc13.Cc1cc(C)c(S(=O)(=O)[O-])c(C)c1,CHEMBL32587
DEC_2117,decoy,Cc1cc2c(o1)c(C)cc1c(C)cc(=O)oc12,CHEMBL285692
DEC_3474,decoy,O=P(O)(O)Cc1cc(Br)cc2nc(O)c(O)nc12,CHEMBL273662
DEC_4286,decoy,CC1CCN(c2ccc3c(c2)CN2CC(=O)NC2=N3)CC1,CHEMBL31357
DEC_3011,decoy,CC1CN(C)CC(C)N1C(=O)N1Cc2c(C(=O)OC(C)(C)C)ncn2-c2ccc(Cl)cc21,CHEMBL14862
DEC_3535,decoy,O=[N+]([O-])c1cc2c(ccc3cc(O)ccc32)o1,CHEMBL7258
DEC_2844,decoy,COC(=O)c1cc(-c2cc(O)c(Sc3ccccc3C(C)C)c(=O)o2)ccc1O,CHEMBL273234
DEC_2468,decoy,CC1(C)C=C(C(=O)NCC(O)CN2C(=O)c3ccccc3C2=O)C(C)(C)N1,CHEMBL279828
DEC_1198,decoy,O=C1Nc2cccc3c2C1(CCN1CCN(c2ccccc2)CC1)CCC3,CHEMBL268921
DEC_1457,decoy,CC1CCCC(C)N1CC(O)COC(c1ccccc1)c1ccccc1,CHEMBL274756
DEC_4387,decoy,CCCCOC(=O)N[C@@H](c1ccccc1)[C@@H](O)C(=O)OC1CC2C(C)(C)C1(C)[C@@]13C[C@H](C)c4ccccc4[C@@]21O3,CHEMBL31862
DEC_3420,decoy,Brc1cccc(Br)c1N(Cc1cccs1)C1=NCCN1,CHEMBL278118
DEC_2663,decoy,OC(CNCC(O)C1CCc2cc(F)ccc2O1)C1CCc2cc(F)ccc2O1,CHEMBL434394
DEC_3392,decoy,COc1ccc2c3c1OC1C4NC(C(=O)OCC(C)C)=C(C)C4CC4C(C2)N(C)CCC341,CHEMBL34663
DEC_1246,decoy,CCCCC[C@@H]1/C=C\C2[C@H](O)C[C@H](O)[C@@H]2CCCCCCC(=O)O1,CHEMBL418532
DEC_3389,decoy,Cc1nc(COc2ccc3c(c2)[C@@H](O)[C@@H](Cc2cccnc2)CO3)ccc1[N+](=O)[O-],CHEMBL283886
DEC_0229,decoy,Oc1ccc2c3c1OC1[C@H]4OC[C@@]4(CCCc4ccccc4)CC4C(C2)N(CC2CC2)CCC341,CHEMBL441761
DEC_2562,decoy,Oc1cc2c(cc1Oc1ccccc1)OCC2,CHEMBL440452
DEC_4744,decoy,Brc1ccc2c(c1)CC=C(c1ccccc1)C(N1CCN(c3ccccc3)CC1)=N2,CHEMBL276763
DEC_2738,decoy,Nc1nc(N)c2nc(CSc3cccc(Cl)c3)cnc2n1,CHEMBL409194
DEC_2453,decoy,O=C(Nc1nccs1)c1c(C(F)(F)C(F)(F)F)nc2c(C(F)(F)F)cccc2c1O,CHEMBL286824
DEC_1287,decoy,COC(=O)C1=C(C)N=C(C)/C(=C(\O)OC)C1c1ccc(C)cc1,CHEMBL25934
DEC_4459,decoy,COc1ccc(Cl)cc1C(=O)NCCc1ccc(OC)c(S(=O)(=O)/N=C(\S)NC2CCCCC2)c1,CHEMBL12616
DEC_3102,decoy,CC(=O)c1cc2c(s1)[C@@H](NC(=O)c1ccc(C)cc1)[C@H](O)C(C)(C)O2,CHEMBL287433
DEC_1824,decoy,CC[C@@]1(O)C(=O)OCc2c1cc1n(c2=O)Cc2c-1nc1c[n+]([O-])c(CNC(=O)OC(C)(C)C)cc1c2C,CHEMBL13227
DEC_0207,decoy,CN1C(=O)C=C[C@]2(C)C3CC[C@@]4(C)C(CC[C@@]4(O)C#CCCCBr)C3CCC12,CHEMBL275764
DEC_0533,decoy,C/C=C(/C)C(=O)O[C@@]12C[C@@H](C)[C@]3(O)C4C=C(C)C(=O)[C@@]4(O)CC(COC(C)=O)=C[C@H]3[C@@H]1C2(C)C,CHEMBL6504
DEC_4199,decoy,Clc1ccc(CC2COC(Cn3ccnc3)(c3ccc(Cl)cc3Cl)O2)cc1,CHEMBL29131
DEC_4139,decoy,Cc1cccc2[nH]c([S+]([O-])Cc3ccccc3N)nc12,CHEMBL19987
DEC_1580,decoy,CCCc1cc(=O)oc2c(C(=O)C(C)(C)C(C)O)c(O)c3c(c12)OC(C)(C)C=C3,CHEMBL269121
DEC_0491,decoy,Cc1cc(C)cc(COCC2(c3ccccc3)CCNCC2)c1,CHEMBL277918
DEC_2860,decoy,CC(C)(C)c1cccc(C(C)(C)C)c1OC(=O)NS(=O)(=O)Nc1ccccc1,CHEMBL277641
ACT_063,active,CC1(C)CC2=Nc3cc(Cl)ccc3SC2=C(O)C1,CHEMBL1562756
DEC_1772,decoy,Cc1c(C(=O)c2ccc(N(C)C)cc2)n(C(=O)C(C)C)c(=O)n1C(=O)C(C)C,CHEMBL34521
DEC_3630,decoy,CN(C)C(=N)c1ccc(NC(=O)c2nnnn2-c2cc3ccccc3cc2F)c(F)c1,CHEMBL417826
DEC_2055,decoy,Oc1ccc2c(c1O)CCCC2C1=NCCN1,CHEMBL7186
DEC_0309,decoy,CCCC1NN(C(C)=O)C(CCC)NN1C(C)=O,CHEMBL17616
DEC_1704,decoy,C[C@]1(c2ccccc2)OC[C@H]([C@@H]2CCCCN2)O1,CHEMBL417117
DEC_3362,decoy,CN1CC(O)=C(C(=O)/C=C/C(Br)=C/c2ccccc2)C1=O,CHEMBL10383
DEC_3481,decoy,Cc1ccc2c(c1)-c1oc(C(=O)O)cc(=O)c1CS2.NCCO,CHEMBL283719
DEC_4202,decoy,CCN(C)c1ccc(-c2nc3n(c2-c2ccc(N(C)CC)cc2)CCS3)cc1,CHEMBL276051
DEC_3463,decoy,CSc1ccc2sc(Cn3nc(CC(=O)O)c4ccccc4c3=O)nc2c1,CHEMBL418007
DEC_1260,decoy,CC[C@@H]1[C@@H](C)C(=O)CC23CCN(C)C(Cc4ccc(OC)cc42)[C@@H]13,CHEMBL33791
DEC_2318,decoy,CC(C)(N)C(=O)N[C@H](Cc1c[nH]c2ccccc12)C(=O)N1CCCC2(CCc3ccccc3O2)C1,CHEMBL274340
DEC_4430,decoy,C/C(=C(\F)C(=O)Nc1ccc(-c2ccccc2S(N)(=O)=O)cc1Br)c1cccc(C(=N)N)c1,CHEMBL288232
DEC_0418,decoy,CCOC(=O)Nc1cc2c(c(N)n1)N=C(CN(C)c1ccc(C(=O)OC)cc1)CN2,CHEMBL9597
DEC_0052,decoy,CO[C@H]1O[C@]2(C)OO[C@]13[C@H](CCO)CCC[C@@H]3C[C@@H]2C,CHEMBL277457
DEC_1929,decoy,N=C(N)c1ccc(CNC(=O)C2=CCCC2C(=O)N2CCc3ccccc32)cc1,CHEMBL279400
DEC_0524,decoy,O=C(CI)N[C@@H]1CCC2C3Cc4ccc(O)c5c4C2(CCN3CC2CC2)[C@H]1O5,CHEMBL441013
DEC_2571,decoy,Cn1c(-c2c(Cl)cc(O)cc2Cl)cc2c(Cl)cc(O)cc21,CHEMBL15840
DEC_3262,decoy,Nc1nc(O)c2c(S(=O)(=O)c3ccc4ccccc4c3)cccc2n1,CHEMBL269511
DEC_3146,decoy,CC1=C(N2CC2)C(=O)c2c(COC(N)=O)c3n(c2C1=O)CCC3OC(N)=O,CHEMBL274945
DEC_2619,decoy,NS(=O)(=O)c1nnc(NC(=O)CCCCC(F)(F)C(F)(F)F)s1,CHEMBL286004
DEC_1482,decoy,CN(Cc1coc2nc(N)nc(N)c12)c1ccc2ccccc2c1,CHEMBL22561
DEC_1462,decoy,CSc1cc2n(c1C(=O)c1ccc(C)cc1)CCC2C(=O)O,CHEMBL279079
DEC_3224,decoy,Oc1ccc2c(c1)OC[C@@H](N1CCC(O)(c3ccccc3)CC1)[C@@H]2O,CHEMBL17812
DEC_3642,decoy,O=C(O)CCC(=O)N1CCC2(CCC(C(=O)N3CCC(C4CCNCC4)CC3)CC2)CC1,CHEMBL24638
DEC_2789,decoy,COc1ccc(C2Sc3ccccc3-n3c(CNCCc4ccc(OC)c(OC)c4)ccc32)cc1,CHEMBL274514
DEC_1838,decoy,O=C(CN1CCN(S(=O)(=O)c2cc3ccc(Cl)cc3s2)CC1=O)NCCc1c[nH]cn1,CHEMBL49510
DEC_2951,decoy,Cc1c(C)c2ccc(OCc3cc(C4CC4)on3)cc2oc1=O,CHEMBL274513
DEC_4265,decoy,Nc1nc2c(N)c3c(cc2[nH]1)C1(CC3)SCCS1,CHEMBL31575
DEC_0079,decoy,CCNCc1cccc(I)c1.Cl,CHEMBL14011
DEC_1583,decoy,OC1CCCCC1N1CCC(CCCC2CCN(C3CCCCC3O)CC2)CC1,CHEMBL20720
DEC_3077,decoy,COc1ccc([C@@H]2Sc3ccccc3N(CC(=O)O)C(=O)[C@@H]2O)cc1,CHEMBL18984
DEC_3407,decoy,CCc1nc(Br)cnc1NS(=O)(=O)c1cccc2c(N(C)C)cccc12,CHEMBL6543
DEC_0857,decoy,COC(=O)CCC(O[C@@H]1O[C@@H]2OC3(C)CC[C@H]4[C@H](C)CCC([C@H]1C)C24OO3)c1ccc(F)cc1,CHEMBL31430
DEC_1469,decoy,C=Cc1ccc(C(=O)c2c(SC)cc3n2CCC3C(=O)O)cc1,CHEMBL280943
DEC_2243,decoy,CCCc1c(OCC(O)COc2ccc3c(=O)cc(C(=O)O)oc3c2CCC)ccc(C(C)=O)c1O,CHEMBL267475
DEC_0879,decoy,CC(C)Oc1nccc2c1c1ncnc(N3CCN(CCc4ccc(F)c(F)c4)CC3)c1n2C,CHEMBL283253
DEC_2757,decoy,CN(Cc1c[nH]c2nc(N)nc(N)c12)c1cccc2ccccc12,CHEMBL278261
DEC_4557,decoy,CN(C)C(=N)c1ccc(NC(=O)c2nnnn2-c2ccc3cc(Cl)ccc3c2)c(F)c1,CHEMBL21250
DEC_4636,decoy,O=C(/C=C/c1cccc(OCc2ccc3ccccc3n2)c1)c1cc(-c2nn[nH]n2)ccc1O,CHEMBL11533
DEC_1219,decoy,Cc1nccc2c1[nH]c1cc(OCCC3(C)OCC(C)(C)CO3)ccc12,CHEMBL14425
DEC_3845,decoy,CCn1cc(C(=O)O)c(=O)c2cc(F)c(C3=NCCCO3)cc21,CHEMBL21527
DEC_1766,decoy,CN(C)CCCNCc1cc(I)cc(C(C)(C)C)c1O,CHEMBL21174
DEC_1446,decoy,CC(CS)C(=O)N(CC(=O)O)c1ccc(Oc2ccccc2)cc1,CHEMBL23251
DEC_4495,decoy,O=C(CCc1ccccc1)OC[C@H]1C[C@@H]2O[C@H]1[C@H]1C(=O)OC(=O)[C@H]12,CHEMBL7451
DEC_3025,decoy,C[C@@H](/N=c1\c(O)c(O)\c1=N/c1ccc(C#N)cc1Cl)C(C)(C)C,CHEMBL18931
DEC_2161,decoy,Cc1ccnc2c1CCC/C2=C\c1ccncc1,CHEMBL287051
DEC_1262,decoy,CCO[C@@]1(CC)c2cccc3c2-c2c1ccc1c2[C@@H](C3)N(C)CC1,CHEMBL280804
DEC_1314,decoy,COc1cc(N)c(Cl)cc1C(=O)OC1CC2CCC(C1)N2C,CHEMBL33676
DEC_1884,decoy,C[C@H](CS)C(=O)N1C[C@@H](Oc2ccc3ccccc3c2)C[C@H]1C(=O)O,CHEMBL15775
DEC_2107,decoy,CC(C)Oc1cccc(-n2c(NNC(=O)NC3CCCCC3)nc3ccccc3c2=O)c1,CHEMBL269606
DEC_1730,decoy,CO[C@@H]1[C@@H](OC(=O)c2ccc(C)[nH]2)[C@@H](O)[C@H](Oc2ccc3c(O)c(C(C)=O)c(=O)oc3c2C)OC1(C)C,CHEMBL42026
DEC_0509,decoy,CC(=O)OCC(=O)[C@@]12OC(C)(C)O[C@@H]1CC1C3CCC4=CC(=O)C=CC4(C)[C@H]3C(O)CC12C,CHEMBL284709
DEC_3445,decoy,O=C(O)Cc1nn(Cc2nc3c(Cl)c(Cl)ccc3s2)c(=O)c2ccccc12,CHEMBL283364
DEC_4295,decoy,Cc1nn(-c2ccccc2)c(-c2ccccc2)c1CCO,CHEMBL266578
DEC_2604,decoy,CCCc1cc(=O)oc2c3c(c4c(c12)OC(C)(C)C=C4)O[C@H](C)C(C)(C)[C@@H]3O,CHEMBL7760
DEC_2276,decoy,Cc1noc(C)c1C(OC1CCCN(C)C1)c1ccc(C(C)C)cc1,CHEMBL279987
DEC_3956,decoy,COc1cc2c(cc1OC)-c1cc(N(C(C)=O)c3c(C)cc(C)cc3C)nc(=O)n1CC2,CHEMBL417139
DEC_3331,decoy,CSc1ccc(C(=O)c2c(SC)cc3n2CCC3C(=O)O)cc1,CHEMBL19889
DEC_4432,decoy,CC(C)(C)OC(=O)N[C@@H](Cc1ccccc1)[C@@H](O)C[C@@H](Cc1ccccc1)C(=O)NC1Cc2ccccc2C1,CHEMBL439725
DEC_4614,decoy,Ic1ccc(COCCCc2c[nH]cn2)cc1.NCCc1c[nH]cn1,CHEMBL18712
DEC_1059,decoy,CCc1nc2c(n1Cc1ccc(-c3ccccc3-c3nn[nH]n3)cc1)CCCC/C2=C\C(=O)O,CHEMBL42070
ACT_011,active,Cc1nnc2sc(S)nn12,CHEMBL540752
DEC_3261,decoy,COc1cc(N)c(Cl)cc1C(=O)NC1CCN2CC(C)CCC2C1,CHEMBL277047
DEC_0995,decoy,COc1ccc2c3c1OC1[C@H](O)[C@](CO)(CCCCc4ccccc4)CC4C(C2)N(CC2CCC2)CCC341,CHEMBL417604
DEC_1980,decoy,Nc1cc(C(F)(F)F)c(S(N)(=O)=O)cc1S(N)(=O)=O,CHEMBL418
DEC_3127,decoy,CC(C)C(NC(=O)Cn1ccc2c(=O)n(C)c(=O)[nH]c2c1=O)C(=O)C(F)(F)F,CHEMBL267800
DEC_3727,decoy,Cc1cc2c(cc1CC(=O)c1sccc1S(=O)(=O)Nc1onc(C)c1C)OCO2,CHEMBL20168
DEC_1293,decoy,O=C(O)C1Cc2cc3c(-c4cccc(F)c4)noc3c(Cl)c2O1,CHEMBL7785
DEC_1600,decoy,CC(C)N(CCC1(c2ccccc2Cl)C(=O)NCN2CCCCC21)C(C)C,CHEMBL23536
DEC_3400,decoy,COc1ccc(C#CCC2(S(=O)(=O)c3ccccc3)SC(=O)NC2=O)cc1,CHEMBL12022
DEC_3136,decoy,CC(C)C(NC(=O)Cn1ccc2c(O)nc(O)nc2c1=O)C(=O)C(F)(F)F,CHEMBL275723
DEC_3902,decoy,CC(CNC(=O)C1=CC(C)(C)NC1(C)C)NCc1cccs1,CHEMBL15435
DEC_1032,decoy,COC(=O)Nc1cn2nc(OCc3cc(OC)c(OC)c(OC)c3)ccc2n1,CHEMBL418565
DEC_0186,decoy,CC(C)(C)NCC(O)COC(=O)c1ccccc1O,CHEMBL414207
DEC_3440,decoy,CC(C)CCN(C1=NCCN1)c1c(Br)cccc1Br,CHEMBL20907
DEC_0460,decoy,CCN[C@@H](C)[C@H]1COC(c2ccccc2)(c2ccccc2)O1,CHEMBL283893
DEC_3502,decoy,CC1CCC(/C=N/c2ccccc2F)=C2NC=C(C(=O)O)C(=O)N21,CHEMBL24885
DEC_2957,decoy,C[S+]([O-])c1ccc(C(=O)c2ccc3n2CCCC3C(=O)O)cc1,CHEMBL8941
DEC_1982,decoy,O=c1[nH]c(=O)n(C2CC(O)C(CO)O2)cc1Br,CHEMBL277625
DEC_2356,decoy,Cc1c(S(=O)(=O)N[C@H]2CCN(Cc3cc4[nH]cccc-4n3)C2=O)sc2ccc(Cl)cc12,CHEMBL8206
DEC_3676,decoy,C=CCNC(=O)O[C@H]1CC[C@@](CNC(=O)c2cccc3c2OCC3)(c2ccccc2)CC1,CHEMBL16110
DEC_0681,decoy,CC(=O)O.CC1=CCCC2[C@](C)(Cc3cc(O)ccc3O)[C@@H](C)CC[C@]12C,CHEMBL22208
DEC_4326,decoy,CC(C)(C)CC(=O)CC(=O)NC1CCOC1=O,CHEMBL275831
DEC_0493,decoy,CCCC1=C(C(=O)OCC)C(c2cc(C)cc(C)c2)NC(=O)N1,CHEMBL15236
DEC_2158,decoy,O=C1Cc2cc(Cl)c(-c3ccccc3)cc2O1,CHEMBL34264
DEC_1771,decoy,COc1cc(CC(C)N(C)C)c(OC)cc1I,CHEMBL11043
DEC_0899,decoy,O=C(O)c1c(-c2ccc3c(c2)OCO3)c2cc3c(cc2n1Cc1ccc2c(c1)OCO2)OCO3,CHEMBL273529
DEC_1835,decoy,CC(C)=CCc1c(O)n(Cc2ccc([S+](C)[O-])cc2)c2nc3c(c(=O)n(C)c(=O)n3C)n2c1=O,CHEMBL13431
DEC_1877,decoy,Nc1cccc2c1CC(N1CCC(c3ccccc3)CC1)C(O)C2,CHEMBL277630
DEC_3320,decoy,O=C(O)COc1ccc(C(=O)c2cccs2)c(Cl)c1Cl,CHEMBL267744
DEC_1602,decoy,Cc1cccc(Cc2nc(SC3CCCCC3)nc(N/N=C(/N)S)c2C)c1,CHEMBL35679
DEC_1020,decoy,Cn1c2c([N+](=O)[O-])cc([N+](=O)[O-])cc2c2oc(C(=O)Nc3nn[nH]n3)cc(=O)c21,CHEMBL280941
DEC_2790,decoy,COC(=O)CCC(O[C@@H]1O[C@@H]2OC3(C)CC[C@H]4[C@H](C)CCC([C@H]1C)C24OO3)c1ccc(OC)cc1,CHEMBL283821
DEC_1985,decoy,Nc1nc(Cl)nc2c1ncn2C1OC(CO)CC1O,CHEMBL274464
DEC_1096,decoy,N=C(N)c1ccc(Oc2ccc(Oc3ccc(C(=N)N)cc3)cc2)cc1,CHEMBL26856
DEC_2836,decoy,O=C(Nc1nccs1)c1c(C(F)(F)F)nc2cccc(C(F)(F)F)c2c1O,CHEMBL32776
DEC_3721,decoy,CSc1cccc(N2CCN(CCCON3C(=O)CC4(CCCC4)CC3=O)CC2)c1,CHEMBL10963
DEC_3885,decoy,CCN(CC)CCNC(=O)c1cc(Cl)c(N)cc1OC,CHEMBL86
DEC_0531,decoy,CN(C)c1ccccc1CC(=O)N1C[C@@H]2C(=O)C[S+]([O-])C(c3ccccc3)(c3ccccc3)[C@@H]2C1,CHEMBL297244
DEC_3309,decoy,Cc1cc2c(s1)CN(C)CC2c1ccc(O)cc1,CHEMBL15863
DEC_2554,decoy,COc1ccc(-c2nn(C)c(=S)n2C)cc1,CHEMBL22660
DEC_0382,decoy,O=S(=O)(Nc1ccccc1SCc1ccc2ccccc2n1)C(F)(F)F,CHEMBL17020
DEC_4175,decoy,COc1ccc([C@H](Cc2cc[n+]([O-])cc2)c2ccccc2)cc1OC1CCCC1,CHEMBL286603
DEC_1791,decoy,COC(=O)C1C(c2ccc(I)cc2)CC2CCC1N2C,CHEMBL14391
DEC_0365,decoy,CN(C)Cc1ccc2n1-c1ccccc1SC2(c1ccccc1)c1ccccc1,CHEMBL24620
DEC_4274,decoy,c1ccc2c(c1)Oc1ccccc1C2NCCn1ccnc1,CHEMBL20469
DEC_3347,decoy,COc1ccc(CO[C@@H]2CNCC[C@H]2c2ccc(Cl)cc2)cc1,CHEMBL31997
DEC_0821,decoy,O=C1NC(=O)C(CC#Cc2ccc(F)cc2)(S(=O)(=O)c2ccccn2)S1,CHEMBL268967
DEC_0282,decoy,CCCCN1CCCC1CNC(=O)c1cc(S(N)(=O)=O)cc2c1OCCN2C,CHEMBL280879
DEC_1572,decoy,CCNC(=O)/C(C(=O)O)=C(C)\C=C\C=C(C)\C=C\C1=C(C)CCCC1(C)C,CHEMBL14287
DEC_2163,decoy,Cc1c([N+](=O)[O-])oc2cc3c(cc12)CCCC3,CHEMBL266550
ACT_057,active,CNS(=O)(=O)Cc1ccc(N/N=C2\C(=O)Nc3ccc4ncsc4c32)cc1,CHEMBL1234086
DEC_2157,decoy,Cc1cccc2c1C[C@H]1N[C@]2(C)c2ccccc21,CHEMBL285466
DEC_1173,decoy,CC1(C)CC(=O)n2c3cccc(O)c3c3c4c(cc1c32)CNCC4,CHEMBL287096
DEC_0549,decoy,CCNC(=O)N(CCCN(C)C)C(=O)[C@@H]1C[C@@H]2c3ccc(C(C)(C)C)c4[nH]cc(c34)C[C@H]2N(C)C1,CHEMBL13805
DEC_2808,decoy,O=c1c2c(oc(O)c1[C@@H](c1cccc(NS(=O)(=O)c3ccccc3)c1)C1CC1)CCCCCC2,CHEMBL277125
DEC_0881,decoy,O=C1O[C@@H](CN2CCC(O)(c3ccc4c(c3)OCO4)CC2)CN1c1ccc(OC(F)(F)F)cc1,CHEMBL45535
DEC_4287,decoy,COc1cccc(C(=O)c2ccc3n2CCC3C(=O)O)c1,CHEMBL8880
DEC_2394,decoy,CC(C)C(=O)C1=C(O)C(C)(C)C(O)=C(C(=O)C(C)C)C1=O,CHEMBL19916
DEC_2481,decoy,COc1ccc2c(c1)c(O)c(C(=O)Nc1nn[nH]n1)n2-c1ccccc1,CHEMBL27734
DEC_0019,decoy,C[C@@H]1CC[C@]2(C(=O)O)CC[C@]3(C)C(=CCC4[C@@]5(C)CC(=O)[C@H](O)[C@@](C)(CO)C5CC[C@]43C)C2[C@H]1C,CHEMBL19444
DEC_0398,decoy,CC(C)[C@H](N)CN1C2CCC1CC(OC(c1ccc(F)cc1)c1ccc(F)cc1)C2,CHEMBL275802
DEC_1886,decoy,COc1ccc([C@@H]2Sc3ccccc3N(CCO)C(=O)[C@@H]2O)cc1,CHEMBL18957
DEC_2761,decoy,CCOc1cccc(/N=C/C2=C3NC=C(C(=O)O)C(=O)N3C(C)CC2)c1,CHEMBL25703
DEC_3508,decoy,COc1ccc(OC)c(N(C)Cc2c[nH]c3nc(N)nc(N)c23)c1,CHEMBL17453
DEC_1695,decoy,COc1cccc2c1C=[N+]([O-])C1(CCCCC1)C2,CHEMBL13368
DEC_1080,decoy,Cc1cc(C)c(NC(=O)c2sccc2S(=O)(=O)Nc2onc(C)c2Cl)c(C)c1,CHEMBL277595
DEC_3700,decoy,CCCCS(=O)(=O)NCCCn1c2c(c3ccccc31)C(=O)CN1CCCCC21,CHEMBL33112
DEC_0437,decoy,COc1cc(NCc2cnc3nc(N)nc(N)c3c2C)cc(OC)c1OC,CHEMBL23532
DEC_4256,decoy,CN1CC=C(c2c[nH]c3ccc(-c4cccs4)cc23)CC1,CHEMBL27643
DEC_0994,decoy,Cc1cc(C(C)(C)C)c(OC(=O)NS(=O)(=O)N(CCCN(C)C)CCCN(C)C)c(C(C)(C)C)c1,CHEMBL22496
DEC_0734,decoy,CC1(C)Oc2ccc(C#N)cc2[C@@H](Nc2nc(N)no2)[C@@H]1O,CHEMBL417649
DEC_0112,decoy,OC[C@@H]1[C@H]2C[C@H]3c4cc5c(cc4CCN3C[C@@H]2CC[C@H]1O)OCO5,CHEMBL27522
DEC_4727,decoy,C[C@@H]1CC[C@]2(C(=O)O)CC[C@]3(C)C(=CC(=O)[C@@H]4[C@@]5(C)C=CC(=O)C(C)(C)[C@@H]5CC[C@]43C)C2[C@H]1C,CHEMBL44527
DEC_1711,decoy,Cc1c(C)c2c(c(C)c1O)SC(CCCO)O2,CHEMBL38172
DEC_2462,decoy,NS(=O)(=O)c1ccccc1-c1ccc(NC(=O)C2CC(c3cccc(C(F)(F)F)c3)=NO2)cc1,CHEMBL50091
DEC_4693,decoy,COc1ccccc1COC(=O)[C@H](Cc1c[nH]c2ccccc12)NC(=O)OC(C)(C)C,CHEMBL24314
DEC_2999,decoy,O=C1c2c(c(=O)n3nc(-c4ccccc4)cc3n2CS(=O)(=O)c2ccccc2)CN1C1CCCCC1,CHEMBL47851
DEC_2451,decoy,Cc1cc(C(=O)Nc2ccc(N3CCCNCC3)cc2)n(-c2ccc3cc(Cl)ccc3c2)n1,CHEMBL277028
DEC_1382,decoy,CCOC(=O)C(Cc1cc2ccc(C(=N)N)cc2o1)c1ccc(O[C@H]2CCNC2)cc1,CHEMBL19152
DEC_4262,decoy,COc1ccc2c3c4c(cc5c3n(c2c1)C(=O)CC5)CCNC4,CHEMBL277916
DEC_0669,decoy,CC(C)/C(=N\O)c1ccc(Sc2cc(F)cc(C3CCOCC3)c2)cc1,CHEMBL24030
DEC_4208,decoy,Clc1ccc(C2(Cn3ccnc3)OCC(Cc3ccccc3)O2)c(Cl)c1,CHEMBL30133
DEC_1593,decoy,CCN(CC)C(=O)c1ccc(N(c2ccccc2)[C@H]2C[C@H]3CC[C@@H](C2)N3)cc1,CHEMBL13393
DEC_1793,decoy,Nc1nc2c(cnn2CCCc2ccccc2)c2nc(-c3ccco3)nn12,CHEMBL17121
DEC_2123,decoy,c1ccc([C@@H]2CN3CC[C@H]3c3ccccc32)cc1,CHEMBL288784
DEC_3461,decoy,O=C(N[C@H]1C2CCN(CC2)[C@H]1C(c1ccccc1)c1ccccc1)Oc1ccccc1,CHEMBL29993
DEC_2594,decoy,Cc1cccc(-c2cc(O)c(Sc3ccccc3C(C)C)c(=O)o2)c1,CHEMBL275546
DEC_4619,decoy,Cc1ccccc1-c1ccc(C[C@H](CC(=O)NO)C(=O)N[C@H]2c3ccccc3C[C@H]2O)cc1,CHEMBL266245
DEC_3279,decoy,CCCN(CCC)[C@@H]1Cc2cccc(O)c2C[C@H]1C,CHEMBL15136
DEC_2008,decoy,Nc1nc(S)c2ncn(C3CC(O)C(CO)C3)c2n1,CHEMBL283286
DEC_3443,decoy,Cc1cc(C)c2sc(Cn3nc(CC(=O)O)c4ccccc4c3=O)nc2c1,CHEMBL20161
DEC_1556,decoy,COc1cc([C@@H]2c3cc4c(cc3[C@@H](Nc3ccc(O)cc3)[C@H]3COC(=O)[C@H]23)OCO4)cc(OC)c1O,CHEMBL29080
DEC_3065,decoy,Cc1cc(C)cc(Sc2c(C(C)C)c(=O)[nH]c(=O)n2COCCO)c1,CHEMBL276108
DEC_3874,decoy,N[C@@H](CS)CNc1cccc(Oc2cccc(C(=O)O)c2)c1,CHEMBL25734
DEC_4611,decoy,C[C@]12Cc3ccccc3C[C@](O)(N1)c1ccccc12,CHEMBL25933
DEC_1225,decoy,COc1ccc(C(c2ccc(O)cc2O)c2ccc(C(C)C)cc(=O)c2O)cc1,CHEMBL428537
DEC_0934,decoy,COc1ccc(C2(OC(C)=O)Sc3ccccc3-n3cccc32)cc1,CHEMBL282348
DEC_1189,decoy,CCCc1cc(=O)oc2c3c(c4c(c12)OC(C)(C)C=C4)OC(C)(C)CC3O,CHEMBL7453
DEC_0261,decoy,Cc1cn(C2CC3OP(=O)(N(CCCl)CCCl)NCC3O2)c(=O)[nH]c1=O,CHEMBL20450
DEC_1763,decoy,CO[C@H]1[C@H](O)[C@H]2[C@@H](O[C@@H]1CO)n1c3ccc([N+](=O)[O-])cc3c3c4c(c5c6ccccc6n2c5c31)C(=O)NC4=O,CHEMBL283904
DEC_0051,decoy,C[C@@]12CC[C@@H]3OCC[C@@H]3C1CC[C@@]13CC(CCC12)[C@@](O)(CO)C3,CHEMBL430924
DEC_4761,decoy,CC(C)N1[C@H](C)CN(C(=O)N2Cc3c(C(=O)OC(C)(C)C)ncn3-c3ccc(Cl)cc32)C[C@@H]1C,CHEMBL15319
DEC_3016,decoy,[N-]=[N+]=NC1CCC(N=[N+]=[N-])c2cc(C(=O)CC(=O)C(=O)O)ccc21,CHEMBL278545
DEC_3233,decoy,CCC(C)(C)/N=c1\c(O)c(O)\c1=N/Cc1c(Cl)cccc1Cl,CHEMBL20052
DEC_1541,decoy,COC(=O)[C@@H]1CSCc2c(O)cc(OC)c(C)c2C(=O)OCCCCCC/C(S)=N/1,CHEMBL36091
DEC_3772,decoy,COc1cccc2c1c1c3c(cc4c1n2C(=O)CC4)CNCC3,CHEMBL276955
DEC_2614,decoy,CC(/C=C/C(O)=C1\C(=O)CNC1=O)=C\[C@@H](C)C1OC2(C)OC(C(=O)[C@@H]3O[C@@]32C)C1C,CHEMBL10433
DEC_1081,decoy,CC1(C)C=C(n2ccccc2=O)c2cc(S(=O)(=O)NC(=O)NC3CCCCC3)ccc2O1,CHEMBL11988
DEC_1930,decoy,Oc1ccc2c(c1)OC1C[C@]1(N1CCC(O)(c3ccc(F)cc3)CC1)[C@H]2O,CHEMBL17798
DEC_2742,decoy,CCCSc1c2c(nc(N)n3nc(-c4ccco4)nc23)nn1C,CHEMBL280888
DEC_1587,decoy,CN1CCC23c4c5ccc(O)c4OC2[C@H]2OC[C@@]2(CCc2ccccc2)CC3C1C5,CHEMBL9190
DEC_1251,decoy,CCCCC[C@@H]1/C=C\C2[C@H](O)CC(=O)[C@@H]2CCCCCCC(=O)O1,CHEMBL12731
DEC_0559,decoy,Cc1c(C)c2c(c(C)c1O)CCC(C)(CN(C)CCOc1ccc(CC3SC(=O)NC3=O)cc1)O2,CHEMBL6432
DEC_3414,decoy,C[C@@H]1CC2C3CCC4=CC(=O)C=CC4(C)[C@@]3(Cl)C(Cl)CC2(C)C1C(=O)CO,CHEMBL16418
DEC_0329,decoy,NC(CS)CC1CCC(CC(=O)O)CC1,CHEMBL27040
DEC_2645,decoy,CCN1CCCC1CNC(=O)c1cc(NS(C)(=O)=O)c(Cl)cc1OC,CHEMBL14845
DEC_1216,decoy,CN(C)c1cccc2c(S(=O)(=O)Nc3ccc(Cl)cc3)cccc12,CHEMBL6778
DEC_1266,decoy,CC(=O)c1ccc2c(c1)[C@@]13CCCC[C@H]1[C@@H](C2)N(CC1CC1)CC3,CHEMBL18557
DEC_1573,decoy,C=C1/C(=C\C=C\C2CCCC([C@H](C)CC#CC(C)(C)O)C2(C)C)C[C@@H](O)C[C@@H]1O,CHEMBL36510
DEC_4323,decoy,O=NN(CCCl)C(=O)NC1CCSCC1,CHEMBL274417
DEC_1826,decoy,NS(=O)(=O)c1cc(S(N)(=O)=O)c(NSC(=S)N2CCOCC2)c(Cl)c1Cl,CHEMBL275091
DEC_0274,decoy,CC12CC(O)C(C1)C(C)(C)C2OC(=O)[C@H](NC(=O)[C@@H](N)CC(=O)O)c1ccccc1,CHEMBL268256
DEC_4258,decoy,C[C@@H](N)Cc1c2ccoc2c(C(F)(F)F)c2ccoc12.Cl,CHEMBL7132
DEC_1915,decoy,Oc1cc2c(cc1F)[C@H](O)[C@H](N1CCC(O)(c3ccc(F)cc3)CC1)CO2,CHEMBL277787
DEC_3236,decoy,CN1CCc2cc(Br)cc3c2[C@H]1Cc1ccc(O)c(O)c1-3,CHEMBL276326
DEC_2501,decoy,CC1(C)C=C(C(=O)NCCNC(=O)c2ccccc2C(=O)O)C(C)(C)N1,CHEMBL15418
DEC_4173,decoy,CC(C)N(C(=O)[C@H]1CCC2C3CC=C4C=C(CO)CC[C@]4(C)C3CC[C@@]21C)C(C)C,CHEMBL24249
DEC_2298,decoy,OCCCN1CCN(C2=Nc3ccccc3Cn3c2cc2ccccc23)CC1,CHEMBL429052
DEC_0644,decoy,O=C1CCC/C=C\C[C@@H]2C(/C=C\[C@@H](COc3ccccc3)O1)[C@H](O)C[C@@H]2O,CHEMBL273730
DEC_1040,decoy,CCOC(=O)c1cnc2nc(NS(=O)(=O)c3ccc(Cl)cc3)nn2c1N,CHEMBL12093
DEC_3653,decoy,COc1cc2nc(N3CCN(/C(S)=N/C4CCCCC4)CC3)nc(N)c2cc1OC,CHEMBL6208
DEC_1712,decoy,Cc1c(C)c2c(c(C)c1O)CCC(C)(CO)O2,CHEMBL284076
DEC_2569,decoy,CC(C)(C)C1(O)CCN2CC3c4ccccc4CCc4cccc(c43)C2C1,CHEMBL13035
DEC_2026,decoy,Cc1cc(C)c(/C=C2/NC(=O)NC2=O)c(C)c1,CHEMBL291292
DEC_1828,decoy,COC12[C@@H]3N[C@@H]3CN1C1=C(C(=O)C(N3CCN(c4ccc(C(C)=O)cc4)CC3)=C(C)C1=O)[C@@H]2COC(N)=O,CHEMBL35733
DEC_0618,decoy,C=C1/C=C(\C)[C@H](CC)OC(=O)[C@H](C)C(=O)[C@@](O)(CO)[C@H](OC)/C=C/[C@@H](C)C1,CHEMBL32108
DEC_2998,decoy,CC(=O)N1CCN(C(=O)/C=C/c2ccc(Sc3ccc4c(c3)OCC(CO)O4)c(Cl)c2)CC1,CHEMBL19676
DEC_3026,decoy,CSc1nc2c([nH]1)N(Cc1ccc(Cl)cc1)C1=NCCN1C2=O,CHEMBL278952
DEC_0065,decoy,C[C@@H](N)Cc1c2c(c(C(F)(F)F)c3c1OCC3)OCC2.Cl,CHEMBL6452
DEC_4010,decoy,COc1cccc([C@@H]2CC=CC[C@H]2[N+](=O)[O-])c1,CHEMBL282958
DEC_1004,decoy,CC(C)[C@H](NC(=O)OCc1cc(=O)c(O)co1)C(=O)OCc1cc(=O)c(O)co1,CHEMBL25350
DEC_3265,decoy,O=NN(CCF)C(=O)NC1C2CC3CC(C2)CC1C3,CHEMBL267546
DEC_4215,decoy,C#C[C@]1(O)CC[C@H]2[C@@H]3CCc4cc(O)ccc4[C@H]3CC[C@@]21C,CHEMBL691
DEC_3033,decoy,CC(/N=c1\c(O)c(O)\c1=N/c1ccc(C#N)cc1)c1ccc([N+](=O)[O-])cc1,CHEMBL18684
ACT_085,active,O=c1[nH]cc(C2CCCCC2)c2nccn12,CHEMBL4762791
DEC_3795,decoy,CC(=O)N[C@@H]1c2cccc3c2-c2c1ccc1c2[C@@H](C3)N(C)CC1,CHEMBL282375
DEC_4637,decoy,CC(c1ccccc1)C(CSC(=O)C12CC3CC(CC(C3)C1)C2)C(=O)N[C@@H](C)C(=O)O,CHEMBL11351
DEC_2257,decoy,CC(C)(C)OC(=O)N[C@@H](Cc1ccccc1)[C@H](O)CNC[C@H](O)[C@@H](Cc1ccccc1)NC(=O)OC(C)(C)C,CHEMBL51820
DEC_3425,decoy,CCN(CC)CCNC(=O)c1cc2c(c3oc4ccccc4c(=O)c13)C=CC(C)(C)O2,CHEMBL32287
DEC_3325,decoy,CC(C)N(CCC1(c2ccccc2)C(=O)NC(C)N2CCCCC21)C(C)C,CHEMBL281089
DEC_2662,decoy,C=CCNc1cccc(-c2ccc(N3CC(CNC(C)=O)OC3=O)cc2)cc1=O,CHEMBL440267
DEC_3840,decoy,O=C(OC1CN2CCC1CC2)C(O)(c1ccccc1)C1CCCCC1,CHEMBL12690
DEC_4174,decoy,COc1cccc2c1CCC[C@H]2CN(C)CCc1ccc2nc(Cl)sc2c1,CHEMBL418337
DEC_0275,decoy,C[C@@H](O)[C@H]1C(=O)N2C(C(=O)O)=C(S[C@@H]3CN[C@@H](c4ccc(CN)s4)C3)[C@H](C)[C@H]12,CHEMBL416168
DEC_0006,decoy,OC1(C2(CCC#CCN3CCCCC3)SCCCS2)c2ccccc2Oc2ccccc21,CHEMBL40355
DEC_0926,decoy,CCOc1nc(C(Cl)(Cl)Cl)c(Cl)c(OC)c1Cl,CHEMBL274396
DEC_2373,decoy,CCC(C)(C)/N=c1\c(O)c(O)\c1=N/Cc1cc(C)cc(C)c1,CHEMBL20104
DEC_1221,decoy,C/C=C/CN(C1=NCCN1)c1c(Br)cccc1Br,CHEMBL20588
DEC_2909,decoy,CC(=O)[C@H]1CC[C@H]2[C@@H]3CCC4=CC(=O)CC[C@@H]4[C@H]3CC[C@]12C,CHEMBL284109
DEC_1670,decoy,C/C=C(\NC(=O)C1(C)CC1(Cl)Cl)C(=O)O,CHEMBL276189
DEC_3544,decoy,C/N=C(/S)c1cccc(-c2ccccn2)n1,CHEMBL17538
DEC_0064,decoy,CCCc1cc2c(s1)CN[C@@H]1CCc3cc(O)c(O)cc3[C@@H]21,CHEMBL28338
DEC_2350,decoy,O=C1[C@@H](NS(=O)(=O)c2cc3ccc(Cl)cc3s2)CCN1Cc1cc2[nH]cccc-2n1,CHEMBL8437
DEC_4480,decoy,CCCCCCc1nc2c([nH]1)N1C[C@@H](C(C)C)N=C1N(C)C2=O,CHEMBL274965
DEC_1694,decoy,CC1=CO[C@@H]2O[C@@]3(C)CC[C@H]4[C@H](C)CC[C@@H]1[C@@]24OO3,CHEMBL279307
DEC_1923,decoy,Cc1[nH]c(/C=C2\C(=O)Nc3ccc(F)cc32)c(C)c1C(=O)NCCn1cncn1,CHEMBL267293
DEC_4688,decoy,COc1ccc(S(=O)(=O)N(Cc2ccc3cc(C)ccc3c2)[C@H](C)C(=O)NO)cc1,CHEMBL276950
DEC_1950,decoy,NS(=O)(=O)c1ccc(CCNC(=O)Nc2ccc(Cl)c(Cl)c2)cc1,CHEMBL278295
DEC_1016,decoy,Nn1c(SCCCN2CCN(c3ncccn3)CC2)nc2sccc2c1=O,CHEMBL11935
DEC_3762,decoy,CC1(C)C=C(n2ccccc2=O)c2cc(S(=O)(=O)Oc3ccccc3)ccc2O1,CHEMBL11983
DEC_1549,decoy,COc1cc([C@@H]2c3cc4c(cc3[C@@H](Nc3ccccn3)[C@H]3COC(=O)[C@H]23)OCO4)cc(OC)c1O,CHEMBL286542
DEC_4186,decoy,CC(C)c1ccccc1OC(=O)NS(=O)(=O)Oc1c(C(C)C)cccc1C(C)C,CHEMBL21561
DEC_1146,decoy,Oc1cc(C(F)(F)F)c2cc3c(cc2n1)NC[C@@H]1CCCC[C@H]31,CHEMBL431493
DEC_2721,decoy,COc1ccc(OC)c(N(C)Cc2coc3nc(N)nc(N)c23)c1,CHEMBL23054
DEC_1820,decoy,Nc1nc2c(cnn2CCCc2cc3c(cc2S(=O)(=O)O)OCO3)c2nc(-c3ccco3)nn12,CHEMBL22974
DEC_0410,decoy,CC(C)Oc1c(C(=O)Nc2nn[nH]n2)n(-c2ccccc2)c2ccc(O)cc12,CHEMBL285806
DEC_1699,decoy,NS(=O)(=O)NC1c2ccccc2Oc2ccccc21,CHEMBL279672
DEC_1083,decoy,Cc1c(C)c2c(c(C)c1O)C(COc1ccc(CC3SC(=O)NC3=O)cc1)C(C)(C)O2,CHEMBL269572
DEC_3674,decoy,Cc1cc(C(C)(C)C)c(OC(=O)NS(=O)(=O)N(C(C)C)C(C)C)c(C(C)(C)C)c1,CHEMBL281188
DEC_2232,decoy,CC(C)C[C@@H](COC1CC(=O)N1C(=O)NCc1ccccc1)NC(=O)[C@@H](NC(=O)OC(C)(C)C)C(C)(C)C,CHEMBL263736
DEC_3277,decoy,CCCN(CCC)[C@H]1Cc2c(O)cccc2C[C@H]1C,CHEMBL14708
DEC_2968,decoy,O=S1(=O)N(CCN2CCC(Cc3c[nH]c4ccc(F)cc34)CC2)c2cccc3c2N1CCC3,CHEMBL274728
DEC_2338,decoy,COc1cc(O)c2c(c1)C(=O)c1cc(C(Br)Br)cc(O)c1C2=O,CHEMBL288127
DEC_1160,decoy,CC[C@H]1Cc2cc3c(C(F)(F)F)cc(O)nc3cc2N[C@@H]1CC,CHEMBL6959
DEC_3147,decoy,COc1ccc(CC(=O)N2CCN(C(C)=O)CC2CN2CC[C@H](O)C2)cc1,CHEMBL23352
DEC_0580,decoy,C/C(=C\Cc1nnn[nH]1)c1cccc(OCc2nc(-c3ccc(OC(F)(F)F)cc3)oc2C)c1,CHEMBL7046
DEC_0389,decoy,CCCN(CC1CC1)c1nc(C)nc2c1sc(=O)n2-c1c(C)cc(C)cc1C,CHEMBL18590
DEC_4695,decoy,CCC1Nc2ccccc2C(=O)N1Cc1ccc(-c2ccccc2-c2nn[nH]n2)cc1,CHEMBL279602
DEC_1066,decoy,C=CS(=O)(=O)Nc1cccc(C(c2c(O)oc3c(c2=O)CCCCCC3)C2CC2)c1,CHEMBL16473
DEC_2077,decoy,CC(C)C[C@H](CC(=O)O)C(=O)N[C@H]1Cc2cn(c3ccccc23)CCCCCCNC1=O,CHEMBL282146
DEC_1121,decoy,O=C1NC(=O)C(S(=O)(=O)c2cccc3c(Br)cccc23)S1,CHEMBL281208
DEC_1742,decoy,COC(=O)[C@@H]1CSCc2c(O)cc(OC)c(C)c2C(=O)OCC(NC(=O)OC(C)(C)C)C(=O)N1,CHEMBL36624
DEC_0841,decoy,CCc1c2c(nc3ccc4c(c13)NCCO4)-c1cc3c(c(=O)n1C2)COC(=O)[C@]3(O)CC,CHEMBL289665
DEC_4282,decoy,c1ccc2c(C3=NCC4(CN5CCC4CC5)O3)c[nH]c2c1,CHEMBL8615
DEC_1521,decoy,Cc1c(CSc2cccc3ccccc23)cnc2nc(N)nc(N)c12,CHEMBL23584
DEC_4024,decoy,CCOC(=O)Cc1nc(-c2ccccc2)oc1-c1ccoc1,CHEMBL19324
DEC_1813,decoy,COc1cccc2c1CCC[C@H]2CN(C)CCc1ccc2ncoc2c1,CHEMBL10425
DEC_0484,decoy,c1ccc2c(c1)Oc1ccccc1C2NCC1CCCCO1,CHEMBL278631
DEC_3620,decoy,CC(C)C(NC(=O)Cn1c(-c2cc(F)cc(F)c2)ncc(N)c1=O)C(=O)C(F)(F)F,CHEMBL262956
DEC_2217,decoy,CCCNCc1cccc(C(=O)OCC(=O)[C@@]2(O)CCC3C4CCC5=CC(=O)CCC5(C)C4C(O)CC32C)c1,CHEMBL83442
DEC_2261,decoy,CC(C)[C@@H](O)C[C@H](O)[C@H](CC1CCCCC1)NC(=O)[C@H](Cc1c[nH]cn1)NC(=O)c1cc2ccccc2s1,CHEMBL298804
DEC_1797,decoy,CCc1nc(-c2ccc(F)cc2)c(-c2ccc(S(C)(=O)=O)cc2)s1,CHEMBL275601
DEC_0168,decoy,OC(c1cncnc1)(c1cccs1)c1cccs1,CHEMBL29412
DEC_2286,decoy,Clc1ccc(C2COC(Cn3ccnc3)(c3ccccc3)O2)c(Cl)c1,CHEMBL281258
DEC_3750,decoy,O=C1NC(=O)C(CC#Cc2ccc(Cl)cc2)(Sc2ccc3ccccc3n2)S1,CHEMBL273223
DEC_4033,decoy,CN1CCCC[C@H]1[C@H]1COC(c2ccccc2)(c2ccccc2)O1,CHEMBL26481
DEC_3247,decoy,CC1CCC(/C=N/c2ccc3ccccc3c2)=C2NC=C(C(=O)O)C(=O)N21,CHEMBL283771
ACT_022,active,Nc1nonc1-n1nnc(C(=O)NN=Cc2cccs2)c1-c1cccs1,CHEMBL1975256
DEC_1183,decoy,Nc1nc(N)c2c(CSc3cccc4ccccc34)coc2n1,CHEMBL283515
DEC_0515,decoy,O=C1CC2(CCCc3ccccc32)C(=O)N1CCCCN1CCN(N2Cc3ccccc3S2)CC1,CHEMBL35539
DEC_1324,decoy,CC1(C)C=C(n2ccccc2=O)c2cc(S(=O)(=O)N=[N+]=[N-])ccc2O1,CHEMBL276151
DEC_1865,decoy,C[C@@]1(CO)[C@H](O)CC[C@@]2(C)[C@H]1CC[C@H]1C[C@@H]3C[C@@]12CC[C@]3(O)CO,CHEMBL29711
DEC_1187,decoy,C/C(=N\O)c1ccc(Sc2cc(F)cc(C3CCOCC3)c2)cc1,CHEMBL25570
DEC_0566,decoy,Cc1ccc(OC(C)(C)[C@H]2OC[C@@H](C/C=C\CCC(=O)O)[C@@H](c3cccnc3)O2)c([N+](=O)[O-])c1,CHEMBL279847
DEC_2068,decoy,COc1cccc([C@@H]2C/C(=N\NC(=O)C(=O)NC(C)c3ccccc3)c3ccccc3N2)c1,CHEMBL16198
DEC_4677,decoy,CCCC1Nc2ccccc2C(=O)N1Cc1ccc(-c2ccccc2-c2nn[nH]n2)cc1,CHEMBL15484
DEC_1603,decoy,C[C@H](CCCc1ccccc1)Oc1cc(O)c2c(c1)N[C@@H](C)[C@@H]1CC[C@@H](O)C[C@@H]21,CHEMBL423481
DEC_0713,decoy,COC1=CC(=O)c2c(c(CO)c3n2CCCC3O)C1=O,CHEMBL40228
DEC_0394,decoy,COc1ccc(OCC[C@H]2C(=O)N(c3ccccc3)[C@@H]2c2ccc(OC)cc2)cc1,CHEMBL26453
DEC_2402,decoy,CC(=O)c1ccc(C(=O)c2ccc3n2CCC3C(=O)O)cc1,CHEMBL273364
DEC_3413,decoy,O=C1NC(=O)C(CC#Cc2ccccc2)(S(=O)(=O)c2ccc3ccccc3c2)S1,CHEMBL269643
DEC_2336,decoy,O=C(Cn1c(C2CCNCC2)nc2cc(Cl)c(Cl)cc21)N/N=C/c1ccc2ccccc2n1,CHEMBL281564
DEC_3527,decoy,C=CCN1CCC2c3cccc(O)c3CC[C@@H]21,CHEMBL275543
DEC_3591,decoy,CC(C)(C)n1ncc2c1nc(N)n1nc(-c3ccco3)nc21,CHEMBL280067
DEC_4230,decoy,CC12CCC3C(CC=C4CC(O)CCC43C)C1CCC2=O,CHEMBL31399
DEC_1749,decoy,COC(=O)[C@@H]1CSCc2c(OC)cc(O)c(C)c2C(=O)OCC(NC(=O)OC(C)(C)C)C(=O)N1,CHEMBL37451
DEC_3310,decoy,CC1(c2ccccc2)CCCN(C2CCCCC2O)C1,CHEMBL22117
DEC_0871,decoy,CN1CC[C@]23c4c5ccc(O)c4O[C@H]2[C@H](SSc2ccc([N+](=O)[O-])cn2)CCC3C1C5,CHEMBL40643
DEC_1934,decoy,CC1CCC(/C=N/c2ccc(CC(=O)O)cc2)=C2NC=C(C(=O)O)C(=O)N21,CHEMBL21364
DEC_0598,decoy,CCCCc1nc2ccc(SC)cc2c(=O)n1Cc1ccc(-c2ccccc2-c2nn[nH]n2)cc1,CHEMBL282746
DEC_4621,decoy,CCN(CC)CCn1nc2c3c(c(CNS(C)(=O)=O)ccc31)Sc1ccc(O)cc1-2,CHEMBL30104
DEC_1123,decoy,CC(C)(C)OC(=O)c1ncn2c1CN(C(=O)N1CCNCC1)c1cc(Cl)ccc1-2,CHEMBL277832
DEC_1143,decoy,CC(C)(C)c1cc(/C=C2\NC(=S)NC2=O)cc(C(C)(C)C)c1O,CHEMBL15945
DEC_0340,decoy,CN(C)c1ccc(Cc2c(N)n[nH]c2N)cc1,CHEMBL39720
DEC_0507,decoy,CO/C1=C\C(C)=C\[C@@H](C)C(=O)[C@@H](C)C/C(C)=C/C=C/[C@H](OC)[C@@H]([C@@H](C)[C@@H](O)[C@H](C)C(=O)O)OC1=O,CHEMBL55768
DEC_3929,decoy,COc1cccc2c1CCC[C@H]2CN(C)CCc1ccc2c(c1)CS(=O)(=O)C2,CHEMBL9970
DEC_3183,decoy,Cc1noc(C)c1C(c1ccccc1Cl)N1CCN(C)CC1,CHEMBL22447
DEC_0436,decoy,O=C(O)/C=C/c1ccc(NC(=O)c2cccc(NC3=NCCCN3)c2)cc1C(=O)O,CHEMBL34967
DEC_0835,decoy,O=C1NC(=O)C(CC#Cc2ccc(Cl)cc2)(S(=O)(=O)c2ccccc2)S1,CHEMBL275470
DEC_3814,decoy,C[C@@H](/N=c1\c(O)c(O)\c1=N/c1ccc2c[nH]nc2c1)C(C)(C)C,CHEMBL18971
DEC_1969,decoy,Nc1nc(Cl)nc2c1ncn2C1OC(CO)C(O)C1F,CHEMBL277800
DEC_0321,decoy,CC1(C)CC1C(=O)N/C(=C\CCC(=O)O)C(=O)O,CHEMBL11830
DEC_1411,decoy,C#CCN(CC1CCc2nc(N)nc(O)c2C1)c1ccc(C(=O)NC(CCC(=O)O)C(=O)O)cc1,CHEMBL22793
DEC_2692,decoy,COc1ccc2c(c1)c(C(C)C)c(C(=O)Nc1nn[nH]n1)n2-c1ccccc1,CHEMBL28989
DEC_3509,decoy,CC1CCC(/C=N/c2cccnc2)=C2NC=C(C(=O)O)C(=O)N21,CHEMBL22917
DEC_3822,decoy,CC1CCC(/C=N/c2cccc(C(=O)O)c2)=C2NC=CC(=O)N21,CHEMBL22558
DEC_3746,decoy,COc1ccc(COC2c3c(ncn3Cc3ccc(OC)cc3)N=CN(C)N2C)cc1,CHEMBL9234
DEC_2230,decoy,CCc1c(O)cccc1C(=O)N[C@@H](Cc1ccccc1)[C@H](O)C(=O)N1CSC(C)(C)[C@H]1C(=O)NC(C)(C)C,CHEMBL300257
DEC_0001,decoy,CC1(C)CCC[C@](C)(C2CC[C@]3(C)C2[C@H](O)CC2[C@@]4(C)CC[C@H](O)C(C)(C)C4[C@@H](O)C[C@]23C)O1,CHEMBL283809
DEC_0741,decoy,COc1cc2nc(N3CCNCC3)cc(N)c2cc1OC,CHEMBL8338
DEC_3922,decoy,COc1cccc2c1CCC[C@H]2CN(C)CCc1ccc2c(c1)CCS2(=O)=O,CHEMBL10066
DEC_4176,decoy,c1ccc(CCN2CCc3c(n(CCCN4CCCCC4)c4ccccc34)C2)nc1,CHEMBL12825
DEC_2294,decoy,Clc1ccc(CN2CCc3ccccc3C2Cn2cncn2)cc1,CHEMBL27544
DEC_0347,decoy,CCCC1(c2ccc(N)cc2)CCC(=O)NC1=O,CHEMBL29864
DEC_0273,decoy,CCCCc1nc(Cl)c(Cc2nnn[nH]2)n1Cc1cccc(-c2nnn[nH]2)c1,CHEMBL281068
DEC_2148,decoy,Cc1c([N+](=O)[O-])oc2c3c(ccc12)CCCC3,CHEMBL266722
DEC_0937,decoy,Cc1cc(C#N)cc(Cl)c1C/N=c1\c(O)c(O)\c1=N/C(C)C(C)(C)C,CHEMBL19858
DEC_0016,decoy,C=C[C@]1(C)C[C@@H](OC(=O)Nc2ccc(OC)cc2)[C@]2(C)C(C)CC(=O)[C@]3(CCC(=O)[C@H]32)[C@@H](C)[C@@H]1O,CHEMBL50327
DEC_2377,decoy,CC(/C=C/C(=O)C1=C(O)CN(C)C1=O)=C\C1CCCCO1,CHEMBL10300
DEC_4391,decoy,CCCC(=O)N[C@@H](c1ccsc1)[C@@H](O)C(=O)OC1CC2C(C)(C)C1(C)[C@@]13CC(C)c4ccccc4[C@@]21O3,CHEMBL31801
DEC_2857,decoy,COc1ccc([C@]2(C#N)C[C@H]3C[C@@H](C(=O)NO)C[C@H]3C2)cc1OC1CCCC1,CHEMBL280611
DEC_1764,decoy,CCCN(C=O)[C@H]1CCC2C3CC[C@H]4N(C)C(=O)CC[C@]4(C)C3CC[C@@]21C,CHEMBL274276
DEC_2327,decoy,Cn1c2c(c3ccccc31)C(C)(c1ccc(OCC(=O)O)cc1)c1cc(C(=O)O)sc1C2=O,CHEMBL14108
DEC_1491,decoy,CCN(CC)c1nc(C)nc2c1sc(=O)n2-c1c(C)cc(C)cc1C,CHEMBL17897
DEC_0724,decoy,CC1(C)Oc2ccc(C#N)cc2C(/N=C(/N)NC#N)[C@@H]1O,CHEMBL269536
DEC_2219,decoy,Cc1ccc(CC(COC(=O)C(C)(C)C)CN(O)/C(S)=N/Cc2ccc(NS(C)(=O)=O)cc2)cc1C,CHEMBL308999
DEC_2166,decoy,CC(CS)C(=O)N(CC(=O)O)C1CSCCSC1,CHEMBL278993
DEC_3867,decoy,CNC(=O)[C@@H](NC(=O)C(CC(C)C)C(O)CS)C(C)(C)C,CHEMBL274700
DEC_1673,decoy,CC1OC2(CCN(C)CC2)C2SCCSC12,CHEMBL284802
DEC_4543,decoy,CCC1Nc2ccc(C(C)C)cc2C(=O)N1Cc1ccc(-c2ccccc2-c2nn[nH]n2)cc1,CHEMBL277333
DEC_1417,decoy,CN(Cc1cnc2nc(N)nc(N)c2n1)c1ccc(C(=O)NC(CCC(=O)OC(C)(C)C)C(=O)O)cc1,CHEMBL422225
DEC_0880,decoy,O=C(O)c1c(Sc2ccc3c(c2)OCO3)c2cc3c(cc2n1Cc1ccc2c(c1)OCO2)OCO3,CHEMBL283598
DEC_4681,decoy,C[C@H](Cc1c[nH]c2c(OCC(=O)O)cccc12)NC[C@H](O)c1cccc(Cl)c1,CHEMBL279260
DEC_1478,decoy,CCCNC(C)Cc1cc(OC)c(Br)cc1OC,CHEMBL18762
DEC_0889,decoy,CS(=O)(=O)c1ccc(Oc2nccc(-c3c(-c4ccc(F)cc4)ncn3C3CCNCC3)n2)cc1,CHEMBL418348
DEC_1789,decoy,Nc1nc2c(cnn2CCCCc2ccccc2)c2nc(-c3ccco3)nn12,CHEMBL273590
DEC_4645,decoy,C=CCOC(=O)N[C@H]1CC[C@@](CNC(=O)c2ccccc2OC)(c2ccccc2)CC1,CHEMBL278734
DEC_2412,decoy,OC1CCCCC1N1CCC(O)(c2ccc(Cl)cc2)CC1,CHEMBL20657
DEC_2120,decoy,Cc1sc(C)c2c1CCC=C2c1c[nH]cn1,CHEMBL284795
DEC_3618,decoy,O=C1[C@@H](NS(=O)(=O)c2ccc(-c3ccon3)s2)CCN1Cc1cc2[nH]cccc-2n1,CHEMBL8368
DEC_2783,decoy,O=c1c2c(oc(O)c1C(c1cccc(S(=O)(=O)Nc3ccccc3)c1)C1CC1)CCCCCC2,CHEMBL16421
DEC_2610,decoy,Cc1cc(C(c2ccc(C(C)C)cc2)N2CC(C)NC(C)C2)sn1,CHEMBL24942
DEC_3386,decoy,C#C/C=C(\c1ccc(S(C)(=O)=O)cc1)c1ccc2nc(N)n(S(=O)(=O)C(C)C)c2c1,CHEMBL36685
DEC_2717,decoy,CCc1cccc(Sc2c(C)c(=O)[nH]c(=O)n2COCCO)c1,CHEMBL417626
DEC_4309,decoy,CCN(CC)C(=O)[C@@H]1C=C2c3cccc4[nH]cc(c34)C[C@H]2N(C)C1,CHEMBL263881
DEC_2924,decoy,CN(C)C1CCCC1N(C=O)c1ccc(Cl)c(Cl)c1,CHEMBL277686
DEC_2409,decoy,CC(=O)O[C@H](CC=C(C)C)C1=CC(=O)c2c(O)ccc(O)c2C1=O,CHEMBL403516
DEC_1894,decoy,CC(O)(c1ccc(F)cc1)C(O)(Cn1cncn1)c1ccccc1Cl,CHEMBL269210
DEC_4214,decoy,C[C@]12CC[C@H](O)CC1=CCC1C2CC[C@@]2(C)C1CC[C@@H]2OC1CC1,CHEMBL6253
DEC_1716,decoy,CC(=O)O[C@H]1C2=C(CO)[C@@H](O)CC[C@@]2(C)[C@@H](OC(C)=O)[C@H](OC(C)=O)[C@@]2(O)[C@H](C)C(=O)C[C@@H]1C2(C)C,CHEMBL43192
DEC_2311,decoy,Fc1ccc(C2COC(Cn3ccnc3)(c3ccc(Cl)cc3)O2)cc1,CHEMBL283190
DEC_0663,decoy,CCCc1cc(=O)oc2c(C(=O)[C@H](C)[C@H](C)O)c(O)c3c(c12)OC(C)(C)C=C3,CHEMBL7242
DEC_0042,decoy,N#Cc1cc(-c2ccoc2)c2ccc(COc3cc(F)cc(C4(O)CC5COC(C4)O5)c3)cc2n1,CHEMBL22789
DEC_3572,decoy,Cc1cc(O)cc(C)c1-c1nc2c(=O)n(C)c(=O)n(C)c2[nH]1,CHEMBL10579
DEC_3921,decoy,O=S(=O)(CS(=O)(=O)C(F)(F)F)c1cc(C(F)(F)F)cc(C(F)(F)F)c1,CHEMBL12162
DEC_3801,decoy,COC(=O)C1CC2=C(C(c3ccccc3)N1)N(C)c1ccccc1C2,CHEMBL274821
DEC_1869,decoy,NC(C(=O)O)c1cc(CP(=O)(O)O)cc(-c2ccccc2)c1,CHEMBL28744
DEC_4431,decoy,CCCCc1ccc(C#Cc2ccc(S(=O)(=O)N[C@H](Cc3c[nH]c4ccccc34)C(=O)O)s2)cc1,CHEMBL50437
DEC_4398,decoy,CC(C)c1cccc(C(C)C)c1NC(=O)NCC1(c2ccc(OP(=O)(O)O)cc2)O[C@H](C)[C@@H](C)O1,CHEMBL41967
DEC_1878,decoy,Oc1ccc2c(c1)OC[C@@H](N1CCC(O)(c3ccc(F)cc3)CC1)C2,CHEMBL17543
DEC_4607,decoy,c1csc([C@H]2CN3CCC[C@H]3c3ccsc32)c1,CHEMBL36131
DEC_1466,decoy,COc1cccc2c1CCC[C@H]2CN(C)CCc1ccc2c(c1)CNC2,CHEMBL430314
ACT_084,active,CC1CN(c2ccncc2NC(=O)c2ccnn3cc(-c4ccccc4)nc23)CCO1,CHEMBL5270781
DEC_2164,decoy,CC1(C)O[C@@H]2[C@@H](CO[C@@]3(CCS(N)(=O)=O)OC(C)(C)O[C@@H]23)O1,CHEMBL27353
DEC_2191,decoy,CCn1c2cc(N3CCNCC3)c(F)cc2n2c(=O)[nH]c(=O)cc12,CHEMBL282369
DEC_2689,decoy,CCCC(O)(c1ccc(F)cc1)C(O)(Cn1cncn1)c1ccc(Cl)cc1,CHEMBL10490
DEC_2017,decoy,CC1(C)S[C@@H]2[C@H](S)C(=O)N2[C@H]1C(=O)O,CHEMBL24351
DEC_2807,decoy,O=C1CC(C(=O)O)Oc2ccc(Cl)c(OCc3ccc(OCc4ccc5ccccc5n4)cc3)c21,CHEMBL295664
DEC_1638,decoy,COc1ccc2c3c1OC1C(=O)[C@@H]4C[C@@H]4C4C(C2)N(C)CCC314,CHEMBL13727
DEC_3895,decoy,CC1(C)C=C(C(=O)NCC(O)CNCc2cccs2)C(C)(C)N1,CHEMBL442525
DEC_1390,decoy,CO[C@@]12[C@H](COC(N)=O)C3=C(C(=O)C(CSc4ccccc4C(C)C)=C(N)C3=O)N1C[C@@H]1N[C@@H]12,CHEMBL301968
DEC_2563,decoy,C=C1C2=C(CC(C)(C)C2=O)C(=O)C(C)(O)C12CC2,CHEMBL8312
DEC_4288,decoy,c1ccc(C2(C3=NCCN3)COc3ccccc3O2)cc1,CHEMBL9885
DEC_0136,decoy,NCc1ccn(-c2cc3nc(O)c(O)nc3cc2C(F)(F)F)c1,CHEMBL12653
DEC_2656,decoy,O=C(NO)[C@H]1C[C@@H](O)CCN1S(=O)(=O)c1ccc(OCc2ccc(F)cc2)cc1,CHEMBL285591
DEC_4516,decoy,COc1ccc(C(c2ccc(C(C)C)cc(=O)c2O)c2ccc(C(C)C)cc(=O)c2O)cc1,CHEMBL447827
DEC_4272,decoy,CCc1nc(C)cn1-c1ccc(C2=NNC(=O)CC2)cc1,CHEMBL30908
DEC_1898,decoy,CCC(C)(C)/N=c1\c(O)c(O)\c1=N/Cc1ccc(C#N)c(Cl)c1,CHEMBL417098
DEC_3593,decoy,CN1C(=O)N(c2ccc(C#N)c(C(F)(F)F)c2)C(=O)C1(C)C,CHEMBL428309
DEC_2185,decoy,O=c1[nH]c(=O)n([C@H]2C[C@H](O)[C@@H](CO)O2)cc1/C=C/Br,CHEMBL31634
DEC_0610,decoy,CCC[C@@H]1C[C@H](NCC)c2cc(S(N)(=O)=O)sc2S1(=O)=O,CHEMBL415964
DEC_1912,decoy,OC(c1ccccc1Cl)C(O)(Cn1cncn1)c1ccc(F)cc1,CHEMBL429203
DEC_2541,decoy,NC1=NC(c2cccs2)Cc2ccsc21,CHEMBL8041
DEC_2099,decoy,O=C(O)Cc1cccc2c1Cc1c-2nc(O)c2nc(-c3cccc(C(=O)O)c3)cn12,CHEMBL28388
DEC_3469,decoy,CC(C)(C)NCC(O)CON=C1CCCC1.O=C(O)C(=O)O,CHEMBL40971
DEC_3709,decoy,C=CCNC(=O)O[C@H]1CC[C@@](CNC(=O)c2cc(F)ccc2O)(c2ccccc2)CC1,CHEMBL279370
DEC_3861,decoy,O=C(c1ccccc1)C(O)(Cn1cncn1)c1ccccc1Cl,CHEMBL416520
DEC_2113,decoy,CC(C)Oc1cccc(-n2c(NNC(=O)Nc3ccccc3)nc3ccccc3c2=O)c1,CHEMBL9291
DEC_1343,decoy,CCc1c(Sc2cc(Cl)cc(Cl)c2)n(COCCO)c(=S)[nH]c1=O,CHEMBL17070
DEC_3468,decoy,OCC1OC(n2cnc3cc(Cl)c(Cl)cc32)C(O)C1O,CHEMBL267071
DEC_1154,decoy,CC[C@@H]1C[C@H](C)c2cc3c(C(F)(F)F)cc(O)nc3cc2N1,CHEMBL7373
DEC_3667,decoy,O=C(CCCc1ccc(I)cc1)OCCCc1c[nH]cn1,CHEMBL20338
DEC_2868,decoy,CC(C)(C)C1=CC(=Nn2cccc2)C=C(C(C)(C)C)C1=O,CHEMBL24297
DEC_3452,decoy,O=C1NC(=O)C(CC#Cc2ccc(Cl)cc2)(S(=O)(=O)c2ccc(F)cc2)S1,CHEMBL12273
DEC_0765,decoy,CCCC(=O)OC(CC=C(C)C)C1=CC(=O)c2c(O)ccc(O)c2C1=O,CHEMBL28494
DEC_3916,decoy,CN1CCN(C)C1c1ccc(N2CCN(c3ccc(C4N(C)CCN4C)cc3)CC2)cc1,CHEMBL290691
DEC_4233,decoy,O[C@H]1C=Cc2c(ccc3cc4ccc5ccccc5c4cc23)[C@@H]1O,CHEMBL25299
DEC_0004,decoy,C=C1C[C@@]23O[C@]2(c2ccccc21)C1CC(OC(=O)[C@H](O)[C@@H](NC(C)=O)c2ccccc2)C3(C)C1(C)C,CHEMBL283716
DEC_2696,decoy,C[C@H](C[C@@H](CCc1ccccc1)C(=O)O)C(=O)N1c2ccccc2CC1C(=O)O,CHEMBL22430
DEC_4461,decoy,C[C@@H](O)CNC(C)(C)CC(=O)N[C@@H]1CCc2ccccc2N(Cc2ccc(-c3ccccc3C(N)=O)cc2)C1=O,CHEMBL73840
DEC_0465,decoy,CCC(C)(C)/N=c1\c(O)c(O)\c1=N/Cc1c(C)cc(C)cc1C,CHEMBL283581
DEC_2936,decoy,O=S(=O)(c1ccc2c(c1)CNCC2)C(Cl)(Cl)Cl,CHEMBL27599
DEC_4663,decoy,N/C(=N\O)c1cccc(CN2C(=O)N3C(Cc4ccccc4)[C@@H]3[C@@H](O)[C@H]2Cc2ccccc2)c1,CHEMBL39526
DEC_2745,decoy,CCCCC(=O)OC1CCn2c1nc1c2C(=O)C(C)=C(NC(C)=O)C1=N,CHEMBL18143
DEC_0237,decoy,Clc1ccc(C2COC(Cn3ccnc3)(c3ccc(Br)cc3)O2)cc1,CHEMBL283597
DEC_4586,decoy,CC(=O)C1C(c2ccc(C)cc2)CC2CCC1N2C,CHEMBL23141
DEC_2371,decoy,C#Cc1ccc(C23OCC(C(C)(C)C)(CO2)C(C#N)O3)cc1,CHEMBL10450
DEC_0735,decoy,NC(=O)C(=O)Nc1nc(-c2ccc3c(c2)OCCO3)cs1,CHEMBL16260
DEC_1890,decoy,COC(=O)[C@H]1[C@H]2C[C@H]3c4[nH]c5ccccc5c4CCN3C[C@H]2CC[C@@H]1O,CHEMBL10347
DEC_0523,decoy,COc1ccc2c3c1OC1[C@H](O)[C@](CO)(CCCc4ccccc4)CC4C(C2)N(C)CCC341,CHEMBL9983
DEC_1525,decoy,COc1ccc(Sc2ccc(NC3=NCCCCN3)cc2)cc1,CHEMBL10058
DEC_3150,decoy,COc1cc(/C=C/c2nc3c(c(=O)n(C)c(=O)n3C)n2C)cc(OC)c1O,CHEMBL281272
DEC_2975,decoy,CC1(C)C2CC[C@@]1(CS(=O)(=O)N1CCC3(CCc4ccccc43)CC1)[C@@H](N1C(=O)C=CC1=O)C2,CHEMBL20205
DEC_2456,decoy,N=C(c1ccc(NC(=O)c2nnnn2-c2cc3ccccc3cc2F)c(F)c1)N1CCCCC1,CHEMBL416181
DEC_0111,decoy,Nc1nc2nn(Cc3ccc(F)cc3)cc2c2nc(-c3ccco3)nn12,CHEMBL278906
DEC_4385,decoy,CCCCNC(=O)N[C@@H](c1ccccc1)[C@@H](O)C(=O)OC1CC2C(C)(C)C1(C)[C@@]13C[C@H](C)c4ccccc4[C@@]21O3,CHEMBL32238
DEC_2449,decoy,CC1(C)C=C(n2ccccc2=O)c2cc(S(=O)(=O)NC(=O)Nc3ccccc3)ccc2O1,CHEMBL12139
DEC_1242,decoy,O=S(=O)(CS(=O)(=O)C(F)(F)F)c1c(Cl)cccc1Cl,CHEMBL12838
DEC_4642,decoy,O=C(NCCCN1CCC(O)(c2ccccc2)CC1)C(c1ccccc1)c1ccccc1,CHEMBL38095
DEC_1275,decoy,CCOc1nc(C(Cl)(Cl)Cl)c(Cl)c(O)c1Cl,CHEMBL275688
DEC_2922,decoy,c1ccc2c(C3=NCC4(CN5CCC4CC5)O3)csc2c1,CHEMBL274378
DEC_2000,decoy,CC(=O)Nc1ccn(C2CSC(CO)(CO)O2)c(=O)n1,CHEMBL27857
DEC_4314,decoy,CCC1NN(C(C)=O)C(CC)NN1C(C)=O,CHEMBL17557
DEC_1686,decoy,CSc1nsnc1C1=C(C)CCN(C)C1,CHEMBL279105
DEC_0838,decoy,C=C(Cl)C(=O)N[C@@]12CCC(=O)[C@@H]3Oc4c(O)ccc5c4C31CCN(CC1CC1)C2C5,CHEMBL288178
DEC_3780,decoy,COc1cccc2c1c1c3c(cc4c1n2C(=O)CC4(C)C)CNCC3,CHEMBL280552
DEC_0935,decoy,CC(/N=c1\c(O)c(O)\c1=N/c1ccc(C(F)(F)F)cc1)C(C)(C)C,CHEMBL19104
DEC_1855,decoy,COc1cc([C@@H]2c3cc4c(cc3[C@@H](NCCN3CCOCC3)[C@H]3COC(=O)[C@H]23)OCO4)cc(OC)c1O,CHEMBL29328
DEC_1149,decoy,CC(C)[C@@H]1CCc2cc3c(C(F)(F)F)cc(O)nc3cc2N1,CHEMBL267850
DEC_0067,decoy,c1ccc(C2(c3ccccc3)OCC(C3CCCCN3)O2)cc1,CHEMBL26479
DEC_1534,decoy,COc1ccc(-c2cc(O)c(SCc3ccccc3)c(=O)o2)cc1,CHEMBL274011
DEC_4261,decoy,COc1ccc2c3c4c(cc5c3n(c2c1)C(=O)CC5)CNCC4,CHEMBL23165
DEC_0155,decoy,CCN(CC)CCS/C(=N\O)c1nc(C)no1,CHEMBL19557
DEC_0230,decoy,COC1(c2cc(F)cc(Sc3ccc4c(c3)CC/C4=N\OCC#N)c2)CCOCC1,CHEMBL283654
DEC_0463,decoy,CC(=O)C1CCC2C3CCC4=CC(O)CCC4(C)C3CCC12C,CHEMBL275930
DEC_1737,decoy,COc1cc(O)c2c(c1C)C(=O)OC[C@H](NC(=O)OC(C)(C)C)C(=O)N[C@H](C(N)=O)CSC2,CHEMBL40845
DEC_2767,decoy,Cc1ccc(/C=C2\CSCC3C2=NN(CCCN2CCN(C)CC2)C3c2ccc(C)cc2)cc1,CHEMBL38292
DEC_0327,decoy,N[C@@H](COCc1ccccc1)Cc1c[nH]cn1,CHEMBL280034
DEC_0059,decoy,Oc1cc2c(cc1O)[C@H]1c3cc4c(nc3CN[C@@H]1CC2)CCCC4,CHEMBL287513
DEC_3753,decoy,COc1ccc2c(c1)CCC1CN(CCn3c(=O)[nH]c4c(sc5ccccc54)c3=O)CC21,CHEMBL41332
DEC_0571,decoy,CCOC(=O)C(CCCCn1cnc2c1NC=NCC2O)Cc1cccc(Br)c1,CHEMBL289823
DEC_1967,decoy,Nc1ccn(C2OC(CO)C(Br)C2O)c(=O)n1,CHEMBL11741
DEC_3354,decoy,CN(CCc1ccc2c(c1)OCO2)CC1CCCc2c(O)cccc21,CHEMBL9844
DEC_2180,decoy,CC(C)CN[C@H]1CCS(=O)(=O)c2sc(S(N)(=O)=O)cc21,CHEMBL417975
DEC_4200,decoy,Clc1cccc(C2(Cn3ccnc3)OCC(c3ccc(Cl)cc3Cl)O2)c1,CHEMBL282392
DEC_2665,decoy,O=NN(CCCl)C(=O)NC1CCCC(NC(=O)N(CCCl)N=O)C1,CHEMBL275994
DEC_2578,decoy,CC1(C)OC(S)=Nc2ccc(-c3cc(Br)cc(C#N)c3)cc21,CHEMBL24583
DEC_3625,decoy,Cc1nc2c(n1Cc1ccc(-n3cccc3-c3nn[nH]n3)cc1)/C(=C/C(=O)O)CCCC2,CHEMBL297637
DEC_1634,decoy,CCOc1ccc2c(c1)SC1N(CC3CC3)C(=O)C(CC)C(=O)N21,CHEMBL285357
DEC_2582,decoy,CC(C)(C)c1cc(/C=C/C(=O)c2ccsc2)cc(C(C)(C)C)c1O,CHEMBL274353
DEC_4324,decoy,CC(C)CC1CC(=O)N(OS(C)(=O)=O)C1=O,CHEMBL276240
DEC_2032,decoy,O=S1NC(Cc2cccc(Cl)c2)=NO1,CHEMBL428701
DEC_4277,decoy,O=NN(CCF)C(=O)NC1CCSc2ccccc21,CHEMBL273958
DEC_1389,decoy,C[C@@H](O)[C@H]1C(=O)N2C(C(=O)O)=C(S[C@@H]3CN[C@H](CSc4nnnn4-c4ccncc4)C3)[C@H](C)[C@H]12,CHEMBL30602
DEC_3683,decoy,CC(C)N(CCC1(c2ccccc2)C(=O)NC(c2ccccc2)N2CCCCC21)C(C)C,CHEMBL282086
DEC_1012,decoy,CC(=O)OC1[C@@H](OC(C)=O)CO[C@@H](Nc2ccc(C(=O)O)cc2)[C@@H]1OC(C)=O,CHEMBL282969
DEC_3412,decoy,O=C1NC(=O)C(CC#Cc2ccccc2Cl)(S(=O)(=O)c2ccccc2)S1,CHEMBL269417
DEC_0588,decoy,Cc1noc(NS(=O)(=O)c2ccccc2-c2ccc(-c3ncco3)cc2CN(C)C(=O)C(C)C)c1C,CHEMBL28863
DEC_0123,decoy,C[C@]12C=CC(=O)C=C1CC[C@@H]1[C@@H]2[C@@H](O)C[C@@]2(C)[C@H]1CC[C@]2(O)C(=O)CO,CHEMBL131
DEC_3128,decoy,Cc1cn(C2CC(O)C(CNC(=O)CCBr)O2)c(=O)[nH]c1=O,CHEMBL275944
DEC_0121,decoy,C=CCN1CC[C@]23c4c5ccc(O)c4O[C@H]2C(=O)CC[C@@]3(O)[C@H]1C5,CHEMBL80
DEC_0946,decoy,c1cc2c(cc1-c1nc3n(c1-c1ccc4c(c1)OCO4)CCS3)OCO2,CHEMBL429216
DEC_3729,decoy,CN(C)CCOc1ccc(C2Oc3cc(O)ccc3-c3sc4cc(O)ccc4c32)cc1,CHEMBL283095
DEC_4599,decoy,C=CCN1CC[C@@H]2Cc3cccc(OC)c3C[C@@H]21,CHEMBL11365
DEC_3213,decoy,O=S(=O)(CS(=O)(=O)C(F)(F)F)c1ccc(Cl)cc1Cl,CHEMBL11926
DEC_2654,decoy,COc1ccc2c(c1)c(S(C)(=O)=O)c(C(=O)Nc1nn[nH]n1)n2-c1ccccc1,CHEMBL282638
DEC_3086,decoy,COc1ccc2c(c1)cc(C(=O)Nc1nn[nH]n1)n2-c1ccccc1,CHEMBL29409
DEC_0138,decoy,CC1(C)Oc2ccc(C#N)cc2[C@@H](Nc2n[s+]([O-])nc2N)[C@@H]1O,CHEMBL279946
DEC_4522,decoy,CNc1ccc2c(c1)N(C(=O)c1cc3cc(OC)c(OC)c(OC)c3[nH]1)CC2CCl,CHEMBL285276
DEC_3471,decoy,OC[C@@]12C[C@@H]1[C@@H](n1cnc3c(NC4CCCC4)ncnc31)[C@H](O)[C@@H]2O,CHEMBL27952
DEC_2136,decoy,Cc1cc2c(cc1O)CCc1c-2ccc(O)c1C,CHEMBL290741
DEC_1698,decoy,OB(O)c1cc(C(F)(F)F)cc(C(F)(F)F)c1,CHEMBL280087
DEC_3900,decoy,Cc1cccc(C(=O)N2CCN(C[C@@H](N)CS)CC2)c1C,CHEMBL283697
DEC_1707,decoy,CC(/C=C/C(O)=C1\C(=O)CN(C)C1=O)=C\C(C)C,CHEMBL274790
DEC_3333,decoy,CCO[C@@]12CCC(=O)[C@@H]3Oc4c(O)ccc5c4[C@@]31CCN(CC1CC1)C2C5,CHEMBL278717
DEC_3095,decoy,OCCN1CCN(C2=Nc3ccccc3CC=C2c2ccc(O)cc2)CC1,CHEMBL17014
DEC_2347,decoy,O=C(Cn1c(C2CCNCC2)nc2cc(Cl)c(Cl)cc21)N/N=C/c1c[nH]c2ccccc12,CHEMBL277920
DEC_2782,decoy,COCCN(CCOC)c1nc(C)nc2c1sc(=O)n2-c1ccc(C(C)C)cc1Br,CHEMBL17666
ACT_049,active,COc1ccc(-c2nc3c(NCCCNC(=O)C4CCCC4)c(-c4nc(C(N)=O)cs4)cnc3[nH]2)cc1,CHEMBL3125721
DEC_3808,decoy,CC1CCCCN1c1ccc2c(c1Cl)CN1CC(=O)NC1=N2,CHEMBL31948
DEC_3017,decoy,COc1cc2c(c(OC)c1OC)c1c3c(cc4c1n2C(=O)CC4)CNCC3,CHEMBL277478
DEC_0061,decoy,C[C@@]12C=Cc3occc3C1CC[C@@]13CC(CCC12)C(O)(CO)C3,CHEMBL282576
DEC_3091,decoy,CCC(C)(C)/N=c1\c(O)c(O)\c1=N/Cc1ccc(C#N)cc1Cl,CHEMBL19105
DEC_3342,decoy,O=C1NC(=O)C(CC#Cc2ccccc2)(S(=O)(=O)c2ccccc2)S1,CHEMBL12072
DEC_1595,decoy,CCC(c1ccc(O)cc1)C(CCI)c1ccc(O)cc1,CHEMBL268856
DEC_0411,decoy,CC1(C)SC(C)(C)C1OC(=O)[C@H](NC(=O)[C@@H](N)CC(=O)O)c1ccccc1,CHEMBL10169
DEC_3307,decoy,CCNC[C@H]1COC(c2ccccc2)(c2ccccc2)O1,CHEMBL28119
DEC_3717,decoy,COC1(c2cc(F)cc(Sc3ccc4c(c3)OCC/C4=N\OCC#N)c2)CCOCC1,CHEMBL25692
DEC_2611,decoy,CCC1OC(/C=C/C2CC2)(C(F)(F)F)c2cc(F)ccc2NC1=O,CHEMBL30752
DEC_3240,decoy,CC(C)(C)NC(=O)C(=O)Nc1ccc(-c2cnco2)c(Br)c1,CHEMBL24866
DEC_3299,decoy,CC[C@]1(c2ccccc2O)OC[C@H]([C@@H]2CCCCN2)O1,CHEMBL284404
DEC_0427,decoy,COc1ccc(C#CCOc2cccc(C(=O)O)c2)cc1Cc1cnc(N)nc1N,CHEMBL35080
DEC_1653,decoy,CCOC1c2c(ncn2Cc2ccc(OC)cc2)N=CN(C)N1C,CHEMBL9436
DEC_1152,decoy,CC[C@H]1C[C@@H](C)Nc2cc3nc(O)cc(C(F)(F)F)c3cc21,CHEMBL427957
DEC_3038,decoy,CC(=O)c1ccc(/N=C/C2=C3NC=C(C(=O)O)C(=O)N3C(C)CC2)cc1,CHEMBL277851
DEC_1795,decoy,CC(C)C(=O)Oc1ccc(C(=O)c2ccc(OC(=O)C(C)C)cc2)cc1,CHEMBL269669
DEC_1136,decoy,CC(C)(C)c1cc(/C=C/c2nnc(O)o2)cc(C(C)(C)C)c1O,CHEMBL12395
DEC_4659,decoy,COc1oc(=O)c2cc(NC(=O)C(C)NS(=O)(=O)c3ccc(C)cc3)ccc2c1Cl,CHEMBL13788
DEC_0561,decoy,CCCN(Cc1ccc(-c2ccccc2-c2nn[nH]n2)cc1)c1nc(C(F)(F)F)c(C(=O)O)s1,CHEMBL300191
DEC_2520,decoy,CC(C)C1(c2ccc(N)cc2)CCC(=O)NC1=O,CHEMBL282573
DEC_2652,decoy,N[C@H](C(=O)N1CCSC1)[C@H]1CC[C@H](NC(=O)OCc2ccccc2)CC1,CHEMBL23176
DEC_2126,decoy,COc1ccc2ccc3oc([N+](=O)[O-])cc3c2c1,CHEMBL269488
DEC_1821,decoy,CCc1c2c(nc3cnc(C(=O)NCCN(C)C)cc13)-c1cc3c(c(=O)n1C2)COC(=O)[C@]3(O)CC,CHEMBL268290
DEC_2241,decoy,CCO/C(O)=C1\C(COCc2cc(O)nc(CO)n2)=NC(C)=C(C(=O)OC)C1c1cccc(Cl)c1Cl,CHEMBL80284
DEC_0535,decoy,CN(C)CC(c1ccccc1)c1nnc2n1-c1ccc(S(C)(=O)=O)cc1C(c1ccccc1)=NC2,CHEMBL16583
DEC_3504,decoy,CC1(C)Oc2ccc(N)cc2C(N2CCCC2)[C@@H]1O.CS(=O)(=O)O,CHEMBL416348
DEC_2150,decoy,CN(C)c1ccc2c(Cl)cc(Cl)nc2c1,CHEMBL30164
DEC_1860,decoy,NC(=O)CCN1CC[C@@H](N2CC(=O)N3[C@H](c4ccc5c(c4)OCO5)c4[nH]c5ccccc5c4C[C@@H]3C2=O)C1,CHEMBL33147
DEC_3870,decoy,CCCCN[C@@H]1CN(C(=O)N(C(C)C)C(C)C)C[C@@H]1C(=O)O,CHEMBL18423
DEC_4171,decoy,CC(C)CCN(C=O)[C@H]1CCC2C3CC[C@H]4N(C)C(=O)CC[C@]4(C)C3CC[C@@]21C,CHEMBL17222
DEC_2172,decoy,Cc1ccc(Sc2c(C)c(=O)[nH]c(=O)n2COCCO)cc1,CHEMBL16686
DEC_1926,decoy,N=C(N)c1ccc(CNC(=O)C2=C(C(=O)N3CCc4ccccc43)CCC2)cc1,CHEMBL277051
DEC_2024,decoy,CN(C)C1CCc2[nH]c3cc(O)ccc3c2C1,CHEMBL287033
DEC_3587,decoy,O=C1c2ccccc2S(=O)(=O)c2cc(-c3nn[nH]n3)ccc21,CHEMBL22336
DEC_3789,decoy,CCN(C1=NCCN1)c1c(Br)cccc1Br,CHEMBL277242
DEC_1204,decoy,CC(C)N(C1=NCCN1)c1c(Br)cccc1Br,CHEMBL19915
DEC_3553,decoy,c1ccc2c(CCC3CCNCC3)c[nH]c2c1,CHEMBL276520
DEC_3396,decoy,CC1(C)C=C(n2ccccc2=O)c2cc(S(=O)(=O)NC3CCCC3)ccc2O1,CHEMBL268972
DEC_4036,decoy,CCC(=O)N(c1ccc(Cl)c(C)c1)C1CCCC1N(C)C,CHEMBL22177
DEC_3526,decoy,C=CCN1CCC2c3c(O)cccc3CCC21,CHEMBL10048
DEC_2500,decoy,O=C(NCCc1c[nH]cn1)[C@@H]1C[C@H](O)CN1Cc1ccc2ccccc2c1,CHEMBL9048
DEC_4252,decoy,OC1CCCCC1N1CC=C(c2ccc(Cl)cc2)CC1,CHEMBL277033
DEC_3707,decoy,COc1ccccc1C(=O)NC[C@]1(c2ccccc2)CC[C@H](OC(=O)NC(C)C)CC1,CHEMBL16766
DEC_0993,decoy,O=S(=O)(c1ccc(OC(F)(F)F)cc1)C(CSc1ccc(F)cc1)S(=O)(=O)C(F)(F)F,CHEMBL12199
DEC_3640,decoy,Nc1nc2c(cnn2CCCc2ccc(S(=O)(=O)O)cc2)c2nc(-c3ccco3)nn12,CHEMBL278605
DEC_0895,decoy,COc1ccc(NS(=O)(=O)c2sc3ccc(Cl)cc3c2C)cc1N1CCN2CCC[C@@H]2C1,CHEMBL282971
DEC_1942,decoy,NS(=O)(=O)c1cc(C(=O)NN2Cc3ccccc3C2CO)ccc1Cl,CHEMBL6977
DEC_0312,decoy,CCC(CC)N(CC(=O)O)C(=O)C(C)CS,CHEMBL23949
DEC_3706,decoy,COc1ccccc1C(=O)NC[C@]1(c2ccccc2)CC[C@@H](OC(=O)NC(C)C)CC1,CHEMBL16848
DEC_4144,decoy,c1ccc2c(c1)OCC(OC1CCCC1)(C1=NCCN1)O2,CHEMBL417789
DEC_1341,decoy,CC(C)=CC[C@@H](OC(=O)Cc1ccccc1)C1=CC(=O)c2c(O)ccc(O)c2C1=O,CHEMBL8804
DEC_1693,decoy,Oc1nc2c(F)c(F)c(F)c(F)c2nc1O,CHEMBL289779
DEC_3383,decoy,CCSc1nc2c(n1Cc1ccc(O)cc1)C(=O)N(CC)C1=N[C@@H]3CCC[C@@H]3N12,CHEMBL282189
DEC_0774,decoy,Nc1nc(N)c2c(CNc3ccccc3Oc3ccccc3)coc2n1,CHEMBL23353
ACT_046,active,Oc1c2ccccc2c2c3c(cccc13)N=N2,CHEMBL1725279
DEC_1109,decoy,Cc1ccc2c(c1)N(C(=O)N1CCN[C@@H](C)C1)Cc1c(C(=O)OC(C)(C)C)ncn1-2,CHEMBL274914
DEC_1899,decoy,CC1(C)Oc2ccc(C#N)cc2C(NC(=O)c2ccccc2)[C@@H]1O,CHEMBL16604
DEC_3174,decoy,O=C1NS(=O)(=O)N(COCc2ccccc2)c2ccccc21,CHEMBL15680
DEC_3950,decoy,COc1c(C)cnc(C[S+]([O-])c2nc3ccccc3n2C(C)OC(C)=O)c1C,CHEMBL9857
DEC_3046,decoy,CC(=O)Nc1cccc2c(S(=O)(=O)Nc3onc(C)c3C)cccc12,CHEMBL30199
DEC_1493,decoy,COC(=O)c1ccc(C(=O)Oc2ccc3c(c2)OC(C)(C)C=C3C)cc1,CHEMBL7366
DEC_3296,decoy,CCCN(C(C)C)[C@@H]1CCc2cccc(O)c2[C@@H]1C,CHEMBL288721
DEC_3631,decoy,CC[C@@]1(O)C(=O)OCc2c1cc1n(c2=O)Cc2cc3c(CNC4CC4)c(O)ccc3nc2-1,CHEMBL273949
DEC_0497,decoy,CCCNCc1cccc(I)c1.Cl,CHEMBL266156
DEC_3793,decoy,Cc1nn(-c2ccccc2)c2nc3nc4c(c(N)c3cc12)CCCC4,CHEMBL15664
DEC_4692,decoy,CC(C)/N=C(/NC#N)Nc1cccc(/C(=C\CCCC(=O)O)c2cccnc2)c1,CHEMBL22721
DEC_0279,decoy,COc1ccc(Oc2cccc(Cc3cn(COCCO)c(=O)[nH]c3=O)c2)cc1,CHEMBL278200
DEC_0101,decoy,CC1(C)C[C@H]2[C@@H]3OC(C)(C)O[C@@H]3CC[C@@]2(COS(N)(=O)=O)C1,CHEMBL26585
DEC_1108,decoy,Cc1ccc2c(c1)N(C(=O)N1CCN[C@H](C)C1)Cc1c(C(=O)OC(C)(C)C)ncn1-2,CHEMBL274685
DEC_1532,decoy,CCOc1ccccc1N1CCN(c2nc3ccccc3s2)CC1,CHEMBL27395
DEC_4584,decoy,C/C(Br)=C1/CCC(C(C)C)C(=O)O1,CHEMBL29485
DEC_2443,decoy,CC(=O)N1CCN(C(=O)/C=C/c2ccc(Sc3cc4[nH]c(O)nc4cc3Cl)c(Cl)c2)CC1,CHEMBL281334
DEC_1825,decoy,CCc1cn([C@@H]2O[C@H](CNC(=O)C3c4ccccc4Oc4ccccc43)[C@@H](O)[C@@H]2F)c(=O)[nH]c1=O,CHEMBL418258
DEC_0666,decoy,CC1(C)OC(S)=Nc2ccc(-c3cc(F)cc(Br)c3)cc21,CHEMBL280956
DEC_2646,decoy,C[C@@H](O)[C@H]1C(=O)N2C(C(=O)O)=C(S[C@@H]3CN[C@@H](c4cccc(CN)c4)C3)[C@H](C)[C@H]12,CHEMBL17820
DEC_4123,decoy,O=C1CN2Cc3c(ccc(N4CCCC4)c3Cl)NC2=N1,CHEMBL31649
DEC_2225,decoy,Cc1ccc(CC(CNC(=S)N(O)Cc2ccc(NS(C)(=O)=O)cc2)COC(=O)C(C)(C)C)cc1C,CHEMBL305668
DEC_0595,decoy,O=C1[C@@H](NS(=O)(=O)c2ccc(-c3ccc(Cl)s3)s2)CCN1CCNc1ccncc1,CHEMBL8188
DEC_1291,decoy,Cc1ccc(C(c2cc(C)ns2)N2CCN(C)CC2)c(C)c1,CHEMBL25162
DEC_3777,decoy,O=C1Nc2ccc(Cl)cc2[C@@](C#CC2CC2)(C(F)(F)F)N1,CHEMBL283619
DEC_4088,decoy,CC(/C=C/C(=O)C1=C(O)CN(C)C1=O)=C\C1CCCCC1,CHEMBL10359
DEC_1651,decoy,CCC(=O)N(c1ccc(C(=O)OC)cc1)C1CCCC1N(C)C,CHEMBL21269
DEC_3523,decoy,Cc1ccc2c(c1)CCC1C2CCC(=O)N1C,CHEMBL15917
DEC_4419,decoy,Cc1ccc(CC(COC(=O)C(C)(C)C)CN(O)/C(S)=N/Cc2ccc(NS(C)(=O)=O)cc2F)cc1C,CHEMBL72614
DEC_3710,decoy,OC1CCCCCC1CN1CCN(CCOC(c2ccccc2)c2ccccc2)CC1,CHEMBL417305
DEC_2540,decoy,O=C1O[C@@]2(c3ccccc3)CCCCCN1C2=O,CHEMBL289336
DEC_3422,decoy,O=C1NCN(c2ccccc2)C12CCN(C1CCc3cccc(Cl)c3C1)CC2,CHEMBL283617
DEC_1622,decoy,CC(C)(C)C(=O)OCc1cc(=O)c(OC(=O)C(C)(C)C)co1,CHEMBL9995
DEC_2251,decoy,C[C@@H]1OCC[C@@H]1OC(=O)N[C@@H](Cc1ccccc1)[C@H](O)CN1C[C@H]2CCCC[C@H]2C[C@H]1C(=O)NC(C)(C)C,CHEMBL18031
DEC_2390,decoy,COc1ccc2c(c1)C13CCN(C)C(C2)[C@H]1C[C@@H](C)C(=O)C3,CHEMBL284355
ACT_004,active,Nc1nc(N)c(N=O)c(OCC2CCCCC2)n1,CHEMBL303958
DEC_3227,decoy,CC1(O)OC(=O)C(c2ccc(O)cc2)=C1c1ccc(S(C)(=O)=O)cc1,CHEMBL278738
DEC_2366,decoy,CO[C@H]1O[C@@H]2O[C@]3(C)CC[C@H]4[C@H](C)CC[C@@H]([C@H]1C)C24OO3,CHEMBL10033
DEC_1326,decoy,CS(=O)(=O)c1ccc(C2=C(c3cc(F)cc(F)c3)C(=O)CC2)cc1,CHEMBL24009
DEC_3006,decoy,Cc1nnc2n1-c1ccc(C#CCN3C(=O)c4ccccc4C3=O)cc1C(c1ccccc1F)NC2,CHEMBL281139
DEC_3345,decoy,COc1ccc(CO[C@H]2CNCC[C@@H]2c2ccc(Cl)cc2)cc1,CHEMBL31479
DEC_1472,decoy,C/C(=N/O)c1ccc(COc2cc(F)cc(C3CCOCC3)c2)cc1,CHEMBL24087
DEC_0943,decoy,CN(C(=O)c1ccc(F)cc1)C1c2cc(C#N)ccc2OC(C)(C)[C@H]1O,CHEMBL16317
DEC_2323,decoy,O=c1c(-c2ccccc2)c(O)c2c(n1Cc1ccc(-c3ccccc3-c3nn[nH]n3)cc1)CCC2,CHEMBL281887
DEC_3197,decoy,O=C(O)c1cn2c(n1)N=S(=O)(c1ccccc1)c1ccccc1-2,CHEMBL276032
DEC_2573,decoy,CSC1=NC2/C(=C(/O)OCCCCCSc3ccccc32)C(C)=N1,CHEMBL282706
DEC_3246,decoy,O=C(O)[C@@H]1C[C@H]2C[C@@H](c3ccccc3Cc3nnn[nH]3)CC[C@H]2CN1,CHEMBL16289
DEC_2434,decoy,CCc1ccc2c(c1)CC=C(c1ccccc1)C(N1CCN(C(C)C)CC1)=N2.O=C(O)/C=C/C(=O)O,CHEMBL16588
DEC_4055,decoy,CCC(=O)N(c1ccc(Cl)cc1)C1CCCC1N(C)C,CHEMBL21645
DEC_2361,decoy,COC(=O)[C@@]1(O)C[C@H]2O[C@]1(C)n1c3ccccc3c3c4c(c5c6ccccc6n2c5c31)C(=O)NC4,CHEMBL281948
DEC_0921,decoy,CN1C(=O)CC[C@]2(C)C3CC[C@@]4(C)C(CC[C@@]4(O)C#CCCO)C3CCC12,CHEMBL9672
DEC_2472,decoy,O=C(O)/C=C/c1cn2c3c(nc(O)c2n1)-c1cccc(CC(=O)O)c1C3,CHEMBL25404
DEC_2605,decoy,O=C1Nc2ccc(Cl)cc2C(C#Cc2ccsc2)(C(F)(F)F)O1,CHEMBL17627
DEC_0474,decoy,OC1Cc2ccccc2CC1N1CCC(c2ccccc2)CC1,CHEMBL21151
DEC_3434,decoy,O=C(OCCCc1ccccc1)[C@@H]1CCCN1C(=O)NC12C[C@H]3C[C@@H](C1)C[C@@H](C2)C3,CHEMBL287680
DEC_2884,decoy,C[C@@]12C=Cc3occc3C1CC[C@]13CCC(CCC12)C3,CHEMBL281901
DEC_1515,decoy,Clc1nc(-c2cccs2)c2ncn(C3CCOCC3)c2n1,CHEMBL27624
DEC_4311,decoy,O=C(c1ccc2ccccc2c1)c1ccc2n1CCC2C(=O)O,CHEMBL416330
DEC_4160,decoy,CCC1CCc2cc3c(C(F)(F)F)cc(=O)oc3cc2N1,CHEMBL266473
ACT_014,active,CC(C)CC(=O)Nc1n[nH]c2c1CN(C(=O)C1CCN(C)CC1)C2(C)C,CHEMBL1230607
DEC_3473,decoy,O=C(O)Cc1cccc2c(=O)c3cccc(CC(=O)O)c3oc12,CHEMBL280594
DEC_0264,decoy,Cc1cn(C2CC(N=[N+]=[N-])C(COP(=O)(O)C(F)(F)F)O2)c(=O)[nH]c1=O,CHEMBL287872
DEC_1987,decoy,NS(=O)(=O)c1ccc(Cl)cc1C1NC(=O)NC1=O,CHEMBL279878
DEC_1458,decoy,O/N=C/c1ccc(Sc2cc(F)cc(C3CCOCC3)c2)cc1,CHEMBL279716
DEC_3056,decoy,OCCNc1nc2ccc(Cl)cc2c2nc(-c3ccco3)nn12,CHEMBL268867
DEC_0848,decoy,COc1ccc2c(S(=O)(=O)C3SC(=O)NC3=O)cccc2c1C(F)(F)F,CHEMBL287435
DEC_4090,decoy,COc1ccccc1Cn1cnc2c(N(C)C)ncnc21,CHEMBL7661
DEC_3475,decoy,C[C@H](CS)C(=O)N1C[C@@H](S(=O)(=O)c2ccccc2)C[C@H]1C(=O)O,CHEMBL15777
DEC_4500,decoy,CCc1cc(N2CC(CNC(C)=O)OC2=O)ccc1C(C)=O,CHEMBL275885
DEC_2732,decoy,CC1(C)N=C(N)N=C(N)N1c1cccc(OCCOc2ccccc2)c1,CHEMBL266025
DEC_3460,decoy,Cc1ccc(CNC(=O)CCCn2c3c(c4ccccc42)C(=O)CN2CCCCC32)o1,CHEMBL286610
DEC_0789,decoy,O[C@@H]1c2cc(OCc3cccc(Cl)n3)ccc2OC[C@@H]1Cc1cccnc1,CHEMBL29937
DEC_0214,decoy,CC(C)N(C(=O)[C@H]1CCC2C3C=CC4=CC(C(=O)O)=CC[C@]4(C)C3CC[C@@]21C)C(C)C,CHEMBL278167
DEC_2075,decoy,Cc1cccc(C)c1NC(=O)C(NC(=O)C1=CC(C)(C)NC1(C)C)c1ccccc1,CHEMBL278697
DEC_1363,decoy,CCCCCC(=O)O[C@H](CC=C(C)C)C1=CC(=O)c2c(O)ccc(O)c2C1=O,CHEMBL265619
DEC_2040,decoy,CCOc1ccc(/C=C2\NC(=O)NC2=O)cc1,CHEMBL415874
DEC_0845,decoy,CO[C@]12C=CC3(CC14CCC[C@H]4O)C1Cc4ccc(O)c5c4C3(CCN1C)[C@@H]2O5,CHEMBL416765
DEC_0127,decoy,CC[C@@]1(O)C(=O)OCc2c1cc1n(c2=O)Cc2cc3cc(O)ccc3nc2-1,CHEMBL273862
DEC_2613,decoy,C=CCC1Oc2ccc(OC)c(OC)c2-c2ccc3c(c21)C(C)=CC(C)(C)N3,CHEMBL274208
DEC_4720,decoy,COc1ccc(N(C(=O)C(C)C)[C@H]2CCC3C4CC[C@H]5N(C)C(=O)CC[C@]5(C)C4CC[C@@]32C)cc1,CHEMBL16700
DEC_3175,decoy,Cc1cc2ncn(-c3ccc(C4=NNC(=O)CC4)cc3)c2cc1C,CHEMBL31697
DEC_4074,decoy,CN(C)c1ncnc2c1ncn2Cc1ccccc1F,CHEMBL6917
DEC_2777,decoy,CC(C)(C)NCC(O)c1cc2cccc(CC(=O)OCCC34C[C@H]5C[C@@H](C3)C[C@@H](C4)C5)c2o1,CHEMBL291222
DEC_2187,decoy,CC1(C)[C@H](C(=O)O)N2C(=O)C(C/C=C/C=O)[C@H]2S1(=O)=O,CHEMBL6286
DEC_0469,decoy,c1ccc2c(CCNCc3c[nH]c4ccccc34)c[nH]c2c1,CHEMBL269653
DEC_2183,decoy,O=NN(CCCl)C(=O)N1CCCC1C(=O)NCCCl,CHEMBL21229
DEC_2590,decoy,Fc1ccc2c([C@H]3Nc4ccc(Cl)cc4[C@H]4OCC[C@@H]34)c[nH]c2c1,CHEMBL24904
DEC_3165,decoy,CCN1c2ccccc2N(C(=O)CN(C)C)c2ccccc2S1(=O)=O,CHEMBL27291
DEC_1483,decoy,CCOC(=O)NS(=O)(=O)Oc1c(C(C)C)cccc1C(C)C,CHEMBL21972
DEC_0094,decoy,COc1c(Cl)c(O)nc(C(Cl)(Cl)Cl)c1Cl,CHEMBL275922
DEC_1727,decoy,CCc1cn([C@@H]2O[C@H](CNC(=O)C3c4ccccc4Oc4c(Cl)cccc43)[C@@H](O)[C@@H]2F)c(=O)[nH]c1=O,CHEMBL46821
DEC_1765,decoy,CC(C)(C)Sc1ccc(S(=O)(=O)CS(=O)(=O)C(F)(F)F)cc1,CHEMBL12821
DEC_2401,decoy,Cn1c(=O)c2c(nc(/C=C/c3cc(F)cc(F)c3)n2C)n(C)c1=O,CHEMBL281468
DEC_2765,decoy,CC(C)C1=CC2CC3(C=O)[C@@H]4CC[C@@H](C)[C@H]4CC2(CO[C@H]2C[C@@H]4OC[C@@H](C)[C@@H]4[C@@H](C)O2)C13C(=O)O,CHEMBL296692
DEC_3671,decoy,CCOC(=O)/C(=C/C(=O)[C@H](Cc1c[nH]c2ccccc12)NC(=O)OC(C)(C)C)C(C)C,CHEMBL279663
DEC_1535,decoy,COc1cc(O)c2c(c1C)C(=O)CCCCC/C(S)=N/[C@H](c1nc(NC(C)=O)no1)CSC2,CHEMBL37779
DEC_1723,decoy,CC1O[C@@H](O[C@H]2C[C@](O)(CO)Cc3c(O)c4c(c(O)c32)C(=O)c2ccccc2C4=O)C[C@@H](O)[C@@H]1N=[N+]=[N-],CHEMBL28670
DEC_3756,decoy,CCOc1ccc(-n2c(C)c3c(C)nnc(-c4ccc(OC)cc4OC)c3c2C)cc1,CHEMBL278347
DEC_0218,decoy,CC(C)NC(=O)N(C(=O)[C@H]1CCC2C3CCC4NC(=O)C=C[C@]4(C)C3CC[C@@]21C)C(C)C,CHEMBL284645
DEC_3034,decoy,Cc1noc(NS(=O)(=O)c2cccc3c(CN(C)C)cccc23)c1C,CHEMBL27525
DEC_0786,decoy,O=c1cc(-c2ccccc2)oc(O)c1SCc1ccc2c(c1)OCCO2,CHEMBL14342
DEC_1205,decoy,COc1cc2c3c4c(cc5c3n(c2cc1OC)C(=O)CC5(C)C)CCNC4,CHEMBL280340
DEC_4640,decoy,CCCN1C(=NC#N)N(CCC)[C@H](Cc2ccccc2)[C@H](O)[C@@H](O)[C@H]1Cc1ccccc1,CHEMBL35405
DEC_1933,decoy,O=C(NO)[C@H]1CN(Cc2ccc(Oc3ccc4ccccc4c3)cc2)C(=O)N1,CHEMBL19855
DEC_3273,decoy,C/C=C(\NC(=O)CC12CC3CC(CC(C3)C1)C2)C(=O)O,CHEMBL274394
DEC_2622,decoy,NCc1ccc(CCCn2ncc3c2nc(N)n2nc(-c4ccco4)nc32)cc1,CHEMBL22320
DEC_1370,decoy,CCCc1cc(S)cc(=O)n1Cc1ccc(-c2ccccc2-c2nn[nH]n2)cc1,CHEMBL23778
DEC_0104,decoy,CC(/N=c1\c(O)c(O)\c1=N/c1ccc(S(C)(=O)=O)cc1)C(C)(C)C,CHEMBL18708
DEC_3278,decoy,CCCN(CCC)[C@H]1Cc2c(O)cccc2C[C@@H]1C,CHEMBL14791
DEC_1351,decoy,CCOC(=O)C(Cc1cc2cc(C(=N)N)ccc2o1)c1ccc(O[C@H]2CCNC2)cc1,CHEMBL280162
DEC_1232,decoy,OC(c1ccc(Cl)cc1Cl)C(O)(Cn1cncn1)c1ccc(F)cc1,CHEMBL275963
DEC_1840,decoy,O=C(CN1CCN(S(=O)(=O)c2cc3ccc(Cl)cc3s2)CC1=O)NCc1cccnc1,CHEMBL50757
DEC_1167,decoy,CCC1(CC)CCNc2cc3nc(O)cc(C(F)(F)F)c3cc21,CHEMBL282866
DEC_4523,decoy,CC(=O)c1cc(C)cc(C)c1NC(=O)c1sccc1S(=O)(=O)Nc1onc(C)c1Cl,CHEMBL19950
DEC_2798,decoy,CCc1cccc(CC)c1COC(=O)NS(=O)(=O)Oc1c(C(C)C)cccc1C(C)C,CHEMBL22457
DEC_0743,decoy,Cc1noc(N[C@@H]2c3cc(C#N)ccc3OC(C)(C)[C@H]2O)n1,CHEMBL444263
DEC_1945,decoy,O=C(O)Cc1cccc2c1Cc1c-2nc(O)c2nc(-c3ccccc3C(=O)O)cn12,CHEMBL281658
DEC_1621,decoy,CN(C)CC[C@@H]1CN(C)C(=S)c2cc(Cl)cnc2O1,CHEMBL24835
DEC_2832,decoy,CSc1sc(C(=N)N)cc1-c1nc(-c2ccc3c(c2)OCO3)cs1,CHEMBL31967
DEC_0227,decoy,COc1ccc2c3c1OC1[C@H]4OC[C@@]4(CCCc4ccccc4)CC4C(C2)N(C)CCC341,CHEMBL268464
DEC_2888,decoy,C[C@@]12CCCCN1C[C@@H](c1ccccc1)c1ccccc12,CHEMBL284513
DEC_2426,decoy,NS(=O)(=O)c1ccccc1-c1ccc(NC(=O)C2CC(c3c(O)ccc4ccccc34)=NO2)cc1,CHEMBL300677
DEC_0243,decoy,CCC(=O)C1C(c2ccc3ccc(I)cc3c2)CC2CCC1N2C,CHEMBL435371
DEC_0945,decoy,CC1OC(/C=C/C2CC2)(C(F)(F)F)c2c(ccc(F)c2F)NC1=O,CHEMBL281230
DEC_3421,decoy,CN(C(=O)[C@H]1CCC2C3CCC4NC(=O)C=C[C@]4(C)C3CC[C@@]21C)c1ccccc1,CHEMBL25072
DEC_1114,decoy,O=C1NC(=O)C2(CN(Cc3nc4ccccc4s3)c3ccc(Cl)cc32)N1,CHEMBL20685
DEC_2925,decoy,Cc1ccc(C(=O)N(C)[C@H]2CCCC[C@@]23CCCN3C)cc1,CHEMBL23016
DEC_0196,decoy,CC(C)(CCC#N)CCn1cnc2c(O)nc(N)nc21,CHEMBL13115
DEC_4370,decoy,CC(C)NC(=O)N[C@@H](c1ccsc1)[C@@H](O)C(=O)OC1CC2C(C)(C)C1(C)[C@@]13CC(C)c4ccccc4[C@@]21O3,CHEMBL30994
DEC_1122,decoy,CC1Cc2cc3c(cc2C(c2ccc(N)cc2)=NN1C(=O)C(C)(C)C)OCO3,CHEMBL269104
DEC_0517,decoy,Cc1ccc(C(=O)OCC2OC(N3C=CSCC3=O)C[C@H]2OC(=O)c2ccc(C)cc2)cc1,CHEMBL432090
DEC_4615,decoy,NC1CCC(CNC(=O)[C@@H]2CCCN2C(=O)[C@@H](N)C(C2CCCCC2)C2CCCCC2)CC1,CHEMBL40145
ACT_080,active,CC(C)n1nnc2ccc(-c3ccnc(Nc4cc(C(=O)N5CCCC5)ccn4)c3)cc21,CHEMBL5561839
DEC_3404,decoy,CN(CCCl)[C@@H]1CCC2C3Cc4ccc(O)c5c4C2(CCN3CC2CC2)[C@H]1O5,CHEMBL8977
DEC_3520,decoy,C=CCN1CCC2Cc3c(O)cccc3C[C@H]21,CHEMBL278285
DEC_4622,decoy,CCOC(=O)C(CCCCn1cnc2c1NC=NCC2O)c1cccc(Br)c1,CHEMBL34848
DEC_2046,decoy,CC(C)c1ccc(/C=C2\NC(=O)NC2=O)cc1,CHEMBL289716
DEC_0972,decoy,CC[C@H]1CO[C@H]2[C@@H]1C[C@H](OCC13C[C@@H]4[C@H](C)CC[C@H]4C4(C=O)CC1C=C(C(C)C)C34C(=O)O)O[C@@H]2C,CHEMBL295883
DEC_2633,decoy,COc1ccc(S(=O)(=O)N(Cc2cc(F)cc(F)c2)[C@H](C)C(=O)NO)cc1,CHEMBL21714
ACT_030,active,CC[C@H](Nc1nc(NCc2cnc(C)cc2C)c2ncn(C(C)C)c2n1)[C@@H](C)O,CHEMBL3655762
DEC_0262,decoy,CC(=O)OCC1=C(C(=O)OC(C)(C)C)N2C(=O)[C@@H](Nc3nc4ccc[nH]c-4n3)C2SC1,CHEMBL274664
DEC_2167,decoy,CON(C)C(=O)/C=C/CC1C(=O)N2[C@@H]1[S+]([O-])C(C)(C)[C@@H]2C(=O)O,CHEMBL267627
DEC_4553,decoy,COc1ccc(C(c2ccc(C(C)C)cc(=O)c2O)c2ccc3cccnc3c2O)cc1,CHEMBL18916
DEC_0657,decoy,COC(=O)C1=C(C)N=C(C)/C(=C(\O)OC)C1c1c(F)c(F)c(F)c(F)c1F,CHEMBL24716
DEC_0317,decoy,CSCC/C=C(\NC(=O)C1CC1(C)C)C(=O)O,CHEMBL11556
DEC_1958,decoy,O=C(N[C@H]1CCc2cc(O)c(O)c(O)c2-c2ccc(=O)c(O)cc21)C(F)(F)F,CHEMBL9892
DEC_4617,decoy,CC(C)(C)OC(=O)N[C@H](C(=O)/C(C#N)=C(\O)c1ccccc1)C(=O)C(N)Cc1ccccc1,CHEMBL278879
DEC_4041,decoy,CCOc1nc2nc(C(=O)c3ccccc3)cn2c2c1CCCCC2,CHEMBL20349
DEC_2063,decoy,Oc1nc2cc(Cl)c(Cl)cc2nc1O,CHEMBL284028
DEC_1568,decoy,C=C1/C(=C\C=C\[C@H]2CCC[C@H]([C@@H](C)CCCC(C)(C)O)C2(C)C)C[C@@H](O)C[C@@H]1O,CHEMBL284246
DEC_2709,decoy,CNC(=O)[C@@H](NC(=O)[C@H](CC(C)C)[C@@H](C(=O)NO)C1CCCCC1)C(C)(C)C,CHEMBL418028
DEC_1626,decoy,CC(C)CCCc1nc2c([nH]1)N1C[C@@H](C(C)C)N=C1N(C)C2=O,CHEMBL18524
DEC_2209,decoy,CC(N)C(=O)N[C@@H]1CN(C(=O)N(C(C)C)C(C)C)C[C@@H]1C(=O)O,CHEMBL19311
DEC_2132,decoy,Oc1cc2c(cc1Sc1ccccc1)OCC2,CHEMBL7619
DEC_4732,decoy,CC(=O)[C@@]12OC(C)(c3ccc(F)cc3)O[C@@H]1CC1C3CCC4=CC(=O)CC[C@]4(C)C3CC[C@@]12C,CHEMBL13733
DEC_4644,decoy,CCCc1nc2c(n1Cc1ccc(-n3cccc3-c3nn[nH]n3)cc1)/C(=C/C(=O)O)CCCC2,CHEMBL44295
DEC_0777,decoy,CCOC(=O)N(c1ccccc1)C1c2cc(C#N)ccc2OC(C)(C)C1O,CHEMBL11392
DEC_0846,decoy,CO[C@]12C=CC3(CC14CCC(C)(C)[C@H]4O)C1Cc4ccc(O)c5c4C3(CCN1C)[C@@H]2O5,CHEMBL31605
DEC_4723,decoy,FC(F)(F)COc1nc(C(Cl)(Cl)Cl)c(Cl)c(OCC(F)(F)F)c1Cl,CHEMBL11278
DEC_1001,decoy,CCC1(CC)O[C@@H]2[C@@H](CO[C@@]3(COS(N)(=O)=O)OC(CC)(CC)O[C@@H]23)O1,CHEMBL25907
DEC_0749,decoy,C/N=C(\NC#N)Nc1cccc(-c2csc(N=C(N)N)n2)c1,CHEMBL441965
DEC_2353,decoy,COc1ccc(NS(=O)(=O)c2sc3ccc(Cl)cc3c2C)cc1N1CCNCC1,CHEMBL431298
DEC_4444,decoy,CC(C)(N)CC(=O)NC1Sc2ccccc2N(Cc2ccc(-c3ccccc3-c3nn[nH]n3)cc2)C1=O,CHEMBL281585
ACT_065,active,CN1C(=O)[C@@H](N2CCc3c(nn(Cc4ccccc4)c3Br)C2=O)COc2ccccc21,CHEMBL4549667
DEC_4234,decoy,CC1(C)OC(S)=Nc2ccc(-c3ccccc3F)cc21,CHEMBL285872
DEC_2379,decoy,Cc1oc2c(C)c3oc(=O)cc(C)c3cc2c1CNCCO,CHEMBL6725
DEC_4351,decoy,COc1cc(-c2nn[nH]n2)cc(OC)c1OC,CHEMBL288745
DEC_3490,decoy,CC(C)(C)/N=c1\c(O)c(O)\c1=N/Cc1ccc(C#N)c(Cl)c1,CHEMBL281628
DEC_1193,decoy,CN1CC[C@]23CCCC[C@H]2[C@H]1Cc1ccc(Oc2ccccc2O)cc13,CHEMBL277209
DEC_2235,decoy,CC(C)(C)NC(=O)[C@@H]1C[C@@H]2CCCC[C@@H]2CN1C[C@@H](O)[C@H](Cc1ccccc1)NC(=O)O[C@@H]1CCSC1,CHEMBL279097
DEC_2928,decoy,CC1(c2ccccc2)OC(/C=C/c2ccc(C#N)cc2)=CC1=O,CHEMBL18211
DEC_1902,decoy,CCCN1CCCC2(c3cccc(OC)c3)CCC1C2.O=C(O)C(=O)O,CHEMBL418596
DEC_0464,decoy,CC(C)(C)c1cc(/C=C/c2ccc[n+]([O-])c2)cc(C(C)(C)C)c1O,CHEMBL8631
DEC_2760,decoy,CCc1ccc(C(c2sncc2C)N2CCN(CCO)CC2)cc1,CHEMBL25330
DEC_0986,decoy,C=C(Cl)CN1C[C@H](OCC23C[C@@H]4[C@H](C)CC[C@H]4C4(C=O)CC2C=C(C(C)C)[C@@]34C(=O)O)OC[C@H]1C,CHEMBL31066
DEC_4513,decoy,CCCc1nc(O)c(CCC(=O)OC)c2cc(OC)c(OC)cc12,CHEMBL282122
DEC_4045,decoy,CCc1ccccc1C(c1cc(C)ns1)N1CCN(C)CC1,CHEMBL22343
DEC_1647,decoy,CCOC(=O)c1cnc2cc(C3CCC(=O)O3)ccc2c1O,CHEMBL280966
DEC_4305,decoy,CC(C)c1ccc(-c2nc3c(=O)n(C)c(=O)n(C)c3[nH]2)cc1,CHEMBL10895
DEC_0501,decoy,C[C@@H]1CC2C3CCC4=CC(=O)C=C[C@]4(C)[C@@]3(F)[C@@H](O)C[C@]2(C)[C@@]1(O)C(=O)CSCCN=C=S,CHEMBL48439
DEC_0720,decoy,CCOC(=O)c1cccc(N2C(N)=NC(N)=NC2(C)C)c1,CHEMBL268356
DEC_3655,decoy,CN(Cc1ccccc1)Cc1ccn(-c2cc3nc(O)c(O)nc3cc2[N+](=O)[O-])c1,CHEMBL12431
ACT_077,active,Cc1cncc2cccc(S(=O)(=O)N3CCCNCC3C)c12,CHEMBL1082440
DEC_0495,decoy,CC[C@]1(c2ccccc2Cl)OC[C@H]([C@@H]2CCCCN2)O1,CHEMBL26639
DEC_2491,decoy,CCNC(C)C(O)COc1cccc2ccccc12.O=C(O)C(=O)O,CHEMBL28965
DEC_3646,decoy,O=C(Cn1c(C2CCNCC2)nc2cc(Cl)c(Cl)cc21)N/N=C/c1cc[n+]([O-])cc1,CHEMBL20106
DEC_2358,decoy,CC(NC(=O)C(=O)N/N=C1\C[C@@H](c2ccccc2F)Nc2cc3c(cc21)OCO3)c1ccccc1,CHEMBL15983
DEC_0973,decoy,CC[C@@H]1CO[C@H]2[C@@H]1C[C@H](OCC13C[C@@H]4[C@H](C)CC[C@H]4C4(C=O)CC1C=C(C(C)C)C34C(=O)O)O[C@@H]2C,CHEMBL296658
DEC_3143,decoy,Cc1cn(C2CC(O)C(CNC(=O)Oc3ccccc3)O2)c(=O)[nH]c1=O,CHEMBL274898
DEC_2076,decoy,C/C(=C/C(=O)Nc1ccc(-c2ccccc2S(N)(=O)=O)cc1)c1cccc(C(=N)N)c1,CHEMBL264853
DEC_1856,decoy,Cc1[nH]cnc1CCNC(=O)CN1CCN(S(=O)(=O)c2cc3ccc(Cl)cc3s2)CC1=O,CHEMBL46041
DEC_2474,decoy,CC1(C)C=C(C(=O)NCCNC(=O)C2CC=CCC2C(=O)O)C(C)(C)N1,CHEMBL15593
DEC_1574,decoy,C=C1/C(=C\C=C\C2CCCC([C@@H](C)CC#CC(C)(C)O)C2(C)C)C[C@@H](O)C[C@@H]1O,CHEMBL290789
DEC_2037,decoy,CC(C)(C)C(=O)c1ccc2n1CCC2C(=O)O,CHEMBL8737
DEC_2492,decoy,N[C@@H](CNC(=O)C1CCC2(CC1)CCN(c1ccncc1)CC2)C(=O)O,CHEMBL24650
DEC_4183,decoy,C#CCOc1ccc2c(c1OC)-c1ccc3c(c1C(CC=C)O2)C(C)=CC(C)(C)N3,CHEMBL266488
DEC_3335,decoy,Nc1nc(/C=C/c2ccccc2)c2ncn(Cc3ccccc3)c2n1,CHEMBL19794
DEC_0572,decoy,CCN(CC)CCNc1ccc2c3c(nn2CCN(CC)CC)-c2ccccc2S(=O)(=O)c13,CHEMBL39702
DEC_0226,decoy,CN1CCC23c4c5ccc(O)c4OC2[C@H]2OC[C@@]2(CCCCCc2ccccc2)CC3C1C5,CHEMBL275453
DEC_1917,decoy,Cc1cccc([C@@H](N)C(=O)N[C@@H]2C(=O)N3C(C(=O)O)=C(C(F)(F)F)CC[C@H]23)c1,CHEMBL277259
DEC_0883,decoy,COc1cc2c(c(OC)c1OC)-c1ccc(SC)c(=O)cc1[C@@H](N(C)C(=O)C(F)(F)F)CC2,CHEMBL279198
DEC_3208,decoy,O=C1C=CC2C3Cc4ccc(O)c5c4C2(CCN3CC2CC2)C1O5,CHEMBL29772
DEC_1827,decoy,C=C(CO)[C@H]1C[C@H](OC(C)=O)[C@@]23O[C@@H]2[C@@H](C[C@]2(C)O[C@H]2c2cc(C)c(o2)[C@@H]1OC(C)=O)OC3O,CHEMBL299395
DEC_0457,decoy,c1ccc(C2(c3ccccc3)CCC(C3CCCCN3)C2)cc1,CHEMBL27050
DEC_0462,decoy,CC(/C=C/C(O)=C1\C(=O)CN(C)C1=O)=C\C(C)C1CCCCC1,CHEMBL10882
DEC_1423,decoy,Nc1nc2c(cnn2CCc2ccc(S(=O)(=O)N(CCO)CCO)cc2)c2nc(-c3ccco3)nn12,CHEMBL22717
DEC_0557,decoy,CCCCc1nc2ccn(CC(=O)N(C)C)c(=O)c2n1Cc1ccc(-c2ccccc2-c2nnn[nH]2)cc1,CHEMBL288246
DEC_4061,decoy,CC(C)C1CC(=O)N(OS(=O)(=O)/C=C/c2ccccc2)C1=O,CHEMBL275133
DEC_0366,decoy,CCC(C)NCc1ccc2n1-c1ccccc1SC2C1=CCC(OC)(OC)C=C1,CHEMBL24998
DEC_1190,decoy,CCCc1cc(=O)oc2c3c(c4c(c12)OC(C)(C)C=C4)OC(C)(C)[C@H](C)[C@@H]3O,CHEMBL266050
DEC_4251,decoy,CC(=N)Nc1nnc(-c2ccccc2C(F)(F)F)s1,CHEMBL11998
DEC_4020,decoy,CCC(=O)N(c1ccc(C)c(Cl)c1)C1CCCC1N(C)C,CHEMBL22018
DEC_3806,decoy,O=C1NCN(c2ccccc2)C12CCN(C1CCc3ccccc31)CC2,CHEMBL284414
DEC_0311,decoy,COCCC/C=C(\NC(=O)C1CC1(C)C)C(=O)O,CHEMBL11887
DEC_0369,decoy,CO[C@]1(c2cc(F)cc(Sc3ccc(/C(C)=N/OCC#N)cc3)c2)CCO[C@@H](C)C1,CHEMBL280554
DEC_2470,decoy,C=C1/C(=C\C=C2/CCC[C@@]3(C)C2CC[C@]3(O)C(=O)CO)CC(O)C[C@@H]1O,CHEMBL286468
DEC_0400,decoy,CCC(OC)(c1cccc(OCc2ccc3ccccc3c2)c1)c1nccs1,CHEMBL423835
DEC_4342,decoy,NS(=O)(=O)Oc1ccc2c(c1)C(=O)CCC2,CHEMBL11017
DEC_0380,decoy,COC(C)(c1nccs1)c1cc(OCc2ccc3ccccc3c2)ccc1C,CHEMBL21609
DEC_1684,decoy,OCCC12NC(Cc3ccccc31)C1CCCCC12,CHEMBL9282
DEC_2331,decoy,Cn1cncc1C(O)(C#Cc1cccc(N)c1)c1ccc(C#N)c(-c2cccc3ccccc23)c1,CHEMBL418018
DEC_1456,decoy,CCCc1ccc(C(=O)c2c(SC)cc(CC(=O)O)n2C)cc1,CHEMBL279082
DEC_1169,decoy,CC(C)(C)c1cc(/C=C/c2n[nH]c(O)n2)cc(C(C)(C)C)c1O,CHEMBL12572
DEC_3887,decoy,CC(CS)C(=O)N(CC(=O)O)c1ccc2c(c1)CCC2,CHEMBL23641
DEC_4453,decoy,O=C(O)CCCNC(=O)CCC(NC(=O)c1cc(Cl)cc(Cl)c1)C(=O)N1CCC2(CCCC2)CC1,CHEMBL30844
DEC_3366,decoy,CC(=O)OCC(=O)[C@@]12ON(C)C[C@@H]1CC1C3CCC4=CC(=O)C=CC4(C)[C@H]3C(O)CC12C,CHEMBL416965
DEC_2237,decoy,CC1(C)C2CC1[C@]1(C)OB([C@H](CCCN=C(N)N)NC(=O)c3ccc(-c4ccccc4)cc3[N+](=O)[O-])O[C@@H]1C2,CHEMBL297535
DEC_3628,decoy,CC[C@@]1(O)C(=O)OCc2c1cc1n(c2=O)Cc2cc3c(CC#N)c(O)ccc3nc2-1,CHEMBL10419
DEC_2073,decoy,CC(=O)NC(=S)NC[C@@H]1C[C@@H]2c3ccc(C(C)(C)C)c4[nH]cc(c34)C[C@H]2N(C)C1,CHEMBL14020
DEC_3099,decoy,CCOc1cc([C@]2(C#N)C[C@H]3C[C@@H](C(=O)NO)C[C@H]3C2)ccc1OC,CHEMBL283396
ACT_018,active,Cc1cc(N2CCCS2(=O)=O)c2oc(-c3ccc(O)c(C#N)c3)c(O)c(=O)c2c1,CHEMBL233152
DEC_3005,decoy,CCn1c(/C=C/C=C2\N(C)c3ccccc3C2(C)C)[n+](CC)c2nc3ccccc3nc21.[Cl-],CHEMBL278294
DEC_1249,decoy,CC(C)(C)C12COC(c3ccc(Br)cc3)(OC1)OC2,CHEMBL29116
DEC_0381,decoy,Cc1cc(CCCCCOc2c(Cl)cc(C3=NCCO3)cc2C(C)(C)C)on1,CHEMBL277837
DEC_3186,decoy,Cc1ccc2c(c1)N(C(=O)CN(C)C)c1ccccc1S(=O)(=O)N2C,CHEMBL282404
DEC_1652,decoy,CCCCCCc1nc2c([nH]1)N1C(=N[C@@H]3CCC[C@@H]31)N(C)C2=O,CHEMBL18745
DEC_3844,decoy,CSc1ccc(N2CC(CNC(C)=O)OC2=O)cc1[N+](=O)[O-],CHEMBL16350
DEC_3879,decoy,COc1ccc(N(CC(=O)O)C(=O)CCS)c(OC)c1,CHEMBL23098
DEC_3230,decoy,Nc1nc(O)c2nc(Br)n(C3CCCc4ccccc43)c2n1,CHEMBL11511
DEC_1263,decoy,CCO[C@]1(CC)c2cccc3c2-c2c1ccc1c2[C@@H](C3)N(C)CC1,CHEMBL281554
DEC_1837,decoy,Nc1nc(CCNC(=O)CN2CCN(S(=O)(=O)c3cc4ccc(Cl)cc4s3)CC2=O)cs1,CHEMBL295515
DEC_0665,decoy,CC1(C)OC(S)=Nc2c(Br)cc(-c3cc(F)cc(C#N)c3)cc21,CHEMBL24963
DEC_0021,decoy,CC(C)=CCC(OC(=O)c1ccc2ccccc2c1)C1=CC(=O)c2c(O)ccc(O)c2C1=O,CHEMBL416387
DEC_4329,decoy,CCOC(=O)C(=O)/C=C1\C=C(OC)C=C(O)O1,CHEMBL7738
DEC_0315,decoy,O=C(O)[C@H]1C[C@H](C/C=C/P(=O)(O)O)CCN1,CHEMBL28523
DEC_0703,decoy,CC(C)=CC[C@@H](O)C1=CC(=O)c2c(O)ccc(O)c2C1=O,CHEMBL9470
DEC_4409,decoy,CCCCC1Nc2ccc(C(C)(C)OC)cc2C(=O)N1Cc1ccc(-c2ccccc2-c2nn[nH]n2)cc1,CHEMBL15240
DEC_3531,decoy,C=CCN1CC[C@H]2c3c(O)cccc3CC[C@H]21,CHEMBL287134
DEC_0518,decoy,C=C(C)[C@]12C[C@@H](C)[C@@]34OC(Cc5ccccc5)(O[C@@H]1C3C=C(CO)C[C@]1(O)C(=O)C(C)=CC41)O2,CHEMBL269304
DEC_1947,decoy,CNCCN1Cc2cccc3c2N(CC3)c2ccccc21.O=C(O)C(=O)O,CHEMBL27625
DEC_3690,decoy,CC(C)c1cccc(C(C)C)c1NC(=O)NS(=O)(=O)N(C)CCc1ccccc1,CHEMBL279727
DEC_4567,decoy,C1=CC(=Nn2cccc2)C=CC1=Nc1ccccc1,CHEMBL24961
DEC_1404,decoy,CN(C)C(=O)CCC(NC(=O)c1ccc(N(C)Cc2cnc3nc(N)nc(N)c3n2)cc1)C(=O)O,CHEMBL55590
DEC_4753,decoy,Cc1nnc2n1-c1ccc(C#CCN3C(=O)CCc4ccccc43)cc1C(c1ccccc1F)=N[C@@H]2C,CHEMBL280207
DEC_1049,decoy,CC(C)(C)NC(=O)NC[C@@H]1Cc2ccccc2CN1/C(S)=N/C[C@H]1CCCN1C(C)(C)C,CHEMBL287981
DEC_3576,decoy,CC(C)(C)c1cc(I)c(O)c(CN)c1,CHEMBL279581
DEC_4294,decoy,Clc1ncc(O[C@@H]2CCNC2)cc1Br,CHEMBL268017
DEC_1459,decoy,CSc1cc2n(c1C(=O)c1ccc(C3CC3)cc1)CCC2C(=O)O,CHEMBL19738
DEC_1470,decoy,COc1cc2c(cc1OC)C(C)=[N+]([O-])C(c1ccc(C)cc1)N2,CHEMBL281984
DEC_1937,decoy,CCN1CC(C(=O)O)C(=O)c2c(O)c3c(c(O)c21)C(=O)c1ccccc1C3=O,CHEMBL274337
DEC_0796,decoy,O[C@@H]1c2cc(OCc3cccc(F)n3)ccc2OC[C@@H]1Cc1cccnc1,CHEMBL283883
DEC_2680,decoy,N=C(N)c1ccc2ccc(CC(C(=O)O)c3ccc(O[C@H]4CCNC4)cc3)cc2c1,CHEMBL19139
DEC_3199,decoy,Cc1ccc2c(c1)N(C(=O)CN(C)C)c1ccccc1N(C)S2(=O)=O,CHEMBL283627
DEC_0397,decoy,COc1c(C)c(C)c(O)c(C)c1CN(C)CCOc1cc(C)c(O)cc1C(C)C,CHEMBL25300
DEC_0707,decoy,CC1(C)N=C(N)N=C(N)N1c1ccc2c(c1)CCCC2,CHEMBL33066
DEC_0344,decoy,CC(CS)C(=O)N(CC(=O)O)c1ccccc1,CHEMBL26338
DEC_3726,decoy,CC(C)Oc1cccc2c1C(=O)N(COC(=O)c1c(Cl)cccc1Cl)S2(=O)=O,CHEMBL11913
DEC_3268,decoy,N#CC(c1ccccc1)C(N)Sc1ccccc1N,CHEMBL284774
DEC_3370,decoy,O=C1NC(=O)C(CC#Cc2ccc(C(F)(F)F)cc2)(S(=O)(=O)c2ccccc2)S1,CHEMBL11940
DEC_2803,decoy,CC/C(=C(/c1ccccc1)c1ccc(OC(C)=O)c(OC(C)=O)c1)c1cccc(OC(C)=O)c1,CHEMBL282836
DEC_3432,decoy,CCN(CC)C(=O)c1ccc(C(=C2CCNCC2)c2ccccc2OC)cc1,CHEMBL278078
DEC_0695,decoy,CCCc1cc(=O)oc2c3c(c4c(c12)OC(C)(C)C=C4)O[C@H](CC)[C@H](C)[C@@H]3O,CHEMBL267208
DEC_0673,decoy,CC1(C)OC(S)=Nc2ccc(-c3cncc(Br)c3)cc21,CHEMBL25556
DEC_1460,decoy,CNCCSC1=Cc2ccccc2Sc2ccc(O)cc21,CHEMBL15668
DEC_3235,decoy,O=C(O)[C@@H]1C[C@H]2C[C@@H](Cc3cccc(-c4nn[nH]n4)c3)CC[C@H]2CN1,CHEMBL279648
DEC_3775,decoy,COc1ccc2c(c1)c1c3c(cc4c1n2C(=O)CC4)CCNC3,CHEMBL23913
DEC_1891,decoy,COC(=O)[C@@H]1[C@H]2C[C@H]3c4[nH]c5ccccc5c4CCN3C[C@@H]2CC[C@@H]1O,CHEMBL15245
DEC_3773,decoy,O=C(NC1c2ccccc2Oc2ccccc21)c1ccccc1O,CHEMBL279685
DEC_0984,decoy,COc1ccc2c3c1OC1[C@H](O)[C@](CO)(CCCc4ccccc4)CC4C(C2)N(CC2CC2)CCC341,CHEMBL8938
DEC_4594,decoy,CCc1ccc(O)c([S+]([O-])c2ccccc2)c1,CHEMBL286483
DEC_1656,decoy,CC(C)CCc1nc2c([nH]1)N1C(=N[C@@H]3CCC[C@@H]31)N(C)C2=O,CHEMBL18744
DEC_3877,decoy,NC(C(=O)O)c1ccc(CP(=O)(O)O)c2ccccc12,CHEMBL282119
DEC_2182,decoy,CC1(C)[C@H](C(=O)O)N2C(=O)C(C/C=C/C#N)[C@@H]2S1(=O)=O,CHEMBL267626
DEC_1850,decoy,Cc1noc(C)c1S(=O)(=O)N[C@@H](CNC(=O)N1CCC2(CC1)CCN(c1ccncc1)CC2)C(=O)O,CHEMBL23814
DEC_4112,decoy,c1ccc2c(C3=NCC4(CN5CCC4CC5)O3)[nH]nc2c1,CHEMBL274149
DEC_0481,decoy,Cc1cc2c(s1)CNCC2c1ccc(Br)cc1,CHEMBL15953
DEC_2607,decoy,FC(F)(F)c1ccc(Sc2ccc(NC3=NCCN3)cc2)cc1,CHEMBL8935
DEC_0158,decoy,CCC(=O)c1c(O)cc(O)c(C(=O)CC)c1O,CHEMBL19655
DEC_0453,decoy,Nc1ccc(OC23CC4CC5C6CC(CC52)CC3C6C4)cc1,CHEMBL12197
DEC_1776,decoy,CN(C)N=Nc1ccc2c(c1)C(=O)N(C)Cc1c(C(=O)OC(C)(C)C)ncn1-2,CHEMBL6407
DEC_0383,decoy,CCCN(CC1CC1)c1nc(C)nc2c1sc(=S)n2-c1c(C)cc(C)cc1C,CHEMBL17619
DEC_0482,decoy,CCC(c1ccc(O)cc1)C(CC)c1ccc(O)c(F)c1,CHEMBL6404
ACT_059,active,Cc1nnc(-c2cccc(-c3cnn4ccc(NCCN)nc34)c2)o1,CHEMBL2442291
DEC_1705,decoy,C[C@@]1(CO)C(O)CC[C@]2(C)C3CC(=O)CC3CC[C@@H]12,CHEMBL29406
DEC_1786,decoy,CN(CCc1ccc2c(c1)OCO2)C[C@@H]1CCCc2c1ccc1c2OCC1,CHEMBL10052
DEC_4438,decoy,O=C(CCCCC1SCC2NC(=O)NC21)Nc1cccc2c1CC(N1CCC(c3ccccc3)CC1)C(O)C2,CHEMBL20881
DEC_0073,decoy,CC1(C)N=C(N)N=C(N)N1c1ccc(C#C[Si](C)(C)C)cc1,CHEMBL33409
DEC_2670,decoy,CCCc1cc(I)cc(CNCCCN(C)C)c1O,CHEMBL21615
DEC_0425,decoy,COc1cc(Cc2cnc(N)nc2N)cc(OCCC(=O)O)c1Br,CHEMBL418763
DEC_1741,decoy,COc1cc(O)c2c(c1C)C(=O)OC[C@H](NC(=O)OC(C)(C)C)C(=O)N[C@H](C(=O)O)CSC2,CHEMBL35871
DEC_1931,decoy,OC[C@@]12C[C@@H]1[C@@H](n1cnc3c(NC4CCCC4)nc(Cl)nc31)C[C@@H]2O,CHEMBL27593
DEC_0892,decoy,O=c1c(-c2ccccc2)c(O)c2sccc2n1Cc1ccc(-c2ccccc2-c2nn[nH]n2)cc1,CHEMBL26875
DEC_3599,decoy,CC(=O)NCC1CN(c2c(F)cc(C(C)=O)cc2F)C(=O)O1,CHEMBL16621
DEC_4140,decoy,C[C@@H]1C[C@@H]2C3Cc4ccc(O)cc4C2(CCN3C)CC1=O,CHEMBL33718
DEC_3489,decoy,CC1(C)C=C(C(=O)NCCNC(=O)c2cccs2)C(C)(C)N1,CHEMBL277833
DEC_2960,decoy,OC(c1ccc(F)cc1)(c1cncnc1)c1cccc(F)c1,CHEMBL28753
DEC_3169,decoy,COCCN1C(=O)N(c2ccc(C#N)c(C(F)(F)F)c2)C(=O)C1(C)C,CHEMBL432658
DEC_2454,decoy,Cc1c(S(=O)(=O)N[C@H]2CCN(Cc3cc4c[nH]ccc-4n3)C2=O)sc2ccc(Cl)cc12,CHEMBL8581
DEC_1548,decoy,COc1cc([C@@H]2c3cc4c(cc3[C@@H](Nc3cccnc3)[C@H]3COC(=O)[C@H]23)OCO4)cc(OC)c1O,CHEMBL281430
DEC_4318,decoy,CCCOC(=O)C1C(C(=O)O)C2CC[C@H]1O2,CHEMBL17154
DEC_1636,decoy,CCC[C@H]1OC(=O)O[C@]1(Cn1cncn1)c1ccc(Cl)cc1,CHEMBL10259
DEC_3367,decoy,COc1ccc2c3c1OC1[C@H](O)[C@](CO)(CCc4ccccc4)CC4C(C2)N(C)CCC341,CHEMBL9667
DEC_4223,decoy,CC1(C)CCc2cc3c(C(F)(F)F)cc(O)nc3cc2N1,CHEMBL6874
DEC_2072,decoy,N=C(N)c1ccc(F)c(/C=C\C(=O)Nc2ccc(-c3ccccc3S(N)(=O)=O)cc2)c1,CHEMBL285289
DEC_1253,decoy,CCC(=O)OC1CCC2C3CCC4=CC(=O)CCC4C3CCC12C,CHEMBL24545
DEC_4404,decoy,CCCc1nc(-n2cccc2C(O)C(F)(F)F)c(C#N)n1Cc1ccc(-c2ccccc2-c2nn[nH]n2)cc1,CHEMBL73358
DEC_3794,decoy,O=C1Nc2ccc(Cl)cc2C(C#Cc2ccncc2)(C(F)(F)F)O1,CHEMBL17374
DEC_0952,decoy,CC(C)C1=CC2CC3(C=O)[C@@H]4CC[C@@H](C)[C@H]4CC2(CO[C@H]2CN(CC=C(F)F)[C@H](C)CO2)[C@]13C(=O)O,CHEMBL30545
DEC_0931,decoy,O=C(O)Cc1cccc2c(=O)c3cccc(Br)c3oc12,CHEMBL30141
DEC_4264,decoy,C[C@H]1CCC/C=C/[C@@H]2C[C@H](O)C[C@H]2[C@H](O)/C=C/C(=O)O1,CHEMBL19980
DEC_0467,decoy,Fc1ccc(C(OC2CC3CCC(C2)N3)c2ccc(F)cc2)cc1,CHEMBL11776
DEC_3882,decoy,CC1(C)C=C(C(=O)NC(C(N)=O)c2ccccc2)C(C)(C)N1,CHEMBL14939
DEC_0602,decoy,C[C@@H]1CC2C3CCC4=CC(=O)C=CC4(C)[C@@]3(F)C(O)CC2(C)C1C(=O)CO,CHEMBL16829
DEC_4717,decoy,CC1(C)CC[C@]2(C(=O)O)CC[C@]3(C)C(C(=O)C[C@@H]4[C@@]5(C)C=CC(=O)C(C)(C)[C@@H]5CC[C@]43C)C2C1,CHEMBL296070
DEC_4548,decoy,CC1=NN(C(=O)Nc2cccc(N(C)C)c2)C(C)=NN1C(=O)Nc1cccc(N(C)C)c1,CHEMBL273313
DEC_1874,decoy,C[C@@H](/N=c1\c(O)c(O)\c1=N/c1ccc(C#N)c(Cl)c1)C(C)(C)C,CHEMBL19420
DEC_0375,decoy,CC(NCCc1ccccc1)C1CCC2C3CC=C4CC(O)CCC4(C)C3CCC12C,CHEMBL8559
DEC_1862,decoy,NS(=O)(=O)c1cc(N2CCN(CC(O)COc3cccc4c3CCC(=O)N4)CC2)ccc1Cl,CHEMBL40599
DEC_2420,decoy,NC(=O)N1C(=O)/C(=C(\OC(=O)c2cccc(C(=O)O)c2)c2cccs2)c2cc(F)c(Cl)cc21,CHEMBL51717
DEC_2874,decoy,CC(C)=CC(=O)c1cc(C(C)(C)C)c2c(c1)C(C)(C)CO2,CHEMBL13899
DEC_0817,decoy,CO[C@]12CC[C@@]3(C[C@@H]1C(C)(C)O)[C@H]1Cc4ccc(O)c5c4[C@@]3(CCN1CC1CC1)[C@H]2O5,CHEMBL281786
DEC_0060,decoy,C[C@@]12CCC3=C(CCO3)C1CC[C@@]13CC(CCC12)[C@@](O)(CO)C3,CHEMBL31114
DEC_3903,decoy,CC1CC(/C=N/c2ccccc2)=C2NC=C(C(=O)O)C(=O)N21,CHEMBL278357
DEC_2556,decoy,COc1cc2c(cc1OC)[C@@H]1CNC(=O)[C@@H]1CC2,CHEMBL32807
ACT_005,active,S=C(Nc1ccccc1)N1CCN(c2nnc(Cc3ccccc3)c3ccccc23)CC1,CHEMBL5407116
DEC_4245,decoy,CC(C)c1ccc2c(c1)CC[C@H]1[C@](C)(CO)CCC[C@]21C,CHEMBL12799
DEC_4319,decoy,CC(C)(C)OC(=O)N1C[C@@H](N)[C@@H](C(=O)O)C1,CHEMBL18902
DEC_1224,decoy,O=C1NC(=O)C(c2cc(Cl)ccc2SCc2ccc(Cl)cc2)N1,CHEMBL19789
DEC_2964,decoy,CC(=O)[O-].CCn1c(=O)/c(=C2\Sc3ccccc3N2C)s/c1=C\c1ccc2ccccc2[n+]1CC,CHEMBL34783
DEC_4653,decoy,COc1ccccc1-c1ccc(C[C@H](CC(=O)NO)C(=O)N[C@H]2c3ccccc3C[C@H]2O)cc1,CHEMBL9086
DEC_1530,decoy,Cc1noc(NS(=O)(=O)c2cccc3c(NC(C)C)cccc23)c1C,CHEMBL416026
DEC_4629,decoy,O=C1[C@@H](NS(=O)(=O)c2cc3nc(Cl)ccc3s2)CCN1Cc1cc2c[nH]ccc-2n1,CHEMBL268835
DEC_2345,decoy,CC(=O)OC(c1nc2c(C(F)(F)F)cccc2c(O)c1C(=O)Nc1ccccn1)C(C)C,CHEMBL32867
DEC_0772,decoy,CC(C)c1cccc(C(C)C)c1OS(=O)(=O)NC(=O)OC1CCCCC1,CHEMBL21437
DEC_4059,decoy,O=C1CN2Cc3c(ccc(N4CCCCC4)c3Cl)NC2=N1,CHEMBL31701
DEC_1364,decoy,CC1(C)N=C(N)N=C(N)N1c1cccc(OCCCCOc2ccccc2)c1,CHEMBL6771
DEC_4001,decoy,CCCN1CC[C@@H]2Cc3c(O)cccc3C[C@@H]21,CHEMBL275689
DEC_2058,decoy,Oc1nc2cc(Cl)cc(Cl)c2nc1O,CHEMBL282003
ACT_027,active,COc1cc(C=C(C#N)c2nc3ccccc3[nH]2)c(Br)cc1O,CHEMBL1994241
DEC_3617,decoy,CC1=C(C(=O)OC(c2ccccc2)c2ccccc2)N2C(=O)[C@@H](NC3=NCCN3)C2SC1,CHEMBL274203
DEC_1196,decoy,O=S(=O)(Nc1ccccc1OCc1ccc2ccccc2n1)C(F)(F)F,CHEMBL273580
DEC_3462,decoy,O=C(OCCc1ccccc1)[C@@H]1CCCN1C(=O)NC12C[C@H]3C[C@@H](C1)C[C@@H](C2)C3,CHEMBL33410
DEC_2305,decoy,Fc1ccc(CN2CCc3ccccc3C2Cn2ccnc2)c(F)c1,CHEMBL28002
DEC_0814,decoy,Cc1ccc2c(c1)N(C(=O)N1C[C@@H](C)N[C@@H](C)C1)Cc1c(C(=O)OC(C)(C)C)ncn1-2,CHEMBL279165
DEC_2687,decoy,COc1ccc(S(=O)(=O)N(Cc2ccc(SC)cc2)[C@H](C)C(=O)NO)cc1,CHEMBL21789
DEC_2086,decoy,O=C(N[C@@H](Cc1c[nH]c2ccc(F)cc12)C(=O)O)c1ccccc1Br,CHEMBL267158
DEC_4299,decoy,CC[C@]1(c2cccc(O)c2)OC[C@H]([C@@H]2CCCCN2)O1,CHEMBL26022
DEC_0839,decoy,CN(C)c1cccc2c(S(=O)(=O)Nc3ccc(Br)nn3)cccc12,CHEMBL6297
ACT_095,active,COc1ccc(-c2ocnc2C(=O)NCc2ccncc2)cn1,CHEMBL1957098
DEC_4433,decoy,CC(C)C[C@@H](CSC1CC(=O)N1C(=O)NCc1ccccc1)NC(=O)[C@@H](NC(=O)OC(C)(C)C)C(C)(C)C,CHEMBL35762
DEC_1960,decoy,NCC/N=C(\S)Nc1cccc(Cl)c1Cl.O=C(O)/C=C\C(=O)O,CHEMBL32565
DEC_4235,decoy,COc1cccc(-c2ccc3c(c2)C(C)(C)OC(S)=N3)c1,CHEMBL28255
DEC_3735,decoy,COc1cc(CCc2ccc(C3=Cc4ccccc4C4=NCCN34)cc2)cc(OC)c1OC,CHEMBL449395
DEC_3027,decoy,Cc1ccc2nc(Cn3nc(CC(=O)O)c4ccccc4c3=O)sc2c1,CHEMBL418008
DEC_3053,decoy,COC(=O)c1ccc(Nc2c(NC(C)C(C)(C)C)c(=O)c2=O)cc1,CHEMBL19058
DEC_0421,decoy,COc1cc(Cc2cnc(N)nc2N)cc(OCCCC(=O)O)c1Br,CHEMBL31887
DEC_3359,decoy,CC1Sc2ccccc2-c2oc(C(=O)O)cc(=O)c21.NCCO,CHEMBL280843
DEC_1211,decoy,C=CCN1C[C@H](C(=O)N(CC)CC)C=C2c3cccc4[nH]cc(c34)C[C@H]21,CHEMBL281787
DEC_1153,decoy,CCC[C@@H]1CCc2cc3c(C(F)(F)F)cc(O)nc3cc2N1,CHEMBL268569
DEC_0799,decoy,CC(C)(C)C(=O)Oc1ccc(C(O)c2ccc(OC(=O)C(C)(C)C)cc2)cc1,CHEMBL10529
DEC_0286,decoy,C[C@@H](O)[C@H]1C(=O)N2C(C(=O)O)=C(S[C@@H]3CN[C@H](Cc4ccc(CN)cc4)C3)[C@H](C)[C@H]12,CHEMBL275668
DEC_0645,decoy,Ic1cccc(COCCCc2c[nH]cn2)c1,CHEMBL281187
DEC_3943,decoy,CCc1c(C(=O)c2ccc(OC)cc2)c2cccc3c2n1C(CN1CCOCC1)CO3,CHEMBL27389
DEC_4075,decoy,CCC(C)CC1(c2ccc(N)cc2)CCC(=O)NC1=O,CHEMBL287647
DEC_1034,decoy,COc1cc([C@@H]2c3cc4c(cc3[C@H](O)[C@H]3COC(=O)[C@H]23)OCO4)cc(OC)c1O,CHEMBL28941
DEC_1697,decoy,NC1=NC(C#Cc2ccccc2)Cc2ccsc21,CHEMBL269162
DEC_2866,decoy,CC1(C)CCCCC12OOC1(CCCCC1(C)C)OO2,CHEMBL283998
DEC_3172,decoy,CS(=O)(=O)c1ccc(C(=O)c2ccc3n2CCCC3C(=O)O)cc1,CHEMBL9015
DEC_3410,decoy,CC1(C)C=C(n2ccccc2=O)c2cc(S(=O)(=O)Nc3ccccc3F)ccc2O1,CHEMBL11714
DEC_2053,decoy,O=S1NC(Cc2c[nH]c3ccccc23)=NO1,CHEMBL448427
DEC_4316,decoy,CO[C@H]1C[C@@H](C(=O)O)N(C(=O)[C@H](C)CS)C1,CHEMBL16138
DEC_4499,decoy,CCC1CC(=O)N(OS(=O)(=O)/C=C/c2ccccc2)C1=O,CHEMBL269641
DEC_1921,decoy,Cc1ccc([C@@H](N)C(=O)N[C@@H]2C(=O)N3C(C(=O)O)=C(C(F)(F)F)CC[C@H]23)cc1,CHEMBL424216
DEC_4758,decoy,C[C@@H]1CN(C(=O)N2c3cc(Cl)ccc3-n3cnc(C(=O)OC(C)(C)C)c3C2(C)C)C[C@H](C)N1C,CHEMBL279800
DEC_2070,decoy,CC(C)[C@@H](CN1CC[C@@](C)(c2cccc(O)c2)[C@@H](C)C1)NC(=O)[C@H]1Cc2ccccc2CN1,CHEMBL10872
DEC_1071,decoy,CC(C)(N)C(=O)N[C@H](Cc1c[nH]c2ccccc12)C(=O)N1CCC2(CC1)Cc1ccccc1C2,CHEMBL268518
DEC_3659,decoy,CCNC(=O)N(CCCN(C)C)C(=O)[C@@H]1C[C@@H]2c3cccc4[nH]cc(c34)C[C@H]2N(C)C1,CHEMBL14022
DEC_3142,decoy,Cc1cn(C2CC(O)C(CC(=O)OCBr)O2)c(=O)[nH]c1=O,CHEMBL9579
DEC_3990,decoy,c1ccc2c(c1)OC1(CCNC1)C2n1cccc1,CHEMBL433043
DEC_1642,decoy,CC(C)CCCc1nc2c([nH]1)N1C(=N[C@@H]3CCC[C@@H]31)N(C)C2=O,CHEMBL278254
DEC_2478,decoy,N[C@@H](C(=O)N[C@@H]1C(=O)N2C(C(=O)O)=C(Cl)CS[C@H]12)c1ccccc1,CHEMBL680
DEC_4547,decoy,CN(C)C/C=C/C(=O)Nc1cc2c(Nc3cccc(Br)c3)c(C#N)cnc2cn1,CHEMBL31276
DEC_1629,decoy,CCCCCCc1nc2c([nH]1)N1CC(C)(C)N=C1N(C)C2=O,CHEMBL416541
DEC_0443,decoy,CC(=O)NCCNc1ccc(NCCN(C)C)c2c1C(=O)c1ccccc1C2=O,CHEMBL441961
DEC_2094,decoy,Cc1cccc(NC(=O)NNc2nc3ccccc3c(=O)n2-c2cccc(N(C)C)c2)c1,CHEMBL9171
DEC_3187,decoy,CC(C)[C@H]1OS(=O)O[C@]1(Cn1cncn1)c1ccc(Cl)cc1,CHEMBL275780
DEC_2485,decoy,O=C(O)CCc1cn2c3c(nc(O)c2n1)-c1cccc(CC(=O)O)c1C3,CHEMBL281030
DEC_0163,decoy,CC(C)(C)c1snc(O)c1C[C@H](N)C(=O)O,CHEMBL29024
DEC_1777,decoy,CC(S(=O)(=O)c1ccc(OC(F)(F)F)cc1)S(=O)(=O)C(F)(F)F,CHEMBL11767
DEC_0359,decoy,CCNC(=O)/C(C(=O)OCC)=C(C)/C=C/C=C(C)/C=C/C1=C(C)CCCC1(C)C,CHEMBL14299
DEC_2557,decoy,COc1cc2c(cc1OC)[C@@H]1CNC(=O)[C@H]1CC2,CHEMBL35053
DEC_1700,decoy,CC12Cc3ccccc3[C@@H](O)C(CN1)c1ccccc12,CHEMBL277205
DEC_4463,decoy,O=C(N[C@H]1c2ccccc2C[C@H]1O)[C@H](Cc1ccccc1)C[C@H](O)CN1C(=O)CC[C@@H]1Cc1ccccc1,CHEMBL16167
DEC_2112,decoy,CN1CCN(C(=O)NCc2cc(Nc3ccnc4cc(Cl)ccc34)ccc2O)CC1,CHEMBL418222
DEC_3009,decoy,O=C1NC(=O)C(CC#Cc2ccc(Br)cc2)(S(=O)(=O)c2ccc(F)cc2)S1,CHEMBL11965
DEC_3687,decoy,CC(C)COC(=O)c1ccccc1CSc1c(O)cc(-c2ccccc2)oc1=O,CHEMBL15217
DEC_1239,decoy,CC[C@]1(c2cccc(N=C=S)c2)OC[C@H]([C@@H]2CCCCN2)O1,CHEMBL282383
DEC_1906,decoy,C=CCn1c(=O)c2nc(-c3ccc(Cl)cc3N)[nH]c2n(CC=C)c1=O,CHEMBL11410
DEC_4276,decoy,O=C(O)CCc1c(C(=O)O)[nH]c2cc(Cl)cc(Cl)c12,CHEMBL31344
DEC_1302,decoy,CCN1CCCC(N(C)C2c3ccccc3Oc3ccccc32)C1,CHEMBL20314
DEC_0485,decoy,CC(Cc1ccccn1)NC1c2ccccc2Oc2ccccc21,CHEMBL21170
DEC_2088,decoy,O=C(NCCCNC(=O)c1ccc2cc(O)ccc2c1)c1ccc2cc(O)ccc2c1,CHEMBL276945
DEC_1617,decoy,Clc1nc(-c2ccco2)c2ncn(C3CCOCC3)c2n1,CHEMBL27623
DEC_2811,decoy,CCCCCc1cc(O)cc2c1Oc1c(C=O)c(O)c(Cl)c(C(=O)CCCC)c1C(=O)O2,CHEMBL285696
DEC_2933,decoy,CC(/C=C/C(=O)C1=C(O)CN(C)C1=O)=C\CC1CCCCC1,CHEMBL442327
DEC_1233,decoy,O=C(c1cc2ccccc2[nH]1)c1cc2cc(OC(=O)c3ccco3)ccc2[nH]1,CHEMBL266499
DEC_2889,decoy,Cc1cnc2c(c1)CCCC2Sc1ccccc1,CHEMBL34248
DEC_3615,decoy,COC(=O)[C@@H]1CSCc2ccccc2C(=O)OCC(NC(=O)OC(C)(C)C)C(=O)N1,CHEMBL35823
DEC_2178,decoy,CCN[C@H]1C[C@H](CC)S(=O)(=O)c2sc(S(N)(=O)=O)cc21,CHEMBL9688
DEC_3014,decoy,CCN(CC)CCNc1ccc2ncn3c4c(O)ccc(O)c4c(=O)c1c23,CHEMBL268740
DEC_0728,decoy,CC1(C)N=C(N)N=C(N)N1c1cccc(Br)c1,CHEMBL268088
DEC_1808,decoy,CCCCc1ccc(C(c2cc(C)ns2)N2CCN(C)CC2)cc1,CHEMBL553106
DEC_0554,decoy,CC(C)(C)OC(=O)CN(CCN(CC(=O)OC(C)(C)C)Cc1ccccc1O)Cc1ccccc1O,CHEMBL21047
DEC_2271,decoy,CCCC1CCC(N2CCC(N3C(=O)N(CC)[C@@H]4CCCC[C@H]43)CC2)CC1,CHEMBL282376
DEC_1767,decoy,CC(=O)Oc1nc(C(Cl)(Cl)Cl)c(Cl)c(OC(C)=O)c1Cl,CHEMBL11954
DEC_0276,decoy,C[C@H](N[C@@H](CCc1ccccc1)C(=O)O)C(=O)N1CC2(C[C@H]1C(=O)O)SCCS2,CHEMBL579
DEC_0470,decoy,Clc1cc2c(s1)CNCC2c1ccc(Br)cc1,CHEMBL15825
DEC_1476,decoy,Cc1ccc(C(C)/N=c2\c(O)c(O)\c2=N/c2ccc(C#N)cc2)cc1,CHEMBL278535
DEC_4630,decoy,O=C1[C@@H](NS(=O)(=O)c2cc3ccc(Cl)nc3s2)CCN1Cc1cc2c[nH]ccc-2n1,CHEMBL8509
DEC_2863,decoy,NNC(=O)C(NCc1cccc(C(F)(F)F)c1)c1cccc2ccccc12,CHEMBL26420
DEC_2302,decoy,CC(C)n1c(=S)nc(-c2cccc(F)c2)c2cc3c(cc21)OCO3,CHEMBL13402
DEC_4423,decoy,CCCC1=C(C(=O)OCc2ccc(C(=O)NCCN3CCCCC3)cc2)C(c2cccc(C)c2)NC(=O)N1,CHEMBL16458
DEC_0546,decoy,C(C#Cc1ncnc2c1ncn2Cc1ccccc1)#Cc1ncnc2c1ncn2Cc1ccccc1,CHEMBL274104
DEC_3001,decoy,CN1C2CCC1CN(C(=O)N1Cc3c(C(=O)OC(C)(C)C)ncn3-c3ccc(Cl)cc31)C2,CHEMBL277782
DEC_0923,decoy,COCc1cc2c(s1)CN(C)CC2c1ccc(Br)cc1,CHEMBL15942
DEC_4293,decoy,O=C(O)CCSC1=CC(=O)c2c(O)ccc(O)c2C1=O,CHEMBL11596
DEC_3664,decoy,C=C1/C(=C\C=C2/CCCC3(C)C2CCC3[C@@H](C)OCCCC(C)(C)O)C[C@@H](O)C[C@@H]1O,CHEMBL34066
DEC_0256,decoy,CC(=O)OCC1=C(C(=O)O)N2C(=O)C(NC(=O)CCON=C3CCCCC3)C2SC1,CHEMBL31265
DEC_2067,decoy,COc1cccc([C@H]2C/C(=N\NC(=O)C(=O)NC(C)c3ccccc3)c3ccccc3N2)c1,CHEMBL16151
DEC_2718,decoy,Cc1cc(C)cc(Sc2c(C)c(=O)[nH]c(=O)n2COCCO)c1,CHEMBL275599
DEC_2841,decoy,CC(C)C(O)(Cn1cncn1)C(O)(c1ccc(Cl)cc1)c1ccc(Cl)cc1,CHEMBL10626
DEC_0693,decoy,CCCc1cc(=O)oc2c3c(c4c(c12)OC(C)(C)C=C4)O[C@H](CC)[C@H](C)[C@H]3O,CHEMBL266322
DEC_3013,decoy,O=C1NC(=O)C(CC#Cc2ccc(Br)cc2)(S(=O)(=O)c2ccc(Cl)cc2)S1,CHEMBL276441
DEC_0660,decoy,CC1=CC(C)(C)N(C)c2ncc(/C=C/C(C)=C\C=N\N=C(/N)S)cc21,CHEMBL7648
DEC_0738,decoy,CC(C)C(C)/N=c1\c(O)c(O)\c1=N/c1ccc(C#N)cc1,CHEMBL18639
DEC_2658,decoy,CCOCc1c(O)ccc2nc3c(cc12)Cn1c-3cc2c(c1=O)COC(=O)[C@]2(O)CC,CHEMBL10376
DEC_1664,decoy,CC12CCCCC1(Br)[N+]([O-])=[N+]2[O-],CHEMBL268520
DEC_1174,decoy,CC(C)(C)c1cc(-c2nnc(NN)s2)cc(C(C)(C)C)c1O,CHEMBL16891
DEC_2177,decoy,CCN(C(=O)N1C[C@@H](C(=O)O)[C@@H](N)[C@@H]1CNC(C)=O)C(C)C,CHEMBL281344
DEC_2688,decoy,CCN(C(=O)C1=CCCCC1C(=O)NCc1ccc(C(=N)N)cc1)c1ccccc1C,CHEMBL17381
DEC_3363,decoy,C[C@H](CS)C(=O)N1C[C@@H](Sc2ccc(Cl)cc2)C[C@H]1C(=O)O,CHEMBL276505
DEC_1208,decoy,CN(C)/C(=N\O)c1ccc(Sc2cc(F)cc(C3CCOCC3)c2)cc1,CHEMBL24975
ACT_054,active,O=C(NC1CCNCC1)c1n[nH]cc1NC(=O)c1c(F)cc(F)cc1F,CHEMBL448316
DEC_2179,decoy,CC(C)CN[C@@H]1CCS(=O)(=O)c2sc(S(N)(=O)=O)cc21,CHEMBL9849
DEC_4728,decoy,O=S1(=O)C/C(=C\c2ccc(Cl)cc2)C2=NN(c3ccccc3)C(c3ccc(Cl)cc3)C2C1,CHEMBL34428
DEC_3580,decoy,CC(=O)NC[C@@H]1OC(=O)N2c3ccc(C(C)=O)cc3CC[C@@H]12,CHEMBL20903
DEC_1706,decoy,C[C@]12CCC(O)[C@@](C)(CO)[C@@H]1CCC1CC(=O)C[C@@H]12,CHEMBL284429
DEC_3337,decoy,O=C(Nc1ccccc1I)OCCCc1c[nH]cn1,CHEMBL282688
DEC_4365,decoy,C=C(CC[C@H](O)[C@@]1(C)CC[C@H](C(C)(C)O)O1)[C@H]1CC[C@H]2O[C@@H]([C@]3(C)CC[C@@H](C(C)(C)OC)O3)CC[C@]2(C)O1,CHEMBL280735
DEC_1529,decoy,Cc1cc(C(c2ccccc2OC(C)C)N2CCN(C)CC2)sn1,CHEMBL25392
DEC_4498,decoy,COc1ccc(C(=O)c2cc(OC)c(OC)c(OC)c2)c(N)c1,CHEMBL9011
DEC_0118,decoy,COc1c(C)c(O)c2c(c1O)c(COC(N)=O)c1n2C[C@@H]2[C@H]1N2C,CHEMBL18158
DEC_4040,decoy,CCC1C(=O)N(CC)C2SC(c3ccccc3)=NN2C1=O,CHEMBL30026
DEC_1806,decoy,OC(c1ccc(F)cc1)C(O)(Cn1cncn1)c1ccc(Cl)cc1,CHEMBL10446
DEC_1692,decoy,COc1ccc(OC)c2c1C1CCC2[C@@H](N)C1,CHEMBL286226
DEC_0668,decoy,NC/C(=N\O)c1ccc(Sc2cc(F)cc(C3CCOCC3)c2)cc1,CHEMBL25514
DEC_0145,decoy,CN1CCN(c2cc3c(cc2F)c(=O)c(C(=O)O)c2n3CCS2)CC1,CHEMBL28682
DEC_0161,decoy,CC(C)C(=O)c1c(O)cc(O)c(C(=O)C(C)C)c1O,CHEMBL6931
DEC_3357,decoy,O=C(O)c1ccc2oc3ccc(S(=O)(=O)N4CCCC4)cc3c(=O)c2c1,CHEMBL23892
DEC_4738,decoy,O=C(CN1CCN(C2=Nc3ccc(Br)cc3CC=C2c2ccccc2)CC1)c1ccccc1,CHEMBL16963
DEC_0613,decoy,OC1CCCCC1N1CCC(C2CCN(C3CCCCC3O)CC2)CC1,CHEMBL20429
DEC_4368,decoy,CCOC(=O)N[C@@H](c1ccsc1)[C@@H](O)C(=O)OC1CC2C(C)(C)C1(C)[C@@]13C[C@@H](C)c4ccccc4[C@@]21O3,CHEMBL31307
DEC_0740,decoy,Nc1cc(Cl)nc2c1ncn2C1CCC(CO)O1,CHEMBL275433
DEC_1044,decoy,CC1(C)Oc2cc([N+](=O)[O-])sc2[C@@H](NC(=O)c2ccc([N+](=O)[O-])cc2)[C@@H]1O,CHEMBL433224
DEC_1729,decoy,CCc1cn([C@@H]2O[C@H](CNC(=O)C3c4ccccc4S(=O)(=O)c4ccccc43)[C@@H](O)[C@@H]2F)c(=O)[nH]c1=O,CHEMBL290528
DEC_1907,decoy,Cc1cccc(C)c1NC(=O)CNC(=O)C1CC(C)(C)NC1(C)C,CHEMBL15554
DEC_2154,decoy,COc1cccc2cc3cc([N+](=O)[O-])oc3cc12,CHEMBL7227
DEC_0105,decoy,CCn1c2cc(N3CCN(C)CC3)c(F)cc2n2c(=O)n(O)c(=O)cc12,CHEMBL28791
DEC_0813,decoy,Cc1ccc2c(c1)N(C(=O)N1C[C@@H](C)N[C@H](C)C1)Cc1c(C(=O)OC(C)(C)C)ncn1-2,CHEMBL277136
