compound_id,label,smiles,source_id
DEC_1810,decoy,Clc1ccc(CCC2COC(Cn3ccnc3)(c3ccc(Cl)cc3Cl)O2)cc1,CHEMBL29933
DEC_2544,decoy,Nc1ccccc1N(CCCl)CCCl,CHEMBL19668
DEC_3097,decoy,NS(=O)(=O)c1ccc(-n2nc(C(F)(F)F)cc2-c2ccc(Cl)cc2Cl)cc1,CHEMBL281978
DEC_0856,decoy,CCCCCc1nc2c(n1Cc1ccc(-c3ccccc3-c3nn[nH]n3)cc1)/C(=C/C(=O)O)CCCC2,CHEMBL298080
DEC_3480,decoy,COc1ccc(C2(O)OC(=O)C(c3ccc4c(c3)OCO4)=C2Cc2ccc3ccccc3c2)cc1,CHEMBL269453
DEC_1780,decoy,Oc1c2ncnc-2n(Cc2ccc(Cl)cc2)c2nccn12,CHEMBL428188
DEC_2285,decoy,O=C1[C@@H](NS(=O)(=O)c2cc3ccc(Cl)nc3s2)CCN1Cc1cc2cc[nH]cc-2n1,CHEMBL268655
DEC_0445,decoy,Ic1ccc(COCCCc2c[nH]cn2)cc1.NCCc1c[nH]cn1,CHEMBL18712
DEC_3273,decoy,CN1CCN(Cc2cc(Nc3cc(C(F)(F)F)nc(/N=C(\N)Nc4ccccc4)n3)ccc2O)CC1,CHEMBL281574
DEC_0567,decoy,Clc1ccc(N/N=C(\N=N\c2nnnn2-c2ccccc2)c2ccccc2)cc1,CHEMBL278121
DEC_2886,decoy,Cc1nnc2n1-c1sc(C#CCn3c(=O)c4ccccc4c4ccccc43)cc1C(c1ccccc1Cl)=NC2O,CHEMBL282495
DEC_3645,decoy,CC(C)(C)OC(=O)NC[C@H]1CC[C@H](C(=O)NC2CCc3cc(F)ccc3C2Cc2cccnc2)CC1,CHEMBL45199
DEC_1212,decoy,CCC(=O)OCC(=O)[C@@]1(OC(=O)c2ccco2)C(C)CC2C3CCC4=CC(=O)C=CC4(C)[C@@]3(Cl)C(Cl)CC21C,CHEMBL416883
DEC_2425,decoy,Cc1cc(-n2ncc(=O)[nH]c2=O)ccc1S(=O)(=O)c1ccc(Br)cc1,CHEMBL418199
DEC_1567,decoy,CCc1nc2c(N)c(OC3CCN(C(C)=N)CC3)ccc2n1Cc1ccc2ccc(C(=N)N)cc2c1,CHEMBL277204
DEC_2104,decoy,C=CCCN1C[C@H](OCC23C[C@@H]4[C@H](C)CC[C@H]4C4(C=O)CC2C=C(C(C)C)C34C(=O)O)O[C@H](C)[C@@H](OC)C1,CHEMBL49825
DEC_0770,decoy,Cc1ccc(S(=O)(=O)C2(CC#Cc3ccccc3)SC(=O)NC2=O)cc1,CHEMBL268276
DEC_1003,decoy,C#Cc1c(C(=O)NN2CC3CCCC3C2)nc(-c2ccc(Cl)cc2Cl)n1-c1ccc(Cl)cc1,CHEMBL418544
DEC_2087,decoy,Cc1cccc(Nc2cc(Cl)nc(N(C)C)n2)c1C,CHEMBL297407
DEC_3939,decoy,CC1CCC(/C=N/c2ccccc2)=C2NC=C(C(=O)O)C(=O)N21,CHEMBL22512
DEC_2465,decoy,CCCCc1nc2ccn(CC(=O)N(C)c3ccccc3)c(=O)c2n1Cc1ccc(-c2ccccc2-c2nn[nH]n2)cc1,CHEMBL290248
DEC_0922,decoy,CC(C)C[C@H](NC(=O)[C@H](CC12CC3CC(CC(C3)C1)C2)NC(=O)CNC(=O)[C@H](C)NC(=O)[C@@H](N)Cc1ccc(O)cc1)C(N)=O,CHEMBL282178
DEC_0263,decoy,CCCCCc1c(C(C)C)nc(C(C)C)c(CO)c1-c1ccccc1NC(C)=O,CHEMBL439915
DEC_1343,decoy,Cc1cc(C(=O)Nc2ccc(-n3ccnc3CN(C)C)cc2F)n(-c2ccc3cc(Cl)ccc3c2)n1,CHEMBL279287
ACT_004,active,Oc1cc(O)c2oc3cc(O)c4oc5cc(O)cc(O)c5oc4c3oc2c1,CHEMBL559870
DEC_2130,decoy,CCCc1nc(CC)c(C(N)=O)n1Cc1ccc(-c2ccccc2S(=O)(=O)Nc2onc(C)c2C)c(CC)c1,CHEMBL12233
DEC_3543,decoy,C=C(c1ccccc1OCCCSc1ccc(Cl)cc1)n1ccnc1,CHEMBL27356
DEC_1679,decoy,CCOc1nc(C(Cl)(Cl)Cl)c(Cl)c(OC)c1Cl,CHEMBL274396
DEC_0049,decoy,C[C@H]1CC2C3CCC4=CC(=O)C=CC4(C)[C@@]3(F)C(O)CC2(C)[C@@]1(OC(=O)c1ccoc1)C(=O)CCl,CHEMBL41403
DEC_2526,decoy,O=C(O)C1=CC(=O)C2(CCC=C3C=CC=CC32)O1,CHEMBL428700
DEC_2580,decoy,CC(S(=O)(=O)c1ccc(OC(F)(F)F)cc1)S(=O)(=O)C(F)(F)F,CHEMBL11767
DEC_3526,decoy,CCC(c1ccc(O)cc1)C(CCI)c1ccc(O)cc1,CHEMBL268856
DEC_0095,decoy,Cc1sc2nc3oc(=O)cc(C)c3cc2c1C,CHEMBL22277
DEC_1969,decoy,CC(C)C[C@@H]1OC(=O)C(C)(C)CNC(=O)[C@@H](n2cccc2)NC(=O)/C=C/C[C@@H]([C@H](C)[C@H]2O[C@@H]2c2ccccc2)OC1=O,CHEMBL406149
DEC_3133,decoy,NS(=O)(=O)c1ccc(-n2nc(C(F)(F)F)cc2-c2ccc3c(c2)CCCS3)cc1,CHEMBL29469
DEC_0222,decoy,CCCc1nc2c(n1Cc1ccc(-c3ccccc3-c3nn[nH]n3)cc1)CCCC/C2=C\C(=O)O,CHEMBL46628
DEC_2272,decoy,N#C/C(=C(/N)Sc1ccccc1N)c1cccc(C(O)c2ccc([N+](=O)[O-])cc2[N+](=O)[O-])c1,CHEMBL34184
DEC_1859,decoy,COc1cccc2c1CC[C@H]1CN(CCn3c(=O)[nH]c4c(sc5ccc(Cl)cc54)c3=O)C[C@@H]21,CHEMBL41444
DEC_3916,decoy,O=C(c1c(F)c(F)c(F)c(F)c1F)c1ccc2n1CCC2C(=O)O,CHEMBL9098
DEC_2091,decoy,CC[C@]1(c2ccccc2O)OC[C@H]([C@@H]2CCCCN2)O1,CHEMBL284404
DEC_1305,decoy,O=C(O)Cc1ccc(Oc2nccc(-c3c(-c4ccc(F)cc4)ncn3C3CCNCC3)n2)cc1,CHEMBL273525
DEC_0547,decoy,CCc1nc2c(C)cc(C)nc2n1Cc1ccc(-c2ccccc2-c2nn[nH]n2)s1,CHEMBL280075
DEC_1466,decoy,CN(C1=NCCN1)c1c(Br)cccc1Br,CHEMBL20521
DEC_1559,decoy,CCc1ccc2c(c1)CC=C(c1ccccc1)C(N1CCN(C(C)C)CC1)=N2.O=C(O)/C=C/C(=O)O,CHEMBL16588
DEC_2905,decoy,O=P(O)(O)C(F)(F)c1ccc(CC(Cc2ccc(Br)cc2)(c2ccccc2)n2nnc3ccccc32)cc1,CHEMBL9339
DEC_0739,decoy,O=C(CCc1ccccc1)Oc1ccc2[nH]c(C(=O)c3cc4ccccc4[nH]3)cc2c1,CHEMBL7317
DEC_4126,decoy,CN(C)CCO/N=C(\c1ccn2c1CS[C@@H]2c1cccnc1)c1cn(C(=O)N(C)C)c2cc(-c3ccc(F)cc3)ccc12,CHEMBL329498
DEC_2938,decoy,CC(Cc1c[nH]c2ccccc12)(NC(=O)NC(c1ccccc1)(c1ccccc1)c1ccccc1)C(=O)NCCc1ccccc1,CHEMBL276676
DEC_2192,decoy,Cc1ccc(C)n1Nc1nnc(N2CCC(O)CC2)c2ccccc12,CHEMBL274215
DEC_2340,decoy,NC(C(=O)O)c1ccc(CP(=O)(O)O)s1,CHEMBL435945
DEC_4180,decoy,CCc1nn(Cc2ccc(-c3ccccc3-c3nn[nH]n3)cc2)/c(=N/C(=O)C2=C(C(=O)O)CCC2)s1,CHEMBL284918
DEC_4158,decoy,C=C(Cl)CN1C[C@H](OCC23C[C@@H]4[C@H](C)CC[C@H]4C4(C=O)CC2C=C(C(C)C)[C@@]34C(=O)O)OC[C@H]1C,CHEMBL31066
DEC_3135,decoy,COc1ccc(-c2cc3c(c(=O)o2)C[C@]2(O)[C@@]4(C)C(=O)C=CC(C)(C)[C@]4(O)CC[C@@]2(C)O3)cc1,CHEMBL278342
DEC_0332,decoy,CC(/N=c1\c(O)c(O)\c1=N/[C@H](C)C(C)(C)C)c1ccc(C#N)cc1,CHEMBL280209
DEC_3912,decoy,c1ccc2c(c1)-c1ccccc1C21OC[C@H]([C@@H]2CCCCN2)O1,CHEMBL442107
DEC_4319,decoy,CN(CCCCCCN)CCCCCCCCN(C)CCCCCCNCCCC(=O)N1c2ccccc2C(=O)Nc2cccnc21,CHEMBL131865
DEC_4060,decoy,C(C#Cc1ncnc2c1ncn2Cc1ccccc1)#Cc1ncnc2c1ncn2Cc1ccccc1,CHEMBL274104
DEC_3676,decoy,C[C@@H](c1c[nH]c2ccccc12)[C@H](C(=O)N[C@H](CCCCN)C(=O)OC(C)(C)C)N1CCN(C2CCC(c3ccccc3)CC2)C1=O,CHEMBL146536
DEC_0937,decoy,C=CCC1Oc2ccc(CO)c(OC)c2-c2ccc3c(c21)C(C)=CC(C)(C)N3,CHEMBL8637
DEC_0032,decoy,CC1CC2C3CCC4=CC(=O)C=CC4(C)[C@@]3(Cl)C(Cl)CC2(C)[C@@]1(OC(=O)c1ccco1)C(=O)CF,CHEMBL275439
DEC_1812,decoy,C/C(=N\OCc1ccncc1)c1ccc(Sc2cc(F)cc(C3CCOCC3)c2)cc1,CHEMBL27380
DEC_3388,decoy,O=C(c1ccc2ncsc2c1)N1CCC(N2C(=O)OCc3ccccc32)CC1,CHEMBL32054
DEC_1526,decoy,COc1cc2c(c(OC)c1OC)-c1ccc(OC)c(=O)cc1[C@@H](NC(C)=O)CC2,CHEMBL107
DEC_2840,decoy,NCC/N=C(\S)Nc1c(Cl)cc([N+](=O)[O-])cc1Cl.O=C(O)/C=C\C(=O)O,CHEMBL27561
DEC_2039,decoy,CCCCc1nc(Cl)c(C(=O)O)n1Cc1ccc(NC(=O)[C@H](Cc2cccs2)n2cccc2C(=O)O)cc1,CHEMBL49526
DEC_3047,decoy,Cc1ccc(C(c2ccn(-c3ccc(Cl)cc3)c2)n2ccnc2)cc1,CHEMBL281375
DEC_0792,decoy,CSC(S(=O)(=O)c1ccc(Cl)cc1)S(=O)(=O)C(F)(F)F,CHEMBL12083
DEC_0379,decoy,C=C(C)c1nc2cc3c(cc2[nH]1)C(C)(C)C(=O)N3,CHEMBL37926
DEC_1308,decoy,CC(NC(=O)Cc1ccc([N+](=O)[O-])cc1)C1CCC2C3CC=C4CC(O)CCC4(C)C3CCC12C,CHEMBL267909
DEC_3191,decoy,Cc1ccc(S(=O)(=O)N[C@@H]2C3CC(c4ccc(F)cc4)(CO3)[C@H]2C/C=C\CCCC(=O)O)cc1,CHEMBL10823
DEC_1817,decoy,CCCCc1ccc(C#Cc2cc3c(s2)-n2c(C)nnc2CN=C3c2ccccc2Cl)cc1,CHEMBL32767
DEC_1400,decoy,CC1=NN(C(=O)Nc2cccc3ccccc23)C(C)=NN1C(=O)Nc1cccc2ccccc12,CHEMBL17731
DEC_0976,decoy,Cc1cc(Oc2ccc(Cl)cc2CC(=O)O)c(Cl)cc1Cl,CHEMBL27363
DEC_0148,decoy,O=C(O)CCCC/C=C(/c1ccc(-c2nc(C(=O)NCCCCC3CCCCC3)co2)cc1)c1cccnc1,CHEMBL60516
DEC_1481,decoy,C[C@@H]1SC2=NC3c4ccccc4CCC3N2[C@@]1(O)c1ccccc1,CHEMBL28732
ACT_074,active,CC1=N[C@@](Cc2ccccc2)(c2cccc(-c3cncnc3)c2)N=C1N,CHEMBL2180032
DEC_3475,decoy,CN(C)C1CCC(Nc2nc(Nc3cccc(Br)c3)c3ccccc3n2)CC1,CHEMBL284457
DEC_1491,decoy,COc1cc([C@]23OC[C@H](Cc4cc5c(cc42)OCO5)[C@H]3CO)cc(OC)c1OC,CHEMBL276560
DEC_1703,decoy,CC(=O)OCC(=O)[C@@]1(OC(=O)c2ccco2)[C@H](C)CC2C3CCC4=CC(=O)C=CC4(C)[C@@]3(Cl)C(O)CC21C,CHEMBL38302
DEC_2138,decoy,Cc1ccc(S(=O)(=O)NC[C@@H]2C3CC(c4ccc(F)cc4)(CO3)[C@H]2C/C=C\CCCC(=O)O)cc1,CHEMBL10767
DEC_0364,decoy,C(#CCN1CCCCC1)CCC1SCCCS1,CHEMBL296436
DEC_4039,decoy,CCOC(=O)C1=CNC2=C(/C=N/c3ccccc3C(=O)O)CCC(C)N2C1=O,CHEMBL22920
DEC_3415,decoy,CCO/C(O)=C1\C(COCc2cc(O)nc(C(C)(C)C)n2)=NC(C)=C(C(=O)OC)C1c1cccc(Cl)c1Cl,CHEMBL80621
DEC_2522,decoy,N[C@H](C(=O)N1CCC(F)(F)C1)C1CCCCC1,CHEMBL280658
DEC_0771,decoy,Cc1ccc(C#CCC2(S(=O)(=O)c3ccccc3)SC(=O)NC2=O)cc1,CHEMBL412422
DEC_2759,decoy,Fc1ccc(Oc2nccc(-c3c(-c4ccc(F)cc4)ncn3C3CCNCC3)n2)cc1,CHEMBL269450
DEC_3770,decoy,C=C(C)[C@H]1CC2=C(Cc3ccc4c(c3C2)O[C@@H]2COc3cc(OC)c(OC)cc3[C@@H]2C4=O)O1,CHEMBL43121
DEC_4083,decoy,Cc1cc(C#N)c2c3ncnc(N4CCN(CCc5ccc(F)c(F)c5)CC4)c3n(C)c2n1,CHEMBL28168
DEC_1355,decoy,COc1ccc2c3c1OC1[C@@H](O)[C@](C)(CCCCc4ccccc4)CC4C(C2)N(CC2CCC2)CCC341,CHEMBL10114
DEC_1455,decoy,CCN(C1=NCCN1)c1c(Br)cccc1Br,CHEMBL277242
DEC_4222,decoy,CCc1c(Sc2cc(Cl)cc(Cl)c2)n(COCCO)c(=O)[nH]c1=O,CHEMBL429778
DEC_2623,decoy,CCCC(=O)N[C@H]1CCc2cc(OC)c(OC)c(OC)c2-c2ccc(OC)c(=O)cc21,CHEMBL286731
DEC_0093,decoy,CN(C)CCc1c[nH]c2cc3c(cc12)CCCO3,CHEMBL27156
DEC_4033,decoy,CCOc1c(N2CCCC(N)C2)c(F)cc2c(=O)c(C(=O)O)cn(C3CC3)c12,CHEMBL15170
DEC_1904,decoy,CCCN1N=C2/C(=C/c3ccc(Cl)cc3)CS(=O)(=O)CC2C1c1ccc(Cl)cc1,CHEMBL37222
DEC_3767,decoy,O=c1oc(Nc2ccccc2I)nc2cc(C3CCCCC3)ccc12,CHEMBL10380
DEC_2530,decoy,CC(C)C/C=C(\NC(=O)C1CC1(C)C)C(=O)O,CHEMBL274139
DEC_2165,decoy,CS(=O)(=O)Nc1ccc(Sc2ccc(NC3=NCCN3)cc2)cc1,CHEMBL9371
DEC_0601,decoy,CC1CN(c2c(F)c(N)c3c(=O)c(C(=O)O)cn(C4CC4)c3c2Cl)CC(C)N1,CHEMBL15536
DEC_2622,decoy,C=CCN1CCCC1CNC(=O)c1c(OC)c(Br)cc(OC)c1OC,CHEMBL16135
DEC_1130,decoy,O=C1NC(=O)C(CC#Cc2cc(C(F)(F)F)cc(C(F)(F)F)c2)(S(=O)(=O)c2ccccc2)S1,CHEMBL274371
DEC_1356,decoy,CC(C)(C)C1=CC(=C/C=C/c2cc(C(C)(C)C)[o+]c(C(C)(C)C)c2)C=C(C(C)(C)C)O1.[Cl-],CHEMBL429561
DEC_1154,decoy,O=C(O)Cc1nn(Cc2nc3ccc(Br)cc3s2)c(=O)c2cc(Cl)c(Cl)cc12,CHEMBL279673
DEC_3087,decoy,CC(C)(C)c1cc(/C=C2\SC(NC#N)=NC2=O)cc(C(C)(C)C)c1O,CHEMBL16048
DEC_1708,decoy,CCCCc1nc(Cl)c(C=O)n1Cc1ccc2c(c1)C1c3ccccc3C2C(c2nn[nH]n2)C1c1nn[nH]n1,CHEMBL312784
DEC_2149,decoy,CCCOc1ccc2c(c1)[C@@H](c1ccc(OC)cc1OCC(=O)O)[C@H](C(=O)O)[C@H]2c1ccc2c(c1)OCO2,CHEMBL8823
DEC_3358,decoy,CS(=O)(=O)c1ccc(C2=C(c3cc(Cl)c(Cl)c(Cl)c3)C(=O)CC2)cc1,CHEMBL278392
DEC_2939,decoy,COc1cc([C@@H]2c3cc4c(cc3[C@@H](NCc3ccc(C#N)cc3)[C@H]3COC(=O)[C@H]23)OCO4)cc(OC)c1O,CHEMBL31603
DEC_0540,decoy,Cc1ccc(S(=O)(=O)C2(CC#Cc3ccccc3Cl)SC(=O)NC2=O)cc1,CHEMBL11689
DEC_1866,decoy,CN(C)C[C@H]1CCn2c(c(C3=C(c4cn(C)c5ccccc45)C(=O)NC3=O)c3ccccc32)C1,CHEMBL26501
DEC_0167,decoy,OC(CN(Cc1cccc(OC(F)(F)C(F)F)c1)c1cccc(Oc2cc(F)cc(F)c2)c1)C(F)(F)F,CHEMBL305278
ACT_083,active,O=C(/C=C/c1cccc2cc[nH]c12)CC(=O)/C=C/c1cccc2cc[nH]c12,CHEMBL3672449
DEC_2500,decoy,CSCC[C@H](NC(=O)C1=C(c2ccccc2C)CN(C(=O)N(Cc2ccccc2)Cc2cncs2)CC1)C(=O)O,CHEMBL417481
DEC_3819,decoy,CN(C)CCCNCc1cc(I)cc(C(C)(C)C)c1O,CHEMBL21174
DEC_2842,decoy,CS(=O)(=O)NC[C@H]1CC[C@H](Nc2nc(Nc3ccccc3)c3ccccc3n2)CC1,CHEMBL17632
DEC_4281,decoy,CN(C=O)[C@H]1CCC2C3CC[C@H]4NC(=O)C=C[C@]4(C)C3CC[C@@]21C,CHEMBL277563
DEC_0595,decoy,Cc1cc(-n2ncc(=O)[nH]c2=O)cc(C)c1Sc1ccc(I)cc1,CHEMBL25963
DEC_1471,decoy,CC(C)N1C(S)=NC(c2ccccc2)c2cc3c(cc21)OCO3,CHEMBL13351
DEC_2357,decoy,OC[C@@]1(CCc2ccccc2)CC2C3Cc4ccc(O)c5c4C2(CCN3CC2CC2)C(O5)[C@@H]1O,CHEMBL273670
DEC_0826,decoy,CC[C@]1(c2cccc(N=C=S)c2)OC[C@H]([C@@H]2CCCCN2)O1,CHEMBL282383
DEC_2044,decoy,CCC(c1ccc(O)cc1)C(CC)c1ccc(O)c(CCCNS(=O)(=O)c2cccc3c(N(C)C)cccc23)c1,CHEMBL42957
DEC_2574,decoy,CCCc1cc(C=O)cc(=O)n1Cc1ccc(-c2ccccc2-c2nn[nH]n2)cc1,CHEMBL418561
DEC_0009,decoy,C=C1C[C@@]23O[C@]2(c2ccccc21)C1CC(OC(=O)[C@H](O)[C@@H](NC(=O)OCC)c2cccs2)C3(C)C1(C)C,CHEMBL284516
DEC_3496,decoy,CN1CCN(c2nc3ccccc3c(-c3ccccc3)c2COC(=O)c2ccccc2)CC1,CHEMBL43304
DEC_0454,decoy,N#C/C(=C(/N)Sc1ccccc1N)c1cccc(C(O)c2ccc3c(c2)OCCO3)c1,CHEMBL34072
DEC_0837,decoy,C/C(=N\O)c1cccc(Sc2cc(F)cc(C3CCOCC3)c2)c1,CHEMBL25026
DEC_2692,decoy,Oc1cc(NCC2=CCCC2NCc2ccc(Cl)c(Cl)c2)nc2ccccc12,CHEMBL283576
DEC_1113,decoy,C[C@@H]1CC2C3CCC4=CC(=O)C=CC4(C)[C@@]3(Cl)C(O)CC2(C)[C@@]1(OC(=O)c1ccco1)C(=O)CCl,CHEMBL290383
DEC_0338,decoy,C=CCc1cc(Cc2cnc(N)nc2N)cc(CCC)c1O,CHEMBL24503
DEC_3452,decoy,CCN(CC)c1nc(C)nc2c1sc(=S)n2-c1ccc(C(C)C)cc1Br,CHEMBL18029
DEC_2821,decoy,CC(C)[C@H](CO)Nc1nc(Nc2cc(N)cc(Cl)c2)c2ncn(C(C)C)c2n1,CHEMBL286721
DEC_1914,decoy,Cc1nnc2n1-c1sc(/C=C\c3ccc4c(c3)CCC4)cc1C(c1ccccc1Cl)=NC2,CHEMBL286762
DEC_4218,decoy,CCc1c(Sc2cc(Cl)cc(Cl)c2)n(COCCO)c(=S)[nH]c1=O,CHEMBL17070
DEC_3691,decoy,CCCc1nc(CN(Cc2ccccc2)C(=O)Nc2ccccc2)c(C(=O)O)n1Cc1ccc(-c2ccccc2-c2nn[nH]n2)cc1,CHEMBL73780
DEC_2412,decoy,O=C(O)CC(=O)NC1CCN(C(=O)N2CCC3(CC2)CCN(c2ccncc2)C3)C1,CHEMBL273482
DEC_0280,decoy,CC[C@@]1(O)C(=O)OCc2c1cc1n(c2=O)Cc2c-1nc1cnc(C#CCN3CCOCC3)cc1c2C,CHEMBL13190
DEC_3395,decoy,COc1cc2c(cc1C(F)(F)F)N(C(=O)Nc1cccc(-c3cccnc3)c1)CC2,CHEMBL14255
DEC_2949,decoy,COc1cc([C@@H]2c3[nH]c4ccccc4c3[C@@H](Nc3cc(OC)c(OC)c(OC)c3)[C@H]3COC(=O)N23)cc(OC)c1O,CHEMBL262243
DEC_1143,decoy,C[C@@H]1CN(C(=O)N2Cc3c(C(=O)OC(C)(C)C)ncn3-c3ccc(Cl)cc32)C[C@H](C)N1CC(F)(F)F,CHEMBL15253
ACT_040,active,COc1cc(/C=C/c2nnc(-c3ccc(F)cc3F)o2)ccc1O,CHEMBL5286535
DEC_1624,decoy,C=C(C)CCCC(C)C/C=C/C(C)=C/C(=O)OCC,CHEMBL36910
DEC_2559,decoy,CC(C)(C)c1ccc(S(=O)(=O)c2ccc(-n3ncc(=O)[nH]c3=O)cc2)cc1,CHEMBL28379
DEC_2722,decoy,NC(N)=NCCCC(NC(=O)[C@@H]1CCCN1C(=O)C(N)c1ccc2c(c1)Cc1ccccc1-2)C(=O)CCC(=O)N1CCCCC1,CHEMBL432419
DEC_4251,decoy,OC(c1ccc(F)cc1)C(O)(Cn1cncn1)c1ccc(Cl)cc1Cl,CHEMBL10489
DEC_1248,decoy,Cc1cccc(C)c1C(=O)N1CCC(N2CCN([C@@H](C)c3ccc(S(=O)(=O)c4ccc5c(c4)OCO5)cc3)[C@@H](C)C2)CC1,CHEMBL70010
DEC_3920,decoy,Cc1ccc(S(=O)(=O)N/N=C/c2ccncc2)cc1.Cl,CHEMBL284775
DEC_1142,decoy,O=C1[C@@H]2C(c3ccccc3)OC3(C(=O)c4ccccc4C3=O)[C@@H]2C(=O)N1c1ccc(Cl)c(C(F)(F)F)c1,CHEMBL287211
DEC_4276,decoy,c1ccc2c(c1)OC(N1CCCCC1)c1cnc(N3CCCC3)nc1-2,CHEMBL30675
DEC_0113,decoy,O=c1c2c(nc3n1CCCCCC3)CCCC2,CHEMBL442733
DEC_4245,decoy,COc1cc(CC(C)NCC2CC2)c(OC)cc1I,CHEMBL273603
DEC_3113,decoy,O=C1NC(=O)C(CC#Cc2ccc(OC(F)(F)F)cc2)(S(=O)(=O)c2ccc(F)cc2)S1,CHEMBL275001
DEC_0658,decoy,COC(=O)[C@H](Cc1c[nH]c2ccccc12)NP(=O)(OC)OCC1OC(n2cc(C)c(=O)[nH]c2=O)CC1N=[N+]=[N-],CHEMBL53431
DEC_0969,decoy,CCC(c1ccc(O)cc1)C(CCBr)c1ccc(O)cc1,CHEMBL6876
DEC_0773,decoy,CCC[C@H]1OC(=O)O[C@]1(Cn1cncn1)c1ccc(Cl)cc1Cl,CHEMBL275296
DEC_0474,decoy,Cc1nc(O)c2cc(CNc3ccc(C(=O)N[C@H](CCC(=O)O)C(=O)O)s3)ccc2n1,CHEMBL40739
DEC_1889,decoy,O[C@@]12CCCCCC[C@H]3CCN4CCC[C@H](CCCCCC[C@H]5CCN(CCC1)[C@@H]2O5)[C@H]4O3,CHEMBL25317
DEC_0238,decoy,N=C(NCC1CC1)c1ccc(-c2ccc(-c3ccc(C(=N)NCC4CC4)cc3)o2)cc1,CHEMBL23320
DEC_0911,decoy,CC(C)C[C@H](NC(=O)[C@H](CC(=O)O)N1CC[C@H](NC(=O)Cc2ccc(C(=N)N)cc2)C1=O)C(=O)O.O=C(O)C(F)(F)F,CHEMBL47388
DEC_3626,decoy,Cc1sc(-c2ccc(Cl)cc2)nc1C(=O)N[C@H](C)[C@](O)(Cn1cncn1)c1ccc(F)cc1F,CHEMBL55474
DEC_2336,decoy,CO[C@@H]1C[C@@H](C(=O)O)N(C(=O)[C@H](C)CS)C1,CHEMBL15424
DEC_0624,decoy,CN(C)c1ccc2c(=O)oc(Nc3ccccc3I)nc2c1,CHEMBL10262
DEC_2967,decoy,COCCNS(=O)(=O)c1ccc(Nc2nccc(-c3cnc4ccc(Sc5ccccc5)cn34)n2)cc1,CHEMBL307808
DEC_1523,decoy,CCC(=O)N[C@H]1CCc2cc(OC)c(OC)c(OC)c2-c2ccc(=O)c(OC)cc21,CHEMBL281039
DEC_0253,decoy,CCCCNCC(O)c1cc(-c2ccc(Cl)cc2)nc(-c2ccc(Cl)cc2)c1,CHEMBL277207
DEC_0701,decoy,Oc1ccc(Cl)cc1-n1nc(-c2ccc(C(F)(F)F)cc2C(F)(F)F)nc1O,CHEMBL13855
DEC_2484,decoy,CNC(=O)c1ccc(/C=C/C(=O)NCC(=O)N(C)c2ccc(Cl)c(COc3cccc4ccc(C)nc34)c2Cl)cc1,CHEMBL439737
DEC_0652,decoy,COC(=O)C(C)NP(=O)(OCC1OC(n2cc(C)c(=O)[nH]c2=O)CC1N=[N+]=[N-])Oc1ccc(C)cc1,CHEMBL266159
DEC_3021,decoy,COc1ccc(C2Sc3ccccc3-n3c(CN4CCOCC4)ccc32)cc1,CHEMBL26239
DEC_2101,decoy,CC1=CC2[C@@]3(O)[C@H](C)C[C@]4(OC(=O)CCCCCCC[C@H]5C[C@@H]5C)[C@H]([C@@H]3C(C)=C(CO)C[C@]2(O)C1=O)C4(C)C,CHEMBL6834
DEC_3470,decoy,CCOC(=O)[C@@H]1C(C2=C(O)c3ccccc3CC2)=NC(C)=C(C#N)[C@H]1c1ccccc1C(F)(F)F,CHEMBL295298
DEC_4131,decoy,Cc1noc(NS(=O)(=O)c2ccccc2-c2ccc(-c3ncco3)cc2CN(C)C(=O)Cc2ccccc2)c1C,CHEMBL440780
DEC_0871,decoy,C=C1C[C@@]23O[C@]2(c2ccccc21)C1CC(OC(=O)[C@H](O)[C@@H](NC(=O)OC)c2ccccc2)C3(C)C1(C)C,CHEMBL281282
DEC_1765,decoy,CN1CC(C2=NCCN2)Oc2cc3c(cc21)CCCC3,CHEMBL267074
DEC_2736,decoy,NC(N)=NCCCC(NC(=O)[C@@H]1CCCN1C(=O)C(N)C(c1ccccc1)c1ccccc1)C(=O)CCC(=O)N1CCCCC1,CHEMBL325189
DEC_2114,decoy,CCCCCc1nc(-c2ccc(S(=O)(=O)Nc3ccc(CCNC[C@H](O)c4cccnc4)cc3)cc2)no1,CHEMBL33725
DEC_0133,decoy,O=C(O)CCCC/C=C(/c1cccnc1)c1ccccc1C1=N[C@@H](C(=O)NCCCCC2CCCCC2)CO1,CHEMBL61021
DEC_1778,decoy,CNC(=S)[C@@]1(c2cccnc2)CCCC[S+]1[O-],CHEMBL273357
DEC_3577,decoy,Cc1cc(C)cc(-c2[nH]c3ccccc3c2CCNCCc2ccncc2)c1,CHEMBL275287
ACT_006,active,CN(C)/N=C(/C[C@](CF)(N[S@+]([O-])C(C)(C)C)c1cccc(Br)c1)C(F)(F)F,CHEMBL4109797
DEC_1640,decoy,C[C@@H]1OC(=O)[C@H]2C[C@H]3CCCC[C@@H]3[C@@H](/C=C/[C@H]3CCC[C@H](C)N3C)[C@@H]12,CHEMBL277642
DEC_3868,decoy,COc1ccc(N(C(=O)CN2C(=O)C(NC(=O)Nc3ccccc3)[N+]([O-])=C(C3CCCCC3)c3ccccc32)C(C)C)cc1,CHEMBL15366
DEC_4259,decoy,Cc1cc(NS(=O)(=O)c2cccc3c(N(C)C)cccc23)nnc1Cl,CHEMBL6660
DEC_3406,decoy,Cc1nc(-c2sc(-c3ccc(Cl)cc3)nc2C)sc1C(=O)N[C@H](C)[C@](O)(Cn1cncn1)c1ccc(F)cc1F,CHEMBL55881
DEC_3459,decoy,CC(=O)OC1=CC[C@H]2CC3C(=C(O)c4c(O)cccc4C3O[Si](C)(C)C(C)(C)C)C(=O)[C@H]2C1,CHEMBL29750
DEC_2898,decoy,Cc1cc(C)cc(-c2[nH]c3ccc(C4(C(=O)N5C6CCC5CC6)CCC4)cc3c2CCNCCCCc2ccncc2)c1,CHEMBL295897
DEC_1047,decoy,CC(=O)S[C@@H]1CC2=CC(=O)[C@@H]3C[C@@H]3C2(C)C2CCC3(C)C(C21)[C@@H]1C[C@@H]1[C@@]31CCC(=O)O1,CHEMBL433223
DEC_0067,decoy,COC(=O)[C@H](Cc1ccccc1)NC(=O)[C@H](CC(C)C)NC(=O)[C@H](Cc1ccccc1)NC(=O)CCCCCN,CHEMBL68124
DEC_3789,decoy,COc1cc2c(c(OC)c1OC)-c1ccc(OC)c(=O)cc1[C@@H](NC(=O)C(C)(C)C)CC2,CHEMBL29391
DEC_1115,decoy,CC(C)(COC(=O)N1c2ccccc2[C@@]23O[C@]24CCC[C@@H]3C#C/C=C\C#C[C@H]14)S(=O)(=O)c1ccccc1,CHEMBL277573
DEC_3104,decoy,CC(=O)OCC(=O)[C@@]12OC(C)(C)O[C@@H]1CC1C3CCC4=CC(=O)C=CC4(C)[C@@]3(F)C(O)CC12C,CHEMBL287063
DEC_2856,decoy,CC1CC2C3C[C@H](F)C4=CC(=O)C=CC4(C)[C@@]3(Cl)C(Cl)CC2(C)[C@@]1(OC(=O)c1ccco1)C(=O)CCl,CHEMBL276148
DEC_3697,decoy,Cc1nc2ccc(NC(=O)NC(C)C)cc2c(=O)n1Cc1ccc(-c2ccccc2S(=O)(=O)NC(=O)OCCC(C)C)cc1F,CHEMBL194608
DEC_2848,decoy,COc1ccccc1CC/N=C(\N)Nc1nc(-c2ccc(CNC(C)=O)s2)cs1,CHEMBL288248
DEC_1986,decoy,COC(=O)c1[nH]c2c(c1C(=O)OC)[C@@]13C[C@@H]1CN(C(=O)c1cc4cc(NC(=O)c5cc6ccccc6o5)ccc4[nH]1)C3=CC2=O,CHEMBL32728
DEC_3333,decoy,Cn1c(C(=O)N2CCN(C(c3ccc(F)cc3)c3ccc(F)cc3)CC2)cc2cc(O)ccc21,CHEMBL19433
DEC_1259,decoy,CN1CCN(CCCN2N=C3/C(=C/c4ccccc4)CSCC3C2c2ccccc2)CC1,CHEMBL416416
DEC_0165,decoy,O=C(O)CCCc1ccccc1CC1C2CCC(O2)C1c1nc(C(=O)NCCCCC2CCCCC2)co1,CHEMBL31154
DEC_2551,decoy,O=S(=O)(CS(=O)(=O)C(F)(F)F)c1ccc(OC(F)(F)C(F)F)cc1,CHEMBL441906
DEC_1162,decoy,Cc1ccc(C)n1Nc1ccc(N(CC(C)O)CC(C)O)nn1,CHEMBL11955
DEC_2685,decoy,CNC(=O)c1cccc2c(Nc3ccc(NC(=O)OC)cc3NC)c3ccccc3nc12,CHEMBL416977
ACT_099,active,Cn1c(N/N=C/c2cccc(Cl)c2Cl)nc2ccccc2c1=O,CHEMBL5206612
DEC_1761,decoy,CCOC(=O)N/N=C1/CC2(CCN(C)CC2)OC1C,CHEMBL40803
DEC_0809,decoy,CC[C@H]1C[C@@H](C)Nc2cc3nc(O)cc(C(F)(F)F)c3cc21,CHEMBL427957
DEC_0085,decoy,CCCC1Oc2c(C)c(C)c(O)c(C)c2S1,CHEMBL290579
DEC_3743,decoy,Cc1c(C(=O)c2ccc3ncccc3c2)c2cccc3c2n1C(CN1CCOCC1)CO3,CHEMBL284678
DEC_1235,decoy,O=C(NCCN1CCCCC1)C1=CC2(CC1)CCN(C(=O)c1ccc(NC(=O)c3ccccc3F)cc1)c1ccccc1C2,CHEMBL432973
DEC_3072,decoy,CC(C)C1CCC(N2CCC(N3C(=O)N[C@@H]4CCCC[C@H]43)CC2)CC1,CHEMBL286411
DEC_2248,decoy,O=C(Cc1cccc2ccccc12)Nc1cccc(NC(=O)c2cc(Cl)cc(Cl)c2)c1,CHEMBL13598
DEC_3537,decoy,CC(C)COc1ccccc1/C(=C/CN(C)c1ccccc1)n1ccnc1,CHEMBL26841
DEC_3222,decoy,CCN1CCC[C@@H]1CNC(=O)c1cc(Cl)cc2c1OCCN2C,CHEMBL22469
ACT_064,active,CC(C)N1CNc2c(NCc3ccc(N)cc3)nc(N3CCCCC3CCO)nc21,CHEMBL3937030
DEC_4092,decoy,COc1cc(O)c2c(c1)C(=O)c1cc(C(Br)Br)cc(O)c1C2=O,CHEMBL288127
DEC_1051,decoy,Cc1ccc2c(c1)N(C(=O)N1C[C@@H](C)N[C@H](C)C1)Cc1c(C(=O)OC(C)(C)C)ncn1-2,CHEMBL277136
DEC_2537,decoy,O=C(O)CCON=C1C2CC3CC(C2)CC1C3,CHEMBL34455
DEC_0160,decoy,CC(C)c1cccc(C(C)C)c1NC(=O)C(=O)CC(=O)CC(c1ccccc1)c1c(O)oc2ccccc2c1=O,CHEMBL62658
DEC_3728,decoy,Cc1cc(-c2c(F)cc3c(=O)c(Cc4ncc[nH]4)cn(C4CC4)c3c2F)cc(C)n1,CHEMBL8063
DEC_1721,decoy,CCCSc1nnc([C@@H]2C[C@@H](S)CN2S(=O)(=O)c2ccc3ccccc3c2)n1-c1ccccc1,CHEMBL47987
DEC_0662,decoy,CN1C(=O)N(CC(CS(=O)(=O)c2ccc(Oc3ccc(OC(F)(F)F)cc3)cc2)N(O)C=O)C(=O)C1(C)C,CHEMBL77907
DEC_3116,decoy,COc1cc([C@H]2c3[nH]c4ccccc4c3C[C@H]3C(=O)N4CCC[C@H]4C(=O)N23)cc(OC)c1OC,CHEMBL433630
DEC_0289,decoy,CS(=O)(=O)O.C[C@H]1CN(c2nc3c(cc2F)c(=O)c(C(=O)O)cn3C(C)(C)C)C[C@H]1N,CHEMBL282588
DEC_4198,decoy,CCCCc1ccc(C(=O)N(C)CC(=O)O)c(=O)n1Cc1ccc(-c2ccccc2C(=O)O)cc1,CHEMBL281110
DEC_3772,decoy,Cc1nc(-c2ccncc2)sc1C(=O)N1CCC(N2C(=O)OCc3ccccc32)CC1,CHEMBL31986
DEC_4152,decoy,CCCc1nc2ccn(CC(=O)N(C)C)c(=O)c2n1Cc1ccc(-c2ccccc2-c2nn[nH]n2)cc1,CHEMBL42775
DEC_1555,decoy,CCNC(=O)N(CCCN(C)C)C(=O)[C@@H]1C[C@@H]2c3ccc(C(C)(C)C)c4[nH]cc(c34)C[C@H]2N(C)C1,CHEMBL13805
DEC_3362,decoy,C[C@]12C=CC(=O)NC1CCC1C2CC[C@@]2(C)C1CC[C@@H]2C(=O)Nc1ccccc1,CHEMBL25664
DEC_3369,decoy,CC(C)(C)C1CSC(c2cc([N+](=O)[O-])cc(Br)c2O)SC1,CHEMBL285631
DEC_3763,decoy,O=C(c1ccccc1Cl)c1c(NC(=O)C2CC2)sc2c1CCN(C(=O)C1CC1)C2,CHEMBL297585
DEC_2134,decoy,COc1ccc2c3c1OC1[C@H](O)[C@](CO)(CCCCCc4ccccc4)CC4C(C2)N(CC2CC2)CCC341,CHEMBL276598
DEC_3316,decoy,O=C(NN1CCCCCC1)c1cn(-c2ccc(Cl)cc2)c(-c2ccc(Cl)cc2Cl)n1,CHEMBL15635
DEC_2381,decoy,O=C(O)C(CC#Cc1ccccc1)NS(=O)(=O)c1ccc(/N=N/c2ccccc2)cc1,CHEMBL274174
DEC_3471,decoy,COc1cc2c(cc1OC)-c1cc(Nc3c(Cl)cc(Cl)cc3Cl)nc(=O)n1CC2,CHEMBL35190
DEC_1362,decoy,Cc1nnc2n1-c1sc(C#Cc3ccc4c(c3)CCC4)cc1C(c1ccccc1Cl)=NC2,CHEMBL284280
DEC_4206,decoy,COC(=O)c1cccc(O)c1C(=O)c1c(O)cc(C(=O)O[C@@H]2CNC[C@H]2NC(=O)c2ccc(O)cc2)cc1O,CHEMBL304626
DEC_0045,decoy,CCOC(=O)N[C@@H](c1ccoc1)[C@@H](O)C(=O)OC1CC2C(C)(C)C1(C)[C@@]13C[C@H](C)c4ccccc4[C@@]21O3,CHEMBL286209
DEC_0991,decoy,CC1(C)C(=O)N(c2ccc(C#N)c(C(F)(F)F)c2)C(=O)N1Cc1ccc(I)cc1,CHEMBL9447
DEC_2263,decoy,O=C1[C@@H](NS(=O)(=O)c2cc3ccc(Cl)nc3s2)CCN1Cc1cc2c[nH]ccc-2n1,CHEMBL8509
DEC_2222,decoy,O=C(NCC=C(c1ccc(Cl)cc1)c1ccc(Cl)cc1)c1cc2ccccc2[nH]1,CHEMBL266596
DEC_1630,decoy,COC(C)(C)CCCC(C)C/C=C/C(C)=C/C(=O)O,CHEMBL289635
DEC_1050,decoy,Cc1nnc2n1-c1ccc(I)cc1C(c1ccccc1Cl)=NC2,CHEMBL20914
DEC_4071,decoy,O=C1NC(=O)C(CC#Cc2ccc(Br)cc2)(S(=O)(=O)c2ccccc2)S1,CHEMBL11821
DEC_2737,decoy,COC(=O)NS(=O)(=O)c1ccccc1-c1ccc(C(=O)N[C@@H](CCCN=C(N)N)B2O[C@@H]3CC4CC(C4(C)C)[C@]3(C)O2)c(C)c1,CHEMBL287964
DEC_0272,decoy,c1ccc(-c2ccc(CNCCCNCc3ccc(-c4ccccc4)cc3)cc2)cc1,CHEMBL278321
DEC_1762,decoy,OCC1CC(F)C(n2cnc3c(Cl)ncnc32)O1,CHEMBL279379
DEC_1414,decoy,COc1cc([C@@H]2c3cc4c(cc3[C@H](N)[C@H]3COC(=O)[C@H]23)OCO4)cc(OC)c1O,CHEMBL31719
DEC_3807,decoy,COC1(c2csc(Sc3ccc4c(c3)CC/C4=N\O)c2)CCOCC1,CHEMBL283523
DEC_4305,decoy,CC(/N=c1\c(O)c(O)\c1=N/c1ccc(C(F)(F)F)cc1)C(C)(C)C,CHEMBL19104
DEC_3795,decoy,O=S(=O)(Nc1ccc2ccc(OCc3ccc4ccccc4n3)cc2c1)C(F)(F)F,CHEMBL17937
DEC_1755,decoy,COC1=C[C@]23CCCN2CCc2cc4c(cc2[C@@H]3[C@@H]1O)OCO4,CHEMBL276462
DEC_2659,decoy,CC(C)C(O)c1nc2c(C(F)(F)F)cccc2c(O)c1C(=O)Nc1nccs1,CHEMBL33961
DEC_0528,decoy,O=C1NC(=O)c2c1c1c3ccccc3n3c1c1c2c2ccccc2n1CS(=O)(=O)C3,CHEMBL283259
DEC_1709,decoy,CCc1nc2ccn(CC(=O)N3CCCCC3)c(=O)c2n1Cc1ccc(-c2ccccc2-c2nn[nH]n2)cc1,CHEMBL43535
DEC_0816,decoy,CC[C@H]1Cc2cc3c(C(F)(F)F)cc(O)nc3cc2N[C@@H]1CC,CHEMBL6959
DEC_1149,decoy,O=C1[C@H]2[C@H](c3ccccc3)OC3(C(=O)c4ccccc4C3=O)[C@H]2C(=O)N1c1ccc(Cl)c(Cl)c1,CHEMBL27258
DEC_0486,decoy,O=C(Cn1c(C2CCNCC2)nc2cc(Cl)c(Cl)cc21)N/N=C/c1c[nH]cn1,CHEMBL278566
DEC_2419,decoy,CC[C@@]1(O)C(=O)OCc2c1cc1n(c2=O)Cc2cc3c4c(cc(CN(C)C)c3nc2-1)OCCN4,CHEMBL297040
DEC_2489,decoy,CO[C@H]1CN(Cc2ccc(Cl)cc2)C[C@H](OCC23C[C@@H]4[C@H](C)CC[C@H]4C4(C=O)CC2C=C(C(C)C)C34C(=O)O)O[C@@H]1C,CHEMBL432865
DEC_3771,decoy,Cn1cncc1C(c1ccc(C#N)cc1)N1CCC(C#N)=C(c2cccc3ccccc23)C1,CHEMBL30118
DEC_0908,decoy,CCC(CC)NC(=O)N[C@H](C(=O)N1CCCC(C(=O)NC)C1C(=O)N[C@@H](CC(=O)O)C(=O)N[C@@H](CC(C)C)C(=O)O)C(C)(C)C,CHEMBL420185
DEC_3779,decoy,N#CC1=C(c2cccc3ccccc23)CN(C(=O)Cc2cncn2Cc2ccc(Cl)cc2)CC1,CHEMBL29619
DEC_4067,decoy,C[C@@H]1[C@@H](N)CN1c1c(F)cc2c(=O)c(C(=O)O)cn(-c3ccc(F)cc3F)c2c1Cl,CHEMBL278768
DEC_3760,decoy,Cc1cc(-c2c(F)cc3c(=O)c(Cc4ccccc4C(=O)O)cn(C4CC4)c3c2F)cc(C)n1,CHEMBL7392
DEC_0198,decoy,CC(C)C1=CC2CC3(C=O)[C@@H]4CC[C@@H](C)[C@H]4CC2(CO[C@H]2C[C@@H]4OCO[C@@H]4[C@@H](C)O2)C13C(=O)O,CHEMBL21682
DEC_1901,decoy,CC(=O)[C@@]12OC(C)(c3ccco3)OC1CC1C3CCC4=CC(=O)CC[C@]4(C)C3CC[C@@]12C,CHEMBL13409
DEC_1831,decoy,CC(NC(=O)Cc1ccc(Cl)cc1)C1CCC2C3CC=C4CC(O)CCC4(C)C3CCC12C,CHEMBL8574
DEC_1897,decoy,CC(=O)[C@@]12OC(C)(c3ccc(N)cc3)O[C@@H]1CC1C3CCC4=CC(=O)CC[C@]4(C)C3CC[C@@]12C,CHEMBL266860
DEC_0360,decoy,CC1(C)CCC(NC(=O)N(CCF)N=O)CC1,CHEMBL13016
DEC_1464,decoy,CC1(C)CC(=O)c2c(SCCO)sc(-c3nccs3)c2C1,CHEMBL17603
DEC_2401,decoy,NS(=O)(=O)OC[C@@]12OC[C@H]3OC4(CCCCC4)O[C@H]3[C@@H]1OC1(CCCCC1)O2,CHEMBL27506
DEC_2788,decoy,Oc1ccccc1Oc1nccc(-c2c(-c3ccc(F)cc3)ncn2C2CCNCC2)n1,CHEMBL273432
DEC_2495,decoy,CCCCc1nc2ccn(C(C(=O)NC(C)C)c3ccccc3)c(=O)c2n1Cc1ccc(-c2ccccc2-c2nn[nH]n2)cc1,CHEMBL313142
DEC_0585,decoy,O=C(OC1CCCC1)c1ccccc1CSc1c(O)oc(-c2ccccc2)cc1=O,CHEMBL14592
DEC_2880,decoy,CC1(C)CC[C@]2(C(=O)N3CCCC3)CC[C@]3(C)C(C(=O)C=C4[C@@]5(C)C=C(C#N)C(=O)C(C)(C)[C@@H]5CC[C@]43C)C2C1,CHEMBL273970
DEC_1250,decoy,CNC(=O)c1c(C)nc(C)n1Cc1ccc2oc(-c3ccccc3NS(=O)(=O)C(F)(F)F)c(Br)c2c1,CHEMBL418811
ACT_038,active,CC(C)(O)c1nc(N2C[C@H]3CSC(N)=[N+](c4cnccn4)[C@H]3C2)ncc1F,CHEMBL4110028
DEC_3975,decoy,CCS(=O)(=O)N[C@H](CC1CCCCC1)C(=O)N1CCC[C@H]1C(=O)NC(CC1CCNCC1)C(=O)c1nccs1,CHEMBL20568
DEC_2697,decoy,CC(c1ccc(-c2nc(-c3ccc(F)cc3)c(-c3ccncc3)[nH]2)cc1)N(O)C(N)=O,CHEMBL16925
DEC_2324,decoy,CC(C)([C@@H]1CCN[C@H](C(=O)O)C1)P(=O)(O)O,CHEMBL290293
DEC_1671,decoy,CCOC(=O)Cc1nc(-c2ccc(C)cc2)oc1-c1ccco1,CHEMBL274007
DEC_1566,decoy,CC(C)(N)CC(=O)NC1CC2CCC1(CS(=O)(=O)N1CCC3(CCc4ccccc43)CC1)C2(C)C,CHEMBL283578
DEC_2988,decoy,CCO/C(O)=C1\C(COCC(C)(O)Cn2ccnc2)=NC(C)=C(C(=O)OC)C1c1cccc(Cl)c1Cl,CHEMBL419099
DEC_4165,decoy,O=c1ccn([C@@H]2O[C@H](COC(c3ccccc3)(c3ccccc3)c3ccccc3)[C@H]3OC23)c(=O)[nH]1,CHEMBL284119
DEC_1254,decoy,CCc1nc(Cl)c(C(N)=O)n1Cc1ccc2oc(-c3ccccc3NS(=O)(=O)C(F)(F)F)c(Br)c2c1,CHEMBL104626
DEC_3205,decoy,Cc1ccccc1C(=O)C(O)(Cn1cncn1)c1ccccc1C,CHEMBL10196
DEC_1853,decoy,CCS(=O)(=O)c1ccc2c(c1)/C(=C/c1[nH]c3c(c1CCCN1CCN(C)CC1)CCCC3)C(=O)N2,CHEMBL54283
DEC_0316,decoy,C/C(=N\N=C(/S)Nc1ccc(C)cc1N)c1ccccn1,CHEMBL30341
DEC_0385,decoy,CC(C)C1CCC(NC(=O)N(CCF)N=O)CC1,CHEMBL12819
DEC_3241,decoy,CC(C)COc1ccccc1C(c1ccns1)N1CCN(C)CC1,CHEMBL277852
DEC_4082,decoy,Cc1ccc(N2CCN(c3ccc4c(ncc5c4c(=O)c(C(=O)O)cn5C)c3F)CC2)cc1F,CHEMBL418201
DEC_3419,decoy,COc1ccc(-c2nc3cc(C4=NN(Cc5ccc(-c6ccccc6-c6nn[nH]n6)cc5)C(=O)CC4C)ccc3[nH]2)cc1,CHEMBL287374
DEC_1347,decoy,O=S(=O)(c1ccc(F)cc1)N1Cc2ccccc2N(Cc2c[nH]cn2)C(CCc2ccccc2)C1,CHEMBL267942
DEC_1797,decoy,CCN(c1nc(C)cc(-c2c(C)cc(C)cc2C)n1)c1ccc(C(C)C)cc1Br,CHEMBL276716
DEC_0455,decoy,CN1CCC23c4c5ccc(O)c4OC2[C@H](O)[C@](CO)(CCCCc2ccccc2)CC3C1C5,CHEMBL416699
DEC_4000,decoy,CC1=C(C(=O)OC(C)(C)C)N2C(=O)/C(=C\OC(=O)C(C)(C)C)[C@H]2S(=O)(=O)C1,CHEMBL6865
DEC_0220,decoy,C=C1C[C@@]23O[C@]2(c2ccccc21)C1CC(OC(=O)[C@H](O)[C@@H](NC(C)=O)c2ccccc2)C3(C)C1(C)C,CHEMBL283716
DEC_0346,decoy,C[Si](C)(C)OC(C#N)C12CC3CC(CC(C3)C1)C2,CHEMBL429382
DEC_3184,decoy,O=S(=O)(NC1CCCC[C@@H]1c1ccccc1)NS(=O)(=O)NC1CCCC[C@H]1c1ccccc1,CHEMBL21818
DEC_3568,decoy,COc1cc2[nH]c(Cc3ccccc3)c(C=O)c2cc1-c1cnco1,CHEMBL280431
DEC_2040,decoy,CCCCC(CC)C(=O)Nc1ccc2ccn(Cc3ccc(C(=O)NS(=O)(=O)c4ccccc4C)cc3OC)c2c1,CHEMBL82545
DEC_3953,decoy,COC(=O)C(NP(=O)(OCC1OC(n2cc(C)c(=O)[nH]c2=O)CC1F)OCC(Cl)(Cl)Cl)C(C)C,CHEMBL313403
DEC_4115,decoy,CCCC[C@@H]1C(=O)N([C@@H](C2SCCCS2)C2OC(C)(C)OC2C2COC(C)(C)O2)[C@@H]1/C(C)=C/c1ccccc1,CHEMBL313683
DEC_0153,decoy,O=C(O)CCCC/C=C(/c1cccnc1)c1cccc(C2=N[C@@H](C(=O)NCCCCC3CCCCC3)CO2)c1,CHEMBL56381
DEC_2752,decoy,Cc1ccc(Oc2nccc(-c3c(-c4ccc(F)cc4)ncn3C3CCNCC3)n2)c(C)c1,CHEMBL13850
DEC_3623,decoy,O=C(O)CCc1c(-c2cccnc2)ccc2c1CCC(NS(=O)(=O)c1ccc(Cl)cc1)C2,CHEMBL28560
DEC_2535,decoy,c1cc(-c2cncc(O[C@@H]3CCNC3)c2)ccn1,CHEMBL10153
DEC_0189,decoy,COc1cccc2c1CC[C@H]1CN(CCn3c(=O)[nH]c4c(sc5cccc(OC)c54)c3=O)C[C@@H]21,CHEMBL41344
DEC_3070,decoy,CCN(CC)c1nc(C)nc2c1sc(=S)n2-c1c(C)cc(C)cc1C,CHEMBL413968
DEC_0081,decoy,CN(C)CC#CCCC1SCCCS1,CHEMBL43529
DEC_2406,decoy,COC12[C@@H]3N[C@@H]3CN1C1=C(C(=O)C(N3CCCC(C)C3)=C(C)C1=O)[C@@H]2COC(N)=O,CHEMBL431889
DEC_0600,decoy,CC(=O)OCC(=O)[C@@]12ON(C)C[C@@H]1CC1C3CCC4=CC(=O)C=CC4(C)[C@H]3C(O)CC12C,CHEMBL416965
DEC_3059,decoy,CN1Cc2sc(C(C)(C)C)cc2C(c2ccc(Br)cc2)C1,CHEMBL15633
DEC_1374,decoy,CC1(C)OC(S)=Nc2ccc(-c3cc(Br)cc(OC(F)(F)F)c3)cc21,CHEMBL26763
DEC_2226,decoy,COc1ccc(C(c2ccc(C(C)C)cc(=O)c2O)c2ccc3ccccc3c2O)cc1,CHEMBL18300
DEC_2146,decoy,CCCCN(CCCC)C(=O)CN1C[C@H](c2ccc3c(c2)OCO3)[C@@H](C(=O)O)[C@H]1c1ccc(OC)cc1,CHEMBL9162
DEC_1038,decoy,C[C@@H]1CN(C(=O)N2Cc3c(C(=O)OC(C)(C)C)ncn3-c3ccc(C(F)(F)F)cc32)CCN1,CHEMBL15022
DEC_2224,decoy,CN1CCc2c1nc1ccccc1c2NC(=O)CCc1cc(C(C)(C)C)c(O)c(C(C)(C)C)c1,CHEMBL30444
DEC_2884,decoy,Cc1nnc2n1-c1ccc(C#CCN3C(=O)c4cccc5cccc(c45)C3=O)cc1C(c1ccccc1Cl)=NC2,CHEMBL430333
DEC_1447,decoy,C=CCN(C1=NCCN1)c1c(Br)cccc1Br,CHEMBL20176
DEC_0195,decoy,OC(Cn1cncn1)(c1ccc(Cl)cc1Cl)C(O)(c1ccc(F)cc1)c1cccs1,CHEMBL275068
DEC_1201,decoy,CC(C)(CCn1cnc2c(O)ncnc21)CCP(=O)(O)O,CHEMBL267312
DEC_3751,decoy,Cc1cc(C)c(S(=O)(=O)[O-])c(C)c1.Cc1cc2c3c(cc(C)[n+]2nc1C)[nH]c1ccccc13,CHEMBL263737
DEC_2876,decoy,CC1(C)CC[C@]2(C(=O)N3CCOCC3)CC[C@]3(C)C(C(=O)C=C4[C@@]5(C)C=C(C#N)C(=O)C(C)(C)[C@@H]5CC[C@]43C)C2C1,CHEMBL7799
DEC_2081,decoy,Cc1cc(Nc2ccc(O)cc2)c2c(ccc3c[nH]nc32)n1,CHEMBL32790
DEC_3391,decoy,COc1cc2c(cc1C(F)(F)F)N(C(=O)Nc1cc(-c3cccnc3)ccc1F)CC2,CHEMBL280322
DEC_0627,decoy,Cc1cc(-n2ncc(=O)[nH]c2=O)cc(Cl)c1S(=O)(=O)c1ccc(Cl)cc1,CHEMBL28436
DEC_4014,decoy,CC[C@@]1(O)C(=O)OCc2c1cc1n(c2=O)Cc2c-1nc1cnc(C#N)cc1c2C,CHEMBL13998
ACT_082,active,OC(COc1ccc(Cc2ccccc2)cc1)CSc1ccccc1Cl,CHEMBL2059624
DEC_0388,decoy,CNc1nc(Cl)c(SC)c(N2CCCCC2)n1,CHEMBL36410
DEC_4103,decoy,Cc1ccc2cccc(OCc3c(C)ccc(N(C)C(=O)CCc4ccc(C(=O)c5ccc(Cl)nc5)n4C)c3C)c2n1,CHEMBL282981
DEC_3345,decoy,COc1cc2c(cc1C(F)(F)F)N(C(=O)Nc1cccc(-c3cccnc3)c1Cl)CC2,CHEMBL14458
DEC_3434,decoy,CN1CCN(CCCNc2ncc3cc(-c4c(Cl)cccc4Cl)c(/N=C(/S)NC(C)(C)C)nc3n2)CC1,CHEMBL57947
DEC_1029,decoy,CC1(C)C(=O)N(c2ccc(C#N)c(C(F)(F)F)c2)C(=O)N1CCc1ccc(I)cc1,CHEMBL269372
DEC_4019,decoy,COc1c(N2CCCC(N)C2)c(F)cc2c(=O)c(C(=O)O)cn(C3CC3)c12,CHEMBL15129
DEC_1651,decoy,Cc1ccc(C2(Cn3ccnc3)OCC(c3ccc(Cl)cc3)O2)cc1,CHEMBL281907
DEC_0605,decoy,CC(=O)NC(=S)NC[C@@H]1C[C@@H]2c3cc(C(C)(C)C)cc4[nH]cc(c34)C[C@H]2N(C)C1,CHEMBL14238
DEC_0013,decoy,CC1CC2C3CCC4=CC(=O)C=CC4(C)[C@@]3(Cl)C(Cl)CC2(C)[C@@]1(OC(=O)c1ccco1)C(=O)CO,CHEMBL10566
DEC_1435,decoy,COc1cc2nc(N3CCN(c4nccc(C)n4)CC3)cc(N)c2cc1OC,CHEMBL267804
DEC_3250,decoy,COC(=O)c1c(C)[nH]c2c1[C@@]13C[C@@H]1CN(C(=O)c1cc4cc(OC)c(OC)c(OC)c4[nH]1)C3=CC2=O,CHEMBL35670
DEC_1101,decoy,C=CCOc1ccc(/C=C(\C)C(=O)N[C@@H]2[C@H](O)[C@@H](O)[C@H]3OCO[C@H]3[C@@H]2O)cc1O,CHEMBL9301
DEC_1563,decoy,CC1(C)CC(=O)NN=C1c1ccc2nc(C3CC3)n(Cc3ccc(-c4ccccc4-c4nn[nH]n4)cc3)c2c1,CHEMBL283055
DEC_0801,decoy,C/C(=N\O)c1cc2c(Sc3ccc(C)cc3)cncc2s1,CHEMBL262570
DEC_0099,decoy,Oc1cc2c(cc1Sc1ccncc1)OCC2,CHEMBL7517
DEC_3924,decoy,CN1CCC23c4c5ccc(OC(C)(C)C)c4O[C@H]2[C@@H](O)C=CC3C1C5,CHEMBL22919
DEC_3062,decoy,Fc1ccc(-n2ccc(C(c3ccc(Cl)cc3)n3ccnc3)c2)cc1,CHEMBL20307
DEC_2267,decoy,CNC(=O)NC1CCc2cc(OC)c(OC)c(OC)c2-c2ccc(SC)c(=O)cc21,CHEMBL287384
DEC_2476,decoy,COc1cc(C(=O)N2CCC(CCN3CCC(C(N)=O)(c4ccccc4)CC3)(c3cccc(Cl)c3)C2)cc(OC)c1OC,CHEMBL83585
DEC_4011,decoy,C[C@H]1COc2c(N3CC(N(C)C)C3)c(F)cc3c(=O)c(C(=O)O)cn1c23,CHEMBL282940
DEC_1998,decoy,CN1CCc2nc(C(=O)N3CCN(S(=O)(=O)c4ccc5cc(Cl)ccc5c4)CC3C(=O)NCc3ccccc3)sc2C1,CHEMBL316646
DEC_2705,decoy,O=C(O)CC[C@H](NC(=O)c1c(F)c(F)c(N(CCI)CCI)c(F)c1F)C(=O)O,CHEMBL189738
DEC_2913,decoy,O=c1cc(C(CC2CC2)CC2CC2)oc(O)c1C(c1cccc(NS(=O)(=O)c2cccc3cccnc23)c1)C1CC1,CHEMBL311570
DEC_2992,decoy,Brc1cccc(Br)c1N(C1=NCCN1)C1CCCCC1,CHEMBL20910
DEC_0434,decoy,CCCC(c1cccc(NS(=O)(=O)c2cn(C)cn2)c1)c1c(O)c2c(oc1=O)CCCCCC2,CHEMBL16511
DEC_0590,decoy,COC(=O)c1cc(-c2cc(O)c(Sc3ccccc3C(C)C)c(=O)o2)ccc1O,CHEMBL273234
DEC_0729,decoy,CC(C)c1cccc(C(C)C)c1NC(=O)NS(=O)(=O)N(C(C)C)C(C)(C)C,CHEMBL281597
DEC_3416,decoy,C[C@H]1Oc2ccc(OCc3nc4cc(F)ccc4s3)cc2[C@H](O)[C@@H]1Cc1cccc(NS(=O)(=O)C(F)(F)F)c1,CHEMBL300701
DEC_1516,decoy,COc1ccc(C23OCC24C(CO)C4Cc2cc(OC)c(OC)cc23)cc1OC,CHEMBL18612
DEC_1962,decoy,COCCOCO[C@]1(C)CCN2CC34CC5(C(=O)Nc6c5ccc5c6OC=CC(C)(C)O5)C(C)(C)C3CC21C(=O)N4C,CHEMBL40855
DEC_1116,decoy,CN1C(=O)CN=C(c2cccc(Cl)c2)c2cc(C(N)(c3ccc(Cl)cc3)c3cncn3C)ccc21,CHEMBL39618
DEC_4214,decoy,Cc1c(N2CC[C@@H](C3(N)CC3)C2)c(F)c(N)c2c(=O)c(C(=O)O)cn([C@@H]3C[C@@H]3F)c12,CHEMBL6894
DEC_0458,decoy,CC(C)C[C@H](CC(=O)NO)C(=O)N[C@@H](Cc1c[nH]c2ccccc12)c1nc2ccccc2[nH]1,CHEMBL40589
DEC_0097,decoy,C=C1C=C2c3cccc4c3[C@@H](CN4)C[C@H]2N(C)C1,CHEMBL36980
DEC_1645,decoy,CC(C)(C)c1cc(C(=O)C[S+]([O-])CC2CC2)cc2c1OCC2(C)C,CHEMBL274811
DEC_2778,decoy,COc1ccc2c(nc(Nc3c(C)cccc3Cl)c3cnc(C(O)C(C)C)n32)c1OC,CHEMBL28787
DEC_0909,decoy,CC(C)(C)c1ccc(COc2ccsc2C(=O)NCC2OC(CC(=O)N[C@@H](CCC(=O)O)C(=O)O)C(O)C(O)C2O)cc1,CHEMBL432294
DEC_1137,decoy,Cc1nnc2n1-c1sc(C#CCN3C(=O)CC(C)(C)c4ccccc43)cc1C(c1ccccc1Cl)=NC2,CHEMBL417275
DEC_3212,decoy,CCCCN1CCC[C@@H]1CNC(=O)c1cc(Cl)cc2c1OCC2,CHEMBL22306
DEC_3492,decoy,O=C1OC(O)(c2ccc(Cl)c(Cl)c2)C(Cc2ccccc2)=C1c1ccc2c(c1)OCO2,CHEMBL275991
DEC_3138,decoy,O=C(NC(=O)c1c(Cl)cccc1Cl)Nc1cccc(C2CN3CCSC3=N2)c1,CHEMBL42875
DEC_1054,decoy,Cc1ccc2c(c1)N(C(=O)N1C[C@@H](C)N(C)[C@@H](C)C1)Cc1c(C(=O)OC(C)(C)C)ncn1-2,CHEMBL277558
DEC_3950,decoy,Cc1cn(C2CC(N=[N+]=[N-])C(COP(=O)(NC(C)(C)C)OCCSC(=O)C(C)(C)C)O2)c(=O)[nH]c1=O,CHEMBL295547
DEC_2638,decoy,CC#CCOc1ccc(S(=O)(=O)N(C)c2c(C(=O)NO)cnc3snc(C)c23)cc1,CHEMBL417144
DEC_1057,decoy,O=C1NCN(c2ccccc2)C12CCN(C1CCc3c(Cl)ccc(Cl)c3C1)CC2,CHEMBL283480
DEC_3880,decoy,CCc1nc2c(C)cc(C)nc2n1Cc1ccc(-c2ccccc2C2=NS(=O)(=O)c3cc(S(N)(=O)=O)c(Cl)cc3N2)cc1,CHEMBL138358
DEC_2973,decoy,CCCc1c(O)c(C(C)=O)cc(C(C)=O)c1NC(=O)c1sc(C)cc1S(=O)(=O)Nc1onc(C)c1Cl,CHEMBL304860
DEC_2320,decoy,CC1(C)S[C@@H]2[C@H](S)C(=O)N2[C@H]1C(=O)O,CHEMBL24351
DEC_1733,decoy,COc1cc2c(c(OC)c1OC)-c1ccc(SC)c(=O)cc1[C@@H](NC(=O)c1ccc(Cl)cc1)CC2,CHEMBL34772
DEC_2506,decoy,O=NN(CCF)C(=O)NC1CC2CCC1C2,CHEMBL12792
DEC_2642,decoy,CCCC#CCN1C[C@@H](c2ccc3c(c2)OCO3)[C@H](C(=O)O)[C@H]1c1ccc(OC)cc1,CHEMBL266144
DEC_0643,decoy,NP(=O)(OCCC=O)N(CCCl)CCCl.O=P1(N(CCCl)CCCl)NC(O)CCO1,CHEMBL37163
DEC_4220,decoy,Cc1c(F)c(N2CCC(C)(CN)C2)c(F)c2c1c(=O)c(C(=O)O)cn2C1CC1,CHEMBL279647
DEC_1622,decoy,CCOC(=O)/C=C(C)/C=C/CC(C)CCC=C(C)C,CHEMBL37815
DEC_3240,decoy,CSc1nc2nc(C(=O)c3ccccc3)cn2c2c1CSCC2,CHEMBL20346
DEC_1157,decoy,CSc1cc(N)ccc1/N=N/c1ccc(S(N)(=O)=O)cc1,CHEMBL17161
DEC_4105,decoy,Cc1cc(C(O)(C(F)(F)F)C(F)(F)F)ccc1C(Cc1cc[n+]([O-])cc1)c1ccc(OC(F)F)c(OC(F)F)c1,CHEMBL102718
DEC_3254,decoy,CCc1cn([C@@H]2O[C@H](CNC(=O)C3c4ccccc4Oc4c(C)cccc43)[C@@H](O)[C@@H]2F)c(=O)[nH]c1=O,CHEMBL289560
DEC_1234,decoy,CN1C(=O)CN=C(c2ccccc2)c2cc(Cl)ccc21.Oc1c(-c2ccsc2)cnc2c(-c3ccccn3)cnn12,CHEMBL107335
DEC_2253,decoy,COC[C@H]1OC(=O)C(=C(C)C)C2=C(O)C(=O)C3=C([C@H](OC(C)=O)C[C@]4(C)C(=O)CC[C@@H]34)[C@]21C,CHEMBL18596
DEC_3669,decoy,COc1cc(C(=O)O)c(Oc2c(CNc3ccc(CNC(=O)CO[C@@H]4C[C@H](C)CC[C@H]4C(C)C)cc3)ccc(C)c2C(N)=O)c(O)c1C,CHEMBL111721
DEC_0342,decoy,CCc1[nH]c(O)nc1C(=O)c1ccc(-n2ccnc2)cc1C,CHEMBL26536
DEC_3039,decoy,COc1nc(C(Cl)(Cl)Cl)c(Cl)c(OC(C)C)c1Cl,CHEMBL269389
DEC_0122,decoy,CN1Cc2c(N)cccc2C(c2ccccc2)C1,CHEMBL273575
DEC_2153,decoy,O=P(O)(O)Cc1cc(Br)cc2nc(O)c(O)nc12,CHEMBL273662
DEC_1507,decoy,Nc1nc2c(cnn2CCOCc2ccccc2)c2nc(-c3ccco3)nn12,CHEMBL17281
DEC_1148,decoy,O=C1[C@H]2C(c3ccccc3)OC3(C(=O)c4ccccc4C3=O)[C@H]2C(=O)N1c1ccc(Cl)c(Cl)c1,CHEMBL27554
DEC_3160,decoy,CCCCN(CC)C(=O)CN1C[C@@H](c2ccc3c(c2)OCO3)[C@H](C(=O)O)[C@H]1c1ccc(OC)cc1,CHEMBL9502
DEC_1182,decoy,Cc1cnoc1NS(=O)(=O)c1cccc2c(N(C)C)cccc12,CHEMBL283300
DEC_4247,decoy,Cc1c(N2CC[C@H](N)C2)c(F)cn2c(=O)c(C(=O)O)cc(CC(C)(C)C)c12,CHEMBL16739
DEC_2266,decoy,O=C1[C@@H](NS(=O)(=O)c2cc3ccnc(Cl)c3s2)CCN1Cc1cc2[nH]cccc-2n1,CHEMBL262447
DEC_1756,decoy,C[C@@H]1CC[C@H]2[C@@H](C)C(=O)O[C@@H]3O[C@@]4(C)CC[C@@H]1[C@]32OO4,CHEMBL269671
DEC_0507,decoy,COC(=O)C1=C(C)N=C(C)/C(=C(\O)OC)C1c1c(F)c(F)c(F)c(F)c1F,CHEMBL24716
DEC_0128,decoy,O=C1C[C@@H](c2ccc(O)cc2)Oc2cc3oc4cc(O)c(O)cc4c3c(O)c21,CHEMBL9167
DEC_4007,decoy,Oc1ccc2c3c1O[C@H]1[C@@H](N=C=S)CCC4(O)C(C2)N(CC2CC2)CCC314,CHEMBL424402
DEC_4234,decoy,NCC1CCCN(c2c(F)cc3c(=O)c(C(=O)O)cn(C4CC4)c3c2F)C1,CHEMBL15142
DEC_3002,decoy,Cc1ccccc1-c1cc(C(O)(c2ccc(C#N)cc2)c2cncn2C)ccc1C#N,CHEMBL25621
DEC_2025,decoy,CCCCCc1c(Cc2cccnc2)cc2c(c1CCC(=O)O)CCC(NS(=O)(=O)c1ccc(Cl)cc1)C2,CHEMBL285887
DEC_1981,decoy,COC(=O)[C@]1(C)Nc2c(OC(=O)N(C)C)cc3c(c2C1=O)[C@H](CBr)CN3C(=O)/C=C/c1ccc(OC)cc1,CHEMBL20095
DEC_2174,decoy,Nc1nc(N)c2c(S(=O)(=O)c3ccc4ccccc4c3)cccc2n1,CHEMBL6693
DEC_0201,decoy,CC(C)CN1C[C@H](OCC23C[C@@H]4[C@H](C)CC[C@H]4C4(C=O)CC2C=C(C(C)C)[C@@]34C(=O)O)OC[C@H]1C,CHEMBL30451
DEC_0869,decoy,CCN(CC)Cc1cc(Nc2cc(C(F)(F)F)nc(/N=C(\N)Nc3ccc(C(F)(F)F)cc3)n2)ccc1O,CHEMBL22439
ACT_044,active,C[C@H]1C[C@]2(CCN1Cc1cccc(OC3CCCC3)c1)CNS(=O)(=O)N2c1cccc(F)c1,CHEMBL2177471
DEC_4278,decoy,c1ccc2c(c1)OC(N1CCCCC1)c1cnc(N3CCCCC3)nc1-2,CHEMBL31478
DEC_3529,decoy,CCOC(=O)/C=C(C)/C(F)=C/C=C(C)/C=C/c1c(C)cc(OC)c(C)c1Cl,CHEMBL8604
DEC_0358,decoy,C/C=C(\NC(=O)C1C(C(C)(C)C)C1(C)C)C(=O)O,CHEMBL12165
DEC_2308,decoy,O=C(O)[C@@H]1C[C@H](C/C=C/P(=O)(O)O)CCN1,CHEMBL416060
DEC_2904,decoy,CCc1nc(C(C)C)c(C(N)=O)n1Cc1ccc2oc(-c3ccccc3NS(=O)(=O)C(F)(F)F)c(Br)c2c1,CHEMBL108115
DEC_0722,decoy,N#CN/C(=N\C(Cn1ccnc1)c1ccc(Cl)cc1Cl)Nc1ccccc1Cl,CHEMBL8473
DEC_4163,decoy,O=C(O)COC/C=C\C[C@H]1[C@H](NS(=O)(=O)c2ccc(F)cc2)C2CC1(c1ccc(F)cc1)CO2,CHEMBL10748
DEC_1585,decoy,COC(=O)c1c(C(F)(F)F)[nH]c2c1C13CC1CN(C(=O)c1cc4cc(OC)ccc4[nH]1)C3=CC2=O,CHEMBL297000
DEC_2136,decoy,CCc1ccc(CN[C@@H](C)Cn2c(=O)c(-c3cccc(OC)c3F)c(C)n(Cc3c(F)cccc3F)c2=O)o1,CHEMBL22314
DEC_3914,decoy,O=C1CN2Cc3c(ccc(N4CCCCC4)c3Cl)NC2=N1,CHEMBL31701
DEC_2929,decoy,O=C(O)c1cc(S(=O)(=O)Oc2ccc(-c3ccc(-c4c(Cc5ccccc5)oc5ccccc45)cc3)cc2)ccc1O,CHEMBL441959
DEC_3498,decoy,O=C(Nc1ccc(-c2nc(-c3ccco3)no2)c(Cl)c1)OCC(Cl)(Cl)Cl,CHEMBL277175
ACT_072,active,CC12CC(c3c(O)cc(-c4cc5ccc(O)cc5o4)cc3O)CC3c4ccc(O)cc4OC31C2,CHEMBL5277231
DEC_3407,decoy,N=C(c1cc(Cl)cc(Cl)c1)N(N)S(=O)(=O)c1cc(Cl)c(Oc2ccc([N+](=O)[O-])cc2Cl)c(Cl)c1,CHEMBL83829
DEC_0560,decoy,CC1(C)CC(=O)c2c(SSc3nccs3)sc(-c3cc[nH]n3)c2C1,CHEMBL17424
ACT_053,active,COc1cnc2c(Nc3cc(Cl)c(F)c([C@@]4(CF)N=C(N)O[C@@H]5C[C@@H]54)c3)nccc2n1,CHEMBL3688779
DEC_0137,decoy,O=C(O)CCCC/C=C(\c1ccc(C2=N[C@H](C(=O)NCCCCC3CCCCC3)CO2)cc1)c1cccnc1,CHEMBL58332
ACT_049,active,CCOC1=CC=C/C(=C\Nc2cc(C)cc(C)c2O)C1=O,CHEMBL3936271
DEC_3505,decoy,CCCCN(CC)c1nc(C)nc2c1c(C)cn2-c1c(C)cc(C)cc1C,CHEMBL9946
DEC_3477,decoy,COc1ccc([C@@H]2Sc3ccc(Cl)cc3-n3c(CN(C)C)ccc3[C@@H]2OC(C)=O)cc1,CHEMBL278804
DEC_2084,decoy,CC1CC(=O)NN=C1c1ccc(-n2cnc3c2CCCC3)cc1,CHEMBL282765
DEC_1439,decoy,C[C@@H](/N=c1\c(O)c(O)\c1=N/c1ccc(C#N)c2c1CCCC2)C(C)(C)C,CHEMBL275401
DEC_2916,decoy,CC(Cc1c[nH]c2ccccc12)(NC(=O)OC1[C@H]2C[C@@H]3C[C@@H](C[C@H]1C3)C2)C(=O)N(CCc1ccc(Cl)cc1)CC(=O)O,CHEMBL99939
DEC_0978,decoy,Cc1ccc(Nc2cc3c(cc2Nc2ccc(C)cc2)C(=O)NC3=O)cc1,CHEMBL7914
ACT_016,active,C[C@@]1(c2sc(Br)cc2Cl)CS(=O)(=O)C2(CCOCC2)C(=N)N1,CHEMBL3904196
DEC_2351,decoy,O=C(O)CCC(=O)N1CCC2(CCC(C(=O)N3CCC(C4CCNCC4)CC3)CC2)CC1,CHEMBL24638
DEC_0960,decoy,Cc1ccc(Oc2ccc(C3CCCCC3)cc2Cl)c(CC(=O)O)c1,CHEMBL418582
DEC_1590,decoy,C=C(C)COOC(CCCC)(CCCC)OOC,CHEMBL286755
DEC_4303,decoy,Cc1cc(-c2c(F)cc3c(=O)ccn(C4CC4)c3c2F)cc(C)n1,CHEMBL414022
DEC_1322,decoy,O=C1NCCN1CCCCCCN1CCC(c2cn(-c3ccc(F)cc3)c3ccc(Cl)cc23)CC1,CHEMBL13051
DEC_4048,decoy,COc1cc(OC)cc([C@@H]2c3cc4c(cc3N[C@H]3COC(=O)N23)OCO4)c1,CHEMBL9206
DEC_4249,decoy,CCNCC1CCN(c2c(F)cc3c(=O)c(C(=O)O)cn(C4CC4)c3c2OC)C1,CHEMBL278184
DEC_0103,decoy,CC(C)C1CC/C(=C\Br)OC1=O,CHEMBL284750
DEC_0083,decoy,Cc1sc(C)c2c1CCC=C2c1c[nH]cn1,CHEMBL284795
DEC_3895,decoy,CCCc1nc(C)c(C(=O)NCC)n1Cc1ccc2oc(-c3ccccc3NS(=O)(=O)C(F)(F)F)c(Br)c2c1,CHEMBL326910
DEC_0265,decoy,CCCCCCCCN(C)S(=O)(=O)NC(=O)Nc1c(C(C)C)cccc1C(C)C,CHEMBL25705
DEC_0851,decoy,CC(=O)Nc1nc(CCC2(C(C)C)CC(=O)C(Sc3cc(C)c(CO)cc3C(C)(C)C)=C(O)O2)cs1,CHEMBL431976
DEC_3862,decoy,COc1ccc(C[C@H]2NC(=O)/C=C/C[C@@H]([C@H](C)/C=C/c3ccccc3)OC(=O)[C@H](CC(C)C)OC(=O)[C@H](C)CNC2=O)cc1Cl,CHEMBL13529
DEC_2584,decoy,CCn1cc(C(=O)O)c(=O)c2c(F)c(F)c(N3CCN(C)CC3)c(F)c21,CHEMBL25569
DEC_0712,decoy,C=C1CC[C@@H](O)C(O)/C1=C/C=C1\CCCC2(C)C1CCC2[C@H](C)CCCC(C)(C)O,CHEMBL15718
DEC_1388,decoy,Clc1cc(Cl)c2c(c1)[C@H]1OCC[C@H]1[C@@H](c1c[nH]c3ccc(Br)cc13)N2,CHEMBL281688
DEC_3632,decoy,N#CN/C(=N/C12CC3CC(CC(C3)C1)C2)Nc1cccc(/C(=C\CCCC(=O)O)c2cccnc2)c1,CHEMBL21852
ACT_021,active,CCCc1scc(-c2cn[nH]c2)c1CC(NC1=NC(C)(C)Cc2cc(Cl)ccc21)c1nccc(=O)[nH]1,CHEMBL2380822
DEC_1875,decoy,Cc1cn(C2OC(COC(c3ccccc3)(c3ccccc3)c3ccccc3)CC2F)c(=O)nc1N,CHEMBL42188
DEC_1023,decoy,Cc1nnc2n1-c1sc(C#CCn3c4c(c5ccccc53)CCCC4)cc1C(c1ccccc1Cl)=NC2,CHEMBL278072
DEC_3884,decoy,C[C@](Cc1c[nH]c2ccccc12)(NC(=O)ON1[C@H]2C[C@@H]3C[C@@H](C[C@H]1C3)C2)C(=O)N1C[C@H](Oc2ccc(Cl)cc2)C[C@@H]1CC(=O)O,CHEMBL338252
DEC_3502,decoy,Cc1cc(CCCCCOc2c(Cl)cc(C3=NCCO3)cc2C(C)(C)C)on1,CHEMBL277837
DEC_1366,decoy,CC(C)(C)NC(=O)[C@H]1CCC2C3CCC4=C(Br)C(=O)CC[C@]4(C)C3CC[C@@]21C,CHEMBL283564
DEC_0800,decoy,CC(C)(C)c1ccc(Sc2ccc(NC3=NCCN3)cc2)cc1,CHEMBL9558
DEC_3742,decoy,O=S(=O)(Nc1cccc(SCc2ccc3ccccc3n2)c1)C(F)(F)F,CHEMBL17533
DEC_1965,decoy,O=S(=O)(NS(=O)(=O)N1CCc2cc(Cl)c(Cl)c(Cl)c2C1)N1CCc2cc(Cl)c(Cl)c(Cl)c2C1,CHEMBL22045
DEC_3174,decoy,Cc1ccc(OC(C)(C)[C@H]2OC[C@@H](C/C=C\CCC(=O)O)[C@@H](c3cncn3C)O2)c([N+](=O)[O-])c1,CHEMBL278714
DEC_1631,decoy,CN(CCCCCc1ccccc1)CCc1ccccc1,CHEMBL19544
DEC_2975,decoy,CC(=O)OCc1cc(C)cc(-c2c(O)nc3cc(Cl)c([N+](=O)[O-])cc3c2OCCC2CCCCN2)c1,CHEMBL49162
DEC_0584,decoy,O=C1NC(=O)C(CC#Cc2ccc(Cl)cc2)(Sc2ccc3ccccc3n2)S1,CHEMBL273223
DEC_0642,decoy,O=C1NC(=O)C(CC#Cc2ccccc2)(S(=O)(=O)c2ccc(Cl)cc2)S1,CHEMBL12087
DEC_2202,decoy,Oc1ccc(-c2ccc(-c3c(Cc4ccc(O)cc4O)sc4ccccc34)cc2)cc1,CHEMBL24032
DEC_0664,decoy,O=C(C[C@H]1S[C@H](c2ccncc2)N(CC(=O)NCCCN2CCOCC2)C1=O)NCc1cccc2ccccc12,CHEMBL44262
DEC_0733,decoy,CCCCc1nc2c(C(F)(F)F)cccc2c(O)c1C(=O)Nc1nccs1,CHEMBL34898
DEC_3151,decoy,CN1CCC23c4c5ccc(O)c4OC2[C@H](O)[C@](CO)(CCCCCCc2ccccc2)CC3C1C5,CHEMBL275452
DEC_2613,decoy,COCCOCc1ccc2ccccc2c1/C=C(C)/C=C/C(O)=C1\C(=O)CN(C)C1=O,CHEMBL11186
DEC_3562,decoy,O=C(O)COc1ccc(-c2nsc3ccccc23)c(Cl)c1Cl,CHEMBL25468
DEC_1698,decoy,COc1cc2c(c(OC)c1OC)-c1ccc(SC)c(=O)cc1C(NC(=O)N(CCCl)N=O)CC2,CHEMBL285684
DEC_2937,decoy,CC(C)c1cccc(C(C)C)c1NC(=O)NC(C)(Cc1c[nH]c2ccccc12)C(=O)N[C@@H]1COC(C)(C)OC1c1ccccc1,CHEMBL406037
DEC_1202,decoy,CCC(C)(C)/N=c1\c(O)c(O)\c1=N/Cc1ccc(SC)cc1,CHEMBL19720
DEC_0520,decoy,CCN1C(=O)c2c(ncn2Cc2ccc(O)c(Br)c2)N2C1=N[C@@H]1CCC[C@@H]12,CHEMBL283242
DEC_3609,decoy,COc1ccc2c3c1OC1[C@H](O)[C@](CO)(CCCCCc4ccccc4)CC4C(C2)N(C)CCC341,CHEMBL9769
DEC_2934,decoy,Cc1ccc(F)cc1C(=O)Nc1ccc(C(=O)N2CCC3(C=C(C(=O)NCCN4CCCCC4)CC3)Cc3ccccc32)cc1,CHEMBL104839
DEC_4101,decoy,CC(c1cc[n+]([O-])cc1)C(c1ccc(C(O)(C(F)(F)F)C(F)(F)F)cc1)c1ccc(OC(F)F)c(OC(F)F)c1,CHEMBL102784
DEC_0468,decoy,CC(C)C/N=C(/NC(N)=O)Nc1cccc(/C(=C\CCCC(=O)O)c2cccnc2)c1,CHEMBL22363
DEC_1194,decoy,CC(=O)NC1=C(C)C(=O)c2c(nc3n2CCC3OC(=O)CCl)C1=N,CHEMBL17596
DEC_2799,decoy,COc1cc(O)c2c(c1C)C(=O)OCCC/C(S)=N/[C@H](c1nc(C)no1)CSC2,CHEMBL417689
DEC_3627,decoy,Cc1cc(C)cc(NC(=O)Cc2ccc(OC3(C(=O)N4CCC[C@H]4C(=O)O)CCCC3)cc2)c1,CHEMBL18567
DEC_0300,decoy,O=C(O)C1CC2CC(c3ccc(-c4nn[nH]n4)cc3)CCC2CN1,CHEMBL16303
DEC_0573,decoy,CCCc1cc(SC)cc(=O)n1Cc1ccc(-c2ccccc2-c2nn[nH]n2)cc1,CHEMBL23656
DEC_3866,decoy,CCc1nc2c(C)cc(C)nc2n1Cc1ccc(-c2ccccc2C2Nc3cc(Cl)c(S(N)(=O)=O)cc3S(=O)(=O)N2)cc1,CHEMBL344388
DEC_3643,decoy,CCNCc1cc(Nc2cc(C(F)(F)F)nc(/N=C(\N)Nc3ccc(Cl)cc3)n2)ccc1OC,CHEMBL22348
DEC_2352,decoy,O=C(O)CC(=O)N1CCC2(CCC(C(=O)N3CCC(C4CCNCC4)CC3)CC2)CC1,CHEMBL24639
DEC_0020,decoy,CC(C)C1=CC2CC3(C=O)[C@@H]4CC[C@@H](C)[C@H]4CC2(CO[C@H]2C[C@@H]4OC(=S)O[C@@H]4[C@@H](C)O2)C13C(=O)O,CHEMBL283974
DEC_0918,decoy,O=C(NCCCOP(=O)(O)O[C@@H]1[C@H](O)[C@H](O)[C@@H](OP(=O)(O)O)[C@H](OP(=O)(O)O)[C@H]1O)c1cccc2ccccc12,CHEMBL169923
DEC_0676,decoy,CC(C)c1nc2c(c(C3CC3)nn2-c2ccccc2)c(-c2ccc(F)cc2)c1/C=C/[C@@H](O)C[C@@H](O)CC(=O)[O-].[Na+],CHEMBL431303
DEC_0706,decoy,COc1ccc2[nH]c3c(C)c4ccnc(NCCCn5ccnc5)c4cc3c2c1,CHEMBL19812
DEC_2364,decoy,O=C1[C@@H](NS(=O)(=O)c2cc3nc(Cl)ccc3s2)CCN1Cc1cc2[nH]cccc-2n1,CHEMBL8046
DEC_3657,decoy,CCCCc1nc(Cl)c(C(=O)N[C@H](C)C(=O)O)n1Cc1ccc2oc(-c3ccccc3-c3nn[nH]n3)c(Br)c2c1,CHEMBL62327
DEC_2244,decoy,CCC(c1ccc(O)c(Br)c1)C(CC)c1ccc(O)c(Br)c1,CHEMBL6485
DEC_4230,decoy,CCNCC1CCN(c2c(F)cc3c(=O)c(C(=O)O)cn(C4(C)CC4)c3c2F)C1,CHEMBL6276
DEC_2418,decoy,CC(=O)OCC1=C(C(=O)OC(C)(C)C)N2C(=O)[C@@H](Nc3nc4cc[nH]cc-4n3)C2SC1,CHEMBL13672
DEC_1716,decoy,CCCCc1nc2ccc(C3=NN4CCCC4C3)cc2c(=O)n1Cc1ccc(-c2ccccc2-c2nn[nH]n2)cc1,CHEMBL299391
DEC_0983,decoy,CC(C)(C)c1ccc(/C=C2\CS(=O)(=O)CC3C2=NN(CC2CC2)C3c2ccc(C(C)(C)C)cc2)cc1,CHEMBL284499
DEC_0494,decoy,CC(=O)OC[C@]1(C)CCC[C@@]2(C)C1[C@H](O)CC1C[C@H](OC(C)=O)[C@@]3(C)CC[C@]12C3,CHEMBL9029
DEC_3706,decoy,Cc1ccc(C2(Cn3ccnc3)OCC(c3ccc(Br)cc3)O2)cc1,CHEMBL29578
DEC_1582,decoy,COC(=O)c1c(C(F)(F)F)[nH]c2c1[C@@]13C[C@@H]1CN(C(=O)c1cc4cc(OC)ccc4[nH]1)C3=CC2=O,CHEMBL35948
DEC_0795,decoy,CC12CC3(C)CC(C)(C1)CC(NC(=O)N(CCCl)N=O)(C2)C3,CHEMBL11985
DEC_2996,decoy,C=C(C)CCN(C1=NCCN1)c1c(Br)cccc1Br,CHEMBL20490
DEC_2265,decoy,O=C1[C@@H](NS(=O)(=O)c2cc3c(Cl)nccc3s2)CCN1Cc1cc2[nH]cccc-2n1,CHEMBL7947
DEC_1270,decoy,CCOCC(=O)N[C@H]1CCc2cc(OC)c(OC)c(OC)c2-c2ccc(SC)c(=O)cc21,CHEMBL277703
DEC_0240,decoy,Cc1cc(C)cc(-c2[nH]c3ccccc3c2CCNCCCCc2ccc(O)cc2)c1,CHEMBL10931
DEC_0631,decoy,CC1CC/C(=N\Nc2cccc(I)c2)c2ncc(C(=O)O)c(=O)n21,CHEMBL274976
DEC_4263,decoy,O=C1/C(=C\c2ccncc2)C(c2ccc(Cl)cc2)Cn2cccc21,CHEMBL9165
DEC_0803,decoy,Cc1ccc(Sc2cncc3sc(C(=N)S)cc23)cc1,CHEMBL266429
DEC_3112,decoy,O=C(O)c1c(-c2ccc3c(c2)OCO3)c2cc3c(cc2n1Cc1ccc2c(c1)OCO2)OCO3,CHEMBL273529
DEC_3052,decoy,I.NC1=NC2CCCCCCCCCCC2S1,CHEMBL290160
DEC_2427,decoy,CCCCc1c(O)n(Cc2ccc(Cl)cc2)c2nc3c(c(=O)n(C)c(=O)n3C)n2c1=O,CHEMBL269226
DEC_1437,decoy,C[C@@H](N)Cc1c2c(c(Br)c3c1OCC3)OCC2.Cl,CHEMBL6710
DEC_3266,decoy,COC(=O)[C@@H](C)NC(=O)[C@@H]1Cc2c([nH]c3ccccc23)[C@@H](c2cc(OC)c(O)c(OC)c2)N1,CHEMBL25331
DEC_0690,decoy,CCN(CC)C(=N)NCCC[C@H](C(=O)O)N(Cc1ccc2c(c1)OCO2)S(=O)(=O)c1ccc(OC)cc1,CHEMBL277910
DEC_2883,decoy,Cc1nnc2n1-c1sc(C#CCn3c(=O)c4ccccc4c4ccccc43)cc1C(c1ccccc1Cl)=NC2,CHEMBL277650
DEC_3586,decoy,N=c1sc2ccccc2n1CCN1CCC(c2ccc(F)cc2)CC1,CHEMBL405225
DEC_1495,decoy,CN(C)P1(N(C)C)=NP(N(C)C)(N(C)C)=NP(N(C)C)(N2CC2)=N1,CHEMBL28369
DEC_1972,decoy,O=C(Nc1cccc(-c2nn[nH]n2)c1)NC1N=C(c2ccccc2F)c2ccccc2N(CC(=O)N2CC3CCC(CC3)C2)C1=O,CHEMBL432266
DEC_1571,decoy,O=C(NCCCOc1ccc2nc(O)ccc2c1)N(C1CCCCCCC1)[C@H]1CCCC[C@@H]1O,CHEMBL35187
DEC_2907,decoy,CCCN1C(=O)C(NC(=O)Nc2ccc(N3CCC(c4ccncc4)CC3)cc2)N=C(CCc2ccccc2)c2ccccc21,CHEMBL50208
DEC_1203,decoy,CC1CCC(/C=N/c2cccnc2)=C2NC=C(C(=O)O)C(=O)N21,CHEMBL22917
DEC_2407,decoy,CC(/C=C/C(O)=C1\C(=O)CNC1=O)=C\[C@@H](C)C1OC2(C)OC(C(=O)[C@@H]3O[C@@]32C)C1C,CHEMBL10433
DEC_0964,decoy,Oc1ccc(C(CC(F)(F)F)C(CC(F)(F)F)c2ccc(O)cc2)cc1,CHEMBL27615
DEC_0907,decoy,C#CCN(Cc1ccc2nc(N)nc(O)c2c1)c1ccc(C(=O)NC(CCC(=O)NC(CCC(=O)O)C(=O)O)C(=O)O)cc1,CHEMBL295681
DEC_3570,decoy,Cc1cc(C)cc(-c2[nH]c3ccccc3c2CCNCc2ccncc2)c1,CHEMBL11134
DEC_0144,decoy,O=C(O)Cc1ccccc1CCC1C2CCC(O2)C1c1nc(C(=O)NCCCCC2CCCCC2)co1,CHEMBL283505
DEC_0710,decoy,C/C(=N\N=C(/S)Nc1c(N)c2ccccc2c2ccccc12)c1ccccn1,CHEMBL30390
DEC_2723,decoy,O=C(O)CCC[C@H](NC(=O)Nc1cc(F)c(N(CCI)CCI)c(F)c1)C(=O)O,CHEMBL91614
DEC_4133,decoy,CCCCc1nc2ccc([C@@H]3C[C@H]4CCCCN4O3)cc2c(=O)n1Cc1ccc(-c2ccccc2-c2nn[nH]n2)cc1,CHEMBL295695
DEC_2931,decoy,Cc1cc(C)cc(C(=O)N(C)[C@H](Cc2ccc(-c3cccs3)cc2)C(=O)N[C@@H](Cc2c[nH]c3ccccc23)C(=O)O)c1,CHEMBL307470
DEC_0682,decoy,O=C([C@@H](NS(=O)(=O)c1cnccc1N[C@H](CO)Cc1ccccc1)c1ccccn1)N1CCC(CCF)CC1,CHEMBL416528
DEC_1963,decoy,COC(=O)c1c(C(F)(F)F)[nH]c2c(O)cc3c(c12)[C@H](CCl)CN3C(=O)c1cc2cc(OC)c(OC)c(OC)c2[nH]1,CHEMBL286568
DEC_3287,decoy,CCc1cn([C@@H]2O[C@H](CNC(=O)C3c4ccccc4Sc4ccccc43)[C@@H](O)[C@@H]2F)c(=O)[nH]c1=O,CHEMBL45424
DEC_2028,decoy,O=C(O)CCc1ccccc1CC1C2CCC(O2)C1c1nc(C(=O)NCCCCc2ccc(Cl)cc2)co1,CHEMBL30615
DEC_4286,decoy,Oc1ccc2c(c1)[C@@]13CCCC[C@@]1(O)[C@@H](C2)N(CC1CCC1)CC3,CHEMBL33986
DEC_1284,decoy,Cn1cncc1C(OCc1ccc(C#N)cc1-c1ccc2c(c1)OCO2)c1ccc(C#N)nc1,CHEMBL288449
DEC_0320,decoy,OC(c1ccc(F)cc1)C(O)(Cn1cncn1)c1ccc(F)cc1,CHEMBL10691
DEC_4028,decoy,Cc1ccc(S(=O)(=O)Nc2cccc(-c3nccc4nc(N)nn34)c2)cc1,CHEMBL20507
DEC_3164,decoy,CCCCc1nn(C(C)C)c(C(=O)O)c1Cc1ccc(-c2ccccc2-c2nn[nH]n2)cc1,CHEMBL21946
DEC_0152,decoy,O=C(O)CCCC/C=C(\c1cccnc1)c1cccc(C2=N[C@@H](C(=O)NCCCCC3CCCCC3)CO2)c1,CHEMBL294850
DEC_3678,decoy,O=S(=O)(Nc1ccc(CCNC[C@H](O)c2cccnc2)cc1)c1ccc(-c2nc(Cc3ccc4ccccc4c3)cs2)cc1,CHEMBL418308
DEC_2732,decoy,CCOC(=O)/C=C/[C@H](C[C@@H]1CCCNC1=O)NC(=O)[C@H](Cc1ccc(F)cc1)NC(=O)[C@@H](NC(=O)c1cc(C)on1)C(C)C,CHEMBL20260
DEC_2133,decoy,CCCCc1ccc2c(n1)[C@@H](c1ccc(OC)cc1C[C@H](C)C(=O)O)[C@H](C(=O)O)[C@H]2c1ccc2c(c1)OCO2,CHEMBL305576
DEC_4208,decoy,N[C@@H]1C[C@@H](NC(=O)c2ccc(O)cc2)[C@H](OC(=O)c2cc(O)c(C(=O)c3c(O)cccc3C(=O)O)c(O)c2)C1,CHEMBL432168
DEC_2826,decoy,CC(=N)N1CCC(Oc2ccc(NC/C=C/c3cccc(C(=N)N)c3)cc2[N+](=O)[O-])CC1,CHEMBL24630
DEC_3548,decoy,COc1cccc2c1CCC[C@H]2CN(C)CCc1ccc2cccnc2c1,CHEMBL9938
DEC_2762,decoy,COc1cc2c(cc1OC)[C@H]1[C@H](O)c3ccc4c(c3O[C@@H]1CO2)Cc1cc(C(C)C)oc1C4,CHEMBL40658
DEC_1779,decoy,CNc1nc(Cl)c(Cl)c(N2CCN(C)CC2)n1,CHEMBL288330
DEC_0760,decoy,CN(CCc1ccc2c(c1)OCO2)C[C@@H]1CC[C@@H]2CCOc3cccc1c32,CHEMBL9612
DEC_0691,decoy,CCNC(=O)COc1ccc(Cl)cc1CNC(=O)Cn1c(C)ccc(NS(=O)(=O)Cc2ccccc2)c1=O,CHEMBL296737
DEC_1562,decoy,CNc1cc2c(c3ccccc13)C(CCl)CN2C(=O)c1cc2cc(OC)c(OC)c(OC)c2[nH]1,CHEMBL288377
DEC_0536,decoy,Cn1cnc2c(N(C(N)=O)c3c(F)cccc3F)nc(-c3ccccc3F)nc21,CHEMBL279311
DEC_1882,decoy,COc1cccc2c1CC[C@H]1CN(CCn3c(=O)[nH]c4c(sc5ccc(C#N)cc54)c3=O)C[C@@H]21,CHEMBL41155
DEC_2566,decoy,CCCCN1CCC[C@H]1CNC(=O)c1cc(SC)cc2c1OCCN2C,CHEMBL21971
DEC_0940,decoy,C=CCC1Oc2c(C)ccc(OC)c2-c2ccc3c(c21)C(C)=CC(C)(C)N3,CHEMBL7655
DEC_1893,decoy,OC1=C2C(=Nc3c(Br)cnn3C2c2ccc(F)c(Br)c2)CCC1,CHEMBL37959
DEC_2250,decoy,CCOC(=O)c1ccc(N/C(S)=N/c2cccc3c2OC(C)(C)CC3(C)C)cc1,CHEMBL7543
DEC_4085,decoy,O=C1NC(=O)C(CC#Cc2ccc(C(F)(F)F)cc2)(S(=O)(=O)c2ccccc2)S1,CHEMBL11940
DEC_1387,decoy,FC(F)(F)c1cccc2c1N[C@H](c1c[nH]c3ccc(Br)cc13)[C@@H]1CCO[C@H]21,CHEMBL24970
DEC_2100,decoy,OC1CCCCC1N1CCC(C2CCCCC2)CC1,CHEMBL21309
DEC_0129,decoy,O=C1C[C@@H](c2ccc(O)cc2)Oc2c1c(O)cc1oc3cc(O)c(O)cc3c21,CHEMBL9464
DEC_2032,decoy,CCCCc1nc(SC)c(C(=O)O)n1Cc1ccc(-c2ccccc2S(=O)(=O)/N=C(/S)NCCC)cc1,CHEMBL441990
DEC_1873,decoy,COc1cccc2c1CCC1CN(CCCCn3c(=O)[nH]c4c(sc5ccccc54)c3=O)CC21,CHEMBL289758
DEC_0415,decoy,CC(C)(C)COc1cc(C(C)(C)C)ccc1C/N=C(\S)NCc1ccc(NS(C)(=O)=O)c(F)c1,CHEMBL43723
DEC_1499,decoy,CO[C@]1(c2cnc(S(=O)(=O)c3ccc(/C(C)=N/O)cc3)s2)CCO[C@@H](C)C1,CHEMBL26882
DEC_0980,decoy,Cc1ccc(Oc2cc(C(F)(F)F)cc(C(F)(F)F)c2)c(CC(=O)O)c1,CHEMBL288094
DEC_2405,decoy,CCc1c2c(nc3cnc(C#CCN)cc13)-c1cc3c(c(=O)n1C2)COC(=O)[C@]3(O)CC,CHEMBL268978
DEC_3347,decoy,COc1c(C(=O)NC2CCN(C3C4CCCC3CCC4)CC2)cc(Br)c2ccccc12,CHEMBL53401
DEC_3294,decoy,Cc1c(S(=O)(=O)N[C@H]2CCN(Cc3cc4c[nH]ccc-4n3)C2=O)sc2ccc(Cl)cc12,CHEMBL8581
DEC_0327,decoy,CC(C)(/N=c1\c(O)c(O)\c1=N/c1ccc(C#N)cc1)c1ccccc1,CHEMBL18829
DEC_0616,decoy,C[C@@H]1CN(C(=O)N2Cc3c(C(=O)OC(C)(C)C)ncn3-c3ccc(Cl)cc32)CCN1,CHEMBL14891
DEC_2812,decoy,CC(C)(C)/N=C(\NC#N)Nc1cccc(/C(=N\OCCCCC(=O)O)c2cccnc2)c1,CHEMBL22023
DEC_1608,decoy,c1ccc(CCCCCNCCc2ccccc2)cc1,CHEMBL19355
DEC_1336,decoy,COc1ccc2c3c1OC1[C@@H](O)[C@](C)(CCCCc4ccccc4)CC4C(C2)N(CC2CC2)CCC341,CHEMBL9678
DEC_2578,decoy,CCn1cc(C(=O)O)c(=O)c2c(F)c(F)c(N3CCSCC3)c(F)c21,CHEMBL282930
ACT_037,active,O=C(NC1CCCCC1)c1c[nH]c2ccc(S(=O)(=O)Nc3ccc(C(F)(F)F)cc3)cc2c1=O,CHEMBL3236220
DEC_1144,decoy,Cc1ccc(S(=O)(=O)C2(CC#Cc3cc(C(F)(F)F)cc(C(F)(F)F)c3)SC(=O)NC2=O)cc1,CHEMBL268487
DEC_0054,decoy,NCCCCC(N)C(=O)NCC1CCC(CNCCCN2CCN(CCCNCC3CCCCC3)CC2)CC1,CHEMBL290638
DEC_2124,decoy,COc1ccc(S(=O)(=O)C(CCCCc2ccc3c(c2)OCO3)CC(=O)NO)cc1OC1CCCC1,CHEMBL295653
DEC_0273,decoy,c1ccc(-c2ccc(CNCCCCNCc3ccc(-c4ccccc4)cc3)cc2)cc1,CHEMBL23772
DEC_1660,decoy,CCC[C@@H]1CCc2cc3c(C(F)(F)F)cc(O)nc3cc2N1,CHEMBL268569
DEC_2923,decoy,COc1ccc(N(C(=O)CN2C(=O)C(NC(=O)Nc3ccccc3)N=C(C3CCCCC3)c3ccccc32)C(C)C)cc1,CHEMBL15749
DEC_3734,decoy,Clc1ccccc1C1COC(Cn2ccnc2)(c2ccc(Br)cc2)O1,CHEMBL417664
DEC_3892,decoy,CC(C)C[C@@H]1OC(=O)C(C)(C)CNC(=O)[C@@H](CC2CCCCC2)NC(=O)/C=C/C[C@@H]([C@H](C)[C@H]2O[C@@H]2c2ccccc2)OC1=O,CHEMBL432373
ACT_046,active,CC1=CC2Cc3nc4cc(Cl)ccc4c(NCCCCCCCCCCNc4c5c(nc6ccccc46)CCCC5)c3C(C1)C2,CHEMBL3216554
DEC_0755,decoy,COc1ccc(C23OCC24C2COC(c5cc(OC)c(OC)cc53)C24)cc1OC,CHEMBL18378
DEC_2786,decoy,CC1(C)Oc2ccc(C#N)cc2[C@@H](N(Cc2ncc[nH]2)c2ccc(Cl)cc2)[C@@H]1O,CHEMBL11859
DEC_0955,decoy,O=Cc1nc(-c2cc(Cl)cc(Cl)c2)c(-c2cc(Cl)cc(Cl)c2)[nH]1,CHEMBL8084
DEC_3947,decoy,N#Cc1cc(-c2ccc(F)cc2)n(-c2ccc(S(N)(=O)=O)cc2)n1,CHEMBL29136
DEC_1279,decoy,CCSc1ccc2c(cc1=O)C(NC(=O)OC)CCc1cc(OC)c(OC)c(OC)c1-2,CHEMBL35704
DEC_4023,decoy,C=CCc1c(O)n(Cc2ccc(F)cc2)c2nc3c(n2c1=O)C(=O)N(C)CN3C,CHEMBL276577
DEC_0162,decoy,Cc1cc(C)n(CCCCCSc2nc(-c3ccc(N(C)C)cc3)c(-c3ccc(N(C)C)cc3)[nH]2)n1,CHEMBL51062
DEC_2558,decoy,CCCCN1CCC[C@@H]1CNC(=O)c1cc(Cl)cc2c1OCCN2C,CHEMBL279729
DEC_0655,decoy,COC(=O)C[C@@H](c1ccc(OC)nc1)N(C)C(=O)CCCCc1nc2c(cc1NS(C)(=O)=O)CCCN2,CHEMBL9550
DEC_4009,decoy,CN1CCN(c2cc3c(cc2F)c(=O)c(C(=O)O)c2n3CCS2)CC1,CHEMBL28682
DEC_4151,decoy,CC(C)C1=CC2CC3(C=O)[C@@H]4CC[C@@H](C)[C@H]4CC2(CO[C@H]2CN(C/C=C\Cl)[C@H](C)CO2)[C@]13C(=O)O,CHEMBL34686
DEC_1330,decoy,COc1ccc(CC(=O)NC(C)C2CCC3C4CC=C5CC(O)CCC5(C)C4CCC23C)cc1,CHEMBL8546
DEC_0530,decoy,Cc1cccc2c1N(C(=O)N1C[C@@H](C)N[C@@H](C)C1)Cc1c(C(=O)OC(C)(C)C)ncn1-2,CHEMBL15294
DEC_2001,decoy,C=C/C=C\[C@H](C)[C@H](OC(N)=O)[C@@H](C)[C@H](O)[C@@H](C)C/C(C)=C\[C@H](C)[C@@H](O)[C@@H](C)/C=C\CCc1ccc(C)c(F)c1,CHEMBL74703
DEC_1515,decoy,O=C1C2CCCCN2C(=O)N1CN1CCN(c2cccc3c2COC=CO3)CC1,CHEMBL34288
DEC_2815,decoy,CCn1cnc2c(Nc3cccc(Cl)c3)nc(NC3CCC(O)CC3N)nc21,CHEMBL26446
DEC_0633,decoy,O=c1cnn(-c2cc(Cl)c(S(=O)(=O)c3ccc(Cl)cc3)c(Cl)c2)c(=O)[nH]1,CHEMBL27091
ACT_079,active,CCCC[C@@H](O)/C=C/C=C/C(=O)O,CHEMBL3586207
DEC_1974,decoy,COc1ccc(C[C@H]2NC(=O)/C=C/C[C@@H]([C@H](C)[C@H]3O[C@@H]3c3ccccc3)OC(=O)[C@H](C(C)(C)C)OC(=O)CCNC2=O)cc1,CHEMBL313997
DEC_0850,decoy,C=C1/C(=C\C=C2/CCC[C@]3(C)C([C@H](C)C[C@H](O)CC(O)(C(F)(F)F)C(F)(F)F)CC[C@@H]23)C[C@@H](O)C[C@@H]1O,CHEMBL416767
DEC_1502,decoy,Cc1cc(C)c2c(c1)COP(=O)(OCC1C=CC(n3cc(C)c(=O)[nH]c3=O)O1)O2,CHEMBL31131
DEC_2745,decoy,CC(C)[C@H](NC(=O)C(=O)NC12CC3CC(CC(C3)C1)C2)C(=O)N[C@@H](CC(=O)O)C(=O)COc1c(F)c(F)cc(F)c1F,CHEMBL327683
DEC_1668,decoy,CNCCSC1=Cc2ccccc2Sc2ccc(O)cc21,CHEMBL15668
DEC_0623,decoy,C[C@@H]1CN(C(=O)N2Cc3c(C(=O)OC(C)(C)C)ncn3-c3cccc(Cl)c32)C[C@H](C)N1,CHEMBL275622
DEC_3251,decoy,CC[C@@]1(O)C(=O)OCc2c1cc1n(c2=O)Cc2cc3c(CSCCN(C)C)c(O)ccc3nc2-1,CHEMBL267815
ACT_031,active,NC1=N[C@](c2ccc(OC(F)F)cc2)(c2cccc(OCCCF)c2)C2=NCC(F)(F)CN12,CHEMBL1957483
DEC_2576,decoy,O=C(O)CCCCCC(=O)N1CCC2(CC1)CCN(c1ccncc1)CC2,CHEMBL277885
DEC_1448,decoy,CN(Cc1coc2nc(N)nc(N)c12)c1cc(Cl)c(Cl)c(Cl)c1,CHEMBL278110
DEC_3574,decoy,O=C(O)COc1cccc2c1CCC(C/C=C/CCc1ccccc1)C2,CHEMBL275493
DEC_0699,decoy,CNc1cc(NC(=O)OC)ccc1NC1=C2C=CCC(C)(C)C2=NC2C1=CC=CC2(C)C,CHEMBL41259
DEC_0071,decoy,COc1ccc(C[C@H](NC(=O)[C@H](CC(=O)O)NC(=O)CCCCOc2ccc(C(=N)N)cc2)C(=O)O)cc1,CHEMBL33538
DEC_3987,decoy,CCOc1ccc2c(c1)[C@@H](c1ccc(OC)c(OC)c1OCC(=O)O)N(CC(=O)O)[C@@H]2c1ccc2c(c1)OCO2,CHEMBL47868
DEC_2899,decoy,CNC(=O)c1ccc(/C=C/C(=O)NCC(=O)N(C)c2ccc(Cl)c(COc3cccc4c(C)c(C)oc34)c2Cl)cc1,CHEMBL41446
DEC_4203,decoy,CC(C)(C)NC(=O)CCC(NC(=O)c1ccc(NCc2cnc3nc(N)nc(N)c3n2)cc1)C(=O)O,CHEMBL44697
DEC_4284,decoy,COc1cc2c(cc1OC)C(C)=[N+]([O-])C(c1ccc3c(c1)OCO3)N2,CHEMBL29616
DEC_1858,decoy,COc1cccc2c1CC[C@H]1CN(CCn3c(=O)[nH]c4c(sc5cccc(Cl)c54)c3=O)C[C@@H]21,CHEMBL291154
DEC_2413,decoy,CC(=O)OCC1CC(n2cc(I)c(=O)[nH]c2=O)CC1OC(C)=O,CHEMBL416807
DEC_3509,decoy,CO/N=C(\C)c1ccc(Sc2cc(F)cc([C@@]3(OC)CCO[C@@H](C)C3)c2)cc1,CHEMBL278364
DEC_2169,decoy,OC(c1ccc(F)cc1)C(O)(Cn1cncn1)c1ccc(Cl)cc1,CHEMBL10446
DEC_2879,decoy,Cc1nnc2n1-c1sc(C#CCN3C(=O)c4cccc5cccc(c45)C3=O)cc1C(c1ccccc1Cl)=NC2,CHEMBL280401
DEC_0023,decoy,CSc1nnc([C@@H]2C[C@@H](S)CN2S(=O)(=O)c2ccc3ccccc3c2)n1-c1ccccc1,CHEMBL295909
DEC_2972,decoy,CCO/C(O)=C1\C(COCC(C)(O)Cn2cncn2)=NC(C)=C(C(=O)OC)C1c1cccc(Cl)c1Cl,CHEMBL419840
DEC_3479,decoy,COc1ccc(C2(O)OC(=O)C(c3ccc4c(c3)OCO4)=C2Cc2cccc3ccccc23)cc1,CHEMBL269409
DEC_3942,decoy,CC1CCN(c2ccc3c(c2Cl)CN2CC(=O)NC2=N3)CC1,CHEMBL32456
DEC_1795,decoy,CCN(CC)CC#CCCC1(C2(O)c3ccccc3Oc3ccccc32)SCCCS1,CHEMBL40408
DEC_4246,decoy,CCN1CCN(c2cc3c(cc2F)c(=O)c(C(=O)O)cn3C2CCC2)CC1,CHEMBL15148
DEC_2160,decoy,C[C@@H]1[C@@H](N)CN1c1c(F)cc2c(=O)c(C(=O)O)cn3c2c1OC[C@@H]3C,CHEMBL416367
DEC_4078,decoy,Cc1nnc2n1-c1ccc(C#CCN3C(=O)c4ccccc4C3=O)cc1C(c1ccccc1F)OC2,CHEMBL282666
DEC_1888,decoy,C=CCC1Oc2ccc(Br)c(OC)c2-c2ccc3c(c21)C(C)=CC(C)(C)N3,CHEMBL8027
DEC_0630,decoy,C[C@H]1CN(C(=O)N2Cc3c(C(=O)OC(C)(C)C)ncn3-c3ccc(Cl)cc32)C[C@H](C)N1,CHEMBL430324
DEC_0151,decoy,CCN(CC)C(=O)C(C)(C)c1ccc2[nH]c(-c3cc(C)cc(C)c3)c(CCNCCCCc3cccnc3)c2c1,CHEMBL296426
DEC_2363,decoy,CC(C)CCn1c(=O)c2nc(-c3ccc(S(=O)(=O)O)cc3)[nH]c2n(CC(C)C)c1=O,CHEMBL279688
DEC_3272,decoy,CC(C)(N)C(=O)NC1CC2CCC1(CS(=O)(=O)N1CCC3(CCc4ccccc43)CC1)C2(C)C,CHEMBL422572
DEC_1301,decoy,CC(C)(C)C(=O)c1ccc(C(=O)O/C(=N\OCCO)c2ccc(C(=O)C(C)(C)C)cc2)cc1,CHEMBL296795
DEC_2681,decoy,Oc1cc(NC[C@H]2OCC[C@@H]2NCc2ccc(Cl)c(Cl)c2)nc2ccccc12,CHEMBL25323
DEC_3857,decoy,C1CCC(NC2CCCCC2)CC1.NS(=O)(=O)c1cc(S(=O)(=O)O)c(NCc2ccco2)cc1Oc1ccccc1,CHEMBL17950
DEC_4053,decoy,CCCN1CC[C@@H](N2CC(=O)N3[C@H](c4ccc5c(c4)OCO5)c4[nH]c5ccccc5c4C[C@@H]3C2=O)C1,CHEMBL284258
DEC_3439,decoy,CN1CCN(CCCNc2ncc3cc(-c4c(Cl)cccc4Cl)c(NC(=O)Nc4ccccc4)nc3n2)CC1,CHEMBL418111
DEC_4091,decoy,O=C(O)CN1C(=O)c2cc(Cl)ccc2N(Cc2ccc(Br)cc2F)[S+]1[O-],CHEMBL35263
DEC_0965,decoy,C=CCC1Oc2cccc(OCC)c2-c2ccc3c(c21)C(C)=CC(C)(C)N3,CHEMBL8026
DEC_1610,decoy,C[C@H](Cc1ccccc1)NCCCCCc1ccccc1,CHEMBL280160
DEC_2152,decoy,OC[C@@H]1C[C@@H]2CN3CCc4cc5c(cc4[C@@H]3C[C@@H]2C[C@@H]1O)OCO5,CHEMBL30114
DEC_3591,decoy,Cc1ccc(Oc2cc(C)c(Cl)cc2C(C)C)c(CC(=O)O)c1,CHEMBL286719
DEC_1397,decoy,O=C1Cc2c(-c3ccc(Br)cc3)cc(-c3ccccc3)nc2-c2ccccc2N1,CHEMBL277262
DEC_1508,decoy,CN[C@H]1CCc2cc(OC)c(OC)c(OC)c2-c2ccc(SC)c(=O)cc21,CHEMBL19531
DEC_2555,decoy,CC(C)n1cc(C(=O)O)c(=O)c2c(F)c(F)c(N3CCN(C)CC3)c(F)c21,CHEMBL25531
DEC_0762,decoy,COC1=CC(=O)C[C@@H](C)[C@]12Oc1c(Cl)c(OC)cc(OC)c1C2=O,CHEMBL562
DEC_2322,decoy,CC(C)([C@H]1CCN[C@@H](C(=O)O)C1)P(=O)(O)O,CHEMBL29465
DEC_0634,decoy,O=C1C(Cl)=C(Nc2ccc(I)cc2)C(=O)c2ncccc21,CHEMBL11433
DEC_1535,decoy,COc1ccc(C#CCC2(S(=O)(=O)c3ccc(C)cc3)SC(=O)NC2=O)cc1,CHEMBL275099
DEC_1618,decoy,CCNC(=O)/C=C(C)/C=C/CC(C)CCC=C(C)C,CHEMBL34487
DEC_1357,decoy,CC(C)(C)C1=CC(=C/C=C/c2cc(C(C)(C)C)[s+]c(C(C)(C)C)c2)C=C(C(C)(C)C)O1.[Cl-],CHEMBL13129
DEC_0914,decoy,N=C(N)N1CCC[C@H](NC(=O)CNC(=O)[C@@H](CCNC(=O)c2ccc3ccccc3n2)NS(=O)(=O)Cc2ccccc2)C1O,CHEMBL117716
DEC_2208,decoy,O=C(N[C@H](CC1CCCCC1)C(=O)O)c1ccc(Cl)c(-c2ccc(Cl)cc2)c1,CHEMBL30324
DEC_3567,decoy,CN(C)c1cccc2c(S(=O)(=O)Nc3ccc(Cl)cc3)cccc12,CHEMBL6778
DEC_2218,decoy,CC(C)c1cc(Oc2c(Br)cc(CCC(=O)O)cc2Br)ccc1O,CHEMBL289343
DEC_2109,decoy,CCCc1nc(CC)c(C(=O)NC)n1Cc1ccc(-c2ccccc2S(=O)(=O)Nc2onc(C)c2C)c(C)c1,CHEMBL266628
DEC_4244,decoy,O=C(CCc1ccc(I)cc1)OCCCc1c[nH]cn1,CHEMBL423473
DEC_3765,decoy,O=S1(=O)c2cccc3cccc(c23)N1CCN1CC=C(c2c[nH]c3ccccc23)CC1,CHEMBL274517
DEC_3538,decoy,CCS(=O)(=O)N(C)c1ccc2ccc(OCc3ccc4ccccc4n3)cc2c1,CHEMBL273551
DEC_0742,decoy,CC(C)c1ccc(C(c2ccc(N)cc2)c2ccc(C(C)C)cc(=O)c2O)c(O)c(=O)c1,CHEMBL279126
ACT_062,active,CCc1cn2c3c(cc(C(=O)N[C@H](CN[C@H](C(=O)NCC(C)C)[C@H](C)O)Cc4ccccc4)cc13)N(C)S(=O)(=O)C1(CC1)C2,CHEMBL2179139
ACT_041,active,N#Cc1c(-c2cccc(OC(F)(F)F)c2)nc(SC(C(N)=O)c2nc(-c3ccccc3)cs2)[nH]c1=O,CHEMBL4127550
DEC_0121,decoy,CC1(C)Cc2cc(Cl)cc(Cl)c2C=[N+]1[O-],CHEMBL12917
DEC_0169,decoy,OC(CN(Cc1cccc(OC(F)(F)C(F)F)c1)c1cccc(Oc2cccc(F)c2F)c1)C(F)(F)F,CHEMBL302786
ACT_015,active,C(=N/Nc1nnc(-c2cccs2)c(-c2cccs2)n1)\c1cc2ccccc2[nH]1,CHEMBL5287811
DEC_3894,decoy,CCCc1nc(Cl)c(C(N)=O)n1Cc1ccc2oc(-c3ccccc3NS(=O)(=O)C(F)(F)F)c(Br)c2c1,CHEMBL322516
DEC_0502,decoy,Cc1ccccc1-c1cc(C(O)(C#Cc2ccc(C#N)cc2)c2cncn2C)ccc1C#N,CHEMBL282349
DEC_4100,decoy,Cc1cc(C(Cc2cc[n+]([O-])cc2)c2ccc(OC(F)F)c(OC(F)F)c2)ccc1C(O)(C(F)(F)F)C(F)(F)F,CHEMBL103635
DEC_3190,decoy,Cc1ccc(S(=O)(=O)N[C@@H]2C3CC(c4ccc(F)cc4)(CO3)[C@H]2C/C=C/CCCC(=O)O)cc1,CHEMBL10418
DEC_1674,decoy,Clc1ccc(C2(Cn3ccnc3)OCC(c3ccccc3)O2)cc1,CHEMBL29498
DEC_0077,decoy,CCC(NC(=O)[C@H](C)NC(=O)[C@H](C)CC(=O)[C@H](CC(C)C)NC(=O)[C@@H](NC(=O)CC(C)C)C(C)C)C(=O)O,CHEMBL28888
DEC_3802,decoy,CCCCN(C1=NCCN1)c1c(Br)cccc1Br,CHEMBL20093
DEC_0942,decoy,C=CCC1Oc2cccc(CN)c2-c2ccc3c(c21)C(C)=CC(C)(C)N3,CHEMBL8340
DEC_0331,decoy,O=C(O)[C@@H]1C[C@H]2C[C@@H](c3ccccc3Cc3nnn[nH]3)CC[C@H]2CN1,CHEMBL16289
DEC_1726,decoy,CC(C)OC(=O)CCC(=O)O[C@]1(C(=O)CCl)[C@@H](C)CC2C3CCC4=CC(=O)C=CC4(C)[C@@]3(F)[C@@H](O)CC21C,CHEMBL311802
DEC_2275,decoy,O=C1[C@@H](NS(=O)(=O)c2ccc(-c3ccncc3)s2)CCN1Cc1cc2[nH]cccc-2n1,CHEMBL8433
DEC_3181,decoy,Cc1ccc(S(=O)(=O)N[C@@H]2C3CC(c4cccc(F)c4)(CO3)[C@H]2C/C=C/CCCC(=O)O)cc1,CHEMBL268048
DEC_3399,decoy,CCc1c(C)c2[nH]c1cc1[nH]c(cc3nc4c(c5nc(c2C=O)[C@@H](C)[C@@H]5CCC(=O)OC)CCC4=C3C)C(O)(CC)C1(C)O,CHEMBL94911
DEC_3382,decoy,O=C(O)c1c(-c2ccc3c(c2)OCO3)c2ccccc2n1-c1ccc2c(c1)OCO2,CHEMBL10211
ACT_013,active,O=C(Nc1ccc(N(CCO)CCO)cc1)c1cnc2cc(Cl)cc(Cl)c2c1O,CHEMBL1952315
DEC_0441,decoy,CC(C)C1=CC2CC3(C=O)[C@@H]4CC[C@@H](C)[C@H]4CC2(CO[C@@H]2O[C@H](C)[C@H]4OC[C@H](C)[C@H]4[C@@H]2O)C13C(=O)O,CHEMBL297124
DEC_3137,decoy,Brc1cccc(Nc2ncnc3cc4[nH]cc(CN5CCOCC5)c4cc23)c1,CHEMBL36967
DEC_3114,decoy,NS(=O)(=O)c1ccc(-n2nc(C(F)(F)F)cc2-c2ccc(Br)s2)cc1,CHEMBL29472
DEC_0999,decoy,Cn1cncc1C(O)(c1ccc(Cl)cc1)c1cc2c3c(c1)c(-c1cccc(Cl)c1)cc(=O)n3CO2,CHEMBL39274
DEC_0412,decoy,CCCCc1nc2ccc(C3=NNC(=O)CC3C)cc2n1Cc1ccc(-c2ccccc2-c2nn[nH]n2)cc1,CHEMBL25989
DEC_3323,decoy,CN1C(=O)CC[C@]2(C)C3CC[C@@]4(C)C(CC[C@@H]4C(=O)N(C(=O)NC(C)(C)C)C(C)(C)C)C3CCC12,CHEMBL25282
DEC_3905,decoy,CCC(=O)N(c1c(F)c(F)c(F)c(F)c1F)C1CCCC1N(C)C,CHEMBL21711
DEC_1734,decoy,COc1cc([C@@H]2c3cc4c(cc3[C@@H](CCN(C)CCN3CCCCC3)C3COC(=O)[C@@H]32)OCO4)cc(OC)c1O,CHEMBL46139
DEC_1872,decoy,COc1cccc2c1CCC1CN(CCCn3c(=O)[nH]c4c(sc5ccccc54)c3=O)CC21,CHEMBL40564
DEC_2056,decoy,CC(Nc1ccc(C2=NNC(=O)CC2)cc1)c1ccncc1,CHEMBL16059
DEC_1069,decoy,C[C@@H]1CN(C(=O)N2Cc3c(C(=O)OC(C)(C)C)ncn3-c3ccc(F)cc32)C[C@H](C)N1,CHEMBL15102
DEC_0562,decoy,COC1(c2cc(F)cc(Sc3ccc4c(c3)CC/C4=N\O)c2)CCOCC1,CHEMBL28066
DEC_3220,decoy,COCc1cc2c(s1)CN(C)CC2c1ccc(Br)cc1,CHEMBL15942
DEC_2196,decoy,CC(C)c1cc(/C=C2\SC(N=C(N)N)=NC2=O)cc(C(C)C)c1O,CHEMBL16251
DEC_0094,decoy,Cc1cc(=O)oc2nc3scc(C)c3cc12,CHEMBL25659
DEC_1569,decoy,C[C@@H]1CC2C3CCC4=Cc5c(cnn5-c5ccc(F)cc5)CC4(C)C3C(O)CC2(C)C1(O)C(=O)CO,CHEMBL14275
DEC_3350,decoy,Cc1sc2c(c1Br)C(c1ccc(Br)cc1)CN(C)C2,CHEMBL15624
DEC_0431,decoy,C=C1C[C@@]23O[C@]2(c2ccccc21)C1CC(OC(=O)[C@H](O)[C@@H](NC(=O)NCC)c2ccccc2)C3(C)C1(C)C,CHEMBL32245
DEC_3923,decoy,CCc1[nH]c(O)nc1C(=O)c1ccc(-n2ccnc2C)cc1C,CHEMBL26137
DEC_1021,decoy,Cc1cc(C(=O)Nc2ccc(C(=N)N3CCCCC3)cc2F)n(-c2ccc3cc(Cl)ccc3c2)n1,CHEMBL20390
DEC_2193,decoy,CCC1CN(c2cc3c(cc2F)c(=O)c(C(=O)O)cn3C2CC2)CCN1,CHEMBL15531
ACT_028,active,O=c1[nH]c(=O)c2cc[nH]c2[nH]1,CHEMBL122899
DEC_2142,decoy,NCCCC[C@H](OP(=O)(O)CCCCc1ccccc1)C(=O)N1C[C@@H](C2CCCCC2)C[C@H]1C(=O)O,CHEMBL286339
DEC_3292,decoy,CCc1cn([C@H]2C[C@H](O)[C@@H](CNC(=O)C3c4ccccc4Sc4ccccc43)O2)c(=O)[nH]c1=O,CHEMBL288569
DEC_0523,decoy,CN1C(=O)SC(C)(S(=O)(=O)c2cccc3c(Br)cccc23)C1=O,CHEMBL30689
DEC_1628,decoy,CCCCCC(O)c1cccc(OCc2ccncc2)c1,CHEMBL8533
DEC_1092,decoy,CCc1c(O)nc(O)nc1C(=O)N[C@@H](Cc1c[nH]cn1)C(=O)N1CCC[C@@H]1C(N)=O,CHEMBL282559
DEC_3642,decoy,CC(C)c1ccc(C(c2ccc(C(=O)O)cc2)c2ccc(C(C)C)cc(=O)c2O)c(O)c(=O)c1,CHEMBL19029
DEC_0155,decoy,O=C(O)CCCC/C=C(\c1cccnc1)c1cccc(-c2nc(C(=O)NCCCCC3CCCCC3)co2)c1,CHEMBL57359
DEC_1818,decoy,CC(NCCCc1ccccc1)C1CCC2C3CC=C4CC(O)CCC4(C)C3CCC12C,CHEMBL8485
DEC_0561,decoy,CCc1ccc(N/N=C(\N=N\c2nnnn2-c2ccccc2)c2ccccc2)cc1,CHEMBL23324
DEC_0853,decoy,N#Cc1ccccc1CN1CCC[C@@H]1CNC(=S)N1Cc2ccccc2C[C@H]1CNC(=O)Nc1ccccc1,CHEMBL38495
DEC_3034,decoy,CC(C)c1ccc(C2=C(c3ccc(S(C)(=O)=O)cc3)C(C)(O)OC2=O)cc1,CHEMBL18867
DEC_4174,decoy,Cc1ccc(S(=O)(=O)N[C@@H]2C3CC(c4ccc(F)cc4)(CO3)[C@H]2C/C=C\COCC(=O)O)cc1,CHEMBL275276
DEC_2541,decoy,O=S1NC(CC2=Cc3ccccc3CC2)=NO1,CHEMBL17355
DEC_3093,decoy,O=C(OC1CN2CCC1CC2)C(O)(c1ccccc1)c1ccc([125I])cc1,CHEMBL409313
DEC_2016,decoy,Cc1ccc(S(=O)(=O)NC[C@@H]2C3CC(c4ccc(-c5ccccc5)cc4)(CO3)[C@H]2CCCCCC(=O)O)cc1,CHEMBL10678
DEC_2378,decoy,O=C1[C@@H](NS(=O)(=O)c2cc3ccc(Cl)cc3s2)CCN1Cc1cc2cc[nH]cc-2n1,CHEMBL8382
DEC_3663,decoy,O=S(=O)(Nc1ccc(CCNC[C@H](O)c2cccnc2)cc1)c1ccc(-c2noc(COc3ccc4ccccc4c3)n2)cc1,CHEMBL287562
DEC_2296,decoy,O=C(Nc1nccs1)C1CCN(C(=O)Cn2c(=O)sc3ccc(Cl)cc32)CC1,CHEMBL279073
DEC_0044,decoy,CCOC(=O)N[C@@H](c1ccncc1)[C@@H](O)C(=O)OC1CC2C(C)(C)C1(C)[C@@]13C[C@@H](C)c4ccccc4[C@@]21O3,CHEMBL32074
DEC_2881,decoy,O=C1CN2CCc3cncn3Cc3ccc(-c4ccc(C(F)(F)F)cc4)c(c3)Oc3ccc4cccc(c4c3)N1CC2,CHEMBL23248
ACT_089,active,COc1cccc(C(C)(C)NC[C@@H](O)[C@@H]2Cc3cccc(c3)OCCCCN(CC(C)(C)C)C(=O)c3cccc(c3)C(=O)N2)c1,CHEMBL5411166
DEC_3966,decoy,CCCc1nc(-c2cccnc2)cn2c(CC(=O)NC(CC3CCCCC3)C(=O)C(F)(F)C(=O)NCC)nnc12,CHEMBL43347
DEC_1426,decoy,COc1cc(CN2CCc3c(oc4nc(N)nc(N)c34)C2)cc(OC)c1OC,CHEMBL287240
DEC_2875,decoy,Cc1nnc2n1-c1sc(C#CCn3c(=O)c4ccccc4c4ccccc4c3=O)cc1C(c1ccccc1Cl)=NC2,CHEMBL283790
DEC_3928,decoy,OC1Cc2ccccc2CC1N1CCC(c2ccccc2)CC1,CHEMBL21151
DEC_3140,decoy,Cc1cc2c(cc1/N=C(\S)Nc1ccc(S(N)(=O)=O)cc1)C(C)(C)CC(C)(C)S2,CHEMBL6499
DEC_2507,decoy,NS(=O)(=O)OC[C@@]12CCCC[C@@H]1CCC2,CHEMBL26301
DEC_1088,decoy,O=C(O)C1CN(CCCP(=O)(O)O)CCN1.O=C(O)c1cccnc1C(=O)O,CHEMBL25077
DEC_1440,decoy,CSc1nnc(-c2nc(C(C)(C)C)c(O)c(C(C)(C)C)n2)s1,CHEMBL275188
DEC_0818,decoy,CC(C)(C)C(c1cc2c(s1)CCC(C(=O)O)=C2)n1ccnc1,CHEMBL23257
DEC_2791,decoy,Cc1cccc(C)c1OS(=O)(=O)NC(=O)Oc1c(C(C)C)cccc1C(C)C,CHEMBL278761
DEC_2239,decoy,O=C(Oc1ccc2[nH]c(C(=O)c3cc4ccccc4[nH]3)cc2c1)c1ccc(-c2ccccc2)cc1,CHEMBL269510
DEC_4270,decoy,CCCN1C[C@H](C(=O)N(CC)CC)C=C2c3cccc4[nH]cc(c34)C[C@H]21,CHEMBL22258
DEC_1725,decoy,CC(=O)OCC(=O)[C@@]1(OC(=O)c2ccco2)[C@H](C)CC2C3C[C@H](F)C4=CC(=O)C=CC4(C)C3C(O)CC21C,CHEMBL41846
DEC_2683,decoy,CC(C)c1ccc(C(c2ccc(O)cc2)c2ccc(C(C)C)cc(=O)c2O)c(O)c(=O)c1,CHEMBL279771
DEC_2908,decoy,CC(C)[C@@H]1CC[C@]2(C(=O)O)CC[C@]3(C)[C@H](CC[C@@H]4[C@@]5(C)CC[C@H](OC(=O)COCC(=O)O)C(C)(C)[C@@H]5CC[C@]43C)[C@@H]12,CHEMBL269279
DEC_1936,decoy,O=c1cc(-c2cccc(/C=C/c3ccc4ccccc4n3)c2)oc2ccc(-c3nn[nH]n3)cc12,CHEMBL33607
DEC_3932,decoy,Cn1cc(C2=NCC3(CN4CCC3CC4)O2)c2cc(N)ccc21,CHEMBL267076
DEC_0047,decoy,C#CCN1N=C2/C(=C/c3cccc(C(F)(F)F)c3)CS(=O)(=O)CC2C1c1cccc(C(F)(F)F)c1,CHEMBL289905
DEC_0594,decoy,O=C1NC(=O)C(CC#Cc2ccc(Cl)cc2)(S(=O)(=O)c2ccc(Cl)cc2)S1,CHEMBL268702
DEC_1091,decoy,N[C@@H](C(=O)N[C@@H]1C(=O)N2C(C(=O)O)=C(C3CC3)OC[C@H]12)c1ccc(O)cc1,CHEMBL18948
DEC_4264,decoy,CN1C2CCC1[C@@H](C(=O)C(F)(F)F)[C@@H](c1ccc(Cl)cc1)C2,CHEMBL282332
DEC_0292,decoy,CC(C)(C)n1cc(C(=O)O)c(=O)c2cc(F)c(N3C4CCC3CNC4)nc21.CS(=O)(=O)O,CHEMBL280581
DEC_0041,decoy,CC(C)C(c1cccc(NS(=O)(=O)c2cn(C)cn2)c1)c1c(O)c2c(oc1=O)CCCCCC2,CHEMBL16856
DEC_3501,decoy,CCNC(=O)/C(C(=O)OCC)=C(C)/C=C/C=C(C)/C=C/C1=C(C)CCCC1(C)C,CHEMBL14299
DEC_2376,decoy,O=C1[C@@H](NS(=O)(=O)c2ccc(-c3ccccn3)s2)CCN1Cc1cc2[nH]cccc-2n1,CHEMBL266098
DEC_0221,decoy,O=S1(=O)c2cccc3cccc(c23)N1CCCN1CC=C(c2c[nH]c3ccc(O)cc23)CC1,CHEMBL19652
DEC_1403,decoy,COc1cc([C@@H]2c3cc4c(cc3N[C@@H]3COC(=O)N23)OCO4)cc(OC)c1OC,CHEMBL9035
DEC_0860,decoy,CC1CC(=O)NN=C1c1ccc2nc(C3CC3)n(Cc3ccc(-c4ccccc4-c4nn[nH]n4)cc3)c2c1,CHEMBL24224
DEC_1581,decoy,O=C(O)CCc1cc(-c2cccnc2)cc2c1CCC(NS(=O)(=O)c1ccc(Cl)cc1)C2,CHEMBL282823
DEC_1753,decoy,C[C@@H]1CC[C@H]2[C@@H](C)C(=O)O[C@@H]3O[C@]4(C)CC[C@@H]1C32OO4,CHEMBL77
DEC_0293,decoy,CC(CS)C(=O)N(CC(=O)O)C1C2CC3CC(C2)CC1C3,CHEMBL417832
DEC_3784,decoy,Cc1c(C(=O)c2cccc3ccccc23)c2cccc3c2n1C(CN1CCOCC1)CO3,CHEMBL283206
ACT_073,active,COC/C=C/c1cc(Cl)cc(CN/C(N)=N/C(=O)c2c(-c3ccc(OC)cc3)noc2C)c1,CHEMBL2178174
DEC_3411,decoy,Nc1ccc2nc(-c3ccc(-c4ccccc4C(=O)O)cc3)n(Cc3ccc(-c4ccccc4-c4nn[nH]n4)cc3)c(=O)c2c1,CHEMBL284455
DEC_1337,decoy,[O-][n+]1ccc(CC(c2ccc(C3(O)CC3)cc2)c2ccc(OC(F)F)c(OC(F)F)c2)cc1,CHEMBL35440
DEC_2519,decoy,N[C@H](C(=O)N1CC[C@@H](F)C1)C1CCCCC1,CHEMBL23981
DEC_1230,decoy,CC(=O)OCC(=O)[C@@]1(OC(=O)c2ccsc2)C(C)CC2C3CCC4=CC(=O)C=CC4(C)[C@@]3(Cl)C(Cl)CC21C,CHEMBL274646
DEC_2631,decoy,CCc1nn(Cc2ccc(-c3ccccc3-c3nn[nH]n3)cc2)/c(=N/C(=O)C2CC2)s1,CHEMBL34190
DEC_0727,decoy,O=P1(Nc2ccc(Nc3c4ccccc4nc4ccccc34)cc2)NCCCO1,CHEMBL21814
DEC_0954,decoy,C#CCOc1cccc2c1-c1ccc3c(c1C(CC=C)O2)C(C)=CC(C)(C)N3,CHEMBL8360
ACT_009,active,CN1C(=N)N[C@](CCC2CCCCC2)(C[C@H]2CCCNC2)C1=O,CHEMBL3353633
DEC_0920,decoy,N=C(N)NCCC[C@H](NC(=O)[C@H](CC1CCCCC1)NC(=O)c1nccnc1N)C(=O)N[C@@H](Cc1ccccc1)C(N)=O,CHEMBL33629
DEC_2986,decoy,COc1cc([C@@H]2c3cc4c(cc3[C@@H](NCc3ccccc3[N+](=O)[O-])[C@H]3COC(=O)[C@H]23)OCO4)cc(OC)c1O,CHEMBL287627
DEC_4055,decoy,CC(C)(C)OC(=O)c1ncn2c1CN(C(=O)N1CCN(C(C)(C)C)CC1)c1cc(Cl)ccc1-2,CHEMBL277781
DEC_2119,decoy,CCCCc1nc2ccn(CC(=O)N(CC)CC)c(=O)c2n1Cc1ccc(-c2ccccc2-c2nn[nH]n2)cc1,CHEMBL295854
DEC_1503,decoy,COc1cc2c(cc1OC)[C@]1(c3cc(OC)c(OC)c(OC)c3)OC[C@H](C2)[C@@H]1C,CHEMBL18386
DEC_2744,decoy,Cn1cc(NC(=O)c2cc(NC(=O)c3cc(NC(=O)c4sccc4Cl)cn3C)c[nH]2)cc1C(=O)NCCN1CCOCC1,CHEMBL52861
DEC_3301,decoy,COc1cc2c(cc1C(F)(F)F)N(C(=O)Nc1cncc(-c3cc(F)cc(F)c3)c1)CC2,CHEMBL277732
DEC_4167,decoy,COc1ccc(OP(=O)(Oc2ccc(OC)cc2)C2CCCN2C(=O)C2CCCN2)cc1.Cl,CHEMBL9561
DEC_2708,decoy,CC[C@H](C)[C@H](NS(=O)(=O)c1cc(Br)c(Br)s1)C(=O)NC(Cc1cscn1)C(=O)NO,CHEMBL313708
DEC_3125,decoy,O=C1CC2(C(=O)N1)C(=O)N(Cc1nc3cc(C(F)(F)F)ccc3s1)C(=O)c1ccc(F)cc12,CHEMBL10552
DEC_3836,decoy,O=c1cc(-c2ccccc2Cl)oc2c(C3CCCC[C@@H]3O)c(O)cc(O)c12,CHEMBL9217
DEC_3474,decoy,CC(=O)Oc1ccccc1C(=O)Oc1ccc2[nH]c(C(=O)c3cc4ccccc4[nH]3)cc2c1,CHEMBL7666
DEC_2720,decoy,O=C(N[C@H]1c2ccccc2C[C@H]1O)[C@H](Cc1ccccc1)C[C@H](O)CN1CCN(Cc2cccnc2)C[C@H]1C(=O)NCC(F)(F)F,CHEMBL79898
DEC_1352,decoy,Cc1cccc(C(=O)N2CCC(N3CCC(Cc4ccc(SC(C)C)cc4)CC3)CC2)c1N,CHEMBL12228
DEC_0794,decoy,CC(C)(C)c1cc(-c2nnc(S)s2)cc(C(C)(C)C)c1O,CHEMBL16659
DEC_4314,decoy,CCCCCCCCCCC(O)C(O)CCC(O)C1CCC(C2CCC(CCCCCCCC3CC(CC(C)=O)C(=O)O3)O2)O1,CHEMBL145023
DEC_0943,decoy,C=CCC1Oc2cccc(CO)c2-c2ccc3c(c21)C(C)=CC(C)(C)N3,CHEMBL268239
DEC_1540,decoy,O=C(NCCCN1CC[C@@H]2[C@H](C1)c1cccc3c1N2CC3)Nc1ccc(I)cc1,CHEMBL51953
DEC_0617,decoy,CC1CN(C(=O)N2Cc3c(C(=O)OC(C)(C)C)ncn3-c3ccc(Cl)cc32)CCN1,CHEMBL15180
DEC_2646,decoy,CCCCc1nn(CC)c(C(=O)NC)c1Cc1ccc(-c2ccccc2-c2nn[nH]n2)cc1,CHEMBL22167
DEC_2862,decoy,Cc1nnc2n1-c1sc(C#CCN3C(=O)CCc4cc(Cl)cc(Cl)c43)cc1C(c1ccccc1Cl)=NC2,CHEMBL20343
DEC_3468,decoy,O=C(Nc1nccs1)c1c(C(F)(F)C(F)(F)F)nc2c(C(F)(F)F)cccc2c1O,CHEMBL286824
DEC_3547,decoy,COc1cccc2c1CCC[C@H]2CN(C)CCc1ccc2ccncc2c1,CHEMBL268463
DEC_3346,decoy,Cc1cc(C(=O)Nc2ccc(C(=O)N3CCCC3)cc2)n(-c2ccc3cc(Cl)ccc3c2)n1,CHEMBL21065
DEC_2403,decoy,CCc1c2c(nc3cnc(C#CCN(C)C)cc13)-c1cc3c(c(=O)n1C2)COC(=O)[C@]3(O)CC,CHEMBL13771
DEC_1834,decoy,CN(C)Cc1ccc2n1-c1cc(C(F)(F)F)ccc1SC2(c1ccccc1)c1ccccc1,CHEMBL26172
DEC_2304,decoy,CC(/C=N/N=C(\S)N(C)C)=N\N=C(\N)S,CHEMBL30049
DEC_3197,decoy,COc1cc2c(c(OC)c1OC)-c1ccc(SC)c(=O)cc1[C@@H](NC(=O)c1ccccc1)CC2,CHEMBL280133
DEC_1290,decoy,COc1cc2c(cc1SC(C)=O)O[C@@H](C[C@H](c1ccc3c(c1)OCO3)C(C)OC(C)=O)C2,CHEMBL42962
DEC_0157,decoy,CC(C)COP(=O)(CCCCC1(C(=O)NCC(F)(F)F)c2ccccc2-c2ccccc21)OCC(C)C,CHEMBL282516
DEC_3165,decoy,CCCCc1nn(CC(C)C)c(C(=O)O)c1Cc1ccc(-c2ccccc2-c2nn[nH]n2)cc1,CHEMBL21749
DEC_3560,decoy,O=C(O)CCCCO/N=C(/c1cccnc1)c1cccc(C(F)(F)F)c1,CHEMBL280728
DEC_2617,decoy,CCCCc1cc(O)c([N+](=O)[O-])c(=O)n1Cc1ccc(-c2ccccc2-c2nn[nH]n2)cc1,CHEMBL283347
DEC_3046,decoy,CC(C)(C)C1CSC(C2=CC(=O)C(Br)=CC2=[N+]=[N-])SC1,CHEMBL31975
DEC_0063,decoy,CC(C)CC(NC(=O)C(Cc1ccccc1)NC(=O)CCC(=O)CCC(=O)C(N)Cc1ccc(O)cc1)C(=O)O,CHEMBL19048
DEC_1331,decoy,CC1=C(C(=O)NCCCN2CCC(c3ccccc3C#N)CC2)[C@@H](c2ccc(F)c(F)c2)CC(=O)N1C,CHEMBL40464
DEC_2955,decoy,CC(=O)O.Cc1noc(NS(=O)(=O)c2ccsc2C(=O)Nc2cccc(C(=O)O)c2)c1Br,CHEMBL47008
DEC_2837,decoy,O=C(O)/C=C/c1ccc(NC(=O)c2cccc(NC3=NCCCN3)c2)cc1C(=O)O,CHEMBL34967
DEC_0835,decoy,OC(c1ccc(Cl)cc1)(c1cncnc1)C1CC2CCC1C2,CHEMBL26207
DEC_2005,decoy,O=C(O)CC/C=C\C[C@@H]1CO[C@H](c2ccc(/C(=C\CCCCC(=O)O)c3cccnc3)cc2)O[C@@H]1c1ccccc1O,CHEMBL42738
DEC_1584,decoy,O=C(CN1CC[C@H](NC(=O)c2ccccc2)C1)NC1CCc2cc(F)ccc2C1Cc1cccnc1,CHEMBL42658
ACT_001,active,C[C@@H]1CC[C@@H](C)N1C(=O)[C@]12C[C@H]1[C@@](C)(c1cc(/C=C(\F)c3ccc(C#N)cn3)ccc1F)N=C(N)S2,CHEMBL5839894
DEC_1184,decoy,COc1cc2c(cc1OC)C(C)=[N+]([O-])C(c1cccc3c1OCO3)N2,CHEMBL29886
DEC_0864,decoy,Cc1cc(C)cc(-c2c(O)nc3cc(Cl)c(NC(=O)NC4CC4)cc3c2OCCC2CCCCN2)c1,CHEMBL296321
DEC_2564,decoy,O=C(O)CCCCCC(=O)N1CCC2(CCN(c3ccncc3)CC2)C1,CHEMBL13002
DEC_2288,decoy,O=C1[C@@H](NS(=O)(=O)c2cc3c(Cl)nccc3s2)CCN1Cc1cc2cc[nH]cc-2n1,CHEMBL8506
ACT_017,active,COC[C@H](N)[C@H](Cc1cc(F)cc(F)c1)NC(=O)c1cc(N(C)C[C@H]2C[C@@H]2C)nc(N(C)S(C)(=O)=O)c1,CHEMBL425828
DEC_1252,decoy,CN1C2CCC1[C@@H](C(=O)OCCc1ccc(N=[N+]=[N-])c(I)c1)[C@@H](c1ccc(Cl)c(Cl)c1)C2,CHEMBL99354
DEC_4114,decoy,CCCC[C@H]1C(=O)N([C@@H](C2SCCCS2)C2OC(C)(C)OC2C2COC(C)(C)O2)[C@H]1/C(C)=C/c1ccccc1,CHEMBL82333
DEC_2587,decoy,O=C(c1cccc(Cl)c1)C(O)(Cn1cncn1)c1cccc(Cl)c1,CHEMBL268023
DEC_3974,decoy,O=C(CSc1cc(Cl)ccc1Cl)N[C@@H]1C(=O)N2C(C(=O)O)=C(COC(=O)c3cccnc3)CSC12,CHEMBL294383
ACT_048,active,C=CCCCC(=O)N[C@@H](Cc1cccc(CC=C)c1)[C@H](O)CN[C@H]1CC2(CCC2)Oc2ncc(CC(C)(C)C)cc21,CHEMBL2407339
ACT_050,active,CN(CCOCCN1c2ccccc2Sc2ccccc21)C(CCN)C(=O)NCc1ccccc1Cl,CHEMBL5423337
DEC_2634,decoy,CCCn1c(=O)c2nc(/C=C/c3ccc(OC)c(OC)c3OC)[nH]c2n(CCC)c1=O,CHEMBL27140
DEC_0599,decoy,O=C1NC(=O)C(CC#Cc2ccc(Cl)cc2)(S(=O)(=O)c2ccccn2)S1,CHEMBL11958
DEC_0252,decoy,Cc1cc(C)cc(-c2[nH]c3ccccc3c2CCNCCCCCc2cccnc2)c1,CHEMBL11253
DEC_4147,decoy,CCCCc1nc2ccn(Cc3ccccc3C(=O)O)c(=O)c2n1Cc1ccc(-c2ccccc2-c2nn[nH]n2)cc1,CHEMBL289448
DEC_1361,decoy,FC(F)(F)c1cc(Cn2c(Cl)nc3cc(Cl)c(Cl)cc32)cc(C(F)(F)F)c1,CHEMBL280131
DEC_3449,decoy,OC1(C2(CCC#CCN3CCCCC3)SCCCS2)c2ccccc2Sc2ccccc21,CHEMBL40995
DEC_3299,decoy,Cn1cncc1C(O)(C#Cc1ccc(Cl)cc1)c1ccc(C#N)c(-c2cccc3ccccc23)c1,CHEMBL283051
DEC_3886,decoy,CCCc1nc(Cl)c(C(=O)NC)n1Cc1ccc2oc(-c3ccccc3NS(=O)(=O)C(F)(F)F)c(Br)c2c1,CHEMBL322989
DEC_1833,decoy,Cc1cccc(C(C)(C)C)c1OC(=O)NS(=O)(=O)Oc1c(C(C)C)cccc1C(C)C,CHEMBL278147
DEC_2460,decoy,[O-][n+]1ccc(CC(c2ccc(C(O)(c3ccccc3)C(F)(F)F)nc2)c2ccc(OC(F)F)c(OC(F)F)c2)cc1,CHEMBL56971
DEC_1012,decoy,Cc1nnc2n1-c1sc(C#CCN3C(=O)CCc4ccc(Cl)cc43)cc1C(c1ccccc1Cl)=NC2,CHEMBL20323
DEC_2747,decoy,CC(C)CC(NC(=O)[C@]1(c2ccccc2)CC1CN1CC[C@@]2(C)c3cc(O)ccc3CC1C2C)C(=O)NCCCCCN=C(N)N,CHEMBL100459
DEC_3755,decoy,O=S1(=O)c2cccc3cccc(c23)N1CCN1CCC(CC2=CCc3ccccc32)CC1,CHEMBL416544
DEC_1191,decoy,CC(C)CSCC1CC(n2cnc3c(N)nccc32)C(O)C1O,CHEMBL13607
DEC_3467,decoy,CC(C)(C)O/N=C(\OC(=O)c1ccc(C(=O)C(C)(C)C)cc1)c1ccc(C(=O)C(C)(C)C)cc1,CHEMBL43982
DEC_0971,decoy,Cc1ccc(C(Cn2ccnc2)O/C(S)=N\c2ccc(Cl)cc2)c(C)c1,CHEMBL268210
DEC_1358,decoy,CC(=O)[C@@]12OC(C)(c3ccc(F)cc3)O[C@@H]1CC1C3CCC4=CC(=O)CC[C@]4(C)C3CC[C@@]12C,CHEMBL13733
DEC_0308,decoy,CCc1cc(Nc2c(N[C@H](C)C(C)(C)C)c(=O)c2=O)ccc1C#N,CHEMBL19245
DEC_1264,decoy,COC(=O)CCC(O[C@@H]1O[C@@H]2OC3(C)CC[C@H]4[C@H](C)CCC([C@H]1C)C24OO3)c1ccc(OC)cc1,CHEMBL283821
DEC_3720,decoy,Cc1ccccc1-c1cc(N(Cc2ccc(C#N)cc2)Cc2cncn2C)ccc1C#N,CHEMBL284448
DEC_2540,decoy,COC1(C2=NC(C)CN2)COc2ccccc2O1,CHEMBL9889
DEC_0267,decoy,CCCCc1nc(Cl)c(CO)n1Cc1ccc(/C=C/c2ccccc2C(=O)O)cc1,CHEMBL283445
DEC_3430,decoy,COc1cc(C(=O)NS(=O)(=O)c2ccccc2Cl)ccc1Cc1nn(C)c2ccc(NC(=O)OC3CCCC3)cc12,CHEMBL49944
DEC_1099,decoy,CC(Cc1ccccc1)Nc1ncnc2c1ncn2C1OC(CO)C(O)C1O,CHEMBL274022
DEC_2450,decoy,CC(=O)/C=C/C(=O)N[C@@H]1CCC2(O)C3Cc4ccc(O)c5c4C2(CCN3CC2CC2)C1O5,CHEMBL26883
DEC_3563,decoy,NC(=O)c1cc2c(SCc3ccc(Cl)cc3)cncc2s1,CHEMBL269570
DEC_0649,decoy,CSCC[C@H](NC(=O)c1ccc(COCc2ccc(-c3ccc(C=O)cc3)o2)cc1-c1ccccc1C)C(=O)[O-].[Li+],CHEMBL417606
DEC_2589,decoy,NS(=O)(=O)c1ccc(-n2nc(C(F)F)cc2-c2ccc3c(c2)OCO3)cc1,CHEMBL281694
DEC_0651,decoy,CSCC[C@H](NC(=O)c1ccc(COCc2ccc(-c3ccccc3F)o2)cc1-c1ccccc1C)C(=O)[O-].[Li+],CHEMBL10970
DEC_4288,decoy,Nc1nc(N)c2cc([S+]([O-])c3ccc4ccccc4c3)ccc2n1,CHEMBL6979
ACT_003,active,O=C1C=C(c2ccccc2)C(=O)c2ccccc21,CHEMBL1762552
DEC_0496,decoy,Brc1cccc(Br)c1N(Cc1ccco1)C1=NCCN1,CHEMBL20547
DEC_3601,decoy,CCCCC1Nc2ccc(CC)cc2C(=O)N1Cc1ccc(-c2ccccc2-c2nn[nH]n2)cc1,CHEMBL15519
DEC_2254,decoy,Cc1ccc(N(/C=N/c2ccn(C3CSC(CO)O3)c(=O)n2)c2ccc(C)cc2)cc1,CHEMBL18076
DEC_2775,decoy,Cc1nc(COc2ccc3c(c2)[C@@H](O)[C@@H](Cc2cccnc2)CO3)ccc1Br,CHEMBL31325
DEC_0981,decoy,c1ccc(-c2c[nH]cc2C(c2ccc3ccccc3c2)n2ccnc2)cc1,CHEMBL279973
DEC_3310,decoy,[N-]=[N+]=Nc1ccc(-c2nc(-c3ccncc3)c(-c3cccc(I)c3)[nH]2)cc1,CHEMBL17204
DEC_3666,decoy,COc1cc(C(=O)O)c2c(c1C)OC(=O)c1c(C)cc(O)c(CNc3cccc(CNC(=O)CO[C@@H]4C[C@H](C)CC[C@H]4C(C)C)c3)c1O2,CHEMBL324813
DEC_2282,decoy,COc1cccc2c1CC[C@H]1CN(CCn3c(=O)[nH]c4c(sc5cccnc54)c3=O)C[C@@H]21,CHEMBL40650
DEC_1329,decoy,CC(C)(C)COc1cc(C(C)(C)C)ccc1C/N=C(\S)NCc1ccc(NS(C)(=O)=O)cc1,CHEMBL48998
DEC_0313,decoy,N#Cc1ccc(Nc2c(NC3CC4CCC3C4)c(=O)c2=O)cc1,CHEMBL19077
DEC_1226,decoy,CCOC(=O)N1CCC(N2CCC(C3(c4ccc(S(=O)(=O)c5ccc(OC)cc5)cc4)SCCS3)CC2)CC1,CHEMBL94247
DEC_0688,decoy,Cc1ccc(S(=O)(=O)NC(=O)Nc2cccc(S(=O)(=O)N(CC(=O)O)Cc3ccc([N+](=O)[O-])cc3)c2)cc1,CHEMBL54406
DEC_1944,decoy,c1ccc(-c2nc(SCCCSCCCSc3nc(-c4ccccc4)c(-c4ccccc4)[nH]3)[nH]c2-c2ccccc2)cc1,CHEMBL275305
DEC_1165,decoy,Cc1ccc(Sc2c(C)c(=O)[nH]c(=O)n2COCCO)cc1,CHEMBL16686
DEC_2314,decoy,N#CCCCCn1cnc2c1NC=NCC2O,CHEMBL35156
DEC_1536,decoy,COc1cc(C)cc(OC)c1OC(=O)C(CC(=O)N1CCCC1)N1CCCCCC1,CHEMBL268710
DEC_0285,decoy,CC(C)(C)n1cc(C(=O)O)c(=O)c2cc(F)c(N3C[C@@H](N)[C@@H](F)C3)nc21.CS(=O)(=O)O,CHEMBL283015
DEC_2469,decoy,CC[C@H](C)C(=O)O[C@H]1C[C@@H](C)C=C2C=C[C@H](C)[C@H](CC[C@@H]3C[C@H](CC(=O)NC)N(CCc4ccc(O)c(OC)c4)C(=O)O3)[C@H]21,CHEMBL312605
DEC_2673,decoy,CCN(CC)CCNc1nc(Nc2ccc(Cl)c(Cl)c2)nc2ccc(N)cc12,CHEMBL32566
DEC_2669,decoy,Nc1ccc2c(Nc3ccc(S(=O)(=O)N4CCCCC4)cc3)c3ccc(N)cc3nc2c1,CHEMBL290585
DEC_0830,decoy,Cc1c(O)c(CCCSc2ccccc2)cc2c1CCO2,CHEMBL266116
DEC_1895,decoy,O=C1O[C@H](c2ccc(Cl)cc2Cl)[C@@](Cn2cncn2)(c2ccc(Cl)cc2)O1,CHEMBL275096
DEC_0046,decoy,CCOC(=O)N[C@@H](c1ccncc1)[C@@H](O)C(=O)OC1CC2C(C)(C)C1(C)[C@@]13C[C@H](C)c4ccccc4[C@@]21O3,CHEMBL30890
DEC_2678,decoy,Cc1cc(SC2=C(O)OC(C)(CCc3ccc(O)cc3)CC2=O)c(C(C)(C)C)cc1O,CHEMBL37668
DEC_0303,decoy,C[C@H](CS)C(=O)N1C[C@@H](C2CCCCC2)C[C@H]1C(=O)O,CHEMBL277976
DEC_0593,decoy,C/C=C(/C)C(=O)O[C@@]12C[C@@H](C)[C@]3(O)C4C=C(C)C(=O)[C@@]4(O)CC(CO)=C[C@H]3[C@@H]1C2(C)C,CHEMBL415108
DEC_2068,decoy,O=C1C=CC(c2[nH]c3ccccc3c2C2=CCNCC2)=NC1,CHEMBL281090
DEC_0896,decoy,COC(=N)NS(=O)(=O)c1ccc(NC(=O)[C@H](Cc2c[nH]cn2)NC(=O)CNC(=O)NS(=O)(=O)c2ccc(C)cc2)cc1,CHEMBL50296
DEC_1360,decoy,C=CCC1Oc2c(Br)cc(O)c(Cl)c2-c2ccc3c(c21)C(C)=CC(C)(C)N3,CHEMBL7781
DEC_2805,decoy,O=C(O)C(CCCCn1cnc2c1NC=NCC2O)C(=O)NCc1ccc(Cl)cc1,CHEMBL37650
DEC_3252,decoy,O=C(CI)N[C@@H]1CCC2C3Cc4ccc(O)c5c4C2(CCN3CC2CC2)[C@H]1O5,CHEMBL441013
DEC_1450,decoy,C[C@@H](N)Cc1c2c(c(C(F)(F)F)c3c1OCC3)OCC2.Cl,CHEMBL6452
DEC_1396,decoy,CC(C)[C@@H]1CC[C@]2(CO)CC[C@]3(C)[C@H](CC[C@@H]4[C@@]5(C)CC[C@H](O)C(C)(C)[C@@H]5CC[C@]43C)[C@@H]12,CHEMBL422042
DEC_3684,decoy,CC(C)C[C@H](O)[C@H](O)[C@H](CC1CCCCC1)NC(=O)[C@H](Cc1cscn1)NC(=O)C1[C@@H](c2ccccc2)[C@H]1c1ccccc1,CHEMBL296051
DEC_0036,decoy,C[C@H]1CC2C3CCC4=CC(=O)C=CC4(C)[C@@]3(F)C(O)CC2(C)[C@@]1(OC(=O)c1cccs1)C(=O)CCl,CHEMBL43248
DEC_2122,decoy,O=C(O)CC/C=C\C[C@H]1[C@H](CNS(=O)(=O)c2ccc(F)cc2)C2CC1(c1ccc(-c3ccccc3)cc1)CO2,CHEMBL10639
DEC_0619,decoy,CC1C(N)CN1c1c(F)cc2c(=O)c(C(=O)O)cn(-c3ccc(F)cc3F)c2c1F,CHEMBL280134
DEC_3329,decoy,CCc1cc(NC(=O)N2CCc3cc(OC)c(C(F)(F)F)cc32)cc(-c2cccnc2)c1,CHEMBL416896
DEC_1606,decoy,COC(=O)/C=C(C)/C=C/CC(C)CCCC(C)C,CHEMBL37877
DEC_0788,decoy,CC(C)(C)c1ccc(Sc2ccc(-n3ncc(=O)[nH]c3=O)cc2Cl)cc1,CHEMBL418755
DEC_0184,decoy,CCCCc1cn(-c2ccccc2CC)c(=O)n1Cc1ccc(-c2ccccc2-c2nn[nH]n2)nc1,CHEMBL267809
DEC_2573,decoy,CCCCN1CCC[C@@H]1CNC(=O)c1cc(Cl)cc2c1OCC(=O)N2C,CHEMBL282935
DEC_3913,decoy,OC1Cc2ccccc2CC1N1CC=C(c2ccccc2)CC1,CHEMBL20479
DEC_1077,decoy,Cc1nnc2nc(-c3ccccc3F)c3cc(C#CCN4C(=O)c5ccccc5C4=O)ccc3n12,CHEMBL20196
DEC_3409,decoy,Cc1nnc(-c2cscc2-c2ccc(CN3C(=O)[C@H](NC(=O)CC(C)(C)N)CCc4c3ccc3ccccc43)cc2)o1,CHEMBL101408
DEC_0039,decoy,O=C1[C@@H](NS(=O)(=O)c2ccc(-c3ccc(Cl)s3)s2)CCN1Cc1cc2c[nH]ccc-2n1,CHEMBL268917
ACT_098,active,O=C(Cn1nc(-c2ccccc2)c(-c2ccccc2)nc1=O)Nc1ccccc1O,CHEMBL5532467
DEC_1107,decoy,CC1CC2C3CCC4=CC(=O)C=CC4(C)[C@@]3(Cl)C(Cl)CC2(C)[C@@]1(OC(=O)c1cccs1)C(=O)CO,CHEMBL10679
DEC_3815,decoy,Cc1cc(Nc2ccc(SCC(=O)O)cc2)c2c(ccc3c[nH]nc32)n1,CHEMBL286265
DEC_3317,decoy,O=C(NN1CCCCC1)c1cn(-c2ccc(Cl)cc2)c(-c2ccc(Cl)cc2Cl)n1,CHEMBL15399
DEC_3173,decoy,Cc1ccc(OC(C)(C)[C@H]2OC[C@@H](C/C=C\CCC(=O)O)[C@@H](c3cccnc3)O2)c([N+](=O)[O-])c1,CHEMBL279847
DEC_4097,decoy,COc1ccc(N2C(=O)[C@@H]3C(c4ccccc4)OC4(C(=O)c5ccccc5C4=O)[C@@H]3C2=O)cc1,CHEMBL28432
DEC_2301,decoy,C/N=C(\S)N/N=C/C(C)=N/N/C(S)=N/C,CHEMBL29906
DEC_0197,decoy,CCCCc1cn(-c2c(C)cccc2C)c(=O)n1Cc1ccc(-c2ccccc2-c2nn[nH]n2)nc1,CHEMBL430152
DEC_0894,decoy,CC(Cc1ccc(O)cc1)(NC(=O)[C@@H]1CCCN1C(=O)CCCc1ccc(O)cc1)C(=O)N[C@@H](CCCN=C(N)N)C(=O)O,CHEMBL113814
DEC_3816,decoy,C=CC(=O)Nc1cnc2ncc(C#N)c(Nc3cccc(Br)c3)c2c1,CHEMBL281467
DEC_0232,decoy,Cc1cc(C)cc(-c2[nH]c3ccccc3c2CCNCCCCc2ccccn2)c1,CHEMBL11087
DEC_3234,decoy,Cc1cc(-n2ccc(=O)[nH]c2=O)cc(C)c1Sc1ccc(Cl)cc1,CHEMBL276605
DEC_0452,decoy,CNC(=O)[C@@H](NC(=O)[C@H](CC(C)C)[C@@H](C(=O)NO)C1CCC(C)CC1)C(C)(C)C,CHEMBL29977
DEC_3693,decoy,O=C(NC1CCCC1)N[C@H](Cc1ccc(Cl)cc1Cl)C(=O)N1CCN(c2ccccc2CNCCc2cccs2)CC1,CHEMBL194990
DEC_1896,decoy,C#Cc1ccc(C#CC(O)(c2ccc(C#N)c(-c3cccc4ccccc34)c2)c2cncn2C)cc1,CHEMBL24554
DEC_0446,decoy,CCOc1c(N2CCC(C)(CN)C2)c(F)c(N)c2c(=O)c(C(=O)O)cn(C3CC3)c12,CHEMBL15480
DEC_3777,decoy,Cc1cc(-c2c(F)cc3c(=O)c(Cc4ccccc4CO)cn(C4CC4)c3c2F)cc(C)n1,CHEMBL8138
DEC_0484,decoy,CC(C)C[C@H](CN(O)C=O)C(=O)N[C@H]1Cc2cn(c3ccccc23)CCCCCCNC1=O,CHEMBL30980
DEC_3157,decoy,O=C(O)CCC/C=C/C[C@H]1[C@H](NS(=O)(=O)c2ccc(F)cc2)C2CC1(c1cccc(F)c1)CO2,CHEMBL275778
DEC_0725,decoy,O=C(Nc1nccs1)c1c(C(Cl)Cl)nc2c(C(F)(F)F)cccc2c1O,CHEMBL285278
DEC_3340,decoy,O=C(NC1CCc2ccccc21)c1nc(-c2ccc(Cl)cc2Cl)n(-c2ccc(Cl)cc2)n1,CHEMBL279787
DEC_3572,decoy,CCC(c1ccc(O)cc1)C(CBr)c1ccc(O)cc1,CHEMBL25297
DEC_2093,decoy,C=CCN(C1=NCCN1)c1c(Cl)cccc1Cl,CHEMBL278581
DEC_1932,decoy,COc1cc2c(cc1C(F)(F)F)N(C(=O)Nc1ccc(C)c(-c3cccnc3)c1)CC2,CHEMBL14606
DEC_4292,decoy,Cc1ccccc1C1NC(=O)N(C(C)C)c2cc3c(cc21)OCO3,CHEMBL13585
DEC_1946,decoy,CCCCCCCN(CC(C)(C)CCSc1nc(-c2ccccc2)c(-c2ccccc2)[nH]1)C(=O)Nc1ccc(F)cc1F,CHEMBL119586
DEC_1240,decoy,COc1cc(OC2CCN(C3CCCc4ncccc43)CC2)c(F)cc1C(=O)N1CCC(N2C(=O)OCc3ccccc32)CC1,CHEMBL302029
DEC_1807,decoy,C=C[C@@H]1[C@@H](O)C[C@@H]2[C@]3(CC[C@]4(C)[C@@H]([C@H](C)CCC=C(C)C)CC[C@@]24C)C[C@]13CCC(=O)O,CHEMBL39521
DEC_2277,decoy,O=C1[C@@H](NS(=O)(=O)c2ccc(-c3ccncc3)s2)CCN1Cc1cc2c[nH]ccc-2n1,CHEMBL416515
DEC_3581,decoy,S=C(NCCSCc1c[nH]c2ccccc12)Nc1ccccc1,CHEMBL274766
DEC_3901,decoy,Cc1cccc2c(C3=NCC4(CN5CCC4CC5)O3)cn(C)c12,CHEMBL267298
DEC_1035,decoy,CC1n2c3ccccc3c3c4c(c5c6ccccc6n(c5c32)C(C)S1(=O)=O)C(=O)NC4=O,CHEMBL282805
DEC_4119,decoy,Cc1ccc2cccc(OCc3c(Cl)ccc(N(C)C(=O)Cc4ccc(C(=O)c5ccc(N)cc5)n4C)c3Cl)c2n1,CHEMBL417474
DEC_1672,decoy,CSCCC(=O)c1cc(C(C)(C)C)c2c(c1)C(C)(C)CO2,CHEMBL14321
DEC_0503,decoy,Cc1ccc(S(=O)(=O)C2(CC#Cc3cccc(Cl)c3)SC(=O)NC2=O)cc1,CHEMBL276877
DEC_3364,decoy,CC(C)(C)NC(=O)[C@H]1CCC2C3CCC4=C(S)C(=O)CC[C@]4(C)C3CC[C@@]21C,CHEMBL24464
DEC_4102,decoy,[O-][n+]1ccc(CC(c2ccc(C(O)(C(F)(F)F)C(F)(F)F)cc2)c2ccc(OC(F)F)c(OC(F)F)c2)cc1,CHEMBL286224
DEC_3972,decoy,CN(C)C(=O)c1ccc(OS(=O)(=O)c2ccc(COc3ccc(N4C(N)=NC(N)=NC4(C)C)cc3Cl)cc2)cc1,CHEMBL97763
DEC_2115,decoy,O=C(O)COc1ccccc1CC1C2CCC(O2)C1c1nc(C(=O)NCCCCC2CCCCC2)co1,CHEMBL30832
DEC_2228,decoy,O=C(O)c1cc(Cl)cc(C(=O)/C=C/c2cccc(/C=C/c3ccc4ccccc4n3)c2)c1O,CHEMBL11905
DEC_3840,decoy,O=C(O)Cc1cc([N+](=O)[O-])c([N+](=O)[O-])cc1Oc1ccc(Cl)cc1Cl,CHEMBL29872
DEC_3050,decoy,CCSc1nnc(-c2cc(C(C)(C)C)c(O)c(C(C)(C)C)c2)s1,CHEMBL279801
DEC_1062,decoy,CC(C)(C)OC(=O)c1ncn2c1CN(C(=O)N1CC3CC1CN3)c1cc(Cl)ccc1-2,CHEMBL15226
DEC_0350,decoy,O=C(O)C1=Cc2sc(CCn3ccnc3)cc2CC1,CHEMBL23062
DEC_2966,decoy,CC(C)(C)OC(=O)NCC(=O)OCO/C(=C1/C(=O)N(C(N)=O)c2cc(Cl)c(F)cc21)c1cccs1,CHEMBL300612
DEC_3674,decoy,COC(=O)CCC(=O)N[C@H](COC(=O)C(C)(Cc1c[nH]c2ccccc12)NC(=O)OC1[C@H]2C[C@@H]3C[C@@H](C[C@H]1C3)C2)c1ccccc1,CHEMBL284361
DEC_2455,decoy,CCCCc1nc2ccn(Cc3ccccc3C(=O)OCC)c(=O)c2n1Cc1ccc(-c2ccccc2-c2nn[nH]n2)cc1,CHEMBL45195
DEC_0257,decoy,CC(C)C(=O)NC[C@@H]1C[C@H]1c1cccc2c1OC(CCCCc1ccccc1)N2,CHEMBL18845
DEC_3049,decoy,CCCOc1c(Cl)c(OC)nc(C(Cl)(Cl)Cl)c1Cl,CHEMBL276861
DEC_4209,decoy,O=C(NC1CNCC1OC(=O)c1cc(O)c(C(=O)c2c(O)cccc2C(=O)O)c(O)c1)c1ccc(O)cc1,CHEMBL265559
DEC_0893,decoy,COC(=N)NS(=O)(=O)c1ccc(NC(=O)[C@H](Cc2c[nH]cn2)NC(=O)CCNC(=O)NS(=O)(=O)c2ccc(C)cc2)cc1,CHEMBL50689
DEC_1197,decoy,O=C(O)[C@@H]1C[C@H]2C[C@@H](c3ccccc3-c3nn[nH]n3)CC[C@H]2CN1,CHEMBL16944
DEC_3507,decoy,Cc1ccc(CCCOc2c(C)cc(-c3noc(C(F)(F)F)n3)cc2C)cn1,CHEMBL280755
DEC_2464,decoy,CCCCc1nn(Cc2ccc(-c3ccccc3C#N)cc2)c(=O)n1Cc1ccc(-c2ccccc2-c2nn[nH]n2)cc1,CHEMBL86232
DEC_2223,decoy,CC(C)(C)OC(=O)/C=C/c1ccc2[nH]c3cc(-c4ccccc4)c4c(c3c2c1)C(=O)NC4,CHEMBL277967
DEC_0570,decoy,C=CCC1Oc2ccc(C(=O)OC)c(OC)c2-c2ccc3c(c21)C(C)=CC(C)(C)N3,CHEMBL7843
DEC_0750,decoy,COc1cc2c(c(OC)c1OC)c1c3c(cc4c1n2C(=O)CC4)CNCC3,CHEMBL277478
DEC_0654,decoy,CNC(=O)C(F)(F)C(=O)[C@@H](NC(=O)[C@@H]1CCCN1C(=O)[C@@H](NC(=O)c1ccc(OC)cc1)C(C)C)C(C)C,CHEMBL306877
DEC_0005,decoy,C=C1CCC2[C@](C)(CCC[C@]2(C)C(=O)OC)[C@H]1CCC12Cc3c(OC(C)=O)ccc(OC(C)=O)c3CC1O2,CHEMBL23985
DEC_0336,decoy,CC1(C)CC(=O)c2c(SCCO)sc(-c3cc[nH]n3)c2C1,CHEMBL17466
DEC_1871,decoy,C=CC(=O)N1C[C@H](OCC23C[C@@H]4[C@H](C)CC[C@H]4C4(C=O)CC2C=C(C(C)C)[C@@]34C(=O)O)OC[C@H]1C,CHEMBL284622
DEC_1187,decoy,CCCCC(=O)OC1CCn2c1nc1c2C(=O)C(C)=C(NC(C)=O)C1=N,CHEMBL18143
DEC_0352,decoy,CC1(C)CC1C(=O)N/C(=C\C1CCCCC1)C(=O)O,CHEMBL268273
DEC_3551,decoy,CCCN(C/C=C/I)C1CCc2cccc(O)c2C1,CHEMBL284716
DEC_1098,decoy,CC1SCC(C(=O)N[C@@H](Cc2c[nH]cn2)C(=O)N2CCC[C@@H]2C(N)=O)NC1=O,CHEMBL28654
ACT_043,active,Nc1cccc(Cn2c(-c3ccc(Oc4cccnc4)cc3)ccc2-c2ccccc2Cl)n1,CHEMBL1091220
DEC_0675,decoy,COCC1=C(C(=O)OC)[C@H](c2ccc(F)c(F)c2)C(C(=O)NCCCN2CCC(c3ccccn3)CC2)C(=O)N1,CHEMBL265001
DEC_1867,decoy,CCC(=O)C1C(c2ccc3c(I)c(OC)ccc3c2)CC2CCC1N2C,CHEMBL290412
DEC_2783,decoy,CCCc1nc(Br)cnc1NS(=O)(=O)c1cccc2c(N(C)C)cccc12,CHEMBL6512
DEC_2831,decoy,COc1cc(Cc2cnc(N)nc2N)cc(OCCCCC(=O)O)c1Br,CHEMBL31924
DEC_0744,decoy,CCc1nc2c(C)cc(C)nc2n1Cc1ccc(-c2ccoc2-c2nn[nH]n2)cc1,CHEMBL14229
DEC_1800,decoy,CCN(CC)CC#CCCC1(C(O)(c2ccccc2)C2CCCC2)SCCCS1,CHEMBL39146
DEC_0694,decoy,C=C1/C(=C\C=C\C2CCCC([C@@H](C)CC#CC(C)(C)O)C2(C)C)C[C@@H](O)C[C@@H]1O,CHEMBL290789
DEC_0948,decoy,CCCc1cc(C#N)sc1-c1ccc2c(c1)C1(CCCCC1)C(S)=N2,CHEMBL28213
DEC_4176,decoy,CCCn1c(=O)c2nc(-c3cc(NC(=O)Cc4ccc(Cl)cc4)nn3C)[nH]c2n(CCC)c1=O,CHEMBL32225
DEC_2690,decoy,Oc1cc(NC[C@H]2CC[C@@H]2NCc2ccc(Cl)c(Cl)c2)nc2ccccc12,CHEMBL279884
DEC_3803,decoy,CN1C[C@H](CN2CC(=O)NC2=O)C[C@@H]2c3cc(C(C)(C)C)cc4[nH]cc(c34)C[C@H]21,CHEMBL275539
DEC_2417,decoy,COC[C@H]1OC(=O)c2coc3c2[C@@]1(C)C1=C(C3=O)[C@@H]2C[C@@H](O)C(=O)[C@@]2(C)C[C@H]1OC(C)=O,CHEMBL13430
DEC_1281,decoy,CN1CCC23c4c5ccc(O)c4OC2[C@H]2OC[C@@]2(CCCCCc2ccccc2)CC3C1C5,CHEMBL275453
DEC_0408,decoy,Cc1c(C(=O)N[C@H](C)[C@](O)(Cn2cncn2)c2ccc(F)cc2F)cnn1-c1cccc(C(F)(F)F)c1,CHEMBL55251
DEC_3405,decoy,CCCCOC(=O)N[C@@H](c1ccc(O)cc1)[C@@H](O)C(=O)OC1CC2C(C)(C)C1(C)[C@@]13CC(C)c4ccccc4[C@@]21O3,CHEMBL284230
DEC_3936,decoy,CC(C)CCCc1nc2c([nH]1)N1C(=N[C@@H]3CCC[C@@H]31)N(C)C2=O,CHEMBL278254
DEC_0661,decoy,COc1cccc(OC)c1C(=O)N[C@H](C(=O)N1CCCC1C(=O)NC(C(=O)C(F)(F)F)C(C)C)C(C)C,CHEMBL56496
DEC_2971,decoy,COc1ccc(-c2c3c4cc(OC)c(O)cc4oc(=O)c3n3ccc4c(OC)c(OC)c(OC)cc4c23)cc1O,CHEMBL301410
DEC_2726,decoy,CC(C)C(NC(=O)[C@@H]1CCCN1C(=O)[C@@H](NC(=O)c1ccc(NC(=O)N2CCOCC2)cc1)C(C)C)C(=O)C(F)(F)C(F)(F)F,CHEMBL141423
DEC_0700,decoy,CC(C)NC(=N)c1ccc(-c2ccc(-c3ccc(C(=N)NC(C)C)cc3)o2)cc1,CHEMBL24808
DEC_4161,decoy,Cc1oc(-c2ccc3ccccc3c2)nc1CCS(=O)(=O)c1ccc(CC2SC(=O)NC2=O)cc1,CHEMBL54810
DEC_3665,decoy,CC(=O)N[C@H](C(=O)N[C@H](C(=O)C1C[C@H](Oc2ccc(-c3ccccc3)cc2)C[C@H]1C(=O)CC1(C(=O)O)CC1)C(C)C)C1CCCCC1,CHEMBL190345
DEC_2240,decoy,CC(C)(C)c1ccc(C2=Cc3ccc(NC(=O)NC4CCCCC4)cc3C3=NCCCN23)cc1,CHEMBL276714
DEC_3740,decoy,CCC(CC)N(C=O)[C@H]1CCC2C3CC[C@H]4N(C)C(=O)CC[C@]4(C)C3CC[C@@]21C,CHEMBL16533
DEC_3286,decoy,N=C(N)c1ccc(CN(NS(=O)(=O)c2ccc3ccccc3c2)C(=O)N2CCCCCC2)cc1,CHEMBL288862
DEC_1348,decoy,CCc1nc2c(C)cc(C)nc2n1Cc1ccc(OC(C(=O)O)c2ccccc2)c(C(C)(C)C)c1,CHEMBL15774
DEC_3262,decoy,O=c1cnn(-c2ccc(S(=O)(=O)Nc3c(F)c(F)c(F)c(F)c3F)c(Cl)c2)c(=O)[nH]1,CHEMBL11506
DEC_1955,decoy,CCc1c2c(nc3ccc(OC(=O)N4CCC(N5CCCCC5)CC4)cc13)-c1cc3c(c(=O)n1C2)COC(=O)[C@]3(O)CC,CHEMBL481
DEC_2335,decoy,CC(C)(C)c1onc(O)c1C[C@H](N)C(=O)O,CHEMBL27130
DEC_0715,decoy,COCCOC(=O)c1sc(C(C)(C)C)cc1NC(=O)Nc1ccc(C)cc1,CHEMBL278646
DEC_1505,decoy,COc1cc2c(c(OC)c1OC)-c1ccc(SC)c(=O)cc1C(NC(C)=O)CC2,CHEMBL273938
DEC_0479,decoy,CCC/N=c1\c(O)c(O)\c1=N/[C@@H](Cc1ccc(-c2c(OC)cccc2OC)cc1)C(=O)O,CHEMBL274828
DEC_3238,decoy,CONC1=NC(=O)/C(=C/c2cc(C(C)(C)C)c(O)c(C(C)(C)C)c2)O1,CHEMBL277124
DEC_2241,decoy,CC(C)(C)c1cc(-c2nc(-c3ccc(F)cc3)c(-c3ccncc3)[nH]2)cc(C(C)(C)C)c1O,CHEMBL274279
DEC_2942,decoy,CCCCc1nc2ccc([C@H]3C[C@H](CO)ON3C)cc2c(=O)n1Cc1ccc(-c2ccccc2-c2nn[nH]n2)cc1,CHEMBL433278
DEC_4149,decoy,C[C@H](NCCc1cccc(Br)c1)c1cccc(COc2nn3c(C(F)(F)F)nnc3c3ccccc23)n1,CHEMBL310121
DEC_1544,decoy,O=C(NCCCN1CC[C@@H]2[C@H](C1)c1cccc3c1N2CC3)Nc1cccc(I)c1,CHEMBL297945
DEC_3225,decoy,CCCCOc1ccc2c3c1OC1C(O)C=CC4C(C2)N(C)CCC341,CHEMBL282377
DEC_0326,decoy,O=C(O)[C@@H]1C[C@H]2C[C@@H](c3ccc(Cc4nnn[nH]4)cc3)CC[C@H]2CN1,CHEMBL16243
DEC_4193,decoy,CCCn1c(=O)c2nc(-c3ccc(S(=O)(=O)Oc4cccc([N+](=O)[O-])c4)cc3)[nH]c2n(CCC)c1=O,CHEMBL266099
DEC_1870,decoy,COc1ccc(C(CN(C)C)c2nnc3n2-c2ccc(Cl)cc2C(c2ccccc2)=NC3)cc1,CHEMBL15884
DEC_1376,decoy,C[C@@H]1C(=O)C(C)(C)Nc2ccc3c(c21)[C@H](c1cccc(C(F)(F)F)c1)Oc1ccccc1-3,CHEMBL36065
DEC_2284,decoy,N#Cc1cc2cc(OCc3cccc(C4(O)CC5COC(C4)O5)n3)ccc2c(-c2ccoc2)n1,CHEMBL417464
DEC_4235,decoy,CC(C)(C)n1cc(C(=O)O)c(=O)c2cc(F)c(N3CCNC(CF)C3)cc21,CHEMBL27029
DEC_1258,decoy,CN(C)/C=N\c1nc(/N=C/N(C)C)nc2ncc(Sc3ccc(Cl)c(Cl)c3)nc12,CHEMBL6584
DEC_0476,decoy,CNC(=O)[C@@H](NC(=O)[C@H](CC(C)C)[C@@H](C(=O)NO)C1CCC(C(C)(C)C)CC1)C(C)(C)C,CHEMBL29758
DEC_2019,decoy,CC(C)(C)CCCc1ncc(-c2ccc(S(=O)(=O)Nc3ccc(CCNC[C@H](O)c4cccnc4)cc3)cc2)o1,CHEMBL39804
DEC_1311,decoy,N#CN/C(=N/c1ccc(Cl)cc1Cl)NC(Cn1ccnc1)c1ccc(Cl)cc1Cl,CHEMBL7871
DEC_0735,decoy,CC(=O)Nc1ccc2[nH]c(C(=O)N3CC(CCl)c4c3cc(O)c3ccccc43)cc2c1,CHEMBL289334
DEC_3499,decoy,CCOC(=O)C(C(=O)OCC)=C(C)/C=C/C=C(C)/C=C/C1=C(C)CCCC1(C)C,CHEMBL14045
DEC_1304,decoy,COc1cnc(C[S+]([O-])c2nc3cc(OC(F)(F)C(F)F)ccc3[nH]2)c(C)c1OC,CHEMBL10061
DEC_3864,decoy,CCc1nc2c(C)cc(C(=O)O)nc2n1Cc1ccc2oc(-c3ccccc3NS(=O)(=O)C(F)(F)F)c(Br)c2c1,CHEMBL160055
DEC_4017,decoy,CCOC(=O)C1=CNC2=C(/C=N/c3ccc(C(=O)O)cc3)CCC(C)N2C1=O,CHEMBL22393
DEC_3934,decoy,COc1c(C)cnc(C[S+]([O-])c2nc3ccccc3[nH]2)c1C,CHEMBL10184
DEC_2746,decoy,N=C(N)NCC1N=C(c2ccccc2)c2cc(N(Cc3ccccc3)Cc3ccccc3)ccc2N(CCCN=C(N)N)C1=O,CHEMBL311191
DEC_4013,decoy,COc1c(N2CCC(CN)C2)c(F)cc2c(=O)c(C(=O)O)cn(C3CC3)c12,CHEMBL15532
DEC_2108,decoy,CCCCc1nn(CC(OCCC)c2ccccc2)c(=O)n1Cc1ccc(-c2ccccc2-c2nn[nH]n2)cc1,CHEMBL308239
DEC_2089,decoy,SC1CCCCC1N1CCC(c2ccccc2)CC1,CHEMBL21598
DEC_3103,decoy,CN1C[C@H](C(=O)Nc2ccc(Cl)nn2)C[C@@H]2c3cc(C(C)(C)C)cc4[nH]cc(c34)C[C@H]21,CHEMBL13770
DEC_2600,decoy,NS(=O)(=O)c1ccc(-n2nc(C(F)(F)F)cc2-c2ccc(F)cc2)cc1,CHEMBL28527
DEC_1681,decoy,CC(Cc1ccccn1)NC1c2ccccc2Oc2ccccc21,CHEMBL21170
DEC_3792,decoy,O=S(=O)(c1nc(-c2ccccc2Cl)c(-c2ccccc2Cl)[nH]1)C(F)(F)C(F)F,CHEMBL17840
DEC_3466,decoy,CC(Cl)(Cl)c1nc2c(C(F)(F)F)cccc2c(O)c1C(=O)Nc1nccs1,CHEMBL34946
DEC_0242,decoy,CCC(CC)(CC(=O)Nc1cccc(/C=C/c2nc(C3CCC3)cs2)c1)C(=O)O,CHEMBL283754
DEC_2914,decoy,O=S(=O)(O)c1ccc2c(C(=CCCc3ccc4ccccc4c3)c3cccc4cc(S(=O)(=O)O)ccc34)cccc2c1,CHEMBL103483
DEC_3446,decoy,CCOC(=O)C1=C(c2ccc(-n3c(C)nc4ccncc43)cc2)NC(C)=C(C(=O)Nc2ccccn2)C1c1ccccc1Cl,CHEMBL107321
DEC_1179,decoy,CCCOc1ccc(N)cc1-c1ncc(-c2nn[nH]n2)c(O)n1,CHEMBL277963
DEC_1609,decoy,CC(Cc1ccccc1)NCCCCCc1ccccc1,CHEMBL268969
DEC_1675,decoy,FC(F)(F)Oc1ccc(SCSC(F)(F)F)cc1,CHEMBL12528
DEC_3714,decoy,Oc1ccc2c3c1OC1[C@H]4OC[C@@]4(CCc4ccccc4)CC4C(C2)N(CC2CC2)CCC341,CHEMBL9905
DEC_3091,decoy,Cn1cc2c3c1C(=O)C1=C(C3=NCC2)C2(C=C(Br)C(=O)C(Br)=C2)CCN1,CHEMBL17290
DEC_3275,decoy,Cc1cc(-n2ncc(=O)[nH]c2=O)cc(Cl)c1Oc1ccc(S(=O)(=O)NC2CC2)cc1Cl,CHEMBL57156
DEC_0190,decoy,CC(O)c1ccc(C(Cc2cc[n+]([O-])cc2)c2ccc(OC(F)F)c(OC(F)F)c2)cc1,CHEMBL286392
DEC_2777,decoy,Cc1ccc(Cn2c(NCc3ccccc3)nc3c(N(C)C)nc(C(F)(F)F)nc32)cc1,CHEMBL289971
DEC_3243,decoy,CCC(=O)n1c(O)nc(CC)c1C(=O)c1ccc(-n2ccnc2C)cc1,CHEMBL424588
DEC_0140,decoy,COc1ccc(C[C@H]2[C@H](OC3CC(C)CCC3C(C)C)OC(=O)[C@@H]2Cc2ccc(OC)c(OC)c2)cc1OC,CHEMBL67524
DEC_2706,decoy,CCOC(=O)/C=C/[C@H](C[C@@H]1CCNC1=O)NC(=O)[C@H](Cc1ccc(F)c(F)c1)n1cccc(NC(=O)c2cc(C)on2)c1=O,CHEMBL291277
DEC_0389,decoy,CC(c1ccc(Cl)cc1)(n1ccnc1)n1ccnc1,CHEMBL26072
DEC_0142,decoy,O=C(O)CCCC/C=C(\c1cccnc1)c1ccccc1-c1nc(C(=O)NCCCCC2CCCCC2)co1,CHEMBL291789
DEC_0958,decoy,CCCCOc1nc(C(Cl)(Cl)Cl)c(Cl)c(O)c1Cl,CHEMBL11109
DEC_3080,decoy,Cc1cc(-n2ccc(=O)[nH]c2=O)cc(Cl)c1Sc1ccc(Cl)cc1,CHEMBL10830
DEC_1132,decoy,N#Cc1c(C(=O)NN2CC3CCCC3C2)nc(-c2ccc(Cl)cc2Cl)n1-c1ccc(Cl)cc1,CHEMBL416718
DEC_2467,decoy,CNC(=O)c1ccc(/C=C/C(=O)NCC(=O)N(C)c2ccc(C)c(COc3cccc4c3nc(SC)n4C)c2C)cc1,CHEMBL295428
DEC_2118,decoy,CCCCCc1ncc(-c2ccc(S(=O)(=O)Nc3ccc(CCNC[C@H](O)c4cccnc4)cc3)cc2)o1,CHEMBL39577
DEC_3723,decoy,Cc1ccc(S(=O)(=O)Nc2cccc(SCc3ccc4ccccc4n3)c2)cc1,CHEMBL440459
DEC_3762,decoy,Clc1ccc(C2(Cn3ccnc3)OCC(Cc3ccc(Br)cc3)O2)c(Cl)c1,CHEMBL442148
DEC_3159,decoy,COc1ccc(CCN(C)CC#CCCC(O)(c2ccccc2)C2SCCCS2)cc1OC,CHEMBL287990
DEC_0961,decoy,CCNC(=O)/C(C(=O)O)=C(C)/C=C/C=C(C)/C=C/C1=C(C)CCCC1(C)C,CHEMBL269199
DEC_0704,decoy,C=C1CCC2[C@](C)(CCC[C@]2(C)C(=O)OC)[C@H]1CCC1=CCc2c(O)ccc(O)c2C1,CHEMBL283322
DEC_2629,decoy,COc1cc(OC)nc(OC(C(=O)O)C(OC)(c2ccccc2)c2ccccc2)n1,CHEMBL25344
DEC_3307,decoy,CC(C)N(C(=O)[C@H]1CCC2C3CC=C4C=C([PH](=O)O)CC[C@]4(C)C3CC[C@@]21C)C(C)C,CHEMBL283217
DEC_3793,decoy,Cc1nc(-c2cccs2)ncc1C(=O)N1CCC(N2C(=O)OCc3ccccc32)CC1,CHEMBL31665
DEC_0438,decoy,Cc1c(C(=O)N[C@H](C)[C@](O)(Cn2cncn2)c2ccc(F)cc2F)cnn1-c1ccc(C(F)(F)F)cc1,CHEMBL298646
DEC_1830,decoy,CCN(c1nc(C)cc(-c2ccccc2NC)n1)c1ccc(C(C)C)cc1Br,CHEMBL273745
DEC_1105,decoy,NC1=NC(=O)C2N=C(c3ccc(C(=O)NC(CCC(=O)O)C(=O)O)cc3)COC2N1,CHEMBL17116
DEC_3717,decoy,CC(O)(c1ccc(Cl)cc1Cl)C(O)(Cn1cncn1)c1ccc(Cl)cc1,CHEMBL273500
DEC_1082,decoy,O=P(O)(O)O[C@@H]1CC[C@@H](OP(=O)(O)O)[C@H](OP(=O)(O)O)C1,CHEMBL278700
DEC_0650,decoy,CSCC[C@H](NC(=O)c1ccc(COCc2ccc(-c3ccc(C)cc3)o2)cc1-c1ccccc1C)C(=O)[O-].[Li+],CHEMBL10990
DEC_2079,decoy,C/N=C(/S)[C@@]1(c2cccnc2)CCCC[C@@H]1CC#N,CHEMBL40648
DEC_0109,decoy,Clc1ccc(C2=CCC[C@H]3CCC2N3)cn1,CHEMBL275466
DEC_0029,decoy,CC(C)C1=CC2CC3(C=O)[C@@H]4CC[C@@H](C)[C@H]4CC2(CO[C@H]2C[C@@H]4OC[C@@H](C)[C@@H]4[C@@H](C)O2)C13C(=O)O,CHEMBL296692
DEC_0471,decoy,N#CN/C(=N/Cc1cccnc1)Nc1cccc(/C(=C\CCCC(=O)O)c2cccnc2)c1,CHEMBL418188
DEC_2869,decoy,CC(C)(C)OC(=O)c1ncn2c1CN(C(=O)N1CC(C3CC4(CC4)C3)NCC1C1CC3(CC3)C1)c1cc(Cl)ccc1-2,CHEMBL406995
DEC_0340,decoy,O=C(O)[C@@H]1C[C@H]2C[C@@H](c3cccc(-c4nn[nH]n4)c3)CC[C@H]2CN1,CHEMBL280498
ACT_010,active,COc1ccc2sc(N)cc2c1,CHEMBL4176954
DEC_1863,decoy,CCCCN(C(C)=O)[S+]([O-])(=NC(=O)N(C(C)=O)c1ccc(Cl)cc1)c1ccc(C)cc1,CHEMBL7546
DEC_0780,decoy,CCc1nc(O)n(C(=O)C(C)C)c1C(=O)c1ccc(-n2ccnc2C)cc1,CHEMBL22932
DEC_3154,decoy,CCCCN(Cc1ccc(-c2ccccc2-c2nn[nH]n2)cc1)c1ncnc2cc(C(=O)O)ccc12,CHEMBL448727
DEC_0305,decoy,CC(/N=c1\c(O)c(O)\c1=N/c1ccc(-n2ccnc2)cc1)C(C)(C)C,CHEMBL18830
ACT_060,active,CC1CCCN1CCOc1ccc(Nc2nc(N)n(-c3nc4ccccc4n3C)n2)cc1,CHEMBL5905225
DEC_3555,decoy,CN(C)CCc1c[nH]c(CCC(c2ccccc2)c2ccccc2)n1,CHEMBL11553
DEC_0786,decoy,CCOc1c(N2CCC(C)C2)c(F)cc2c(=O)c(C(=O)O)cn(C3CC3)c12,CHEMBL14990
DEC_2433,decoy,CC[C@@]1(O)C(=O)OCc2c1cc1n(c2=O)Cc2cc3c4c(ccc3nc2-1)OCCN4CCN,CHEMBL41652
DEC_0278,decoy,CCOP(=O)(Nc1ccc(Nc2c3ccccc3nc3ccccc23)cc1)OCC,CHEMBL21116
DEC_0730,decoy,COC(=O)c1oc(C(C)(C)C)cc1NC(=O)Nc1cccc(Cl)c1Cl,CHEMBL18525
DEC_3195,decoy,CO[C@H](C#Cc1ccccc1)C(NS(=O)(=O)c1ccc(-c2ccc(SC)cc2)cc1)C(=O)O,CHEMBL10674
DEC_1576,decoy,COc1ccc2c3c1OC1[C@H](O)[C@](CO)(CCc4ccccc4)CC4C(C2)N(CC2CC2)CCC341,CHEMBL9641
DEC_0774,decoy,CCN1CCN(c2cc3c(cc2F)c(=O)c(C(=O)O)cn3C(C)C)CC1,CHEMBL275411
DEC_2498,decoy,CCOC(=O)C1=C(C[S+]([O-])c2ccccc2)N(CCN(CC)CC)C(C)=C(C#N)C1c1ccccc1C(F)(F)F,CHEMBL73093
DEC_3829,decoy,CC(=O)Nc1ccc2c(S(=O)(=O)Nc3onc(C)c3C)cccc2c1,CHEMBL27187
DEC_0258,decoy,CCC(C)N(C(C)CC)S(=O)(=O)NC(=O)Nc1c(C(C)C)cccc1C(C)C,CHEMBL277001
DEC_0957,decoy,C/C(=N\O)c1ccccc1Sc1cc(F)cc(C2CCOCC2)c1,CHEMBL25142
DEC_2694,decoy,CC/C1=C(\c2ccc(O)cc2)c2ccc(OCC(O)CO)cc2CCc2ccccc21,CHEMBL275825
DEC_1599,decoy,O=C(CCCCCCCn1ccnc1)c1ccccc1,CHEMBL15351
DEC_1419,decoy,COc1cc([C@@H]2c3cc4c(cc3[C@@H](O)[C@H]3COC(=O)[C@H]23)OCO4)cc(OC)c1O,CHEMBL31929
DEC_1558,decoy,O=C1[C@@H](NS(=O)(=O)c2ccc(-c3ccc(Cl)s3)s2)CCN1Cc1cc2cc[nH]cc-2n1,CHEMBL268178
DEC_1521,decoy,COc1cc([C@@H]2c3cc4c(cc3N[C@@H]3COC(=O)N23)OCCO4)cc(OC)c1OC,CHEMBL266787
DEC_0136,decoy,O=C(O)CCCC/C=C(/c1ccc(C2=N[C@@H](C(=O)NCCCCC3CCCCC3)CO2)cc1)c1cccnc1,CHEMBL59547
ACT_092,active,O=C(O[C@H]1Cc2c(O)cc(O)cc2O[C@@H]1c1cc(O)c(O)c(O)c1)c1cc(O)c(O)c(O)c1,CHEMBL126079
DEC_3423,decoy,Cc1cc(-c2c(O)nc3cc(Cl)c(C(=O)Nc4ccncn4)cc3c2OCC[C@@H]2CCC[C@H](C)N2)cc(C)c1C,CHEMBL48879
DEC_1494,decoy,COc1cc2c(cc1OC)[C@]1(c3cc(OC)c(OC)c(OC)c3)OC[C@H](C2)[C@@H]1CO,CHEMBL18530
DEC_3453,decoy,CO[C@@H]1[C@H](N(C)C)CC2O[C@]1(C)n1c3ccccc3c3c4c(c5c6ccccc6n2c5c31)C(=O)OC4,CHEMBL293750
DEC_2664,decoy,CNCc1cc(Nc2cc(C)nc(Nc3nc4cc(Cl)c(Cl)cc4[nH]3)n2)ccc1O,CHEMBL280120
DEC_1066,decoy,CN1Cc2c(C(=O)OC(C)(C)C)ncn2-c2ccc(I)cc2C1=O,CHEMBL6659
DEC_2006,decoy,CC(C)[C@@H]1CC[C@@H](C)C[C@H]1OCC(=O)NCc1ccc(NCc2c(F)cccc2Oc2c(O)cccc2C(=O)O)cc1,CHEMBL114953
DEC_0876,decoy,CCCC(=O)N[C@@H](c1ccccc1)[C@@H](O)C(=O)OC1CC2C(C)(C)C1(C)[C@@]13C[C@H](C)c4ccccc4[C@@]21O3,CHEMBL31626
DEC_1317,decoy,CCCCc1nc2c(n1Cc1ccc(-c3ccccc3-c3nn[nH]n3)cc1)CCC(C(C)C)CC2,CHEMBL38730
DEC_2649,decoy,CN(CCc1ccc2c(c1)OCO2)CC1CCCc2c(NS(C)(=O)=O)cccc21,CHEMBL10216
DEC_2466,decoy,CCCc1nc(CC)c(C(=O)NC)n1Cc1ccc(-c2ccccc2S(=O)(=O)Nc2onc(C)c2C)c(COCC)c1,CHEMBL12557
DEC_3179,decoy,CO[C@H]1[C@H]2O[C@H]2[C@H](OCC23C[C@@H]4[C@H](C)CC[C@H]4C4(C=O)CC2C=C(C(C)C)C34C(=O)O)O[C@@H]1C,CHEMBL283401
DEC_3940,decoy,COc1cccc2c1c1c3c(cc4c1n2C(=O)CC4)CNCC3,CHEMBL276955
DEC_0603,decoy,CC(=O)NC(=S)NC[C@@H]1C[C@@H]2c3ccc(C(C)(C)C)c4[nH]cc(c34)C[C@H]2N(C)C1,CHEMBL14020
DEC_0539,decoy,CC(=O)S[C@@H]1CC2=CC(=O)CCC2(C)C2CCC3(C)C(C21)[C@H]1C[C@H]1[C@@]31CCC(=O)O1,CHEMBL30851
DEC_4032,decoy,CCOc1c(N2CCNC(C)C2)c(F)cc2c(=O)c(C(=O)O)cn(C3CC3)c12,CHEMBL15372
DEC_0191,decoy,COC1(OC)C=CC(C2(C3=CCC(OC)(OC)C=C3)Sc3ccccc3-n3cccc32)=CC1,CHEMBL429774
DEC_0138,decoy,O=C(O)CCCC/C=C(\c1ccc(C2=N[C@@H](C(=O)NCCCCC3CCCCC3)CO2)cc1)c1cccnc1,CHEMBL56778
DEC_1176,decoy,Nc1nc2c(cnn2Cc2ccc(F)cc2)c2nc(-c3ccco3)nn12,CHEMBL17302
DEC_1632,decoy,CCNC(=O)/C=C(C)/C=C/CC(C)CCCC(C)C,CHEMBL36757
DEC_0506,decoy,CS(=O)(=O)c1ccc(C2=C(c3cncc(Br)c3)C(=O)CC2)cc1,CHEMBL24381
DEC_2442,decoy,CN1CCC23c4c5ccc(O)c4O[C@H]2[C@@H](OC2C=CC(O)C(C(=O)O)O2)C=C[C@H]3[C@H]1C5,CHEMBL280206
DEC_3455,decoy,Cc1nc(-c2c3n(c4c(N5CCN(CCc6ccccc6)CC5)ncnc24)CCCC3)sc1C,CHEMBL26892
DEC_3371,decoy,Cc1ccccc1-c1nc(N(C(N)=O)c2c(F)cccc2F)c2ncn(C)c2n1,CHEMBL18392
DEC_3368,decoy,Cn1cnc2c(N(C(N)=O)c3c(F)cccc3F)nc(-c3cccc(F)c3)nc21,CHEMBL275162
DEC_2887,decoy,O=c1c2ccccc2c2ccccc2n1CC#Cc1cc2c(s1)-n1c(CO)nnc1CN=C2c1ccccc1Cl,CHEMBL19917
DEC_2359,decoy,C[C@@H](O)[C@H]1C(=O)N2C(C(=O)O)=C(S[C@@H]3CN[C@@H](c4ccc(CN)c5ccccc45)C3)[C@H](C)[C@H]12,CHEMBL17700
DEC_2273,decoy,Cc1cc(C)c2c(c1)COP(=O)(OCC1CCC(n3cnc4c(N)ncnc43)O1)O2,CHEMBL42698
DEC_0702,decoy,CCCCc1oc2ccccc2c1C(O)c1ccc2c(Br)c(O)ccc2c1,CHEMBL278096
DEC_4030,decoy,COc1c(N2CCNC(C)C2)c(F)cc2c(=O)c(C(=O)O)cn(C3CC3)c12,CHEMBL31
DEC_3209,decoy,O=C(c1cccs1)C(O)(Cn1ccnc1)c1ccc(Cl)cc1,CHEMBL276017
DEC_3332,decoy,Cc1cc(C(=O)Nc2ccc(-c3cccnc3)cc2F)n(-c2ccc3cc(Cl)ccc3c2)n1,CHEMBL20815
DEC_2052,decoy,CO[C@H]1O[C@]2(C)OO[C@]13[C@H](CCO)CCC[C@@H]3CC2(C)C,CHEMBL280150
DEC_3017,decoy,CSc1ccc(-c2cc(C(F)(F)F)nn2-c2ccc(S(N)(=O)=O)cc2)cc1C,CHEMBL28913
DEC_2297,decoy,CCOc1nc2c(n1Cc1ccc(O)c(Cl)c1)C(=O)N(CC)C1=N[C@@H]3CCC[C@@H]3N12,CHEMBL24543
DEC_2579,decoy,CCn1cc(C(=O)O)c(=O)c2c(N3CCN(C)CC3)c(F)c(F)c(F)c21,CHEMBL25339
DEC_1359,decoy,CC(=O)[C@@]12O[C@](C)(c3ccc(F)cc3)O[C@@H]1CC1C3CCC4=CC(=O)CC[C@]4(C)C3CC[C@@]12C,CHEMBL273837
DEC_3285,decoy,N=C(N)c1ccc(CN(NS(=O)(=O)c2ccc3ccccc3c2)C(=O)N2CCCCC2)cc1,CHEMBL41220
DEC_0117,decoy,CCCc1cc2c(c(Br)c1O)CCO2,CHEMBL7477
DEC_3004,decoy,CN1CCC23c4c5ccc(O)c4OC2[C@H]2OC[C@@]2(CCCc2ccccc2)CC3C1C5,CHEMBL417605
DEC_1934,decoy,COc1cc2c(cc1C(F)(F)F)N(C(=O)Nc1cccc(-c3cnccc3C)c1)CC2,CHEMBL273345
DEC_0719,decoy,CCCCC(O)c1nc2c(C(F)(F)F)cccc2c(O)c1C(=O)Nc1nccs1,CHEMBL36183
DEC_3145,decoy,CC1(C)CCC[C@@](C)(C2CC[C@]3(C)C2[C@H](O)CC2[C@@]4(C)CC[C@H](O)C(C)(C)C4[C@@H](O)C[C@]23C)O1,CHEMBL29084
DEC_0241,decoy,Cc1cc(C)cc(-c2[nH]c3ccccc3c2CCNCCCCc2c[nH]cn2)c1,CHEMBL11375
DEC_0628,decoy,CC1CN(C(=O)N2Cc3c(C(=O)OC(C)(C)C)ncn3-c3ccc(Cl)cc32)CC(C)N1,CHEMBL15143
DEC_3038,decoy,COc1cccc2c1CCC1CN(CCn3c(=O)[nH]c4c(oc5ccccc54)c3=O)CC21,CHEMBL417890
DEC_1798,decoy,c1ccc(C(=N/Nc2ccc(C3CCCCC3)cc2)/N=N/c2nnnn2-c2ccccc2)cc1,CHEMBL23068
DEC_0075,decoy,CCCCC(NC(=O)OCc1ccccc1)C(=O)N[C@@H](CO)C(=O)N[C@@H](CC(C)C)C(=O)NCc1ccccc1,CHEMBL42202
DEC_1601,decoy,c1ccc(CCCNCCCc2ccccc2)cc1,CHEMBL20166
DEC_1816,decoy,CCSc1ccnc(C[S+]([O-])c2nc3ccccc3n2CSc2ccccc2)c1C,CHEMBL9829
ACT_076,active,CC(=O)c1ccccc1NC(=O)c1ccc(OCCCCC[n+]2ccccc2)cc1,CHEMBL2159663
DEC_1014,decoy,Cn1cncc1C(O)(c1ccc(Cl)cc1)c1cc2c3c(c1)c(-c1cccc(Cl)c1)cc(=O)n3CCO2,CHEMBL290833
DEC_0757,decoy,C[S+]([O-])c1nnc(-c2cc(C(C)(C)C)c(O)c(C(C)(C)C)c2)s1,CHEMBL16522
DEC_2234,decoy,Oc1cc(NC[C@@H]2CCC[C@@H]2NCc2ccc(Cl)c(Cl)c2)nc2ccccc12,CHEMBL276998
DEC_3123,decoy,NS(=O)(=O)c1ccc(-n2nc(C(F)(F)F)cc2-c2cc(Cl)ccc2Cl)cc1,CHEMBL286256
DEC_2545,decoy,CCOC(=O)N1CCC2(CC1)CC(=O)C(C)O2,CHEMBL40045
DEC_2029,decoy,CC[C@H](NC(=O)N1C(=O)CC1SC[C@H](CC(C)C)NC(=O)[C@@H](NC(=O)CC(C)(C)C)C(C)(C)C)c1ccccc1,CHEMBL35353
DEC_3326,decoy,COc1cc2c(cc1C(F)(F)F)N(C(=O)Nc1cccc(-c3c(C)ccnc3C)c1)CC2,CHEMBL274066
DEC_2246,decoy,COc1ccc2[nH]c3c(O)c(-c4c(C)cc5c([nH]c6ccc(OC)cc65)c4O)c(C)cc3c2c1,CHEMBL8181
DEC_1247,decoy,COc1ccc([S+]([O-])c2ccc(C3(C4CCN(C5CCN(C(=O)c6ccccc6C)CC5)CC4)O[C@H](C)[C@@H](C)O3)cc2)cc1,CHEMBL116404
DEC_3614,decoy,CC(C)N(C(=O)[C@H]1CCC2C3CC=C4C=C(P(=O)(O)O)CC[C@]4(C)C3CC[C@@]21C)C(C)C,CHEMBL24969
DEC_3559,decoy,CCCCCC(C)(O)c1cccc(OCc2ccc3ccccc3n2)c1,CHEMBL8384
DEC_2180,decoy,C[C@@H]1[C@@H](N)CN1c1cc2c(cc1F)c(=O)c(C(=O)O)cn2C1CC1,CHEMBL19760
DEC_3534,decoy,COc1ccc([C@H](Cc2ccncc2)c2ccsc2)cc1OC1CCCC1,CHEMBL286998
DEC_3458,decoy,COc1ccc(C(c2ccc(C(C)C)cc(=O)c2O)c2c(O)oc3ccccc3c2=O)cc1,CHEMBL274946
DEC_2641,decoy,CCCCc1nn(CC(C)(C)C)c(=O)n1Cc1ccc(-c2ccccc2-c2nn[nH]n2)cc1,CHEMBL19202
DEC_3595,decoy,CCC(C)c1ccc(Oc2ccc(C)cc2CC(=O)O)c(Cl)c1,CHEMBL27482
DEC_3821,decoy,Cc1[nH]c(/C=C2\C(=O)Nc3ccccc32)c(C)c1CCCN1CCN(C)CC1,CHEMBL430155
DEC_3494,decoy,CC(C)c1ccc(C(c2ccc3c(c2)OCO3)c2ccc(C(C)C)cc(=O)c2O)c(O)c(=O)c1,CHEMBL19582
DEC_1084,decoy,Nc1nc(O)c2ncn([C@@H]3C=C4C[C@](CC(=O)O)(C(=O)O)O[C@H]4[C@H]3O)c2n1,CHEMBL20332
DEC_2950,decoy,CCCCc1nc2ccc(C3CC(C(=O)O)=NO3)cc2c(=O)n1Cc1ccc(-c2ccccc2-c2nn[nH]n2)cc1,CHEMBL47872
DEC_0330,decoy,Cc1ccc2[nH]c([S+]([O-])Cc3ccc(C)c(C)c3N)nc2c1,CHEMBL20351
DEC_4035,decoy,O=C(O)CN1CCC2(CCC(C(=O)N3CCN(c4ccncc4)CC3)CC2)CC1,CHEMBL280622
ACT_056,active,COc1nc(N2C[C@@H]3[C@](c4ccccc4F)(C2)NC(=N)N(C)S3(=O)=O)nc(C)c1F,CHEMBL4110695
DEC_2741,decoy,CC(C)(C)NC(=O)[C@@H]1CN(CCCC(F)(F)F)CCN1C[C@@H](O)C[C@@H](Cc1ccccc1)C(=O)NC1c2ccccc2C[C@H]1O,CHEMBL151617
DEC_1551,decoy,CCCN1CCN(C2=Nc3ccc(CC)cc3CC=C2c2ccccc2)CC1.O=C(O)/C=C/C(=O)O,CHEMBL16635
DEC_2348,decoy,CC(=O)NC1=C(C)C(=O)c2c(nc3n2CCC3)C1=N,CHEMBL17628
DEC_0310,decoy,CC1(C)CC1C(=O)N/C(=C\CCCBr)C(=O)O,CHEMBL11321
DEC_2991,decoy,C[S+]([O-])c1ccc(-c2nc3n(c2-c2ccc([S+](C)[O-])cc2)CC[S+]3[O-])cc1,CHEMBL17343
DEC_4248,decoy,CCNC(C)C1CCN(c2cc3c(c(N)c2F)c(=O)c(C(=O)O)cn3C2CC2)C1,CHEMBL15312
DEC_0648,decoy,Nc1nc2c(cnn2CCc2ccc(S(=O)(=O)N(CCCl)CCCl)cc2)c2nc(-c3ccco3)nn12,CHEMBL278805
DEC_2903,decoy,CN(C)CCCNC(=O)c1cc(C(C)(C)C)cc2c1Oc1c(C(=O)NCCCN(C)C)cc(C(C)(C)C)cc1C2(C)C,CHEMBL276818
DEC_2505,decoy,O=NN(CCCl)C(=O)NC1CC2CCC1C2,CHEMBL268495
DEC_1433,decoy,COc1cc2nc(N3CCC(C(=O)N4CCOCC4)CC3)nc(N)c2cc1OC,CHEMBL6610
DEC_0568,decoy,CC(C)c1ccccc1Sc1c(O)cc(-c2cccc([N+](=O)[O-])c2)oc1=O,CHEMBL275937
DEC_1380,decoy,CC1(C)CC[C@]2(C(=O)O)CC[C@]3(C)C(CC=C4[C@@]5(C)C=CC(=O)C(C)(C)[C@@H]5CC[C@]43C)C2C1,CHEMBL416274
DEC_4125,decoy,CCCCc1nc2ccc(C3CCC4CCCCC4O3)cc2c(=O)n1Cc1ccc(-c2ccccc2-c2nn[nH]n2)cc1,CHEMBL301827
DEC_3488,decoy,COc1cc(NS(C)(=O)=O)ccc1Nc1c2c(nc3ccccc13)-c1ccccc1C2C,CHEMBL23547
DEC_3020,decoy,CC(C)(C)C(=O)Oc1ccc(S(=O)(=O)c2ccc(OC(=O)C(C)(C)C)cc2)cc1,CHEMBL9923
DEC_4283,decoy,Cc1cc(NS(=O)(=O)c2cccc3c(N(C)C)cccc23)on1,CHEMBL25854
DEC_1547,decoy,CCCc1nc2c(n1Cc1ccc(-c3ccccc3-c3nn[nH]n3)cc1)/C(=C/C(=O)O)CCCC2,CHEMBL42995
DEC_0264,decoy,CCCCN(CCCC)S(=O)(=O)NC(=O)Nc1c(C(C)C)cccc1C(C)C,CHEMBL281391
DEC_3682,decoy,CCCCc1nc2ccc(NC(=O)NCC)cc2c(=O)n1Cc1ccc(-c2ccccc2S(=O)(=O)NC(=O)Oc2occc2C)cc1,CHEMBL354298
DEC_2187,decoy,CC(C)(C)/N=c1\c(O)c(O)\c1=N/Cc1c(Cl)cccc1Cl,CHEMBL19477
DEC_3237,decoy,CONC1=NC(=O)/C(=C/c2cc(C(C)(C)C)c(O)c(C(C)(C)C)c2)S1,CHEMBL15791
DEC_2366,decoy,COCC#CCC(NS(=O)(=O)c1ccc(-c2ccc(Br)cc2)cc1)C(=O)O,CHEMBL10809
DEC_2698,decoy,CC/C1=C(\c2ccc(O)cc2)c2ccc(OCC(O)CO)cc2SCc2ccccc21,CHEMBL278888
DEC_0179,decoy,CCCc1cc(Cn2c(CC)nc3c(C)cc(C)nc32)cc(CCC)c1OC(C(=O)O)c1ccc2c(c1)OCO2,CHEMBL275179
DEC_3876,decoy,C[C@](Cc1c[nH]c2ccccc12)(NC(=O)OC1C2CC3CC(C2)CC1C3)C(=O)N1C[C@H](Oc2ccc([N+](=O)[O-])cc2)C[C@@H]1C(=O)O,CHEMBL423119
DEC_0586,decoy,Cc1ccc(N/N=C(\N=N\c2nnnn2-c2ccccc2)c2ccccc2)cc1,CHEMBL283768
DEC_0802,decoy,Cc1ccc(Sc2cncc3sc(/C=N/O)cc23)cc1,CHEMBL6258
DEC_2092,decoy,Cc1c(-c2ccc(-n3ccnc3)cc2)cnc(O)c1C#N,CHEMBL274206
DEC_2374,decoy,C=C1/C=C(\C)[C@H](CC)OC(=O)[C@H](C)C(=O)[C@@](O)(CO)C/C(OCC(F)(F)F)=C/[C@@H](C)C1,CHEMBL32487
DEC_0581,decoy,C(=C/c1cccc(-c2nn[nH]n2)c1)\c1cccc(OCc2ccc3ccccc3n2)c1,CHEMBL18381
DEC_3689,decoy,CC(NCCc1cccs1)c1ccccc1N1CCN(C(=O)[C@@H](Cc2ccc(Cl)cc2)NC(=O)[C@H]2Cc3ccccc3CN2)CC1,CHEMBL362147
DEC_2912,decoy,CCNC(=O)c1c(C)nc(CC)n1Cc1ccc2oc(-c3ccccc3NS(=O)(=O)C(F)(F)F)c(Br)c2c1,CHEMBL62553
DEC_3085,decoy,CSc1ccc(-c2nc3n(c2-c2ccc(SC)cc2)CCS3)cc1,CHEMBL17310
DEC_3258,decoy,CC1=C(C(=O)OC(c2ccccc2)c2ccccc2)N2C(=O)[C@@H](NC3=NCC(C)N3)C2SC1,CHEMBL269316
DEC_3629,decoy,CCN(CC)Cc1cc(Nc2cc(C(F)(F)F)nc(/N=C(\N)Nc3ccccc3)n2)ccc1O,CHEMBL283769
DEC_3242,decoy,Cc1cc(C(c2ccccc2OC(C)C)N2CCN(C)CC2)sn1,CHEMBL25392
DEC_0301,decoy,CC1(C)OB(C(CCCCl)P(=O)(O)O)OC1(C)C,CHEMBL279438
DEC_1619,decoy,CCCCCC(O)c1cccc(OCc2ccccn2)c1,CHEMBL8704
DEC_0406,decoy,NC(=O)c1ccc2[nH]c(-c3cc(CCC(=O)O)cc(Br)c3O)c(Cc3ccccc3)c2c1,CHEMBL433079
DEC_2810,decoy,CCOC(=O)Nc1cc2c(c(N)n1)N=C(CN(C)c1ccc(Cl)cc1)CN2,CHEMBL8934
DEC_4031,decoy,CNn1cc(C(=O)O)c(=O)c2cc(F)c(N3CCN(C(C)C)CC3)cc21,CHEMBL12492
DEC_1213,decoy,CC(=O)OCC(=O)[C@@]1(OC(=O)c2cccs2)C(C)CC2C3CCC4=CC(=O)C=CC4(C)[C@@]3(Cl)C(Cl)CC21C,CHEMBL10461
DEC_3361,decoy,CC(C)(C)NC(=O)[C@H]1CCC2C3CCC4=C(C#N)C(=O)CC[C@]4(C)C3CC[C@@]21C,CHEMBL25196
DEC_0514,decoy,NS(=O)(=O)c1ccc(-n2nc(C(F)(F)F)cc2-c2csc3ccccc23)cc1,CHEMBL29397
DEC_0763,decoy,CC(C)[C@H]1OC(=O)O[C@]1(Cn1cncn1)c1ccc(Cl)cc1Cl,CHEMBL10649
DEC_0466,decoy,Cc1ccc(S(=O)(=O)N/N=C/c2cc3c(cc2[N+](=O)[O-])NC(CNC(C)C)CC3)cc1,CHEMBL42113
DEC_0791,decoy,CCC(S(=O)(=O)c1ccc(Cl)cc1)S(=O)(=O)C(F)(F)F,CHEMBL11972
DEC_4003,decoy,Nc1ccc(CCCn2ncc3c2nc(N)n2nc(-c4ccco4)nc32)cc1,CHEMBL281805
DEC_0030,decoy,CC(C)C1=CC2CC3(C=O)[C@@H]4CC[C@@H](C)[C@H]4CC2(CO[C@H]2C[C@H]4[C@H](OC[C@H]4C)[C@@H](C)O2)C13C(=O)O,CHEMBL439303
DEC_4212,decoy,O=C(N[C@@H]1C[C@@H](O)C[C@H]1OC(=O)c1cc(O)c(C(=O)c2c(O)cccc2C(=O)O)c(O)c1)c1ccc(O)cc1,CHEMBL309034
DEC_0910,decoy,CC(=O)N[C@@H](Cc1ccc(OP(=O)(O)O)cc1)C(=O)NC(CCC(=O)O)C(=O)N[C@@H](Cc1c[nH]c2ccccc12)C(N)=O,CHEMBL278824
DEC_1402,decoy,COc1cc([C@@H]2c3cc4c(cc3N[C@H]3COC(=O)N23)OCO4)cc(OC)c1OC,CHEMBL8832
DEC_4010,decoy,CCOC(=O)[C@H]1[C@H]2C[C@H]3c4cc5c(cc4CCN3C[C@H]2CC[C@H]1O)OCO5,CHEMBL25979
DEC_0451,decoy,CCC(N)c1ccc([C@H]2C[C@H](SC3=C(C(=O)O)N4C(=O)[C@H]([C@@H](C)O)[C@H]4[C@H]3C)CN2)cc1,CHEMBL417267
DEC_3931,decoy,Cc1cc(C(c2ccc(C)c(C)c2)N2CCN(C)CC2)sn1,CHEMBL22942
DEC_3029,decoy,O=C(OC1CN2CCC1CC2)C(O)(c1ccccc1)c1ccccc1Br,CHEMBL12897
DEC_1781,decoy,CNc1ncnc2c1ncn2Cc1c(F)cccc1F,CHEMBL267163
DEC_3564,decoy,COc1cc(C(=O)O)ccc1/C=C(C)/C=C/C1=C(C)CCCC1(C)C,CHEMBL24770
DEC_4168,decoy,CCc1nn(Cc2ccc(-c3ccccc3-c3nn[nH]n3)cc2)/c(=N/C(=O)c2ccccc2Cl)s1,CHEMBL287116
DEC_2231,decoy,Oc1cc(NC[C@H]2CCC[C@H]2NCc2ccc(Cl)c(Cl)c2)nc2ccccc12,CHEMBL22655
DEC_1415,decoy,COC(=O)OC1CCn2c3c(c(COC(N)=O)c21)C(=O)C(OC)=C(C)C3=O,CHEMBL18199
DEC_3132,decoy,COc1cccc2c1C1CN(CCn3c(=O)[nH]c4c(sc5ccccc54)c3=O)CC1CC2,CHEMBL434591
DEC_3993,decoy,CCOC(=O)[C@H](Cc1ccc(OC(=O)c2cccs2)cc1)NC(=O)C1(NC(=O)[C@H](SC(C)=O)C(C)C)CCCC1,CHEMBL430880
DEC_2372,decoy,CC(C)[C@@H](CN1CC[C@@](C)(c2cccc(O)c2)[C@@H](C)C1)NC(=O)[C@H]1Cc2ccc(O)cc2CN1,CHEMBL415247
DEC_1353,decoy,Cc1cc(C)cc(NC(=O)Cc2ccc(OC3(C(=O)N[C@@H](C(=O)O)C(C)C)CCCC3)cc2)c1,CHEMBL18289
DEC_0498,decoy,Brc1cccc(Br)c1N(Cc1cccs1)C1=NCCN1,CHEMBL278118
DEC_2944,decoy,Cc1cc(C)c(NS(C)(=O)=O)c(C)c1NC(=O)c1sccc1S(=O)(=O)Nc1onc(C)c1Cl,CHEMBL292111
DEC_3413,decoy,O=C(NC(Cc1ccccc1)C(O)CN1C/C=C\CCCCCCCC(c2ccccc2)OC1=O)O[C@H]1CO[C@H]2OCC[C@H]21,CHEMBL59405
DEC_3566,decoy,O=C(O)Cc1cc(Cl)ccc1Oc1cc(Cl)ccc1Cl,CHEMBL30175
DEC_4255,decoy,OC(CCCN1CCN(c2nccc3sccc23)CC1)c1ccc(F)cc1,CHEMBL15560
DEC_2015,decoy,O=C(O)CCCCC[C@H]1[C@H](CNS(=O)(=O)c2ccc(Cl)cc2)C2CC1(c1ccc(-c3ccccc3)cc1)CO2,CHEMBL275297
DEC_0091,decoy,C1CCC2N=C(NC(C3CC3)C3CC3)CC2C1,CHEMBL40287
DEC_2797,decoy,Cc1cc(C)cc(Oc2nccc(-c3c(-c4ccc(F)cc4)ncn3C3CCNCC3)n2)c1,CHEMBL417255
DEC_0625,decoy,Cc1ccc2c(c1)N(C(=O)N1CCN[C@H](C)C1)Cc1c(C(=O)OC(C)(C)C)ncn1-2,CHEMBL274685
DEC_1757,decoy,CC(/C=C/C(=O)C1=C(O)CN(C)C1=O)=C\C1CCCCO1,CHEMBL10300
DEC_4299,decoy,Nc1nc(O)c2c(S(=O)(=O)c3ccc4ccccc4c3)cccc2n1,CHEMBL269511
DEC_3176,decoy,CC(C)CNS(=O)(=O)c1ccc2c(c1)/C(=C/c1[nH]c3c(c1CCCN(C)C)CCCC3)C(=O)N2,CHEMBL299724
DEC_2050,decoy,O=C(O)CCC/C=C\C[C@H]1/C(=N/OC(c2ccccc2)c2ccccc2)CC[C@@H]1NS(=O)(=O)c1ccc(F)cc1,CHEMBL278776
DEC_3571,decoy,CC[C@H](c1ccc(O)cc1)[C@@H](CBr)c1ccc(O)cc1,CHEMBL24212
DEC_1037,decoy,C[C@H]1CN(C(=O)N2Cc3c(C(=O)OC(C)(C)C)ncn3-c3ccc(C(F)(F)F)cc32)CCN1,CHEMBL15052
DEC_1454,decoy,Nc1ccc(CCn2ncc3c2nc(N)n2nc(-c4ccco4)nc32)cc1,CHEMBL22316
DEC_2329,decoy,NC(=O)c1cc2c(cc1N)NCCN2CCCl,CHEMBL21319
DEC_3144,decoy,CC1(C)CCC[C@](C)(C2CC[C@]3(C)C2[C@H](O)CC2[C@@]4(C)CC[C@H](O)C(C)(C)C4[C@@H](O)C[C@]23C)O1,CHEMBL283809
DEC_0284,decoy,CC(C)(C)n1cc(C(=O)O)c(=O)c2cc(F)c(N3C[C@@H](N)[C@H](F)C3)nc21.CS(=O)(=O)O,CHEMBL25851
DEC_2269,decoy,CCOC(=O)Oc1cc2ccc(SC3SC(=O)NC3=O)cc2cc1OC(=O)OCC,CHEMBL30947
DEC_0172,decoy,CCCCCCC[N+](CC)(CC)C/C=C/Cc1ccc(Cl)cc1.Cc1ccc(S(=O)(=O)[O-])cc1,CHEMBL31434
DEC_1990,decoy,O=C(Cn1cc(C(F)(F)F)ccc1=O)NCc1cc2cc(C(=O)N3CCC(N4C(=O)OCc5ccccc54)CC3)ccc2o1,CHEMBL31065
DEC_3060,decoy,CC(C)Oc1nnc(-c2cc(C(C)(C)C)c(O)c(C(C)(C)C)c2)s1,CHEMBL16854
DEC_3398,decoy,CN1C(=O)CC[C@]2(C)C3CC[C@@]4(C)C(CC[C@@]4(O)C#CCCBr)C3CCC12,CHEMBL10163
DEC_0811,decoy,Cn1c(O)nnc1-c1cc(C(C)(C)C)c(O)c(C(C)(C)C)c1,CHEMBL12441
DEC_1365,decoy,Brc1ccc(-c2nc3n(c2-c2ccc(Br)cc2)CCS3)cc1,CHEMBL17685
DEC_2247,decoy,O=C(Cc1ccc2ccccc2c1)Nc1cccc(NC(=O)c2cc(Cl)cc(Cl)c2)c1,CHEMBL268519
DEC_0088,decoy,CC12N[C@H](CC3CCCCC31)C1CCCCC12,CHEMBL9477
DEC_2337,decoy,CO[C@H]1C[C@@H](C(=O)O)N(C(=O)[C@H](C)CS)C1,CHEMBL16138
DEC_2408,decoy,O=C(O)CC(=O)N1CCC(C(=O)N2CCC3(CCN(c4ccncc4)CC3)C2)CC1,CHEMBL275113
DEC_3817,decoy,O=C1NCN(c2ccccc2)C12CCN(C1Cc3cccc4cccc1c34)CC2,CHEMBL281274
DEC_2817,decoy,CC12CCC(C1)C(C)(C)C2OC(=O)[C@H](NC(=O)[C@@H](N)CC(=O)O)c1ccc(O)cc1,CHEMBL9799
DEC_2421,decoy,CC1(C)O[C@H]2[C@@H]3OC(C(F)(F)F)(C(F)(F)F)O[C@@H]3CO[C@@]2(COS(N)(=O)=O)O1,CHEMBL25971
DEC_2628,decoy,COc1cc(OC)nc(O[C@H](C(=O)O)C(OC)(c2ccccc2)c2ccccc2)n1,CHEMBL23261
DEC_0216,decoy,C[C@@H](n1cnc2cc(-c3ccc(F)cc3)sc2c1=O)[C@](O)(Cn1cncn1)c1ccc(F)cc1F,CHEMBL430751
DEC_1997,decoy,CC(=O)c1cccc(NC(=O)NC2N=C(c3ccccc3F)c3cccc(C)c3N(CC(=O)N3CC4CCC(CC4)C3)C2=O)c1,CHEMBL50215
DEC_2636,decoy,CCN1C(=O)N(CC(COc2ccc(-c3ccc(C#N)cc3)cc2)N(O)C=O)C(=O)C1(C)C,CHEMBL288592
DEC_3201,decoy,Cc1ccc(Sc2cncc3sc(/C=N/OCC(=O)O)cc23)cc1,CHEMBL6316
DEC_1855,decoy,COc1cccc2c1CC[C@H]1CN(CCn3c(=O)[nH]c4c(sc5ccc(C)cc54)c3=O)C[C@@H]21,CHEMBL40310
DEC_1864,decoy,Fc1ccc(-c2ncn(C3CCNCC3)c2-c2ccnc(Oc3cc(F)cc(F)c3)n2)cc1,CHEMBL14339
DEC_2116,decoy,CCCCc1nc(-c2ccc(S(=O)(=O)Nc3ccc(CCNC[C@H](O)c4cccnc4)cc3)cc2)no1,CHEMBL286139
DEC_0076,decoy,CCCCC(=O)N[C@@H](Cc1ccccc1)C(=O)N[C@H](C(=O)N[C@@H](C)C(=O)N[C@@H](CC(C)C)C(N)=O)C(C)C,CHEMBL76898
DEC_1916,decoy,COc1cc2c(cc1OC)[C@@H]1C(=O)c3ccc4c(c3O[C@@H]1CO2)Cc1cc(C(C)C)oc1C4,CHEMBL297635
DEC_1100,decoy,CCCC1=C(C(=O)O)N2C(=O)[C@@H](NC(=O)[C@H](N)c3ccc(O)cc3)[C@H]2CO1,CHEMBL277097
DEC_0281,decoy,COC(=O)[C@@H]1CSCc2ccc(O)c(C)c2C(=O)OCC(NC(=O)OC(C)(C)C)C(=O)N1,CHEMBL40334
DEC_4136,decoy,CCCCc1nc2ccc([C@@H]3C[C@H]4CCCCN3O4)cc2c(=O)n1Cc1ccc(-c2ccccc2-c2nn[nH]n2)cc1,CHEMBL300105
DEC_3185,decoy,CCCCc1nc2ccn(CC(=O)O)c(=O)c2n1Cc1ccc(-c2ccccc2-c2nn[nH]n2)cc1,CHEMBL42631
DEC_3401,decoy,Cc1nc2cnccc2n1CC1CCN(C(=O)/C=C(/c2ccccc2)c2ccc(/N=N\c3ccc(O)c(C(=O)O)c3)cc2)CC1,CHEMBL102620
DEC_0629,decoy,C[C@@H]1CN(C(=O)N2Cc3c(C(=O)OC(C)(C)C)ncn3-c3ccc(Cl)cc32)C[C@@H](C)N1,CHEMBL14914
DEC_2531,decoy,CCN1CCN(c2cccc3c2OCCO3)CC1,CHEMBL26905
DEC_3719,decoy,CCCc1cc(S)cc(=O)n1Cc1ccc(-c2ccccc2-c2nn[nH]n2)cc1,CHEMBL23778
DEC_0823,decoy,CC[C@@H]1C[C@H](C)c2cc3c(C(F)(F)F)cc(O)nc3cc2N1,CHEMBL7373
DEC_3130,decoy,COc1cc(O)c2c(c1)C(=O)c1cc(C(Br)Br)cc(OC)c1C2=O,CHEMBL290562
DEC_2787,decoy,COc1ccc2c(c1)c(SC(C)C)c(C(=O)Nc1nn[nH]n1)n2-c1ccccc1,CHEMBL27676
DEC_0569,decoy,CSc1sc(C(=N)N)cc1-c1nc(-c2ccc3c(c2)CCCC3)cs1,CHEMBL280975
DEC_4109,decoy,CCc1c[n+]([O-])ccc1CC(c1ccc(C(O)(C(F)(F)F)C(F)(F)F)cc1)c1ccc(OC(F)F)c(OC(F)F)c1,CHEMBL103859
DEC_1120,decoy,CN1CCC(CC(=O)N2CCN([C@H]3c4ccc(Cl)cc4CCc4cc(Br)cnc43)CC2)CC1,CHEMBL305431
DEC_1158,decoy,c1cc(Sc2ccc3c(c2)OCCO3)ccc1NC1=NCCN1,CHEMBL9649
DEC_1140,decoy,Cc1nnc2n1-c1sc(C#CCN3C(=O)C4(C)CCCc5cccc3c54)cc1C(c1ccccc1Cl)=NC2,CHEMBL283525
DEC_0598,decoy,CC1(C)O[C@@H]2CC3C4C[C@H](F)C5=CC(=O)C=CC5(C)[C@@]4(F)C(O)CC3(C)C2(C(=O)CO)O1,CHEMBL279775
DEC_0056,decoy,CCN(CC(=O)N[C@@H](CC(=O)O)C(=O)N[C@H](CCCC1CCCCC1)C(=O)O)C(=O)CCCC1CCNCC1,CHEMBL83047
DEC_1790,decoy,FC(F)(F)COc1nc(C(Cl)(Cl)Cl)c(Cl)c(OCC(F)(F)F)c1Cl,CHEMBL11278
DEC_4127,decoy,Cc1c(-c2cccnc2)n(CCCCP(=O)(O)OC2CCc3ccccc3N(CC(=O)O)C2=O)c2ccccc12,CHEMBL54520
DEC_2958,decoy,CCCC(=O)O[C@H]1C(O)[C@H](OCC23C[C@@H]4[C@H](C)CC[C@H]4C4(C=O)CC2C=C(C(C)C)C34C(=O)O)O[C@H](C)[C@H]1OC,CHEMBL428678
DEC_3744,decoy,O=S1(=O)c2cccc3cccc(c23)N1CCCN1CC=C(c2c[nH]c3ccccc23)CC1,CHEMBL19613
DEC_1509,decoy,COc1cc2c(c(OC)c1OC)-c1ccc(SC)c(=O)cc1[C@@H](NC=O)CC2,CHEMBL279958
DEC_3948,decoy,Cn1cc(C2=NCC3(CN4CCC3CC4)O2)c2cc(O)ccc21,CHEMBL8261
DEC_2457,decoy,CC(C)(CC[C@H](SCc1ccccc1C(C)(C)O)c1cccc(/C=C/c2ccc3ccc(Cl)cc3n2)c1)CC(=O)[O-].[Na+],CHEMBL273343
DEC_1321,decoy,O=C1NCCN1CCCCCN1CCC(c2cn(-c3ccc(F)cc3)c3ccc(Cl)cc23)CC1,CHEMBL418160
DEC_3791,decoy,CCN1C(=O)c2c(nc(Cc3ccccc3)n2Cc2ccc(Cl)cc2)N2C1=N[C@@H]1CCC[C@@H]12,CHEMBL423838
DEC_3271,decoy,CO[C@@]1(NC2=NCCN2)C(=O)N2C(C(=O)OC(c3ccccc3)c3ccccc3)=C(C)CSC21,CHEMBL13113
DEC_1008,decoy,COC(=O)[C@]12CCC(C)(C)CC1C1=CC[C@@H]3[C@@]4(C)C=C(C(=O)O)C(=O)C(C)(C)[C@@H]4CC[C@@]3(C)[C@]1(C)CC2,CHEMBL293517
DEC_3782,decoy,COc1c(Cl)cc(-c2nc(C(F)(F)F)cn2-c2ccc(S(C)(=O)=O)cc2)cc1Cl,CHEMBL42408
DEC_1367,decoy,COC(=O)[C@]12CCC(C)(C)CC1C1=CC[C@@H]3[C@@]4(C)C=CC(=O)C(C)(C)[C@@H]4CC[C@@]3(C)[C@]1(C)CC2,CHEMBL446352
DEC_3680,decoy,CCOc1cc2ncc(C#N)c(Nc3ccc(OCc4ccccc4)c(Cl)c3)c2cc1NC(=O)/C=C/CN1CCC(O)(O)CC1,CHEMBL362824
DEC_2090,decoy,CC1(C)OC[C@@H](C/C=C\CCC(=O)O)[C@@H](c2cnco2)O1,CHEMBL417816
DEC_2611,decoy,C[C@]12CCC(=O)C=C1CCC1C2=CC[C@@]2(C)C1CC[C@]2(O)C(=O)CN1CCN(CCO)CC1,CHEMBL280509
DEC_3328,decoy,C[C@]12C=CC(=O)NC1CCC1C2CC[C@@]2(C)C1CC[C@@H]2C(=O)N(c1ccccc1)c1ccccc1,CHEMBL24191
DEC_0058,decoy,CCCCCN(CC(=O)O)C(=O)C(CCCN=C(N)N)NS(=O)(=O)c1ccc2cc(OC)c(OC)cc2c1,CHEMBL26051
DEC_3523,decoy,CCSc1ccnc(C[S+]([O-])c2nc3ccccc3n2CSC)c1C,CHEMBL273448
DEC_1425,decoy,CCOC(=O)Oc1ccc2cc(S(=O)(=O)C3SC(=O)NC3=O)ccc2c1,CHEMBL284459
DEC_1103,decoy,CN(Cc1cnc2nc(N)nc(N)c2n1)c1ccc(C(=O)NCS(=O)(=O)O)cc1,CHEMBL281494
DEC_3725,decoy,OC(c1ccc(Cl)cc1Cl)C(O)(Cn1cncn1)c1ccc(Cl)cc1Cl,CHEMBL10361
DEC_1976,decoy,COc1cccc(NC(=O)NC2N=C(c3ccccc3F)c3cccc(C)c3N(CC(=O)N3CC4CCC(CC4)C3)C2=O)c1,CHEMBL50216
DEC_3872,decoy,N=C(N)NCCC[C@H]1NC(=O)N([C@H](CC2CCC(C3CCCCC3)CC2)C(=O)N2CCC3(CCc4ccccc43)CC2)C1=O,CHEMBL71506
DEC_1442,decoy,CC(C)(C)c1cc(-c2nnc(N=C(N)N)s2)cc(C(C)(C)C)c1O,CHEMBL16826
DEC_2294,decoy,CC[C@@]1(O)C(=O)OCc2c1cc1n(c2=O)C(CC(=O)N2CCCC2)c2cc3ccccc3nc2-1,CHEMBL42038
DEC_1579,decoy,Cc1cc(-c2ccc(C#N)cc2)sc1C(=O)N[C@H](C)[C@](O)(Cn1cncn1)c1ccc(F)cc1F,CHEMBL53647
DEC_1723,decoy,COC(=O)c1c(C(F)(F)F)[nH]c2c1C13CC1CN(C(=O)c1cc4cc(OC)c(OC)c(OC)c4[nH]1)C3=CC2=O,CHEMBL296073
DEC_0475,decoy,O=C(O)C(CCCCn1cnc2c1NC=NCC2O)Cc1cccc(Br)c1,CHEMBL38113
DEC_2103,decoy,C=C(CF)CN1C[C@H](OCC23C[C@@H]4[C@H](C)CC[C@H]4C4(C=O)CC2C=C(C(C)C)C34C(=O)O)O[C@H](C)[C@@H](OC)C1,CHEMBL47518
ACT_096,active,CCCS(=O)(=O)N1C[C@H](Nc2nc3cc(F)ccc3[nH]2)[C@@H](OC(=O)c2ccc(C(C)C)cc2)C1,CHEMBL3747444
DEC_2051,decoy,O=NN(CCCl)C(=O)NC1C2CC3CC(C2)CC1C3,CHEMBL12424
DEC_3118,decoy,Cn1cncc1C(O)(C#Cc1ccc(C#N)cc1)c1ccc(C#N)c(-c2cccc3cccnc23)c1,CHEMBL24159
DEC_2602,decoy,CCCCc1nn(CC)c(CO)c1Cc1ccc(-c2ccccc2-c2nn[nH]n2)cc1,CHEMBL280412
DEC_3515,decoy,Oc1cc2c(cc1CCCSc1ccncc1)OC(CCc1ccccc1)C2,CHEMBL24178
DEC_1512,decoy,CCOc1ccc(NS(=O)(=O)c2cccc3c(N(C)C)cccc23)nn1,CHEMBL269237
DEC_2814,decoy,O=C(c1ccccc1)c1c(O)n(O)c2cc(NS(=O)(=O)c3cccs3)ccc12,CHEMBL16406
DEC_2034,decoy,CNC(=O)[C@@H](Cc1ccc(O)cc1)NC(=O)C(CC(C)C)CP(=O)(O)Cc1ccc(CC2CCCCC2)cc1,CHEMBL422574
DEC_1683,decoy,CCCCC[C@](C)(O)/C=C/C1[C@H](O)C[C@@H]2OC(=O)CCC/C=C\C[C@H]12,CHEMBL12597
DEC_2661,decoy,CC(=O)NCc1ccc(-c2csc(NC(=N)NCCCC3CCCCC3)n2)o1,CHEMBL24673
DEC_2386,decoy,NCCC(=O)N[C@@H]1CCc2ccccc2N(Cc2ccc(-c3ccccc3-c3nn[nH]n3)cc2)C1=O,CHEMBL273215
DEC_3247,decoy,Cc1onc(NS(=O)(=O)c2cccc3c(N(C)C)cccc23)c1C,CHEMBL25816
DEC_0789,decoy,COc1nc(C)cnc1NS(=O)(=O)c1cccc2c(N(C)C)cccc12,CHEMBL268174
DEC_0924,decoy,Cn1c(C(F)(F)c2nc3ccccc3[nH]2)nc2ccc(C(=O)NC(CP(=O)(O)O)C(=O)NC(CP(=O)(O)O)C(=O)O)cc21,CHEMBL106859
DEC_0070,decoy,CCC[C@H](NC[C@@H](NC(=O)[C@H](Cc1ccccc1)NC(=O)OCC)C(C)C)C(=O)N[C@@H](CC(C)C)C(N)=O,CHEMBL414178
DEC_2281,decoy,O=C1[C@@H](NS(=O)(=O)c2cc3ccnc(Cl)c3s2)CCN1Cc1cc2cc[nH]cc-2n1,CHEMBL266806
ACT_020,active,CC1(C)C=Cc2c(ccc(C(=O)/C=C/c3ccc(O)cc3)c2O)O1,CHEMBL362378
DEC_2896,decoy,O=C(Nc1ccc(OC(F)(F)F)cc1)NC1(C(=O)NCC2(c3ccccn3)CCCCC2)CCc2[nH]c3ccccc3c2C1,CHEMBL106065
DEC_0015,decoy,CC1CC2C3CCC4=CC(=O)C=CC4(C)[C@@]3(Cl)C(Cl)CC2(C)[C@@]1(OC(=O)c1ccoc1)C(=O)CO,CHEMBL10669
DEC_1768,decoy,CCc1c(C)[nH]c2c1C(=O)C(CN1CCOCC1)CC2,CHEMBL460
DEC_3128,decoy,COc1cccc2c1CC[C@H]1CN(CCn3c(=O)[nH]c4c(sc5c(Cl)cccc54)c3=O)C[C@@H]21,CHEMBL41396
DEC_3460,decoy,O=c1cc(-c2cccc(/C=C/c3ccc4ccccc4n3)c2)oc2c(-c3nn[nH]n3)cc(Cl)cc12,CHEMBL33228
DEC_3454,decoy,CN(C)CC#CCCC1(C2(O)c3ccccc3Sc3ccc(Cl)cc32)SCCCS1,CHEMBL40661
DEC_1653,decoy,C=CCn1cc(C2=NCC3(CN4CCC3CC4)O2)c2ccccc21,CHEMBL417239
DEC_0092,decoy,Cc1sc(C)c2c1CCCC2c1c[nH]cn1,CHEMBL30739
DEC_1554,decoy,O=C(O)Cc1ccc(-n2cc(C3CCN(CCN4CCNC4=O)CC3)c3cc(Cl)ccc32)cc1,CHEMBL55835
DEC_3150,decoy,CCCCc1nc(CCCC)n(Cc2ccc(-n3c(-c4nn[nH]n4)ccc3C(F)(F)F)cc2)n1,CHEMBL12451
DEC_3935,decoy,CCc1ccc(NC2=C(Cl)C(=O)c3ccncc3C2=O)cc1,CHEMBL275794
DEC_0066,decoy,CC(C)[C@H](NC(=O)CCc1ccccc1)C(=O)N[C@@H](C)C(=O)NC(CC(=O)O)C(=O)CCCCc1ccccc1,CHEMBL293300
DEC_2871,decoy,Cc1nnc2n1-c1sc(C#CCn3c(=O)c4ccccc4c(=O)c4ccccc43)cc1C(c1ccccc1Cl)=NC2,CHEMBL21224
DEC_1788,decoy,CCN(c1nc(C)cc(-c2c(C)cc(C)nc2C)n1)c1c(C)cc(C(C)C)cc1Br,CHEMBL9956
DEC_0399,decoy,C[C@H]1O[C@@H](n2cnc3c(NC4CCCC4)ncnc32)[C@H](O)[C@H]1NC(=O)C1(c2ccccc2)CCCCC1,CHEMBL299238
DEC_1058,decoy,O=C1NCN(c2ccccc2)C12CCN([C@H]1CCc3c(Cl)ccc(Cl)c3C1)CC2,CHEMBL283910
DEC_0841,decoy,CCC[C@H]1Cc2cc3c(C(F)(F)F)cc(O)nc3cc2N[C@@H]1CC,CHEMBL7231
DEC_0732,decoy,CCC(C)(O)C#Cc1nc(Nc2ccc(Cl)c(Cl)c2)c2ncn(C(C)C)c2n1,CHEMBL26513
DEC_3521,decoy,CCOC(=O)c1ccc(/C=C(C)/C=C/C2=C(C)CCCC2(C)C)c(OC)c1,CHEMBL24393
DEC_2893,decoy,Clc1cc2nc(C3CCNCC3)n(CCCCCn3c(C4CCNCC4)nc4cc(Cl)c(Cl)cc43)c2cc1Cl,CHEMBL20063
DEC_1375,decoy,CC1(C)CC[C@]2(C(=O)O)CC[C@]3(C)C(=CC[C@@H]4[C@@]5(C)C=C(O)C(=O)C(C)(C)[C@@H]5CC[C@]43C)C2C1,CHEMBL42239
DEC_0448,decoy,C=CCC(N)c1ccc([C@H]2C[C@H](SC3=C(C(=O)O)N4C(=O)[C@H]([C@@H](C)O)[C@H]4[C@H]3C)CN2)cc1,CHEMBL17606
DEC_1868,decoy,CCc1nc2c(n1Cc1ccc(-c3ccccc3-c3nn[nH]n3)cc1)CCCC/C2=C\C(=O)O,CHEMBL42070
DEC_4074,decoy,C[C@]1(c2ccc(F)cc2)O[C@@H]2CC3C4CCC5=CC(=O)CC[C@@H]5C4CC[C@]3(C)[C@]2(C(=O)CO)O1,CHEMBL413313
DEC_0979,decoy,CC(C)c1cccc2ccc(-c3ccc(-c4ccc(C(=O)O)cc4)[nH]3)nc12,CHEMBL277168
DEC_1919,decoy,CS(=O)(=O)c1nc(-c2cc(Cl)cc(Cl)c2)c(-c2cc(Cl)cc(Cl)c2)[nH]1,CHEMBL7859
DEC_4064,decoy,CC1(C)CN(C(=O)N2Cc3c(C(=O)OC(C)(C)C)ncn3-c3ccc(Cl)cc32)CC(C)(C)N1,CHEMBL274915
DEC_4243,decoy,Cc1cc(Cl)ccc1OCC(=O)NCCNC(=O)C1=CC(C)(C)NC1(C)C,CHEMBL280289
DEC_0205,decoy,CCCCCc1nc2c(n1Cc1ccc(-n3cccc3-c3nn[nH]n3)cc1)/C(=C/C(=O)O)CCCC2,CHEMBL42984
DEC_2852,decoy,CC(=O)[C@@]12OC(C)(c3ccc(I)cc3)O[C@@H]1CC1C3CCC4=CC(=O)CC[C@]4(C)C3CC[C@@]12C,CHEMBL268001
DEC_0098,decoy,Cc1cc(C)nc(NC23CC4CC(CC(C4)C2)C3)n1,CHEMBL19300
DEC_2151,decoy,N[P@]1(Cl)=NP(N2CC2)(N2CC2)=N[P@](N)(Cl)=N1,CHEMBL281247
DEC_0268,decoy,CCN(CC)CCNc1nc(Nc2ccc(C(F)(F)F)cc2)c2ccccc2n1,CHEMBL32025
DEC_3192,decoy,C/N=C(/S)[C@@]1(c2cccnc2)CCCC[C@@H]1CCNS(=O)(=O)c1ccc([N+](=O)[O-])cc1,CHEMBL295406
DEC_0929,decoy,C[C@@H](NC(=O)[C@@H](N)Cc1ccc(O)cc1)C(=O)NCC(=O)N[C@@H](Cc1ccccc1)C(=O)NNC(=O)[C@H](N)Cc1ccccc1,CHEMBL328902
ACT_036,active,COc1cc2ncnc(N3CCN(c4ccc([N+](=O)[O-])cc4)CC3)c2cc1OC,CHEMBL5559386
DEC_3305,decoy,CN1C(=O)CC[C@]2(C)C3CC[C@@]4(C)C(CC[C@@]4(O)C#CCCCBr)C3CCC12,CHEMBL10018
DEC_0998,decoy,Cc1ccc(C2=CC(C)(C)Oc3c(Br)cc(C(=O)Nc4cc(F)c(C(=O)O)c(F)c4)cc32)cc1,CHEMBL312198
DEC_3774,decoy,COc1cccc(-c2cc(Cl)ccc2C#CC(O)(c2ccc(C#N)cc2)c2cncn2C)c1,CHEMBL26068
DEC_2166,decoy,O=C(O)c1ccc2c(c1)c1c3c(cc4c1n2C(=O)CC4)CNCC3,CHEMBL287863
ACT_035,active,CC(C)n1nc(-c2ccc(Br)c(O)c2)c2c(N)ncnc21,CHEMBL1241578
DEC_3668,decoy,O=C(O)c1cccc(N(Cc2ccccc2)S(=O)(=O)c2ccc(N/N=C(/S)NCCc3c[nH]c4ccccc34)c([N+](=O)[O-])c2)c1,CHEMBL162947
DEC_3996,decoy,CCCc1nc(CN2CCN(C(=O)C3CC3)CC2)c(C(=O)O)n1Cc1ccc(-c2ccccc2-c2nn[nH]n2)cc1,CHEMBL309820
DEC_1030,decoy,CC(C)C(=O)N(c1ccc([N+](=O)[O-])cc1)[C@H]1CCC2C3CC[C@H]4N(C)C(=O)CC[C@]4(C)C3CC[C@@]21C,CHEMBL17473
DEC_1740,decoy,CO[C@H]1O[C@]2(C)OO[C@]13[C@H](CCO)CCC[C@@H]3C[C@H]2C,CHEMBL282000
DEC_3427,decoy,CC1C/C=C\CCCCCCCCCOC(=O)N1CC(O)C(Cc1ccccc1)NC(=O)O[C@H]1CO[C@H]2OCC[C@H]21,CHEMBL61164
DEC_1497,decoy,CN(C)P1(N(C)C)=N[P@](N(C)C)(N2CC2)=N[P@](N(C)C)(N2CC2)=N1,CHEMBL282414
DEC_3776,decoy,Cc1cc(-c2c(F)cc3c(=O)c(Cc4ccccc4N)cn(C4CC4)c3c2F)cc(C)n1,CHEMBL7769
DEC_3008,decoy,CCc1c(C(F)(F)F)nn(-c2ccc(S(N)(=O)=O)cc2)c1-c1ccc(Cl)cc1,CHEMBL29083
DEC_0890,decoy,CN(C)CCCc1c(/C=C2\C(=O)Nc3ccc(S(=O)(=O)Nc4ccccc4Cl)cc32)[nH]c2c1CCCC2,CHEMBL56504
DEC_1163,decoy,CC(/N=c1\c(O)c(O)\c1=N/c1ccc(S(C)(=O)=O)cc1)C(C)(C)C,CHEMBL18708
DEC_3433,decoy,CN1CCN(CCCNc2ncc3cc(-c4c(Cl)cccc4Cl)c(/N=C(/S)Nc4ccccc4)nc3n2)CC1,CHEMBL417208
DEC_1787,decoy,CCN(CC#CCCC1(C2(O)c3ccccc3Oc3ccccc32)SCCCS1)C(C)C,CHEMBL39787
DEC_2409,decoy,CC[C@@]1(O)C(=O)OCc2c1cc1n(c2=O)Cc2c-1nc1cnc(C#CCN)cc1c2C,CHEMBL13523
DEC_1586,decoy,Cn1cnc(S(=O)(=O)Nc2cccc([C@@H](c3c(O)c4c(oc3=O)CCCCCC4)C3CC3)c2)c1,CHEMBL280303
DEC_4111,decoy,COCC(=O)OCC(=O)[C@@]1(OC(=O)c2ccco2)C(C)CC2C3CCC4=CC(=O)C=CC4(C)[C@@]3(Cl)C(Cl)CC21C,CHEMBL269388
DEC_0834,decoy,CC(C)(C)c1cc(/C=C2\CCOC2=O)cc(C(C)(C)C)c1O,CHEMBL8562
DEC_3883,decoy,O=C(CBr)Nc1ccc(Cn2c3c(c4ccccc42)C[C@@]2(O)C4Cc5ccc(O)c6c5C2(CCN4CC2CC2)[C@H]3O6)cc1,CHEMBL27488
DEC_4072,decoy,O=C1NC(=O)C(CC#Cc2ccc(F)cc2)(S(=O)(=O)c2ccc(Br)cc2)S1,CHEMBL275072
DEC_2195,decoy,NCC1CCN(c2cc3c(cc2F)c(=O)c(C(=O)O)cn3C2CC2)C1,CHEMBL15296
DEC_0210,decoy,CCSc1ccnc(C[S+]([O-])c2nc3ccccc3n2COC(=O)c2ccccc2)c1C,CHEMBL10253
DEC_0040,decoy,COc1ccccc1N1CCN(CC(=O)[C@@]2(O)CCC3C4CCC5=CC(=O)CC[C@]5(C)C4=CC[C@@]32C)CC1,CHEMBL15631
DEC_3897,decoy,O=C(Nc1ccc(C[C@H](NC(=O)[C@@H]2C3CCC(CC3)N2S(=O)(=O)c2cccs2)C(=O)O)cc1)c1c(Cl)cccc1Cl,CHEMBL422528
DEC_1192,decoy,O=C(O)[C@@H]1C[C@H]2C[C@@H](Cc3ccc(-c4nn[nH]n4)cc3)CC[C@H]2CN1,CHEMBL417625
DEC_4155,decoy,Cc1ccc(S(=O)(=O)NC(=O)C(c2ccc3c(c2)OCO3)c2cn(C)c3cc(C(N)=O)ccc23)cc1,CHEMBL278109
DEC_0745,decoy,CC(C)(C)Sc1ccc(S(=O)(=O)CS(=O)(=O)C(F)(F)F)cc1,CHEMBL12821
DEC_1865,decoy,Oc1ccc2c3c1OC1[C@H]4OC[C@@]4(CCc4ccccc4)CC4C(C2)N(CC2CCC2)CCC341,CHEMBL276450
DEC_3424,decoy,COCCNc1ccc(N2C(=O)c3ccc(C(=O)O)cc3C2=O)cc1-c1nc2cc(-c3ccc(F)c(Cl)c3)ccc2o1,CHEMBL323876
DEC_1269,decoy,CCCCn1c(=O)c2c(ncn2S(=O)(=O)c2cc(C)c(Cl)cc2C)n(CCCC)c1=O,CHEMBL20822
DEC_2864,decoy,Cc1nnc2n1-c1sc(C#CCn3c4c(c5ccccc53)CCCCC4)cc1C(c1ccccc1Cl)=NC2,CHEMBL20644
ACT_070,active,Clc1ccc2nc(-c3cccc(N4CCc5ccccc5C4)n3)[nH]c2c1,CHEMBL4532096
DEC_2835,decoy,CC1(C)N=C(N)N=C(N)N1c1cccc(COc2cccc(NC(=N)S)c2)c1,CHEMBL33750
DEC_4150,decoy,CCCCc1nc2ccn(CC(=O)N(C)C)c(=O)c2n1Cc1ccc(-c2ccccc2-c2nnn[nH]2)cc1,CHEMBL288246
DEC_3741,decoy,CC(C)CCN(C=O)[C@H]1CCC2C3CC[C@H]4N(C)C(=O)CC[C@]4(C)C3CC[C@@]21C,CHEMBL17222
DEC_1011,decoy,Cc1cc(C#Cc2cc3c(s2)-n2c(C)nnc2CN=C3c2ccccc2Cl)cc2c1OC(C)(C)C2,CHEMBL32932
DEC_2660,decoy,CCc1nc2cc(OC3CCN(C(C)=N)CC3)ccc2n1C/C=C/c1cc(N)ccc1O,CHEMBL25068
DEC_1328,decoy,COc1cccc(-c2c(C)n(Cc3c(F)cccc3F)c(=O)n(C[C@H](C)NC3CCCC3)c2=O)c1F,CHEMBL22653
DEC_2227,decoy,Oc1cc(NCc2ccccc2NCc2ccc(Cl)c(Cl)c2)nc2ccccc12,CHEMBL23785
DEC_1550,decoy,CC(NC(=O)C(=O)N/N=C1\C[C@@H](c2ccccc2F)Nc2cc3c(cc21)OCO3)c1ccccc1,CHEMBL15983
DEC_0247,decoy,CCCCCc1c(C(C)C)nc(C(C)C)c(CO)c1-c1ccc(F)c(CO)c1,CHEMBL24527
DEC_3506,decoy,C/C(=N\OCC#N)c1ccc(Sc2cc(F)cc(C3CCOCC3)c2)cc1,CHEMBL24925
DEC_0245,decoy,Cc1cc(OCCCC(C)(C)C(=O)O)c(C)c(C)c1OCCCC(C)(C)C(=O)O,CHEMBL7984
DEC_3081,decoy,COc1cc2[nH]c(-c3csc4ccccc34)c(C=O)c2cc1-c1cnco1,CHEMBL23716
DEC_0905,decoy,CC(=O)O.CCN(Cc1ccccc1[N+](=O)[O-])C(=O)CNC(=O)[C@@H](CCCN=C(N)N)NC(=O)[C@@H](N)Cc1ccc(O)cc1,CHEMBL13643
DEC_1215,decoy,C=C(CC[C@H](O)[C@@]1(C)CC[C@H](C(C)(C)O)O1)[C@H]1CC[C@H]2O[C@@H]([C@]3(C)CC[C@@H](Br)C(C)(C)O3)CC[C@@]2(C)O1,CHEMBL280676
DEC_3019,decoy,CCN(CC)C(=O)[C@@H]1C=C2c3cccc4[nH]c(Br)c(c34)C[C@H]2N(C)C1,CHEMBL274384
DEC_2510,decoy,N[C@H](C(=O)N1CCSC1)C1CCCCC1,CHEMBL23223
DEC_0592,decoy,COC(=O)COC(=O)c1sc(C(C)(C)C)cc1NC(=O)Nc1ccc(C)cc1,CHEMBL278668
DEC_1303,decoy,CCN(Cc1ccc(S(=O)(=O)N2CCNCC2)cc1)c1ccc2c3c(cccc13)C(=O)N2,CHEMBL9728
DEC_3631,decoy,C[C@@H](NC(=O)c1ccc(-c2ccc(Cl)cc2)s1)[C@](O)(Cn1cncn1)c1ccc(F)cc1F,CHEMBL55670
DEC_1774,decoy,Cc1ncc2n1CCC=C2c1ccc(NS(C)(=O)=O)cc1,CHEMBL28345
DEC_3108,decoy,C[C@@H]1CN(C(=O)N2Cc3c(C(=O)OC(C)(C)C)ncn3-c3ccc(C(F)(F)F)cc32)C[C@H](C)N1,CHEMBL15135
DEC_0404,decoy,CCCc1nc(-n2cccc2C(O)C(F)(F)F)c(C#N)n1Cc1ccc(-c2ccccc2-c2nn[nH]n2)cc1,CHEMBL73358
DEC_1067,decoy,O=C1C2C(c3ccccc3)OC3(C(=O)c4ccccc4C3=O)C2C(=O)N1c1ccc2c(c1)OCO2,CHEMBL280838
DEC_3600,decoy,COc1c(Br)cc(CCC(=O)O)cc1-c1[nH]c2ccc(C(=N)N)cc2c1Cc1ccccc1,CHEMBL50923
DEC_4252,decoy,CCCCc1cc(O)cc(=O)n1Cc1ccc(-c2ccccc2-c2nn[nH]n2)cc1,CHEMBL23045
DEC_3249,decoy,Nc1cc(-n2cc(C(=O)O)c(=O)c3cc(F)c(N4CC(N)C4)c(Br)c32)c(F)cc1F,CHEMBL58926
DEC_0302,decoy,C/C=C(\NC(=O)C1CC1(Br)Br)C(=O)O,CHEMBL268228
DEC_2534,decoy,CC1=C/C(=C\C#CCCO)C(=O)C(C)(O)C12CC2,CHEMBL7993
DEC_1644,decoy,Cc1cc(CCCOc2c(C)cc(-c3noc(C#N)n3)cc2C)on1,CHEMBL28239
DEC_3484,decoy,Cc1cc(C(=O)c2ccc(Cl)cc2)cc(C(=O)Nc2ccc([N+](=O)[O-])cc2C(F)(F)F)c1O,CHEMBL287613
DEC_2064,decoy,C/N=C(/S)C1(c2cccnc2)CCCC/C1=C\C#N,CHEMBL41094
DEC_3378,decoy,Cc1ccc(-c2nc(N(C(N)=O)c3c(F)cccc3F)c3ncn(C)c3n2)cc1,CHEMBL18189
DEC_4229,decoy,CCNCC1CCN(c2c(F)cc3c(=O)c(C(=O)O)cn(C4CC4C)c3c2F)C1,CHEMBL6282
DEC_3514,decoy,Cc1cc(CCCCCOc2c(Cl)cc(-c3cnco3)cc2Cl)on1,CHEMBL417111
DEC_2000,decoy,CC[C@@]1(O)C(=O)OCc2c1cc1n(c2=O)Cc2c-1nc1ccccc1c2[Si](c1ccccc1)(c1ccccc1)C(C)(C)C,CHEMBL441077
DEC_2892,decoy,CCC1=C(c2ccc(OCC(=O)O)c(Cl)c2Cl)OC(CC)(C(=O)c2ccc(OCC(=O)O)c(Cl)c2Cl)CC1,CHEMBL81799
DEC_0354,decoy,Cc1c(C)c2c(c(C)c1O)SC(CCCO)O2,CHEMBL38172
DEC_2004,decoy,O=C(O)CC/C=C\C[C@@H]1CO[C@H](C(CCC/C=C(/c2ccccc2)c2cccnc2)C(=O)O)O[C@@H]1c1ccccc1O,CHEMBL417163
ACT_094,active,CN1C(=O)C2(NC1=S)c1cc(OCC(F)(F)F)ccc1OC21CCc2ccccc2CC1,CHEMBL5820169
DEC_3683,decoy,CCCCc1nc(SC)c(C(O)CC(=O)O)n1Cc1ccc(-c2ccccc2S(=O)(=O)NC(=O)NCc2ccccc2)cc1,CHEMBL330744
DEC_0541,decoy,CC#CC(=O)Nc1cnc2ncc(C#N)c(Nc3cccc(Br)c3)c2c1,CHEMBL31745
DEC_2686,decoy,O=C(Nc1ccc2c(C(=O)c3ccccc3)c(O)n(O)c2c1)c1ccc2ccccc2c1,CHEMBL16239
DEC_2143,decoy,O=S(=O)(Nc1ccc(CCNC[C@H](O)c2cccnc2)cc1)c1ccc(-c2cnc(-c3ccccc3)o2)cc1,CHEMBL39269
DEC_2185,decoy,CC1COc2c(N3CCC(N)C3)c(F)cc3c(=O)c(C(=O)O)cn1c23,CHEMBL430148
DEC_2859,decoy,O=C1CCc2ccccc2N1CC#Cc1ccc2c(c1)C(c1ccc(Cl)cc1)=NCc1nnc(C(F)(F)F)n1-2,CHEMBL283365
DEC_0102,decoy,Cc1nc(O)ccc1-c1ccc(-n2ccnc2)cc1,CHEMBL7963
DEC_1592,decoy,CCCCCCCCCCCCN1CCCC(O)C1,CHEMBL17348
DEC_0919,decoy,O=C(O)CC[C@@H](NC(=O)CC1OC(CNC(=O)c2ccccc2C(=O)Nc2cc(Cl)ccc2Cl)C(O)C(O)C1O)C(=O)O,CHEMBL43680
DEC_0951,decoy,Cc1ccc(SC2(CC#Cc3ccc(Cl)cc3)SC(=O)NC2=O)cc1,CHEMBL11903
DEC_4227,decoy,N[C@@H]1CCc2ccccc2N(Cc2ccc(-c3ccccc3-c3nn[nH]n3)cc2)C1=O,CHEMBL13933
DEC_2511,decoy,O=C1CCC(c2ccc(-n3ccnc3)cc2)=NN1,CHEMBL12831
DEC_3400,decoy,CC(=O)Oc1c(-c2c(C)cc3c(C(C)C)c(O)c(O)c(C#N)c3c2OC(C)=O)c(C)cc2c(C(C)C)c(O)c(O)c(C#N)c12,CHEMBL51778
DEC_0636,decoy,CNC(=O)[C@@H]1C[C@@H]2O[C@H]1n1c3ccccc3c3c4c(c5c6ccccc6n2c5c31)C(=O)NC4=O,CHEMBL287882
DEC_2627,decoy,CCNCC1CCN(c2c(F)cc3c(=O)c(C(=O)O)cn(C4CC4)c3c2OCC)CC1,CHEMBL15171
DEC_2214,decoy,O=C(N[C@@H](CC1CCCCC1)C(=O)O)c1ccc(Cl)c(-c2cccc(Cl)c2)c1,CHEMBL30491
DEC_2802,decoy,N=C(N)c1ccc(CCCn2ncc3c2nc(N)n2nc(-c4ccco4)nc32)cc1,CHEMBL281601
DEC_0680,decoy,O=C(NCCNS(=O)(=O)c1ccc(-c2ccccn2)s1)C(=O)[C@H](Cc1ccccc1)NC(=O)c1ccccc1,CHEMBL76302
DEC_2428,decoy,CCOC(=O)C1=NO[C@]2(C(=O)CO)[C@H]1CC1C3CCC4=CC(=O)C=C[C@]4(C)[C@H]3[C@@H](O)C[C@@]12C,CHEMBL9114
DEC_3500,decoy,CCNC(=O)/C(C(=O)OCC)=C(C)\C=C\C=C(C)\C=C\C1=C(C)CCCC1(C)C,CHEMBL13967
DEC_2824,decoy,COc1ccc(C#CCOc2cccc(C(=O)O)c2)cc1Cc1cnc(N)nc1N,CHEMBL35080
DEC_1794,decoy,OC1(C2(CCC#CCN3CCCCC3)SCCCS2)c2ccccc2Oc2ccccc21,CHEMBL40355
DEC_3549,decoy,NCCN(CCN)CCNC1CCCCCCCCCCCCCCC1,CHEMBL21667
DEC_0319,decoy,O=C(O)c1ccc([C@H]2CC[C@H]3CN[C@H](C(=O)O)C[C@H]3C2)cc1,CHEMBL16360
DEC_1612,decoy,c1ccc(CCCCCNCCCc2ccccc2)cc1,CHEMBL19638
DEC_4027,decoy,C=C1/C=C(\C)[C@H](CC)OC(=O)[C@@H](C)C(=O)[C@@](O)(CO)C/C(OC)=C/[C@@H](C)C1,CHEMBL431117
DEC_1325,decoy,Cc1cc(-c2ccccc2)ccc1C(=O)N[C@@H](CCCCN)B1O[C@@H]2CC3CC(C3(C)C)[C@]2(C)O1,CHEMBL42852
DEC_4110,decoy,Cc1ccc2cccc(OCc3c(C)ccc(N(C)C(=O)Cc4ccc(C(=O)c5ccc(C#N)nc5)n4C)c3C)c2n1,CHEMBL25751
DEC_3163,decoy,Cc1noc(NS(=O)(=O)c2ccccc2-c2ccc(-c3ncco3)cc2Cn2ccnc2)c1C,CHEMBL30009
DEC_2199,decoy,COc1cc(N)c(Cl)cc1C(=O)NC1CCCN2CCSCC12,CHEMBL280553
DEC_2713,decoy,CC(C)(C)NC(=O)[C@@H]1CN(Cc2cccnc2)CCN1C[C@@H](O)C[C@@H](Cc1ccncc1)C(=O)N[C@H]1c2ccccc2C[C@H]1O,CHEMBL313876
DEC_2547,decoy,NC1=NC(c2ccccc2)Cc2sccc21,CHEMBL416696
DEC_2846,decoy,C#CCN(Cc1ccc2nc(C)nc(O)c2c1)c1ccc(C(=O)N[C@H](C)C(=O)O)cc1,CHEMBL266508
DEC_0521,decoy,CN1C[C@H](C(=O)Nc2nccs2)C[C@@H]2c3cc(C(C)(C)C)cc4[nH]cc(c34)C[C@H]21,CHEMBL418717
DEC_3031,decoy,O=C1c2ccccc2CCCN1CCN1CCC(n2c(=O)oc3ccccc32)CC1,CHEMBL273821
DEC_0328,decoy,O=C(O)CCNC(=O)N1CCC2(CC1)CCN(c1ccncc1)C2,CHEMBL274192
DEC_4271,decoy,CCOc1nc(C(Cl)(Cl)Cl)c(Cl)c(OC(C)=O)c1Cl,CHEMBL428886
DEC_3896,decoy,CC(C)(C)OC(=O)N1CSC[C@H]1C(=O)N[C@@H](CSCC1CCCCC1)C(=O)NC1CCN(c2ccccc2)CC1,CHEMBL76163
DEC_3066,decoy,CCN1C(=O)N(C2CCN(C3CCC(C(C)C)CC3)CC2)[C@@H]2CCCC[C@H]21,CHEMBL282195
DEC_3704,decoy,O/N=C(/c1ccc(Sc2cc(F)cc(C3CCOCC3)c2)cc1)C(F)(F)F,CHEMBL281070
DEC_2216,decoy,CC(C)c1cccc2c(-c3ccccc3)cc(-c3ccc(-c4ccc(C(=O)O)cc4)[nH]3)nc12,CHEMBL20066
DEC_2207,decoy,O=C(Oc1ccc2[nH]c(C(=O)c3cc4ccccc4[nH]3)cc2c1)c1ccc2ccccc2n1,CHEMBL414210
DEC_4225,decoy,CN(C)/C(=N/c1cccc(/C(=C\CCCC(=O)O)c2cccnc2)c1)NC#N,CHEMBL280380
DEC_2060,decoy,CC(C)CC(=O)C(O)(Cn1cncn1)c1ccc(Cl)cc1,CHEMBL266388
DEC_3675,decoy,CC(C)(CC(=O)N[C@@H]1CCc2ccccc2N(Cc2ccc(-c3ccccc3-c3nn[nH]n3)cc2)C1=O)NCCOCc1ccccc1,CHEMBL277575
DEC_4316,decoy,c1cc2c(cc1COCCCCCCNCCSSCCNCCCCCCOCc1ccc3c(c1)OCO3)OCO2,CHEMBL18034
DEC_3387,decoy,COc1cc2c(cc1C(F)(F)F)N(C(=O)Nc1cncc(-c3cccnc3)c1)CC2,CHEMBL14345
DEC_1518,decoy,C=CCC1=C[C@]2(OC)[C@H](C)[C@@H](c3ccc(OC)c(OC)c3)O[C@]2(OC)CC1=O,CHEMBL33562
DEC_3102,decoy,C=C1C(C)C2C(Cc3ccccc3)NC(=O)C23OC(=O)/C=C/C(O)CCCC(C)C/C=C/C3C1O,CHEMBL56897
DEC_0450,decoy,C[C@H](NCCc1ccc(NCC(=O)O)c(Cl)c1Cl)[C@H](O)c1ccc(O)cc1,CHEMBL285888
DEC_1926,decoy,CC1c2cccc3c2N(CC3)c2ccccc2N1C(=O)CCN1CCN(c2ccccc2)CC1,CHEMBL28593
DEC_3115,decoy,CN1CC=C(c2c(O)cc(O)c3c(=O)cc(-c4ccccc4I)oc23)CC1,CHEMBL269124
DEC_2176,decoy,OC(c1ccc(Cl)cc1)C(O)(Cn1cncn1)c1ccc(Cl)cc1,CHEMBL269459
DEC_0997,decoy,C[C@@H]1C(=O)Nc2cccc3ccc(cc23)Oc2cc(ccc2C#N)Cn2cncc2CN1Cc1ccccc1,CHEMBL300966
DEC_4178,decoy,Cc1ccc(-c2cc(CN(Cc3cccc(Br)c3)C(Cc3c[nH]cn3)C(N)=O)no2)cc1,CHEMBL57972
DEC_4290,decoy,CC(C)N1C(=O)NC(c2ccc3c(c2)OCO3)c2cc3c(cc21)OCO3,CHEMBL13474
DEC_0822,decoy,CN1C2CCC1[C@@H]([C@@H](O)C(F)(F)F)[C@@H](c1ccc(Cl)cc1)C2,CHEMBL27586
DEC_2120,decoy,O=C(O)CCNC(=O)C(Cc1ccc(-c2nccs2)cc1)CC(Cc1ccc(-c2nccs2)cc1)C(=O)O,CHEMBL47493
DEC_3196,decoy,CCCCN(Cc1ccc(-c2ccccc2-c2nn[nH]n2)cc1)c1ncnc2ccc(C(=O)O)cc12,CHEMBL49715
DEC_1782,decoy,C=C1CC2(CC3CC4(CC(=C)C(=O)O4)CC3C2)OC1=O,CHEMBL8436
DEC_4024,decoy,COc1c(N2CCC(C)(CN)C2)c(F)cc2c(=O)c(C(=O)O)cn(C3CC3)c12,CHEMBL275395
DEC_3635,decoy,O=C(O)c1cccc(C[C@@H]2COc3ccc(OCc4nc5cc(F)ccc5s4)cc3[C@@H]2O)c1,CHEMBL442150
DEC_2128,decoy,O=C(O)CCC/C=C\C[C@H]1[C@H](CNS(=O)(=O)c2ccc(F)cc2)C2CC1(c1ccc(F)cc1)CO2,CHEMBL10876
DEC_3392,decoy,Cc1cc(F)ccc1-c1nc(N(C(N)=O)c2ccc(Cl)cc2)c2ncn(C)c2n1,CHEMBL280280
DEC_3448,decoy,CCOC(=O)C1=C(c2ccc(-n3c(C)nc4cccnc43)cc2)NC(C)=C(C(=O)Nc2ccccn2)C1c1ccccc1Cl,CHEMBL326012
DEC_3288,decoy,O=C(NC(=O)c1ccc(I)cc1)Nc1cccc(C2CN3CCSC3=N2)c1,CHEMBL41374
DEC_2162,decoy,OC[C@@H]1[C@H]2C[C@H]3c4cc5c(cc4CCN3C[C@@H]2CC[C@H]1O)OCO5,CHEMBL27522
DEC_0754,decoy,Cc1noc(NS(=O)(=O)c2cccc3c(N4CCCC4)cccc23)c1C,CHEMBL30032
DEC_3651,decoy,COCCC1=Cc2nc1ccc1[nH]c(c3nc(ccc4[nH]c2cc4CCOC)C(CCOC)=C3)c2c(C(=O)OC)c(C(=O)O)ccc12,CHEMBL95082
DEC_2872,decoy,Cc1nnc2n1-c1sc(C#CCN3C(=O)Cn4ccc5c(Cl)ccc3c54)cc1C(c1ccccc1Cl)=NC2,CHEMBL277678
DEC_2396,decoy,N/C(=N\O)c1ccc(CN(NS(=O)(=O)c2ccc3ccccc3c2)C(=O)N2CCCCC2)cc1,CHEMBL36960
DEC_2655,decoy,CCNC(c1c(Cl)cc(O)cc1Cl)C(NCC)c1c(Cl)cc(O)cc1Cl,CHEMBL29815
DEC_2572,decoy,CCCCN1CCC[C@H]1CNC(=O)c1cc(Cl)cc2c1OCC(=O)N2C,CHEMBL418560
DEC_1350,decoy,COc1c(C(=O)NC[C@H]2CCCN2C2[C@H]3C[C@@H]4C[C@@H](C[C@H]2C4)C3)cc(Br)c2ccccc12,CHEMBL301929
DEC_3768,decoy,Cn1cc(C2=CCN(CCCN3c4cccc5cccc(c45)S3(=O)=O)CC2)c2ccccc21,CHEMBL19111
DEC_0362,decoy,CC1CC(OCC(O)CNC(C)(C)C)CC(C)(C)C1,CHEMBL25929
DEC_0394,decoy,C=C(CC[C@H](O)[C@@]1(C)CC[C@H](C(C)(C)O)O1)[C@H]1CC[C@H]2O[C@@H]([C@]3(C)CC[C@@H](C(C)(C)O)O3)CC[C@]2(C)O1,CHEMBL22785
DEC_2236,decoy,Oc1cc(N[C@@H]2CCC[C@H](NCc3ccc(Cl)c(Cl)c3)C2)nc2ccccc12,CHEMBL282878
DEC_1002,decoy,CN1C(=O)COC(c2cccc(Cl)c2)c2cc(C(N)(c3ccc(Cl)cc3)c3cncn3C)ccc21,CHEMBL290456
DEC_0277,decoy,CCCCCCC(C)OS(=O)(=O)NC(=O)Nc1c(C(C)C)cccc1C(C)C,CHEMBL22645
DEC_0671,decoy,O=C(C[C@H]1S[C@H](c2ccoc2)N(CC(=O)NCCCN2CCOCC2)C1=O)NCc1cccc2ccccc12,CHEMBL44463
DEC_0515,decoy,CN1C[C@H](C(=O)Nc2ccc(Cl)nn2)C[C@@H]2c3ccc(C(C)(C)C)c4[nH]cc(c34)C[C@H]21,CHEMBL14089
DEC_0206,decoy,OC(Cc1ccc(Cl)cc1)(c1ccc(F)cc1)C(O)(Cn1cncn1)c1ccc(Cl)cc1,CHEMBL10505
DEC_0737,decoy,COc1cc(NS(C)(=O)=O)ccc1Nc1c2ccccc2nc2c1oc1ccccc12,CHEMBL280764
DEC_0753,decoy,O=c1cc(COC2CCOCC2)occ1OC(=O)[C@]12C[C@H]3C[C@H](C[C@H](C3)C1)C2,CHEMBL268251
DEC_1327,decoy,Cn1cc(C2=C(c3cn(CCCCCSC(=N)N)c4ccccc34)C(=O)NC2=O)c2ccccc21,CHEMBL6274
DEC_2156,decoy,O=C(O)c1c(=O)c2cc(F)c(N3CCNCC3)cc2n2ccsc12,CHEMBL28129
DEC_0975,decoy,OCCN1CCC(c2cn(-c3ccc(F)cc3)c3ccc(Cl)cc23)CC1,CHEMBL430151
DEC_3134,decoy,COc1c(C)cc(-c2cc(C(F)(F)F)nn2-c2ccc(S(N)(=O)=O)cc2)cc1Cl,CHEMBL29844
DEC_1275,decoy,CCCCN(Cc1ccc(-c2ccccc2-c2nn[nH]n2)cc1)c1ncnc2c1nc(C(N)=O)n2C,CHEMBL48606
DEC_2755,decoy,Cc1ccc(Oc2nccc(-c3c(-c4ccc(F)cc4)ncn3C3CCNCC3)n2)cc1,CHEMBL14682
DEC_1561,decoy,NC(=O)N1C(=O)/C(=C(\OC(=O)c2cccc(C(=O)O)c2)c2cccs2)c2cc(F)c(Cl)cc21,CHEMBL51717
DEC_3938,decoy,CC(C)c1ccccc1C(c1ccns1)N1CCN(C)CC1,CHEMBL22437
DEC_2033,decoy,C=CCNc1nc(NCC=C)nc(N2CCC(NCC(c3ccccc3)(c3ccccc3)c3ccccc3)CC2)n1,CHEMBL315263
DEC_1039,decoy,CN1CC2CC1CN2C(=O)N1Cc2c(C(=O)OC(C)(C)C)ncn2-c2ccc(Cl)cc21,CHEMBL14865
DEC_0775,decoy,CCN1CCN(c2cc3c(cc2F)c(=O)c(C(=O)O)cn3C(C)(C)C)CC1,CHEMBL15350
DEC_2538,decoy,NC1=NC(c2ccccc2)Cc2ccsc21,CHEMBL8106
DEC_3503,decoy,CC(C)CCCC(C)CCCC(C)N1CC[C@H]2[C@H](C)[C@@H](O)CC[C@]2(C)C1,CHEMBL17470
DEC_2341,decoy,CC1(C)S[C@@H]2[C@H](CS)C(=O)N2[C@H]1C(=O)O,CHEMBL25644
DEC_3823,decoy,CC(O)(c1ccc(F)cc1)C(O)(Cn1cncn1)c1ccc(Cl)cc1Cl,CHEMBL418706
DEC_2877,decoy,COc1c(Br)cc(-c2nc(C(F)(F)F)cn2-c2ccc(S(C)(=O)=O)cc2)cc1Br,CHEMBL42940
DEC_1041,decoy,CN1C2CCC1CN(C(=O)N1Cc3c(C(=O)OC(C)(C)C)ncn3-c3ccc(Cl)cc31)C2,CHEMBL277782
DEC_2066,decoy,COC(=O)C1=C(C)N=C(C)/C(=C(/O)OC)C1C(C)C,CHEMBL418249
DEC_3379,decoy,CN1C(=O)CC[C@]2(C)C3CC[C@@]4(C)C(CC[C@@]4(O)C#CCCCCl)C3CCC12,CHEMBL268748
DEC_2552,decoy,CC(CN1CCCCC1)OC(=O)C1CCCCN1C(=O)C(=O)C(C)(C)C,CHEMBL266301
DEC_3231,decoy,Nc1nc(N)c2cc(Sc3cccc(C(F)(F)F)c3)ccc2n1,CHEMBL268089
DEC_1641,decoy,CCOc1c(Cl)c(OC)nc(C(Cl)(Cl)Cl)c1Cl,CHEMBL269391
DEC_0968,decoy,Oc1ccc(/C(CC(F)(F)F)=C(\CC(F)(F)F)c2ccc(O)cc2)cc1,CHEMBL28550
DEC_1501,decoy,CN(C)P1(N(C)C)=NP(N(C)C)(N(C)C)=NP(N2CC2)(N2CC2)=N1,CHEMBL27881
DEC_0194,decoy,C=CCN1C[C@H](OCC23C[C@@H]4[C@H](C)CC[C@H]4C4(C=O)CC2C=C(C(C)C)[C@@]34C(=O)O)OC[C@H]1C,CHEMBL287434
DEC_2700,decoy,COc1cccc(NC(=O)Nc2cccc(NC(=O)Nc3cccc(OC)c3)c2)c1,CHEMBL13127
DEC_3637,decoy,COc1ccc2c3c1OC1[C@H](O)[C@](CO)(CCc4ccccc4)CC4C(C2)N(CC2CCC2)CCC341,CHEMBL273447
DEC_3988,decoy,CCOc1ccc2c(c1)[C@H](c1ccc(OC)c(OC)c1OCC(=O)O)N(CC(=O)O)[C@@H]2c1ccc2c(c1)OCO2,CHEMBL298664
DEC_3582,decoy,Cc1ccc(Oc2cc(C(F)(F)F)ccc2Cl)c(CC(=O)O)c1,CHEMBL30090
DEC_1489,decoy,COc1cc2c(c(OC)c1OC)OC[C@H]1[C@H](CO)Cc3cc4c(cc3[C@@H]21)OCO4,CHEMBL274948
DEC_3084,decoy,CN1CCN(C2=Nc3cc(F)ccc3Nc3sc4c(c32)CCCC4)CC1,CHEMBL14766
DEC_4272,decoy,O[C@H]1[C@H](N2CCC(c3ccccc3)CC2)CCC[C@H]1c1ccccc1,CHEMBL20593
DEC_3171,decoy,Cc1noc(NS(=O)(=O)c2ccccc2-c2ccc(-c3ncco3)cc2Cn2cccn2)c1C,CHEMBL30092
DEC_1993,decoy,O=C(Cn1cc(C(F)(F)F)ccc1=O)NCc1cc2cc(C(=O)N3CCC(N4C(=O)CCc5ccccc54)CC3)ccc2o1,CHEMBL287629
DEC_1848,decoy,CN1CCN(CC#CCCC2(C3(O)c4ccccc4Oc4ccccc43)SCCCS2)CC1,CHEMBL41962
DEC_2270,decoy,Cc1cc(C)c2c(c1)COP(=O)(OC[C@@H]1C=C[C@H](n3cnc4c(N)ncnc43)O1)O2,CHEMBL41402
DEC_0932,decoy,CC(/C=C/C=C(C)/C=C/C1=C(C)CCCC1(C)C)=C(C(=O)O)C(=O)O,CHEMBL273433
DEC_3874,decoy,O=C(CBr)Nc1cccc(Cn2c3c(c4ccccc42)C[C@@]2(O)C4Cc5ccc(O)c6c5C2(CCN4CC2CC2)[C@H]3O6)c1,CHEMBL282518
DEC_2328,decoy,OCC1C=CC(n2cnc3c(S)ncnc32)C1,CHEMBL289780
DEC_1445,decoy,C/C=C/CN(C1=NCCN1)c1c(Br)cccc1Br,CHEMBL20588
DEC_3907,decoy,CNc1nc(N2CCN(C)CC2)nc(Cl)c1Br,CHEMBL285326
DEC_1006,decoy,N#Cc1ccc2cc1Oc1ccc3cccc(c3c1)NC(=O)CN(Cc1ccccc1)Cc1cncn1C2,CHEMBL298392
DEC_4089,decoy,O=c1c2ccccc2c(S(=O)(=O)c2ccc(Br)cc2)c(O)n1Cc1ccccc1,CHEMBL18073
DEC_3650,decoy,CC[C@@H](C(=O)[C@@H](C)[C@@H](O)[C@H](C)CCc1c([N+](=O)[O-])cc(C)c(O)c1C(=O)O)[C@H]1O[C@](CC)([C@H]2CC[C@](O)(CC)[C@H](C)O2)C[C@@H]1C,CHEMBL145667
DEC_2127,decoy,Cc1cc(C)cc(-c2[nH]c3ccc(C(=O)N4CCOCC4)cc3c2CCNCCCCc2ccc(O)cc2)c1,CHEMBL291201
ACT_091,active,COC[C@@H](Oc1cc(C[C@@H]2C[S@@+]([O-])C[C@H](NCc3cc(CC(C)(C)C)on3)[C@H]2O)cc(F)c1N)C(F)(F)F,CHEMBL2425606
DEC_1417,decoy,CC1(C)N=C(N)N=C(N)N1c1ccc(OCc2ccc(S(N)(=O)=O)cc2)cc1,CHEMBL30681
DEC_4171,decoy,CCCSC1=NS(=O)(=O)c2cc(C)cnc2N1Cc1ccc(-c2ccccc2-c2nn[nH]n2)cc1,CHEMBL13813
ACT_100,active,CCN(CCCCCCNC1=CC(=O)C(NCCCCCCN(CC)Cc2ccccc2OC)=CC1=O)Cc1ccccc1OC,CHEMBL231160
DEC_1650,decoy,Cc1ccc(C2COC(Cn3ccnc3)(c3ccc(Cl)cc3)O2)cc1,CHEMBL282954
DEC_3644,decoy,CCCCc1nc2ccc(C(C)O)cc2c(=O)n1Cc1ccc(-c2ccccc2-c2nn[nH]n2)cc1,CHEMBL15225
DEC_1125,decoy,Cc1nnc2n1-c1sc(C#CCn3c(=O)ccc4ccccc43)cc1C(c1ccccc1Cl)=NC2,CHEMBL279665
DEC_1614,decoy,CCC[C@H]1CC[C@@H]2CC[C@@H](CCCCC[C@@H](C)O)N21,CHEMBL24751
DEC_1952,decoy,O=C1NC(=O)c2cc(Nc3ccc(I)cc3)c(Nc3ccc(I)cc3)cc21,CHEMBL8163
DEC_1117,decoy,Cc1nnc2n1-c1sc(C#CCN3C(=O)COc4ccc(Cl)cc43)cc1C(c1ccccc1Cl)=NC2,CHEMBL20877
DEC_0107,decoy,Cc1oc2c(C)cc3c(C)cc(=O)[nH]c3c2c1C,CHEMBL285693
DEC_0038,decoy,C=C1C[C@@]23O[C@]2(c2ccccc21)C1CC(OC(=O)[C@H](O)[C@@H](NC(=O)OCC)c2ccncc2)C3(C)C1(C)C,CHEMBL32795
DEC_0323,decoy,Cc1noc(NS(=O)(=O)c2cccc3c(N)cccc23)c1C,CHEMBL30039
DEC_0393,decoy,COC(OC)[C@]1(C)Oc2ccc(N)cc2[C@@H](N(Cc2ncc[nH]2)c2ccc(Br)cc2)[C@@H]1O,CHEMBL44603
ACT_033,active,CC1(C)C(=O)CC[C@@]2(C)[C@H]1CC[C@@]1(C)CC3=CC(=O)[C@H]4C(C)(C)[C@H](O)CC[C@]4(C)[C@H]3CC[C@@H]12,CHEMBL3586197
DEC_2499,decoy,CCCCc1nn(C(Cc2ccccc2)C(=O)c2ccccc2)c(=O)n1Cc1ccc(-c2ccccc2-c2nn[nH]n2)cc1,CHEMBL306328
DEC_3517,decoy,c1ccc(CCCNC2CCc3cccc(OCc4ccccc4)c3C2)cc1,CHEMBL434395
DEC_0759,decoy,CSc1ccc(C2=C(c3ccc(S(C)(=O)=O)cc3)C(C)(O)OC2=O)cc1,CHEMBL277118
DEC_3870,decoy,CCc1nc(C2CC2)c(C(=O)NC)n1Cc1ccc2oc(-c3ccccc3NS(=O)(=O)C(F)(F)F)c(Br)c2c1,CHEMBL63072
ACT_066,active,CC(C)(C)CCNC(=O)CCc1cc2cc(-c3ccccc3C#CCC3(NC(=O)c4ccc(F)cc4)CC3)ccc2nc1N,CHEMBL3808441
DEC_0132,decoy,O=C(O)CCCC/C=C(\c1cccnc1)c1ccccc1C1=N[C@@H](C(=O)NCCCCC2CCCCC2)CO1,CHEMBL301904
DEC_1468,decoy,CC(C)(C)c1cc(/C=C2\SC(NO)=NC2=O)cc(C(C)(C)C)c1O,CHEMBL277721
DEC_1988,decoy,C[C@H]1CN(C2CCN(C(=O)c3c(N)cccc3Cl)CC2)CCN1[C@@H](C)c1ccc(S(=O)(=O)c2ccc3c(c2)OCO3)cc1,CHEMBL69642
DEC_0287,decoy,COC(=O)[C@@H]1CSCc2c(O)cccc2C(=O)OCC(NC(=O)OC(C)(C)C)C(=O)N1,CHEMBL416227
DEC_0465,decoy,O=C(O)C1=CC(=C(c2ccc(O)c(C(=O)O)c2)c2ccc(O)c(C(=O)O)c2)C=CC1=O,CHEMBL275938
DEC_3984,decoy,CCCn1c(=O)c2nc(-c3ccc(OCC(=O)Nc4ccc(I)cc4)nn3)[nH]c2n(CCC)c1=O,CHEMBL32507
DEC_0609,decoy,CCN1CCOc2ccc3nc4c(cc3c21)Cn1c-4cc2c(c1=O)COC(=O)[C@]2(O)CC,CHEMBL445883
DEC_0844,decoy,CC1=CC[C@H]2C(C)(C)CCC[C@]2(C)[C@H]1C[C@H](OS(=O)(=O)[O-])[C@H](C)CCCc1ccoc1.C[N+](C)=C(N)N,CHEMBL60072
DEC_3518,decoy,CCC=C(c1cc(Cl)ccc1OCc1ccc(Cl)cc1)n1ccnc1,CHEMBL27088
DEC_2667,decoy,Cc1cc(SC2=C(O)OC(C)(CCc3ccc(O)cc3)CC2=O)c(C(C)(C)C)cc1N,CHEMBL37755
DEC_0677,decoy,CC1(C)NC(=O)N(CC(CS(=O)(=O)c2ccc(Oc3ccc(OC(F)(F)F)cc3)cc2)N(O)C=O)C1=O,CHEMBL309053
DEC_0990,decoy,O=C(Cc1cc[n+]([O-])cc1)N1CCC(C2c3ccc(Cl)cc3C=Cc3cc(Br)cnc32)CC1,CHEMBL41473
DEC_2818,decoy,COc1ccc(C(c2ccc(C(C)C)cc(=O)c2O)c2oc(CO)cc(=O)c2O)cc1,CHEMBL18616
DEC_3257,decoy,CC1=C(C(=O)OC(c2ccccc2)c2ccccc2)N2C(=O)[C@@H](NC3=NC(C)C(C)N3)C2SC1,CHEMBL13586
DEC_1373,decoy,CC1(C)CC[C@]2(C(=O)O)CC[C@]3(C)C(=CC[C@@H]4[C@@]5(C)C=CC(=O)C(C)(C)[C@@H]5CC[C@]43C)C2C1,CHEMBL43043
DEC_2393,decoy,COc1ccc2c3c1OC1[C@H](O)[C@](CO)(CCCCc4ccccc4)CC4C(C2)N(C)CCC341,CHEMBL268196
DEC_3298,decoy,Clc1cccc(Cl)c1CO/N=C/c1cc[n+](CCCc2ccccc2)cc1,CHEMBL32329
DEC_1731,decoy,COC(=O)CCCC(=O)O[C@]1(C(=O)CCl)[C@@H](C)CC2C3CCC4=CC(=O)C=CC4(C)[C@@]3(F)[C@@H](O)CC21C,CHEMBL84182
ACT_047,active,CN(c1cc2cc(c1)C(=O)N[C@@H](c1ccccc1)CCc1cccc(c1)C[C@@](C)(N)C(=O)OC2)S(=O)(=O)CC(F)(F)F,CHEMBL402921
DEC_1764,decoy,CC1(C)O[C@@H]2[C@@H](CC[C@@]3(COS(N)(=O)=O)CCC[C@@H]23)O1,CHEMBL26028
ACT_008,active,C=C1[C@@]23C(=O)O[C@H](C)[C@@]2(O)C(=O)O[C@]1(C)[C@@H](O)C1=C2CO[C@H]4CC(=O)OC(C)(C)[C@@]24CC[C@@]13C,CHEMBL5194590
DEC_0357,decoy,Cc1ccc(Sc2ccc(NC3=NCCN3)cc2)cc1,CHEMBL9172
DEC_3634,decoy,N/C(=N\c1ccc(Cl)cc1)Nc1nc(Nc2ccc(O)c(CN3CCCC3)c2)cc(C(F)(F)F)n1,CHEMBL22771
DEC_2774,decoy,CC[C@H](C)C(=O)O[C@H]1C[C@@H](C)C=C2C=C[C@H](C)[C@H](CC[C@@H]3C[C@@H](O)CC(=O)O3)[C@H]21,CHEMBL503
DEC_1996,decoy,O=C(Cn1cc(C(F)(F)F)ccc1=O)NCc1cc2cc(C(=O)N3CCC(N4C(=O)OCc5ccccc54)CC3)c(F)cc2o1,CHEMBL287101
DEC_3528,decoy,CO[C@H]1O[C@]2(C)OO[C@]13[C@H](CCOCc1ccccc1)CCC[C@@H]3CC2(C)C,CHEMBL22956
DEC_3604,decoy,CC(C)c1cccc(C(C)C)c1NC(=O)NCC1(c2ccc(OP(=O)(O)O)cc2)O[C@H](C)[C@@H](C)O1,CHEMBL41967
DEC_0266,decoy,CCCCNCC(O)c1cc(-c2ccc(Cl)cc2)cc(-c2ccc(Cl)cc2)c1,CHEMBL19184
DEC_3327,decoy,CN1C(=O)CC[C@]2(C)C3CC[C@@]4(C)C(CC[C@@H]4N(C(=O)c4ccccc4)c4ccccc4)C3CC[C@@H]12,CHEMBL276320
DEC_3910,decoy,CC(=O)OCC(=O)c1cc(C(C)(C)C)c2c(c1)C(C)(C)CO2,CHEMBL13812
DEC_2839,decoy,CC(C)[C@H](CO)Nc1nc(Nc2ccc(C(=O)O)c(Cl)c2)c2ncn(C(C)C)c2n1,CHEMBL23254
DEC_0173,decoy,COc1ccc(CCNCc2ccc3n2-c2ccccc2SC3C2=CCC(OC)(OC)C=C2)cc1OC,CHEMBL287410
DEC_1005,decoy,Cn1cncc1C(N)(c1ccc(Cl)cc1)c1cc2c3c(c1)c(-c1cccc(Cl)c1)cc(=O)n3CCO2,CHEMBL38080
DEC_3688,decoy,CC(=O)N[C@H](CC(C)C)C(=O)N(CCc1c[nH]c2ccccc12)CC(=O)N/C=C\c1c[nH]c2cc(OCc3ccccc3)ncc12,CHEMBL296466
DEC_1299,decoy,CCOC(=O)c1cnc2ccc(C3(CCC(=O)CCc4ccoc4)CCC(=O)NC3=O)cc2c1O,CHEMBL278810
DEC_1970,decoy,O=C(Cn1cc(C(F)(F)F)ccc1=O)NCc1nc2cc(C(=O)N3CCC(N4C(=O)OCc5ccccc54)CC3)ccc2s1,CHEMBL282767
DEC_0670,decoy,CCCn1c(=O)c2nc(-c3ccc(OCC(=O)NCCNC(=O)Cc4cccs4)cc3)[nH]c2n(CCC)c1=O,CHEMBL56399
DEC_0674,decoy,Cc1ccc(S(=O)(=O)NC(=O)Nc2ccc(S(=O)(=O)N(CC(=O)O)Cc3ccc([N+](=O)[O-])cc3)cc2)cc1,CHEMBL416304
DEC_3117,decoy,COc1cc([C@@H]2c3[nH]c4ccccc4c3C[C@H]3C(=O)N4CCC[C@H]4C(=O)N23)cc(OC)c1OC,CHEMBL290939
DEC_0684,decoy,C[C@@H](NC(=O)c1ccc(S(=O)(=O)Oc2ccc(/C=C/[N+](=O)[O-])cc2)cc1)C(=O)N[C@H](C)C(=O)OC(C)(C)C,CHEMBL312451
DEC_0667,decoy,COc1ccc(C(=O)N[C@H](C(=O)N2CCCC2C(=O)NC(C(=O)C(F)(F)F)C(C)C)C(C)C)cc1OC,CHEMBL56242
DEC_3833,decoy,NS(=O)(=O)c1ccc(-c2cc(C(F)(F)F)nn2-c2ccc(F)cc2)cc1,CHEMBL29257
DEC_3293,decoy,CC(=O)N[C@@H]1CCc2ccccc2N(Cc2ccc(-c3ccccc3-c3nn[nH]n3)cc2)C1=O,CHEMBL13568
DEC_1394,decoy,CC1(C)CCC[C@@](C)(C2CC[C@]3(C)C2[C@H](O)CC2[C@@]4(C)CC[C@H](O)C(C)(C)C4CC[C@]23C)O1,CHEMBL29153
DEC_2141,decoy,NCCCC[C@H](OP(=O)(O)CCCCc1ccccc1)C(=O)N1C[C@H](C2CCCCC2)C[C@H]1C(=O)O,CHEMBL287518
DEC_3621,decoy,O=C(O)c1cc2cc(O)c(O)cc2c(C(=O)c2ccc(Oc3ccc(C(F)(F)F)cc3)c(F)c2)n1,CHEMBL57564
DEC_2475,decoy,C=CCN(C(=O)OCc1ccc([N+](=O)[O-])cc1)C1CCN(C[C@H]2CN(C(=O)C3CCCCC3)C[C@@H]2c2ccccc2)CC1,CHEMBL328260
DEC_4205,decoy,O=C(N[C@@H]1CNCC[C@H]1OC(=O)c1cc(O)c(C(=O)c2c(O)cccc2C(=O)O)c(O)c1)c1ccc(O)cc1,CHEMBL67442
DEC_2013,decoy,CCCCN(Cc1ccccc1)Cc1nc(CCC)n(Cc2ccc(-c3ccccc3-c3nn[nH]n3)cc2)c1C(=O)O,CHEMBL304137
DEC_2591,decoy,CCc1c(C)noc1NS(=O)(=O)c1cccc2c(N(C)C)cccc12,CHEMBL285122
DEC_0488,decoy,CC(CCCCn1cnc2c1NC=NCC2O)(Cc1cccc(C(F)(F)F)c1)C(=O)O,CHEMBL291059
DEC_3373,decoy,Brc1cccc(Br)c1N(CC1CCCC1)C1=NCCN1,CHEMBL277652
DEC_4268,decoy,Clc1cc2c(s1)CNCC2c1ccc(Br)cc1,CHEMBL15825
DEC_0042,decoy,Cc1nnc2n1-c1ccc(C#CCN3C(=O)CCc4ccccc43)cc1C(c1ccccc1F)=N[C@@H]2C,CHEMBL280207
DEC_0024,decoy,COC1=C[C@]23C[C@H](C[C@H](c4cc5c(cc4Br)OCO5)[C@H]2C)OC3=C(Br)C1=O,CHEMBL44311
DEC_1009,decoy,COC(=O)C1=C[C@]2(C)[C@H]3CC=C4C5CC(C)(C)CC[C@]5(C(=O)O)CC[C@@]4(C)[C@]3(C)CC[C@H]2C(C)(C)C1=O,CHEMBL300760
DEC_0031,decoy,CC(C)C1=CC2CC3(C=O)[C@@H]4CC[C@@H](C)[C@H]4CC2(CO[C@H]2C[C@H]4[C@H](OC[C@@H]4C)[C@@H](C)O2)C13C(=O)O,CHEMBL430956
DEC_3516,decoy,C/C(=N\OC(C)C)c1ccc(Sc2cc(F)cc(C3CCOCC3)c2)cc1,CHEMBL25039
DEC_0606,decoy,O=C(O)[C@H]1CSC(c2nc3ccc(O)c(I)c3s2)=N1,CHEMBL277114
DEC_0768,decoy,CSc1ccc2c(c1)[C@H](N1CCN(C)CC1)Cc1ccccc1S2,CHEMBL273490
ACT_093,active,C[C@@]1(c2nc(-c3ccc(F)cn3)cs2)CC[C@@](C)(S(C)(=O)=O)C(N)=N1,CHEMBL5193623
DEC_2233,decoy,Oc1cc(NC[C@H]2CCC[C@@H]2NCc2ccc(Cl)c(Cl)c2)nc2ccccc12,CHEMBL23719
DEC_3207,decoy,O=C(c1ccc(Cl)cc1)C(O)(Cn1ccnc1)c1ccc(Cl)cc1,CHEMBL273710
DEC_2768,decoy,Fc1ccc(-c2ncn(C3CCNCC3)c2-c2ccnc(Oc3ccc(Cl)cc3)n2)cc1,CHEMBL275168
DEC_2448,decoy,CC[C@@]1(O)C(=O)OCc2c1cc1n(c2=O)Cc2cc3c(CN(C)C)c(O)ccc3nc2-1,CHEMBL84
DEC_2429,decoy,CCn1c(=O)c2nc(-c3ccc(S(=O)(=O)N4CCSCC4)cc3)[nH]c2n(CC)c1=O,CHEMBL275262
DEC_3852,decoy,CCC[C@@H]1OC(=O)[C@@H](C)C[C@H](C)CCCCC(=O)CCC[C@@H](CC)CC/C=C(\COC)CC[C@@H](O)[C@@H](O)C[C@H](O)CNC1=O,CHEMBL108758
DEC_3282,decoy,COc1cc(NC(=O)N2N=C(C)N(C(=O)Nc3cc(OC)cc(OC)c3)N=C2C)cc(OC)c1,CHEMBL16895
ACT_045,active,[C-]#[N+]c1cc(Cl)cc(-c2cc3c(cc2C)C[C@]2(CC[C@@H](OC)CC2)C32N=C(C)C(N)=N2)c1,CHEMBL3937729
DEC_3749,decoy,Cl[P@@]1(N2CCCC2)=NP(N2CC2)(N2CC2)=N[P@@](Cl)(N2CCCC2)=N1,CHEMBL26247
DEC_3610,decoy,Cc1cc(-c2c(F)cc3c(=O)c(Cc4c(O)cc(O)cc4O)cn(C4CC4)c3c2F)cc(C)n1,CHEMBL428339
DEC_1553,decoy,CCCCC(=O)O[C@]1(C(=O)CO)C(C)CC2C3CCC4=CC(=O)C=CC4(C)[C@@]3(F)C(O)CC21C,CHEMBL10858
DEC_2918,decoy,CN(C(=O)c1cc(C(F)(F)F)cc(C(F)(F)F)c1)[C@@H](/C=C/C(=O)NC1(C(N)=O)CCCCC1)Cc1ccc(Cl)cc1,CHEMBL105600
DEC_0847,decoy,C/C=C/CC(=O)[C@@H](C)[C@H](O)[C@H](C)[C@H]1OC(=O)/C(OC)=C/C(C)=C/[C@@H](C)[C@@H](O)[C@@H](C)C/C(C)=C/C=C/[C@@H]1OC,CHEMBL294246
DEC_1045,decoy,Cc1nnc2n1-c1sc(I)cc1C(c1ccccc1Cl)=NC2C,CHEMBL283113
DEC_2653,decoy,N#CN/C(=N/C1CCCCC1)Nc1cccc(/C(=C\CCCC(=O)O)c2cccnc2)c1,CHEMBL282884
DEC_2367,decoy,CN(C)C(=N)c1ccc(NC(=O)c2nnnn2-c2ccc3cc(Cl)ccc3c2)c(F)c1,CHEMBL21250
DEC_2719,decoy,CC(C)(C)NC(=O)[C@@H]1CN(C(C)(C)c2cccnc2)CCN1C[C@@H](O)C[C@@H](Cc1ccccc1)C(=O)N[C@H]1c2ccccc2C[C@H]1O,CHEMBL311979
DEC_0751,decoy,N#Cc1ccc(CCCn2ncc3c2nc(N)n2nc(-c4ccco4)nc32)cc1,CHEMBL22191
DEC_4179,decoy,N#Cc1ccc(S(=O)(=O)N2Cc3ccccc3N(Cc3c[nH]cn3)C(CCc3ccccc3)C2)cc1,CHEMBL8247
DEC_0171,decoy,CCCCCCC[N+](CC)(CC)C/C=C\Cc1ccc(Cl)cc1.Cc1ccc(S(=O)(=O)[O-])cc1,CHEMBL30978
DEC_0829,decoy,CCC1CCN(C=O)c2cc3nc(O)cc(C(F)(F)F)c3cc21,CHEMBL27372
DEC_3917,decoy,CN1CCC23c4c5ccc(O)c4O[C@H]2C=C[C@H](N=[N+]=[N-])[C@H]3C1C5,CHEMBL268703
DEC_3330,decoy,O=C1[C@H]2C(c3ccccc3)NC3(Cc4ccccc4C3)[C@H]2C(=O)N1c1ccc(Cl)c(Cl)c1,CHEMBL281459
DEC_4320,decoy,CN(CCCCCCN)CCCCCCCCN(C)CCCCCCNCC(=O)N1c2ccccc2C(=O)Nc2cccnc21,CHEMBL112244
DEC_2997,decoy,CN1C(=O)C=C[C@]2(C)C3CC[C@@]4(C)C(CC[C@@]4(O)C#CCCCCl)C3CCC12,CHEMBL275284
DEC_4237,decoy,CCc1c(F)c(N2CCNC(C)C2)cc2c1c(=O)c(C(=O)O)cn2C1CC1,CHEMBL277308
DEC_2750,decoy,CC(C)[C@H](NC(=O)C(=O)NN(c1ccccc1)c1ccccc1)C(=O)N[C@@H](CC(=O)O)C(=O)COc1c(F)c(F)cc(F)c1F,CHEMBL92029
DEC_1095,decoy,COC(C(=O)[C@@H](O)C(C)O)C1Cc2cc3cc(O)c(C)c(O)c3c(O)c2C(=O)C1O,CHEMBL281203
DEC_3023,decoy,O=C1O[C@H](c2ccccc2)[C@@](Cn2cncn2)(c2ccc(Cl)cc2Cl)O1,CHEMBL273646
DEC_2205,decoy,CC(NC(=O)Cc1ccccc1)C1CCC2C3CC=C4CC(O)CCC4(C)C3CCC12C,CHEMBL273769
DEC_2300,decoy,CC(=O)OCC(=O)[C@@]12N=C(C)O[C@@H]1CC1C3CCC4=CC(=O)C=CC4(C)[C@@]3(F)C(O)CC12C,CHEMBL285283
DEC_0139,decoy,O=C(O)CCc1ccccc1CC1C2CCC(O2)C1c1nc(C(=O)OCCCCC2CCCCC2)co1,CHEMBL286978
DEC_0805,decoy,c1ccc(C2(c3ccccc3)OCC(C3CCCCN3)CO2)cc1,CHEMBL28065
DEC_4207,decoy,N[C@@H]1C[C@H](NC(=O)c2ccc(O)cc2)[C@H](OC(=O)c2cc(O)c(C(=O)c3c(O)cccc3C(=O)O)c(O)c2)C1,CHEMBL417051
DEC_3443,decoy,CCOC(=O)C1=C(c2ccc(-n3c(C)nc4cnccc43)cc2)NC(C)=C(C(=O)Nc2ccccn2)C1c1cccnc1Cl,CHEMBL106800
DEC_0237,decoy,Cc1cc(C)cc(-c2[nH]c3ccccc3c2CCNCCCCc2ccc(O)nc2)c1,CHEMBL267558
DEC_3067,decoy,CS/C(=N\O)c1ccc(Sc2cc(F)cc(C3CCOCC3)c2)cc1,CHEMBL282213
DEC_3491,decoy,COc1ccc([C@@H]2Sc3c(Cl)cccc3-n3c(CN(C)C)ccc3[C@@H]2OC(C)=O)cc1,CHEMBL25278
DEC_1910,decoy,CSc1ccc(Cl)c(NC(=N)N(C)c2cccc(I)c2)c1,CHEMBL40155
DEC_3182,decoy,CCCCc1nn(CC)c(C(=O)OCC)c1Cc1ccc(-c2ccccc2-c2nn[nH]n2)cc1,CHEMBL22001
DEC_0936,decoy,CCCn1c(-c2c(Cl)cc(O)cc2Cl)cc2c(Cl)cc(O)cc21,CHEMBL279177
DEC_1022,decoy,Cn1cncc1C(O)(c1ccc(Cl)cc1)c1cc2c3c(c1)c(-c1cccc(Cl)c1)cc(=O)n3CCC2,CHEMBL288693
DEC_3786,decoy,O=C(Nc1sc2c(c1C(=O)c1ccccc1Cl)CCN(C(=O)C1CC1)C2)c1cccnc1,CHEMBL41503
DEC_0027,decoy,CC1O[C@H]2[C@H](C[C@H](OCC34C[C@@H]5[C@H](C)CC[C@H]5C5(C=O)CC3C=C(C(C)C)C45C(=O)O)O[C@@H]2C)O1,CHEMBL279691
DEC_3107,decoy,O=C(O)Cn1c(=O)c2cc(Br)ccc2n(Cc2ccc(Br)cc2)c1=O,CHEMBL36959
DEC_1056,decoy,O=C1NCN(c2ccccc2)C12CCN([C@@H]1CCc3c(Cl)ccc(Cl)c3C1)CC2,CHEMBL418020
DEC_4217,decoy,Clc1cc2nc(C3CCNCC3)n(CCCCCn3cnnc3)c2cc1Cl,CHEMBL20185
DEC_2819,decoy,CCOC(=O)c1cc(NC(=O)c2ccsc2)ccc1OCC(O)CNC(C)(C)C,CHEMBL7949
DEC_4068,decoy,CN1CCN=C1c1ccc(NC(=O)c2nnnn2-c2ccc3cc(Cl)ccc3c2)c(F)c1,CHEMBL418558
DEC_0982,decoy,CC(C)(C)C1=CC(=C/C=C/c2cc(C(C)(C)C)[se+]c(C(C)(C)C)c2)C=C(C(C)(C)C)O1.[Cl-],CHEMBL418161
DEC_2099,decoy,CC(C)(O)CC(=O)c1cc2c(c(C(C)(C)C)c1)OCC2,CHEMBL15091
DEC_1878,decoy,NS(=O)(=O)c1ccc(-n2nc(-c3ccc(Cl)s3)cc2-c2ccc(Cl)cc2)cc1,CHEMBL283633
DEC_0068,decoy,COC(=O)[C@H](Cc1ccccc1)NC(=O)[C@H](CC(C)C)NC(=O)[C@H](Cc1ccccc1)NC(=O)CCCCN,CHEMBL417058
DEC_1513,decoy,CCSc1ccnc(C[S+]([O-])c2nc3ccccc3n2COC(C)=O)c1C,CHEMBL10204
DEC_1121,decoy,O=C(Nc1ccc(F)c(C(F)(F)F)c1)C1CCN(C(=O)Cn2c(=O)sc3ccc(Cl)cc32)CC1,CHEMBL16986
DEC_3969,decoy,CC[C@@H](C)[C@@H](NS(=O)(=O)c1cc(Cl)c(Cl)cc1Cl)C(=O)N[C@H](Cc1cscn1)C(=O)NO,CHEMBL313932
DEC_3397,decoy,CN1C(=O)CC[C@]2(C)C3CC[C@@]4(C)C(CC[C@@]4(O)C#CCCCl)C3CCC12,CHEMBL9948
DEC_3915,decoy,CN1Cc2c(C(=O)OC(C)(C)C)ncn2-c2ccsc2C1=O,CHEMBL269366
DEC_2735,decoy,NC(N)=NCCCC(NC(=O)[C@@H]1CCCN1C(=O)[C@@H](N)C(c1ccccc1)c1ccccc1)C(=O)CCC(=O)N1CCCCC1,CHEMBL325058
DEC_0348,decoy,COP(=O)(CC1OC(C)(C)C(C)(C)O1)OC,CHEMBL19632
DEC_1591,decoy,C#CCOC(=O)/C=C(C)/C=C/CC(C)CCCC(C)C,CHEMBL38226
DEC_3970,decoy,COC(=O)C[C@](O)(CCCC(C)(C)O)C(=O)O[C@@H]1C(OC)=C[C@]23CCCN2CCc2cc4c(cc2[C@H]13)OCO4,CHEMBL46286
DEC_1543,decoy,C/N=C(/NCC[C@H]1CCCC[C@@]1(/C(S)=N\C)c1cccnc1)NS(=O)(=O)c1ccccc1,CHEMBL289976
DEC_4037,decoy,CC[C@@]1(O)C(=O)OCc2c1cc1n(c2=O)Cc2cc3c(CC#N)c(O)ccc3nc2-1,CHEMBL10419
DEC_1452,decoy,O=Cc1ccn(-c2cc3nc(O)c(O)nc3cc2C(F)(F)F)c1,CHEMBL12841
DEC_0865,decoy,CCN(CCOc1ccc(/C=C2\SC(=O)NC2=O)cc1)CC1(C)CCc2c(C)c(O)c(C)c(C)c2O1,CHEMBL6571
DEC_2577,decoy,O=C(O)COc1ccc2c(c1Cl)S(=O)(=O)N=C2c1ccccc1F,CHEMBL277872
DEC_2648,decoy,CC1(C)NC(=O)N(CCC(COc2ccc(-c3ccc(C#N)cc3)cc2)N(O)C=O)C1=O,CHEMBL288510
DEC_3318,decoy,O=C(NC1CCN(CC2CCCCCCCCC2)CC1)C1c2ccccc2Oc2ccccc21,CHEMBL285703
DEC_2961,decoy,COc1cc(N[C@@H]2c3c([nH]c4ccccc34)[C@@H](c3cc(OC)c(O)c(OC)c3)N3C(=O)OC[C@H]23)cc(OC)c1O,CHEMBL70597
DEC_2080,decoy,Cc1ccc(Sc2ccnc3sc(C(N)=O)cc23)cc1,CHEMBL267914
DEC_3353,decoy,Cc1ccccc1-c1cc(C(O)(C#Cc2ccccc2)c2cncn2C)ccc1C#N,CHEMBL24822
DEC_3041,decoy,CSc1nnc(-c2cc(C(C)(C)C)c(O)c(C(C)(C)C)c2)s1,CHEMBL12532
DEC_0214,decoy,CCOC(=O)C1=C(C)N=C(C)/C(=C(/O)OCC)C1c1ccc(I)cc1,CHEMBL40387
DEC_2309,decoy,CC1(C)OB(/C=C/CP(=O)(O)O)OC1(C)C,CHEMBL19606
DEC_0174,decoy,CN(C)C(=O)CCS[C@H](SCCC(=O)O)c1cccc(/C=C/c2ccc3ccc(Cl)cc3n2)c1,CHEMBL280481
DEC_3677,decoy,C[C@@H](c1c[nH]c2ccccc12)C(NC(=O)C1CCCN(Cc2ccc3ccccc3c2)C1)C(=O)N[C@@H](CCCCN)C(=O)OC(C)(C)C,CHEMBL135099
DEC_0353,decoy,CC(C)(C)c1cc(C2=NCCN2)cc(C(C)(C)C)c1O,CHEMBL280467
DEC_1159,decoy,CSc1c(Cl)nc(N2CCN(C)CC2)nc1NC(C)(C)C,CHEMBL284682
DEC_0653,decoy,CSCC[C@H](NC(=O)c1ccc(COCc2ccc(-c3cccnc3)o2)cc1-c1ccccc1C)C(=O)[O-].[Li+],CHEMBL10902
DEC_4172,decoy,CCCn1c(=O)c2nc(-c3cc(NC(=O)Cc4ccc(CC(C)C)cc4)nn3C)[nH]c2n(CCC)c1=O,CHEMBL36352
DEC_3906,decoy,CC(C)(C)c1cc(CN)c(O)c(I)n1,CHEMBL276112
DEC_0141,decoy,CCCCC(C)(O)c1ccc(C(Cc2cc[n+]([O-])cc2)c2ccc(OC(F)F)c(OC(F)F)c2)cn1,CHEMBL57131
DEC_1844,decoy,O=C1NC(=O)C(CC#Cc2ccc(Cl)cc2)(S(=O)(=O)c2ccc3ccccc3n2)S1,CHEMBL12503
DEC_0537,decoy,CC1CCC(/C=N/c2ccc(Br)cc2)=C2NC=C(C(=O)O)C(=O)N21,CHEMBL280707
DEC_1477,decoy,CC(/N=c1\c(O)c(O)\c1=N/c1cncc(Br)c1)C(C)(C)C,CHEMBL278299
DEC_4128,decoy,O=S(=O)(c1ccc(OC(F)(F)F)cc1)C(CSc1ccc(OC(F)(F)F)cc1)S(=O)(=O)C(F)(F)F,CHEMBL12005
DEC_3952,decoy,COc1cc2cc(C(=O)N3C[C@@H](CCl)c4c3cc(O)c3[nH]c(C)c(C(=O)NCCN(C)C)c43)[nH]c2c(OC)c1OC,CHEMBL317519
DEC_1306,decoy,C=C1/C(=C\C=C\[C@@H]2CC[C@](C)(/C=C\CCC(O)(C(F)(F)F)C(F)(F)F)C2(C)C)C[C@@H](O)C[C@@H]1O,CHEMBL289830
DEC_1691,decoy,CSc1ccc(-c2cc3ncn([C@H](C)[C@](O)(Cn4cncn4)c4ccc(F)cc4F)c(=O)c3s2)cc1,CHEMBL52023
DEC_2204,decoy,CC(NC(=O)c1ccccc1)C1CCC2C3CC=C4CC(O)CCC4(C)C3CCC12C,CHEMBL8446
DEC_2173,decoy,Cc1c(N2CC[C@H](N)C2)c(F)cn2c(=O)c(C(=O)O)cc(CC3CC3)c12,CHEMBL16998
DEC_0854,decoy,CC(C)(C)C(=O)OCc1cc(C(C)(C)C)ccc1C/N=C(\S)NCc1ccc(NS(C)(=O)=O)c(F)c1,CHEMBL46233
DEC_0143,decoy,O=C(O)CCCC/C=C(/c1cccnc1)c1ccccc1-c1nc(C(=O)NCCCCC2CCCCC2)co1,CHEMBL293971
DEC_1268,decoy,C#CC(C)Oc1ccc(S(=O)(=O)N(C)c2c(C)cc(Br)cc2C(=O)NO)cc1,CHEMBL19279
DEC_1887,decoy,C[C@H]1[C@@H](OCC23CC4CC(CC(C4)C2)C3)O[C@@H]2O[C@@]3(C)CC[C@H]4[C@H](C)CC[C@@H]1[C@@]24OO3,CHEMBL437851
DEC_0384,decoy,CCCc1cc(O)nc(SC2CCCCC2)n1,CHEMBL36189
DEC_1319,decoy,C=CCc1cc(Cn2c(CC)nc3c(C)cc(C)nc32)cc(Cl)c1OC(C(=O)O)c1ccccc1,CHEMBL15729
DEC_0637,decoy,Nc1nc(O)c2nc(Br)n(C3CCCc4cccc(Br)c43)c2n1,CHEMBL267102
DEC_3403,decoy,COc1cc([C@@H]2c3cc4c(cc3[C@@H](Nc3ccc(-c5nc6ccccc6[nH]5)cc3)[C@H]3COC(=O)[C@H]23)OCO4)cc(OC)c1O,CHEMBL307165
DEC_2043,decoy,CCCCc1nc(SC(F)F)c(C(=O)O)n1Cc1ccc(-c2ccccc2S(=O)(=O)NC(=O)NCCC)cc1,CHEMBL306157
ACT_024,active,O=C([C@@H]1CNC[C@]12CCCc1nc(Cl)ccc12)N1CCC2(C=Cc3ccccc32)CC1c1ccccc1,CHEMBL3945580
DEC_1074,decoy,Cc1ccc(N2C(=O)[C@@H]3C(c4ccccc4)NC4(C(=O)c5ccccc5C4=O)[C@@H]3C2=O)cc1Cl,CHEMBL26415
DEC_1751,decoy,O=C1NN=C(c2ccc(-n3ccnc3)cc2)C2CCCCC12,CHEMBL30358
DEC_3300,decoy,O=C(NN1CC2CCCC2C1)c1cn(-c2ccc(Cl)cc2)c(-c2ccc(Cl)cc2Cl)n1,CHEMBL275895
DEC_2502,decoy,CCOP(=O)(N1CC1(C)C)N1CC1(C)C,CHEMBL31597
DEC_0576,decoy,CSc1sc(C(=N)N)cc1-c1nc(-c2ccc3c(c2)OCCO3)cs1,CHEMBL285325
DEC_3783,decoy,COc1cc2c(cc1C(F)(F)F)N(C(=O)Nc1cc3c(c(-c4cccnc4)c1)OCC3)CC2,CHEMBL417082
DEC_2390,decoy,CC(C)c1ccccc1N1CCN(C(=O)[C@@H](Cc2c[nH]c3ccccc23)NC(=O)C(C)(C)N)CC1,CHEMBL285985
DEC_0815,decoy,CC[C@H]1Nc2cc3nc(O)cc(C(F)(F)F)c3cc2C[C@H]1C,CHEMBL7089
DEC_3202,decoy,NC/C(=N\O)c1ccc(Sc2cc(F)cc(C3CCOCC3)c2)cc1,CHEMBL25514
DEC_3851,decoy,CCC[C@@H]1OC(=O)[C@@H](C)C[C@H](C)CCCCC(=O)CCC[C@@H](CC)/C=C/C=C(\COC)CC[C@@H](O)[C@@H](O)C[C@H](O)CNC1=O,CHEMBL442007
DEC_0435,decoy,CCCCc1nc2ccc(C3=NNC(=O)CC3)cc2n1Cc1ccc(-c2ccccc2-c2nn[nH]n2)cc1,CHEMBL26437
ACT_014,active,NC1=NC2(CO1)c1cc(-c3cncc4ccccc34)ccc1OC1(CCC1)C21COC1,CHEMBL3650838
DEC_4266,decoy,CCC1CCN(C)c2cc3c(cc21)c(C(F)(F)F)cc(=O)n3C,CHEMBL27413
DEC_0563,decoy,Cc1noc(NS(=O)(=O)c2cccc3c(N(C)C)cccc23)c1Cc1ccccc1,CHEMBL26203
DEC_4274,decoy,CCOc1ccc2c(c1)SC1N(CC3CC3)C(=O)C(CC)C(=O)N21,CHEMBL285357
DEC_0188,decoy,CCCCc1cn([C@H]2[C@H](C)CCC[C@@H]2C)c(=O)n1Cc1ccc(-c2ccccc2-c2nn[nH]n2)nc1,CHEMBL9599
DEC_0279,decoy,CCN(CC)CCNc1nc(Nc2ccc(Cl)c(Cl)c2)c2ccccc2n1,CHEMBL32898
DEC_2229,decoy,O=C(O)c1cc(F)cc(C(=O)/C=C/c2cccc(/C=C/c3ccc4ccccc4n3)c2)c1O,CHEMBL11745
DEC_2441,decoy,CCCc1c(O)n(Cc2ccc(OC)cc2)c2nc3c(c(=O)n(C)c(=O)n3C)n2c1=O,CHEMBL13229
DEC_0721,decoy,CC(Cl)c1nc2c(C(F)(F)F)cccc2c(O)c1C(=O)Nc1nccs1,CHEMBL415254
DEC_2763,decoy,COc1cc2c(cc1OC)[C@@H]1[C@H](O)c3ccc4c(c3O[C@@H]1CO2)Cc1cc(C(C)C)oc1C4,CHEMBL39169
DEC_4070,decoy,O=C(Cn1c(=O)sc2ccc(Cl)cc21)N1CCC(C(=O)N2CCCc3ccccc32)CC1,CHEMBL16948
DEC_0956,decoy,CC(C)CCCN(C)[C@H]1CCC2C3CC=C4C[C@@H](O)CCC4(C)C3CCC21C,CHEMBL8490
DEC_3822,decoy,C=CCONC1=NC(=O)/C(=C/c2cc(C(C)(C)C)c(O)c(C(C)(C)C)c2)O1,CHEMBL277515
DEC_1594,decoy,c1ccc(CCCCNCCc2ccccc2)cc1,CHEMBL280111
DEC_0731,decoy,O=C(c1cc2ccccc2[nH]1)c1cc2cc(OC(=O)c3ccccc3Cl)ccc2[nH]1,CHEMBL7367
DEC_1209,decoy,CCCC(=O)OCC(=O)[C@@]1(OC(=O)c2ccco2)C(C)CC2C3CCC4=CC(=O)C=CC4(C)[C@@]3(Cl)C(Cl)CC21C,CHEMBL274880
DEC_1654,decoy,CSc1nnc(-c2cc(C(C)C)c(O)c(C(C)C)c2)s1,CHEMBL273793
DEC_1152,decoy,CCOc1c(Br)cc(Br)cc1-c1nnc2c3ccccc3c(N3CCCC3)nn12,CHEMBL275800
DEC_2140,decoy,O=C(O)CCc1ccccc1CC1C2CCC(O2)C1c1nc(C(=O)NCCCCc2ccc(O)cc2)co1,CHEMBL29429
DEC_3007,decoy,CN(C)S(=O)(=O)c1ccc(-n2nc(C(F)(F)F)cc2-c2ccc(F)cc2)cc1,CHEMBL282391
DEC_1451,decoy,C[C@H](N)Cc1c2c(c(C(F)(F)F)c3c1OCC3)OCC2.Cl,CHEMBL268542
DEC_1282,decoy,CCCCn1c(=O)c2c(ncn2S(=O)(=O)c2ccc(C(C)(C)C)cc2)n(CCCC)c1=O,CHEMBL20427
DEC_3812,decoy,Cc1ccc(Sc2cncc3sc(C(=O)NCC(O)CO)cc23)cc1,CHEMBL428508
DEC_2525,decoy,CN(C)CCc1c[nH]c2cc3c(cc12)OCO3,CHEMBL283686
DEC_1520,decoy,COc1cc([C@@H]2c3cc4c(cc3N[C@H]3COC(=O)N23)OCCO4)cc(OC)c1OC,CHEMBL8837
DEC_2077,decoy,C/C(=N\N=C(/S)Nc1cccc(N)c1)c1ccccn1,CHEMBL33015
DEC_1951,decoy,O=C(O)c1c(Br)c(Br)c(Br)c(Br)c1S(=O)(=O)NCCc1c[nH]cn1,CHEMBL62862
ACT_029,active,COc1c2ccoc2c(OC[C@@H](O)C(C)(C)O)c2oc(=O)ccc12,CHEMBL508648
DEC_2317,decoy,C/C=C(\NC(=O)CC1CC2CCC1C2)C(=O)O,CHEMBL11728
DEC_1372,decoy,CC1(C)CC[C@]2(C(=O)O)CC[C@]3(C)C(C(=O)C[C@@H]4[C@@]5(C)C=CC(=O)C(C)(C)[C@@H]5CC[C@]43C)C2C1,CHEMBL296070
DEC_0427,decoy,Cc1c(C)c2c(c(C)c1O)C(CN(C)CCOc1ccc(CC3SC(=O)NC3=O)cc1)C(C)(C)O2,CHEMBL267427
DEC_1228,decoy,Clc1cc2nc(C3CCNCC3)n(CCCn3c(C4CCNCC4)nc4cc(Cl)c(Cl)cc43)c2cc1Cl,CHEMBL20054
DEC_0840,decoy,c1ccc2c(c1)Oc1ccccc1C2NC1CN2CCC1CC2,CHEMBL277226
DEC_1975,decoy,O=C(Cn1cc(C(F)(F)F)ccc1=O)NCc1cc2cc(C(=O)N3CCC(N4C(=O)OCc5ccccc54)CC3)cnc2o1,CHEMBL284442
DEC_2071,decoy,Cc1cc(Nc2cccnc2)c2c(ccc3c[nH]nc32)n1,CHEMBL28842
DEC_0578,decoy,Cc1cc(NCc2ccc(-c3ccccc3-c3nn[nH]n3)cc2)c(Cl)c(C)n1,CHEMBL34044
DEC_3809,decoy,CN1C(=O)C=C[C@]2(C)C3CC[C@@]4(C)C(CC[C@@]4(O)C#CCCCO)C3CCC12,CHEMBL430283
DEC_2561,decoy,CCCCCCOc1ccc2c3c1OC1C(O)C=CC4C(C2)N(C)CCC341,CHEMBL29548
DEC_0295,decoy,CC1OC(SCCC23C[C@H]4C[C@@H](C2)C[C@@H](C3)C4)C(O)C(O)C1O,CHEMBL274753
DEC_0459,decoy,CN1CCC23c4c5ccc(O)c4OC2[C@H](O)[C@](CO)(CCCc2ccccc2)CC3C1C5,CHEMBL9836
DEC_2377,decoy,O=C1[C@@H](NS(=O)(=O)c2cc3ccc(Cl)cc3s2)CCN1Cc1cc2c[nH]ccc-2n1,CHEMBL267462
DEC_3336,decoy,O=C(Nc1ccc(C(=O)N2Cc3cccn3Cc3ccccc32)cn1)c1ccccc1-c1ccccc1,CHEMBL297705
DEC_3426,decoy,Oc1c(CN2CCOCC2)cc(Nc2cc(-c3ccc4ccccc4c3)nc3ccccc23)cc1CN1CCOCC1,CHEMBL52235
DEC_3043,decoy,CSc1nc(-c2cc(C(C)(C)C)c(O)c(C(C)(C)C)c2)ns1,CHEMBL16912
DEC_0912,decoy,CC[C@@H](C)NC(=O)c1cc(N)cc(-c2cnc(NC(C)C)c(=O)n2CC(=O)NCc2ccc(C(=N)N)cc2C(=O)NCC(=O)O)c1,CHEMBL189166
DEC_1922,decoy,CC1=C(C(=O)O)CC[C@@]2(C)C1=CCC1C2CC[C@@]2(C)C1CC[C@@H]2C(=O)N(C(C)C)C(C)C,CHEMBL422046
DEC_3808,decoy,CCCCC[C@](C)(O)/C=C/C1[C@H](O)C[C@@H]2OC(=O)C(F)(F)CC/C=C\C[C@H]12,CHEMBL12717
DEC_1214,decoy,CO/C1=C\C(C)=C\C(C)C(=O)[C@@H](C)C/C(C)=C/C=C/C(OC)[C@@H]([C@@H](C)C(=O)[C@H](C)C2=CC(=O)[C@H](C)[C@@H](C(C)C)O2)OC1=O,CHEMBL292615
DEC_0831,decoy,Cc1cc(C(Nc2cccnc2)c2ccc(C(C)C)cc2)sn1,CHEMBL22838
DEC_3274,decoy,NS(=O)(=O)c1ccccc1-c1ccc(NC(=O)C2CC(c3ccc4c(c3Cl)OCO4)=NO2)cc1,CHEMBL295487
DEC_0587,decoy,CSc1sc(C(=N)N)cc1-c1nc(-c2ccc(Cl)cc2Cl)cs1,CHEMBL285142
DEC_3351,decoy,O=C1NC(=O)C(CC#Cc2ccc(Cl)cc2)(Sc2ccc(Cl)cc2)S1,CHEMBL276264
DEC_2674,decoy,CCN(CC)CCNc1nc(Nc2ccc(Cl)c(Cl)c2)nc2cc(N)ccc12,CHEMBL32291
DEC_3056,decoy,CC[S+]([O-])c1nnc(-c2cc(C(C)(C)C)c(O)c(C(C)(C)C)c2)s1,CHEMBL16843
DEC_1852,decoy,CC(=O)OCC(=O)C1[C@H](C)CC2C3CCC4=CC(=O)C=CC4(C)[C@@]3(Cl)C(Cl)CC21C,CHEMBL428680
ACT_019,active,FC(F)(F)c1ccc(-c2nnc(N3CCN(c4ccccn4)CC3)o2)cc1,CHEMBL4764740
DEC_1749,decoy,O[C@@H]1CC[C@H]2CN3CCc4cc5c(cc4[C@@H]3C[C@@H]2C1)OCO5,CHEMBL26156
DEC_1696,decoy,C=C1CC2C3CCC4=CC(=O)C=CC4(C)C3C(O)[C@H](Cl)C2(C)[C@@]1(OC(=O)c1ccco1)C(=O)COC(C)=O,CHEMBL37510
DEC_3296,decoy,Cc1c(S(=O)(=O)N[C@H]2CCN(Cc3cc4[nH]cccc-4n3)C2=O)sc2ccc(Cl)cc12,CHEMBL8206
DEC_3982,decoy,CC(=O)OCC1(c2ccccc2)CCN(C(=O)[C@@H](CC2CCCCC2)N2C(=O)N[C@H](CCCN=C(N)N)C2=O)CC1,CHEMBL303888
DEC_2707,decoy,CN(CCCNS(=O)(=O)N1CCC(c2cc(-c3ccc(OCc4ccc(C(=O)O)o4)c(Cl)c3Cl)nn2C)CC1)C(=N)N,CHEMBL182704
DEC_2701,decoy,OCC(O)C(O)C(O)COC/C=C/C(F)(F)C(F)(F)C(F)(F)C(F)(F)C(F)(F)C(F)(F)C(F)(F)C(F)(F)F,CHEMBL22245
DEC_2456,decoy,CC(C)(CC[C@@H](SCc1ccccc1C(C)(C)O)c1cccc(/C=C/c2ccc3ccc(Cl)cc3n2)c1)CC(=O)[O-].[Na+],CHEMBL14569
DEC_3930,decoy,Cc1ccc(C(c2sncc2C)N2CCN(C)CC2)cc1C,CHEMBL21750
DEC_0714,decoy,C=C1/C(=C\C=C2/CCCC3(C)C2CCC3[C@H](C)/C=C/CCC(C)(C)O)C[C@@H](O)C[C@@H]1O,CHEMBL35428
DEC_2215,decoy,Cc1cc([N+](=O)[O-])ccc1/N=C(\S)Nc1ccc2c(c1)C(C)(C)CC(C)(C)S2,CHEMBL7074
DEC_2411,decoy,Nc1nc2c(cnn2CCc2ccc(S(=O)(=O)O)cc2)c2nc(-c3ccco3)nn12,CHEMBL22968
DEC_2549,decoy,C/C=C/c1nc2cc3c(cc2[nH]1)C(C)(C)C(=O)N3,CHEMBL34909
DEC_1616,decoy,CCCCCCCCCCCCN1CCOCC1,CHEMBL439921
DEC_1707,decoy,C=CCN1C[C@H](OCC23C[C@@H]4[C@H](C)CC[C@H]4C4(C=O)CC2C=C(C(C)C)C34C(=O)O)O[C@H](C)[C@@H](OC)C1,CHEMBL49798
DEC_0756,decoy,NC(=O)c1cc2c(Sc3ccc(Br)cc3)cncc2s1,CHEMBL266198
DEC_0259,decoy,CC(C)(C)c1cc(NC(=O)CCCCCCCCC(=O)O)c(O)c(C(C)(C)C)c1,CHEMBL17402
DEC_2568,decoy,CCOC(=O)C1C(c2ccc(I)cc2)CC2CCC1N2C,CHEMBL23714
DEC_3281,decoy,O=C(O)Cn1c(=O)c(=O)[nH]c2cc(C(F)(F)F)c(-n3ccc(CNC(=O)Nc4ccccc4)c3)cc21,CHEMBL12510
DEC_3550,decoy,CC(O)(c1ccc(Cl)cc1)C(O)(Cn1ccnc1)c1ccc(Cl)cc1,CHEMBL276213
DEC_1413,decoy,COc1cc([C@@H]2c3cc4c(cc3[C@@H](N)[C@H]3COC(=O)[C@H]23)OCO4)cc(OC)c1O,CHEMBL32083
DEC_2035,decoy,CCN(CC)C(=O)C(C)(C)c1ccc2[nH]c(-c3cc(C)cc(C)c3)c(CCNCCCCc3ccncc3)c2c1,CHEMBL48380
DEC_2861,decoy,CCCC(=O)O.CCN1[C@H](C)CN(C(=O)N2Cc3c(C(=O)OC(C)(C)C)ncn3-c3ccc(Cl)cc32)C[C@@H]1C,CHEMBL274465
DEC_2321,decoy,Oc1nc2ccc(-n3ccnc3)cc2nc1O,CHEMBL27715
DEC_1236,decoy,COc1cc(OC2CCN(C3CCc4ncccc43)CC2)c(F)cc1C(=O)N1CCC(N2C(=O)OCc3ccccc32)CC1,CHEMBL308460
DEC_0084,decoy,C[C@@H]1CCCCC12OOC1(CCCC[C@@H]1C)OO2,CHEMBL278291
DEC_2477,decoy,CCCc1nc2c(n1Cc1ccc(-c3ccccc3S(=O)(=O)Nc3onc(C)c3C)c(COC)c1)C(=O)CCCC2,CHEMBL268706
DEC_0022,decoy,O=C(O)c1ccc(S(=O)(=O)Oc2ccc(-c3ccc(-c4coc5ccccc45)cc3)cc2)cc1O,CHEMBL24900
DEC_1223,decoy,CCOC(=O)N1CCC(N2CCC(C3(c4ccc(S(=O)(=O)c5ccc(OC)cc5)cc4)SCCCS3)CC2)CC1,CHEMBL90199
DEC_2902,decoy,CO/C(O)=C1\C(C)=NC(C)=C(C(=O)NCCCN2CCC(c3ccccc3)(c3ccccc3)CC2)C1c1ccc(C#N)cc1,CHEMBL89243
DEC_0558,decoy,CCOP(=O)(Cc1ccc(-c2nc(O)c3c(F)cccc3n2)cc1)OCC,CHEMBL286546
DEC_2048,decoy,CCCC[C@@H](C[C@@H](CCc1ccc(-c2cc(Cl)cc(Cl)c2)cc1)C(=O)N[C@H](C(=O)NC)C(C)(C)C)C(=O)O,CHEMBL8917
DEC_1449,decoy,CCCN(C1=NCCN1)c1c(Br)cccc1Br,CHEMBL20335
DEC_3076,decoy,CSc1ccc(-c2nc3n(c2-c2ccc(F)cc2)CCS3)cc1,CHEMBL17554
DEC_4265,decoy,CN1C2CCC1[C@H](C(=O)C(F)(F)F)[C@@H](c1ccc(Cl)cc1)C2,CHEMBL28376
DEC_4301,decoy,CN(CCc1ccccc1)c1ncnc2c(C#N)c3n(c12)CCCC3,CHEMBL27634
DEC_2785,decoy,CC1(C)Oc2ccc(C#N)cc2[C@H](N(Cc2ncc[nH]2)c2ccc(Cl)cc2)[C@H]1O,CHEMBL11594
DEC_3264,decoy,Cc1cccc(C(O)CNC(=O)C2CCN(C(=O)Cn3c(=O)sc4ccc(Cl)cc43)CC2)n1,CHEMBL418546
DEC_3994,decoy,O=C(C[C@H]1S[C@H](c2ccc(Cl)cc2Cl)N(CC(=O)NCCCN2CCOCC2)C1=O)NCc1cccs1,CHEMBL44561
DEC_1238,decoy,O=C(NCCN1CCCC1)C1=CC2(CC1)CCN(C(=O)c1ccc(NC(=O)c3ccccc3F)cc1)c1ccccc1C2,CHEMBL107058
DEC_3175,decoy,COc1ccc(C(CCC(=O)O)O[C@@H]2O[C@@H]3OC4(C)CC[C@H]5[C@H](C)CCC([C@H]2C)C35OO4)cc1,CHEMBL30493
DEC_2085,decoy,O=C(O)c1ccc2c(c1)CCCC2CCn1ccnc1,CHEMBL26784
DEC_1028,decoy,CC(C)N1N=C2/C(=C/c3cccc(C(F)(F)F)c3)CS(=O)(=O)CC2C1c1cccc(C(F)(F)F)c1,CHEMBL290621
DEC_3902,decoy,Cc1ccc2c(c1)c(C1=NCC3(CN4CCC3CC4)O1)cn2C,CHEMBL267297
DEC_1799,decoy,CCN(CC)CC#CCCC1(C(O)(c2ccccc2)C2CCCCC2)SCCCS1,CHEMBL39145
DEC_1479,decoy,CCCOc1ccc2c3c1OC1C(O)C=CC4C(C2)N(C)CCC341,CHEMBL27017
DEC_3365,decoy,Brc1cccc(Br)c1N(CC1CCCCC1)C1=NCCN1,CHEMBL282933
DEC_3487,decoy,COc1ccc(C(C2=C(O)C(=O)c3ccccc3C2=O)c2ccc(C(C)C)cc(=O)c2O)cc1,CHEMBL275156
DEC_2524,decoy,CN(C)CCc1c[nH]c2ccc3c(c12)OCO3,CHEMBL28354
DEC_2827,decoy,CCOC(=O)c1cc(NC(=O)c2cccs2)ccc1OCC(O)CNC(C)(C)C,CHEMBL8148
DEC_3638,decoy,C[C@@H](NC(=O)c1csc(-c2ccc(Cl)cc2)n1)[C@](O)(Cn1cncn1)c1ccc(F)cc1F,CHEMBL54881
DEC_0747,decoy,Oc1ccc2c3c1O[C@H]1[C@H](N=C=S)CCC4C(C2)N(CC2CC2)CCC341,CHEMBL269375
DEC_3618,decoy,O=c1c(-c2ccccc2)c(O)c2c(n1Cc1ccc(-c3ccccc3-c3nn[nH]n3)cc1)CCC2,CHEMBL281887
DEC_3189,decoy,Cc1nc(-c2ccc(S(=O)(=O)Nc3ccc(CCNC[C@H](O)c4cccnc4)cc3)cc2)co1,CHEMBL37512
DEC_0377,decoy,CCCCC1Oc2c(C)c(C)c(O)c(C)c2S1,CHEMBL36043
DEC_1207,decoy,C=C(CC[C@H]1O[C@@H](C(C)(C)O)CC[C@]1(C)O)[C@H]1CC[C@H]2O[C@@H]([C@]3(C)CC[C@@H](Br)C(C)(C)O3)CC[C@]2(C)O1,CHEMBL281146
DEC_0363,decoy,S=C=Nc1ccc(-c2noc(C3CC3)n2)cc1,CHEMBL21517
DEC_3909,decoy,Cc1cc(/N=c2\c(O)c(O)\c2=N/[C@H](C)C(C)(C)C)ccc1C#N,CHEMBL18951
DEC_1754,decoy,C[C@@H]1CC[C@H]2[C@@H](C)C(=O)O[C@@H]3O[C@@]4(C)CC[C@@H]1C32OO4,CHEMBL9903
DEC_1272,decoy,CC(C)C1=CC2CC3(C=O)[C@@H]4CC[C@@H](C)[C@H]4CC2(CO[C@H]2C[C@@H]4OC(=O)O[C@@H]4[C@@H](C)O2)C13C(=O)O,CHEMBL277254
DEC_0004,decoy,Cc1c(C(=O)c2ccc(Br)c3ccccc23)c2cccc3c2n1C(CN1CCOCC1)CO3,CHEMBL286248
DEC_2310,decoy,O=C(O)[C@H]1C[C@@H](/C=C/CP(=O)(O)O)CCN1,CHEMBL26475
DEC_0391,decoy,Cc1nc(O)c(C#N)cc1-c1ccc(-n2ccnc2)cc1,CHEMBL8068
DEC_2245,decoy,CCOC(=O)c1ccc(N/C(S)=N/c2cc3c(cc2C)SC(C)(C)CC3(C)C)cc1,CHEMBL6825
DEC_2452,decoy,O=S(=O)(NCCc1c[nH]cn1)C(F)(F)C(F)(F)C(F)(F)C(F)(F)C(F)(F)C(F)(F)C(F)(F)C(F)(F)F,CHEMBL304250
DEC_1161,decoy,O=C(O)[C@@H]1C[C@H]2C[C@@H](c3ccc(-c4nn[nH]n4)s3)CC[C@H]2CN1,CHEMBL17098
DEC_3519,decoy,CCCN(CC1CC1)c1nc(C)nc2c1sc(=O)n2-c1c(C)cc(C)cc1C,CHEMBL18590
DEC_2807,decoy,O=C(O)c1cc(/N=N/c2ccc(S(=O)(=O)Nc3ccccn3)cc2)ccc1O,CHEMBL421
DEC_4076,decoy,CC1(C)C2CC[C@@]1(CS(=O)(=O)N1CCC3(CCc4ccccc43)CC1)[C@@H](N1C(=O)C=CC1=O)C2,CHEMBL20205
DEC_3217,decoy,CSC1=C2N=CN=C2N(Cc2ccc(Cl)cc2)C2=NCCN21,CHEMBL279389
DEC_1052,decoy,Cc1ccc2c(c1)N(C(=O)N1C[C@@H](C)N[C@@H](C)C1)Cc1c(C(=O)OC(C)(C)C)ncn1-2,CHEMBL279165
DEC_3731,decoy,CNc1ccc(-c2cc(C(F)(F)F)nn2-c2ccc(S(N)(=O)=O)cc2)cc1Cl,CHEMBL30084
DEC_4141,decoy,COc1c(N(C)C(=O)CNC(=O)/C=C/c2ccc(C(F)(F)F)cc2)ccc(Cl)c1COc1cccc2ccc(C)nc12,CHEMBL113465
DEC_1596,decoy,CC(Cc1ccccc1)NCCCCc1ccccc1,CHEMBL12047
DEC_0314,decoy,Cc1[nH]cnc1CSCC/N=C(\N)c1ccc(C(=O)O)cc1,CHEMBL279180
DEC_0339,decoy,Cc1ccc(Sc2cncc3sc(C(=O)N=C(N)N)cc23)cc1,CHEMBL266460
DEC_0882,decoy,CCC(OC(=O)c1cccnc1)c1nc2c(C(F)(F)F)cccc2c(O)c1C(=O)Nc1nccs1,CHEMBL32211
DEC_1431,decoy,CC1(C)Oc2cc([N+](=O)[O-])sc2[C@@H](NC(=O)c2ccc([N+](=O)[O-])cc2)[C@@H]1O,CHEMBL433224
DEC_2858,decoy,Cc1nnc2n1-c1sc(C#CCn3c(=O)n(-c4ccccc4)c4ccccc43)cc1C(c1ccccc1Cl)=NC2,CHEMBL281779
DEC_1961,decoy,COC(=O)c1c(C(F)(F)F)[nH]c2c(O)cc3c(c12)[C@H](CCl)CN3C(=O)c1cc2c(OC)c(OC)c(OC)cc2[nH]1,CHEMBL34827
DEC_0806,decoy,CC(C)(C)c1cc(-c2nnc(NC#N)s2)cc(C(C)(C)C)c1O,CHEMBL17307
DEC_3188,decoy,CCN1CCCC1CNC(=O)c1c(OC)c(Br)cc(Br)c1OC,CHEMBL26109
DEC_0610,decoy,O=S(=O)(c1ccc(Br)cc1)c1ccc(C#CC2(O)CN3CCC2CC3)cc1,CHEMBL24766
DEC_2936,decoy,CC(C)c1cccc(C(C)C)c1NC(=O)NC(C)(Cc1c[nH]c2ccccc12)C(=O)N[C@H]1COC(C)(C)OC1c1ccccc1,CHEMBL89075
DEC_3325,decoy,COc1c(C(=O)N[C@@H]2CCN(C3[C@H]4C[C@@H]5C[C@@H](C[C@H]3C5)C4)C2)cc(Br)c2ccccc12,CHEMBL51754
DEC_2882,decoy,Cc1nnc2n1-c1sc(C#CCn3c(=O)c4ccccc4c4ccccc43)cc1C(c1ccccc1Cl)=NC2C,CHEMBL20178
ACT_087,active,N#Cc1cccc(-c2ccc3c(c2)C(=O)C2(CC=C(OS(=O)(=O)C(F)(F)F)CC2)C3)c1,CHEMBL5911768
DEC_4057,decoy,Cc1nnc2n1-c1ccc(C#CCN3C(=O)COc4ccccc43)cc1C(c1ccccc1F)=NC2,CHEMBL19947
DEC_0200,decoy,CSc1ccc2c(c1)C(c1ccccc1)=NCc1nnc(C(CN(C)C)c3ccccc3)n1-2,CHEMBL16241
DEC_4173,decoy,Cc1c(C(=O)N[C@H](C)[C@](O)(Cn2cncn2)c2ccc(F)cc2F)cnn1-c1ccc(F)cc1F,CHEMBL301204
DEC_2221,decoy,CCCC1=NN(C(=O)Nc2cccc(C)c2)C(CCC)=NN1C(=O)Nc1cccc(C)c1,CHEMBL275849
DEC_2740,decoy,O=C(O)CCCC1C=CC(C(=O)NC(Cc2ccc3sccc(=O)c3c2)C(=O)O)n2c(=O)n(Cc3cc(F)ccc3F)c(=O)n21,CHEMBL302432
DEC_1577,decoy,O=C(CN1CCC(NC(=O)Nc2ccccc2)CC1)NC1CCc2cc(F)ccc2C1Cc1cccnc1,CHEMBL44338
DEC_3445,decoy,CCOC(=O)C1=C(c2ccc(-n3c(C)nc4cnccc43)cc2)NC(C)=C(C(=O)Nc2ccccn2)C1c1ccccc1Cl,CHEMBL29067
DEC_1735,decoy,O=CN(O)C(CS(=O)(=O)c1ccc(Oc2ccc(OC(F)(F)F)cc2)cc1)C1CCC2(CC1)OCCO2,CHEMBL306276
DEC_3759,decoy,N#Cc1cc(-c2ccoc2)c2ccc(OCc3cccc(C4(O)CC5COC(C4)O5)n3)cc2c1,CHEMBL278293
DEC_3705,decoy,Cc1ccc(C2COC(Cn3ccnc3)(c3ccc(Br)cc3)O2)cc1,CHEMBL281074
DEC_3727,decoy,Cc1cc(-c2c(F)cc3c(=O)c(Cc4c[nH]cn4)cn(C4CC4)c3c2F)cc(C)n1,CHEMBL267251
DEC_1075,decoy,O=c1oc(Nc2ccccc2I)nc2cc(Cl)c(Cl)cc12,CHEMBL10569
DEC_3541,decoy,C=CCCN1C2CCC1CC(OC(c1ccc(F)cc1)c1ccc(F)cc1)C2,CHEMBL12377
DEC_0490,decoy,CC(C)(C)/N=C(\Nc1cccc(/C(=C\CCCC(=O)O)c2cccnc2)c1)NS(C)(=O)=O,CHEMBL277620
DEC_2941,decoy,CCCSC1=NS(=O)(=O)c2ccc(C(=O)O)cc2N1Cc1ccc(-c2ccccc2-c2nn[nH]n2)cc1,CHEMBL268004
DEC_1927,decoy,CCC(=O)OC1=C(c2ccc(OC)cc2)Sc2ccc(C(F)(F)F)cc2-n2cccc21,CHEMBL32765
DEC_3061,decoy,[O-][N+]1(Cc2ccccc2)CCc2ccc3sc4ccccc4c3c2C1,CHEMBL418344
DEC_1814,decoy,CCN(CC)CC#CCCCC1(C2(O)c3ccccc3Oc3ccccc32)SCCCS1,CHEMBL289122
DEC_2018,decoy,NC(CO)[C@H](O)/C=C/CCCCCCCCCCNS(=O)(=O)c1ccc2ccc3cccc4ccc1c2c34,CHEMBL38414
DEC_1048,decoy,CC(=O)S[C@@H]1CC2=CC(=O)[C@@H]3C[C@@H]3C2(C)C2CCC3(C)C(C21)[C@H]1C[C@H]1[C@@]31CCC(=O)O1,CHEMBL432069
DEC_2792,decoy,CCCc1cc2ncn(C)c2c(=O)n1Cc1ccc(-c2ccccc2-c2nn[nH]n2)cc1,CHEMBL28095
DEC_3393,decoy,O=C(c1ccc(-n2nc(C(F)(F)F)cc2-c2ccc(F)cc2)cc1)C(F)(F)F,CHEMBL285567
DEC_0550,decoy,CCN(CC)CCSc1nnc(-c2cc(C(C)(C)C)c(O)c(C(C)(C)C)c2)s1,CHEMBL279336
DEC_0902,decoy,CC(=O)O.CCN(Cc1ccc([N+](=O)[O-])cc1)C(=O)CNC(=O)[C@@H](CCCN=C(N)N)NC(=O)[C@@H](N)Cc1ccc(O)cc1,CHEMBL13518
DEC_1953,decoy,CCc1c2c(nc3ccc(OC(=O)N4CCC(N5CCCCC5)CC4)cc13)-c1cc3c(c(=O)n1C2)CCC(=O)C3(O)CC,CHEMBL321593
DEC_2605,decoy,O=C(O)CCN1CCC2(CCC(C(=O)N3CCN(c4ccncc4)CC3)CC2)CC1,CHEMBL282527
DEC_1883,decoy,COc1cccc2c1CC[C@H]1CN(CCn3c(=O)[nH]c4c(sc5cc(C#N)ccc54)c3=O)C[C@@H]21,CHEMBL40780
DEC_2292,decoy,CCOC(=O)N[C@H]1CCc2cc(OC)c(OC)c(OC)c2-c2ccc(OC)c(=O)cc21,CHEMBL29086
DEC_0492,decoy,Cn1cc(C2=C(c3cn(CCCSC(=N)N)c4ccccc34)C(=O)NC2=O)c2ccccc21,CHEMBL6291
DEC_1480,decoy,Cc1noc(NS(=O)(=O)c2cccc3c(C(C)(C)O)cccc23)c1C,CHEMBL431300
DEC_0510,decoy,Cc1cc(-n2ccc(=O)[nH]c2=O)cc(Cl)c1S(=O)(=O)c1ccc(Cl)cc1,CHEMBL11168
DEC_1829,decoy,N#CC(CCCN1CCC(O)(c2ccc(Cl)cc2)CC1)(c1ccccc1)c1ccccc1,CHEMBL34166
DEC_0361,decoy,CCN(CC)c1ccc(Nn2c(C)ccc2C)nn1,CHEMBL11643
DEC_3349,decoy,C[C@@H]1CC[C@H]2[C@@H](C)[C@](O[Si](C)(C)C)(C(F)(F)F)O[C@@H]3O[C@]4(C)CC[C@@H]1C32OO4,CHEMBL9805
DEC_3485,decoy,COc1oc(=O)c2cc(NC(=O)OCC3c4ccccc4-c4ccccc43)ccc2c1Cl,CHEMBL276791
DEC_0472,decoy,O=C(O)C(CCCCn1cnc2c1NC=NCC2O)Cc1ccccc1Br,CHEMBL36045
DEC_0405,decoy,C=C(Cl)CN1C[C@H](OCC23C[C@@H]4[C@H](C)CC[C@H]4C4(C=O)CC2C=C(C(C)C)[C@@]34C(=O)O)OC[C@H]1CO,CHEMBL431704
DEC_0294,decoy,COC(=O)/C=C/[C@H]1CCC2=C(C)/C(=N/N=C(N)N)CC[C@@]21C,CHEMBL29595
DEC_4166,decoy,COc1cc2c(c(OC)c1OC)-c1ccc(SC)c(=O)cc1[C@@H](NC(=O)c1ccc(C#N)cc1)CC2,CHEMBL290219
DEC_1150,decoy,Cc1cccc(C2(O)CCN(C(=O)c3ccc(Nc4ccnc5cc(C(F)(F)F)ccc45)cc3)CC2)c1,CHEMBL286031
DEC_2922,decoy,COc1cc(NS(C)(=O)=O)ccc1Nc1c2ccccc2nc2c(C(=O)NC34C[C@H]5C[C@@H](C3)C[C@@H](C4)C5)cccc12,CHEMBL299386
DEC_1320,decoy,O=S(=O)(NCc1ccc([C@H]2CCNC[C@@H]2OCc2ccc3ccccc3c2)cc1)c1ccccc1,CHEMBL286733
DEC_2754,decoy,Cc1ccc(Oc2nccc(-c3c(-c4ccc(F)cc4)ncn3C3CCNCC3)n2)cc1C,CHEMBL13880
DEC_1218,decoy,CCc1c(C)c2[nH]c1cc1[nH]c(cc3nc4c(c5nc(c2C=O)[C@@H](C)[C@@H]5CCC(=O)OC)CCC4=C3C)C(=O)C1(C)CC,CHEMBL91969
DEC_1913,decoy,CC(C)N(C(=O)C1=CCC2C3CCC4=CC(C(=O)O)=CC[C@]4(C)C3CC[C@]12C)C(C)C,CHEMBL24091
DEC_1920,decoy,Cc1c(C(=O)NN2CCCCC2)nn(-c2ccc(Cl)cc2)c1-c1ccc(Cl)cc1,CHEMBL36250
DEC_1677,decoy,c1ccc2c(c1)c(C1=NCC3(CN4CCC3CC4)O1)cn2CC1CC1,CHEMBL8245
DEC_2769,decoy,CC(=O)OC(c1nc2c(C(F)(F)F)cccc2c(O)c1C(=O)Nc1nccs1)C(C)C,CHEMBL34699
DEC_1285,decoy,COC(=O)C[C@@H](c1ccc(OC)nc1)N(C)C(=O)CCCCc1nc2c(cc1C)CCCN2,CHEMBL10051
DEC_2515,decoy,CC1CCC(NC(=O)N(CCF)N=O)CC1,CHEMBL13005
DEC_3284,decoy,COc1ccc(S(=O)(=O)N(C)c2c(C(=O)NO)cnc3c(Br)cccc23)cc1,CHEMBL37837
DEC_4107,decoy,Cc1c[n+]([O-])cc(C)c1CC(c1ccc(C(O)(C(F)(F)F)C(F)(F)F)cc1)c1ccc(OC(F)F)c(OC(F)F)c1,CHEMBL318108
DEC_0992,decoy,O=C(Cc1cc[n+]([O-])cc1)N1CCC(=C2c3ccc(Cl)cc3CCc3cc(Br)cnc32)CC1,CHEMBL41934
DEC_1769,decoy,Oc1ccc(-c2noc(C3CN4CCC3CC4)n2)cc1,CHEMBL36940
DEC_0842,decoy,CC(C)(C)c1cc(-c2nnc(S)n2N)cc(C(C)(C)C)c1O,CHEMBL273956
DEC_3486,decoy,COc1cc2c(cc1OC)-c1cc(N(c3c(C)cc(C)cc3C)C(C)C)nc(=O)n1CC2,CHEMBL35855
DEC_1860,decoy,O=C(OCCS(=O)(=O)c1ccccc1)N1c2ccccc2[C@@]23O[C@]24CCC[C@@H]3C#C/C=C\C#C[C@H]14,CHEMBL15924
DEC_1903,decoy,O=C1O[C@H](c2ccc(Cl)cc2)[C@](Cn2cncn2)(c2ccc(Cl)cc2Cl)O1,CHEMBL10394
DEC_3512,decoy,Cc1cc(CCCCCOc2c(Cl)cc(-c3ccoc3)cc2Cl)on1,CHEMBL25070
DEC_0977,decoy,COc1ccc(/N=C(\N)Nc2ccc3c4c(cccc24)CC3)c2ccccc12,CHEMBL28853
DEC_2375,decoy,CC(C)(N)C(=O)N[C@H](Cc1c[nH]c2ccccc12)C(=O)N1CCCC2(Cc3ccccc3C2O)C1,CHEMBL13895
DEC_2575,decoy,CCOC(=O)c1cc2c3cc(-n4cnnc4)c(Cl)cc3nc(O)n2n1,CHEMBL268445
DEC_2078,decoy,CCCC/N=C(\N)c1nnc(-c2ccccc2C)s1,CHEMBL267108
DEC_4122,decoy,CCCCc1nc(Cl)c(C(=O)O)n1Cc1ccc2oc(-c3ccccc3-c3nnn[nH]3)c(Br)c2c1,CHEMBL304639
DEC_2260,decoy,COc1cccc2c1CC[C@H]1CN(CCn3c(=O)[nH]c4c(sc5cnccc54)c3=O)C[C@@H]21,CHEMBL40754
DEC_0963,decoy,CCCCc1oc2ccccc2c1C(O)c1ccc(-c2ccc(O)cc2)cc1,CHEMBL280647
DEC_3524,decoy,CCCCCCCCCCCC(=O)N1CC[C@H]2[C@H](C)[C@@H](O)CC[C@]2(C)C1,CHEMBL17168
DEC_2007,decoy,Cc1ccc(S(=O)(=O)NC[C@@H]2C3CC(c4ccc(-c5ccccc5)cc4)(CO3)[C@H]2C/C=C\CCCC(=O)O)cc1,CHEMBL274818
DEC_3756,decoy,CC(C)OC(=O)[C@@H]1C2CC[C@H](C[C@@H]1c1ccc(I)cc1)N2CCF,CHEMBL38653
DEC_1390,decoy,C[C@@H]1CC[C@]2(C(=O)O)CC[C@]3(C)C(=CC(=O)[C@@H]4[C@@]5(C)C=CC(=O)C(C)(C)[C@@H]5CC[C@]43C)C2[C@H]1C,CHEMBL44527
DEC_3654,decoy,O=C1Nc2cccnc2N(C(=O)CN2CCN(CCCCCCCCNC(=S)Nc3cccc(N=C=S)c3)CC2)c2ccccc21,CHEMBL158311
DEC_2983,decoy,C#CCN(Cc1ccc2nc(C)nc(O)c2c1)c1ccc(C(=O)N[C@@H](C(=O)O)c2cccc([N+](=O)[O-])c2)cc1,CHEMBL6636
DEC_3900,decoy,CC(C)[C@H]1OCO[C@]1(Cn1cncn1)c1ccc(Cl)cc1,CHEMBL10285
DEC_3302,decoy,COc1cc2c(cc1C(F)(F)F)N(C(=O)Nc1ccc(C(C)(C)C)c(-c3cccnc3)c1)CC2,CHEMBL446942
DEC_3946,decoy,[O-][n+]1cncc(C(O)(c2ccc(Cl)cc2)c2ccc(Cl)cc2)c1,CHEMBL29867
DEC_4197,decoy,Cc1c(C(=O)N[C@H](C)[C@](O)(Cn2cncn2)c2ccc(F)cc2F)cnn1-c1ccc(Cl)cc1,CHEMBL52751
DEC_1488,decoy,CCOC(=O)C[C@H]1CCCCC12OOC1(CCCC[C@H]1CC(=O)OCC)OO2,CHEMBL34205
DEC_0928,decoy,C[C@@H](NC(=O)[C@@H](N)Cc1ccc(O)cc1)C(=O)NCC(=O)N[C@@H](Cc1ccccc1)C(=O)NNC(=O)[C@@H](N)Cc1ccccc1,CHEMBL92503
DEC_3533,decoy,COc1cccc2c1CCC[C@H]2CN(C)CCc1ccc2nc(C)oc2c1,CHEMBL10385
DEC_3542,decoy,N#CCCn1nc(-c2ccc(OCc3ccc(Cl)cc3)cc2)oc1=S,CHEMBL16642
DEC_2280,decoy,O=C1[C@@H](NS(=O)(=O)c2cc3ccnc(Cl)c3s2)CCN1Cc1cc2c[nH]ccc-2n1,CHEMBL8242
DEC_0746,decoy,CC(=O)Oc1nc(C(Cl)(Cl)Cl)c(Cl)c(OC(C)=O)c1Cl,CHEMBL11954
DEC_0211,decoy,CCC#CC[C@H](C)[C@H](O)C#C[C@@H]1C2CC(c3ccc(F)cc3)(CO2)[C@H]1C/C=C/CCCC(=O)O,CHEMBL273634
DEC_0758,decoy,Cc1noc(NS(=O)(=O)c2cccc3c(N(C)C(C)C)cccc23)c1C,CHEMBL283652
DEC_0543,decoy,C=CCC1Oc2ccc(OCC#N)c(OC)c2-c2ccc3c(c21)C(C)=CC(C)(C)N3,CHEMBL8055
DEC_2596,decoy,CCCCC1=C(NC(C)=O)C(=O)c2nc3n(c2C1=O)CCC3OC(C)=O,CHEMBL28035
DEC_2995,decoy,CC(C)CCN(C1=NCCN1)c1c(Br)cccc1Br,CHEMBL20907
DEC_0291,decoy,CC(C)(C)n1cc(C(=O)O)c(=O)c2cc(F)c(N3CC4CCC(C3)N4)nc21.CS(=O)(=O)O,CHEMBL26325
DEC_0126,decoy,C=C1C(=O)OC2CC3(C)CCCC4(CO4)C3CC12,CHEMBL275932
DEC_4162,decoy,CC(C)C1=CC2CC3(C=O)[C@@H]4CC[C@@H](C)[C@H]4CC2(CO[C@H]2CN(CC=C(F)F)[C@H](C)CO2)[C@]13C(=O)O,CHEMBL30545
DEC_1842,decoy,COc1cccc2c1CC[C@H]1CN(CCn3c(=O)[nH]c4c(sc5cccc(C#N)c54)c3=O)C[C@@H]21,CHEMBL289166
DEC_2954,decoy,COc1ccc([C@@H]2c3nc(NC(C)C)ccc3[C@H](c3ccc4c(c3)OCO4)[C@H]2C(=O)O)c(OC(C)CO)c1,CHEMBL289216
DEC_2782,decoy,CCC(=O)OC(CC)c1nc2c(C(F)(F)F)cccc2c(O)c1C(=O)Nc1nccs1,CHEMBL36075
DEC_4130,decoy,CCCCc1nc2ccc([C@@H]3C[C@@]4(C)CCCCN4O3)cc2c(=O)n1Cc1ccc(-c2ccccc2-c2nn[nH]n2)cc1,CHEMBL46361
DEC_3465,decoy,O=c1c(-c2ccccc2)c(O)c2sccc2n1Cc1ccc(-c2ccccc2-c2nn[nH]n2)cc1,CHEMBL26875
DEC_3255,decoy,O=C(N[C@@H]1CCC2(O)C3Cc4ccc(O)c5c4C2(CCN3CC2CC2)C1O5)C(=O)c1ccccc1,CHEMBL28284
DEC_2921,decoy,C=C1C[C@@]23O[C@]2(c2ccccc21)C1CC(OC(=O)[C@H](O)[C@@H](NC(=O)CCC2CCCC2)c2ccccc2)C3(C)C1(C)C,CHEMBL31446
DEC_2948,decoy,CCOc1ccc2c(c1)[C@@H](c1ccc(OC)cc1OCC(=O)O)N(CC(=O)O)[C@@H]2c1ccc2c(c1)OCO2,CHEMBL295440
DEC_3850,decoy,C=C([C@H](O)C[C@H](O)[C@@]1(C)CC[C@H](C(C)(C)O)O1)[C@H]1CC[C@H]2O[C@@H]([C@]3(C)CC[C@@H](Br)C(C)(C)O3)CC[C@]2(C)O1,CHEMBL23161
DEC_2446,decoy,NS(=O)(=O)OC[C@@]12OC[C@H]3O[C@@H](c4ccccc4)O[C@H]3[C@@H]1O[C@H](c1ccccc1)O2,CHEMBL26603
DEC_1170,decoy,N#Cc1ccc(/N=c2\c(O)c(O)\c2=N/C(CO)c2ccccc2)cc1,CHEMBL19196
DEC_1377,decoy,C[C@H]1C(=O)C(C)(C)Nc2ccc3c(c21)[C@H](c1cccc(C(F)(F)F)c1)Oc1ccccc1-3,CHEMBL286158
DEC_2065,decoy,c1ccc2c(c1)Oc1ccccc1C2NCC1CCCCO1,CHEMBL278631
DEC_2890,decoy,C=CC1=C(C)c2cc3nc(cc4[nH]c(cc5c(C=C)c(C)c(cc1n2)n5C)c(C)c4CCC(=O)O)C(CCC(=O)O)=C3C,CHEMBL275908
DEC_2702,decoy,O=C(CCC(F)(F)C(F)(F)C(F)(F)C(F)(F)C(F)(F)C(F)(F)C(F)(F)C(F)(F)F)OCC(O)C(O)C(O)CO,CHEMBL23169
DEC_0884,decoy,CCCCc1nc2ccn(Cc3ccccc3N)c(=O)c2n1Cc1ccc(-c2ccccc2-c2nn[nH]n2)cc1,CHEMBL47187
DEC_4117,decoy,Cc1noc(NS(=O)(=O)c2ccccc2-c2ccc(-c3ncco3)cc2CN(C)C(=O)CC2CCCCC2)c1C,CHEMBL29652
DEC_3090,decoy,CCc1c2c(nc3cnc(Br)cc13)-c1cc3c(c(=O)n1C2)COC(=O)[C@]3(O)CC,CHEMBL273734
DEC_3911,decoy,CC(C)(C)c1cc(I)c(O)c(CN)c1,CHEMBL279581
DEC_3314,decoy,CC(=O)[C@@]1([Se]c2ccccc2)CC[C@H]2[C@@H]3CCC4=CC(=O)CC[C@]4(C)[C@H]3CC[C@@]21C,CHEMBL416383
DEC_3925,decoy,CN1C2CCC1CC1(CN=C(c3cn(C)c4ccccc34)O1)C2,CHEMBL8413
DEC_1085,decoy,O=P(O)(O)c1cn2c3c(nc(O)c2n1)-c1cccc(Cc2nn[nH]n2)c1C3,CHEMBL25529
DEC_1490,decoy,COc1cc([C@]23OC[C@H](Cc4cc5c(cc42)OCO5)[C@@H]3CO)cc(OC)c1OC,CHEMBL18321
DEC_4143,decoy,CCCCc1nc2ccc([C@H]3[C@@H]4CCC[C@@H]4ON3C)cc2c(=O)n1Cc1ccc(-c2ccccc2-c2nn[nH]n2)cc1,CHEMBL52791
DEC_1504,decoy,COc1cnc(C[S+]([O-])c2nc3cc4c(cc3[nH]2)OC(F)(F)O4)c(C)c1OC,CHEMBL9658
DEC_1243,decoy,CC(C)C[C@@H]1OC(=O)C(C)(C)CNC(=O)[C@@H](CC2CCCCC2)NC(=O)/C=C/C[C@@H]([C@H](C)/C=C/c2ccccc2)OC1=O,CHEMBL314892
DEC_3497,decoy,Cc1cc(C(=O)c2ccc(Cl)c(Cl)c2)cc(C(=O)Nc2ccc([N+](=O)[O-])cc2Cl)c1O,CHEMBL285650
DEC_0444,decoy,NC1CCC(CNC(=O)[C@@H]2CCCN2C(=O)[C@H](N)C(C2CCCCC2)C2CCCCC2)CC1,CHEMBL289395
DEC_3482,decoy,COc1cc(NS(C)(=O)=O)ccc1Nc1c2ccccc2nc2c1sc1ccccc12,CHEMBL23863
DEC_3831,decoy,Cc1cc(Br)cc(C)c1C/N=c1\c(O)c(O)\c1=N/C(C)(C)C,CHEMBL19398
ACT_055,active,CC(=O)Nc1c(Cl)cc(C/N=C(\N)NC(=O)Cn2ccc3ccc(C#N)cc32)cc1Cl,CHEMBL5270666
DEC_3198,decoy,OC(c1ccc(Cl)cc1)C(O)(Cn1ccnc1)c1ccc(Cl)cc1,CHEMBL267810
DEC_1310,decoy,Oc1ccc2c3c1OC1[C@H]4OC[C@@]4(CCCCc4ccccc4)CC4C(C2)N(CC2CCC2)CCC341,CHEMBL9832
DEC_3227,decoy,Cc1ccc(C2NC(=O)N(C(C)C)c3cc4c(cc32)OCO4)cc1,CHEMBL13281
DEC_3739,decoy,O=C1NCCN1CCN1CCC(c2cn(-c3ccc(F)cc3)c3ccc(F)cc23)CC1,CHEMBL269679
DEC_2391,decoy,O=C(NCCCOc1ccc2nc(O)ccc2c1)N(C1CCCCC1)[C@H]1CCCC[C@@H]1O,CHEMBL36398
DEC_2370,decoy,O=C1[C@@H](NS(=O)(=O)c2ccc(-c3ccccn3)s2)CCN1Cc1cc2cc[nH]cc-2n1,CHEMBL269102
DEC_3149,decoy,C[C@H]1O[C@@H](n2cnc3c(NC4CCCC4)ncnc32)[C@H](O)[C@H]1NC(=O)C1(c2ccccc2)CCCC1,CHEMBL55195
DEC_3146,decoy,O=C(Nc1ccc2c(C(=O)c3ccccc3)c(O)n(O)c2c1)c1ccc(Cl)cc1Cl,CHEMBL275420
DEC_4036,decoy,COc1c(N2CCNCC2)c(F)cc2c(=O)c(C(=O)O)cn(C3CC3)c12,CHEMBL14937
DEC_0349,decoy,CC1CC(NC(=O)N(CCCl)N=O)CC(C)(C)C1,CHEMBL275300
DEC_3922,decoy,CCOc1ccc2c3c1OC1C(O)C=CC4C(C2)N(C)CCC341,CHEMBL25918
DEC_1409,decoy,COc1cc(C2c3cc4c(cc3C(O)[C@H]3COC(=O)C23)OCO4)cc(OC)c1OC,CHEMBL21260
ACT_069,active,Cc1cccc(C(=O)N2Cc3ccc(N4C(=O)c5ccccc5C4=O)cc3CC2=O)c1,CHEMBL5273978
DEC_1846,decoy,COc1cccc2c1CC[C@H]1CN(CCn3c(=O)[nH]c4c(sc5cccc(C)c54)c3=O)C[C@@H]21,CHEMBL39037
DEC_1128,decoy,CN1CCN=C1c1ccc(NC(=O)c2cc(C(F)(F)F)nn2-c2ccc3cc(Cl)ccc3c2)c(F)c1,CHEMBL281838
DEC_4317,decoy,CCCCCCCCCC[C@@H](O)[C@@H]1CC[C@@H]([C@@H](O)CC[C@H](O)[C@@H]2CC[C@@H](CCCCCCC[C@H]3CC(CC(C)=O)C(=O)O3)O2)O1,CHEMBL161529
DEC_3476,decoy,COc1ccc([C@@H]2Sc3cc(Cl)ccc3-n3c(CN(C)C)ccc3[C@@H]2OC(C)=O)cc1,CHEMBL283244
DEC_2985,decoy,CN1CCN(Cc2cc(Nc3nc(Nc4nc5cc(Cl)c(Cl)cc5[nH]4)nc4c3CCCC4)ccc2O)CC1,CHEMBL24359
DEC_1510,decoy,CCN1C(=O)c2c(nc(N=[N+]=[N-])n2Cc2ccc(O)cc2)N2C1=N[C@@H]1CCC[C@@H]12,CHEMBL282709
DEC_3981,decoy,CCCCOC(=O)N[C@@H](CCC(=O)N1CCC2(CC1)CCN(c1ccc(C(=N)NO)cc1)C2=O)C(=O)OCC,CHEMBL305142
DEC_1205,decoy,Cc1noc(NS(=O)(=O)c2cccc3ccc(N)cc23)c1C,CHEMBL26090
DEC_2203,decoy,S=C(Nc1ccc(Cl)cc1Cl)NC(Cn1ccnc1)c1ccc(Cl)cc1Cl,CHEMBL8199
DEC_4231,decoy,CCOc1c(N2CCC(C)(CN)C2)c(F)cc2c(=O)c(C(=O)O)cn(C3CC3)c12,CHEMBL15738
DEC_3276,decoy,Cc1ccc2c(c1)CC=C(c1ccccc1)C(N1CCN(CCO)CC1)=N2.O=C(O)/C=C/C(=O)O,CHEMBL16953
DEC_3722,decoy,OC(c1ccc(Cl)cc1Cl)C(O)(Cn1cncn1)c1ccc(Cl)cc1,CHEMBL10711
DEC_1841,decoy,Cc1ccc(C#CC(O)(c2ccc(C#N)c(-c3cccc4ccccc34)c2)c2cncn2C)cn1,CHEMBL23753
DEC_2758,decoy,Cc1nc(Br)cnc1NS(=O)(=O)c1cccc2c(N(C)C)cccc12,CHEMBL6382
DEC_4077,decoy,CCN1C(=O)c2c(nc(OC)n2Cc2ccc(O)c(Br)c2)N2C1=N[C@@H]1CCC[C@@H]12,CHEMBL282114
DEC_4191,decoy,CNC(=O)c1cc2cc(OC)c(OC)cc2c(-c2cc(OC)c(OC)c(OC)c2)c1C(=O)OC,CHEMBL26493
DEC_1992,decoy,O=C(Nc1ccc(F)cc1)NC1C(=O)N(CC(=O)N2CC3CCC(CC3)C2)c2ccccc2N(c2ccccc2F)C1=O,CHEMBL320624
DEC_3233,decoy,Cc1ccc(-c2csc(-n3ncc(C(=O)NCCCO)c3C)n2)cc1,CHEMBL9897
DEC_1949,decoy,C=C(C)[C@@H]1CC[C@]2(C(=O)OCCCCCCCCCCC(=O)O)CC[C@]3(C)[C@H](CCC4[C@@]5(C)CC[C@H](O)C(C)(C)[C@@H]5CC[C@]43C)[C@@H]12,CHEMBL10320
DEC_1545,decoy,CO[C@]1(OC(=O)CCN)CC2O[C@]1(C)n1c3ccccc3c3c4c(c5c6ccccc6n2c5c31)C(=O)NC4,CHEMBL54379
DEC_2978,decoy,CCc1nc(N)nc(N)c1-c1ccc(Cl)c(/N=N/N(CCOC(C)=O)Cc2ccc(C(F)(F)F)cc2)c1,CHEMBL87423
DEC_3071,decoy,Brc1ccccc1Sc1nc2ccccc2n2cncc12,CHEMBL418392
DEC_1398,decoy,C[C@@H]1CC[C@]2(C(=O)O)CC[C@]3(C)C(=CC[C@@H]4[C@@]5(C)CC[C@H](O)C(C)(C)[C@@H]5CC[C@]43C)C2[C@H]1C,CHEMBL297810
DEC_3965,decoy,COc1cc2cc(C(=O)N3C[C@H]4C[C@@]45C3=CC(=O)c3[nH]c(C)c(C(=O)OCCS(C)(=O)=O)c35)[nH]c2c(OC)c1OC,CHEMBL318509
DEC_1429,decoy,COc1ccc(Nc2c3c(nc(N)n4nc(-c5ccco5)nc34)nn2C)cc1,CHEMBL20681
DEC_3630,decoy,COC(=O)Cc1cc(Br)c(O)c(-c2[nH]c3ccc(C(=N)N)cc3c2Cc2ccccc2)c1,CHEMBL416127
DEC_2031,decoy,O=S(=O)(Nc1ccc(CCNC[C@H](O)c2cccnc2)cc1)c1ccc(-c2nc(CCc3ccccc3)cs2)cc1,CHEMBL59270
DEC_0428,decoy,O=C(O)CC/C=C\C[C@@]1(c2cccnc2)C2CCC(C2)[C@H]1CNS(=O)(=O)c1ccc(Cl)cc1,CHEMBL51875
DEC_0387,decoy,Cc1c(C)c2c(c(C)c1O)CCC(C)(CO)O2,CHEMBL284076
DEC_4287,decoy,CCN(CC)C(=O)[C@@H]1C=C2c3cccc4[nH]cc(c34)C[C@H]2N(CC)C1,CHEMBL22694
DEC_1745,decoy,O=NN(CCCl)C(=O)NC1CSCSC1,CHEMBL12689
DEC_1966,decoy,CNc1ccc(/C=C/C(=O)N2C[C@@H](CBr)c3c2cc(OC(=O)N(C)C)c2c3C(=O)[C@](C)(C(=O)OC)N2)cc1,CHEMBL19964
DEC_1483,decoy,Cc1noc(NS(=O)(=O)c2cccc3c(N(C)C)cccc23)c1C,CHEMBL267458
DEC_2748,decoy,Cn1cc(NC(=O)c2sccc2Cl)cc1C(=O)Nc1cc(C(=O)Nc2c[nH]c(C(=O)NCCN3CCOCC3)c2)n(C)c1,CHEMBL262412
DEC_3265,decoy,COC(=O)[C@H](C)NC(=O)[C@@H]1Cc2c([nH]c3ccccc23)[C@@H](c2cc(OC)c(O)c(OC)c2)N1,CHEMBL283346
DEC_1385,decoy,CC1(C)CC[C@]2(C#N)CC[C@]3(C)C(C(=O)C=C4[C@@]5(C)C=C(C#N)C(=O)C(C)(C)[C@@H]5CC[C@]43C)C2C1,CHEMBL269306
DEC_0698,decoy,C=C1/C(=C\C=C2/CCCC3(C)C([C@H](C)CC#CC(C)(C)O)=CCC23)C[C@@H](O)C[C@@H]1O,CHEMBL35115
DEC_0110,decoy,Cc1cn2cccc3c2c1C[C@@H]1[C@@H]3CCCN1C,CHEMBL274996
DEC_2543,decoy,CC(C)(C)C#C/C=C/CNCc1ccc(O)nc1,CHEMBL35416
DEC_2865,decoy,COc1cc2c(c3c1c(=O)c1cc4ccccc4cc1n3C)[C@@H](OC(C)=O)[C@@H](OC(=O)c1ccccc1)C(C)(C)O2,CHEMBL80690
DEC_3898,decoy,CSc1ccccc1-c1ccc(C[C@H](NC(=O)[C@]2(C)CCCN2S(=O)(=O)c2cc(Cl)cc(Cl)c2)C(=O)O)cc1,CHEMBL91109
DEC_1552,decoy,CCS(=O)(=O)c1ccc2c(c1)/C(=C/c1[nH]c3c(c1CCCN1CCC(O)CC1)CCCC3)C(=O)N2,CHEMBL298566
DEC_2901,decoy,CC(Cc1c[nH]c2ccccc12)(C(=O)OC1[C@H]2C[C@@H]3C[C@@H](C[C@H]1C3)C2)C(=O)N(CCc1ccc(Cl)cc1Cl)CC(=O)O,CHEMBL318852
DEC_2897,decoy,CCc1nc(C2CC2)c(C(N)=O)n1Cc1ccc2oc(-c3ccccc3NS(=O)(=O)C(F)(F)F)c(Br)c2c1,CHEMBL305544
DEC_0449,decoy,C[C@H](NCCc1cc(Cl)c(NCC(=O)O)cc1Cl)[C@H](O)c1ccc(O)cc1,CHEMBL284520
DEC_1666,decoy,Nc1cccc2c1CC(O)C(N1CCC(c3ccccc3)CC1)C2,CHEMBL416916
DEC_0341,decoy,CC(/N=c1\c(O)c(O)\c1=N/c1ccc(CC#N)cc1)C(C)(C)C,CHEMBL18859
DEC_3754,decoy,Fc1ccc(-c2ncn(C3CCNCC3)c2-c2ccnc(Oc3ccc4c(c3)OCO4)n2)cc1,CHEMBL273611
DEC_3707,decoy,Clc1ccc([C@H]2OCO[C@]2(Cn2cncn2)c2ccc(Cl)cc2Cl)cc1,CHEMBL10329
DEC_3229,decoy,N=C(N)c1cc2c(/C=C/c3ccc4c(c3)OCO4)cccc2s1,CHEMBL282625
DEC_1928,decoy,CCC(=O)C1C(c2ccc3ccc(I)cc3c2)CC2CCC1N2C,CHEMBL435371
DEC_1053,decoy,Cc1ccc2c(c1)N(C(=O)N1C[C@H](C)N[C@@H](C)C1)Cc1c(C(=O)OC(C)(C)C)ncn1-2,CHEMBL14997
DEC_4094,decoy,O=C(O)Cc1nn(Cc2nc3cc(Cl)cc(C(F)(F)F)c3s2)c(=O)c2ccccc12,CHEMBL278583
DEC_0100,decoy,c1ccc([C@H]2OC[C@H]([C@@H]3CCCCN3)O2)cc1,CHEMBL432263
DEC_2286,decoy,C#C/C=C(\c1ccc(S(C)(=O)=O)cc1)c1ccc2nc(N)n(S(=O)(=O)C(C)C)c2c1,CHEMBL36685
DEC_3747,decoy,C=C1CCC2[C@](C)(CCC[C@]2(C)C(=O)OC)[C@H]1CCc1ccc2c(c1)C(=O)C=CC2=O,CHEMBL23442
DEC_3450,decoy,CC(C)(C)OC(=O)N1CCC(C(=O)Nc2ncc(SCc3ncc(C(C)(C)C)o3)s2)CC1,CHEMBL295918
DEC_2299,decoy,O=C1[C@@H](NS(=O)(=O)c2cc3ccc(Cl)cc3s2)CCN1CCNc1ccncc1,CHEMBL267196
DEC_2730,decoy,O=P(O)(O)C(F)(F)c1ccc(CC(Cc2ccc(C(F)(F)P(=O)(O)O)cc2)(c2nnn[nH]2)n2nnc3ccccc32)cc1,CHEMBL418703
DEC_1511,decoy,CCN1C(=O)c2c(nc(C#N)n2Cc2ccc(OC)cc2)N2C1=N[C@@H]1CCC[C@@H]12,CHEMBL281772
DEC_0269,decoy,CCN(CC)CCNc1nc(Nc2ccc(C(F)(F)F)cc2)nc2ccccc12,CHEMBL31291
DEC_4215,decoy,NCc1ccc(CCCn2ncc3c2nc(N)n2nc(-c4ccco4)nc32)cc1,CHEMBL22320
DEC_2217,decoy,O=C(NC(C(=O)O)c1ccccc1)c1ccc(Cl)c(-c2ccc(-c3ccccc3)cc2)c1,CHEMBL34684
DEC_2598,decoy,CN(C)c1cccc2c(S(=O)(=O)Nc3ccc(Br)nn3)cccc12,CHEMBL6297
DEC_1943,decoy,CCCC(Oc1ccc2c(c1)c(SC(C)(C)C)c(CC(C)(C)C(=O)O)n2Cc1ccc(Cl)cc1)c1ccc2ccccc2n1,CHEMBL80802
DEC_1813,decoy,CCOc1ccc(-n2c(C)c3c(C)nnc(-c4ccc(OC(F)(F)F)cc4)c3c2C)cc1,CHEMBL24611
DEC_2009,decoy,O=C(O)CCC/C=C\C[C@H]1[C@H](CNS(=O)(=O)c2ccc(Cl)cc2)C2CC1(c1ccc(-c3ccccc3)cc1)CO2,CHEMBL10665
DEC_1941,decoy,O=C(O)CC1(CS[C@H](CCc2ccccc2C(F)(F)F)c2cccc(/C=C/c3ccc4sc(Cl)c(Cl)c4n3)c2)CC1,CHEMBL87528
DEC_3959,decoy,CNC(=O)c1ccc(/C=C/C(=O)NCC(=O)N(C)c2ccc(C)c(COc3cccc4c3nc(COC)n4C)c2C)cc1,CHEMBL298320
DEC_3708,decoy,Cc1ccc(-c2nc(S(=O)(=O)C(F)(F)C(F)F)[nH]c2-c2ccc(C)cc2)cc1,CHEMBL277338
DEC_3063,decoy,Fc1ccc(C(c2ccn(-c3ccc(Cl)cc3)c2)n2ccnc2)cc1,CHEMBL283997
DEC_1242,decoy,CCc1nc(C)c(C(=O)NC)n1Cc1ccc2oc(-c3ccccc3NS(=O)(=O)C(F)(F)F)c(Br)c2c1,CHEMBL292040
DEC_0555,decoy,CC(C)c1ccc(N/N=C(\N=N\c2nnnn2-c2ccccc2)c2ccccc2)cc1,CHEMBL23279
DEC_3344,decoy,Cc1cc(C(=O)Nc2ccc(N3CCCCC3)cc2)n(-c2ccc3cc(Cl)ccc3c2)n1,CHEMBL20708
DEC_1613,decoy,CCC[C@H]1CC[C@@H]2CC[C@@H](CCCCCC(C)=O)N21,CHEMBL291009
DEC_1474,decoy,Cc1c(F)c(N2CCC(N)C2)c(F)c2c1c(=O)c(C(=O)O)cn2C1CC1,CHEMBL277797
DEC_1089,decoy,Cc1nc(N)ccc1CNC(=O)Cn1c(C)cc(S(=O)(=O)NC2CC2)c(N)c1=O,CHEMBL291243
DEC_2813,decoy,CCN(CC)CCNCCNc1ccc2ncn3c4ccc(O)cc4c(=O)c1c23,CHEMBL413497
DEC_0297,decoy,Clc1cc(N=NN2CCCC2)cc(Cl)c1NC1=NCCN1,CHEMBL22073
DEC_0478,decoy,Cc1nc(O)c2cc(CN(C)c3ccc(C(=O)N[C@H](CCC(=O)O)C(=O)O)s3)ccc2n1,CHEMBL290718
DEC_0916,decoy,CC(=O)O.CCN(CCc1cccc2ccccc12)C(=O)CNC(=O)[C@@H](CCCN=C(N)N)NC(=O)[C@@H](N)Cc1ccc(O)cc1,CHEMBL276483
DEC_1742,decoy,O=C1c2nc3n(c2C(=O)c2c1nc1n2CCC1)CCC3,CHEMBL20080
DEC_2891,decoy,CC(CCC[C@H]1O[C@@H]([C@]2(C)CC[C@@H](Br)C(C)(C)O2)CC[C@]1(C)O)CC[C@H](O)[C@@]1(C)CC[C@H](C(C)(C)O)O1,CHEMBL277261
DEC_0402,decoy,C=C1/C(=C\C=C2/CCC[C@]3(C)C([C@H](C)CCCC(C)(C)O)CC[C@@H]23)C[C@@H](O)[C@@H](OCCCO)[C@@H]1O,CHEMBL299592
DEC_1811,decoy,CSc1ccc(/C=C2\CSCC3C2=NN(C(C)=O)C3c2ccc(SC)cc2)cc1,CHEMBL284930
DEC_2291,decoy,CCOC(=O)NC1CCc2cc(OC)c(OC)c(OC)c2-c2ccc(OC)c(=O)cc21,CHEMBL277648
DEC_4016,decoy,COc1c(N2CCC(CN)CC2)c(F)cc2c(=O)c(C(=O)O)cn(C3CC3)c12,CHEMBL15028
DEC_0335,decoy,CC1(C)C(=O)Nc2cc3[nH]c(CCc4ccncc4)nc3cc21,CHEMBL23696
DEC_2010,decoy,O=C(O)C1CCC(NC(=O)C(Cc2ccc(-n3cccc3)cc2)CC(Cc2ccc(-n3cccc3)cc2)C(=O)O)CC1,CHEMBL45852
DEC_2838,decoy,CC(C)(C)NCC(O)COc1ccc(NC(=O)c2cccs2)cc1C(=O)O,CHEMBL8125
DEC_0436,decoy,O=C(O)CC/C=C/c1c(Cc2cccnc2)ccc2c1CCC(NS(=O)(=O)c1ccc(Cl)cc1)C2,CHEMBL416947
DEC_2715,decoy,CC[C@@H](C)[C@@H](NCN(Cc1ccc(F)cc1)C(=O)c1ccc(Br)cc1)C(=O)N[C@H](Cc1cscn1)C(=O)NO,CHEMBL314032
DEC_1315,decoy,COc1ccc2[nH]cc(C3=CCN(CCCN4c5cccc6cccc(c56)S4(=O)=O)CC3)c2c1,CHEMBL18212
DEC_4298,decoy,Cc1cc(C(c2ccc(OC(C)C)cc2)N2CCN(C)CC2)sn1,CHEMBL279048
DEC_4170,decoy,O=C1N(CO)CN(c2ccccc2)C12CCN(CCCN(c1ccc(F)cc1)c1ccc(F)cc1)CC2,CHEMBL300960
DEC_2290,decoy,N#Cc1cc(-c2ccoc2)c2ccc(OCc3cccc(C4(O)CC5COC(C4)O5)n3)cc2n1,CHEMBL22751
DEC_1294,decoy,CCS(=O)(=O)c1ccc2c(c1)/C(=C/c1[nH]c3c(c1CCCN1CCOCC1)CCCC3)C(=O)N2,CHEMBL57863
DEC_0736,decoy,COc1cc(-c2ccc(-c3ccc(C(=O)O)cc3)[nH]2)nc2c(C(C)C)cccc12,CHEMBL19530
DEC_3758,decoy,COc1cc2c(cc1OC)-c1cc(=Nc3c(Cl)cc(Cl)cc3Cl)n(C)c(=O)n1CC2,CHEMBL34359
DEC_3111,decoy,COc1ccc2c3c1OC1C4NC(C(=O)OCC(C)C)=C(C)C4CC4C(C2)N(C)CCC341,CHEMBL34663
DEC_1603,decoy,c1ccc(CCCCCCCNCc2ccccc2)cc1,CHEMBL19850
DEC_1701,decoy,CC(=O)OCC(=O)[C@@]1(OC(=O)c2ccoc2)[C@H](C)CC2C3CCC4=CC(=O)C=CC4(C)[C@@]3(F)C(O)CC21C,CHEMBL290006
DEC_3588,decoy,Cc1ccc(Oc2ccc(C(F)(F)F)cc2CC(=O)O)c(Cl)c1,CHEMBL30196
DEC_2695,decoy,CCC1=C(c2ccc(O)cc2)c2ccc(OCC(O)CO)cc2Sc2ccccc21,CHEMBL14625
DEC_3788,decoy,COc1cc(Cl)ccc1-c1nc(C(=O)NC(C)C)nn1-c1ccc(Cl)cc1Cl,CHEMBL16249
DEC_3291,decoy,O=C(NO)[C@H]1CC[C@@H](O)CN1S(=O)(=O)c1ccc(OCc2ccccc2C(F)(F)F)cc1,CHEMBL27965
DEC_1119,decoy,CCSCc1ccc2c(c1)c1c3c(c4c5ccccc5n5c4c1n2[C@H]1C[C@](O)(C(=O)OC)[C@]5(C)O1)CNC3=O,CHEMBL36891
DEC_2188,decoy,C#CCNC(=N)Nc1nc(-c2ccc(CNC(C)=O)o2)cs1,CHEMBL24019
DEC_0904,decoy,CC1CNc2c(cccc2S(=O)(=O)NC(CCCN=C(N)N)C(=O)N2CCC(CCNC(=O)CCP(=O)(O)O)CC2)C1,CHEMBL262213
DEC_1879,decoy,CCOC(=O)C1=C(C)N=C(C)/C(=C(/O)OCC)C1c1cccc(I)c1,CHEMBL37204
DEC_2870,decoy,Cc1nnc2n1-c1sc(C#CCn3c(=O)c4ccccc4c4ccccc43)cc1C(c1ccccc1Cl)NC2=O,CHEMBL279476
DEC_1087,decoy,CC1OC(OC2CCCCC2OC(=O)N2CCC(C(=O)O)CC2)C(O)C(O)C1O,CHEMBL25071
DEC_1940,decoy,O=C(O)CC1(CS[C@H](CCc2ccc(C(F)(F)F)cc2)c2cccc(/C=C/c3ccc4sc(Cl)c(Cl)c4n3)c2)CC1,CHEMBL84841
DEC_0025,decoy,CC(C)C1=CC2CC3(C=O)[C@@H]4CC[C@@H](C)[C@H]4CC2(CO[C@H]2C[C@H]4[C@H](OCC4(C)C)[C@@H](C)O2)C13C(=O)O,CHEMBL295473
DEC_4137,decoy,CCCCc1nc2cccc(C(=O)OCOC(=O)C(C)(C)C)c2n1Cc1ccc(-c2ccccc2-c2nn[nH]n2)cc1,CHEMBL421874
DEC_0764,decoy,c1ccc(N/N=C(\N=N\c2nnnn2-c2ccccc2)c2ccccc2)cc1,CHEMBL279912
DEC_0985,decoy,N=c1sc(-c2cc(Br)ccc2F)nn1-c1c(Cl)cc(C(F)(F)F)cc1Cl,CHEMBL49311
DEC_3845,decoy,CC(=O)Nc1cccc2c(S(=O)(=O)Nc3onc(C)c3C)cccc12,CHEMBL30199
DEC_3313,decoy,O=C(Nc1ccc(C(=O)N2Cc3cccn3Cc3ccccc32)cn1)c1ccccc1Br,CHEMBL299532
DEC_0017,decoy,N#Cc1ccc2cc1Oc1ccc3cccc(c3c1)NC(=O)[C@@H](Cc1cccnc1)NCc1cncn1C2,CHEMBL52859
DEC_2514,decoy,O=NN(CCF)C(=O)NC1CCSCC1,CHEMBL12509
DEC_3611,decoy,Cc1cc(C(=O)Nc2ccc(C(=N)N3CCCC3)cc2F)n(-c2ccc3cc(Cl)ccc3c2)n1,CHEMBL20932
DEC_4183,decoy,C=C(Cl)CN1C[C@H](OCC23C[C@@H]4[C@H](C)CC[C@H]4C4(C=O)CC2C=C(C(C)C)[C@@]34C(=O)O)O[C@H](C)C1,CHEMBL286857
DEC_2389,decoy,N=C(c1ccc(NC(=O)c2nnnn2-c2ccc3cc(Cl)ccc3c2)c(F)c1)N1CCCC1,CHEMBL20496
DEC_0591,decoy,CCOC(=O)C(/C=N/c1ccc(F)c(-c2cc(C)nc(C)c2)c1)=C(/O)OCC,CHEMBL286039
DEC_1959,decoy,Cc1cccc(N)c1C(=O)N1CCC(N2CCN([C@@H](C)c3ccc(S(=O)(=O)c4ccc5c(c4)OCO5)cc3)[C@@H](C)C2)CC1,CHEMBL69670
DEC_2415,decoy,O=C(O)CCN1CCN(C(=O)N2CCC3(CCN(c4ccncc4)CC3)C2)CC1=O,CHEMBL276405
DEC_3035,decoy,O=C(O)CC1C(=O)N(Cc2ccc(Br)cc2F)C(=O)c2ccc(F)cc21,CHEMBL10350
DEC_0413,decoy,CCCCc1nc2cc(C3=NNC(=O)CC3C)ccc2n1Cc1ccc(-c2ccccc2-c2nn[nH]n2)cc1,CHEMBL24550
DEC_2191,decoy,CC(C)C(C)(O)C(O)(Cn1cncn1)c1ccc(Cl)cc1Cl,CHEMBL10562
DEC_0705,decoy,OC(c1ccc(Cl)cc1Cl)C(O)(Cn1ccnc1)c1ccc(Cl)cc1Cl,CHEMBL10287
DEC_2793,decoy,C[C@H]1C(Oc2ccc(C(=O)O)cc2)O[C@@H]2O[C@]3(C)CC[C@H]4[C@H](C)CCC1C24OO3,CHEMBL287140
DEC_3729,decoy,Cn1cncc1C(OCc1cc(C#N)ncc1-c1cccc(Cl)c1)c1ccc(C#N)cc1,CHEMBL288838
DEC_2435,decoy,O=C(O)CCC(=O)N1CCN(C(=O)N2CCC3(CC2)CCN(c2ccncc2)C3)CC1,CHEMBL12782
DEC_3228,decoy,CCN1CCCC(N(C)C2c3ccccc3Oc3ccccc32)C1,CHEMBL20314
DEC_1318,decoy,Cc1cc(-c2c(F)cc3c(=O)c(Cc4ccccc4NS(C)(=O)=O)cn(C4CC4)c3c2F)cc(C)n1,CHEMBL7562
DEC_0824,decoy,CC[C@@H]1C[C@H](CC)c2cc3c(C(F)(F)F)cc(O)nc3cc2N1,CHEMBL7383
DEC_1222,decoy,C=C(CC[C@H](O)[C@@]1(C)CC[C@H](C(C)(C)O)O1)[C@H]1CC[C@H]2O[C@]3(C)CC[C@@H](Br)C(C)(C)O[C@H]3CC[C@]2(C)O1,CHEMBL423837
DEC_2362,decoy,CCc1nc2c(n1Cc1ccc(-n3cccc3-c3nn[nH]n3)cc1)/C(=C/C(=O)O)CCCC2,CHEMBL43540
DEC_0575,decoy,CC(C)c1ccccc1Sc1c(O)cc(-c2ccc(C(N)=O)cc2)oc1=O,CHEMBL273732
DEC_3260,decoy,NCc1cccs1.NS(=O)(=O)c1cc(S(=O)(=O)O)c(NCc2cccs2)cc1Cl,CHEMBL18064
DEC_2517,decoy,COC(=O)C(C(C)=O)=C1SCCCS1,CHEMBL286550
DEC_2023,decoy,O=C(O)CC/C=C\C[C@@H]1CO[C@H](c2cncc(/C(=C/CCCCC(=O)O)c3ccccc3)c2)O[C@@H]1c1ccccc1O,CHEMBL42263
DEC_0409,decoy,OC[C@@]1(CCCCCc2ccccc2)CC2C3Cc4ccc(O)c5c4C2(CCN3CC2CCC2)C(O5)[C@@H]1O,CHEMBL274289
DEC_0127,decoy,CN(C)CCc1cn(C)c2ccc3c(c12)CCCO3,CHEMBL26427
DEC_2365,decoy,O=C(Cn1c(C2CCNCC2)nc2cc(Cl)c(Cl)cc21)NNC(=S)NCc1ccco1,CHEMBL19997
DEC_1673,decoy,CC(C)(O)CC(=O)c1cc(C(C)(C)C)c2c(c1)C(C)(C)CCO2,CHEMBL274717
DEC_2424,decoy,O=C1C=CC(=O)N1[C@@H]1CCC2(O)C3Cc4ccc(O)c5c4C2(CCN3CC2CC2)C1O5,CHEMBL27652
DEC_0646,decoy,CSCC[C@H](NC(=O)c1ccc(COCc2ccc(-c3ccncc3)o2)cc1-c1ccccc1C)C(=O)[O-].[Li+],CHEMBL10912
DEC_0426,decoy,CC(C)CC(c1cccc(NS(=O)(=O)c2cn(C)cn2)c1)c1c(O)c2c(oc1=O)CCCCCC2,CHEMBL417449
DEC_1312,decoy,C=C1/C(=C\C=C2/CCCC3(C)C2CCC3[C@H](C)CCCC(F)(F)C(C)(C)O)C[C@@H](O)C[C@@H]1O,CHEMBL285751
DEC_2020,decoy,CCCC[C@@H](C[C@@H](CCc1ccc(-c2ccc(-c3ncc[nH]3)cc2)cc1)C(=O)N[C@H](C(=O)NC)C(C)(C)C)C(=O)O,CHEMBL267722
DEC_3686,decoy,CCCc1nc(SC)c(C(O)(C(=O)O)C(C)C)n1Cc1ccc(-c2ccccc2S(=O)(=O)NC(=O)NCc2ccccc2)cc1,CHEMBL314827
DEC_3724,decoy,Clc1ccc(C2(Cn3ccnc3)OCC(c3ccccc3Cl)O2)c(Cl)c1,CHEMBL280815
DEC_2144,decoy,Cc1c2ccnc(C(=O)NCCN(C)C)c2cc2c3cc(OC(=O)CCCCCCC(=O)O)ccc3n(C)c12,CHEMBL308970
DEC_1199,decoy,CNS(=O)(=O)c1cc2c(N=O)c(O)[nH]c2c2c1CCCC2,CHEMBL10182
DEC_0414,decoy,O=C(Cc1ccccc1)NC[C@H]1CC[C@H](C(=O)NC2CCc3cc(F)ccc3C2Cc2cccnc2)CC1,CHEMBL42096
DEC_2989,decoy,O=NN(CCCl)C(=O)NC1C(F)(F)C(F)(F)C(F)(F)C(F)(F)C1(F)F,CHEMBL20533
DEC_1578,decoy,O=C(CN1CCC(NC(=O)c2ccccc2)CC1)NC1CCc2cc(F)ccc2C1Cc1cccnc1,CHEMBL44886
DEC_2383,decoy,COc1cc2c(c(OC)c1O)-c1ccc(OC)c(=O)cc1[C@@H](NC(=O)C(F)(F)F)CC2,CHEMBL27910
DEC_2054,decoy,CC(C)(C)C1CCCC(NC(=O)N(CCCl)N=O)C1,CHEMBL274338
DEC_2251,decoy,CCc1c2c(nc3cnc(CCCN(C)C)cc13)-c1cc3c(c(=O)n1C2)COC(=O)[C@]3(O)CC,CHEMBL275538
DEC_2164,decoy,C[C@@]12CC[C@@H]3OCC[C@@H]3C1CC[C@@]13CC(CCC12)[C@@](O)(CO)C3,CHEMBL430924
DEC_3860,decoy,O=C(NCCN1CCOCC1)C1=CC2(CC1)CCN(C(=O)c1ccc(NC(=O)c3ccccc3F)cc1)c1ccccc1C2,CHEMBL316736
DEC_2440,decoy,NS(=O)(=O)c1cc(S(N)(=O)=O)c(NSC(=S)N2CCOCC2)cc1Cl,CHEMBL13410
DEC_0254,decoy,CCCCCCNS(=O)(=O)NC(=O)Oc1c(C(C)(C)C)cc(C)cc1C(C)(C)C,CHEMBL21687
DEC_0432,decoy,C=C1C[C@@]23O[C@]2(c2ccccc21)C1CC(OC(=O)[C@H](O)[C@@H](NC(=O)CC(C)C)c2ccccc2)C3(C)C1(C)C,CHEMBL283667
DEC_3636,decoy,CC(C)CC(=O)Nc1ccc(Cc2ccc(NC(=O)Nc3cc(C(C)(C)C)nn3C)cc2)cc1,CHEMBL415679
DEC_3431,decoy,CN1CCN(Cc2cc(Nc3cc(-c4ccc5ccccc5c4)nc4ccccc34)cc(CN3CCN(C)CC3)c2O)CC1,CHEMBL53633
DEC_4169,decoy,CCOc1cc(COc2ccc3c(c2)NCCN([C@@H](C(=O)NO)C(C)C)S3(=O)=O)cc(OCC)c1,CHEMBL54292
DEC_2657,decoy,CC(C)(C)/N=C(\NC#N)Nc1cccc(/C(=C/CCCC(=O)O)c2cccnc2)c1,CHEMBL7718
DEC_3000,decoy,CN1C(=O)C=C[C@]2(C)C3CC[C@@]4(C)C(CC[C@@]4(O)C#CCCBr)C3CCC12,CHEMBL276665
DEC_3983,decoy,Cn1c(Cc2ccc(C(=N)N)cc2)nc2cc(N(CCCC(=O)O)S(=O)(=O)c3cccc4cccnc34)ccc21,CHEMBL299580
DEC_2319,decoy,CC1(C)S[C@@H]2[C@@H](S)C(=O)N2[C@H]1C(=O)O,CHEMBL24275
DEC_0724,decoy,CO/C(=C\C=C\c1cc2cc(Cl)c(Cl)cc2[nH]1)C(=O)NC1C[C@H]2CC[C@@H](C1)N2C,CHEMBL288419
DEC_3167,decoy,O=C(O)CCC/C=C/C[C@H]1[C@H](NS(=O)(=O)c2ccc(F)cc2)C2CC1(c1ccc(F)cc1)CO2,CHEMBL269456
DEC_2672,decoy,COc1ccc(C(c2cc(C(C)(C)C)cc(O)c2O)c2ccc(C(C)C)cc(=O)c2O)cc1,CHEMBL279531
DEC_1984,decoy,CN1C(=O)C23CC4C1(CN2CC[C@@]3(C)OCc1ccccc1)CC1(C(=O)Nc2c1ccc1c2OC=CC(C)(C)O1)C4(C)C,CHEMBL42362
DEC_1381,decoy,CC1(C)CC[C@]2(C(=O)O)CC[C@]3(C)C(=C2C1)CC(=O)[C@@H]1[C@@]2(C)C=CC(=O)C(C)(C)[C@@H]2CC[C@]13C,CHEMBL433460
DEC_2781,decoy,Cc1cccc(C)c1Oc1nccc(-c2c(-c3ccc(F)cc3)ncn2C2CCNCC2)n1,CHEMBL277521
DEC_4184,decoy,C=C(Cl)CN1C[C@H](OCC23C[C@@H]4[C@H](C)CC[C@H]4C4(C=O)CC2C=C(C(C)C)C34C(=O)O)O[C@H](C)C1,CHEMBL45954
DEC_1129,decoy,N#Cc1ccc(Nc2nc(N)nc(Oc3c(Br)cc(Br)cc3Br)n2)cc1,CHEMBL72459
DEC_1090,decoy,C=CCC1=C(C(=O)O)N2C(=O)[C@@H](NC(=O)[C@H](N)c3ccc(O)cc3)[C@H]2CO1,CHEMBL279339
DEC_2121,decoy,CCN(CCO)C(=O)c1ccc2[nH]c(-c3cc(C)cc(C)c3)c(CCNCCCCc3ccncc3)c2c1,CHEMBL298497
DEC_0166,decoy,CN(CCCCC1(C)COC(c2nc(-c3ccccc3)c(-c3ccccc3)[nH]2)OC1)Cc1ccccc1,CHEMBL287013
DEC_1324,decoy,Cn1cc(C2=C(c3cn(C4CCN(CC5CC5)CC4)c4ccccc34)C(=O)NC2=O)c2ccccc21,CHEMBL55394
DEC_3703,decoy,CN1CCN(CCCN2N=C3/C(=C/c4ccccc4)COCC3C2c2ccccc2)CC1,CHEMBL287223
DEC_0260,decoy,Cc1cc(C)cc(-c2[nH]c3ccccc3c2CCNCCCc2cccnc2)c1,CHEMBL11021
DEC_1724,decoy,COc1cc2c(c(OC)c1OC)-c1ccc(SC)c(=O)cc1[C@@H](NC(=O)C13CCC(C)(C(=O)O1)C3(C)C)CC2,CHEMBL300878
DEC_0608,decoy,CCc1c2c(nc3ccc4c(c13)NCCO4)-c1cc3c(c(=O)n1C2)COC(=O)[C@]3(O)CC,CHEMBL289665
DEC_2497,decoy,CCCc1nc(CN2CCN(c3ccccc3)C[C@H]2C)c(C(=O)O)n1Cc1ccc(-c2ccccc2-c2nn[nH]n2)cc1,CHEMBL309367
DEC_2490,decoy,N#CCCOC(=O)C1CC2(COCc3ccccc3)C(=O)N(CCCCc3ccccc3)CC(=O)N2C1c1ccco1,CHEMBL14102
DEC_2857,decoy,CC(=O)[C@@]12OC(C)(c3ccc(C(=O)c4ccccc4)cc3)O[C@@H]1CC1C3CCC4=CC(=O)CC[C@]4(C)C3CC[C@@]12C,CHEMBL275974
DEC_0403,decoy,CC(C)(C)c1ccc(/C=C/NC(=O)NC2C(=O)N3C2SC(C)(C)[C@@H]3C(=O)O)cc1.CCN(CC)CC,CHEMBL278807
DEC_4054,decoy,Cc1nnc2n1-c1ccc(C#CCN3C(=O)CCc4ccccc43)cc1C(c1ccccc1F)=NC2,CHEMBL279664
DEC_1912,decoy,Clc1ccc(C2(Cn3ccnc3)OCC(c3ccc(Br)cc3)O2)c(Cl)c1,CHEMBL28524
DEC_1070,decoy,N#Cc1ccc2cc1Oc1ccc3cccc(c3c1)N1CCN(CCc3cncn3C2)CC1=O,CHEMBL23155
DEC_0779,decoy,CN(CCc1ccc2c(c1)OCO2)C[C@@H]1CCCc2c1ccc1c2OCC1,CHEMBL10052
DEC_1728,decoy,CC1=C(C#N)C(c2ccccc2C(F)(F)F)/C(=C(\O)OCC(O)CO)C(CS(=O)(=O)c2ccccc2)=N1,CHEMBL72871
DEC_0967,decoy,Oc1ccc(/C(CC(F)(F)F)=C(/CC(F)(F)F)c2ccc(O)cc2)cc1,CHEMBL30204
DEC_4080,decoy,CCN1C(=O)c2c(nc(C#Cc3ccccc3)n2Cc2ccc(OC)cc2)N2C1=N[C@@H]1CCC[C@@H]12,CHEMBL24536
DEC_4156,decoy,CC1(C)C2CC1[C@]1(C)OB([C@H](CCCN=C(N)N)NC(=O)c3ccc(-c4ccncc4)cc3)O[C@@H]1C2,CHEMBL40407
DEC_1486,decoy,CC1CCC(/C=N/c2ccc(Cl)cc2)=C2NC=C(C(=O)O)C(=O)N21,CHEMBL25047
DEC_2021,decoy,C=C/C=C\[C@H](C)[C@H](OC(N)=O)[C@@H](C)[C@H](O)[C@@H](C)C/C(C)=C\[C@H](C)[C@@H](O)[C@@H](C)/C=C\CCc1ccc(C)c(O)c1,CHEMBL309177
DEC_3997,decoy,O=C(O)C[C@H](NC(=O)Cn1c(C2CC2)c(Cl)nc(NCc2ccc3c(n2)NCCC3)c1=O)c1ccc2c(c1)OCC2,CHEMBL53003
DEC_0663,decoy,CCc1ccc(OP(=O)(NC(C)C(=O)OC)OCC2OC(n3cc(C)c(=O)[nH]c3=O)CC2N=[N+]=[N-])cc1,CHEMBL268471
DEC_0007,decoy,O=C1NC(=O)C(CC#Cc2ccc(Cl)cc2)(S(=O)(=O)c2ccc(Br)cc2)S1,CHEMBL12201
DEC_3153,decoy,CCCCOC(=O)N[C@H]1CCc2cc(OC)c(OC)c(OC)c2-c2ccc(SC)c(=O)cc21,CHEMBL19369
DEC_4282,decoy,CCOC(=O)c1c(C)cc2cnn(-c3ccc(C)c(Cl)c3)c(=O)c2c1C,CHEMBL25727
DEC_2666,decoy,O=C(Nc1nccs1)c1c(C(O)c2ccccc2)nc2c(C(F)(F)F)cccc2c1O,CHEMBL287615
DEC_1188,decoy,Cc1cnc(NS(=O)(=O)c2cccc3c(N(C)C)cccc23)cn1,CHEMBL6583
DEC_2825,decoy,COC(=O)c1cc(NC(=O)c2cccc(NC3=NCCCN3)c2)ccc1/C=C/C(=O)O,CHEMBL34994
DEC_4120,decoy,COc1cc(OC2CCN(C(C)c3cccnc3)CC2)ccc1C(=O)N1CCC(N2C(=O)OCc3ccccc32)CC1,CHEMBL66749
DEC_2069,decoy,CC(/N=c1\c(O)c(O)\c1=N/c1ccccc1)C(C)(C)C,CHEMBL18900
DEC_2532,decoy,C[S+]([O-])c1ccc(Oc2cnc(O)nc2)cc1,CHEMBL8627
DEC_2482,decoy,CCOc1nc2c(OCc3c(C)ccc(N(C)C(=O)CNC(=O)/C=C/c4ccc(C(=O)NC)cc4)c3C)cccc2n1C,CHEMBL296865
DEC_2197,decoy,Cc1c(N2CC[C@H](N)C2)c(F)cn2c(=O)c(C(=O)O)cc(C3CC3)c12,CHEMBL16727
DEC_1424,decoy,CCOC(=O)C(=O)Nc1ccc(-c2csc(NC(=O)C(=O)OCC)n2)cc1,CHEMBL16137
DEC_2854,decoy,CC1CC2C3CCC4=CC(=O)C=CC4(C)[C@@]3(Cl)C(Cl)CC2(C)[C@@]1(OC(=O)c1cccs1)C(=O)CCl,CHEMBL276899
DEC_2472,decoy,CSCC[C@H](NC(=O)C1=C(c2ccccc2C)CN(C(=O)CN(Cc2ccccc2)Cc2cncs2)CC1)C(=O)O,CHEMBL282793
DEC_0529,decoy,C=C(C)[C@H]1Cc2c(ccc3c2OC2COc4cc(OC)c(OC)cc4C2/C3=N/O)O1,CHEMBL266067
DEC_0033,decoy,COC1=C(C#N)CCN(C(=O)Cc2cncn2Cc2ccc(C#N)c(-c3cccc4ccccc34)c2)C1,CHEMBL282166
DEC_3098,decoy,O=C1NC(=O)c2c1c1c3ccccc3n3c1c1c2c2ccccc2n1[C@@H]1O[C@H]3C[C@@]1(O)C(=O)O,CHEMBL287879
DEC_3513,decoy,CCC(CC)=C(c1cc(Cl)ccc1OCc1ccc(Cl)cc1)n1cncn1,CHEMBL30105
DEC_1401,decoy,CSc1c2c(nc(N)n3nc(-c4ccc(CN5CCN(C)CC5)o4)nc23)nn1C,CHEMBL281372
DEC_0867,decoy,O=C(O)CCCc1ccc(Oc2nccc(-c3c(-c4ccc(F)cc4)ncn3C3CCNCC3)n2)cc1,CHEMBL13950
DEC_0176,decoy,CCCCCCCCCC(=O)N[C@H]1CCc2cc(OC)c(OC)c(OC)c2-c2ccc(SC)c(=O)cc21,CHEMBL37785
DEC_3082,decoy,Clc1ccc(C2COC(Cn3ccnc3)(c3ccccc3Cl)O2)cc1,CHEMBL286748
DEC_0043,decoy,Cc1nnc2n1-c1ccc(C#CCN3C(=O)CCc4ccccc43)cc1C(c1ccccc1F)=N[C@H]2C,CHEMBL277246
DEC_3641,decoy,CC(C)c1ccc2c(c1)CC=C(c1ccccc1)C(N1CCN(C)CC1)=N2.O=C(O)/C=C/C(=O)O,CHEMBL275361
DEC_4260,decoy,Cn1cc(C2=C(c3cn(CCCCN)c4ccccc34)C(=O)NC2=O)c2ccccc21,CHEMBL266483
DEC_3101,decoy,CC[C@@]1(O)C(=O)OCc2c1cc1n(c2=O)Cc2cc3c(CNC4CCCCC4)c(O)ccc3nc2-1,CHEMBL276477
DEC_0556,decoy,Cc1ccccc1-c1nnc(/N=C/Nc2nnc(-c3ccccc3C)s2)s1,CHEMBL276619
DEC_2002,decoy,C=C/C=C\[C@H](C)[C@H](OC(N)=O)[C@@H](C)[C@H](O)[C@@H](C)C/C(C)=C\[C@H](C)[C@@H](O)[C@@H](C)/C=C\CCc1cccc(O)c1C,CHEMBL77632
DEC_1389,decoy,SC1=Nc2ccccc2-c2nc(-c3ccccc3)cc(-c3ccc(Br)cc3)c2C1,CHEMBL24896
DEC_3839,decoy,Cc1cc(Cl)cc(Cl)c1C/N=c1\c(O)c(O)\c1=N/C(C)C(C)(C)C,CHEMBL20830
DEC_3605,decoy,O=C(O)CCc1c(Cc2cccnc2)ccc2c1CCC(NS(=O)(=O)c1ccc(Cl)cc1)C2,CHEMBL28924
DEC_0135,decoy,O=C(O)CCc1ccccc1CC1C2CCC(O2)C1c1nc(C(=O)CCCCCC2CCCCC2)co1,CHEMBL31146
DEC_2963,decoy,CCOC(=O)c1ccccc1N[C@@H]1c2cc3c(cc2[C@@H](c2cc(OC)c(O)c(OC)c2)[C@H]2C(=O)OC[C@@H]21)OCO3,CHEMBL31470
DEC_1682,decoy,CCOc1ccc(-n2c(C)c3c(C)nnc(CC)c3c2C)cc1,CHEMBL286992
DEC_1345,decoy,O=C(O)CCc1cc(Cc2ccc(F)cc2)cc2c1CCC(NS(=O)(=O)c1ccc(Cl)cc1)C2,CHEMBL281545
DEC_3590,decoy,C/C(=N/O)c1ccc(COc2cc(F)cc(C3CCOCC3)c2)cc1,CHEMBL24087
DEC_1732,decoy,O=S(=O)(c1cccc2nonc12)N1Cc2ccccc2N(Cc2c[nH]cn2)C(CCc2ccccc2)C1,CHEMBL269156
DEC_1340,decoy,O=C(O)COc1cccc2c1CCCC2CCn1cc(C(c2ccccc2)c2ccccc2)cn1,CHEMBL11746
DEC_1719,decoy,Cc1cc(NCc2cc(-c3ncco3)ccc2-c2ccccc2S(=O)(=O)Nc2onc(C)c2C)no1,CHEMBL29223
DEC_0583,decoy,CC(C)c1cccc(C(C)C)c1OS(=O)(=O)NC(=O)Oc1ccc(Cl)cc1,CHEMBL22424
DEC_1646,decoy,Cc1ccc(C(c2cc(C)ns2)N2CCN(C)CC2)c(C)c1,CHEMBL25162
DEC_3730,decoy,Cn1cncc1C(OCc1ccc(C#N)nc1-c1cc(F)cc(F)c1)c1ccc(C#N)cc1,CHEMBL43082
DEC_3418,decoy,COc1ccc(-c2cc(=O)c3c(O)cc(O)c(-c4cc(OC)ccc4-c4cc(=O)c5c(O)cc(OC)cc5o4)c3o2)cc1,CHEMBL316312
DEC_1111,decoy,C[C@@H]1CC2C3C[C@H](F)C4=CC(=O)C=CC4(C)[C@@]3(Cl)C(O)CC2(C)[C@@]1(OC(=O)c1ccco1)C(=O)CCl,CHEMBL38727
DEC_2585,decoy,N#Cc1c2n(c3c(NS(=O)(=O)Cc4ccccc4)ncnc13)CCCC2,CHEMBL27524
DEC_0228,decoy,CCCCCC(=O)N[C@H]1CCc2cc(OC)c(OC)c(OC)c2-c2ccc(SC)c(=O)cc21,CHEMBL35647
DEC_2354,decoy,Cc1c(N2C[C@H](C3(N)CC3)C(F)(F)C2)c(F)c(N)c2c(=O)c(C(=O)O)cn([C@@H]3C[C@@H]3F)c12,CHEMBL6994
DEC_3214,decoy,O=C(O)CCCCC(=O)N1CCC2(CCN(c3ccncc3)CC2)C1,CHEMBL13033
DEC_1104,decoy,COC(=O)NC(c1cc([N+](=O)[O-])cc2nc(O)c(O)nc12)P(=O)(O)O,CHEMBL268714
DEC_2135,decoy,CCCCCN(CCCCC)C(=O)CN1C[C@@H](c2ccc3c(c2)OCO3)[C@H](C(=O)O)[C@H]1c1ccc(OC)cc1,CHEMBL9313
DEC_0640,decoy,CN1CCN(c2cc3c(cc2F)c(=O)c(C(=O)O)cn3-c2ccc3c(c2)OCO3)CC1,CHEMBL286974
DEC_2581,decoy,O=C(O)CC1CCN(C(=O)N2CCC3(CC2)CCN(c2ccncc2)C3)CC1,CHEMBL12878
DEC_3051,decoy,CC(=O)Oc1c(Cl)c(Cl)nc(C(Cl)(Cl)Cl)c1Cl,CHEMBL11518
DEC_1639,decoy,COc1nc(C(Cl)(Cl)Cl)c(Cl)c(OC)c1Cl,CHEMBL273124
DEC_0239,decoy,CC(C)CNC(=N)c1ccc(-c2ccc(-c3ccc(C(=N)NCC(C)C)cc3)o2)cc1,CHEMBL24203
DEC_3960,decoy,CNC(=O)c1ccc(/C=C/C(=O)NCC(=O)N(C)c2ccc(C)c(COc3cccc4c3nc(OC)n4C)c2C)cc1,CHEMBL44087
DEC_2027,decoy,CC(CCCN)(NC(=O)c1ccccc1Cn1ccc2c1C(=O)C(Cc1ccccc1)(Cc1ccccc1)CC2)C(=O)O,CHEMBL311053
DEC_2830,decoy,CC(C)(C)NCC(O)COc1ccc(NC(=O)c2cccs2)cc1C(N)=O,CHEMBL267757
DEC_2725,decoy,CC(C)(C)NC(=O)[C@@H]1CN(Cc2cccnc2)CCN1C[C@@H](O)C[C@@H](Cc1ccccc1)C(=O)N[C@H]1c2cccc(F)c2C[C@H]1O,CHEMBL347718
DEC_1933,decoy,COc1cc2c(cc1C(F)(F)F)N(C(=O)Nc1cncc(-c3cnccc3C)c1)CC2,CHEMBL14864
DEC_0666,decoy,CSCC[C@H](NC(=O)c1ccc(COCc2ccc(-c3ccccc3)o2)cc1-c1ccccc1C)C(=O)[O-].[Li+],CHEMBL10955
DEC_4144,decoy,CCCCCN(C(=O)c1cccs1)c1ccc2ncn(Cc3ccc(-c4ccccc4-c4nnnn4C)cc3)c(=O)c2c1,CHEMBL281453
DEC_2436,decoy,COC12[C@@H]3N[C@@H]3CN1C1=C(C(=O)C(N3CCc4ccccc43)=C(C)C1=O)[C@@H]2COC(N)=O,CHEMBL33886
DEC_3962,decoy,O=C(O)CN(Cc1ccc([N+](=O)[O-])cc1)S(=O)(=O)c1ccc(NC(=O)NS(=O)(=O)c2ccc(F)cc2)cc1,CHEMBL417757
DEC_1539,decoy,OC[C@@]1(CCCc2ccccc2)CC2C3Cc4ccc(O)c5c4C2(CCN3CC2CC2)C(O5)[C@@H]1O,CHEMBL275125
DEC_1690,decoy,COC(=O)[C@@H]1C(/C=N/c2cc(C)c(C)cc2N)=Cc2cc3c(cc2C1c1cc(OC)c(OC)c(OC)c1)OCO3,CHEMBL20862
DEC_1408,decoy,COc1cc([C@@H]2c3cc4c(cc3[C@H](O)C3COC(=O)[C@@H]32)OCO4)cc(OC)c1OC,CHEMBL273648
DEC_3263,decoy,O=C(NO)[C@H]1Cc2ccccc2CN1S(=O)(=O)c1cc(Br)c(Br)s1,CHEMBL58933
DEC_2651,decoy,C=C1/C(=C\C=C2/CCCC3(C)C2CCC3[C@@H](C)OCCCC(C)(C)O)C[C@@H](O)C[C@@H]1O,CHEMBL34066
DEC_3079,decoy,CCCc1cc2c(s1)CN(C)CC2c1ccc(Br)cc1,CHEMBL15731
DEC_3890,decoy,C=CC[C@H](NC(=O)[C@@H]1C[C@@H](CCCc2cccc3ccccc23)c2c(Cl)nc(N)c(=O)n21)B1OC2CC3CC(C3(C)C)[C@@]2(C)O1,CHEMBL274985
DEC_3354,decoy,Cc1cc(C)c(-n2nnc3c(-c4ccccc4C(F)(F)F)nc(C)nc32)c(C)c1,CHEMBL10315
DEC_1072,decoy,O=c1oc(Nc2ccccc2I)nc2cc(C(F)(F)F)ccc12,CHEMBL10312
DEC_3457,decoy,CCN(CC)c1nc(C)nc2c1sc(=O)n2-c1ccc(C(C)C)cc1Br,CHEMBL278895
DEC_0050,decoy,C[C@H]1CC2C3CCC4=CC(=O)C=CC4(C)[C@@]3(F)C(O)CC2(C)[C@@]1(OC(=O)c1ccco1)C(=O)CCl,CHEMBL291118
DEC_0938,decoy,C=CCC1Oc2ccc(OC)c(OC)c2-c2ccc3c(c21)C(C)=CC(C)(C)N3,CHEMBL274208
DEC_3653,decoy,CC[C@@H](C(=O)[C@@H](C)[C@@H](O)[C@H](C)CCc1ccc(C)c(OC(=O)OC)c1C(=O)O)[C@H]1O[C@](CC)([C@H]2CC[C@](O)(CC)[C@H](C)O2)C[C@@H]1C,CHEMBL342066
DEC_2125,decoy,CCCCCCOc1cc(C(C)(C)C)ccc1C/N=C(\S)NCc1ccc(NS(C)(=O)=O)cc1,CHEMBL295773
DEC_1532,decoy,CCOc1ccccc1-c1nc2c3cnn(CCc4ccccc4)c3nc(N)n2n1,CHEMBL21434
DEC_3811,decoy,OC(c1ccc(Cl)cc1Cl)C(O)(Cn1cncn1)c1ccc(F)cc1,CHEMBL275963
DEC_4002,decoy,CC(=O)O[C@@H]1C(=O)O[C@H]2O[C@@]34CCCC35[C@@H](C[C@@H](C(C)(C)C)C215)OC4=O,CHEMBL24386
DEC_3412,decoy,Cc1cc(Br)cc(C(=O)NO)c1N(C)S(=O)(=O)c1ccc(-c2ccc(OCc3nccs3)cc2)cc1,CHEMBL71227
DEC_0072,decoy,COc1ccc(CC(NC(=O)C(CC(=O)O)NC(=O)CCCCOc2ccc(C(=N)N)cc2)C(=O)O)cc1,CHEMBL314105
DEC_2361,decoy,CC(C)(C)NC(=O)NC[C@@H]1Cc2ccccc2CN1/C(S)=N/C[C@H]1CCCN1C(C)(C)C,CHEMBL287981
DEC_0080,decoy,C1=CC(=Nn2cccc2)C=CC1=Nn1cccc1,CHEMBL25422
DEC_0726,decoy,CN(C)CCOc1ccc(C2Oc3cc(O)ccc3-c3sc4cc(O)ccc4c32)cc1,CHEMBL283095
DEC_3024,decoy,C[C@@H]1CC2C3CCC4=CC(=O)C=CC4(C)[C@@]3(Cl)C(Cl)CC2(C)C1C(=O)CO,CHEMBL16418
DEC_3083,decoy,C=C(C)c1cccc2c(S(=O)(=O)Nc3onc(C)c3C)cccc12,CHEMBL281942
DEC_1775,decoy,CCc1nc(C)cn1-c1ccc(C2=NNC(=O)CC2)cc1,CHEMBL30908
DEC_3120,decoy,O=C(O)Cn1c(=O)c2cc(Br)ccc2n(Cc2ccc(Cl)c(Cl)c2)c1=O,CHEMBL288374
DEC_4154,decoy,CCCCN(Cc1ccc(-c2ccccc2-c2nn[nH]n2)cc1)c1ncnc2c1nc([S+](C)[O-])n2C,CHEMBL51987
DEC_0647,decoy,Cn1ccc(=O)n(CC(CS(=O)(=O)c2ccc(Oc3ccc(OC(F)(F)F)cc3)cc2)N(O)C=O)c1=O,CHEMBL307372
DEC_4175,decoy,Cc1ccccc1S(=O)(=O)NC(=O)C(c1ccc2c(c1)OCO2)c1cn(C)c2cc(C(N)=O)ccc12,CHEMBL22249
DEC_3481,decoy,COc1ccc(C(C2=C(C)C(=O)c3ccccc3C2=O)c2ccc(C(C)C)cc(=O)c2O)cc1,CHEMBL18347
DEC_3012,decoy,Brc1cccc(Br)c1N(Cc1ccccc1)C1=NCCN1,CHEMBL20241
DEC_3064,decoy,N#C/C(=N\O)c1ccc(Sc2cc(F)cc(C3CCOCC3)c2)cc1,CHEMBL27691
DEC_3656,decoy,CC(C)C[C@H](O)[C@H](O)[C@H](CC1CCCCC1)C1=C(O)[C@](CC(C)C)(C2=C(O)[C@@](CC(=O)N3CCOCC3)(Cc3ccccc3)N=C2)N=C1,CHEMBL69913
DEC_3040,decoy,ClP1(Cl)=NP(Cl)(Cl)=NP(N2CC2)(N2CC2)=N1,CHEMBL285314
DEC_3891,decoy,Cc1nc2c(OCc3c(Cl)ccc(N(C)C(=O)CNC(=O)Nc4cccc(C(=O)O)c4)c3Cl)cccn2c1Br,CHEMBL130379
DEC_3750,decoy,Cc1ccc(/C=C2\CS(=O)(=O)CC3C2=NN(CC(F)(F)F)C3c2ccc(C)cc2)cc1,CHEMBL290108
DEC_3109,decoy,C[C@H]1CN(C(=O)N2Cc3c(C(=O)OC(C)(C)C)ncn3-c3ccc(C(F)(F)F)cc32)C[C@H](C)N1,CHEMBL15305
DEC_2679,decoy,C=CCNC(=O)O[C@H]1CC[C@@](CNC(=O)c2cccc(Cl)c2O)(c2ccccc2)CC1,CHEMBL441507
DEC_0888,decoy,O=P(O)(O)C(Cc1ccc2ccccc2c1)N[C@H](Cc1ccc(-c2ccccc2)cc1)c1nnn[nH]1,CHEMBL273244
DEC_1313,decoy,O=C(O)COc1cccc2c1CCC=C2CCn1cc(C(c2ccccc2)c2ccccc2)cn1,CHEMBL11480
DEC_0177,decoy,CN(C)C(=O)CCSC(SCCC(=O)O)c1cccc(SCc2ccc3ccc(Cl)cc3n2)c1,CHEMBL15491
DEC_1363,decoy,Cn1c(C(F)(F)F)nc(-c2cc(Cl)cc(Cl)c2)c1-c1cc(Cl)cc(Cl)c1,CHEMBL8035
ACT_067,active,O=C(O)c1cc(-c2ccc(/C=N/Nc3nc(Nc4ccc(F)cc4)nc(N4CCOCC4)n3)o2)ccc1Cl,CHEMBL1164540
DEC_0939,decoy,C=CCC1Oc2cccc(NC)c2-c2ccc3c(c21)C(C)=CC(C)(C)N3,CHEMBL440454
DEC_1430,decoy,COc1cc2nc(N3CCN[C@H](C(=O)NC(C)(C)C)C3)nc(N)c2cc1OC,CHEMBL19376
DEC_1485,decoy,CCC(C)c1cc(C(=O)O)c(=O)n2cc(F)c(N3CC[C@H](N)C3)c(C)c12,CHEMBL278417
DEC_3131,decoy,COc1cccc2c1CC[C@H]1CN(CCn3c(=O)[nH]c4c(sc5c(Cl)ccnc54)c3=O)C[C@@H]21,CHEMBL289437
DEC_3218,decoy,CC/N=C(\N)c1ccc(-c2ccc(-c3ccc(/C(N)=N/CC)cc3)o2)cc1,CHEMBL279660
DEC_1500,decoy,COC1=C(C)C(=O)c2c(c(COC(N)=O)c3n2CCC3OC(=O)C(C)(C)C)C1=O,CHEMBL18427
DEC_3583,decoy,COc1cccc2c1CCC[C@H]2CN(C)CCc1ccc2[nH]cnc2c1,CHEMBL9896
DEC_2170,decoy,COc1c(N2CCC(N)C2)c(F)cc2c(=O)c(C(=O)O)cn(C3CC3)c12,CHEMBL275359
DEC_3010,decoy,O=C1O[C@H](c2cccc(Cl)c2)[C@@](Cn2cncn2)(c2cccc(Cl)c2)O1,CHEMBL269178
DEC_4058,decoy,O=C(O)Cn1c(=O)c2cc(Br)ccc2n(Cc2ccc(Br)cc2F)c1=O,CHEMBL36729
DEC_2129,decoy,CCOc1ccc2c(c1)[C@@H](c1ccc(OC)cc1OCCCC(=O)O)N(CC(=O)O)[C@@H]2c1ccc2c(c1)OCO2,CHEMBL440853
DEC_2776,decoy,CSc1ccc(-c2nc(-c3cccc(NS(C)(=O)=O)c3)c(-c3ccncc3)[nH]2)cc1,CHEMBL277811
DEC_0178,decoy,CN(CC#CCCC1(C(O)(c2ccccc2)c2ccccc2)SCCCS1)CCCc1ccccc1,CHEMBL433628
DEC_1378,decoy,Brc1ccc2c(c1)CC=C(c1ccccc1)C(N1CCN(c3ccccc3)CC1)=N2,CHEMBL276763
DEC_2045,decoy,CC(C)CCN(c1ccc(NCCC(C)O)cc1)C1CCN(C(=O)[C@H](CC(C)C)NC(=O)N2CCCCCC2)CC1,CHEMBL314816
DEC_3456,decoy,CCC(OC(=O)C(C)(C)C)c1nc2c(C(F)(F)F)cccc2c(O)c1C(=O)Nc1nccs1,CHEMBL32545
DEC_4309,decoy,CCn1cc(C(=O)O)c(=O)c2c(F)c(F)c(N3CCCC3)c(F)c21,CHEMBL281136
DEC_1607,decoy,CSC(=O)/C=C(C)/C=C/CC(C)CCCC(C)C,CHEMBL36788
DEC_2238,decoy,CC(C)=CCC[C@](C)(O)C1CC[C@]2(C)C1[C@H](O)CC1[C@@]3(C)CC[C@H](O)C(C)(C)C3CC[C@]12C,CHEMBL280986
DEC_0886,decoy,CN(C)Cc1cc(Nc2cc(C(F)(F)F)nc(/N=C(\N)Nc3ccc(C(F)(F)F)cc3)n2)ccc1O,CHEMBL418013
DEC_1346,decoy,CCc1nc2c(C)cc(C)nc2n1Cc1ccc(OC(C(=O)O)c2ccccc2C)c(Cl)c1,CHEMBL15517
DEC_3888,decoy,CCNC(=O)c1c(Cl)nc(CC)n1Cc1ccc2oc(-c3ccccc3NS(=O)(=O)C(F)(F)F)c(Br)c2c1,CHEMBL104252
DEC_3593,decoy,CCCCCCN(C(=O)c1cc2cc(O)ccc2n1C)c1ccccc1,CHEMBL274684
DEC_1094,decoy,Cc1nc(O)nc(O)c1/C=C/C(=O)NC(CO)C(O)c1ccc([N+](=O)[O-])cc1,CHEMBL14240
DEC_0489,decoy,CCOC(=O)[C@H](Cc1c[nH]c2ccccc12)N[C@H]1CCc2ccccc2N(CC(=O)O)C1=O,CHEMBL296331
DEC_0891,decoy,Cc1cc(-c2ccc(Cl)cc2)sc1C(=O)N[C@H](C)[C@](O)(Cn1cncn1)c1ccc(F)cc1F,CHEMBL416122
DEC_2256,decoy,Cc1cccc2c1OP(=O)(OCC1C[C@H](F)C(n3cnc4c(O)ncnc43)O1)OC2,CHEMBL297105
DEC_2011,decoy,CC(=O)O[C@@H](CC[C@@H](O)[C@]1(C)CC[C@H]([C@@](C)(O)CCC=C(C)C)O1)[C@@]1(C)CC[C@H]([C@@](C)(O)CCC=C(C)C)O1,CHEMBL303104
ACT_068,active,OCCc1ccc(O)c(O)c1,CHEMBL1950045
DEC_2096,decoy,c1ccc2c(c1)Oc1ccccc1C2NCCn1ccnc1,CHEMBL20469
DEC_1948,decoy,CCCCCCCN(Cc1ccc(CSc2nc(-c3ccccc3)c(-c3ccccc3)[nH]2)cc1)C(=O)Nc1ccc(F)cc1F,CHEMBL119644
DEC_2603,decoy,CCCCc1ncc(C(=O)O)n1Cc1cccc2c1ccn2-c1ccccc1-c1nn[nH]n1,CHEMBL433230
DEC_4153,decoy,CN(C)C(=O)Cn1ccc2nc(C3CC3)n(Cc3ccc(-c4ccccc4-c4nn[nH]n4)cc3)c2c1=O,CHEMBL295928
DEC_1773,decoy,Cn1cc(C2=NCC3(C[N+]4([O-])CCC3CC4)O2)c2ccccc21,CHEMBL274094
DEC_4018,decoy,O=C1C(N2CC2)=C(N2CC2)C(=O)c2c(OS(=O)(=O)c3cccs3)cccc21,CHEMBL35317
DEC_0877,decoy,CN(C)Cc1cc(Nc2cc(C(F)(F)F)nc(/N=C(\N)Nc3ccc(Cl)c(Cl)c3)n2)ccc1O,CHEMBL277495
DEC_0096,decoy,CN(C)CCc1c[nH]c2ccc3c(c12)CCCO3,CHEMBL412876
DEC_4088,decoy,COc1ccc(NC(=O)N2CCC(c3c[nH]c4cccc(F)c34)CC2)cc1N1CCN(C)CC1,CHEMBL15961
DEC_1134,decoy,O=C(Nc1ccc(Cl)c(Cl)c1)[C@H]1[C@H]2C(=O)OC3c4ccccc4C(O)[C@]32O[C@H]1c1ccccc1,CHEMBL25737
DEC_0874,decoy,C=C1C[C@@]23O[C@]2(c2ccccc21)C1CC(OC(=O)[C@H](O)[C@@H](NC(=O)OCC)c2ccc(O)cc2)C3(C)C1(C)C,CHEMBL32846
DEC_3206,decoy,Cc1ccc(Sc2cncc3sc(/C=N/OCC(N)=O)cc23)cc1,CHEMBL6264
DEC_0356,decoy,O=NN(CCF)C(=O)NC1C2CC3CC(C2)CC1C3,CHEMBL267546
DEC_1634,decoy,CCCCCCNc1ccc(C(=O)OCC)cc1,CHEMBL32515
DEC_2062,decoy,Cc1nc(O)c(C#N)c(C)c1-c1ccc(-n2ccnc2)cc1,CHEMBL273885
DEC_2148,decoy,CCCCN(CCCC)C(=O)CN1C[C@H](c2ccc3c(c2)OCO3)[C@@H](C(=O)O)[C@@H]1c1ccc(OC)cc1,CHEMBL9194
DEC_0513,decoy,Cc1cccc(SC2(CC#Cc3ccc(Cl)cc3)SC(=O)NC2=O)n1,CHEMBL276216
DEC_0784,decoy,COc1ccc(NS(=O)(=O)c2cccc3c(N(C)C)cccc23)nn1,CHEMBL6624
DEC_2521,decoy,Oc1ccc(-c2ccc(-n3ccnc3)cc2)nn1,CHEMBL287398
ACT_078,active,O=c1c(O)c(-c2ccc(Cl)cc2)oc2cc(F)c(I)cc12,CHEMBL5274465
DEC_0225,decoy,CC(C)OC(=O)[C@@H]1C2CC[C@H](C[C@@H]1c1ccc(I)cc1)N2CCCF,CHEMBL38666
ACT_022,active,CCC[C@@H]1NC(=O)[C@@H](NC(=O)[C@@H](N)CCC(=O)O)C(C)(C)OC/C=C\C[C@@H]([C@H](O)CNc2ccc(CC(=O)O)cc2)NC1=O,CHEMBL5085067
DEC_1738,decoy,O=S(=O)(OCCCl)c1c(F)c(F)c(F)c(F)c1F,CHEMBL17537
DEC_3246,decoy,CC1(N)CCN(c2cc3c(cc2F)c(=O)c(C(=O)O)cn3C(C)(C)C)C1,CHEMBL25916
DEC_0469,decoy,O=C(C[C@@H](Cc1ccc(-c2cccc(F)c2)cc1)C(=O)N[C@H]1c2ccccc2C[C@H]1O)NO,CHEMBL8496
DEC_1836,decoy,C=C1CCC2[C@](C)(CCC[C@]2(C)C(=O)OC)[C@H]1CCC1=CCC2C(=O)c3ccccc3C(=O)C2C1,CHEMBL22398
DEC_2483,decoy,Cc1c2ccnc(C(=O)NCCN(C)C)c2cc2c3cc(OC(=O)CCCCC4CCSS4)ccc3n(C)c12,CHEMBL449656
DEC_3908,decoy,O=S1(=O)CCC(NC2c3ccccc3Oc3ccccc32)C1,CHEMBL20538
DEC_2402,decoy,CC1(C)O[C@H]2[C@H](Br)[C@@H](Br)CO[C@@]2(COS(N)(=O)=O)O1,CHEMBL283704
DEC_0499,decoy,Cc1cccc(S(=O)(=O)C2(CC#Cc3ccc(Cl)cc3)SC(=O)NC2=O)n1,CHEMBL268766
DEC_1274,decoy,C=C(CC[C@H](O)[C@@]1(C)CC[C@H](C(C)(C)O)O1)[C@H]1CC[C@H]2O[C@@H]([C@]3(C)CCC(=O)O3)CC[C@]2(C)O1,CHEMBL280918
DEC_2845,decoy,C[C@H](NC(c1cccc2nc(O)c(O)nc12)P(=O)(O)O)c1cccc2ccccc12,CHEMBL12414
DEC_1206,decoy,C=C(CC1OC2O[C@]3(C)CCC4[C@H](C)CC[C@@H]([C@H]1C)C24OO3)CC1OC2O[C@]3(C)CC[C@H]4[C@H](C)CC[C@@H]([C@H]1C)C24OO3,CHEMBL10112
DEC_0016,decoy,O=C1C2Oc3c(O)ccc4c3C23CCN(CC2CC2)C(C4)[C@]3(O)CC12Cc1ccc3ccccc3c1C2,CHEMBL297903
DEC_0820,decoy,CN1C2CCC1[C@@H]([C@H](O)C(F)(F)F)[C@@H](c1ccc(Cl)cc1)C2,CHEMBL285611
DEC_3408,decoy,COc1ccc(-c2nc3cc(C4=NNC(=O)CC4C)ccc3n2Cc2ccc(-c3ccccc3-c3nn[nH]n3)cc2)cc1,CHEMBL284546
DEC_3867,decoy,COc1ccc(C[C@H]2NC(=O)/C=C/C[C@@H](CCCc3ccccc3)OC(=O)[C@H](CC(C)C)OC(=O)CCNC2=O)cc1Cl,CHEMBL13594
DEC_3088,decoy,c1ccc(CCN2CCN3CC(c4ccccc4)c4ccccc4C3C2)cc1,CHEMBL266039
DEC_0866,decoy,CCOC(=O)N[C@@H](c1cccs1)[C@@H](O)C(=O)OC1CC2C(C)(C)C1(C)[C@@]13C[C@H](C)c4ccccc4[C@@]21O3,CHEMBL416029
DEC_1432,decoy,COc1cc2nc(N3CCN(C(=O)C4CCCO4)CC3)nc(N)c2cc1OC,CHEMBL611
DEC_1957,decoy,CCN1CCOCCN(CC)CCn2cc(c3ccccc32)C2=C(C(=O)NC2=O)c2cn(c3ccccc23)CCOCC1,CHEMBL103421
DEC_1524,decoy,COc1cnc(C[S+]([O-])c2nc3cc4c(cc3[nH]2)OC(F)(F)O4)cc1OC,CHEMBL9768
DEC_0119,decoy,CCC1=C(c2ccc(-n3ccnc3)cc2)CNC1=O,CHEMBL9169
DEC_3737,decoy,O=C(c1ccccc1)N1N=C2/C(=C/c3ccccc3)CS(=O)(=O)CC2C1c1ccccc1,CHEMBL434594
DEC_0010,decoy,CC(C)C1=CC2CC3(C=O)[C@@H]4CC[C@@H](C)[C@H]4CC2(CO[C@H]2C[C@@H]4OC(C)(C)CO[C@@H]4[C@@H](C)O2)C13C(=O)O,CHEMBL282449
DEC_2527,decoy,CCC(=O)O/N=C1\COC2(CCN(C)CC2)C1,CHEMBL41461
DEC_1748,decoy,O[C@@H]1CCC2CN3CCc4cc5c(cc4[C@@H]3C[C@@H]2C1)OCO5,CHEMBL29379
DEC_0810,decoy,c1ccc(C2(c3ccccc3)OCC(C3CCCCN3)O2)cc1,CHEMBL26479
DEC_3478,decoy,O=C1CCCN1CCOc1ccc(C2Oc3cc(O)ccc3-c3sc4cc(O)ccc4c32)cc1,CHEMBL24597
DEC_4308,decoy,COc1cc(N)c(Cl)cc1C(=O)NC1CCN2CC(C)CCC2C1,CHEMBL277047
DEC_3796,decoy,CN(Cc1ccc(S(=O)(=O)c2ccccc2)cc1)c1ccc2c3c(cccc13)C(N)=N2,CHEMBL275685
DEC_2770,decoy,Cc1c(C)c2c(c(C)c1O)C(COc1ccc(CC3SC(=O)NC3=O)cc1)C(C)(C)O2,CHEMBL269572
DEC_4164,decoy,Cc1noc(NS(=O)(=O)c2ccsc2C(=O)Cc2ccc3c(c2)OCO3)c1Br,CHEMBL47706
DEC_3649,decoy,CC[C@@H](C(=O)[C@@H](C)[C@@H](O)[C@H](C)CCc1c(NC(C)=O)cc(C)c(O)c1C(=O)O)[C@H]1O[C@](CC)([C@H]2CC[C@](O)(CC)[C@H](C)O2)C[C@@H]1C,CHEMBL358311
DEC_4079,decoy,Cc1nnc2n1-c1ccc(C#CCN3C(=O)c4ccccc4C3=O)cc1C(c1ccccc1F)NC2,CHEMBL281139
DEC_3625,decoy,C[C@@H](NC(=O)c1sc(-c2ccc(Cl)cc2)cc1N)[C@](O)(Cn1cncn1)c1ccc(F)cc1F,CHEMBL52650
DEC_4219,decoy,Cc1c(F)c(N2CCNC(C)C2)c(F)c2c1c(=O)c(C(=O)O)cn2C1CC1,CHEMBL16030
DEC_3865,decoy,C[C@](Cc1c[nH]c2ccccc12)(NC(=O)ON1[C@H]2C[C@@H]3C[C@@H](C[C@H]1C3)C2)C(=O)N1C[C@H](Oc2cccc3ccccc23)C[C@@H]1C(=O)O,CHEMBL126957
DEC_2014,decoy,O=C(O)CCCCC[C@H]1[C@H](CNS(=O)(=O)c2ccc(F)cc2)C2CC1(c1ccc(-c3ccccc3)cc1)CO2,CHEMBL275248
DEC_3372,decoy,Cn1cnc2c(N(C(N)=O)c3c(F)cccc3F)nc(-c3ccc(F)cc3)nc21,CHEMBL275367
DEC_2172,decoy,Cc1c(N2CC[C@H](N)C2)c(F)cn2c(=O)c(C(=O)O)cc(C3CCC3)c12,CHEMBL275425
DEC_1421,decoy,CC1CCC(=NNc2cc([N+](=O)[O-])cc([N+](=O)[O-])c2)c2ncc(C(=O)O)c(=O)n21,CHEMBL273631
DEC_1869,decoy,C[S+]([O-])c1ccc(-c2nc(-c3cccc(NS(C)(=O)=O)c3)c(-c3ccncc3)[nH]2)cc1,CHEMBL276548
DEC_3596,decoy,C=CC(=O)OC1CCC(C)(C)C(/C=C/C(C)=C/C=C/C(C)=C/C(=O)O)=C1C,CHEMBL14981
DEC_3606,decoy,O=C(O)CCc1cc(Cc2cccnc2)cc2c1CCC(NS(=O)(=O)c1ccc(Cl)cc1)C2,CHEMBL417297
DEC_3699,decoy,CC(C)C(O)(Cn1cncn1)C(O)(c1ccc(Cl)cc1)c1ccc(Cl)cc1,CHEMBL10626
DEC_3949,decoy,CC(C)C(=O)OCOC(=O)C1=C(SC2CCOC2CN)[C@H](C)C2[C@@H]([C@@H](C)O)C(=O)N12.CCN(C(C)C)C(C)C,CHEMBL52528
DEC_0564,decoy,CCC(C)(O)C#Cc1nc(Nc2cccc(Cl)c2)c2ncn(C(C)C)c2n1,CHEMBL282193
DEC_1615,decoy,CCC[C@H]1CC[C@@H]2CC[C@@H](CCCCC[C@H](C)O)N21,CHEMBL284725
DEC_2061,decoy,OC1CCCCC1N1CCC(c2ccc(Cl)cc2)CC1,CHEMBL21165
DEC_4216,decoy,O=C(O)CCCCCNC(=O)N1CCC2(CC1)CCN(c1ccncc1)C2,CHEMBL12524
DEC_1465,decoy,CC(C)(C)c1cc(/C=C2\OC(N=C(N)N)=NC2=O)cc(C(C)(C)C)c1O,CHEMBL15781
DEC_1055,decoy,CN1CN(c2ccccc2)C2(CCN(C3CCc4c(Cl)ccc(Cl)c4C3)CC2)C1=O,CHEMBL27729
DEC_2488,decoy,CO[C@H]1CN(Cc2ccc(C)cc2)C[C@H](OCC23C[C@@H]4[C@H](C)CC[C@H]4C4(C=O)CC2C=C(C(C)C)C34C(=O)O)O[C@@H]1C,CHEMBL296916
DEC_4095,decoy,COc1ccccc1N1C(=O)C2C(c3ccccc3)OC3(C(=O)c4ccccc4C3=O)C2C1=O,CHEMBL431488
DEC_4096,decoy,O=C(O)Cn1c(=O)c2cc(Cl)ccc2n(Cc2ccc(Br)cc2F)c1=S,CHEMBL289990
DEC_1407,decoy,COc1cc([C@@H]2c3cc4c(cc3[C@H](O)[C@H]3COC(=O)[C@H]23)OCO4)cc(OC)c1OC,CHEMBL61
DEC_3926,decoy,CC1CCC(/C=N/c2ccc(C(=O)O)cc2)=C2NC=CC(=O)N21,CHEMBL277494
DEC_1822,decoy,CCCCc1ccc(/C=C\c2cc3c(s2)-n2c(C)nnc2CN=C3c2ccccc2Cl)cc1,CHEMBL430919
DEC_1168,decoy,CCC[C@H]1C[C@H](NCC)c2cc(S(N)(=O)=O)sc2S1(=O)=O,CHEMBL273599
DEC_3712,decoy,Clc1ccc(C2(Cn3ccnc3)OCC(c3ccc(Cl)cc3Cl)O2)cc1,CHEMBL416568
DEC_3384,decoy,O=C(Nc1cccc2c1CC(O)C(N1CCC(c3ccccc3)CC1)C2)C(F)(F)F,CHEMBL282895
DEC_0859,decoy,CCNC(=O)N[C@@H](c1ccccc1)[C@@H](O)C(=O)OC1CC2C(C)(C)C1(C)[C@@]13C[C@H](C)c4ccccc4[C@@]21O3,CHEMBL286608
DEC_2509,decoy,CC1(NC(=O)N(CCCl)N=O)CCCC1,CHEMBL267308
DEC_1068,decoy,C[C@@H]1CN(C(=O)N2Cc3c(C(=O)OC(C)(C)C)ncn3-c3ccc(F)cc32)C[C@H](C)N1C,CHEMBL263211
DEC_1720,decoy,COC(=O)N[C@@H](c1ccncc1)[C@@H](O)C(=O)OC1CC2C(C)(C)C1(C)[C@@]13CC(C)c4ccccc4[C@@]21O3,CHEMBL30298
DEC_0873,decoy,O=C(O)CCC/C=C(/c1cccnc1)c1cccc(N/C(=N\C2CCCC2)NC(=O)c2ccccc2)c1,CHEMBL21303
DEC_1393,decoy,CC1(C)CCC[C@](C)(C2CC[C@]3(C)C2[C@H](O)CC2[C@@]4(C)CC[C@H](O)C(C)(C)C4CC[C@]23C)O1,CHEMBL282542
DEC_4296,decoy,Cc1ccc([C@H]2OC(=O)O[C@]2(Cn2cncn2)c2ccccc2Cl)cc1,CHEMBL10467
DEC_3094,decoy,O=C(OC1CN2CCC1CC2)C(O)(c1ccccc1)c1cccc(I)c1,CHEMBL12958
DEC_1693,decoy,C[C@@H](n1cnc2cc(-c3ccc(C4=NCCO4)cc3)sc2c1=O)[C@](O)(Cn1cncn1)c1ccc(F)cc1F,CHEMBL300501
DEC_0579,decoy,CCc1nc2c(C)cc(C)nc2n1Cc1ccc(-c2ccccc2-c2nn[nH]n2)cc1,CHEMBL7550
DEC_0641,decoy,CC1(C)CN(C(=O)N2Cc3c(C(=O)OC(C)(C)C)ncn3-c3ccc(Cl)cc32)CCN1,CHEMBL277383
DEC_0565,decoy,COC1(c2csc(Sc3ccc4c(c3)OCC/C4=N\O)c2)CCOCC1,CHEMBL284403
DEC_0532,decoy,CC1(O)OC(=O)C(c2ccc3ccccc3c2)=C1c1ccc(S(C)(=O)=O)cc1,CHEMBL18312
DEC_1444,decoy,N#C[C@@H]1C[C@@H]2CN3CCc4cc5c(cc4[C@@H]3C[C@@H]2C[C@@H]1O)OCO5,CHEMBL286033
DEC_3436,decoy,CCOC(=O)C1=C(c2ccc(-n3c(C)nc4cnccc43)cc2)NC(C)=C(C(=O)Nc2ccccn2)C1c1ccc(C#N)cc1,CHEMBL321722
DEC_4232,decoy,Cc1cc(C)cc(Sc2c(C(C)C)c(=O)[nH]c(=S)n2COCCO)c1,CHEMBL274265
DEC_1280,decoy,O=C(O)Cn1c(=O)c(=O)[nH]c2cc(C(F)(F)F)c(-n3ccc(/C=N/OCc4ccccc4)c3)cc21,CHEMBL12776
DEC_3044,decoy,Clc1ccc(C(c2ccn(-c3ccc(Cl)cc3)c2)n2ccnc2)cc1,CHEMBL439726
DEC_2416,decoy,O=C(O)CS(=O)(=O)N1CCC(C(=O)N2CCC3(CC2)CCN(c2ccncc2)C3)CC1,CHEMBL275769
DEC_2111,decoy,CC(C)CCCc1nc(-c2ccc(S(=O)(=O)Nc3ccc(CCNC[C@H](O)c4cccnc4)cc3)cc2)no1,CHEMBL284965
DEC_3124,decoy,O=C1CCC(c2ccccc2)(C2CCN(Cc3ccccc3Br)CC2)C(=O)N1,CHEMBL274552
DEC_4113,decoy,CCCCc1nc2ccc(C3CC(c4cc(C)co4)=NO3)cc2c(=O)n1Cc1ccc(-c2ccccc2-c2nn[nH]n2)cc1,CHEMBL297583
DEC_4106,decoy,Cc1ccc2cccc(OCc3c(C)ccc(N(C)C(=O)Cc4ccc(C(=O)c5ccc(Cl)nc5)n4C)c3C)c2n1,CHEMBL286710
DEC_0217,decoy,Oc1ccc2c3c1OC1[C@H]4OC[C@@]4(CCCc4ccccc4)CC4C(C2)N(CC2CCC2)CCC341,CHEMBL9743
DEC_0535,decoy,Cn1cnc2c(N(C(N)=O)c3c(F)cccc3F)nc(-c3cccc(Cl)c3)nc21,CHEMBL277599
DEC_4047,decoy,COc1cc(OC)cc([C@@H]2c3cc4c(cc3N[C@@H]3COC(=O)N23)OCO4)c1,CHEMBL266583
DEC_0828,decoy,CC(C)(O)CC(=O)c1cc(C(C)(C)C)c2c(c1)C(C)(C)CO2,CHEMBL14164
DEC_0687,decoy,CC(C)CC(=O)N[C@@H](Cc1ccccc1)C(=O)C(=O)NCCNS(=O)(=O)c1ccc(-c2ccccn2)s1,CHEMBL307883
DEC_1892,decoy,CC1(C)O[C@H](c2ccc(Cl)cc2Cl)[C@@](Cn2cncn2)(c2ccc(Cl)cc2)O1,CHEMBL10460
DEC_1300,decoy,CCCCN(CC)c1nc(C)nc2c1nnn2-c1c(Br)cc(OC)cc1OC,CHEMBL9633
DEC_0778,decoy,CCOC(=O)c1cc2c3cc(-n4ccc(C=O)c4)c(Cl)cc3nc(O)n2n1,CHEMBL267006
DEC_2652,decoy,N#CN/C(=N/C1CCCCC1)Nc1ccc(/C(=C\CCCC(=O)O)c2cccnc2)cc1,CHEMBL277619
DEC_2650,decoy,CCOC(=O)COc1ccc(CCn2ncc3c2nc(N)n2nc(-c4ccco4)nc32)cc1,CHEMBL22200
DEC_2833,decoy,CCCCc1ccc(Nc2nc(N)c3ccn(C4CC(CO)C(O)C4O)c3n2)cc1,CHEMBL279158
ACT_075,active,NC1=NC(c2cc(NC(=O)c3ncc(Br)cc3O)c(F)cc2F)(C(F)F)COC1,CHEMBL3653416
DEC_2550,decoy,CSc1ccc(Oc2cnc(O)nc2)cc1,CHEMBL540702
DEC_1983,decoy,COC(=O)c1ccccc1C1c2cc(I)c(N)cc2Oc2c1ccc(N)c2I,CHEMBL50847
DEC_1635,decoy,CN(CCCCCc1ccccc1)Cc1ccccc1,CHEMBL19314
DEC_4084,decoy,Cc1nnc2n1-c1sc(C#CCN3C(=O)Cc4ccccc43)cc1C(c1ccccc1Cl)=NC2,CHEMBL429066
DEC_2057,decoy,c1ccc(C2(c3ccccc3)OC[C@@H]([C@@H]3CCCN3)O2)cc1,CHEMBL412875
DEC_0424,decoy,CO/C1=C\C(C)=C\[C@@H](C)C(=O)[C@@H](C)C/C(C)=C/C=C/[C@H](OC)[C@@H]([C@@H](C)[C@@H](O)[C@H](C)C(=O)O)OC1=O,CHEMBL55768
DEC_3385,decoy,CN([C@@H]1CCN2CCc3ccccc3[C@@H]2C1)S(=O)(=O)c1cccc2ccccc12,CHEMBL30651
DEC_1443,decoy,OC1CCCCC1N1CCC(C2CCN(C3CCCCC3O)CC2)CC1,CHEMBL20429
DEC_3745,decoy,CCC1C2Cc3ccc(O)cc3C1(CC)CCN2C(=O)C(N)CCSC.Cl,CHEMBL282347
DEC_4093,decoy,O=C(O)Cc1nn(Cc2nc3cc(C(F)(F)F)cc(C(F)(F)F)c3s2)c(=O)c2ccccc12,CHEMBL277708
DEC_3849,decoy,C=C([C@@H](O)C[C@H](O)[C@@]1(C)CC[C@H](C(C)(C)O)O1)[C@H]1CC[C@H]2O[C@@H]([C@]3(C)CC[C@@H](Br)C(C)(C)O3)CC[C@]2(C)O1,CHEMBL18962
DEC_4221,decoy,CN(C)CCCNCc1cc(I)cc(C2CCCCC2)c1O,CHEMBL22076
DEC_0429,decoy,CCc1cc(NCc2ccc(-c3ccccc3-c3nn[nH]n3)cc2)c(I)c(CC)n1,CHEMBL33459
DEC_1506,decoy,COc1cc2c(c(OC)c1OC)-c1ccc(SC)c(=O)cc1[C@@H](NC(C)=O)CC2,CHEMBL18981
DEC_2539,decoy,Oc1ccc(-c2cccc(-n3ccnc3)c2)nn1,CHEMBL282514
DEC_3945,decoy,Cc1ccc(Cn2cnc3c(N(C)C)nc(C(F)(F)F)nc32)cc1,CHEMBL283830
DEC_0480,decoy,O=C1NC(=O)C(c2cn(CCOCCO)c3ccccc23)=C1c1c[nH]c2ccccc12,CHEMBL7329
DEC_2287,decoy,CCOC(=O)c1ccc(CCCn2ncc3c2nc(N)n2nc(-c4ccco4)nc32)cc1,CHEMBL442338
DEC_0234,decoy,Cc1cc(SCCCC(C)(C)C(=O)O)c(C)cc1OCCCC(C)(C)C(=O)O,CHEMBL7604
DEC_3215,decoy,Cc1ccc(NS(=O)(=O)c2cccc3c(N(C)C)cccc23)nc1,CHEMBL6463
DEC_0516,decoy,Cc1c(C)c2ccc(OS(=O)(=O)c3ccc(Br)cc3)cc2oc1=O,CHEMBL278974
DEC_2369,decoy,O=C1[C@@H](NS(=O)(=O)c2ccc(-c3ccccn3)s2)CCN1Cc1cc2c[nH]ccc-2n1,CHEMBL266690
DEC_0933,decoy,[O-][S+](Cc1[nH]c2ccccc2c1Sc1ccccc1)c1ccccc1,CHEMBL280551
DEC_1064,decoy,CC1CNCC(C)N1C(=O)N1Cc2c(C(=O)OC(C)(C)C)ncn2-c2ccc(F)cc21,CHEMBL15276
DEC_1484,decoy,CC1(CN)CCN(c2cc3c(cc2F)c(=O)c(C(=O)O)cn3C2CC2)C1,CHEMBL278648
DEC_3342,decoy,Cc1cc(-c2c(F)cc3c(=O)c(Cc4ccc(Cl)cc4)cn(C4CC4)c3c2F)cc(C)n1,CHEMBL7848
DEC_0288,decoy,CS(=O)(=O)O.C[C@H]1CN(c2nc3c(cc2F)c(=O)c(C(=O)O)cn3C(C)(C)C)C[C@@H]1N,CHEMBL284635
DEC_2691,decoy,CC(=O)NC[C@H]1CC[C@H](Nc2nc(Nc3ccc(Cl)cc3)c3ccccc3n2)CC1,CHEMBL17398
DEC_3030,decoy,CN(C)c1cccc2c(S(=O)(=O)Nc3cnc(Br)nc3)cccc12,CHEMBL7019
DEC_1271,decoy,CCCCn1c(=O)c2c(nc3n(Cc4cccs4)c(O)c(CCC)c(=O)n23)n(CCCC)c1=O,CHEMBL13084
DEC_4005,decoy,CCc1c2c(nc3cnccc13)-c1cc3c(c(=O)n1C2)COC(=O)[C@]3(O)CC,CHEMBL12926
DEC_2349,decoy,CC(C)(C)c1snc(O)c1C[C@H](N)C(=O)O,CHEMBL29024
DEC_1286,decoy,O=C1CC2(CCCC2)CC(O)N1OCCCN1CCN(c2nsc3ccccc23)CC1,CHEMBL274334
DEC_1575,decoy,N/C(=N\O)c1ccc(CN(NS(=O)(=O)c2ccc3ccccc3c2)C(=O)N2CCCCCC2)cc1,CHEMBL39587
DEC_1487,decoy,COc1cc(C23OCC24C2COC(c5cc6c(cc53)OCO6)C24)cc(OC)c1OC,CHEMBL18717
DEC_3121,decoy,O=C(O)Cn1c(=O)n(Cc2ccc(Cl)c(Cl)c2)c(=O)c2c3c(sc21)CCCC3,CHEMBL35716
DEC_1428,decoy,Cn1c2c([N+](=O)[O-])cc([N+](=O)[O-])cc2c2oc(C(=O)Nc3nn[nH]n3)cc(=O)c21,CHEMBL280941
DEC_1391,decoy,O=C1Cc2c(-c3ccccc3)cc(-c3ccccc3)nc2-c2cc(Br)ccc2N1,CHEMBL279653
DEC_0551,decoy,CO[C@]1(c2cnc(Sc3ccc(/C(C)=N/O)cc3)s2)CCO[C@@H](C)C1,CHEMBL25348
DEC_3322,decoy,Cc1cc(C(=O)Nc2ccc(-c3ccccn3)cc2F)n(-c2ccc3cc(Cl)ccc3c2)n1,CHEMBL20476
DEC_2042,decoy,CCCCc1nc(SC)c(C(=O)OCC)n1Cc1ccc(-c2ccccc2S(=O)(=O)NC(=O)NCCC)cc1,CHEMBL80971
DEC_2828,decoy,COC(=O)c1cc(NC(=O)c2cccs2)ccc1OCC(O)CNC(C)(C)C,CHEMBL8171
DEC_4253,decoy,Cc1c(F)c(N2CCC(N)C2)c(Cl)c2c1c(=O)c(C(=O)O)cn2C1CC1,CHEMBL279842
DEC_3805,decoy,C(=C1\CCCN(c2ccc(C3=NCCN3)cc2)C1)\c1ccc(C2=NCCN2)cc1,CHEMBL24250
DEC_0915,decoy,CC(=O)O.CCN(CCc1ccccc1F)C(=O)CNC(=O)[C@@H](CCCN=C(N)N)NC(=O)[C@@H](N)Cc1ccc(O)cc1,CHEMBL13652
DEC_0061,decoy,CCCCCCc1noc([C@H](CCC(=O)O)NC(=O)[C@H](Cc2ccc(OP(=O)(O)O)cc2)NC(C)=O)n1,CHEMBL420952
DEC_0607,decoy,CCc1c2c(nc3ccc4c(c13)N(C)CCO4)-c1cc3c(c(=O)n1C2)COC(=O)[C@]3(O)CC,CHEMBL288053
DEC_1967,decoy,O=C(Cn1cc(C(F)(F)F)ccc1=O)NCc1cc2cc(C(=O)N3CCC(N4C(=O)OCc5ccc(F)cc54)CC3)ccc2o1,CHEMBL282494
DEC_0246,decoy,Clc1ccc(CNCCCCNCc2ccc(Cl)c(Cl)c2)cc1Cl,CHEMBL23853
DEC_1307,decoy,CCN(CC)CC#CCCC1(C2(O)c3ccccc3C=Cc3ccccc32)SCCCS1,CHEMBL431507
DEC_0324,decoy,CNc1cccc2c(S(=O)(=O)Nc3onc(C)c3C)cccc12,CHEMBL27370
DEC_3304,decoy,CC1CCC(NC(=O)c2nc(-c3ccc(Cl)cc3Cl)n(-c3ccc(Cl)cc3)n2)CC1,CHEMBL15772
DEC_0154,decoy,CCC(O)(c1ccccc1)c1ccc(C(Cc2cc[n+]([O-])cc2)c2ccc(OC(F)F)c(OC(F)F)c2)cn1,CHEMBL57524
DEC_3698,decoy,O=S(=O)(Nc1ccc(CCNC[C@H](O)c2ccccc2)cc1)c1ccc(Cc2nc(Cc3ccc4ccccc4c3)cs2)cc1,CHEMBL448158
DEC_1954,decoy,COc1cc2cc(C(=O)N3C[C@@H](CCl)c4c3cc(O)c3[nH]c(C)c(C(=O)N5CCN(C)CC5)c43)[nH]c2c(OC)c1OC,CHEMBL319667
DEC_1849,decoy,CN(C)c1cccc2c(S(=O)(=O)Nc3ccc(I)cn3)cccc12,CHEMBL266684
DEC_4041,decoy,COC1=C(C)C(=O)c2c(c(COC(N)=O)c3n2CCC3OC(=O)CCl)C1=O,CHEMBL278250
DEC_1217,decoy,C=C(CC[C@@H](O)[C@]1(C)CC[C@H](C(C)(C)O)O1)[C@H]1CC[C@H]2O[C@@H]([C@]3(C)CC[C@@H](Br)C(C)(C)O3)CC[C@]2(C)O1,CHEMBL23834
DEC_0672,decoy,CCCn1c(=O)c2nc(-c3ccc(OCC(=O)NCCNC(=O)CBr)cc3)[nH]c2n(CCC)c1=O,CHEMBL9542
DEC_2242,decoy,Cc1ccccc1CNC(=O)Nc1cccc(NC(=O)c2cc(Cl)cc(Cl)c2)c1,CHEMBL13519
DEC_1743,decoy,CC1SCC(NC(=O)N(CCCl)N=O)CS1,CHEMBL266629
DEC_3785,decoy,Cc1cc(-c2c(F)cc3c(=O)c(Cc4ccc(N)cc4)cn(C4CC4)c3c2F)cc(C)n1,CHEMBL7564
DEC_2806,decoy,O=P(O)(CN[C@@H](Cc1ccc(-c2ccccc2)cc1)c1nnn[nH]1)Oc1ccccc1,CHEMBL39734
DEC_2278,decoy,O=C1[C@@H](NS(=O)(=O)c2cc3c(Cl)nccc3s2)CCN1Cc1cc2c[nH]ccc-2n1,CHEMBL8503
DEC_1796,decoy,CCN(CC)CC#CCCC1(C2(O)c3ccccc3Sc3ccccc32)SCCCS1,CHEMBL417340
DEC_1475,decoy,CN1C(=O)C=C[C@]2(C)C3CC[C@@]4(C)C(CC[C@@]4(O)C#CCCO)C3CCC12,CHEMBL10177
DEC_1977,decoy,O=C(Cn1cc(C(F)(F)F)ccc1=O)NCc1cc2cc(C(=O)N3CCC(N4C(=O)OCc5c(F)cccc54)CC3)ccc2o1,CHEMBL287628
DEC_2334,decoy,NC(=O)Sc1cncc2sc(C(N)=O)cc12,CHEMBL268667
DEC_2764,decoy,Cc1noc(NS(=O)(=O)c2cccc3c(N/C(S)=N/c4ccccc4)cccc23)c1C,CHEMBL27063
DEC_2930,decoy,O=C(O)c1ccc(S(=O)(=O)Oc2ccc(-c3ccc(-c4c(Cc5ccccc5)oc5ccccc45)cc3)cc2)cc1O,CHEMBL23998
DEC_0215,decoy,O=C1NCCN1CCN1CCC(c2cn(-c3ccc(F)cc3)c3ccc(Br)cc23)CC1,CHEMBL12235
DEC_3834,decoy,O=C1Cc2cc(CCN3CCN(c4nsc5ccccc45)CC3)ccc2N1,CHEMBL35743
DEC_3569,decoy,Cc1nccc2c1[nH]c1cc(OCCC3(C)OCC(C)(C)CO3)ccc12,CHEMBL14425
DEC_0134,decoy,CCCCc1cn(-c2c(C(C)C)cccc2C(C)C)c(=O)n1Cc1ccc(-c2ccccc2-c2nn[nH]n2)nc1,CHEMBL274082
DEC_0055,decoy,CCN(CC(=O)N[C@@H](CC(=O)O)C(=O)N[C@H](CCC1CCCCC1)C(=O)O)C(=O)CCCC1CCNCC1,CHEMBL309250
DEC_3259,decoy,CC1=C(C(=O)OC(c2ccccc2)c2ccccc2)N2C(=O)[C@@H](NC3=NC4CC4N3)C2SC1,CHEMBL416710
DEC_3620,decoy,Cc1c(Cc2cccnc2)cc2c(c1CCC(=O)O)CCC(NS(=O)(=O)c1ccc(Cl)cc1)C2,CHEMBL31409
DEC_3804,decoy,C(=C1/CCCN(c2ccc(C3=NCCN3)cc2)C1)\c1ccc(C2=NCCN2)cc1,CHEMBL267154
DEC_3355,decoy,CC1CC[C@@]2(OC1)OC1CC3C4CC=C5C[C@@H](O)CC[C@]5(C)C4CC[C@]3(C)[C@@]1(O)[C@@H]2C,CHEMBL13119
DEC_2945,decoy,Cc1cc(SC2=C(O)OC(C)(CCc3ccc(O)cc3)CC2=O)c(C(C)(C)C)cc1OS(=O)(=O)N(C)C,CHEMBL70386
DEC_3422,decoy,CCC1CCC[C@@H](CCOc2c(-c3cc(C)cc(C)c3)c(O)nc3cc(Cl)c(C(=O)Nc4ccncn4)cc23)N1,CHEMBL51841
DEC_0131,decoy,O=C(O)CCc1ccccc1CC1C2CCC(O2)C1c1nc(/C(S)=N/CCCCC2CCCCC2)co1,CHEMBL416395
DEC_2323,decoy,O=C(O)C1=CC(OCP(=O)(O)O)CCC1,CHEMBL33866
DEC_1026,decoy,Cc1ncccc1Oc1ccc(NC(=O)N2CCc3cc(Br)c(C(F)(F)F)cc32)cn1,CHEMBL53152
DEC_1141,decoy,CCCN1N=C2/C(=C/c3cccc(C(F)(F)F)c3)CS(=O)(=O)CC2C1c1cccc(C(F)(F)F)c1,CHEMBL289280
DEC_2487,decoy,CCCc1nc2ccc(C3=NN(CC(=O)N(C)C)C(=O)CC3)cc2n1Cc1ccc(-c2ccccc2-c2nn[nH]n2)cc1,CHEMBL24478
DEC_3226,decoy,Nc1nc(O)c2c(Sc3ccc4ccccc4c3)cccc2n1,CHEMBL6897
DEC_1821,decoy,CC(C)CCC[C@@H](C)[C@H]1CCC2C3CC=C4CC(C(C(=O)O)C(=O)O)CC[C@]4(C)C3CC[C@@]21C,CHEMBL440794
DEC_0180,decoy,Cc1ccccc1/C=C1\CSCC2C1=NN(CCCN1CCN(C)CC1)C2c1ccccc1C,CHEMBL434595
DEC_3710,decoy,Cn1cncc1C(OCc1ccc(C#N)c(-c2ccc(Cl)cc2)n1)c1ccc(C#N)cc1,CHEMBL418059
DEC_0519,decoy,CN1CCC23c4c5ccc(O)c4OC2[C@H]2OC[C@@]2(CCc2ccccc2)CC3C1C5,CHEMBL9190
DEC_1195,decoy,CCCSc1c2c(nc(N)n3nc(-c4ccco4)nc23)nn1C,CHEMBL280888
DEC_3544,decoy,C=C(C)n1c(=O)n(Cc2nc3ccccc3n2CCCCCC#N)c2ccccc21,CHEMBL15145
DEC_4015,decoy,COc1c(N2CCCC(CN)C2)c(F)cc2c(=O)c(C(=O)O)cn(C3CC3)c12,CHEMBL418169
DEC_2459,decoy,C=C(Br)CN1C[C@H](OCC23C[C@@H]4[C@H](C)CC[C@H]4C4(C=O)CC2C=C(C(C)C)C34C(=O)O)O[C@H](C)[C@@H](OC)C1,CHEMBL297577
DEC_2873,decoy,CC1(C)CC[C@]2(C(=O)n3cccn3)CC[C@]3(C)C(C(=O)C=C4[C@@]5(C)C=C(C#N)C(=O)C(C)(C)[C@@H]5CC[C@]43C)C2C1,CHEMBL8392
DEC_2809,decoy,CC(=O)NCc1ccc(-c2csc(NC(=N)NCCN3CCCCC3)n2)o1,CHEMBL25393
DEC_1739,decoy,CO[C@H]1O[C@]2(C)OO[C@]13[C@H](CCO)CCC[C@@H]3C[C@@H]2C,CHEMBL277457
DEC_3321,decoy,Cc1c(C(=O)NN2CC3CCCC3C2)nn(-c2ccc(Cl)cc2Cl)c1-c1ccc(Cl)cc1,CHEMBL15528
DEC_2210,decoy,COc1ccc(C(c2cc(C(C)(C)C)ccc2O)c2ccc(C(C)C)cc(=O)c2O)cc1,CHEMBL18774
DEC_1801,decoy,OC(c1ccccc1)(c1ccccc1)C1(CCC#CCN2CCCCC2)SCCCS1,CHEMBL42222
DEC_1924,decoy,Cc1cc(C(=O)Nc2ccc(-n3ccnc3C)cc2F)n(-c2ccc3cc(Cl)ccc3c2)n1,CHEMBL282459
DEC_2473,decoy,Cc1noc(NS(=O)(=O)c2ccccc2-c2ccc(-c3ncco3)cc2CN(C)C(=O)CCc2ccccc2)c1C,CHEMBL29346
DEC_3977,decoy,CCOc1ccc2c(c1)[C@@H](c1cc(OC)c(OC)c(OC)c1OCC(=O)O)N(CC(=O)O)[C@@H]2c1ccc2c(c1)OCO2,CHEMBL263723
DEC_3248,decoy,Nc1c(I)cc(C(=O)OCCCc2c[nH]cn2)cc1I,CHEMBL20357
DEC_3673,decoy,CC(C)N(CC/N=C(\S)N/N=C/c1c2ccccc2c(/C=N/N/C(S)=N/CCN(C(C)C)C(C)C)c2ccccc12)C(C)C,CHEMBL345489
DEC_2368,decoy,NCC(=O)N[C@@H]1CCc2ccccc2N(Cc2ccc(-c3ccccc3-c3nn[nH]n3)cc2)C1=O,CHEMBL274786
DEC_0611,decoy,C[C@@H]1[C@@H](N)CN1c1c(F)c(N)c2c(=O)c(C(=O)O)cn(-c3ccc(F)cc3F)c2c1F,CHEMBL416548
DEC_0709,decoy,N=C(NC1CC1)c1ccc(-c2ccc(-c3ccc(C(=N)NC4CC4)cc3)o2)cc1,CHEMBL284873
DEC_0949,decoy,C/C(=N\O)c1ccc(Sc2cc(F)cc(C3CCOCC3)c2)cc1,CHEMBL25570
DEC_0500,decoy,NS(=O)(=O)c1ccc(-n2nc(C(F)(F)F)cc2-c2ccc(Cl)s2)cc1,CHEMBL283177
DEC_0322,decoy,N=C(NCc1ccc(Cl)cc1)SCCCc1c[nH]cn1,CHEMBL14690
DEC_2834,decoy,COc1cc(Cc2cnc(N)nc2N)cc(OCCCC(=O)O)c1Br,CHEMBL31887
DEC_2800,decoy,CCCC1=NC2(CCOCC2)C(=O)N1Cc1ccc(-c2ccccc2-c2nn[nH]n2)cc1,CHEMBL435953
DEC_3927,decoy,CC(=O)O[C@@H]1CC[C@@H]2CN3CCc4cc5c(cc4[C@@H]3C[C@@H]2C1)OCO5,CHEMBL29869
DEC_1332,decoy,Cc1cn(C2OC(COC(c3ccccc3)(c3ccccc3)c3ccccc3)C(F)C2F)c(=O)[nH]c1=O,CHEMBL42700
DEC_4138,decoy,CCCCc1nc2ccc(C3CC(c4ccc(C)cc4)=NO3)cc2c(=O)n1Cc1ccc(-c2ccccc2-c2nn[nH]n2)cc1,CHEMBL296719
DEC_1989,decoy,COc1cc([C@@H]2c3cc4c(cc3[C@@H](Nc3ccc(I)cc3)[C@H]3COC(=O)[C@H]23)OCO4)cc(OC)c1O,CHEMBL416199
DEC_2733,decoy,CC(C)[C@H](NC(=O)Oc1ccccc1)C(=O)N1CCC[C@H]1C(=O)N[C@H](C(=O)C(F)(F)C(=O)NCc1ccccn1)C(C)C,CHEMBL110364
DEC_3360,decoy,CC#C[C@]1(O)CCC2C3CCC4=CC(=O)CCC4=C3C(c3cccs3)CC21C,CHEMBL277163
DEC_2639,decoy,COc1cc2c(cc1OC)[C@@H]1OC[C@H]([C@@H]2c2cc(OC)c(OC)c(OC)c2)[C@@H]1CO,CHEMBL17581
DEC_1991,decoy,O=C(Cn1cc(C(F)(F)F)ccc1=O)NCc1cc2ccc(C(=O)N3CCC(N4C(=O)OCc5ccccc54)CC3)cc2o1,CHEMBL30550
DEC_0213,decoy,CC(C)(O)c1ccc(C(Cc2cc[n+]([O-])cc2)c2ccc(OC(F)F)c(OC(F)F)c2)cc1,CHEMBL289023
DEC_0589,decoy,COc1ccc2c(nc(Nc3c(C)cccc3Cl)c3cnc(C(C)O)n32)c1OC,CHEMBL282741
DEC_1265,decoy,CN1CCN(CCCN2N=C3/C(=C/c4ccccc4)CS(=O)(=O)CC3C2c2ccccc2)CC1,CHEMBL34662
DEC_3267,decoy,CO[C@H]1[C@H](O)[C@H]2[C@@H](O[C@@H]1CN)n1c3ccccc3c3c4c(c5c6ccccc6n2c5c31)C(=O)NC4=O,CHEMBL26925
DEC_1291,decoy,COc1cc2c3c(c1)-c1c(ccc(OC)c1OC)CC3N(CCN(CCCl)CCCl)CC2,CHEMBL267878
DEC_1171,decoy,CCOP(=O)(OCC)C(N)C1CCCCC1.O=C(O)C(=O)O,CHEMBL39277
DEC_3565,decoy,CCCCc1oc2ccccc2c1C(O)c1ccc2cc(O)ccc2c1,CHEMBL25821
DEC_0223,decoy,O=S(=O)(c1cccs1)N1Cc2ccccc2N(Cc2c[nH]cn2)C(CCc2ccccc2)C1,CHEMBL266958
DEC_2047,decoy,CCCCCCCN(CCCCCSC1=NC(=O)C(c2ccccc2)(c2ccccc2)N1)C(=O)NC(C)C,CHEMBL49001
DEC_3798,decoy,O=C(O)Cn1c(=O)n(Cc2ccc(Cl)c(Cl)c2)c(=S)c2cc(Cl)ccc21,CHEMBL286674
DEC_2313,decoy,O=C(CCS)N1CCCC1P(=O)(O)O,CHEMBL274333
DEC_3495,decoy,Cc1cc(C(=O)c2ccc(Cl)cc2)c(C)c(C(=O)Nc2ccc([N+](=O)[O-])cc2Cl)c1O,CHEMBL416950
DEC_3435,decoy,O=C(Nc1ccncn1)c1cc2c(OCC[C@@H]3CCCCN3)c(-c3cc(Cl)cc(Cl)c3)c(O)nc2cc1Cl,CHEMBL46177
DEC_0334,decoy,CC(C)(C)c1ccc(CCP(=O)(O)O)c(CC(N)C(=O)O)c1,CHEMBL23192
DEC_1689,decoy,C=C(Cl)CON1C[C@H](OCC23C[C@@H]4[C@H](C)CC[C@H]4C4(C=O)CC2C=C(C(C)C)[C@@]34C(=O)O)OC[C@H]1C,CHEMBL33631
DEC_4129,decoy,CCCCc1nc2ccc([C@H]3[C@@H]4C(=O)CCC[C@@H]4ON3C)cc2c(=O)n1Cc1ccc(-c2ccccc2-c2nn[nH]n2)cc1,CHEMBL301325
DEC_2771,decoy,Cc1cccc(Oc2nccc(-c3c(-c4ccc(F)cc4)ncn3C3CCNCC3)n2)c1C,CHEMBL14212
DEC_1785,decoy,CC(C)CCc1nc2c([nH]1)N1C[C@@H](C(C)C)N=C1N(C)C2=O,CHEMBL19157
DEC_2432,decoy,NS(=O)(=O)c1ccc(NSC(=S)N2CCOCC2)c(I)c1,CHEMBL407995
DEC_0604,decoy,Oc1ccc2c3c1O[C@H]1c4[nH]c5ccccc5c4C[C@@]4(O)C(C2)N(CC2CC2)CC[C@]314,CHEMBL149
DEC_1231,decoy,CCc1nc(C)c(C(=O)N(C)C)n1Cc1ccc2oc(-c3ccccc3NS(=O)(=O)C(F)(F)F)c(Br)c2c1,CHEMBL293447
ACT_086,active,COc1ccc2c(c1F)CCC2(Cc1ccc(C(F)(F)F)cc1)c1cn(C)c(N)n1,CHEMBL3707022
DEC_1560,decoy,CC1(C)C2CCC1(CS(=O)(=O)N1CCC3(CCc4ccccc43)CC1)C(NC(=O)C1CCCCN1)C2,CHEMBL283730
DEC_3963,decoy,CS(=O)(=O)c1ccc(C(=O)c2cc(CCNS(=O)(=O)c3ccc(Cl)cc3)cc(CCC(=O)O)c2)cc1,CHEMBL64971
DEC_2586,decoy,Cc1noc(NS(=O)(=O)c2cccc3c(N4CCCC4=O)cccc23)c1C,CHEMBL26079
DEC_1611,decoy,C[C@@H](Cc1ccccc1)NCCCCCc1ccccc1,CHEMBL20700
DEC_2523,decoy,Cc1ccc(-c2nnc([S+](C)[O-])n2C)cc1,CHEMBL279465
DEC_3437,decoy,Cc1ccc(NC(=O)Nc2nc3nc(NCCCN4CCN(C)CC4)ncc3cc2-c2c(Cl)cccc2Cl)cc1,CHEMBL293322
DEC_2249,decoy,O=C(Nc1ccc([C@@H]2CN3CCC[C@H]3c3ccccc32)cc1)Nc1ccc(C(F)(F)F)cc1,CHEMBL35216
DEC_1659,decoy,C[S+]([O-])CC(=O)c1cc(C(C)(C)C)c2c(c1)C(C)(C)CO2,CHEMBL13561
DEC_3736,decoy,O=C1c2ccccc2S(=O)(=O)N1CCCCN1CCC(c2ccc(Cl)cc2)C1,CHEMBL28946
DEC_1183,decoy,Cc1cc(C)n2nc(NS(=O)(=O)c3ccc(Cl)cc3)nc2n1,CHEMBL275508
DEC_0219,decoy,CCCc1nc2c(n1Cc1ccc(-n3cccc3-c3nn[nH]n3)cc1)/C(=C/C(=O)O)CCCC2,CHEMBL44295
DEC_3510,decoy,C/C(=N\OCCF)c1ccc(Sc2cc(F)cc(C3CCOCC3)c2)cc1,CHEMBL25097
DEC_4056,decoy,CCOC(=O)C1n2c3ccccc3c3c4c(c5c6ccccc6n(c5c32)CS1(=O)=O)C(=O)NC4=O,CHEMBL282298
DEC_3989,decoy,C[C@@H](O)CNC(C)(C)CC(=O)N[C@@H]1CCc2ccccc2N(CC2CCC(c3ccccc3-c3nn[nH]n3)CC2)C1=O,CHEMBL308740
DEC_0074,decoy,CC[C@@H](C)CNC(=O)[C@@H](CC(O)[C@H](CC(C)C)NC(=O)[C@@H](CC(=O)O)NC(=O)COc1ccccc1)C(C)C,CHEMBL28050
DEC_1527,decoy,CCC(=O)N[C@H]1CCc2cc(OC)c(OC)c(OC)c2-c2ccc(OC)c(=O)cc21,CHEMBL286754
DEC_4008,decoy,Oc1ccc2c3c1O[C@H]1[C@H](N=C=S)CCC4(O)C(C2)N(CC2CC2)CCC314,CHEMBL21068
DEC_1351,decoy,Cn1c(-c2ccccn2)c(CCC(=O)N2CCC(O)(Cc3ccccc3)CC2)c2cc(Cl)ccc21,CHEMBL440649
DEC_2189,decoy,Cc1noc(NS(=O)(=O)c2cccc3cc(N)ccc23)c1C,CHEMBL281511
DEC_3561,decoy,O=S(=O)(Nc1cccc(Oc2ccc3ccccc3n2)c1)C(F)(F)F,CHEMBL17586
DEC_3769,decoy,C=C(C)[C@H]1CC2=C(Cc3ccc4c(c3C2)O[C@@H]2COc3cc(OC)c(OC)cc3[C@H]2C4=O)O1,CHEMBL41404
DEC_2082,decoy,CN[C@@H](C)[C@H]1COC(c2ccccc2)(c2ccccc2)O1,CHEMBL282598
DEC_1458,decoy,CC(=O)[O-].Cc1c2cc[n+](C)cc2c(C)c2c1[nH]c1ccc(O)cc12,CHEMBL24078
DEC_0430,decoy,C[C@H](CC[C@H](O)C(C)(C)O)[C@H]1CC[C@@]2(C)[C@@H]3CCC4[C@@]5(CC[C@H](O)[C@@]4(C)C(=O)O)C[C@@]35CC[C@]12C,CHEMBL40159
DEC_2924,decoy,CO/C(O)=C1\C(C)=NC(C)=C(C(=O)NCCCN2CCC(c3ccccc3)(c3ccccc3)CC2)C1c1ccc2ccccc2c1,CHEMBL92322
DEC_4293,decoy,O=C1COC(/C=C/C2CC2)(C(F)(F)F)c2cc(Cl)ccc2N1,CHEMBL29171
DEC_1938,decoy,C1CCCCCC(NCCN(CCNC2CCCCCCCCCCC2)CCNC2CCCCCCCCCCC2)CCCCC1,CHEMBL280371
DEC_2592,decoy,O=C(O)CCCCC(=O)N1CCC2(CC1)CCN(c1ccncc1)CC2,CHEMBL26354
DEC_0392,decoy,O=C(O)c1cc2c(s1)CCC(Cn1ccnc1)C2,CHEMBL25711
DEC_2878,decoy,O=C1CN2CCc3cncn3Cc3ccc(CCCCC(F)(F)F)c(c3)Oc3ccc4cccc(c4c3)N1CC2,CHEMBL23650
DEC_1086,decoy,NC(=O)[C@H]1CCCN1C(=O)[C@H](Cc1c[nH]cn1)NC(=O)C1CSC(=O)N1,CHEMBL417122
DEC_0947,decoy,CC[C@H]1Nc2cc3nc(O)cc(C(F)(F)F)c3cc2CC1(CC)CC,CHEMBL267471
DEC_0463,decoy,CCCc1cc2nc(O)nc-2c(O)n1Cc1ccc(-c2ccccc2-c2nn[nH]n2)cc1,CHEMBL27920
DEC_0766,decoy,COC[C@H]1OC(=O)c2coc3c2[C@@]1(C)C1=C(C3=O)[C@@H]2CCC(=O)[C@@]2(C)CC1,CHEMBL13513
DEC_1135,decoy,O=C(Nc1ccc(Cl)c(Cl)c1)[C@H]1[C@H](c2ccccc2)O[C@@]23[C@@H](O)c4ccccc4[C@@H]2OC(=O)[C@@H]13,CHEMBL281860
DEC_4291,decoy,O=C(NCCCn1ccnc1)c1sc2cc(F)ccc2c1Cl,CHEMBL8869
ACT_032,active,N/C(=N/C(=O)Cn1c(-c2ccccc2)ccc1C12CC3CC(CC(C3)C1)C2)NCCc1ccsc1,CHEMBL404020
DEC_0125,decoy,Cc1nc(O)c(Cl)c2cc3c(cc12)OCO3,CHEMBL29522
DEC_2355,decoy,CC(C)NC(=O)N(C(=O)[C@H]1CCC2C3CCC4NC(=O)C=C[C@]4(C)C3CC[C@@]21C)C(C)C,CHEMBL284645
DEC_1519,decoy,CC(C)Cc1ccc(CCn2ncc3c2nc(N)n2nc(-c4ccco4)nc32)cc1,CHEMBL17013
DEC_3652,decoy,CC(C)[C@@H](C(=O)N[C@H]1Cc2ccccc2[C@H]1O)[C@@H](O)[C@H](O)[C@H](CC1CCCCC1)NC(=O)c1ccccc1OCSc1ccccc1,CHEMBL302516
DEC_3790,decoy,O=S1(=O)c2cccc3cccc(c23)N1CCN1CCC(Cc2c[nH]c3cccc(F)c23)CC1,CHEMBL275354
DEC_1164,decoy,Cc1ccc(NS(=O)(=O)c2cccc3c(N(C)C)cccc23)nn1,CHEMBL268387
DEC_2059,decoy,CC(C)(C)C1CCC(NC(=O)N(CCCl)N=O)CC1,CHEMBL12827
DEC_1894,decoy,Clc1ccc(C2COC(Cn3ccnc3)(c3ccc(Br)cc3)O2)c(Cl)c1,CHEMBL30225
DEC_2330,decoy,NS(=O)(=O)c1ccc(/N=C\c2ncc[nH]2)cc1,CHEMBL24121
DEC_1061,decoy,C[C@@H]1CN(C(=O)N2Cc3c(C(=O)OC(C)(C)C)ncn3-c3cccc(Cl)c32)C[C@H](C)N1C,CHEMBL279117
DEC_0355,decoy,CN1C[C@H](CC#N)C=C2c3cccc4c3[C@@H](CN4)C[C@H]21,CHEMBL285723
DEC_3832,decoy,Cc1noc(NS(=O)(=O)c2cccc3c(NC(=O)C(C)C)cccc23)c1C,CHEMBL26252
DEC_3110,decoy,C[C@@H]1CN(C(=O)N2Cc3c(C(=O)OC(C)(C)C)ncn3-c3ccc(C(F)(F)F)cc32)C[C@@H](C)N1,CHEMBL275615
DEC_0367,decoy,O=C(O)c1cc2c(s1)CC(Cn1ccnc1)CC2,CHEMBL23509
DEC_1999,decoy,O=C(O)CN1CC(=O)N2[C@H](CC34CC5CC(CC(C5)C3)C4)C(=O)N(Cc3ccccc3)c3ccccc3C(=O)C[C@H]2C1=O,CHEMBL332489
DEC_0783,decoy,Cc1ccc(-c2cc(C(F)F)nn2-c2ccc(S(N)(=O)=O)cc2)o1,CHEMBL29847
DEC_1019,decoy,Cn1cncc1[C@@](N)(c1ccc(Cl)cc1)c1ccc2c(c1)c(-c1cccc(Cl)c1)cc(=O)n2C,CHEMBL289228
DEC_1597,decoy,C[C@@H](Cc1ccccc1)NCCCCc1ccccc1,CHEMBL20976
DEC_3178,decoy,CO[C@H]1[C@H]2O[C@H]2[C@@H](OCC23C[C@@H]4[C@H](C)CC[C@H]4C4(C=O)CC2C=C(C(C)C)C34C(=O)O)O[C@@H]1C,CHEMBL286043
DEC_2952,decoy,CCCc1c(OCc2ccc(/C=C3\SC(=S)NC3=O)cc2)ccc(C(=O)c2cncc(C(=O)O)c2)c1O,CHEMBL69180
DEC_3647,decoy,CCCCc1nc2ccc(CN)cc2c(=O)n1Cc1ccc(-c2ccccc2-c2nn[nH]n2)cc1,CHEMBL14507
DEC_1637,decoy,COOC1(OOC(C)(C)OC)CCCCCCCCCCC1,CHEMBL27680
DEC_2612,decoy,CN1C(=O)N(CC(COc2ccc(-c3ccc(C#N)cc3)cc2)N(O)C=O)C(=O)C1(C)C,CHEMBL288067
DEC_1715,decoy,CCOC(=O)CCCC(=O)O[C@]1(C(=O)CCl)[C@@H](C)CC2C3CCC4=CC(=O)C=CC4(C)[C@@]3(F)[C@@H](O)CC21C,CHEMBL81387
DEC_1015,decoy,O=C1N[C@@H](C(c2ccccc2)c2ccccc2)C(=O)N2CCC[C@@H]2C(=O)NCc2ccccc2-c2ccccc21,CHEMBL293404
DEC_0235,decoy,Cc1cc(C)cc(-c2[nH]c3ccccc3c2CCNCCCCc2ccc(N)cc2)c1,CHEMBL10929
DEC_0104,decoy,CC(C)C1CC/C(=C/Br)OC1=O,CHEMBL417130
DEC_2431,decoy,CCCc1c(O)n(Cc2ccc(Cl)cc2)c2nc3c(c(=O)n(C)c(=O)n3C)n2c1=O,CHEMBL273405
DEC_2630,decoy,CCCN(CCCCN1C(=O)CC2(CCCC2)CC1=O)C1COc2cccc(O)c2C1,CHEMBL27763
DEC_0538,decoy,CC(=O)S[C@@H]1CC2=CC(=O)CCC2(C)C2CCC3(C)C(C21)[C@@H]1C[C@@H]1[C@@]31CCC(=O)O1,CHEMBL286401
DEC_0116,decoy,C[C@@H]1C=C2c3cccc4c3[C@H](C[C@H]2N(C)C1)CN4C,CHEMBL38058
DEC_3813,decoy,CN1C[C@H](CN2CC(=O)NC2=O)C[C@@H]2c3ccc(C(C)(C)C)c4[nH]cc(c34)C[C@H]21,CHEMBL13464
DEC_2343,decoy,CC1(C)C(=O)Nc2cc3[nH]c(S)nc3cc21,CHEMBL291138
DEC_2225,decoy,COc1ccc(NC(=O)Nc2ccc([C@@H]3CN4CCC[C@H]4c4ccccc43)cc2)cc1,CHEMBL32720
DEC_3232,decoy,CC(C)Oc1ccccc1C/N=C(\S)c1ccc2cnccc2n1,CHEMBL9547
DEC_1177,decoy,CCOP(=O)(OCC)C(N)C1CCCC1.O=C(O)C(=O)O,CHEMBL38487
DEC_1416,decoy,COc1cc([C@@H]2c3cc4c(cc3[C@@H](O)[C@H]3COC(=O)[C@]23F)OCO4)cc(OC)c1O,CHEMBL34215
DEC_0545,decoy,CCc1nc2c(C)cc(C)nc2n1Cc1ccc(-c2cscc2-c2nn[nH]n2)cc1,CHEMBL274626
DEC_1297,decoy,CCN(CC)CCn1nc2c3c(c(CNS(C)(=O)=O)ccc31)Sc1ccc(O)cc1-2,CHEMBL30104
DEC_2731,decoy,O=C(O)CC[C@H](NC(=O)c1cc(F)c(N(CCI)CCI)c(F)c1F)C(=O)O,CHEMBL191571
DEC_1620,decoy,CCOC(=O)/C=C(C)/C=C/CC(C)CCCC(C)C,CHEMBL37754
DEC_1441,decoy,CC(C)(C)c1cc(-c2nsc(N=C(N)N)n2)cc(C(C)(C)C)c1O,CHEMBL17104
DEC_0782,decoy,CN(C)CC1CCN(c2cc3c(cc2F)c(=O)c(C(=O)O)cn3C2CC2)C1,CHEMBL15324
DEC_4050,decoy,CN1C(=O)C=C[C@]2(C)C3CC[C@@]4(C)C(CC[C@@]4(O)C#CCCCBr)C3CCC12,CHEMBL275764
DEC_2820,decoy,CC(C)OC(=O)c1cc(NC(=O)c2cccs2)ccc1OCC(O)CNC(C)(C)C,CHEMBL8212
DEC_0026,decoy,COC(=O)CCC(O[C@H]1O[C@@H]2OC3(C)CC[C@H]4[C@H](C)CCC([C@H]1C)C24OO3)c1ccc(Cl)cc1,CHEMBL31473
DEC_2739,decoy,CCOC(=O)c1c(SCC2CCCCC2)nc(C(C)NC(=O)[C@H](Cc2ccc(OP(=O)(O)O)cc2)NC(C)=O)n1C,CHEMBL23311
DEC_4157,decoy,CCN(CC)C(=O)c1c2nc3c(C(=O)N(CC)CC)cc(OCC4CO4)c(C)c3oc-2c(C)c(=O)c1N,CHEMBL281835
DEC_3129,decoy,O=C1Nc2cc(C(F)(F)F)ccc2C1(O)c1cc(I)ccc1O,CHEMBL36172
DEC_4121,decoy,CC1=NC(C)=C(C(=O)OCCN2C(=O)c3ccccc3S2(=O)=O)C(c2ccccc2C(F)(F)F)/C1=C(\O)OC(C)C,CHEMBL81272
DEC_2593,decoy,CC(C)N1CCN(c2cc3c(cc2F)c(=O)c(C(=O)O)cn3C2CC2)CC1,CHEMBL15362
DEC_2220,decoy,CCNC(=O)c1nc(-c2cc(Cl)cc(Cl)c2)c(-c2cc(Cl)cc(Cl)c2)[nH]1,CHEMBL7598
DEC_3003,decoy,CC(C)=CCN(C1=NCCN1)c1c(Br)cccc1Br,CHEMBL21171
DEC_3224,decoy,CC1(C)CC(=O)c2c(SCCO)sc(-c3ccccn3)c2C1,CHEMBL17547
ACT_026,active,Cc1cc2c(c(C)c1CCO[C@@H]1O[C@H](CO)[C@@H](O)[C@H](O)[C@H]1O)C(=O)[C@H](C)[C@H]2O,CHEMBL5278532
DEC_1338,decoy,CCCN(CCC)CCC1CCCCN1CC(=O)N1c2ccccc2NC(=O)c2ccccc21,CHEMBL296938
DEC_1292,decoy,Cc1noc(NS(=O)(=O)c2ccccc2-c2ccc(-c3ncco3)cc2CC(=O)N(C)C)c1C,CHEMBL281668
DEC_2935,decoy,Cc1c(C)c2c(c(C)c1O)CCC(C)(COc1ccc(NCC(O)COc3cccc4[nH]c5ccccc5c34)cc1)O2,CHEMBL65205
DEC_4062,decoy,Cc1nnc2n1-c1sc(/C=C\C(=O)N3CCOCC3)cc1C(c1ccccc1Cl)=NC2,CHEMBL286557
DEC_0639,decoy,CCN1C(=O)c2c(nc(C#Cc3ccccc3)n2Cc2ccc(O)cc2)N2C1=N[C@@H]1CCC[C@@H]12,CHEMBL26396
DEC_3028,decoy,CCn1cc(C(=O)O)c(=O)c2c(N3CCCC3)c(F)c(N3CCCC3)c(F)c21,CHEMBL282454
DEC_0996,decoy,CC(C)(C)OC(=O)c1ncn2c1CN(C(=O)N1CCCC1)c1cc(Cl)ccc1-2.CCCC(=O)O,CHEMBL14805
DEC_2595,decoy,CCN1C(=O)c2c(ncn2Cc2ccc(OC)cc2)N2C1=N[C@@H]1CCC[C@@H]12,CHEMBL24552
DEC_2395,decoy,O=C(O)CC[C@@H](NC(=O)c1cc(Cl)cc(Cl)c1)C(=O)N1CCC2(CCCC2)CC1,CHEMBL283820
DEC_0008,decoy,O=C1NC(=O)C(CC#Cc2ccc(Br)cc2)(S(=O)(=O)c2ccc(Cl)cc2)S1,CHEMBL276441
DEC_2181,decoy,CC1C(N)CN1c1cc2c(cc1F)c(=O)c(C(=O)O)cn2C1CC1,CHEMBL19927
DEC_3624,decoy,CC(=N)N1CCC(Oc2ccc(NCc3cccc(-c4cccc(C(=N)N)c4)c3)cc2[N+](=O)[O-])CC1,CHEMBL25461
DEC_2414,decoy,Nc1nc2c(cnn2CCc2ccc(S(N)(=O)=O)cc2)c2nc(-c3ccco3)nn12,CHEMBL23745
DEC_2447,decoy,CCCCc1c(O)n(Cc2ccc(F)cc2)c2nc3c(c(=O)n(C)c(=O)n3C)n2c1=O,CHEMBL269700
DEC_2198,decoy,CNc1cc(S(=O)(=O)c2ccc(N)cc2)cc(Br)n1,CHEMBL23575
DEC_1658,decoy,CC(C)Sc1sc(-c2cc[nH]n2)c2c1C(=O)CC(C)(C)C2,CHEMBL275645
DEC_0827,decoy,CC(C)[C@@H]1CCc2cc3c(C(F)(F)F)cc(O)nc3cc2N1,CHEMBL267850
DEC_4022,decoy,O=C(O)CN1CCC(C(=O)N2CCC3(CC2)CCN(c2ccncc2)C3)CC1,CHEMBL274835
DEC_3933,decoy,CCn1cc(C2=NCC3(CN4CCC3CC4)O2)c2ccccc21,CHEMBL429401
DEC_3280,decoy,COc1cc2c(cc1-c1ccc(F)cc1)C[C@@H](C(=O)O)N(C(=O)C(N)Cc1c(C)cc(O)cc1C)C2,CHEMBL47564
DEC_1406,decoy,CSc1nc2nc(NS(=O)(=O)c3ccc(Cl)cc3)nn2c(N)c1C#N,CHEMBL273513
DEC_2696,decoy,CCC1=C(c2ccc(O)cc2)c2ccc(OCC(O)CO)cc2Oc2ccccc21,CHEMBL276306
DEC_1335,decoy,C[C@@]1(CCCCc2ccccc2)CC2C3Cc4ccc(O)c5c4C2(CCN3CC2CC2)C(O5)C1=O,CHEMBL268865
DEC_4026,decoy,C=C1/C=C(\C)[C@H](CC)OC(=O)[C@H](C)C(=O)[C@@](O)(CO)C/C(OC)=C/[C@@H](C)C1,CHEMBL32773
DEC_3594,decoy,CCCc1cc2c(cc1O)C(C)(C)C(CCSCCC(=O)O)O2,CHEMBL25172
DEC_1876,decoy,CO[C@H]1[C@@H]2S[C@@H]2[C@H](OCC23C[C@@H]4[C@H](C)CC[C@H]4C4(C=O)CC2C=C(C(C)C)C34C(=O)O)O[C@@H]1C,CHEMBL29909
DEC_2590,decoy,CCc1noc(NS(=O)(=O)c2cccc3c(N(C)C)cccc23)c1C,CHEMBL27344
DEC_3986,decoy,CCOc1ccc2c(c1)[C@H](c1ccc(OC)cc1OCc1nn[nH]n1)N(CC(=O)O)[C@@H]2c1ccc2c(c1)OCO2,CHEMBL299095
DEC_4201,decoy,CN(C)[C@@H]1C(=O)C(C(N)=O)=C(O)[C@@]2(O)C(O)C3C(=O)c4c(O)cccc4[C@H](CSCCC(=O)O)C3CC12,CHEMBL283611
DEC_1979,decoy,O=C(Cn1cc(C(F)(F)F)ccc1=O)NCc1nc2ccc(C(=O)N3CCC(N4C(=O)OCc5ccccc54)CC3)cc2s1,CHEMBL281081
DEC_2268,decoy,CN(C)c1cccc2c(S(=O)(=O)Nc3ncc(Br)nc3C#N)cccc12,CHEMBL6296
DEC_0325,decoy,CCCCC(O)(Cn1cncn1)C(C)(O)c1ccc(Cl)cc1,CHEMBL10743
DEC_3667,decoy,CCCCc1nc(SC)c(C(C)(O)C(=O)O)n1Cc1ccc(-c2ccccc2S(=O)(=O)NC(=O)NCC2CCCCC2)cc1,CHEMBL81236
DEC_1180,decoy,Cc1c(F)c(N2C[C@H](N)[C@H]2C)nc2c1c(=O)c(C(=O)O)cn2C1CC1,CHEMBL278825
DEC_3536,decoy,C[C@@H]1CC/C(=N\OC(c2ccccc2)c2ccccc2)[C@H]1C/C=C\CCCC(=O)O,CHEMBL20263
DEC_2993,decoy,C[S+]([O-])c1ccc(-c2nc3n(c2-c2ccc([S+](C)[O-])cc2)CCS3)cc1,CHEMBL17490
DEC_4297,decoy,CC(=O)Nc1nc(-c2cc(C(C)(C)C)c(O)c(C(C)(C)C)c2)ns1,CHEMBL279753
DEC_1633,decoy,CCCCCCCCNc1ccc(C(=O)OCC)cc1,CHEMBL27744
DEC_2626,decoy,O=C1CC2(CCCC2)CC(=O)N1CCCCNCC1COc2c(ccc3ccccc23)O1,CHEMBL11787
DEC_3995,decoy,O=C(NCCc1c[nH]c2ccccc12)c1nccnc1C(=O)N(CCCN1CCOCC1)CCc1c[nH]c2ccccc12,CHEMBL431838
DEC_3095,decoy,COC(=O)[C@@]1(O)C[C@H]2O[C@]1(C)n1c3ccccc3c3c4c(c5c6ccccc6n2c5c31)C(=O)NC4,CHEMBL281948
DEC_2822,decoy,CCOC(=O)Nc1cc2c(c(N)n1)N=C(CN(C)c1ccc(C(=O)OC)cc1)CN2,CHEMBL9597
DEC_3213,decoy,CCCCN1CCC[C@H]1CNC(=O)c1cc(Cl)cc2c1OCC2,CHEMBL22772
DEC_3210,decoy,[N-]=[N+]=NC1CCC(N=[N+]=[N-])c2cc(C(=O)CC(=O)C(=O)O)ccc21,CHEMBL278545
DEC_3871,decoy,CCc1nc(C(C)C)c(C(=O)NC)n1Cc1ccc2oc(-c3ccccc3NS(=O)(=O)C(F)(F)F)c(Br)c2c1,CHEMBL62820
DEC_2201,decoy,CC(NCCc1ccccc1)C1CCC2C3CC=C4CC(O)CCC4(C)C3CCC12C,CHEMBL8559
DEC_2303,decoy,C/N=C(\S)N/N=C(C)/C=N/N=C(\S)N(C)C,CHEMBL30042
DEC_0146,decoy,Cc1ccc(C(=O)c2ccc(C(Cc3cc[n+]([O-])cc3)c3ccc(OC(F)F)c(OC(F)F)c3)cc2)nc1,CHEMBL36242
DEC_4300,decoy,CCCC(CCC)c1nc2c([nH]1)N1C(=N[C@@H]3CCC[C@@H]31)N(C)C2=O,CHEMBL280307
DEC_2795,decoy,O=C(Nc1ncco1)c1c(C(Cl)Cl)nc2c(C(F)(F)F)cccc2c1O,CHEMBL36297
DEC_1427,decoy,CCOC(=O)c1cnc2nc(NS(=O)(=O)c3ccc(Cl)cc3)nn2c1O,CHEMBL11898
DEC_0296,decoy,Cc1ccc(C(O)C(O)(Cn2cncn2)c2ccc(C)cc2)cc1,CHEMBL273720
DEC_1669,decoy,Nc1cccc2c1CC(N1CCC(c3ccccc3)CC1)C(O)C2,CHEMBL277630
DEC_3155,decoy,CCCC/C(=C\Cn1oc(=O)n(CC(=O)O)c1=O)c1cccc(Oc2cc(Cl)cc(Cl)c2)c1,CHEMBL267143
DEC_0250,decoy,COc1cc(NC(C)CCCN)c2ncccc2c1Oc1ccc(Cl)cc1Cl,CHEMBL12544
DEC_3219,decoy,CCCC(O)C(O)(Cn1cncn1)c1ccc(Cl)cc1Cl,CHEMBL273501
DEC_0175,decoy,CN(C)C(=O)CCSC(SCCC(=O)O)c1cccc(/C=C/c2ccc3ccc(Cl)cc3n2)c1,CHEMBL15177
DEC_1843,decoy,Brc1ccc(C2COC(Cn3ccnc3)(c3ccc(Br)cc3)O2)cc1,CHEMBL29376
DEC_3694,decoy,COC(=O)C1=C(C)N=C(C)/C(=C(/O)OC)C1c1cccc(NC(=O)NCCNC2CCN(c3ccccc3OC(F)(F)F)CC2)c1,CHEMBL187902
DEC_1434,decoy,COc1cc2nc(N3CCN(c4nccc(N(C)C)n4)CC3)cc(N)c2cc1OC,CHEMBL8585
DEC_4004,decoy,Cc1cn(C2CC(N=[N+]=[N-])C(COP(=O)(O)C(F)(F)F)O2)c(=O)[nH]c1=O,CHEMBL287872
DEC_2625,decoy,O=C1CC2(CCCC2)CC(=O)N1CCCCNCC1COc2ccc3ccccc3c2O1,CHEMBL12311
DEC_3352,decoy,COc1c(Cl)c(OCC(F)(F)F)nc(C(Cl)(Cl)Cl)c1Cl,CHEMBL11565
DEC_1649,decoy,C=C(c1ccccc1OCc1ccsc1Cl)n1ccnc1,CHEMBL26190
DEC_1181,decoy,CC(/N=c1\c(O)c(O)\c1=N/c1ccc(S(N)(=O)=O)cc1)C(C)(C)C,CHEMBL19012
DEC_0290,decoy,CN1C2CCC1CN(c1nc3c(cc1F)c(=O)c(C(=O)O)cn3C(C)(C)C)C2.CS(=O)(=O)O,CHEMBL26024
DEC_3685,decoy,CCCCO/C(O)=C1\C(C)=NC(C)=C(C(=O)OC)C1c1cccc(NC(=O)NCCCN2CCN(c3ccccc3OC)CC2)c1,CHEMBL339255
DEC_1534,decoy,CCOC(=O)c1c(C)cc2cnn(-c3ccc(S(C)(=O)=O)cc3)c(=O)c2c1C,CHEMBL24668
DEC_1758,decoy,Cc1ccc(C)n1Nc1ccc(N2C(C)COCC2C)nn1,CHEMBL273400
DEC_1289,decoy,CCCc1cc(S(C)(=O)=O)cc(=O)n1Cc1ccc(-c2ccccc2-c2nn[nH]n2)cc1,CHEMBL279985
DEC_1595,decoy,COC(C)(C)CCCC(C)C/C=C/C(C)=C/C(N)=O,CHEMBL37366
DEC_0836,decoy,CC(C)(C)c1cc(/C=C2\NC(=S)NC2=O)cc(C(C)(C)C)c1O,CHEMBL15945
DEC_1750,decoy,O[C@H]1CCC2CN3CCc4cc5c(cc4[C@@H]3C[C@@H]2C1)OCO5,CHEMBL28531
DEC_1662,decoy,C[C@@H](Sc1nc(N)cc(Cl)n1)c1cc2ccoc2cn1,CHEMBL26752
DEC_0781,decoy,COC[C@H]1OC(=O)c2coc3c2[C@@]1(C)C1=CC[C@]2(C)C(=O)CC[C@H]2C1C3=O,CHEMBL268976
DEC_2159,decoy,CCn1cc(C(=O)O)c(=O)c2c(C)c(F)c(N3CCC(N)C3)c(F)c21,CHEMBL275898
DEC_2567,decoy,CCCCN1CCC[C@@H]1CNC(=O)c1cc(SC)cc2c1OCCN2C,CHEMBL21318
DEC_3069,decoy,Oc1ccc(/C(=C(/c2ccc(O)cc2)C(F)(F)F)C(F)(F)F)cc1,CHEMBL6790
DEC_4123,decoy,CCCCc1ccc(S(=O)(=O)CC2=NC(C)=C(C#N)C(c3ccccc3C(F)(F)F)/C2=C(\O)OCC)c(C)c1,CHEMBL307436
DEC_3999,decoy,O=C(N[C@H]1CCc2cc(O)c(O)c(O)c2-c2ccc(=O)c(O)cc21)c1cc(O)c(O)c(O)c1,CHEMBL276677
DEC_1663,decoy,C[C@H](Sc1nc(N)cc(Cl)n1)c1cc2ccoc2cn1,CHEMBL280541
DEC_2380,decoy,O=C(C[C@@H](Cc1ccc(-c2ccccc2Cl)cc1)C(=O)N[C@H]1c2ccccc2C[C@H]1O)NO,CHEMBL268882
DEC_1971,decoy,COc1ccc(C[C@H]2NC(=O)/C=C/C[C@@H](CC#Cc3ccccc3)OC(=O)[C@H](CC(C)C)OC(=O)[C@@H](C)CNC2=O)cc1,CHEMBL13720
DEC_3414,decoy,O=[N+]([O-])c1ccc(Oc2c(Cl)cc(S(=O)(=O)N/C(=N\O)Nc3ccc(Cl)cc3)cc2Cl)c(Cl)c1,CHEMBL73329
DEC_1108,decoy,CC1CC2C3CCC4=CC(=O)C=CC4(C)[C@@]3(Cl)C(Cl)CC2(C)[C@@]1(OC(=O)c1ccoc1)C(=O)CCl,CHEMBL10472
DEC_2074,decoy,Cc1ccc([C@@H](O)[C@@H]2CCCc3cc(C)cnc32)cc1,CHEMBL288146
DEC_2347,decoy,Oc1ccc2c(c1O)OCC[C@@H]2C1=NCCN1,CHEMBL286335
DEC_4204,decoy,CCN(CC)c1nc(NCCNC(=O)c2cc(O)c(O)c(O)c2)c2ccccc2n1.CS(=O)(=O)O,CHEMBL14317
DEC_3472,decoy,CC(=O)OC1=C(Sc2ccccc2)C[C@H]2Cc3cc4cccc(O)c4c(O)c3C(=O)[C@H]2C1,CHEMBL30248
DEC_2147,decoy,CCCCN(CCCC)C(=O)CN1CC(c2ccc3c(c2)OCO3)C(C(=O)O)C1c1ccc(OC)cc1,CHEMBL8923
DEC_3348,decoy,CC(=O)OC1C(=O)N(c2cccc3cc4c(cc23)Cc2cc3ccccc3cc2-4)[C@H]1c1ccccc1,CHEMBL36431
DEC_2494,decoy,CNC(=O)c1ccc(/C=C/C(=O)NCC(=O)N(C)c2ccc(Cl)c(COc3cccc4c3nc(OC)n4C)c2Cl)cc1,CHEMBL44557
DEC_2458,decoy,CO[C@H]1CN(CC=C(Cl)Cl)C[C@H](OCC23C[C@@H]4[C@H](C)CC[C@H]4C4(C=O)CC2C=C(C(C)C)C34C(=O)O)O[C@@H]1C,CHEMBL295276
DEC_1027,decoy,CN(C)c1ccc(C#C[C@]2(O)CCC3C4CCC5=CC(=O)CCC5=C4[C@@H](c4ccc(N(C)C)cc4)C[C@@]32C)cc1,CHEMBL72866
DEC_0417,decoy,C[C@@H](NC(=O)c1ccc(-c2cc(C(F)(F)F)nn2C)s1)[C@](O)(Cn1cncn1)c1ccc(F)cc1F,CHEMBL266006
DEC_0170,decoy,CC(CCC(SCCC(=O)O)c1cccc(/C=C/c2ccc3ccc(Cl)cc3n2)c1)CC(=O)N(C)C,CHEMBL15500
DEC_0508,decoy,N#Cc1nn(-c2ccc(S(N)(=O)=O)cc2)c(-c2ccc(Cl)cc2)c1Cl,CHEMBL29840
DEC_2392,decoy,NC(=O)c1ccc(Oc2nccc(-c3c(-c4ccc(F)cc4)ncn3C3CCNCC3)n2)cc1,CHEMBL275724
DEC_3827,decoy,C=C1/C=C(\C)[C@H](CC)OC(=O)[C@H](C)C(=O)[C@@](O)(CO)C/C(Cl)=C/[C@@H](C)C1,CHEMBL286184
DEC_3700,decoy,Clc1ccc(C2(Cn3ccnc3)OCC(c3ccc(Br)cc3)O2)cc1,CHEMBL29352
DEC_0202,decoy,COP(=O)(Oc1ccccc1-c1ccccc1O)C1CCCN1C(=O)[C@@H]1CCCN1.Cl,CHEMBL9237
DEC_3270,decoy,O=C(N[C@@H]1[C@@H](O)[C@H](n2cnc3c(NC4CCCC4)ncnc32)O[C@@H]1CO)c1ccc(F)c(Cl)c1,CHEMBL293371
DEC_1909,decoy,CCC(=O)C1C(c2ccc3cc(I)ccc3c2)CC2CCC1N2C,CHEMBL287945
DEC_3702,decoy,Clc1ccc(C2COC(Cn3ccnc3)(c3ccc(Cl)cc3Cl)O2)cc1,CHEMBL280806
DEC_2711,decoy,CCOC(=O)/C=C/[C@H](CCC(N)=O)NC(=O)[C@H](Cc1ccc(C)cc1)NC(=O)[C@@H](NC(=O)SC1CCCC1)C(C)(C)C,CHEMBL95145
DEC_4052,decoy,O=S(=O)(c1ccc(OC(F)(F)F)cc1)C(Cl)(Cl)S(=O)(=O)C(F)(F)F,CHEMBL274791
DEC_1546,decoy,OC[C@@]1(CCc2ccccc2)CC2C3Cc4ccc(O)c5c4C2(CCN3CC2CCC2)C(O5)[C@@H]1O,CHEMBL9877
DEC_4187,decoy,COC(OC)[C@@]1(C)Oc2ccc(N)cc2[C@H](N(Cc2ncc[nH]2)c2ccc(OC(F)(F)F)cc2)[C@H]1O,CHEMBL47196
DEC_0150,decoy,O=C(NCCCCC1CCCCC1)c1coc(C2C3CCC(O3)C2Cc2ccccc2CCCO)n1,CHEMBL282601
DEC_3863,decoy,CC(C)C[C@@H]1OC(=O)C(C)(C)CNC(=O)[C@@H](COCc2ccccc2)NC(=O)/C=C/C[C@@H]([C@H](C)/C=C/c2ccccc2)OC1=O,CHEMBL86812
DEC_2536,decoy,CC(/C=C/C(O)=C1\C(=O)CN(C)C1=O)=C\C(C)C,CHEMBL274790
DEC_4250,decoy,CC(C)N(CCNc1ccc2ncn3c4ccc(O)cc4c(=O)c1c23)C(C)C,CHEMBL7933
DEC_3539,decoy,CSc1ccc(Cn2c(CC(C)(C)CC(=O)O)nc3cc(Cl)ccc32)cc1,CHEMBL18000
DEC_3715,decoy,Clc1ccc(CC2COC(Cn3ccnc3)(c3ccc(Cl)cc3Cl)O2)cc1,CHEMBL29131
DEC_3814,decoy,Nc1nc(N)c2c(CNc3cc(Cl)c(Cl)c(Cl)c3)coc2n1,CHEMBL17235
DEC_0078,decoy,C1CCC2(CC1)OOC1(CCCCC1)OO2,CHEMBL22590
DEC_4188,decoy,COC(OC)[C@]1(C)Oc2ccc(N)cc2[C@@H](N(Cc2ncc[nH]2)c2ccc(OC(F)(F)F)cc2)[C@@H]1O,CHEMBL43005
DEC_3438,decoy,CN1CCN(CCCCNc2ncc3cc(-c4c(Cl)cccc4Cl)c(NC(=O)NC(C)(C)C)nc3n2)CC1,CHEMBL431942
DEC_1964,decoy,O=C(Cn1cc(C(F)(F)F)ccc1=O)NCc1cc2cc(C(=O)N3CCC(N4C(=O)OCc5cccc(F)c54)CC3)ccc2o1,CHEMBL30910
DEC_1752,decoy,CCOC(=O)NP(=O)(N1CC1(C)C)N1CC1(C)C,CHEMBL280685
DEC_0347,decoy,CCN(C)CC#CCCC1SCCCS1,CHEMBL290505
DEC_2332,decoy,Nc1cc(Cl)c(N=C2NCCN2)c(Cl)c1,CHEMBL647
DEC_2003,decoy,C=C/C=C\[C@H](C)[C@H](OC(N)=O)[C@@H](C)[C@H](O)[C@@H](C)C/C(C)=C\[C@H](C)[C@@H](O)[C@@H](C)/C=C\CCc1cc(F)cc(F)c1,CHEMBL78186
DEC_1383,decoy,C[C@]12C=CC(=O)NC1CCC1C2CC[C@@]2(C)C1CC[C@@H]2C(=O)Nc1cccc2ccccc12,CHEMBL285599
DEC_1737,decoy,O=S(=O)(CI)OCCCl,CHEMBL17267
DEC_3447,decoy,COc1cc([C@@H]2c3cc4nc5ccccc5nc4cc3[C@@H](Nc3ccc([N+](=O)[O-])cc3)[C@H]3COC(=O)[C@H]23)cc(OC)c1O,CHEMBL30990
DEC_4311,decoy,COc1ccc2c(c1OC)CN1CCc3cc4c(cc3C1C2)OCO4,CHEMBL275097
DEC_4081,decoy,COc1ccccc1N1C(=O)[C@@H]2C(c3ccccc3C)OC3(C(=O)c4ccccc4C3=O)[C@@H]2C1=O,CHEMBL26600
DEC_3075,decoy,Cc1ccc(Oc2cc(C)c(Cl)c(C)c2Cl)c(CC(=O)O)c1,CHEMBL281684
DEC_1625,decoy,CCCCCCN(C)/N=N/c1ccc(C(=O)O)cc1,CHEMBL9593
DEC_0420,decoy,O=C(O)CCC/C=C/c1c(Cc2cccnc2)ccc2c1CCC(NS(=O)(=O)c1ccc(Cl)cc1)C2,CHEMBL28776
DEC_0115,decoy,CN[C@@H]1CC[C@@H](c2ccccc2)c2ccccc21,CHEMBL38120
DEC_0987,decoy,N=c1sc(-c2ncc(C(F)(F)F)cc2Cl)nn1-c1c(Cl)cc(C(F)(F)F)cc1Cl,CHEMBL50285
DEC_0614,decoy,CO[C@]12C=CC3(CC14CCC(C)(C)[C@H]4O)C1Cc4ccc(O)c5c4C3(CCN1C)[C@@H]2O5,CHEMBL31605
DEC_4306,decoy,Cc1noc(NS(=O)(=O)c2cccc3ccc(N(C)C)cc23)c1C,CHEMBL287451
DEC_1227,decoy,CN(C)CC(=O)O/N=C(\c1ccn2c1CS[C@@H]2c1cccnc1)c1cn(C(=O)N(C)C)c2cc(-c3ccc(F)cc3)ccc12,CHEMBL318850
DEC_2312,decoy,O=C(O)[C@@H]1C[C@H](/C=C/CP(=O)(O)O)CCN1,CHEMBL431311
DEC_0875,decoy,COc1ccc2c3c1OC1[C@H](O)[C@](CO)(CCCCc4ccccc4)CC4C(C2)N(CC2CC2)CCC341,CHEMBL427651
DEC_1368,decoy,CC1(C)CC[C@]2(C(=O)O)CC[C@]3(C)C(CC4OC45[C@@]4(C)C=CC(=O)C(C)(C)[C@@H]4CC[C@]53C)C2C1,CHEMBL42286
ACT_061,active,C=C(C)[C@H](CC=C(C)C)Cc1c(O)cc(O)c2c1O[C@H](c1ccc(O)cc1O)CC2=O,CHEMBL243148
DEC_0440,decoy,CC(C)C1=CC2CC3(C=O)[C@@H]4CC[C@@H](C)[C@H]4CC2(CO[C@@H]2O[C@H](C)[C@H]4OC[C@@H](C)[C@H]4[C@@H]2O)C13C(=O)O,CHEMBL295312
DEC_3244,decoy,CN(Cc1coc2nc(N)nc(N)c12)c1ccc(Cl)c(Cl)c1,CHEMBL23153
DEC_2608,decoy,CC(C)C1=CC2CC3(C=O)[C@@H]4CC[C@@H](C)[C@H]4CC2(CO[C@H]2CN[C@H](C)CO2)[C@]13C(=O)O,CHEMBL31670
DEC_0351,decoy,C[Si](C)(C)OC1(C#N)CCCCCCCC1,CHEMBL278693
DEC_0615,decoy,C[C@H]1CN(C(=O)N2Cc3c(C(=O)OC(C)(C)C)ncn3-c3ccc(Cl)cc32)CCN1,CHEMBL278968
DEC_2946,decoy,COc1cc(CN[C@@H]2c3cc4c(cc3[C@@H](c3cc(OC)c(O)c(OC)c3)[C@H]3C(=O)OC[C@@H]32)OCO4)cc(OC)c1,CHEMBL283421
DEC_2851,decoy,C[C@]12C[C@H](c3ccc4c(c3)OCO4)C3=C4CCC(=O)C=C4CCC3C1CC[C@@]2(O)C#Cc1ccc(S(C)(=O)=O)cc1,CHEMBL72747
DEC_0433,decoy,CCCCc1c(Cc2ccc(-c3ccccc3-c3nn[nH]n3)cc2)c(C(=O)O)nn1CC(F)(F)F,CHEMBL430535
DEC_3136,decoy,Cc1cccc(O)c1NC(=O)C1CCN(C(=O)Cn2c(=O)sc3ccc(Cl)cc32)CC1,CHEMBL17676
DEC_3718,decoy,CC(O)(c1ccc(Cl)cc1)C(O)(Cn1cncn1)c1ccc(Cl)cc1Cl,CHEMBL10324
ACT_012,active,Cc1cccc(Cc2cc(C[C@@H]3CS(=O)(=O)C[C@H](NCc4cccc(C(C)C)c4)[C@H]3O)ccc2O)c1,CHEMBL1760853
DEC_3584,decoy,c1ccc2c3c([nH]c2c1)CN(CCCCCCCc1ccncc1)CC3,CHEMBL12347
DEC_4142,decoy,CCCCc1nc2ccc([C@H]3C4CCCC4ON3C)cc2c(=O)n1Cc1ccc(-c2ccccc2-c2nn[nH]n2)cc1,CHEMBL53803
DEC_3058,decoy,O=C1Nc2ccc(F)c(F)c2C(C#Cc2cccs2)(C(F)(F)F)O1,CHEMBL277502
DEC_0855,decoy,O=S(=O)(N/N=C/C1NN(c2ccc(F)cc2)C2C(Cc3cccc4ccccc34)CCCC12)c1ccccc1,CHEMBL313352
DEC_0785,decoy,COc1cc(C2c3cc4c(cc3N=C3COC(=O)N32)OCO4)cc(OC)c1OC,CHEMBL9207
DEC_4279,decoy,COc1ccc2c(c1OC)C[N+]1([O-])CCc3cc4c(cc3C1C2)OCO4,CHEMBL11697
DEC_4038,decoy,CC[C@@]1(O)C(=O)OCc2c1cc1n(c2=O)Cc2cc3cc(O)ccc3nc2-1,CHEMBL273862
DEC_3853,decoy,C=CCSCc1ccc2c(c1)c1c3c(c4c5cc(CSCC=C)ccc5n5c4c1n2[C@H]1C[C@](O)(C(=O)OC)[C@]5(C)O1)CNC3=O,CHEMBL288818
DEC_3818,decoy,C[C@@](O)(/C=C/C1[C@H](O)C[C@@H]2OC(=O)CCC/C=C\C[C@H]12)CCc1ccccc1,CHEMBL429044
DEC_0741,decoy,CC(C)Cc1nc2c(C(F)(F)F)cccc2c(O)c1C(=O)Nc1nccs1,CHEMBL284046
DEC_2213,decoy,CC(NC(=O)CCc1ccccc1)C1CCC2C3CC=C4CC(O)CCC4(C)C3CCC12C,CHEMBL266331
DEC_0416,decoy,C[C@@H](c1ccc(O)c(I)c1)[C@H](O)/C=C/C1C2CCC(O2)C1C/C=C\CCCC(=O)O,CHEMBL299991
DEC_0898,decoy,Cc1ccc(S(=O)(=O)NC(=O)NCCC(=O)N[C@@H](Cc2c[nH]cn2)C(=O)Nc2ccc(S(=O)(=O)N=C(N)N)cc2)cc1,CHEMBL298127
DEC_1267,decoy,CCOP(=O)(OCC)OC1Cc2c(cccc2N(C)CC#CC#CC(C)(C)C)NC1=O,CHEMBL32125
DEC_0108,decoy,CCCc1cc2c(c(C(C)(C)C)c1O)CCO2,CHEMBL269588
ACT_088,active,C[C@@]1(c2cc(CNC3(C(F)(F)F)CC3)c(F)cc2F)CCSC(N)=N1,CHEMBL4098403
DEC_2346,decoy,OB(O)c1cc(C(F)(F)F)cc(C(F)(F)F)c1,CHEMBL280087
DEC_2520,decoy,O=C(OCCBr)c1cnccn1,CHEMBL282701
DEC_2529,decoy,Cc1ccccc1-c1nnc(C2=NCCN2)s1,CHEMBL12502
DEC_3941,decoy,NS(=O)(=O)c1ccc(-n2nccc2-c2ccc(F)cc2)cc1,CHEMBL29662
DEC_2615,decoy,COc1ccnc(C[S+]([O-])c2nc3cc(OC(F)(F)C(F)F)ccc3[nH]2)c1C,CHEMBL9585
DEC_4275,decoy,OC(c1ccc(Cl)cc1)(c1ccc(Cl)cc1)c1cncnc1,CHEMBL29904
DEC_2894,decoy,CCC1=C(C)c2cc3[nH]c(cc4[nH]c(cc5nc(cc1n2)C(C)=C5CC)c(C)c4CCC(=O)O)c(CCC(=O)O)c3C,CHEMBL276179
DEC_0401,decoy,C=C1/C(=C\C=C2/CCC[C@@]3(C)C2CC[C@@H]3[C@H](C)CCCC(C)(C)O)C[C@@H](O)[C@@H](OCCCO)[C@H]1O,CHEMBL39501
DEC_0678,decoy,O=C(O)C[C@H](NC(=O)c1cncc(S(=O)(=O)NCc2ccccc2)c1)C(=O)CSCc1ccc(F)cc1,CHEMBL420366
DEC_1031,decoy,Cc1c(C(=O)NN2CC3CCCC3C2)nc(-c2ccc(Cl)cc2Cl)n1-c1ccc(Cl)cc1,CHEMBL418721
DEC_1531,decoy,COc1cc2c3c4c(c(COC(C)=O)c5c3n(c2cc1OC)C(=O)CC5)CNCC4,CHEMBL23800
DEC_0149,decoy,O=C(O)CCCC/C=C(\c1ccc(-c2nc(C(=O)NCCCCC3CCCCC3)co2)cc1)c1cccnc1,CHEMBL299467
DEC_1370,decoy,CC1(C)CC[C@]2(C(=O)O)CC[C@]3(C)C(=C2C1)C=C[C@@H]1[C@@]2(C)C=CC(=O)C(C)(C)[C@@H]2CC[C@]13C,CHEMBL290070
DEC_2542,decoy,O=C1CCC(c2ccc(-n3cccn3)cc2)=NN1,CHEMBL281880
DEC_3279,decoy,COc1ccc(-c2cc3c(c(=O)o2)C[C@]2(O)[C@@]4(C)C(=O)C=CC(C)(C)[C@]4(O)CC[C@@]2(C)O3)cc1OC,CHEMBL283509
DEC_1405,decoy,COc1cc([C@@H]2c3cc4c(cc3N(N)[C@@H]3COC(=O)N23)OCO4)cc(OC)c1OC,CHEMBL269115
DEC_4029,decoy,C/N=c1\ccc(-c2ccc(N3CC(CNC(C)=O)OC3=O)cc2)ccc1O,CHEMBL6839
DEC_3602,decoy,CCc1cc(NCc2ccc(-c3ccccc3-c3nn[nH]n3)cc2)c(Br)c(CC)n1,CHEMBL32649
DEC_1386,decoy,CC1(C)CC[C@]2(C(=O)O)CC[C@]3(C)C(CC[C@@H]4[C@@]5(C)C=CC(=O)C(C)(C)[C@@H]5CC[C@]43C)C2C1,CHEMBL46459
DEC_0868,decoy,CCc1nc2c([N+](=O)[O-])c(OC3CCN(C(C)=N)CC3)ccc2n1Cc1ccc2ccc(C(=N)N)cc2c1,CHEMBL25073
DEC_1722,decoy,COC(=O)c1c(C(F)(F)F)[nH]c2c1[C@@]13C[C@@H]1CN(C(=O)c1cc4cc(OC)c(OC)c(OC)c4[nH]1)C3=CC2=O,CHEMBL32759
DEC_1717,decoy,CO[C@]1(OC(=O)CCCN(C)C)CC2O[C@]1(C)n1c3ccccc3c3c4c(c5c6ccccc6n2c5c31)C(=O)NC4,CHEMBL291556
DEC_0790,decoy,COc1ccc2c(c1OC)C(C#N)N1CCc3cc4c(cc3C1=C2)OCO4,CHEMBL11733
DEC_3525,decoy,CCOc1ccc(-n2c(C)c3c(C)nnc(CC(C)CC(C)(C)C)c3c2C)cc1,CHEMBL23426
DEC_2982,decoy,COc1cc([C@@H]2c3cc4c(cc3[C@@H](NCc3cccc(C#N)c3)[C@H]3COC(=O)[C@H]23)OCO4)cc(OC)c1O,CHEMBL32024
DEC_0035,decoy,O=C(c1ccccc1SSc1ccccc1C(=O)n1nnc2ccccc21)n1nnc2ccccc21,CHEMBL432714
DEC_3464,decoy,CC(=O)OC(c1nc2c(C(F)(F)F)cccc2c(O)c1C(=O)Nc1ccccn1)C(C)C,CHEMBL32867
DEC_3156,decoy,CCCCc1nn(CC2CC2)c(C(=O)O)c1Cc1ccc(-c2ccccc2-c2nn[nH]n2)cc1,CHEMBL23048
DEC_3842,decoy,CC(CNC(=O)C1CCC2(CC1)CCN(c1ccncc1)CC2)CC(=O)O,CHEMBL25897
DEC_1905,decoy,Cn1cncc1C(O)(C#Cc1ccc(C#N)cc1)c1ccc(C#N)c(-c2cccc3ccccc23)c1,CHEMBL24733
DEC_0306,decoy,CC1(C)CC1C(=O)N/C(=C\CCCCBr)C(=O)O,CHEMBL273926
DEC_2583,decoy,CCCCC(=O)OC1CCn2c1nc1c2C(=O)C(C)=C(NC(C)=O)C1=O,CHEMBL17762
DEC_3958,decoy,O=C(CSc1cc(Cl)ccc1Cl)N[C@@H]1C(=O)N2C(C(=O)O)=C(COC(=O)c3ccncc3)CSC12,CHEMBL58804
DEC_3929,decoy,Cn1cc(C2=NCC3(CN4CCC3CC4)O2)c2cc(F)ccc21,CHEMBL268892
DEC_2306,decoy,O=C(O)[C@H]1C[C@@H](C/C=C/P(=O)(O)O)CCN1,CHEMBL29692
DEC_3660,decoy,CC(C)[C@@H](C(=O)N[C@H]1c2ccccc2CC1O)[C@@H](O)[C@H](O)C(CC1CCCCC1)NC(=O)c1ccccc1OCSc1ccccc1,CHEMBL366531
DEC_3701,decoy,Clc1ccc(C2COC(Cn3ccnc3)(c3ccc(Br)cc3)O2)cc1,CHEMBL283597
DEC_3780,decoy,CC(=O)c1ccc2c(c1)OCC(CCN1CCC(c3noc4cc(F)ccc34)CC1)O2,CHEMBL14043
DEC_3878,decoy,CN1C2CCC1C(C(=O)NCCCNC(=O)C1C(c3ccc(Cl)cc3)CC3CCC1N3C)C(c1ccc(Cl)cc1)C2,CHEMBL303266
DEC_1420,decoy,CCOC(=O)c1cnc2nc(NS(=O)(=O)c3ccc(Cl)cc3)nn2c1N,CHEMBL12093
DEC_3420,decoy,COCCNc1ccc(N2C(=O)c3ccc(C(=O)O)cc3C2=O)cc1-c1nc2cc(-c3ccc(C(F)(F)F)cc3)ccc2o1,CHEMBL113643
DEC_1492,decoy,COc1cc([C@@H]2c3cc4c(cc3[C@H]3OC[C@@H]2[C@@H]3CO)OCO4)cc(OC)c1OC,CHEMBL274755
DEC_3622,decoy,O=C(O)c1ccc(Oc2nccc(-c3c(-c4ccc(F)cc4)ncn3C3CCNCC3)n2)cc1,CHEMBL14233
DEC_2102,decoy,CCCCc1cn(-c2c(CC)cccc2CC)c(=O)n1Cc1ccc(-c2ccccc2-c2nn[nH]n2)nc1,CHEMBL274668
DEC_3045,decoy,CCOc1nc(C(Cl)(Cl)Cl)c(Cl)c(OCC)c1Cl,CHEMBL416886
DEC_0299,decoy,CN(C)S(=O)(=O)c1cc2c(N=O)c(O)[nH]c2c2c1CCCC2,CHEMBL10103
DEC_0376,decoy,O=C(O)C1=Cc2sc(Cn3ccnc3)cc2CC1,CHEMBL22542
DEC_1918,decoy,Cc1cc(-c2c(F)cc3c(=O)c(CC4CCCCC4)cn(C4CC4)c3c2F)cc(C)n1,CHEMBL7722
DEC_1147,decoy,O=C1[C@@H]2C(c3ccccc3)OC3(C(=O)c4ccccc4C3=O)[C@@H]2C(=O)N1c1ccc(Cl)c(Cl)c1,CHEMBL281270
DEC_0053,decoy,NCCCCCc1ccc(CC(=O)N[C@@H](CO)C(=O)N[C@@H](CCCCN)C(=O)NCCC2CCCCC2)cc1,CHEMBL416405
DEC_0086,decoy,Cc1ccnc2c1CCC/C2=C/c1ccncc1,CHEMBL35684
DEC_0473,decoy,CCCCOC(=O)N[C@@H](CNC(=O)C1CCC2(CC1)CCN(c1ccncc1)CC2)C(=O)O,CHEMBL24066
DEC_0378,decoy,CCCN(CCC)C1Cc2cccc3ccn(c23)C1,CHEMBL12330
DEC_3216,decoy,Cc1noc(NS(=O)(=O)c2cccc3c(NC(C)C)cccc23)c1C,CHEMBL416026
DEC_2560,decoy,CN(CCCl)[C@@H]1CCC2C3Cc4ccc(O)c5c4C2(CCN3CC2CC2)[C@H]1O5,CHEMBL8977
DEC_2979,decoy,COc1ccc(N[C@@H]2c3cc4c(cc3[C@@H](c3cc(OC)c(O)c(OC)c3)[C@H]3C(=O)OC[C@@H]32)OCO4)c([N+](=O)[O-])c1,CHEMBL75587
DEC_2772,decoy,CCc1ccc(Oc2nccc(-c3c(-c4ccc(F)cc4)ncn3C3CCNCC3)n2)cc1,CHEMBL428877
DEC_1802,decoy,C=CCO/N=C(\OC(=O)c1ccc(C(=O)C(C)(C)C)cc1)c1ccc(C(=O)C(C)(C)C)cc1,CHEMBL44181
DEC_2503,decoy,NS(=O)(=O)OC[C@]12CCC[C@H]1[C@@H]1C[C@@H]1CC2,CHEMBL285315
DEC_0159,decoy,[O-][n+]1ccc(CC(c2ccc(COc3ccc(F)cc3)cc2)c2ccc(OC(F)F)c(OC(F)F)c2)cc1,CHEMBL36348
DEC_3277,decoy,O=C(NO)[C@H]1Cc2ccccc2CN1S(=O)(=O)c1cc(S(=O)(=O)c2ccccc2)cs1,CHEMBL59534
DEC_0807,decoy,CCCN1C[C@H](CSC)C[C@@H]2c3cccc4[nH]cc(c34)C[C@H]21,CHEMBL531
DEC_2399,decoy,C=CCNC(=O)O[C@H]1CC[C@@](CNC(=O)c2cccc3c2OCC3)(c2ccccc2)CC1,CHEMBL16110
DEC_1244,decoy,CC(C)(C)OC(=O)N1CCCC(C(=O)NC2CC3CCC2(CS(=O)(=O)N2CCC4(CCc5ccccc54)CC2)C3(C)C)C1,CHEMBL435566
DEC_2200,decoy,COc1ccc([C@]2(C#N)C[C@H]3C[C@@H](C(=O)NO)C[C@H]3C2)cc1OC(C)C,CHEMBL24839
DEC_2438,decoy,O=C(O)CC(=O)N1CCN(C(=O)N2CCC3(CC2)CCN(c2ccncc2)C3)CC1,CHEMBL12931
DEC_0003,decoy,CCCSC1=Nc2ccccc2S(=O)(=O)N1Cc1ccc(-c2ccccc2-c2nn[nH]n2)cc1,CHEMBL13921
DEC_1832,decoy,Fc1ccc(C(OC2CC3CCC(C2)N3C/C=C/c2ccccc2)c2ccc(F)cc2)cc1,CHEMBL275979
DEC_0858,decoy,Cc1cc(C)c(NC(=O)c2sccc2S(=O)(=O)Nc2onc(C)c2Cl)c(S(=O)(=O)C(C)C)c1,CHEMBL291592
DEC_2665,decoy,CNC(=O)c1cccc2c(Nc3ccc(NC(=O)OC)cc3NC)c3cccc(C)c3nc12,CHEMBL288924
DEC_4132,decoy,CCCCc1nc(-n2cccc2C(=O)C(F)(F)F)c(C(=O)O)n1Cc1ccc(-c2ccccc2-c2nn[nH]n2)cc1,CHEMBL70371
DEC_1422,decoy,CC[C@]12O[C@H]1Cc1c(O)c3c(c(O)c1[C@H]2C(=O)OC)C(=O)c1cccc(O)c1C3=O,CHEMBL21872
DEC_2516,decoy,CC(C)/C=C1\N=C(CC(C)C)C(=O)N(O)C1=O,CHEMBL16320
DEC_1461,decoy,O=C(O)c1cc(O)c2c(C(F)(F)F)cc(C(F)(F)F)cc2n1,CHEMBL22222
DEC_2295,decoy,O=C1[C@@H](NS(=O)(=O)c2cc3ccc(Cl)nc3s2)CCN1Cc1cc2[nH]cccc-2n1,CHEMBL268226
DEC_0974,decoy,COc1cc2[nH]c(-c3csc4ccccc34)cc2cc1-c1cnco1,CHEMBL277190
DEC_3236,decoy,O=C(OC1CN2CCC1CC2)C(O)(c1ccccc1)C1CCCC1,CHEMBL13050
DEC_3801,decoy,CC(C)(C)c1cc(-c2nsc(NS(C)(=O)=O)n2)cc(C(C)(C)C)c1O,CHEMBL279608
DEC_1410,decoy,COc1cc([C@@H]2c3cc4c(cc3[C@@H](O)[C@H]3COC(=O)[C@H]23)OCO4)cc(OC)c1OC,CHEMBL282256
DEC_3535,decoy,Cc1cc(C)cc(-c2[nH]c3ccccc3c2CCNCCc2ccccn2)c1,CHEMBL269636
DEC_0407,decoy,C=C1C[C@@]23O[C@]2(c2ccccc21)C1CC(OC(=O)[C@H](O)[C@@H](NC(=O)NC(C)C)c2ccccc2)C3(C)C1(C)C,CHEMBL32399
DEC_2098,decoy,O=C(c1c(F)cccc1F)c1ccc2n1CCC2C(=O)O,CHEMBL267731
DEC_3289,decoy,NS(=O)(=O)c1ccccc1-c1ccc(NC(=O)C2CC(c3ccc(Br)cc3)=NO2)cc1,CHEMBL297965
DEC_3954,decoy,O=C(O)C[C@H](NC(=O)Cn1c(C2CC2)ccc(NCc2ccc3c(n2)NCCC3)c1=O)c1ccc2c(c1)OCC2,CHEMBL54063
DEC_1517,decoy,CSc1c2c(nc(N)n3nc(-c4ccco4)nc23)nn1CCCc1ccccc1,CHEMBL20445
DEC_4051,decoy,CN1C(=O)C=C[C@]2(C)C3CC[C@@]4(C)C(CC[C@@]4(O)C#CCCI)C3CCC12,CHEMBL417973
DEC_2920,decoy,CN1C2CCC1C(C(=O)NCCCCNC(=O)C1C(c3ccc(Cl)cc3)CC3CCC1N3C)C(c1ccc(Cl)cc1)C2,CHEMBL407803
DEC_2183,decoy,CC(O)(c1ccc(F)cc1)C(O)(Cn1cncn1)c1ccccc1Cl,CHEMBL269210
DEC_1528,decoy,COc1cc2c(c3c1OCO3)-c1ccc(OC)c(=O)cc1[C@@H](NC(C)=O)CC2,CHEMBL28028
DEC_3057,decoy,O=C1Nc2ccc(F)c(F)c2C(C#Cc2ccsc2)(C(F)(F)F)O1,CHEMBL276066
DEC_3639,decoy,Cc1nc(-c2ccc(Cl)cc2)sc1C(=O)N[C@H](C)[C@](O)(Cn1cncn1)c1ccc(F)cc1F,CHEMBL53283
DEC_2671,decoy,CCC(=O)Nc1ccc(Oc2ccc(NC(=O)Nc3cc(C(C)(C)C)nn3C)cc2)cc1,CHEMBL288889
DEC_4069,decoy,COc1cccc(-c2cc(C#N)ccc2C#CC(O)(c2ccc(C#N)cc2)c2cncn2C)c1,CHEMBL22702
DEC_0477,decoy,CC(CCCCn1cnc2c1NC=NCC2O)(Cc1cccc(Br)c1)C(=O)O,CHEMBL290887
DEC_0209,decoy,CCOc1nc(Br)cnc1NS(=O)(=O)c1cccc2c(N(C)C)cccc12,CHEMBL6588
DEC_1819,decoy,CC(C)(C)c1ccc(Oc2nccc(-c3c(-c4ccc(F)cc4)ncn3C3CCNCC3)n2)cc1,CHEMBL275200
DEC_0372,decoy,CCC1CCC(NC(=O)N(CCCl)N=O)CC1,CHEMBL274809
DEC_1288,decoy,C=COC(=O)N[C@H]1CCc2cc(OC)c(OC)c(OC)c2-c2ccc(SC)c(=O)cc21,CHEMBL274726
DEC_2927,decoy,C[C@H]1C[C@@]23O[C@]2(c2ccccc21)C1CC(OC(=O)[C@H](O)[C@@H](NC(=O)CCC2CCCC2)c2ccccc2)C3(C)C1(C)C,CHEMBL289017
DEC_4185,decoy,COC(=O)[C@@H](C)[C@H](O)[C@H](C)[C@H]1OC(=O)/C(OC)=C/C(C)=C/[C@@H](C)C(=O)[C@@H](C)C/C(C)=C/C=C/[C@@H]1OC,CHEMBL291450
DEC_0953,decoy,C=CCC1Oc2ccc(F)c(OC)c2-c2ccc3c(c21)C(C)=CC(C)(C)N3,CHEMBL7988
DEC_0574,decoy,Cc1noc(NS(=O)(=O)c2cccc3c(N(C)C)cccc23)c1-c1ccccc1,CHEMBL280823
DEC_1017,decoy,N#Cc1ccc2cc1Oc1ccc3cccc(c3c1)NC(=O)[C@@H](Cc1ccccc1)NCc1cncn1C2,CHEMBL299568
DEC_1956,decoy,CCc1c2c(nc3ccc(OC(=O)N4CCC(N5CCCCC5)CC4)cc13)-c1cc3c(c(=O)n1C2)COC(=O)C3(O)CC,CHEMBL10456
DEC_3428,decoy,O=C(Nc1ccncn1)c1cc2c(OCC[C@@H]3CCCCN3)c(-c3ccc(Cl)c(Cl)c3)c(O)nc2cc1Cl,CHEMBL45784
DEC_1399,decoy,C=C(C)[C@@H]1CC[C@]2(C(=O)O)CC[C@]3(C)[C@H](CC[C@@H]4[C@@]5(C)CC[C@H](O)C(C)(C)[C@@H]5CC[C@]43C)[C@@H]12,CHEMBL269277
DEC_3597,decoy,CCCOC(=O)c1sc(C(C)(C)C)cc1NC(=O)Nc1ccc(C)cc1,CHEMBL278275
DEC_0442,decoy,O=C1[C@@H](NS(=O)(=O)c2ccc(-c3ccc(Cl)s3)s2)CCN1Cc1cc2[nH]cccc-2n1,CHEMBL266533
DEC_0723,decoy,CCOC(=O)c1cc(-c2cc(O)c(Sc3ccccc3C(C)C)c(=O)o2)ccc1O,CHEMBL13036
DEC_0620,decoy,C[C@@H]1[C@@H](N)CN1c1c(F)cc2c(=O)c(C(=O)O)cn(-c3ccc(F)cc3F)c2c1F,CHEMBL19550
DEC_4240,decoy,O=C(O)COC1CCN(C(=O)N2CCC3(CC2)CCN(c2ccncc2)CC3)CC1,CHEMBL24562
DEC_3612,decoy,CCCCc1nc2ccc(C(C)N)cc2c(=O)n1Cc1ccc(-c2ccccc2-c2nn[nH]n2)cc1,CHEMBL14487
DEC_1109,decoy,CC(=O)[C@@]12OC(C)(c3c(F)c(F)c(F)c(F)c3F)O[C@@H]1CC1C3CCC4=CC(=O)CC[C@]4(C)C3CC[C@@]12C,CHEMBL13524
DEC_0270,decoy,COc1ccc2[nH]c(-c3ccccc3)c(CCNC(=O)CCc3ccccc3)c2c1,CHEMBL15271
DEC_0439,decoy,CC(C)NC(=O)N[C@@H](c1ccccc1)[C@@H](O)C(=O)OC1CC2C(C)(C)C1(C)[C@@]13C[C@H](C)c4ccccc4[C@@]21O3,CHEMBL31680
DEC_2900,decoy,CCCc1nc(C)c(C(=O)NC)n1Cc1ccc2oc(-c3ccccc3NS(=O)(=O)C(F)(F)F)c(Br)c2c1,CHEMBL105887
DEC_1395,decoy,C=C(C)[C@@H]1CC[C@]2(CO)CC[C@]3(C)[C@H](CC[C@@H]4[C@@]5(C)CC[C@H](O)C(C)(C)[C@@H]5CC[C@]43C)[C@@H]12,CHEMBL23236
DEC_2274,decoy,CC(=O)OCC(=O)[C@@]12OC(C)(C)O[C@@H]1CC1C3CCC4=CC(=O)C=CC4(C)[C@H]3C(O)CC12C,CHEMBL284709
DEC_0037,decoy,C=C1C[C@@]23O[C@]2(c2ccccc21)C1CC(OC(=O)[C@H](O)[C@@H](NC(=O)OCC)c2ccoc2)C3(C)C1(C)C,CHEMBL284961
DEC_4302,decoy,c1ccc2c(c1)CCC2N1CCN(c2cccc3c2OCCO3)CC1,CHEMBL283174
DEC_1166,decoy,Nc1nc(N)c2nc(CSc3ccc(Cl)cc3)cnc2n1,CHEMBL23787
DEC_0062,decoy,COC(=O)[C@H](Cc1ccc(OC(=O)CC(C)CCCC(C)C)cc1)NC(=O)[C@@H](NC(=O)[C@@H](N)CS)C(C)C,CHEMBL41039
DEC_2548,decoy,C(=N\c1ccc(-c2ncon2)cc1)\c1ccc[nH]1,CHEMBL21837
DEC_2471,decoy,CCCc1nc(CC)c(C(N)=O)n1Cc1ccc(-c2ccccc2S(=O)(=O)Nc2onc(C)c2C)c(COCC)c1,CHEMBL12175
DEC_0298,decoy,CC(C)C(O)(Cn1cncn1)C(C)(O)c1ccc(Cl)cc1,CHEMBL10755
DEC_4065,decoy,C(#Cc1ncnc2c1ncn2Cc1ccccc1)c1ncnc2c1ncn2Cc1ccccc1,CHEMBL9718
DEC_0461,decoy,N.NS(=O)(=O)c1cc(S(=O)(=O)O)c(NCc2ccco2)cc1Oc1ccccc1,CHEMBL279650
DEC_2689,decoy,Oc1cc(NC[C@H]2CC[C@H]2NCc2ccc(Cl)c(Cl)c2)nc2ccccc12,CHEMBL280965
DEC_2601,decoy,CC(CC(=O)O)N1CCC(C(=O)N2CCC3(CC2)CCN(c2ccncc2)C3)CC1,CHEMBL276482
DEC_2853,decoy,CC1(C)OC(=O)c2cc(C(=CCCBr)c3cc(Cl)c4c(c3)C(=O)OC(C)(C)O4)cc(Cl)c2O1,CHEMBL63505
DEC_2677,decoy,CC(C)=CCC(OC(=O)Cc1c[nH]c2ccccc12)C1=CC(=O)c2c(O)ccc(O)c2C1=O,CHEMBL27749
DEC_0927,decoy,N=C(N)N1CCC[C@H](NC(=O)CNC(=O)[C@@H](CCNC(=O)c2cncc(Br)c2)NC(=O)OCc2ccccc2)C1O,CHEMBL323833
DEC_3661,decoy,O=S(=O)(Nc1ccc(CCNC[C@H](O)c2cccnc2)cc1)c1ccc(-c2noc(Cc3ccc(-c4ccccn4)cc3)n2)cc1,CHEMBL286438
DEC_3893,decoy,CCOC(=O)N1CCN(Cc2cc(Nc3cc(C(F)(F)F)nc(/N=C(\N)Nc4ccc(Cl)c(Cl)c4)n3)ccc2O)CC1,CHEMBL23387
DEC_2508,decoy,NS(=O)(=O)OC[C@@]12CCC=C[C@@H]1CCC2,CHEMBL25869
DEC_0798,decoy,CC(C)(C)c1cc(-c2noc(NC#N)n2)cc(C(C)(C)C)c1O,CHEMBL16981
DEC_1344,decoy,O=C1NCCN1CCN1CC=C(c2cn(-c3ccc(F)cc3)c3ccc(C(F)(F)F)cc23)CC1,CHEMBL418534
DEC_2387,decoy,CC1(C)C=C(n2ccccc2=O)c2cc(S(=O)(=O)NC(=O)Nc3ccccc3)ccc2O1,CHEMBL12139
DEC_0843,decoy,C=C(CC[C@H](O)[C@@]1(C)CC[C@H](C(C)(C)O)O1)[C@H]1CC[C@H]2O[C@@H]([C@]3(C)CC[C@](OC)(C(C)C)O3)CC[C@]2(C)O1,CHEMBL279258
DEC_1073,decoy,Cc1ccc(N2C(=O)[C@H]3C(c4ccccc4)NC4(C(=O)c5ccccc5C4=O)[C@H]3C2=O)cc1Cl,CHEMBL26380
DEC_1935,decoy,CC(=O)OC1C(=O)N(c2cc3c4ccccc4ccc3c3ccccc23)[C@H]1c1ccccn1,CHEMBL290128
DEC_2953,decoy,C=CCNc1nc(NCC=C)nc(N2CCC(NCC3c4ccccc4CS(=O)(=O)c4ccccc43)CC2)n1,CHEMBL313401
DEC_3339,decoy,COc1cc2c(cc1C(F)(F)F)N(C(=O)Nc1ccc(Cl)c(-c3cccnc3)c1)CC2,CHEMBL14469
DEC_0101,decoy,C[C@@H]1C[C@@H]2c3cccc4c3[C@@H](CN4)C[C@H]2N(C)C1,CHEMBL39769
DEC_3092,decoy,O=C(OC1CN2CCC1CC2)C(O)(c1ccccc1)c1ccc(I)cc1,CHEMBL275313
DEC_2710,decoy,Cc1cc(C(=O)Nc2cccn([C@@H](Cc3ccc(F)c(F)c3)C(=O)N[C@H](/C=C/C(=O)OC(C)C)C[C@@H]3CCNC3=O)c2=O)no1,CHEMBL291276
DEC_3203,decoy,CC(C)CCCc1nc2c([nH]1)N1C[C@@H](C(C)C)N=C1N(C)C2=O,CHEMBL18524
ACT_034,active,Cc1noc(C(=O)Nc2csc([C@]34CO[C@@H](C)C[C@H]3CSC(N)=N4)n2)n1,CHEMBL3948054
DEC_3711,decoy,Cc1ccc(Cn2cnc3c(N(C)c4ccccc4)nc(C(F)(F)F)nc32)cc1,CHEMBL27294
DEC_1522,decoy,CCSc1nc2c(n1Cc1ccc(O)cc1)C(=O)N(CC)C1=N[C@@H]3CCC[C@@H]3N12,CHEMBL282189
DEC_2597,decoy,Cc1ccc(-c2ncc(Cl)cc2-c2ccc(S(C)(=O)=O)cc2)c[n+]1[O-],CHEMBL274841
ACT_090,active,Cc1cc(C)cc(C2(c3cc(F)cc(F)c3)N=C(N)N(C)C2=O)c1,CHEMBL6046308
DEC_1110,decoy,COc1cc([C@@H]2c3cc4nc5cc(Cl)c(Cl)cc5nc4cc3[C@H](O)[C@H]3COC(=O)[C@H]23)cc(OC)c1OC,CHEMBL30287
DEC_2765,decoy,Cc1ccccc1Oc1nccc(-c2c(-c3ccc(F)cc3)ncn2C2CCNCC2)n1,CHEMBL13836
DEC_3854,decoy,C=CCSCc1ccc2c(c1)c1c3c(c4c5cc(CSCC=C)ccc5n5c4c1n2C1C[C@](O)(C(=O)OC)[C@]5(C)O1)CNC3=O,CHEMBL433281
DEC_2255,decoy,Cc1cccc2c1OP(=O)(OCC1C[C@@H](F)C(n3cnc4c(O)ncnc43)O1)OC2,CHEMBL42467
DEC_1371,decoy,Cc1nnc2n1-c1sc(C#Cc3cccc4ccccc34)cc1C(c1ccccc1Cl)=NC2,CHEMBL32110
DEC_4099,decoy,Cc1cc(C(=O)Nc2ccc(N3CCNCCC3=O)cc2)n(-c2ccc3cc(Cl)ccc3c2)n1,CHEMBL20413
DEC_1463,decoy,CC(C)N(C1=NCCN1)c1c(Br)cccc1Br,CHEMBL19915
DEC_0872,decoy,C=C1C[C@@]23O[C@]2(c2ccccc21)C1CC(OC(=O)[C@H](O)[C@@H](NC(=O)CCC)c2ccccc2)C3(C)C1(C)C,CHEMBL283402
DEC_3766,decoy,CCN1C(=O)c2c(nc(C#Cc3ccccc3)n2Cc2ccc(Cl)cc2)N2C1=N[C@@H]1CCC[C@@H]12,CHEMBL24653
DEC_1880,decoy,COc1ccc([C@@H]2[C@@H](C(=O)O)[C@H](c3ccc4c(c3)OCO4)CN2CC(=O)N(C)C2CCCCC2)cc1,CHEMBL8736
DEC_4277,decoy,c1ccc2c(c1)OC(N1CCCC1)c1cnc(N3CCCCC3)nc1-2,CHEMBL31709
DEC_3797,decoy,O=S1(=O)c2cccc3cccc(c23)N1CCCN1CCC(c2c[nH]c3ccccc23)CC1,CHEMBL281808
DEC_1138,decoy,Cc1nnc2n1-c1sc(C#CCN3Cc4cccc5cccc(c45)C3=O)cc1C(c1ccccc1Cl)=NC2,CHEMBL280210
DEC_3074,decoy,CC1(C)OC(S)=Nc2ccc(-c3cc(F)cc(Br)c3)cc21,CHEMBL280956
DEC_0925,decoy,N=C(N)N1CCC[C@H](NC(=O)CNC(=O)[C@@H](CCNC(=O)c2cnc3ccccc3c2)NC(=O)OCc2ccccc2)C1O,CHEMBL324485
DEC_2728,decoy,CC(C)(C)NC(=O)[C@@H]1CN(Cc2cccnc2)CCN1C[C@@H](O)C[C@@H](Cc1ccccc1)C(=O)N[C@H]1c2ccccc2C[C@H]1O,CHEMBL115
DEC_1638,decoy,CCO[C@H]1O[C@@H]2O[C@@]3(C)CCC4[C@H](C)CCC([C@H]1C)[C@]42OO3,CHEMBL6635
DEC_2518,decoy,N[C@H](C(=O)N1CC[C@H](F)C1)C1CCCCC1,CHEMBL22511
DEC_1126,decoy,CN1Cc2cncn2Cc2ccc(C#N)c(c2)Oc2ccc3cccc(c3c2)NC(=O)[C@H]1Cc1ccccc1,CHEMBL53862
DEC_2307,decoy,O=C(O)[C@H]1C[C@H](C/C=C/P(=O)(O)O)CCN1,CHEMBL28523
DEC_3904,decoy,Oc1cc(/C=C/C(Br)Br)nc(O)n1,CHEMBL22192
DEC_3825,decoy,CCCCCN(C1=NCCN1)c1c(Br)cccc1Br,CHEMBL20415
DEC_0203,decoy,CCCCc1nn(C2CCC2)c(C(=O)O)c1Cc1ccc(-c2ccccc2-c2nn[nH]n2)cc1,CHEMBL22773
DEC_0548,decoy,CC(C)(C)c1ccc(N/N=C(\N=N\c2nnnn2-c2ccccc2)c2ccccc2)cc1,CHEMBL23069
DEC_2139,decoy,O=C(O)CCC/C=C\C[C@H]1[C@H](CNS(=O)(=O)c2ccc(Cl)cc2)C2CC1(c1ccc(F)cc1)CO2,CHEMBL273231
DEC_2676,decoy,N#C/C(=C(/N)Sc1ccccc1N)c1cccc(C(O)c2ccc(C(F)(F)F)cc2)c1,CHEMBL38184
DEC_1079,decoy,NC(=O)N1CCN(C2=Nc3ccc(Br)cc3CC=C2c2ccccc2)CC1,CHEMBL16544
DEC_4307,decoy,Cc1noc(NS(=O)(=O)c2cccc3cc(N(C)C)ccc23)c1C,CHEMBL27073
ACT_039,active,CCCCCCCCCCCC1=CC(=O)C=CC1=O,CHEMBL5270796
DEC_3859,decoy,CC(C)C[C@@H]1OC(=O)C(C)(C)CNC(=O)[C@@H](Cc2cccc3ccccc23)NC(=O)/C=C/C[C@@H]([C@H](C)/C=C/c2ccccc2)OC1=O,CHEMBL86769
DEC_0946,decoy,CC(C)/C(=N\O)c1ccc(Sc2cc(F)cc(C3CCOCC3)c2)cc1,CHEMBL24030
DEC_1783,decoy,CCC1=C(c2ccc(-n3ccnc3C)cc2)CNC1=O,CHEMBL8777
DEC_0941,decoy,CCOC(=O)/C(C(=O)O)=C(C)/C=C/C=C(C)/C=C/C1=C(C)CCCC1(C)C,CHEMBL264489
DEC_3753,decoy,O=S1O[C@H](c2ccc(Cl)cc2Cl)[C@@](Cn2cncn2)(c2ccc(Cl)cc2)O1,CHEMBL275221
DEC_1789,decoy,Fc1cc(Sc2ccc3c(c2)CC/C3=N\OCc2ccncc2)cc(C2CCOCC2)c1,CHEMBL24973
DEC_0852,decoy,CCOC(=O)N[C@@H](c1ccc(C)cc1)[C@@H](O)C(=O)OC1CC2C(C)(C)C1(C)[C@@]13C[C@H](C)c4ccccc4[C@@]21O3,CHEMBL286832
DEC_0487,decoy,O=C(C[C@@H](Cc1ccc(-c2ccccc2CO)cc1)C(=O)N[C@H]1c2ccccc2C[C@H]1O)NO,CHEMBL266335
DEC_2289,decoy,Cc1cc(C)c(NC(=O)c2sccc2S(=O)(=O)Nc2onc(C)c2C)c(C)c1CC#N,CHEMBL279471
DEC_1939,decoy,C=C(C)[C@@H]1CC[C@]2(C(=O)NCCCCCCCCCCC(=O)O)CC[C@]3(C)[C@H](CCC4[C@@]5(C)CCCC(C)(C)[C@@H]5CC[C@]43C)[C@@H]12,CHEMBL268746
DEC_0887,decoy,CC(=N)N1CCC(Oc2ccc3c(nc(C)n3Cc3ccc4ccc(C(=N)N)cc4c3)c2[N+](=O)[O-])CC1,CHEMBL25351
DEC_2699,decoy,Cc1cccc(Cc2nc(SC3CCCCC3)nc(N/N=C(/N)S)c2C)c1,CHEMBL35679
DEC_2439,decoy,Cc1nn(-c2ccccc2)c(NC(=O)[N-]S(=O)(=O)c2ccc(Cl)cc2)c1C#N.[Na+],CHEMBL22323
DEC_3955,decoy,COc1cc([C@@H]2c3cc4c(cc3[C@@H](NS(=O)(=O)CCCN=[N+]=[N-])[C@H]3COC(=O)[C@H]23)OCO4)cc(OC)c1O,CHEMBL77146
DEC_2397,decoy,CNC(=O)c1cccc2c(Nc3ccc(NS(C)(=O)=O)cc3OC)c3ccc(C)cc3nc12,CHEMBL46472
DEC_0224,decoy,COc1cc2c(c(OC)c1OC)-c1ccc(SC)c(=O)cc1C(NC(=O)NCCCl)CC2,CHEMBL32140
DEC_4108,decoy,Cc1ccc2cccc(OCc3c(Cl)ccc(N(C)C(=O)Cc4ccc(C(=O)c5ccc(C#N)nc5)n4C)c3Cl)c2n1,CHEMBL26847
DEC_0597,decoy,[O-][S+](c1ccc(Br)cc1)c1ccc(C#CC2(O)CN3CCC2CC3)cc1,CHEMBL286679
DEC_0638,decoy,COc1cc([C@@H]2c3[nH]c4ccccc4c3C[C@H]3C(=O)N[C@H](C)C(=O)N23)cc(OC)c1O,CHEMBL22269
DEC_2693,decoy,CC(C)[C@@H](CN1CC[C@@](C)(c2cccc(O)c2)[C@@H](C)C1)NC(=O)CCc1ccc(O)cc1,CHEMBL10986
DEC_3532,decoy,CCCCCN(C=O)[C@H]1CCC2C3CC[C@H]4N(C)C(=O)CC[C@]4(C)C3CC[C@@]21C,CHEMBL275153
DEC_1588,decoy,CC(C)CCCC(C)CCCC(C)N1CCCC(O)C1,CHEMBL17219
DEC_3746,decoy,Clc1cccc(C2(Cn3ccnc3)OCC(c3ccc(Cl)cc3Cl)O2)c1,CHEMBL282392
DEC_0901,decoy,CCCCCC[C@H]1OC(=O)CNC(=O)[C@@H]([C@H](C)O)NC(=O)[C@H](CO)NC(=O)[C@H]([C@H](C)CC)NC(=O)[C@H](CC(C)C)NC(=O)[C@@H]1C,CHEMBL75616
DEC_0497,decoy,Cc1ccc(S(=O)(=O)C2(CC#Cc3ccc(Cl)cc3)SC(=O)NC2=O)cc1,CHEMBL276390
DEC_1665,decoy,O=S(=O)(OCCF)c1cc(Cl)c(Cl)cc1Cl,CHEMBL16949
DEC_1436,decoy,COc1cc2nc(N3CCN(C(=O)c4ccco4)CC3)nc(N)c2cc1OC,CHEMBL2
DEC_1369,decoy,C[C@]12C=CC(=O)NC1CCC1C2CC[C@@]2(C)C1CC[C@@H]2C(=O)Nc1ccccc1C(F)(F)F,CHEMBL278787
DEC_1102,decoy,COC(C(=O)[C@@H](O)[C@@H](C)O)C1Cc2cc3cc(O)cc(O)c3c(O)c2C(=O)C1O,CHEMBL29918
DEC_0130,decoy,O=C(CCCCCCCSc1nc(=O)c(Cc2cncnc2)cn1Cc1ccco1)c1ccc(Cl)cc1,CHEMBL87936
DEC_1229,decoy,C[C@H]1CN(C2(C)CCN(C(=O)c3c(N)cccc3Cl)CC2)CCN1[C@@H](C)c1ccc(I)cc1,CHEMBL113154
DEC_0089,decoy,CC(O)c1cc(C(C)(C)C)c2c(c1)C(C)(C)CO2,CHEMBL13785
DEC_3166,decoy,O=C(O)Cc1ccc(C(Cc2cc[n+]([O-])cc2)c2ccc(OC(F)F)c(OC(F)F)c2)cc1,CHEMBL418231
DEC_1127,decoy,Cn1cc(C2=C(c3cn(C4CCN(C(=O)OC(C)(C)C)CC4)c4ccccc34)C(=O)NC2=O)c2ccccc21,CHEMBL293805
DEC_3695,decoy,Cn1nnnc1-c1ccc(CC2(C(=O)N[C@@H](Cc3ccc(NC(=O)c4c(Cl)cccc4Cl)cc3)C(=O)O)CCCC2)cc1,CHEMBL79538
DEC_0582,decoy,CCOC(=O)/C(=N\O)c1ccc(Sc2cc(F)cc(C3CCOCC3)c2)cc1,CHEMBL279746
DEC_1718,decoy,CCOC(=O)N[C@@H](c1ccc(Cl)cc1)[C@@H](O)C(=O)OC1CC2C(C)(C)C1(C)[C@@]13C[C@H](C)c4ccccc4[C@@]21O3,CHEMBL31338
DEC_3334,decoy,Cc1cc(C(=O)Nc2ccc(-c3ccncc3)cc2F)n(-c2ccc3cc(Cl)ccc3c2)n1,CHEMBL280725
DEC_2784,decoy,CCC(OC(C)=O)c1nc2c(C(F)(F)F)cccc2c(O)c1C(=O)Nc1nccs1,CHEMBL284047
DEC_2496,decoy,C=CCN(C(=O)OCc1ccc([N+](=O)[O-])cc1)C1CCN(C[C@H]2CN(C(=O)c3ccccc3)C[C@@H]2c2ccccc2)CC1,CHEMBL431852
DEC_3015,decoy,Cc1nnc2n1-c1ccc(I)cc1C(c1ccccc1F)=NC2,CHEMBL20577
DEC_0304,decoy,CCC1(CC)C(=O)C(C(=O)C(C)C)=C(O)C(C(=O)C(C)C)=C1O,CHEMBL19819
DEC_1678,decoy,CON1CC/C(=C\c2cc(C(C)(C)C)c(O)c(C(C)(C)C)c2)C1=O,CHEMBL12594
DEC_0271,decoy,CCN(CC)CCCC(C)Nc1nccc2c(C)c3[nH]c4ccc(OC)cc4c3cc12,CHEMBL277616
DEC_2959,decoy,CCCS(=O)(=O)c1cc(C)cc(C)c1NC(=O)c1sccc1S(=O)(=O)Nc1onc(C)c1Cl,CHEMBL62019
DEC_3390,decoy,Cc1cc2c(cc1C(F)(F)F)N(C(=O)Nc1ccc(Oc3cccnc3C)nc1)CC2,CHEMBL14460
DEC_1078,decoy,CC(=O)N1CCN(c2cc3c(cc2F)c(=O)c(C(=O)O)c2sc4ccccc4n23)CC1,CHEMBL39697
DEC_2704,decoy,O=C(O)CCC[C@H](NC(=O)Oc1cc(F)c(N(CCI)CCI)c(F)c1)C(=O)O,CHEMBL88544
DEC_2486,decoy,CCCCCCO[C@H]1[C@H](O)[C@H](OCC23C[C@@H]4[C@H](C)CC[C@H]4C4(C=O)CC2C=C(C(C)C)C34C(=O)O)O[C@H](C)[C@H]1OC,CHEMBL279848
DEC_0862,decoy,CN(CCCn1c(N)nc2cc(Cl)c(Cl)cc21)CCCn1c(N)nc2cc(Cl)c(Cl)cc21,CHEMBL416809
DEC_0181,decoy,Cc1ccc(/C=C2\CSCC3C2=NN(CCCN2CCN(C)CC2)C3c2ccc(C)cc2)cc1,CHEMBL38292
DEC_2430,decoy,O=C(O)CC(=O)N1CCCN(C(=O)N2CCC3(CC2)CCN(c2ccncc2)C3)CC1,CHEMBL275784
DEC_0048,decoy,C[C@@H]1CC2C3CCC4=CC(=O)C=CC4(C)[C@@]3(F)C(O)CC2(C)[C@@]1(OC(=O)c1ccco1)C(=O)CCl,CHEMBL436548
DEC_2117,decoy,Cc1ccc(S(=O)(=O)N[C@@H]2C3CC(c4ccc(-c5ccccc5)cc4)(CO3)[C@H]2C/C=C/CCCC(=O)O)cc1,CHEMBL10192
DEC_1899,decoy,CC(C)N(C(=O)[C@H]1CCC2C3CCC4C=C(S(=O)(=O)O)C=C[C@]4(C)C3CC[C@@]21C)C(C)C,CHEMBL24825
DEC_3011,decoy,C[C@@H](CN1CCN(c2cc(F)c(F)cc2F)CC1)N1C(=O)CC2(CCCC2)CC1=O,CHEMBL274864
DEC_2844,decoy,CCOC(=O)C(Cc1cc2ccc(C(=N)N)cc2o1)c1ccc(O[C@H]2CCNC2)cc1,CHEMBL19152
DEC_3968,decoy,CCOC(=O)CN1CCN(CCCc2c(/C=C3\C(=O)Nc4ccc(S(=O)(=O)NC)cc43)[nH]c3c2CCCC3)CC1,CHEMBL291759
DEC_1198,decoy,Nc1nc2nn(CCc3ccccc3)cc2c2nc(-c3ccco3)nn12,CHEMBL16867
DEC_1457,decoy,Cc1ccc(-c2c(C#N)cnn2-c2ccc(S(N)(=O)=O)cc2)cc1,CHEMBL28528
DEC_4213,decoy,CC1(C)CC(NP(=O)(O)N(CCCl)CCCl)CC(C)(C)N1O,CHEMBL268498
DEC_2663,decoy,CCCC(O)c1nc2c(C(F)(F)F)cccc2c(O)c1C(=O)Nc1nccs1,CHEMBL35513
DEC_1246,decoy,CN(C)C(=O)n1cc(C(=O)c2ccn3c2CS[C@@H]3c2cccnc2)c2ccc(-c3ccc(OP(=O)(O)O)cc3)cc21,CHEMBL431037
DEC_0229,decoy,COc1cc2cc(C(=O)N3CC(CCl)c4c3cc(N)c3ccccc43)[nH]c2c(OC)c1OC,CHEMBL37705
DEC_2562,decoy,O=C(O)CCN1CCC(C(=O)N2CCC3(CC2)CCN(c2ccncc2)C3)CC1,CHEMBL13139
DEC_4304,decoy,Nc1nc(N)c2c(Sc3ccc(Cl)c(Cl)c3)cccc2n1,CHEMBL427605
DEC_2738,decoy,CC(C)(C)NC(=O)[C@@H]1CN(Cc2cccnc2)CCN1C[C@@H](O)C[C@@H](Cc1cccnc1)C(=O)N[C@H]1c2cccc(F)c2C[C@H]1O,CHEMBL346404
DEC_3869,decoy,CNC(=O)c1ccc(/C=C/C(=O)NCC(=O)N(C)c2ccc(Cl)c(COc3cccc4c3nc(C)n4C)c2Cl)cc1,CHEMBL288603
DEC_1287,decoy,CC1(C)COP(=O)(C(CCC(=O)c2cccnc2)P2(=O)OCC(C)(C)CO2)OC1,CHEMBL12621
DEC_4049,decoy,CC1(N)CCN(c2nc3c(cc2F)c(=O)c(C(=O)O)cn3C(C)(C)C)C1,CHEMBL26947
DEC_1824,decoy,Cc1cc(SCc2sc(-c3ccc(C(F)(F)F)c(F)c3)nc2C)ccc1OCC(=O)O,CHEMBL38508
DEC_0207,decoy,Cc1oc(-c2ccc3ccccc3c2)nc1Cc1cc2cc(CC3OC(=O)NC3=O)ccc2o1,CHEMBL289082
DEC_0533,decoy,CC1(O)OC(=O)C(c2ccc(Br)cc2)=C1c1ccc(S(C)(=O)=O)cc1,CHEMBL273815
DEC_3828,decoy,O=S(=O)(Nc1cccc(OCc2ccc3ccccc3n2)c1)C(F)(F)F,CHEMBL17344
DEC_1580,decoy,Cc1nc(-c2ccc(F)cc2)sc1C(=O)N[C@H](C)[C@](O)(Cn1cncn1)c1ccc(F)cc1F,CHEMBL55892
DEC_0491,decoy,C[C@H](NCCc1cc(Cl)c(N(C)CC(=O)O)c(Cl)c1)[C@H](O)c1ccc(O)cc1,CHEMBL417137
DEC_2860,decoy,CC(C)C(=O)N(c1ccc([N+](=O)[O-])c(C(F)(F)F)c1)[C@H]1CCC2C3CC[C@H]4N(C)C(=O)CC[C@]4(C)C3CC[C@@]21C,CHEMBL17422
ACT_063,active,C[C@@]1(c2cc(-c3cccc(-c4nnco4)c3)cs2)Cc2nc(C3CC3)ncc2C(=N)N1,CHEMBL6003408
DEC_1772,decoy,CC1(C)C=C2C(=O)C(C)(C)C(=O)C(C)(C)C2(F)OO1,CHEMBL34210
DEC_2055,decoy,CC(C)(CCS)CCn1cnc2c(S)nc(N)nc21,CHEMBL268288
DEC_0309,decoy,CC(C)C(O)C(O)(Cn1cncn1)c1ccc(Cl)cc1,CHEMBL10713
DEC_1704,decoy,C=C(C)CN1C[C@H](OCC23C[C@@H]4[C@H](C)CC[C@H]4C4(C=O)CC2C=C(C(C)C)C34C(=O)O)O[C@H](C)[C@@H](OC)C1,CHEMBL265302
DEC_3394,decoy,O=c1oc(Nc2ccccc2I)nc2cc3ccccc3cc12,CHEMBL10770
DEC_1260,decoy,CCCOP(=O)(OCC1C=CC(n2cc(C)c(=O)[nH]c2=O)O1)OCC(Cl)(Cl)Cl,CHEMBL19243
DEC_2318,decoy,O=C(O)C1=CC(C(C(=O)O)C(=O)O)CCC1,CHEMBL33336
DEC_4025,decoy,CCOC(=O)C1=CNC2=C(/C=N/c3ccccc3C(=O)O)CCCCN2C1=O,CHEMBL283978
DEC_3376,decoy,O=C1NCN(c2ccccc2)C12CCN(C1CCc3cccc(Cl)c3C1)CC2,CHEMBL283617
DEC_0052,decoy,NCCCC[C@H](NC(=O)[C@H](CO)NC(=O)CCCCC#Cc1ccc(CN)cc1)C(=O)NCCC1CCCCC1,CHEMBL33525
DEC_1929,decoy,C[C@@H]1CC[C@@]2(OC1)O[C@H]1C[C@H]3[C@@H]4CC[C@@]5(C)C[C@@H](O)CC[C@]5(C)[C@H]4CC(=O)[C@]3(C)[C@H]1[C@@H]2C,CHEMBL44125
DEC_0524,decoy,COc1cc2c(cc1OC)[C@@H]1C(=O)c3ccc4c(c3O[C@@H]1CO2)C[C@H](C(C)C)O4,CHEMBL267630
DEC_2571,decoy,CCCCN1CCN(c2cc3c(cc2F)c(=O)c(C(=O)O)cn3C2CC2)CC1,CHEMBL15089
DEC_2619,decoy,Cc1nc2c(n1Cc1ccc(-n3cccc3-c3nn[nH]n3)cc1)/C(=C/C(=O)O)CCCC2,CHEMBL297637
DEC_1482,decoy,CC(C)c1cc(C(C)C)c2nc3sc(C(=O)O)cn3c(=O)c2c1,CHEMBL12422
DEC_1462,decoy,Nc1nc(N)c2c(CNc3cc(Cl)ccc3Cl)coc2n1,CHEMBL277438
DEC_2789,decoy,Cc1cc(OCc2ccc(-c3ccccc3-c3nn[nH]n3)cc2)c(-c2ccncc2)c(C)n1,CHEMBL22945
DEC_1838,decoy,Cc1ccc(S(=O)(=O)C2(CC#Cc3ccc(Br)cc3)SC(=O)NC2=O)cc1,CHEMBL276718
DEC_2951,decoy,CCCCc1c(Oc2ccc(-c3ccccc3-c3nn[nH]n3)cc2)nc2c(C(=O)O)c(OC(C)C)ccc2[n+]1[O-],CHEMBL77376
DEC_1204,decoy,CC1CCC(/C=N/c2ccc(O)cc2)=C2NC=C(C(=O)O)C(=O)N21,CHEMBL416744
DEC_0079,decoy,C1=CC(=Nn2cccc2)C=CC1=Nn1cccc1,CHEMBL25024
DEC_1583,decoy,CC(C)(C)NC(=O)NC1CCN(CC(=O)NC2CCc3cc(F)ccc3C2Cc2cccnc2)CC1,CHEMBL42611
DEC_3077,decoy,CSc1ccc(-c2c(-c3ccc(F)cc3)nc3n2CCS3)cc1,CHEMBL17718
DEC_3290,decoy,Cc1cc(O)ccc1NC(=O)C1CCN(C(=O)Cn2c(=O)sc3ccc(Cl)cc32)CC1,CHEMBL16740
DEC_3696,decoy,CC(C)(C)N(CCO)C(=O)c1ccccc1CCC(O)Cc1ccccc1C(=O)N(CCO)C(C)(C)c1ccc2ccccc2c1,CHEMBL329699
DEC_2243,decoy,CCOC(=O)c1ccc(NC(=O)Nc2cc3c(cc2C)SC(C)(C)CC3(C)C)cc1,CHEMBL6500
DEC_0879,decoy,Cc1noc(NS(=O)(=O)c2ccccc2-c2ccc(-c3ncco3)cc2CNCC(F)(F)F)c1C,CHEMBL29420
DEC_3377,decoy,Brc1ccccc1-c1nnc2c3ccccc3c(N3CCCC3)nn12,CHEMBL428336
DEC_4139,decoy,CCCCc1nc2ccc([C@@H]3C[C@H]4CCC(C)(C)N4O3)cc2c(=O)n1Cc1ccc(-c2ccccc2-c2nn[nH]n2)cc1,CHEMBL44798
DEC_1219,decoy,CC(=O)OCC(=O)[C@@]1(OC(=O)c2ccco2)C(C)CC2C3C[C@H](F)C4=CC(=O)C=CC4(C)[C@@]3(Cl)C(Cl)CC21C,CHEMBL10950
DEC_3873,decoy,CC(C)(C)NC(=O)C1(C2CCCCC2)CCN(C(=O)[C@@H](Cc2ccc(Cl)cc2)NC(=O)[C@H]2CCc3ccccc3[C@@]2(C)N)CC1,CHEMBL360819
DEC_1446,decoy,C=CCCN(C1=NCCN1)c1c(Br)cccc1Br,CHEMBL417828
DEC_2126,decoy,CCC1(CC)OCC([C@@H](CS(=O)(=O)c2ccc(Oc3ccc(OC(F)(F)F)cc3)cc2)N(O)C=O)O1,CHEMBL75464
DEC_3319,decoy,CC(C)C(=O)N(c1ccccc1)[C@H]1CCC2C3CC[C@H]4N(C)C(=O)CC[C@]4(C)C3CC[C@@]21C,CHEMBL266519
DEC_3309,decoy,COc1ccc(N(C(=O)C(C)C)[C@H]2CCC3C4CC[C@H]5N(C)C(=O)CC[C@]5(C)C4CC[C@@]32C)cc1,CHEMBL16700
DEC_1262,decoy,CC(C)(C)[Si](C)(C)OCC1OC(n2ccc(N)nc2=O)C(O[Si](C)(C)C(C)(C)C)C1C#N,CHEMBL299357
DEC_1314,decoy,OC(c1ccc(F)cc1)(c1ccc(F)cc1)C1CCN(CCCC2OCOC2c2ccccc2)CC1,CHEMBL18072
DEC_3402,decoy,Cc1nc2cnccc2n1CC1CCN(C(=O)/C=C(\c2ccccc2)c2ccc(/N=N\c3ccc(O)c(C(=O)O)c3)cc2)CC1,CHEMBL319691
DEC_2107,decoy,O=C(O)COCCCC[C@H]1[C@H](CNS(=O)(=O)c2ccc(Cl)cc2)C2CC1(c1ccc(F)cc1)CO2,CHEMBL269457
DEC_1730,decoy,CCOC(=O)CCC(=O)O[C@]1(C(=O)CCl)[C@@H](C)CC2C3CCC4=CC(=O)C=CC4(C)[C@@]3(F)[C@@H](O)CC21C,CHEMBL83389
DEC_0509,decoy,Cc1cc(-c2cc(C(F)(F)F)nn2-c2ccc(S(N)(=O)=O)cc2)cc2c1OCO2,CHEMBL29403
DEC_4258,decoy,CN(C)c1cc2c(Nc3ccc4c(cnn4Cc4ccccc4)c3)ncnc2cn1,CHEMBL30432
DEC_3937,decoy,CC1CCN2C(=O)C(C(=O)O)=CNC2=C1/C=N/c1ccccc1,CHEMBL25050
DEC_3830,decoy,Nc1nc(S)c2cc(S(=O)(=O)c3ccc4ccccc4c3)ccc2n1,CHEMBL6929
DEC_3738,decoy,O=C1NCCN1CCN1CCC(c2cn(-c3ccc(F)cc3)c3ccccc23)CC1,CHEMBL12780
DEC_1123,decoy,Cc1nnc2n1-c1sc(C#Cc3ccc(-c4ccccn4)s3)cc1C(c1ccccc1Cl)=NC2,CHEMBL284079
DEC_4189,decoy,CCC(O)(C(=O)OCC1=CCN2CC[C@H](OC(=O)C(O)(CC)c3ccccc3)[C@@H]12)c1ccccc1,CHEMBL39527
DEC_3976,decoy,CC(=O)NC(Cc1ccc(C(=O)O)c(C=O)c1)C(=O)N[C@H]1CCCCc2cc(OCC3CCCCC3)c(C(N)=O)cc21,CHEMBL41773
DEC_3306,decoy,COc1cc2c(cc1C(F)(F)F)N(C(=O)Nc1ccc(C)c(-c3cnccc3C)c1)CC2,CHEMBL14111
DEC_0995,decoy,O=C1CCc2ccccc2N1CC#Cc1ccc2c(c1)C(c1ccccc1F)=NCc1nnc(C(F)(F)F)n1-2,CHEMBL279084
DEC_1980,decoy,O=C1NC(=O)C2=C1c1cn(c3ccccc13)CCO[C@H](CNS(=O)(=O)c1ccccc1)CCn1cc2c2ccccc21,CHEMBL315389
DEC_1293,decoy,O=C1N(CCCCN2CCN(c3cncc(Cl)n3)CC2)C(=O)C23C4CCC(C4)C12C1CCC3C1,CHEMBL28673
DEC_4118,decoy,Cc1cc(CC(c2ccc(C(O)(C(F)(F)F)C(F)(F)F)cc2)c2ccc(OC(F)F)c(OC(F)F)c2)cc[n+]1[O-],CHEMBL105164
DEC_3761,decoy,CCN1C(=O)c2c(nc(Cc3ccccc3)n2Cc2ccc(C)cc2)N2C1=N[C@@H]1CCC[C@@H]12,CHEMBL281065
DEC_3461,decoy,COC(=O)c1cc(-c2ccc(Cl)cc2)n(/C(=N\C2CCCCC2)c2ccccc2OC)n1,CHEMBL39477
DEC_0186,decoy,CC(C)c1cccc(C(C)C)c1OC(=O)[N-]S(=O)(=O)Oc1c(C(C)C)cccc1C(C)C.[Na+],CHEMBL25110
DEC_0460,decoy,CC(C)C[C@@H](C(=O)N[C@H](C(=O)Nc1ccccn1)C(C)(C)C)[C@@H](C(=O)NO)C1CCCC1,CHEMBL286718
DEC_2957,decoy,CCOc1ccc2c(c1)[C@H](c1cccc(OC)c1OCC(=O)O)N(CC(=O)O)[C@@H]2c1ccc2c(c1)OCO2,CHEMBL417903
DEC_1982,decoy,CO[C@@H]1C[C@@H](C(=O)N2CCC(N3CCCC3)CC2)N(C(=O)NCc2ccc(C(=O)N3CCCCc4sccc43)cc2Cl)C1,CHEMBL362382
DEC_2356,decoy,O=C(C[C@@H](Cc1ccc(-c2ccc3c(c2)OCO3)cc1)C(=O)N[C@H]1c2ccccc2C[C@H]1O)NO,CHEMBL8432
DEC_0681,decoy,CC(C)CCC(=O)N[C@@H](Cc1ccccc1)C(=O)C(=O)NCCNS(=O)(=O)c1ccc(-c2ccccn2)s1,CHEMBL76145
DEC_1472,decoy,C[C@]12CC[C@]3(C1)C(CC2=O)C[C@@H](O)C1[C@](C)(C(=O)O)CCC[C@@]13C,CHEMBL8722
DEC_0493,decoy,CC(C)(C)C1CS(=O)(=O)C(c2c(F)c(F)c(N=[N+]=[N-])c(F)c2F)S(=O)(=O)C1,CHEMBL31286
DEC_2158,decoy,O=C(O)Cn1c(=O)c(=O)[nH]c2cc(C(F)(F)F)c(-n3cccc3)cc21,CHEMBL12448
DEC_1771,decoy,CNc1nc(N2CCN(C)CC2)nc(Cl)c1Cl,CHEMBL31576
DEC_3991,decoy,O=C(CSc1cc(Cl)ccc1Cl)N[C@@H]1C(=O)N2C(C(=O)O)=C(COC(=O)c3ccc(O)cc3)CSC12,CHEMBL58805
DEC_1835,decoy,Cn1cncc1C(OCc1ccc(C#N)cc1-c1cc(Cl)cc(Cl)c1)c1ccc(C#N)nc1,CHEMBL289844
DEC_1877,decoy,COc1cccc2c1CC[C@H]1CN(CCn3c(=O)[nH]c4c(sc5ccc(Cl)nc54)c3=O)C[C@@H]21,CHEMBL295741
DEC_1602,decoy,c1ccc(CCCCCNCc2ccccc2)cc1,CHEMBL19315
DEC_1020,decoy,N#Cc1ccc2cc1Oc1ccc3cccc(c3c1)NC(=O)[C@@H](Cc1ccccc1)NC(=O)Cc1cncn1C2,CHEMBL52610
DEC_2790,decoy,Cc1cccc(C)c1OC(=O)NS(=O)(=O)Oc1c(C(C)C)cccc1C(C)C,CHEMBL24996
DEC_1985,decoy,O=C(Cn1cnc(C(F)(F)F)cc1=O)NCc1cc2cc(C(=O)N3CCC(N4C(=O)OCc5ccccc54)CC3)ccc2o1,CHEMBL32404
DEC_1096,decoy,CC(C)CC(NC(=O)C(O)C1OC(=O)CC1N)C1Cc2cccc(O)c2C(=O)O1,CHEMBL28891
DEC_2836,decoy,COC(=O)Nc1ccc2[nH]c(C(=O)N3CCN(c4ncccc4NC(C)C)CC3)cc2c1,CHEMBL415871
DEC_3180,decoy,CC(=O)NC(C(=O)N(C)C(C(=O)N/C=C\c1c(CC=C(C)C)[nH]c2ccccc12)C(C)C)C(C)C,CHEMBL295173
DEC_0531,decoy,O=C1NC(=O)c2c1c1c3ccccc3n3c1c1c2c2ccccc2n1[C@@H]1O[C@H]3C[C@H]1C(=O)O,CHEMBL290711
DEC_2554,decoy,O=C(NCCCn1ccnc1)c1cc(Br)c(Br)s1,CHEMBL8879
DEC_0382,decoy,O=NN(CCCl)C(=O)NC1CCC(CCl)CC1,CHEMBL12684
DEC_1791,decoy,O=C1O[C@H](c2ccc(Cl)cc2Cl)[C@@](Cn2cncn2)(c2ccc(Cl)cc2Cl)O1,CHEMBL10330
DEC_0365,decoy,CC1CCC(NC(=O)N(CCCl)N=O)CC1,CHEMBL12948
DEC_3278,decoy,CC(C)(N)C(=O)N[C@H](Cc1c[nH]c2ccccc12)C(=O)N1CCC2(CC1)Cc1ccccc1C2O,CHEMBL13891
DEC_3964,decoy,CCN1CCN(Cc2cc(=O)oc3c(C)c(O[C@@H]4OC(C)(C)[C@H](OC)[C@@H](OC(=O)c5ccc(C)[nH]5)[C@H]4O)ccc23)CC1,CHEMBL95996
DEC_1572,decoy,C/C(=C(\F)C(=O)Nc1ccc(-c2ccccc2S(N)(=O)=O)cc1Cl)c1cccc(C(=N)N)c1,CHEMBL38201
DEC_2163,decoy,OC[C@H]1[C@H]2C[C@H]3c4cc5c(cc4CCN3C[C@H]2CC[C@H]1O)OCO5,CHEMBL29380
ACT_057,active,O=S(=O)(c1ccc(Cl)c(Cl)c1)N(CC1CC1)C[C@@H](O)CN1CCN(C(c2ccccc2)c2ccccc2)CC1,CHEMBL1276932
DEC_2157,decoy,O=C(O)CCCNC(=O)N1CCC2(CC1)CCN(c1ccncc1)C2,CHEMBL12789
DEC_1173,decoy,CCn1cc(C(=O)O)c(=O)c2cc(C(C)=O)c(N3CCNCC3)cc21,CHEMBL29570
DEC_0549,decoy,CCC(C)c1ccc(N/N=C(\N=N\c2nnnn2-c2ccccc2)c2ccccc2)cc1,CHEMBL23344
DEC_2808,decoy,Cc1cc(OCCCON=C(N)N)cc(OS(=O)(=O)c2cccc3c2NCCC3)c1,CHEMBL289367
DEC_0881,decoy,COC(=O)N[C@@H](c1ccccc1)[C@@H](O)C(=O)OC1CC2C(C)(C)C1(C)[C@@]13C[C@H](C)c4ccccc4[C@@]21O3,CHEMBL283462
DEC_2394,decoy,CC(C)C[C@H](CC(=O)NO)C(=O)N[C@H]1Cc2cn(c3ccccc23)CCCCCCNC1=O,CHEMBL281795
DEC_2481,decoy,COc1cc(C(=O)N2CCC(CCN3CCC(C(N)=O)(c4ccccc4)CC3)(c3ccc(Cl)cc3)C2)cc(OC)c1OC,CHEMBL312173
DEC_4199,decoy,COc1nc(N[C@@H](Cc2ccc(NC(=O)c3c(F)cccc3C(F)(F)F)cc2)C(=O)O)nc(OC)n1,CHEMBL41745
DEC_3848,decoy,C[C@]12CCC3C(CC=C4C[C@@H](O)[C@H]5COC[C@]43C5)C1CC[C@@H]2OC1CC1,CHEMBL413593
DEC_1886,decoy,COc1ccccc1C(CN(C)C)c1nnc2n1-c1ccc(Cl)cc1C(c1ccccc1)=NC2,CHEMBL17016
DEC_2761,decoy,N#Cc1cccc2nc3c(N4CCN(CCc5ccc(F)c(F)c5)CC4)[nH]cnc-3c12,CHEMBL430925
DEC_1695,decoy,C[C@@H](n1cnc2cc(Sc3ccccc3)ccc2c1=O)[C@](O)(Cn1cncn1)c1ccc(F)cc1F,CHEMBL300113
DEC_1080,decoy,O=c1oc(Nc2ccccc2I)nc2cc(Cl)cc(Cl)c12,CHEMBL274173
DEC_0437,decoy,CN(C)C(=O)Cc1cc(Br)c(O)c(-c2[nH]c3ccc(C(=N)N)cc3c2Cc2ccccc2)c1,CHEMBL50090
DEC_2150,decoy,CCCOc1ccc2c(c1)[C@H](c1ccc(OC)cc1OCC(=O)O)[C@@H](C(=O)O)[C@@H]2c1ccc2c(c1)OCO2,CHEMBL48196
DEC_0994,decoy,CC(=O)N1N=C2/C(=C/c3cccc(C(F)(F)F)c3)CS(=O)(=O)CC2C1c1cccc(C(F)(F)F)c1,CHEMBL34606
DEC_0734,decoy,CC(C)(C)c1nc2c(C(F)(F)F)cccc2c(O)c1C(=O)Nc1nccs1,CHEMBL35161
DEC_0112,decoy,S=c1c2c(nc3n1CCCCC3)CCCC2,CHEMBL289644
DEC_4289,decoy,O=c1ccn(-c2ccc(Oc3ccc(Cl)cc3)c(Cl)c2)c(=O)[nH]1,CHEMBL276629
DEC_1711,decoy,C=C1CC2C3CCC4=CC(=O)C=CC4(C)[C@@]3(F)C(O)CC2(C)[C@@]1(OC(=O)c1ccco1)C(=O)COC(C)=O,CHEMBL40472
DEC_2462,decoy,CC(=O)Nc1ccc(/C=C/C(=O)NC[C@H]2CCCN2c2ccc(C)c(COc3cccc4ccc(C)nc34)c2C)cn1,CHEMBL292181
DEC_1942,decoy,c1ccc(N(c2ccccc2)c2ccc(CNCCCCNCc3ccc(N(c4ccccc4)c4ccccc4)cc3)cc2)cc1,CHEMBL22313
DEC_2999,decoy,CN1C(=O)C=C[C@]2(C)C3CC[C@@]4(C)C(CC[C@@]4(O)C#CCCCl)C3CCC12,CHEMBL9887
DEC_2451,decoy,[O-][n+]1ccc(CC(c2ccc(C(O)(C(F)(F)F)C(F)(F)F)cc2)c2ccc(OC(F)F)c(OC(F)F)c2)c(CO)c1,CHEMBL105243
DEC_1382,decoy,Clc1ccc2c(c1)N(Cl)[C@H](c1c[nH]c3ccc(Br)cc13)[C@@H]1CCO[C@H]21,CHEMBL25085
DEC_2024,decoy,O=C(O)CC/C=C\C[C@@H]1CO[C@H](c2cncc(/C(=C\CCCCC(=O)O)c3ccccc3)c2)O[C@@H]1c1ccccc1O,CHEMBL24984
DEC_0669,decoy,CCOC(=O)C(F)(F)C(NC(=O)C1CCCN1C(=O)C(C)NC(=O)C(C)NC(=O)OC(C)(C)C)C(C)C,CHEMBL20397
DEC_0123,decoy,C1=CC(=Nn2cccc2)C=CC1=Nc1ccccc1,CHEMBL24961
DEC_1593,decoy,C=CCNC(=O)/C=C(C)/C=C/CC(C)CCCC(C)C,CHEMBL37538
DEC_1793,decoy,CC[C@@](C)(c1ccc(O)cc1)[C@H](CCCCI)c1ccc(O)cc1,CHEMBL38819
DEC_3971,decoy,Cc1sc2nc(C(C)C)c(/C=C/[C@@H](O)C[C@@H](O)CC(=O)[O-])c(-c3ccc(F)cc3)c2c1-c1ccccc1.[Na+],CHEMBL24062
DEC_2594,decoy,CCN1CCN(c2cc3c(cc2F)c(=O)c(C(=O)O)cn3C2CC2)CC1,CHEMBL15511
DEC_4194,decoy,Cc1c(C)c2c(c(C)c1O)CCC(C)(CNCCOc1ccc(/C=C3\SC(=O)NC3=O)cc1)O2,CHEMBL6511
DEC_2008,decoy,CCCCCCc1ncc(-c2ccc(S(=O)(=O)Nc3ccc(CCNC[C@H](O)c4cccnc4)cc3)cc2)o1,CHEMBL285713
DEC_1556,decoy,CN(CCn1c(N)nc2cc(Cl)c(Cl)cc21)CCn1c(N)nc2cc(Cl)c(Cl)cc21,CHEMBL45109
DEC_3540,decoy,CCCC(C)n1c(CC)nc2c(-c3ccc(C(C)(C)O)cc3Cl)ccnc21,CHEMBL444011
DEC_4186,decoy,COc1cc(/C=N/NC(=O)Cn2c(C3CCNCC3)nc3cc(Cl)c(Cl)cc32)cc(O)c1OC,CHEMBL281384
DEC_1225,decoy,COc1cc2cc(C(=O)N3C[C@H]4C[C@@]45C3=CC(=O)c3[nH]c(C)c(C(=O)Sc4ccc6ccccc6c4)c35)[nH]c2c(OC)c1OC,CHEMBL433393
DEC_3603,decoy,CC(C)CN1C[C@](O)([C@H](CC2CCCCC2)NC(=O)CC(C)(C)C)C[C@H]1C(=O)NC(C)(C)C,CHEMBL290349
DEC_1189,decoy,CC(CS)C(=O)N1c2cc3c(cc2CC1C(=O)O)OCO3,CHEMBL24819
DEC_0261,decoy,COc1cc(NC(C)CCCN)c2ncccc2c1Oc1cccc(C(F)(F)F)c1,CHEMBL13059
DEC_3613,decoy,CCNCc1cc(Nc2cc(C(F)(F)F)nc(/N=C(\N)Nc3ccccc3)n2)ccc1OC,CHEMBL23738
DEC_0051,decoy,CCOC(=O)[C@@H](CC1CCCCC1)NC(=O)[C@H](CC(=O)O)NC(=O)CN(CC)C(=O)CCCC1CCNCC1,CHEMBL419851
DEC_4318,decoy,CN(CCCCCCN)CCCCCCCCN(C)CCCCCCNCCC(=O)N1c2ccccc2C(=O)Nc2cccnc21,CHEMBL132926
DEC_3016,decoy,CN(C)c1cccc2c(S(=O)(=O)Nc3ccc(Br)nc3)cccc12,CHEMBL266277
DEC_1541,decoy,CC1=CC2[C@H](C(O)CC3(C)[C@H]2C[C@@H](C)[C@]3(O)C(=O)CO)C2(C)Cc3cnn(-c4ccccc4)c3C=C12,CHEMBL279092
DEC_2614,decoy,COCCN[C@@H]1c2cc3c(cc2[C@@H](c2cc(OC)c(O)c(OC)c2)[C@H]2C(=O)OC[C@@H]21)OCO3,CHEMBL28556
DEC_3297,decoy,CNC(=O)[C@@H]1CCCCN(C(=O)OC(C)(C)C)CCC[C@H](C(=O)NO)[C@@H](CC(C)C)C(=O)N1,CHEMBL23725
DEC_1930,decoy,CC(=O)O[C@H]1c2ccc(CN(C)C)n2-c2cc(C(F)(F)F)ccc2S[C@H]1c1ccccc1,CHEMBL25124
DEC_2742,decoy,CC(C)(C)NC(=O)[C@@H]1CN(Cc2cccnc2)CCN1C[C@@H](O)C[C@@H](CC1CCCCC1)C(=O)N[C@H]1c2cccc(F)c2C[C@H]1O,CHEMBL146789
DEC_3967,decoy,C[C@@H](O)CNC(C)(C)CC(=O)N[C@@H]1CCc2ccccc2N(CC2=CCC(c3ccccc3-c3nn[nH]n3)CC2)C1=O,CHEMBL73300
DEC_1251,decoy,COc1ccc([S+]([O-])c2ccc(C3(C4CCN(C5CCN(C(=O)c6ccccc6C)CC5)CC4)OCCO3)cc2)cc1,CHEMBL115807
DEC_0559,decoy,COC(=O)CCSc1nnc(-c2cc(C(C)(C)C)c(O)c(C(C)(C)C)c2)s1,CHEMBL16698
DEC_0329,decoy,CCC(C)(C)/N=c1\c(O)c(O)\c1=N/Cc1c(Cl)cccc1Cl,CHEMBL20052
DEC_2645,decoy,CCCc1cc2c(ncn2C)c(=O)n1Cc1ccc(-c2ccccc2-c2nn[nH]n2)cc1,CHEMBL28163
DEC_1216,decoy,C=C(CC[C@H](O)[C@@]1(C)CC[C@H](C(C)(C)O)O1)[C@H]1CC[C@H]2O[C@@H]([C@]3(C)CC[C@@H](Br)C(C)(C)O3)CC[C@]2(C)O1,CHEMBL23600
DEC_1266,decoy,CCN(CC)C(=O)c1cc(=O)c(C)c2oc3c(C)c(O)c(N)c(C(=O)N(CC)CC)c3nc1-2,CHEMBL279002
DEC_3858,decoy,CCc1nc(CC)n(Cc2ccc3oc(-c4ccccc4NS(=O)(=O)C(F)(F)F)c(Br)c3c2)c1C(N)=O,CHEMBL107006
DEC_1326,decoy,[O-][n+]1ccc(CC(c2ccc(C3(O)CCC3)cc2)c2ccc(OC(F)F)c(OC(F)F)c2)cc1,CHEMBL266000
DEC_1826,decoy,Cc1nnc2n1-c1sc(/C=C\c3ccc(CC(C)C)cc3)cc1C(c1ccccc1Cl)=NC2,CHEMBL286229
DEC_0274,decoy,CCCCCCCCCCCCc1cccc(N2C(N)=NC(N)=NC2(C)C)c1,CHEMBL21254
DEC_3921,decoy,COc1cc2c(cc1OC)C(C)=[N+]([O-])C(c1cccs1)N2,CHEMBL30112
DEC_2501,decoy,C=C(Br)S(=O)(=O)OCCCl,CHEMBL17255
DEC_3648,decoy,O=C(c1ccccc1)C(Cc1ccc(C(F)(F)P(=O)(O)O)c(Br)c1)c1ccccc1,CHEMBL8758
DEC_2298,decoy,O=C(O)Cc1cc([N+](=O)[O-])c([N+](=O)[O-])cc1Oc1c(Cl)cc(Cl)cc1[N+](=O)[O-],CHEMBL30212
DEC_0644,decoy,CCCn1c(=O)c2nc(-c3cc(NC(=O)Cc4cc(OC)c(OC)c(OC)c4)nn3C)[nH]c2n(CCC)c1=O,CHEMBL32755
DEC_3679,decoy,O=S(=O)(Nc1ccc(CCNC[C@H](O)c2cccnc2)cc1)c1ccc(Cc2nc(Cc3ccc4ccccc4c3)cs2)cc1,CHEMBL61429
DEC_3824,decoy,CC(/C=C/C(O)=C1\C(=O)C2CCCN2C1=O)=C\c1ccc2ccccc2c1,CHEMBL10377
DEC_2569,decoy,O=C(O)COC1CCN(C(=O)N2CCC3(CCN(c4ccncc4)CC3)C2)CC1,CHEMBL13008
DEC_2026,decoy,CC(C)(Cc1ccccc1CC1C2CCC(O2)C1c1nc(C(=O)NCCCCC2CCCCC2)co1)C(=O)O,CHEMBL282186
DEC_3951,decoy,C=CCCC[C@H](OC(=O)[C@@H]1CCCCN1C(=O)C(=O)[C@]1(O)OCCC[C@H]1C)/C(C)=C/[C@@H]1CC[C@@H](O)[C@H](OC)C1,CHEMBL287350
DEC_0618,decoy,O=C1NC(=O)C(CC#Cc2cccc(Cl)c2)(S(=O)(=O)c2ccccc2)S1,CHEMBL12026
DEC_2998,decoy,O=C1NCc2c1c1c3ccccc3n3c1c1c2c2ccccc2n1CS(=O)(=O)C3,CHEMBL281448
DEC_3026,decoy,COc1cc2c(cc1OC)C(C)=[N+]([O-])C(c1c(F)c(F)c(F)c(F)c1F)N2,CHEMBL30129
DEC_3589,decoy,CCCCC[C@@H]1/C=C\C2[C@H](O)CC(=O)[C@@H]2CCCCCCC(=O)O1,CHEMBL12731
DEC_2261,decoy,CCN(CC)C(=O)c1c2nc3c(C(=O)N(CC)CC)ccc(C)c3oc-2c(C)c(=O)c1N,CHEMBL281115
DEC_1004,decoy,CN1C(=O)CSC(c2cccc(Cl)c2)c2cc(C(N)(c3ccc(Cl)cc3)c3cncn3C)ccc21,CHEMBL289417
DEC_2654,decoy,N#CN/C(=N/C1CCCC1)Nc1cccc(/C(=C\CCCC(=O)O)c2cccnc2)c1,CHEMBL21639
DEC_3033,decoy,CON=C1CCN(c2c(F)cc3c(=O)c(C(=O)O)cn(C4CC4)c3c2F)CC1,CHEMBL29175
ACT_085,active,CC(C)(C)OC(=O)N(C[C@H](O)c1cccc(NC(=O)[C@@H](NC(=O)OCc2ccccc2)c2ccccc2)c1)[C@H](CO)c1ccccc1,CHEMBL3086248
DEC_4210,decoy,O=C(N[C@H]1C[C@H](O)C[C@H]1OC(=O)c1cc(O)c(C(=O)c2c(O)cccc2C(=O)O)c(O)c1)c1ccc(O)cc1,CHEMBL67716
DEC_2257,decoy,O=C1[C@@H](NS(=O)(=O)c2cc3nc(Cl)ccc3s2)CCN1Cc1cc2c[nH]ccc-2n1,CHEMBL268835
DEC_2662,decoy,COc1ccc2[nH]c3c(C)c4ccnc(Nc5ccc(NS(C)(=O)=O)cc5)c4cc3c2c1,CHEMBL19814
DEC_0838,decoy,COc1c(Cl)c(O)nc(C(Cl)(Cl)Cl)c1Cl,CHEMBL275922
DEC_0275,decoy,CCOCc1cc(C(CC)C(CC)c2ccc(O)c(COCC)c2)ccc1O,CHEMBL15099
DEC_3556,decoy,O=S(=O)(Nc1cccc(Oc2cccc3cccnc23)c1)C(F)(F)F,CHEMBL17816
DEC_0926,decoy,N=C(N)c1ccc(C2=NOC(CC(=O)NC[C@H](NS(=O)(=O)NCCc3ccccc3)C(=O)O)C2)cc1.O=C(O)C(F)(F)F,CHEMBL279598
DEC_2373,decoy,CCNCC1CCN(c2c(F)cc3c(=O)c(C(=O)O)cn(-c4nccs4)c3c2F)C1,CHEMBL6299
DEC_4042,decoy,O=C1NC(=O)C(CC#Cc2ccccc2)(S(=O)(=O)c2ccccc2)S1,CHEMBL12072
DEC_2909,decoy,CCN(CC)Cc1cc(Nc2cc(C(F)(F)F)nc(/N=C(\N)Nc3ccc(Cl)c(Cl)c3)n2)ccc1OC(C)C,CHEMBL280523
DEC_1670,decoy,O=S(=O)(OCCCl)c1cc(Cl)c(Cl)cc1Cl,CHEMBL17012
DEC_0064,decoy,CC(C)[C@H](NC(=O)CCc1ccccc1)C(=O)N[C@@H](C)C(=O)NC(CC(=O)O)C(=O)CNCCc1ccccc1,CHEMBL58012
DEC_2350,decoy,N/C(=N/c1ccc(Br)cc1)NO,CHEMBL432287
DEC_0230,decoy,CCCNC(=N)c1ccc(-c2ccc(-c3ccc(C(=N)NCCC)cc3)o2)cc1,CHEMBL24341
DEC_1694,decoy,CCC(=O)OCC(=O)[C@@]1(OC(=O)c2ccco2)[C@H](C)CC2C3CCC4=CC(=O)C=CC4(C)[C@@]3(F)C(O)CC21C,CHEMBL289317
DEC_1923,decoy,O=C(Nc1nccs1)c1c(C(F)(F)F)nc2c(SC(F)(F)F)cccc2c1O,CHEMBL440947
DEC_4254,decoy,CSc1ccc(C(=O)c2ccc(-n3ncc(=O)[nH]c3=O)cc2Cl)cc1,CHEMBL6214
DEC_1950,decoy,C=C(C)[C@@H]1CC[C@]2(CNCCCCCCCCCCC(=O)O)CC[C@]3(C)[C@H](CCC4[C@@]5(C)CC[C@H](O)C(C)(C)[C@@H]5CC[C@]43C)[C@@H]12,CHEMBL10319
DEC_1016,decoy,C[C@]12CCC(=O)C(Br)=C1NCC1C2CC[C@@]2(C)C1CC[C@@H]2C(=O)NC12CC3CC(CC(C3)C1)C2,CHEMBL305855
DEC_3856,decoy,CCc1nc(CC(C)C)c(C(N)=O)n1Cc1ccc2oc(-c3ccccc3NS(=O)(=O)C(F)(F)F)c(Br)c2c1,CHEMBL320326
DEC_2767,decoy,COc1ccc(Oc2nccc(-c3c(-c4ccc(F)cc4)ncn3C3CCNCC3)n2)cc1,CHEMBL14478
DEC_1146,decoy,CCOC(=O)[C@]12CCC(C)(C)CC1C1C(=O)C=C3[C@@]4(C)C=C(C(=O)O)C(=O)C(C)(C)[C@@H]4CC[C@@]3(C)[C@]1(C)CC2,CHEMBL8385
DEC_2721,decoy,Cn1cc(CN2CCN(C[C@@H](O)C[C@@H](Cc3ccccc3)C(=O)NC3c4ccccc4C[C@H]3O)[C@H](C(=O)NC(C)(C)C)C2)ccc1=O,CHEMBL356205
DEC_1820,decoy,C=C1CCC2[C@](C)(CCC[C@]2(C)C(=O)OC)[C@H]1CCC1=CCC2=C(C1)C(=O)C=C(C)C2=O,CHEMBL22656
DEC_0410,decoy,OC[C@@]1(CCCCc2ccccc2)CC2C3Cc4ccc(O)c5c4C2(CCN3CC2CCC2)C(O5)[C@@H]1O,CHEMBL273257
DEC_1699,decoy,CCCCc1nc2ccn(CC(=O)N3CCCC3)c(=O)c2n1Cc1ccc(-c2ccccc2-c2nn[nH]n2)cc1,CHEMBL43424
DEC_1083,decoy,C=CC1=C(C(=O)O)N2C(=O)[C@@H](NC(=O)[C@H](N)c3ccc(O)cc3)[C@H]2SC1,CHEMBL18540
DEC_3841,decoy,NS(=O)(=O)c1ccc(-n2nc(C(F)(F)F)cc2-c2ccccc2F)cc1,CHEMBL418574
DEC_2968,decoy,CC(NC(=O)OC(C)(C)C)C(=O)OCO/C(=C1/C(=O)N(C(N)=O)c2cc(Cl)c(F)cc21)c1cccs1,CHEMBL50580
DEC_2338,decoy,N[C@H](CC1=CCCCc2onc(O)c21)C(=O)O,CHEMBL29971
DEC_1160,decoy,CCn1cc(C(=O)O)c(=O)c2c(N)c(F)c(N3C[C@H](N)[C@H]3C)c(F)c21,CHEMBL19366
DEC_3147,decoy,Cc1cccc(NC(=O)NNc2nc3ccccc3c(=O)n2-c2ccc(Cl)c(Cl)c2)c1,CHEMBL9535
DEC_0580,decoy,Fc1ccc(-c2ncn(C3CCNCC3)c2-c2ccnc(Oc3ccccc3)n2)cc1,CHEMBL275798
DEC_4310,decoy,CN(CCc1ccc2c(c1)OCO2)CC1CCCc2c1ccc1c2OCO1,CHEMBL276667
DEC_0193,decoy,Oc1ccc2c3c1OC1[C@H]4OC[C@@]4(CCCCc4ccccc4)CC4C(C2)N(CC2CC2)CCC341,CHEMBL9733
DEC_0483,decoy,Cc1cc(C)cc(NC(=O)Cc2ccc(OC3(C(=O)NCC(=O)O)CCCC3)cc2)c1,CHEMBL18337
DEC_0989,decoy,Cc1cc(CCc2cc3c(s2)-n2c(C)nnc2CN=C3c2ccccc2Cl)cc2c1OC(C)(C)C2,CHEMBL286337
DEC_0511,decoy,O=C1C(Cl)=C(Nc2ccc(I)cc2)C(=O)c2cnccc21,CHEMBL11408
DEC_3992,decoy,CC(C)[C@H](NC(=O)[C@@H]1Cc2ccccc2CN1C(=O)[C@@H](NC(=O)c1cccnc1)C(C)C)C(=O)c1nnc(C(C)(C)C)o1,CHEMBL26571
DEC_3799,decoy,CC(C)(C)c1cc(-c2nnc(SCCN)s2)cc(C(C)(C)C)c1O,CHEMBL274271
DEC_2131,decoy,CCCc1nc(CC)c(C(N)=O)n1Cc1ccc(-c2ccccc2S(=O)(=O)Nc2onc(C)c2C)c(C)c1,CHEMBL12106
DEC_0371,decoy,c1ccn(Nc2ccc(Nn3cccc3)cc2)c1,CHEMBL282648
DEC_3764,decoy,COc1cc(OC)c2c(c1)C(=O)c1cc(C(Br)Br)cc(OC)c1C2=O,CHEMBL39204
DEC_0711,decoy,CN1CC=C(c2c(O)cc(O)c3c(=O)cc(-c4ccc(Cl)cc4Cl)oc23)CC1,CHEMBL9094
DEC_3193,decoy,COc1ccc2c3c1OC1[C@H](O)[C@](CO)(CCCc4ccccc4)CC4C(C2)N(CC2CC2)CCC341,CHEMBL8938
DEC_2609,decoy,CN1C(=O)N(CCC(COc2ccc(-c3ccc(C#N)cc3)cc2)N(O)C=O)C(=O)C1(C)C,CHEMBL290457
DEC_2316,decoy,Nc1nc(O)c2c(n1)CCC(CBr)C2,CHEMBL25384
DEC_2461,decoy,CCCc1nc2c(n1Cc1ccc(-c3ccccc3S(=O)(=O)Nc3onc(C)c3C)c(CC#N)c1)C(=O)CCCC2,CHEMBL12144
DEC_3141,decoy,CC(C)=CCC[C@](C)(O)C1CC[C@]2(C)C1[C@H](O)CC1[C@@]3(C)CC[C@H](O)C(C)(C)C3[C@@H](O)C[C@]12C,CHEMBL28423
DEC_3127,decoy,CCC(=O)N1CCN(c2cc3c(cc2F)c(=O)c(C(=O)O)c2sc4ccccc4n23)CC1,CHEMBL290958
DEC_3837,decoy,Cc1cc(Cl)nnc1NS(=O)(=O)c1cccc2c(N(C)C)cccc12,CHEMBL415106
DEC_0857,decoy,Cc1cc(C)cc(-c2c(O)nc3cc(Cl)c(CC(=O)Nc4ccncn4)cc3c2OCCC2CCCCN2)c1,CHEMBL45501
DEC_2716,decoy,CC(C)[C@H](NC(=O)C(=O)Nc1ccc(Cl)c2ccccc12)C(=O)N[C@@H](CC(=O)O)C(=O)COc1c(F)c(F)cc(F)c1F,CHEMBL313158
DEC_0192,decoy,C=C(C)CN1C[C@H](OCC23C[C@@H]4[C@H](C)CC[C@H]4C4(C=O)CC2C=C(C(C)C)[C@@]34C(=O)O)OC[C@H]1C,CHEMBL284180
DEC_1760,decoy,C=C[C@@]12COC(=O)C(=C)[C@@H]1[C@H]1OC(=O)C(=C)[C@@H]1[C@@H](O)C2,CHEMBL290210
DEC_2780,decoy,CN1CC=C(c2c(O)cc(O)c3c(=O)cc(-c4ccccc4Br)oc23)CC1,CHEMBL8958
DEC_1059,decoy,C[C@@H]1CN(C(=O)N2Cc3c(C(=O)OC(C)(C)C)ncn3-c3ccccc32)C[C@H](C)N1C,CHEMBL14847
DEC_2796,decoy,Fc1ccc(-c2ncn(C3CCNCC3)c2-c2ccnc(Oc3ccccc3F)n2)cc1,CHEMBL14329
DEC_1081,decoy,O=C1CN2CCc3cncn3Cc3cccc(c3)Oc3ccc4cccc(c4c3)N1CC2,CHEMBL280181
DEC_0849,decoy,C=C1C[C@@]23O[C@]2(c2ccccc21)C1CC(OC(=O)[C@H](O)[C@@H](NC(=O)NCCCC)c2ccccc2)C3(C)C1(C)C,CHEMBL285386
DEC_0034,decoy,N#Cc1ccc2cc1Oc1ccc3cccc(c3c1)NC(=O)[C@@H](Cc1cccs1)NCc1cncn1C2,CHEMBL52921
DEC_1093,decoy,C/C=C/C1=C(C(=O)O)N2C(=O)[C@@H](NC(=O)[C@H](N)c3ccc(O)cc3)[C@H]2CO1,CHEMBL277997
DEC_1825,decoy,Cc1nnc2n1-c1sc(CCc3ccc4c(c3)CCC4)cc1C(c1ccccc1Cl)=NC2,CHEMBL289463
DEC_2333,decoy,C/N=C(\NC#N)Nc1ccc(-c2[nH]cnc2C)cc1,CHEMBL33079
DEC_2724,decoy,CC1(C)[C@@H]2CC[C@@]1(CS(=O)(=O)N1CCC3(CCc4ccccc43)CC1)[C@@H](NC(=O)CC(CC(N)=O)NC(=O)Cc1c[nH]cn1)C2,CHEMBL340676
DEC_3331,decoy,O=C1[C@@H]2C(c3ccccc3)NC3(Cc4ccccc4C3)[C@@H]2C(=O)N1c1ccc(Cl)c(Cl)c1,CHEMBL433225
DEC_4066,decoy,CC1C(N)CN1c1c(F)cc2c(=O)c(C(=O)O)cn(-c3ccc(F)cc3F)c2c1Cl,CHEMBL19313
ACT_011,active,Fc1ccccc1CSc1nc2ccc[nH]c-2n1,CHEMBL1601822
DEC_0542,decoy,CN1CCN(C(=O)N2Cc3c(C(=O)OC(C)(C)C)ncn3-c3ccc(Cl)cc32)CC1,CHEMBL278182
DEC_0208,decoy,CCCCc1nc2c(n1Cc1ccc(-n3cccc3-c3nn[nH]n3)cc1)/C(=C/C(=O)O)CCCC2,CHEMBL443000
DEC_2161,decoy,C[C@H](CS)C(=O)N1C[C@@H](Sc2ccc(Cl)cc2)C[C@H]1C(=O)O,CHEMBL276505
DEC_0612,decoy,Cc1cc(Br)ccc1C(=O)c1ccc(-n2ncc(=O)[nH]c2=O)cc1Cl,CHEMBL6352
DEC_4073,decoy,O=C1NC(=O)C(CC#Cc2ccc(Br)cc2)(S(=O)(=O)c2ccc(F)cc2)S1,CHEMBL11965
DEC_0544,decoy,CC(C)(C)c1cc(-c2nnc(SCCC(=O)O)s2)cc(C(C)(C)C)c1O,CHEMBL16753
DEC_0233,decoy,Cc1cc(C)cc(-c2[nH]c3ccccc3c2CCNCCCCc2ccncc2)c1,CHEMBL11009
DEC_2606,decoy,CCOCC(=O)N[C@H]1CCc2cc(OC)c(OC)c(OC)c2-c2ccc(OC)c(=O)cc21,CHEMBL30254
DEC_4145,decoy,Cc1ccc2cccc(OCc3c(Cl)ccc(N(C)C(=O)CNC(=O)/C=C/c4ccc(C(F)(F)F)cc4)c3C#N)c2n1,CHEMBL325255
DEC_0765,decoy,CCOc1nc(C(Cl)(Cl)Cl)c(Cl)c(OC(=O)COC)c1Cl,CHEMBL11668
DEC_2463,decoy,CC(=O)Nc1ccc(/C=C/C(=O)NC[C@@H]2CCCN2c2ccc(C)c(COc3cccc4ccc(C)nc34)c2C)cn1,CHEMBL55632
DEC_0752,decoy,O=C(c1ccc(Cl)cc1)C(O)(Cn1cncn1)c1ccc(Cl)cc1,CHEMBL276489
DEC_3025,decoy,OCCN1CCN(C2CC(c3ccc(F)cc3)c3ccc(C(F)(F)F)cc32)CC1,CHEMBL12628
DEC_0307,decoy,CCCC(O)C(O)(Cn1cncn1)c1ccc(Cl)cc1,CHEMBL10282
DEC_2932,decoy,O=C(COc1c(F)cc(-c2ccc(C(=O)O)cc2)cc1[N+](=O)[O-])NC(c1ccccc1)(c1ccccc1)c1ccccc1,CHEMBL298709
DEC_2398,decoy,CC(C)(N)C(=O)N[C@H](Cc1c[nH]c2ccccc12)C(=O)N1CCCC2(CCc3ccccc32)C1,CHEMBL269447
DEC_0147,decoy,CCN(CC)C(=O)c1ccc2[nH]c(-c3cc(C)cc(C)c3)c(CCN(C)CCCCc3ccncc3)c2c1,CHEMBL296199
DEC_2444,decoy,CC(C)=CCc1c(O)n(Cc2ccc(F)cc2)c2nc3c(c(=O)n(C)c(=O)n3C)n2c1=O,CHEMBL13013
DEC_2230,decoy,CN(C)P(=O)(Nc1ccc(Nc2c3ccccc3nc3ccccc23)cc1)N(C)C,CHEMBL20931
DEC_3944,decoy,CC1CN2C(=O)c3c(ncn3C)N(Cc3ccc(Cl)cc3)C2=N1,CHEMBL18959
DEC_1657,decoy,CC(C)[C@H]1OC(=O)O[C@]1(Cn1cncn1)c1ccc(Cl)cc1,CHEMBL273499
DEC_2311,decoy,O=C(O)[C@H]1C[C@H](/C=C/CP(=O)(O)O)CCN1,CHEMBL283032
DEC_1118,decoy,CCSCc1ccc2c(c1)c1c3c(c4c5ccccc5n5c4c1n2[C@@]1(C)O[C@@H]5C[C@]1(O)C(=O)OC)C(=O)NC3,CHEMBL288229
DEC_1714,decoy,C=C1C[C@@]23O[C@]2(c2ccccc21)C1CC(OC(=O)[C@H](O)[C@@H](NC(=O)OCC)c2ccc(Cl)cc2)C3(C)C1(C)C,CHEMBL32620
DEC_1746,decoy,[C-]#[N+]C[C@H]1OC(n2cc(C)c(=O)[nH]c2=O)C[C@H]1N=[N+]=[N-],CHEMBL282849
DEC_3670,decoy,COc1cc(C(=O)O)c2c(c1C)OC(=O)c1c(C)cc(O)c(CNc3ccc(NC(=O)CO[C@@H]4C[C@H](C)CC[C@H]4C(C)C)cc3)c1O2,CHEMBL326126
DEC_2041,decoy,CSc1ccc(CCCCNC(=O)c2coc(C3C4CCC(O4)C3Cc3ccccc3CCC(=O)O)n2)cc1,CHEMBL287068
DEC_3078,decoy,CSc1sc(C(=N)N)cc1-c1nc(C2CCCCC2)cs1,CHEMBL283859
DEC_0825,decoy,CNc1nnc(-c2cc(C(C)(C)C)c(O)c(C(C)(C)C)c2)s1,CHEMBL279755
DEC_2434,decoy,COc1cc2c(cc1OC)[C@@](O)(c1cc(OC)c(O)c(OC)c1)[C@H]1C(=O)OC[C@H]1C2=O,CHEMBL288503
DEC_3139,decoy,CNc1cc(NC(=O)OC)ccc1Nc1c2ccc(Br)cc2nc2c(C)cccc12,CHEMBL289548
DEC_3463,decoy,Cc1nnc2n1-c1sc(C#CCn3ncc4ccccc43)cc1C(c1ccccc1Cl)=NC2,CHEMBL283162
DEC_3980,decoy,C[C@H](O)CCNC(C)(C)CC(=O)N[C@@H]1CCc2ccccc2N(Cc2ccc(-c3ccccc3-c3nn[nH]n3)cc2)C1=O,CHEMBL329868
DEC_1605,decoy,CC(/C=C/CC(C)CCCC(C)C)=C\C(=O)N(C)C,CHEMBL415693
DEC_3032,decoy,O=C(O)COc1ccc(C2=NS(=O)(=O)c3ccccc32)c(Cl)c1Cl,CHEMBL25283
DEC_2186,decoy,CNC1(C)CN(c2c(F)cc3c(=O)c(C(=O)O)cn4c3c2OC[C@@H]4C)C1,CHEMBL19722
DEC_0386,decoy,O=P(O)(O)Oc1ccc(SC(F)(F)F)cc1,CHEMBL24336
DEC_3961,decoy,Cc1cn(C2CC(N=[N+]=[N-])C(COP(=O)(Nc3ccccc3)OCCSC(=O)C(C)(C)C)O2)c(=O)[nH]c1=O,CHEMBL52484
DEC_0249,decoy,COc1cc(NC(C)CCCN)c2ncccc2c1Oc1ccc(Cl)c(Cl)c1,CHEMBL273515
DEC_3835,decoy,O=c1cc(-c2ccc3c(c2)OCCO3)oc(O)c1SCc1ccccc1,CHEMBL14578
DEC_2206,decoy,CCC(c1ccc(O)cc1Br)C(CC)c1ccc(O)cc1Br,CHEMBL14834
DEC_3223,decoy,C=CCN1CCCC[C@H]1[C@H]1COC(c2ccccc2)(c2ccccc2)O1,CHEMBL27830
DEC_0512,decoy,CC(C)(C)C1CS(=O)(=O)C(c2ccc(Br)cc2)S(=O)(=O)C1,CHEMBL31872
DEC_0522,decoy,CO[C@]12C=CC3(CC14CCC[C@H]4O)C1Cc4ccc(O)c5c4C3(CCN1CC1CC1)[C@@H]2O5,CHEMBL281986
DEC_0120,decoy,CC12N[C@H](CC3=C1CCCC3)C1CCCCC12,CHEMBL275327
DEC_2712,decoy,CC(C)(C)NC(=O)c1ccccc1C[C@@H](O)[C@H](CSc1ccccc1)NC(=O)[C@H](CC(N)=O)NC(=O)c1ccc2ccccc2n1,CHEMBL163045
DEC_2479,decoy,COc1nc2c(OCc3c(Cl)ccc(N(C)C(=O)CNC(=O)/C=C/c4ccc(NC(C)=O)nc4)c3Cl)cccc2n1C,CHEMBL264751
DEC_2264,decoy,COC[C@H]1OC(O)=C(C=N)C2=C(O)C(=O)C3=C([C@H](OC(C)=O)C[C@]4(C)C(=O)CC[C@@H]34)[C@]21C,CHEMBL13330
DEC_0204,decoy,CCNC(=O)N(CCCN(C)C)C(=O)[C@@H]1C[C@@H]2c3cc(C(C)(C)C)cc4[nH]cc(c34)C[C@H]2N(C)C1,CHEMBL276013
DEC_1915,decoy,COc1cc2c(cc1OC)[C@H]1C(=O)c3ccc4c(c3O[C@@H]1CO2)Cc1cc(C(C)C)oc1C4,CHEMBL297612
DEC_1542,decoy,CC(C)(C)NC(=O)NC[C@@H]1Cc2ccccc2CN1/C(S)=N/C[C@H]1CCCN1C(=O)OC(C)(C)C,CHEMBL38511
DEC_0168,decoy,O=C(O)CCC/C=C\C[C@H]1/C(=N/OCC2CCCCC2)CC[C@@H]1NS(=O)(=O)c1ccc(Cl)cc1,CHEMBL280932
DEC_4134,decoy,CCNS(=O)(=O)Oc1cc(C(C)(C)C)c(SC2=C(O)OC(CCc3ccccc3)(C(C)C)CC2=O)cc1C,CHEMBL67867
DEC_0368,decoy,CC(=O)OC1CCC2(C)CC3CCC2(OO3)C1(C)C,CHEMBL37908
DEC_1857,decoy,Cc1c(S(=O)(=O)C(F)(F)F)cc(-c2ccc(S(C)(=O)=O)cc2)n1-c1ccc(F)cc1,CHEMBL44244
DEC_0935,decoy,C=CCC1Oc2cccc(COC)c2-c2ccc3c(c21)C(C)=CC(C)(C)N3,CHEMBL267670
DEC_0111,decoy,CC(C)(C)C1CCC2(CC1)OOCCCOO2,CHEMBL27792
DEC_0656,decoy,CSCC[C@H](NC(=O)c1ccc(COCc2ccc(-c3cccc(F)c3)o2)cc1-c1ccccc1C)C(=O)[O-].[Li+],CHEMBL11195
DEC_1296,decoy,COCCN(CCOC)c1nc(C)nc2c1nnn2-c1ccc(C(C)C)cc1Br,CHEMBL10504
DEC_4159,decoy,CCCCc1nc2ccn(CC(N)=O)c(=O)c2n1Cc1ccc(-c2ccccc2-c2nn[nH]n2)cc1,CHEMBL297358
DEC_1861,decoy,CC1(C)C=C(n2ccccc2=O)c2cc(S(=O)(=O)Nc3ccccc3Br)ccc2O1,CHEMBL267301
DEC_1823,decoy,CC(C)O/N=C(\OC(=O)c1ccc(C(=O)C(C)(C)C)cc1)c1ccc(C(=O)C(C)(C)C)cc1,CHEMBL289700
DEC_1065,decoy,CN1CCN(C(=O)N2Cc3c(C(=O)OC(C)(C)C)ncn3-c3ccc(Cl)cc32)CC1(C)C,CHEMBL279382
DEC_2252,decoy,C/N=C/C1=C(O)O[C@H](COC)[C@@]2(C)C1=C(O)C(=O)C1=C2[C@H](OC(C)=O)C[C@]2(C)C(=O)CC[C@@H]12,CHEMBL12997
ACT_051,active,CC1Cc2ccc(OC(=O)c3ccc(NC(=N)N)cc3)cc2OC1=O,CHEMBL4090604
DEC_0321,decoy,Cc1ccc(C(C)/N=c2\c(O)c(O)\c2=N/c2ccc(C#N)cc2)cc1,CHEMBL278535
DEC_3444,decoy,CCOC(=O)C1=C(c2ccc(-n3c(O)nc4cnccc43)cc2)NC(C)=C(C(=O)Nc2ccccn2)C1c1ccccc1Cl,CHEMBL107198
DEC_2984,decoy,C#CCN(Cc1cc2c(O)nc(C)nc2cc1C)c1ccc(C(=O)N[C@@H](C(=O)O)c2cccc([N+](=O)[O-])c2)c(F)c1,CHEMBL6271
DEC_2513,decoy,CC(CS)C(=O)N(CC(=O)O)C1CCCC1,CHEMBL23523
DEC_3579,decoy,COc1cccc2c1CCC[C@H]2CN(C)CCc1ccc2c(c1)CCN2,CHEMBL276236
DEC_2757,decoy,CCN(C)CC#CCCC1(C2(O)c3ccccc3Oc3ccccc32)SCCCS1,CHEMBL287758
DEC_1097,decoy,C[C@@H]1SCC(C(=O)N[C@@H](Cc2c[nH]cn2)C(=O)N2CCC[C@@H]2C(N)=O)NC1=O,CHEMBL29702
DEC_4021,decoy,C[C@H]1COc2c(N3CCN(C)CC3)c(F)cc3c(=O)c(C(=O)O)cn1c23,CHEMBL33
DEC_0124,decoy,OC(c1cncnc1)(c1cccs1)C1CC1,CHEMBL28860
DEC_0087,decoy,Cc1ccnc2c1CCC/C2=C\c1ccncc1,CHEMBL287051
DEC_1024,decoy,Oc1c(Br)cc(Br)cc1-c1cc(Br)cc(Br)c1O,CHEMBL32991
DEC_0419,decoy,OC[C@@]1(CCCc2ccccc2)CC2C3Cc4ccc(O)c5c4C2(CCN3CC2CCC2)C(O5)[C@@H]1O,CHEMBL9858
DEC_3633,decoy,CC(C)c1cccc(C(C)C)c1NC(=O)NS(=O)(=O)NC1c2ccccc2-c2ccccc21,CHEMBL21637
DEC_2801,decoy,N/C(=N/O)c1ccc(CCCn2ncc3c2nc(N)n2nc(-c4ccco4)nc32)cc1,CHEMBL22822
ACT_058,active,C#CCN(C)Cc1ccc(O)c2ncccc12,CHEMBL3291021
DEC_1139,decoy,Cc1nnc2n1-c1sc(C#CCN3C(=O)OCc4ccccc43)cc1C(c1ccccc1Cl)=NC2,CHEMBL20267
DEC_3973,decoy,CO[C@@H]1[C@@H](OC(=O)c2ccc(C)[nH]2)[C@@H](O)[C@H](Oc2ccc3c(N(C)CCN(C)C)cc(=O)oc3c2C)OC1(C)C,CHEMBL287166
DEC_1379,decoy,SC1=Nc2ccc(Br)cc2-c2nc(-c3ccccc3)cc(-c3ccccc3)c2C1,CHEMBL24094
DEC_0832,decoy,O=C(O)C1=Cc2cc(C(C3CCCCC3)n3ccnc3)sc2CC1,CHEMBL22759
DEC_4006,decoy,CCCc1c2oc(C(=O)O)cc(=O)c2cc2c(=O)cc(C(=O)O)n(CC)c12,CHEMBL746
DEC_0696,decoy,C[C@H](CCCC(C)(C)O)C1CCC2/C(=C/C3OOCC4=C3C[C@@H](O)CC4)CCCC21C,CHEMBL15752
DEC_3311,decoy,Cc1ccc(/C=C2\CS(=O)(=O)Cc3c(-c4ccc(C)cc4)nn(CC(F)(F)F)c32)cc1,CHEMBL287120
DEC_0312,decoy,N[C@H](COCc1ccc(Br)cc1)Cc1c[nH]cn1,CHEMBL418736
DEC_1060,decoy,O=C1c2ccccc2C(=O)N1CC#Cc1ccc2c(c1)C(c1ccccc1F)=NCc1nncn1-2,CHEMBL20325
DEC_4200,decoy,Nc1nc2c(ncn2C2C=CC(OCP(=O)(O)OP(=O)(O)C(F)(F)P(=O)(O)O)C2)c(=O)[nH]1,CHEMBL24118
DEC_2049,decoy,Cc1ccc(S(=O)(=O)N[C@H]2CC/C(=N\OC(c3ccccc3)c3ccccc3)[C@@H]2C/C=C\CCCC(=O)O)cc1,CHEMBL20105
DEC_4269,decoy,Cc1ccc(C2(Cn3ccnc3)OCC(c3ccccc3Cl)O2)cc1,CHEMBL30205
DEC_2315,decoy,C/C=C(\NC(=O)C1(C)CC1(Cl)Cl)C(=O)O,CHEMBL276189
DEC_2868,decoy,O=C1CN2CCc3cncn3Cc3ccc(C#CCCC(F)(F)F)c(c3)Oc3ccc4cccc(c4c3)N1CC2,CHEMBL283369
DEC_1033,decoy,O=C1NC(=O)c2c1c1c3ccccc3n3c1c1c2c2ccccc2n1C1COCC3S1(=O)=O,CHEMBL283399
DEC_1884,decoy,CCc1nc2c(n1Cc1ccc(-c3ccccc3-c3nn[nH]n3)cc1)/C(=C/C(=O)O)CCCC2,CHEMBL43591
DEC_2926,decoy,CC(C)c1cccc(C(C)C)c1NC(=O)NC1(C(=O)NCC(C)(C)c2ccccn2)CCc2[nH]c3ccccc3c2C1,CHEMBL82410
DEC_0787,decoy,COC(CN(C)C)c1nnc2n1-c1ccc(Cl)cc1C(c1ccccc1)=NC2,CHEMBL279843
DEC_0685,decoy,CCOC(=O)CNC(=O)[C@@H](CSCc1ccc(Br)cc1)NC(=O)CCC(N)C(=O)OCC,CHEMBL306128
DEC_0659,decoy,CCN(CC)C(=O)c1c2nc3c(C(=O)N(CC)CC)cc(OCC(O)CO)c(C)c3oc-2c(C)c(=O)c1N,CHEMBL20156
DEC_2727,decoy,CC(C)[C@H](O)C(=O)N1C[C@H](OC2CCCCC2)C[C@H]1C(=O)N[C@@H](CC(F)F)C(=O)NCCc1c(F)cc(C(=O)O)cc1F,CHEMBL305435
DEC_3022,decoy,O=S1O[C@H](c2ccccc2)[C@@](Cn2cncn2)(c2ccc(Cl)cc2Cl)O1,CHEMBL10268
DEC_2095,decoy,Clc1ccc(Sc2ccc(NC3=NCCN3)cc2)cc1,CHEMBL9883
DEC_2943,decoy,CCCCc1nc2ccc([C@@H]3C[C@H](CO)ON3C)cc2c(=O)n1Cc1ccc(-c2ccccc2-c2nn[nH]n2)cc1,CHEMBL300279
DEC_0390,decoy,CSc1sc(C(=N)N)cc1-c1nc(C)cs1,CHEMBL285330
DEC_4043,decoy,C[C@H]1COc2c(N3CC(C)(N(C)C)C3)c(F)cc3c(=O)c(C(=O)O)cn1c23,CHEMBL277876
DEC_0689,decoy,COC(=O)C(NP(=O)(OCC1OC(n2cc(C)c(=O)[nH]c2=O)CC1N=[N+]=[N-])Oc1ccccc1)C(C)C,CHEMBL9109
DEC_2855,decoy,CN(C)c1ccc([C@H]2C[C@@]3(C)C(CC[C@@]3(O)C#Cc3ccc(S(C)(=O)=O)cc3)C3CCC4=CC(=O)CCC4=C32)cc1,CHEMBL303081
DEC_0395,decoy,CO/C1=C\C(C)=C\[C@@H](C)[C@@H](O)[C@@H](C)C/C(C)=C/C=C/[C@H](OC)[C@@H]([C@@H](C)[C@@H](O)[C@H](C)C(=O)O)OC1=O,CHEMBL293082
DEC_0845,decoy,C=C(CC[C@H](O)[C@@]1(C)CC[C@H](C(C)(C)O)O1)[C@H]1CC[C@H]2O[C@@H]([C@]3(C)CC[C@@H](C(C)(C)OC)O3)CC[C@]2(C)O1,CHEMBL280735
DEC_0930,decoy,N=C(N)c1ccc(C2(Cc3ccccc3)NC(=O)N(CC(=O)N[C@@H](CC(=O)O)C(=O)N[C@H](C(=O)O)c3ccccc3)C2=O)cc1,CHEMBL430713
DEC_1156,decoy,CC(CS)C(=O)N(CC(=O)O)C1CSCCSC1,CHEMBL278993
DEC_1010,decoy,COC(=O)C1=C[C@]2(C)[C@H]3CC=C4C5CC(C)(C)CC[C@]5(C(=O)OC)CC[C@@]4(C)[C@]3(C)CC[C@H]2C(C)(C)C1=O,CHEMBL55218
DEC_1759,decoy,CC1(C)C=C2C(=O)C(C)(C)C(=O)C(C)(C)[C@@]2(O)OO1,CHEMBL34459
DEC_2779,decoy,C[C@H]1[C@@H](OCc2ccc(C(=O)O)cc2)O[C@@H]2O[C@@]3(C)CC[C@H]4[C@H](C)CC[C@@H]1[C@@]24OO3,CHEMBL277015
DEC_1342,decoy,CCN(CC)CC#CCCC1(C2(O)c3ccccc3CCc3ccccc32)SCCCS1,CHEMBL289989
DEC_1255,decoy,C=C(C)[C@@H]1CC[C@]2(C(=O)O)CC[C@]3(C)[C@H](CC[C@@H]4[C@@]5(C)CC[C@H](OC(=O)COCC(=O)O)C(C)(C)[C@@H]5CC[C@]43C)[C@@H]12,CHEMBL263957
DEC_2155,decoy,Cc1csc2c(C(=O)O)c(=O)c3cc(F)c(N4CCNCC4)cc3n12,CHEMBL31199
DEC_2956,decoy,CCOc1ccc2c(c1)[C@@H](c1cccc(OC)c1OCC(=O)O)N(CC(=O)O)[C@@H]2c1ccc2c(c1)OCO2,CHEMBL300000
DEC_1643,decoy,CC(=O)SCC(=O)c1cc(C(C)(C)C)c2c(c1)C(C)(C)CO2,CHEMBL275799
DEC_1309,decoy,CCCc1cc(Cn2c(CC)nc3c(C)cc(C)nc32)ccc1OC(C(=O)O)c1ccccc1C,CHEMBL15788
DEC_2075,decoy,Cc1ccc([C@H](O)[C@@H]2CCCc3cc(C)cnc32)cc1,CHEMBL34654
DEC_2168,decoy,Cc1c(F)c(N2CCNCC2)c(F)c2c1c(=O)c(C(=O)O)cn2C1CC1,CHEMBL16001
DEC_3820,decoy,Cc1noc(NS(=O)(=O)c2ccc(N/C(S)=N/c3ccccc3)cc2)c1C,CHEMBL27256
DEC_1412,decoy,COc1cc([C@@H]2c3cc4c(cc3[C@@H](O)[C@H]3COC(=O)[C@@H]23)OCO4)cc(OC)c1OC,CHEMBL24706
DEC_2283,decoy,CC1=NN(c2ccccc2)C(=O)C1/N=N/c1ccc(S(=O)(=O)Nc2ncccn2)cc1,CHEMBL281997
DEC_3810,decoy,CSc1sc(C(=N)N)cc1-c1nc(-c2cccnc2Cl)cs1,CHEMBL285818
DEC_1155,decoy,Cc1nnc2n1-c1ccc(C#CCN3C(=O)CSc4ccccc43)cc1C(c1ccccc1F)=NC2,CHEMBL277618
DEC_0897,decoy,N=C(N)N1CCC[C@H](NC(=O)CNC(=O)[C@@H](CCNC(=O)c2cnc3ccccc3c2)NS(=O)(=O)Cc2ccccc2)C1O,CHEMBL115902
DEC_2734,decoy,NC(N)=NCCCC(NC(=O)[C@@H]1CCCN1C(=O)[C@H](N)C(c1ccccc1)c1ccccc1)C(=O)CCC(=O)N1CCCCC1,CHEMBL115374
DEC_3640,decoy,CC(=N)N1CCC(Oc2ccc(NC/C=C/c3cccc(C(=N)N)c3)cc2C(F)(F)F)CC1,CHEMBL26500
DEC_0808,decoy,CC(C)(C)c1cc(-c2nsc(NC#N)n2)cc(C(C)(C)C)c1O,CHEMBL17229
DEC_1106,decoy,CC(=O)[C@@]12OC(C)(c3ccc(N=C=S)cc3)O[C@@H]1CC1C3CCC4=CC(=O)CC[C@]4(C)C3CC[C@@]12C,CHEMBL13565
DEC_0282,decoy,COC(=O)[C@@H]1CSCc2c(O)ccc(C)c2C(=O)OCC(NC(=O)OC(C)(C)C)C(=O)N1,CHEMBL288934
ACT_071,active,O=C(OC1CCSc2ccc(Br)cc21)[C@H]1C[C@]2(CN1)C(=O)Nc1ccccc12,CHEMBL2181983
DEC_3148,decoy,CC(C(Cc1ccc(Cl)cc1)c1ccc(Cl)cc1)N(C)C(=O)CC(CC(=O)O)C(=O)O,CHEMBL284338
DEC_1736,decoy,COc1ccc(C2(O)OC(=O)C(c3ccc4c(c3)OCO4)=C2Cc2cc(OC)c(OC)c(OC)c2)cc1C,CHEMBL11369
DEC_1911,decoy,CN(C)CC#CCCC1(C2(O)c3ccccc3Sc3ccccc32)SCCCS1,CHEMBL41269
DEC_2816,decoy,Cc1noc(NS(=O)(=O)c2cccc3c(NCCCC(=O)O)cccc23)c1C,CHEMBL418202
DEC_2546,decoy,NC1=NC(c2nccs2)Cc2ccccc21,CHEMBL274402
DEC_1851,decoy,CC1(C)C(=O)N(c2ccc(C#N)c(C(F)(F)F)c2)C(=O)N1C/C=C/I,CHEMBL9389
DEC_3546,decoy,COc1cccc2c1CCC[C@H]2CN(C)CCc1ccc2ncccc2c1,CHEMBL10411
DEC_0885,decoy,CCOC(=O)N[C@@H](c1ccc(O)cc1)[C@@H](O)C(=O)OC1CC2C(C)(C)C1(C)[C@@]13C[C@H](C)c4ccccc4[C@@]21O3,CHEMBL285974
DEC_3006,decoy,OC1(C#Cc2ccc(Sc3ccc(Br)cc3)cc2)CN2CCC1CC2,CHEMBL25366
DEC_2175,decoy,O=C(O)CCNC1CCC2(CC1)CCN(c1ccncc1)CC2,CHEMBL285691
DEC_4046,decoy,O=C(O)CCN1CCN(C(=O)N2CCC3(CC2)CCN(c2ccncc2)C3)CC1,CHEMBL13057
DEC_4241,decoy,CCNCC1CCN(c2c(F)c(C)c3c(=O)c(C(=O)O)cn(C4CC4)c3c2F)C1,CHEMBL16371
DEC_2850,decoy,CC(=O)c1cc(NC(=O)c2cccs2)ccc1OCC(O)CNC(C)(C)C,CHEMBL7910
DEC_0889,decoy,O=P(O)(O)C(Cc1ccc2ccccc2c1)N[C@@H](Cc1ccc(-c2ccccc2)cc1)c1nnn[nH]1,CHEMBL415967
DEC_0251,decoy,CCCC(=O)NC[C@@H]1C[C@H]1c1cccc2c1OC(CCCCc1ccccc1)N2,CHEMBL19026
DEC_0683,decoy,CSCC[C@H](NC(=O)c1ccc(COCc2ccc(-c3ccc(F)cc3)o2)cc1-c1ccccc1C)C(=O)[O-].[Li+],CHEMBL273697
DEC_2017,decoy,O=C(O)CCCCCC[C@H]1[C@H](CNS(=O)(=O)c2ccc(Cl)cc2)C2CC1(c1ccc(-c3ccccc3)cc1)CO2,CHEMBL268960
ACT_042,active,CC(=O)N1CCN(C(=S)c2ccc(N(C)C)cc2)CC1,CHEMBL1312649
DEC_4295,decoy,CC(C)Oc1ccc(Sc2ccc(NC3=NCCN3)cc2)cc1,CHEMBL9604
DEC_1032,decoy,Cc1cc(C)c(S(=O)(=O)[O-])c(C)c1.Cc1cc2c3c(cc[n+]2nc1C)[nH]c1ccccc13,CHEMBL286081
DEC_3957,decoy,CCC(=O)OCc1c([C@@](O)(CC)C(=O)NCCN(C)C)cc2n(c1=O)Cc1c-2nc2ccc(O)cc2c1[Si](C)(C)C,CHEMBL322525
DEC_2342,decoy,CC1(C)S[C@@H]2[C@@H](CS)C(=O)N2[C@H]1C(=O)O,CHEMBL277225
DEC_1046,decoy,CN(C)C[C@@H]1C[C@@H]2O[C@H]1n1c3ccccc3c3c4c(c5c6ccccc6n2c5c31)C(=O)NC4=O,CHEMBL290054
DEC_1295,decoy,CCCCN(Cc1ccc(-c2ccccc2-c2nn[nH]n2)cc1)c1ncnc2ccc(C(=O)O)nc12,CHEMBL48799
DEC_0959,decoy,Cc1ccccc1-c1cc(N(Cc2ccccc2)Cc2c[nH]cn2)ccc1C#N,CHEMBL282368
DEC_3168,decoy,O=C(O)CCC/C=C\C[C@H]1[C@H](NS(=O)(=O)c2ccc(F)cc2)C2CC1(c1ccc(F)cc1)CO2,CHEMBL10680
DEC_1354,decoy,Cc1cc(C)cc(NC(=O)Cc2ccc(OC3(C(=O)N[C@H](C(=O)O)C(C)C)CCCC3)cc2)c1,CHEMBL18563
DEC_0769,decoy,CSc1ccc2c(c1)[C@@H](N1CCN(C)CC1)Cc1ccccc1S2,CHEMBL428892
DEC_1898,decoy,C=C1CCC2[C@](C)(CCC[C@]2(C)C(=O)OC)[C@H]1CCC12Cc3c(O)ccc(O)c3CC1O2,CHEMBL281377
DEC_3619,decoy,CCCCS(=O)(=O)Nc1cccc(C(c2c(O)c3c(oc2=O)CCCCCC3)C2CC2)c1,CHEMBL16483
DEC_1232,decoy,COC(=O)c1c(C(F)(F)F)[nH]c2c(O)cc3c(c12)[C@H](CCl)CN3C(=O)c1cc2cc(OC)c(OC)c(OC)c2o1,CHEMBL32785
DEC_3386,decoy,COc1cc([C@@H]2c3[nH]c4ccc5ccccc5c4c3C[C@H]3COC(=O)N32)cc(OC)c1O,CHEMBL10683
DEC_3778,decoy,COCN1CN(c2ccccc2)C2(CCN(C3CCc4cccc(Cl)c4C3)CC2)C1=O,CHEMBL283432
DEC_0018,decoy,Cc1nnc2n1-c1sc(C#CCN3C(=O)CCc4ccccc43)cc1C(C1=CC(=O)CC=C1Cl)=NC2,CHEMBL281780
DEC_1278,decoy,CCOC(=O)N[C@H]1CCc2cc(OC)c(OC)c(OC)c2-c2ccc(SC)c(=O)cc21,CHEMBL19671
DEC_3608,decoy,CNc1cc(NS(C)(=O)=O)ccc1Nc1c2ccc(Br)cc2nc2c(C)cccc12,CHEMBL51723
DEC_2637,decoy,C=CCN[C@@H]1c2cc3c(cc2[C@@H](c2cc(OC)c(O)c(OC)c2)[C@H]2C(=O)OC[C@@H]21)OCO3,CHEMBL288788
DEC_2400,decoy,COc1ccc(C2=CCc3ccccc3N=C2N2CCN(C)CC2)cc1.O=C(O)/C=C/C(=O)O,CHEMBL16822
DEC_4044,decoy,CCCN1CCN(c2cc3c(cc2F)c(=O)c(C(=O)O)cn3NC)CC1,CHEMBL273901
DEC_3918,decoy,OC(c1ccc(Br)cc1)(c1cncnc1)C1CC1,CHEMBL28465
DEC_2974,decoy,CCO/C(O)=C1\C(COCc2cc(OC)nc(N)n2)=NC(C)=C(C(=O)OC)C1c1cccc(Cl)c1Cl,CHEMBL78867
DEC_0899,decoy,CC(C)(c1ccc(O)cc1)c1ccc(O)c(C(=O)NCC2OC(CC(=O)N[C@H](CCC(=O)O)C(=O)O)C(O)C(O)C2O)c1,CHEMBL40110
DEC_1747,decoy,O[C@@H]1CCC2CN3CCc4cc5c(cc4[C@H]3C[C@@H]2C1)OCO5,CHEMBL280650
DEC_1043,decoy,C[C@@H]1CN(C(=O)N2Cc3c(C(=O)OC(C)(C)C)ncn3-c3ccc(Cl)cc32)C[C@H](C)N1C,CHEMBL276143
DEC_0255,decoy,Cc1cc(C)cc(-c2[nH]c3ccccc3c2CCNCCCCc2cccnc2)c1,CHEMBL262715
DEC_3545,decoy,CN(C)CCCOc1ccccc1/C=C(\C#N)c1noc2ccc(Cl)cc12,CHEMBL22383
DEC_0906,decoy,CC(=O)O.CCN(CCc1ccc2ccccc2c1)C(=O)CNC(=O)[C@@H](CCCN=C(N)N)NC(=O)[C@@H](N)Cc1ccc(O)cc1,CHEMBL274339
DEC_3389,decoy,CC(=O)S[C@@H]1CC2=CC(=O)CCC2(C)C2CCC3(C)C(CC[C@@]34CCC(=O)O4)C21,CHEMBL30458
DEC_1221,decoy,CCSCc1ccc2c(c1)c1c3c(c4c5cc(CSCC)ccc5n5c4c1n2C1C[C@](O)(C(=O)OC)[C@]5(C)O1)CNC3=O,CHEMBL299496
DEC_1000,decoy,COC(=O)[C@]12CCC(C)(C)CC1C1=CC[C@@H]3[C@@]4(C)C=C(C(N)=O)C(=O)C(C)(C)[C@@H]4CC[C@@]3(C)[C@]1(C)CC2,CHEMBL292387
DEC_2327,decoy,C/C=C(\NC(=O)C1CC1(Cl)Cl)C(=O)O,CHEMBL12086
DEC_2895,decoy,CCc1nc(CC)n(Cc2ccc3oc(-c4ccccc4NS(=O)(=O)C(F)(F)F)c(Br)c3c2)c1C(=O)NC,CHEMBL293791
DEC_3283,decoy,O=C(NO)[C@H]1C[C@@H](O)CCN1S(=O)(=O)c1ccc(OCc2ccccc2C(F)(F)F)cc1,CHEMBL283711
DEC_1685,decoy,CC(/C=C/C(O)=C1\C(=O)CN(C)C1=O)=C\C(C)C1CCCCC1,CHEMBL10882
DEC_3573,decoy,Clc1cc(Cl)cc(COCC2(c3ccccc3)CCNCC2)c1,CHEMBL23617
DEC_1881,decoy,COC(=O)Cc1ccc(-n2cc(C3CCN(CCN4CCNC4=O)CC3)c3cc(Cl)ccc32)cc1,CHEMBL415944
DEC_3073,decoy,Cc1cc(Br)cc(-c2ccc3c(c2)C(C)(C)OC(S)=N3)c1,CHEMBL26764
DEC_4239,decoy,CN1CCC23c4c5ccc(O)c4O[C@H]2C=C[C@H](N(CCCl)CCCl)[C@H]3C1C5,CHEMBL12397
DEC_3211,decoy,CN(CC(=O)c1cc(C(C)(C)C)c2c(c1)C(C)(C)CO2)CC1CC1,CHEMBL14266
DEC_2423,decoy,O=C(CBr)N[C@@H]1CCC2(O)C3Cc4ccc(O)c5c4C2(CCN3CC2CC2)C1O5,CHEMBL28051
DEC_1007,decoy,CN(C)C(=N)c1ccc(NC(=O)c2cc(C(F)(F)F)nn2-c2ccc3cc(Cl)ccc3c2)c(F)c1,CHEMBL20438
DEC_2565,decoy,CCCc1c(O)n(Cc2cccs2)c2nc3c(n2c1=O)C(=O)N(C)CN3C,CHEMBL14133
DEC_2038,decoy,CCOP(=O)(OCC)N1C(=O)[C@H](CCCCC(=N)N)[C@H]2c3ccc(-c4cccc(C(=O)N(CC)CC)c4)cc3C[C@@H]21,CHEMBL46365
DEC_2906,decoy,NCc1ccc(N(CCC(=O)O)C(=O)[C@H](Cc2ccc3ccccc3c2)N=C(NC2CCCCC2)NC2CCCCC2)cc1,CHEMBL58259
DEC_0622,decoy,CC(C)(C)OC(=O)c1ncn2c1CN(C(=O)N1CC3CCC(C1)N3)c1cc(Cl)ccc1-2,CHEMBL274982
DEC_4090,decoy,O=C(Nc1nccs1)c1c(C(F)(F)F)nc2c([S+]([O-])C(F)(F)F)cccc2c1O,CHEMBL430546
DEC_0527,decoy,CN1C(=O)SC(S(=O)(=O)c2cccc3c(Br)cccc23)C1=O,CHEMBL30688
DEC_2798,decoy,O=c1nc(/N=C/N(c2ccc(F)cc2)c2ccc(F)cc2)ccn1C1CSC(CO)O1,CHEMBL18676
DEC_1784,decoy,CCc1c(Cl)nc(NC)nc1N1CCN(C)CC1,CHEMBL35502
DEC_3295,decoy,Cc1c(S(=O)(=O)N[C@H]2CCN(Cc3cc4cc[nH]cc-4n3)C2=O)sc2ccc(Cl)cc12,CHEMBL8251
DEC_2504,decoy,CN(CCBr)CCBr,CHEMBL12384
DEC_1384,decoy,CN1c2cc3c(cc2N=C(c2ccc(C(=O)O)cc2)c2ccccc21)C(C)(C)CCC3(C)C,CHEMBL37708
DEC_1676,decoy,CCCCc1ccc(N)c(C[S+]([O-])c2nc3ccccc3[nH]2)c1,CHEMBL20321
DEC_0333,decoy,Cc1noc(NS(=O)(=O)c2ccc(N)c3ccccc23)c1C,CHEMBL286406
DEC_1908,decoy,Cc1nc(N2CCOCC2)c2sc(=S)n(-c3ccc(C(C)C)cc3Br)c2n1,CHEMBL280449
DEC_3269,decoy,C[C@@H]1CC2C3CCC4=CC(=O)C=C[C@]4(C)[C@@]3(F)[C@@H](O)C[C@]2(C)[C@@]1(O)C(=O)CSCCN=C=S,CHEMBL48439
DEC_3681,decoy,COc1cccc(CNc2ccc(CNC(=O)CO[C@@H]3C[C@H](C)CC[C@H]3C(C)C)cc2)c1Oc1ccc([N+](=O)[O-])cc1C(=O)O,CHEMBL112371
DEC_3380,decoy,Cc1ccc(-c2cc(C(F)(F)F)nn2-c2ccc(S(N)(=O)=O)cc2)c(C)c1,CHEMBL283038
ACT_052,active,Fc1ccc(-c2cnc(-c3cccc(-c4cnc(-c5c[nH]c6cc(F)ccc56)[nH]4)c3)[nH]2)cc1,CHEMBL4100768
DEC_1298,decoy,CNC(=S)[C@@]1(c2cccnc2)CCCC[C@@H]1CCNS(=O)(=O)c1ccc(OC)cc1,CHEMBL296446
DEC_2553,decoy,CC(C)CN(C1=NCCN1)c1c(Br)cccc1Br,CHEMBL19924
DEC_1973,decoy,Cn1c(CNC(=O)Cn2cc(C(F)(F)F)ccc2=O)cc2ccc(C(=O)N3CCC(N4C(=O)OCc5ccccc54)CC3)cc21,CHEMBL281106
DEC_0183,decoy,CCCCc1cn(-c2ccccc2C)c(=O)n1Cc1ccc(-c2ccccc2-c2nn[nH]n2)nc1,CHEMBL276689
DEC_1418,decoy,COc1cc([C@@H]2c3cc4c(cc3[C@H](O)[C@H]3COC(=O)[C@H]23)OCO4)cc(OC)c1O,CHEMBL28941
DEC_2610,decoy,CCCCc1nn(C)c(C(=O)O)c1Cc1ccc(-c2ccccc2-c2nn[nH]n2)cc1,CHEMBL21713
DEC_1655,decoy,CCCC1CCNc2cc3nc(O)cc(C(F)(F)F)c3cc21,CHEMBL280865
DEC_2083,decoy,Cc1ccc(-c2nnc(O)c(C#N)c2-c2ccc(C)cc2)cc1,CHEMBL31509
DEC_1323,decoy,O=C1NCCN1CCCCN1CCC(c2cn(-c3ccc(F)cc3)c3ccc(Cl)cc23)CC1,CHEMBL274648
DEC_0069,decoy,CCNC(CC(C)C)C(=O)NC(=O)[C@H](CC(C)C)NC(=O)C(CCCc1ccccc1)C(O)CS,CHEMBL273762
DEC_3106,decoy,NS(=O)(=O)c1ccc(-n2nc(C(F)(F)F)c(Cl)c2-c2ccc(Cl)cc2)cc1,CHEMBL280636
DEC_2219,decoy,C[C@H](CCc1ncc[nH]1)C1CC[C@@]2(C)C3=C(CC[C@]12C)[C@@]1(C)CC[C@H](O)C(C)(C)C1CC3,CHEMBL9864
DEC_3162,decoy,CCN(CC)CCn1nc2c3c(c(NCCN4CCOC4=O)ccc31)Sc1ccc(O)cc1-2,CHEMBL39515
DEC_0396,decoy,Cc1ccc(S(=O)(=O)N[C@@H]2C3CC(c4ccc(O)cc4)(CO3)[C@H]2C/C=C/CCCC(=O)O)cc1,CHEMBL273661
DEC_3200,decoy,O=C1C2C3C=CC(C4CC34)C2C(=O)N1CCCCc1ccncc1,CHEMBL32094
DEC_2360,decoy,CC(=O)N1CCC[C@@H]1C/N=C(\S)N1Cc2ccccc2C[C@H]1CNC(=O)NC(C)(C)C,CHEMBL441427
DEC_2703,decoy,NCCCCCNC(=O)N1CCN(C(=O)O[C@H]2CCC[C@@H](OC(=O)N3CCN(C(=O)NCCCCCN)CC3)CCC2)CC1,CHEMBL308764
DEC_3383,decoy,CC(C)c1ccc2c(=O)oc(Nc3ccccc3I)nc2c1,CHEMBL10392
DEC_1136,decoy,O=C(Nc1ccc(Cl)c(Cl)c1)[C@H]1[C@H](c2ccccc2)O[C@@]23C(=O)c4ccccc4[C@@H]2OC(=O)[C@@H]13,CHEMBL283182
DEC_3065,decoy,CCn1c(-c2c(Cl)cc(O)cc2Cl)cc2c(Cl)cc(O)cc21,CHEMBL15769
DEC_3855,decoy,COC(=O)c1cc(C(=O)c2cc(NC(=O)CCn3c4ccccc4c4c5c(c6c7ccccc7[nH]c6c43)C(=O)NC5)cn2C)cn1C,CHEMBL97117
DEC_0318,decoy,CCC(C)(C)/N=c1\c(O)c(O)\c1=N/Cc1c(C)cccc1Cl,CHEMBL20062
DEC_0895,decoy,CC(=O)O.CCN(CCc1ccc(F)cc1)C(=O)CNC(=O)[C@@H](CCCN=C(N)N)NC(=O)[C@@H](N)Cc1ccc(O)cc1,CHEMBL274429
DEC_4087,decoy,C[C@@H]1CN(C(=O)N2c3cc(Cl)ccc3-n3cnc(C(=O)OC(C)(C)C)c3C2(C)C)C[C@H](C)N1,CHEMBL277584
DEC_3733,decoy,CCN1C(=O)c2c(nc(Cc3ccccc3)n2Cc2ccccc2C)N2C1=N[C@@H]1CCC[C@@H]12,CHEMBL26498
DEC_2729,decoy,CC(C)(NC(=O)CCc1ccc(OCn2cnnn2)c(P(=O)(O)O)c1)c1ccc(OCC2CCCCC2)c(C(N)=O)c1,CHEMBL311114
DEC_2326,decoy,NC(C(=O)O)C1CCC(CP(=O)(O)O)CC1,CHEMBL27859
DEC_0212,decoy,O=C(O)c1ccc(C(Cc2cc[n+]([O-])cc2)c2ccc(OC(F)F)c(OC(F)F)c2)cc1,CHEMBL32153
DEC_0713,decoy,C=C1CC[C@H](O)C(O)/C1=C/C=C1\CCCC2(C)C1CCC2[C@H](C)CCCC(C)(C)O,CHEMBL15856
DEC_2829,decoy,COC(=O)c1cc(NC(=O)c2cccs2)ccc1OCC(O)CNC(C)C,CHEMBL7985
DEC_1525,decoy,COc1cc2c(c(OC)c1OC)-c1ccc(OC)c(=O)cc1C(NC(C)=O)CC2,CHEMBL87
DEC_1438,decoy,C[C@H](N)Cc1c2c(c(Br)c3c1OCC3)OCC2.Cl,CHEMBL263078
DEC_3846,decoy,O=C(c1ccccc1I)c1ccc2n1CCC2C(=O)O,CHEMBL9120
DEC_3671,decoy,O=C(O)CCNC(=O)[C@H](Cc1ccc(-c2ccccc2)cc1)NCP(=O)(OC1CCc2ccccc21)OC1CCc2ccccc21,CHEMBL146021
DEC_1178,decoy,Cc1ccc(S(=O)(=O)Nc2nc3nc(C)cc(C)n3n2)cc1,CHEMBL11836
DEC_0006,decoy,N#Cc1cc(-c2ccoc2)c2ccc(CSc3cc(F)cc(C4(O)CC5COC(C4)O5)c3)cc2n1,CHEMBL280348
DEC_4273,decoy,CCCCSc1ccccc1C1N=C(SC)N=C2COC(O)=C21,CHEMBL23642
DEC_3956,decoy,CCS(=O)(=O)c1ccc2c(c1)/C(=C/c1[nH]c3c(c1CCCN1CCN(CC(=O)O)CC1)CCCC3)C(=O)N2,CHEMBL300853
DEC_1175,decoy,CC1(C)C[C@H]2[C@@H]3OC(C)(C)O[C@@H]3CC[C@@]2(COS(N)(=O)=O)C1,CHEMBL26585
DEC_0571,decoy,CCc1cc(NCc2ccc(-c3ccccc3-c3nn[nH]n3)cc2)c(Cl)c(CC)n1,CHEMBL32648
DEC_3256,decoy,CCN1C(=O)c2c(nc(C(N)=O)n2Cc2ccc(O)c(Br)c2)N2C1=N[C@@H]1CCC[C@@H]12,CHEMBL286723
DEC_3716,decoy,CN1CCC23c4c5ccc(O)c4OC2[C@H]2OC[C@@]2(CCCCc2ccccc2)CC3C1C5,CHEMBL9968
DEC_0370,decoy,Cc1csc(-c2cn(C)c3c2C(=O)C(=N)C=C3O)n1,CHEMBL267993
DEC_3781,decoy,CCOc1cccc(-c2cc(C#N)ccc2C#CC(O)(c2ccc(C#N)cc2)c2cncn2C)c1,CHEMBL24043
DEC_4196,decoy,CS(=O)(=O)NCCn1ccc2cc(C(=O)N3CCC(N4C(=O)OCc5ccccc54)CC3)ccc21,CHEMBL285013
DEC_2388,decoy,CCNC(=O)c1ncc2c(Nc3c(C)cccc3Cl)nc3c(OC)c(OC)ccc3n12,CHEMBL29105
DEC_2382,decoy,Cc1ccc(C#Cc2ccc(S(=O)(=O)NC(CC#Cc3ccccc3)C(=O)O)cc2)cc1,CHEMBL10180
DEC_0588,decoy,CCCCc1nc2ccnc(O)c2n1Cc1ccc(-c2ccccc2-c2nn[nH]n2)cc1,CHEMBL429008
DEC_1411,decoy,COc1cc([C@@H]2c3cc4c(cc3[C@H](O)[C@H]3COC(=O)[C@@H]23)OCO4)cc(OC)c1OC,CHEMBL283120
DEC_3042,decoy,CC(C)Oc1nc(C(Cl)(Cl)Cl)c(Cl)c(OC(C)C)c1Cl,CHEMBL275717
DEC_0950,decoy,CN(C)/C(=N\O)c1ccc(Sc2cc(F)cc(C3CCOCC3)c2)cc1,CHEMBL24975
DEC_2766,decoy,Cn1cncc1C(NN1CCC(C#N)=C(c2cccc3ccccc23)C1)c1ccc(C#N)cc1,CHEMBL280847
DEC_3826,decoy,CCC(C)c1ccc2c(c1)-c1oc(C(=O)O)cc(=O)c1CS2.NCCO,CHEMBL28840
DEC_0793,decoy,CC(C)(C)c1cc(-c2n[nH]c(S)n2)cc(C(C)(C)C)c1O,CHEMBL12483
DEC_2211,decoy,N=C(NC1CCCC1)c1ccc(-c2ccc(-c3ccc(C(=N)NC4CCCC4)cc3)o2)cc1,CHEMBL25999
DEC_4086,decoy,O=C(O)Cn1c(=O)c2cc(Br)ccc2n(Cc2ccc(C(F)(F)F)cc2)c1=O,CHEMBL36372
DEC_2643,decoy,COc1cc2cc(CO)c(CO)c(-c3cc(OC)c(OC)c(OC)c3)c2cc1OC,CHEMBL285361
DEC_1840,decoy,CCc1cc2c3c(cc[n+]2nc1CC)[nH]c1ccccc13.Cc1cc(C)c(S(=O)(=O)[O-])c(C)c1,CHEMBL32587
DEC_0418,decoy,C[C@@H](n1cnc2cc(NCc3ccccc3)ccc2c1=O)[C@](O)(Cn1cncn1)c1ccc(F)cc1F,CHEMBL300758
DEC_0878,decoy,O=c1c(-c2ccccc2)c(O)c2ccc([N+](=O)[O-])cc2n1Cc1ccc(-c2ccccc2-c2nn[nH]n2)cc1,CHEMBL28088
DEC_0525,decoy,O=C1NC(=O)C(CC#Cc2ccc(Cl)cc2)(S(=O)(=O)c2ccccc2)S1,CHEMBL275470
DEC_2445,decoy,COC(=O)/C=C1\SC2C(NC(=O)C(O)c3ccccc3)C(=O)N2C(C(=O)O)=C1C,CHEMBL278835
ACT_084,active,C[C@@]1(c2ccc3sccc3c2)CC(=O)N(Cc2cccc(C(=O)NCc3ccccc3)c2)C(=N)N1,CHEMBL3401340
DEC_3338,decoy,Cc1cc(C(=O)Nc2ccc(N3CCCCC3=O)cc2)n(-c2ccc3cc(Cl)ccc3c2)n1,CHEMBL20660
DEC_0717,decoy,N#CN/C(=N/c1cccc(Cl)c1)NC(Cn1ccnc1)c1ccc(Cl)cc1Cl,CHEMBL8029
DEC_3721,decoy,O=C1NCCN1CCN1CC=C(c2cn(-c3ccc(F)cc3)c3ccc(Cl)cc23)CC1,CHEMBL12186
DEC_0028,decoy,CC(C)C1=CC2CC3(C=O)[C@@H]4CC[C@@H](C)[C@H]4CC2(CO[C@H]2C[C@@H]4OC[C@H](C)[C@@H]4[C@@H](C)O2)C13C(=O)O,CHEMBL45656
DEC_2990,decoy,Brc1cccc(Br)c1N(C1=NCCN1)C1CCCC1,CHEMBL417459
DEC_0065,decoy,CCCCOP(=O)(NC(CNC(=O)CC1CC(c2ccc(C(=N)N)cc2)=NO1)C(=O)O)OCCCC,CHEMBL23000
DEC_2570,decoy,O=C(O)COC1CCN(C(=O)N2CCC3(CC2)CCN(c2ccncc2)C3)CC1,CHEMBL12631
DEC_3100,decoy,COc1cccc2c1CC[C@H]1CN(CCn3c(=O)[nH]c4c(sc5ncc(Cl)nc54)c3=O)C[C@@H]21,CHEMBL290387
DEC_0182,decoy,Clc1cc2nc(C3CCNCC3)n(CCCCSc3[nH]cnc4ncnc3-4)c2cc1Cl,CHEMBL19993
DEC_2563,decoy,CC(C)CC(=O)C(=O)N1CCCCC1C(=O)OC(C)CN1CCCCC1,CHEMBL414016
DEC_0819,decoy,CCC1c2cc3c(C(F)(F)F)cc(O)nc3cc2NC[C@@H]1C,CHEMBL418198
DEC_1334,decoy,CCCN1C(=O)C(NC(=O)Nc2ccc(N3CCCCC3)cc2)N=C(C2CCCCC2)c2ccccc21,CHEMBL299106
DEC_0114,decoy,CN[C@H]1CC[C@@H](c2ccccc2)c2ccccc21,CHEMBL36260
DEC_2110,decoy,[O-][n+]1ccc(CC(c2ccc(C(O)c3ccccc3)nc2)c2ccc(OC(F)F)c(OC(F)F)c2)cc1,CHEMBL56330
DEC_2969,decoy,COc1ccc(-c2c3n(c4c(=O)oc5cc(O)c(OC)cc5c24)CCc2c-3cc(OC)c(OC)c2OC)cc1O,CHEMBL57138
DEC_4012,decoy,CCNCC1(C)CN(c2c(F)cc3c(=O)c(C(=O)O)cn4c3c2OC[C@@H]4C)C1,CHEMBL19412
DEC_4228,decoy,CC1(CN)CCN(c2c(F)cc3c(=O)c(C(=O)O)cn(C4CC4)c3c2F)C1,CHEMBL429215
DEC_0236,decoy,Cc1cc(C)cc(-c2[nH]c3ccccc3c2CCNCCCc2ccncc2)c1,CHEMBL273725
DEC_3320,decoy,COc1cc2c(cc1C(F)(F)F)N(C(=O)Nc1cc(F)c(C)c(-c3cccnc3)c1)CC2,CHEMBL280465
DEC_0934,decoy,[O-][S+](Cc1[nH]c2ccccc2c1[S+]([O-])c1ccccc1)c1ccccc1,CHEMBL24214
DEC_1627,decoy,CCC(=O)/C=C(C)/C=C/CC(C)CCCC(C)C,CHEMBL37168
DEC_3308,decoy,C=CCN1CN(c2ccccc2)C2(CCN(C3CCc4c(Cl)ccc(Cl)c4C3)CC2)C1=O,CHEMBL283265
DEC_2981,decoy,Cc1cc(Nc2ccc(O)c(CN3CCN(C)CC3)c2)nc(Nc2nc3cc(Cl)c(Cl)cc3[nH]2)n1,CHEMBL25641
DEC_1040,decoy,CC(C)(C)OC(=O)c1ncn2c1CN(C(=O)N1CCN(C3CC3)CC1)c1cc(Cl)ccc1-2,CHEMBL15107
DEC_3616,decoy,COc1oc(=O)c2cc(NC(=O)C(CC(C)C)NS(=O)(=O)c3ccc(C)cc3)ccc2c1Cl,CHEMBL14442
DEC_3504,decoy,Cc1cc(CCCCCOc2c(Cl)cc(C3=NCCO3)cc2Cl)on1,CHEMBL6594
DEC_3018,decoy,CN(C)c1ccc(-c2cc(C(F)(F)F)nn2-c2ccc(S(N)(=O)=O)cc2)cc1F,CHEMBL29899
DEC_1283,decoy,COc1cc2c(c(OC)c1OC)-c1ccc(SC)c(=O)cc1C(NC(=O)N(C)N=O)CC2,CHEMBL287490
DEC_4257,decoy,CN1CCC23c4c5ccc(O)c4OC2[C@H](O)[C@](CO)(CCc2ccccc2)CC3C1C5,CHEMBL9636
DEC_1763,decoy,O=C1CCC(c2ccc(-n3cnc4c3CCCC4)cc2)=NN1,CHEMBL30623
DEC_0767,decoy,Cc1noc(NS(=O)(=O)c2cccc3c(N4CCCCC4)cccc23)c1C,CHEMBL27178
DEC_1241,decoy,COc1cc([C@@H]2c3cc4c(cc3[C@@H](Nc3cc(C(F)(F)F)cc(C(F)(F)F)c3)[C@H]3COC(=O)[C@H]23)OCO4)cc(OC)c1O,CHEMBL430726
DEC_3847,decoy,COc1c(O)cc2c(c1OC)-c1ccc(SC)c(=O)cc1[C@@H](NC(C)=O)CC2,CHEMBL277998
DEC_0966,decoy,NC(=O)c1cc2c(Sc3ccc(Cl)c(Cl)c3)cncc2s1,CHEMBL6612
DEC_3757,decoy,Cc1ccc(/C=C2\CS(=O)(=O)CC3C2=NN(CCc2ccccc2)C3c2ccc(C)cc2)cc1,CHEMBL35318
DEC_4226,decoy,Cc1c(N2CC[C@H](N)C2)c(F)cn2c(=O)c(C(=O)O)cc(C3CCCC3)c12,CHEMBL279145
DEC_1792,decoy,CN(CCCC(C)(C)N=[N+]=[N-])C1CCC2C3CC=C4C[C@@H](O)CC[C@]4(C)C3CC[C@@]21C,CHEMBL40376
DEC_3451,decoy,Cc1nnc2n1-c1sc(C#Cc3ccc4c(c3)CCO4)cc1C(c1ccccc1Cl)=NC2,CHEMBL34796
DEC_0456,decoy,O=C(O)C(CCCCn1cnc2c1NC=NCC2O)Cc1ccc(Br)cc1,CHEMBL289052
DEC_4146,decoy,CCCCc1nc2ccc(C3CC(c4cc(C)cs4)=NO3)cc2c(=O)n1Cc1ccc(-c2ccccc2-c2nn[nH]n2)cc1,CHEMBL295279
DEC_2533,decoy,CCCC(C)C1(CC)C(=O)NC(=S)NC1=O,CHEMBL441
DEC_0244,decoy,N=C(Nc1ccc(NC(=O)CCCCC2CCSS2)cc1)c1cccs1,CHEMBL32450
DEC_0012,decoy,O=C1C2Oc3c(O)ccc4c3C23CCN(CC2CC2)C(C4)[C@]3(O)CC12Cc1cccc3cccc(c13)C2,CHEMBL48009
DEC_2616,decoy,CNc1cccc2c(S(=O)(=O)Nc3ncc(Br)nc3OC)cccc12,CHEMBL6555
DEC_2212,decoy,CC(C(=O)NCc1ccccc1)C1CCC2C3CC=C4CC(O)CCC4(C)C3CCC12C,CHEMBL269385
DEC_2325,decoy,O=NN(CCF)C(=O)NC1CCCCC1O,CHEMBL448469
DEC_1514,decoy,CCN1C(=O)c2c(nc(N(C)C)n2Cc2ccc(OC)cc2)N2C1=N[C@@H]1CCC[C@@H]12,CHEMBL24805
DEC_3732,decoy,CC1CCC(/C=N/c2ccccc2)=C2NC(c3ccccc3)=C(/C=C/C(=O)O)C(=O)N21,CHEMBL22582
DEC_0011,decoy,CCC(=O)OCC(=O)[C@@]1(OC(=O)c2ccco2)[C@H](C)CC2C3CCC4=CC(=O)C=CC4(C)C3C(O)CC21C,CHEMBL41957
DEC_4261,decoy,c1cc(C2=NCCN2)ccc1CC1CCCN(c2ccc(C3=NCCN3)cc2)C1,CHEMBL9516
DEC_2449,decoy,CN1c2ccccc2N(C(=O)CN2CCN(CCO)CC2)c2ccccc2S1(=O)=O,CHEMBL286981
DEC_0423,decoy,O=C(NC[C@@H]1Cc2ccccc2CN1/C(S)=N/C[C@H]1CCCN1Cc1ccccc1F)Nc1ccccc1,CHEMBL40108
DEC_1815,decoy,CCN(C)CC#CCCC1(C2(O)c3ccccc3Sc3ccccc32)SCCCS1,CHEMBL40930
DEC_3343,decoy,Cc1cc(C(=O)Nc2ccc(C(=O)N3CCCCC3)cc2)n(-c2ccc3cc(Cl)ccc3c2)n1,CHEMBL20629
DEC_0577,decoy,c1cc(OCc2ccc3ccccc3n2)cc(OCc2ccccc2-c2nn[nH]n2)c1,CHEMBL18413
DEC_2867,decoy,O=C(NC1N=C(c2ccccc2F)c2ccccc2N(C(=O)c2ccc(Cl)cc2)C1=O)c1ccc(Cl)cc1,CHEMBL70593
DEC_1557,decoy,COc1ccc2c3c1OC1[C@H](O)[C@@](C=CCCCc4ccccc4)(CO)CC4C(C2)N(C)CCC341,CHEMBL269664
DEC_3170,decoy,CC1OC(SCCCc2ccc(C(F)(F)C(F)(F)c3ccccc3)cc2)C(O)C(O)C1O,CHEMBL17871
DEC_2682,decoy,O=C(/C=C/c1ccccc1Cl)Nc1ccc2c(C(=O)c3ccccc3)c(O)n(O)c2c1,CHEMBL277536
DEC_2640,decoy,CCOC(=O)C(C)Nc1cccc2c(S(=O)(=O)Nc3onc(C)c3C)cccc12,CHEMBL29448
DEC_1277,decoy,O=C(O)c1ccc2c(c1)C(SCCNS(=O)(=O)c1cccnc1)c1ccccc1CO2,CHEMBL296720
DEC_1493,decoy,COc1cc([C@@H]2c3cc4c(cc3[C@@H]3OC[C@H]2[C@@H]3CO)OCO4)cc(OC)c1OC,CHEMBL279124
DEC_0019,decoy,CC(C)C1=CC2CC3(C=O)[C@@H]4CC[C@@H](C)[C@H]4CC2(CO[C@H]2C[C@@H]4OC(C)(C)O[C@@H]4[C@@H](C)O2)C13C(=O)O,CHEMBL280887
DEC_1890,decoy,C=CCC1Oc2c(Br)ccc(OC)c2-c2ccc3c(c21)C(C)=CC(C)(C)N3,CHEMBL7817
DEC_1686,decoy,CCOc1ccccc1OC(c1ccccc1)C1CNCCO1,CHEMBL14370
DEC_1018,decoy,N=C(c1ccc(NC(=O)c2cc(C(F)(F)F)nn2-c2ccc3cc(Cl)ccc3c2)c(F)c1)N1CCCC1,CHEMBL281141
DEC_4224,decoy,OC(Cn1cncn1)(c1ccc(F)cc1)C(O)(c1ccccc1)c1ccc(F)cc1,CHEMBL10544
DEC_1900,decoy,Cc1nnc2n1-c1sc(CCc3ccc4c(c3)CCO4)cc1C(c1ccccc1Cl)=NC2,CHEMBL287465
DEC_0804,decoy,Cn1c(S)nnc1-c1cc(C(C)(C)C)c(O)c(C(C)(C)C)c1,CHEMBL12371
DEC_3578,decoy,CCCC/C(=C\Cn1oc(=O)[nH]c1=O)c1cccc(Oc2ccccc2)c1,CHEMBL267005
DEC_2371,decoy,O=C1[C@@H](NS(=O)(=O)c2ccc(-c3ccncc3)s2)CCN1Cc1cc2cc[nH]cc-2n1,CHEMBL266983
DEC_3979,decoy,C[C@@H](O)CCNC(C)(C)CC(=O)N[C@@H]1CCc2ccccc2N(Cc2ccc(-c3ccccc3-c3nn[nH]n3)cc2)C1=O,CHEMBL92003
DEC_2137,decoy,CCCCc1nc2ccn(CC(=O)c3ccccc3)c(=O)c2n1Cc1ccc(-c2ccccc2-c2nn[nH]n2)cc1,CHEMBL295966
DEC_2910,decoy,CCCN1C(=O)C(NC(=O)Nc2ccc(N3CCN(c4ccccc4)CC3)cc2)N=C(C2CCCCC2)c2ccccc21,CHEMBL298158
DEC_2962,decoy,Cc1nc2c(Oc3cccc(C(=O)N(C)C)c3)nc(Oc3cc(C(=N)N)ccc3O)nc2n1Cc1ccccc1,CHEMBL72527
DEC_2105,decoy,CC(CC[C@H](SCCCC(C)(C)O)c1cccc(/C=C/c2ccc3ccc(Cl)cc3n2)c1)CC(=O)[O-].[Na+],CHEMBL14268
DEC_4262,decoy,O=C(NCc1ccc(I)cc1)OCCCc1c[nH]cn1,CHEMBL16496
DEC_3324,decoy,COc1c(C(=O)N[C@H]2CCN(C3[C@H]4C[C@@H]5C[C@@H](C[C@H]3C5)C4)C2)cc(Br)c2ccccc12,CHEMBL52298
DEC_3553,decoy,Cc1ccc(Oc2ccc(C(C)(C)C)cc2Cl)c(CC(=O)O)c1,CHEMBL27428
DEC_3396,decoy,COc1cc([C@@H]2c3[nH]c4c(ccc5ccccc54)c3C[C@H]3COC(=O)N32)cc(OC)c1O,CHEMBL275992
DEC_1498,decoy,COc1cc2c(cc1OC)[C@H]1c3cc(OC)c(OC)c(OC)c3OC[C@H]1[C@H](CO)C2,CHEMBL18008
DEC_2987,decoy,CC(C)c1ccc(S(=O)(=O)NC(=O)C(c2ccc3c(c2)OCO3)c2cn(C)c3cc(-c4nn[nH]n4)ccc23)cc1,CHEMBL281378
DEC_1124,decoy,COC1N=C(c2ccccc2F)c2cc(C#CCN3C(=O)CCc4ccccc43)ccc2-n2c(C)nnc21,CHEMBL20141
DEC_1341,decoy,O=S(=O)(Cc1ccccc1)N1Cc2ccccc2N(Cc2c[nH]cn2)C(CCc2ccccc2)C1,CHEMBL269541
ACT_025,active,CSC1=NC2(C(=O)N1C)c1cc(Br)ccc1CC21CCc2noc(C)c2C1,CHEMBL5962656
DEC_1854,decoy,C=C(C)[C@]12C[C@@H](C)[C@@]34OC(Cc5ccccc5)(O[C@@H]1C3C=C(CO)C[C@]1(O)C(=O)C(C)=CC41)O2,CHEMBL269304
DEC_4124,decoy,CCCCc1nc2ccc(C3CCC4CCCC4O3)cc2c(=O)n1Cc1ccc(-c2ccccc2-c2nn[nH]n2)cc1,CHEMBL297714
DEC_2259,decoy,COc1cccc2c1CC[C@H]1CN(CCn3c(=O)[nH]c4c(sc5ccncc54)c3=O)C[C@@H]21,CHEMBL287965
DEC_3036,decoy,N#Cc1ccc(Cn2ccnc2)cc1S(=O)(=O)c1ccc(Cl)cc1Cl,CHEMBL22238
DEC_3508,decoy,COOC1(OOCCCCCC(=O)O)CCCCCCCCCCC1,CHEMBL29044
DEC_4233,decoy,CCOc1c(N2CCCC(CN)C2)c(F)cc2c(=O)c(C(=O)O)cn(C3CC3)c12,CHEMBL15357
ACT_081,active,CC#Cc1cncc(-c2cc(Cl)c([C@]3(C)C[C@@H](c4c(C)noc4C)SC(N)=N3)s2)c1,CHEMBL3427252
DEC_2749,decoy,CC(C)[C@@H](NC(=O)C[C@@H]1O[C@@H]1[C@H](Cc1ccccc1)NC(=O)[C@H](CC(N)=O)NC(=O)c1ccc2ccccc2n1)c1ccccc1,CHEMBL309837
DEC_2293,decoy,COc1nc(Br)cnc1NS(=O)(=O)c1cccc2c(N(C)C)cccc12,CHEMBL6800
DEC_3054,decoy,CSC1=NC(=O)/C(=C/c2cc(C(C)(C)C)c(O)c(C(C)(C)C)c2)O1,CHEMBL16550
DEC_3607,decoy,Cc1cc(CN/C(S)=N/Cc2ccc(NS(C)(=O)=O)cc2)c(COC(=O)C(C)(C)C)cc1C,CHEMBL45817
DEC_1496,decoy,CN(C)P1(N(C)C)=N[P@@](N(C)C)(N2CC2)=N[P@](N(C)C)(N2CC2)=N1,CHEMBL281679
DEC_3998,decoy,CCOC(=O)[C@@H]1C[C@@H](Oc2c(F)c(Oc3cccc(C(=O)N(C)C)c3)nc(Oc3cc(C(=N)N)ccc3O)c2F)CN1,CHEMBL332388
DEC_3312,decoy,COc1cc2c(cc1C(F)(F)F)N(C(=O)Nc1cncc(-c3c(F)cccc3F)c1)CC2,CHEMBL278685
DEC_0748,decoy,COc1cc2c(c(OC)c1OC)OC[C@@H]1[C@H]2c2cc3c(cc2C[C@H]1C)OCO3,CHEMBL278948
DEC_0156,decoy,O=C(O)CCCC/C=C(/c1cccnc1)c1cccc(-c2nc(C(=O)NCCCCC3CCCCC3)co2)c1,CHEMBL293764
DEC_1604,decoy,CCCCCCCCCCCCN1CCC(O)CC1,CHEMBL17729
DEC_1809,decoy,CCN(c1nc(C)cc(-c2ccccc2N(C)C)n1)c1ccc(C(C)C)cc1Br,CHEMBL9794
DEC_2123,decoy,Cc1ccc(S(=O)(=O)NC[C@@H]2C3CC(c4ccc(-c5ccccc5)cc4)(CO3)[C@H]2C/C=C\CCC(=O)O)cc1,CHEMBL273411
DEC_1256,decoy,CC(=O)OCC/C(COC(C)=O)=C(\CC1(C)C(C)CCC2(C)C1CCCC2(O)CO)OC(C)=O,CHEMBL416628
DEC_1570,decoy,CCCc1ccc2c(c1)CC=C(c1ccccc1)C(N1CCN(CC)CC1)=N2.O=C(O)/C=C/C(=O)O,CHEMBL16672
DEC_1600,decoy,CC(/C=C/CC(C)CCCC(C)C)=C\C(=O)C1N=N1,CHEMBL37282
DEC_0164,decoy,O=C(c1ccccc1)c1ccc(C(Cc2cc[n+]([O-])cc2)c2ccc(OC(F)F)c(OC(F)F)c2)cn1,CHEMBL57095
DEC_4034,decoy,O=c1cnn(-c2ccc(S(=O)(=O)c3ccc(Cl)cc3)c(Cl)c2)c(=O)[nH]1,CHEMBL27654
DEC_2794,decoy,COc1ccc(NC(=O)Nc2nc3nn(C)c(SC)c3c3nc(-c4ccco4)nn23)cc1,CHEMBL22113
DEC_0526,decoy,CS(=O)(=O)c1ccc(C2=C(c3cc(Br)ccn3)C(=O)CC2)cc1,CHEMBL282242
DEC_2743,decoy,Cn1cc(NC(=O)c2cc(NC(=O)c3cc(NC(=O)c4sccc4Cl)c[nH]3)cn2C)cc1C(=O)NCCN1CCOCC1,CHEMBL61457
DEC_1469,decoy,CC(/N=c1\c(O)c(O)\c1=N/c1ccc(OC(F)(F)F)cc1)C(C)(C)C,CHEMBL19421
DEC_0848,decoy,CCCCc1nc2ccc(-c3nnc(O)cc3C)cc2n1Cc1ccc(-c2ccccc2-c2nn[nH]n2)cc1,CHEMBL26389
DEC_4116,decoy,C=C(Cl)CN1C[C@H](OCC23C[C@@H]4[C@H](C)CC[C@H]4C4(C=O)CC2C=C(C(C)C)[C@@]34C(=O)O)OC[C@H]1C(F)(F)F,CHEMBL30737
DEC_4181,decoy,CCc1nc2ccn(CC(=O)N(CC)CC)c(=O)c2n1Cc1ccc(-c2ccccc2-c2nn[nH]n2)cc1,CHEMBL418625
DEC_0231,decoy,CCCCCCOc1c(OC)cc(NC(C)CCCN)c2nc(C)cc(C)c12,CHEMBL18976
DEC_2113,decoy,COC(=O)C[C@@H](c1ccc(OC)nc1)N(C)C(=O)CCCCc1nc2c(cc1Br)CCCN2,CHEMBL275555
DEC_3558,decoy,CNCCSC1=Cc2ccccc2Sc2ccc(Cl)cc21,CHEMBL15974
DEC_1210,decoy,C/C(=C/C[C@@H](O)[C@]1(C)CC[C@H](C(C)(C)O)O1)[C@H]1CC[C@H]2O[C@@H]([C@]3(C)CC[C@@H](Br)C(C)(C)O3)CC[C@]2(C)O1,CHEMBL277197
DEC_1276,decoy,COC(=O)C[C@@H](c1ccc(OC)nc1)N(C)C(=O)CCCCc1nc2c(cc1C#N)CCCN2,CHEMBL266102
DEC_1013,decoy,C=C=Cn1c(=O)n(CC#Cc2cc3c(s2)-n2c(C)nnc2CN=C3c2ccccc2Cl)c2ccccc21,CHEMBL282905
DEC_0861,decoy,C=C1C[C@@]23O[C@]2(c2ccccc21)C1CC(OC(=O)[C@H](O)[C@@H](NC(=O)CC)c2ccccc2)C3(C)C1(C)C,CHEMBL285727
DEC_4238,decoy,CCNCC1CCN(c2c(F)c(N)c3c(=O)c(C(=O)O)cn(C4CC4)c3c2F)C1,CHEMBL15247
DEC_2823,decoy,CCC/N=c1\c(O)c(O)\c1=N/[C@@H](Cc1ccc(-c2ccccc2OC)cc1)C(=O)O,CHEMBL8906
DEC_0218,decoy,Cn1cncc1CN(CC(=O)N1CCC(C#N)=C(c2cccc3ccccc23)C1)Cc1ccccc1,CHEMBL25968
DEC_1702,decoy,CC(=O)OCC(=O)[C@@]1(OC(=O)c2ccco2)[C@H](C)CC2C3CCC4=CC(=O)C=CC4(C)[C@@]3(F)C(O)CC21C,CHEMBL290547
DEC_1025,decoy,Fc1ccccc1C1=N[C@H](Cc2c[nH]c3ccccc23)c2nnc(C(Cl)(Cl)Cl)n2-c2ccccc21,CHEMBL51280
DEC_0880,decoy,COc1cc([C@@H]2c3cc4c(cc3[C@@H](Nc3cc(F)cc(F)c3)[C@H]3COC(=O)[C@H]23)OCO4)cc(OC)c1O,CHEMBL29554
DEC_2468,decoy,CCCCCC1OC1(c1cc(Br)c(OC)c(C(=O)OC)c1)c1cc(Br)c(OC)c(C(=O)OC)c1,CHEMBL63982
DEC_1885,decoy,Cl.O=C(C1CCCN1)N1CCCC1P(=O)(OCC(F)(F)F)OCC(F)(F)F,CHEMBL276884
DEC_2036,decoy,CCCC[C@@H](C[C@@H](CCc1ccc(-c2ccc([S+](C)[O-])cc2)cc1)C(=O)N[C@H](C(=O)NC)C(C)(C)C)C(=O)O,CHEMBL266133
DEC_3086,decoy,Clc1cccc(Cl)c1Sc1ccc(NC2=NCCN2)cc1,CHEMBL275124
DEC_3037,decoy,Cc1nnc2n1-c1sc(C#Cc3ccccn3)cc1C(c1ccccc1Cl)=NC2,CHEMBL285035
DEC_1036,decoy,Cc1cccc2c1N(C(=O)N1C[C@@H](C)N(C)[C@@H](C)C1)Cc1c(C(=O)OC(C)(C)C)ncn1-2,CHEMBL15065
DEC_2512,decoy,O=NN(CCCl)C(=O)NC1C=CCCC1,CHEMBL274127
DEC_3341,decoy,O=C(NC1CCN(Cc2ccc3ccccc3c2)CC1)C1c2ccccc2Oc2ccccc21,CHEMBL32766
DEC_0913,decoy,C[C@@H](NC(=O)c1ccccc1C(=O)NCC1OC(CC(=O)N[C@@H](CCC(=O)O)C(=O)O)C(O)C(O)C1O)c1ccccc1,CHEMBL288811
DEC_2980,decoy,CCO/C(O)=C1\C(COCC(C)(O)Cc2ccccn2)=NC(C)=C(C(=O)OC)C1c1cccc(Cl)c1Cl,CHEMBL77948
DEC_0962,decoy,CCNC(=O)/C(C(=O)O)=C(C)\C=C\C=C(C)\C=C\C1=C(C)CCCC1(C)C,CHEMBL14287
DEC_1744,decoy,C=C(Br)COc1noc2c1CNCC2.Cl,CHEMBL6807
DEC_1845,decoy,COc1cccc2c1CC[C@H]1CN(CCn3c(=O)[nH]c4c(sc5c(C#N)cccc54)c3=O)C[C@@H]21,CHEMBL289627
DEC_3429,decoy,O=C(CN1CCCCC1)Nc1cc(COC(=O)c2ccnc3ccccc23)cc(Nc2ccnc3cc(Cl)ccc23)c1,CHEMBL415499
DEC_2947,decoy,CCOc1ccc2c(c1)[C@H](c1ccc(OC)cc1OCC(=O)O)N(CC(=O)O)[C@@H]2c1ccc2c(c1)OCO2,CHEMBL50232
DEC_0552,decoy,CO[C@]1(c2cc(F)cc(Sc3ccc(/C(C)=N/O)cc3)c2)CCO[C@@H](C)C1,CHEMBL282773
DEC_3575,decoy,C[C@@H](Cc1ccc(I)cc1)NCCCc1ccccc1,CHEMBL19803
DEC_1727,decoy,CCOC(=O)C1=C(C)N=C(CS(=O)(=O)c2ccccc2)/C(=C(/O)OCC)C1c1ccccc1C(F)(F)F,CHEMBL308996
DEC_3838,decoy,O=C(c1ccc(Cl)cc1)C(O)(Cn1cncn1)c1ccccc1Cl,CHEMBL10363
DEC_4267,decoy,Cc1cc2c(s1)CN(C)CC2c1ccc(Br)cc1,CHEMBL430337
DEC_3303,decoy,COc1cc2c(cc1C(F)(F)F)N(C(=O)Nc1ccc(Cl)c(-c3cnccc3C)c1)CC2,CHEMBL14362
DEC_1648,decoy,OC1CCCCC1N1CCC(O)(c2ccc(Cl)cc2)CC1,CHEMBL20657
DEC_1968,decoy,CC(C)C[C@@H]1OC(=O)C(C)(C)CNC(=O)[C@@H](c2ccc(O)cc2)NC(=O)/C=C/C[C@@H]([C@H](C)[C@H]2O[C@@H]2c2ccccc2)OC1=O,CHEMBL433337
DEC_3554,decoy,CCCCC(C)(C)[C@H](O)/C=C/C1[C@H](O)C[C@@H]2OC(=O)CCC/C=C\C[C@H]12,CHEMBL12741
DEC_4182,decoy,Cc1nc(-c2ccc(S(=O)(=O)Nc3ccc(CCNC[C@H](O)c4cccnc4)cc3)cc2)no1,CHEMBL33168
DEC_3239,decoy,Nc1nc2nn(Cc3ccc(F)cc3)cc2c2nc(-c3ccco3)nn12,CHEMBL278906
DEC_2410,decoy,O=C(O)CC(=O)N1CCC(C(=O)N2CCC3(CC2)CCN(c2ccncc2)C3)CC1,CHEMBL276404
DEC_1713,decoy,CCCCc1nc2ccc([C@@H]3[C@H]4CCCN3OC4)cc2c(=O)n1Cc1ccc(-c2ccccc2-c2nn[nH]n2)cc1,CHEMBL296173
DEC_3552,decoy,CCCCN1C[C@H](C(=O)N(CC)CC)C=C2c3cccc4[nH]cc(c34)C[C@H]21,CHEMBL22520
DEC_2994,decoy,O=C(O)CN1CCC2(CCC(C(=O)N3CCC(C4CCCCC4)CC3)CC2)CC1,CHEMBL24671
DEC_1200,decoy,CC(NC(=O)C(CS)C(C)c1ccc2c(c1)OCO2)C(=O)O,CHEMBL11620
DEC_2339,decoy,N[C@@H](CC1=CCCCc2onc(O)c21)C(=O)O,CHEMBL28472
DEC_2190,decoy,Nc1nc(N)c2nc(Sc3cccc(C(F)(F)F)c3)cnc2n1,CHEMBL6570
DEC_4063,decoy,CN1C(=O)CC[C@]2(C)C3CC[C@@]4(C)C(CC[C@@]4(O)C#CCCI)C3CCC12,CHEMBL273496
DEC_2635,decoy,C#CCNc1ccc(-c2ccc(N3C[C@H](CNC(C)=O)OC3=O)cc2F)ccc1=O,CHEMBL267449
DEC_1804,decoy,CC(C)N(C(=O)[C@H]1CCC2C3CCC4C=C([N+](=O)[O-])C=C[C@]4(C)C3CC[C@@]21C)C(C)C,CHEMBL279017
DEC_3183,decoy,CCCCCN(C)C(=O)CN1C[C@@H](c2ccc3c(c2)OCO3)[C@H](C(=O)O)[C@H]1c1ccc(OC)cc1,CHEMBL9050
DEC_0447,decoy,N=C(NCc1ccc(Cl)cc1)SCCCc1c[nH]cn1.NCCc1c[nH]cn1,CHEMBL19354
DEC_1770,decoy,Cc1ccc(S(=O)(=O)CS(=O)(=O)C(F)(F)F)cc1,CHEMBL11826
DEC_0398,decoy,OC[C@@]1(CCCCc2ccccc2)CC2C3Cc4ccc(O)c5c4C2(CCN3CC2CC2)C(O5)[C@@H]1O,CHEMBL268469
DEC_3375,decoy,CN1C[C@H](C(=O)Nc2nccs2)C[C@@H]2c3ccc(C(C)(C)C)c4[nH]cc(c34)C[C@H]21,CHEMBL276271
DEC_3658,decoy,CCCCc1nc(Cl)c(C(=O)N[C@@H](C)C(=O)O)n1Cc1ccc2oc(-c3ccccc3-c3nn[nH]n3)c(Br)c2c1,CHEMBL64158
DEC_0921,decoy,N=C(N)N1CCC[C@H](NC(=O)CNC(=O)[C@@H](CCNC(=O)c2nccc3ccccc23)NC(=O)OCc2ccccc2)C1O,CHEMBL115378
DEC_2184,decoy,NCC1CCN(c2c(F)cc3c(=O)c(C(=O)O)cn(C4CC4)c3c2F)C1,CHEMBL14919
DEC_0106,decoy,CN1CC2CCC(C1)C2c1ccc(Cl)cc1,CHEMBL287032
DEC_1803,decoy,COc1ccc(CCNC(C)C2CCC3C4CC=C5CC(O)CCC5(C)C4CCC23C)cc1,CHEMBL447229
DEC_2022,decoy,CCCCCCc1csc(-c2ccc(S(=O)(=O)Nc3ccc(CCNC[C@H](O)c4cccnc4)cc3)cc2)n1,CHEMBL291992
DEC_2751,decoy,Oc1ccc(Oc2nccc(-c3c(-c4ccc(F)cc4)ncn3C3CCNCC3)n2)cc1,CHEMBL14763
DEC_3194,decoy,CCCCc1c(Cc2ccc(-c3ccccc3-c3nn[nH]n3)cc2)c(C(=O)O)nn1C(C)C,CHEMBL22069
DEC_0621,decoy,NS(=O)(=O)c1ccc(-n2ncc(Br)c2-c2ccc(Cl)cc2)cc1,CHEMBL27975
DEC_0797,decoy,CSc1ccc(Nc2c(NC(C)C(C)(C)C)c(=O)c2=O)cc1,CHEMBL18731
DEC_4242,decoy,CCOCc1c(O)ccc2nc3c(cc12)Cn1c-3cc2c(c1=O)COC(=O)[C@]2(O)CC,CHEMBL10376
DEC_3089,decoy,C/C=C(/C)C(=O)O[C@@]12C[C@@H](C)[C@]3(O)C4C=C(C)C(=O)[C@@]4(O)CC(COC(C)=O)=C[C@H]3[C@@H]1C2(C)C,CHEMBL6504
DEC_0337,decoy,CCC(C)(C)/N=c1\c(O)c(O)\c1=N/Cc1ccc(F)cc1Cl,CHEMBL19829
DEC_3527,decoy,COc1cc(NC(C)CCCN)c2nccc(C)c2c1OCC1CCCCC1,CHEMBL18760
DEC_3055,decoy,Oc1c(Cl)c(OCC(F)(F)F)nc(C(Cl)(Cl)Cl)c1Cl,CHEMBL11430
DEC_3425,decoy,CN1CCN(Cc2cc(Nc3cc(C(F)(F)F)nc(/N=C(\N)Nc4ccc(Oc5ccccc5)cc4)n3)ccc2O)CC1,CHEMBL282900
DEC_2976,decoy,COc1ccc(S(=O)(=O)N(Cc2cccnc2)c2c(C(=O)NO)cnc3c(-c4cccs4)cccc23)cc1,CHEMBL37788
DEC_3557,decoy,Clc1ccc(-c2c[nH]cc2C(c2ccccc2)n2ccnc2)cc1,CHEMBL441519
ACT_023,active,OC(CNc1cccc2ccccc12)Cn1c2ccccc2c2ccccc21,CHEMBL579169
DEC_2717,decoy,CCOC(=O)/C=C/[C@H](C[C@@H]1CCNC1=O)NC(=O)[C@H](Cc1ccc(F)cc1)NC(=O)[C@@H](NC(=O)c1cc(C)on1)C(C)(C)C,CHEMBL21082
DEC_2588,decoy,CN(C)c1cccc2c(S(=O)(=O)Nc3cnc(Br)cn3)cccc12,CHEMBL268339
DEC_0505,decoy,O=c1cnn(-c2ccc(Sc3ccc(Br)cc3)c(Cl)c2)c(=O)[nH]1,CHEMBL26020
DEC_0900,decoy,N=C(N)N1CCC[C@H](NC(=O)CNC(=O)[C@@H](CCNC(=O)c2nccc3ccccc23)NS(=O)(=O)Cc2ccccc2)C1O,CHEMBL117092
DEC_1537,decoy,C=C1/C(=C\C=C\[C@@H]2CC[C@](C)(CC#CC(O)(C(F)(F)F)C(F)(F)F)C2(C)C)C[C@@H](O)C[C@@H]1O,CHEMBL290479
DEC_1925,decoy,CSc1cc2c(cc1C(F)(F)F)N(C(=O)Nc1cccc(-c3cccnc3)c1)CC2,CHEMBL428879
DEC_1473,decoy,C=C(C)CN(C1=NCCN1)c1c(Br)cccc1Br,CHEMBL283961
DEC_2753,decoy,Cc1ccc(C)c(Oc2nccc(-c3c(-c4ccc(F)cc4)ncn3C3CCNCC3)n2)c1,CHEMBL276576
DEC_2843,decoy,COc1ccc(C#CCOc2ccccc2C(=O)O)cc1Cc1cnc(N)nc1N,CHEMBL35437
DEC_0697,decoy,C=C1/C(=C\C=C2/CCC[C@]3(C)C([C@H](C)CC#CC(C)(C)O)=CC[C@@H]23)C[C@@H](O)C[C@@H]1O,CHEMBL284121
DEC_2258,decoy,Cl.O=C(C1CCCN1)N1CCCC1P(=O)(Oc1ccc(O)cc1)Oc1ccc(O)cc1,CHEMBL9565
DEC_2480,decoy,CC(CSC(CCc1ccccc1C(C)C)c1cccc(OCc2ccc3ccc(Cl)cc3n2)c1)C(=O)[O-].[Na+],CHEMBL15419
DEC_3530,decoy,CCOC(C)n1c([S+]([O-])Cc2nccc(SCC)c2C)nc2ccccc21,CHEMBL268465
DEC_1598,decoy,C[C@H](Cc1ccccc1)NCCCCc1ccccc1,CHEMBL20537
DEC_1766,decoy,c1ccc2c(C3=NCC4(CN5CCC4CC5)O3)[nH]nc2c1,CHEMBL274149
DEC_0199,decoy,CC(C)C1=CC2CC3(C=O)[C@@H]4CC[C@@H](C)[C@H]4CC2(CO[C@H]2CN(CC4CC4)[C@H](C)CO2)[C@]13C(=O)O,CHEMBL281987
DEC_3048,decoy,C[C@H]1CNc2cc3nc(O)cc(C(F)(F)F)c3cc2C1CCC(F)(F)F,CHEMBL281945
DEC_3381,decoy,COc1cc2c(cc1OC)-c1c/c(=N\c3c(C)cc(C)cc3C)n(C)c(=O)n1CC2,CHEMBL285913
DEC_2404,decoy,CCc1c2c(nc3cnc(C(=N)N)cc13)-c1cc3c(c(=O)n1C2)COC(=O)[C@]3(O)CC,CHEMBL13349
DEC_1847,decoy,CC(C)NC(=O)N(C(=O)[C@H]1CCC2C3CCC4N(C)C(=O)C=C[C@]4(C)C3CC[C@@]21C)C(C)C,CHEMBL25593
DEC_0903,decoy,N=C(N)N1CCC(CNC(=O)CNC(=O)OCc2ccc(COC(=O)NCC(=O)NCC3CCN(C(=N)N)CC3)cc2)CC1,CHEMBL297408
DEC_0090,decoy,C1CCN2C[C@H]3C[C@H](CN4CCCC[C@@H]34)[C@H]2C1,CHEMBL412873
DEC_0001,decoy,C[C@@H]1CC[C@H]2[C@@H](C)C(Nc3ccc(I)cc3)O[C@@H]3O[C@@]4(C)CC[C@@H]1[C@]32OO4,CHEMBL50353
DEC_0504,decoy,Cc1cccc(S(=O)(=O)C2(CC#Cc3ccc(Cl)cc3)SC(=O)NC2=O)c1,CHEMBL267767
DEC_0716,decoy,CSc1sc(C(=N)N)cc1-c1nc(-c2ccccc2)c(-c2ccccc2)s1,CHEMBL27566
DEC_3885,decoy,CNC(=O)c1ccc(/C=C/C(=O)NCC(=O)N(C)c2ccc(Cl)c(COc3cccc4cnc(C)nc34)c2Cl)cc1,CHEMBL298463
DEC_0821,decoy,CN1C2CCC1[C@H](C(O)C(F)(F)F)[C@@H](c1ccc(Cl)cc1)C2,CHEMBL285342
DEC_1172,decoy,CCn1cc(C(=O)O)c(=O)c2c(N)c(F)c(N3CCC(N)C3)c(F)c21,CHEMBL274015
DEC_2656,decoy,CC(C)(C)/N=C(\NC#N)Nc1cccc(/C(=C\CCCCC(=O)O)c2cccnc2)c1,CHEMBL21478
DEC_0863,decoy,Cc1cc(C)cc(-c2c(O)nc3cc(Cl)c(NC(=O)NC4CC4)cc3c2OCC[C@@H]2CCCCN2)c1,CHEMBL297269
DEC_2977,decoy,COCCNS(=O)(=O)c1ccc(Nc2ncc(Sc3ccccc3)c(-c3cnc4ccccn34)n2)cc1,CHEMBL72893
DEC_3800,decoy,Br.Br.N=c1ccn(CCCCn2ccc(=N)cc2)cc1,CHEMBL35210
DEC_3253,decoy,Cc1nn(C)c2ncc(C(=O)NO)c(N(C)S(=O)(=O)c3ccc(Oc4ccncc4)cc3)c12,CHEMBL38180
DEC_0283,decoy,COC(=O)[C@@H]1CSCc2cccc(C)c2C(=O)OCC(NC(=O)OC(C)(C)C)C(=O)N1,CHEMBL40000
DEC_1273,decoy,c1cc(CSc2ccc3ccccc3n2)cc(-c2nnn(CCCCc3nnn[nH]3)n2)c1,CHEMBL18922
DEC_2437,decoy,CCOC(=O)c1cn(NC)c2cc(N3CCN(C)CC3)c(F)cc2c1=O.CS(=O)(=O)O,CHEMBL12936
DEC_2493,decoy,CNC(=O)c1ccc(/C=C/C(=O)NCC(=O)N(C)c2ccc(Cl)c(COc3cccc4nc(C)cnc34)c2Cl)cc1,CHEMBL290431
DEC_2620,decoy,CC[S+]([O-])CCN1C[C@@H](c2ccc3c(c2)OCO3)[C@H](C(=O)O)[C@H]1c1ccc(OC)cc1,CHEMBL417972
DEC_2012,decoy,COCCN(CCOC)C(=O)c1ccc2[nH]c(-c3cc(C)cc(C)c3)c(CCNCCCCc3cccnc3)c2c1,CHEMBL299392
DEC_1063,decoy,CC1CN(C)CC(C)N1C(=O)N1Cc2c(C(=O)OC(C)(C)C)ncn2-c2ccc(F)cc21,CHEMBL262970
DEC_0248,decoy,Cc1cc(C)cc(-c2[nH]c3ccccc3c2CCNCCCCc2ccc(N)nc2)c1,CHEMBL11101
DEC_2599,decoy,Cc1c(C(=O)c2ccccc2F)c2cccc3c2n1C(CN1CCOCC1)CO3,CHEMBL280991
DEC_0596,decoy,CN1CCC23c4c5ccc(O)c4O[C@H]2[C@@H](OC2CCCC(C(=O)O)O2)C=C[C@H]3[C@H]1C5,CHEMBL440787
DEC_2915,decoy,C[C@](Cc1c[nH]c2ccccc12)(NC(=O)OC1C2CC3CC(C2)CC1C3)C(=O)N(CCc1ccc(Cl)cc1)CC(=O)O,CHEMBL286247
DEC_3161,decoy,O=C(O)COc1cccc2c1CCC(Cn1cc(C(c3ccccc3)c3cccnc3)cn1)C2,CHEMBL11779
DEC_3592,decoy,CC(C)(CC(=O)O)Cc1nc2cccnc2n1Cc1ccc(Cl)cc1,CHEMBL17990
DEC_3152,decoy,COc1cc2c(c(OC)c1OC)-c1ccc(SC)c(=O)cc1[C@@H](NCc1ccc(C#N)cc1)CC2,CHEMBL416773
DEC_1839,decoy,CNC1=Nc2ccc(N(C)Cc3ccc(S(=O)(=O)N4CCOCC4)cc3)c3c(C)ccc1c23,CHEMBL9671
DEC_1994,decoy,Cc1cccc2c1N(CC(=O)N1CC3CCC(CC3)C1)C(=O)C(NC(=O)Nc1cccc(C(=O)O)c1)N=C2c1ccccc1F,CHEMBL50926
DEC_0776,decoy,O=C1NC(=O)C(S(=O)(=O)c2cccc3c(Br)cccc23)S1,CHEMBL281208
DEC_2668,decoy,N#C/C(=C(/N)Sc1ccccc1N)c1cccc(C(O)c2cccc(C(F)(F)F)c2)c1,CHEMBL38260
DEC_1712,decoy,CCCCc1nc2ccc([C@@H]3C[C@H]4CCCN4O3)cc2c(=O)n1Cc1ccc(-c2ccccc2-c2nn[nH]n2)cc1,CHEMBL47817
DEC_1710,decoy,COc1cccc(N2CCN(CC(=O)[C@@]3(O)CCC4C5CCC6=CC(=O)CC[C@]6(C)C5=CC[C@@]43C)CC2)n1,CHEMBL15646
DEC_1805,decoy,Clc1ccc(C2COC(Cn3ccnc3)(c3ccc(Cl)cc3Cl)O2)c(Cl)c1,CHEMBL281472
DEC_1220,decoy,CCSCc1ccc2c(c1)c1c3c(c4c5cc(CSCC)ccc5n5c4c1n2[C@H]1C[C@](O)(C(=O)OC)[C@]5(C)O1)CNC3=O,CHEMBL290352
DEC_2582,decoy,CN1CCN(c2c(F)c(F)c3c(=O)c(C(=O)O)cn(C4CC4)c3c2F)CC1,CHEMBL277404
DEC_2385,decoy,COc1oc(=O)c2cc(NC(=O)C(C)NS(=O)(=O)c3ccc(C)cc3)ccc2c1Cl,CHEMBL13788
DEC_2276,decoy,O=C1[C@@H](NS(=O)(=O)c2cc3nc(Cl)ccc3s2)CCN1Cc1cc2cc[nH]cc-2n1,CHEMBL8645
DEC_3119,decoy,O=C1N(CCO)CN(c2ccccc2)C12CCN(C1CCc3cccc(Cl)c3C1)CC2,CHEMBL26987
DEC_1661,decoy,CC(Sc1nc(N)cc(Cl)n1)c1cc2ccoc2cn1,CHEMBL280752
DEC_0761,decoy,CN(CCc1ccc2c(c1)OCO2)C[C@@H]1CC[C@H]2CCOc3cccc1c32,CHEMBL10317
DEC_1076,decoy,Cn1c(=O)nc2n(-c3cc(C(F)(F)F)cc(C(F)(F)F)c3)c3ccccc3nc-2c1=O,CHEMBL39270
DEC_1145,decoy,Cc1nnc2n1-c1sc(C#CCN3C(=O)CCc4ccccc43)cc1C(c1ccccc1Cl)=NC2,CHEMBL277701
ACT_002,active,CCCCNC(=O)[C@H](C)C[C@H](O)[C@H](CC(C)C)NC(=O)[C@H](CCSC)NC(=O)[C@@H](NC(C)=O)C(C)C,CHEMBL1097007
DEC_3315,decoy,Cc1c(C(=O)NN2CCCCCC2)nn(-c2ccc(Cl)cc2Cl)c1-c1ccc(Cl)cc1,CHEMBL15138
DEC_2145,decoy,O=C(O)CCC/C=C/C[C@H]1[C@H](NS(=O)(=O)c2ccc(F)cc2)C2CC1(c1ccc(-c3ccccc3)cc1)CO2,CHEMBL11013
DEC_1564,decoy,Cn1cc(C2=C(c3cn(CCCCSC(=N)N)c4ccccc34)C(=O)NC2=O)c2ccccc21,CHEMBL268888
DEC_1133,decoy,O=C(Nc1ccc(Cl)c(Cl)c1)[C@H]1[C@H](c2ccccc2)O[C@@]23[C@H](O)c4ccccc4[C@@H]2OC(=O)[C@@H]13,CHEMBL284654
DEC_2232,decoy,Oc1cc(NC[C@@H]2CCC[C@H]2NCc2ccc(Cl)c(Cl)c2)nc2ccccc12,CHEMBL22729
DEC_2422,decoy,CC[C@@]1(O)C(=O)OCc2c1cc1n(c2=O)Cc2cc3c4c(ccc3nc2-1)OCCN4CC#N,CHEMBL296862
DEC_4313,decoy,CCCCCC(C)(C)[C@H](OC(N)=O)[C@@H](C)[C@H](O)CC/C=C\C(C)[C@@H](O)[C@@H](C)/C=C\CC[C@@H]1O[C@@H](OC)[C@H](C)[C@@H](OCOC)[C@@H]1C,CHEMBL95299
DEC_3598,decoy,CCCCc1ccc(Cl)c(Oc2ccc(C)cc2CC(=O)O)c1,CHEMBL281503
DEC_2965,decoy,CCO/C(O)=C1\C(COCc2cc(O)nc(SC)n2)=NC(C)=C(C(=O)OC)C1c1cccc(Cl)c1Cl,CHEMBL421698
DEC_2675,decoy,Cc1c(NC(=O)C(Sc2ccc3ccccc3c2)C(C)C)ccc2nc(N)nc(N)c12,CHEMBL6942
DEC_1453,decoy,CC1=CC(C)(C)N(C)c2ncc(/C=C/C(C)=C\C=N\N=C(/N)S)cc21,CHEMBL7648
DEC_3881,decoy,COc1ccc(C[C@H]2NC(=O)/C=C/C[C@@H]([C@H](C)/C=C/c3ccccc3)OC(=O)[C@H](CC(C)C)OC(=O)[C@H](C)CNC2=O)cc1,CHEMBL267072
DEC_2624,decoy,COc1ccc(S(=O)(=O)N(Cc2cccc(C)c2[N+](=O)[O-])[C@H](C)C(=O)O)cc1,CHEMBL284023
DEC_1623,decoy,CCCCCC(O)c1cccc(OCc2cccnc2)c1,CHEMBL8913
DEC_0686,decoy,Cc1ccccc1S(=O)(=O)NC(=O)Nc1ccc(S(=O)(=O)N(CC(=O)O)Cc2ccc([N+](=O)[O-])cc2)cc1,CHEMBL52532
DEC_0422,decoy,C=C1C[C@@]23O[C@]2(c2ccccc21)C1CC(OC(=O)[C@H](O)[C@@H](NC(=O)OCC)c2ccc(C)cc2)C3(C)C1(C)C,CHEMBL280644
DEC_2171,decoy,CCn1cc(C(=O)O)c(=O)c2c(C)c(F)c(N3CCNCC3)c(F)c21,CHEMBL273310
DEC_1112,decoy,C[C@@H]1CC2C3CCC4=CC(=O)C=CC4(C)[C@@]3(Cl)C(O)CC2(C)[C@@]1(OC(=O)c1cccs1)C(=O)CCl,CHEMBL435955
DEC_2756,decoy,N#Cc1ccc(Oc2nccc(-c3c(-c4ccc(F)cc4)ncn3C3CCNCC3)n2)cc1,CHEMBL13972
DEC_1549,decoy,CC(NC(=O)C(=O)N/N=C1\C[C@H](c2ccccc2F)Nc2cc3c(cc21)OCO3)c1ccccc1,CHEMBL278893
DEC_1237,decoy,CCCN1C(=O)C(NC(=O)Nc2ccc(N3CCN(c4cccnc4)CC3)cc2)N=C(C2CCCCC2)c2ccccc21,CHEMBL299164
DEC_1573,decoy,CCN1CCN(C2=Nc3ccc(C(C)C)cc3CC=C2c2ccccc2)CC1.O=C(O)/C=C/C(=O)O,CHEMBL16736
DEC_2632,decoy,CCO[C@@H]1c2cc3c(cc2[C@@H](c2cc(OC)c(O)c(OC)c2)[C@H]2C(=O)OCC12)OCO3,CHEMBL41258
DEC_1167,decoy,CCC[C@@H]1C[C@H](NCC)c2cc(S(N)(=O)=O)sc2S1(=O)=O,CHEMBL415964
DEC_1978,decoy,O=C(Cn1cc(C(F)(F)F)ccc1=O)NCc1cc2cc(C(=O)N3CCC(N4C(=O)OCc5cc(F)ccc54)CC3)ccc2o1,CHEMBL283039
DEC_1131,decoy,CN1C(=O)c2c(nc(-c3ccc(C4CCCCC4)cc3)n2Cc2ccccc2)N2CC3(CCCC3)N=C12,CHEMBL28676
DEC_3587,decoy,Cc1cc(C(O)(c2ccc(C(C)C)cc2)C2CCN(C)CC2)sn1,CHEMBL277687
DEC_2849,decoy,C#CCN(Cc1ccc2nc(C)nc(O)c2c1)c1ccc(C(=O)NCC(=O)O)cc1,CHEMBL6560
DEC_0411,decoy,O=C(O)CCC/C=C/C[C@H]1[C@H](NS(=O)(=O)c2ccc(F)cc2)C2CC1(c1ccc(O)cc1)CO2,CHEMBL10455
DEC_3374,decoy,Cc1cc(F)ccc1-c1nc(N(C(N)=O)c2ccccc2Cl)c2ncn(C)c2n1,CHEMBL18573
DEC_2618,decoy,CCCc1cc([S+](C)[O-])cc(=O)n1Cc1ccc(-c2ccccc2-c2nn[nH]n2)cc1,CHEMBL281778
DEC_1186,decoy,CCOC(=O)c1cn(CC)c2cc(N3CCNCC3)c(F)cc2c1=O,CHEMBL30117
DEC_2453,decoy,Cc1cn(C2CC(N=[N+]=[N-])C(CNP(=O)(OCC(Cl)(Cl)Cl)OCC(Cl)(Cl)Cl)O2)c(=O)[nH]c1=O,CHEMBL309376
DEC_4177,decoy,CC1O[C@H]2[C@H](O)[C@H](OCC34C[C@@H]5[C@H](C)CC[C@H]5C5(C=O)CC3C=C(C(C)C)C45C(=O)O)O[C@H](C)[C@H]2O1,CHEMBL283375
DEC_3672,decoy,C[C@H](CNC(C)(C)CC(=O)N[C@@H]1CCc2ccccc2N(Cc2ccc(-c3ccccc3-c3nn[nH]n3)cc2)C1=O)OCc1ccccc1,CHEMBL327609
DEC_2621,decoy,COc1ccnc(C[S+]([O-])c2nc3cc(OC(F)(F)C(F)F)ccc3[nH]2)c1OC,CHEMBL9638
DEC_3787,decoy,COc1ccc(NC(=O)N2CCc3cc(OC)c(C(F)(F)F)cc32)cc1-c1cccnc1,CHEMBL276571
DEC_0187,decoy,CCCCc1cn(-c2ccccc2)c(=O)n1Cc1ccc(-c2ccccc2-c2nn[nH]n2)nc1,CHEMBL9771
DEC_1667,decoy,COCCOCC(=O)c1cc(C(C)(C)C)c2c(c1)C(C)(C)CO2,CHEMBL13815
DEC_1392,decoy,CC1(C)CC[C@]2(C(=O)O)CC[C@]3(C)C(=CC(=O)[C@@H]4[C@@]5(C)C=CC(=O)C(C)(C)[C@@H]5CC[C@]43C)C2C1,CHEMBL42704
DEC_0708,decoy,Oc1ccc(Cl)cc1-n1nc(-c2cc(C(F)(F)F)cc(C(F)(F)F)c2)nc1O,CHEMBL14185
DEC_2647,decoy,CC1=C(C(=O)OC(c2ccccc2)c2ccccc2)N2C(=O)[C@@H](NC3=NCCN3)C2SC1,CHEMBL274203
DEC_2919,decoy,CCOc1ccc(Nc2cc(C(F)(F)F)nc(/N=C(\N)Nc3ccc(Cl)c(Cl)c3)n2)cc1CN(CC)CC,CHEMBL277410
DEC_2940,decoy,CCNS(=O)(=O)Oc1cc(C(C)(C)C)c(SC2=C(O)OC(C)(CCc3ccc(O)cc3)CC2=O)cc1C,CHEMBL71472
DEC_3752,decoy,O=S1O[C@H](c2ccc(Cl)cc2)[C@@](Cn2cncn2)(c2ccc(Cl)cc2Cl)O1,CHEMBL10200
DEC_2847,decoy,OC1CCCN(CCCNc2nc(Nc3cccc4nsnc34)nc3ccccc23)C1,CHEMBL31253
DEC_2714,decoy,COC(=O)C12CC1CCN(C(=O)[C@H](CC(C)C)NC(=O)[C@H](CC(C)C)NC(=O)[C@H](CC(C)C)NC(=O)c1cccc(O)c1C)C2,CHEMBL176191
DEC_2106,decoy,O=C(O)CC/C=C\C[C@@H]1CO[C@H](c2ccc(OCCn3ccnc3)c(C(=O)O)c2)O[C@@H]1c1ccccc1O,CHEMBL294952
DEC_3204,decoy,CC(C)(C)c1cc(C(=O)CS(C)(=O)=O)cc2c1OCC2(C)C,CHEMBL14052
DEC_3985,decoy,CCOc1ccc2c(c1)[C@@H](c1ccc(OC)cc1OCc1nn[nH]n1)N(CC(=O)O)[C@@H]2c1ccc2c(c1)OCO2,CHEMBL295140
DEC_2030,decoy,CCCC[C@@H](C[C@@H](CCc1ccc(-c2ccc(F)c(Cl)c2)cc1)C(=O)N[C@H](C(=O)NC)C(C)(C)C)C(=O)O,CHEMBL8833
ACT_007,active,COc1c(O)c(O)c(C(=O)O)c(C)c1C/C=C(\C)CC/C=C(\C)CCC=C(C)C,CHEMBL4845912
DEC_1687,decoy,CCCCS/C=C1\C(=O)O[C@H](COC)[C@@]2(C)C1=C(O)C(=O)C1=C2[C@H](OC(C)=O)C[C@]2(C)C(=O)CC[C@@H]12,CHEMBL13353
DEC_2804,decoy,COc1cc(C(=O)NCCCNC(=O)C2=CC(C)(C)NC2(C)C)cc(OC)c1OC,CHEMBL435560
DEC_0082,decoy,CC1=C/C(=N/n2cccc2)C=C/C1=N/n1cccc1,CHEMBL277181
DEC_0944,decoy,CC(CCCc1ccccn1)NC1c2ccccc2Oc2ccccc21,CHEMBL281360
DEC_0679,decoy,CC(C)c1ccccc1N1CCN(C(=O)[C@@H](CC2CCCCC2)N2C(=O)N[C@H](CCCN=C(N)N)C2=O)CC1,CHEMBL305486
DEC_2262,decoy,COc1cccc2c1CC[C@H]1CN(CCn3c(=O)[nH]c4c(sc5ncccc54)c3=O)C[C@@H]21,CHEMBL291262
DEC_3585,decoy,N#Cc1ccc(Cn2ccnc2)cc1Oc1cccc(Nc2ccccc2)c1,CHEMBL25606
DEC_1478,decoy,O=c1cc(-c2nn[nH]n2)oc2c3ccccc3n(-c3ccccc3)c12,CHEMBL22517
DEC_0374,decoy,O=C(O)C1CCc2cc(CCn3ccnc3)sc2C1,CHEMBL282265
DEC_1995,decoy,Cc1ccccc1S(=O)(=O)NC(=O)c1cccc(NC(=O)N[C@@H]2N=C(C3CCCCC3)c3ccccc3N(C)C2=O)c1,CHEMBL305649
DEC_2384,decoy,Cc1nc2c(n1Cc1ccc(-c3ccccc3-c3nn[nH]n3)cc1)/C(=C/C(=O)O)CCCC2,CHEMBL289391
DEC_1688,decoy,C[C@H]1O[C@@H](n2cnc3c(NC4CCCC4)ncnc32)[C@H](O)[C@H]1NC(=O)C1CCCC[C@H]1C(=O)c1cccs1,CHEMBL53795
DEC_1185,decoy,CN(C)c1cccc2c(S(=O)(=O)Nc3ccc(C#N)nn3)cccc12,CHEMBL6668
DEC_3122,decoy,O=C(O)Cn1c(=O)c2c3c(sc2n(Cc2ccc(Cl)c(Cl)c2)c1=O)CCCC3,CHEMBL36956
DEC_2885,decoy,O=C(c1ccc(Cl)cc1)N1CCN(C(=O)c2ccc(Nc3ccnc4cc(C(F)(F)F)ccc34)cc2)CC1,CHEMBL283219
DEC_1316,decoy,CC(=O)Nc1ccc(Cc2cn(C3CC3)c3c(F)c(-c4cc(C)nc(C)c4)c(F)cc3c2=O)cc1,CHEMBL7991
DEC_1680,decoy,Cc1nc(-c2cc(C)c(OCCCc3cccc(F)n3)c(C)c2)no1,CHEMBL28182
DEC_2344,decoy,O=C(O)Cc1cc2c(c(C(=O)O)c1)NCCC2,CHEMBL37601
DEC_0345,decoy,CCN(CC)CC#CCCC1SCCCS1,CHEMBL41784
DEC_0057,decoy,NCCCCCc1cccc(CC(=O)N[C@@H](CO)C(=O)N[C@@H](CCCCN)C(=O)NCCC2CCCCC2)c1,CHEMBL285198
DEC_0988,decoy,C[C@@H]1CC[C@]2(C(=O)O)CC[C@]3(C)C(=CCC4[C@@]5(C)C[C@@H](O)[C@@H]6OC(C)(C)OC[C@@]6(C)C5CC[C@]43C)C2[C@H]1C,CHEMBL19761
DEC_3843,decoy,CC(=O)/C(=N\O)c1ccc(Sc2cc(F)cc(C3CCOCC3)c2)cc1,CHEMBL283476
DEC_2279,decoy,Cc1cc2c(cc1CC(=O)c1sccc1S(=O)(=O)Nc1onc(C)c1C)OCO2,CHEMBL20168
DEC_0632,decoy,CCN1C(=O)c2c(nc(C(F)(F)F)n2Cc2ccc(O)cc2)N2C1=N[C@@H]1CCC[C@@H]12,CHEMBL487704
DEC_0970,decoy,Cc1cc(Oc2ccc(Cl)cc2CC(=O)O)c(Cl)c(C)c1Cl,CHEMBL287665
DEC_3875,decoy,CCCc1nc(C)c(C(N)=O)n1Cc1ccc2oc(-c3ccccc3NS(=O)(=O)C(F)(F)F)c(Br)c2c1,CHEMBL107081
DEC_3493,decoy,Fc1ccc(-c2ncn(C3CCNCC3)c2-c2ccnc(Oc3cccc(F)c3)n2)cc1,CHEMBL14014
DEC_0373,decoy,O=NN(CCCl)C(=O)NC1CCC(Cl)CC1,CHEMBL276848
DEC_0014,decoy,COc1ccc(Br)c2c(C(=O)N[C@@H]3C4(C)CCC(C4)C3(C)C)c(C)n(CCN3CCOCC3)c12,CHEMBL79090
DEC_3748,decoy,CCc1ccc(-c2cc(C(F)(F)F)nn2-c2ccc(S(N)(=O)=O)cc2)cc1,CHEMBL28801
DEC_1257,decoy,O=C(O)CCCC(=O)N1CCC2(CCC(C(=O)N3CCC(C4CCNCC4)CC3)CC2)CC1,CHEMBL26294
DEC_2097,decoy,Oc1ccc(-c2ccc(-n3cnc4c3CCCC4)cc2)nn1,CHEMBL32247
DEC_3356,decoy,Cc1nnc2n1-c1sc(C#C[Si](C)(C)C)cc1C(c1ccccc1Cl)=NC2,CHEMBL32475
DEC_3919,decoy,CC1(C)C(=O)Nc2cc3[nH]c(/C=C/c4cccnc4)nc3cc21,CHEMBL26621
DEC_2684,decoy,CNc1cc(NC(=O)OC)ccc1Nc1c2ccc(Cl)cc2nc2c(OC)cccc12,CHEMBL41639
DEC_1538,decoy,O=C(NC1CCCC(NC(=O)NC23CC4CC(CC(C4)C2)C3)C1)NC12CC3CC(CC(C3)C1)C2,CHEMBL13488
DEC_1987,decoy,COC(=O)c1[nH]c2c(c1C(=O)OC)C13CC1CN(C(=O)c1cc4cc(NC(=O)c5cc6ccccc6o5)ccc4[nH]1)C3=CC2=O,CHEMBL296300
DEC_2528,decoy,CC1=C(c2ccc(-n3ccnc3)cc2)CNC1=O,CHEMBL266145
DEC_1339,decoy,CC(C)c1cccc(C(C)C)c1NC(=O)NCC(NC(=O)c1ccc2ccccc2[n+]1[O-])c1ccccc1,CHEMBL300081
DEC_4236,decoy,Cc1c(F)c(N2CCC(C)(CN)C2)cc2c1c(=O)c(C(=O)O)cn2C1CC1,CHEMBL16559
DEC_3068,decoy,Cc1cc2nc(/C=C/c3ccc[n+](C)c3)[nH]c2cc1C.F[B-](F)(F)F,CHEMBL34006
DEC_3861,decoy,COc1ccc(C[C@H]2NC(=O)/C=C/C[C@@H](C/C=C/c3ccccc3)OC(=O)[C@H](CC(C)C)OC(=O)[C@H](C)CNC2=O)cc1Cl,CHEMBL266856
DEC_0185,decoy,CCCCc1cn(-c2ccccc2C(C)C)c(=O)n1Cc1ccc(-c2ccccc2-c2nn[nH]n2)nc1,CHEMBL276002
DEC_3441,decoy,CN1CCN(CCCNc2ncc3cc(-c4c(Cl)cccc4Cl)c(NC(=O)Nc4ccc(Cl)cc4)nc3n2)CC1,CHEMBL58652
DEC_1042,decoy,Cn1cc(C(=O)O)c(=O)c2c3cc(N4C[C@@]5(C)C[C@@H]4CC(C)(C)C5)c(F)cc3ncc21,CHEMBL28286
DEC_1245,decoy,CCc1nc(Cl)c(C(=O)NC)n1Cc1ccc2oc(-c3ccccc3NS(=O)(=O)C(F)(F)F)c(Br)c2c1,CHEMBL323378
DEC_1533,decoy,O=c1nc(/N=C/N(c2ccccc2)c2ccccc2)ccn1C1CSC(CO)O1,CHEMBL278480
DEC_0692,decoy,O=C(O)CN(Cc1ccc([N+](=O)[O-])cc1)S(=O)(=O)c1ccc(NC(=O)NS(=O)(=O)c2ccccc2)cc1,CHEMBL53116
DEC_2604,decoy,Nc1nc2c(cnn2CCc2ccccc2)c2nc(-c3ccc(CN4CCOCC4)o3)nn12,CHEMBL278331
ACT_097,active,O=C(/C=C/c1ccc(O)c(O)c1)O[C@@H]1[C@H](O)C[C@@](O)(C(=O)O)C[C@H]1OC(=O)/C=C/c1ccc(O)c(O)c1,CHEMBL249448
DEC_4211,decoy,O=C(N[C@@H]1CC(O)C[C@H]1OC(=O)c1cc(O)c(C(=O)c2c(O)cccc2C(=O)O)c(O)c1)c1ccc(O)cc1,CHEMBL306580
DEC_0833,decoy,CCN(CC)C(=O)N[C@@H]1C[C@@H]2c3cccc4c3C(=CC4)C[C@H]2N(C)C1,CHEMBL285341
DEC_3469,decoy,COc1cc2c(cc1C(F)(F)F)N(C(=O)Nc1ccc(Oc3cccnc3C)nc1)CC2,CHEMBL14374
DEC_3158,decoy,CCCCc1nn(CC(F)(F)F)c(C(=O)O)c1Cc1ccc(-c2ccccc2-c2nn[nH]n2)cc1,CHEMBL281386
DEC_3261,decoy,C=C[C@@]1(C)CC(=O)[C@]2(O)C3(C)C(C(O)C(OC(=O)CNc4ccccc4)[C@@]2(C)O1)C(C)(C)CC[C@@H]3O,CHEMBL431914
DEC_1151,decoy,Cc1nnc2n1-c1sc(C#CCN3C(=O)c4cccc5cccc3c45)cc1C(c1ccccc1Cl)=NC2,CHEMBL20208
DEC_1333,decoy,N#CN/C(=N\C(Cn1ccnc1)c1ccc(Cl)cc1Cl)Nc1cccc(Cl)c1Cl,CHEMBL269307
DEC_4160,decoy,COC[C@H]1O[C@@H](OCC23C[C@@H]4[C@H](C)CC[C@H]4C4(C=O)CC2C=C(C(C)C)C34C(=O)O)[C@H]2O[C@H]2[C@@H]1OC,CHEMBL283188
DEC_3662,decoy,CCNS(=O)(=O)Oc1cc(C(C)(C)C)c(SC2=C(O)OC(CCc3ccc(O)cc3)(C3CCCCC3)CC2=O)cc1C,CHEMBL306297
DEC_3245,decoy,Cc1c(CSc2ccc(Cl)cc2)cnc2nc(N)nc(N)c12,CHEMBL22677
DEC_0718,decoy,CSc1sc(C(=N)N)cc1-c1nc(-c2csc3ccccc23)cs1,CHEMBL28875
DEC_0812,decoy,CC[C@@H]1Cc2cc3c(C(F)(F)F)cc(O)nc3cc2N[C@@H]1CC,CHEMBL7421
DEC_1828,decoy,CCc1ccc(C#CC(O)(c2ccc(C#N)c(-c3cccc4ccccc34)c2)c2cncn2C)cc1,CHEMBL23370
DEC_3417,decoy,C[C@@H]1Oc2ccc(OCc3nc4cc(F)ccc4s3)cc2[C@@H](O)[C@H]1Cc1cccc(NS(=O)(=O)C(F)(F)F)c1,CHEMBL415954
DEC_0059,decoy,CCCCCCc1noc([C@H](CCC(N)=O)NC(=O)[C@H](Cc2ccc(OP(=O)(O)O)cc2)NC(C)=O)n1,CHEMBL78037
DEC_3473,decoy,COc1ccc(C2(O)OC(=O)C(c3ccc4c(c3)OCO4)=C2CC2CCCCCC2)cc1,CHEMBL10919
DEC_1467,decoy,Nc1nc(O)c2cc([S+]([O-])c3ccc4ccccc4c3)ccc2n1,CHEMBL269059
DEC_0343,decoy,COOC1(OC)CCCCCCCCCCC1,CHEMBL29834
DEC_2773,decoy,COC(=O)[C@@H]1CSCc2c(O)cc(OC)c(C)c2C(=O)OCCCCC/C(S)=N/1,CHEMBL285451
DEC_3126,decoy,CC(C)NC(=O)N(C(=O)[C@H]1CCC2C3CCC4NC(=O)CC[C@]4(C)C3CC[C@@]21C)C(C)C,CHEMBL278860
DEC_0553,decoy,CCCc1ccc(N/N=C(\N=N\c2nnnn2-c2ccccc2)c2ccccc2)cc1,CHEMBL278323
DEC_0993,decoy,Cc1nnc2n1-c1sc(C#CCC34CCCc5cccc(c53)NC4=O)cc1C(c1ccccc1Cl)=NC2,CHEMBL20019
DEC_0917,decoy,CCCCCCCCNC[C@H](O[C@@H]1O[C@H](CN)[C@@H](O)[C@H]1O)[C@@H]1C[C@@H](O)[C@H](n2ccc(=O)[nH]c2=O)O1.O=C(O)C(F)(F)F,CHEMBL17882
DEC_3978,decoy,CCOc1ccc2c(c1)[C@H](c1cc(OC)c(OC)c(OC)c1OCC(=O)O)N(CC(=O)O)[C@@H]2c1ccc2c(c1)OCO2,CHEMBL48261
DEC_2911,decoy,CCc1nc(C2CC2)c(C(N)=O)n1Cc1ccc2oc(-c3ccccc3NS(=O)(=O)C(F)(F)F)c(C(F)(F)F)c2c1,CHEMBL104281
DEC_3440,decoy,CN1CCN(Cc2cc(Nc3cc(C(F)(F)F)nc(Nc4nc5cc(C(=O)c6ccccc6)ccc5[nH]4)n3)ccc2O)CC1,CHEMBL24184
DEC_2644,decoy,CCCc1cc2ncnc-2c(O)n1Cc1ccc(-c2ccccc2-c2nn[nH]n2)cc1,CHEMBL286253
DEC_4104,decoy,Cc1c[n+]([O-])ccc1CC(c1ccc(C(O)(C(F)(F)F)C(F)(F)F)cc1)c1ccc(OC(F)F)c(OC(F)F)c1,CHEMBL323312
DEC_1587,decoy,CC(C)CCCC(C)CCCC(C)N1CCCCC1,CHEMBL418176
DEC_3713,decoy,Cc1cc(-c2c(F)cc3c(=O)c(Cc4ccncc4)cn(C4CC4)c3c2F)cc(C)n1,CHEMBL7216
DEC_3105,decoy,O=C(O)Cn1c(=O)c2c(Cl)cccc2n(Cc2ccc(Br)cc2F)c1=O,CHEMBL288672
DEC_1261,decoy,O=NN(CCCl)C(=O)NC1CCC(CC2CCC(NC(=O)N(CCCl)N=O)CC2)CC1,CHEMBL12409
DEC_4256,decoy,C[C@H](CS)C(=O)N1C[C@@H](Sc2ccc3ccccc3c2)C[C@H]1C(=O)O,CHEMBL274988
DEC_2917,decoy,CCCCc1nn(-c2c(Cl)cc(Cl)cc2Cl)c(C(=O)O)c1Cc1ccc(-c2ccccc2-c2nn[nH]n2)cc1,CHEMBL90774
DEC_0635,decoy,CC1CC/C(=N\Nc2ccc(I)cc2)c2ncc(C(=O)O)c(=O)n21,CHEMBL15227
DEC_0002,decoy,CCCSC1=NS(=O)(=O)c2ccccc2N1Cc1ccc(-c2ccccc2-c2nn[nH]n2)cc1,CHEMBL274887
DEC_1589,decoy,CC(C)CCCC(C)CCCC(C)N1CCC(O)CC1,CHEMBL17458
DEC_3511,decoy,CSc1cccc2c1CCCC2CN(C)CCc1ccc2c(c1)OCO2,CHEMBL9860
DEC_0626,decoy,Cc1ccc2c(c1)N(C(=O)N1CCN[C@@H](C)C1)Cc1c(C(=O)OC(C)(C)C)ncn1-2,CHEMBL274914
DEC_3221,decoy,CCN1CCC[C@H]1CNC(=O)c1cc(Cl)cc2c1OCCN2C,CHEMBL21819
DEC_3177,decoy,CO[C@H]1[C@@H]2O[C@@H]2[C@@H](OCC23C[C@@H]4[C@H](C)CC[C@H]4C4(C=O)CC2C=C(C(C)C)C34C(=O)O)O[C@@H]1C,CHEMBL29128
DEC_3899,decoy,O=C1CCc2cc3c(c4c5cc6c(cc5n1c24)OCO6)CCNC3,CHEMBL280675
DEC_0566,decoy,C=CCONC1=NC(=O)/C(=C/c2cc(C(C)(C)C)c(O)c(C(C)(C)C)c2)S1,CHEMBL16127
DEC_3442,decoy,CN1CCN(CCCNc2ncc3cc(-c4c(Cl)cccc4Cl)c(NC(=O)NC4CCCCC4)nc3n2)CC1,CHEMBL51028
DEC_0870,decoy,C=CC(C)(C)c1c(C2=C(O)C(O)=C(c3c[nH]c4c(CCC(C)(C)O)cccc34)C(=O)C2=O)c2ccccc2n1C,CHEMBL279543
DEC_3709,decoy,Clc1ccc([C@@]2(Cn3cncn3)OCO[C@@H]2c2ccc(Cl)cc2Cl)cc1,CHEMBL443230
DEC_3692,decoy,Cn1nnnc1-c1ccc(CC2(C(=O)N[C@@H](Cc3ccc(NC(=O)c4c(Cl)cccc4Cl)cc3)C(=O)O)CCCCC2)cc1,CHEMBL311915
DEC_0534,decoy,NS(=O)(=O)c1ccc(-n2nc(C(F)(F)F)cc2-c2cc3ccccc3o2)cc1,CHEMBL29562
DEC_2970,decoy,CCO/C(O)=C1\C(COCc2cc(O)nc(CO)n2)=NC(C)=C(C(=O)OC)C1c1cccc(Cl)c1Cl,CHEMBL80284
DEC_2443,decoy,COC(=O)/C=C1\SC2C(NC(=O)C(N)c3ccccc3)C(=O)N2C(C(=O)O)=C1C,CHEMBL283510
DEC_3889,decoy,Cc1cccc2c1N(CC(=O)N1CC3CCC(CC3)C1)C(=O)C(NC(=O)Nc1cccc(Cl)c1)N=C2c1ccccc1F,CHEMBL48563
DEC_1565,decoy,CC(C)(Cc1ccc(I)cc1)NCC(O)c1ccc(O)c2nc(O)ccc12,CHEMBL41605
DEC_3483,decoy,Oc1ccc2c(c1)OC(c1ccc(OCCN3CCOCC3)cc1)c1c-2sc2cc(O)ccc12,CHEMBL24168
DEC_3522,decoy,Cc1cc(-c2noc(C(F)(F)F)n2)cc(C)c1OCCCc1cccc(F)n1,CHEMBL434962
DEC_2194,decoy,CCn1cc(C(=O)O)c(=O)c2cc(F)c(N3CCC(N)C3)c(OC)c21,CHEMBL15465
DEC_3096,decoy,COC(=O)[C@]1(O)C[C@@H]2O[C@@]1(C)n1c3ccccc3c3c4c(c5c6ccccc6n2c5c31)C(=O)NC4,CHEMBL416056
DEC_1349,decoy,COc1c(C(=O)NC[C@@H]2CCCN2C2[C@H]3C[C@@H]4C[C@@H](C[C@H]2C4)C3)cc(Br)c2ccccc12,CHEMBL53218
DEC_0743,decoy,CCSc1nnc(-c2nc(C(C)(C)C)c(O)c(C(C)(C)C)n2)s1,CHEMBL17218
DEC_1945,decoy,CCCCCCCN(Cc1cccc(CSc2nc(-c3ccccc3)c(-c3ccccc3)[nH]2)c1)C(=O)Nc1ccc(F)cc1F,CHEMBL115682
DEC_1621,decoy,CCC(=O)/C=C(C)/C=C/CC(C)CCCC(C)(C)O,CHEMBL36822
DEC_2832,decoy,COc1cc(NS(C)(=O)=O)ccc1Nc1c2ccccc2nc2c(C(N)=O)cccc12,CHEMBL417526
DEC_0227,decoy,COc1cc2c(c(OC)c1OC)-c1ccc(SC)c(=O)cc1[C@@H](NC(=O)C(F)(F)F)CC2,CHEMBL280392
DEC_2888,decoy,O=C(c1nc(-c2ccc(Cl)cc2)n(-c2ccc(Cl)cc2Cl)n1)N1CCN(c2cccc(C(F)(F)F)c2)CC1,CHEMBL416535
DEC_2426,decoy,CCn1c(=O)c2nc(-c3ccc(S(=O)(=O)N4CCOCC4)cc3)[nH]c2n(CC)c1=O,CHEMBL10906
DEC_0243,decoy,Cc1cc(C)cc(-c2[nH]c3ccccc3c2CCNCCCCCc2ccncc2)c1,CHEMBL11420
DEC_0945,decoy,CCC(C)c1ccc(N2CCCN(c3ccc(C(C)CC)cc3)C2=N)cc1,CHEMBL282841
DEC_3421,decoy,COc1cc2c(cc1OC)CN(CCc1cccc(NC(=O)c3cccc4c(O)c5cccc(OC)c5nc34)c1)CC2,CHEMBL77560
DEC_1114,decoy,Cc1nnc2n1-c1sc(C#CCN3C(=O)COc4cc(F)ccc43)cc1C(c1ccccc1Cl)=NC2,CHEMBL20418
DEC_2925,decoy,CC1Cc2c(OCc3ccc(-c4ccccc4)cn3)ccc3c2c(c(CCNC(C)C(=O)O)n3Cc2ccc(Cl)cc2)S1,CHEMBL16574
DEC_0196,decoy,Oc1ccc2c3c1OC1[C@H]4OC[C@@]4(CCCc4ccccc4)CC4C(C2)N(CC2CC2)CCC341,CHEMBL441761
DEC_1122,decoy,Cc1nnc2n1-c1sc(C#CCN3CCc4ccccc4C3=O)cc1C(c1ccccc1Cl)=NC2,CHEMBL280683
DEC_0517,decoy,O=C1NC(=O)C(CC#Cc2ccccc2)(S(=O)(=O)c2ccc3ccccc3c2)S1,CHEMBL269643
DEC_4190,decoy,CCOc1ccc2c(c1)[C@@H](c1ccc(OC)cc1OCCO)N(CC(=O)O)[C@@H]2c1ccc2c(c1)OCO2,CHEMBL298569
ACT_080,active,CC1=C(C(=O)Nc2nc3ccccc3s2)C(c2ccccc2[N+](=O)[O-])C(C(=O)Nc2nc3ccccc3s2)=C(C)N1,CHEMBL2443380
DEC_3404,decoy,COC(=O)C1=C(C)N=C(C)/C(=C(/O)OC)C1c1ccc2nc(-c3ccc(O)c(OC)c3)n(Cc3ccc(O)c(OC)c3)c2c1,CHEMBL307713
DEC_3520,decoy,CCCCc1nc(N(Cc2ccccc2)Cc2ccccc2)c2sccc2n1,CHEMBL31773
DEC_4195,decoy,Cc1ncc(-c2ccc(S(=O)(=O)Nc3ccc(CCNC[C@H](O)c4cccnc4)cc3)cc2)o1,CHEMBL288418
DEC_2046,decoy,CCCCC(CC)C(=O)Nc1ccc2ccn(Cc3ccc(C(=O)NS(=O)(=O)c4ccc(C)cc4)cc3OC)c2c1,CHEMBL79254
DEC_0972,decoy,Cc1cc(C)cc(-c2[nH]c3ccccc3c2CCNCc2ccccn2)c1,CHEMBL274441
DEC_2633,decoy,COc1ccccc1N1CCN(CCCSc2nc(N)c3c(C)c(C)sc3n2)CC1,CHEMBL11936
ACT_030,active,O=C(Nc1cc(Br)ccc1N1CCN(C(=O)c2ccco2)CC1)c1cc2ccccc2o/c1=N\c1ccccc1,CHEMBL2347882
DEC_0262,decoy,N=C(Nc1ccc(CNC(=O)CCCCC2CCSS2)cc1)c1cccs1,CHEMBL33601
DEC_2167,decoy,Cc1c(CCC(=O)O)s/c(=N\C(=O)c2ccc(C(=N)N)cc2)n1C,CHEMBL8572
DEC_4135,decoy,Cc1cc(SC2=C(O)OC(CCc3ccc(N)cc3)(C(C)C)CC2=O)c(C(C)(C)C)cc1OS(=O)(=O)N(C)C,CHEMBL306421
DEC_0657,decoy,O=CN(O)C(CCC(=O)N1CCOCC1)CS(=O)(=O)c1ccc(Oc2ccc(OC(F)(F)F)cc2)cc1,CHEMBL306585
DEC_0317,decoy,C/N=C(\N)c1ccc(-c2ccc(-c3ccc(/C(N)=N/C)cc3)o2)cc1,CHEMBL284933
DEC_1958,decoy,O=C(NO)C1CN(C(=O)c2cccs2)c2ccccc2CN1S(=O)(=O)c1ccc(Oc2ccc(Cl)cc2)cc1,CHEMBL97788
DEC_4192,decoy,COc1ccc2c(c1OC(C)=O)-c1cc(O)cc3c1C(C2)N(C(=O)CN(CCCl)CCCl)CC3,CHEMBL7060
DEC_2063,decoy,c1ccc(Sc2ccc(NC3=NCCN3)cc2)cc1,CHEMBL430286
DEC_1568,decoy,N=C(c1ccc(NC(=O)c2nnnn2-c2ccc3cc(Cl)ccc3c2)c(F)c1)N1CCCCC1,CHEMBL21562
DEC_2709,decoy,CC(C)(C)NC(=O)[C@@H]1CN(Cc2cccnc2)CCN1C[C@@H](O)C[C@@H](Cc1ccc(F)cc1)C(=O)N[C@H]1c2ccccc2C[C@H]1O,CHEMBL347528
DEC_1626,decoy,CCCCCCCN(C)/N=N/c1ccc(C(=O)O)cc1,CHEMBL9674
DEC_2209,decoy,O=C(N[C@@H](CC1CCCCC1)C(=O)O)c1ccc(Cl)c(-c2ccc(Cl)cc2)c1,CHEMBL34042
DEC_2132,decoy,NCCCN1C(=O)C(CCN)N=C(c2ccccc2)c2cc(N(Cc3ccccc3)Cc3ccccc3)ccc21,CHEMBL312658
DEC_4294,decoy,c1ccc2c(c1)OC(N1CCOCC1)c1cnc(N3CCCCC3)nc1-2,CHEMBL30742
DEC_0777,decoy,CCCCCOc1ccc2c3c1OC1C(O)C=CC4C(C2)N(C)CCC341,CHEMBL25917
DEC_0846,decoy,C/C=C/CC(O)[C@@H](C)[C@H](O)[C@H](C)[C@H]1OC(=O)/C(OC)=C/C(C)=C/[C@@H](C)[C@@H](O)[C@@H](C)C/C(C)=C/C=C/[C@@H]1OC,CHEMBL417597
DEC_4285,decoy,c1ccc2c(c1)OC(N1CCCC1)c1cnc(N3CCCC3)nc1-2,CHEMBL288323
DEC_1001,decoy,Cc1nnc2n1-c1ccc(C#CCN3C(=O)CCc4ccccc43)cc1C(c1ccc(Cl)cc1)=NC2,CHEMBL20591
DEC_0749,decoy,CON(C)C1=NC(=O)/C(=C/c2cc(C(C)(C)C)c(O)c(C(C)(C)C)c2)S1,CHEMBL16855
DEC_2353,decoy,CCN(CC)Cc1ccn(-c2cc3c(cc2C(F)(F)F)[nH]c(=O)c(=O)n3CC(=O)O)c1,CHEMBL274219
ACT_065,active,CC(C)(C)OC(=O)N(C(=O)c1ccccc1)C1=N[C@](C)(c2nc(Br)ccc2F)C[C@@H](C(F)(F)F)O1,CHEMBL3961919
DEC_2379,decoy,CC(C)(N)C(=O)N[C@H](Cc1c[nH]c2ccccc12)C(=O)N1CCCC2(Cc3ccccc3C2)C1,CHEMBL427806
DEC_3490,decoy,COc1ccc2c(c1)c(Cc1nc(C(=O)O)cs1)c(C)n2C(=O)c1ccc(Cl)cc1,CHEMBL280544
DEC_1193,decoy,CCC(=O)OC1CCn2c1nc1c2C(=O)C(C)=C(NC(C)=O)C1=N,CHEMBL17438
DEC_2235,decoy,Oc1cc(N[C@H]2CC[C@H](NCc3ccc(Cl)c(Cl)c3)CC2)nc2ccccc12,CHEMBL23463
DEC_2928,decoy,CN(Cc1ccccc1)C(=O)[C@H](Cc1ccc2ccccc2c1)NC(=O)[C@@H]1CCCN1C(=O)Nc1ccccc1C(F)(F)F,CHEMBL108481
DEC_1902,decoy,O=C1O[C@H](c2ccc(Cl)cc2)[C@@](Cn2cncn2)(c2ccc(Cl)cc2Cl)O1,CHEMBL276183
DEC_0464,decoy,CCCCc1nc2c(=O)[nH][nH]c(=O)c2n1Cc1ccc(-c2ccccc2-c2nn[nH]n2)cc1,CHEMBL267056
DEC_2760,decoy,COc1cccc2c1CCC1CN(CCn3c(=O)[nH]c4c(sc5ccccc54)c3=O)CC21,CHEMBL289361
DEC_0986,decoy,CCCN1N=C2/C(=C/c3ccc(C(C)(C)C)cc3)CS(=O)(=O)CC2C1c1ccc(C(C)(C)C)cc1,CHEMBL435570
DEC_4098,decoy,Nc1ccc(C(=O)N2CCc3cc(S(=O)(=O)N4CC(c5ccccc5)NC4=O)ccc32)cc1,CHEMBL39830
DEC_4045,decoy,O=c1cnn(-c2ccc(S(=O)(=O)Cc3ccc(Cl)cc3)cc2)c(=O)[nH]1,CHEMBL440842
DEC_1647,decoy,Cc1ccncc1C1=C(c2ccc(S(C)(=O)=O)cc2)CCC1=O,CHEMBL276976
DEC_0501,decoy,Nc1ccc(S(=O)(=O)c2cc(Br)nc(Br)c2)cc1,CHEMBL415464
DEC_0720,decoy,CC(C)(C)C(O)c1nc2c(C(F)(F)F)cccc2c(O)c1C(=O)Nc1nccs1,CHEMBL33430
DEC_3655,decoy,CC(=O)N[C@H](C(=O)N[C@H](C(=O)C1C[C@H](Sc2ccc(Br)cc2)C[C@H]1C(=O)CC1(C(=O)O)CC1)C(C)C)C1CCCCC1,CHEMBL372230
ACT_077,active,N#CC1(Cc2ccc(Br)cc2I)CCc2ccccc2CC1,CHEMBL5886238
DEC_0495,decoy,Cc1ccc(C#CCC2(S(=O)(=O)c3ccc(C)cc3)SC(=O)NC2=O)cc1,CHEMBL11857
DEC_2491,decoy,CNC(=O)c1ccc(/C=C/C(=O)NCC(=O)N(C)c2ccc(Cl)c(COc3cccc4oc(C)nc34)c2Cl)cc1,CHEMBL43510
DEC_3646,decoy,C[C@@H](NC(=O)c1cnc(-c2ccc(Cl)cc2)s1)[C@](O)(Cn1cncn1)c1ccc(F)cc1F,CHEMBL54679
DEC_2358,decoy,CN1CCC23c4c5ccc(O)c4OC2[C@H](O)[C@](CO)(CCCCCc2ccccc2)CC3C1C5,CHEMBL9425
DEC_0973,decoy,CC1(C)CCC(C)(C)c2cc(/N=[N+](\[O-])c3ccc(C(=O)O)cc3)ccc21,CHEMBL12749
DEC_3143,decoy,CNc1cc(NC(=O)OC)ccc1Nc1c2ccccc2nc2cc(Br)ccc12,CHEMBL288692
DEC_2076,decoy,CC[C@]1(c2ccccc2Cl)OC[C@H]([C@@H]2CCCCN2)O1,CHEMBL26639
DEC_1856,decoy,Cn1cncc1C(O)(C#Cc1ccc(C#N)cc1-c1ccc2c(c1)OCO2)c1ccc(C#N)cc1,CHEMBL25620
DEC_2474,decoy,CCCCc1nc2ccc(C3=NN(CC(=O)N(C)C)C(=O)CC3C)cc2n1Cc1ccc(-c2ccccc2-c2nn[nH]n2)cc1,CHEMBL284126
DEC_1574,decoy,CC1(C)C2CCC1(CS(=O)(=O)N1CCC3(CCc4ccccc43)CC1)C(NC(=O)C1CCNCC1)C2,CHEMBL22286
DEC_2037,decoy,CCCCc1nc(SC)c(C(=O)O)n1Cc1ccc(-c2ccccc2S(=O)(=O)NC(=O)OCC=C(C)C)cc1,CHEMBL80181
DEC_2492,decoy,CCCCCN(C(=O)c1ccncc1)c1ccc2ncn(Cc3ccc(-c4ccccc4-c4nnnn4C)cc3)c(=O)c2c1,CHEMBL29654
DEC_3335,decoy,C[C@]12CC[C@H]3[C@@H](CCC4=CC(=O)CC[C@@]43C)[C@@H]1CC[C@@H]2C(=O)C[Se]c1ccccc1,CHEMBL25117
DEC_0572,decoy,CC(C)c1ccccc1Sc1c(O)cc(-c2cccc(N(C)C)c2)oc1=O,CHEMBL12884
DEC_0226,decoy,C/N=C(/S)[C@@]1(c2cccnc2)CCCC[C@@H]1CCNS(=O)(=O)c1ccc(Cl)cc1,CHEMBL290871
DEC_1917,decoy,Cn1cncc1C(O)(C#Cc1ccccc1)c1ccc(C#N)c(-c2cccc3ccccc23)c1,CHEMBL24271
DEC_0883,decoy,C=CC(C)(C)c1[nH]c2ccccc2c1C1=C(O)C(N)=C(c2c[nH]c3c(CC=C(C)C)cccc23)C(=O)C1=O,CHEMBL18842
DEC_3208,decoy,CCSc1ccnc(C[S+]([O-])c2nc3ccccc3[nH]2)c1C,CHEMBL264214
DEC_1827,decoy,CC(C)c1cccc(C(C)C)c1OC(=O)N(C)S(=O)(=O)Oc1c(C(C)C)cccc1C(C)C,CHEMBL22407
DEC_0457,decoy,CC(C)C[C@@H](C(=O)N[C@H](C(=O)Nc1ccccn1)C(C)(C)C)[C@@H](C(=O)NO)C1CCCCC1,CHEMBL286290
DEC_0462,decoy,CCOC(=O)COc1ccc(C(=O)c2ccc(O)c(CN=C(N)N)c2)c(Cl)c1Cl,CHEMBL40639
DEC_1423,decoy,CC[C@@]12O[C@@H]1Cc1c(O)c3c(c(O)c1[C@H]2C(=O)OC)C(=O)c1cccc(O)c1C3=O,CHEMBL277251
DEC_0557,decoy,C(=C/c1ccc2ccccc2n1)\c1ccc(OCc2ccccc2Cc2nnn[nH]2)cc1,CHEMBL275866
DEC_4061,decoy,Cc1nnc2n1-c1sc(/C=C/C(=O)N3CCOCC3)cc1C(c1ccccc1Cl)=NC2,CHEMBL285067
DEC_0366,decoy,CSc1nsnc1C1=C(C)CCN(C)C1,CHEMBL279105
DEC_1190,decoy,CCC(C)Cn1ncc2c1nc(N)n1nc(-c3ccco3)nc21,CHEMBL440458
DEC_4020,decoy,CC1COc2c(N3CCN(C)CC3)c(F)cc3c(=O)c(C(=O)O)cn1c23,CHEMBL4
DEC_3806,decoy,CC(O)(c1ccc(Cl)cc1)C(O)(Cn1cncn1)c1ccc(Cl)cc1,CHEMBL275046
DEC_0311,decoy,N[C@@H](COCc1ccc(Br)cc1)Cc1c[nH]cn1,CHEMBL18685
DEC_0369,decoy,CC(=O)OC1CCC2(C)CC3C=C[C@]2(OO3)C1(C)C,CHEMBL285504
DEC_2470,decoy,CCCCc1nc2ccn(C(C(=O)N(C)C)c3ccccc3)c(=O)c2n1Cc1ccc(-c2ccccc2-c2nn[nH]n2)cc1,CHEMBL92479
DEC_0400,decoy,C=C1/C(=C\C=C2/CCC[C@@]3(C)C2CC[C@@H]3[C@H](C)CCCC(C)(C)O)C[C@@H](O)[C@@H](OCCCO)[C@@H]1O,CHEMBL435571
DEC_0380,decoy,Cc1cc(C(C)(C)C)c(O)c(C)c1CC1=NCCN1,CHEMBL762
DEC_1684,decoy,CCCCC[C@](C)(O)/C=C/C1[C@@H]2C[C@@H](O)[C@H]1C/C=C\CCCC(=O)O2,CHEMBL12539
DEC_2331,decoy,Cc1nc2n(c(=O)c1C(=O)O)C(C)CC/C2=N\O,CHEMBL36151
DEC_1456,decoy,CC1OC=C(CO)[C@H]2C[C@H]3c4[nH]c5ccccc5c4CCN3CC12,CHEMBL15238
DEC_1169,decoy,CCn1cc(C(=O)O)c(=O)c2cc(SC)c(N3CCNCC3)cc21,CHEMBL264318
DEC_3887,decoy,CCNC(=O)c1c(C2CC2)nc(CC)n1Cc1ccc2oc(-c3ccccc3NS(=O)(=O)C(F)(F)F)c(Br)c2c1,CHEMBL104667
DEC_3366,decoy,Cc1nnc2n1-c1sc(/C=C\c3ccccn3)cc1C(c1ccccc1Cl)=NC2,CHEMBL285926
DEC_2237,decoy,Oc1cc(N[C@H]2CCC[C@H](NCc3ccc(Cl)c(Cl)c3)C2)nc2ccccc12,CHEMBL23496
DEC_3628,decoy,Cc1cccc(-c2c(O)nc3cc(Cl)c(NC(=O)NC4CC4)cc3c2OCCC2CCCCN2)c1,CHEMBL49695
DEC_2073,decoy,CCn1c(-c2ccc(O)cc2)c(C)c2ccc(O)cc21,CHEMBL32494
DEC_3099,decoy,CC[C@@]1(O)C(=O)OCc2c1cc1n(c2=O)C(CC(=O)N2CCCCC2)c2cc3ccccc3nc2-1,CHEMBL43538
ACT_018,active,OC1=C2Nc3ccccc3N=C2OC1c1c[nH]c2ccc(COc3ccccc3)cc12,CHEMBL4062641
DEC_3005,decoy,OC1(C#Cc2ccc(Oc3ccc(Br)cc3)cc2)CN2CCC1CC2,CHEMBL24776
DEC_1249,decoy,Cc1cccc(C)c1C(=O)N1CCC(N2CCN([C@@H](C)c3ccc(S(=O)(=O)c4ccc5c(c4)OCO5)cc3)[C@H](C)C2)CC1,CHEMBL305026
DEC_0381,decoy,C/N=C(/S)C1(c2cccnc2)CCCC/C1=C\C=O,CHEMBL40827
DEC_3186,decoy,O=C(O)CCc1ccc(Oc2nccc(-c3c(-c4ccc(F)cc4)ncn3C3CCNCC3)n2)cc1,CHEMBL14026
DEC_1652,decoy,CCOc1ccc(-n2c(C)c3c(C)nnc(N(C)C)c3c2C)cc1,CHEMBL24747
DEC_3844,decoy,CCC(C)(O)C#Cc1nc(Nc2ccc(OC)cc2)c2ncn(C(C)C)c2n1,CHEMBL23317
DEC_3879,decoy,COc1ccc(NS(=O)(=O)C(F)(F)F)cc1C[C@@H]1COc2ccc(OCc3ccc4ccc(Cl)cc4n3)cc2[C@@H]1O,CHEMBL96206
DEC_3230,decoy,O=C1C2C3C=CC(CCC3)C2C(=O)N1CCCCc1ccncc1,CHEMBL31960
DEC_1263,decoy,C/C(=N\OCCSc1nnnn1C)c1ccc(Sc2cc(F)cc(C3CCOCC3)c2)cc1,CHEMBL279935
DEC_1837,decoy,C=CCCN1CC[C@@H](N2CC(=O)N3[C@H](c4ccc5c(c4)OCO5)c4[nH]c5ccccc5c4C[C@@H]3C2=O)C1,CHEMBL34628
DEC_0665,decoy,O=C(C[C@H]1S[C@H](c2ccco2)N(CC(=O)NCCCN2CCOCC2)C1=O)NCc1cccc2ccccc12,CHEMBL42799
DEC_0021,decoy,CC(C)C1=CC2CC3(C=O)[C@@H]4CC[C@@H](C)[C@H]4CC2(CO[C@@H]2C[C@@H]4OC(C)(C)O[C@@H]4[C@@H](C)O2)C13C(=O)O,CHEMBL281117
DEC_0315,decoy,CCC(C)(C)/N=c1\c(O)c(O)\c1=N/Cc1cc(F)cc(F)c1,CHEMBL19879
DEC_0703,decoy,C[C@H](CCCC(C)(C)O)C1CCC2/C(=C/c3occ4c3CC(O)CC4)CCCC21C,CHEMBL277344
DEC_3531,decoy,CCN(CC)CCOc1cccc(/C=C(\C#N)c2noc3ccc(Cl)cc23)c1,CHEMBL279452
DEC_0518,decoy,Cl.O=C([C@@H]1CCCN1)N1CCCC1P1(=O)Oc2ccccc2-c2ccccc2O1,CHEMBL9724
DEC_1947,decoy,CCCCCCCN(Cc1ccccc1CSc1nc(-c2ccccc2)c(-c2ccccc2)[nH]1)C(=O)Nc1ccc(F)cc1F,CHEMBL331185
DEC_3690,decoy,CC(C)(C)C(O)c1ccc(C(=O)OCC(COC(=O)c2ccc(C(O)C(C)(C)C)cc2)OC(=O)c2ccc(C(O)C(C)(C)C)cc2)cc1,CHEMBL150102
DEC_4148,decoy,CCCc1nc(CN2CCC(c3ccccc3)CC2)c(C(=O)O)n1Cc1ccc(-c2ccccc2-c2nn[nH]n2)cc1,CHEMBL70796
DEC_1404,decoy,COc1cc([C@@H]2c3cc4c(cc3N(N)[C@H]3COC(=O)N23)OCO4)cc(OC)c1OC,CHEMBL9134
DEC_4312,decoy,c1ccc(COCC23NC(Cc4ccccc42)c2ccccc23)cc1,CHEMBL274407
DEC_1049,decoy,Cc1nnc2n1-c1sc(I)cc1C(c1ccccc1Cl)=NC2,CHEMBL20359
DEC_3576,decoy,CC(C(=O)O)c1cc(C(=O)c2ccccc2)ccc1OC(=O)C(C)(C)C,CHEMBL10318
DEC_1459,decoy,Nc1nc(N)c2nc(Sc3ccc(Cl)c(Cl)c3)cnc2n1,CHEMBL6544
DEC_1470,decoy,Cc1ccc(C)n1-c1cc2nc(O)c(O)nc2cc1C(F)(F)F,CHEMBL267551
DEC_1937,decoy,CC1=C(/C=C/C(C)=C/C=C/C(C)=C/C(=O)NCCCNC(=O)/C=C(C)/C=C/C=C(C)/C=C/C2=C(C)CCCC2(C)C)C(C)(C)CCC1,CHEMBL127406
DEC_0796,decoy,CC(C)(C)c1cc(-c2nnc(O)s2)cc(C(C)(C)C)c1O,CHEMBL16827
DEC_2680,decoy,COP(=O)(Nc1ccc(Nc2c3ccccc3nc3cc(N)ccc23)cc1)OC,CHEMBL9762
DEC_3199,decoy,CC(C)[C@H]1OS(=O)O[C@]1(Cn1cncn1)c1ccc(Cl)cc1,CHEMBL275780
DEC_0397,decoy,OC[C@@]1(CCCCCc2ccccc2)CC2C3Cc4ccc(O)c5c4C2(CCN3CC2CC2)C(O5)[C@@H]1O,CHEMBL9706
DEC_0707,decoy,C[C@H](CCCc1ccccc1)Oc1cc(O)c2c(c1)N[C@@H](C)[C@@H]1CC[C@@H](O)C[C@@H]21,CHEMBL423481
DEC_0344,decoy,COOC1(OOC)CCCCCCCCCCC1,CHEMBL282791
DEC_3726,decoy,Fc1ccc(CC2COC(Cn3ccnc3)(c3ccc(Cl)cc3Cl)O2)cc1,CHEMBL29676
DEC_3268,decoy,COc1cc(N(C)C)c(Cl)cc1C(=O)NCC1CCCN1C1CCCCC1.O=C(O)C(=O)O,CHEMBL282944
DEC_3370,decoy,O=C1NCN(c2ccccc2)C12CCN(C1CCc3c(Cl)cccc3C1)CC2,CHEMBL27699
DEC_2803,decoy,CCOc1c(N2CCCC(N)C2)c(F)c(N)c2c(=O)c(C(=O)O)cn(C3CC3)c12,CHEMBL279381
DEC_3432,decoy,COc1cc([C@@H]2c3cc4c(cc3[C@@H](Nc3ccc(Oc5ccccc5)cc3)[C@H]3COC(=O)[C@H]23)OCO4)cc(OC)c1O,CHEMBL284921
DEC_0695,decoy,[N-]=[N+]=Nc1ccc2c(Nc3ccc(S(N)(=O)=O)cc3)c3ccc(N=[N+]=[N-])cc3nc2c1,CHEMBL35745
DEC_0673,decoy,CCCn1c(=O)c2nc(-c3ccc(OCC(=O)N(CC(=O)OCC)CC(=O)OCC)cc3)[nH]c2n(CCC)c1=O,CHEMBL16984
DEC_1460,decoy,O=C1Nc2ccc(F)c(F)c2C(C#Cc2ccoc2)(C(F)(F)F)O1,CHEMBL17608
DEC_3235,decoy,O=S(=O)(CS(=O)(=O)C(F)(F)F)c1c(Cl)cccc1Cl,CHEMBL12838
DEC_3775,decoy,Cc1cc(-c2c(F)cc3c(=O)c(Cc4ccc(O)cc4)cn(C4CC4)c3c2F)cc(C)n1,CHEMBL7534
DEC_1891,decoy,Cc1cc(C)c(-n2c(C)c(C)c3c(-c4ccccc4C(F)(F)F)nc(C)nc32)c(C)c1,CHEMBL273839
DEC_3773,decoy,Cn1cncc1C(O)(CN1CCC(C#N)=C(c2cccc3ccccc23)C1)c1ccc(C#N)cc1,CHEMBL282161
DEC_0984,decoy,CC(=O)[C@@]12OC(C)(c3ccc(N=[N+]=[N-])cc3)O[C@@H]1CC1C3CCC4=CC(=O)CC[C@]4(C)C3CC[C@@]12C,CHEMBL417252
DEC_1656,decoy,CC(C)[C@H]1OC(=O)O[C@@]1(Cn1cncn1)c1ccc(Cl)cc1,CHEMBL275465
DEC_3877,decoy,CSc1cccc(NC(=O)NC2N=C(c3ccccc3F)c3cccc(C)c3N(CC(=O)N3CC4CCC(CC4)C3)C2=O)c1,CHEMBL413267
DEC_2182,decoy,OC[C@@]12C[C@@H]1[C@@H](n1cnc3c(NC4CCCC4)nc(Cl)nc31)C[C@@H]2O,CHEMBL27593
DEC_1850,decoy,CO[C@]12C=CC3(CC14CCC(C)(C)[C@H]4O)C1Cc4ccc(O)c5c4C3(CCN1CC1CC1)[C@@H]2O5,CHEMBL31030
DEC_4112,decoy,CC1=C(C#N)C(c2ccccc2C(F)(F)F)/C(=C(\O)OCCN(C)Cc2ccccc2)C(C[S+]([O-])c2ccccc2)=N1,CHEMBL308367
DEC_0481,decoy,CC(C)[C@@H](CN1CC[C@@](C)(c2cccc(O)c2)[C@@H](C)C1)NC(=O)[C@H]1Cc2ccccc2CN1,CHEMBL10872
DEC_2607,decoy,COc1cc2c(c(OC)c1OC)-c1ccc(OC)c(=O)cc1[C@@H](NC(=O)COC(C)=O)CC2,CHEMBL29759
DEC_0158,decoy,CCN(CC)C(=O)c1ccc2[nH]c(-c3cc(C)cc(C)c3)c(CCNCCCCc3cccnc3)c2c1,CHEMBL417363
DEC_0453,decoy,C[C@@H](O)[C@H]1C(=O)N2C(C(=O)O)=C(S[C@@H]3CN[C@H](CSc4ccccc4)C3)[C@H](C)[C@H]12,CHEMBL277818
DEC_1776,decoy,CCCOC(=O)c1ncn2c1CN(C)C(=O)c1sccc1-2,CHEMBL268626
DEC_0383,decoy,c1coc(C2NCCc3c2[nH]c2ccccc32)c1,CHEMBL37682
DEC_0482,decoy,CCNc1c2c(nc(NC(=O)Nc3ccc(OC)cc3)n3nc(-c4ccco4)nc23)nn1C,CHEMBL20555
ACT_059,active,COC(=O)[C@@H]1O[C@@H]2O[C@H]1C(=S)N(Cc1ccccc1)[C@H]2Cc1ccccc1,CHEMBL4094980
DEC_1705,decoy,C=C1CC2C3CCC4=CC(=O)C=CC4(C)C3C(O)CC2(C)[C@@]1(OC(=O)c1ccco1)C(=O)COC(C)=O,CHEMBL41296
DEC_1786,decoy,O=C1N2CCN=C2c2[nH]cnc2N1Cc1ccc(Cl)cc1,CHEMBL278484
DEC_0073,decoy,CC[C@@H](C)CNC(=O)[C@@H](CC(O)[C@H](CC(C)C)NC(=O)C(C(=O)Cc1ccccc1)C(O)C(=O)O)C(C)C,CHEMBL26486
DEC_2670,decoy,CCc1nc2ccc(OC3CCN(C(C)=N)CC3)cc2n1C/C=C/c1cc(N)ccc1O,CHEMBL25477
DEC_0425,decoy,Cc1cc(O)nnc1-c1ccc2nc(C3CC3)n(Cc3ccc(-c4ccccc4-c4nn[nH]n4)cc3)c2c1,CHEMBL24266
DEC_1741,decoy,O=C1c2nc3n(c2C(=O)c2c1nc1n2CCCC1)CCCC3,CHEMBL20198
DEC_1931,decoy,Cc1nnc2n1-c1sc(C#CCn3cnc4ccccc43)cc1C(c1ccccc1Cl)=NC2,CHEMBL277029
DEC_0892,decoy,CN(C)CCCc1c(/C=C2\C(=O)Nc3ccc(S(=O)(=O)NCc4ccc(F)cc4)cc32)[nH]c2c1CCCC2,CHEMBL301863
DEC_3599,decoy,CCCCc1nc2c(n1Cc1ccc(-c3ccccc3-c3nn[nH]n3)cc1)/C(=C/C(=O)O)CCCC2,CHEMBL288832
DEC_4140,decoy,CCCCc1nc2ccn(Cc3ccccc3Br)c(=O)c2n1Cc1ccc(-c2ccccc2-c2nn[nH]n2)cc1,CHEMBL430570
DEC_3489,decoy,CCOC(=O)C1=C(C)N=C2SC(c3c(Cl)cccc3Cl)=CN2C1c1ccccc1OC,CHEMBL439925
DEC_2960,decoy,CC1=C(C(=O)OC(c2ccccc2)c2ccccc2)N2C(=O)[C@@H](NC3=NC(c4ccc(C#N)cc4)CN3)C2SC1,CHEMBL13734
DEC_3169,decoy,CCCCN(C)C(=O)CN1C[C@@H](c2ccc3c(c2)OCO3)[C@H](C(=O)O)[C@H]1c1ccc(OC)cc1,CHEMBL267695
DEC_2454,decoy,CO[C@H]1CN(CC2=CCCCC2)C[C@H](OCC23C[C@@H]4[C@H](C)CC[C@H]4C4(C=O)CC2C=C(C(C)C)C34C(=O)O)O[C@@H]1C,CHEMBL47754
DEC_1548,decoy,Cc1cc(NCc2ccc(-c3ccccc3-c3nn[nH]n3)cc2)c(I)c(C)n1,CHEMBL33811
DEC_1636,decoy,CCCCCCCCCCCCOS(C)(=O)=O,CHEMBL23307
DEC_3367,decoy,O=C1Nc2ccc(Cl)cc2C(C#CC2CC2)(C(F)(F)F)OC1CC(F)(F)F,CHEMBL31285
DEC_2072,decoy,Cc1ccc(C)c(N2CCN(C3CCCCC3O)CC2)c1,CHEMBL281595
DEC_1253,decoy,O=C1NCc2nc(Sc3ccc(F)cc3F)c(N3CCN(CCN4CCCC4)CC3)cc2N1c1c(Cl)cccc1Cl,CHEMBL93161
DEC_3794,decoy,CC1N=C(c2ccccc2)c2cc(Cl)ccc2-n2c1nnc2C(CN(C)C)c1ccccc1,CHEMBL280327
DEC_0952,decoy,O=C1NC(=O)C(CC#Cc2ccc(Cl)cc2)(Sc2ccccc2)S1,CHEMBL11973
DEC_0931,decoy,O=C(O)CC[C@H](NC(=O)CC1OC(CO)C(O)C(O)C1O)C(=O)NCCc1c[nH]c2ccc(OCc3ccccc3)cc12,CHEMBL38507
DEC_0467,decoy,C[C@H](NC(c1cccc2nc(O)c(O)nc12)P(=O)(O)O)c1ccc(Br)cc1,CHEMBL273636
DEC_3882,decoy,COc1ccc(C[C@H]2NC(=O)/C=C/C[C@@H]([C@@H](C)/C=C/c3ccccc3)OC(=O)[C@H](CC(C)C)OC(=O)[C@H](C)CNC2=O)cc1,CHEMBL13610
DEC_0602,decoy,CC[C@@]1(O)C(=O)OCc2c1cc1n(c2=O)Cc2c-1nc1cnc(Br)cc1c2C,CHEMBL13935
DEC_4280,decoy,CC(/N=c1\c(O)c(O)\c1=N/c1ccc(C#N)cc1)c1ccc(F)cc1,CHEMBL18491
DEC_1874,decoy,COc1ccc2c(c1O)-c1cc(O)cc3c1C(C2)N(C(=O)CN(CCCl)CCCl)CC3,CHEMBL7032
DEC_0375,decoy,O=C(O)C1CCc2sc(CCn3ccnc3)cc2C1,CHEMBL23088
DEC_1862,decoy,O=C1NC(=O)C(CC#Cc2ccc(Cl)cc2)(S(=O)(=O)c2ccc3ccccc3c2)S1,CHEMBL275071
DEC_2420,decoy,CCn1c(=O)c2nc(-c3ccc(S(=O)(=O)N4CCN(C)CC4)cc3)[nH]c2n(CC)c1=O,CHEMBL11049
DEC_2874,decoy,Cc1nnc2n1-c1sc(C#CCn3c(=O)c4ccccc4c4ccccc43)cc1C(C1=CC(=O)CC=C1Cl)=NC2,CHEMBL418556
DEC_0817,decoy,CC[C@H]1Nc2cc3nc(O)cc(C(F)(F)F)c3cc2C[C@@H]1C,CHEMBL7455
DEC_0060,decoy,CCCCCCCc1noc([C@H](CCC(=O)O)NC(=O)[C@H](Cc2ccc(OP(=O)(O)O)cc2)NC(C)=O)n1,CHEMBL432543
DEC_3903,decoy,O=NN(CCCl)C(=O)NC1CCC(Br)CC1,CHEMBL275279
DEC_2556,decoy,O=S(=O)(CS(=O)(=O)C(F)(F)F)c1ccc(OC(F)(F)F)cc1,CHEMBL12517
ACT_005,active,c1cc(-c2ccc(NCCCN3CCCCC3)c(OCCN3CCCCC3)c2)ccc1CN1CCCCC1,CHEMBL4282611
DEC_1224,decoy,C=C1C(=O)O[C@@H]2[C@H]3C[C@@]4(C)C=CC3(CC43C(=O)O[C@@H]4C5C(C)=CC(=O)C5=C(C)C[C@H](CC(=O)CC(C)C)C43)[C@](C)(O)CC[C@@H]12,CHEMBL287034
DEC_2964,decoy,Cc1nc2c(Oc3cc(C(=N)N)ccc3O)nc(Oc3cccc(C(=O)N(C)C)c3)nc2n1Cc1ccccc1,CHEMBL305809
DEC_4223,decoy,CCCCCCCOc1ccc2c3c1OC1C(O)C=CC4C(C2)N(C)CCC341,CHEMBL413092
DEC_1530,decoy,COc1ccnc(C[S+]([O-])c2nc3cc(F)c(OC(F)F)cc3[nH]2)c1OC,CHEMBL9845
DEC_4202,decoy,CCN(CC)c1cc(NC=O)c(O)c2c1CC1CC3[C@H](N(C)C)C(=O)C(C(N)=O)=C(O)[C@@]3(O)C(=O)C1=C2O,CHEMBL56352
DEC_2345,decoy,Cc1csc2c(O)c3c(=O)[nH][nH]c(=O)c3nc12,CHEMBL277134
DEC_0772,decoy,c1cc2c(cc1-c1nc3n(c1-c1ccc4c(c1)OCO4)CCS3)OCO2,CHEMBL429216
DEC_4059,decoy,Cc1nnc2n1-c1sc(C#CCn3c(O)nc4ccccc43)cc1C(c1ccccc1Cl)=NC2,CHEMBL279234
DEC_1364,decoy,C[C@@H]1CC[C@]2(C(=O)O)CC[C@]3(C)C(=CC[C@@H]4[C@@]5(C)C=CC(=O)C(C)(C)[C@@H]5CC[C@]43C)C2[C@H]1C,CHEMBL42755
DEC_4001,decoy,CCc1c2c(nc3cnc(C#N)cc13)-c1cc3c(c(=O)n1C2)COC(=O)[C@]3(O)CC,CHEMBL13787
DEC_2058,decoy,c1ccc(C2(c3ccccc3)OC[C@H]([C@@H]3CCCN3)O2)cc1,CHEMBL283825
ACT_027,active,NC1=Nc2ccc3cc2CN1[C@H](C1CCCCC1)CCC(=O)N(C1CCOCC1)CCc1cccc(c1)O3,CHEMBL1097057
DEC_3617,decoy,CC(=O)Nc1ccc2[nH]c(/C=C/C(=O)N3CC(CCl)c4c3cc(O)c3ccccc43)cc2c1,CHEMBL39350
DEC_1196,decoy,[N-]=[N+]=NC1CC(N=[N+]=[N-])c2cc(C(=O)CC(=O)C(=O)O)ccc21,CHEMBL20592
DEC_3462,decoy,COc1ccc(C(c2ccc(C(C)C)cc(=O)c2O)n2c(=S)oc3ccccc32)cc1,CHEMBL8358
DEC_2305,decoy,Oc1nc2c(F)c(F)c(F)c(F)c2nc1O,CHEMBL289779
DEC_0814,decoy,CC[C@H]1Cc2cc3c(C(F)(F)F)cc(O)nc3cc2N[C@@H]1C,CHEMBL7053
DEC_2687,decoy,CC(C)(N)CNC(=O)c1ccc2[nH]c(-c3cc(C(C)(C)C)cc(C(C)(C)C)c3O)nc2c1,CHEMBL290098
DEC_2086,decoy,Cc1ccc(C(O)c2ccc3c(n2)CCCCC3)cc1,CHEMBL286614
DEC_0839,decoy,Clc1ccc(C(=C2CN=CNC2)c2ccc(Cl)cc2)cc1,CHEMBL29905
ACT_095,active,COc1cc(-c2nc3ccc(Br)cn3c2NC(C)(C)C)ccc1OCCCN1C(=O)c2ccccc2C1=O,CHEMBL4204959
DEC_1960,decoy,N#Cc1c(NC(=O)c2cc(S(=O)(=O)N3CCOCC3)c(Cl)cc2Cl)sc2c1CCC(c1ccc(O)cc1)C2,CHEMBL91242
DEC_3735,decoy,CN1C(=O)CC[C@]2(C)C3CC[C@@]4(C)C(CC[C@@H]4N(C=O)CCC(C)(C)C)C3CC[C@@H]12,CHEMBL16863
DEC_3027,decoy,Cc1c(C(F)(F)F)nn(-c2ccc(S(N)(=O)=O)cc2)c1-c1ccc(Cl)cc1,CHEMBL29133
DEC_3053,decoy,CSC1=NC(=O)/C(=C/c2cc(C(C)(C)C)c(O)c(C(C)(C)C)c2)S1,CHEMBL280226
DEC_0421,decoy,O=C(O)CCC/C=C\c1c(Cc2cccnc2)ccc2c1CCC(NS(=O)(=O)c1ccc(Cl)cc1)C2,CHEMBL31854
DEC_3359,decoy,Oc1nc2c(C(F)(F)F)cc(C#CCN3CCC(Cc4ccc(F)cc4)CC3)cc2[nH]1,CHEMBL19348
DEC_1211,decoy,C/C(=C\C[C@H](O)[C@@]1(C)CC[C@H](C(C)(C)O)O1)[C@H]1CC[C@H]2O[C@@H]([C@]3(C)CC[C@@H](Br)C(C)(C)O3)CC[C@@]2(C)O1,CHEMBL23801
DEC_1153,decoy,COC(=O)[C@]12CCC(C)(C)CC1C1C(=O)C=C3[C@@]4(C)C=C(C(=O)O)C(=O)C(C)(C)[C@@H]4CC[C@@]3(C)[C@]1(C)CC2,CHEMBL8252
DEC_0799,decoy,CC(C)(C)c1cc(-c2nsc(O)n2)cc(C(C)(C)C)c1O,CHEMBL279308
DEC_0286,decoy,COC(=O)[C@H]1NC(=O)C(NC(=O)OC(C)(C)C)COC(=O)c2ccccc2CSC1N,CHEMBL290776
DEC_0645,decoy,CCOC(=O)c1cc(NC(=O)c2cc(NC3=CC4=NCCc5cn(C)c(c54)C3=O)cn2COC)cn1COC,CHEMBL69977
DEC_3943,decoy,CN(C=O)[C@H]1CCC2C3CC[C@H]4N(C)C(=O)C=C[C@]4(C)C3CC[C@@]21C,CHEMBL17025
DEC_4075,decoy,C[C@@]1(c2ccc(F)cc2)O[C@@H]2CC3C4CCC5=CC(=O)CC[C@@H]5C4CC[C@]3(C)[C@]2(C(=O)CO)O1,CHEMBL13977
DEC_1034,decoy,CO[C@H]1[C@@H]2OC[C@H]1O[C@@H]1[C@H]2n2c3ccccc3c3c4c(c5c6ccccc6n1c5c32)C(=O)NC4=O,CHEMBL27509
DEC_1697,decoy,CC(=O)OCC(=O)[C@@]1(OC(=O)c2cccs2)[C@H](C)CC2C3CCC4=CC(=O)C=CC4(C)[C@@]3(F)C(O)CC21C,CHEMBL287934
DEC_2866,decoy,Cc1nnc2n1-c1sc(C#CCn3c4ccccc4c(=O)c4ccccc43)cc1C(c1ccccc1Cl)=NC2,CHEMBL278635
DEC_3172,decoy,CC(=O)N(C)Cc1cc(-c2ncco2)ccc1-c1ccccc1S(=O)(=O)Nc1onc(C)c1C,CHEMBL284656
DEC_3410,decoy,COc1cc2cc(C(=O)N3C[C@H]4C[C@@]45C3=CC(=O)c3[nH]c(C)c(C(=O)SCc4ccccc4)c35)[nH]c2c(OC)c1OC,CHEMBL443020
DEC_2053,decoy,CC(/N=c1\c(O)c(O)\c1=N/c1ccccc1C#N)C(C)(C)C,CHEMBL18680
DEC_1921,decoy,CC(C)N(C(=O)[C@H]1CCC2C3C=CC4=CC(C(=O)O)=CC[C@]4(C)C3CC[C@@]21C)C(C)C,CHEMBL278167
DEC_4315,decoy,CCCCCC[C@H](OC(N)=O)[C@@H](C)[C@H](O)CC/C=C\C(C)[C@@H](O)[C@@H](C)/C=C\CC[C@@H]1O[C@@H](OC)[C@H](C)[C@@H](OCOC)[C@@H]1C,CHEMBL265079
DEC_2070,decoy,CCCN1C[C@H](C)C=C2c3cccc4c3[C@@H](CN4)C[C@H]21,CHEMBL291030
DEC_1071,decoy,CC(=O)OC1CCC2(C)C(CCC3C2CCC2(C)[C@H](C4=CC(=O)OC4)C(=O)CC32O)C1,CHEMBL6558
DEC_3659,decoy,CC(=O)N[C@H](C(=O)N[C@H](C(=O)C1C[C@H](Oc2ccccc2-c2ccccc2)C[C@H]1C(=O)CC1(C(=O)O)CC1)C(C)C)C1CCCCC1,CHEMBL364225
DEC_3142,decoy,O=C(Nc1nccs1)c1c(C(O)C2CCCCC2)nc2c(C(F)(F)F)cccc2c1O,CHEMBL285963
DEC_3990,decoy,CC(=O)Oc1cc(OC(C)=O)cc(C(=O)N[C@H](C(=O)N2CCCC2C(=O)NC(C(=O)C(F)(F)F)C(C)C)C(C)C)c1,CHEMBL56042
DEC_1642,decoy,Cc1cc(CCCOc2c(C)cc(-c3noc(C)n3)cc2C)on1,CHEMBL29642
DEC_2478,decoy,O=C(O)CC/C=C\C[C@H]1[C@H](CNS(=O)(=O)c2ccc(Cl)cc2)C2CC1(c1ccc(-c3ccccc3)cc1)CO2,CHEMBL10365
DEC_1629,decoy,CCCCCCCCN1CCN(c2ccccc2)CC1,CHEMBL281512
DEC_0443,decoy,NC1CCC(CNC(=O)[C@@H]2CCCN2C(=O)[C@@H](N)C(C2CCCCC2)C2CCCCC2)CC1,CHEMBL40145
DEC_2094,decoy,Cc1cccc(Nc2nc(Cl)nc(N(C)C)n2)c1C,CHEMBL287952
DEC_3187,decoy,CCCc1cc(OCC2CCNCC2)cc(=O)n1Cc1ccc(-c2ccccc2-c2nn[nH]n2)cc1,CHEMBL25445
DEC_2485,decoy,CCn1c(C)nc2c(OCc3c(Cl)ccc(N(C)C(=O)CNC(=O)/C=C/c4ccc(C(=O)NC)cc4)c3Cl)cccc21,CHEMBL43746
DEC_0163,decoy,CN(CCCCC1CCCCC1)C(=O)c1coc(C2C3CCC(O3)C2Cc2ccccc2CCC(=O)O)n1,CHEMBL30987
DEC_1777,decoy,C/N=C(/S)[C@]1(c2cccnc2)CCCC[S@@+]1[O-],CHEMBL275459
DEC_0359,decoy,CCC1CCC(NC(=O)N(CCF)N=O)CC1,CHEMBL274792
DEC_2557,decoy,CCCCN1CCC[C@H]1CNC(=O)c1cc(Cl)cc2c1OCCN2C,CHEMBL283528
DEC_1700,decoy,CC(=O)OCC(=O)[C@@]1(OC(=O)c2ccco2)[C@@H](C)CC2C3CCC4=CC(=O)C=CC4(C)[C@@]3(F)C(O)CC21C,CHEMBL416603
DEC_2112,decoy,CCC(CC1CCOCC1)c1cc(O)c(C(c2cccc(NS(=O)(=O)c3cn(C)cn3)c2)C2CC2)c(=O)o1,CHEMBL79116
DEC_3009,decoy,Cc1nc(NS(=O)(=O)c2cccc3c(N(C)C)cccc23)ccc1Br,CHEMBL6566
DEC_3687,decoy,CC(C)C[C@H](NC(=O)N1CCCCCC1)c1nc(C(=O)N[C@H](Cc2ccccn2)C(=O)O)c(Cc2cn(C)c3ccccc23)s1,CHEMBL369610
DEC_1239,decoy,CCc1nc(C)c(C(N)=O)n1Cc1ccc2oc(-c3ccccc3NS(=O)(=O)C(F)(F)F)c(Br)c2c1,CHEMBL62909
DEC_1906,decoy,CC(C)N(C(=O)[C@H]1CCC2C3CCC4C=C(C(=O)O)C=C[C@]4(C)C3CC[C@@]21C)C(C)C,CHEMBL27862
DEC_1302,decoy,O=C(O)COc1cccc2c1CCCC2CCC(=O)NN(c1ccccc1)c1cccnc1,CHEMBL11407
DEC_0485,decoy,CC(C)(C)OC(=O)N[C@@H](C(=O)C1CCCN1)/C(O)=C(\C#N)c1ccc([N+](=O)[O-])cc1,CHEMBL278516
DEC_2088,decoy,OC1C2CCC1C(N1CCC(c3ccccc3)CC1)C2,CHEMBL21227
DEC_1617,decoy,c1ccc(CNCCCCCC2CCCCC2)cc1,CHEMBL416730
DEC_2811,decoy,CSc1sc(C(=N)N)cc1-c1nc(-c2ccc(NS(C)(=O)=O)cc2)cs1,CHEMBL29332
DEC_2933,decoy,CSN1CC2(CCN(C(=O)N[C@@H](Cc3c[nH]c4ccccc34)C(=O)N(C)Cc3cc(C)cc(C)c3)CC2)c2ccccc21,CHEMBL74237
DEC_1233,decoy,CN(C)C(=O)O/N=C(\c1ccn2c1CS[C@@H]2c1cccnc1)c1cn(C(=O)N(C)C)c2cc(-c3ccc(F)cc3)ccc12,CHEMBL99481
DEC_2889,decoy,CCCCOC(C)OC(=O)[C@]12CC[C@@H](C)[C@H](C)C1C1=CCC3[C@@]4(C)C[C@@H](O)[C@H](O)[C@@](C)(CO)C4CC[C@@]3(C)[C@]1(C)CC2,CHEMBL131899
DEC_3615,decoy,COc1ccc2c3c1OC1[C@H](O)[C@](CO)(CCCc4ccccc4)CC4C(C2)N(CC2CCC2)CCC341,CHEMBL9385
DEC_2178,decoy,CC(=O)NC(=S)NC[C@@H]1C[C@@H]2c3cccc4[nH]cc(c34)C[C@H]2N(C)C1,CHEMBL14239
DEC_3014,decoy,Cc1noc(NS(=O)(=O)c2cccc3c(N4CCCCC4=O)cccc23)c1C,CHEMBL284177
DEC_0728,decoy,N=C(NC1CCC1)c1ccc(-c2ccc(-c3ccc(C(=N)NC4CCC4)cc3)o2)cc1,CHEMBL280419
DEC_1808,decoy,CC(NCCc1ccc(Cl)cc1)C1CCC2C3CC=C4CC(O)CCC4(C)C3CCC12C,CHEMBL8258
DEC_0554,decoy,COC1(c2cc(F)cc(Sc3ccc4c(c3)OCC/C4=N\O)c2)CCOCC1,CHEMBL24358
DEC_2271,decoy,COc1cc(O)c2c(c1C)C(=O)CCCCC/C(S)=N/[C@H](c1nc(CO)no1)CSC2,CHEMBL39548
DEC_1767,decoy,CN1CCN(c2nc(N)c(Br)c(Cl)n2)CC1,CHEMBL31966
DEC_0276,decoy,CCCCCC1(CCCCC)C(=O)C(C(=O)C(C)C)=C(O)C(C(=O)C(C)C)=C1O,CHEMBL20050
DEC_0470,decoy,CC(C)NCc1ccc([C@H]2C[C@H](SC3=C(C(=O)O)N4C(=O)[C@H]([C@@H](C)O)[C@H]4[C@H]3C)CN2)cc1,CHEMBL17437
DEC_1476,decoy,CC(/N=c1\c(O)c(O)\c1=N/c1ccc(Br)cc1)C(C)(C)C,CHEMBL278694
DEC_2863,decoy,O=C1[C@@H]2C(c3ccc(Cl)cc3)OC3(C(=O)c4ccccc4C3=O)[C@@H]2C(=O)N1c1ccc(Cl)c(C(F)(F)F)c1,CHEMBL282736
DEC_2302,decoy,O=P(O)(O)C(Cl)(Cl)P(=O)(O)O,CHEMBL12318
DEC_0546,decoy,CC(C)(C)c1cc(-c2nnc(SCC(F)(F)F)s2)cc(C(C)(C)C)c1O,CHEMBL16647
DEC_3001,decoy,CN1CCc2cc(Cl)c(O)cc2C(c2ccc(I)cc2)C1,CHEMBL34170
DEC_0923,decoy,CC(=O)O.CCN(CCc1ccc(C#N)cc1)C(=O)CNC(=O)[C@@H](CCCN=C(N)N)NC(=O)[C@@H](N)Cc1ccc(O)cc1,CHEMBL13651
DEC_3664,decoy,COc1cc(C(=O)O)c2c(c1C)OC(=O)c1c(C)cc(O)c(CNc3ccc(CNC(=O)CO[C@@H]4C[C@H](C)CC[C@H]4C(C)C)cc3)c1O2,CHEMBL325164
DEC_0256,decoy,COc1cc(NC(C)CCCN)c2ncccc2c1Oc1ccc(Cl)cc1,CHEMBL12440
DEC_2067,decoy,C/C(=N\NC(S)=Nc1ccccc1N)c1ccccn1,CHEMBL283042
DEC_2718,decoy,CC(C)(C)NC(=O)[C@@H]1CN(Cc2cccnc2)CCN1C[C@@H](O)C[C@@H](Cc1cccnc1)C(=O)N[C@H]1c2ccccc2C[C@H]1O,CHEMBL317926
DEC_2841,decoy,COc1cc(C(C)C(CS)C(=O)NC(Cc2ccc(O)cc2)C(=O)O)ccc1O,CHEMBL11344
DEC_0693,decoy,C=C1/C(=C\C=C\C2CCCC([C@H](C)CC#CC(C)(C)O)C2(C)C)C[C@@H](O)C[C@@H]1O,CHEMBL36510
DEC_3013,decoy,O=C1NC(=O)c2c1c1c3ccccc3n3c1c1c2c2ccccc2n1C[S+]([O-])C3,CHEMBL27387
DEC_0660,decoy,CCCc1ccc(OP(=O)(NC(C)C(=O)OC)OCC2OC(n3cc(C)c(=O)[nH]c3=O)CC2N=[N+]=[N-])cc1,CHEMBL9900
DEC_0738,decoy,CC(C)c1cc(Oc2c(Br)cc(C(=O)O)cc2Br)ccc1O,CHEMBL289965
DEC_2658,decoy,CC(C)(C)N/C(=N\C#N)Nc1cccc(/C(=C\CCCC(=O)O)c2cccnc2)c1,CHEMBL281398
DEC_1664,decoy,CC(C)N1C(S)=NC(c2cccc(F)c2)c2cc3c(cc21)OCO3,CHEMBL13596
DEC_1174,decoy,Oc1nc(-c2ccccc2OCC2CC2)ncc1-c1nn[nH]n1,CHEMBL15358
DEC_2177,decoy,Cc1ccc2c(c1)c1oc(C(=O)Nc3nn[nH]n3)cc(=O)c1n2C,CHEMBL22971
DEC_2688,decoy,Cc1c2ccnc(NCCCN)c2cc2c1[nH]c1ccc(OCc3ccccc3)cc12,CHEMBL19631
DEC_3363,decoy,CN1C(=O)CC[C@]2(C)C3CC[C@@]4(C)C(CC[C@@H]4N(C=O)C4CCCCC4)C3CC[C@@H]12,CHEMBL16927
DEC_1208,decoy,CC(=O)OCC(=O)[C@@]1(OC(=O)c2ccc(C)s2)C(C)CC2C3CCC4=CC(=O)C=CC4(C)[C@@]3(Cl)C(Cl)CC21C,CHEMBL10732
ACT_054,active,CCNC1=NC(c2ccc(F)cc2)NC(=O)N1,CHEMBL5205303
DEC_2179,decoy,C[C@@H](/N=c1\c(O)c(O)\c1=N/c1ccc(C#N)c(Cl)c1)C(C)(C)C,CHEMBL19420
DEC_3580,decoy,COc1cccc2c1CCC[C@H]2CN(C)CCc1ccc2c(c1)NCC2,CHEMBL274055
DEC_1706,decoy,Cc1noc(NS(=O)(=O)c2ccccc2-c2ccc(-c3ncco3)cc2CN(C(=O)C(C)C)C2CC2)c1C,CHEMBL28963
DEC_3337,decoy,O=C(Nc1c2c(nc3ccccc13)N(Cc1ccccc1)CC2)c1c(F)cccc1C(F)(F)F,CHEMBL281748
DEC_1529,decoy,COC(=O)CC(C(=O)Oc1c(OC)cc(C)cc1OC)N1CCCCCC1,CHEMBL13234
DEC_0118,decoy,Oc1cc2c(cc1Sc1ccccc1)OCC2,CHEMBL7619
DEC_4040,decoy,CCNCC1CCN(c2c(F)cc3c(=O)c(C(=O)O)cn4c3c2OCC4C)C1,CHEMBL15541
DEC_1806,decoy,O=C(CCCN1C2CCC1c1c(n(-c3ccccc3)c3ccccc13)C2)c1ccc(F)cc1,CHEMBL37285
DEC_1692,decoy,CCCCc1nc2ccn(Cc3cccs3)c(=O)c2n1Cc1ccc(-c2ccccc2-c2nn[nH]n2)cc1,CHEMBL289507
DEC_0668,decoy,CSCC[C@H](NC(=O)c1ccc(COCc2ccc(-c3ccccn3)o2)cc1-c1ccccc1C)C(=O)[O-].[Li+],CHEMBL10762
DEC_0145,decoy,O=C(O)CCC/C=C/C[C@H]1[C@H](/C=N/Oc2ccc(F)cc2)C2CC1(c1ccc(-c3ccccc3)cc1)CO2,CHEMBL10400
DEC_0161,decoy,CCCN(CCOc1cccc(CN(CC)C/C=C/C#CC(C)(C)C)c1)S(=O)(=O)c1cccs1,CHEMBL26964
DEC_3357,decoy,Cc1nnc2n1-c1sc(C#Cc3ccccc3)cc1C(c1ccccc1Cl)=NC2,CHEMBL288098
DEC_0613,decoy,C[C@]12CCC(=O)C=C1CCC1C2=CC[C@@]2(C)C1CC[C@]2(O)C(=O)CN1CCNCC1,CHEMBL15687
DEC_0740,decoy,CNC(c1c(Cl)cc(O)cc1Cl)C(NC)c1c(Cl)cc(O)cc1Cl,CHEMBL27741
DEC_1044,decoy,CC1CN(C)CC(C)N1C(=O)N1Cc2c(C(=O)OC(C)(C)C)ncn2-c2ccc(Cl)cc21,CHEMBL14862
DEC_1729,decoy,CSc1nnc([C@@H]2C[C@@H](S)CN2S(=O)(=O)c2ccc3ccccc3c2)n1-c1ccc(F)c(Cl)c1,CHEMBL300855
DEC_1907,decoy,Cn1cncc1C(O)(C#Cc1ccc(Cl)cc1-c1cccc(Cl)c1)c1ccc(C#N)cc1,CHEMBL277646
DEC_2154,decoy,CN1C[C@H](CN2CC(=O)NC2=O)C[C@@H]2c3cccc4[nH]cc(c34)C[C@H]21,CHEMBL13588
DEC_0105,decoy,CC(C)(C)C#CC1Cc2ccsc2C(N)=N1,CHEMBL8288
DEC_0813,decoy,CC[C@@H]1Cc2cc3c(C(F)(F)F)cc(O)nc3cc2N[C@@H]1C,CHEMBL266269
