compound_id,label,smiles,source_id
DEC_0462,decoy,CSc1nsnc1C1=C(C)CCN(C)C1,CHEMBL279105
DEC_3088,decoy,O=C(O)C1=CNC2=C(/C=N/c3ccccc3)CCN2C1=O,CHEMBL22633
DEC_3427,decoy,O=C1CC(=O)[N+](c2ccccc2)=C2SC=CN12,CHEMBL26620
DEC_2002,decoy,CC(C)NC(=O)c1coc(C2C3CCC(O3)C2Cc2ccccc2CCC(=O)O)n1,CHEMBL29947
DEC_1504,decoy,CC(C)(C)OC(=O)NCC(=O)OCO/C(=C1/C(=O)N(C(N)=O)c2cc(Cl)c(F)cc21)c1cccs1,CHEMBL300612
DEC_0560,decoy,CN(Cc1cnc2nc(N)nc(N)c2n1)c1ccc(C(=O)NCCCC(=O)NC(CCC(=O)O)C(=O)O)cc1,CHEMBL56005
DEC_2116,decoy,CCCCN(CC)c1nc(C)nc2c1nnn2-c1c(Br)cc(OC)cc1OC,CHEMBL9633
DEC_3280,decoy,C1=Cc2ccccc2C2(OC[C@H]([C@@H]3CCCCN3)O2)c2ccccc21,CHEMBL281053
DEC_0428,decoy,CCOc1nc(C(Cl)(Cl)Cl)c(Cl)c(OCC)c1Cl,CHEMBL416886
ACT_021,active,O=c1[nH]c(=O)c2nc[nH]c2[nH]1,CHEMBL1424
DEC_1679,decoy,CC(=O)[C@H]1CCC2C3C(CC[C@@]21C)[C@@]1(C)CCC(=O)C=C1C[C@H]3Sc1ccc(NC(=O)NS(=O)(=O)c2ccc(C)cc2)cc1,CHEMBL129251
DEC_2707,decoy,SC1=Nc2ccccc2-c2nc(-c3cccc(Cl)c3)cc(-c3ccccc3)c2C1,CHEMBL281736
DEC_3287,decoy,CN1C(=O)C=C[C@]2(C)C3CC[C@@]4(C)C(CC[C@@]4(O)C#CCCO)C3CCC12,CHEMBL10177
DEC_0468,decoy,CC1=C(N2CC2)C(=O)c2nc3n(c2C1=O)CCC[C@H]3N,CHEMBL20272
DEC_2244,decoy,CC(/N=c1\c(O)c(O)\c1=N/c1cccnc1)C(C)(C)C,CHEMBL19555
DEC_2764,decoy,COC(=O)c1c(C)nc(O)c2c1ccc1nc(Nc3c(Cl)cccc3Cl)n(C)c12,CHEMBL26409
DEC_0049,decoy,Cc1c(Cl)nc(NCc2ccc3c(n2)NCCC3)c(=O)n1CC(=O)N[C@@H](CC(=O)O)c1cccc(F)c1,CHEMBL301301
DEC_1049,decoy,Clc1ccc2c(c1)[C@H]1OCC[C@H]1[C@@H](c1c[nH]c3ccc(Br)cc13)N2,CHEMBL24631
DEC_3272,decoy,C[C@H](N)Cc1c2c(c(Br)c3c1OCC3)OCC2.Cl,CHEMBL263078
DEC_2989,decoy,C=CCc1c(Sc2ccccc2)n(COCCO)c(=O)[nH]c1=O,CHEMBL274705
DEC_1378,decoy,COC(=O)[C@]12CC[C@@H](C)[C@H](C)C1C1=CC[C@@H]3[C@@]4(C)C=C(C#N)C(=O)C(C)(C)[C@@H]4CC[C@@]3(C)[C@]1(C)CC2,CHEMBL54167
DEC_2521,decoy,CC(=O)S[C@@H]1CC2=CC(=O)[C@@H]3C[C@@H]3C2(C)C2CCC3(C)C(C21)[C@H]1C[C@H]1[C@@]31CCC(=O)O1,CHEMBL432069
DEC_1631,decoy,Cc1ccccc1-c1cc(C(OCc2ccccc2)c2cncn2C)ccc1C#N,CHEMBL28937
DEC_2517,decoy,N=C(c1ccc(NC(=O)c2nnnn2-c2cc3ccccc3cc2F)c(F)c1)N1CCCCC1,CHEMBL416181
DEC_2985,decoy,Cc1c(Sc2cccc(C(C)(C)C)c2)n(COCCO)c(=O)[nH]c1=O,CHEMBL276058
DEC_3415,decoy,CCCCCc1cc(O)cc2c1C(=O)[C@@H](c1ccc(O)cc1)[C@@H](c1ccc(OCCN3CCCCC3)cc1)O2,CHEMBL33890
DEC_0802,decoy,NCCCCNCc1cccc2ccccc12,CHEMBL23978
DEC_1540,decoy,CC1c2c(ccc(Cl)c2Cl)CCN1S(=O)(=O)NS(=O)(=O)N1CCc2ccc(Cl)c(Cl)c2C1C,CHEMBL21793
DEC_2730,decoy,CC1CC(=O)NN=C1c1ccc(-n2cnc3c2CCCC3)cc1,CHEMBL282765
DEC_2506,decoy,CSC1=NC(c2ccccc2SC)C2=C(O)OCC2=N1,CHEMBL22704
DEC_0266,decoy,C(=C/c1ccc2ccccc2n1)\c1ccc(OCc2ccccc2Cc2nnn[nH]2)cc1,CHEMBL275866
DEC_1026,decoy,C=C1CCC2[C@@](C)(CO)CCC[C@]2(C)[C@H]1CCC1=CCc2c(O)ccc(O)c2C1,CHEMBL416740
DEC_1157,decoy,O=C(O)CCC/C=C\C[C@H]1/C(=N/OCc2ccc(C(F)(F)F)cc2)CC[C@@H]1NS(=O)(=O)c1ccc(Cl)cc1,CHEMBL283374
DEC_2208,decoy,N#CC1=CC=C2C=CC=C(O)C2N1OP(=O)(O)O,CHEMBL286467
DEC_0624,decoy,C=C(C)CN1CCN(CC(C)C)C(C2=NCCN2)C1,CHEMBL446611
DEC_0213,decoy,OCC1=NOC(n2cnc3c(Cl)ncnc32)C1,CHEMBL266249
DEC_1247,decoy,O=C(O)COc1ccc2c(-c3ccccc3F)[nH]nc2c1Cl,CHEMBL281858
DEC_2411,decoy,[O-][S+](c1nc(-c2ccccc2)c(-c2ccccc2)[nH]1)C(F)(F)C(F)F,CHEMBL18231
DEC_1972,decoy,CCOc1c(N2CCCC(CN)C2)c(F)cc2c(=O)c(C(=O)O)cn(C3CC3)c12,CHEMBL15357
DEC_1933,decoy,C=CCN1CCC2c3c(O)cccc3CCC21,CHEMBL10048
DEC_1098,decoy,COc1c(N2CC(C)NC(C)C2)c(F)cc2c(=O)c(C(=O)O)cn(C3CC3)c12,CHEMBL15426
DEC_2637,decoy,c1ccc(Nc2nc(Nc3ccccc3)c3ccccc3n2)cc1,CHEMBL17483
DEC_0867,decoy,Brc1cccc(Br)c1N(Cc1ccco1)C1=NCCN1,CHEMBL20547
DEC_0300,decoy,CC1(C)C=C(n2ccccc2=O)c2cc(S(=O)(=O)Oc3ccccc3)ccc2O1,CHEMBL11983
DEC_2029,decoy,C=C(C)[C@H]1Cc2c(ccc3c2OC2COc4cc(OC)c(OC)cc4C2/C3=N/O)O1,CHEMBL266067
DEC_2745,decoy,c1ccc(CN2CCc3ccccc3C2Cn2cncn2)cc1,CHEMBL440652
DEC_2936,decoy,CCCCCc1ccc(Oc2ccc(C)cc2CC(=O)O)c(Cl)c1,CHEMBL25983
DEC_2844,decoy,CCCCc1oc2ccccc2c1Cc1ccc2c(I)c(O)ccc2c1,CHEMBL24680
DEC_1510,decoy,CCOC(=O)N[C@@H](c1ccncc1)[C@@H](O)C(=O)OC1CC2C(C)(C)C1(C)[C@@]13C[C@@H](C)c4ccccc4[C@@]21O3,CHEMBL32074
DEC_1168,decoy,CC1(C)OB(/C=C/CP(=O)(O)O)OC1(C)C,CHEMBL19606
ACT_020,active,COc1cc([C@@H](O)[C@H](CO[C@@H]2O[C@H](CO)[C@@H](O)[C@H](O)[C@H]2O)Oc2ccc(CCCO)cc2OC)ccc1O,CHEMBL5275040
DEC_2779,decoy,O=c1oc(Nc2ccccc2I)nc2cc3ccccc3cc12,CHEMBL10770
DEC_3080,decoy,OC(c1ccccc1)(c1ccccc1)c1cncnc1,CHEMBL29670
DEC_3000,decoy,COc1ccccc1C(O)C(O)(Cn1cncn1)c1ccccc1OC,CHEMBL10336
DEC_0430,decoy,Cc1cc(-n2ccc(=O)[nH]c2=O)cc(Cl)c1Sc1ccc(Cl)cc1,CHEMBL10830
DEC_2904,decoy,C[C@@H]1CN(C(=O)N2Cc3c(C(=O)OC(C)(C)C)ncn3-c3ccc(Cl)cc32)C[C@H](C)N1CC(F)(F)F,CHEMBL15253
DEC_0431,decoy,CCOc1nc(C(Cl)(Cl)Cl)c(Cl)c(OC(C)=O)c1Cl,CHEMBL428886
DEC_0630,decoy,CC1C/C(=N/OCC(O)CNC(C)(C)C)CC(C)(C)C1,CHEMBL24500
DEC_3338,decoy,c1ccc2c(c1)CCCc1nc(-c3ccncc3)[nH]c1-2,CHEMBL7017
DEC_2742,decoy,O=C(c1ccccc1)c1c[nH]c2nncc-2c1Oc1ccccc1,CHEMBL278709
DEC_0404,decoy,O=c1cnn(-c2cc(Cl)c(S(=O)(=O)N3CCOCC3)c(Cl)c2)c(=O)[nH]1,CHEMBL11717
DEC_2079,decoy,CCONC1=NC(=O)/C(=C/c2cc(C(C)(C)C)c(O)c(C(C)(C)C)c2)S1,CHEMBL16272
DEC_3133,decoy,C[C@H]1CN(C(=O)N2Cc3c(C(=O)OC(C)(C)C)ncn3-c3ccc(C(F)(F)F)cc32)CCN1,CHEMBL15052
DEC_0264,decoy,CC(C)CCN(C1=NCCN1)c1c(Br)cccc1Br,CHEMBL20907
DEC_1111,decoy,Cc1cc(-n2ncc(=O)[nH]c2=O)ccc1S(=O)(=O)c1ccc(Cl)cc1,CHEMBL27121
DEC_0222,decoy,CC(C)/C=C1\N=C(CC(C)C)C(=O)N(O)C1=O,CHEMBL16320
DEC_2089,decoy,CN1CC=C(c2c(O)cc(O)c3c(=O)cc(-c4ccc(Cl)cc4)oc23)CC1,CHEMBL266352
DEC_1085,decoy,CCc1c2c(nc3cnccc13)-c1cc3c(c(=O)n1C2)COC(=O)[C@]3(O)CC,CHEMBL12926
DEC_0893,decoy,Cn1cc(C(=O)O)c(=O)c2c3cc(F)c(N4CCCC(C)(C)C4)cc3ncc21,CHEMBL282817
DEC_2120,decoy,COc1cnc(C[S+]([O-])c2nc3cc(OC(F)(F)C(F)F)ccc3[nH]2)c(C)c1OC,CHEMBL10061
DEC_1236,decoy,CCc1cc(Nc2c(N[C@H](C)C(C)(C)C)c(=O)c2=O)ccc1C#N,CHEMBL19245
DEC_0860,decoy,CC(C)CCOc1c(C(=O)c2ccccc2)c[nH]c2nncc1-2,CHEMBL279405
DEC_0811,decoy,O=C(O)/C=C/c1ccc(Cn2ccnc2)cc1,CHEMBL11662
DEC_2227,decoy,Nc1nc(S)c2ncn(/C=C3/C[C@@H]3CO)c2n1,CHEMBL37626
DEC_1188,decoy,Nc1ccc2c(c1)NC(=O)c1cc(N)cnc1O2,CHEMBL15591
DEC_3472,decoy,CS(=O)(=O)c1cccc(Nc2nc(Cl)nc3c2ncn3Cc2ccccc2)c1,CHEMBL286523
DEC_1606,decoy,FC(F)Sc1nc(-c2ccccc2)c(-c2ccccc2)[nH]1,CHEMBL18517
DEC_0841,decoy,CCOc1cc2c(cc1C/C=C/c1ccc(OC)cc1)OCO2,CHEMBL10642
DEC_3456,decoy,CC(C)Sc1ccc(CC2CCN(C3CCN(C(=O)c4ccno4)CC3)CC2)cc1,CHEMBL269645
ACT_028,active,O=C(O)CCCC[C@@H]1CCSS1,CHEMBL134342
DEC_3478,decoy,O=S(=O)(CS(=O)(=O)C(F)(F)F)c1ccc(SC(F)(F)C(F)F)cc1,CHEMBL12617
DEC_3357,decoy,Cc1cccc2c1C[C@H]1N[C@]2(C)c2ccccc21,CHEMBL285466
DEC_2170,decoy,O=C(O)c1cn2c(n1)c(O)nc1ccccc12,CHEMBL13452
DEC_0529,decoy,O=c1cnn(-c2ccc(Sc3ccc(Cl)cc3)c(Cl)c2)c(=O)[nH]1,CHEMBL27585
DEC_1501,decoy,O=C1/C(=C(\O)CS(=O)(=O)Nc2nc3ccccc3s2)S(=O)(=O)N=C2Sc3ccccc3N12,CHEMBL53491
DEC_0075,decoy,CC(C)(C)C(=O)c1ccc2n1CCC2C(=O)O,CHEMBL8737
DEC_2418,decoy,CCCCc1nc(NCc2ccccc2OC)c2sccc2n1,CHEMBL434590
ACT_001,active,CNC(=O)c1sc(-c2ccnc(NC(=O)CNCCNc3c4c(nc5ccccc35)CCCC4)c2)nc1OC,CHEMBL4749327
DEC_3007,decoy,CCC(=O)Nc1ccc(OCC(O)C(C)NC(C)C)c([N+](=O)[O-])c1,CHEMBL30041
DEC_2213,decoy,CC(C)(C)c1cccc(N2C(N)=NC(N)=NC2(C)C)c1,CHEMBL267692
DEC_1263,decoy,CC1(C)C=C(C(=O)NC(c2ccccc2)c2ccccc2)C(C)(C)N1,CHEMBL15760
DEC_0435,decoy,N#Cc1ccc(F)c(-c2ccc3c(c2)C2(CCCCC2)C(S)=N3)c1,CHEMBL28102
DEC_1223,decoy,O=C(O)c1cn2c3c(nc(O)c2n1)-c1ccccc1C3n1cccc1,CHEMBL277340
ACT_089,active,CCCOCCn1c(=O)nc(NC2CCC(O)CC2)c2nnc(-c3ccc(OC)nc3)cc21,CHEMBL1916475
DEC_0698,decoy,CSc1sc(C(=N)N)cc1-c1nc(-c2cccs2)cs1,CHEMBL31549
DEC_0786,decoy,O=NN(CCCl)C(=O)Oc1cccnc1,CHEMBL34613
DEC_2628,decoy,C=CCC1Oc2ccccc2-c2ccc3c(c21)C(C)=CC(C)(C)N3,CHEMBL8639
DEC_0699,decoy,Clc1ccc2oc(SCC3OCCc4ccccc43)nc2c1,CHEMBL7870
DEC_0158,decoy,C[C@@H]1CC[C@]2(C(=O)O)CC[C@]3(C)C(=CCC4[C@@]5(C)C[C@@H](O)[C@H](O)[C@@](C)(CO)C5[C@H](O)C[C@]43C)C2[C@H]1C,CHEMBL19097
DEC_0247,decoy,C[S+]([O-])c1ccc(Oc2cnc(O)nc2)cc1,CHEMBL8627
DEC_2699,decoy,FC(F)(F)c1cc(CO[C@H]2CCCO[C@H]2c2ccccc2)cc(C(F)(F)F)c1,CHEMBL26193
DEC_1391,decoy,C[C@@H]1CC[C@]2(C(=O)O)CC[C@]3(C)C(=CC[C@@H]4[C@@]5(C)C=CC(=O)C(C)(C)[C@@H]5CC[C@]43C)C2[C@H]1C,CHEMBL42755
DEC_0670,decoy,CCNc1ncnc2c1ncn2Cc1ccccc1F,CHEMBL269774
DEC_0704,decoy,NC(=O)c1cc2c(Sc3ccc(-c4ccccc4)cc3)cncc2s1,CHEMBL6534
DEC_1001,decoy,CC(C)C1=CC2CC3(C=O)[C@@H]4CC[C@@H](C)[C@H]4CC2(CO[C@H]2CN(S(=O)(=O)C4CC4)[C@H](C)CO2)[C@]13C(=O)O,CHEMBL33928
DEC_2040,decoy,Cc1ccc2c(c1)N(C(=O)N1C[C@H](C)N[C@@H](C)C1)Cc1c(C(=O)OC(C)(C)C)ncn1-2,CHEMBL14997
DEC_0764,decoy,Cc1nnc2n1-c1sc(C#CCn3c(O)nc4ccccc43)cc1C(c1ccccc1Cl)=NC2,CHEMBL279234
DEC_2021,decoy,CC(C)C(O)c1nc2c(C(F)(F)F)cccc2c(O)c1C(=O)Nc1nccs1,CHEMBL33961
DEC_2353,decoy,C[C@@H]1CCC2[C@@H](C)[C@@H](OC(CCC(=O)O)c3ccc(F)cc3)O[C@@H]3OC4(C)CC[C@@H]1C23OO4,CHEMBL416397
DEC_3160,decoy,C=C(C)[C@H]1Cc2c(ccc3c2OC2COc4cc(OC)c(OC)cc4C2/C3=N/OC(C)=O)O1,CHEMBL267120
DEC_0744,decoy,CC(C)C1=CC2CC3(C=O)[C@@H]4CC[C@@H](C)[C@H]4CC2(CO[C@H]2C[C@@H]4OCO[C@@H]4[C@@H](C)O2)C13C(=O)O,CHEMBL21682
DEC_2256,decoy,CNC1=NC(=O)[C@H]([C@@H](O)c2c[nH]c3ccccc23)O1,CHEMBL282763
DEC_1064,decoy,O=C(O)c1ccc2oc(-c3ccc(/C=C/c4ccc5ccccc5n4)cc3)cc(=O)c2c1,CHEMBL32337
DEC_1527,decoy,Cc1nnc2n1-c1sc(C#CCn3c(=O)n(-c4ccccc4)c4ccccc43)cc1C(c1ccccc1Cl)=NC2,CHEMBL281779
DEC_2568,decoy,O=C(Nc1cc(-c2nc(-c3ccco3)no2)ccc1Cl)OCC(Cl)(Cl)Cl,CHEMBL280406
DEC_3401,decoy,Cc1c(O[C@@H](C)c2ccc(CC(C)C)cc2)ccc(C(=O)Nc2ccccc2OCCCC(=O)O)c1C,CHEMBL24470
DEC_1998,decoy,Cc1cc(CCC(=O)O)c2c(c1)CC(NS(=O)(=O)c1ccc(Cl)cc1)CC2,CHEMBL28704
DEC_2516,decoy,Cc1nnc2n1-c1sc(C#Cc3ccc4c(c3)CCC4)cc1C(c1ccccc1Cl)=NC2,CHEMBL284280
DEC_2880,decoy,CC(C)(COC(=O)N1c2ccccc2[C@@]23O[C@]24CCC[C@@H]3C#C/C=C\C#C[C@H]14)S(=O)(=O)c1ccccc1,CHEMBL277573
ACT_032,active,O=C(/C=C/c1ccc(O)c(O)c1)O[C@@H]1[C@H](O)C[C@@](O)(C(=O)O)C[C@H]1OC(=O)/C=C/c1ccc(O)c(O)c1,CHEMBL249448
DEC_0281,decoy,N#CCCn1c(Cn2c(=O)n(-c3ccccc3)c3ccccc32)nc2ccccc21,CHEMBL429613
DEC_3006,decoy,CCCc1c(Sc2ccccc2)n(COCCO)c(=O)[nH]c1=O,CHEMBL16968
DEC_1723,decoy,O=C(O)COc1cccc2c1CCC(CC1=NC(C(c3ccccc3)c3ccccc3)=NC1)C2,CHEMBL276416
DEC_3468,decoy,O=c1nc(/N=C/N(c2ccc(F)cc2)c2ccc(F)cc2)ccn1C1CSC(CO)O1,CHEMBL18676
DEC_0847,decoy,CCSCCCn1c(N2CCN(C)CC2)nc2ccccc21,CHEMBL17655
DEC_2712,decoy,Cc1c(O)c(CCCSc2ccccc2)cc2c1CCO2,CHEMBL266116
DEC_1008,decoy,CC1(C)C2CC1[C@]1(C)OB([C@H](CCCN=C(N)N)NC(=O)c3ccc(-c4ccccc4)c([N+](=O)[O-])c3)O[C@@H]1C2,CHEMBL263204
DEC_3245,decoy,O=C(c1ccccc1)c1ccc2n1CCCCC2C(=O)O,CHEMBL265091
DEC_0171,decoy,CN1C(=O)c2cccnc2NC1c1ccco1,CHEMBL268166
DEC_2118,decoy,CCOC(=O)COc1ccc(CCn2ncc3c2nc(N)n2nc(-c4ccco4)nc32)cc1,CHEMBL22200
DEC_2737,decoy,O=C(O)COc1ccc2c(-c3ccccc3F)noc2c1Cl,CHEMBL24185
DEC_2448,decoy,CCCCCc1cc(O)c2c(c1)OC(C)(C)[C@@H]1CC[C@H](CNC)CC21,CHEMBL281702
DEC_2910,decoy,O=C(Nc1ccc(Cl)c(Cl)c1)[C@H]1[C@H](c2ccccc2)O[C@@]23C(=O)c4ccccc4[C@@H]2OC(=O)[C@@H]13,CHEMBL283182
DEC_1320,decoy,CC1(C)CC[C@]2(C(=O)OCC3CC3)CC[C@]3(C)C(C(=O)C=C4[C@@]5(C)C=C(C#N)C(=O)C(C)(C)[C@@H]5CC[C@]43C)C2C1,CHEMBL7612
DEC_1674,decoy,C=C(C)[C@H]1C(=O)c2c3c(cc4c5c(n1c24)[C@@]1(C)C(CC[C@H]2[C@](C)(C/C=C/C(=O)OC)[C@@H](O)CC[C@@]21C)C5)C1=CC(C)(C)OC(C)(C)C1[C@@H]3O,CHEMBL432474
DEC_1308,decoy,C#C/C=C1\CCC(c2cccc3ccccc23)C(=O)O1,CHEMBL269758
DEC_1393,decoy,COC(=O)[C@]12CCC(C)(C)CC1C1=CC[C@@H]3[C@@]4(C)C=C(C=O)C(=O)C(C)(C)[C@@H]4CC[C@@]3(C)[C@]1(C)CC2,CHEMBL57441
DEC_2855,decoy,CC(=O)N1CCc2c(sc(NC(=O)C3CCCCC3)c2C(=O)c2ccccc2Cl)C1,CHEMBL295386
DEC_0046,decoy,CCOC(=O)[C@]1(Cc2cscn2)CCCN(C(=O)[C@@H](Cc2c[nH]c3ccccc23)NC(=O)C(C)(C)N)C1,CHEMBL299752
DEC_1300,decoy,Cc1ccc(C)n1Nc1nncc2ccccc12,CHEMBL274442
DEC_0949,decoy,CCCCCCCCCCCCCC(=O)O[C@H]1CC(=O)O[C@@H]1CO,CHEMBL13044
DEC_1799,decoy,NC1=NC(=O)c2c1c1c3ccccc3n3c1c1c2c2ccccc2n1CSC3,CHEMBL282612
DEC_0968,decoy,Cc1ccc2c(c1)SC1=NS(=O)(=O)C(C(=O)CS(=O)(=O)Nc3nc4ccc(C)cc4s3)=C(O)N12,CHEMBL301991
DEC_1351,decoy,O=C(NN1CC2CCCC2C1)c1nc(-c2ccc(Cl)cc2Cl)n(-c2ccc(Cl)cc2)c1Br,CHEMBL15966
DEC_3352,decoy,c1ccc([C@H]2CN3CCCC[C@H]3c3ccccc32)cc1,CHEMBL32497
DEC_2094,decoy,CSc1c(Cl)nc(NCc2ccccc2Cl)nc1N1CCN(C)CC1,CHEMBL34874
DEC_0220,decoy,NS(=O)(=O)Oc1ccc2c(c1)C(=O)CCC2,CHEMBL11017
DEC_1425,decoy,CCCCCCS(=O)(=O)c1ccc(Cl)cc1C1NC(=O)NC1=O,CHEMBL18854
DEC_1916,decoy,CC(C)(C)c1ccccc1OCC1=NCCN1,CHEMBL14135
DEC_3363,decoy,CN[C@@H]1CC[C@@H](c2ccccc2)c2ccccc21,CHEMBL38120
DEC_1558,decoy,Cc1c(C(=O)NN2CCCCC2)nn(-c2ccc(Cl)cc2Cl)c1-c1ccc(I)cc1,CHEMBL285932
DEC_1401,decoy,O=C(Nc1c(C(O)(C(F)(F)F)C(F)(F)F)ccc2ccccc12)c1ccc(-c2ccccc2)cc1,CHEMBL49549
DEC_2882,decoy,CC(=O)N1CCCC(c2cc3cc(C(=O)N4CCC(N5C(=O)OCc6ccccc65)CC4)ccc3o2)C1,CHEMBL288774
DEC_0107,decoy,CCCCCCCCCCC/C=C1/C(=O)O[C@@H](CO)[C@@]12CCC(=O)O2,CHEMBL26811
DEC_0743,decoy,N#Cc1ccc2cc1Oc1ccc3cccc(c3c1)NC(=O)[C@@H](Cc1ccccc1)NCc1cncn1C2,CHEMBL299568
DEC_2435,decoy,CCOc1nnc(-c2cc(C(C)(C)C)c(O)c(C(C)(C)C)c2)s1,CHEMBL16733
DEC_2313,decoy,Ic1ccccc1CN[C@@H]1C2CCN(CC2)[C@@H]1C(c1ccccc1)c1ccccc1,CHEMBL24999
DEC_3442,decoy,COc1ccc(-c2[nH]c(S(=O)(=O)C(F)(F)C(F)F)nc2-c2ccccc2)cc1,CHEMBL275429
DEC_1429,decoy,CC1(C)CC1C(=O)N/C(=C\CCCCCCBr)C(=O)O,CHEMBL275571
DEC_0658,decoy,CN(C)c1ncnc2c1ncn2Cc1ccccc1N,CHEMBL7736
DEC_0983,decoy,COC(=O)C(C)NP(=O)(OCC1C=CC(n2cc(C)c(=O)[nH]c2=O)O1)Oc1c(F)c(F)c(F)c(F)c1F,CHEMBL49313
DEC_1920,decoy,CC12N[C@H](CC3CCCCC31)C1CCCCC12,CHEMBL9477
DEC_1484,decoy,CC(=O)OCC(=O)[C@@]1(OC(=O)c2ccoc2)[C@H](C)CC2C3CCC4=CC(=O)C=CC4(C)[C@@]3(F)C(O)CC21C,CHEMBL290006
DEC_1038,decoy,CC1(C)OC(S)=Nc2c(Br)cc(-c3ccc(Cl)c(F)c3)cc21,CHEMBL283982
DEC_2868,decoy,CC1(C)[C@H](C(=O)O)N2C(=O)[C@@H](Cc3cn(-c4ccc(O)cc4)nn3)[C@H]2S1(=O)=O,CHEMBL6281
DEC_1788,decoy,O=C(O)c1cc(O)c2c(Br)cc(Br)cc2n1,CHEMBL278854
DEC_1091,decoy,NCC1CCCN(c2c(F)cc3c(=O)c(C(=O)O)cn(C4CC4)c3c2Cl)C1,CHEMBL15347
DEC_2864,decoy,CC(=O)OC(c1cc([N+](=O)[O-])cc2nc(O)c(O)nc12)P(=O)(O)O,CHEMBL275906
DEC_1158,decoy,O=C(NCC(F)(F)F)C1(CCCCP(=O)(OCc2ccccn2)OCc2ccccn2)c2ccccc2-c2ccccc21,CHEMBL280283
DEC_1734,decoy,CC(C)CCn1c(Cn2c(=O)n(C(=O)Nc3ccccc3)c3ccccc32)nc2ccccc21,CHEMBL277534
DEC_3377,decoy,COc1ccc(-c2nc(SCCCCCSc3[nH]cnc4ncnc3-4)[nH]c2-c2ccc(OC)cc2)cc1,CHEMBL50427
DEC_0540,decoy,CCc1c(Sc2cc(C)cc(C)c2)n(COCCO)c(=S)[nH]c1=O,CHEMBL16793
DEC_1312,decoy,c1ccc([C@@H]2CN3CCC[C@H]3c3ccsc32)cc1,CHEMBL287221
DEC_0262,decoy,COC1(c2cc(F)cc(Sc3ccc4c(c3)CC/C4=N\O)c2)CCOCC1,CHEMBL28066
DEC_0315,decoy,Cn1cncc1C(O)(C#Cc1cccc(N)c1)c1ccc(C#N)c(-c2cccc3ccccc23)c1,CHEMBL418018
DEC_0217,decoy,CCCC1(C2=NCCN2)COc2ccccc2O1,CHEMBL9774
DEC_1164,decoy,CCCCCN(C(=O)c1ccccc1)c1ccc2nc(CCC)n(Cc3ccc(-c4ccccc4-c4nn[nH]n4)cc3)c(=O)c2c1,CHEMBL302102
DEC_1170,decoy,Oc1nc2c(F)c(F)c(F)c(F)c2nc1O,CHEMBL289779
DEC_1921,decoy,C[C@@]12Cc3ccccc3C[C@@H](N1)c1ccccc12,CHEMBL26126
DEC_1130,decoy,CCCCCN(CCCCC)C(=O)N1CCN(C(=O)N(c2ccccc2)c2ccc(Br)cc2)[C@H](C(=O)O)C1,CHEMBL62422
DEC_3131,decoy,Cc1nnc2n1-c1sc(/C=C\C(=O)N3CCOCC3)cc1C(c1ccccc1Cl)=NC2,CHEMBL286557
DEC_2056,decoy,CON=C1CCN(c2c(F)cc3c(=O)c(C(=O)O)cn(C4CC4)c3c2F)CC1,CHEMBL29175
DEC_0813,decoy,CC(C)CCCc1nc2c([nH]1)N1C[C@@H](C(C)C)N=C1N(C)C2=O,CHEMBL18524
ACT_008,active,CN(C)Cc1ccc(CSCCSCc2ccc(CN(C)C)o2)o1,CHEMBL13308
DEC_0045,decoy,CCOC(=O)C1(Cc2cncs2)CCCN(C(=O)[C@@H](Cc2c[nH]c3ccccc23)NC(=O)C(C)(C)N)C1,CHEMBL295495
DEC_3134,decoy,C[C@@H]1CN(C(=O)N2Cc3c(C(=O)OC(C)(C)C)ncn3-c3ccc(C(F)(F)F)cc32)CCN1,CHEMBL15022
DEC_1571,decoy,CC1(C)OC(S)=Nc2ccc(-c3csc(C#N)c3)cc21,CHEMBL282650
DEC_0690,decoy,CC(C)(C)c1cc(-c2nnc(NC#N)s2)cc(C(C)(C)C)c1O,CHEMBL17307
DEC_1238,decoy,O=C(O)c1ccc(Sc2ccc(NC3=NCCN3)cc2)cc1,CHEMBL9541
DEC_1867,decoy,C[C@]12CCC3C4CCC(=O)C=C4CCC3C1CC[C@@]2(O)C#CCCBr,CHEMBL7682
DEC_1577,decoy,CCCCC[C@@H]1/C=C\C2C=CC(=O)[C@@H]2C/C=C\CCCC(=O)O1,CHEMBL275047
DEC_0947,decoy,CCCCCCCCCCCCCC[C@H]1C(=O)O[C@@H](CO)[C@@H]1OC(C)=O,CHEMBL12988
DEC_2053,decoy,CNC(=O)NC1CCc2cc(OC)c(OC)c(OC)c2-c2ccc(SC)c(=O)cc21,CHEMBL287384
DEC_1234,decoy,C/C(=N\N)c1c(O)nnc(-c2ccccc2)c1-c1ccccc1,CHEMBL31581
DEC_0516,decoy,CC(C)CN(C1=NCCN1)c1c(Br)cccc1Br,CHEMBL19924
DEC_1547,decoy,CN1C(=O)CN=C(c2ccccc2)c2cc(Cl)ccc21.[O-][n+]1nc2c(-c3cccs3)cnn2c2cc(Cl)ccc21,CHEMBL70470
DEC_1765,decoy,CC(/N=c1\c(O)c(O)\c1=N/c1ccc(Br)cc1)C(C)(C)C,CHEMBL278694
DEC_3074,decoy,C=CCC1(C(C)C#CCC)C(=O)NC(=O)N(C)C1=O,CHEMBL7413
DEC_1302,decoy,C1=CC(=Nn2cccc2)C=CC1=Nc1ccccc1,CHEMBL24961
DEC_1624,decoy,COc1c(Cl)c(OCC(F)(F)F)nc(C(Cl)(Cl)Cl)c1Cl,CHEMBL11565
DEC_0139,decoy,CC(=O)OCCN(CCOC(C)=O)CC(c1ccccc1)c1ccccc1,CHEMBL10734
DEC_1169,decoy,O=P(O)(O)ON1C=CC=C2C=CC=C(O)C21,CHEMBL285665
DEC_0173,decoy,O=C(O)c1cc2c(ccc3ccccc32)s1,CHEMBL13293
ACT_092,active,COc1cccc2c1C=[N+](c1ccc(I)cc1F)CC2,CHEMBL3900117
DEC_0931,decoy,CCCCC(C)(O)C/C=C/[C@H]1[C@H](O)CC(=O)[C@@H]1C/C=C/C=C\CC(=O)OC,CHEMBL18637
DEC_0789,decoy,CCCc1ccc2c(O)cc(C(=O)O)nc2c1,CHEMBL22588
DEC_1870,decoy,CN1C(=O)C=C[C@]2(C)C3CC[C@@]4(C)C(CC[C@@]4(O)C#CCCCCl)C3CCC12,CHEMBL275284
DEC_0258,decoy,N#CN1CCC(NS(=O)(=O)c2ccccc2)C1,CHEMBL275080
DEC_1375,decoy,Cc1nnc2n1-c1sc(/C=C\c3ccc(C4CCCCC4)cc3)cc1C(c1ccccc1Cl)=NC2,CHEMBL32389
DEC_2221,decoy,Oc1cc2c(cc1O)[C@H]1c3cnccc3CN[C@@H]1CC2,CHEMBL28054
ACT_074,active,Oc1cccc(C2=Nc3ccccc3SC(c3cccs3)C2)c1,CHEMBL498536
DEC_1966,decoy,CC(C)[C@@H](N)C(=O)OC1Cc2c(cccc2N(C)CC#CC#CC(C)(C)C)NC1=O,CHEMBL34818
DEC_1869,decoy,Brc1cccc(Br)c1N(C1=NCCN1)C1CCCCC1,CHEMBL20910
DEC_2039,decoy,Cc1ccc2c(c1)N(C(=O)N1C[C@@H](C)N[C@@H](C)C1)Cc1c(C(=O)OC(C)(C)C)ncn1-2,CHEMBL279165
DEC_2426,decoy,O=C1Nc2ccc(Cl)cc2C(OCCC2CC2)(C(F)(F)F)O1,CHEMBL275846
DEC_0066,decoy,C[C@H]1C=C2c3cccc4[nH]cc(c34)C[C@H]2N(C)C1,CHEMBL40047
DEC_0176,decoy,CC(=O)n1c(=O)oc2c3ncccc3ccc21,CHEMBL21300
DEC_2658,decoy,C[C@H](CCc1ncc[nH]1)C1CC[C@@]2(C)C3=C(CC[C@]12C)[C@@]1(C)CC[C@H](O)C(C)(C)C1CC3,CHEMBL9864
DEC_1524,decoy,O=C1CN2CCc3cncn3Cc3ccc(CCCCC(F)(F)F)c(c3)Oc3ccc4cccc(c4c3)N1CC2,CHEMBL23650
DEC_0379,decoy,Cn1c2c(s/c1=N\C(=O)c1ccc(C(=N)N)cc1)C(=O)N(CCC(=O)O)C2,CHEMBL267528
DEC_3047,decoy,CCOC(=O)[C@H](CCc1ccccc1)NCC(=O)N1CC2(C[C@H]1C(=O)O)SCCS2,CHEMBL296410
DEC_3455,decoy,O=C1C2C3C=CC(C4CC34)C2C(=O)N1CCCCC1CCN(c2cncc(Cl)n2)CC1,CHEMBL281538
DEC_1358,decoy,CC(C)C(=O)N(c1ccc([N+](=O)[O-])c(C(F)(F)F)c1)[C@H]1CCC2C3CC[C@H]4N(C)C(=O)CC[C@]4(C)C3CC[C@@]21C,CHEMBL17422
DEC_1468,decoy,C[C@@H]1C[C@H]2O[C@@H]2/C=C\C=C\C(=N/OCC(=O)NCC2CCCCC2)Cc2c(Cl)c(O)cc(O)c2C(=O)O1,CHEMBL85730
DEC_0288,decoy,O=S(=O)(c1nc(-c2ccccc2)c(-c2ccccc2)[nH]1)C(F)(F)C(Cl)Cl,CHEMBL415993
DEC_1014,decoy,CCC1C(=O)N2C=CSC2=[N+](Cc2ccc(Cl)cc2)C1=O,CHEMBL286202
DEC_1946,decoy,c1coc(-c2[nH]ccc3c4ccccc4nc2-3)c1,CHEMBL37322
DEC_2975,decoy,O=C(O)CCc1cn2c3c(nc(O)c2n1)-c1cccc(CC(=O)O)c1C3,CHEMBL281030
DEC_0753,decoy,CN1CCN([C@H]2CC[C@H](n3cc(-c4ccc(Oc5ccccc5)cc4)c4c(N)ncnc43)CC2)CC1,CHEMBL45177
ACT_037,active,CN(C)C(=O)Oc1ccc(-c2cn3c(NC=O)cccc3[n+]2C)cc1,CHEMBL1085027
DEC_2413,decoy,C[S+]([O-])c1nc(-c2ccc(Cl)c(Cl)c2)c(-c2ccccc2)[nH]1,CHEMBL280006
DEC_1359,decoy,C=C(C)[C@@H]1CC[C@]2(C(=O)N[C@@H](C)C(=O)OC)CC[C@]3(C)[C@H](CC[C@@H]4[C@@]5(C)CC[C@H](O)C(C)(C)[C@@H]5CC[C@]43C)[C@@H]12,CHEMBL281347
DEC_3349,decoy,CC1C(=O)Oc2cc(C3CCCCC3)c(Cl)cc21,CHEMBL35511
DEC_3208,decoy,CON(C)C1=NC(=O)/C(=C/c2cc(C(C)(C)C)c(O)c(C(C)(C)C)c2)S1,CHEMBL16855
DEC_0278,decoy,CSc1ccc(Cn2c(CC(C)(C)CC(=O)O)nc3cc(Cl)cnc32)cc1,CHEMBL279348
DEC_1061,decoy,CC1(C)CC(=O)c2c(ccc3c2C(c2ccc(Cl)cc2)Oc2ccccc2-3)N1,CHEMBL286662
DEC_2142,decoy,CCCC[C@H]1OC(=O)C[C@H](OCOC)[C@H](Cc2ccccc2)N(C)C(=O)COC(=O)[C@H]1C,CHEMBL38977
DEC_0452,decoy,CS(=O)(=O)c1ccc(C2=C(c3cc(Cl)cc(Cl)c3)C(=O)CC2)cc1,CHEMBL282924
DEC_3053,decoy,COc1ccc(S(=O)(=O)N(Cc2cccnc2)c2c(C(=O)NO)cnc3onc(C)c23)cc1,CHEMBL34418
DEC_2251,decoy,O=C1C=CC(c2[nH]c3ccccc3c2C2=CCNCC2)=NC1,CHEMBL281090
ACT_022,active,CCN(CC)c1ccc(/C=C/c2ccc3ccccc3[n+]2C)c(Cl)c1,CHEMBL4080358
DEC_1009,decoy,CO[C@@H]1[C@@H](OC(=O)c2ccc(C)[nH]2)[C@@H](O)[C@H](Oc2ccc3c(N(C)CCN(C)C)cc(=O)oc3c2C)OC1(C)C,CHEMBL287166
DEC_2205,decoy,O=C(O)c1ncn2c1c(O)nc1ccccc12,CHEMBL13199
DEC_1376,decoy,C[C@@H]1CC[C@]2(C(=O)O)CC[C@]3(C)C(=CC[C@@H]4[C@@]5(C)C[C@@H](Cl)C(=O)C(C)(C)[C@@H]5CC[C@]43C)C2[C@H]1C,CHEMBL300445
DEC_2032,decoy,Cc1c(CO)nc(O)c2c1ccc1nc(Nc3c(Cl)cccc3Cl)n(C)c12,CHEMBL27302
DEC_2706,decoy,CC1(C)CCC(C)(C)c2cc(/C(=C/c3ccc(C(=O)O)cc3)C(F)(F)F)ccc21,CHEMBL13065
DEC_1858,decoy,C[C@@H]1CC[C@H]2[C@@H](C)[C@](O[Si](C)(C)C)(C(F)(F)F)O[C@@H]3O[C@]4(C)CC[C@@H]1C32OO4,CHEMBL9805
DEC_3052,decoy,CC(C)OP(=O)(COCCOn1cnc2c(N)ncnc21)OCC(=O)OC(C)(C)C,CHEMBL29532
DEC_1099,decoy,NC1CCN(c2c(F)cc3c(=O)c(C(=O)O)cn(C4CC4)c3c2C(F)(F)F)C1,CHEMBL15416
DEC_1022,decoy,CC(C)(C)c1cc2n(n1)C(c1ccc(F)c(Br)c1)C1=C(O)CCCC1=N2,CHEMBL35304
DEC_0735,decoy,CC(C)(N)CC(=O)NC1CC2CCC1(CS(=O)(=O)N1CCC3(CCc4ccccc43)CC1)C2(C)C,CHEMBL283578
DEC_1581,decoy,CC(C)(C)Nc1ncnc2c1ncn2Cc1ccccc1F,CHEMBL267639
DEC_1965,decoy,CCNC(C)C1CCN(c2cc3c(c(N)c2F)c(=O)c(C(=O)O)cn3C2CC2)C1,CHEMBL15312
DEC_3275,decoy,CC(C)(C)c1cc(-c2nsc(N=C(N)N)n2)cc(C(C)(C)C)c1O,CHEMBL17104
DEC_3199,decoy,O=[N+]([O-])c1cccc(Cn2c(Cl)nc3cc(Cl)c(Cl)cc32)c1,CHEMBL22681
DEC_2710,decoy,CC(C)(C)[C@H]1CC[C@@H](O)[C@H](N2CCC(c3ccccc3)CC2)C1,CHEMBL20463
DEC_1709,decoy,Cc1cc(CCCCCOc2c(Cl)cc(C3=NCCO3)cc2C(C)(C)C)on1,CHEMBL277837
DEC_0474,decoy,CN(C)c1ncnc2c1ncn2C1Cc2ccccc2C1,CHEMBL7793
DEC_1152,decoy,CC(C)CCN(c1ccc(NCC2CCCCC2)cc1)C1CCN(C(=O)[C@H](CC(C)C)NC(=O)N2CCCCCC2)CC1,CHEMBL81861
DEC_1893,decoy,O=C1NC(=O)C(CC#Cc2ccc(Cl)cc2)(S(=O)(=O)c2ccccc2)S1,CHEMBL275470
DEC_1270,decoy,C[Si](C)(C)OC1(C#N)CCCCCCCC1,CHEMBL278693
DEC_0938,decoy,CCCCCCCCCCCC[C@@H]1C(=O)O[C@]2(CO)CC(=O)O[C@H]12,CHEMBL26971
DEC_0349,decoy,Oc1ccc(Cl)cc1-n1nc(-c2cc(C(F)(F)F)cc(C(F)(F)F)c2)nc1O,CHEMBL14185
DEC_2891,decoy,Cn1cncc1C(O)(C#Cc1ccc(C#N)cc1-c1cccc(OC(F)(F)F)c1)c1ccc(C#N)cc1,CHEMBL24123
DEC_0311,decoy,N#Cc1c(-c2ccc(Cl)c(Cl)c2)c(-c2ccc(Cl)c(Cl)c2)nn(CCO)c1=O,CHEMBL31232
DEC_1751,decoy,CC(C)(CC(=O)O)Cc1nc2cc(Cl)ccc2n1Cc1ccc(Br)cc1,CHEMBL18093
DEC_3421,decoy,CCC1C(=O)N2C=CSC2=[N+](CC(C)C)C1=O,CHEMBL24254
DEC_2362,decoy,CC1(C)OC(S)=Nc2ccc(-c3cc(Cl)cc(C#N)c3)cc21,CHEMBL25036
DEC_2477,decoy,CCOc1ccc(-n2c(C)c3c(C)nnc(N(C)C)c3c2C)cc1,CHEMBL24747
DEC_0043,decoy,CC1=C(C#N)C(c2ccccc2C(F)(F)F)/C(=C(\O)OCC(O)CO)C(CS(=O)(=O)c2ccccc2)=N1,CHEMBL72871
DEC_3123,decoy,CC1CN(C)CC(C)N1C(=O)N1Cc2c(C(=O)OC(C)(C)C)ncn2-c2ccc(F)cc21,CHEMBL262970
DEC_1419,decoy,N#CN/C(N)=N\c1cccc(/C(=C\CCCC(=O)O)c2cccnc2)c1,CHEMBL428709
DEC_3266,decoy,CCN(C)c1nn2c(-c3ccccc3)nnc2c2ccccc12,CHEMBL13621
DEC_0100,decoy,Cc1ccc(C(O)c2nc3c(cc2C)CCC3)cc1,CHEMBL290828
DEC_1938,decoy,C1=C2C(=C(c3ccccc3)c3ccccc32)CNC1,CHEMBL279297
DEC_0677,decoy,CSc1sc(C(=N)N)cc1-c1nc(-c2cnccc2Cl)cs1,CHEMBL28723
DEC_2958,decoy,CSc1sc(C(=N)N)cc1-c1nc(-c2ccc(Cl)cc2)cs1,CHEMBL286243
DEC_3002,decoy,CC(C)(NC(=O)OCc1ccccc1)C(=O)NC(CC(=O)O)C(=O)CF,CHEMBL280373
DEC_2926,decoy,Cc1ccc2c(CC(C)NCC(O)c3cccc(Cl)c3)c[nH]c2c1,CHEMBL25724
DEC_3172,decoy,Cc1nc(O)c2c(ccc3nc(Nc4c(Cl)cccc4Cl)n(C)c32)c1C,CHEMBL28912
DEC_2551,decoy,O=c1c(-c2ccc3ccccc3c2)c(-c2ccccc2)c(-c2ccccc2)nn1CCO,CHEMBL287585
DEC_1668,decoy,C=C(C)[C@H]1C(=O)c2c3c(cc4c5c(n1c24)[C@@]1(C)C(CC[C@H]2[C@](C)(/C=C/CC=O)[C@@H](O)CC[C@@]21C)C5)C1=CC(C)(C)OC(C)(C)C1[C@@H]3O,CHEMBL288185
DEC_2817,decoy,CC(=O)N1CCc2c(sc(NC(=O)/C=C/c3ccccc3)c2C(=O)c2ccccc2Cl)C1,CHEMBL40462
DEC_2879,decoy,Cc1nnc2n1-c1sc(C#CCn3c(=O)ccc4ccccc43)cc1C(c1ccccc1Cl)=NC2,CHEMBL279665
DEC_3039,decoy,O=C(N[C@@H](Cc1ccccc1)C(=O)OCc1cc(=O)c(O)co1)OCc1cc(=O)c(O)co1,CHEMBL24152
DEC_0119,decoy,CCN(CC)CCOc1ccc(/C=C(\C#N)c2noc3ccc(OC)cc23)cc1,CHEMBL21549
DEC_2340,decoy,C=C(Cl)CN1C[C@H](OCC23C[C@@H]4[C@H](C)CC[C@H]4C4(C=O)CC2C=C(C(C)C)[C@@]34C(=O)O)OC[C@H]1C,CHEMBL31066
DEC_0243,decoy,Cc1noc2c(Cl)c3c(cc12)CC(C(=O)O)O3,CHEMBL7795
ACT_082,active,CC(C)=CC1Oc2cc(O)ccc2-c2oc3c4c(cc(O)c3c(=O)c21)OC(C)(C)C=C4,CHEMBL1770313
DEC_0972,decoy,CC1(C)C2CC[C@@]1(CS(=O)(=O)N1CCC3(CCc4ccccc43)CC1)[C@@H](N1C(=O)CC(NCCO)C1=O)C2,CHEMBL283126
DEC_2780,decoy,CCOC(=O)C(=O)Nc1nc(-c2ccc3c(c2)Sc2ccccc2S3)cs1,CHEMBL16343
DEC_1248,decoy,O=C1Nc2cc3[nH]c(-c4ccncc4)nc3cc2C1C1CCCC1,CHEMBL24502
DEC_3336,decoy,O=C1CCCN(c2ccccc2)N1c1ccccc1,CHEMBL285108
DEC_2483,decoy,CCc1nnc2c(Nc3ccccc3)nc3ccccc3n12,CHEMBL7325
DEC_0317,decoy,CN1C(=O)C=C[C@]2(C)C3CC[C@@]4(C)C(CC[C@@]4(O)C#CCCCBr)C3CCC12,CHEMBL275764
DEC_2892,decoy,COc1cc(Br)c(-n2c(O)nc3c(-c4ccccc4C(F)(F)F)nc(C)nc32)c(OC)c1,CHEMBL10279
DEC_2824,decoy,COC1(OC)C=CC(C2(C3=CCC(OC)(OC)C=C3)Sc3ccccc3-n3cccc32)=CC1,CHEMBL429774
DEC_2981,decoy,C#CCN(CC1CCc2nc(N)nc(O)c2C1)c1ccc(C(=O)O)cc1,CHEMBL22290
DEC_1955,decoy,Cc1c([N+](=O)[O-])oc2ccc3c(c12)CCCC3,CHEMBL7159
DEC_3171,decoy,CC(C)(C)C1CSC(c2c(F)c(F)c(N=[N+]=[N-])c(F)c2F)SC1,CHEMBL31911
DEC_1952,decoy,CCCN1CCC[C@@H]2c3cccnc3CC[C@H]21,CHEMBL275978
DEC_3469,decoy,CC(C)(C)c1ccc(S(=O)(=O)Oc2cccc3c2C(=O)C(N2CC2)=C(N2CC2)C3=O)cc1,CHEMBL35363
DEC_0496,decoy,CCC(=N/C)/N=C(/Nc1ccccc1)N1CCOCC1,CHEMBL42916
DEC_1252,decoy,Nc1nc(O)c2cc([S+]([O-])c3ccc4ccccc4c3)ccc2n1,CHEMBL269059
DEC_1028,decoy,CC1=CC(C)(C)Nc2ccc3c(c21)C(c1ccc(Cl)cc1)Oc1ccccc1-3,CHEMBL286595
DEC_3292,decoy,Cc1[nH]c2cccc3c2c1C[C@@H]1C3C[C@H](NC(=O)C(C)(C)C)CN1C,CHEMBL25013
DEC_1058,decoy,COC(=O)c1nc(-c2cc(Cl)cc(Cl)c2)c(-c2cc(Cl)cc(Cl)c2)[nH]1,CHEMBL7808
DEC_2838,decoy,O=C(Oc1ccc2[nH]c(C(=O)c3cc4ccccc4[nH]3)cc2c1)c1ccc(-c2ccccc2)cc1,CHEMBL269510
DEC_1548,decoy,CCCCO[C@]1(C)CCN2CC34CC5(C(=O)Nc6c5ccc5c6OC=CC(C)(C)O5)C(C)(C)C3CC21C(=O)N4C,CHEMBL291158
DEC_1056,decoy,O=C(c1cc2ccccc2[nH]1)c1cc2cc(OC(=O)c3ccccc3Cl)ccc2[nH]1,CHEMBL7367
DEC_0850,decoy,Oc1cc2c(cc1CCCSCc1cccnc1)OCC2,CHEMBL7491
DEC_0674,decoy,CC(C)(C)c1cc(/C=C/c2nnc(S)o2)cc(C(C)(C)C)c1O,CHEMBL273941
DEC_1882,decoy,Cc1cc(Br)ccc1C(=O)N(C)[C@H]1CCCC[C@@]12CCCN2C,CHEMBL277202
DEC_2294,decoy,CN1CCN2CC(c3ccc(N)cc3)c3ccccc3C2C1,CHEMBL6455
ACT_073,active,O=C1C(=O)N(Cc2ccc(Cc3ccc(CN4C(=O)C(=O)c5ccccc54)cc3)cc2)c2ccccc21,CHEMBL222752
DEC_0648,decoy,N#CC(c1ccccc1)C(N)Sc1ccccc1N,CHEMBL284774
DEC_3386,decoy,CC(C)COP(=O)(CCCCC1(C(=O)NCC(F)(F)F)c2ccccc2-c2ccccc21)OCC(C)C,CHEMBL282516
DEC_1991,decoy,CCNCC1CCN(c2cc3c(c(C)c2F)c(=O)c(C(=O)O)cn3CC)C1,CHEMBL16204
DEC_1258,decoy,CS/C(=N\CCSCc1cc2ccccc2[nH]1)NC#N,CHEMBL12623
DEC_1280,decoy,c1ccc([C@@H]2CN3CCC[C@H]3c3ccccc32)cc1,CHEMBL33367
DEC_0634,decoy,CC1CC(OCC(O)CNC(C)(C)C)CC(C)(C)C1,CHEMBL25929
DEC_2697,decoy,Cc1ccc(-c2ccc(C(=O)O)cc2)cc1-c1cc2c(cc1C)C(C)(C)CCC2(C)C,CHEMBL25088
DEC_1271,decoy,CCCC1Oc2c(C)c(C)c(O)c(C)c2S1,CHEMBL290579
DEC_2013,decoy,Cc1cc(C)c2c(c1)COP(=O)(OCC1CCC(n3cnc4c(N)ncnc43)O1)O2,CHEMBL42698
DEC_3358,decoy,C[C@@]12CCCN1C[C@@H](c1ccccc1)c1ccccc12,CHEMBL35336
DEC_1739,decoy,[O-][S+](c1nc(-c2ccc(Cl)cc2)c(-c2ccc(Cl)cc2)[nH]1)C(F)(F)C(F)F,CHEMBL18213
DEC_0446,decoy,C=CCC1Oc2cccc(CN)c2-c2ccc3c(c21)C(C)=CC(C)(C)N3,CHEMBL8340
DEC_0569,decoy,CCOc1ccc(-c2n[n+]3ccccc3c3ccc4ccccc4c23)cc1,CHEMBL14946
DEC_1346,decoy,Cc1ccc(C2=CC(C)(C)Oc3c(Br)cc(C(=O)Nc4cc(F)c(C(=O)O)c(F)c4)cc32)cc1,CHEMBL312198
DEC_0751,decoy,CC(C)C1=CC2CC3(C=O)[C@@H]4CC[C@@H](C)[C@H]4CC2(CO[C@H]2C[C@H]4[C@H](OCC4(C)C)[C@@H](C)O2)C13C(=O)O,CHEMBL295473
DEC_1608,decoy,CC(C)(C)[C@H]1CC[C@@H](N2CCC(c3ccccc3)CC2)[C@H](O)C1,CHEMBL21722
DEC_2401,decoy,SC1=Nc2ccc(-c3ccc(Cl)s3)cc2C12CCCCC2,CHEMBL27818
DEC_3059,decoy,COc1ccc(-c2cnc(-c3ccc(S(=O)(=O)NC(C(=O)NO)C(C)C)cc3)s2)cc1,CHEMBL13974
DEC_0406,decoy,C[C@H](N)C(=O)N[C@@H]1CN(c2nc3c(cc2F)c(=O)c(C(=O)O)cn3C2CC2)[C@H]1C,CHEMBL20278
DEC_1671,decoy,C=C(C)[C@H]1C(=O)c2c3c(cc4c2[C@@H](O)C2C4=CC(C)(C)OC2(C)C)C2=C(C31)[C@@]1(C)C(CC[C@H]3[C@](C)(/C=C/C=C(\C)C=O)[C@@H](O)CC[C@@]31C)C2,CHEMBL307929
DEC_3311,decoy,CC1(C)Oc2ccc(C#N)cc2C(Nc2ccc(Cl)cc2)C1O,CHEMBL274443
DEC_1698,decoy,Cc1ccccc1-c1nc(N2CCC(N3CCCC3)CC2)cc2c1C(=O)N(Cc1cc(C(F)(F)F)cc(C(F)(F)F)c1)CCCO2,CHEMBL180708
DEC_2509,decoy,C[C@H]1[C@@H](OCC23CC4CC(CC(C4)C2)C3)O[C@@H]2O[C@@]3(C)CC[C@H]4[C@H](C)CC[C@@H]1[C@@]24OO3,CHEMBL437851
DEC_2515,decoy,CC1(C)C(=O)[C@]2(CS(=O)(=O)N3CCC4(C=Cc5ccccc54)CC3)CCC1C2(C)C,CHEMBL269624
DEC_1701,decoy,O=C1c2c(-c3ccccc3F)cc(N3CCC(N4CCCC4)CC3)nc2OCCCN1Cc1cc(C(F)(F)F)cc(C(F)(F)F)c1,CHEMBL181829
DEC_2634,decoy,Cc1ncn2c1c(Nc1ccccc1Cl)nc1ccccc12,CHEMBL28134
DEC_1265,decoy,C[C@H](CS)C(=O)N1C[C@@H](Sc2ccccc2)C[C@H]1C(=O)O,CHEMBL16332
DEC_2798,decoy,COc1cc2c(cc1C(F)(F)F)N(C(=O)Nc1ccc(-c3cccnc3)nc1)CC2,CHEMBL277111
DEC_0105,decoy,c1cc(OCCCCc2nnn[nH]2)cc(OCc2ccc3ccccc3n2)c1,CHEMBL18558
DEC_2490,decoy,CN(C)c1ncnc2c1ncn2CCCc1ccccc1,CHEMBL276250
DEC_3076,decoy,Clc1ccc(Cl)c(NC2=NCCN2)c1Cl,CHEMBL275119
DEC_2255,decoy,CNC1=NC(=O)[C@H]([C@H](O)c2c[nH]c3ccccc23)O1,CHEMBL416574
DEC_2727,decoy,O=C(N[C@@H](Cc1ccccc1)C(=O)C(F)F)c1ccccc1,CHEMBL287319
DEC_1242,decoy,N=C(N)c1ccc(-c2ccc(-c3ccc(C(=N)N)cc3)o2)cc1,CHEMBL24057
DEC_1944,decoy,NC1=NC(c2ccc(F)cc2)Cc2ccccc21,CHEMBL8088
DEC_3141,decoy,COc1cc2c(cc1OC)[C@H]1C(=O)c3ccc4c(c3O[C@@H]1CO2)Cc1cc(C(C)C)oc1C4,CHEMBL297612
DEC_2738,decoy,CCCC[C@]1(c2ccccc2)OC[C@H]([C@@H]2CCCCN2)O1,CHEMBL26985
DEC_0663,decoy,CCC(C)(C)/N=c1\c(O)c(O)\c1=N/Cc1cc(F)cc(F)c1,CHEMBL19879
DEC_0237,decoy,Cc1nc2c([nH]1)C(=O)N(C)C1=N[C@@H]3CCC[C@@H]3N12,CHEMBL278644
DEC_2000,decoy,O=C(N[C@H](Cc1ccc2ccccc2c1)C(=O)O)c1ccccc1Br,CHEMBL269294
ACT_056,active,Clc1ccc(CO/N=C(\Cn2ccnc2)c2ccc(Cl)cc2Cl)c(Cl)c1,CHEMBL1262
DEC_3277,decoy,CCN(C1=NCCN1)c1c(Br)cccc1Br,CHEMBL277242
DEC_3265,decoy,CC(C)CS(=O)(=O)N[C@@H]1CCN2CCc3ccccc3[C@@H]2C1,CHEMBL287409
DEC_2925,decoy,Cc1cccc2[nH]cc(CC(C)NCC(O)c3cccc(Cl)c3)c12,CHEMBL24269
DEC_1203,decoy,C/N=C(\NC#N)Nc1ccccc1-c1[nH]cnc1C,CHEMBL34442
DEC_1767,decoy,O=C1Nc2ccc(Cl)cc2C(C#Cc2cncs2)(C(F)(F)F)O1,CHEMBL17901
DEC_2831,decoy,COc1ccc(C2=C(OC(C)=O)c3cccn3-c3cc(C(F)(F)F)ccc3S2)cc1,CHEMBL33488
DEC_1562,decoy,O=C([C@@H](Cc1ccccc1)N1C(=O)c2ccccc2C1=O)N1CCC(=C2c3ccc(Cl)cc3CCc3cccnc32)CC1,CHEMBL318189
DEC_3092,decoy,Cc1c(C)c2c(c(C)c1O)SC(CCC(N)=O)O2,CHEMBL36936
DEC_2069,decoy,Cc1ccc(CNC(=O)CCn2c3c(c4ccccc42)C(=O)CN2CCCCC32)o1,CHEMBL29364
DEC_3365,decoy,c1ccc2c(c1)[C@H](C1CCCCC1)CN1CCC[C@@H]21,CHEMBL35501
DEC_0160,decoy,CC(NC(=O)C(=O)N/N=C1\C[C@H](c2ccccc2F)Nc2cc3c(cc21)OCO3)c1ccccc1,CHEMBL278893
DEC_2827,decoy,Cn1cncc1C(OCc1ccc(C#N)cc1-c1cccc2ccccc12)c1ccc(C#N)nc1,CHEMBL287729
DEC_0976,decoy,C[C@@H](n1cnc2cc(-c3ccc(-n4ncnn4)cc3)sc2c1=O)[C@](O)(Cn1cncn1)c1ccc(F)cc1F,CHEMBL55850
DEC_3228,decoy,CO[C@H]1CCOP(=O)(NCCCl)N1CCCl,CHEMBL281278
DEC_2514,decoy,CCOC(=O)C1=C(C)N=C(C)/C(=C(/O)OCC)C1c1cccc(I)c1,CHEMBL37204
DEC_1120,decoy,CCN(C(=O)c1ccccc1CC(O)CCc1ccccc1C(=O)N(CCO)C1(CC)CCCC1)C(C)(C)c1ccccc1,CHEMBL274351
DEC_2153,decoy,Cc1cc(OCCN(C)c2ccncc2)cc(OS(=O)(=O)c2ccccc2Cl)c1,CHEMBL289951
DEC_1659,decoy,CS(=O)(=O)c1ccc(C2=C(c3cc(Cl)c(Cl)c(Cl)c3)C(=O)CC2)cc1,CHEMBL278392
DEC_0733,decoy,Cc1nc(O)c2c(ccc3nc(Nc4c(Cl)cccc4Cl)n(C)c32)c1CCCN1CCOCC1,CHEMBL29566
DEC_3157,decoy,Cc1c(S(=O)(=O)C(F)(F)F)cc(-c2ccc(S(C)(=O)=O)cc2)n1-c1ccc(F)cc1,CHEMBL44244
DEC_0267,decoy,COc1ccccc1-c1[nH]c(-c2ccc([S+](C)[O-])cc2)nc1-c1ccncc1,CHEMBL17135
DEC_2129,decoy,CCOCC(=O)N[C@H]1CCc2cc(OC)c(OC)c(OC)c2-c2ccc(SC)c(=O)cc21,CHEMBL277703
DEC_0568,decoy,CCOc1ccc(-c2n[n+]3c(C)cccc3c3ccc4ccccc4c23)cc1,CHEMBL14962
DEC_1895,decoy,CC1(C)C=C(n2ccccc2=O)c2cc(S(=O)(=O)c3ccccc3)ccc2O1,CHEMBL12138
DEC_0024,decoy,CC(=O)OCC1=C(C(=O)OC(c2ccccc2)c2ccccc2)N2C(=O)[C@@H](Nc3nc4c(N)cccc4[nH]3)C2SC1,CHEMBL273963
DEC_0346,decoy,CC1(C)CC(C)(C)c2cc(N/C(S)=N/c3ccc(S(N)(=O)=O)cc3)ccc2S1,CHEMBL6524
DEC_1512,decoy,COc1ccc(NC(=O)CO/N=C2\C=C\C=C/[C@H]3O[C@@H]3C[C@@H](C)OC(=O)c3c(O)cc(O)c(Cl)c3C2)cc1,CHEMBL315521
DEC_2920,decoy,Cc1nnc2n1-c1sc(C#CCN3Cc4cccc5cccc(c45)C3=O)cc1C(c1ccccc1Cl)=NC2,CHEMBL280210
DEC_1569,decoy,C/N=C(/S)C1(c2cccnc2)CCCC/C1=C\C#N,CHEMBL41094
DEC_2669,decoy,Cc1c(C(=O)N(C)Cc2ccc(Cl)cc2)nc2ccccc2c1-c1ccccc1F,CHEMBL15254
DEC_0605,decoy,CCCCc1nc2ccc([C@@H]3C[C@@]4(C)CCCCN4O3)cc2c(=O)n1Cc1ccc(-c2ccccc2-c2nn[nH]n2)cc1,CHEMBL46361
ACT_036,active,CC(C)(CN1C(=O)c2cccc3cccc(c23)C1=O)C[N+](C)(C)CCCCCCCCCC[N+](C)(C)CC#CCOC1=NOCC1,CHEMBL4293086
DEC_0830,decoy,CC1(C)OC[C@@H](C/C=C\CCC(=O)O)[C@@H](c2cccnc2)O1,CHEMBL17912
DEC_2458,decoy,Nc1nc2c(cnn2-c2ccccc2)c2nc(-c3ccco3)nn12,CHEMBL16509
DEC_1067,decoy,FC(F)(F)c1cc(CO[C@H]2CCCN[C@H]2c2ccccc2)cc(C(F)(F)F)c1,CHEMBL27006
DEC_1516,decoy,Cc1nnc2n1-c1sc(C#CCn3c(=O)c4ccccc4c4ccccc43)cc1C(C1=CC(=O)CC=C1Cl)=NC2,CHEMBL418556
DEC_0932,decoy,CCCCC(C)(O)C/C=C/[C@H]1[C@H](O)CC(=O)[C@@H]1C/C=C/C=C/CC(=O)OC,CHEMBL19670
DEC_0539,decoy,CC(C)n1c(=O)n(Cc2nc3ccccc3n2CCC#N)c2ccccc21,CHEMBL14777
DEC_1249,decoy,OCCNc1nc2ccc(Cl)cc2c2nc(-c3ccco3)nn12,CHEMBL268867
DEC_2552,decoy,CC(C)C(=O)Nc1sc2c(c1C(=O)c1ccccc1Cl)CCN(C(=O)C1CC1)C2,CHEMBL288653
DEC_2270,decoy,CC(C)C1C(=O)Nc2cc3[nH]c(-c4ccncc4)nc3cc21,CHEMBL287082
DEC_3309,decoy,C[C@@H]1SC2=NC3c4ccccc4CCC3N2[C@@]1(O)c1ccccc1,CHEMBL28732
DEC_1054,decoy,OC1=C2C(=Nc3c(-c4cccc(F)c4)cnn3C2c2ccc(Cl)c(Cl)c2)CCC1,CHEMBL33973
DEC_2801,decoy,COc1cc([C@@H]2c3[nH]c4c(ccc5ccccc54)c3C[C@H]3COC(=O)N32)cc(OC)c1O,CHEMBL275992
DEC_3060,decoy,Cc1cnc(NCC(F)(F)c2ccc(F)cc2)c(=O)n1CC(=O)NCc1cnc(N)cn1,CHEMBL19740
DEC_2500,decoy,O=S1NC(Cc2cc3cc(Cl)ccc3s2)=NO1,CHEMBL17905
DEC_1012,decoy,CCOC1c2ccccc2C(=O)N1CCC[N+](C)(C)CCCCCC[N+](C)(C)CCCN1C(=O)c2ccccc2C1OCC,CHEMBL280535
DEC_1162,decoy,CC(CSC(CCc1ccccc1C(=O)N(C)C)c1cccc(OCc2ccc3ccc(Cl)cc3n2)c1)C(=O)O,CHEMBL15132
DEC_1505,decoy,CC1O[C@H]2[C@H](O)[C@H](OCC34C[C@@H]5[C@H](C)CC[C@H]5C5(C=O)CC3C=C(C(C)C)C45C(=O)O)O[C@H](C)[C@H]2O1,CHEMBL283375
DEC_2523,decoy,Cc1nnc2n1-c1ccc(C#CCOc3cccnc3)cc1C(c1ccccc1Cl)=NC2,CHEMBL20344
DEC_0102,decoy,Cc1cc(CCCCCCCOc2ccc(C3=NCCO3)cc2Cl)on1,CHEMBL25684
DEC_0755,decoy,COC(=O)c1c(C(F)(F)F)[nH]c2c1[C@@]13C[C@@H]1CN(C(=O)c1cc4cc(OC)ccc4[nH]1)C3=CC2=O,CHEMBL35948
DEC_1141,decoy,CCCc1nc(CN(Cc2ccccc2)C(=O)OC(C)(C)C)c(C(=O)O)n1Cc1ccc(-c2ccccc2-c2nn[nH]n2)cc1,CHEMBL306922
DEC_2455,decoy,CC(C)c1cccc2ccc(-c3ccc(-c4ccc(C(=O)O)cc4)[nH]3)nc12,CHEMBL277168
DEC_1485,decoy,CC(=O)OCC(=O)[C@@]1(OC(=O)c2ccco2)[C@H](C)CC2C3C[C@H](F)C4=CC(=O)C=CC4(C)C3C(O)CC21C,CHEMBL41846
DEC_2795,decoy,CC1=NN(C(=O)Nc2ccccc2Cl)C(C)=NN1C(=O)Nc1ccccc1Cl,CHEMBL17723
DEC_2027,decoy,COC1(c2csc(Sc3ccc4c(c3)OCC/C4=N\O)c2)CCOCC1,CHEMBL284403
DEC_1576,decoy,c1ccc(CCn2cnc3c(-c4ccco4)ncnc32)cc1,CHEMBL282154
DEC_0564,decoy,C=C(CC[C@]12O[C@H](CN)[C@@](O)(C(=O)O)[C@](C(=O)O)(O1)[C@H](O)[C@H]2O)[C@@H](OC(C)=O)[C@H](C)Cc1ccccc1,CHEMBL283171
DEC_0421,decoy,O=C(O)C1=Cc2cc(C(C3CCCCC3)n3ccnc3)sc2CC1,CHEMBL22759
DEC_0809,decoy,Cc1cccc(OCCNc2ccncc2)c1,CHEMBL23243
DEC_0876,decoy,CC1(O)OC(=O)C(Sc2ccccc2)=C1c1ccc(S(C)(=O)=O)cc1,CHEMBL18377
DEC_1199,decoy,Oc1ccc2c(c1O)CCC[C@H]2C1=NCCN1,CHEMBL7707
DEC_1976,decoy,CCOc1c(N2CCNC(C)C2)c(F)cc2c(=O)c(C(=O)O)cn(C3CC3)c12,CHEMBL15372
DEC_3284,decoy,O=C1COC(/C=C/C2CC2)(C(F)(F)F)c2cc(Cl)ccc2N1,CHEMBL29171
DEC_2231,decoy,CC(C)(C)/N=c1\c(O)c(O)\c1=N/Cc1ccccc1F,CHEMBL20018
DEC_0061,decoy,CC1=CO[C@@H]2O[C@@]3(C)CC[C@H]4[C@H](C)CC[C@@H]1[C@@]24OO3,CHEMBL279307
DEC_1437,decoy,CC(C)N(CC[C@@](C(N)=O)(c1ccccc1)c1ccccn1)C(C)C,CHEMBL269362
DEC_2144,decoy,COc1ccc2cc(C(C)C(=O)OCCCCOC(=O)CN3CCOCC3)ccc2c1,CHEMBL284801
DEC_3308,decoy,O=C1Nc2ccc(F)c(F)c2C(C#Cc2ccco2)(C(F)(F)F)O1,CHEMBL277723
DEC_1743,decoy,CCCc1nc2c(C)ccnc2n1Cc1ccc(OC(C(=O)O)c2ccc(Cl)cc2)cc1,CHEMBL40273
DEC_2822,decoy,CC(C)Sc1ccc(CC2CCN(C3CCN(C(=O)c4ccco4)CC3)CC2)cc1,CHEMBL11947
DEC_3232,decoy,Cc1ccc(C)n1Nc1ccc(N2CCSCC2)nn1,CHEMBL273534
DEC_2059,decoy,CCN(CC)c1nc(C)nc2c1sc(=S)n2-c1c(C)cc(C)cc1C,CHEMBL413968
DEC_1924,decoy,CC12NC(Cc3ccccc31)CC1CCCCC12,CHEMBL266582
DEC_0234,decoy,CCOC(=O)C(C#N)=C1SCCCS1,CHEMBL291237
DEC_2289,decoy,c1ccc(OC2(C3=NCCN3)COc3ccccc3O2)cc1,CHEMBL273973
DEC_2399,decoy,CC(C)(Nc1nc(C(F)(F)F)nc2ccccc12)c1ccccc1,CHEMBL16037
DEC_0671,decoy,ClP1(Cl)=NP(Cl)(Cl)=NP(N2CC2)(N2CC2)=N1,CHEMBL285314
DEC_1567,decoy,CCCOOC1(OC)CCCCCCCCCCC1,CHEMBL28617
DEC_1048,decoy,C[C@H]1C(=O)C(C)(C)Nc2ccc3c(c21)[C@H](c1ccc(Cl)cc1)Oc1ccccc1-3,CHEMBL34015
DEC_0828,decoy,[N-]=[N+]=NC1CC(N=[N+]=[N-])c2cc(C(=O)CC(=O)C(=O)O)ccc21,CHEMBL20592
DEC_1003,decoy,Cn1c(CCc2ccc(C(=N)N)cc2)nc2cc(N(CC(=O)O)S(=O)(=O)c3cccc4cccnc34)ccc21,CHEMBL417360
DEC_2337,decoy,Cn1cncc1C(OCc1ccc(C#N)cc1-c1cccc(OC(F)(F)F)c1)c1ccc(C#N)nc1,CHEMBL38615
DEC_2784,decoy,O=C(Nc1ccccn1)c1c(C(F)(F)F)nc2c(C(F)(F)F)cccc2c1O,CHEMBL36018
DEC_3347,decoy,COc1ccc2c(c1)c1oc(C(C)C)cc1c(=O)n2C,CHEMBL277417
DEC_0071,decoy,C=C1C=C2c3cccc4[nH]cc(c34)C[C@H]2N(C)C1,CHEMBL39604
DEC_1866,decoy,C[C@@H]1CC2C3CCC4=CC(=O)C=CC4(C)[C@@]3(Cl)C(Cl)CC2(C)C1C(=O)CO,CHEMBL16418
DEC_3089,decoy,CCCC(C)C1(CC)C(=O)NC(=S)NC1=O,CHEMBL441
DEC_0056,decoy,C/N=C(/S)[C@]1(c2cccnc2)CCCC[S@@+]1[O-],CHEMBL275459
DEC_1953,decoy,Clc1ccc(C2NCCc3ccccc32)cc1,CHEMBL21920
DEC_2364,decoy,CC1(C)OC(S)=Nc2ccc(-c3ccc(F)c(Cl)c3)cc21,CHEMBL25037
DEC_3105,decoy,CCCC1(C2=NCCN2)CN(C)c2ccccc2O1,CHEMBL13721
DEC_1165,decoy,CCCCc1cccc([C@]2([C@H](Oc3nc(C)cc(C)n3)C(=O)O)NCC(=O)N(Cc3c(C)cc(C)cc3C)c3ccccc32)c1,CHEMBL96303
DEC_2297,decoy,CC(C)(C)C1CS(=O)(=O)C(c2ccccc2)S(=O)(=O)C1,CHEMBL32008
DEC_0205,decoy,c1cc(NC23CC4CC(CC(C4)C2)C3)ccn1,CHEMBL18642
DEC_2253,decoy,OB(O)c1cc(C(F)(F)F)cc(C(F)(F)F)c1,CHEMBL280087
DEC_3399,decoy,CCCc1cc(Oc2ccccc2)ccc1OCCCOc1ccc(C2SC(=O)NC2=O)cc1C,CHEMBL54097
DEC_1673,decoy,C=C(C)[C@H]1C(=O)c2c3c(cc4c5c(n1c24)[C@@]1(C)C(CC[C@H]2[C@](C)(/C=C/CC(=O)OC)[C@@H](O)CC[C@@]21C)C5)C1=CC(C)(C)OC(C)(C)C1[C@@H]3O,CHEMBL284563
DEC_1742,decoy,O=C(O)COc1cccc2c1CCC(Cn1cc(C(c3ccccc3)c3ccccc3)cn1)=C2,CHEMBL430154
DEC_1502,decoy,CCC(=O)OCC(=O)[C@@]1(OC(=O)CC)[C@@H](C)C[C@H]2C3CCC4=CC(=O)C=C[C@]4(C)[C@@]3(F)[C@@H](O)[C@@H](O)[C@@]21C,CHEMBL56244
DEC_3193,decoy,CC12CCC3C(C(c4ccccc4)=CC4=CC(=O)CCC43C)C1CCC2=O,CHEMBL266788
DEC_2990,decoy,CSCC/N=C(\N)Nc1nc(-c2ccc(CNC(C)=O)o2)cs1,CHEMBL283953
DEC_0301,decoy,COc1ccc(-c2nc(S(=O)(=O)C(F)(F)F)[nH]c2-c2ccc(OC)cc2)cc1,CHEMBL18310
DEC_0148,decoy,CCCN(CCCCN1CCCCC1)C1COc2cccc(OC)c2C1,CHEMBL416747
DEC_1190,decoy,C/N=C(\NC#N)Nc1ccc(-c2[nH]cnc2C)cc1,CHEMBL33079
DEC_1954,decoy,Nc1nc2ccc(OC(F)(F)F)cc2s1,CHEMBL744
DEC_0042,decoy,C[C@H](NC(=O)OCc1ccccc1)C(=O)Nc1csc2c(=O)oc([C@H](C)NC(=O)OCc3ccccc3)nc12,CHEMBL47982
DEC_1696,decoy,O=C(NCc1cc(C(F)(F)F)cc(C(F)(F)F)c1)c1c(CN2C(=O)c3ccccc3C2=O)nc2ccccc2c1-c1ccccc1,CHEMBL25058
DEC_1426,decoy,CCCC[C@H]1CN(C(=O)c2cccc(C)c2C)CCN1C[C@@H](N)CS,CHEMBL283208
DEC_3113,decoy,CN(C)c1ncnc2c1ncn2Cc1ccc(N)cc1,CHEMBL267866
DEC_2223,decoy,Oc1cc2c(cc1O)[C@H]1c3cncc(F)c3CN[C@@H]1CC2,CHEMBL26365
DEC_0429,decoy,C#CCOc1cccc2c1-c1ccc3c(c1C(CC=C)O2)C(C)=CC(C)(C)N3,CHEMBL8360
DEC_3391,decoy,CCCc1cc(Cn2c(CC)nc3c(C)cc(C)nc32)ccc1OC(C(=O)O)c1ccccc1Cl,CHEMBL15860
DEC_3022,decoy,Nc1nc2c(cnn2CCCc2ccc(N(CCO)CCO)cc2)c2nc(-c3ccco3)nn12,CHEMBL278812
DEC_2966,decoy,CCCCCc1c(C(C)C)nc(C(C)C)c(CO)c1-c1ccccc1N,CHEMBL277627
DEC_1729,decoy,CCc1nc2c(-c3ccc(C(F)(F)F)cc3Cl)ccnc2n1C(CC)CCOC,CHEMBL23439
DEC_0894,decoy,O=C1O[C@H](c2ccccc2)[C@@](Cn2cncn2)(c2ccccc2Cl)O1,CHEMBL273259
DEC_2331,decoy,CC(C)CCn1c(Cn2c(=O)n(C(=O)NCc3ccccc3)c3ccccc32)nc2ccccc21,CHEMBL14785
DEC_1215,decoy,N/C(=C\C(=O)c1ccc(F)c(Cl)c1)C(=O)O,CHEMBL23717
DEC_0999,decoy,CO[C@@H]1[C@@H](OC(=O)c2ccc(C)[nH]2)[C@@H](O)[C@H](Oc2ccc3c(N4CCN(C)CC4)cc(=O)oc3c2C)OC1(C)C,CHEMBL36572
DEC_0167,decoy,Cc1nn(C(=O)Nc2ccc(S(=O)(=O)NC(=O)NC3CCCCC3)cc2)c(C)c1Br,CHEMBL296241
DEC_1875,decoy,Cc1c(C=O)nc(O)c2c1ccc1nc(Nc3c(Cl)cccc3Cl)n(C)c12,CHEMBL284446
DEC_0025,decoy,CC1CNc2c(cccc2S(=O)(=O)N[C@@H](Cc2nc3ccccc3s2)C(=O)N2CCC(CCO)CC2)C1,CHEMBL290025
DEC_1650,decoy,Cc1ccc(Cn2cnc3c(N(C)c4ccccc4)nc(C(F)(F)F)nc32)cc1,CHEMBL27294
DEC_1879,decoy,O=C1NCc2c1c1c3ccccc3n3c1c1c2c2ccccc2n1CS(=O)(=O)C3,CHEMBL281448
DEC_0888,decoy,O=C(OC1CN2CCC1CC2)C1=C/C(=C\c2ccccn2)c2ccccc21,CHEMBL21716
DEC_0272,decoy,CSc1ccc(Nc2nc(Cl)nc3c2ncn3Cc2ccccc2)cc1,CHEMBL29399
DEC_2662,decoy,Clc1cc(Cl)c2c(c1)[C@H]1OCC[C@H]1[C@@H](c1c[nH]c3ccc(Br)cc13)N2,CHEMBL281688
DEC_2870,decoy,COc1cc2nc(N3CCN[C@H](C(=O)NC(C)(C)C)C3)nc(N)c2cc1OC,CHEMBL19376
DEC_3412,decoy,CC(=O)CC(=O)O[C@H]1CC/C(C)=C\CC[C@]2(C)[C@@H]([C@H](C)CCCC(C)C)CC[C@H]2c2ccc(cc2C(=O)O)C1,CHEMBL402672
DEC_1362,decoy,O=C(Nc1cccc(Cl)c1)N1CCN(C(=O)c2ccc(Nc3ccnc4cc(C(F)(F)F)ccc34)cc2)CC1,CHEMBL286512
DEC_3018,decoy,CCN1CC2(CCN(CC(O)COc3ccccc3OC)CC2)OC1=O,CHEMBL26823
DEC_2837,decoy,CC(=O)OC1C(=O)N(c2cc3c4ccccc4ccc3c3ccccc23)[C@H]1c1ccccn1,CHEMBL290128
DEC_0098,decoy,CC(=O)Nc1ccc2cnccc2c1Br,CHEMBL29480
DEC_0725,decoy,N#Cc1ccc2cc1Oc1ccc3cccc(c3c1)NC(=O)[C@@H](Cc1cccs1)NCc1cncn1C2,CHEMBL52921
DEC_2654,decoy,CCCCc1nc(NCC2CCCCC2)c2sccc2n1,CHEMBL31439
DEC_3148,decoy,O=C1NC(=O)C(CC#Cc2ccc(C(F)(F)F)cc2)(S(=O)(=O)c2ccc(F)cc2)S1,CHEMBL11742
DEC_0551,decoy,CC1(C)CC(=O)c2c(SCCO)sc(-c3ccccn3)c2C1,CHEMBL17547
DEC_1637,decoy,C=CCC1Oc2ccc(OC)c(OC)c2-c2ccc3c(c21)C(C)=CC(C)(C)N3,CHEMBL274208
DEC_2871,decoy,C=C=Cn1c(=O)n(CC#Cc2cc3c(s2)-n2c(C)nnc2CN=C3c2ccccc2Cl)c2ccccc21,CHEMBL282905
DEC_1579,decoy,S=C=Nc1ccc(-c2nc(-c3ccc(Cl)cc3)no2)cc1,CHEMBL282472
DEC_2900,decoy,O=C1[C@@H]2C(c3ccccc3)OC3(C(=O)c4ccccc4C3=O)[C@@H]2C(=O)N1c1ccc(Cl)c(C(F)(F)F)c1,CHEMBL287211
DEC_2421,decoy,O=C(O)COc1ccc(-c2nsc3ccccc23)c(Cl)c1Cl,CHEMBL25468
DEC_3288,decoy,O=C(O)c1cn2c(cc(Cl)c3ccc(Br)cc32)n1,CHEMBL13440
DEC_0629,decoy,CO[C@H]1O[C@]2(C)OO[C@]13[C@H](CCO)CCC[C@@H]3CC2(C)C,CHEMBL280150
DEC_0585,decoy,[O-][n+]1ccc(CC(c2ccc(C(O)(c3ccccc3)C(F)(F)F)nc2)c2ccc(OC(F)F)c(OC(F)F)c2)cc1,CHEMBL56971
DEC_2886,decoy,C[C@@H]1CN(C(=O)N2Cc3c(C(=O)OC(C)(C)C)ncn3-c3ccc(C(F)(F)F)cc32)C[C@H](C)N1C,CHEMBL14491
DEC_3300,decoy,N#Cc1ccc(NC(=O)Nc2ccccc2Br)c(O)c1Cl,CHEMBL27446
DEC_2785,decoy,O=C(Nc1nccs1)c1c(-c2ccccc2)nc2c(C(F)(F)F)cccc2c1O,CHEMBL32663
DEC_2247,decoy,N#Cc1ccc(-c2cc(C(N)=O)c(Cl)nn2)cc1Cl,CHEMBL6429
DEC_2818,decoy,COc1c(Cl)cc(-c2nc(C(F)(F)F)cn2-c2ccc(S(C)(=O)=O)cc2)cc1Cl,CHEMBL42408
DEC_1719,decoy,O=C(O)COc1cccc2c1CCC(Cc1nc(C(c3ccccc3)c3ccccc3)co1)C2,CHEMBL266394
ACT_045,active,CC(=O)O[C@H]1CC[C@@]2(C)[C@@H](CC[C@@]3(C)C[C@@]4(O)CC[C@H]5C(C)(C)[C@@H](OC(C)=O)CC[C@]5(C)[C@H]4CC[C@@H]32)C1(C)C,CHEMBL3586199
ACT_068,active,CN(CCCOc1ccc([N+](=O)[O-])cc1)C(=O)c1cnc(CC(=O)c2cccs2)nc1,CHEMBL5187324
DEC_3185,decoy,CC12CCC3C(C[C@H](c4ccccc4)C4=CC(=O)CCC43C)C1CCC2=O,CHEMBL24580
DEC_1435,decoy,CC(C)NCC(O)COc1cc(/C=C/CO)ccc1Br,CHEMBL14535
DEC_2560,decoy,CCN(CC#CCCC1(C2(O)c3ccccc3Oc3ccccc32)SCCCS1)C(C)C,CHEMBL39787
DEC_0356,decoy,C[C@]12CC[C@]3(C1)C(CC2=O)C[C@@H](OC(=O)c1ccccc1)C1[C@](C)(CO)CCC[C@@]13C,CHEMBL428332
DEC_1444,decoy,O=C(O)c1ccccc1OCCCOc1cc2c(cc1O)CCO2,CHEMBL7926
ACT_006,active,Oc1cc(O)cc(Oc2c(O)cc(O)c3c2Oc2c(O)cc(O)cc2O3)c1,CHEMBL471187
DEC_2431,decoy,O=C1Nc2ccc(Cl)cc2C(OCc2ccccc2)(C(F)(F)F)O1,CHEMBL277578
DEC_1400,decoy,O=C(Nc1c(C(O)(C(F)(F)F)C(F)(F)F)ccc2ccccc12)c1cccc(Cl)c1Cl,CHEMBL46245
DEC_1389,decoy,Oc1cc(C(F)(F)F)c2cc3c(cc2n1)NCCC3c1cc(C(F)(F)F)cc(C(F)(F)F)c1,CHEMBL285602
DEC_0225,decoy,O=C1CCC(c2ccc(-n3cncn3)cc2)=NN1,CHEMBL31092
DEC_0469,decoy,CC1=C(N2CC2)C(=O)c2nc3n(c2C1=O)CCC[C@@H]3N,CHEMBL20069
DEC_1675,decoy,CO[C@H]1[C@@H](N(C)C(=O)c2ccccc2)C[C@@H]2O[C@@]1(C)n1c3ccccc3c3c4c(c5c6ccccc6n2c5c31)C(=O)N(Cc1ccccc1)C4,CHEMBL415233
DEC_0432,decoy,[O-][N+]1(Cc2ccccc2)CCc2ccc3sc4ccccc4c3c2C1,CHEMBL418344
DEC_2940,decoy,CCCCCCN(C(=O)c1cc2cc(O)ccc2n1C)c1ccccc1,CHEMBL274684
DEC_0628,decoy,CSc1c(Cl)nc(N2CCNCC2)nc1NC(C)C,CHEMBL28249
DEC_0948,decoy,CCCCCCCCCCCCCC[C@@H]1C(=O)O[C@@H](CO)[C@@H]1OC(C)=O,CHEMBL13221
DEC_3078,decoy,CCN(C)CC#CCCC1SCCCS1,CHEMBL290505
DEC_0153,decoy,C[C@@H]1CC2C3CCC4=Cc5c(cnn5-c5ccc(F)cc5)CC4(C)C3C(O)CC2(C)C1(O)C(=O)CO,CHEMBL14275
DEC_1272,decoy,c1ccc(CSc2[nH]ccc3ncnc2-3)cc1,CHEMBL286811
DEC_2923,decoy,Cc1cc(Nc2ccc(SCC(=O)O)cc2)c2c(ccc3c[nH]nc32)n1,CHEMBL286265
DEC_0599,decoy,O=S(=O)(Nc1ccc(CCNC[C@H](O)c2cccnc2)cc1)c1ccc(-c2nc(-c3ccc(F)c(F)c3)cs2)cc1,CHEMBL293994
DEC_0091,decoy,CN(C)c1cc2c(cc1Cl)NC1=NC(=O)CN1C2,CHEMBL31283
DEC_2046,decoy,CCOC(=O)Nc1cc2c(c(N)n1)N=C(CN(C)c1ccc(Cl)cc1)CN2,CHEMBL8934
DEC_0766,decoy,CO[C@]1(OC(=O)CCN)CC2O[C@]1(C)n1c3ccccc3c3c4c(c5c6ccccc6n2c5c31)C(=O)NC4,CHEMBL54379
DEC_0265,decoy,CCOc1nc(C(Cl)(Cl)Cl)c(Cl)c(OC(=O)COC)c1Cl,CHEMBL11668
DEC_1836,decoy,c1ccc2nc(CSc3ccc(OCCCc4nnn[nH]4)cc3)ccc2c1,CHEMBL19106
DEC_3051,decoy,COc1ccccc1N1CCN(CCCSc2nc3sc(C)c(C)c3c(=O)n2N)CC1,CHEMBL12028
DEC_2875,decoy,CC1CC2C3CCC4=CC(=O)C=CC4(C)[C@@]3(Cl)C(Cl)CC2(C)[C@@]1(OC(=O)c1ccoc1)C(=O)CO,CHEMBL10669
DEC_0180,decoy,Nc1nc(O)c2ccc(C(F)(F)F)cc2n1,CHEMBL267971
ACT_031,active,Cn1c2ccccc2c2cc[n+](-c3ccc(I)cc3)cc21,CHEMBL5282524
DEC_2614,decoy,CC(C)(C)c1cc(/C=C/c2ccncc2)cc(C(C)(C)C)c1O,CHEMBL8926
DEC_0503,decoy,O=C1c2nc3n(c2C(=O)c2c1nc1n2CCC1)CCC3,CHEMBL20080
DEC_2492,decoy,CC(C)Cc1noc2c(Cl)c3c(cc12)CC(C(=O)O)O3,CHEMBL9350
DEC_1636,decoy,Cc1ccc(Sc2cncc3sc(/C=N/OCc4ccccc4)cc23)cc1,CHEMBL6324
DEC_3256,decoy,CCN1C(=O)C(Cc2ccccc2)C(=O)N2N=CSC12,CHEMBL282126
DEC_3163,decoy,COc1cc2c(cc1OC)[C@H]1[C@H](O)c3ccc4c(c3O[C@@H]1CO2)Cc1cc(C(C)C)oc1C4,CHEMBL40658
DEC_2919,decoy,COc1cccc2c1CC[C@H]1CN(CCn3c(=O)[nH]c4c(sc5cc(C(F)(F)F)ccc54)c3=O)C[C@@H]21,CHEMBL43234
DEC_2535,decoy,CC(=O)S[C@@H]1CC2=CC(=O)CCC2(C)C2CCC3(C)C(C21)[C@@H]1C[C@@H]1[C@@]31CCC(=O)O1,CHEMBL286401
DEC_0736,decoy,CC(C)C1=CC2CC3(C=O)[C@@H]4CC[C@@H](C)[C@H]4CC2(CO[C@H]2C[C@@H]4OC(C)(C)O[C@@H]4[C@@H](C)O2)C13C(=O)O,CHEMBL280887
DEC_3303,decoy,C[C@]12CC[C@]3(C1)C(CC2=O)C[C@@H](O)C1[C@](C)(C(=O)O)CCC[C@@]13C,CHEMBL8722
DEC_2304,decoy,Cc1occc1Sc1cncc2sc(C(N)=O)cc12,CHEMBL267938
DEC_2781,decoy,CC1(C)CC(C)(C)c2cc(NC(=S)Nc3ccc([N+](=O)[O-])cc3)ccc2S1,CHEMBL7075
DEC_1023,decoy,C=CCC1Oc2ccc(Br)c(OC)c2-c2ccc3c(c21)C(C)=CC(C)(C)N3,CHEMBL8027
DEC_1720,decoy,CCN(C)CC#CCCC1(C2(O)c3ccccc3Oc3ccccc32)SCCCS1,CHEMBL287758
DEC_0454,decoy,CCOc1c(Cl)c(OC)nc(C(Cl)(Cl)Cl)c1Cl,CHEMBL269391
DEC_2867,decoy,NCCO.O=C(O)C(=O)Nc1nc(-c2ccc3c(c2)OCCO3)cs1,CHEMBL428697
DEC_0719,decoy,C=C(C)Cc1cc(C(=O)c2ccccc2)ccc1OC(=O)C(C)(C)C,CHEMBL273668
DEC_1208,decoy,O=C(O)C1CCSC(c2ncccc2O)=N1,CHEMBL30453
DEC_1520,decoy,CC(=O)OCC(=O)[C@@]1(OC(=O)c2cccn2C)C(C)CC2C3CCC4=CC(=O)C=CC4(C)[C@@]3(Cl)C(Cl)CC21C,CHEMBL10889
DEC_3226,decoy,O=S(=O)(CC#CCCCCC#CCO)c1ccccc1,CHEMBL12482
DEC_1692,decoy,Cc1cc(C)cc(C(=O)N2CC[C@H](NCc3ccnc4ccccc34)C[C@H]2Cc2cc(Br)cc(Br)c2)c1,CHEMBL102887
DEC_2816,decoy,O=c1n(-c2ccccc2)nc2c(NCC(c3ccccc3)c3ccccc3)nc3ccccc3n12,CHEMBL16010
DEC_2598,decoy,CN(C)C1CCC(Nc2nc(Nc3cccc(Br)c3)c3ccccc3n2)CC1,CHEMBL284457
DEC_1380,decoy,CC1(C)CC[C@]2(C(=O)O)CC[C@]3(C)C(CC=C4[C@@]5(C)C=CC(=O)C(C)(C)[C@@H]5CC[C@]43C)C2C1,CHEMBL416274
DEC_2631,decoy,CCC(C)c1ccc(Oc2ccc(C)cc2CC(=O)O)c(Cl)c1,CHEMBL27482
DEC_2487,decoy,N[C@@H](Cc1ccccc1)C1=Cc2ccccc2C2=NCCCN12,CHEMBL10138
DEC_2035,decoy,COc1cnc(C[S+]([O-])c2nc3cc4c(cc3[nH]2)OC(F)(F)O4)c(C)c1OC,CHEMBL9658
DEC_2438,decoy,CC(C)(C)c1ccc(Sc2ccc(NC3=NCCN3)cc2)cc1,CHEMBL9558
DEC_0188,decoy,S=C(Nc1ccccc1)Nc1ccccc1,CHEMBL275260
DEC_1327,decoy,CCCNC(=O)[C@]12CCC(C)(C)CC1C1C(=O)C=C3[C@@]4(C)C=C(C#N)C(=O)C(C)(C)[C@@H]4CC[C@@]3(C)[C@]1(C)CC2,CHEMBL268391
DEC_1622,decoy,C#CCOc1ccc2c(c1OC)-c1ccc3c(c1C(CC=C)O2)C(C)=CC(C)(C)N3,CHEMBL266488
DEC_1306,decoy,ClCC12NC(Cc3ccccc31)c1ccccc12,CHEMBL10736
DEC_1511,decoy,CCOC(=O)N[C@@H](c1ccncc1)[C@@H](O)C(=O)OC1CC2C(C)(C)C1(C)[C@@]13C[C@H](C)c4ccccc4[C@@]21O3,CHEMBL30890
DEC_0611,decoy,Cc1ccc(S(=O)(=O)NC[C@@H]2C3CC(c4ccc(-c5ccccc5)cc4)(CO3)[C@H]2C/C=C\CCCC(=O)O)cc1,CHEMBL274818
DEC_3389,decoy,COc1ccc(-c2nc(SCCCCCSc3nc4ccccc4[nH]3)[nH]c2-c2ccc(OC)cc2)cc1,CHEMBL53613
ACT_044,active,S=C1/C(=C/c2ccccc2)Oc2ccccc21,CHEMBL3957099
DEC_0844,decoy,COc1ccc(/C=C/Cc2cc3c(cc2OC)OCO3)cc1,CHEMBL10559
DEC_2215,decoy,Nc1nc(Cl)c2nnn([C@H]3CCC[C@H]3CO)c2n1,CHEMBL284668
DEC_1962,decoy,CCc1c(Sc2cc(Cl)cc(Cl)c2)n(COCCO)c(=S)[nH]c1=O,CHEMBL17070
DEC_3110,decoy,CC1SCC(NC(=O)N(CCCl)N=O)CS1,CHEMBL266629
DEC_0636,decoy,O=S(=O)(OCCCl)c1c(F)c(F)c(F)c(F)c1F,CHEMBL17537
DEC_1365,decoy,Cc1nc(O)c2c(cc(-c3ccc(F)nc3F)c3nc(Nc4c(Cl)cccc4Cl)n(C)c32)c1C,CHEMBL26625
DEC_1641,decoy,COc1ccc(-c2nc(SC(F)(F)F)[nH]c2-c2ccc(OC)cc2)cc1,CHEMBL18483
DEC_1424,decoy,CC(=O)NC(CC(C)C)C(=O)N[C@@H](Cc1ccccc1)C(O)=C(C#N)C#N,CHEMBL17122
DEC_0702,decoy,O=c1oc(Nc2ccccc2Cl)nc2cc(Cl)c(Cl)cc12,CHEMBL274137
DEC_0388,decoy,Nc1nc(=O)n(C2OC(CO)C(I)C2O)cc1F,CHEMBL417794
DEC_1519,decoy,CC1(C)CC[C@]2(C(=O)N3CCOCC3)CC[C@]3(C)C(C(=O)C=C4[C@@]5(C)C=C(C#N)C(=O)C(C)(C)[C@@H]5CC[C@]43C)C2C1,CHEMBL7799
DEC_0627,decoy,CC(C)CN1C2=NCCN2C(=O)c2[nH]c(C(C)C)nc21,CHEMBL18844
DEC_2322,decoy,C=CCN1C[C@H](OCC23C[C@@H]4[C@H](C)CC[C@H]4C4(C=O)CC2C=C(C(C)C)[C@@]34C(=O)O)OC[C@H]1C,CHEMBL287434
DEC_0500,decoy,O=C(Nc1cn(-c2ccccc2)cn1)n1ccccc1=O,CHEMBL285465
ACT_096,active,C=C1c2c(Cl)cccc2N=C2CCCCCN12,CHEMBL1161716
DEC_1613,decoy,c1ccc(-c2nc(-c3ccco3)[nH]c2-c2ccccc2)cc1,CHEMBL284153
DEC_2772,decoy,Cc1cc2c(cc1C(F)(F)F)N(C(=O)Nc1ccc(Oc3cccnc3C)nc1)CC2,CHEMBL14460
DEC_1329,decoy,CCCCOC(=O)[C@]12CCC(C)(C)CC1C1C(=O)C=C3[C@@]4(C)C=C(C#N)C(=O)C(C)(C)[C@@H]4CC[C@@]3(C)[C@]1(C)CC2,CHEMBL8183
DEC_0132,decoy,CCCCc1cc(CCCCCOc2ccc(C3=NCCO3)cc2)on1,CHEMBL25238
DEC_1005,decoy,Cc1sc2nc(C(C)C)c(/C=C/[C@@H](O)C[C@@H](O)CC(=O)[O-])c(-c3ccc(F)cc3)c2c1-c1ccccc1.[Na+],CHEMBL24062
DEC_0479,decoy,CN1C(=O)C(C)(C)c2cc(C3=NNC(=O)CC3)ccc21,CHEMBL417501
DEC_1984,decoy,Br.Br.N=c1ccn(CCCCn2ccc(=N)cc2)cc1,CHEMBL35210
DEC_0891,decoy,CN1Cc2c(C(=O)OC(C)(C)C)ncn2-c2ccc(N=[N+]=[N-])cc2C1=O,CHEMBL6421
DEC_1353,decoy,Cc1coc2c(O)cc3c(c12)[C@H](CCl)CN3C(=O)c1cc2cc(NC(=O)c3cc4ccccc4o3)ccc2s1,CHEMBL80312
DEC_2488,decoy,CC(/C=C/C(O)=C1\C(=O)CN(C)C1=O)=C\C(C)C1CCCCC1,CHEMBL10882
DEC_3237,decoy,O=C(c1ccccc1)C(O)(Cn1cnnc1)c1ccccc1,CHEMBL268045
DEC_0910,decoy,Nc1ccc(S(=O)(=O)c2cc(Br)nc(N3CCCC3)c2)cc1,CHEMBL23038
DEC_1811,decoy,c1ccc2nc(COc3ccc(SCCCc4nnn[nH]4)cc3)ccc2c1,CHEMBL18265
DEC_1999,decoy,CNC(=O)/C=C(\c1ccccc1)c1ccc2nc(N)c(C(=O)c3ccccc3)n2c1,CHEMBL31770
DEC_2077,decoy,CN1CCN(c2ncc(-c3cc(Cl)cc(Cl)c3Cl)c(N)n2)CC1,CHEMBL28854
DEC_0097,decoy,CS1(=O)=Nc2nc(C(=O)O)cn2-c2ccccc21,CHEMBL13520
DEC_1408,decoy,Cc1c(C(=O)N(C)C2CCCCC2)nn(-c2ccc(Cl)cc2Cl)c1-c1ccc(Cl)cc1,CHEMBL15478
DEC_1336,decoy,COC(=O)[C@]12CCC(C)(C)CC1C1=CC[C@@H]3[C@@]4(C)C=C(Br)C(=O)C(C)(C)[C@@H]4CC[C@@]3(C)[C@]1(C)CC2,CHEMBL55538
DEC_0546,decoy,CC(=O)OC(C(C)=O)[C@@]12CCC[C@H]1[C@@H]1CCC3=CC(=O)CC[C@@H]3[C@H]1CC2,CHEMBL273571
ACT_099,active,COc1cc2ncnc(N3CCN(c4ccc(Br)cc4)CC3)c2cc1OC,CHEMBL5542098
DEC_1553,decoy,NS(=O)(=O)c1ccccc1-c1ccc(NC(=O)c2cc(C(F)(F)F)nn2-c2cc3ccccc3cc2F)cc1,CHEMBL44277
DEC_1153,decoy,Cc1cc(C)cc(-c2[nH]c3ccc(C4(C(=O)N5C6CCC5CC6)CCC4)cc3c2CCNCCCCc2ccncc2)c1,CHEMBL295897
DEC_1137,decoy,CCCc1nc(CN(Cc2ccccc2)C(=O)OCC(C)C)c(C(=O)O)n1Cc1ccc(-c2ccccc2-c2nn[nH]n2)cc1,CHEMBL273992
DEC_3036,decoy,COC(=O)CNP(=O)(CO[C@H](C)Cn1cnc2c(N)ncnc21)Oc1ccccc1,CHEMBL275687
DEC_2496,decoy,O=C(OCc1ccccc1)c1cn2c(n1)sc1ccccc12,CHEMBL279517
DEC_1489,decoy,CC(=O)[C@@H]1Cc2c(c(O)cc3c(=O)c4ccccc4oc23)[C@@H](OC2C[C@@H](NC(=O)C(F)(F)F)[C@@H](O)C(C)O2)C1,CHEMBL307619
DEC_0631,decoy,CSc1c(N)nc(N2CCN(C)CC2)nc1Cl,CHEMBL28482
DEC_3397,decoy,O=C(O)CCc1ccccc1CC1C2CCC(O2)C1c1nc(/C(S)=N/CCCCC2CCCCC2)co1,CHEMBL416395
DEC_1192,decoy,Cc1ccc(N2C(N)=NC(N)=NC2(C)C)cc1,CHEMBL7004
ACT_018,active,[O-]c1cc2c3c(c1)c1cc4c(cc1c[n+]3CC2)OCO4,CHEMBL479291
ACT_013,active,CO[P@]1(=O)OC[C@H]2COC(=O)C2=C(C)O1,CHEMBL603622
DEC_2968,decoy,Cc1cc(Oc2ccc(Cl)cc2CC(=O)O)c(Cl)c(C)c1Cl,CHEMBL287665
DEC_0465,decoy,C=C[C@@]12COC(=O)C(=C)[C@@H]1[C@H]1OC(=O)C(=C)[C@@H]1[C@@H](O)C2,CHEMBL290210
DEC_3394,decoy,CN(C)C(=O)CCSC(SCCC(=O)O)c1cccc(/C=C/c2ccc3ccc(Cl)cc3n2)c1,CHEMBL15177
DEC_2430,decoy,CCOC(=O)c1c(-c2ccccc2)[nH]c2cc(OC)c(-c3cnco3)cc12,CHEMBL281415
DEC_2869,decoy,OC[C@@]12C[C@@H]1[C@@H](n1cnc3c(NC4CCCC4)nc(Cl)nc31)[C@H](O)[C@@H]2O,CHEMBL284216
DEC_0400,decoy,CC1(C)[C@H](C(=O)O)N2C(=O)[C@@H](Cc3cn(-c4ccc(N)cc4)nn3)[C@H]2S1(=O)=O,CHEMBL267863
DEC_2548,decoy,O=S(=O)(c1nc(-c2cccc(Cl)c2)c(-c2cccc(Cl)c2)[nH]1)C(F)(F)C(F)F,CHEMBL276773
DEC_0784,decoy,C/C=C(\NC(=O)/C=C/c1ccccc1)C(=O)O,CHEMBL269648
DEC_1037,decoy,CCn1c(Nc2c(Cl)cccc2Cl)nc2ccc3c(C)c(C)nc(O)c3c21,CHEMBL418205
DEC_1798,decoy,CCC(C)(C)/N=c1\c(O)c(O)\c1=N/Cc1c(C)cc(Br)cc1C,CHEMBL19620
DEC_3475,decoy,CN1CCN=C1c1ccc(NC(=O)c2nnnn2-c2cc3ccccc3cc2F)c(F)c1,CHEMBL20673
DEC_3102,decoy,CC(C)OC1(C2=NCCN2)COc2ccccc2O1,CHEMBL429048
ACT_010,active,NC1=C2CCCCC2=NC2CCCCC12,CHEMBL1161674
DEC_1812,decoy,c1ccc(OCc2ccc3ccccc3n2)c(OCCCc2nnn[nH]2)c1,CHEMBL18450
ACT_070,active,CN1CC[C@@]23C=C[C@H](O)C[C@@H]2Oc2c(O)ccc(c23)C1,CHEMBL1524
DEC_0137,decoy,COc1ccc(CCCCNCCOc2c(F)ccc3c2OCCC3)cc1,CHEMBL22328
DEC_0041,decoy,C[C@H]1[C@@H](OC(=O)N[C@@H](Cc2ccccc2)[C@H](O)CN2C[C@H]3CCC[C@H]3C[C@H]2C(=O)NC(C)(C)C)CCS1(=O)=O,CHEMBL276077
DEC_3407,decoy,CC(C)(C)Sc1c(CC(C)(C)C(=O)O)n(Cc2ccc(Cl)cc2)c2ccc(OCc3cnccn3)cc12,CHEMBL79383
DEC_3218,decoy,CN1Cc2sc(C(C)(C)C)cc2C(c2ccc(Br)cc2)C1,CHEMBL15633
DEC_2648,decoy,CC1=C(/C=C/C(C)=C/C=C/C(C)=C/C(=O)O)C(C)(C)CCC1,CHEMBL38
DEC_3212,decoy,C=CCC1Cc2c(c3ccccc3c3nc4ccccc4nc23)OC1(C)C,CHEMBL15321
DEC_2942,decoy,CCCCCC(O)c1cccc(OCc2ccc3ccccc3n2)c1,CHEMBL8747
DEC_1315,decoy,c1ccc([C@@]23CCCN2CCc2ccccc23)cc1,CHEMBL33257
DEC_2240,decoy,Cc1cc(Cc2cnc(N)nc2N)cc(C(C)(C)C)c1O,CHEMBL23384
DEC_0990,decoy,COc1ccc(/C(CN2CCN(c3cc4c(cc3F)c(=O)c(C(=O)O)cn4-c3ccc(N)cc3F)CC2)=N/O)cc1,CHEMBL76152
DEC_0657,decoy,CC(C)CCc1nc2c([nH]1)N1C(=N[C@@H]3CCC[C@@H]31)N(C)C2=O,CHEMBL18744
DEC_2048,decoy,CC1(C)Oc2ccc(C#N)cc2[C@H](N(Cc2ncc[nH]2)c2ccc(Cl)cc2)[C@H]1O,CHEMBL11594
DEC_2151,decoy,COC(=O)C(C)(C)CCCOc1ccc(OCCCC(C)(C)C(=O)OC)c(C#N)c1C#N,CHEMBL268457
DEC_0701,decoy,CCOc1ccc(-n2c(C)c3c(C)nnc(C4CCCCC4)c3c2C)cc1,CHEMBL25287
DEC_2912,decoy,N#Cc1ccc2cc1Oc1ccc3cccc(c3c1)NC(=O)CN(Cc1ccccc1)Cc1cncn1C2,CHEMBL298392
DEC_2589,decoy,Cc1cc(SC2=C(O)OC(C)(CCc3ccc(O)cc3)CC2=O)c(C(C)(C)C)cc1N,CHEMBL37755
DEC_1754,decoy,Cn1cncc1CN(C(=O)c1ccccc1)c1ccc(C#N)c(-c2cccc3ccccc23)c1,CHEMBL28588
DEC_1560,decoy,Cc1occc1C(=O)Nc1ccc(C(=O)N2CCC(F)(F)/C(=C/C(=O)N3CCC(N(C)C)CC3)c3ccccc32)cc1,CHEMBL310921
DEC_0403,decoy,COC(=O)[C@@H]1CCN(S(=O)(=O)c2ccc(OC)cc2)[C@@H](C(=O)NO)C1,CHEMBL31928
DEC_0967,decoy,CC1(C)C2CC[C@@]1(CS(=O)(=O)N1CCC3(CCc4ccccc43)CC1)[C@@H](N1C(=O)CC(NCCN)C1=O)C2,CHEMBL429971
DEC_0818,decoy,CCCC/N=C(/C)Nc1nnc(-c2ccccc2C)s1,CHEMBL12101
DEC_2246,decoy,CCc1nc2n(c(=O)c1C(=O)O)C(C)CC/C2=N\O,CHEMBL34011
DEC_2301,decoy,O=C1c2sc3nccn3c2C(=O)c2c(Cl)ccc(O)c21,CHEMBL11354
DEC_0464,decoy,c1coc(-c2ncnc3c2ncn3C2CCOCC2)c1,CHEMBL28655
DEC_1324,decoy,CC1(C)CC[C@]2(C(=O)Nc3ccccc3)CC[C@]3(C)C(C(=O)C=C4[C@@]5(C)C=C(C#N)C(=O)C(C)(C)[C@@H]5CC[C@]43C)C2C1,CHEMBL7798
DEC_1307,decoy,CCC12NC(Cc3ccccc31)c1ccccc12,CHEMBL269213
DEC_3183,decoy,Nc1nc(O)c2cc(Sc3ccc(Cl)c(Cl)c3)ccc2n1,CHEMBL6815
DEC_0740,decoy,Cc1nc(O)c2c(ccc3nc(Nc4c(Cl)cccc4Cl)n(C)c32)c1CCN1CCOCC1,CHEMBL27532
DEC_1264,decoy,CN(C)S(=O)(=O)c1cc2c(N=O)c(O)[nH]c2c2c1CCCC2,CHEMBL10103
DEC_0908,decoy,O=C1NC(=O)C(CC#Cc2ccccc2)(S(=O)(=O)c2ccc(F)cc2)S1,CHEMBL12244
DEC_2991,decoy,CC(C)CSCC1CC(n2cnc3c(N)nccc32)C(O)C1O,CHEMBL13607
DEC_1888,decoy,O=C1NC(=O)c2c1c1c3ccccc3cnc1c1c2c2ccccc2n1CCCO,CHEMBL279226
DEC_3086,decoy,CC(/C=C/C(O)=C1\C(=O)CN(C)C1=O)=C\C(C)C,CHEMBL274790
DEC_0328,decoy,CC1(C)OC(S)=Nc2ccc(-c3cc(Br)cc(OC(F)(F)F)c3)cc21,CHEMBL26763
DEC_3061,decoy,Cc1cnc(NCC2(c3ccc(Cl)cc3)CCC2)c(=O)n1CC(=O)NCc1cnc(N)cn1,CHEMBL19689
DEC_0499,decoy,CCCc1nc2c([nH]1)N1C(=N[C@@H]3CCC[C@@H]31)N(C)C2=O,CHEMBL275204
DEC_3438,decoy,CSc1c2c(nc(N)n3nc(-c4ccco4)nc23)nn1CCCc1ccccc1,CHEMBL20445
DEC_3150,decoy,N#Cc1cc2cc(OCc3cccc(C4(O)CC5COC(C4)O5)n3)ccc2c(-c2ccoc2)n1,CHEMBL417464
DEC_3229,decoy,CN1C2CC[C@@H]1C[C@H](OC(=O)c1ccccc1)C2C(=O)O,CHEMBL284394
DEC_2377,decoy,CCC[C@H]1CC2C(CCC3(C)C(=O)CCC23)C2(C)C=CC(=O)C=C12,CHEMBL8333
DEC_1551,decoy,CC1Cc2ccc(Cl)c(Cl)c2CN1S(=O)(=O)NS(=O)(=O)N1Cc2c(ccc(Cl)c2Cl)CC1C,CHEMBL283306
DEC_1132,decoy,CCCCc1nc2c(C)c(N(CCCC)C(=O)c3ccccc3)cnc2n1Cc1ccc(-c2ccccc2-c2nn[nH]n2)cc1,CHEMBL307757
DEC_2370,decoy,FC(F)(F)Sc1nc(-c2ccccc2)c(-c2ccccc2)[nH]1,CHEMBL18623
DEC_3189,decoy,Sc1nc(S)c2cc(Sc3ccc4ccccc4c3)ccc2n1,CHEMBL7316
DEC_0221,decoy,CC(=O)Nc1noc(C2CN3CCC2CC3)n1,CHEMBL276338
DEC_0633,decoy,CC(C)CCc1nc2c([nH]1)N1C[C@@H](C(C)C)N=C1N(C)C2=O,CHEMBL19157
DEC_2237,decoy,Nc1nc(N)c2c(n1)CCC(Cc1ccsc1)C2,CHEMBL7586
DEC_2564,decoy,Cl.O=C([C@H]1CCCN1)N1CCCC1P(=O)(Oc1ccccc1)Oc1ccccc1,CHEMBL273851
DEC_0381,decoy,CCN(CC)S(=O)(=O)c1c(C)cc(-n2ncc(=O)[nH]c2=O)cc1Cl,CHEMBL11647
DEC_2826,decoy,COc1ccc2c(c1)c(Cc1nc(C(C)C)cs1)c(C)n2C(=O)c1ccc(Cl)cc1,CHEMBL424592
DEC_0598,decoy,CCCCc1nc2ccc([C@@H]3C[C@H]4CCC(C)(C)N4O3)cc2c(=O)n1Cc1ccc(-c2ccccc2-c2nn[nH]n2)cc1,CHEMBL44798
DEC_2428,decoy,O[C@H]1[C@H](N2CCC(c3ccccc3)CC2)CCC[C@H]1c1ccccc1,CHEMBL20593
DEC_0886,decoy,CCN(CC)S(=O)(=O)c1ccc2c(c1)C(n1ccccc1=O)=CC(C)(C)O2,CHEMBL275252
DEC_2811,decoy,Cc1nnc2n1-c1sc(C#CCn3ncc4ccccc43)cc1C(c1ccccc1Cl)=NC2,CHEMBL283162
DEC_3294,decoy,O=C1COC(C#CC2CC2)(C(F)(F)F)c2cc(Cl)ccc2N1,CHEMBL32290
DEC_2884,decoy,COC(=O)[C@]12CCC(C)(C)CC1C1C(=O)C=C3[C@@]4(C)C=C(C(=O)O)C(=O)C(C)(C)[C@@H]4CC[C@@]3(C)[C@]1(C)CC2,CHEMBL8252
DEC_0268,decoy,O=S(=O)(CCC(F)(F)F)c1nc(-c2ccccc2)c(-c2ccccc2)[nH]1,CHEMBL17650
DEC_0565,decoy,C=C(CC[C@]12O[C@H](CO)[C@@](O)(C(=O)O)[C@](C(=O)O)(O1)[C@H](O)[C@H]2O)[C@@H](OC(C)=O)[C@H](C)Cc1ccccc1,CHEMBL282341
DEC_1396,decoy,CC1(C)CC[C@]2(C(=O)O)CC[C@]3(C)C(=C2C1)C=C[C@@H]1[C@@]2(C)C=CC(=O)C(C)(C)[C@@H]2CC[C@]13C,CHEMBL290070
DEC_3142,decoy,COc1cc2c(cc1OC)[C@@H]1C(=O)c3ccc4c(c3O[C@@H]1CO2)Cc1cc(C(C)C)oc1C4,CHEMBL297635
DEC_2019,decoy,CCc1nc2c(C)cc(C)nc2n1Cc1ccc(-c2ccccc2-c2nn[nH]n2)s1,CHEMBL280075
DEC_1690,decoy,Cc1oc2cc3sc4ccccc4c3c(-c3cc(I)c(O[C@H](C)C(=O)O)c(I)c3)c2c1C,CHEMBL290295
DEC_2419,decoy,Oc1nc2cc(Cl)ccc2c(O)c1-c1cccc(Oc2ccsc2)c1,CHEMBL32076
DEC_0466,decoy,Cc1nc2c(n1C)C(=O)N1CCN=C1N2CC(C)C,CHEMBL19052
DEC_2626,decoy,Cc1cc(Nc2ccc(Cl)cc2)c2c(ccc3c[nH]nc32)n1,CHEMBL280599
DEC_2896,decoy,COc1cc(Br)c(-n2c(C)nc3c(-c4ccccc4C(F)(F)F)nc(C)nc32)c(OC)c1,CHEMBL10142
DEC_0110,decoy,c1ccc2nc(COCc3ccc(OCCCc4nnn[nH]4)cc3)ccc2c1,CHEMBL18273
DEC_1865,decoy,Cn1cc(C(=O)O)c(=O)c2c3cc(N4C[C@@]5(C)C[C@@H]4CC(C)(C)C5)c(F)cc3ncc21,CHEMBL28286
DEC_3431,decoy,COC1(c2csc(Sc3ccc4c(c3)OCC/C4=N\OCC#N)c2)CCOCC1,CHEMBL27285
DEC_2414,decoy,COc1ccc(-c2nc(SC(C)C)[nH]c2-c2ccc(OC)cc2)cc1,CHEMBL18205
DEC_1927,decoy,C[C@@H]1C[C@@H]2c3cccc4[nH]cc(c34)C[C@H]2N(C)C1,CHEMBL13866
DEC_0095,decoy,Cc1cn(-c2cc(C)c3nc(O)ccc3c2)c(C#N)n1,CHEMBL38612
DEC_1855,decoy,CCCS(=O)(=O)c1nc(-c2ccc(OC)cc2)c(-c2ccc(OC)cc2)[nH]1,CHEMBL18655
DEC_1907,decoy,Cc1nnc(NC(=O)c2cc(Br)cc(Br)c2O)s1,CHEMBL21934
DEC_1983,decoy,CCNCC1CCN(c2c(F)cc3c(=O)c(C(=O)O)cn(C4CC4C)c3c2F)C1,CHEMBL6282
DEC_0241,decoy,CN1CC(C)(C2=NCCN2)Oc2ccccc21,CHEMBL13938
DEC_2924,decoy,[O-][S+](CC(F)(F)F)c1nc(-c2ccccc2)c(-c2ccccc2)[nH]1,CHEMBL279769
DEC_3085,decoy,CCCOC1(C2=NCCN2)COc2ccccc2O1,CHEMBL10049
DEC_1332,decoy,CC1(C)OC(=O)c2cc(C(=CCCBr)c3cc(Cl)c4c(c3)C(=O)OC(C)(C)O4)cc(Cl)c2O1,CHEMBL63505
DEC_0805,decoy,CCCc1cccc2nc(C(=O)O)cc(O)c12,CHEMBL22404
DEC_0667,decoy,CCNc1c2c(nc(N)n3nc(-c4ccco4)nc23)nn1C,CHEMBL20888
DEC_3260,decoy,CCC[C@]1(c2ccccc2)OC[C@H]([C@@H]2CCCCN2)O1,CHEMBL284666
DEC_3321,decoy,C[Si](C)(C)OC1(C#N)CCCCCCCCCC1,CHEMBL18921
DEC_1433,decoy,CCCc1c(Sc2ccccc2)n(COCCO)c(=S)[nH]c1=O,CHEMBL417448
ACT_041,active,COc1ccc2c3c([nH]c2c1N)C(C)NCC3,CHEMBL5288400
DEC_3324,decoy,CCCN1C[C@H](C)C=C2c3cccc4c3[C@@H](CN4)C[C@H]21,CHEMBL291030
DEC_0520,decoy,C/C=C/CN(C1=NCCN1)c1c(Br)cccc1Br,CHEMBL20588
DEC_0745,decoy,COC(=O)N[C@@H](c1ccsc1)[C@@H](O)C(=O)OC1CC2C(C)(C)C1(C)[C@@]13CC(C)c4ccccc4[C@@]21O3,CHEMBL430529
DEC_1644,decoy,CC12CCC3C(C(CCc4ccccc4)=CC4=CC(=O)CCC43C)C1CCC2=O,CHEMBL269590
DEC_1834,decoy,CC(c1ccccc1)C(CSC(=O)c1ccccc1)C(=O)N[C@@H](C)C(=O)O,CHEMBL11412
ACT_053,active,CCC(CC)n1cc(C(=O)CF)cn1,CHEMBL3623565
DEC_3130,decoy,Cc1nnc2n1-c1sc(/C=C/C(=O)N3CCOCC3)cc1C(c1ccccc1Cl)=NC2,CHEMBL285067
DEC_0449,decoy,C=CCC1Oc2cccc(OC)c2-c2ccc3c(c21)C(C)=CC(C)(C)N3,CHEMBL266282
ACT_095,active,NC12CC(C(F)(F)F)=CC(Cc3nc(O)ccc31)/C2=C\C(F)(F)F,CHEMBL59109
DEC_3429,decoy,C[S+]([O-])c1ccc(-c2nc3n(c2-c2ccc([S+](C)[O-])cc2)CC[S+]3[O-])cc1,CHEMBL17343
DEC_1474,decoy,CC(C)(C)c1csc(NC(=O)c2ccn3c(=O)c(/C=C/C(=O)O)c(N4CCC[C@@H](OC(N)=O)C4)nc3c2)n1,CHEMBL417059
DEC_1731,decoy,CCCC(C)n1c(CC)nc2c(-c3ccc(OC(F)(F)F)cc3Cl)nccc21,CHEMBL26610
DEC_0563,decoy,Nc1nc(N)c2nc(CN(CCCC(=O)O)c3ccc(C(=O)NC(CCC(=O)O)C(=O)O)cc3)cnc2n1,CHEMBL35364
DEC_0239,decoy,CC1=C(N2CC2)C(=O)c2nc3n(c2C1=O)CCC3,CHEMBL17542
DEC_3008,decoy,CC1CCC(/C=N/c2ccc(CC(=O)O)cc2)=C2NC=C(C(=O)O)C(=O)N21,CHEMBL21364
DEC_1672,decoy,C=C(C)[C@H]1C(=O)c2c3c(cc4c5c(n1c24)[C@@]1(C)C(CC[C@H]2[C@](C)(C/C=C/C(C)=O)[C@@H](O)CC[C@@]21C)C5)C1=CC(C)(C)OC(C)(C)C1[C@@H]3O,CHEMBL37578
DEC_3215,decoy,Fc1ccc2c(c1)[C@H]1OCC[C@H]1[C@@H](c1c[nH]c3ccc(Br)cc13)N2,CHEMBL283831
DEC_1597,decoy,OC(c1ccc(F)cc1)(c1ccc(Cl)cc1)c1cncnc1,CHEMBL282325
DEC_1348,decoy,Cc1c(Cc2nc(-c3ccc(Cl)cc3)cs2)c2cc(F)ccc2n1C(=O)c1ccc(Br)cc1,CHEMBL280741
DEC_1205,decoy,O=C1NC(=O)C2(CCCCCc3ccccc32)N1,CHEMBL290090
DEC_1052,decoy,CC1(C)Nc2ccc3c(c2C(C)(C)C1=O)C(c1ccc(Cl)cc1)Oc1ccccc1-3,CHEMBL34589
DEC_1986,decoy,CC(C)CC(C(=O)CS)C(=O)N[C@H](C(=O)Nc1ccccn1)C(C)(C)C,CHEMBL16087
DEC_0323,decoy,[N-]=[N+]=Nc1ccc(-c2nc(-c3ccncc3)c(-c3cccc(I)c3)[nH]2)cc1,CHEMBL17204
DEC_0476,decoy,Oc1ccccc1-c1noc(C2CN3CCC2CC3)n1,CHEMBL284315
DEC_2318,decoy,CC(C)C1=CC2CC3(C=O)[C@@H]4CC[C@@H](C)[C@H]4CC2(CO[C@H]2CN(C/C=C\Cl)[C@H](C)CO2)[C@]13C(=O)O,CHEMBL34686
DEC_2878,decoy,Cc1nnc2n1-c1sc(C#CCn3ccc4ccccc4c3=O)cc1C(c1ccccc1Cl)=NC2,CHEMBL282883
DEC_3250,decoy,CSc1cc2n(c1C(=O)c1ccc(C)cc1)CCC2C(=O)O,CHEMBL279079
DEC_0625,decoy,CC1(C)OB(C(CCCCl)P(=O)(O)O)OC1(C)C,CHEMBL279438
DEC_1848,decoy,N#C/C(=C\c1ccccc1OCCN1CCOCC1)c1noc2ccc(O)cc12,CHEMBL279976
DEC_1914,decoy,c1ccc2c(c1)CCC1C2N=C2SCCN21,CHEMBL29337
DEC_1452,decoy,CC(CS)C(=O)N(CC(=O)O)c1ccc(Oc2ccccc2)cc1,CHEMBL23251
DEC_1282,decoy,C/C(Br)=C1/CCC(C(C)C)C(=O)O1,CHEMBL29485
DEC_3381,decoy,CCOc1cc(CCc2nc(C)c(CC)s2)nc(NCc2cc(Cl)cc(NC(=O)OC(C)C)c2)c1,CHEMBL48947
DEC_2249,decoy,CNC1=NC(=O)[C@](C)([C@@H](C)c2c[nH]c3ccccc23)O1,CHEMBL28988
DEC_1748,decoy,FC(F)C(F)(F)Sc1nc(-c2ccc(Cl)cc2)c(-c2ccc(Cl)cc2)[nH]1,CHEMBL17842
DEC_0682,decoy,CSc1nnc(-c2cc(C(C)(C)C)c(O)c(C(C)(C)C)c2)s1,CHEMBL12532
DEC_3466,decoy,COc1cc2c(c(OC)c1OC)-c1ccc(SC)c(=O)cc1C(NC(C)=O)CC2,CHEMBL273938
DEC_0779,decoy,C=C(Cc1ccccc1)C(=O)c1ccsc1,CHEMBL36137
DEC_0327,decoy,CNc1cc(NC(=O)OC)ccc1NC1=C2C=CCC(C)(C)C2=NC2C1=CC=CC2(C)C,CHEMBL41259
DEC_2071,decoy,C=CC(=O)Nc1ccc2ncc(C#N)c(Nc3cccc(Br)c3)c2c1,CHEMBL281300
DEC_2619,decoy,Oc1ccc(/C(=C(/c2ccccc2)C(F)(F)F)C(F)(F)F)cc1,CHEMBL6456
DEC_0438,decoy,CC(C)(C)Nc1nc(C(F)(F)F)nc2ccc(-c3ccsc3)cc12,CHEMBL274456
DEC_1047,decoy,C[C@@H]1C(=O)C(C)(C)Nc2ccc3c(c21)[C@H](c1ccc(Cl)cc1)Oc1ccccc1-3,CHEMBL35429
DEC_2661,decoy,C[C@H](CCCC(C)(C)N)C1CC[C@@]2(C)C3=C(CC[C@]12C)[C@@]1(C)CC[C@H](O)C(C)(C)C1CC3,CHEMBL289757
DEC_3242,decoy,BrCCN(CCBr)c1ccccc1,CHEMBL19482
DEC_0788,decoy,CCCN1c2ccccc2CC1C1=NCCN1,CHEMBL38788
ACT_049,active,CN(CCOCCNC(=S)NC1CCCCC1)Cc1ccccc1,CHEMBL99605
DEC_3411,decoy,CSc1cc(C)nc(SC)c1NC(=O)N(Cc1ccc(N(C)C)cc1)Cc1cccc(-c2cc[nH]n2)c1,CHEMBL312422
DEC_0470,decoy,c1ccc2c(c1)OCC(C1=NCCN1)(C1CCCC1)O2,CHEMBL274344
DEC_0338,decoy,O=C(Nc1nccs1)c1c(C(F)(F)C(F)(F)F)nc2c(C(F)(F)F)cccc2c1O,CHEMBL286824
DEC_1844,decoy,O=C(O)CC/C=C\C[C@H]1[C@H](F)CC[C@@H]1NS(=O)(=O)c1ccc(Cl)cc1,CHEMBL278100
DEC_2209,decoy,Oc1[nH]c(Br)nc2nnc(Br)c1-2,CHEMBL7426
DEC_1301,decoy,Cc1cc2c(s1)CN(C)CC2c1ccccc1,CHEMBL275879
DEC_1398,decoy,Cc1nnc2n1-c1sc(C#Cc3ccc(CC(C)C)cc3)cc1C(c1ccccc1Cl)=NC2,CHEMBL33139
DEC_1381,decoy,O=C(Nc1c(C(O)(C(F)(F)F)C(F)(F)F)ccc2ccccc12)c1ccc(Br)cc1,CHEMBL298866
DEC_1439,decoy,CC(C)N(CCC(C(N)=O)(c1ccccc1)c1ccccn1)C(C)C,CHEMBL517
DEC_2788,decoy,COc1cc([C@@H]2c3[nH]c4cc5ccccc5cc4c3C[C@H]3COC(=O)N32)cc(OC)c1O,CHEMBL10775
DEC_0975,decoy,COC(=O)CCCC(=O)O[C@]1(C(=O)CCl)[C@@H](C)CC2C3CCC4=CC(=O)C=CC4(C)[C@@]3(F)[C@@H](O)CC21C,CHEMBL84182
DEC_2355,decoy,CC(C)(C)C(=O)c1ccc(C(=O)N(C(=O)c2ccc(C(=O)C(C)(C)C)cc2)C(=O)c2ccccn2)cc1,CHEMBL42032
DEC_0324,decoy,Nc1nc2cc(Cl)c(Cl)cc2n1Cc1cc(C(F)(F)F)cc(C(F)(F)F)c1,CHEMBL22792
DEC_0874,decoy,O=C(O)COc1ccc2c(c1Cl)S(=O)(=O)N=C2c1ccccc1F,CHEMBL277872
DEC_2307,decoy,CCC(CC)c1nc2c([nH]1)N1C(=N[C@@H]3CCC[C@@H]31)N(C)C2=O,CHEMBL18964
DEC_0728,decoy,Cl.O=C(C1CCCN1)N1CCCC1P(=O)(Oc1ccc(O)cc1)Oc1ccc(O)cc1,CHEMBL9565
DEC_0047,decoy,CCOC(=O)[C@@]1(Cc2cscn2)CCCN(C(=O)[C@@H](Cc2c[nH]c3ccccc23)NC(=O)C(C)(C)N)C1,CHEMBL52040
DEC_0907,decoy,O=C1NC(=O)C(CC#Cc2ccc(F)cc2)(S(=O)(=O)c2ccccc2)S1,CHEMBL275049
DEC_0143,decoy,NC(=O)CCCCn1nnc(-c2ccc(OCCCCc3ccccc3)cc2)n1,CHEMBL278220
DEC_2578,decoy,CCOC(=O)Cc1c(C)nc(O)c2c1ccc1nc(Nc3c(Cl)cccc3Cl)n(C)c12,CHEMBL281271
DEC_3274,decoy,CC(/N=c1\c(O)c(O)\c1=N/c1cncc(Br)c1)C(C)(C)C,CHEMBL278299
DEC_2034,decoy,O=C(O)Cc1nn(Cc2nc3c(Cl)c(Cl)ccc3s2)c(=O)c2ccccc12,CHEMBL283364
DEC_2629,decoy,CCCCC(CC)C(=O)Nc1ccc2ccc3cccnc3c2n1,CHEMBL280333
DEC_1421,decoy,CC(CCc1ccccc1)NCC(O)c1cc(C(N)=O)c2c(ccn2C)c1,CHEMBL7067
DEC_1150,decoy,O=C(O)CCC/C=C\C[C@H]1/C(=N/OC(c2ccccc2)c2ccccc2)CC[C@@H]1NS(=O)(=O)c1ccc(F)cc1,CHEMBL278776
DEC_2734,decoy,Oc1cc2c(cc1CCCSc1ccccc1)OCC2,CHEMBL7273
DEC_1682,decoy,CN(C)C1CCN(CCc2c(COc3c(Br)cc(Br)cc3Br)sc3ccccc23)CC1,CHEMBL344101
DEC_1961,decoy,CCNCC1CCN(c2c(F)c(N)c3c(=O)c(C(=O)O)cn(CC)c3c2Cl)C1,CHEMBL15547
DEC_0197,decoy,O=c1oc2ccccc2c2cc(O)c(O)cc12,CHEMBL6365
DEC_2093,decoy,CNC(=O)/C=C(\c1ccccc1)c1ccc2nc(N)c(C(=O)c3ccc(F)cc3)n2c1,CHEMBL283644
DEC_1724,decoy,C=C1CCC2[C@](C)(CCC[C@]2(C)C(=O)OC)[C@H]1CCC1=CCC2=C(C1)C(=O)C=C(C)C2=O,CHEMBL22656
DEC_3354,decoy,O=C1c2ccccc2CC1C1OCCc2ccccc21,CHEMBL267299
DEC_0695,decoy,CCOc1ccc(-n2c(C)c3c(C)nnc(C4CC4)c3c2C)cc1,CHEMBL25612
DEC_1807,decoy,CCNc1ccccc1N1CCN(C(=O)c2cc3ccccc3[nH]2)CC1,CHEMBL267974
DEC_2367,decoy,N#Cc1cccc(-c2ccc3c(c2)C2(CCCCC2)OC(S)=N3)c1,CHEMBL24922
DEC_0762,decoy,CCN1CCN(C2=Nc3ccc(C(C)C)cc3CC=C2c2ccccc2)CC1.O=C(O)/C=C/C(=O)O,CHEMBL16736
DEC_3128,decoy,Cc1nnc2n1-c1sc(C#CCOc3cccnc3)cc1C(c1ccccc1Cl)=NC2,CHEMBL283339
DEC_3320,decoy,Oc1ccc(Cl)cc1-n1nc(-c2ccccc2C(F)(F)F)nc1O,CHEMBL13637
DEC_1284,decoy,Cn1ccc2c1[C@@H](c1ccccc1)CN1CCC[C@@H]21,CHEMBL287606
ACT_046,active,Cc1ccc(/C=C2/CNCC3=C2N=C2SC=C(c4ccc(C)cc4)N2C3c2ccc(C)cc2)cc1,CHEMBL3901794
DEC_2349,decoy,CCCCN(C(C)=O)[S+]([O-])(=NC(=O)N(C(C)=O)c1ccc(Cl)cc1)c1ccc(C)cc1,CHEMBL7546
DEC_1230,decoy,Cc1cccc(/N=C/C2=C3NC=C(C(=O)O)C(=O)N3[C@H](C)CC2)c1,CHEMBL279059
ACT_050,active,COc1cc(-c2cc3c(c(=O)o2)C[C@]2(O)[C@@]4(C)C(=O)C=CC(C)(C)[C@]4(O)CC[C@@]2(C)O3)cc(OC)c1OC,CHEMBL24686
DEC_1863,decoy,Cc1nnc2n1-c1sc(C#Cc3ccccc3)cc1C(c1ccccc1Cl)=NC2,CHEMBL288098
DEC_2368,decoy,FC(c1ccc(Cl)cc1)(c1ccc(Cl)cc1)c1cncnc1,CHEMBL283671
DEC_2456,decoy,Cc1cc(OCc2ccc(-c3ccccc3-c3nn[nH]n3)cc2)c(C)c(C)n1,CHEMBL22387
DEC_2549,decoy,Cc1nnc2n1-c1sc(CCc3ccc4c(c3)CCC4)cc1C(c1ccccc1Cl)=NC2,CHEMBL289463
DEC_1066,decoy,CC(C)c1cccc2c(Cl)cc(-c3ccc(-c4ccc(C(=O)O)cc4)[nH]3)nc12,CHEMBL19727
DEC_2478,decoy,CC(/C=C/C(O)=C1\C(=O)CN(C)C1=O)=C\C(C)c1ccccc1,CHEMBL275675
DEC_2556,decoy,COc1c(Cl)cc(-c2cc(C(F)F)nn2-c2ccc(S(N)(=O)=O)cc2)cc1Cl,CHEMBL287646
ACT_069,active,Nc1c2c(nc3cccc(F)c13)OCCC2,CHEMBL133520
DEC_3446,decoy,COc1ccc(-c2nc(S(=O)(=O)CC(F)(F)F)[nH]c2-c2ccc(OC)cc2)cc1,CHEMBL275157
DEC_2473,decoy,Cc1c(-c2ccc(-n3ccnc3)cc2)cnc(O)c1C#N,CHEMBL274206
DEC_3077,decoy,CC1(C)COC(c2cn3c(n2)sc2ccccc23)=N1,CHEMBL280674
DEC_3419,decoy,CCOC(=O)c1ccc(-c2sc3cc(O)ccc3c2C(=O)c2ccc(OCCN3CCCCC3)cc2)cc1,CHEMBL47217
DEC_1725,decoy,CCC(CCOC)n1c(OC)nc2c(-c3ccc(OC(F)(F)F)cc3Cl)ccnc21,CHEMBL280666
DEC_0330,decoy,O=C1NC(=O)C(CC#Cc2ccc(Cl)cc2)(Sc2ccc3ccccc3n2)S1,CHEMBL273223
DEC_1475,decoy,CC1=C(C(=O)OC(c2ccccc2)c2ccccc2)N2C(=O)[C@@H](NC3=NC(c4ccccc4)CN3)C2SC1,CHEMBL276686
DEC_2197,decoy,CN1C(=O)c2cccnc2NC1c1cccnc1,CHEMBL7408
DEC_3342,decoy,CC(C)(C)Oc1ccccc1-c1nc2ccc[nH]c-2n1,CHEMBL413969
DEC_0684,decoy,CCCCSc1ccccc1C1N=C(SC)N=C2COC(O)=C21,CHEMBL23642
DEC_1781,decoy,Oc1nc(S)nc2ccc(Sc3ccc4ccccc4c3)cc12,CHEMBL6759
DEC_2489,decoy,CN[C@@H](C)[C@H]1COC(c2ccccc2)(c2ccccc2)O1,CHEMBL282598
DEC_2597,decoy,C=C1CCC2[C@](C)(CCC[C@]2(C)C(=O)OC)[C@H]1CCC12Cc3c(O)ccc(O)c3CC1O2,CHEMBL281377
DEC_2047,decoy,CC[C@H]1CCc2c(O)c3c(c(O)c2[C@H]1C(=O)OC)C(=O)c1cccc(O)c1C3=O,CHEMBL21719
DEC_1105,decoy,CN(C)CCc1nnc2n1-c1ccc(Br)cc1C(c1ccccn1)=NC2,CHEMBL16271
DEC_2592,decoy,CN1CCCC1CCNc1nc(Nc2cc(Cl)cc(Cl)c2)nc2ccc(Cl)cc12,CHEMBL31289
DEC_3458,decoy,O=C1CC2(CCCC2)CC(=O)N1OCCCN1CCN(c2ccc3ccccc3n2)CC1,CHEMBL430329
DEC_1871,decoy,O=C(Nc1cccc2c1CC(O)C(N1CCC(c3ccccc3)CC1)C2)C(F)(F)F,CHEMBL282895
DEC_1610,decoy,CC[C@]1(c2cccc(Cl)c2)OC[C@H]([C@@H]2CCCCN2)O1,CHEMBL280739
DEC_0445,decoy,CC(C)/C(=N\O)c1ccc(Sc2cc(F)cc(C3CCOCC3)c2)cc1,CHEMBL24030
DEC_0335,decoy,Cn1ccnc1NC(=O)c1c(C(Cl)Cl)nc2c(C(F)(F)F)cccc2c1O,CHEMBL286155
DEC_0458,decoy,Cc1[nH]c2ccccc2c1[C@H]1Nc2ccc(Cl)cc2[C@H]2OCC[C@@H]12,CHEMBL25680
DEC_0637,decoy,Cc1c(Cl)nc(N2CCNCC2)nc1NC(C)C,CHEMBL287106
DEC_3235,decoy,CCCn1nc(C)c(C(=O)c2ccccc2Cl)c1N,CHEMBL287500
DEC_2374,decoy,Cc1cc(C#N)sc1-c1ccc2c(c1)C1(CCCCC1)C(S)=N2,CHEMBL28031
DEC_1361,decoy,Cc1oc(-c2ccc(C(F)(F)F)cc2)nc1-c1ccc(-c2cc(Br)c(O)c(Br)c2)cc1,CHEMBL280388
ACT_024,active,COC(=O)/C(=N\Nc1ccc(C)cc1)C(=O)C(F)(F)F,CHEMBL4868687
DEC_0675,decoy,CC1=C(/C=C/C(C)=C/C=C/C(C)=C/c2nn[nH]n2)C(C)(C)CCC1,CHEMBL7395
DEC_2452,decoy,c1cc(Nc2ccc(OCC3CCCCC3)cc2)c2c(ccc3c[nH]nc32)n1,CHEMBL27959
DEC_0129,decoy,COc1ccc(NCCCCCCC(C)=O)c2c1C(=O)c1ccccc1C2=O,CHEMBL28073
DEC_2111,decoy,COCCN(CCOC)c1nc(C)nc2c1sc(=O)n2-c1c(C)cc(C)cc1C,CHEMBL17656
DEC_3462,decoy,CC(C)CCn1c(Cn2c(=O)n(S(C)(=O)=O)c3ccccc32)nc2ccccc21,CHEMBL15109
DEC_1021,decoy,O/N=C(/c1ccc(Sc2cc(F)cc(C3CCOCC3)c2)cc1)C(F)(F)F,CHEMBL281070
DEC_1532,decoy,CN(C)c1ccc([C@H]2C[C@@]3(C)C(CC[C@@]3(O)C#Cc3ccc(S(C)(=O)=O)cc3)C3CCC4=CC(=O)CCC4=C32)cc1,CHEMBL303081
DEC_0918,decoy,COC(=O)c1cccc(O)c1C(=O)c1c(O)cc(C(=O)O[C@@H]2CNC[C@H]2NC(=O)c2ccc(O)cc2)cc1O,CHEMBL304626
DEC_0083,decoy,O=C1Cc2cc([N+](=O)[O-])c(C3CCCCC3)cc2O1,CHEMBL285763
DEC_3345,decoy,N#CC(c1ccc(Cl)c(Cl)c1)C1CCCCC1,CHEMBL432482
DEC_3291,decoy,O=C1COC(C#Cc2ccccc2)(C(F)(F)F)c2cc(Cl)ccc2N1,CHEMBL32460
DEC_2241,decoy,O=C(O)c1cn2c3c(nc(O)c2n1)-c1ccc(F)cc1C3,CHEMBL14725
DEC_2673,decoy,CCN1CN(CC)C(c2cc(Cl)cc(Cl)c2)C1c1cc(Cl)cc(Cl)c1,CHEMBL29931
DEC_0453,decoy,CCOc1nc(C(Cl)(Cl)Cl)c(Cl)c(OC)c1Cl,CHEMBL274396
DEC_2721,decoy,CCCCOc1c(Cc2ccccc2)c[nH]c2nncc1-2,CHEMBL277160
DEC_1654,decoy,CCCC(C)n1c(CC)nc2c(-c3ccc(C(C)OC)cc3Cl)ccnc21,CHEMBL23669
DEC_1443,decoy,CC(C)NCC(O)COc1ccc(Cc2nc(Br)c[nH]2)cc1,CHEMBL11125
DEC_0285,decoy,CCCCCN(C1=NCCN1)c1c(Br)cccc1Br,CHEMBL20415
DEC_3181,decoy,Brc1ccccc1Oc1nc2ccccc2n2cncc12,CHEMBL287214
DEC_1614,decoy,Clc1ccc(/C=N/c2ccc(-c3ncon3)cc2)cc1,CHEMBL21900
DEC_2285,decoy,c1ccc(C2(c3ccccc3)OC[C@H]([C@@H]3CCCN3)O2)cc1,CHEMBL283825
DEC_2290,decoy,O=S(=O)(c1ccc2c(c1)CNCC2)C(Cl)(Cl)Cl,CHEMBL27599
DEC_0331,decoy,O=C(Nc1nccs1)c1c(C(Cl)Cl)nc2c(C(F)(F)F)cccc2c1O,CHEMBL285278
DEC_3425,decoy,CC1C(=O)N2C=CSC2=[N+](CC2CC2)C1=O,CHEMBL23313
DEC_3158,decoy,O=C(O)Cn1c(=O)c2c3c(sc2n(Cc2ccc(Cl)c(Cl)c2)c1=O)CCCC3,CHEMBL36956
DEC_0557,decoy,O=C(OC1CN2CCC1CC2)C1=C/C(=C\c2cccnc2)c2ccccc21,CHEMBL21321
DEC_1343,decoy,N=C(c1ccc(NC(=O)c2cc(C(F)(F)F)nn2-c2ccc3cc(Cl)ccc3c2)c(F)c1)N1CCCCC1,CHEMBL277657
DEC_2482,decoy,C[C@H](N)Cc1c2c(c(C(F)(F)F)c3c1OCC3)OCC2.Cl,CHEMBL268542
DEC_2894,decoy,C[C@H]1CC2C3CCC4=CC(=O)C=CC4(C)[C@@]3(F)C(O)CC2(C)[C@@]1(OC(=O)c1cccs1)C(=O)CCl,CHEMBL43248
DEC_1142,decoy,CC(=O)c1cc(CCNC[C@@H](C)c2c(-c3cc(C)cc(C)c3)[nH]c3ccc(C(C)(C)C(=O)N4CC5CCC4CC5)cc23)ccn1,CHEMBL332049
DEC_2132,decoy,COc1cnc(C[S+]([O-])c2nc3cc(OC(F)(F)C(F)F)ccc3[nH]2)cc1OC,CHEMBL10070
DEC_0194,decoy,C/N=C(/S)c1cccc(-c2ccccn2)n1,CHEMBL17538
DEC_3034,decoy,COC(=O)[C@@H](C)NP(=O)(CO[C@H](C)Cn1cnc2c(N)ncnc21)Oc1ccccc1,CHEMBL276412
DEC_1347,decoy,COC(=O)[C@]1(C)CC[C@]2(C)CC[C@]3(C)C4=CCc5c(cc(OC(C)=O)c(OC(C)=O)c5C)[C@]4(C)CC[C@@]3(C)[C@@H]2C1,CHEMBL292578
DEC_2679,decoy,O=C(NCC=C(c1ccc(Cl)cc1)c1ccc(Cl)cc1)c1cc2ccccc2[nH]1,CHEMBL266596
ACT_062,active,Cc1cccc(-c2cnc3cccnc3n2)c1,CHEMBL5633252
DEC_0455,decoy,C=CCC1Oc2ccc(CO)c(OC)c2-c2ccc3c(c21)C(C)=CC(C)(C)N3,CHEMBL8637
ACT_066,active,CC[N+](C)(CC)CCC[n+]1c(-c2ccccc2)c2cc(N)ccc2c2ccc(N)cc21,CHEMBL345124
DEC_3179,decoy,CC(C)(C)Nc1nc(C(F)(F)F)nc2ccc(-c3ccc(Cl)cc3)cc12,CHEMBL16367
DEC_0253,decoy,O=C1C=CC(=O)c2c(O)nc(-c3ccccc3)nc21,CHEMBL34451
DEC_0334,decoy,O=S(=O)(c1nc(-c2ccc(Cl)c(Cl)c2)c(-c2ccccc2)[nH]1)C(F)(F)F,CHEMBL18434
ACT_047,active,c1cc[n+](CCCCCCCCC[n+]2ccccc2)cc1,CHEMBL105742
DEC_0958,decoy,CCOP(=O)(OCC)C(Cc1ccccc1)P(=O)(OCC)OCC,CHEMBL418406
DEC_0954,decoy,CCCCCCOc1ccc(OCC(=O)CSCCC(=O)O)cc1,CHEMBL416569
DEC_3005,decoy,CC(C)CSCC1OC(n2cnc3c(N)nccc32)C(O)C1O,CHEMBL274366
DEC_1721,decoy,O=C(O)COc1cccc2c1CCC(Cn1cnc(C(c3ccccc3)c3ccccc3)c1)C2,CHEMBL275766
DEC_1488,decoy,O=C1[C@H]2Cc3c([nH]c4ccccc34)[C@@H](c3ccc4c(c3)OCO4)N2C(=O)CN1[C@@H]1CCN(CCc2cnccn2)C1,CHEMBL33121
DEC_3073,decoy,CSc1sc(C(=N)N)cc1-c1nc(C)cs1,CHEMBL285330
DEC_2064,decoy,CO[C@]1(c2cnc(Sc3ccc(/C(C)=N/O)cc3)s2)CCO[C@@H](C)C1,CHEMBL25348
DEC_2119,decoy,CCOP(=O)(OCC)C1(P(=O)(OCC)OCC)CC(C(=O)C(C)(C)C)=NN1,CHEMBL280876
DEC_2807,decoy,CCN(CC)CC#CCCC1(C2(O)c3ccccc3C=Cc3ccccc32)SCCCS1,CHEMBL431507
DEC_0905,decoy,COc1ccc(-c2nc(S(C)(=O)=O)[nH]c2-c2ccc(OC)cc2)cc1,CHEMBL18144
DEC_1259,decoy,CC(C)(C)NC(=O)NC1CCCC(NC(=O)NC(C)(C)C)C1,CHEMBL13346
DEC_0727,decoy,O=C(O)c1cc2cc(O)c(O)cc2c(C(=O)c2ccc(Oc3ccc(C(F)(F)F)cc3)c(F)c2)n1,CHEMBL57564
DEC_1074,decoy,O=C1NC(=O)C(CC#Cc2ccc(F)cc2)(S(=O)(=O)c2ccccn2)S1,CHEMBL268967
DEC_2905,decoy,Cn1cc(C(=O)O)c(=O)c2c3cc(N4CCN(c5ccc(Cl)c(F)c5)CC4)c(Cl)c(F)c3ncc21,CHEMBL416746
DEC_1250,decoy,Nc1ccc(-c2nc3n(c2-c2ccc(N)cc2)CCS3)cc1,CHEMBL274706
ACT_060,active,Cn1c(=O)c2c(ncn2C)n(C)c1=O,CHEMBL113
DEC_2299,decoy,C=CC1CN2CCC1CC2C(O)c1ccnc2ccccc12,CHEMBL15134
DEC_2622,decoy,CSCSc1nc(-c2ccccc2)c(-c2ccccc2)[nH]1,CHEMBL18401
DEC_0865,decoy,Cc1cc(C)c(C(=O)OCc2cc(=O)c(OC(=O)C(C)(C)C)co2)c(C)c1,CHEMBL10198
DEC_3035,decoy,COC(=O)[C@H](C)NP(=O)(CO[C@H](C)Cn1cnc2c(N)ncnc21)Oc1ccccc1,CHEMBL276860
DEC_0036,decoy,CCO/C(O)=C1\C(COCc2cc(O)nc(CO)n2)=NC(C)=C(C(=O)OC)C1c1cccc(Cl)c1Cl,CHEMBL80284
DEC_2486,decoy,CCn1cc(C2=NCC3(CN4CCC3CC4)O2)c2ccccc21,CHEMBL429401
DEC_2347,decoy,CC(C(=O)c1ccccc1)n1c2c(c(=O)n3nc(-c4ccccc4)cc13)CN(C1CCCCC1)C2=O,CHEMBL45813
DEC_1989,decoy,CC1CCC(/C=N/c2ccccc2)=C2NC(c3ccccc3)=C(/C=C/C(=O)O)C(=O)N21,CHEMBL22582
DEC_3293,decoy,CC(C)(C)c1cc(Cc2cnc(N)nc2N)cc(C(C)(C)C)c1O,CHEMBL277176
DEC_2715,decoy,Cc1ccc(Sc2cncc3sc(CO)cc23)cc1,CHEMBL268530
DEC_2365,decoy,CC(C)(C)c1cc(/C=C/c2ccsc2)cc(C(C)(C)C)c1O,CHEMBL266101
DEC_2001,decoy,O=C(N[C@@H](Cc1ccc2ccccc2c1)C(=O)O)c1ccccc1Br,CHEMBL269088
DEC_0498,decoy,C/C=C1\C[C@H]2C=Nc3cc(O)c(OC)cc3C(=O)N2C1,CHEMBL17192
DEC_2529,decoy,Brc1cccc(Br)c1Nc1nc2ccccc2n2cncc12,CHEMBL283275
DEC_1385,decoy,O=c1cc(-c2cccc(/C=C/c3ccc4ccccc4n3)c2)oc2c(-c3nn[nH]n3)cc(Cl)cc12,CHEMBL33228
DEC_1183,decoy,Nc1cc(Cl)c(N=C2NCCN2)c(Cl)c1,CHEMBL647
DEC_0020,decoy,CC1(C)CNc2c(cccc2S(=O)(=O)NC(Cc2nc3ccccc3s2)C(=O)N2CCC(CCO)CC2)C1,CHEMBL43074
DEC_0353,decoy,O=C1c2ccccc2[C@@H]2[C@H](C(=O)O)[C@H](C(=O)O)[C@@H]2c2ccc(-c3cccc4ccccc34)cc21,CHEMBL433039
DEC_2004,decoy,N#Cc1ccccc1OCC(O)CNCCNC(=O)Nc1ccc(Cl)cc1,CHEMBL23755
DEC_0775,decoy,CCC(C)(C)/N=C(\NC#N)Nc1cccnc1,CHEMBL11458
DEC_3315,decoy,NC1=NC(=O)c2c1c1c3ccccc3n3c1c1c2c2ccccc2n1COC3,CHEMBL283930
DEC_2638,decoy,CC(C)c1cc(/N=N/c2ccc(C(=O)O)cc2)cc(C(C)C)c1,CHEMBL274363
DEC_2571,decoy,CCNC(=O)Cc1c(C)nc(O)c2c1ccc1nc(Nc3c(Cl)cccc3Cl)n(C)c12,CHEMBL26864
DEC_0450,decoy,C=CCC1Oc2cccc(CO)c2-c2ccc3c(c21)C(C)=CC(C)(C)N3,CHEMBL268239
DEC_1070,decoy,CC(C)(C)n1cc(C(=O)O)c(=O)c2cc(F)c(N3C[C@@H](CN)[C@@H](F)C3)nc21,CHEMBL417482
DEC_2557,decoy,CN(C)C1CCC(Nc2nc(Nc3cc(Cl)cc(Cl)c3)c3ccccc3n2)CC1,CHEMBL417489
DEC_2982,decoy,COc1cc(OC)cc(N(C)Cc2cnc3nc(N)nc(N)c3c2C)c1,CHEMBL22623
DEC_3445,decoy,COc1ccc(-c2nc([S+]([O-])CC(F)(F)F)[nH]c2-c2ccc(OC)cc2)cc1,CHEMBL18149
DEC_2615,decoy,Cc1noc(C)c1C(=C1CCNCC1)c1ccc(C(C)C)cc1,CHEMBL440604
DEC_2432,decoy,CCCC(C)n1c(CC)nc2c(-c3ccc(C(C)O)cc3Cl)ccnc21,CHEMBL279734
DEC_2288,decoy,CC1CCC(/C=N/c2ccc(F)cc2)=C2NC=C(C(=O)O)C(=O)N21,CHEMBL25327
DEC_0015,decoy,O=C(O)C[C@H](NC(=O)Cn1c(C2CC2)c(Cl)nc(NCc2ccc3c(n2)NCCC3)c1=O)c1cccnc1,CHEMBL54148
DEC_1590,decoy,NC(=O)c1cc2c(Sc3ccccc3)cncc2s1,CHEMBL267456
DEC_0937,decoy,CCCCCCOc1c(OC)cc(NC(C)CCCN)c2ncccc12,CHEMBL18947
DEC_1088,decoy,CCc1c2c(nc3cnc(CN)cc13)-c1cc3c(c(=O)n1C2)COC(=O)[C@]3(O)CC,CHEMBL13848
DEC_1626,decoy,COc1ccc(-c2nc(SC(F)(F)C(F)F)[nH]c2-c2ccc(OC)cc2)cc1,CHEMBL18674
DEC_1575,decoy,Brc1ccccc1SC1CN2CCC1CC2,CHEMBL283087
DEC_0441,decoy,O=C(Nc1ccccc1)Nc1ccc2cnccc2c1Br,CHEMBL26258
DEC_2292,decoy,OC[C@H]1CC[C@@H](O)[C@H](N2CCC(c3ccccc3)CC2)C1,CHEMBL21375
DEC_2183,decoy,Oc1cccc2c1CCC(Cc1ccncc1)C2,CHEMBL23364
DEC_2674,decoy,CC(=O)N1CCC(=C2c3ccc(Cl)cc3CCc3cc(-c4ccccc4)cnc32)CC1,CHEMBL10826
DEC_1100,decoy,Cc1c(F)c(N2CCC(N)C2)c(Cl)c2c1c(=O)c(C(=O)O)cn2C1CC1,CHEMBL279842
DEC_1407,decoy,CCOC(=O)[C@@H]1C(C2=C(O)c3ccccc3CC2)=NC(C)=C(C#N)[C@H]1c1ccccc1C(F)(F)F,CHEMBL295298
DEC_2439,decoy,Cc1cc(C(Nc2cccnc2)c2ccc(C(C)C)cc2)sn1,CHEMBL22838
DEC_2300,decoy,Cc1nc(O)c(C#N)c(C)c1-c1ccc(-n2ccnc2)cc1,CHEMBL273885
DEC_2218,decoy,NC(=O)c1nc2ccccc2n2cc(C(=O)O)nc12,CHEMBL269622
DEC_0154,decoy,Brc1ccc2c(c1)CC=C(c1ccccc1)C(N1CCNCC1)=N2.O=C(O)/C=C/C(=O)O,CHEMBL17018
DEC_3385,decoy,O=C(O)CSC(CCCc1ccc(Cl)cc1)c1ccc(OCc2ccc3ccccc3n2)cc1,CHEMBL32842
DEC_2332,decoy,COc1cc(OC)c2c(c1)C(=O)c1cc(C(Br)Br)cc(OC)c1C2=O,CHEMBL39204
DEC_3154,decoy,C=C(C)[C@H]1CC2=C(Cc3ccc4c(c3C2)O[C@@H]2COc3cc(OC)c(OC)cc3[C@H]2C4=O)O1,CHEMBL41404
DEC_1449,decoy,CC1(C)CC1C(=O)N/C(=C\CCCCSCC(=O)O)C(=O)O,CHEMBL11777
DEC_0722,decoy,N#Cc1ccc2cc1Oc1ccc3cccc(c3c1)NC(=O)[C@@H](Cc1cccnc1)NCc1cncn1C2,CHEMBL52859
DEC_3432,decoy,CN(C)c1cccc2c(S(=O)(=O)Oc3cccc4c3C(=O)C=C(N3CC3)C4=O)cccc12,CHEMBL263420
DEC_0676,decoy,CC(C)(C)c1cc(-c2nsc(NC#N)n2)cc(C(C)(C)C)c1O,CHEMBL17229
DEC_2425,decoy,COc1ccc(-c2nc(C(F)(F)F)[nH]c2-c2ccc(OC)cc2)cc1,CHEMBL430150
DEC_0835,decoy,CCCCCCc1nc2c([nH]1)N1C(=N[C@@H]3CCC[C@@H]31)N(C)C2=O,CHEMBL18745
DEC_3264,decoy,CCCCc1nn(C)c(N)c1C(=O)c1ccccc1Cl,CHEMBL31825
DEC_0619,decoy,CC(=O)Nc1ccc(/C=C/C(=O)NC[C@@H]2CCCN2c2ccc(C)c(COc3cccc4ccc(C)nc34)c2C)cn1,CHEMBL55632
DEC_0326,decoy,O=C(O)c1cccc2c(=O)cc(-c3cccc(/C=C/c4ccc5ccccc5n4)c3)oc12,CHEMBL284624
DEC_1456,decoy,CC1(C)CC1C(=O)N/C(=C\CCCSc1ncccc1O)C(=O)O,CHEMBL11602
DEC_3388,decoy,COc1ccc(-c2nc(SCCCCCSc3nc4c[nH]cnc-4n3)[nH]c2-c2ccc(OC)cc2)cc1,CHEMBL299732
DEC_3166,decoy,OC1(c2cccc(COc3ccc4c(-c5ccoc5)cncc4c3)n2)CC2COC(C1)O2,CHEMBL22736
DEC_2065,decoy,O=C1NC(=O)c2c1c1c3ccccc3cnc1c1c2c2ccccc2n1CCCCO,CHEMBL21597
DEC_2561,decoy,COc1ccc(-c2nc(S(=O)(=O)C(F)(F)C(F)F)[nH]c2-c2ccc(OC)cc2)cc1,CHEMBL17602
DEC_2179,decoy,N[C@H](C(=O)N1CCSC1)C1CCCCC1,CHEMBL23223
DEC_2185,decoy,CC1=C[C@@H]2c3cccc4c3[C@@H](CN4)C[C@H]2N(C)C1,CHEMBL291218
DEC_2839,decoy,CC(=O)[C@@]12OC(C)(c3ccc(F)cc3)O[C@@H]1CC1C3CCC4=CC(=O)CC[C@]4(C)C3CC[C@@]12C,CHEMBL13733
DEC_0127,decoy,CCCN(CC)CC(C(=O)Nc1ccccc1OC)N(CC)CCC,CHEMBL10155
DEC_0530,decoy,c1ccc2c(c1)c(C1=NCC3(CN4CCC3CC4)O1)cn2CC1CC1,CHEMBL8245
DEC_0277,decoy,CCc1nc(O)n(C(=O)c2ccccc2)c1C(=O)c1ccc(-n2ccnc2C)cc1,CHEMBL277482
DEC_2532,decoy,CCOC(=O)C1=C(C)N=C(C)/C(=C(/O)OCC)C1c1ccc(I)cc1,CHEMBL40387
DEC_3063,decoy,CCOC(=O)c1cnc2ccc(C3(CCC(=O)NC(C)CC)CCC(=O)NC3=O)cc2c1O,CHEMBL22253
DEC_3359,decoy,C[C@@]12CCCN1C[C@H](c1ccccc1)c1ccccc12,CHEMBL416959
DEC_1299,decoy,O=c1oc(Nc2ccccc2)nc2ccccc12,CHEMBL9945
DEC_0021,decoy,CC(C)(C)OC(=O)N[C@@H](Cc1ccccc1)[C@H](O)CNC[C@@H](O)[C@H](Cc1ccccc1)NC(=O)SC(C)(C)C,CHEMBL51366
DEC_1002,decoy,CCOCOCCC1(O)C(=O)OCc2c1cc1n(c2=O)Cc2c-1nc1cc3c(cc1c2CCl)OCCO3,CHEMBL299423
DEC_0219,decoy,COC1(C2=NCCN2)COc2ccccc2O1,CHEMBL10332
DEC_3169,decoy,COC(=O)c1cc2cc(S(C)(=O)=O)ccc2n1Cc1ccc(Br)cc1,CHEMBL282643
DEC_1779,decoy,Nc1ccc(Nc2nc(Cl)nc3c2ncn3Cc2ccccc2)cc1,CHEMBL29076
DEC_2683,decoy,O=C(NC(c1ccccc1)C(F)(F)F)c1cc(-c2ccccc2)nc2ccccc12,CHEMBL275316
DEC_0817,decoy,S=C=Nc1ccc(-c2noc(CCc3ccccc3)n2)cc1,CHEMBL280936
DEC_1592,decoy,CCO[C@H]1O[C@@H]2O[C@@]3(C)CCC4[C@H](C)CCC([C@H]1C)[C@]42OO3,CHEMBL6635
DEC_0415,decoy,COc1nc(C(Cl)(Cl)Cl)c(Cl)c(OC(C)C)c1Cl,CHEMBL269389
DEC_0603,decoy,CO/N=C(\CN(C)C(=O)c1ccc(C)s1)C(CCN1CCC(O)(c2ccccc2)CC1)c1ccc(Cl)c(Cl)c1,CHEMBL286901
DEC_0316,decoy,O[C@@]12CCCCCC[C@H]3CCN4CCC[C@H](CCCCCC[C@H]5CCN(CCC1)[C@@H]2O5)[C@H]4O3,CHEMBL25317
DEC_2623,decoy,CCC1=C(/C=C/C(C)=C/C=C/C(C)=C/C(=O)O)C(C)(C)CCC1,CHEMBL267041
DEC_2928,decoy,CSc1sc(C(=N)N)cc1-c1nc(-c2ccnc(Cl)c2)cs1,CHEMBL29048
DEC_3012,decoy,CCCCC(=O)OC1CCn2c1nc1c2C(=O)C(C)=C(NC(C)=O)C1=O,CHEMBL17762
DEC_0965,decoy,COC(=O)C(CSc1ccc(C(C)(C)C)cc1)n1c(=O)n2n(c1=O)C(C(=O)NC[C@H]1CC[C@H](N)CC1)C=CC2,CHEMBL32335
DEC_0584,decoy,CC(C)CCN(c1ccc(NCc2c[nH]cn2)cc1)C1CCN(C(=O)[C@H](CC(C)C)NC(=O)N2CCCCCC2)CC1,CHEMBL309463
DEC_1355,decoy,C[C@]12CCC(=O)C(Cl)=C1NCC1C2CC[C@@]2(C)C1CC[C@@H]2C(=O)N(c1ccc(Cl)cc1)C1CCCC1,CHEMBL283430
DEC_2676,decoy,CCNC(=O)c1nc(-c2cc(Cl)cc(Cl)c2)c(-c2cc(Cl)cc(Cl)c2)[nH]1,CHEMBL7598
DEC_1992,decoy,CCNCC1CCN(c2c(F)cc3c(=O)c(C(=O)O)cn(C(C)C)c3c2F)C1,CHEMBL265664
DEC_0269,decoy,Cc1cc(CCCCCOc2c(Cl)cc(C3=NCCO3)cc2Cl)on1,CHEMBL6594
DEC_3373,decoy,CC(C)NC(=O)N(CCCCCSc1nc(-c2ccccc2)c(-c2ccccc2)[nH]1)CCc1ccccn1,CHEMBL299178
DEC_2383,decoy,Fc1ccc2c([C@H]3Nc4ccc(Cl)cc4[C@H]4OCC[C@@H]34)c[nH]c2c1,CHEMBL24904
DEC_2085,decoy,CN1CC=C(c2c(O)cc(O)c3c(=O)oc(-c4ccccc4Cl)cc23)CC1,CHEMBL8620
DEC_3457,decoy,CN(C)CC(CN(C)C)c1nnc2n1-c1ccc(Cl)cc1C(c1ccccc1)=NC2,CHEMBL16079
DEC_2166,decoy,O=C1CCC(c2cccc(-n3ccnc3)c2)=NN1,CHEMBL30367
DEC_1513,decoy,COc1cc([C@@H]2c3cc4c(cc3[C@@H](Nc3cc([N+](=O)[O-])ccc3O)[C@H]3COC(=O)[C@H]23)OCO4)cc(OC)c1O,CHEMBL280569
DEC_1790,decoy,Cc1ccc(Nc2nc(Cl)nc3c2ncn3Cc2ccccc2)cc1,CHEMBL29606
DEC_1240,decoy,Cc1c(CSc2ccc(Cl)cc2)cnc2nc(N)nc(N)c12,CHEMBL22677
DEC_0877,decoy,Cc1nnc2n1-c1sc(Br)cc1C(c1ccccc1Cl)=NC2,CHEMBL32479
DEC_1448,decoy,CCCCc1nc(Cl)c(COC(C)=O)n1Cc1ccc(C(=O)O)cc1,CHEMBL27454
DEC_3032,decoy,CCOC(=O)c1cc(NC(=O)Cc2ccsc2)ccc1OCC(O)CNC(C)(C)C,CHEMBL430086
DEC_0358,decoy,C[C@@H]1CC2=CC(=O)CCC2C2CC[C@@]3(C)C(CC[C@@]3(O)/C=C/I)C21,CHEMBL268237
DEC_2217,decoy,CC(C)NC1=NS(=O)(=O)c2cc(Cl)cnc2N1,CHEMBL34133
DEC_0293,decoy,CS(=O)(=O)c1ccc(-c2cc(Cl)cnc2-c2ccc(C(=O)O)nc2)cc1,CHEMBL268470
DEC_1174,decoy,Cc1c(C)c2c(c(C)c1O)SC(CCCO)O2,CHEMBL38172
DEC_2897,decoy,Cc1nnc2n1-c1sc(C#CCN3C(=O)COc4ccc(Cl)cc43)cc1C(c1ccccc1Cl)=NC2,CHEMBL20877
DEC_3251,decoy,CN1C[C@@H](CCN2CCC2)Oc2ncc(Cl)cc2C1=S,CHEMBL25626
DEC_2454,decoy,CCCOc1nnc(-c2cc(C(C)(C)C)c(O)c(C(C)(C)C)c2)s1,CHEMBL279387
DEC_2180,decoy,c1ccc2c(c1)ccc1oc(C3=NCCN3)cc12,CHEMBL266861
DEC_1599,decoy,Nc1ccc(OC23CC4CC5C6CC(CC52)CC3C6C4)cc1,CHEMBL12197
DEC_0044,decoy,CSc1ncc(C(=O)O)c(N[C@@H](Cc2ccc(NC(=O)c3c(Cl)cncc3Cl)cc2)C(=O)O)n1,CHEMBL290753
DEC_2558,decoy,CCN(CC)CC#CCCCC1(C2(O)c3ccccc3Oc3ccccc32)SCCCS1,CHEMBL289122
DEC_2825,decoy,N#Cc1cc(Cl)cc2c(=O)cc(-c3cccc(/C=C/c4ccc5ccccc5n4)c3)oc12,CHEMBL284149
DEC_0096,decoy,N#CC(C(=O)c1ccccc1)=C1SCCCS1,CHEMBL432087
DEC_1762,decoy,O=C1Nc2ccc(Cl)cc2C(C#Cc2ccsc2)(C(F)(F)F)O1,CHEMBL17627
DEC_2066,decoy,CCOc1ccccc1NC(=O)Nc1ccc2cncc(Br)c2n1,CHEMBL9286
DEC_1996,decoy,C#CCN(Cc1ccc2nc(C)nc(O)c2c1)c1ccc(C(=O)NCC)cc1,CHEMBL6307
DEC_2845,decoy,CC(=O)OC1C(=O)N(c2cc3c4ccccc4ccc3c3ccccc23)[C@H]1c1ccccc1,CHEMBL284735
DEC_0731,decoy,C=C1CC2C3CCC4=CC(=O)C=CC4(C)C3C(O)CC2(C)[C@@]1(OC(=O)c1ccco1)C(=O)COC(C)=O,CHEMBL41296
DEC_1903,decoy,O=C1Nc2ccc(Cl)cc2C(OCC=C(Cl)Cl)(C(F)(F)F)O1,CHEMBL280231
DEC_3356,decoy,CN1Cc2sc(Cl)cc2C(c2ccccc2)C1,CHEMBL16246
DEC_2267,decoy,Cc1ccc2c(c1)c(C1=NCC3(CN4CCC3CC4)O1)cn2C,CHEMBL267297
DEC_0591,decoy,CO/N=C(\COCc1ccc2nonc2c1)C(CCN1CCC(O)(c2ccccc2)CC1)c1ccc(Cl)c(Cl)c1,CHEMBL290786
ACT_029,active,CCOP(=S)(OCC)Oc1cc(C)nc(C(C)C)n1,CHEMBL388560
DEC_1148,decoy,CCCCCN(CCCCC)C(=O)N1CCN(C(=O)N(c2ccccc2)c2cccc(Br)c2)[C@H](C(=O)O)C1,CHEMBL64861
DEC_0427,decoy,COc1cc(F)cc(-c2ccc3c(c2)C2(CCCCC2)C(S)=N3)c1,CHEMBL286029
DEC_0840,decoy,COc1ccc(-c2nc(SC)[nH]c2-c2ccc(OC)cc2)cc1,CHEMBL16892
DEC_1077,decoy,O=C(O)C1CCN(C(=O)N2CCC3(CC2)CCN(c2ccncc2)C3)CC1,CHEMBL441017
DEC_0578,decoy,Cc1ccc2cccc(OCc3c(Cl)ccc(N(C)C(=O)CNC(=O)/C=C/c4ccc(C(F)(F)F)cc4)c3C#N)c2n1,CHEMBL325255
DEC_0131,decoy,CCCN(CCC)CC1(N(CCC)CCC)COc2cccc(OC)c2C1,CHEMBL416336
DEC_0295,decoy,CCCCN(C1=NCCN1)c1c(Br)cccc1Br,CHEMBL20093
DEC_2860,decoy,CN(C)[C@@H]1C(=O)C(C(N)=O)=C(O)C2C(=O)C3=C(O)c4c(O)cccc4CC3C[C@H]21,CHEMBL13096
DEC_0859,decoy,CN(C)CCOc1ccccc1-c1nc(-c2ccccc2)no1,CHEMBL29741
DEC_1852,decoy,CCCC(O)(c1ccc(F)cc1)C(O)(Cn1cncn1)c1ccc(Cl)cc1,CHEMBL10490
DEC_1499,decoy,COc1cc([C@@H]2c3cc4c(cc3[C@@H](Nc3ccc(C#N)cc3)[C@H]3COC(=O)[C@]23F)OCO4)cc(OC)c1O,CHEMBL30856
DEC_1281,decoy,CC(C)(C)C1CCC2(CC1)OOCCCOO2,CHEMBL27792
DEC_0831,decoy,CCCC1=NN(C(=O)OCCC(C)C)C(CCC)N=N1,CHEMBL416358
DEC_2835,decoy,Cn1cncc1C(OCc1ccc(C#N)cn1)c1ccc(C#N)c(-c2cccc3ccccc23)c1,CHEMBL43631
DEC_1539,decoy,Cc1nnc2n1-c1sc(C#CCN3C(=O)Cn4ccc5c(Cl)ccc3c54)cc1C(c1ccccc1Cl)=NC2,CHEMBL277678
DEC_2497,decoy,Cc1ccccc1Sc1cncc2sc(C(N)=O)cc12,CHEMBL6278
DEC_2424,decoy,CCCCC1CCc2ccc(OCc3ccc4ccccc4n3)cc2C1O,CHEMBL28797
ACT_019,active,Clc1ccc(Cn2cc(CNC34CC5CC(CC(C5)C3)C4)nn2)cc1,CHEMBL5633239
DEC_3224,decoy,O=C(NCCCCn1cncn1)c1ccc(Cl)s1,CHEMBL8516
DEC_3137,decoy,CC(=O)NCCc1cc2cc(C(=O)N3CCC(N4C(=O)OCc5ccccc54)CC3)ccc2o1,CHEMBL30667
DEC_1321,decoy,Cc1nnc2n1-c1sc(C#CCn3c(=O)c4ccccc4c4ccccc43)cc1C(c1ccccc1Cl)=NC2C,CHEMBL20178
DEC_0915,decoy,CCN(CC)c1cc(NC=O)c(O)c2c1CC1CC3[C@H](N(C)C)C(=O)C(C(N)=O)=C(O)[C@@]3(O)C(=O)C1=C2O,CHEMBL56352
DEC_2724,decoy,O=c1oc(Nc2c(Cl)cccc2Cl)nc2ccccc12,CHEMBL10252
DEC_2114,decoy,CCCCCCC[C@H]1OC(=O)C[C@@H](O)[C@H](Cc2ccccc2)N(C)C(=O)[C@H](C)OC(=O)[C@H]1C,CHEMBL8097
DEC_3019,decoy,COCC/N=C(\N)Nc1nc(-c2ccc(CNC(C)=O)o2)cs1,CHEMBL25225
DEC_1873,decoy,OC1(C#Cc2ccc(Sc3ccc(Br)cc3)cc2)CN2CCC1CC2,CHEMBL25366
DEC_1442,decoy,Cc1cc(C)cc(Sc2c(C(C)C)c(=O)[nH]c(=O)n2COCCO)c1,CHEMBL276108
ACT_077,active,O=C(Nc1ccc2c(c1)CN(C(=O)c1cccc(Cl)c1)C(=O)C2)c1cccc(Cl)c1,CHEMBL4217663
DEC_2441,decoy,CCCCc1oc2ccccc2c1Cc1ccc2cc(O)ccc2c1,CHEMBL24201
DEC_0084,decoy,C[C@@H]1C=C2c3cccc4c3[C@@H](CN4)C[C@H]2N(C)C1,CHEMBL37867
DEC_0022,decoy,Nc1ccc(OC[C@@H](O)CNCCc2ccc(NS(=O)(=O)c3ccc(I)cc3)cc2)cn1,CHEMBL64201
DEC_1310,decoy,C1=C(c2ccc(-n3ccnc3)cc2)c2nccn2CC1,CHEMBL27806
DEC_3192,decoy,O=c1cc(-c2ccccc2Cl)oc2c(-c3ccncc3)c(O)cc(O)c12,CHEMBL268656
DEC_0489,decoy,O=c1cnn(-c2cc(Cl)cc(Cl)c2)c(=O)[nH]1,CHEMBL275085
DEC_2005,decoy,Cc1ccc2c(c1)c(OC(C)C)c(C(=O)Nc1nn[nH]n1)n2-c1ccccc1,CHEMBL287212
DEC_2671,decoy,Fc1ccc(-c2[nH]c(SC(F)(F)C(F)F)nc2-c2ccc(Cl)cc2)cc1,CHEMBL17994
DEC_1745,decoy,Cc1cccc(C)c1C(OCC(O)CN1C(C)CCCC1C)c1c(C)cccc1C,CHEMBL277095
DEC_3195,decoy,S=C=Nc1ccc(-c2noc(C34CC5CC(CC(C5)C3)C4)n2)cc1,CHEMBL21431
DEC_1454,decoy,O=C(O)CC/C=C\C[C@H]1[C@H](F)CC[C@@H]1NS(=O)(=O)c1ccc(F)cc1,CHEMBL20635
DEC_2649,decoy,CC(C)(C)c1cc(CCc2cccnc2)cc(C(C)(C)C)c1O,CHEMBL8540
DEC_2916,decoy,Cc1nnc2n1-c1ccc(C#CCN3C(=O)CSc4ccccc43)cc1C(c1ccccc1F)=NC2,CHEMBL277618
DEC_1928,decoy,COc1ccc(-c2nn(C)c(=S)n2C)cc1,CHEMBL22660
DEC_2933,decoy,COc1ccc(-c2nc(SCSC)[nH]c2-c2ccc(OC)cc2)cc1,CHEMBL277364
DEC_2808,decoy,O=S(=O)(CCC(F)(F)C(F)(F)F)c1nc(-c2ccccc2)c(-c2ccccc2)[nH]1,CHEMBL276742
DEC_0747,decoy,C[C@@H]1CC2C3CCC4=CC(=O)C=CC4(C)[C@@]3(F)C(O)CC2(C)[C@@]1(OC(=O)c1ccco1)C(=O)CCl,CHEMBL436548
DEC_3382,decoy,CCc1sc(CCc2cc(OC(C)C)cc(NCc3cc(Cl)cc(NC(=O)OC(C)C)c3)n2)nc1C,CHEMBL298983
DEC_2787,decoy,COc1ccc(C2(C)c3cc(C(=O)O)sc3C(=O)c3c2c2ccccc2n3C)cc1,CHEMBL14419
DEC_0377,decoy,CCNS(=O)(=O)OC[C@@]12OC[C@H]3OC(C)(C)O[C@H]3[C@@H]1OC(C)(C)O2,CHEMBL281234
DEC_0363,decoy,CCC(OS(N)(=O)=O)[C@@]12OC[C@H]3OC(C)(C)O[C@H]3[C@@H]1OC(C)(C)O2,CHEMBL431880
DEC_2861,decoy,COC1=C(C)C(=O)c2c(c(COC(N)=O)c3n2CCC3OC(N)=O)C1=O,CHEMBL430126
DEC_1050,decoy,Clc1ccc2c(c1)[C@H]1OCC[C@H]1[C@H](c1c[nH]c3ccc(Br)cc13)N2,CHEMBL278363
DEC_0391,decoy,O=c1[nH]c2cc(C(F)(F)F)c(N3CCOCC3)cc2n(CP(=O)(O)O)c1=O,CHEMBL19892
DEC_3369,decoy,O=C(O)c1ccc2cccc(C(=O)C(F)(F)F)c2c1,CHEMBL33408
DEC_3379,decoy,CC(CCC(SCCC(=O)O)c1cccc(/C=C/c2ccc3ccc(Cl)cc3n2)c1)CC(=O)N(C)C,CHEMBL15500
DEC_0457,decoy,CCCC[C@H]1CC2C(CCC3(C)C(=O)CCC23)C2(C)C=CC(=O)C=C12,CHEMBL8646
DEC_2127,decoy,C[C@H](Cn1cnc2c(N)ncnc21)OCP(=O)(Oc1ccccc1)Oc1ccccc1,CHEMBL9954
DEC_3396,decoy,COc1ccc(-c2nc(SCCCCCn3c(C(C)C)nc4ccccc43)[nH]c2-c2ccc(OC)cc2)cc1,CHEMBL301542
DEC_2792,decoy,CC(C)c1ccc2c(=O)oc(Nc3ccccc3I)nc2c1,CHEMBL10392
DEC_0882,decoy,Cc1cc(-n2ncc(=O)[nH]c2=O)cc(C)c1Sc1ccc(Cl)cc1,CHEMBL27999
DEC_3249,decoy,CC(CC(C(N)=O)(c1ccccc1)c1ccccn1)N(C)C,CHEMBL28979
DEC_3271,decoy,C[C@@H](N)Cc1c2c(c(Br)c3c1OCC3)OCC2.Cl,CHEMBL6710
DEC_0610,decoy,Cc1ccc(CC(=O)Nc2ccc(NC(=O)/C=C/c3ccc(-c4ccc(C(N)=O)cc4)o3)cc2C(=O)c2ccccc2)cc1,CHEMBL309119
DEC_1233,decoy,CCCCc1ccc(Nc2nc(S)c3[nH]cnc3n2)cc1,CHEMBL16129
DEC_1640,decoy,FC(Br)C(F)(F)Sc1nc(-c2ccccc2)c(-c2ccccc2)[nH]1,CHEMBL18383
DEC_3448,decoy,O=C1NC(=O)C(CC#Cc2ccc(Br)cc2)(S(=O)(=O)c2ccccc2)S1,CHEMBL11821
DEC_1664,decoy,O=S(=O)(Nc1cccc(SCc2ccc3ccccc3n2)c1)C(F)(F)F,CHEMBL17533
DEC_2812,decoy,Cc1nnc2n1-c1sc(C#CCn3cnc4ccccc43)cc1C(c1ccccc1Cl)=NC2,CHEMBL277029
DEC_1458,decoy,CCOc1ccc(N(CC(=O)O)C(=O)C(C)CS)cc1OCC,CHEMBL279051
DEC_0709,decoy,CCCCOc1ccc(Nc2ccnc3ccc4c[nH]nc4c23)cc1,CHEMBL27960
DEC_2128,decoy,COP(=O)(OC)C(O)(C(C)(C)Oc1ccc(Cl)cc1)P(=O)(OC)OC,CHEMBL288780
DEC_1509,decoy,CC(NC(=O)OC(C)(C)C)C(=O)OCO/C(=C1/C(=O)N(C(N)=O)c2cc(Cl)c(F)cc21)c1cccs1,CHEMBL50580
DEC_0490,decoy,COc1oc(=O)c2cc(N=C=O)ccc2c1Cl,CHEMBL275169
DEC_2790,decoy,C#CCOC(=O)Nc1ccc(Cl)c(-c2nc3cc(C(F)(F)F)ccc3o2)c1,CHEMBL35051
DEC_2080,decoy,CC1CCC(=NNc2cc(Cl)cc(Cl)c2)c2ncc(C(=O)O)c(=O)n21,CHEMBL14350
DEC_2464,decoy,CC(Sc1nc(N)cc(Cl)n1)c1cc2ccoc2cn1,CHEMBL280752
DEC_1691,decoy,CN(CC(c1cccc(C(F)(F)F)c1F)N1CCC(N2CCCCC2)CC1)C(=O)Cc1cc(C(F)(F)F)cc(C(F)(F)F)c1,CHEMBL342607
DEC_0902,decoy,CC1(O)OC(=O)C(c2ccc(Cl)cc2)=C1c1ccc(S(C)(=O)=O)cc1,CHEMBL275664
DEC_2539,decoy,COc1cc2c(cc1OC)-c1cc(=Nc3c(C)cc(C)cc3C)n(C(C)C)c(=O)n1CC2,CHEMBL34261
DEC_2203,decoy,Oc1ccc(-c2ccc(-n3ccnc3)cc2)nn1,CHEMBL287398
DEC_1191,decoy,NCCC12NC(Cc3ccccc31)c1ccccc12,CHEMBL10710
DEC_0361,decoy,CCC1(CC)O[C@@H]2[C@@H](CO[C@@]3(COS(N)(=O)=O)OC(C)(C)O[C@@H]23)O1,CHEMBL26417
DEC_2495,decoy,CCN(CC)/C(C)=N/c1nnc(-c2ccccc2C)s1,CHEMBL276620
DEC_3339,decoy,c1ccc(-c2nc3c([nH]2)-c2ccccc2CCC3)nc1,CHEMBL268810
DEC_0405,decoy,COc1ccc(S(=O)(=O)N2C[C@@H]3CCCN3C(=O)C[C@@H]2C(=O)NO)cc1,CHEMBL6572
DEC_1651,decoy,CCCCc1ccc(Nc2nc(Cl)nc3c2ncn3Cc2ccccc2)cc1,CHEMBL29637
DEC_1184,decoy,Cc1ccccc1N1C(N)=NC(N)=NC1(C)C,CHEMBL22188
DEC_1122,decoy,CC[C@@](C)(c1ccc(O)cc1)[C@H](CCCCN1CCCOP1(=O)N(CCCl)CCCl)c1ccc(O)cc1,CHEMBL286540
DEC_1892,decoy,O=C1NC(=O)C(CC#Cc2ccccc2)(S(=O)(=O)c2ccc(Cl)cc2)S1,CHEMBL12087
DEC_1445,decoy,CCCCCCCCc1nc2c([nH]1)N1C(=N[C@@H]3CCC[C@@H]31)N(C)C2=O,CHEMBL18817
DEC_0602,decoy,CN(C)C(=O)c1ccccc1CCC(SCCC(=O)O)c1cccc(OCc2ccc3ccc(Cl)cc3n2)c1,CHEMBL279773
DEC_0992,decoy,Cc1nc(N)ccc1CNC(=O)C1C=CCn2c(=O)n(C(CSc3ccc(Cl)c(Cl)c3)C(=O)O)c(=O)n21,CHEMBL32612
DEC_2308,decoy,Cc1cn(C2OC(COC(c3ccccc3)(c3ccccc3)c3ccccc3)C(F)C2F)c(=O)[nH]c1=O,CHEMBL42700
DEC_2605,decoy,CCCc1nc2c(n1Cc1ccc(-c3ccccc3-c3nn[nH]n3)cc1)CCCC/C2=C\C(=O)O,CHEMBL46628
DEC_2929,decoy,c1ccc(Cc2nc3ccc(Nc4ncnc5ccccc45)cc3[nH]2)cc1,CHEMBL32464
DEC_3156,decoy,COc1cc(O)c2c(c1)C(=O)c1cc(C(Br)Br)cc(OC)c1C2=O,CHEMBL290562
DEC_2390,decoy,Clc1ccc(Nc2nc(Nc3ccccc3)c3ccccc3n2)cc1,CHEMBL17326
DEC_2771,decoy,CN1C[C@H](C(=O)Nc2ccc(Cl)nn2)C[C@@H]2c3ccc(C(C)(C)C)c4[nH]cc(c34)C[C@H]21,CHEMBL14089
DEC_1868,decoy,Brc1cccc(Br)c1N(CC1CCCC1)C1=NCCN1,CHEMBL277652
DEC_1993,decoy,CCNCC1CCN(c2c(F)cc3c(=O)c(C(=O)O)cn(CC4CC4)c3c2F)C1,CHEMBL6225
DEC_1749,decoy,CCc1nc2c(-c3ccc(C(F)(F)F)cc3Cl)ncnc2n1C(C1CC1)C1CC1,CHEMBL22213
DEC_2877,decoy,C=CCO[C@]1(C)CCN2CC34CC5(C(=O)Nc6c5ccc5c6OC=CC(C)(C)O5)C(C)(C)C3CC21C(=O)N4C,CHEMBL41529
DEC_2051,decoy,O=S(=O)(c1ccccc1)c1c(O)nnc(-c2ccccc2)c1-c1ccccc1,CHEMBL280606
DEC_0866,decoy,COc1nc(C(Cl)(Cl)Cl)c(Cl)c(OC(C)=O)c1Cl,CHEMBL275947
DEC_0928,decoy,CCCCC(C)(O)C/C=C/[C@H]1[C@H](O)CC(=O)[C@@H]1CC/C=C\CCC(=O)OC,CHEMBL266979
DEC_2092,decoy,N#Cc1cccnc1/C(O)=C/c1nc2ccc(F)cc2c(=O)n1-c1ccccc1Cl,CHEMBL19600
DEC_1182,decoy,CN1C[C@H](CO)C=C2c3cccc4[nH]cc(c34)C[C@H]21,CHEMBL39947
DEC_0746,decoy,O=C1CN2CCCCC2c2c1c1ccccc1n2CCCNS(=O)(=O)c1cc(Cl)sc1Cl,CHEMBL34635
DEC_0211,decoy,CC(C)N1CCN(C(C)C)C(C2=NCCN2)C1,CHEMBL41263
DEC_1585,decoy,Nc1ccc(OC23CC4C5CC6CC4C(C2)C(C6)C5C3)cc1,CHEMBL12665
DEC_0543,decoy,O=C1O[C@H](c2ccc(F)cc2)[C@@](Cn2cncn2)(c2ccc(F)cc2)O1,CHEMBL273497
DEC_2729,decoy,CN1CC=C(c2c[nH]c3ccc(-c4ccncc4)cc23)CC1,CHEMBL282799
DEC_1523,decoy,CS[C@@]12c3cc(C)n(-c4ccc(I)cc4)c3CC(C)(C)CN1C(=O)[C@H]2Oc1ccccc1,CHEMBL412883
DEC_0291,decoy,COc1ccnc(C[S+]([O-])c2nc3cc(F)c(OC(F)F)cc3[nH]2)c1C,CHEMBL273600
DEC_0126,decoy,CCN(CC)CCOc1cccc(/C=C(\C#N)c2noc3ccc(OC)cc23)c1,CHEMBL277398
DEC_2072,decoy,[2H]c1c([2H])c([2H])c(NS(=O)(=O)c2ccc3c(c2)C(n2ccccc2=O)=CC(C)(C)O3)c([2H])c1[2H],CHEMBL275679
DEC_0397,decoy,O=c1cnn(-c2ccc(S(=O)(=O)N3CCSCC3)c(Cl)c2)c(=O)[nH]1,CHEMBL11813
DEC_3111,decoy,CC[C@]1(c2cccs2)OC[C@H]([C@@H]2CCCCN2)O1,CHEMBL287645
DEC_1901,decoy,O=C(Nc1nccs1)c1c(C(F)(F)F)nc2c(C(F)(F)F)cccc2c1O,CHEMBL33824
DEC_1726,decoy,CCCC(C)n1c(CC)nc2c(-c3ccc(S(C)(=O)=O)cc3C(F)(F)F)ccnc21,CHEMBL23898
DEC_2009,decoy,N#C/C(=C(/N)Sc1ccccc1N)c1cccc(C(O)c2ccc3c(c2)OCCO3)c1,CHEMBL34072
DEC_0884,decoy,O=C(O)COc1ccc(C2=NS(=O)(=O)c3ccccc32)c(Cl)c1Cl,CHEMBL25283
DEC_2078,decoy,CC(CN(C)C)c1nnc2n1-c1ccc(Cl)cc1C(c1ccccc1)=NC2,CHEMBL274263
DEC_0367,decoy,CC1(C)O[C@H]2[C@@H]3OB(c4ccccc4)O[C@@H]3CO[C@@]2(COS(N)(=O)=O)O1,CHEMBL417116
DEC_0444,decoy,CCOc1ccc(-n2c(C)c3c(C)nnc(C4CCCC4)c3c2C)cc1,CHEMBL283359
DEC_3055,decoy,COc1ccccc1CC/N=C(\N)Nc1nc(-c2csc(CNC(C)=O)n2)cs1,CHEMBL290863
DEC_1555,decoy,Cc1nnc2n1-c1sc(C#CCn3c(=O)c4ccccc4c4ccccc43)cc1C(c1ccccc1Cl)NC2=O,CHEMBL279476
DEC_2789,decoy,N#Cc1c(O)nnc(-c2ccc(Br)cc2)c1-c1ccc(Br)cc1,CHEMBL31490
DEC_1912,decoy,Brc1cccc(C2NCCS2)c1,CHEMBL25304
DEC_0125,decoy,CCCC[C@H]1O[C@H]1CCOc1cccc([C@@H]2CCC[C@H](CC(=O)OC)O2)c1,CHEMBL28666
DEC_0579,decoy,COc1ccccc1N(C(=O)CN1C(=O)C(Cc2n[nH]c3ccccc23)C(=O)N(c2ccccc2)c2ccccc21)C(C)C,CHEMBL329407
DEC_0655,decoy,CC(C)CN1C(=O)C2CC(c3ccc(N)cc3)(C2)C1=O,CHEMBL286506
ACT_035,active,C=CC[N+](C)(C)c1ccc(CCC(=O)CCc2ccc([N+](C)(C)CC=C)cc2)cc1,CHEMBL140020
DEC_0873,decoy,O=C(c1ccc2[nH]ccc2n1)N1CCC(N2C(=O)OCc3ccccc32)CC1,CHEMBL31645
DEC_0514,decoy,C=CCN(C1=NCCN1)c1c(Br)cccc1Br,CHEMBL20176
DEC_1053,decoy,Oc1ccc(-c2ccc(-c3c(Cc4ccccc4)sc4ccccc34)cc2)cc1,CHEMBL24095
DEC_3473,decoy,CCOC(=O)n1c(=O)n(Cc2nc3ccccc3n2CCC(C)C)c2ccccc21,CHEMBL15057
DEC_2728,decoy,CCOc1ccc(-n2c(C)c3c(C)nnc(CC)c3c2C)cc1,CHEMBL286992
DEC_2901,decoy,N=C(c1ccc(C(=O)N2CCN(S(=O)(=O)c3cc4ccc(Cl)cc4s3)CC2)cc1)N1CCCCC1,CHEMBL304859
DEC_1761,decoy,CC(C)N(C1=NCCN1)c1c(Br)cccc1Br,CHEMBL19915
DEC_0589,decoy,C=C(Cl)CN1C[C@H](OCC23C[C@@H]4[C@H](C)CC[C@H]4C4(C=O)CC2C=C(C(C)C)[C@@]34C(=O)O)OCC12CCCC2,CHEMBL283045
DEC_0513,decoy,CC1=CC(C)(C)N(C)c2ncc(/C=C/C(C)=C\C=N\N=C(/N)S)cc21,CHEMBL7648
DEC_0705,decoy,CCCCN(CC)c1nc(C)nc2c1c(C)cn2-c1c(C)cc(C)cc1C,CHEMBL9946
DEC_2690,decoy,CC(C)c1cccc2c(-c3ccccc3)cc(-c3ccc(-c4ccc(C(=O)O)cc4)[nH]3)nc12,CHEMBL20066
DEC_3135,decoy,O=C(O)Cn1c(=O)n(Cc2ccc(Cl)c(Cl)c2)c(=O)c2c3c(sc21)CCCC3,CHEMBL35716
DEC_1700,decoy,O=C(Cc1cn(-c2cccc(C(F)(F)F)c2)nc1-c1ccc(Cl)c(Cl)c1)N1CCN(Cc2ccc(-c3ccccc3)cc2)CC1,CHEMBL316013
DEC_2888,decoy,Cc1nnc2n1-c1sc(C#CCN3C(=O)CCc4ccccc43)cc1C(C1=CC(=O)CC=C1Cl)=NC2,CHEMBL281780
DEC_1423,decoy,C=C(c1ccccc1OCC(O)CNC(C)C)n1c(C)cnc1CC,CHEMBL276101
DEC_0206,decoy,CCOc1ccc2[nH]c3c(O)nncc3c2c1,CHEMBL8229
DEC_2025,decoy,CC(C)(C)C(O)c1nc2c(C(F)(F)F)cccc2c(O)c1C(=O)Nc1nccs1,CHEMBL33430
DEC_1397,decoy,CC(C)(C)C(=O)Nc1ccc(-c2nc3n(c2-c2ccc(NC(=O)C(C)(C)C)cc2)CCS3)cc1,CHEMBL17499
DEC_0871,decoy,CCc1nc2c(C)cc(C)nc2n1Cc1ccc(-c2ccoc2-c2nn[nH]n2)cc1,CHEMBL14229
DEC_2420,decoy,CCC(C)(C)c1cc(/C=C/c2cccnc2)cc(C(C)(C)CC)c1O,CHEMBL8652
DEC_2405,decoy,CCCCC[C@H]1CC2C(CCC3(C)C(=O)CCC23)C2(C)C=CC(=O)C=C12,CHEMBL267668
DEC_2686,decoy,CCC(c1ccc(O)c(Br)c1)C(CC)c1ccc(O)c(Br)c1,CHEMBL6485
DEC_3013,decoy,Cc1nc(N(C)C(=O)c2ccc(C(=N)N)cc2)sc1CCC(=O)O,CHEMBL8541
ACT_083,active,CC1CCN(CC2CCCCC2)CC1,CHEMBL345241
DEC_1897,decoy,CC(=O)N1CCC(=C2c3ccc(Cl)cc3CCc3cc(C(C)O)cnc32)CC1,CHEMBL11313
DEC_2584,decoy,O=C(Nc1nccs1)c1c(C(O)C2CCCCC2)nc2c(C(F)(F)F)cccc2c1O,CHEMBL285963
DEC_0943,decoy,CCCCCCCCCCCCC/C=C1\C(=O)O[C@@H](CO)[C@@H]1OC(C)=O,CHEMBL422215
DEC_0308,decoy,CN(C)CCc1nnc2n1-c1ccc(Br)cc1C(c1ccccc1)=NC2,CHEMBL278247
DEC_0196,decoy,Cc1ccccc1C(=O)c1c(C)nn(C)c1N,CHEMBL30960
DEC_0649,decoy,CC1CCC(/C=N/c2ccc(C(=O)O)cc2)=C2NC=CC(=O)N21,CHEMBL277494
DEC_2999,decoy,C#CCN(Cc1cnc2nc(N)nc(O)c2n1)c1ccc(C(=O)O)cc1,CHEMBL279732
DEC_1403,decoy,CC1(C)CC[C@]2(C(=O)O)CC[C@]3(C)C(=CC[C@@H]4[C@@]5(C)C=CC(=O)C(C)(C)[C@@H]5CC[C@]43C)C2C1,CHEMBL43043
DEC_3310,decoy,CCC1OC(C#CC2CC2)(C(F)(F)F)c2cc(Cl)ccc2NC1=O,CHEMBL285510
DEC_0707,decoy,O=C(O)C1Cc2cc3c(-c4ccccc4Cl)noc3c(Cl)c2O1,CHEMBL266553
DEC_1526,decoy,Cc1nnc2n1-c1sc(C#CCn3c(=O)c4ccccc4c(=O)c4ccccc43)cc1C(c1ccccc1Cl)=NC2,CHEMBL21224
DEC_2815,decoy,CCc1nc2cc(OC3CCN(C(C)=N)CC3)ccc2n1C/C(C)=C/c1cccc(N)c1,CHEMBL24565
DEC_0144,decoy,CCOC(=O)c1ccc(NC(=O)CCCCC(=O)c2ccc(Cl)cc2)cc1,CHEMBL28611
DEC_2136,decoy,CCOC(=O)Cn1nc(-c2ccc(OC)cc2)c(-c2ccc(OC)cc2)c(C(C)=O)c1=O,CHEMBL31647
DEC_1801,decoy,O=C1Nc2ccc(Cl)cc2C(OCCc2ccccc2)(C(F)(F)F)O1,CHEMBL17489
DEC_1741,decoy,CCOC(=O)/C=C(C)/C(F)=C/C=C(C)/C=C/c1c(Cl)cc(OC)c(C)c1Cl,CHEMBL8579
DEC_0933,decoy,CCCCC(C)(O)C/C=C/[C@H]1[C@H](O)CC(=O)[C@@H]1C/C=C\C=C\CC(=O)OC,CHEMBL280505
DEC_1404,decoy,O=C(O)c1cc(Br)cc2c(=O)cc(-c3cccc(/C=C/c4ccc5ccccc5n4)c3)oc12,CHEMBL32136
DEC_2380,decoy,C[C@H](Nc1nc(C(F)(F)F)nc2ccccc12)c1ccccc1,CHEMBL16747
DEC_0492,decoy,CC(=O)Oc1ccccc1-c1nc2ccc[nH]c-2n1,CHEMBL28240
DEC_3004,decoy,CC(C)(CCn1cnc2c(O)nc(N)nc21)CCS(=O)(=O)O,CHEMBL13415
DEC_3097,decoy,CCc1nc2c([nH]1)N(CC(C)C)C1=NCCN1C2=O,CHEMBL279851
DEC_2130,decoy,CCCCCn1cnc2c(C#CC#Cc3ncnc4c3ncn4CCCCC)ncnc21,CHEMBL9930
DEC_1171,decoy,OCC1C=CC(n2cnc3c(S)ncnc32)C1,CHEMBL289780
DEC_3043,decoy,CC1(C)NC(=O)N(CC(COc2ccc(-c3ccc(S(C)(=O)=O)cc3)cc2)N(O)C=O)C1=O,CHEMBL285296
DEC_0005,decoy,N=C(N)NCCC[C@H](NC(=O)[C@@H]1CCC2CC[C@@](N)(Cc3ccccc3)CN21)C(=O)c1nc2ccccc2s1,CHEMBL27852
DEC_2063,decoy,CCC(C)(O)C#Cc1nc(Nc2ccc(Cl)c(Cl)c2)c2ncn(C(C)C)c2n1,CHEMBL26513
ACT_093,active,Cc1ccc2cc(C3CC(c4sccc4Cl)=NN3)c(Cl)nc2c1,CHEMBL2236140
DEC_1121,decoy,O=C(NCC(F)(F)F)C1(CCCCP(=O)(OCc2cccnc2)OCc2cccnc2)c2ccccc2-c2ccccc21,CHEMBL283897
DEC_0726,decoy,C[C@@H]1CC[C@H]2[C@@H](C)C(Nc3ccc(I)cc3)O[C@@H]3O[C@@]4(C)CC[C@@H]1[C@]32OO4,CHEMBL50353
DEC_0650,decoy,C=CCOc1ccccc1-c1ncc(-c2nn[nH]n2)c(O)n1,CHEMBL15494
DEC_2176,decoy,CN1C(=O)c2c(F)c(F)c(F)c(F)c2C1=O,CHEMBL11215
DEC_2011,decoy,COc1c(O)cc2c(c1OC)-c1ccc(SC)c(=O)cc1[C@@H](NC(C)=O)CC2,CHEMBL277998
DEC_0783,decoy,O=C(O)Cc1ccccc1Oc1ccccc1,CHEMBL285319
DEC_0121,decoy,O=C(CCCCCCCCCCBr)CC(=O)N[C@H]1CCOC1=O,CHEMBL8608
ACT_017,active,CN[C@H]1CC[C@@]2(C)C(CC[C@H]3[C@@H]4CC[C@H]([C@H](C)N(C)C)[C@@]4(C)CC[C@@H]32)C1,CHEMBL139685
DEC_2608,decoy,C[C@H](N)Cc1c2ccoc2c(C(F)(F)F)c2ccoc12.Cl,CHEMBL6907
DEC_1415,decoy,COc1ccc2c(c[n+](C)c3c4cc5c(cc4ccc23)OCO5)c1OC,CHEMBL13045
DEC_3268,decoy,c1ccc(C2(c3ccccc3)OCC(C3CCCCN3)O2)cc1,CHEMBL26479
DEC_2429,decoy,CCCc1c(C(C)C)nc(C(C)C)c([C@@H](C)O)c1-c1ccc(F)cc1,CHEMBL25637
DEC_0914,decoy,Nc1nc2c(ncn2C2C=CC(OCP(=O)(O)OP(=O)(O)C(F)(F)P(=O)(O)O)C2)c(=O)[nH]1,CHEMBL24118
DEC_3413,decoy,CCN(Cc1cccc(OCc2cc(-c3cccs3)cs2)c1)c1cc(O)cc(C2(C(F)(F)F)N=N2)c1,CHEMBL71202
DEC_2173,decoy,CC(c1cc2ccncc2s1)N(O)C(N)=O,CHEMBL32858
ACT_100,active,CC[N+](CC)(CCCCCn1c(=O)cc(C)n(CCCn2c(C)cc(=O)n(C)c2=O)c1=O)Cc1ccccc1C(F)(F)F,CHEMBL5418455
DEC_2245,decoy,Oc1cc2c(cc1O)[C@H]1c3cccnc3CN[C@@H]1CC2,CHEMBL281932
DEC_1095,decoy,Cc1cc(-n2ncc(=O)[nH]c2=O)cc(C)c1[S+]([O-])c1ccc(Cl)cc1,CHEMBL283870
DEC_0341,decoy,C=C1CCC2[C@](C)(CCC[C@]2(C)C(=O)OC)[C@H]1CCC1=CCc2c(O)ccc(O)c2C1,CHEMBL283322
DEC_2601,decoy,O=C(O)c1ccc(Cn2nnc(-c3cccc(CSc4ccc5ccccc5n4)c3)n2)cc1,CHEMBL19277
DEC_1503,decoy,CCC(=O)OCC(=O)[C@@]1(OC(=O)CC)[C@@H](C)C[C@H]2C3CCC4=CC(=O)C=C[C@]4(C)[C@@]3(Cl)[C@@H](O)[C@@H](O)[C@@]21C,CHEMBL300640
DEC_0936,decoy,CCCCCCOc1c(OC)cc(NC(C)CCCN)c2nccc(C)c12,CHEMBL18679
DEC_0706,decoy,O/N=C/c1ccc(Sc2cc(F)cc(C3CCOCC3)c2)cc1,CHEMBL279716
DEC_3126,decoy,Cl[P@@]1(N2CCCC2)=NP(N2CC2)(N2CC2)=N[P@@](Cl)(N2CCCC2)=N1,CHEMBL26247
DEC_3304,decoy,CN1c2ccccc2N(C(=O)CNC(C)(C)C)c2ccccc2S1(=O)=O,CHEMBL26263
DEC_2159,decoy,O=C1CCC(c2ccc(-n3ccnc3)cc2)=NN1,CHEMBL12831
DEC_1926,decoy,C=CCN1CC[C@@H]2Cc3c(O)cccc3C[C@H]21,CHEMBL11363
DEC_0922,decoy,O=C(N[C@H]1C[C@H](O)C[C@H]1OC(=O)c1cc(O)c(C(=O)c2c(O)cccc2C(=O)O)c(O)c1)c1ccc(O)cc1,CHEMBL67716
DEC_2296,decoy,CN(C)c1nn2c(-c3ccccc3)nnc2c2ccccc12,CHEMBL14105
DEC_2830,decoy,Cn1cncc1C(O)(C#Cc1ccccc1)c1ccc(C#N)c(-c2cccc3ccccc23)c1,CHEMBL24271
DEC_2797,decoy,COc1cc2c(cc1C(F)(F)F)N(C(=O)Nc1cncc(-c3ccncc3)c1)CC2,CHEMBL14863
DEC_3398,decoy,CCCCc1cn(-c2c(C(C)C)cccc2C(C)C)c(=O)n1Cc1ccc(-c2ccccc2-c2nn[nH]n2)nc1,CHEMBL274082
DEC_0289,decoy,[O-][S+](CC(F)(F)C(F)(F)F)c1nc(-c2ccccc2)c(-c2ccccc2)[nH]1,CHEMBL278005
DEC_3065,decoy,CC(C)C(NC(=O)Cn1c(-c2ccccc2)ncc(N)c1=O)C(=O)c1nnc(C(C)(C)C)o1,CHEMBL25892
DEC_1084,decoy,O=C(O)CC(=O)N1CCC(C(=O)N2CCC3(CC2)CCN(c2ccncc2)C3)CC1,CHEMBL276404
DEC_2657,decoy,COc1cc(C(=O)O)ccc1/C=C(C)/C=C/C1=C(C)CCCC1(C)C,CHEMBL24770
DEC_3387,decoy,CCCc1cc(Oc2ccccc2)ccc1OCCCOc1ccc(C2SC(=O)NC2=O)cc1F,CHEMBL299958
DEC_0409,decoy,Cc1cc(-n2ncc(=O)[nH]c2=O)cc(Cl)c1S(=O)(=O)N1CCSCC1,CHEMBL274138
DEC_0757,decoy,CC(C)C1=CC2CC3(C=O)[C@@H]4CC[C@@H](C)[C@H]4CC2(CO[C@H]2C[C@@H]4OC[C@H](C)[C@@H]4[C@@H](C)O2)C13C(=O)O,CHEMBL45656
DEC_0687,decoy,S=c1oc2ccc(Cl)cc2n1CC1OCCc2ccccc21,CHEMBL268211
DEC_2320,decoy,CC(C)C1=CC2CC3(C=O)[C@@H]4CC[C@@H](C)[C@H]4CC2(CO[C@H]2CN(CC=C(F)F)[C@H](C)CO2)[C@]13C(=O)O,CHEMBL30545
DEC_0004,decoy,CCOCC(=O)c1c(O)oc2c(C)c(O[C@@H]3OC(C)(C)[C@H](OC)[C@@H](OC(=O)c4ccc(C)[nH]4)[C@H]3O)ccc2c1=O,CHEMBL303740
DEC_0099,decoy,O=C1CN2CCCCC2c2[nH]c3ccccc3c21,CHEMBL34449
DEC_0189,decoy,Cc1nc(O)nc2cc(Cl)c(Cl)cc12,CHEMBL30280
DEC_3213,decoy,Clc1nc(/C=C/c2ccccc2)c2ncn(Cc3ccccc3)c2n1,CHEMBL19153
DEC_1563,decoy,CC1(C)C2CC[C@]3(C)C(C(=O)C=C4[C@@H]5C[C@@](C)(C(=O)NCCN6CCOCC6)CC[C@]5(C)CC[C@]43C)[C@@]2(C)CC[C@@H]1O,CHEMBL110049
DEC_0448,decoy,C=CC1CC2(C)C(CC[C@]2(C)C(C)=O)C2CCC3=CC(=O)CCC3=C12,CHEMBL275184
DEC_0151,decoy,CC1=CC2[C@H](C(O)CC3(C)[C@H]2C[C@@H](C)[C@]3(O)C(=O)CO)C2(C)Cc3cnn(-c4ccccc4)c3C=C12,CHEMBL279092
DEC_0856,decoy,Oc1ccc2c(c1CCCSCc1cccnc1)CCO2,CHEMBL267287
DEC_2722,decoy,O=C(c1ccc(F)cc1F)c1ccc2n1CCC2C(=O)O,CHEMBL9460
DEC_1957,decoy,Cc1cccc2c1[C@H]1Cc3ccccc3[C@]2(C)N1,CHEMBL24221
DEC_0118,decoy,O=C(O)CCSCC(=O)COc1ccc(Oc2ccccc2)cc1,CHEMBL27075
DEC_1317,decoy,O=[N+]([O-])c1cc2c(ccc3cc4ccccc4cc32)o1,CHEMBL266759
DEC_0955,decoy,CCCCCCCCCCCCCC(=O)OC[C@@H]1CC(=O)O[C@H]1CO,CHEMBL29762
DEC_2543,decoy,O=S1(=O)c2cccc3cccc(c23)N1CCN1CCC(CC2=CCc3ccccc32)CC1,CHEMBL416544
DEC_2503,decoy,Clc1nc(-c2ccco2)c2ncn(Cc3ccccc3)c2n1,CHEMBL283137
DEC_2865,decoy,Cn1c2c([N+](=O)[O-])cc([N+](=O)[O-])cc2c2oc(C(=O)Nc3nn[nH]n3)cc(=O)c21,CHEMBL280941
DEC_0608,decoy,[O-][n+]1ccc(CC(c2ccc(C(O)(c3ccccc3)c3ccccc3)nc2)c2ccc(OC(F)F)c(OC(F)F)c2)cc1,CHEMBL299931
DEC_3439,decoy,COC[C@H]1OC(=O)c2c(C)oc3c2[C@@]1(C)C1=C(C3=O)[C@@H]2CCC(=O)[C@@]2(C)C[C@H]1OC(C)=O,CHEMBL275536
DEC_0541,decoy,O=S(=O)(c1nc(-c2ccccc2)c(-c2ccccc2)[nH]1)C(F)(F)F,CHEMBL18818
DEC_1491,decoy,CC(C)C1=CC2CC3(C=O)[C@@H]4CC[C@@H](C)[C@H]4CC2(CO[C@@H]2O[C@H](C)[C@H]4OC(=S)O[C@H]4[C@@H]2O)C13C(=O)O,CHEMBL21592
DEC_1143,decoy,CC(CSC(CCc1ccccc1C(=O)N(C)CO)c1cccc(OCc2ccc3ccc(Cl)cc3n2)c1)C(=O)O,CHEMBL276584
DEC_2236,decoy,CNC1=NC(=O)[C@H](C(C)(C)c2c[nH]c3ccccc23)O1,CHEMBL27901
DEC_2846,decoy,CCCCc1oc2ccccc2c1C(O)c1ccc2c(Br)c(O)ccc2c1,CHEMBL278096
DEC_1440,decoy,CCOC(=S)SCCCCC/C=C(\NC(=O)C1CC1(C)C)C(=O)O,CHEMBL12008
DEC_0892,decoy,CN(C)N=Nc1ccc2c(c1)C(=O)N(C)Cc1c(C(=O)OC(C)(C)C)ncn1-2,CHEMBL6407
DEC_2645,decoy,CC1(C)CCSc2ccc(/N=N/c3ccc(C(=O)O)cc3)cc21,CHEMBL12976
DEC_2309,decoy,COc1ccc(-c2nc(S(=O)(=O)C(F)(F)C(F)Br)[nH]c2-c2ccc(OC)cc2)cc1,CHEMBL19282
DEC_3087,decoy,CN(C)c1ncnc2c1ncn2Cc1cccc(N)c1,CHEMBL7344
DEC_3461,decoy,O=C(OC1CN2CCC1CC2)C(O)(c1ccccc1)c1ccc(Br)cc1,CHEMBL418345
DEC_0050,decoy,O=S(=O)(Nc1ccc(CCNC[C@H](O)c2cccnc2)cc1)c1ccc(-n2ncc(-c3cccc(F)c3)n2)cc1,CHEMBL66908
DEC_0829,decoy,Cc1cc(CCCCCOc2ccc(C3=NC(C)CO3)cc2)on1,CHEMBL280723
DEC_0510,decoy,Brc1cccc(N(CC2CC2)C2=NCCN2)c1Br,CHEMBL20275
DEC_1360,decoy,CN1C(=O)CC[C@]2(C)C3CC[C@@]4(C)C(CC[C@@H]4C(=O)N(C(=O)NC4CCCCC4)C4CCCCC4)C3CCC12,CHEMBL262635
DEC_0402,decoy,O=C1CCN(S(=O)(=O)c2ccc(-n3ncc(=O)[nH]c3=O)cc2Cl)CC1,CHEMBL269637
DEC_0890,decoy,CC(C)(C)OC(=O)c1ncn2c1CN(C(=O)N1CCCCC1)c1ccccc1-2,CHEMBL15079
DEC_0519,decoy,C=C(c1ccccc1OCC(O)CNC(C)(C)C)n1cnc2ccccc21,CHEMBL274014
DEC_0494,decoy,Clc1cc2ncc(N3CCNCC3)nc2cc1Cl,CHEMBL6901
DEC_1388,decoy,Cn1cncc1C(O)(C#Cc1ccc(Cl)cc1)c1ccc(C#N)c(-c2cccc3ccccc23)c1,CHEMBL283051
DEC_2702,decoy,Fc1ccc(-c2nc(SC(F)(F)C(F)F)[nH]c2-c2ccc(C(F)(F)F)cc2)cc1,CHEMBL18012
DEC_0920,decoy,CN(C)[C@@H]1C(=O)C(C(N)=O)=C(O)[C@@]2(O)C(O)C3C(=O)c4c(O)cccc4[C@H](CSCCC(=O)O)C3CC12,CHEMBL283611
DEC_2278,decoy,O=C(O)C1=CC(=C(c2ccccc2)c2ccccc2)CNC1,CHEMBL25301
DEC_3437,decoy,Cc1ccc(N(/C=N/c2ccn(C3CSC(CO)O3)c(=O)n2)c2ccc(C)cc2)cc1,CHEMBL18076
DEC_1810,decoy,CCOc1ccc(Nc2nc(C#CC(C)(O)CC)nc3c2ncn3C(C)C)cc1,CHEMBL280623
DEC_1072,decoy,CC1=C(C(=O)OC(C)(C)C)N2C(=O)/C(=C\OC(=O)C(C)(C)C)[C@H]2S(=O)(=O)C1,CHEMBL6865
DEC_0332,decoy,CC(Cl)(Cl)c1nc2c(C(F)(F)F)cccc2c(O)c1C(=O)Nc1nccs1,CHEMBL34946
DEC_3362,decoy,CN[C@H]1CC[C@@H](c2ccccc2)c2ccccc21,CHEMBL36260
DEC_1082,decoy,O=C1C2CCCCN2C(=O)N1CN1CCN(c2cccc3c2COC=CO3)CC1,CHEMBL34288
DEC_2595,decoy,Cn1cncc1C(O)(C#Cc1ccc(C#N)cc1)c1ccc(C#N)c(-c2cccc3cccnc23)c1,CHEMBL24159
DEC_1693,decoy,O=C(N[C@]1(c2ccccc2)CC[C@@H](N2CCC(c3ccc(F)cc3)CC2)CC1)C(CO)c1cc(C(F)(F)F)cc(C(F)(F)F)c1,CHEMBL50867
ACT_059,active,Cc1c2[nH]c3ccc(O)cc3c2cc[n+]1C,CHEMBL375862
DEC_1753,decoy,Oc1cc2c(cc1CCCSc1nc3ccccc3s1)OC(CCc1ccccc1)C2,CHEMBL25515
DEC_2611,decoy,CC(C)(C)c1cc(/C=C/c2n[nH]c(S)n2)cc(C(C)(C)C)c1O,CHEMBL275909
DEC_0592,decoy,CCCCc1nc2ccc([C@@]3(C)C[C@H]4CCC(C)(C)N4O3)cc2c(=O)n1Cc1ccc(-c2ccccc2-c2nn[nH]n2)cc1,CHEMBL263471
DEC_2302,decoy,Clc1ccc2c(Cl)cc3nc(-c4nn[nH]n4)cn3c2c1,CHEMBL13460
DEC_1179,decoy,O=C(O)c1cc(Cl)cc2c1NCCS2,CHEMBL38141
DEC_2580,decoy,N#C/C(=C(/N)Sc1ccccc1N)c1cccc(C(O)c2cccc(C(F)(F)F)c2)c1,CHEMBL38260
DEC_1628,decoy,[O-][S+](CCC(F)(F)C(F)(F)F)c1nc(-c2ccccc2)c(-c2ccccc2)[nH]1,CHEMBL18375
DEC_1090,decoy,CC1CCC(C)(N=Nc2ccccc2C(=O)O)c2ncc(C(=O)O)c(=O)n21,CHEMBL14179
DEC_1113,decoy,O=C(O)CC(=O)N1CCC(C(=O)N2CCC3(CCN(c4ccncc4)CC3)C2)CC1,CHEMBL275113
DEC_0246,decoy,CSc1nnc(-c2ccncc2)cc1C(N)=O,CHEMBL6734
DEC_1213,decoy,O=C(O)[C@H]1CSC(c2cccc(O)c2O)=N1,CHEMBL11286
DEC_1530,decoy,Cn1cncc1CN(Cc1ccc(C#N)c(Br)c1)C(=O)N1CCC(C#N)=C(c2cccc3ccccc23)C1,CHEMBL29503
DEC_3194,decoy,CC(C)C1OC(C#CC2CC2)(C(F)(F)F)c2cc(Cl)ccc2NC1=O,CHEMBL32038
DEC_2950,decoy,O=C(c1cc2ccccc2[nH]1)c1cc2cc(OCC3CCCCC3)ccc2[nH]1,CHEMBL440268
DEC_1159,decoy,CO/N=C(\COCc1ccc2ccccc2c1)C(CCN1CCC(O)(c2ccccc2)CC1)c1ccc(Cl)c(Cl)c1,CHEMBL32717
DEC_1860,decoy,Brc1cccc(Br)c1N(CC1CCC1)C1=NCCN1,CHEMBL20074
DEC_2016,decoy,CSc1sc(C(=N)N)cc1-c1nc(-c2ccc3c(c2)OCCCO3)cs1,CHEMBL281898
DEC_1481,decoy,CC(C)C(=O)OCC(=O)[C@@]1(OC(=O)C(C)C)CCC2C3C[C@H](F)C4=CC(=O)C=CC4(C)[C@@]3(F)C(O)CC21C,CHEMBL430603
DEC_2973,decoy,Cc1cc(C)cc(Sc2c(C)c(=O)[nH]c(=O)n2COCCO)c1,CHEMBL275599
DEC_1029,decoy,C=C1CC(C)(C)Nc2ccc3c(c21)C(c1ccc(Cl)cc1)Oc1ccccc1-3,CHEMBL286130
DEC_1201,decoy,Oc1ncc(Oc2ccc(Cl)cc2)c(O)n1,CHEMBL8321
DEC_0303,decoy,C/C(=N\OCC(=O)O)c1ccc(Sc2cc(F)cc(C3CCOCC3)c2)cc1,CHEMBL285137
DEC_0414,decoy,NC(=O)c1cc2c(Sc3ccc(Cl)c(Cl)c3)cncc2s1,CHEMBL6612
DEC_3231,decoy,CCCCCCCN1C(=O)C2CC(c3ccc(N)cc3)(C2)C1=O,CHEMBL28173
DEC_2769,decoy,O=c1oc2ccccc2c(O)c1C1c2ccccc2Oc2c1c(=O)oc1ccccc21,CHEMBL32926
DEC_0963,decoy,CCOC(=O)CSCC(=O)[C@@]12OC(C)(C)O[C@@H]1CC1C3C[C@H](F)C4=CC(=O)C=C[C@]4(C)[C@@]3(F)[C@@H](O)C[C@@]12C,CHEMBL66720
DEC_0609,decoy,Cc1c[n+]([O-])ccc1CC(c1ccc(C(O)(C(F)(F)F)C(F)(F)F)cc1)c1ccc(OC(F)F)c(OC(F)F)c1,CHEMBL323312
DEC_0362,decoy,CC1(C)O[C@H]2[C@@H]3O[C@H](C(C)(C)C)O[C@@H]3CO[C@@]2(COS(N)(=O)=O)O1,CHEMBL283468
DEC_0561,decoy,Nc1nc(N)c2nc(CNc3ccc(C(=O)NC(CCCNC(=O)CCC(=O)O)C(=O)O)cc3)cnc2n1,CHEMBL416193
DEC_3175,decoy,CC12CCC3C(C[C@@H](Cc4ccccc4)C4=CC(=O)CCC43C)C1CCC2=O,CHEMBL24897
DEC_0238,decoy,c1cc2c3c(c1)OC(C1=NCCN1)CN3CCC2,CHEMBL274784
DEC_0523,decoy,CCCCC[C@@H]1/C=C\C2[C@H](O)CC(=O)[C@@H]2C/C=C\CCCC(=O)O1,CHEMBL12584
DEC_1816,decoy,CC(C)N(CCC(CCN(C)C)(C(N)=O)c1ccc(C(C)(C)C)cc1)C(C)C,CHEMBL13062
DEC_2778,decoy,CN1CC=C(c2c(O)cc(O)c3c(=O)cc(-c4ccc(Cl)cc4Cl)oc23)CC1,CHEMBL9094
DEC_1409,decoy,Cc1nnc2n1-c1sc(/C=C\c3ccc(CC(C)C)cc3)cc1C(c1ccccc1Cl)=NC2,CHEMBL286229
DEC_2921,decoy,COc1cc2[nH]c(-c3csc4ccccc34)c(C=O)c2cc1-c1cnco1,CHEMBL23716
DEC_2852,decoy,N#CC1=C(c2cccc3ccccc23)CN(C(=O)Cc2cncn2Cc2ccc(Cl)cc2)CC1,CHEMBL29619
DEC_2541,decoy,CC(=O)OCC(=O)C1[C@H](C)CC2C3CCC4=CC(=O)C=CC4(C)[C@@]3(Cl)C(Cl)CC21C,CHEMBL428680
DEC_2823,decoy,CS(=O)(=O)c1ccc(-c2sc(-c3ccccc3Cl)nc2-c2ccccc2F)cc1,CHEMBL279552
DEC_3323,decoy,Cc1ccc(C(O)c2nc3c(cc2C)CCCC3)cc1,CHEMBL34468
DEC_1104,decoy,CCn1cc(C(=O)O)c(=O)c2cc(F)c(N3CCNC(C)C3)c(Cl)c21,CHEMBL15404
DEC_1211,decoy,CNc1ncnc2c1ncn2Cc1cccc(O)c1,CHEMBL6827
DEC_2031,decoy,CC1(O)OC(=O)C(c2ccc(Br)cc2)=C1c1ccc(S(C)(=O)=O)cc1,CHEMBL273815
DEC_3443,decoy,C(#Cc1ncnc2c1ncn2C1CCCCO1)c1ncnc2c1ncn2Cc1ccccc1,CHEMBL9719
DEC_0606,decoy,CCCCc1nc(Cl)c(C(=O)O)n1Cc1ccc2oc(-c3ccccc3-c3nnn[nH]3)c(Br)c2c1,CHEMBL304639
DEC_0960,decoy,COc1c2c(c(OC)c(SC(C)C)c1SC(C)C)[C@H](CO)N1C(C#N)[C@@H]3C[C@@H](C(=O)O)[C@H]([C@@H]1C2)N3C,CHEMBL58642
DEC_3295,decoy,O=C1Nc2ccc(F)cc2C(C#Cc2ccsc2)(C(F)(F)F)O1,CHEMBL278880
DEC_1337,decoy,Cc1nnc2n1-c1sc(C#CCn3c4c(c5ccccc53)CCCCC4)cc1C(c1ccccc1Cl)=NC2,CHEMBL20644
DEC_2306,decoy,CN1Cc2sc([N+](=O)[O-])cc2C(c2ccc(Cl)cc2)C1,CHEMBL15949
DEC_2389,decoy,CCSc1nnc(-c2cc(C(C)(C)C)c(O)c(C(C)(C)C)c2)o1,CHEMBL16819
DEC_0550,decoy,CSc1cc2n(c1C(=O)c1ccc(C3CC3)cc1)CCC2C(=O)O,CHEMBL19738
DEC_0157,decoy,Nc1nc(O)c2nn(-c3cccc(C(=O)NCc4cc(C(F)(F)F)cc(C(F)(F)F)c4)c3)nc2n1,CHEMBL295307
DEC_3247,decoy,CCCCCN1C(=O)C2CC(c3ccc(N)cc3)(C2)C1=O,CHEMBL27591
DEC_2959,decoy,CC(C)c1occc1S(=O)(=O)c1ccc(OCCCNC(C)(C)C)cc1,CHEMBL30954
DEC_0739,decoy,CSc1nnc([C@@H]2C[C@@H](S)CN2S(=O)(=O)c2ccc3ccccc3c2)n1-c1ccccc1,CHEMBL295909
DEC_1616,decoy,COOC1(OOCCCI)CCCCCCCCCCC1,CHEMBL281925
DEC_3334,decoy,N#Cc1ccccc1-c1[nH]ccc2c3ccccc3nc1-2,CHEMBL14336
DEC_2650,decoy,CC(C)(C)c1cc(/C=C/c2cccnc2)cc(C(C)(C)C)c1O,CHEMBL414824
DEC_1328,decoy,CC1(C)CC[C@]2(C(=O)N3CCCC3)CC[C@]3(C)C(C(=O)C=C4[C@@]5(C)C=C(C#N)C(=O)C(C)(C)[C@@H]5CC[C@]43C)C2C1,CHEMBL273970
DEC_1601,decoy,OC1(c2ccc(-c3ccccc3)cc2)CN2CCC1CC2,CHEMBL279261
DEC_1708,decoy,Fc1cc(Sc2ccc3c(c2)CC/C3=N\OCc2ccncc2)cc(C2CCOCC2)c1,CHEMBL24973
DEC_0077,decoy,C=C1C=C2c3cccc4c3[C@@H](CN4)C[C@H]2N(C)C1,CHEMBL36980
DEC_1311,decoy,c1ccc([C@H]2CN3CCC[C@H]3c3ccsc32)cc1,CHEMBL32809
DEC_0166,decoy,O=C1Nc2cc(C(F)(F)F)ccc2C1(O)c1cc(Cl)cc(I)c1O,CHEMBL284385
DEC_1030,decoy,C=CCC1Oc2cccc(OC(F)F)c2-c2ccc3c(c21)C(C)=CC(C)(C)N3,CHEMBL267231
DEC_2146,decoy,CC(C)[C@H](NC(=O)COc1cccc(-c2ccccc2)n1)C(=O)c1nnc(C(C)(C)C)o1,CHEMBL284205
DEC_2330,decoy,CC(C)CN1C[C@H](OCC23C[C@@H]4[C@H](C)CC[C@H]4C4(C=O)CC2C=C(C(C)C)[C@@]34C(=O)O)OC[C@H]1C,CHEMBL30451
DEC_2196,decoy,CCN1CCOC2c3cccc(O)c3CC[C@H]21,CHEMBL295359
DEC_1471,decoy,CO[C@@H]1[C@@H](OC(=O)c2ccc(C)[nH]2)[C@@H](O)[C@H](Oc2ccc3c(O)c(C(C)=O)c(=O)oc3c2C)OC1(C)C,CHEMBL42026
DEC_0640,decoy,C/N=C(/S)C1(c2cccnc2)CCCC/C1=C\CO,CHEMBL44511
DEC_1322,decoy,CC(=O)[C@@]12OC(C)(c3c(F)c(F)c(N=[N+]=[N-])c(F)c3F)O[C@@H]1CC1C3CCC4=CC(=O)CC[C@]4(C)C3CC[C@@]12C,CHEMBL267542
DEC_1808,decoy,Cc1cc(-c2noc(C(F)(F)F)n2)cc(C)c1OCCCc1cc(CO)no1,CHEMBL29893
DEC_0385,decoy,Cc1cn(C2CC(O)C(CNC(=O)CCBr)O2)c(=O)[nH]c1=O,CHEMBL275944
DEC_2226,decoy,NC1c2ccccc2-c2nc(O)c3nc(C(=O)O)cn3c21,CHEMBL277711
DEC_2254,decoy,CSc1c(Cl)nc(N)nc1N1CCN(C)CC1,CHEMBL35125
DEC_2613,decoy,Cc1[nH]c(-c2ccccc2)c(-c2ccccc2)c1-c1ccccc1F,CHEMBL12530
DEC_1545,decoy,CN1C(=O)N(Cc2cc(C(F)(F)F)cc(C(F)(F)F)c2)C2(CCN(C(=O)c3cccc4ccccc34)CC2)C1=O,CHEMBL84873
DEC_2854,decoy,Cn1cncc1C(OCc1ncc(C#N)cc1-c1cccc(Cl)c1)c1ccc(C#N)cc1,CHEMBL39117
DEC_0641,decoy,CSc1ncnc2c1ncn2C1CCC(CO)O1,CHEMBL290415
DEC_3465,decoy,CC1=NN(c2ccccc2)C(=O)C1/N=N/c1ccc(S(=O)(=O)Nc2ncccn2)cc1,CHEMBL281997
DEC_1207,decoy,O=C(O)C(=O)/C=C(\O)c1ccc(F)c(F)c1,CHEMBL23923
DEC_3253,decoy,C=C1C(=O)O[C@@H]2CC(C)=C([C@@H](C)CCCOC(C)=O)[C@H](O)[C@H]12,CHEMBL274543
DEC_0515,decoy,Brc1cccc(Br)c1N(CC1CC1)C1=NCCN1,CHEMBL20079
DEC_0495,decoy,CCn1c2ccccc2c2oc(-c3nn[nH]n3)cc(=O)c21,CHEMBL22521
DEC_1011,decoy,CC(C)OC1c2ccccc2C(=O)N1CCC[N+](C)(C)CCCCCC[N+](C)(C)CCCN1C(=O)c2ccccc2C1OC(C)C,CHEMBL30376
DEC_2037,decoy,Cc1cc(C)c2c(c1)COP(=O)(OC[C@@H]1C=C[C@H](n3cnc4c(N)ncnc43)O1)O2,CHEMBL41402
DEC_0033,decoy,CC(C)(C)OC(=O)NC(Cc1c[nH]cn1)C(=O)N[C@@H](CC1CCCCC1)[C@@H](O)CS(=O)(=O)C1CCCCC1,CHEMBL66021
DEC_2469,decoy,CC(C)(C)C(=O)OCc1cc(=O)c(OC(=O)C(C)(C)C)co1,CHEMBL9995
DEC_1268,decoy,CCCCCCc1cccc(N2C(N)=NC(N)=NC2(C)C)c1,CHEMBL32063
DEC_0555,decoy,CCN(CC)CCn1nc2c3c(c(CNC)ccc31)Sc1ccccc1-2,CHEMBL30099
DEC_3101,decoy,CCCCc1ccc(N2C(N)=NC(N)=NC2(C)C)cc1,CHEMBL6962
DEC_0080,decoy,Clc1ccc(C2=CCC[C@H]3CCC2N3)cn1,CHEMBL275466
DEC_2943,decoy,CCCCC[C@H](O)c1cccc(OCc2ccc3ccccc3n2)c1,CHEMBL18428
DEC_1732,decoy,CCC[C@@H](C)n1c(CC)nc2c(-c3ccc(OC(F)(F)F)cc3Cl)nccc21,CHEMBL25256
DEC_1774,decoy,C[C@@H](/N=c1\c(O)c(O)\c1=N/c1ccc(C#N)c2c1CCCC2)C(C)(C)C,CHEMBL275401
DEC_2052,decoy,COc1cc2c(c(OC)c1O)-c1ccc(SC)c(=O)cc1[C@@H](NC(C)=O)CC2,CHEMBL277239
DEC_0178,decoy,COc1ccc2[nH]cc(C3=CCNCC3)c2c1,CHEMBL18785
DEC_0152,decoy,C=C1C(C)C2C(Cc3ccccc3)NC(=O)C23OC(=O)/C=C/C(O)CCCC(C)C/C=C/C3C1O,CHEMBL56897
DEC_3054,decoy,COc1cccc2c1c(=O)c1c(NCCN(C)C)ccc3c(CNCCN(C)C)nn2c31,CHEMBL8255
DEC_2606,decoy,CN(C)S(=O)(=O)Cc1ccc(Nc2nc(Nc3ccccc3)c3ccccc3n2)cc1,CHEMBL18163
DEC_0485,decoy,Cc1cc2c(cc1N1CCCCC1)NC1=NC(=O)CN1C2,CHEMBL32679
DEC_1154,decoy,CCCCC(CC)C(=O)Nc1ccc2ccn(Cc3ccc(C(=O)NS(=O)(=O)c4ccc(F)cc4)cc3OC)c2c1,CHEMBL78362
DEC_0340,decoy,CC1CC[C@@]2(OC1)OC1CC3C4CC=C5C[C@@H](O)CC[C@]5(C)C4CC[C@]3(C)[C@@]1(O)[C@@H]2C,CHEMBL13119
DEC_2530,decoy,CCN(CC)c1nc(C)nc2c1sc(=O)n2-c1ccc(C(C)C)cc1Br,CHEMBL278895
DEC_0434,decoy,FC(F)C(F)(F)Sc1nc(-c2ccccc2)c(-c2ccccc2)[nH]1,CHEMBL18834
DEC_2357,decoy,CC1CCCC(N2Cc3c(n(CC(=O)c4ccccc4)c4cc(-c5ccccc5)nn4c3=O)C2=O)C1C,CHEMBL47118
DEC_3204,decoy,C[C@@H]1OC(=O)[C@H]2C[C@H]3CCCC[C@@H]3[C@@H](/C=C/[C@H]3CCC[C@H](C)N3C)[C@@H]12,CHEMBL277642
DEC_1051,decoy,FC(F)(F)CSc1nc(-c2ccc(Cl)cc2)c(-c2ccc(Cl)cc2)[nH]1,CHEMBL19008
DEC_1465,decoy,C=C(c1c(C)ccc(C)c1OCC(O)CNC(C)C)n1ccnc1,CHEMBL279551
DEC_0961,decoy,CC[C@H]1C[C@@H](C)C(=O)/C=C/C(C)=C/[C@H](C)[C@@H](CC)OC(=O)C[C@@H](O)[C@H](C)[C@H]1O[C@@H]1O[C@H](C)[C@@H](O)[C@H](N(C)C)[C@H]1O,CHEMBL296286
DEC_2970,decoy,COc1ccccc1-c1csc(-c2cc(C(=N)N)sc2SC)n1,CHEMBL283080
DEC_2372,decoy,CCCCCc1cc(O)c2c(c1)OC(C)(C)[C@@H]1CC=C(C)C[C@@H]21,CHEMBL267227
ACT_054,active,CC(=O)C1=CN(Cc2ccccc2C)C=CC1CC1Cc2cc(C)c(C)cc2C1=O,CHEMBL4105085
DEC_3098,decoy,N#Cc1c(-c2ccccc2)cc(S)sc1=N,CHEMBL416591
DEC_3416,decoy,CCCOP(=O)(CCCCC1(C(=O)NCC(F)(F)F)c2ccccc2-c2ccccc21)OCCC,CHEMBL431487
DEC_0471,decoy,O=C1C=C(Nc2ccccc2)C(=O)c2scnc21,CHEMBL41331
DEC_1231,decoy,CCCCc1cnc2c(c1)[C@@H]1c3cc(O)c(O)cc3CC[C@H]1NC2,CHEMBL283247
DEC_2465,decoy,C[C@@H](Sc1nc(N)cc(Cl)n1)c1cc2ccoc2cn1,CHEMBL26752
DEC_2148,decoy,COCCN(CCOC)c1nn2c(-c3ccc(OC)c(C)c3)nnc2c2ccccc12,CHEMBL430297
DEC_3155,decoy,C=C(C)[C@H]1CC2=C(Cc3ccc4c(c3C2)O[C@@H]2COc3cc(OC)c(OC)cc3[C@@H]2C4=O)O1,CHEMBL43121
DEC_3340,decoy,CN1CC[C@H]2c3ccccc3[C@@H](c3ccccc3)[C@H]2C1,CHEMBL23406
DEC_3329,decoy,O=C1c2scc(-c3ccc(O)cc3)c2-n2cccc21,CHEMBL36356
DEC_2856,decoy,Nc1nc(O)c2ncn([C@@H]3C[C@H]4C[C@](CC(=O)O)(C(=O)O)O[C@H]4C3)c2n1,CHEMBL277926
DEC_1768,decoy,O=C1Nc2ccc(Cl)cc2C(C#Cc2ccco2)(C(F)(F)F)O1,CHEMBL280316
DEC_1373,decoy,CC1(C)CC[C@]2(C(=O)O)CC[C@]3(C)C(CC4OC45[C@@]4(C)C=CC(=O)C(C)(C)[C@@H]4CC[C@]53C)C2C1,CHEMBL42286
DEC_3095,decoy,Oc1nc2cc3[nH]c(-c4ccncc4)nc3cc2s1,CHEMBL37759
DEC_0660,decoy,CC(C)Nc1ncnc2c1ncn2Cc1ccccc1F,CHEMBL7059
DEC_2058,decoy,Cc1ccccc1-c1nnc(/N=C/Nc2nnc(-c3ccccc3C)s2)s1,CHEMBL276619
DEC_1948,decoy,c1ccc2c3c(ccc2c1)OC(C1=NCCN1)C3,CHEMBL266835
DEC_0215,decoy,CCC1C(=O)N(CC)C2SC(C)=NN2C1=O,CHEMBL29526
DEC_2457,decoy,CCC(Cc1c[nH]c2ccccc12)NCC(O)c1cccc(Cl)c1,CHEMBL24303
ACT_067,active,CSc1ccc(/C=C2/S/C(=N/c3ccc4oc(=O)ccc4c3)NC2=O)cc1,CHEMBL4449791
DEC_1062,decoy,O=C1Nc2ccc(Cl)cc2C(c2ccccc2)=NC1Cc1ccc2ccccc2c1,CHEMBL20514
DEC_2542,decoy,O=C1NC(=O)C(CC#Cc2ccc(Cl)cc2)(S(=O)(=O)c2ccc3ccccc3c2)S1,CHEMBL275071
DEC_1660,decoy,CC[C@@](OC)(c1cc(F)cc(OCc2ccc3ccccc3c2)c1)c1nccs1,CHEMBL21242
DEC_0651,decoy,O=NN(CCCl)C(=O)NC1CSCSC1,CHEMBL12689
DEC_2393,decoy,CCCC[C@@H]1CC2C3CCC(=O)C3(C)CCC2C2(C)CCC(=O)C=C12,CHEMBL24037
DEC_2776,decoy,O=C(NNc1nccc(C(F)(F)F)n1)Nc1cc(C(F)(F)F)cc(C(F)(F)F)c1,CHEMBL14921
DEC_0038,decoy,CC(=O)Nc1ccc(OP(=O)(Oc2ccc(NC(C)=O)cc2)C2CCCN2C(=O)C2CCCN2)cc1.Cl,CHEMBL265344
DEC_2141,decoy,CC(C)[C@H](NC(=O)Cn1c(-c2ccc(F)cc2)nccc1=O)C(=O)c1nnc(C2(C)CC2)o1,CHEMBL23080
ACT_072,active,CC1(C)CCCC2(C)OC(=O)C=C12,CHEMBL2271411
DEC_2193,decoy,COC(=O)c1cn2c(n1)COc1ccccc1-2,CHEMBL273928
DEC_1932,decoy,C=CCN1CCC2c3cccc(O)c3CCC21,CHEMBL10289
DEC_2836,decoy,Cc1cc(C(=O)Nc2ccc(C(=N)N3CCCC3)cc2F)n(-c2cc3ccccc3cc2F)n1,CHEMBL21179
DEC_2436,decoy,CCCCOc1ccc(Nc2cc(C)nc3ccc4c[nH]nc4c23)cc1,CHEMBL418395
ACT_064,active,CCN(CC)CCNC(=O)c1c(C)[nH]c(/C=C2\C(=O)Nc3ccc(F)cc32)c1C,CHEMBL535
DEC_0228,decoy,O=C1CCC(c2ccc(-n3cnnc3)cc2)=NN1,CHEMBL31032
DEC_1974,decoy,CC(=N)N1CCC(Oc2ccc(NC/C=C/c3cccc(C(=N)N)c3)cc2F)CC1,CHEMBL24508
DEC_0951,decoy,CCCCCCCCCCCCCC(=O)O[C@@H]1CC(=O)O[C@@H]1CO,CHEMBL28285
DEC_3361,decoy,NC(=O)c1ccc(Cl)c(-c2ccc(Cl)cc2)c1,CHEMBL284628
DEC_0732,decoy,CC(=N)N1CCC(Oc2ccc3c(nc(C)n3Cc3ccc4ccc(C(=N)N)cc4c3)c2[N+](=O)[O-])CC1,CHEMBL25351
DEC_1206,decoy,Cc1c(C)c2c(c(C)c1O)CCC(C)(CO)O2,CHEMBL284076
DEC_1275,decoy,CCCCC1Oc2c(C)c(C)c(O)c(C)c2S1,CHEMBL36043
DEC_0054,decoy,C1=CC(=Nn2cccc2)C=CC1=Nn1cccc1,CHEMBL25024
DEC_2596,decoy,Cc1ccc(Cn2c(NCc3ccccc3)nc3c(N(C)C)nc(C(F)(F)F)nc32)cc1,CHEMBL289971
DEC_2763,decoy,N#Cc1ccccc1/C(O)=C/c1nc2ccc(F)cc2c(=O)n1-c1ccccc1Cl,CHEMBL19730
DEC_3418,decoy,CN(C)c1ccc(-c2nc(SCCCCCNc3nc4ccccc4o3)[nH]c2-c2ccc(N(C)C)cc2)cc1,CHEMBL50855
DEC_0791,decoy,CC(N)C(O)COc1cccc2ccccc12,CHEMBL281013
DEC_2044,decoy,CC1(C)Oc2ccc(C#N)cc2[C@H](/N=C(/NC#N)Nc2ccc(Cl)cc2)[C@H]1O,CHEMBL11802
DEC_1486,decoy,CC(=O)OCC(=O)[C@@]1(OC(=O)c2ccco2)[C@H](C)CC2C3CCC4=CC(=O)C=CC4(C)[C@@]3(F)C(O)CC21C,CHEMBL290547
DEC_1887,decoy,CC1(O)OC(=O)C(c2ccc(Cl)c(Cl)c2)=C1c1ccc(S(C)(=O)=O)cc1,CHEMBL18251
DEC_0816,decoy,C=CCN(CC=C)c1ccc(Nn2c(C)ccc2C)nn1,CHEMBL275557
DEC_1829,decoy,CC(C)N(CCNc1ccc2ncn3c4ccc(O)cc4c(=O)c1c23)C(C)C,CHEMBL7933
DEC_1639,decoy,COc1ccc(-c2[nH]c(SC(F)(F)C(F)F)nc2-c2ccccc2)cc1,CHEMBL17773
DEC_2511,decoy,Cc1c(C(=O)c2cccc3ccccc23)c2cccc3c2n1C(CN1CCOCC1)CO3,CHEMBL283206
DEC_0242,decoy,CNc1nc(Cl)c(C)c(N2CCN(C)CC2)n1,CHEMBL32777
DEC_0773,decoy,CCc1nc(-c2ccc(N=C=S)cc2)no1,CHEMBL22176
DEC_2895,decoy,Cc1nnc2n1-c1sc(C#CCN3CCc4ccccc4C3=O)cc1C(c1ccccc1Cl)=NC2,CHEMBL280683
DEC_1697,decoy,Cc1c(Cc2nc(-c3ccc(Br)cc3)cs2)c2cc(Br)ccc2n1C(=O)c1ccc(Br)cc1,CHEMBL280625
DEC_3322,decoy,CCCN1CCC[C@@H]2c3cccn4cc(C)c(c34)C[C@H]21,CHEMBL10236
DEC_0528,decoy,CCCN(C1=NCCN1)c1c(Br)cccc1Br,CHEMBL20335
DEC_1646,decoy,CCN(C)c1ccc(-c2nc3n(c2-c2ccc(N(C)CC)cc2)CCS3)cc1,CHEMBL276051
DEC_3200,decoy,O=C1O/C(=C/I)CCC1c1cccc2ccccc12,CHEMBL6223
DEC_2045,decoy,CN(C)C(=O)c1ccc(COc2ccc(N3C(N)=NC(N)=NC3(C)C)cc2Cl)cc1,CHEMBL34043
DEC_2417,decoy,CC(Cc1c[nH]c2cc(Cl)ccc12)NCC(O)c1cccc(Cl)c1,CHEMBL24414
DEC_2263,decoy,CO[C@H]1O[C@@H]2O[C@]3(C)CC[C@H]4[C@H](C)CC[C@@H]([C@H]1C)C24OO3,CHEMBL10033
DEC_0558,decoy,NC(=O)CCC/N=C(\c1ccc(Cl)cc1)c1cc(F)ccc1O,CHEMBL287631
DEC_0502,decoy,O=c1ccn(-c2cc(Cl)cc(Cl)c2)c(=O)[nH]1,CHEMBL273950
DEC_3230,decoy,O=C(COc1ccccc1)OCn1oc(=O)c2ccccc21,CHEMBL20192
DEC_2704,decoy,CC1(C)CCC(C)(C)c2cc3c(cc21)nc(-c1ccc(C(=O)O)cc1)n3Cc1ccccc1,CHEMBL39341
DEC_1817,decoy,C=C(c1cccc(OC)c1OCC(O)CNC(C)(C)C)n1cnc2ccccc21,CHEMBL276758
DEC_1904,decoy,O=C(O)C1Cc2cc3c(-c4ccccc4F)noc3c(Br)c2O1,CHEMBL7975
DEC_1849,decoy,COc1cc(NC(C)CCCN)c2nccc(C)c2c1OC1CCCC1,CHEMBL418733
DEC_0770,decoy,O=C(O)Cc1nn(Cc2nc3ccc(Br)cc3s2)c(=O)c2cc(Cl)c(Cl)cc12,CHEMBL279673
DEC_1518,decoy,O=C(OCC1C2CC3CCC1N3C/C2=C\c1ccc(Cl)c(Cl)c1)c1ccc(I)cc1,CHEMBL299019
DEC_0070,decoy,O=S1NC(Cc2csc3ccccc23)=NO1,CHEMBL280082
DEC_2794,decoy,Cc1cc2c(cc1Cl)N(C(=O)Nc1ccc(Oc3cccnc3C)nc1)CC2,CHEMBL14563
DEC_0964,decoy,N[C@H]1CC[C@H](CNC(=O)C2C=CCn3c(=O)n(C(CSc4ccc(Cl)c(Cl)c4)C(=O)O)c(=O)n32)CC1,CHEMBL431894
DEC_0653,decoy,OCC1CCC(n2cnc3c(Br)ncnc32)O1,CHEMBL16790
DEC_2312,decoy,Cc1c(C(=O)c2ccc(Br)c3ccccc23)c2cccc3c2n1C(CN1CCOCC1)CO3,CHEMBL286248
DEC_1318,decoy,c1ccc2c(c1)CCNC2c1ccc2ccccc2c1,CHEMBL279013
DEC_2491,decoy,c1csc(-c2ncnc3c2ncn3C2CCOCC2)c1,CHEMBL28843
DEC_3452,decoy,Cc1ccc(CNC(=O)CCCn2c3c(c4ccccc42)C(=O)CN2CCCCC32)o1,CHEMBL286610
DEC_0595,decoy,O=C(O)CC/C=C\C[C@H]1[C@H](CNS(=O)(=O)c2ccc(Cl)cc2)C2CC1(c1ccc(-c3ccccc3)cc1)CO2,CHEMBL10365
DEC_1703,decoy,CN(C)C1CCN(Cc2ccc3n2Cc2ccccc2N(C(=O)c2ccc(NC(=O)c4ccccc4-c4ccccc4)cc2Cl)C3)CC1,CHEMBL350869
DEC_2228,decoy,CC1(C)N=C(N)N=C(N)N1c1ccccc1S,CHEMBL278292
DEC_0720,decoy,NC(=O)c1cc2c(SCc3ccc(Cl)cc3)cncc2s1,CHEMBL269570
DEC_2505,decoy,CN1CCN(Cc2nc(-c3ccc(N=C=S)cc3)no2)CC1,CHEMBL279006
DEC_1596,decoy,CCCC(C)Nc1nc(C(F)(F)F)nc2ccccc12,CHEMBL429967
DEC_0155,decoy,CN[C@@H]1CC2O[C@@](C)([C@@H]1OC)n1c3ccc(O)cc3c3c4c(c5c6cc(O)ccc6n2c5c31)C(=O)OC4,CHEMBL55382
DEC_1941,decoy,C=CCN1CC[C@H]2c3c(O)cccc3CC[C@H]21,CHEMBL287134
DEC_3259,decoy,CC(/C=C/C(=O)C1=C(O)CN(C)C1=O)=C\C1CCCCC1,CHEMBL10359
DEC_3174,decoy,CN1C(=S)OC(C)(C)c2cc(-c3cc(F)cc(Br)c3)ccc21,CHEMBL28164
DEC_1508,decoy,NS(=O)(=O)c1ccccc1-c1ccc(NC(=O)C2CC(c3ccc4c(c3[N+](=O)[O-])OCO4)=NO2)cc1,CHEMBL298906
DEC_1460,decoy,CCOC(=O)c1ccc(CNCC(O)COc2ccccc2C)cc1,CHEMBL31591
DEC_3341,decoy,C=C1C(=O)c2cc(C)ccc2OC1c1ccccc1,CHEMBL10817
DEC_0292,decoy,CC(C)CN(C(=O)c1ccc(Br)cc1)[C@H]1CCCC[C@@]12CCCN2C,CHEMBL22458
DEC_2375,decoy,Cc1nc2c(s1)CN=C(c1ccccc1F)c1cc(Cl)ccc1-2,CHEMBL8379
ACT_075,active,CC(C)=CCC/C(C)=C/Cc1ccc(O)c2nc3cccc(O)c3nc12,CHEMBL2071424
DEC_2525,decoy,O=C1NCN(c2ccccc2)C12CCN(C1CCc3c(Cl)ccc(Cl)c3C1)CC2,CHEMBL283480
DEC_2962,decoy,FC(F)(F)CSc1nc(-c2ccccc2)c(-c2ccccc2)[nH]1,CHEMBL276371
DEC_2765,decoy,O=C(Nc1nccs1)c1c(C(F)(F)F)nc2cccc(C(F)(F)F)c2c1O,CHEMBL32776
DEC_3091,decoy,C[C@H](c1ccccc1)n1cnc2c(N(C)C)ncnc21,CHEMBL274148
DEC_1495,decoy,C=C[C@@]1(C)CC(=O)[C@]2(O)C3(C)C(C(O)C(OC(=O)CN(C)C4CCCCC4)[C@@]2(C)O1)C(C)(C)CC[C@@H]3O,CHEMBL295957
DEC_2908,decoy,O=C1[C@@H]2C(c3ccccc3)NC3(C(=O)c4ccccc4C3=O)[C@@H]2C(=O)N1c1ccc(Cl)c(Cl)c1,CHEMBL26132
DEC_3042,decoy,C/C(=N\OCC(O)CO)c1ccc(S(=O)(=O)c2cccc(C3CCOCC3)c2)cc1,CHEMBL422047
ACT_086,active,COc1ccc([C@@H]2[C@H]3CSCN3C3(C(=O)c4ccccc4C3=O)[C@]23CSc2ccccc2C3=O)cc1,CHEMBL4752440
DEC_1582,decoy,N#Cc1ccc(-c2ccc3c(c2)C2(CCCCC2)C(S)=N3)o1,CHEMBL27766
DEC_2233,decoy,CC(C)(C)/N=c1\c(O)c(O)\c1=N/Cc1cccnc1,CHEMBL20285
DEC_0313,decoy,CC1(C)[C@H](/C=C/C=C2C[C@@H](O)C[C@H](O)C2)CC[C@]1(C)CC#CC(O)(C(F)(F)F)C(F)(F)F,CHEMBL416797
DEC_0501,decoy,C=C1CC2(CC3CC4(CC(=C)C(=O)O4)CC3C2)OC1=O,CHEMBL8436
ACT_076,active,Fc1cccc(Cc2nnc3sc(-c4ccoc4)nn23)c1,CHEMBL2375480
DEC_3405,decoy,CCCc1cc(Oc2ccc(F)cc2)ccc1OCCCOc1ccc(C2SC(=O)NC2=O)cc1,CHEMBL300026
DEC_1367,decoy,Cc1nnc2n1-c1sc(C#Cc3cccc4ccccc34)cc1C(c1ccccc1Cl)=NC2,CHEMBL32110
DEC_0030,decoy,CC(C)(C)NC(=O)[C@@H]1C[C@H](OCc2ccncc2)CCN1C[C@@H](O)[C@H](Cc1ccccc1)NC(=O)O[C@@H]1CCOC1,CHEMBL13205
DEC_3202,decoy,CC(C)c1ccc2nc(C(F)(F)F)c(C(=O)Nc3nccs3)c(O)c2c1,CHEMBL286125
DEC_2010,decoy,Cc1nnc2n1-c1sc(-c3cc(O)[nH]n3)cc1C(c1ccccc1Cl)=NC2,CHEMBL32303
DEC_1785,decoy,O=C1Nc2ccc(Cl)cc2C(C#Cc2ccncc2)(C(F)(F)F)O1,CHEMBL17374
DEC_2351,decoy,O=C(CSc1ccc(C(=O)Nc2ccc(F)cc2)cn1)OCc1ccc(Br)cc1,CHEMBL432475
DEC_1325,decoy,CC1(C)CC[C@]2(C(=O)N3CCCCC3)CC[C@]3(C)C(C(=O)C=C4[C@@]5(C)C=C(C#N)C(=O)C(C)(C)[C@@H]5CC[C@]43C)C2C1,CHEMBL8089
DEC_2229,decoy,CC(=O)NC1=C(C)C(=O)c2c(nc3n2CCC3)C1=O,CHEMBL17371
DEC_1303,decoy,CSc1ccc2[nH]cc(C3=CCN(C)CC3)c2c1,CHEMBL287576
DEC_0259,decoy,COC(=O)C1CC2=C(CN1)N(C)c1ccccc1C2,CHEMBL12065
DEC_1797,decoy,O=C(Oc1ccc2[nH]c(C(=O)c3cc4ccccc4[nH]3)cc2c1)c1cccnc1,CHEMBL7495
DEC_0594,decoy,CC(c1cc[n+]([O-])cc1)C(c1ccc(C(O)(C(F)(F)F)C(F)(F)F)cc1)c1ccc(OC(F)F)c(OC(F)F)c1,CHEMBL102784
DEC_1019,decoy,CSc1nc(-c2cc(Cl)cc(Cl)c2)c(-c2cc(Cl)cc(Cl)c2)[nH]1,CHEMBL266461
DEC_3165,decoy,CC(=O)N1CCN(C(=O)/C=C/c2ccc(Sc3ccc4c(c3)OCCO4)c(Cl)c2)CC1,CHEMBL275402
ACT_091,active,CC(=O)O[C@H]1[C@H]2c3cc4c(cc3CN3CCC(=C[C@@H]1O[Si](C)(C)C(C)(C)C)[C@H]23)OCO4,CHEMBL564408
DEC_0174,decoy,NC1=NC(c2nccs2)Cc2ccccc21,CHEMBL274402
DEC_0581,decoy,CO/N=C(\COCc1noc(C(C)(C)C)n1)C(CCN1CCC(O)(c2ccccc2)CC1)c1ccc(Cl)c(Cl)c1,CHEMBL33106
DEC_1450,decoy,CC1(C)CC1C(=O)N/C(=C\CCCCSc1ncccc1O)C(=O)O,CHEMBL274188
DEC_3084,decoy,CCCCC1(c2ccncc2)CCC(=O)NC1=O,CHEMBL40125
DEC_1092,decoy,O=C(O)[C@H]1CSC(c2nc3ccc(O)c(I)c3s2)=N1,CHEMBL277114
DEC_0113,decoy,Cc1cc(CCCCCCCOc2ccc(C3=NC(CO)CO3)cc2)on1,CHEMBL28442
DEC_2748,decoy,C=CCOc1ccc(C(=O)c2ccc3n2CCC3C(=O)O)cc1,CHEMBL9480
DEC_2087,decoy,COc1ccccc1N(C(N)=O)c1nc(-c2ccc(F)cc2C)nc2c1ncn2C,CHEMBL277312
DEC_1402,decoy,CC1(C)CC[C@]2(C(=O)O)CC[C@]3(C)C(C(=O)C[C@@H]4[C@@]5(C)C=CC(=O)C(C)(C)[C@@H]5CC[C@]43C)C2C1,CHEMBL296070
DEC_0394,decoy,O=c1cnn(-c2ccc(S(=O)(=O)N3CCSC3)c(Cl)c2)c(=O)[nH]1,CHEMBL11454
DEC_1936,decoy,c1ccc(-c2nc3c4ccccc4ccn3n2)cc1,CHEMBL18529
DEC_1591,decoy,Oc1ccc2c(c1CCCSc1ccccc1)CCO2,CHEMBL7647
DEC_2918,decoy,Cc1nnc2n1-c1sc(C#CCN3C(=O)CC(C)(C)c4ccccc43)cc1C(c1ccccc1Cl)=NC2,CHEMBL417275
DEC_1497,decoy,CC#N.Cc1noc(NS(=O)(=O)c2ccsc2C(=O)Cc2cc3c(cc2C#N)OCO3)c1Cl,CHEMBL295557
DEC_1431,decoy,C=C(c1ccccc1OCC(O)CNC(C)C)n1ccc(=O)cc1,CHEMBL15325
DEC_3307,decoy,CC(C)(C)n1cc(C(=O)O)c(=O)c2cc(F)c(N3CC4CCC3CN4)cc21,CHEMBL26023
DEC_0665,decoy,CC(/N=c1\c(O)c(O)\c1=N/c1ccncc1)C(C)(C)C,CHEMBL18519
DEC_0693,decoy,CCSc1nnc(-c2cc(C(C)(C)C)c(O)c(C(C)(C)C)c2)s1,CHEMBL279801
DEC_1796,decoy,c1ccc(Cn2cnc3cc(Nc4ncnc5ccccc45)ccc32)cc1,CHEMBL31615
DEC_2122,decoy,COc1cc(O)c2c(c1)C(=O)c1cc(CN(CCCl)CCCl)cc(OC)c1C2=O,CHEMBL40977
DEC_2832,decoy,CC(C)(CC(=O)O)Cc1nc2cc(Cl)ccc2n1Cc1ccc(Br)cc1F,CHEMBL429054
DEC_0700,decoy,CCN(CCc1ccccn1)C1c2ccccc2Oc2ccccc21,CHEMBL20865
DEC_2583,decoy,N#Cc1cc(-c2ccoc2)c2ccc(OCc3cccc(C4(O)CC5COC(C4)O5)n3)cc2c1,CHEMBL278293
DEC_1035,decoy,C[C@@H]1c2c(ccc3c2[C@H](c2ccc(Cl)cc2)Oc2ccccc2-3)NC(C)(C)[C@H]1O,CHEMBL35431
DEC_2814,decoy,Cn1cncc1C(OCc1ccc(C#N)nc1-c1ccc2ccccc2c1)c1ccc(C#N)cc1,CHEMBL41515
DEC_3107,decoy,CNc1nc(Cl)c(SC)c(N2CCN(C)CC2)n1,CHEMBL407641
DEC_1949,decoy,CCCc1cc2c(c(C(C)(C)C)c1O)CCO2,CHEMBL269588
DEC_0978,decoy,CCc1cn([C@@H]2O[C@H](CNC(=O)C3c4ccccc4Oc4c(-c5ccccc5)cccc43)[C@@H](O)[C@@H]2F)c(=O)[nH]c1=O,CHEMBL44047
DEC_0039,decoy,O=C(O)C[C@H](NC(=O)Cn1c(C2CC2)c(Cl)nc(NCc2ccc3c(n2)NCCC3)c1=O)c1cccc(F)c1,CHEMBL299110
DEC_1977,decoy,CCOc1c(N2CCCC(N)C2)c(F)cc2c(=O)c(C(=O)O)cn(C3CC3)c12,CHEMBL15170
DEC_2998,decoy,COc1ccccc1Sc1c(C)c(=O)[nH]c(=O)n1COCCO,CHEMBL278944
DEC_0076,decoy,c1ccc2c(c1)OC1(CCNC1)C2n1cccc1,CHEMBL433043
DEC_3117,decoy,C[C@@H]1CC[C@H]2[C@@H](C)CO[C@@H]3O[C@@]4(C)CC[C@@H]1[C@]32OO4,CHEMBL273441
DEC_2955,decoy,CCSc1nc(-c2ccc(OC)cc2)c(-c2ccc(OC)cc2)[nH]1,CHEMBL277104
DEC_3460,decoy,CCc1cccc(C(C)CC)c1N=c1cc2n(c(=O)n1C)CCc1cc(OC)c(OC)cc1-2,CHEMBL35126
DEC_0754,decoy,CC1O[C@H]2[C@H](C[C@H](OCC34C[C@@H]5[C@H](C)CC[C@H]5C5(C=O)CC3C=C(C(C)C)C45C(=O)O)O[C@@H]2C)O1,CHEMBL279691
DEC_1594,decoy,CC1(C)OC(S)=Nc2ccc(-c3ccc(C#N)s3)cc21,CHEMBL25469
DEC_0393,decoy,CC[C@@]1(O)C(=O)OCc2c1cc1n(c2=O)Cc2cc3cc[n+]([O-])cc3nc2-1,CHEMBL13527
DEC_0623,decoy,COCON1C(=O)C(CC(C)C)=N/C(=C\C(C)C)C1=O,CHEMBL16393
DEC_3299,decoy,N#Cc1c(Cl)ccc(NC(=O)Nc2ccccc2Br)c1O,CHEMBL26830
ACT_004,active,C[N+](C)(C)CCCCCCCCCC[N+](C)(C)C,CHEMBL1134
DEC_1878,decoy,O=C(Nc1nccs1)c1c(C(Cl)Cl)nc2c(Cl)cccc2c1O,CHEMBL35908
DEC_2242,decoy,CSc1ccccc1N1C(N)=NC(N)=NC1(C)C,CHEMBL21642
DEC_0195,decoy,Oc1ccc2cccc(N3CCNCC3)c2c1,CHEMBL24462
DEC_1372,decoy,C[C@H](CCc1nccn1C)C1CC[C@@]2(C)C3=C(CC[C@]12C)[C@@]1(C)CC[C@H](O)C(C)(C)C1CC3,CHEMBL268041
DEC_2720,decoy,COc1cc2[nH]c(Cc3ccccc3)cc2cc1-c1cnco1,CHEMBL281635
DEC_2651,decoy,CC1=C(/C=C/C(C)=C/C=C/C(C)=C\C(=O)O)C(C)(C)CCC1,CHEMBL547
DEC_0956,decoy,CCCCCCCCCCCCCC(=O)O[C@@H]1CC(=O)O[C@H]1CCO,CHEMBL281660
DEC_1195,decoy,C/C=C(\NC(=O)C1(C)CC1(Cl)Cl)C(=O)O,CHEMBL276189
DEC_3454,decoy,O=c1c(-c2ccc(OC(F)(F)F)cc2)cccn1C(CN1CCC(O)C1)c1ccccc1,CHEMBL15498
DEC_0998,decoy,COC(=O)C(C)NP(=O)(OCC1OC(n2cc(C)c(=O)[nH]c2=O)CC1F)OCC(Cl)(Cl)Cl,CHEMBL419853
DEC_2538,decoy,Cc1nnc2n1-c1sc(CCc3ccc4c(c3)CCO4)cc1C(c1ccccc1Cl)=NC2,CHEMBL287465
DEC_3152,decoy,O=C(O)Cc1nn(Cc2nc3c(Cl)cc(Cl)cc3s2)c(=O)c2ccccc12,CHEMBL20575
DEC_2711,decoy,CCCN(CCC)C1Cc2cccc3nc(SC)n(c23)C1,CHEMBL267107
DEC_3440,decoy,C=COC(=O)N[C@H]1CCc2cc(OC)c(OC)c(OC)c2-c2ccc(SC)c(=O)cc21,CHEMBL274726
DEC_0837,decoy,C=C(OCC)c1ncnc2c1nc(Cl)n2Cc1ccccc1,CHEMBL19864
DEC_1176,decoy,Oc1ccc2c(c1O)SCC[C@@H]2C1=NCCN1,CHEMBL34160
DEC_1209,decoy,Cc1c(O)nc(O)nc1Sc1ccccc1,CHEMBL290413
DEC_0760,decoy,CC(C)C1=CC2CC3(C=O)[C@@H]4CC[C@@H](C)[C@H]4CC2(CO[C@H]2C[C@H]4[C@H](OC[C@@H]4C)[C@@H](C)O2)C13C(=O)O,CHEMBL430956
DEC_0389,decoy,NC(C(=O)N[C@@H]1C(=O)N2C(C(=O)O)=C(Cl)CS[C@H]12)c1ccccc1,CHEMBL8867
ACT_098,active,CCN(CC)C(=O)OC1C[N+]2(C)CCC1CC2,CHEMBL5219425
DEC_2050,decoy,CCC(O)c1nc2c(C(F)(F)F)cccc2c(O)c1C(=O)Nc1nccs1,CHEMBL287336
DEC_0517,decoy,NC/C(=N\O)c1ccc(Sc2cc(F)cc(C3CCOCC3)c2)cc1,CHEMBL25514
DEC_1612,decoy,OC(c1ccccc1)(c1ccc(Cl)cc1)c1cncnc1,CHEMBL281217
DEC_2277,decoy,O=C(O)c1cn2c(n1)N=S(=O)(c1ccccc1)c1ccccc1-2,CHEMBL276032
DEC_1831,decoy,CCCCc1nc(Cl)c(CO)n1Cc1ccc(-c2occc2C(=O)O)cc1,CHEMBL430279
DEC_1934,decoy,C=CCN1CCC2c3cccc(O)c3CC[C@@H]21,CHEMBL275543
DEC_2696,decoy,FC(F)(F)c1cc(CO[C@H]2C3CCN(CC3)[C@H]2Cc2ccccc2)cc(C(F)(F)F)c1,CHEMBL282657
DEC_1586,decoy,COc1ccccc1C/N=C(\S)c1ccc2cnccc2n1,CHEMBL267235
DEC_3449,decoy,O=C1NC(=O)C(CC#Cc2ccccc2)(S(=O)(=O)c2ccc(Br)cc2)S1,CHEMBL415973
DEC_2402,decoy,COc1ccccc1-c1c(O)nnc(-c2ccccc2)c1-c1ccccc1,CHEMBL286306
DEC_2524,decoy,O=C1NCN(c2ccccc2)C12CCN([C@@H]1CCc3c(Cl)ccc(Cl)c3C1)CC2,CHEMBL418020
DEC_2274,decoy,Cc1ccc(C)n1Nc1ccc(N2C(C)COCC2C)nn1,CHEMBL273400
DEC_1940,decoy,C=CCN1CC[C@@H]2c3cccc(O)c3CC[C@H]21,CHEMBL25483
DEC_2427,decoy,COc1cc2[nH]c(-c3csc4ccccc34)c(C#N)c2cc1-c1cnco1,CHEMBL283096
DEC_2948,decoy,CCCC/N=C(\Nc1nnc(-c2ccccc2-c2ccccc2)s1)C(C)C,CHEMBL12278
DEC_3083,decoy,CC(C)(C)C#C/C=C/CNCc1ccc(O)nc1,CHEMBL35416
DEC_2317,decoy,CN(C)CC(c1ccccc1)c1nnc2n1-c1ccc(Br)cc1C(c1ccccc1)=NC2,CHEMBL277310
DEC_1161,decoy,CCCCc1nc2ccc(N(C)C(=O)OCc3ccccc3)cc2c(=O)n1Cc1ccc(-c2ccccc2-c2nn[nH]n2)cc1,CHEMBL25315
DEC_3325,decoy,c1ccc([C@H]2CN3CCC[C@H]3Cc3ccccc32)cc1,CHEMBL285160
DEC_2007,decoy,CCNCC1CCN(c2c(F)cc3c(=O)c(C(=O)O)cn(CC)c3c2F)C1,CHEMBL6209
DEC_1345,decoy,N=C(c1ccc(NC(=O)c2cc(C(F)(F)F)nn2-c2ccc3cc(Cl)ccc3c2)c(F)c1)N1CCCC1,CHEMBL281141
DEC_1814,decoy,CN(C)CCCNCc1cc(I)cc(C(C)(C)C)c1O,CHEMBL21174
DEC_2930,decoy,Cc1ccc(Oc2ccc(-c3ccccc3)cc2Cl)c(CC(=O)O)c1,CHEMBL283386
DEC_2392,decoy,CCCC[C@H]1CC2C3CCC(=O)C3(C)CCC2C2(C)CCC(=O)C=C12,CHEMBL24946
DEC_2576,decoy,N#C/C(=C(/N)Sc1ccccc1N)c1cccc(C(O)(c2ccccc2)c2ccccc2)c1,CHEMBL35019
DEC_1769,decoy,O=C(Nc1nc2ccccc2n2cncc12)c1ccccc1Br,CHEMBL282587
ACT_079,active,CC(Cc1ccc(O)cc1)C1CCC(C)C(c2ccc(O)cc2)C1,CHEMBL185896
DEC_2851,decoy,CCc1nc2ccc(OC3CCN(C(C)=N)CC3)cc2n1C/C(C)=C/c1cccc(N)c1,CHEMBL25478
DEC_1821,decoy,CCN(CC)CCn1nc2c3c(c(CN)ccc31)Sc1ccccc1-2,CHEMBL281022
DEC_3344,decoy,Nc1ccc([C@@H]2CN3CCC[C@H]3c3ccccc32)cc1,CHEMBL35395
DEC_0587,decoy,O=CN(O)C(CS(=O)(=O)c1ccc(Oc2ccc(OC(F)(F)F)cc2)cc1)c1ccc(C(F)(F)F)cc1,CHEMBL74365
DEC_2054,decoy,COc1ccc(-c2nc(/N=C(\N)N3CCOCC3)sc2-c2ccc(OC)cc2)cc1,CHEMBL18507
DEC_1364,decoy,Cc1cc(C#Cc2cc3c(s2)-n2c(C)nnc2CN=C3c2ccccc2Cl)cc2c1OC(C)(C)C2,CHEMBL32932
DEC_0103,decoy,Cc1cc(CCCCCCOc2ccc(C3=NCCO3)cc2Cl)on1,CHEMBL277423
DEC_2949,decoy,Cc1ccc(Oc2cc(C)c(Cl)c(C)c2Cl)c(CC(=O)O)c1,CHEMBL281684
DEC_2156,decoy,CN(C)CCCOc1cc(C(=O)Nc2ccc(-c3csnn3)cc2)n(Cc2ccccc2)n1,CHEMBL276847
DEC_0360,decoy,CC1(C)O[C@@H]2[C@@H](CO[C@@]3(CCCOS(N)(=O)=O)OC(C)(C)O[C@@H]23)O1,CHEMBL287189
DEC_0668,decoy,Nc1cc(Cl)nc2c1ncn2C1CCC(CO)O1,CHEMBL275433
DEC_0068,decoy,CCC1(C2=NCCN2)COc2ccccc2O1,CHEMBL9775
DEC_0691,decoy,Nc1nc(N)c2cc(Sc3ccc(Cl)c(Cl)c3)ccc2n1,CHEMBL6877
DEC_0383,decoy,Cc1cn(C2CC(O)C(CNC(=O)CI)O2)c(=O)[nH]c1=O,CHEMBL9613
DEC_0666,decoy,C[C@]12CC/C(=N\N=C(N)N)C=C1CC[C@@H]2/C=C/[N+](=O)[O-],CHEMBL285842
DEC_3441,decoy,CCc1nc(O)n(C(=O)Cc2ccccc2)c1C(=O)c1ccc(-n2ccnc2C)cc1,CHEMBL279714
DEC_0712,decoy,CC(C)CCOC1(C(F)(F)F)OC(=O)Nc2ccc(Cl)cc21,CHEMBL17644
DEC_0010,decoy,Cn1c(COc2ccc(C(=N)N)cc2)nc2cc(N(CC(=O)O)S(=O)(=O)c3cccc4cccnc34)ccc21,CHEMBL51528
DEC_0750,decoy,C[C@@H]1CC2C3CCC4=CC(=O)C=CC4(C)[C@@]3(F)C(O)CC2(C)[C@@]1(OC(=O)c1ccoc1)C(=O)CCl,CHEMBL40756
ACT_055,active,CC(C)C1=N[C@H]2CC[C@]34C[C@]35C(=O)C[C@]3(C)[C@@H]([C@H](C)N(C)Cc6ccc(C(F)(F)F)cc6)[C@H](O)C[C@@]3(C)[C@@H]5CC[C@H]4[C@]2(C)CS1,CHEMBL1783518
DEC_1830,decoy,CCCCCCCCCCN1C(=O)C2CC(c3ccc(N)cc3)(C2)C1=O,CHEMBL27879
DEC_0824,decoy,O=C(O)CCSCC(=O)COc1ccc2ccccc2c1,CHEMBL26579
DEC_0355,decoy,O=C(O)c1ccc2oc(-c3cccc(/C=C/c4ccc5ccccc5n4)c3)cc(=O)c2c1,CHEMBL33329
DEC_3403,decoy,CCCCCCCCCC(=O)N[C@H]1CCc2cc(OC)c(OC)c(OC)c2-c2ccc(SC)c(=O)cc21,CHEMBL37785
DEC_3459,decoy,CC(=O)N1CCN(c2cc3c(cc2F)c(=O)c(C(=O)O)c2sc4ccccc4n23)CC1,CHEMBL39697
DEC_2043,decoy,Cc1ccc2c(c1)N(C(=O)N1CCN[C@@H](C)C1)Cc1c(C(=O)OC(C)(C)C)ncn1-2,CHEMBL274914
DEC_0952,decoy,CCCCCCCCCCCCCC(=O)O[C@H]1CC(=O)O[C@H]1CO,CHEMBL26372
DEC_3313,decoy,O=c1oc(Nc2cccc(I)c2)nc2ccccc12,CHEMBL10223
DEC_0459,decoy,[O-][S+](CCC(F)(F)F)c1nc(-c2ccccc2)c(-c2ccccc2)[nH]1,CHEMBL18553
DEC_2269,decoy,C=CCn1cc(C2=NCC3(CN4CCC3CC4)O2)c2ccccc21,CHEMBL417239
DEC_2494,decoy,COc1c(-c2ccc(OC)c(=O)cc2)ccc(C=O)c1C=O,CHEMBL10519
DEC_2977,decoy,CCNCC1CCN(c2cc3c(c(N)c2F)c(=O)c(C(=O)O)cn3CC)C1,CHEMBL15505
DEC_1609,decoy,Cc1ccc2c(c1)CC(=O)c1cc(C(C)C(=O)O)ccc1O2,CHEMBL10634
DEC_2746,decoy,COc1cc2c(cc1OC)C(C)=[N+]([O-])C(c1ccco1)N2,CHEMBL282145
DEC_0957,decoy,CCCCOc1ccc(OCC(=O)COc2ccc(C(=O)O)cc2)cc1,CHEMBL29707
DEC_1357,decoy,O=C(OCC1c2ccccc2-c2ccccc21)N1C[C@H]2[C@@]3(c4ccccc4)CC[C@H](c4ccccc43)[C@@]2(C(=O)O)C1,CHEMBL301796
DEC_1822,decoy,c1ccc2c(COc3ccc(OCCCc4nnn[nH]4)cc3)nccc2c1,CHEMBL416725
DEC_1757,decoy,CC(=O)O[C@H]1c2ccc(CN(C)C)n2-c2cc(Cl)ccc2S[C@H]1c1ccccc1,CHEMBL24529
DEC_0661,decoy,CN(C)c1ncnc2c1ncn2Cc1cccc(CO)c1,CHEMBL7881
DEC_2575,decoy,O=C(O)c1ccccc1Cn1nnc(-c2ccc(CSc3ccc4ccccc4n3)cc2)n1,CHEMBL18579
DEC_1214,decoy,Nc1ccc(Cn2cnc3ncnc-3c2O)cc1,CHEMBL14471
DEC_0007,decoy,C=C(CC[C@H](O)[C@@]1(C)CC[C@H](C(C)(C)O)O1)[C@H]1CC[C@H]2O[C@@H]([C@]3(C)CC[C@@H](C(C)(C)O)O3)CC[C@]2(C)O1,CHEMBL22785
DEC_0413,decoy,C/C(=N\O)c1cccc(Sc2cc(F)cc(C3CCOCC3)c2)c1,CHEMBL25026
DEC_3248,decoy,CCC1C(=O)N(CC)C2SC(c3ccccc3)=NN2C1=O,CHEMBL30026
DEC_2927,decoy,CCCCCC(C)(O)c1cccc(OCc2ccc3ccccc3n2)c1,CHEMBL8384
DEC_2660,decoy,Cn1c(C(F)(F)F)nc(-c2cc(Cl)cc(Cl)c2)c1-c1cc(Cl)cc(Cl)c1,CHEMBL8035
DEC_2281,decoy,CCc1nc(C)cn1-c1ccc(C2=NNC(=O)CC2)cc1,CHEMBL30908
DEC_2138,decoy,c1ccc2oc(COc3ccc(-c4nnn(CCCCc5nnn[nH]5)n4)cc3)cc2c1,CHEMBL262370
DEC_0232,decoy,Cc1ccc2c3c1CCCN3CC(C1=NCCN1)O2,CHEMBL13793
DEC_0758,decoy,CC(C)C1=CC2CC3(C=O)[C@@H]4CC[C@@H](C)[C@H]4CC2(CO[C@H]2C[C@@H]4OC[C@@H](C)[C@@H]4[C@@H](C)O2)C13C(=O)O,CHEMBL296692
DEC_0981,decoy,C=C1CC2C3CCC4=CC(=O)C=CC4(C)C3C(O)[C@H](Cl)C2(C)[C@@]1(OC(=O)c1ccco1)C(=O)COC(C)=O,CHEMBL37510
DEC_2550,decoy,Brc1cccc(Br)c1N(CC1CCCCC1)C1=NCCN1,CHEMBL282933
DEC_2581,decoy,Cc1cc(OCc2ccc(-c3ccccc3-c3nn[nH]n3)cc2)c(C(=O)c2ccccc2)c(C)n1,CHEMBL280189
DEC_1494,decoy,CC(C)C1=CC2CC3(C=O)[C@@H]4CC[C@@H](C)[C@H]4CC2(CO[C@@H]2O[C@H](C)[C@H]4OC(C)(C)O[C@H]4[C@H]2O)C13C(=O)O,CHEMBL21515
DEC_0478,decoy,COC1=CC(=O)c2c(c(-c3nc(C)cs3)cn2C)C1=O,CHEMBL8962
DEC_2210,decoy,OCC1CCC(n2cnc3c(S)ncnc32)O1,CHEMBL17115
DEC_1775,decoy,Brc1ccc(N(CC2CC2)C2=NCCN2)c(Br)c1,CHEMBL277244
DEC_3209,decoy,CN(Cc1cncn1C)c1ccc(C#N)c(-c2cccc3ccccc23)c1,CHEMBL28252
DEC_3125,decoy,Cc1cccc2c1N(C(=O)N1C[C@@H](C)N(C)[C@@H](C)C1)Cc1c(C(=O)OC(C)(C)C)ncn1-2,CHEMBL15065
DEC_2282,decoy,CC#CCOC1(C(F)(F)F)OC(=O)Nc2ccc(Cl)cc21,CHEMBL17372
DEC_0654,decoy,O=[N+]([O-])c1ccc(/C=N\c2ccc(-c3ncon3)cc2)o1,CHEMBL282009
DEC_1833,decoy,Cc1cc(OCc2ccc(-c3ccccc3-c3nn[nH]n3)cc2)c(CO)c(C)n1,CHEMBL283372
DEC_1883,decoy,CN1C[C@H](C(=O)Nc2nccs2)C[C@@H]2c3ccc(C(C)(C)C)c4[nH]cc(c34)C[C@H]21,CHEMBL276271
DEC_1507,decoy,CCOC(=O)N[C@@H](c1cccnc1)[C@@H](O)C(=O)OC1CC2C(C)(C)C1(C)[C@@]13C[C@H](C)c4ccccc4[C@@]21O3,CHEMBL283414
DEC_2627,decoy,O=C(O)c1ccc(/N=N/c2cccc(C3CCCCC3)c2)cc1,CHEMBL268283
DEC_1990,decoy,C=Cn1cc(C(=O)O)c(=O)c2cc(F)c(N3CCC(CNCC)C3)c(F)c21,CHEMBL6312
DEC_2545,decoy,Cn1cncc1C(NN1CCC(C#N)=C(c2cccc3ccccc23)C1)c1ccc(C#N)cc1,CHEMBL280847
DEC_2359,decoy,N#Cc1cc(-c2ccc3c(c2)C2(CCCCC2)C(S)=N3)cs1,CHEMBL285139
DEC_0380,decoy,Cc1cn(C2CC(O)C(CNC(=O)C(C)Br)O2)c(=O)[nH]c1=O,CHEMBL274053
DEC_2140,decoy,CCCN(CCCON1C(=O)CC2(CCCC2)CC1=O)C1COc2cccc(OC)c2C1,CHEMBL28287
DEC_1506,decoy,CC(=O)OCC(=O)[C@@]12ON(Cc3ccccc3)C[C@@H]1CC1C3CCC4=CC(=O)C=CC4(C)[C@@]3(F)C(O)CC12C,CHEMBL285535
DEC_2014,decoy,CC1(O)OC(=O)C(c2cc3ccccc3s2)=C1c1ccc(S(C)(=O)=O)cc1,CHEMBL277519
DEC_1963,decoy,N#Cc1ccccc1OCC(O)CNCCNC(=O)Nc1ccccc1Cl,CHEMBL22596
DEC_0484,decoy,O=C(O)c1cn2c(=O)c3cc(C4CC4)ccc3nc2s1,CHEMBL440644
DEC_2476,decoy,Oc1cc2c(cc1SCCCc1ccccc1)OCC2,CHEMBL266721
DEC_0810,decoy,O=C(NCCc1c[nH]c2ccccc12)C1CC1,CHEMBL42854
DEC_0387,decoy,CC(=O)N1CCN(C(=O)Cc2ccc([S+](C)[O-])cc2)C(CN2CC[C@H](O)C2)C1,CHEMBL23631
DEC_1374,decoy,Cc1nnc2n1-c1sc(C#Cc3ccc(C4CCCCC4)cc3)cc1C(c1ccccc1Cl)=NC2,CHEMBL33857
DEC_1286,decoy,Oc1ncc(Sc2ccc(Cl)cc2)cn1,CHEMBL8239
DEC_0647,decoy,CCCCn1cc2c(nc(N)n3nc(-c4ccco4)nc23)n1,CHEMBL16894
DEC_0742,decoy,CCc1nc2cc(OC3CCN(C(C)=N)CC3)ccc2n1Cc1ccc2ccc(C(=N)N)cc2c1,CHEMBL24907
DEC_2202,decoy,O=C1CCC2=C(CCc3cc(Cl)ccc32)N1,CHEMBL277664
DEC_1728,decoy,O=C(O)COc1cccc2c1CCC(Cn1cc(C(c3ccccc3)c3ccccc3)cn1)C2,CHEMBL11765
DEC_1377,decoy,Cc1nnc2n1-c1sc(/C=C\c3ccc4c(c3)CCC4)cc1C(c1ccccc1Cl)=NC2,CHEMBL286762
DEC_0240,decoy,O=c1oc(Nc2nncs2)nc2ccccc12,CHEMBL10395
DEC_2566,decoy,Cc1cc(OCc2ccc(-c3ccccc3-c3nn[nH]n3)cc2)c(-c2ccncc2)c(C)n1,CHEMBL22945
DEC_3153,decoy,CN1CCN=C1c1ccc(NC(=O)c2nnnn2-c2ccc3cc(Cl)ccc3c2)c(F)c1,CHEMBL418558
DEC_1480,decoy,CC(=O)OCC(=O)[C@@]12ON(Cc3ccccc3)C[C@@H]1CC1C3CCC4=CC(=O)C=CC4(C)[C@H]3C(O)CC12C,CHEMBL284234
DEC_1319,decoy,CC1(C)CC[C@]2(C(=O)n3cccn3)CC[C@]3(C)C(C(=O)C=C4[C@@]5(C)C=C(C#N)C(=O)C(C)(C)[C@@H]5CC[C@]43C)C2C1,CHEMBL8392
DEC_1603,decoy,Brc1cccc(SC2CN3CCC2CC3)c1,CHEMBL25587
DEC_2409,decoy,FCC(F)(F)Sc1nc(-c2ccccc2)c(-c2ccccc2)[nH]1,CHEMBL18534
DEC_2466,decoy,C[C@H](Sc1nc(N)cc(Cl)n1)c1cc2ccoc2cn1,CHEMBL280541
DEC_0216,decoy,NS(=O)(=O)Oc1ccc2c(c1)CCCC2=O,CHEMBL11029
DEC_1677,decoy,O=P(O)(O)COc1c(Br)cc(-c2c3ccccc3c(Br)c3sc4ccccc4c23)cc1Br,CHEMBL322061
DEC_2735,decoy,CNc1nc2ccc(Cl)cc2c2nc(-c3ccco3)nn12,CHEMBL8136
DEC_0169,decoy,CC[C@@]1(O)C(=O)OCc2c1cc1n(c2=O)Cc2cc3c(CNC4CCCCC4)c(O)ccc3nc2-1,CHEMBL276477
DEC_1864,decoy,O=C1CN2CCc3cncn3Cc3cccc(c3)Oc3ccc4cccc(c4c3)N1CC2,CHEMBL280181
DEC_1653,decoy,CCCCCCC[C@H]1CC2C(CCC3(C)C(=O)CCC23)C2(C)C=CC(=O)C=C12,CHEMBL268209
DEC_0590,decoy,CC(C)C1=CC2CC3(C=O)[C@@H]4CC[C@@H](C)[C@H]4CC2(CO[C@H]2CN(Cc4ccccc4Cl)[C@H](C)CO2)[C@]13C(=O)O,CHEMBL283194
DEC_1947,decoy,Cc1c([N+](=O)[O-])oc2c3c(ccc12)CCCC3,CHEMBL266722
DEC_3062,decoy,Cc1nc(N)nc(C)c1CNC(=O)Cn1c(C)ccc(NS(=O)(=O)Cc2ccccc2)c1=O,CHEMBL19728
DEC_3119,decoy,O=C1CCc2cc3c(c4c5ccccc5n1c24)CNCC3,CHEMBL23213
DEC_2983,decoy,CCC[C@@H]1C[C@H](NCC)c2cc(S(N)(=O)=O)sc2S1(=O)=O,CHEMBL415964
DEC_1611,decoy,CC[C@]1(c2cccc(N=C=S)c2)OC[C@H]([C@@H]2CCCCN2)O1,CHEMBL282383
DEC_3370,decoy,Cc1cc2c(cc1C1CCCCC1)OC(=O)C2,CHEMBL34649
DEC_1479,decoy,Cc1nn(C)c2ncc(C(=O)NO)c(N(C)S(=O)(=O)c3ccc(Oc4ccc(Cl)cc4)cc3)c12,CHEMBL286848
DEC_3057,decoy,COC(=O)[C@@H]1CCN(S(=O)(=O)c2ccc(OCc3ccc(F)cc3)cc2)[C@@H](C(=O)NO)C1,CHEMBL283026
DEC_2096,decoy,CCCc1nc2c(C(F)(F)F)cccc2c(O)c1C(=O)Nc1nccs1,CHEMBL35229
DEC_1515,decoy,COc1cc([C@@H]2c3cc4c(cc3[C@@H](NS(=O)(=O)c3cccs3)[C@H]3COC(=O)[C@H]23)OCO4)cc(OC)c1O,CHEMBL77225
DEC_1856,decoy,CSc1cc2n(c1C(=O)c1ccc(OC(C)C)cc1)CCC2C(=O)O,CHEMBL19451
DEC_0506,decoy,CN(C)c1ccc2c(c1Cl)CN1CC(=O)NC1=N2,CHEMBL280984
DEC_2945,decoy,CCCCc1ccc(Oc2ccc(C)cc2CC(=O)O)c(Cl)c1,CHEMBL27131
DEC_2768,decoy,Cc1cccc(/C(O)=C/c2nc3ccc(F)cc3c(=O)n2-c2ccccc2Cl)n1,CHEMBL281172
DEC_1913,decoy,CSc1ccc(Oc2cnc(O)nc2)cc1,CHEMBL540702
DEC_0364,decoy,COC12[C@@H]3N[C@@H]3CN1C1=C(C(=O)C(N3CCSC3)=C(C)C1=O)[C@@H]2COC(N)=O,CHEMBL285984
DEC_0294,decoy,CN(c1ccccc1)S(=O)(=O)c1ccc2c(c1)C(n1ccccc1=O)=CC(C)(C)O2,CHEMBL12305
DEC_3186,decoy,CC12CCC3C(C[C@@H](c4ccccc4)C4=CC(=O)CCC43C)C1CCC2=O,CHEMBL281871
DEC_1470,decoy,CCC(=O)OCC(=O)[C@@]1(OC(=O)c2ccco2)[C@H](C)CC2C3CCC4=CC(=O)C=CC4(C)C3C(O)CC21C,CHEMBL41957
DEC_0600,decoy,Cc1cc(SC2=C(O)OC(CCc3ccc(N)cc3)(C(C)C)CC2=O)c(C(C)(C)C)cc1OS(=O)(=O)N(C)C,CHEMBL306421
DEC_3025,decoy,CCCOP(=O)(OCC1C=CC(n2cc(C)c(=O)[nH]c2=O)O1)OCC(Cl)(Cl)Cl,CHEMBL19243
DEC_2329,decoy,COc1ccc2c3c1OC1[C@H]4OC[C@@]4(CCCCc4ccccc4)CC4C(C2)N(CC2CC2)CCC341,CHEMBL9880
DEC_3121,decoy,CC(C)(C)C1CS(=O)(=O)C(c2c(F)c(F)c(N=[N+]=[N-])c(F)c2F)S(=O)(=O)C1,CHEMBL31286
DEC_0643,decoy,C=CCC1(C(C)C#CCC)C(=O)NC(=S)NC1=O,CHEMBL277640
ACT_038,active,Oc1c(Cl)cc(Cl)c(Cl)c1Cc1c(O)c(Cl)cc(Cl)c1Cl,CHEMBL496
DEC_1859,decoy,Brc1cccc(Br)c1N(CC1CC1)C1=NCCCN1,CHEMBL20013
DEC_0942,decoy,CCCCCCOc1c(OC)cc(NC(C)CCCN)c2ncc(C)cc12,CHEMBL18805
DEC_3234,decoy,c1ccc(Cn2cnc3cnc(-c4ccco4)nc32)cc1,CHEMBL19824
DEC_1274,decoy,CC1N=CN(Nc2ccccc2)C1c1ccccc1,CHEMBL288964
DEC_1733,decoy,CCC[C@H](C)n1c(CC)nc2c(-c3ccc(OC(F)(F)F)cc3Cl)nccc21,CHEMBL422223
DEC_0092,decoy,C[C@@H]1C=C2c3cccc4c3[C@H](C[C@H]2N(C)C1)CN4C,CHEMBL38058
DEC_3285,decoy,CC(=O)C1CCC2C(=O)C3=C(O)c4c(O)ccc(O)c4CC3CC2C1,CHEMBL30252
DEC_1304,decoy,CC(C)(C)C12COC(c3ccccc3)(OC1)OC2,CHEMBL285208
DEC_1755,decoy,Cc1cc(C)n(CC2(C)COC(c3nc(-c4ccccc4)c(-c4ccccc4)[nH]3)OC2)n1,CHEMBL417494
DEC_2819,decoy,CC(C)Sc1ccc(CC2CCN(C3CCN(C(=O)c4ccccc4Cl)CC3)CC2)cc1,CHEMBL11856
DEC_1340,decoy,CC1CC2C3CCC4=CC(=O)C=CC4(C)[C@@]3(Cl)C(Cl)CC2(C)[C@@]1(OC(=O)c1cccs1)C(=O)CCl,CHEMBL276899
DEC_3071,decoy,C=C(Br)S(=O)(=O)OCCCl,CHEMBL17255
DEC_0162,decoy,CC(C)Nc1cccnc1N1CCN(C(=O)c2cc3cc(F)ccc3[nH]2)CC1.CS(=O)(=O)O,CHEMBL266674
DEC_1566,decoy,FC(F)(F)Oc1ccc(SCSC(F)(F)F)cc1,CHEMBL12528
DEC_0573,decoy,CCCNS(=O)(=O)Oc1cc(C(C)(C)C)c(SC2=C(O)OC(C)(CCc3ccc(O)cc3)CC2=O)cc1C,CHEMBL308889
DEC_2783,decoy,C#CCOC(=O)Nc1ccc(Cl)c(-c2nc3cc(C(F)(F)F)ccc3s2)c1,CHEMBL35388
DEC_1218,decoy,CCCCc1c(O)noc1CC(N)C(=O)O,CHEMBL10339
DEC_0672,decoy,C[C@H](N)Cc1c2ccoc2c(Br)c2ccoc12.Cl,CHEMBL263083
DEC_1896,decoy,CC#CC(=O)Nc1cnc2ncc(C#N)c(Nc3cccc(Br)c3)c2c1,CHEMBL31745
DEC_3127,decoy,O=S(=O)(c1ccc(OC(F)(F)F)cc1)C(Cl)(Cl)S(=O)(=O)C(F)(F)F,CHEMBL274791
DEC_0074,decoy,C1CCC2(CC1)OOC1(CCCCC1)OO2,CHEMBL22590
DEC_3177,decoy,C[C@H]1CNc2cc3nc(O)cc(C(F)(F)F)c3cc2C1CCC(F)(F)F,CHEMBL281945
DEC_1119,decoy,COc1c(N(C)C(=O)CNC(=O)/C=C/c2ccc(C(F)(F)F)cc2)ccc(SC)c1COc1cccc2ccc(C)nc12,CHEMBL113176
DEC_3170,decoy,O=C1NC(=O)C(CC#Cc2ccc(F)cc2)(S(=O)(=O)c2ccc(Br)cc2)S1,CHEMBL275072
DEC_0703,decoy,c1ccc(CNc2nc(Cc3ccccc3)nc3ccsc23)cc1,CHEMBL30941
DEC_2922,decoy,O=CC(Cc1ccccc1)NC(=O)c1ccccc1/C=C/c1ccccc1,CHEMBL26631
DEC_1331,decoy,C[C@@H]1CC[C@]2(C(=O)O)CC[C@]3(C)C(=CCC4[C@@]5(C)C[C@@H](O)[C@@H]6OC(C)(C)OC[C@@]6(C)C5CC[C@]43C)C2[C@H]1C,CHEMBL19761
DEC_2143,decoy,CCOCC(=O)N[C@H]1CCc2cc(OC)c(OC)c(OC)c2-c2ccc(OC)c(=O)cc21,CHEMBL30254
DEC_1776,decoy,Brc1ccc(Br)c(N(CC2CC2)C2=NCCN2)c1,CHEMBL278627
DEC_0617,decoy,COc1ccc(/C=C/C(=O)NCC(=O)N(C)c2ccc(SC)c(COc3cccc4ccc(C)nc34)c2SC)cc1,CHEMBL114915
DEC_0190,decoy,Nc1nc(N2CCCCC2)c2ccccc2n1,CHEMBL24189
DEC_2284,decoy,c1ccc(C2(c3ccccc3)OC[C@@H]([C@@H]3CCCN3)O2)cc1,CHEMBL412875
DEC_1094,decoy,CN(CC(=O)O)C1CCN(C(=O)N2CCC3(CC2)CCN(c2ccncc2)C3)CC1,CHEMBL430156
DEC_0067,decoy,C[C@@H]1C=C2c3cccc4[nH]cc(c34)C[C@H]2N(C)C1,CHEMBL291097
DEC_1842,decoy,COc1ccc(-c2nc(SC[S+](C)[O-])[nH]c2-c2ccc(OC)cc2)cc1,CHEMBL18335
DEC_2461,decoy,CC(C)CCCc1nc2c([nH]1)N1C(=N[C@@H]3CCC[C@@H]31)N(C)C2=O,CHEMBL278254
DEC_1689,decoy,CC(C)(C)C1CCN(C2CCN(C(CNC(=O)Cc3cc(C(F)(F)F)cc(C(F)(F)F)c3)c3cc(F)cc(F)c3)CC2)CC1,CHEMBL337347
DEC_1135,decoy,CCc1c[n+]([O-])ccc1CC(c1ccc(C(O)(C(F)(F)F)C(F)(F)F)cc1)c1ccc(OC(F)F)c(OC(F)F)c1,CHEMBL103859
DEC_2932,decoy,O=C(NCC=C(c1ccccc1)c1ccccc1)c1ccc2ccccc2n1,CHEMBL9510
DEC_1645,decoy,FC(F)C(F)(F)Sc1nc(-c2cccc(Cl)c2)c(-c2ccccc2)[nH]1,CHEMBL19030
DEC_2061,decoy,CSc1sc(C(=N)N)cc1-c1nc(-c2ccc(Cl)c([N+](=O)[O-])c2)cs1,CHEMBL413764
DEC_2617,decoy,c1ccc(CCCNC2c3ccccc3Oc3ccccc32)nc1,CHEMBL20107
DEC_1967,decoy,N=C(N)c1ccc2cc(CC(C(=O)O)c3ccc(O[C@H]4CCNC4)cc3)oc2c1,CHEMBL276989
DEC_3467,decoy,COc1cc2c(c(OC)c1OC)-c1ccc(SC)c(=O)cc1[C@@H](NC(C)=O)CC2,CHEMBL18981
DEC_1931,decoy,CC1=C[C@@H]2c3cccc4[nH]cc(c34)C[C@H]2N(C)C1,CHEMBL449081
DEC_2935,decoy,CN(C)c1cccc(Nc2nc(Cl)nc3c2ncn3Cc2ccccc2)c1,CHEMBL284406
DEC_0094,decoy,O=S1NC(Cc2cc3ccccc3s2)=NO1,CHEMBL17854
DEC_0576,decoy,O=C1c2cc(Cl)c([N+](=O)[O-])cc2C(=O)N1CCCCCn1c(C2CCNCC2)nc2cc(Cl)c(Cl)cc21,CHEMBL20829
DEC_3316,decoy,CC(=O)N1CCC(=C2c3ccc(Cl)cc3CCc3c(O)ccnc32)CC1,CHEMBL11222
DEC_0586,decoy,CCCc1nc(C(F)(F)C(F)(F)F)c(C(=O)O)n1Cc1ccc(-c2ccccc2-c2nn[nH]n2)cc1Br,CHEMBL291803
DEC_1226,decoy,CC(C)(C)c1cc(-c2nnc(NN)s2)cc(C(C)(C)C)c1O,CHEMBL16891
DEC_2573,decoy,CCCC(=O)OC(CC)c1nc2c(C(F)(F)F)cccc2c(O)c1C(=O)Nc1nccs1,CHEMBL285760
DEC_2348,decoy,CC1(C)C=C(n2ccccc2=O)c2cc(S(=O)(=O)Nc3ccc(Br)cc3)ccc2O1,CHEMBL273637
DEC_3464,decoy,COc1cc2c(cc1OC)-c1c/c(=N\c3c(C)cc(C)cc3C)n(C)c(=O)n1CC2,CHEMBL285913
DEC_1125,decoy,O=C(NCC(F)(F)F)C1(CCCCP(=O)(OCc2ccncc2)OCc2ccncc2)c2ccccc2-c2ccccc21,CHEMBL27695
DEC_1291,decoy,N#CC(c1ccc(Cl)c(Cl)c1)C1CCCC1,CHEMBL39241
DEC_0593,decoy,CCCCc1nc2ccc([C@]3(C)C[C@H]4CCC(C)(C)N4O3)cc2c(=O)n1Cc1ccc(-c2ccccc2-c2nn[nH]n2)cc1,CHEMBL44690
DEC_1487,decoy,CC(=O)OCC(=O)[C@@]1(OC(=O)c2ccco2)[C@H](C)CC2C3CCC4=CC(=O)C=CC4(C)[C@@]3(Cl)C(O)CC21C,CHEMBL38302
DEC_0738,decoy,CC(C)C1=CC2CC3(C=O)[C@@H]4CC[C@@H](C)[C@H]4CC2(CO[C@@H]2C[C@@H]4OC(C)(C)O[C@@H]4[C@@H](C)O2)C13C(=O)O,CHEMBL281117
DEC_0694,decoy,CC(C)Oc1nnc(-c2cc(C(C)(C)C)c(O)c(C(C)(C)C)c2)s1,CHEMBL16854
DEC_0480,decoy,C/N=C(/S)C1(c2cccnc2)CCCCC1=O,CHEMBL288807
DEC_0664,decoy,CCCC/N=C(\N)c1nnc(-c2ccccc2C)s1,CHEMBL267108
DEC_0646,decoy,O=NN(CCCl)C(=O)NC1C2CC3CC(C2)CC1C3,CHEMBL12424
DEC_0226,decoy,c1cc2c3c(c1)OC(C1=NCCN1)CN3CC2,CHEMBL13955
DEC_1149,decoy,CCCc1nc(CC)c(C(=O)OCc2cccc(C(=O)c3ccccc3)c2)n1Cc1ccc(-c2ccccc2-c2nn[nH]n2)cc1,CHEMBL72249
DEC_0971,decoy,COCC(=O)OCC(=O)[C@@]1(OC(=O)c2ccco2)[C@H](C)CC2C3CCC4=CC(=O)C=CC4(C)[C@@]3(F)C(O)CC21C,CHEMBL289625
DEC_1850,decoy,CCCCC1(CCCC)C(=O)C(C(=O)C(C)C)=C(O)C(C(=O)C(C)C)=C1O,CHEMBL20021
DEC_3366,decoy,C[C@@H]1[C@@H](c2ccccc2)c2ccccc2[C@@H]2CCCN12,CHEMBL285423
DEC_2899,decoy,C[C@@H]1CC2C3CCC4=CC(=O)C=CC4(C)[C@@]3(Cl)C(O)CC2(C)[C@@]1(OC(=O)c1cccs1)C(=O)CCl,CHEMBL435955
DEC_1350,decoy,O=C(c1ccc(Nc2ccnc3cc(C(F)(F)F)ccc23)cc1)N1CCC(O)(c2ccc(Cl)cc2)CC1,CHEMBL29998
DEC_0408,decoy,C[C@@H](N)C(=O)N[C@@H]1CN(c2nc3c(cc2F)c(=O)c(C(=O)O)cn3C2CC2)[C@H]1C,CHEMBL278790
DEC_2741,decoy,Oc1nc2cccc3c2n1CC(N(CC1CC1)CC1CC1)C3,CHEMBL273711
DEC_0254,decoy,NC(=O)c1cc(-c2ccncc2)nnc1Cl,CHEMBL6847
DEC_1224,decoy,CCCCc1ccc(Nc2nc(SC)c3[nH]cnc3n2)cc1,CHEMBL278903
DEC_2376,decoy,Clc1ccc(C(Cl)(c2ccc(Cl)cc2)c2cncnc2)cc1,CHEMBL26208
DEC_0073,decoy,O=S1NC(CC2=Cc3ccccc3CC2)=NO1,CHEMBL17355
DEC_1363,decoy,FC(F)(F)COc1nc(C(Cl)(Cl)Cl)c(Cl)c(OCC(F)(F)F)c1Cl,CHEMBL11278
DEC_0604,decoy,Cc1cc(C)cc(-c2[nH]c3ccc(C(C)(C)C(=O)N4CC5CCC4CC5)cc3c2[C@H](C)CNCCc2ccnc(CO)c2)c1,CHEMBL325091
DEC_1615,decoy,CCC[C@H](N)[C@H]1COC(c2ccccc2)(c2ccccc2)O1,CHEMBL424408
DEC_1561,decoy,O=C(O)CCC(=O)N1CCN(c2ccnc3cc(Cl)ccc23)CCN(c2ccnc3cc(Cl)ccc23)CC1,CHEMBL291186
DEC_2361,decoy,Cc1c2ccc3c(c2c(C)c2c1ccc1ccccc12)C=C[C@H](O)[C@H]3O,CHEMBL25201
DEC_0823,decoy,CCCCc1nc(NCc2ccncc2)c2sccc2n1,CHEMBL30406
DEC_0027,decoy,CCOC(=O)c1cccc(O)c1C(=O)c1c(O)cc(C(=O)O[C@@H]2CCC[C@H]2NC(=O)c2ccc(O)cc2)cc1O,CHEMBL66452
DEC_2346,decoy,CC(C)=CCN1C[C@H](OCC23C[C@@H]4[C@H](C)CC[C@H]4C4(C=O)CC2C=C(C(C)C)[C@@]34C(=O)O)OC[C@H]1C,CHEMBL286023
DEC_2081,decoy,CC(=O)O[C@H]1c2ccc(CN(C)C)n2-c2ccccc2S[C@H]1c1ccccc1,CHEMBL442147
DEC_2074,decoy,CN(Cc1c2ccccc2cc2ccccc12)c1cnc2nc(N)nc(N)c2n1,CHEMBL33933
DEC_3038,decoy,CCc1cc2c(=O)n(N)c(SCCCN3CCN(c4ncccn4)CC3)nc2s1,CHEMBL416707
DEC_2387,decoy,C=CCC1Oc2cccc(OCC)c2-c2ccc3c(c21)C(C)=CC(C)(C)N3,CHEMBL8026
DEC_0286,decoy,C=C(C)CCN(C1=NCCN1)c1c(Br)cccc1Br,CHEMBL20490
DEC_1235,decoy,CCC(C)(C)/N=c1\c(O)c(O)\c1=N/Cc1cc(C)cc(C)c1,CHEMBL20104
DEC_2767,decoy,CN1C[C@H](C(=O)Nc2ccc(Cl)nn2)C[C@@H]2c3cc(C(C)(C)C)cc4[nH]cc(c34)C[C@H]21,CHEMBL13770
DEC_1559,decoy,CCN1CCN(C2=Nc3ccc(Br)cc3CC=C2c2ccc(Cl)cc2)CC1.O=C(O)/C=C/C(=O)O,CHEMBL418361
DEC_0822,decoy,O=C(c1ccccc1)C(O)(Cn1cncn1)c1ccccc1Cl,CHEMBL416520
DEC_2407,decoy,CC[C@@H]1C[C@H](CC)c2cc3c(C(F)(F)F)cc(O)nc3cc2N1,CHEMBL7383
DEC_1735,decoy,CS(=O)(=O)c1ccc(-c2sc(-c3ccccc3Cl)nc2-c2ccsc2)cc1,CHEMBL17179
DEC_3044,decoy,CCOC(=O)c1cnc2ccc(C3(CCC(=O)CCc4ccoc4)CCC(=O)NC3=O)cc2c1O,CHEMBL278810
DEC_2201,decoy,Cc1nc(C(=O)O)c2c(O)nc3ccccc3n12,CHEMBL441349
DEC_2084,decoy,O=C(c1cc2ccccc2[nH]1)c1cc2cc(OC(=O)c3ccco3)ccc2[nH]1,CHEMBL266499
DEC_1089,decoy,CC(C)(C)n1cc(C(=O)O)c(=O)c2cc(F)c(N3CCNC(CF)C3)cc21,CHEMBL27029
DEC_2758,decoy,Cc1c(/C=C/O)nc(O)c2c1ccc1nc(Nc3c(Cl)cccc3Cl)n(C)c12,CHEMBL27485
DEC_3406,decoy,CCc1nc2c(C)cc(C)nc2n1Cc1ccc(OC(C(=O)O)c2ccccc2)c(Cc2ccccc2)c1,CHEMBL418354
DEC_0939,decoy,CCCCC(C)(O)C/C=C/[C@H]1[C@H](O)CC(=O)[C@@H]1C/C=C/C/C=C/C(=O)OC,CHEMBL19674
DEC_1117,decoy,CC(C)n1cc(C(=O)O)c(=O)c2c(F)c(F)c(N3CCN(C)CC3)c(F)c21,CHEMBL25531
DEC_2433,decoy,CCCCc1oc2ccccc2c1C(=O)c1ccc2cc(O)ccc2c1,CHEMBL25079
DEC_0085,decoy,C[C@H]1C=C2c3cccc4c3[C@@H](CN4)C[C@H]2N(C)C1,CHEMBL289517
DEC_2992,decoy,COc1ccc(O)c2c(=O)c3c(NCCN(C)C)ccc4ncn(c12)c43,CHEMBL8227
DEC_1800,decoy,CC(C)c1nc2c(C(F)(F)F)cccc2c(O)c1C(=O)Nc1nccs1,CHEMBL36363
DEC_2415,decoy,CC[C@@]1(CC(=O)O)OC[C@H](Cc2ccccc2)c2c1[nH]c1ccccc21,CHEMBL430916
DEC_0058,decoy,CC(C)C1CC/C(=C/Br)OC1=O,CHEMBL417130
DEC_0488,decoy,CC(C)(C)c1cn2nc(S(N)(=O)=O)sc2n1,CHEMBL19381
DEC_2537,decoy,CCn1c(=O)n2c(cc1=Nc1c(C)cc(C)cc1C)-c1cc(OC)c(OC)cc1CC2,CHEMBL36033
DEC_2508,decoy,Cc1nnc2n1-c1sc(C#Cc3ccc4c(c3)CCO4)cc1C(c1ccccc1Cl)=NC2,CHEMBL34796
DEC_0017,decoy,CC1(C)CNc2c(cccc2S(=O)(=O)N[C@@H](Cc2nc3ccccc3s2)C(=O)N2CCC(CCN)CC2)C1,CHEMBL282568
ACT_078,active,Cc1cc(Nc2nccc(-c3sc(C4CCNCC4)nc3-c3ccc(F)cc3)n2)ccn1,CHEMBL4591417
DEC_0826,decoy,CCCCCCc1nc2c([nH]1)N1C[C@@H](C(C)C)N=C1N(C)C2=O,CHEMBL274965
DEC_0846,decoy,Cc1cc(CCCCCCOc2ccc(C3=NCCO3)cc2)on1,CHEMBL25488
DEC_1846,decoy,c1cc(NC2=NCCN2)ccc1Cc1ccc(OCC2CCOCC2)cc1,CHEMBL10242
DEC_2287,decoy,Nc1ccc(C23CC(C2)C(=O)N(C2CCCCC2)C3=O)cc1,CHEMBL27467
DEC_0940,decoy,CCCCC(C)(O)C/C=C/[C@H]1[C@H](O)CC(=O)[C@@H]1C/C=C\C/C=C/C(=O)OC,CHEMBL418554
DEC_2803,decoy,CCCc1cc(=O)oc2c3c(c4c(c12)OC(C)(C)C=C4)O[C@H](C(C)C)[C@@H](C)[C@H]3O,CHEMBL269359
DEC_0016,decoy,C[C@@H](NC(=O)c1scc(S(=O)(=O)c2ccc(Cl)cc2)c1N)[C@](O)(Cn1cncn1)c1ccc(F)cc1F,CHEMBL292001
DEC_2204,decoy,COc1c2n(c3ccc(Cl)cc13)CCNC2,CHEMBL289061
DEC_0463,decoy,OCC1CC(F)C(n2cnc3c(Cl)ncnc32)O1,CHEMBL279379
DEC_2104,decoy,CCN(CC)/C(S)=N\c1cc(-c2nc(-c3ccco3)no2)ccc1Cl,CHEMBL278146
DEC_0521,decoy,CCONC1=NC(=O)/C(=C/c2cc(C(C)(C)C)c(O)c(C(C)(C)C)c2)O1,CHEMBL280471
DEC_1194,decoy,CCC1(c2ccc(N)cc2)CCC(=O)NC1=O,CHEMBL488
DEC_1943,decoy,C=CCN1CC[C@H]2c3cccc(O)c3CC[C@@H]21,CHEMBL24575
DEC_2766,decoy,O=C(Nc1nc2ccccc2s1)c1cc(Br)cc(Br)c1O,CHEMBL277688
DEC_0040,decoy,Cl.NC(=O)Nc1cccc(OP(=O)(OC2=CC=CC(NC(N)=O)C2)C2CCCN2C(=O)C2CCCN2)c1,CHEMBL430281
DEC_0801,decoy,O=C(CCCC1CC1)c1ccc2c(c1)CCO2,CHEMBL14576
DEC_0210,decoy,OCC1CC(F)C(n2cnc3c(F)ncnc32)O1,CHEMBL274911
DEC_2220,decoy,CN1C[C@H](CO)C=C2c3cccc4c3[C@@H](CN4)C[C@H]21,CHEMBL288480
DEC_2909,decoy,O=C1[C@H]2C(c3ccccc3)NC3(C(=O)c4ccccc4C3=O)[C@H]2C(=O)N1c1ccc(Cl)c(Cl)c1,CHEMBL281933
DEC_2416,decoy,CC[C@@]1(CC(=O)O)OC[C@@H](Cc2ccccc2)c2c1[nH]c1ccccc21,CHEMBL22079
DEC_2997,decoy,CC(=O)c1c(-c2ccc(O)cc2)c(-c2ccc(O)cc2)nn(CCO)c1=O,CHEMBL31937
DEC_2906,decoy,Cc1nnc2n1-c1sc(C#CCN3C(=O)C4(C)CCCc5cccc3c54)cc1C(c1ccccc1Cl)=NC2,CHEMBL283525
DEC_1202,decoy,CCc1cccc(N2C(N)=NC(N)=NC2(C)C)c1,CHEMBL20874
DEC_1217,decoy,Cc1c(O)nc(S)nc1COc1ccccc1,CHEMBL32275
DEC_1057,decoy,CN1c2ccc(Cl)cc2[C@H]2OCC[C@H]2[C@H]1c1c[nH]c2ccc(Br)cc12,CHEMBL24918
DEC_1707,decoy,C=C(C)[C@@H]1CC[C@]2(C(=O)O)CC[C@]3(C)C(CCC4[C@@]5(C)CC[C@H](OC(=O)Cc6cc(OC)ccc6OC)C(C)(C)C5CC[C@]43C)C12,CHEMBL108591
DEC_2369,decoy,CC(c1ccc(Cl)cc1)(c1ccc(Cl)cc1)c1cncnc1,CHEMBL29901
DEC_2809,decoy,C[C@H](CCCC(C)(C)O)C1CCC2/C(=C/C3OOCC4=C3C[C@@H](O)CC4)CCCC21C,CHEMBL15752
DEC_0820,decoy,CCOc1ccccc1C/N=C(\S)c1ccc2cnccc2n1,CHEMBL267280
DEC_1087,decoy,O=C1NC(=O)C(CC#Cc2ccc(Cl)cc2)(S(=O)(=O)c2ccccn2)S1,CHEMBL11958
DEC_3014,decoy,O=C(NOCc1ccccc1)c1ncn2c(=O)n(CCCl)nnc12,CHEMBL31778
DEC_3020,decoy,Cc1cn(COC2CP(=O)(Oc3ccccc3)OC2C)c(=O)[nH]c1=O,CHEMBL428365
DEC_2303,decoy,Nc1nc2ccc(Cl)cc2c2nc(-c3ccco3)nn12,CHEMBL16687
DEC_0851,decoy,CCCC1=NN(C(=O)OC2CCCCC2)C(CCC)N=N1,CHEMBL17599
DEC_0912,decoy,O=C(O)Cc1nn(Cc2nc3c(Cl)cccc3s2)c(=O)c2ccccc12,CHEMBL20015
DEC_3070,decoy,COc1cc2c(c(OC)c1OC)-c1ccc(OC)c(=O)cc1[C@@H](NC(=O)COC(C)=O)CC2,CHEMBL29759
DEC_1483,decoy,CC(=O)OCC(=O)[C@@]1(OC(=O)c2ccco2)[C@@H](C)CC2C3CCC4=CC(=O)C=CC4(C)[C@@]3(F)C(O)CC21C,CHEMBL416603
DEC_0263,decoy,C/C(=N\OCC#N)c1ccc(Sc2cc(F)cc(C3CCOCC3)c2)cc1,CHEMBL24925
DEC_0055,decoy,C1=CC(=Nn2cccc2)C=CC1=Nn1cccc1,CHEMBL25422
DEC_1243,decoy,CCC1(CC)C(=O)Nc2cc3[nH]c(-c4ccncc4)nc3cc21,CHEMBL275377
DEC_3371,decoy,CCCN(CC#CCCCC1(C2(O)c3ccccc3Oc3ccccc32)SCCCS1)CCC,CHEMBL290294
DEC_2266,decoy,CC(C)(C)C1CSC(C2=CC(=O)C=CC2=[N+]=[N-])SC1,CHEMBL31906
DEC_0214,decoy,Cn1ncc2c1nc(N)n1nc(-c3ccco3)nc21,CHEMBL277589
DEC_1134,decoy,CO/N=C(\CN(C)C(=O)c1cc(C)nc(C)c1)C(CCN1CCC(O)(c2ccccc2)CC1)c1ccc(Cl)c(Cl)c1,CHEMBL33215
DEC_0256,decoy,CC1=NS(=O)(=O)c2cc(Cl)cnc2N1,CHEMBL442260
DEC_0305,decoy,CCCCc1oc2ccccc2c1Cc1cccc(/C(C)=C/Cn2oc(=O)[nH]c2=O)c1,CHEMBL267740
DEC_0425,decoy,Brc1ccccc1Nc1nc2ccccc2n2cncc12,CHEMBL28916
DEC_0200,decoy,CC1(C)CCc2c(nc3ccccc3c2O)O1,CHEMBL282662
DEC_1997,decoy,Nc1cccc(-c2cccn(C(CN3CCC(O)C3)c3ccccc3)c2=O)c1,CHEMBL14959
DEC_0384,decoy,CN(C)n1c(=O)cc2n(C3CC3)c3cc(N4CCNCC4)c(F)cc3n2c1=O,CHEMBL28908
DEC_2238,decoy,Nc1nc(Cl)c2ncn([C@H]3CCC[C@H]3CO)c2n1,CHEMBL26037
DEC_2802,decoy,CCCc1cc(=O)oc2c3c(c4c(c12)OC(C)(C)C=C4)O[C@H](C(C)C)[C@H](C)[C@@H]3O,CHEMBL6883
DEC_1222,decoy,O=C(O)c1ccccc1[C@H]1CC[C@H]2CN[C@H](C(=O)O)C[C@H]2C1,CHEMBL280054
DEC_1578,decoy,CCCCC[C@@H]1/C=C\C2CCC(=O)[C@@H]2C/C=C\CCCC(=O)O1,CHEMBL12061
DEC_1390,decoy,Cc1nnc2n1-c1sc(C#Cc3ccc(-c4ccccn4)s3)cc1C(c1ccccc1Cl)=NC2,CHEMBL284079
DEC_2178,decoy,O=C1NC(=O)/C(=C/c2cccc3ccccc23)N1,CHEMBL289269
DEC_0616,decoy,CC(=O)c1ccc(-c2ccc(/C=C/C(=O)Nc3ccc(NC(=O)Cc4ccc(C)cc4)c(C(=O)c4ccccc4)c3)o2)cc1,CHEMBL66988
DEC_1490,decoy,C[C@@H]1C[C@H]2O[C@@H]2/C=C\C=C\C(=N/OCC(=O)NCCc2cccn2C)Cc2c(Cl)c(O)cc(O)c2C(=O)O1,CHEMBL84564
DEC_1756,decoy,CCSc1ccnc(C[S+]([O-])c2nc3ccccc3n2CSc2ccccc2)c1C,CHEMBL9829
DEC_2189,decoy,O=C(O)Cc1cn2c(n1)COc1ccccc1-2,CHEMBL13255
DEC_2015,decoy,CCc1nc2c(C)cc(C)nc2n1Cc1ccc(-c2cscc2-c2nn[nH]n2)cc1,CHEMBL274626
DEC_2070,decoy,CSC1=NC2/C(=C(/O)OCCCCCSc3c2cccc3[N+](=O)[O-])C(C)=N1,CHEMBL23692
DEC_1937,decoy,OC1CCCC1N1CCC(c2ccccc2)CC1,CHEMBL20464
DEC_1197,decoy,Oc1ccc2c(c1O)CCC[C@@H]2C1=NCCN1,CHEMBL7169
DEC_2225,decoy,Cc1nc2n(c(=O)c1C(=O)O)C(C)CC/C2=N\O,CHEMBL36151
DEC_2915,decoy,O=C1[C@H]2[C@H](c3ccccc3)OC3(C(=O)c4ccccc4C3=O)[C@H]2C(=O)N1c1ccc(Cl)c(Cl)c1,CHEMBL27258
DEC_0245,decoy,O=c1oc(NC2CCSC2)nc2ccccc12,CHEMBL10156
DEC_2873,decoy,CC1CC2C3CCC4=CC(=O)C=CC4(C)[C@@]3(Cl)C(Cl)CC2(C)[C@@]1(OC(=O)c1ccco1)C(=O)CF,CHEMBL275439
DEC_0583,decoy,CCc1sc(CCc2cc(N3CCOCC3)cc(NCc3cc(Cl)cc(NC(=O)OC(C)C)c3)n2)nc1C,CHEMBL50184
DEC_0354,decoy,Cc1cc(C)c(S(=O)(=O)[O-])c(C)c1.Cc1cc2c3c(cc(C)[n+]2nc1C)[nH]c1ccccc13,CHEMBL263737
DEC_2842,decoy,CN(C)C1CCC(Nc2nc(Nc3ccc(Cl)c(Cl)c3)c3ccccc3n2)CC1,CHEMBL31311
DEC_1428,decoy,CC1(C)CC1C(=O)N/C(=C\CCCCCCCBr)C(=O)O,CHEMBL11992
DEC_0536,decoy,O=S(=O)(c1nc(-c2ccccc2)c(-c2ccccc2)[nH]1)C(F)F,CHEMBL17780
DEC_1683,decoy,CC(C)c1cc(C(C)(C)CC(C)(C)C)cc2c1OCCOCCOCc1cc(C(C)(C)C)cc(c1C(=O)O)COCCOCCO2,CHEMBL167740
DEC_2474,decoy,Cc1cccc(Nc2nc(Cl)nc(N(C)C)n2)c1C,CHEMBL287952
DEC_2188,decoy,COc1ccc2c(ccc3nc(C(=O)O)cn32)c1,CHEMBL13391
DEC_2358,decoy,COc1nc(C(Cl)(Cl)Cl)c(Cl)c(Cl)c1Cl,CHEMBL11241
DEC_0721,decoy,CO/C1=C\C(C)=C\[C@@H](C)C(=O)[C@@H](C)C/C(C)=C/C=C/[C@H](OC)[C@@H]([C@@H](C)[C@@H](O)[C@H](C)C(=O)O)OC1=O,CHEMBL55768
DEC_1107,decoy,COc1ccc(C(F)(F)F)cc1N(C)Cc1cnc2nc(N)nc(N)c2c1C,CHEMBL23076
DEC_2665,decoy,Clc1ccc(Cn2c(Br)nc3cc(Cl)c(Cl)cc32)cc1Cl,CHEMBL282268
DEC_0399,decoy,CC1(C)[C@H](C(=O)O)N2C(=O)[C@@H](Cc3cn(-c4ccc(F)cc4)nn3)[C@H]2S1(=O)=O,CHEMBL6292
DEC_0117,decoy,CC[C@H]1COC(c2ccc(OCCCCCCCc3cc(C)no3)cc2)=N1,CHEMBL24787
DEC_3314,decoy,C[C@@H](/N=c1\c(O)c(O)\c1=N/c1ccc(C#N)cc1Cl)C(C)(C)C,CHEMBL18931
DEC_0795,decoy,COc1ccc2cc([C@H](C)C(=O)O)ccc2c1,CHEMBL154
DEC_3003,decoy,COc1c2occc2c(CN(CCO)CCO)c2ccc(=O)oc12.Cl,CHEMBL428674
DEC_0642,decoy,O=NN(CCF)C(=O)NC1C2CC3CC(C2)CC1C3,CHEMBL267546
DEC_3173,decoy,CSc1sc(C(=N)N)cc1-c1nc(-c2ccc3ccccc3c2)cs1,CHEMBL29290
DEC_1313,decoy,c1ccc(CNc2ncnc3ccsc23)cc1,CHEMBL31877
DEC_3221,decoy,C[S+]([O-])c1ccc(C(=O)c2ccc3n2CCC3C(=O)O)cc1,CHEMBL9232
DEC_2195,decoy,CSc1ccc2c(O)cc(C(=O)O)nc2c1,CHEMBL23005
DEC_1975,decoy,CCCCC(O)(c1ccc(F)cc1)C(O)(Cn1cncn1)c1ccccc1Cl,CHEMBL416701
DEC_1841,decoy,CNC[C@H]1CC[C@H](Nc2nc(Nc3ccc(Cl)cc3)c3ccccc3n2)CC1,CHEMBL17454
DEC_1969,decoy,CNC(=O)[C@@H](NC(=O)[C@H](CC(C)C)[C@@H](C(=O)NO)C1CCC(C)CC1)C(C)(C)C,CHEMBL29977
DEC_0252,decoy,CCOC(=O)C1=CC2c3ccccc3NC2C=N1,CHEMBL282050
DEC_2961,decoy,CCNC(=O)/C(C(=O)O)=C(C)\C=C\C=C(C)\C=C\C1=C(C)CCCC1(C)C,CHEMBL14287
ACT_043,active,Cc1cc(S(=O)(=O)Nc2ccccc2O)c(C(C)C)cc1O,CHEMBL4800270
DEC_0730,decoy,CCCCC(=O)O[C@]1(C(=O)CO)C(C)CC2C3CCC4=CC(=O)C=CC4(C)[C@@]3(F)C(O)CC21C,CHEMBL10858
DEC_0136,decoy,COc1ccc(CCCCNCCOc2cc(C)cc3c2OCCC3)cc1,CHEMBL21475
DEC_1910,decoy,C(=N\c1ccc(-c2ncon2)cc1)\c1ccc[nH]1,CHEMBL21837
DEC_0756,decoy,COC(=O)c1c(C(F)(F)F)[nH]c2c1C13CC1CN(C(=O)c1cc4cc(OC)ccc4[nH]1)C3=CC2=O,CHEMBL297000
DEC_1212,decoy,NCC12NC(Cc3ccccc31)c1ccccc12,CHEMBL11118
DEC_2590,decoy,CCCOc1ccc(C(N)=O)cc1-c1nc(O)c2cc3c(cc2n1)ncn3Cc1ccc(F)cc1,CHEMBL278354
DEC_0729,decoy,O=C1[C@@H](NS(=O)(=O)c2ccc(-c3ccc(Cl)s3)s2)CCN1Cc1cc2[nH]cccc-2n1,CHEMBL266533
DEC_1075,decoy,CCC1(O)C(=O)OCc2c1cc1n(c2=O)Cc2c-1nc1ccc(CCN)cc1c2C,CHEMBL273685
DEC_0780,decoy,CC1CCC(NC(=O)N(CCF)N=O)CC1,CHEMBL13005
DEC_2356,decoy,O=C1c2c(c(=O)n3nc(-c4ccccc4)cc3n2CS(=O)(=O)c2ccccc2)CN1C1CCCCC1,CHEMBL47851
DEC_2460,decoy,Cc1c(C)c(C)c(S(=O)(=O)OCCCl)c(C)c1C,CHEMBL17524
DEC_3178,decoy,O=C1NCc2c1c1c3ccccc3n3c1c1c2c2ccccc2n1CSC3,CHEMBL26872
DEC_0060,decoy,CC12CCCCC1(Br)[N+]([O-])=[N+]2[O-],CHEMBL268520
DEC_1787,decoy,CC(/N=c1\c(O)c(O)\c1=N/c1ccc(OC(F)(F)F)cc1)C(C)(C)C,CHEMBL19421
DEC_0842,decoy,CCCN1CCN(CCC)C2(COc3cccc(OC)c3C2)C1,CHEMBL438755
DEC_3254,decoy,c1ccc(Cn2cnc3c(-c4ccco4)ncnc32)cc1,CHEMBL19604
DEC_0794,decoy,COc1ccc2cc(C(C)C(=O)O)ccc2c1,CHEMBL12952
DEC_3214,decoy,Clc1nc(/C=C/c2ccccc2)nc2c1ncn2Cc1ccccc1,CHEMBL19865
DEC_2124,decoy,COc1cc(OC)c2c(c1)C(=O)c1cc(CN(CCCl)CCCl)cc(OC)c1C2=O,CHEMBL288135
DEC_2397,decoy,CCCCCc1cc(O)c2c(c1)OC(C)(C)[C@@H]1CCC(C)=C[C@@H]21,CHEMBL465
DEC_0714,decoy,Cc1cc(C(=C2CCN(C)CC2)c2ccc(C(C)C)cc2)sn1,CHEMBL22224
DEC_2903,decoy,Cc1ccc(N2CCN(c3cc4c(ncc5c4c(=O)c(C(=O)O)cn5C)c(F)c3Cl)CC2)cc1F,CHEMBL284199
DEC_3333,decoy,C[C@]12N[C@H](Cc3ccccc31)c1c2ccc2ccccc12,CHEMBL282929
DEC_1552,decoy,O=C(c1cc(C(F)(F)F)cc(C(F)(F)F)c1)N1CCC2(CC1)NC(=O)N(Cc1cccc(-c3ccccc3)c1)C2=O,CHEMBL313297
DEC_1269,decoy,COOC1(OC)CCCCCCCCCCC1,CHEMBL29834
DEC_1607,decoy,Clc1ccccc1Nc1nc2ccccc2n2cncc12,CHEMBL282607
DEC_1045,decoy,C[C@@H]1C(=O)C(C)(C)Nc2ccc3c(c21)[C@H](c1cccc(F)c1)Oc1ccccc1-3,CHEMBL36564
DEC_2214,decoy,CC(C)(C)n1ncc2c1nc(N)n1nc(-c3ccco3)nc21,CHEMBL280067
DEC_2165,decoy,OCC12NC(Cc3ccccc31)c1ccccc12,CHEMBL273886
DEC_2554,decoy,CCN(C)C(=N)c1ccc(NC(=O)c2cc(C)nn2-c2cc3ccccc3cc2F)c(F)c1,CHEMBL21506
DEC_0991,decoy,Cc1nc(N)ccc1CNC(=O)C1C=CCn2c(=O)n(C(CSc3ccc(C(C)(C)C)cc3)C(=O)O)c(=O)n21,CHEMBL285064
DEC_2192,decoy,N[C@H](C(=O)N1CC[C@@H](F)C1)C1CCCCC1,CHEMBL23981
DEC_0165,decoy,CC(=O)Nc1ccc(NC(=O)CC2CCc3cc(Br)cc4[nH]c(=O)c(=O)n2c34)cc1,CHEMBL40090
DEC_0260,decoy,O=NN(CCCl)C(=O)NC1C(F)(F)C(F)(F)C(F)(F)C(F)(F)C1(F)F,CHEMBL20533
DEC_2057,decoy,Nc1nc(N)c2c(Cl)c(NC(=O)Cc3ccc(Cl)c(Cl)c3)ccc2n1,CHEMBL266761
DEC_3223,decoy,CCOC(=O)C1=CNC2=C(/C=N/c3ccccc3)CCN2C1=O,CHEMBL277884
DEC_3162,decoy,CC(=O)NCCn1ccc2cc(C(=O)N3CCC(N4C(=O)OCc5ccccc54)CC3)ccc21,CHEMBL31823
DEC_1919,decoy,CC1C(=O)Oc2cc(C3CCCCC3)ccc21,CHEMBL290797
DEC_2060,decoy,CC(C)(C)C1CSC(c2cc([N+](=O)[O-])cc(Br)c2O)SC1,CHEMBL285631
DEC_0572,decoy,O=C(O)CCC/C=C/C[C@H]1[C@H](NS(=O)(=O)c2ccc(F)cc2)C2CC1(c1ccc(-c3ccccc3)cc1)CO2,CHEMBL11013
DEC_3033,decoy,CCc1cc(C(C)=O)c(O)cc1OCc1cncc(C(=O)Nc2nc(CC(=O)O)cs2)n1,CHEMBL287089
DEC_0424,decoy,N#Cc1cc(-c2ccc3c(c2)C2(CCCCC2)C(S)=N3)ccc1F,CHEMBL282774
DEC_1466,decoy,CN1[C@@H]2[C@H](C(=O)O)C[C@H]1C(C#N)N1[C@@H](CO)C3=C(C[C@@H]21)C(=O)C(SC(C)(C)C)=C(SC(C)(C)C)C3=O,CHEMBL301034
DEC_2091,decoy,Cc1cccc(SC2(CC#Cc3ccc(Cl)cc3)SC(=O)NC2=O)n1,CHEMBL276216
DEC_3402,decoy,Clc1ccc(C2CC3CCC2N3CCCCCCN2C3CCC2C(c2ccc(Cl)nc2)C3)cn1,CHEMBL53620
DEC_2625,decoy,NC(=O)c1ccc(Cl)c(-c2ccc(-c3ccccc3)cc2)c1,CHEMBL284731
DEC_3187,decoy,Cc1nc2c(s1)CN=C(c1ccccc1Cl)c1cc(Cl)ccc1-2,CHEMBL8386
DEC_2759,decoy,O=c1c2cc(F)ccc2nc(/C=C(\O)c2ccccn2)n1-c1ccccc1Cl,CHEMBL283373
DEC_3430,decoy,COC1(c2cc(F)cc(Sc3ccc4c(c3)OCC/C4=N\OCC#N)c2)CCOCC1,CHEMBL25692
ACT_016,active,NS(=O)(=O)c1ccc(C(=O)n2[nH]c(=O)c3c([N+](=O)[O-])cccc3c2=O)cc1,CHEMBL4524569
DEC_0013,decoy,CC[C@@H](C)[C@@H](NS(=O)(=O)c1cc(Cl)c(Cl)cc1Cl)C(=O)N[C@H](Cc1cscn1)C(=O)NO,CHEMBL313932
DEC_1128,decoy,CCOC(=O)c1cn(Cc2ccccc2F)c2c(F)c(-c3ccc(OCC(C)C)cc3)c(CN(C)Cc3ccco3)n2c1=O,CHEMBL117346
DEC_1917,decoy,O=C(c1ccccc1)c1ccc2nc(O)oc2c1,CHEMBL15233
DEC_0710,decoy,c1ccc(CNc2nc(Cc3ccncc3)nc3ccsc23)cc1,CHEMBL31390
DEC_0352,decoy,Cc1ccc(C#N)c(/C(O)=C/c2nc3ccc(F)cc3c(=O)n2-c2ccccc2Cl)n1,CHEMBL18944
ACT_094,active,CN(C)CCCN1C(=O)CSC1c1cccc(F)c1F,CHEMBL5424185
DEC_0532,decoy,CCCCc1ccc(-c2nc3cc4c(cc3[nH]2)C(C)(C)C(=O)N4)nc1,CHEMBL24542
DEC_3064,decoy,CC(C)[C@H](NC(=O)Cn1c(-c2ccccc2)ncc(N)c1=O)C(=O)c1nnc(C(C)(C)C)o1,CHEMBL23234
DEC_0980,decoy,N[C@H]1CC[C@H](CNC(=O)C2C=CCn3c(=O)n(C(CSc4ccc5ccccc5c4)C(=O)O)c(=O)n32)CC1,CHEMBL32524
DEC_2708,decoy,S=C=Nc1cc(-c2nc(-c3ccco3)no2)ccc1Cl,CHEMBL21130
DEC_1115,decoy,C[C@]12CCC(=O)C=C1CCC1C2=CC[C@@]2(C)C1CC[C@]2(O)C(=O)CN1CCNCC1,CHEMBL15687
DEC_3164,decoy,COc1cc2c(cc1OC)[C@@H]1[C@H](O)c3ccc4c(c3O[C@@H]1CO2)Cc1cc(C(C)C)oc1C4,CHEMBL39169
DEC_2023,decoy,CC1CNCC(C)N1C(=O)N1Cc2c(C(=O)OC(C)(C)C)ncn2-c2ccc(F)cc21,CHEMBL15276
DEC_0481,decoy,c1ccc2c(c1)OC1(CCNCC1)C2n1cccc1,CHEMBL35882
DEC_0128,decoy,c1ccc(-c2ccc(COc3cccc(OCCCc4nnn[nH]4)c3)nc2)cc1,CHEMBL18196
DEC_2028,decoy,CC(O)c1nc2c(C(F)(F)F)cccc2c(O)c1C(=O)Nc1nccs1,CHEMBL263993
DEC_0607,decoy,Cc1cc(SC2=C(O)OC(CCc3ccc(O)cc3)(C(C)C)CC2=O)c(C(C)(C)C)cc1NC(=O)c1ccncc1,CHEMBL38154
DEC_0134,decoy,COc1ccc(CCCCNCCOc2cc(F)cc3c2OCCC3)cc1,CHEMBL25213
DEC_2663,decoy,COc1c(Cl)c(C(Cl)(Cl)Cl)nc(C(Cl)(Cl)Cl)c1Cl,CHEMBL11915
DEC_1447,decoy,CCc1[nH]c(O)nc1C(=O)c1ccc(-n2ccnc2CCC(C)C)cc1,CHEMBL26357
DEC_0342,decoy,O=C1[C@H]2C(c3ccccc3)NC3(Cc4ccccc4C3)[C@H]2C(=O)N1c1ccc(Cl)c(Cl)c1,CHEMBL281459
DEC_2324,decoy,Clc1ccc2c(c1)C(c1ccccc1)=NCc1nnc(C(CN3CCOCC3)c3ccccc3)n1-2,CHEMBL279369
DEC_2090,decoy,O=C1c2ccccc2CCCN1CCN1CCC(n2c(O)nc3ccccc32)CC1,CHEMBL273872
DEC_0806,decoy,CCCC(=O)NCCc1c[nH]c2ccccc12,CHEMBL40140
DEC_1144,decoy,CC(C)(/C=N/OCC(=O)O)Cc1c(SC(C)(C)C)c2cc(OCc3cscn3)ccc2n1Cc1ccc(Cl)cc1,CHEMBL36331
DEC_2953,decoy,O=C(O)c1ccccc1Nc1cccc(OCc2ccc3ccccc3n2)c1,CHEMBL18132
DEC_2381,decoy,CC(Nc1nc(C(F)(F)F)nc2ccccc12)c1ccccc1,CHEMBL16205
DEC_2750,decoy,CC[S+]([O-])c1nc(-c2ccccc2)c(-c2ccccc2)[nH]1,CHEMBL18349
DEC_1715,decoy,CCN(CC)CC#CCCC1(C(O)(c2ccccc2)c2ccccc2)SCCCS1,CHEMBL290224
DEC_1015,decoy,CCC1C(=O)N2C=CSC2=[N+](Cc2ccccc2Cl)C1=O,CHEMBL23694
DEC_0235,decoy,Oc1ncn(CCc2ccccc2)c2ncnc1-2,CHEMBL284344
DEC_0104,decoy,CCc1cc(C2=NCCO2)cc(C)c1OCCCCCc1cc(C)no1,CHEMBL25239
DEC_1959,decoy,CNC(=O)[C@@H](NC(=O)[C@H](CC(C)C)[C@@H](C(=O)NO)C1CCCCC1)C(C)(C)C,CHEMBL418028
DEC_0538,decoy,C/N=C(\N)c1ccc(-c2ccc(-c3ccc(/C(N)=N/C)cc3)o2)cc1,CHEMBL284933
DEC_0116,decoy,CCC1COC(c2ccc(OCCCCCCCc3cc(C)no3)cc2)=N1,CHEMBL269703
DEC_3017,decoy,CCCn1c(=O)c2nc(-c3ccc(N)cc3N)[nH]c2n(CCC)c1=O,CHEMBL415971
DEC_2248,decoy,CNC1=NC(=O)[C@](C)([C@H](C)c2c[nH]c3ccccc23)O1,CHEMBL287177
DEC_3227,decoy,CO[C@@H]1CCOP(=O)(NCCCl)N1CCCl,CHEMBL26680
DEC_1416,decoy,COC(=O)CSCCCCC/C=C(\NC(=O)C1CC1(C)C)C(=O)O,CHEMBL276162
DEC_3099,decoy,CNc1nc(Cl)c(SC)c(N2CCOCC2)n1,CHEMBL287509
DEC_1297,decoy,CC[C@@]12Cc3ccccc3C[C@@H](N1)c1ccccc12,CHEMBL282261
DEC_2033,decoy,CCCC(O)c1nc2c(C(F)(F)F)cccc2c(O)c1C(=O)Nc1nccs1,CHEMBL35513
DEC_1620,decoy,O=C1NC(=O)C(CC#Cc2ccc(Cl)cc2)(Sc2ccc(F)cc2)S1,CHEMBL428177
DEC_1441,decoy,O=C(O)[C@H](Cc1ccccc1)NC(=O)[C@@H](S)Cc1ccccc1,CHEMBL19621
DEC_3433,decoy,CN(C)/C=N\c1nc(/N=C/N(C)C)nc2ncc(Sc3ccc(Cl)c(Cl)c3)nc12,CHEMBL6584
DEC_2099,decoy,O=C(Nc1nccs1)c1c(C(F)(F)F)nc2cc(C(F)(F)F)ccc2c1O,CHEMBL35012
DEC_0026,decoy,CCCS(=O)(=O)c1cc(N[C@@H](Cc2ccc(NC(=O)c3c(Cl)cncc3Cl)cc2)C(=O)O)ncn1,CHEMBL40565
DEC_0482,decoy,O=S1NC(Cc2ccc3c(c2)CCCC3)=NO1,CHEMBL17813
DEC_2323,decoy,COc1ccc2c3c1OC1[C@H]4OC[C@@]4(CCCc4ccccc4)CC4C(C2)N(CC2CCC2)CCC341,CHEMBL417244
DEC_2502,decoy,Clc1nc(-c2ccco2)nc2c1ncn2Cc1ccccc1,CHEMBL278953
DEC_3410,decoy,CCCc1cc(Oc2ccccc2)ccc1OCCCOc1ccc(C2SC(=O)NC2=O)cc1CCC,CHEMBL50143
DEC_2472,decoy,CCCCCc1nc2c([nH]1)N1C(=N[C@@H]3CCC[C@@H]31)N(C)C2=O,CHEMBL19046
ACT_026,active,Cc1ccc(C2C([N+](=O)[O-])C(Cc3c[nH]cn3)NC23c2ccccc2-c2nc4ccccc4nc23)cc1,CHEMBL4639749
DEC_1338,decoy,Cc1nnc2n1-c1sc(C#CCn3c4c(c5ccccc53)CCCC4)cc1C(c1ccccc1Cl)=NC2,CHEMBL278072
DEC_1292,decoy,c1ccc([C@@H]2CN3CC[C@H]3c3ccccc32)cc1,CHEMBL288784
DEC_2187,decoy,FC(F)(F)Oc1ccc(C2=NCCN2)cc1,CHEMBL275502
DEC_2335,decoy,COc1ccc2c3c1OC1[C@H]4OC[C@@]4(CCc4ccccc4)CC4C(C2)N(CC2CCC2)CCC341,CHEMBL441407
DEC_0639,decoy,CC[C@]1(c2ccsc2)OC[C@H]([C@@H]2CCCCN2)O1,CHEMBL282809
DEC_2250,decoy,O=C1CCC(c2ccc(-n3ccnc3S)cc2)=NN1,CHEMBL30308
DEC_0996,decoy,CN1CCN=C1c1ccc(C(=O)N2CCN(S(=O)(=O)c3cc4ccc(Cl)cc4s3)CC2CC(=O)O)cc1,CHEMBL291430
DEC_0008,decoy,O=C(NCCNS(=O)(=O)c1ccc(-c2ccccn2)s1)C(=O)[C@H](Cc1ccccc1)NC(=O)c1ccccc1,CHEMBL76302
DEC_1658,decoy,CN(C)CCCOc1ccccc1/C=C(\C#N)c1noc2ccc(Cl)cc12,CHEMBL22383
DEC_0827,decoy,Cc1noc(C)c1C(OC1CCNCC1)c1ccc(C(C)C)cc1,CHEMBL22986
DEC_2931,decoy,CC(C)(C)c1cc(-c2nnc(SCCN)s2)cc(C(C)(C)C)c1O,CHEMBL274271
DEC_2442,decoy,CSc1sc(C(=N)N)cc1-c1nc(C2CCCCC2)cs1,CHEMBL283859
DEC_1406,decoy,COC1=C[C@]2(C)[C@H]3CC=C4C5CC(C)(C)CC[C@]5(C(=O)O)CC[C@@]4(C)[C@]3(C)CC[C@H]2C(C)(C)C1=O,CHEMBL44192
DEC_1335,decoy,CC(=O)[C@@]12OC(C)(c3ccc(C(=O)c4ccccc4)cc3)O[C@@H]1CC1C3CCC4=CC(=O)CC[C@]4(C)C3CC[C@@]12C,CHEMBL275974
DEC_2147,decoy,CCOC(=O)[C@@H](Cc1cc(P(=O)(OCC)OCC)co1)NC(=O)OC(C)(C)C,CHEMBL405849
DEC_3368,decoy,C[C@H]1[C@@H](c2ccccc2)c2ccccc2[C@@H]2CCCN21,CHEMBL36132
DEC_1876,decoy,CN1C(=O)C=C[C@]2(C)C3CC[C@@]4(C)C(CC[C@@]4(O)C#CCCCl)C3CCC12,CHEMBL9887
DEC_2963,decoy,CC1CCCC(C)N1CC(O)CSC(c1ccccc1)c1ccccc1,CHEMBL18787
DEC_0772,decoy,Cn1cc(C2=C(c3cn(CCC[N+](C)(C)C)c4ccccc34)C(=O)NC2=O)c2ccccc21,CHEMBL6331
DEC_1979,decoy,O=C(O)CC/C=C/C[C@H]1[C@H](F)CC[C@@H]1NS(=O)(=O)c1ccc(F)cc1F,CHEMBL277940
DEC_3029,decoy,COc1ccc(S(=O)(=O)N/N=C/c2cc3c(cc2[N+](=O)[O-])NC(CNC(C)C)CC3)cc1,CHEMBL431920
DEC_2736,decoy,CN1CCCCC1/C=C/C1c2ccccc2OC2C=CC=CC21,CHEMBL25334
DEC_1180,decoy,C/C=C(\NC(=O)C1CC1(Cl)Cl)C(=O)O,CHEMBL12086
DEC_2222,decoy,Oc1cc2c(cc1O)[C@H]1c3ccncc3CN[C@@H]1CC2,CHEMBL284644
DEC_2507,decoy,CCCN(CCC)[C@@H]1Cc2cccc3nc(S)n(c23)C1,CHEMBL281248
DEC_3124,decoy,O=C1NC(=O)C(CC#Cc2ccc(Cl)cc2)(S(=O)(=O)c2ccc3ccccc3n2)S1,CHEMBL12503
DEC_2967,decoy,C/C(=N/O)c1ccc(COc2cc(F)cc(C3CCOCC3)c2)cc1,CHEMBL24087
DEC_3332,decoy,Cc1ccc([C@H](O)[C@@H]2CCCc3cc(C)cnc32)cc1,CHEMBL34654
DEC_2101,decoy,O=C(Nc1nccs1)c1c(C(F)(F)F)nc2ccc(C(F)(F)F)cc2c1O,CHEMBL35464
DEC_2386,decoy,Clc1ccc(C(c2ccc(Cl)cc2)c2cncnc2)cc1,CHEMBL29669
DEC_0146,decoy,COc1ccc(CCCN2CCC(COCc3ccccn3)CC2)cc1,CHEMBL9303
DEC_3246,decoy,CC(=O)N(c1ccc(N2CCOCC2)nn1)n1c(C)ccc1C,CHEMBL12110
DEC_1427,decoy,CC1(C)CC1C(=O)N/C(=C\CCCCCBr)C(=O)O,CHEMBL11904
DEC_0296,decoy,COc1ccc(-c2nc(S(=O)(=O)C(C)C)[nH]c2-c2ccc(OC)cc2)cc1,CHEMBL276284
DEC_1669,decoy,C=C/C=C/[C@]1(C)[C@@H](O)CC[C@@]2(C)[C@H]1CCC1Cc3c(n4c5c(c6c(cc35)C3=CC(C)(C)OC(C)(C)C3[C@@H]6O)C(=O)[C@@H]4C(=C)C)[C@@]12C,CHEMBL295940
DEC_2913,decoy,O=C1[C@@H]2C(c3ccccc3)OC3(C(=O)c4ccccc4C3=O)[C@@H]2C(=O)N1c1ccc(Cl)c(Cl)c1,CHEMBL281270
DEC_0250,decoy,Cc1cccc2c1OC(C1=NCCN1)CN2C,CHEMBL13958
DEC_2394,decoy,Cc1cccc(C#N)c1-c1cccc2c1-c1cccc3c1[C@@H](C2)N(C)CC3,CHEMBL28056
DEC_0175,decoy,NC1=NC(c2cccnc2)Cc2ccsc21,CHEMBL412901
DEC_1843,decoy,COc1ccc(-c2nc([S+]([O-])CSC)[nH]c2-c2ccc(OC)cc2)cc1,CHEMBL18648
DEC_2755,decoy,O=C(O)c1cc(=O)c2c(o1)c1ccccc1n2-c1ccccc1,CHEMBL418749
DEC_1434,decoy,CC(C)c1c(Sc2ccccc2)n(COCCO)c(=S)[nH]c1=O,CHEMBL278186
DEC_0945,decoy,CCCCCCCCCCCCC1C(=O)O[C@H](CO)[C@H]1OC(C)=O,CHEMBL273297
DEC_2018,decoy,Cc1cccc2c1N(C(=O)N1C[C@@H](C)N[C@@H](C)C1)Cc1c(C(=O)OC(C)(C)C)ncn1-2,CHEMBL15294
DEC_1649,decoy,Clc1ccccc1CN[C@H]1C2CCN(CC2)[C@H]1C(c1ccccc1)c1ccccc1,CHEMBL282331
DEC_1181,decoy,O=C(Nc1ccccc1)Nc1nnc(S)s1,CHEMBL417885
DEC_0290,decoy,COc1ccnc(C[S+]([O-])c2nc3cc(OCC(F)(F)F)ccc3[nH]2)c1C,CHEMBL9856
DEC_2747,decoy,Cc1ccc(Sc2cncc3sc(C(N)=O)cc23)c(C)c1,CHEMBL6830
DEC_1534,decoy,Cc1nnc2n1-c1sc(C#CCN3C(=O)CCc4cc(Cl)cc(Cl)c43)cc1C(c1ccccc1Cl)=NC2,CHEMBL20343
DEC_3393,decoy,CN(C)C(=O)CCS[C@H](SCCC(=O)O)c1cccc(/C=C/c2ccc3ccc(Cl)cc3n2)c1,CHEMBL280481
DEC_1289,decoy,Oc1cc2c(cc1Sc1ccccc1)OCC2,CHEMBL7619
DEC_1595,decoy,CN(C)c1nc2ccc(Cl)cc2c2nc(-c3ccco3)nn12,CHEMBL7759
DEC_0836,decoy,CC1(C)OC[C@@H](C/C=C\CCC(=O)O)[C@@H](c2cnco2)O1,CHEMBL417816
DEC_3220,decoy,Oc1nc(-c2cc(Cl)cc(Cl)c2)c(-c2cc(Cl)cc(Cl)c2)[nH]1,CHEMBL7811
DEC_1662,decoy,CCc1nc2c(-c3ccc(C(F)(F)F)cc3Cl)ccnc2n1C(CC)COC,CHEMBL23630
DEC_0781,decoy,CCc1ccc(O)c(C(=O)c2cccn2C)c1,CHEMBL27886
DEC_2667,decoy,CCc1nc2c(-c3ccc(Cl)cc3C(F)(F)F)nccc2n1C(CC)C1CC1,CHEMBL26346
DEC_3335,decoy,c1ccc2sc(C3(N4CCCC4)CCCC3)cc2c1,CHEMBL280329
DEC_1663,decoy,CN(c1ccccc1)N1C(=O)O[C@@](C)(c2ccc(Oc3ccccc3)cc2)C1=O,CHEMBL9778
DEC_3011,decoy,COC(=O)c1cccc(Sc2c(C)c(=O)[nH]c(=O)n2COCCO)c1,CHEMBL16763
DEC_2125,decoy,COc1ccccc1OCC(O)CN1CCC2(CC1)CN(Cc1ccccc1)C(=O)O2,CHEMBL423839
DEC_1108,decoy,Cc1c(F)c(N2CCNC(C)C2)c(F)c2c1c(=O)c(C(=O)O)cn2C1CC1,CHEMBL16030
DEC_2149,decoy,COc1ccc(-c2ccc(OCC(CN3C(=O)N(C)C(C)(C)C3=O)N(O)C=O)cc2)cc1,CHEMBL41408
DEC_2594,decoy,CCCCC(O)c1nc2c(C(F)(F)F)cccc2c(O)c1C(=O)Nc1nccs1,CHEMBL36183
DEC_3474,decoy,Cc1cc(-n2ncc(=O)[nH]c2=O)cc(C)c1Sc1ccc(I)cc1,CHEMBL25963
DEC_0417,decoy,C#Cc1cccc2c1-c1ccc3c(c1C(CC=C)O2)C(C)=CC(C)(C)N3,CHEMBL7671
DEC_0170,decoy,O=C(Cn1c(C2CCNCC2)nc2cc(Cl)c(Cl)cc21)NNC(=O)Nc1ccc2c(c1)OCO2,CHEMBL277878
DEC_0508,decoy,FCC1Cc2ccc(Br)cc2CN1,CHEMBL39928
DEC_2850,decoy,Cc1cc(C(=O)Nc2ccc(C3=NCCN3C)cc2F)n(-c2ccc3cc(Cl)ccc3c2)n1,CHEMBL20391
DEC_2761,decoy,C[C@]12CC[C@]3(C1)[C@H](CC2=O)C[C@@H](OC(=O)c1ccccc1)[C@H]1[C@](C)(C(=O)O)CCC[C@@]13C,CHEMBL12514
DEC_0202,decoy,c1cncc(NC23CC4CC(CC(C4)C2)C3)c1,CHEMBL19247
DEC_3190,decoy,O=C1NC(=O)c2c1c1c3ccccc3ncc1c1[nH]c3cc(Cl)ccc3c21,CHEMBL283093
DEC_1909,decoy,S=C=Nc1ccc(-c2noc(C3CC3)n2)cc1,CHEMBL21517
DEC_2655,decoy,Oc1ccc(/C(=C(/c2ccc(O)cc2)C(F)(F)F)C(F)(F)F)cc1,CHEMBL6790
DEC_1647,decoy,C(#Cc1nc(-c2ccccc2)nc2c1ncn2Cc1ccccc1)c1ccccc1,CHEMBL19897
DEC_1546,decoy,CSc1nnc([C@@H]2C[C@@H](S)CN2S(=O)(=O)c2ccc3ccccc3c2)n1-c1c(F)c(F)cc(F)c1F,CHEMBL49081
DEC_1862,decoy,Cc1nnc2n1-c1sc(C#C[Si](C)(C)C)cc1C(c1ccccc1Cl)=NC2,CHEMBL32475
DEC_3108,decoy,CCC1C(=O)Nc2cc3[nH]c(-c4ccncc4)nc3cc21,CHEMBL286100
DEC_2677,decoy,CC(C)(C)c1ccc(C2=C(Cc3ccccc3)c3ccccc3C3=NCCCN32)cc1,CHEMBL10063
DEC_1777,decoy,Nc1nc2c(s1)CN=C(c1ccccc1Cl)c1cc(Cl)ccc1-2,CHEMBL267250
DEC_2642,decoy,c1ccc(-c2nc(C3CCCCO3)[nH]c2-c2ccccc2)cc1,CHEMBL33288
DEC_2774,decoy,CCOC(=O)C(=O)Nc1nc(-c2ccc3c(c2)N(C(C)=O)c2ccccc2S3)cs1,CHEMBL16296
DEC_3420,decoy,COc1ccc(C(C#N)(CCCCCN2Cc3cc(OC)c(OC)cc3C2)SC2CCCCC2)cc1OC,CHEMBL66182
DEC_2567,decoy,CC(=O)OC(c1nc2c(C(F)(F)F)cccc2c(O)c1C(=O)Nc1nccs1)C(C)C,CHEMBL34699
DEC_1964,decoy,CCc1c(Sc2cc(Cl)cc(Cl)c2)n(COCCO)c(=O)[nH]c1=O,CHEMBL429778
DEC_1752,decoy,Cn1cncc1CN(c1ccc(C#N)c(-c2cccc3ccccc23)c1)C1CCCCC1,CHEMBL28970
DEC_0347,decoy,Cc1c(/C=C/CN)nc(O)c2c1ccc1nc(Nc3c(Cl)cccc3Cl)n(C)c12,CHEMBL30230
DEC_2003,decoy,O=C(O)CCC(=O)Nc1cccc2c1CC(O)C(N1CCC(c3ccccc3)CC1)C2,CHEMBL417277
DEC_3328,decoy,C/C(=C1\CCCc2c(C)ccnc21)c1ccc(C)cc1,CHEMBL36221
DEC_1737,decoy,CC(=O)N1CCc2c(sc(N(CC(C)C)CC(C)C)c2C(=O)c2ccccc2Cl)C1,CHEMBL287728
DEC_2574,decoy,CCC(=O)OC(c1nc2c(C(F)(F)F)cccc2c(O)c1C(=O)Nc1nccs1)C(C)C,CHEMBL35652
DEC_3312,decoy,O=C1Nc2ccc(F)cc2C(C#Cc2cccnc2)(C(F)(F)F)O1,CHEMBL17518
DEC_0366,decoy,CC1(C)O[C@H]2[C@@H]3OC4(CCCC4)O[C@@H]3CO[C@@]2(COS(N)(=O)=O)O1,CHEMBL26780
DEC_2280,decoy,CSc1nccn1-c1ccc(C2=NNC(=O)CC2)cc1,CHEMBL31120
DEC_1625,decoy,CC(C)(C)c1cc(-c2nnc(SCC(F)(F)F)s2)cc(C(C)(C)C)c1O,CHEMBL16647
DEC_0420,decoy,CN(C)/C(=N\O)c1ccc(Sc2cc(F)cc(C3CCOCC3)c2)cc1,CHEMBL24975
DEC_0115,decoy,CCN(CC)CCOc1ccccc1/C=C(\C#N)c1noc2ccc(OC)cc12,CHEMBL21767
DEC_3296,decoy,O=C1Nc2ccc(F)cc2C(C#Cc2cccs2)(C(F)(F)F)O1,CHEMBL17622
DEC_0614,decoy,Cc1c(CC(=O)O)c2cc(OC(=O)CCC(=O)OC(C)c3ccccc3)ccc2n1C(=O)c1ccc(Cl)cc1,CHEMBL50599
ACT_065,active,CC1=C(C(=O)OC(C)C)C(c2cncnc2)c2c(nc3c(c2N)CC(C)(C)CC3)N1,CHEMBL3900977
DEC_1227,decoy,N=C(N)c1ccc2oc(CCc3cc4cc(C(=N)N)ccc4o3)cc2c1,CHEMBL279962
DEC_3197,decoy,CC12CCC3C(C(Cc4ccccc4)=CC4=CC(=O)CCC43C)C1CCC2=O,CHEMBL267433
DEC_1368,decoy,O=C1C(Oc2ccccc2)[C@H](c2ccccc2)N1c1cc2c3ccccc3ccc2c2ccccc12,CHEMBL33896
DEC_3144,decoy,COCN1CN(c2ccccc2)C2(CCN(C3CCc4cccc(Cl)c4C3)CC2)C1=O,CHEMBL283432
DEC_0440,decoy,N#Cc1ccc(-c2ccc3c(c2)C2(CCCCC2)C(S)=N3)cc1F,CHEMBL26770
DEC_2412,decoy,CCC1OC(/C=C/C2CC2)(C(F)(F)F)c2cc(Cl)ccc2NC1=O,CHEMBL284065
DEC_0351,decoy,CC1(C)CC[C@]2(C(=O)O)CC[C@]3(C)C(=CC(=O)[C@@H]4[C@@]5(C)C=CC(=O)C(C)(C)[C@@H]5CC[C@]43C)C2C1,CHEMBL42704
DEC_0615,decoy,Cc1ccc(CC(=O)Nc2ccc(NC(=O)/C=C/c3ccc(-c4ccc(N)cc4)o3)cc2C(=O)c2ccccc2)cc1,CHEMBL303927
DEC_2191,decoy,N[C@H](C(=O)N1CC[C@H](F)C1)C1CCCCC1,CHEMBL22511
DEC_0433,decoy,CS(=O)(=O)c1ccc(C2=C(c3cc4ccccc4s3)C(=O)CC2)cc1,CHEMBL23378
DEC_2328,decoy,COc1cc2c(cc1OC)-c1cc(=Nc3c(C)cc(C)cc3C)n(CP(C)(C)=O)c(=O)n1CC2,CHEMBL286663
DEC_3383,decoy,C/C(=N\OCCSc1nnc(C)s1)c1ccc(Sc2cc(F)cc(C3CCOCC3)c2)cc1,CHEMBL281329
ACT_012,active,C#CCC(CCC)OC[n+]1ccn(C)c1/C=N/O,CHEMBL149542
DEC_2810,decoy,CSc1ccc2c(c1)C(c1ccccc1)=NCc1nnc(C(CN(C)C)c3ccccc3)n1-2,CHEMBL16241
DEC_2268,decoy,Cn1c(O)nnc1-c1cc(C(C)(C)C)c(O)c(C(C)(C)C)c1,CHEMBL12441
DEC_0855,decoy,CCOC(=O)Cc1nc(-c2ccc(C)cc2)oc1-c1ccco1,CHEMBL274007
DEC_0785,decoy,C(#CCCC1CCCCC1)CCc1c[nH]cn1,CHEMBL15000
DEC_0749,decoy,C[C@H]1CC2C3CCC4=CC(=O)C=CC4(C)[C@@]3(F)C(O)CC2(C)[C@@]1(OC(=O)c1ccco1)C(=O)CCl,CHEMBL291118
DEC_2680,decoy,O=C(NCC(c1ccccc1)c1ccccc1)c1cc(C(F)(F)F)cc(C(F)(F)F)c1,CHEMBL40587
DEC_0741,decoy,O=C1CN2CCCCC2c2c1c1ccccc1n2CCCNS(=O)(=O)c1ccc(Cl)s1,CHEMBL33327
DEC_3244,decoy,CN(C)c1ncnc2c1ncn2Cc1ccccc1Cl,CHEMBL268846
DEC_0898,decoy,O=C1CCc2cc3c(c4c5cc(CN6CCOCC6)ccc5n1c24)CCNC3,CHEMBL26503
DEC_3001,decoy,COc1nc(COC(=O)NC(C)C)c(COC(=O)NC(C)C)n1C,CHEMBL283733
DEC_3147,decoy,O=C(O)CCn1ccc2cc(C(=O)N3CCC4(CC3)CCN(c3ccncc3)C4)ccc21,CHEMBL274883
ACT_088,active,N#CC(C#N)=C1NCCN1CCNCc1ccc(CN2CC=CCC2)o1,CHEMBL1203534
DEC_2591,decoy,CCc1nc2ccc(OC3CCN(C(C)=N)CC3)cc2n1C/C=C/c1cc(N)ccc1OC,CHEMBL24915
DEC_0276,decoy,O=S(=O)(CC(F)(F)C(F)(F)F)c1nc(-c2ccccc2)c(-c2ccccc2)[nH]1,CHEMBL540444
DEC_3240,decoy,Cc1ncc2n1CCC=C2c1ccc(NS(C)(=O)=O)cc1,CHEMBL28345
DEC_0401,decoy,CNn1c(=O)cc2n(C3CC3)c3cc(N4CCNCC4)c(F)cc3n2c1=O,CHEMBL28639
DEC_3115,decoy,C=C(Cn1ccccc1=O)C(=O)c1ccsc1,CHEMBL36973
DEC_1031,decoy,C=Cc1nc(O)c2c(ccc3nc(Nc4c(Cl)cccc4Cl)n(C)c32)c1C,CHEMBL26955
DEC_1531,decoy,C[C@H](CCC(N)=[N+](C)C)C1CC[C@@]2(C)C3=C(CC[C@]12C)[C@@]1(C)CC[C@H](O)C(C)(C)C1CC3.O=S(=O)([O-])C(F)(F)F,CHEMBL9875
DEC_3167,decoy,O=C1NC(=O)C(CC#Cc2ccc(Cl)cc2)(S(=O)(=O)c2ccc(F)cc2)S1,CHEMBL12273
DEC_1370,decoy,N=c1sc(-c2cc(Br)ccc2F)nn1-c1c(Cl)cc(C(F)(F)F)cc1Cl,CHEMBL49311
DEC_1405,decoy,CCCN1N=C2/C(=C/c3cccc(C(F)(F)F)c3)CSCC2C1c1cccc(C(F)(F)F)c1,CHEMBL35460
DEC_3318,decoy,CC(=O)Oc1cccc2c1Cc1sc(N)nc1-2.I,CHEMBL39388
DEC_1386,decoy,O=C(Nc1c(C(O)(C(F)(F)F)C(F)(F)F)ccc2ccccc12)c1ccc(OC(F)(F)F)cc1,CHEMBL49390
DEC_0868,decoy,Nc1nc2ccc(Cl)cc2c2nc(-c3ccc(Br)o3)nn12,CHEMBL7266
DEC_1722,decoy,O=C(O)COc1cccc2c1CCC(CC1C=NC(C(c3ccccc3)c3ccccc3)=N1)C2,CHEMBL11010
DEC_1717,decoy,O=S(=O)(c1nc(-c2ccc(Cl)c(Cl)c2)c(-c2ccccc2)[nH]1)C(F)(F)C(F)F,CHEMBL18683
DEC_0790,decoy,COc1cc(CC(C)N)c(OC)cc1Cl,CHEMBL8100
DEC_2633,decoy,Nc1ncnc2ccc(Sc3ccc4ccccc4c3)cc12,CHEMBL6933
DEC_0035,decoy,CCO/C(O)=C1\C(COCC(C)(O)CNc2ncccn2)=NC(C)=C(C(=O)OC)C1c1cccc(Cl)c1Cl,CHEMBL80185
DEC_2587,decoy,CSc1ccc(-c2nc(-c3cccc(NS(C)(=O)=O)c3)c(-c3ccncc3)[nH]2)cc1,CHEMBL277811
DEC_2536,decoy,CC(=O)S[C@@H]1CC2=CC(=O)CCC2(C)C2CCC3(C)C(C21)[C@H]1C[C@H]1[C@@]31CCC(=O)O1,CHEMBL30851
DEC_1905,decoy,O=C1Nc2ccc(F)c(F)c2C(OCC=C(Cl)Cl)(C(F)(F)F)O1,CHEMBL17662
DEC_0306,decoy,CCSc1ccnc(C[S+]([O-])c2nc3ccccc3n2CSC)c1C,CHEMBL273448
DEC_2321,decoy,CCCN(CC1CC1)c1nc(C)nc2c1sc(=O)n2-c1ccc(C(C)C)cc1Br,CHEMBL273559
DEC_2275,decoy,Cc1ccc2c(c1)c1c3c(cc4c1n2C(=O)CC4)CNCC3,CHEMBL23116
DEC_2733,decoy,CCOc1ccc(-n2c(C)c3c(C)nnc(NC)c3c2C)cc1,CHEMBL287371
DEC_2762,decoy,CC#CC(=O)Nc1ccc2ncc(C#N)c(Nc3cccc(Br)c3)c2c1,CHEMBL283682
DEC_1420,decoy,OCCN(CCO)CC(c1ccc(Cl)cc1)c1ccc(Cl)cc1,CHEMBL10721
DEC_2630,decoy,Cc1ccc(Oc2ccc(C(C)C)cc2Cl)c(CC(=O)O)c1,CHEMBL283605
DEC_1492,decoy,COc1cc([C@@H]2c3cc4c(cc3[C@@H](Nc3ccc([N+](=O)[O-])cc3)[C@H]3COC(=O)[C@]23F)OCO4)cc(OC)c1O,CHEMBL286089
DEC_2703,decoy,O=C(NC1CCCCC1)c1cn(-c2ccc(Cl)cc2)c(-c2ccc(Cl)cc2Cl)n1,CHEMBL276312
DEC_2102,decoy,Cc1ccc(-c2ncc(Cl)cc2-c2ccc(S(C)(=O)=O)cc2)c[n+]1[O-],CHEMBL274841
DEC_2260,decoy,Clc1nc(-c2ccco2)c2ncn(C3CCOCC3)c2n1,CHEMBL27623
DEC_0299,decoy,CCN(CC)CCN(C(=O)c1ccc(-n2ccnc2)cc1)c1cccc2ccccc12,CHEMBL12332
DEC_0376,decoy,O=C(O)CN1CCN(C(=O)N2CCC3(CCN(c4ccncc4)CC3)C2)CC1=O,CHEMBL12581
DEC_1918,decoy,CC(C)N1CCN(c2cccc3ccoc23)CC1,CHEMBL26819
DEC_1147,decoy,CO/N=C(\COCc1ccc(C(C)(C)C)cc1)C(CCN1CCC(O)(c2ccccc2)CC1)c1ccc(Cl)c(Cl)c1,CHEMBL284145
DEC_0053,decoy,Brc1noc(C2CN3CCC2CC3)n1,CHEMBL274687
DEC_0086,decoy,CCN1CCC[C@@H]2c3cccn4cc(C)c(c34)C[C@H]21,CHEMBL9918
DEC_0473,decoy,CN1CC(C2=NCCN2)Oc2cc3c(cc21)CCCC3,CHEMBL267074
DEC_0378,decoy,CC[C@@]1(O)C(=O)OCc2c1cc1n(c2=O)Cc2c-1nc1c[n+]([O-])c(CN)cc1c2C,CHEMBL275134
DEC_2391,decoy,COc1cc2[nH]c(-c3csc4ccccc34)cc2cc1-c1cnco1,CHEMBL277190
DEC_2709,decoy,S=C=Nc1ccc(-c2nc(-c3ccco3)no2)c(Cl)c1,CHEMBL279440
DEC_1802,decoy,CC1(C)CC(=O)c2c(SCCO)sc(-c3nccs3)c2C1,CHEMBL17603
DEC_0159,decoy,CC(C)(C)NC(=O)NC[C@@H]1Cc2ccccc2CN1/C(S)=N/C[C@H]1CCCN1C(=O)OC(C)(C)C,CHEMBL38511
DEC_0807,decoy,O=Cc1ccc(NCc2ccc(F)cc2)cn1,CHEMBL31730
DEC_1244,decoy,O=C(O)c1ccc([C@H]2CC[C@H]3CN[C@H](C(=O)O)C[C@H]3C2)cc1,CHEMBL16360
DEC_3476,decoy,CCCc1nc(Br)cnc1NS(=O)(=O)c1cccc2c(N(C)C)cccc12,CHEMBL6512
DEC_1832,decoy,C=CCS(=O)(=O)c1nc(-c2ccc(OC)cc2)c(-c2ccc(OC)cc2)[nH]1,CHEMBL18468
DEC_0858,decoy,CCOc1cc2c(cc1/C=C\c1ccc(OC)cc1)OCO2,CHEMBL10653
DEC_0344,decoy,FC(F)(F)c1cccc2c1N[C@H](c1c[nH]c3ccc(Br)cc13)[C@@H]1CCO[C@H]21,CHEMBL24970
DEC_1422,decoy,O=C1NC2(CCCCC2)C(=O)N1CCN(CCCl)CCCl,CHEMBL27114
DEC_1461,decoy,CCOc1cc(CNC(=O)CC)ccc1OCC(O)C(C)NC(C)C,CHEMBL29739
DEC_0974,decoy,CCOC(=O)CCC(=O)O[C@]1(C(=O)CCl)[C@@H](C)CC2C3CCC4=CC(=O)C=CC4(C)[C@@]3(F)[C@@H](O)CC21C,CHEMBL83389
DEC_1410,decoy,CN(C)Cc1ccc2n1-c1cc(C(F)(F)F)ccc1SC2(c1ccccc1)c1ccccc1,CHEMBL26172
DEC_2379,decoy,C[C@@H](Nc1nc(C(F)(F)F)nc2ccccc12)c1ccccc1,CHEMBL418173
DEC_0407,decoy,C[C@@H]1[C@@H](NC(=O)[C@@H](C)N)CN1c1nc2c(cc1F)c(=O)c(C(=O)O)cn2C1CC1,CHEMBL19833
DEC_2098,decoy,C/C(=N\OC(=O)N(C)C)c1ccc(Sc2cc(F)cc(C3CCOCC3)c2)cc1,CHEMBL440843
DEC_2446,decoy,CCCCCc1cc(O)c2c(c1)OC(C)(C)[C@@H]1CCC(CNC)CC21,CHEMBL28077
DEC_2527,decoy,CCN(CC)C(=O)N(C)c1sc2c(c1C(=O)c1ccccc1Cl)CCN(C(C)=O)C2,CHEMBL290136
DEC_1517,decoy,CC1CC2C3C[C@H](F)C4=CC(=O)C=CC4(C)[C@@]3(Cl)C(Cl)CC2(C)[C@@]1(OC(=O)c1ccco1)C(=O)CCl,CHEMBL276148
DEC_3367,decoy,C[C@H]1[C@H](c2ccccc2)c2ccccc2[C@@H]2CCCN21,CHEMBL291244
DEC_2174,decoy,O=S1NC(CC2CCc3ccccc32)=NO1,CHEMBL17867
DEC_1528,decoy,C[C@@H]1C[C@@]23O[C@]2(c2ccccc21)C1CC(OC(=O)[C@H](O)[C@@H](NC(=O)OC(C)(C)C)c2ccccc2)C3(C)C1(C)C,CHEMBL31413
DEC_2484,decoy,CC(C)c1ccc2nc3sc(C(=O)O)cn3c(=O)c2c1,CHEMBL275783
DEC_0477,decoy,C/C(=N\C(=N\c1ccccc1)N1CCOCC1)N(C)C,CHEMBL42313
DEC_2988,decoy,CCCN(C)S(=O)(=O)c1ccc(-n2ncc(=O)[nH]c2=O)cc1Cl,CHEMBL269392
DEC_1819,decoy,c1cc(OCCCc2nnn[nH]2)cc(OCc2ccc3ccccc3n2)c1,CHEMBL418551
DEC_0372,decoy,COC12[C@@H]3N[C@@H]3CN1C1=C(C(=O)C(N3CCCCC3)=C(C)C1=O)[C@@H]2COC(N)=O,CHEMBL35959
DEC_1288,decoy,CC1(C)Cc2cc(Cl)cc(Cl)c2C=[N+]1[O-],CHEMBL12917
DEC_2181,decoy,Oc1nnc(-c2cc3cc(Cl)ccc3[nH]2)o1,CHEMBL277235
DEC_1874,decoy,CN1C(=O)C=C[C@]2(C)C3CC[C@@]4(C)C(CC[C@@]4(O)C#CCCCO)C3CCC12,CHEMBL430283
DEC_0953,decoy,CCCCCC(O)c1cccc(OCc2ccc(OCC(=O)OC)cc2)c1,CHEMBL8383
DEC_0574,decoy,CC(CCC[C@H]1O[C@@H]([C@]2(C)CC[C@@H](Br)C(C)(C)O2)CC[C@]1(C)O)CC[C@H](O)[C@@]1(C)CC[C@H](C(C)(C)O)O1,CHEMBL277261
DEC_1017,decoy,CCC1C(=O)N2C=CSC2=[N+](Cc2ccc3c(c2)OCO3)C1=O,CHEMBL280418
DEC_1956,decoy,O=C(c1ccc2n1CCC2C(=O)O)C1CCC1,CHEMBL9142
DEC_2559,decoy,C(=N/Nc1nccs1)\c1c2ccccc2c(/C=N/Nc2nccs2)c2ccccc12,CHEMBL282419
DEC_1399,decoy,N=c1sc(-c2ccccc2SC(F)(F)F)nn1-c1c(Cl)cc(C(F)(F)F)cc1Cl,CHEMBL295116
DEC_2685,decoy,C/C(=C\c1ccc(C(=O)O)cc1)c1cc2c(cc1Br)C(C)(C)CCC2(C)C,CHEMBL284167
DEC_3191,decoy,CC1(C)OC(S)=Nc2ccc(-c3cc(Br)cc(C#N)c3)cc21,CHEMBL24583
DEC_0723,decoy,C[C@@H]1CC2C3CCC4=CC(=O)C=C[C@]4(C)[C@@]3(F)[C@@H](O)C[C@]2(C)[C@@]1(O)C(=O)CSCCN=C=S,CHEMBL48439
DEC_0620,decoy,Cc1ccc(CC(=O)Nc2ccc(NC(=O)/C=C/c3ccc(-c4ccccc4[N+](=O)[O-])o3)cc2C(=O)c2ccccc2)cc1,CHEMBL327475
DEC_2334,decoy,COc1ccc2c3c1OC1[C@H]4OC[C@@]4(CCCc4ccccc4)CC4C(C2)N(CC2CC2)CCC341,CHEMBL264920
DEC_2971,decoy,CNP1(N2CC2)=NP(N2CC2)(N2CC2)=NP(N2CC2)(N2CC2)=N1,CHEMBL27942
DEC_1109,decoy,Cc1c(F)c(N2CCNCC2)c(Cl)c2c1c(=O)c(C(=O)O)cn2C1CC1,CHEMBL16159
DEC_0270,decoy,CC[C@H](C)C(=O)O[C@H]1C[C@@H](C)C=C2C=C[C@H](C)[C@H](CC[C@@H]3C[C@@H](O)CC(=O)O3)[C@H]21,CHEMBL503
DEC_0439,decoy,CC1(C)OC(S)=Nc2ccc(-c3cc(Cl)cc(Cl)c3)cc21,CHEMBL24581
DEC_3390,decoy,CC(C)(O)c1ccccc1CC[C@@H](SCC1(CC(=O)O)CC1)c1cccc(/C=C/c2nccs2)c1,CHEMBL415903
DEC_0037,decoy,CCN(CC)c1nc(N[C@@H](Cc2ccc(NC(=O)c3c(Cl)cncc3Cl)cc2)C(=O)O)nc(OC)n1,CHEMBL417165
DEC_1706,decoy,CC1(C)CC[C@]2(C(=O)O)CC[C@]3(C)C(=CC[C@@H]4[C@@]5(C)CC[C@H](OC(=O)CC6(CC(=O)O)CCCC6)C(C)(C)[C@@H]5CC[C@]43C)[C@@H]2C1,CHEMBL323157
DEC_1166,decoy,CO/N=C(\COCc1cc(C)cc(C)c1)C(CCN1CCC(O)(c2ccccc2)CC1)c1ccc(Cl)c(Cl)c1,CHEMBL33302
DEC_0062,decoy,Cc1ccc2occ(CC3=NOS(=O)N3)c2c1,CHEMBL17366
DEC_3180,decoy,CC1OC(/C=C/C2CC2)(C(F)(F)F)c2cc(Cl)ccc2NC1=O,CHEMBL31977
DEC_0461,decoy,O=C1C=CC(=O)c2c(O)nc(CCBr)nc21,CHEMBL286813
DEC_0927,decoy,CCCCC(C)(O)C/C=C/[C@H]1[C@H](O)CC(=O)[C@@H]1CC/C=C/C=C/C(=O)OC,CHEMBL19323
DEC_2902,decoy,Cc1nnc2n1-c1sc(C#CCN3C(=O)CCc4ccc(Cl)cc43)cc1C(c1ccccc1Cl)=NC2,CHEMBL20323
DEC_0798,decoy,CCc1ccc(O)c(C(O)c2ccccc2)c1,CHEMBL27263
DEC_1344,decoy,Fc1ccccc1C1=N[C@H](Cc2c[nH]c3ccccc23)c2nnc(C(Cl)(Cl)Cl)n2-c2ccccc21,CHEMBL51280
DEC_3211,decoy,O=c1c2ccccc2nc(/C=C(\O)c2ccncc2)n1-c1ccccc1Cl,CHEMBL277894
DEC_1073,decoy,C[C@@H]1CC2C3CCC4=CC(=O)C=CC4(C)[C@@]3(F)C(O)CC2(C)C1C(=O)CO,CHEMBL16829
DEC_1935,decoy,C=CCN1CCC2c3cccc(O)c3CC[C@H]21,CHEMBL10408
DEC_0101,decoy,Cc1cc(CCCCCOc2ccc(C3=NCCO3)cc2N(C)C)on1,CHEMBL24187
ACT_034,active,Cc1c(Nc2ccc(S(=O)(=O)N3CCN(C)CC3)cc2F)nc2ccc(Nc3cnn(C4CC4)c3)cn2c1=O,CHEMBL4758581
DEC_2770,decoy,O=c1oc(Nc2ccccc2I)nc2cc(Cl)c(Cl)cc12,CHEMBL10569
DEC_3400,decoy,CCCCc1nc(Cl)c(COC)n1Cc1ccc(N(C)C(=O)c2c(Cl)ccc(Cl)c2C(=O)O)cc1,CHEMBL25677
ACT_090,active,CCNC(=O)Oc1ccc2c(c1)[C@]1(C)CCOC1O2,CHEMBL5090683
DEC_1110,decoy,NCC1CN(c2c(F)cc3c(=O)c(C(=O)O)cn(C4CC4)c3c2F)CCCO1,CHEMBL29296
DEC_2872,decoy,CS(=O)(=O)N1CCC(c2cc3cc(C(=O)N4CCC(N5C(=O)OCc6ccccc65)CC4)ccc3o2)CC1,CHEMBL31978
DEC_3426,decoy,CC1C(=O)N2C=CSC2=[N+](c2ccccc2)C1=O,CHEMBL24826
DEC_1463,decoy,CCCCc1nc(Cl)c(CC(=O)O)n1Cc1ccccc1C(=O)O,CHEMBL27321
DEC_0872,decoy,CCOC(=O)c1cc2c3cc(-n4ccc(C=O)c4)c(Cl)cc3nc(O)n2n1,CHEMBL267006
DEC_2806,decoy,CC(C)(C)C1=CC(=C/C=C/c2cc(C(C)(C)C)[o+]c(C(C)(C)C)c2)C=C(C(C)(C)C)O1.[Cl-],CHEMBL429561
DEC_1880,decoy,O=C1NC(=O)C(CC#Cc2ccccc2)(S(=O)(=O)c2ccc3ccccc3c2)S1,CHEMBL269643
DEC_1476,decoy,C=C[C@@]1(C)CC(=O)[C@]2(O)C3(C)C(C(O)C(OC(=O)Cn4cnc5ccccc54)[C@@]2(C)O1)C(C)(C)CC[C@@H]3O,CHEMBL54862
DEC_2828,decoy,CCCN(C)C(=N)c1ccc(NC(=O)c2cc(C)nn2-c2cc3ccccc3cc2F)c(F)c1,CHEMBL21176
DEC_1138,decoy,CSc1ccc(-c2ccc(/C=C/C(=O)Nc3ccc(NC(=O)Cc4ccc(C)cc4)c(C(=O)c4ccccc4)c3)o2)cc1,CHEMBL92540
DEC_2956,decoy,CCC(Cc1ccccc1)c1cc(O)c(C(CC)c2ccccc2)c(=O)o1,CHEMBL22164
DEC_0925,decoy,CCN(CC)c1nc(NCCNC(=O)c2cc(O)c(O)c(O)c2)c2ccccc2n1.CS(=O)(=O)O,CHEMBL14317
DEC_1638,decoy,CCOC(=O)/C=C(C)/C=C/C=C(C)/C=C/c1c(Cl)cc(OC)c(C)c1Cl,CHEMBL23274
DEC_1126,decoy,CC[C@H](C)C(=O)O[C@H]1C[C@@H](C)C=C2C=C[C@H](C)[C@H](CC[C@@H]3C[C@H](CC(=O)OC)N(Cc4ccc(C(C)(C)O)cc4)C(=O)O3)[C@H]21,CHEMBL82237
DEC_3337,decoy,Cc1cc2c(cc1C1CCCCC1)OC(=O)C2C,CHEMBL34410
DEC_3286,decoy,Nc1nc2c(s1)CN=C(c1ccccc1)c1cc(Cl)ccc1-2,CHEMBL8393
DEC_0203,decoy,CN1CC=C(c2c[nH]c3ccc(O)cc23)CC1,CHEMBL26836
DEC_3290,decoy,CC(C)(C)c1cc(-c2nnc(N=C(N)N)o2)cc(C(C)(C)C)c1O,CHEMBL16878
DEC_2139,decoy,COc1ccccc1OCC(O)CN1CCC2(CC1)CN(CCc1ccccc1)C(=O)O2,CHEMBL24951
DEC_1079,decoy,CCc1c(F)c(N2CCNC(C)C2)cc2c1c(=O)c(C(=O)O)cn2C1CC1,CHEMBL277308
DEC_1806,decoy,O=C1NCN(c2ccccc2)C12CCN(C1Cc3cccc4cccc1c34)CC2,CHEMBL281274
DEC_3058,decoy,CCN(CC)c1c(N[C@@H](Cc2ccc(-c3c(OC)cccc3OC)cc2)C(=O)O)c(=O)c1=O,CHEMBL9549
DEC_0946,decoy,CCCCCCCCCCCC[C@H]1C(=O)O[C@@H](CO)[C@@H]1OC(C)=O,CHEMBL12452
DEC_1783,decoy,Nc1nc(S)nc2ccc(Sc3ccc4ccccc4c3)cc12,CHEMBL268786
DEC_0941,decoy,CCCCCCOc1c(OC)cc(NC(C)CCCN)c2nc(C)ccc12,CHEMBL18467
DEC_1789,decoy,Nc1nccn1Cc1c2ccccc2c(Cn2ccnc2N)c2ccccc12,CHEMBL283607
DEC_0852,decoy,CCOC(=O)Cc1nc(-c2ccccc2)oc1-c1ccco1,CHEMBL19188
DEC_0487,decoy,Oc1c(-c2ccco2)nnc2nc3ccccc3n12,CHEMBL7608
DEC_1939,decoy,C=CCN1CC[C@@H]2c3c(O)cccc3CC[C@H]21,CHEMBL283738
DEC_3255,decoy,Cc1ccccc1C(c1c(C)noc1C)N1CCNCC1,CHEMBL278388
DEC_2946,decoy,CCCCc1ccc(Oc2ccc(C)cc2Cl)c(CC(=O)O)c1,CHEMBL27179
DEC_0224,decoy,CC1=C(N2CC2)C(=O)c2nc3n(c2C1=O)CC[C@@H]3N,CHEMBL20184
DEC_2403,decoy,CSc1nc(-c2ccc(Cl)c(Cl)c2)c(-c2ccccc2)[nH]1,CHEMBL280105
DEC_0597,decoy,CC(C)CCN(c1ccc(NCCC(C)(C)C)cc1)C1CCN(C(=O)[C@H](CC(C)C)NC(=O)N2CCCCCC2)CC1,CHEMBL79649
DEC_0638,decoy,Brc1ccccc1N(CC1CC1)C1=NCCN1,CHEMBL19515
DEC_2639,decoy,c1ccc(C2(c3ccccc3)CCC(C3CCCCN3)C2)cc1,CHEMBL27050
DEC_1588,decoy,CC(C)(C)C1=CC(=Nn2cccc2)C=C(C(C)(C)C)C1=O,CHEMBL24297
DEC_2993,decoy,CC(C)C(=O)NCC(C)(C)NCC(O)COC(=O)c1ccccc1F,CHEMBL7195
DEC_3045,decoy,O=C1[C@@H](NS(=O)(=O)c2ccc(-c3ccon3)s2)CCN1CCNc1ccncc1,CHEMBL267430
DEC_0497,decoy,CC/N=C(C)\N=C(\Nc1ccccc1)N1CCOCC1,CHEMBL439736
DEC_1665,decoy,Cc1cc(-c2noc(C(F)(F)F)n2)cc(C)c1OCCCc1cccc(F)n1,CHEMBL434962
DEC_1436,decoy,O=C(N/N=C/C(Cc1ccccc1)NC(=O)c1ccccc1)c1cccnc1,CHEMBL22389
DEC_1369,decoy,CC1(C)CC[C@]2(C#N)CC[C@]3(C)C(C(=O)C=C4[C@@]5(C)C=C(C(=O)O)C(=O)C(C)(C)[C@@H]5CC[C@]43C)C2C1,CHEMBL266735
DEC_1102,decoy,Nc1nc(N)c2cc(S(=O)(=O)c3ccc(Cl)c(Cl)c3)ccc2n1,CHEMBL428658
DEC_3360,decoy,NC1=NC(c2ccc(Cl)cc2)Cc2ccccc21,CHEMBL7873
DEC_3364,decoy,c1ccc2c(c1)[C@@H](C1CCCCC1)CN1CCC[C@@H]21,CHEMBL32608
DEC_0089,decoy,Oc1cc2c(cc1Sc1ccncc1)OCC2,CHEMBL7517
DEC_2352,decoy,Cc1cc(OCc2ccc(-c3ccccc3-c3nn[nH]n3)cc2)c(I)c(C)n1,CHEMBL22391
DEC_3031,decoy,O=C1OCCN1CCNc1ccc2c3c(nn2CCNCCO)-c2ccccc2Sc13,CHEMBL418425
DEC_3140,decoy,N#Cc1cc(-c2ccoc2)c2ccc(OCc3cccc(C4(O)CC5COC(C4)O5)n3)cc2n1,CHEMBL22751
DEC_1718,decoy,O=C(O)COc1cccc2c1CCC(Cc1coc(C(c3ccccc3)c3ccccc3)n1)C2,CHEMBL274294
DEC_2681,decoy,C[Si](C)(C)c1ccc(C2=C(Cc3ccccc3)c3ccccc3C3=NCCCN32)cc1,CHEMBL276026
DEC_3168,decoy,O=C1NC(=O)C(CC#Cc2ccc(F)cc2)(S(=O)(=O)c2ccc(Cl)cc2)S1,CHEMBL11815
DEC_1678,decoy,CC(C)(C)OC(=O)N1CC2CC1CN2c1cc2c(nc1Sc1ccc(F)cc1F)CNC(=O)N2c1c(Cl)cccc1Cl,CHEMBL93639
DEC_0271,decoy,CCCN(CC1CC1)c1nc(C)nc2c1sc(=O)n2-c1c(C)cc(C)cc1C,CHEMBL18590
DEC_2531,decoy,CN(C(=O)c1ccc(Br)c(Br)c1)[C@H]1CCCC[C@@]12CCCN2C,CHEMBL279065
DEC_1078,decoy,CC1CN(c2cc3c(cc2F)c(=O)c(C(=O)O)cn3C(C)(C)C)CC(C)N1,CHEMBL15417
DEC_0862,decoy,CCOC(=O)c1[nH]cc2nc3ccc(OC)cc3c-2c1COC,CHEMBL10483
DEC_3094,decoy,CCN1C(=O)CCC(CC)(c2ccncc2)C1=O,CHEMBL39781
DEC_2984,decoy,CCC[C@H]1C[C@H](NCC)c2cc(S(N)(=O)=O)sc2S1(=O)=O,CHEMBL273599
DEC_2117,decoy,COCCN(CCOC)c1nn2c(-c3ccc(OC(C)C)cc3)nnc2c2ccccc12,CHEMBL430276
DEC_1899,decoy,Cc1nnc2n1-c1sc(C#Cc3ccccn3)cc1C(c1ccccc1Cl)=NC2,CHEMBL285035
DEC_1198,decoy,Oc1ccc2c(c1O)CCCC2C1=NCCN1,CHEMBL7186
DEC_3395,decoy,CCCCc1nc(Cl)c(COC)n1Cc1ccc(NC(=O)c2c(Cl)ccc(Cl)c2C(=O)O)cc1,CHEMBL276956
DEC_2086,decoy,CC(=O)Nc1ccc(-c2nc3n(c2-c2ccc(NC(C)=O)cc2)CCS3)cc1,CHEMBL278748
DEC_1246,decoy,Nc1nc(N)c2c(CSc3ccc4ccccc4c3)coc2n1,CHEMBL283311
DEC_3096,decoy,CCn1c(S)nnc1-c1nsc2ccccc12,CHEMBL289308
DEC_1529,decoy,C[C@H]1C[C@@]23O[C@]2(c2ccccc21)C1CC(OC(=O)[C@H](O)[C@@H](NC(=O)OC(C)(C)C)c2ccccc2)C3(C)C1(C)C,CHEMBL30977
DEC_1287,decoy,N#CC(C(=O)c1ccccc1)=C1SCCS1,CHEMBL35962
DEC_3238,decoy,C[S+]([O-])c1nc(-c2ccccc2)c(-c2ccccc2)[nH]1,CHEMBL18134
DEC_1824,decoy,CN(C)/C(=N/c1cccc(/C(=C\CCCC(=O)O)c2cccnc2)c1)NC#N,CHEMBL280380
DEC_0207,decoy,c1ccc(NC23CC4CC(CC(C4)C2)C3)nc1,CHEMBL282918
DEC_0533,decoy,CC[S+]([O-])c1nnc(-c2cc(C(C)(C)C)c(O)c(C(C)(C)C)c2)s1,CHEMBL16843
DEC_1580,decoy,S=C=Nc1ccc(-c2noc(-c3ccc(Cl)cc3)n2)cc1,CHEMBL278592
DEC_0491,decoy,CN1CC=C(c2c[nH]c3ccc([S+](C)[O-])cc23)CC1,CHEMBL28105
ACT_063,active,COc1cc2cc(C(=O)C3CCC[N+](C)(CC(=O)OC(C)(C)C)CC3)sc2cc1OC,CHEMBL364585
DEC_1772,decoy,O=C1COC(C#Cc2ccoc2)(C(F)(F)F)c2cc(Cl)ccc2N1,CHEMBL31455
DEC_2055,decoy,CO[C@]1(c2cnc(S(=O)(=O)c3ccc(/C(C)=N/O)cc3)s2)CCO[C@@H](C)C1,CHEMBL26882
DEC_0309,decoy,O=c1n(-c2ccccc2)nc2c(NCCc3ccccc3)nc3ccccc3n12,CHEMBL16529
DEC_1704,decoy,O=C1c2c(-c3ccccc3)cc(N3CCC(N4CCCCC4)CC3)nc2OCCCN1Cc1cc(C(F)(F)F)cc(C(F)(F)F)c1,CHEMBL362456
DEC_3343,decoy,Nc1ccc([C@@H]2CN3CCC[C@@H]3c3ccccc32)cc1,CHEMBL36359
DEC_1260,decoy,CC(=O)c1ccc(/N=c2\c(O)c(O)\c2=N/C(C)C(C)(C)C)cc1,CHEMBL19257
DEC_1958,decoy,CC1(C)CC(NP(=O)(O)N(CCCl)CCCl)CC(C)(C)N1O,CHEMBL268498
DEC_2519,decoy,C/N=C(\N)c1ccc(NC(=O)c2cc(C)nn2-c2cc3ccccc3cc2F)c(F)c1,CHEMBL20420
DEC_0052,decoy,O=C1CN2Cc3c(sc4c3CCCC4)N=C2N1,CHEMBL31429
DEC_1929,decoy,C=CCN1CC[C@H]2Cc3c(O)cccc3C[C@H]21,CHEMBL24050
DEC_0524,decoy,C=CCONC1=NC(=O)/C(=C/c2cc(C(C)(C)C)c(O)c(C(C)(C)C)c2)O1,CHEMBL277515
DEC_1482,decoy,C=C1CC2C3CCC4=CC(=O)C=CC4(C)[C@@]3(F)C(O)CC2(C)[C@@]1(OC(=O)c1ccco1)C(=O)COC(C)=O,CHEMBL40472
DEC_1462,decoy,CC(CNC(=O)Cc1ccccc1Cl)NCC(O)c1ccccc1,CHEMBL17057
DEC_3184,decoy,CN(C(=O)c1ccc(Cl)c(Cl)c1)[C@H]1CCCC[C@@]12CCCN2C,CHEMBL22211
DEC_1204,decoy,Nc1ccc2c(c1)CCCC1CC(=O)NN=C21,CHEMBL40526
DEC_0079,decoy,Cc1cn2cccc3c2c1C[C@@H]1[C@@H]3CCCN1C,CHEMBL274996
DEC_1583,decoy,Cc1cc(C)n(/C(=N\c2ccccc2)c2ccccc2)n1,CHEMBL38183
DEC_2447,decoy,CCCCCc1cc(O)c2c(c1)OC(C)(C)[C@@H]1CC[C@H](CN(C)C)CC21,CHEMBL28456
DEC_2757,decoy,CC(C)OC1=C(c2ccc(S(C)(=O)=O)cc2)C(C)(C)OC1=O,CHEMBL10345
DEC_2243,decoy,CC1(C)N=C(N)N=C(N)N1c1cc(Cl)cc(Cl)c1,CHEMBL284133
DEC_0879,decoy,O=C(OCN1C(=O)CC1Sc1nc2ccccc2o1)c1ccccc1,CHEMBL10712
DEC_0673,decoy,C[C@@H](N)Cc1c2ccoc2c(Br)c2ccoc12.Cl,CHEMBL6706
DEC_1219,decoy,CC(C)(C)c1cc(-c2noc(NC#N)n2)cc(C(C)(C)C)c1O,CHEMBL16981
DEC_2820,decoy,Cc1c(COc2ccc(Cl)cc2)cc(-c2ccc(S(C)(=O)=O)cc2)n1-c1ccc(F)cc1,CHEMBL44152
DEC_1446,decoy,CC#CCC(C)[C@H](O)/C=C/[C@@H]1[C@H]2C/C(=C/CCCC(=O)O)C[C@H]2C[C@H]1O,CHEMBL494
DEC_3040,decoy,CCOC(=O)[C@H](CCc1ccccc1)N[C@@H](C)C(=O)N1CC2(C[C@H]1C(=O)O)SCCS2,CHEMBL431
DEC_3279,decoy,CC1(N)CCN(c2cc3c(cc2F)c(=O)c(C(=O)O)cn3C(C)(C)C)C1,CHEMBL25916
DEC_1262,decoy,CCC(C)(C)/N=c1\c(O)c(O)\c1=N/Cc1c(C)cccc1C,CHEMBL20179
DEC_1314,decoy,c1ccc([C@@H]2Cc3ccccc3[C@@H]3CCCN23)cc1,CHEMBL36056
DEC_2540,decoy,CN(C)CC(c1ccccc1)c1nnc2n1-c1ccc(Cl)cc1C(c1ccccc1)=NC2,CHEMBL16778
DEC_2107,decoy,CC(C)(C)c1cc(-c2nnc(SCCC(=O)O)s2)cc(C(C)(C)C)c1O,CHEMBL16753
DEC_1730,decoy,CCCC(C)n1c(CC)nc2c(-c3ccc(SC)cc3C(F)(F)F)ccnc21,CHEMBL282289
DEC_0509,decoy,c1ccc(C2(C3=NCCN3)COc3ccccc3O2)cc1,CHEMBL9885
DEC_1906,decoy,CC1(O)OC(=O)C(c2ccc(Cl)cc2Cl)=C1c1ccc(S(C)(=O)=O)cc1,CHEMBL18254
DEC_3302,decoy,O=C(O)C1Cc2cc3c(-c4ccccc4F)noc3c(Cl)c2O1,CHEMBL268891
DEC_2408,decoy,CCOC(=O)/C(C(=O)O)=C(C)/C=C/C=C(C)/C=C/C1=C(C)CCCC1(C)C,CHEMBL264489
DEC_3278,decoy,O=C1NCN(c2ccccc2)C12CCN(C1CCc3ccccc3C1)CC2,CHEMBL26999
DEC_2450,decoy,CSc1sc(C(=N)N)cc1-c1csc(-c2ccccc2)n1,CHEMBL29250
DEC_2459,decoy,CCc1cc2c(Sc3nnc(C)s3)ncnc2s1,CHEMBL267127
DEC_0995,decoy,COc1cccc2c1C(=O)c1c(O)c3c(c(O)c1C2=O)C[C@@](O)(C(C)=O)C[C@@H]3OC1CC(Cl)C(N=[N+]=[N-])C(C)O1,CHEMBL310208
DEC_3276,decoy,CC(C)(C)c1cc(-c2nnc(N=C(N)N)s2)cc(C(C)(C)C)c1O,CHEMBL16826
DEC_1293,decoy,c1ccc([C@H]2CN3CC[C@H]3c3ccccc32)cc1,CHEMBL284367
DEC_2752,decoy,CC(=O)C[C@@]12CCC[C@H]1[C@@H]1CCC3=CC(=O)CC[C@@H]3[C@H]1CC2,CHEMBL15128
DEC_3346,decoy,COc1ccc2c(c1)c(=O)c1cc(C(C)C)oc1n2C,CHEMBL22861
DEC_0186,decoy,O=c1oc2c(O)c(O)ccc2c2ccccc12,CHEMBL6364
DEC_0460,decoy,O=C1C=CC(=O)c2c(O)nc(CBr)nc21,CHEMBL33314
DEC_1982,decoy,COc1c(N2CCCC(CN)C2)c(F)cc2c(=O)c(C(=O)O)cn(C3CC3)c12,CHEMBL418169
DEC_0681,decoy,NC(=O)c1cc2c(Sc3ccc(Cl)cc3)cncc2s1,CHEMBL268567
DEC_1472,decoy,CC(=O)OCC1=C[C@H]2[C@@H]3C(C)(C)[C@]3(OC(=O)Cc3ccccc3)C[C@@H](C)[C@]2(O)C2C=C(C)C(=O)[C@@]2(O)C1,CHEMBL268915
DEC_0493,decoy,CC(C)(C)c1cn2cc(S(N)(=O)=O)sc2n1,CHEMBL278791
DEC_2158,decoy,O=C1CCC(c2ccc(-n3cccn3)cc2)=NN1,CHEMBL281880
DEC_1771,decoy,O=C1Nc2ccc(F)c(F)c2C(C#Cc2ccoc2)(C(F)(F)F)O1,CHEMBL17608
DEC_2602,decoy,O=C(O)c1cccc(Cn2nnc(-c3cccc(CSc4ccc5ccccc5n4)c3)n2)c1,CHEMBL18750
DEC_1835,decoy,CCCC1(CCC)C(=O)C(C(=O)C(C)C)=C(O)C(C(=O)C(C)C)=C1O,CHEMBL20022
DEC_1877,decoy,O=C1Nc2ccc(Cl)cc2C(C#CC2CC2)(C(F)(F)F)OC1CC(F)(F)F,CHEMBL31285
DEC_1602,decoy,CC1(C)OC(S)=Nc2ccc(-c3ccccc3F)cc21,CHEMBL285872
DEC_1020,decoy,Sc1nc(-c2cc(Cl)cc(Cl)c2)c(-c2cc(Cl)cc(Cl)c2)[nH]1,CHEMBL8113
DEC_1985,decoy,CCNCC1CCN(c2c(F)cc3c(=O)c(C(=O)O)cn(CC)c3c2Cl)C1,CHEMBL15592
DEC_1096,decoy,Cc1c(F)c(N2CCC(C)(CN)C2)c(F)c2c1c(=O)c(C(=O)O)cn2C1CC1,CHEMBL279647
DEC_2363,decoy,COc1c(Cl)c(Cl)nc(C(Cl)(Cl)Cl)c1Cl,CHEMBL276415
DEC_0531,decoy,[O-][n+]1cncc(C(O)(c2ccc(Cl)cc2)c2ccc(Cl)cc2)c1,CHEMBL29867
DEC_0382,decoy,Cc1cn(C2CC(O)C(CN(C)C(=O)CBr)O2)c(=O)[nH]c1=O,CHEMBL273695
DEC_1791,decoy,Brc1ccccc1Nc1nc2ccccc2n2ccnc12,CHEMBL28548
DEC_0365,decoy,C[C@@H](O)[C@H]1C(=O)N2C(C(=O)O)=C(S[C@@H]3CN[C@H](C(=O)N(C)C)C3)[C@H](C)[C@H]12,CHEMBL127
DEC_2440,decoy,c1ccc(Cn2ncc3cc(Nc4ncnc5ccccc45)ccc32)cc1,CHEMBL284485
DEC_2569,decoy,c1ccc(C(=N/Nc2ccc(C3CCCCC3)cc2)/N=N/c2nnnn2-c2ccccc2)cc1,CHEMBL23068
DEC_1572,decoy,CC1(C)OC(S)=Nc2ccc(-c3ccc(C#N)o3)cc21,CHEMBL24245
DEC_2163,decoy,CCC1(c2ccncc2)CCC(=O)N(C)C1=O,CHEMBL39782
ACT_057,active,CCN1CCc2sc(-c3cnc4[nH]c5cnc(C#N)cc5c4c3)cc2C1,CHEMBL3582216
DEC_2157,decoy,CCN(CC)CCn1nc2c3c(c(CNC(=O)OC)ccc31)Sc1ccc(OC)cc1-2,CHEMBL29836
DEC_1173,decoy,O=C(O)Cc1cc2c(c(C(=O)O)c1)NCCC2,CHEMBL37601
DEC_0549,decoy,c1cc(NC2=NCCN2)ccc1Cc1ccc(OC2CCOCC2)cc1,CHEMBL9949
DEC_3257,decoy,CN(C)CCC(c1ccccn1)c1ccc(Cl)cn1,CHEMBL24517
DEC_2723,decoy,C=Cc1ccc(C(=O)c2ccc3n2CCC3C(=O)O)cc1,CHEMBL9129
DEC_2796,decoy,O=c1oc(Nc2ccccc2I)nc2cc(C(F)(F)F)ccc12,CHEMBL10312
DEC_1886,decoy,O=C(Nc1ccccc1)Nc1nc2ccccc2n2c(=O)n(-c3ccccc3)nc12,CHEMBL16254
DEC_3041,decoy,CS(=O)(=O)c1ccccc1S(=O)(=O)Oc1cc(Cl)cc(OCCCON=C(N)N)c1,CHEMBL37669
DEC_1080,decoy,Nc1nc2c(cnn2CCc2ccccc2)c2nc(-c3ccc(O)cc3)nn12,CHEMBL279975
DEC_3066,decoy,CN(C)c1c(N[C@@H](Cc2ccc(NC(=O)c3c(Cl)cncc3Cl)cc2)C(=O)O)c(=O)c1=O,CHEMBL273290
DEC_2150,decoy,CCN1C(=O)N(CC(COc2ccc(-c3ccc(C#N)cc3)cc2)N(O)C=O)C(=O)C1(C)C,CHEMBL288592
DEC_3384,decoy,CC(C)Cc1ccc([C@]2(C)Oc3ccc(C(=O)c4cn(CCCC(=O)O)c5ccccc45)cc3O2)cc1,CHEMBL279206
DEC_3015,decoy,CC(C)c1c(Sc2ccccc2)n(COCCO)c(=O)[nH]c1=O,CHEMBL275187
DEC_0112,decoy,CCCCCCn1cncc1[C@H]1OC(C)(C)OC[C@H]1C/C=C\CCC(=O)O,CHEMBL17796
DEC_1711,decoy,FC(F)C(F)(F)Sc1nc(-c2ccc(Cl)c(Cl)c2)c(-c2ccccc2)[nH]1,CHEMBL274005
DEC_1942,decoy,C=CCN1CC[C@H]2c3cccc(O)c3CC[C@H]21,CHEMBL285873
DEC_3408,decoy,O=S(=O)(c1ccc2ccccc2c1)N(CCCCNc1ccnc2cc(Cl)ccc12)Cc1ccccc1,CHEMBL81701
DEC_2024,decoy,C[C@@H]1CN(C(=O)N2Cc3c(C(=O)OC(C)(C)C)ncn3-c3ccc(F)cc32)C[C@H](C)N1,CHEMBL15102
DEC_0669,decoy,CCCNc1ncnc2c1ncn2Cc1ccccc1F,CHEMBL6387
DEC_0123,decoy,CCCCCCCCCCCCC1C(=O)O[C@@H](CO)[C@@]12CCC(=O)O2,CHEMBL28120
DEC_1593,decoy,Cc1cc(-n2cc(Cl)nc2C)cc2ccc(O)nc12,CHEMBL38810
DEC_1793,decoy,c1ccc(Cn2cnc3ccc(Nc4ncnc5ccccc45)cc32)cc1,CHEMBL281881
DEC_2749,decoy,O=c1oc(Nc2ccccc2OC(F)(F)F)nc2ccccc12,CHEMBL10254
ACT_005,active,CC(C)OP(=O)(F)OC(C)C,CHEMBL1025
DEC_2008,decoy,CSc1sc(C(=N)N)cc1-c1nc(-c2ccc3c(c2)OCCO3)cs1,CHEMBL285325
DEC_1556,decoy,CN1C(=O)N(Cc2cc(C(F)(F)F)cc(C(F)(F)F)c2)C2(CCN(C(=O)c3c(Cl)cccc3Cl)CC2)C1=O,CHEMBL82065
DEC_0375,decoy,CC(=O)NS(=O)(=O)OC[C@@]12OC[C@H]3OC(C)(C)O[C@H]3[C@@H]1OC(C)(C)O2,CHEMBL25801
DEC_1225,decoy,CC(C)CC1C(=O)Nc2cc3[nH]c(-c4ccncc4)nc3cc21,CHEMBL285896
DEC_2689,decoy,FC(F)(F)c1ccc(Cn2c(Br)nc3cc(Cl)c(Cl)cc32)cc1,CHEMBL25329
DEC_3348,decoy,CN1CCN=C(c2ccccc2)c2cc(Cl)ccc21,CHEMBL28333
DEC_0261,decoy,C[S+]([O-])c1ccc(-c2nc3n(c2-c2ccc([S+](C)[O-])cc2)CCS3)cc1,CHEMBL17490
DEC_2695,decoy,FC(F)(F)c1cc(CO[C@H]2CCCC[C@H]2c2ccccc2)cc(C(F)(F)F)c1,CHEMBL27026
DEC_0051,decoy,CC1=C/C(=N/n2cccc2)C=C/C1=N/n1cccc1,CHEMBL277181
DEC_2154,decoy,CCCn1c(=O)c2nc(/C=C/c3cc(OC)c(OC)cc3OC)[nH]c2n(CCC)c1=O,CHEMBL26837
DEC_1541,decoy,O=C(Nc1ccc(F)cc1)NC1C(=O)N(CC(=O)N2CC3CCC(CC3)C2)c2ccccc2N(c2ccccc2F)C1=O,CHEMBL320624
DEC_2451,decoy,CSc1sc(C(=N)N)cc1-c1nc(-c2ccccc2)c(C)s1,CHEMBL29268
DEC_1930,decoy,C=CCN1CCC2Cc3c(O)cccc3C[C@H]21,CHEMBL278285
DEC_2954,decoy,Cc1cc(C)cc(-c2[nH]c3ccccc3c2CCNCc2ccncc2)c1,CHEMBL11134
DEC_1251,decoy,CC1CCC(/C=N/c2ccc(Cl)cc2)=C2NC=C(C(=O)O)C(=O)N21,CHEMBL25047
DEC_0559,decoy,CNC(=O)/C=C(\c1ccccc1)c1ccc2nc(N)c(C(=O)C(C)(C)C)n2c1,CHEMBL431881
DEC_0329,decoy,Oc1ccc(Cl)cc1-n1nc(-c2ccc(C(F)(F)F)cc2C(F)(F)F)nc1O,CHEMBL13855
DEC_1216,decoy,O=P(O)(O)ON1CCCc2cccc(O)c21,CHEMBL26549
DEC_1266,decoy,CCCc1nccn1-c1ccc(C(=O)c2[nH]c(O)nc2CC)cc1,CHEMBL421859
DEC_2876,decoy,C[C@@H]1CC2C3CCC4=CC(=O)C=CC4(C)[C@@]3(Cl)C(O)CC2(C)[C@@]1(OC(=O)c1ccco1)C(=O)CCl,CHEMBL290383
DEC_1326,decoy,CC1(C)CC[C@@]23CC[C@]4(C)[C@@](OC2=O)(C3C1)[C@@H](Br)C[C@@H]1[C@@]2(C)CCC(=O)C(C)(C)[C@@H]2CC[C@]14C,CHEMBL430961
DEC_1826,decoy,COc1ccc(-c2nc([S+]([O-])CC(C)=O)[nH]c2-c2ccc(OC)cc2)cc1,CHEMBL276116
DEC_0274,decoy,COc1c(C)cnc(C[S+]([O-])c2nc3cc(OC(F)F)ccc3[nH]2)c1C,CHEMBL9890
DEC_3378,decoy,CCCOc1cc(CCc2nc(C)c(CC)s2)nc(NCc2cc(Cl)cc(NC(=O)OC(C)C)c2)c1,CHEMBL299598
DEC_2725,decoy,C=C(C)n1c(=O)n(Cc2nc3ccccc3[nH]2)c2ccccc21,CHEMBL280100
DEC_2298,decoy,CC(C)c1cc(C(C)C)c2nc3sc(C(=O)O)cn3c(=O)c2c1,CHEMBL12422
DEC_0644,decoy,C=CCC1([C@H](C)C#CCC)C(=O)NC(=S)NC1=O,CHEMBL22646
DEC_2691,decoy,Cc1cc(C)c(-n2c(C)c(C)c3c(-c4ccccc4C(F)(F)F)nc(C)nc32)c(C)c1,CHEMBL273839
DEC_3122,decoy,CC(C)(C)C(=O)Oc1ccccc1C(=O)OCc1cc(=O)c(OC(=O)C(C)(C)C)co1,CHEMBL10008
DEC_2026,decoy,O=C(O)Cc1cccc2c1Cc1c-2nc(O)c2nc(-c3ccccc3C(=O)O)cn12,CHEMBL281658
DEC_2944,decoy,Clc1cc(Cl)cc(COCC2(c3ccccc3)CCNCC2)c1,CHEMBL23617
DEC_0618,decoy,CC(=O)Nc1ccc(/C=C/C(=O)NC[C@H]2CCCN2c2ccc(C)c(COc3cccc4ccc(C)nc34)c2C)cn1,CHEMBL292181
DEC_2678,decoy,FC(F)(F)c1ccc2c(c1)-n1cccc1C(c1ccccc1)(c1ccccc1)S2,CHEMBL24243
DEC_3188,decoy,O=C1Nc2ccc(F)c(F)c2C(C#Cc2ccsc2)(C(F)(F)F)O1,CHEMBL276066
DEC_1004,decoy,CC(C)C(NC(=O)C1CCCN1C(=O)[C@@H](NC(=O)c1ccc(S(C)(=O)=O)cc1)C(C)C)C(=O)C(F)(F)F,CHEMBL57368
ACT_085,active,N#CC1=C(N)N2CCCNC2=C([N+](=O)[O-])C12C(=O)Nc1ccc([N+](=O)[O-])cc12,CHEMBL3765697
DEC_2305,decoy,CC1(C)CC(=O)n2c3ccccc3c3c4c(cc1c32)CCNC4,CHEMBL282874
DEC_2257,decoy,CNC1=NC(=O)[C@H]([C@@](C)(O)c2c[nH]c3ccccc23)O1,CHEMBL28943
DEC_3203,decoy,O=c1c2ccccc2nc(/C=C(\O)c2ccccn2)n1-c1ccccc1Cl,CHEMBL276947
DEC_0275,decoy,COc1ccnc(C[S+]([O-])c2nc3cc(OC(F)(F)C(F)F)ccc3[nH]2)c1C,CHEMBL9585
DEC_2653,decoy,CC1=C(/C=C/C(C)=C\C=C\C(C)=C\C(=O)O)C(C)(C)CCC1,CHEMBL705
DEC_0926,decoy,CCCCC(C)(O)C/C=C/[C@H]1[C@H](O)CC(=O)[C@@H]1CC/C=C\C=C\C(=O)OC,CHEMBL18682
DEC_3423,decoy,CCC1C(=O)N2CCSC2=[N+](CC2CC2)C1=O,CHEMBL26618
DEC_2607,decoy,C=CC(O)c1nc(O)c2c(ccc3nc(Nc4c(Cl)cccc4Cl)n(C)c32)c1C,CHEMBL281285
DEC_1670,decoy,C=C(C)[C@H]1C(=O)c2c3c(cc4c5c(n1c24)[C@@]1(C)C(CC[C@H]2[C@](C)(/C=C/C=O)[C@@H](O)CC[C@@]21C)C5)C1=CC(C)(C)OC(C)(C)C1[C@@H]3O,CHEMBL76080
DEC_2974,decoy,CC1=C(C(=O)O)N2C(=O)C(NC(=O)CCON=C3CCCC3)C2SC1,CHEMBL32296
DEC_2350,decoy,CN(C)CC(c1ccccc1)c1nnc2n1-c1ccc(Cl)cc1C(c1ccccc1Cl)=NC2,CHEMBL16282
DEC_0230,decoy,O=C(OCCBr)c1cnccn1,CHEMBL282701
DEC_1694,decoy,Clc1cc2nc(C3CCNCC3)n(Cc3ccc(Cn4c(C5CCNCC5)nc5cc(Cl)c(Cl)cc54)cc3)c2cc1Cl,CHEMBL20035
DEC_1923,decoy,COc1cc2ccccc2c2cc([N+](=O)[O-])oc12,CHEMBL7644
DEC_2112,decoy,CCOP(=O)(OCC)OC1Cc2c(cccc2N(C)CC#CC#CC(C)(C)C)NC1=O,CHEMBL32125
DEC_1950,decoy,CN1CC2CC(OC(=O)c3ccccc3)CC1C2,CHEMBL287389
DEC_3283,decoy,O=C(O)c1cc(O)c2c(I)cc(Cl)cc2n1,CHEMBL22895
DEC_2874,decoy,CC1CC2C3CCC4=CC(=O)C=CC4(C)[C@@]3(Cl)C(Cl)CC2(C)[C@@]1(OC(=O)c1ccco1)C(=O)CO,CHEMBL10566
DEC_1146,decoy,COc1ccccc1COCCCOc1ccc([C@H]2CCNC[C@@H]2OCc2cc(OC)c3ccccc3c2OC)cc1,CHEMBL430539
DEC_1820,decoy,CCCCCCCCCOc1ccc(N2C(N)=NC(N)=NC2(C)C)cc1Cl,CHEMBL33739
DEC_0410,decoy,CC(C)Oc1nc(C(Cl)(Cl)Cl)c(Cl)c(OC(C)C)c1Cl,CHEMBL275717
DEC_1699,decoy,Cc1ccccc1-c1cc(N2CCC(N3CCCC3)CC2)nc2c1C(=O)N(Cc1cc(C(F)(F)F)cc(C(F)(F)F)c1)CCCO2,CHEMBL181985
DEC_1083,decoy,CC1CN(c2cc3c(cc2F)c(=O)c(C(=O)O)cn3C2CCC2)CC(C)N1,CHEMBL14866
DEC_2862,decoy,CC1CCC(=NNc2ccccc2C(=O)O)c2ncc(C(=O)NO)c(=O)n21,CHEMBL14119
DEC_3093,decoy,COP(=O)(CC1OC(C)(C)C(C)(C)O1)OC,CHEMBL19632
DEC_3258,decoy,CCC1CC(=O)N(OS(=O)(=O)/C=C/c2ccccc2)C1=O,CHEMBL269641
DEC_0580,decoy,C[C@H]1C[C@@]23O[C@]2(c2ccccc21)C1CC(OC(=O)[C@H](O)[C@@H](NC(=O)CCC2CCCC2)c2ccccc2)C3(C)C1(C)C,CHEMBL289017
DEC_0145,decoy,CCCCCN1CCCN(c2nc3ccccc3n2CCOCC)CC1,CHEMBL275383
DEC_3380,decoy,CN(C)C(=O)CCSC(SCCC(=O)O)c1cccc(SCc2ccc3ccc(Cl)cc3n2)c1,CHEMBL15491
DEC_0483,decoy,CC1CC(c2ccc(-n3ccnc3)cc2)=NNC1=O,CHEMBL31762
DEC_0989,decoy,CC1OC(=O)N(CC(=O)NCc2cc3cc(C(=O)N4CCC(N5C(=O)OCc6ccccc65)CC4)ccc3o2)C1=O,CHEMBL31802
DEC_2986,decoy,CCOCC/N=C(\N)Nc1nc(-c2ccc(CNC(C)=O)o2)cs1,CHEMBL24356
DEC_2829,decoy,Cn1cncc1C(OCc1ccc(C#N)c(-c2cccc(Cl)c2)n1)c1ccc(C#N)cc1,CHEMBL288523
DEC_2131,decoy,C/C(=C\Cn1oc(=O)[nH]c1=O)c1cccc(OCCc2nc(-c3ccccc3)oc2C)c1,CHEMBL415291
DEC_0371,decoy,CC1=C(N2CC2)C(=O)c2c(COC(N)=O)c3n(c2C1=O)CCC3OC(N)=O,CHEMBL274945
DEC_2805,decoy,CC1=NN(C(=O)Nc2cccc(Cl)c2)C(C)=NN1C(=O)Nc1cccc(Cl)c1,CHEMBL18168
DEC_0711,decoy,CC(C)(C)Nc1nc2ccc(Cl)cc2c2nc(-c3ccco3)nn12,CHEMBL7582
DEC_2316,decoy,C[C@H](COC(=O)N1c2ccccc2[C@@]23O[C@]24CCC[C@@H]3C#C/C=C\C#C[C@H]14)S(=O)(=O)c1ccccc1,CHEMBL15907
DEC_2467,decoy,CC(=O)c1ccc(C(=O)c2ccc3n2CCC3C(=O)O)cc1,CHEMBL273364
DEC_0857,decoy,Cc1ccccc1C(=O)C(O)(Cn1cncn1)c1ccccc1C,CHEMBL10196
DEC_0192,decoy,Oc1cc2c(cc1Oc1ccccc1)OCC2,CHEMBL440452
DEC_1760,decoy,CC(C)(C)C1CSC(C2=CC(=O)C(Br)=CC2=[N+]=[N-])SC1,CHEMBL31975
DEC_1059,decoy,O=C(O)c1ccc2c(=O)cc(-c3cccc(/C=C/c4ccc5ccccc5n4)c3)oc2c1,CHEMBL32944
DEC_1081,decoy,NCC1CN(c2c(F)cc3c(=O)c(C(=O)O)cn(C4CC4)c3c2Cl)CCO1,CHEMBL284218
DEC_0849,decoy,CCOC(=O)Cc1nc(C2CCCCC2)oc1-c1ccco1,CHEMBL274516
DEC_0034,decoy,O=C(CSc1cc(Cl)ccc1Cl)N[C@@H]1C(=O)N2C(C(=O)O)=C(COC(=O)c3ccc(O)cc3)CSC12,CHEMBL58805
DEC_1093,decoy,C[C@@H]1CN(C(=O)N2Cc3c(C(=O)OC(C)(C)C)ncn3-c3ccccc32)C[C@H](C)N1,CHEMBL14716
DEC_1825,decoy,Cc1cc(C)cc(Sc2c(C(C)C)c(=O)[nH]c(=S)n2COCCO)c1,CHEMBL274265
DEC_2333,decoy,Cn1cncc1C(OCc1ccc(C#N)nc1-c1ccc(OC(F)(F)F)cc1)c1ccc(C#N)cc1,CHEMBL39096
DEC_2481,decoy,C[C@@H](N)Cc1c2c(c(C(F)(F)F)c3c1OCC3)OCC2.Cl,CHEMBL6452
DEC_1574,decoy,C#C[C@@H](O)C12CCCC1C1CCC3=CC(=O)CC[C@@H]3C1CC2,CHEMBL14506
ACT_011,active,c1ccc2c(c1)Nc1ccccc1S2,CHEMBL828
DEC_0542,decoy,Cc1cc(CCCCOc2ccc(C3=NCCO3)cc2Cl)on1,CHEMBL27550
DEC_0208,decoy,C[N+](C)(CC(=O)c1ccccc1)CC1OCCCO1,CHEMBL298102
DEC_2161,decoy,Clc1ccc2[nH]cc(C3=CCNCC3)c2c1,CHEMBL282994
DEC_0612,decoy,C=C1C[C@@]23O[C@]2(c2ccccc21)C1CC(OC(=O)[C@H](O)[C@@H](NC(=O)CCC2CCCC2)c2ccccc2)C3(C)C1(C)C,CHEMBL31446
DEC_0883,decoy,CC1(C)C=C(n2ccccc2=O)c2cc(S(=O)(=O)N=[N+]=[N-])ccc2O1,CHEMBL276151
DEC_0544,decoy,O=S(=O)(CC(F)(F)F)c1nc(-c2ccccc2)c(-c2ccccc2)[nH]1,CHEMBL18535
DEC_0233,decoy,Cc1ccc(C)n1Nc1ccc(N(C)C)nn1,CHEMBL267560
DEC_3027,decoy,CC(C)(C)OC(=O)N[C@H](C(=O)/C(C#N)=C(\O)c1ccccc1)C(=O)C(N)Cc1ccccc1,CHEMBL278879
DEC_3351,decoy,CC(C)(C)Nc1nc(C(F)(F)F)nc2ccccc12,CHEMBL15872
DEC_2463,decoy,CC1CC(NC(=O)N(CCCl)N=O)CC(C)(C)C1,CHEMBL275300
DEC_0752,decoy,CN1CCN([C@H]2CC[C@@H](n3cc(-c4ccc(Oc5ccccc5)cc4)c4c(N)ncnc43)CC2)CC1,CHEMBL47203
DEC_0307,decoy,O=C(O)Cn1ccc2cc(C(=O)N3CCC4(CC3)CCN(c3ccncc3)C4)ccc21,CHEMBL417800
DEC_2398,decoy,CC1(C)OC(S)=Nc2ccc(-c3cc(F)cc(Cl)c3)cc21,CHEMBL25462
DEC_0147,decoy,COc1ccc(CCCCNCCOc2ccc(F)c3c2OCCC3)cc1,CHEMBL278806
DEC_2444,decoy,CCCSc1nnc(-c2cc(C(C)(C)C)c(O)c(C(C)(C)C)c2)o1,CHEMBL276526
DEC_2230,decoy,CC(C)(C)/N=c1\c(O)c(O)\c1=N/Cc1ccncc1,CHEMBL20186
DEC_2939,decoy,COc1ccc(-c2c(O)nnc(-c3ccccc3)c2-c2ccccc2)cc1,CHEMBL31849
DEC_1657,decoy,CCCC(C)n1c(CC)nc2c(-c3ccc(OC)cc3C(F)(F)F)ccnc21,CHEMBL431105
DEC_3210,decoy,N=C(Nc1ccc2ccc3cccnc3c2n1)c1ccc(Cl)c(Cl)c1,CHEMBL280506
DEC_1118,decoy,CC[C@H](C)C(=O)O[C@H]1C[C@@H](C)C=C2C=C[C@H](C)[C@H](CC[C@@H]3C[C@H](CC(=O)NC)N(Cc4ccc(C(C)(C)O)cc4)C(=O)O3)[C@H]21,CHEMBL311602
DEC_1714,decoy,CCCCOc1nc(C(Cl)(Cl)Cl)c(Cl)c(OCCCC)c1Cl,CHEMBL11258
DEC_1746,decoy,CCN(CC)C(=S)SC(C(=O)c1ccc(Cl)cc1)=C1SCCCS1,CHEMBL35219
DEC_2739,decoy,O=c1oc(Nc2ccccc2Cl)nc2cc(Cl)ccc12,CHEMBL274319
DEC_2041,decoy,O=C(O)Cc1cccc2c1Cc1c-2nc(O)c2nc(-c3cccc(C(=O)O)c3)cn12,CHEMBL28388
DEC_0825,decoy,Cn1cncc1[C@H]1OC(C)(C)OC[C@H]1C/C=C\CCC(=O)O,CHEMBL18422
DEC_3409,decoy,CCCc1cc(Oc2ccc(C)cc2)ccc1OCCCOc1ccc(C2SC(=O)NC2=O)cc1,CHEMBL54197
DEC_2586,decoy,CCc1nc2cc(OC3CCN(C(C)=N)CC3)ccc2n1C/C=C/c1cc(N)ccc1OC,CHEMBL25474
DEC_2907,decoy,COc1cc(Br)c(-n2nnc3c(-c4ccccc4C(F)(F)F)nc(C)nc32)c(OC)c1,CHEMBL276263
DEC_1605,decoy,C#Cc1ccc([C@@H]2CN3CCC[C@@H]3c3ccccc32)cc1,CHEMBL286312
DEC_2186,decoy,CC1CCCCc2nc3c(c(=O)n21)CCCC3,CHEMBL39244
DEC_0386,decoy,CO/N=C(\C(=O)N[C@@H]1C(=O)N2C(C(=O)O)=CCS[C@H]12)c1csc(N)n1,CHEMBL528
DEC_2951,decoy,Cc1ccccc1C(OCC(O)CN1C(C)CCCC1C)c1ccccc1,CHEMBL18937
DEC_0249,decoy,Cc1ccccc1-c1nnc(C2=NCCN2)s1,CHEMBL12502
DEC_2857,decoy,Nc1nc(O)c2ncn([C@H]3C[C@@H]4C[C@@](CC(=O)O)(C(=O)O)C[C@@H]4C3)c2n1,CHEMBL20331
DEC_2206,decoy,CN1C(=O)CCC2=C1CCc1cc(F)ccc12,CHEMBL16152
DEC_0512,decoy,C=CCCN(C1=NCCN1)c1c(Br)cccc1Br,CHEMBL417828
DEC_0522,decoy,N#C/C(=N\O)c1ccc(Sc2cc(F)cc(C3CCOCC3)c2)cc1,CHEMBL27691
DEC_0120,decoy,COP(=O)(OC)C(Cl)(CCCc1ccccc1)P(=O)(OC)OC,CHEMBL34787
DEC_2479,decoy,CN1CC=C(c2c[nH]c3ccc(C4COCCO4)cc23)CC1,CHEMBL283936
DEC_2264,decoy,C#CCn1cc(C2=NCC3(CN4CCC3CC4)O2)c2ccccc21,CHEMBL266097
DEC_0204,decoy,NC1=NC(c2cccs2)Cc2ccccc21,CHEMBL8065
DEC_1915,decoy,c1ccc2c(c1)CCC1N=C3SCCN3C21,CHEMBL286288
DEC_1542,decoy,CN1C(=O)C23CC4C1(CN2CC[C@@]3(C)O[Si](C)(C)C)CC1(C(=O)Nc2c1ccc1c2OC=CC(C)(C)O1)C4(C)C,CHEMBL42470
DEC_0168,decoy,O=C(Cn1c(C2CCNCC2)nc2cc(Cl)c(Cl)cc21)NNC(=O)Nc1ccc2ccccc2c1,CHEMBL20754
DEC_0368,decoy,CC1(C)O[C@H]2[C@@H]3O[C@](C)(C(C)(C)C)O[C@@H]3CO[C@@]2(COS(N)(=O)=O)O1,CHEMBL283935
DEC_1857,decoy,CCC(CC)Nc1cccnc1N1CCN(C(=O)c2cc3ccccc3[nH]2)CC1,CHEMBL7555
DEC_0935,decoy,CCCCCOc1c(OC)cc(NC(C)CCCN)c2ncccc12,CHEMBL18691
DEC_0111,decoy,Cc1cc(CCCCCCCOc2ccc(C3=NC(C)(C)CO3)cc2)on1,CHEMBL6824
DEC_0656,decoy,CCCCn1ncc2c1nc(N)n1nc(-c3ccco3)nc21,CHEMBL17094
DEC_1296,decoy,CCCC12NC(Cc3ccccc31)c1ccccc12,CHEMBL11068
DEC_1705,decoy,O=C1c2c(-c3ccccc3)cc(N3CCC(N4CCCC4)CC3)nc2OCCCN1Cc1cc(C(F)(F)F)cc(C(F)(F)F)c1,CHEMBL361596
DEC_1861,decoy,Brc1cccc(Br)c1N(C1=NCCN1)C1CCCC1,CHEMBL417459
DEC_1823,decoy,Cc1cc(-c2noc(C3CC3)n2)cc(C)c1OCCCc1cc(CO)no1,CHEMBL29074
DEC_1065,decoy,C[S+]([O-])c1ccc(-c2nc(-c3cccc4ccccc34)c(-c3ccncc3)[nH]2)cc1,CHEMBL276114
DEC_2252,decoy,O=C1CCC(c2ccc(-n3cnc4c3CCCC4)cc2)=NN1,CHEMBL30623
ACT_051,active,C=CC(=O)N1C/C(=C\c2ccccc2Cl)C(=O)[C@@]2(C1)[C@H](c1ccccc1Cl)CN(C)[C@]21C(=O)Nc2ccccc21,CHEMBL3115042
DEC_0321,decoy,C[C@]1(c2ccc(F)cc2)O[C@@H]2CC3C4CCC5=CC(=O)CC[C@@H]5C4CC[C@]3(C)[C@]2(C(=O)CO)O1,CHEMBL413313
DEC_3146,decoy,CC(=O)NCc1cc2cc(C(=O)N3CCC(N4C(=O)OCc5ccccc54)CC3)ccc2o1,CHEMBL31350
DEC_2513,decoy,Cc1nnc2n1-c1sc(I)cc1C(c1ccccc1Cl)=NC2,CHEMBL20359
DEC_2670,decoy,Clc1ccc(C(Cc2ccccc2)(c2ccc(Cl)cc2)c2cncnc2)cc1,CHEMBL29997
DEC_1097,decoy,O=C1NC(=O)C(CC#Cc2ccccc2Cl)(S(=O)(=O)c2ccccc2)S1,CHEMBL269417
DEC_3023,decoy,Nc1nc2c(cnn2CCCc2ccc3c(c2)OC(CO)(CO)O3)c2nc(-c3ccco3)nn12,CHEMBL282888
DEC_0124,decoy,CCOc1cc(CCCOc2c(C)cc(-c3noc(C4CC4)n3)cc2C)on1,CHEMBL29892
DEC_0087,decoy,CN(C)/C=N/C(=N/c1ccccc1)N1CCOCC1,CHEMBL43898
DEC_1024,decoy,C[S+]([O-])c1ccc(-c2nc(-c3ccc4ccccc4c3)c(-c3ccncc3)[nH]2)cc1,CHEMBL17023
DEC_0419,decoy,CO/N=C(\C)c1ccc(Sc2cc(F)cc(C3CCOCC3)c2)cc1,CHEMBL282816
DEC_2713,decoy,C=CC[C@]1(O)CCC2C3CCC4=CC(=O)CCC4C3CC[C@@]21C,CHEMBL7834
ACT_058,active,c1ccc(-c2ccc(NCCCCCN3Cc4ccccc4CN3)nn2)cc1,CHEMBL1083054
DEC_1139,decoy,CO/N=C(\CN(C)C(=O)c1cc(C)cc(C)c1)C(CCN1CCC(O)(c2ccccc2)CC1)c1ccc(Cl)c(Cl)c1,CHEMBL32197
DEC_2957,decoy,CCCCCc1c(C(C)C)nc(C(C)C)c(CO)c1-c1ccc(F)cc1O,CHEMBL24388
DEC_1379,decoy,C=C1CCC2[C@](C)(CCC[C@]2(C)C(=O)OC)[C@H]1CCC1=CCC2C(=O)c3ccccc3C(=O)C2C1,CHEMBL22398
DEC_0832,decoy,CCCCCCOc1nsnc1C1=CCCN(C)C1,CHEMBL21536
DEC_1114,decoy,O=C(O)COC1CCN(C(=O)N2CCC3(CC2)CCN(c2ccncc2)C3)CC1,CHEMBL12631
DEC_0696,decoy,CCCCCCC(O)c1cc(O)c2c(c1)OC(C)(C)[C@@H]1CC=C(C)C[C@@H]21,CHEMBL19691
DEC_0312,decoy,CS(=O)(=O)c1nc(-c2cc(Cl)cc(Cl)c2)c(-c2cc(Cl)cc(Cl)c2)[nH]1,CHEMBL7859
DEC_1060,decoy,O=C1NCc2c(-c3ccccc3)cc3[nH]c4ccc(/C=C/c5ccccc5)cc4c3c21,CHEMBL16669
DEC_2345,decoy,C/C(=C\Cn1oc(=O)[nH]c1=O)c1cccc(OCC#Cc2cc(C(F)(F)F)cc(C(F)(F)F)c2)c1,CHEMBL414014
DEC_2049,decoy,CC1(C)Oc2ccc(C#N)cc2[C@@H](N(Cc2ncc[nH]2)c2ccc(Cl)cc2)[C@@H]1O,CHEMBL11859
DEC_2315,decoy,C[C@@H](COC(=O)N1c2ccccc2[C@@]23O[C@]24CCC[C@@H]3C#C/C=C\C#C[C@H]14)S(=O)(=O)c1ccccc1,CHEMBL15828
DEC_1033,decoy,CCc1nc(O)c2c(ccc3nc(Nc4c(Cl)cccc4Cl)n(C)c32)c1C,CHEMBL27004
DEC_1884,decoy,CN1C[C@H](C(=O)Nc2nccs2)C[C@@H]2c3cc(C(C)(C)C)cc4[nH]cc(c34)C[C@H]21,CHEMBL418717
DEC_0787,decoy,O=C(O)c1ccc(NCc2cccnc2)cn1,CHEMBL30404
DEC_3161,decoy,COc1cccc(-c2cc(Cl)ccc2C#CC(O)(c2ccc(C#N)cc2)c2cncn2C)c1,CHEMBL26068
DEC_0659,decoy,O=P1(N(CCCl)CCCl)NC(O)CCO1,CHEMBL731
DEC_2095,decoy,CC(Cl)c1nc2c(C(F)(F)F)cccc2c(O)c1C(=O)Nc1nccs1,CHEMBL415254
DEC_0390,decoy,N[C@@H](C(=O)N[C@@H]1C(=O)N2C(C(=O)O)=C(Cl)CS[C@H]12)c1ccccc1,CHEMBL680
DEC_3355,decoy,O=Cc1cn2c(cc(Cl)c3ccc(Cl)cc32)n1,CHEMBL275352
DEC_0689,decoy,c1cncc(C2CCCN2C2c3ccccc3Oc3ccccc32)c1,CHEMBL278775
DEC_0395,decoy,CC(C)C(NC(=O)Cn1ccc2c(=O)n(C)c(=O)[nH]c2c1=O)C(=O)C(F)(F)F,CHEMBL267800
DEC_0845,decoy,C=C(OCC)c1ncnc2c1ncn2Cc1ccccc1,CHEMBL283944
DEC_3306,decoy,CN1C[C@H](C(=O)Nc2nccs2)C[C@@H]2c3cccc4[nH]cc(c34)C[C@H]21,CHEMBL269160
DEC_1156,decoy,CCCc1nc2c(n1Cc1ccc(-c3ccccc3S(=O)(=O)Nc3onc(C)c3C)c(COCC)c1)C(=O)CCCC2,CHEMBL429037
DEC_1010,decoy,CC[N+](CC)(CC)CCC[n+]1ccc(/C=N/OCc2c(Cl)cccc2Cl)cc1,CHEMBL32689
DEC_3289,decoy,Nc1nc(N)c2cc([S+]([O-])c3ccc4ccccc4c3)ccc2n1,CHEMBL6979
DEC_1342,decoy,CC1=C2NCC3C(CC[C@@]4(C)C3CC[C@@H]4C(=O)Nc3cc(C(F)(F)F)ccc3C(F)(F)F)[C@@]2(C)CCC1=O,CHEMBL25183
DEC_1255,decoy,c1ccc2c(CC3=NCCN3)c3ccccc3c(CC3=NCCN3)c2c1,CHEMBL27223
DEC_3149,decoy,CCC(=O)N1CCN(c2cc3c(cc2F)c(=O)c(C(=O)O)c2sc4ccccc4n23)CC1,CHEMBL290958
DEC_1643,decoy,C/C(=N\OC(C)C)c1ccc(Sc2cc(F)cc(C3CCOCC3)c2)cc1,CHEMBL25039
DEC_3424,decoy,CCC1C(=O)N2C=CSC2=[N+](CC2CC2)C1=O,CHEMBL278344
DEC_2075,decoy,CCOc1ccc(-n2c(C)c3c(C)nnc(Nc4ccncc4)c3c2C)cc1,CHEMBL415465
DEC_2168,decoy,NC(=O)c1cc(-c2ccncc2)cnc1Cl,CHEMBL6581
DEC_3118,decoy,O=C1CCc2cc3c(c4c5ccccc5n1c24)CCNC3,CHEMBL283792
DEC_1412,decoy,CC1(C)CC[C@]2(C(=O)O)CC[C@]3(C)C(=CC[C@@H]4[C@@]5(C)C=C(C=O)C(=O)C(C)(C)[C@@H]5CC[C@]43C)C2C1,CHEMBL292828
DEC_2283,decoy,CC(C)Nc1nc(N2CCN(C)CC2)nc(Cl)c1Cl,CHEMBL29001
DEC_1155,decoy,O=C(O)CO/N=C/C(c1ccc(OCc2ccc3ccccc3n2)cc1)c1ccc(OCc2ccc3ccccc3n2)cc1,CHEMBL113280
DEC_0897,decoy,O=C(/C=C/c1ccccc1)n1c(=O)oc2c3ncccc3c(Cl)cc21,CHEMBL22143
DEC_2718,decoy,O=C(O)c1cc2c(=O)n(-c3ccccc3)c3ccccc3n2c1,CHEMBL441408
DEC_0808,decoy,C=CCN1C[C@H]2c3c(cccc3OC)CC[C@H]21,CHEMBL24161
DEC_1106,decoy,O=C1NC(c2ccccc2)C2(CCN(CC(O)C3COc4ccccc4O3)CC2)O1,CHEMBL25517
DEC_0282,decoy,O=C(c1cccc2ccccc12)c1cn2c3c(cccc13)OCC2CN1CCOCC1,CHEMBL27388
ACT_071,active,C/N=C1/CCc2c1n(C)c1ccc(OC(=O)NC)c(Cl)c21,CHEMBL155754
DEC_1736,decoy,Clc1ccc2ccc(/C=C/c3ccc(OCc4ccccc4Cc4nnn[nH]4)cc3)nc2c1,CHEMBL428868
DEC_1911,decoy,c1ccc([C@H]2OC[C@H]([C@@H]3CCCCN3)O2)cc1,CHEMBL432263
DEC_2546,decoy,O=S(=O)(c1nc(-c2cccc(Cl)c2)c(-c2ccccc2)[nH]1)C(F)(F)C(F)F,CHEMBL274730
DEC_1851,decoy,C=C(C)n1c(=O)n(Cc2nc3ccccc3n2CCC(C)O)c2ccccc21,CHEMBL15009
DEC_0885,decoy,CCC(=O)n1c(O)nc(CC)c1C(=O)c1ccc(-n2ccnc2C)cc1,CHEMBL424588
DEC_2175,decoy,O=S1NC(Cc2cc3ccccc3o2)=NO1,CHEMBL18176
DEC_3010,decoy,COCCOc1c(OC)cc(Cc2cnc(N)nc2N)cc1OC,CHEMBL32039
DEC_2965,decoy,COc1ccc(-c2ccc(C(=O)O)cc2)cc1O[C@H]1CC2CCC1C2,CHEMBL282934
DEC_0889,decoy,COC[C@H]1OC(=O)c2coc3c2[C@@]1(C)C1=C(C3=O)[C@@H]2CCC(=O)[C@@]2(C)CC1,CHEMBL13513
DEC_3252,decoy,CN1C[C@H](CCN2CCC2)Oc2ncc(Cl)cc2C1=S,CHEMBL25198
DEC_0683,decoy,COc1cc(C#N)cc(-c2ccc3c(c2)C(C)(C)OC(S)=N3)c1,CHEMBL25292
DEC_2017,decoy,C=CC(=O)Nc1cnc2ncc(C#N)c(Nc3cccc(Br)c3)c2c1,CHEMBL281467
ACT_042,active,CCCCNC(=O)OCCCCCO,CHEMBL182596
DEC_3120,decoy,CCNCC1NCC(c2ccccc2)c2ccccc21,CHEMBL6603
DEC_1032,decoy,C=CCC1Oc2c(Br)ccc(OC)c2-c2ccc3c(c21)C(C)=CC(C)(C)N3,CHEMBL7817
DEC_2342,decoy,C=C(Cl)CN1C[C@H](OCC23C[C@@H]4[C@H](C)CC[C@H]4C4(C=O)CC2C=C(C(C)C)C34C(=O)O)O[C@H](C)C1,CHEMBL45954
DEC_1046,decoy,C[C@H]1C(=O)C(C)(C)Nc2ccc3c(c21)[C@H](c1cccc(F)c1)Oc1ccccc1-3,CHEMBL35525
DEC_1295,decoy,CN1CC=C(CCc2ccc3ccccc3c2)CC1,CHEMBL23487
DEC_0959,decoy,CCCCCCCCCCCCCCOC(=O)[C@@H]1CC(=O)O[C@H]1CO,CHEMBL28486
DEC_1354,decoy,O=C1CN2CCc3cncn3Cc3ccc(-c4ccc(C(F)(F)F)cc4)c(c3)Oc3ccc4cccc(c4c3)N1CC2,CHEMBL23248
DEC_0769,decoy,O=C1[C@@H](NS(=O)(=O)c2ccc(-c3ccc(Cl)s3)s2)CCN1Cc1cc2c[nH]ccc-2n1,CHEMBL268917
DEC_1898,decoy,O=C(O)c1cc(Br)cc2c(=O)cc(-c3ccc4ccccc4n3)oc12,CHEMBL11521
DEC_2701,decoy,Cc1cc(-c2c(F)cc3c(=O)c(CCc4ccccc4)cn(C4CC4)c3c2F)cc(C)n1,CHEMBL7999
DEC_1232,decoy,CC(C)(C)c1cc(/C=C/c2nnc(O)o2)cc(C(C)(C)C)c1O,CHEMBL12395
DEC_2813,decoy,Cn1cncc1C(OCc1ccc(C#N)c(-c2ccc3ccccc3c2)n1)c1ccc(C#N)cc1,CHEMBL38974
DEC_0018,decoy,O=C(NC[C@H](NS(=O)(=O)c1ccc(Cl)cc1)C(=O)O)c1cc2cc(CCC3CCNCC3)sc2s1,CHEMBL80432
DEC_1278,decoy,c1ccc(Nc2nc3ccccc3n3cncc23)cc1,CHEMBL29856
DEC_2692,decoy,Cc1c(C(=O)N(C)Cc2ccc(Cl)cc2)nc2ccccc2c1-c1ccccc1,CHEMBL276341
DEC_2400,decoy,CC(C)(C)Nc1nc(C(F)(F)F)nc2ccc(C(F)(F)F)cc12,CHEMBL16364
DEC_2235,decoy,Cc1cnc2c(c1)[C@@H]1c3cc(O)c(O)cc3CC[C@H]1NC2,CHEMBL275379
DEC_2793,decoy,COc1cc2c(cc1C(F)(F)F)N(C(=O)Nc1cncc(-c3cccnc3)c1)CC2,CHEMBL14345
DEC_0899,decoy,CCOC(=O)N1CCN(C2=Nc3ccccc3Cn3c2cc2ccccc23)CC1,CHEMBL268998
DEC_1747,decoy,CCC(CCOC)n1c(COC)nc2c(-c3ccc(C(F)(F)F)cc3Cl)ccnc21,CHEMBL280665
DEC_1043,decoy,C[C@@H]1CC(C)(C)Nc2ccc3c(c21)[C@H](c1ccc(Cl)cc1)Oc1ccccc1-3,CHEMBL36076
DEC_0255,decoy,CCN1CCN(c2cccc3c2OCCO3)CC1,CHEMBL26905
DEC_0906,decoy,O=C(OC1CN2CCC1CC2)C1=C/C(=C\c2ccncc2)c2ccccc21,CHEMBL278074
DEC_1221,decoy,CC(C)Oc1ccc(Sc2ccc(NC3=NCCN3)cc2)cc1,CHEMBL9604
DEC_1000,decoy,C[C@@H](n1cnc2cc(-c3ccc(S(C)(=O)=O)cc3)sc2c1=O)[C@](O)(Cn1cncn1)c1ccc(F)cc1F,CHEMBL55124
DEC_2327,decoy,O=C1CC2(CCCc3ccccc32)C(=O)N1CCCCN1CCN(N2Cc3ccccc3S2)CC1,CHEMBL35539
DEC_1685,decoy,O=C(O)COc1c(Br)cc(-c2c3ccccc3c(Br)c3sc4ccccc4c23)cc1Br,CHEMBL108721
DEC_2664,decoy,CC(C)(C)c1ccc(Cn2c(Br)nc3cc(Cl)c(Cl)cc32)cc1,CHEMBL22289
DEC_1881,decoy,O=S(=O)(CS(=O)(=O)C(F)(F)F)c1cc(C(F)(F)F)cc(C(F)(F)F)c1,CHEMBL12162
DEC_2732,decoy,COC(=O)c1oc2c(sc3ccccc32)c1OC(=O)C(C)C,CHEMBL268367
DEC_2423,decoy,CCCCc1oc2ccccc2c1C(O)c1ccc2cc(O)ccc2c1,CHEMBL25821
DEC_1007,decoy,CN(Cc1cc2cc(C(=O)N3CCC(N4C(=O)OCc5ccccc54)CC3)ccc2o1)C(=O)CN1C(=O)CNC1=O,CHEMBL31213
DEC_2565,decoy,Cl.O=C([C@@H]1CCCN1)N1CCCC1P(=O)(Oc1ccccc1)Oc1ccccc1,CHEMBL273694
DEC_2038,decoy,Cc1ccc2c(c1)N(C(=O)N1C[C@@H](C)N[C@H](C)C1)Cc1c(C(=O)OC(C)(C)C)ncn1-2,CHEMBL277136
DEC_0622,decoy,C=C(Br)COc1noc2c1CNCC2.Cl,CHEMBL6807
DEC_1684,decoy,Cc1ccccc1C(=O)n1c(=O)c(F)cn(C(=O)O[C@H]2CCC3(C)C(=CCC4[C@@H]3CCC3(C)[C@@H](C(C)CCCC(C)C)CC[C@@H]43)C2)c1=O,CHEMBL282421
DEC_3273,decoy,C#CCN(C1=NCCN1)c1c(Br)cccc1Br,CHEMBL20816
DEC_1784,decoy,CC(=O)Nc1nc(-c2cc(C(C)(C)C)c(O)c(C(C)(C)C)c2)ns1,CHEMBL279753
DEC_3392,decoy,Cc1cc(C)n(CCCCCSc2nc(-c3ccc(N(C)C)cc3)c(-c3ccc(N(C)C)cc3)[nH]2)n1,CHEMBL51062
DEC_1384,decoy,CC1(C)CC[C@]2(C(=O)O)CC[C@]3(C)C(=CC[C@@H]4[C@@]5(C)C=C(Cl)C(=O)C(C)(C)[C@@H]5CC[C@]43C)C2C1,CHEMBL55735
DEC_1676,decoy,O=C(Cc1cc(C(F)(F)F)cc(C(F)(F)F)c1)NCC(c1cc(Cl)cc(Cl)c1Cl)N1CCC(N2CCCCC2)CC1,CHEMBL139903
DEC_0333,decoy,Cc1ccc(C#CC(O)(c2ccc(C#N)c(-c3cccc4ccccc34)c2)c2cncn2C)cn1,CHEMBL23753
DEC_1908,decoy,S=C=Nc1cc(-c2ncon2)ccc1Cl,CHEMBL22169
DEC_2744,decoy,Cc1cc(C)cc(COCC2(c3ccccc3)CCNCC2)c1,CHEMBL277918
ACT_052,active,Cc1cc(C)c(C(=O)/C=C/c2nc(C)c(C)nc2C)cc1C,CHEMBL5430903
DEC_1298,decoy,Cc1sc(C)c2c1CCCC2c1c[nH]cn1,CHEMBL30739
DEC_2553,decoy,CCN(CC)C(=O)Nc1sc2c(c1C(=O)c1ccccc1Cl)CCN(C(C)=O)C2,CHEMBL40296
DEC_3050,decoy,O=C1[C@@H](NS(=O)(=O)c2ccc(-c3ccncc3)s2)CCN1CCNc1ccncc1,CHEMBL266351
DEC_0183,decoy,NC1=NC(c2ccccc2)Cc2ccsc21,CHEMBL8106
DEC_1418,decoy,C=C(c1ccccc1OCC(O)CNC(C)(C)C)n1ccnc1C,CHEMBL15565
DEC_2610,decoy,Fc1ccc(-n2cc(C3=CCNCC3)c3cc(Cl)ccc32)cc1,CHEMBL274178
DEC_3331,decoy,Cc1ccc([C@@H](O)[C@@H]2CCCc3cc(C)cnc32)cc1,CHEMBL288146
DEC_2083,decoy,CN(Cc1coc2nc(N)nc(N)c12)c1cc(Cl)c(Cl)c(Cl)c1,CHEMBL278110
DEC_1323,decoy,C=CCOC(=O)[C@]12CCC(C)(C)CC1C1C(=O)C=C3[C@@]4(C)C=C(C#N)C(=O)C(C)(C)[C@@H]4CC[C@@]3(C)[C@]1(C)CC2,CHEMBL7996
DEC_0069,decoy,CC(C)C1(C2=NCCN2)COc2ccccc2O1,CHEMBL10338
DEC_2219,decoy,CC(=O)NC1=C(C)C(=O)c2c(nc3n2CCC3)C1=N,CHEMBL17628
DEC_3219,decoy,CCN1C(=S)OC(C)(C)c2cc(-c3cc(F)cc(C#N)c3)ccc21,CHEMBL417110
DEC_2360,decoy,C=CCC1Oc2cccc(C=C)c2-c2ccc3c(c21)C(C)=CC(C)(C)N3,CHEMBL267940
DEC_1136,decoy,CCN(CCc1ccccn1)Cc1c(C(C)(C)C)nc2n(Cc3ccccc3F)c(C)c(-c3cccc(OC)c3)c(=O)n12,CHEMBL52506
DEC_0318,decoy,C#Cc1ccc(C#CC(O)(c2ccc(C#N)c(-c3cccc4ccccc34)c2)c2cncn2C)cc1,CHEMBL24554
DEC_0895,decoy,O=C1NC(=O)C(CC#Cc2ccc(Cl)cc2)(Sc2ccccn2)S1,CHEMBL418709
DEC_2470,decoy,O=C1C2C3C=CC(C4CC34)C2C(=O)N1CCCCc1ccncc1,CHEMBL32094
DEC_2326,decoy,C[C@@H](n1cnc2cc(Sc3ccccc3)ccc2c1=O)[C@](O)(Cn1cncn1)c1ccc(F)cc1F,CHEMBL300113
DEC_0212,decoy,Cc1nc2c([nH]1)C(=O)N1CCN=C1N2CC(C)C,CHEMBL274028
DEC_0713,decoy,CCOC(=O)/C=C(C)/C=C/C=C(C)/C=C/c1c(C)sc(C)c1C,CHEMBL22370
DEC_1525,decoy,O=c1c2ccccc2c2ccccc2n1CC#Cc1cc2c(s1)-n1c(CO)nnc1CN=C2c1ccccc1Cl,CHEMBL19917
DEC_1438,decoy,CC(C)N(CC[C@](C(N)=O)(c1ccccc1)c1ccccn1)C(C)C,CHEMBL8821
DEC_2740,decoy,O=c1oc(Nc2cc(Cl)ccc2Cl)nc2ccccc12,CHEMBL274816
DEC_1178,decoy,NC(=O)Sc1cncc2sc(C(N)=O)cc12,CHEMBL268667
DEC_0006,decoy,C=CCNc1nc(NCC=C)nc(NCC(O)CN2CCN(C3c4ccccc4CCc4ccccc43)CC2)n1,CHEMBL85873
DEC_2271,decoy,CC1CCN2C(=O)C(C(=O)O)=CNC2=C1/C=N/c1ccccc1,CHEMBL25050
DEC_2947,decoy,CSc1sc(C(=N)N)cc1-c1nc(-c2ccccc2)cs1,CHEMBL281899
DEC_1175,decoy,O=C(O)c1cc2c(c(C(=O)O)c1)NCCS2,CHEMBL35713
DEC_0571,decoy,Cc1ccc2cccc(OCc3c(Cl)ccc(N(C)C(=O)Cc4ccc(C(=O)c5ccc(N)cc5)n4C)c3Cl)c2n1,CHEMBL417474
DEC_3301,decoy,CC(/N=c1\c(O)c(O)\c1=N/c1ccc(C(F)(F)F)cc1)C(C)(C)C,CHEMBL19104
DEC_2388,decoy,C=CCC1Oc2c(C)ccc(OC)c2-c2ccc3c(c21)C(C)=CC(C)(C)N3,CHEMBL7655
DEC_2382,decoy,C(=C/c1ccco1)\c1cc(-c2ccco2)cc(-c2cccs2)n1,CHEMBL27322
DEC_0588,decoy,O=C(O)CCC/C=C\C[C@H]1[C@H](CNS(=O)(=O)c2ccc(Cl)cc2)C2CC1(c1ccc(-c3ccccc3)cc1)CO2,CHEMBL10665
DEC_1411,decoy,O=C(O)c1cc(Cl)cc2c(=O)cc(-c3cccc(/C=C/c4ccc5ccccc5n4)c3)oc12,CHEMBL416769
DEC_0950,decoy,CCCCCCCCCCCCCC(=O)O[C@@H]1CC(=O)O[C@H]1CO,CHEMBL276429
DEC_2881,decoy,CC(=O)N1CCC(c2cc3cc(C(=O)N4CCC(N5C(=O)OCc6ccccc65)CC4)ccc3o2)CC1,CHEMBL31606
DEC_0793,decoy,CCc1nn(C)c(N)c1C(=O)c1ccccc1,CHEMBL285032
DEC_2211,decoy,Nc1nc(Cl)nc2c1ncn2C1CCC(CO)O1,CHEMBL14562
DEC_0369,decoy,CC1(C)O[C@H]2[C@@H]3O[C@H](c4ccccc4)O[C@@H]3CO[C@@]2(COS(N)(=O)=O)O1,CHEMBL287644
DEC_2643,decoy,CCC1(CC)OC(S)=Nc2ccc(-c3cccc(Cl)c3)cc21,CHEMBL277422
DEC_1840,decoy,CCCCc1nc(Cl)c(CO)n1Cc1ccc(-n2cccc2C(=O)O)cc1,CHEMBL12190
DEC_0418,decoy,CC(C)Oc1ccccc1C/N=C(\S)c1ccc2cnccc2n1,CHEMBL9547
DEC_3069,decoy,CCC/N=c1\c(O)c(O)\c1=N/[C@@H](Cc1ccc(-c2c(OC)cccc2OC)cc1)C(=O)O,CHEMBL274828
DEC_0525,decoy,C=C(C)CN(C1=NCCN1)c1c(Br)cccc1Br,CHEMBL283961
DEC_3056,decoy,CCOC(=O)c1cnc2ccc(C3(CCC(=O)NCCC(C)C)CCC(=O)NC3=O)cc2c1O,CHEMBL22392
ACT_084,active,Fc1ccc(N(Cc2ccc3c(c2)OCO3)C(=S)Nc2cccc(C(F)(F)F)c2)cc1,CHEMBL186896
DEC_0717,decoy,C/C(=N/Cc1ccccc1)Nc1nnc(-c2ccccc2C)s1,CHEMBL12313
DEC_2777,decoy,COc1cccc(C2(C)c3cc(C(=O)O)sc3C(=O)c3c2c2ccccc2n3C)c1,CHEMBL14911
DEC_0028,decoy,CC(=O)OCC1=C(C(=O)OC(c2ccccc2)c2ccccc2)N2C(=O)[C@@H](Nc3nc4c(O)cccc4[nH]3)C2SC1,CHEMBL267787
DEC_0065,decoy,CCn1c(=S)n(C)s/c1=N\c1cccnc1,CHEMBL26616
DEC_2570,decoy,CCc1nc2cc(OC3CCN(C(C)=N)CC3)ccc2n1C/C=C/c1cc(N)ccc1O,CHEMBL25068
DEC_3046,decoy,COc1cc(Cc2cnc(N)nc2N)cc(OCCCCCC(=O)O)c1Br,CHEMBL286400
DEC_2563,decoy,Cc1cc(SC2=C(O)OC(CCc3ccc(N)cc3)(C(C)C)CC2=O)c(C(C)(C)C)cc1N,CHEMBL38269
DEC_0819,decoy,CCOc1ccccc1OC(c1ccccc1)C1CNCCO1,CHEMBL14370
DEC_1334,decoy,CN(C)c1ccc(C#C[C@]2(O)CCC3C4CCC5=CC(=O)CCC5=C4[C@@H](c4ccc(N(C)C)cc4)C[C@@]32C)cc1,CHEMBL72866
DEC_0114,decoy,Cc1cc(CCCCCCCCOc2ccc(C3=NCCO3)cc2)on1,CHEMBL27219
DEC_3269,decoy,OC(c1ccc(F)cc1)(c1ccc(F)cc1)c1cncnc1,CHEMBL28696
DEC_3262,decoy,CCCCCCc1nc2c([nH]1)N1CC(C)(C)N=C1N(C)C2=O,CHEMBL416541
DEC_1827,decoy,CCCOc1cccc2c(CC(C)NC[C@H](O)c3cccc(Cl)c3)c[nH]c12,CHEMBL24967
DEC_3081,decoy,C=CCOC1(C2=NCCN2)COc2ccccc2O1,CHEMBL9763
DEC_0934,decoy,CCCCC(C)Oc1c(OC)cc(NC(C)CCCN)c2ncc(C)cc12,CHEMBL18363
DEC_1627,decoy,C=CCC1Oc2ccc(OCC)c(OC)c2-c2ccc3c(c21)C(C)=CC(C)(C)N3,CHEMBL7966
DEC_3444,decoy,CC(C)Sc1ccc(CC2CCN(C3CCN(C(=O)c4cnccn4)CC3)CC2)cc1,CHEMBL12029
DEC_2698,decoy,Cc1cc(-c2c(F)cc3c(=O)c(-c4ccccc4)cn(C4CC4)c3c2F)cc(C)n1,CHEMBL7704
DEC_1283,decoy,c1cc(-c2ccc(-n3ccnc3)cc2)c2nccn2c1,CHEMBL26924
DEC_1239,decoy,CCC(C)(C)/N=c1\c(O)c(O)\c1=N/Cc1ccc(F)c(F)c1,CHEMBL19694
DEC_1763,decoy,Nc1nc(N)c2nc(Sc3cc(Cl)c(Cl)cc3Cl)cnc2n1,CHEMBL6465
DEC_0767,decoy,C[C@@H]1CC[C@]2(C(=O)O)CC[C@]3(C)C(=CCC4[C@@]5(C)CC(=O)[C@H](O)[C@@](C)(CO)C5CC[C@]43C)C2[C@H]1C,CHEMBL19444
DEC_1241,decoy,CCOc1ccc(Sc2ccc(NC3=NCCN3)cc2)cc1,CHEMBL9552
DEC_2866,decoy,N#Cc1c(Br)n(C2OC(CO)C(O)C2O)c2ncnc(N)c12,CHEMBL16482
DEC_0966,decoy,COC(=O)C(CSc1ccc(C(C)(C)C)cc1)n1c(=O)n2n(c1=O)C(C(=O)NCc1ccc(N)nc1C)C=CC2,CHEMBL33752
DEC_2799,decoy,CC1=NN(C(=O)Nc2ccc(Cl)cc2)C(C)=NN1C(=O)Nc1ccc(Cl)cc1,CHEMBL18167
DEC_0645,decoy,C=CCC1([C@@H](C)C#CCC)C(=O)NC(=S)NC1=O,CHEMBL22647
DEC_1792,decoy,CSc1sc(C(=N)N)cc1-c1nc(-c2ccccc2C)cs1,CHEMBL28949
DEC_0456,decoy,CCCC[C@@H]1CC2C(CCC3(C)C(=O)CCC23)C2(C)C=CC(=O)C=C12,CHEMBL8417
DEC_1656,decoy,Clc1nc(Nc2ccc(Br)cc2)c2ncn(Cc3ccccc3)c2n1,CHEMBL26199
DEC_2533,decoy,O=C1c2ccccc2CN1C1CCC(N2CCN(c3nsc4ccccc34)CC2)CC1,CHEMBL41309
DEC_0244,decoy,CN1CC(C2=NCCN2)Oc2ccc(Cl)cc21,CHEMBL13810
DEC_0012,decoy,CC1CNc2c(cccc2S(=O)(=O)N[C@@H](Cc2nc3ccccc3o2)C(=O)N2CCC(CCO)CC2)C1,CHEMBL289493
DEC_2616,decoy,COc1cc(F)cc(-c2ccc3c(c2)C(C)(C)OC(S)=N3)c1,CHEMBL428513
DEC_2212,decoy,CCc1ccc(N2C(N)=NC(N)=NC2(C)C)cc1N,CHEMBL34217
DEC_2325,decoy,CC(C)C1=CC2CC3(C=O)[C@@H]4CC[C@@H](C)[C@H]4CC2(CO[C@H]2CN(CC4CC4)[C@H](C)CO2)[C@]13C(=O)O,CHEMBL281987
DEC_1514,decoy,COc1cccc(N2CCN(CC(=O)[C@@]3(O)CCC4C5CCC6=CC(=O)CC[C@]6(C)C5=CC[C@@]43C)CC2)n1,CHEMBL15646
DEC_0011,decoy,C=CCNc1nc(NCC=C)nc(N2CCC(NCC3c4ccccc4CS(=O)(=O)c4ccccc43)CC2)n1,CHEMBL313401
DEC_3376,decoy,CC(CCC(SCCC(=O)O)c1cccc(OCc2ccc3ccc(Cl)cc3n2)c1)CC(=O)N(C)C,CHEMBL15485
DEC_2449,decoy,CCCCCc1cc(O)c2c(c1)OC(C)(C)[C@@H]1CCC(CN(C)C)CC21,CHEMBL28722
DEC_2978,decoy,C=CCN(C)S(=O)(=O)c1ccc(-n2ncc(=O)[nH]c2=O)cc1Cl,CHEMBL11673
DEC_1815,decoy,c1cc(OCCCc2nnn[nH]2)cc(OCc2cc3ccccc3cn2)c1,CHEMBL17973
DEC_3239,decoy,NC(=O)c1cc2c(Sc3ccccn3)cncc2s1,CHEMBL263080
DEC_1557,decoy,N=C(c1ccc(C(=O)N2CCN(S(=O)(=O)c3ccc4cc(Br)ccc4c3)CC2)cc1)N1CCCCC1,CHEMBL302178
DEC_2682,decoy,CC1=CC(C)(C)Nc2ccc3c(c21)C(c1cccc(Cl)c1)Oc1ccc(F)cc1-3,CHEMBL416411
DEC_2640,decoy,CC1=C(/C=C/C(C)=C/c2ccc(C(=O)O)cc2F)C(C)(C)CCC1,CHEMBL274949
DEC_1277,decoy,C=CCN1CCc2ccsc2C1c1ccccc1,CHEMBL283104
DEC_1493,decoy,CC(C)C1=CC2CC3(C=O)[C@@H]4CC[C@@H](C)[C@H]4CC2(CO[C@@H]2O[C@H](C)[C@H]4OC(C)(C)O[C@H]4[C@@H]2O)C13C(=O)O,CHEMBL21658
DEC_0019,decoy,CC1(C)CNc2c(cccc2S(=O)(=O)N[C@@H](Cc2nc3ccccc3s2)C(=O)N2CCC(CCO)CC2)C1,CHEMBL422401
DEC_3138,decoy,O=C1NC(=O)C(CC#Cc2ccc(C(F)(F)F)cc2)(S(=O)(=O)c2ccccc2)S1,CHEMBL11940
DEC_1686,decoy,O=C1OC(OP(=O)(Cc2cccc3ccccc23)OC2OC(=O)c3c(Cl)ccc(Cl)c32)c2c(Cl)ccc(Cl)c21,CHEMBL35826
DEC_1018,decoy,FC(F)(F)c1nc(-c2cc(Cl)cc(Cl)c2)c(-c2cc(Cl)cc(Cl)c2)[nH]1,CHEMBL266280
DEC_3327,decoy,C/C(=C1/CCCc2c(C)ccnc21)c1ccc(C)cc1,CHEMBL38049
DEC_1900,decoy,CCN(c1nc2ccccc2c(=O)o1)c1ccccc1I,CHEMBL275491
DEC_0804,decoy,O=C(O)c1ccc(NCc2ccccc2)cn1,CHEMBL31554
DEC_2371,decoy,C=CCC1Oc2cccc(Cl)c2-c2ccc3c(c21)C(C)=CC(C)(C)N3,CHEMBL8007
DEC_2137,decoy,O=C(O)Cc1ccccc1Cn1nnc(-c2cccc(OCc3ccc4ccccc4n3)c2)n1,CHEMBL19400
DEC_2105,decoy,O=c1cc(COC2CCOCC2)occ1OC(=O)[C@]12C[C@H]3C[C@H](C[C@H](C3)C1)C2,CHEMBL268251
DEC_1617,decoy,C=CCC1Oc2ccc(OCC#N)c(OC)c2-c2ccc3c(c21)C(C)=CC(C)(C)N3,CHEMBL8055
DEC_1498,decoy,CCC1(O)C(=O)OCc2c1cc1n(c2=O)Cc2c-1nc1ccccc1c2CCN(C)C(=O)OCc1ccccc1,CHEMBL10510
DEC_1124,decoy,CCCCC(CC)C(=O)Nc1ccc2ccn(Cc3ccc(C(=O)C(C#N)S(=O)(=O)c4ccccc4)cc3OC)c2c1,CHEMBL84173
DEC_1341,decoy,C[C@]12CCC(=O)C(Cl)=C1NCC1C2CC[C@@]2(C)C1CC[C@@H]2C(=O)Nc1cc(C(F)(F)F)ccc1C(F)(F)F,CHEMBL282037
ACT_025,active,CCCSc1nc2nc3c(c(N)c2s1)C1CC(CC)=CC(C3)C1,CHEMBL576384
DEC_1854,decoy,C=CCSc1nc(-c2ccc(OC)cc2)c(-c2ccc(OC)cc2)[nH]1,CHEMBL18343
DEC_1459,decoy,O=CC(Cc1ccccc1)NC(=O)c1ccccc1COc1ccccc1,CHEMBL280652
DEC_2259,decoy,CC1(C)N=C(N)N=C(N)N1c1ccc(C#Cc2ccccc2)cc1,CHEMBL284157
ACT_081,active,Cc1ccc(S(=O)(=O)SCc2ccc(C#N)cc2)cc1,CHEMBL4858117
DEC_3103,decoy,O=NN(CCCl)C(=O)NC1CC2CCC1C2,CHEMBL268495
DEC_1496,decoy,CC(=O)OCC(=O)[C@@]1(OC(=O)c2cccs2)[C@H](C)CC2C3CCC4=CC(=O)C=CC4(C)[C@@]3(F)C(O)CC21C,CHEMBL287934
DEC_1621,decoy,CCCN(CC1CC1)c1nc(C)nc2c1sc(=S)n2-c1c(C)cc(C)cc1C,CHEMBL17619
DEC_0748,decoy,C[C@H]1CC2C3CCC4=CC(=O)C=CC4(C)[C@@]3(F)C(O)CC2(C)[C@@]1(OC(=O)c1ccoc1)C(=O)CCl,CHEMBL41403
DEC_0156,decoy,CC(C)(C)NC(=O)Nc1nc2nc(N)ncc2cc1-c1c(Br)cccc1Br,CHEMBL300171
DEC_1604,decoy,CC(=O)c1c(O)nnc(-c2ccccc2)c1-c1ccccc1,CHEMBL284883
DEC_1809,decoy,CC(=N)N1CC[C@H](Oc2ccc(CCc3cc4cc(C(=N)N)ccc4o3)cc2)C1,CHEMBL19368
DEC_2123,decoy,CCN(CC)CCn1nc2c3c(c(CNS(C)(=O)=O)ccc31)Sc1ccc(OC)cc1-2,CHEMBL30053
DEC_1256,decoy,CC(C)(C)c1cc(/C=C/c2n[nH]c(O)n2)cc(C(C)(C)C)c1O,CHEMBL12572
DEC_1570,decoy,S=C=Nc1ccc(-c2noc(C3CCCCC3)n2)cc1,CHEMBL20960
DEC_1600,decoy,C(=C/c1cccs1)\c1noc(/C=C/c2cccs2)n1,CHEMBL280174
DEC_0164,decoy,O=C(Cn1c(C2CCNCC2)nc2cc(Cl)c(Cl)cc21)NNC(=S)Nc1ccccc1,CHEMBL282055
DEC_0777,decoy,O=C(O)c1ccc(NCc2ccccn2)cn1,CHEMBL285348
DEC_0526,decoy,CC(=O)/C(=N\O)c1ccc(Sc2cc(F)cc(C3CCOCC3)c2)cc1,CHEMBL283476
DEC_2743,decoy,CN(C/C=C/c1ccccc1)Cc1ccnc2ccccc12,CHEMBL282278
DEC_1469,decoy,CCC(=O)O[C@]1(C(=O)COC(=O)C(C)(C)C)CCC2C3C[C@H](F)C4=CC(=O)C=CC4(C)[C@@]3(F)C(O)CC21C,CHEMBL308233
DEC_0848,decoy,c1ccc2nc(COc3ccc(Cc4nnn[nH]4)cc3)ccc2c1,CHEMBL19136
DEC_0518,decoy,CCc1cc(Br)ccc1C/N=c1\c(O)c(O)\c1=N/C(C)(C)C,CHEMBL281629
DEC_3326,decoy,c1ccc([C@@H]2CN3CCC[C@H]3Cc3ccccc32)cc1,CHEMBL290346
DEC_0231,decoy,CNc1ncnc2c1ncn2Cc1ccccc1F,CHEMBL7359
DEC_2113,decoy,COc1ccnc(C[S+]([O-])c2nc3cc(OC(F)(F)C(F)F)ccc3[nH]2)c1OC,CHEMBL9638
DEC_1210,decoy,CNCC1NCC(c2ccccc2)c2ccccc21,CHEMBL6649
DEC_1276,decoy,CC(O)c1cc(C(C)(C)C)c2c(c1)C(C)(C)CO2,CHEMBL13785
DEC_1013,decoy,CCC1C(=O)N2C=CSC2=[N+](Cc2cc(OC)cc(OC)c2)C1=O,CHEMBL23695
DEC_0861,decoy,[N-]=[N+]=NC1CCC(N=[N+]=[N-])c2cc(C(=O)CC(=O)C(=O)O)ccc21,CHEMBL278545
DEC_1071,decoy,CCC1(O)C(=O)OCc2c1cc1n(c2=O)Cc2c-1nc1ccc(CC#N)cc1c2C,CHEMBL10611
DEC_0218,decoy,O=S1NC(Cc2coc3ccccc23)=NO1,CHEMBL17720
DEC_1702,decoy,O=C1c2c(-c3ccccc3Cl)cc(N3CCC(N4CCCC4)CC3)nc2OCCCN1Cc1cc(C(F)(F)F)cc(C(F)(F)F)c1,CHEMBL360668
DEC_1025,decoy,O=Cc1nc(-c2cc(Cl)cc(Cl)c2)c(-c2cc(Cl)cc(Cl)c2)[nH]1,CHEMBL8084
DEC_0880,decoy,COc1ccnc(C[S+]([O-])c2nc3cc4c(cc3[nH]2)OC(F)(F)O4)c1C,CHEMBL9539
DEC_2468,decoy,CSc1c(Cl)nc(N2CCN(C)CC2)nc1NC(C)C,CHEMBL441773
DEC_1885,decoy,O=C(Nc1ncco1)c1c(C(Cl)Cl)nc2c(C(F)(F)F)cccc2c1O,CHEMBL36297
DEC_2036,decoy,COc1cccc2c1C(CN1CCC3(CC1)C(=O)NCN3c1ccccc1)CCO2,CHEMBL14349
DEC_1036,decoy,OC1=C2C(=Nc3c(-c4ccco4)cnn3C2c2ccc(Cl)c(Cl)c2)CCC1,CHEMBL284159
DEC_2512,decoy,O=S(=O)(c1nc(-c2ccccc2)c(-c2ccccc2)[nH]1)C(F)(F)C(F)Br,CHEMBL279378
DEC_0913,decoy,CC(C)(C)NC(=O)CCC(NC(=O)c1ccc(NCc2cnc3nc(N)nc(N)c3n2)cc1)C(=O)O,CHEMBL44697
DEC_0962,decoy,CC(C)(C)c1ccc(SCC(C(=O)O)n2c(=O)n3n(c2=O)C(C(=O)NC[C@H]2CC[C@H](N)CC2)C=CC3)cc1,CHEMBL32428
DEC_1744,decoy,CCCCC1=C(c2ccc(CCc3ccccc3)cc2)N2CCCN=C2c2ccccc21,CHEMBL276614
DEC_1845,decoy,CCCCC[C@](C)(O)/C=C/C1[C@H](O)C[C@@H]2OC(=O)CCC/C=C\C[C@H]12,CHEMBL12597
DEC_0552,decoy,CSc1nc2nc(C(=O)c3ccccc3)cn2c2c1CSCC2,CHEMBL20346
DEC_1727,decoy,FC(F)C(F)(F)Sc1nc(-c2cccc(Cl)c2)c(-c2cccc(Cl)c2)[nH]1,CHEMBL278692
DEC_2859,decoy,Nc1nc(Cl)c2ncn([C@@H]3C[C@H]4C[C@](CC(=O)O)(C(=O)O)O[C@H]4C3)c2n1,CHEMBL20982
DEC_1648,decoy,CCc1nc2c(-c3ccc(OC(F)(F)F)cc3Cl)nccc2n1C(C)CC,CHEMBL447475
DEC_1968,decoy,N=C(N)c1ccc2oc(CC(C(=O)O)c3ccc(O[C@H]4CCNC4)cc3)cc2c1,CHEMBL280157
DEC_2410,decoy,CSc1sc(C(=N)N)cc1-c1nc(-c2ccc(O)c(C)c2)cs1,CHEMBL433048
DEC_1713,decoy,CCC/C=C/c1c(C(C)C)nc(C(C)C)c(CO)c1-c1ccc(S(C)(=O)=O)cc1,CHEMBL278562
DEC_1200,decoy,Oc1ncc(C2OCCc3ccccc32)c(O)n1,CHEMBL269652
DEC_2339,decoy,Cc1cccc(C(=O)N2CCC(N3CCC(Cc4ccc(SC(C)C)cc4)CC3)CC2)c1N,CHEMBL12228
DEC_2190,decoy,CCn1c(=O)c2nc(C=O)cn2c2ccccc21,CHEMBL13570
DEC_3100,decoy,CC(C)N1CCN(c2ccccc2)C(C2=NCCN2)C1,CHEMBL40540
DEC_2635,decoy,Clc1cccc(Cl)c1Sc1ccc(NC2=NCCN2)cc1,CHEMBL275124
DEC_1804,decoy,CS(=O)(=O)c1nc(-c2ccc(Cl)c(Cl)c2)c(-c2ccccc2)[nH]1,CHEMBL278482
DEC_0447,decoy,CCCOc1c(Cl)c(OC)nc(C(Cl)(Cl)Cl)c1Cl,CHEMBL276861
DEC_1770,decoy,COC1(c2csc(Sc3ccc4c(c3)CC/C4=N\O)c2)CCOCC1,CHEMBL283523
DEC_0398,decoy,CS(=O)(=O)NC(=O)Cc1cccc2c1Cc1c-2nc(O)c2nc(C(=O)O)cn12,CHEMBL25453
DEC_0921,decoy,O=C(NC1CNCC1OC(=O)c1cc(O)c(C(=O)c2c(O)cccc2C(=O)O)c(O)c1)c1ccc(O)cc1,CHEMBL265559
DEC_2184,decoy,Cc1ccc(-c2nnc([S+](C)[O-])n2C)cc1,CHEMBL279465
DEC_3104,decoy,CC1(C)CC1C(=O)N/C(=C\C1CCCCC1)C(=O)O,CHEMBL268273
DEC_1803,decoy,O=C(O)COc1ccc2c(-c3ccccc3F)nsc2c1Cl,CHEMBL430138
DEC_2022,decoy,COC1(c2cc(F)cc(Sc3ccc4c(c3)OCC/C4=N\O)c2)CCOCC1,CHEMBL24358
DEC_2751,decoy,CNCCC(=O)N1c2ccccc2N2CCc3cccc(c32)C1C,CHEMBL28956
DEC_0621,decoy,O=P1(N(CCCl)CCCl)OCCCN1O,CHEMBL557134
DEC_0797,decoy,CC(C)NCC(O)c1ccc2ccccc2c1,CHEMBL16476
DEC_1642,decoy,FC(F)(F)C(F)(F)CSc1nc(-c2ccccc2)c(-c2ccccc2)[nH]1,CHEMBL19014
DEC_0337,decoy,O=c1oc(Nc2ccccc2I)nc2cc(C3CCCCC3)ccc12,CHEMBL10380
ACT_023,active,CC(C)=CCC[C@]1(C)[C@@H](CC=C(C)C)C[C@]2(CC=C(C)C)C(=O)C3=C(O[C@H](C(C)(C)O)[C@H]3O)[C@@]1(C(=O)C(C)C)C2=O,CHEMBL4129420
DEC_2717,decoy,CCN1CCN2CC(c3ccccc3)c3ccccc3C2C1,CHEMBL6747
DEC_2588,decoy,O=C(O)c1ccccc1Cn1nnc(-c2cccc(CSc3ccc4ccccc4n3)c2)n1,CHEMBL18940
DEC_0505,decoy,Fc1ccc2c(c1)CCC1N=C3SCCN3C21,CHEMBL29755
DEC_0900,decoy,COc1ccnc(C[S+]([O-])c2nc3cc4c(cc3[nH]2)OC(F)(F)O4)c1,CHEMBL9959
DEC_1537,decoy,Cc1nnc2n1-c1sc(C#CCn3c(=O)c4ccccc4c4ccccc4c3=O)cc1C(c1ccccc1Cl)=NC2,CHEMBL283790
DEC_1925,decoy,C=CCN1CC[C@H]2Cc3c(O)cccc3C[C@@H]21,CHEMBL267557
DEC_1473,decoy,CCC(=O)OCC(=O)[C@@]1(OC(=O)c2ccco2)[C@H](C)CC2C3CCC4=CC(=O)C=CC4(C)[C@@]3(F)C(O)CC21C,CHEMBL289317
DEC_2753,decoy,Nc1nc(C#Cc2ccccc2)c2ncn(Cc3ccccc3)c2n1,CHEMBL277893
DEC_0697,decoy,C[S+]([O-])c1nnc(-c2cc(C(C)(C)C)c(O)c(C(C)(C)C)c2)s1,CHEMBL16522
DEC_2258,decoy,CC1(C)N=C(N)N=C(N)N1c1ccc(C#C[Si](C)(C)C)cc1,CHEMBL33409
DEC_2480,decoy,c1ccc(COc2ccccc2-c2nc3ccc[nH]c-3n2)cc1,CHEMBL27627
DEC_1598,decoy,ClCCCOc1ccccc1-c1nc2ccc[nH]c-2n1,CHEMBL280830
DEC_1766,decoy,O=C1Nc2ccc(Cl)cc2C(C#Cc2ccoc2)(C(F)(F)F)O1,CHEMBL280029
DEC_0199,decoy,Cc1cc2c(o1)c(C)cc1c(C)cc(=O)oc12,CHEMBL285692
DEC_2404,decoy,CCCCC[C@@H]1CC2C(CCC3(C)C(=O)CCC23)C2(C)C=CC(=O)C=C12,CHEMBL440832
DEC_3241,decoy,CC(/C=C/C(=O)C1=C(O)CN(C)C1=O)=C\c1ccccc1,CHEMBL10429
DEC_3374,decoy,O=C(O)CCC/C=C/C[C@H]1[C@H](/C=N/Oc2ccc(F)cc2)C2CC1(c1ccc(-c3ccccc3)cc1)CO2,CHEMBL10400
DEC_0090,decoy,Cc1cn(-c2cc(C)c3[nH]c(=O)ccc3c2)c(C)n1,CHEMBL37971
DEC_0001,decoy,CCCC[C@@H](C)/C=C(C)/C=C(\C)C(=O)NC1=C[C@@](O)(/C=C/C=C/C=C/C(=O)NC2=C(O)CCC2=O)[C@@H]2O[C@@H]2C1=O,CHEMBL285848
DEC_0504,decoy,Cc1ccc2c(c1)c1oc(C(=O)O)cc(=O)c1n2C,CHEMBL281343
DEC_0716,decoy,COc1ccc(-c2nc(SC(F)F)[nH]c2-c2ccc(OC)cc2)cc1,CHEMBL18608
DEC_3217,decoy,COc1cc2nc(C(=O)c3ccccc3)cn2c2ccc(C(C)C)cc12,CHEMBL21222
DEC_1172,decoy,C/C=C(\NC(=O)C1C(C(C)(C)C)C1(C)C)C(=O)O,CHEMBL12165
DEC_2656,decoy,CCC[C@H]1Cc2cc3c(C(F)(F)F)cc(O)nc3cc2N[C@@H]1CC,CHEMBL7231
DEC_0863,decoy,CN(C)C(=O)N1Cc2c(-c3noc(C4CC4)n3)ncn2-c2ccccc21,CHEMBL15093
DEC_3143,decoy,CC1(C)C=C(n2ccccc2=O)c2cc(S(=O)(=O)NCc3ccccc3)ccc2O1,CHEMBL276693
DEC_1273,decoy,O=C1Cc2cc(Cl)c(C3CCCCC3)cc2O1,CHEMBL33958
DEC_3082,decoy,OC1C2CCC1C(N1CCC(c3ccccc3)CC1)C2,CHEMBL21227
DEC_2493,decoy,Cc1cccc2c(C3=NCC4(CN5CCC4CC5)O3)cn(C)c12,CHEMBL267298
DEC_2620,decoy,c1ccc(-c2c[nH]cc2C(c2ccc3ccccc3c2)n2ccnc2)cc1,CHEMBL279973
DEC_2012,decoy,Cc1nc(O)c2c(ccc3nc(Nc4c(Cl)cccc4Cl)n(C)c32)c1CCO,CHEMBL27079
DEC_1063,decoy,CC(C)N(C(=O)C1=CCC2C3CCC4=CC(C(=O)O)=CC[C@]4(C)C3CC[C@]12C)C(C)C,CHEMBL24091
DEC_0248,decoy,COC1(C2=NC(C)CN2)COc2ccccc2O1,CHEMBL9889
DEC_2599,decoy,Cc1cc(C(=O)c2ccc(Cl)cc2)c(C)c(C(=O)Nc2ccc([N+](=O)[O-])cc2Cl)c1O,CHEMBL416950
DEC_0596,decoy,CCCCc1nc2ccc(C3CC(c4cc(C)co4)=NO3)cc2c(=O)n1Cc1ccc(-c2ccccc2-c2nn[nH]n2)cc1,CHEMBL297583
DEC_1839,decoy,CCCCc1nc(CO)c(Cl)n1Cc1ccc(-n2cccc2C(=O)O)cc1,CHEMBL267547
DEC_1994,decoy,CCNCC1CCN(c2cc3c(cc2F)c(=O)c(C(=O)O)cn3C(C)(C)C)C1,CHEMBL30188
DEC_3136,decoy,Cc1nc(-c2cccs2)ncc1C(=O)N1CCC(N2C(=O)OCc3ccccc32)CC1,CHEMBL31665
DEC_2668,decoy,CCCCc1oc2ccccc2c1Cc1ccc2c(Br)c(O)ccc2c1,CHEMBL23989
DEC_1712,decoy,C/C(=N\OC(=O)C(C)(C)C)c1ccc(Sc2cc(F)cc(C3CCOCC3)c2)cc1,CHEMBL282775
DEC_2995,decoy,CCCCC(=O)OC1CCn2c1nc1c2C(=O)C(C)=C(NC(C)=O)C1=N,CHEMBL18143
DEC_1805,decoy,CS(=O)(=O)c1ccc(C2=C(c3cc(Cl)ccn3)C(=O)CC2)cc1,CHEMBL428710
DEC_1220,decoy,CC(C)(C)c1cc(/C=C/c2nnc(N)o2)cc(C(C)(C)C)c1O,CHEMBL12809
DEC_2582,decoy,Cc1oc(-c2ccc3ccccc3c2)nc1Cc1cc2cc(CC3OC(=O)NC3=O)ccc2o1,CHEMBL289082
DEC_3236,decoy,Cl.O=S(=O)(N/N=C/c1ccncc1)c1ccccc1,CHEMBL37622
DEC_2276,decoy,O=c1cc(-c2nn[nH]n2)oc2c3ccccc3n(-c3ccccc3)c12,CHEMBL22517
DEC_2979,decoy,C[C@@H](c1ncncc1F)[C@](O)(Cn1cncn1)c1ccc(F)cc1F,CHEMBL638
DEC_2972,decoy,COC(=O)CSCCC/C=C(\NC(=O)C1CC1(C)C)C(=O)O,CHEMBL11997
DEC_1076,decoy,O=C1OC2(CCN(CC(O)C3COc4ccccc4O3)CC2)CN1c1ccccc1,CHEMBL27816
DEC_1145,decoy,c1ccc(COCCCOc2ccc([C@H]3[C@H](CSc4ccncc4)CNC[C@@H]3OCc3ccc4ccccc4c3)cc2)cc1,CHEMBL286413
ACT_002,active,CC12CC3CC(C)(C1)CC(N)(C3)C2,CHEMBL807
DEC_2145,decoy,CCCn1c(=O)c2nc(/C=C/c3ccc(OC)c(OC)c3OC)[nH]c2n(CCC)c1=O,CHEMBL27140
DEC_1564,decoy,CC(C)C1=NC(NC(=O)Cc2ccc(C(F)(F)F)cc2C(F)(F)F)C(=O)N(CC(F)(F)F)c2ccccc21,CHEMBL277609
DEC_1133,decoy,CO/N=C(\COCc1ccc2sc(C)nc2c1)C(CCN1CCC(O)(c2ccccc2)CC1)c1ccc(Cl)c(Cl)c1,CHEMBL33046
DEC_2232,decoy,O=C1c2sc3nccn3c2C(=O)c2c(O)ccc(O)c21,CHEMBL273647
DEC_2422,decoy,CCCCc1oc2ccccc2c1C(O)c1ccc(-c2ccc(O)cc2)cc1,CHEMBL280647
DEC_0613,decoy,Cc1cc(SC2=C(O)OC(CCc3ccc(O)cc3)(C(C)C)CC2=O)c(C(C)(C)C)cc1NC(=O)c1cccnc1,CHEMBL432665
DEC_2675,decoy,Cc1cc(-c2c(F)cc3c(=O)c(CC4CCCCC4)cn(C4CC4)c3c2F)cc(C)n1,CHEMBL7722
DEC_3132,decoy,CCOc1cccc2c1C(=O)N(COC(=O)c1c(Cl)cccc1Cl)S2(=O)=O,CHEMBL11758
DEC_2624,decoy,CCCCc1ccc(Nc2ccnc3ccc4c[nH]nc4c23)cc1,CHEMBL283176
DEC_1623,decoy,O=C1Nc2ccc(Cl)cc2C(OCC(F)(F)C(F)(F)F)(C(F)(F)F)O1,CHEMBL17009
DEC_0686,decoy,COc1nc(C(Cl)(Cl)Cl)c(Cl)c(OC)c1Cl,CHEMBL273124
DEC_0422,decoy,C=CCC1Oc2cccc(C#N)c2-c2ccc3c(c21)C(C)=CC(C)(C)N3,CHEMBL8209
DEC_2171,decoy,Cn1c(-c2ccccc2F)nnc1[S+](C)[O-],CHEMBL24028
DEC_1112,decoy,O=C1NC(=O)C(CC#Cc2cccc(Cl)c2)(S(=O)(=O)c2ccccc2)S1,CHEMBL12026
DEC_2756,decoy,CC(C)(C)C#CC1=C(c2ccc(S(C)(=O)=O)cc2)CCC1=O,CHEMBL436539
DEC_1549,decoy,CC(C)N(C(=O)c1cc(I)c(-c2ccc(C(=O)O)cc2)c(I)c1)C(C)C,CHEMBL43716
DEC_1237,decoy,CCC1(CC)C(=O)C(C(=O)C(C)C)=C(O)C(C(=O)C(C)C)=C1O,CHEMBL19819
DEC_1573,decoy,N#Cc1cc(-c2ccc3c(c2)C2(CCCCC2)C(S)=N3)co1,CHEMBL280767
DEC_2969,decoy,CC(C)(C(=O)O)c1nc(-c2ccc(Cl)cc2)oc1-c1ccco1,CHEMBL18973
DEC_1167,decoy,CCC(C)(C(=O)N1C2CCC1CC2)c1ccc2[nH]c(-c3cc(C)cc(C)c3)c(CCNCCCCc3ccncc3)c2c1,CHEMBL300865
DEC_1978,decoy,N=C(N)c1ccc2ccc(CC(C(=O)O)c3ccc(O[C@H]4CCNC4)cc3)cc2c1,CHEMBL19139
DEC_1131,decoy,CCCCc1nc(Cl)c(CC(=O)O)n1Cc1ccc(NC(=O)[C@H](Cc2ccccc2)n2ccc(C(=O)OCC)c2C)cc1,CHEMBL45659
DEC_2849,decoy,CC(=O)Oc1ccccc1C(=O)Oc1ccc2[nH]c(C(=O)c3cc4ccccc4[nH]3)cc2c1,CHEMBL7666
DEC_0411,decoy,C/C(=N\O)c1ccccc1Sc1cc(F)cc(C2CCOCC2)c1,CHEMBL25142
DEC_3030,decoy,CCOC(=O)c1ccc(CCCn2ncc3c2nc(N)n2nc(-c4ccco4)nc32)cc1,CHEMBL442338
DEC_1186,decoy,C=C(C)c1nc2cc3c(cc2[nH]1)C(C)(C)C(=O)N3,CHEMBL37926
DEC_2453,decoy,CCCC[S+]([O-])c1nc(-c2ccccc2)c(-c2ccccc2)[nH]1,CHEMBL18328
DEC_1253,decoy,O=C(O)c1cccc([C@H]2CC[C@H]3CN[C@H](C(=O)O)C[C@H]3C2)c1,CHEMBL279120
DEC_2621,decoy,CCCC1CCNc2cc3nc(O)cc(C(F)(F)F)c3cc21,CHEMBL280865
DEC_0187,decoy,C/C(=C\c1ccccc1)C1=CC(=O)C(C)(C)O1,CHEMBL278713
DEC_1667,decoy,C=C(C)[C@H]1C(=O)c2c3c(cc4c5c(n1c24)[C@@]1(C)C(CC[C@H]2[C@](C)(/C=C/C=C/C(C)=O)[C@@H](O)CC[C@@]21C)C5)C1=CC(C)(C)OC(C)(C)C1[C@@H]3O,CHEMBL299648
DEC_1392,decoy,CC(=O)[C@@]12OC(C)(c3ccc(N=[N+]=[N-])cc3)O[C@@H]1CC1C3CCC4=CC(=O)CC[C@]4(C)C3CC[C@@]12C,CHEMBL417252
DEC_0708,decoy,Fc1ccc(Nc2nc(Cl)nc3c2ncn3Cc2ccccc2)cc1,CHEMBL417851
DEC_2647,decoy,CCC1(CC)OC(S)=Nc2ccc(-c3cccc([N+](=O)[O-])c3)cc21,CHEMBL279464
DEC_2847,decoy,CC(=O)O[C@H]1c2ccc(CN(C)C)n2-c2cc(C(F)(F)F)ccc2S[C@H]1c1ccccc1,CHEMBL25124
DEC_2714,decoy,O=C(O)c1cn2c(n1)c(-c1ccccc1)cc1ccccc12,CHEMBL276866
DEC_2106,decoy,O=C1O[C@H](c2cccc(Cl)c2)[C@@](Cn2cncn2)(c2cccc(Cl)c2)O1,CHEMBL269178
DEC_2030,decoy,C=CCONC1=NC(=O)/C(=C/c2cc(C(C)(C)C)c(O)c(C(C)(C)C)c2)S1,CHEMBL16127
ACT_007,active,CC(C)(C)c1cc[n+](/C=C2\C=CC3=CC/C(=C\[n+]4ccc(C(C)(C)C)cc4)C=C3C2)cc1,CHEMBL1642988
DEC_1687,decoy,O=S(=O)(O)c1ccc2c(C(=CCCc3ccc4c(c3)CCc3ccccc3-4)c3cccc4cc(S(=O)(=O)O)ccc34)cccc2c1,CHEMBL320867
DEC_2804,decoy,CCCc1cc(=O)oc2c3c(c4c(c12)OC(C)(C)C=C4)O[C@H](C(C)C)[C@@H](C)[C@@H]3O,CHEMBL266921
DEC_0082,decoy,Oc1cc2c(cc1Sc1cccnc1)OCC2,CHEMBL267867
DEC_0944,decoy,CCCCCCCCCCCCC/C=C1/C(=O)O[C@@H](CO)[C@@H]1OC(C)=O,CHEMBL13306
DEC_0679,decoy,CSc1nc(-c2cc(C(C)(C)C)c(O)c(C(C)(C)C)c2)ns1,CHEMBL16912
DEC_2262,decoy,C#Cc1ccc(C23OCC(C(C)(C)C)(CO2)C(C#N)O3)cc1,CHEMBL10450
DEC_1478,decoy,COC(=O)N[C@@H](c1ccc(O)cc1)[C@@H](O)C(=O)OC1CC2C(C)(C)C1(C)[C@@]13CC(C)c4ccccc4[C@@]21O3,CHEMBL31423
DEC_0374,decoy,COC12[C@@H]3N[C@@H]3CN1C1=C(C(=O)C(N3CCCC3)=C(C)C1=O)[C@@H]2COC(N)=O,CHEMBL32212
DEC_1995,decoy,CCCNC(=O)c1coc(C2C3CCC(O3)C2Cc2ccccc2CCC(=O)O)n1,CHEMBL433435
DEC_2384,decoy,Fc1ccc2c([C@@H]3Nc4ccc(Cl)cc4[C@H]4OCC[C@H]43)c[nH]c2c1,CHEMBL282995
DEC_1688,decoy,Cc1cc(-c2c(O)nc3cc(Cl)c(C(=O)Nc4ccncn4)cc3c2OCC[C@@H]2CCC[C@H](C(F)(F)F)N2C)cc(C)c1C,CHEMBL365366
DEC_3106,decoy,CCc1c(Cl)nc(NC)nc1N1CCN(C)CC1,CHEMBL35502
DEC_2885,decoy,CN1Cc2cncn2Cc2ccc(C#N)c(c2)Oc2ccc3cccc(c3c2)NC(=O)[C@H]1Cc1ccccc1,CHEMBL53862
DEC_1316,decoy,c1ccc([C@H]2Cc3ccccc3[C@@H]3CCCN23)cc1,CHEMBL32383
DEC_1680,decoy,CN(CC(c1cc(Cl)cc(Cl)c1Cl)N1CCC(N2CCCCC2)CC1)C(=O)Cc1cc(C(F)(F)F)cc(C(F)(F)F)c1,CHEMBL139854
DEC_2344,decoy,CCc1cc(OCc2ccc(-c3ccccc3-c3nn[nH]n3)cc2)c(C(=O)c2ccccc2)c(C)n1,CHEMBL434768
DEC_0345,decoy,[O-][S+](CC(F)(F)F)c1nc(-c2ccc(Cl)cc2)c(-c2ccc(Cl)cc2)[nH]1,CHEMBL277313
DEC_0057,decoy,CC(C)C1CC/C(=C\Br)OC1=O,CHEMBL284750
DEC_3068,decoy,O=C1[C@@H](NS(=O)(=O)c2cc3c(Cl)nccc3s2)CCN1CCNc1ccncc1,CHEMBL266132
DEC_2279,decoy,CCc1cc(Br)c2c(O)cc(C(=O)O)nc2c1,CHEMBL22894
DEC_3282,decoy,O=C1NCN(c2ccccc2)C12CCN(C1Cc3ccccc3C1)CC2,CHEMBL28172
DEC_0970,decoy,COCC(=O)OCC(=O)[C@@]1(OC(=O)c2ccco2)[C@H](C)CC2C3CCC4=CC(=O)C=CC4(C)[C@@]3(Cl)C(O)CC21C,CHEMBL289793
DEC_3026,decoy,CCOC(=O)[C@@H]1Oc2ccc(CCCn3ncc4c3nc(N)n3nc(-c5ccco5)nc43)cc2O1,CHEMBL279062
DEC_0014,decoy,Cn1c(CNc2ccc(C(=N)N)cc2)nc2cc(N(CC(=O)O)S(=O)(=O)c3cccc4cccnc34)ccc21,CHEMBL298500
DEC_1257,decoy,CC(C)(CCS)CCn1cnc2c(S)nc(N)nc21,CHEMBL268288
DEC_3159,decoy,CN(C)C[C@@H]1C[C@@H]2O[C@H]1n1c3ccccc3c3c4c(c5c6ccccc6n2c5c31)C(=O)NC4=O,CHEMBL290054
DEC_2684,decoy,CN1CCC[C@H](OCc2cc(C(F)(F)F)cc(C(F)(F)F)c2)[C@@H]1c1ccccc1,CHEMBL432279
DEC_1538,decoy,CC(C)(C)OC(=O)c1ncn2c1CN(C(=O)N1CC(C3CC4(CC4)C3)NCC1C1CC3(CC3)C1)c1cc(Cl)ccc1-2,CHEMBL406995
DEC_1987,decoy,CCN(C(=O)C1=C(C(=O)NCc2ccc(C(=N)N)cc2)CCC1)c1ccccc1C,CHEMBL265586
DEC_2528,decoy,Cc1cc(C(=O)Nc2ccc(-n3ccnc3CN)cc2F)n(-c2cc3ccccc3cc2F)n1,CHEMBL21312
DEC_1339,decoy,CN(O)C(=O)c1ccc(-c2ccc(Cl)cc2)c(N(C)C(=O)c2cc(C(F)(F)F)cc(C(F)(F)F)c2)c1,CHEMBL62649
DEC_1044,decoy,N#Cc1c(O)nnc(-c2ccc(Cl)c(Cl)c2)c1-c1ccc(Cl)c(Cl)c1,CHEMBL287588
DEC_3404,decoy,CCCc1cc(Oc2ccc(Cl)cc2)ccc1OCCCOc1ccc(C2SC(=O)NC2=O)cc1,CHEMBL52426
DEC_1042,decoy,C[C@H]1CC(C)(C)Nc2ccc3c(c21)[C@H](c1ccc(Cl)cc1)Oc1ccccc1-3,CHEMBL286822
DEC_1245,decoy,CCC(C)(C)/N=c1\c(O)c(O)\c1=N/Cc1ccc(C)c(C)c1,CHEMBL278536
DEC_1533,decoy,C[C@H]1CN(C2(C)CCN(C(=O)c3c(N)cccc3Cl)CC2)CCN1[C@@H](C)c1ccc(I)cc1,CHEMBL113154
DEC_0692,decoy,C#CC(C)(C)Nc1nc(C(Cl)(Cl)Cl)nc2ccccc12,CHEMBL279591
DEC_2604,decoy,N#C/C(=C(/N)Sc1ccccc1N)c1cccc(C(O)c2ccc(C(F)(F)F)cc2)c1,CHEMBL38184
ACT_097,active,CCOP(=O)(OCC)C(NCc1cccs1)c1cn(-c2ccccc2)nc1-c1ccc(Cl)cc1,CHEMBL5406359
DEC_0814,decoy,Cc1cc(CCCOc2c(C)cc(-c3noc(C)n3)cc2C)on1,CHEMBL29642
DEC_0833,decoy,C=C(OCC)c1nc2c(Cl)ncnc2n1Cc1ccccc1,CHEMBL277026
DEC_1151,decoy,O=C(O)CCC/C=C\C[C@H]1/C(=N/OC(c2ccccc2)c2ccccc2)CC[C@@H]1NS(=O)(=O)c1ccc(Cl)cc1,CHEMBL283547
DEC_1333,decoy,COC(=O)C1=C[C@]2(C)[C@H]3CC=C4C5CC(C)(C)CC[C@]5(C(=O)OC)CC[C@@]4(C)[C@]3(C)CC[C@H]2C(C)(C)C1=O,CHEMBL55218
DEC_1786,decoy,O=C1Nc2ccc(F)c(F)c2C(C#Cc2cccnc2)(C(F)(F)F)O1,CHEMBL280515
DEC_0718,decoy,CC(C)(C)Nc1nc(C(F)(F)F)nc2ccc(-c3ccco3)cc12,CHEMBL278051
DEC_0812,decoy,c1ccc2c(CCC3CCNCC3)c[nH]c2c1,CHEMBL276520
DEC_1828,decoy,O=C(c1ccccc1)c1c(-c2ccccc2)c(-c2ccccc2)nn(CCO)c1=O,CHEMBL280985
DEC_0059,decoy,O=C1CCC(c2ccc(-n3cccc3)cc2)=NN1,CHEMBL30975
DEC_1467,decoy,O=C1/C(=C(\O)CS(=O)(=O)Nc2nc3ccc(F)cc3s2)S(=O)(=O)N=C2Sc3cc(F)ccc3N12,CHEMBL50192
DEC_0343,decoy,O=C1[C@@H]2C(c3ccccc3)NC3(Cc4ccccc4C3)[C@@H]2C(=O)N1c1ccc(Cl)c(Cl)c1,CHEMBL433225
DEC_3450,decoy,O=C1CN2CCCCC2c2c1c1ccccc1n2CCCNS(=O)(=O)c1cccs1,CHEMBL418223
DEC_0553,decoy,CN(C)CCOc1ccccc1/C=C(\C#N)c1noc2ccccc12,CHEMBL25271
DEC_3297,decoy,Cc1nn(-c2ccc(Cl)c(N)c2)c2oc3ccccc3c(=O)c12,CHEMBL27436
DEC_0917,decoy,N[C@@H]1C[C@@H](NC(=O)c2ccc(O)cc2)[C@H](OC(=O)c2cc(O)c(C(=O)c3c(O)cccc3C(=O)O)c(O)c2)C1,CHEMBL432168
DEC_2911,decoy,CC(C)(C)OC(=O)c1ncn2c1CN(C(=O)N1CCN(CC(F)(F)F)CC1)c1cc(Cl)ccc1-2,CHEMBL279575
DEC_3072,decoy,O=NN(CCF)C(=O)NC1CSCSC1,CHEMBL12519
DEC_1587,decoy,FC(F)(F)c1nc(-c2cc(Cl)cc(Cl)c2)c[nH]1,CHEMBL7992
DEC_1261,decoy,CCC(C)(C)/N=c1\c(O)c(O)\c1=N/Cc1ccc(C)cc1C,CHEMBL20101
DEC_3470,decoy,CN(C)c1ccc2c(=O)oc(Nc3ccccc3I)nc2c1,CHEMBL10262
DEC_0635,decoy,C/N=C(/S)C1(c2cccnc2)CCCC/C1=C\C=O,CHEMBL40827
DEC_0002,decoy,CCCc1c(OCC(O)COc2cccc(NC(=O)C(=O)OCC(C)(C)C)c2C#N)ccc(C(C)=O)c1O,CHEMBL14579
DEC_1589,decoy,c1ccc2c(c1)-c1ccccc1C21OC[C@H]([C@@H]2CCCCN2)O1,CHEMBL442107
DEC_0626,decoy,O=NN(CCCl)C(=O)NC1(C(=O)O)CCCC1,CHEMBL12922
DEC_0566,decoy,C=C(CC[C@]12O[C@H](C(=O)O)[C@@](O)(C(=O)O)[C@](C(=O)O)(O1)[C@H](O)[C@H]2O)[C@@H](OC(C)=O)[C@H](C)Cc1ccccc1,CHEMBL418767
DEC_0870,decoy,CN(C)c1ncnc2c1ncn2Cc1cccc(I)c1,CHEMBL268404
DEC_0534,decoy,Cc1cc(-n2ccc(=O)[nH]c2=O)cc(C)c1Sc1ccc(Cl)cc1,CHEMBL276605
DEC_2443,decoy,CC(/C=C/C=C(C)/C=C/C1=C(C)CCCC1(C)C)=C(C(=O)O)C(=O)O,CHEMBL273433
DEC_3139,decoy,C[C@@H]1CN(C(=O)N2Cc3c(C(=O)OC(C)(C)C)ncn3-c3ccc(F)cc32)C[C@H](C)N1C,CHEMBL263211
DEC_2194,decoy,COc1ccc2ccc3nc(C(=O)O)cn3c2c1,CHEMBL274546
DEC_1349,decoy,C[C@]12CCC(=O)C=C1NCC1C2CC[C@@]2(C)C1CC[C@@H]2C(=O)NC(c1ccc(Cl)cc1)c1ccc(Cl)cc1,CHEMBL412425
DEC_0322,decoy,C[C@@]1(c2ccc(F)cc2)O[C@@H]2CC3C4CCC5=CC(=O)CC[C@@H]5C4CC[C@]3(C)[C@]2(C(=O)CO)O1,CHEMBL13977
DEC_2632,decoy,c1ccc(CCc2nc(NCc3ccccc3)c3sccc3n2)cc1,CHEMBL32673
DEC_0923,decoy,O=C(N[C@@H]1CC(O)C[C@H]1OC(=O)c1cc(O)c(C(=O)c2c(O)cccc2C(=O)O)c(O)c1)c1ccc(O)cc1,CHEMBL306580
DEC_2694,decoy,CCN1CN(CC)C(c2ccc(Cl)c(Cl)c2)C1c1ccc(Cl)c(Cl)c1,CHEMBL27012
DEC_0761,decoy,O=C(Nc1cccc2c1OC(c1nnn[nH]1)CC2=O)c1ccc(OCc2ccc3ccccc3n2)cc1,CHEMBL47662
DEC_1366,decoy,CC(C)(C)c1ccc(C2=Cc3ccc(N/C(S)=N/C4CCCCC4)cc3C3=NCCCN23)cc1,CHEMBL10088
DEC_0064,decoy,Cc1cc(-n2cc(C#N)nc2C)cc2ccc(O)nc12,CHEMBL286881
DEC_1394,decoy,CCCCc1ccc(C#Cc2cc3c(s2)-n2c(C)nnc2CN=C3c2ccccc2Cl)cc1,CHEMBL32767
DEC_1163,decoy,CCc1cc(CCNC[C@@H](C)c2c(-c3cc(C)cc(C)c3)[nH]c3ccc(C(C)(C)C(=O)N4CC5CCC4CC5)cc23)ccn1,CHEMBL432450
DEC_0072,decoy,O=S1NC(CC2CCc3ccccc3C2)=NO1,CHEMBL17459
DEC_0423,decoy,C=CCC1Oc2cccc(NC)c2-c2ccc3c(c21)C(C)=CC(C)(C)N3,CHEMBL440454
DEC_1661,decoy,CC[C@](OC)(c1cc(F)cc(OCc2ccc3ccccc3c2)c1)c1nccs1,CHEMBL22106
DEC_0507,decoy,Cc1nccn1-c1ccc(C2=NNC(=O)CC2)cc1,CHEMBL30368
DEC_2164,decoy,O=C1NC(=O)C2(CCCCc3ccccc32)N1,CHEMBL39377
DEC_2286,decoy,C(=N/NC1=NCCN1)\c1c2ccccc2cc2ccccc12,CHEMBL276966
DEC_1413,decoy,CCC1C(=O)N2C=CSC2=[N+](Cc2ccc(-c3ccccc3)cc2)C1=O,CHEMBL23149
DEC_0048,decoy,CCOC(=O)C1(Cc2cscn2)CCCN(C(=O)[C@@H](Cc2c[nH]c3ccccc23)NC(=O)C(C)(C)N)C1,CHEMBL48508
DEC_2135,decoy,CCSc1ccnc(C[S+]([O-])c2nc3ccccc3n2COCCOC)c1C,CHEMBL10264
DEC_0511,decoy,Brc1ccc(N(CC2CC2)C2=NCCN2)cc1Br,CHEMBL20092
DEC_2731,decoy,c1ccc(-c2nc(C3OCCO3)[nH]c2-c2ccccc2)cc1,CHEMBL284952
DEC_3151,decoy,CC(C)Oc1cccc2c1C(=O)N(COC(=O)c1c(Cl)cccc1Cl)S2(=O)=O,CHEMBL11913
DEC_3261,decoy,CC(C)Oc1ccc(C(=O)c2ccc3n2CCC3C(=O)O)cc1,CHEMBL9481
ACT_040,active,N#Cc1ccc2[nH]cc(CCCCN3CCN(c4ccc(C(=O)CCC5CCN(Cc6ccccc6)CC5)cc4)CC3)c2c1,CHEMBL5082250
DEC_2198,decoy,NC1=NC(c2cccc(F)c2)Cc2ccccc21,CHEMBL440270
DEC_1652,decoy,CCCCCCC[C@@H]1CC2C(CCC3(C)C(=O)CCC23)C2(C)C=CC(=O)C=C12,CHEMBL268918
DEC_2791,decoy,COC(=O)c1sc(C(C)(C)C)cc1NC(=O)Nc1cccc(Cl)c1Cl,CHEMBL278506
DEC_2160,decoy,CC1=C(c2ccc(-n3ccnc3)cc2)CNC1=O,CHEMBL266145
DEC_1710,decoy,CCN(CC)CC#CCCC1(C2(O)c3ccccc3Oc3ccccc32)SCCCS1,CHEMBL40408
DEC_2937,decoy,Cc1ccc(Cn2cnc3c(Nc4ccccc4)nc(Cl)nc32)cc1,CHEMBL29955
DEC_3270,decoy,CC(C)c1nn(C)c(N)c1C(=O)c1ccccc1Cl,CHEMBL32005
DEC_0973,decoy,CC(C)[C@H](NC(=O)[C@@H]1Cc2ccccc2N1C(=O)[C@@H](NC(=O)c1cccnc1)C(C)C)C(=O)c1nnc(C(C)(C)C)o1,CHEMBL23104
DEC_2510,decoy,Cc1nnc2n1-c1sc(I)cc1C(c1ccccc1Cl)=NC2C,CHEMBL283113
DEC_0436,decoy,C=CCC1Oc2cccc(COC)c2-c2ccc3c(c21)C(C)=CC(C)(C)N3,CHEMBL267670
DEC_1267,decoy,Oc1ccc2c(c1O)CC[C@@H](c1ccccc1)[C@@H]2C1=NCCN1,CHEMBL30380
ACT_015,active,Nc1n[nH]c2nc(-c3ccc(Br)cc3)cc(-c3ccc(Br)cc3)c12,CHEMBL5639827
DEC_0081,decoy,Cc1sc(C)c2c1CCC=C2c1c[nH]cn1,CHEMBL284795
DEC_1034,decoy,C[C@H]1c2c(ccc3c2[C@H](c2ccc(Cl)cc2)Oc2ccccc2-3)NC(C)(C)[C@@H]1O,CHEMBL34035
DEC_3176,decoy,CC12CCC3C(C[C@H](Cc4ccccc4)C4=CC(=O)CCC43C)C1CCC2=O,CHEMBL25523
DEC_2499,decoy,C=CCOC1(C(F)(F)F)OC(=O)Nc2ccc(F)c(F)c21,CHEMBL275644
DEC_0279,decoy,CC(C)CCn1c(Cn2c(=O)n(C(N)=O)c3ccccc32)nc2ccccc21,CHEMBL417081
DEC_0109,decoy,Cc1cc(CCCCCCCOc2ccc(C3=NC(C)CO3)cc2)on1,CHEMBL6641
DEC_0929,decoy,CCCC(CC)Oc1c(OC)cc(NC(C)CCCN)c2ncc(C)cc12,CHEMBL18949
DEC_3263,decoy,CSc1cc(CC(=O)O)n(C)c1C(=O)c1ccccc1,CHEMBL281604
DEC_1971,decoy,CCCc1cc(I)cc(CNCCCN(C)C)c1O,CHEMBL21615
DEC_0982,decoy,CC1(C)C2CC1[C@]1(C)OB([C@H](CCCN=C(N)N)NC(=O)c3ccc(-c4ccccc4)cc3[N+](=O)[O-])O[C@@H]1C2,CHEMBL297535
DEC_2498,decoy,CCCN(CCC)C1Cc2cccc3nc(S)n(c23)C1,CHEMBL12157
DEC_2716,decoy,CC12CC3(C)CC(C)(C1)CC(NC(=O)N(CCCl)N=O)(C2)C3,CHEMBL11985
DEC_0734,decoy,COP(=O)(Oc1ccccc1-c1ccccc1O)C1CCCN1C(=O)[C@@H]1CCCN1.Cl,CHEMBL9237
DEC_1305,decoy,CC(C)(C)C1CSC(c2ccccc2)SC1,CHEMBL287444
DEC_2840,decoy,CC(=O)[C@@]12OC(C)(c3ccc(N)cc3)O[C@@H]1CC1C3CCC4=CC(=O)CC[C@]4(C)C3CC[C@@]12C,CHEMBL266860
DEC_0763,decoy,O=C1NC(=O)C(CC#Cc2cc(C(F)(F)F)cc(C(F)(F)F)c2)(S(=O)(=O)c2ccccc2)S1,CHEMBL274371
DEC_2378,decoy,CCC[C@@H]1CC2C(CCC3(C)C(=O)CCC23)C2(C)C=CC(=O)C=C12,CHEMBL8254
DEC_1055,decoy,O=P1(Nc2ccc(Nc3c4ccccc4nc4ccccc34)cc2)NCCCO1,CHEMBL21814
DEC_1016,decoy,CCC1C(=O)N2C=CSC2=[N+](Cc2cccc(Cl)c2)C1=O,CHEMBL279499
DEC_3434,decoy,O=c1nc(/N=C/N(c2ccccc2)c2ccccc2)ccn1C1CSC(CO)O1,CHEMBL278480
DEC_3305,decoy,C[C@]12C[C@@H](O)[C@H]3[C@@H](CCC4=CC(=O)CC[C@@]43C)[C@@H]1CC[C@@H]2C(=O)CO,CHEMBL440782
DEC_2941,decoy,CCCCCCC(=O)c1cc(O)c2c(c1)OC(C)(C)[C@@H]1CC=C(C)C[C@@H]21,CHEMBL418555
DEC_0339,decoy,CSc1ccc(Cl)c(NC(=N)N(C)c2cccc(I)c2)c1,CHEMBL40155
DEC_0373,decoy,COC12[C@@H]3N[C@@H]3CN1C1=C(C(=O)C(N3CC=CC3)=C(C)C1=O)[C@@H]2COC(N)=O,CHEMBL36288
DEC_3422,decoy,CCC1C(=O)N2CCSC2=[N+](CC(C)C)C1=O,CHEMBL24431
DEC_0451,decoy,CCCCCC#Cc1cc(O)c2c(c1)OC(C)(C)[C@@H]1CC=C(C)C[C@@H]21,CHEMBL279147
DEC_0325,decoy,C=C[C@@]1(C)CC[C@](C)(C(C)C)c2cc3c4c(c[nH]c4c21)C[C@@H](CO)NC(=O)[C@H](C(C)C)N3C,CHEMBL417692
DEC_2618,decoy,Oc1ccc(C(=C(C(F)(F)F)C(F)(F)F)c2ccccc2)cc1,CHEMBL6413
DEC_1127,decoy,CCCCc1nc(-n2cccc2)c(C(=O)OCC)n1Cc1ccc(NC(=O)[C@H](Cc2ccccc2)n2cccc2C(=O)O)cc1,CHEMBL49257
DEC_2172,decoy,C/C=C/c1nc2cc3c(cc2[nH]1)C(C)(C)C(=O)N3,CHEMBL34909
DEC_2636,decoy,Clc1cccc(Cl)c1Nc1nc2ccccc2n2cncc12,CHEMBL29457
ACT_033,active,CCCCCCCCc1noc(/C(=N/O)SCCN(CC)CC)n1,CHEMBL71740
DEC_2067,decoy,CC(C)(C)C(=O)Oc1coc(COC(=O)c2ccc(-c3ccccc3)cc2)cc1=O,CHEMBL10202
DEC_2579,decoy,CCC(=O)OC(CC)c1nc2c(C(F)(F)F)cccc2c(O)c1C(=O)Nc1nccs1,CHEMBL36075
DEC_2406,decoy,C=CCC1(C)OC(S)=Nc2ccc(-c3cccc(Cl)c3)cc21,CHEMBL25463
DEC_1140,decoy,COc1ccc(-c2nc3n(Cc4ccccc4F)c(C)c(-c4cccc(F)c4)c(=O)n3c2CN(C)CCc2ccccn2)cc1,CHEMBL69361
DEC_2782,decoy,COc1cc([C@@H]2c3[nH]c4ccc5ccccc5c4c3C[C@H]3COC(=O)N32)cc(OC)c1O,CHEMBL10683
DEC_2126,decoy,CCCCc1nc(CCCC)n(Cc2ccc(-n3cc([N+](=O)[O-])cc3-c3nn[nH]n3)cc2)n1,CHEMBL12548
DEC_3222,decoy,CCCCOC1(C2=NCCN2)COc2ccccc2O1,CHEMBL10294
DEC_0547,decoy,O=c1cnn(-c2ccc(Sc3ccc4ccccc4c3)c(Cl)c2)c(=O)[nH]1,CHEMBL441028
DEC_1068,decoy,CC1CCC(/C=N/c2ccc(Br)cc2)=C2NC=C(C(=O)O)C(=O)N21,CHEMBL280707
DEC_1414,decoy,Cc1cc(C)cc(COC(=O)[C@H](Cc2c[nH]c3ccccc23)[N+](C)(C)C)c1,CHEMBL281804
DEC_0901,decoy,CCOc1c(N2CCC(C)C2)c(F)cc2c(=O)c(C(=O)O)cn(C3CC3)c12,CHEMBL14990
DEC_0182,decoy,Nc1nc(N)c2c(Cl)c(Cl)ccc2n1,CHEMBL6772
DEC_1330,decoy,Cc1nnc2n1-c1sc(C#CCn3c4c(c5cc(Cl)ccc53)CCCC4)cc1C(c1ccccc1Cl)=NC2,CHEMBL20690
DEC_0443,decoy,N#Cc1cc(F)cc(-c2ccc3c(c2)C2(CCCCC2)C(S)=N3)c1,CHEMBL28157
DEC_3129,decoy,CO[C@H]1[C@@H]2OC[C@H]1O[C@@H]1[C@H]2n2c3ccccc3c3c4c(c5c6ccccc6n1c5c32)C(=O)NC4=O,CHEMBL27509
DEC_1973,decoy,O=C(N[C@@H](Cc1c[nH]c2ncccc12)C(=O)O)c1ccccc1Br,CHEMBL7308
DEC_0774,decoy,O=NN(CCF)C(=O)NC1CC2CCC1C2,CHEMBL12792
DEC_2103,decoy,CCN(CC)/C(S)=N\c1ccc(-c2nc(-c3ccco3)no2)c(Cl)c1,CHEMBL278316
DEC_0201,decoy,CC(=O)NC1CCc2[nH]c3ccccc3c2C1,CHEMBL41973
DEC_0310,decoy,O=C(Nc1nccs1)c1c(C(F)(F)F)nc2c(Cl)ccc(C(F)(F)F)c2c1O,CHEMBL287263
DEC_2207,decoy,N#Cc1ncnc2c1ncn2Cc1ccccc1,CHEMBL19785
DEC_2445,decoy,COc1ccc(-c2nc(SCC(C)=O)[nH]c2-c2ccc(OC)cc2)cc1,CHEMBL279558
DEC_1778,decoy,c1ccc2c(c1)CCC2N1CCN(c2cccc3c2OCCO3)CC1,CHEMBL283174
ACT_039,active,CC[C@H]1[C@H]2OC(=O)[C@](C)(O)[C@H]2[C@]23CC[C@@H]([C@@H]4C[C@@H](C)C(=O)O4)N2CCCC[C@@H]13,CHEMBL3237630
DEC_0198,decoy,O=C(c1c[nH]c2ccccc12)C1CCNCC1,CHEMBL40480
DEC_2980,decoy,CCc1c(Sc2cc(C)cc(C)c2)n(COCCO)c(=O)[nH]c1=O,CHEMBL16684
DEC_3075,decoy,CCCCC1(C2=NCCN2)COc2ccccc2O1,CHEMBL9803
DEC_1773,decoy,O=C(O)C1=Cc2cc(C(c3ccccc3)n3ccnc3)sc2CC1,CHEMBL23168
DEC_1129,decoy,O=S(=O)(c1ccc(-c2ccccn2)s1)N1C[C@H](CN2CCC(O)(CCCc3ccccc3)CC2)[C@@H](c2ccccc2)C1,CHEMBL107425
DEC_2544,decoy,O=C(Cc1ccccc1OCC(F)(F)F)N1CCC(N2C(=O)OCc3ccccc32)CC1,CHEMBL25120
DEC_3225,decoy,CC(/C=C/C(=O)C1=C(O)CN(C)C1=O)=C\C1CCCCO1,CHEMBL10300
DEC_0437,decoy,CC(=O)Oc1c(Cl)c(Cl)nc(C(Cl)(Cl)Cl)c1Cl,CHEMBL11518
DEC_1522,decoy,C[C@]12C[C@H](c3ccc4c(c3)OCO4)C3=C4CCC(=O)C=C4CCC3C1CC[C@@]2(O)C#Cc1ccc(S(C)(=O)=O)cc1,CHEMBL72747
DEC_0988,decoy,COC(=O)C(CSc1ccc(Cl)c(Cl)c1)n1c(=O)n2n(c1=O)C(C(=O)NC[C@H]1CC[C@H](N)CC1)C=CC2,CHEMBL284756
DEC_0878,decoy,COC[C@H]1OC(=O)c2coc3c2[C@@]1(C)C1=CC[C@]2(C)C(=O)CC[C@H]2C1C3=O,CHEMBL268976
DEC_1187,decoy,CCCc1nc2cc3c(cc2[nH]1)C(C)(C)C(=O)N3,CHEMBL34494
DEC_2834,decoy,CC1N=C(c2ccccc2)c2cc(Cl)ccc2-n2c1nnc2C(CN(C)C)c1ccccc1,CHEMBL280327
DEC_2644,decoy,N#Cc1c(O)nnc(-c2ccc(Cl)cc2)c1-c1ccc(Cl)cc1,CHEMBL31526
DEC_0737,decoy,CC(C)C1=CC2CC3(C=O)[C@@H]4CC[C@@H](C)[C@H]4CC2(CO[C@H]2C[C@@H]4OC(=S)O[C@@H]4[C@@H](C)O2)C13C(=O)O,CHEMBL283974
DEC_0969,decoy,CC1(C)C2CC[C@@]1(CS(=O)(=O)N1CCC3(CCc4ccccc43)CC1)[C@@H](N1C(=O)CC(NCC(=O)O)C1=O)C2,CHEMBL280356
DEC_1196,decoy,CC(C)(C)/N=c1\c(O)c(O)\c1=N/c1cccnc1,CHEMBL19088
DEC_2042,decoy,Cc1ccc2c(c1)N(C(=O)N1CCN[C@H](C)C1)Cc1c(C(=O)OC(C)(C)C)ncn1-2,CHEMBL274685
DEC_2216,decoy,Nc1nc(Cl)c2ncn([C@H]3O[C@@H](CO)C=C3F)c2n1,CHEMBL28154
DEC_3330,decoy,Cc1ccc(C(O)c2ccc3c(n2)CCCCC3)cc1,CHEMBL286614
DEC_2593,decoy,CCCCc1nc2ccnc(O)c2n1Cc1ccc(-c2ccccc2-c2nn[nH]n2)cc1,CHEMBL429008
DEC_1618,decoy,C/C(=N\OCCF)c1ccc(Sc2cc(F)cc(C3CCOCC3)c2)cc1,CHEMBL25097
DEC_0236,decoy,CCCN1CC(C2=NCCN2)Oc2ccccc21,CHEMBL13940
DEC_2437,decoy,CCCCOC1(C(F)(F)F)OC(=O)Nc2ccc(Cl)cc21,CHEMBL17713
DEC_0063,decoy,C1=C(C2(C3=NCCN3)COc3ccccc3O2)CCC1,CHEMBL430310
DEC_2336,decoy,CN(C)CC(c1cccc(Cl)c1)c1nnc2n1-c1ccc(Cl)cc1C(c1ccccc1)=NC2,CHEMBL17026
DEC_2272,decoy,CO[C@H]1O[C@]2(C)OO[C@]13[C@H](CCO)CCC[C@@H]3C[C@@H]2C,CHEMBL277457
DEC_0909,decoy,O=S(=O)(Nc1ccc(OCc2ccc3ccccc3n2)cc1)C(F)(F)F,CHEMBL278933
DEC_2234,decoy,O=C1NN=C(c2ccc(-n3ccnc3)cc2)C2CCCCC12,CHEMBL30358
DEC_0392,decoy,CC(=O)Nc1nc(=O)n(C2CSC(CO)(CO)O2)cc1Br,CHEMBL28416
DEC_1554,decoy,CCCC(=O)O.CCN1[C@H](C)CN(C(=O)N2Cc3c(C(=O)OC(C)(C)C)ncn3-c3ccc(Cl)cc32)C[C@@H]1C,CHEMBL274465
DEC_0864,decoy,CC(C)(C)c1ccc(Sc2ccc(-n3ncc(=O)[nH]c3=O)cc2Cl)cc1,CHEMBL418755
DEC_2666,decoy,CN(C)Cc1ccc2n1-c1cccc(Cl)c1SC2(c1ccccc1)c1ccccc1,CHEMBL24086
DEC_0179,decoy,CCc1nc(N)nc(N)c1-c1ccc(C)cc1,CHEMBL21778
DEC_2338,decoy,CC(C)Sc1ccc(CC2CCN(C3CCN(C(=O)c4cnnc5ccccc45)CC3)CC2)cc1,CHEMBL12112
DEC_0181,decoy,NC1=NC(c2ccccc2)Cc2sccc21,CHEMBL416696
DEC_0662,decoy,O=NN(CCCl)C(=O)N1CCCC1C(=O)NCCCl,CHEMBL21229
DEC_0229,decoy,CNc1ncnc2c1cnn2Cc1ccccc1F,CHEMBL284974
DEC_1981,decoy,CC(C)CC(C(=O)N[C@H](C(=O)Nc1ccccn1)C(C)(C)C)C(O)CS,CHEMBL16099
DEC_0133,decoy,COc1cc(COc2ccc(OCCCC#N)c(C(C)=O)c2)cc(OC)c1,CHEMBL18914
DEC_0545,decoy,Cc1cc(-n2ncc(=O)[nH]c2=O)cc(Cl)c1Sc1ccc(Cl)cc1,CHEMBL26660
DEC_2076,decoy,O=[N+]([O-])c1cccc(Nc2nc(Cl)nc3c2ncn3Cc2ccccc2)c1,CHEMBL28757
DEC_1960,decoy,CCNCC1CCN(c2c(F)c(N)c3c(=O)c(C(=O)O)cn(C4CC4)c3c2Cl)C1,CHEMBL15598
DEC_1853,decoy,C=C(c1cccc(OC)c1OCC(O)CNC(C)C)n1cnc2ccccc21,CHEMBL280010
DEC_2293,decoy,Cc1ccncc1C1=C(c2ccc(S(C)(=O)=O)cc2)CCC1=O,CHEMBL276976
DEC_0106,decoy,COCc1cc(CCCOc2c(C)cc(-c3noc(C4CC4)n3)cc2C)on1,CHEMBL30035
DEC_0135,decoy,CCOC(=O)CCCOc1cccc(OCc2ccc3ccccc3n2)c1,CHEMBL18703
DEC_1185,decoy,CCCC1(c2ccc(N)cc2)CCC(=O)NC1=O,CHEMBL29864
DEC_2964,decoy,COc1ccc(-c2ccc(C(=O)O)cc2)cc1O[C@@H]1CC2CCC1C2,CHEMBL278386
DEC_0150,decoy,c1ccc2c(NCCc3ccc(OCCCN4CCCCC4)cc3)ccnc2c1,CHEMBL276938
DEC_2121,decoy,CCCCCCC[C@H]1OC(=O)C[C@@H](O)[C@H](Cc2ccccc2)N(C)C(=O)COC(=O)[C@H]1C,CHEMBL290049
DEC_2914,decoy,O=C1[C@H]2C(c3ccccc3)OC3(C(=O)c4ccccc4C3=O)[C@H]2C(=O)N1c1ccc(Cl)c(Cl)c1,CHEMBL27554
DEC_2273,decoy,CO[C@H]1O[C@]2(C)OO[C@]13[C@H](CCO)CCC[C@@H]3C[C@H]2C,CHEMBL282000
DEC_0140,decoy,CCCCCN1CCCC(CNC(=O)CSc2nc3ccccc3s2)C1,CHEMBL282040
DEC_0792,decoy,O=C(O)c1ccc(NCc2ccncc2)cn1,CHEMBL31364
DEC_1116,decoy,N[C@H](C(=O)N1CCSC1)[C@H]1CC[C@H](NC(=O)c2ccccc2C(F)(F)F)CC1,CHEMBL283368
DEC_0678,decoy,CSc1nnc(/C=C/c2cc(C(C)(C)C)c(O)c(C(C)(C)C)c2)s1,CHEMBL275445
DEC_0535,decoy,CN(C)CCOc1ccccc1/C=C(\C#N)c1noc2ccc(Cl)cc12,CHEMBL284021
DEC_1894,decoy,O=C1NCc2c1c1c3ccccc3n3c1c1c2c2ccccc2n1CN(CCO)C3,CHEMBL26817
DEC_2843,decoy,COc1ccc(C(c2ccc(C(C)C)cc(=O)c2O)c2ccc3cccnc3c2O)cc1,CHEMBL18916
DEC_2612,decoy,O=C(O)c1ccc(/N=N/c2cccc(-c3ccccc3)c2)cc1,CHEMBL12751
DEC_2177,decoy,Cn1nc(-c2ccc(F)cc2F)n(C)c1=S,CHEMBL22642
DEC_3109,decoy,CC1(C)C(=O)Nc2cc3[nH]c(C(F)(F)F)nc3cc21,CHEMBL37397
DEC_2893,decoy,O=C(Nc1nc2cc(Cl)ccc2o1)C1CCN(C(=O)Cn2c(=O)sc3ccc(Cl)cc32)CC1,CHEMBL275642
DEC_2754,decoy,CN(C(=O)c1cc2cc(O)ccc2n1C)c1ccccc1,CHEMBL19899
DEC_1633,decoy,Cc1cc(C)c(NC(=O)c2c(C)n(-c3c(C)cc(C)cc3C)c(C)cc2=O)c(C)c1,CHEMBL434964
DEC_1069,decoy,CC1(C)N=C(N)N=C(N)N1c1cccc(C[Se]c2ccccc2)c1,CHEMBL20224
DEC_1764,decoy,CONC1=NC(=O)/C(=C/c2cc(C(C)(C)C)c(O)c(C(C)(C)C)c2)O1,CHEMBL277124
DEC_3116,decoy,CC1(C)C(=O)Nc2cc3[nH]c(-c4ccco4)nc3cc21,CHEMBL34188
DEC_3112,decoy,CNc1nc(N2CCN(C)CC2)nc(Cl)c1SC,CHEMBL27962
DEC_0987,decoy,CC(C)CCN(C[C@@H](O)[C@H]1Cc2ccc(cc2)OCCCC(=O)N[C@@H](C(C)C)C(=O)N1)S(=O)(=O)c1ccccc1,CHEMBL316144
DEC_1500,decoy,COc1ccc(NC(=O)Nc2nc3nn(C)c(N4CCN(C)CC4)c3c3nc(-c4ccco4)nn23)cc1,CHEMBL283319
ACT_009,active,C/C=C1\[C@H]2C=C(C)C[C@]1(NC1OCC3=C4CC(C)(C)[C@H](O)[C@H]4[C@@H](C)CCC31O)c1ccc(=O)[nH]c1C2,CHEMBL3338389
DEC_1453,decoy,O=C(O)CC/C=C\C[C@@H]1[C@@H](NS(=O)(=O)c2ccc(F)cc2)CC[C@@H]1O,CHEMBL20798
DEC_0575,decoy,Cc1cncc(C)c1CC(c1ccc(C(O)(C(F)(F)F)C(F)(F)F)cc1)c1ccc(OCF)c(OC(F)F)c1,CHEMBL68865
DEC_0141,decoy,COc1ccc(CCCCNCCOc2cc(OC)cc3c2OCCC3)cc1,CHEMBL25663
DEC_1543,decoy,CC(=O)[C@@]12OC(C)(c3ccc(I)cc3)O[C@@H]1CC1C3CCC4=CC(=O)CC[C@]4(C)C3CC[C@@]12C,CHEMBL268001
DEC_0776,decoy,CN(C)CC#CCCC1SCCCS1,CHEMBL43529
DEC_1872,decoy,O=C1NC(=O)c2c1c1cnc3ccccc3c1c1c2c2ccccc2n1CCCO,CHEMBL21610
DEC_1890,decoy,CC(C)(C)c1nc2c(C(F)(F)F)cccc2c(O)c1C(=O)Nc1nccs1,CHEMBL35161
DEC_1565,decoy,Oc1ccc2c3c1O[C@H]1c4c(c5ccccc5n4Cc4cccc(N=C=S)c4)C[C@@]4(O)C(C2)N(CC2CC2)CCC314,CHEMBL280649
DEC_0582,decoy,C=CC1=C(C)c2cc3nc(cc4[nH]c(cc5c(C=C)c(C)c(cc1n2)n5C)c(C)c4CCC(=O)O)C(CCC(=O)O)=C3C,CHEMBL275908
DEC_0869,decoy,CC(=O)Oc1nc(C(Cl)(Cl)Cl)c(Cl)c(OC(C)=O)c1Cl,CHEMBL11954
DEC_2987,decoy,C#CCN(Cc1ccc2nc(N)nc(O)c2c1)c1ccc(C(=O)O)cc1,CHEMBL13905
DEC_0283,decoy,COc1ccc(-c2nc(S(=O)(=O)C(F)F)[nH]c2-c2ccc(OC)cc2)cc1,CHEMBL18781
ACT_061,active,O=c1c(O)c(-c2ccc(F)cc2)oc2cc(F)c(I)cc12,CHEMBL5282833
DEC_2115,decoy,COCCN(CCOC)c1nc(C)nc2c1nnn2-c1ccc(C(C)C)cc1Br,CHEMBL10504
DEC_2572,decoy,CN(C)C/C=C/C(=O)Nc1ccc2ncc(C#N)c(Nc3cccc(Br)c3)c2c1,CHEMBL30973
DEC_0108,decoy,CCc1ccc(OCc2ccc3ccccc3n2)cc1OCCCc1nnn[nH]1,CHEMBL18309
DEC_0302,decoy,O=C(O)Cc1ccccc1Oc1ccc(Br)cc1Br,CHEMBL26800
DEC_2155,decoy,CCCN(CCC)Cc1cccc(OCCCNC2=NS(=O)(=O)c3cscc32)c1,CHEMBL37955
DEC_1716,decoy,[O-][S+](c1nc(-c2ccc(Cl)c(Cl)c2)c(-c2ccccc2)[nH]1)C(F)(F)C(F)F,CHEMBL276944
DEC_0209,decoy,C[S+](CCc1ccccc1)CCC(N)C(=O)O,CHEMBL23770
DEC_0924,decoy,O=C(N[C@@H]1C[C@@H](O)C[C@H]1OC(=O)c1cc(O)c(C(=O)c2c(O)cccc2C(=O)O)c(O)c1)c1ccc(O)cc1,CHEMBL309034
DEC_1795,decoy,Nc1cc2c(Nc3ccc4c(ccn4Cc4ccccc4)c3)ncnc2cn1,CHEMBL288557
DEC_3196,decoy,CC(C)(C)Nc1nc(C(F)(F)F)nc2ccc(-c3cccs3)cc12,CHEMBL15790
DEC_0652,decoy,C1=C(C2(C3=NCCN3)COc3ccccc3O2)CCCC1,CHEMBL429954
DEC_3463,decoy,Cc1cc(F)ccc1-c1nc(N(C(N)=O)c2ccccc2Cl)c2ncn(C)c2n1,CHEMBL18573
DEC_0475,decoy,Clc1ncc(O[C@@H]2CCNC2)cc1Br,CHEMBL268017
DEC_1738,decoy,COc1ccc(C(Cc2ccncc2)c2ccc(Cl)cc2)c(F)c1OC1CCCC1,CHEMBL284479
DEC_3417,decoy,Oc1ccc2c(Cc3ccc(CN4CCCC4)cc3)c(-c3ccc(OCCN4CCCC4)cc3)sc2c1,CHEMBL18495
DEC_3182,decoy,CCCC1OC(C#CC2CC2)(C(F)(F)F)c2cc(Cl)ccc2NC1=O,CHEMBL283630
DEC_0685,decoy,CCSc1nnc(-c2nc(C(C)(C)C)c(O)c(C(C)(C)C)n2)s1,CHEMBL17218
DEC_0919,decoy,O=C(N[C@@H]1CNCC[C@H]1OC(=O)c1cc(O)c(C(=O)c2c(O)cccc2C(=O)O)c(O)c1)c1ccc(O)cc1,CHEMBL67442
DEC_0348,decoy,O=C(O)c1cccc2c(=O)cc(-c3ccc(/C=C/c4ccc5ccccc5n4)cc3)oc12,CHEMBL32764
DEC_1290,decoy,CC(C)C(O)(c1ccc(Cl)cc1)c1cncnc1,CHEMBL29646
DEC_2883,decoy,COC1N=C(c2ccccc2F)c2cc(C#CCN3C(=O)CCc4ccccc43)ccc2-n2c(C)nnc21,CHEMBL20141
DEC_1550,decoy,Cc1cccc(NC(=O)NC2N=C(c3ccccc3F)c3ccccc3N(CC(=O)N3CC4CCC(CC4)C3)C2=O)c1,CHEMBL49085
DEC_0149,decoy,CCCCCCN1CCN(c2nc3ccccc3n2CCOCC)CC1,CHEMBL273315
DEC_0304,decoy,O=C(O)COc1cccc2c1CCC(CON=C(c1ccccc1)c1ccccc1)C2,CHEMBL417069
DEC_2547,decoy,Cc1nnc2n1-c1sc(/C=C\c3ccccn3)cc1C(c1ccccc1Cl)=NC2,CHEMBL285926
DEC_2577,decoy,C#CCN(Cc1ccc2nc(C)nc(O)c2c1)c1ccc(C(=O)NCc2ccc(Cl)cc2)cc1,CHEMBL268854
DEC_2659,decoy,FC(F)(F)c1cc(Cn2c(Cl)nc3cc(Cl)c(Cl)cc32)cc(C(F)(F)F)c1,CHEMBL280131
DEC_0122,decoy,CC(C)[C@H](NC(=O)OCc1ccccc1)C(=O)C[C@H](C=O)Cc1ccccc1,CHEMBL32059
DEC_3375,decoy,CC(C)NC(=O)N(CCCCCSc1nc(-c2ccccc2)c(-c2ccccc2)[nH]1)c1ccccn1,CHEMBL298651
DEC_1813,decoy,CC1(C)CC1C(=O)N/C(=C\CCCCSc1ccccc1C(=O)O)C(=O)O,CHEMBL11554
DEC_1584,decoy,COc1c(Cl)c(O)nc(C(Cl)(Cl)Cl)c1Cl,CHEMBL275922
DEC_1635,decoy,CC12CCC3C(C(CCc4ccc(N)cc4)=CC4=CC(=O)CCC43C)C1CCC2=O,CHEMBL266297
DEC_1352,decoy,Cc1coc2c(O)cc3c(c12)[C@H](CCl)CN3C(=O)c1cc2cc(NC(=O)c3cc4ccccc4s3)ccc2o1,CHEMBL80467
DEC_1666,decoy,C=C(C)[C@H]1C(=O)c2c3c(cc4c5c(n1c24)[C@@]1(C)C(CC[C@H]2[C@](C)(/C=C/CC(C)=O)[C@@H](O)CC[C@@]21C)C5)C1=CC(C)(C)OC(C)(C)C1[C@@H]3O,CHEMBL35146
DEC_2600,decoy,CCC(C)c1ccc(N/N=C(\N=N\c2nnnn2-c2ccccc2)c2ccccc2)cc1,CHEMBL23344
DEC_0298,decoy,C=C(OCC)c1nc(/C=C/c2ccccc2)nc2c1ncn2Cc1ccccc1,CHEMBL279083
DEC_0287,decoy,COCCOCc1ccc2ccccc2c1/C=C(C)/C=C/C(O)=C1\C(=O)CN(C)C1=O,CHEMBL11186
DEC_0680,decoy,CC(C)Sc1nnc(-c2cc(C(C)(C)C)c(O)c(C(C)(C)C)c2)s1,CHEMBL16674
DEC_1568,decoy,CC1(C)OC(S)=Nc2ccc(-c3coc(C#N)c3)cc21,CHEMBL282649
DEC_1838,decoy,CCN(CC)CCn1nc2c3c(c(CN)ccc31)Sc1ccc(OC)cc1-2,CHEMBL27064
DEC_3114,decoy,Cc1csc(-c2cn(C)c3c2C(=O)C(=N)C=C3O)n1,CHEMBL267993
DEC_0896,decoy,CCN(CC)c1nc(C)nc2c1sc(=O)n2-c1c(C)cc(C)cc1C,CHEMBL17897
DEC_1837,decoy,CCCC[C@H]1CN(C(=O)c2cccc3ccccc23)CCN1C[C@@H](N)CS,CHEMBL27486
DEC_2261,decoy,c1ccc2c(C3=NCC4(CN5CCC4CC5)O3)csc2c1,CHEMBL274378
DEC_2239,decoy,Nc1ccc2c(c1)Cc1c-2nc(O)c2nc(C(=O)O)cn12,CHEMBL15002
DEC_2863,decoy,CNC(=O)OC1CCn2c3c(c(COC(N)=O)c21)C(=O)C(OC)=C(C)C3=O,CHEMBL18408
DEC_0442,decoy,C=CCC1Oc2ccc(F)c(OC)c2-c2ccc3c(c21)C(C)=CC(C)(C)N3,CHEMBL7988
DEC_3233,decoy,CCCC1CC(=O)N(OS(=O)(=O)/C=C/c2ccccc2)C1=O,CHEMBL269642
DEC_0778,decoy,CC(C)c1ccc(Oc2cnc(O)nc2)cc1,CHEMBL8403
DEC_1889,decoy,O=c1cnn(-c2cc(Cl)c(Sc3ccc(Cl)cc3)c(Cl)c2)c(=O)[nH]1,CHEMBL281093
DEC_2641,decoy,Cn1cncc1CNc1ccc(C#N)c(-c2cccc3ccccc23)c1,CHEMBL29064
DEC_1041,decoy,Brc1ccccc1Nc1nc2ccccc2n2cnc(-c3ccccc3)c12,CHEMBL30160
DEC_0875,decoy,Nc1nc2c(cnn2CCCc2ccccc2)c2nc(-c3ccco3)nn12,CHEMBL17121
DEC_2006,decoy,N=C(N)c1ccc2oc(C(Cc3ccc(O[C@H]4CCNC4)cc3)C(=O)O)cc2c1,CHEMBL280158
DEC_3207,decoy,Fc1cccc2c1N[C@H](c1c[nH]c3ccc(Br)cc13)[C@@H]1CCO[C@H]21,CHEMBL25127
DEC_1254,decoy,COc1nc(C)ccc1-c1nc2cc3c(cc2[nH]1)C(C)(C)C(=O)N3,CHEMBL285302
DEC_0029,decoy,Cc1cc(C)c(C(C)(C)CC(=O)OCC(CO)OCn2cnc3c(O)nc(N)nc32)c(OCc2ccccc2)c1,CHEMBL445580
DEC_0177,decoy,COc1ccc2c(c1)nc(O)n1cc(C)cc21,CHEMBL36415
DEC_0838,decoy,CC1(C)OC[C@@H](C/C=C\CCC(=O)O)[C@@H](c2ccnnc2)O1,CHEMBL18325
DEC_0142,decoy,CCCCCN1CCN(c2nc3ccccc3n2CCOCC)CC1,CHEMBL18181
DEC_2485,decoy,CCSCCn1c(N2CCN(C)CC2)nc2ccccc21,CHEMBL17893
DEC_2800,decoy,COc1cc2c(cc1C(F)(F)F)N(C(=O)Nc1cncc(-c3cnccc3C)c1)CC2,CHEMBL14864
DEC_0191,decoy,CC1(C)CCc2c(O)nc3ccccc3c2O1,CHEMBL22878
ACT_030,active,FC(F)(F)c1ccc(-c2nnc(N3CCN(c4ccccn4)CC3)o2)cc1,CHEMBL4764740
DEC_3447,decoy,O=C(OC1CN2CCC1CC2)C(O)(c1ccccc1)c1ccccc1Br,CHEMBL12897
DEC_2311,decoy,O=C(OCCS(=O)(=O)c1ccccc1)N1c2ccccc2[C@@]23O[C@]24CCC[C@@H]3C#C/C=C\C#C[C@H]14,CHEMBL15924
DEC_0843,decoy,Cc1cc(CCCCCOc2ccc(C3=NCCO3)cc2)on1,CHEMBL266800
DEC_2169,decoy,CC(=N)Nc1nnc(-c2ccccc2C)s1,CHEMBL12136
DEC_2310,decoy,CCN(CC)CC#CCCC1(C2(O)c3ccccc3CCc3ccccc32)SCCCS1,CHEMBL289989
ACT_087,active,COc1cccc(NCc2ccc(Oc3c(N)cccc3Cl)cc2)c1,CHEMBL4568241
DEC_1285,decoy,Cn1ccc2c1[C@H](c1ccccc1)CN1CCC[C@@H]21,CHEMBL35329
DEC_0163,decoy,Clc1ccc(C2=CCc3ccc(Cl)cc3N=C2N2CCNCC2)cc1.O=C(O)/C=C/C(=O)O,CHEMBL16624
DEC_0821,decoy,CCCCCCCC1(C2=NCCN2)COc2ccccc2O1,CHEMBL10229
DEC_0916,decoy,N[C@@H]1C[C@H](NC(=O)c2ccc(O)cc2)[C@H](OC(=O)c2cc(O)c(C(=O)c3c(O)cccc3C(=O)O)c(O)c2)C1,CHEMBL417051
DEC_0396,decoy,CC(C)C(NC(=O)Cn1ccc2c(O)nc(O)nc2c1=O)C(=O)C(F)(F)F,CHEMBL275723
DEC_1750,decoy,CCc1nc2c(C)cc(C)nc2n1Cc1ccc(OC(C(=O)O)c2ccccc2)c(Cl)c1,CHEMBL15850
DEC_2020,decoy,O=C(O)Cc1cccc2c1Cc1c-2nc(O)c2nc(-c3ccc(C(=O)O)cc3)cn12,CHEMBL24875
DEC_1695,decoy,O=C(NC(CO)c1cc(C(F)(F)F)cc(C(F)(F)F)c1)[C@]1(c2ccccc2)CC[C@@H](N2CCC(c3ccc(F)cc3)CC2)CC1,CHEMBL296583
DEC_1430,decoy,CC(C)N(CCC(CCn1cccc1)(C(N)=O)c1ccccc1)C(C)C,CHEMBL440273
DEC_3451,decoy,O=C(O)c1cn(C2CC2)c2c(F)c(N3CCOC(CN4CCCCC4)C3)c(F)cc2c1=O,CHEMBL280842
DEC_2652,decoy,CC(Cc1ccccn1)NC1c2ccccc2Oc2ccccc21,CHEMBL21170
DEC_1535,decoy,Cc1nnc2n1-c1sc(C#CCn3c(=O)c4ccccc4c4ccccc43)cc1C(c1ccccc1Cl)=NC2O,CHEMBL282495
DEC_1177,decoy,CC(C)(C)c1snc(O)c1C[C@H](N)C(=O)O,CHEMBL29024
DEC_2821,decoy,CC(C)(CC(=O)O)Cc1nc2cc(Cl)ccc2n1Cc1ccc(Cl)c(Cl)c1,CHEMBL17528
DEC_0724,decoy,COC(=O)[C@@H](C)[C@H](O)[C@H](C)[C@H]1OC(=O)/C(OC)=C/C(C)=C/[C@@H](C)C(=O)[C@@H](C)C/C(C)=C/C=C/[C@@H]1OC,CHEMBL291450
DEC_2726,decoy,OC1Cc2ccccc2CC1N1CCC(c2ccccc2)CC1,CHEMBL21151
DEC_2890,decoy,Cc1nnc2n1-c1sc(C#CCn3c(=O)n(C)c4ccccc43)cc1C(c1ccccc1Cl)=NC2,CHEMBL20195
DEC_2994,decoy,CCCOP(=O)(OCCC)On1c(=O)[nH]c2ccccc2c1=O,CHEMBL274689
DEC_2109,decoy,Cc1cc(-c2noc(C(F)(F)F)n2)cc(C)c1OCCCc1cc(CS(C)(=O)=O)no1,CHEMBL29881
DEC_0768,decoy,O=C1[C@@H](NS(=O)(=O)c2ccc(-c3ccc(Cl)s3)s2)CCN1Cc1cc2cc[nH]cc-2n1,CHEMBL268178
DEC_1634,decoy,N#Cc1ccc2oc(-c3cccc(/C=C/c4ccc5ccccc5n4)c3)cc(=O)c2c1,CHEMBL33276
DEC_2385,decoy,N#Cc1ccc(-c2ccc3c(c2)C2(CCCCC2)C(S)=N3)s1,CHEMBL417475
DEC_2062,decoy,CCOc1ccc(-n2c(C)c3c(C)nnc(Nc4ccc(N)cc4)c3c2C)cc1,CHEMBL280835
DEC_0986,decoy,CCC(=O)OCC(=O)[C@@]1(OC(=O)CC)[C@@H](C)C[C@H]2C3CCC4=CC(=O)C=C[C@]4(C)[C@@]3(F)[C@@H](O)[C@@H](OC(=O)CC)[C@@]21C,CHEMBL54830
DEC_0577,decoy,CC[C@H](NC(=O)N1C(=O)CC1SC[C@H](CC(C)C)NC(=O)[C@@H](NC(=O)CC(C)(C)C)C(C)(C)C)c1ccccc1,CHEMBL35353
DEC_2152,decoy,c1cc(CSc2ccc3ccccc3n2)cc(-c2nnn(CCCCc3nnn[nH]3)n2)c1,CHEMBL18922
DEC_1847,decoy,COc1ccc(-c2csc(-c3cc(C(=N)N)sc3SC)n2)c(OC)c1,CHEMBL286267
DEC_2603,decoy,CCNC/C=C/c1nc(O)c2c(ccc3nc(Nc4c(Cl)cccc4Cl)n(C)c32)c1C,CHEMBL27350
DEC_0426,decoy,Brc1ccccc1Sc1nc2ccccc2n2cncc12,CHEMBL418392
DEC_0416,decoy,CC1(C)OC(S)=Nc2ccc(-c3cc(C#N)cc(OC(F)(F)F)c3)cc21,CHEMBL24689
DEC_3037,decoy,Cc1cc(OCCCON=C(N)N)cc(OS(=O)(=O)c2cccc3c2NCCC3)c1,CHEMBL289367
DEC_2082,decoy,CC(=O)O/N=C(\C)c1ccc(Sc2cc(F)cc(C3CCOCC3)c2)cc1,CHEMBL28275
DEC_3016,decoy,COc1ccc(C(O)C(O)(Cn2cncn2)c2ccc(OC)cc2)cc1,CHEMBL273747
DEC_0184,decoy,COc1ccc2ccc3nc(CO)cn3c2c1,CHEMBL13533
DEC_3243,decoy,CC(=O)Nc1ccc(Cn2cnc3c(N(C)C)ncnc32)cc1,CHEMBL7635
DEC_1891,decoy,CC1CC(Cc2ccc(F)cc2)CC(C)N1CC#Cc1ccc2[nH]c(O)nc2c1,CHEMBL19769
DEC_2898,decoy,CC1CC2C3CCC4=CC(=O)C=CC4(C)[C@@]3(Cl)C(Cl)CC2(C)[C@@]1(OC(=O)c1cccs1)C(=O)CO,CHEMBL10679
DEC_0251,decoy,CC(=O)n1nc(-c2nc3ccccc3o2)oc1=O,CHEMBL283153
DEC_3414,decoy,CCN(Cc1cccc(OCc2cc(-c3cccs3)cs2)c1)c1cc(C2(C(F)(F)F)N=N2)ccc1O,CHEMBL308348
DEC_3350,decoy,C=Cc1sc2ccc(Cl)c3c2c1CN(C)CC3,CHEMBL25467
DEC_0887,decoy,COc1c2occc2c(CN2CCOCC2)c2ccc(=O)oc12.Cl,CHEMBL428334
DEC_0138,decoy,COc1ccc(CN(CCN(C)CCCCCCN)c2ccccn2)cc1,CHEMBL21278
DEC_0881,decoy,O=C1CSCC2Nc3ccnn3C(c3ccc(F)c(Br)c3)C12,CHEMBL35356
DEC_1160,decoy,CCCCc1nc2ccn(C(C(=O)C(C)(C)C)c3ccccc3)c(=O)c2n1Cc1ccc(-c2ccccc2-c2nn[nH]n2)cc1,CHEMBL328780
DEC_3205,decoy,CC(C)(C)C(=O)Oc1ccccc1C(=O)c1ccccc1OC(=O)C(C)(C)C,CHEMBL9933
DEC_1387,decoy,COC(=O)[C@]12CCC(C)(C)CC1C1=CC[C@@H]3[C@@]4(C)C=C(C#N)C(=O)C(C)(C)[C@@H]4CC[C@@]3(C)[C@]1(C)CC2,CHEMBL56503
DEC_0359,decoy,CN1C(=O)CC[C@]2(C)C3CC[C@@]4(C)C(CC[C@@]4(O)C#CCCCBr)C3CCC12,CHEMBL10018
ACT_080,active,Fc1ccc2[nH]c3c(c2c1)C[PH](Cc1cccc2ccccc12)(c1ccccc1)CC3,CHEMBL4473127
DEC_1902,decoy,O=C(Nc1ncco1)c1c(C(F)(F)F)nc2c(C(F)(F)F)cccc2c1O,CHEMBL34020
DEC_1228,decoy,Cc1cccc(/N=C/C2=C3NC=C(C(=O)O)C(=O)N3C(C)CC2)c1,CHEMBL22635
DEC_2354,decoy,C[C@@H]1CCC2[C@@H](C)[C@H](OC(CCC(=O)O)c3ccc(F)cc3)O[C@@H]3OC4(C)CC[C@@H]1C23OO4,CHEMBL289461
ACT_003,active,O=C1C(=O)C(Cl)=C(Cl)C(Cl)=C1Cl,CHEMBL364729
DEC_2073,decoy,Cc1c(C(=O)c2cccc3ccccc23)c2ccccc2n1CCN1CCOC(O)C1,CHEMBL12566
DEC_3090,decoy,C[C@@H](c1ccccc1)n1cnc2c(N(C)C)ncnc21,CHEMBL275514
DEC_2110,decoy,Nc1ncnc2c1ncn2OCCOCP(=O)(Oc1ccccc1)Oc1ccccc1,CHEMBL28186
DEC_0562,decoy,Nc1nc(N)c2nc(CN(C=O)c3ccc(C(=O)NC(CCCNC(=O)CCC(=O)O)C(=O)O)cc3)cnc2n1,CHEMBL283595
DEC_3024,decoy,Cc1cn(C2C=CC(COP(=O)(OCC(F)(F)F)OCC(F)(F)F)O2)c(=O)[nH]c1=O,CHEMBL274008
DEC_1432,decoy,CC(C)(C)NCC(O)COc1ccc(/C=C/CO)cc1Br,CHEMBL14241
DEC_3319,decoy,C[C@@H](/N=c1\c(O)c(O)\c1=N/c1ccc(C#N)c(Cl)c1)C(C)(C)C,CHEMBL19420
DEC_3453,decoy,Cc1cc(-n2ccc(=O)[nH]c2=O)cc(Cl)c1S(=O)(=O)c1ccc(Cl)cc1,CHEMBL11168
DEC_2395,decoy,CC(C)CC1CCNc2cc3nc(O)cc(C(F)(F)F)c3cc21,CHEMBL282813
DEC_3281,decoy,CN(C1=NCCN1)c1c(Br)cccc1Br,CHEMBL20521
DEC_2518,decoy,CN1C(=O)C=C[C@]2(C)C3CC[C@@]4(C)C(CC[C@@]4(O)C#CCCBr)C3CCC12,CHEMBL276665
DEC_1123,decoy,CN(CC(CCN1CCC(O)(CCCc2ccccc2)CC1)c1ccccc1)S(=O)(=O)c1ccc(-c2ccccn2)s1,CHEMBL326111
DEC_2462,decoy,CCc1cc2c(Nc3nnc(C)s3)ncnc2s1,CHEMBL269495
DEC_0336,decoy,O=c1oc(Nc2ccccc2I)nc2cc(Cl)cc(Cl)c12,CHEMBL274173
DEC_1980,decoy,C[C@H](CS)C(=O)N1C[C@@H](Sc2ccc3ccccc3c2)C[C@H]1C(=O)O,CHEMBL274988
DEC_0632,decoy,OC(c1ccccc1)C(O)(Cn1cncn1)c1ccccc1,CHEMBL10306
DEC_3021,decoy,COC(=O)C[C@]1(O)C[C@H](OC)C[C@H]([C@H](O)/C=C(C)/C=C/[C@@H](C/C=C/Br)OC)O1,CHEMBL278228
DEC_1951,decoy,CCCN1CCC[C@H]2c3cccnc3CC[C@H]21,CHEMBL9993
DEC_0979,decoy,COC(=O)C(CSc1cccc2ccccc12)n1c(=O)n2n(c1=O)C(C(=O)NC[C@H]1CC[C@H](N)CC1)C=CC2,CHEMBL33354
DEC_2848,decoy,Cn1cncc1C(c1ccc(C#N)cc1)N1CCC(C#N)=C(c2cccc3ccccc23)C1,CHEMBL30118
DEC_2858,decoy,O=P(O)(O)c1cn2c3c(nc(O)c2n1)-c1cccc(Cc2nn[nH]n2)c1C3,CHEMBL25529
ACT_014,active,Fc1ccc(C(c2ccc(F)cc2)N2CCN(CCN3CCCCC3)CC2)cc1,CHEMBL211520
DEC_1759,decoy,O=C(Nc1nccs1)c1cc(Br)cc(Br)c1O,CHEMBL276997
DEC_0548,decoy,CSc1nc2nc(C(=O)c3ccccc3)cn2c2c1CCC(C)C2,CHEMBL20120
DEC_1681,decoy,COc1ccc(NS(=O)(=O)C(F)(F)F)cc1C[C@H]1[C@@H](O)c2cc(/C=C/c3ccc4ccc(Cl)cc4n3)ccc2OC1(C)C,CHEMBL331884
DEC_1103,decoy,O=c1cnn(-c2ccc(S(=O)(=O)c3ccc(Cl)cc3)c(Cl)c2)c(=O)[nH]1,CHEMBL27654
DEC_3477,decoy,CCN1C(=O)c2c(ncn2Cc2ccc(O)c(Br)c2)N2C1=N[C@@H]1CCC[C@@H]12,CHEMBL283242
DEC_3436,decoy,O=c1c(-c2cccc(OC(F)(F)F)c2)cccn1C(CN1CCC(O)C1)c1ccccc1,CHEMBL278062
DEC_2526,decoy,O=C1NCN(c2ccccc2)C12CCN([C@H]1CCc3c(Cl)ccc(Cl)c3C1)CC2,CHEMBL283910
DEC_3049,decoy,CC(C)[C@H](NC(=O)Cn1c(-c2cccnc2)ncc(N)c1=O)C(=O)c1nnc(C(C)(C)C)o1,CHEMBL24604
DEC_0993,decoy,Nc1cc(C2=NOC(Cn3cncn3)(C(=O)Nc3ccc(-c4ccccc4S(N)(=O)=O)cn3)C2)ccc1Cl,CHEMBL7676
DEC_2976,decoy,CCOCCC/N=C(\N)Nc1nc(-c2ccc(CNC(C)=O)o2)cs1,CHEMBL279445
DEC_2100,decoy,Cn1ccnc1NC(=O)c1c(C(F)(F)F)nc2c(C(F)(F)F)cccc2c1O,CHEMBL36360
DEC_2693,decoy,Fc1ccc(-c2nc(SC(F)(F)C(F)(F)F)[nH]c2-c2ccc(F)cc2)cc1,CHEMBL279170
DEC_0370,decoy,Nc1nc(=O)n(C2CSC3(COP(=O)(O)OC3)O2)cc1Br,CHEMBL416933
DEC_2853,decoy,Cc1cc(C(=O)c2ccc(Cl)cc2)cc(C(=O)Nc2ccc([N+](=O)[O-])cc2Cl)c1O,CHEMBL287378
DEC_2687,decoy,CN(C(=O)C(c1ccccc1)c1ccccc1)c1cc(C(F)(F)F)cc(C(F)(F)F)c1,CHEMBL40262
ACT_048,active,CN(C)c1ccc(C(=C2C=CC(=[N+](C)C)C=C2)c2ccc(N(C)C)cc2)cc1,CHEMBL64894
DEC_2167,decoy,CC1CCc2cc(CC(=O)O)cc(Cl)c2N1,CHEMBL284504
DEC_0930,decoy,CCCCCOc1c(OC)cc(NC(C)CCCN)c2nccc(C)c12,CHEMBL18226
DEC_2068,decoy,CSC1=NC2/C(=C(/O)OCCCCCSc3ccc([N+](=O)[O-])cc32)C(C)=N1,CHEMBL25763
DEC_1818,decoy,Nc1nc2c(cnn2CCCCc2ccccc2)c2nc(-c3ccco3)nn12,CHEMBL273590
DEC_2341,decoy,C=C(Cl)CN1C[C@H](OCC23C[C@@H]4[C@H](C)CC[C@H]4C4(C=O)CC2C=C(C(C)C)[C@@]34C(=O)O)O[C@H](C)C1,CHEMBL286857
DEC_1464,decoy,CCCC[C@H]1CN(C(=O)c2ccccc2)CCN1C[C@@H](N)CS,CHEMBL282379
DEC_1477,decoy,COC(=O)N[C@@H](c1ccncc1)[C@@H](O)C(=O)OC1CC2C(C)(C)C1(C)[C@@]13C[C@]4(CO4)c4ccccc4[C@@]21O3,CHEMBL31572
DEC_0161,decoy,CC(NC(=O)C(=O)N/N=C1\C[C@@H](c2ccccc2F)Nc2cc3c(cc21)OCO3)c1ccccc1,CHEMBL15983
DEC_2343,decoy,Cn1cncc1C(OCc1ccc(C#N)nc1-c1cccc(OC(F)(F)F)c1)c1ccc(C#N)cc1,CHEMBL37194
DEC_1630,decoy,CS/C(=N\O)c1ccc(Sc2cc(F)cc(C3CCOCC3)c2)cc1,CHEMBL282213
DEC_2688,decoy,Cc1cc(-c2c(F)cc3c(=O)c(Cc4ccccc4)cn(C4CC4)c3c2F)cc(C)n1,CHEMBL8161
DEC_3145,decoy,Cc1ccc2c(c1)N(C(=O)N1C[C@@H](C)N(C)[C@@H](C)C1)Cc1c(C(=O)OC(C)(C)C)ncn1-2,CHEMBL277558
DEC_0556,decoy,COc1ccc(-c2nc([S+]([O-])C(C)C)[nH]c2-c2ccc(OC)cc2)cc1,CHEMBL276781
DEC_2471,decoy,c1ccc(-c2ncnc3c2ncn3C2CCOCC2)cc1,CHEMBL28074
DEC_0527,decoy,N=C(N)N(CC1CC1)c1c(Br)cccc1Br,CHEMBL278629
DEC_0350,decoy,Clc1ccc2c(c1)N(Cl)[C@H](c1c[nH]c3ccc(Br)cc13)[C@@H]1CCO[C@H]21,CHEMBL25085
DEC_0093,decoy,c1ccc2c(c1)ccc1nc(-c3nn[nH]n3)cn12,CHEMBL274662
DEC_2996,decoy,N[C@@H](CNC(=O)C1CCC2(CC1)CCN(c1ccncc1)CC2)C(=O)O,CHEMBL24650
DEC_0273,decoy,CSc1cc2n(c1C(=O)c1ccc(C3CCCCC3)cc1)CCC2C(=O)O,CHEMBL277145
DEC_1922,decoy,CC12Cc3ccccc3[C@H](Cc3ccccc31)N2,CHEMBL286318
DEC_1988,decoy,N=C(N)c1ccc2cc(CC(C(=O)O)c3ccc(O[C@H]4CCNC4)cc3)ccc2c1,CHEMBL279959
DEC_0467,decoy,CN1CCN(c2nc(N)c(Cl)c(Cl)n2)CC1,CHEMBL31488
DEC_0799,decoy,CCOP(=O)(Cc1cccnc1)OCC,CHEMBL40500
DEC_1383,decoy,CC1(C)CC[C@]2(C(=O)O)CC[C@]3(C)C(=CC[C@@H]4[C@@]5(C)C=C(C(=O)O)C(=O)C(C)(C)[C@@H]5CC[C@]43C)C2C1,CHEMBL55760
DEC_1536,decoy,CN1C(=O)C23CC4C1(CN2CC[C@@]3(C)OCc1ccccc1)CC1(C(=O)Nc2c1ccc1c2OC=CC(C)(C)O1)C4(C)C,CHEMBL42362
DEC_2291,decoy,CCCCc1nc2c([nH]1)N1C(=N[C@@H]3CCC[C@@H]31)N(C)C2=O,CHEMBL18474
DEC_1655,decoy,CCCC(C)n1c(CC)nc2c(-c3ccc(C(C)(C)O)cc3Cl)ccnc21,CHEMBL444011
DEC_2295,decoy,Cn1cc(C2=NCC3(CN4CCC3CC4)O2)c2cc(F)ccc21,CHEMBL268892
DEC_2960,decoy,CCNC(=O)/C(C(=O)O)=C(C)/C=C/C=C(C)/C=C/C1=C(C)CCCC1(C)C,CHEMBL269199
DEC_0977,decoy,CCOC(=O)CC1CCN(C(=O)C(C)(C)C(CC)NC(=O)c2ccc(C(=N)N3CCSC3)cc2F)CC1,CHEMBL430796
DEC_2108,decoy,Cc1cc(-c2noc(C(F)(F)F)n2)cc(C)c1OCCCc1cc(C[S+](C)[O-])no1,CHEMBL29421
DEC_2200,decoy,O=C1C[C@H](O)CC(c2cccc3ccccc23)O1,CHEMBL274300
DEC_2952,decoy,CCN(CC)CCOc1cccc(C(=C2CCCCC2)c2cccc(O)c2)c1,CHEMBL28114
DEC_0911,decoy,O=S(=O)(CS(=O)(=O)C(F)(F)F)c1ccc(Cl)c(Cl)c1,CHEMBL12189
DEC_3471,decoy,COc1cccc2c1OCCC2CN1CCC2(CC1)C(=O)NCN2c1ccccc1,CHEMBL279368
DEC_0985,decoy,CC(C)CCN(C[C@@H](O)[C@@H]1Cc2ccc(cc2)OCCCC(=O)N[C@@H](C(C)C)C(=O)N1)S(=O)(=O)c1ccccc1,CHEMBL288010
DEC_0486,decoy,CN(C)C(=O)c1cc(-c2ccncc2)nnc1Cl,CHEMBL268455
DEC_1780,decoy,NC(=O)c1cc2c(Sc3ccc(C(F)(F)F)cc3)cncc2s1,CHEMBL6542
DEC_2534,decoy,CN1CN(c2ccccc2)C2(CCN(C3CCc4c(Cl)ccc(Cl)c4C3)CC2)C1=O,CHEMBL27729
DEC_1521,decoy,C[C@]12C[C@H](c3ccc4c(c3)OCCO4)C3=C4CCC(=O)C=C4CCC3C1CC[C@@]2(O)C#Cc1ccc(N2CCCC2=O)cc1,CHEMBL70802
DEC_1945,decoy,CCOc1ccccc1-c1nc2ccc[nH]c-2n1,CHEMBL31359
DEC_2585,decoy,CCC(OC(C)=O)c1nc2c(C(F)(F)F)cccc2c(O)c1C(=O)Nc1nccs1,CHEMBL284047
DEC_0771,decoy,COc1ccc(-c2nc(/N=C(\N)[N+]3(C)CCCCC3)sc2-c2ccc(OC)cc2)cc1,CHEMBL278695
DEC_1189,decoy,O=P(O)(O)C(F)P(=O)(O)c1ccccc1,CHEMBL290262
DEC_2841,decoy,CC(=O)[C@@]12O[C@](C)(c3ccc(F)cc3)O[C@@H]1CC1C3CCC4=CC(=O)CC[C@]4(C)C3CC[C@@]12C,CHEMBL273837
DEC_2224,decoy,NC(=O)c1cn2c3c(nc(O)c2n1)-c1ccccc1C3,CHEMBL14649
DEC_0765,decoy,COC(=O)N[C@@H](c1ccncc1)[C@@H](O)C(=O)OC1CC2C(C)(C)C1(C)[C@@]13CC(C)c4ccccc4[C@@]21O3,CHEMBL30298
DEC_0172,decoy,O=C(c1ccc2c(c1)CNCC2)C(F)(F)F,CHEMBL28390
DEC_0997,decoy,COC(=O)CNC1CC(=O)N([C@H]2CC3CC[C@]2(CS(=O)(=O)N2CCC4(CCc5ccccc54)CC2)C3(C)C)C1=O,CHEMBL277022
DEC_1544,decoy,CN(C)C(=O)O/N=C(\c1ccn2c1CS[C@@H]2c1cccnc1)c1cn(C(=O)N(C)C)c2cc(-c3ccc(F)cc3)ccc12,CHEMBL99481
DEC_1193,decoy,Cc1ccc(Cl)c(Cl)c1NC1=NCCN1,CHEMBL14155
DEC_3198,decoy,CC(=O)N1CCC(=C2c3ccc(Cl)cc3CCc3c(C)ccnc32)CC1,CHEMBL274357
DEC_0032,decoy,CCc1c(Cl)nc(NCc2ccc3c(n2)NCCC3)c(=O)n1CC(=O)N[C@@H](CC(=O)O)c1cccc(F)c1,CHEMBL53145
DEC_3267,decoy,C=COCCn1c(N2CCN(C)CC2)nc2ccccc21,CHEMBL18123
DEC_0839,decoy,CCc1cc(CCCCCOc2ccc(C3=NCCO3)cc2)on1,CHEMBL25697
DEC_0130,decoy,CCCN(CC)CC(C(=O)Nc1ccc(OC)cc1C)N(CC)CCC,CHEMBL10057
DEC_3079,decoy,NS(=O)(=O)OC[C@]12CCC[C@H]1[C@@H]1C[C@@H]1CC2,CHEMBL285315
DEC_3048,decoy,O=C1[C@@H](NS(=O)(=O)c2cc3ccc(Cl)nc3s2)CCN1CCNc1ccncc1,CHEMBL266554
DEC_3353,decoy,c1ccc([C@@H]2CN3CCCC[C@H]3c3ccccc32)cc1,CHEMBL36292
DEC_1229,decoy,Cc1cccc(/N=C/C2=C3NC=C(C(=O)O)C(=O)N3[C@@H](C)CC2)c1,CHEMBL417108
DEC_2705,decoy,Clc1ccc(CC(c2ccc(Cl)cc2)(c2ccc(Cl)cc2)c2cncnc2)cc1,CHEMBL29514
DEC_0800,decoy,C=C(c1ccccc1OCCC)n1ccnc1,CHEMBL26722
DEC_2182,decoy,CCn1ccnc1C1COc2ccccc2O1,CHEMBL13619
DEC_2719,decoy,CCCN1C[C@H](CSC)C[C@@H]2c3cccc4[nH]cc(c34)C[C@H]21,CHEMBL531
DEC_2522,decoy,CC(C)(C)OC(=O)N[C@@H](Cc1ccccc1)/C(O)=C(\C#N)c1c(F)c(F)c(F)c(F)c1F,CHEMBL16813
DEC_1006,decoy,O=C(Cn1ccccc1=O)NCc1cc2cc(C(=O)N3CCC(N4C(=O)OCc5ccccc54)CC3)ccc2o1,CHEMBL287325
DEC_1455,decoy,CCCCc1nc(Cl)c(CC(=O)O)n1Cc1ccc(C(=O)O)cc1,CHEMBL25686
DEC_1794,decoy,Nc1cc2c(Nc3ccc4c(cnn4Cc4ccccc4)c3)ncnc2cn1,CHEMBL281006
DEC_0570,decoy,CCN(CC)CC[n+]1ccc2c(C)c3[nH]c4ccccc4c3c(C)c2c1,CHEMBL282749
DEC_0903,decoy,[O-][N+]1(Cn2c(SCc3ccccn3)nc3ccccc32)CCOCC1,CHEMBL276843
DEC_2887,decoy,Cc1nnc2n1-c1sc(C#CCC34CCCc5cccc(c53)NC4=O)cc1C(c1ccccc1Cl)=NC2,CHEMBL20019
DEC_2088,decoy,CSc1sc(C(=N)N)cc1-c1nc(-c2ccc3c(c2)OCO3)cs1,CHEMBL31967
DEC_0601,decoy,CC(C)CCN(c1ccc(NCc2ccccn2)cc1)C1CCN(C(=O)[C@H](CC(C)C)NC(=O)N2CCCCCC2)CC1,CHEMBL311456
DEC_2501,decoy,CCCC(C)Cn1c(N2CCN(C)CC2)nc2ccccc21,CHEMBL16939
DEC_2396,decoy,COC(=O)c1ccc(/C=C(C)\C=C\C23CC2(C)CCCC3(C)C)cc1,CHEMBL282507
DEC_0193,decoy,NC1=NN(c2cccc(C(F)(F)F)c2)CC1,CHEMBL274642
DEC_2555,decoy,CCCc1c(C(F)(F)F)nn(-c2ccc(S(N)(=O)=O)cc2)c1-c1ccc(F)cc1,CHEMBL29941
DEC_2700,decoy,O=C(NCc1cc(C(F)(F)F)cc(C(F)(F)F)c1)C(c1ccccc1)c1ccccc1,CHEMBL43027
DEC_2775,decoy,N#CCC(=O)Nc1ccc(Cl)c(-c2nc3cc(C(F)(F)F)ccc3s2)c1,CHEMBL35564
DEC_0994,decoy,CCN1CCN(c2cc(=O)oc3c(C)c(O[C@@H]4OC(C)(C)[C@H](OC)[C@@H](OC(=O)c5ccc(C)[nH]5)[C@H]4O)ccc23)CC1,CHEMBL35975
DEC_2646,decoy,Cc1ccc(Oc2ccc(CC(C)C)cc2Cl)c(CC(=O)O)c1,CHEMBL25797
DEC_0759,decoy,CC(C)C1=CC2CC3(C=O)[C@@H]4CC[C@@H](C)[C@H]4CC2(CO[C@H]2C[C@H]4[C@H](OC[C@H]4C)[C@@H](C)O2)C13C(=O)O,CHEMBL439303
DEC_1356,decoy,Cc1coc2c(O)cc3c(c12)[C@H](CCl)CN3C(=O)c1cc2cc(NC(=O)c3cc4ccccc4o3)ccc2o1,CHEMBL308960
DEC_1417,decoy,C=C(c1ccccc1OCC(O)CNC(C)C)n1cnc2ccccc21,CHEMBL275833
DEC_0567,decoy,C=C(CCC12OC(C(=O)O)C(O)(C(=O)O)C(C(=O)O)(O1)[C@H](O)[C@H]2O)[C@@H](OC(C)=O)[C@H](C)Cc1ccccc1,CHEMBL307753
DEC_1395,decoy,CCN(CC)C(=S)SC(C(=O)c1ccc(Br)cc1)=C1SCCCS1,CHEMBL35902
DEC_3317,decoy,O=C1Nc2ccc(Cl)cc2C(C#Cc2cccnc2)(C(F)(F)F)O1,CHEMBL278468
DEC_2504,decoy,CSc1cc(C)n2cc(C(=O)c3ccccc3)nc2n1,CHEMBL20268
DEC_1758,decoy,CSc1nnc(-c2nc(C(C)(C)C)c(O)c(C(C)(C)C)n2)s1,CHEMBL275188
DEC_3435,decoy,Cl.O=C(C1CCCN1)N1CCCC1P(=O)(OCC(F)(F)F)OCC(F)(F)F,CHEMBL276884
DEC_3428,decoy,CC(=O)OCC[N+]1(C)CCC(c2ccccc2)CC1,CHEMBL277449
DEC_0314,decoy,OC1=C2C(=Nc3c(Br)cnn3C2c2ccc(F)c(Br)c2)CCC1,CHEMBL37959
DEC_0854,decoy,CCCC(C)Oc1c(C(=O)c2ccccc2)c[nH]c2nncc1-2,CHEMBL14327
DEC_0227,decoy,Cc1cccc2c1N(C)CC(C1=NCCN1)O2,CHEMBL14110
DEC_1086,decoy,CC1CCC(/C=N/c2cccc(Br)c2)=C2NC=C(C(=O)O)C(=O)N21,CHEMBL25608
DEC_3067,decoy,O=C1[C@@H](NS(=O)(=O)c2cc3nc(Cl)ccc3s2)CCN1CCNc1ccncc1,CHEMBL8112
DEC_0834,decoy,O=C(NCCCCCn1cncn1)c1ccc(Cl)s1,CHEMBL274776
DEC_2609,decoy,C[C@@H](N)Cc1c2ccoc2c(C(F)(F)F)c2ccoc12.Cl,CHEMBL7132
DEC_0088,decoy,C/N=C(C)\N=C(\Nc1ccccc1)N1CCOCC1,CHEMBL44337
DEC_0185,decoy,O=[N+]([O-])c1cc2c(ccc3cc(O)ccc32)o1,CHEMBL7258
DEC_2786,decoy,CC1=NN(C(=O)Nc2cc(C)cc(C)c2)C(C)=NN1C(=O)Nc1cc(C)cc(C)c1,CHEMBL17934
DEC_0688,decoy,CC(CCCc1ccccn1)NC1c2ccccc2Oc2ccccc21,CHEMBL281360
DEC_2265,decoy,O=C(O)c1cc(O)c2c(C(F)(F)F)cc(C(F)(F)F)cc2n1,CHEMBL22222
DEC_1382,decoy,CC1=C2C=C(C(=O)O)CC[C@]2(C)C2CC[C@@]3(C)C(CC[C@@H]3C(=O)c3cccc4ccccc34)C2C1,CHEMBL284434
DEC_2434,decoy,CCc1cc(NCc2nc3c(Cl)ccc(Cl)c3o2)c(O)nc1C,CHEMBL268871
DEC_2475,decoy,O=C(c1ccccc1)c1cn2c(n1)sc1ccccc12,CHEMBL281643
DEC_3298,decoy,O=C1Nc2cc(C(F)(F)F)ccc2C1(O)c1cc(Cl)ccc1O,CHEMBL282479
DEC_1101,decoy,CC(C)(C)C12COC(C3=CC(=O)C(Br)=CC3=[N+]=[N-])(OC1)OC2,CHEMBL32348
DEC_2162,decoy,Cc1cc(C)c(/C=C2/NC(=O)NC2=O)c(C)c1,CHEMBL291292
DEC_0223,decoy,CC1=C(N2CC2)C(=O)c2nc3n(c2C1=O)CCC3N,CHEMBL20088
DEC_1451,decoy,O=C(OCC(O)CO)c1ccc(NCCCc2ccccc2)cc1,CHEMBL31657
DEC_0412,decoy,C/C(=N\O)c1ccc(Sc2cc(F)cc(C3CCOCC3)c2)cc1,CHEMBL25570
DEC_2097,decoy,O=C1NC(=O)C(CC#Cc2ccc(Cl)cc2)(Sc2ccccc2)S1,CHEMBL11973
DEC_1782,decoy,Nc1nc(S)c2cc(Sc3ccc4ccccc4c3)ccc2n1,CHEMBL6686
DEC_2889,decoy,Cc1nnc2n1-c1sc(C#CCN3C(=O)COc4cc(F)ccc43)cc1C(c1ccccc1Cl)=NC2,CHEMBL20418
DEC_0078,decoy,Oc1ncnc2c1ncn2C1CCCc2ccccc21,CHEMBL11251
DEC_3206,decoy,C#C[C@]1(O)CCC2C3CCC4=CC(=O)CCC4=C3C(c3cccs3)CC21C,CHEMBL16886
DEC_0984,decoy,Cc1cccc(C(=O)N2CCC(N3CCC(C4(c5ccc(C(=O)NC(C)C)cc5)OCCO4)CC3)CC2)c1N,CHEMBL422763
DEC_2373,decoy,CCCCCc1cc(O)c2c(c1)OC(C)(C)[C@@H]1CC=C(C)CC21,CHEMBL275933
DEC_1309,decoy,Cc1oc2c(C)cc3c(C)cc(=O)[nH]c3c2c1C,CHEMBL285693
DEC_3372,decoy,CCOC(=O)c1csc(CO/N=C(\C)c2ccc(Sc3cc(F)cc(C4CCOCC4)c3)cc2)n1,CHEMBL283905
DEC_1371,decoy,N=c1sc(-c2ncc(C(F)(F)F)cc2Cl)nn1-c1c(Cl)cc(C(F)(F)F)cc1Cl,CHEMBL50285
DEC_0297,decoy,O=S(=O)(c1nc(-c2ccccc2)c(-c2ccccc2)[nH]1)C(F)(F)C(F)F,CHEMBL17843
DEC_1457,decoy,O=P(O)(O)CCC(Cc1ccc(-c2ccccc2)cc1)c1nnn[nH]1,CHEMBL9796
DEC_0280,decoy,COc1cc(C[S+]([O-])c2nc3cc(OC(F)(F)C(F)F)ccc3[nH]2)ncc1C,CHEMBL10075
DEC_0319,decoy,Cl.O=C([C@@H]1CCCN1)N1CCCC1P1(=O)Oc2ccccc2-c2ccccc2O1,CHEMBL9724
DEC_1279,decoy,c1ccc([C@@H]2CN3CCC[C@@H]3c3ccccc32)cc1,CHEMBL35184
DEC_3028,decoy,CCc1cc(C(C)=O)c(O)cc1OCc1cccc(C(=O)Nc2cccc(CC(=O)O)[n+]2[O-])n1,CHEMBL35963
DEC_0782,decoy,CC(C)C(=O)c1c(C(C)C)nn2ccccc12,CHEMBL19449
DEC_0537,decoy,O=S(=O)(c1nc(-c2ccccc2)c(-c2ccccc2)[nH]1)C(F)(F)CF,CHEMBL277274
DEC_1039,decoy,CC(C)(C)Nc1nc(C(F)(F)F)nc2ccc(-c3ccc(Cl)cc3Cl)cc12,CHEMBL277977
DEC_1294,decoy,[O-][N+]1=Cc2cc(Cl)ccc2CC12CCCCC2,CHEMBL274908
DEC_1632,decoy,Cc1ccccc1-c1cc(C(O)(C#Cc2ccccc2)c2cncn2C)ccc1C#N,CHEMBL24822
DEC_2760,decoy,Cc1cc(NC(=O)c2c(C(F)(F)F)nc3c(C(F)(F)F)cccc3c2O)no1,CHEMBL35866
DEC_0554,decoy,CS(=O)(=O)c1ccc(C2=C(c3cncc(Cl)c3)C(=O)CC2)cc1,CHEMBL286490
DEC_3201,decoy,O=C1O/C(=C\I)CCC1c1cccc2ccccc12,CHEMBL6228
DEC_3009,decoy,O=C(N[C@@H](Cc1ccccc1)C(=O)O)OCc1cc(=O)c(O)co1,CHEMBL24765
ACT_027,active,Cc1cc(=O)oc2cc(OCc3cc[n+](Cc4cccc(Br)c4)cc3)ccc12,CHEMBL4218281
DEC_3216,decoy,C=CCC1Oc2ccc(O)c(OC)c2-c2ccc3c(c21)C(C)=CC(C)(C)N3,CHEMBL8140
DEC_1040,decoy,Clc1ccc2c(c1)[C@H]1OCCC[C@H]1[C@@H](c1c[nH]c3ccc(Br)cc13)N2,CHEMBL24848
DEC_2314,decoy,C=C(C#N)CN1C[C@H](OCC23C[C@@H]4[C@H](C)CC[C@H]4C4(C=O)CC2C=C(C(C)C)[C@@]34C(=O)O)OC[C@H]1C,CHEMBL282975
DEC_1740,decoy,Cc1cc(OCc2ccc(-c3ccccc3-c3nn[nH]n3)cc2)c(-c2ccccc2)c(C)n1,CHEMBL281192
DEC_0803,decoy,O=C(O)C(Cc1ccccc1)Cc1c[nH]cn1,CHEMBL33259
DEC_1619,decoy,O=C1NC(=O)C(CC#Cc2ccc(Cl)cc2)(Sc2ccc(Cl)cc2)S1,CHEMBL276264
DEC_2133,decoy,CCOC(=O)COc1ccc(-c2nc3c4cnn(CCc5ccccc5)c4nc(N)n3n2)cc1,CHEMBL21550
DEC_2773,decoy,O=C(Nc1ccccn1)c1c(C(Cl)Cl)nc2c(C(F)(F)F)cccc2c1O,CHEMBL33029
DEC_2562,decoy,O=C(Nc1nccs1)c1c(C(F)(F)F)nc2c(SC(F)(F)F)cccc2c1O,CHEMBL440947
DEC_2833,decoy,Cc1nnc2n1-c1sc(C#CCOc3ccccc3)cc1C(c1ccccc1Cl)=NC2,CHEMBL20163
DEC_0715,decoy,C=CSc1nc(-c2ccc(OC)cc2)c(-c2ccc(OC)cc2)[nH]1,CHEMBL18445
DEC_2199,decoy,CC(c1cc2ccccc2s1)N(O)C(N)=O,CHEMBL93
DEC_0009,decoy,O=S(=O)(Nc1ccc(CCNC[C@H](O)c2cccnc2)cc1)c1ccc(-n2ncc(-c3ccc(F)cc3)n2)cc1,CHEMBL305558
DEC_2366,decoy,Cc1ccc(Sc2cncc3sc(C(=N)S)cc23)cc1,CHEMBL266429
DEC_1970,decoy,CC(=O)NC(CC(C)C)C(=O)N[C@@H](Cc1ccccc1)/C(O)=C(\C#N)c1ccncc1,CHEMBL17385
DEC_0853,decoy,Cc1cc(CCCCOc2ccc(C3=NCCO3)cc2)on1,CHEMBL431903
DEC_0796,decoy,CCc1ccc(Cc2ccc(F)cc2)c(O)c1,CHEMBL28037
DEC_0284,decoy,COc1ccc(-c2nc([S+]([O-])C(F)(F)F)[nH]c2-c2ccc(OC)cc2)cc1,CHEMBL18835
DEC_0023,decoy,Nc1nc(O)c2cc(CN(CC(=O)c3ccccc3)c3ccc(C(=O)NC(CCC(=O)O)C(=O)O)cc3)ccc2n1,CHEMBL22798
DEC_0031,decoy,CC(C)(C)OC(=O)N[C@@H](Cc1ccccc1)[C@H](O)CNC[C@@H](O)[C@H](Cc1ccncc1)NC(=O)OC(C)(C)C,CHEMBL299054
DEC_1629,decoy,CCC(C)NCc1ccc2n1-c1ccccc1SC2C1=CCC(OC)(OC)C=C1,CHEMBL24998
DEC_2319,decoy,C=C(C)CN1C[C@H](OCC23C[C@@H]4[C@H](C)CC[C@H]4C4(C=O)CC2C=C(C(C)C)[C@@]34C(=O)O)OC[C@H]1C,CHEMBL284180
DEC_0257,decoy,[O-]c1n[n+](-c2ccc(Cl)c(Cl)c2)no1,CHEMBL289992
DEC_2134,decoy,CCN(CC)CCn1nc2c3c(c(NCCN4CCOC4=O)ccc31)Sc1ccccc1-2,CHEMBL287463
DEC_2934,decoy,CCCSc1nc(-c2ccc(OC)cc2)c(-c2ccc(OC)cc2)[nH]1,CHEMBL18458
DEC_2672,decoy,CCc1nc2c(-c3ccc(C(F)(F)F)cc3Cl)nccc2n1C(CC)C1CC1,CHEMBL24803
DEC_0320,decoy,O=C(Oc1ccc2[nH]c(C(=O)c3cc4ccccc4[nH]3)cc2c1)c1ccc2ccccc2n1,CHEMBL414210
DEC_2917,decoy,Cc1ccc2nc(NC(=O)C3CCN(C(=O)Cn4c(=O)sc5ccc(Cl)cc54)CC3)sc2c1,CHEMBL17214
DEC_0472,decoy,c1ccc2c(C3=NCC4(CN5CCC4CC5)O3)[nH]nc2c1,CHEMBL274149
DEC_0815,decoy,Fc1ccccc1Cn1cnc2c(NCC3CC3)ncnc21,CHEMBL266302
DEC_0904,decoy,O=C(OC[C@H]1C[C@@H]2O[C@H]1[C@H]1C(=O)OC(=O)[C@H]12)c1ccc(Oc2ccccc2)cc1,CHEMBL7636
DEC_1027,decoy,FC(F)(F)Sc1nc(-c2ccc(Cl)c(Cl)c2)c(-c2ccccc2)[nH]1,CHEMBL18452
DEC_2938,decoy,CCCCc1ccc2ccc3ccc(NC(=O)c4ccccc4)nc3c2n1,CHEMBL19425
DEC_0003,decoy,CO[C@@H]1[C@@H](OC(=O)c2ccc(C)[nH]2)[C@@H](O)[C@H](Oc2ccc3c(O)c(C(=O)CSC)c(=O)oc3c2C)OC1(C)C,CHEMBL294306
DEC_0357,decoy,O=S1(=O)c2cccc3cccc(c23)N1CCN1CC=C(c2c[nH]c3ccccc23)CC1,CHEMBL274517
DEC_2520,decoy,CC(=O)S[C@@H]1CC2=CC(=O)[C@@H]3C[C@@H]3C2(C)C2CCC3(C)C(C21)[C@@H]1C[C@@H]1[C@@]31CCC(=O)O1,CHEMBL433223
